/**
 * generated by fontconvert.py
 * name: atkinson_hn_14_bold
 * size: 14
 * mode: 2-bit  compressed: true
 * Command used: fontconvert.py atkinson_hn_14_bold 14 ../builtinFonts/source/AtkinsonHyperlegibleNext/AtkinsonHyperlegibleNext-Bold.otf ../builtinFonts/source/NotoSansHebrew/NotoSansHebrew-Regular.ttf ../builtinFonts/source/NotoSansArabic/NotoSansArabic-Regular.ttf --2bit --compress --pnum --zopfli
 */
#pragma once
#include "EpdFontData.h"

static const uint8_t atkinson_hn_14_boldBitmaps[9581] = {
    0xAD, 0x98, 0x31, 0xB0, 0xDD, 0xB8, 0x75, 0x86, 0xFF, 0x7B, 0x61, 0x2F, 0x33, 0xC3, 0x02, 0x6E,
    0x76, 0xD2, 0x64, 0xC2, 0x7E, 0x1B, 0xB6, 0x69, 0xB2, 0xA0, 0x67, 0x8B, 0x14, 0x2E, 0xA2, 0x66,
    0xAB, 0x14, 0xDB, 0xBB, 0x51, 0x5F, 0x58, 0xB8, 0x19, 0xF7, 0x93, 0xF4, 0x4D, 0xB6, 0x74, 0x5E,
    0x0A, 0xA5, 0x9F, 0x64, 0x00, 0x4B, 0xC5, 0x16, 0x2A, 0x1E, 0x33, 0x29, 0x5C, 0xA4, 0x58, 0x66,
    0xE2, 0x64, 0x26, 0x6E, 0x04, 0x6D, 0xE8, 0x98, 0xB2, 0x40, 0xFC, 0xC1, 0x3F, 0xE4, 0xBD, 0xBA,
    0xF3, 0xF4, 0x22, 0x3D, 0xCB, 0x16, 0x71, 0x3E, 0x5E, 0x00, 0xE7, 0x1C, 0x1E, 0x1C, 0x00, 0x7C,
    0x84, 0x5C, 0xBA, 0xBA, 0xA6, 0x7E, 0xEC, 0xC7, 0x2E, 0x76, 0xD1, 0xD6, 0x0B, 0x38, 0xA0, 0x1F,
    0x5D, 0xF2, 0xB5, 0xA7, 0x8B, 0xEC, 0x47, 0xAA, 0x44, 0x76, 0x2A, 0xA1, 0x8B, 0x4F, 0xAA, 0x4A,
    0x93, 0xDB, 0x19, 0x68, 0x17, 0x2B, 0xCE, 0x36, 0x01, 0x36, 0x55, 0xB6, 0x24, 0x39, 0x59, 0x71,
    0xBC, 0x62, 0x44, 0x3F, 0xB9, 0x11, 0xF2, 0x1A, 0x01, 0x17, 0x2F, 0xEC, 0xD5, 0x3B, 0xB8, 0xB7,
    0xC4, 0x46, 0x84, 0xA1, 0x02, 0xC4, 0x5D, 0xE2, 0x91, 0x90, 0xCE, 0xE8, 0x79, 0xC2, 0x81, 0x5C,
    0xF4, 0xE0, 0x82, 0xAE, 0xC8, 0x41, 0x4A, 0x05, 0x6E, 0x4A, 0x8F, 0xF4, 0x0B, 0xE8, 0x4B, 0x85,
    0x65, 0x19, 0xD0, 0x48, 0x0F, 0x41, 0xDE, 0x8F, 0xAC, 0x76, 0xF8, 0x8E, 0x11, 0x48, 0x3E, 0xB6,
    0xB1, 0xA2, 0x2A, 0x33, 0xF6, 0x7C, 0xC3, 0xC1, 0xCA, 0x95, 0x91, 0xB2, 0xDC, 0x5F, 0x3F, 0x4D,
    0x0F, 0x07, 0x23, 0x9A, 0x19, 0x0D, 0x67, 0xD8, 0x04, 0xCB, 0x8C, 0x3E, 0xC2, 0xFD, 0x17, 0xE1,
    0x07, 0xB8, 0x53, 0x00, 0x01, 0x07, 0x67, 0x72, 0xBD, 0x0D, 0xBE, 0x2A, 0xC2, 0xFD, 0x0B, 0x95,
    0x9E, 0x8E, 0xAB, 0x8B, 0x3F, 0x40, 0xCB, 0xC5, 0x7F, 0xC1, 0xD3, 0x81, 0x63, 0xE9, 0x98, 0xF0,
    0x3D, 0x93, 0x1D, 0x17, 0x54, 0x8F, 0xE1, 0xA7, 0x19, 0xB0, 0x13, 0xB1, 0x2A, 0x35, 0x05, 0x05,
    0x08, 0xA0, 0x6A, 0x05, 0xE1, 0xDF, 0x32, 0xAA, 0x47, 0xC7, 0x19, 0xAD, 0x9E, 0x39, 0x55, 0x45,
    0x1C, 0x39, 0xC0, 0x16, 0x68, 0x44, 0x51, 0x39, 0x48, 0x30, 0xFC, 0x6A, 0xAE, 0x7A, 0x66, 0xD9,
    0xC1, 0x76, 0xAE, 0x1D, 0x21, 0x01, 0xE4, 0x28, 0xBD, 0x01, 0x86, 0xB5, 0xA7, 0x23, 0x9B, 0xD9,
    0xFD, 0x9A, 0xB7, 0x29, 0x44, 0xFF, 0x52, 0xC3, 0xE6, 0xC8, 0x68, 0x19, 0xC3, 0xD8, 0x70, 0x70,
    0xA5, 0x3A, 0xEC, 0x48, 0xA6, 0x96, 0xFC, 0xBB, 0x05, 0x61, 0x69, 0x0B, 0x71, 0xBE, 0x02, 0x9E,
    0x54, 0x9F, 0x30, 0x2B, 0x9A, 0x0C, 0x9B, 0x54, 0xFA, 0x09, 0x2E, 0xAA, 0xF8, 0x88, 0x70, 0x42,
    0x18, 0xC0, 0x5A, 0xA0, 0xC2, 0x41, 0xD5, 0x70, 0x52, 0x97, 0x53, 0x91, 0xB2, 0xAC, 0x92, 0xCC,
    0xCD, 0x2A, 0x57, 0x6A, 0x54, 0x0B, 0x5A, 0xC5, 0xBD, 0x37, 0xBE, 0x63, 0xAF, 0x72, 0xC7, 0xFB,
    0x16, 0x86, 0xC9, 0x32, 0x54, 0x18, 0x49, 0xAE, 0xF0, 0x13, 0x95, 0x1F, 0xFC, 0xE4, 0x7B, 0x2E,
    0x64, 0xCF, 0xB5, 0xE3, 0x7C, 0xE0, 0x60, 0x18, 0xED, 0x2F, 0x52, 0xFB, 0x2C, 0x1D, 0x30, 0x28,
    0x75, 0x77, 0xE5, 0xE6, 0xE9, 0x6F, 0x7F, 0x46, 0x32, 0x9F, 0xE5, 0x3E, 0x1D, 0xC9, 0xF7, 0xE1,
    0x62, 0x98, 0x98, 0xC2, 0xE4, 0xA2, 0x8D, 0xDD, 0xE0, 0xF0, 0x39, 0x3C, 0xD3, 0x56, 0x3E, 0xBB,
    0xF9, 0xFA, 0xD2, 0x3F, 0xF6, 0x27, 0x80, 0x90, 0xE0, 0x58, 0xA0, 0x20, 0x25, 0x8A, 0x54, 0xA1,
    0x4A, 0x94, 0x89, 0xAA, 0xBE, 0x49, 0xB8, 0xA3, 0xBE, 0x5E, 0xA9, 0xCF, 0x57, 0xEA, 0xE3, 0xA6,
    0xFE, 0xE9, 0x00, 0x2D, 0x6C, 0x68, 0xDA, 0x27, 0x34, 0x54, 0xC4, 0x6B, 0xB7, 0xC2, 0x2D, 0x86,
    0x70, 0xB9, 0x8E, 0xD8, 0x13, 0x3C, 0x05, 0x9E, 0x18, 0xC3, 0xED, 0x18, 0x22, 0xBF, 0x49, 0x15,
    0xCF, 0x73, 0x88, 0x21, 0xAE, 0x82, 0x63, 0xF4, 0xB1, 0xE7, 0xC9, 0x4D, 0x56, 0x3B, 0xC6, 0x70,
    0x73, 0xA0, 0x2D, 0xB2, 0x39, 0x95, 0xFB, 0x0A, 0xCD, 0xD9, 0x91, 0x91, 0xE7, 0xF2, 0x65, 0x50,
    0xCB, 0x43, 0x8A, 0x1C, 0xC8, 0x93, 0x5C, 0x56, 0xDF, 0xD9, 0x26, 0x53, 0xF0, 0xA8, 0x0A, 0x24,
    0xCD, 0x0A, 0x58, 0xED, 0x91, 0x19, 0x08, 0x5A, 0xB9, 0x11, 0x96, 0x80, 0xCB, 0x38, 0x72, 0xDC,
    0x7E, 0x96, 0x9B, 0xBF, 0x77, 0x24, 0xCF, 0x82, 0xA0, 0x4D, 0xCE, 0xE8, 0xC8, 0xE4, 0x7F, 0xE9,
    0x67, 0x7F, 0xB2, 0xCB, 0x01, 0x76, 0xCF, 0x90, 0x4F, 0x70, 0x8C, 0x55, 0x50, 0x45, 0x6B, 0x7D,
    0xDE, 0xFC, 0xB7, 0xB9, 0x45, 0x93, 0x79, 0xB2, 0x39, 0xCC, 0x7E, 0x96, 0xAD, 0x25, 0x4F, 0xF2,
    0xB5, 0xD9, 0xC1, 0x09, 0xAC, 0x38, 0x0A, 0x8D, 0x60, 0x05, 0xF7, 0xB2, 0x22, 0xDC, 0x6A, 0x03,
    0x55, 0x3D, 0xB3, 0x56, 0xD8, 0xA5, 0xA2, 0x4F, 0x15, 0x8A, 0x67, 0xF4, 0x17, 0xA8, 0x1A, 0x21,
    0x7F, 0x77, 0xD0, 0x93, 0x8B, 0xC4, 0x49, 0x7E, 0x75, 0xF3, 0xF5, 0x79, 0xBA, 0xDD, 0xB7, 0x2B,
    0x3C, 0x19, 0x03, 0x99, 0x6A, 0x5C, 0x4B, 0x1B, 0x15, 0x6B, 0x93, 0x35, 0xF3, 0x92, 0xA6, 0xFE,
    0x0E, 0xB5, 0xCD, 0xD5, 0x98, 0x7B, 0xE5, 0xF0, 0x1C, 0x73, 0x47, 0xA0, 0xD6, 0x0D, 0x39, 0xD7,
    0x9C, 0xCE, 0x5D, 0x3A, 0xC2, 0x9D, 0x97, 0xD1, 0x0B, 0xCD, 0x3A, 0xA7, 0x2A, 0x4B, 0x58, 0xBA,
    0x1C, 0x26, 0x53, 0x7C, 0x34, 0xD4, 0xFC, 0xB9, 0x7A, 0xEF, 0x93, 0x59, 0x35, 0x0F, 0x2D, 0x99,
    0x8E, 0x8A, 0xB7, 0x5F, 0x11, 0xC8, 0x7C, 0x96, 0x1F, 0xDF, 0x3C, 0xCD, 0x5B, 0xE4, 0x7D, 0x02,
    0xE4, 0x35, 0x44, 0x80, 0x27, 0x1C, 0x09, 0x98, 0x2A, 0xAD, 0xBA, 0xAB, 0xF4, 0xCA, 0x4E, 0x02,
    0xFC, 0x08, 0xE8, 0xCD, 0x53, 0x55, 0xD4, 0xDD, 0x14, 0x00, 0xDD, 0x02, 0x90, 0x90, 0x7F, 0x53,
    0xC2, 0xD8, 0xCC, 0x76, 0x6A, 0x93, 0x4D, 0xBA, 0xAB, 0x6E, 0xC8, 0xA8, 0xE7, 0x3B, 0x32, 0xFB,
    0xB9, 0x2B, 0x55, 0x8B, 0x7A, 0x17, 0x32, 0x1E, 0xA9, 0x5E, 0x57, 0xC2, 0xDA, 0x91, 0x4B, 0x43,
    0x4E, 0xF0, 0x65, 0x5F, 0x1A, 0x05, 0x9A, 0x33, 0x47, 0x46, 0x3F, 0xBA, 0xC4, 0xC1, 0x26, 0xA2,
    0x9D, 0x25, 0xFA, 0x1D, 0x62, 0x2F, 0x7F, 0x93, 0x25, 0xE3, 0x96, 0x27, 0xEE, 0x4B, 0x4C, 0xF1,
    0x2E, 0xFB, 0x70, 0x46, 0x68, 0x38, 0xFD, 0xC9, 0x8F, 0xDB, 0xEE, 0xFD, 0x3E, 0xB6, 0x7F, 0xD7,
    0x3B, 0xF6, 0x3D, 0xBD, 0x57, 0xFB, 0x1D, 0xC0, 0x9F, 0x01, 0xCD, 0x02, 0x4D, 0x88, 0xE5, 0x72,
    0x20, 0xC7, 0x9E, 0x33, 0x58, 0x00, 0x4E, 0x80, 0xEE, 0xAA, 0xAB, 0x5D, 0xFD, 0xD2, 0x93, 0xBE,
    0xEC, 0x02, 0xB9, 0x9E, 0xE5, 0xC7, 0x37, 0x37, 0x3F, 0x93, 0x33, 0xDD, 0xAF, 0xDB, 0x27, 0x00,
    0xDC, 0xD7, 0xA4, 0x86, 0xD3, 0x33, 0x03, 0x81, 0x23, 0x1A, 0xF9, 0x72, 0x8B, 0xEE, 0xAA, 0xAB,
    0x5D, 0xFD, 0xD2, 0x93, 0xBE, 0xEC, 0x94, 0x33, 0xE5, 0x4E, 0x39, 0x74, 0xE5, 0x69, 0x76, 0xD1,
    0xAC, 0x87, 0xC1, 0xEC, 0x7B, 0x2D, 0xE4, 0xDA, 0x99, 0xD0, 0x71, 0x90, 0x9B, 0xF3, 0xC2, 0xD9,
    0x07, 0xAA, 0xDF, 0xFB, 0x00, 0x12, 0x10, 0x46, 0x40, 0xAF, 0xB0, 0x43, 0x58, 0x01, 0xA5, 0x7F,
    0xD4, 0x7C, 0x77, 0x0B, 0x0E, 0x19, 0xA8, 0xCF, 0x48, 0xB5, 0x7B, 0xB0, 0xB1, 0x5F, 0x6B, 0x56,
    0x7E, 0xC8, 0x62, 0x46, 0x67, 0x4A, 0x31, 0xE9, 0x73, 0x3B, 0x7D, 0x7E, 0x4C, 0x7F, 0x6E, 0xE3,
    0x35, 0x9F, 0xA8, 0x7D, 0xA4, 0x99, 0x9C, 0xFE, 0x9E, 0xC4, 0xEE, 0x0B, 0x92, 0xD5, 0x56, 0x7F,
    0xEF, 0xE4, 0x07, 0x38, 0x66, 0x11, 0x61, 0xFC, 0xD3, 0xCA, 0x8E, 0x05, 0x7A, 0xEE, 0x52, 0x69,
    0x78, 0x12, 0x22, 0xD0, 0x2A, 0x00, 0xCB, 0xB4, 0x41, 0xF9, 0xD5, 0x26, 0xCA, 0x80, 0xFF, 0xA6,
    0x82, 0xCF, 0x4B, 0xC5, 0x17, 0xC4, 0x81, 0xFA, 0x9B, 0x40, 0xF0, 0x64, 0x0A, 0x18, 0xDB, 0xF3,
    0xF7, 0x47, 0x12, 0x52, 0xFF, 0xDB, 0x9B, 0x30, 0xBB, 0x04, 0x9B, 0xFD, 0x84, 0x36, 0x33, 0xA2,
    0x29, 0x5E, 0x29, 0xAC, 0xC8, 0x42, 0x81, 0xFF, 0x55, 0x20, 0x7C, 0x3C, 0x72, 0xF0, 0x11, 0xC2,
    0x41, 0xD5, 0x86, 0x17, 0x95, 0x79, 0xD7, 0xFB, 0xCF, 0xBF, 0xE2, 0x49, 0x2A, 0xB1, 0x22, 0x9C,
    0xA1, 0x2A, 0xB9, 0xE1, 0x62, 0x31, 0x02, 0x9F, 0x50, 0xA9, 0xA6, 0xE2, 0xD3, 0xC6, 0xD8, 0x02,
    0x42, 0x3F, 0x77, 0x19, 0xED, 0xA0, 0xED, 0x04, 0x97, 0x2E, 0x98, 0x76, 0x5C, 0xB7, 0x49, 0xA5,
    0x2A, 0x37, 0x83, 0x95, 0x99, 0x1C, 0x24, 0xB9, 0x1A, 0xE5, 0x14, 0x68, 0xB4, 0x59, 0x58, 0x50,
    0xC1, 0x24, 0xAC, 0x02, 0x07, 0x05, 0xAE, 0xA8, 0x38, 0x56, 0xB8, 0x74, 0x46, 0x2F, 0x74, 0x67,
    0xA8, 0x7A, 0xDD, 0xCB, 0x69, 0x33, 0x93, 0x83, 0xB3, 0xAB, 0x74, 0x71, 0xBF, 0x5E, 0x4B, 0xD5,
    0xC6, 0x95, 0xA8, 0xFF, 0x4A, 0x0A, 0xEE, 0xE9, 0x97, 0x5D, 0xB9, 0x92, 0xE5, 0x5A, 0xEE, 0xD1,
    0x9F, 0xAF, 0x45, 0x6D, 0xEF, 0x91, 0xFD, 0x15, 0xEE, 0xC8, 0x01, 0x24, 0xA7, 0x73, 0x9E, 0xBB,
    0xD9, 0x66, 0x7C, 0x82, 0xBB, 0x79, 0x4E, 0x0D, 0x8B, 0x9B, 0x84, 0x24, 0xA4, 0xE3, 0x3F, 0x14,
    0x37, 0xC3, 0x94, 0x2E, 0x57, 0x58, 0xC2, 0x96, 0x86, 0x64, 0x39, 0x0A, 0xF0, 0xCC, 0x45, 0x79,
    0x7E, 0xB2, 0xA5, 0xE9, 0x01, 0x20, 0x79, 0x17, 0x0F, 0xB5, 0x25, 0xF7, 0x62, 0x0A, 0xCC, 0xFA,
    0x80, 0x52, 0x70, 0x31, 0xD1, 0x4E, 0xFF, 0x5D, 0xA5, 0x2E, 0xAB, 0x25, 0x44, 0x3B, 0x87, 0xB1,
    0x4F, 0xAE, 0x30, 0x75, 0xDB, 0x5B, 0x5A, 0x2F, 0x2E, 0xEC, 0xCB, 0xC7, 0x68, 0x35, 0x59, 0x4D,
    0xA9, 0x53, 0x9B, 0x56, 0xC4, 0x33, 0x46, 0xF8, 0x17, 0x04, 0xBC, 0xF6, 0xA1, 0x67, 0x12, 0xB2,
    0xB0, 0x0A, 0xEA, 0x78, 0x2D, 0x95, 0x29, 0x4C, 0x32, 0x9B, 0x2B, 0x6C, 0xAE, 0x68, 0x89, 0xCD,
    0xDF, 0xBE, 0x7B, 0x7C, 0xAA, 0xC0, 0xEF, 0x23, 0xFB, 0xFA, 0xC9, 0x17, 0x29, 0x38, 0x68, 0xC5,
    0xC0, 0xBC, 0xE5, 0xD0, 0x88, 0xB1, 0xA5, 0x68, 0x2B, 0xBF, 0x8D, 0xF6, 0xDB, 0xD9, 0xDF, 0x4E,
    0xFD, 0x6D, 0x65, 0x72, 0x95, 0x2F, 0x92, 0xFB, 0x9B, 0xD9, 0x3F, 0x9F, 0xBD, 0xAD, 0xCC, 0xA1,
    0xF2, 0x59, 0x2E, 0x95, 0x3F, 0x5F, 0xD7, 0xCA, 0xC8, 0xFC, 0x96, 0x7E, 0x16, 0x5D, 0x7A, 0xCB,
    0x7E, 0xAA, 0xCC, 0x38, 0x83, 0x6F, 0x11, 0x85, 0xB1, 0xE2, 0xA5, 0x14, 0x6F, 0x65, 0xF9, 0x22,
    0xEB, 0x11, 0xAB, 0x7C, 0x53, 0xC6, 0xFC, 0x4B, 0xF9, 0xBC, 0x95, 0xB3, 0x97, 0x15, 0x1D, 0x2B,
    0xAC, 0xD0, 0x08, 0x46, 0xC0, 0x0E, 0x1C, 0xB9, 0x00, 0x70, 0xE4, 0x09, 0x20, 0x99, 0x60, 0x2A,
    0x33, 0x2C, 0x87, 0xAE, 0x68, 0x3E, 0x0D, 0xD1, 0x4B, 0x6B, 0xD0, 0x2A, 0x67, 0x7C, 0x3F, 0x37,
    0x4D, 0x59, 0x71, 0xF3, 0xB0, 0x79, 0xDB, 0x3D, 0xEF, 0x4F, 0xD1, 0x13, 0x71, 0x7E, 0x4F, 0x2E,
    0xC2, 0x2A, 0x50, 0xD3, 0xB8, 0xBF, 0x04, 0xAF, 0x71, 0xE4, 0x49, 0xBD, 0x17, 0xBD, 0x65, 0xB7,
    0x8D, 0xC0, 0x07, 0xF0, 0xB1, 0x63, 0x3B, 0x9E, 0xC4, 0x36, 0x89, 0x36, 0x8B, 0xFA, 0x0E, 0xA8,
    0x9A, 0xA4, 0xC6, 0xE6, 0x28, 0x0F, 0xFD, 0x36, 0x36, 0x0E, 0xE0, 0xF9, 0xCD, 0x19, 0xE4, 0x6B,
    0xB1, 0x09, 0x00, 0x4C, 0x14, 0xEF, 0x8C, 0xB3, 0x9C, 0xDF, 0xA3, 0xC7, 0x7B, 0x87, 0x38, 0x08,
    0xD7, 0x43, 0xFC, 0xB9, 0xD6, 0x7B, 0xE4, 0x58, 0xE1, 0x52, 0x45, 0x9F, 0x2B, 0xEC, 0x5A, 0x61,
    0x88, 0x8B, 0x97, 0x11, 0xDD, 0x76, 0x68, 0xD5, 0x21, 0x92, 0x05, 0x96, 0x4F, 0x09, 0x97, 0x0E,
    0x3A, 0xB4, 0x42, 0x87, 0x56, 0x00, 0x7D, 0x19, 0x00, 0x4B, 0xBE, 0x73, 0x68, 0x15, 0x15, 0x6A,
    0x88, 0x6D, 0xDC, 0x1E, 0xC3, 0xD8, 0xF3, 0xE5, 0x7E, 0x68, 0x3D, 0xEE, 0x87, 0xD6, 0x7D, 0x90,
    0x6F, 0x11, 0x04, 0x34, 0x19, 0xF8, 0x03, 0x42, 0x2F, 0xAB, 0xF1, 0xF7, 0x81, 0x53, 0xA6, 0xDC,
    0x84, 0x10, 0xDD, 0x7C, 0xD8, 0xCE, 0x9C, 0x1A, 0x07, 0x35, 0x53, 0x79, 0x3B, 0x7C, 0x87, 0x08,
    0xBB, 0xF8, 0x11, 0x7D, 0x72, 0x09, 0x2E, 0xF5, 0x15, 0x53, 0x97, 0x94, 0xD6, 0x05, 0xD4, 0x0B,
    0x85, 0xA7, 0x26, 0xEB, 0x8F, 0x7E, 0x31, 0x15, 0x34, 0xDA, 0xFA, 0x8A, 0x8D, 0x3F, 0x12, 0x6E,
    0xB5, 0x72, 0x6F, 0xB5, 0x92, 0x29, 0x70, 0x02, 0x3A, 0xA5, 0xCF, 0x6E, 0x38, 0x01, 0x0D, 0xA1,
    0x5C, 0xAE, 0x0A, 0x69, 0x7F, 0xC1, 0x8D, 0x96, 0x8A, 0x68, 0xB2, 0x54, 0x6E, 0x53, 0x47, 0x70,
    0xE8, 0x52, 0xCF, 0x81, 0xB0, 0xC9, 0xF1, 0xAF, 0xB5, 0xAD, 0x5D, 0x78, 0x46, 0xB4, 0x8B, 0x7B,
    0xFC, 0xBC, 0xA0, 0xC9, 0xBE, 0x7B, 0xAE, 0xF3, 0x79, 0xB0, 0xFF, 0xA1, 0x1B, 0xED, 0x6F, 0xEA,
    0x6D, 0x2D, 0xF6, 0x8D, 0x8E, 0x52, 0x6B, 0xCB, 0x19, 0x60, 0x36, 0x4C, 0xD7, 0x37, 0x85, 0x12,
    0x16, 0x9D, 0x75, 0x34, 0xF5, 0x8C, 0xBA, 0xA1, 0xDE, 0xDC, 0x8C, 0x2E, 0x77, 0xB9, 0xDE, 0xF5,
    0xF8, 0x64, 0xF8, 0x43, 0xC6, 0x03, 0x9F, 0xEB, 0x1C, 0xCC, 0xA2, 0x21, 0xE4, 0xFD, 0x13, 0xA8,
    0x95, 0x07, 0xC3, 0xB8, 0x63, 0xFF, 0x2C, 0x5A, 0xF6, 0xF7, 0x2F, 0x7F, 0x41, 0x98, 0x6A, 0x16,
    0x1B, 0x82, 0xA3, 0x96, 0x60, 0x72, 0x0B, 0xFA, 0xEC, 0x13, 0x6C, 0xD1, 0x0A, 0xCC, 0x5B, 0x3A,
    0x17, 0x84, 0x49, 0x49, 0x8C, 0x4D, 0x39, 0xEA, 0x98, 0x6C, 0xA8, 0xAC, 0x65, 0x20, 0xBC, 0x5C,
    0xF6, 0xAC, 0x75, 0x1C, 0xF7, 0x84, 0xA9, 0xF3, 0xA1, 0x70, 0x24, 0xE3, 0x5B, 0xF4, 0xA4, 0xB2,
    0xDD, 0xAA, 0xBB, 0xCB, 0x97, 0x63, 0xD7, 0x3E, 0x84, 0xFB, 0xDA, 0x8F, 0x6A, 0xD7, 0xEC, 0xC0,
    0xAE, 0xD8, 0xFD, 0xDD, 0x81, 0xA7, 0xD7, 0x75, 0xF2, 0xC3, 0x03, 0xAE, 0xD3, 0xAE, 0xAD, 0x4C,
    0x4B, 0xB4, 0x14, 0x12, 0x60, 0x25, 0xCB, 0x7E, 0xF6, 0x92, 0xE8, 0x50, 0x4D, 0x00, 0x12, 0x85,
    0x7C, 0xAF, 0xC1, 0x7C, 0x65, 0xB0, 0x5E, 0x19, 0x7C, 0x09, 0xAE, 0xBA, 0x0E, 0x0F, 0xBC, 0x36,
    0x6D, 0x74, 0xE3, 0x7E, 0xA2, 0xD2, 0x4A, 0xD1, 0x09, 0xB8, 0x54, 0xD7, 0x5A, 0x5F, 0xE1, 0x64,
    0x93, 0x8B, 0xFD, 0xD4, 0xEB, 0xFC, 0x91, 0x3E, 0x1B, 0x3E, 0xF9, 0xDA, 0x91, 0xF1, 0x2C, 0x9F,
    0xDD, 0xDC, 0x9C, 0xFE, 0x19, 0x0E, 0x36, 0x9A, 0x84, 0x7F, 0x82, 0x5F, 0x61, 0xC8, 0x68, 0xC9,
    0xC9, 0xA6, 0x2E, 0x61, 0x50, 0x98, 0x8F, 0x67, 0x04, 0x2E, 0xAD, 0xCE, 0xA1, 0xE5, 0x47, 0x8B,
    0x9B, 0xEC, 0xA2, 0xAD, 0xE3, 0x26, 0xB7, 0x38, 0x32, 0x77, 0x7C, 0x93, 0x0D, 0x7F, 0x9A, 0x35,
    0xC8, 0x7B, 0xE5, 0x9B, 0x02, 0xFF, 0x92, 0xA3, 0x27, 0x93, 0x5F, 0x43, 0xF6, 0x93, 0xAD, 0xBA,
    0x66, 0xAD, 0x52, 0x2E, 0xA2, 0xBA, 0xDA, 0x57, 0xBF, 0x78, 0xE9, 0x3D, 0x65, 0xF4, 0x7F, 0x51,
    0xA0, 0xF3, 0xE5, 0x61, 0x3F, 0xEF, 0xD9, 0xF2, 0x78, 0x76, 0xA9, 0x39, 0xB9, 0xCB, 0xFF, 0x61,
    0xEC, 0x77, 0xD5, 0xD3, 0x11, 0xEA, 0xBF, 0x9C, 0x4B, 0xDD, 0x0A, 0xA5, 0xF4, 0x3D, 0xF0, 0xFF,
    0x4E, 0x18, 0x16, 0xC2, 0x92, 0x44, 0x57, 0x1E, 0x13, 0x2E, 0x99, 0x8A, 0xE9, 0x58, 0x31, 0x1E,
    0xAE, 0xA1, 0x36, 0xF5, 0xEE, 0x7A, 0xFB, 0xEB, 0x65, 0x95, 0x97, 0x89, 0xC3, 0xF9, 0x3F, 0x51,
    0x22, 0x1A, 0x32, 0x41, 0xE7, 0x63, 0xE8, 0xA0, 0x0C, 0x17, 0xF5, 0x3E, 0x26, 0x79, 0x41, 0x81,
    0x22, 0xD6, 0x6E, 0x05, 0x14, 0xAF, 0x2C, 0xF6, 0x53, 0x1E, 0xE4, 0x05, 0x3E, 0x1D, 0xB5, 0x61,
    0x53, 0x53, 0x1E, 0x35, 0x19, 0xB5, 0x90, 0x69, 0x2B, 0xAD, 0xAA, 0x1F, 0x28, 0x08, 0x13, 0x0D,
    0x33, 0x15, 0xA0, 0x22, 0x55, 0xC8, 0x8A, 0x5D, 0x83, 0x90, 0xE8, 0xB7, 0xDA, 0xFA, 0xD5, 0x52,
    0x3A, 0x1A, 0x3F, 0xC2, 0x2B, 0x6E, 0x19, 0x39, 0x12, 0xFF, 0x68, 0x4A, 0x53, 0xBE, 0xCA, 0x0D,
    0xA9, 0x23, 0xE9, 0xA4, 0x98, 0x3E, 0x30, 0xAD, 0xD1, 0x93, 0x93, 0x7F, 0x1D, 0x92, 0x9F, 0x74,
    0x08, 0xB0, 0x0F, 0x12, 0x33, 0xB7, 0xD9, 0xAE, 0x6D, 0x36, 0xDA, 0xA8, 0x08, 0x59, 0x97, 0xF9,
    0x7F, 0x2E, 0xB8, 0x01, 0x21, 0x82, 0x63, 0xA5, 0x7E, 0xEB, 0x9F, 0x22, 0xF8, 0x9D, 0xCA, 0xA7,
    0x5A, 0xEC, 0x27, 0x47, 0xB8, 0xE5, 0x3D, 0x5F, 0x81, 0x6E, 0xF6, 0x31, 0x8C, 0xFE, 0x19, 0x4F,
    0x1A, 0x9C, 0xBF, 0xCD, 0xF0, 0x4C, 0x55, 0xC6, 0xFD, 0xAE, 0xFA, 0x0A, 0xFF, 0xAF, 0x84, 0xFE,
    0x4A, 0x57, 0xDD, 0xA9, 0xDA, 0x68, 0x40, 0x39, 0xC4, 0x0F, 0x5E, 0xFF, 0xED, 0xE9, 0x68, 0x59,
    0x57, 0xF5, 0xA1, 0xDA, 0x3E, 0xE5, 0xED, 0xF6, 0x41, 0xCF, 0xA5, 0x26, 0x8F, 0x8F, 0xB3, 0x1F,
    0xFB, 0xA5, 0xC9, 0x3E, 0x76, 0xC9, 0xDC, 0xA1, 0x7D, 0x20, 0xB5, 0x5F, 0xAA, 0xDF, 0x8F, 0x9A,
    0x10, 0x4D, 0xB4, 0x56, 0x61, 0xB3, 0xED, 0xB3, 0xEC, 0x92, 0x29, 0x6E, 0x32, 0x74, 0xE3, 0x91,
    0x2E, 0x1E, 0xA8, 0xBB, 0xEA, 0x6A, 0x57, 0xBF, 0xF4, 0xA4, 0x2F, 0xBB, 0xF3, 0x73, 0x1F, 0xB8,
    0xBF, 0xB3, 0xF4, 0xF4, 0x3E, 0x50, 0x8E, 0xEF, 0x9B, 0x07, 0xED, 0x29, 0x68, 0x15, 0xC3, 0x92,
    0x15, 0x1F, 0xB1, 0x33, 0xCB, 0xBE, 0xBF, 0x2F, 0xDB, 0xBD, 0x54, 0x52, 0xF0, 0x42, 0xB7, 0xEA,
    0x57, 0x33, 0xFA, 0xAF, 0x46, 0x4F, 0x15, 0xFF, 0x7A, 0xF0, 0xD3, 0xFB, 0x56, 0x90, 0x4E, 0x31,
    0xFA, 0x1E, 0xEC, 0xC8, 0xD1, 0x4D, 0x7E, 0x72, 0xF1, 0x8F, 0xE0, 0x5E, 0x03, 0x1D, 0x8B, 0xDA,
    0xB7, 0x05, 0x82, 0x7E, 0x6E, 0x07, 0x3B, 0xFB, 0x5F, 0x3E, 0x4E, 0x4E, 0x1B, 0x96, 0x8C, 0xB2,
    0x33, 0xD5, 0x34, 0xE3, 0xA1, 0xBB, 0x99, 0x7F, 0x6B, 0x98, 0x6A, 0x01, 0x53, 0x88, 0xDD, 0x03,
    0x44, 0x93, 0xEC, 0x92, 0xFB, 0x35, 0x93, 0x1E, 0xDA, 0xF1, 0xB6, 0x5A, 0xDB, 0xDA, 0xAE, 0x65,
    0xD1, 0x66, 0x37, 0xDA, 0xA5, 0x4F, 0xB6, 0x5E, 0x95, 0xB3, 0x1B, 0xDB, 0xC5, 0xA9, 0xA7, 0x0A,
    0x87, 0xA3, 0xD2, 0x44, 0xC9, 0xAA, 0x4D, 0x08, 0x38, 0xC9, 0x8C, 0x10, 0xAB, 0xC7, 0x2A, 0xDB,
    0x9D, 0x63, 0x88, 0x6E, 0xE4, 0xC4, 0xA1, 0x9F, 0x98, 0x88, 0xEE, 0xD5, 0x9B, 0x4A, 0xFB, 0xDD,
    0x6F, 0x5E, 0x55, 0xFE, 0xCF, 0x77, 0xFF, 0xBB, 0xA2, 0x7D, 0xF3, 0xEA, 0x8D, 0x22, 0x4F, 0xCC,
    0x30, 0x9C, 0x28, 0x8E, 0x3A, 0x65, 0x30, 0x86, 0x04, 0xAD, 0xF6, 0xF3, 0x97, 0xB6, 0x3E, 0xAD,
    0xBB, 0xB9, 0xAF, 0xD4, 0x62, 0x62, 0x3C, 0x90, 0x40, 0x58, 0x2F, 0x4F, 0x86, 0xAF, 0x77, 0x6A,
    0x06, 0x79, 0x6A, 0xD6, 0xA0, 0x3F, 0x32, 0xC9, 0x25, 0x7D, 0xBB, 0xA9, 0x56, 0xAD, 0xD4, 0x32,
    0x69, 0x2C, 0x1A, 0x93, 0x9B, 0x6A, 0x2D, 0x36, 0xFB, 0x68, 0xCC, 0x4A, 0x1C, 0xAE, 0x47, 0xE3,
    0x17, 0xC0, 0x69, 0x56, 0x24, 0x13, 0x34, 0x8D, 0x96, 0xA7, 0x2A, 0x80, 0x55, 0x17, 0x99, 0xCE,
    0xF2, 0xE9, 0x97, 0x9C, 0x14, 0x2E, 0x5A, 0x02, 0x9D, 0x6C, 0x93, 0xE2, 0x86, 0xE1, 0x00, 0xAB,
    0xF0, 0xD6, 0x2F, 0x1F, 0x5D, 0xEB, 0xCB, 0xA7, 0x36, 0x40, 0x3A, 0xF2, 0xD1, 0x3B, 0x47, 0x69,
    0x4D, 0xA3, 0xCF, 0x72, 0xA1, 0x35, 0x95, 0x55, 0x7D, 0x57, 0xA7, 0x1A, 0x56, 0x73, 0x50, 0xAE,
    0x14, 0xDA, 0xC7, 0x5E, 0x6E, 0x52, 0xEE, 0x5C, 0xC1, 0x1F, 0x6B, 0xF4, 0xC0, 0xDD, 0x32, 0x80,
    0x33, 0xFA, 0x45, 0x85, 0xB3, 0xAA, 0xD7, 0xBD, 0x32, 0xA9, 0x86, 0x32, 0x97, 0x93, 0x09, 0xC0,
    0x27, 0xB0, 0x73, 0x3B, 0x39, 0x3E, 0x1D, 0x03, 0x19, 0x19, 0x18, 0xF3, 0xB1, 0xE0, 0x4F, 0x00,
    0xFC, 0x1F, 0xCD, 0x99, 0x3F, 0xCC, 0xE6, 0x46, 0x5E, 0xC7, 0x3F, 0x7E, 0xE6, 0x72, 0x2E, 0x1E,
    0x71, 0x73, 0x05, 0x11, 0x42, 0x42, 0x32, 0x25, 0x02, 0xE9, 0xDC, 0x4B, 0x49, 0xC6, 0x70, 0x12,
    0x14, 0x29, 0x6E, 0x8B, 0x9C, 0x28, 0x28, 0xAE, 0x4F, 0xB3, 0x94, 0x14, 0x7B, 0xB1, 0x45, 0x8A,
    0x2B, 0x68, 0xE8, 0x68, 0xAF, 0x8C, 0x96, 0xE2, 0x5A, 0x8A, 0xCD, 0x7A, 0xB2, 0xAF, 0x60, 0x0B,
    0x8A, 0x58, 0xA4, 0xA4, 0x88, 0xF9, 0xD3, 0xEF, 0x44, 0x31, 0x27, 0x5F, 0x32, 0xF6, 0x97, 0xF9,
    0xC9, 0xEF, 0xBF, 0x84, 0x04, 0x56, 0x79, 0x37, 0x1B, 0xC6, 0xF3, 0xFB, 0x8C, 0xED, 0x99, 0xF9,
    0xFE, 0xBE, 0xF3, 0x78, 0xDE, 0x7D, 0xB4, 0x7E, 0x9A, 0x18, 0x52, 0x9F, 0x42, 0x6A, 0xA7, 0x57,
    0x00, 0x1F, 0x7D, 0x6C, 0xCA, 0xD1, 0x4E, 0xED, 0x1C, 0xE6, 0x90, 0x6E, 0x0E, 0xAA, 0x0E, 0x5C,
    0x3C, 0xA2, 0xDD, 0xA8, 0xA4, 0x78, 0x96, 0x92, 0xD7, 0xB3, 0x25, 0x7C, 0xFA, 0x74, 0x08, 0xFF,
    0x11, 0x09, 0x17, 0xB7, 0xC2, 0xAE, 0x3F, 0x7D, 0x42, 0xE9, 0x4F, 0x36, 0xEE, 0x24, 0x45, 0xEE,
    0x6F, 0x37, 0x1A, 0xA6, 0xD7, 0xA8, 0x33, 0xA1, 0x44, 0x2D, 0x65, 0xBC, 0xFE, 0x42, 0xF8, 0x95,
    0x1D, 0xBF, 0xD0, 0xD9, 0x19, 0xF8, 0x0C, 0xB8, 0x0D, 0x08, 0xD2, 0x70, 0x00, 0x45, 0xAE, 0x30,
    0x18, 0x00, 0x97, 0x81, 0x56, 0xFB, 0x68, 0x43, 0x44, 0x5B, 0x30, 0xF8, 0xAE, 0xDF, 0xF9, 0x83,
    0x8A, 0xBF, 0x7C, 0xA7, 0xFF, 0xCD, 0xDA, 0x9A, 0x57, 0x29, 0xFA, 0xA5, 0x9F, 0xDA, 0xE8, 0x53,
    0x88, 0xE7, 0x12, 0xB5, 0xB5, 0x65, 0xED, 0x3E, 0xF9, 0x6D, 0x9C, 0xAC, 0x3F, 0x48, 0xE9, 0xE7,
    0x61, 0x59, 0x7F, 0x1B, 0x7E, 0x5F, 0x13, 0x4D, 0x0E, 0x89, 0x90, 0xDA, 0x85, 0x3E, 0xF9, 0x8C,
    0xE2, 0x79, 0x3F, 0x69, 0x70, 0x72, 0xA2, 0xD2, 0xDF, 0x6C, 0xA0, 0x8F, 0x33, 0x04, 0x25, 0xCB,
    0x3E, 0x83, 0x57, 0x84, 0x5A, 0x03, 0x27, 0x69, 0x3F, 0x80, 0x13, 0xF0, 0xE7, 0x7A, 0xEB, 0xCB,
    0xF7, 0x0E, 0xD0, 0xC7, 0xAF, 0x3A, 0x5E, 0xED, 0xB8, 0x2E, 0x7F, 0xD8, 0x7D, 0xF5, 0x98, 0xAB,
    0xE7, 0x50, 0xDB, 0xDA, 0xF6, 0xFB, 0x8B, 0x4F, 0xE7, 0xC9, 0xAF, 0xE0, 0x65, 0xDA, 0x09, 0x2F,
    0x11, 0xA4, 0xB9, 0xBF, 0xD0, 0x3A, 0xC6, 0xB0, 0xF5, 0x73, 0xBD, 0x87, 0xED, 0xA4, 0x46, 0x1F,
    0xED, 0xF6, 0x89, 0x33, 0x6A, 0xE1, 0x6C, 0xB6, 0xC7, 0x04, 0x4D, 0xAA, 0x93, 0x7D, 0x0E, 0xBD,
    0x3D, 0xAF, 0xF9, 0x24, 0x0D, 0x84, 0xCC, 0x5F, 0xD5, 0x43, 0xF6, 0xF1, 0xD1, 0x39, 0x72, 0xD2,
    0x7F, 0x02, 0xAD, 0x04, 0xA8, 0xBB, 0x3F, 0xE1, 0x16, 0xAB, 0x3E, 0xBE, 0x42, 0xA6, 0xA9, 0x94,
    0x02, 0x6F, 0x9C, 0x95, 0x3D, 0xAF, 0xF9, 0x39, 0xFB, 0xEE, 0x41, 0x13, 0x39, 0xC7, 0x47, 0x6D,
    0xA4, 0xBE, 0xE4, 0x83, 0xD6, 0xEE, 0x94, 0xDE, 0xD5, 0x0F, 0xC7, 0xC8, 0x63, 0x96, 0x29, 0x3C,
    0xC2, 0x25, 0x53, 0x3B, 0x94, 0x8F, 0x2C, 0x47, 0xC6, 0xF3, 0x46, 0x50, 0xF7, 0xFD, 0x66, 0x38,
    0x2B, 0x06, 0xC5, 0xB1, 0x89, 0xBD, 0x62, 0xF3, 0x2C, 0x02, 0xBC, 0xDA, 0xFD, 0x14, 0x74, 0x21,
    0x4E, 0x7A, 0x73, 0xC3, 0xA9, 0x59, 0xF1, 0xF6, 0xC0, 0xDA, 0x45, 0x91, 0xFE, 0xDF, 0x6C, 0x05,
    0x49, 0x91, 0x66, 0x1D, 0xA7, 0xA3, 0xC3, 0xC9, 0x67, 0x2A, 0xFD, 0x62, 0x87, 0xF1, 0x23, 0x31,
    0x4A, 0xFB, 0x55, 0xBC, 0xFD, 0xF0, 0xEF, 0x77, 0xE0, 0xEB, 0xE2, 0x3D, 0x4E, 0x5A, 0x80, 0x20,
    0xDB, 0xB3, 0xC5, 0xE5, 0x8C, 0xAD, 0x7F, 0xC5, 0x7F, 0xA8, 0xF9, 0x01, 0xAD, 0x57, 0x0E, 0xBC,
    0xEE, 0xFF, 0xD1, 0xD6, 0xEF, 0xE3, 0xE6, 0x87, 0x07, 0xFE, 0x83, 0x7C, 0x8E, 0xFF, 0xE0, 0x95,
    0xCB, 0xFA, 0xBD, 0xE6, 0xB2, 0x7E, 0xFF, 0xE1, 0x64, 0xEB, 0xBF, 0x48, 0x7E, 0x78, 0xBD, 0xF4,
    0x7A, 0x1A, 0x1F, 0x1F, 0xDB, 0xFA, 0xF9, 0xF2, 0xFA, 0xC3, 0xCD, 0xFA, 0x83, 0x24, 0x8B, 0x3A,
    0xD3, 0x8A, 0x7E, 0x8C, 0x45, 0x35, 0xBB, 0x29, 0xD7, 0xD3, 0xE3, 0x26, 0x06, 0x0D, 0x7E, 0xA7,
    0xFA, 0x5B, 0xF0, 0xE9, 0x3A, 0x46, 0x69, 0xBB, 0x0A, 0xBB, 0xBE, 0x89, 0x19, 0x2B, 0x6F, 0x3F,
    0x7C, 0xF8, 0xDE, 0xED, 0x31, 0xF5, 0x4E, 0xAB, 0x18, 0x7E, 0x16, 0x2B, 0x1F, 0x29, 0x35, 0x74,
    0xEC, 0xD4, 0x2B, 0xED, 0xC4, 0xA8, 0x58, 0xEA, 0xDB, 0x0F, 0x07, 0xC0, 0xEF, 0x04, 0xC5, 0x1F,
    0x35, 0x91, 0x52, 0xD5, 0x59, 0xED, 0x23, 0x7E, 0xFA, 0x91, 0x9F, 0x82, 0x62, 0xE9, 0xB5, 0xF2,
    0x9E, 0x5B, 0x7C, 0x6C, 0x79, 0x04, 0xD2, 0x5A, 0x97, 0xF0, 0xF2, 0x31, 0x7C, 0x45, 0x34, 0x25,
    0xAC, 0xEF, 0x24, 0xCB, 0xF8, 0xCD, 0xE2, 0xF8, 0xB7, 0xAB, 0x4F, 0x61, 0xFA, 0x3E, 0x1E, 0x3F,
    0x9C, 0x12, 0xA9, 0x4A, 0x4A, 0xE3, 0x70, 0x9A, 0xDB, 0x34, 0x96, 0xC3, 0x7D, 0xE1, 0xA8, 0xEE,
    0x71, 0xB9, 0x9F, 0x86, 0xD0, 0xC4, 0xC7, 0xDE, 0x6A, 0x5F, 0x44, 0x34, 0x9C, 0xF7, 0xAB, 0xED,
    0x74, 0xB5, 0x63, 0xFA, 0xB9, 0x8C, 0xBC, 0xDA, 0x31, 0xE8, 0xE9, 0x0E, 0xE3, 0xBF, 0xA8, 0x63,
    0xBC, 0xB8, 0xFC, 0xCB, 0xB7, 0x8E, 0xAB, 0xDD, 0x36, 0x4E, 0x84, 0x4F, 0x34, 0xE0, 0x12, 0xA7,
    0xCC, 0xFD, 0x84, 0x5B, 0x19, 0x13, 0x3E, 0xD1, 0x97, 0xEE, 0x68, 0xF7, 0xFB, 0xCE, 0x28, 0x0A,
    0x4F, 0xD9, 0x58, 0x2F, 0x46, 0x9F, 0x5E, 0x29, 0x0C, 0x31, 0x0C, 0x2E, 0xF5, 0x9D, 0x86, 0xEA,
    0x9E, 0x4E, 0x26, 0x94, 0x5D, 0x61, 0xBD, 0xF8, 0x8F, 0x07, 0xFC, 0x1C, 0x9A, 0x81, 0x10, 0x47,
    0x25, 0x46, 0x54, 0xB8, 0x1B, 0x5D, 0x86, 0x66, 0x38, 0x27, 0xE3, 0x37, 0xC9, 0x6B, 0x0C, 0x1F,
    0x28, 0x96, 0xBC, 0x6F, 0x2A, 0x9D, 0x7E, 0x29, 0xFF, 0xD1, 0x82, 0xCB, 0xB8, 0xA5, 0xE4, 0xB5,
    0x39, 0x7E, 0xC6, 0x4F, 0x84, 0x68, 0x12, 0x23, 0xA7, 0x0D, 0x76, 0xFC, 0x67, 0xBF, 0x74, 0x99,
    0x46, 0x4B, 0xC9, 0x6B, 0xDC, 0xA1, 0x99, 0x08, 0x32, 0x7F, 0x94, 0x1D, 0x84, 0x00, 0x1F, 0xAB,
    0x0D, 0xE8, 0xA3, 0x5B, 0x01, 0x61, 0xB9, 0x50, 0x2C, 0x03, 0xAD, 0x2F, 0x0C, 0x50, 0xB6, 0x8C,
    0xB8, 0x47, 0xD0, 0x93, 0xEC, 0x32, 0x7E, 0x77, 0xEB, 0x39, 0x5B, 0x67, 0x6A, 0xAC, 0x69, 0x63,
    0xB0, 0x26, 0x0C, 0xD9, 0x1A, 0x9D, 0x52, 0x86, 0x53, 0xAE, 0xA5, 0xAE, 0x38, 0x3B, 0x5B, 0xE3,
    0x93, 0x35, 0xB6, 0x42, 0x32, 0xE6, 0x0F, 0x1B, 0xB2, 0x42, 0xBD, 0x83, 0x17, 0x9C, 0x85, 0xAD,
    0x05, 0xEE, 0x81, 0x15, 0xB7, 0x41, 0x9D, 0xC1, 0xF4, 0xB5, 0x72, 0xD6, 0x4C, 0x2B, 0x08, 0x8B,
    0xD9, 0x84, 0x31, 0xBA, 0xA5, 0x5F, 0x9A, 0x1C, 0xA4, 0xEC, 0xA5, 0xF9, 0x64, 0xEA, 0x55, 0xC7,
    0x51, 0x1A, 0x3B, 0x09, 0x13, 0xE0, 0x17, 0xCC, 0x0A, 0xB7, 0x8B, 0xD3, 0x60, 0x88, 0x96, 0x74,
    0xB2, 0xEC, 0xE9, 0x12, 0xAD, 0x16, 0x08, 0x1F, 0x9B, 0xC1, 0xA7, 0x05, 0xBA, 0xD8, 0x41, 0x3F,
    0x16, 0x95, 0x2A, 0xE1, 0x84, 0x06, 0xB7, 0xA3, 0x78, 0x96, 0x34, 0xF9, 0x82, 0xE4, 0x0D, 0xED,
    0x67, 0x0F, 0xC7, 0x25, 0x24, 0x7C, 0xB6, 0x1D, 0x98, 0x15, 0x6D, 0x4D, 0x47, 0x39, 0x59, 0xF6,
    0xF3, 0x0A, 0xB4, 0x09, 0xE8, 0x87, 0x97, 0x6E, 0xE3, 0x87, 0x00, 0xE2, 0x48, 0x74, 0xC8, 0xF7,
    0xEF, 0xE6, 0x97, 0x6C, 0xE3, 0x78, 0x30, 0xCD, 0xFA, 0x00, 0x82, 0x32, 0xBC, 0xD3, 0x2E, 0x2F,
    0xDB, 0x41, 0xF3, 0x27, 0x26, 0x75, 0x91, 0x2F, 0xD1, 0xBE, 0xFB, 0xB2, 0x1D, 0xDC, 0x7E, 0x0A,
    0xCF, 0xE6, 0x82, 0x0B, 0xCB, 0xF1, 0x74, 0x86, 0x5A, 0xF1, 0xE8, 0x38, 0xCE, 0xBC, 0xE6, 0x2F,
    0x24, 0x7F, 0x66, 0x9E, 0x2D, 0xF9, 0x78, 0xB1, 0x81, 0xDE, 0xFD, 0x66, 0xC9, 0x6B, 0x49, 0x1B,
    0xF8, 0xA3, 0x69, 0x8F, 0x26, 0x48, 0x32, 0x61, 0x4B, 0x06, 0x1A, 0xAD, 0x71, 0x0A, 0xD6, 0xD4,
    0xBB, 0x35, 0xF8, 0x1C, 0xB4, 0x43, 0xB3, 0x5A, 0x43, 0x48, 0xD6, 0xD0, 0xCF, 0xC1, 0x66, 0x2B,
    0xDA, 0x90, 0x93, 0xE5, 0x04, 0x77, 0x34, 0xE7, 0xA3, 0xF1, 0xFB, 0xC3, 0x51, 0xCA, 0x61, 0xB1,
    0x14, 0x5B, 0x9F, 0xB0, 0x46, 0x11, 0x6B, 0xF8, 0xBE, 0x66, 0xEC, 0x8C, 0x4A, 0x52, 0x74, 0x87,
    0x71, 0xDA, 0xA5, 0xC9, 0x9C, 0xBB, 0x76, 0xC1, 0xF2, 0x5C, 0x63, 0xBE, 0x46, 0xBA, 0x86, 0x0D,
    0x69, 0x32, 0x75, 0xE7, 0x45, 0xB3, 0x38, 0x7D, 0xAE, 0x64, 0x52, 0x13, 0xBD, 0x04, 0xB5, 0x12,
    0xF0, 0x1A, 0x40, 0x1F, 0x81, 0xDF, 0xB1, 0xCB, 0x1F, 0x1B, 0x64, 0x97, 0xBF, 0xCB, 0x51, 0x32,
    0x54, 0x3B, 0xA0, 0x01, 0x9A, 0x89, 0xAB, 0xD2, 0x9B, 0xDF, 0xDB, 0x11, 0xE1, 0x0B, 0x21, 0xDD,
    0x8A, 0x9D, 0xAF, 0xE8, 0xB7, 0x79, 0xFB, 0x55, 0x60, 0x85, 0x66, 0xB0, 0x5E, 0x2A, 0x81, 0x5B,
    0xBF, 0xC5, 0x5C, 0x1D, 0x9C, 0x13, 0x84, 0x0C, 0x12, 0x2E, 0xB7, 0xD3, 0xB7, 0x95, 0xAB, 0x5A,
    0x9B, 0xCE, 0xE5, 0x10, 0xDD, 0x16, 0x62, 0x95, 0xDB, 0xE1, 0xDB, 0x5B, 0x13, 0xC1, 0x7A, 0x08,
    0x33, 0xF5, 0xCA, 0x51, 0xA4, 0x74, 0x54, 0xB7, 0xE3, 0xB6, 0xE7, 0xA8, 0xFB, 0xCD, 0x14, 0x80,
    0x7A, 0xA6, 0x49, 0x84, 0x88, 0x5E, 0x84, 0xE0, 0xF7, 0x60, 0xC4, 0x29, 0xFA, 0xCF, 0x97, 0xF0,
    0x64, 0xC3, 0x0A, 0x41, 0xF9, 0xA8, 0x68, 0x40, 0xDD, 0x73, 0xD4, 0xE1, 0x7A, 0xCA, 0x1B, 0xF5,
    0xAC, 0x9F, 0xA4, 0x52, 0xFB, 0x3A, 0xDD, 0xDD, 0x9E, 0x97, 0x26, 0x0A, 0x76, 0x83, 0xA2, 0x21,
    0xF9, 0xCC, 0xB8, 0x16, 0xF8, 0x5C, 0x70, 0xDE, 0x0A, 0xDC, 0x2E, 0x65, 0xA7, 0x1B, 0xDC, 0xDF,
    0xDF, 0x73, 0xF2, 0xD6, 0x51, 0x50, 0x6F, 0x97, 0x83, 0x6D, 0x9A, 0x09, 0x18, 0xE2, 0x95, 0xE8,
    0x04, 0x15, 0x40, 0xBB, 0x3C, 0x82, 0x5E, 0x19, 0x72, 0x48, 0xDC, 0x94, 0x3E, 0xE3, 0x97, 0x03,
    0xBA, 0x41, 0x34, 0x4C, 0x05, 0xCF, 0x52, 0xC1, 0x87, 0x4B, 0xC1, 0x3F, 0xE7, 0x82, 0x8B, 0xAD,
    0xE0, 0x03, 0x15, 0x44, 0xFD, 0xA4, 0xA0, 0x74, 0xF5, 0x31, 0x3C, 0x2B, 0x68, 0x54, 0xE0, 0x0D,
    0xB5, 0xC1, 0x19, 0xB8, 0x04, 0x75, 0x04, 0xF0, 0xC9, 0x58, 0x67, 0x23, 0x32, 0xF0, 0x2A, 0xD7,
    0xE5, 0xA4, 0x15, 0xAE, 0xFE, 0x43, 0x2A, 0x25, 0x5C, 0x61, 0xC6, 0xAB, 0x6B, 0x76, 0x6C, 0xAD,
    0xA2, 0x5D, 0x38, 0xA9, 0x33, 0xFB, 0x8A, 0xFF, 0x3B, 0x8F, 0x91, 0xC7, 0xAC, 0x43, 0xE1, 0x50,
    0x3B, 0x94, 0xB1, 0x2C, 0x57, 0x19, 0xE1, 0x81, 0xA1, 0xDA, 0x8D, 0x2E, 0xDF, 0x18, 0x7D, 0xA5,
    0xFB, 0xEE, 0xBD, 0xB5, 0x9D, 0x51, 0x33, 0xE0, 0xEC, 0x0E, 0x3E, 0xED, 0x98, 0xB5, 0x57, 0xBF,
    0x73, 0x6F, 0x47, 0x71, 0x5B, 0x03, 0x78, 0xC9, 0xF8, 0xAF, 0x9B, 0x79, 0x83, 0xFF, 0x27, 0xDE,
    0xCE, 0xF3, 0x06, 0xF8, 0xA4, 0x6B, 0xD6, 0xD3, 0xFB, 0xDF, 0xB5, 0xB7, 0xDF, 0xE2, 0x07, 0x84,
    0x2E, 0x0C, 0xE3, 0x34, 0xC6, 0xF0, 0x6B, 0x0D, 0x5E, 0x36, 0x76, 0x05, 0xCD, 0x9C, 0xB4, 0x70,
    0xD6, 0x46, 0xFB, 0xB9, 0xBA, 0x71, 0x56, 0x0C, 0x43, 0x18, 0x7E, 0x50, 0xC6, 0x5B, 0xB1, 0xCE,
    0xDF, 0xC3, 0x94, 0x1E, 0x83, 0x69, 0x7F, 0xD9, 0x6F, 0x6B, 0x7E, 0x19, 0xCD, 0x6F, 0xB5, 0x9A,
    0x2F, 0x37, 0x1B, 0x7D, 0x2C, 0x9C, 0x03, 0x76, 0x9E, 0x8D, 0x9F, 0x26, 0xF3, 0xAB, 0xC9, 0xFC,
    0xAA, 0xFB, 0x92, 0x5F, 0x63, 0xC2, 0x3F, 0x33, 0xBF, 0xEE, 0xD6, 0x67, 0xF9, 0x8E, 0x61, 0x1C,
    0x80, 0x30, 0x01, 0xE7, 0x85, 0x5B, 0xA5, 0x8F, 0x84, 0xE9, 0x2E, 0x08, 0x13, 0x7D, 0x31, 0xC9,
    0x18, 0xC3, 0x52, 0x29, 0x36, 0x92, 0x79, 0x93, 0xCC, 0x4E, 0x86, 0x56, 0x03, 0x97, 0xE5, 0x6C,
    0xD9, 0x9B, 0xF9, 0x48, 0x4A, 0xB5, 0x7F, 0x37, 0x36, 0x5C, 0x06, 0xBC, 0x80, 0xA0, 0x08, 0x3A,
    0xA7, 0x97, 0x6D, 0xE3, 0xE7, 0xF5, 0x04, 0xF2, 0xE9, 0x12, 0x8F, 0xCF, 0xF3, 0xCB, 0xFF, 0x20,
    0x3A, 0xC0, 0x25, 0xC0, 0x1B, 0xC2, 0x04, 0x88, 0x5B, 0xE5, 0xD6, 0xDB, 0xBE, 0x95, 0x71, 0xF6,
    0x19, 0xC5, 0x7A, 0x3F, 0xD9, 0x9E, 0x73, 0x02, 0x7D, 0x98, 0x61, 0x7C, 0xB6, 0x42, 0x50, 0x82,
    0x46, 0x13, 0x78, 0x45, 0x70, 0xE2, 0xB9, 0xD1, 0x47, 0xBE, 0x00, 0x7D, 0x66, 0x50, 0x32, 0x64,
    0x83, 0xB0, 0x2F, 0xA4, 0xA1, 0xF4, 0x2A, 0xDE, 0xC6, 0x49, 0xC3, 0xD1, 0x2B, 0x6D, 0x86, 0xD5,
    0x30, 0xFC, 0x0F, 0x3D, 0x03, 0xE3, 0x0A, 0x67, 0xA9, 0xA3, 0x91, 0x22, 0x61, 0x69, 0x67, 0xC2,
    0xE4, 0x53, 0xE9, 0x35, 0x7C, 0x30, 0x4E, 0xF4, 0x17, 0x8A, 0x86, 0xD9, 0x90, 0x4B, 0x47, 0xB3,
    0x63, 0x39, 0x0A, 0x50, 0x67, 0x18, 0x2E, 0x71, 0x2A, 0x97, 0xFF, 0xF4, 0x2B, 0xD9, 0xB8, 0xCD,
    0xB0, 0xD0, 0x3F, 0xD1, 0x00, 0x0B, 0x54, 0x1B, 0x20, 0x20, 0xC4, 0x9B, 0x2F, 0x9F, 0x7E, 0xC3,
    0x1D, 0xDF, 0xE6, 0xB3, 0x4F, 0x4D, 0xA2, 0xF3, 0x0B, 0xDC, 0x5F, 0x18, 0xB5, 0x9E, 0xA5, 0xB5,
    0xDD, 0xDF, 0x5C, 0xC3, 0xEC, 0xD7, 0x62, 0xA5, 0xB4, 0x61, 0x0D, 0x52, 0x6E, 0xF4, 0x79, 0x76,
    0x7A, 0x37, 0x43, 0x63, 0x02, 0x1D, 0xE8, 0xD8, 0xB2, 0xD5, 0xBD, 0xBB, 0x6B, 0xDA, 0xBE, 0x6B,
    0x57, 0x90, 0x70, 0x39, 0xC4, 0xEA, 0x9E, 0x19, 0xBD, 0xA3, 0xE6, 0xF7, 0x00, 0xFD, 0x22, 0xDA,
    0x7C, 0xF7, 0xEF, 0x32, 0xBD, 0x3B, 0xFB, 0xAC, 0x96, 0xA6, 0x33, 0x7F, 0x16, 0xA7, 0xB5, 0x1D,
    0x5E, 0x84, 0xE6, 0xF1, 0x86, 0x7D, 0x81, 0x3E, 0xC3, 0xF6, 0x0E, 0xE4, 0x00, 0x8F, 0x1F, 0x43,
    0xC8, 0xE0, 0xD3, 0xDD, 0xF5, 0xFB, 0x5C, 0x6B, 0xB0, 0xE9, 0xA3, 0x16, 0xBC, 0x4A, 0xD9, 0xF0,
    0x4B, 0xA3, 0x3F, 0x15, 0xDC, 0xF3, 0x99, 0xB1, 0x83, 0xF3, 0x4A, 0x88, 0xDC, 0xB7, 0xCE, 0x58,
    0x1B, 0x15, 0x5B, 0x69, 0x7F, 0xF8, 0x70, 0x30, 0x59, 0xA0, 0x28, 0x67, 0xA0, 0x88, 0xEB, 0xEF,
    0x36, 0x82, 0x8D, 0xD8, 0xF1, 0xCA, 0x41, 0x2B, 0x27, 0xCD, 0x96, 0xE1, 0xF6, 0xCF, 0x0D, 0xF6,
    0x9A, 0x3B, 0xA4, 0xBA, 0xCC, 0x86, 0x30, 0x61, 0xE2, 0x47, 0x6B, 0xD7, 0xE9, 0x84, 0xDF, 0xEE,
    0x27, 0x7F, 0xFB, 0xE7, 0x86, 0x7A, 0x00, 0x4B, 0x54, 0xBD, 0x0F, 0x94, 0x68, 0xF3, 0xB1, 0x59,
    0x1F, 0x00, 0xC8, 0xD0, 0x47, 0xA0, 0x99, 0xB9, 0xD9, 0x70, 0xD0, 0xEE, 0x60, 0x29, 0xA9, 0xA5,
    0x84, 0xDF, 0x9A, 0x4C, 0x9B, 0xDC, 0x46, 0x88, 0xD5, 0x8E, 0x99, 0xBC, 0xC6, 0x6E, 0xE9, 0x2D,
    0x77, 0x05, 0x66, 0xCE, 0x66, 0x2C, 0x36, 0x77, 0x3A, 0x54, 0xE0, 0x3C, 0x98, 0x60, 0xB4, 0x4C,
    0x76, 0xB6, 0x5B, 0xA2, 0xB7, 0xBE, 0x85, 0x44, 0x2E, 0x01, 0x7E, 0x03, 0x82, 0x3A, 0xD8, 0x9B,
    0xA9, 0xE4, 0xB1, 0x25, 0xBD, 0xE8, 0x44, 0xD9, 0x47, 0x2A, 0x35, 0x73, 0x41, 0x9B, 0x60, 0xF3,
    0x11, 0x2B, 0x2F, 0x3C, 0xD1, 0x6B, 0x8C, 0x84, 0xE8, 0x93, 0xAD, 0x61, 0xCC, 0x76, 0xB8, 0xAF,
    0x39, 0x38, 0x47, 0x9A, 0x48, 0x1F, 0x11, 0xBC, 0x05, 0x36, 0xFE, 0xB2, 0xBA, 0xE7, 0xA8, 0xBC,
    0x8F, 0x53, 0xE7, 0x35, 0x87, 0xA7, 0xEB, 0x4F, 0x6D, 0x3E, 0xAD, 0x2E, 0x2B, 0xCF, 0x51, 0x9B,
    0x3F, 0x5E, 0xC2, 0x45, 0x2E, 0xB5, 0xFD, 0xEB, 0x15, 0x2B, 0x78, 0x75, 0x47, 0xE5, 0x79, 0x2A,
    0x94, 0x08, 0x1F, 0xCD, 0x05, 0x9A, 0x0C, 0x11, 0xFE, 0x48, 0x33, 0x54, 0x5A, 0xC0, 0x3D, 0xCB,
    0x50, 0xBD, 0x5B, 0x80, 0xDB, 0xA1, 0xFF, 0xB5, 0x70, 0x92, 0xF0, 0x86, 0x36, 0x37, 0x22, 0x24,
    0x57, 0x30, 0x9D, 0x0A, 0x62, 0x25, 0x3B, 0xDB, 0xED, 0x5E, 0xA6, 0xB1, 0x0F, 0xFF, 0x2C, 0x25,
    0x4E, 0x52, 0xBC, 0x7C, 0x7A, 0x3F, 0xAC, 0x70, 0xFA, 0xD9, 0x70, 0x96, 0x3A, 0xFF, 0x64, 0xE3,
    0xAA, 0xF4, 0x7F, 0xB6, 0xD3, 0xFF, 0x4A, 0xB1, 0x97, 0xE6, 0xFE, 0x37, 0x63, 0xEA, 0xE7, 0x36,
    0xF5, 0xD1, 0x3F, 0x57, 0xF0, 0x08, 0x30, 0xED, 0xB1, 0x83, 0x76, 0xBA, 0xFE, 0x43, 0xB2, 0x84,
    0xF6, 0x38, 0x2F, 0x7F, 0x9F, 0xCA, 0xC5, 0xD4, 0x1E, 0x66, 0x27, 0xF3, 0x6A, 0x56, 0xAD, 0xB5,
    0x6B, 0xBB, 0x6F, 0xFD, 0x36, 0xCE, 0xC6, 0x1F, 0x46, 0x7D, 0x07, 0x21, 0x62, 0xA2, 0xD5, 0xF6,
    0x62, 0x34, 0x5D, 0x02, 0x9F, 0xA1, 0x57, 0x91, 0x6C, 0xED, 0xDB, 0xE0, 0xDE, 0x9D, 0x35, 0xBF,
    0x07, 0xE8, 0xA3, 0xF9, 0x24, 0xCD, 0xEE, 0x13, 0x45, 0xE0, 0xEE, 0x3E, 0xB3, 0x8F, 0xA7, 0x3D,
    0x4C, 0xAE, 0x84, 0x9D, 0xBF, 0x10, 0x4D, 0x93, 0x69, 0xD3, 0x11, 0x7E, 0x86, 0x53, 0x87, 0x15,
    0x49, 0xF9, 0x2A, 0x1E, 0x96, 0x1F, 0x86, 0xB0, 0xFB, 0xD6, 0x6F, 0xE3, 0x9A, 0x12, 0x57, 0xE9,
    0xDB, 0xED, 0xB5, 0x4A, 0x32, 0xCD, 0xF5, 0xC8, 0xDD, 0x94, 0xDC, 0x7D, 0xC9, 0xB9, 0x2B, 0x5C,
    0x7C, 0xA2, 0xF0, 0xF1, 0x13, 0x05, 0x39, 0x85, 0x7C, 0xE4, 0xF6, 0x52, 0x6A, 0xA4, 0xA9, 0xB1,
    0xDC, 0x80, 0x9B, 0x4B, 0xAC, 0x25, 0x36, 0x60, 0x04, 0x5E, 0x3D, 0xF2, 0x8F, 0xB1, 0x49, 0xFF,
    0x77, 0xD8, 0x5E, 0x0C, 0x29, 0xFC, 0x97, 0x52, 0x90, 0xE9, 0x7E, 0x98, 0x9C, 0x7C, 0x82, 0xD7,
    0x01, 0x1D, 0xA2, 0xE7, 0x05, 0x5E, 0xB9, 0xBB, 0xE6, 0xF1, 0x76, 0x2D, 0x51, 0x29, 0x17, 0x49,
    0x15, 0x49, 0x33, 0x7A, 0x37, 0x4D, 0x37, 0xBF, 0x81, 0x5F, 0x64, 0xD1, 0xD5, 0xA9, 0x07, 0xB8,
    0xBB, 0x4F, 0xDE, 0x30, 0x05, 0xAE, 0x5F, 0x03, 0xDA, 0x56, 0xC6, 0x34, 0x7D, 0x0E, 0xD1, 0xDB,
    0xB7, 0x76, 0x6A, 0xCB, 0xE1, 0x53, 0x98, 0xCB, 0x55, 0xAC, 0x73, 0x1F, 0x5D, 0x56, 0xE7, 0x36,
    0x51, 0x49, 0xA0, 0x0D, 0xC6, 0x0C, 0xFD, 0x0A, 0x21, 0x41, 0x6B, 0x31, 0x43, 0x1F, 0xF1, 0x1A,
    0x4A, 0x80, 0x5F, 0xED, 0xF2, 0x6B, 0xE2, 0xE9, 0x4E, 0xFF, 0x4C, 0xB1, 0x97, 0x52, 0xBF, 0x8D,
    0x6B, 0x3F, 0x7B, 0xCB, 0xB0, 0x95, 0xD8, 0xAF, 0xC3, 0xAE, 0xED, 0xFE, 0xD6, 0x67, 0x1B, 0x57,
    0xC6, 0x4F, 0x36, 0xEF, 0xAB, 0xF4, 0x5C, 0x0A, 0xD4, 0x79, 0x1C, 0x4A, 0x44, 0xB7, 0x04, 0x80,
    0x6F, 0x65, 0x3D, 0xFF, 0x0D, 0xBD, 0x9A, 0x31, 0xAC, 0xE5, 0x36, 0x76, 0x86, 0x7F, 0x89, 0x1E,
    0x6B, 0x11, 0x21, 0xE0, 0x14, 0xEB, 0x2A, 0x40, 0x94, 0x32, 0x9D, 0x7A, 0xC0, 0x1E, 0x2A, 0xD8,
    0x62, 0x8B, 0x2D, 0xFC, 0x8A, 0x9D, 0x34, 0x29, 0x5C, 0xA7, 0xC9, 0x4B, 0x99, 0x66, 0x87, 0x0A,
    0x52, 0x6C, 0x91, 0x66, 0x53, 0xA7, 0x49, 0x91, 0x62, 0xE1, 0x14, 0x4E, 0x8F, 0x19, 0x88, 0x9E,
    0xD9, 0xC0, 0x85, 0x8B, 0x51, 0xE0, 0x00, 0x5B, 0xAE, 0x02, 0xBB, 0xD9, 0x6A, 0x68, 0xAF, 0x36,
    0xD6, 0xEC, 0xA3, 0xF4, 0xE7, 0x1C, 0x50, 0xF7, 0xDD, 0xBD, 0xF0, 0xCC, 0x78, 0x3C, 0xD7, 0xEF,
    0x9D, 0xCB, 0xF3, 0x51, 0x22, 0xC9, 0xC3, 0x73, 0x44, 0x93, 0xE6, 0x23, 0x06, 0x2D, 0x67, 0x64,
    0x34, 0x8C, 0xC0, 0x51, 0x0C, 0x7B, 0x45, 0x00, 0x6A, 0x8E, 0x80, 0x65, 0xCC, 0xC8, 0x8D, 0xDD,
    0x6F, 0x12, 0xE0, 0x3F, 0x11, 0xF0, 0xC9, 0x26, 0xF8, 0x11, 0x51, 0xB0, 0x20, 0x0C, 0xC1, 0xDE,
    0x6C, 0x60, 0xA8, 0x49, 0x8E, 0x56, 0x10, 0x15, 0xB1, 0xFD, 0xC3, 0x87, 0xC3, 0xEC, 0x22, 0x6C,
    0xF2, 0x13, 0xEA, 0xC4, 0x80, 0x6A, 0x2B, 0xC8, 0xEE, 0xA0, 0x38, 0x88, 0x5F, 0x61, 0xC8, 0x60,
    0xC9, 0xC9, 0xC6, 0x26, 0xA2, 0xB3, 0x33, 0x70, 0x39, 0x63, 0xE0, 0x52, 0x93, 0x4B, 0xBB, 0xFD,
    0x64, 0x71, 0x93, 0x5D, 0x7C, 0xB0, 0x92, 0xBB, 0xC5, 0x91, 0xA9, 0xE1, 0x55, 0x32, 0xFC, 0xA7,
    0x04, 0xFB, 0x57, 0xEA, 0xE4, 0xAF, 0x05, 0x95, 0xFA, 0x5C, 0xB0, 0xBB, 0xE5, 0x88, 0xB0, 0x38,
    0x80, 0x04, 0x5C, 0x02, 0xEA, 0xE9, 0xEC, 0x88, 0x6E, 0xC5, 0x67, 0xA0, 0x5A, 0x04, 0x4D, 0x10,
    0xB4, 0xFF, 0x2D, 0xB0, 0x04, 0xB4, 0xE2, 0x0D, 0x1C, 0xB7, 0xFC, 0x3A, 0x19, 0xFE, 0x3C, 0x01,
    0xED, 0x04, 0xB8, 0x1E, 0xF0, 0xBF, 0xCA, 0x5F, 0xC3, 0x8A, 0xE2, 0x21, 0x80, 0x52, 0x1F, 0x6A,
    0x45, 0x33, 0x09, 0xDE, 0xC1, 0x2E, 0x6F, 0x53, 0x7B, 0x50, 0x43, 0x20, 0x83, 0xC9, 0x3E, 0xA3,
    0x9D, 0x9B, 0x84, 0xBA, 0x6B, 0x67, 0x00, 0x2E, 0x5E, 0x63, 0xCA, 0x38, 0x29, 0xD3, 0x26, 0xD2,
    0xB8, 0xEA, 0xAC, 0x76, 0x53, 0x03, 0x51, 0x4D, 0x8D, 0x6A, 0x14, 0xA8, 0xD4, 0x3C, 0x6C, 0x07,
    0xB8, 0x00, 0x0C, 0x1D, 0x8A, 0x15, 0x28, 0x2E, 0xA0, 0x82, 0x76, 0xD5, 0x51, 0x43, 0xAD, 0x63,
    0x6E, 0x97, 0xB3, 0x8B, 0x55, 0xAF, 0xD6, 0xDD, 0xA8, 0xAD, 0xF7, 0x5C, 0xDF, 0x63, 0x09, 0xAD,
    0xD7, 0x76, 0x25, 0x19, 0xE0, 0x56, 0xEC, 0xE2, 0x14, 0x43, 0x10, 0x78, 0x85, 0xBB, 0xCD, 0xA8,
    0x4C, 0x04, 0xEA, 0x05, 0xB0, 0x4B, 0x7E, 0x06, 0xCE, 0x8F, 0xAA, 0x1D, 0xD5, 0xFA, 0xD5, 0x02,
    0x14, 0x3A, 0x04, 0x7C, 0x27, 0x78, 0xEB, 0x16, 0xA3, 0x32, 0xA9, 0x99, 0x30, 0x0C, 0x9D, 0x46,
    0x81, 0x4A, 0xDB, 0x77, 0x67, 0x47, 0x55, 0xAE, 0x36, 0x02, 0x7E, 0xE8, 0x81, 0x66, 0x03, 0x60,
    0x16, 0x1C, 0xED, 0xC2, 0x73, 0x53, 0x30, 0x2A, 0x56, 0x05, 0x3B, 0x1F, 0x2A, 0x06, 0x1F, 0xC0,
    0x51, 0xE0, 0xE2, 0x01, 0xAD, 0xA2, 0xD9, 0xA1, 0xAF, 0x27, 0xB5, 0x9C, 0x72, 0x37, 0x35, 0x70,
    0x30, 0x15, 0xB3, 0x79, 0xA0, 0xA0, 0xED, 0x94, 0x4D, 0x50, 0xB6, 0xBD, 0xD2, 0xE1, 0xC8, 0x1F,
    0x02, 0xFE, 0x7F, 0x09, 0x18, 0x6E, 0x42, 0x4B, 0x52, 0x9D, 0xBD, 0xA4, 0x46, 0x64, 0x94, 0x53,
    0xA9, 0x1C, 0x8B, 0x53, 0x1E, 0xCA, 0xB5, 0x8D, 0xC6, 0x7D, 0xDD, 0xD7, 0x70, 0x15, 0xC2, 0x4F,
    0xEC, 0xB4, 0x64, 0x54, 0x6C, 0x0A, 0x06, 0x45, 0xB4, 0x09, 0xC3, 0x22, 0xB0, 0x49, 0x50, 0xAF,
    0x02, 0xB3, 0x91, 0xC9, 0xF0, 0x88, 0xCB, 0xED, 0x97, 0x86, 0x56, 0x2B, 0x04, 0xD5, 0xBA, 0x37,
    0xD6, 0x6E, 0x6A, 0x40, 0x11, 0x0E, 0x46, 0x47, 0x68, 0x0C, 0x07, 0xFC, 0x35, 0x2F, 0x74, 0xAE,
    0xE6, 0x0C, 0x61, 0x8E, 0x4D, 0x43, 0xCB, 0xDE, 0x69, 0x60, 0xD9, 0x67, 0x75, 0x5F, 0x23, 0x39,
    0x81, 0x96, 0x69, 0xAD, 0x06, 0xB4, 0xF7, 0xD0, 0x70, 0xF6, 0x68, 0xC8, 0x7E, 0xD7, 0x0E, 0xBB,
    0xE8, 0xD7, 0x3E, 0xD1, 0x00, 0x9C, 0x28, 0x89, 0xA3, 0x6E, 0x78, 0x41, 0xBD, 0xF6, 0xDB, 0x0E,
    0x0A, 0x32, 0x20, 0x63, 0x50, 0x1C, 0xA5, 0xDD, 0x80, 0x42, 0x2B, 0x2A, 0x32, 0xC2, 0xAE, 0x4D,
    0x42, 0x1B, 0xCD, 0x0A, 0x17, 0x8A, 0x0D, 0x8E, 0xE4, 0x35, 0xE4, 0x75, 0x84, 0xCE, 0x4C, 0x01,
    0x8D, 0x63, 0x46, 0xB5, 0x7F, 0x91, 0x31, 0x5B, 0x41, 0x35, 0x01, 0x36, 0x66, 0xAD, 0x22, 0x6E,
    0x2C, 0x16, 0x13, 0x75, 0xB0, 0x74, 0x80, 0x99, 0x71, 0x13, 0x01, 0xDD, 0x80, 0xE3, 0xA8, 0x17,
    0xA0, 0xDD, 0xD7, 0xB6, 0x2E, 0xDC, 0x6A, 0x7D, 0x63, 0x77, 0x3F, 0x38, 0x75, 0x97, 0x00, 0xB0,
    0x02, 0x28, 0x93, 0x62, 0xBB, 0x2B, 0x64, 0x14, 0x78, 0xDD, 0x81, 0xDA, 0x11, 0x1C, 0xF6, 0xFF,
    0x99, 0x6B, 0x61, 0x77, 0x23, 0x13, 0xF3, 0xEA, 0x5D, 0xE9, 0x7B, 0x9C, 0x18, 0xD8, 0xC7, 0x0B,
    0x50, 0x69, 0x7C, 0x46, 0xCB, 0xF0, 0x77, 0xD8, 0xA5, 0xE4, 0x0C, 0xB5, 0xD0, 0x81, 0xE4, 0x74,
    0xD8, 0xCF, 0x9B, 0xD9, 0x26, 0xBC, 0x8D, 0x93, 0xFD, 0x5C, 0x51, 0x71, 0x73, 0x93, 0x22, 0x2A,
    0x62, 0xF9, 0x1F, 0x9B, 0x9B, 0x61, 0xB6, 0x26, 0x09, 0xAC, 0x2E, 0xD6, 0x8A, 0x1A, 0x96, 0x02,
    0x9E, 0x69, 0xD3, 0xFD, 0xFC, 0x01, 0x1E, 0x35, 0x01, 0x8E, 0x3D, 0x1A, 0x02, 0xE5, 0x17, 0x80,
    0xCA, 0x30, 0xD1, 0x30, 0xD1, 0x92, 0xD4, 0xAD, 0x40, 0xD7, 0xBA, 0x2E, 0x7A, 0x5D, 0xFD, 0xAA,
    0xFA, 0xAC, 0x65, 0xED, 0x6A, 0xB5, 0x0D, 0x0D, 0x37, 0x62, 0xF8, 0x92, 0x40, 0xA1, 0x46, 0x88,
    0xFF, 0x34, 0x5B, 0xB5, 0x7D, 0x90, 0x2A, 0x72, 0x29, 0xC8, 0x49, 0xA3, 0xDC, 0xC5, 0x2B, 0xD8,
    0x1D, 0x70, 0xEF, 0x36, 0x23, 0x2D, 0xA3, 0x2E, 0x31, 0xD5, 0xE3, 0x2A, 0xBB, 0xA9, 0x68, 0x6F,
    0x23, 0x9E, 0x2C, 0xAD, 0xC2, 0x07, 0x81, 0x55, 0x34, 0x82, 0x62, 0xE8, 0xF7, 0xE5, 0x53, 0x08,
    0xAA, 0xE7, 0x80, 0x9D, 0x44, 0xC7, 0xBC, 0x62, 0xCB, 0xE9, 0x46, 0x43, 0x6F, 0x22, 0x6C, 0xDA,
    0x49, 0x95, 0x13, 0xE6, 0xF2, 0x13, 0x92, 0x7C, 0x21, 0xB5, 0xF6, 0x3B, 0xF0, 0xB8, 0x83, 0xFE,
    0xCD, 0x7A, 0x01, 0x90, 0x49, 0xB1, 0xE0, 0x50, 0xE1, 0x27, 0x54, 0x1B, 0xA5, 0x1D, 0xB9, 0x09,
    0xFE, 0x95, 0xF2, 0x5A, 0x52, 0x6B, 0xBF, 0x23, 0x1C, 0xA7, 0x9C, 0x00, 0x15, 0x32, 0xE6, 0x64,
    0x36, 0x98, 0xF5, 0x35, 0xD2, 0x76, 0xEC, 0x32, 0x30, 0x48, 0xF2, 0x0C, 0xFB, 0x6C, 0xA4, 0x3D,
    0x99, 0x6F, 0x4F, 0x67, 0x8D, 0x0B, 0x37, 0x82, 0x00, 0xEF, 0x82, 0x51, 0x77, 0xAD, 0xB9, 0x4E,
    0x76, 0xAD, 0x93, 0x99, 0xB3, 0x17, 0xFA, 0x33, 0x2F, 0xF9, 0xD9, 0xD9, 0x05, 0xF7, 0x2B, 0x97,
    0xEA, 0x84, 0x05, 0xEA, 0xC9, 0x8A, 0x22, 0xE1, 0xFC, 0x4F, 0xF1, 0xEA, 0x51, 0xD5, 0x67, 0x34,
    0xF1, 0x34, 0x93, 0xEE, 0xD0, 0x6C, 0x3D, 0x37, 0x6B, 0x72, 0x46, 0xB4, 0x9A, 0x31, 0x38, 0x35,
    0xCD, 0x3F, 0x30, 0x90, 0xD1, 0x91, 0xBD, 0x64, 0x96, 0x1B, 0x24, 0x2B, 0x18, 0x61, 0x66, 0x13,
    0xEB, 0x64, 0x93, 0x5D, 0x6D, 0xD2, 0x5C, 0xDF, 0xB1, 0xCB, 0x20, 0x25, 0x07, 0x35, 0xDF, 0x51,
    0x01, 0xD1, 0xE2, 0x72, 0x41, 0xC5, 0x59, 0x34, 0x8A, 0x76, 0xFB, 0x11, 0xD7, 0xE8, 0x93, 0xDD,
    0xE0, 0x83, 0x5B, 0x04, 0x8C, 0xF0, 0x8F, 0x19, 0xE0, 0x3F, 0x25, 0xE0, 0x7F, 0x93, 0x04, 0x8C,
    0x8A, 0xA4, 0x58, 0x15, 0x14, 0x3C, 0xD7, 0x26, 0xD3, 0x30, 0x69, 0xB7, 0x59, 0x60, 0x93, 0xA0,
    0x26, 0x76, 0x7B, 0x60, 0x10, 0xF8, 0x83, 0xEF, 0x7F, 0x0F, 0xE8, 0x9C, 0x00, 0x60, 0xC6, 0xBE,
    0x72, 0xEA, 0x09, 0xD2, 0xE3, 0x65, 0xEA, 0x66, 0x1F, 0x86, 0x51, 0xBC, 0xE9, 0xFD, 0x27, 0x1B,
    0xFC, 0xD3, 0xA4, 0xAE, 0x88, 0x8E, 0x7B, 0xAE, 0xEF, 0x2B, 0xFC, 0x67, 0x84, 0xFF, 0x58, 0xC7,
    0x1B, 0x26, 0xE9, 0x13, 0xD5, 0x17, 0xA8, 0x54, 0x1D, 0xD0, 0x4E, 0x92, 0xC7, 0xAC, 0x97, 0x3A,
    0x58, 0x07, 0xFC, 0x12, 0x30, 0x31, 0xEF, 0x68, 0x0E, 0xC0, 0x82, 0xA3, 0xFC, 0xEC, 0x7B, 0xD2,
    0x07, 0x00, 0x3C, 0x19, 0x54, 0xF1, 0xB7, 0x48, 0x26, 0xDA, 0xFE, 0x3D, 0x64, 0x71, 0xDF, 0xE1,
    0xE7, 0x03, 0xCE, 0x53, 0x72, 0x11, 0x4D, 0xBB, 0xBE, 0xE4, 0xBB, 0x8C, 0xFA, 0x5D, 0x30, 0x84,
    0x6F, 0xFD, 0xFD, 0xD6, 0xD3, 0xD1, 0x12, 0x28, 0x7B, 0x1B, 0xCD, 0x62, 0xE6, 0x36, 0xBA, 0xDE,
    0x87, 0x19, 0xFE, 0xE3, 0x04, 0xFF, 0x58, 0xF4, 0x49, 0xCC, 0x1A, 0xBA, 0x37, 0xF6, 0x71, 0x78,
    0x32, 0x0E, 0x9F, 0xC6, 0xE1, 0xE9, 0x34, 0x3C, 0x0D, 0xC3, 0xD3, 0x7E, 0xF8, 0x2F, 0x0C, 0xE1,
    0xDB, 0xD2, 0x6F, 0xE1, 0x09, 0x47, 0x58, 0xA2, 0x4E, 0xC0, 0x37, 0x51, 0x28, 0x5A, 0xC1, 0x4A,
    0x01, 0x37, 0xC5, 0xAC, 0xE8, 0x81, 0x56, 0x9B, 0xF0, 0x14, 0x3F, 0x39, 0xF6, 0x25, 0xD9, 0x29,
    0xFA, 0x23, 0xEC, 0x8C, 0x6F, 0xA4, 0x60, 0xB9, 0x27, 0xB7, 0xC2, 0xCF, 0x7B, 0x3A, 0x36, 0xD8,
    0x7A, 0xCB, 0xB1, 0xE2, 0x58, 0x72, 0xDC, 0x4F, 0x7A, 0x26, 0x0A, 0xAC, 0xC2, 0x69, 0x11, 0x71,
    0x14, 0xF8, 0x24, 0x9D, 0x32, 0x78, 0x44, 0x50, 0x8C, 0x82, 0x67, 0x51, 0xF0, 0x74, 0x16, 0x7C,
    0x9A, 0x04, 0x4F, 0x56, 0xC1, 0xC7, 0x14, 0x04, 0xBE, 0x2F, 0xF0, 0x4F, 0x05, 0xEE, 0x99, 0xA0,
    0xA1, 0xC0, 0x2A, 0x2A, 0x85, 0x51, 0x60, 0x07, 0xF0, 0x1E, 0x00, 0xE6, 0x95, 0x59, 0xCF, 0xC0,
    0x9D, 0xFD, 0xAC, 0xFB, 0xE3, 0x0D, 0xFE, 0x23, 0x06, 0x4F, 0x4E, 0xFE, 0xF9, 0x10, 0xFD, 0xD4,
    0xEA, 0xA2, 0x7A, 0x3D, 0xBD, 0x0D, 0xBF, 0xB3, 0xFC, 0xE5, 0xE1, 0x2F, 0x4E, 0xB8, 0x6E, 0x47,
    0xA9, 0xAF, 0x66, 0x39, 0x2F, 0x04, 0xA8, 0x94, 0x3D, 0xD0, 0x44, 0xC0, 0xEC, 0x7A, 0x19, 0xF3,
    0x08, 0x83, 0x5A, 0x6F, 0x9F, 0xE9, 0xEA, 0x61, 0x97, 0x8F, 0x40, 0xC0, 0xDD, 0x5B, 0x9C, 0x34,
    0xF1, 0xB1, 0x37, 0xDB, 0x0A, 0x0C, 0xF3, 0x7E, 0x1E, 0xC3, 0xD9, 0x93, 0xE6, 0x00, 0x33, 0xBA,
    0xA0, 0x98, 0x14, 0x51, 0x70, 0x2F, 0x09, 0xDE, 0xDD, 0x14, 0x4E, 0xF0, 0x5E, 0x13, 0x04, 0x76,
    0x12, 0x98, 0x28, 0x28, 0x92, 0x00, 0x9B, 0xC2, 0x29, 0x9A, 0x27, 0x82, 0xFA, 0x73, 0x81, 0xF9,
    0x9D, 0xA0, 0xA0, 0x00, 0x83, 0xC2, 0x29, 0xAC, 0xA2, 0x1E, 0x01, 0x18, 0x45, 0x75, 0x38, 0x51,
    0x36, 0xEC, 0x04, 0x1B, 0x80, 0x3F, 0xF9, 0x05, 0xFE, 0xA1, 0x4D, 0x78, 0x48, 0x76, 0xC3, 0xEF,
    0x7D, 0x18, 0xBA, 0x7A, 0x1A, 0x60, 0xE2, 0x23, 0xD1, 0x87, 0xAF, 0xA9, 0xC0, 0xA9, 0xA2, 0xB0,
    0x23, 0x0C, 0x03, 0x4A, 0x02, 0x96, 0x8B, 0x22, 0x01, 0x77, 0xEE, 0xFF, 0x14, 0x59, 0x6A, 0x2D,
    0x1B, 0xC8, 0xCE, 0xF0, 0x5F, 0x86, 0xB1, 0x9E, 0x51, 0x45, 0xE9, 0x51, 0xA4, 0xB6, 0x07, 0x92,
    0x03, 0xF0, 0x40, 0xE1, 0x14, 0xCE, 0x2B, 0x1E, 0x5C, 0x3F, 0xB9, 0x13, 0x3C, 0xD0, 0x1E, 0xAB,
    0x0D, 0xD2, 0xB7, 0x8E, 0xA8, 0x66, 0xB3, 0x75, 0x7E, 0x02, 0xC9, 0x1E, 0x0D, 0x97, 0x7C, 0xE1,
    0x59, 0x92, 0xAA, 0xC0, 0xFD, 0xFB, 0xFB, 0x8C, 0x2D, 0x30, 0x64, 0x67, 0x9F, 0x5F, 0x8E, 0x4D,
    0x30, 0xD1, 0xA1, 0x58, 0x1C, 0x90, 0x1E, 0x88, 0xFE, 0x4C, 0xF4, 0xD1, 0x9E, 0xDF, 0x13, 0xD5,
    0xF2, 0xB6, 0x33, 0xB3, 0x9D, 0x6C, 0x34, 0x64, 0xC0, 0xB0, 0x01, 0x45, 0xBE, 0x9D, 0x53, 0xB6,
    0x1A, 0x30, 0x86, 0xF7, 0x85, 0xC5, 0xE6, 0x46, 0xC0, 0xCC, 0x03, 0x4E, 0xA5, 0x54, 0x3F, 0xE0,
    0xD4, 0x25, 0x90, 0x8C, 0x30, 0xC2, 0x04, 0xCB, 0xAE, 0xD9, 0x60, 0x13, 0x0C, 0xD1, 0xCE, 0x28,
    0xD9, 0xB9, 0x08, 0x30, 0xBC, 0x9A, 0xB9, 0x65, 0xEE, 0x95, 0x2D, 0x64, 0x6B, 0xD9, 0xF2, 0x3E,
    0x4A, 0x1E, 0xD1, 0x4C, 0xEF, 0xC2, 0xC6, 0x0D, 0xED, 0xE7, 0x09, 0x5E, 0x1C, 0xFC, 0xE9, 0xBE,
    0xC9, 0xB4, 0x1B, 0x0A, 0x72, 0xAC, 0xF2, 0x8D, 0x5E, 0xD2, 0x53, 0x91, 0x9B, 0x0C, 0xDD, 0x58,
    0xD2, 0x85, 0x22, 0xE7, 0xFA, 0x2E, 0xE5, 0x5A, 0xAF, 0xED, 0xB4, 0xBD, 0xF6, 0x43, 0xC5, 0xCF,
    0x48, 0x06, 0x38, 0xAA, 0x48, 0xEB, 0x9C, 0x9B, 0x3D, 0xB7, 0x84, 0x5F, 0x01, 0x8D, 0xCA, 0x4A,
    0xAE, 0x71, 0xD5, 0x9A, 0xBB, 0x08, 0x73, 0xC8, 0xA9, 0xDD, 0xA7, 0xD3, 0xFC, 0x50, 0x7E, 0x6C,
    0x97, 0xFB, 0x35, 0xBB, 0x1D, 0x4B, 0x38, 0xCD, 0x0D, 0x4F, 0xC7, 0x3D, 0xF8, 0x71, 0xED, 0x57,
    0xBB, 0x62, 0x98, 0x35, 0xBC, 0x4F, 0x48, 0x54, 0xB9, 0x52, 0x82, 0xE0, 0xEC, 0xA3, 0xC4, 0xC3,
    0xDE, 0x46, 0x37, 0x1A, 0xA2, 0x5A, 0x5C, 0x28, 0x49, 0x26, 0x0D, 0x58, 0xB3, 0x51, 0xDF, 0x16,
    0x0D, 0x1B, 0x80, 0xB6, 0x0C, 0x6F, 0x41, 0xFB, 0x3D, 0x1F, 0xC6, 0x6C, 0x65, 0xCC, 0x36, 0x3B,
    0xE8, 0x08, 0x0B, 0x80, 0x02, 0xFB, 0x42, 0x82, 0x53, 0x50, 0x3F, 0xFB, 0x8A, 0xA3, 0xC0, 0x93,
    0xBD, 0x62, 0x51, 0x6C, 0x87, 0xFB, 0xCD, 0x32, 0xDF, 0x6F, 0x66, 0xE8, 0x6B, 0x9F, 0x2B, 0x04,
    0xD7, 0x8D, 0x7B, 0xE8, 0xA1, 0x0A, 0x3E, 0x70, 0x14, 0xB8, 0x28, 0x68, 0x93, 0xC0, 0xAE, 0x02,
    0x43, 0x5C, 0x5B, 0x19, 0x75, 0x39, 0xDB, 0x49, 0x3D, 0x20, 0xA0, 0x6B, 0x0B, 0xBE, 0x1A, 0xFD,
    0x07, 0xA3, 0xA7, 0x26, 0xFF, 0x5C, 0xD7, 0x82, 0x0F, 0x2F, 0x4D, 0x8E, 0x5F, 0x88, 0xB2, 0x73,
    0x1F, 0x32, 0xDC, 0x83, 0x8D, 0xF7, 0x60, 0x5E, 0xA0, 0x4D, 0xD0, 0x36, 0x8E, 0x0B, 0xDC, 0x87,
    0x0B, 0xEE, 0x21, 0x89, 0x3A, 0xD5, 0x4E, 0xFA, 0x48, 0xBF, 0x5A, 0xDB, 0xCD, 0xF7, 0x50, 0xE8,
    0x82, 0xD9, 0x00, 0xE4, 0x05, 0x52, 0x8D, 0x40, 0x1D, 0x00, 0xDB, 0x89, 0x02, 0xF8, 0x01, 0xF0,
    0xE7, 0xD5, 0xD2, 0xBA, 0xA5, 0x1D, 0xFE, 0xBD, 0x8D, 0x68, 0x03, 0xDA, 0x1E, 0x2D, 0x5E, 0x91,
    0x54, 0xEE, 0x00, 0xB6, 0x47, 0x03, 0x88, 0xED, 0x77, 0x81, 0xBF, 0x00, 0x8A, 0xFD, 0xFE, 0x26,
    0x9C, 0xDE, 0xDF, 0xDC, 0xE2, 0x57, 0x77, 0x8F, 0x57, 0x7B, 0x15, 0x0D, 0x03, 0x86, 0xFD, 0x92,
    0xBE, 0xF9, 0x78, 0x6E, 0x7E, 0x3D, 0x37, 0x9C, 0x35, 0x6D, 0x17, 0xCD, 0x82, 0x26, 0xBE, 0x34,
    0xED, 0x9B, 0x70, 0x33, 0x1D, 0xFE, 0xC0, 0x27, 0xB0, 0xCF, 0x9E, 0x4A, 0xC3, 0x3E, 0x5F, 0xE0,
    0x56, 0xF9, 0x92, 0xF7, 0x23, 0xC2, 0xC5, 0x62, 0x83, 0x9B, 0x70, 0x01, 0xA7, 0xDD, 0xDB, 0xAD,
    0x03, 0x2C, 0xD9, 0x69, 0x93, 0xBC, 0x8F, 0x02, 0xE5, 0xBE, 0xF2, 0xD5, 0xE0, 0x10, 0xEA, 0x90,
    0x63, 0x60, 0x68, 0xF9, 0x8C, 0x9D, 0x55, 0x53, 0xA5, 0x36, 0x46, 0x7B, 0x7D, 0x41, 0xA3, 0x9D,
    0x74, 0x49, 0x2F, 0xD7, 0xC7, 0x0F, 0x0C, 0x8B, 0x9A, 0xEC, 0x1B, 0x4A, 0x90, 0x93, 0x9F, 0x5C,
    0xF8, 0x01, 0xDC, 0x73, 0x75, 0x69, 0xD3, 0xF2, 0x7C, 0xF8, 0x47, 0x3B, 0xD7, 0x9D, 0x9D, 0xFD,
    0x17, 0x97, 0xD1, 0x91, 0xB1, 0x26, 0x83, 0xF6, 0x7B, 0x53, 0xBF, 0xDF, 0x7E, 0xA9, 0xDF, 0x1F,
    0xED, 0x7E, 0x9B, 0xDD, 0x6F, 0x6D, 0x36, 0x02, 0x30, 0x9B, 0xA0, 0xF0, 0x82, 0xB7, 0x9C, 0xC0,
    0x6E, 0xFA, 0x7A, 0xF1, 0x2A, 0xEF, 0x57, 0x2D, 0x0F, 0x07, 0xEF, 0xAB, 0x4E, 0xBD, 0x6F, 0xD5,
    0xFB, 0x68, 0xB5, 0x9C, 0x09, 0xB0, 0x10, 0xD5, 0x83, 0x58, 0x02, 0xEE, 0x8A, 0xBA, 0x59, 0x5C,
    0xEB, 0x50, 0x6C, 0x36, 0x02, 0x8E, 0x41, 0x1D, 0x07, 0x60, 0x92, 0x00, 0xDD, 0x2D, 0xCE, 0x55,
    0x3D, 0xBB, 0x50, 0x6E, 0x1B, 0xE0, 0xF5, 0x1B, 0x8F, 0x40, 0x81, 0xB3, 0xE7, 0x8A, 0x22, 0xE3,
    0x11, 0x83, 0x02, 0x55, 0x02, 0xBE, 0x4F, 0x14, 0xA7, 0x73, 0x85, 0x93, 0xB9, 0x32, 0x8B, 0x36,
    0xCA, 0x89, 0x8C, 0x39, 0xD5, 0xFA, 0xFA, 0xA2, 0xC4, 0x5F, 0x18, 0x46, 0x49, 0x90, 0xF4, 0x2E,
    0xC0, 0x80, 0x3F, 0x9B, 0xF0, 0xE3, 0x51, 0x3F, 0xE0, 0x0F, 0x5F, 0x3D, 0x45, 0xB7, 0x13, 0xAA,
    0x78, 0x01, 0x07, 0x78, 0x40, 0x8F, 0x0E, 0x55, 0x5A, 0xDE, 0x30, 0x36, 0xCF, 0x11, 0x47, 0x1C,
    0x45, 0xB7, 0xEA, 0xF1, 0x1C, 0x38, 0xDD, 0xD2, 0xDC, 0x84, 0x21, 0xB8, 0xB9, 0x60, 0x68, 0x48,
    0x76, 0x56, 0x00, 0x43, 0xA6, 0xBC, 0xB6, 0x0C, 0xB7, 0x6B, 0x3D, 0xC8, 0x10, 0x9A, 0xF8, 0xED,
    0xAA, 0xA7, 0x5D, 0x17, 0xDD, 0xEF, 0x19, 0x1D, 0x19, 0x1B, 0x3E, 0x8D, 0x86, 0x36, 0xE2, 0xDF,
    0x8A, 0x00, 0x44, 0x23, 0xF0, 0xEC, 0x81, 0x36, 0x4F, 0xFD, 0xF1, 0xAF, 0x7D, 0xDB, 0x3F, 0x12,
    0x84, 0x37, 0x84, 0x1A, 0xC8, 0x78, 0xA0, 0xA6, 0x1C, 0xD0, 0x76, 0x6D, 0x0F, 0x0F, 0x3B, 0xBF,
    0xBD, 0x6A, 0x58, 0x33, 0x30, 0x30, 0xE4, 0x21, 0x2B, 0xFC, 0x29, 0xAA, 0xFE, 0x3D, 0x18, 0x0D,
    0x96, 0x11, 0xB8, 0x03, 0x15, 0x3C, 0x84, 0x19, 0x13, 0xCC, 0xF4, 0x7A, 0x5A, 0x4F, 0x8F, 0x60,
    0x27, 0xDF, 0xF9, 0xC9, 0xF1, 0x6A, 0xAA, 0xF9, 0xD9, 0xA4, 0xF3, 0x0E, 0x68, 0x4C, 0x55, 0x3E,
    0xA5, 0x74, 0x40, 0xFB, 0x41, 0x00, 0x9C, 0x0D, 0xF9, 0x49, 0xCB, 0x72, 0xAD, 0x0F, 0x17, 0x37,
    0x3D, 0x87, 0x82, 0xA0, 0xF1, 0xA1, 0xD8, 0x12, 0xCA, 0xF8, 0x50, 0x55, 0x9F, 0xB5, 0x4C, 0xEB,
    0xCE, 0x9F, 0x53, 0x74, 0x6F, 0x01, 0xE5, 0xEC, 0x80, 0x6A, 0x21, 0x60, 0xBF, 0xDA, 0x00, 0xF7,
    0xF3, 0xF9, 0x96, 0xFF, 0x53, 0xD5, 0x7F, 0x78, 0x02, 0xF7, 0x64, 0x06, 0xDF, 0x8F, 0xE5, 0xEA,
    0x42, 0x71, 0xF1, 0xCE, 0xD9, 0xA1, 0xDD, 0x9C, 0xDF, 0xE5, 0xEE, 0xF7, 0x04, 0xC0, 0xF5, 0x8A,
    0x4E, 0xF1, 0x3F, 0x8A, 0x7C, 0xD5, 0x71, 0x86, 0xE3, 0x4D, 0x04, 0x86, 0x1E, 0xD8, 0x00, 0xF0,
    0x6E, 0x9E, 0x68, 0x27, 0xBA, 0x8B, 0x49, 0x4A, 0x58, 0x2A, 0xF3, 0x1E, 0xB9, 0xEF, 0x97, 0xA7,
    0x32, 0x84, 0x7A, 0xD5, 0x40, 0xF6, 0xCB, 0xC8, 0xD1, 0x52, 0xE3, 0x98, 0x24, 0xA3, 0x0C, 0xDB,
    0x10, 0xEC, 0x9A, 0xD8, 0xB2, 0x23, 0x6C, 0x74, 0xFC, 0x47, 0xC9, 0x66, 0x37, 0x3C, 0x26, 0xEA,
    0xC5, 0x5D, 0x3E, 0xD9, 0xF4, 0x16, 0xBE, 0x79, 0x92, 0x60, 0xD2, 0x60, 0x3F, 0xD7, 0x8C, 0xF6,
    0x6B, 0xC9, 0xD6, 0xCD, 0x5E, 0x2D, 0x28, 0xB8, 0xD6, 0x9C, 0x01, 0x26, 0xC3, 0x78, 0x92, 0x4D,
    0xC0, 0xB0, 0x94, 0x1C, 0xD5, 0xE3, 0x82, 0x41, 0x33, 0x68, 0x86, 0xB6, 0x13, 0x40, 0x2B, 0x60,
    0xB8, 0x08, 0x6D, 0xDC, 0xA0, 0x87, 0x94, 0x77, 0x8E, 0xFE, 0x8A, 0x97, 0xA2, 0x39, 0xE7, 0x38,
    0x88, 0xCF, 0x9C, 0xD8, 0xB5, 0x13, 0x23, 0xD1, 0x7C, 0x79, 0x25, 0xB4, 0x5F, 0x7D, 0xFD, 0xA5,
    0xF0, 0x77, 0x5F, 0xFD, 0xDF, 0x8A, 0xFA, 0xEA, 0xCB, 0xAB, 0x84, 0x8A, 0x91, 0x09, 0x86, 0x93,
    0x92, 0x23, 0x67, 0x94, 0x0C, 0x43, 0x44, 0xC1, 0xE0, 0xAF, 0xFF, 0xC4, 0xC2, 0x5D, 0xEC, 0x97,
    0x0B, 0x15, 0xBB, 0xFD, 0xC2, 0x61, 0xF8, 0xD1, 0x82, 0xA3, 0x70, 0x44, 0x93, 0x5C, 0x84, 0x8B,
    0xED, 0x82, 0x61, 0xB2, 0x09, 0x0C, 0xD5, 0x56, 0xB2, 0x33, 0x34, 0x04, 0xF8, 0x34, 0x01, 0xC3,
    0xB3, 0x05, 0x70, 0x1A, 0x69, 0xA3, 0x71, 0x58, 0x06, 0x8D, 0x05, 0xAF, 0x0F, 0x9B, 0xBF, 0x07,
    0xB8, 0xC2, 0x2C, 0xBE, 0xBB, 0x73, 0x71, 0xA7, 0xCB, 0x81, 0xDB, 0xE4, 0x82, 0x5D, 0xDC, 0x64,
    0x63, 0x2B, 0x3F, 0x1B, 0xDD, 0x24, 0x6F, 0x41, 0x66, 0x20, 0x98, 0xC4, 0xCE, 0xAC, 0x44, 0x41,
    0x6A, 0x3F, 0x60, 0x48, 0x80, 0x5F, 0xB2, 0x9D, 0x56, 0x35, 0x5F, 0xF9, 0x5A, 0xF6, 0xA2, 0x80,
    0xD5, 0xA0, 0x9C, 0x89, 0xC0, 0xF0, 0xCF, 0x8B, 0xE0, 0x53, 0x81, 0xBE, 0xDE, 0x72, 0xA4, 0x59,
    0xEA, 0x11, 0xD9, 0x41, 0xF5, 0x10, 0xC5, 0x86, 0xA3, 0xC0, 0x91, 0x0C, 0x47, 0xB4, 0x82, 0x1E,
    0xA8, 0x09, 0xA0, 0x49, 0x5A, 0x3F, 0x0B, 0x38, 0xA9, 0xBD, 0xF0, 0xC2, 0xF2, 0x52, 0xCB, 0x2B,
    0x02, 0xB0, 0xEB, 0xD1, 0xDE, 0x09, 0x5E, 0x76, 0x23, 0xA7, 0x4B, 0xED, 0xA0, 0xEF, 0xDC, 0xE7,
    0xA4, 0xB6, 0x50, 0x33, 0x8F, 0xE0, 0x23, 0x0A, 0x06, 0x18, 0x76, 0x6A, 0x18, 0x6E, 0xBD, 0x7F,
    0xF1, 0xC7, 0xED, 0x51, 0xCC, 0x79, 0x0D, 0xEE, 0x28, 0x97, 0x5B, 0x8F, 0xCA, 0x1E, 0xFF, 0x89,
    0x8E, 0x3E, 0xAB, 0x9C, 0x1D, 0x15, 0xEB, 0x17, 0x9C, 0xB7, 0x2E, 0x6E, 0x31, 0x2A, 0xBD, 0x88,
    0x2B, 0xAF, 0x2F, 0xE2, 0x46, 0xA0, 0x38, 0x3F, 0xAA, 0xFF, 0x07, 0xAD, 0x8F, 0x81, 0x65, 0x06,
    0x31, 0x1C, 0xC5, 0x7F, 0xF7, 0x1D, 0xAE, 0x1C, 0x6E, 0x82, 0xBA, 0x11, 0x32, 0x42, 0x32, 0x42,
    0x37, 0x69, 0x37, 0xB8, 0x8C, 0xD0, 0x4D, 0x3A, 0x42, 0x32, 0xC2, 0x8D, 0x70, 0x28, 0x00, 0xFD,
    0xE3, 0x90, 0xD2, 0x2F, 0xAF, 0x17, 0x41, 0xF1, 0x01, 0xF4, 0xF9, 0xF9, 0x89, 0xE7, 0x45, 0x84,
    0x55, 0x91, 0x41, 0x3A, 0x99, 0xA4, 0xCA, 0xA2, 0x0F, 0xE1, 0x6D, 0xA8, 0xF8, 0x83, 0x17, 0xBC,
    0x01, 0xAE, 0x06, 0x58, 0xA4, 0xD0, 0x26, 0x05, 0x92, 0x04, 0x37, 0x29, 0x36, 0x67, 0x20, 0xE5,
    0x39, 0xB3, 0x65, 0x6F, 0x28, 0x3B, 0x7D, 0x29, 0x2C, 0x52, 0x6D, 0x8B, 0x02, 0x4E, 0x81, 0x1E,
    0x0A, 0x70, 0xAB, 0x00, 0x09, 0x40, 0xC0, 0xF4, 0x03, 0xCC, 0x06, 0xA4, 0xC2, 0x24, 0xC5, 0x55,
    0xDA, 0xFD, 0xB1, 0x1D, 0x3E, 0x3F, 0xE1, 0xBF, 0x61, 0x55, 0x6D, 0xFD, 0xCE, 0x26, 0x03, 0x77,
    0xCE, 0x61, 0x39, 0xB7, 0xCF, 0x57, 0xF3, 0x92, 0xCD, 0x52, 0x6E, 0xF7, 0x00, 0x98, 0x76, 0x58,
    0x0C, 0xC6, 0x02, 0xE3, 0x09, 0xCE, 0xC0, 0x47, 0x24, 0x69, 0xFF, 0x53, 0x6A, 0xEA, 0xAF, 0xFE,
    0xA3, 0x7A, 0xDE, 0x80, 0xF1, 0x0E, 0xA0, 0x87, 0xEF, 0x8D, 0xA5, 0x9D, 0x3B, 0x92, 0x75, 0xE6,
    0xDE, 0x3C, 0xA2, 0xF7, 0x51, 0x76, 0xC1, 0x05, 0xF0, 0x0C, 0x29, 0xB2, 0xE6, 0x8B, 0x21, 0xC5,
    0xE1, 0xCE, 0x2F, 0x15, 0x8A, 0x01, 0x66, 0x04, 0x41, 0x10, 0x45, 0xFF, 0x76, 0xDB, 0x2C, 0x56,
    0x32, 0x81, 0x05, 0xD0, 0x47, 0x98, 0x13, 0x44, 0xD5, 0x0D, 0x12, 0x64, 0x6F, 0x13, 0x6A, 0x08,
    0x02, 0xC8, 0x85, 0x76, 0x32, 0x4D, 0x2E, 0x90, 0x23, 0x34, 0x72, 0x80, 0x12, 0x85, 0x41, 0x27,
    0x3F, 0xB3, 0xCF, 0x83, 0xC7, 0x7B, 0x01, 0x61, 0xB5, 0xB4, 0xDD, 0x53, 0xF2, 0xA3, 0x17, 0x97,
    0xE9, 0x0C, 0xCC, 0xC8, 0xD4, 0x81, 0x4D, 0x3E, 0xD7, 0x13, 0x9E, 0x01, 0x0C, 0x7E, 0x11, 0xF6,
    0x0F, 0xF3, 0x2D, 0xC8, 0xBA, 0xB9, 0xB0, 0x5E, 0x4A, 0x35, 0xEA, 0xF8, 0x87, 0xF4, 0x0D, 0x01,
    0x95, 0x93, 0x00, 0x90, 0xDC, 0xF8, 0x18, 0x7C, 0x0F, 0x39, 0x38, 0x36, 0xB4, 0x84, 0xF4, 0xD9,
    0xBA, 0xCC, 0x26, 0xBD, 0xC4, 0x4E, 0x93, 0x3F, 0x1C, 0x9D, 0xE5, 0xE7, 0x57, 0xDE, 0xE2, 0xBC,
    0x57, 0x7B, 0xED, 0x03, 0x3D, 0xB3, 0x82, 0xC0, 0xFD, 0xF5, 0x77, 0x9B, 0x08, 0x42, 0xEA, 0x2D,
    0x0E, 0xB5, 0x78, 0x5E, 0x73, 0x8C, 0x2E, 0xD3, 0x1E, 0x77, 0x90, 0x76, 0x13, 0x29, 0x16, 0x3F,
    0x21, 0xE9, 0xF8, 0xB5, 0x80, 0x6A, 0x6B, 0x89, 0x7F, 0x8D, 0x4E, 0xC9, 0x01, 0xC2, 0x40, 0x08,
    0x1C, 0xEF, 0x27, 0x25, 0xA4, 0x84, 0x94, 0x40, 0x3A, 0x4B, 0x3A, 0x5B, 0x3A, 0xD0, 0x12, 0xB6,
    0x03, 0xF9, 0x79, 0x11, 0x71, 0xF0, 0xE5, 0x53, 0xEE, 0x9B, 0xC1, 0x1E, 0x24, 0xFD, 0x1A, 0xA3,
    0x19, 0x9C, 0x66, 0x17, 0xF8, 0xA1, 0xBC, 0x60, 0x08, 0x75, 0xA8, 0x8F, 0x77, 0xB4, 0x2E, 0x81,
    0xB4, 0xD3, 0x7B, 0x9B, 0xD3, 0x2E, 0x77, 0xC9, 0xF6, 0x99, 0xD3, 0xED, 0x7A, 0x07, 0x34, 0x9D,
    0x07, 0x38, 0x0E, 0x49, 0x03, 0xD8, 0xFC, 0xDB, 0x6C, 0x9C, 0x3E, 0xE8, 0xAB, 0x30, 0x2F, 0xC0,
    0x61, 0x42, 0x51, 0x33, 0x09, 0x35, 0xB9, 0x6B, 0x17, 0x1F, 0xC9, 0xE2, 0xDA, 0x99, 0xD9, 0x29,
    0x66, 0xDB, 0x05, 0x21, 0xAC, 0xC9, 0x9D, 0x42, 0xB1, 0x72, 0x38, 0xB8, 0x5B, 0x38, 0x78, 0x6C,
    0x2C, 0xED, 0xCC, 0x8D, 0x60, 0x16, 0x2A, 0x20, 0x6C, 0x7D, 0x00, 0xA5, 0x50, 0x81, 0x66, 0x1D,
    0x41, 0x14, 0x3D, 0xBB, 0x9B, 0x58, 0xF2, 0xB4, 0x13, 0x24, 0x40, 0x63, 0x3F, 0x61, 0xA1, 0x0A,
    0xC8, 0x0C, 0x05, 0x0A, 0x8A, 0xF4, 0x3B, 0x5A, 0x04, 0x50, 0x76, 0xB4, 0xBF, 0x51, 0xBC, 0x02,
    0xBC, 0x2F, 0x28, 0xDA, 0xCC, 0x48, 0x7E, 0x60, 0x0B, 0x8A, 0xC2, 0x82, 0x06, 0x85, 0x29, 0x5B,
    0x96, 0xEE, 0xEE, 0xE9, 0xBD, 0xF6, 0x45, 0xD3, 0x4A, 0x5F, 0xD1, 0x73, 0xE7, 0x5E, 0xE7, 0x9D,
    0x73, 0xEE, 0x7D, 0xEC, 0xFA, 0x2E, 0x00, 0x0F, 0x1F, 0x9C, 0x9C, 0x97, 0x6D, 0xD9, 0x56, 0xFD,
    0xA3, 0x37, 0xB9, 0xDF, 0x55, 0x40, 0x16, 0xF1, 0x22, 0x8C, 0xEB, 0xF3, 0x75, 0xFB, 0xD6, 0xAD,
    0xF1, 0xF7, 0x7A, 0x0A, 0xA0, 0x70, 0xF7, 0x60, 0xE7, 0x93, 0xFB, 0xE5, 0x41, 0xF6, 0x04, 0x07,
    0x3B, 0x6A, 0xDF, 0xD2, 0xCB, 0xE3, 0xC4, 0xE9, 0xD9, 0x19, 0x29, 0x6C, 0xDB, 0x9B, 0xCD, 0xC6,
    0x51, 0x91, 0x6E, 0xCF, 0x8D, 0x62, 0x6D, 0xA2, 0xF1, 0x35, 0x2C, 0x6C, 0x0C, 0x2D, 0x53, 0xE8,
    0x6C, 0x04, 0x6A, 0xAF, 0x9C, 0xC2, 0xC5, 0x75, 0xEA, 0x1E, 0x61, 0x4F, 0x13, 0x9D, 0x26, 0x54,
    0xAD, 0x9C, 0xC5, 0x29, 0x4C, 0x7C, 0x6F, 0xFC, 0x58, 0x67, 0xBD, 0x2D, 0x92, 0xBD, 0x1A, 0xC3,
    0xA7, 0x99, 0x3F, 0x18, 0xAE, 0x29, 0x1C, 0x40, 0xFD, 0x6A, 0x58, 0x14, 0x7E, 0x15, 0x65, 0x32,
    0x71, 0x34, 0x6E, 0xA8, 0xB3, 0x24, 0xE1, 0xA3, 0xCC, 0xED, 0xE1, 0x50, 0x62, 0x12, 0xDE, 0xAE,
    0x5C, 0x6A, 0xA0, 0x72, 0x83, 0xCD, 0xD3, 0x69, 0x91, 0x50, 0x77, 0xF8, 0xB3, 0x49, 0x8E, 0x37,
    0x7D, 0xFC, 0xFC, 0xFB, 0x99, 0x6A, 0xFF, 0xD1, 0x3B, 0xEE, 0xA5, 0xDF, 0xBC, 0xBB, 0x76, 0xF3,
    0x19, 0x86, 0xD1, 0xB2, 0x6B, 0x98, 0x02, 0x93, 0x4C, 0xAB, 0xAF, 0x35, 0xF4, 0xD9, 0x3B, 0xEC,
    0xE3, 0x48, 0xCA, 0xC6, 0xE0, 0x89, 0xD0, 0xF1, 0x8A, 0x9E, 0xDF, 0x74, 0x86, 0x96, 0x97, 0x74,
    0xB5, 0x6F, 0x70, 0x01, 0x30, 0xA2, 0xEC, 0xA1, 0x28, 0xD9, 0xC3, 0x24, 0x28, 0x8C, 0xFE, 0x5D,
    0x84, 0xC2, 0x7E, 0x21, 0x1A, 0xB7, 0x50, 0x1F, 0x40, 0x2C, 0x14, 0xB6, 0x18, 0xB7, 0xD4, 0x35,
    0xDB, 0x03, 0xB0, 0x1F, 0xB9, 0x3D, 0x80, 0x8A, 0x93, 0x8D, 0x87, 0xC0, 0x1E, 0xB0, 0xE2, 0xD0,
    0x3C, 0xA6, 0xCF, 0xD9, 0x22, 0x63, 0x3B, 0x57, 0x4C, 0x86, 0xBD, 0x38, 0xC5, 0x68, 0x39, 0xD4,
    0xD4, 0x33, 0x65, 0x1F, 0x5E, 0x8F, 0xB2, 0x0D, 0xC0, 0x74, 0xC4, 0x64, 0x11, 0x00, 0xD8, 0x38,
    0x63, 0x6E, 0xD0, 0x00, 0x08, 0x50, 0xD5, 0x11, 0xC0, 0x8C, 0xF0, 0x79, 0xB4, 0xD7, 0x33, 0x50,
    0x8C, 0xB0, 0xEC, 0x2B, 0xBD, 0xB0, 0x4A, 0x30, 0xEC, 0x56, 0xEC, 0xF5, 0x00, 0x72, 0x3A, 0xD0,
    0x03, 0xC7, 0x0E, 0x8C, 0x05, 0x51, 0x4E, 0x30, 0x92, 0x4D, 0x08, 0x2D, 0x9A, 0x4E, 0x88, 0xFE,
    0x2C, 0xE7, 0x25, 0x17, 0x25, 0x25, 0x62, 0xDD, 0xAB, 0x28, 0xE1, 0x8C, 0x2A, 0xCA, 0xCB, 0x29,
    0x99, 0x5F, 0x8B, 0x82, 0x4A, 0xA7, 0xF5, 0x00, 0x08, 0x20, 0x9B, 0x00, 0x14, 0x03, 0xB0, 0x7C,
    0xB5, 0x3A, 0xDE, 0x36, 0xF3, 0xF1, 0x5F, 0x66, 0xD9, 0xDF, 0x36, 0x97, 0x6F, 0xFC, 0x12, 0x94,
    0xFA, 0x80, 0x1B, 0x5C, 0xA0, 0x81, 0x95, 0xAA, 0x9C, 0xF1, 0xAB, 0x98, 0xB9, 0x9F, 0x8D, 0x8D,
    0xB1, 0x4D, 0xC6, 0x30, 0x18, 0x44, 0x1F, 0x71, 0x91, 0x82, 0xC2, 0x15, 0x35, 0x23, 0x64, 0x84,
    0x78, 0x08, 0xB2, 0x04, 0x0D, 0x23, 0x30, 0x12, 0x0B, 0x44, 0xB2, 0x47, 0xF0, 0x08, 0x8C, 0x90,
    0x82, 0xC2, 0x85, 0x93, 0xC3, 0xA7, 0x08, 0xEA, 0xBF, 0xF0, 0x93, 0xF5, 0xE9, 0xEE, 0xDD, 0xCB,
    0x96, 0x78, 0xCB, 0x3A, 0xE9, 0x59, 0x4A, 0x7D, 0xE7, 0xB5, 0x0C, 0x84, 0x3F, 0xC4, 0x07, 0x00,
    0xC6, 0xD4, 0xF6, 0xB8, 0x7D, 0x1C, 0x7B, 0x94, 0xEA, 0xC0, 0x05, 0xE4, 0x06, 0xB3, 0x94, 0x58,
    0xA4, 0xCA, 0xA7, 0x74, 0xA0, 0x12, 0xDB, 0x93, 0x08, 0x29, 0x38, 0xB0, 0x4A, 0x05, 0xEF, 0x32,
    0x77, 0x30, 0x7C, 0x1B, 0xCC, 0x3A, 0x20, 0x08, 0x18, 0xE1, 0x29, 0xE1, 0x9A, 0x05, 0x3F, 0x56,
    0x7D, 0xDF, 0x52, 0xEB, 0x25, 0xF5, 0xFB, 0x75, 0xDE, 0xBF, 0x2E, 0x77, 0xFE, 0x6F, 0x4C, 0xF2,
    0x3C, 0xFE, 0x4A, 0xAE, 0x57, 0x96, 0x13, 0x9E, 0xE5, 0x58, 0x01, 0x6F, 0xAC, 0x0D, 0xA2, 0x7B,
    0x16, 0xAA, 0xFE, 0x02, 0xAD, 0x92, 0x01, 0x86, 0xDD, 0x50, 0x18, 0x85, 0xBF, 0xBC, 0x67, 0x84,
    0x06, 0x59, 0x42, 0x96, 0x90, 0x1D, 0xF4, 0x3E, 0xA0, 0x80, 0x42, 0x07, 0x40, 0x01, 0x18, 0x98,
    0x0D, 0x0C, 0x79, 0xCB, 0x99, 0x89, 0xD2, 0x0D, 0x0C, 0xF7, 0xD2, 0x0D, 0xA4, 0x3B, 0x78, 0x18,
    0x50, 0x10, 0x1A, 0xDC, 0x19, 0x37, 0x39, 0xCD, 0x7F, 0xBD, 0x90, 0xA1, 0x50, 0x7A, 0xE5, 0x9C,
    0xE4, 0x9E, 0xF3, 0xFF, 0xE7, 0x0F, 0xFE, 0x72, 0x39, 0x51, 0x6A, 0x5A, 0x21, 0x0E, 0xDF, 0x15,
    0xC0, 0x5F, 0xA0, 0x1D, 0xB9, 0xA9, 0x62, 0xA1, 0xDF, 0xA9, 0x96, 0x52, 0xBB, 0xC2, 0x4D, 0x2E,
    0x75, 0xA1, 0x4E, 0xFE, 0x5C, 0x26, 0x19, 0x42, 0x65, 0xF7, 0xC9, 0xBD, 0xFA, 0xB1, 0x91, 0x86,
    0x52, 0x3A, 0xE1, 0x23, 0x92, 0x16, 0x6D, 0xB8, 0xBD, 0x5D, 0x04, 0xFF, 0x1F, 0xFB, 0xF3, 0xD6,
    0x3F, 0xB9, 0x11, 0x9A, 0x08, 0xD5, 0x0C, 0x47, 0x01, 0x0A, 0xE0, 0x2E, 0xD0, 0x4C, 0x50, 0x27,
    0x13, 0xED, 0x6D, 0x77, 0xD3, 0xB3, 0x6F, 0x92, 0xD5, 0x5B, 0x9F, 0xF5, 0xEB, 0x57, 0xFF, 0xA4,
    0xF7, 0x27, 0x6D, 0xE8, 0xFB, 0xFE, 0x11, 0x68, 0x46, 0xC0, 0x0D, 0xD7, 0xFC, 0x42, 0xC0, 0x71,
    0x06, 0xEA, 0xF8, 0xDE, 0x3C, 0xC3, 0x21, 0x9B, 0x69, 0x33, 0xDB, 0x6C, 0x86, 0xBD, 0x59, 0x66,
    0x73, 0xDA, 0xCC, 0xCE, 0xCC, 0xF6, 0xDC, 0x5D, 0x34, 0xFA, 0xD1, 0x85, 0x1B, 0xB6, 0xC8, 0xF6,
    0xB2, 0xE5, 0xBA, 0xB0, 0xD5, 0xF9, 0x33, 0xA0, 0x93, 0x11, 0x57, 0x3A, 0x2C, 0xDB, 0xDF, 0xD8,
    0x54, 0x23, 0x1F, 0xAB, 0x88, 0x52, 0x3D, 0xA1, 0xA5, 0x1E, 0x91, 0x56, 0x42, 0x5F, 0x57, 0x72,
    0x1A, 0x8C, 0x02, 0x34, 0x46, 0xB5, 0x51, 0x65, 0x71, 0x47, 0x41, 0xA6, 0x72, 0xC1, 0x0F, 0xAD,
    0x7E, 0x28, 0x76, 0x92, 0x92, 0xFF, 0xA4, 0x9F, 0x8B, 0x10, 0xCA, 0x5F, 0x59, 0xCB, 0x6E, 0xAE,
    0xA3, 0x4C, 0x34, 0xC2, 0x89, 0xEE, 0x23, 0x1E, 0xF4, 0x2F, 0xCF, 0xC2, 0xC3, 0x8C, 0x12, 0x9A,
    0x70, 0x03, 0xF5, 0xF4, 0xE1, 0xE4, 0xF4, 0x79, 0xF0, 0x52, 0x90, 0x57, 0x78, 0x2E, 0x05, 0x7C,
    0x59, 0xF5, 0xEA, 0xAF, 0x3A, 0x54, 0x09, 0x9A, 0xF1, 0xAE, 0xF7, 0xD1, 0x4B, 0xF3, 0x06, 0xEA,
    0x2C, 0x73, 0xE7, 0xDF, 0x1E, 0xF7, 0xFA, 0x55, 0xB6, 0x51, 0x00, 0x0F, 0x70, 0x9F, 0xB8, 0x57,
    0x5E, 0x70, 0xE9, 0x15, 0x45, 0x90, 0x5E, 0xE8, 0xA4, 0x58, 0x78, 0x25, 0x0A, 0x9F, 0xA0, 0x78,
    0x5E, 0x17, 0xE0, 0xDB, 0x7E, 0x21, 0x22, 0xA0, 0x09, 0xB4, 0x92, 0x97, 0x5E, 0x72, 0x2D, 0x5D,
    0xCE, 0xB2, 0xDE, 0x9C, 0x35, 0xC3, 0x0C, 0xD8, 0xF2, 0xEC, 0x7B, 0xFF, 0x00,
};

static const EpdGlyph atkinson_hn_14_boldGlyphs[] = {
    { 0, 0, 0, 0, 0, 0, 0 }, // U+0000
    { 0, 0, 121, 0, 0, 0, 0 }, // U+000D
    { 0, 0, 147, 0, 0, 0, 0 }, // U+0020
    { 7, 20, 142, 1, 20, 35, 0 }, // !
    { 10, 7, 183, 1, 20, 18, 35 }, // "
    { 22, 20, 359, 0, 20, 110, 53 }, // #
    { 18, 26, 285, 0, 23, 117, 163 }, // $
    { 28, 20, 453, 0, 20, 140, 280 }, // %
    { 20, 21, 338, 1, 21, 105, 420 }, // &
    { 5, 7, 99, 1, 20, 9, 525 }, // '
    { 9, 26, 157, 1, 21, 59, 534 }, // (
    { 9, 26, 157, 0, 21, 59, 593 }, // )
    { 12, 11, 226, 1, 20, 33, 652 }, // *
    { 16, 15, 277, 1, 15, 60, 685 }, // +
    { 6, 10, 127, 1, 6, 15, 745 }, // ,
    { 11, 4, 174, 0, 9, 11, 760 }, // -
    { 6, 6, 128, 1, 6, 9, 771 }, // .
    { 13, 24, 206, 0, 21, 78, 780 }, // /
    { 17, 20, 308, 1, 20, 85, 858 }, // 0
    { 9, 20, 206, 1, 20, 45, 943 }, // 1
    { 16, 20, 271, 0, 20, 80, 988 }, // 2
    { 15, 20, 280, 1, 20, 75, 1068 }, // 3
    { 18, 20, 291, 0, 20, 90, 1143 }, // 4
    { 16, 20, 284, 1, 20, 80, 1233 }, // 5
    { 16, 20, 293, 1, 20, 80, 1313 }, // 6
    { 15, 20, 251, 0, 20, 75, 1393 }, // 7
    { 16, 20, 291, 1, 20, 80, 1468 }, // 8
    { 15, 20, 266, 1, 20, 75, 1548 }, // 9
    { 6, 15, 128, 1, 15, 23, 1623 }, // :
    { 6, 19, 128, 1, 15, 29, 1646 }, // ;
    { 15, 15, 266, 1, 15, 57, 1675 }, // <
    { 16, 9, 285, 1, 12, 36, 1732 }, // =
    { 15, 15, 266, 1, 15, 57, 1768 }, // >
    { 16, 20, 256, 0, 20, 80, 1825 }, // ?
    { 22, 21, 365, 0, 18, 116, 1905 }, // @
    { 20, 20, 317, 0, 20, 100, 2021 }, // A
    { 18, 20, 301, 1, 20, 90, 2121 }, // B
    { 19, 20, 308, 0, 20, 95, 2211 }, // C
    { 19, 20, 322, 1, 20, 95, 2306 }, // D
    { 16, 20, 280, 1, 20, 80, 2401 }, // E
    { 15, 20, 264, 1, 20, 75, 2481 }, // F
    { 20, 20, 336, 0, 20, 100, 2556 }, // G
    { 18, 20, 328, 1, 20, 90, 2656 }, // H
    { 11, 20, 199, 1, 20, 55, 2746 }, // I
    { 15, 20, 263, 0, 20, 75, 2801 }, // J
    { 19, 20, 310, 1, 20, 95, 2876 }, // K
    { 15, 20, 258, 1, 20, 75, 2971 }, // L
    { 23, 20, 401, 1, 20, 115, 3046 }, // M
    { 19, 20, 335, 1, 20, 95, 3161 }, // N
    { 21, 20, 349, 0, 20, 105, 3256 }, // O
    { 17, 20, 294, 1, 20, 85, 3361 }, // P
    { 23, 22, 354, 0, 20, 127, 3446 }, // Q
    { 18, 20, 304, 1, 20, 90, 3573 }, // R
    { 18, 20, 285, 0, 20, 90, 3663 }, // S
    { 18, 20, 284, 0, 20, 90, 3753 }, // T
    { 18, 20, 320, 1, 20, 90, 3843 }, // U
    { 19, 20, 302, 0, 20, 95, 3933 }, // V
    { 26, 20, 414, 0, 20, 130, 4028 }, // W
    { 20, 20, 321, 0, 20, 100, 4158 }, // X
    { 20, 20, 305, 0, 20, 100, 4258 }, // Y
    { 18, 20, 289, 0, 20, 90, 4358 }, // Z
    { 8, 26, 159, 1, 21, 52, 4448 }, // [
    { 13, 24, 206, 0, 21, 78, 4500 }, // <backslash>
    { 8, 26, 161, 1, 21, 52, 4578 }, // ]
    { 15, 11, 272, 1, 20, 42, 4630 }, // ^
    { 13, 4, 187, -1, 0, 13, 4672 }, // _
    { 7, 5, 146, 1, 23, 9, 4685 }, // `
    { 15, 15, 258, 0, 15, 57, 4694 }, // a
    { 16, 21, 279, 1, 21, 84, 4751 }, // b
    { 15, 15, 239, 0, 15, 57, 4835 }, // c
    { 17, 21, 279, 0, 21, 90, 4892 }, // d
    { 17, 15, 263, 0, 15, 64, 4982 }, // e
    { 10, 21, 171, 0, 21, 53, 5046 }, // f
    { 16, 21, 277, 0, 15, 84, 5099 }, // g
    { 15, 21, 267, 1, 21, 79, 5183 }, // h
    { 8, 22, 141, 0, 22, 44, 5262 }, // i
    { 10, 27, 121, -3, 22, 68, 5306 }, // j
    { 16, 21, 260, 1, 21, 84, 5374 }, // k
    { 8, 21, 149, 1, 21, 42, 5458 }, // l
    { 24, 15, 412, 1, 15, 90, 5500 }, // m
    { 15, 15, 267, 1, 15, 57, 5590 }, // n
    { 16, 15, 269, 0, 15, 60, 5647 }, // o
    { 16, 20, 279, 1, 15, 80, 5707 }, // p
    { 20, 20, 280, 0, 15, 100, 5787 }, // q
    { 10, 16, 176, 1, 16, 40, 5887 }, // r
    { 15, 15, 238, 0, 15, 57, 5927 }, // s
    { 10, 19, 176, 0, 19, 48, 5984 }, // t
    { 14, 15, 265, 1, 15, 53, 6032 }, // u
    { 16, 15, 249, 0, 15, 60, 6085 }, // v
    { 22, 15, 346, 0, 15, 83, 6145 }, // w
    { 16, 15, 253, 0, 15, 60, 6228 }, // x
    { 15, 20, 245, 0, 15, 75, 6288 }, // y
    { 15, 15, 237, 0, 15, 57, 6363 }, // z
    { 11, 26, 179, 0, 21, 72, 6420 }, // {
    { 5, 30, 119, 1, 25, 38, 6492 }, // |
    { 11, 26, 179, 0, 21, 72, 6530 }, // }
    { 14, 7, 250, 1, 11, 25, 6602 }, // ~
    { 0, 0, 147, 0, 0, 0, 0 }, // U+00A0
    { 7, 20, 142, 1, 15, 35, 0 }, // U+00A1
    { 15, 21, 239, 0, 18, 79, 35 }, // U+00A2
    { 17, 20, 296, 1, 20, 85, 114 }, // U+00A3
    { 15, 15, 277, 1, 17, 57, 199 }, // U+00A4
    { 20, 20, 305, 0, 20, 100, 256 }, // U+00A5
    { 5, 30, 119, 1, 25, 38, 356 }, // U+00A6
    { 16, 25, 260, 0, 20, 100, 394 }, // U+00A7
    { 9, 3, 273, 4, 22, 7, 494 }, // U+00A8
    { 21, 20, 372, 1, 20, 105, 501 }, // U+00A9
    { 9, 9, 182, 1, 20, 21, 606 }, // U+00AA
    { 17, 13, 304, 1, 14, 56, 627 }, // U+00AB
    { 16, 11, 288, 1, 12, 44, 683 }, // U+00AC
    { 21, 20, 372, 1, 20, 105, 727 }, // U+00AE
    { 16, 2, 233, -1, 24, 8, 832 }, // U+00AF
    { 10, 10, 185, 1, 20, 25, 840 }, // U+00B0
    { 16, 15, 286, 1, 15, 60, 865 }, // U+00B1
    { 10, 12, 188, 1, 23, 30, 925 }, // U+00B2
    { 10, 13, 190, 1, 24, 33, 955 }, // U+00B3
    { 7, 5, 146, 1, 23, 9, 988 }, // U+00B4
    { 15, 25, 244, 0, 20, 94, 997 }, // U+00B6
    { 7, 6, 138, 1, 10, 11, 1091 }, // U+00B7
    { 7, 7, 107, 0, 0, 13, 1102 }, // U+00B8
    { 6, 12, 133, 1, 23, 18, 1115 }, // U+00B9
    { 10, 10, 189, 1, 21, 25, 1133 }, // U+00BA
    { 17, 13, 304, 1, 14, 56, 1158 }, // U+00BB
    { 23, 20, 395, 1, 20, 115, 1214 }, // U+00BC
    { 23, 20, 399, 1, 20, 115, 1329 }, // U+00BD
    { 25, 20, 431, 1, 20, 125, 1444 }, // U+00BE
    { 16, 21, 247, 0, 15, 84, 1569 }, // U+00BF
    { 20, 27, 317, 0, 27, 135, 1653 }, // U+00C0
    { 20, 27, 317, 0, 27, 135, 1788 }, // U+00C1
    { 20, 27, 317, 0, 27, 135, 1923 }, // U+00C2
    { 20, 26, 317, 0, 26, 130, 2058 }, // U+00C3
    { 20, 26, 317, 0, 26, 130, 2188 }, // U+00C4
    { 20, 25, 317, 0, 25, 125, 2318 }, // U+00C5
    { 28, 20, 452, 0, 20, 140, 2443 }, // U+00C6
    { 19, 26, 308, 0, 20, 124, 2583 }, // U+00C7
    { 16, 27, 280, 1, 27, 108, 2707 }, // U+00C8
    { 16, 27, 280, 1, 27, 108, 2815 }, // U+00C9
    { 16, 27, 280, 1, 27, 108, 2923 }, // U+00CA
    { 16, 26, 280, 1, 26, 104, 3031 }, // U+00CB
    { 11, 27, 199, 1, 27, 75, 3135 }, // U+00CC
    { 11, 27, 199, 1, 27, 75, 3210 }, // U+00CD
    { 12, 27, 199, 0, 27, 81, 3285 }, // U+00CE
    { 11, 26, 199, 1, 26, 72, 3366 }, // U+00CF
    { 20, 20, 331, 0, 20, 100, 3438 }, // U+00D0
    { 19, 26, 335, 1, 26, 124, 3538 }, // U+00D1
    { 21, 26, 349, 0, 26, 137, 3662 }, // U+00D2
    { 21, 26, 349, 0, 26, 137, 3799 }, // U+00D3
    { 21, 26, 349, 0, 26, 137, 3936 }, // U+00D4
    { 21, 26, 349, 0, 26, 137, 4073 }, // U+00D5
    { 21, 26, 349, 0, 26, 137, 4210 }, // U+00D6
    { 14, 14, 250, 1, 14, 49, 4347 }, // U+00D7
    { 21, 20, 349, 0, 20, 105, 4396 }, // U+00D8
    { 18, 27, 320, 1, 27, 122, 4501 }, // U+00D9
    { 18, 27, 320, 1, 27, 122, 4623 }, // U+00DA
    { 18, 27, 320, 1, 27, 122, 4745 }, // U+00DB
    { 18, 26, 320, 1, 26, 117, 4867 }, // U+00DC
    { 20, 27, 305, 0, 27, 135, 4984 }, // U+00DD
    { 17, 20, 294, 1, 20, 85, 5119 }, // U+00DE
    { 17, 20, 291, 1, 20, 85, 5204 }, // U+00DF
    { 15, 21, 258, 0, 21, 79, 5289 }, // U+00E0
    { 15, 21, 258, 0, 21, 79, 5368 }, // U+00E1
    { 15, 21, 258, 0, 21, 79, 5447 }, // U+00E2
    { 15, 21, 258, 0, 21, 79, 5526 }, // U+00E3
    { 15, 21, 258, 0, 21, 79, 5605 }, // U+00E4
    { 15, 24, 258, 0, 24, 90, 5684 }, // U+00E5
    { 26, 15, 410, 0, 15, 98, 5774 }, // U+00E6
    { 15, 21, 239, 0, 15, 79, 5872 }, // U+00E7
    { 17, 21, 263, 0, 21, 90, 5951 }, // U+00E8
    { 17, 21, 263, 0, 21, 90, 6041 }, // U+00E9
    { 17, 21, 263, 0, 21, 90, 6131 }, // U+00EA
    { 17, 21, 263, 0, 21, 90, 6221 }, // U+00EB
    { 8, 21, 141, 0, 21, 42, 6311 }, // U+00EC
    { 10, 21, 141, 0, 21, 53, 6353 }, // U+00ED
    { 12, 21, 141, -1, 21, 63, 6406 }, // U+00EE
    { 12, 21, 147, -1, 21, 63, 6469 }, // U+00EF
    { 17, 22, 275, 0, 22, 94, 6532 }, // U+00F0
    { 15, 21, 267, 1, 21, 79, 6626 }, // U+00F1
    { 16, 21, 269, 0, 21, 84, 6705 }, // U+00F2
    { 16, 21, 269, 0, 21, 84, 6789 }, // U+00F3
    { 16, 21, 269, 0, 21, 84, 6873 }, // U+00F4
    { 16, 21, 269, 0, 21, 84, 6957 }, // U+00F5
    { 16, 21, 269, 0, 21, 84, 7041 }, // U+00F6
    { 16, 15, 277, 1, 15, 60, 7125 }, // U+00F7
    { 16, 17, 269, 0, 16, 68, 7185 }, // U+00F8
    { 14, 21, 265, 1, 21, 74, 7253 }, // U+00F9
    { 14, 21, 265, 1, 21, 74, 7327 }, // U+00FA
    { 14, 21, 265, 1, 21, 74, 7401 }, // U+00FB
    { 14, 21, 265, 1, 21, 74, 7475 }, // U+00FC
    { 15, 26, 245, 0, 21, 98, 7549 }, // U+00FD
    { 16, 26, 279, 1, 21, 104, 7647 }, // U+00FE
    { 15, 26, 245, 0, 21, 98, 7751 }, // U+00FF
    { 20, 25, 317, 0, 25, 125, 0 }, // U+0100
    { 15, 20, 258, 0, 20, 75, 125 }, // U+0101
    { 20, 26, 317, 0, 26, 130, 200 }, // U+0102
    { 15, 20, 258, 0, 20, 75, 330 }, // U+0103
    { 20, 25, 317, 0, 20, 125, 405 }, // U+0104
    { 15, 20, 258, 0, 15, 75, 530 }, // U+0105
    { 19, 26, 308, 0, 26, 124, 605 }, // U+0106
    { 15, 21, 239, 0, 21, 79, 729 }, // U+0107
    { 19, 26, 308, 0, 26, 124, 808 }, // U+010A
    { 15, 21, 239, 0, 21, 79, 932 }, // U+010B
    { 19, 26, 308, 0, 26, 124, 1011 }, // U+010C
    { 15, 21, 239, 0, 21, 79, 1135 }, // U+010D
    { 19, 26, 322, 1, 26, 124, 1214 }, // U+010E
    { 21, 21, 325, 0, 21, 111, 1338 }, // U+010F
    { 20, 20, 331, 0, 20, 100, 1449 }, // U+0110
    { 19, 21, 279, 0, 21, 100, 1549 }, // U+0111
    { 16, 25, 280, 1, 25, 100, 1649 }, // U+0112
    { 17, 20, 263, 0, 20, 85, 1749 }, // U+0113
    { 16, 26, 280, 1, 26, 104, 1834 }, // U+0116
    { 17, 21, 263, 0, 21, 90, 1938 }, // U+0117
    { 16, 25, 280, 1, 20, 100, 2028 }, // U+0118
    { 17, 20, 263, 0, 15, 85, 2128 }, // U+0119
    { 16, 26, 280, 1, 26, 104, 2213 }, // U+011A
    { 17, 21, 263, 0, 21, 90, 2317 }, // U+011B
    { 20, 25, 336, 0, 25, 125, 2407 }, // U+011E
    { 16, 26, 277, 0, 20, 104, 2532 }, // U+011F
    { 20, 26, 336, 0, 26, 130, 2636 }, // U+0120
    { 16, 27, 277, 0, 21, 108, 2766 }, // U+0121
    { 20, 27, 336, 0, 20, 135, 2874 }, // U+0122
    { 16, 29, 277, 0, 23, 116, 3009 }, // U+0123
    { 21, 20, 328, 0, 20, 105, 3125 }, // U+0126
    { 17, 21, 267, -1, 21, 90, 3230 }, // U+0127
    { 11, 25, 199, 1, 25, 69, 3320 }, // U+012A
    { 10, 20, 141, 0, 20, 50, 3389 }, // U+012B
    { 11, 25, 199, 1, 20, 69, 3439 }, // U+012E
    { 8, 27, 141, 0, 22, 54, 3508 }, // U+012F
    { 11, 26, 199, 1, 26, 72, 3562 }, // U+0130
    { 8, 15, 141, 0, 15, 30, 3634 }, // U+0131
    { 27, 20, 461, 1, 20, 135, 3664 }, // U+0132
    { 16, 27, 262, 0, 22, 108, 3799 }, // U+0133
    { 19, 27, 310, 1, 20, 129, 3907 }, // U+0136
    { 16, 28, 260, 1, 21, 112, 4036 }, // U+0137
    { 13, 28, 250, 2, 28, 91, 4148 }, // U+0139
    { 8, 30, 117, 1, 30, 60, 4239 }, // U+013A
    { 15, 27, 258, 1, 20, 102, 4299 }, // U+013B
    { 8, 28, 149, 1, 21, 56, 4401 }, // U+013C
    { 15, 20, 258, 1, 20, 75, 4457 }, // U+013D
    { 10, 21, 171, 1, 21, 53, 4532 }, // U+013E
    { 17, 20, 272, 0, 20, 85, 4585 }, // U+0141
    { 10, 21, 163, 0, 21, 53, 4670 }, // U+0142
    { 19, 27, 335, 1, 27, 129, 4723 }, // U+0143
    { 15, 21, 267, 1, 21, 79, 4852 }, // U+0144
    { 19, 27, 335, 1, 20, 129, 4931 }, // U+0145
    { 15, 22, 267, 1, 15, 83, 5060 }, // U+0146
    { 19, 26, 335, 1, 26, 124, 5143 }, // U+0147
    { 15, 21, 267, 1, 21, 79, 5267 }, // U+0148
    { 18, 27, 355, 2, 21, 122, 5346 }, // U+014A
    { 14, 23, 288, 2, 16, 81, 5468 }, // U+014B
    { 20, 26, 365, 1, 25, 130, 5549 }, // U+014C
    { 16, 21, 282, 1, 20, 84, 5679 }, // U+014D
    { 21, 27, 349, 0, 27, 142, 5763 }, // U+0150
    { 16, 21, 269, 0, 21, 84, 5905 }, // U+0151
    { 29, 20, 478, 0, 20, 145, 5989 }, // U+0152
    { 28, 15, 437, 0, 15, 105, 6134 }, // U+0153
    { 18, 27, 304, 1, 27, 122, 6239 }, // U+0154
    { 10, 21, 176, 1, 21, 53, 6361 }, // U+0155
    { 16, 28, 290, 2, 21, 112, 6414 }, // U+0156
    { 11, 23, 193, 1, 16, 64, 6526 }, // U+0157
    { 18, 26, 304, 1, 26, 117, 6590 }, // U+0158
    { 12, 21, 176, 0, 21, 63, 6707 }, // U+0159
    { 18, 26, 285, 0, 26, 117, 6770 }, // U+015A
    { 15, 21, 238, 0, 21, 79, 6887 }, // U+015B
    { 18, 26, 285, 0, 20, 117, 6966 }, // U+015E
    { 15, 21, 238, 0, 15, 79, 7083 }, // U+015F
    { 18, 26, 285, 0, 26, 117, 7162 }, // U+0160
    { 15, 21, 238, 0, 21, 79, 7279 }, // U+0161
    { 18, 26, 284, 0, 20, 117, 7358 }, // U+0162
    { 10, 25, 176, 0, 19, 63, 7475 }, // U+0163
    { 18, 26, 284, 0, 26, 117, 7538 }, // U+0164
    { 12, 24, 176, 0, 24, 72, 7655 }, // U+0165
    { 18, 25, 320, 1, 25, 113, 7727 }, // U+016A
    { 14, 20, 265, 1, 20, 70, 7840 }, // U+016B
    { 17, 28, 341, 2, 27, 119, 7910 }, // U+016C
    { 14, 23, 288, 2, 22, 81, 8029 }, // U+016D
    { 18, 28, 320, 1, 28, 126, 8110 }, // U+016E
    { 14, 24, 265, 1, 24, 84, 8236 }, // U+016F
    { 18, 27, 320, 1, 27, 122, 8320 }, // U+0170
    { 15, 21, 265, 1, 21, 79, 8442 }, // U+0171
    { 18, 25, 320, 1, 20, 113, 8521 }, // U+0172
    { 14, 20, 265, 1, 15, 70, 8634 }, // U+0173
    { 26, 27, 414, 0, 27, 176, 8704 }, // U+0174
    { 22, 21, 346, 0, 21, 116, 8880 }, // U+0175
    { 20, 27, 305, 0, 27, 135, 8996 }, // U+0176
    { 15, 26, 245, 0, 21, 98, 9131 }, // U+0177
    { 20, 26, 305, 0, 26, 130, 9229 }, // U+0178
    { 18, 27, 289, 0, 27, 122, 9359 }, // U+0179
    { 15, 21, 237, 0, 21, 79, 9481 }, // U+017A
    { 18, 26, 289, 0, 26, 117, 9560 }, // U+017B
    { 15, 21, 237, 0, 21, 79, 9677 }, // U+017C
    { 18, 26, 289, 0, 26, 117, 9756 }, // U+017D
    { 15, 21, 237, 0, 21, 79, 9873 }, // U+017E
    { 18, 27, 285, 0, 20, 122, 0 }, // U+0218
    { 15, 22, 238, 0, 15, 83, 122 }, // U+0219
    { 18, 27, 284, 0, 20, 122, 205 }, // U+021A
    { 10, 26, 176, 0, 19, 65, 327 }, // U+021B
    { 7, 5, 0, 1, 21, 9, 0 }, // U+0300
    { 7, 5, 0, 1, 21, 9, 9 }, // U+0301
    { 12, 5, 0, 1, 21, 15, 18 }, // U+0302
    { 11, 5, 0, 1, 21, 14, 33 }, // U+0303
    { 9, 3, 0, 1, 20, 7, 47 }, // U+0304
    { 9, 4, 0, 1, 20, 9, 54 }, // U+0306
    { 5, 5, 0, 1, 21, 7, 63 }, // U+0307
    { 11, 5, 0, 1, 21, 14, 70 }, // U+0308
    { 8, 9, 0, 1, 24, 18, 84 }, // U+030A
    { 12, 5, 0, 1, 21, 15, 102 }, // U+030B
    { 12, 5, 0, 1, 21, 15, 117 }, // U+030C
    { 7, 7, 0, 1, 23, 13, 132 }, // U+0312
    { 7, 6, 0, 1, -1, 11, 145 }, // U+0326
    { 7, 7, 0, 1, 1, 13, 156 }, // U+0327
    { 7, 6, 0, 1, 1, 11, 169 }, // U+0328
    { 0, 0, 0, 0, 0, 0, 180 }, // U+034F
    { 20, 27, 305, 0, 27, 135, 0 }, // U+1EF2
    { 15, 26, 245, 0, 21, 98, 135 }, // U+1EF3
    { 0, 0, 73, 0, 0, 0, 0 }, // U+2009
    { 0, 0, 0, 0, 0, 0, 0 }, // U+200B
    { 2, 21, 0, -1, 20, 11, 0 }, // U+200C
    { 8, 22, 0, -4, 21, 44, 11 }, // U+200D
    { 8, 22, 0, -1, 20, 44, 55 }, // U+200E
    { 8, 22, 0, -7, 20, 44, 99 }, // U+200F
    { 9, 2, 150, 0, 9, 5, 143 }, // U+2010
    { 8, 3, 150, 1, 9, 6, 148 }, // U+2011
    { 13, 4, 234, 1, 9, 13, 154 }, // U+2013
    { 23, 4, 388, 1, 9, 23, 167 }, // U+2014
    { 6, 10, 126, 1, 20, 15, 190 }, // U+2018
    { 6, 10, 126, 1, 20, 15, 205 }, // U+2019
    { 6, 10, 126, 1, 6, 15, 220 }, // U+201A
    { 12, 10, 225, 1, 20, 30, 235 }, // U+201C
    { 12, 10, 225, 1, 20, 30, 265 }, // U+201D
    { 12, 10, 225, 1, 6, 30, 295 }, // U+201E
    { 15, 20, 273, 1, 20, 75, 325 }, // U+2020
    { 15, 20, 274, 1, 20, 75, 400 }, // U+2021
    { 11, 10, 204, 1, 12, 28, 475 }, // U+2022
    { 21, 6, 366, 1, 6, 32, 503 }, // U+2026
    { 0, 0, 61, 0, 0, 0, 535 }, // U+202F
    { 41, 20, 654, 0, 20, 205, 535 }, // U+2030
    { 10, 13, 185, 1, 14, 33, 740 }, // U+2039
    { 10, 13, 185, 1, 14, 33, 773 }, // U+203A
    { 18, 20, 288, 0, 20, 90, 806 }, // U+2044
    { 5, 16, 161, 2, 15, 20, 896 }, // U+204F
    { 19, 18, 370, 2, 18, 86, 0 }, // U+20AA
    { 19, 20, 316, 0, 20, 95, 86 }, // U+20AC
    { 15, 20, 292, 2, 20, 75, 181 }, // U+20B9
    { 16, 20, 279, 1, 20, 80, 0 }, // U+2202
    { 16, 25, 284, 1, 20, 100, 80 }, // U+220F
    { 16, 25, 286, 1, 20, 100, 180 }, // U+2211
    { 16, 4, 277, 1, 9, 16, 280 }, // U+2212
    { 19, 20, 300, 0, 20, 95, 296 }, // U+2215
    { 6, 6, 129, 1, 10, 9, 391 }, // U+2219
    { 18, 25, 322, 1, 20, 113, 400 }, // U+221A
    { 20, 9, 352, 1, 12, 45, 513 }, // U+221E
    { 12, 25, 225, 1, 20, 75, 558 }, // U+222B
    { 14, 12, 249, 1, 13, 42, 633 }, // U+2248
    { 16, 15, 285, 1, 15, 60, 675 }, // U+2260
    { 16, 15, 276, 1, 15, 60, 735 }, // U+2264
    { 16, 15, 276, 1, 15, 60, 795 }, // U+2265
};

static const EpdUnicodeInterval atkinson_hn_14_boldIntervals[] = {
    { 0x0, 0x0, 0x0 },
    { 0xD, 0xD, 0x1 },
    { 0x20, 0x7E, 0x2 },
    { 0xA0, 0xAC, 0x61 },
    { 0xAE, 0xB4, 0x6E },
    { 0xB6, 0x107, 0x75 },
    { 0x10A, 0x113, 0xC7 },
    { 0x116, 0x11B, 0xD1 },
    { 0x11E, 0x123, 0xD7 },
    { 0x126, 0x127, 0xDD },
    { 0x12A, 0x12B, 0xDF },
    { 0x12E, 0x133, 0xE1 },
    { 0x136, 0x137, 0xE7 },
    { 0x139, 0x13E, 0xE9 },
    { 0x141, 0x148, 0xEF },
    { 0x14A, 0x14D, 0xF7 },
    { 0x150, 0x15B, 0xFB },
    { 0x15E, 0x165, 0x107 },
    { 0x16A, 0x17E, 0x10F },
    { 0x218, 0x21B, 0x124 },
    { 0x300, 0x304, 0x128 },
    { 0x306, 0x308, 0x12D },
    { 0x30A, 0x30C, 0x130 },
    { 0x312, 0x312, 0x133 },
    { 0x326, 0x328, 0x134 },
    { 0x34F, 0x34F, 0x137 },
    { 0x1EF2, 0x1EF3, 0x138 },
    { 0x2009, 0x2009, 0x13A },
    { 0x200B, 0x2011, 0x13B },
    { 0x2013, 0x2014, 0x142 },
    { 0x2018, 0x201A, 0x144 },
    { 0x201C, 0x201E, 0x147 },
    { 0x2020, 0x2022, 0x14A },
    { 0x2026, 0x2026, 0x14D },
    { 0x202F, 0x2030, 0x14E },
    { 0x2039, 0x203A, 0x150 },
    { 0x2044, 0x2044, 0x152 },
    { 0x204F, 0x204F, 0x153 },
    { 0x20AA, 0x20AA, 0x154 },
    { 0x20AC, 0x20AC, 0x155 },
    { 0x20B9, 0x20B9, 0x156 },
    { 0x2202, 0x2202, 0x157 },
    { 0x220F, 0x220F, 0x158 },
    { 0x2211, 0x2212, 0x159 },
    { 0x2215, 0x2215, 0x15B },
    { 0x2219, 0x221A, 0x15C },
    { 0x221E, 0x221E, 0x15E },
    { 0x222B, 0x222B, 0x15F },
    { 0x2248, 0x2248, 0x160 },
    { 0x2260, 0x2260, 0x161 },
    { 0x2264, 0x2265, 0x162 },
};

static const EpdFontGroup atkinson_hn_14_boldGroups[] = {
    { 0, 2722, 7146, 97, 0 },
    { 2722, 2515, 8432, 94, 97 },
    { 5237, 2854, 10650, 101, 191 },
    { 8091, 200, 436, 4, 292 },
    { 8291, 166, 196, 16, 296 },
    { 8457, 130, 239, 2, 312 },
    { 8587, 467, 1011, 26, 314 },
    { 9054, 150, 270, 3, 340 },
    { 9204, 377, 881, 13, 343 },
};

static const uint16_t atkinson_hn_14_boldKernLeftCodepoints[] = {
    0x0020, 0x0022, 0x0026, 0x0027, 0x0028, 0x002A, 0x002B, 0x002C, 0x002D, 0x002E, 0x002F, 0x0030,
    0x0032, 0x0033, 0x0034, 0x0035, 0x0036, 0x0037, 0x0038, 0x0039, 0x003A, 0x003B, 0x003F, 0x0040,
    0x0041, 0x0042, 0x0043, 0x0044, 0x0045, 0x0046, 0x0047, 0x0049, 0x004A, 0x004B, 0x004C, 0x004F,
    0x0050, 0x0051, 0x0052, 0x0053, 0x0054, 0x0055, 0x0056, 0x0057, 0x0058, 0x0059, 0x005A, 0x005B,
    0x005C, 0x005D, 0x005F, 0x0061, 0x0062, 0x0063, 0x0065, 0x0066, 0x0067, 0x0068, 0x006A, 0x006B,
    0x006C, 0x006D, 0x006E, 0x006F, 0x0070, 0x0071, 0x0072, 0x0073, 0x0074, 0x0075, 0x0076, 0x0077,
    0x0078, 0x0079, 0x007A, 0x007B, 0x007C, 0x00A1, 0x00A2, 0x00A6, 0x00A7, 0x00AB, 0x00B0, 0x00B6,
    0x00BB, 0x00BF, 0x00C0, 0x00C1, 0x00C2, 0x00C3, 0x00C4, 0x00C5, 0x00C6, 0x00C7, 0x00C8, 0x00C9,
    0x00CA, 0x00CB, 0x00CC, 0x00CD, 0x00CE, 0x00CF, 0x00D0, 0x00D2, 0x00D3, 0x00D4, 0x00D5, 0x00D6,
    0x00D8, 0x00D9, 0x00DA, 0x00DB, 0x00DC, 0x00DD, 0x00DE, 0x00DF, 0x00E0, 0x00E1, 0x00E2, 0x00E3,
    0x00E4, 0x00E5, 0x00E6, 0x00E7, 0x00E8, 0x00E9, 0x00EA, 0x00EB, 0x00EE, 0x00EF, 0x00F0, 0x00F1,
    0x00F2, 0x00F3, 0x00F4, 0x00F5, 0x00F6, 0x00F8, 0x00F9, 0x00FA, 0x00FB, 0x00FC, 0x00FD, 0x00FE,
    0x00FF, 0x0100, 0x0101, 0x0102, 0x0103, 0x0104, 0x0105, 0x0106, 0x0107, 0x010A, 0x010B, 0x010C,
    0x010D, 0x010E, 0x010F, 0x0110, 0x0111, 0x0112, 0x0113, 0x0116, 0x0117, 0x0118, 0x0119, 0x011A,
    0x011B, 0x011E, 0x011F, 0x0120, 0x0121, 0x0122, 0x0123, 0x0126, 0x0127, 0x012A, 0x012E, 0x012F,
    0x0130, 0x0132, 0x0133, 0x0136, 0x0137, 0x013B, 0x013C, 0x013D, 0x013E, 0x0141, 0x0142, 0x0144,
    0x0146, 0x0148, 0x0150, 0x0151, 0x0152, 0x0153, 0x0154, 0x0155, 0x0157, 0x0158, 0x0159, 0x015A,
    0x015B, 0x015E, 0x015F, 0x0160, 0x0161, 0x0162, 0x0163, 0x0164, 0x0165, 0x016A, 0x016B, 0x016E,
    0x016F, 0x0170, 0x0171, 0x0172, 0x0173, 0x0174, 0x0175, 0x0176, 0x0177, 0x0178, 0x0179, 0x017A,
    0x017B, 0x017C, 0x017D, 0x017E, 0x0218, 0x0219, 0x021A, 0x021B, 0x1EF2, 0x1EF3, 0x2013, 0x2014,
    0x2018, 0x2019, 0x201A, 0x201C, 0x201D, 0x201E, 0x2026, 0x2039, 0x203A,
};

static const uint8_t atkinson_hn_14_boldKernLeftClassIds[] = {
      1,   2,   3,   2,   4,   5,   6,   7,   8,   9,  10,  11,  12,  13,  14,  15,
     16,  17,  18,  19,  20,  20,  21,  22,  23,  24,  25,  26,  27,  28,  29,  30,
     31,  32,  33,  26,  34,  35,  36,  37,  38,  31,  39,  40,  41,  42,  43,  44,
     45,  46,  47,  48,  49,  50,  51,  52,  53,  54,  55,  56,  57,  54,  54,  49,
     49,  58,  59,  60,  61,  62,  63,  63,  64,  63,  65,  44,  66,  67,  50,  66,
     68,  69,  70,  71,  72,  73,  23,  23,  23,  23,  23,  23,  27,  25,  27,  27,
     27,  27,  30,  30,  30,  30,  26,  26,  26,  26,  26,  26,  26,  31,  31,  31,
     31,  42,  74,  75,  48,  48,  48,  48,  48,  48,  51,  50,  51,  51,  51,  51,
     76,  77,  78,  54,  49,  49,  49,  49,  49,  49,  62,  62,  62,  62,  63,  49,
     63,  23,  48,  23,  48,  79,  80,  25,  50,  25,  50,  25,  50,  26,  81,  26,
     82,  27,  51,  27,  51,  83,  51,  27,  51,  29,  53,  29,  53,  29,  53,  84,
     54,  30,  85,  46,  30,  31,  55,  32,  56,  33,  86,  33,  87,  33,  57,  54,
     54,  54,  26,  49,  27,  51,  36,  59,  88,  36,  59,  37,  60,  37,  60,  37,
     60,  38,  89,  38,  90,  31,  62,  31,  62,  31,  62,  31,  91,  40,  63,  42,
     63,  42,  43,  65,  43,  65,  43,  65,  37,  60,  38,  92,  42,  63,   8,   8,
     93,  94,   9,  93,  94,   9,   9,  69,  72,
};

static const uint16_t atkinson_hn_14_boldKernRightCodepoints[] = {
    0x0020, 0x0021, 0x0022, 0x0023, 0x0025, 0x0026, 0x0027, 0x0029, 0x002A, 0x002B, 0x002C, 0x002D,
    0x002E, 0x002F, 0x0030, 0x0031, 0x0032, 0x0033, 0x0034, 0x0035, 0x0036, 0x0037, 0x0038, 0x0039,
    0x003A, 0x003B, 0x003F, 0x0040, 0x0041, 0x0042, 0x0043, 0x0045, 0x0046, 0x0047, 0x0048, 0x0049,
    0x004A, 0x004F, 0x0051, 0x0053, 0x0054, 0x0055, 0x0056, 0x0057, 0x0058, 0x0059, 0x005A, 0x005B,
    0x005C, 0x005D, 0x005F, 0x0061, 0x0062, 0x0063, 0x0064, 0x0065, 0x0066, 0x0067, 0x0068, 0x0069,
    0x006A, 0x006B, 0x006C, 0x006D, 0x006E, 0x006F, 0x0070, 0x0071, 0x0072, 0x0073, 0x0074, 0x0075,
    0x0076, 0x0077, 0x0078, 0x0079, 0x007A, 0x007C, 0x007D, 0x00A1, 0x00A2, 0x00A5, 0x00A6, 0x00A7,
    0x00AB, 0x00B0, 0x00B6, 0x00B7, 0x00BB, 0x00BF, 0x00C0, 0x00C1, 0x00C2, 0x00C3, 0x00C4, 0x00C5,
    0x00C6, 0x00C7, 0x00C8, 0x00C9, 0x00CA, 0x00CB, 0x00CC, 0x00CD, 0x00CE, 0x00CF, 0x00D2, 0x00D3,
    0x00D4, 0x00D5, 0x00D6, 0x00D8, 0x00D9, 0x00DA, 0x00DB, 0x00DC, 0x00DD, 0x00E0, 0x00E1, 0x00E2,
    0x00E3, 0x00E4, 0x00E5, 0x00E6, 0x00E7, 0x00E8, 0x00E9, 0x00EA, 0x00EB, 0x00EC, 0x00ED, 0x00EE,
    0x00EF, 0x00F0, 0x00F1, 0x00F2, 0x00F3, 0x00F4, 0x00F5, 0x00F6, 0x00F8, 0x00F9, 0x00FA, 0x00FB,
    0x00FC, 0x00FD, 0x00FE, 0x00FF, 0x0100, 0x0101, 0x0102, 0x0103, 0x0104, 0x0105, 0x0106, 0x0107,
    0x010A, 0x010B, 0x010C, 0x010D, 0x010F, 0x0111, 0x0112, 0x0113, 0x0116, 0x0117, 0x0118, 0x0119,
    0x011A, 0x011B, 0x011E, 0x011F, 0x0120, 0x0121, 0x0122, 0x0123, 0x0127, 0x012A, 0x012B, 0x012E,
    0x012F, 0x0130, 0x0131, 0x0132, 0x0133, 0x0137, 0x013C, 0x013E, 0x0142, 0x0144, 0x0146, 0x0148,
    0x014D, 0x0150, 0x0151, 0x0152, 0x0153, 0x0155, 0x0159, 0x015A, 0x015B, 0x015E, 0x015F, 0x0160,
    0x0161, 0x0162, 0x0163, 0x0164, 0x0165, 0x016A, 0x016B, 0x016E, 0x016F, 0x0170, 0x0171, 0x0172,
    0x0173, 0x0174, 0x0175, 0x0176, 0x0177, 0x0178, 0x0179, 0x017A, 0x017B, 0x017C, 0x017D, 0x017E,
    0x0218, 0x0219, 0x021A, 0x021B, 0x1EF2, 0x1EF3, 0x2013, 0x2014, 0x2018, 0x2019, 0x201A, 0x201C,
    0x201D, 0x201E, 0x2022, 0x2026, 0x2030, 0x2039, 0x203A, 0x220F, 0x2211, 0x222B,
};

static const uint8_t atkinson_hn_14_boldKernRightClassIds[] = {
      1,   2,   3,   4,   5,   6,   3,   7,   8,   9,  10,  11,  12,  13,  14,  15,
     16,  17,  18,  19,  20,  21,  22,  23,  24,  25,  26,  27,  28,  29,  30,  29,
     29,  30,  29,  31,  32,  30,  30,  33,  34,  35,  36,  37,  38,  39,  40,  41,
     42,  43,  44,  45,  46,  47,  47,  47,  48,  49,  46,  50,  51,  46,  46,  52,
     52,  47,  53,  47,  52,  54,  55,  56,  57,  57,  58,  57,  59,  41,  43,  60,
     47,  61,  41,  60,  62,  63,  64,  65,  66,  67,  28,  28,  28,  28,  28,  28,
     68,  30,  29,  29,  29,  29,  31,  31,  31,  31,  30,  30,  30,  30,  30,  30,
     35,  35,  35,  35,  39,  45,  45,  69,  70,  71,  45,  45,  47,  47,  47,  47,
     72,  73,  50,  74,  75,  47,  52,  47,  47,  76,  77,  78,  47,  56,  56,  56,
     56,  57,  79,  57,  28,  80,  28,  81,  28,  45,  30,  47,  30,  47,  30,  47,
     47,  47,  29,  47,  29,  47,  29,  47,  29,  47,  30,  49,  30,  49,  30,  49,
     82,  31,  83,  31,  84,  31,  50,  31,  50,  46,  46,  46,  46,  52,  52,  52,
     85,  30,  47,  30,  47,  52,  52,  33,  54,  33,  54,  33,  54,  34,  55,  34,
     55,  35,  56,  35,  56,  35,  56,  35,  56,  37,  57,  39,  57,  39,  40,  59,
     40,  59,  40,  59,  33,  54,  34,  55,  39,  57,  11,  11,  86,  87,  88,  86,
     87,  88,  89,  12,   5,  62,  66,  90,  90,  91,
};

static const uint16_t atkinson_hn_14_boldKernRowOffsets[] = {
        0,     6,    30,    37,    54,    73,    75,    95,   114,   133,   163,   165,   168,   169,   176,   182,
      185,   198,   205,   208,   218,   219,   222,   254,   265,   271,   289,   298,   316,   324,   338,   345,
      371,   396,   428,   447,   472,   488,   540,   588,   625,   649,   698,   705,   709,   722,   723,   724,
      749,   781,   809,   827,   862,   865,   878,   879,   909,   935,   955,   989,  1001,  1018,  1020,  1055,
     1068,  1079,  1080,  1085,  1086,  1094,  1096,  1097,  1108,  1140,  1149,  1151,  1161,  1165,  1168,  1201,
     1227,  1275,  1276,  1286,  1288,  1303,  1330,  1380,  1381,  1399,  1418,  1421,  1439,  1462,  1488,
};

static const uint8_t atkinson_hn_14_boldKernSparseCols[] = {
     27,  33,  35,  36,  38,  56,  14,  17,  20,  21,  27,  31,  32,  33,  35,  36,
     44,  46,  47,  53,  54,  68,  69,  70,  71,  75,  76,  77,  79,  80,  32,  33,
     34,  35,  36,  38,  56,  13,  27,  29,  31,  44,  46,  48,  50,  68,  69,  70,
     71,  75,  76,  77,  79,  80,   9,  11,  27,  31,  33,  44,  46,  47,  67,  68,
     69,  70,  71,  75,  76,  77,  79,  80,  87,  14,  17,   7,  14,  27,  29,  33,
     34,  35,  36,  37,  38,  46,  50,  54,  56,  71,  75,  76,  77,  85,  86,  13,
     17,  18,  27,  29,  31,  33,  35,  36,  37,  38,  46,  48,  54,  56,  71,  75,
     76,  77,   7,  14,  27,  29,  33,  34,  35,  36,  37,  38,  46,  54,  56,  71,
     75,  76,  77,  85,  86,  12,  17,  20,  27,  29,  31,  32,  33,  38,  44,  46,
     47,  48,  51,  52,  53,  55,  56,  57,  67,  68,  69,  70,  71,  75,  76,  77,
     78,  79,  80,   6,  10,  16,  17,  21,  12,   2,   8,  10,  14,  15,  17,  22,
     12,  14,  16,  18,  19,  22,  12,  14,  20,   2,   4,   9,  11,  12,  14,  16,
     17,  20,  21,  42,  62,  87,   2,   4,  12,  14,  15,  20,  22,  12,  15,  17,
     27,  33,  35,  36,  38,  46,  71,  75,  76,  77,  27,  33,  38,  54,   0,   1,
      2,   6,   7,   9,  10,  11,  12,  25,  27,  29,  32,  33,  34,  35,  36,  37,
     38,  41,  46,  47,  54,  55,  56,  71,  75,  76,  77,  85,  86,  87,   7,  12,
     35,  36,  37,  38,  46,  71,  75,  76,  77,  27,  29,  33,  36,  37,  39,   6,
      9,  10,  11,  12,  25,  27,  30,  33,  35,  36,  37,  38,  39,  41,  58,  67,
     87,  29,  32,  33,  46,  56,  71,  75,  76,  77,   9,  11,  12,  27,  29,  31,
     44,  67,  68,  69,  70,  72,  73,  74,  79,  80,  82,  87,   7,  25,  33,  35,
     36,  37,  38,  86,  29,  44,  46,  48,  56,  68,  69,  70,  71,  75,  76,  77,
     79,  80,   9,  11,  12,  27,  48,  67,  87,   0,  25,  27,  29,  34,  35,  36,
     37,  38,  46,  48,  49,  55,  56,  61,  65,  71,  72,  73,  74,  75,  76,  77,
     82,  83,  86,   2,   7,  25,  27,  29,  32,  33,  34,  35,  36,  38,  46,  49,
     61,  71,  72,  73,  74,  75,  76,  77,  82,  83,  85,  86,   0,   9,  11,  12,
     27,  31,  33,  35,  37,  38,  44,  46,  49,  56,  61,  67,  68,  69,  70,  71,
     72,  73,  74,  75,  76,  77,  79,  80,  82,  83,  85,  87,   6,   9,  10,  11,
     12,  25,  27,  30,  33,  35,  36,  37,  38,  39,  41,  50,  58,  67,  87,   9,
     10,  11,  23,  24,  27,  29,  31,  33,  34,  37,  38,  44,  46,  67,  68,  69,
     70,  71,  75,  76,  77,  79,  80,  87,   2,  10,  12,  25,  27,  31,  33,  35,
     36,  38,  52,  54,  56,  67,  78,  85,   0,   2,   5,   7,   9,  10,  11,  12,
     23,  24,  25,  26,  27,  29,  31,  32,  33,  35,  36,  37,  38,  41,  44,  46,
     48,  51,  52,  53,  55,  56,  57,  58,  61,  65,  67,  68,  69,  70,  71,  72,
     73,  74,  75,  76,  77,  78,  79,  80,  81,  82,  86,  87,   0,   2,   5,   9,
     10,  11,  12,  23,  24,  26,  27,  29,  31,  32,  33,  35,  37,  38,  44,  46,
     48,  49,  51,  52,  53,  55,  56,  57,  61,  65,  67,  68,  69,  70,  71,  72,
     73,  74,  75,  76,  77,  78,  79,  80,  81,  82,  83,  87,   0,   2,   5,   9,
     10,  11,  12,  23,  24,  27,  29,  31,  32,  33,  36,  38,  44,  46,  48,  55,
     61,  67,  68,  69,  70,  71,  72,  73,  74,  75,  76,  77,  79,  80,  81,  82,
     87,   9,  10,  11,  25,  27,  29,  33,  35,  38,  44,  46,  56,  61,  68,  69,
     70,  71,  75,  76,  77,  79,  80,  85,  87,   0,   5,   9,  10,  11,  12,  23,
     24,  25,  26,  27,  29,  31,  32,  33,  35,  36,  37,  38,  41,  44,  46,  48,
     51,  52,  53,  55,  56,  57,  58,  61,  65,  67,  68,  69,  70,  71,  72,  73,
     74,  75,  76,  77,  78,  79,  80,  81,  82,  87,  29,  46,  61,  71,  75,  76,
     77,  17,  20,  48,  50,  29,  33,  34,  36,  38,  49,  50,  56,  72,  73,  74,
     82,  83,  50,  50,   2,   6,  10,  25,  33,  38,  41,  46,  47,  49,  53,  54,
     55,  56,  71,  72,  73,  74,  75,  76,  77,  82,  83,  85,  86,   2,   6,   9,
     10,  11,  12,  23,  24,  25,  27,  33,  35,  36,  37,  38,  41,  49,  53,  54,
     56,  57,  58,  61,  65,  72,  73,  74,  82,  83,  85,  86,  87,   2,   6,  25,
     33,  41,  44,  45,  46,  47,  49,  54,  68,  69,  70,  71,  72,  73,  74,  75,
     76,  77,  79,  80,  81,  82,  83,  85,  86,   2,   9,  11,  12,  25,  26,  33,
     35,  36,  38,  41,  48,  54,  56,  58,  85,  86,  87,   2,   7,   9,  10,  11,
     12,  25,  26,  44,  46,  47,  48,  49,  53,  54,  56,  57,  68,  69,  70,  71,
     72,  73,  74,  75,  76,  77,  79,  80,  81,  82,  83,  85,  86,  87,  33,  41,
     50,  25,  33,  41,  49,  54,  56,  72,  73,  74,  82,  83,  85,  86,  50,   5,
      9,  10,  11,  23,  24,  26,  33,  44,  46,  49,  54,  56,  57,  61,  68,  69,
     70,  71,  72,  73,  74,  75,  76,  77,  79,  80,  82,  83,  87,   9,  11,  41,
     44,  45,  46,  48,  49,  54,  56,  68,  69,  70,  71,  72,  73,  74,  75,  76,
     77,  79,  80,  81,  82,  83,  87,   6,   9,  12,  24,  33,  40,  41,  42,  43,
     50,  52,  56,  59,  66,  78,  83,  86,  87,  89,  90,   0,   2,   9,  11,  44,
     45,  46,  47,  48,  49,  51,  52,  54,  55,  56,  68,  69,  70,  71,  72,  73,
     74,  75,  76,  77,  78,  79,  80,  81,  82,  83,  85,  86,  87,   2,  25,  33,
     41,  46,  56,  57,  71,  75,  76,  77,  85,   2,  10,  25,  26,  46,  49,  56,
     71,  72,  73,  74,  75,  76,  77,  82,  83,  86,  33,  41,   0,   9,  10,  11,
     12,  27,  33,  35,  37,  38,  41,  44,  46,  47,  48,  49,  53,  54,  56,  68,
     69,  70,  71,  72,  73,  74,  75,  76,  77,  79,  80,  82,  83,  85,  87,  33,
     35,  38,  46,  47,  48,  53,  57,  71,  75,  76,  77,  86,  10,  33,  38,  46,
     47,  54,  56,  71,  75,  76,  77,  50,  33,  35,  36,  38,  50,  50,  33,  35,
     38,  46,  71,  75,  76,  77,  14,  20,  81,  33,  35,  36,  37,  38,  39,  46,
     71,  75,  76,  77,  28,  29,  31,  33,  34,  35,  36,  38,  44,  46,  47,  48,
     49,  51,  55,  56,  68,  69,  70,  71,  72,  73,  74,  75,  76,  77,  79,  80,
     82,  83,  85,  86,   6,  10,  12,  25,  27,  35,  37,  41,  67,  41,  56,   2,
     25,  42,  45,  62,  63,  78,  81,  86,  89,  42,  45,  60,  81,   9,  11,  87,
      0,   1,   2,   6,   7,   9,  10,  11,  12,  25,  27,  29,  32,  33,  34,  35,
     36,  37,  38,  41,  46,  47,  50,  54,  55,  56,  71,  75,  76,  77,  85,  86,
     87,   2,   6,  10,  25,  33,  38,  41,  46,  47,  49,  50,  53,  54,  55,  56,
     71,  72,  73,  74,  75,  76,  77,  82,  83,  85,  86,   2,   3,   5,   6,   9,
     10,  11,  12,  26,  41,  42,  43,  44,  46,  47,  48,  49,  50,  51,  52,  53,
     55,  56,  57,  58,  60,  61,  64,  65,  68,  69,  70,  71,  72,  73,  74,  75,
     76,  77,  78,  79,  80,  82,  83,  85,  86,  87,  88,  25,  29,  32,  33,  46,
     50,  56,  71,  75,  76,  77,  73,  81,  29,  44,  46,  48,  50,  56,  68,  69,
     70,  71,  75,  76,  77,  79,  80,   9,  11,  41,  44,  45,  46,  48,  49,  50,
     54,  56,  68,  69,  70,  71,  72,  73,  74,  75,  76,  77,  79,  80,  81,  82,
     83,  87,   2,   3,   5,   6,   7,   9,  10,  11,  12,  23,  24,  26,  41,  42,
     43,  44,  46,  47,  48,  49,  51,  52,  53,  54,  55,  56,  57,  58,  60,  61,
     64,  65,  68,  69,  70,  71,  72,  73,  74,  75,  76,  77,  78,  79,  80,  82,
     83,  85,  87,  88,  84,   2,  10,  25,  26,  46,  49,  50,  56,  71,  72,  73,
     74,  75,  76,  77,  82,  83,  86,   2,  10,  25,  26,  41,  42,  46,  49,  56,
     71,  72,  73,  74,  75,  76,  77,  82,  83,  86,  33,  41,  50,   2,  10,  25,
     26,  46,  49,  50,  56,  71,  72,  73,  74,  75,  76,  77,  82,  83,  86,   9,
     11,  27,  31,  33,  44,  46,  47,  53,  54,  56,  66,  67,  68,  69,  70,  71,
     75,  76,  77,  79,  80,  87,   9,  11,  27,  29,  31,  33,  44,  46,  47,  48,
     51,  53,  54,  57,  66,  67,  68,  69,  70,  71,  75,  76,  77,  79,  80,  87,
};

static const int8_t atkinson_hn_14_boldKernSparseValues[] = {
      -5,   -9,   -9,   -9,  -14,   -8,    6,  -30,   15,   -9,  -27,  -57,   -4,   14,    9,    9,
      -8,  -14,   14,  -13,   18,   -8,   -8,   -8,  -14,  -14,  -14,  -14,   -8,   -8,  -14,  -24,
      -6,  -23,  -10,  -33,   -6,   -9,   -9,   -9,   -8,   -9,  -19,   -8,   32,   -9,   -9,   -9,
     -19,  -19,  -19,  -19,   -9,   -9,  -40,  -40,  -33,  -33,    9,   -9,   -9,   10,  -51,   -9,
      -9,   -9,   -9,   -9,   -9,   -9,   -9,   -9,  -40,  -14,   13,  -40,  -14,    5,  -14,  -36,
     -19,  -22,  -14,    5,  -36,   -5,   13,  -13,  -19,   -5,   -5,   -5,   -5,  -30,  -31,    9,
      27,    5,   -8,    8,   19,  -19,  -14,   -1,   -9,  -20,    7,    9,   -5,   -5,    7,    7,
       7,    7,  -40,  -14,    5,  -14,  -36,  -19,  -22,  -14,    5,  -36,   -5,  -13,  -19,   -5,
      -5,   -5,   -5,  -30,  -31,  -63,  -23,   23,  -39,  -19,  -48,  -14,   11,    9,  -23,  -32,
       1,  -22,  -18,  -14,  -27,  -19,   -9,  -19,  -35,  -23,  -23,  -23,  -32,  -32,  -32,  -32,
     -14,  -23,  -23,   -9,    9,   -1,   -2,   -5,  -14,  -15,    9,    9,   -4,   -1,    5,  -10,
     -10,   -9,   -9,   -2,   -4,   -1,  -14,  -13,   -4,   15,   14,  -14,  -14,  -23,    9,    5,
     -20,   14,   -9,    5,   20,  -14,   -9,  -12,   -8,   -9,   -5,   -5,   -6,  -23,   -9,   -1,
       5,  -14,   -9,   -5,  -18,   -2,   -2,   -2,   -2,   -2,  -27,  -19,  -10,   -2,   -5,   -5,
     -27,   -9,  -33,    5,   -8,    5,    8,  -27,   11,  -13,   -9,  -31,  -14,  -22,  -18,    9,
     -31,  -39,   -7,   -8,  -15,   -5,  -18,   -7,   -7,   -7,   -7,  -33,  -33,    5,   -9,   -9,
      -8,   -5,   -9,   -9,    5,    5,    5,    5,    5,   -5,   -7,    5,    5,   -8,    5,   -9,
     -14,    8,  -14,  -19,  -22,  -13,   -9,   -9,   -9,   -5,  -22,  -20,  -10,  -19,   -1,  -22,
     -14,   -9,   -2,    5,   -8,   -5,   -8,   -8,   -8,   -8,  -24,  -24,  -29,  -23,   -2,  -16,
      -5,  -37,   -5,   -5,   -5,    1,   10,   10,   -5,   -5,   10,  -24,   -9,  -19,  -13,   -9,
      -8,   -4,  -24,   -9,   -9,   -2,  -12,  -13,   -9,   -2,   -2,   -2,  -12,  -12,  -12,  -12,
      -2,   -2,  -19,  -19,  -14,  -14,   -2,  -18,  -19,   -9,  -18,    9,  -25,  -10,    1,   -1,
       7,    6,  -21,  -18,  -13,  -13,  -22,  -22,   -9,  -21,  -13,  -13,  -13,  -21,  -21,  -21,
     -13,  -13,  -17,  -34,  -33,  -36,    4,  -14,   -5,  -41,   -9,  -33,  -23,  -41,   -2,   -8,
     -19,   -2,   -8,   -8,   -8,   -2,   -2,   -2,   -8,   -8,  -53,  -48,  -14,  -28,  -28,  -32,
     -23,  -50,    5,    1,  -13,  -10,   -4,   -1,    9,    9,   -9,  -54,   -4,   -4,   -4,   -1,
       9,    9,    9,   -1,   -1,   -1,   -4,   -4,    9,    9,    5,  -28,   -9,  -14,    8,  -14,
     -14,  -22,    2,   -9,   -9,   -9,   -5,  -14,  -20,   -8,  -19,   20,   -1,   -7,  -14,   -4,
     -10,   -4,   -4,   -4,    8,   -5,  -13,   -5,   -5,    6,  -15,   -2,   -6,   -5,   -2,   -2,
      -2,   -6,   -6,   -6,   -6,   -2,   -2,   -4,   -4,   13,   -9,   -6,   -6,    2,   -3,   -7,
      -1,  -10,   -6,   -6,  -10,  -16,   -6,   -9,   -9,   14,  -15,    9,  -36,  -19,  -36,  -47,
     -14,  -14,    9,  -19,  -31,  -10,  -46,   -4,    7,    9,    9,    1,   10,   11,  -29,  -37,
     -33,  -22,  -19,  -22,  -19,  -13,  -20,  -19,  -41,  -28,  -49,  -43,  -39,  -40,  -37,   19,
      20,   20,  -57,  -60,  -57,  -19,  -44,  -51,   14,   12,   14,  -36,   -9,    9,  -17,  -22,
     -14,  -22,  -27,   -9,   -9,   -5,  -22,   -9,  -31,   -6,    9,    9,    2,   14,  -22,  -18,
     -13,   -1,  -15,  -10,  -17,   -9,   -5,  -13,  -27,  -17,  -36,  -35,  -36,  -40,  -18,   -1,
       6,   11,  -18,  -18,  -18,  -10,  -22,  -22,    8,    1,   -1,  -22,   -9,    9,   -1,  -14,
      -1,  -14,  -14,   -6,   -6,  -18,   -5,  -30,   -3,    9,    4,   11,   -3,  -17,  -13,   -6,
     -14,  -36,   -3,   -3,   -3,  -17,    6,   11,   15,  -17,  -17,  -17,   -3,   -3,    8,   11,
     -14,    5,   -9,    5,   -8,    9,  -22,    1,    2,    7,   -5,  -22,  -13,  -22,   -5,   -5,
      -5,  -22,  -22,  -22,  -22,   -5,   -5,  -17,    5,  -14,  -23,  -36,  -20,  -36,  -35,  -18,
     -18,   -8,  -10,  -31,  -20,  -57,  -13,   10,   14,   11,    7,   18,    9,  -31,  -36,  -36,
     -22,  -23,  -27,  -19,  -17,  -17,  -18,  -41,  -30,  -72,  -31,  -53,  -53,  -63,    6,    6,
      15,  -36,  -36,  -67,  -23,  -31,  -31,    8,   15,  -36,  -14,   -7,  -14,   -7,   -7,   -7,
      -7,   -6,   14,   -4,   33,  -19,  -47,  -14,  -14,  -35,   -8,   41,  -14,   -8,   -8,   -8,
      -8,   -8,   19,   39,  -19,   -9,   -5,  -20,  -23,  -13,  -21,   -3,   -4,   -4,   -3,   -5,
      -4,   -8,   -3,   -4,   -4,   -4,   -3,   -3,   -3,   -4,   -4,   -2,  -14,   -1,   -9,   -5,
       7,   -5,  -12,   -2,   -2,  -19,   -7,  -37,  -18,  -17,  -22,  -36,  -32,   -6,   -4,   -1,
      -8,  -13,   -7,   -9,   -9,   -6,   -6,   -6,   -6,   -6,  -10,   -1,   -5,   -3,   -9,   -9,
     -28,  -11,    1,    9,   -7,    9,    4,    9,    1,    1,    1,   -7,    4,    4,    4,   -7,
      -7,   -7,    1,    1,    9,    4,    4,    4,    5,  -14,   -2,   -2,   -9,  -22,    5,  -34,
     -18,  -17,  -36,  -27,    2,   -1,   -6,   -4,   -8,   -5,   -2,   14,   15,  -19,  -14,  -19,
     -14,    5,   -9,   -7,  -11,    6,   -9,    5,   -5,    5,    2,   -4,   -7,   -7,   -7,  -11,
       5,   19,   20,  -11,  -11,  -11,   -7,   -7,   12,   20,    5,   13,   15,  -19,  -22,  -18,
      17,  -18,  -23,  -17,   -4,   -3,   -9,   -4,   -4,   -4,   -4,   -4,  -14,  -14,   17,   -9,
      -4,  -18,   -4,   -4,   -4,  -14,  -20,   -7,  -15,   -5,   -5,    4,   12,   -9,   -7,   -7,
      -7,  -15,   -5,   -5,   -5,  -15,  -15,  -15,   -7,   -7,   -5,   -5,   -4,    5,    5,   -9,
       4,   -5,   -7,   -7,  -10,   -9,   -8,    4,    4,    4,   -7,  -10,  -10,  -10,   -7,   -7,
      -7,    4,    4,   -5,  -10,  -10,    5,   33,   19,   41,   19,  -22,   16,  -18,   45,   53,
      72,   16,   14,   12,   31,   16,   30,   -4,   14,   23,   21,   -9,   20,  -33,  -33,   -5,
       5,   -7,   14,   -3,    9,    5,    5,   12,    5,    3,   -5,   -5,   -5,   -7,    9,    9,
       9,   -7,   -7,   -7,    5,   -5,   -5,    5,    9,    9,   10,   19,  -33,   -9,  -19,  -22,
     -15,    1,   -4,   -6,    1,    1,    1,    1,  -10,    1,   -5,   -5,   -8,   -7,    1,   -2,
      -7,    1,    1,    1,   -7,   -7,   -7,    1,    1,    6,  -22,  -18,   -8,  -26,   -5,  -26,
     -14,  -18,  -13,   -5,  -13,  -17,   -9,   -8,   -8,    7,   -7,    6,   -4,    7,   12,   -8,
      -8,   -8,   -8,    6,    6,    6,   -8,   -8,   -8,   -8,   -8,    6,    6,    9,  -26,  -20,
     -13,  -17,  -13,    1,   -8,   -5,   12,  -13,  -13,  -13,  -13,   -4,   -7,  -19,  -18,   -7,
       5,    5,    5,   -7,   -7,   -7,   -7,   23,  -14,  -18,   -9,  -23,   22,   12,  -28,  -17,
     -30,   -9,   -9,   -9,   -9,   -9,   10,   23,   12,  -41,  -27,  -14,  -22,  -41,  -14,   -1,
      -1,   -1,   -1,   -1,  -14,  -20,  -22,  -33,   -6,  -26,  -27,  -49,  -16,  -19,  -17,  -13,
     -14,  -13,  -17,  -22,  -16,  -16,  -16,  -19,  -14,  -14,  -14,  -19,  -19,  -19,  -16,  -16,
     -14,  -20,  -17,  -17,  -23,    8,  -18,  -13,  -13,  -14,  -19,   -8,  -31,  -13,   -6,   17,
      21,   16,   12,   13,    8,    8,   12,   16,   12,    8,   13,   18,   13,  -13,  -13,  -13,
      -5,   -5,  -27,   -9,  -33,    5,   -8,    5,    8,  -27,   11,  -13,   -9,  -31,  -14,  -22,
     -18,    9,  -31,  -39,   -7,   -8,   37,  -15,   -5,  -18,   -7,   -7,   -7,   -7,  -33,  -33,
       5,  -19,   -9,   -5,  -20,  -23,  -13,  -21,   -3,   -4,   -4,   27,   -3,   -5,   -4,   -8,
      -3,   -4,   -4,   -4,   -3,   -3,   -3,   -4,   -4,   -2,  -14,    5,   -2,  -38,    2,  -47,
     -32,  -47,  -47,  -37,   14,    2,  -47,  -30,  -31,   -8,  -15,   -8,   -1,  -13,  -13,  -22,
     -13,   -6,   -8,   -1,   18,  -47,  -29,  -47,  -30,  -30,  -30,  -31,   -8,   -8,   -8,  -31,
     -31,  -31,  -13,  -30,  -30,   -8,   -8,  -12,    3,  -47,  -47,   17,   -9,   -2,    5,   -8,
      24,   -5,   -8,   -8,   -8,   -8,   14,   18,   -9,   -2,  -12,  -13,   20,   -9,   -2,   -2,
      -2,  -12,  -12,  -12,  -12,   -2,   -2,    5,    5,   -9,    4,   -5,   -7,   -7,  -10,   22,
      -9,   -8,    4,    4,    4,   -7,  -10,  -10,  -10,   -7,   -7,   -7,    4,    4,   -5,  -10,
     -10,    5,    5,   -2,  -22,    2,   -2,  -22,  -22,  -22,  -22,  -10,  -10,  -21,   14,    2,
     -14,  -17,  -22,   -8,  -21,   -8,   -9,   -8,  -21,   -1,  -10,   -8,  -12,  -15,   18,  -22,
     -22,  -22,  -17,  -17,  -17,  -22,   -8,   -8,   -8,  -22,  -22,  -22,   -8,  -17,  -17,   -8,
      -8,  -10,  -22,  -22,   -9,    1,   -5,   -5,   -8,   -7,    1,   21,   -2,   -7,    1,    1,
       1,   -7,   -7,   -7,    1,    1,    6,    1,   -5,   -5,   -8,   10,    6,   -7,    1,   -2,
      -7,    1,    1,    1,   -7,   -7,   -7,    1,    1,    6,  -22,  -18,   20,    1,   -5,   -5,
      -8,   -7,    1,   19,   -2,   -7,    1,    1,    1,   -7,   -7,   -7,    1,    1,    6,  -40,
     -40,  -33,  -41,    9,   -9,  -20,   14,  -15,   14,    6,  -28,  -51,   -9,   -9,   -9,  -20,
     -20,  -20,  -20,   -9,   -9,  -40,  -40,  -40,  -33,  -20,  -62,   14,  -18,  -19,   13,  -15,
      -1,  -20,    4,   -8,  -28,  -51,  -18,  -18,  -18,  -19,  -19,  -19,  -19,  -18,  -18,  -40,
};

static const EpdFontData atkinson_hn_14_bold = {
    atkinson_hn_14_boldBitmaps,
    atkinson_hn_14_boldGlyphs,
    atkinson_hn_14_boldIntervals,
    51,
    35,
    24,
    -8,
    true,
    atkinson_hn_14_boldGroups,
    9,
    nullptr,
    nullptr,  // kernLeftClasses: built-in fonts use the split arrays below
    nullptr,  // kernRightClasses
    atkinson_hn_14_boldKernLeftCodepoints,
    atkinson_hn_14_boldKernLeftClassIds,
    atkinson_hn_14_boldKernRightCodepoints,
    atkinson_hn_14_boldKernRightClassIds,
    nullptr,  // kernMatrix: built-in fonts use the sparse form below
    atkinson_hn_14_boldKernRowOffsets,
    atkinson_hn_14_boldKernSparseCols,
    atkinson_hn_14_boldKernSparseValues,
    249,
    250,
    94,
    91,
    nullptr,
    0,
};
