/**
 * generated by fontconvert.py
 * name: atkinson_hn_8_regular
 * size: 8
 * mode: 1-bit
 * Command used: fontconvert.py atkinson_hn_8_regular 8 ../builtinFonts/source/AtkinsonHyperlegibleNext/AtkinsonHyperlegibleNext-Regular.otf ../builtinFonts/source/NotoSansHebrew/NotoSansHebrew-Regular.ttf ../builtinFonts/source/NotoSansArabic/NotoSansArabic-Regular.ttf --additional-intervals 0x05D0,0x05EA --additional-intervals 0x060C,0x060C --additional-intervals 0x061B,0x061B --additional-intervals 0x061F,0x061F --additional-intervals 0x0621,0x0621 --additional-intervals 0x0640,0x0640 --additional-intervals 0x0654,0x0654 --additional-intervals 0x0660,0x0669 --additional-intervals 0x06BA,0x06BA --additional-intervals 0x06D4,0x06D4 --additional-intervals 0x06D5,0x06D5 --additional-intervals 0x06F0,0x06F9 --additional-intervals 0xFB56,0xFB59 --additional-intervals 0xFB66,0xFB69 --additional-intervals 0xFB7A,0xFB7D --additional-intervals 0xFB88,0xFB95 --additional-intervals 0xFB9E,0xFB9F --additional-intervals 0xFBA6,0xFBB1 --additional-intervals 0xFBFC,0xFBFF --additional-intervals 0xFE80,0xFEFC
 */
#pragma once
#include "EpdFontData.h"

static const uint8_t atkinson_hn_8_regularBitmaps[7833] = {
    0xDB, 0x6D, 0xB2, 0x1F, 0x80, 0xDE, 0xF6, 0xA0, 0x19, 0x83, 0x31, 0xFF, 0xBF, 0xE1, 0xB0, 0x36,
    0x1F, 0xF7, 0xFE, 0x33, 0x06, 0xE0, 0xD8, 0x00, 0x08, 0x03, 0x03, 0xF1, 0xFE, 0x6D, 0x9B, 0x07,
    0xC0, 0xFC, 0x0F, 0x83, 0x7E, 0xD9, 0xFE, 0x3F, 0x03, 0x00, 0x80, 0x7C, 0x30, 0xFC, 0xE3, 0x19,
    0x86, 0x36, 0x07, 0xFC, 0x0F, 0xFF, 0x80, 0xDF, 0x83, 0x63, 0x0E, 0xC6, 0x18, 0xFC, 0x61, 0xF0,
    0x1F, 0x01, 0xF8, 0x39, 0x81, 0xB8, 0x1F, 0x03, 0xE6, 0x77, 0xE6, 0x3C, 0x61, 0xC7, 0xFE, 0x3F,
    0x70, 0xFD, 0x39, 0x8C, 0xC6, 0x31, 0x8C, 0x63, 0x18, 0xC3, 0x18, 0xE0, 0xE3, 0x18, 0x63, 0x18,
    0xC6, 0x31, 0x8C, 0x66, 0x33, 0x80, 0x33, 0xFF, 0xDE, 0x79, 0x20, 0x0C, 0x03, 0x00, 0xC0, 0x30,
    0x7F, 0xDF, 0xE0, 0xC0, 0x30, 0x0C, 0x00, 0x1F, 0xB4, 0x00, 0xFF, 0xF0, 0x1D, 0x80, 0x0C, 0x18,
    0x30, 0xC1, 0x83, 0x0C, 0x18, 0x30, 0xC1, 0x83, 0x0C, 0x18, 0x00, 0x3E, 0x3F, 0xB8, 0xFE, 0x3D,
    0x9E, 0xEF, 0x37, 0x8F, 0xE3, 0xBF, 0x8F, 0x80, 0x1B, 0xFE, 0x31, 0x8C, 0x63, 0x18, 0xC6, 0x3E,
    0x3F, 0x98, 0xC0, 0x60, 0x30, 0x38, 0x38, 0x38, 0x78, 0x7F, 0xFF, 0xE0, 0x3E, 0x3F, 0x98, 0xE0,
    0x60, 0xF0, 0xF8, 0x1E, 0x03, 0x61, 0xBF, 0x8F, 0xC0, 0x07, 0x01, 0xC0, 0xF0, 0x6C, 0x3B, 0x1C,
    0xC6, 0x33, 0xFF, 0x7F, 0xC0, 0xC0, 0x30, 0x3F, 0xBF, 0x98, 0x0C, 0x07, 0xF3, 0xBC, 0x06, 0x03,
    0x61, 0xBF, 0x8F, 0x80, 0x3E, 0x3F, 0xB8, 0x19, 0x0F, 0xE7, 0x3B, 0x0D, 0x86, 0xC3, 0x3F, 0x8F,
    0x80, 0xFF, 0xFF, 0x07, 0x06, 0x0E, 0x0C, 0x1C, 0x18, 0x38, 0x30, 0x70, 0x3C, 0x3F, 0x19, 0x8C,
    0xC7, 0xE3, 0xF3, 0x9D, 0x87, 0xC3, 0x7F, 0x9F, 0x80, 0x3E, 0x3F, 0x98, 0x6C, 0x36, 0x1B, 0x0D,
    0xFE, 0x7E, 0x06, 0x07, 0x07, 0x00, 0x7C, 0x00, 0x07, 0x60, 0x7C, 0x00, 0x17, 0x6D, 0x00, 0x01,
    0x83, 0xC7, 0xCF, 0x0E, 0x03, 0xC0, 0x7C, 0x0F, 0x01, 0x80, 0xFF, 0x7F, 0xC0, 0x1F, 0xEF, 0xF8,
    0xC0, 0x7C, 0x0F, 0x81, 0xF0, 0x38, 0x7C, 0xF9, 0xF0, 0xC0, 0x00, 0x7E, 0x7F, 0xC3, 0x03, 0x0E,
    0x1C, 0x18, 0x18, 0x00, 0x38, 0x38, 0x00, 0x00, 0x7E, 0x0F, 0x78, 0xE0, 0xE6, 0xFB, 0x26, 0xCB,
    0x66, 0x7B, 0x32, 0x5F, 0xF3, 0x7F, 0x9C, 0x00, 0x7B, 0x00, 0xF8, 0x00, 0x0E, 0x03, 0xC0, 0x78,
    0x0D, 0x83, 0x30, 0x67, 0x1C, 0x63, 0xFC, 0x7F, 0xDC, 0x1B, 0x03, 0x00, 0xFE, 0x7F, 0xB0, 0xF8,
    0x6F, 0xF7, 0xFB, 0x0F, 0x83, 0xC1, 0xFF, 0xFF, 0xC0, 0x1F, 0x87, 0xF9, 0xC3, 0x30, 0x06, 0x01,
    0xC0, 0x38, 0x03, 0x00, 0x70, 0xC7, 0xF8, 0x7E, 0x00, 0xFE, 0x3F, 0xCC, 0x3B, 0x06, 0xC1, 0xF0,
    0x7C, 0x1F, 0x07, 0xC3, 0xBF, 0xCF, 0xE0, 0xFF, 0xFF, 0xC0, 0xC0, 0xFC, 0xFE, 0xC0, 0xC0, 0xC0,
    0xFF, 0xFF, 0xFF, 0xFF, 0xC0, 0xC0, 0xFF, 0xFF, 0xC0, 0xC0, 0xC0, 0xC0, 0xC0, 0x1F, 0x87, 0xF9,
    0xC3, 0x30, 0x0E, 0x01, 0xCF, 0xD8, 0xFB, 0x03, 0x70, 0xE7, 0xFC, 0x7F, 0x80, 0xC1, 0xF0, 0x7C,
    0x1F, 0x07, 0xFF, 0xFF, 0xFC, 0x1F, 0x07, 0xC1, 0xF0, 0x7C, 0x1C, 0x7D, 0xE3, 0x0C, 0x30, 0xC3,
    0x0C, 0x31, 0xE7, 0xC0, 0x07, 0x07, 0x07, 0x07, 0x07, 0x07, 0x07, 0xC7, 0xC6, 0xFE, 0x7C, 0xC3,
    0xB1, 0xCC, 0xE3, 0x70, 0xF8, 0x3F, 0x0E, 0xC3, 0x38, 0xC7, 0x30, 0xEC, 0x18, 0xC0, 0xC0, 0xC0,
    0xC0, 0xC0, 0xC0, 0xC0, 0xC0, 0xC0, 0xFF, 0xFF, 0xE0, 0xFF, 0x0F, 0xF0, 0xFF, 0x1F, 0xF9, 0xFD,
    0x9F, 0xDB, 0xFC, 0xF7, 0xCF, 0x7C, 0xF7, 0xC6, 0x70, 0xE1, 0xFC, 0x7F, 0x1F, 0xE7, 0xD9, 0xF3,
    0x7C, 0xFF, 0x1F, 0xC7, 0xF0, 0xFC, 0x3C, 0x1F, 0x83, 0xFC, 0x70, 0xE6, 0x06, 0x60, 0x6E, 0x07,
    0x60, 0x66, 0x06, 0x70, 0xE3, 0xFC, 0x1F, 0x80, 0xFE, 0x7F, 0xB0, 0xF8, 0x7C, 0x77, 0xFB, 0xF1,
    0x80, 0xC0, 0x60, 0x30, 0x00, 0x1F, 0x81, 0xFE, 0x1C, 0x38, 0xC0, 0xC6, 0x06, 0x71, 0x39, 0x9F,
    0x8C, 0x7C, 0x70, 0xE1, 0xFF, 0x87, 0xEE, 0x00, 0x20, 0xFE, 0x7F, 0xB0, 0xF8, 0x7C, 0x7F, 0xFB,
    0xF1, 0x9C, 0xC6, 0x63, 0xB0, 0xE0, 0x3F, 0x1F, 0xE6, 0x19, 0x80, 0x7C, 0x0F, 0xC0, 0x78, 0x07,
    0xE1, 0x9F, 0xE3, 0xF0, 0xFF, 0xBF, 0xE1, 0xC0, 0x70, 0x1C, 0x07, 0x01, 0xC0, 0x70, 0x1C, 0x07,
    0x01, 0xC0, 0xC1, 0xF0, 0x7C, 0x1F, 0x07, 0xC1, 0xF0, 0x7C, 0x1F, 0x06, 0xE1, 0x9F, 0xE3, 0xF0,
    0xC1, 0xF8, 0x76, 0x19, 0x8E, 0x73, 0x0C, 0xC3, 0x70, 0xF8, 0x1E, 0x07, 0x81, 0xC0, 0xE3, 0x8F,
    0x8E, 0x36, 0x79, 0xD9, 0xE6, 0x67, 0x99, 0xDB, 0x63, 0xCF, 0x8F, 0x3C, 0x3C, 0xF0, 0xF1, 0xC1,
    0x87, 0x00, 0xE1, 0xCE, 0x30, 0xCE, 0x1F, 0x81, 0xE0, 0x1C, 0x07, 0x81, 0xF8, 0x33, 0x8E, 0x3B,
    0x83, 0x00, 0xC1, 0xF8, 0x67, 0x38, 0xDC, 0x3E, 0x07, 0x81, 0xC0, 0x30, 0x0C, 0x03, 0x00, 0xC0,
    0x7F, 0x9F, 0xE0, 0x38, 0x1C, 0x0E, 0x03, 0x01, 0xC0, 0xE0, 0x70, 0x3F, 0xFF, 0xFC, 0xFF, 0xCC,
    0xCC, 0xCC, 0xCC, 0xCC, 0xCF, 0xF0, 0xC1, 0xC1, 0x83, 0x07, 0x06, 0x0C, 0x1C, 0x18, 0x30, 0x70,
    0x60, 0xC0, 0x80, 0xFF, 0x33, 0x33, 0x33, 0x33, 0x33, 0x3F, 0xF0, 0x1C, 0x0E, 0x0F, 0x86, 0xC7,
    0x33, 0x18, 0x7F, 0x7E, 0x63, 0x8E, 0x3E, 0x7E, 0x63, 0x0F, 0x7F, 0xE3, 0xE3, 0xFF, 0x7F, 0xC0,
    0xC0, 0xC0, 0xFC, 0xFE, 0xC7, 0xC3, 0xC3, 0xC3, 0xC7, 0xFE, 0xFC, 0x3E, 0x7F, 0x62, 0xE0, 0xE0,
    0xE0, 0x62, 0x7F, 0x3E, 0x03, 0x81, 0xC0, 0xE7, 0xF7, 0xFB, 0x1F, 0x8F, 0xC7, 0xE3, 0xB1, 0xDF,
    0xE7, 0xB0, 0x3E, 0x3F, 0x98, 0xDC, 0x7F, 0xFF, 0x01, 0x80, 0xFE, 0x3E, 0x00, 0x3B, 0xD9, 0xF7,
    0x31, 0x8C, 0x63, 0x18, 0xC0, 0x3D, 0x3F, 0x98, 0xDC, 0x6E, 0x37, 0x19, 0x8C, 0xFE, 0x3F, 0x01,
    0x9D, 0xC7, 0xC0, 0x80, 0xC1, 0x83, 0x07, 0xEF, 0xF8, 0xF1, 0xE3, 0xC7, 0x8F, 0x1E, 0x30, 0x66,
    0x0E, 0x66, 0x66, 0x66, 0x66, 0x18, 0x60, 0x06, 0x18, 0x61, 0x86, 0x18, 0x61, 0x86, 0x19, 0xE7,
    0x80, 0xC0, 0xC0, 0xC0, 0xCE, 0xDC, 0xF8, 0xF0, 0xF0, 0xF8, 0xDC, 0xCC, 0xC6, 0xCC, 0xCC, 0xCC,
    0xCC, 0xCC, 0xEE, 0xFD, 0xEF, 0xFF, 0xC6, 0x3C, 0x63, 0xC6, 0x3C, 0x63, 0xC6, 0x3C, 0x63, 0xC6,
    0x30, 0xFD, 0xFF, 0x1E, 0x3C, 0x78, 0xF1, 0xE3, 0xC6, 0x3E, 0x3F, 0x98, 0xFC, 0x3E, 0x1F, 0x0D,
    0x8E, 0xFE, 0x3E, 0x00, 0xFC, 0xFE, 0xC7, 0xC3, 0xC3, 0xC3, 0xC7, 0xFE, 0xFC, 0xC0, 0xC0, 0xC0,
    0x3D, 0x8F, 0xF1, 0x8E, 0x71, 0xCE, 0x39, 0xC7, 0x18, 0xE3, 0xFC, 0x3F, 0x80, 0x70, 0x07, 0x80,
    0xF0, 0xFF, 0xF9, 0x8C, 0x63, 0x18, 0xC0, 0x7C, 0x7E, 0xE0, 0x78, 0x3E, 0x0F, 0x47, 0xFE, 0x7E,
    0x03, 0x19, 0xF7, 0x31, 0x8C, 0x63, 0x9E, 0x70, 0xC7, 0x8F, 0x1E, 0x3C, 0x78, 0xF1, 0xFF, 0x7E,
    0xC7, 0xE6, 0x66, 0x66, 0x6C, 0x3C, 0x3C, 0x38, 0x18, 0xCE, 0x6C, 0xE6, 0x6E, 0x66, 0xFE, 0x6B,
    0xC7, 0xBC, 0x39, 0xC3, 0x9C, 0x31, 0x80, 0xE7, 0x66, 0x3C, 0x3C, 0x18, 0x3C, 0x7E, 0x66, 0xE7,
    0xC7, 0xE6, 0x66, 0x6E, 0x6C, 0x3C, 0x3C, 0x38, 0x18, 0x18, 0x70, 0xF0, 0xFE, 0x7E, 0x0E, 0x1C,
    0x18, 0x30, 0x70, 0xFE, 0xFF, 0x3C, 0xE3, 0x0C, 0x30, 0xC7, 0x38, 0x70, 0xC3, 0x0C, 0x30, 0xE3,
    0xC0, 0xFF, 0xFF, 0xFF, 0xFF, 0xC0, 0xF1, 0xC3, 0x0C, 0x30, 0xC3, 0x06, 0x38, 0xC3, 0x0C, 0x31,
    0xCF, 0x00, 0x31, 0xBF, 0xFF, 0xC8, 0x00, 0xFC, 0x25, 0xB6, 0xDB, 0x60, 0x08, 0x08, 0x3E, 0x7F,
    0x6A, 0xE8, 0xE8, 0xE8, 0x6A, 0x7F, 0x3E, 0x08, 0x08, 0x3E, 0x3F, 0x98, 0xCC, 0x06, 0x07, 0xF0,
    0xC0, 0x60, 0x30, 0x7F, 0xBF, 0xE0, 0x00, 0x3F, 0xDF, 0xCC, 0x76, 0x1B, 0x0D, 0xDC, 0xFF, 0x4C,
    0x80, 0xC1, 0xD8, 0x67, 0x30, 0xDC, 0x3E, 0x07, 0x87, 0xF0, 0x30, 0x7F, 0x1F, 0xC0, 0xC0, 0xFF,
    0xFC, 0x0F, 0xFF, 0xC0, 0x3E, 0x3F, 0x98, 0xCE, 0x07, 0xC7, 0x7B, 0x0D, 0xC7, 0x7B, 0x0F, 0x03,
    0xCC, 0x67, 0xF1, 0xF0, 0xCC, 0x00, 0x1F, 0xC1, 0xEF, 0x1D, 0xEC, 0xDB, 0x25, 0xC1, 0xAC, 0x0D,
    0x70, 0x6D, 0xB2, 0x6F, 0xB1, 0xEF, 0x07, 0xF0, 0x79, 0xE7, 0x9E, 0x7D, 0xC0, 0x1B, 0x9B, 0x9D,
    0x8D, 0xC7, 0x61, 0xB8, 0x6E, 0x00, 0x7F, 0x9F, 0xF0, 0x1C, 0x07, 0x01, 0xC0, 0x60, 0x1F, 0xC1,
    0xEF, 0x1F, 0xEC, 0xDB, 0x24, 0xD9, 0xA7, 0xCD, 0x3E, 0x6D, 0xB6, 0x30, 0xF1, 0xEF, 0x03, 0xF0,
    0x7F, 0xDF, 0xE0, 0x7B, 0xEF, 0x9E, 0x00, 0x0C, 0x06, 0x1F, 0xEF, 0xF0, 0xC0, 0x60, 0x30, 0xFF,
    0x7F, 0x80, 0x79, 0xB1, 0x8E, 0x71, 0xF0, 0x79, 0xF1, 0xCE, 0x0D, 0xF7, 0x80, 0x39, 0x98, 0x3F,
    0x3D, 0xBE, 0xDF, 0x67, 0xB3, 0xD8, 0x6C, 0x36, 0x1B, 0x0D, 0x86, 0xC3, 0x61, 0xB0, 0xD8, 0x06,
    0x60, 0x67, 0x3F, 0x40, 0x37, 0x33, 0x33, 0x30, 0x79, 0xF4, 0xDB, 0x78, 0x6E, 0x3B, 0x0E, 0xC3,
    0x73, 0xB1, 0xB9, 0xB8, 0x00, 0x70, 0x63, 0x87, 0x0C, 0x30, 0x63, 0x03, 0x30, 0x1B, 0x98, 0x99,
    0xC1, 0x9E, 0x1D, 0xF8, 0xCF, 0xCC, 0x0C, 0x70, 0x63, 0x87, 0x0C, 0x30, 0x63, 0x03, 0x30, 0x1B,
    0xBC, 0xDB, 0x61, 0x83, 0x1C, 0x30, 0xC7, 0x0C, 0x3E, 0x78, 0x31, 0xB1, 0x81, 0xCE, 0x0E, 0x30,
    0x4D, 0x91, 0xEE, 0xE0, 0x33, 0x81, 0x9E, 0x0C, 0xFC, 0x73, 0xF1, 0x81, 0x80, 0x1C, 0x1C, 0x00,
    0x18, 0x18, 0x38, 0x70, 0xE0, 0xC0, 0xC7, 0xFE, 0x7E, 0x18, 0x03, 0x80, 0x00, 0x07, 0x01, 0xE0,
    0x3C, 0x06, 0xC1, 0x98, 0x33, 0x8E, 0x31, 0xFE, 0x3F, 0xEE, 0x0D, 0x81, 0x80, 0x03, 0x00, 0xC0,
    0x00, 0x07, 0x01, 0xE0, 0x3C, 0x06, 0xC1, 0x98, 0x33, 0x8E, 0x31, 0xFE, 0x3F, 0xEE, 0x0D, 0x81,
    0x80, 0x0E, 0x03, 0xE0, 0x00, 0x07, 0x01, 0xE0, 0x3C, 0x06, 0xC1, 0x98, 0x33, 0x8E, 0x31, 0xFE,
    0x3F, 0xEE, 0x0D, 0x81, 0x80, 0x00, 0x03, 0xE0, 0xFC, 0x00, 0x00, 0xE0, 0x3C, 0x07, 0x80, 0xD8,
    0x33, 0x06, 0x71, 0xC6, 0x3F, 0xC7, 0xFD, 0xC1, 0xB0, 0x30, 0x1B, 0x03, 0x60, 0x00, 0x07, 0x01,
    0xE0, 0x3C, 0x06, 0xC1, 0x98, 0x33, 0x8E, 0x31, 0xFE, 0x3F, 0xEE, 0x0D, 0x81, 0x80, 0x0E, 0x03,
    0xC0, 0x78, 0x07, 0x01, 0xE0, 0x3C, 0x06, 0xC1, 0x98, 0x33, 0x86, 0x31, 0xFE, 0x3F, 0xEE, 0x0D,
    0x81, 0x80, 0x03, 0xFE, 0x0F, 0xF8, 0x3E, 0x00, 0x6C, 0x01, 0xDF, 0x83, 0x3F, 0x0C, 0x60, 0x1F,
    0xC0, 0x7F, 0x81, 0xC3, 0xFB, 0x07, 0xF8, 0x1F, 0x87, 0xF9, 0xC3, 0x30, 0x06, 0x01, 0xC0, 0x38,
    0x03, 0x00, 0x70, 0xC7, 0xF8, 0x7E, 0x02, 0x00, 0xF0, 0x1C, 0x00, 0x30, 0x38, 0x00, 0xFF, 0xFF,
    0xC0, 0xC0, 0xFC, 0xFE, 0xC0, 0xC0, 0xC0, 0xFF, 0xFF, 0x0E, 0x1C, 0x00, 0xFF, 0xFF, 0xC0, 0xC0,
    0xFC, 0xFE, 0xC0, 0xC0, 0xC0, 0xFF, 0xFF, 0x1C, 0x7E, 0x00, 0xFF, 0xFF, 0xC0, 0xC0, 0xFC, 0xFE,
    0xC0, 0xC0, 0xC0, 0xFF, 0xFF, 0x7E, 0x36, 0x00, 0xFF, 0xFF, 0xC0, 0xC0, 0xFC, 0xFE, 0xC0, 0xC0,
    0xC0, 0xFF, 0xFF, 0x61, 0xC0, 0x1F, 0x78, 0xC3, 0x0C, 0x30, 0xC3, 0x0C, 0x79, 0xF0, 0x0C, 0x60,
    0x1F, 0x78, 0xC3, 0x0C, 0x30, 0xC3, 0x0C, 0x79, 0xF0, 0x39, 0xF0, 0x1F, 0x78, 0xC3, 0x0C, 0x30,
    0xC3, 0x0C, 0x79, 0xF0, 0x6D, 0xB0, 0x1F, 0x78, 0xC3, 0x0C, 0x30, 0xC3, 0x0C, 0x79, 0xF0, 0x7F,
    0x0F, 0xF9, 0xC3, 0x38, 0x7F, 0xC7, 0xFC, 0xDC, 0x1B, 0x87, 0x70, 0xCF, 0xF9, 0xFC, 0x00, 0x00,
    0x0F, 0xC3, 0xF0, 0x00, 0xE1, 0xFC, 0x7F, 0x1F, 0xE7, 0xD9, 0xF3, 0x7C, 0xFF, 0x1F, 0xC7, 0xF0,
    0xFC, 0x3C, 0x1C, 0x00, 0xE0, 0x00, 0x01, 0xF8, 0x3F, 0xC7, 0x0E, 0x60, 0x66, 0x06, 0xE0, 0x76,
    0x06, 0x60, 0x67, 0x0E, 0x3F, 0xC1, 0xF8, 0x03, 0x80, 0x70, 0x00, 0x01, 0xF8, 0x3F, 0xC7, 0x0E,
    0x60, 0x66, 0x06, 0xE0, 0x76, 0x06, 0x60, 0x67, 0x0E, 0x3F, 0xC1, 0xF8, 0x0E, 0x01, 0xF8, 0x00,
    0x01, 0xF8, 0x3F, 0xC7, 0x0E, 0x60, 0x66, 0x06, 0xE0, 0x76, 0x06, 0x60, 0x67, 0x0E, 0x3F, 0xC1,
    0xF8, 0x1F, 0x81, 0xF8, 0x00, 0x01, 0xF8, 0x3F, 0xC7, 0x0E, 0x60, 0x66, 0x06, 0xE0, 0x76, 0x06,
    0x60, 0x67, 0x0E, 0x3F, 0xC1, 0xF8, 0x1B, 0x01, 0xF8, 0x00, 0x01, 0xF8, 0x3F, 0xC7, 0x0E, 0x60,
    0x66, 0x06, 0xE0, 0x76, 0x06, 0x60, 0x67, 0x0E, 0x3F, 0xC1, 0xF8, 0x63, 0x77, 0x3E, 0x1C, 0x3E,
    0x77, 0x63, 0x00, 0x1F, 0xE3, 0xFC, 0x70, 0xE6, 0x1E, 0x63, 0x6E, 0x67, 0xEC, 0x67, 0x86, 0x70,
    0xE7, 0xFC, 0x7F, 0x80, 0x30, 0x06, 0x00, 0x03, 0x07, 0xC1, 0xF0, 0x7C, 0x1F, 0x07, 0xC1, 0xF0,
    0x7C, 0x1B, 0x86, 0x7F, 0x8F, 0xC0, 0x06, 0x03, 0x80, 0x03, 0x07, 0xC1, 0xF0, 0x7C, 0x1F, 0x07,
    0xC1, 0xF0, 0x7C, 0x1B, 0x86, 0x7F, 0x8F, 0xC0, 0x1C, 0x0F, 0x80, 0x03, 0x07, 0xC1, 0xF0, 0x7C,
    0x1F, 0x07, 0xC1, 0xF0, 0x7C, 0x1B, 0x86, 0x7F, 0x8F, 0xC0, 0x36, 0x0D, 0x80, 0x03, 0x07, 0xC1,
    0xF0, 0x7C, 0x1F, 0x07, 0xC1, 0xF0, 0x7C, 0x1B, 0x86, 0x7F, 0x8F, 0xC0, 0x06, 0x03, 0x80, 0x03,
    0x07, 0xE1, 0x9C, 0xE3, 0x70, 0xF8, 0x1E, 0x07, 0x00, 0xC0, 0x30, 0x0C, 0x03, 0x00, 0xC0, 0x60,
    0x3F, 0x9F, 0xEC, 0x3E, 0x1F, 0x0F, 0xFE, 0xFE, 0x60, 0x30, 0x00, 0x7C, 0x7F, 0x31, 0x9B, 0xCD,
    0xE6, 0x7B, 0x0D, 0x86, 0xC3, 0x6F, 0xB7, 0x80, 0x20, 0x30, 0x18, 0x00, 0x3E, 0x7E, 0x63, 0x0F,
    0x7F, 0xE3, 0xE3, 0xFF, 0x7F, 0x00, 0x0E, 0x0C, 0x00, 0x3E, 0x7E, 0x63, 0x0F, 0x7F, 0xE3, 0xE3,
    0xFF, 0x7F, 0x1C, 0x3E, 0x00, 0x3E, 0x7E, 0x63, 0x0F, 0x7F, 0xE3, 0xE3, 0xFF, 0x7F, 0x18, 0x3E,
    0x60, 0x3E, 0x7E, 0x63, 0x0F, 0x7F, 0xE3, 0xE3, 0xFF, 0x7F, 0x36, 0x36, 0x00, 0x3E, 0x7E, 0x63,
    0x0F, 0x7F, 0xE3, 0xE3, 0xFF, 0x7F, 0x1C, 0x3C, 0x34, 0x1C, 0x00, 0x3E, 0x7E, 0x63, 0x0F, 0x7F,
    0xE3, 0xE3, 0xFF, 0x7F, 0x3E, 0xF0, 0xFF, 0xF1, 0x8C, 0x30, 0x18, 0x67, 0xFF, 0xCE, 0x60, 0x38,
    0xC0, 0x7F, 0xFC, 0x7C, 0xF8, 0x3E, 0x7F, 0x62, 0xE0, 0xE0, 0xE0, 0x62, 0x7F, 0x3E, 0x18, 0x1C,
    0x1C, 0x00, 0x18, 0x06, 0x00, 0x03, 0xE3, 0xF9, 0x8D, 0xC7, 0xFF, 0xF0, 0x18, 0x0F, 0xE3, 0xE0,
    0x02, 0x03, 0x03, 0x00, 0x03, 0xE3, 0xF9, 0x8D, 0xC7, 0xFF, 0xF0, 0x18, 0x0F, 0xE3, 0xE0, 0x1C,
    0x1F, 0x00, 0x07, 0xC7, 0xF3, 0x1B, 0x8F, 0xFF, 0xE0, 0x30, 0x1F, 0xC7, 0xC0, 0x36, 0x1B, 0x00,
    0x07, 0xC7, 0xF3, 0x1B, 0x8F, 0xFF, 0xE0, 0x30, 0x1F, 0xC7, 0xC0, 0x46, 0x70, 0x73, 0x33, 0x33,
    0x33, 0x30, 0x11, 0xCC, 0x0E, 0x31, 0x8C, 0x63, 0x18, 0xC6, 0x00, 0x3B, 0xF0, 0x1C, 0x30, 0xC3,
    0x0C, 0x30, 0xC3, 0x0C, 0x6D, 0xB0, 0x1C, 0x30, 0xC3, 0x0C, 0x30, 0xC3, 0x0C, 0x00, 0x0F, 0x87,
    0xC1, 0xE0, 0xB0, 0x4D, 0xFE, 0xEF, 0xE3, 0xF0, 0xF8, 0xEF, 0xE3, 0xE0, 0x30, 0xF9, 0x07, 0xEF,
    0xF8, 0xF1, 0xE3, 0xC7, 0x8F, 0x1E, 0x30, 0x00, 0x18, 0x06, 0x00, 0x03, 0xE3, 0xF9, 0x8F, 0xC3,
    0xE1, 0xF0, 0xD8, 0xEF, 0xE3, 0xE0, 0x00, 0x03, 0x03, 0x00, 0x03, 0xE3, 0xF9, 0x8F, 0xC3, 0xE1,
    0xF0, 0xD8, 0xEF, 0xE3, 0xE0, 0x1C, 0x1F, 0x00, 0x07, 0xC7, 0xF3, 0x1F, 0x87, 0xC3, 0xE1, 0xB1,
    0xDF, 0xC7, 0xC0, 0x18, 0x1F, 0x08, 0x07, 0xC7, 0xF3, 0x1F, 0x87, 0xC3, 0xE1, 0xB1, 0xDF, 0xC7,
    0xC0, 0x36, 0x1B, 0x00, 0x07, 0xC7, 0xF3, 0x1F, 0x87, 0xC3, 0xE1, 0xB1, 0xDF, 0xC7, 0xC0, 0x0C,
    0x03, 0x00, 0x01, 0xFF, 0x7F, 0x80, 0x00, 0xC0, 0x30, 0x00, 0x1F, 0x9F, 0xCC, 0xFE, 0xFF, 0x6F,
    0xE6, 0xE7, 0x7F, 0x3F, 0x00, 0x00, 0xC0, 0xC0, 0x0C, 0x78, 0xF1, 0xE3, 0xC7, 0x8F, 0x1F, 0xF7,
    0xE0, 0x00, 0x18, 0x60, 0x0C, 0x78, 0xF1, 0xE3, 0xC7, 0x8F, 0x1F, 0xF7, 0xE0, 0x38, 0xF8, 0x06,
    0x3C, 0x78, 0xF1, 0xE3, 0xC7, 0x8F, 0xFB, 0xF0, 0x6C, 0xD8, 0x06, 0x3C, 0x78, 0xF1, 0xE3, 0xC7,
    0x8F, 0xFB, 0xF0, 0x04, 0x0C, 0x1C, 0x00, 0xC7, 0xE6, 0x66, 0x6E, 0x6C, 0x3C, 0x3C, 0x38, 0x18,
    0x18, 0x70, 0xF0, 0xC0, 0xC0, 0xC0, 0xFC, 0xFE, 0xC7, 0xC3, 0xC3, 0xC3, 0xC7, 0xFE, 0xFC, 0xC0,
    0xC0, 0xC0, 0x6C, 0x6C, 0x00, 0xC7, 0xE6, 0x66, 0x6E, 0x6C, 0x3C, 0x3C, 0x38, 0x18, 0x18, 0x70,
    0xF0, 0x1F, 0x00, 0x00, 0x00, 0x07, 0x01, 0xE0, 0x3C, 0x06, 0xC1, 0x98, 0x33, 0x8E, 0x31, 0xFE,
    0x3F, 0xEE, 0x0D, 0x81, 0x80, 0x3E, 0x00, 0x3E, 0x7E, 0x63, 0x0F, 0x7F, 0xE3, 0xE3, 0xFF, 0x7F,
    0x1F, 0x03, 0xC0, 0x00, 0x07, 0x01, 0xE0, 0x3C, 0x06, 0xC1, 0x98, 0x33, 0x8E, 0x31, 0xFE, 0x3F,
    0xEE, 0x0D, 0x81, 0x80, 0x3E, 0x3C, 0x00, 0x3E, 0x7E, 0x63, 0x0F, 0x7F, 0xE3, 0xE3, 0xFF, 0x7F,
    0x0E, 0x03, 0xC0, 0x78, 0x0D, 0x83, 0x30, 0x67, 0x1C, 0x63, 0xFC, 0x7F, 0xDC, 0x1B, 0x03, 0x00,
    0x60, 0x18, 0x01, 0xC0, 0x3E, 0x7E, 0x63, 0x1F, 0x7F, 0xE3, 0xE3, 0xFF, 0x7F, 0x07, 0x06, 0x07,
    0x03, 0x00, 0xE0, 0x00, 0x0F, 0xC3, 0xFC, 0xE1, 0x98, 0x03, 0x00, 0xE0, 0x1C, 0x01, 0x80, 0x38,
    0x63, 0xFC, 0x3F, 0x00, 0x00, 0x06, 0x0C, 0x00, 0x3E, 0x7F, 0x62, 0xE0, 0xE0, 0xE0, 0x62, 0x7F,
    0x3E, 0x06, 0x00, 0xC0, 0x00, 0x0F, 0xC3, 0xFC, 0xE1, 0x98, 0x03, 0x00, 0xE0, 0x1C, 0x01, 0x80,
    0x38, 0x63, 0xFC, 0x3F, 0x00, 0x1C, 0x1C, 0x00, 0x3E, 0x7F, 0x62, 0xE0, 0xE0, 0xE0, 0x62, 0x7F,
    0x3E, 0x1F, 0x81, 0xC0, 0x00, 0x0F, 0xC3, 0xFC, 0xE1, 0x98, 0x03, 0x00, 0xE0, 0x1C, 0x01, 0x80,
    0x38, 0x63, 0xFC, 0x3F, 0x00, 0x3E, 0x1C, 0x00, 0x3E, 0x7F, 0x62, 0xE0, 0xE0, 0xE0, 0x62, 0x7F,
    0x3E, 0x3E, 0x07, 0x00, 0x03, 0xF8, 0xFF, 0x30, 0xEC, 0x1B, 0x07, 0xC1, 0xF0, 0x7C, 0x1F, 0x0E,
    0xFF, 0x3F, 0x80, 0x03, 0xE0, 0x7C, 0x0F, 0x9F, 0xC7, 0xF8, 0xC7, 0x38, 0xE7, 0x1C, 0xE3, 0x8C,
    0x71, 0xFE, 0x1E, 0xC0, 0x7F, 0x0F, 0xF9, 0xC3, 0x38, 0x7F, 0xC7, 0xFC, 0xDC, 0x1B, 0x87, 0x70,
    0xCF, 0xF9, 0xFC, 0x00, 0x03, 0x83, 0xF0, 0xFC, 0xFE, 0x7F, 0x98, 0xEE, 0x3B, 0x8E, 0xE3, 0x98,
    0xE7, 0xF8, 0xF6, 0x7E, 0x00, 0x00, 0xFF, 0xFF, 0xC0, 0xC0, 0xFC, 0xFE, 0xC0, 0xC0, 0xC0, 0xFF,
    0xFF, 0x3E, 0x00, 0x0F, 0x8F, 0xE6, 0x37, 0x1F, 0xFF, 0xC0, 0x60, 0x3F, 0x8F, 0x80, 0x18, 0x18,
    0x00, 0xFF, 0xFF, 0xC0, 0xC0, 0xFC, 0xFE, 0xC0, 0xC0, 0xC0, 0xFF, 0xFF, 0x0C, 0x06, 0x00, 0x07,
    0xC7, 0xF3, 0x1B, 0x8F, 0xFF, 0xE0, 0x30, 0x1F, 0xC7, 0xC0, 0xFF, 0xFF, 0xC0, 0xC0, 0xFC, 0xFE,
    0xC0, 0xC0, 0xC0, 0xFF, 0xFF, 0x07, 0x06, 0x07, 0x3E, 0x3F, 0x98, 0xDC, 0x7F, 0xFF, 0x01, 0x80,
    0xFE, 0x3E, 0x02, 0x03, 0x00, 0xE0, 0x7E, 0x1C, 0x00, 0xFF, 0xFF, 0xC0, 0xC0, 0xFC, 0xFE, 0xC0,
    0xC0, 0xC0, 0xFF, 0xFF, 0x3E, 0x0E, 0x00, 0x07, 0xC7, 0xF3, 0x1B, 0x8F, 0xFF, 0xE0, 0x30, 0x1F,
    0xC7, 0xC0, 0x1F, 0x01, 0xE0, 0x00, 0x0F, 0xC3, 0xFC, 0xE1, 0x98, 0x07, 0x00, 0xE7, 0xEC, 0x7D,
    0x81, 0xB8, 0x73, 0xFE, 0x3F, 0xC0, 0x3E, 0x0F, 0x00, 0x07, 0xA7, 0xF3, 0x1B, 0x8D, 0xC6, 0xE3,
    0x31, 0x9F, 0xC7, 0xE0, 0x33, 0xB8, 0xF8, 0x10, 0x06, 0x00, 0xC0, 0x00, 0x0F, 0xC3, 0xFC, 0xE1,
    0x98, 0x07, 0x00, 0xE7, 0xEC, 0x7D, 0x81, 0xB8, 0x73, 0xFE, 0x3F, 0xC0, 0x0C, 0x06, 0x00, 0x07,
    0xA7, 0xF3, 0x1B, 0x8D, 0xC6, 0xE3, 0x31, 0x9F, 0xC7, 0xE0, 0x33, 0xB8, 0xF8, 0x10, 0x1F, 0x87,
    0xF9, 0xC3, 0x30, 0x0E, 0x01, 0xCF, 0xD8, 0xFB, 0x03, 0x70, 0xE7, 0xFC, 0x7F, 0x80, 0x00, 0x60,
    0x0C, 0x03, 0x80, 0x0C, 0x0E, 0x06, 0x01, 0x80, 0x01, 0xE9, 0xFC, 0xC6, 0xE3, 0x71, 0xB8, 0xCC,
    0x67, 0xF1, 0xF8, 0x0C, 0xEE, 0x3E, 0x04, 0x00, 0x60, 0xEF, 0xFE, 0xFF, 0xF6, 0x0E, 0x7F, 0xE7,
    0xFE, 0x60, 0xE6, 0x0E, 0x60, 0xE6, 0x0E, 0x60, 0xE0, 0x30, 0x7F, 0x3F, 0x87, 0xE3, 0xF9, 0x8C,
    0xC6, 0x63, 0x31, 0x98, 0xCC, 0x66, 0x30, 0x7C, 0x00, 0x1F, 0x78, 0xC3, 0x0C, 0x30, 0xC3, 0x0C,
    0x79, 0xF0, 0xFC, 0x07, 0x0C, 0x30, 0xC3, 0x0C, 0x30, 0xC3, 0x00, 0x7D, 0xE3, 0x0C, 0x30, 0xC3,
    0x0C, 0x31, 0xE7, 0xC6, 0x18, 0x70, 0x66, 0x0E, 0x66, 0x66, 0x66, 0x66, 0xEC, 0xE0, 0x30, 0xC0,
    0x1F, 0x78, 0xC3, 0x0C, 0x30, 0xC3, 0x0C, 0x79, 0xF0, 0xED, 0xB6, 0xDB, 0x60, 0x7C, 0x0D, 0xE0,
    0x33, 0x00, 0xCC, 0x03, 0x30, 0x0C, 0xC0, 0x33, 0x00, 0xCC, 0x63, 0x31, 0x8D, 0xE7, 0xF7, 0xCF,
    0x80, 0x67, 0x67, 0x00, 0xE6, 0x66, 0x66, 0x66, 0x66, 0x66, 0x66, 0x66, 0x66, 0x06, 0x1E, 0x1E,
    0xC3, 0xB1, 0xCC, 0xE3, 0x70, 0xF8, 0x3F, 0x0E, 0xC3, 0x38, 0xC7, 0x30, 0xEC, 0x18, 0x00, 0x1C,
    0x03, 0x01, 0x80, 0xC0, 0xC0, 0xC0, 0xCE, 0xDC, 0xF8, 0xF0, 0xF0, 0xF8, 0xDC, 0xCC, 0xC6, 0x00,
    0x30, 0x18, 0x30, 0x30, 0x70, 0xC0, 0x00, 0xC0, 0xC0, 0xC0, 0xC0, 0xC0, 0xC0, 0xC0, 0xC0, 0xC0,
    0xC0, 0xFE, 0xFF, 0x36, 0xC0, 0x0C, 0xCC, 0xCC, 0xCC, 0xCC, 0xCC, 0xC0, 0xC0, 0xC0, 0xC0, 0xC0,
    0xC0, 0xC0, 0xC0, 0xC0, 0xC0, 0xFF, 0xFF, 0x00, 0x18, 0x18, 0x38, 0x63, 0x18, 0xC6, 0x31, 0x8C,
    0x63, 0x1C, 0xE0, 0x30, 0xCC, 0xD8, 0xD8, 0xD8, 0xC0, 0xC0, 0xC0, 0xC0, 0xC0, 0xC0, 0xFF, 0xFF,
    0xD7, 0xBD, 0x8C, 0x63, 0x18, 0xC6, 0x39, 0xC0, 0x70, 0x1C, 0x07, 0x01, 0xD8, 0x7E, 0x1E, 0x0F,
    0x03, 0xC0, 0x70, 0x1F, 0xE7, 0xFC, 0x63, 0x18, 0xC6, 0x3F, 0xDC, 0x63, 0x1C, 0xF0, 0x06, 0x03,
    0x80, 0x03, 0x87, 0xF1, 0xFC, 0x7F, 0x9F, 0x67, 0xCD, 0xF3, 0xFC, 0x7F, 0x1F, 0xC3, 0xF0, 0xF0,
    0x00, 0x18, 0x60, 0x0F, 0xDF, 0xF1, 0xE3, 0xC7, 0x8F, 0x1E, 0x3C, 0x60, 0xE1, 0xFC, 0x7F, 0x1F,
    0xE7, 0xD9, 0xF3, 0x7C, 0xFF, 0x1F, 0xC7, 0xF0, 0xFC, 0x3C, 0x00, 0x0C, 0x03, 0x01, 0xC0, 0xFD,
    0xFF, 0x1E, 0x3C, 0x78, 0xF1, 0xE3, 0xC6, 0x00, 0x60, 0xC3, 0x80, 0x3E, 0x07, 0x00, 0x03, 0x87,
    0xF1, 0xFC, 0x7F, 0x9F, 0x67, 0xCD, 0xF3, 0xFC, 0x7F, 0x1F, 0xC3, 0xF0, 0xF0, 0x7C, 0x70, 0x07,
    0xEF, 0xF8, 0xF1, 0xE3, 0xC7, 0x8F, 0x1E, 0x30, 0xE0, 0xDE, 0x1B, 0xC3, 0x7C, 0x6D, 0xCD, 0x99,
    0xB3, 0xB6, 0x3E, 0xC3, 0xD8, 0x3B, 0x07, 0x60, 0x60, 0x0C, 0x07, 0x81, 0xF0, 0x10, 0x00, 0xFE,
    0xFF, 0xE3, 0xC3, 0xC3, 0xC3, 0xC3, 0xC3, 0xC3, 0x03, 0x03, 0x0F, 0x0F, 0x1F, 0x03, 0xE0, 0x00,
    0x1F, 0xC7, 0xFD, 0xC1, 0xF0, 0x1E, 0x03, 0xC0, 0x78, 0x0F, 0x01, 0xE0, 0x3E, 0x0E, 0xFF, 0x8F,
    0xE0, 0x20, 0x1F, 0x0F, 0xC0, 0x00, 0xFC, 0x7F, 0x98, 0x66, 0x19, 0x87, 0x61, 0x98, 0x67, 0x38,
    0xFC, 0x0C, 0x00, 0x02, 0x80, 0x7C, 0x0F, 0x80, 0x00, 0x1F, 0x83, 0xFC, 0x70, 0xE6, 0x06, 0x60,
    0x6E, 0x07, 0x60, 0x66, 0x06, 0x70, 0xE3, 0xFC, 0x1F, 0x80, 0x01, 0x07, 0x87, 0x80, 0x03, 0xE3,
    0xF9, 0x8F, 0xC3, 0xE1, 0xF0, 0xD8, 0xEF, 0xE3, 0xE0, 0x1F, 0x7F, 0x1F, 0xFF, 0x9C, 0x38, 0x0C,
    0x1C, 0x0E, 0x07, 0xE7, 0x03, 0xF1, 0x81, 0x80, 0xC1, 0xC0, 0x70, 0xE0, 0x1F, 0xFF, 0x87, 0xDF,
    0xE0, 0x3E, 0x78, 0x7F, 0xFC, 0x63, 0x86, 0xE3, 0x86, 0xE1, 0xFE, 0xE1, 0x80, 0x63, 0x80, 0x7F,
    0xFC, 0x3E, 0x7C, 0x0C, 0x0E, 0x00, 0x1F, 0xCF, 0xF6, 0x1F, 0x0F, 0x8F, 0xFF, 0x7E, 0x33, 0x98,
    0xCC, 0x76, 0x1C, 0x00, 0xCC, 0x0F, 0xFF, 0x98, 0xC6, 0x31, 0x8C, 0x00, 0xFE, 0x3F, 0xCE, 0x33,
    0x8E, 0xE3, 0x3F, 0xCF, 0xE3, 0xB8, 0xE6, 0x39, 0xCE, 0x3B, 0x86, 0x00, 0x03, 0x01, 0x80, 0x60,
    0x03, 0xFF, 0xF8, 0xC3, 0x0C, 0x30, 0xC3, 0x00, 0x30, 0xC2, 0x00, 0x7E, 0x1C, 0x00, 0x1F, 0xCF,
    0xF6, 0x1F, 0x0F, 0x8F, 0xFF, 0x7E, 0x33, 0x98, 0xCC, 0x76, 0x1C, 0x7C, 0x70, 0x03, 0xE7, 0xCE,
    0x18, 0x30, 0x60, 0xC1, 0x83, 0x00, 0x06, 0x03, 0x80, 0x00, 0xFC, 0x7F, 0x98, 0x66, 0x01, 0xF0,
    0x3F, 0x01, 0xE0, 0x1F, 0x86, 0x7F, 0x8F, 0xC0, 0x04, 0x0C, 0x1C, 0x00, 0x7C, 0x7E, 0xE0, 0x78,
    0x3E, 0x0F, 0x47, 0xFE, 0x7E, 0x3F, 0x1F, 0xE6, 0x19, 0x80, 0x7C, 0x0F, 0xC0, 0x78, 0x07, 0xE1,
    0x9F, 0xE3, 0xF0, 0x20, 0x0E, 0x07, 0x80, 0x7C, 0x7E, 0xE0, 0x78, 0x7E, 0x0F, 0x47, 0x7E, 0x7E,
    0x10, 0x1C, 0x3C, 0x3F, 0x07, 0x00, 0x00, 0xFC, 0x7F, 0x98, 0x66, 0x01, 0xF0, 0x3F, 0x01, 0xE0,
    0x1F, 0x86, 0x7F, 0x8F, 0xC0, 0x7E, 0x38, 0x00, 0x7C, 0x7E, 0xE0, 0x78, 0x3E, 0x0F, 0x47, 0xFE,
    0x7E, 0xFF, 0xBF, 0xE1, 0xC0, 0x70, 0x1C, 0x07, 0x01, 0xC0, 0x70, 0x1C, 0x07, 0x01, 0xC0, 0x20,
    0x1C, 0x07, 0x00, 0x03, 0x19, 0xF7, 0x31, 0x8C, 0x63, 0x9E, 0x73, 0x1D, 0xE0, 0x3E, 0x07, 0x00,
    0x03, 0xFE, 0xFF, 0x87, 0x01, 0xC0, 0x70, 0x1C, 0x07, 0x01, 0xC0, 0x70, 0x1C, 0x07, 0x00, 0x08,
    0x30, 0x9E, 0x63, 0xE7, 0x18, 0x61, 0x86, 0x1C, 0x78, 0xE0, 0x3E, 0x00, 0x00, 0x03, 0x07, 0xC1,
    0xF0, 0x7C, 0x1F, 0x07, 0xC1, 0xF0, 0x7C, 0x1B, 0x86, 0x7F, 0x8F, 0xC0, 0x7C, 0x03, 0x1E, 0x3C,
    0x78, 0xF1, 0xE3, 0xC7, 0xFD, 0xF8, 0x31, 0x0F, 0xC1, 0xE0, 0x00, 0xC0, 0xF0, 0x3C, 0x0F, 0x03,
    0xC0, 0xF0, 0x3C, 0x0F, 0x03, 0xC0, 0xF8, 0x77, 0xF8, 0xFC, 0x0C, 0x00, 0x62, 0x7E, 0x3C, 0x00,
    0xC3, 0xC3, 0xC3, 0xC3, 0xC3, 0xC3, 0xC3, 0xEF, 0x7F, 0x10, 0x1C, 0x07, 0x81, 0xE0, 0x70, 0xC1,
    0xF0, 0x7C, 0x1F, 0x07, 0xC1, 0xF0, 0x7C, 0x1F, 0x06, 0xE1, 0x9F, 0xE3, 0xF0, 0x38, 0xD9, 0xB1,
    0xC0, 0x18, 0xF1, 0xE3, 0xC7, 0x8F, 0x1E, 0x3F, 0xEF, 0xC0, 0x01, 0x03, 0xC1, 0xF0, 0x00, 0xC1,
    0xF0, 0x7C, 0x1F, 0x07, 0xC1, 0xF0, 0x7C, 0x1F, 0x06, 0xE1, 0x9F, 0xE3, 0xF0, 0x02, 0x7C, 0xF0,
    0x0C, 0x78, 0xF1, 0xE3, 0xC7, 0x8F, 0x1F, 0xF7, 0xE0, 0xC1, 0xF0, 0x7C, 0x1F, 0x07, 0xC1, 0xF0,
    0x7C, 0x1F, 0x07, 0xE1, 0x9F, 0xE7, 0xF0, 0x18, 0x06, 0x01, 0xC0, 0xC7, 0x8F, 0x1E, 0x3C, 0x78,
    0xF1, 0xFF, 0x7E, 0x1C, 0x30, 0x70, 0x03, 0x80, 0x3F, 0x00, 0x00, 0x38, 0xE3, 0xE3, 0x8D, 0x9E,
    0x76, 0x79, 0x99, 0xE6, 0x76, 0xD8, 0xF3, 0xE3, 0xCF, 0x0F, 0x3C, 0x3C, 0x70, 0x61, 0xC0, 0x0E,
    0x01, 0xF0, 0x00, 0x0C, 0xE6, 0xCE, 0x66, 0xE6, 0x6F, 0xE6, 0xBC, 0x7B, 0xC3, 0x9C, 0x39, 0xC3,
    0x18, 0x1C, 0x0F, 0x80, 0x03, 0x07, 0xE1, 0x9C, 0xE3, 0x70, 0xF8, 0x1E, 0x07, 0x00, 0xC0, 0x30,
    0x0C, 0x03, 0x00, 0x38, 0x7C, 0x00, 0xC7, 0xE6, 0x66, 0x6E, 0x6C, 0x3C, 0x3C, 0x38, 0x18, 0x18,
    0x70, 0xF0, 0x36, 0x0D, 0x80, 0x03, 0x07, 0xE1, 0x9C, 0xE3, 0x70, 0xF8, 0x1E, 0x07, 0x00, 0xC0,
    0x30, 0x0C, 0x03, 0x00, 0x07, 0x03, 0x80, 0x01, 0xFE, 0x7F, 0x80, 0xE0, 0x70, 0x38, 0x0C, 0x07,
    0x03, 0x81, 0xC0, 0xFF, 0xFF, 0xF0, 0x04, 0x0C, 0x1C, 0x00, 0xFE, 0x7E, 0x0E, 0x1C, 0x18, 0x30,
    0x70, 0xFE, 0xFF, 0x0C, 0x03, 0x00, 0x01, 0xFE, 0x7F, 0x80, 0xE0, 0x70, 0x38, 0x0C, 0x07, 0x03,
    0x81, 0xC0, 0xFF, 0xFF, 0xF0, 0x18, 0x18, 0x00, 0xFE, 0x7E, 0x0E, 0x1C, 0x18, 0x30, 0x70, 0xFE,
    0xFF, 0x3F, 0x07, 0x80, 0x01, 0xFE, 0x7F, 0x80, 0xE0, 0x70, 0x38, 0x0C, 0x07, 0x03, 0x81, 0xC0,
    0xFF, 0xFF, 0xF0, 0x7C, 0x38, 0x00, 0xFE, 0x7E, 0x0E, 0x1C, 0x18, 0x30, 0x70, 0xFE, 0xFF, 0x3F,
    0x1F, 0xE6, 0x19, 0x80, 0x7C, 0x0F, 0xC0, 0x78, 0x07, 0xE1, 0x9F, 0xE3, 0xF0, 0x00, 0x0C, 0x01,
    0x01, 0xC0, 0x7C, 0x7E, 0xE0, 0x78, 0x3E, 0x0F, 0x47, 0xFE, 0x7E, 0x00, 0x18, 0x08, 0x18, 0xFF,
    0xBF, 0xE1, 0xC0, 0x70, 0x1C, 0x07, 0x01, 0xC0, 0x70, 0x1C, 0x07, 0x01, 0xC0, 0x00, 0x0C, 0x03,
    0x01, 0xC0, 0x03, 0x19, 0xF7, 0x31, 0x8C, 0x63, 0x9E, 0x70, 0x18, 0x66, 0xC6, 0x20, 0x36, 0x40,
    0x38, 0xF8, 0x00, 0x7D, 0xF8, 0xFC, 0x00, 0x7D, 0xE0, 0x00, 0x7C, 0x6F, 0xF0, 0x76, 0xF6, 0xE0,
    0x3D, 0xF5, 0x00, 0x7C, 0x70, 0x6C, 0xE0, 0x06, 0x36, 0x06, 0x7F, 0x26, 0xC7, 0x70, 0xCC, 0x33,
    0x8C, 0xF7, 0x3F, 0x99, 0xC6, 0x71, 0x8E, 0xE1, 0xB8, 0x70, 0x7E, 0x3F, 0x80, 0xC0, 0x60, 0x30,
    0x18, 0x0C, 0x06, 0x7F, 0xFF, 0xC0, 0x79, 0xE1, 0xC7, 0x1C, 0x71, 0xC7, 0xFF, 0xB0, 0x00, 0xFF,
    0xBF, 0x81, 0x80, 0xC0, 0x60, 0x30, 0x18, 0x0C, 0x06, 0x03, 0x00, 0x7F, 0x9F, 0xE0, 0x1C, 0x07,
    0x61, 0xD8, 0x76, 0x1D, 0x87, 0x61, 0xD8, 0x70, 0xF7, 0x33, 0x33, 0x33, 0x33, 0xFB, 0xCC, 0xC6,
    0x31, 0xCE, 0x71, 0x80, 0xFF, 0x9F, 0xF7, 0x0D, 0xC3, 0x70, 0xDC, 0x37, 0x0D, 0xC3, 0x70, 0xDC,
    0x30, 0x67, 0x99, 0xE6, 0x1D, 0x83, 0x60, 0xD8, 0x36, 0x0D, 0xC7, 0x3F, 0x87, 0xC0, 0xF7, 0x33,
    0x33, 0xFE, 0x7F, 0x03, 0x03, 0x03, 0x03, 0x03, 0x03, 0x03, 0x03, 0x03, 0x03, 0x03, 0xFC, 0x7E,
    0x07, 0x03, 0x03, 0x03, 0x03, 0x07, 0x7E, 0xFC, 0xC0, 0x60, 0x30, 0x1F, 0xE7, 0xF0, 0x18, 0x18,
    0x0C, 0x06, 0x07, 0x03, 0x01, 0x81, 0xC0, 0x7F, 0x8F, 0xF9, 0xC3, 0x38, 0x77, 0x0E, 0xE1, 0xDC,
    0x3B, 0x87, 0x7F, 0xEF, 0xFC, 0x6F, 0x8F, 0xF9, 0xE3, 0x18, 0x73, 0x0E, 0x61, 0xDC, 0x3B, 0x06,
    0x67, 0xCD, 0xF0, 0xF7, 0x33, 0x33, 0x33, 0x33, 0x33, 0x30, 0x79, 0xE1, 0x86, 0x18, 0x61, 0x86,
    0x7B, 0xE0, 0xFF, 0x9F, 0xF7, 0x0D, 0x83, 0x60, 0xD8, 0x36, 0x0D, 0xC7, 0x3F, 0x87, 0xC0, 0x00,
    0x18, 0x66, 0x19, 0xC6, 0x31, 0x8C, 0x63, 0x18, 0xEE, 0x3F, 0x0F, 0x8F, 0xC3, 0x00, 0x3F, 0x1F,
    0xE6, 0x1B, 0x86, 0x61, 0x9C, 0x73, 0x1C, 0x07, 0x01, 0xC0, 0x70, 0x1C, 0x07, 0x01, 0xC0, 0x3F,
    0x1F, 0xE6, 0x19, 0x86, 0x61, 0xDE, 0x73, 0x18, 0x0E, 0x7F, 0x1F, 0x80, 0xE3, 0x31, 0x9C, 0xC6,
    0xE3, 0x61, 0xF0, 0x70, 0x30, 0x1C, 0x06, 0x03, 0x01, 0xC0, 0xE0, 0x61, 0xB9, 0xCC, 0xE3, 0x61,
    0xF0, 0x70, 0x38, 0x0E, 0x7F, 0x7F, 0x80, 0xFF, 0xFF, 0xC0, 0xE8, 0x6C, 0x36, 0x3B, 0x19, 0x8C,
    0xC6, 0x67, 0x30, 0x18, 0x0C, 0x00, 0xFE, 0x7E, 0x07, 0x03, 0x03, 0x03, 0x03, 0x03, 0x03, 0x03,
    0xCC, 0xD9, 0x9B, 0x33, 0x66, 0x6F, 0xCD, 0xF1, 0xB8, 0x37, 0x0E, 0x7F, 0x87, 0xE0, 0x7F, 0xCF,
    0xF8, 0xC3, 0x18, 0x73, 0x0E, 0x61, 0xCC, 0x39, 0x87, 0x70, 0xFE, 0x1C, 0x6F, 0xF0, 0x2D, 0xFC,
    0x07, 0xE8, 0x00, 0xFF, 0xFE, 0x0C, 0x1C, 0x1C, 0x1C, 0x18, 0x30, 0x00, 0xC1, 0x80, 0x00, 0x38,
    0xF1, 0x83, 0x07, 0xDF, 0xBC, 0x00, 0xFB, 0xF0, 0x00, 0x6E, 0xDF, 0xC0, 0x0E, 0xE4, 0x4C, 0xE6,
    0x66, 0x66, 0x66, 0x67, 0x00, 0x42, 0xC6, 0xFE, 0x7E, 0x60, 0x60, 0x60, 0x60, 0x60, 0x60, 0x70,
    0x70, 0x00, 0x40, 0xF6, 0xDB, 0x6F, 0xF7, 0xFB, 0x01, 0x80, 0xC0, 0x70, 0x18, 0x0C, 0x06, 0x00,
    0x00, 0x08, 0x38, 0x70, 0xE0, 0xC0, 0xF8, 0x78, 0x70, 0xE0, 0xC0, 0xFE, 0x7E, 0x00, 0x38, 0x7C,
    0x66, 0xC6, 0xC6, 0xC6, 0xC6, 0xFE, 0x7C, 0x00, 0x80, 0xFE, 0x7E, 0x06, 0x06, 0x06, 0x06, 0x06,
    0x06, 0x06, 0x06, 0x03, 0x00, 0x40, 0xB0, 0x66, 0x19, 0x8E, 0x73, 0x0C, 0xC3, 0x60, 0xF8, 0x1E,
    0x07, 0x01, 0xC0, 0x30, 0x00, 0x00, 0x0C, 0x03, 0x01, 0xC0, 0x78, 0x1E, 0x0F, 0x83, 0x70, 0xCC,
    0x63, 0x18, 0xEE, 0x1B, 0x06, 0x00, 0x00, 0x30, 0x7C, 0xEC, 0xCC, 0xCE, 0xFE, 0x7E, 0x06, 0x06,
    0x06, 0x06, 0x06, 0x00, 0x00, 0x00, 0x18, 0x03, 0xB0, 0x3C, 0x07, 0x80, 0xF0, 0x1F, 0x06, 0x7F,
    0xC7, 0xE0, 0x7F, 0xC0, 0x30, 0x71, 0xF3, 0x6C, 0x78, 0xFF, 0x3E, 0x0E, 0xE4, 0x4C, 0xE6, 0x66,
    0x66, 0x66, 0x67, 0x00, 0x42, 0xC6, 0xFE, 0x7E, 0x60, 0x60, 0x60, 0x60, 0x60, 0x60, 0x70, 0x70,
    0x00, 0x40, 0xF6, 0xDB, 0x6F, 0xF7, 0xFB, 0x01, 0x80, 0xC0, 0x70, 0x18, 0x0C, 0x06, 0x00, 0x00,
    0x4C, 0xDE, 0xD8, 0x7E, 0x7E, 0x60, 0x60, 0x60, 0x60, 0x60, 0x60, 0x60, 0x00, 0x38, 0x18, 0x3C,
    0x7E, 0x66, 0xC6, 0xC6, 0xC3, 0xD3, 0xFE, 0x7E, 0x1C, 0x79, 0xC3, 0x06, 0x07, 0xC7, 0x8C, 0x30,
    0xE1, 0x83, 0x00, 0x00, 0x40, 0xB0, 0x66, 0x19, 0x8E, 0x73, 0x0C, 0xC3, 0x60, 0xF8, 0x1E, 0x07,
    0x01, 0xC0, 0x30, 0x00, 0x00, 0x0C, 0x03, 0x01, 0xC0, 0x78, 0x1E, 0x0F, 0x83, 0x70, 0xCC, 0x63,
    0x18, 0xEE, 0x1B, 0x06, 0x00, 0x00, 0x30, 0x7C, 0xEC, 0xCC, 0xCE, 0xFE, 0x7E, 0x06, 0x06, 0x06,
    0x06, 0x06, 0x00, 0x30, 0x06, 0x00, 0x03, 0x07, 0xE1, 0x9C, 0xE3, 0x70, 0xF8, 0x1E, 0x07, 0x00,
    0xC0, 0x30, 0x0C, 0x03, 0x00, 0x00, 0x70, 0x30, 0x00, 0xC7, 0xE6, 0x66, 0x6E, 0x6C, 0x3C, 0x3C,
    0x38, 0x18, 0x18, 0x70, 0xF0, 0xFF, 0xFF, 0xFF, 0xF6, 0xFF, 0x66, 0x66, 0x66, 0x66, 0x21, 0xBF,
    0xEE, 0x63, 0x18, 0xC6, 0x31, 0x8C, 0x00, 0x23, 0x3E, 0xF3, 0x8C, 0x63, 0x18, 0xC6, 0x31, 0x80,
    0xFB, 0x80, 0x77, 0xDE, 0x7F, 0x7F, 0x7F, 0xFB, 0xFF, 0xC0, 0x66, 0x66, 0x00, 0x66, 0x66, 0x40,
    0x06, 0x66, 0x60, 0x6D, 0xA7, 0xDF, 0x00, 0x7D, 0xF6, 0xDA, 0x40, 0x01, 0xF7, 0xDB, 0x68, 0x00,
    0x1C, 0x0E, 0x3F, 0xEF, 0xE1, 0xC0, 0xE0, 0x70, 0x38, 0x1C, 0x0E, 0x07, 0x00, 0x1C, 0x0E, 0x3F,
    0xEF, 0xE1, 0xC0, 0xE1, 0xFD, 0xFF, 0x1C, 0x0E, 0x07, 0x00, 0x3C, 0xF9, 0xFB, 0xF7, 0xC7, 0x00,
    0x00, 0x1D, 0xDD, 0xBB, 0x80, 0x7C, 0x30, 0x01, 0xF9, 0xC0, 0x0C, 0x66, 0x00, 0x31, 0xB0, 0x00,
    0x7F, 0xC0, 0x01, 0xFF, 0xF3, 0xE0, 0x37, 0xFF, 0x81, 0xB1, 0xE3, 0x0E, 0xC7, 0x8C, 0x31, 0xFF,
    0xE1, 0x87, 0xCF, 0x80, 0x19, 0x9C, 0xC7, 0x18, 0x60, 0x63, 0x8E, 0x33, 0x99, 0x80, 0x01, 0xC0,
    0x60, 0x30, 0x18, 0x0E, 0x03, 0x01, 0x80, 0xE0, 0x30, 0x18, 0x0C, 0x00, 0xDF, 0x01, 0xFB, 0x64,
    0x00, 0x1F, 0xCF, 0xFD, 0xE1, 0xBD, 0xB7, 0xB6, 0xF6, 0xDE, 0xDB, 0xD8, 0x7B, 0xFF, 0x7F, 0x00,
    0x0F, 0x83, 0xF8, 0xE3, 0x98, 0x0F, 0xF0, 0xE0, 0x3F, 0x01, 0x80, 0x30, 0xE3, 0xF8, 0x3E, 0x00,
    0xFF, 0xFC, 0x0C, 0xFF, 0x1C, 0xF8, 0xE0, 0x70, 0x38, 0x1C, 0x0E, 0x3E, 0x1F, 0x80, 0xC7, 0xF7,
    0xFB, 0x0D, 0x86, 0xC3, 0x61, 0xBF, 0x8F, 0x80, 0x7F, 0xBF, 0xD8, 0x6C, 0x36, 0x1B, 0x0D, 0x86,
    0xC3, 0x61, 0xB0, 0xD8, 0x6C, 0x36, 0x1B, 0x0C, 0x7F, 0xBF, 0xDC, 0x07, 0x01, 0x80, 0xE0, 0x38,
    0x1C, 0x1C, 0x0C, 0x0E, 0x0E, 0x07, 0xFB, 0xFC, 0x7F, 0xDF, 0xE0, 0x01, 0xC0, 0x60, 0x30, 0x1C,
    0x0E, 0x03, 0x01, 0xC0, 0xE0, 0x30, 0x18, 0x0E, 0x00, 0x0D, 0x80, 0x01, 0x80, 0xC0, 0x60, 0x70,
    0x30, 0x18, 0x0C, 0xE6, 0x73, 0x1F, 0x07, 0x83, 0xC0, 0xE0, 0x70, 0x7D, 0xE3, 0xFF, 0x99, 0xCC,
    0xDF, 0x67, 0xDF, 0x08, 0x20, 0x0E, 0x3C, 0x60, 0xC1, 0x83, 0x06, 0x0C, 0x18, 0x30, 0x60, 0xC7,
    0x8E, 0x00, 0x00, 0x3E, 0xFF, 0xC8, 0x47, 0xDB, 0xF9, 0x18, 0x07, 0x7F, 0xBF, 0xE3, 0x81, 0x87,
    0xFB, 0xFE, 0xE0, 0xE0, 0x00, 0x03, 0x87, 0xDF, 0x8E, 0x07, 0xC0, 0xFC, 0x0E, 0xFF, 0x7F, 0x80,
    0x60, 0x3E, 0x0F, 0xC0, 0xF1, 0xFB, 0xF1, 0xC0, 0xFF, 0x7F, 0x80, 0x00, 0x06, 0x40, 0x07, 0xC0,
    0x03, 0xC0, 0x03, 0xC0, 0x03, 0xF8, 0x3F, 0x7F, 0xFE, 0x0F, 0xE0, 0x03, 0xC0, 0x03, 0xC0, 0x01,
    0x80, 0x01, 0x80, 0x40, 0x00, 0x0C, 0x00, 0x00, 0xC0, 0x03, 0x0C, 0x00, 0x78, 0xF8, 0x7F, 0xE7,
    0xFF, 0x9E, 0x0F, 0xC0, 0x00, 0x2C, 0x00, 0x07, 0xC0, 0x00, 0x18, 0x00, 0x01, 0x80, 0x00, 0x18,
    0xC6, 0x31, 0xBD, 0xC0, 0x7B, 0xCC, 0x60, 0x10, 0x30, 0x30, 0xFE, 0xFE, 0x00, 0x78, 0x78, 0x30,
    0x30, 0x01, 0x00, 0x01, 0xC0, 0x01, 0xE0, 0x03, 0xE0, 0x03, 0xC0, 0x00, 0x06, 0x40, 0x07, 0xC0,
    0x03, 0xC0, 0x03, 0xC0, 0x03, 0xF8, 0x3F, 0x7F, 0xFE, 0x0F, 0xE0, 0x01, 0x00, 0x00, 0x1C, 0x00,
    0x01, 0xE0, 0x00, 0x3E, 0x00, 0x03, 0xC0, 0x00, 0x00, 0x00, 0x40, 0x00, 0x0C, 0x00, 0x00, 0xC0,
    0x03, 0x0C, 0x00, 0x78, 0xF8, 0x7F, 0xE7, 0xFF, 0x9E, 0x0F, 0xC0, 0x00, 0x43, 0x9F, 0xFF, 0x00,
    0x0C, 0x71, 0x8C, 0x6F, 0x70, 0x00, 0x20, 0x38, 0x3C, 0x7C, 0x78, 0x00, 0x00, 0x10, 0x30, 0x30,
    0xFE, 0xFE, 0x00, 0xFC, 0x1F, 0xF8, 0x1F, 0x0F, 0x83, 0x80, 0xE0, 0x3B, 0xC6, 0x78, 0xC6, 0x18,
    0xC3, 0x80, 0x38, 0x23, 0xFE, 0x3F, 0x00, 0xFC, 0x07, 0xFE, 0x01, 0xF0, 0x3F, 0x03, 0x8C, 0x38,
    0x7F, 0xBD, 0xF9, 0xE0, 0xC6, 0x06, 0x30, 0x38, 0x00, 0xE0, 0x83, 0xFE, 0x0F, 0xC0, 0x7C, 0x1F,
    0xC0, 0x78, 0x3E, 0xFE, 0x3E, 0x00, 0x00, 0x58, 0x3E, 0x03, 0x00, 0xC0, 0x7C, 0x07, 0xF0, 0x07,
    0x80, 0xF8, 0xFF, 0xEF, 0x8F, 0x00, 0x03, 0x40, 0x3E, 0x01, 0x80, 0x18, 0x00, 0x30, 0x38, 0x3C,
    0x7C, 0x7C, 0x00, 0x08, 0x0C, 0x0E, 0x06, 0x06, 0x07, 0x7E, 0xFE, 0x00, 0x30, 0x0F, 0x03, 0xC1,
    0xF0, 0x7C, 0x00, 0x00, 0x80, 0x30, 0x0E, 0x01, 0x80, 0x60, 0x1C, 0x7F, 0xFF, 0xF0, 0x00, 0x18,
    0x30, 0xF1, 0xE0, 0x01, 0x03, 0x06, 0x0C, 0x18, 0x30, 0xE3, 0x9E, 0x18, 0x00, 0x18, 0x0C, 0x1F,
    0x05, 0x80, 0x00, 0x40, 0x30, 0x18, 0x0E, 0x07, 0x83, 0xE3, 0x83, 0x87, 0x81, 0x80, 0x30, 0x78,
    0xF9, 0xF3, 0xC0, 0x00, 0x04, 0x0C, 0x18, 0x30, 0x60, 0xC3, 0x8E, 0x78, 0x60, 0x30, 0x1E, 0x0F,
    0x07, 0x87, 0xC0, 0x00, 0x00, 0x10, 0x0C, 0x06, 0x03, 0x81, 0xE0, 0xF8, 0xE0, 0xE1, 0xE0, 0x60,
    0x00, 0x00, 0x06, 0x00, 0x3C, 0x01, 0xE0, 0x07, 0x00, 0x0C, 0x00, 0x1E, 0x10, 0x0E, 0x60, 0x0C,
    0xC0, 0x0D, 0x80, 0x1B, 0xE0, 0xF3, 0xFF, 0xC0, 0xFC, 0x00, 0x00, 0x06, 0x00, 0x07, 0x80, 0x07,
    0xC0, 0x03, 0xC0, 0x00, 0xC0, 0x00, 0x38, 0x04, 0x03, 0x03, 0x00, 0x60, 0xC0, 0x1C, 0x30, 0x03,
    0x8F, 0x87, 0xF9, 0xFF, 0xEE, 0x0F, 0xC0, 0x00, 0x06, 0x1E, 0x7C, 0xF0, 0xE0, 0x70, 0x38, 0x1C,
    0x0C, 0x0C, 0xFC, 0xF8, 0x00, 0x06, 0x07, 0x87, 0xC3, 0xC0, 0xE0, 0x1C, 0x03, 0x80, 0x60, 0x0C,
    0x03, 0x8F, 0xFB, 0xEF, 0x00, 0x00, 0x00, 0x0C, 0x00, 0x78, 0x01, 0xD8, 0x07, 0xF0, 0x0F, 0x80,
    0x1C, 0x00, 0x30, 0x00, 0x78, 0x40, 0x39, 0x80, 0x33, 0x00, 0x36, 0x00, 0x6F, 0x83, 0xCF, 0xFF,
    0x03, 0xF0, 0x00, 0x00, 0x0C, 0x00, 0x0F, 0x00, 0x07, 0x60, 0x03, 0xF8, 0x00, 0xFC, 0x00, 0x3C,
    0x00, 0x0C, 0x00, 0x03, 0x80, 0x40, 0x30, 0x30, 0x06, 0x0C, 0x01, 0xC3, 0x00, 0x38, 0xF8, 0x7F,
    0x9F, 0xFE, 0xE0, 0xFC, 0x00, 0x0C, 0x1C, 0x7E, 0xFE, 0xFC, 0xF0, 0xE0, 0x70, 0x38, 0x1C, 0x0C,
    0x0C, 0xFC, 0xF8, 0x00, 0x0C, 0x07, 0x07, 0xE3, 0xF8, 0xFC, 0x3C, 0x0E, 0x01, 0xC0, 0x38, 0x06,
    0x00, 0xC0, 0x38, 0xFF, 0xBE, 0xF0, 0x00, 0x00, 0x00, 0x18, 0x03, 0xB0, 0x3C, 0x07, 0x80, 0xF0,
    0x1F, 0x06, 0x7F, 0xC7, 0xE0, 0x00, 0xC0, 0x07, 0x18, 0x19, 0x80, 0xFC, 0x07, 0xE0, 0x33, 0x83,
    0x0F, 0xF8, 0x3F, 0x80, 0x30, 0x71, 0xF3, 0x6C, 0x78, 0xFF, 0x3E, 0x38, 0x3E, 0x3B, 0x19, 0xCC,
    0x7E, 0x1C, 0x00, 0x67, 0x33, 0x3F, 0xE2, 0x66, 0x00, 0x20, 0x71, 0xB9, 0xC5, 0xC3, 0xC1, 0xE0,
    0x60, 0x10, 0x00, 0x01, 0x80, 0x3C, 0x0F, 0xC1, 0xBC, 0x37, 0x87, 0xDF, 0xFF, 0xFF, 0xC4, 0x00,
    0x07, 0x00, 0xF8, 0x0D, 0x81, 0x98, 0x1B, 0x8F, 0xFE, 0xFF, 0xE1, 0x8C, 0x1C, 0xC0, 0xF8, 0x07,
    0x80, 0x00, 0x1C, 0x0F, 0x0F, 0xC6, 0x73, 0x7D, 0xF7, 0xFF, 0xFF, 0x81, 0x00, 0x1E, 0x0F, 0x83,
    0x61, 0xD8, 0x6E, 0x3F, 0xEF, 0xFD, 0x8C, 0x73, 0x0F, 0xC1, 0xE0, 0x0C, 0x00, 0x1E, 0x00, 0x3E,
    0x00, 0x73, 0x00, 0x60, 0x00, 0xC0, 0x00, 0xF8, 0x1E, 0x7F, 0xFE, 0x0F, 0xF0, 0x03, 0xCF, 0xFF,
    0xF3, 0x00, 0xE0, 0x1F, 0xF1, 0xFC, 0x30, 0x00, 0x70, 0x00, 0x68, 0x00, 0x78, 0x00, 0x2C, 0x00,
    0x1E, 0x00, 0x3E, 0x00, 0x73, 0x00, 0x60, 0x00, 0xC0, 0x00, 0xF8, 0x1E, 0x7F, 0xFE, 0x0F, 0xF0,
    0x30, 0x1C, 0x06, 0x81, 0xE0, 0x23, 0xCF, 0xFF, 0xF3, 0x00, 0xE0, 0x1F, 0xF1, 0xFC, 0x00, 0xF8,
    0x0F, 0x80, 0xE0, 0x06, 0x06, 0x38, 0x60, 0xF3, 0x01, 0xD8, 0x06, 0xE0, 0x73, 0xFF, 0x0F, 0xE0,
    0x60, 0x83, 0x03, 0xEC, 0x07, 0xB0, 0x0C, 0xE0, 0x71, 0xFF, 0x83, 0xF8, 0x00, 0x18, 0xC6, 0x31,
    0xBD, 0xC0, 0x7B, 0xC0, 0x10, 0x30, 0x30, 0xFE, 0xFE, 0x00, 0x78, 0x78, 0x00, 0x38, 0xF1, 0x83,
    0x07, 0xDF, 0xBC, 0x00, 0xFB, 0xF0, 0x0C, 0x30, 0xC3, 0x0C, 0x30, 0xC3, 0x0C, 0x30, 0xC0, 0xF9,
    0xF8, 0x01, 0x83, 0x06, 0x0C, 0x18, 0x30, 0x60, 0xC1, 0x83, 0x07, 0x87, 0x80, 0x6E, 0xEF, 0x86,
    0x66, 0x66, 0x66, 0x66, 0x66, 0x63, 0x8E, 0x3C, 0x81, 0x86, 0x18, 0x61, 0x86, 0x18, 0x61, 0x86,
    0x1E, 0x3C, 0x00, 0x18, 0x70, 0xE1, 0xE2, 0x07, 0x1F, 0x37, 0x66, 0xFD, 0xF8, 0xF1, 0xDF, 0x1C,
    0x00, 0x18, 0x1C, 0x0E, 0x07, 0x82, 0x01, 0xC1, 0xF0, 0xDC, 0x66, 0x3F, 0xDF, 0xE1, 0xC1, 0xC7,
    0xC1, 0xC0, 0x63, 0x18, 0xC6, 0x31, 0x8C, 0x63, 0x18, 0xC0, 0x39, 0x8E, 0x72, 0x00, 0x61, 0x86,
    0x18, 0x61, 0x86, 0x18, 0x61, 0x87, 0x8F, 0x01, 0xC7, 0x1C, 0x71, 0x00, 0x38, 0x01, 0x87, 0xCE,
    0x7C, 0x77, 0x02, 0x30, 0x31, 0xC3, 0x07, 0x98, 0x0E, 0xC0, 0x37, 0x03, 0x9F, 0xF8, 0x7F, 0x00,
    0x38, 0x00, 0xC0, 0x03, 0x80, 0x0E, 0x00, 0x20, 0x01, 0x82, 0x0C, 0x0F, 0xB0, 0x1E, 0xC0, 0x33,
    0x81, 0xC7, 0xFE, 0x0F, 0xE0, 0x6E, 0xDF, 0xC6, 0x73, 0x33, 0xFE, 0x00, 0x70, 0xC1, 0xC3, 0x84,
    0x06, 0x0C, 0x18, 0xFD, 0xFC, 0x00, 0xFF, 0xFF, 0xFF, 0xC6, 0x31, 0x8C, 0x63, 0x18, 0xC6, 0x3C,
    0xF0, 0x00, 0x00, 0x06, 0x40, 0x07, 0xC0, 0x03, 0xC0, 0x03, 0xC0, 0x03, 0xF8, 0x3F, 0x7F, 0xFE,
    0x0F, 0xE0, 0x01, 0x80, 0x01, 0x80, 0x00, 0x00, 0x40, 0x00, 0x0C, 0x00, 0x00, 0xC0, 0x03, 0x0C,
    0x00, 0x78, 0xF8, 0x7F, 0xE7, 0xFF, 0x9E, 0x0F, 0xC0, 0x00, 0x18, 0x00, 0x01, 0x80, 0x00, 0x00,
    0x00, 0x67, 0x33, 0x3F, 0xE0, 0x66, 0x00, 0x30, 0x60, 0xC7, 0xEF, 0xE0, 0x0C, 0x18, 0x00, 0x00,
    0xF9, 0xA0, 0x03, 0x07, 0x1F, 0x36, 0xC7, 0x8F, 0xF3, 0xE0, 0x00, 0x1E, 0x0F, 0x00, 0x00, 0xC0,
    0x60, 0xF8, 0xFC, 0xCE, 0x63, 0x3F, 0x87, 0xF0, 0x78, 0x00, 0x00, 0x00, 0x03, 0xC0, 0x03, 0xC6,
    0x40, 0x07, 0xC0, 0x03, 0xC0, 0x03, 0xC0, 0x03, 0xF8, 0x3F, 0x7F, 0xFE, 0x0F, 0xE0, 0x00, 0x00,
    0x00, 0x3C, 0x00, 0x03, 0xC0, 0x04, 0x00, 0x00, 0xC0, 0x00, 0x0C, 0x00, 0x30, 0xC0, 0x07, 0x8F,
    0x87, 0xFE, 0x7F, 0xF9, 0xE0, 0xFC, 0x00, 0x07, 0xBC, 0x06, 0x38, 0xC6, 0x37, 0xB8, 0x00, 0x00,
    0x7C, 0x68, 0x00, 0x10, 0x30, 0x30, 0xFE, 0xFE, 0x00, 0x01, 0x80, 0x01, 0x80, 0x03, 0xC0, 0x03,
    0xC6, 0x40, 0x07, 0xC0, 0x03, 0xC0, 0x03, 0xC0, 0x03, 0xF8, 0x3F, 0x7F, 0xFE, 0x0F, 0xE0, 0x01,
    0x80, 0x00, 0x18, 0x00, 0x03, 0xC0, 0x00, 0x3C, 0x00, 0x40, 0x00, 0x0C, 0x00, 0x00, 0xC0, 0x03,
    0x0C, 0x00, 0x78, 0xF8, 0x7F, 0xE7, 0xFF, 0x9E, 0x0F, 0xC0, 0x00, 0x63, 0x3D, 0xE0, 0x31, 0xC6,
    0x31, 0xBD, 0xC0, 0x00, 0x30, 0x30, 0x7C, 0x68, 0x00, 0x10, 0x30, 0x30, 0xFE, 0xFE, 0x00, 0xFC,
    0x3F, 0xF0, 0x7C, 0x78, 0x38, 0x1C, 0x0E, 0x03, 0x18, 0xC6, 0x30, 0x0C, 0x03, 0xC3, 0x7F, 0xC7,
    0xE0, 0xFC, 0x0F, 0xFC, 0x07, 0xC1, 0xF0, 0x3B, 0x87, 0x1E, 0xE1, 0xFC, 0x60, 0xC6, 0x0C, 0x00,
    0xC0, 0x0F, 0x0C, 0x7F, 0xC1, 0xF8, 0x7C, 0x1F, 0xC0, 0x78, 0x3E, 0xFE, 0x3E, 0x00, 0x00, 0x20,
    0x0C, 0x00, 0x00, 0x7C, 0x07, 0xF0, 0x07, 0x80, 0xF8, 0xFF, 0xEF, 0x8F, 0x00, 0x00, 0x80, 0x18,
    0x00, 0x00, 0xFC, 0x3F, 0xF0, 0x7C, 0x78, 0x38, 0x1C, 0x0E, 0x03, 0x00, 0xC0, 0x30, 0x0C, 0x03,
    0xC3, 0x7F, 0xC7, 0xE0, 0xFC, 0x0F, 0xFC, 0x07, 0xC1, 0xF0, 0x3B, 0x87, 0x1E, 0xE1, 0xFC, 0x00,
    0xC0, 0x0C, 0x00, 0xC0, 0x0F, 0x0C, 0x7F, 0xC1, 0xF8, 0x7C, 0x1F, 0xC0, 0x78, 0x3E, 0xFE, 0x3E,
    0x00, 0x00, 0x7C, 0x07, 0xF0, 0x07, 0x80, 0xF8, 0xFF, 0xEF, 0x8F, 0x00, 0x00, 0x00, 0x03, 0x00,
    0xC0, 0x00, 0xFC, 0x3F, 0xF0, 0x7C, 0x78, 0x38, 0x1C, 0x0E, 0x03, 0x00, 0xC0, 0x30, 0x0C, 0x03,
    0xC3, 0x7F, 0xC7, 0xE0, 0x00, 0x00, 0xC0, 0x0C, 0x00, 0x00, 0xFC, 0x0F, 0xFC, 0x07, 0xC1, 0xF0,
    0x3B, 0x87, 0x1E, 0xE1, 0xFC, 0x00, 0xC0, 0x0C, 0x00, 0xC0, 0x0F, 0x0C, 0x7F, 0xC1, 0xF8, 0x00,
    0x0C, 0x03, 0x00, 0x00, 0x7C, 0x1F, 0xC0, 0x78, 0x3E, 0xFE, 0x3E, 0x00, 0x00, 0x00, 0x07, 0x00,
    0x20, 0x00, 0x00, 0x7C, 0x07, 0xF0, 0x07, 0x80, 0xF8, 0xFF, 0xEF, 0x8F, 0x00, 0x00, 0x08, 0x0C,
    0x0E, 0x06, 0x06, 0x07, 0x7E, 0xFE, 0x00, 0x08, 0x03, 0x00, 0xE0, 0x18, 0x06, 0x01, 0xC7, 0xFF,
    0xFF, 0x00, 0x00, 0x00, 0x38, 0x10, 0x00, 0x08, 0x0C, 0x0E, 0x06, 0x06, 0x07, 0x7E, 0xFE, 0x00,
    0x00, 0x06, 0x01, 0x80, 0x00, 0x08, 0x03, 0x00, 0xE0, 0x18, 0x06, 0x01, 0xC7, 0xFF, 0xFF, 0x00,
    0x00, 0x08, 0x18, 0x30, 0x60, 0xC1, 0x87, 0x1C, 0xF0, 0xC0, 0x08, 0x06, 0x03, 0x01, 0xC0, 0xF0,
    0x7C, 0x70, 0x70, 0xF0, 0x30, 0x00, 0x00, 0x30, 0x60, 0x00, 0x81, 0x83, 0x06, 0x0C, 0x18, 0x71,
    0xCF, 0x0C, 0x00, 0x00, 0x0C, 0x06, 0x00, 0x00, 0x80, 0x60, 0x30, 0x1C, 0x0F, 0x07, 0xC7, 0x07,
    0x0F, 0x03, 0x00, 0x00, 0x00, 0x60, 0x00, 0x06, 0x00, 0xC2, 0x60, 0x0E, 0x63, 0x60, 0x66, 0x3C,
    0x07, 0xFE, 0xC0, 0x7F, 0xEC, 0x06, 0x00, 0xE0, 0xC0, 0x07, 0xFC, 0x00, 0x3F, 0x80, 0x00, 0x00,
    0x00, 0x60, 0x03, 0x09, 0x80, 0x0E, 0x63, 0x18, 0x19, 0x8C, 0xC0, 0x7F, 0xFF, 0x01, 0xFF, 0xFC,
    0x06, 0x00, 0x38, 0x30, 0x00, 0x7F, 0xC0, 0x00, 0xFE, 0x00, 0x00, 0x00, 0x30, 0x01, 0x8C, 0x4C,
    0x66, 0x73, 0x31, 0xFF, 0xFB, 0xFF, 0xC0, 0x00, 0x00, 0x30, 0x62, 0x20, 0xCC, 0x61, 0x98, 0xCF,
    0xFF, 0xFF, 0xFF, 0xC0, 0x00, 0x00, 0x00, 0x06, 0x00, 0x00, 0x60, 0x00, 0x1F, 0x00, 0x00, 0xB0,
    0x00, 0x00, 0x60, 0x00, 0x06, 0x00, 0xC2, 0x60, 0x0E, 0x63, 0x60, 0x66, 0x3C, 0x07, 0xFE, 0xC0,
    0x7F, 0xEC, 0x06, 0x00, 0xE0, 0xC0, 0x07, 0xFC, 0x00, 0x3F, 0x80, 0x00, 0x00, 0x06, 0x00, 0x00,
    0x18, 0x00, 0x01, 0xF0, 0x00, 0x02, 0xC0, 0x00, 0x00, 0x00, 0x00, 0x01, 0x80, 0x0C, 0x26, 0x00,
    0x39, 0x8C, 0x60, 0x66, 0x33, 0x01, 0xFF, 0xFC, 0x07, 0xFF, 0xF0, 0x18, 0x00, 0xE0, 0xC0, 0x01,
    0xFF, 0x00, 0x03, 0xF8, 0x00, 0x00, 0x03, 0x00, 0x18, 0x01, 0xE0, 0x0F, 0x00, 0x03, 0x00, 0x18,
    0xC4, 0xC6, 0x67, 0x33, 0x1F, 0xFF, 0xBF, 0xFC, 0x00, 0x00, 0x03, 0x00, 0x06, 0x00, 0x1E, 0x00,
    0x3C, 0x00, 0x00, 0x00, 0x06, 0x0C, 0x44, 0x19, 0x8C, 0x33, 0x19, 0xFF, 0xFF, 0xFF, 0xF8, 0x00,
    0x00, 0x00, 0x00, 0x60, 0x00, 0x07, 0xE0, 0x0C, 0x3F, 0x80, 0x39, 0xC6, 0x60, 0x6C, 0x1B, 0x01,
    0xFF, 0xEC, 0x07, 0xFF, 0x30, 0x19, 0xE0, 0xE0, 0xC0, 0x01, 0xFF, 0x00, 0x03, 0xF8, 0x00, 0x00,
    0x00, 0x00, 0x60, 0x00, 0x01, 0xF8, 0x00, 0xC3, 0xF8, 0x00, 0xE7, 0x18, 0x60, 0x6C, 0x18, 0xC0,
    0x7F, 0xFE, 0xC0, 0x7F, 0xFF, 0xC0, 0x67, 0x80, 0xE0, 0xC0, 0x00, 0x7F, 0xC0, 0x00, 0x3F, 0x80,
    0x00, 0x00, 0x10, 0x01, 0xF8, 0xC7, 0xF1, 0x9C, 0x33, 0x70, 0xFF, 0xC7, 0xBF, 0xFE, 0x03, 0xE0,
    0x00, 0x10, 0x00, 0x7E, 0x0C, 0x7F, 0x06, 0x70, 0xC3, 0x70, 0xE7, 0xF1, 0xFB, 0xFF, 0xFE, 0x0F,
    0x80, 0x00, 0x00, 0x00, 0x00, 0x03, 0x80, 0x00, 0x04, 0x00, 0x00, 0x00, 0x00, 0x00, 0x60, 0x00,
    0x07, 0xE0, 0x0C, 0x3F, 0x80, 0x39, 0xC6, 0x60, 0x6C, 0x1B, 0x01, 0xFF, 0xEC, 0x07, 0xFF, 0x30,
    0x19, 0xE0, 0xE0, 0xC0, 0x01, 0xFF, 0x00, 0x03, 0xF8, 0x00, 0x00, 0x00, 0x00, 0x00, 0x00, 0x00,
    0xE0, 0x00, 0x00, 0x40, 0x00, 0x00, 0x00, 0x00, 0x00, 0x60, 0x00, 0x01, 0xF8, 0x00, 0xC3, 0xF8,
    0x00, 0xE7, 0x18, 0x60, 0x6C, 0x18, 0xC0, 0x7F, 0xFE, 0xC0, 0x7F, 0xFF, 0xC0, 0x67, 0x80, 0xE0,
    0xC0, 0x00, 0x7F, 0xC0, 0x00, 0x3F, 0x80, 0x00, 0x00, 0x00, 0x00, 0x60, 0x00, 0xC0, 0x00, 0x80,
    0x0F, 0xC6, 0x3F, 0x8C, 0xE1, 0x9B, 0x87, 0xFE, 0x3D, 0xFF, 0xF0, 0x1F, 0x00, 0x00, 0x00, 0x00,
    0x18, 0x00, 0x0C, 0x00, 0x02, 0x00, 0x0F, 0xC1, 0x8F, 0xE0, 0xCE, 0x18, 0x6E, 0x1C, 0xFE, 0x3F,
    0x7F, 0xFF, 0xC1, 0xF0, 0x00, 0x18, 0x00, 0xC0, 0x06, 0x00, 0x30, 0x01, 0x80, 0x0C, 0x20, 0x6F,
    0xC3, 0xFF, 0x1E, 0x18, 0xE1, 0xFF, 0xFD, 0xFF, 0xC1, 0xF0, 0x00, 0x18, 0x00, 0x30, 0x00, 0x60,
    0x00, 0xC0, 0x01, 0x80, 0x03, 0x08, 0x06, 0xFC, 0x0F, 0xFC, 0x1E, 0x18, 0x38, 0x73, 0xFF, 0xF7,
    0xFF, 0xF1, 0xF0, 0x00, 0x60, 0x0C, 0x01, 0x80, 0x30, 0x06, 0x00, 0xC2, 0x19, 0xF3, 0xFF, 0x78,
    0x6E, 0x1F, 0xFF, 0x7F, 0xC0, 0x00, 0x60, 0x03, 0x00, 0x18, 0x00, 0xC0, 0x06, 0x00, 0x30, 0x81,
    0x9F, 0x0F, 0xFC, 0x78, 0x63, 0x87, 0x3F, 0xFD, 0xFF, 0xF0, 0x00, 0x00, 0x18, 0x00, 0xC0, 0x06,
    0x38, 0x30, 0x81, 0x80, 0x0C, 0x20, 0x6F, 0xC3, 0xFF, 0x1E, 0x18, 0xE1, 0xFF, 0xFD, 0xFF, 0xC1,
    0xF0, 0x00, 0x18, 0x00, 0x30, 0x00, 0x63, 0x00, 0xC4, 0x01, 0x80, 0x03, 0x08, 0x06, 0xFC, 0x0F,
    0xFC, 0x1E, 0x18, 0x38, 0x73, 0xFF, 0xF7, 0xFF, 0xF1, 0xF0, 0x00, 0x60, 0x0C, 0x01, 0x80, 0x31,
    0x86, 0x30, 0xC2, 0x19, 0xF3, 0xFF, 0x78, 0x6E, 0x1F, 0xFF, 0x7F, 0xC0, 0x00, 0x60, 0x03, 0x00,
    0x18, 0x00, 0xC6, 0x06, 0x30, 0x30, 0x81, 0x9F, 0x0F, 0xFC, 0x78, 0x63, 0x87, 0x3F, 0xFD, 0xFF,
    0xF0, 0x00, 0x00, 0x18, 0x1F, 0x0E, 0x03, 0x00, 0xE2, 0x1F, 0x83, 0xE1, 0xC0, 0xE0, 0x30, 0x0C,
    0x03, 0x00, 0xC0, 0x3C, 0x27, 0xFC, 0x7E, 0x3E, 0x1F, 0xC6, 0x31, 0xD8, 0x3E, 0x0F, 0xE7, 0x7F,
    0x80, 0xC0, 0x30, 0x0C, 0x03, 0x86, 0x7F, 0x8F, 0xC0, 0x0C, 0x3E, 0x70, 0x60, 0x60, 0x73, 0xFF,
    0xFC, 0x00, 0x3E, 0x1F, 0xC6, 0x31, 0xD8, 0x3E, 0x3F, 0xEF, 0xFC, 0x00, 0x00, 0x06, 0x01, 0x80,
    0x00, 0x18, 0x1F, 0x0E, 0x03, 0x00, 0xE2, 0x1F, 0x83, 0xE1, 0xC0, 0xE0, 0x30, 0x0C, 0x03, 0x00,
    0xC0, 0x3C, 0x27, 0xFC, 0x7E, 0x00, 0x03, 0x00, 0xC0, 0x00, 0x3E, 0x1F, 0xC6, 0x31, 0xD8, 0x3E,
    0x0F, 0xE7, 0x7F, 0x80, 0xC0, 0x30, 0x0C, 0x03, 0x86, 0x7F, 0x8F, 0xC0, 0x00, 0x1C, 0x08, 0x00,
    0x0C, 0x3E, 0x70, 0x60, 0x60, 0x73, 0xFF, 0xFC, 0x00, 0x00, 0x07, 0x00, 0x80, 0x00, 0x3E, 0x1F,
    0xC6, 0x31, 0xD8, 0x3E, 0x3F, 0xEF, 0xFC, 0x00, 0x00, 0x00, 0x00, 0x0C, 0x00, 0x0C, 0x00, 0x00,
    0x00, 0x0C, 0x00, 0x1E, 0x00, 0x3F, 0x40, 0x33, 0xC0, 0x33, 0xC0, 0x3F, 0xC0, 0x1F, 0xF8, 0x0F,
    0x7F, 0xFE, 0x0F, 0xF8, 0x00, 0x00, 0x00, 0x00, 0x60, 0x00, 0x06, 0x00, 0x00, 0x00, 0x00, 0x0F,
    0x04, 0x00, 0xF8, 0xC0, 0x19, 0x8C, 0x01, 0x98, 0xC0, 0x1D, 0x8F, 0x83, 0xFE, 0x7F, 0xFF, 0xE0,
    0xFE, 0x00, 0x00, 0x30, 0x60, 0x01, 0x87, 0x9F, 0xB3, 0x66, 0xFC, 0xFF, 0xEF, 0x80, 0x00, 0x00,
    0x06, 0x01, 0x80, 0x00, 0x3C, 0x1F, 0x86, 0x61, 0x98, 0x76, 0x3F, 0xEF, 0xF8, 0x00, 0x00, 0x00,
    0x0F, 0x00, 0x78, 0x00, 0x00, 0x0E, 0x00, 0xF8, 0x0E, 0xCC, 0x66, 0xE3, 0xFE, 0x0F, 0xB0, 0x0D,
    0xC0, 0xE7, 0xFE, 0x1F, 0xE0, 0x10, 0x00, 0x00, 0x00, 0x03, 0xE0, 0x02, 0xC0, 0x00, 0x00, 0x0E,
    0x00, 0x3E, 0x00, 0x6C, 0x31, 0x98, 0x63, 0xFD, 0x83, 0xFF, 0x00, 0xC7, 0x01, 0x87, 0x0E, 0x0F,
    0xF8, 0x07, 0xC0, 0x00, 0x00, 0xF8, 0xB0, 0x01, 0x87, 0x9F, 0xB3, 0x66, 0xFC, 0xFF, 0xEF, 0x80,
    0x00, 0x00, 0x0F, 0x03, 0xC0, 0x00, 0x3C, 0x1F, 0x86, 0x61, 0x98, 0x76, 0x3F, 0xEF, 0xF8, 0x00,
    0x00, 0x0C, 0x00, 0x30, 0x00, 0xC0, 0x63, 0x03, 0x8C, 0x0C, 0x34, 0x18, 0xF0, 0xE3, 0xC3, 0x0F,
    0x00, 0x3F, 0x87, 0xDF, 0xFE, 0x0F, 0xC0, 0x00, 0x0C, 0x00, 0x06, 0x00, 0x03, 0x00, 0x31, 0x80,
    0x38, 0xC0, 0x18, 0x61, 0x06, 0x31, 0x87, 0x18, 0xC3, 0x0C, 0x60, 0x06, 0x3E, 0x1F, 0xCF, 0xFF,
    0xE0, 0xFC, 0x00, 0x06, 0x1E, 0x7C, 0xF0, 0xE0, 0x70, 0x38, 0x1C, 0x0C, 0x0C, 0xFC, 0xF8, 0x00,
    0x06, 0x07, 0x87, 0xC3, 0xC0, 0xE0, 0x1C, 0x03, 0x80, 0x60, 0x0C, 0x03, 0x8F, 0xFB, 0xEF, 0x00,
    0x00, 0x00, 0xE0, 0x0C, 0x01, 0x80, 0x30, 0x06, 0x00, 0xC0, 0x18, 0x03, 0x00, 0x6C, 0x0F, 0x01,
    0xE0, 0x3C, 0x0D, 0xC1, 0x9F, 0xE1, 0xF8, 0x00, 0xE0, 0x03, 0x00, 0x18, 0x00, 0xC0, 0x06, 0x00,
    0x30, 0x01, 0x80, 0x0C, 0x00, 0x63, 0x03, 0x30, 0x1F, 0x80, 0xFC, 0x0E, 0x70, 0x61, 0xFF, 0x07,
    0xE0, 0x66, 0x66, 0x77, 0x73, 0x33, 0xFE, 0x00, 0x61, 0x87, 0x1C, 0x71, 0xC3, 0x0C, 0x30, 0xCF,
    0xFF, 0x00, 0x1C, 0x3E, 0x76, 0x63, 0x1F, 0x7F, 0xE6, 0xC0, 0xC0, 0xC0, 0xC0, 0xC0, 0x60, 0x60,
    0x00, 0x03, 0xC0, 0xFC, 0x39, 0x8F, 0x31, 0xFF, 0xB7, 0xF6, 0x30, 0xC0, 0x18, 0x03, 0x00, 0x70,
    0x06, 0x00, 0xC0, 0x00, 0x1E, 0x3F, 0x33, 0x73, 0xFF, 0xFE, 0x00, 0x00, 0x03, 0xC0, 0xFC, 0x19,
    0x87, 0x39, 0xF7, 0xB7, 0xF8, 0x30, 0x00, 0x01, 0xC0, 0x10, 0x00, 0x00, 0x0C, 0x01, 0xD8, 0x1E,
    0x03, 0xC0, 0x78, 0x0F, 0x83, 0x3F, 0xE3, 0xF0, 0x00, 0x00, 0x70, 0x01, 0x00, 0x00, 0x00, 0x0C,
    0x00, 0x71, 0x81, 0x98, 0x0F, 0xC0, 0x7E, 0x03, 0x38, 0x30, 0xFF, 0x83, 0xF8, 0x00, 0x06, 0x60,
    0x67, 0x33, 0x3F, 0xE0, 0x00, 0xE0, 0x80, 0x03, 0x06, 0x0C, 0x7E, 0xFE, 0x00, 0x30, 0x71, 0xF3,
    0x6C, 0x78, 0xFF, 0x3E, 0x0C, 0x06, 0x0F, 0x8F, 0xCC, 0xE6, 0x33, 0xF8, 0x7F, 0x07, 0x80, 0x00,
    0x00, 0x1C, 0x0F, 0x0F, 0xC6, 0x73, 0x7D, 0xF7, 0xFF, 0xFF, 0x81, 0x00, 0x1E, 0x0F, 0x83, 0x61,
    0xD8, 0x6E, 0x3F, 0xEF, 0xFD, 0x8C, 0x73, 0x0F, 0xC1, 0xE0, 0x38, 0xF9, 0xBB, 0x37, 0xEF, 0xC7,
    0x8E, 0xF8, 0xE0, 0x38, 0x3E, 0x1B, 0x8C, 0xC7, 0xFB, 0xFC, 0x38, 0x38, 0xF8, 0x38, 0x00, 0x00,
    0xF8, 0x0F, 0x80, 0xE0, 0x06, 0x06, 0x38, 0x60, 0xF3, 0x01, 0xD8, 0x06, 0xE0, 0x73, 0xFF, 0x0F,
    0xE0, 0x60, 0x83, 0x03, 0xEC, 0x07, 0xB0, 0x0C, 0xE0, 0x71, 0xFF, 0x83, 0xF8, 0x00, 0x00, 0xF8,
    0x0F, 0x80, 0xE0, 0x06, 0x06, 0x38, 0x60, 0xF3, 0x01, 0xD8, 0x06, 0xE0, 0x73, 0xFF, 0x0F, 0xE0,
    0x00, 0x00, 0xF0, 0x07, 0x80, 0x00, 0x00, 0x60, 0x83, 0x03, 0xEC, 0x07, 0xB0, 0x0C, 0xE0, 0x71,
    0xFF, 0x83, 0xF8, 0x00, 0x00, 0x0A, 0x00, 0x7C, 0x00, 0x00, 0x00, 0x18, 0xC6, 0x31, 0xBD, 0xC0,
    0x7B, 0xC0, 0x10, 0x30, 0x30, 0xFE, 0xFE, 0x00, 0x78, 0x78, 0x00, 0x7C, 0x0F, 0x98, 0x03, 0x08,
    0x61, 0xCC, 0x1D, 0x81, 0xF0, 0x1E, 0x01, 0xC0, 0x7C, 0x1D, 0x87, 0xF0, 0xFC, 0xFC, 0x0F, 0xD8,
    0x01, 0x82, 0x18, 0x31, 0x83, 0x98, 0x1D, 0x80, 0xF8, 0x07, 0x80, 0x38, 0x03, 0x83, 0xFF, 0x3E,
    0xF0, 0x00, 0x70, 0x18, 0x07, 0x01, 0xC6, 0x41, 0x88, 0x63, 0x98, 0x76, 0x0F, 0x81, 0xE0, 0x38,
    0x1F, 0x0E, 0xC7, 0xF1, 0xF8, 0x60, 0x1C, 0x03, 0x80, 0x79, 0x88, 0x30, 0x86, 0x18, 0xC3, 0x98,
    0x3B, 0x03, 0xE0, 0x3C, 0x03, 0x80, 0x70, 0xFF, 0xDF, 0x78, 0x00, 0x03, 0x01, 0x90, 0xCE, 0x63,
    0xB0, 0xF8, 0x3C, 0x0E, 0x0F, 0x8E, 0xCF, 0xE7, 0xE0, 0x01, 0x81, 0xC0, 0xF0, 0x78, 0x20, 0x00,
    0x03, 0x00, 0x61, 0x0C, 0x31, 0x87, 0x30, 0x76, 0x07, 0xC0, 0x78, 0x07, 0x00, 0xE1, 0xFF, 0xBE,
    0xF0, 0x00, 0x30, 0x0E, 0x01, 0xA0, 0x3C, 0x06, 0x00, 0x03, 0x01, 0x90, 0xCE, 0x63, 0xB0, 0xF8,
    0x3C, 0x0E, 0x0F, 0x8E, 0xCF, 0xE7, 0xE0, 0x03, 0x00, 0x61, 0x0C, 0x31, 0x87, 0x30, 0x76, 0x07,
    0xC0, 0x78, 0x07, 0x00, 0xE1, 0xFF, 0xBE, 0xF0, 0x00,
};

static const EpdGlyph atkinson_hn_8_regularGlyphs[] = {
    { 0, 0, 0, 0, 0, 0, 0 }, // U+0000
    { 0, 0, 69, 0, 0, 0, 0 }, // U+000D
    { 0, 0, 75, 0, 0, 0, 0 }, // U+0020
    { 3, 11, 76, 1, 11, 5, 0 }, // !
    { 5, 4, 80, 0, 11, 3, 5 }, // "
    { 11, 11, 174, 0, 11, 16, 8 }, // #
    { 10, 15, 158, 0, 13, 19, 24 }, // $
    { 15, 11, 245, 0, 11, 21, 43 }, // %
    { 12, 11, 195, 0, 11, 17, 64 }, // &
    { 2, 4, 43, 0, 11, 1, 81 }, // '
    { 5, 15, 80, 0, 12, 10, 82 }, // (
    { 5, 15, 80, 0, 12, 10, 92 }, // )
    { 6, 6, 129, 1, 11, 5, 102 }, // *
    { 10, 9, 162, 0, 9, 12, 107 }, // +
    { 3, 6, 56, 0, 3, 3, 119 }, // ,
    { 6, 2, 97, 0, 5, 2, 122 }, // -
    { 3, 3, 56, 0, 3, 2, 124 }, // .
    { 7, 14, 103, 0, 12, 13, 126 }, // /
    { 9, 11, 173, 1, 11, 13, 139 }, // 0
    { 5, 11, 109, 0, 11, 7, 152 }, // 1
    { 9, 11, 146, 0, 11, 13, 159 }, // 2
    { 9, 11, 154, 0, 11, 13, 172 }, // 3
    { 10, 11, 164, 0, 11, 14, 185 }, // 4
    { 9, 11, 157, 0, 11, 13, 199 }, // 5
    { 9, 11, 160, 1, 11, 13, 212 }, // 6
    { 8, 11, 136, 0, 11, 11, 225 }, // 7
    { 9, 11, 164, 1, 11, 13, 236 }, // 8
    { 9, 11, 159, 0, 11, 13, 249 }, // 9
    { 3, 9, 56, 0, 9, 4, 262 }, // :
    { 3, 12, 56, 0, 9, 5, 266 }, // ;
    { 9, 9, 148, 0, 9, 11, 271 }, // <
    { 9, 5, 168, 1, 7, 6, 282 }, // =
    { 9, 9, 148, 0, 9, 11, 288 }, // >
    { 8, 11, 128, 0, 11, 11, 299 }, // ?
    { 13, 13, 208, 0, 11, 22, 310 }, // @
    { 11, 11, 167, 0, 11, 16, 332 }, // A
    { 9, 11, 164, 1, 11, 13, 348 }, // B
    { 11, 11, 172, 0, 11, 16, 361 }, // C
    { 10, 11, 178, 1, 11, 14, 377 }, // D
    { 8, 11, 152, 1, 11, 11, 391 }, // E
    { 8, 11, 147, 1, 11, 11, 402 }, // F
    { 11, 11, 185, 0, 11, 16, 413 }, // G
    { 10, 11, 185, 1, 11, 14, 429 }, // H
    { 6, 11, 105, 0, 11, 9, 443 }, // I
    { 8, 11, 137, 0, 11, 11, 452 }, // J
    { 10, 11, 168, 1, 11, 14, 463 }, // K
    { 8, 11, 144, 1, 11, 11, 477 }, // L
    { 12, 11, 220, 1, 11, 17, 488 }, // M
    { 10, 11, 185, 1, 11, 14, 505 }, // N
    { 12, 11, 190, 0, 11, 17, 519 }, // O
    { 9, 11, 158, 1, 11, 13, 536 }, // P
    { 13, 12, 193, 0, 11, 20, 549 }, // Q
    { 9, 11, 164, 1, 11, 13, 569 }, // R
    { 10, 11, 158, 0, 11, 14, 582 }, // S
    { 10, 11, 149, 0, 11, 14, 596 }, // T
    { 10, 11, 184, 1, 11, 14, 610 }, // U
    { 10, 11, 158, 0, 11, 14, 624 }, // V
    { 14, 11, 228, 0, 11, 20, 638 }, // W
    { 11, 11, 166, 0, 11, 16, 658 }, // X
    { 10, 11, 153, 0, 11, 14, 674 }, // Y
    { 10, 11, 162, 0, 11, 14, 688 }, // Z
    { 4, 15, 85, 1, 12, 8, 702 }, // [
    { 7, 14, 103, 0, 12, 13, 710 }, // <backslash>
    { 4, 15, 92, 1, 12, 8, 723 }, // ]
    { 9, 6, 147, 0, 11, 7, 731 }, // ^
    { 8, 2, 99, -1, 0, 2, 738 }, // _
    { 5, 3, 83, 0, 13, 2, 740 }, // `
    { 8, 9, 140, 0, 9, 9, 742 }, // a
    { 8, 12, 151, 1, 12, 12, 751 }, // b
    { 8, 9, 129, 0, 9, 9, 763 }, // c
    { 9, 12, 150, 0, 12, 14, 772 }, // d
    { 9, 9, 144, 0, 9, 11, 786 }, // e
    { 5, 12, 84, 0, 12, 8, 797 }, // f
    { 9, 13, 149, 0, 9, 15, 805 }, // g
    { 7, 12, 147, 1, 12, 11, 820 }, // h
    { 4, 12, 67, 0, 12, 6, 831 }, // i
    { 6, 15, 65, -2, 12, 12, 837 }, // j
    { 8, 12, 131, 1, 12, 12, 849 }, // k
    { 4, 12, 70, 1, 12, 6, 861 }, // l
    { 12, 9, 225, 1, 9, 14, 867 }, // m
    { 7, 9, 147, 1, 9, 8, 881 }, // n
    { 9, 9, 146, 0, 9, 11, 889 }, // o
    { 8, 12, 151, 1, 9, 12, 900 }, // p
    { 11, 12, 153, 0, 9, 17, 912 }, // q
    { 5, 9, 93, 1, 9, 6, 929 }, // r
    { 8, 9, 126, 0, 9, 9, 935 }, // s
    { 5, 12, 87, 0, 12, 8, 944 }, // t
    { 7, 9, 144, 1, 9, 8, 952 }, // u
    { 8, 9, 123, 0, 9, 9, 960 }, // v
    { 12, 9, 182, 0, 9, 14, 969 }, // w
    { 8, 9, 128, 0, 9, 9, 983 }, // x
    { 8, 12, 120, 0, 9, 12, 992 }, // y
    { 8, 9, 123, 0, 9, 9, 1004 }, // z
    { 6, 15, 92, 0, 12, 12, 1013 }, // {
    { 2, 17, 63, 1, 14, 5, 1025 }, // |
    { 6, 15, 92, 0, 12, 12, 1030 }, // }
    { 9, 4, 148, 0, 6, 5, 1042 }, // ~
    { 0, 0, 75, 0, 0, 0, 1047 }, // U+00A0
    { 3, 12, 76, 1, 9, 5, 1047 }, // U+00A1
    { 8, 13, 129, 0, 11, 13, 1052 }, // U+00A2
    { 9, 11, 163, 1, 11, 13, 1065 }, // U+00A3
    { 9, 9, 155, 0, 10, 11, 1078 }, // U+00A4
    { 10, 11, 153, 0, 11, 14, 1089 }, // U+00A5
    { 2, 17, 63, 1, 14, 5, 1103 }, // U+00A6
    { 9, 14, 141, 0, 11, 16, 1108 }, // U+00A7
    { 6, 2, 156, 2, 12, 2, 1124 }, // U+00A8
    { 13, 11, 213, 0, 11, 18, 1126 }, // U+00A9
    { 6, 6, 99, 0, 12, 5, 1144 }, // U+00AA
    { 9, 8, 150, 0, 8, 9, 1149 }, // U+00AB
    { 10, 6, 161, 0, 7, 8, 1158 }, // U+00AC
    { 13, 11, 213, 0, 11, 18, 1166 }, // U+00AE
    { 10, 2, 133, -1, 14, 3, 1184 }, // U+00AF
    { 6, 5, 94, 0, 11, 4, 1187 }, // U+00B0
    { 9, 9, 154, 0, 9, 11, 1191 }, // U+00B1
    { 6, 6, 102, 0, 13, 5, 1202 }, // U+00B2
    { 6, 7, 102, 0, 14, 6, 1207 }, // U+00B3
    { 5, 3, 83, 0, 13, 2, 1213 }, // U+00B4
    { 9, 14, 136, 0, 11, 16, 1215 }, // U+00B6
    { 4, 3, 64, 0, 6, 2, 1231 }, // U+00B7
    { 4, 5, 61, 0, 0, 3, 1233 }, // U+00B8
    { 4, 7, 68, 0, 13, 4, 1236 }, // U+00B9
    { 6, 5, 101, 0, 12, 4, 1240 }, // U+00BA
    { 9, 8, 150, 0, 8, 9, 1244 }, // U+00BB
    { 13, 11, 218, 0, 11, 18, 1253 }, // U+00BC
    { 13, 11, 219, 0, 11, 18, 1271 }, // U+00BD
    { 14, 11, 231, 0, 11, 20, 1289 }, // U+00BE
    { 8, 12, 120, 0, 9, 12, 1309 }, // U+00BF
    { 11, 14, 167, 0, 14, 20, 1321 }, // U+00C0
    { 11, 14, 167, 0, 14, 20, 1341 }, // U+00C1
    { 11, 14, 167, 0, 14, 20, 1361 }, // U+00C2
    { 11, 15, 167, 0, 15, 21, 1381 }, // U+00C3
    { 11, 14, 167, 0, 14, 20, 1402 }, // U+00C4
    { 11, 14, 167, 0, 14, 20, 1422 }, // U+00C5
    { 15, 11, 238, 0, 11, 21, 1442 }, // U+00C6
    { 11, 14, 172, 0, 11, 20, 1463 }, // U+00C7
    { 8, 14, 152, 1, 14, 14, 1483 }, // U+00C8
    { 8, 14, 152, 1, 14, 14, 1497 }, // U+00C9
    { 8, 14, 152, 1, 14, 14, 1511 }, // U+00CA
    { 8, 14, 152, 1, 14, 14, 1525 }, // U+00CB
    { 6, 14, 105, 0, 14, 11, 1539 }, // U+00CC
    { 6, 14, 105, 0, 14, 11, 1550 }, // U+00CD
    { 6, 14, 105, 0, 14, 11, 1561 }, // U+00CE
    { 6, 14, 105, 0, 14, 11, 1572 }, // U+00CF
    { 11, 11, 184, 0, 11, 16, 1583 }, // U+00D0
    { 10, 15, 185, 1, 15, 19, 1599 }, // U+00D1
    { 12, 14, 190, 0, 14, 21, 1618 }, // U+00D2
    { 12, 14, 190, 0, 14, 21, 1639 }, // U+00D3
    { 12, 14, 190, 0, 14, 21, 1660 }, // U+00D4
    { 12, 14, 190, 0, 14, 21, 1681 }, // U+00D5
    { 12, 14, 190, 0, 14, 21, 1702 }, // U+00D6
    { 8, 8, 142, 0, 8, 8, 1723 }, // U+00D7
    { 12, 11, 190, 0, 11, 17, 1731 }, // U+00D8
    { 10, 14, 184, 1, 14, 18, 1748 }, // U+00D9
    { 10, 14, 184, 1, 14, 18, 1766 }, // U+00DA
    { 10, 14, 184, 1, 14, 18, 1784 }, // U+00DB
    { 10, 14, 184, 1, 14, 18, 1802 }, // U+00DC
    { 10, 14, 153, 0, 14, 18, 1820 }, // U+00DD
    { 9, 11, 158, 1, 11, 13, 1838 }, // U+00DE
    { 9, 11, 155, 1, 11, 13, 1851 }, // U+00DF
    { 8, 13, 140, 0, 13, 13, 1864 }, // U+00E0
    { 8, 13, 140, 0, 13, 13, 1877 }, // U+00E1
    { 8, 12, 140, 0, 12, 12, 1890 }, // U+00E2
    { 8, 12, 140, 0, 12, 12, 1902 }, // U+00E3
    { 8, 12, 140, 0, 12, 12, 1914 }, // U+00E4
    { 8, 14, 140, 0, 14, 14, 1926 }, // U+00E5
    { 15, 9, 231, 0, 9, 17, 1940 }, // U+00E6
    { 8, 12, 129, 0, 9, 12, 1957 }, // U+00E7
    { 9, 13, 144, 0, 13, 15, 1969 }, // U+00E8
    { 9, 13, 144, 0, 13, 15, 1984 }, // U+00E9
    { 9, 12, 144, 0, 12, 14, 1999 }, // U+00EA
    { 9, 12, 144, 0, 12, 14, 2013 }, // U+00EB
    { 4, 13, 67, -1, 13, 7, 2027 }, // U+00EC
    { 5, 13, 67, 0, 13, 9, 2034 }, // U+00ED
    { 6, 12, 67, -1, 12, 9, 2043 }, // U+00EE
    { 6, 12, 71, -1, 12, 9, 2052 }, // U+00EF
    { 9, 13, 151, 0, 13, 15, 2061 }, // U+00F0
    { 7, 12, 147, 1, 12, 11, 2076 }, // U+00F1
    { 9, 13, 146, 0, 13, 15, 2087 }, // U+00F2
    { 9, 13, 146, 0, 13, 15, 2102 }, // U+00F3
    { 9, 12, 146, 0, 12, 14, 2117 }, // U+00F4
    { 9, 12, 146, 0, 12, 14, 2131 }, // U+00F5
    { 9, 12, 146, 0, 12, 14, 2145 }, // U+00F6
    { 10, 8, 162, 0, 8, 10, 2159 }, // U+00F7
    { 9, 10, 146, 0, 10, 12, 2169 }, // U+00F8
    { 7, 13, 144, 1, 13, 12, 2181 }, // U+00F9
    { 7, 13, 144, 1, 13, 12, 2193 }, // U+00FA
    { 7, 12, 144, 1, 12, 11, 2205 }, // U+00FB
    { 7, 12, 144, 1, 12, 11, 2216 }, // U+00FC
    { 8, 16, 120, 0, 13, 16, 2227 }, // U+00FD
    { 8, 15, 151, 1, 12, 15, 2243 }, // U+00FE
    { 8, 15, 120, 0, 12, 15, 2258 }, // U+00FF
    { 11, 14, 167, 0, 14, 20, 2273 }, // U+0100
    { 8, 11, 140, 0, 11, 11, 2293 }, // U+0101
    { 11, 14, 167, 0, 14, 20, 2304 }, // U+0102
    { 8, 12, 140, 0, 12, 12, 2324 }, // U+0103
    { 11, 14, 167, 0, 11, 20, 2336 }, // U+0104
    { 8, 12, 140, 0, 9, 12, 2356 }, // U+0105
    { 11, 14, 172, 0, 14, 20, 2368 }, // U+0106
    { 8, 13, 129, 0, 13, 13, 2388 }, // U+0107
    { 11, 14, 172, 0, 14, 20, 2401 }, // U+010A
    { 8, 12, 129, 0, 12, 12, 2421 }, // U+010B
    { 11, 14, 172, 0, 14, 20, 2433 }, // U+010C
    { 8, 12, 129, 0, 12, 12, 2453 }, // U+010D
    { 10, 14, 178, 1, 14, 18, 2465 }, // U+010E
    { 11, 12, 169, 0, 12, 17, 2483 }, // U+010F
    { 11, 11, 184, 0, 11, 16, 2500 }, // U+0110
    { 10, 12, 150, 0, 12, 15, 2516 }, // U+0111
    { 8, 14, 152, 1, 14, 14, 2531 }, // U+0112
    { 9, 11, 144, 0, 11, 13, 2545 }, // U+0113
    { 8, 14, 152, 1, 14, 14, 2558 }, // U+0116
    { 9, 12, 144, 0, 12, 14, 2572 }, // U+0117
    { 8, 14, 152, 1, 11, 14, 2586 }, // U+0118
    { 9, 12, 144, 0, 9, 14, 2600 }, // U+0119
    { 8, 14, 152, 1, 14, 14, 2614 }, // U+011A
    { 9, 12, 144, 0, 12, 14, 2628 }, // U+011B
    { 11, 14, 185, 0, 14, 20, 2642 }, // U+011E
    { 9, 16, 149, 0, 12, 18, 2662 }, // U+011F
    { 11, 14, 185, 0, 14, 20, 2680 }, // U+0120
    { 9, 16, 149, 0, 12, 18, 2700 }, // U+0121
    { 11, 15, 185, 0, 11, 21, 2718 }, // U+0122
    { 9, 18, 149, 0, 14, 21, 2739 }, // U+0123
    { 12, 11, 185, 0, 11, 17, 2760 }, // U+0126
    { 9, 12, 147, -1, 12, 14, 2777 }, // U+0127
    { 6, 14, 105, 0, 14, 11, 2791 }, // U+012A
    { 6, 11, 67, -1, 11, 9, 2802 }, // U+012B
    { 6, 14, 105, 0, 11, 11, 2811 }, // U+012E
    { 4, 15, 67, 0, 12, 8, 2822 }, // U+012F
    { 6, 14, 105, 0, 14, 11, 2830 }, // U+0130
    { 3, 9, 67, 0, 9, 4, 2841 }, // U+0131
    { 14, 11, 241, 0, 11, 20, 2845 }, // U+0132
    { 8, 15, 133, 0, 12, 15, 2865 }, // U+0133
    { 10, 15, 168, 1, 11, 19, 2880 }, // U+0136
    { 8, 16, 131, 1, 12, 16, 2899 }, // U+0137
    { 8, 16, 143, 1, 16, 16, 2915 }, // U+0139
    { 4, 17, 67, 1, 17, 9, 2931 }, // U+013A
    { 8, 15, 144, 1, 11, 15, 2940 }, // U+013B
    { 5, 16, 70, 0, 12, 10, 2955 }, // U+013C
    { 8, 11, 144, 1, 11, 11, 2965 }, // U+013D
    { 5, 12, 85, 1, 12, 8, 2976 }, // U+013E
    { 10, 11, 152, 0, 11, 14, 2984 }, // U+0141
    { 5, 12, 79, 0, 12, 8, 2998 }, // U+0142
    { 10, 14, 185, 1, 14, 18, 3006 }, // U+0143
    { 7, 13, 147, 1, 13, 12, 3024 }, // U+0144
    { 10, 15, 185, 1, 11, 19, 3036 }, // U+0145
    { 7, 13, 147, 1, 9, 12, 3055 }, // U+0146
    { 10, 14, 185, 1, 14, 18, 3067 }, // U+0147
    { 7, 12, 147, 1, 12, 11, 3085 }, // U+0148
    { 11, 16, 203, 1, 12, 22, 3096 }, // U+014A
    { 8, 14, 165, 1, 10, 14, 3118 }, // U+014B
    { 11, 16, 208, 1, 15, 22, 3132 }, // U+014C
    { 10, 13, 161, 0, 12, 17, 3154 }, // U+014D
    { 12, 15, 190, 0, 15, 23, 3171 }, // U+0150
    { 9, 13, 146, 0, 13, 15, 3194 }, // U+0151
    { 17, 11, 268, 0, 11, 24, 3209 }, // U+0152
    { 16, 9, 246, 0, 9, 18, 3233 }, // U+0153
    { 9, 14, 164, 1, 14, 16, 3251 }, // U+0154
    { 5, 13, 93, 1, 13, 9, 3267 }, // U+0155
    { 10, 16, 166, 1, 12, 20, 3276 }, // U+0156
    { 6, 14, 110, 1, 10, 11, 3296 }, // U+0157
    { 9, 14, 164, 1, 14, 16, 3307 }, // U+0158
    { 7, 12, 93, 0, 12, 11, 3323 }, // U+0159
    { 10, 14, 158, 0, 14, 18, 3334 }, // U+015A
    { 8, 13, 126, 0, 13, 13, 3352 }, // U+015B
    { 10, 14, 158, 0, 11, 18, 3365 }, // U+015E
    { 8, 12, 126, 0, 9, 12, 3383 }, // U+015F
    { 10, 14, 158, 0, 14, 18, 3395 }, // U+0160
    { 8, 12, 126, 0, 12, 12, 3413 }, // U+0161
    { 10, 14, 149, 0, 11, 18, 3425 }, // U+0162
    { 5, 15, 87, 0, 12, 10, 3443 }, // U+0163
    { 10, 14, 149, 0, 14, 18, 3453 }, // U+0164
    { 6, 14, 87, 0, 14, 11, 3471 }, // U+0165
    { 10, 14, 184, 1, 14, 18, 3482 }, // U+016A
    { 7, 11, 144, 1, 11, 10, 3500 }, // U+016B
    { 10, 17, 195, 1, 16, 22, 3510 }, // U+016C
    { 8, 14, 165, 1, 13, 14, 3532 }, // U+016D
    { 10, 15, 184, 1, 15, 19, 3546 }, // U+016E
    { 7, 14, 144, 1, 14, 13, 3565 }, // U+016F
    { 10, 15, 184, 1, 15, 19, 3578 }, // U+0170
    { 7, 13, 144, 1, 13, 12, 3597 }, // U+0171
    { 10, 14, 184, 1, 11, 18, 3609 }, // U+0172
    { 7, 12, 144, 1, 9, 11, 3627 }, // U+0173
    { 14, 14, 228, 0, 14, 25, 3638 }, // U+0174
    { 12, 12, 182, 0, 12, 18, 3663 }, // U+0175
    { 10, 14, 153, 0, 14, 18, 3681 }, // U+0176
    { 8, 15, 120, 0, 12, 15, 3699 }, // U+0177
    { 10, 14, 153, 0, 14, 18, 3714 }, // U+0178
    { 10, 14, 162, 0, 14, 18, 3732 }, // U+0179
    { 8, 13, 123, 0, 13, 13, 3750 }, // U+017A
    { 10, 14, 162, 0, 14, 18, 3763 }, // U+017B
    { 8, 12, 123, 0, 12, 12, 3781 }, // U+017C
    { 10, 14, 162, 0, 14, 18, 3793 }, // U+017D
    { 8, 12, 123, 0, 12, 12, 3811 }, // U+017E
    { 10, 15, 158, 0, 11, 19, 3823 }, // U+0218
    { 8, 13, 126, 0, 9, 13, 3842 }, // U+0219
    { 10, 15, 149, 0, 11, 19, 3855 }, // U+021A
    { 5, 16, 87, 0, 12, 10, 3874 }, // U+021B
    { 4, 3, 0, 0, 12, 2, 3884 }, // U+0300
    { 4, 3, 0, 0, 12, 2, 3886 }, // U+0301
    { 7, 3, 0, 0, 12, 3, 3888 }, // U+0302
    { 7, 2, 0, 0, 11, 2, 3891 }, // U+0303
    { 6, 2, 0, 0, 11, 2, 3893 }, // U+0304
    { 6, 3, 0, 0, 12, 3, 3895 }, // U+0306
    { 3, 2, 0, 0, 12, 1, 3898 }, // U+0307
    { 6, 2, 0, 0, 12, 2, 3899 }, // U+0308
    { 5, 4, 0, 0, 13, 3, 3901 }, // U+030A
    { 6, 3, 0, 0, 12, 3, 3904 }, // U+030B
    { 7, 2, 0, 0, 11, 2, 3907 }, // U+030C
    { 4, 4, 0, 0, 13, 2, 3909 }, // U+0312
    { 4, 4, 0, 0, 0, 2, 3911 }, // U+0326
    { 4, 4, 0, 0, 1, 2, 3913 }, // U+0327
    { 4, 4, 0, 0, 1, 2, 3915 }, // U+0328
    { 0, 0, 0, 0, 0, 0, 3917 }, // U+034F
    { 10, 10, 169, 0, 10, 13, 3917 }, // U+05D0
    { 9, 10, 153, 0, 10, 12, 3930 }, // U+05D1
    { 6, 11, 100, 0, 10, 9, 3942 }, // U+05D2
    { 9, 10, 145, 0, 10, 12, 3951 }, // U+05D3
    { 10, 10, 167, 0, 10, 13, 3963 }, // U+05D4
    { 4, 10, 80, 0, 10, 5, 3976 }, // U+05D5
    { 5, 10, 88, 0, 10, 7, 3981 }, // U+05D6
    { 10, 10, 177, 0, 10, 13, 3988 }, // U+05D7
    { 10, 10, 169, 0, 10, 13, 4001 }, // U+05D8
    { 4, 6, 79, 0, 10, 3, 4014 }, // U+05D9
    { 8, 13, 145, 0, 10, 13, 4017 }, // U+05DA
    { 8, 10, 137, 0, 10, 10, 4030 }, // U+05DB
    { 9, 13, 139, 0, 13, 15, 4040 }, // U+05DC
    { 11, 10, 182, 0, 10, 14, 4055 }, // U+05DD
    { 11, 10, 176, 0, 10, 14, 4069 }, // U+05DE
    { 4, 13, 88, 0, 10, 7, 4083 }, // U+05DF
    { 6, 10, 101, 0, 10, 8, 4090 }, // U+05E0
    { 10, 10, 172, 0, 10, 13, 4098 }, // U+05E1
    { 10, 12, 158, 0, 11, 15, 4111 }, // U+05E2
    { 10, 13, 165, 0, 10, 17, 4126 }, // U+05E3
    { 10, 10, 160, 0, 10, 13, 4143 }, // U+05E4
    { 9, 13, 141, 0, 10, 15, 4156 }, // U+05E5
    { 9, 10, 148, 0, 10, 12, 4171 }, // U+05E6
    { 9, 13, 167, 1, 10, 15, 4183 }, // U+05E7
    { 8, 10, 140, 0, 10, 10, 4198 }, // U+05E8
    { 11, 10, 195, 1, 10, 14, 4208 }, // U+05E9
    { 11, 10, 183, 0, 10, 14, 4222 }, // U+05EA
    { 3, 5, 87, 1, 4, 2, 4236 }, // U+060C
    { 3, 10, 92, 1, 9, 4, 4238 }, // U+061B
    { 7, 14, 116, 0, 13, 13, 4242 }, // U+061F
    { 7, 7, 110, 0, 6, 7, 4255 }, // U+0621
    { 6, 3, 72, 0, 2, 3, 4262 }, // U+0640
    { 4, 5, 0, 0, 14, 3, 4265 }, // U+0654
    { 4, 4, 153, 3, 7, 2, 4268 }, // U+0660
    { 4, 13, 153, 3, 12, 7, 4270 }, // U+0661
    { 8, 13, 153, 1, 12, 13, 4277 }, // U+0662
    { 9, 13, 153, 0, 12, 15, 4290 }, // U+0663
    { 8, 13, 153, 1, 12, 13, 4305 }, // U+0664
    { 8, 10, 153, 1, 9, 10, 4318 }, // U+0665
    { 8, 13, 153, 1, 12, 13, 4328 }, // U+0666
    { 10, 13, 153, 0, 12, 17, 4341 }, // U+0667
    { 10, 13, 153, 0, 12, 17, 4358 }, // U+0668
    { 8, 13, 153, 1, 12, 13, 4375 }, // U+0669
    { 11, 10, 183, 0, 6, 14, 4388 }, // U+06BA
    { 5, 2, 80, 0, 2, 2, 4402 }, // U+06D4
    { 7, 8, 108, 0, 8, 7, 4404 }, // U+06D5
    { 4, 4, 153, 3, 7, 2, 4411 }, // U+06F0
    { 4, 13, 153, 3, 12, 7, 4413 }, // U+06F1
    { 8, 13, 153, 1, 12, 13, 4420 }, // U+06F2
    { 9, 13, 153, 0, 12, 15, 4433 }, // U+06F3
    { 8, 12, 153, 1, 12, 12, 4448 }, // U+06F4
    { 8, 12, 153, 1, 12, 12, 4460 }, // U+06F5
    { 7, 13, 153, 1, 12, 12, 4472 }, // U+06F6
    { 10, 13, 153, 0, 12, 17, 4484 }, // U+06F7
    { 10, 13, 153, 0, 12, 17, 4501 }, // U+06F8
    { 8, 13, 153, 1, 12, 13, 4518 }, // U+06F9
    { 10, 14, 153, 0, 14, 18, 4531 }, // U+1EF2
    { 8, 16, 120, 0, 13, 16, 4549 }, // U+1EF3
    { 0, 0, 37, 0, 0, 0, 4565 }, // U+2009
    { 0, 0, 0, 0, 0, 0, 4565 }, // U+200B
    { 2, 12, 0, -1, 11, 3, 4565 }, // U+200C
    { 4, 12, 0, -2, 11, 6, 4568 }, // U+200D
    { 5, 14, 0, -1, 12, 9, 4574 }, // U+200E
    { 5, 14, 0, -4, 12, 9, 4583 }, // U+200F
    { 5, 2, 86, 0, 5, 2, 4592 }, // U+2010
    { 5, 3, 86, 0, 6, 2, 4594 }, // U+2011
    { 8, 2, 134, 0, 5, 2, 4596 }, // U+2013
    { 13, 2, 220, 0, 5, 4, 4598 }, // U+2014
    { 4, 5, 63, 0, 11, 3, 4602 }, // U+2018
    { 4, 5, 63, 0, 11, 3, 4605 }, // U+2019
    { 4, 6, 63, 0, 3, 3, 4608 }, // U+201A
    { 6, 5, 106, 0, 11, 4, 4611 }, // U+201C
    { 6, 5, 106, 0, 11, 4, 4615 }, // U+201D
    { 6, 6, 106, 0, 3, 5, 4619 }, // U+201E
    { 9, 11, 144, 0, 11, 13, 4624 }, // U+2020
    { 9, 11, 144, 0, 11, 13, 4637 }, // U+2021
    { 7, 6, 117, 0, 7, 6, 4650 }, // U+2022
    { 11, 3, 179, 0, 3, 5, 4656 }, // U+2026
    { 0, 0, 35, 0, 0, 0, 4661 }, // U+202F
    { 22, 11, 353, 0, 11, 31, 4661 }, // U+2030
    { 5, 8, 94, 0, 8, 5, 4692 }, // U+2039
    { 5, 8, 94, 0, 8, 5, 4697 }, // U+203A
    { 10, 11, 156, 0, 11, 14, 4702 }, // U+2044
    { 3, 10, 92, 1, 9, 4, 4716 }, // U+204F
    { 11, 11, 211, 1, 11, 16, 4720 }, // U+20AA
    { 11, 11, 177, 0, 11, 16, 4736 }, // U+20AC
    { 8, 11, 148, 1, 11, 11, 4752 }, // U+20B9
    { 9, 11, 156, 0, 11, 13, 4763 }, // U+2202
    { 9, 14, 156, 0, 11, 16, 4776 }, // U+220F
    { 9, 14, 157, 0, 11, 16, 4792 }, // U+2211
    { 10, 2, 162, 0, 5, 3, 4808 }, // U+2212
    { 10, 11, 160, 0, 11, 14, 4811 }, // U+2215
    { 3, 3, 61, 0, 6, 2, 4825 }, // U+2219
    { 9, 14, 155, 0, 11, 16, 4827 }, // U+221A
    { 13, 6, 206, 0, 7, 10, 4843 }, // U+221E
    { 7, 14, 122, 0, 11, 13, 4853 }, // U+222B
    { 9, 7, 148, 0, 8, 8, 4866 }, // U+2248
    { 9, 9, 168, 1, 9, 11, 4874 }, // U+2260
    { 9, 9, 154, 0, 9, 11, 4885 }, // U+2264
    { 9, 9, 154, 0, 9, 11, 4896 }, // U+2265
    { 16, 12, 265, 0, 7, 24, 4907 }, // U+FB56
    { 20, 11, 292, 0, 6, 28, 4931 }, // U+FB57
    { 5, 12, 80, -1, 7, 8, 4959 }, // U+FB58
    { 8, 10, 99, 0, 5, 10, 4967 }, // U+FB59
    { 16, 13, 265, 0, 12, 26, 4977 }, // U+FB66
    { 20, 13, 292, 0, 12, 33, 5003 }, // U+FB67
    { 5, 15, 72, 0, 14, 10, 5036 }, // U+FB68
    { 8, 13, 99, 0, 12, 13, 5046 }, // U+FB69
    { 11, 14, 176, 0, 7, 20, 5059 }, // U+FB7A
    { 13, 14, 192, 0, 7, 23, 5079 }, // U+FB7B
    { 10, 11, 157, 0, 6, 14, 5102 }, // U+FB7C
    { 12, 11, 170, 0, 6, 17, 5116 }, // U+FB7D
    { 8, 15, 127, 0, 14, 15, 5133 }, // U+FB88
    { 10, 15, 142, 0, 14, 19, 5148 }, // U+FB89
    { 7, 15, 98, -1, 11, 14, 5167 }, // U+FB8A
    { 9, 15, 106, -1, 11, 17, 5181 }, // U+FB8B
    { 7, 17, 98, -1, 13, 15, 5198 }, // U+FB8C
    { 9, 17, 106, -1, 13, 20, 5213 }, // U+FB8D
    { 15, 13, 234, 0, 12, 25, 5233 }, // U+FB8E
    { 18, 13, 260, 0, 12, 30, 5258 }, // U+FB8F
    { 8, 13, 110, 0, 12, 13, 5288 }, // U+FB90
    { 10, 13, 136, 0, 12, 17, 5301 }, // U+FB91
    { 15, 15, 234, 0, 14, 29, 5318 }, // U+FB92
    { 18, 15, 260, 0, 14, 34, 5347 }, // U+FB93
    { 8, 15, 110, 0, 14, 15, 5381 }, // U+FB94
    { 10, 15, 136, 0, 14, 19, 5396 }, // U+FB95
    { 11, 10, 183, 0, 6, 14, 5415 }, // U+FB9E
    { 13, 9, 195, 0, 5, 15, 5429 }, // U+FB9F
    { 7, 8, 108, 0, 8, 7, 5444 }, // U+FBA6
    { 9, 7, 128, 0, 6, 8, 5451 }, // U+FBA7
    { 4, 11, 72, 0, 7, 6, 5459 }, // U+FBA8
    { 9, 8, 117, 0, 3, 9, 5465 }, // U+FBA9
    { 11, 10, 179, 0, 9, 14, 5474 }, // U+FBAA
    { 12, 11, 164, 0, 7, 17, 5488 }, // U+FBAB
    { 9, 10, 153, 0, 9, 12, 5505 }, // U+FBAC
    { 10, 11, 135, 0, 7, 14, 5517 }, // U+FBAD
    { 16, 9, 251, 0, 8, 18, 5531 }, // U+FBAE
    { 10, 7, 146, 0, 2, 9, 5549 }, // U+FBAF
    { 16, 13, 251, 0, 12, 26, 5558 }, // U+FBB0
    { 10, 11, 146, 0, 6, 14, 5584 }, // U+FBB1
    { 13, 11, 203, 0, 7, 18, 5598 }, // U+FBFC
    { 14, 7, 196, 0, 3, 13, 5616 }, // U+FBFD
    { 5, 11, 80, -1, 7, 7, 5629 }, // U+FBFE
    { 8, 9, 99, 0, 5, 9, 5636 }, // U+FBFF
    { 7, 7, 110, 0, 6, 7, 5645 }, // U+FE80
    { 6, 14, 63, -1, 14, 11, 5652 }, // U+FE81
    { 7, 16, 78, -1, 15, 14, 5663 }, // U+FE82
    { 4, 16, 63, 0, 16, 8, 5677 }, // U+FE83
    { 6, 18, 78, 0, 17, 14, 5685 }, // U+FE84
    { 7, 15, 119, 0, 11, 14, 5699 }, // U+FE85
    { 9, 15, 126, 0, 11, 17, 5713 }, // U+FE86
    { 5, 18, 63, 0, 12, 12, 5730 }, // U+FE87
    { 6, 18, 78, 0, 12, 14, 5742 }, // U+FE88
    { 13, 12, 203, 0, 8, 20, 5756 }, // U+FE89
    { 14, 12, 196, 0, 8, 21, 5776 }, // U+FE8A
    { 4, 13, 72, 0, 12, 7, 5797 }, // U+FE8B
    { 7, 11, 91, 0, 10, 10, 5804 }, // U+FE8C
    { 2, 12, 63, 1, 12, 3, 5814 }, // U+FE8D
    { 5, 13, 78, 1, 12, 9, 5817 }, // U+FE8E
    { 16, 11, 265, 0, 7, 22, 5826 }, // U+FE8F
    { 20, 10, 292, 0, 6, 25, 5848 }, // U+FE90
    { 4, 11, 72, 0, 7, 6, 5873 }, // U+FE91
    { 7, 9, 91, 0, 5, 8, 5879 }, // U+FE92
    { 7, 12, 108, 0, 12, 11, 5887 }, // U+FE93
    { 9, 14, 130, 0, 13, 16, 5898 }, // U+FE94
    { 16, 10, 265, 0, 9, 20, 5914 }, // U+FE95
    { 20, 10, 292, 0, 9, 25, 5934 }, // U+FE96
    { 5, 12, 72, 0, 11, 8, 5959 }, // U+FE97
    { 8, 10, 99, 0, 9, 10, 5967 }, // U+FE98
    { 16, 11, 265, 0, 10, 22, 5977 }, // U+FE99
    { 20, 11, 292, 0, 10, 28, 5999 }, // U+FE9A
    { 5, 13, 72, 0, 12, 9, 6027 }, // U+FE9B
    { 8, 11, 99, 0, 10, 11, 6036 }, // U+FE9C
    { 10, 14, 170, 0, 7, 18, 6047 }, // U+FE9D
    { 12, 14, 173, 0, 7, 21, 6065 }, // U+FE9E
    { 10, 10, 157, 0, 6, 13, 6086 }, // U+FE9F
    { 12, 10, 170, 0, 6, 15, 6099 }, // U+FEA0
    { 10, 14, 170, 0, 7, 18, 6114 }, // U+FEA1
    { 12, 14, 173, 0, 7, 21, 6132 }, // U+FEA2
    { 10, 7, 157, 0, 6, 9, 6153 }, // U+FEA3
    { 12, 7, 170, 0, 6, 11, 6162 }, // U+FEA4
    { 10, 18, 170, 0, 11, 23, 6173 }, // U+FEA5
    { 12, 18, 173, 0, 11, 27, 6196 }, // U+FEA6
    { 10, 11, 157, 0, 10, 14, 6223 }, // U+FEA7
    { 12, 11, 170, 0, 10, 17, 6237 }, // U+FEA8
    { 8, 9, 127, 0, 8, 9, 6254 }, // U+FEA9
    { 10, 9, 142, 0, 8, 12, 6263 }, // U+FEAA
    { 8, 13, 127, 0, 12, 13, 6275 }, // U+FEAB
    { 10, 13, 142, 0, 12, 17, 6288 }, // U+FEAC
    { 7, 10, 98, -1, 6, 9, 6305 }, // U+FEAD
    { 9, 10, 106, -1, 6, 12, 6314 }, // U+FEAE
    { 7, 14, 98, -1, 10, 13, 6326 }, // U+FEAF
    { 9, 14, 106, -1, 10, 16, 6339 }, // U+FEB0
    { 20, 11, 323, 0, 7, 28, 6355 }, // U+FEB1
    { 22, 10, 339, 0, 6, 28, 6383 }, // U+FEB2
    { 13, 8, 209, 0, 7, 13, 6411 }, // U+FEB3
    { 15, 7, 227, 0, 6, 14, 6424 }, // U+FEB4
    { 20, 15, 323, 0, 11, 38, 6438 }, // U+FEB5
    { 22, 15, 339, 0, 11, 42, 6476 }, // U+FEB6
    { 13, 12, 209, 0, 11, 20, 6518 }, // U+FEB7
    { 15, 12, 227, 0, 11, 23, 6538 }, // U+FEB8
    { 22, 11, 348, 0, 7, 31, 6561 }, // U+FEB9
    { 24, 11, 361, 0, 7, 33, 6592 }, // U+FEBA
    { 15, 8, 241, 0, 7, 15, 6625 }, // U+FEBB
    { 17, 8, 253, 0, 7, 17, 6640 }, // U+FEBC
    { 22, 15, 348, 0, 11, 42, 6657 }, // U+FEBD
    { 24, 15, 361, 0, 11, 45, 6699 }, // U+FEBE
    { 15, 11, 241, 0, 10, 21, 6744 }, // U+FEBF
    { 17, 11, 253, 0, 10, 24, 6765 }, // U+FEC0
    { 13, 13, 210, 0, 12, 22, 6789 }, // U+FEC1
    { 15, 13, 222, 0, 12, 25, 6811 }, // U+FEC2
    { 11, 13, 181, 0, 12, 18, 6836 }, // U+FEC3
    { 13, 13, 189, 0, 12, 22, 6854 }, // U+FEC4
    { 13, 13, 210, 0, 12, 22, 6876 }, // U+FEC5
    { 15, 13, 222, 0, 12, 25, 6898 }, // U+FEC6
    { 11, 13, 181, 0, 12, 18, 6923 }, // U+FEC7
    { 13, 13, 189, 0, 12, 22, 6941 }, // U+FEC8
    { 10, 16, 135, 0, 9, 20, 6963 }, // U+FEC9
    { 10, 14, 142, 0, 7, 18, 6983 }, // U+FECA
    { 8, 9, 134, 0, 8, 9, 7001 }, // U+FECB
    { 10, 8, 139, 0, 7, 10, 7010 }, // U+FECC
    { 10, 20, 135, 0, 13, 25, 7020 }, // U+FECD
    { 10, 18, 142, 0, 11, 23, 7045 }, // U+FECE
    { 8, 13, 134, 0, 12, 13, 7068 }, // U+FECF
    { 10, 12, 139, 0, 11, 15, 7081 }, // U+FED0
    { 16, 14, 262, 0, 13, 28, 7096 }, // U+FED1
    { 20, 12, 293, 0, 11, 30, 7124 }, // U+FED2
    { 7, 14, 119, 0, 13, 13, 7154 }, // U+FED3
    { 10, 12, 132, 0, 11, 15, 7167 }, // U+FED4
    { 13, 15, 206, 0, 11, 25, 7182 }, // U+FED5
    { 15, 15, 216, 0, 10, 29, 7207 }, // U+FED6
    { 7, 14, 119, 0, 13, 13, 7236 }, // U+FED7
    { 10, 12, 132, 0, 11, 15, 7249 }, // U+FED8
    { 14, 13, 235, 0, 12, 23, 7264 }, // U+FED9
    { 17, 13, 246, 0, 12, 28, 7287 }, // U+FEDA
    { 8, 13, 110, 0, 12, 13, 7315 }, // U+FEDB
    { 10, 13, 136, 0, 12, 17, 7328 }, // U+FEDC
    { 11, 16, 185, 0, 12, 22, 7345 }, // U+FEDD
    { 13, 16, 195, 0, 12, 26, 7367 }, // U+FEDE
    { 4, 13, 69, 0, 12, 7, 7393 }, // U+FEDF
    { 6, 13, 80, 0, 12, 10, 7400 }, // U+FEE0
    { 8, 14, 129, 0, 7, 14, 7410 }, // U+FEE1
    { 11, 14, 150, 0, 7, 20, 7424 }, // U+FEE2
    { 8, 7, 140, 0, 6, 7, 7444 }, // U+FEE3
    { 11, 8, 154, 0, 7, 11, 7451 }, // U+FEE4
    { 11, 13, 183, 0, 9, 18, 7462 }, // U+FEE5
    { 13, 13, 195, 0, 9, 22, 7480 }, // U+FEE6
    { 4, 12, 72, 0, 11, 6, 7502 }, // U+FEE7
    { 7, 10, 91, 0, 9, 9, 7508 }, // U+FEE8
    { 7, 8, 108, 0, 8, 7, 7517 }, // U+FEE9
    { 9, 10, 130, 0, 9, 12, 7524 }, // U+FEEA
    { 9, 10, 153, 0, 9, 12, 7536 }, // U+FEEB
    { 10, 11, 135, 0, 7, 14, 7548 }, // U+FEEC
    { 7, 10, 119, 0, 6, 9, 7562 }, // U+FEED
    { 9, 10, 126, 0, 6, 12, 7571 }, // U+FEEE
    { 13, 11, 203, 0, 7, 18, 7583 }, // U+FEEF
    { 14, 7, 196, 0, 3, 13, 7601 }, // U+FEF0
    { 13, 15, 203, 0, 7, 25, 7614 }, // U+FEF1
    { 14, 11, 196, 0, 3, 20, 7639 }, // U+FEF2
    { 5, 11, 80, -1, 7, 7, 7659 }, // U+FEF3
    { 8, 9, 99, 0, 5, 9, 7666 }, // U+FEF4
    { 11, 13, 155, -2, 13, 18, 7675 }, // U+FEF5
    { 12, 14, 160, -1, 13, 21, 7693 }, // U+FEF6
    { 10, 15, 155, -1, 15, 19, 7714 }, // U+FEF7
    { 11, 16, 160, 0, 15, 22, 7733 }, // U+FEF8
    { 9, 18, 155, 0, 12, 21, 7755 }, // U+FEF9
    { 11, 18, 160, 0, 12, 25, 7776 }, // U+FEFA
    { 9, 12, 155, 0, 12, 14, 7801 }, // U+FEFB
    { 11, 13, 160, 0, 12, 18, 7815 }, // U+FEFC
};

static const EpdUnicodeInterval atkinson_hn_8_regularIntervals[] = {
    { 0x0, 0x0, 0x0 },
    { 0xD, 0xD, 0x1 },
    { 0x20, 0x7E, 0x2 },
    { 0xA0, 0xAC, 0x61 },
    { 0xAE, 0xB4, 0x6E },
    { 0xB6, 0x107, 0x75 },
    { 0x10A, 0x113, 0xC7 },
    { 0x116, 0x11B, 0xD1 },
    { 0x11E, 0x123, 0xD7 },
    { 0x126, 0x127, 0xDD },
    { 0x12A, 0x12B, 0xDF },
    { 0x12E, 0x133, 0xE1 },
    { 0x136, 0x137, 0xE7 },
    { 0x139, 0x13E, 0xE9 },
    { 0x141, 0x148, 0xEF },
    { 0x14A, 0x14D, 0xF7 },
    { 0x150, 0x15B, 0xFB },
    { 0x15E, 0x165, 0x107 },
    { 0x16A, 0x17E, 0x10F },
    { 0x218, 0x21B, 0x124 },
    { 0x300, 0x304, 0x128 },
    { 0x306, 0x308, 0x12D },
    { 0x30A, 0x30C, 0x130 },
    { 0x312, 0x312, 0x133 },
    { 0x326, 0x328, 0x134 },
    { 0x34F, 0x34F, 0x137 },
    { 0x5D0, 0x5EA, 0x138 },
    { 0x60C, 0x60C, 0x153 },
    { 0x61B, 0x61B, 0x154 },
    { 0x61F, 0x61F, 0x155 },
    { 0x621, 0x621, 0x156 },
    { 0x640, 0x640, 0x157 },
    { 0x654, 0x654, 0x158 },
    { 0x660, 0x669, 0x159 },
    { 0x6BA, 0x6BA, 0x163 },
    { 0x6D4, 0x6D5, 0x164 },
    { 0x6F0, 0x6F9, 0x166 },
    { 0x1EF2, 0x1EF3, 0x170 },
    { 0x2009, 0x2009, 0x172 },
    { 0x200B, 0x2011, 0x173 },
    { 0x2013, 0x2014, 0x17A },
    { 0x2018, 0x201A, 0x17C },
    { 0x201C, 0x201E, 0x17F },
    { 0x2020, 0x2022, 0x182 },
    { 0x2026, 0x2026, 0x185 },
    { 0x202F, 0x2030, 0x186 },
    { 0x2039, 0x203A, 0x188 },
    { 0x2044, 0x2044, 0x18A },
    { 0x204F, 0x204F, 0x18B },
    { 0x20AA, 0x20AA, 0x18C },
    { 0x20AC, 0x20AC, 0x18D },
    { 0x20B9, 0x20B9, 0x18E },
    { 0x2202, 0x2202, 0x18F },
    { 0x220F, 0x220F, 0x190 },
    { 0x2211, 0x2212, 0x191 },
    { 0x2215, 0x2215, 0x193 },
    { 0x2219, 0x221A, 0x194 },
    { 0x221E, 0x221E, 0x196 },
    { 0x222B, 0x222B, 0x197 },
    { 0x2248, 0x2248, 0x198 },
    { 0x2260, 0x2260, 0x199 },
    { 0x2264, 0x2265, 0x19A },
    { 0xFB56, 0xFB59, 0x19C },
    { 0xFB66, 0xFB69, 0x1A0 },
    { 0xFB7A, 0xFB7D, 0x1A4 },
    { 0xFB88, 0xFB95, 0x1A8 },
    { 0xFB9E, 0xFB9F, 0x1B6 },
    { 0xFBA6, 0xFBB1, 0x1B8 },
    { 0xFBFC, 0xFBFF, 0x1C4 },
    { 0xFE80, 0xFEFC, 0x1C8 },
};

static const uint16_t atkinson_hn_8_regularKernLeftCodepoints[] = {
    0x0020, 0x0022, 0x0026, 0x0027, 0x0028, 0x002A, 0x002B, 0x002C, 0x002D, 0x002E, 0x002F, 0x0030,
    0x0032, 0x0033, 0x0034, 0x0035, 0x0036, 0x0037, 0x0038, 0x0039, 0x003A, 0x003B, 0x003F, 0x0040,
    0x0041, 0x0042, 0x0043, 0x0044, 0x0045, 0x0046, 0x0047, 0x0049, 0x004A, 0x004B, 0x004C, 0x004F,
    0x0050, 0x0051, 0x0052, 0x0053, 0x0054, 0x0055, 0x0056, 0x0057, 0x0058, 0x0059, 0x005A, 0x005B,
    0x005C, 0x005D, 0x0061, 0x0062, 0x0063, 0x0065, 0x0066, 0x0067, 0x0068, 0x006A, 0x006B, 0x006C,
    0x006D, 0x006E, 0x006F, 0x0070, 0x0071, 0x0072, 0x0073, 0x0074, 0x0075, 0x0076, 0x0077, 0x0078,
    0x0079, 0x007A, 0x007B, 0x007C, 0x00A1, 0x00A2, 0x00A6, 0x00AB, 0x00B0, 0x00BB, 0x00BF, 0x00C0,
    0x00C1, 0x00C2, 0x00C3, 0x00C4, 0x00C5, 0x00C6, 0x00C7, 0x00C8, 0x00C9, 0x00CA, 0x00CB, 0x00CC,
    0x00CD, 0x00CE, 0x00CF, 0x00D0, 0x00D2, 0x00D3, 0x00D4, 0x00D5, 0x00D6, 0x00D8, 0x00D9, 0x00DA,
    0x00DB, 0x00DC, 0x00DD, 0x00DE, 0x00DF, 0x00E0, 0x00E1, 0x00E2, 0x00E3, 0x00E4, 0x00E5, 0x00E6,
    0x00E7, 0x00E8, 0x00E9, 0x00EA, 0x00EB, 0x00EE, 0x00EF, 0x00F0, 0x00F1, 0x00F2, 0x00F3, 0x00F4,
    0x00F5, 0x00F6, 0x00F8, 0x00F9, 0x00FA, 0x00FB, 0x00FC, 0x00FD, 0x00FE, 0x00FF, 0x0100, 0x0101,
    0x0102, 0x0103, 0x0104, 0x0105, 0x0106, 0x0107, 0x010A, 0x010B, 0x010C, 0x010D, 0x010E, 0x010F,
    0x0110, 0x0111, 0x0112, 0x0113, 0x0116, 0x0117, 0x0118, 0x0119, 0x011A, 0x011B, 0x011E, 0x011F,
    0x0120, 0x0121, 0x0122, 0x0123, 0x0126, 0x0127, 0x012A, 0x012E, 0x012F, 0x0130, 0x0132, 0x0133,
    0x0136, 0x0137, 0x013B, 0x013C, 0x013D, 0x013E, 0x0141, 0x0142, 0x0144, 0x0146, 0x0148, 0x0150,
    0x0151, 0x0152, 0x0153, 0x0154, 0x0155, 0x0157, 0x0158, 0x0159, 0x015A, 0x015B, 0x015E, 0x015F,
    0x0160, 0x0161, 0x0162, 0x0163, 0x0164, 0x0165, 0x016A, 0x016B, 0x016E, 0x016F, 0x0170, 0x0171,
    0x0172, 0x0173, 0x0174, 0x0175, 0x0176, 0x0177, 0x0178, 0x0179, 0x017A, 0x017B, 0x017C, 0x017D,
    0x017E, 0x0218, 0x0219, 0x021A, 0x021B, 0x05D0, 0x05D1, 0x05D2, 0x05D3, 0x05D5, 0x05D6, 0x05D8,
    0x05D9, 0x05DB, 0x05DC, 0x05DE, 0x05E0, 0x05E1, 0x05E2, 0x05E4, 0x05E6, 0x05E8, 0x05E9, 0x05EA,
    0x1EF2, 0x1EF3, 0x2013, 0x2014, 0x2018, 0x2019, 0x201A, 0x201C, 0x201D, 0x201E, 0x2026, 0x2039,
    0x203A, 0xFB8C, 0xFEAD, 0xFEAE, 0xFEAF,
};

static const uint8_t atkinson_hn_8_regularKernLeftClassIds[] = {
      1,   2,   3,   2,   4,   5,   6,   7,   8,   9,  10,  11,  12,  13,  14,  15,
     16,  17,  18,  19,  20,  20,  21,  22,  23,  24,  25,  26,  27,  28,  29,  30,
     31,  32,  33,  26,  34,  35,  36,  37,  38,  31,  39,  40,  41,  42,  43,  44,
     45,  46,  47,  48,  49,  50,  51,  52,  53,  54,  55,  56,  53,  53,  48,  48,
     57,  58,  59,  60,  61,  62,  62,  63,  62,  64,  44,  54,  65,  49,  54,  66,
     67,  68,  69,  23,  23,  23,  23,  23,  23,  27,  25,  27,  27,  27,  27,  30,
     30,  30,  30,  26,  26,  26,  26,  26,  26,  26,  31,  31,  31,  31,  42,  70,
     71,  47,  47,  47,  47,  47,  47,  50,  49,  50,  50,  50,  50,  72,  73,  74,
     53,  48,  48,  48,  48,  48,  48,  61,  61,  61,  61,  62,  48,  62,  23,  47,
     23,  47,  75,  76,  25,  49,  25,  49,  25,  49,  26,  77,  26,  78,  27,  50,
     27,  50,  79,  50,  27,  50,  29,  52,  29,  52,  29,  52,  80,  53,  30,  81,
     54,  30,  31,  54,  32,  55,  33,  82,  33,  83,  33,  56,  53,  53,  53,  26,
     48,  27,  50,  36,  58,  84,  36,  58,  37,  59,  37,  59,  37,  59,  38,  85,
     38,  60,  31,  61,  31,  61,  31,  61,  31,  52,  40,  62,  42,  62,  42,  43,
     64,  43,  64,  43,  64,  37,  59,  38,  86,  87,  88,  89,  90,  91,  92,  93,
     94,  95,  96,  97,  98,  99, 100, 101, 102, 103, 104, 105,  42,  62,   8,   8,
    106, 107,   9, 106, 107,   9,   9,  66,  68, 108, 108, 108, 108,
};

static const uint16_t atkinson_hn_8_regularKernRightCodepoints[] = {
    0x0020, 0x0021, 0x0022, 0x0023, 0x0025, 0x0026, 0x0027, 0x0029, 0x002A, 0x002B, 0x002C, 0x002D,
    0x002E, 0x002F, 0x0030, 0x0031, 0x0032, 0x0033, 0x0034, 0x0035, 0x0036, 0x0037, 0x0038, 0x0039,
    0x003A, 0x003B, 0x003F, 0x0040, 0x0041, 0x0042, 0x0043, 0x0045, 0x0046, 0x0047, 0x0048, 0x0049,
    0x004A, 0x004F, 0x0051, 0x0053, 0x0054, 0x0055, 0x0056, 0x0057, 0x0058, 0x0059, 0x005A, 0x005C,
    0x005D, 0x005F, 0x0061, 0x0062, 0x0063, 0x0064, 0x0065, 0x0066, 0x0067, 0x0068, 0x0069, 0x006A,
    0x006B, 0x006C, 0x006D, 0x006E, 0x006F, 0x0070, 0x0071, 0x0072, 0x0073, 0x0074, 0x0075, 0x0076,
    0x0077, 0x0078, 0x0079, 0x007A, 0x007D, 0x00A2, 0x00A5, 0x00AB, 0x00B0, 0x00B7, 0x00BB, 0x00BF,
    0x00C0, 0x00C1, 0x00C2, 0x00C3, 0x00C4, 0x00C5, 0x00C6, 0x00C7, 0x00C8, 0x00C9, 0x00CA, 0x00CB,
    0x00CC, 0x00CD, 0x00CE, 0x00CF, 0x00D2, 0x00D3, 0x00D4, 0x00D5, 0x00D6, 0x00D8, 0x00D9, 0x00DA,
    0x00DB, 0x00DC, 0x00DD, 0x00E0, 0x00E1, 0x00E2, 0x00E3, 0x00E4, 0x00E5, 0x00E6, 0x00E7, 0x00E8,
    0x00E9, 0x00EA, 0x00EB, 0x00EC, 0x00ED, 0x00EE, 0x00EF, 0x00F0, 0x00F1, 0x00F2, 0x00F3, 0x00F4,
    0x00F5, 0x00F6, 0x00F8, 0x00F9, 0x00FA, 0x00FB, 0x00FC, 0x00FD, 0x00FE, 0x00FF, 0x0100, 0x0101,
    0x0102, 0x0103, 0x0104, 0x0105, 0x0106, 0x0107, 0x010A, 0x010B, 0x010C, 0x010D, 0x010F, 0x0111,
    0x0112, 0x0113, 0x0116, 0x0117, 0x0118, 0x0119, 0x011A, 0x011B, 0x011E, 0x011F, 0x0120, 0x0121,
    0x0122, 0x0123, 0x0127, 0x012A, 0x012B, 0x012E, 0x012F, 0x0130, 0x0131, 0x0132, 0x0133, 0x0137,
    0x013C, 0x013E, 0x0142, 0x0144, 0x0146, 0x0148, 0x014D, 0x0150, 0x0151, 0x0152, 0x0153, 0x0155,
    0x0159, 0x015A, 0x015B, 0x015E, 0x015F, 0x0160, 0x0161, 0x0162, 0x0163, 0x0164, 0x0165, 0x016A,
    0x016B, 0x016E, 0x016F, 0x0170, 0x0171, 0x0172, 0x0173, 0x0174, 0x0175, 0x0176, 0x0177, 0x0178,
    0x0179, 0x017A, 0x017B, 0x017C, 0x017D, 0x017E, 0x0218, 0x0219, 0x021A, 0x021B, 0x05D0, 0x05D1,
    0x05D2, 0x05D3, 0x05D4, 0x05D6, 0x05D7, 0x05D8, 0x05D9, 0x05DA, 0x05DB, 0x05DC, 0x05DD, 0x05DE,
    0x05E1, 0x05E2, 0x05E3, 0x05E4, 0x05E5, 0x05E7, 0x05E8, 0x05E9, 0x05EA, 0x1EF2, 0x1EF3, 0x2013,
    0x2014, 0x2018, 0x2019, 0x201A, 0x201C, 0x201D, 0x201E, 0x2022, 0x2026, 0x2030, 0x2039, 0x203A,
    0x220F, 0x2211, 0x222B, 0xFB8E, 0xFBA6, 0xFBAA, 0xFE8D, 0xFEA3, 0xFEA9, 0xFEB1, 0xFEB3, 0xFEB9,
    0xFEBB, 0xFEC1, 0xFEC3, 0xFECB, 0xFEDB, 0xFEDF, 0xFEE1, 0xFEE3, 0xFEE9, 0xFEEB,
};

static const uint8_t atkinson_hn_8_regularKernRightClassIds[] = {
      1,   2,   3,   4,   5,   6,   3,   7,   8,   9,  10,  11,  12,  13,  14,  15,
     16,  17,  18,  19,  20,  21,  22,  23,  24,  25,  26,  27,  28,  29,  30,  29,
     29,  30,  29,  31,  32,  30,  30,  33,  34,  35,  36,  37,  38,  39,  40,  41,
     42,  43,  44,  45,  46,  46,  46,  47,  48,  45,  49,  50,  45,  45,  51,  51,
     46,  52,  46,  51,  53,  54,  55,  56,  56,  57,  56,  58,  42,  46,  59,  60,
     61,  62,  63,  64,  28,  28,  28,  28,  28,  28,  65,  30,  29,  29,  29,  29,
     31,  31,  31,  31,  30,  30,  30,  30,  30,  30,  35,  35,  35,  35,  39,  44,
     44,  66,  67,  68,  44,  44,  46,  46,  46,  46,  69,  70,  49,  71,  72,  46,
     51,  46,  46,  73,  74,  75,  46,  55,  55,  55,  55,  56,  52,  56,  28,  76,
     28,  76,  28,  44,  30,  46,  30,  46,  30,  46,  46,  46,  29,  46,  29,  46,
     29,  46,  29,  46,  30,  48,  30,  48,  30,  48,  77,  31,  78,  31,  79,  31,
     49,  31,  49,  45,  45,  45,  45,  51,  51,  51,  80,  30,  46,  30,  46,  51,
     51,  33,  53,  33,  53,  33,  53,  34,  54,  34,  54,  35,  55,  35,  55,  35,
     55,  35,  55,  37,  56,  39,  56,  39,  40,  58,  40,  58,  40,  58,  33,  53,
     34,  54,  81,  82,  83,  84,  85,  86,  87,  88,  89,  90,  91,  92,  93,  94,
     95,  96,  97,  98,  99, 100, 101, 102, 103,  39,  56,  11,  11, 104, 105, 106,
    104, 105, 106,  62,  12,   5,  60,  63, 107, 107, 107, 108, 108, 108, 109, 108,
    110, 110, 110, 110, 110, 110, 110, 109, 108, 109, 108, 108, 108, 108,
};

static const uint16_t atkinson_hn_8_regularKernRowOffsets[] = {
        0,     6,    28,    35,    49,    67,    69,    89,   107,   126,   154,   156,   159,   160,   166,   172,
      174,   187,   193,   196,   206,   207,   210,   242,   253,   264,   282,   291,   308,   315,   328,   335,
      361,   380,   406,   421,   440,   454,   503,   547,   582,   605,   650,   657,   660,   673,   674,   699,
      736,   757,   773,   806,   809,   817,   818,   847,   872,   886,   918,   932,   949,   951,   985,   996,
     1007,  1012,  1019,  1021,  1032,  1063,  1072,  1074,  1077,  1080,  1083,  1116,  1142,  1179,  1180,  1190,
     1192,  1206,  1232,  1269,  1270,  1288,  1306,  1312,  1317,  1324,  1335,  1341,  1342,  1351,  1362,  1368,
     1378,  1383,  1386,  1393,  1395,  1402,  1409,  1419,  1426,  1436,  1458,  1481,  1484,
};

static const uint8_t atkinson_hn_8_regularKernSparseCols[] = {
     27,  33,  35,  36,  38,  55,  14,  17,  20,  21,  27,  31,  33,  35,  36,  43,
     45,  46,  52,  53,  65,  66,  67,  68,  72,  73,  74,  75,  32,  33,  34,  35,
     36,  38,  55,  13,  27,  29,  43,  45,  49,  65,  66,  67,  68,  72,  73,  74,
     75,   9,  11,  27,  31,  33,  43,  45,  46,  64,  65,  66,  67,  68,  72,  73,
     74,  75, 105,  14,  17,   7,  14,  27,  29,  33,  34,  35,  36,  37,  38,  45,
     49,  53,  55,  68,  72,  73,  74, 103, 104,  13,  17,  18,  27,  29,  31,  33,
     35,  36,  37,  45,  47,  53,  55,  68,  72,  73,  74,   7,  14,  27,  29,  33,
     34,  35,  36,  37,  38,  45,  53,  55,  68,  72,  73,  74, 103, 104,  12,  17,
     20,  27,  29,  31,  32,  33,  38,  43,  45,  46,  47,  50,  51,  52,  54,  55,
     56,  64,  65,  66,  67,  68,  72,  73,  74,  75,   6,  10,  16,  17,  21,  12,
      2,   8,  10,  15,  17,  22,  12,  14,  16,  18,  19,  22,  12,  14,   2,   4,
      9,  11,  12,  14,  16,  17,  20,  21,  41,  60, 105,   2,  12,  14,  15,  20,
     22,  12,  15,  17,  27,  33,  35,  36,  38,  45,  68,  72,  73,  74,  27,  33,
     38,  53,   0,   1,   2,   6,   7,   9,  10,  11,  12,  25,  27,  29,  32,  33,
     34,  35,  36,  37,  38,  40,  45,  46,  53,  54,  55,  68,  72,  73,  74, 103,
    104, 105,   7,  12,  35,  36,  37,  38,  45,  68,  72,  73,  74,  27,  29,  33,
     36,  37,  39,  45,  68,  72,  73,  74,   6,   9,  10,  11,  12,  25,  27,  30,
     33,  35,  36,  37,  38,  39,  40,  57,  64, 105,  29,  32,  33,  45,  55,  68,
     72,  73,  74,   9,  11,  12,  27,  29,  31,  43,  64,  65,  66,  67,  69,  70,
     71,  75,  77, 105,   7,  25,  33,  35,  36,  38, 104,  29,  43,  45,  47,  55,
     65,  66,  67,  68,  72,  73,  74,  75,   9,  11,  12,  27,  47,  64, 105,   0,
     25,  27,  29,  34,  35,  36,  37,  38,  45,  47,  48,  54,  55,  59,  62,  68,
     69,  70,  71,  72,  73,  74,  77,  78, 104,   2,   7,  25,  27,  29,  32,  33,
     34,  35,  36,  38,  45,  59,  68,  72,  73,  74, 103, 104,   0,   9,  11,  12,
     27,  31,  33,  35,  37,  38,  45,  48,  55,  59,  64,  68,  69,  70,  71,  72,
     73,  74,  77,  78, 103, 105,   6,  10,  12,  25,  27,  30,  33,  35,  36,  37,
     38,  39,  40,  57,  64,  10,  27,  29,  31,  33,  34,  37,  38,  43,  45,  64,
     65,  66,  67,  68,  72,  73,  74,  75,  10,  12,  25,  27,  31,  33,  35,  36,
     38,  51,  53,  55,  64, 103,   0,   2,   5,   7,   9,  10,  11,  12,  23,  24,
     25,  26,  27,  29,  31,  32,  33,  35,  36,  37,  38,  40,  43,  45,  47,  50,
     51,  52,  54,  55,  56,  57,  59,  64,  65,  66,  67,  68,  69,  70,  71,  72,
     73,  74,  75,  76,  77, 104, 105,   0,   2,   5,   9,  10,  11,  12,  23,  24,
     26,  27,  29,  31,  33,  35,  37,  38,  43,  45,  47,  48,  50,  51,  52,  54,
     55,  56,  59,  62,  64,  65,  66,  67,  68,  69,  70,  71,  72,  73,  74,  75,
     77,  78, 105,   0,   2,   5,   9,  10,  11,  12,  23,  24,  27,  29,  31,  32,
     33,  36,  38,  43,  45,  47,  54,  59,  64,  65,  66,  67,  68,  69,  70,  71,
     72,  73,  74,  75,  77, 105,   9,  10,  11,  25,  27,  29,  33,  35,  38,  43,
     45,  55,  59,  65,  66,  67,  68,  72,  73,  74,  75, 103, 105,   0,   5,   9,
     11,  12,  23,  24,  25,  26,  27,  29,  31,  32,  33,  35,  36,  37,  38,  40,
     43,  45,  47,  50,  51,  52,  54,  55,  56,  57,  59,  62,  64,  65,  66,  67,
     68,  69,  70,  71,  72,  73,  74,  75,  77, 105,  29,  45,  59,  68,  72,  73,
     74,  17,  20,  49,  29,  33,  34,  36,  38,  48,  49,  55,  69,  70,  71,  77,
     78,  49,   2,   6,  10,  25,  33,  38,  40,  45,  46,  48,  52,  53,  54,  55,
     68,  69,  70,  71,  72,  73,  74,  77,  78, 103, 104,   2,   6,   9,  10,  11,
     23,  24,  25,  27,  33,  35,  36,  37,  38,  40,  45,  46,  48,  52,  53,  55,
     56,  57,  59,  62,  68,  69,  70,  71,  72,  73,  74,  77,  78, 103, 104, 105,
      2,   6,  25,  33,  40,  44,  45,  46,  48,  53,  68,  69,  70,  71,  72,  73,
     74,  76,  77,  78, 104,   2,  12,  25,  26,  33,  35,  36,  38,  40,  46,  47,
     53,  55,  57, 103, 104,   2,   7,   9,  10,  11,  12,  25,  26,  43,  45,  46,
     47,  48,  52,  53,  55,  56,  65,  66,  67,  68,  69,  70,  71,  72,  73,  74,
     75,  77,  78, 103, 104, 105,  33,  40,  49,  25,  33,  40,  46,  53,  55, 103,
    104,  49,   5,   9,  10,  11,  23,  24,  26,  33,  43,  45,  48,  53,  55,  56,
     59,  65,  66,  67,  68,  69,  70,  71,  72,  73,  74,  75,  77,  78, 105,   9,
     11,  40,  43,  44,  45,  47,  48,  53,  55,  65,  66,  67,  68,  69,  70,  71,
     72,  73,  74,  75,  76,  77,  78, 105,   6,   9,  12,  24,  33,  40,  41,  42,
     49,  55,  63,  78, 105, 106,   0,   2,   9,  11,  43,  44,  45,  46,  47,  48,
     50,  51,  53,  54,  55,  65,  66,  67,  68,  69,  70,  71,  72,  73,  74,  75,
     76,  77,  78, 103, 104, 105,   2,  25,  33,  40,  45,  46,  53,  55,  56,  68,
     72,  73,  74, 103,   2,  10,  25,  45,  48,  55,  57,  68,  69,  70,  71,  72,
     73,  74,  77,  78, 104,  33,  40,   0,   9,  10,  11,  12,  27,  33,  35,  37,
     38,  40,  43,  45,  46,  47,  48,  52,  53,  55,  65,  66,  67,  68,  69,  70,
     71,  72,  73,  74,  75,  77,  78, 103, 105,  33,  35,  38,  45,  46,  47,  56,
     68,  72,  73,  74,  10,  33,  38,  45,  46,  53,  55,  68,  72,  73,  74,  33,
     35,  36,  38,  49,  35,  38,  45,  68,  72,  73,  74,  14,  20,  33,  35,  36,
     37,  38,  39,  45,  68,  72,  73,  74,  28,  29,  31,  33,  34,  35,  36,  38,
     43,  45,  46,  47,  48,  50,  54,  55,  65,  66,  67,  68,  69,  70,  71,  72,
     73,  74,  75,  77,  78, 103, 104,   6,  10,  12,  25,  27,  35,  37,  40,  64,
     40,  55,   2,  25,  60,  44,  58,  76,   9,  11, 105,   0,   1,   2,   6,   7,
      9,  10,  11,  12,  25,  27,  29,  32,  33,  34,  35,  36,  37,  38,  40,  45,
     46,  49,  53,  54,  55,  68,  72,  73,  74, 103, 104, 105,   2,   6,  10,  25,
     33,  38,  40,  45,  46,  48,  49,  52,  53,  54,  55,  68,  69,  70,  71,  72,
     73,  74,  77,  78, 103, 104,   2,   3,   5,   6,   9,  10,  11,  12,  26,  40,
     41,  42,  43,  45,  46,  47,  49,  50,  51,  52,  54,  56,  57,  58,  59,  61,
     62,  65,  66,  67,  68,  72,  73,  74,  75, 104, 105,  25,  29,  32,  33,  45,
     49,  55,  68,  72,  73,  74,  70,  76,  29,  43,  45,  47,  49,  55,  65,  66,
     67,  68,  72,  73,  74,  75,   9,  11,  40,  43,  44,  45,  47,  48,  49,  53,
     55,  65,  66,  67,  68,  69,  70,  71,  72,  73,  74,  75,  76,  77,  78, 105,
      2,   3,   5,   6,   7,   9,  10,  11,  12,  26,  40,  41,  42,  43,  45,  46,
     47,  50,  51,  52,  53,  54,  57,  58,  59,  61,  62,  65,  66,  67,  68,  72,
     73,  74,  75, 103, 105,  79,   2,  10,  25,  45,  48,  49,  55,  57,  68,  69,
     70,  71,  72,  73,  74,  77,  78, 104,   2,  10,  25,  45,  48,  49,  55,  57,
     68,  69,  70,  71,  72,  73,  74,  77,  78, 104,  88,  90,  91,  97,  99, 101,
     83,  89,  94,  97, 100,  81,  87,  88,  90,  91,  93,  97,  81,  84,  87,  89,
     90,  92,  93,  94,  96,  97, 100,  81,  87,  92,  94,  97, 100,  81,  83,  87,
     89,  90,  96,  97,  98,  99, 100,  81,  84,  86,  87,  90,  92,  93,  94,  97,
    100, 102,  87,  90,  93,  94,  96,  97,  81,  82,  87,  89,  90,  94,  96,  97,
    101, 102,  90,  92,  93,  94,  97,  87,  88,  90,  87,  89,  91,  94,  96,  97,
    100,  87,  94,  89,  90,  91,  94,  96,  97, 101,  80,  81,  83,  88,  92,  94,
     97,  81,  87,  89,  90,  93,  94,  96,  97, 100, 102,  81,  87,  90,  92,  94,
     97, 100,  83,  85,  88,  90,  91,  93,  94,  95,  97, 101,   9,  11,  27,  31,
     33,  43,  45,  46,  52,  53,  55,  63,  64,  65,  66,  67,  68,  72,  73,  74,
     75, 105,   9,  11,  27,  29,  31,  33,  43,  45,  46,  47,  50,  52,  63,  64,
     65,  66,  67,  68,  72,  73,  74,  75, 105, 107, 108, 109,
};

static const int8_t atkinson_hn_8_regularKernSparseValues[] = {
      -3,   -5,   -5,   -5,   -8,   -3,    5,  -11,   11,   -5,  -13,  -35,    8,    5,    5,   -3,
      -8,    8,   -5,    8,   -3,   -3,   -3,   -8,   -8,   -8,   -8,   -3,   -8,  -16,   -8,  -13,
      -8,  -19,   -8,   -5,   -5,   -5,   -5,  -11,   16,   -5,   -5,   -5,  -11,  -11,  -11,  -11,
      -5,  -16,  -16,  -19,  -19,    5,   -5,   -5,    8,  -29,   -5,   -5,   -5,   -5,   -5,   -5,
      -5,   -5,  -16,   -8,    5,  -16,   -8,    3,   -8,  -19,  -11,  -11,   -8,    3,  -16,   -3,
       5,   -5,  -11,   -3,   -3,   -3,   -3,  -11,  -13,    5,   11,    3,   -3,    3,   11,  -11,
      -8,   -4,   -5,    3,    5,   -3,   -3,    3,    3,    3,    3,  -16,   -8,    3,   -8,  -19,
     -11,  -11,   -8,    3,  -16,   -3,   -5,  -11,   -3,   -3,   -3,   -3,  -11,  -13,  -27,  -13,
      13,  -13,  -11,  -29,   -8,   11,    5,  -13,  -16,    3,  -11,   -8,   -8,  -13,  -11,   -5,
     -11,  -15,  -13,  -13,  -13,  -16,  -16,  -16,  -16,  -13,   -5,    5,   -3,   -8,   -3,   -8,
     -11,    5,    5,   -5,    3,   -8,   -8,   -5,   -5,   -3,   -1,   -3,   -8,   -5,   11,    8,
      -8,   -8,  -13,    5,    3,  -13,    8,   -5,    3,   13,   -8,   -5,   -3,   -5,   -3,   -3,
      -8,  -13,   -5,   -3,    3,   -8,   -5,   -3,   -8,   -1,   -1,   -1,   -1,   -1,  -13,  -11,
      -8,   -8,   -3,   -3,  -13,   -5,  -19,    3,   -3,    3,    3,  -13,    5,   -5,   -4,  -13,
      -8,  -11,   -8,    5,  -13,  -13,   -3,   -3,   -5,   -4,   -8,   -3,   -3,   -3,   -3,  -19,
     -19,    3,   -5,   -5,   -3,   -3,   -5,   -5,    2,    2,    2,    2,    2,   -3,   -6,    5,
       3,   -3,    3,    1,    1,    1,    1,    1,   -5,   -8,    3,   -8,  -11,  -11,   -5,   -8,
      -5,   -5,   -3,   -8,   -8,   -8,  -11,   -3,   -8,   -8,   -7,   -2,    3,   -2,   -3,   -2,
      -2,   -2,   -2,  -16,  -16,  -19,  -13,   -2,  -16,   -3,  -21,   -3,   -3,   -3,    5,    8,
       8,   -3,    8,  -16,   -5,  -11,   -5,   -5,   -3,   -8,   -5,   -8,   -3,   -8,   -5,   -5,
      -3,   -3,   -3,   -8,   -8,   -8,   -8,   -3,  -11,  -11,   -8,   -8,   -3,   -8,  -11,   -5,
      -8,    5,  -10,   -8,   -3,   -5,    5,   -1,   -8,   -8,   -5,   -7,  -11,  -11,   -5,   -8,
      -5,   -5,   -5,   -8,   -8,   -8,   -5,   -5,   -5,  -24,  -19,  -16,    2,   -8,   -3,  -19,
      -5,  -19,  -13,  -21,   -1,  -11,   -1,   -1,   -1,   -1,  -35,  -29,   -8,  -16,  -16,  -16,
     -13,  -24,    3,    3,   -5,   -1,   -3,    5,    5,   -5,  -24,   -3,    5,    5,    5,   -3,
      -3,   -3,    5,    5,    3,  -16,   -5,    3,   -8,  -11,    5,   -8,   -5,   -5,   -3,    1,
      -8,   -7,  -11,   -3,    5,   -8,    1,   -3,   -3,   -1,   -3,    1,   -3,   -1,   -3,   -3,
      -1,   -1,   -1,   -3,   -3,   -3,   -3,   -1,    5,   -5,   -5,   -3,    1,   -4,   -3,   -2,
      -7,   -2,   -6,   -5,   -9,   -5,   -5,    8,  -11,    5,  -19,  -11,  -19,  -27,   -8,   -8,
       5,  -11,  -13,   -8,  -24,   -4,    5,    5,    5,    3,    8,   11,  -19,  -21,  -19,   -8,
     -11,  -11,  -11,   -5,  -13,  -11,  -21,  -21,  -27,  -27,  -29,  -21,   11,   16,   16,  -35,
     -32,  -35,  -29,    8,   13,    8,  -19,   -5,    5,   -5,   -8,   -8,   -8,  -13,   -5,   -5,
      -3,  -11,   -5,  -13,    5,    5,    1,    8,   -6,   -8,   -5,    6,   -8,   -8,   -5,   -5,
      -3,   -3,  -11,   -5,  -19,   -7,  -10,  -10,   -8,    6,   16,   18,   -8,   -8,   -8,   -6,
      13,    6,   -8,   -5,    5,   -5,   -8,   -4,   -8,   -8,   -5,   -5,   -8,   -3,  -11,   -1,
       5,    2,    6,   -1,   -6,   -5,   -3,   -8,  -16,   -1,   -1,   -1,   -6,    8,   11,   11,
      -6,   -6,   -6,   -1,   11,   -8,    3,   -5,    3,   -3,    5,   -8,    3,    1,    4,   -3,
      -8,   -3,   -8,   -3,   -3,   -3,   -8,   -8,   -8,   -8,   -3,   -5,    3,   -8,  -13,  -16,
     -16,  -27,   -8,   -8,   -3,   -8,  -13,   -8,  -21,   -3,    8,    8,    6,    4,   11,    5,
     -14,  -16,  -16,  -11,  -13,  -11,  -11,   -5,   -5,   -8,  -19,  -11,  -32,  -14,  -20,  -23,
     -29,    8,    8,   11,  -16,  -16,  -29,  -14,   11,  -16,  -10,   -7,   -8,   -7,   -7,   -7,
      -7,   -5,    8,   19,  -11,  -27,   -8,   -8,  -27,   -3,   19,   -8,   -3,   -3,   -3,   -3,
      -3,    3,  -11,   -5,   -3,  -13,  -13,   -5,  -13,   -2,   -2,   -2,   -3,   -2,   -2,   -2,
      -2,   -2,   -2,   -2,   -2,   -2,   -2,   -2,   -2,   -8,   -8,   -3,   -5,   -3,    3,   -3,
      -1,   -1,  -11,   -3,  -21,   -8,   -6,   -8,  -16,  -16,    1,   -3,   -1,   -2,   -3,   -2,
      -5,   -5,   -5,   -5,    1,   -1,   -1,   -1,    1,    1,    1,   -1,   -1,   -8,   -3,   -3,
       3,   -5,   -5,  -17,   -5,    5,   -3,    5,    2,    5,   -3,    2,    2,    2,   -3,   -3,
      -3,    5,    2,    2,    3,   -8,   -5,  -11,    3,  -21,   -8,   -6,  -16,  -13,   -1,    1,
      -1,   -1,   -4,   -3,   -3,    8,   11,  -11,   -8,  -11,   -8,    3,   -5,   -4,   -8,    2,
      -6,    3,   -4,    2,    3,   -1,   -4,   -4,   -4,   -8,    3,   11,   13,   -8,   -8,   -8,
      -4,   13,    3,    5,   13,  -11,   -8,   -8,    5,   -8,  -13,  -12,   -1,   -5,   -4,   -8,
      -8,    5,   -5,   -1,   -8,   -1,   -1,   -1,   -8,  -13,   -2,   -6,   -3,   -3,    1,    6,
      -5,   -2,   -2,   -2,   -6,   -3,   -3,   -3,   -6,   -6,   -6,   -2,   -3,   -3,   -1,    3,
       3,   -5,    4,   -1,   -1,   -1,    2,   -1,   -2,    4,    4,    4,   -1,    2,    2,    2,
      -1,   -1,   -1,    4,   -1,    2,    2,    3,   19,   11,   19,   11,   -8,   -8,   21,   21,
      35,    8,   13,   16,    4,    5,   -5,   13,  -19,  -19,   -3,    3,   -3,    8,   -3,    8,
       3,    3,    7,    3,    5,   -3,   -3,   -3,   -3,    8,    8,    8,   -3,   -3,   -3,   -3,
       3,    8,    8,    8,   11,  -19,   -5,  -11,  -11,   -7,   -1,    1,   -1,   -2,   -2,   -1,
      -1,   -1,   -1,   -8,    5,   -3,   -3,   -3,    2,    2,   -1,   -3,    2,    2,    2,   -3,
      -3,   -3,    2,    2,    5,   -8,   -8,   -3,   -8,   -3,   -8,   -8,   -8,   -5,   -3,   -3,
      -5,   -5,   -2,   -2,    6,   -2,    5,   -1,    2,    7,   -2,   -2,   -2,   -2,    5,    5,
       5,   -2,   -2,   -2,   -2,    5,    5,    5,   -8,  -13,   -3,   -5,   -5,    1,   -3,    7,
      -5,   -5,   -5,   -5,   -4,  -11,   -8,   -5,    3,    3,    3,   -5,   -5,   -5,   -5,   -8,
      -8,   -5,  -13,   11,   -5,  -11,   -5,   -5,   -5,   -5,   -5,    8,   13,  -21,  -11,   -8,
      -8,  -19,   -8,   -5,   -5,   -5,   -5,   -5,   -8,  -13,   -8,  -19,   -5,   -8,  -11,  -19,
      -3,  -11,   -5,   -5,   -8,   -5,   -5,  -11,   -3,   -3,   -3,  -11,   -8,   -8,   -8,  -11,
     -11,  -11,   -3,   -8,   -8,   -5,   -5,  -13,    3,   -8,   -5,   -3,   -8,  -11,   -3,  -13,
      -5,   -1,    5,    5,    5,    3,    8,    3,   -5,   -5,   -5,   -3,   -3,  -13,   -5,  -19,
       3,   -3,    3,    3,  -13,    5,   -5,   -4,  -13,   -8,  -11,   -8,    5,  -13,  -13,   -3,
      -3,   19,   -5,   -4,   -8,   -3,   -3,   -3,   -3,  -19,  -19,    3,  -11,   -5,   -3,  -13,
     -13,   -5,  -13,   -2,   -2,   -2,    9,   -3,   -2,   -2,   -2,   -2,   -2,   -2,   -2,   -2,
      -2,   -2,   -2,   -2,   -8,   -8,    3,   -9,  -16,    1,  -19,  -16,  -19,  -19,  -13,    8,
       1,  -19,   -8,  -13,   -3,  -11,   -5,   -5,   -5,   -8,   -5,   -3,   -3,    8,  -19,  -19,
     -19,   -8,   -8,   -8,  -13,  -13,  -13,  -13,   -8,    3,  -19,    5,   -7,   -2,    3,   -2,
      11,   -3,   -2,   -2,   -2,   -2,    8,    8,   -8,   -3,   -8,   -5,    7,   -5,   -3,   -3,
      -3,   -8,   -8,   -8,   -8,   -3,    3,    3,   -5,    4,   -1,   -1,   -1,    2,   11,   -1,
      -2,    4,    4,    4,   -1,    2,    2,    2,   -1,   -1,   -1,    4,   -1,    2,    2,    3,
       3,   -8,  -15,    1,   -8,  -15,  -15,  -15,  -15,  -12,    8,    1,  -15,   -9,  -15,   -3,
     -11,   -5,   -3,  -11,   -3,   -8,   -7,    8,  -15,  -15,  -15,   -9,   -9,   -9,  -15,  -15,
     -15,  -15,   -9,   -7,  -15,   -5,    5,   -3,   -3,   -3,    2,   13,    2,   -1,   -3,    2,
       2,    2,   -3,   -3,   -3,    2,    2,    5,    5,   -3,   -3,   -3,    2,   12,    2,   -1,
      -3,    2,    2,    2,   -3,   -3,   -3,    2,    2,    5,   -5,   -2,   -2,   -5,   -3,   -5,
      -3,   -5,   -9,   -9,   -7,    1,   -5,   -9,   -3,   -4,   -6,   -7,  -11,   -5,   -5,  -13,
     -10,   -7,   -3,   -9,  -13,  -10,  -10,   -2,   -4,   -3,   -2,   -5,   -3,   -5,   -3,   -5,
      -5,   -2,   -3,   -6,   -5,   -5,   -3,  -17,   -5,   -2,   -2,   -2,   -8,   -2,   -2,   -6,
      -5,   -5,   -5,   -3,   -4,   -4,   -7,   -7,  -11,   -1,   -5,   -8,   -7,   -5,  -10,   -4,
       5,   -2,   -5,   -3,   -5,   -6,   -7,   -4,   -4,   -7,   -1,   -8,   -1,   -1,   -8,   -3,
      -3,   -2,   -7,   -2,   -5,   -2,   -2,   -7,   -1,   -2,   -3,   -7,   -5,   -5,   -7,   -9,
      -7,  -11,   -5,   -4,   -5,   -2,   -3,   -8,   -3,   -5,   -6,   -6,   -1,   -6,   -2,   -3,
      -2,   -2,  -12,  -13,   -4,   -5,   -1,   -9,  -11,  -11,   -7,   -5,  -16,  -16,  -19,  -21,
       5,   -5,  -13,    8,  -11,    8,    5,  -16,  -29,   -5,   -5,   -5,  -13,  -13,  -13,  -13,
      -5,  -16,  -16,  -16,  -19,  -13,  -37,    8,   -8,  -11,    5,  -13,   -5,  -16,  -16,  -29,
      -8,   -8,   -8,  -11,  -11,  -11,  -11,   -8,  -16,  -11,   -7,   -8,
};

static const EpdFontData atkinson_hn_8_regular = {
    atkinson_hn_8_regularBitmaps,
    atkinson_hn_8_regularGlyphs,
    atkinson_hn_8_regularIntervals,
    70,
    20,
    14,
    -5,
    false,
    nullptr,
    0,
    nullptr,
    nullptr,  // kernLeftClasses: built-in fonts use the split arrays below
    nullptr,  // kernRightClasses
    atkinson_hn_8_regularKernLeftCodepoints,
    atkinson_hn_8_regularKernLeftClassIds,
    atkinson_hn_8_regularKernRightCodepoints,
    atkinson_hn_8_regularKernRightClassIds,
    nullptr,  // kernMatrix: built-in fonts use the sparse form below
    atkinson_hn_8_regularKernRowOffsets,
    atkinson_hn_8_regularKernSparseCols,
    atkinson_hn_8_regularKernSparseValues,
    269,
    286,
    108,
    110,
    nullptr,
    0,
};
