/**
 * generated by fontconvert.py
 * name: atkinson_hn_18_bolditalic
 * size: 18
 * mode: 2-bit  compressed: true
 * Command used: fontconvert.py atkinson_hn_18_bolditalic 18 ../builtinFonts/source/AtkinsonHyperlegibleNext/AtkinsonHyperlegibleNext-BoldItalic.otf ../builtinFonts/source/NotoSansHebrew/NotoSansHebrew-Regular.ttf ../builtinFonts/source/NotoSansArabic/NotoSansArabic-Regular.ttf --2bit --compress --pnum --zopfli
 */
#pragma once
#include "EpdFontData.h"

static const uint8_t atkinson_hn_18_bolditalicBitmaps[15550] = {
    0x8C, 0x56, 0x81, 0xA6, 0xE6, 0xC6, 0x1F, 0xFD, 0x7D, 0x5F, 0x10, 0xFE, 0x1F, 0xFF, 0x80, 0x42,
    0x8B, 0x14, 0xC0, 0x42, 0x1E, 0x61, 0xD2, 0x45, 0x9F, 0xA3, 0x6F, 0x32, 0xD9, 0xF6, 0x05, 0xEE,
    0x23, 0x14, 0xA0, 0xB7, 0xD8, 0x27, 0xE8, 0x26, 0xDD, 0xA2, 0x28, 0x9A, 0x85, 0x42, 0x61, 0xD8,
    0x55, 0xB4, 0xE8, 0xA8, 0xA1, 0x59, 0x26, 0x39, 0xCD, 0x39, 0x23, 0xBE, 0xFB, 0xED, 0x5D, 0xDB,
    0xE6, 0x66, 0x4E, 0xBE, 0x64, 0x66, 0xCE, 0xEF, 0x97, 0xF3, 0x3B, 0x33, 0xB9, 0xD6, 0x80, 0x67,
    0xBB, 0x59, 0x97, 0xCD, 0x95, 0x73, 0x31, 0x9F, 0x6C, 0x8C, 0x3C, 0x31, 0x1B, 0x26, 0x9D, 0xBD,
    0xC1, 0x78, 0x7E, 0x63, 0xE5, 0xA8, 0xA3, 0xB5, 0xD9, 0x1C, 0xCA, 0xC9, 0xDF, 0x75, 0xDA, 0x71,
    0x0C, 0xDD, 0x82, 0xA9, 0x8B, 0x98, 0x5C, 0x69, 0xBD, 0x7B, 0x05, 0x73, 0x2F, 0x61, 0xFE, 0xE5,
    0x66, 0xFE, 0xCB, 0x95, 0x73, 0x31, 0x35, 0x79, 0xBF, 0x9C, 0x31, 0x74, 0xCB, 0x7E, 0xAD, 0x60,
    0x2E, 0x92, 0x12, 0xE6, 0x79, 0x6D, 0x56, 0x43, 0x30, 0x73, 0xE0, 0x11, 0xCB, 0x15, 0xC1, 0x3C,
    0x2F, 0x4C, 0xE5, 0xE6, 0xDA, 0x9B, 0x61, 0x6E, 0xDE, 0xA5, 0xCD, 0xA2, 0xED, 0x5D, 0xBA, 0xD2,
    0xB7, 0x85, 0xEE, 0x5F, 0x69, 0xCD, 0xC7, 0x1A, 0xA2, 0x0B, 0x37, 0xB4, 0x27, 0x4C, 0x37, 0xB4,
    0x4C, 0x74, 0x12, 0x0E, 0xC4, 0xAE, 0x37, 0xC6, 0x78, 0xC3, 0xF8, 0x80, 0x59, 0x03, 0x60, 0x36,
    0xA7, 0x50, 0xD8, 0x80, 0x7C, 0x42, 0xC8, 0x7E, 0x39, 0x63, 0xCA, 0x6D, 0x5F, 0x61, 0x5A, 0xC8,
    0xF4, 0x2A, 0x69, 0x78, 0x64, 0x14, 0x90, 0xD4, 0x03, 0x83, 0x52, 0x5D, 0x0E, 0x1E, 0xDE, 0x4C,
    0xA2, 0x9B, 0x77, 0xFC, 0x11, 0x81, 0x01, 0x11, 0xCE, 0xB1, 0xED, 0x11, 0x5C, 0xEA, 0x0C, 0xB3,
    0xDB, 0xDC, 0x4E, 0xD8, 0x02, 0x23, 0xFA, 0x1A, 0xC0, 0x46, 0x36, 0x32, 0x7C, 0xA2, 0x49, 0xC6,
    0x9F, 0x66, 0x99, 0x70, 0x4A, 0xC4, 0x33, 0x03, 0xB2, 0xC8, 0x3A, 0x2A, 0x4E, 0xA0, 0x44, 0x8D,
    0x22, 0x29, 0xEB, 0x1D, 0xCE, 0xE8, 0xCD, 0xBF, 0x1D, 0xA3, 0x5D, 0xC8, 0x37, 0xB5, 0xC9, 0xDA,
    0x45, 0x62, 0x2C, 0xAA, 0x12, 0x86, 0x26, 0x9F, 0x30, 0x95, 0x1F, 0x15, 0xAC, 0x74, 0x35, 0x59,
    0xC4, 0x3E, 0x52, 0x71, 0xF2, 0x04, 0x0E, 0x21, 0xF3, 0x0F, 0x78, 0x8A, 0xD9, 0x6A, 0xA0, 0x59,
    0x5B, 0x64, 0xB3, 0x71, 0xE9, 0x92, 0x83, 0x84, 0x1E, 0x03, 0xF4, 0xDA, 0x27, 0x3C, 0xC3, 0x2B,
    0x8E, 0xAF, 0x51, 0xC1, 0x3C, 0xDF, 0x37, 0x57, 0x9B, 0xB9, 0xC0, 0xEC, 0xAA, 0x75, 0x07, 0x06,
    0xD1, 0x13, 0x16, 0xB5, 0x8C, 0xD9, 0x23, 0x9E, 0xF0, 0x1B, 0x26, 0x63, 0x51, 0xE4, 0x87, 0x71,
    0x56, 0x64, 0xFA, 0x80, 0x91, 0xF5, 0xF2, 0x24, 0x9F, 0xE5, 0x8D, 0xA0, 0x62, 0x61, 0x55, 0x60,
    0x40, 0x3D, 0x60, 0xD0, 0x0A, 0xDF, 0x73, 0x08, 0x4D, 0xC8, 0xCB, 0x56, 0x2E, 0xB0, 0xD2, 0x77,
    0x2A, 0x97, 0x9F, 0x21, 0x12, 0xAC, 0x65, 0x5E, 0x2C, 0xF5, 0xE9, 0x9F, 0xDC, 0x19, 0x65, 0x1F,
    0x67, 0xCA, 0x4F, 0x21, 0xF0, 0x27, 0x5E, 0x62, 0x70, 0x5B, 0x85, 0xD7, 0x30, 0xBF, 0x9C, 0xD8,
    0x4B, 0x23, 0x20, 0xF3, 0xE2, 0x10, 0x79, 0x69, 0xE9, 0xBA, 0xAC, 0xCB, 0x88, 0x6F, 0x81, 0x50,
    0x3C, 0xA9, 0x42, 0x70, 0x64, 0x05, 0xAC, 0x6E, 0x63, 0xB6, 0x77, 0x8C, 0x93, 0xBB, 0xA5, 0x8B,
    0x8E, 0x7F, 0xB3, 0x9B, 0xFC, 0xE4, 0x07, 0xDB, 0x99, 0x8D, 0x44, 0x15, 0x26, 0xBB, 0x40, 0x0B,
    0x87, 0x0B, 0xB8, 0xD4, 0x27, 0x18, 0x73, 0xAE, 0x30, 0x58, 0xCD, 0xAE, 0x8D, 0x6A, 0x92, 0xC5,
    0xB8, 0xD2, 0xA5, 0x96, 0x8B, 0x6A, 0x1A, 0xCE, 0x36, 0xB2, 0x05, 0xB6, 0xEB, 0x33, 0x77, 0x6D,
    0x9A, 0xD3, 0x2D, 0xE2, 0x20, 0x97, 0xC2, 0x29, 0x88, 0x1D, 0x8D, 0x33, 0xDD, 0xFB, 0x66, 0x69,
    0x26, 0x1B, 0xEF, 0xD9, 0x1E, 0x67, 0xC0, 0xCA, 0x60, 0x26, 0x0F, 0x2B, 0xC7, 0x65, 0x76, 0xBC,
    0xD3, 0x91, 0x30, 0x5F, 0xF5, 0x78, 0xA7, 0x06, 0x7A, 0x55, 0xE5, 0x6C, 0xF5, 0x0E, 0x97, 0xBD,
    0x35, 0xC1, 0x5C, 0x33, 0x9B, 0xC7, 0xAF, 0x71, 0x04, 0x62, 0x53, 0xD6, 0x5E, 0x5F, 0x51, 0x52,
    0xCA, 0xFE, 0x7A, 0x31, 0xF7, 0x55, 0xB6, 0xFF, 0x1B, 0x3D, 0xA1, 0xF5, 0x9A, 0xE4, 0x86, 0x48,
    0x74, 0x0F, 0x31, 0x10, 0xFD, 0x4C, 0x1C, 0x27, 0xB3, 0x27, 0xF7, 0xF8, 0xFD, 0xBE, 0x54, 0xC7,
    0xBC, 0x90, 0xB0, 0x11, 0x69, 0x05, 0xD9, 0xFF, 0xC0, 0x95, 0x58, 0x67, 0x62, 0xF3, 0x10, 0x19,
    0xF3, 0x9C, 0x58, 0x88, 0x0E, 0xE6, 0x40, 0x6C, 0xC0, 0x81, 0xD5, 0xC2, 0xE4, 0xF7, 0xBC, 0xDD,
    0x60, 0xDE, 0x78, 0x7C, 0x7C, 0x7F, 0x7F, 0xC7, 0x35, 0xB8, 0xB7, 0x89, 0x6D, 0xDC, 0x5B, 0x13,
    0xDC, 0x32, 0x66, 0xAC, 0x63, 0x76, 0xB9, 0x09, 0x87, 0xA1, 0x59, 0x7A, 0x86, 0x83, 0x42, 0x08,
    0xDB, 0x4C, 0x74, 0x0C, 0x27, 0x75, 0xA8, 0x2C, 0x43, 0x73, 0xA0, 0x54, 0x35, 0xE9, 0x5A, 0x94,
    0x95, 0x88, 0xC4, 0x44, 0x44, 0x2C, 0x05, 0x7D, 0x97, 0x77, 0xFB, 0x8F, 0xBC, 0xCD, 0x23, 0x5E,
    0x7F, 0xE5, 0xA5, 0xD0, 0x1C, 0x55, 0x69, 0xA7, 0x6B, 0x29, 0x9C, 0xB4, 0x34, 0xC3, 0xDB, 0x16,
    0x53, 0x85, 0xB0, 0xC7, 0xBC, 0x20, 0x72, 0xDF, 0x45, 0x32, 0x44, 0x6E, 0x13, 0x63, 0x74, 0x9B,
    0x70, 0xC1, 0x8E, 0x3E, 0x12, 0xF7, 0xBB, 0x01, 0x11, 0xD1, 0x4D, 0x3B, 0x86, 0x76, 0x46, 0xD8,
    0x67, 0x44, 0xCC, 0x98, 0x2F, 0x7F, 0x61, 0x22, 0x0D, 0xF1, 0x0C, 0xF4, 0x24, 0xE3, 0x0C, 0xC3,
    0xAA, 0xAF, 0x5A, 0x36, 0x87, 0xA7, 0x65, 0x7D, 0x95, 0xBD, 0x08, 0x3D, 0x57, 0x71, 0xD6, 0x2A,
    0x1E, 0x94, 0x2F, 0x8D, 0x2C, 0x87, 0x7D, 0x34, 0xA2, 0x77, 0x2C, 0x37, 0x19, 0x54, 0xF0, 0xAD,
    0xBC, 0x5A, 0x73, 0xAC, 0x20, 0xB6, 0xE2, 0xE7, 0xB2, 0x7A, 0x6E, 0x3D, 0x4C, 0x19, 0xCF, 0x85,
    0x4A, 0xEA, 0x54, 0x28, 0xBA, 0x13, 0xA9, 0x1B, 0x00, 0x53, 0x0A, 0x93, 0xD2, 0xE1, 0xA6, 0xF0,
    0x19, 0x12, 0x19, 0x5D, 0xB6, 0x3A, 0x1E, 0x75, 0x79, 0x2C, 0x3A, 0xB1, 0x52, 0xED, 0x1B, 0xE5,
    0xEC, 0xA0, 0xA2, 0x65, 0x31, 0xB3, 0xD3, 0x95, 0xBD, 0x74, 0xD5, 0x88, 0xC8, 0x89, 0xE8, 0x19,
    0x8A, 0x24, 0x6E, 0xF7, 0xF1, 0x07, 0x8C, 0x6C, 0x1D, 0xE7, 0x56, 0xFA, 0xDD, 0x4A, 0x1E, 0x2F,
    0xA9, 0x90, 0x6B, 0x44, 0x1A, 0x8E, 0xBB, 0xD6, 0xC4, 0x4C, 0x6E, 0xF3, 0x61, 0x17, 0xC3, 0x4F,
    0x8C, 0x00, 0x23, 0xEA, 0x43, 0x80, 0x49, 0xE1, 0x53, 0xC9, 0x50, 0x16, 0xD8, 0xAE, 0x4E, 0xA5,
    0x1C, 0x5F, 0x10, 0x5B, 0x96, 0x84, 0xEF, 0xDA, 0x6E, 0xF4, 0x08, 0xB2, 0x24, 0x49, 0x4C, 0x44,
    0x8A, 0x02, 0x87, 0x6C, 0x32, 0x5C, 0x2C, 0x77, 0x4A, 0x77, 0x56, 0x80, 0x89, 0xFC, 0xC4, 0x9A,
    0xC8, 0xD4, 0x07, 0x46, 0x57, 0x79, 0xFF, 0x06, 0xDF, 0xE8, 0x27, 0x30, 0x6A, 0xD9, 0x35, 0x58,
    0x45, 0xC4, 0x26, 0xD3, 0xE4, 0x6D, 0x2E, 0xA1, 0x8B, 0x26, 0xD1, 0x0B, 0x47, 0x21, 0x01, 0x81,
    0xA0, 0x28, 0x25, 0xBC, 0x7E, 0xB2, 0xB6, 0x57, 0xE7, 0x97, 0x80, 0xAA, 0xE0, 0x15, 0xBD, 0x52,
    0xA7, 0xDA, 0x03, 0xDD, 0x70, 0x5D, 0x56, 0xBD, 0xB0, 0x5B, 0x6F, 0x8B, 0x4F, 0xCC, 0x34, 0xE1,
    0xB8, 0x5A, 0x9D, 0xA5, 0xD2, 0xA7, 0x45, 0xA5, 0x47, 0x38, 0x68, 0x0B, 0x99, 0x99, 0x33, 0xFF,
    0x47, 0xCB, 0xE6, 0xD6, 0x0A, 0xC9, 0x3A, 0x06, 0x14, 0xCF, 0x70, 0x7C, 0xA0, 0x5A, 0xDC, 0x1D,
    0xAB, 0x8E, 0x8F, 0x12, 0xE7, 0xB3, 0xC3, 0xA1, 0xAC, 0xBA, 0x06, 0x2C, 0x5C, 0x35, 0xD3, 0xA3,
    0x94, 0xF4, 0x66, 0xB1, 0x7B, 0x5A, 0x5B, 0x6C, 0xC4, 0x60, 0x1E, 0x64, 0x18, 0xF1, 0x0C, 0xD9,
    0x90, 0x19, 0x1D, 0xC9, 0xDA, 0xD5, 0x10, 0x39, 0x85, 0xA1, 0x57, 0x62, 0x2B, 0xEC, 0x98, 0x9B,
    0x54, 0x8D, 0x1C, 0xE6, 0xB6, 0x9A, 0xC6, 0x01, 0xF4, 0x9D, 0x02, 0x54, 0xAD, 0xE5, 0x6A, 0x37,
    0x2A, 0x7C, 0x21, 0x4E, 0xCD, 0x03, 0xFC, 0xDF, 0xFD, 0xFD, 0x73, 0x25, 0xD6, 0xE2, 0xBA, 0x14,
    0x34, 0xED, 0x84, 0x58, 0x94, 0x97, 0x24, 0xBD, 0x88, 0xB4, 0x7A, 0xCB, 0x90, 0xA4, 0x4E, 0x0E,
    0xA9, 0x1F, 0x0C, 0x71, 0xEF, 0x1F, 0x42, 0xD3, 0x32, 0x84, 0x86, 0x6C, 0xEA, 0xCC, 0xC4, 0x43,
    0x0F, 0x8F, 0x50, 0xD2, 0x25, 0x1B, 0x32, 0xD9, 0x9E, 0xEB, 0x5B, 0x5A, 0x81, 0x5F, 0x0E, 0xA2,
    0x3B, 0x90, 0xDF, 0xEA, 0x74, 0xE1, 0xDA, 0xD9, 0xC6, 0x4C, 0x52, 0xC6, 0x61, 0x7D, 0x39, 0x95,
    0x72, 0x69, 0x95, 0x39, 0x0C, 0x23, 0xCC, 0x67, 0xE6, 0x35, 0xB2, 0x6B, 0xE0, 0x27, 0x5C, 0x58,
    0xA3, 0x97, 0x19, 0x54, 0x56, 0xEC, 0xE7, 0x1F, 0x58, 0x55, 0xD9, 0x2C, 0xDD, 0x22, 0x13, 0x41,
    0xCF, 0xD4, 0xDE, 0x48, 0x86, 0xA4, 0x20, 0x5C, 0x01, 0x98, 0xCE, 0x1C, 0xA0, 0x38, 0xE4, 0xCD,
    0x6D, 0xB6, 0x2E, 0xBB, 0x64, 0x4D, 0x76, 0xF1, 0x1D, 0x60, 0x07, 0xFF, 0xC7, 0xEF, 0xF0, 0x39,
    0xA2, 0xF6, 0x42, 0x4E, 0x1B, 0x48, 0xA0, 0x95, 0x4B, 0xB7, 0x24, 0xD2, 0x07, 0x89, 0xCC, 0x57,
    0x3E, 0xF4, 0x47, 0x62, 0x67, 0x38, 0x94, 0xF5, 0x3D, 0x0D, 0x84, 0xA8, 0x53, 0x1B, 0x84, 0xEF,
    0xED, 0xD1, 0xD1, 0x04, 0x99, 0x35, 0x1B, 0x56, 0xA2, 0x5B, 0xF8, 0xC4, 0xDA, 0x7D, 0x70, 0xA2,
    0xD8, 0xE5, 0xF4, 0x89, 0x4F, 0x1E, 0x1D, 0xD5, 0xC2, 0xE8, 0xFA, 0x62, 0xF6, 0x1F, 0xF8, 0x62,
    0xF2, 0x38, 0x4F, 0xC4, 0x8E, 0x58, 0xCB, 0x37, 0xA3, 0xA4, 0x2A, 0x76, 0x23, 0xAA, 0x1E, 0x67,
    0x6D, 0xE4, 0xAE, 0xEC, 0x10, 0x48, 0x1C, 0x56, 0xAA, 0x8E, 0x5E, 0x53, 0x16, 0x19, 0x46, 0xF3,
    0x81, 0x5C, 0x6E, 0xE6, 0x07, 0xFF, 0xEC, 0x5D, 0x3F, 0xBD, 0xDC, 0x09, 0x79, 0x33, 0x15, 0x07,
    0xC7, 0x82, 0x17, 0x61, 0x43, 0x0C, 0xBB, 0x83, 0xB9, 0xFE, 0x75, 0x94, 0xDF, 0x9D, 0x9C, 0xED,
    0x88, 0xBD, 0xD0, 0x0A, 0xDA, 0xD7, 0x1A, 0xB4, 0x09, 0x11, 0x84, 0x9B, 0x22, 0xE9, 0x06, 0x58,
    0x65, 0x48, 0xC5, 0x1D, 0x75, 0x53, 0x76, 0x3A, 0x73, 0xC2, 0x96, 0x78, 0x06, 0x91, 0xBB, 0xDE,
    0xC3, 0x37, 0xED, 0xC4, 0xE0, 0x38, 0x87, 0xCE, 0x23, 0xF2, 0x15, 0x55, 0xA8, 0x12, 0x56, 0x64,
    0xC5, 0xA8, 0x43, 0xCD, 0xE4, 0x69, 0xD3, 0xEC, 0xF0, 0x0B, 0x36, 0x6E, 0xC9, 0xA8, 0xE5, 0x48,
    0x2B, 0xE0, 0x36, 0x06, 0xCA, 0xE4, 0xD2, 0xFE, 0x3C, 0x5B, 0xC3, 0x80, 0x1D, 0x09, 0x1C, 0x98,
    0x1D, 0x25, 0x45, 0x24, 0xDC, 0x94, 0xF3, 0x54, 0x92, 0xEE, 0xC9, 0x33, 0x3D, 0x04, 0x3D, 0x53,
    0x2F, 0x99, 0x75, 0xF5, 0x28, 0xD6, 0x03, 0x03, 0xB5, 0xAB, 0x86, 0xF8, 0x99, 0x5F, 0xE7, 0x93,
    0x12, 0x89, 0x55, 0xA6, 0x35, 0x52, 0x13, 0xCF, 0x58, 0xCE, 0xB9, 0xE5, 0x86, 0x61, 0xD9, 0x0D,
    0x1E, 0xB0, 0xD5, 0x19, 0xEE, 0x60, 0x2F, 0x7C, 0xB5, 0xD9, 0x66, 0x2F, 0xB6, 0x7D, 0x68, 0xB6,
    0xEF, 0xD6, 0x3A, 0x9F, 0xB2, 0xE5, 0x5C, 0x2F, 0xBC, 0xDF, 0xEF, 0xAA, 0x5C, 0xA5, 0xB5, 0x5A,
    0xDB, 0xB5, 0x89, 0x63, 0xD9, 0x80, 0xBC, 0x61, 0xE3, 0x37, 0x7F, 0x70, 0xA9, 0x5D, 0xAC, 0x9B,
    0x4F, 0xB2, 0xEE, 0x3F, 0xB5, 0x5A, 0x31, 0xD0, 0xDC, 0x48, 0xD1, 0xDD, 0x95, 0xEE, 0x6E, 0x83,
    0x0D, 0x94, 0xFC, 0x7F, 0xD5, 0x15, 0x04, 0xCA, 0x9D, 0x28, 0x21, 0x1F, 0x95, 0x09, 0x2E, 0x20,
    0x38, 0x27, 0x26, 0x71, 0xE0, 0x3C, 0x22, 0x8F, 0x46, 0x55, 0x04, 0x04, 0x17, 0x40, 0x40, 0x5E,
    0x17, 0x90, 0x11, 0x38, 0x21, 0x46, 0x8B, 0xC9, 0xCB, 0x02, 0x38, 0x52, 0x0B, 0xAA, 0x48, 0x2E,
    0xB1, 0xC0, 0x4B, 0x95, 0x6C, 0xCF, 0xA8, 0xD1, 0x7B, 0xEF, 0x9B, 0x6F, 0x56, 0x5F, 0xED, 0x87,
    0xCF, 0xDC, 0xE1, 0x9A, 0xEB, 0x16, 0xAC, 0x2D, 0xF5, 0xBC, 0xE9, 0xE9, 0xEE, 0x7E, 0x33, 0xEA,
    0x91, 0xB0, 0xB3, 0x15, 0x37, 0x0A, 0x81, 0x6E, 0xF2, 0x32, 0x15, 0x0D, 0xDF, 0x7F, 0x93, 0x50,
    0xE4, 0x8C, 0x2B, 0xA9, 0x46, 0xCB, 0xE8, 0x4C, 0x69, 0x92, 0x6A, 0x4F, 0xC5, 0x12, 0x88, 0xEB,
    0xE9, 0xA0, 0xAA, 0x85, 0x2B, 0xE2, 0x82, 0x0B, 0x50, 0x73, 0x03, 0x65, 0x53, 0x1D, 0xE8, 0x68,
    0x75, 0xE4, 0x26, 0x44, 0xCE, 0x3A, 0x5A, 0xCB, 0x32, 0xDE, 0x30, 0x92, 0xE3, 0x78, 0x29, 0xF5,
    0xC2, 0x85, 0x54, 0x69, 0x5F, 0x23, 0x74, 0x22, 0xEE, 0xB1, 0x31, 0xE4, 0x1B, 0x5C, 0xA4, 0xEA,
    0x83, 0xCA, 0x87, 0x46, 0x3E, 0xA5, 0xE0, 0x4E, 0x15, 0xF4, 0xB2, 0x05, 0x3B, 0xE2, 0xD7, 0x66,
    0x5C, 0xC5, 0x5A, 0xAA, 0x32, 0x7A, 0xA5, 0x12, 0x06, 0x14, 0x72, 0x9F, 0x0F, 0x72, 0xFC, 0xB3,
    0xD4, 0x20, 0x45, 0x58, 0x14, 0xE8, 0x1F, 0x3F, 0x31, 0xFD, 0xD3, 0x7E, 0x4E, 0xF5, 0x7A, 0xB5,
    0x50, 0x61, 0x8A, 0x9E, 0x49, 0x64, 0x6F, 0x73, 0xEA, 0x7A, 0xA8, 0x94, 0x68, 0xD8, 0x11, 0xD1,
    0x40, 0x93, 0x7D, 0xA9, 0x7E, 0x61, 0xA4, 0x23, 0x80, 0x00, 0x92, 0x8E, 0x9A, 0x21, 0x60, 0xF1,
    0x80, 0x5C, 0x78, 0x58, 0xB8, 0x16, 0xC5, 0x2F, 0x54, 0x22, 0x11, 0x32, 0x2D, 0x09, 0x95, 0x8B,
    0x52, 0xE1, 0xC3, 0x14, 0xFD, 0xFB, 0x53, 0xE5, 0x53, 0x87, 0xC4, 0x3D, 0xC2, 0x78, 0xED, 0x77,
    0x5A, 0xC4, 0x2E, 0x28, 0x35, 0xED, 0x2A, 0x7A, 0xFA, 0x45, 0xDF, 0x45, 0x26, 0xE6, 0x04, 0x33,
    0xE4, 0x5E, 0xC6, 0xF7, 0x82, 0x1C, 0xD1, 0xD3, 0xDA, 0xDB, 0xAE, 0x70, 0x44, 0x80, 0xDD, 0x13,
    0xD3, 0x13, 0xB0, 0x2E, 0x10, 0x66, 0xB7, 0xAA, 0xC3, 0x32, 0x62, 0x67, 0xB0, 0x6C, 0x96, 0x93,
    0x10, 0x7D, 0xAA, 0x4A, 0xBE, 0xD2, 0x98, 0xB0, 0x8E, 0xAC, 0x2A, 0x2D, 0x6C, 0xB0, 0x3E, 0x25,
    0xE4, 0x7A, 0x4B, 0x99, 0x2A, 0x99, 0x6B, 0x98, 0x23, 0xD4, 0x5D, 0x3F, 0xD3, 0xB2, 0x68, 0x83,
    0x67, 0x35, 0xE6, 0x0E, 0x5B, 0x65, 0x91, 0x96, 0x68, 0x90, 0x3A, 0xDD, 0xAA, 0x03, 0x15, 0x31,
    0xEB, 0x6E, 0x57, 0x25, 0xA9, 0x85, 0xAA, 0xD9, 0x42, 0x7E, 0xDD, 0x06, 0x1A, 0x9A, 0x6B, 0x56,
    0xE3, 0xC4, 0xB2, 0xF4, 0xA4, 0x3F, 0x34, 0x2B, 0x99, 0x28, 0x99, 0x83, 0x77, 0x2A, 0xDE, 0x24,
    0x09, 0x06, 0x25, 0x03, 0xA0, 0xB5, 0x30, 0x10, 0xBB, 0x4C, 0x32, 0x5B, 0xD7, 0xE0, 0x7B, 0x57,
    0x4A, 0x73, 0x7F, 0xDE, 0x16, 0xC4, 0x5B, 0x87, 0x15, 0x0C, 0x4C, 0xD6, 0xB4, 0x3C, 0x3B, 0x2C,
    0x2A, 0x3E, 0x38, 0x6C, 0x39, 0x2B, 0x78, 0xB4, 0xEF, 0x71, 0x58, 0x92, 0x41, 0xD8, 0x3F, 0x54,
    0x8C, 0x43, 0x9E, 0xAA, 0x5B, 0xD5, 0x83, 0x67, 0xD6, 0xBA, 0xC0, 0xBA, 0x05, 0xAA, 0x32, 0x06,
    0xEB, 0xDA, 0xE4, 0xB0, 0x8B, 0x1C, 0x36, 0x66, 0x72, 0x81, 0x6A, 0x47, 0x45, 0x84, 0xBF, 0x60,
    0x6E, 0x9F, 0xD3, 0x22, 0xD4, 0xF0, 0x19, 0x3C, 0x52, 0x39, 0x66, 0x68, 0x15, 0x9D, 0x9C, 0xB5,
    0x4D, 0x98, 0x36, 0x55, 0x3F, 0x11, 0x59, 0x16, 0x00, 0x50, 0xC4, 0x96, 0x7D, 0x18, 0x71, 0xDD,
    0xA8, 0x03, 0x55, 0x77, 0xA4, 0x6A, 0x2B, 0xA3, 0xB9, 0x72, 0x58, 0x71, 0x14, 0x74, 0x58, 0x3C,
    0xBA, 0xAD, 0x0D, 0xF3, 0x7D, 0x36, 0x4C, 0x4C, 0xD1, 0xB3, 0xB6, 0x5C, 0x43, 0xE7, 0x86, 0xC8,
    0x89, 0x88, 0x82, 0x16, 0xD2, 0xBE, 0x42, 0xFE, 0x98, 0x45, 0xA7, 0x1C, 0xA4, 0x7A, 0xAF, 0xCA,
    0x62, 0x49, 0x4D, 0xAF, 0x4B, 0x22, 0xBD, 0x3D, 0x8B, 0x31, 0xFB, 0xEC, 0xFB, 0xDD, 0xE2, 0xFD,
    0x7E, 0x28, 0xD9, 0xA5, 0x4C, 0x49, 0x93, 0x64, 0xCE, 0x6F, 0x58, 0xF5, 0x9F, 0x85, 0x08, 0x47,
    0x44, 0x2D, 0xDC, 0xD8, 0xAB, 0xD4, 0xCF, 0x72, 0x45, 0x5B, 0xD5, 0x0A, 0x4C, 0x42, 0x32, 0xAC,
    0x60, 0xB1, 0xCE, 0xD6, 0x90, 0x1E, 0xD3, 0x71, 0xD5, 0x16, 0x98, 0x05, 0xCF, 0x43, 0x23, 0xA4,
    0x55, 0x73, 0x46, 0xCB, 0x8C, 0x69, 0xE7, 0x4F, 0x36, 0xC1, 0xB6, 0x97, 0x44, 0x88, 0x3E, 0x0B,
    0x15, 0xA5, 0x4C, 0xB9, 0x4F, 0x98, 0x99, 0x12, 0xF9, 0x6B, 0x1B, 0xA0, 0x4E, 0x36, 0x41, 0x21,
    0xE2, 0x5F, 0x78, 0x4E, 0xB3, 0x50, 0x31, 0x07, 0xCC, 0xAC, 0xB8, 0x3D, 0x92, 0x06, 0x1B, 0xC9,
    0x82, 0x5C, 0x98, 0x2A, 0xCB, 0x26, 0xA3, 0x3D, 0x13, 0x3E, 0xA2, 0xF7, 0x2D, 0x97, 0x11, 0x46,
    0xE7, 0x17, 0x33, 0x40, 0x50, 0x78, 0x08, 0xC6, 0x08, 0x85, 0xC4, 0x86, 0x4E, 0x63, 0x83, 0x32,
    0x36, 0xA6, 0x85, 0x07, 0x16, 0x55, 0x9E, 0x01, 0x9E, 0x49, 0x69, 0xC2, 0x94, 0x5B, 0xB2, 0xB5,
    0x15, 0xF7, 0xF0, 0xAB, 0xD5, 0xE9, 0xDE, 0xE1, 0xE1, 0xE5, 0x79, 0xE7, 0x5E, 0x21, 0x41, 0xBE,
    0x98, 0x77, 0xFD, 0x8B, 0x65, 0x57, 0xE0, 0xC1, 0x7E, 0x1E, 0xC1, 0x1A, 0x86, 0xC2, 0x6A, 0x6C,
    0xB9, 0x2F, 0x42, 0xB9, 0x34, 0x78, 0xF8, 0x51, 0xA8, 0x02, 0x23, 0xF2, 0x21, 0x54, 0x33, 0x31,
    0x39, 0x04, 0x37, 0x39, 0xBC, 0xB4, 0x0C, 0x6E, 0xF0, 0x68, 0xAA, 0xCA, 0x00, 0x38, 0xC9, 0x81,
    0xB2, 0x2D, 0x68, 0x42, 0x69, 0x06, 0x00, 0xDC, 0xFA, 0x10, 0xF7, 0x30, 0x70, 0x2E, 0x2D, 0x14,
    0xE4, 0x3E, 0x0B, 0x9B, 0x80, 0x83, 0x9F, 0xF8, 0xD0, 0xAD, 0xB0, 0xED, 0xED, 0x54, 0xC2, 0x52,
    0x3C, 0x1C, 0x4C, 0xCD, 0x16, 0xC1, 0x71, 0xE8, 0x3A, 0x93, 0x66, 0x34, 0x62, 0xF3, 0x86, 0xC9,
    0xD1, 0xDF, 0x09, 0x06, 0x35, 0xB8, 0x08, 0x4C, 0x11, 0xDB, 0x0F, 0x13, 0x8B, 0x20, 0x3B, 0x0A,
    0xF4, 0xD2, 0x1E, 0x80, 0xFC, 0xDE, 0x76, 0x3D, 0xF4, 0x4F, 0xAD, 0x35, 0xE8, 0x87, 0xE0, 0x5D,
    0x48, 0x99, 0xFE, 0x4E, 0x84, 0xA4, 0xFD, 0x51, 0x9F, 0xF2, 0xAF, 0xF5, 0x29, 0xF7, 0xDA, 0x3A,
    0xF0, 0x27, 0xEE, 0x1D, 0x4A, 0x46, 0x46, 0x33, 0x39, 0x06, 0xF5, 0x4C, 0x8D, 0x4F, 0x1C, 0xE0,
    0x70, 0xFC, 0x04, 0xCC, 0x9A, 0xE8, 0xC3, 0x72, 0x12, 0x6E, 0xAE, 0x4F, 0x8C, 0x05, 0x97, 0x4F,
    0x91, 0x55, 0x5D, 0x59, 0xCE, 0x10, 0x9D, 0x22, 0xEB, 0x89, 0x91, 0xD5, 0x26, 0x96, 0x02, 0x36,
    0xB1, 0xD8, 0x84, 0x62, 0x1D, 0xD7, 0x40, 0xF5, 0xB3, 0x8B, 0x52, 0x21, 0x2B, 0x3B, 0x6F, 0xD4,
    0x04, 0xB5, 0x97, 0x2A, 0x6D, 0x74, 0x91, 0x29, 0xD6, 0x19, 0xE9, 0x97, 0x9A, 0x69, 0x32, 0x45,
    0xD6, 0x83, 0x31, 0xEF, 0x14, 0x96, 0x13, 0x7C, 0x7B, 0x13, 0x9C, 0x52, 0x37, 0x72, 0x59, 0x76,
    0x0D, 0x52, 0x73, 0x2E, 0xBB, 0x34, 0x07, 0xC0, 0xCF, 0x85, 0xC3, 0x17, 0xB0, 0xDE, 0x47, 0xEB,
    0x54, 0x76, 0xB5, 0x05, 0xF1, 0xA4, 0xC7, 0x3B, 0x28, 0x66, 0x40, 0xAA, 0xC0, 0xAF, 0xD3, 0x3D,
    0x89, 0x00, 0x09, 0x94, 0x9C, 0x5B, 0xE3, 0x26, 0xB7, 0x6E, 0xD5, 0x4C, 0xE5, 0xCF, 0x54, 0xFD,
    0x26, 0xB1, 0xFF, 0x8F, 0xB0, 0xFE, 0x58, 0xAA, 0x6E, 0x09, 0x72, 0x7F, 0xA2, 0xB2, 0x89, 0x20,
    0xFB, 0xB7, 0x54, 0x8D, 0x11, 0xEB, 0x8A, 0xDD, 0x12, 0x37, 0x1F, 0xB0, 0xB6, 0x2D, 0xD6, 0x88,
    0x6E, 0xD9, 0x16, 0x62, 0x63, 0x6F, 0x6C, 0x24, 0xD6, 0xFE, 0xA4, 0x29, 0x6B, 0x1A, 0x1F, 0x11,
    0xF9, 0xE5, 0x6A, 0xC1, 0x6B, 0x17, 0xC8, 0x93, 0x07, 0x24, 0x8A, 0x44, 0xFE, 0x40, 0xE4, 0xF1,
    0xBF, 0x2E, 0x90, 0xF7, 0x57, 0x91, 0x1F, 0x85, 0x7C, 0x4B, 0x74, 0x18, 0x0B, 0xD5, 0x3A, 0x83,
    0xF7, 0x27, 0xF2, 0xEC, 0x90, 0x36, 0x21, 0x91, 0x1E, 0x4F, 0xE4, 0x8F, 0xDC, 0xB1, 0x7C, 0x3B,
    0x62, 0x4E, 0x6E, 0x35, 0xF3, 0x59, 0xD2, 0x29, 0x9D, 0x25, 0xD9, 0x33, 0x63, 0xE6, 0xEB, 0xB9,
    0xF3, 0x9B, 0x0E, 0xFF, 0xE8, 0x23, 0x31, 0x82, 0x29, 0x7D, 0xAB, 0x4F, 0xBC, 0x9D, 0x2F, 0xD8,
    0x71, 0x98, 0x9B, 0x99, 0x34, 0x58, 0x46, 0xF2, 0x8C, 0x3E, 0xAD, 0x94, 0xF4, 0xC9, 0x04, 0xE9,
    0x03, 0xC2, 0xAB, 0x33, 0x38, 0x79, 0x63, 0x0B, 0x73, 0xB4, 0x99, 0x66, 0x3C, 0xA7, 0x6A, 0xE6,
    0x00, 0xA7, 0xA8, 0xC9, 0x1C, 0x36, 0x44, 0xC2, 0x11, 0x88, 0x4B, 0xF9, 0x1D, 0x26, 0x3F, 0xCA,
    0x2D, 0x11, 0x7D, 0x7F, 0xB6, 0x4D, 0xF8, 0x26, 0x35, 0xE3, 0xFF, 0xC7, 0xD0, 0x81, 0x26, 0x8D,
    0xB0, 0x0B, 0x35, 0xAE, 0x03, 0xD6, 0xAC, 0x03, 0xE6, 0xAC, 0x03, 0x96, 0x94, 0x97, 0xAA, 0x5B,
    0x07, 0x4C, 0x82, 0x55, 0x47, 0xC3, 0x50, 0x0B, 0x96, 0xD5, 0x42, 0xD5, 0x04, 0x2A, 0x07, 0xD5,
    0x22, 0x03, 0x1E, 0x6D, 0xC0, 0x52, 0x96, 0x72, 0x8F, 0x62, 0xDB, 0x21, 0x34, 0x26, 0x2A, 0x4B,
    0x44, 0x04, 0xB7, 0x2A, 0xAD, 0x6D, 0x22, 0x54, 0x9A, 0x82, 0x9D, 0xA5, 0x26, 0x28, 0x98, 0xD3,
    0x04, 0x52, 0x2F, 0xA2, 0x2D, 0xA1, 0x6A, 0xD1, 0xD2, 0x2E, 0x50, 0xF1, 0x45, 0x72, 0xB9, 0xCA,
    0x8A, 0x0B, 0x3F, 0x3C, 0xDA, 0x51, 0x69, 0xBB, 0x5A, 0xA8, 0x74, 0x94, 0x69, 0x7E, 0xA6, 0xB2,
    0x49, 0x6A, 0x90, 0x12, 0xBB, 0x69, 0xAD, 0xD4, 0x2E, 0xB3, 0xB7, 0xA4, 0xDF, 0x18, 0xA2, 0x6B,
    0xEE, 0x85, 0xF5, 0x81, 0xAE, 0xD2, 0xEA, 0xA1, 0x32, 0xFC, 0xD4, 0xA3, 0x92, 0xC3, 0x83, 0xA1,
    0x96, 0x63, 0x6E, 0xE2, 0xD4, 0xDC, 0xB9, 0x34, 0x66, 0x0E, 0x77, 0x3E, 0x20, 0x91, 0xE1, 0xA1,
    0x5A, 0x6C, 0xC7, 0xFC, 0x55, 0xBF, 0xA5, 0x9D, 0x6E, 0x72, 0xFF, 0x5C, 0x1F, 0x5A, 0x3C, 0xFC,
    0x8D, 0x26, 0xBB, 0xA9, 0x7F, 0x6E, 0x55, 0xC4, 0x83, 0x3D, 0x37, 0xAC, 0xFD, 0xFA, 0x37, 0x1E,
    0x1A, 0x31, 0x7A, 0x6D, 0x85, 0xF1, 0x08, 0xE9, 0x5D, 0x2C, 0xAC, 0x1F, 0x01, 0x6A, 0x40, 0xC2,
    0xC6, 0xC3, 0xBC, 0xD7, 0x03, 0x1B, 0xAB, 0xDD, 0xE6, 0xE1, 0x44, 0x72, 0x5C, 0x0F, 0x41, 0xE4,
    0xDF, 0xDE, 0xCE, 0x7C, 0x10, 0xB5, 0x28, 0x56, 0xB0, 0xE4, 0xDA, 0x8D, 0x64, 0x29, 0x0A, 0x96,
    0x7B, 0x02, 0xC0, 0x98, 0x2C, 0x82, 0xE8, 0x43, 0xB7, 0xDC, 0x54, 0x5A, 0xE6, 0x88, 0x17, 0x19,
    0x56, 0xBE, 0x40, 0x50, 0x95, 0xA6, 0xFD, 0x25, 0xB3, 0xB8, 0x05, 0xA9, 0xF8, 0x16, 0xFD, 0x4E,
    0x5D, 0x49, 0xB3, 0xA4, 0x87, 0x36, 0xE9, 0xD2, 0x5E, 0xDB, 0xC4, 0x9F, 0xFF, 0x40, 0xDD, 0x58,
    0xAB, 0xCF, 0x47, 0xF4, 0xCF, 0xDC, 0xEF, 0x8E, 0x4D, 0xDF, 0x08, 0xE3, 0x19, 0xBD, 0x2A, 0x85,
    0x28, 0xBA, 0x89, 0x58, 0xC8, 0x8E, 0x9B, 0x41, 0xED, 0x80, 0x05, 0x2E, 0x1D, 0x93, 0x4B, 0x8B,
    0x59, 0x1E, 0x19, 0x59, 0x33, 0x41, 0x30, 0xD0, 0x6E, 0x7D, 0x36, 0x59, 0xE1, 0x65, 0x9C, 0x48,
    0x24, 0x72, 0x3D, 0x34, 0x69, 0x94, 0x3A, 0x65, 0xB2, 0xF4, 0x7A, 0x4B, 0x57, 0xFF, 0xA7, 0xEC,
    0xB3, 0x49, 0x3B, 0x55, 0x3E, 0xFF, 0xE4, 0x8C, 0x14, 0xF7, 0x36, 0x8A, 0x99, 0x54, 0x88, 0x06,
    0x7D, 0x78, 0x92, 0x51, 0xDF, 0xFA, 0xA7, 0x52, 0x3F, 0x55, 0xE9, 0x27, 0x9A, 0xB2, 0xE5, 0x26,
    0x7A, 0x11, 0x1D, 0x90, 0xE9, 0xCC, 0x41, 0x2B, 0x5B, 0x4A, 0xA0, 0x29, 0xE7, 0xFE, 0x22, 0x5D,
    0x47, 0xF6, 0x30, 0x8B, 0x39, 0x1D, 0x38, 0x36, 0x74, 0x9C, 0x2C, 0xC6, 0x74, 0xD6, 0x48, 0x6B,
    0x24, 0xF8, 0xF6, 0x0E, 0xF6, 0xD2, 0xB2, 0x24, 0xDE, 0xF3, 0x76, 0xCC, 0xA0, 0x81, 0x70, 0x14,
    0x8C, 0xD8, 0x23, 0xC0, 0xC5, 0xAE, 0xBB, 0x1C, 0x3C, 0x68, 0x6A, 0x66, 0x04, 0x10, 0x84, 0x92,
    0xDB, 0x11, 0x31, 0x8E, 0x0B, 0x96, 0xF3, 0x00, 0x37, 0xB9, 0x1C, 0x6D, 0x61, 0xDD, 0x3A, 0xF6,
    0x76, 0x5A, 0x07, 0x2C, 0xBC, 0x32, 0x7D, 0x18, 0xDC, 0xDE, 0x63, 0xF5, 0x07, 0xC3, 0xD1, 0x67,
    0x38, 0x28, 0x78, 0xAC, 0xD5, 0xDE, 0x87, 0xC9, 0x95, 0xE9, 0xCB, 0x4F, 0xE7, 0xE4, 0x6D, 0x6A,
    0x6D, 0xA2, 0x36, 0x9D, 0x76, 0x5C, 0xB3, 0x80, 0x5A, 0xFC, 0x07, 0xB2, 0xFD, 0x80, 0x78, 0xDF,
    0x91, 0x4B, 0xF1, 0x23, 0x8A, 0xD4, 0x09, 0x28, 0x4D, 0xEB, 0xD1, 0xFE, 0xF7, 0xBE, 0x64, 0x02,
    0xAE, 0x21, 0x5C, 0x12, 0xED, 0x83, 0x95, 0xCF, 0xBD, 0x39, 0x32, 0xAC, 0x47, 0x5C, 0x7E, 0xD9,
    0x21, 0x48, 0xE9, 0x52, 0x48, 0xBF, 0x28, 0x04, 0x4C, 0xDC, 0xD0, 0x21, 0x51, 0x2B, 0x36, 0xB2,
    0xE1, 0xED, 0x74, 0x52, 0x9C, 0xE5, 0xBE, 0x4F, 0x35, 0x0C, 0x93, 0x05, 0xD2, 0xC9, 0xDB, 0xA7,
    0x11, 0x1B, 0x15, 0x76, 0x70, 0x89, 0x5C, 0x1A, 0x3C, 0xF0, 0xD1, 0xBE, 0xE7, 0x91, 0x02, 0x24,
    0x3E, 0xE5, 0xD4, 0x43, 0x29, 0x3F, 0xE6, 0x9E, 0x34, 0xC5, 0xEB, 0x84, 0xEE, 0x36, 0x21, 0xFF,
    0x95, 0xAD, 0xDF, 0x4B, 0x0B, 0x64, 0xC8, 0x8D, 0x39, 0x0A, 0xF9, 0x2E, 0xFE, 0x24, 0x1D, 0xC8,
    0x92, 0x7F, 0x1A, 0x0E, 0x08, 0x8C, 0xE3, 0xD1, 0x38, 0x85, 0x05, 0xF9, 0xB2, 0x8A, 0x94, 0x01,
    0x49, 0xB3, 0x66, 0x6A, 0x6A, 0x22, 0xCA, 0x25, 0xC7, 0x5C, 0xE8, 0x34, 0xEC, 0xAB, 0x5B, 0x32,
    0xC6, 0xDE, 0xF1, 0x3C, 0xEC, 0xB9, 0xB2, 0x0A, 0xD3, 0x4E, 0xA1, 0x3A, 0xCC, 0x14, 0x66, 0x4A,
    0xD1, 0xE6, 0x7F, 0x07, 0xFD, 0xBC, 0x73, 0xC3, 0x3A, 0xD3, 0x4F, 0xF5, 0xD7, 0xFA, 0x4D, 0xEF,
    0xB7, 0x15, 0xFC, 0x81, 0xF3, 0x9E, 0x77, 0x7E, 0x79, 0x62, 0x1D, 0x57, 0xA6, 0x02, 0x84, 0xE2,
    0x58, 0x3D, 0x3F, 0x77, 0xA7, 0x96, 0x58, 0x28, 0x2F, 0x51, 0x92, 0x9C, 0x31, 0x49, 0xF6, 0x60,
    0xC1, 0xF3, 0x04, 0x0F, 0xC4, 0x86, 0x98, 0xFD, 0x37, 0xDE, 0xC6, 0x03, 0x7C, 0x63, 0xA8, 0xAC,
    0x25, 0xA7, 0xAA, 0x29, 0x43, 0x32, 0x33, 0x77, 0x94, 0xAD, 0x03, 0x91, 0xA3, 0x12, 0x20, 0x4B,
    0xB7, 0x00, 0x0D, 0x9D, 0xE4, 0x88, 0x80, 0x51, 0xD1, 0xA8, 0xFA, 0xF5, 0xF3, 0x90, 0x96, 0x49,
    0x49, 0xA8, 0x31, 0x4B, 0x91, 0x97, 0x98, 0xA0, 0x95, 0xEF, 0x67, 0xE4, 0x79, 0x3A, 0x03, 0xE5,
    0x04, 0x7F, 0xEF, 0xFF, 0xF5, 0xF8, 0x49, 0xA4, 0x81, 0x97, 0x32, 0x88, 0x77, 0x97, 0x24, 0x3C,
    0x84, 0xFB, 0x07, 0x80, 0xFA, 0xC7, 0x3A, 0x1A, 0x60, 0x45, 0x9B, 0xCF, 0xBE, 0x75, 0x0A, 0x47,
    0xA7, 0x2D, 0x61, 0x1E, 0x53, 0x04, 0xAC, 0x7E, 0xB4, 0x3D, 0xDF, 0x16, 0xEB, 0xE1, 0x50, 0x98,
    0x83, 0x2E, 0xB7, 0x54, 0x2D, 0xE5, 0x33, 0xEE, 0x83, 0x09, 0xE9, 0xEA, 0xDA, 0x85, 0x13, 0xBE,
    0x2A, 0x5F, 0xF7, 0x50, 0x09, 0x88, 0x2F, 0x35, 0x67, 0x60, 0xED, 0xA6, 0x7D, 0xC6, 0x7A, 0x3A,
    0x0A, 0x6B, 0xA2, 0x5C, 0x2F, 0x90, 0xA4, 0x32, 0x36, 0x58, 0x43, 0x26, 0x94, 0x1B, 0x70, 0xBF,
    0xE8, 0x43, 0xFA, 0x85, 0xF8, 0xAA, 0x41, 0xA0, 0x5B, 0xBF, 0xC2, 0xC7, 0x63, 0x5A, 0xE2, 0xCD,
    0x46, 0x38, 0x90, 0xB8, 0x72, 0xF1, 0xC0, 0xF4, 0x92, 0xDA, 0x26, 0xC6, 0x87, 0x59, 0xB8, 0x7C,
    0xE8, 0x76, 0x1A, 0x2F, 0xB6, 0xD3, 0xA2, 0xED, 0x04, 0x50, 0xFD, 0x2A, 0xD3, 0x74, 0x14, 0x5A,
    0x8F, 0x69, 0x54, 0x1A, 0x91, 0x23, 0x60, 0xD4, 0x1C, 0x0D, 0x87, 0x9B, 0xE9, 0x40, 0x67, 0x8E,
    0x09, 0xC3, 0x73, 0xF4, 0x1C, 0x36, 0xF2, 0xCB, 0xFB, 0x16, 0x41, 0x0E, 0x85, 0xE3, 0x82, 0xA1,
    0xAB, 0x78, 0xE9, 0x4F, 0x8D, 0x25, 0xD3, 0x18, 0xF6, 0x5C, 0xB2, 0x12, 0xA3, 0x2B, 0x51, 0xD0,
    0x26, 0x03, 0x16, 0x7C, 0x5D, 0x1F, 0x55, 0xD1, 0xAC, 0x29, 0xFE, 0x1F, 0x84, 0xB5, 0xB7, 0x14,
    0xCB, 0x40, 0x91, 0xEA, 0xF6, 0xFE, 0xCA, 0x49, 0xDF, 0x02, 0x11, 0x89, 0xDA, 0x96, 0x76, 0x39,
    0x13, 0xB1, 0x2B, 0xDB, 0x79, 0xE0, 0xD1, 0xF8, 0x96, 0xCF, 0xE9, 0x20, 0x78, 0x67, 0x01, 0x5B,
    0x77, 0xC3, 0xC8, 0xFD, 0xBF, 0x8F, 0x0A, 0xEF, 0x3A, 0xBC, 0xEB, 0x89, 0xB8, 0xB5, 0x1F, 0xB6,
    0x4E, 0x23, 0xE5, 0x50, 0xA2, 0x95, 0x3C, 0x55, 0x6C, 0xEE, 0x1C, 0xB7, 0x32, 0x9B, 0xD8, 0x9F,
    0x91, 0x4B, 0x7B, 0xCA, 0x12, 0xCA, 0x87, 0x14, 0xC7, 0xD1, 0x89, 0x52, 0x4E, 0x49, 0xD6, 0xA6,
    0x7C, 0xF3, 0x0C, 0x16, 0x45, 0x91, 0x5B, 0x47, 0x96, 0xAE, 0x89, 0x89, 0x61, 0xEA, 0x35, 0xAE,
    0x93, 0x08, 0xB1, 0x8C, 0xAE, 0xD6, 0xD0, 0x6E, 0x6E, 0x58, 0x6A, 0x61, 0xB4, 0x2A, 0xE5, 0x7D,
    0xAB, 0xC2, 0x2D, 0xA9, 0xB5, 0x6C, 0xD0, 0x69, 0x8B, 0x09, 0x63, 0x91, 0x6F, 0x2F, 0x2C, 0xD4,
    0x36, 0xD3, 0xED, 0x62, 0x6F, 0x91, 0x9E, 0x97, 0x9D, 0xEF, 0x4D, 0xF2, 0x3F, 0xBA, 0x20, 0xA7,
    0x5C, 0xD1, 0x0B, 0x2B, 0x8E, 0xFC, 0x39, 0xC9, 0xC8, 0x41, 0x2F, 0x94, 0x6C, 0x92, 0x74, 0xD9,
    0x45, 0xD2, 0x38, 0x73, 0xD0, 0x29, 0x25, 0xFB, 0x24, 0x2D, 0x49, 0x1B, 0xD3, 0xD0, 0xE5, 0x89,
    0x91, 0x06, 0x7F, 0xE3, 0x4D, 0x52, 0x7D, 0x27, 0x9B, 0xA4, 0x20, 0xC1, 0x28, 0xEE, 0xCE, 0x86,
    0x94, 0x6D, 0x00, 0x9B, 0x4E, 0xDE, 0xEA, 0x88, 0x76, 0x7C, 0xE9, 0xA7, 0x55, 0x58, 0x16, 0xB8,
    0xD1, 0xC0, 0x0B, 0x0D, 0x6C, 0xC1, 0x30, 0xA5, 0xB9, 0x3F, 0x83, 0x0E, 0x5A, 0xB3, 0xCD, 0xD0,
    0x98, 0x01, 0x49, 0x4D, 0x82, 0xAF, 0x6F, 0x53, 0xBD, 0x5B, 0x05, 0x43, 0x9B, 0x26, 0x66, 0x91,
    0x19, 0x30, 0x1D, 0x50, 0xB4, 0xCC, 0xE0, 0x18, 0x9E, 0x51, 0xBD, 0x9F, 0x20, 0xF9, 0x35, 0x00,
    0x54, 0x47, 0xC8, 0x26, 0x90, 0xDF, 0x0B, 0x58, 0x5D, 0x17, 0x4A, 0xCC, 0xE1, 0x9C, 0xCE, 0xD9,
    0xE3, 0x53, 0x24, 0x64, 0x7D, 0xBA, 0x27, 0x23, 0xD2, 0x18, 0x4C, 0x3F, 0x58, 0xB7, 0xDD, 0x04,
    0x77, 0xB6, 0x42, 0xC2, 0x1E, 0x11, 0xDE, 0x31, 0xBF, 0xF9, 0xBB, 0xF9, 0xAD, 0x4A, 0xF9, 0xAD,
    0xBA, 0x27, 0xBF, 0x51, 0x8A, 0xC4, 0xCD, 0xF9, 0xAD, 0x66, 0xD8, 0xF1, 0xC8, 0x6F, 0x7F, 0xB1,
    0x70, 0x93, 0xDF, 0x8E, 0x29, 0xBF, 0xF9, 0x19, 0x46, 0xD0, 0x8C, 0x64, 0x92, 0xCD, 0x94, 0x67,
    0x4A, 0xB6, 0x37, 0x94, 0xD8, 0x30, 0xFA, 0xF3, 0xDB, 0x9D, 0x7D, 0x16, 0xF7, 0xF6, 0x14, 0xDD,
    0x5C, 0x28, 0xF5, 0xDF, 0xAF, 0x78, 0xB2, 0x67, 0xA7, 0x6F, 0x9C, 0x61, 0xD4, 0xDF, 0xA7, 0xD3,
    0x6D, 0x6F, 0xE8, 0xF2, 0xD2, 0xD2, 0x1F, 0xAD, 0xF5, 0xE7, 0xF5, 0x05, 0x75, 0xAB, 0xC8, 0x22,
    0x56, 0x83, 0x7D, 0x90, 0xC2, 0x8A, 0xA5, 0x1D, 0xEF, 0x15, 0xF0, 0xC6, 0x3D, 0x78, 0x21, 0x3F,
    0x80, 0x21, 0x9F, 0x0B, 0x1B, 0x5C, 0xAA, 0x08, 0x77, 0x30, 0xEF, 0x26, 0x57, 0xD4, 0xF3, 0xC6,
    0x8A, 0xFF, 0x2A, 0x65, 0x46, 0xF9, 0x4F, 0x63, 0xBF, 0x64, 0x29, 0x5B, 0x83, 0x68, 0x4E, 0x9C,
    0x10, 0x23, 0xB8, 0x62, 0x05, 0xC3, 0x85, 0x46, 0xC7, 0xD1, 0x2A, 0xA0, 0xDF, 0xDD, 0x35, 0x0B,
    0x47, 0x50, 0x24, 0xC1, 0x70, 0x17, 0x5B, 0xC6, 0x9F, 0x79, 0x8C, 0x00, 0x2B, 0x9F, 0xC8, 0x4F,
    0xD5, 0x7C, 0x91, 0xF9, 0x0A, 0xFD, 0x90, 0x6B, 0xAC, 0x3A, 0x62, 0x2E, 0x81, 0xFB, 0xCA, 0x61,
    0x53, 0x3B, 0xD0, 0xCA, 0xEE, 0x0C, 0xC7, 0x38, 0xC3, 0x17, 0xE6, 0xF5, 0x03, 0xCD, 0xCC, 0x40,
    0xC1, 0x4B, 0x27, 0xD8, 0x47, 0x81, 0xAC, 0x2F, 0xB3, 0x2A, 0x67, 0xB8, 0x60, 0xAA, 0x81, 0xEB,
    0x01, 0x31, 0x29, 0x9B, 0xF0, 0x20, 0xA2, 0xAD, 0x43, 0x3F, 0x81, 0x47, 0x98, 0xFD, 0x54, 0xAD,
    0x6A, 0xA2, 0xB2, 0x55, 0x35, 0xAB, 0x3A, 0xF9, 0xC9, 0xD9, 0x43, 0x28, 0xEF, 0x7F, 0x88, 0x5F,
    0xCD, 0x7F, 0x66, 0x2B, 0xC2, 0xD1, 0x7F, 0x1E, 0x57, 0x16, 0x20, 0xF8, 0xA7, 0x61, 0x55, 0xB3,
    0xF7, 0xEB, 0xAC, 0xDE, 0x4D, 0xDE, 0x63, 0x42, 0x93, 0x47, 0x6A, 0x07, 0xE8, 0xC8, 0xED, 0x27,
    0xA9, 0xCE, 0x1B, 0x3B, 0xE1, 0xA4, 0x18, 0xB9, 0xD9, 0x49, 0x03, 0x11, 0x4F, 0x68, 0x8C, 0xDC,
    0x3B, 0x6B, 0x24, 0x1D, 0xA0, 0xF7, 0x11, 0x0E, 0xA0, 0xB6, 0x98, 0x78, 0xF4, 0x4C, 0x7F, 0xCE,
    0xF2, 0xD1, 0x9C, 0x99, 0x5A, 0xF9, 0x36, 0x79, 0x8D, 0x5B, 0x38, 0xB3, 0x59, 0x2B, 0xE7, 0xE8,
    0xB8, 0x3C, 0xBE, 0x23, 0x49, 0x23, 0xF2, 0x86, 0x88, 0x42, 0x7A, 0xDE, 0xA8, 0x26, 0x1F, 0x82,
    0xA2, 0xC8, 0xCD, 0x64, 0x42, 0xE6, 0x03, 0xC9, 0x24, 0x9E, 0xE2, 0x06, 0xF8, 0x37, 0x91, 0x25,
    0xB4, 0x90, 0xE4, 0x76, 0x16, 0xE5, 0x24, 0xA5, 0x49, 0x11, 0x3B, 0xE2, 0x75, 0xF2, 0xFD, 0xA6,
    0x2D, 0xAF, 0xA6, 0xF0, 0x04, 0xA1, 0xCA, 0x4F, 0x1C, 0x86, 0xE6, 0xA3, 0x66, 0xBD, 0xBF, 0xBD,
    0x0C, 0xDF, 0x52, 0x26, 0xC2, 0xEA, 0xF1, 0x63, 0x9D, 0x02, 0x11, 0x07, 0x71, 0x1E, 0x62, 0x3C,
    0x2C, 0xF2, 0xCD, 0xA2, 0x2C, 0xC5, 0x16, 0x60, 0x2F, 0x6F, 0x2E, 0x24, 0x7E, 0xF5, 0xF8, 0x51,
    0xBA, 0x17, 0x47, 0xD9, 0xD3, 0xC7, 0x56, 0x91, 0xEF, 0x0D, 0xB2, 0x52, 0x57, 0xF1, 0x45, 0xF1,
    0x67, 0x88, 0x64, 0x73, 0xAE, 0x2B, 0xAA, 0xB0, 0x2D, 0x2E, 0xB8, 0x2A, 0x93, 0x66, 0xA2, 0x89,
    0x70, 0x45, 0x24, 0xF4, 0xEF, 0x3B, 0x16, 0x17, 0x10, 0xAA, 0x2B, 0x72, 0xEF, 0x98, 0x2A, 0x0C,
    0xBE, 0x9D, 0xC2, 0x1E, 0x41, 0xCC, 0xF2, 0x51, 0x6D, 0x3A, 0x55, 0xAB, 0xBB, 0x07, 0x5F, 0xEA,
    0xA9, 0xE7, 0x3E, 0x54, 0x4B, 0x7A, 0xE5, 0x8A, 0xA7, 0xF6, 0x73, 0xDE, 0xCB, 0xDB, 0x00, 0x75,
    0xEF, 0x8D, 0xE7, 0xFD, 0x87, 0xBE, 0x8A, 0x11, 0x06, 0x13, 0xE0, 0xA6, 0x1A, 0x18, 0x23, 0x70,
    0x6D, 0xF6, 0xE3, 0x7E, 0x1B, 0x83, 0xEE, 0x5E, 0x4D, 0xD5, 0x7F, 0x93, 0x56, 0xA9, 0x61, 0x07,
    0xCC, 0x25, 0x2C, 0x2D, 0x10, 0xAA, 0xCA, 0x36, 0x1F, 0xBB, 0xFB, 0xAA, 0x8F, 0xB9, 0x84, 0x03,
    0xB7, 0x80, 0x99, 0xF8, 0xC0, 0xF4, 0xE7, 0xD8, 0x15, 0xD6, 0x56, 0xD3, 0x6A, 0x85, 0x9B, 0x78,
    0x1B, 0x91, 0x31, 0xB2, 0xFF, 0xDA, 0xAC, 0xB5, 0xB6, 0x89, 0xA8, 0x17, 0xDB, 0x1D, 0x6F, 0xD5,
    0xFC, 0x1B, 0x94, 0x93, 0x37, 0xB0, 0xF5, 0x48, 0x11, 0x85, 0xBF, 0x2B, 0x41, 0x29, 0x10, 0x55,
    0xC2, 0x7B, 0x50, 0x8C, 0x15, 0x2E, 0xDD, 0x1D, 0xE1, 0x33, 0x7C, 0x9E, 0xE3, 0xF3, 0xC2, 0xCC,
    0xC5, 0xA7, 0x24, 0x78, 0x9B, 0xE2, 0xF3, 0x48, 0xF3, 0x93, 0x07, 0xAA, 0x22, 0xC3, 0x0A, 0x6F,
    0xA2, 0x29, 0x56, 0x81, 0x28, 0x46, 0x3A, 0x4C, 0x8F, 0x56, 0x78, 0xB7, 0x32, 0xDF, 0xD1, 0xBB,
    0x33, 0xDD, 0x7D, 0xD4, 0xFD, 0x44, 0x1B, 0x71, 0x09, 0xB7, 0xE3, 0x0F, 0xA3, 0x4B, 0xF6, 0xCB,
    0x75, 0xE0, 0x02, 0xD3, 0x1D, 0xE5, 0x6B, 0xBC, 0x69, 0xAC, 0x45, 0xBE, 0x1A, 0xD1, 0x8A, 0xAE,
    0x5C, 0xFD, 0xC1, 0x50, 0x82, 0xCE, 0xCB, 0x6F, 0x40, 0xF5, 0x69, 0xA0, 0x99, 0x81, 0x36, 0x00,
    0xEF, 0xCF, 0xE8, 0xB5, 0xC3, 0x24, 0xDD, 0x6B, 0x49, 0x73, 0x97, 0x11, 0x7B, 0x4D, 0x3E, 0xBA,
    0xDD, 0x3D, 0x0B, 0x9F, 0x1E, 0x82, 0x29, 0x7E, 0x10, 0x14, 0x13, 0x68, 0x29, 0xD8, 0x40, 0x3F,
    0x5F, 0x41, 0x7F, 0x8C, 0xA0, 0x47, 0xE2, 0x8A, 0xD7, 0x9F, 0x75, 0x77, 0x92, 0xC6, 0x5E, 0xDA,
    0xA9, 0xA5, 0x08, 0xD3, 0x01, 0x74, 0xC1, 0x70, 0x07, 0x7A, 0x00, 0x5A, 0x2D, 0x70, 0x93, 0x04,
    0x4D, 0x66, 0xA0, 0x54, 0xC4, 0xE9, 0xB3, 0xDA, 0x2E, 0xA7, 0xAB, 0x05, 0xF8, 0x08, 0xE0, 0xD6,
    0xBF, 0x63, 0x32, 0x0E, 0x46, 0x0B, 0x0A, 0x7F, 0xC7, 0x3B, 0x59, 0x20, 0xF3, 0x28, 0xDC, 0xAF,
    0xFD, 0x58, 0x36, 0x2B, 0xB8, 0x94, 0xDA, 0x77, 0x1E, 0x87, 0x97, 0xFE, 0xB0, 0x23, 0x49, 0x07,
    0x53, 0xA1, 0xCF, 0x14, 0x0F, 0xF1, 0x1C, 0x2D, 0x79, 0x1D, 0x78, 0x29, 0x6F, 0x21, 0xBA, 0xAF,
    0xE9, 0x97, 0xA9, 0x37, 0x77, 0xC5, 0x68, 0x41, 0xA7, 0xD7, 0x64, 0x24, 0xFC, 0xD2, 0x47, 0x5C,
    0x1C, 0x22, 0x43, 0xEC, 0x0B, 0x56, 0x5C, 0xCC, 0x0B, 0xD3, 0xD2, 0xEA, 0x4B, 0x0A, 0xB5, 0x79,
    0x32, 0x63, 0xB3, 0xCB, 0x58, 0x5D, 0xA3, 0x8F, 0x6E, 0x4F, 0x00, 0xBE, 0x3E, 0x25, 0xE8, 0x35,
    0x9A, 0x35, 0x77, 0xD8, 0x85, 0x12, 0xBD, 0xA8, 0x15, 0xE9, 0x44, 0xAB, 0x60, 0x2E, 0xF3, 0x0E,
    0x6A, 0x05, 0xB7, 0x93, 0x65, 0xD6, 0x06, 0x37, 0x3D, 0xA2, 0x08, 0xE4, 0x3E, 0x07, 0x30, 0xDF,
    0x00, 0x4E, 0xFB, 0x29, 0xAB, 0x49, 0xA7, 0x05, 0x30, 0xC7, 0x01, 0x86, 0x53, 0x9C, 0xC9, 0xD5,
    0x97, 0xAB, 0x31, 0xEF, 0x9A, 0xF4, 0xCD, 0x33, 0x89, 0x00, 0x9D, 0x82, 0xDB, 0xB8, 0xFA, 0x65,
    0x8B, 0xB1, 0x08, 0x2F, 0xFC, 0x3A, 0xF8, 0x78, 0xFE, 0xAD, 0x19, 0x14, 0xCA, 0x5D, 0x29, 0x50,
    0xEB, 0x4E, 0x5D, 0x9C, 0x42, 0x23, 0x68, 0x65, 0x75, 0xCE, 0x22, 0x5D, 0x82, 0xC7, 0xBF, 0x83,
    0xFF, 0x7A, 0x3C, 0x86, 0x54, 0x7D, 0x3A, 0x07, 0xEF, 0x56, 0x70, 0x11, 0x4A, 0x13, 0xE1, 0x26,
    0xAD, 0xB6, 0x59, 0xFB, 0xF9, 0xC2, 0xE0, 0x76, 0x5B, 0xF0, 0xB1, 0x3A, 0xC8, 0x64, 0xCE, 0xDC,
    0x00, 0xDC, 0x51, 0xA8, 0x00, 0x94, 0xA0, 0x5A, 0x12, 0xD7, 0x7F, 0x50, 0x0E, 0x8A, 0x0C, 0xA9,
    0x56, 0xCA, 0x64, 0x3A, 0x18, 0x44, 0x2F, 0x3A, 0x85, 0xD6, 0xB8, 0x66, 0xD6, 0x3A, 0xCC, 0x90,
    0x24, 0xB3, 0x72, 0xA5, 0x98, 0x81, 0x49, 0xA7, 0x9F, 0x3B, 0xE6, 0x3D, 0xC0, 0xD7, 0xEB, 0xCC,
    0x21, 0x1A, 0x4F, 0x3B, 0xC3, 0x55, 0x2B, 0x95, 0xA0, 0x05, 0xF0, 0x07, 0xF0, 0x30, 0x1F, 0x9C,
    0x50, 0xBE, 0xF2, 0x03, 0x3C, 0xA7, 0x64, 0xBB, 0x49, 0x07, 0xA7, 0xB1, 0x19, 0xDC, 0x42, 0xBF,
    0x82, 0xA0, 0xDA, 0xA9, 0x37, 0xC0, 0xD3, 0xC6, 0x46, 0xF7, 0x21, 0x74, 0x61, 0xD0, 0xDA, 0xCD,
    0xC3, 0x7D, 0x52, 0xAA, 0xA3, 0x43, 0x9F, 0x3A, 0xB2, 0xD4, 0x62, 0xA9, 0xD6, 0x87, 0xEB, 0x04,
    0x6C, 0x1F, 0xFA, 0x7B, 0x49, 0xA7, 0x6C, 0x1F, 0x3E, 0xC5, 0x76, 0x8E, 0xB7, 0xD5, 0xDD, 0xF4,
    0xD1, 0xBD, 0x8E, 0xC3, 0x28, 0x65, 0xE9, 0x82, 0xB3, 0x9C, 0xA5, 0x42, 0x1F, 0xCE, 0x7A, 0x57,
    0x75, 0xBC, 0x79, 0xB9, 0x9C, 0x5D, 0x3E, 0xE9, 0xCF, 0x1E, 0xAC, 0xD6, 0x20, 0xEA, 0x43, 0x80,
    0xB7, 0x45, 0xDB, 0x87, 0xFB, 0x95, 0x70, 0x0F, 0x0E, 0xDC, 0x8F, 0x76, 0x9C, 0x12, 0xED, 0x96,
    0xA0, 0x52, 0x9C, 0x12, 0x8D, 0xBE, 0xAF, 0x48, 0x2F, 0xEB, 0x98, 0x4B, 0x9D, 0x40, 0xAB, 0xDB,
    0xA9, 0x35, 0x6B, 0xA5, 0xD3, 0xC7, 0xB4, 0xE0, 0x8E, 0xEE, 0x5A, 0xA4, 0x53, 0xAB, 0x31, 0xD3,
    0x9A, 0x5A, 0xEB, 0x81, 0x16, 0x2A, 0xCD, 0x8A, 0xA0, 0xE8, 0x37, 0xAB, 0xEF, 0x12, 0xB8, 0xAD,
    0x3B, 0x78, 0xE1, 0x37, 0xF3, 0x31, 0x3A, 0x49, 0x3A, 0x89, 0x2F, 0x9C, 0x0A, 0x81, 0x7A, 0x37,
    0x36, 0xC9, 0xD8, 0x16, 0x76, 0x27, 0x37, 0x63, 0xBF, 0x1A, 0x87, 0x68, 0x74, 0x17, 0xFF, 0xE3,
    0x70, 0x86, 0xBF, 0x0D, 0x27, 0x71, 0x0E, 0x47, 0x9A, 0x6D, 0x38, 0xD2, 0x66, 0xC3, 0x29, 0x6D,
    0x75, 0xEC, 0xD5, 0x51, 0x84, 0x23, 0x0F, 0x87, 0xBD, 0x39, 0xF2, 0x54, 0x90, 0xD2, 0x29, 0x91,
    0x64, 0x12, 0xD8, 0xF2, 0x9A, 0xCB, 0xE2, 0xD8, 0xBB, 0x58, 0xAD, 0x59, 0xDA, 0x2D, 0x0F, 0xE7,
    0xBE, 0xD7, 0x65, 0x38, 0x3B, 0xB2, 0xE1, 0xBC, 0x83, 0xA7, 0x0D, 0xFF, 0x3C, 0x1C, 0xF7, 0x9F,
    0x87, 0xE3, 0x24, 0x1D, 0x06, 0x15, 0x30, 0x05, 0x1A, 0x6D, 0x74, 0xDA, 0x71, 0xBF, 0x11, 0x6E,
    0x74, 0xA3, 0xC7, 0xDD, 0xED, 0xB6, 0x67, 0xFB, 0xCD, 0xD6, 0x6C, 0x8F, 0xED, 0x85, 0x5A, 0x18,
    0x8F, 0x7F, 0x6C, 0x5B, 0x2D, 0x49, 0xB1, 0x29, 0x6C, 0x8D, 0x4B, 0x67, 0x9C, 0xFF, 0xBE, 0x6D,
    0xE6, 0xCB, 0xE8, 0x67, 0xE3, 0x0B, 0xEF, 0x46, 0xE0, 0x9C, 0xD1, 0xDF, 0xCD, 0xE5, 0x20, 0x43,
    0x7B, 0x61, 0x82, 0xF6, 0x57, 0x30, 0x69, 0xAC, 0xA4, 0x50, 0xEF, 0x6E, 0xE6, 0x55, 0xFD, 0x02,
    0x59, 0xF1, 0x81, 0x9B, 0xA0, 0xDD, 0xC1, 0xAD, 0x54, 0x0A, 0xF4, 0x07, 0xF8, 0x33, 0x0B, 0x96,
    0x87, 0x69, 0xA5, 0xC9, 0xDA, 0x49, 0x34, 0xB3, 0x46, 0x98, 0xC6, 0x12, 0xE3, 0xCE, 0x18, 0xBC,
    0x59, 0xDF, 0x79, 0xFE, 0x6D, 0x47, 0x6F, 0x4C, 0x78, 0x6D, 0x0C, 0x5A, 0xA8, 0x0E, 0xC0, 0x05,
    0x44, 0x95, 0x68, 0x22, 0x7D, 0xE0, 0xC3, 0x40, 0x7B, 0x39, 0xAC, 0x75, 0x7C, 0xEF, 0x4F, 0x9D,
    0xB6, 0x6E, 0xE9, 0xCA, 0x57, 0xA7, 0xD8, 0x07, 0xA7, 0xE8, 0x2E, 0x2C, 0xEE, 0xEE, 0x34, 0xFB,
    0x71, 0x50, 0x98, 0xE8, 0x14, 0x44, 0xAD, 0x60, 0x76, 0xEE, 0x3B, 0xF8, 0x57, 0x27, 0x98, 0xAA,
    0x0C, 0xD5, 0x05, 0x1B, 0xEC, 0xF5, 0xCA, 0x2D, 0x35, 0x91, 0x2A, 0x75, 0x91, 0xBA, 0x20, 0x67,
    0xA7, 0x5E, 0xFB, 0x99, 0x26, 0x0E, 0x81, 0x36, 0x27, 0xA6, 0x2B, 0x58, 0xDC, 0x48, 0x37, 0x7B,
    0x18, 0xC2, 0x64, 0x36, 0x05, 0xFD, 0xEC, 0x57, 0x25, 0x3B, 0x7D, 0x8E, 0xA8, 0x43, 0x13, 0xDA,
    0x84, 0xB3, 0xD3, 0x6B, 0x4A, 0x3E, 0xE2, 0x2A, 0xF9, 0x63, 0xDA, 0x95, 0xEA, 0x7C, 0x36, 0x5B,
    0x1B, 0x3B, 0x3B, 0x97, 0x7E, 0x1E, 0xC2, 0xD3, 0x46, 0xA6, 0xB1, 0x51, 0xEC, 0x95, 0xDC, 0x0F,
    0xF6, 0xE9, 0xD5, 0x87, 0x38, 0x54, 0xED, 0xD3, 0x6B, 0x93, 0xD7, 0x3A, 0x68, 0x69, 0x34, 0xFE,
    0xE3, 0x77, 0x95, 0x3A, 0xC1, 0xB0, 0x1B, 0xCF, 0x4F, 0xB0, 0xD1, 0xC7, 0x32, 0xF3, 0x93, 0x22,
    0x95, 0x16, 0x59, 0xD3, 0x1F, 0xFC, 0xCF, 0xEF, 0x59, 0x9D, 0xEE, 0xF8, 0xD4, 0x0B, 0xA8, 0x63,
    0x99, 0xE3, 0xFB, 0xB3, 0x0C, 0x5B, 0xAD, 0x05, 0xFC, 0xD2, 0x6A, 0xE6, 0xA6, 0xD0, 0x96, 0xD4,
    0x60, 0x6F, 0x9E, 0x8A, 0xB8, 0x08, 0xEE, 0x8E, 0x02, 0xF8, 0xD1, 0x96, 0x98, 0xE8, 0x76, 0x40,
    0x0C, 0x6B, 0x91, 0x69, 0x6E, 0x12, 0xC7, 0x4D, 0xF7, 0x3E, 0x55, 0xA9, 0x39, 0x30, 0xF3, 0x7D,
    0xBA, 0x69, 0x05, 0x17, 0x1B, 0x45, 0x50, 0xE8, 0x7F, 0x16, 0xA9, 0x85, 0x7F, 0xF3, 0x42, 0x97,
    0xAA, 0xBD, 0x9F, 0xCB, 0x92, 0x76, 0x34, 0xB7, 0x52, 0xAA, 0x34, 0x76, 0x59, 0xDA, 0x03, 0x2B,
    0xD6, 0x6F, 0x58, 0x31, 0x1F, 0x4B, 0xB1, 0xCB, 0x2E, 0xA7, 0x5F, 0x1E, 0x35, 0xCC, 0xA3, 0x8E,
    0xB9, 0x2C, 0x5F, 0x9E, 0x2F, 0xD3, 0x97, 0xEB, 0xCB, 0xF6, 0xE5, 0xFB, 0x32, 0x5E, 0x9C, 0xBB,
    0x0D, 0xB3, 0xFE, 0x51, 0x89, 0xDB, 0xDE, 0x1C, 0x8D, 0x14, 0x78, 0x47, 0x9F, 0x1A, 0x1B, 0xBD,
    0x65, 0x79, 0xA2, 0xA9, 0x02, 0x4C, 0x67, 0x91, 0x4A, 0x58, 0x11, 0xBB, 0x6D, 0x19, 0xF3, 0xA8,
    0x99, 0x5A, 0x77, 0x2A, 0x8D, 0xB8, 0x04, 0xED, 0x01, 0xD2, 0x4E, 0xBF, 0x99, 0x26, 0xDB, 0x72,
    0x33, 0x65, 0x2A, 0x55, 0xA9, 0x75, 0x00, 0x7E, 0xE9, 0xA4, 0x11, 0x14, 0x9A, 0xE5, 0x2F, 0xDD,
    0x5A, 0x2F, 0xD0, 0xDC, 0xC6, 0x15, 0x7F, 0x92, 0xE2, 0x5C, 0xEB, 0x6B, 0x47, 0x01, 0x01, 0x99,
    0x12, 0x91, 0xB2, 0x00, 0x91, 0x82, 0xB2, 0x55, 0x1B, 0x58, 0x62, 0xD0, 0xB4, 0x20, 0xC0, 0x05,
    0xE5, 0x1C, 0x55, 0x4A, 0x03, 0x4A, 0xCD, 0x51, 0x40, 0x81, 0xFB, 0x11, 0xF3, 0x99, 0xDA, 0x92,
    0x1B, 0x50, 0x50, 0xE0, 0x9B, 0x64, 0x5A, 0x2C, 0x50, 0x93, 0x10, 0x6F, 0x26, 0xEA, 0x8C, 0x92,
    0xAC, 0xF4, 0xEB, 0xBD, 0xDF, 0xBB, 0x9D, 0xD5, 0xE5, 0xC6, 0xA0, 0xA0, 0xE3, 0xFB, 0x3E, 0xCD,
    0xFA, 0xFD, 0xE4, 0xBB, 0x4F, 0xBB, 0xBF, 0xB7, 0xBB, 0xF7, 0xFE, 0x69, 0x5B, 0x75, 0xC0, 0x24,
    0xCC, 0x7E, 0x33, 0xB0, 0x6F, 0x8B, 0x50, 0x94, 0xC6, 0x7C, 0xFA, 0x3A, 0x98, 0x02, 0xC5, 0x4A,
    0x05, 0x32, 0x59, 0xA5, 0xD7, 0xA9, 0xC8, 0x97, 0x0C, 0xDD, 0xBD, 0xA6, 0x45, 0xD8, 0x41, 0xDC,
    0x50, 0xC3, 0x97, 0x41, 0xFB, 0x45, 0xE7, 0xE8, 0x08, 0x39, 0xFF, 0xE8, 0x84, 0x0B, 0x80, 0x46,
    0xC9, 0x67, 0x2B, 0x3B, 0x9C, 0x76, 0xB3, 0x62, 0x7F, 0xA8, 0x46, 0xEA, 0xD6, 0x38, 0xF5, 0x90,
    0xBA, 0x84, 0x8A, 0xD5, 0x2C, 0x3D, 0x30, 0x50, 0xC7, 0x22, 0x18, 0x97, 0xE2, 0xC4, 0x65, 0x67,
    0x51, 0x21, 0x3B, 0xF7, 0x4A, 0x79, 0x52, 0x31, 0xDB, 0x9D, 0x7D, 0x26, 0xF5, 0x20, 0xE9, 0xE2,
    0xF4, 0x48, 0xC1, 0xE1, 0xE9, 0xA8, 0xD4, 0x96, 0x70, 0x56, 0x30, 0x9B, 0x37, 0x2F, 0xB1, 0x46,
    0xAB, 0xB9, 0x08, 0xB5, 0xCE, 0x54, 0xEC, 0x46, 0xA7, 0x51, 0x9A, 0x06, 0xA9, 0x6B, 0x05, 0xDD,
    0x24, 0x00, 0x7C, 0xC6, 0xC0, 0x73, 0x7F, 0x0A, 0xBE, 0x6C, 0xA0, 0x7A, 0x34, 0x98, 0x24, 0x39,
    0x16, 0xB2, 0xD5, 0xEB, 0x46, 0x2E, 0xAF, 0x1D, 0x0E, 0x0A, 0xA5, 0x41, 0x0D, 0x3E, 0xEF, 0xC8,
    0x5D, 0x40, 0xC8, 0x0C, 0x0A, 0x70, 0xA0, 0x3D, 0x9C, 0x42, 0xB9, 0xBA, 0x99, 0xCB, 0xE1, 0x02,
    0x79, 0xD6, 0x0A, 0xF0, 0x15, 0x97, 0xEE, 0x50, 0x31, 0x70, 0x1C, 0x74, 0xA5, 0xF6, 0x68, 0x18,
    0x48, 0x81, 0x2A, 0x9B, 0x07, 0x90, 0xD6, 0x40, 0x25, 0x9A, 0xDC, 0xA0, 0xC0, 0x97, 0x37, 0x4F,
    0xD0, 0x95, 0x16, 0x7A, 0x56, 0x10, 0x8B, 0x40, 0x09, 0x7D, 0x50, 0x38, 0x48, 0x52, 0x94, 0x86,
    0x9D, 0x63, 0x99, 0x12, 0x8D, 0x42, 0x15, 0xCC, 0xBA, 0x3F, 0xBA, 0xFD, 0x6A, 0x96, 0x87, 0x4D,
    0x30, 0x9C, 0x23, 0x08, 0xC9, 0x80, 0x9F, 0x8D, 0xF4, 0x8A, 0x37, 0x0D, 0xF5, 0xBC, 0xD5, 0x6A,
    0xEE, 0x16, 0x79, 0x44, 0x9E, 0x7F, 0xF2, 0xC2, 0x7E, 0x14, 0x50, 0x43, 0xF5, 0xFB, 0x75, 0xBE,
    0xDC, 0xFA, 0x65, 0xCC, 0xE4, 0x1E, 0x09, 0x1E, 0x1C, 0x6D, 0xB0, 0xC7, 0x98, 0xC0, 0xF9, 0x5E,
    0xFF, 0xA4, 0x1A, 0xEA, 0xEE, 0xD6, 0xEF, 0x56, 0x34, 0xC6, 0x7A, 0x34, 0xD6, 0x93, 0x42, 0xF5,
    0x45, 0x20, 0xF9, 0xEE, 0x0C, 0xF8, 0x21, 0xFF, 0x84, 0xE0, 0x0D, 0xB6, 0xFA, 0xB5, 0x5B, 0x35,
    0xF3, 0xA8, 0x66, 0x4B, 0xFD, 0x40, 0xFD, 0xAA, 0xC5, 0xF4, 0x0B, 0xD4, 0xAF, 0xF5, 0x1B, 0x35,
    0x73, 0xEA, 0xA7, 0xAE, 0x68, 0xA3, 0x5F, 0x85, 0x9B, 0x27, 0x49, 0xCD, 0x7E, 0xAB, 0x66, 0x41,
    0xE8, 0x18, 0xD5, 0xAB, 0x9A, 0xB2, 0x55, 0x33, 0x7C, 0x5F, 0xCD, 0xBD, 0x3D, 0x44, 0xED, 0x78,
    0x2B, 0xE4, 0x9D, 0x6E, 0x81, 0x78, 0x6B, 0xF3, 0x67, 0x91, 0x3E, 0x40, 0xA5, 0x4D, 0x81, 0x78,
    0xEB, 0xD6, 0x78, 0x2B, 0x7D, 0xA0, 0x76, 0x5C, 0x55, 0x6F, 0x79, 0x2F, 0x87, 0x04, 0xE2, 0x36,
    0xE8, 0x00, 0x0C, 0xB6, 0x15, 0x24, 0xDE, 0xB6, 0x21, 0x8B, 0xB7, 0x98, 0xF2, 0x13, 0xAF, 0x02,
    0xE6, 0xED, 0xF8, 0x54, 0xFC, 0xDA, 0xC8, 0x76, 0x89, 0x6C, 0x93, 0xC8, 0x9E, 0xC6, 0xFA, 0xF6,
    0x38, 0x43, 0x00, 0x6C, 0xE7, 0xF1, 0x49, 0x0E, 0xCB, 0x27, 0x39, 0x75, 0x3A, 0x34, 0xF5, 0x41,
    0xB0, 0x4E, 0x82, 0xA9, 0x36, 0x2B, 0xD0, 0x43, 0x32, 0x20, 0xF7, 0x36, 0x58, 0x48, 0xBB, 0x49,
    0x73, 0xD9, 0xA6, 0xD0, 0x00, 0x6D, 0x65, 0xE7, 0xF9, 0x81, 0x1D, 0x93, 0xA0, 0xB9, 0x2A, 0x03,
    0xB7, 0x18, 0x84, 0xFF, 0x15, 0x56, 0x91, 0x77, 0xD9, 0x0B, 0x43, 0x07, 0x1C, 0xD4, 0x03, 0xEF,
    0x81, 0x1E, 0x9E, 0x8C, 0x94, 0x99, 0x02, 0x47, 0x22, 0xDD, 0xEC, 0x34, 0x01, 0x25, 0xA5, 0xB8,
    0x89, 0xF0, 0x7E, 0x20, 0x7C, 0xBC, 0x24, 0x83, 0xAB, 0x41, 0x01, 0xA1, 0xF0, 0x84, 0x7D, 0x30,
    0x58, 0xCE, 0x9C, 0xAA, 0x0E, 0xB0, 0x4D, 0x2E, 0xD2, 0x55, 0x73, 0xAE, 0x39, 0x5B, 0x17, 0xBF,
    0xB2, 0xDE, 0x66, 0x93, 0xBB, 0x3B, 0xC1, 0xD6, 0xA7, 0xE5, 0xD6, 0x31, 0xAB, 0x62, 0x06, 0x83,
    0x44, 0xD8, 0x19, 0xEC, 0x37, 0x95, 0xA7, 0x04, 0x2B, 0xA1, 0xDE, 0xCE, 0xD2, 0xEB, 0x39, 0x30,
    0x4E, 0x23, 0x15, 0x8E, 0xE9, 0x09, 0xE5, 0xBC, 0x99, 0x99, 0xCC, 0x58, 0xED, 0xAC, 0xF7, 0xFB,
    0x7F, 0xBE, 0xFD, 0x6A, 0x16, 0x13, 0xA1, 0x5A, 0x08, 0x3D, 0x6C, 0x7C, 0x3A, 0xD5, 0x2A, 0xD4,
    0x9E, 0x11, 0x04, 0xF5, 0xBC, 0xDD, 0x6A, 0x36, 0x59, 0xA3, 0x1D, 0x4C, 0xA5, 0xA7, 0x62, 0x6E,
    0x4E, 0x50, 0x06, 0x06, 0x88, 0x3B, 0xBF, 0x1F, 0x6F, 0xBB, 0x9A, 0x7F, 0x55, 0x01, 0x32, 0xE8,
    0xF4, 0xEE, 0x10, 0x53, 0xFF, 0xB7, 0xCF, 0x56, 0xB0, 0x04, 0x66, 0xA9, 0xD4, 0x5B, 0xD6, 0x2C,
    0xF7, 0xAA, 0xB0, 0x64, 0x84, 0x6A, 0x98, 0x18, 0x4D, 0x0F, 0xD3, 0xA2, 0xD8, 0x88, 0x8E, 0x21,
    0xA6, 0x72, 0x8F, 0x94, 0x4D, 0xAC, 0x31, 0xE8, 0x74, 0x51, 0x58, 0xEF, 0x5B, 0x61, 0x33, 0xFC,
    0x94, 0xB3, 0xC2, 0x07, 0xE3, 0x9F, 0x73, 0xA4, 0x9B, 0x2B, 0x22, 0xF9, 0x4C, 0xAC, 0x1B, 0x4B,
    0x40, 0xFA, 0x57, 0x5A, 0x53, 0xDB, 0x05, 0xB9, 0xFF, 0x38, 0xBB, 0xB9, 0x1A, 0x92, 0xEF, 0xC8,
    0x03, 0xC9, 0xD6, 0x22, 0x28, 0x35, 0x1C, 0xC5, 0xAF, 0x54, 0x68, 0x69, 0x68, 0xC9, 0xC2, 0xB5,
    0x90, 0x2C, 0x29, 0x15, 0x6C, 0x32, 0x95, 0x86, 0xB9, 0xCF, 0xE8, 0x7F, 0xF5, 0xD9, 0x5E, 0x0B,
    0x15, 0x33, 0x33, 0xF8, 0x76, 0x62, 0xFD, 0xBD, 0xF7, 0x64, 0x06, 0x42, 0x05, 0x84, 0x23, 0xB8,
    0xEF, 0xC3, 0x7C, 0x84, 0xF7, 0xF1, 0xE5, 0xA7, 0x62, 0x9E, 0x3E, 0xC7, 0xC1, 0x6A, 0xD7, 0x03,
    0x4B, 0xD6, 0x18, 0x58, 0x29, 0x81, 0x12, 0xCE, 0xB0, 0x92, 0x03, 0x02, 0x39, 0x68, 0x85, 0x19,
    0xA4, 0xE4, 0x12, 0x15, 0x73, 0x5A, 0x95, 0xCF, 0x89, 0x58, 0x99, 0xAE, 0xE6, 0xA7, 0x2F, 0x8A,
    0xD9, 0x6C, 0x63, 0xF6, 0x60, 0x3F, 0xC9, 0xE5, 0x55, 0x33, 0xF9, 0xB4, 0xA2, 0x76, 0x19, 0x91,
    0xE5, 0xB0, 0x91, 0x39, 0x7A, 0x0F, 0xCF, 0xD9, 0xE2, 0xC8, 0xC4, 0x59, 0x9C, 0xE2, 0xAB, 0xC0,
    0xC4, 0x16, 0x2F, 0x16, 0xAB, 0xA2, 0xFD, 0x03, 0xD2, 0xAA, 0xB3, 0xFE, 0x0C, 0xD2, 0x2B, 0x7E,
    0x82, 0x06, 0x8A, 0xBF, 0xC4, 0xA0, 0x99, 0x38, 0x04, 0xCF, 0x59, 0xE2, 0x10, 0x7C, 0x6E, 0x43,
    0xB5, 0x5F, 0xDB, 0x50, 0xEE, 0x6B, 0xB0, 0x5A, 0xE0, 0xBE, 0xD3, 0x22, 0x37, 0xD5, 0xB4, 0x0A,
    0x01, 0x71, 0x3E, 0xA1, 0x15, 0xE4, 0x6C, 0x08, 0xA5, 0xE5, 0xCD, 0xBD, 0x73, 0x9A, 0x6D, 0xCF,
    0xFC, 0x8E, 0x32, 0x3B, 0x4B, 0x96, 0x73, 0x74, 0x5B, 0xF7, 0x5E, 0x7B, 0xB9, 0xB8, 0xDE, 0xC6,
    0x37, 0x0A, 0x6D, 0xB4, 0x75, 0xDA, 0x5B, 0xB9, 0x31, 0x56, 0x9D, 0x46, 0x3F, 0x15, 0x86, 0x02,
    0x5C, 0x5F, 0x46, 0x3F, 0xF0, 0xA5, 0xF6, 0xA8, 0xC0, 0xC0, 0xAD, 0x56, 0xE8, 0x67, 0xB7, 0x18,
    0x84, 0x04, 0x98, 0xCE, 0xC0, 0x2B, 0x64, 0x06, 0x05, 0x46, 0xB7, 0xB0, 0xD8, 0xEF, 0x2C, 0x4E,
    0xAB, 0x68, 0xB1, 0x35, 0x90, 0xCE, 0x58, 0x39, 0x85, 0xCE, 0x75, 0xAE, 0x30, 0x92, 0x8B, 0x55,
    0x1C, 0x62, 0xB0, 0xD6, 0x88, 0x5D, 0x3F, 0xA5, 0xCC, 0x17, 0x42, 0x79, 0x16, 0x7F, 0x25, 0x9F,
    0x7F, 0xC7, 0x94, 0xFE, 0x3D, 0x65, 0xB1, 0x12, 0x2A, 0x74, 0xF6, 0xE5, 0x81, 0xEB, 0xFE, 0x70,
    0xA2, 0x6B, 0xDC, 0x85, 0x3B, 0xB7, 0xD2, 0x6F, 0x59, 0x30, 0xDB, 0x8A, 0xB1, 0x37, 0xE3, 0x14,
    0x14, 0xC6, 0x76, 0xBC, 0x5B, 0xDA, 0xE6, 0x73, 0xC1, 0xD0, 0x66, 0x2D, 0x03, 0x33, 0xB6, 0x72,
    0x49, 0x50, 0x9C, 0xD6, 0xF6, 0x81, 0x3C, 0xB8, 0x1B, 0xDA, 0xBE, 0x27, 0xF2, 0x48, 0x9E, 0x4A,
    0xE1, 0x73, 0x48, 0x19, 0x0A, 0x0C, 0xED, 0x2A, 0xF8, 0x0A, 0xB3, 0x69, 0x53, 0xEB, 0x13, 0xA5,
    0xEA, 0xC3, 0x02, 0x74, 0xAD, 0x42, 0x1F, 0x2F, 0x58, 0x99, 0xC5, 0x0B, 0x48, 0xBB, 0x6A, 0x9E,
    0x3B, 0x65, 0x18, 0xCA, 0x83, 0xF4, 0x52, 0x88, 0xFC, 0x5C, 0x0D, 0x61, 0xBF, 0x36, 0x3F, 0xB2,
    0xB4, 0x71, 0x72, 0x29, 0x51, 0x2C, 0xCC, 0x97, 0x44, 0x67, 0x22, 0x0E, 0x1D, 0xFB, 0xC5, 0xC2,
    0xAA, 0x67, 0xC6, 0x22, 0x7C, 0xA0, 0x27, 0xAB, 0x88, 0x83, 0xB4, 0x58, 0xB4, 0x34, 0x9D, 0xA1,
    0x5E, 0xA4, 0x44, 0xB3, 0x0B, 0xF5, 0xCA, 0x93, 0x01, 0xDE, 0xB0, 0x1D, 0x9C, 0x7E, 0x9E, 0x41,
    0x88, 0xBB, 0x60, 0xC6, 0xBB, 0xF2, 0xD2, 0x2A, 0xB6, 0x83, 0xC0, 0x8C, 0x78, 0xC6, 0xB7, 0xD3,
    0x56, 0xF6, 0x2E, 0x78, 0x3F, 0x48, 0x41, 0x35, 0x1B, 0x9B, 0xA0, 0x95, 0x71, 0x25, 0xE7, 0xA6,
    0x8E, 0x6F, 0x81, 0x3E, 0xE1, 0xC7, 0xF2, 0x63, 0xA9, 0xF5, 0xBF, 0x8C, 0x15, 0x29, 0x33, 0x9C,
    0xA0, 0xD9, 0x1A, 0x78, 0xE7, 0x09, 0xF7, 0x3F, 0x25, 0x6C, 0x2F, 0x17, 0xF8, 0x2F, 0xC2, 0xAC,
    0x55, 0x39, 0x6D, 0xD2, 0x27, 0x97, 0xBD, 0x81, 0x51, 0x5B, 0x86, 0x43, 0xC6, 0x8D, 0x32, 0xE4,
    0xA4, 0x3A, 0x14, 0x5B, 0xE8, 0x8E, 0x4D, 0x23, 0x8C, 0x63, 0x93, 0x3D, 0xB4, 0x59, 0xA9, 0x22,
    0xC1, 0x4A, 0xA8, 0x03, 0xC1, 0x29, 0x34, 0xD2, 0x33, 0x58, 0xC8, 0x63, 0x5E, 0x3B, 0x4A, 0xFE,
    0xBA, 0xF4, 0x36, 0xA6, 0xA2, 0x4F, 0x29, 0x8B, 0xB3, 0x10, 0xBB, 0x9D, 0xB7, 0xE1, 0xFA, 0x5F,
    0xEE, 0x8E, 0xB6, 0x8B, 0xA4, 0x4A, 0x70, 0x5C, 0x72, 0xBC, 0xF2, 0xFC, 0x6C, 0x1F, 0x98, 0xBA,
    0x52, 0xDD, 0x3B, 0xA0, 0x2D, 0xC3, 0x60, 0xBA, 0xEE, 0x22, 0x70, 0x81, 0xF7, 0x2B, 0xD5, 0x2C,
    0xC1, 0xFF, 0xED, 0x16, 0x46, 0x33, 0xF9, 0x7C, 0x67, 0xD6, 0xF6, 0x0F, 0x67, 0x1B, 0x19, 0x67,
    0x91, 0x8A, 0x6D, 0xE4, 0xCB, 0x57, 0x1B, 0x7D, 0xA0, 0x83, 0xA7, 0xB2, 0xB8, 0x38, 0xE9, 0xD2,
    0xD8, 0x49, 0x97, 0xE1, 0xF2, 0xA4, 0x8B, 0xC4, 0x93, 0x2E, 0x64, 0x24, 0xED, 0xD9, 0x49, 0x97,
    0x3A, 0x9D, 0x74, 0x21, 0x0C, 0x0A, 0x4C, 0x13, 0x5E, 0x93, 0xD1, 0x56, 0xCB, 0x45, 0x62, 0x9B,
    0xE0, 0xEC, 0xA4, 0x8B, 0xFD, 0x89, 0xDB, 0xC8, 0x36, 0x16, 0xD7, 0x1E, 0xD9, 0xCC, 0x98, 0x1C,
    0x29, 0xA7, 0x4C, 0x65, 0xC8, 0xD5, 0xB8, 0x2E, 0x3C, 0xE9, 0xB1, 0xAA, 0xAC, 0x56, 0x5D, 0x90,
    0x7A, 0xDD, 0xF1, 0x8D, 0xB3, 0x12, 0x43, 0xA0, 0x33, 0x9B, 0x29, 0x3D, 0xE5, 0x50, 0xD3, 0x62,
    0x3A, 0xED, 0x2C, 0x0E, 0x38, 0x73, 0xC0, 0x29, 0xF1, 0x81, 0x4F, 0x51, 0xBE, 0xE4, 0xE6, 0x15,
    0xC9, 0xA1, 0xB2, 0x1C, 0x62, 0xCD, 0x31, 0xE8, 0x03, 0x47, 0xA9, 0xA9, 0xCB, 0x51, 0x8E, 0xBC,
    0x3F, 0xEC, 0xD0, 0x64, 0x78, 0x0E, 0x48, 0x8E, 0xBF, 0x21, 0x30, 0xAC, 0x9F, 0x19, 0xD4, 0xE3,
    0x28, 0xB3, 0x1E, 0x03, 0xF3, 0xB6, 0x43, 0x09, 0xFA, 0xCF, 0x95, 0x92, 0x61, 0x79, 0x15, 0x54,
    0xD6, 0xC1, 0xDC, 0x24, 0xE5, 0xAC, 0x25, 0x43, 0x37, 0x3D, 0xEB, 0x31, 0xB4, 0xBE, 0x05, 0x9A,
    0xFE, 0x28, 0x17, 0xFD, 0x86, 0xF4, 0xAA, 0xB5, 0x51, 0x86, 0x36, 0x99, 0x43, 0x7A, 0xD1, 0xEF,
    0x7C, 0xAA, 0x62, 0x5D, 0xFE, 0x0A, 0xFA, 0x95, 0x6B, 0x46, 0x17, 0x46, 0xBD, 0xCC, 0x7F, 0x60,
    0x54, 0x4A, 0xFB, 0xCE, 0x76, 0x59, 0x92, 0x59, 0x6F, 0xA1, 0x00, 0xF9, 0x83, 0x39, 0xD5, 0xB7,
    0x0F, 0xD5, 0x7F, 0x32, 0xF3, 0x08, 0x52, 0x51, 0x5A, 0xEB, 0x8F, 0x72, 0xC9, 0x31, 0x73, 0x6E,
    0x27, 0xA9, 0x28, 0xF7, 0x80, 0x12, 0xC2, 0x24, 0x9B, 0xCD, 0x9C, 0x43, 0xC8, 0x22, 0xAD, 0x7C,
    0x3F, 0x72, 0xCB, 0x5F, 0x19, 0x5B, 0x97, 0xAA, 0x3A, 0x56, 0xAD, 0x6F, 0xC1, 0x32, 0xFB, 0x27,
    0x10, 0x79, 0xFB, 0xB1, 0xDC, 0x5C, 0x15, 0x5B, 0xCB, 0x63, 0xB1, 0x56, 0x83, 0xE5, 0xB0, 0x96,
    0xC1, 0x32, 0x7F, 0xBD, 0x2A, 0x9E, 0x2D, 0x9D, 0x15, 0xFE, 0x08, 0x9D, 0xC9, 0xCF, 0xD0, 0x49,
    0x76, 0x94, 0x8D, 0x08, 0x04, 0xA2, 0xD5, 0xEC, 0x77, 0xAF, 0x8A, 0x6D, 0x86, 0x64, 0xEB, 0x2A,
    0xEE, 0x01, 0xF7, 0xF7, 0x49, 0x65, 0x3E, 0x27, 0xC9, 0x4F, 0xEC, 0xDB, 0x12, 0x07, 0x3E, 0x75,
    0x1D, 0xFC, 0x39, 0x7A, 0x7D, 0x22, 0xF0, 0x39, 0x30, 0x92, 0x03, 0x22, 0x8D, 0xC4, 0xE4, 0x9B,
    0x4A, 0xDD, 0xD5, 0xB0, 0xB3, 0x82, 0x8A, 0x88, 0x4A, 0x0C, 0x46, 0xC9, 0x6E, 0x7E, 0x8B, 0x0F,
    0x3F, 0xA4, 0xD7, 0xE0, 0x35, 0x88, 0x21, 0x86, 0x5D, 0xBC, 0x29, 0xF1, 0xEF, 0xD2, 0x5E, 0x73,
    0x2D, 0x56, 0x27, 0x22, 0xC9, 0xE5, 0x74, 0xD3, 0x42, 0xEE, 0x0B, 0xD9, 0xE2, 0x65, 0xCF, 0x5A,
    0xD1, 0x1A, 0x8B, 0x33, 0x53, 0xAF, 0x93, 0xB3, 0xA7, 0x69, 0xE6, 0x99, 0xA1, 0x45, 0x72, 0xB2,
    0xCF, 0x4F, 0x7C, 0xCD, 0x1D, 0x15, 0x66, 0xC2, 0xFF, 0x09, 0x5F, 0x43, 0x5F, 0x2A, 0x06, 0xF9,
    0x81, 0xD9, 0xEC, 0x7E, 0x5B, 0xD4, 0xBA, 0x14, 0x5E, 0xD4, 0xE7, 0x66, 0x41, 0x1C, 0x9E, 0x60,
    0x50, 0xF5, 0xA5, 0xB4, 0x63, 0xB2, 0x3A, 0x88, 0x1D, 0x87, 0x68, 0xE8, 0x90, 0xE2, 0x8B, 0x90,
    0x8F, 0xE9, 0x0F, 0x43, 0x7C, 0x05, 0x62, 0x91, 0x73, 0xB6, 0x0A, 0x29, 0x6D, 0xC2, 0x66, 0xC7,
    0x6F, 0x2F, 0xAA, 0xC8, 0x19, 0xC9, 0xD7, 0x40, 0xF4, 0xA3, 0x64, 0xAE, 0x3B, 0xA3, 0x9F, 0xA5,
    0x5A, 0x6D, 0x1D, 0x29, 0xBD, 0xBE, 0x03, 0xEE, 0xFF, 0xF3, 0xE1, 0x47, 0x76, 0xF8, 0x6A, 0x2B,
    0x83, 0xF9, 0xF6, 0x28, 0xFD, 0xC9, 0x25, 0xFE, 0x4C, 0x27, 0xE4, 0x37, 0x68, 0xB8, 0xD6, 0x07,
    0xAE, 0x46, 0x63, 0x87, 0x4B, 0xCC, 0x59, 0x25, 0xA3, 0xBF, 0x4F, 0xBE, 0xD4, 0x1E, 0x2F, 0x18,
    0x1C, 0xEE, 0xE6, 0xEB, 0x62, 0x9B, 0x85, 0xE4, 0x0A, 0x1C, 0x86, 0xF8, 0x6E, 0x77, 0xBF, 0xA8,
    0x03, 0xFB, 0xC9, 0xA7, 0xF9, 0xE3, 0x6B, 0x62, 0x6B, 0xE9, 0xB5, 0x65, 0xD7, 0x25, 0xEC, 0x5D,
    0xB2, 0xDE, 0xEB, 0x11, 0x2F, 0xCB, 0xAC, 0xAF, 0x88, 0x6D, 0xE6, 0x45, 0x2B, 0xC5, 0x2B, 0xF7,
    0x6C, 0x3F, 0x48, 0x35, 0x48, 0xBC, 0x2A, 0xC6, 0x10, 0x6C, 0x87, 0x8C, 0xB1, 0x6D, 0xA1, 0xAD,
    0x2B, 0xD0, 0xA4, 0x33, 0xEC, 0xAB, 0x94, 0xFC, 0x21, 0xD7, 0xC1, 0xE2, 0x65, 0xFB, 0x81, 0x14,
    0xDE, 0x4E, 0x69, 0xF2, 0x4C, 0xD3, 0xC0, 0x22, 0x59, 0x79, 0xEE, 0x5F, 0x2A, 0x96, 0x82, 0xE3,
    0x3F, 0x3B, 0xA1, 0xC5, 0xE8, 0x39, 0x9D, 0x34, 0x4E, 0xA7, 0x8C, 0xD3, 0x49, 0xE3, 0x74, 0xCA,
    0x38, 0x58, 0x44, 0x66, 0xC3, 0x4D, 0x16, 0x45, 0xF6, 0xE0, 0x4B, 0x2A, 0x7D, 0x43, 0xC5, 0xD7,
    0x53, 0xFF, 0xA7, 0xF1, 0xCA, 0x43, 0x35, 0x38, 0xEF, 0xBC, 0x9B, 0xDA, 0xE3, 0x3F, 0xE7, 0x2B,
    0xEF, 0x0E, 0x59, 0x73, 0x6F, 0x3B, 0x1C, 0xC7, 0x68, 0x31, 0xB0, 0x84, 0x8D, 0xD7, 0x8D, 0x91,
    0x4E, 0x4E, 0x6F, 0xFB, 0x4F, 0x67, 0xB9, 0x7D, 0xAC, 0x32, 0xFE, 0x50, 0x2C, 0x5A, 0x2B, 0x06,
    0xD5, 0xE4, 0xE1, 0x60, 0xDB, 0x45, 0xE5, 0x92, 0xDE, 0xCF, 0xC1, 0x4E, 0x4E, 0xB1, 0x3E, 0xFF,
    0x95, 0x4A, 0x69, 0x28, 0x85, 0xB9, 0xC9, 0x78, 0x94, 0x0E, 0xE1, 0x14, 0x1B, 0x1F, 0x0A, 0xCA,
    0x12, 0x63, 0xAB, 0x52, 0x5D, 0x57, 0xCD, 0x3A, 0x84, 0x0B, 0x8C, 0xF5, 0x67, 0x25, 0xCC, 0xB2,
    0xB0, 0x32, 0xDA, 0x83, 0xA5, 0xE2, 0xE5, 0xE4, 0x50, 0x6A, 0xFC, 0x82, 0xFB, 0x13, 0x3C, 0xD1,
    0x66, 0xD6, 0x18, 0x2C, 0x25, 0xC5, 0x2A, 0x42, 0xA6, 0xDC, 0xA6, 0x6A, 0xD8, 0x6C, 0x68, 0x5D,
    0xA5, 0xEA, 0xC2, 0xAC, 0xA8, 0x7A, 0x78, 0x81, 0x20, 0x19, 0xBD, 0x4C, 0x0E, 0xF3, 0x68, 0x4B,
    0x1B, 0x03, 0x60, 0xAB, 0xDA, 0xDB, 0x7E, 0xE3, 0x96, 0x8B, 0x6D, 0x61, 0x0B, 0xDA, 0x2A, 0xB6,
    0x9A, 0xCD, 0xCD, 0x24, 0x39, 0xB1, 0x79, 0x6D, 0x2D, 0x5B, 0xCF, 0x86, 0xD1, 0x7E, 0x1A, 0x21,
    0x9A, 0x6A, 0xB3, 0xD4, 0x18, 0xA2, 0x9D, 0x2E, 0xB7, 0x66, 0xDA, 0x1C, 0x0C, 0xDD, 0x8D, 0x4D,
    0x19, 0x5D, 0xCB, 0x4B, 0x84, 0x0A, 0x76, 0x80, 0xA4, 0x5A, 0x74, 0x5A, 0xD6, 0xDE, 0x1F, 0x05,
    0x92, 0x18, 0xA5, 0x5A, 0x8E, 0xA2, 0x0E, 0xBA, 0xD7, 0x54, 0xF4, 0x73, 0x3F, 0x69, 0x45, 0x6B,
    0xFD, 0x08, 0x87, 0x1A, 0x40, 0x57, 0x9A, 0xB2, 0xD6, 0xBD, 0xD5, 0xE4, 0xAC, 0xB0, 0x1A, 0xF3,
    0x0C, 0x8C, 0x27, 0x53, 0xBC, 0x9B, 0xDF, 0x0C, 0xA1, 0x2C, 0x58, 0x9E, 0x66, 0xF6, 0x36, 0x43,
    0xAF, 0x2F, 0x2C, 0xCA, 0x89, 0xC6, 0xF6, 0x8D, 0x10, 0xEA, 0xBB, 0xF7, 0xA4, 0xC0, 0xF4, 0xCC,
    0xDC, 0x72, 0xF5, 0x05, 0x66, 0xB9, 0xD7, 0xB8, 0xE1, 0x0D, 0x70, 0x51, 0x03, 0xEF, 0xD5, 0xF7,
    0x04, 0x29, 0xD7, 0x28, 0x8A, 0xB0, 0x9F, 0xD5, 0xB6, 0x37, 0x6F, 0x64, 0x72, 0xCA, 0x4D, 0x4E,
    0xD7, 0x4E, 0xBC, 0x37, 0xC9, 0x4F, 0xF6, 0x69, 0x96, 0x36, 0x47, 0xBB, 0xB7, 0x07, 0xEF, 0xB1,
    0x39, 0xE0, 0x7D, 0x76, 0xE5, 0x7E, 0x73, 0xF8, 0x7E, 0xDD, 0xC8, 0x90, 0x4E, 0x09, 0xD8, 0xA5,
    0x56, 0xC1, 0x2B, 0xA9, 0xEF, 0x26, 0x29, 0x2D, 0x6D, 0x3E, 0x55, 0x86, 0x1F, 0x6A, 0x02, 0xEE,
    0x77, 0x74, 0x1F, 0x15, 0x43, 0xC7, 0x16, 0xE3, 0x1E, 0x19, 0x8F, 0xA3, 0xEF, 0x82, 0xCA, 0xD2,
    0x1F, 0xE5, 0xEA, 0x9E, 0xEB, 0x4F, 0x1E, 0xB9, 0x46, 0x89, 0xA1, 0x50, 0xE9, 0xF7, 0xE8, 0x58,
    0x81, 0x90, 0x02, 0x2F, 0x7B, 0x46, 0x63, 0x98, 0x63, 0xF7, 0xAF, 0xA0, 0x7E, 0x2D, 0xC7, 0x86,
    0x84, 0xA3, 0x6C, 0xED, 0x95, 0xC5, 0x90, 0x66, 0xC0, 0x9C, 0x0F, 0xCF, 0xE3, 0x5F, 0x5E, 0xF4,
    0x6E, 0xE6, 0xE0, 0xE8, 0xE3, 0xAC, 0x75, 0x6C, 0x0D, 0x9D, 0xDD, 0x85, 0xFD, 0x59, 0xD9, 0x82,
    0xF9, 0x3E, 0x6D, 0x6E, 0x63, 0x7C, 0xDA, 0x49, 0x03, 0x5A, 0xFA, 0x99, 0x8F, 0xEC, 0x8D, 0xE2,
    0x51, 0x1A, 0xE7, 0x1D, 0x82, 0x06, 0x8B, 0x18, 0xB7, 0xD5, 0xC7, 0x02, 0x69, 0x5E, 0xDD, 0x6C,
    0x8C, 0x68, 0x9F, 0xAE, 0x8C, 0x6D, 0x4B, 0xB2, 0xDB, 0x3C, 0xF7, 0xD5, 0xAC, 0x1F, 0x7C, 0xB0,
    0x58, 0x9E, 0x7B, 0x55, 0x6C, 0x9F, 0x09, 0x73, 0xF0, 0x0F, 0xD4, 0xEF, 0x30, 0x73, 0xB4, 0x7C,
    0x5C, 0x90, 0xAD, 0xCC, 0x1F, 0xDF, 0xB9, 0xB2, 0x9D, 0x50, 0x37, 0xB6, 0x67, 0x37, 0x53, 0x9C,
    0x7E, 0xC6, 0xDC, 0xD0, 0x17, 0x97, 0x26, 0x48, 0x41, 0x65, 0x3B, 0x4B, 0xEB, 0x39, 0xCC, 0x94,
    0xA9, 0x97, 0x9F, 0x59, 0xEC, 0x9A, 0x59, 0xE0, 0x0A, 0xBA, 0xAF, 0xEA, 0x50, 0x33, 0xCC, 0x60,
    0xF0, 0x12, 0x7A, 0xAF, 0x12, 0x07, 0x9E, 0x96, 0x1D, 0x74, 0x24, 0xD0, 0x77, 0x5B, 0x81, 0x34,
    0x90, 0xC1, 0x44, 0xE9, 0x8D, 0x0D, 0x65, 0xC7, 0x6F, 0xAD, 0x5E, 0xA7, 0xE2, 0x14, 0x42, 0x7A,
    0xF3, 0x10, 0x2A, 0x57, 0x73, 0xE9, 0xFC, 0x4F, 0x1E, 0x9F, 0xA2, 0x6C, 0x28, 0x53, 0x08, 0x5F,
    0x9A, 0x5C, 0xB5, 0xA7, 0x72, 0x01, 0x06, 0x86, 0xA7, 0x9C, 0x20, 0xA6, 0xA9, 0xFF, 0x42, 0xD0,
    0xEE, 0x4E, 0xD1, 0xC6, 0xA2, 0xF3, 0x58, 0xAD, 0x42, 0x3B, 0x29, 0x18, 0xF5, 0x1E, 0x07, 0xA5,
    0x81, 0x41, 0xEA, 0xA0, 0x03, 0xBA, 0x90, 0x6B, 0xBC, 0x35, 0x17, 0x74, 0xF0, 0xC5, 0xA9, 0x2D,
    0x0F, 0x99, 0x78, 0xD2, 0x60, 0xF6, 0xCC, 0x91, 0xB5, 0x36, 0x59, 0xAE, 0x3B, 0x74, 0x52, 0x85,
    0x8B, 0x82, 0xE2, 0x1C, 0x27, 0x9C, 0xDF, 0x74, 0xAE, 0xD1, 0x5A, 0x99, 0xBD, 0xC3, 0xE2, 0x61,
    0x8F, 0x51, 0xEF, 0xDD, 0xA0, 0x8B, 0x71, 0x4F, 0xDE, 0xBA, 0x35, 0x2B, 0xF2, 0x5F, 0xDD, 0x5C,
    0x05, 0x8C, 0xED, 0x48, 0x76, 0x2D, 0xDB, 0x99, 0xB1, 0x34, 0x4F, 0x92, 0xC3, 0x9C, 0x38, 0xCC,
    0x89, 0x43, 0xC2, 0x80, 0x1D, 0x66, 0x66, 0x66, 0x26, 0x31, 0x05, 0xCA, 0x61, 0xE6, 0x88, 0x69,
    0x19, 0x7A, 0x25, 0x05, 0x85, 0x01, 0x3B, 0xCC, 0x89, 0xC3, 0xE2, 0x75, 0x98, 0x93, 0xCA, 0x7C,
    0x8F, 0xE2, 0x99, 0x6F, 0xFB, 0xAC, 0xCF, 0x3D, 0x72, 0xDB, 0xFF, 0x75, 0xFF, 0xC1, 0xDD, 0x9D,
    0xEE, 0x6F, 0xF9, 0x9D, 0xE3, 0xF7, 0x0C, 0x75, 0xA9, 0xE8, 0x96, 0xBB, 0x9D, 0x73, 0x8F, 0x5C,
    0x5C, 0xD4, 0x2B, 0xE5, 0x40, 0xBB, 0x52, 0x21, 0x2A, 0x81, 0xCA, 0xDD, 0x67, 0x4B, 0xD1, 0x91,
    0x32, 0x51, 0x81, 0x9E, 0x54, 0x22, 0x90, 0x60, 0x14, 0x89, 0x12, 0x60, 0x58, 0xE9, 0x84, 0x92,
    0x94, 0x2D, 0xE5, 0xC8, 0x0B, 0xA7, 0x72, 0x22, 0x8D, 0x05, 0x09, 0x21, 0x9F, 0x78, 0x7D, 0x97,
    0xCF, 0xBC, 0xBE, 0xCD, 0x66, 0x5E, 0x5F, 0x65, 0x0B, 0x9F, 0xCF, 0x9D, 0x92, 0x60, 0x25, 0x2F,
    0x22, 0xA2, 0x8A, 0x45, 0x09, 0xFE, 0xE3, 0xE2, 0xE7, 0x51, 0x67, 0xA8, 0x78, 0x6B, 0x0E, 0x47,
    0x2A, 0xF5, 0xA0, 0x66, 0x22, 0x75, 0xCE, 0x35, 0x80, 0xC9, 0x35, 0x1B, 0xB2, 0xCC, 0x8B, 0x8B,
    0x57, 0xB8, 0x6D, 0x6B, 0x16, 0x13, 0x10, 0xC1, 0x0A, 0x9A, 0xAC, 0x80, 0x65, 0xC5, 0x9E, 0x45,
    0x9F, 0xEA, 0x04, 0xBC, 0x68, 0xC7, 0xA8, 0xD9, 0x64, 0x71, 0x89, 0x5D, 0x99, 0xE1, 0x89, 0x2F,
    0x9B, 0x5D, 0x0E, 0x97, 0x4D, 0xAE, 0x9C, 0x5C, 0x6E, 0xA8, 0xBD, 0x59, 0x71, 0x8E, 0x31, 0x9A,
    0x06, 0x83, 0xCB, 0x89, 0x2C, 0xAA, 0x0C, 0xCE, 0x61, 0x50, 0xF1, 0x59, 0x97, 0xB7, 0xA4, 0xC1,
    0xD7, 0x66, 0x58, 0x15, 0x84, 0x49, 0xB2, 0x75, 0xB7, 0xDD, 0xF6, 0xA5, 0xFB, 0x2E, 0x16, 0xF7,
    0x9B, 0xB3, 0xC9, 0x3A, 0x99, 0xE0, 0x14, 0x2E, 0xDE, 0x83, 0xEB, 0x06, 0xF8, 0xE1, 0x96, 0x99,
    0x55, 0xF2, 0x56, 0xA4, 0x5C, 0xE2, 0x97, 0xBD, 0x91, 0x17, 0x79, 0xD4, 0x52, 0xA2, 0xD2, 0x95,
    0xAF, 0x63, 0xEB, 0x8E, 0x4F, 0x66, 0xDD, 0xE6, 0xA7, 0x28, 0xC2, 0x64, 0xB6, 0x1D, 0x4C, 0x2A,
    0xA1, 0x69, 0x91, 0xA1, 0xA5, 0x61, 0x89, 0xDC, 0xBE, 0xDC, 0x30, 0x99, 0x8C, 0x32, 0x91, 0x1F,
    0x89, 0x91, 0x94, 0x3E, 0x2D, 0xD7, 0xD5, 0x07, 0xBB, 0xA2, 0x01, 0x5A, 0xCA, 0x6E, 0x2A, 0x52,
    0x86, 0x69, 0x37, 0xEF, 0x42, 0x53, 0x24, 0x18, 0x5C, 0xBA, 0x98, 0x9F, 0xE3, 0x9F, 0x72, 0x99,
    0x4C, 0x44, 0xED, 0x29, 0x8D, 0xA8, 0x9C, 0x45, 0xD3, 0x33, 0x25, 0x38, 0xF7, 0x96, 0xB2, 0x77,
    0xD9, 0xBA, 0x0C, 0x7D, 0x84, 0x91, 0x16, 0xA0, 0x2C, 0x09, 0xA9, 0x95, 0x8F, 0xE9, 0x2F, 0x45,
    0x4F, 0x44, 0x7F, 0x98, 0xB2, 0x81, 0x52, 0x58, 0x08, 0xF1, 0x77, 0xAA, 0x69, 0x5E, 0x38, 0x0D,
    0x47, 0x1D, 0x63, 0xF4, 0xE6, 0x37, 0x7B, 0x4C, 0x6B, 0x4A, 0x66, 0xF8, 0x67, 0x84, 0x1C, 0xAE,
    0xEC, 0xCA, 0xC9, 0xBD, 0xA5, 0xCC, 0xD4, 0xF0, 0x61, 0x30, 0xE8, 0xAF, 0x82, 0x4E, 0x0C, 0x6E,
    0x74, 0x7E, 0xF9, 0x22, 0xD4, 0xF4, 0x56, 0x95, 0xD1, 0xB7, 0x8A, 0x68, 0xAF, 0x68, 0x49, 0x86,
    0xA3, 0xF5, 0xB3, 0xF9, 0xF8, 0x2D, 0x1D, 0x8D, 0xDC, 0xA7, 0x3F, 0x28, 0xE6, 0x97, 0xF5, 0x27,
    0x9E, 0x20, 0xD8, 0x91, 0x2C, 0x5F, 0x3D, 0x3F, 0xE6, 0x7F, 0xF8, 0x25, 0xD1, 0x05, 0xE5, 0x5A,
    0x64, 0x71, 0x34, 0xE1, 0x50, 0x9F, 0x73, 0xD9, 0xE7, 0x14, 0x1E, 0xAC, 0x4A, 0x90, 0x4D, 0xE9,
    0x42, 0xA1, 0x55, 0x01, 0x34, 0xF6, 0x58, 0xF6, 0xB6, 0x2D, 0xA6, 0x8C, 0xE7, 0xDE, 0x90, 0x3B,
    0xE4, 0x0F, 0xE9, 0xEB, 0xCC, 0x23, 0xCE, 0x5C, 0xE2, 0xCC, 0x27, 0x72, 0x8A, 0xBC, 0xE2, 0x20,
    0xEC, 0xAF, 0x45, 0x9D, 0x95, 0x73, 0xE4, 0x1D, 0x67, 0xEE, 0x71, 0xE6, 0x1F, 0x39, 0x48, 0x1E,
    0x62, 0xF1, 0xAF, 0x70, 0xE6, 0x22, 0x50, 0x6A, 0x4A, 0x30, 0x48, 0xFB, 0x96, 0xC4, 0x26, 0x5E,
    0x95, 0xE8, 0x7C, 0x2B, 0x80, 0x9F, 0x92, 0xD8, 0x10, 0xB1, 0x64, 0x2F, 0x17, 0x35, 0x50, 0x63,
    0x1C, 0x22, 0x16, 0x6A, 0x5A, 0xB4, 0x94, 0x2C, 0x45, 0xCB, 0x86, 0x2F, 0x41, 0x1B, 0xA3, 0x75,
    0x31, 0xBA, 0xE4, 0x8C, 0x6A, 0xF6, 0x06, 0xA9, 0x7A, 0x8A, 0x13, 0x1C, 0x89, 0xCE, 0x4C, 0x45,
    0x99, 0xBA, 0x9C, 0x02, 0xAE, 0x60, 0x1C, 0xCC, 0x34, 0x4B, 0x8A, 0x49, 0x9D, 0x4F, 0x10, 0xB5,
    0x8A, 0x0F, 0xC9, 0x30, 0x6C, 0xDD, 0x82, 0x36, 0x55, 0x0F, 0x77, 0x82, 0x1A, 0xEE, 0x0C, 0x59,
    0x90, 0x8E, 0x85, 0x78, 0x2A, 0xD5, 0x57, 0x4E, 0x65, 0xAB, 0x38, 0x68, 0x9C, 0xF1, 0x38, 0xB3,
    0xC1, 0xEE, 0xD5, 0x3F, 0x62, 0xF2, 0xC1, 0x8C, 0xA7, 0x58, 0xB6, 0xA2, 0x29, 0xE8, 0xE3, 0x1E,
    0xBD, 0x49, 0x7A, 0x42, 0x67, 0xA2, 0x52, 0x29, 0xBA, 0xCF, 0xB8, 0x98, 0x8D, 0x29, 0x31, 0xB5,
    0x14, 0x57, 0x7C, 0xB6, 0x75, 0x67, 0xFC, 0x9E, 0x9D, 0x71, 0xB9, 0x28, 0x08, 0x31, 0xCB, 0xDA,
    0xC6, 0x99, 0x19, 0x98, 0xE5, 0x88, 0x63, 0xE0, 0xD3, 0x26, 0x09, 0x49, 0xB4, 0x0B, 0x7A, 0x11,
    0x8B, 0x51, 0xDF, 0xA5, 0xBB, 0xE5, 0x24, 0x54, 0xD6, 0xC5, 0xA1, 0xE5, 0x1D, 0x14, 0xD5, 0x0F,
    0x2E, 0x41, 0xB0, 0xA8, 0x5A, 0x09, 0x46, 0x39, 0x1F, 0x8E, 0x50, 0x9E, 0xD3, 0xB8, 0xD2, 0x7B,
    0xE3, 0x3F, 0x5E, 0xB0, 0xD2, 0xD1, 0x65, 0xF2, 0x55, 0x26, 0x27, 0x15, 0xA0, 0x06, 0x91, 0x75,
    0xB1, 0x26, 0x64, 0x4E, 0x0A, 0x26, 0x83, 0xE2, 0x50, 0xA2, 0x98, 0x7C, 0x72, 0x87, 0x04, 0x17,
    0x29, 0xE0, 0xBC, 0xA2, 0xB0, 0x81, 0x1A, 0x19, 0x11, 0x05, 0x97, 0x1F, 0x2E, 0xDD, 0x20, 0x2F,
    0xC8, 0x09, 0x9B, 0x0F, 0xE4, 0x82, 0xCD, 0x03, 0x72, 0xC0, 0x66, 0x7F, 0x99, 0x5F, 0x54, 0xC9,
    0xF8, 0xB2, 0xF9, 0x81, 0x64, 0x79, 0x19, 0x5E, 0x96, 0xBB, 0x34, 0x7B, 0x2A, 0x92, 0xD1, 0x77,
    0x9B, 0xC7, 0x17, 0x17, 0x2F, 0x90, 0x4F, 0x02, 0xF5, 0x11, 0x65, 0x40, 0xE7, 0xAE, 0xDF, 0x0A,
    0xC8, 0x0F, 0xA4, 0xF3, 0xA1, 0x53, 0xA3, 0x02, 0xED, 0x11, 0x3B, 0xF5, 0x87, 0x31, 0x03, 0xAB,
    0x8E, 0x86, 0x6D, 0xE8, 0x44, 0xED, 0x25, 0xA5, 0xA2, 0x93, 0xAC, 0x9B, 0x9D, 0x59, 0x56, 0x85,
    0x1F, 0x1B, 0xB9, 0xFB, 0xCB, 0xB0, 0xC8, 0xAA, 0xB3, 0x4A, 0x1A, 0x0D, 0x07, 0xC3, 0xB0, 0x29,
    0xAC, 0x2D, 0x32, 0x4F, 0x15, 0x57, 0x5B, 0xAF, 0xAE, 0x19, 0x5D, 0xBE, 0x68, 0x7C, 0x65, 0x18,
    0x5C, 0x3A, 0xBB, 0xE6, 0xB1, 0xCF, 0xF9, 0xA2, 0x59, 0x8F, 0x3E, 0xE0, 0xE4, 0xA4, 0x9B, 0x50,
    0x5A, 0xFB, 0xD1, 0x7D, 0x30, 0x25, 0xFB, 0x5C, 0x54, 0x2E, 0x37, 0x65, 0x4F, 0x66, 0xB6, 0x48,
    0x91, 0x5F, 0xA0, 0x56, 0xF9, 0x95, 0xB4, 0x0B, 0x07, 0xED, 0x36, 0xCA, 0xE5, 0xA0, 0x53, 0x7F,
    0xAB, 0x5D, 0xB0, 0x37, 0xC0, 0xA7, 0x59, 0x4F, 0x31, 0xD4, 0xEF, 0xD3, 0xD9, 0x00, 0xE6, 0x26,
    0x38, 0xE5, 0xB6, 0x19, 0xD7, 0xF9, 0x5E, 0x05, 0xAB, 0x93, 0xD0, 0x6F, 0x27, 0x51, 0x8A, 0x41,
    0xD2, 0x04, 0x5D, 0x19, 0x5E, 0x5F, 0xD6, 0x2D, 0x0E, 0xD6, 0x8D, 0x37, 0xEB, 0xEA, 0x5A, 0x09,
    0x74, 0xC4, 0xD1, 0xA4, 0x1A, 0xF7, 0xE9, 0xC8, 0x23, 0x2F, 0x88, 0x5F, 0x49, 0x25, 0xA6, 0x7C,
    0xB4, 0x0B, 0x1A, 0xDD, 0x89, 0xA3, 0x6D, 0xB2, 0xEE, 0xB6, 0x57, 0x8B, 0x74, 0x4A, 0xC0, 0x62,
    0x4D, 0xC9, 0xC6, 0x84, 0x28, 0xB1, 0x8F, 0xEF, 0xA3, 0x9F, 0xBA, 0x41, 0xD5, 0x82, 0xDB, 0x14,
    0x8D, 0xA4, 0x45, 0x43, 0x72, 0x20, 0x1C, 0x47, 0x5A, 0xF3, 0x93, 0x8D, 0x82, 0x65, 0x4F, 0x0C,
    0xEA, 0xD2, 0x97, 0xE3, 0x28, 0x38, 0x47, 0xCD, 0x51, 0x70, 0x32, 0x6A, 0xCA, 0x5F, 0x3D, 0xD5,
    0x28, 0x98, 0x59, 0xB1, 0x95, 0x0A, 0x51, 0xB9, 0x92, 0x37, 0xAA, 0x57, 0x7A, 0xAF, 0x9F, 0x47,
    0x55, 0x4E, 0xD6, 0x27, 0x93, 0xB2, 0x95, 0x16, 0x16, 0xA9, 0x51, 0xF0, 0xA2, 0x51, 0xF0, 0xBC,
    0xF5, 0xEC, 0x89, 0xC8, 0x89, 0xF8, 0x8C, 0x1F, 0x1D, 0xE8, 0x8E, 0x51, 0x05, 0x57, 0x25, 0x0B,
    0xFC, 0x0B, 0x0D, 0x90, 0x95, 0x29, 0x19, 0xCC, 0x09, 0xF5, 0xB9, 0x57, 0x3A, 0x5D, 0x52, 0x0C,
    0x54, 0xAB, 0x0C, 0x11, 0xE8, 0x16, 0xEB, 0xCE, 0xC3, 0xC9, 0x7A, 0xF3, 0x0C, 0x96, 0x3B, 0x58,
    0x88, 0xC5, 0xC4, 0x40, 0x53, 0x4F, 0x6E, 0x58, 0x19, 0x3A, 0xF5, 0xDF, 0xC5, 0x42, 0x8D, 0x73,
    0xB4, 0x8D, 0x06, 0x20, 0xB3, 0x3A, 0x6D, 0x7A, 0xE2, 0x7F, 0x29, 0xE3, 0x5C, 0xEE, 0xC3, 0x25,
    0xBA, 0x59, 0x03, 0xEA, 0x34, 0x30, 0x92, 0xCB, 0x39, 0x45, 0xAB, 0xA1, 0x89, 0xDD, 0xAB, 0xAE,
    0x6F, 0xF7, 0xDF, 0xF9, 0x5C, 0x72, 0x11, 0xCD, 0xF2, 0xD5, 0xB4, 0xCF, 0x25, 0x1F, 0x08, 0xFF,
    0x39, 0x6F, 0xA8, 0x8C, 0xC6, 0x01, 0x1D, 0x2A, 0xE2, 0x9B, 0xBA, 0x5B, 0xEA, 0xC5, 0xDB, 0xED,
    0x14, 0x6D, 0x6F, 0x25, 0x93, 0xA3, 0x32, 0x6E, 0x5A, 0x89, 0x21, 0xF2, 0x46, 0xAA, 0x65, 0x6A,
    0x0E, 0x35, 0xF3, 0xBC, 0xBA, 0xBD, 0x4D, 0x20, 0x42, 0x3D, 0x44, 0x75, 0x19, 0xC3, 0x27, 0x43,
    0x1D, 0x27, 0xBA, 0xFF, 0x25, 0xB7, 0xD4, 0xD9, 0xBC, 0x33, 0x9F, 0xC5, 0x14, 0xA2, 0x59, 0x2E,
    0x2E, 0x9A, 0xA5, 0x4A, 0x60, 0x5B, 0x9D, 0x8A, 0xAB, 0x93, 0xD8, 0x45, 0x78, 0xEC, 0x73, 0x3E,
    0x07, 0x8F, 0xA9, 0x5B, 0x43, 0xA0, 0x9A, 0x64, 0x0A, 0x6F, 0xBF, 0xE9, 0xBE, 0xF6, 0x0A, 0xEB,
    0x39, 0xB5, 0xD3, 0x73, 0x18, 0x2C, 0xE6, 0x6D, 0xB2, 0x3E, 0x8B, 0xB8, 0x98, 0x78, 0x7C, 0x2E,
    0x16, 0x55, 0xD3, 0xB1, 0x1F, 0xC4, 0x4D, 0xD0, 0x6F, 0x58, 0xD9, 0x87, 0xCB, 0xAE, 0xF1, 0x60,
    0x87, 0x1C, 0x9A, 0x9D, 0x28, 0x44, 0x88, 0xBC, 0x98, 0xF8, 0xF7, 0x26, 0xFB, 0xAB, 0x65, 0x3F,
    0x2C, 0x2E, 0x86, 0x92, 0x9E, 0xB3, 0x27, 0x9A, 0x5B, 0xE8, 0x1F, 0xCE, 0x7C, 0x4E, 0xB6, 0x67,
    0xA0, 0x4C, 0xDC, 0x67, 0xDB, 0x27, 0xEE, 0xB9, 0xED, 0x85, 0x52, 0xA2, 0xA3, 0xED, 0x83, 0xED,
    0x81, 0x7B, 0x63, 0x3B, 0xB4, 0xF7, 0xDC, 0x9D, 0x96, 0x20, 0xCC, 0x6D, 0x84, 0x98, 0x70, 0xB6,
    0x65, 0xC0, 0xA8, 0x54, 0x49, 0x61, 0xD3, 0x75, 0x82, 0x6B, 0x06, 0x89, 0xBE, 0x41, 0xAF, 0xE0,
    0x92, 0xC9, 0x93, 0x03, 0xD4, 0x4A, 0x11, 0x6B, 0xBA, 0x98, 0xED, 0xB0, 0x6C, 0xC9, 0xAE, 0x72,
    0x03, 0x3D, 0xFD, 0x08, 0x3D, 0x3D, 0x14, 0x4E, 0x96, 0xE6, 0x42, 0xAF, 0xD5, 0x21, 0x6D, 0xB9,
    0x5D, 0xB0, 0x7D, 0x3A, 0x36, 0x71, 0x56, 0x74, 0x62, 0x9F, 0xDA, 0xEA, 0x45, 0x2A, 0x6F, 0xEE,
    0x9E, 0x9C, 0xAD, 0x44, 0x79, 0x6E, 0xF3, 0xDE, 0xF0, 0x3C, 0x2B, 0x48, 0x49, 0x55, 0xCF, 0x95,
    0x3B, 0xF7, 0x06, 0xA8, 0x95, 0xC0, 0x52, 0x92, 0xC1, 0x3D, 0xA4, 0xB3, 0x26, 0x13, 0x46, 0x7E,
    0x14, 0x5F, 0x79, 0xE7, 0x8E, 0x9B, 0x47, 0xEB, 0xB0, 0x7D, 0x9E, 0x81, 0x01, 0xF8, 0x28, 0xE5,
    0x11, 0xA4, 0x27, 0x3A, 0x53, 0x8B, 0x42, 0x95, 0x9D, 0x9A, 0xA9, 0xC6, 0x46, 0x97, 0x9B, 0x3C,
    0xEE, 0x0D, 0x39, 0x6A, 0x9C, 0xD5, 0xCE, 0xE8, 0x47, 0x1D, 0x45, 0xD3, 0x4D, 0x09, 0x9C, 0x1C,
    0xA1, 0x84, 0xF6, 0x2E, 0xB2, 0xBC, 0x55, 0xC2, 0xBD, 0x4E, 0x50, 0xA5, 0xC7, 0xEA, 0x33, 0xDF,
    0x5B, 0x5F, 0x06, 0x49, 0xAD, 0xAA, 0x4B, 0xD1, 0x55, 0x04, 0x4B, 0xD0, 0x51, 0x09, 0x1D, 0x8D,
    0xD2, 0x44, 0x75, 0x9F, 0x3F, 0xED, 0x26, 0xDC, 0x0D, 0xB9, 0x37, 0x46, 0xFC, 0x2E, 0x15, 0xF9,
    0x5D, 0x2A, 0xF2, 0xBB, 0x8E, 0xB6, 0xB0, 0xD5, 0x91, 0xD4, 0xE6, 0x77, 0xE9, 0xCE, 0xEF, 0xA6,
    0xFB, 0xEE, 0xCD, 0xDD, 0xA7, 0xBF, 0xC2, 0x23, 0xD3, 0x61, 0xD8, 0x9A, 0x26, 0xED, 0x46, 0xB3,
    0xC3, 0x68, 0xC2, 0x17, 0xF8, 0x5F, 0xC8, 0x3C, 0x19, 0x80, 0xCE, 0x8E, 0x12, 0x00, 0x95, 0xAC,
    0xA5, 0x61, 0xB9, 0x9E, 0xDB, 0x69, 0x72, 0xFE, 0xA6, 0xB6, 0x1C, 0x60, 0x29, 0x98, 0x98, 0x37,
    0x2C, 0x09, 0x02, 0x91, 0xB6, 0x9D, 0x22, 0x4A, 0x39, 0x38, 0x5F, 0xB9, 0xF3, 0x8D, 0x86, 0x67,
    0x4F, 0xB9, 0xE2, 0x62, 0x38, 0xB3, 0x7E, 0xAE, 0xF2, 0x45, 0xC7, 0xEE, 0x64, 0xC5, 0xD1, 0x3A,
    0x95, 0x81, 0xF1, 0xEF, 0x03, 0x43, 0xA8, 0x09, 0x54, 0x0F, 0x81, 0x0A, 0xA1, 0xA7, 0x72, 0xCC,
    0x06, 0xCD, 0x2C, 0x2A, 0x9F, 0x62, 0x0A, 0x32, 0x29, 0x15, 0xA4, 0x14, 0x50, 0x02, 0x06, 0x6F,
    0x2A, 0x63, 0x10, 0x1F, 0xFA, 0x36, 0x25, 0xDE, 0xA6, 0x03, 0x06, 0xA7, 0xD0, 0x55, 0x2F, 0x02,
    0x33, 0xCC, 0x09, 0x41, 0x8E, 0xAC, 0xE9, 0x3B, 0x2C, 0x74, 0x5C, 0x02, 0xF3, 0xA2, 0x29, 0xCF,
    0x90, 0x31, 0x7F, 0xC1, 0xD2, 0x56, 0x7F, 0x65, 0x89, 0x13, 0xBC, 0x5A, 0x41, 0xC9, 0xCB, 0x49,
    0xB3, 0x48, 0xD1, 0x0F, 0x85, 0x29, 0x78, 0x49, 0x86, 0x3B, 0xE8, 0x48, 0x2D, 0x02, 0x89, 0xAB,
    0x52, 0x8A, 0x2F, 0x05, 0xD2, 0x42, 0xE2, 0xEF, 0xCA, 0xE3, 0xB5, 0xCA, 0xE3, 0xB5, 0xD4, 0x3E,
    0xDE, 0xF2, 0x78, 0x57, 0x3B, 0xFD, 0xE6, 0xDE, 0x01, 0x43, 0x2F, 0xEA, 0x8C, 0xD0, 0xEE, 0x23,
    0x1B, 0xBA, 0xEC, 0xE8, 0x8B, 0xC9, 0x4E, 0x1D, 0xBB, 0xE1, 0xC1, 0x30, 0xDC, 0x27, 0x21, 0xDD,
    0x25, 0x1C, 0xD3, 0xB4, 0x19, 0x6A, 0x3A, 0xCA, 0x72, 0x6F, 0xA0, 0x7C, 0x3F, 0x68, 0x31, 0xFB,
    0x65, 0xA0, 0xB6, 0xDE, 0x86, 0x44, 0xD2, 0x4E, 0x1A, 0xF3, 0x58, 0x98, 0x03, 0x56, 0x1F, 0x7F,
    0x9E, 0x91, 0x38, 0x4B, 0xCB, 0x13, 0xDD, 0x15, 0xA8, 0xA3, 0x0F, 0x4C, 0x99, 0xAB, 0x07, 0xE2,
    0xC1, 0x51, 0x56, 0x2D, 0x78, 0x10, 0x35, 0x7E, 0x99, 0x77, 0xCC, 0xA6, 0x7D, 0x22, 0xBF, 0xCF,
    0x41, 0x4C, 0x7F, 0x59, 0x26, 0xB2, 0x39, 0x65, 0xA0, 0xC2, 0x96, 0xB4, 0xBF, 0x2E, 0x75, 0xD7,
    0x3E, 0x4F, 0xC0, 0xA8, 0xD8, 0x81, 0x63, 0x3D, 0x30, 0xF9, 0x93, 0x05, 0x57, 0xD4, 0xEE, 0xD7,
    0x2F, 0x55, 0xA9, 0x5F, 0x27, 0xBB, 0x5C, 0x5F, 0x1A, 0x8C, 0x6A, 0xAB, 0xE4, 0xF6, 0xE7, 0xD4,
    0x00, 0xCF, 0xEE, 0x9E, 0x07, 0x03, 0x98, 0x0C, 0x3C, 0xC1, 0xD2, 0xF7, 0xCA, 0xEB, 0x9E, 0x79,
    0x56, 0x6E, 0x9C, 0x09, 0x93, 0x7D, 0xDD, 0x9C, 0xBA, 0xAF, 0xC0, 0x3F, 0x69, 0x0F, 0x3E, 0xEB,
    0x1E, 0x75, 0x60, 0x7B, 0xE7, 0x55, 0x9E, 0x75, 0x5E, 0x67, 0x83, 0x01, 0x7D, 0xFE, 0x79, 0xFD,
    0xC0, 0x3E, 0xB1, 0x65, 0x25, 0x96, 0x7D, 0x11, 0x67, 0xA1, 0xFA, 0x8A, 0x2C, 0x7E, 0x98, 0x4C,
    0x6A, 0x66, 0xD5, 0xB1, 0x7D, 0xF5, 0xA1, 0x98, 0x4E, 0xA3, 0x2B, 0xA7, 0x6C, 0x70, 0xE5, 0x98,
    0x07, 0xE7, 0x87, 0xB2, 0x73, 0x4D, 0xA0, 0x33, 0x43, 0xC3, 0xA2, 0x7F, 0xE3, 0x75, 0x6B, 0xC7,
    0x8C, 0x8D, 0x9F, 0x2D, 0x27, 0x95, 0xCC, 0xFF, 0x37, 0x2B, 0x0C, 0xA8, 0x9C, 0x0F, 0x14, 0xF6,
    0xD1, 0xC9, 0x39, 0xFC, 0xE3, 0x40, 0xCD, 0xD5, 0x1A, 0x98, 0xFE, 0x9B, 0x18, 0x35, 0xA1, 0x22,
    0xB8, 0x7B, 0x24, 0x58, 0x24, 0x81, 0xEC, 0x79, 0x10, 0x43, 0xB0, 0x7C, 0xBA, 0x5A, 0x4F, 0x41,
    0x41, 0x48, 0xA9, 0xA0, 0x9E, 0x2A, 0xC5, 0x84, 0x2A, 0x42, 0x0A, 0xF2, 0xF9, 0xEF, 0xC0, 0x02,
    0xA2, 0x40, 0xCC, 0x0D, 0x79, 0x5B, 0x0E, 0xCA, 0xA6, 0xFC, 0x4D, 0x29, 0x9F, 0x4B, 0x92, 0x51,
    0x1D, 0x06, 0x25, 0x30, 0xD4, 0xC9, 0x0F, 0x46, 0xAF, 0x7E, 0xF2, 0x50, 0x20, 0x80, 0xF6, 0x88,
    0x29, 0xB1, 0x3E, 0x11, 0xAB, 0xA7, 0x8C, 0x0F, 0x1F, 0x5E, 0xE0, 0x70, 0xB7, 0xDB, 0x06, 0x47,
    0x91, 0xDD, 0xC9, 0x8E, 0xB1, 0xB5, 0x6E, 0xA0, 0xD4, 0xE0, 0xE6, 0x38, 0x56, 0xD2, 0x07, 0x3F,
    0x67, 0x19, 0x10, 0xCA, 0x99, 0x61, 0xB0, 0x06, 0xDA, 0xB6, 0x92, 0xB0, 0xCF, 0xE3, 0x52, 0xE8,
    0x7B, 0x31, 0x8B, 0xD1, 0xEB, 0xF4, 0xC5, 0xF5, 0x8B, 0x08, 0xEA, 0xD6, 0x99, 0x3E, 0xCA, 0x36,
    0xB6, 0x39, 0x6C, 0x6F, 0x3A, 0x34, 0x08, 0xA6, 0x83, 0xAD, 0xBD, 0x18, 0x8F, 0xE6, 0x14, 0xFC,
    0xAF, 0x8D, 0x50, 0x22, 0xFC, 0xF9, 0x4C, 0xBD, 0x62, 0xFC, 0x31, 0x38, 0x70, 0x4B, 0xF0, 0xDB,
    0x70, 0x0D, 0xF9, 0x7B, 0x51, 0x81, 0xFC, 0x91, 0x68, 0xD1, 0x53, 0x26, 0xFC, 0x26, 0x5A, 0x16,
    0x85, 0xBF, 0x54, 0x51, 0xFE, 0x8E, 0x8A, 0x2A, 0xEF, 0xA0, 0xB6, 0x64, 0xD9, 0x5D, 0x54, 0x1A,
    0xE6, 0x40, 0x9D, 0x92, 0xF1, 0x68, 0xCC, 0x22, 0x52, 0x2C, 0x4E, 0x45, 0xCC, 0x4E, 0xFD, 0xD3,
    0xA4, 0x6A, 0x46, 0xE6, 0xF6, 0x5D, 0x7B, 0xF6, 0xF5, 0x84, 0xBD, 0xA7, 0x69, 0xCC, 0x7B, 0xCB,
    0xB9, 0xE2, 0x91, 0xD5, 0xCE, 0x3F, 0x7F, 0x66, 0x13, 0x1C, 0xED, 0x57, 0x27, 0x38, 0xB6, 0x97,
    0x66, 0x99, 0xE3, 0x04, 0xC7, 0xDB, 0xDE, 0x70, 0xA7, 0x17, 0x10, 0x1E, 0x24, 0x7B, 0x9F, 0x6D,
    0x45, 0xE7, 0xC4, 0x41, 0x9C, 0x0D, 0x4E, 0x1C, 0xC4, 0xA5, 0x38, 0x43, 0x6B, 0x9C, 0xCC, 0x37,
    0xC3, 0x1F, 0xC7, 0x2D, 0x1D, 0x0D, 0xE7, 0x43, 0x4A, 0x7C, 0xD1, 0x18, 0x40, 0x49, 0xDF, 0xF3,
    0x1E, 0x9F, 0x55, 0xEA, 0x1B, 0xED, 0x3B, 0x7E, 0x4B, 0x75, 0xAF, 0x5C, 0xBD, 0x24, 0x2D, 0x83,
    0x9E, 0x88, 0x4A, 0x17, 0x4E, 0x0F, 0x72, 0xDD, 0x8B, 0x50, 0xD1, 0xAB, 0xFE, 0xEF, 0x60, 0x4A,
    0x8D, 0x56, 0x01, 0xBB, 0x3D, 0xED, 0xF3, 0xD5, 0x37, 0xA3, 0xEE, 0xF9, 0x96, 0xC3, 0x32, 0xDF,
    0x1B, 0x06, 0xC3, 0xC9, 0x70, 0x21, 0x7E, 0x17, 0xEC, 0xD8, 0xB7, 0xC4, 0xA2, 0x27, 0x66, 0x81,
    0x98, 0x4E, 0xC4, 0x78, 0x21, 0x3A, 0x18, 0x96, 0x2D, 0xB1, 0xE8, 0x89, 0x59, 0x20, 0x26, 0x13,
    0x31, 0x5E, 0x88, 0x0E, 0x86, 0xE5, 0xEF, 0x13, 0x8B, 0x7F, 0x24, 0x66, 0xFF, 0x4F, 0x4C, 0x40,
    0x8C, 0x0C, 0x9D, 0xB0, 0x34, 0xCC, 0x0D, 0x55, 0x53, 0x52, 0xC3, 0x93, 0x61, 0xD6, 0x5F, 0x26,
    0xE4, 0x00, 0xE1, 0x0A, 0xC7, 0x11, 0xF9, 0x37, 0x38, 0x37, 0xE5, 0x18, 0xDC, 0xD4, 0x60, 0x71,
    0x58, 0xBE, 0x08, 0x15, 0x7A, 0xE7, 0x5B, 0xF6, 0x22, 0x2D, 0x27, 0x62, 0x84, 0x4C, 0xB0, 0x3C,
    0x07, 0x70, 0xD7, 0x43, 0xDE, 0x4A, 0x3C, 0x76, 0x5B, 0x04, 0xA7, 0x7E, 0x2E, 0xD2, 0xBA, 0x6E,
    0x02, 0x0C, 0x3B, 0x45, 0x9F, 0xF3, 0x39, 0x9F, 0xEE, 0xAE, 0x06, 0x02, 0x7A, 0xA5, 0xA1, 0x16,
    0xE5, 0x52, 0xF5, 0x3A, 0x80, 0x25, 0xE6, 0xD4, 0x81, 0x66, 0xC1, 0x06, 0x68, 0x05, 0x2F, 0x83,
    0x95, 0x45, 0x62, 0xA5, 0xF3, 0x95, 0xAF, 0xAC, 0xF8, 0xC6, 0x19, 0xE1, 0xA9, 0xA9, 0x11, 0x79,
    0xDD, 0xA7, 0xA7, 0xD4, 0xF6, 0xCC, 0x46, 0xED, 0x17, 0x54, 0xDE, 0x6C, 0x55, 0x3E, 0xD3, 0x2A,
    0x3F, 0x43, 0x05, 0x68, 0xD0, 0x6A, 0xF8, 0x6C, 0x7D, 0x8C, 0xAA, 0xF7, 0x43, 0x9F, 0xED, 0x2C,
    0x63, 0xF5, 0x12, 0x4B, 0x56, 0x09, 0xDC, 0xE7, 0x7C, 0x0E, 0x7F, 0x35, 0xE5, 0x5E, 0xC9, 0xE7,
    0x23, 0x68, 0x82, 0x96, 0xD1, 0x39, 0x45, 0x60, 0xB9, 0xAD, 0xCB, 0x82, 0xAF, 0xDC, 0x29, 0x80,
    0x6B, 0x01, 0x84, 0x71, 0xA1, 0x96, 0x67, 0x60, 0x27, 0x1A, 0xE7, 0xD2, 0xA1, 0xAC, 0x5C, 0x16,
    0x78, 0x5B, 0x9F, 0x33, 0x8C, 0x4F, 0x78, 0x15, 0xAA, 0x58, 0x2F, 0x40, 0xD8, 0x38, 0x4F, 0x25,
    0x46, 0x53, 0x3C, 0x58, 0xC6, 0x55, 0x6F, 0x6E, 0x4D, 0x25, 0xBF, 0xF9, 0xA0, 0x41, 0xE0, 0xF7,
    0x82, 0xAE, 0xE0, 0xB8, 0xF1, 0x7C, 0x7B, 0x18, 0x8F, 0x93, 0xFC, 0x65, 0x22, 0x9B, 0xAA, 0x1F,
    0x96, 0xCB, 0x6A, 0x25, 0xB2, 0x5B, 0x4B, 0x64, 0x23, 0xD8, 0x3B, 0x52, 0x08, 0xD6, 0x8E, 0x93,
    0x2C, 0x1E, 0x0B, 0x52, 0x33, 0x96, 0xB3, 0x68, 0xDA, 0x09, 0xC3, 0x3D, 0x14, 0x48, 0x91, 0x28,
    0x41, 0xCF, 0x1B, 0x52, 0xB4, 0x25, 0x58, 0x64, 0x9D, 0x6B, 0xE0, 0xA3, 0x44, 0xB6, 0xB2, 0xA1,
    0xA3, 0xDA, 0x86, 0x5E, 0xB2, 0x54, 0x5B, 0x3A, 0x44, 0xD3, 0x68, 0xBA, 0x62, 0x48, 0x02, 0x3D,
    0x65, 0xC9, 0xA1, 0xD1, 0x5C, 0xF5, 0xF7, 0x36, 0xC4, 0xFE, 0x38, 0x56, 0xEA, 0xF1, 0x74, 0x36,
    0x77, 0x8D, 0xB5, 0x72, 0x67, 0x4F, 0x02, 0x15, 0xDE, 0xDF, 0x91, 0x62, 0xE3, 0xA7, 0x5C, 0x85,
    0xCB, 0x67, 0x6B, 0xFB, 0x16, 0xD7, 0x04, 0x22, 0x8E, 0xD8, 0xF3, 0xEC, 0x8A, 0xC5, 0xC4, 0x5F,
    0x4A, 0xC3, 0x66, 0x74, 0xCD, 0x10, 0xF1, 0xEB, 0xEA, 0xE3, 0x8E, 0x8F, 0x57, 0x1A, 0x79, 0xB1,
    0x50, 0x51, 0x89, 0xD5, 0xBE, 0x0A, 0x2C, 0xF1, 0xF1, 0x65, 0xA0, 0x07, 0x13, 0x68, 0x9B, 0x64,
    0x73, 0x3B, 0x2A, 0x2F, 0x8F, 0xB0, 0xE8, 0xCB, 0x10, 0x9B, 0x94, 0x61, 0xCB, 0xC8, 0xD8, 0xD1,
    0xC9, 0xA6, 0x25, 0x7A, 0x4D, 0x87, 0xBF, 0x2B, 0x97, 0xAE, 0x2B, 0xB4, 0xA8, 0x10, 0x9B, 0xCD,
    0x64, 0x6B, 0xC0, 0xDD, 0xF7, 0x28, 0x05, 0x16, 0x1E, 0xE9, 0x49, 0xE7, 0x47, 0x5C, 0x66, 0x10,
    0xFA, 0xC9, 0x49, 0x99, 0x08, 0x76, 0x94, 0xE1, 0xF1, 0x2F, 0x3B, 0x17, 0x7E, 0x57, 0xC8, 0x91,
    0xCC, 0x87, 0x9B, 0x46, 0x83, 0x3C, 0xB0, 0xF9, 0xA2, 0x97, 0x5D, 0x4A, 0x40, 0x35, 0x0A, 0xC0,
    0x9F, 0x1F, 0x1F, 0x61, 0x7E, 0xC1, 0x7C, 0x42, 0x95, 0xC3, 0x29, 0x71, 0x46, 0xEF, 0xA0, 0x75,
    0x68, 0xFD, 0x68, 0x12, 0x36, 0x1D, 0x7D, 0x84, 0x35, 0xDD, 0xDE, 0x81, 0x07, 0xC0, 0x7E, 0xD0,
    0xA2, 0xDF, 0x0F, 0x34, 0x16, 0x44, 0xA0, 0x5D, 0x74, 0xD0, 0x98, 0x82, 0x74, 0x1C, 0xAA, 0xB4,
    0x32, 0xDF, 0xE1, 0xB1, 0x6F, 0x63, 0x72, 0x70, 0x77, 0xC8, 0x6C, 0xE1, 0x41, 0xE9, 0x0A, 0x58,
    0x12, 0x74, 0xA9, 0x2E, 0x97, 0x50, 0x92, 0x70, 0x4C, 0x71, 0xF8, 0xE1, 0xF8, 0x3E, 0x2E, 0x88,
    0xEE, 0x91, 0x97, 0x5C, 0xB7, 0x32, 0xBE, 0xEC, 0xEF, 0xB9, 0x91, 0xA6, 0x7D, 0x55, 0x5A, 0xC4,
    0x4E, 0x1F, 0x35, 0x89, 0x0E, 0xB6, 0xFE, 0xBB, 0x8E, 0xD0, 0xF1, 0x5B, 0xAC, 0xDE, 0xDB, 0x92,
    0x17, 0x24, 0x45, 0x90, 0xA4, 0x4D, 0x55, 0x4F, 0x2E, 0xA7, 0x20, 0x50, 0xDE, 0xC7, 0x82, 0x41,
    0xE1, 0x6B, 0x31, 0xAB, 0xA5, 0x81, 0x63, 0xFA, 0x47, 0x86, 0xF4, 0x83, 0x15, 0xD7, 0x04, 0x7B,
    0xBA, 0x29, 0x1D, 0xB4, 0xFC, 0xAA, 0x44, 0x8F, 0xFD, 0xAC, 0xA0, 0x50, 0xBB, 0x72, 0xB6, 0xFA,
    0xCA, 0x29, 0xE7, 0xC7, 0xCD, 0x2E, 0xC2, 0x97, 0x4D, 0x2E, 0x96, 0x13, 0x05, 0x2F, 0x59, 0x61,
    0xB0, 0x5A, 0x7E, 0x75, 0xC2, 0x37, 0xDD, 0x3B, 0xE1, 0x1B, 0x09, 0x03, 0x21, 0xB0, 0x84, 0x63,
    0x4E, 0x80, 0x46, 0x5A, 0xAA, 0x15, 0x30, 0x12, 0xE0, 0xBC, 0x7B, 0x1B, 0xB4, 0xEC, 0x65, 0x09,
    0x79, 0xBF, 0x42, 0x16, 0xAE, 0x42, 0xDE, 0xE9, 0x12, 0x17, 0xA3, 0xF2, 0x34, 0xD6, 0x0A, 0x3D,
    0xA1, 0x75, 0x9E, 0xE9, 0x6A, 0x76, 0xDF, 0x2B, 0x24, 0x23, 0x61, 0x5A, 0xC1, 0x81, 0xD0, 0xD4,
    0x97, 0x4F, 0xB6, 0x47, 0x0D, 0xEC, 0xBC, 0x27, 0xAF, 0xE9, 0xF9, 0x41, 0x67, 0xC2, 0x42, 0xB0,
    0x51, 0xD0, 0x68, 0x41, 0x41, 0x50, 0xCE, 0x92, 0x27, 0xDE, 0xAB, 0x2A, 0x99, 0x5D, 0xCC, 0xD6,
    0x8F, 0xBF, 0x5B, 0x97, 0xB3, 0x14, 0x2C, 0x7B, 0x75, 0x9B, 0xF6, 0xA9, 0x9F, 0xD9, 0x47, 0x9B,
    0x3A, 0xE0, 0x7C, 0xBB, 0xDF, 0x39, 0xF7, 0x61, 0xEB, 0xE7, 0xD7, 0xB4, 0x70, 0xAC, 0x17, 0x37,
    0x5E, 0x61, 0x16, 0x2E, 0x4C, 0x2A, 0xE0, 0x9E, 0x17, 0x37, 0x46, 0x3D, 0xA1, 0xBB, 0xED, 0xE1,
    0xE9, 0xDB, 0x32, 0xB8, 0xE2, 0xFF, 0xAC, 0xB5, 0x9D, 0xB7, 0xFC, 0x8D, 0xB5, 0x7E, 0xEF, 0xE1,
    0x5E, 0xAF, 0xE1, 0xA9, 0x2D, 0xAA, 0xF7, 0x09, 0x8F, 0x5D, 0xA8, 0xF3, 0x29, 0x2A, 0x3D, 0xE8,
    0x3C, 0x33, 0xDD, 0xAB, 0x85, 0x56, 0x77, 0xAB, 0xE5, 0xC7, 0xE0, 0x80, 0x9F, 0xC7, 0x68, 0xED,
    0x93, 0xB2, 0xCC, 0x35, 0x15, 0x7E, 0x03, 0x35, 0xEF, 0xDB, 0xFA, 0xAD, 0xDC, 0x79, 0xE9, 0xAB,
    0x40, 0xD1, 0x31, 0xDB, 0x4F, 0xCA, 0xAB, 0x98, 0x0D, 0x0A, 0x8D, 0xC1, 0x25, 0x1E, 0xFA, 0x87,
    0x03, 0xD1, 0x4F, 0x6C, 0xA4, 0x4A, 0x50, 0xE3, 0x02, 0x8B, 0x5E, 0xB6, 0x86, 0xBC, 0x35, 0x6A,
    0x39, 0x9B, 0x12, 0x3F, 0xFE, 0x0C, 0xDE, 0xC2, 0xB7, 0x5E, 0xCD, 0x03, 0x55, 0x44, 0xAF, 0x5A,
    0x8F, 0x7A, 0x42, 0xE5, 0x87, 0x6C, 0x71, 0x79, 0x25, 0x73, 0xEA, 0xA1, 0xA8, 0x34, 0x18, 0x64,
    0x29, 0x5B, 0xBA, 0xD6, 0x6B, 0x78, 0xD2, 0x47, 0x0C, 0x29, 0xDF, 0x39, 0xF4, 0x18, 0x63, 0x0A,
    0x08, 0xB4, 0xB9, 0x04, 0x53, 0x0E, 0xB7, 0x7E, 0x4E, 0x26, 0x8B, 0xCE, 0x4C, 0xD6, 0xF3, 0x09,
    0x57, 0x4D, 0x56, 0x1E, 0x4C, 0x16, 0xA1, 0x8F, 0xCD, 0x64, 0xE5, 0x3D, 0x26, 0x7B, 0xA2, 0x39,
    0x9A, 0x6C, 0xDA, 0x4C, 0x76, 0xD2, 0x92, 0xC5, 0x87, 0x12, 0x9C, 0x6A, 0xDB, 0xCF, 0x07, 0x3E,
    0xE5, 0x14, 0x8E, 0x7F, 0xDC, 0xF3, 0x0C, 0xCD, 0x15, 0x03, 0xA3, 0x5D, 0x2C, 0x09, 0xE5, 0x53,
    0x8E, 0x9F, 0x62, 0xCB, 0xF5, 0x71, 0xCD, 0xB4, 0x59, 0x3E, 0x0F, 0xAD, 0x99, 0x2B, 0xDB, 0xCD,
    0xE5, 0x69, 0xAE, 0x53, 0xBB, 0x85, 0xDD, 0x23, 0x60, 0xC3, 0x40, 0x30, 0x29, 0xF5, 0x9E, 0xDA,
    0x5B, 0xBF, 0xE0, 0xE1, 0x57, 0xD0, 0xBB, 0xC5, 0xC0, 0x79, 0xAE, 0xA9, 0x8F, 0x65, 0xEF, 0xCA,
    0xF2, 0xF6, 0x76, 0xC5, 0xEB, 0xFE, 0xC2, 0x7C, 0x71, 0x78, 0x61, 0x1E, 0xF7, 0x7D, 0x61, 0x5E,
    0x8E, 0x90, 0x27, 0x5C, 0x74, 0x18, 0x0C, 0x9A, 0x33, 0x9C, 0x79, 0x43, 0x8D, 0x81, 0xFC, 0x21,
    0x87, 0x28, 0x80, 0x15, 0xC1, 0x5B, 0x08, 0x5B, 0x0C, 0x6B, 0x3C, 0x63, 0x51, 0xEC, 0x2C, 0x8C,
    0x9D, 0xC5, 0xB1, 0x33, 0xCF, 0x38, 0x8B, 0x64, 0xF9, 0x46, 0xB1, 0x6C, 0xBF, 0x60, 0x29, 0x88,
    0x73, 0x49, 0x9C, 0x8E, 0x28, 0x27, 0x9C, 0xAD, 0x89, 0x08, 0xF7, 0x5C, 0xE4, 0x53, 0x24, 0x3F,
    0x25, 0xFA, 0x11, 0x97, 0x7D, 0x11, 0xA6, 0x3C, 0xE2, 0xB8, 0x7B, 0x3D, 0x53, 0x07, 0x51, 0xED,
    0xBF, 0x24, 0xD6, 0xB7, 0x7D, 0x14, 0x31, 0xD1, 0x44, 0xAE, 0xA9, 0xED, 0x39, 0xE3, 0x79, 0xD2,
    0xDB, 0x5C, 0xCB, 0xBA, 0x55, 0x02, 0x1D, 0xFB, 0xD8, 0xA7, 0xB5, 0x02, 0x3E, 0xD3, 0x20, 0x3F,
    0xE7, 0x0A, 0x1B, 0x80, 0x0F, 0x56, 0x53, 0x22, 0x7E, 0x38, 0x0F, 0xFB, 0x27, 0x5D, 0xCF, 0x7E,
    0xF2, 0x5D, 0xD6, 0x8F, 0x07, 0x8B, 0xDD, 0xF3, 0x2E, 0xCA, 0xBA, 0x28, 0xE7, 0x92, 0xED, 0x4D,
    0xED, 0x79, 0xB6, 0xE5, 0xA6, 0xDA, 0x5A, 0x9B, 0x26, 0xFC, 0x19, 0x21, 0x27, 0x94, 0x9D, 0x14,
    0x7E, 0xB3, 0xCF, 0x6E, 0x78, 0xD3, 0xBC, 0xF7, 0x39, 0x12, 0x71, 0x5F, 0x53, 0xA6, 0x99, 0x35,
    0x96, 0xD9, 0x73, 0xFC, 0x7B, 0x86, 0x3D, 0xBD, 0x6F, 0x86, 0x9D, 0x40, 0x93, 0x9B, 0xCD, 0xCD,
    0xE8, 0xB2, 0x5E, 0x4C, 0xD8, 0x5E, 0xC1, 0xD8, 0xDE, 0x39, 0x8C, 0x45, 0x7A, 0x1D, 0xE6, 0xDA,
    0x4D, 0x9D, 0xF5, 0x25, 0x8D, 0x54, 0x8F, 0xBB, 0x6B, 0xCE, 0xFE, 0x1C, 0x40, 0xC4, 0x36, 0x8B,
    0x46, 0xA5, 0x5D, 0xE3, 0xCB, 0x18, 0x49, 0x8E, 0x54, 0xAF, 0x3B, 0x2D, 0x4B, 0xE3, 0x2A, 0xFF,
    0xA3, 0xEC, 0xCF, 0x4E, 0x8B, 0x51, 0x71, 0x78, 0xE3, 0xBE, 0x72, 0x8D, 0xFD, 0x21, 0x02, 0x95,
    0x48, 0x34, 0xD6, 0x88, 0xEF, 0xFD, 0xEB, 0x9A, 0x02, 0x5B, 0x4F, 0x50, 0xBB, 0xB3, 0xBF, 0x7B,
    0x15, 0x4A, 0xEF, 0xC3, 0x66, 0x33, 0x8E, 0x75, 0x97, 0x98, 0x89, 0x76, 0xD4, 0xB6, 0x57, 0x5A,
    0xB9, 0x3F, 0xCF, 0x50, 0x2D, 0xB6, 0x4F, 0x5A, 0xC8, 0xE7, 0x5E, 0xEE, 0xE9, 0x29, 0x1A, 0xA5,
    0x9C, 0x9D, 0xB9, 0xEF, 0x8B, 0x10, 0x28, 0x90, 0xA6, 0x2A, 0x36, 0x88, 0x9A, 0x9A, 0x8E, 0xD6,
    0x51, 0x27, 0x72, 0xAA, 0x38, 0xA0, 0xCB, 0x56, 0x2C, 0xFE, 0x43, 0x2E, 0x9C, 0xF7, 0x45, 0xC7,
    0x37, 0x3B, 0x5F, 0x8D, 0xB5, 0xD6, 0x1A, 0xAF, 0x37, 0x2C, 0xDA, 0xC6, 0xD0, 0x57, 0x4E, 0xD9,
    0x0C, 0xE7, 0x2B, 0xE6, 0x67, 0x40, 0xC5, 0x53, 0x4E, 0xDC, 0xEF, 0xD2, 0xD2, 0x1A, 0x43, 0x16,
    0xEA, 0x53, 0x3E, 0xA7, 0x5A, 0x21, 0x70, 0x90, 0x3A, 0xB8, 0xEF, 0x70, 0x0E, 0xAF, 0x62, 0xB4,
    0x20, 0x6C, 0xF9, 0xE0, 0x2D, 0x65, 0xB2, 0xB5, 0x3E, 0x69, 0x78, 0xF6, 0x70, 0x0A, 0x4A, 0x97,
    0xD4, 0xCA, 0x99, 0x14, 0x61, 0x95, 0xCD, 0x87, 0x6C, 0xF9, 0x26, 0xE6, 0x2E, 0x70, 0x27, 0x44,
    0xC0, 0x47, 0x05, 0xF7, 0xD0, 0xA7, 0x1F, 0xB3, 0xD4, 0x1E, 0x46, 0x0A, 0x8D, 0x68, 0x2E, 0x28,
    0x53, 0x3C, 0x66, 0x24, 0x7D, 0xD3, 0xB9, 0xFD, 0xCA, 0x6C, 0xBC, 0xB5, 0x91, 0xAF, 0x49, 0x8C,
    0x0C, 0x4F, 0x1F, 0x10, 0x3F, 0x8E, 0xE8, 0x93, 0x41, 0xC7, 0xFA, 0x5D, 0xD7, 0xE8, 0xFA, 0x1B,
    0x51, 0x2F, 0x94, 0x4A, 0x7E, 0x01, 0x25, 0x9A, 0xB5, 0x66, 0x3B, 0xE7, 0x5A, 0x23, 0xA4, 0xCD,
    0x95, 0xF8, 0x71, 0x09, 0xD2, 0xF9, 0xC1, 0x6A, 0xA8, 0xDC, 0xAF, 0xBB, 0x49, 0x7A, 0xF1, 0x79,
    0xD4, 0x58, 0x89, 0x2E, 0xFC, 0x05, 0x6A, 0x17, 0x2D, 0xB1, 0xD4, 0xBD, 0x21, 0x2E, 0xBA, 0x41,
    0x36, 0x4E, 0x9F, 0x9E, 0x8D, 0x3B, 0xD9, 0xCB, 0x30, 0x59, 0x44, 0x10, 0xF1, 0x12, 0x2D, 0xFC,
    0x68, 0x61, 0xEB, 0xB9, 0xD8, 0x75, 0xE6, 0x7E, 0xCF, 0x8A, 0x85, 0xED, 0x7E, 0x34, 0xBB, 0x0E,
    0x57, 0xEC, 0x1A, 0xCC, 0xAE, 0xBD, 0xC2, 0xDA, 0x1A, 0x9C, 0xFD, 0x1D, 0x9B, 0x46, 0x08, 0x4B,
    0x63, 0xE3, 0xB8, 0xE4, 0x5B, 0x8A, 0xB4, 0xE4, 0x7E, 0x58, 0x88, 0xD2, 0x2B, 0x48, 0x3A, 0xF3,
    0xBD, 0xBA, 0x36, 0x7E, 0xA5, 0xBB, 0xA8, 0xAE, 0xAD, 0x26, 0x83, 0xD3, 0x5F, 0xBB, 0x95, 0x94,
    0x8A, 0xA6, 0xD7, 0x41, 0x06, 0x9E, 0x6A, 0xA8, 0x11, 0x0F, 0x00, 0xD3, 0x62, 0x88, 0x01, 0xBD,
    0xAA, 0x96, 0x00, 0xCE, 0x07, 0x7B, 0x09, 0x0A, 0x0E, 0x3C, 0xC8, 0x16, 0x38, 0xB4, 0xEB, 0x41,
    0xFE, 0x04, 0x12, 0x1E, 0x84, 0xF2, 0x51, 0x24, 0xA8, 0x78, 0xF0, 0x0F, 0xA0, 0x27, 0xCB, 0xD0,
    0xFC, 0x16, 0xB2, 0x99, 0x07, 0xF8, 0x2D, 0x58, 0x6C, 0x3F, 0x8A, 0x8F, 0x84, 0x8D, 0x2B, 0xEF,
    0x20, 0x06, 0x47, 0x3D, 0xE5, 0xDD, 0x39, 0x46, 0x63, 0x5D, 0xC9, 0x14, 0x6B, 0x12, 0x84, 0x31,
    0xD2, 0x01, 0xD8, 0x9A, 0xBB, 0xE3, 0x01, 0xBD, 0x33, 0x6F, 0x07, 0x36, 0x81, 0x47, 0x25, 0x0F,
    0xE6, 0xB0, 0x81, 0xA5, 0x3B, 0x4C, 0x6E, 0x9A, 0x20, 0x3F, 0x4F, 0xF6, 0x1B, 0x20, 0xE3, 0xA2,
    0xB6, 0x11, 0xE6, 0x7B, 0xAD, 0x74, 0x75, 0xD3, 0xEB, 0x59, 0x55, 0x3E, 0x35, 0x81, 0x96, 0x19,
    0x7D, 0xC8, 0x56, 0x0A, 0x46, 0x58, 0xA9, 0x58, 0xA9, 0xF5, 0xA1, 0xC4, 0x47, 0x92, 0xBC, 0xFF,
    0x28, 0x9E, 0x85, 0xFF, 0x38, 0xB8, 0x32, 0xCC, 0xFE, 0xD3, 0xE6, 0x55, 0xAF, 0xC9, 0x7F, 0xD9,
    0xB4, 0xD2, 0xE8, 0xE9, 0xFC, 0xBB, 0xC1, 0xD3, 0x68, 0x08, 0xDE, 0x46, 0x74, 0x9D, 0xA7, 0x9D,
    0xD0, 0x8A, 0x6A, 0x0F, 0xF3, 0xF0, 0x46, 0xB3, 0xA5, 0x75, 0xFD, 0xB4, 0x67, 0x9F, 0x58, 0x41,
    0x24, 0xBC, 0x62, 0xE2, 0x7F, 0xB5, 0xE2, 0x92, 0xDA, 0xAC, 0xEF, 0x15, 0x57, 0x97, 0xFC, 0x1B,
    0x1B, 0xF1, 0xD5, 0x56, 0x3F, 0xF5, 0x02, 0x39, 0x26, 0xB9, 0x9B, 0x61, 0x57, 0x9D, 0x6C, 0x99,
    0xB0, 0xCD, 0x51, 0xED, 0xFF, 0x5D, 0xA1, 0xB3, 0x6A, 0x80, 0x3B, 0x08, 0xA4, 0x6D, 0xC6, 0x03,
    0x05, 0xD5, 0x4C, 0x2A, 0x30, 0x28, 0xD6, 0x7A, 0x51, 0xBB, 0xE7, 0x40, 0xAF, 0xFF, 0x13, 0x9D,
    0x7C, 0x3E, 0xFF, 0x4B, 0x9D, 0x03, 0x0D, 0xBB, 0x6B, 0x76, 0x57, 0xD9, 0xD7, 0x44, 0x0E, 0xBD,
    0xBB, 0x6C, 0x6E, 0xBA, 0xDE, 0x4B, 0x9A, 0x8B, 0x4C, 0x44, 0x3F, 0x3A, 0x1F, 0x14, 0x8C, 0x6C,
    0x62, 0xCA, 0xD1, 0xC2, 0x70, 0xD4, 0x9F, 0x6B, 0x66, 0x0B, 0x45, 0xA0, 0x10, 0x5A, 0x2B, 0xC9,
    0xA6, 0x26, 0x10, 0xD1, 0x51, 0x50, 0xA5, 0x3B, 0x61, 0x9A, 0x2C, 0x56, 0xC5, 0xF6, 0x29, 0x10,
    0xAD, 0x75, 0x3E, 0x0F, 0x90, 0x5E, 0x04, 0x4C, 0x87, 0x17, 0x48, 0x5A, 0xA2, 0xB4, 0x76, 0x6F,
    0x68, 0xC9, 0xB9, 0x68, 0x49, 0x26, 0x39, 0x09, 0x46, 0x9F, 0x24, 0x52, 0xA3, 0x33, 0x47, 0xD3,
    0xED, 0x76, 0x99, 0x36, 0xFD, 0x9E, 0x1C, 0x6F, 0xB5, 0x5E, 0x40, 0x13, 0x29, 0xB5, 0x3E, 0xE7,
    0x5B, 0x86, 0xAD, 0xF1, 0xD3, 0x0B, 0xB3, 0xCA, 0x31, 0x1C, 0x49, 0xAD, 0x9E, 0x9E, 0x32, 0x49,
    0x60, 0xE5, 0xA8, 0x9F, 0xFB, 0xA9, 0x44, 0xA7, 0x32, 0xE8, 0x94, 0x44, 0x29, 0x0F, 0xD4, 0x2B,
    0xFF, 0xD9, 0x39, 0x22, 0x5A, 0x75, 0xCC, 0xBA, 0x73, 0xB7, 0x52, 0x39, 0xAA, 0xEF, 0x35, 0x2F,
    0x5F, 0xDF, 0x78, 0xD8, 0xCD, 0x4A, 0x82, 0x12, 0x9D, 0x21, 0x57, 0x0D, 0xB1, 0xA8, 0xCB, 0x51,
    0xBE, 0xC1, 0x3C, 0x55, 0x6D, 0x09, 0x1B, 0xAD, 0xF7, 0xE4, 0xF2, 0x23, 0xA4, 0x89, 0x14, 0xB1,
    0xEB, 0xFE, 0x66, 0x5D, 0x59, 0x55, 0x32, 0xC6, 0x1B, 0x36, 0x26, 0xAF, 0xC4, 0xDD, 0xFF, 0x96,
    0x28, 0x91, 0x53, 0x4E, 0xCB, 0xD1, 0xBB, 0xA9, 0x7C, 0x13, 0x8F, 0xB7, 0xDF, 0x1D, 0xB3, 0x6E,
    0x14, 0xD6, 0x44, 0x25, 0x03, 0xA4, 0xE8, 0x9B, 0xDE, 0x10, 0x77, 0xEC, 0xFF, 0x27, 0xE1, 0xF4,
    0xD4, 0xFF, 0x27, 0xE1, 0xF6, 0xBA, 0x23, 0x86, 0x23, 0x35, 0xBF, 0xAF, 0x94, 0xDF, 0xA0, 0x46,
    0x66, 0x6F, 0x13, 0x5E, 0x70, 0x33, 0xDC, 0xF1, 0x1A, 0x4D, 0x91, 0xC1, 0x6D, 0x84, 0x30, 0x14,
    0x44, 0x07, 0x58, 0x65, 0xA5, 0x70, 0xA0, 0x04, 0x4A, 0xA0, 0x04, 0xD3, 0x19, 0x74, 0x94, 0x12,
    0xA0, 0x04, 0x4A, 0xE0, 0x92, 0x3B, 0x07, 0x0E, 0x44, 0x32, 0x9E, 0xCC, 0x68, 0xBD, 0x89, 0xBF,
    0x34, 0x4F, 0x5E, 0xFB, 0xEF, 0x7F, 0x60, 0x80, 0x9E, 0x3B, 0x50, 0x93, 0x04, 0x3A, 0x71, 0x45,
    0x10, 0x0F, 0x90, 0x5F, 0xBC, 0xA0, 0xC5, 0x12, 0x6B, 0x6D, 0x0E, 0x73, 0x23, 0x3E, 0xD0, 0x70,
    0x83, 0xDB, 0x2F, 0x11, 0xD4, 0x0F, 0x33, 0x89, 0xC1, 0x7F, 0x42, 0x4B, 0xDE, 0xDE, 0x22, 0xC5,
    0xD6, 0xD3, 0x80, 0x81, 0xEE, 0x6A, 0xAC, 0x01, 0xB8, 0x7F, 0x1C, 0xE6, 0x14, 0x51, 0x71, 0x0B,
    0xC4, 0x93, 0xEB, 0xC0, 0x44, 0x8E, 0x96, 0x53, 0x6D, 0xF4, 0xEC, 0xC5, 0xA3, 0x75, 0xF6, 0x83,
    0xBF, 0xFA, 0x34, 0xC0, 0xD5, 0x0C, 0x1B, 0xCC, 0x03, 0xE6, 0x6E, 0x2E, 0x2F, 0xD3, 0x28, 0x76,
    0x17, 0x72, 0x79, 0xC2, 0x09, 0x4C, 0xE4, 0x58, 0x91, 0xDC, 0x3C, 0xFC, 0x68, 0x39, 0x4E, 0x67,
    0x97, 0xD0, 0xCB, 0xE8, 0xEE, 0x97, 0x88, 0xA3, 0xD5, 0xA7, 0xCD, 0xF4, 0xA6, 0x3D, 0x93, 0x8F,
    0x6A, 0xEE, 0xD5, 0x0C, 0x1E, 0xD3, 0x06, 0xEE, 0xBC, 0x6A, 0x3F, 0xB4, 0x4E, 0xFB, 0xFC, 0xB0,
    0xD1, 0xD6, 0x39, 0xDB, 0xAA, 0xED, 0xAD, 0x6F, 0xA3, 0xD0, 0x18, 0x4F, 0x63, 0xB8, 0xDE, 0x17,
    0x90, 0x90, 0xCB, 0x03, 0x98, 0x06, 0xF3, 0x0E, 0x66, 0x2C, 0x29, 0xF9, 0x09, 0xD5, 0x72, 0x98,
    0x2C, 0xB9, 0x5B, 0x94, 0xBF, 0xC2, 0x6A, 0x4B, 0x49, 0xCE, 0x56, 0x72, 0x14, 0x5B, 0x0A, 0xE8,
    0x4A, 0x26, 0xB3, 0x8F, 0x66, 0x28, 0x79, 0x09, 0x59, 0x58, 0xD6, 0xB0, 0xFE, 0xDF, 0x72, 0x57,
    0x30, 0x98, 0xDD, 0x4B, 0x78, 0xA3, 0xB8, 0xEC, 0xA4, 0x6D, 0xE7, 0x56, 0x7C, 0x31, 0x51, 0x5D,
    0x8C, 0xCA, 0xA5, 0x9C, 0x3D, 0x79, 0xF8, 0x85, 0x40, 0x67, 0x57, 0x36, 0x54, 0x5C, 0x51, 0x2B,
    0x8D, 0xC3, 0x59, 0x19, 0xF1, 0x54, 0x5A, 0x7E, 0x2B, 0xD4, 0xFA, 0xD6, 0x5E, 0x04, 0x16, 0xC5,
    0xF5, 0x50, 0x16, 0xC5, 0xF6, 0x90, 0xA3, 0x75, 0x20, 0xD0, 0xE7, 0x17, 0xF8, 0x05, 0x2D, 0x8E,
    0x21, 0x4C, 0xC5, 0x30, 0x18, 0x84, 0xBF, 0xBD, 0x05, 0x96, 0xF0, 0xC4, 0x34, 0x6A, 0xE6, 0xF9,
    0x7A, 0xF5, 0xD7, 0x21, 0x31, 0xF8, 0xA0, 0xF1, 0x06, 0xD5, 0x39, 0xBC, 0x37, 0x48, 0xF2, 0xBC,
    0x5F, 0xF1, 0x66, 0x09, 0x3E, 0xA9, 0xC0, 0xA7, 0x24, 0x13, 0x88, 0xBE, 0x1D, 0x3F, 0x84, 0xEB,
    0x35, 0xB9, 0xFF, 0x2E, 0xB9, 0xDC, 0x14, 0x2D, 0x5B, 0x09, 0xF5, 0xD8, 0xBA, 0x46, 0x88, 0x28,
    0xF7, 0xCA, 0xA3, 0xB0, 0x8D, 0x34, 0xC3, 0x50, 0x21, 0x34, 0x90, 0x18, 0xA4, 0x1C, 0x36, 0x2B,
    0x4F, 0xF3, 0xCD, 0xEB, 0x61, 0xE7, 0x71, 0xD4, 0xC7, 0x66, 0x52, 0x5D, 0xEE, 0xB5, 0x3E, 0x74,
    0x3B, 0x49, 0x5A, 0xE4, 0xD8, 0xCF, 0xE7, 0xB7, 0x0B, 0x4D, 0x77, 0x2D, 0xA9, 0x9A, 0xF2, 0xB0,
    0x33, 0x66, 0xAB, 0xBF, 0x2F, 0x94, 0xCE, 0x75, 0x98, 0xAD, 0xA6, 0x62, 0x75, 0xA9, 0xFE, 0xDD,
    0xB3, 0xDC, 0x71, 0xC5, 0xD0, 0x08, 0x8A, 0x49, 0x59, 0xD3, 0xDA, 0x8E, 0xC5, 0xE9, 0xC2, 0x4F,
    0x37, 0x3D, 0x22, 0x44, 0x03, 0xBD, 0x2B, 0xF6, 0x7A, 0x11, 0xE3, 0x3E, 0x35, 0x6C, 0x4B, 0xC5,
    0x47, 0x2E, 0x91, 0x94, 0xBD, 0xFB, 0x4B, 0xF3, 0x51, 0x17, 0x7A, 0x55, 0x50, 0x86, 0x5B, 0x1C,
    0x74, 0x8A, 0xA3, 0x7C, 0x37, 0xB6, 0x62, 0x19, 0x2B, 0x4C, 0x1B, 0xD7, 0x11, 0x4E, 0xF4, 0xBB,
    0xA7, 0xA0, 0xE8, 0xEC, 0xC5, 0xD2, 0xF0, 0xF4, 0x1F, 0x95, 0x43, 0x65, 0xF8, 0x64, 0x14, 0xD8,
    0x7C, 0x4A, 0x71, 0x11, 0xE1, 0x1B, 0x9E, 0xE9, 0xBD, 0x70, 0xC3, 0xEA, 0x1F, 0x95, 0x27, 0xCD,
    0x07, 0xC5, 0x1F, 0x65, 0x8F, 0x81, 0x69, 0xC4, 0x50, 0x0C, 0x43, 0x55, 0x02, 0x3D, 0xE0, 0x80,
    0x8C, 0xF0, 0x47, 0xC8, 0x08, 0xBE, 0xC1, 0x0A, 0xB9, 0x61, 0x3A, 0x47, 0xF3, 0x47, 0xC8, 0x08,
    0x37, 0x82, 0xA1, 0x01, 0x02, 0x38, 0xA7, 0xDA, 0xA2, 0xB4, 0xA4, 0x35, 0x44, 0x8F, 0x10, 0x47,
    0xB2, 0x80, 0x37, 0x68, 0xF8, 0x8D, 0x2E, 0x70, 0x15, 0x26, 0x17, 0x5E, 0xDF, 0xF1, 0x77, 0x96,
    0x00, 0x1A, 0xEF, 0x96, 0x30, 0xC2, 0x9E, 0x00, 0x03, 0x8D, 0x18, 0xE8, 0x18, 0x79, 0xBB, 0xB2,
    0x23, 0x9F, 0xC6, 0x1B, 0x06, 0x76, 0x3B, 0x90, 0x58, 0xB9, 0x97, 0xF3, 0x27, 0xBD, 0x40, 0x25,
    0xCD, 0x54, 0xAE, 0xF1, 0x50, 0x1C, 0xB7, 0xC2, 0xC8, 0x87, 0xA0, 0x8D, 0xB4, 0x81, 0xDE, 0xCE,
    0x78, 0x0A, 0xED, 0x10, 0xA6, 0x10, 0xEC, 0x8C, 0x4D, 0x58, 0x5C, 0xC0, 0x55, 0x66, 0xED, 0xF1,
    0x5B, 0x6B, 0xD4, 0xDE, 0x20, 0x0B, 0x7C, 0xE0, 0xFF, 0xE8, 0x67, 0x8B, 0xD2, 0x79, 0xC7, 0xEC,
    0xA0, 0xA7, 0xEB, 0x0B, 0x57, 0xD8, 0x9E, 0xAD, 0x52, 0x2F, 0xAC, 0xB8, 0x3A, 0x66, 0x8A, 0x3A,
    0xA2, 0x45, 0xA5, 0x8E, 0xB1, 0x78, 0x29, 0xD7, 0x3A, 0x94, 0x3D, 0x95, 0x54, 0x93, 0xBA, 0xFA,
    0xC2, 0xA8, 0x58, 0x6E, 0x52, 0x97, 0x76, 0xE9, 0x5D, 0x5F, 0x7F, 0x7A, 0x35, 0x2D, 0x4E, 0x5A,
    0x31, 0xAD, 0x98, 0x5A, 0x7F, 0x01, 0xFA, 0x80, 0x07, 0xA8, 0x30, 0x36, 0xD8, 0x02, 0x4A, 0x25,
    0x43, 0x50, 0xCB, 0x8D, 0x28, 0x0C, 0x7F, 0xF7, 0x46, 0x44, 0x5C, 0x31, 0xBA, 0x2A, 0xBE, 0x26,
    0x1E, 0x5E, 0x99, 0x4B, 0xEB, 0xA1, 0xA2, 0xDE, 0x53, 0xEF, 0x93, 0x7A, 0x53, 0xEF, 0xD5, 0xF3,
    0x3E, 0xC3, 0x5B, 0x0F, 0x29, 0x15, 0xB5, 0x81, 0x42, 0xF5, 0xC0, 0x46, 0xA4, 0x30, 0xB9, 0x7F,
    0x99, 0x9F, 0x84, 0xB7, 0xAF, 0xAF, 0xCB, 0xC2, 0x16, 0x92, 0x2F, 0x19, 0xE6, 0x9C, 0xF3, 0xFF,
    0x33, 0xE7, 0xB4, 0x29, 0x04, 0x9A, 0x02, 0xB9, 0x32, 0x88, 0xA7, 0x8F, 0x89, 0xCC, 0xD7, 0x3F,
    0x98, 0x4F, 0x10, 0x90, 0x52, 0xEE, 0xC8, 0x4F, 0xE4, 0x95, 0xFC, 0xE3, 0xFF, 0x2A, 0x09, 0x34,
    0x89, 0xE0, 0xC2, 0x52, 0xFA, 0xAE, 0x49, 0xA1, 0x49, 0xCD, 0x87, 0x74, 0xF9, 0x21, 0xD1, 0x7C,
    0xED, 0x03, 0x93, 0x16, 0x29, 0x4B, 0xF9, 0xE7, 0xE7, 0x5F, 0x27, 0xE5, 0xC9, 0x3F, 0xDF, 0x3E,
    0x3F, 0x3F, 0x8F, 0x83, 0xA4, 0x34, 0x49, 0xBA, 0x4B, 0x12, 0x46, 0xDD, 0x38, 0xF7, 0xBC, 0x7D,
    0x7C, 0xF5, 0xF6, 0x7B, 0x67, 0x82, 0x42, 0xB3, 0xD1, 0x66, 0xC2, 0x4C, 0x9C, 0x19, 0x36, 0x54,
    0x8E, 0x27, 0xAE, 0x84, 0xB9, 0xEE, 0x86, 0x07, 0xBD, 0x88, 0xAA, 0x0C, 0xA2, 0x75, 0xCA, 0x2D,
    0x3B, 0x65, 0x64, 0x00, 0xE0, 0xBA, 0x12, 0x76, 0x87, 0xF9, 0xE9, 0x3E, 0x0D, 0x4B, 0xAF, 0x61,
    0x4C, 0xD6, 0xB4, 0xAA, 0x75, 0xAD, 0x6C, 0x6D, 0xAB, 0x5B, 0xDF, 0xF2, 0x86, 0x5D, 0xD8, 0x87,
    0x9D, 0xD8, 0x8B, 0xDD, 0x58, 0xC8, 0x8E, 0xA2, 0x08, 0xB2, 0x9C, 0x05, 0x2D, 0x69, 0x6F, 0x96,
    0xB5, 0xB0, 0xA5, 0xED, 0xD1, 0x2E, 0xED, 0xF3, 0x2C, 0x60, 0x74, 0xFF, 0x55, 0x20, 0xBD, 0x2F,
    0x00, 0x5D, 0xA9, 0xEC, 0xB7, 0xCA, 0xB8, 0x9A, 0xB9, 0x72, 0x30, 0xA7, 0x05, 0xA2, 0x6F, 0xD6,
    0xC4, 0x64, 0x30, 0x69, 0x34, 0x52, 0x79, 0x37, 0xE1, 0x64, 0x6B, 0xDE, 0x1E, 0x95, 0x61, 0x37,
    0xCB, 0x2B, 0x7B, 0x33, 0x7E, 0x4E, 0xD0, 0xE4, 0xA2, 0x04, 0x5C, 0xDF, 0x09, 0x1C, 0xA5, 0x2D,
    0x2E, 0x69, 0x35, 0xB3, 0x99, 0x5B, 0x13, 0x62, 0xF9, 0x57, 0x69, 0xB3, 0xF3, 0x9C, 0xF4, 0x95,
    0xE3, 0xA7, 0x27, 0x3A, 0xA5, 0xCC, 0xCF, 0x9D, 0xE8, 0x26, 0x7B, 0x1A, 0x09, 0x5A, 0x89, 0x2A,
    0x0C, 0x12, 0xF2, 0xEB, 0x29, 0x1D, 0xEB, 0x77, 0xF2, 0xFD, 0x3C, 0xE8, 0x54, 0x68, 0xB4, 0xC0,
    0x37, 0x10, 0x96, 0x4B, 0xA9, 0x77, 0xBE, 0xDD, 0x84, 0xF2, 0x54, 0x82, 0x5E, 0x94, 0xB5, 0xD7,
    0xCF, 0x7A, 0xAC, 0x62, 0xF1, 0x5E, 0x58, 0xAE, 0xBB, 0xA7, 0xCA, 0xBE, 0x01, 0x8B, 0x3F, 0xEC,
    0xDE, 0x8B, 0x20, 0x25, 0xD0, 0x0C, 0xB8, 0x27, 0x33, 0x57, 0xFB, 0x84, 0xE1, 0xEF, 0x29, 0x1F,
    0xD7, 0x0D, 0x4A, 0xDD, 0x4A, 0xB7, 0x9D, 0x8B, 0xB0, 0xF9, 0x62, 0xBD, 0x18, 0x43, 0xF1, 0x61,
    0xCF, 0x45, 0x23, 0x5E, 0xC3, 0xDC, 0x1C, 0x57, 0x5B, 0x87, 0x6C, 0xC9, 0x43, 0x67, 0x39, 0x52,
    0xEC, 0xE0, 0x83, 0xBE, 0xD7, 0x4C, 0xE3, 0x57, 0x61, 0xAF, 0x47, 0xAD, 0x2F, 0xD3, 0xD6, 0xAF,
    0xD1, 0x93, 0x21, 0x3C, 0x36, 0xE7, 0xA5, 0xC0, 0x45, 0xBF, 0xE8, 0x37, 0xBD, 0xE8, 0x45, 0x09,
    0x5A, 0x35, 0x62, 0xF8, 0x5D, 0x0C, 0x33, 0x84, 0xD2, 0x3C, 0x88, 0x7F, 0xEE, 0xC4, 0x05, 0x62,
    0x6E, 0x76, 0xE2, 0x47, 0x2F, 0x50, 0x3A, 0x77, 0xAA, 0x10, 0x47, 0xCE, 0x94, 0x08, 0x85, 0x8B,
    0xFE, 0xD2, 0x8B, 0xFE, 0x50, 0x72, 0x8B, 0xAB, 0x86, 0x75, 0xA6, 0xD9, 0x6E, 0xDD, 0x01, 0xCF,
    0x4D, 0xD0, 0xE6, 0xF7, 0x98, 0xA7, 0xD9, 0x2D, 0x76, 0x63, 0x82, 0x46, 0x7A, 0xC1, 0x54, 0x8B,
    0x65, 0x5A, 0x25, 0x3A, 0x41, 0xDC, 0x3D, 0x3B, 0xF4, 0x3B, 0x04, 0xC1, 0x4D, 0x77, 0x1A, 0x25,
    0xAE, 0x9A, 0x41, 0x19, 0xB7, 0x66, 0x5A, 0xDF, 0x06, 0xB5, 0x1A, 0x1D, 0x74, 0xD1, 0xE2, 0xA0,
    0xAB, 0x32, 0xB7, 0xA3, 0xE0, 0x50, 0x40, 0xD9, 0xB7, 0x15, 0x74, 0xA7, 0x3F, 0x3A, 0x74, 0xB6,
    0xAA, 0x2F, 0xBC, 0xCE, 0xFD, 0xD1, 0x98, 0xA3, 0x25, 0x6E, 0xC6, 0x39, 0xC3, 0xEE, 0xB9, 0xA7,
    0xD2, 0x5B, 0x47, 0xF2, 0xF6, 0x3E, 0xB9, 0x7D, 0x9B, 0x9C, 0xBF, 0x94, 0x3C, 0x7D, 0x31, 0xB9,
    0x1F, 0x63, 0x1A, 0xE6, 0x38, 0x47, 0x87, 0x80, 0xB7, 0x52, 0x4C, 0xDD, 0x1C, 0x96, 0x90, 0xDB,
    0xDC, 0xE4, 0xEB, 0x4A, 0xE1, 0xA7, 0x7F, 0x00, 0x9C, 0xCD, 0x01, 0x66, 0xC4, 0x40, 0x1C, 0x85,
    0xF1, 0x6F, 0x77, 0xAD, 0x60, 0x11, 0x50, 0x00, 0x81, 0x02, 0x90, 0x23, 0x64, 0x2F, 0xD1, 0xF3,
    0xEC, 0xDC, 0x2C, 0x39, 0xC2, 0x1E, 0x21, 0x47, 0x18, 0x14, 0x41, 0x76, 0xBE, 0xE6, 0x51, 0xD5,
    0x02, 0x14, 0x7E, 0xC3, 0x78, 0xFF, 0xF7, 0xD4, 0xC2, 0x7C, 0xB8, 0x71, 0xE0, 0x0B, 0x1B, 0x27,
    0x23, 0x13, 0x71, 0xB8, 0xC7, 0xFE, 0xF0, 0x5C, 0xFF, 0xE7, 0x95, 0x08, 0x2D, 0x5E, 0xF6, 0x38,
    0x1C, 0xAA, 0x35, 0xFA, 0x8C, 0x0D, 0x60, 0xB0, 0x00, 0x67, 0xDD, 0x80, 0x5E, 0x05, 0x26, 0xB5,
    0xC0, 0xA1, 0x0B, 0x17, 0xEB, 0xD9, 0x4A, 0xE7, 0xC2, 0xA3, 0xD0, 0x0B, 0xEF, 0x30, 0xBC, 0x00,
    0x2E, 0xE6, 0x8C, 0x5C, 0x7D, 0xC2, 0xA8, 0xAE, 0x80, 0x15, 0x7E, 0x3D, 0x6B, 0x1C, 0x74, 0x07,
    0xA6, 0x04, 0x61, 0x4E, 0xF0, 0x4F, 0xF2, 0x04, 0x3C, 0x36, 0xBA, 0x0A, 0x53, 0x63, 0x14, 0xD2,
    0xB6, 0xFF, 0x74, 0x67, 0xE9, 0x09, 0xA8, 0x00, 0xB7, 0xDC, 0xE7, 0xCF, 0x1A, 0x5D, 0xBB, 0xB8,
    0xDC, 0xB4, 0xC1, 0xF5, 0x63, 0xFE, 0x0E, 0x15, 0x92, 0x5A, 0xB2, 0xAE, 0xF7, 0x31, 0x12, 0x1B,
    0x29, 0x86, 0xB7, 0x24, 0x99, 0x33, 0x44, 0xBA, 0x88, 0x05, 0x26, 0x37, 0x92, 0x28, 0x40, 0x97,
    0x5D, 0xBE, 0xC6, 0x04, 0x71, 0x2A, 0x48, 0x21, 0x48, 0x9A, 0x01, 0xB7, 0x34, 0x00, 0x94, 0x94,
    0x21, 0x8C, 0xEC, 0x36, 0x10, 0x40, 0x27, 0xBB, 0xFA, 0x0D, 0x08, 0x30, 0x6F, 0xA5, 0x86, 0x97,
    0x84, 0x23, 0x87, 0xF3, 0x8F, 0xCA, 0x69, 0xCB, 0x51, 0x52, 0x4E, 0xCA, 0xD1, 0xE1, 0x25, 0xA5,
    0x65, 0x0E, 0x2F, 0x68, 0x54, 0x2E, 0x35, 0xE0, 0x58, 0x41, 0x0D, 0x52, 0x29, 0x95, 0x9C, 0xBC,
    0x7A, 0x3C, 0xCA, 0x29, 0x7B, 0xD2, 0xA9, 0xFA, 0x06, 0xEF, 0xDD, 0xCD, 0x38, 0x33, 0xE3, 0x5D,
    0x6F, 0xE4, 0xFE, 0x2A, 0x79, 0xD5, 0x2C, 0x99, 0x0D, 0x47, 0xA6, 0x83, 0x49, 0xFF, 0x26, 0x96,
    0x44, 0xD2, 0xFC, 0xB0, 0x2B, 0x1D, 0xCA, 0x3B, 0x9A, 0xFD, 0x23, 0x33, 0x90, 0xE8, 0x6F, 0x70,
    0xD0, 0x37, 0x00, 0xBD, 0xE3, 0xA7, 0xCC, 0x6E, 0x17, 0x8F, 0xF8, 0x24, 0x2D, 0x32, 0x44, 0x7D,
    0x2A, 0x64, 0x1E, 0xCA, 0x76, 0x57, 0x76, 0x49, 0xE9, 0x37, 0x19, 0x92, 0x10, 0xC5, 0xF3, 0x3D,
    0xB3, 0x74, 0xC0, 0x28, 0x0E, 0x9D, 0xA1, 0x82, 0x55, 0x44, 0x3A, 0xFA, 0xD2, 0x0F, 0xD8, 0x74,
    0x20, 0x8D, 0x3A, 0x55, 0x7C, 0x53, 0x12, 0xF1, 0xB9, 0xEC, 0x9A, 0xB5, 0x48, 0x17, 0x45, 0x86,
    0x59, 0x03, 0x12, 0xA6, 0x22, 0xB2, 0x16, 0x95, 0xC6, 0x2B, 0x7A, 0x8D, 0xDF, 0x28, 0x81, 0xFB,
    0x45, 0xA3, 0xDC, 0x8F, 0x92, 0xAE, 0x77, 0x3B, 0x5E, 0x2A, 0x72, 0x59, 0x87, 0x4A, 0xE3, 0xE2,
    0x36, 0x8D, 0x6B, 0x2F, 0xED, 0xDA, 0x9D, 0xCD, 0x35, 0x7E, 0x9D, 0xE1, 0xDA, 0xFC, 0x69, 0x86,
    0xF1, 0xDD, 0x0C, 0x76, 0xB0, 0xF4, 0xC1, 0xC1, 0x78, 0x3C, 0x1E, 0x2F, 0x39, 0x27, 0x52, 0x76,
    0x4E, 0xC5, 0x2C, 0x45, 0x21, 0x16, 0xF9, 0x54, 0xD4, 0x1E, 0x45, 0xEE, 0x69, 0x6B, 0xC5, 0xAC,
    0x12, 0xA2, 0x69, 0xB3, 0x5C, 0x54, 0x39, 0xDB, 0xE2, 0xB1, 0x54, 0xFA, 0xB2, 0x94, 0x0E, 0x36,
    0x66, 0x01, 0xD3, 0xA9, 0x41, 0x35, 0x4A, 0x50, 0x89, 0x7C, 0xF7, 0xC8, 0xCB, 0x52, 0x96, 0x11,
    0xC5, 0x51, 0xB8, 0x4B, 0x59, 0x0D, 0xE3, 0x75, 0x76, 0x19, 0x92, 0x99, 0xF8, 0x74, 0x5E, 0x87,
    0x5C, 0x4F, 0x2A, 0xAC, 0x96, 0x66, 0xB6, 0x2A, 0xF4, 0xC5, 0xDD, 0x59, 0x65, 0x2B, 0xAA, 0xFE,
    0xAF, 0x4A, 0x7C, 0xAA, 0xE2, 0xCE, 0x2A, 0xBB, 0xA5, 0xC3, 0x73, 0x95, 0xFA, 0x83, 0x2A, 0x4D,
    0xEC, 0x92, 0x3F, 0x06, 0xFC, 0xD1, 0xA5, 0x26, 0xDA, 0x16, 0xAB, 0xD0, 0xA6, 0x22, 0x6F, 0x75,
    0x86, 0x78, 0xFD, 0xEA, 0xAC, 0xD8, 0xFD, 0xD4, 0xB5, 0xB2, 0x4B, 0x45, 0x9D, 0xC9, 0xAF, 0xD7,
    0xAF, 0xDA, 0x46, 0xBD, 0x9D, 0x8F, 0xF5, 0xD2, 0xB1, 0xD4, 0x88, 0x78, 0xA2, 0x3B, 0x8A, 0xB4,
    0xE9, 0xC0, 0xAA, 0x4D, 0x03, 0x9B, 0x8F, 0x65, 0x0E, 0x54, 0x2E, 0x31, 0xA9, 0x38, 0x55, 0xA6,
    0x37, 0xD5, 0xEC, 0x56, 0x31, 0x99, 0x56, 0x53, 0xB4, 0x6E, 0x8B, 0xAA, 0x5B, 0xA5, 0x7D, 0x95,
    0x1B, 0x54, 0xA0, 0x4F, 0xFF, 0x06, 0x53, 0x8B, 0xAE, 0xD9, 0xAF, 0x9E, 0x18, 0x16, 0x3F, 0x37,
    0x8C, 0x3E, 0x0E, 0x93, 0x43, 0x7C, 0xF4, 0xCB, 0xC0, 0x14, 0x66, 0x0F, 0xD8, 0x4E, 0x0F, 0xD2,
    0x90, 0x1C, 0xBB, 0xDE, 0xCA, 0x8A, 0xC5, 0x8A, 0x2B, 0xDB, 0x32, 0x92, 0x2F, 0xA7, 0x23, 0x64,
    0x56, 0x74, 0xD3, 0xF9, 0xB9, 0x18, 0xEB, 0x5D, 0xD9, 0x24, 0xA5, 0xBB, 0xB0, 0xDD, 0x6C, 0x38,
    0xA5, 0x8F, 0xEF, 0x39, 0x2C, 0xCA, 0x30, 0x2B, 0x99, 0x2E, 0x1C, 0x4B, 0xEF, 0xDE, 0xCA, 0xBF,
    0x63, 0x7D, 0xBC, 0x6B, 0xD5, 0xFD, 0xAE, 0xE5, 0xFD, 0x9F, 0x51, 0xC9, 0x54, 0xD8, 0xBF, 0x6D,
    0x91, 0x4F, 0xBD, 0xBC, 0xE8, 0xCD, 0x3D, 0x2A, 0xF8, 0xEB, 0xB8, 0x03, 0xA9, 0x01, 0x36, 0xB7,
    0xB5, 0xC4, 0x26, 0x56, 0xD8, 0xBD, 0xCA, 0xAE, 0x7B, 0x47, 0x74, 0xB1, 0x85, 0x10, 0x3D, 0xB0,
    0x84, 0xBF, 0x61, 0x0A, 0x7D, 0x40, 0x1A, 0x71, 0x76, 0x4F, 0xC2, 0xFA, 0xF6, 0xB3, 0xAD, 0x19,
    0x6F, 0x8F, 0xC7, 0x2F, 0xBC, 0x68, 0x4D, 0x62, 0x5D, 0xD8, 0x14, 0x3A, 0x40, 0xF7, 0xF8, 0xFD,
    0xBC, 0xF0, 0x9F, 0x3E, 0xF3, 0xCF, 0xE7, 0xBE, 0x03, 0x98, 0xBC, 0x72, 0x2C, 0x14, 0xA3, 0xDD,
    0x34, 0xBB, 0x61, 0xDD, 0xF9, 0xCC, 0xB9, 0x7E, 0xB0, 0xA8, 0x82, 0x24, 0xD2, 0x42, 0x52, 0x90,
    0x6E, 0x00, 0x3F, 0xDF, 0xE1, 0xE8, 0xE5, 0xCE, 0xBF, 0x22, 0x99, 0xBC, 0x16, 0xEA, 0x7F, 0x03,
    0xB0, 0x48, 0x15, 0x94, 0x52, 0x51, 0x5A, 0x7C, 0x55, 0x28, 0xF5, 0xF4, 0xF5, 0x23, 0xAF, 0xBE,
    0x74, 0x37, 0x3E, 0xBD, 0x09, 0xE4, 0xD7, 0xCB, 0x0F, 0x19, 0x96, 0x42, 0xE6, 0x42, 0xC6, 0x5C,
    0x05, 0xB6, 0xB7, 0xF7, 0xFF, 0x37, 0x44, 0x91, 0x1F, 0x21, 0x6A, 0x2B, 0xFB, 0x04, 0x0E, 0x71,
    0x8A, 0xCC, 0xA3, 0xCF, 0x54, 0xC8, 0xB7, 0x0A, 0xF9, 0x6F, 0xF8, 0xED, 0x05, 0x00,
};

static const EpdGlyph atkinson_hn_18_bolditalicGlyphs[] = {
    { 0, 0, 0, 0, 0, 0, 0 }, // U+0000
    { 0, 0, 156, 0, 0, 0, 0 }, // U+000D
    { 0, 0, 188, 0, 0, 0, 0 }, // U+0020
    { 12, 26, 185, 0, 25, 78, 0 }, // !
    { 14, 9, 236, 3, 25, 32, 78 }, // "
    { 30, 25, 460, 0, 25, 188, 110 }, // #
    { 24, 32, 366, 0, 28, 192, 298 }, // $
    { 34, 27, 614, 3, 26, 230, 490 }, // %
    { 26, 27, 435, 1, 26, 176, 720 }, // &
    { 7, 9, 127, 3, 25, 16, 896 }, // '
    { 15, 33, 202, 1, 27, 124, 912 }, // (
    { 15, 33, 202, -3, 27, 124, 1036 }, // )
    { 15, 14, 292, 4, 25, 53, 1160 }, // *
    { 21, 19, 356, 1, 19, 100, 1213 }, // +
    { 9, 13, 163, -1, 6, 30, 1313 }, // ,
    { 14, 5, 224, 0, 12, 18, 1343 }, // -
    { 8, 7, 164, 0, 6, 14, 1361 }, // .
    { 22, 30, 265, -2, 27, 165, 1375 }, // /
    { 22, 27, 394, 2, 26, 149, 1540 }, // 0
    { 14, 25, 265, 3, 25, 88, 1689 }, // 1
    { 23, 26, 348, -1, 26, 150, 1777 }, // 2
    { 23, 27, 360, 0, 26, 156, 1927 }, // 3
    { 23, 25, 374, 0, 25, 144, 2083 }, // 4
    { 23, 26, 364, 1, 25, 150, 2227 }, // 5
    { 21, 27, 376, 2, 26, 142, 2377 }, // 6
    { 22, 25, 323, 1, 25, 138, 2519 }, // 7
    { 21, 27, 374, 1, 26, 142, 2657 }, // 8
    { 20, 26, 342, 2, 26, 130, 2799 }, // 9
    { 10, 20, 164, 0, 19, 50, 2929 }, // :
    { 11, 26, 164, -1, 19, 72, 2979 }, // ;
    { 21, 21, 342, 1, 20, 111, 3051 }, // <
    { 23, 11, 367, 0, 15, 64, 3162 }, // =
    { 22, 21, 342, -1, 20, 116, 3226 }, // >
    { 20, 27, 329, 2, 26, 135, 3342 }, // ?
    { 28, 27, 469, 1, 23, 189, 3477 }, // @
    { 26, 25, 408, -2, 25, 163, 3666 }, // A
    { 25, 25, 386, 0, 25, 157, 3829 }, // B
    { 25, 27, 396, 1, 26, 169, 3986 }, // C
    { 26, 25, 413, 0, 25, 163, 4155 }, // D
    { 25, 25, 359, 0, 25, 157, 4318 }, // E
    { 24, 25, 340, 0, 25, 150, 4475 }, // F
    { 26, 27, 431, 1, 26, 176, 4625 }, // G
    { 28, 25, 421, 0, 25, 175, 4801 }, // H
    { 19, 25, 256, -1, 25, 119, 4976 }, // I
    { 24, 26, 338, -1, 25, 156, 5095 }, // J
    { 28, 25, 399, 0, 25, 175, 5251 }, // K
    { 20, 25, 331, 0, 25, 125, 5426 }, // L
    { 34, 25, 515, 0, 25, 213, 5551 }, // M
    { 29, 25, 431, 0, 25, 182, 5764 }, // N
    { 27, 27, 448, 1, 26, 183, 5946 }, // O
    { 25, 25, 378, 0, 25, 157, 6129 }, // P
    { 27, 29, 455, 1, 26, 196, 6286 }, // Q
    { 25, 25, 391, 0, 25, 157, 6482 }, // R
    { 24, 27, 367, 0, 26, 162, 6639 }, // S
    { 24, 25, 365, 2, 25, 150, 6801 }, // T
    { 27, 26, 412, 0, 25, 176, 6951 }, // U
    { 25, 25, 388, 3, 25, 157, 7127 }, // V
    { 34, 25, 532, 3, 25, 213, 7284 }, // W
    { 31, 25, 412, -2, 25, 194, 7497 }, // X
    { 25, 25, 392, 3, 25, 157, 7691 }, // Y
    { 26, 25, 371, -1, 25, 163, 7848 }, // Z
    { 18, 33, 205, -2, 27, 149, 8011 }, // [
    { 9, 30, 262, 4, 27, 68, 8160 }, // <backslash>
    { 18, 33, 205, -3, 27, 149, 8228 }, // ]
    { 19, 14, 350, 2, 25, 67, 8377 }, // ^
    { 18, 5, 241, -4, 0, 23, 8444 }, // _
    { 10, 7, 187, 1, 30, 18, 8467 }, // `
    { 21, 21, 332, -1, 20, 111, 8485 }, // a
    { 22, 28, 358, 0, 27, 154, 8596 }, // b
    { 19, 21, 307, 1, 20, 100, 8750 }, // c
    { 24, 28, 358, 0, 27, 168, 8850 }, // d
    { 21, 21, 338, 1, 20, 111, 9018 }, // e
    { 16, 28, 220, 1, 28, 112, 9129 }, // f
    { 23, 28, 358, 0, 20, 161, 9241 }, // g
    { 21, 27, 344, 0, 27, 142, 9402 }, // h
    { 12, 29, 181, 1, 29, 87, 9544 }, // i
    { 18, 35, 155, -6, 29, 158, 9631 }, // j
    { 23, 27, 335, 0, 27, 156, 9789 }, // k
    { 11, 27, 192, 0, 27, 75, 9945 }, // l
    { 33, 20, 530, 0, 20, 165, 10020 }, // m
    { 21, 20, 344, 0, 20, 105, 10185 }, // n
    { 20, 21, 346, 1, 20, 105, 10290 }, // o
    { 24, 26, 359, -2, 20, 156, 10395 }, // p
    { 23, 27, 359, 0, 20, 156, 10551 }, // q
    { 16, 21, 226, 0, 21, 84, 10707 }, // r
    { 19, 21, 306, 0, 20, 100, 10791 }, // s
    { 14, 24, 226, 1, 24, 84, 10891 }, // t
    { 22, 20, 341, 0, 19, 110, 10975 }, // u
    { 20, 19, 319, 2, 19, 95, 11085 }, // v
    { 28, 19, 445, 2, 19, 133, 11180 }, // w
    { 24, 19, 325, -2, 19, 114, 11313 }, // x
    { 24, 25, 314, -2, 19, 150, 11427 }, // y
    { 21, 19, 304, -1, 19, 100, 11577 }, // z
    { 17, 33, 229, 0, 27, 141, 11677 }, // {
    { 14, 38, 153, -2, 32, 133, 11818 }, // |
    { 16, 33, 229, -2, 27, 132, 11951 }, // }
    { 19, 10, 322, 1, 15, 48, 12083 }, // ~
    { 0, 0, 188, 0, 0, 0, 0 }, // U+00A0
    { 12, 27, 184, -1, 20, 81, 0 }, // U+00A1
    { 19, 26, 307, 1, 22, 124, 81 }, // U+00A2
    { 23, 27, 381, 1, 26, 156, 205 }, // U+00A3
    { 19, 19, 356, 2, 22, 91, 361 }, // U+00A4
    { 25, 25, 391, 3, 25, 157, 452 }, // U+00A5
    { 14, 38, 153, -2, 32, 133, 609 }, // U+00A6
    { 21, 33, 334, 0, 26, 174, 742 }, // U+00A7
    { 12, 4, 351, 5, 28, 12, 916 }, // U+00A8
    { 27, 27, 479, 2, 26, 183, 928 }, // U+00A9
    { 13, 11, 235, 3, 26, 36, 1111 }, // U+00AA
    { 24, 16, 391, 1, 17, 96, 1147 }, // U+00AB
    { 21, 14, 370, 2, 16, 74, 1243 }, // U+00AC
    { 27, 27, 479, 2, 26, 183, 1317 }, // U+00AE
    { 20, 3, 300, -1, 32, 15, 1500 }, // U+00AF
    { 13, 12, 238, 3, 26, 39, 1515 }, // U+00B0
    { 23, 19, 367, 0, 19, 110, 1554 }, // U+00B1
    { 14, 15, 242, 3, 30, 53, 1664 }, // U+00B2
    { 13, 15, 245, 4, 30, 49, 1717 }, // U+00B3
    { 10, 6, 187, 1, 29, 15, 1766 }, // U+00B4
    { 20, 31, 313, 2, 25, 155, 1781 }, // U+00B6
    { 7, 7, 176, 2, 13, 13, 1936 }, // U+00B7
    { 8, 9, 137, 0, 0, 18, 1949 }, // U+00B8
    { 8, 15, 172, 5, 29, 30, 1967 }, // U+00B9
    { 12, 11, 242, 4, 26, 33, 1997 }, // U+00BA
    { 23, 16, 391, 0, 17, 92, 2030 }, // U+00BB
    { 28, 25, 514, 2, 25, 175, 2122 }, // U+00BC
    { 30, 25, 526, 2, 25, 188, 2297 }, // U+00BD
    { 30, 26, 566, 3, 26, 195, 2485 }, // U+00BE
    { 20, 27, 324, -2, 20, 135, 2680 }, // U+00BF
    { 26, 33, 408, -2, 33, 215, 2815 }, // U+00C0
    { 26, 33, 408, -2, 33, 215, 3030 }, // U+00C1
    { 26, 33, 408, -2, 33, 215, 3245 }, // U+00C2
    { 27, 32, 408, -2, 32, 216, 3460 }, // U+00C3
    { 26, 33, 408, -2, 33, 215, 3676 }, // U+00C4
    { 26, 33, 408, -2, 33, 215, 3891 }, // U+00C5
    { 41, 25, 581, -2, 25, 257, 4106 }, // U+00C6
    { 25, 33, 396, 1, 26, 207, 4363 }, // U+00C7
    { 25, 33, 359, 0, 33, 207, 4570 }, // U+00C8
    { 25, 33, 359, 0, 33, 207, 4777 }, // U+00C9
    { 25, 33, 359, 0, 33, 207, 4984 }, // U+00CA
    { 25, 33, 359, 0, 33, 207, 5191 }, // U+00CB
    { 19, 33, 256, -1, 33, 157, 5398 }, // U+00CC
    { 20, 33, 256, -1, 33, 165, 5555 }, // U+00CD
    { 20, 33, 256, -1, 33, 165, 5720 }, // U+00CE
    { 20, 33, 256, -1, 33, 165, 5885 }, // U+00CF
    { 27, 25, 425, 0, 25, 169, 6050 }, // U+00D0
    { 29, 32, 431, 0, 32, 232, 6219 }, // U+00D1
    { 27, 35, 448, 1, 34, 237, 6451 }, // U+00D2
    { 27, 35, 448, 1, 34, 237, 6688 }, // U+00D3
    { 27, 35, 448, 1, 34, 237, 6925 }, // U+00D4
    { 27, 34, 448, 1, 33, 230, 7162 }, // U+00D5
    { 27, 34, 448, 1, 33, 230, 7392 }, // U+00D6
    { 20, 17, 322, 0, 18, 85, 7622 }, // U+00D7
    { 29, 27, 448, 0, 26, 196, 7707 }, // U+00D8
    { 27, 34, 412, 0, 33, 230, 7903 }, // U+00D9
    { 27, 34, 412, 0, 33, 230, 8133 }, // U+00DA
    { 27, 34, 412, 0, 33, 230, 8363 }, // U+00DB
    { 27, 34, 412, 0, 33, 230, 8593 }, // U+00DC
    { 25, 33, 392, 3, 33, 207, 8823 }, // U+00DD
    { 24, 25, 378, 0, 25, 150, 9030 }, // U+00DE
    { 23, 27, 373, 0, 26, 156, 9180 }, // U+00DF
    { 21, 29, 332, -1, 28, 153, 9336 }, // U+00E0
    { 21, 29, 332, -1, 28, 153, 9489 }, // U+00E1
    { 21, 29, 332, -1, 28, 153, 9642 }, // U+00E2
    { 22, 28, 332, -1, 27, 154, 9795 }, // U+00E3
    { 21, 29, 332, -1, 28, 153, 9949 }, // U+00E4
    { 21, 32, 332, -1, 31, 168, 10102 }, // U+00E5
    { 34, 21, 523, -1, 20, 179, 10270 }, // U+00E6
    { 19, 27, 307, 1, 20, 129, 10449 }, // U+00E7
    { 21, 29, 338, 1, 28, 153, 10578 }, // U+00E8
    { 21, 29, 338, 1, 28, 153, 10731 }, // U+00E9
    { 21, 29, 338, 1, 28, 153, 10884 }, // U+00EA
    { 21, 29, 338, 1, 28, 153, 11037 }, // U+00EB
    { 11, 28, 181, 1, 28, 77, 11190 }, // U+00EC
    { 15, 28, 181, 1, 28, 105, 11267 }, // U+00ED
    { 15, 28, 181, 1, 28, 105, 11372 }, // U+00EE
    { 14, 28, 189, 2, 28, 98, 11477 }, // U+00EF
    { 22, 29, 353, 0, 28, 160, 11575 }, // U+00F0
    { 21, 27, 344, 0, 27, 142, 11735 }, // U+00F1
    { 20, 29, 346, 1, 28, 145, 11877 }, // U+00F2
    { 20, 29, 346, 1, 28, 145, 12022 }, // U+00F3
    { 20, 29, 346, 1, 28, 145, 12167 }, // U+00F4
    { 20, 28, 346, 1, 27, 140, 12312 }, // U+00F5
    { 20, 29, 346, 1, 28, 145, 12452 }, // U+00F6
    { 21, 21, 356, 1, 20, 111, 12597 }, // U+00F7
    { 23, 23, 346, -1, 21, 133, 12708 }, // U+00F8
    { 22, 29, 341, 0, 28, 160, 12841 }, // U+00F9
    { 22, 29, 341, 0, 28, 160, 13001 }, // U+00FA
    { 22, 29, 341, 0, 28, 160, 13161 }, // U+00FB
    { 22, 29, 341, 0, 28, 160, 13321 }, // U+00FC
    { 24, 34, 314, -2, 28, 204, 13481 }, // U+00FD
    { 24, 33, 359, -2, 27, 198, 13685 }, // U+00FE
    { 24, 34, 314, -2, 28, 204, 13883 }, // U+00FF
    { 26, 32, 408, -2, 32, 208, 0 }, // U+0100
    { 21, 26, 332, -1, 25, 137, 208 }, // U+0101
    { 26, 32, 408, -2, 32, 208, 345 }, // U+0102
    { 21, 28, 332, -1, 27, 147, 553 }, // U+0103
    { 26, 32, 408, -2, 25, 208, 700 }, // U+0104
    { 21, 27, 332, -1, 20, 142, 908 }, // U+0105
    { 25, 35, 396, 1, 34, 219, 1050 }, // U+0106
    { 19, 29, 307, 1, 28, 138, 1269 }, // U+0107
    { 25, 34, 396, 1, 33, 213, 1407 }, // U+010A
    { 19, 29, 307, 1, 28, 138, 1620 }, // U+010B
    { 25, 35, 396, 1, 34, 219, 1758 }, // U+010C
    { 21, 29, 307, 1, 28, 153, 1977 }, // U+010D
    { 26, 33, 413, 0, 33, 215, 2130 }, // U+010E
    { 31, 29, 418, 0, 28, 225, 2345 }, // U+010F
    { 27, 25, 425, 0, 25, 169, 2570 }, // U+0110
    { 27, 28, 358, 0, 27, 189, 2739 }, // U+0111
    { 25, 32, 359, 0, 32, 200, 2928 }, // U+0112
    { 21, 26, 338, 1, 25, 137, 3128 }, // U+0113
    { 25, 33, 359, 0, 33, 207, 3265 }, // U+0116
    { 21, 29, 338, 1, 28, 153, 3472 }, // U+0117
    { 25, 32, 359, 0, 25, 200, 3625 }, // U+0118
    { 21, 27, 338, 1, 20, 142, 3825 }, // U+0119
    { 25, 33, 359, 0, 33, 207, 3967 }, // U+011A
    { 21, 29, 338, 1, 28, 153, 4174 }, // U+011B
    { 26, 34, 431, 1, 33, 221, 4327 }, // U+011E
    { 23, 35, 358, 0, 27, 202, 4548 }, // U+011F
    { 26, 34, 431, 1, 33, 221, 4750 }, // U+0120
    { 23, 36, 358, 0, 28, 207, 4971 }, // U+0121
    { 26, 37, 431, 1, 26, 241, 5178 }, // U+0122
    { 23, 39, 358, 0, 31, 225, 5419 }, // U+0123
    { 29, 25, 421, 0, 25, 182, 5644 }, // U+0126
    { 21, 27, 343, 0, 27, 142, 5826 }, // U+0127
    { 20, 32, 256, -1, 32, 160, 5968 }, // U+012A
    { 14, 25, 181, 1, 25, 88, 6128 }, // U+012B
    { 19, 32, 256, -1, 25, 152, 6216 }, // U+012E
    { 15, 36, 181, -2, 29, 135, 6368 }, // U+012F
    { 19, 33, 256, -1, 33, 157, 6503 }, // U+0130
    { 11, 19, 181, 1, 19, 53, 6660 }, // U+0131
    { 40, 26, 593, -1, 25, 260, 6713 }, // U+0132
    { 22, 35, 336, 1, 29, 193, 6973 }, // U+0133
    { 28, 35, 399, 0, 25, 245, 7166 }, // U+0136
    { 23, 37, 335, 0, 27, 213, 7411 }, // U+0137
    { 18, 36, 321, 2, 36, 162, 7624 }, // U+0139
    { 9, 37, 151, 2, 37, 84, 7786 }, // U+013A
    { 20, 35, 331, 0, 25, 175, 7870 }, // U+013B
    { 13, 37, 192, -2, 27, 121, 8045 }, // U+013C
    { 20, 26, 331, 0, 26, 130, 8166 }, // U+013D
    { 18, 28, 219, 0, 28, 126, 8296 }, // U+013E
    { 22, 25, 349, -1, 25, 138, 8422 }, // U+0141
    { 14, 27, 211, 0, 27, 95, 8560 }, // U+0142
    { 29, 33, 431, 0, 33, 240, 8655 }, // U+0143
    { 21, 28, 344, 0, 28, 147, 8895 }, // U+0144
    { 29, 35, 431, 0, 25, 254, 9042 }, // U+0145
    { 21, 30, 344, 0, 20, 158, 9296 }, // U+0146
    { 29, 33, 431, 0, 33, 240, 9454 }, // U+0147
    { 22, 28, 344, 0, 28, 154, 9694 }, // U+0148
    { 22, 35, 456, 3, 27, 193, 9848 }, // U+014A
    { 18, 30, 371, 3, 21, 135, 10041 }, // U+014B
    { 25, 34, 469, 2, 33, 213, 10176 }, // U+014C
    { 19, 27, 363, 2, 26, 129, 10389 }, // U+014D
    { 27, 35, 448, 1, 34, 237, 10518 }, // U+0150
    { 23, 29, 346, 1, 28, 167, 10755 }, // U+0151
    { 40, 27, 615, 1, 26, 270, 10922 }, // U+0152
    { 35, 21, 561, 1, 20, 184, 11192 }, // U+0153
    { 25, 33, 391, 0, 33, 207, 11376 }, // U+0154
    { 17, 28, 226, 0, 28, 119, 11583 }, // U+0155
    { 20, 36, 373, 3, 27, 180, 11702 }, // U+0156
    { 13, 30, 248, 2, 21, 98, 11882 }, // U+0157
    { 25, 33, 391, 0, 33, 207, 11980 }, // U+0158
    { 19, 28, 226, 0, 28, 133, 12187 }, // U+0159
    { 24, 35, 367, 0, 34, 210, 12320 }, // U+015A
    { 19, 29, 306, 0, 28, 138, 12530 }, // U+015B
    { 24, 33, 367, 0, 26, 198, 12668 }, // U+015E
    { 19, 27, 306, 0, 20, 129, 12866 }, // U+015F
    { 24, 35, 367, 0, 34, 210, 12995 }, // U+0160
    { 21, 29, 306, 0, 28, 153, 13205 }, // U+0161
    { 24, 32, 365, 2, 25, 192, 13358 }, // U+0162
    { 14, 31, 226, 1, 24, 109, 13550 }, // U+0163
    { 24, 33, 365, 2, 33, 198, 13659 }, // U+0164
    { 19, 30, 226, 1, 30, 143, 13857 }, // U+0165
    { 27, 33, 412, 0, 32, 223, 14000 }, // U+016A
    { 22, 26, 341, 0, 25, 143, 14223 }, // U+016B
    { 21, 36, 439, 3, 35, 189, 14366 }, // U+016C
    { 18, 29, 371, 2, 28, 131, 14555 }, // U+016D
    { 27, 35, 412, 0, 34, 237, 14686 }, // U+016E
    { 22, 31, 341, 0, 30, 171, 14923 }, // U+016F
    { 27, 35, 412, 0, 34, 237, 15094 }, // U+0170
    { 24, 29, 341, 0, 28, 174, 15331 }, // U+0171
    { 27, 32, 412, 0, 25, 216, 15505 }, // U+0172
    { 22, 26, 341, 0, 19, 143, 15721 }, // U+0173
    { 34, 33, 532, 3, 33, 281, 15864 }, // U+0174
    { 28, 28, 445, 2, 28, 196, 16145 }, // U+0175
    { 25, 33, 392, 3, 33, 207, 16341 }, // U+0176
    { 24, 34, 314, -2, 28, 204, 16548 }, // U+0177
    { 25, 33, 392, 3, 33, 207, 16752 }, // U+0178
    { 26, 33, 371, -1, 33, 215, 16959 }, // U+0179
    { 21, 28, 304, -1, 28, 147, 17174 }, // U+017A
    { 26, 33, 371, -1, 33, 215, 17321 }, // U+017B
    { 21, 28, 304, -1, 28, 147, 17536 }, // U+017C
    { 26, 33, 371, -1, 33, 215, 17683 }, // U+017D
    { 22, 28, 304, -1, 28, 154, 17898 }, // U+017E
    { 24, 37, 367, 0, 26, 222, 0 }, // U+0218
    { 19, 31, 306, 0, 20, 148, 222 }, // U+0219
    { 24, 35, 365, 2, 25, 210, 370 }, // U+021A
    { 15, 34, 226, 0, 24, 128, 580 }, // U+021B
    { 8, 6, 0, 4, 28, 12, 0 }, // U+0300
    { 9, 6, 0, 4, 28, 14, 12 }, // U+0301
    { 15, 6, 0, 4, 28, 23, 26 }, // U+0302
    { 15, 5, 0, 4, 26, 19, 49 }, // U+0303
    { 12, 4, 0, 4, 25, 12, 68 }, // U+0304
    { 12, 5, 0, 5, 26, 15, 80 }, // U+0306
    { 7, 6, 0, 4, 28, 11, 95 }, // U+0307
    { 14, 6, 0, 4, 28, 21, 106 }, // U+0308
    { 10, 10, 0, 5, 30, 25, 127 }, // U+030A
    { 17, 6, 0, 4, 28, 26, 152 }, // U+030B
    { 15, 6, 0, 5, 28, 23, 178 }, // U+030C
    { 10, 9, 0, 4, 30, 23, 201 }, // U+0312
    { 9, 9, 0, -2, -1, 21, 224 }, // U+0326
    { 9, 9, 0, -2, 2, 21, 245 }, // U+0327
    { 10, 8, 0, -2, 1, 20, 266 }, // U+0328
    { 0, 0, 0, 0, 0, 0, 286 }, // U+034F
    { 25, 33, 392, 3, 33, 207, 0 }, // U+1EF2
    { 24, 34, 314, -2, 28, 204, 207 }, // U+1EF3
    { 0, 0, 94, 0, 0, 0, 0 }, // U+2009
    { 0, 0, 0, 0, 0, 0, 0 }, // U+200B
    { 2, 28, 0, -1, 26, 14, 0 }, // U+200C
    { 10, 28, 0, -5, 26, 70, 14 }, // U+200D
    { 9, 29, 0, -1, 27, 66, 84 }, // U+200E
    { 9, 29, 0, -8, 27, 66, 150 }, // U+200F
    { 10, 3, 193, 1, 12, 8, 216 }, // U+2010
    { 10, 4, 193, 1, 12, 10, 224 }, // U+2011
    { 17, 5, 300, 1, 12, 22, 234 }, // U+2013
    { 30, 5, 499, 1, 12, 38, 256 }, // U+2014
    { 9, 12, 162, 3, 25, 27, 294 }, // U+2018
    { 9, 13, 163, 3, 26, 30, 321 }, // U+2019
    { 9, 13, 163, -1, 6, 30, 351 }, // U+201A
    { 17, 12, 289, 3, 25, 51, 381 }, // U+201C
    { 17, 13, 289, 3, 26, 56, 432 }, // U+201D
    { 17, 13, 290, -1, 6, 56, 488 }, // U+201E
    { 21, 25, 351, 2, 25, 132, 544 }, // U+2020
    { 23, 25, 352, 0, 25, 144, 676 }, // U+2021
    { 13, 13, 263, 2, 16, 43, 820 }, // U+2022
    { 27, 7, 469, 0, 6, 48, 863 }, // U+2026
    { 0, 0, 78, 0, 0, 0, 911 }, // U+202F
    { 50, 27, 868, 3, 26, 338, 911 }, // U+2030
    { 14, 16, 238, 1, 17, 56, 1249 }, // U+2039
    { 15, 16, 238, -1, 17, 60, 1305 }, // U+203A
    { 28, 25, 371, -2, 25, 175, 1365 }, // U+2044
    { 7, 20, 206, 2, 19, 35, 1540 }, // U+204F
    { 24, 23, 475, 3, 23, 138, 0 }, // U+20AA
    { 26, 27, 407, 0, 26, 176, 138 }, // U+20AC
    { 22, 25, 375, 3, 25, 138, 314 }, // U+20B9
    { 21, 27, 358, 1, 26, 142, 0 }, // U+2202
    { 27, 31, 365, -2, 25, 210, 142 }, // U+220F
    { 27, 31, 367, -2, 25, 210, 352 }, // U+2211
    { 21, 5, 356, 1, 12, 27, 562 }, // U+2212
    { 29, 25, 386, -2, 25, 182, 589 }, // U+2215
    { 8, 7, 166, 1, 13, 14, 771 }, // U+2219
    { 28, 31, 414, 0, 25, 217, 785 }, // U+221A
    { 26, 12, 452, 1, 16, 78, 1002 }, // U+221E
    { 22, 33, 289, -2, 26, 182, 1080 }, // U+222B
    { 20, 15, 320, 0, 17, 75, 1262 }, // U+2248
    { 23, 19, 367, 0, 19, 110, 1337 }, // U+2260
    { 24, 20, 355, -1, 20, 120, 1447 }, // U+2264
    { 23, 20, 355, -1, 20, 115, 1567 }, // U+2265
};

static const EpdUnicodeInterval atkinson_hn_18_bolditalicIntervals[] = {
    { 0x0, 0x0, 0x0 },
    { 0xD, 0xD, 0x1 },
    { 0x20, 0x7E, 0x2 },
    { 0xA0, 0xAC, 0x61 },
    { 0xAE, 0xB4, 0x6E },
    { 0xB6, 0x107, 0x75 },
    { 0x10A, 0x113, 0xC7 },
    { 0x116, 0x11B, 0xD1 },
    { 0x11E, 0x123, 0xD7 },
    { 0x126, 0x127, 0xDD },
    { 0x12A, 0x12B, 0xDF },
    { 0x12E, 0x133, 0xE1 },
    { 0x136, 0x137, 0xE7 },
    { 0x139, 0x13E, 0xE9 },
    { 0x141, 0x148, 0xEF },
    { 0x14A, 0x14D, 0xF7 },
    { 0x150, 0x15B, 0xFB },
    { 0x15E, 0x165, 0x107 },
    { 0x16A, 0x17E, 0x10F },
    { 0x218, 0x21B, 0x124 },
    { 0x300, 0x304, 0x128 },
    { 0x306, 0x308, 0x12D },
    { 0x30A, 0x30C, 0x130 },
    { 0x312, 0x312, 0x133 },
    { 0x326, 0x328, 0x134 },
    { 0x34F, 0x34F, 0x137 },
    { 0x1EF2, 0x1EF3, 0x138 },
    { 0x2009, 0x2009, 0x13A },
    { 0x200B, 0x2011, 0x13B },
    { 0x2013, 0x2014, 0x142 },
    { 0x2018, 0x201A, 0x144 },
    { 0x201C, 0x201E, 0x147 },
    { 0x2020, 0x2022, 0x14A },
    { 0x2026, 0x2026, 0x14D },
    { 0x202F, 0x2030, 0x14E },
    { 0x2039, 0x203A, 0x150 },
    { 0x2044, 0x2044, 0x152 },
    { 0x204F, 0x204F, 0x153 },
    { 0x20AA, 0x20AA, 0x154 },
    { 0x20AC, 0x20AC, 0x155 },
    { 0x20B9, 0x20B9, 0x156 },
    { 0x2202, 0x2202, 0x157 },
    { 0x220F, 0x220F, 0x158 },
    { 0x2211, 0x2212, 0x159 },
    { 0x2215, 0x2215, 0x15B },
    { 0x2219, 0x221A, 0x15C },
    { 0x221E, 0x221E, 0x15E },
    { 0x222B, 0x222B, 0x15F },
    { 0x2248, 0x2248, 0x160 },
    { 0x2260, 0x2260, 0x161 },
    { 0x2264, 0x2265, 0x162 },
};

static const EpdFontGroup atkinson_hn_18_bolditalicGroups[] = {
    { 0, 4658, 12917, 97, 0 },
    { 4658, 4012, 15011, 94, 97 },
    { 8670, 4651, 19429, 101, 191 },
    { 13321, 309, 723, 4, 292 },
    { 13630, 229, 326, 16, 296 },
    { 13859, 195, 435, 2, 312 },
    { 14054, 626, 1771, 26, 314 },
    { 14680, 198, 477, 3, 340 },
    { 14878, 672, 1768, 13, 343 },
};

static const uint16_t atkinson_hn_18_bolditalicKernLeftCodepoints[] = {
    0x0020, 0x0022, 0x0024, 0x0026, 0x0027, 0x0028, 0x002A, 0x002B, 0x002C, 0x002D, 0x002E, 0x002F,
    0x0030, 0x0032, 0x0033, 0x0034, 0x0035, 0x0036, 0x0037, 0x0038, 0x0039, 0x003A, 0x003B, 0x003E,
    0x003F, 0x0040, 0x0041, 0x0042, 0x0043, 0x0044, 0x0045, 0x0046, 0x0047, 0x0049, 0x004A, 0x004B,
    0x004C, 0x004F, 0x0050, 0x0051, 0x0052, 0x0053, 0x0054, 0x0055, 0x0056, 0x0057, 0x0058, 0x0059,
    0x005A, 0x005B, 0x005C, 0x005D, 0x005F, 0x0061, 0x0062, 0x0063, 0x0065, 0x0066, 0x0067, 0x0068,
    0x006A, 0x006B, 0x006C, 0x006D, 0x006E, 0x006F, 0x0070, 0x0071, 0x0072, 0x0073, 0x0074, 0x0075,
    0x0076, 0x0077, 0x0078, 0x0079, 0x007A, 0x007B, 0x007C, 0x00A1, 0x00A2, 0x00A3, 0x00A5, 0x00A6,
    0x00A7, 0x00A9, 0x00AB, 0x00AE, 0x00B0, 0x00B6, 0x00B7, 0x00BB, 0x00BF, 0x00C0, 0x00C1, 0x00C2,
    0x00C3, 0x00C4, 0x00C5, 0x00C6, 0x00C7, 0x00C8, 0x00C9, 0x00CA, 0x00CB, 0x00CC, 0x00CD, 0x00CE,
    0x00CF, 0x00D0, 0x00D2, 0x00D3, 0x00D4, 0x00D5, 0x00D6, 0x00D8, 0x00D9, 0x00DA, 0x00DB, 0x00DC,
    0x00DD, 0x00DE, 0x00DF, 0x00E0, 0x00E1, 0x00E2, 0x00E3, 0x00E4, 0x00E5, 0x00E6, 0x00E7, 0x00E8,
    0x00E9, 0x00EA, 0x00EB, 0x00EE, 0x00EF, 0x00F0, 0x00F1, 0x00F2, 0x00F3, 0x00F4, 0x00F5, 0x00F6,
    0x00F8, 0x00F9, 0x00FA, 0x00FB, 0x00FC, 0x00FD, 0x00FE, 0x00FF, 0x0100, 0x0101, 0x0102, 0x0103,
    0x0104, 0x0105, 0x0106, 0x0107, 0x010A, 0x010B, 0x010C, 0x010D, 0x010E, 0x010F, 0x0110, 0x0111,
    0x0112, 0x0113, 0x0116, 0x0117, 0x0118, 0x0119, 0x011A, 0x011B, 0x011E, 0x011F, 0x0120, 0x0121,
    0x0122, 0x0123, 0x0126, 0x0127, 0x012A, 0x012E, 0x012F, 0x0130, 0x0132, 0x0133, 0x0136, 0x0137,
    0x013B, 0x013C, 0x013D, 0x013E, 0x0141, 0x0142, 0x0144, 0x0146, 0x0148, 0x0150, 0x0151, 0x0152,
    0x0153, 0x0154, 0x0155, 0x0157, 0x0158, 0x0159, 0x015A, 0x015B, 0x015E, 0x015F, 0x0160, 0x0161,
    0x0162, 0x0163, 0x0164, 0x0165, 0x016A, 0x016B, 0x016E, 0x016F, 0x0170, 0x0171, 0x0172, 0x0173,
    0x0174, 0x0175, 0x0176, 0x0177, 0x0178, 0x0179, 0x017A, 0x017B, 0x017C, 0x017D, 0x017E, 0x0218,
    0x0219, 0x021A, 0x021B, 0x1EF2, 0x1EF3, 0x2013, 0x2014, 0x2018, 0x2019, 0x201A, 0x201C, 0x201D,
    0x201E, 0x2022, 0x2026, 0x2039, 0x203A, 0x20AC, 0x2212,
};

static const uint8_t atkinson_hn_18_bolditalicKernLeftClassIds[] = {
      1,   2,   3,   4,   2,   5,   6,   7,   8,   9,  10,  11,  12,  13,  14,  15,
     16,  17,  18,  19,  20,  21,  21,  22,  23,  24,  25,  26,  27,  28,  29,  30,
     31,  32,  33,  34,  35,  28,  36,  37,  38,  39,  40,  33,  41,  42,  43,  44,
     45,  46,  47,  48,  49,  50,  51,  52,  53,  54,  55,  56,  57,  58,  59,  56,
     56,  51,  51,  60,  61,  62,  63,  64,  65,  65,  66,  65,  67,  46,  68,  69,
     52,  70,  71,  68,  72,  73,  74,  73,  75,  76,  77,  78,  79,  25,  25,  25,
     25,  25,  25,  29,  27,  29,  29,  29,  29,  32,  32,  32,  32,  28,  28,  28,
     28,  28,  28,  28,  33,  33,  33,  33,  44,  80,  81,  50,  50,  50,  50,  50,
     50,  53,  52,  53,  53,  53,  53,  82,  83,  84,  56,  51,  51,  51,  51,  51,
     51,  64,  64,  64,  64,  65,  51,  65,  25,  50,  25,  50,  85,  86,  27,  52,
     27,  52,  27,  52,  28,  87,  28,  88,  29,  53,  29,  53,  89,  53,  29,  53,
     31,  55,  31,  55,  31,  55,  90,  56,  32,  91,  92,  32,  33,  57,  34,  58,
     35,  93,  35,  94,  35,  59,  56,  56,  56,  28,  95,  29,  53,  38,  61,  96,
     38,  61,  39,  62,  39,  62,  39,  62,  40,  97,  40,  98,  33,  64,  33,  64,
     33,  64,  33,  99,  42,  65,  44,  65,  44,  45,  67,  45,  67,  45,  67,  39,
     62,  40, 100,  44,  65,   9,   9, 101, 102,  10, 101, 102,  10, 103,  10,  74,
     78, 104, 105,
};

static const uint16_t atkinson_hn_18_bolditalicKernRightCodepoints[] = {
    0x0020, 0x0021, 0x0022, 0x0024, 0x0025, 0x0026, 0x0027, 0x0029, 0x002A, 0x002B, 0x002C, 0x002D,
    0x002E, 0x002F, 0x0030, 0x0031, 0x0032, 0x0033, 0x0034, 0x0035, 0x0036, 0x0037, 0x0038, 0x0039,
    0x003A, 0x003B, 0x003C, 0x003E, 0x003F, 0x0040, 0x0041, 0x0042, 0x0043, 0x0045, 0x0046, 0x0047,
    0x0048, 0x0049, 0x004A, 0x004F, 0x0051, 0x0053, 0x0054, 0x0055, 0x0056, 0x0057, 0x0058, 0x0059,
    0x005A, 0x005B, 0x005C, 0x005D, 0x005F, 0x0061, 0x0062, 0x0063, 0x0064, 0x0065, 0x0066, 0x0067,
    0x0068, 0x0069, 0x006A, 0x006B, 0x006C, 0x006D, 0x006E, 0x006F, 0x0070, 0x0071, 0x0072, 0x0073,
    0x0074, 0x0075, 0x0076, 0x0077, 0x0078, 0x0079, 0x007A, 0x007C, 0x007D, 0x00A1, 0x00A2, 0x00A3,
    0x00A5, 0x00A6, 0x00A7, 0x00A9, 0x00AB, 0x00AE, 0x00B0, 0x00B6, 0x00B7, 0x00BB, 0x00BF, 0x00C0,
    0x00C1, 0x00C2, 0x00C3, 0x00C4, 0x00C5, 0x00C6, 0x00C7, 0x00C8, 0x00C9, 0x00CA, 0x00CB, 0x00CC,
    0x00CD, 0x00CE, 0x00CF, 0x00D2, 0x00D3, 0x00D4, 0x00D5, 0x00D6, 0x00D8, 0x00D9, 0x00DA, 0x00DB,
    0x00DC, 0x00DD, 0x00DF, 0x00E0, 0x00E1, 0x00E2, 0x00E3, 0x00E4, 0x00E5, 0x00E6, 0x00E7, 0x00E8,
    0x00E9, 0x00EA, 0x00EB, 0x00EC, 0x00ED, 0x00EE, 0x00EF, 0x00F0, 0x00F1, 0x00F2, 0x00F3, 0x00F4,
    0x00F5, 0x00F6, 0x00F8, 0x00F9, 0x00FA, 0x00FB, 0x00FC, 0x00FD, 0x00FE, 0x00FF, 0x0100, 0x0101,
    0x0102, 0x0103, 0x0104, 0x0105, 0x0106, 0x0107, 0x010A, 0x010B, 0x010C, 0x010D, 0x010F, 0x0111,
    0x0112, 0x0113, 0x0116, 0x0117, 0x0118, 0x0119, 0x011A, 0x011B, 0x011E, 0x011F, 0x0120, 0x0121,
    0x0122, 0x0123, 0x0127, 0x012A, 0x012B, 0x012E, 0x012F, 0x0130, 0x0131, 0x0132, 0x0133, 0x0137,
    0x013C, 0x013E, 0x0142, 0x0144, 0x0146, 0x0148, 0x014D, 0x0150, 0x0151, 0x0152, 0x0153, 0x0155,
    0x0159, 0x015A, 0x015B, 0x015E, 0x015F, 0x0160, 0x0161, 0x0162, 0x0163, 0x0164, 0x0165, 0x016A,
    0x016B, 0x016E, 0x016F, 0x0170, 0x0171, 0x0172, 0x0173, 0x0174, 0x0175, 0x0176, 0x0177, 0x0178,
    0x0179, 0x017A, 0x017B, 0x017C, 0x017D, 0x017E, 0x0218, 0x0219, 0x021A, 0x021B, 0x1EF2, 0x1EF3,
    0x2013, 0x2014, 0x2018, 0x2019, 0x201A, 0x201C, 0x201D, 0x201E, 0x2022, 0x2026, 0x2030, 0x2039,
    0x203A, 0x20AC, 0x220F, 0x2211, 0x2212,
};

static const uint8_t atkinson_hn_18_bolditalicKernRightClassIds[] = {
      1,   2,   3,   4,   5,   6,   3,   7,   8,   9,  10,  11,  12,  13,  14,  15,
     16,  17,  18,  19,  20,  21,  22,  23,  24,  25,  26,  27,  28,  29,  30,  31,
     32,  31,  31,  32,  31,  33,  34,  32,  32,  35,  36,  37,  38,  39,  40,  41,
     42,  43,  44,  45,  46,  47,  48,  49,  49,  49,  50,  51,  48,  52,  53,  48,
     54,  55,  55,  49,  56,  49,  55,  57,  58,  59,  60,  60,  61,  62,  63,  43,
     45,  43,  49,  64,  65,  43,  43,  66,  67,  66,  68,  69,  70,  71,  72,  30,
     30,  30,  30,  30,  30,  73,  32,  31,  31,  31,  31,  33,  33,  33,  33,  32,
     32,  32,  32,  32,  32,  37,  37,  37,  37,  41,  74,  47,  47,  75,  76,  77,
     47,  47,  49,  49,  49,  49,  78,  79,  52,  80,  81,  49,  55,  49,  49,  82,
     83,  84,  49,  59,  59,  59,  59,  62,  85,  62,  30,  86,  30,  87,  30,  47,
     32,  49,  32,  49,  32,  49,  49,  49,  31,  49,  31,  49,  31,  49,  31,  49,
     32,  51,  32,  51,  32,  51,  88,  33,  89,  33,  90,  33,  52,  33,  52,  48,
     54,  54,  54,  55,  55,  55,  91,  32,  49,  32,  49,  55,  55,  35,  57,  35,
     57,  35,  57,  36,  58,  36,  58,  37,  59,  37,  59,  37,  59,  37,  59,  39,
     60,  41,  62,  41,  42,  63,  42,  63,  42,  63,  35,  57,  36,  58,  41,  62,
     11,  11,  92,  93,  94,  92,  93,  94,  95,  12,   5,  67,  71,  96,  69,  69,
     97,
};

static const uint16_t atkinson_hn_18_bolditalicKernRowOffsets[] = {
        0,     7,    31,    34,    57,    77,    99,   102,   146,   175,   218,   254,   269,   278,   291,   302,
      313,   333,   360,   386,   406,   421,   424,   425,   447,   499,   538,   577,   618,   641,   672,   687,
      702,   717,   765,   812,   862,   901,   938,   989,  1042,  1095,  1140,  1180,  1233,  1257,  1271,  1316,
     1317,  1318,  1352,  1403,  1451,  1484,  1524,  1532,  1551,  1552,  1597,  1640,  1666,  1714,  1763,  1794,
     1802,  1853,  1888,  1919,  1920,  1942,  1947,  1951,  1952,  1983,  2004,  2006,  2007,  2023,  2040,  2084,
     2125,  2136,  2146,  2151,  2187,  2240,  2275,  2327,  2328,  2352,  2354,  2370,  2371,  2415,  2464,  2515,
     2516,  2548,  2581,  2590,  2622,  2659,  2696,  2710,  2716,  2718,
};

static const uint8_t atkinson_hn_18_bolditalicKernSparseCols[] = {
     29,  35,  37,  38,  40,  59,  61,  14,  17,  20,  21,  29,  33,  34,  35,  37,
     38,  46,  48,  49,  56,  57,  74,  75,  76,  77,  81,  82,  83,  85,  86,  14,
     15,  22,  31,  34,  35,  36,  37,  38,  40,  46,  48,  50,  56,  57,  59,  61,
     74,  75,  76,  77,  81,  82,  83,  85,  86,  13,  29,  31,  33,  46,  48,  50,
     52,  56,  59,  61,  74,  75,  76,  77,  81,  82,  83,  85,  86,   9,  11,  29,
     31,  33,  35,  37,  38,  39,  40,  41,  46,  49,  56,  60,  72,  74,  75,  76,
     85,  86,  93,  14,  17,  22,   7,  13,  14,  16,  17,  18,  19,  20,  21,  22,
     29,  31,  33,  34,  35,  36,  37,  38,  39,  40,  46,  47,  48,  50,  52,  53,
     56,  57,  59,  60,  61,  62,  74,  75,  76,  77,  81,  82,  83,  85,  86,  87,
     91,  92,  13,  14,  17,  18,  21,  22,  29,  31,  33,  34,  35,  37,  38,  39,
     40,  41,  48,  49,  50,  56,  57,  59,  60,  61,  62,  77,  81,  82,  83,   7,
     13,  14,  16,  17,  18,  19,  20,  21,  22,  29,  31,  33,  34,  35,  36,  37,
     38,  39,  40,  46,  47,  48,  50,  53,  56,  57,  59,  60,  61,  62,  74,  75,
     76,  77,  81,  82,  83,  85,  86,  87,  91,  92,  12,  13,  15,  16,  17,  19,
     20,  22,  29,  31,  33,  34,  35,  40,  46,  48,  49,  50,  54,  55,  56,  58,
     59,  60,  61,  72,  74,  75,  76,  77,  81,  82,  83,  84,  85,  86,   3,   6,
      9,  10,  11,  12,  14,  15,  16,  20,  21,  22,  43,  64,  93,  14,  16,  17,
     19,  20,  21,  22,  43,  64,   3,   9,  11,  12,  14,  15,  20,  22,  25,  43,
     64,  93,  96,   2,   8,  10,  13,  14,  15,  16,  17,  19,  22,  43,  12,  13,
     14,  15,  16,  18,  19,  22,  43,  63,  64,   3,   9,  11,  12,  13,  14,  15,
     18,  20,  22,  43,  48,  63,  64,  77,  81,  82,  83,  93,  95,   2,   4,   8,
      9,  10,  11,  12,  13,  14,  15,  16,  17,  19,  20,  21,  22,  44,  48,  63,
     67,  77,  81,  82,  83,  93,  95,  96,   2,   3,   4,   9,  10,  11,  12,  13,
     14,  15,  16,  18,  19,  20,  22,  25,  43,  48,  63,  64,  77,  81,  82,  83,
     93,  95,   3,  10,  12,  13,  14,  15,  16,  17,  19,  20,  25,  26,  43,  48,
     63,  64,  77,  81,  82,  83,  14,  29,  33,  35,  37,  38,  40,  48,  59,  60,
     61,  77,  81,  82,  83,  14,  16,  22,  29,  29,  32,  35,  37,  38,  39,  40,
     41,  46,  49,  56,  57,  59,  60,  61,  62,  72,  74,  75,  76,  85,  86,   0,
      1,   2,   5,   6,   7,  10,  12,  27,  28,  29,  31,  33,  34,  35,  36,  37,
     38,  39,  40,  43,  46,  47,  48,  49,  50,  51,  53,  56,  57,  58,  59,  61,
     65,  66,  74,  75,  76,  77,  78,  79,  80,  81,  82,  83,  85,  86,  87,  88,
     89,  91,  92,   6,   7,   9,  10,  11,  12,  27,  28,  29,  31,  33,  34,  35,
     37,  38,  39,  40,  41,  43,  46,  48,  50,  59,  61,  62,  65,  66,  74,  75,
     76,  77,  81,  82,  83,  85,  86,  91,  92,  93,   5,   6,   7,   9,  10,  11,
     12,  28,  29,  31,  32,  33,  37,  38,  40,  41,  46,  50,  52,  53,  56,  57,
     59,  60,  61,  62,  65,  66,  69,  70,  74,  75,  76,  85,  86,  91,  92,  93,
     94,   1,   5,   6,   7,   9,  10,  11,  12,  27,  28,  29,  32,  33,  34,  35,
     37,  38,  39,  40,  41,  43,  44,  46,  48,  57,  59,  61,  62,  72,  74,  75,
     76,  77,  81,  82,  83,  85,  86,  91,  92,  93,   7,   9,  11,  28,  31,  33,
     34,  35,  48,  50,  56,  57,  58,  59,  61,  65,  66,  77,  81,  82,  83,  91,
     93,   7,   9,  11,  12,  23,  24,  29,  31,  33,  34,  46,  48,  56,  57,  65,
     69,  72,  74,  75,  76,  77,  78,  79,  80,  81,  82,  83,  85,  86,  88,  93,
      6,   7,  27,  34,  35,  37,  38,  39,  40,  57,  59,  61,  65,  91,  92,  31,
     46,  48,  50,  59,  61,  74,  75,  76,  77,  81,  82,  83,  85,  86,   9,  11,
     12,  29,  34,  39,  46,  50,  72,  74,  75,  76,  85,  86,  93,   0,   5,   7,
      9,  10,  11,  27,  28,  29,  31,  33,  34,  36,  37,  38,  39,  40,  46,  48,
     50,  51,  56,  57,  58,  59,  61,  65,  66,  69,  70,  74,  75,  76,  77,  78,
     79,  80,  81,  82,  83,  85,  86,  88,  89,  91,  92,  93,  94,   2,   7,  10,
     27,  28,  29,  31,  33,  34,  35,  36,  37,  38,  40,  46,  47,  48,  49,  50,
     51,  53,  56,  57,  58,  59,  61,  65,  66,  69,  74,  75,  76,  77,  78,  79,
     80,  81,  82,  83,  85,  86,  87,  88,  89,  91,  92,  94,   0,   1,   5,   6,
      7,   9,  10,  11,  12,  28,  29,  31,  33,  34,  37,  38,  39,  40,  41,  43,
     46,  48,  50,  51,  52,  56,  59,  60,  61,  65,  66,  70,  72,  74,  75,  76,
     77,  78,  79,  80,  81,  82,  83,  85,  86,  88,  89,  91,  92,  93,   1,   5,
      6,   7,  10,  12,  27,  28,  29,  32,  33,  34,  35,  37,  38,  39,  40,  41,
     43,  44,  46,  48,  52,  57,  59,  61,  62,  72,  74,  75,  76,  77,  81,  82,
     83,  85,  86,  91,  92,   7,   9,  10,  11,  23,  24,  28,  29,  33,  35,  36,
     37,  38,  39,  40,  43,  46,  48,  50,  56,  57,  59,  61,  65,  72,  74,  75,
     76,  77,  81,  82,  83,  85,  86,  91,  92,  93,   1,   2,   5,   6,   7,   9,
     10,  11,  12,  27,  29,  31,  33,  35,  37,  38,  39,  40,  41,  43,  46,  48,
     49,  50,  51,  55,  57,  59,  60,  61,  62,  65,  72,  74,  75,  76,  77,  78,
     79,  80,  81,  82,  83,  84,  85,  86,  88,  89,  91,  92,  93,   0,   2,   5,
      7,   9,  10,  11,  12,  23,  24,  27,  28,  29,  31,  33,  35,  37,  38,  39,
     40,  43,  46,  48,  50,  54,  55,  56,  58,  59,  60,  61,  62,  65,  66,  70,
     72,  74,  75,  76,  77,  78,  79,  80,  81,  82,  83,  84,  85,  86,  87,  88,
     92,  93,   0,   2,   5,   7,   9,  10,  11,  12,  23,  24,  27,  29,  33,  34,
     35,  37,  39,  40,  46,  48,  50,  51,  54,  55,  56,  58,  59,  60,  61,  62,
     65,  66,  70,  72,  74,  75,  76,  77,  78,  79,  80,  81,  82,  83,  84,  85,
     86,  87,  88,  89,  91,  92,  93,   0,   2,   5,   7,   9,  10,  11,  12,  23,
     24,  27,  29,  33,  34,  35,  38,  39,  40,  46,  48,  50,  56,  58,  62,  65,
     66,  70,  72,  74,  75,  76,  77,  78,  79,  80,  81,  82,  83,  85,  86,  87,
     88,  91,  92,  93,   5,   7,  10,  27,  28,  29,  31,  33,  34,  35,  37,  38,
     40,  46,  48,  50,  51,  56,  57,  58,  59,  61,  66,  70,  74,  75,  76,  77,
     78,  79,  80,  81,  82,  83,  85,  86,  88,  89,  91,  92,   0,   5,   9,  10,
     11,  12,  23,  24,  27,  28,  29,  31,  33,  34,  35,  37,  38,  39,  40,  43,
     46,  48,  50,  54,  55,  56,  57,  58,  59,  60,  61,  62,  65,  66,  70,  72,
     74,  75,  76,  77,  79,  80,  81,  82,  83,  84,  85,  86,  87,  88,  91,  92,
     93,   7,   9,  10,  11,  27,  28,  31,  34,  43,  48,  50,  56,  57,  58,  59,
     61,  65,  66,  77,  81,  82,  83,  92,  93,  17,  20,  31,  48,  50,  52,  56,
     59,  60,  61,  77,  81,  82,  83,  13,  14,  15,  16,  17,  18,  19,  20,  21,
     22,  31,  34,  35,  36,  37,  38,  40,  46,  47,  48,  49,  50,  51,  52,  53,
     56,  57,  58,  59,  61,  74,  75,  76,  77,  78,  79,  80,  81,  82,  83,  85,
     86,  87,  88,  89,  52,  52,   1,   2,   5,   6,   7,  10,  27,  28,  35,  37,
     38,  40,  43,  44,  48,  49,  51,  56,  57,  58,  59,  61,  65,  77,  78,  79,
     80,  81,  82,  83,  88,  89,  91,  92,   1,   2,   5,   6,   7,   9,  10,  11,
     12,  27,  33,  34,  35,  36,  37,  38,  39,  40,  41,  43,  44,  46,  48,  49,
     51,  56,  57,  59,  60,  61,  62,  65,  66,  70,  74,  75,  76,  77,  78,  79,
     80,  81,  82,  83,  85,  86,  88,  89,  91,  92,  93,   1,   2,   6,   7,   9,
     11,  12,  14,  15,  16,  22,  23,  24,  27,  29,  34,  35,  37,  38,  39,  40,
     41,  43,  46,  47,  48,  49,  53,  59,  60,  61,  62,  65,  66,  69,  74,  75,
     76,  77,  81,  82,  83,  85,  86,  87,  91,  92,  93,   1,   2,   5,   6,   7,
      9,  11,  23,  24,  27,  28,  35,  37,  38,  40,  43,  46,  49,  50,  57,  59,
     60,  61,  62,  65,  74,  75,  76,  85,  86,  91,  92,  93,   2,   5,   7,   9,
     10,  11,  12,  27,  46,  48,  49,  50,  51,  56,  57,  59,  60,  61,  65,  66,
     69,  74,  75,  76,  77,  78,  79,  80,  81,  82,  83,  85,  86,  87,  88,  89,
     91,  92,  93,  94,   7,  27,  35,  43,  52,  59,  61,  91,  27,  35,  37,  38,
     40,  43,  49,  51,  57,  59,  61,  65,  78,  79,  80,  88,  89,  91,  92,  52,
      5,   7,   9,  10,  11,  23,  24,  27,  28,  33,  35,  37,  38,  40,  43,  46,
     48,  51,  56,  58,  59,  60,  61,  65,  66,  69,  70,  74,  75,  76,  77,  78,
     79,  80,  81,  82,  83,  85,  86,  88,  89,  91,  92,  93,  94,   7,   9,  11,
     27,  28,  31,  37,  38,  40,  43,  46,  47,  48,  50,  51,  53,  56,  57,  58,
     59,  61,  65,  66,  69,  74,  75,  76,  77,  78,  79,  80,  81,  82,  83,  85,
     86,  87,  88,  89,  91,  92,  93,  94,   6,   7,   9,  12,  24,  27,  28,  35,
     37,  40,  42,  43,  44,  45,  50,  52,  55,  56,  61,  65,  71,  84,  89,  91,
     92,  93,   0,   2,   5,   9,  11,  27,  29,  33,  35,  37,  39,  40,  43,  46,
     47,  48,  49,  50,  51,  53,  54,  55,  57,  58,  59,  60,  61,  65,  66,  74,
     75,  76,  77,  78,  79,  80,  81,  82,  83,  84,  85,  86,  87,  88,  89,  91,
     92,  93,   2,   6,   7,   9,  10,  11,  12,  23,  24,  27,  28,  29,  31,  33,
     34,  35,  36,  37,  38,  39,  40,  43,  46,  48,  49,  51,  59,  60,  61,  62,
     65,  66,  74,  75,  76,  77,  78,  79,  80,  81,  82,  83,  85,  86,  88,  89,
     91,  92,  93,   2,   5,   6,  10,  27,  28,  31,  43,  46,  49,  50,  51,  56,
     59,  60,  61,  62,  65,  66,  74,  75,  76,  78,  79,  80,  85,  86,  88,  89,
     91,  92,   7,  27,  35,  37,  40,  43,  59,  61,   0,   1,   5,   6,   7,   9,
     10,  11,  12,  23,  24,  27,  28,  29,  33,  35,  37,  38,  39,  40,  41,  43,
     46,  48,  49,  50,  51,  56,  57,  59,  61,  65,  69,  74,  75,  76,  77,  78,
     79,  80,  81,  82,  83,  85,  86,  88,  89,  91,  92,  93,  94,   5,   7,   9,
     10,  11,  23,  24,  27,  28,  35,  37,  40,  43,  46,  48,  49,  50,  56,  58,
     60,  65,  66,  69,  74,  75,  76,  77,  81,  82,  83,  85,  86,  91,  92,  93,
      5,   9,  10,  11,  27,  28,  35,  37,  40,  43,  46,  48,  49,  57,  59,  61,
     65,  66,  69,  74,  75,  76,  77,  81,  82,  83,  85,  86,  91,  92,  93,  52,
     33,  34,  35,  36,  37,  38,  40,  46,  48,  52,  59,  60,  61,  74,  75,  76,
     77,  81,  82,  83,  85,  86,  13,  14,  16,  18,  21,  15,  16,  21,  22,  52,
     29,  33,  34,  35,  37,  38,  40,  41,  46,  47,  48,  49,  50,  53,  56,  57,
     59,  60,  61,  62,  72,  74,  75,  76,  77,  81,  82,  83,  85,  86,  87,  33,
     35,  37,  38,  40,  46,  48,  56,  57,  59,  61,  71,  74,  75,  76,  77,  81,
     82,  83,  85,  86,  14,  20,  87,  35,  37,  38,  40,  46,  49,  57,  59,  60,
     61,  62,  74,  75,  76,  85,  86,  35,  37,  38,  39,  40,  41,  48,  49,  56,
     57,  59,  60,  61,  77,  81,  82,  83,  30,  31,  33,  34,  35,  36,  37,  38,
     40,  41,  46,  47,  48,  49,  50,  51,  52,  53,  54,  56,  57,  58,  59,  60,
     61,  62,  73,  74,  75,  76,  77,  78,  79,  80,  81,  82,  83,  85,  86,  87,
     88,  89,  91,  92,   6,   7,   9,  10,  11,  12,  27,  28,  29,  33,  37,  39,
     43,  46,  48,  51,  57,  59,  60,  61,  62,  69,  72,  74,  75,  76,  77,  78,
     79,  80,  81,  82,  83,  85,  86,  88,  89,  91,  92,  93,  94,   1,   7,  27,
     28,  43,  59,  61,  65,  66,  91,  92,   2,  27,  44,  47,  53,  67,  68,  84,
     87,  92,  44,  47,  53,  64,  87,   7,   9,  11,  12,  23,  24,  27,  29,  33,
     35,  37,  38,  39,  41,  43,  46,  51,  56,  59,  60,  61,  65,  70,  74,  75,
     76,  78,  79,  80,  85,  86,  88,  89,  91,  92,  93,   0,   1,   2,   5,   6,
      7,  10,  12,  27,  28,  29,  31,  33,  34,  35,  36,  37,  38,  39,  40,  43,
     46,  47,  48,  49,  50,  51,  52,  53,  56,  57,  58,  59,  61,  65,  66,  74,
     75,  76,  77,  78,  79,  80,  81,  82,  83,  85,  86,  87,  88,  89,  91,  92,
      1,   2,   5,   6,   7,  10,  27,  28,  35,  37,  38,  40,  43,  44,  48,  49,
     51,  52,  56,  57,  58,  59,  61,  65,  77,  78,  79,  80,  81,  82,  83,  88,
     89,  91,  92,   2,   5,   6,   7,   9,  10,  11,  12,  23,  24,  27,  28,  43,
     44,  45,  46,  47,  48,  49,  50,  51,  52,  53,  54,  55,  56,  58,  60,  62,
     66,  69,  70,  74,  75,  76,  77,  78,  79,  80,  81,  82,  83,  84,  85,  86,
     87,  88,  89,  91,  92,  93,  94,  27,   7,   9,  11,  28,  31,  33,  34,  35,
     48,  50,  52,  56,  57,  58,  59,  61,  65,  66,  77,  81,  82,  83,  91,  93,
     79,  87,  31,  46,  48,  50,  52,  59,  61,  74,  75,  76,  77,  81,  82,  83,
     85,  86,  52,   7,   9,  11,  27,  28,  31,  37,  38,  40,  43,  46,  47,  48,
     50,  51,  52,  53,  56,  57,  58,  59,  61,  65,  66,  69,  74,  75,  76,  77,
     78,  79,  80,  81,  82,  83,  85,  86,  87,  88,  89,  91,  92,  93,  94,   1,
      2,   5,   6,   7,   9,  10,  11,  12,  23,  24,  27,  28,  43,  44,  45,  46,
     48,  49,  50,  51,  54,  55,  56,  58,  59,  60,  61,  66,  69,  70,  74,  75,
     76,  77,  78,  79,  80,  81,  82,  83,  84,  85,  86,  88,  89,  91,  92,  93,
      1,   2,   5,   6,   7,   9,  10,  11,  12,  27,  33,  34,  35,  36,  37,  38,
     39,  40,  41,  43,  44,  46,  48,  49,  51,  56,  57,  59,  60,  61,  62,  65,
     66,  70,  74,  75,  76,  77,  78,  79,  80,  81,  82,  83,  85,  86,  88,  89,
     91,  92,  93,  90,   2,   5,   6,  10,  27,  28,  31,  43,  46,  49,  50,  51,
     52,  56,  59,  60,  61,  62,  65,  66,  74,  75,  76,  78,  79,  80,  85,  86,
     88,  89,  91,  92,   2,   5,   6,  10,  27,  28,  31,  43,  44,  46,  49,  50,
     51,  52,  56,  59,  60,  61,  62,  65,  66,  74,  75,  76,  78,  79,  80,  85,
     86,  88,  89,  91,  92,   7,  27,  35,  37,  40,  43,  52,  59,  61,   2,   5,
      6,  10,  27,  28,  31,  43,  46,  49,  50,  51,  52,  56,  59,  60,  61,  62,
     65,  66,  74,  75,  76,  78,  79,  80,  85,  86,  88,  89,  91,  92,   9,  11,
     29,  31,  33,  34,  35,  37,  38,  39,  40,  41,  46,  48,  49,  54,  55,  56,
     57,  58,  59,  60,  61,  62,  71,  72,  74,  75,  76,  77,  81,  82,  83,  84,
     85,  86,  93,   9,  11,  29,  31,  33,  34,  35,  37,  38,  39,  40,  41,  46,
     48,  49,  50,  54,  55,  56,  57,  59,  60,  61,  62,  71,  72,  74,  75,  76,
     77,  81,  82,  83,  84,  85,  86,  93,  35,  37,  38,  40,  46,  49,  57,  59,
     61,  74,  75,  76,  85,  86,  13,  14,  15,  16,  17,  20,  14,  22,
};

static const int8_t atkinson_hn_18_bolditalicKernSparseValues[] = {
      -6,  -12,  -12,  -12,  -18,  -11,  -11,    7,  -39,   19,  -12,  -35,  -73,   -5,   18,   12,
      12,  -11,  -18,   18,  -17,   23,  -11,  -11,  -11,  -18,  -18,  -18,  -18,  -11,  -11,   -6,
       6,   -9,   -1,  -13,  -38,   -5,  -31,  -13,  -54,   12,    6,    8,    1,   -3,   -6,   -6,
      12,   12,   12,    6,    6,    6,    6,   12,   12,  -12,  -12,   -6,  -20,  -12,  -18,  -10,
      41,   -6,   -3,   -3,  -12,  -12,  -12,  -18,  -18,  -18,  -18,  -12,  -12,  -45,  -45,  -33,
       5,  -42,   12,   -6,   -6,   -6,   -1,   -3,   -1,   13,    6,   -3,  -60,   -1,   -1,   -1,
      -1,   -1,  -45,  -18,   17,   -9,  -51,  -15,  -27,  -12,   -9,  -12,  -15,   -6,  -13,  -12,
       9,  -30,  -16,  -19,  -47,  -36,  -39,  -27,    6,  -53,   -3,   -6,  -18,  -13,   22,   -6,
     -12,  -30,  -35,    3,  -35,    1,   -3,   -3,   -3,  -18,  -18,  -18,  -18,   -3,   -3,   -6,
     -53,  -55,   12,   -6,   34,    6,    3,  -11,  -11,   11,   19,   -3,  -24,  -24,   -7,   -6,
     -32,    6,    8,   -6,   12,   -3,   -6,   -9,   -3,   -9,   -3,    8,    8,    8,    8,  -51,
     -15,  -27,  -12,   -9,  -12,  -15,   -6,  -13,  -12,    9,  -30,  -16,  -19,  -47,  -36,  -39,
     -27,    6,  -53,   -3,   -6,  -18,  -13,   -6,  -12,  -30,  -35,    3,  -35,    1,   -3,   -3,
      -3,  -18,  -18,  -18,  -18,   -3,   -3,   -6,  -53,  -55,  -80,    3,    6,    6,  -21,    3,
      30,    6,  -44,  -15,  -53,   -9,   14,   12,  -18,  -34,    1,  -17,  -17,  -18,  -25,  -24,
     -12,  -23,  -12,  -44,  -18,  -18,  -18,  -34,  -34,  -34,  -34,  -18,  -18,  -18,   -3,  -12,
      12,   12,   12,   -3,   -6,    6,    3,   -6,    3,   -6,  -19,  -12,   12,   -6,   -1,    3,
       3,   -6,   -9,   -1,  -15,  -14,   -3,    9,    9,   -9,   -6,    6,   -6,   -3,   -3,  -19,
     -12,    9,   -3,  -19,   12,   12,   -6,   -8,    2,   -3,    6,   -6,  -20,  -21,   -7,   -9,
     -15,    6,  -12,   -2,   -5,   -7,   -9,   -6,   -6,   -3,    6,    6,   -9,   -3,  -22,    6,
      -3,  -13,   -9,  -18,   -3,   -6,  -19,   -3,   -3,   -3,   -3,    6,   -6,   19,   18,    6,
     -12,    3,  -12,  -24,    6,    6,    3,    9,  -18,    6,   18,  -12,    3,    6,    6,    3,
      25,    6,    6,    6,    6,  -12,    3,    6,  -12,   -3,  -15,   12,   -1,   12,   -3,   -6,
     -18,   -3,   -3,   -3,   -3,   -6,   -8,   -3,  -27,   -1,   -3,   -9,   -1,   -1,   -1,   -1,
      12,   -4,   -6,    3,  -24,   -3,   -6,  -12,   -6,    6,    3,   -6,    3,   -3,  -21,    6,
      -6,  -16,    6,    6,    6,    6,   -6,    6,   -4,  -18,  -18,  -12,  -31,   -3,   -6,   -3,
      -6,   -3,   -3,   -3,   -3,  -12,   -5,   -7,  -35,    3,   -7,  -31,  -18,   -9,    6,  -40,
       9,    8,   -6,   -3,   -9,   -9,   -6,   -9,    3,    6,    8,    8,    8,    8,    8,   -6,
     -12,  -35,   -9,  -12,  -54,  -11,   11,  -35,   -9,   15,  -28,   -9,  -18,  -47,  -30,  -37,
     -28,   11,  -50,  -58,   -3,   -8,  -18,  -13,   -9,   -6,  -11,   -6,  -26,  -15,  -31,  -31,
     -27,   -6,   -3,   -3,   -3,  -18,   -6,   -6,   -6,  -18,  -18,  -18,   -3,   -3,   -8,   -6,
      -6,  -54,  -55,   -6,  -13,    9,   -3,    9,   -6,    3,   -3,    6,   -5,    6,   -6,  -12,
     -20,  -12,  -12,  -27,    3,   -9,    5,    3,   -3,   -3,   -3,    3,    6,   -3,    5,    5,
       5,    3,    3,    3,    3,    5,    5,   -1,   -9,    9,    2,   -9,   -8,   12,   -6,   12,
      11,   -4,    8,   -9,    5,    6,   -7,   -9,  -21,   17,   10,   -1,    3,    6,    5,   -3,
      -3,    6,   -3,    8,    6,   -6,   -9,    5,   10,   10,   10,   10,   10,   -6,   -9,   12,
      -9,   -3,    6,   -6,  -12,   -6,   11,   -6,  -15,  -29,    6,   -5,  -11,    6,   -6,  -21,
     -24,  -15,  -17,  -45,   -8,  -33,   -6,   12,    3,   -3,   -8,   -8,    1,  -28,   12,   12,
      12,    3,    3,    3,    3,   12,   12,   -9,   -9,   -6,   -6,   -3,   -3,   -9,  -11,   -3,
      -3,    6,  -13,   -9,   -3,   -3,   -6,   -6,   -6,    6,   -6,  -13,  -13,  -13,  -13,   -6,
      -3,   -3,  -25,  -25,  -29,   -3,   -3,  -24,   -2,  -15,   -7,   -3,    3,   -3,   -3,    6,
       6,  -48,   -3,   -3,   -3,    3,    2,   13,   13,    3,    3,    3,   -3,   -3,   13,  -25,
       3,  -24,  -24,   -6,  -23,  -24,  -20,   -5,  -44,   -6,   -6,   -6,   -9,   -9,  -12,  -11,
      -2,  -15,  -17,  -12,  -12,   -2,   -2,   -2,  -15,  -15,  -15,  -15,   -2,   -2,  -15,  -15,
     -12,  -12,   -3,   -3,   11,   -1,  -16,   11,   11,   11,   11,   11,  -15,  -12,  -12,  -12,
     -15,  -12,  -15,  -14,  -15,   11,  -32,  -17,   -6,  -13,    1,   -2,    7,    6,   -9,  -41,
     -34,  -19,  -17,  -12,  -24,  -29,  -29,   12,  -29,  -12,  -12,   -9,   -9,   -9,  -41,  -19,
     -19,  -19,  -41,  -41,  -41,   -9,   -9,  -19,  -19,   -6,  -19,  -15,  -12,  -44,  -54,   -7,
     -46,   -9,    5,  -27,   -3,  -12,  -52,  -18,  -45,  -33,  -61,    3,   -3,  -12,   -3,   -6,
     -14,   -3,   -6,   -6,   -6,  -12,  -12,  -23,  -30,  -12,    3,    3,    3,  -12,  -14,  -14,
     -14,  -12,  -12,  -12,    3,    3,   -3,  -14,  -14,  -76,  -72,  -12,  -18,   -3,    9,   -6,
      -3,  -30,    9,  -30,  -34,    9,  -21,    6,  -54,   -3,   -7,   -9,  -25,  -25,   -6,  -12,
       6,    7,    9,   12,    3,    4,    9,   -3,    9,   12,   -3,    6,  -69,    6,    6,    6,
       7,   12,   12,   12,    7,    7,    7,    6,    6,   12,   12,    5,   -9,  -30,   -3,    6,
      -6,  -12,   11,   -9,  -29,    6,   14,  -11,    6,   -6,  -21,  -24,  -15,   -4,  -45,   -6,
     -33,   -6,   12,    3,   29,   -3,   -8,   -8,    1,   -8,   12,   12,   12,    3,    3,    3,
       3,   12,   12,   -9,   -9,   -9,  -12,   -5,  -12,   -5,   -5,    6,   10,  -23,  -12,   -6,
     -15,   -9,    6,  -29,  -17,   12,    3,    9,    3,   -3,   -3,   -3,   12,   -6,   12,   12,
      12,    3,    3,    3,    3,   12,   12,   -3,   -9,  -12,    6,   -5,    3,    6,  -13,    9,
      13,    9,   -6,   -7,    6,   -3,    3,  -11,  -18,   -9,    6,  -25,    6,  -15,    8,   -3,
      -6,   -3,   -3,   -7,   -7,  -15,    6,  -15,    6,    6,  -20,    8,    8,    8,   -3,   -3,
      -3,   -3,   -3,   -3,   -3,   -7,    8,    8,   -3,   -3,  -13,  -13,    9,  -12,   18,  -23,
      12,  -47,  -24,  -47,  -60,  -18,  -18,   12,   -7,  -35,   -4,  -63,    9,   12,   12,    1,
      13,   14,  -29,  -42,  -42,  -28,  -24,  -25,  -24,  -20,  -25,  -20,  -24,   18,  -47,  -36,
     -63,  -47,  -42,  -43,  -42,   24,   26,   26,  -67,  -71,  -67,  -24,  -48,  -59,   18,   15,
      18,  -47,  -12,   12,  -28,   -3,  -20,  -12,  -20,  -28,   -9,   -9,    9,  -23,  -44,    1,
      12,   11,    3,   17,  -17,  -19,  -11,   -3,  -18,  -11,  -20,  -12,   -6,  -14,   -6,    3,
      18,  -34,  -14,  -47,  -34,  -35,  -40,  -19,   -3,    7,   13,  -19,  -19,  -19,  -11,  -17,
     -17,   10,    1,   -3,    3,    3,  -20,  -12,   12,   -2,   -3,  -12,    7,  -12,  -12,   -5,
      -5,    9,  -17,  -42,    3,   12,    5,   -1,   14,    6,  -15,  -11,    3,   -7,    3,   12,
     -18,    6,  -46,    6,    6,    6,  -15,    8,   14,   19,  -15,  -15,  -15,    6,    6,   10,
      14,    3,    3,  -12,   -9,   -3,  -18,   -4,  -12,   11,  -23,  -13,   -9,    1,    3,   -1,
       8,  -12,  -35,  -12,   -3,   -6,   -9,  -12,  -17,  -17,  -28,   -6,  -12,  -12,  -12,  -35,
      -3,   -3,   -3,  -35,  -35,  -35,  -12,  -12,   -3,   -3,  -17,   -6,  -18,  -30,  -53,  -20,
     -53,  -45,  -16,  -16,   -2,   -5,  -35,  -12,  -74,   -4,   13,   17,   14,    8,   23,   12,
     -30,  -38,  -39,  -28,  -28,  -29,   -6,  -22,  -22,  -21,  -22,  -19,   18,  -47,  -33,  -92,
     -30,  -58,  -59,  -74,    8,   19,  -38,  -38,  -79,  -28,  -30,  -30,    7,   19,    6,    3,
     -53,   -4,   -3,   -6,   -3,    3,   -7,  -16,    5,   -6,  -11,   -3,   -3,   -3,   -4,   -3,
      -3,   12,  -18,  -11,  -11,  -11,  -11,   -6,   -3,   -7,   18,   -6,   -6,  -10,   40,   -8,
      -4,   -3,   -4,   -6,   -6,   -6,   -6,  -18,  -15,   -6,  -18,   -6,  -12,  -20,  -12,  -15,
     -12,  -39,  -15,  -60,  -30,  -46,  -24,  -60,   -3,   -9,  -26,  -11,  -15,  -21,   43,   -9,
      -8,  -12,  -12,  -30,  -30,   -3,   -3,   -3,  -26,  -21,  -21,  -21,  -26,  -26,  -26,   -3,
      -3,   -9,  -21,  -21,   24,   48,   -3,  -24,   -3,  -12,  -18,   -6,  -36,   -1,  -42,  -19,
     -12,  -25,  -50,   -6,   -6,   -9,   -5,   -7,  -12,   -5,  -22,  -22,   -6,   -6,   -5,   -5,
      -5,   -6,   -6,   -6,   -5,   -5,  -16,  -22,    3,   -1,    3,  -18,  -24,    6,    8,    6,
     -10,  -30,    6,   -3,  -60,   -6,  -31,  -25,  -11,  -58,    3,  -51,   -6,    6,    1,    1,
     -11,   -5,  -12,  -20,  -17,  -20,   -5,   -6,  -12,  -10,    6,    6,    6,    1,  -11,  -11,
     -11,    1,    1,    1,    6,    6,  -11,  -11,  -26,  -15,    6,    3,   -4,   -6,  -12,    6,
       6,   12,   -9,    6,   -3,   -7,    6,    6,  -18,   12,   -7,  -48,  -18,  -15,   12,  -34,
       6,  -22,    4,    9,   -8,    6,    9,  -11,    6,  -11,    7,   -3,   -6,   -6,    4,    4,
       4,   -8,   -8,   -8,   -8,    4,    4,    9,   -6,   -6,    6,    3,  -18,    6,  -18,  -18,
       6,    6,    6,    6,  -34,    6,  -43,  -31,  -25,  -63,  -48,    6,   -9,    3,   -3,  -17,
      -9,  -17,   -1,   -6,    6,    6,    6,    6,    6,  -23,  -14,    6,   18,    3,   19,  -21,
     -12,  -21,  -12,    9,   -5,   -8,    8,   -6,    6,   -3,    3,    2,   -7,    2,    9,    6,
       6,   -5,   -5,   -5,   -8,    6,   24,   25,   -8,   -8,   -8,   -5,   -5,   14,   25,    6,
      10,   18,  -21,    6,  -12,   -6,  -28,  -28,   22,   -3,   -3,   -6,  -31,  -36,  -13,   -9,
     -18,  -42,   -1,   -6,  -11,  -21,  -21,   -6,   -6,   -6,   -6,   -6,   -6,  -25,  -24,   20,
     -19,  -12,  -10,  -25,  -10,   -6,   -6,   -6,   -9,  -11,  -26,   -6,   -6,  -15,   -9,   -8,
     -25,   -6,   -7,   -3,    2,   15,    2,    6,  -15,  -11,   -3,   -8,   -8,   -8,  -25,   -6,
      -6,   -6,  -25,  -25,  -25,   -8,   -8,   -6,   -6,   -3,   -8,  -10,  -11,  -11,    6,    6,
      -6,   -6,   -5,   -9,   -6,  -13,  -32,    6,   -6,  -10,  -13,  -10,   -6,   -6,  -11,   -6,
     -15,  -15,   -6,   -6,   -6,    6,    6,    6,  -10,  -10,  -10,  -10,  -10,  -10,  -10,    6,
       6,   -6,  -10,  -10,   -9,   -7,    6,   -6,   50,  -12,   23,   47,   18,   -6,   -3,  -32,
      -6,  -18,   20,  -28,   58,   58,   -1,   92,   20,   -6,   16,   -1,   44,   20,   35,   -8,
     -13,   19,  -12,   25,    6,  -39,  -39,   -3,    6,    6,   -3,   -5,   -6,  -11,   -9,   -6,
       6,  -10,   15,   -4,   11,    6,    6,    6,   11,    6,    5,   -5,    5,    6,    3,   -6,
      -6,   -6,  -10,   11,   11,   11,  -10,  -10,  -10,    6,   -6,   -6,    6,   11,   11,    8,
      13,  -39,  -12,    6,  -12,    9,   -3,    9,    6,    6,    6,  -27,   -3,    6,   -6,    3,
      -3,  -40,   -6,  -18,   -9,    6,  -27,  -28,    3,   -1,   -9,   -6,  -12,   -3,  -12,    3,
      -6,   -3,    3,    3,    3,   -1,   -6,   -6,   -6,   -1,   -1,   -1,    3,    3,   -6,   -6,
     -23,  -18,    9,    2,   -3,    6,   -6,   -6,   -4,    3,  -14,    3,    2,    6,    1,   -6,
      -1,   -7,   -1,   -1,    6,   -6,    3,    3,    3,    1,    1,    1,    3,    3,    1,    1,
      -4,   -7,  -12,   -6,  -32,   -6,  -20,  -28,   -3,   -3,  -11,   -3,    6,   -3,   -9,  -31,
      -3,  -31,  -12,    3,    3,   -3,    6,  -19,    1,  -17,   -6,   -3,   -9,  -14,   -9,  -12,
      -5,   -3,   10,   -8,    8,   -5,   10,   14,   14,   12,    6,   -5,   -5,   -5,   -3,    8,
       8,    8,   -3,   -3,   -3,   -5,   -5,    8,    8,   12,   -4,  -31,    3,   -6,  -12,  -13,
      -3,  -13,   -2,   -2,   -3,    6,  -25,  -11,  -32,   -6,   -5,  -19,    2,  -11,   -7,   -3,
      15,    6,   -6,    6,   -5,   -5,   -5,  -19,  -19,  -19,  -19,   -5,   -5,   -3,   -7,  -13,
       6,   -2,   -1,   -2,   -6,    6,  -24,   -6,  -23,  -13,    3,   -5,    6,    6,    6,    6,
       6,   -6,    6,    3,    3,    3,   -5,   -5,   -5,   -5,    3,    3,   -3,   -6,   -2,   34,
      -8,   -6,  -29,   -6,  -31,  -18,  -35,    3,    3,   29,   -3,   -3,   -3,    3,    3,    3,
       3,    3,    3,    3,    3,    3,  -12,   -8,   -3,   -6,   -6,    9,    9,    3,    6,   29,
      21,   12,    9,  -18,  -18,  -12,  -18,   17,   18,    6,    6,   -6,    6,    6,   -3,  -12,
      -9,   -6,   -9,   12,   18,   18,   18,   18,    6,    6,    6,    6,   18,   18,    6,   -9,
     -36,  -29,   -6,  -45,   -3,  -15,   -3,   -6,   -3,   -3,    1,   -3,   -3,   -3,  -15,  -15,
     -15,  -15,   -3,   -3,   13,   30,   10,  -12,  -12,  -12,  -17,    6,  -11,  -11,  -15,   -6,
     -15,   -6,    6,    6,    6,    6,    6,  -53,  -34,  -18,  -28,  -59,  -18,  -12,   -6,   -6,
      -6,   -6,   -6,   -6,  -12,  -12,  -12,  -12,  -18,  -30,  -28,  -13,  -47,  -18,  -42,  -41,
     -70,   -5,  -26,   -6,  -30,  -22,  -17,  -18,   49,   -6,  -19,  -12,  -12,  -29,  -40,  -10,
     -67,   -6,   -9,  -26,  -26,  -26,  -30,  -18,  -18,  -18,  -30,  -30,  -30,  -26,  -26,   -6,
     -18,  -21,  -31,  -38,  -24,  -12,    9,   17,    9,  -23,  -21,    9,   -5,    6,  -24,  -17,
     -29,    9,    6,   -3,   -3,   -6,   -9,   -6,    3,    9,  -40,    9,    9,    9,    6,   -3,
      -3,   -3,    6,    6,    6,    9,    9,   -3,   -3,   -6,   -9,    9,    9,    3,  -23,   -9,
      -3,  -33,   -5,   -5,  -12,   -3,  -18,  -13,   20,   24,   20,   14,   14,   14,   14,   14,
      14,   24,   12,   16,   16,   26,   16,  -13,   -7,   -7,    6,   -6,   -6,   -6,    6,    6,
      -9,  -12,  -12,    6,    6,  -18,    7,   -1,   -3,   -6,  -11,   -6,   -6,   -6,    7,    7,
       7,   -1,   -1,   -1,    7,    7,   -1,   -1,   -7,  -12,   -7,   -6,  -12,  -35,   -9,  -12,
     -54,  -11,   11,  -35,   -9,   15,  -28,   -9,  -18,  -47,  -30,  -37,  -28,   11,  -50,  -58,
      -3,   -8,  -18,  -13,   -9,   -6,   48,  -11,   -6,  -26,  -15,  -31,  -31,  -27,   -6,   -3,
      -3,   -3,  -18,   -6,   -6,   -6,  -18,  -18,  -18,   -3,   -3,   -8,   -6,   -6,  -54,  -55,
      -3,  -24,   -3,  -12,  -18,   -6,  -36,   -1,  -42,  -19,  -12,  -25,  -50,   -6,   -6,   -9,
      -5,   35,   -7,  -12,   -5,  -22,  -22,   -6,   -6,   -5,   -5,   -5,   -6,   -6,   -6,   -5,
      -5,  -16,  -22,    7,  -44,    9,    5,  -60,  -60,  -60,  -60,    1,    1,   13,  -44,   13,
       7,  -60,  -34,    3,  -38,  -11,  -37,   -8,    3,    3,  -12,  -12,  -28,  -12,   -7,   -7,
     -60,  -60,  -60,  -34,  -34,  -34,  -38,   -8,   -8,   -8,  -38,  -38,  -38,  -12,  -34,  -34,
       3,   -8,   -8,    9,    9,  -60,  -60,   20,   -6,   -3,   -3,   -9,  -11,   -3,   -3,    6,
     -13,   -9,   30,   -3,   -3,   -6,   -6,   -6,    6,   -6,  -13,  -13,  -13,  -13,   -6,   -3,
      14,   16,  -11,   -2,  -15,  -17,   26,  -12,  -12,   -2,   -2,   -2,  -15,  -15,  -15,  -15,
      -2,   -2,   23,  -11,    6,    6,   -6,   -6,   -5,   -9,   -6,  -13,  -32,    6,   -6,  -10,
     -13,  -10,   32,   -6,   -6,  -11,   -6,  -15,  -15,   -6,   -6,   -6,    6,    6,    6,  -10,
     -10,  -10,  -10,  -10,  -10,  -10,    6,    6,   -6,  -10,  -10,   -9,   -7,    6,   -6,    3,
      11,  -21,    5,    4,  -27,  -27,  -27,  -27,    6,    6,   13,  -21,   13,    7,  -20,  -23,
     -31,  -11,  -34,   -8,  -10,   -7,  -21,  -13,   -3,   -5,   -3,  -27,  -27,  -27,  -23,  -23,
     -23,  -31,   -8,   -8,   -8,  -31,  -31,  -31,   -2,  -23,  -23,   -8,   -8,    6,   11,  -27,
       3,   -1,    3,  -18,  -24,    6,    8,    6,  -10,  -30,    6,   -3,  -60,   -6,  -31,  -25,
     -11,  -58,    3,  -87,   -6,    6,    1,    1,  -11,   -5,  -12,  -20,  -17,  -20,   -5,   -6,
     -12,  -10,    6,    6,    6,    1,  -11,  -11,  -11,    1,    1,    1,    6,    6,  -11,  -11,
     -26,  -15,    6,  -12,    2,   -3,    6,   -6,   -6,   -4,    3,  -14,    3,    2,    6,    1,
      29,   -6,   -1,   -7,   -1,   -1,    6,   -6,    3,    3,    3,    1,    1,    1,    3,    3,
       1,    1,   -4,   -7,    2,   -3,    6,   -6,   -6,   -4,    3,    5,   14,    3,    2,    6,
       1,   14,   -6,   -1,   -7,   -1,   -1,    6,   -6,    3,    3,    3,    1,    1,    1,    3,
       3,    1,    1,   -4,   -7,  -12,   -6,  -32,   -6,  -20,  -28,   25,   -3,   -3,    2,   -3,
       6,   -6,   -6,   -4,    3,  -14,    3,    2,    6,    1,   24,   -6,   -1,   -7,   -1,   -1,
       6,   -6,    3,    3,    3,    1,    1,    1,    3,    3,    1,    1,   -4,   -7,  -43,  -43,
     -37,    6,  -53,   -6,    7,   -3,   -3,   -6,   -6,   -6,   -1,  -10,   18,    3,    3,  -11,
      18,    3,    2,   -5,    2,   -3,  -44,  -61,   -1,   -1,   -1,  -10,  -10,  -10,  -10,    3,
      -1,   -1,  -43,  -43,  -43,  -30,  -14,  -79,   -5,   18,   -6,   -3,  -11,   -6,   -6,   -8,
     -14,   19,  -10,    1,    3,  -12,   11,    3,    3,    3,    3,  -44,  -55,   -8,   -8,   -8,
     -14,  -14,  -14,  -14,    3,   -8,   -8,  -43,  -12,  -12,  -12,  -17,    6,  -11,  -11,  -12,
     -12,    6,    6,    6,    6,    6,   -6,   -6,    6,   -3,    3,   -6,  -12,   -9,
};

static const EpdFontData atkinson_hn_18_bolditalic = {
    atkinson_hn_18_bolditalicBitmaps,
    atkinson_hn_18_bolditalicGlyphs,
    atkinson_hn_18_bolditalicIntervals,
    51,
    45,
    30,
    -10,
    true,
    atkinson_hn_18_bolditalicGroups,
    9,
    nullptr,
    nullptr,  // kernLeftClasses: built-in fonts use the split arrays below
    nullptr,  // kernRightClasses
    atkinson_hn_18_bolditalicKernLeftCodepoints,
    atkinson_hn_18_bolditalicKernLeftClassIds,
    atkinson_hn_18_bolditalicKernRightCodepoints,
    atkinson_hn_18_bolditalicKernRightClassIds,
    nullptr,  // kernMatrix: built-in fonts use the sparse form below
    atkinson_hn_18_bolditalicKernRowOffsets,
    atkinson_hn_18_bolditalicKernSparseCols,
    atkinson_hn_18_bolditalicKernSparseValues,
    259,
    257,
    105,
    97,
    nullptr,
    0,
};
