/**
 * generated by fontconvert.py
 * name: atkinson_hn_16_italic
 * size: 16
 * mode: 2-bit  compressed: true
 * Command used: fontconvert.py atkinson_hn_16_italic 16 ../builtinFonts/source/AtkinsonHyperlegibleNext/AtkinsonHyperlegibleNext-RegularItalic.otf ../builtinFonts/source/NotoSansHebrew/NotoSansHebrew-Regular.ttf ../builtinFonts/source/NotoSansArabic/NotoSansArabic-Regular.ttf --2bit --compress --pnum --zopfli
 */
#pragma once
#include "EpdFontData.h"

static const uint8_t atkinson_hn_16_italicBitmaps[12418] = {
    0xAD, 0x5A, 0x47, 0x94, 0xDD, 0xCA, 0x56, 0xDD, 0x92, 0xFC, 0xBE, 0xD6, 0x42, 0x6B, 0x51, 0xE4,
    0x0C, 0x22, 0x4D, 0x88, 0x35, 0x24, 0xD9, 0x5D, 0x22, 0xE7, 0x9C, 0x33, 0x53, 0x72, 0xCE, 0x76,
    0x4B, 0xE4, 0x19, 0x79, 0x4C, 0x9E, 0x10, 0xFB, 0xCF, 0x48, 0xDD, 0xAD, 0x22, 0x67, 0x10, 0x69,
    0x42, 0x14, 0x39, 0x43, 0xC1, 0xD7, 0x7A, 0x4F, 0xCF, 0x2E, 0xE9, 0x50, 0xFB, 0xC8, 0xD2, 0xEB,
    0xEB, 0x67, 0xFF, 0x17, 0x6F, 0x4B, 0x5B, 0xB2, 0xAE, 0x74, 0xC2, 0xAE, 0x5D, 0xA7, 0xAA, 0x74,
    0x0D, 0x07, 0x6E, 0x2D, 0x70, 0x0D, 0x2C, 0x40, 0xE4, 0x96, 0xCD, 0xC8, 0x27, 0xE4, 0x01, 0x45,
    0xDA, 0x06, 0x14, 0x9E, 0x5B, 0xD9, 0x21, 0x03, 0x3F, 0xB7, 0xF4, 0x76, 0xE9, 0xB8, 0xF1, 0x69,
    0xD3, 0x9D, 0xD5, 0xCD, 0x1D, 0x8B, 0xBB, 0x0E, 0x97, 0x67, 0xF8, 0x85, 0xDB, 0x08, 0xB7, 0xF1,
    0x09, 0x6F, 0x06, 0xC0, 0x78, 0xA7, 0x78, 0x96, 0xB0, 0x6E, 0x2E, 0x41, 0x4F, 0x91, 0x98, 0xEC,
    0x03, 0x57, 0xC9, 0x3E, 0x24, 0x7D, 0x82, 0xE2, 0x80, 0x9F, 0xBE, 0x7F, 0xF1, 0xEF, 0x5D, 0x72,
    0x69, 0x3C, 0x50, 0x8C, 0x75, 0x03, 0x54, 0x27, 0x06, 0xEE, 0x01, 0x4E, 0x44, 0xA2, 0xE2, 0x8C,
    0x77, 0x97, 0x9F, 0xBE, 0xFF, 0x23, 0x40, 0x2C, 0x02, 0x80, 0xB9, 0x1C, 0x81, 0x9C, 0x8F, 0x9E,
    0x18, 0x00, 0xF0, 0x15, 0x84, 0xB0, 0x43, 0xBF, 0x00, 0x55, 0x72, 0x46, 0x1B, 0x13, 0xE4, 0x83,
    0x7F, 0x2B, 0x26, 0x03, 0x7E, 0xCE, 0x63, 0xD9, 0x20, 0x8F, 0x15, 0x90, 0x45, 0x03, 0x40, 0xBE,
    0x07, 0x74, 0x06, 0xDE, 0x3C, 0xF1, 0x31, 0xD1, 0x7F, 0x7B, 0xE0, 0xB6, 0x0D, 0xC0, 0x37, 0x54,
    0x09, 0x5E, 0x5B, 0x84, 0x1A, 0xA1, 0x08, 0xAE, 0x0B, 0xD5, 0x68, 0xFF, 0x6E, 0xAC, 0xBD, 0x91,
    0x7F, 0x96, 0xA6, 0x60, 0x84, 0x70, 0xD2, 0x81, 0xA4, 0x81, 0xB4, 0x01, 0x55, 0x03, 0x64, 0xBC,
    0xC4, 0x9B, 0x26, 0xF2, 0xE7, 0x1E, 0x28, 0xD3, 0x2D, 0x5A, 0x92, 0x1C, 0xE1, 0x60, 0x06, 0x44,
    0xD4, 0x70, 0x0D, 0x22, 0x2C, 0x9B, 0xE2, 0x0A, 0xAE, 0x98, 0x01, 0xF7, 0x2D, 0x8B, 0x19, 0x81,
    0x5A, 0x66, 0x4B, 0x9B, 0x32, 0xF4, 0xF8, 0x02, 0xE0, 0xAD, 0x53, 0xA0, 0xD2, 0x00, 0x65, 0x68,
    0x25, 0xD0, 0xEE, 0x5A, 0xD2, 0x6E, 0x3E, 0x21, 0x6E, 0x9C, 0x5C, 0x26, 0xBB, 0xE9, 0x70, 0x37,
    0xD9, 0xDD, 0x1C, 0x34, 0x59, 0xCC, 0x22, 0xED, 0xCA, 0xFF, 0x04, 0xB5, 0x2B, 0x03, 0xED, 0x96,
    0x2B, 0xC9, 0x5D, 0xC0, 0xAC, 0x99, 0x60, 0x2E, 0x7D, 0xC0, 0xF6, 0x2C, 0xCA, 0x91, 0x58, 0x29,
    0x96, 0xA1, 0xE4, 0xF5, 0xD9, 0x79, 0xA6, 0x42, 0xD7, 0x39, 0x13, 0x45, 0x2B, 0xFE, 0xA9, 0xA6,
    0x58, 0x3F, 0xDE, 0xA7, 0xD4, 0x42, 0x15, 0x1C, 0xAC, 0x4F, 0x37, 0x51, 0x18, 0xCB, 0x42, 0x9D,
    0xB4, 0x11, 0x3D, 0xE0, 0x02, 0xCF, 0xEB, 0x11, 0xCE, 0x43, 0x02, 0xEA, 0xF5, 0x42, 0x22, 0x4A,
    0x91, 0x71, 0x01, 0xDA, 0x95, 0x7C, 0x9C, 0xDD, 0xB9, 0x7B, 0xF9, 0x0B, 0xE1, 0x13, 0x48, 0x4A,
    0x31, 0x25, 0x6F, 0x30, 0x9E, 0x46, 0xCE, 0x55, 0x8F, 0x13, 0x49, 0x2A, 0x47, 0x5E, 0x4B, 0x5B,
    0xDD, 0xC1, 0x02, 0x6E, 0xDF, 0xCE, 0x74, 0x3B, 0xDF, 0x4F, 0x8E, 0xEB, 0x16, 0xBC, 0x53, 0x1F,
    0x61, 0x42, 0x94, 0x34, 0x85, 0x17, 0x75, 0xBB, 0x24, 0xBF, 0xB8, 0xA7, 0xDB, 0xF9, 0x7E, 0x72,
    0xA9, 0x5B, 0xD4, 0x6D, 0xA6, 0xFE, 0x0F, 0xAF, 0xB5, 0x06, 0xD3, 0x3E, 0x1A, 0x1D, 0x0C, 0x50,
    0xE3, 0x8D, 0xDE, 0x1B, 0x67, 0x77, 0x6E, 0xB5, 0xB2, 0x96, 0xB2, 0x64, 0x2B, 0x2A, 0x81, 0xFD,
    0xF8, 0xE6, 0x4E, 0xE5, 0x6F, 0x15, 0x8D, 0x06, 0x72, 0x03, 0x18, 0xA0, 0x7A, 0xA6, 0x25, 0x05,
    0x55, 0xF3, 0xA8, 0xD0, 0x26, 0xF0, 0xF4, 0x89, 0x03, 0x40, 0xFF, 0xEC, 0x08, 0xF4, 0x75, 0x00,
    0xAA, 0x60, 0x02, 0xD9, 0x2E, 0xBC, 0xE9, 0x0C, 0x6E, 0x03, 0xB0, 0x12, 0x9D, 0x6E, 0x4F, 0xC1,
    0x79, 0xFE, 0xD5, 0xDD, 0x7E, 0xB7, 0x9E, 0xA9, 0xF3, 0xF3, 0xDD, 0x6F, 0x36, 0xEF, 0xE6, 0xAB,
    0x61, 0xBF, 0xCD, 0x36, 0xFB, 0x6D, 0x51, 0xE1, 0x24, 0x80, 0x27, 0x18, 0x22, 0xA7, 0xA7, 0x86,
    0x4E, 0x92, 0xBD, 0x4B, 0x40, 0x46, 0xC5, 0xD7, 0x22, 0x40, 0xFB, 0x40, 0x7C, 0xB6, 0xA2, 0x1E,
    0x8A, 0x05, 0x65, 0x30, 0xC2, 0xBE, 0xFA, 0x47, 0x4D, 0x11, 0xEC, 0x47, 0xFB, 0x7C, 0x72, 0xC5,
    0x90, 0x4F, 0x6D, 0x1E, 0xF2, 0xE9, 0x1A, 0x53, 0x11, 0x16, 0x5C, 0x16, 0x21, 0xE2, 0x0E, 0xC1,
    0x55, 0x63, 0x84, 0x31, 0x3E, 0xC1, 0xDF, 0xFA, 0x2B, 0x14, 0xD2, 0xB8, 0x04, 0x70, 0xBE, 0x48,
    0x57, 0x56, 0x09, 0x28, 0x54, 0xBA, 0x7D, 0xDC, 0x9C, 0x66, 0x11, 0x6F, 0x3B, 0x39, 0x09, 0x69,
    0x7B, 0xF3, 0x4F, 0xD7, 0x16, 0xAC, 0x86, 0x5D, 0x3A, 0x1E, 0xB6, 0x63, 0x1F, 0x73, 0x50, 0x75,
    0x69, 0x5B, 0xC4, 0x93, 0xB2, 0x07, 0xB4, 0x0B, 0x36, 0x8B, 0xF5, 0xFD, 0x3E, 0x6C, 0x5E, 0x84,
    0x46, 0xDF, 0xF3, 0x21, 0x79, 0x84, 0xFC, 0xE0, 0xC7, 0x10, 0x2C, 0x13, 0xEF, 0x79, 0x69, 0xD9,
    0x2F, 0xF5, 0xFE, 0xE1, 0xBF, 0x6C, 0x20, 0x07, 0x0D, 0x60, 0xC8, 0x3A, 0x1B, 0xB9, 0xEB, 0x09,
    0x69, 0xE7, 0xD5, 0x7E, 0xD6, 0x92, 0xD4, 0xC1, 0xDD, 0xEF, 0x47, 0x08, 0xAA, 0x90, 0xA9, 0xC8,
    0xDE, 0xF5, 0x86, 0x08, 0xAA, 0x91, 0x4F, 0x32, 0x45, 0x01, 0xD8, 0x81, 0xF6, 0x64, 0x85, 0xE0,
    0x3A, 0x80, 0x99, 0x11, 0x2C, 0x63, 0x61, 0x7E, 0x8D, 0xF5, 0x10, 0x98, 0xF5, 0xCB, 0x23, 0x73,
    0x19, 0x01, 0xB7, 0x02, 0x47, 0xB8, 0x6A, 0x81, 0x25, 0x53, 0x06, 0x7A, 0xF7, 0x80, 0xFD, 0x23,
    0x9A, 0x37, 0x1E, 0x79, 0xAC, 0x3B, 0x54, 0xC1, 0x35, 0x34, 0xC4, 0xA4, 0x1C, 0x33, 0x6E, 0x29,
    0xFA, 0x6B, 0x7A, 0x89, 0x5B, 0x15, 0x56, 0x60, 0x32, 0xF3, 0x4D, 0x15, 0x9C, 0x86, 0x5C, 0xF3,
    0x5B, 0x56, 0x5A, 0x42, 0xC0, 0xBD, 0x13, 0x71, 0x65, 0xFA, 0xD0, 0xFF, 0x49, 0x87, 0x82, 0x77,
    0x94, 0x72, 0x11, 0x61, 0x26, 0x08, 0x72, 0xFF, 0x50, 0x42, 0x0D, 0xA1, 0x3B, 0xCE, 0xD8, 0x77,
    0x5A, 0x2D, 0x2C, 0xE9, 0x6A, 0x11, 0x51, 0x3F, 0xDB, 0x07, 0xD6, 0x10, 0x4F, 0x0E, 0x69, 0x90,
    0x59, 0x1A, 0x59, 0x91, 0x98, 0x94, 0x06, 0xA2, 0x95, 0x08, 0xB7, 0x18, 0xF8, 0x2E, 0xE0, 0x5F,
    0xF9, 0x09, 0xC0, 0x7D, 0xBE, 0xF8, 0x2D, 0xA8, 0xF6, 0xD9, 0x2A, 0xB2, 0x99, 0x56, 0x08, 0xF3,
    0x5C, 0x69, 0x7E, 0x21, 0x44, 0xFE, 0xF3, 0x8A, 0x8E, 0x7A, 0xE6, 0xEE, 0xBA, 0x6A, 0x42, 0xBD,
    0x26, 0xF3, 0xD5, 0xD1, 0x62, 0x86, 0x03, 0x17, 0x61, 0x24, 0x0C, 0xBB, 0x04, 0x5A, 0x00, 0xB4,
    0x81, 0x82, 0x29, 0x6E, 0x9E, 0x87, 0x3D, 0x8D, 0x7E, 0x17, 0x4F, 0x31, 0xEF, 0x0D, 0x51, 0xFB,
    0x3D, 0x3D, 0x39, 0x44, 0x35, 0x9D, 0x88, 0xAA, 0xE5, 0x97, 0x5A, 0x40, 0x91, 0x33, 0x37, 0x0D,
    0xA1, 0xF6, 0x5A, 0x90, 0x0C, 0xA1, 0x3A, 0xCE, 0x58, 0x17, 0x87, 0x9E, 0xB4, 0x2F, 0x2C, 0xD1,
    0x33, 0xC9, 0x11, 0xD4, 0x01, 0x7D, 0xE3, 0x3A, 0xB6, 0x26, 0x69, 0x68, 0x15, 0xE8, 0xD9, 0x31,
    0x2C, 0x37, 0x50, 0x25, 0xD2, 0x2F, 0x6C, 0x85, 0x00, 0x58, 0x26, 0xF8, 0xB6, 0x0C, 0x86, 0xA2,
    0x29, 0x68, 0xC5, 0x4C, 0xE5, 0xA2, 0x75, 0x1B, 0x7C, 0x02, 0xD7, 0x84, 0x85, 0x10, 0x8F, 0xB3,
    0x95, 0x49, 0xB7, 0x4D, 0x11, 0xE1, 0xFE, 0xD1, 0x4E, 0x30, 0xDB, 0xB3, 0x2A, 0xAB, 0x23, 0xAF,
    0xEA, 0xB9, 0x7E, 0xC2, 0xC1, 0x63, 0xE1, 0x25, 0xA6, 0x8A, 0xCB, 0x4C, 0x32, 0xC1, 0x8A, 0x37,
    0xC2, 0xC9, 0xE7, 0x46, 0x21, 0xB3, 0x0D, 0x5A, 0xCF, 0xCD, 0x75, 0xB8, 0x85, 0x27, 0x7C, 0xE8,
    0xC0, 0x70, 0xE3, 0x49, 0xE1, 0x61, 0x3A, 0x18, 0xE0, 0xF6, 0xF1, 0xF5, 0x6B, 0x49, 0xF7, 0x2E,
    0xF9, 0x56, 0x1A, 0x54, 0x32, 0x22, 0x93, 0x85, 0x31, 0x76, 0x80, 0x30, 0x16, 0x9E, 0xA0, 0xD5,
    0xA6, 0xE3, 0x5D, 0xAC, 0x04, 0x3C, 0x1D, 0x13, 0x3A, 0x6D, 0x1B, 0x02, 0xDE, 0x57, 0x5B, 0x3F,
    0x12, 0xA6, 0x9A, 0x3A, 0xC0, 0xE9, 0xC7, 0x51, 0x11, 0x5A, 0xCC, 0x85, 0x00, 0x5A, 0xCA, 0x68,
    0x49, 0x5D, 0x73, 0xBC, 0x3B, 0x8C, 0xF2, 0x34, 0xD7, 0x53, 0xAB, 0x95, 0x27, 0xB0, 0xF5, 0x86,
    0x74, 0x69, 0xDE, 0x62, 0x34, 0xDA, 0x73, 0x97, 0x5D, 0x41, 0x5F, 0xA3, 0xF6, 0xED, 0x8A, 0x3C,
    0x79, 0x30, 0xEB, 0xC5, 0x64, 0x87, 0x3C, 0x3A, 0x20, 0xBE, 0x4D, 0xDA, 0xC1, 0x9D, 0xDA, 0x62,
    0x93, 0x43, 0x3C, 0x0C, 0xDB, 0x66, 0x04, 0x64, 0xFB, 0x26, 0x9F, 0x81, 0xEC, 0x47, 0xA0, 0x9F,
    0x8C, 0x1A, 0x1B, 0xF5, 0x4E, 0xEE, 0x14, 0xD1, 0xF1, 0xB1, 0xF4, 0x59, 0x88, 0xAC, 0x0C, 0x2A,
    0xEB, 0x3D, 0x84, 0xDC, 0x52, 0x96, 0xD9, 0x5C, 0x0D, 0x95, 0x34, 0x77, 0x4D, 0xD7, 0xCA, 0x78,
    0x66, 0xB3, 0xF5, 0xB3, 0x07, 0x9B, 0x0A, 0x74, 0xE9, 0xEB, 0xBB, 0x95, 0xAF, 0x7C, 0x7D, 0x69,
    0xBC, 0xF1, 0xF6, 0xD2, 0x74, 0xA6, 0x3B, 0x9B, 0x13, 0x36, 0xB7, 0xD3, 0x15, 0xD7, 0xC4, 0x4B,
    0x33, 0xCA, 0xAF, 0x4E, 0x77, 0x0B, 0x79, 0x90, 0x1E, 0xCB, 0xE4, 0x57, 0xA5, 0xB1, 0xC0, 0x31,
    0x98, 0xD1, 0xB2, 0x4E, 0x8F, 0xDE, 0x4A, 0xB9, 0x63, 0x1E, 0xAF, 0x91, 0xE9, 0x26, 0x9F, 0x03,
    0xB1, 0x55, 0x54, 0xAE, 0x72, 0xA5, 0xBC, 0x78, 0x1D, 0xD1, 0xFC, 0x83, 0xE2, 0xAF, 0xF1, 0x01,
    0xF7, 0x41, 0xC4, 0x96, 0x89, 0x22, 0x66, 0x9A, 0xB2, 0x52, 0x12, 0x88, 0x66, 0x20, 0xD6, 0x5E,
    0x15, 0xAB, 0xD9, 0xB1, 0x0A, 0x03, 0x42, 0x24, 0x6B, 0x4E, 0xFB, 0xAB, 0xE3, 0x8D, 0x5A, 0x3E,
    0xB5, 0x7B, 0x34, 0xAA, 0x59, 0xCB, 0xFA, 0xAC, 0x45, 0x43, 0x51, 0x8B, 0x44, 0xC6, 0xA2, 0xC1,
    0x13, 0xAC, 0xD0, 0xAA, 0xA4, 0x18, 0xA1, 0x35, 0x83, 0x5B, 0xBE, 0xFE, 0xD4, 0xC5, 0x44, 0x22,
    0xC5, 0xEF, 0x18, 0x48, 0x76, 0x19, 0xE8, 0xAE, 0x0A, 0xC8, 0x23, 0x7D, 0x65, 0x09, 0x3D, 0xCF,
    0x6B, 0xCF, 0xEB, 0xD6, 0xF3, 0x1E, 0x95, 0x90, 0x62, 0x43, 0x64, 0x42, 0xDA, 0x35, 0x69, 0x48,
    0x47, 0x53, 0x8D, 0x61, 0x64, 0x0C, 0x82, 0x6D, 0x88, 0xC2, 0x1B, 0xD2, 0xA6, 0xB6, 0x2B, 0xB1,
    0xF6, 0x44, 0xAB, 0xE8, 0x3A, 0xC5, 0x46, 0x11, 0xFB, 0xF9, 0x71, 0xFD, 0xB8, 0x73, 0x80, 0x09,
    0xD4, 0x78, 0xB5, 0x30, 0x86, 0x82, 0x31, 0x28, 0x4B, 0xEC, 0x5C, 0x9B, 0x48, 0x35, 0x12, 0xC7,
    0xEB, 0xC4, 0xC8, 0xF4, 0xAB, 0x8D, 0x07, 0x69, 0x94, 0x07, 0xD2, 0x4B, 0xDF, 0x4A, 0x78, 0x46,
    0x1C, 0x73, 0xC5, 0x62, 0x56, 0x9C, 0xA0, 0x13, 0xD2, 0x84, 0xBE, 0x0C, 0xF4, 0xCA, 0x98, 0x5D,
    0x47, 0xCE, 0x5B, 0xD5, 0xC3, 0xCA, 0xA7, 0xCB, 0xA8, 0xAC, 0x6F, 0x3C, 0x78, 0xE2, 0xBA, 0xBB,
    0x85, 0xE5, 0xD8, 0xB9, 0x51, 0xA3, 0xC8, 0x07, 0xF9, 0xE9, 0x15, 0x57, 0xC5, 0x45, 0x31, 0x12,
    0x32, 0xC5, 0x5C, 0x09, 0x2B, 0x76, 0xDC, 0x44, 0xB1, 0x57, 0x68, 0x1D, 0xAB, 0x18, 0x97, 0xA2,
    0x7F, 0x94, 0x3D, 0x75, 0x75, 0x03, 0xF9, 0x85, 0x1E, 0xDC, 0x8E, 0xCB, 0x8B, 0x8D, 0x81, 0x53,
    0x95, 0x03, 0xC7, 0x17, 0x1F, 0xC3, 0x63, 0x5A, 0xF0, 0x51, 0x3D, 0xAC, 0xD4, 0x03, 0xA4, 0xA1,
    0x24, 0xEC, 0x13, 0xF5, 0xE0, 0x36, 0xEC, 0x32, 0x11, 0xEF, 0x9A, 0x82, 0x08, 0xC5, 0x86, 0x57,
    0x15, 0x1B, 0xDE, 0xD3, 0xAA, 0x5F, 0x51, 0x3D, 0x08, 0xF5, 0x60, 0x57, 0x8D, 0xF9, 0x92, 0x7A,
    0x88, 0x09, 0x2B, 0xE9, 0x12, 0xF2, 0xA6, 0x45, 0xC3, 0x8A, 0x70, 0x20, 0xB6, 0x5A, 0xED, 0x7B,
    0xAD, 0x43, 0xAB, 0xF6, 0xED, 0x65, 0xEF, 0x80, 0x65, 0x20, 0x0F, 0x55, 0xC8, 0x85, 0xC9, 0x17,
    0xC4, 0x41, 0xD1, 0x93, 0x87, 0x5A, 0xF5, 0xE0, 0x3C, 0x79, 0x70, 0x8D, 0xF6, 0x41, 0xE5, 0xA1,
    0xD5, 0xC8, 0x7B, 0x75, 0xB5, 0x92, 0x87, 0x9B, 0x0E, 0x69, 0x90, 0xEB, 0x9F, 0x3E, 0xED, 0x9F,
    0xBE, 0x7C, 0x02, 0xDD, 0x29, 0xA9, 0x34, 0xC5, 0xE4, 0x99, 0x3A, 0x4D, 0xD1, 0x10, 0xCD, 0xD0,
    0x88, 0x26, 0x09, 0x1A, 0xA6, 0x59, 0x1A, 0xA5, 0x49, 0x1A, 0xC4, 0x5B, 0x24, 0x13, 0xDB, 0x7A,
    0x74, 0x3C, 0x0A, 0x13, 0xCD, 0xD1, 0x9E, 0x1A, 0x54, 0x8B, 0x6A, 0x52, 0x6D, 0xAA, 0xD1, 0xD3,
    0x39, 0x8A, 0x1A, 0x56, 0xCB, 0x6A, 0x3A, 0xD3, 0x70, 0xB7, 0x68, 0xF3, 0x04, 0x4D, 0xB2, 0x69,
    0x3D, 0x87, 0x29, 0xEA, 0xBA, 0x54, 0x31, 0xF5, 0x13, 0xB0, 0x77, 0x7B, 0x1D, 0xE8, 0x1C, 0x32,
    0x55, 0x75, 0x15, 0x35, 0xF1, 0x91, 0x86, 0x84, 0x89, 0x17, 0x1A, 0xA7, 0x99, 0x98, 0xB8, 0xF3,
    0x64, 0x5A, 0x18, 0x21, 0x4D, 0x1D, 0xF8, 0x3D, 0x4C, 0x5F, 0x17, 0x83, 0xD5, 0x54, 0x68, 0xCF,
    0xCB, 0x16, 0x0D, 0x56, 0x18, 0x2D, 0x63, 0xB5, 0x09, 0x79, 0xC2, 0x5C, 0x5C, 0xC3, 0xB4, 0x1C,
    0x47, 0x36, 0xC6, 0xF0, 0xA4, 0x3C, 0x0E, 0x3D, 0x3F, 0x32, 0xFF, 0x9D, 0x9F, 0xC4, 0xD2, 0x29,
    0x41, 0x96, 0xA0, 0x1D, 0xE8, 0x00, 0xC0, 0xEA, 0xBC, 0x17, 0x8E, 0x31, 0xAE, 0x7A, 0x70, 0x0B,
    0xC7, 0x5E, 0xEE, 0x9C, 0xDC, 0xAE, 0x91, 0x5B, 0x96, 0xF6, 0xE5, 0x32, 0xD5, 0xFA, 0x19, 0xF1,
    0x1E, 0xAA, 0x7F, 0x98, 0xB2, 0x78, 0x9E, 0xAA, 0x7D, 0xC8, 0xE3, 0x19, 0xEC, 0x87, 0x07, 0x5D,
    0x6A, 0x72, 0x81, 0xEA, 0xB0, 0x98, 0x81, 0x87, 0xC8, 0xC2, 0xE2, 0xF8, 0x12, 0xA0, 0x1A, 0x6D,
    0x39, 0x26, 0xB2, 0x87, 0xFA, 0xE3, 0xBD, 0xEB, 0x8C, 0xAF, 0x7F, 0x38, 0x09, 0xBC, 0xF6, 0xA6,
    0x87, 0x63, 0x1B, 0x24, 0x67, 0x2C, 0x3C, 0xC9, 0x19, 0xF5, 0x36, 0x51, 0x5C, 0x0C, 0x9E, 0xF3,
    0x81, 0xA0, 0xAD, 0x36, 0x69, 0xB3, 0x45, 0x62, 0xAB, 0x05, 0xBD, 0x5F, 0x54, 0xD5, 0xAD, 0xAA,
    0xDA, 0xA9, 0xAA, 0x5D, 0x47, 0x55, 0xD7, 0x3E, 0xA9, 0x3A, 0x39, 0x66, 0x7D, 0xAB, 0x46, 0xC6,
    0x51, 0x26, 0xFF, 0x45, 0x28, 0x26, 0xAA, 0x3A, 0x8F, 0xB6, 0xAB, 0x46, 0x44, 0x55, 0xF5, 0xA2,
    0xAA, 0xEE, 0x9D, 0xB6, 0x85, 0xAA, 0xDA, 0xA9, 0xAA, 0x6B, 0x95, 0x89, 0x89, 0x1B, 0x3E, 0xBE,
    0x77, 0x73, 0x11, 0x71, 0x54, 0xFB, 0x7A, 0x50, 0x81, 0x07, 0x33, 0x92, 0xF3, 0xDA, 0x93, 0x7E,
    0xAB, 0xE8, 0x3A, 0xC5, 0x86, 0xD7, 0x89, 0x66, 0x54, 0x1C, 0x78, 0xDD, 0x7A, 0xA7, 0xE3, 0x9A,
    0x1D, 0xF6, 0xDE, 0x1D, 0x51, 0x2E, 0xB0, 0x93, 0x56, 0x27, 0x9D, 0x18, 0xC9, 0x31, 0x3B, 0xB1,
    0x22, 0xCD, 0xA3, 0xA3, 0x5E, 0xFE, 0x70, 0xD4, 0xDB, 0xAA, 0x7D, 0x87, 0x45, 0x31, 0x52, 0x37,
    0xD4, 0x85, 0x50, 0x18, 0xC5, 0x56, 0x2B, 0xA2, 0xE2, 0x48, 0x5C, 0x5F, 0xD5, 0x2A, 0xF7, 0xE2,
    0x79, 0xF0, 0xE4, 0xA1, 0x08, 0xE4, 0xA1, 0x8C, 0xE4, 0x21, 0x5B, 0x95, 0x87, 0xBE, 0x27, 0x0F,
    0x4E, 0xC8, 0x83, 0xD9, 0x78, 0x58, 0x94, 0x07, 0x51, 0x1E, 0xC4, 0x93, 0x87, 0x7A, 0x24, 0x0F,
    0xB4, 0x0E, 0x14, 0x1D, 0xB6, 0xCF, 0x31, 0x13, 0x98, 0x15, 0xD7, 0x63, 0x26, 0xC0, 0xE8, 0x8F,
    0x11, 0xF0, 0x84, 0x93, 0x9E, 0x9C, 0xE4, 0x37, 0x39, 0x09, 0x8A, 0x0D, 0x4A, 0xC6, 0xAB, 0x8B,
    0x79, 0x72, 0x52, 0x12, 0xB7, 0x9C, 0x68, 0x83, 0x9C, 0x08, 0x2D, 0xE9, 0xD6, 0xA8, 0x54, 0xD8,
    0x98, 0xCF, 0x7F, 0x8B, 0x95, 0x72, 0xA3, 0xB7, 0xA8, 0x7D, 0x52, 0x41, 0x67, 0x9B, 0xD0, 0xE1,
    0xD2, 0xAD, 0x14, 0x02, 0xC3, 0x45, 0xBF, 0xBD, 0xB5, 0xD1, 0x1E, 0x79, 0xF4, 0xD7, 0x22, 0x58,
    0x25, 0xCB, 0x27, 0xD3, 0xF5, 0x84, 0xD6, 0x57, 0x0C, 0x2D, 0x63, 0xA8, 0xA8, 0x1F, 0x0E, 0xB4,
    0xF1, 0x80, 0xF9, 0x95, 0x95, 0x80, 0xEE, 0x05, 0x0B, 0xCC, 0x13, 0xC6, 0x8C, 0x1B, 0x73, 0x88,
    0x81, 0xDE, 0xCC, 0xCD, 0x31, 0xA3, 0x33, 0xE1, 0xF1, 0x63, 0x06, 0x71, 0x55, 0xD7, 0x91, 0x98,
    0xED, 0x73, 0x2C, 0x33, 0x82, 0x25, 0x78, 0x86, 0x53, 0x75, 0x92, 0x11, 0x36, 0x25, 0x13, 0x66,
    0xB1, 0x65, 0x7E, 0x3A, 0x82, 0xB5, 0xDA, 0x85, 0xB4, 0xEF, 0x68, 0xD7, 0xA1, 0x17, 0xD7, 0x40,
    0x38, 0x80, 0x26, 0x8B, 0x5D, 0x31, 0x6B, 0x08, 0x09, 0x92, 0x6F, 0xE3, 0xAD, 0x4F, 0xE0, 0x9A,
    0x04, 0x3D, 0x9F, 0x61, 0xC8, 0x7F, 0xCA, 0x22, 0xF7, 0x2F, 0x41, 0x7B, 0x14, 0x65, 0xEC, 0x09,
    0x0D, 0x01, 0x5A, 0x73, 0x35, 0x7F, 0x49, 0x5B, 0xAF, 0x2A, 0x5A, 0x5A, 0x7E, 0x93, 0x47, 0x3D,
    0x14, 0x53, 0x4B, 0x71, 0x56, 0x41, 0x0F, 0x8C, 0xC1, 0x32, 0x31, 0x07, 0xE7, 0x38, 0x56, 0xE3,
    0xCA, 0x22, 0x9D, 0x20, 0x5A, 0x96, 0xAE, 0x7C, 0xB6, 0x4D, 0x84, 0x2B, 0x82, 0xFD, 0xA0, 0x99,
    0x15, 0xB1, 0xFE, 0xE0, 0x00, 0x67, 0x7C, 0xFD, 0xD1, 0xE9, 0x50, 0x77, 0xA9, 0x02, 0xF2, 0xA9,
    0xFA, 0x87, 0xD3, 0xE1, 0x1C, 0x86, 0x62, 0x8D, 0x34, 0xAA, 0x07, 0xCA, 0x35, 0xB0, 0xE8, 0xE8,
    0x61, 0x52, 0x09, 0x93, 0x51, 0x85, 0xB6, 0x63, 0x73, 0x66, 0x2B, 0xB4, 0x52, 0x44, 0xE8, 0x44,
    0x95, 0x5F, 0x0A, 0x6F, 0x63, 0xF8, 0xA2, 0xBD, 0xF5, 0xD7, 0x22, 0x0F, 0xF6, 0x6F, 0x03, 0x0F,
    0x86, 0x79, 0x52, 0x75, 0x44, 0x76, 0x2D, 0xBD, 0xB8, 0x1D, 0x9C, 0x10, 0xD1, 0xF7, 0x0D, 0x25,
    0xB4, 0xA8, 0x91, 0x6A, 0xAE, 0x07, 0x5D, 0x9D, 0xA9, 0xDB, 0xB6, 0xE3, 0xE8, 0x95, 0x09, 0x3D,
    0x72, 0xA7, 0x73, 0x7E, 0xA1, 0x5D, 0x9E, 0x5F, 0xF3, 0xA0, 0xCB, 0x7B, 0x7E, 0x4B, 0xE6, 0x03,
    0x37, 0x3B, 0x50, 0x7D, 0x6D, 0xC7, 0x06, 0x16, 0xC6, 0xA9, 0xF4, 0x46, 0x35, 0xB9, 0x5A, 0xDA,
    0x6F, 0x5B, 0x95, 0xDE, 0xAA, 0x91, 0x46, 0x68, 0x86, 0x8F, 0x2F, 0x47, 0xCE, 0x9F, 0x16, 0xA2,
    0xC7, 0xCD, 0xEF, 0x8C, 0x76, 0xE4, 0x5A, 0xD1, 0x2A, 0x1E, 0x0F, 0x0A, 0xA1, 0xD8, 0x3C, 0xBC,
    0x8A, 0x97, 0xB9, 0xDE, 0xBC, 0x81, 0xAA, 0xAA, 0xA0, 0x33, 0x73, 0xF3, 0xEF, 0x1D, 0xE3, 0xD7,
    0xBD, 0x66, 0x99, 0x6F, 0x34, 0x6E, 0xDD, 0xCF, 0x00, 0xDC, 0x23, 0x13, 0xC7, 0x8E, 0x4C, 0xDF,
    0xD9, 0x68, 0x1F, 0x3B, 0xF6, 0x92, 0xF5, 0x73, 0xD8, 0x4C, 0x1C, 0xA6, 0x1A, 0xC0, 0xD2, 0xCC,
    0x4F, 0xD1, 0x3B, 0x77, 0x9A, 0x73, 0xFA, 0x67, 0x61, 0x51, 0x37, 0x75, 0x63, 0x3A, 0xE3, 0xB7,
    0xBF, 0xCA, 0x97, 0xBE, 0x1C, 0x8A, 0x31, 0xFD, 0x05, 0xFE, 0xE5, 0xE9, 0x2F, 0x9B, 0x30, 0x61,
    0xC6, 0x44, 0x49, 0xE8, 0xFE, 0x06, 0xFD, 0x69, 0x78, 0xBA, 0x9F, 0x03, 0xB8, 0x7A, 0x24, 0xC4,
    0x09, 0xC8, 0xC3, 0x8D, 0x10, 0x1F, 0x17, 0xDE, 0xF3, 0x4D, 0x7D, 0xD1, 0x0A, 0x70, 0xA0, 0x12,
    0xE5, 0xAD, 0x57, 0x19, 0x69, 0x67, 0x33, 0xD2, 0xF1, 0x15, 0x17, 0xFB, 0x04, 0x96, 0x2A, 0x55,
    0x12, 0x8E, 0xD1, 0x9C, 0x25, 0xE4, 0x93, 0x6B, 0xC0, 0xEE, 0xCE, 0xFA, 0x36, 0xBA, 0x6D, 0xE5,
    0xEE, 0xDF, 0x8C, 0x43, 0x9C, 0x56, 0x8B, 0xA0, 0xE1, 0x58, 0x72, 0xDD, 0x6D, 0x93, 0xCD, 0x4C,
    0x3E, 0x3B, 0x6E, 0x45, 0x2A, 0x0B, 0x1A, 0xBA, 0x52, 0xCC, 0xB3, 0xB7, 0x95, 0x65, 0x5B, 0x5D,
    0xD4, 0x4B, 0x13, 0x41, 0xBB, 0xB8, 0xE6, 0x1A, 0x74, 0xE1, 0xED, 0x2B, 0x9B, 0xB1, 0xFD, 0x73,
    0xE1, 0xA2, 0xE6, 0x75, 0x21, 0x99, 0xFB, 0xE0, 0x70, 0xBC, 0x74, 0x3D, 0x81, 0xF3, 0x47, 0x5E,
    0x11, 0x73, 0xA2, 0xB4, 0x88, 0x20, 0x93, 0xFB, 0xE2, 0x73, 0xD1, 0xD9, 0xBD, 0x2E, 0xA5, 0xB8,
    0x2A, 0xE7, 0x72, 0xB2, 0x1A, 0x13, 0x98, 0x81, 0x03, 0x09, 0xAB, 0x38, 0xC1, 0xF3, 0x45, 0xA7,
    0xB7, 0x23, 0xDA, 0xC6, 0x05, 0xF6, 0xD5, 0xFE, 0x22, 0xE2, 0x8E, 0x93, 0x80, 0xBB, 0x95, 0x34,
    0x3A, 0xE3, 0x82, 0x4E, 0xBF, 0x2F, 0x26, 0x13, 0xB2, 0x68, 0x3D, 0x7E, 0x84, 0xBE, 0xDB, 0x63,
    0x2E, 0x7C, 0xBA, 0x5F, 0x23, 0xD3, 0x02, 0x6B, 0x53, 0x04, 0x95, 0x2E, 0x9A, 0xFF, 0x11, 0x7B,
    0x80, 0xF9, 0x8D, 0x11, 0xE0, 0x74, 0x18, 0x18, 0x50, 0x2F, 0x9C, 0x78, 0xCA, 0x1F, 0xF9, 0xE4,
    0xE8, 0x7F, 0x7C, 0xF2, 0x24, 0x5D, 0xED, 0xD1, 0xB3, 0x88, 0xB6, 0x74, 0xE6, 0x70, 0x4D, 0xA7,
    0x0B, 0x3D, 0x44, 0x60, 0x21, 0x44, 0x2C, 0x2C, 0x32, 0xC2, 0x6A, 0xD3, 0x36, 0xF5, 0xCC, 0xB7,
    0x79, 0x33, 0x8C, 0x3C, 0xCD, 0x39, 0xCA, 0xB7, 0x4E, 0x80, 0x26, 0xD0, 0xEB, 0xC4, 0xE2, 0x62,
    0x26, 0xA9, 0x5A, 0xD6, 0xCF, 0xE1, 0x68, 0xEF, 0x9C, 0xA0, 0x0B, 0x7B, 0x21, 0x2C, 0x9F, 0xFA,
    0xA9, 0x9F, 0x82, 0x78, 0x8C, 0x2E, 0x3D, 0xC1, 0x75, 0xE5, 0xB8, 0xBD, 0xCE, 0x2B, 0x75, 0x30,
    0xEF, 0x67, 0x46, 0x2C, 0xE9, 0x12, 0xDC, 0x3F, 0xD2, 0xCA, 0xB9, 0xDE, 0x1D, 0xB1, 0xBD, 0x42,
    0x7E, 0xCB, 0x67, 0x9B, 0x22, 0x80, 0xDB, 0xC9, 0xAB, 0x64, 0x6E, 0xDB, 0xAB, 0x29, 0xF5, 0xAB,
    0xCF, 0xA9, 0x9D, 0x0F, 0x64, 0x03, 0xFF, 0x43, 0x80, 0xFC, 0xC7, 0x33, 0x63, 0x11, 0xD1, 0x73,
    0x7E, 0xE2, 0x38, 0x40, 0x58, 0x36, 0x4A, 0xED, 0x6D, 0x87, 0xBA, 0xE3, 0x78, 0x4E, 0x16, 0x1C,
    0x76, 0xD0, 0xB9, 0xE0, 0xCA, 0x76, 0x5D, 0x50, 0xAD, 0x3D, 0x27, 0x0A, 0x2B, 0x27, 0xC3, 0xE1,
    0xE6, 0xFB, 0x7A, 0x47, 0x66, 0xDD, 0x60, 0x07, 0xD6, 0x9D, 0x06, 0x85, 0xCA, 0xFC, 0x6D, 0x1A,
    0xBC, 0x48, 0x21, 0x4D, 0x14, 0xD2, 0xAA, 0x42, 0x42, 0x2E, 0xFA, 0x16, 0x95, 0x6A, 0x9A, 0x50,
    0x73, 0x38, 0xB5, 0xE4, 0xC5, 0x72, 0x18, 0xE5, 0x28, 0xBA, 0x83, 0x52, 0x6B, 0x39, 0xD1, 0x53,
    0x3D, 0x3B, 0x28, 0x64, 0x11, 0xE7, 0x2C, 0x21, 0xAC, 0x2C, 0xA2, 0xDB, 0x35, 0x8E, 0x8F, 0x8D,
    0x9C, 0x3C, 0xBF, 0xE5, 0x8B, 0x26, 0x8D, 0x21, 0xF2, 0x2E, 0xB6, 0x25, 0x77, 0x9E, 0x9F, 0x7C,
    0x5E, 0x4C, 0xBD, 0x98, 0x71, 0xAC, 0xFE, 0x8E, 0x15, 0xE0, 0x78, 0x52, 0x2F, 0x98, 0xC5, 0x17,
    0x31, 0x58, 0x6A, 0x7F, 0x7A, 0x91, 0x9C, 0xE9, 0x4C, 0x2E, 0x5B, 0x93, 0xFD, 0x72, 0x4A, 0x09,
    0xD7, 0x43, 0xB2, 0xDE, 0x36, 0x28, 0xFE, 0x97, 0x63, 0xD3, 0x33, 0x74, 0x24, 0xAC, 0x4A, 0x12,
    0x08, 0x73, 0x02, 0x7E, 0x51, 0xFB, 0x95, 0xDE, 0x34, 0x41, 0xD7, 0x1D, 0x74, 0x8E, 0x38, 0xD7,
    0xD8, 0x5C, 0x73, 0xF2, 0xAB, 0xEB, 0xE9, 0xCF, 0x0F, 0x2F, 0xAC, 0xB5, 0x7F, 0x24, 0xC1, 0xD5,
    0x0C, 0x4C, 0x2E, 0xE4, 0xD2, 0xE0, 0x69, 0x89, 0xB5, 0x0C, 0x99, 0x3C, 0x90, 0xF6, 0x22, 0x14,
    0x82, 0x76, 0x2A, 0xB8, 0xF2, 0x73, 0x03, 0x8B, 0x1C, 0x5C, 0x97, 0x4F, 0x14, 0x0D, 0xB8, 0x34,
    0xE1, 0x81, 0x45, 0xA2, 0xDD, 0x0E, 0x57, 0xDB, 0x21, 0x26, 0x5F, 0x35, 0x0F, 0x66, 0xB0, 0x0D,
    0x0F, 0xDE, 0x31, 0x18, 0x1E, 0x72, 0x6A, 0x83, 0x0F, 0x25, 0xE7, 0x1A, 0xBC, 0x03, 0x26, 0x3B,
    0x21, 0x39, 0x5D, 0x41, 0x97, 0x28, 0x4E, 0x74, 0xD4, 0x95, 0xD4, 0x51, 0x75, 0xAA, 0x23, 0x75,
    0x58, 0xD3, 0x9D, 0x3D, 0x24, 0xA4, 0x40, 0x37, 0xD4, 0xD1, 0x63, 0x3A, 0x75, 0x46, 0x8B, 0xE8,
    0x37, 0xAE, 0xDA, 0x93, 0x57, 0xCE, 0x07, 0x5C, 0x6F, 0xDD, 0xB4, 0x07, 0xB3, 0xE5, 0x24, 0xB0,
    0x5E, 0x8F, 0x45, 0xB5, 0x36, 0xF0, 0x9D, 0x6A, 0x4D, 0xD0, 0x72, 0x3A, 0xBF, 0xF6, 0x01, 0xE2,
    0xAB, 0x04, 0x28, 0x66, 0xAD, 0x30, 0xFA, 0x92, 0x2E, 0x9F, 0x13, 0x14, 0x13, 0x67, 0x0B, 0x01,
    0xCA, 0x17, 0xC7, 0x05, 0x54, 0xA1, 0x9A, 0x51, 0x0F, 0x26, 0xA2, 0xF5, 0xE6, 0x7F, 0xFE, 0x43,
    0x60, 0xFE, 0x88, 0x55, 0xFD, 0x5B, 0x65, 0x78, 0xAC, 0x68, 0x36, 0xED, 0xD7, 0x4B, 0xC1, 0x62,
    0xF7, 0x7B, 0x37, 0x8A, 0x9D, 0x7D, 0xF1, 0xC5, 0x6E, 0x66, 0xB1, 0x9B, 0x58, 0xEC, 0x02, 0x8C,
    0x24, 0x65, 0xE5, 0xF2, 0x6D, 0xCF, 0xFD, 0xFE, 0x17, 0x08, 0x54, 0x9A, 0x4E, 0x21, 0xA1, 0x00,
    0x4C, 0xB5, 0xC7, 0x24, 0x3E, 0x7B, 0x20, 0x4D, 0x21, 0x03, 0x0A, 0x9D, 0xA5, 0xA9, 0xFE, 0xF5,
    0x09, 0x73, 0x63, 0xBC, 0xAC, 0x55, 0xFF, 0xD4, 0xDE, 0x69, 0x37, 0x62, 0xD5, 0x03, 0x5F, 0xC7,
    0xAC, 0x17, 0x49, 0x1F, 0xD9, 0x6C, 0x3C, 0x1A, 0xF6, 0x9B, 0x72, 0xE1, 0xD8, 0x49, 0xB1, 0x0A,
    0x4F, 0x68, 0x45, 0x7B, 0xD6, 0x3D, 0xEA, 0x1F, 0xD5, 0xE8, 0xEE, 0xF7, 0xDE, 0x90, 0xE9, 0x9E,
    0x44, 0x9F, 0xFC, 0x98, 0xE6, 0x64, 0x72, 0x12, 0xD2, 0xBB, 0x94, 0x47, 0xD4, 0x6C, 0x4E, 0x7F,
    0x84, 0xE3, 0xF6, 0xAF, 0x5C, 0xF7, 0x56, 0xCA, 0x43, 0xC5, 0xB7, 0x85, 0x1C, 0x8E, 0xB7, 0xB9,
    0xBD, 0x42, 0xDD, 0x51, 0x71, 0x4D, 0x49, 0xDD, 0x56, 0x0F, 0xE5, 0xD4, 0x12, 0xAE, 0x09, 0x4B,
    0x32, 0xA4, 0x53, 0x7A, 0x9D, 0x05, 0x9A, 0x04, 0xAB, 0xFE, 0x8E, 0xF4, 0x74, 0x00, 0xE4, 0x5B,
    0x39, 0x2C, 0xE4, 0x73, 0x4C, 0xBE, 0xAF, 0x52, 0xB8, 0x57, 0x30, 0xFE, 0x9C, 0xB3, 0x77, 0xF0,
    0x2F, 0xC2, 0x65, 0x69, 0xA7, 0xAA, 0x59, 0xF2, 0x3E, 0xDE, 0xA3, 0xFE, 0xFC, 0x46, 0xA7, 0xC5,
    0x66, 0x49, 0x7B, 0xDC, 0x92, 0x25, 0x0D, 0x3A, 0xCB, 0x0F, 0x2A, 0xAF, 0xE1, 0x0A, 0x7D, 0x67,
    0xFC, 0x15, 0xC4, 0xDB, 0xE6, 0x2A, 0x7B, 0xE0, 0x1D, 0xEE, 0x15, 0x7F, 0xE9, 0xAF, 0x71, 0x5E,
    0xFE, 0x96, 0x8F, 0x38, 0x37, 0xDF, 0xF5, 0x2B, 0x33, 0xCE, 0x4C, 0xF9, 0x6B, 0x01, 0x67, 0x67,
    0xE5, 0x6F, 0x8D, 0x70, 0xB7, 0x0B, 0x4E, 0x38, 0x2E, 0x8B, 0xBF, 0xED, 0xE0, 0xD8, 0x31, 0x89,
    0x2B, 0xD8, 0x31, 0xA3, 0xAE, 0x5E, 0xE7, 0x84, 0x1C, 0x5B, 0x48, 0x1D, 0x25, 0x8C, 0x8A, 0x29,
    0x5B, 0x72, 0xC4, 0x95, 0xC7, 0xDF, 0x2D, 0x2C, 0x31, 0xD3, 0xFE, 0xB3, 0x81, 0x74, 0x04, 0x6C,
    0x0B, 0x88, 0x6D, 0x8A, 0xED, 0xFE, 0x68, 0x00, 0xFA, 0x32, 0x50, 0xC3, 0x41, 0xD7, 0x4A, 0x24,
    0x39, 0x42, 0x15, 0x07, 0xE6, 0x8E, 0xC8, 0x34, 0xAE, 0x36, 0xCE, 0x6C, 0xB7, 0x8F, 0x92, 0x57,
    0x04, 0x06, 0x51, 0x4C, 0x84, 0x00, 0x25, 0x01, 0xF5, 0xC7, 0x77, 0x20, 0x0D, 0x09, 0x56, 0x42,
    0x24, 0x4C, 0x84, 0xD3, 0x15, 0x1D, 0xC5, 0xF3, 0xEE, 0x2B, 0x4F, 0x78, 0x47, 0xAB, 0xD5, 0x9A,
    0xCB, 0x28, 0x42, 0x87, 0x9F, 0xFA, 0x29, 0xD9, 0x97, 0xA0, 0x25, 0x1F, 0xAE, 0x75, 0xEE, 0xDD,
    0x41, 0x27, 0xF2, 0x14, 0xBA, 0xDA, 0x23, 0x03, 0x7B, 0x42, 0xF1, 0xB8, 0xF4, 0xEF, 0x3F, 0xF5,
    0x23, 0xDB, 0x6F, 0x85, 0x2D, 0x01, 0xB9, 0x50, 0xF6, 0x80, 0xF9, 0x37, 0x7A, 0x7E, 0xC1, 0x81,
    0x80, 0xD9, 0xB4, 0x01, 0xE8, 0x59, 0x4B, 0xBA, 0xED, 0x91, 0x72, 0x78, 0x11, 0x13, 0xC7, 0x1F,
    0x4C, 0xFB, 0xFC, 0x30, 0x57, 0x7C, 0xC2, 0xEB, 0x2D, 0xC3, 0x0D, 0xEC, 0x8D, 0xFF, 0x78, 0x70,
    0xF5, 0xE2, 0xCA, 0x77, 0x87, 0xFA, 0x74, 0xC8, 0x53, 0x57, 0xE4, 0xF7, 0x35, 0x2B, 0x53, 0x78,
    0x11, 0xF3, 0xDF, 0xE9, 0x21, 0x59, 0x3D, 0x87, 0x1C, 0x36, 0xC6, 0x93, 0x19, 0xB9, 0x3C, 0xCC,
    0xE0, 0x6D, 0x67, 0xA0, 0x0F, 0x47, 0xC1, 0x78, 0x0A, 0xE5, 0x0A, 0xD3, 0x59, 0x99, 0x1C, 0x69,
    0x5E, 0x11, 0x33, 0x89, 0xF8, 0x05, 0x54, 0xDF, 0x0B, 0xFD, 0xFC, 0x3F, 0xCD, 0x9A, 0x05, 0x8C,
    0xE6, 0x48, 0x76, 0xC7, 0x7F, 0x76, 0xED, 0xAC, 0x93, 0x75, 0xB4, 0x15, 0xE6, 0xC4, 0xE2, 0x70,
    0x1C, 0xC6, 0xE9, 0x29, 0x1F, 0x8B, 0x2F, 0xCC, 0xCC, 0x82, 0x70, 0xC4, 0xBD, 0x63, 0x87, 0xC5,
    0xB7, 0x62, 0x56, 0x46, 0xCC, 0x61, 0x4E, 0xCF, 0xB8, 0x26, 0x2B, 0xA6, 0x75, 0x48, 0x10, 0x74,
    0x98, 0x93, 0x8A, 0xCE, 0xBA, 0xF5, 0xEC, 0x94, 0xFD, 0xE2, 0x57, 0x76, 0xC3, 0x68, 0x8E, 0xEF,
    0x7A, 0xAF, 0xAB, 0xFD, 0xFD, 0xDA, 0xF2, 0x57, 0x7E, 0xFF, 0xFF, 0x7B, 0x9F, 0x9F, 0x5D, 0x0D,
    0xDC, 0x05, 0x69, 0x74, 0xEB, 0xE1, 0x19, 0x8E, 0x11, 0x74, 0xCB, 0x03, 0x66, 0xC4, 0x0C, 0x14,
    0x1E, 0x7B, 0xBE, 0xD5, 0x1D, 0xAE, 0xC1, 0xA1, 0x5B, 0x0B, 0x0F, 0x00, 0x6E, 0x03, 0x5F, 0x01,
    0xFC, 0x0C, 0x54, 0x02, 0x22, 0xA3, 0x11, 0x99, 0x6C, 0xF8, 0xFB, 0x58, 0x3F, 0x1C, 0xBE, 0xC6,
    0xBD, 0xC1, 0xD3, 0x1A, 0xCF, 0x6A, 0x3C, 0xB1, 0xE8, 0x88, 0x25, 0x44, 0xBB, 0xBF, 0xD6, 0xE7,
    0x33, 0xDC, 0xA7, 0xD9, 0xC1, 0xAD, 0xE2, 0xAD, 0xAC, 0xE4, 0x32, 0x5E, 0x84, 0xE2, 0x27, 0x00,
    0xDA, 0x05, 0x8C, 0x88, 0xC7, 0xAE, 0xBF, 0x36, 0x51, 0xFB, 0x3C, 0xE2, 0x20, 0x81, 0x27, 0x81,
    0x7A, 0xC3, 0x8A, 0x44, 0xC5, 0x8C, 0xBA, 0x3D, 0x50, 0x29, 0x5C, 0x03, 0x9A, 0x2D, 0xD9, 0x0C,
    0x14, 0xD2, 0x40, 0x2B, 0x22, 0x88, 0xE2, 0x27, 0x68, 0x1F, 0xF1, 0x91, 0x5A, 0x81, 0xB3, 0x3A,
    0x56, 0x38, 0x91, 0x45, 0xA3, 0x4C, 0xD8, 0xB1, 0x98, 0x34, 0x70, 0x52, 0x3C, 0x53, 0xBC, 0xC0,
    0x1D, 0x38, 0x49, 0x7B, 0x8A, 0x48, 0xE5, 0xF3, 0x19, 0x3B, 0x55, 0x81, 0x4A, 0xC5, 0x5F, 0xE8,
    0xC5, 0xF1, 0x33, 0xCF, 0xBE, 0xF8, 0x3C, 0x69, 0xD8, 0x11, 0x9C, 0x2F, 0x03, 0x08, 0x26, 0x90,
    0x47, 0xCC, 0x4C, 0x31, 0x91, 0xC5, 0xF4, 0xD6, 0x82, 0xF3, 0x20, 0x08, 0xD0, 0xE6, 0x11, 0x70,
    0x6F, 0x99, 0x80, 0xFA, 0xE5, 0x11, 0xB0, 0xE2, 0x13, 0x51, 0xC7, 0x91, 0x23, 0xBD, 0x83, 0x14,
    0xE1, 0x5C, 0x80, 0xCF, 0xFE, 0xB5, 0x57, 0xEF, 0xA1, 0xB6, 0xC3, 0x79, 0xBA, 0xD4, 0x89, 0xAE,
    0x53, 0xF2, 0x35, 0xE4, 0x93, 0xCA, 0xEF, 0x5B, 0x31, 0x52, 0x0E, 0x97, 0x9F, 0x69, 0xD5, 0x50,
    0x83, 0xD3, 0xED, 0x9D, 0x8E, 0x77, 0x7E, 0x5E, 0xA7, 0xE7, 0x39, 0x8E, 0x4D, 0x0B, 0x4B, 0x3F,
    0x41, 0x29, 0x02, 0xF5, 0xAB, 0xD2, 0xE1, 0xD4, 0xC8, 0x5D, 0x6C, 0x43, 0x7B, 0xE1, 0xA4, 0x0A,
    0xE7, 0x9F, 0xE9, 0x2A, 0x1E, 0x3B, 0xD6, 0x01, 0xDB, 0x99, 0x48, 0xDD, 0x20, 0x3A, 0xDD, 0x69,
    0x3A, 0x75, 0x53, 0x44, 0x1C, 0x99, 0x34, 0x2B, 0xB8, 0xC7, 0xB3, 0x06, 0x1D, 0x00, 0x01, 0x70,
    0xC7, 0xA7, 0xFA, 0xF9, 0x0A, 0x97, 0xF0, 0x2F, 0xD2, 0x60, 0x65, 0x81, 0x4C, 0xB4, 0xD8, 0xCC,
    0x2E, 0x8B, 0x1B, 0xA1, 0x5F, 0xF7, 0x92, 0x8D, 0xD0, 0xFF, 0xD3, 0xA7, 0x2C, 0x68, 0x7D, 0xDB,
    0xA6, 0x1C, 0xC1, 0x0E, 0xB6, 0xAB, 0x67, 0x13, 0x5C, 0x26, 0xC2, 0x7C, 0x62, 0xA6, 0xBA, 0x3B,
    0x3B, 0x2D, 0x87, 0x67, 0xB8, 0xFD, 0xFB, 0xD6, 0xC3, 0xC9, 0xAC, 0xBC, 0xB3, 0x73, 0x3F, 0xB2,
    0xBD, 0x0B, 0xB7, 0x6F, 0x9B, 0xA9, 0xEA, 0xCE, 0xF6, 0xB3, 0x6C, 0xE7, 0xB6, 0x08, 0x7B, 0xB4,
    0x3D, 0x32, 0xFD, 0xB0, 0xA9, 0xA8, 0x62, 0x60, 0x57, 0xCF, 0xA5, 0xB1, 0xE2, 0x4B, 0xED, 0xA3,
    0xF1, 0x59, 0x19, 0xEB, 0xC7, 0xC3, 0xFD, 0xC2, 0x47, 0xEB, 0x5B, 0xF1, 0xF5, 0x3F, 0x34, 0x14,
    0xA1, 0xF2, 0x54, 0xBE, 0x05, 0xD7, 0x2C, 0xB0, 0x98, 0x09, 0x33, 0xD9, 0x11, 0x3B, 0xBA, 0x0E,
    0xD7, 0x09, 0x38, 0x22, 0xD4, 0xDD, 0x03, 0xCD, 0xD9, 0x41, 0x11, 0xEA, 0x0E, 0x13, 0xAC, 0x27,
    0x8B, 0x45, 0x80, 0x68, 0x42, 0xBA, 0x8A, 0x87, 0x7E, 0x83, 0x57, 0x5C, 0x5E, 0xF4, 0x0D, 0x50,
    0x3F, 0xD9, 0x21, 0x77, 0x14, 0xF7, 0x15, 0x1F, 0xCB, 0x13, 0xE5, 0x69, 0x2F, 0xCB, 0x53, 0x8C,
    0x1A, 0xC0, 0xFE, 0xBC, 0x2C, 0x26, 0x38, 0x23, 0xD2, 0xCC, 0xB7, 0xCD, 0x66, 0xF3, 0xEC, 0x54,
    0x65, 0x6F, 0xFF, 0xBE, 0xF2, 0x64, 0x36, 0x22, 0xDC, 0xD9, 0x38, 0x73, 0xE7, 0xCC, 0xFC, 0x5F,
    0xDC, 0xCA, 0x63, 0xC2, 0x03, 0x6E, 0x9F, 0x98, 0xE0, 0x38, 0x73, 0x3A, 0x67, 0xB2, 0x3F, 0xFB,
    0x35, 0xD9, 0x1B, 0xC2, 0x1E, 0x6D, 0x8F, 0xBC, 0xAB, 0xEC, 0x8A, 0xBB, 0xFA, 0xC7, 0x7D, 0xE3,
    0x37, 0x7E, 0xE3, 0xD7, 0x38, 0x11, 0x09, 0x09, 0x45, 0xA4, 0x92, 0xC6, 0x7D, 0xB7, 0x3F, 0x35,
    0xC3, 0x99, 0x19, 0xCF, 0xCC, 0xE0, 0x2A, 0xBF, 0x1D, 0x29, 0xE2, 0x45, 0x52, 0x1D, 0x50, 0x37,
    0x57, 0x92, 0xB2, 0x7A, 0xE2, 0x05, 0x46, 0x88, 0x70, 0x05, 0xD9, 0xAC, 0x08, 0xE8, 0xB8, 0x6C,
    0xF8, 0x03, 0xD4, 0x01, 0x59, 0xF2, 0xE0, 0x78, 0xD1, 0xA5, 0xE2, 0x44, 0x72, 0x6D, 0x79, 0x5C,
    0x93, 0xC7, 0xF4, 0x5D, 0x26, 0x27, 0x81, 0x1F, 0x6B, 0x8C, 0x04, 0xFB, 0x27, 0x73, 0xD9, 0xC4,
    0x63, 0x4E, 0x3F, 0xD2, 0x7B, 0x0A, 0xBD, 0x49, 0x6E, 0xD5, 0x71, 0xE5, 0x50, 0x49, 0x97, 0xCF,
    0xF0, 0xD9, 0xB0, 0x62, 0x66, 0xEC, 0xA0, 0x2E, 0xCF, 0x80, 0x5A, 0xC4, 0x67, 0xB2, 0xA1, 0x90,
    0x7F, 0x5E, 0xB4, 0xA1, 0x23, 0x6E, 0xC7, 0xC3, 0x79, 0xC3, 0xCF, 0x4D, 0x1B, 0xDE, 0x10, 0x36,
    0x98, 0x40, 0xAD, 0xB0, 0x52, 0x8C, 0x98, 0xA5, 0x1C, 0x20, 0x5A, 0x7F, 0x81, 0x8E, 0x6C, 0xAE,
    0x9A, 0x4D, 0xDB, 0x81, 0x09, 0x97, 0xB8, 0x0B, 0xC5, 0x78, 0x1F, 0x4A, 0x1F, 0xC1, 0x5E, 0xE2,
    0x67, 0x27, 0xA8, 0x5F, 0x1F, 0xC0, 0x99, 0x00, 0xB7, 0x70, 0x5E, 0xBF, 0xAA, 0xA6, 0xE8, 0x6C,
    0xF7, 0xEC, 0xC4, 0x29, 0xA7, 0xDF, 0x14, 0xFB, 0xB9, 0x1D, 0xF8, 0x48, 0x26, 0x17, 0x5C, 0xC8,
    0x83, 0x19, 0xCD, 0x60, 0x7C, 0xE9, 0xAD, 0xB7, 0x9D, 0x6D, 0x2A, 0x6E, 0x91, 0x09, 0xA5, 0xF8,
    0xEA, 0x0D, 0xC1, 0xE5, 0xE1, 0x24, 0x0B, 0xA7, 0x1B, 0xCD, 0xE8, 0xAC, 0x7E, 0x24, 0x66, 0x26,
    0x9F, 0x4B, 0x2D, 0xB7, 0x86, 0x6F, 0x35, 0x77, 0x47, 0x64, 0xBF, 0x98, 0xED, 0xE0, 0x48, 0xD7,
    0xB6, 0xEE, 0x1D, 0x17, 0xB2, 0x98, 0x48, 0x1E, 0xCB, 0x40, 0x19, 0x6A, 0xBF, 0x4F, 0x6B, 0xB3,
    0x08, 0x38, 0xC8, 0x62, 0xB9, 0xEA, 0x09, 0x76, 0x51, 0xF7, 0xB7, 0xCE, 0xC0, 0xA5, 0xE2, 0x2D,
    0x10, 0x31, 0x13, 0xCC, 0xD8, 0x11, 0x02, 0xAE, 0x23, 0x0B, 0x08, 0xE4, 0x21, 0x8F, 0x7C, 0x8D,
    0x19, 0xCB, 0x60, 0x82, 0x19, 0x2A, 0x6F, 0x43, 0xD6, 0xB4, 0xB8, 0x40, 0x16, 0x79, 0x3C, 0x62,
    0x26, 0xF3, 0x8F, 0x83, 0x36, 0xF9, 0x2F, 0x7B, 0x5C, 0x73, 0xA7, 0xF4, 0xAC, 0x88, 0x44, 0x33,
    0x2B, 0x6D, 0x00, 0x4B, 0xED, 0xA1, 0xA2, 0x07, 0xEA, 0xC3, 0x03, 0xBB, 0x09, 0x76, 0x17, 0x1C,
    0x36, 0x76, 0x1F, 0x87, 0x91, 0xC3, 0xC9, 0x61, 0x65, 0xF7, 0xB2, 0x9B, 0x29, 0x47, 0xD4, 0x4D,
    0xBB, 0xA0, 0x76, 0xA2, 0x63, 0xF3, 0x93, 0x85, 0x4A, 0xE3, 0xAA, 0x42, 0x3A, 0xF9, 0x8E, 0x56,
    0x06, 0xA2, 0xC6, 0x55, 0x21, 0x56, 0xD0, 0x76, 0x9E, 0x41, 0x25, 0xB5, 0x34, 0xA8, 0xAF, 0x5A,
    0xA2, 0x1A, 0x73, 0x32, 0x43, 0x3F, 0xA8, 0x19, 0x23, 0x93, 0x9E, 0x54, 0xFA, 0xB8, 0x9B, 0x39,
    0xDB, 0xCD, 0xC4, 0x64, 0xC6, 0xED, 0x66, 0x5A, 0x8F, 0x00, 0x85, 0x56, 0x46, 0xAD, 0x69, 0xB0,
    0xCF, 0xCD, 0xF5, 0x43, 0xC0, 0xBD, 0x65, 0x6C, 0x71, 0x9D, 0x95, 0x87, 0x11, 0x21, 0x7F, 0x64,
    0x26, 0x23, 0xA0, 0xF5, 0x11, 0x34, 0xAE, 0xBB, 0x83, 0x9A, 0x89, 0x27, 0x60, 0x66, 0x13, 0x4E,
    0xC1, 0x6A, 0x37, 0x79, 0x6A, 0xAF, 0xDF, 0xD4, 0x0C, 0x53, 0xCA, 0x84, 0xA0, 0xC6, 0xF7, 0x86,
    0x32, 0x23, 0xD8, 0x69, 0x7F, 0xA9, 0x18, 0x0D, 0x69, 0xDC, 0x3A, 0xFA, 0x54, 0x8B, 0xD7, 0x83,
    0x59, 0xA0, 0x9E, 0x40, 0x3C, 0xC5, 0x9E, 0x26, 0x4E, 0x3D, 0x91, 0x5E, 0x93, 0x23, 0x8B, 0xCE,
    0x17, 0x53, 0xF5, 0xA8, 0x0F, 0x85, 0x48, 0x47, 0x3F, 0x03, 0xFC, 0xB6, 0x82, 0x25, 0xB1, 0x4D,
    0xB4, 0x9E, 0x77, 0x3A, 0xDC, 0xA0, 0x6C, 0x13, 0x65, 0x04, 0x72, 0x49, 0xEE, 0xDE, 0xAE, 0xB4,
    0xFF, 0x98, 0xF8, 0xD2, 0x04, 0xB8, 0xD7, 0x2B, 0xD3, 0xA5, 0x4A, 0xD4, 0x64, 0xB6, 0xBD, 0x08,
    0x26, 0x28, 0xED, 0xA0, 0xAC, 0xBC, 0x4A, 0x3A, 0x91, 0x15, 0xF4, 0x66, 0x0A, 0xA2, 0x34, 0x33,
    0x38, 0x8A, 0xA0, 0xB4, 0x83, 0x66, 0x56, 0x6B, 0x06, 0x9D, 0x66, 0xA8, 0x7B, 0x50, 0x24, 0x56,
    0x89, 0x7D, 0x83, 0xD6, 0xF1, 0xE6, 0xBA, 0x35, 0x53, 0x32, 0x1B, 0x95, 0x7D, 0x9B, 0xCC, 0x5A,
    0x7F, 0x63, 0xDD, 0xDE, 0xE2, 0x23, 0xD5, 0xE7, 0x9F, 0x04, 0x55, 0x57, 0x13, 0x66, 0x10, 0xED,
    0xBD, 0xE6, 0x46, 0xBA, 0x9D, 0x6D, 0x07, 0x79, 0xD4, 0xFD, 0x2C, 0x56, 0x1B, 0xF9, 0x9E, 0xE7,
    0x6E, 0xA2, 0x4F, 0xAB, 0xBA, 0xB8, 0xA8, 0x8C, 0x27, 0xCA, 0xE9, 0xF3, 0x95, 0x67, 0x2F, 0x5C,
    0x1E, 0x77, 0xE3, 0x85, 0xC3, 0x6C, 0x77, 0xF8, 0x8A, 0xB2, 0xDC, 0x7D, 0xBE, 0xA4, 0xBC, 0xEA,
    0x70, 0x49, 0x0E, 0xE3, 0x15, 0x87, 0xE3, 0x07, 0xE2, 0x70, 0x5F, 0xD7, 0xC0, 0x3E, 0xDF, 0x03,
    0xE6, 0x7C, 0xA7, 0x7C, 0x1C, 0x48, 0xA3, 0xFA, 0xBB, 0x91, 0x34, 0xDC, 0xDB, 0x06, 0xD2, 0x90,
    0xE3, 0x4A, 0x36, 0x7B, 0xF1, 0xA1, 0x08, 0x6E, 0xDF, 0xB1, 0x83, 0x53, 0x71, 0xD5, 0x38, 0x76,
    0x44, 0x25, 0x48, 0x9E, 0xFB, 0x7D, 0xEE, 0xC4, 0xBA, 0xCF, 0x15, 0x59, 0x80, 0x64, 0x3B, 0xA2,
    0xA3, 0x3F, 0x76, 0xB2, 0xA8, 0xD3, 0x01, 0x33, 0xEB, 0x06, 0xD8, 0x80, 0x49, 0xBE, 0x9C, 0x3F,
    0x76, 0xFA, 0x86, 0xE2, 0x70, 0x5A, 0x4B, 0x93, 0x7C, 0x4F, 0x50, 0xA5, 0x98, 0xED, 0x98, 0x09,
    0x08, 0x38, 0x6F, 0x22, 0x3C, 0x4F, 0x79, 0xB9, 0x88, 0x7F, 0x27, 0x0B, 0x77, 0xD7, 0x24, 0x72,
    0xEC, 0x5F, 0x1E, 0xBF, 0x98, 0xF9, 0x62, 0x32, 0x10, 0x29, 0x16, 0xAA, 0x40, 0xBE, 0xD7, 0x6C,
    0xCF, 0xAB, 0x94, 0x11, 0x20, 0x28, 0x54, 0x15, 0xF8, 0xEE, 0x4E, 0x69, 0x95, 0xB6, 0x07, 0xF4,
    0x34, 0x1D, 0x76, 0xA7, 0x57, 0xEE, 0x8E, 0xB2, 0x99, 0x77, 0x36, 0x6A, 0x11, 0xE9, 0x70, 0x1B,
    0x9B, 0x44, 0x68, 0xF7, 0xFA, 0x24, 0xAE, 0x89, 0x7B, 0xC8, 0xBD, 0x5C, 0x4A, 0x75, 0xB5, 0x80,
    0x39, 0xE7, 0x7E, 0x81, 0xA8, 0x78, 0x62, 0x39, 0x2A, 0xED, 0x90, 0xE8, 0x9F, 0xAA, 0x83, 0x4A,
    0x5D, 0x21, 0x69, 0x9C, 0x2A, 0x4C, 0xDC, 0xEB, 0xBF, 0x17, 0xE7, 0xE6, 0xBA, 0x6D, 0xF7, 0xA8,
    0x1E, 0xB0, 0xFF, 0x1A, 0x00, 0xF7, 0xBA, 0x78, 0x63, 0xDD, 0x56, 0xAF, 0x9B, 0x00, 0xF7, 0x52,
    0xBC, 0xE0, 0x73, 0xDC, 0xBB, 0x79, 0x3E, 0xCB, 0x4E, 0xA7, 0x1F, 0xA7, 0x47, 0x9E, 0x18, 0xAD,
    0x04, 0x7A, 0x09, 0x7C, 0xF3, 0xF2, 0x35, 0x98, 0x69, 0x17, 0xD2, 0x79, 0x65, 0x00, 0x3B, 0xEE,
    0xE7, 0xA9, 0x88, 0x4A, 0xA8, 0x80, 0x6B, 0xC0, 0x01, 0xED, 0x91, 0xC3, 0x7A, 0xF8, 0x8F, 0xF0,
    0xF1, 0x5B, 0x08, 0x91, 0x80, 0xEC, 0xAD, 0x74, 0x7B, 0xCF, 0xA6, 0x9C, 0xC0, 0x75, 0xAF, 0x8D,
    0xA6, 0x4E, 0x94, 0x81, 0xF2, 0x95, 0x80, 0xEB, 0xE2, 0x6B, 0xA2, 0x69, 0xBB, 0x99, 0xEA, 0x61,
    0x4C, 0xAF, 0x67, 0x9B, 0x1F, 0xB8, 0x76, 0x3D, 0x27, 0x13, 0x4A, 0xF1, 0xAA, 0x21, 0x93, 0xCE,
    0xAE, 0x96, 0x34, 0x5F, 0x20, 0xA6, 0x5A, 0x2B, 0x7D, 0x1E, 0x35, 0xB8, 0x99, 0x55, 0xC6, 0x89,
    0x74, 0xD6, 0xB7, 0x1B, 0x2B, 0xDF, 0x8B, 0x34, 0x95, 0xDF, 0x57, 0xCF, 0x6A, 0xC4, 0x75, 0x6A,
    0xC5, 0x25, 0x33, 0xA2, 0x76, 0xB2, 0x45, 0x0D, 0x15, 0x51, 0x23, 0xB5, 0x41, 0xA5, 0xC4, 0x2B,
    0x17, 0xE8, 0x8F, 0x87, 0x0C, 0x1F, 0x4B, 0x03, 0x99, 0xFC, 0xB2, 0x87, 0x22, 0x59, 0xB1, 0x3F,
    0xAF, 0x86, 0x6F, 0x3D, 0xD5, 0xA5, 0x01, 0x16, 0xDC, 0x04, 0x11, 0x17, 0x95, 0x6D, 0x24, 0x8B,
    0xF4, 0x0B, 0x66, 0x66, 0x6D, 0xB5, 0x34, 0x8B, 0xD3, 0xE2, 0x44, 0xD7, 0x15, 0x21, 0x8B, 0xEA,
    0x2C, 0x8F, 0x76, 0x73, 0x66, 0xA6, 0x72, 0xB4, 0x83, 0x09, 0x45, 0xB0, 0xDE, 0x04, 0x33, 0x55,
    0x5E, 0x57, 0xEB, 0x75, 0x57, 0x8E, 0x44, 0xD7, 0xD8, 0x81, 0x25, 0x79, 0xEE, 0x9D, 0x7A, 0x76,
    0xBD, 0x7A, 0x76, 0xAB, 0x7A, 0xAE, 0x16, 0x1C, 0xD8, 0x78, 0x10, 0x8A, 0xEE, 0xB2, 0x5F, 0x8A,
    0x00, 0x4F, 0x35, 0xC1, 0x53, 0xCF, 0x9E, 0x75, 0x7F, 0xF6, 0x34, 0x97, 0xCF, 0x9E, 0x6A, 0x48,
    0x1F, 0x5C, 0xD0, 0x8A, 0x95, 0xA1, 0xF2, 0x1A, 0xA9, 0x4E, 0x74, 0x5D, 0x62, 0x03, 0x65, 0xA2,
    0x1D, 0x13, 0x07, 0x3D, 0x5E, 0x7B, 0xE7, 0xB5, 0xC2, 0xF5, 0x00, 0x72, 0xF9, 0xEC, 0xA9, 0xA7,
    0x27, 0x9F, 0x3D, 0x85, 0x8C, 0xA4, 0x71, 0xA2, 0xC8, 0x16, 0x65, 0x39, 0x29, 0x5D, 0x77, 0x13,
    0x7D, 0xD6, 0x8D, 0x52, 0x8F, 0x53, 0xBC, 0x32, 0xA1, 0xDA, 0xF1, 0x06, 0xFA, 0xCC, 0xEF, 0x65,
    0x80, 0x5D, 0x2B, 0xC0, 0xB5, 0x2B, 0xF0, 0x99, 0xE5, 0x74, 0x03, 0x7D, 0xEE, 0xB7, 0x0D, 0x9B,
    0x6A, 0x58, 0x3D, 0x54, 0xDA, 0x1B, 0x59, 0x4F, 0x1D, 0x23, 0x05, 0xE6, 0xF8, 0xDD, 0xB2, 0xEA,
    0xAB, 0xB6, 0xFB, 0x15, 0x95, 0x16, 0x55, 0x5B, 0x39, 0x7A, 0xCE, 0x09, 0x64, 0xE2, 0x3A, 0xCA,
    0xD9, 0x0E, 0xB8, 0xB1, 0x08, 0xB8, 0x26, 0x9F, 0xF9, 0x08, 0x18, 0x80, 0x52, 0x86, 0x02, 0x10,
    0x59, 0xAA, 0x7D, 0xFD, 0x77, 0x1F, 0xAA, 0x99, 0x76, 0xD2, 0x7C, 0xD4, 0x08, 0x82, 0xDA, 0xC8,
    0x22, 0x48, 0xC4, 0xCC, 0xE8, 0x2F, 0xCE, 0x8A, 0x80, 0x7D, 0x18, 0x29, 0x03, 0x77, 0xD2, 0x6F,
    0x84, 0xB3, 0x59, 0xBF, 0x0D, 0xC5, 0x90, 0xEB, 0xB7, 0xAA, 0x49, 0xBF, 0x4B, 0x3A, 0x53, 0x7F,
    0xF6, 0xCF, 0x82, 0x4E, 0x53, 0x53, 0x76, 0xA4, 0x4C, 0x65, 0x42, 0xBD, 0x0A, 0x18, 0x69, 0xCA,
    0x05, 0x6C, 0x9F, 0xAA, 0x79, 0x52, 0x89, 0x3A, 0xFF, 0x92, 0x4C, 0x66, 0x74, 0x94, 0xCD, 0x7B,
    0xBE, 0x59, 0xA4, 0xB1, 0xA2, 0x42, 0xCB, 0xBE, 0x7E, 0xD7, 0xB9, 0xEA, 0x55, 0x6F, 0x5E, 0x5A,
    0x62, 0x33, 0x6B, 0x0C, 0x33, 0x81, 0xDE, 0xBC, 0x40, 0x6F, 0x5E, 0x5A, 0x68, 0xAB, 0x6C, 0x2E,
    0x6F, 0xB8, 0x2D, 0xD5, 0xC6, 0x3E, 0x71, 0xA5, 0xDE, 0x18, 0x95, 0x59, 0xD4, 0x23, 0x9A, 0xCE,
    0xA8, 0xC5, 0xB0, 0x33, 0x6E, 0x3C, 0xD6, 0xCB, 0xA4, 0x4F, 0x9F, 0x4A, 0xC6, 0x2B, 0x8B, 0x3B,
    0x95, 0xBE, 0xBC, 0x65, 0xDC, 0x5C, 0xB7, 0xAE, 0x51, 0xB3, 0x32, 0x40, 0x7A, 0x46, 0xAB, 0x46,
    0xBC, 0xB1, 0x6E, 0xF5, 0xC9, 0x0E, 0xF5, 0x1F, 0x5F, 0xB6, 0xE5, 0xB3, 0x7C, 0xCF, 0x4D, 0xAC,
    0x6A, 0x75, 0x65, 0xE1, 0xBC, 0x80, 0x6A, 0xF3, 0x4E, 0x86, 0xD3, 0x13, 0x35, 0xB2, 0xD1, 0x6E,
    0x49, 0x31, 0x03, 0xF5, 0x40, 0x11, 0x68, 0x3B, 0x15, 0x12, 0xC8, 0xA3, 0x89, 0x40, 0x54, 0x8F,
    0xAC, 0xF5, 0xA0, 0x71, 0xDB, 0x06, 0x70, 0x2A, 0x48, 0x1D, 0x95, 0x36, 0xBC, 0xF3, 0xF5, 0xA7,
    0xDB, 0xD9, 0x24, 0x2A, 0x9E, 0x5E, 0xEA, 0xAA, 0xBC, 0xD6, 0x40, 0x71, 0x31, 0xA1, 0x97, 0x7F,
    0x02, 0x4D, 0x4C, 0x11, 0x88, 0x54, 0x31, 0x8B, 0xE4, 0x8B, 0x96, 0x71, 0x35, 0xB3, 0x62, 0x52,
    0x04, 0xB2, 0xA5, 0x08, 0x98, 0x58, 0x06, 0xEA, 0x29, 0xFD, 0x06, 0x5B, 0x41, 0x25, 0xF2, 0x4F,
    0x57, 0x03, 0x37, 0x0A, 0x76, 0xE9, 0x19, 0xAD, 0x19, 0xD8, 0x47, 0xBD, 0xC7, 0xF9, 0x72, 0xC0,
    0x61, 0x46, 0x1E, 0x50, 0x0C, 0xA4, 0x02, 0xC7, 0x52, 0xC8, 0x62, 0x3D, 0x93, 0xCF, 0x6E, 0xC1,
    0x84, 0x4C, 0x1A, 0x13, 0xA8, 0x86, 0x0D, 0x65, 0x28, 0x46, 0x4C, 0x28, 0x87, 0x0D, 0xD6, 0x5F,
    0x81, 0x1D, 0xEB, 0x0E, 0xE7, 0xDD, 0x1B, 0xFE, 0x57, 0x70, 0x46, 0xA2, 0x42, 0xE5, 0x55, 0xDD,
    0x84, 0x73, 0x10, 0x15, 0x27, 0x5C, 0x1D, 0x85, 0x74, 0xFB, 0xD2, 0x30, 0x93, 0x6F, 0x8F, 0xFB,
    0xB5, 0x93, 0x05, 0xEE, 0x02, 0xDC, 0x01, 0x74, 0xEF, 0x53, 0x64, 0x51, 0xCB, 0x91, 0x6A, 0x69,
    0xA2, 0x26, 0x13, 0x79, 0x40, 0x3E, 0xB3, 0xE8, 0xF4, 0x55, 0x8B, 0xDF, 0xFE, 0x85, 0x04, 0x9C,
    0xBC, 0x3D, 0x50, 0xC8, 0x1B, 0x92, 0xD2, 0x87, 0x2B, 0x9C, 0x62, 0x01, 0x9D, 0x07, 0xD6, 0x5F,
    0xBF, 0x6E, 0xA5, 0x1A, 0x7D, 0x00, 0xF3, 0x28, 0x82, 0x1D, 0xFA, 0xEB, 0x97, 0xFC, 0x58, 0xC0,
    0xC8, 0x5B, 0x3A, 0xAC, 0x48, 0x43, 0xFD, 0x96, 0xE5, 0xDA, 0x25, 0xF3, 0xEE, 0x33, 0xA1, 0x0C,
    0xFD, 0x01, 0x33, 0x9C, 0xA0, 0xE3, 0xDA, 0x75, 0xF7, 0x76, 0x12, 0x75, 0x10, 0xE6, 0x0D, 0xE3,
    0xE9, 0xB1, 0x87, 0xEC, 0xEF, 0x5E, 0xBB, 0x83, 0x52, 0xBA, 0x72, 0x25, 0xC5, 0x15, 0x19, 0x34,
    0xB4, 0xC8, 0xAF, 0x4D, 0x3A, 0x5D, 0x42, 0x16, 0xE1, 0x1E, 0xAD, 0xE7, 0x3E, 0x3A, 0xE3, 0x52,
    0xC6, 0x41, 0x2D, 0x3A, 0x28, 0x94, 0xB2, 0x52, 0x3F, 0xFA, 0x9A, 0xE5, 0x1B, 0xBF, 0xF1, 0x1B,
    0x70, 0x8D, 0x9E, 0x04, 0x2B, 0x26, 0x02, 0x2A, 0xAC, 0xD1, 0x55, 0xBB, 0x6F, 0xCA, 0x41, 0xE5,
    0xEB, 0x55, 0x06, 0x9C, 0xCC, 0xA5, 0x48, 0x93, 0x72, 0xEA, 0x27, 0xC0, 0xAE, 0x20, 0x32, 0x98,
    0x4D, 0xDC, 0x6E, 0xC2, 0xB5, 0xE7, 0x9E, 0xDB, 0x45, 0x59, 0x80, 0xC8, 0x93, 0xAF, 0x07, 0x64,
    0xE9, 0xFE, 0xEA, 0x5E, 0x15, 0x6F, 0x45, 0xC8, 0x64, 0x84, 0x9F, 0x01, 0x04, 0xF8, 0x6E, 0x0F,
    0xA5, 0xA7, 0xFC, 0xB5, 0x06, 0xB3, 0x00, 0x59, 0x03, 0x14, 0xC3, 0x79, 0xCF, 0xE6, 0xAA, 0xC7,
    0x19, 0x57, 0x47, 0x29, 0x0D, 0xF4, 0x32, 0xB2, 0x19, 0x98, 0xB5, 0x4E, 0x71, 0xFF, 0x5B, 0xAD,
    0x03, 0xB7, 0x67, 0xDC, 0x6B, 0xBA, 0xA2, 0x48, 0x89, 0xEE, 0xD9, 0x29, 0x7A, 0x85, 0xEB, 0x8A,
    0x91, 0x6A, 0x95, 0x51, 0x2B, 0xD2, 0xED, 0xF7, 0x24, 0xE0, 0x13, 0x51, 0xAF, 0xAA, 0x19, 0x55,
    0x24, 0x00, 0x75, 0x77, 0xFD, 0xBA, 0x49, 0x43, 0xC6, 0x63, 0xE5, 0x5E, 0xFB, 0xE5, 0xDA, 0x25,
    0x53, 0x03, 0xD9, 0x71, 0x3D, 0x50, 0xFA, 0xBD, 0xBC, 0xD7, 0xAD, 0x6B, 0xB1, 0xDE, 0x0E, 0x26,
    0x70, 0x0F, 0xA0, 0x8E, 0x6E, 0xFA, 0x84, 0x60, 0xB6, 0xAF, 0x62, 0x2C, 0x07, 0xEB, 0xF5, 0xAB,
    0xEA, 0xEA, 0xC6, 0xE1, 0x92, 0xC4, 0x7D, 0x60, 0x3E, 0x9E, 0xB6, 0xAE, 0xE1, 0x47, 0x80, 0xFD,
    0x34, 0xDC, 0xC4, 0x27, 0xBC, 0xAB, 0xFF, 0x05, 0xE8, 0xA8, 0x9F, 0xFC, 0xB3, 0xBE, 0x86, 0x69,
    0x31, 0xE2, 0xED, 0x5F, 0x8D, 0xAD, 0x99, 0xE1, 0xFD, 0x8F, 0xF3, 0x1C, 0xF7, 0xB6, 0xB5, 0xC7,
    0xB6, 0xD9, 0xEE, 0x32, 0x4E, 0x15, 0x35, 0x54, 0x31, 0x63, 0xA6, 0xF3, 0x50, 0xE1, 0x3D, 0x84,
    0x3A, 0xD0, 0xFF, 0x43, 0x80, 0x1F, 0x97, 0x01, 0x90, 0xF3, 0xDF, 0xB0, 0xD9, 0x97, 0x37, 0x94,
    0xE5, 0x00, 0x98, 0x71, 0x47, 0xA9, 0x8F, 0xD9, 0x5E, 0xFE, 0x2C, 0x18, 0xF9, 0xDF, 0x57, 0xC6,
    0x72, 0x46, 0x46, 0x3B, 0xE0, 0x86, 0xDA, 0x53, 0x7B, 0x07, 0x95, 0xA2, 0x56, 0xB8, 0x46, 0xA1,
    0xC5, 0x5A, 0xA8, 0xBC, 0x89, 0xD8, 0xB5, 0x0F, 0xE4, 0xA2, 0x81, 0xDB, 0x08, 0xF0, 0x8C, 0x42,
    0x1E, 0x0E, 0x18, 0x3D, 0x58, 0xFE, 0xA9, 0x70, 0x65, 0x4C, 0xF5, 0x04, 0xEF, 0x90, 0x95, 0x4C,
    0x1E, 0x0B, 0x46, 0x70, 0x9D, 0x89, 0xD4, 0xDE, 0x4C, 0x54, 0x5D, 0x11, 0x48, 0x3F, 0xE8, 0xD7,
    0x8D, 0x8A, 0x6B, 0x5E, 0x8A, 0x7D, 0xA5, 0x74, 0x5F, 0x13, 0x8C, 0x38, 0x2E, 0x91, 0xCD, 0xDC,
    0x25, 0x9F, 0x8E, 0x6E, 0x36, 0xEF, 0x53, 0x37, 0x67, 0x2A, 0x4A, 0xAF, 0x79, 0x38, 0x5A, 0x70,
    0x2C, 0x8A, 0x78, 0x15, 0x0F, 0xF4, 0x58, 0xA4, 0xC7, 0xC4, 0x7D, 0xFD, 0x56, 0xAD, 0xE2, 0x29,
    0x44, 0x00, 0x49, 0x1A, 0x7C, 0xD8, 0x79, 0xA1, 0xB3, 0x8B, 0x7F, 0x36, 0xA9, 0xBA, 0x6B, 0xD7,
    0x7D, 0xBA, 0x9B, 0xAF, 0x5F, 0xF2, 0x6B, 0x00, 0xB3, 0x96, 0x60, 0xF5, 0xA0, 0x2B, 0xE3, 0xF5,
    0x4A, 0x3E, 0x7D, 0x03, 0x29, 0xFC, 0x29, 0x3A, 0xAE, 0x5D, 0x77, 0x6F, 0x1C, 0x8D, 0xBC, 0xA3,
    0xBF, 0xB8, 0xA8, 0x01, 0x27, 0x22, 0x63, 0x42, 0xBB, 0xC1, 0x5F, 0xF5, 0x32, 0x00, 0x55, 0xD8,
    0xA1, 0x9E, 0x81, 0x8C, 0x63, 0x68, 0xE3, 0xDD, 0xA3, 0x96, 0xC7, 0x01, 0xF9, 0x4F, 0xD1, 0xB6,
    0x69, 0x9B, 0x32, 0x20, 0x7A, 0xAB, 0xFA, 0x5F, 0x5F, 0x79, 0xFB, 0x36, 0xEF, 0x9A, 0x13, 0xEB,
    0x5D, 0x36, 0x6D, 0x28, 0x86, 0x0D, 0x55, 0x53, 0x77, 0x2E, 0xE2, 0xA8, 0x03, 0x82, 0x1D, 0xB5,
    0x4D, 0xA4, 0x0F, 0xAC, 0x2A, 0xFB, 0x13, 0xF5, 0x02, 0x64, 0xAA, 0x61, 0x92, 0xE7, 0xA8, 0x78,
    0x41, 0xF1, 0x49, 0x5C, 0x1D, 0x91, 0x72, 0xC8, 0x22, 0xD6, 0xE7, 0xD3, 0x06, 0x13, 0x76, 0x54,
    0xDD, 0x06, 0xD7, 0x14, 0x23, 0x4E, 0x7D, 0xEF, 0x5D, 0xA6, 0x78, 0xA0, 0xD0, 0xC6, 0xCE, 0xE2,
    0xD1, 0xDD, 0x83, 0xDD, 0xB0, 0xCA, 0x44, 0x21, 0xEF, 0x08, 0x20, 0x3F, 0x17, 0x00, 0x2A, 0x45,
    0xFB, 0xC4, 0x75, 0xFF, 0x5C, 0x73, 0xFD, 0xBA, 0x76, 0x50, 0xD9, 0x00, 0xF9, 0x12, 0xB5, 0xC4,
    0x0E, 0x1D, 0xD7, 0xAE, 0x9B, 0xBD, 0xF8, 0x49, 0x60, 0x82, 0x83, 0x62, 0x6A, 0x1B, 0xDD, 0x7B,
    0x6D, 0x74, 0xA1, 0xF4, 0x40, 0xAD, 0xE8, 0x81, 0x7C, 0x56, 0x74, 0x4F, 0xEA, 0x9A, 0xA0, 0xE2,
    0x23, 0xF7, 0xF7, 0xB8, 0x75, 0x77, 0xFE, 0x00, 0xBD, 0xAF, 0x88, 0xE0, 0xCC, 0xA4, 0x08, 0x50,
    0xBF, 0xD5, 0x43, 0xF5, 0xD6, 0x0E, 0xAC, 0x86, 0xB3, 0xAB, 0x22, 0x2A, 0x26, 0xC5, 0x5E, 0x61,
    0x85, 0x0A, 0x3A, 0xE0, 0xB3, 0x75, 0x86, 0x8B, 0x40, 0x3B, 0x26, 0x3B, 0x17, 0xEF, 0x2A, 0xDE,
    0xF9, 0xBF, 0x1B, 0x95, 0x2B, 0xB8, 0x5E, 0x3C, 0xAD, 0x3E, 0x18, 0xC4, 0x97, 0x1B, 0x30, 0x33,
    0x0B, 0x79, 0xCC, 0x22, 0x59, 0xCC, 0xE7, 0x0D, 0x66, 0x22, 0x8F, 0x26, 0x60, 0x66, 0x45, 0xD0,
    0xC7, 0x59, 0x28, 0x67, 0x2A, 0x2D, 0x83, 0xF3, 0xF6, 0x7F, 0xFF, 0x53, 0xB0, 0x2F, 0x4B, 0xA4,
    0xFA, 0x39, 0x19, 0xAE, 0x44, 0xBF, 0xC4, 0x03, 0x05, 0xDC, 0x7B, 0xEE, 0xF8, 0x53, 0xB2, 0x89,
    0xCE, 0xC3, 0x64, 0x1B, 0x80, 0x0F, 0x59, 0x85, 0xFE, 0x1F, 0xCD, 0x9A, 0x47, 0x94, 0xE4, 0xC8,
    0x56, 0x86, 0x7F, 0x49, 0xA7, 0x27, 0x0F, 0x4F, 0xE7, 0x8C, 0xF0, 0x1E, 0xC4, 0x0E, 0x8F, 0x76,
    0xF8, 0xAE, 0x10, 0xDE, 0x7B, 0x9E, 0xB7, 0x4B, 0xD8, 0xE0, 0x97, 0xD3, 0xAD, 0xC4, 0x7B, 0xB3,
    0xDF, 0x30, 0x4B, 0xCE, 0xB3, 0x4B, 0x5C, 0x57, 0x49, 0x78, 0x0F, 0xC2, 0x6D, 0xB0, 0xC2, 0x7B,
    0xD0, 0x03, 0x31, 0x93, 0xD3, 0x13, 0x52, 0x70, 0xBF, 0x13, 0x47, 0xCA, 0x4A, 0xAA, 0x7A, 0x7C,
    0x41, 0x45, 0xA5, 0xBE, 0x54, 0x45, 0x2A, 0xE2, 0xDE, 0xFB, 0x47, 0x28, 0x14, 0x11, 0x99, 0x92,
    0x5E, 0xFD, 0xEA, 0x5A, 0x4A, 0x42, 0xE8, 0xA4, 0x14, 0x5E, 0x97, 0x5C, 0x0F, 0x1B, 0xA8, 0x30,
    0x88, 0x2B, 0x47, 0x63, 0xF6, 0x5F, 0xB0, 0xF8, 0x9B, 0x11, 0xFE, 0xD2, 0xC4, 0x85, 0x9F, 0x0B,
    0x9B, 0xF4, 0x60, 0xF4, 0x89, 0x97, 0xEC, 0xCC, 0x98, 0x8D, 0xB0, 0xE8, 0x61, 0xD9, 0x69, 0x96,
    0x5C, 0x08, 0x8B, 0xD4, 0x86, 0x10, 0xA4, 0x00, 0x33, 0x2B, 0xE2, 0xB4, 0x1B, 0x61, 0xD1, 0x1B,
    0xEB, 0xAA, 0x33, 0xEE, 0x5D, 0x2D, 0xD9, 0x59, 0xCE, 0x85, 0x05, 0x48, 0x5E, 0xFD, 0xF5, 0xBA,
    0x94, 0x76, 0x61, 0x2F, 0x35, 0x61, 0xB4, 0x10, 0xDE, 0xE8, 0x95, 0x4D, 0x9A, 0x95, 0x8C, 0xBA,
    0xCF, 0x47, 0x67, 0xC0, 0xCE, 0x3E, 0x22, 0xCC, 0xCA, 0x42, 0xF0, 0x2A, 0xE7, 0xDA, 0xCB, 0x2A,
    0xF4, 0xBA, 0xC0, 0xB1, 0x99, 0xCB, 0x17, 0x15, 0xA3, 0x9A, 0x3F, 0x0E, 0xA3, 0x5C, 0xB0, 0x70,
    0x76, 0xE1, 0xF3, 0x88, 0x46, 0x53, 0x46, 0xB0, 0xB3, 0x39, 0x8B, 0xAF, 0xB5, 0xB1, 0x9C, 0x75,
    0x4B, 0xB5, 0xC9, 0xFA, 0xB2, 0x56, 0xF6, 0x4C, 0x4B, 0x33, 0x7A, 0x0C, 0x0D, 0x37, 0x2C, 0xD0,
    0x2D, 0x08, 0xDB, 0xD1, 0x30, 0x3A, 0x07, 0x56, 0x13, 0x1C, 0x04, 0x03, 0x54, 0xB8, 0x81, 0xB0,
    0xBF, 0x68, 0x14, 0xC6, 0x89, 0x42, 0x2B, 0x42, 0x47, 0x1E, 0x90, 0xEE, 0x82, 0x64, 0x86, 0xF9,
    0x04, 0xAB, 0xBD, 0x4E, 0x53, 0x15, 0x6A, 0x61, 0x70, 0x92, 0xCA, 0x60, 0xB6, 0xD5, 0x0C, 0x09,
    0xB1, 0x52, 0x45, 0xE6, 0xA5, 0xC7, 0x95, 0x63, 0x43, 0x05, 0xA1, 0x20, 0x0A, 0x65, 0x20, 0x66,
    0x61, 0x2D, 0x08, 0x38, 0x3F, 0xE6, 0x6F, 0x57, 0xF6, 0x38, 0x6D, 0x55, 0xE5, 0xB3, 0xCA, 0x11,
    0x53, 0xA1, 0x17, 0x8A, 0xE2, 0x53, 0x18, 0x44, 0xFA, 0xD0, 0x28, 0x5B, 0xEA, 0x2D, 0xCB, 0x72,
    0xAA, 0x5A, 0x6B, 0x2A, 0x16, 0x74, 0xEF, 0xB3, 0xF0, 0x9E, 0xA9, 0x18, 0x13, 0x6F, 0xF5, 0x3D,
    0x89, 0xAD, 0xC6, 0x0E, 0xA2, 0xF2, 0xA7, 0x87, 0x49, 0x95, 0xC8, 0xD5, 0x45, 0x5F, 0x3D, 0x0C,
    0x5D, 0x8E, 0x89, 0xF0, 0xB7, 0xD4, 0xF2, 0x61, 0x3A, 0x3A, 0xD9, 0xAC, 0x0E, 0xDF, 0x3E, 0x1D,
    0x70, 0x93, 0xB2, 0x1C, 0x95, 0x48, 0xAF, 0xAC, 0x0E, 0x45, 0xD7, 0x8A, 0xBB, 0xE1, 0x60, 0x4C,
    0xB0, 0x4E, 0x05, 0xB7, 0x4F, 0x87, 0xA2, 0x0B, 0x78, 0x39, 0xE1, 0x24, 0xA5, 0x9A, 0x2B, 0x4A,
    0x88, 0x32, 0x68, 0x21, 0xC4, 0x10, 0x6A, 0xC8, 0x6D, 0xE1, 0xCC, 0xC0, 0x5F, 0x03, 0x54, 0x11,
    0xB2, 0x08, 0x5D, 0x84, 0x30, 0x6B, 0x0F, 0xD9, 0x8D, 0xB8, 0x99, 0xCC, 0x94, 0x55, 0x3B, 0x5E,
    0x77, 0xAB, 0x54, 0x01, 0xDD, 0x1C, 0xA6, 0xA1, 0xC7, 0x5A, 0x1E, 0xA4, 0x56, 0x0A, 0xB5, 0x16,
    0x42, 0xD4, 0x8C, 0x24, 0x71, 0x0C, 0x49, 0xE0, 0x90, 0x7A, 0x98, 0x1D, 0x04, 0x27, 0xF2, 0xB3,
    0x91, 0x08, 0x77, 0x23, 0x62, 0xE4, 0x23, 0xF2, 0x30, 0x8C, 0x34, 0x96, 0x27, 0x2D, 0x94, 0xDE,
    0x11, 0x90, 0xAA, 0x11, 0x23, 0xA1, 0x83, 0xCB, 0x6A, 0x96, 0xE4, 0x4B, 0x31, 0x5C, 0x11, 0x6E,
    0x36, 0xDD, 0x83, 0xA3, 0x17, 0x1C, 0x09, 0xE3, 0x3F, 0xB9, 0x2A, 0x37, 0x94, 0x33, 0x15, 0x86,
    0xF0, 0x7B, 0x1D, 0x42, 0xFD, 0x47, 0x87, 0x52, 0x61, 0x4F, 0xFD, 0x6D, 0x4D, 0xC3, 0x34, 0xE2,
    0xE5, 0x10, 0x85, 0x93, 0x99, 0x13, 0x79, 0x4E, 0x20, 0x27, 0xC2, 0xF7, 0x80, 0x3B, 0x6A, 0xEA,
    0x92, 0x61, 0xEF, 0x61, 0x20, 0x8E, 0xF0, 0xD4, 0xC4, 0xC0, 0xFA, 0x5D, 0x46, 0xB9, 0x10, 0x49,
    0x3B, 0x35, 0x81, 0x7F, 0x5A, 0xB3, 0x4C, 0x20, 0x0A, 0xD4, 0x42, 0xE3, 0xC3, 0x8E, 0xBA, 0xCA,
    0x2E, 0xA3, 0x7C, 0x67, 0x97, 0xEF, 0x8B, 0xAE, 0x31, 0x96, 0x5D, 0x1B, 0x42, 0x5D, 0xA2, 0x83,
    0xC5, 0x5C, 0x0C, 0xAB, 0x1A, 0x0E, 0x35, 0x14, 0xF0, 0x36, 0x99, 0x55, 0xA1, 0x09, 0x35, 0x35,
    0x47, 0x4D, 0xE8, 0x99, 0xED, 0xAA, 0x09, 0x52, 0xA3, 0xC9, 0x36, 0xF0, 0x16, 0x5C, 0xA4, 0x12,
    0xEA, 0xCE, 0x1B, 0xFF, 0x5B, 0xCF, 0xAD, 0x49, 0xF5, 0xCA, 0x6A, 0xA2, 0x3B, 0x4C, 0x06, 0x54,
    0xC5, 0xC7, 0x1E, 0x1F, 0x5F, 0x4D, 0x55, 0xB0, 0xE8, 0x45, 0x30, 0xB5, 0x20, 0xF6, 0x48, 0x2D,
    0x40, 0x3D, 0x61, 0x8C, 0xE4, 0x2F, 0x05, 0x48, 0xD4, 0xCA, 0x56, 0x7A, 0x82, 0x8D, 0x7D, 0x17,
    0xE6, 0x03, 0x44, 0x3D, 0x34, 0xBE, 0x72, 0x73, 0x62, 0xEA, 0x12, 0x85, 0xD3, 0x0B, 0x98, 0x57,
    0x87, 0xB7, 0x94, 0x87, 0x1A, 0x71, 0x07, 0x44, 0x3A, 0x70, 0xB3, 0x7A, 0xAA, 0xBA, 0x2F, 0x87,
    0x36, 0xF7, 0x41, 0x4B, 0x0D, 0x01, 0xCC, 0xAF, 0xB6, 0xB2, 0x7E, 0x73, 0xB7, 0x05, 0x6E, 0xBF,
    0x1B, 0x54, 0x2E, 0x56, 0xC1, 0x8E, 0x28, 0xD5, 0x46, 0x09, 0xEE, 0x01, 0x85, 0x4B, 0xFC, 0xB8,
    0x5B, 0xA8, 0x8A, 0xDE, 0x07, 0xB8, 0x1A, 0xEC, 0xB5, 0x8D, 0xC3, 0x37, 0xAE, 0xCF, 0xAD, 0x88,
    0x3D, 0x3D, 0xC0, 0xBC, 0x83, 0x45, 0xA4, 0x87, 0x99, 0xBF, 0x89, 0xB0, 0x3D, 0x16, 0x47, 0xAA,
    0xEF, 0xF0, 0xB9, 0x07, 0xCB, 0x36, 0x5F, 0xA9, 0x3A, 0xDE, 0xF2, 0x7F, 0x18, 0x45, 0x6C, 0x5D,
    0xAC, 0xEB, 0x16, 0xDE, 0x45, 0x3C, 0x53, 0xB3, 0xA7, 0x11, 0x2E, 0x50, 0xAA, 0xB9, 0xF9, 0xAE,
    0xC2, 0x10, 0x4A, 0xDD, 0x4F, 0x79, 0x11, 0xC2, 0x24, 0xAE, 0xEE, 0x9E, 0xF3, 0x39, 0xBE, 0xF0,
    0x1C, 0x57, 0xA8, 0x93, 0x40, 0x28, 0x8F, 0x7A, 0x8E, 0xBB, 0xC8, 0x3D, 0x0B, 0x2F, 0x57, 0x67,
    0x50, 0xD0, 0xD5, 0xE4, 0x42, 0x57, 0x73, 0x4D, 0x23, 0xE4, 0x08, 0xC4, 0x93, 0x05, 0x9E, 0xE3,
    0xD5, 0xC2, 0x75, 0xE1, 0x01, 0xB1, 0x7A, 0x63, 0x1E, 0xF6, 0xC6, 0x74, 0x44, 0xC1, 0xB9, 0x41,
    0x82, 0x05, 0x23, 0xD3, 0xE9, 0x12, 0xE0, 0x73, 0x18, 0xCE, 0x6D, 0x52, 0x1E, 0xFE, 0xE5, 0xE9,
    0x21, 0xF3, 0x6A, 0xFB, 0xDC, 0x32, 0x3A, 0x9E, 0xCE, 0x5D, 0xD9, 0x99, 0x4B, 0xD5, 0x5E, 0x25,
    0x56, 0xAB, 0xDA, 0xE0, 0xB4, 0xA2, 0xC5, 0xFA, 0xC2, 0xF3, 0x74, 0x56, 0xBE, 0xB4, 0xDE, 0x4C,
    0x2F, 0x8C, 0xC7, 0xA3, 0x41, 0xC9, 0x41, 0x34, 0x28, 0x53, 0x74, 0x43, 0x5F, 0xF5, 0x44, 0x5F,
    0x2B, 0x0B, 0x7C, 0xF8, 0xE1, 0xB5, 0x1E, 0x3D, 0x1B, 0xBC, 0x6D, 0xEA, 0x29, 0xDD, 0x0B, 0x03,
    0x2B, 0x76, 0x9D, 0x48, 0xB7, 0x42, 0xC2, 0xDB, 0x20, 0x4F, 0x4C, 0x35, 0x48, 0x47, 0xA8, 0xE9,
    0xC8, 0x64, 0x84, 0xDF, 0xDC, 0x6F, 0x63, 0xF9, 0x69, 0x3A, 0x27, 0xC2, 0x67, 0x70, 0xB0, 0x03,
    0x02, 0xF5, 0xFA, 0x6F, 0x72, 0x2B, 0x34, 0x46, 0x84, 0x05, 0x65, 0x24, 0x4F, 0x0C, 0xBC, 0xE5,
    0x81, 0xD4, 0x15, 0xF1, 0xED, 0xB1, 0xF0, 0xF6, 0xB7, 0xBF, 0x63, 0xA9, 0x35, 0x53, 0x13, 0x1F,
    0x53, 0x57, 0xE2, 0x85, 0xF6, 0x29, 0x57, 0x30, 0xEA, 0x58, 0xEA, 0xE3, 0x5B, 0xC7, 0x55, 0xE6,
    0x2E, 0x57, 0xD1, 0x18, 0xF9, 0x40, 0xED, 0x71, 0x0D, 0x1B, 0x23, 0x6F, 0x62, 0x53, 0xB5, 0x27,
    0xC6, 0xE7, 0xD5, 0x38, 0x57, 0x51, 0x3B, 0xAB, 0x33, 0xFE, 0x01, 0xEB, 0x54, 0xAB, 0x04, 0x77,
    0x96, 0x57, 0xC7, 0x0B, 0x0D, 0xD5, 0xA4, 0x64, 0x09, 0x8B, 0xD2, 0xF0, 0x6C, 0xA0, 0x19, 0xDD,
    0x3E, 0xF3, 0xAA, 0xF6, 0xD9, 0x68, 0x52, 0xED, 0x46, 0x3B, 0x33, 0xEB, 0xAE, 0x36, 0xA3, 0x4E,
    0x2B, 0x1A, 0xFB, 0x48, 0xE7, 0xD4, 0xEE, 0xA9, 0x78, 0x05, 0x52, 0xDD, 0x57, 0x3A, 0xC5, 0x59,
    0x4A, 0xC1, 0xC2, 0xD8, 0x8E, 0xCB, 0x89, 0xF5, 0x74, 0x6B, 0xC7, 0x6B, 0xE7, 0xAF, 0x66, 0x8D,
    0x4C, 0x98, 0xC4, 0x88, 0x0C, 0x74, 0x40, 0x22, 0xA4, 0x7E, 0x62, 0x23, 0x30, 0xC2, 0xA1, 0x6E,
    0xC2, 0x25, 0x56, 0x2D, 0xC7, 0x35, 0xD4, 0x07, 0x5B, 0x15, 0x21, 0x8C, 0x42, 0x3B, 0x17, 0xBC,
    0x0B, 0x87, 0x0F, 0x7A, 0xF5, 0x57, 0x8B, 0xA4, 0xCA, 0xCB, 0x4D, 0xFA, 0x90, 0x51, 0x19, 0x2F,
    0xED, 0x06, 0x66, 0x94, 0x45, 0x17, 0x5F, 0xB8, 0x5E, 0xD1, 0xEE, 0xF1, 0xC5, 0xC8, 0x7E, 0x7E,
    0x63, 0x9E, 0xC5, 0xEB, 0x58, 0x1D, 0xD9, 0xA1, 0x40, 0xC3, 0xD5, 0xFC, 0xA3, 0xCC, 0xF3, 0xE2,
    0x19, 0xBE, 0xA6, 0x76, 0xE4, 0xA1, 0xF4, 0xD6, 0x47, 0x78, 0x79, 0x71, 0x9C, 0xD9, 0x26, 0x07,
    0x24, 0xA6, 0x63, 0x4B, 0x0F, 0xC8, 0x50, 0x4B, 0xFF, 0x66, 0x5F, 0x02, 0x7F, 0x38, 0x18, 0x38,
    0x6F, 0x5C, 0xF4, 0xCA, 0xBB, 0xE9, 0x43, 0xC6, 0xCC, 0xFE, 0x76, 0x43, 0xDE, 0x17, 0x1D, 0x7F,
    0xE5, 0xBE, 0xAA, 0x9D, 0xF8, 0xBB, 0x8F, 0xAA, 0x58, 0xC6, 0x24, 0xD6, 0x31, 0x8B, 0x07, 0x66,
    0x9A, 0x2C, 0xCC, 0x93, 0x85, 0x0B, 0x64, 0xE1, 0x06, 0x59, 0xB8, 0x42, 0x16, 0xEE, 0x90, 0x85,
    0x4B, 0x64, 0xE1, 0x96, 0x65, 0xF1, 0x4E, 0x16, 0xEF, 0x64, 0xE1, 0x22, 0xA7, 0xB8, 0x89, 0xC7,
    0x09, 0xAE, 0xAA, 0x25, 0xC7, 0x93, 0xE5, 0x94, 0x7A, 0xB2, 0x5C, 0x8D, 0x4D, 0xAF, 0xAA, 0x2F,
    0x46, 0xA2, 0xE0, 0x56, 0x20, 0x92, 0x5D, 0x08, 0x35, 0xD1, 0xC4, 0xA7, 0xF5, 0x3D, 0xCA, 0x05,
    0xB5, 0xFB, 0x88, 0x8B, 0x6B, 0x1E, 0x36, 0x5E, 0x74, 0xAE, 0xE4, 0x60, 0xDD, 0xCB, 0x5A, 0x81,
    0xE8, 0x01, 0x9D, 0xCC, 0x90, 0xF7, 0xBB, 0xC1, 0x9C, 0xCD, 0x7B, 0x21, 0x06, 0xA0, 0x21, 0x0D,
    0x55, 0x6D, 0xED, 0xE9, 0x68, 0x51, 0xB4, 0x01, 0x74, 0xBC, 0x86, 0xAE, 0x77, 0x71, 0x79, 0x19,
    0x9C, 0xBE, 0xE3, 0xC0, 0x30, 0x46, 0xE3, 0x84, 0x2E, 0xC6, 0x5E, 0x8E, 0x84, 0xD9, 0x74, 0xDC,
    0x5E, 0x81, 0x10, 0x73, 0x4F, 0x80, 0xD5, 0x40, 0x78, 0x81, 0xBB, 0x3E, 0xA3, 0xB4, 0x2F, 0xE8,
    0x65, 0x9E, 0x51, 0x39, 0xF5, 0x41, 0x12, 0xE3, 0xF5, 0x91, 0x3F, 0x4E, 0x9B, 0x2F, 0xBB, 0x89,
    0xBD, 0xA5, 0xCC, 0x23, 0x7A, 0x32, 0x23, 0xB5, 0x02, 0x42, 0x33, 0x7A, 0x54, 0x46, 0x4E, 0xEC,
    0x23, 0x0C, 0xC6, 0xFE, 0xC5, 0xA5, 0x97, 0x53, 0x3A, 0x1C, 0x47, 0x6C, 0xC1, 0x78, 0x6E, 0xD1,
    0xC3, 0x76, 0x0F, 0x3F, 0x10, 0xAC, 0x23, 0xCF, 0x09, 0xEE, 0x83, 0x73, 0xE0, 0x05, 0xB0, 0xE6,
    0x93, 0x45, 0xC9, 0xC1, 0x1C, 0x4B, 0xA7, 0xB2, 0x37, 0x29, 0x9B, 0x5A, 0xD9, 0x7B, 0x3D, 0xD3,
    0x34, 0x3C, 0x0E, 0x74, 0xCD, 0x30, 0x82, 0x83, 0x81, 0x0F, 0xCA, 0x6E, 0x61, 0xBD, 0x1F, 0x55,
    0xDC, 0x6F, 0x83, 0xD2, 0xA0, 0xFB, 0x74, 0xA7, 0x4B, 0xE9, 0x2E, 0xA8, 0x40, 0xB9, 0x9D, 0x61,
    0x1C, 0xA1, 0x94, 0xE0, 0x9E, 0x3E, 0x21, 0x76, 0x1B, 0x96, 0xBA, 0x79, 0x8F, 0xCF, 0xDC, 0x51,
    0xC7, 0xE4, 0x6E, 0xE2, 0x78, 0xFB, 0xDB, 0x7F, 0x8A, 0x1D, 0x09, 0x0E, 0x7D, 0x63, 0xE2, 0xB3,
    0x91, 0x19, 0xA2, 0x17, 0xA9, 0x79, 0xB1, 0x7F, 0xEB, 0x9D, 0xB0, 0x69, 0xDD, 0x80, 0x16, 0x2C,
    0x27, 0xBB, 0x2B, 0x09, 0x48, 0x41, 0x76, 0x00, 0x13, 0x18, 0x69, 0x38, 0x90, 0x83, 0xA2, 0x07,
    0x54, 0x57, 0x82, 0x58, 0x31, 0xB3, 0xE7, 0x0D, 0xBA, 0x94, 0x4A, 0x50, 0xEC, 0x29, 0xDC, 0xAD,
    0x67, 0x4E, 0x6B, 0x87, 0xA9, 0xC1, 0x71, 0xC0, 0x62, 0xA0, 0x53, 0xF6, 0x22, 0x86, 0x63, 0xCA,
    0x85, 0x9F, 0x50, 0x3B, 0xD2, 0xCD, 0x63, 0x9A, 0x68, 0x1A, 0x3D, 0x01, 0xD3, 0x89, 0xCD, 0xE3,
    0x3B, 0xC2, 0xC9, 0x27, 0x88, 0xDE, 0x1B, 0x98, 0x57, 0x34, 0xEC, 0xE1, 0xB6, 0x4C, 0xBE, 0x96,
    0xBC, 0x7E, 0xE5, 0xA3, 0x77, 0x9F, 0xD7, 0xCB, 0xED, 0xEC, 0xE0, 0x09, 0x58, 0xD4, 0xBA, 0x38,
    0x93, 0xFC, 0x67, 0x63, 0x82, 0x83, 0x71, 0x19, 0xD7, 0xA8, 0x79, 0x3D, 0x88, 0x95, 0x60, 0xA9,
    0x79, 0x3D, 0x08, 0x98, 0x88, 0x63, 0x6F, 0xF8, 0x5B, 0x3B, 0x67, 0x1A, 0x70, 0x58, 0x3D, 0xBC,
    0xD6, 0xB9, 0x01, 0xF4, 0x8F, 0x53, 0x9E, 0x5D, 0xAB, 0xDF, 0xF2, 0x4C, 0xEB, 0x98, 0x0C, 0x10,
    0x62, 0x8B, 0x8D, 0x40, 0x65, 0xE0, 0x0C, 0x7C, 0xCC, 0x75, 0xA1, 0x87, 0x10, 0xA6, 0x0D, 0xE3,
    0x51, 0x7D, 0xB7, 0xAA, 0xDF, 0xAC, 0x7B, 0x28, 0xFE, 0x6D, 0x0A, 0x63, 0xC2, 0x0E, 0xA6, 0x2A,
    0xD3, 0x7A, 0xD4, 0xA7, 0x5D, 0x69, 0xB5, 0xE2, 0xA0, 0x62, 0x5E, 0x87, 0x87, 0xE2, 0x38, 0x3D,
    0x4F, 0xB1, 0x8C, 0xC3, 0xD7, 0xA4, 0x6A, 0xA4, 0x4D, 0xDC, 0x84, 0x0D, 0xE7, 0x61, 0xE3, 0x71,
    0xB0, 0x9D, 0x69, 0x97, 0xA5, 0x21, 0xF6, 0xD9, 0x11, 0xBC, 0x77, 0xFB, 0xDD, 0x98, 0x78, 0x36,
    0x9B, 0x52, 0x5F, 0x74, 0x6C, 0xC7, 0xE5, 0x03, 0xDB, 0x71, 0xBB, 0xB1, 0xE8, 0xB2, 0x31, 0x9B,
    0xCA, 0x6E, 0x67, 0x9F, 0x30, 0x35, 0x91, 0x67, 0x93, 0x90, 0x72, 0xE6, 0x55, 0xEB, 0x68, 0x3E,
    0xD7, 0xAA, 0x32, 0x2E, 0x0C, 0x0F, 0xE5, 0x4C, 0x64, 0x85, 0x8F, 0x14, 0x1E, 0x02, 0x1A, 0x19,
    0x87, 0xA3, 0x3E, 0xA7, 0xE3, 0xC6, 0x64, 0x31, 0xEB, 0xA9, 0xB0, 0x28, 0x39, 0x99, 0x10, 0x75,
    0xD9, 0x74, 0x69, 0x42, 0x54, 0x61, 0xF4, 0x64, 0x42, 0xD4, 0x3D, 0xC7, 0x84, 0xE8, 0x56, 0xC4,
    0x7E, 0x9A, 0x7E, 0x06, 0xE8, 0x89, 0xE3, 0x48, 0xA9, 0xCF, 0x06, 0xC9, 0x01, 0x56, 0x03, 0xBC,
    0x73, 0x73, 0x72, 0x1C, 0x53, 0xB1, 0xAD, 0xDE, 0x77, 0x20, 0x07, 0xDC, 0x1D, 0x3C, 0xD4, 0x24,
    0x26, 0x74, 0xB4, 0x8F, 0x23, 0xDB, 0x2F, 0xA2, 0xD5, 0xC6, 0xD8, 0x80, 0xB7, 0xAF, 0x6F, 0x65,
    0x87, 0xB2, 0x97, 0x66, 0x86, 0x5F, 0x77, 0x20, 0xAA, 0xFE, 0xA6, 0xBB, 0x55, 0x90, 0xF4, 0x80,
    0x07, 0xBC, 0x0F, 0x3D, 0x18, 0x01, 0xD1, 0xCF, 0xB3, 0xC1, 0x07, 0xE0, 0x3A, 0x43, 0xD9, 0x1B,
    0x8A, 0xD1, 0x90, 0x79, 0x43, 0x32, 0x1B, 0xD4, 0x02, 0xD7, 0x19, 0xCA, 0xDE, 0x90, 0x8F, 0x86,
    0xEC, 0x60, 0xD0, 0x0C, 0xDA, 0x07, 0x06, 0xC7, 0x59, 0x01, 0x72, 0x90, 0x01, 0x71, 0x1C, 0x91,
    0x1A, 0x5E, 0xF5, 0xD6, 0x69, 0x7B, 0x50, 0xB3, 0x37, 0x4F, 0xBB, 0xBD, 0xAF, 0xEE, 0x16, 0xA1,
    0x3F, 0x6B, 0xC2, 0xC1, 0x2D, 0x6F, 0xF4, 0xAE, 0xD7, 0xC2, 0xB6, 0x30, 0x43, 0xCD, 0x8B, 0x3D,
    0x74, 0xF5, 0x68, 0xA4, 0xCF, 0x62, 0xC2, 0x87, 0x8B, 0x83, 0xF2, 0xB0, 0x08, 0xD3, 0x61, 0xE5,
    0x49, 0x8A, 0x9F, 0x36, 0xAC, 0xAE, 0xD2, 0xC0, 0x1E, 0x70, 0x6E, 0x71, 0x2E, 0x2C, 0x5A, 0x99,
    0x28, 0x76, 0xB2, 0xC3, 0xD5, 0x74, 0xA9, 0x96, 0xE2, 0x43, 0xA0, 0xC8, 0x48, 0x91, 0xDD, 0x38,
    0x3F, 0x82, 0xCB, 0xC6, 0x7C, 0x8C, 0xA5, 0x1C, 0xEC, 0x62, 0x6D, 0x25, 0x8F, 0xA1, 0xBA, 0x38,
    0x28, 0x65, 0x39, 0xFC, 0x77, 0x0D, 0x62, 0x86, 0x30, 0x6C, 0xBE, 0x7D, 0x50, 0x6D, 0x68, 0x51,
    0x2B, 0x6C, 0x20, 0xA1, 0x19, 0x23, 0xFB, 0x5E, 0x09, 0xEB, 0xF5, 0xDD, 0xF2, 0xC6, 0x19, 0x2F,
    0xDB, 0x38, 0x43, 0xA3, 0xC7, 0x75, 0x0E, 0x2B, 0xA0, 0xBF, 0x06, 0x16, 0x86, 0x81, 0x8B, 0xD9,
    0x9F, 0x6F, 0xB4, 0x9B, 0x77, 0x0B, 0x55, 0xB1, 0xF7, 0x4D, 0x07, 0x49, 0xE2, 0xD6, 0x71, 0xAA,
    0xBD, 0xB1, 0xFC, 0xA2, 0x01, 0x55, 0xB8, 0x91, 0x12, 0xDF, 0x10, 0xCF, 0xEF, 0x1F, 0x9E, 0x7F,
    0x67, 0x25, 0x09, 0xF5, 0xF1, 0xFB, 0xA5, 0xB2, 0xCF, 0x69, 0xF1, 0xB1, 0x18, 0xD0, 0xA1, 0xEC,
    0xD0, 0xA4, 0x82, 0xA3, 0xDB, 0x43, 0x54, 0xCD, 0x21, 0xFA, 0xC0, 0x9E, 0xFC, 0x2A, 0xAA, 0xB4,
    0xAF, 0xFA, 0x75, 0xEB, 0xC0, 0x9B, 0xA7, 0x3C, 0x69, 0xD2, 0x40, 0x1B, 0xD1, 0x52, 0xB8, 0x13,
    0x86, 0xCD, 0xD9, 0xE2, 0xBB, 0x59, 0x07, 0x73, 0x3F, 0x79, 0x26, 0xA5, 0x83, 0x7F, 0xF4, 0xBE,
    0xDD, 0xFA, 0x25, 0x53, 0x1B, 0x9F, 0x6B, 0x8D, 0x0C, 0x33, 0xF0, 0x97, 0x71, 0x41, 0x9E, 0x57,
    0x8B, 0x6D, 0xB7, 0x2F, 0x46, 0xF6, 0xED, 0x3A, 0x33, 0x89, 0x61, 0xC2, 0x15, 0x3B, 0x19, 0x3C,
    0x26, 0x09, 0xFF, 0xBD, 0x9C, 0x08, 0x05, 0x02, 0xAD, 0xD8, 0xF4, 0x71, 0x1F, 0x8F, 0xD9, 0x78,
    0x4B, 0xCB, 0x21, 0x85, 0x5B, 0x1F, 0xD6, 0xD5, 0xFA, 0xC0, 0xA6, 0x13, 0xD0, 0x70, 0xDB, 0x22,
    0x86, 0x1A, 0x68, 0xC7, 0xF5, 0xA4, 0x46, 0xE0, 0x78, 0xC2, 0x61, 0x88, 0x07, 0xFF, 0x6D, 0x5B,
    0x8A, 0x48, 0x24, 0x8A, 0xD3, 0x63, 0x85, 0xD8, 0x6C, 0xB3, 0x70, 0xC2, 0x08, 0x27, 0xAC, 0x07,
    0x52, 0xEC, 0x47, 0x0F, 0x39, 0x41, 0x91, 0xEF, 0xC2, 0x53, 0x4E, 0x2C, 0x26, 0xEA, 0x08, 0x83,
    0x0B, 0x07, 0x21, 0x50, 0xF8, 0x97, 0x19, 0x8D, 0x82, 0x15, 0x17, 0x32, 0xB1, 0xCA, 0x47, 0x29,
    0x9E, 0xEA, 0x0D, 0x16, 0xED, 0x1D, 0xBD, 0xD8, 0x85, 0xF0, 0xC7, 0xF7, 0xE6, 0xD5, 0xAF, 0x7E,
    0xB5, 0x7C, 0xF4, 0x06, 0xED, 0x78, 0x47, 0x3E, 0x6A, 0x67, 0x77, 0x20, 0x0C, 0xC9, 0xA4, 0xF2,
    0x99, 0xF6, 0xB7, 0x42, 0x7B, 0x60, 0xEF, 0x23, 0xA5, 0x25, 0x15, 0x06, 0x74, 0x24, 0xE9, 0xD2,
    0xBE, 0x6D, 0xD5, 0xC3, 0x45, 0xD7, 0xA5, 0x2A, 0x50, 0xA3, 0xA3, 0xCF, 0x42, 0xFA, 0x5C, 0x14,
    0x1A, 0xD7, 0xB6, 0x2F, 0xEE, 0x38, 0xF7, 0xD8, 0x4D, 0x3C, 0x1F, 0xA5, 0x3E, 0xDE, 0x69, 0x4C,
    0xA9, 0xE1, 0x28, 0x58, 0x9B, 0x39, 0xF4, 0xCF, 0xC7, 0x62, 0xA4, 0x15, 0x76, 0x30, 0xF6, 0x5B,
    0xEA, 0x20, 0xFA, 0x40, 0x4D, 0xE2, 0x55, 0xF3, 0xAF, 0x5B, 0x67, 0x2E, 0x3F, 0xC1, 0x33, 0x87,
    0x32, 0xEB, 0x86, 0xCA, 0x96, 0x26, 0x2B, 0x3B, 0x85, 0x2E, 0x79, 0x36, 0xD4, 0x19, 0xBB, 0x35,
    0x0B, 0xCD, 0xCF, 0xD5, 0xD8, 0xD9, 0x96, 0xD2, 0xC7, 0xE5, 0x34, 0xC1, 0xD4, 0xC7, 0xA6, 0x65,
    0x05, 0x44, 0x6C, 0x42, 0x56, 0x30, 0x6A, 0x56, 0xEE, 0x0D, 0x09, 0xD0, 0x0C, 0x96, 0x0D, 0xF3,
    0xFA, 0x01, 0xCF, 0xB0, 0xD7, 0xB4, 0x23, 0x25, 0xF6, 0x06, 0xCF, 0x47, 0x0B, 0x68, 0x00, 0x9A,
    0x60, 0x7A, 0xC6, 0x07, 0x2E, 0xDE, 0xEA, 0x0B, 0xC0, 0xD5, 0xA0, 0xD3, 0x9A, 0x70, 0x77, 0xC5,
    0xAE, 0x3F, 0xD9, 0x59, 0xBB, 0x13, 0x47, 0xA1, 0xBB, 0xF9, 0x7C, 0xD7, 0xF9, 0xB3, 0xF0, 0x4E,
    0x37, 0x51, 0x10, 0x81, 0xF4, 0xFC, 0x2F, 0x12, 0xD6, 0x38, 0x3F, 0x63, 0xA2, 0xAE, 0x89, 0x27,
    0x38, 0x79, 0x68, 0xA4, 0xE2, 0xF7, 0x7A, 0x2C, 0x06, 0x03, 0xEE, 0xDD, 0xBE, 0x86, 0xBF, 0xC8,
    0x26, 0x55, 0xEF, 0xE9, 0x54, 0x04, 0xE6, 0xE1, 0x57, 0x1B, 0xFD, 0xE9, 0x97, 0xDE, 0xE8, 0xA4,
    0x89, 0xE8, 0x41, 0x85, 0x0E, 0x17, 0xBA, 0x9C, 0xDA, 0x59, 0xDC, 0x36, 0x3D, 0xB1, 0x4F, 0x0A,
    0xF5, 0xCE, 0x13, 0xA7, 0x4F, 0x0D, 0x32, 0xAC, 0x5F, 0xB4, 0x04, 0x4A, 0xBA, 0xA5, 0xE6, 0xE2,
    0x03, 0xC5, 0x18, 0xFB, 0xD2, 0xB8, 0x55, 0xB0, 0xAD, 0x19, 0xB2, 0xB1, 0xE2, 0x8C, 0x5B, 0x7A,
    0x28, 0x27, 0x35, 0x5D, 0x8E, 0x28, 0x49, 0x08, 0x28, 0x10, 0xB6, 0x35, 0xBA, 0x8F, 0x51, 0x10,
    0xB8, 0xD3, 0x96, 0xCA, 0x45, 0x0C, 0x17, 0xD9, 0xF2, 0x9E, 0x29, 0x1F, 0x92, 0x83, 0xC5, 0x54,
    0xE7, 0x83, 0x18, 0xA0, 0x95, 0x84, 0x91, 0xB6, 0xE1, 0x84, 0x68, 0x47, 0x2C, 0xDD, 0xB3, 0xA3,
    0x51, 0x3E, 0xB8, 0x87, 0x6D, 0x57, 0x04, 0xDA, 0x6B, 0x7A, 0x11, 0xD1, 0x74, 0x44, 0x13, 0x1F,
    0xDD, 0x93, 0x88, 0x46, 0x27, 0xD1, 0xE4, 0xFF, 0x2B, 0x9A, 0xB1, 0x1C, 0xD7, 0x68, 0x52, 0xA2,
    0x51, 0x15, 0xBA, 0xF5, 0x1B, 0x29, 0x4F, 0xAD, 0x28, 0xAD, 0x33, 0x0E, 0x4F, 0x28, 0xD3, 0x4B,
    0x8B, 0xA7, 0xBD, 0x14, 0x4F, 0x82, 0x63, 0xCC, 0x8C, 0x03, 0x9A, 0x47, 0x6B, 0xD9, 0x7B, 0x3A,
    0xBA, 0x1D, 0xBE, 0xA7, 0x9E, 0x6E, 0x4D, 0x7D, 0x7C, 0x9E, 0xF8, 0xFF, 0xB7, 0x36, 0x8D, 0xDB,
    0x22, 0xBB, 0xA7, 0xA7, 0xB5, 0xE8, 0x69, 0xF7, 0x42, 0x05, 0x64, 0x10, 0x3A, 0x08, 0x21, 0x84,
    0x12, 0x42, 0x0A, 0xB4, 0x88, 0x62, 0x44, 0x35, 0xA2, 0x1C, 0xE8, 0x81, 0x59, 0xDD, 0x03, 0x34,
    0xB1, 0xD0, 0x44, 0x88, 0x12, 0x5B, 0xD9, 0x71, 0xDB, 0x6D, 0x38, 0xBC, 0xBC, 0xA5, 0xF6, 0xFE,
    0x79, 0xB7, 0x31, 0x28, 0x9A, 0x71, 0xA6, 0x6A, 0x5D, 0x37, 0x3C, 0xDE, 0x52, 0x27, 0x76, 0x48,
    0x97, 0xF6, 0x12, 0x8A, 0x30, 0x17, 0xC1, 0xDF, 0x69, 0xBF, 0x3E, 0xEE, 0x25, 0x6C, 0xFB, 0xA6,
    0xD9, 0xB4, 0xEE, 0x41, 0x8C, 0x04, 0xC4, 0xEB, 0x21, 0x4D, 0x97, 0x06, 0xDA, 0x95, 0x9A, 0x1E,
    0xD0, 0xDA, 0x67, 0x1E, 0xE5, 0xE3, 0x34, 0x26, 0x99, 0xB1, 0xD9, 0x8E, 0xA7, 0x3F, 0x32, 0xF9,
    0xBF, 0x8E, 0x3E, 0xA6, 0x8C, 0x8E, 0x36, 0xC4, 0xE2, 0x05, 0x6D, 0x2E, 0xB9, 0xBB, 0x8C, 0x2F,
    0x22, 0x4E, 0x79, 0xBC, 0x9A, 0xEC, 0x18, 0xD9, 0xE1, 0xBC, 0x66, 0x2F, 0xE2, 0xDA, 0xA1, 0x2A,
    0x1E, 0xFF, 0x28, 0x95, 0x74, 0x57, 0x7F, 0xFC, 0x51, 0x84, 0x29, 0x88, 0x83, 0xF0, 0x6A, 0x5A,
    0x88, 0x4E, 0x33, 0x35, 0x63, 0x97, 0x15, 0x15, 0x01, 0x5E, 0xFA, 0x09, 0x4D, 0x4F, 0xF4, 0xAC,
    0xA8, 0xB0, 0x44, 0xFC, 0xCC, 0xB3, 0x08, 0xF3, 0xF8, 0xA3, 0x11, 0x96, 0x37, 0x44, 0x0A, 0x17,
    0xA4, 0x90, 0x87, 0x89, 0x27, 0x27, 0x3B, 0x58, 0x4D, 0xF4, 0xC2, 0xE2, 0x20, 0x17, 0xBF, 0x1E,
    0xE9, 0xE8, 0xC3, 0x0B, 0xD2, 0x31, 0xB9, 0x21, 0xCB, 0x2C, 0x5F, 0xF3, 0x93, 0x4E, 0xAF, 0xBC,
    0x4F, 0xBC, 0x99, 0x30, 0x09, 0xF0, 0x20, 0xA2, 0xDC, 0x1B, 0x5C, 0x6D, 0x32, 0x38, 0xFB, 0x3C,
    0xBA, 0xD0, 0x80, 0x0B, 0x30, 0x9B, 0x4D, 0x0C, 0xF3, 0x9C, 0x28, 0xFA, 0xC2, 0xB0, 0x30, 0x05,
    0x0F, 0x4F, 0x31, 0xB1, 0xFA, 0x2E, 0xC3, 0xA8, 0xEF, 0x60, 0x08, 0x67, 0xD1, 0x10, 0xC7, 0x8D,
    0x8E, 0x3B, 0xE7, 0xD4, 0xAC, 0x69, 0x6E, 0xC8, 0x5E, 0x49, 0x20, 0xF1, 0xB8, 0x80, 0x06, 0x69,
    0x5D, 0xC7, 0xE4, 0x7E, 0x79, 0x0D, 0x4F, 0xA2, 0x30, 0xE3, 0xCB, 0x10, 0xE7, 0xF5, 0x59, 0x97,
    0xF4, 0x99, 0xFD, 0x25, 0xC8, 0x84, 0x26, 0xE5, 0x41, 0x6B, 0xE2, 0xCB, 0xEB, 0xE6, 0x85, 0x1D,
    0x4D, 0x3C, 0xD4, 0xDA, 0x11, 0x9C, 0x19, 0x71, 0x7F, 0x5B, 0x86, 0x22, 0x04, 0x97, 0x05, 0xEF,
    0x58, 0xB8, 0xAC, 0xA3, 0x16, 0xF3, 0x4A, 0xA9, 0xF8, 0xFE, 0x0E, 0x66, 0x30, 0x9E, 0x93, 0xCF,
    0x35, 0xB7, 0xA4, 0x8F, 0xA8, 0xEA, 0xD7, 0x29, 0xFD, 0xF4, 0x80, 0xDD, 0x6A, 0xC6, 0x72, 0xCE,
    0xB8, 0xA5, 0xB1, 0x7A, 0xE3, 0xFD, 0x06, 0x79, 0xF0, 0xC1, 0x15, 0x70, 0x76, 0xF5, 0xFA, 0x2B,
    0xB0, 0xC7, 0xBE, 0xF3, 0xC9, 0x5B, 0x77, 0x4F, 0xD1, 0x8F, 0x30, 0xF1, 0x4B, 0x06, 0xF7, 0x55,
    0x71, 0xBD, 0xA5, 0xE4, 0xC9, 0x6F, 0xB8, 0x71, 0x95, 0xE2, 0xD7, 0x97, 0x71, 0xB2, 0x8D, 0x49,
    0x96, 0x27, 0x8C, 0xA4, 0x2D, 0x43, 0xE9, 0xB5, 0xCA, 0xA0, 0x09, 0x3C, 0xD1, 0x04, 0x56, 0x5D,
    0x54, 0x26, 0x87, 0x82, 0x8D, 0xC8, 0x59, 0xA8, 0x29, 0x8D, 0x4B, 0xFF, 0x38, 0x03, 0xE7, 0x82,
    0x40, 0x7F, 0xDD, 0x71, 0x2B, 0xD1, 0x3B, 0x60, 0xD6, 0xC3, 0x5D, 0x54, 0x23, 0xC0, 0x64, 0x79,
    0x64, 0xD8, 0xD5, 0xA3, 0xC2, 0x3E, 0x07, 0xFE, 0x34, 0xEC, 0xC3, 0x49, 0xD8, 0x3F, 0x6C, 0x20,
    0xD6, 0x47, 0xFC, 0x1E, 0xB8, 0x84, 0x74, 0x53, 0x98, 0x3D, 0xE3, 0x25, 0x82, 0x6D, 0x74, 0x6D,
    0x42, 0xA7, 0x60, 0xAF, 0x96, 0x39, 0xB3, 0xE6, 0x06, 0xC7, 0x53, 0xCF, 0x9B, 0x09, 0x67, 0xFE,
    0x04, 0xD3, 0x81, 0x37, 0x96, 0xE0, 0xAA, 0xE8, 0x23, 0x4E, 0xCE, 0xB1, 0xA9, 0xA0, 0xF3, 0x4A,
    0x76, 0x22, 0x5F, 0x69, 0x91, 0x4B, 0x0F, 0x55, 0xED, 0xE5, 0xB2, 0xB1, 0xFA, 0xDC, 0x83, 0x5C,
    0x3E, 0x94, 0x9F, 0x37, 0xB2, 0xDD, 0x5D, 0x7E, 0x99, 0xBD, 0x95, 0xFB, 0xF2, 0xAB, 0x3A, 0x4A,
    0x95, 0x3F, 0x69, 0x6F, 0xF7, 0x55, 0x30, 0x35, 0xF7, 0x54, 0x2A, 0xDE, 0x98, 0x9C, 0x9B, 0x28,
    0x3E, 0xBE, 0x4D, 0x84, 0xA1, 0xE2, 0xF2, 0xAA, 0xCF, 0xC3, 0xA5, 0x21, 0x63, 0xA2, 0x5F, 0x5E,
    0x49, 0x5E, 0xA8, 0xE9, 0xE9, 0xD4, 0xFD, 0xB9, 0xDA, 0x7D, 0xD1, 0x9D, 0x2B, 0x74, 0x55, 0x7D,
    0x9E, 0x3C, 0xDB, 0x39, 0xDD, 0xCB, 0xFE, 0xB4, 0xBB, 0xD0, 0xFD, 0xDD, 0xAF, 0x75, 0x5E, 0xF7,
    0x8B, 0xEF, 0xFF, 0x85, 0x83, 0xCE, 0x8A, 0xDD, 0x2F, 0x8D, 0x3A, 0x3B, 0xDB, 0xFD, 0x9A, 0xA9,
    0xFF, 0xD9, 0xD9, 0xEF, 0x75, 0x72, 0x0F, 0xB2, 0xBF, 0xDC, 0x9B, 0x7D, 0x0B, 0x1B, 0x2E, 0xC6,
    0x3E, 0xF3, 0xB8, 0x92, 0x1D, 0x8C, 0x35, 0xDD, 0x03, 0x15, 0x61, 0xC3, 0x79, 0x3A, 0xFB, 0x75,
    0xF7, 0xE6, 0x6A, 0xA2, 0x1D, 0x82, 0x58, 0x7A, 0xD3, 0x7A, 0x16, 0x0C, 0xAF, 0xAA, 0x27, 0x9E,
    0x66, 0x4F, 0x67, 0x0A, 0x74, 0x51, 0xEA, 0x97, 0x27, 0x52, 0x2D, 0x15, 0x35, 0x37, 0x4D, 0x4D,
    0xE1, 0x65, 0x0B, 0x9A, 0x62, 0xD7, 0xFE, 0x50, 0xC9, 0x45, 0xD6, 0x82, 0xE0, 0x9A, 0xDF, 0x44,
    0x61, 0x2D, 0xD6, 0x83, 0x76, 0xD7, 0x4A, 0xE7, 0xE3, 0x6D, 0x91, 0x0F, 0xB1, 0xD3, 0x5D, 0x98,
    0x8C, 0xEB, 0xCF, 0x96, 0xCE, 0x01, 0x02, 0x64, 0x13, 0xE0, 0xEE, 0xB0, 0x36, 0x54, 0xF9, 0x55,
    0x7B, 0xD1, 0x7E, 0x86, 0x05, 0x78, 0x30, 0x81, 0xD3, 0x29, 0x0A, 0x4E, 0x7D, 0xC2, 0xC2, 0x89,
    0xC7, 0xB9, 0x78, 0x4B, 0x0C, 0x67, 0xDB, 0xB6, 0xD7, 0x6E, 0xC4, 0xE1, 0x64, 0xFF, 0x71, 0xB7,
    0x50, 0x38, 0x2E, 0x06, 0x0A, 0x00, 0x63, 0xB1, 0xA6, 0xAB, 0xA9, 0x58, 0xF7, 0x77, 0x8C, 0x15,
    0x5C, 0x4D, 0x9C, 0x96, 0x7D, 0x05, 0xB3, 0xCD, 0xC8, 0x74, 0x89, 0x31, 0xCA, 0x2D, 0x98, 0x79,
    0x9D, 0x35, 0x3E, 0xB6, 0xD7, 0x96, 0x8E, 0x5B, 0x06, 0x7B, 0xBD, 0xFD, 0xED, 0x61, 0x7D, 0xC6,
    0xEE, 0x26, 0xE2, 0x24, 0xAC, 0x66, 0xCF, 0x40, 0x45, 0xD6, 0x61, 0x35, 0x84, 0x79, 0xAC, 0x63,
    0x7C, 0xCD, 0xFA, 0xE7, 0xB7, 0x3F, 0x29, 0x87, 0xC9, 0x06, 0x50, 0xB8, 0x3E, 0x7A, 0x5A, 0x41,
    0xBD, 0xEA, 0x36, 0xEA, 0x93, 0xD6, 0x5B, 0xCF, 0x1C, 0xB6, 0xDF, 0x3D, 0xEA, 0xE6, 0xF5, 0x89,
    0xBB, 0x98, 0x69, 0x1C, 0x7F, 0x63, 0xE8, 0x55, 0x7D, 0xFB, 0xF4, 0xC9, 0x46, 0xDA, 0xCE, 0x2F,
    0x04, 0x3A, 0x11, 0x72, 0x77, 0xD3, 0xD2, 0xFC, 0x0F, 0x3D, 0xCF, 0x01, 0xC6, 0xDC, 0x40, 0x18,
    0x06, 0xE0, 0x27, 0x9B, 0xFE, 0x5D, 0x04, 0x81, 0x02, 0x45, 0x8E, 0x90, 0x0B, 0x94, 0xC9, 0x11,
    0x8A, 0x5E, 0xA7, 0x76, 0x6F, 0xD4, 0x0B, 0xB4, 0x92, 0x23, 0xEC, 0x11, 0x72, 0x84, 0xC1, 0x20,
    0x7E, 0x93, 0xFD, 0x6A, 0x58, 0xCB, 0x9B, 0xC7, 0x8B, 0xF0, 0xCD, 0xCB, 0x7A, 0x32, 0x44, 0x3C,
    0xA4, 0x88, 0x22, 0x96, 0x6B, 0x55, 0xA9, 0x97, 0x8A, 0x86, 0xEE, 0x84, 0x78, 0x20, 0x3D, 0x17,
    0x86, 0x38, 0xB0, 0xC6, 0xC2, 0x25, 0x36, 0xCC, 0x19, 0xD7, 0x46, 0x9F, 0xE7, 0xD6, 0xD2, 0x66,
    0xDC, 0xA7, 0xE2, 0xB6, 0x0D, 0x11, 0xB1, 0x74, 0x11, 0x95, 0x29, 0xEE, 0x00, 0x3F, 0xD1, 0x65,
    0x38, 0xDE, 0x14, 0x7C, 0xDF, 0x91, 0x16, 0x80, 0xE9, 0x49, 0xC4, 0xDE, 0x3F, 0xFF, 0x94, 0x61,
    0xEF, 0x8E, 0x71, 0xB3, 0x0C, 0x3B, 0xD7, 0x93, 0x2E, 0x32, 0x29, 0x5A, 0xD9, 0x18, 0x73, 0x3B,
    0xFD, 0x5B, 0x9F, 0x6F, 0x86, 0x3D, 0x7D, 0xAE, 0xDB, 0x18, 0xC1, 0x5A, 0x80, 0x2F, 0x48, 0x18,
    0x5F, 0xDF, 0xCC, 0xD7, 0xFA, 0x7A, 0x31, 0x6D, 0x77, 0xD4, 0x37, 0x07, 0x15, 0xDD, 0x7B, 0x7E,
    0x7F, 0x34, 0x4A, 0xE3, 0xBD, 0x73, 0x68, 0x8C, 0x8F, 0xC6, 0x86, 0xA9, 0x31, 0x37, 0xD2, 0xBD,
    0xB1, 0x34, 0xE0, 0x06, 0x2B, 0x3C, 0xE1, 0x04, 0x00, 0x0A, 0xFC, 0x85, 0x1F, 0xAF, 0xA6, 0x2B,
    0x48, 0x0F, 0x7C, 0x00, 0xED, 0x82, 0xE9, 0x6E, 0x5E, 0x24, 0x63, 0x9C, 0x63, 0xD4, 0x8F, 0xF5,
    0x97, 0x7F, 0xD4, 0x57, 0xBA, 0x43, 0x5F, 0xF4, 0xB9, 0xE5, 0x9A, 0x0D, 0xBB, 0x96, 0x4F, 0xD7,
    0x58, 0x2E, 0x01, 0xB8, 0x64, 0x5D, 0xA6, 0xD0, 0xFE, 0x71, 0xDB, 0x7C, 0xE3, 0x3F, 0x05, 0xC1,
    0x01, 0x66, 0x04, 0x31, 0x14, 0x80, 0xE1, 0x7F, 0x13, 0x6B, 0x30, 0x78, 0x0B, 0x05, 0x30, 0xC5,
    0x62, 0x40, 0x7B, 0x82, 0xEE, 0xEB, 0x11, 0x16, 0x0A, 0xA0, 0xF7, 0xA8, 0x59, 0x9B, 0x23, 0xEC,
    0x81, 0x86, 0x86, 0x5E, 0x60, 0x6E, 0xD0, 0x1C, 0xE1, 0x21, 0x34, 0x48, 0x26, 0xFD, 0xBE, 0x13,
    0x95, 0x86, 0x22, 0x81, 0x33, 0xD5, 0x67, 0xD9, 0x14, 0xF4, 0xFD, 0xD0, 0xE3, 0xF8, 0x67, 0x1A,
    0x2A, 0x57, 0x18, 0x9A, 0x30, 0xF5, 0x9D, 0xCB, 0x54, 0x98, 0x01, 0xED, 0x59, 0xBB, 0x3D, 0x7D,
    0x5C, 0x57, 0x6F, 0xF7, 0xCF, 0xED, 0xB5, 0x87, 0xA1, 0xB1, 0xF4, 0x7D, 0x5E, 0x86, 0xD8, 0xC5,
    0x76, 0x49, 0xB3, 0x0B, 0x63, 0xD2, 0xBA, 0xDE, 0xF2, 0xCB, 0xFA, 0xA6, 0x55, 0x8C, 0xE7, 0x23,
    0x55, 0x7D, 0x6E, 0xF2, 0x93, 0x55, 0xE2, 0xDD, 0x97, 0xE9, 0x77, 0x1B, 0x3B, 0xAE, 0x00, 0xA3,
    0xE9, 0x63, 0xA5, 0x50, 0xB9, 0x71, 0xC2, 0x6D, 0xCE, 0xB0, 0x83, 0xF9, 0xF4, 0x1D, 0xCF, 0x80,
    0x8B, 0x43, 0x90, 0x7C, 0xAC, 0x2C, 0x5F, 0x45, 0x13, 0x0F, 0x49, 0xCA, 0x05, 0xB5, 0x29, 0xFD,
    0x03, 0x6D, 0xCC, 0x01, 0x66, 0xC6, 0x40, 0x10, 0x86, 0xE1, 0xB7, 0xFF, 0xA2, 0xB4, 0xC8, 0x11,
    0x02, 0x40, 0x61, 0x8F, 0x30, 0xB9, 0x41, 0x6E, 0xD4, 0xCD, 0xA1, 0x0A, 0x90, 0x64, 0x8F, 0xB0,
    0x47, 0xC8, 0x11, 0x16, 0x41, 0x31, 0xB6, 0x9D, 0x4F, 0xA1, 0xF8, 0x3F, 0xE3, 0x81, 0x97, 0xE1,
    0xD1, 0x00, 0xD2, 0x2D, 0x5F, 0x5C, 0x62, 0x3C, 0x9B, 0x55, 0xF8, 0x21, 0x57, 0x92, 0x33, 0x35,
    0xA6, 0xAE, 0xCB, 0x8D, 0xD7, 0x4E, 0xD9, 0x48, 0xDF, 0x11, 0x79, 0x78, 0x44, 0xF0, 0x28, 0x30,
    0x22, 0x42, 0x29, 0x4B, 0x68, 0x23, 0x20, 0xBB, 0x8C, 0x28, 0x1B, 0xB2, 0xCA, 0x59, 0x62, 0x7F,
    0x2E, 0x48, 0x41, 0x11, 0x9C, 0x82, 0x21, 0xE0, 0x4B, 0xB8, 0x38, 0x44, 0x16, 0x6F, 0x0B, 0xFF,
    0xE6, 0xA4, 0x1E, 0xBC, 0x5F, 0xEC, 0x7A, 0x7F, 0x90, 0x37, 0x3E, 0x31, 0x30, 0x76, 0xE1, 0x41,
    0xBA, 0x45, 0x87, 0xBC, 0x56, 0x98, 0xD7, 0x0D, 0xA6, 0x93, 0x60, 0x08, 0x17, 0xB7, 0xE8, 0xA2,
    0x89, 0x1A, 0x18, 0xF0, 0x31, 0x02, 0xF3, 0xA0, 0x5C, 0xC1, 0x2F, 0xFA, 0x80, 0x03, 0x28, 0x70,
    0x58, 0xE8, 0x00, 0x0A, 0x21, 0x43, 0x18, 0xAB, 0x81, 0x20, 0x0C, 0xFF, 0xED, 0xDE, 0xA5, 0xA2,
    0x62, 0xCE, 0x20, 0x30, 0xD4, 0x0B, 0xAE, 0x3E, 0x79, 0xC7, 0x2C, 0x5E, 0x80, 0x39, 0x8F, 0xC6,
    0x62, 0xDF, 0xD1, 0xC5, 0x0B, 0xBC, 0x77, 0x68, 0xE4, 0x41, 0x07, 0xD0, 0x84, 0x4D, 0xF0, 0xC9,
    0x4B, 0xF0, 0x61, 0x12, 0x2A, 0x5E, 0x72, 0xFB, 0x3A, 0x74, 0xD2, 0xBC, 0x83, 0xCB, 0x89, 0x9B,
    0xDD, 0xFD, 0xF2, 0x77, 0x26, 0xD3, 0xF9, 0x33, 0xA4, 0x41, 0x48, 0xB9, 0xBC, 0xF9, 0x1E, 0xE4,
    0xA1, 0x03, 0x81, 0x62, 0x63, 0xA6, 0x17, 0xFA, 0x51, 0xB3, 0xE2, 0xA1, 0x03, 0x04, 0x10, 0x36,
    0xB0, 0x79, 0x4B, 0x4F, 0xA8, 0x21, 0x3C, 0x7C, 0x70, 0x79, 0x09, 0x33, 0x59, 0xEE, 0x23, 0x17,
    0x69, 0xB9, 0xAF, 0x3F, 0x80, 0xCD, 0x74, 0x58, 0xDE, 0xB8, 0x3C, 0x36, 0x8F, 0x34, 0x38, 0x4D,
    0xC6, 0xF5, 0xAB, 0xCE, 0x41, 0x28, 0x76, 0x60, 0x8C, 0x69, 0x14, 0x8E, 0x27, 0x20, 0xE9, 0x77,
    0xBD, 0x76, 0xB9, 0x15, 0xC2, 0x39, 0x36, 0x38, 0x43, 0xE5, 0x39, 0xED, 0x95, 0xA4, 0x4D, 0x84,
    0x0B, 0x6C, 0x01, 0xD4, 0x79, 0x13, 0x64, 0xA2, 0xE7, 0xDA, 0x05, 0xE1, 0x36, 0x8F, 0xEF, 0x75,
    0xFC, 0xA1, 0xFC, 0x42, 0x4F, 0xAA, 0x48, 0x5F, 0xA6, 0xFE, 0x57, 0xE9, 0xFF, 0x94, 0xEE, 0x67,
    0x69, 0x45, 0xA9, 0xDE, 0x9D, 0x07, 0xD9, 0x50, 0x3C, 0x3B, 0x45, 0x05, 0xD0, 0xB7, 0xFD, 0x52,
    0x5A, 0x2E, 0x7D, 0xDD, 0xB7, 0x49, 0x29, 0xE4, 0x8B, 0x46, 0xB6, 0x04, 0x78, 0x7C, 0x72, 0x94,
    0x23, 0xAA, 0xBD, 0x0F, 0x9A, 0x00, 0x77, 0x1E, 0xDD, 0x37, 0x1C, 0x40, 0xB3, 0x03, 0xD0, 0x0A,
    0x00, 0xBA, 0x8B, 0x2E, 0x02, 0xE8, 0x01, 0x80, 0x6F, 0xF1, 0xCC, 0x71, 0xE5, 0x28, 0x77, 0x81,
    0x36, 0xDF, 0x6D, 0x4E, 0xDE, 0x1C, 0x11, 0xCC, 0x6C, 0x6A, 0x16, 0xA8, 0x43, 0x81, 0xB7, 0x00,
    0x70, 0x7D, 0xEF, 0x0F, 0xBD, 0xEF, 0x8F, 0x8F, 0x88, 0x08, 0x0A, 0x20, 0xB8, 0xB5, 0x26, 0xDF,
    0xB7, 0x66, 0xA9, 0x35, 0xED, 0xAC, 0xB0, 0xCD, 0x6C, 0x76, 0xBC, 0xF3, 0x92, 0x69, 0x6D, 0xAA,
    0x4C, 0x00, 0x9C, 0xE2, 0x64, 0x39, 0x2C, 0x1C, 0x87, 0x85, 0xA3, 0x58, 0x62, 0x19, 0xC4, 0x62,
    0x97, 0x18, 0x8C, 0xCA, 0x12, 0xD0, 0x09, 0x00, 0x90, 0x4D, 0xC0, 0x00, 0x0F, 0xBE, 0x29, 0xAB,
    0x23, 0x4F, 0x8C, 0xAB, 0x07, 0x4F, 0x30, 0x28, 0x63, 0x95, 0x1D, 0x38, 0xDE, 0xCA, 0x03, 0xE0,
    0x71, 0x00, 0x87, 0xFD, 0x2A, 0xF9, 0xDD, 0x81, 0x76, 0xAB, 0xEC, 0x6C, 0xDF, 0xA7, 0x55, 0x36,
    0x96, 0x47, 0xBC, 0x02, 0x1E, 0x63, 0x79, 0x55, 0x21, 0x8B, 0xB5, 0xA9, 0xE7, 0x75, 0x30, 0x25,
    0x2B, 0x70, 0x2F, 0x73, 0x33, 0x71, 0x36, 0x1F, 0x5D, 0x4F, 0x28, 0xEC, 0xCB, 0x43, 0x09, 0x8A,
    0xEB, 0x2D, 0x28, 0x21, 0xE8, 0x22, 0xB7, 0xD7, 0x20, 0x01, 0xE5, 0x45, 0x96, 0x2B, 0x50, 0x04,
    0xC7, 0xAA, 0x54, 0x85, 0xC1, 0x70, 0x2F, 0xF6, 0x5B, 0xBB, 0x9B, 0x19, 0xEE, 0x85, 0x2D, 0xB7,
    0xB6, 0x87, 0x7B, 0x69, 0x66, 0xC0, 0xB2, 0x0F, 0x43, 0x27, 0xEE, 0xFE, 0x80, 0x30, 0x79, 0x85,
    0x93, 0xF7, 0xF5, 0x09, 0x24, 0x5E, 0x0C, 0x8A, 0xAA, 0x00, 0x05, 0xF5, 0xDE, 0x89, 0xCF, 0x00,
    0xC3, 0x5B, 0xD6, 0xB2, 0x37, 0x08, 0x0C, 0x75, 0x41, 0xAB, 0x9E, 0x1E, 0xB0, 0xC6, 0xEC, 0x08,
    0xC5, 0x49, 0xEA, 0xEC, 0xC5, 0x39, 0x3A, 0xFC, 0x87, 0x3E, 0xD9, 0x49, 0xD9, 0xC9, 0xD1, 0x79,
    0x70, 0xAC, 0x3B, 0x5B, 0xD7, 0xC5, 0xE2, 0x34, 0x47, 0x5D, 0x9C, 0xAD, 0x3A, 0x3B, 0x71, 0x0E,
    0xF8, 0xD7, 0x33, 0xFD, 0xD7, 0x93, 0xE0, 0xC4, 0x98, 0x2C, 0x8D, 0xF1, 0x29, 0x8E, 0xC1, 0xE0,
    0xC8, 0xA9, 0x13, 0x92, 0x56, 0xC2, 0x2E, 0x28, 0x5E, 0xFE, 0x05, 0xD2, 0x5A, 0xB5, 0x92, 0x81,
    0x69, 0x01, 0xA0, 0xD1, 0x39, 0xC0, 0x8C, 0x18, 0x0C, 0xA2, 0x00, 0xFC, 0x25, 0x29, 0x01, 0x04,
    0xA0, 0x40, 0x00, 0x28, 0xEC, 0x05, 0x5A, 0xC9, 0xC1, 0x4A, 0x0E, 0x54, 0xEC, 0x11, 0x36, 0x47,
    0xC8, 0x11, 0x72, 0x84, 0x20, 0x58, 0xB5, 0xC9, 0xF4, 0x9F, 0xB2, 0x14, 0x50, 0xF8, 0xF0, 0xCC,
    0xF3, 0x66, 0x8A, 0x58, 0x9A, 0xAD, 0xB8, 0x17, 0xD5, 0x8F, 0xD4, 0x67, 0xEA, 0xBD, 0x58, 0x2F,
    0x1F, 0xC5, 0x66, 0xFD, 0x97, 0x6D, 0xFA, 0xF2, 0xAB, 0x6E, 0x4D, 0x2F, 0xF3, 0xD4, 0x7C, 0x7F,
    0x45, 0x31, 0x22, 0xA4, 0x3B, 0xAA, 0xD8, 0xD0, 0x47, 0xA0, 0xE4, 0xB3, 0xFA, 0xD4, 0xAF, 0xDA,
    0x4D, 0xB3, 0xE9, 0x66, 0xD5, 0xE2, 0x32, 0xC2, 0x00, 0x5D, 0x56, 0xF3, 0xFA, 0xC0, 0x83, 0xA7,
    0x97, 0x6C, 0x9A, 0x22, 0x46, 0xAA, 0x3F, 0xB9, 0x83, 0x57, 0x6E, 0x0C, 0x0C, 0x73, 0x7D, 0xCA,
    0xF2, 0x9D, 0x36, 0x62, 0xC1, 0xED, 0x20, 0xDF, 0x59, 0x93, 0xA5, 0xBE, 0x9E, 0x30, 0x8D, 0xE8,
    0x67, 0x72, 0x3F, 0x17, 0xC7, 0xE4, 0x99, 0x4D, 0xBC, 0x5D, 0x0F, 0x86, 0xD8, 0x99, 0x72, 0x70,
    0x58, 0xD0, 0xED, 0x68, 0x1E, 0x10, 0xE4, 0x18, 0xFA, 0x0D, 0xED, 0x1D, 0xD5, 0x01, 0xB7, 0xD1,
    0x0F, 0x85, 0xD2, 0x21, 0xAC, 0xD6, 0x30, 0x14, 0x05, 0xE0, 0xB3, 0x35, 0xB0, 0x84, 0x89, 0x7A,
    0xCC, 0x2C, 0x6E, 0xDE, 0xBC, 0x36, 0x78, 0xEF, 0x2D, 0x0A, 0x9F, 0x00, 0x1B, 0x1A, 0x83, 0xD7,
    0x78, 0x8D, 0xE0, 0x65, 0xF5, 0x86, 0x7A, 0xCC, 0x04, 0x9E, 0x8A, 0x8A, 0x11, 0xB6, 0x5D, 0xEE,
    0x69, 0xD6, 0xFC, 0x8F, 0xE4, 0x4F, 0xA8, 0xF8, 0xC4, 0x76, 0xEE, 0xBD, 0x6D, 0x53, 0xD8, 0x9F,
    0x00, 0xAC, 0xCC, 0x24, 0x41, 0xDD, 0x15, 0x08, 0x71, 0x33, 0x7A, 0xB1, 0x01, 0x8B, 0xFC, 0x08,
    0x46, 0x7E, 0xFD, 0x09, 0xFD, 0x06, 0x09, 0x36, 0xC2, 0x85, 0x31, 0x28, 0xCE, 0x63, 0x0C, 0x0E,
    0xCA, 0xC4, 0x30, 0x81, 0xB2, 0x40, 0x7F, 0x1C, 0x18, 0xA3, 0xD9, 0x60, 0xCF, 0x25, 0xC1, 0x08,
    0xDB, 0x4F, 0x1B, 0xA0, 0xFD, 0x44, 0x76, 0x58, 0x35, 0x17, 0x13, 0xB4, 0xBF, 0x49, 0x18, 0x66,
    0x3A, 0x7A, 0x74, 0x2B, 0x9C, 0xC6, 0x22, 0xB5, 0xE1, 0xF2, 0x7D, 0xF1, 0x1B, 0x18, 0xDB, 0xC1,
    0x98, 0xEA, 0xD0, 0x6C, 0xB4, 0xCD, 0xC0, 0x03, 0xAB, 0x35, 0x46, 0xF7, 0xCB, 0x6E, 0xA5, 0x7D,
    0x64, 0xCC, 0x06, 0x8D, 0x5D, 0xA3, 0x6C, 0x1D, 0xA5, 0x3A, 0xA0, 0x8B, 0xB4, 0xAF, 0xA3, 0x9E,
    0xEC, 0x70, 0x2B, 0x26, 0xF4, 0x09, 0xBA, 0x4C, 0xA6, 0xCD, 0x4E, 0x71, 0x12, 0x56, 0xD0, 0x40,
    0x2D, 0xBD, 0x13, 0x6D, 0x0E, 0xDA, 0x6D, 0x74, 0x58, 0xA9, 0x9B, 0xA9, 0x10, 0xB3, 0x53, 0x9B,
    0x6A, 0x9B, 0x7B, 0x9F, 0x45, 0x24, 0x3E, 0x31, 0x14, 0xD7, 0xC2, 0xA4, 0x04, 0xD4, 0xB2, 0x5A,
    0x77, 0x6D, 0x02, 0x63, 0xA4, 0x58, 0x3C, 0x6D, 0x4E, 0xCA, 0x7D, 0xDC, 0x5A, 0xC3, 0xFD, 0x5B,
    0x7C, 0xE7, 0xD7, 0x52, 0x6C, 0x0F, 0x8A, 0x3E, 0xE3, 0x76, 0x0A, 0x4C, 0xF3, 0xFF, 0x8A, 0x47,
    0xEF, 0xC2, 0x14, 0xDC, 0xFC, 0xEC, 0x76, 0x65, 0x8C, 0xB5, 0xC4, 0x64, 0xA5, 0x63, 0xDC, 0xAE,
    0x24, 0x30, 0x4F, 0x9C, 0x57, 0xA6, 0xBB, 0x05, 0x53, 0x32, 0x09, 0x92, 0xB4, 0x40, 0xB2, 0x16,
    0x34, 0xDB, 0x10, 0x34, 0xE0, 0x50, 0x79, 0x54, 0x1E, 0x99, 0x9D, 0x0A, 0x49, 0x71, 0x85, 0x48,
    0x82, 0xF2, 0xD2, 0xE3, 0x0D, 0x5A, 0x49, 0x9D, 0x44, 0x2B, 0xC7, 0x28, 0x79, 0x8C, 0x8B, 0xBC,
    0xD6, 0xEA, 0x61, 0x87, 0x6A, 0x13, 0x75, 0x59, 0xFD, 0x28, 0x67, 0x97, 0x07, 0xD9, 0x26, 0x49,
    0xBD, 0xC4, 0x41, 0x66, 0x2D, 0x6C, 0xBE, 0xD4, 0xFB, 0x34, 0xBC, 0x76, 0xFB, 0x9D, 0x7C, 0xF2,
    0x3C, 0x28, 0x07, 0xA0, 0xF2, 0x81, 0x1C, 0x64, 0xAF, 0x34, 0x9B, 0xD2, 0x66, 0xC5, 0xA4, 0x4A,
    0x47, 0xFA, 0xA8, 0xD8, 0x50, 0x19, 0xC8, 0x38, 0x3F, 0x6D, 0xF7, 0xEA, 0x41, 0x39, 0x77, 0x45,
    0xF2, 0xED, 0x6E, 0xB9, 0x96, 0xD8, 0x24, 0xA3, 0xFB, 0x4C, 0x7C, 0xB2, 0xD1, 0x86, 0x51, 0x7C,
    0xCF, 0x49, 0x65, 0x35, 0x5F, 0xF1, 0xC2, 0x5B, 0xFD, 0x3C, 0xF3, 0xA9, 0x60, 0xEA, 0xE4, 0xC0,
    0x3B, 0x8C, 0x19, 0x75, 0x75, 0x59, 0x19, 0xA2, 0x32, 0xF9, 0xF2, 0xDA, 0x0B, 0x83, 0x92, 0xAF,
    0x29, 0x4B, 0x7D, 0xBE, 0x66, 0xBB, 0xDE, 0xE1, 0xA2, 0x04, 0x21, 0xED, 0x7E, 0x9D, 0xA0, 0xB6,
    0xA8, 0x6D, 0xEB, 0xC3, 0x5F, 0x94, 0xB7, 0xB2, 0x61, 0x90, 0x13, 0x9D, 0x9C, 0x1E, 0x56, 0x34,
    0x63, 0x4F, 0x9E, 0x59, 0x7E, 0xAB, 0xA3, 0x64, 0xC6, 0x78, 0x93, 0x2D, 0x41, 0x4F, 0x00, 0x3E,
    0x6A, 0x48, 0x05, 0x65, 0x99, 0x4C, 0x24, 0x32, 0x2A, 0x9E, 0x1D, 0x0E, 0x4E, 0x96, 0xC4, 0xBC,
    0xF2, 0x5C, 0x12, 0xFF, 0x7C, 0x6E, 0x44, 0x56, 0x94, 0xC6, 0x8E, 0x23, 0x78, 0x73, 0xB8, 0xD7,
    0xF4, 0x2F,
};

static const EpdGlyph atkinson_hn_16_italicGlyphs[] = {
    { 0, 0, 0, 0, 0, 0, 0 }, // U+0000
    { 0, 0, 139, 0, 0, 0, 0 }, // U+000D
    { 0, 0, 149, 0, 0, 0, 0 }, // U+0020
    { 9, 22, 154, 1, 22, 50, 0 }, // !
    { 9, 8, 160, 3, 22, 18, 50 }, // "
    { 22, 22, 340, 0, 22, 121, 68 }, // #
    { 20, 28, 315, 0, 25, 140, 189 }, // $
    { 28, 22, 514, 3, 22, 154, 329 }, // %
    { 21, 22, 390, 1, 22, 116, 483 }, // &
    { 4, 8, 85, 3, 22, 8, 599 }, // '
    { 12, 29, 158, 1, 24, 87, 607 }, // (
    { 12, 29, 158, -3, 24, 87, 694 }, // )
    { 12, 11, 259, 4, 22, 33, 781 }, // *
    { 18, 17, 323, 1, 17, 77, 814 }, // +
    { 7, 10, 110, -2, 5, 18, 891 }, // ,
    { 12, 3, 193, 0, 10, 9, 909 }, // -
    { 6, 5, 110, -1, 5, 8, 918 }, // .
    { 18, 27, 204, -2, 24, 122, 926 }, // /
    { 19, 22, 341, 2, 22, 105, 1048 }, // 0
    { 11, 22, 217, 2, 22, 61, 1153 }, // 1
    { 20, 22, 292, -1, 22, 110, 1214 }, // 2
    { 19, 22, 307, 0, 22, 105, 1324 }, // 3
    { 20, 22, 327, 0, 22, 110, 1429 }, // 4
    { 19, 22, 311, 1, 22, 105, 1539 }, // 5
    { 17, 22, 319, 2, 22, 94, 1644 }, // 6
    { 18, 22, 272, 1, 22, 99, 1738 }, // 7
    { 18, 22, 328, 1, 22, 99, 1837 }, // 8
    { 17, 22, 317, 3, 22, 94, 1936 }, // 9
    { 8, 17, 110, -1, 17, 34, 2030 }, // :
    { 9, 22, 111, -2, 17, 50, 2064 }, // ;
    { 18, 16, 295, 1, 16, 72, 2114 }, // <
    { 19, 9, 335, 1, 13, 43, 2186 }, // =
    { 19, 16, 295, -1, 16, 76, 2229 }, // >
    { 16, 22, 256, 2, 22, 88, 2305 }, // ?
    { 24, 25, 415, 1, 21, 150, 2393 }, // @
    { 21, 22, 334, -2, 22, 116, 2543 }, // A
    { 21, 22, 327, 0, 22, 116, 2659 }, // B
    { 21, 22, 344, 1, 22, 116, 2775 }, // C
    { 22, 22, 357, 0, 22, 121, 2891 }, // D
    { 21, 22, 303, 0, 22, 116, 3012 }, // E
    { 21, 22, 294, 0, 22, 116, 3128 }, // F
    { 22, 22, 370, 1, 22, 121, 3244 }, // G
    { 24, 22, 370, 0, 22, 132, 3365 }, // H
    { 15, 22, 209, 0, 22, 83, 3497 }, // I
    { 19, 22, 273, -1, 22, 105, 3580 }, // J
    { 23, 22, 336, 0, 22, 127, 3685 }, // K
    { 17, 22, 288, 0, 22, 94, 3812 }, // L
    { 28, 22, 439, 0, 22, 154, 3906 }, // M
    { 24, 22, 370, 0, 22, 132, 4060 }, // N
    { 23, 22, 381, 1, 22, 127, 4192 }, // O
    { 21, 22, 316, 0, 22, 116, 4319 }, // P
    { 23, 24, 386, 1, 22, 138, 4435 }, // Q
    { 21, 22, 327, 0, 22, 116, 4573 }, // R
    { 20, 22, 316, 0, 22, 110, 4689 }, // S
    { 20, 22, 298, 2, 22, 110, 4799 }, // T
    { 23, 22, 368, 1, 22, 127, 4909 }, // U
    { 20, 22, 316, 3, 22, 110, 5036 }, // V
    { 28, 22, 456, 3, 22, 154, 5146 }, // W
    { 25, 22, 332, -2, 22, 138, 5300 }, // X
    { 21, 22, 307, 2, 22, 116, 5438 }, // Y
    { 23, 22, 324, -1, 22, 127, 5554 }, // Z
    { 14, 29, 170, -1, 24, 102, 5681 }, // [
    { 7, 27, 203, 3, 24, 48, 5783 }, // <backslash>
    { 14, 29, 166, -2, 24, 102, 5831 }, // ]
    { 16, 12, 294, 2, 22, 48, 5933 }, // ^
    { 14, 3, 197, -3, 0, 11, 5981 }, // _
    { 9, 6, 166, 1, 26, 14, 5992 }, // `
    { 17, 17, 280, 0, 17, 73, 6006 }, // a
    { 18, 24, 302, 0, 24, 108, 6079 }, // b
    { 16, 17, 259, 1, 17, 68, 6187 }, // c
    { 19, 24, 300, 1, 24, 114, 6255 }, // d
    { 17, 17, 287, 1, 17, 73, 6369 }, // e
    { 12, 24, 167, 1, 24, 72, 6442 }, // f
    { 19, 24, 299, 0, 17, 114, 6514 }, // g
    { 18, 24, 294, 0, 24, 108, 6628 }, // h
    { 9, 24, 134, 1, 24, 54, 6736 }, // i
    { 15, 29, 131, -5, 24, 109, 6790 }, // j
    { 17, 24, 262, 0, 24, 102, 6899 }, // k
    { 9, 24, 140, 0, 24, 54, 7001 }, // l
    { 28, 17, 451, 0, 17, 119, 7055 }, // m
    { 18, 17, 293, 0, 17, 77, 7174 }, // n
    { 17, 17, 292, 1, 17, 73, 7251 }, // o
    { 19, 22, 302, -1, 17, 105, 7324 }, // p
    { 18, 22, 306, 1, 17, 99, 7429 }, // q
    { 13, 18, 186, 0, 18, 59, 7528 }, // r
    { 15, 17, 251, 0, 17, 64, 7587 }, // s
    { 11, 22, 174, 1, 22, 61, 7651 }, // t
    { 18, 17, 288, 0, 17, 77, 7712 }, // u
    { 15, 17, 246, 2, 17, 64, 7789 }, // v
    { 23, 17, 365, 2, 17, 98, 7853 }, // w
    { 20, 17, 256, -2, 17, 85, 7951 }, // x
    { 19, 22, 239, -2, 17, 105, 8036 }, // y
    { 17, 17, 245, -1, 17, 73, 8141 }, // z
    { 13, 29, 179, 1, 24, 95, 8214 }, // {
    { 11, 34, 126, -1, 29, 94, 8309 }, // |
    { 13, 29, 179, -2, 24, 95, 8403 }, // }
    { 17, 7, 296, 1, 12, 30, 8498 }, // ~
    { 0, 0, 149, 0, 0, 0, 0 }, // U+00A0
    { 9, 22, 154, 0, 17, 50, 0 }, // U+00A1
    { 16, 23, 258, 1, 20, 92, 50 }, // U+00A2
    { 20, 22, 325, 1, 22, 110, 142 }, // U+00A3
    { 17, 17, 309, 2, 19, 73, 252 }, // U+00A4
    { 22, 22, 307, 1, 22, 121, 325 }, // U+00A5
    { 11, 34, 126, -1, 29, 94, 446 }, // U+00A6
    { 18, 27, 280, 0, 22, 122, 540 }, // U+00A7
    { 11, 3, 312, 4, 24, 9, 662 }, // U+00A8
    { 24, 22, 426, 2, 22, 132, 671 }, // U+00A9
    { 11, 10, 198, 3, 23, 28, 803 }, // U+00AA
    { 18, 14, 300, 1, 15, 63, 831 }, // U+00AB
    { 18, 11, 321, 2, 13, 50, 894 }, // U+00AC
    { 24, 22, 426, 2, 22, 132, 944 }, // U+00AE
    { 18, 3, 267, -1, 28, 14, 1076 }, // U+00AF
    { 10, 9, 188, 3, 22, 23, 1090 }, // U+00B0
    { 19, 17, 309, 0, 17, 81, 1113 }, // U+00B1
    { 12, 13, 204, 2, 26, 39, 1194 }, // U+00B2
    { 11, 14, 205, 3, 27, 39, 1233 }, // U+00B3
    { 9, 6, 166, 1, 26, 14, 1272 }, // U+00B4
    { 18, 27, 272, 2, 22, 122, 1286 }, // U+00B6
    { 6, 5, 128, 1, 11, 8, 1408 }, // U+00B7
    { 8, 8, 122, 0, 0, 16, 1416 }, // U+00B8
    { 7, 14, 137, 4, 27, 25, 1432 }, // U+00B9
    { 11, 10, 203, 3, 23, 28, 1457 }, // U+00BA
    { 17, 14, 300, 0, 15, 60, 1485 }, // U+00BB
    { 24, 22, 438, 2, 22, 132, 1545 }, // U+00BC
    { 25, 22, 446, 2, 22, 138, 1677 }, // U+00BD
    { 26, 22, 472, 2, 22, 143, 1815 }, // U+00BE
    { 16, 23, 244, -2, 17, 92, 1958 }, // U+00BF
    { 21, 29, 334, -2, 29, 153, 2050 }, // U+00C0
    { 22, 29, 334, -2, 29, 160, 2203 }, // U+00C1
    { 22, 29, 334, -2, 29, 160, 2363 }, // U+00C2
    { 23, 29, 334, -2, 29, 167, 2523 }, // U+00C3
    { 22, 28, 334, -2, 28, 154, 2690 }, // U+00C4
    { 21, 27, 334, -2, 27, 142, 2844 }, // U+00C5
    { 34, 22, 475, -2, 22, 187, 2986 }, // U+00C6
    { 21, 28, 344, 1, 22, 147, 3173 }, // U+00C7
    { 21, 29, 303, 0, 29, 153, 3320 }, // U+00C8
    { 21, 29, 303, 0, 29, 153, 3473 }, // U+00C9
    { 21, 29, 303, 0, 29, 153, 3626 }, // U+00CA
    { 21, 28, 303, 0, 28, 147, 3779 }, // U+00CB
    { 15, 29, 209, 0, 29, 109, 3926 }, // U+00CC
    { 16, 29, 209, 0, 29, 116, 4035 }, // U+00CD
    { 16, 29, 209, 0, 29, 116, 4151 }, // U+00CE
    { 16, 28, 209, 0, 28, 112, 4267 }, // U+00CF
    { 22, 22, 367, 1, 22, 121, 4379 }, // U+00D0
    { 24, 29, 370, 0, 29, 174, 4500 }, // U+00D1
    { 23, 28, 381, 1, 28, 161, 4674 }, // U+00D2
    { 23, 28, 381, 1, 28, 161, 4835 }, // U+00D3
    { 23, 28, 381, 1, 28, 161, 4996 }, // U+00D4
    { 23, 28, 381, 1, 28, 161, 5157 }, // U+00D5
    { 23, 28, 381, 1, 28, 161, 5318 }, // U+00D6
    { 18, 15, 283, 0, 16, 68, 5479 }, // U+00D7
    { 25, 22, 381, 0, 22, 138, 5547 }, // U+00D8
    { 23, 29, 368, 1, 29, 167, 5685 }, // U+00D9
    { 23, 29, 368, 1, 29, 167, 5852 }, // U+00DA
    { 23, 29, 368, 1, 29, 167, 6019 }, // U+00DB
    { 23, 28, 368, 1, 28, 161, 6186 }, // U+00DC
    { 21, 29, 307, 2, 29, 153, 6347 }, // U+00DD
    { 20, 22, 316, 0, 22, 110, 6500 }, // U+00DE
    { 19, 22, 313, 0, 22, 105, 6610 }, // U+00DF
    { 17, 24, 280, 0, 24, 102, 6715 }, // U+00E0
    { 17, 24, 280, 0, 24, 102, 6817 }, // U+00E1
    { 17, 23, 280, 0, 23, 98, 6919 }, // U+00E2
    { 17, 23, 280, 0, 23, 98, 7017 }, // U+00E3
    { 17, 24, 280, 0, 24, 102, 7115 }, // U+00E4
    { 17, 26, 280, 0, 26, 111, 7217 }, // U+00E5
    { 29, 17, 458, 0, 17, 124, 7328 }, // U+00E6
    { 16, 23, 259, 1, 17, 92, 7452 }, // U+00E7
    { 17, 24, 287, 1, 24, 102, 7544 }, // U+00E8
    { 17, 24, 287, 1, 24, 102, 7646 }, // U+00E9
    { 17, 23, 287, 1, 23, 98, 7748 }, // U+00EA
    { 17, 24, 287, 1, 24, 102, 7846 }, // U+00EB
    { 7, 24, 134, 1, 24, 42, 7948 }, // U+00EC
    { 11, 24, 134, 1, 24, 66, 7990 }, // U+00ED
    { 11, 24, 134, 1, 24, 66, 8056 }, // U+00EE
    { 12, 24, 142, 1, 24, 72, 8122 }, // U+00EF
    { 19, 24, 301, 0, 24, 114, 8194 }, // U+00F0
    { 18, 23, 293, 0, 23, 104, 8308 }, // U+00F1
    { 17, 24, 292, 1, 24, 102, 8412 }, // U+00F2
    { 17, 24, 292, 1, 24, 102, 8514 }, // U+00F3
    { 17, 23, 292, 1, 23, 98, 8616 }, // U+00F4
    { 17, 23, 292, 1, 23, 98, 8714 }, // U+00F5
    { 17, 24, 292, 1, 24, 102, 8812 }, // U+00F6
    { 18, 16, 323, 1, 16, 72, 8914 }, // U+00F7
    { 19, 18, 292, 0, 18, 86, 8986 }, // U+00F8
    { 18, 24, 288, 0, 24, 108, 9072 }, // U+00F9
    { 18, 24, 288, 0, 24, 108, 9180 }, // U+00FA
    { 18, 24, 288, 0, 24, 108, 9288 }, // U+00FB
    { 18, 24, 288, 0, 24, 108, 9396 }, // U+00FC
    { 19, 29, 239, -2, 24, 138, 9504 }, // U+00FD
    { 19, 29, 302, -1, 24, 138, 9642 }, // U+00FE
    { 19, 29, 239, -2, 24, 138, 9780 }, // U+00FF
    { 22, 28, 334, -2, 28, 154, 0 }, // U+0100
    { 17, 22, 280, 0, 22, 94, 154 }, // U+0101
    { 22, 29, 334, -2, 29, 160, 248 }, // U+0102
    { 17, 23, 280, 0, 23, 98, 408 }, // U+0103
    { 21, 27, 334, -2, 22, 142, 506 }, // U+0104
    { 17, 22, 280, 0, 17, 94, 648 }, // U+0105
    { 21, 28, 344, 1, 28, 147, 742 }, // U+0106
    { 16, 24, 259, 1, 24, 96, 889 }, // U+0107
    { 21, 28, 344, 1, 28, 147, 985 }, // U+010A
    { 16, 24, 259, 1, 24, 96, 1132 }, // U+010B
    { 21, 28, 344, 1, 28, 147, 1228 }, // U+010C
    { 17, 23, 259, 1, 23, 98, 1375 }, // U+010D
    { 22, 28, 357, 0, 28, 154, 1473 }, // U+010E
    { 24, 24, 338, 1, 24, 144, 1627 }, // U+010F
    { 22, 22, 367, 1, 22, 121, 1771 }, // U+0110
    { 21, 24, 301, 1, 24, 126, 1892 }, // U+0111
    { 21, 28, 303, 0, 28, 147, 2018 }, // U+0112
    { 17, 22, 287, 1, 22, 94, 2165 }, // U+0113
    { 21, 28, 303, 0, 28, 147, 2259 }, // U+0116
    { 17, 24, 287, 1, 24, 102, 2406 }, // U+0117
    { 21, 27, 303, 0, 22, 142, 2508 }, // U+0118
    { 17, 22, 287, 1, 17, 94, 2650 }, // U+0119
    { 21, 28, 303, 0, 28, 147, 2744 }, // U+011A
    { 17, 23, 287, 1, 23, 98, 2891 }, // U+011B
    { 22, 28, 370, 1, 28, 154, 2989 }, // U+011E
    { 19, 30, 299, 0, 23, 143, 3143 }, // U+011F
    { 22, 28, 370, 1, 28, 154, 3286 }, // U+0120
    { 19, 31, 299, 0, 24, 148, 3440 }, // U+0121
    { 22, 31, 370, 1, 22, 171, 3588 }, // U+0122
    { 19, 34, 299, 0, 27, 162, 3759 }, // U+0123
    { 26, 22, 370, 0, 22, 143, 3921 }, // U+0126
    { 18, 24, 293, 0, 24, 108, 4064 }, // U+0127
    { 16, 28, 209, 0, 28, 112, 4172 }, // U+012A
    { 11, 22, 134, 1, 22, 61, 4284 }, // U+012B
    { 15, 27, 209, 0, 22, 102, 4345 }, // U+012E
    { 12, 29, 134, -2, 24, 87, 4447 }, // U+012F
    { 15, 28, 209, 0, 28, 105, 4534 }, // U+0130
    { 7, 17, 134, 1, 17, 30, 4639 }, // U+0131
    { 31, 22, 482, 0, 22, 171, 4669 }, // U+0132
    { 17, 29, 265, 1, 24, 124, 4840 }, // U+0133
    { 23, 31, 336, 0, 22, 179, 4964 }, // U+0136
    { 17, 33, 262, 0, 24, 141, 5143 }, // U+0137
    { 15, 32, 285, 2, 32, 120, 5284 }, // U+0139
    { 8, 33, 134, 2, 33, 66, 5404 }, // U+013A
    { 17, 31, 288, 0, 22, 132, 5470 }, // U+013B
    { 12, 33, 140, -3, 24, 99, 5602 }, // U+013C
    { 17, 22, 288, 0, 22, 94, 5701 }, // U+013D
    { 14, 24, 167, 0, 24, 84, 5795 }, // U+013E
    { 19, 22, 304, -1, 22, 105, 5879 }, // U+0141
    { 10, 24, 158, 0, 24, 60, 5984 }, // U+0142
    { 24, 29, 370, 0, 29, 174, 6044 }, // U+0143
    { 18, 24, 293, 0, 24, 108, 6218 }, // U+0144
    { 24, 31, 370, 0, 22, 186, 6326 }, // U+0145
    { 18, 26, 293, 0, 17, 117, 6512 }, // U+0146
    { 24, 28, 370, 0, 28, 168, 6629 }, // U+0147
    { 18, 23, 293, 0, 23, 104, 6797 }, // U+0148
    { 20, 31, 405, 3, 24, 155, 6901 }, // U+014A
    { 16, 27, 330, 2, 19, 108, 7056 }, // U+014B
    { 22, 30, 416, 2, 29, 165, 7164 }, // U+014C
    { 18, 24, 323, 1, 23, 108, 7329 }, // U+014D
    { 23, 29, 381, 1, 29, 167, 7437 }, // U+0150
    { 18, 24, 292, 1, 24, 108, 7604 }, // U+0151
    { 35, 22, 536, 1, 22, 193, 7712 }, // U+0152
    { 30, 17, 492, 1, 17, 128, 7905 }, // U+0153
    { 21, 29, 327, 0, 29, 153, 8033 }, // U+0154
    { 14, 24, 186, 0, 24, 84, 8186 }, // U+0155
    { 18, 32, 332, 3, 24, 144, 8270 }, // U+0156
    { 12, 27, 220, 2, 19, 81, 8414 }, // U+0157
    { 21, 28, 327, 0, 28, 147, 8495 }, // U+0158
    { 15, 23, 186, 0, 23, 87, 8642 }, // U+0159
    { 20, 28, 316, 0, 28, 140, 8729 }, // U+015A
    { 16, 24, 251, 0, 24, 96, 8869 }, // U+015B
    { 20, 28, 316, 0, 22, 140, 8965 }, // U+015E
    { 15, 23, 251, 0, 17, 87, 9105 }, // U+015F
    { 20, 28, 316, 0, 28, 140, 9192 }, // U+0160
    { 17, 23, 251, 0, 23, 98, 9332 }, // U+0161
    { 20, 28, 298, 2, 22, 140, 9430 }, // U+0162
    { 12, 28, 174, 0, 22, 84, 9570 }, // U+0163
    { 20, 28, 298, 2, 28, 140, 9654 }, // U+0164
    { 14, 27, 174, 1, 27, 95, 9794 }, // U+0165
    { 23, 28, 368, 1, 28, 161, 9889 }, // U+016A
    { 18, 22, 288, 0, 22, 99, 10050 }, // U+016B
    { 19, 32, 390, 3, 31, 152, 10149 }, // U+016C
    { 16, 26, 330, 2, 25, 104, 10301 }, // U+016D
    { 23, 29, 368, 1, 29, 167, 10405 }, // U+016E
    { 18, 26, 288, 0, 26, 117, 10572 }, // U+016F
    { 23, 29, 368, 1, 29, 167, 10689 }, // U+0170
    { 19, 24, 288, 0, 24, 114, 10856 }, // U+0171
    { 24, 27, 368, 0, 22, 162, 10970 }, // U+0172
    { 18, 22, 288, 0, 17, 99, 11132 }, // U+0173
    { 28, 29, 456, 3, 29, 203, 11231 }, // U+0174
    { 23, 24, 365, 2, 24, 138, 11434 }, // U+0175
    { 21, 29, 307, 2, 29, 153, 11572 }, // U+0176
    { 19, 29, 239, -2, 24, 138, 11725 }, // U+0177
    { 21, 28, 307, 2, 28, 147, 11863 }, // U+0178
    { 23, 29, 324, -1, 29, 167, 12010 }, // U+0179
    { 17, 24, 245, -1, 24, 102, 12177 }, // U+017A
    { 23, 28, 324, -1, 28, 161, 12279 }, // U+017B
    { 17, 24, 245, -1, 24, 102, 12440 }, // U+017C
    { 23, 28, 324, -1, 28, 161, 12542 }, // U+017D
    { 18, 23, 245, -1, 23, 104, 12703 }, // U+017E
    { 20, 31, 316, 0, 22, 155, 0 }, // U+0218
    { 15, 26, 251, 0, 17, 98, 155 }, // U+0219
    { 20, 31, 298, 2, 22, 155, 253 }, // U+021A
    { 12, 31, 174, 0, 22, 93, 408 }, // U+021B
    { 5, 5, 0, 4, 24, 7, 0 }, // U+0300
    { 7, 5, 0, 3, 24, 9, 7 }, // U+0301
    { 12, 4, 0, 3, 23, 12, 16 }, // U+0302
    { 13, 5, 0, 3, 23, 17, 28 }, // U+0303
    { 11, 3, 0, 3, 22, 9, 45 }, // U+0304
    { 11, 4, 0, 4, 23, 11, 54 }, // U+0306
    { 4, 4, 0, 4, 23, 4, 65 }, // U+0307
    { 10, 4, 0, 4, 23, 10, 69 }, // U+0308
    { 8, 7, 0, 4, 26, 14, 79 }, // U+030A
    { 12, 5, 0, 3, 24, 15, 93 }, // U+030B
    { 12, 4, 0, 4, 23, 12, 108 }, // U+030C
    { 7, 8, 0, 4, 27, 14, 120 }, // U+0312
    { 7, 7, 0, -2, -2, 13, 134 }, // U+0326
    { 7, 8, 0, -2, 2, 14, 147 }, // U+0327
    { 7, 6, 0, -2, 1, 11, 161 }, // U+0328
    { 0, 0, 0, 0, 0, 0, 172 }, // U+034F
    { 21, 29, 307, 2, 29, 153, 0 }, // U+1EF2
    { 19, 29, 239, -2, 24, 138, 153 }, // U+1EF3
    { 0, 0, 75, 0, 0, 0, 0 }, // U+2009
    { 0, 0, 0, 0, 0, 0, 0 }, // U+200B
    { 2, 24, 0, -1, 23, 12, 0 }, // U+200C
    { 8, 24, 0, -4, 23, 48, 12 }, // U+200D
    { 8, 25, 0, -1, 23, 50, 60 }, // U+200E
    { 8, 25, 0, -7, 23, 50, 110 }, // U+200F
    { 9, 3, 171, 1, 11, 7, 160 }, // U+2010
    { 9, 4, 172, 1, 11, 9, 167 }, // U+2011
    { 15, 3, 268, 1, 10, 12, 176 }, // U+2013
    { 25, 3, 438, 1, 10, 19, 188 }, // U+2014
    { 6, 9, 125, 3, 22, 14, 207 }, // U+2018
    { 6, 9, 126, 3, 22, 14, 221 }, // U+2019
    { 6, 10, 126, -1, 5, 15, 235 }, // U+201A
    { 12, 9, 212, 3, 22, 27, 250 }, // U+201C
    { 12, 9, 212, 3, 22, 27, 277 }, // U+201D
    { 12, 10, 213, -1, 5, 30, 304 }, // U+201E
    { 17, 22, 288, 2, 22, 94, 334 }, // U+2020
    { 19, 22, 288, 0, 22, 105, 428 }, // U+2021
    { 12, 12, 234, 1, 14, 36, 533 }, // U+2022
    { 21, 5, 354, -1, 5, 27, 569 }, // U+2026
    { 0, 0, 69, 0, 0, 0, 596 }, // U+202F
    { 41, 22, 729, 3, 22, 226, 596 }, // U+2030
    { 11, 14, 188, 1, 15, 39, 822 }, // U+2039
    { 10, 14, 188, 0, 15, 35, 861 }, // U+203A
    { 24, 22, 312, -2, 22, 132, 896 }, // U+2044
    { 6, 18, 183, 2, 17, 27, 1028 }, // U+204F
    { 22, 20, 422, 2, 20, 110, 0 }, // U+20AA
    { 23, 22, 354, 0, 22, 127, 110 }, // U+20AC
    { 18, 22, 295, 2, 22, 99, 237 }, // U+20B9
    { 18, 22, 312, 1, 22, 99, 0 }, // U+2202
    { 23, 27, 312, -2, 22, 156, 99 }, // U+220F
    { 23, 27, 313, -2, 22, 156, 255 }, // U+2211
    { 18, 3, 323, 1, 10, 14, 411 }, // U+2212
    { 25, 22, 319, -2, 22, 138, 425 }, // U+2215
    { 6, 5, 122, 1, 11, 8, 563 }, // U+2219
    { 20, 27, 314, 1, 22, 135, 571 }, // U+221A
    { 24, 11, 413, 1, 14, 66, 706 }, // U+221E
    { 18, 27, 244, -1, 22, 122, 772 }, // U+222B
    { 19, 13, 295, 0, 15, 62, 894 }, // U+2248
    { 19, 17, 335, 1, 17, 81, 956 }, // U+2260
    { 20, 17, 309, 0, 17, 85, 1037 }, // U+2264
    { 19, 17, 309, 0, 17, 81, 1122 }, // U+2265
};

static const EpdUnicodeInterval atkinson_hn_16_italicIntervals[] = {
    { 0x0, 0x0, 0x0 },
    { 0xD, 0xD, 0x1 },
    { 0x20, 0x7E, 0x2 },
    { 0xA0, 0xAC, 0x61 },
    { 0xAE, 0xB4, 0x6E },
    { 0xB6, 0x107, 0x75 },
    { 0x10A, 0x113, 0xC7 },
    { 0x116, 0x11B, 0xD1 },
    { 0x11E, 0x123, 0xD7 },
    { 0x126, 0x127, 0xDD },
    { 0x12A, 0x12B, 0xDF },
    { 0x12E, 0x133, 0xE1 },
    { 0x136, 0x137, 0xE7 },
    { 0x139, 0x13E, 0xE9 },
    { 0x141, 0x148, 0xEF },
    { 0x14A, 0x14D, 0xF7 },
    { 0x150, 0x15B, 0xFB },
    { 0x15E, 0x165, 0x107 },
    { 0x16A, 0x17E, 0x10F },
    { 0x218, 0x21B, 0x124 },
    { 0x300, 0x304, 0x128 },
    { 0x306, 0x308, 0x12D },
    { 0x30A, 0x30C, 0x130 },
    { 0x312, 0x312, 0x133 },
    { 0x326, 0x328, 0x134 },
    { 0x34F, 0x34F, 0x137 },
    { 0x1EF2, 0x1EF3, 0x138 },
    { 0x2009, 0x2009, 0x13A },
    { 0x200B, 0x2011, 0x13B },
    { 0x2013, 0x2014, 0x142 },
    { 0x2018, 0x201A, 0x144 },
    { 0x201C, 0x201E, 0x147 },
    { 0x2020, 0x2022, 0x14A },
    { 0x2026, 0x2026, 0x14D },
    { 0x202F, 0x2030, 0x14E },
    { 0x2039, 0x203A, 0x150 },
    { 0x2044, 0x2044, 0x152 },
    { 0x204F, 0x204F, 0x153 },
    { 0x20AA, 0x20AA, 0x154 },
    { 0x20AC, 0x20AC, 0x155 },
    { 0x20B9, 0x20B9, 0x156 },
    { 0x2202, 0x2202, 0x157 },
    { 0x220F, 0x220F, 0x158 },
    { 0x2211, 0x2212, 0x159 },
    { 0x2215, 0x2215, 0x15B },
    { 0x2219, 0x221A, 0x15C },
    { 0x221E, 0x221E, 0x15E },
    { 0x222B, 0x222B, 0x15F },
    { 0x2248, 0x2248, 0x160 },
    { 0x2260, 0x2260, 0x161 },
    { 0x2264, 0x2265, 0x162 },
};

static const EpdFontGroup atkinson_hn_16_italicGroups[] = {
    { 0, 3788, 9230, 97, 0 },
    { 3788, 3118, 10795, 94, 97 },
    { 6906, 3711, 13818, 101, 191 },
    { 10617, 245, 507, 4, 292 },
    { 10862, 163, 188, 16, 296 },
    { 11025, 154, 319, 2, 312 },
    { 11179, 544, 1146, 26, 314 },
    { 11723, 182, 362, 3, 340 },
    { 11905, 513, 1269, 13, 343 },
};

static const uint16_t atkinson_hn_16_italicKernLeftCodepoints[] = {
    0x0020, 0x0022, 0x0024, 0x0026, 0x0027, 0x0028, 0x002A, 0x002B, 0x002C, 0x002D, 0x002E, 0x002F,
    0x0030, 0x0032, 0x0033, 0x0034, 0x0035, 0x0036, 0x0037, 0x0038, 0x0039, 0x003A, 0x003B, 0x003E,
    0x003F, 0x0040, 0x0041, 0x0042, 0x0043, 0x0044, 0x0045, 0x0046, 0x0047, 0x0049, 0x004A, 0x004B,
    0x004C, 0x004F, 0x0050, 0x0051, 0x0052, 0x0053, 0x0054, 0x0055, 0x0056, 0x0057, 0x0058, 0x0059,
    0x005A, 0x005B, 0x005C, 0x005D, 0x005F, 0x0061, 0x0062, 0x0063, 0x0065, 0x0066, 0x0067, 0x0068,
    0x006A, 0x006B, 0x006C, 0x006D, 0x006E, 0x006F, 0x0070, 0x0071, 0x0072, 0x0073, 0x0074, 0x0075,
    0x0076, 0x0077, 0x0078, 0x0079, 0x007A, 0x007B, 0x007C, 0x00A1, 0x00A2, 0x00A3, 0x00A5, 0x00A6,
    0x00A7, 0x00A9, 0x00AB, 0x00AE, 0x00B0, 0x00B6, 0x00B7, 0x00BB, 0x00BF, 0x00C0, 0x00C1, 0x00C2,
    0x00C3, 0x00C4, 0x00C5, 0x00C6, 0x00C7, 0x00C8, 0x00C9, 0x00CA, 0x00CB, 0x00CC, 0x00CD, 0x00CE,
    0x00CF, 0x00D0, 0x00D2, 0x00D3, 0x00D4, 0x00D5, 0x00D6, 0x00D8, 0x00D9, 0x00DA, 0x00DB, 0x00DC,
    0x00DD, 0x00DE, 0x00DF, 0x00E0, 0x00E1, 0x00E2, 0x00E3, 0x00E4, 0x00E5, 0x00E6, 0x00E7, 0x00E8,
    0x00E9, 0x00EA, 0x00EB, 0x00EE, 0x00EF, 0x00F0, 0x00F1, 0x00F2, 0x00F3, 0x00F4, 0x00F5, 0x00F6,
    0x00F8, 0x00F9, 0x00FA, 0x00FB, 0x00FC, 0x00FD, 0x00FE, 0x00FF, 0x0100, 0x0101, 0x0102, 0x0103,
    0x0104, 0x0105, 0x0106, 0x0107, 0x010A, 0x010B, 0x010C, 0x010D, 0x010E, 0x010F, 0x0110, 0x0111,
    0x0112, 0x0113, 0x0116, 0x0117, 0x0118, 0x0119, 0x011A, 0x011B, 0x011E, 0x011F, 0x0120, 0x0121,
    0x0122, 0x0123, 0x0126, 0x0127, 0x012A, 0x012E, 0x012F, 0x0130, 0x0132, 0x0133, 0x0136, 0x0137,
    0x013B, 0x013C, 0x013D, 0x013E, 0x0141, 0x0142, 0x0144, 0x0146, 0x0148, 0x0150, 0x0151, 0x0152,
    0x0153, 0x0154, 0x0155, 0x0157, 0x0158, 0x0159, 0x015A, 0x015B, 0x015E, 0x015F, 0x0160, 0x0161,
    0x0162, 0x0163, 0x0164, 0x0165, 0x016A, 0x016B, 0x016E, 0x016F, 0x0170, 0x0171, 0x0172, 0x0173,
    0x0174, 0x0175, 0x0176, 0x0177, 0x0178, 0x0179, 0x017A, 0x017B, 0x017C, 0x017D, 0x017E, 0x0218,
    0x0219, 0x021A, 0x021B, 0x1EF2, 0x1EF3, 0x2013, 0x2014, 0x2018, 0x2019, 0x201A, 0x201C, 0x201D,
    0x201E, 0x2022, 0x2026, 0x2039, 0x203A, 0x20AC, 0x2212,
};

static const uint8_t atkinson_hn_16_italicKernLeftClassIds[] = {
      1,   2,   3,   4,   2,   5,   6,   7,   8,   9,  10,  11,  12,  13,  14,  15,
     16,  17,  18,  19,  20,  21,  21,  22,  23,  24,  25,  26,  27,  28,  29,  30,
     31,  32,  33,  34,  35,  28,  36,  37,  38,  39,  40,  33,  41,  42,  43,  44,
     45,  46,  47,  48,  49,  50,  51,  52,  53,  54,  55,  56,  57,  58,  59,  56,
     56,  51,  51,  60,  61,  62,  63,  64,  65,  65,  66,  65,  67,  46,  68,  69,
     52,  70,  71,  68,  72,  73,  74,  73,  75,  76,  77,  78,  79,  25,  25,  25,
     25,  25,  25,  29,  27,  29,  29,  29,  29,  32,  32,  32,  32,  28,  28,  28,
     28,  28,  28,  28,  33,  33,  33,  33,  44,  80,  81,  50,  50,  50,  50,  50,
     50,  53,  52,  53,  53,  53,  53,  82,  83,  84,  56,  51,  51,  51,  51,  51,
     51,  64,  64,  64,  64,  65,  51,  65,  25,  50,  25,  50,  85,  86,  27,  52,
     27,  52,  27,  52,  28,  87,  28,  88,  29,  53,  29,  53,  89,  53,  29,  53,
     31,  55,  31,  55,  31,  55,  90,  56,  32,  91,  92,  32,  33,  57,  34,  58,
     35,  93,  35,  94,  35,  59,  56,  56,  56,  28,  95,  29,  53,  38,  61,  96,
     38,  61,  39,  62,  39,  62,  39,  62,  40,  97,  40,  98,  33,  64,  33,  64,
     33,  64,  33,  99,  42,  65,  44,  65,  44,  45,  67,  45,  67,  45,  67,  39,
     62,  40, 100,  44,  65,   9,   9, 101, 102,  10, 101, 102,  10, 103,  10,  74,
     78, 104, 105,
};

static const uint16_t atkinson_hn_16_italicKernRightCodepoints[] = {
    0x0020, 0x0021, 0x0022, 0x0024, 0x0025, 0x0026, 0x0027, 0x0029, 0x002A, 0x002B, 0x002C, 0x002D,
    0x002E, 0x002F, 0x0030, 0x0031, 0x0032, 0x0033, 0x0034, 0x0035, 0x0036, 0x0037, 0x0038, 0x0039,
    0x003A, 0x003B, 0x003C, 0x003E, 0x003F, 0x0040, 0x0041, 0x0042, 0x0043, 0x0045, 0x0046, 0x0047,
    0x0048, 0x0049, 0x004A, 0x004F, 0x0051, 0x0053, 0x0054, 0x0055, 0x0056, 0x0057, 0x0058, 0x0059,
    0x005A, 0x005B, 0x005C, 0x005D, 0x005F, 0x0061, 0x0062, 0x0063, 0x0064, 0x0065, 0x0066, 0x0067,
    0x0068, 0x0069, 0x006A, 0x006B, 0x006C, 0x006D, 0x006E, 0x006F, 0x0070, 0x0071, 0x0072, 0x0073,
    0x0074, 0x0075, 0x0076, 0x0077, 0x0078, 0x0079, 0x007A, 0x007C, 0x007D, 0x00A1, 0x00A2, 0x00A3,
    0x00A5, 0x00A6, 0x00A7, 0x00A9, 0x00AB, 0x00AE, 0x00B0, 0x00B6, 0x00B7, 0x00BB, 0x00BF, 0x00C0,
    0x00C1, 0x00C2, 0x00C3, 0x00C4, 0x00C5, 0x00C6, 0x00C7, 0x00C8, 0x00C9, 0x00CA, 0x00CB, 0x00CC,
    0x00CD, 0x00CE, 0x00CF, 0x00D2, 0x00D3, 0x00D4, 0x00D5, 0x00D6, 0x00D8, 0x00D9, 0x00DA, 0x00DB,
    0x00DC, 0x00DD, 0x00DF, 0x00E0, 0x00E1, 0x00E2, 0x00E3, 0x00E4, 0x00E5, 0x00E6, 0x00E7, 0x00E8,
    0x00E9, 0x00EA, 0x00EB, 0x00EC, 0x00ED, 0x00EE, 0x00EF, 0x00F0, 0x00F1, 0x00F2, 0x00F3, 0x00F4,
    0x00F5, 0x00F6, 0x00F8, 0x00F9, 0x00FA, 0x00FB, 0x00FC, 0x00FD, 0x00FE, 0x00FF, 0x0100, 0x0101,
    0x0102, 0x0103, 0x0104, 0x0105, 0x0106, 0x0107, 0x010A, 0x010B, 0x010C, 0x010D, 0x010F, 0x0111,
    0x0112, 0x0113, 0x0116, 0x0117, 0x0118, 0x0119, 0x011A, 0x011B, 0x011E, 0x011F, 0x0120, 0x0121,
    0x0122, 0x0123, 0x0127, 0x012A, 0x012B, 0x012E, 0x012F, 0x0130, 0x0131, 0x0132, 0x0133, 0x0137,
    0x013C, 0x013E, 0x0142, 0x0144, 0x0146, 0x0148, 0x014D, 0x0150, 0x0151, 0x0152, 0x0153, 0x0155,
    0x0159, 0x015A, 0x015B, 0x015E, 0x015F, 0x0160, 0x0161, 0x0162, 0x0163, 0x0164, 0x0165, 0x016A,
    0x016B, 0x016E, 0x016F, 0x0170, 0x0171, 0x0172, 0x0173, 0x0174, 0x0175, 0x0176, 0x0177, 0x0178,
    0x0179, 0x017A, 0x017B, 0x017C, 0x017D, 0x017E, 0x0218, 0x0219, 0x021A, 0x021B, 0x1EF2, 0x1EF3,
    0x2013, 0x2014, 0x2018, 0x2019, 0x201A, 0x201C, 0x201D, 0x201E, 0x2022, 0x2026, 0x2030, 0x2039,
    0x203A, 0x20AC, 0x220F, 0x2211, 0x2212,
};

static const uint8_t atkinson_hn_16_italicKernRightClassIds[] = {
      1,   2,   3,   4,   5,   6,   3,   7,   8,   9,  10,  11,  12,  13,  14,  15,
     16,  17,  18,  19,  20,  21,  22,  23,  24,  25,  26,  27,  28,  29,  30,  31,
     32,  31,  31,  32,  31,  33,  34,  32,  32,  35,  36,  37,  38,  39,  40,  41,
     42,  43,  44,  45,  46,  47,  48,  49,  49,  49,  50,  51,  48,  52,  53,  48,
     54,  55,  55,  49,  56,  49,  55,  57,  58,  59,  60,  60,  61,  62,  63,  43,
     45,  43,  49,  64,  65,  43,  43,  66,  67,  66,  68,  69,  70,  71,  72,  30,
     30,  30,  30,  30,  30,  73,  32,  31,  31,  31,  31,  33,  33,  33,  33,  32,
     32,  32,  32,  32,  32,  37,  37,  37,  37,  41,  74,  47,  47,  75,  76,  77,
     47,  47,  49,  49,  49,  49,  78,  79,  52,  80,  81,  49,  55,  49,  49,  82,
     83,  84,  49,  59,  59,  59,  59,  62,  85,  62,  30,  86,  30,  87,  30,  47,
     32,  49,  32,  49,  32,  49,  49,  49,  31,  49,  31,  49,  31,  49,  31,  49,
     32,  51,  32,  51,  32,  51,  88,  33,  89,  33,  90,  33,  52,  33,  52,  48,
     54,  54,  54,  55,  55,  55,  91,  32,  49,  32,  49,  55,  55,  35,  57,  35,
     57,  35,  57,  36,  58,  36,  58,  37,  59,  37,  59,  37,  59,  37,  59,  39,
     60,  41,  62,  41,  42,  63,  42,  63,  42,  63,  35,  57,  36,  58,  41,  62,
     11,  11,  92,  93,  94,  92,  93,  94,  95,  12,   5,  67,  71,  96,  69,  69,
     97,
};

static const uint16_t atkinson_hn_16_italicKernRowOffsets[] = {
        0,     7,    31,    34,    56,    76,    98,   101,   145,   174,   217,   253,   268,   277,   290,   301,
      312,   333,   360,   386,   407,   421,   424,   425,   448,   503,   549,   595,   636,   659,   691,   706,
      721,   736,   784,   831,   882,   924,   962,  1015,  1069,  1123,  1173,  1215,  1269,  1295,  1309,  1354,
     1355,  1356,  1390,  1441,  1490,  1524,  1564,  1572,  1591,  1592,  1638,  1681,  1710,  1759,  1809,  1846,
     1855,  1905,  1940,  1971,  1972,  1994,  2000,  2004,  2005,  2036,  2058,  2060,  2061,  2077,  2095,  2139,
     2181,  2192,  2202,  2207,  2243,  2299,  2334,  2380,  2381,  2405,  2407,  2423,  2424,  2468,  2510,  2561,
     2562,  2600,  2639,  2649,  2687,  2724,  2761,  2775,  2781,  2783,
};

static const uint8_t atkinson_hn_16_italicKernSparseCols[] = {
     29,  35,  37,  38,  40,  59,  61,  14,  17,  20,  21,  29,  33,  34,  35,  37,
     38,  46,  48,  49,  56,  57,  74,  75,  76,  77,  81,  82,  83,  85,  86,  14,
     15,  22,  31,  34,  35,  36,  37,  38,  40,  46,  48,  56,  57,  59,  61,  74,
     75,  76,  77,  81,  82,  83,  85,  86,  13,  29,  31,  33,  46,  48,  50,  52,
     56,  59,  61,  74,  75,  76,  77,  81,  82,  83,  85,  86,   9,  11,  29,  31,
     33,  35,  37,  38,  39,  40,  41,  46,  49,  56,  60,  72,  74,  75,  76,  85,
     86,  93,  14,  17,  22,   7,  13,  14,  16,  17,  18,  19,  20,  21,  22,  29,
     31,  33,  34,  35,  36,  37,  38,  39,  40,  46,  47,  48,  50,  52,  53,  56,
     57,  59,  60,  61,  62,  74,  75,  76,  77,  81,  82,  83,  85,  86,  87,  91,
     92,  13,  14,  17,  18,  21,  22,  29,  31,  33,  34,  35,  37,  38,  39,  40,
     41,  48,  49,  50,  56,  57,  59,  60,  61,  62,  77,  81,  82,  83,   7,  13,
     14,  16,  17,  18,  19,  20,  21,  22,  29,  31,  33,  34,  35,  36,  37,  38,
     39,  40,  46,  47,  48,  50,  53,  56,  57,  59,  60,  61,  62,  74,  75,  76,
     77,  81,  82,  83,  85,  86,  87,  91,  92,  12,  13,  15,  16,  17,  19,  20,
     22,  29,  31,  33,  34,  35,  40,  46,  48,  49,  50,  54,  55,  56,  58,  59,
     60,  61,  72,  74,  75,  76,  77,  81,  82,  83,  84,  85,  86,   3,   6,   9,
     10,  11,  12,  14,  15,  16,  20,  21,  22,  43,  64,  93,  14,  16,  17,  19,
     20,  21,  22,  43,  64,   3,   9,  11,  12,  14,  15,  20,  22,  25,  43,  64,
     93,  96,   2,   8,  10,  13,  14,  15,  16,  17,  19,  22,  43,  12,  13,  14,
     15,  16,  18,  19,  22,  43,  63,  64,   3,   9,  11,  12,  13,  14,  15,  17,
     18,  20,  22,  43,  48,  63,  64,  77,  81,  82,  83,  93,  95,   2,   4,   8,
      9,  10,  11,  12,  13,  14,  15,  16,  17,  19,  20,  21,  22,  44,  48,  63,
     67,  77,  81,  82,  83,  93,  95,  96,   2,   3,   4,   9,  10,  11,  12,  13,
     14,  15,  16,  18,  19,  20,  22,  25,  43,  48,  63,  64,  77,  81,  82,  83,
     93,  95,   3,   8,  10,  12,  13,  14,  15,  16,  17,  19,  20,  25,  26,  43,
     48,  63,  64,  77,  81,  82,  83,  14,  29,  35,  37,  38,  40,  48,  59,  60,
     61,  77,  81,  82,  83,  14,  16,  22,  29,  29,  32,  34,  35,  37,  38,  39,
     40,  41,  46,  49,  56,  57,  59,  60,  61,  62,  72,  74,  75,  76,  85,  86,
      0,   1,   2,   5,   6,   7,   9,  10,  11,  12,  27,  28,  29,  31,  33,  34,
     35,  36,  37,  38,  39,  40,  43,  46,  47,  48,  49,  50,  51,  53,  56,  57,
     58,  59,  61,  65,  66,  74,  75,  76,  77,  78,  79,  80,  81,  82,  83,  85,
     86,  87,  88,  89,  91,  92,  93,   6,   7,   9,  10,  11,  12,  27,  28,  29,
     31,  33,  34,  35,  37,  38,  39,  40,  41,  43,  46,  48,  50,  51,  58,  59,
     61,  62,  65,  66,  74,  75,  76,  77,  78,  79,  80,  81,  82,  83,  85,  86,
     88,  89,  91,  92,  93,   5,   6,   7,   9,  10,  11,  12,  28,  29,  31,  32,
     33,  37,  38,  39,  40,  41,  46,  48,  50,  52,  53,  56,  57,  58,  59,  60,
     61,  62,  65,  66,  69,  70,  74,  75,  76,  77,  81,  82,  83,  85,  86,  91,
     92,  93,  94,   1,   5,   6,   7,   9,  10,  11,  12,  27,  28,  29,  32,  33,
     34,  35,  37,  38,  39,  40,  41,  43,  44,  46,  48,  57,  59,  61,  62,  72,
     74,  75,  76,  77,  81,  82,  83,  85,  86,  91,  92,  93,   7,   9,  11,  28,
     31,  33,  34,  35,  48,  50,  56,  57,  58,  59,  61,  65,  66,  77,  81,  82,
     83,  91,  93,   7,   9,  11,  12,  23,  24,  27,  29,  31,  33,  34,  46,  48,
     56,  57,  65,  69,  72,  74,  75,  76,  77,  78,  79,  80,  81,  82,  83,  85,
     86,  88,  93,   6,   7,  27,  34,  35,  37,  38,  39,  40,  57,  59,  61,  65,
     91,  92,  31,  46,  48,  50,  59,  61,  74,  75,  76,  77,  81,  82,  83,  85,
     86,   9,  11,  12,  29,  34,  39,  46,  50,  72,  74,  75,  76,  85,  86,  93,
      0,   5,   7,   9,  10,  11,  27,  28,  29,  31,  33,  34,  36,  37,  38,  39,
     40,  46,  48,  50,  51,  56,  57,  58,  59,  61,  65,  66,  69,  70,  74,  75,
     76,  77,  78,  79,  80,  81,  82,  83,  85,  86,  88,  89,  91,  92,  93,  94,
      2,   7,  10,  27,  28,  29,  31,  33,  34,  35,  36,  37,  38,  40,  46,  47,
     48,  49,  50,  51,  53,  56,  57,  58,  59,  61,  65,  66,  69,  74,  75,  76,
     77,  78,  79,  80,  81,  82,  83,  85,  86,  87,  88,  89,  91,  92,  94,   0,
      1,   5,   6,   7,   9,  10,  11,  12,  28,  29,  31,  33,  34,  37,  38,  39,
     40,  41,  43,  46,  48,  50,  51,  52,  56,  57,  59,  60,  61,  65,  66,  70,
     72,  74,  75,  76,  77,  78,  79,  80,  81,  82,  83,  85,  86,  88,  89,  91,
     92,  93,   1,   5,   6,   7,   9,  10,  11,  12,  27,  28,  29,  32,  33,  34,
     35,  37,  38,  39,  40,  41,  43,  44,  46,  48,  52,  57,  59,  61,  62,  72,
     74,  75,  76,  77,  81,  82,  83,  85,  86,  91,  92,  93,   7,   9,  10,  11,
     23,  24,  28,  29,  31,  33,  35,  36,  37,  38,  39,  40,  43,  46,  48,  50,
     56,  57,  59,  61,  65,  72,  74,  75,  76,  77,  81,  82,  83,  85,  86,  91,
     92,  93,   1,   2,   5,   6,   7,   9,  10,  11,  12,  27,  28,  29,  31,  33,
     35,  37,  38,  39,  40,  41,  43,  46,  48,  49,  50,  51,  55,  57,  58,  59,
     60,  61,  62,  65,  72,  74,  75,  76,  77,  78,  79,  80,  81,  82,  83,  84,
     85,  86,  88,  89,  91,  92,  93,   0,   2,   5,   7,   9,  10,  11,  12,  23,
     24,  27,  28,  29,  31,  33,  34,  35,  37,  38,  39,  40,  43,  46,  48,  50,
     54,  55,  56,  58,  59,  60,  61,  62,  65,  66,  70,  72,  74,  75,  76,  77,
     78,  79,  80,  81,  82,  83,  84,  85,  86,  87,  88,  92,  93,   0,   2,   5,
      7,   9,  10,  11,  12,  23,  24,  27,  29,  33,  34,  35,  37,  39,  40,  46,
     48,  50,  51,  54,  55,  56,  57,  58,  59,  60,  61,  62,  65,  66,  70,  72,
     74,  75,  76,  77,  78,  79,  80,  81,  82,  83,  84,  85,  86,  87,  88,  89,
     91,  92,  93,   0,   2,   5,   7,   9,  10,  11,  12,  23,  24,  27,  29,  33,
     34,  35,  38,  39,  40,  46,  48,  50,  54,  55,  56,  57,  58,  60,  62,  65,
     66,  70,  72,  74,  75,  76,  77,  78,  79,  80,  81,  82,  83,  84,  85,  86,
     87,  88,  91,  92,  93,   5,   7,   9,  10,  11,  28,  29,  31,  33,  34,  35,
     37,  38,  40,  46,  48,  50,  51,  56,  57,  58,  59,  61,  66,  70,  74,  75,
     76,  77,  78,  79,  80,  81,  82,  83,  85,  86,  88,  89,  91,  92,  93,   0,
      5,   7,   9,  10,  11,  12,  23,  24,  27,  28,  29,  31,  33,  34,  35,  37,
     38,  39,  40,  43,  46,  48,  50,  54,  55,  56,  57,  58,  59,  60,  61,  62,
     65,  66,  70,  72,  74,  75,  76,  77,  79,  80,  81,  82,  83,  84,  85,  86,
     87,  88,  91,  92,  93,   7,   9,  10,  11,  27,  28,  31,  34,  43,  48,  50,
     53,  56,  57,  58,  59,  61,  65,  66,  77,  81,  82,  83,  91,  92,  93,  17,
     20,  31,  48,  50,  52,  56,  59,  60,  61,  77,  81,  82,  83,  13,  14,  15,
     16,  17,  18,  19,  20,  21,  22,  31,  34,  35,  36,  37,  38,  40,  46,  47,
     48,  49,  50,  51,  52,  53,  56,  57,  58,  59,  61,  74,  75,  76,  77,  78,
     79,  80,  81,  82,  83,  85,  86,  87,  88,  89,  52,  52,   1,   2,   5,   6,
      7,  10,  27,  28,  35,  37,  38,  40,  43,  44,  48,  49,  51,  56,  57,  58,
     59,  61,  65,  77,  78,  79,  80,  81,  82,  83,  88,  89,  91,  92,   1,   2,
      5,   6,   7,   9,  10,  11,  12,  27,  33,  34,  35,  36,  37,  38,  39,  40,
     41,  43,  44,  46,  48,  49,  51,  56,  57,  59,  60,  61,  62,  65,  66,  70,
     74,  75,  76,  77,  78,  79,  80,  81,  82,  83,  85,  86,  88,  89,  91,  92,
     93,   1,   2,   6,   7,   9,  11,  12,  14,  15,  16,  22,  23,  24,  27,  29,
     33,  34,  35,  37,  38,  39,  40,  41,  43,  46,  47,  48,  49,  53,  59,  60,
     61,  62,  65,  66,  69,  74,  75,  76,  77,  81,  82,  83,  85,  86,  87,  91,
     92,  93,   1,   2,   5,   6,   7,   9,  11,  23,  24,  27,  28,  35,  37,  38,
     40,  43,  44,  46,  49,  50,  57,  59,  60,  61,  62,  65,  74,  75,  76,  85,
     86,  91,  92,  93,   2,   5,   7,   9,  10,  11,  12,  27,  46,  48,  49,  50,
     51,  56,  57,  59,  60,  61,  65,  66,  69,  74,  75,  76,  77,  78,  79,  80,
     81,  82,  83,  85,  86,  87,  88,  89,  91,  92,  93,  94,   7,  27,  35,  43,
     52,  59,  61,  91,  27,  35,  37,  38,  40,  43,  49,  51,  57,  59,  61,  65,
     78,  79,  80,  88,  89,  91,  92,  52,   5,   7,   9,  10,  11,  23,  24,  27,
     28,  33,  35,  37,  38,  40,  43,  46,  48,  51,  56,  57,  58,  59,  60,  61,
     65,  66,  69,  70,  74,  75,  76,  77,  78,  79,  80,  81,  82,  83,  85,  86,
     88,  89,  91,  92,  93,  94,   7,   9,  11,  27,  28,  31,  37,  38,  40,  43,
     46,  47,  48,  50,  51,  53,  56,  57,  58,  59,  61,  65,  66,  69,  74,  75,
     76,  77,  78,  79,  80,  81,  82,  83,  85,  86,  87,  88,  89,  91,  92,  93,
     94,   6,   7,   9,  12,  24,  27,  28,  35,  37,  38,  40,  42,  43,  44,  45,
     50,  52,  55,  56,  59,  60,  61,  65,  71,  84,  89,  91,  92,  93,   0,   2,
      5,   9,  11,  27,  29,  33,  35,  37,  39,  40,  43,  46,  47,  48,  49,  50,
     51,  53,  54,  55,  56,  57,  58,  59,  60,  61,  65,  66,  74,  75,  76,  77,
     78,  79,  80,  81,  82,  83,  84,  85,  86,  87,  88,  89,  91,  92,  93,   2,
      6,   7,   9,  10,  11,  12,  23,  24,  27,  28,  29,  31,  33,  34,  35,  36,
     37,  38,  39,  40,  43,  46,  48,  49,  51,  57,  59,  60,  61,  62,  65,  66,
     74,  75,  76,  77,  78,  79,  80,  81,  82,  83,  85,  86,  88,  89,  91,  92,
     93,   2,   5,   6,  10,  27,  28,  31,  43,  46,  48,  49,  50,  51,  56,  57,
     59,  60,  61,  62,  65,  66,  74,  75,  76,  77,  78,  79,  80,  81,  82,  83,
     85,  86,  88,  89,  91,  92,   7,  27,  35,  37,  38,  40,  43,  59,  61,   0,
      1,   5,   6,   7,   9,  10,  11,  12,  23,  24,  27,  28,  29,  33,  35,  37,
     38,  39,  40,  41,  43,  46,  48,  49,  50,  51,  56,  57,  59,  61,  65,  69,
     74,  75,  76,  77,  78,  79,  80,  81,  82,  83,  85,  86,  88,  89,  91,  93,
     94,   5,   7,   9,  10,  11,  23,  24,  27,  28,  35,  37,  40,  43,  46,  48,
     49,  50,  56,  58,  60,  65,  66,  69,  74,  75,  76,  77,  81,  82,  83,  85,
     86,  91,  92,  93,   5,   9,  10,  11,  27,  28,  35,  37,  40,  43,  46,  48,
     49,  57,  59,  61,  65,  66,  69,  74,  75,  76,  77,  81,  82,  83,  85,  86,
     91,  92,  93,  52,  33,  34,  35,  36,  37,  38,  40,  46,  48,  52,  59,  60,
     61,  74,  75,  76,  77,  81,  82,  83,  85,  86,  13,  14,  16,  18,  21,  22,
     15,  16,  21,  22,  52,  29,  33,  34,  35,  37,  38,  40,  41,  46,  47,  48,
     49,  50,  53,  56,  57,  59,  60,  61,  62,  72,  74,  75,  76,  77,  81,  82,
     83,  85,  86,  87,  33,  35,  37,  38,  40,  46,  48,  50,  56,  57,  59,  61,
     71,  74,  75,  76,  77,  81,  82,  83,  85,  86,  14,  20,  87,  35,  37,  38,
     40,  46,  49,  57,  59,  60,  61,  62,  74,  75,  76,  85,  86,  35,  37,  38,
     39,  40,  41,  48,  49,  56,  57,  59,  60,  61,  71,  77,  81,  82,  83,  30,
     31,  33,  34,  35,  36,  37,  38,  40,  41,  46,  47,  48,  49,  50,  51,  52,
     53,  54,  56,  57,  58,  59,  60,  61,  62,  73,  74,  75,  76,  77,  78,  79,
     80,  81,  82,  83,  85,  86,  87,  88,  89,  91,  92,   6,   7,   9,  10,  11,
     12,  27,  28,  29,  33,  37,  39,  43,  46,  48,  51,  56,  57,  59,  60,  61,
     62,  69,  72,  74,  75,  76,  77,  78,  79,  80,  81,  82,  83,  85,  86,  88,
     89,  91,  92,  93,  94,   1,   7,  27,  28,  43,  59,  61,  65,  66,  91,  92,
      2,  27,  44,  47,  53,  67,  68,  84,  87,  92,  44,  47,  53,  64,  87,   7,
      9,  11,  12,  23,  24,  27,  29,  33,  35,  37,  38,  39,  41,  43,  46,  51,
     56,  59,  60,  61,  65,  70,  74,  75,  76,  78,  79,  80,  85,  86,  88,  89,
     91,  92,  93,   0,   1,   2,   5,   6,   7,   9,  10,  11,  12,  27,  28,  29,
     31,  33,  34,  35,  36,  37,  38,  39,  40,  43,  46,  47,  48,  49,  50,  51,
     52,  53,  56,  57,  58,  59,  61,  65,  66,  74,  75,  76,  77,  78,  79,  80,
     81,  82,  83,  85,  86,  87,  88,  89,  91,  92,  93,   1,   2,   5,   6,   7,
     10,  27,  28,  35,  37,  38,  40,  43,  44,  48,  49,  51,  52,  56,  57,  58,
     59,  61,  65,  77,  78,  79,  80,  81,  82,  83,  88,  89,  91,  92,   2,   5,
      6,   7,   9,  10,  11,  12,  23,  24,  27,  28,  43,  44,  45,  46,  47,  48,
     49,  50,  52,  53,  54,  55,  56,  58,  60,  62,  66,  69,  70,  74,  75,  76,
     77,  81,  82,  83,  84,  85,  86,  87,  91,  92,  93,  94,  27,   7,   9,  11,
     28,  31,  33,  34,  35,  48,  50,  52,  56,  57,  58,  59,  61,  65,  66,  77,
     81,  82,  83,  91,  93,  79,  87,  31,  46,  48,  50,  52,  59,  61,  74,  75,
     76,  77,  81,  82,  83,  85,  86,  52,   7,   9,  11,  27,  28,  31,  37,  38,
     40,  43,  46,  47,  48,  50,  51,  52,  53,  56,  57,  58,  59,  61,  65,  66,
     69,  74,  75,  76,  77,  78,  79,  80,  81,  82,  83,  85,  86,  87,  88,  89,
     91,  92,  93,  94,   1,   2,   5,   6,   7,   9,  10,  11,  12,  23,  24,  27,
     28,  43,  44,  45,  46,  48,  49,  50,  54,  55,  56,  58,  59,  60,  61,  66,
     69,  70,  74,  75,  76,  77,  81,  82,  83,  85,  86,  91,  92,  93,   1,   2,
      5,   6,   7,   9,  10,  11,  12,  27,  33,  34,  35,  36,  37,  38,  39,  40,
     41,  43,  44,  46,  48,  49,  51,  56,  57,  59,  60,  61,  62,  65,  66,  70,
     74,  75,  76,  77,  78,  79,  80,  81,  82,  83,  85,  86,  88,  89,  91,  92,
     93,  90,   2,   5,   6,  10,  27,  28,  31,  43,  46,  48,  49,  50,  51,  52,
     56,  57,  59,  60,  61,  62,  65,  66,  74,  75,  76,  77,  78,  79,  80,  81,
     82,  83,  85,  86,  88,  89,  91,  92,   2,   5,   6,  10,  27,  28,  31,  43,
     44,  46,  48,  49,  50,  51,  52,  56,  57,  59,  60,  61,  62,  65,  66,  74,
     75,  76,  77,  78,  79,  80,  81,  82,  83,  85,  86,  88,  89,  91,  92,   7,
     27,  35,  37,  38,  40,  43,  52,  59,  61,   2,   5,   6,  10,  27,  28,  31,
     43,  46,  48,  49,  50,  51,  52,  56,  57,  59,  60,  61,  62,  65,  66,  74,
     75,  76,  77,  78,  79,  80,  81,  82,  83,  85,  86,  88,  89,  91,  92,   9,
     11,  29,  31,  33,  34,  35,  37,  38,  39,  40,  41,  46,  48,  49,  54,  55,
     56,  57,  58,  59,  60,  61,  62,  71,  72,  74,  75,  76,  77,  81,  82,  83,
     84,  85,  86,  93,   9,  11,  29,  31,  33,  34,  35,  37,  38,  39,  40,  41,
     46,  48,  49,  50,  54,  55,  56,  57,  59,  60,  61,  62,  71,  72,  74,  75,
     76,  77,  81,  82,  83,  84,  85,  86,  93,  35,  37,  38,  40,  46,  49,  57,
     59,  61,  74,  75,  76,  85,  86,  13,  14,  15,  16,  17,  20,  14,  22,
};

static const int8_t atkinson_hn_16_italicKernSparseValues[] = {
      -5,  -11,  -11,  -11,  -16,   -6,   -6,   10,  -22,   21,  -11,  -27,  -69,   -1,   16,   11,
      11,   -6,  -16,   16,  -11,   17,   -6,   -6,   -6,  -16,  -16,  -16,  -16,   -6,   -6,   -5,
       5,  -10,   -4,  -14,  -37,  -16,  -30,  -15,  -48,    4,   -1,   -3,   -4,  -18,  -18,    4,
       4,    4,   -1,   -1,   -1,   -1,    4,    4,  -11,  -11,   -5,  -11,  -11,  -16,   -1,   33,
      -5,   -3,   -3,  -11,  -11,  -11,  -16,  -16,  -16,  -16,  -11,  -11,  -28,  -28,  -31,    2,
     -37,   11,   -5,   -5,   -5,   -4,   -4,   -4,   15,    5,   -3,  -53,   -4,   -4,   -4,   -4,
      -4,  -28,  -16,   11,  -10,  -33,  -13,  -22,   -9,  -10,   -9,  -13,   -5,  -10,  -11,    8,
     -27,  -11,  -20,  -38,  -32,  -28,  -22,    5,  -38,   -3,   -5,  -14,   -8,   14,   -5,   -9,
     -20,  -28,    3,  -28,    4,   -3,   -3,   -3,  -14,  -14,  -14,  -14,   -3,   -3,   -5,  -34,
     -37,   11,   -5,   22,    5,    3,  -13,   -6,    6,   20,   -4,  -21,  -21,   -9,   -5,   -7,
       5,    5,   -5,   11,   -4,   -5,  -10,   -3,  -10,   -4,    5,    5,    5,    5,  -33,  -13,
     -22,   -9,  -10,   -9,  -13,   -5,  -10,  -11,    8,  -27,  -11,  -20,  -38,  -32,  -28,  -22,
       5,  -38,   -3,   -5,  -14,   -8,   -5,   -9,  -20,  -28,    3,  -28,    4,   -3,   -3,   -3,
     -14,  -14,  -14,  -14,   -3,   -3,   -5,  -34,  -37,  -54,    3,    5,    5,  -19,    3,   27,
       4,  -22,  -13,  -51,  -10,   21,   11,  -18,  -25,    5,  -12,  -11,  -16,  -19,  -21,  -11,
     -18,  -11,  -29,  -18,  -18,  -18,  -25,  -25,  -25,  -25,  -16,  -18,  -18,   -4,  -11,   11,
      11,   11,   -3,   -7,    5,    3,   -5,    3,   -5,  -13,   -9,   11,   -4,   -5,  -10,    3,
      -5,   -8,   -4,  -13,  -10,   -3,    8,    8,   -8,   -5,    5,   -5,   -4,   -3,  -20,   -9,
       8,   -4,  -21,   11,   11,   -5,   -4,   -5,   -3,    5,   -5,  -23,  -20,  -10,   -7,  -13,
       5,  -11,   -5,   -2,   -9,   -6,   -5,   -5,   -3,    5,    5,   -6,   -3,  -14,    5,   -2,
      -3,   -8,   -8,  -14,   -3,   -5,  -12,   -3,   -3,   -3,   -3,    5,   -5,   21,   16,    5,
     -11,    1,  -11,  -21,    4,    5,    3,    8,  -22,    4,   16,  -11,    3,    5,    5,    1,
      26,    5,    5,    5,    5,  -11,    1,    5,  -11,   -3,   -1,   11,   -4,   11,   -1,   -4,
     -16,   -3,   -3,   -4,   -4,   -5,  -15,   -3,  -26,   -4,   -4,   -6,   -4,   -4,   -4,   -4,
      11,   -6,   -7,   -2,    1,  -21,   -3,   -7,  -11,   -5,   -1,    3,   -5,    3,   -3,  -17,
       5,   -5,  -11,    5,    5,    5,    5,   -4,    5,  -16,  -14,   -9,  -22,   -3,   -4,   -3,
      -4,   -3,   -3,   -3,   -3,   -9,   -2,   -9,  -27,    4,   -9,   -2,  -30,  -16,   -8,    5,
     -30,    6,    4,   -5,   -4,  -21,   -8,   -5,   -8,    1,    5,    4,    4,    4,    4,    4,
      -5,   -9,  -27,  -10,  -11,  -48,    2,   -6,    2,    6,  -27,   -8,   12,  -20,   -6,  -14,
     -33,  -27,  -29,  -21,    9,  -36,  -36,   -3,   -4,  -14,   -8,   -8,   -4,   -7,   -4,  -16,
     -15,  -22,  -22,  -24,   -5,   -3,   -3,   -3,  -14,   -4,   -4,   -4,  -14,  -14,  -14,   -3,
      -3,   -4,   -4,   -4,  -48,  -52,    2,   -5,  -14,    8,   -3,    8,   -5,    1,   -3,    4,
      -5,    4,   -5,  -11,  -15,  -12,  -11,  -22,    1,   -8,    2,    1,   -3,   -2,   -2,   -3,
      -3,    3,    5,   -4,    2,    2,    2,    1,   -2,   -2,   -2,    1,    1,    1,    2,    2,
      -2,   -2,   -4,   -6,    8,   -1,   -6,  -12,   11,   -5,   11,    7,   -6,    4,  -11,    2,
       4,   -9,   -8,    2,  -19,   12,    5,    1,   -4,    1,    4,    2,   -3,   -2,   -4,    5,
      -4,    4,    5,   -5,  -10,    2,    5,    5,    5,    1,    1,    1,    1,    5,    5,   -7,
      -6,   11,  -10,   -3,    5,   -5,  -11,   -5,    6,   -5,  -13,  -22,    4,   -2,  -15,    5,
      -5,  -17,  -23,  -13,   -9,  -34,  -14,  -29,   -5,    9,    3,   -3,   -4,   -4,   -3,  -17,
       9,    9,    9,    3,    3,    3,    3,    9,    9,  -10,  -10,   -5,   -5,   -3,   -3,  -10,
     -14,   -1,   -4,    5,   -8,   -6,   -3,   -3,   -5,   -5,   -5,    5,   -5,   -8,   -8,   -8,
      -8,   -5,   -3,   -4,  -26,  -26,  -31,   -3,   -3,    2,  -21,   -3,  -26,   -9,   -4,    3,
      -3,   -3,    5,    5,  -43,   -4,   -4,   -4,    3,   10,   15,   15,    3,    3,    3,   -4,
      -4,   15,  -26,    4,  -21,  -21,   -5,  -17,  -21,  -15,   -1,  -29,   -4,   -4,   -4,   -8,
      -8,  -11,  -15,   -5,  -16,  -11,  -11,  -11,   -5,   -5,   -5,  -16,  -16,  -16,  -16,   -5,
      -5,  -15,  -15,  -11,  -11,   -3,   -3,    7,   -4,   -9,    7,    7,    7,    7,    7,  -15,
     -11,  -11,   -9,   -7,  -11,   -7,  -10,  -13,    8,  -26,  -12,   -5,  -15,   -7,  -11,    5,
      -1,   -6,  -29,  -25,  -12,  -13,   -9,  -21,  -22,  -22,   11,  -22,  -11,  -11,   -6,   -6,
      -6,  -29,  -12,  -12,  -12,  -29,  -29,  -29,   -6,   -6,  -12,  -12,   -5,  -13,   -7,  -11,
     -47,  -48,   -9,  -33,   -8,    5,  -24,   -4,  -11,  -38,  -16,  -38,  -28,  -49,    1,   -3,
     -11,   -3,   -5,   -3,   -3,   -6,   -4,   -7,   -9,   -9,  -18,  -27,  -11,    1,    1,    1,
     -11,   -3,   -3,   -3,  -11,  -11,  -11,    1,    1,   -3,   -3,   -3,  -75,  -64,  -11,  -16,
      -3,    6,   -5,   -4,  -27,    6,  -27,  -27,    6,  -19,    4,  -42,   -3,   -3,   -7,  -17,
     -14,   -5,  -11,    7,    1,    8,    9,    3,    3,   -2,    8,   -3,    8,   11,   -4,    5,
     -49,    7,    7,    7,    1,    9,    9,    9,    1,    1,    1,    7,    7,    9,    9,    2,
      -6,  -27,   -3,    5,   -5,  -11,   13,    6,   13,   -8,  -22,    4,   19,  -15,    5,   -5,
     -17,  -23,  -13,    5,  -34,  -15,  -29,   -5,    9,    3,   11,   -3,   -4,   -4,   -3,   10,
       9,    9,    9,    3,    3,    3,    3,    9,    9,  -10,  -10,   13,   -8,   -4,  -10,   -4,
      -1,   -1,    5,    4,   -2,  -12,   -7,   -5,  -12,   -8,   -1,  -16,  -12,    9,    4,    8,
       3,   -3,   -3,   -3,   11,   -5,    9,    9,    9,    4,    4,    4,    4,    9,    9,   -4,
      -6,   -4,    5,   -1,    1,    5,  -14,   10,    6,   10,   -5,  -10,   -2,    4,   -4,    1,
     -13,  -16,   -8,    5,  -22,    5,  -12,    4,   -3,   -5,   -3,   -3,   -3,  -12,   -2,  -13,
       5,  -13,    5,    5,  -17,    4,    4,    4,   -3,   -3,   -3,   -3,   -3,   -3,   -3,   -3,
       4,    4,   -3,   -3,  -14,  -14,   10,  -11,   16,  -24,   11,  -38,  -21,  -38,  -53,  -16,
     -16,   11,   -9,  -22,   -9,  -50,   -2,   11,   11,   11,    5,   15,   21,  -31,  -37,  -37,
     -17,  -21,  -17,  -21,  -15,  -26,  -15,  -21,   16,  -38,   -2,  -43,  -47,  -46,  -52,  -37,
      21,   31,   31,  -63,  -59,  -63,  -21,  -52,  -53,   16,   26,   16,  -38,  -11,   11,  -21,
      -4,  -11,  -11,  -11,  -21,   -8,   -8,    8,  -17,  -30,    4,   11,    9,    1,   15,   -6,
     -12,   -6,   10,  -14,  -13,   -9,    2,  -11,   -5,   -4,   -5,    3,   16,  -22,   -5,  -38,
      -9,  -14,  -14,  -12,   10,   29,   34,  -12,  -12,  -12,  -13,   -6,   -6,    4,   23,   10,
       3,    3,  -11,  -11,   11,  -10,   -4,  -11,    3,  -11,  -11,   -8,   -8,    8,  -11,  -25,
       3,   11,    1,   -3,   12,    4,   -7,   -7,   -2,   -2,    3,    2,   -5,    2,    3,   11,
     -16,    5,  -33,    4,    4,    4,   -7,   15,   21,   21,   -7,   -7,   -7,   -2,    4,    4,
       4,   21,    3,    3,  -11,  -10,   -3,    2,  -16,    2,  -11,    9,  -14,   -8,   -6,    5,
       1,   -3,    8,   -9,  -24,  -11,   -3,   -4,   -6,   -9,   -8,   -8,  -17,   -5,   -9,   -9,
      -9,  -24,   -3,   -3,   -3,  -24,  -24,  -24,   -9,   -9,   -3,   -3,   -6,   -4,    2,  -16,
     -27,    2,  -38,    3,  -38,  -53,   -9,   -9,    1,   -2,  -22,   -4,  -46,    2,   15,   15,
      12,    8,   22,   11,  -20,  -27,  -28,  -20,  -25,  -18,   -4,  -19,  -11,   -8,  -11,  -13,
      16,  -33,  -17,  -65,  -20,  -33,  -38,  -54,   15,   21,  -27,  -27,  -54,  -25,  -20,  -20,
       3,   21,    5,    3,  -38,   -6,   -3,   -5,   -3,    1,   -9,  -16,    2,   -4,  -15,   -4,
      -2,   -3,   -4,   -6,   -3,   -3,   11,  -16,  -15,  -15,  -15,  -15,   -2,   -4,   -3,  -10,
      16,   -5,   -4,   -4,   30,   -4,   -3,   -3,   -3,   -4,   -4,   -4,   -4,  -16,  -13,   -5,
     -14,   -7,   -9,  -15,   -9,  -13,  -11,  -33,  -12,  -53,  -27,  -36,  -21,  -66,   -3,  -10,
     -14,   -7,  -12,  -12,   16,  -10,   -4,   -9,  -11,  -25,  -25,   -3,   -3,   -3,  -14,  -12,
     -12,  -12,  -14,  -14,  -14,   -3,   -3,  -10,  -12,  -12,    9,   18,   -3,  -21,   -4,  -11,
     -16,   -5,  -34,   -4,  -37,  -20,  -11,  -25,  -42,   -5,   -5,   -8,   -4,   -9,  -11,   -5,
     -15,  -15,   -7,   -5,   -4,   -4,   -4,   -5,   -5,   -5,   -4,   -4,  -25,  -27,    3,   -5,
       3,  -16,  -23,    4,    5,    4,    3,  -27,    5,   -4,  -53,   -5,  -24,  -19,   -7,  -43,
       3,  -39,   -4,    5,    2,   -5,   -4,   -4,  -12,  -13,  -11,  -13,   -8,   -5,  -11,  -12,
       5,    5,    5,    2,   -4,   -4,   -4,    2,    2,    2,    5,    5,   -4,   -4,  -28,  -20,
       4,    3,    5,   -5,  -11,    7,    7,   11,  -10,    5,   -3,   -9,    7,    7,  -16,   11,
       2,   -9,  -44,  -14,  -13,    9,  -25,    5,  -16,    3,    8,   -5,    4,    8,   -7,    4,
      -7,    6,   -3,   -5,   -5,    3,    3,    3,   -5,   -5,   -5,   -5,    3,    3,    8,   -7,
      -5,    7,    3,  -16,    5,  -16,  -16,    5,    5,    5,    5,  -27,    5,  -41,  -24,  -19,
     -46,  -36,   -2,    4,   -8,    3,   -4,  -10,   -6,  -10,   -4,   -5,    4,    4,    4,    4,
       4,  -18,  -18,    5,   16,    3,   21,  -19,  -11,  -19,  -11,    8,   -5,  -11,    4,   -6,
       5,   -4,    3,    5,   -2,    5,    8,    5,    5,   -5,   -5,   -5,  -11,    5,   21,   26,
     -11,  -11,  -11,   -5,   -5,    5,   26,    5,    5,   22,  -19,    5,  -11,   -5,  -17,  -20,
      11,   -3,   -3,   -7,  -22,  -32,  -14,  -10,  -16,  -36,   -3,   -3,  -14,  -17,  -17,   -5,
      -3,   -3,   -3,   -3,   -3,  -29,  -28,    7,  -17,  -11,   -5,  -19,   -5,   -2,   -2,   -5,
     -10,   -7,  -30,   -7,   -5,  -12,   -8,   -4,  -17,   -5,   -6,   -2,   -4,   -1,   12,   -1,
       5,  -15,   -7,   -3,   -4,   -4,   -4,  -17,   -5,   -5,   -5,  -17,  -17,  -17,   -4,   -4,
      -5,   -5,   -4,   -4,   -5,   -7,   -7,    5,    5,   -5,   -5,   -2,   -6,   -4,   -6,  -20,
       7,   -3,   -4,   -7,    3,   -3,   -4,   -2,   -4,   -6,   -6,   -5,   -5,   -5,    7,    7,
       7,   -4,    3,    3,    3,   -4,   -4,   -4,    7,    7,   -3,    3,    3,   -6,   -3,    5,
      -5,   34,  -11,   18,   27,   16,   -5,   -4,  -21,   -7,   -2,  -14,    7,  -20,   46,   21,
      -4,   71,    7,   -7,   -2,   -2,   13,   -4,   32,    7,   28,  -11,   -6,   10,  -11,   26,
       5,  -35,  -35,   -1,    5,    5,   -4,   -2,   -5,   -8,   -6,   -5,    5,   -7,   15,   -5,
      15,    5,    5,    5,    2,   11,    5,    7,   -2,    7,    5,    3,   -5,   -5,   -5,   -7,
      15,   15,   15,   -7,   -7,   -7,    5,   -5,   -5,    5,   15,   15,   11,   14,  -35,  -11,
       5,  -11,    6,   -3,    6,    5,    5,    5,  -24,   -4,    5,   -5,    1,   -4,  -30,   -5,
     -14,   -8,    4,  -22,  -21,    1,   -3,   -6,   -5,   -2,   -9,   -1,   -9,    3,   -5,   -4,
       1,    1,    1,   -3,   -5,   -5,   -5,   -3,   -3,   -3,    1,    1,   -5,   -5,  -26,  -18,
       6,   10,   -4,    5,   -5,   -5,    2,    1,  -10,    3,   -2,    2,    4,    3,   -5,    1,
       3,   -3,    3,   -3,    5,   -5,    3,    3,    3,   -2,    3,    3,    3,   -2,   -2,   -2,
       3,    3,    3,    3,   -6,   -1,  -11,   -5,  -21,   -7,   -2,  -15,  -20,   -3,   -3,   -6,
      -3,    4,   -3,   -8,  -18,   -3,  -18,  -11,    3,    3,   -1,    5,  -12,    4,  -11,   -5,
      -3,   -6,  -10,   -6,  -11,   -2,    2,   12,   -3,   10,   -2,    5,   13,   13,   11,    5,
      -2,   -2,   -2,    2,   10,   10,   10,    2,    2,    2,   -2,   -2,   10,   10,    9,  -18,
       4,   -5,  -11,   -6,   -3,   -6,    1,    1,   -3,    5,  -26,   -7,  -18,   -4,   -2,  -12,
       3,   -6,   -1,   -3,   13,    5,   -5,    5,   -2,   -2,   -2,  -12,  -12,  -12,  -12,   -2,
      -2,   -3,   -3,   -6,    5,    1,   -4,    1,   -4,    5,  -21,   -5,  -18,   -8,    1,   -8,
       5,    5,    5,    5,    5,   -5,    5,    1,    1,    1,   -8,   -8,   -8,   -8,    1,    1,
      -4,   -5,    1,   12,   -4,   -5,  -23,   -5,  -22,  -16,  -22,    1,    3,   22,   -3,   -3,
      -3,    1,    1,    1,    3,    3,    3,    3,    1,    1,   -9,   -4,   -3,   -5,   -5,    2,
       6,    8,    3,    5,   11,   19,   11,    6,  -16,  -16,  -11,  -16,   12,   14,    5,    5,
      -5,    7,    5,   -3,   -9,   -6,   -4,   -6,   11,   16,   14,   14,   14,    5,    5,    5,
       5,   14,   14,    5,   -6,   -2,  -17,   -5,  -27,   -4,  -13,   -2,   -4,   -5,   -3,   -3,
       4,   -4,   -4,   -4,  -13,  -13,  -13,  -13,   -4,   -4,   15,   27,    4,  -11,  -11,  -11,
     -12,    5,   -7,   -7,  -12,   -5,  -12,   -5,    5,    5,    5,    5,    5,  -43,  -22,  -16,
     -17,  -44,  -16,  -11,   -5,   -5,   -5,   -5,   -5,   -5,    2,  -11,  -11,  -11,  -11,  -16,
     -28,  -17,   -8,  -39,  -18,  -25,  -26,  -44,   -2,  -10,   -5,  -27,  -11,  -11,  -16,   32,
      -5,  -13,   -9,   -9,  -17,  -30,   -4,  -50,   -4,   -6,  -10,  -10,  -10,  -27,  -16,  -16,
     -16,  -27,  -27,  -27,  -10,  -10,   -5,  -16,  -12,  -16,  -23,  -21,  -12,    6,   12,    6,
     -18,  -17,    8,    2,    5,  -21,  -12,  -23,    8,    5,   -3,   -2,   -4,   -5,   -6,   -5,
       3,    6,  -27,    8,    8,    8,    5,   -3,   -3,   -3,    5,    5,    5,    8,    8,   -3,
      -3,   -7,  -10,    6,    6,    3,  -18,   -6,   -3,  -23,   -2,   -2,  -11,   -3,  -14,  -13,
       7,    9,    7,    5,    5,    5,    5,    5,    5,    9,    4,    6,    6,   16,    6,  -14,
      -3,   -3,    4,   -5,   -5,   -5,    5,    5,   -8,  -11,  -11,    4,    5,  -16,    6,   -4,
      -4,   -7,   -7,   -7,   -5,   -5,    6,    6,    6,   -4,   -4,   -4,    6,    6,   -4,   -4,
      -9,  -11,   -3,   -5,   -9,  -27,  -10,  -17,  -48,    2,   -6,    2,    6,  -27,   -8,   12,
     -20,   -6,  -14,  -33,  -27,  -29,  -21,    9,  -36,  -36,   -3,   -4,  -14,   -8,   -8,   -4,
      37,   -7,   -4,  -16,  -15,  -22,  -22,  -24,   -5,   -3,   -3,   -3,  -14,   -4,   -4,   -4,
     -14,  -14,  -14,   -3,   -3,   -4,   -4,   -4,  -48,  -52,    2,   -3,  -21,   -4,  -11,  -16,
      -5,  -34,   -4,  -37,  -20,  -11,  -25,  -42,   -5,   -5,   -8,   -4,   19,   -9,  -11,   -5,
     -15,  -15,   -7,   -5,   -4,   -4,   -4,   -5,   -5,   -5,   -4,   -4,  -25,  -27,    9,  -32,
       6,    2,  -38,  -38,  -38,  -38,    4,    4,    8,  -29,   14,    3,  -38,  -19,    1,  -25,
      -6,  -28,    1,    1,  -11,  -11,  -17,  -11,   -3,   -3,  -38,  -38,  -38,  -19,  -19,  -19,
     -25,  -25,  -25,  -25,   -9,  -19,  -19,    1,    8,    8,  -38,  -38,    7,   -5,   -3,   -3,
     -10,  -14,   -1,   -4,    5,   -8,   -6,   21,   -3,   -3,   -5,   -5,   -5,    5,   -5,   -8,
      -8,   -8,   -8,   -5,   -3,    5,    9,  -15,   -5,  -16,  -11,   14,  -11,  -11,   -5,   -5,
      -5,  -16,  -16,  -16,  -16,   -5,   -5,   10,   -7,    5,    5,   -5,   -5,   -2,   -6,   -4,
      -6,  -20,    7,   -3,   -4,   -7,    3,   21,   -3,   -4,   -2,   -4,   -6,   -6,   -5,   -5,
      -5,    7,    7,    7,   -4,    3,    3,    3,   -4,   -4,   -4,    7,    7,   -3,    3,    3,
      -6,   -3,    5,   -5,    1,    7,  -22,    2,   -2,  -27,  -27,  -27,  -26,    5,    5,    8,
     -22,   14,    3,   -7,  -18,  -22,   -6,  -25,  -12,   -2,  -12,  -14,   -1,   -2,   -1,  -27,
     -27,  -27,  -18,  -18,  -18,  -22,  -22,  -22,  -22,  -18,  -18,    4,    7,  -27,    3,   -5,
       3,  -16,  -23,    4,    5,    4,    3,  -27,    5,   -4,  -53,   -5,  -24,  -19,   -7,  -43,
       3,  -73,   -4,    5,    2,   -5,   -4,   -4,  -12,  -13,  -11,  -13,   -8,   -5,  -11,  -12,
       5,    5,    5,    2,   -4,   -4,   -4,    2,    2,    2,    5,    5,   -4,   -4,  -28,  -20,
       4,  -11,   10,   -4,    5,   -5,   -5,    2,    1,  -10,    3,   -2,    2,    4,    3,   23,
      -5,    1,    3,   -3,    3,   -3,    5,   -5,    3,    3,    3,   -2,    3,    3,    3,   -2,
      -2,   -2,    3,    3,    3,    3,   -6,   -1,   10,   -4,    5,   -5,   -5,    2,    1,   -4,
       5,    3,   -2,    2,    4,    3,    5,   -5,    1,    3,   -3,    3,   -3,    5,   -5,    3,
       3,    3,   -2,    3,    3,    3,   -2,   -2,   -2,    3,    3,    3,    3,   -6,   -1,  -11,
      -5,  -21,   -7,   -2,  -15,  -20,   11,   -3,   -3,   10,   -4,    5,   -5,   -5,    2,    1,
     -10,    3,   -2,    2,    4,    3,   21,   -5,    1,    3,   -3,    3,   -3,    5,   -5,    3,
       3,    3,   -2,    3,    3,    3,   -2,   -2,   -2,    3,    3,    3,    3,   -6,   -1,  -27,
     -27,  -36,    5,  -43,   -4,    9,   -3,   -3,   -5,   -4,   -5,   -4,  -14,   16,    3,    3,
     -13,   16,    3,    7,   -2,    7,   -3,  -29,  -57,   -4,   -4,   -4,  -14,  -14,  -14,  -14,
       3,   -4,   -4,  -27,  -27,  -27,  -28,  -16,  -74,   -8,   16,   -4,   -1,   -7,   -4,   -4,
     -12,  -18,   12,  -16,   -3,    4,  -17,    3,    3,    3,    3,    3,  -29,  -52,  -12,  -12,
     -12,  -18,  -18,  -18,  -18,    4,  -12,  -12,  -27,  -11,  -11,  -11,  -12,    5,   -7,   -7,
     -11,  -11,    5,    5,    5,    5,    5,   -5,   -5,    5,   -3,    1,   -4,   -9,  -10,
};

static const EpdFontData atkinson_hn_16_italic = {
    atkinson_hn_16_italicBitmaps,
    atkinson_hn_16_italicGlyphs,
    atkinson_hn_16_italicIntervals,
    51,
    40,
    27,
    -9,
    true,
    atkinson_hn_16_italicGroups,
    9,
    nullptr,
    nullptr,  // kernLeftClasses: built-in fonts use the split arrays below
    nullptr,  // kernRightClasses
    atkinson_hn_16_italicKernLeftCodepoints,
    atkinson_hn_16_italicKernLeftClassIds,
    atkinson_hn_16_italicKernRightCodepoints,
    atkinson_hn_16_italicKernRightClassIds,
    nullptr,  // kernMatrix: built-in fonts use the sparse form below
    atkinson_hn_16_italicKernRowOffsets,
    atkinson_hn_16_italicKernSparseCols,
    atkinson_hn_16_italicKernSparseValues,
    259,
    257,
    105,
    97,
    nullptr,
    0,
};
