/**
 * generated by fontconvert.py
 * name: atkinson_hn_16_bold
 * size: 16
 * mode: 2-bit  compressed: true
 * Command used: fontconvert.py atkinson_hn_16_bold 16 ../builtinFonts/source/AtkinsonHyperlegibleNext/AtkinsonHyperlegibleNext-Bold.otf ../builtinFonts/source/NotoSansHebrew/NotoSansHebrew-Regular.ttf ../builtinFonts/source/NotoSansArabic/NotoSansArabic-Regular.ttf --2bit --compress --pnum --zopfli
 */
#pragma once
#include "EpdFontData.h"

static const uint8_t atkinson_hn_16_boldBitmaps[10775] = {
    0xAD, 0x99, 0xD7, 0xFA, 0xEC, 0xB8, 0x52, 0xC5, 0xCB, 0xDD, 0x9C, 0xE9, 0xEF, 0xC3, 0x17, 0x22,
    0x67, 0xF0, 0x35, 0xD1, 0x0F, 0x30, 0x41, 0x26, 0xE7, 0x9C, 0x33, 0x4F, 0xC0, 0xBC, 0x01, 0xEE,
    0x2B, 0x72, 0x98, 0x37, 0x80, 0xB7, 0x20, 0x63, 0x93, 0x33, 0x98, 0x9C, 0xC1, 0xE4, 0x0C, 0x3E,
    0x33, 0x1E, 0xC6, 0xE7, 0x3B, 0xB2, 0x17, 0xB5, 0x96, 0xDA, 0xFB, 0xDF, 0xBB, 0x77, 0x0E, 0xFF,
    0xAD, 0xFE, 0xA9, 0x5B, 0xA1, 0x54, 0x92, 0xAA, 0xCA, 0x92, 0x77, 0x9D, 0xAE, 0xFE, 0x2D, 0xD5,
    0x1C, 0xE6, 0x30, 0xED, 0xFF, 0xCC, 0xFF, 0xC2, 0x14, 0x13, 0xFF, 0xD5, 0xA9, 0x9C, 0xF0, 0xFB,
    0x09, 0xBF, 0x9D, 0x3A, 0x4F, 0x3F, 0xB4, 0x74, 0xDF, 0xB7, 0xB4, 0x9E, 0xBE, 0x70, 0x8E, 0x9F,
    0x3B, 0x5B, 0x01, 0xEB, 0x7A, 0xB3, 0x03, 0x0C, 0x9E, 0x1D, 0xEF, 0xB2, 0xB3, 0x15, 0xDF, 0x88,
    0xAF, 0xC7, 0x9F, 0x34, 0x27, 0xF0, 0xEF, 0x5C, 0x5E, 0x67, 0x4D, 0x50, 0x66, 0x56, 0xA6, 0x23,
    0x38, 0x54, 0x3A, 0x6E, 0xCC, 0x96, 0xE3, 0xCA, 0x6C, 0x3E, 0x79, 0x56, 0xB3, 0xC5, 0x6A, 0x91,
    0x59, 0xBA, 0xC9, 0x3E, 0xBA, 0x7D, 0xF7, 0xCD, 0xF5, 0xEB, 0xCC, 0xE2, 0x18, 0x66, 0xF3, 0x6C,
    0xA8, 0xA8, 0x71, 0xDB, 0x5F, 0xB2, 0x9A, 0x99, 0xBD, 0x7E, 0x1F, 0x4A, 0x78, 0xCB, 0x0E, 0x68,
    0x8E, 0x00, 0x46, 0x8E, 0x3F, 0x57, 0xEB, 0xEB, 0xED, 0x52, 0xCF, 0xAF, 0x87, 0x26, 0xCE, 0xDE,
    0xA4, 0x4E, 0x8E, 0x0A, 0x2B, 0xDB, 0x7A, 0xE3, 0x03, 0xD5, 0xE5, 0x80, 0x93, 0x15, 0x1D, 0x92,
    0xD9, 0x1B, 0xED, 0xEA, 0xA2, 0xC2, 0x56, 0x0C, 0xAF, 0x9F, 0xB6, 0x7A, 0x7A, 0xBD, 0x5C, 0xE3,
    0xF6, 0x7A, 0x9D, 0x28, 0x6A, 0x39, 0x51, 0xA8, 0x39, 0x1A, 0xEF, 0xFC, 0x4F, 0x0F, 0x0C, 0xDE,
    0x4E, 0x2E, 0x7E, 0x72, 0x91, 0x1B, 0xD5, 0xB3, 0x92, 0x92, 0xC1, 0xC1, 0x30, 0x70, 0xE2, 0x71,
    0x8C, 0xD3, 0x29, 0x79, 0xDE, 0x6B, 0xED, 0x95, 0xC7, 0x21, 0xE7, 0x5C, 0xDD, 0x38, 0xB7, 0xA3,
    0x96, 0x09, 0xF8, 0xE5, 0xF5, 0x95, 0xC5, 0x4E, 0xC0, 0x97, 0x2E, 0x11, 0xE7, 0x02, 0x6B, 0x35,
    0x51, 0xC1, 0x7A, 0x8C, 0xBF, 0x0C, 0x70, 0x29, 0xF0, 0x85, 0x5B, 0x70, 0x49, 0x05, 0x4A, 0xAD,
    0xE5, 0x31, 0x85, 0xE9, 0xB0, 0x72, 0x49, 0xCB, 0x99, 0xBF, 0xEB, 0xF1, 0x94, 0x38, 0x52, 0xDB,
    0x1F, 0x81, 0xC5, 0xA8, 0x04, 0xFB, 0x53, 0x89, 0x16, 0xBD, 0xB1, 0xAA, 0xDC, 0xB8, 0x9D, 0x83,
    0x51, 0xBD, 0x64, 0x2C, 0x87, 0x93, 0x53, 0x73, 0x9E, 0xB9, 0xAF, 0xF0, 0xEE, 0xCE, 0xC6, 0x69,
    0xE8, 0x71, 0x76, 0xBE, 0xC7, 0x36, 0x11, 0x9B, 0xB3, 0xA6, 0x5C, 0xEB, 0x30, 0x7C, 0xC2, 0x5B,
    0x47, 0xA0, 0x8F, 0x43, 0x00, 0xA6, 0xD8, 0xD3, 0x92, 0xBA, 0xBE, 0x9D, 0x02, 0x70, 0xEE, 0x46,
    0xAF, 0xB1, 0x6E, 0x2C, 0xBC, 0x43, 0x37, 0x59, 0x97, 0x2C, 0xAE, 0x87, 0x7D, 0x77, 0x2D, 0x90,
    0xFD, 0x01, 0x98, 0x31, 0x5A, 0xBD, 0x35, 0x71, 0x41, 0x8F, 0xBE, 0xEB, 0xBB, 0x73, 0x77, 0x6E,
    0xCF, 0x6D, 0x13, 0x1B, 0x1A, 0x19, 0xCE, 0x47, 0x98, 0x4F, 0xA9, 0x4C, 0x16, 0x92, 0x55, 0x13,
    0xD7, 0x37, 0x7A, 0x1A, 0x5D, 0x39, 0xA6, 0xEE, 0xFE, 0xA4, 0x42, 0xD6, 0x46, 0xB5, 0xAC, 0x26,
    0xF6, 0x2A, 0x13, 0x25, 0xD0, 0x02, 0xB9, 0x1F, 0x7D, 0xF4, 0xF2, 0xD9, 0xC2, 0x5E, 0x78, 0xD8,
    0xCB, 0x2F, 0xFD, 0xE3, 0xA0, 0xFE, 0x12, 0xA1, 0xB4, 0xFF, 0x1C, 0xF2, 0x78, 0x59, 0x2B, 0xEF,
    0x25, 0xC5, 0xA4, 0xD5, 0xCC, 0x56, 0x56, 0x9D, 0xF5, 0xF9, 0x90, 0x4A, 0xE6, 0xD4, 0xF3, 0xF3,
    0x89, 0xD8, 0x1A, 0x4E, 0xBD, 0xC0, 0xEC, 0x8B, 0xEF, 0x9A, 0x4C, 0x9B, 0x1D, 0x86, 0xD7, 0x4C,
    0x7F, 0xC7, 0xF4, 0x24, 0x80, 0xE6, 0x76, 0x83, 0x27, 0x74, 0xB3, 0x6A, 0x88, 0x53, 0xB7, 0x74,
    0x4B, 0x9C, 0xAB, 0xE9, 0x34, 0x86, 0x3E, 0xF4, 0x75, 0xF3, 0x69, 0x96, 0xB7, 0xED, 0x5E, 0xF2,
    0x66, 0x63, 0x9C, 0xBB, 0xE4, 0xCD, 0xA6, 0x8A, 0x16, 0x38, 0xE5, 0x4F, 0x3B, 0x98, 0x3C, 0x1B,
    0xDA, 0x78, 0xCE, 0x50, 0x1F, 0xFA, 0x69, 0x48, 0xF9, 0x53, 0xCD, 0xCF, 0xDD, 0x3C, 0x0E, 0x72,
    0xD0, 0x91, 0x66, 0xB3, 0x66, 0xC7, 0x2B, 0x1D, 0x43, 0xD8, 0x0C, 0x53, 0x0D, 0x8B, 0x34, 0xF6,
    0x2A, 0x45, 0x2F, 0x49, 0x2D, 0xA6, 0xB0, 0xB6, 0xEF, 0xA4, 0x72, 0xED, 0xFE, 0x7E, 0x73, 0x8C,
    0xDD, 0x97, 0xAE, 0xED, 0x18, 0x7F, 0x7F, 0xA5, 0x69, 0xAD, 0xEE, 0x47, 0x48, 0x71, 0x3A, 0x20,
    0xD5, 0x8B, 0x61, 0x09, 0xB4, 0xAF, 0x13, 0x45, 0x49, 0xA8, 0xC4, 0x73, 0x20, 0xC7, 0x6C, 0x61,
    0xB6, 0x76, 0xEE, 0x30, 0x63, 0x4F, 0x56, 0x3D, 0x4B, 0x2A, 0x31, 0x64, 0x7D, 0x8F, 0xF4, 0x0D,
    0xEA, 0xDB, 0x87, 0xD5, 0x30, 0x1E, 0x16, 0xB9, 0xBB, 0x45, 0xA2, 0x25, 0xD8, 0xF0, 0xC0, 0xE5,
    0x38, 0xD1, 0x87, 0x2A, 0xD0, 0x3D, 0x12, 0x57, 0xC4, 0x2B, 0x03, 0xDD, 0xA7, 0x5B, 0xF9, 0x6B,
    0xCC, 0x75, 0xF2, 0x82, 0xE9, 0x06, 0x56, 0x6B, 0x19, 0xB1, 0xC8, 0x3B, 0xD4, 0xA4, 0x69, 0xA7,
    0x23, 0xFA, 0x52, 0x66, 0x67, 0xC2, 0x01, 0xE7, 0x2C, 0x22, 0x20, 0x11, 0xD3, 0xE5, 0xDB, 0x2B,
    0x1D, 0xC7, 0x3D, 0xE6, 0x76, 0xC2, 0x50, 0xB3, 0x5B, 0x37, 0xB9, 0x56, 0x12, 0x55, 0x01, 0x1B,
    0xC5, 0xCF, 0xA6, 0x81, 0xD8, 0xD8, 0x45, 0x95, 0x44, 0x45, 0x44, 0x02, 0x8E, 0x23, 0x51, 0x12,
    0xD5, 0x07, 0x1C, 0xF1, 0xFD, 0x0E, 0xFC, 0x22, 0x7D, 0xB1, 0xC0, 0xB9, 0x5C, 0x1D, 0xD5, 0xEC,
    0xA0, 0x50, 0xDC, 0xE0, 0xA2, 0x5F, 0xF1, 0x00, 0x38, 0xA3, 0x5E, 0xA8, 0x88, 0x5A, 0xD0, 0x0A,
    0xDE, 0xE1, 0x5F, 0x73, 0x28, 0x5E, 0x08, 0x58, 0xEB, 0x38, 0xD7, 0x9C, 0xBE, 0x9D, 0xB5, 0xBA,
    0xD6, 0x8D, 0x79, 0xB1, 0x1B, 0xFF, 0x56, 0xF5, 0x5E, 0xA6, 0xC5, 0x61, 0x63, 0x8A, 0x77, 0xDF,
    0xBA, 0x9B, 0xDB, 0x09, 0x23, 0x27, 0xB4, 0xE6, 0x98, 0x76, 0xD4, 0xE0, 0x9B, 0x7D, 0x40, 0x46,
    0x69, 0x97, 0x71, 0xBF, 0xBB, 0xB1, 0xF8, 0xDE, 0x3E, 0x1A, 0xD1, 0xB7, 0x38, 0x60, 0x6C, 0x17,
    0xEB, 0x26, 0xB9, 0xFE, 0x1D, 0xEA, 0xD9, 0xE1, 0x7D, 0x31, 0xCA, 0x04, 0x28, 0x8F, 0x66, 0xC1,
    0x40, 0xCA, 0xC8, 0xC1, 0xB2, 0x1B, 0x98, 0x15, 0xC4, 0x51, 0xCA, 0x28, 0xAC, 0xAF, 0x8E, 0x8A,
    0xC3, 0xC7, 0xF9, 0xCE, 0x66, 0xAE, 0x9B, 0x95, 0x6A, 0xA6, 0xE8, 0xAA, 0x66, 0x8A, 0xB0, 0x6A,
    0x36, 0x66, 0xD3, 0xCA, 0x1B, 0x96, 0xC5, 0x45, 0x16, 0x72, 0xAD, 0x0A, 0x20, 0x79, 0xC5, 0xD1,
    0xB7, 0x36, 0x15, 0xC8, 0xD0, 0x4F, 0x55, 0x18, 0x71, 0xBA, 0xEC, 0x3E, 0x7A, 0x46, 0xE0, 0xA9,
    0xE3, 0x8C, 0xBA, 0xC1, 0xF5, 0x00, 0xC1, 0x9F, 0x73, 0x5C, 0x8B, 0x6C, 0x84, 0x0C, 0xE4, 0x8C,
    0x6F, 0x5C, 0xBA, 0x8A, 0xFA, 0xD5, 0xAB, 0x51, 0x54, 0x9F, 0x9F, 0x97, 0x15, 0xE5, 0xC5, 0xED,
    0x4D, 0x18, 0xD7, 0x5E, 0xF1, 0xB0, 0x51, 0x44, 0x14, 0xF4, 0xB3, 0x1D, 0xBD, 0x22, 0xAE, 0x15,
    0xD8, 0x78, 0x65, 0xB7, 0x44, 0x01, 0xDA, 0x19, 0xCD, 0xA6, 0xBF, 0x58, 0x85, 0x0E, 0x05, 0xE5,
    0xEA, 0x08, 0xFB, 0xB2, 0x5C, 0xC2, 0x57, 0x8A, 0x73, 0x35, 0xDA, 0xFE, 0x77, 0x5F, 0xB4, 0x7A,
    0x68, 0x8B, 0x47, 0x87, 0xBD, 0x43, 0xEF, 0x68, 0x1D, 0x25, 0x1C, 0x9D, 0xA3, 0x02, 0x1A, 0x19,
    0x4A, 0x2D, 0xEB, 0xA0, 0x22, 0xD4, 0x2D, 0x7F, 0x53, 0x99, 0x6A, 0xD5, 0x4E, 0x3D, 0xD4, 0x57,
    0x52, 0x24, 0xAF, 0xA5, 0xA7, 0xDE, 0xC0, 0xEE, 0xFF, 0x7B, 0x58, 0x13, 0x29, 0x8B, 0x86, 0x58,
    0xF6, 0xD1, 0x5A, 0x8E, 0x76, 0x42, 0x8E, 0x09, 0x9B, 0x5D, 0x46, 0x3B, 0xDD, 0x69, 0xBA, 0xE5,
    0xDA, 0xF6, 0x46, 0x53, 0x4A, 0x91, 0x3C, 0xED, 0x90, 0xF6, 0x4A, 0xBB, 0x26, 0xA7, 0x8A, 0x4B,
    0x81, 0xB1, 0x1C, 0xB2, 0x81, 0x75, 0xB4, 0x1C, 0xED, 0xA2, 0x82, 0x34, 0xA3, 0x33, 0x45, 0x04,
    0x85, 0x28, 0xB9, 0x02, 0x95, 0xF9, 0x84, 0x9F, 0xD8, 0x35, 0x0F, 0x93, 0x0C, 0x8F, 0x48, 0xC2,
    0xFE, 0x33, 0x68, 0xBC, 0xF7, 0x7D, 0x95, 0x51, 0x9E, 0x04, 0x66, 0xEB, 0x1A, 0x5F, 0x41, 0xA3,
    0x23, 0xC7, 0xC0, 0xAE, 0xA7, 0xA9, 0xEA, 0xCB, 0xAD, 0x48, 0x91, 0xFA, 0xA7, 0x96, 0x27, 0x83,
    0x37, 0x7E, 0xBE, 0x4C, 0x55, 0x1F, 0x53, 0x98, 0xC4, 0xE1, 0x9A, 0x35, 0x39, 0xC6, 0xFE, 0x7B,
    0x7E, 0x3E, 0xCC, 0xDD, 0xDF, 0xAB, 0x3D, 0x96, 0x78, 0xC0, 0xFF, 0xC1, 0xDD, 0xBB, 0xED, 0x3F,
    0x2B, 0xAB, 0x63, 0x94, 0x2F, 0x2F, 0x38, 0xF5, 0x1A, 0xB7, 0x97, 0x0E, 0xE7, 0x5D, 0x1F, 0xC3,
    0x2C, 0x26, 0x47, 0x21, 0x1E, 0xB1, 0x89, 0xB2, 0x2F, 0x31, 0xAC, 0x8A, 0x72, 0x0B, 0xFB, 0xD2,
    0xF6, 0xC9, 0x76, 0xE2, 0xFA, 0x44, 0x27, 0xFA, 0x7A, 0x21, 0x43, 0xA2, 0x87, 0x85, 0x1C, 0xEC,
    0x61, 0x27, 0x31, 0x90, 0x8D, 0xD8, 0xD3, 0x2F, 0xB9, 0xC2, 0xCE, 0x51, 0xDD, 0x27, 0x38, 0xE3,
    0x7C, 0x2F, 0x68, 0x9D, 0x89, 0x89, 0x98, 0x23, 0x8F, 0x3C, 0x8E, 0x9A, 0xA8, 0xF4, 0x6D, 0x61,
    0x59, 0xF6, 0x32, 0xA2, 0x21, 0x46, 0x42, 0xB5, 0xAB, 0x23, 0x6C, 0x8E, 0x12, 0xFC, 0x46, 0xB4,
    0x9B, 0x6A, 0x89, 0x79, 0xEF, 0x26, 0x03, 0xD5, 0x0E, 0x21, 0xEF, 0x29, 0x26, 0x69, 0x9A, 0x2C,
    0x60, 0x6C, 0x61, 0x71, 0xE3, 0x82, 0xC5, 0x64, 0x45, 0x93, 0xA3, 0x87, 0x21, 0x73, 0x14, 0x87,
    0x2B, 0x8E, 0x77, 0xB5, 0x9D, 0xC8, 0x99, 0x35, 0x17, 0x09, 0x01, 0xC3, 0x9B, 0xE0, 0xF2, 0xE9,
    0x61, 0x2D, 0x97, 0x68, 0xB5, 0xF6, 0xAF, 0x60, 0xD1, 0xE0, 0x6F, 0x89, 0xC8, 0x1C, 0x44, 0x46,
    0xC9, 0x8F, 0x41, 0x72, 0x5A, 0x0D, 0xB2, 0x24, 0xB9, 0xA8, 0xCE, 0x03, 0x7A, 0x67, 0xF1, 0x70,
    0xAA, 0x76, 0x6F, 0x79, 0xC2, 0x2E, 0x21, 0x4B, 0xA3, 0x59, 0x5C, 0x8D, 0x62, 0xE4, 0x20, 0x62,
    0xBA, 0xC5, 0xBB, 0x5F, 0xFF, 0xF5, 0x5F, 0x75, 0xF7, 0x48, 0x11, 0xBC, 0xAC, 0x61, 0xE3, 0xF1,
    0x16, 0xAC, 0xBD, 0x85, 0x04, 0x3C, 0x4C, 0x32, 0xD1, 0xDF, 0x80, 0x8D, 0x9B, 0x47, 0x49, 0xC9,
    0x06, 0x71, 0x0B, 0xD6, 0x3E, 0x05, 0xEC, 0x80, 0xD5, 0xA9, 0x89, 0x16, 0x9A, 0xFF, 0xC9, 0xB9,
    0x59, 0xC0, 0x3F, 0xF9, 0xAE, 0xD4, 0xBE, 0x43, 0x4B, 0xF6, 0x4E, 0x6B, 0x1F, 0xB2, 0xC7, 0x47,
    0x60, 0xB8, 0x70, 0x14, 0x27, 0xB2, 0x9B, 0x58, 0xD7, 0x2E, 0x64, 0xE4, 0xA6, 0x0E, 0x95, 0x52,
    0x09, 0x9D, 0x9D, 0x44, 0xEE, 0x71, 0x35, 0x30, 0x4A, 0x84, 0x41, 0xBB, 0x72, 0x7E, 0x7A, 0xFA,
    0xA4, 0xBF, 0x31, 0x4F, 0xF3, 0xA1, 0x64, 0x9B, 0x67, 0x66, 0x07, 0xE4, 0xD4, 0x62, 0x2B, 0x70,
    0x7E, 0xCA, 0xE4, 0x8D, 0xEF, 0x75, 0xD4, 0x13, 0xE7, 0xC5, 0x50, 0xA0, 0x2F, 0x7A, 0x47, 0xDB,
    0x1F, 0x78, 0x9E, 0x3A, 0xA2, 0x89, 0x29, 0xC0, 0x62, 0xDE, 0x10, 0x3D, 0x7E, 0x15, 0x07, 0x36,
    0x6D, 0x5E, 0x05, 0xB2, 0x4D, 0x24, 0x26, 0xE7, 0x11, 0xBD, 0x33, 0x80, 0xB5, 0x71, 0x25, 0x31,
    0x3B, 0xDF, 0xB9, 0xD8, 0x70, 0x23, 0xDA, 0xD5, 0xF7, 0x5E, 0x9C, 0xC8, 0xB8, 0x38, 0x53, 0xCD,
    0x5E, 0x92, 0xB0, 0x4B, 0x2B, 0xB2, 0xF9, 0x76, 0x33, 0x19, 0x13, 0x19, 0x40, 0x9E, 0x76, 0x1B,
    0x7B, 0xD9, 0xA0, 0xA9, 0x3F, 0xD4, 0x07, 0xD0, 0xF3, 0x14, 0xCA, 0xAC, 0x62, 0x36, 0x58, 0xCD,
    0xCC, 0xD5, 0x63, 0x36, 0xED, 0x59, 0xC7, 0x6C, 0x31, 0x74, 0x53, 0x7C, 0x2F, 0x19, 0xDA, 0x29,
    0xBE, 0x93, 0x0A, 0x44, 0xCF, 0xD6, 0xE3, 0xEA, 0xD9, 0xDB, 0x38, 0x26, 0xCF, 0x26, 0x9C, 0x72,
    0xF6, 0x95, 0x33, 0xB3, 0xEE, 0xC7, 0x26, 0x66, 0xF1, 0xF7, 0x09, 0x4A, 0x65, 0x56, 0xA3, 0x67,
    0x56, 0xE5, 0x2C, 0xE0, 0x9C, 0x33, 0x63, 0x76, 0xCA, 0xD9, 0x71, 0x63, 0x06, 0x45, 0x6B, 0x34,
    0x62, 0x2F, 0x0E, 0xE2, 0x24, 0xCE, 0x62, 0x22, 0xDF, 0xDB, 0xC8, 0x77, 0x40, 0xFA, 0x69, 0x97,
    0x92, 0xD1, 0x67, 0xF9, 0xE2, 0x4C, 0x86, 0x44, 0x96, 0x2B, 0x79, 0x04, 0x79, 0x10, 0x2D, 0xB3,
    0x15, 0xA3, 0x58, 0x89, 0x41, 0x01, 0x7A, 0xD5, 0x75, 0x39, 0x1F, 0xD7, 0xB2, 0xAD, 0x00, 0xD9,
    0x8F, 0xFB, 0x1A, 0xBC, 0x11, 0xD0, 0x8F, 0x75, 0x2A, 0xB3, 0x76, 0xD6, 0xAE, 0x27, 0x8C, 0x3B,
    0xEB, 0x84, 0x41, 0xCC, 0x25, 0xAA, 0xED, 0xC8, 0x39, 0xF7, 0xCA, 0x12, 0xB2, 0xB4, 0x2C, 0x59,
    0xA3, 0xEC, 0x23, 0x6A, 0xF4, 0x08, 0xCC, 0xB7, 0x4F, 0x27, 0xDF, 0xCE, 0xFC, 0xD4, 0x21, 0xC2,
    0xBA, 0xA3, 0xE2, 0xCF, 0x2E, 0x29, 0xE2, 0xDE, 0x17, 0xF5, 0x96, 0xA7, 0x36, 0x14, 0x8D, 0xB9,
    0x4F, 0x79, 0xD7, 0xE6, 0xA2, 0x5A, 0xD6, 0xD3, 0xB2, 0xD2, 0x96, 0x67, 0x60, 0x79, 0xE2, 0xFC,
    0xC6, 0x12, 0x8C, 0x7B, 0x36, 0xD6, 0x89, 0xA1, 0x6C, 0x61, 0x36, 0x06, 0xB0, 0x90, 0xCB, 0xBE,
    0xB0, 0x83, 0x66, 0x94, 0x68, 0x69, 0xFE, 0xD1, 0x25, 0x4D, 0xA2, 0xC7, 0x3C, 0xD0, 0xA2, 0x61,
    0xB1, 0x49, 0x89, 0x3F, 0xC2, 0x59, 0x2A, 0xC1, 0xF4, 0xF7, 0x9A, 0x98, 0xBD, 0x6D, 0x11, 0x71,
    0x16, 0x27, 0x71, 0x31, 0xAD, 0x8C, 0xFC, 0x58, 0x0C, 0xEB, 0x1D, 0x55, 0xF2, 0xBE, 0xCE, 0x89,
    0x7D, 0x49, 0xA7, 0x3B, 0x09, 0xB3, 0xFC, 0x7B, 0x21, 0xAB, 0x07, 0xFC, 0x95, 0xD3, 0xBB, 0xF5,
    0xD7, 0xFD, 0x34, 0xD6, 0x01, 0xD2, 0x7B, 0x08, 0x14, 0xC8, 0xDB, 0x2C, 0xEF, 0xB5, 0xE1, 0x1C,
    0xE7, 0xFD, 0x2A, 0x50, 0xF1, 0x6D, 0x53, 0xA0, 0x76, 0x47, 0x8D, 0xD6, 0xDE, 0xBD, 0xAF, 0xB2,
    0x76, 0xD5, 0xAD, 0xA1, 0x18, 0xAD, 0xDC, 0xE2, 0xCC, 0x6D, 0x44, 0xD3, 0x26, 0x8A, 0x9A, 0x8F,
    0xD7, 0xEF, 0xAB, 0x46, 0x8E, 0x03, 0xDC, 0xC0, 0x23, 0xF6, 0x9F, 0x7C, 0xBD, 0xEE, 0x20, 0x2F,
    0x1B, 0x7A, 0x9A, 0xBF, 0x0C, 0x9C, 0x10, 0x79, 0x0F, 0xAF, 0x93, 0xCF, 0x2D, 0xE0, 0xAB, 0x3B,
    0xCD, 0x6D, 0x39, 0x6A, 0xF1, 0xB5, 0x1A, 0x65, 0xB6, 0x09, 0xBB, 0x77, 0x8E, 0x98, 0x79, 0x9F,
    0xAA, 0x93, 0x53, 0xEF, 0x7F, 0x9C, 0x2B, 0x53, 0xB9, 0x59, 0x50, 0x61, 0x2D, 0xC6, 0x59, 0x8F,
    0x19, 0x75, 0x6C, 0x47, 0x52, 0x77, 0xFD, 0x91, 0x13, 0x60, 0x10, 0x50, 0x88, 0xE6, 0xE2, 0x7F,
    0x90, 0x0C, 0xD8, 0xC4, 0xE4, 0x3C, 0x89, 0x47, 0x2C, 0xE2, 0xE4, 0x2C, 0x48, 0xDA, 0xE5, 0x98,
    0xB5, 0xC0, 0x54, 0xE4, 0xF8, 0x30, 0x71, 0x88, 0xD9, 0x1B, 0x71, 0x58, 0x57, 0x7A, 0x96, 0x4E,
    0xDE, 0x55, 0xB9, 0x0B, 0x3A, 0x51, 0xA9, 0xF2, 0x83, 0xA9, 0x74, 0xFD, 0xD6, 0xF0, 0xDE, 0x4A,
    0x0D, 0xB7, 0xF0, 0xF6, 0xC6, 0x1C, 0xE1, 0xFD, 0x08, 0xDC, 0xF3, 0x6A, 0x44, 0x45, 0x6D, 0xEB,
    0x01, 0xD2, 0xB7, 0xED, 0xD1, 0x32, 0x47, 0xDF, 0x75, 0xA3, 0xF2, 0x28, 0xDD, 0x7D, 0x2C, 0x6A,
    0xDF, 0xA2, 0x51, 0x1E, 0x61, 0x35, 0xCE, 0xCA, 0x2B, 0x34, 0xF4, 0x06, 0x0B, 0x9A, 0xD1, 0xAA,
    0x3C, 0x26, 0xEA, 0x1D, 0x68, 0x7C, 0x7D, 0x89, 0x73, 0xE0, 0x3D, 0x79, 0xA8, 0x40, 0xA7, 0xA4,
    0x6B, 0xB6, 0x09, 0xD3, 0xEE, 0xC6, 0x01, 0xF9, 0xFA, 0x89, 0x7B, 0x27, 0x13, 0x43, 0xCA, 0xBC,
    0x3E, 0x69, 0xEB, 0x4D, 0x82, 0x46, 0x56, 0x5F, 0xCC, 0x6D, 0xF2, 0xE6, 0x63, 0x5C, 0x39, 0x44,
    0xD0, 0xE8, 0x27, 0x5E, 0x42, 0x59, 0xD8, 0x26, 0x36, 0xA0, 0x1D, 0x33, 0x02, 0xB2, 0x41, 0xCD,
    0xBD, 0x6A, 0xD8, 0x8C, 0xF7, 0x9E, 0x26, 0xB2, 0x6F, 0xDF, 0xCE, 0x66, 0x18, 0x29, 0xAD, 0x7D,
    0x5B, 0x92, 0x35, 0x4A, 0xB8, 0x8C, 0xB8, 0xDE, 0xDB, 0x87, 0xE2, 0xE6, 0x94, 0xFB, 0xD4, 0x7C,
    0xF8, 0x75, 0xED, 0xA3, 0xDD, 0x31, 0xC6, 0xCB, 0x5D, 0xAC, 0xC2, 0x7E, 0x15, 0xE2, 0x18, 0x47,
    0x76, 0x29, 0xA9, 0x84, 0xCA, 0xDB, 0xFB, 0xCA, 0x83, 0x96, 0x79, 0x93, 0x5B, 0xFA, 0x39, 0x52,
    0xC1, 0xE8, 0x06, 0x11, 0xC3, 0x9E, 0xFA, 0xD8, 0xDB, 0x0B, 0x25, 0xF4, 0x77, 0xD2, 0xC6, 0x1C,
    0x7F, 0x6B, 0xFF, 0x54, 0x4B, 0xBE, 0x52, 0x97, 0xFE, 0x39, 0x6D, 0x54, 0x8D, 0xBB, 0x76, 0xB9,
    0x75, 0xEB, 0x76, 0x49, 0x23, 0xB9, 0x7A, 0xF1, 0x57, 0xCD, 0xEA, 0xA0, 0xCF, 0x69, 0x55, 0x07,
    0x7D, 0x0A, 0x34, 0xB9, 0x03, 0xF6, 0x0E, 0x1A, 0x01, 0x38, 0xE7, 0xD4, 0xB9, 0xC0, 0xEE, 0x45,
    0x12, 0x25, 0x60, 0x4F, 0x7A, 0x31, 0x4D, 0x47, 0xDD, 0x97, 0xFC, 0xDE, 0x05, 0x1C, 0xBA, 0xE6,
    0xD6, 0x13, 0x5D, 0x63, 0xF6, 0x69, 0xF9, 0xC4, 0xC2, 0x72, 0xDC, 0x5C, 0x95, 0x03, 0x2C, 0x8E,
    0xA6, 0x27, 0xDB, 0x72, 0xFD, 0xF9, 0x28, 0xB3, 0xB6, 0xB1, 0xAA, 0xB7, 0xE3, 0x64, 0xC6, 0xC7,
    0xE1, 0xE5, 0x1D, 0x97, 0x4E, 0xD2, 0xBA, 0x30, 0x6F, 0xDF, 0x0A, 0x2B, 0xA6, 0x02, 0x97, 0x7B,
    0x79, 0xA1, 0xB9, 0x00, 0xE7, 0x13, 0x1C, 0x15, 0xDE, 0x72, 0x99, 0x8B, 0x39, 0xA6, 0x82, 0x38,
    0x3A, 0x56, 0x3D, 0xB1, 0x41, 0x4B, 0x5E, 0xD1, 0x17, 0x18, 0xBB, 0x9E, 0xAB, 0x6E, 0x4F, 0x42,
    0x37, 0xF2, 0xD5, 0x56, 0xBA, 0x7A, 0xCF, 0x14, 0xD3, 0x31, 0x87, 0x89, 0xD1, 0xD1, 0x4E, 0xDE,
    0x2E, 0x5E, 0x43, 0x65, 0xAA, 0x55, 0x3B, 0x2A, 0x94, 0xFB, 0xFE, 0x15, 0xA5, 0xF4, 0x18, 0x2F,
    0x06, 0x08, 0x30, 0xD2, 0xE5, 0x43, 0x28, 0xBD, 0xA6, 0x40, 0xE3, 0x3A, 0x7F, 0xD5, 0x63, 0x1E,
    0xD0, 0x8B, 0xA3, 0xDA, 0x8A, 0x55, 0x3D, 0x1A, 0xF5, 0x95, 0x14, 0x2D, 0xCE, 0xD3, 0x3C, 0xDF,
    0xEB, 0x85, 0x0B, 0x82, 0x76, 0x52, 0xFC, 0x0D, 0x84, 0xCB, 0x63, 0xC0, 0xA0, 0xCE, 0x73, 0xD6,
    0x5E, 0xA8, 0x89, 0xA8, 0xB2, 0x5C, 0x5B, 0xA1, 0xC8, 0x3D, 0xD4, 0x77, 0x2E, 0x80, 0x1F, 0x5F,
    0xAC, 0x4E, 0x61, 0xC9, 0x93, 0xE9, 0xF2, 0xD3, 0x4D, 0x57, 0x4E, 0x5D, 0xC2, 0xD1, 0xD7, 0xDE,
    0x77, 0x94, 0xA8, 0xDB, 0xBB, 0x98, 0xB4, 0x99, 0xB3, 0xB5, 0xFC, 0x94, 0x85, 0x07, 0xDE, 0xC9,
    0x0D, 0xF2, 0x42, 0x6C, 0x07, 0x6C, 0x47, 0xAC, 0x47, 0x58, 0x4E, 0xC0, 0x96, 0x53, 0xA7, 0xC2,
    0xA7, 0x49, 0x3E, 0xE3, 0xC0, 0x19, 0x7F, 0xE7, 0x74, 0x7A, 0xD8, 0x8C, 0xA7, 0xC7, 0xCD, 0x38,
    0xE0, 0x73, 0x30, 0x95, 0x9A, 0x31, 0x61, 0x00, 0xAF, 0xC4, 0xE3, 0xBE, 0x96, 0x1F, 0xE7, 0x38,
    0xE0, 0xB3, 0x31, 0xB0, 0xB6, 0x2F, 0xA4, 0x7F, 0x64, 0x30, 0x2B, 0x7E, 0xA6, 0xB1, 0xA7, 0xB2,
    0x2C, 0x8C, 0x16, 0xFF, 0x33, 0x5B, 0xD6, 0x4A, 0xC0, 0x62, 0x3A, 0x39, 0x7C, 0x3C, 0xC9, 0x6E,
    0xAE, 0x30, 0x3E, 0x1D, 0x7C, 0x39, 0x8F, 0x60, 0xF8, 0xF5, 0xE4, 0x5F, 0x8A, 0x74, 0xFD, 0x5A,
    0xEB, 0x92, 0x22, 0xEC, 0x69, 0x57, 0xAF, 0x3C, 0xEB, 0xD8, 0xC3, 0xC4, 0x2F, 0x55, 0x7F, 0x27,
    0x2E, 0x4E, 0xCF, 0x9C, 0xDA, 0xA9, 0xC5, 0xD8, 0xA2, 0x6F, 0x79, 0xC4, 0x79, 0xBA, 0x25, 0xA2,
    0xE3, 0x8E, 0x61, 0xA3, 0x21, 0xB1, 0x07, 0x5C, 0xCE, 0x3F, 0xA2, 0xE7, 0xB2, 0x71, 0xB1, 0xD3,
    0x3D, 0x6C, 0x04, 0x08, 0xD6, 0x2E, 0xBA, 0x5E, 0xB5, 0xF3, 0xDE, 0x2D, 0xC0, 0x71, 0xD2, 0x12,
    0xE9, 0xB0, 0xF0, 0x9C, 0x29, 0x5F, 0x0F, 0x18, 0x45, 0xFA, 0x92, 0xD1, 0x1F, 0x43, 0xB9, 0xD1,
    0xAB, 0x97, 0x96, 0xC5, 0xD8, 0x2E, 0xF6, 0xCD, 0x2C, 0x95, 0x18, 0xE2, 0xA2, 0xE3, 0x63, 0xA5,
    0xAC, 0x09, 0x89, 0x99, 0xDD, 0x65, 0xE3, 0x73, 0x66, 0x3D, 0x46, 0x0E, 0xFA, 0x72, 0xCD, 0x46,
    0x3E, 0xD7, 0x5D, 0xEE, 0x37, 0xD9, 0x23, 0xE9, 0x26, 0x3E, 0x87, 0x5B, 0x37, 0x89, 0xF3, 0xDD,
    0x4F, 0xD5, 0x56, 0xAB, 0xB7, 0xBB, 0xF2, 0x61, 0xEC, 0x3E, 0x1C, 0x7B, 0x86, 0xCE, 0x3F, 0xBB,
    0x0E, 0x9D, 0xE7, 0xE7, 0x0D, 0x9D, 0x0C, 0xC0, 0x0C, 0xC5, 0x8F, 0xB6, 0x15, 0x79, 0xBA, 0x19,
    0x5D, 0xDD, 0xB2, 0xBF, 0x06, 0x51, 0x71, 0xCB, 0xE4, 0xD0, 0x26, 0xDF, 0xBE, 0x4B, 0xB5, 0xC8,
    0x34, 0x8B, 0x6A, 0xC3, 0x69, 0xEF, 0x7D, 0x8F, 0xA2, 0x02, 0xA6, 0x29, 0x76, 0xCA, 0xF0, 0xD7,
    0xEF, 0xE2, 0x68, 0x50, 0xFC, 0x12, 0x4F, 0xA2, 0x77, 0x63, 0x6D, 0x9F, 0xE2, 0xAF, 0xA7, 0xF8,
    0x77, 0x29, 0x42, 0x69, 0xBD, 0x1A, 0x71, 0x7C, 0x78, 0xDA, 0xFF, 0xDF, 0x48, 0xA3, 0x26, 0xAB,
    0xB7, 0x4E, 0x9B, 0x29, 0x9D, 0x58, 0xF9, 0x96, 0xB1, 0x62, 0x60, 0x93, 0x64, 0xF6, 0x26, 0x90,
    0x9F, 0xB0, 0xC5, 0xB9, 0x40, 0x53, 0x6B, 0x0B, 0xD1, 0xE5, 0xB7, 0xF5, 0x6C, 0x32, 0xEB, 0x00,
    0x49, 0x45, 0xE5, 0xC3, 0xB7, 0xA1, 0xB3, 0x7D, 0x42, 0xE8, 0xF4, 0xDA, 0xCD, 0x3C, 0xB5, 0x5B,
    0x4B, 0x7B, 0x7B, 0x26, 0x44, 0x61, 0x22, 0xE6, 0x80, 0xBC, 0xEB, 0x15, 0x11, 0xF0, 0x2E, 0xAC,
    0xC0, 0x00, 0xEB, 0x06, 0xC3, 0xC0, 0x1D, 0xEE, 0xF5, 0x64, 0xAE, 0x67, 0x79, 0x46, 0x3E, 0x55,
    0x6F, 0x56, 0xAE, 0xA5, 0xCE, 0xCF, 0x0E, 0x84, 0x25, 0x9F, 0x19, 0x0C, 0x1D, 0x81, 0x91, 0xF3,
    0xD2, 0x09, 0x52, 0xD8, 0xFF, 0x93, 0x2E, 0x38, 0xBA, 0x41, 0x22, 0xE2, 0x58, 0x29, 0x9B, 0xEA,
    0x9C, 0xC5, 0xF5, 0xB4, 0x32, 0xAA, 0x6F, 0x3A, 0x6F, 0x44, 0x04, 0xCF, 0x52, 0x6C, 0x95, 0xB5,
    0x51, 0x27, 0x91, 0x5F, 0x88, 0xB4, 0x96, 0x75, 0x8D, 0x9D, 0x67, 0x5B, 0xAA, 0xB5, 0xE7, 0x29,
    0xBF, 0x96, 0x4F, 0x81, 0x23, 0x61, 0xC9, 0xD9, 0x9C, 0xB3, 0xA9, 0xE4, 0xC8, 0x1D, 0xE7, 0x68,
    0x71, 0x2E, 0xD0, 0x73, 0xC8, 0xA6, 0x44, 0xD8, 0xBC, 0xE3, 0x77, 0x26, 0x33, 0xE8, 0x2A, 0x81,
    0x31, 0x2B, 0x2A, 0xF5, 0x84, 0xFD, 0x28, 0x3F, 0xE4, 0x26, 0x07, 0xFC, 0x6F, 0xB2, 0x13, 0x74,
    0xB3, 0xA1, 0xEF, 0x2E, 0x0C, 0x4C, 0x93, 0x61, 0xE8, 0xF2, 0x15, 0x44, 0x57, 0x1B, 0x97, 0x5C,
    0x5D, 0x6E, 0x1A, 0x9B, 0x23, 0x78, 0x8F, 0xBC, 0x36, 0xD5, 0x7C, 0xFF, 0xDA, 0x0C, 0xFB, 0xDA,
    0x70, 0x8C, 0x5A, 0x43, 0x0A, 0xAB, 0xA3, 0x4C, 0xFC, 0xB6, 0x98, 0xBD, 0xC2, 0xB6, 0x01, 0x23,
    0xD1, 0x5F, 0x2A, 0x3B, 0x20, 0x5D, 0x7F, 0xCC, 0xB4, 0x02, 0x83, 0x4E, 0xC2, 0xD1, 0x5B, 0x80,
    0xBB, 0x30, 0x5A, 0x89, 0x5E, 0xCB, 0xDD, 0x6A, 0x86, 0x48, 0xD7, 0x1F, 0xBD, 0x25, 0x86, 0x01,
    0x34, 0x1B, 0x9C, 0x6F, 0x52, 0x81, 0x86, 0xB7, 0x39, 0x50, 0x9A, 0x7C, 0x8C, 0xFA, 0x79, 0x89,
    0x97, 0x3F, 0xD8, 0x58, 0x12, 0x24, 0xAD, 0xC4, 0x47, 0x37, 0x71, 0x7C, 0xD1, 0x7F, 0x18, 0x0C,
    0xC9, 0xB0, 0x1A, 0x1E, 0x61, 0xEF, 0x0C, 0x7D, 0xBC, 0x7E, 0xD2, 0x24, 0x38, 0x39, 0x2C, 0x5E,
    0xF2, 0xD0, 0x96, 0x80, 0xE4, 0xA4, 0xCB, 0x15, 0xE5, 0xAB, 0x4E, 0x8B, 0xAD, 0x35, 0xCE, 0x1B,
    0x83, 0xB0, 0x56, 0xEF, 0x0B, 0xB1, 0x74, 0xD6, 0x0E, 0x1F, 0xEA, 0x95, 0xFF, 0x0F, 0xCD, 0x99,
    0x01, 0xA4, 0x25, 0x4B, 0x7E, 0xC6, 0xBF, 0xEE, 0xDA, 0xBC, 0x66, 0x3B, 0xD4, 0xC2, 0x0A, 0x1B,
    0x49, 0x03, 0xC2, 0xB2, 0xDB, 0x00, 0xB0, 0x73, 0xAB, 0xED, 0x60, 0x01, 0x99, 0xC8, 0xCC, 0x42,
    0xB0, 0x41, 0x10, 0x42, 0x06, 0x02, 0x98, 0xB7, 0xDD, 0x0C, 0x82, 0xC0, 0x83, 0x05, 0x41, 0x60,
    0x41, 0x82, 0x81, 0xE0, 0x21, 0x2F, 0xDD, 0x31, 0x58, 0xC0, 0xF6, 0x13, 0x01, 0x41, 0x3A, 0x49,
    0x22, 0x21, 0x78, 0xB5, 0x6F, 0x7A, 0xB2, 0x3D, 0xB6, 0xBA, 0xBF, 0xD4, 0x57, 0x95, 0x73, 0xEE,
    0x99, 0xEB, 0xBE, 0x35, 0xFB, 0xCC, 0x35, 0x53, 0xE7, 0x9E, 0xDF, 0xFF, 0x9C, 0xAE, 0x7F, 0xFD,
    0xBF, 0xAF, 0xAA, 0xBB, 0xFB, 0xF6, 0x39, 0xA7, 0x5E, 0xDA, 0xE0, 0xD2, 0xC3, 0x7A, 0x00, 0xB0,
    0xFE, 0xFC, 0x58, 0x9B, 0xAD, 0xD9, 0xDA, 0x70, 0xFD, 0x00, 0xFE, 0x56, 0x29, 0xDB, 0x09, 0x35,
    0x07, 0x60, 0xE4, 0x06, 0x43, 0x1E, 0xA8, 0x49, 0x76, 0x76, 0x7F, 0x75, 0xC0, 0x6D, 0xDB, 0x03,
    0x38, 0xBF, 0xE1, 0x76, 0x6C, 0x11, 0x76, 0xDF, 0x5E, 0xC1, 0x6A, 0x84, 0x89, 0x00, 0xC8, 0x0D,
    0x68, 0x38, 0x5C, 0x96, 0x97, 0x5A, 0xDA, 0x56, 0x92, 0x21, 0x25, 0xA3, 0x89, 0x98, 0xDC, 0x0E,
    0xCE, 0x6E, 0xC5, 0x3D, 0x44, 0x00, 0xAD, 0x72, 0x6D, 0x88, 0xF8, 0x01, 0x1F, 0x75, 0x20, 0x39,
    0x67, 0x80, 0x13, 0x2E, 0x50, 0xA8, 0xBA, 0xA1, 0x6A, 0x1E, 0x1F, 0x15, 0x13, 0x95, 0x33, 0x46,
    0x78, 0x27, 0x7C, 0xBB, 0x7B, 0x9C, 0xD4, 0x81, 0xDF, 0x2A, 0xB6, 0x0A, 0xEE, 0x31, 0x9F, 0x4D,
    0x52, 0x43, 0x25, 0xF1, 0xFA, 0xA8, 0x03, 0xEC, 0x5A, 0x12, 0xD6, 0x83, 0x68, 0x96, 0x33, 0x3C,
    0xB4, 0x4D, 0x1D, 0x7B, 0x7D, 0xC0, 0x30, 0x3B, 0x3D, 0xE0, 0xE4, 0xF4, 0xEA, 0x83, 0x57, 0x76,
    0xF8, 0x0A, 0x50, 0x80, 0x1E, 0x05, 0x17, 0x17, 0x60, 0x38, 0xB5, 0xB1, 0x1E, 0x3B, 0x4B, 0xD8,
    0x03, 0x15, 0x3B, 0x17, 0x50, 0x72, 0xEA, 0x57, 0x80, 0x0B, 0x3D, 0xD0, 0x7F, 0x2E, 0xB7, 0x8E,
    0xB2, 0x63, 0xC9, 0xB4, 0xCE, 0x3B, 0x64, 0x7D, 0x8B, 0xFC, 0x3E, 0x5F, 0x3D, 0x00, 0xE4, 0xF8,
    0x44, 0x70, 0xC6, 0x89, 0x97, 0xDB, 0x1F, 0xF1, 0x3F, 0x1F, 0xBC, 0xD6, 0xFB, 0xF5, 0xCE, 0x2D,
    0x5F, 0xF4, 0xC0, 0x6B, 0xED, 0x8B, 0xF3, 0x4E, 0xFB, 0x7C, 0x45, 0x49, 0xEE, 0x5A, 0x1C, 0xCD,
    0xBC, 0x64, 0x67, 0x03, 0x7E, 0x0C, 0xCB, 0xE4, 0x73, 0x11, 0x98, 0xDC, 0x7B, 0x38, 0xAD, 0x46,
    0xBF, 0x8C, 0x9C, 0xFA, 0xB9, 0xE6, 0xD2, 0xAF, 0x18, 0xBD, 0x63, 0xE7, 0x7C, 0xC3, 0xD5, 0x79,
    0x93, 0xF6, 0xD4, 0xA8, 0xC9, 0xD6, 0x3C, 0x00, 0xF4, 0x8C, 0xA8, 0x22, 0xFE, 0x2C, 0x15, 0x35,
    0xEC, 0x6A, 0x92, 0x79, 0x61, 0x41, 0xAE, 0x40, 0xC3, 0x0E, 0x0E, 0x9B, 0x2B, 0x42, 0x24, 0xD0,
    0x1F, 0x1D, 0x50, 0xA7, 0x1E, 0xF7, 0xEA, 0xF1, 0x01, 0x10, 0xE8, 0x27, 0xB3, 0x02, 0x76, 0xB1,
    0x73, 0xB3, 0x9B, 0xB5, 0x19, 0xC8, 0x21, 0x38, 0x43, 0xCE, 0x1F, 0x5E, 0x99, 0x60, 0x87, 0xAB,
    0x7B, 0xB5, 0x07, 0xDC, 0x13, 0x1B, 0xD9, 0x66, 0xE6, 0x2D, 0x57, 0x55, 0xF8, 0x6A, 0x77, 0x95,
    0x33, 0xF3, 0xA8, 0x5C, 0x21, 0x55, 0xF3, 0x38, 0x54, 0x39, 0xAA, 0xFC, 0xC9, 0x71, 0x52, 0x94,
    0xBA, 0xF6, 0x61, 0xC3, 0xB9, 0xFE, 0x17, 0x8F, 0xCA, 0x97, 0xF4, 0x2D, 0xBD, 0x7B, 0xEA, 0xDD,
    0x33, 0xEF, 0xE8, 0xED, 0xFF, 0xAE, 0xD0, 0xB9, 0x85, 0xDE, 0x8F, 0x1E, 0xFC, 0x94, 0xB3, 0xE1,
    0x73, 0x0E, 0x35, 0x2D, 0xD1, 0xEC, 0x4D, 0x80, 0xDB, 0xDC, 0x9A, 0x90, 0xDF, 0xA6, 0x8E, 0x94,
    0x92, 0x92, 0xF3, 0x30, 0x15, 0xE8, 0x49, 0xFA, 0x1B, 0x00, 0xD0, 0xBC, 0x11, 0x7E, 0xF9, 0x1A,
    0xFD, 0x23, 0x8F, 0xB8, 0x46, 0x4F, 0xC9, 0x29, 0x38, 0x73, 0x8C, 0x5A, 0xA3, 0xD5, 0x2E, 0x57,
    0xDF, 0xD1, 0x6B, 0xF7, 0xC4, 0x90, 0x53, 0x1B, 0xB9, 0xC7, 0x35, 0x32, 0x2F, 0x77, 0xB8, 0xD8,
    0x3B, 0x22, 0xAE, 0xD1, 0xEA, 0xA6, 0x27, 0xCD, 0xD3, 0xD5, 0xFA, 0x60, 0x3F, 0x7D, 0x50, 0xFC,
    0xFE, 0x9A, 0xAB, 0x7D, 0xD1, 0x1A, 0x7D, 0xFD, 0xD1, 0xA3, 0x47, 0x0F, 0x9C, 0x5C, 0x27, 0x94,
    0x84, 0xE5, 0xEC, 0xE8, 0x7B, 0xB3, 0xED, 0x08, 0x9F, 0x20, 0xC4, 0x17, 0x5A, 0x2F, 0xCE, 0xB1,
    0x0B, 0x26, 0xE0, 0x02, 0xDF, 0xFC, 0x9B, 0xE3, 0xAF, 0x3F, 0xBA, 0x39, 0x77, 0x75, 0xDC, 0xC4,
    0xB9, 0xDD, 0xB6, 0x5A, 0x25, 0x07, 0x1B, 0xD5, 0x3F, 0xDB, 0xEA, 0xFB, 0x01, 0x66, 0x43, 0xED,
    0xD1, 0x2E, 0xE0, 0x60, 0x76, 0x2D, 0x51, 0xCF, 0x10, 0xFF, 0x1C, 0x37, 0x3C, 0x44, 0x9D, 0x9C,
    0xB5, 0xDF, 0x5B, 0x61, 0x56, 0xF4, 0x1E, 0xE3, 0x8C, 0xD1, 0xA3, 0x0A, 0x28, 0x43, 0x6D, 0x42,
    0xAC, 0xD0, 0xD0, 0x1B, 0x0E, 0xF8, 0x26, 0x70, 0xA8, 0x92, 0x9D, 0xD1, 0x76, 0xF8, 0xBB, 0xAC,
    0x3B, 0x18, 0x52, 0x4A, 0xFF, 0x14, 0xCB, 0x72, 0x0A, 0x70, 0xB7, 0xA0, 0x15, 0xAC, 0x50, 0x09,
    0x48, 0x68, 0xDE, 0x1E, 0x60, 0xBD, 0x0B, 0xE9, 0xB1, 0xD9, 0xA5, 0x1A, 0xEC, 0xF0, 0xC1, 0x8A,
    0x27, 0x78, 0xF2, 0xFD, 0x30, 0x6E, 0xFD, 0x0C, 0x14, 0x3A, 0x9E, 0xE2, 0xA3, 0xBC, 0xF1, 0xC0,
    0x43, 0x9D, 0x72, 0x5C, 0xDC, 0x67, 0xDE, 0xDD, 0xDF, 0x7A, 0x13, 0xE2, 0x5F, 0x7C, 0x11, 0xDF,
    0xC6, 0x8D, 0xB1, 0xEB, 0x0D, 0x0E, 0xD3, 0x37, 0x38, 0xD8, 0x8B, 0x00, 0x58, 0x65, 0x03, 0x2E,
    0x8E, 0x8C, 0x61, 0x1C, 0x14, 0x0A, 0x02, 0xBF, 0x11, 0xD2, 0x8E, 0x8C, 0x56, 0xEC, 0x96, 0x42,
    0xE3, 0x53, 0x70, 0x53, 0x0A, 0xEC, 0x14, 0x4A, 0xE2, 0x61, 0x0C, 0x55, 0x28, 0x8F, 0x18, 0xAC,
    0xAF, 0x0E, 0xE0, 0xA1, 0x5B, 0x6C, 0x0C, 0xE8, 0x27, 0xA7, 0x40, 0x7C, 0x12, 0x83, 0xD9, 0x8B,
    0x2D, 0x86, 0x3A, 0x98, 0x97, 0xEC, 0xA2, 0xA6, 0x25, 0x97, 0xA8, 0x99, 0xC2, 0x18, 0x6D, 0x71,
    0x96, 0x26, 0x0E, 0x69, 0x2A, 0xBC, 0x0D, 0x67, 0x0F, 0x92, 0xB3, 0x86, 0x9D, 0x9C, 0xF5, 0x9C,
    0x8A, 0xCD, 0x2D, 0x63, 0xB3, 0xC8, 0xD9, 0x57, 0xAC, 0x97, 0x33, 0xD8, 0x39, 0x3A, 0x83, 0x46,
    0xD6, 0xAA, 0x9D, 0x34, 0xEB, 0xAC, 0xE9, 0x96, 0xA4, 0x49, 0x2E, 0x05, 0x63, 0x17, 0xBD, 0x09,
    0x39, 0x70, 0x00, 0x38, 0x34, 0xF4, 0x1A, 0xE0, 0x3E, 0x5B, 0x65, 0xA6, 0xD4, 0xA1, 0xB7, 0x02,
    0x95, 0x47, 0xEB, 0x81, 0x71, 0x51, 0x49, 0x05, 0x99, 0xE9, 0xB7, 0x52, 0x0B, 0x61, 0xA2, 0x19,
    0xA0, 0xBD, 0x1F, 0xCD, 0x14, 0x0F, 0x1C, 0x57, 0x37, 0x6B, 0x19, 0xE6, 0xB8, 0x4C, 0x1E, 0x7F,
    0x04, 0x62, 0xF4, 0x69, 0x99, 0x18, 0x43, 0xBD, 0x99, 0x9F, 0xC7, 0xD0, 0x78, 0xFB, 0xDC, 0xCB,
    0x9D, 0xFB, 0xCB, 0x97, 0xD2, 0xEC, 0x49, 0x69, 0xC6, 0x20, 0x4D, 0x47, 0x26, 0x4D, 0x23, 0xCD,
    0x14, 0xD0, 0x03, 0x28, 0x38, 0x01, 0x86, 0x73, 0x46, 0x7E, 0x8B, 0xB1, 0xC3, 0x65, 0xD3, 0xB6,
    0x42, 0xA8, 0x34, 0x19, 0x47, 0xA0, 0xE4, 0x0E, 0x58, 0xAE, 0x40, 0x9B, 0x36, 0x6D, 0x00, 0x7A,
    0x8F, 0xAF, 0x09, 0xAE, 0x73, 0x5B, 0xC1, 0xC5, 0x91, 0x9C, 0xEC, 0xF5, 0x3F, 0x80, 0x94, 0x58,
    0xA9, 0x3A, 0xAC, 0x4F, 0x0C, 0xA2, 0xA1, 0xA8, 0x0B, 0xCF, 0x8D, 0xC6, 0x35, 0x31, 0x24, 0x8F,
    0xA2, 0xE1, 0x91, 0xC8, 0xC8, 0x3A, 0xD1, 0xEE, 0xAA, 0xD9, 0x6C, 0xB2, 0xE6, 0xFC, 0x38, 0x8B,
    0x7D, 0x5A, 0x4F, 0x17, 0xC9, 0xA9, 0xDD, 0xC4, 0xA8, 0x63, 0x38, 0xD8, 0x3D, 0x52, 0x6E, 0xAA,
    0x44, 0x2B, 0x76, 0x62, 0x4C, 0x0B, 0x4A, 0x73, 0x4A, 0x5E, 0xD2, 0x70, 0xCF, 0xC8, 0x7C, 0x83,
    0x02, 0xB5, 0x71, 0x88, 0x28, 0xD9, 0x45, 0x56, 0x7B, 0x9E, 0xC0, 0xFB, 0xE8, 0xB6, 0x99, 0x90,
    0x77, 0x83, 0xCC, 0x06, 0xE9, 0x06, 0x79, 0x6E, 0x17, 0x37, 0xBF, 0x7F, 0x6E, 0xCB, 0xDD, 0x4C,
    0x50, 0xEA, 0x0C, 0x34, 0x94, 0x4A, 0xFB, 0xDD, 0xE3, 0x3D, 0x5C, 0xD5, 0x6A, 0xFA, 0xB6, 0x54,
    0x7C, 0x2F, 0x87, 0x2B, 0x23, 0x1B, 0x3F, 0x46, 0xD6, 0xB3, 0x7B, 0x0F, 0xDD, 0xA2, 0x9D, 0x93,
    0x87, 0xED, 0x7C, 0x0C, 0x18, 0xFF, 0xF7, 0x89, 0x57, 0xE2, 0xB6, 0x9F, 0xBD, 0x29, 0xE7, 0xDA,
    0xE7, 0x7E, 0xAB, 0x4F, 0x9B, 0x7D, 0xAE, 0x3C, 0xFB, 0xEC, 0x4F, 0x3E, 0x57, 0x64, 0x9F, 0x25,
    0x87, 0x48, 0xF9, 0x3C, 0x7E, 0x25, 0x9F, 0x50, 0x7F, 0x90, 0xC9, 0x1C, 0x4D, 0x8E, 0xA8, 0x73,
    0x54, 0x95, 0x1F, 0x3D, 0x7A, 0x08, 0xB8, 0x5F, 0xB0, 0x93, 0xDB, 0xFE, 0x45, 0x8E, 0xFC, 0xF7,
    0x14, 0x0B, 0x3E, 0xE7, 0x8F, 0x62, 0xB7, 0xE1, 0x7D, 0xE6, 0x61, 0x26, 0x0F, 0xDB, 0x73, 0x74,
    0x21, 0xC7, 0xDE, 0x9B, 0x94, 0x9F, 0x3C, 0x69, 0x58, 0x8E, 0x26, 0x47, 0xA9, 0x25, 0x1D, 0x7B,
    0xA4, 0x4D, 0xC1, 0x05, 0xE4, 0xB8, 0xE6, 0x48, 0x9F, 0x23, 0xCA, 0xB4, 0x5A, 0x8E, 0x9C, 0x52,
    0x0D, 0x8F, 0x2A, 0x6D, 0xB6, 0x5C, 0x7A, 0xC2, 0xC5, 0xD1, 0x7B, 0x94, 0x44, 0xD1, 0x61, 0xF4,
    0xC9, 0x65, 0xE6, 0x92, 0x38, 0x5F, 0x70, 0xB9, 0xEE, 0x1D, 0x13, 0xB5, 0x36, 0x1D, 0x72, 0x85,
    0x86, 0x73, 0xCB, 0xE4, 0x69, 0x4F, 0xEB, 0xB2, 0x02, 0xBD, 0x14, 0x51, 0x25, 0x75, 0x7C, 0x4B,
    0x80, 0xF3, 0xE2, 0xEF, 0x04, 0xF1, 0xBB, 0x89, 0x5C, 0xC5, 0x3F, 0xED, 0x22, 0x3E, 0x4C, 0xEF,
    0xF5, 0x6A, 0x94, 0x60, 0xAB, 0xDC, 0x2A, 0xE0, 0xA2, 0x39, 0xD9, 0xBF, 0x89, 0x97, 0xBA, 0xC3,
    0x53, 0xEE, 0x35, 0xE2, 0xB6, 0x4E, 0xC9, 0xCB, 0x4D, 0xA4, 0xDE, 0x9B, 0x50, 0x81, 0xDB, 0x2A,
    0x03, 0x85, 0xFA, 0x6B, 0xF9, 0x6F, 0x84, 0x7E, 0x89, 0xE0, 0xBB, 0x34, 0x14, 0xA0, 0x05, 0x05,
    0xB4, 0xDC, 0xC0, 0xF8, 0xD3, 0x15, 0x25, 0xCD, 0xFE, 0xEE, 0x0C, 0xDD, 0xD3, 0x0A, 0xB1, 0x0A,
    0x28, 0xF8, 0x17, 0x01, 0xE0, 0xF7, 0x22, 0x7E, 0x58, 0xAE, 0xEF, 0xCC, 0x50, 0x0B, 0xB8, 0x49,
    0x39, 0x3A, 0xBB, 0x0F, 0xE4, 0x36, 0x92, 0xF9, 0xAF, 0xE7, 0x51, 0x70, 0x78, 0xC3, 0xBF, 0x98,
    0x7C, 0x1E, 0x08, 0x04, 0x98, 0x5D, 0x45, 0xDB, 0x15, 0xFD, 0xF4, 0xD6, 0xCA, 0x36, 0x43, 0x3A,
    0x95, 0x0C, 0x03, 0xEC, 0x2B, 0xC2, 0xCD, 0xA7, 0xDA, 0x40, 0x4B, 0x4E, 0xA7, 0x67, 0x43, 0x0E,
    0x3A, 0xF8, 0xBE, 0xCC, 0x53, 0x63, 0x2F, 0x6B, 0xFD, 0x36, 0x3E, 0xEE, 0x9F, 0x1F, 0x7C, 0xCE,
    0xF1, 0x39, 0x5D, 0x17, 0xDE, 0xD6, 0x54, 0x2A, 0xF2, 0x15, 0x10, 0xC9, 0x25, 0x31, 0x24, 0x32,
    0xB2, 0xE8, 0x39, 0x55, 0xBA, 0x44, 0xCD, 0x91, 0xA0, 0x17, 0x7B, 0x5F, 0x33, 0x5D, 0x9B, 0xC9,
    0xC1, 0x6D, 0xD7, 0x6C, 0x13, 0xDD, 0xA6, 0x1C, 0xB7, 0x26, 0x7A, 0x91, 0xA2, 0xE1, 0x52, 0xF1,
    0xD7, 0x46, 0x4E, 0xA9, 0x72, 0x27, 0x86, 0x6B, 0xC5, 0x57, 0xF9, 0xAE, 0x73, 0x00, 0x2C, 0xAF,
    0xBF, 0xC7, 0x70, 0xE6, 0xC0, 0x6B, 0xCD, 0x31, 0x5D, 0xD4, 0xD9, 0x25, 0x4E, 0x89, 0x73, 0xA2,
    0x4F, 0x5C, 0x13, 0x83, 0xF8, 0xF3, 0x43, 0x7C, 0x41, 0xF1, 0x67, 0x1C, 0x22, 0x3D, 0x27, 0x51,
    0x31, 0x72, 0x15, 0x6D, 0x10, 0xEB, 0x5D, 0x34, 0x14, 0xCB, 0x44, 0x64, 0xF6, 0x89, 0x2E, 0xB1,
    0x49, 0xB4, 0x9C, 0x60, 0x66, 0x59, 0xB1, 0xAB, 0x58, 0xFF, 0xD2, 0x1B, 0xC9, 0x82, 0x7B, 0x64,
    0xAB, 0x39, 0x22, 0xCD, 0xD7, 0x44, 0x12, 0x96, 0xFF, 0xF1, 0x58, 0xBB, 0x53, 0x6B, 0xE2, 0x02,
    0x40, 0x3F, 0x7A, 0xA0, 0x5F, 0x19, 0xE9, 0x02, 0x97, 0x13, 0xDB, 0xC0, 0x39, 0x31, 0x6F, 0xF1,
    0xE2, 0x28, 0xAE, 0x79, 0x54, 0xAE, 0x90, 0xAB, 0xA5, 0xCA, 0x59, 0x25, 0x2B, 0x9E, 0xD4, 0x81,
    0x26, 0xB1, 0x1F, 0x92, 0x21, 0x31, 0xDB, 0xB5, 0xEB, 0xFB, 0xE8, 0xD6, 0x4E, 0xA2, 0xF3, 0xE7,
    0x1B, 0x84, 0x6A, 0x4F, 0x37, 0x92, 0xDE, 0xCD, 0xEF, 0x9F, 0xDB, 0xE2, 0x63, 0x74, 0x40, 0xCD,
    0x3F, 0x9F, 0x01, 0xCB, 0x54, 0xF0, 0x27, 0x69, 0x85, 0xF1, 0xC7, 0xEF, 0x95, 0xCF, 0x6A, 0x69,
    0x3B, 0xED, 0x70, 0x1D, 0xA0, 0xCD, 0x36, 0x4E, 0xA7, 0x9B, 0x4A, 0x33, 0x37, 0xEF, 0x93, 0xCF,
    0x0A, 0x98, 0x9A, 0xC9, 0xF8, 0xDE, 0xDB, 0xFC, 0xD5, 0x32, 0x99, 0xCE, 0x4A, 0x90, 0x2A, 0x07,
    0x45, 0xBD, 0xD7, 0x76, 0xF5, 0x2B, 0x4F, 0xF9, 0x1A, 0xA7, 0x0A, 0x65, 0xA7, 0x6A, 0xFF, 0x33,
    0x43, 0xF5, 0xA7, 0x5B, 0xFD, 0xDB, 0xE4, 0xDF, 0x8D, 0xF2, 0xBF, 0xCB, 0xB9, 0xD9, 0xE4, 0xD9,
    0x2E, 0xF2, 0xDF, 0x0E, 0x7A, 0x3D, 0xCA, 0xFF, 0xE7, 0x41, 0xFE, 0x7F, 0xE1, 0xE5, 0x9F, 0xD3,
    0x0D, 0xFF, 0xD7, 0x37, 0x9B, 0x01, 0xED, 0x33, 0xF9, 0xFF, 0x6A, 0xF2, 0x8F, 0xA6, 0x8B, 0x70,
    0x73, 0x44, 0xBB, 0x9E, 0x2E, 0x0E, 0x05, 0x71, 0xD1, 0x9C, 0x87, 0xE1, 0xDB, 0x40, 0x45, 0xB7,
    0xA2, 0x66, 0x1B, 0x60, 0x77, 0xCB, 0xDF, 0x1B, 0x83, 0xEC, 0x6C, 0x26, 0xC2, 0x23, 0x62, 0x88,
    0x7D, 0x9B, 0x04, 0x9F, 0x9C, 0x2C, 0x54, 0x87, 0x0C, 0x6E, 0xC9, 0xE0, 0x3B, 0x34, 0xE4, 0x70,
    0xFE, 0x3C, 0xBF, 0x02, 0xED, 0x8B, 0x1D, 0x18, 0x27, 0x76, 0xEF, 0xCC, 0x90, 0xED, 0x9E, 0x00,
    0xEE, 0x1F, 0x08, 0xF4, 0xFF, 0x16, 0xE1, 0x3E, 0x8D, 0x68, 0x86, 0x4F, 0xDE, 0xE5, 0x2E, 0xBB,
    0x12, 0x40, 0xC1, 0x24, 0xDA, 0x20, 0xB6, 0x0B, 0x2E, 0xDB, 0xDB, 0xFB, 0x6D, 0xA0, 0xB8, 0xF1,
    0x91, 0xE1, 0xCD, 0x79, 0xFB, 0xDD, 0x1D, 0xB9, 0x09, 0x9C, 0x04, 0x2F, 0x6C, 0xB1, 0x63, 0x0C,
    0x11, 0x8D, 0x60, 0xF7, 0x13, 0xF4, 0xB6, 0x60, 0x50, 0xCA, 0x7A, 0x4E, 0x1E, 0x22, 0xD6, 0x5B,
    0x2B, 0xA3, 0x65, 0x07, 0x43, 0x7A, 0x4D, 0x22, 0xA0, 0xE1, 0x33, 0xC2, 0x6D, 0x25, 0xD5, 0x2B,
    0x18, 0x61, 0xDC, 0x23, 0xB8, 0x09, 0x4C, 0x98, 0x9C, 0xFF, 0x80, 0xDE, 0xF9, 0x98, 0x7A, 0x76,
    0x70, 0x46, 0x2B, 0x8C, 0x9B, 0xF2, 0xBC, 0xB0, 0xC4, 0x02, 0xEC, 0x9C, 0xEF, 0xD7, 0x7C, 0xEA,
    0x80, 0x09, 0xD3, 0xC9, 0x42, 0xBD, 0xE1, 0xB2, 0x35, 0x5A, 0x51, 0xCD, 0xB7, 0x22, 0x77, 0xD8,
    0xE3, 0x0F, 0x88, 0xC2, 0x17, 0x79, 0x4C, 0x87, 0x62, 0x8C, 0xDD, 0x23, 0x39, 0x54, 0x8C, 0x68,
    0xF8, 0x91, 0x6E, 0x8E, 0x10, 0xE1, 0x0B, 0xC1, 0x44, 0xEC, 0xE9, 0xE2, 0x94, 0xAE, 0x69, 0x3B,
    0xA7, 0x82, 0x8B, 0x2E, 0xCE, 0x66, 0x39, 0x7D, 0xCF, 0xD3, 0x0A, 0xBD, 0xD4, 0x79, 0xF7, 0xBA,
    0xC5, 0xA6, 0x09, 0x52, 0xB2, 0x9A, 0x30, 0xFF, 0xCA, 0xC3, 0xEC, 0x26, 0xDC, 0xB9, 0xAE, 0x9B,
    0xBF, 0xA3, 0xA2, 0x01, 0xA5, 0x60, 0x7C, 0xBB, 0xDC, 0xB9, 0xE4, 0x6E, 0x3C, 0x4A, 0xDA, 0xA8,
    0x26, 0x14, 0xD4, 0x6E, 0x7D, 0x52, 0xDE, 0xBD, 0x6E, 0xF1, 0x63, 0x00, 0xF6, 0xBC, 0xC4, 0xEE,
    0x77, 0x85, 0x7A, 0x8E, 0xB0, 0x02, 0x27, 0xF5, 0x76, 0x80, 0xD9, 0xEF, 0xD2, 0x86, 0x8A, 0xB6,
    0x52, 0x20, 0x3F, 0x27, 0x67, 0x18, 0xAA, 0xAD, 0xB1, 0xFA, 0x0F, 0x98, 0xF6, 0xC3, 0x5A, 0xE6,
    0x1B, 0x7D, 0x40, 0x23, 0x52, 0x1C, 0x24, 0xF7, 0x9B, 0x54, 0x1B, 0x4A, 0xE6, 0x68, 0x45, 0x4A,
    0x43, 0xFD, 0x80, 0x54, 0xA7, 0x14, 0x0D, 0xBD, 0x99, 0xE1, 0x8E, 0xC7, 0xA9, 0x5E, 0x4B, 0x7E,
    0xA6, 0x29, 0xD4, 0xE4, 0x7D, 0xE9, 0x81, 0x1B, 0x7A, 0x95, 0xAF, 0xF3, 0xE4, 0x56, 0x39, 0x38,
    0xA0, 0x72, 0xD1, 0x43, 0xC1, 0xAE, 0x0D, 0x78, 0x00, 0xE7, 0x81, 0xDB, 0xB1, 0x45, 0x34, 0x3B,
    0xAE, 0x7F, 0x09, 0x3E, 0x2E, 0x7F, 0x09, 0x2E, 0x94, 0x63, 0xB4, 0x8A, 0xC5, 0xB3, 0x49, 0x99,
    0x11, 0x56, 0x1D, 0xE5, 0x7F, 0x9F, 0xBE, 0x55, 0x75, 0x93, 0xB0, 0xE4, 0x9B, 0xE0, 0xCB, 0xD5,
    0x06, 0x6E, 0xFC, 0x3E, 0x4D, 0xD4, 0x69, 0xA6, 0x7B, 0xFE, 0xE2, 0xC9, 0x2D, 0xBA, 0x66, 0xDC,
    0xFC, 0xD8, 0x9A, 0x5D, 0xA9, 0x52, 0xCC, 0xFB, 0x18, 0xF6, 0x74, 0xF7, 0xA1, 0x2A, 0x41, 0xF5,
    0x66, 0x95, 0x4D, 0x4A, 0x41, 0x49, 0x42, 0x1A, 0x33, 0x0E, 0x77, 0xAF, 0xFB, 0x89, 0x64, 0xF3,
    0x85, 0xDF, 0x03, 0xEE, 0x9F, 0x03, 0xC0, 0x82, 0x77, 0xAE, 0xEB, 0x0A, 0x09, 0x3D, 0x3F, 0x04,
    0x46, 0x3C, 0xDD, 0x81, 0x6F, 0x63, 0xBD, 0x6B, 0xDD, 0x2B, 0x60, 0xEC, 0xD0, 0x4F, 0x71, 0xF0,
    0xF5, 0x97, 0x4F, 0x3D, 0x91, 0xFF, 0x1C, 0x61, 0xDE, 0xEC, 0x0F, 0x65, 0x1C, 0xBF, 0xA1, 0x91,
    0x15, 0xB0, 0xFB, 0xF2, 0x75, 0x5C, 0xBE, 0xDD, 0xA9, 0xB8, 0xA2, 0x79, 0xB1, 0xA3, 0xBF, 0xB8,
    0xD7, 0x69, 0x38, 0x9D, 0x9F, 0x36, 0x3E, 0xF1, 0x25, 0x9E, 0x76, 0xFA, 0x61, 0x74, 0xC8, 0x4E,
    0x1F, 0x71, 0xDD, 0x4C, 0xD8, 0xE1, 0x1E, 0x4E, 0xCD, 0x72, 0x7E, 0xED, 0x89, 0xFE, 0x4B, 0x3C,
    0xDB, 0xE5, 0xD7, 0x23, 0xF8, 0xA1, 0xB0, 0xC9, 0x73, 0xC8, 0x0B, 0x01, 0xE8, 0xD2, 0x83, 0x4D,
    0x3E, 0xFE, 0x70, 0x9C, 0xF3, 0x11, 0xDD, 0x1C, 0x11, 0x24, 0xBD, 0x89, 0x58, 0xAD, 0xD0, 0xEE,
    0xE0, 0xEA, 0x56, 0xF4, 0x6B, 0xEC, 0x72, 0x09, 0x3E, 0x43, 0x4B, 0xDB, 0x06, 0x70, 0x52, 0xDE,
    0x70, 0xB9, 0x1F, 0x55, 0xF8, 0x1B, 0xF8, 0x1A, 0xC0, 0x7F, 0x4D, 0x07, 0x47, 0xC4, 0xCF, 0xE8,
    0x51, 0xCD, 0xDF, 0xE8, 0x70, 0xDD, 0xDC, 0xC4, 0x25, 0x1E, 0xCF, 0x0C, 0x70, 0xE4, 0x2E, 0x10,
    0x2E, 0x54, 0xE7, 0x1B, 0x81, 0x92, 0xDD, 0x05, 0x96, 0x37, 0x03, 0xAE, 0xCE, 0x9F, 0x95, 0xDD,
    0x1C, 0xD1, 0xF8, 0x9B, 0xBF, 0x12, 0xCB, 0xDF, 0x9C, 0x9D, 0x26, 0xCF, 0x72, 0x3F, 0x35, 0x47,
    0xC1, 0xD9, 0x6D, 0xE8, 0xFD, 0xF5, 0x04, 0x6F, 0xCE, 0x57, 0xBD, 0xCD, 0x1E, 0xF3, 0x2E, 0x8E,
    0x5B, 0x5E, 0x9F, 0xA7, 0x85, 0x94, 0xAA, 0xED, 0x74, 0x4D, 0x72, 0x4B, 0x04, 0xBB, 0xBB, 0xD7,
    0x0D, 0xA7, 0xAB, 0x65, 0xA3, 0xB7, 0xFD, 0x4F, 0x37, 0x14, 0x2C, 0x8F, 0x3B, 0xD7, 0x6D, 0x97,
    0x6F, 0xA9, 0xE8, 0xA1, 0x6D, 0x3B, 0x8A, 0xAD, 0xF1, 0x77, 0x2E, 0xD9, 0x97, 0xAB, 0x2E, 0x44,
    0x21, 0xE2, 0x27, 0x7B, 0xC4, 0xFD, 0x00, 0xDC, 0x2B, 0xD6, 0x3B, 0xD7, 0x2D, 0xB7, 0xD3, 0x8F,
    0x77, 0xF6, 0x90, 0x86, 0x5E, 0x99, 0x0D, 0xB9, 0x31, 0xB6, 0xE5, 0x06, 0x70, 0xDD, 0x52, 0x5E,
    0x7D, 0x1E, 0xAB, 0x2A, 0xAA, 0x77, 0xB6, 0xFB, 0x74, 0xC2, 0x48, 0xCE, 0x92, 0x1C, 0xFE, 0xDF,
    0x6E, 0x29, 0xBB, 0x15, 0xA3, 0x35, 0x2B, 0x38, 0x17, 0xB1, 0x47, 0xBB, 0x2F, 0xA2, 0x63, 0xC7,
    0x59, 0x18, 0xFA, 0xD8, 0x17, 0xED, 0xD6, 0x1A, 0x51, 0x45, 0xC0, 0xCA, 0xAE, 0x95, 0xDD, 0xDC,
    0x56, 0xE9, 0xEC, 0xE7, 0x8F, 0xAF, 0xE3, 0x14, 0xF1, 0xFA, 0x2E, 0xEA, 0x17, 0xC3, 0x5F, 0x0D,
    0x2E, 0xC1, 0x0B, 0xAB, 0x8D, 0x90, 0x6E, 0x93, 0xC5, 0x5F, 0x12, 0xD1, 0x0E, 0x35, 0x25, 0x29,
    0xB5, 0xB3, 0x04, 0x84, 0x74, 0x33, 0x14, 0xEE, 0x5E, 0xD7, 0x78, 0x4D, 0x30, 0x5F, 0xDB, 0x3A,
    0x94, 0x74, 0x33, 0xEA, 0x60, 0xD7, 0xBB, 0xD6, 0x2D, 0xB6, 0x7A, 0x86, 0xD9, 0x1B, 0x8F, 0xEA,
    0x68, 0x3D, 0x4C, 0xD0, 0x1A, 0xAF, 0xD5, 0x74, 0xF7, 0xEB, 0x5C, 0xE5, 0xAB, 0xDB, 0xF9, 0x4A,
    0x33, 0xA5, 0xFD, 0x7D, 0xD1, 0xC6, 0x05, 0xF9, 0xFB, 0xD0, 0x41, 0xA5, 0xBA, 0x66, 0x33, 0x84,
    0x0D, 0xD5, 0x11, 0x61, 0x43, 0xB4, 0x1B, 0x61, 0xD8, 0xAC, 0x28, 0x19, 0x8D, 0x83, 0xA3, 0x90,
    0xCE, 0x32, 0x95, 0x72, 0x1C, 0x80, 0x56, 0x3A, 0x36, 0x41, 0x95, 0xEB, 0xA0, 0x57, 0x1B, 0xF0,
    0x81, 0x72, 0x2D, 0x17, 0x61, 0x4A, 0x9D, 0x32, 0xF1, 0x06, 0x88, 0x96, 0xDC, 0x7F, 0xE5, 0xEB,
    0x3D, 0x13, 0x06, 0x17, 0x8C, 0x4C, 0x82, 0x4B, 0x44, 0xEF, 0x63, 0x9E, 0xBB, 0x44, 0xDA, 0xA6,
    0xDE, 0x9C, 0x47, 0x66, 0xE4, 0x2A, 0xAA, 0xF7, 0xC5, 0x6A, 0x08, 0xD5, 0x02, 0x73, 0xD8, 0x55,
    0xB3, 0xDC, 0x60, 0x76, 0xEB, 0x81, 0xCD, 0xCC, 0xEF, 0x6C, 0x85, 0xFE, 0x0F, 0xCD, 0x9A, 0xC7,
    0xBA, 0xE4, 0xC8, 0x52, 0xC7, 0xFF, 0x2A, 0x31, 0xAD, 0xEF, 0x43, 0x8B, 0xC4, 0xC3, 0x0A, 0xE1,
    0x36, 0x58, 0x3D, 0x00, 0x5F, 0x4F, 0x6A, 0xEE, 0x0B, 0x60, 0xAF, 0x77, 0x5B, 0xBC, 0xF7, 0x2E,
    0xEB, 0x0D, 0x70, 0x7B, 0xBC, 0x6D, 0xD8, 0x5F, 0x7F, 0x25, 0xFC, 0x12, 0xE1, 0x3D, 0x08, 0xEF,
    0x21, 0x67, 0xAE, 0x86, 0xD1, 0x6D, 0x52, 0xFA, 0x13, 0x11, 0x52, 0x99, 0x53, 0x7D, 0x06, 0xBA,
    0x9B, 0x73, 0xBA, 0x4F, 0x74, 0xE6, 0x2F, 0xD4, 0xA5, 0x54, 0x64, 0x46, 0x64, 0x2A, 0xCD, 0xA9,
    0x82, 0x23, 0x1B, 0x9C, 0xF3, 0x3A, 0xE1, 0x68, 0x4C, 0x82, 0xCC, 0x98, 0x73, 0x31, 0x52, 0x58,
    0x1A, 0xDD, 0xCC, 0x3D, 0x50, 0x4D, 0xEC, 0x00, 0x1F, 0xDB, 0x5E, 0x19, 0x22, 0xD0, 0x0E, 0x5E,
    0xC8, 0xAE, 0x9E, 0x94, 0x2E, 0x21, 0xE7, 0xDE, 0xCD, 0x42, 0x11, 0x14, 0x46, 0xA7, 0x6C, 0x8C,
    0x5D, 0x9D, 0xB4, 0x98, 0x9F, 0x84, 0x83, 0x3D, 0x1E, 0x29, 0xF4, 0x23, 0xA8, 0xFA, 0x84, 0x93,
    0x54, 0x5A, 0x2F, 0x39, 0xA9, 0xB1, 0x19, 0x6E, 0x79, 0x3B, 0x91, 0xC5, 0x8C, 0x10, 0x61, 0x83,
    0xAC, 0xE5, 0x1E, 0x2D, 0xB9, 0x2F, 0x28, 0xA8, 0xF8, 0x43, 0xDC, 0x8B, 0x71, 0x41, 0xCC, 0x14,
    0xB9, 0x60, 0xFE, 0x46, 0xA9, 0x56, 0xEB, 0x76, 0x9C, 0xD9, 0x65, 0x1C, 0xDA, 0x0E, 0xAB, 0x14,
    0xD1, 0x6F, 0x5E, 0x1E, 0xFC, 0x86, 0x1F, 0xEE, 0x60, 0x6C, 0x96, 0x5C, 0x74, 0xE0, 0x00, 0x78,
    0x76, 0x5A, 0x29, 0x6E, 0x3B, 0x40, 0x77, 0xC2, 0x6D, 0x91, 0xD0, 0x0B, 0xB2, 0x45, 0x80, 0x1D,
    0x7F, 0x46, 0x15, 0x27, 0xA5, 0x1F, 0x6F, 0xC1, 0x6D, 0xF5, 0xA3, 0xD0, 0xBA, 0x5C, 0x54, 0x2C,
    0x7B, 0x75, 0xB4, 0x03, 0x32, 0x05, 0xBE, 0x08, 0x9B, 0x69, 0x6D, 0x8A, 0x00, 0xE5, 0xAC, 0xAC,
    0x22, 0xAE, 0xCA, 0xCE, 0x5A, 0xE8, 0xC9, 0x0E, 0x19, 0xC9, 0x68, 0x1E, 0x27, 0x38, 0x0E, 0x81,
    0xF0, 0x0B, 0xF2, 0x19, 0x3E, 0x21, 0x6B, 0xD0, 0xDA, 0x93, 0x5C, 0x39, 0x18, 0xFB, 0x33, 0x0E,
    0xA7, 0xBB, 0xAD, 0x51, 0x23, 0xD4, 0x6C, 0x16, 0x1C, 0xFB, 0x6F, 0x24, 0x4A, 0xAA, 0xEB, 0x3B,
    0xE1, 0x08, 0x04, 0xAD, 0x11, 0xF7, 0xAC, 0x76, 0x64, 0x51, 0x50, 0xE8, 0xA5, 0x1B, 0x0F, 0xA3,
    0xFA, 0xEA, 0xBB, 0x5F, 0xAE, 0xE1, 0x1B, 0x91, 0x93, 0x0B, 0x9C, 0x75, 0xCA, 0x92, 0xB1, 0xF1,
    0x13, 0xBE, 0x14, 0x3E, 0x02, 0xD7, 0x43, 0x4D, 0x56, 0x4B, 0x36, 0xDB, 0x13, 0x8D, 0x3D, 0x6B,
    0x56, 0xAC, 0x3B, 0x84, 0x0A, 0xF8, 0x5E, 0x19, 0x86, 0xD3, 0xB5, 0x6B, 0xEE, 0x56, 0x7C, 0xD2,
    0xA1, 0x17, 0x73, 0x1E, 0xAE, 0xF0, 0x5E, 0xDC, 0x7A, 0x7C, 0x7C, 0xEF, 0x3B, 0xC0, 0x7D, 0x74,
    0xAD, 0x39, 0x9D, 0xDA, 0x5E, 0xEF, 0xEF, 0xDE, 0x28, 0xCA, 0x98, 0x2F, 0x40, 0xF8, 0xAB, 0x11,
    0x5A, 0x10, 0xC8, 0x6D, 0x00, 0xA5, 0xDB, 0x8F, 0x12, 0x5F, 0xA2, 0x16, 0xFA, 0xA3, 0x24, 0x74,
    0xD6, 0xF6, 0x9C, 0x9D, 0x10, 0x1F, 0xC6, 0x55, 0xF1, 0xE4, 0x0F, 0x19, 0xB9, 0xB2, 0x37, 0x8E,
    0xF0, 0xF1, 0x53, 0x98, 0x84, 0xA8, 0xA9, 0x2C, 0x8D, 0x39, 0xF7, 0xC2, 0x1D, 0x3B, 0x61, 0x76,
    0x3D, 0xF5, 0xEE, 0xB1, 0x64, 0xC1, 0xA3, 0x05, 0xB3, 0x46, 0x72, 0x3A, 0xAB, 0x05, 0xCA, 0x1E,
    0x30, 0x9F, 0xEE, 0x1B, 0x79, 0xC6, 0x59, 0xF9, 0x72, 0x52, 0xBE, 0x32, 0x6E, 0x7E, 0xD7, 0x93,
    0x55, 0xC4, 0xA0, 0x55, 0x90, 0x11, 0x4E, 0xA9, 0x81, 0x10, 0xFA, 0x84, 0x20, 0xD4, 0xC6, 0x9F,
    0x52, 0x7D, 0xBC, 0x1E, 0x8D, 0x56, 0xA6, 0x62, 0x76, 0x7C, 0x36, 0x37, 0x7F, 0x41, 0xFE, 0xF8,
    0x04, 0xD4, 0xC9, 0xD9, 0x6C, 0xF8, 0x51, 0x28, 0x39, 0x18, 0x93, 0x91, 0xC2, 0x2C, 0xB0, 0x2B,
    0x16, 0xE4, 0xEC, 0x85, 0x60, 0x54, 0x86, 0x58, 0xAA, 0x27, 0x23, 0xA9, 0xF3, 0xE3, 0x89, 0xF5,
    0x76, 0xAD, 0x65, 0xFC, 0x68, 0x8C, 0x4A, 0x2A, 0x73, 0x0E, 0x05, 0x5F, 0x68, 0xD9, 0x99, 0xE5,
    0xE6, 0x54, 0xCB, 0xB0, 0xD5, 0x6E, 0xFE, 0x5E, 0xD0, 0x06, 0xD6, 0xC6, 0xCF, 0x6B, 0x1F, 0xEE,
    0x9F, 0x65, 0x4C, 0xD0, 0x72, 0x3C, 0xC3, 0x85, 0x78, 0x7D, 0xEA, 0x12, 0xAF, 0xBE, 0xF1, 0x8D,
    0x5F, 0x7A, 0x31, 0x6A, 0xE5, 0xB3, 0x46, 0x0B, 0x0F, 0x97, 0xB8, 0x76, 0x88, 0xAB, 0x81, 0xEB,
    0x2C, 0xC3, 0x33, 0xE1, 0x84, 0xCB, 0x77, 0xA9, 0xE5, 0x64, 0x0E, 0xA0, 0x24, 0x6D, 0xD5, 0x64,
    0x57, 0x8F, 0xF0, 0x83, 0x39, 0x7E, 0x69, 0xCF, 0x2A, 0x1A, 0x05, 0x6E, 0xC6, 0x7B, 0xCD, 0xFB,
    0x2E, 0x17, 0xA8, 0x95, 0xA4, 0xF6, 0xFA, 0x6D, 0x56, 0xCB, 0x17, 0x05, 0x0F, 0x40, 0x7A, 0x8E,
    0xEE, 0xE3, 0x43, 0x00, 0x32, 0x0A, 0x76, 0x6C, 0xB6, 0x2B, 0x7C, 0x1F, 0x6E, 0x39, 0x10, 0xCF,
    0xDC, 0xCB, 0x4C, 0x7D, 0xC8, 0x93, 0x05, 0xFF, 0x27, 0x04, 0x8C, 0x36, 0x03, 0xDF, 0x82, 0x6F,
    0x76, 0xBF, 0x13, 0x04, 0xC3, 0x3F, 0x0B, 0x3C, 0x05, 0xE5, 0x82, 0x1D, 0xF3, 0x19, 0x68, 0x7F,
    0xDB, 0x26, 0xD6, 0x1E, 0x28, 0x9E, 0x7B, 0xEF, 0xF3, 0x0D, 0x04, 0xFC, 0x9F, 0x25, 0xC0, 0x71,
    0x80, 0xCE, 0xB4, 0xD0, 0x11, 0x71, 0xEB, 0xAF, 0x81, 0xEB, 0x7E, 0x40, 0x4D, 0x8F, 0xF3, 0x69,
    0xE1, 0xE5, 0xF0, 0xC8, 0x92, 0x3B, 0x63, 0x9B, 0xD5, 0x33, 0x6E, 0x1B, 0x4B, 0x5B, 0xD4, 0xFE,
    0xEE, 0x1B, 0x89, 0x7A, 0x41, 0x3E, 0xC1, 0xDB, 0x93, 0xE1, 0x9A, 0x25, 0x37, 0x27, 0xFB, 0x8D,
    0x83, 0x31, 0x2A, 0xDB, 0xA8, 0xF7, 0xC2, 0xA4, 0xF4, 0xBA, 0xC6, 0xF6, 0x95, 0x25, 0xF5, 0x8A,
    0xFD, 0xCE, 0x88, 0x40, 0x56, 0x3D, 0x0A, 0x8E, 0xAE, 0x87, 0x7F, 0x29, 0x01, 0x35, 0xC7, 0x6D,
    0xE1, 0xDB, 0x71, 0x8F, 0x33, 0xA9, 0x27, 0x17, 0x33, 0xF2, 0xDD, 0xB1, 0x50, 0xBF, 0x9D, 0xC2,
    0x26, 0x4A, 0x9B, 0x03, 0x75, 0x2E, 0x3C, 0xA2, 0xDE, 0xAE, 0x46, 0x85, 0xDE, 0x75, 0x12, 0xF9,
    0xA8, 0xD5, 0xC6, 0x5C, 0x01, 0x52, 0x17, 0xC6, 0xE1, 0xD0, 0x67, 0x9F, 0x26, 0xD8, 0xF1, 0x25,
    0xF3, 0x80, 0x5D, 0x26, 0x00, 0xBC, 0x6D, 0x02, 0xDE, 0xDF, 0x68, 0xC5, 0x0A, 0x84, 0x4E, 0xD9,
    0x1A, 0x83, 0xB1, 0xBA, 0x53, 0xD1, 0xBB, 0x9C, 0x5B, 0xB0, 0xCD, 0x2D, 0xCF, 0x3F, 0x84, 0x77,
    0x23, 0x3C, 0x9B, 0x94, 0x8D, 0x32, 0xF4, 0x4A, 0x17, 0x2F, 0xB8, 0x9E, 0x75, 0xB0, 0x28, 0x50,
    0xDB, 0xE1, 0xA7, 0xB7, 0x89, 0xEC, 0x1C, 0x99, 0x45, 0xF7, 0x73, 0xEE, 0x42, 0x60, 0x5D, 0x02,
    0xDA, 0x61, 0x25, 0x55, 0xD2, 0x39, 0xC3, 0xF2, 0xE0, 0x01, 0xA7, 0xF3, 0x32, 0x6E, 0x7E, 0xE3,
    0x1B, 0x39, 0x38, 0x92, 0xD7, 0x52, 0xCB, 0x3C, 0x31, 0x6D, 0x79, 0x3D, 0x81, 0xE4, 0x86, 0x5F,
    0xE2, 0x83, 0xE3, 0x0D, 0xB7, 0x08, 0x5A, 0x9B, 0x99, 0xD4, 0x13, 0x73, 0xB6, 0x0B, 0x02, 0x78,
    0x45, 0x3D, 0x9E, 0x61, 0x79, 0x3C, 0x78, 0xA6, 0x35, 0xE1, 0x20, 0x2D, 0xB9, 0xA6, 0xC0, 0x25,
    0xE3, 0xFE, 0x31, 0x93, 0x14, 0x6E, 0xC9, 0x43, 0x9A, 0xD6, 0x04, 0x93, 0xC0, 0x2D, 0x79, 0x22,
    0x7F, 0xAC, 0x74, 0x03, 0x6D, 0x40, 0x35, 0xC1, 0x77, 0x08, 0xFF, 0xA2, 0xB5, 0x96, 0x0B, 0xDE,
    0xAB, 0x66, 0x0B, 0x36, 0x92, 0x72, 0x02, 0x33, 0x54, 0x9E, 0xB6, 0x79, 0xCE, 0x6C, 0xFB, 0x87,
    0xA8, 0xD4, 0x26, 0x70, 0x1F, 0xA0, 0xAD, 0xD6, 0x6C, 0xF0, 0x03, 0x37, 0x16, 0xC6, 0xA7, 0x8B,
    0x9B, 0x8D, 0xF7, 0x4B, 0x2D, 0x66, 0x4D, 0x4B, 0x0D, 0x37, 0xAE, 0xBF, 0x69, 0xD5, 0xE5, 0x88,
    0xA0, 0xBA, 0x4A, 0xE0, 0x20, 0xDA, 0x71, 0xC7, 0x5E, 0xEA, 0x2D, 0x49, 0x76, 0x2D, 0x99, 0x93,
    0x44, 0x6B, 0x39, 0x99, 0xB6, 0x35, 0xF5, 0xBD, 0xF8, 0x22, 0x6D, 0x37, 0xBB, 0x82, 0x2F, 0x6D,
    0xB0, 0xFF, 0x66, 0x09, 0x01, 0x17, 0x12, 0xF4, 0xC6, 0x09, 0x5E, 0x91, 0xFF, 0x7F, 0x01, 0x28,
    0x32, 0x72, 0xAF, 0x68, 0x04, 0x0B, 0x04, 0x76, 0x2C, 0xA8, 0xA8, 0x0C, 0x49, 0xC9, 0x28, 0xCC,
    0xD9, 0x09, 0x1D, 0x21, 0xF4, 0xB3, 0x92, 0xA3, 0xF0, 0x23, 0xEC, 0x85, 0x64, 0x63, 0xC4, 0xD9,
    0x75, 0x67, 0x8C, 0x4A, 0x3F, 0x09, 0x53, 0x3D, 0xE3, 0x60, 0x61, 0xB3, 0x96, 0x71, 0x10, 0xA2,
    0xDD, 0x0E, 0x22, 0x4A, 0x47, 0x65, 0x71, 0x5A, 0xB7, 0x5F, 0x30, 0xF2, 0xEC, 0xEF, 0x22, 0x6E,
    0x50, 0xD6, 0x7A, 0xBD, 0x63, 0xA7, 0x9C, 0x05, 0x7E, 0x78, 0x0C, 0xE8, 0xC9, 0x74, 0x70, 0x8B,
    0x5C, 0xF9, 0x24, 0x50, 0xC7, 0xFE, 0x56, 0x5B, 0xF2, 0xAF, 0xC4, 0x95, 0x73, 0xC5, 0xA2, 0xA0,
    0x42, 0xEF, 0x4E, 0xD6, 0xCC, 0x30, 0x1E, 0x1E, 0x73, 0x14, 0x14, 0x6C, 0xFC, 0x60, 0xF5, 0x9B,
    0x7C, 0x29, 0x80, 0x32, 0x1D, 0xA6, 0x30, 0xF0, 0xD0, 0xAC, 0x3A, 0x09, 0xAA, 0x5E, 0xF0, 0x79,
    0xEB, 0xB2, 0x90, 0x4F, 0x40, 0xD9, 0xAF, 0x5B, 0x82, 0x0F, 0xE2, 0x24, 0xFE, 0x36, 0xF2, 0x83,
    0x07, 0xBF, 0xE0, 0xC9, 0xA4, 0x19, 0x5F, 0x9D, 0xA5, 0x3C, 0xBA, 0xCE, 0x23, 0x41, 0x25, 0x3C,
    0xF1, 0x3F, 0x1F, 0x81, 0x1B, 0x87, 0x6E, 0x75, 0x1B, 0x4F, 0xB2, 0xBB, 0xC0, 0xE3, 0xC6, 0x35,
    0x0C, 0x4F, 0x9B, 0x22, 0x3C, 0x3B, 0x49, 0x35, 0xBB, 0x92, 0xDD, 0x5A, 0x99, 0x9B, 0x90, 0xCF,
    0xC8, 0x16, 0xAD, 0xA4, 0x9E, 0x74, 0x90, 0xF9, 0x58, 0x41, 0xE0, 0xF7, 0x8A, 0x46, 0x10, 0x20,
    0xF8, 0xB0, 0x22, 0xDD, 0xBC, 0xD7, 0x61, 0x48, 0xE1, 0xAF, 0x53, 0xF8, 0x9B, 0x14, 0xFE, 0x56,
    0x52, 0xD4, 0xF4, 0x54, 0xDE, 0xE4, 0x04, 0x70, 0x3D, 0xB2, 0x5E, 0x50, 0x29, 0x68, 0xE8, 0x04,
    0x33, 0x04, 0x03, 0x50, 0x13, 0x00, 0xAF, 0xE2, 0x47, 0xCF, 0x9E, 0x7D, 0xE3, 0x1B, 0xBF, 0x32,
    0x27, 0x99, 0x2E, 0xE0, 0x12, 0xAE, 0x4B, 0x9F, 0xE3, 0x96, 0xC9, 0x51, 0xD2, 0xE8, 0xD8, 0xFB,
    0x05, 0x3E, 0x59, 0x3A, 0x2F, 0xB3, 0xA0, 0x64, 0x2A, 0xD4, 0x4C, 0x42, 0x9B, 0xB6, 0x61, 0x0B,
    0x50, 0x91, 0x1B, 0x5D, 0x52, 0xD6, 0x03, 0xAE, 0x88, 0x27, 0xA0, 0xEE, 0x36, 0xC6, 0xCE, 0xD8,
    0x1B, 0xA3, 0x71, 0x34, 0x26, 0xE5, 0x6B, 0x8B, 0xF2, 0x23, 0x54, 0xBE, 0xCC, 0xBD, 0x30, 0xB2,
    0x53, 0x8A, 0x56, 0x8E, 0x4A, 0x97, 0x94, 0xE5, 0xAC, 0xCC, 0xA9, 0xDC, 0x19, 0xB1, 0x32, 0x18,
    0xBD, 0xB1, 0x32, 0x3A, 0x76, 0x40, 0x29, 0x19, 0xD5, 0x70, 0xD8, 0x0D, 0xDA, 0x91, 0x75, 0xBE,
    0xD2, 0xCC, 0x8E, 0x03, 0xFC, 0x9F, 0x31, 0xC1, 0x93, 0xB3, 0x82, 0xF0, 0xA9, 0xD8, 0xF6, 0x2C,
    0x5A, 0x49, 0x73, 0x86, 0xE1, 0x31, 0x71, 0x17, 0x7C, 0xDF, 0x64, 0x67, 0xF4, 0x67, 0x7B, 0xE1,
    0x72, 0x3C, 0x5E, 0x67, 0xAD, 0x7D, 0xCE, 0xDB, 0x0A, 0xC4, 0xE5, 0x14, 0xB1, 0xA3, 0x00, 0x8A,
    0x8C, 0xC7, 0x29, 0x62, 0xB0, 0xF6, 0x85, 0x0E, 0x70, 0xAF, 0xF2, 0xEC, 0xF4, 0x1A, 0x95, 0xF5,
    0xFE, 0xEE, 0x0D, 0xAB, 0x22, 0xB9, 0x11, 0x19, 0x35, 0xA6, 0x9E, 0xCD, 0xF6, 0x02, 0xE4, 0xF1,
    0xD6, 0x87, 0x15, 0x01, 0x7C, 0x90, 0x1D, 0x90, 0xD8, 0x2B, 0xA2, 0x22, 0x09, 0xE6, 0x59, 0x90,
    0xA8, 0xF0, 0x9D, 0xA0, 0xEA, 0x05, 0x2E, 0x0A, 0xF2, 0x24, 0xC8, 0x66, 0x01, 0x5A, 0x85, 0xEF,
    0x04, 0x55, 0x2F, 0x28, 0xA3, 0x20, 0x9F, 0x04, 0x98, 0x15, 0xED, 0x07, 0x05, 0x5E, 0xAF, 0x9C,
    0xA2, 0x54, 0xE4, 0x0A, 0x24, 0x9C, 0x63, 0x27, 0xF8, 0xD8, 0x77, 0xAF, 0xC7, 0x77, 0xC5, 0x1E,
    0xC8, 0xB4, 0x7F, 0x3F, 0x0E, 0xF7, 0x1D, 0xFB, 0x17, 0x03, 0x27, 0xBF, 0xBC, 0x3D, 0xF9, 0x1E,
    0x8B, 0xDF, 0x23, 0x78, 0xC0, 0x3F, 0x69, 0xC6, 0xA3, 0x39, 0x00, 0x5F, 0xBC, 0x88, 0xD2, 0x26,
    0x0E, 0x28, 0xB9, 0x40, 0xAB, 0xE6, 0x81, 0xE7, 0xB2, 0xDD, 0x0D, 0x64, 0x8F, 0x1D, 0x1F, 0x72,
    0xD2, 0x91, 0x97, 0x2F, 0x36, 0xDE, 0x5B, 0xF8, 0x0E, 0x92, 0x7D, 0x03, 0x54, 0x5D, 0x6B, 0x3B,
    0x15, 0x0A, 0xCB, 0xB8, 0x08, 0x8B, 0x38, 0xBF, 0x0E, 0x97, 0x23, 0xCB, 0xB8, 0x3E, 0xE5, 0x95,
    0xDD, 0x6A, 0x4D, 0x07, 0x70, 0xDB, 0xB8, 0x09, 0xBB, 0x05, 0x39, 0xFF, 0x3E, 0x68, 0x30, 0xC9,
    0xE1, 0xD8, 0xB6, 0x4F, 0x6E, 0x04, 0xED, 0x75, 0x5F, 0xFE, 0x7E, 0x1C, 0x80, 0x7A, 0xDD, 0xDB,
    0x8D, 0x28, 0x96, 0xB7, 0xCF, 0xDA, 0xCA, 0x16, 0x55, 0x07, 0xBF, 0xF7, 0x7B, 0xD1, 0x1E, 0x70,
    0x86, 0xFE, 0x1A, 0x88, 0x1B, 0x02, 0x2D, 0xDC, 0xB9, 0x01, 0x01, 0xC5, 0x5C, 0x2C, 0x6A, 0x6A,
    0x02, 0x3C, 0x7B, 0x20, 0xFB, 0x4A, 0x88, 0xB8, 0xFD, 0xF7, 0x09, 0xFD, 0xAF, 0x2C, 0xC2, 0xF6,
    0xD7, 0x66, 0x20, 0xA3, 0x9B, 0x80, 0x5C, 0xBB, 0xE8, 0x8A, 0x64, 0xB4, 0x55, 0xDB, 0x5A, 0x4E,
    0x32, 0x21, 0x17, 0x72, 0x3D, 0xBF, 0x77, 0x35, 0x91, 0x73, 0xF0, 0x09, 0x60, 0x6C, 0x23, 0x10,
    0x46, 0x0A, 0x7D, 0xE2, 0x70, 0x60, 0x9D, 0xD8, 0x2B, 0xB7, 0x4F, 0xA2, 0xB2, 0x55, 0x8E, 0xEB,
    0x53, 0xAB, 0x85, 0xD5, 0x9A, 0x59, 0xDE, 0x6A, 0xB1, 0x1A, 0x0F, 0xB5, 0x23, 0x15, 0x3D, 0x76,
    0xB3, 0x8B, 0x28, 0x93, 0x1F, 0x50, 0x45, 0xEE, 0xE1, 0x7F, 0x75, 0xBE, 0xDA, 0xBD, 0x3D, 0xD0,
    0x6E, 0xCD, 0x83, 0x13, 0x74, 0x7A, 0x0A, 0xEF, 0xFD, 0x74, 0x79, 0x0A, 0xF7, 0xE3, 0xE9, 0xBF,
    0x76, 0xB7, 0x9A, 0xA5, 0xDC, 0xD9, 0x1F, 0xCF, 0xC8, 0xB4, 0xD9, 0xBB, 0xC7, 0x81, 0x22, 0xF0,
    0x34, 0xC9, 0x8C, 0x64, 0xB1, 0x69, 0xC7, 0xDF, 0x69, 0xF9, 0x07, 0x6F, 0x7C, 0xA3, 0x9F, 0xD7,
    0x99, 0x55, 0xAC, 0xE5, 0xAA, 0xDB, 0x88, 0x4C, 0xB5, 0x75, 0xEB, 0x1F, 0x7C, 0x25, 0xB6, 0xD0,
    0x81, 0xFD, 0x85, 0x1E, 0x4E, 0xFA, 0xF4, 0xDC, 0xC9, 0x8E, 0x9F, 0x51, 0xAA, 0x76, 0xEC, 0x83,
    0xD6, 0x53, 0xF0, 0x6A, 0x3B, 0x10, 0x36, 0x7D, 0x8F, 0xD1, 0x74, 0xC9, 0x7D, 0xB1, 0xC6, 0x61,
    0xF2, 0x16, 0x0A, 0x93, 0xC6, 0xAD, 0xBA, 0x73, 0x4B, 0xC6, 0x05, 0x61, 0xA8, 0x27, 0xB4, 0x09,
    0xF5, 0x1A, 0x0C, 0x38, 0xD3, 0x24, 0xC7, 0x4D, 0x4F, 0xE7, 0x7A, 0x84, 0xB5, 0x47, 0x47, 0x2F,
    0x34, 0x50, 0xC4, 0xF7, 0xE3, 0x60, 0x6F, 0xB3, 0xBF, 0x87, 0x96, 0xE5, 0x8C, 0x63, 0xFD, 0x40,
    0x52, 0xE4, 0x46, 0x67, 0xAC, 0x47, 0x65, 0xE8, 0x2E, 0xA7, 0x6D, 0x4E, 0x46, 0xEE, 0x8D, 0x5B,
    0xC5, 0xBA, 0xCD, 0x62, 0xB2, 0xD3, 0x8C, 0xD1, 0xCD, 0x27, 0xDA, 0x27, 0x2F, 0xB4, 0x42, 0x6D,
    0xB2, 0x31, 0x9E, 0x2C, 0x8C, 0xB0, 0x5E, 0x55, 0x56, 0x8F, 0x9C, 0x5A, 0xC0, 0x78, 0xCD, 0xA9,
    0x05, 0x98, 0xB4, 0xA5, 0x4E, 0x23, 0x82, 0xB0, 0x3F, 0x4C, 0xD4, 0xC9, 0xFF, 0x56, 0xF2, 0x7F,
    0x95, 0x3C, 0x2D, 0x59, 0xD5, 0x5B, 0x1A, 0xAE, 0x4F, 0xE6, 0x0A, 0xC9, 0x4E, 0x11, 0x31, 0xA3,
    0x4C, 0x82, 0x4C, 0x81, 0x59, 0xB1, 0x1C, 0x31, 0x1F, 0x6E, 0xE4, 0x13, 0x96, 0x37, 0xB5, 0x11,
    0x5B, 0x14, 0x93, 0xDE, 0x5A, 0x14, 0x41, 0xE1, 0x3B, 0x81, 0xEB, 0xD5, 0x54, 0xB4, 0xC2, 0x47,
    0x7B, 0x54, 0xF8, 0x46, 0x71, 0x1E, 0xD1, 0x3C, 0x1E, 0x50, 0xF4, 0x02, 0xD7, 0x29, 0x4E, 0x67,
    0xB1, 0x8F, 0xBB, 0x5F, 0xCE, 0xF7, 0x7D, 0x7A, 0x91, 0xBF, 0xEC, 0x47, 0x7D, 0x50, 0xB7, 0xC6,
    0xF8, 0x3F, 0xD3, 0x26, 0xBE, 0xD1, 0xEB, 0x17, 0xED, 0xEC, 0x33, 0xAE, 0x6B, 0x37, 0x1B, 0x0A,
    0xFD, 0x3F, 0x9E, 0xBE, 0xAE, 0xDC, 0x1D, 0xBE, 0xAE, 0xBC, 0x7B, 0xDD, 0xAC, 0x5B, 0x09, 0xF7,
    0x90, 0xEB, 0x36, 0xA2, 0x1D, 0x80, 0xAA, 0xC1, 0x41, 0x5C, 0xF4, 0x70, 0x2F, 0x13, 0xEE, 0x35,
    0xC9, 0x3C, 0xE4, 0x06, 0x2E, 0xE1, 0x94, 0xA7, 0xFF, 0x3D, 0x1F, 0xBE, 0x71, 0x9A, 0x0F, 0x9B,
    0x9A, 0x6A, 0x7C, 0x64, 0xC0, 0x17, 0xDA, 0xF0, 0x96, 0xDA, 0x08, 0xAE, 0x53, 0x4E, 0x74, 0x0B,
    0xDA, 0x54, 0x4F, 0x70, 0x7B, 0x3F, 0x1E, 0xB7, 0x3E, 0xFC, 0x3B, 0xC0, 0x69, 0x80, 0x72, 0x73,
    0x38, 0xA8, 0xEF, 0x59, 0x4B, 0xBD, 0x17, 0x66, 0x81, 0x5B, 0xB2, 0x01, 0xE5, 0xA2, 0x2F, 0xEF,
    0xEC, 0xD9, 0x84, 0xA4, 0xA6, 0xC6, 0x5C, 0x30, 0x40, 0xD0, 0xA0, 0xE4, 0xA0, 0xD5, 0x1D, 0x77,
    0xB9, 0x7E, 0xB8, 0x76, 0x97, 0x8B, 0x9A, 0x8D, 0xD6, 0xA1, 0x01, 0x62, 0x42, 0xBD, 0xB4, 0xD4,
    0x28, 0x8E, 0x02, 0xBB, 0xF9, 0x43, 0x80, 0xDB, 0x0E, 0x1B, 0x09, 0xF8, 0x46, 0xD2, 0x1A, 0x87,
    0x6C, 0x9F, 0xB1, 0xA9, 0xD7, 0x1D, 0x6D, 0x4B, 0x54, 0xE4, 0x8C, 0x7C, 0xFB, 0x12, 0xBD, 0x79,
    0x62, 0x2F, 0xC7, 0x6B, 0xBC, 0x6C, 0x5F, 0xDF, 0xCB, 0xE2, 0xDC, 0x4B, 0x35, 0xF6, 0x5D, 0x10,
    0x61, 0x27, 0x78, 0x77, 0x04, 0xB2, 0x42, 0x90, 0xDB, 0x3A, 0xF7, 0xFE, 0xA7, 0x76, 0x10, 0x27,
    0x07, 0x97, 0x6B, 0x1C, 0xCC, 0xB5, 0xB2, 0x62, 0x11, 0xEC, 0x74, 0xBE, 0xF8, 0x18, 0x2F, 0xD0,
    0xA7, 0x70, 0xEF, 0xEF, 0x0E, 0x6F, 0x85, 0xBD, 0x14, 0x25, 0xE3, 0xE1, 0x95, 0x08, 0x78, 0x6E,
    0xE3, 0xA0, 0x48, 0x3A, 0x3C, 0x19, 0x8E, 0xDB, 0xD2, 0xD9, 0x26, 0x89, 0x5B, 0x1F, 0x07, 0x2D,
    0x45, 0x2E, 0xF0, 0xC6, 0x37, 0xCB, 0x3A, 0x66, 0x8B, 0xDC, 0x8D, 0x03, 0xDF, 0xF7, 0x3A, 0xE3,
    0x00, 0x3A, 0x0E, 0xF4, 0xFA, 0x94, 0xC8, 0x65, 0x4D, 0x81, 0x73, 0x4E, 0xBC, 0x6E, 0xD2, 0xBB,
    0xEB, 0x9A, 0xB9, 0xE0, 0xD3, 0xA1, 0xD1, 0xF8, 0xD4, 0x84, 0x37, 0x24, 0x70, 0xC4, 0x37, 0xEC,
    0xCF, 0x3A, 0xDA, 0x5D, 0xDF, 0xD1, 0xCF, 0x3C, 0x04, 0xD9, 0x36, 0xE9, 0x3B, 0x9D, 0xDE, 0x44,
    0xD7, 0x5D, 0xF6, 0x95, 0xBE, 0xC9, 0xE9, 0xD5, 0x9B, 0x63, 0x26, 0x97, 0x63, 0x0E, 0xD6, 0x65,
    0x78, 0x8C, 0xAC, 0xE5, 0x16, 0x40, 0x73, 0x90, 0x5C, 0xF3, 0x1C, 0x17, 0xE2, 0x23, 0x72, 0xDE,
    0x04, 0x0A, 0xFA, 0x11, 0x25, 0xEB, 0x04, 0x37, 0x3B, 0x7E, 0x59, 0x6B, 0x03, 0x7C, 0xCA, 0x05,
    0xDB, 0x9A, 0x59, 0x72, 0xC2, 0x8E, 0xEC, 0xCF, 0x70, 0x92, 0x30, 0xE4, 0x7C, 0x32, 0x78, 0x43,
    0x54, 0x8C, 0x4E, 0x40, 0x12, 0x95, 0xC2, 0xF1, 0x55, 0x22, 0x63, 0x4F, 0x20, 0xE2, 0xDB, 0x80,
    0x51, 0x14, 0x5A, 0x0A, 0x3C, 0x3B, 0xA0, 0x98, 0x71, 0x26, 0x09, 0xD8, 0x8D, 0x82, 0xFC, 0x26,
    0x31, 0x0B, 0xE2, 0xA2, 0x08, 0x76, 0xD2, 0xB0, 0xFD, 0xFD, 0xF2, 0x26, 0x36, 0x39, 0x39, 0x6B,
    0x5B, 0x86, 0x75, 0x6B, 0x9F, 0x77, 0x59, 0x9F, 0xCB, 0xBF, 0x8C, 0xEC, 0x40, 0x02, 0xD5, 0x84,
    0x83, 0xFC, 0x00, 0xE0, 0xC3, 0xE3, 0xE5, 0xB0, 0xE5, 0x56, 0x32, 0x6D, 0x0C, 0xFD, 0x5D, 0x45,
    0x47, 0xFA, 0x9C, 0xC9, 0x6F, 0x67, 0x97, 0xFD, 0xF6, 0xF5, 0xBE, 0xCD, 0xC3, 0xEE, 0x57, 0x92,
    0xA0, 0x4B, 0xF6, 0x5F, 0xBB, 0x61, 0x45, 0x9E, 0xF1, 0x58, 0x40, 0x29, 0x19, 0x9E, 0x82, 0x96,
    0x0D, 0x90, 0xAA, 0xBD, 0xC0, 0x75, 0xB0, 0x73, 0x27, 0x02, 0x01, 0xD4, 0xB3, 0x60, 0x37, 0xDC,
    0xEA, 0x20, 0xC1, 0x8B, 0x59, 0x04, 0x58, 0xE8, 0xE8, 0x74, 0x23, 0x8A, 0xE4, 0x07, 0xB8, 0xC8,
    0xE6, 0xB9, 0xBE, 0x28, 0xC8, 0x87, 0x0A, 0x70, 0x31, 0xEC, 0x51, 0x6B, 0x5B, 0xC2, 0xAF, 0x2D,
    0xC8, 0xE8, 0xC6, 0x5B, 0x7E, 0x65, 0x9E, 0xA9, 0x97, 0xF3, 0xE9, 0xE7, 0x9F, 0x8A, 0x65, 0x0F,
    0xAC, 0x47, 0x12, 0xF6, 0x37, 0xEF, 0xDB, 0xEF, 0x11, 0xDB, 0xFB, 0xE5, 0x3B, 0xC5, 0x43, 0x41,
    0x4D, 0x41, 0xA1, 0x40, 0xDD, 0xC0, 0x84, 0x83, 0x12, 0x39, 0x27, 0xD3, 0xEE, 0xBF, 0x68, 0xDA,
    0x77, 0xED, 0x1E, 0x8F, 0x48, 0x1B, 0xB5, 0x3C, 0x3B, 0xDB, 0xC7, 0x66, 0xAA, 0x77, 0x94, 0xB4,
    0xF7, 0x63, 0x4E, 0x6D, 0x49, 0x2D, 0xFE, 0xCA, 0x25, 0x5C, 0x12, 0x7B, 0xA6, 0x0B, 0xA6, 0x62,
    0x11, 0x5D, 0xFE, 0x77, 0x2A, 0x67, 0x94, 0xB3, 0x7B, 0x6D, 0x76, 0x09, 0xF9, 0xE2, 0x5E, 0x59,
    0x54, 0xD3, 0xBD, 0x4C, 0x37, 0x89, 0xAE, 0x06, 0x56, 0x23, 0x76, 0xAC, 0x7B, 0x8D, 0x25, 0x18,
    0x3A, 0x06, 0xD5, 0xEC, 0xDA, 0x76, 0x30, 0xED, 0xD7, 0xC3, 0xE3, 0xDE, 0xB3, 0xB3, 0x35, 0xDC,
    0xB4, 0x27, 0x6A, 0xEE, 0x4D, 0x57, 0x6C, 0xCC, 0x41, 0x67, 0x7E, 0xCF, 0xAB, 0x46, 0x11, 0x95,
    0xA8, 0x92, 0x12, 0x81, 0xCA, 0x1D, 0x7D, 0x6F, 0x1B, 0x61, 0x37, 0x3E, 0xE2, 0x60, 0xEF, 0x92,
    0xC5, 0xB6, 0x32, 0x15, 0xEB, 0x55, 0xF9, 0xB9, 0x98, 0xF5, 0x4C, 0xBA, 0x94, 0x09, 0x6E, 0xF2,
    0x74, 0xA2, 0x92, 0x0F, 0xA6, 0x82, 0x77, 0xA3, 0xD8, 0xFA, 0xB0, 0x7F, 0x77, 0x44, 0x3E, 0xCF,
    0xBE, 0x15, 0xB5, 0xA4, 0x9A, 0xA2, 0x98, 0x2A, 0x9B, 0xF8, 0x93, 0x9D, 0xC0, 0x39, 0xAD, 0x6A,
    0x5C, 0x55, 0x2C, 0xD9, 0x68, 0x44, 0xF3, 0xB3, 0xEE, 0xE0, 0x00, 0xE8, 0x63, 0xC7, 0x8E, 0xF0,
    0xDD, 0xC5, 0xA9, 0x94, 0x11, 0x19, 0x07, 0xAF, 0xA1, 0xEB, 0xEA, 0x04, 0xB1, 0xE1, 0x08, 0xB7,
    0xA0, 0x60, 0xE3, 0x93, 0x2E, 0xF3, 0x61, 0x54, 0x33, 0x8C, 0x40, 0x78, 0x65, 0x8D, 0x90, 0xC6,
    0xC7, 0x91, 0xEA, 0x31, 0xE7, 0x63, 0x57, 0x67, 0x97, 0x3F, 0x4E, 0x7D, 0x02, 0xE6, 0x36, 0x7C,
    0x67, 0x81, 0xE7, 0x1E, 0x19, 0xBD, 0x6E, 0xE4, 0xCA, 0xE9, 0x3C, 0x8E, 0x36, 0x4A, 0x6C, 0x68,
    0xC4, 0x9C, 0x4D, 0xB5, 0x0D, 0x86, 0x45, 0xE0, 0x12, 0x0A, 0xEB, 0xFB, 0xAD, 0xC3, 0x23, 0xC0,
    0x56, 0xA1, 0xA6, 0x03, 0x3B, 0x33, 0xBA, 0x0D, 0x55, 0x67, 0x38, 0x9E, 0x5A, 0xDC, 0x04, 0xDC,
    0xD3, 0xB2, 0x8E, 0x83, 0xA2, 0xDB, 0x6E, 0xA2, 0xDC, 0xDF, 0x17, 0xD6, 0x83, 0x46, 0xD4, 0x47,
    0x76, 0x4A, 0x73, 0xBB, 0x0B, 0xB8, 0x7B, 0xE1, 0xC3, 0x2E, 0x0A, 0x2C, 0x5E, 0xF5, 0x78, 0xFC,
    0x33, 0x3F, 0xCE, 0x24, 0x90, 0x8C, 0x17, 0xF8, 0x64, 0xD9, 0x9C, 0x0D, 0x40, 0xC1, 0x6E, 0xDB,
    0xD0, 0xFB, 0x24, 0xE0, 0x61, 0x27, 0x59, 0xF2, 0xB0, 0xD1, 0x0F, 0x57, 0x3E, 0x77, 0xF6, 0x5A,
    0x2C, 0xB6, 0x2B, 0x97, 0xDF, 0x7F, 0x51, 0x64, 0xBA, 0x00, 0x50, 0x03, 0x68, 0x1B, 0x64, 0x6C,
    0xEC, 0x10, 0xE6, 0xE2, 0xF9, 0x2E, 0x31, 0x9D, 0x67, 0xB5, 0xAC, 0x86, 0xCD, 0xAE, 0x9F, 0x01,
    0xDB, 0xE3, 0x0C, 0x28, 0xD9, 0x59, 0xED, 0x5A, 0x39, 0xC9, 0x74, 0x9E, 0x81, 0xE9, 0xEA, 0xCF,
    0x1D, 0xF5, 0x0A, 0xE9, 0x39, 0x3A, 0xEC, 0x6C, 0x84, 0x6C, 0x79, 0xD0, 0xF1, 0x73, 0xA3, 0x0E,
    0xEF, 0x96, 0xE3, 0x2F, 0xFC, 0x6A, 0x76, 0xDB, 0x8C, 0x9B, 0x3D, 0x47, 0x87, 0xEB, 0xE8, 0xFB,
    0x22, 0xB1, 0xC9, 0x98, 0x56, 0xA7, 0x5D, 0x77, 0xA3, 0x0E, 0xFF, 0x0F, 0xAD, 0x90, 0x81, 0x65,
    0x04, 0x41, 0x18, 0x85, 0xBF, 0xBD, 0xC5, 0x85, 0xC3, 0x74, 0x90, 0x2D, 0x61, 0x4B, 0x98, 0x69,
    0xE2, 0xA4, 0x8C, 0x94, 0x30, 0x5B, 0x42, 0x8A, 0x09, 0x00, 0x73, 0x25, 0x2C, 0x04, 0x80, 0x41,
    0x0A, 0x58, 0x0C, 0x0E, 0x3B, 0xF3, 0xF2, 0x8F, 0x2C, 0x91, 0x90, 0x80, 0x3C, 0xCF, 0xC7, 0xEF,
    0x7B, 0xE0, 0xE7, 0xAC, 0x02, 0x49, 0x62, 0x94, 0xB4, 0x3A, 0xC3, 0xE6, 0x1A, 0x69, 0x9F, 0xEF,
    0xB8, 0xC5, 0x9B, 0x63, 0xDE, 0x0D, 0x93, 0xDE, 0xC1, 0xEC, 0x9D, 0xBE, 0x5B, 0x88, 0xB6, 0x63,
    0x48, 0xEA, 0x2E, 0x56, 0xCC, 0xB5, 0x21, 0x73, 0x69, 0xBE, 0xE0, 0xAA, 0x57, 0x88, 0xBB, 0x8D,
    0x55, 0xFA, 0x38, 0x63, 0x08, 0x5C, 0x94, 0x39, 0xF2, 0xD8, 0xA1, 0x9B, 0xC1, 0xAF, 0x86, 0xA9,
    0x0B, 0x6F, 0xE7, 0x49, 0x8B, 0xA1, 0x02, 0xB3, 0x02, 0xA3, 0xB4, 0xE1, 0xA4, 0x9D, 0xB9, 0x25,
    0xE1, 0xB7, 0xB1, 0x18, 0xE8, 0xF2, 0x85, 0x2E, 0x56, 0xC6, 0x6E, 0x79, 0x96, 0x80, 0x49, 0x0C,
    0xCB, 0xA0, 0x30, 0xE7, 0x93, 0x82, 0x57, 0x12, 0x93, 0x54, 0xFB, 0xA4, 0x40, 0x54, 0xE0, 0xC8,
    0x2B, 0x70, 0xAE, 0x06, 0xF4, 0x0D, 0xD3, 0x6E, 0x70, 0x19, 0x92, 0x2C, 0x3F, 0x70, 0x7D, 0xD2,
    0xDB, 0x95, 0x41, 0x37, 0xFE, 0x1B, 0x47, 0x1E, 0x3A, 0xB4, 0xFC, 0xF1, 0x12, 0x18, 0xF5, 0x55,
    0xA9, 0x7D, 0x36, 0xAA, 0xDA, 0xF9, 0x7B, 0xCD, 0x36, 0xAC, 0xB1, 0x01, 0x9C, 0xC0, 0x67, 0xDC,
    0xC6, 0xB9, 0x74, 0xA6, 0x4C, 0xE2, 0x03, 0x24, 0x8E, 0x01, 0x66, 0x00, 0x31, 0x14, 0x44, 0x67,
    0x05, 0xA1, 0x8B, 0xF4, 0x06, 0x39, 0xC2, 0xBF, 0x41, 0x7F, 0x4E, 0xD6, 0xEC, 0x61, 0x7A, 0x88,
    0x42, 0x9B, 0xAF, 0xBD, 0x40, 0xE8, 0x05, 0xF6, 0x08, 0x41, 0xAD, 0x8F, 0x9F, 0xFD, 0x4D, 0x5B,
    0x66, 0xC6, 0x80, 0x99, 0xF7, 0x84, 0x56, 0xAA, 0xD0, 0x88, 0x06, 0x0D, 0xB6, 0x5B, 0x1E, 0x2C,
    0xA0, 0x02, 0xF8, 0x89, 0xE0, 0x8A, 0x74, 0x39, 0x58, 0xAA, 0xEC, 0x9A, 0xC0, 0xEE, 0xC7, 0x32,
    0x9E, 0xA3, 0xA1, 0xF9, 0xF7, 0xBF, 0x00, 0xB4, 0x30, 0xD8, 0x07, 0xB9, 0x44, 0x07, 0x00, 0x5A,
    0x83, 0xAD, 0x57, 0xC9, 0xAB, 0x59, 0xFD, 0xF0, 0xF6, 0xE5, 0x2B, 0x33, 0x5E, 0xB7, 0x17, 0xA4,
    0x1B, 0xEC, 0xA5, 0x66, 0x79, 0x4B, 0xF2, 0x9E, 0x84, 0x5D, 0xC8, 0x11, 0x0D, 0xD0, 0x28, 0xC1,
    0xF2, 0xB9, 0x1B, 0xF7, 0x3C, 0xD6, 0xCD, 0xE7, 0x04, 0xF7, 0x26, 0xE9, 0xBA, 0xFF, 0x30, 0xE0,
    0x1D, 0xBF, 0x58, 0x51, 0x49, 0xEB, 0xB1, 0x90, 0x0F, 0x1E, 0x7B, 0xD9, 0xCE, 0x64, 0x61, 0x6E,
    0x77, 0x30, 0x52, 0xEA, 0x01, 0xA9, 0x90, 0x3E, 0xCC, 0xC7, 0x59, 0xED, 0x67, 0xD2, 0x13, 0x98,
    0x26, 0xE8, 0x7F, 0x01, 0xAA, 0x7C, 0x69, 0xFF, 0x8F, 0xFB, 0x2F, 0x00, 0x95, 0xCE, 0x01, 0x66,
    0x06, 0x31, 0x10, 0xC5, 0xF1, 0xFF, 0x6E, 0x68, 0xB0, 0x98, 0x23, 0xEC, 0x11, 0xF6, 0x08, 0xC9,
    0xCD, 0xB2, 0x37, 0xFB, 0x72, 0x84, 0x1E, 0x21, 0x47, 0x88, 0x5A, 0x2C, 0xD2, 0xBC, 0xEE, 0x68,
    0xD1, 0x02, 0x3A, 0xF8, 0x61, 0xE6, 0x19, 0x0F, 0xAB, 0x00, 0x7B, 0x77, 0x6D, 0xB8, 0x71, 0xBA,
    0x28, 0xF3, 0x67, 0xD4, 0x59, 0xD4, 0xD2, 0x20, 0xA8, 0x1E, 0x83, 0x4D, 0xD9, 0x84, 0x4D, 0xA2,
    0xF2, 0xB3, 0x5C, 0x55, 0xCB, 0x05, 0x6A, 0xEA, 0x50, 0x3E, 0x54, 0x21, 0x49, 0x27, 0x98, 0x04,
    0x6C, 0xFA, 0x04, 0x82, 0x6E, 0x60, 0xF1, 0x88, 0x47, 0x71, 0xDF, 0xFF, 0xE5, 0x00, 0x96, 0x09,
    0xE0, 0xBF, 0x29, 0xBE, 0xB3, 0xCE, 0xAF, 0x79, 0x35, 0x54, 0x53, 0x5F, 0x75, 0xA6, 0x1E, 0x94,
    0xF7, 0x3B, 0x08, 0x1B, 0x71, 0x3E, 0xD8, 0x20, 0xCE, 0x87, 0xA0, 0xFD, 0x62, 0xD5, 0xD1, 0x41,
    0x2F, 0xC7, 0x5F, 0x97, 0xEF, 0xCA, 0x27, 0x1C, 0x02, 0x4C, 0x8E, 0x97, 0xDE, 0x06, 0x60, 0x37,
    0xBC, 0x79, 0xD6, 0xD4, 0x9C, 0xFA, 0x73, 0xFC, 0x02, 0xFA, 0x80, 0x03, 0x28, 0x70, 0x58, 0x00,
    0x4A, 0xA3, 0x02, 0x0D, 0x39, 0x82, 0x20, 0xFA, 0x76, 0x9B, 0x1B, 0x0C, 0x1A, 0x04, 0x82, 0x34,
    0x00, 0x27, 0x31, 0x3F, 0x70, 0x51, 0x03, 0x04, 0x81, 0xC0, 0xFD, 0x44, 0x00, 0x02, 0x10, 0xBA,
    0x3F, 0x27, 0x02, 0x20, 0x80, 0x24, 0xD3, 0x1C, 0x80, 0xD0, 0x9F, 0x30, 0x9F, 0x50, 0x98, 0x30,
    0xA2, 0x67, 0x2A, 0x55, 0x37, 0x3B, 0xF6, 0x9C, 0x65, 0x71, 0xAF, 0x6B, 0xDE, 0xBC, 0x7A, 0x55,
    0x55, 0xA3, 0x77, 0xDF, 0x7A, 0x76, 0xD9, 0x33, 0xD5, 0x2F, 0x7F, 0x5C, 0xBE, 0x76, 0x90, 0xC1,
    0xB8, 0x13, 0xE1, 0xF7, 0xFC, 0x83, 0x0B, 0xE3, 0xDA, 0x01, 0x1C, 0x3C, 0xEE, 0x20, 0xEB, 0x57,
    0xFF, 0xC6, 0x37, 0x1E, 0xD7, 0x0F, 0xEE, 0xEF, 0x21, 0x92, 0x35, 0x5E, 0x99, 0x48, 0x1A, 0x9F,
    0xBF, 0xAB, 0x90, 0xF9, 0xD9, 0xA3, 0x18, 0x2F, 0xBE, 0x1C, 0xB7, 0xC5, 0xE7, 0x90, 0x29, 0x11,
    0x0F, 0xD3, 0x30, 0xC7, 0x89, 0xF8, 0xA6, 0x0F, 0x45, 0xB3, 0xD9, 0xB2, 0xC0, 0xCD, 0xE8, 0xB3,
    0xCF, 0x5D, 0xDF, 0x01, 0xD8, 0x7D, 0x7A, 0xE2, 0xDF, 0xC2, 0xB1, 0xCF, 0x6D, 0xE9, 0x92, 0xCF,
    0x84, 0x90, 0x23, 0x28, 0xAD, 0x20, 0x96, 0x3C, 0xFC, 0x95, 0x71, 0xF8, 0x27, 0x1C, 0xF5, 0x6D,
    0xF9, 0x4D, 0xFF, 0x5A, 0x37, 0xC4, 0xDE, 0xB4, 0xFA, 0x5B, 0x6D, 0x92, 0x12, 0x38, 0xE6, 0x66,
    0x0C, 0x8F, 0xF3, 0xF6, 0x74, 0xFD, 0x6F, 0x74, 0xF8, 0x09, 0xC5, 0xDE, 0x5F, 0xF6, 0x7E, 0xBA,
    0xD8, 0xFF, 0x0B, 0xB7, 0xF8, 0x06, 0xB4, 0x15, 0x17, 0x49, 0x14, 0xF9, 0x4C, 0x83, 0xD1, 0x56,
    0x7D, 0x01, 0xBD, 0xE4, 0x6B, 0x8F, 0xDE, 0xB3, 0xBE, 0x2B, 0x9B, 0x25, 0xB5, 0xC2, 0x41, 0x2A,
    0xC9, 0x4A, 0x22, 0x7B, 0xAC, 0xEA, 0xA8, 0x7F, 0x90, 0x84, 0x1D, 0x61, 0xF4, 0xDC, 0xCC, 0x34,
    0x51, 0xF5, 0xCB, 0x50, 0xA9, 0x76, 0x32, 0xCC, 0xC6, 0xC4, 0x9D, 0x3A, 0xA1, 0xB4, 0xEC, 0x26,
    0x44, 0x06, 0x3A, 0x86, 0xE1, 0x28, 0x2B, 0x10, 0x33, 0x0C, 0xAD, 0x48, 0x82, 0x9C, 0xF6, 0x88,
    0x14, 0xB7, 0x6E, 0x9A, 0x98, 0xB8, 0xA9, 0x27, 0x9D, 0x3D, 0x7B, 0x3E, 0x6B, 0x2A, 0x67, 0x3D,
    0xE4, 0x93, 0x9E, 0xE2, 0x28, 0xD8, 0xE0, 0x45, 0x1E, 0x96, 0x9B, 0x19, 0xE8, 0x8A, 0xED, 0xFF,
    0x38, 0x93, 0xA4, 0xA3, 0x54, 0x1C, 0x64, 0x09, 0x2C, 0xC2, 0x5A, 0xD7, 0xDA, 0x48, 0x0F, 0x22,
    0x53, 0x10, 0xB1, 0x0D, 0xF2, 0x61, 0xF5, 0x95, 0x38, 0x16, 0x68, 0x57, 0x3B, 0xBB, 0x85, 0x72,
    0x60, 0xC0, 0x55, 0xCF, 0xC7, 0x25, 0x26, 0xAF, 0xDA, 0x4F, 0xED, 0xE4, 0x96, 0x68, 0xBE, 0x0E,
    0x37, 0xB5, 0xA9, 0x54, 0x68, 0xB4, 0x8B, 0x38, 0x91, 0xB9, 0x7B, 0xDC, 0x23, 0xC0, 0xB6, 0xBF,
    0x87, 0xB3, 0x3B, 0x8A, 0xD6, 0x16, 0xC0, 0x2E, 0xD2, 0x5A, 0xAE, 0xED, 0x34, 0x43, 0xF8, 0x68,
    0x85, 0xDE, 0x0B, 0xBA, 0x8A, 0xC8, 0x16, 0x2A, 0x34, 0x55, 0x53, 0x4B, 0x10, 0xD6, 0xB6, 0x38,
    0x9D, 0xCD, 0xC3, 0x6E, 0x5E, 0x18, 0x9F, 0xA0, 0x38, 0x88, 0xB1, 0xAB, 0xC6, 0x5E, 0x9D, 0xFD,
    0xB7, 0xA6, 0x6C, 0x2C, 0xBD, 0xD2, 0x71, 0x35, 0xD9, 0x6C, 0x2D, 0x5B, 0xB1, 0x00, 0xFB, 0x1F,
    0xB1, 0xCD, 0x2F, 0xC6, 0xED, 0x6C, 0x1C, 0x9E, 0xCE, 0xA7, 0xAB, 0x9F, 0x20, 0x0C, 0x49, 0xD2,
    0xD0, 0xBF, 0xC3, 0x0E, 0x02, 0xF5, 0x94, 0x42, 0xF6, 0xB9, 0xCD, 0x6E, 0x74, 0x8C, 0x4F, 0xFF,
    0x01, 0xD2, 0x5A, 0xB5, 0x92, 0x81, 0x69, 0x01, 0xA0, 0xB1, 0xB9, 0x38, 0x08, 0x1D, 0x88, 0xA2,
    0x30, 0xFC, 0xBF, 0x87, 0xBB, 0xB3, 0xA5, 0x84, 0x14, 0x80, 0x4C, 0x7A, 0xC0, 0x7A, 0xA0, 0x05,
    0x64, 0x52, 0x0F, 0x5A, 0x42, 0xD2, 0x01, 0xBE, 0x4F, 0x09, 0xB8, 0x33, 0x87, 0x39, 0xF8, 0x92,
    0xCD, 0x37, 0x73, 0x3D, 0x4A, 0x47, 0x1D, 0x17, 0xD9, 0x9B, 0x2C, 0xFF, 0x5F, 0x2C, 0x1B, 0x96,
    0xB9, 0xEC, 0xFF, 0xA3, 0xF9, 0x6C, 0x47, 0xFB, 0x27, 0x7B, 0x6C, 0xE7, 0xBB, 0x8C, 0xB4, 0xB6,
    0x68, 0x62, 0xC7, 0xD3, 0x8E, 0xB2, 0x92, 0xB0, 0x37, 0xC0, 0x8C, 0x4A, 0xF8, 0xE7, 0x3F, 0x3D,
    0x52, 0x72, 0x42, 0xAA, 0x08, 0xAF, 0x3D, 0x6A, 0xA8, 0x2F, 0x88, 0x15, 0xF9, 0x33, 0xCA, 0xB4,
    0xCE, 0x97, 0x20, 0x48, 0x0F, 0x50, 0x4B, 0x17, 0xD0, 0x21, 0xF8, 0xD4, 0x79, 0x20, 0x5A, 0x56,
    0x75, 0x06, 0x78, 0xCA, 0x5E, 0x10, 0x4A, 0x42, 0xEA, 0xD6, 0xD1, 0xE7, 0xE6, 0x81, 0x2C, 0xBE,
    0xF8, 0xF0, 0x79, 0x3D, 0x4A, 0x6A, 0xBE, 0x38, 0x2F, 0x33, 0x8D, 0xEB, 0x2D, 0x10, 0x2E, 0x7E,
    0x55, 0xA7, 0x96, 0xEB, 0xDB, 0x12, 0x6F, 0x5C, 0x3B, 0xD0, 0x11, 0xEE, 0xCB, 0x24, 0x28, 0xDC,
    0x3B, 0xA0, 0x0A, 0xFE, 0xFB, 0x47, 0xED, 0xCD, 0x45, 0xE2, 0x33, 0xD9, 0xE1, 0x24, 0x72, 0x32,
    0x24, 0xDE, 0x00, 0xBD, 0xD1, 0x01, 0xA6, 0x1C, 0x41, 0x10, 0xC6, 0xF1, 0x6F, 0x77, 0xC9, 0x60,
    0x31, 0x20, 0xE0, 0x61, 0x2F, 0x10, 0xE6, 0x08, 0x3D, 0x47, 0x08, 0x04, 0x40, 0x72, 0x83, 0x1C,
    0xA1, 0xE7, 0x08, 0xEF, 0x3A, 0x01, 0xD3, 0xEF, 0x06, 0x2D, 0x39, 0x40, 0xF6, 0x08, 0xC3, 0x6B,
    0x4C, 0xA4, 0x67, 0xFE, 0xA9, 0xD2, 0xF2, 0xAC, 0xF5, 0x22, 0x04, 0x41, 0xFD, 0xB4, 0xAA, 0xAA,
    0x6E, 0xBA, 0x4E, 0x3C, 0x4A, 0x27, 0x76, 0x87, 0xEC, 0xAC, 0xD2, 0x61, 0xDE, 0x24, 0x75, 0x18,
    0x07, 0x26, 0x85, 0x95, 0x74, 0x84, 0x98, 0x7A, 0x20, 0x5D, 0x8C, 0x1C, 0x6A, 0x47, 0x8E, 0x8B,
    0xB8, 0xCE, 0x59, 0x64, 0x63, 0x76, 0x48, 0x9E, 0x4B, 0xA1, 0x9E, 0x18, 0x07, 0x40, 0x3D, 0x54,
    0x1D, 0x61, 0x91, 0x06, 0x46, 0x01, 0x2C, 0xF7, 0x4C, 0xEA, 0xFF, 0x37, 0xC0, 0x3D, 0xB1, 0x48,
    0xBA, 0x54, 0xE3, 0x8C, 0x71, 0x22, 0x99, 0x5C, 0x8D, 0x50, 0xBC, 0xF2, 0xF2, 0x23, 0xC7, 0x97,
    0x8A, 0x9D, 0x5A, 0xAE, 0x55, 0x43, 0x69, 0xF9, 0x36, 0x7B, 0xE6, 0xF7, 0x7D, 0xD1, 0xF3, 0xAF,
    0x3D, 0xE9, 0x5C, 0xEF, 0xF0, 0x2F, 0x27, 0x99, 0x27, 0x0C, 0xF5, 0xD5, 0x1D, 0x56, 0x37, 0x2C,
    0x2E, 0x5E, 0x3C, 0x32, 0x9A, 0xDD, 0x4D, 0x4B, 0x28, 0x6E, 0xBC, 0xBA, 0x37, 0xF3, 0xE7, 0xCD,
    0xBD, 0xD4, 0x9B, 0xF9, 0xDC, 0xB6, 0xFA, 0xE7, 0x27, 0x7C, 0xE0, 0x1A, 0xCA, 0x5C, 0x63, 0x0D,
    0xA5, 0xF7, 0x76, 0x31, 0xF9, 0x10, 0xF2, 0xA1, 0x5B, 0x37, 0xF7, 0x5C, 0xDD, 0xFE, 0xC6, 0x4B,
    0x71, 0x87, 0xC5, 0x0D, 0x37, 0xC6, 0xEC, 0xCE, 0x49, 0x20, 0xDC, 0x89, 0xC9, 0x7C, 0x62, 0x34,
    0xBF, 0xE2, 0x7D, 0xCF, 0xEE, 0xF0, 0xBC, 0x9B, 0x3D, 0x9B, 0x4B, 0x35, 0x3B, 0xDC, 0x13, 0xAB,
    0x79, 0xA0, 0x98, 0x62, 0x71, 0x67, 0xF3, 0xC0, 0x74, 0xDE, 0xAD, 0xB1, 0x04, 0x52, 0x60, 0x87,
    0x25, 0xFC, 0x84, 0xB9, 0xC4, 0x69, 0xAE, 0xE7, 0x75, 0x1E, 0xC3, 0xD2, 0xD5, 0x76, 0x6E, 0xF9,
    0xD6, 0xD3, 0xFA, 0x8F, 0xF8, 0xAC, 0xC4, 0xA8, 0x8E, 0xAC, 0x9E, 0x45, 0x97, 0xEF, 0x57, 0x85,
    0x6F, 0x93, 0x42, 0x56, 0x8B, 0xF4, 0xCF, 0xF1, 0x2E, 0x26, 0xCD, 0x71, 0x14, 0x48, 0x71, 0x93,
    0x2E, 0xED, 0x7F, 0xD5, 0xAD, 0x2A, 0x03, 0x4F, 0x5B, 0x80, 0x6D, 0x86, 0x4A, 0x47, 0x19, 0x14,
    0xF3, 0xDF, 0x6A, 0x6D, 0xB9, 0x6D, 0xFD, 0x1D, 0x8A, 0xC0, 0x72, 0x47, 0x5B, 0x4D, 0x67, 0xBC,
    0xFD, 0xB8, 0x7F, 0x78, 0xFF, 0x5A, 0x8B, 0x77, 0xB4, 0x4D, 0x85, 0xD2, 0x2E, 0x7D, 0x93, 0x2D,
    0xC8, 0x16, 0xE4, 0x23, 0xC6, 0x0C, 0xFB, 0x08, 0x3F, 0x24, 0x76, 0x19, 0x30, 0x29, 0x9A, 0xC9,
    0xCD, 0xD2, 0x6C, 0x98, 0xCE, 0xE1, 0x11, 0x20, 0xDF, 0xF1, 0x45, 0x92, 0x58, 0x1D, 0x8A, 0x63,
    0x3E, 0x98, 0x49, 0xFE, 0x86, 0xF4, 0x60, 0x7C, 0x86, 0x1C, 0x81, 0x09, 0x78, 0x14, 0x9E, 0xF6,
    0xD0, 0x27, 0x0B, 0xBD, 0x76, 0xE9, 0x2F,
};

static const EpdGlyph atkinson_hn_16_boldGlyphs[] = {
    { 0, 0, 0, 0, 0, 0, 0 }, // U+0000
    { 0, 0, 139, 0, 0, 0, 0 }, // U+000D
    { 0, 0, 167, 0, 0, 0, 0 }, // U+0020
    { 8, 22, 162, 1, 22, 44, 0 }, // !
    { 11, 8, 210, 1, 22, 22, 44 }, // "
    { 25, 22, 410, 0, 22, 138, 66 }, // #
    { 20, 28, 326, 0, 25, 140, 204 }, // $
    { 32, 22, 517, 0, 22, 176, 344 }, // %
    { 23, 24, 387, 1, 24, 138, 520 }, // &
    { 5, 8, 113, 1, 22, 10, 658 }, // '
    { 10, 29, 179, 1, 24, 73, 668 }, // (
    { 10, 29, 179, 0, 24, 73, 741 }, // )
    { 14, 12, 259, 1, 22, 42, 814 }, // *
    { 18, 17, 317, 1, 17, 77, 856 }, // +
    { 7, 12, 146, 1, 7, 21, 933 }, // ,
    { 12, 5, 199, 0, 11, 15, 954 }, // -
    { 7, 7, 146, 1, 7, 13, 969 }, // .
    { 15, 27, 236, 0, 24, 102, 982 }, // /
    { 20, 22, 352, 1, 22, 110, 1084 }, // 0
    { 11, 22, 236, 1, 22, 61, 1194 }, // 1
    { 18, 22, 309, 0, 22, 99, 1255 }, // 2
    { 18, 22, 320, 1, 22, 99, 1354 }, // 3
    { 20, 22, 333, 0, 22, 110, 1453 }, // 4
    { 18, 22, 324, 1, 22, 99, 1563 }, // 5
    { 19, 22, 334, 1, 22, 105, 1662 }, // 6
    { 17, 22, 287, 0, 22, 94, 1767 }, // 7
    { 19, 22, 333, 1, 22, 105, 1861 }, // 8
    { 17, 22, 304, 1, 22, 94, 1966 }, // 9
    { 7, 17, 146, 1, 17, 30, 2060 }, // :
    { 7, 22, 146, 1, 17, 39, 2090 }, // ;
    { 17, 17, 304, 1, 17, 73, 2129 }, // <
    { 18, 11, 326, 1, 14, 50, 2202 }, // =
    { 17, 17, 304, 1, 17, 73, 2252 }, // >
    { 18, 22, 293, 0, 22, 99, 2325 }, // ?
    { 24, 25, 416, 1, 21, 150, 2424 }, // @
    { 23, 22, 363, 0, 22, 127, 2574 }, // A
    { 20, 22, 343, 1, 22, 110, 2701 }, // B
    { 21, 22, 351, 1, 22, 116, 2811 }, // C
    { 21, 22, 367, 1, 22, 116, 2927 }, // D
    { 18, 22, 319, 1, 22, 99, 3043 }, // E
    { 17, 22, 302, 1, 22, 94, 3142 }, // F
    { 22, 22, 383, 1, 22, 121, 3236 }, // G
    { 21, 22, 374, 1, 22, 116, 3357 }, // H
    { 12, 22, 227, 1, 22, 66, 3473 }, // I
    { 17, 22, 300, 0, 22, 94, 3539 }, // J
    { 21, 22, 355, 1, 22, 116, 3633 }, // K
    { 17, 22, 294, 1, 22, 94, 3749 }, // L
    { 26, 22, 458, 1, 22, 143, 3843 }, // M
    { 21, 22, 383, 1, 22, 116, 3986 }, // N
    { 23, 22, 399, 1, 22, 127, 4102 }, // O
    { 20, 22, 336, 1, 22, 110, 4229 }, // P
    { 25, 24, 404, 1, 22, 150, 4339 }, // Q
    { 21, 22, 347, 1, 22, 116, 4489 }, // R
    { 20, 22, 326, 0, 22, 110, 4605 }, // S
    { 20, 22, 325, 0, 22, 110, 4715 }, // T
    { 20, 22, 366, 1, 22, 110, 4825 }, // U
    { 22, 22, 344, 0, 22, 121, 4935 }, // V
    { 30, 22, 473, 0, 22, 165, 5056 }, // W
    { 23, 22, 366, 0, 22, 127, 5221 }, // X
    { 22, 22, 348, 0, 22, 121, 5348 }, // Y
    { 19, 22, 330, 1, 22, 105, 5469 }, // Z
    { 10, 29, 182, 1, 24, 73, 5574 }, // [
    { 15, 27, 236, 0, 24, 102, 5647 }, // <backslash>
    { 9, 29, 183, 1, 24, 66, 5749 }, // ]
    { 17, 12, 311, 1, 22, 51, 5815 }, // ^
    { 15, 4, 214, -1, 0, 15, 5866 }, // _
    { 9, 6, 166, 1, 26, 14, 5881 }, // `
    { 18, 17, 295, 0, 17, 77, 5895 }, // a
    { 18, 24, 318, 1, 24, 108, 5972 }, // b
    { 17, 17, 272, 0, 17, 73, 6080 }, // c
    { 19, 24, 318, 0, 24, 114, 6153 }, // d
    { 19, 17, 301, 0, 17, 81, 6267 }, // e
    { 12, 24, 196, 0, 24, 72, 6348 }, // f
    { 18, 24, 317, 0, 17, 108, 6420 }, // g
    { 17, 24, 305, 1, 24, 102, 6528 }, // h
    { 9, 26, 161, 0, 26, 59, 6630 }, // i
    { 11, 31, 138, -3, 26, 86, 6689 }, // j
    { 18, 24, 298, 1, 24, 108, 6775 }, // k
    { 9, 24, 171, 1, 24, 54, 6883 }, // l
    { 27, 17, 471, 1, 17, 115, 6937 }, // m
    { 17, 17, 305, 1, 17, 73, 7052 }, // n
    { 19, 17, 308, 0, 17, 81, 7125 }, // o
    { 18, 22, 318, 1, 17, 99, 7206 }, // p
    { 23, 22, 320, 0, 17, 127, 7305 }, // q
    { 11, 18, 201, 1, 18, 50, 7432 }, // r
    { 17, 17, 272, 0, 17, 73, 7482 }, // s
    { 12, 22, 201, 0, 22, 66, 7555 }, // t
    { 17, 17, 303, 1, 17, 73, 7621 }, // u
    { 18, 17, 284, 0, 17, 77, 7694 }, // v
    { 25, 17, 396, 0, 17, 107, 7771 }, // w
    { 18, 17, 289, 0, 17, 77, 7878 }, // x
    { 18, 22, 279, 0, 17, 99, 7955 }, // y
    { 16, 17, 270, 1, 17, 68, 8054 }, // z
    { 12, 29, 204, 0, 24, 87, 8122 }, // {
    { 6, 34, 136, 1, 29, 51, 8209 }, // |
    { 11, 29, 204, 1, 24, 80, 8260 }, // }
    { 16, 8, 286, 1, 13, 32, 8340 }, // ~
    { 0, 0, 167, 0, 0, 0, 0 }, // U+00A0
    { 8, 22, 162, 1, 17, 44, 0 }, // U+00A1
    { 17, 23, 272, 0, 20, 98, 44 }, // U+00A2
    { 19, 22, 339, 2, 22, 105, 142 }, // U+00A3
    { 18, 18, 317, 1, 20, 81, 247 }, // U+00A4
    { 22, 22, 348, 0, 22, 121, 328 }, // U+00A5
    { 6, 34, 136, 1, 29, 51, 449 }, // U+00A6
    { 18, 27, 296, 0, 22, 122, 500 }, // U+00A7
    { 11, 3, 312, 4, 24, 9, 622 }, // U+00A8
    { 24, 22, 426, 1, 22, 132, 631 }, // U+00A9
    { 11, 10, 209, 1, 23, 28, 763 }, // U+00AA
    { 19, 14, 348, 1, 15, 67, 791 }, // U+00AB
    { 18, 12, 328, 1, 14, 54, 858 }, // U+00AC
    { 24, 22, 426, 1, 22, 132, 912 }, // U+00AE
    { 18, 3, 267, -1, 28, 14, 1044 }, // U+00AF
    { 11, 10, 211, 1, 22, 28, 1058 }, // U+00B0
    { 18, 17, 326, 1, 17, 77, 1086 }, // U+00B1
    { 11, 13, 215, 1, 26, 36, 1163 }, // U+00B2
    { 11, 14, 218, 1, 27, 39, 1199 }, // U+00B3
    { 9, 6, 166, 1, 26, 14, 1238 }, // U+00B4
    { 17, 27, 278, 0, 22, 115, 1252 }, // U+00B6
    { 8, 7, 158, 1, 12, 14, 1367 }, // U+00B7
    { 8, 8, 122, 0, 0, 16, 1381 }, // U+00B8
    { 7, 14, 153, 1, 27, 25, 1397 }, // U+00B9
    { 11, 10, 215, 1, 23, 28, 1422 }, // U+00BA
    { 19, 14, 348, 1, 15, 67, 1450 }, // U+00BB
    { 26, 22, 452, 1, 22, 143, 1517 }, // U+00BC
    { 26, 22, 455, 1, 22, 143, 1660 }, // U+00BD
    { 28, 22, 492, 1, 22, 154, 1803 }, // U+00BE
    { 18, 23, 282, 0, 17, 104, 1957 }, // U+00BF
    { 23, 29, 363, 0, 29, 167, 2061 }, // U+00C0
    { 23, 29, 363, 0, 29, 167, 2228 }, // U+00C1
    { 23, 29, 363, 0, 29, 167, 2395 }, // U+00C2
    { 23, 28, 363, 0, 28, 161, 2562 }, // U+00C3
    { 23, 29, 363, 0, 29, 167, 2723 }, // U+00C4
    { 23, 28, 363, 0, 28, 161, 2890 }, // U+00C5
    { 32, 22, 517, 0, 22, 176, 3051 }, // U+00C6
    { 21, 28, 351, 1, 22, 147, 3227 }, // U+00C7
    { 18, 29, 319, 1, 29, 131, 3374 }, // U+00C8
    { 18, 29, 319, 1, 29, 131, 3505 }, // U+00C9
    { 18, 29, 319, 1, 29, 131, 3636 }, // U+00CA
    { 18, 29, 319, 1, 29, 131, 3767 }, // U+00CB
    { 12, 29, 227, 1, 29, 87, 3898 }, // U+00CC
    { 12, 29, 227, 1, 29, 87, 3985 }, // U+00CD
    { 14, 29, 227, 0, 29, 102, 4072 }, // U+00CE
    { 12, 29, 227, 1, 29, 87, 4174 }, // U+00CF
    { 23, 22, 378, 0, 22, 127, 4261 }, // U+00D0
    { 21, 28, 383, 1, 28, 147, 4388 }, // U+00D1
    { 23, 29, 399, 1, 29, 167, 4535 }, // U+00D2
    { 23, 29, 399, 1, 29, 167, 4702 }, // U+00D3
    { 23, 29, 399, 1, 29, 167, 4869 }, // U+00D4
    { 23, 28, 399, 1, 28, 161, 5036 }, // U+00D5
    { 23, 28, 399, 1, 28, 161, 5197 }, // U+00D6
    { 16, 15, 286, 1, 16, 60, 5358 }, // U+00D7
    { 23, 22, 399, 1, 22, 127, 5418 }, // U+00D8
    { 20, 29, 366, 1, 29, 145, 5545 }, // U+00D9
    { 20, 29, 366, 1, 29, 145, 5690 }, // U+00DA
    { 20, 29, 366, 1, 29, 145, 5835 }, // U+00DB
    { 20, 29, 366, 1, 29, 145, 5980 }, // U+00DC
    { 22, 29, 348, 0, 29, 160, 6125 }, // U+00DD
    { 20, 22, 336, 1, 22, 110, 6285 }, // U+00DE
    { 19, 22, 332, 1, 22, 105, 6395 }, // U+00DF
    { 18, 24, 295, 0, 24, 108, 6500 }, // U+00E0
    { 18, 24, 295, 0, 24, 108, 6608 }, // U+00E1
    { 18, 24, 295, 0, 24, 108, 6716 }, // U+00E2
    { 18, 23, 295, 0, 23, 104, 6824 }, // U+00E3
    { 18, 24, 295, 0, 24, 108, 6928 }, // U+00E4
    { 18, 27, 295, 0, 27, 122, 7036 }, // U+00E5
    { 29, 17, 469, 0, 17, 124, 7158 }, // U+00E6
    { 17, 23, 272, 0, 17, 98, 7282 }, // U+00E7
    { 19, 24, 301, 0, 24, 114, 7380 }, // U+00E8
    { 19, 24, 301, 0, 24, 114, 7494 }, // U+00E9
    { 19, 24, 301, 0, 24, 114, 7608 }, // U+00EA
    { 19, 24, 301, 0, 24, 114, 7722 }, // U+00EB
    { 9, 24, 161, 0, 24, 54, 7836 }, // U+00EC
    { 11, 24, 161, 0, 24, 66, 7890 }, // U+00ED
    { 13, 24, 161, -1, 24, 78, 7956 }, // U+00EE
    { 13, 24, 169, -1, 24, 78, 8034 }, // U+00EF
    { 19, 24, 314, 0, 24, 114, 8112 }, // U+00F0
    { 17, 24, 305, 1, 24, 102, 8226 }, // U+00F1
    { 19, 24, 308, 0, 24, 114, 8328 }, // U+00F2
    { 19, 24, 308, 0, 24, 114, 8442 }, // U+00F3
    { 19, 24, 308, 0, 24, 114, 8556 }, // U+00F4
    { 19, 23, 308, 0, 23, 110, 8670 }, // U+00F5
    { 19, 24, 308, 0, 24, 114, 8780 }, // U+00F6
    { 18, 17, 317, 1, 17, 77, 8894 }, // U+00F7
    { 19, 19, 308, 0, 18, 91, 8971 }, // U+00F8
    { 17, 24, 303, 1, 24, 102, 9062 }, // U+00F9
    { 17, 24, 303, 1, 24, 102, 9164 }, // U+00FA
    { 17, 24, 303, 1, 24, 102, 9266 }, // U+00FB
    { 17, 24, 303, 1, 24, 102, 9368 }, // U+00FC
    { 18, 29, 279, 0, 24, 131, 9470 }, // U+00FD
    { 18, 29, 318, 1, 24, 131, 9601 }, // U+00FE
    { 18, 29, 279, 0, 24, 131, 9732 }, // U+00FF
    { 23, 28, 363, 0, 28, 161, 0 }, // U+0100
    { 18, 22, 295, 0, 22, 99, 161 }, // U+0101
    { 23, 29, 363, 0, 29, 167, 260 }, // U+0102
    { 18, 23, 295, 0, 23, 104, 427 }, // U+0103
    { 23, 27, 363, 0, 22, 156, 531 }, // U+0104
    { 18, 22, 295, 0, 17, 99, 687 }, // U+0105
    { 21, 29, 351, 1, 29, 153, 786 }, // U+0106
    { 17, 24, 272, 0, 24, 102, 939 }, // U+0107
    { 21, 28, 351, 1, 28, 147, 1041 }, // U+010A
    { 17, 24, 272, 0, 24, 102, 1188 }, // U+010B
    { 21, 29, 351, 1, 29, 153, 1290 }, // U+010C
    { 17, 24, 272, 0, 24, 102, 1443 }, // U+010D
    { 21, 29, 367, 1, 29, 153, 1545 }, // U+010E
    { 24, 24, 372, 0, 24, 144, 1698 }, // U+010F
    { 23, 22, 378, 0, 22, 127, 1842 }, // U+0110
    { 21, 24, 318, 0, 24, 126, 1969 }, // U+0111
    { 18, 28, 319, 1, 28, 126, 2095 }, // U+0112
    { 19, 22, 301, 0, 22, 105, 2221 }, // U+0113
    { 18, 29, 319, 1, 29, 131, 2326 }, // U+0116
    { 19, 24, 301, 0, 24, 114, 2457 }, // U+0117
    { 18, 27, 319, 1, 22, 122, 2571 }, // U+0118
    { 19, 22, 301, 0, 17, 105, 2693 }, // U+0119
    { 18, 29, 319, 1, 29, 131, 2798 }, // U+011A
    { 19, 24, 301, 0, 24, 114, 2929 }, // U+011B
    { 22, 28, 383, 1, 28, 154, 3043 }, // U+011E
    { 18, 30, 317, 0, 23, 135, 3197 }, // U+011F
    { 22, 28, 383, 1, 28, 154, 3332 }, // U+0120
    { 18, 31, 317, 0, 24, 140, 3486 }, // U+0121
    { 22, 30, 383, 1, 22, 165, 3626 }, // U+0122
    { 18, 33, 317, 0, 26, 149, 3791 }, // U+0123
    { 24, 22, 374, 0, 22, 132, 3940 }, // U+0126
    { 19, 24, 305, -1, 24, 114, 4072 }, // U+0127
    { 12, 28, 227, 1, 28, 84, 4186 }, // U+012A
    { 11, 22, 161, 0, 22, 61, 4270 }, // U+012B
    { 12, 27, 227, 1, 22, 81, 4331 }, // U+012E
    { 9, 31, 161, 0, 26, 70, 4412 }, // U+012F
    { 12, 29, 227, 1, 29, 87, 4482 }, // U+0130
    { 9, 17, 161, 0, 17, 39, 4569 }, // U+0131
    { 30, 22, 527, 1, 22, 165, 4608 }, // U+0132
    { 18, 31, 299, 0, 26, 140, 4773 }, // U+0133
    { 21, 30, 355, 1, 22, 158, 4913 }, // U+0136
    { 18, 32, 298, 1, 24, 144, 5071 }, // U+0137
    { 15, 32, 285, 2, 32, 120, 5215 }, // U+0139
    { 8, 33, 134, 2, 33, 66, 5335 }, // U+013A
    { 17, 30, 294, 1, 22, 128, 5401 }, // U+013B
    { 9, 32, 171, 1, 24, 72, 5529 }, // U+013C
    { 17, 22, 294, 1, 22, 94, 5601 }, // U+013D
    { 12, 24, 196, 1, 24, 72, 5695 }, // U+013E
    { 19, 22, 310, 0, 22, 105, 5767 }, // U+0141
    { 11, 24, 187, 0, 24, 66, 5872 }, // U+0142
    { 21, 29, 383, 1, 29, 153, 5938 }, // U+0143
    { 17, 24, 305, 1, 24, 102, 6091 }, // U+0144
    { 21, 30, 383, 1, 22, 158, 6193 }, // U+0145
    { 17, 25, 305, 1, 17, 107, 6351 }, // U+0146
    { 21, 29, 383, 1, 29, 153, 6458 }, // U+0147
    { 17, 24, 305, 1, 24, 102, 6611 }, // U+0148
    { 20, 31, 405, 3, 24, 155, 6713 }, // U+014A
    { 16, 27, 330, 2, 19, 108, 6868 }, // U+014B
    { 22, 30, 416, 2, 29, 165, 6976 }, // U+014C
    { 18, 24, 323, 1, 23, 108, 7141 }, // U+014D
    { 23, 29, 399, 1, 29, 167, 7249 }, // U+0150
    { 19, 24, 308, 0, 24, 114, 7416 }, // U+0151
    { 32, 22, 547, 1, 22, 176, 7530 }, // U+0152
    { 31, 17, 500, 0, 17, 132, 7706 }, // U+0153
    { 21, 29, 347, 1, 29, 153, 7838 }, // U+0154
    { 12, 24, 201, 1, 24, 72, 7991 }, // U+0155
    { 18, 32, 332, 3, 24, 144, 8063 }, // U+0156
    { 12, 27, 220, 2, 19, 81, 8207 }, // U+0157
    { 21, 29, 347, 1, 29, 153, 8288 }, // U+0158
    { 14, 24, 201, 0, 24, 84, 8441 }, // U+0159
    { 20, 29, 326, 0, 29, 145, 8525 }, // U+015A
    { 17, 24, 272, 0, 24, 102, 8670 }, // U+015B
    { 20, 28, 326, 0, 22, 140, 8772 }, // U+015E
    { 17, 23, 272, 0, 17, 98, 8912 }, // U+015F
    { 20, 29, 326, 0, 29, 145, 9010 }, // U+0160
    { 17, 24, 272, 0, 24, 102, 9155 }, // U+0161
    { 20, 28, 325, 0, 22, 140, 9257 }, // U+0162
    { 12, 28, 201, 0, 22, 84, 9397 }, // U+0163
    { 20, 29, 325, 0, 29, 145, 9481 }, // U+0164
    { 14, 27, 201, 0, 27, 95, 9626 }, // U+0165
    { 20, 28, 366, 1, 28, 140, 9721 }, // U+016A
    { 17, 22, 303, 1, 22, 94, 9861 }, // U+016B
    { 19, 32, 390, 3, 31, 152, 9955 }, // U+016C
    { 16, 26, 330, 2, 25, 104, 10107 }, // U+016D
    { 20, 30, 366, 1, 30, 150, 10211 }, // U+016E
    { 17, 27, 303, 1, 27, 115, 10361 }, // U+016F
    { 20, 30, 366, 1, 30, 150, 10476 }, // U+0170
    { 17, 24, 303, 1, 24, 102, 10626 }, // U+0171
    { 20, 27, 366, 1, 22, 135, 10728 }, // U+0172
    { 17, 22, 303, 1, 17, 94, 10863 }, // U+0173
    { 30, 29, 473, 0, 29, 218, 10957 }, // U+0174
    { 25, 24, 396, 0, 24, 150, 11175 }, // U+0175
    { 22, 29, 348, 0, 29, 160, 11325 }, // U+0176
    { 18, 29, 279, 0, 24, 131, 11485 }, // U+0177
    { 22, 29, 348, 0, 29, 160, 11616 }, // U+0178
    { 19, 29, 330, 1, 29, 138, 11776 }, // U+0179
    { 16, 24, 270, 1, 24, 96, 11914 }, // U+017A
    { 19, 29, 330, 1, 29, 138, 12010 }, // U+017B
    { 16, 24, 270, 1, 24, 96, 12148 }, // U+017C
    { 19, 29, 330, 1, 29, 138, 12244 }, // U+017D
    { 16, 24, 270, 1, 24, 96, 12382 }, // U+017E
    { 20, 30, 326, 0, 22, 150, 0 }, // U+0218
    { 17, 25, 272, 0, 17, 107, 150 }, // U+0219
    { 20, 30, 325, 0, 22, 150, 257 }, // U+021A
    { 12, 30, 201, 0, 22, 90, 407 }, // U+021B
    { 8, 5, 0, 1, 24, 10, 0 }, // U+0300
    { 8, 5, 0, 1, 24, 10, 10 }, // U+0301
    { 14, 5, 0, 1, 24, 18, 20 }, // U+0302
    { 13, 4, 0, 1, 23, 13, 38 }, // U+0303
    { 11, 4, 0, 1, 22, 11, 51 }, // U+0304
    { 11, 5, 0, 1, 23, 14, 62 }, // U+0306
    { 6, 5, 0, 1, 24, 8, 76 }, // U+0307
    { 12, 5, 0, 1, 24, 15, 84 }, // U+0308
    { 10, 9, 0, 1, 27, 23, 99 }, // U+030A
    { 14, 5, 0, 1, 24, 18, 122 }, // U+030B
    { 14, 5, 0, 1, 24, 18, 140 }, // U+030C
    { 8, 7, 0, 1, 26, 14, 158 }, // U+0312
    { 8, 7, 0, 1, -1, 14, 172 }, // U+0326
    { 8, 7, 0, 1, 1, 14, 186 }, // U+0327
    { 8, 6, 0, 1, 1, 12, 200 }, // U+0328
    { 0, 0, 0, 0, 0, 0, 212 }, // U+034F
    { 22, 29, 348, 0, 29, 160, 0 }, // U+1EF2
    { 18, 29, 279, 0, 24, 131, 160 }, // U+1EF3
    { 0, 0, 84, 0, 0, 0, 0 }, // U+2009
    { 0, 0, 0, 0, 0, 0, 0 }, // U+200B
    { 2, 24, 0, -1, 23, 12, 0 }, // U+200C
    { 8, 24, 0, -4, 23, 48, 12 }, // U+200D
    { 8, 25, 0, -1, 23, 50, 60 }, // U+200E
    { 8, 25, 0, -7, 23, 50, 110 }, // U+200F
    { 9, 3, 171, 1, 11, 7, 160 }, // U+2010
    { 9, 4, 172, 1, 11, 9, 167 }, // U+2011
    { 15, 4, 267, 1, 10, 15, 176 }, // U+2013
    { 26, 4, 444, 1, 10, 26, 191 }, // U+2014
    { 7, 11, 145, 1, 22, 20, 217 }, // U+2018
    { 7, 11, 145, 1, 22, 20, 237 }, // U+2019
    { 7, 12, 145, 1, 7, 21, 257 }, // U+201A
    { 14, 11, 258, 1, 22, 39, 278 }, // U+201C
    { 14, 11, 258, 1, 22, 39, 317 }, // U+201D
    { 14, 12, 258, 1, 7, 42, 356 }, // U+201E
    { 18, 22, 311, 1, 22, 99, 398 }, // U+2020
    { 18, 22, 312, 1, 22, 99, 497 }, // U+2021
    { 12, 12, 234, 1, 14, 36, 596 }, // U+2022
    { 24, 7, 419, 1, 7, 42, 632 }, // U+2026
    { 0, 0, 69, 0, 0, 0, 674 }, // U+202F
    { 46, 22, 747, 0, 22, 253, 674 }, // U+2030
    { 11, 14, 211, 1, 15, 39, 927 }, // U+2039
    { 11, 14, 211, 1, 15, 39, 966 }, // U+203A
    { 21, 22, 330, 0, 22, 116, 1005 }, // U+2044
    { 6, 18, 183, 2, 17, 27, 1121 }, // U+204F
    { 22, 20, 422, 2, 20, 110, 0 }, // U+20AA
    { 22, 22, 362, 0, 22, 121, 110 }, // U+20AC
    { 18, 22, 333, 2, 22, 99, 231 }, // U+20B9
    { 18, 22, 318, 1, 22, 99, 0 }, // U+2202
    { 18, 27, 325, 1, 22, 122, 99 }, // U+220F
    { 18, 27, 326, 1, 22, 122, 221 }, // U+2211
    { 18, 4, 317, 1, 10, 18, 343 }, // U+2212
    { 21, 22, 343, 0, 22, 116, 361 }, // U+2215
    { 7, 7, 148, 1, 12, 13, 477 }, // U+2219
    { 21, 27, 367, 1, 22, 142, 490 }, // U+221A
    { 23, 11, 402, 1, 14, 64, 632 }, // U+221E
    { 14, 27, 257, 1, 22, 95, 696 }, // U+222B
    { 16, 15, 284, 1, 16, 60, 791 }, // U+2248
    { 18, 17, 326, 1, 17, 77, 851 }, // U+2260
    { 18, 17, 316, 1, 17, 77, 928 }, // U+2264
    { 18, 17, 316, 1, 17, 77, 1005 }, // U+2265
};

static const EpdUnicodeInterval atkinson_hn_16_boldIntervals[] = {
    { 0x0, 0x0, 0x0 },
    { 0xD, 0xD, 0x1 },
    { 0x20, 0x7E, 0x2 },
    { 0xA0, 0xAC, 0x61 },
    { 0xAE, 0xB4, 0x6E },
    { 0xB6, 0x107, 0x75 },
    { 0x10A, 0x113, 0xC7 },
    { 0x116, 0x11B, 0xD1 },
    { 0x11E, 0x123, 0xD7 },
    { 0x126, 0x127, 0xDD },
    { 0x12A, 0x12B, 0xDF },
    { 0x12E, 0x133, 0xE1 },
    { 0x136, 0x137, 0xE7 },
    { 0x139, 0x13E, 0xE9 },
    { 0x141, 0x148, 0xEF },
    { 0x14A, 0x14D, 0xF7 },
    { 0x150, 0x15B, 0xFB },
    { 0x15E, 0x165, 0x107 },
    { 0x16A, 0x17E, 0x10F },
    { 0x218, 0x21B, 0x124 },
    { 0x300, 0x304, 0x128 },
    { 0x306, 0x308, 0x12D },
    { 0x30A, 0x30C, 0x130 },
    { 0x312, 0x312, 0x133 },
    { 0x326, 0x328, 0x134 },
    { 0x34F, 0x34F, 0x137 },
    { 0x1EF2, 0x1EF3, 0x138 },
    { 0x2009, 0x2009, 0x13A },
    { 0x200B, 0x2011, 0x13B },
    { 0x2013, 0x2014, 0x142 },
    { 0x2018, 0x201A, 0x144 },
    { 0x201C, 0x201E, 0x147 },
    { 0x2020, 0x2022, 0x14A },
    { 0x2026, 0x2026, 0x14D },
    { 0x202F, 0x2030, 0x14E },
    { 0x2039, 0x203A, 0x150 },
    { 0x2044, 0x2044, 0x152 },
    { 0x204F, 0x204F, 0x153 },
    { 0x20AA, 0x20AA, 0x154 },
    { 0x20AC, 0x20AC, 0x155 },
    { 0x20B9, 0x20B9, 0x156 },
    { 0x2202, 0x2202, 0x157 },
    { 0x220F, 0x220F, 0x158 },
    { 0x2211, 0x2212, 0x159 },
    { 0x2215, 0x2215, 0x15B },
    { 0x2219, 0x221A, 0x15C },
    { 0x221E, 0x221E, 0x15E },
    { 0x222B, 0x222B, 0x15F },
    { 0x2248, 0x2248, 0x160 },
    { 0x2260, 0x2260, 0x161 },
    { 0x2264, 0x2265, 0x162 },
};

static const EpdFontGroup atkinson_hn_16_boldGroups[] = {
    { 0, 3182, 9141, 97, 0 },
    { 3182, 2783, 10610, 94, 97 },
    { 5965, 3151, 13520, 101, 191 },
    { 9116, 219, 515, 4, 292 },
    { 9335, 181, 229, 16, 296 },
    { 9516, 157, 319, 2, 312 },
    { 9673, 488, 1255, 26, 314 },
    { 10161, 194, 362, 3, 340 },
    { 10355, 420, 1197, 13, 343 },
};

static const uint16_t atkinson_hn_16_boldKernLeftCodepoints[] = {
    0x0020, 0x0022, 0x0026, 0x0027, 0x0028, 0x002A, 0x002B, 0x002C, 0x002D, 0x002E, 0x002F, 0x0030,
    0x0032, 0x0033, 0x0034, 0x0035, 0x0036, 0x0037, 0x0038, 0x0039, 0x003A, 0x003B, 0x003F, 0x0040,
    0x0041, 0x0042, 0x0043, 0x0044, 0x0045, 0x0046, 0x0047, 0x0049, 0x004A, 0x004B, 0x004C, 0x004F,
    0x0050, 0x0051, 0x0052, 0x0053, 0x0054, 0x0055, 0x0056, 0x0057, 0x0058, 0x0059, 0x005A, 0x005B,
    0x005C, 0x005D, 0x005F, 0x0061, 0x0062, 0x0063, 0x0065, 0x0066, 0x0067, 0x0068, 0x006A, 0x006B,
    0x006C, 0x006D, 0x006E, 0x006F, 0x0070, 0x0071, 0x0072, 0x0073, 0x0074, 0x0075, 0x0076, 0x0077,
    0x0078, 0x0079, 0x007A, 0x007B, 0x007C, 0x00A1, 0x00A2, 0x00A6, 0x00A7, 0x00AB, 0x00B0, 0x00B6,
    0x00BB, 0x00BF, 0x00C0, 0x00C1, 0x00C2, 0x00C3, 0x00C4, 0x00C5, 0x00C6, 0x00C7, 0x00C8, 0x00C9,
    0x00CA, 0x00CB, 0x00CC, 0x00CD, 0x00CE, 0x00CF, 0x00D0, 0x00D2, 0x00D3, 0x00D4, 0x00D5, 0x00D6,
    0x00D8, 0x00D9, 0x00DA, 0x00DB, 0x00DC, 0x00DD, 0x00DE, 0x00DF, 0x00E0, 0x00E1, 0x00E2, 0x00E3,
    0x00E4, 0x00E5, 0x00E6, 0x00E7, 0x00E8, 0x00E9, 0x00EA, 0x00EB, 0x00EE, 0x00EF, 0x00F0, 0x00F1,
    0x00F2, 0x00F3, 0x00F4, 0x00F5, 0x00F6, 0x00F8, 0x00F9, 0x00FA, 0x00FB, 0x00FC, 0x00FD, 0x00FE,
    0x00FF, 0x0100, 0x0101, 0x0102, 0x0103, 0x0104, 0x0105, 0x0106, 0x0107, 0x010A, 0x010B, 0x010C,
    0x010D, 0x010E, 0x010F, 0x0110, 0x0111, 0x0112, 0x0113, 0x0116, 0x0117, 0x0118, 0x0119, 0x011A,
    0x011B, 0x011E, 0x011F, 0x0120, 0x0121, 0x0122, 0x0123, 0x0126, 0x0127, 0x012A, 0x012E, 0x012F,
    0x0130, 0x0132, 0x0133, 0x0136, 0x0137, 0x013B, 0x013C, 0x013D, 0x013E, 0x0141, 0x0142, 0x0144,
    0x0146, 0x0148, 0x0150, 0x0151, 0x0152, 0x0153, 0x0154, 0x0155, 0x0157, 0x0158, 0x0159, 0x015A,
    0x015B, 0x015E, 0x015F, 0x0160, 0x0161, 0x0162, 0x0163, 0x0164, 0x0165, 0x016A, 0x016B, 0x016E,
    0x016F, 0x0170, 0x0171, 0x0172, 0x0173, 0x0174, 0x0175, 0x0176, 0x0177, 0x0178, 0x0179, 0x017A,
    0x017B, 0x017C, 0x017D, 0x017E, 0x0218, 0x0219, 0x021A, 0x021B, 0x1EF2, 0x1EF3, 0x2013, 0x2014,
    0x2018, 0x2019, 0x201A, 0x201C, 0x201D, 0x201E, 0x2026, 0x2039, 0x203A,
};

static const uint8_t atkinson_hn_16_boldKernLeftClassIds[] = {
      1,   2,   3,   2,   4,   5,   6,   7,   8,   9,  10,  11,  12,  13,  14,  15,
     16,  17,  18,  19,  20,  20,  21,  22,  23,  24,  25,  26,  27,  28,  29,  30,
     31,  32,  33,  26,  34,  35,  36,  37,  38,  31,  39,  40,  41,  42,  43,  44,
     45,  46,  47,  48,  49,  50,  51,  52,  53,  54,  55,  56,  57,  54,  54,  49,
     49,  58,  59,  60,  61,  62,  63,  63,  64,  63,  65,  44,  66,  67,  50,  66,
     68,  69,  70,  71,  72,  73,  23,  23,  23,  23,  23,  23,  27,  25,  27,  27,
     27,  27,  30,  30,  30,  30,  26,  26,  26,  26,  26,  26,  26,  31,  31,  31,
     31,  42,  74,  75,  48,  48,  48,  48,  48,  48,  51,  50,  51,  51,  51,  51,
     76,  77,  78,  54,  49,  49,  49,  49,  49,  49,  62,  62,  62,  62,  63,  49,
     63,  23,  48,  23,  48,  79,  80,  25,  50,  25,  50,  25,  50,  26,  81,  26,
     82,  27,  51,  27,  51,  83,  51,  27,  51,  29,  53,  29,  53,  29,  53,  84,
     54,  30,  85,  86,  30,  31,  55,  32,  56,  33,  87,  33,  88,  33,  57,  54,
     54,  54,  26,  49,  27,  51,  36,  59,  89,  36,  59,  37,  60,  37,  60,  37,
     60,  38,  90,  38,  91,  31,  62,  31,  62,  31,  62,  31,  92,  40,  63,  42,
     63,  42,  43,  65,  43,  65,  43,  65,  37,  60,  38,  93,  42,  63,   8,   8,
     94,  95,   9,  94,  95,   9,   9,  69,  72,
};

static const uint16_t atkinson_hn_16_boldKernRightCodepoints[] = {
    0x0020, 0x0021, 0x0022, 0x0023, 0x0025, 0x0026, 0x0027, 0x0029, 0x002A, 0x002B, 0x002C, 0x002D,
    0x002E, 0x002F, 0x0030, 0x0031, 0x0032, 0x0033, 0x0034, 0x0035, 0x0036, 0x0037, 0x0038, 0x0039,
    0x003A, 0x003B, 0x003F, 0x0040, 0x0041, 0x0042, 0x0043, 0x0045, 0x0046, 0x0047, 0x0048, 0x0049,
    0x004A, 0x004F, 0x0051, 0x0053, 0x0054, 0x0055, 0x0056, 0x0057, 0x0058, 0x0059, 0x005A, 0x005B,
    0x005C, 0x005D, 0x005F, 0x0061, 0x0062, 0x0063, 0x0064, 0x0065, 0x0066, 0x0067, 0x0068, 0x0069,
    0x006A, 0x006B, 0x006C, 0x006D, 0x006E, 0x006F, 0x0070, 0x0071, 0x0072, 0x0073, 0x0074, 0x0075,
    0x0076, 0x0077, 0x0078, 0x0079, 0x007A, 0x007C, 0x007D, 0x00A1, 0x00A2, 0x00A5, 0x00A6, 0x00A7,
    0x00AB, 0x00B0, 0x00B6, 0x00B7, 0x00BB, 0x00BF, 0x00C0, 0x00C1, 0x00C2, 0x00C3, 0x00C4, 0x00C5,
    0x00C6, 0x00C7, 0x00C8, 0x00C9, 0x00CA, 0x00CB, 0x00CC, 0x00CD, 0x00CE, 0x00CF, 0x00D2, 0x00D3,
    0x00D4, 0x00D5, 0x00D6, 0x00D8, 0x00D9, 0x00DA, 0x00DB, 0x00DC, 0x00DD, 0x00E0, 0x00E1, 0x00E2,
    0x00E3, 0x00E4, 0x00E5, 0x00E6, 0x00E7, 0x00E8, 0x00E9, 0x00EA, 0x00EB, 0x00EC, 0x00ED, 0x00EE,
    0x00EF, 0x00F0, 0x00F1, 0x00F2, 0x00F3, 0x00F4, 0x00F5, 0x00F6, 0x00F8, 0x00F9, 0x00FA, 0x00FB,
    0x00FC, 0x00FD, 0x00FE, 0x00FF, 0x0100, 0x0101, 0x0102, 0x0103, 0x0104, 0x0105, 0x0106, 0x0107,
    0x010A, 0x010B, 0x010C, 0x010D, 0x010F, 0x0111, 0x0112, 0x0113, 0x0116, 0x0117, 0x0118, 0x0119,
    0x011A, 0x011B, 0x011E, 0x011F, 0x0120, 0x0121, 0x0122, 0x0123, 0x0127, 0x012A, 0x012B, 0x012E,
    0x012F, 0x0130, 0x0131, 0x0132, 0x0133, 0x0137, 0x013C, 0x013E, 0x0142, 0x0144, 0x0146, 0x0148,
    0x014D, 0x0150, 0x0151, 0x0152, 0x0153, 0x0155, 0x0159, 0x015A, 0x015B, 0x015E, 0x015F, 0x0160,
    0x0161, 0x0162, 0x0163, 0x0164, 0x0165, 0x016A, 0x016B, 0x016E, 0x016F, 0x0170, 0x0171, 0x0172,
    0x0173, 0x0174, 0x0175, 0x0176, 0x0177, 0x0178, 0x0179, 0x017A, 0x017B, 0x017C, 0x017D, 0x017E,
    0x0218, 0x0219, 0x021A, 0x021B, 0x1EF2, 0x1EF3, 0x2013, 0x2014, 0x2018, 0x2019, 0x201A, 0x201C,
    0x201D, 0x201E, 0x2022, 0x2026, 0x2030, 0x2039, 0x203A, 0x220F, 0x2211, 0x222B,
};

static const uint8_t atkinson_hn_16_boldKernRightClassIds[] = {
      1,   2,   3,   4,   5,   6,   3,   7,   8,   9,  10,  11,  12,  13,  14,  15,
     16,  17,  18,  19,  20,  21,  22,  23,  24,  25,  26,  27,  28,  29,  30,  29,
     29,  30,  29,  31,  32,  30,  30,  33,  34,  35,  36,  37,  38,  39,  40,  41,
     42,  43,  44,  45,  46,  47,  47,  47,  48,  49,  46,  50,  51,  46,  46,  52,
     52,  47,  53,  47,  52,  54,  55,  56,  57,  57,  58,  57,  59,  41,  43,  60,
     47,  61,  41,  60,  62,  63,  64,  65,  66,  67,  28,  28,  28,  28,  28,  28,
     68,  30,  29,  29,  29,  29,  31,  31,  31,  31,  30,  30,  30,  30,  30,  30,
     35,  35,  35,  35,  39,  45,  45,  69,  70,  71,  45,  45,  47,  47,  47,  47,
     72,  73,  50,  74,  75,  47,  52,  47,  47,  76,  77,  78,  47,  56,  56,  56,
     56,  57,  79,  57,  28,  80,  28,  81,  28,  45,  30,  47,  30,  47,  30,  47,
     47,  47,  29,  47,  29,  47,  29,  47,  29,  47,  30,  49,  30,  49,  30,  49,
     82,  31,  83,  31,  84,  31,  50,  31,  50,  46,  46,  46,  46,  52,  52,  52,
     85,  30,  47,  30,  47,  52,  52,  33,  54,  33,  54,  33,  54,  34,  55,  34,
     55,  35,  56,  35,  56,  35,  56,  35,  56,  37,  57,  39,  57,  39,  40,  59,
     40,  59,  40,  59,  33,  54,  34,  55,  39,  57,  11,  11,  86,  87,  88,  86,
     87,  88,  89,  12,   5,  62,  66,  90,  90,  91,
};

static const uint16_t atkinson_hn_16_boldKernRowOffsets[] = {
        0,     6,    30,    37,    54,    73,    75,    95,   114,   133,   163,   165,   168,   169,   176,   182,
      185,   198,   205,   208,   218,   219,   222,   254,   265,   271,   289,   298,   316,   324,   338,   345,
      371,   396,   428,   447,   472,   488,   540,   588,   625,   649,   698,   705,   709,   722,   723,   724,
      749,   787,   815,   834,   869,   872,   886,   887,   917,   943,   963,   997,  1010,  1028,  1030,  1065,
     1078,  1089,  1090,  1095,  1096,  1104,  1106,  1107,  1118,  1150,  1159,  1161,  1171,  1175,  1178,  1211,
     1237,  1285,  1286,  1296,  1298,  1313,  1314,  1341,  1391,  1392,  1411,  1431,  1434,  1453,  1476,  1502,
};

static const uint8_t atkinson_hn_16_boldKernSparseCols[] = {
     27,  33,  35,  36,  38,  56,  14,  17,  20,  21,  27,  31,  32,  33,  35,  36,
     44,  46,  47,  53,  54,  68,  69,  70,  71,  75,  76,  77,  79,  80,  32,  33,
     34,  35,  36,  38,  56,  13,  27,  29,  31,  44,  46,  48,  50,  68,  69,  70,
     71,  75,  76,  77,  79,  80,   9,  11,  27,  31,  33,  44,  46,  47,  67,  68,
     69,  70,  71,  75,  76,  77,  79,  80,  87,  14,  17,   7,  14,  27,  29,  33,
     34,  35,  36,  37,  38,  46,  50,  54,  56,  71,  75,  76,  77,  85,  86,  13,
     17,  18,  27,  29,  31,  33,  35,  36,  37,  38,  46,  48,  54,  56,  71,  75,
     76,  77,   7,  14,  27,  29,  33,  34,  35,  36,  37,  38,  46,  54,  56,  71,
     75,  76,  77,  85,  86,  12,  17,  20,  27,  29,  31,  32,  33,  38,  44,  46,
     47,  48,  51,  52,  53,  55,  56,  57,  67,  68,  69,  70,  71,  75,  76,  77,
     78,  79,  80,   6,  10,  16,  17,  21,  12,   2,   8,  10,  14,  15,  17,  22,
     12,  14,  16,  18,  19,  22,  12,  14,  20,   2,   4,   9,  11,  12,  14,  16,
     17,  20,  21,  42,  62,  87,   2,   4,  12,  14,  15,  20,  22,  12,  15,  17,
     27,  33,  35,  36,  38,  46,  71,  75,  76,  77,  27,  33,  38,  54,   0,   1,
      2,   6,   7,   9,  10,  11,  12,  25,  27,  29,  32,  33,  34,  35,  36,  37,
     38,  41,  46,  47,  54,  55,  56,  71,  75,  76,  77,  85,  86,  87,   7,  12,
     35,  36,  37,  38,  46,  71,  75,  76,  77,  27,  29,  33,  36,  37,  39,   6,
      9,  10,  11,  12,  25,  27,  30,  33,  35,  36,  37,  38,  39,  41,  58,  67,
     87,  29,  32,  33,  46,  56,  71,  75,  76,  77,   9,  11,  12,  27,  29,  31,
     44,  67,  68,  69,  70,  72,  73,  74,  79,  80,  82,  87,   7,  25,  33,  35,
     36,  37,  38,  86,  29,  44,  46,  48,  56,  68,  69,  70,  71,  75,  76,  77,
     79,  80,   9,  11,  12,  27,  48,  67,  87,   0,  25,  27,  29,  34,  35,  36,
     37,  38,  46,  48,  49,  55,  56,  61,  65,  71,  72,  73,  74,  75,  76,  77,
     82,  83,  86,   2,   7,  25,  27,  29,  32,  33,  34,  35,  36,  38,  46,  49,
     61,  71,  72,  73,  74,  75,  76,  77,  82,  83,  85,  86,   0,   9,  11,  12,
     27,  31,  33,  35,  37,  38,  44,  46,  49,  56,  61,  67,  68,  69,  70,  71,
     72,  73,  74,  75,  76,  77,  79,  80,  82,  83,  85,  87,   6,   9,  10,  11,
     12,  25,  27,  30,  33,  35,  36,  37,  38,  39,  41,  50,  58,  67,  87,   9,
     10,  11,  23,  24,  27,  29,  31,  33,  34,  37,  38,  44,  46,  67,  68,  69,
     70,  71,  75,  76,  77,  79,  80,  87,   2,  10,  12,  25,  27,  31,  33,  35,
     36,  38,  52,  54,  56,  67,  78,  85,   0,   2,   5,   7,   9,  10,  11,  12,
     23,  24,  25,  26,  27,  29,  31,  32,  33,  35,  36,  37,  38,  41,  44,  46,
     48,  51,  52,  53,  55,  56,  57,  58,  61,  65,  67,  68,  69,  70,  71,  72,
     73,  74,  75,  76,  77,  78,  79,  80,  81,  82,  86,  87,   0,   2,   5,   9,
     10,  11,  12,  23,  24,  26,  27,  29,  31,  32,  33,  35,  37,  38,  44,  46,
     48,  49,  51,  52,  53,  55,  56,  57,  61,  65,  67,  68,  69,  70,  71,  72,
     73,  74,  75,  76,  77,  78,  79,  80,  81,  82,  83,  87,   0,   2,   5,   9,
     10,  11,  12,  23,  24,  27,  29,  31,  32,  33,  36,  38,  44,  46,  48,  55,
     61,  67,  68,  69,  70,  71,  72,  73,  74,  75,  76,  77,  79,  80,  81,  82,
     87,   9,  10,  11,  25,  27,  29,  33,  35,  38,  44,  46,  56,  61,  68,  69,
     70,  71,  75,  76,  77,  79,  80,  85,  87,   0,   5,   9,  10,  11,  12,  23,
     24,  25,  26,  27,  29,  31,  32,  33,  35,  36,  37,  38,  41,  44,  46,  48,
     51,  52,  53,  55,  56,  57,  58,  61,  65,  67,  68,  69,  70,  71,  72,  73,
     74,  75,  76,  77,  78,  79,  80,  81,  82,  87,  29,  46,  61,  71,  75,  76,
     77,  17,  20,  48,  50,  29,  33,  34,  36,  38,  49,  50,  56,  72,  73,  74,
     82,  83,  50,  50,   2,   6,  10,  25,  33,  38,  41,  46,  47,  49,  53,  54,
     55,  56,  71,  72,  73,  74,  75,  76,  77,  82,  83,  85,  86,   2,   6,   9,
     10,  11,  12,  23,  24,  25,  27,  33,  35,  36,  37,  38,  41,  46,  47,  49,
     53,  54,  56,  57,  58,  61,  65,  71,  72,  73,  74,  75,  76,  77,  82,  83,
     85,  86,  87,   2,   6,  25,  33,  41,  44,  45,  46,  47,  49,  54,  68,  69,
     70,  71,  72,  73,  74,  75,  76,  77,  79,  80,  81,  82,  83,  85,  86,   2,
      9,  11,  12,  25,  26,  33,  35,  36,  38,  41,  47,  48,  54,  56,  58,  85,
     86,  87,   2,   7,   9,  10,  11,  12,  25,  26,  44,  46,  47,  48,  49,  53,
     54,  56,  57,  68,  69,  70,  71,  72,  73,  74,  75,  76,  77,  79,  80,  81,
     82,  83,  85,  86,  87,  33,  41,  50,  25,  33,  41,  47,  49,  54,  56,  72,
     73,  74,  82,  83,  85,  86,  50,   5,   9,  10,  11,  23,  24,  26,  33,  44,
     46,  49,  54,  56,  57,  61,  68,  69,  70,  71,  72,  73,  74,  75,  76,  77,
     79,  80,  82,  83,  87,   9,  11,  41,  44,  45,  46,  48,  49,  54,  56,  68,
     69,  70,  71,  72,  73,  74,  75,  76,  77,  79,  80,  81,  82,  83,  87,   6,
      9,  12,  24,  33,  40,  41,  42,  43,  50,  52,  56,  59,  66,  78,  83,  86,
     87,  89,  90,   0,   2,   9,  11,  44,  45,  46,  47,  48,  49,  51,  52,  54,
     55,  56,  68,  69,  70,  71,  72,  73,  74,  75,  76,  77,  78,  79,  80,  81,
     82,  83,  85,  86,  87,   2,  25,  33,  41,  46,  47,  56,  57,  71,  75,  76,
     77,  85,   2,  10,  25,  26,  46,  49,  56,  58,  71,  72,  73,  74,  75,  76,
     77,  82,  83,  86,  33,  41,   0,   9,  10,  11,  12,  27,  33,  35,  37,  38,
     41,  44,  46,  47,  48,  49,  53,  54,  56,  68,  69,  70,  71,  72,  73,  74,
     75,  76,  77,  79,  80,  82,  83,  85,  87,  33,  35,  38,  46,  47,  48,  53,
     57,  71,  75,  76,  77,  86,  10,  33,  38,  46,  47,  54,  56,  71,  75,  76,
     77,  50,  33,  35,  36,  38,  50,  50,  33,  35,  38,  46,  71,  75,  76,  77,
     14,  20,  81,  33,  35,  36,  37,  38,  39,  46,  71,  75,  76,  77,  28,  29,
     31,  33,  34,  35,  36,  38,  44,  46,  47,  48,  49,  51,  55,  56,  68,  69,
     70,  71,  72,  73,  74,  75,  76,  77,  79,  80,  82,  83,  85,  86,   6,  10,
     12,  25,  27,  35,  37,  41,  67,  41,  56,   2,  25,  42,  45,  62,  63,  78,
     81,  86,  89,  42,  45,  60,  81,   9,  11,  87,   0,   1,   2,   6,   7,   9,
     10,  11,  12,  25,  27,  29,  32,  33,  34,  35,  36,  37,  38,  41,  46,  47,
     50,  54,  55,  56,  71,  75,  76,  77,  85,  86,  87,   2,   6,  10,  25,  33,
     38,  41,  46,  47,  49,  50,  53,  54,  55,  56,  71,  72,  73,  74,  75,  76,
     77,  82,  83,  85,  86,   2,   3,   5,   6,   9,  10,  11,  12,  26,  41,  42,
     43,  44,  46,  47,  48,  49,  50,  51,  52,  53,  55,  56,  57,  58,  60,  61,
     64,  65,  68,  69,  70,  71,  72,  73,  74,  75,  76,  77,  78,  79,  80,  82,
     83,  85,  86,  87,  88,  25,  29,  32,  33,  46,  50,  56,  71,  75,  76,  77,
     73,  81,  29,  44,  46,  48,  50,  56,  68,  69,  70,  71,  75,  76,  77,  79,
     80,  50,   9,  11,  41,  44,  45,  46,  48,  49,  50,  54,  56,  68,  69,  70,
     71,  72,  73,  74,  75,  76,  77,  79,  80,  81,  82,  83,  87,   2,   3,   5,
      6,   7,   9,  10,  11,  12,  23,  24,  26,  41,  42,  43,  44,  46,  47,  48,
     49,  51,  52,  53,  54,  55,  56,  57,  58,  60,  61,  64,  65,  68,  69,  70,
     71,  72,  73,  74,  75,  76,  77,  78,  79,  80,  82,  83,  85,  87,  88,  84,
      2,  10,  25,  26,  46,  49,  50,  56,  58,  71,  72,  73,  74,  75,  76,  77,
     82,  83,  86,   2,  10,  25,  26,  41,  42,  46,  49,  56,  58,  71,  72,  73,
     74,  75,  76,  77,  82,  83,  86,  33,  41,  50,   2,  10,  25,  26,  46,  49,
     50,  56,  58,  71,  72,  73,  74,  75,  76,  77,  82,  83,  86,   9,  11,  27,
     31,  33,  44,  46,  47,  53,  54,  56,  66,  67,  68,  69,  70,  71,  75,  76,
     77,  79,  80,  87,   9,  11,  27,  29,  31,  33,  44,  46,  47,  48,  51,  53,
     54,  57,  66,  67,  68,  69,  70,  71,  75,  76,  77,  79,  80,  87,
};

static const int8_t atkinson_hn_16_boldKernSparseValues[] = {
      -5,  -11,  -11,  -11,  -16,  -10,    6,  -35,   17,  -11,  -31,  -65,   -4,   16,   11,   11,
     -10,  -16,   16,  -15,   20,  -10,  -10,  -10,  -16,  -16,  -16,  -16,  -10,  -10,  -16,  -28,
      -7,  -27,  -12,  -37,   -7,  -11,  -11,  -11,   -9,  -11,  -21,   -9,   36,  -11,  -11,  -11,
     -21,  -21,  -21,  -21,  -11,  -11,  -45,  -45,  -37,  -37,   11,  -11,  -11,   12,  -59,  -11,
     -11,  -11,  -11,  -11,  -11,  -11,  -11,  -11,  -45,  -16,   15,  -45,  -16,    5,  -16,  -42,
     -21,  -26,  -16,    5,  -41,   -5,   15,  -15,  -21,   -5,   -5,   -5,   -5,  -35,  -36,   11,
      30,    5,  -10,   10,   21,  -21,  -16,   -1,  -11,  -22,    7,   11,   -5,   -5,    7,    7,
       7,    7,  -45,  -16,    5,  -16,  -42,  -21,  -26,  -16,    5,  -41,   -5,  -15,  -21,   -5,
      -5,   -5,   -5,  -35,  -36,  -71,  -27,   27,  -45,  -21,  -54,  -16,   12,   11,  -27,  -36,
       1,  -26,  -20,  -16,  -31,  -21,  -11,  -21,  -41,  -27,  -27,  -27,  -36,  -36,  -36,  -36,
     -16,  -27,  -27,  -11,   11,   -1,   -3,   -5,  -16,  -17,   11,   11,   -4,   -2,    5,  -12,
     -12,  -11,  -11,   -2,   -5,   -1,  -16,  -15,   -4,   17,   16,  -16,  -16,  -27,   11,    5,
     -22,   16,  -11,    5,   22,  -16,  -11,  -13,  -10,  -11,   -5,   -5,   -7,  -27,  -11,   -1,
       5,  -16,  -11,   -5,  -20,   -3,   -3,   -3,   -3,   -3,  -31,  -21,  -12,   -3,   -5,   -5,
     -31,  -11,  -37,    5,  -10,    5,   10,  -31,   13,  -15,  -10,  -36,  -16,  -26,  -20,   10,
     -36,  -45,   -9,  -10,  -18,   -6,  -20,   -9,   -9,   -9,   -9,  -37,  -37,    5,  -11,  -11,
     -10,   -5,  -11,  -11,    6,    6,    6,    6,    6,   -5,   -8,    6,    5,  -10,    5,  -11,
     -16,   10,  -16,  -21,  -26,  -15,  -10,  -11,  -11,   -5,  -25,  -23,  -12,  -21,   -1,  -25,
     -16,  -10,   -3,    5,   -9,   -5,   -9,   -9,   -9,   -9,  -28,  -28,  -33,  -27,   -2,  -19,
      -5,  -43,   -5,   -5,   -5,    2,   12,   12,   -5,   -5,   12,  -28,  -11,  -21,  -15,  -11,
     -10,   -4,  -27,  -11,  -10,   -2,  -13,  -15,  -11,   -2,   -2,   -2,  -13,  -13,  -13,  -13,
      -2,   -2,  -21,  -21,  -16,  -16,   -3,  -20,  -21,  -11,  -20,   10,  -28,  -12,    1,   -2,
       7,    6,  -25,  -20,  -15,  -15,  -26,  -26,  -11,  -25,  -15,  -15,  -15,  -25,  -25,  -25,
     -15,  -15,  -20,  -39,  -37,  -41,    4,  -16,   -5,  -46,  -11,  -37,  -27,  -47,   -3,   -9,
     -21,   -3,   -9,   -9,   -9,   -3,   -3,   -3,   -9,   -9,  -60,  -54,  -16,  -32,  -32,  -36,
     -27,  -57,    5,    2,  -15,  -11,   -4,   -1,   11,   11,  -11,  -61,   -4,   -4,   -4,   -1,
      11,   11,   11,   -1,   -1,   -1,   -4,   -4,   11,   11,    5,  -32,  -11,  -16,   10,  -16,
     -16,  -26,    2,  -10,  -11,  -11,   -5,  -15,  -23,   -9,  -21,   22,   -1,   -7,  -16,   -4,
     -12,   -4,   -4,   -4,    9,   -5,  -14,   -5,   -5,    6,  -18,   -2,   -6,   -5,   -2,   -2,
      -2,   -6,   -6,   -6,   -6,   -2,   -2,   -4,   -4,   15,  -11,   -6,   -7,    3,   -3,   -8,
      -2,  -11,   -6,   -6,  -11,  -18,   -6,  -11,  -11,   16,  -17,   11,  -42,  -21,  -42,  -53,
     -16,  -16,   11,  -21,  -36,  -12,  -52,   -4,    8,   11,   11,    1,   12,   12,  -33,  -43,
     -37,  -25,  -21,  -26,  -21,  -15,  -22,  -21,  -47,  -31,  -56,  -49,  -45,  -45,  -43,   21,
      23,   23,  -65,  -68,  -65,  -21,  -50,  -59,   16,   13,   16,  -42,  -11,   11,  -20,  -25,
     -16,  -25,  -31,  -11,  -11,   -5,  -26,  -11,  -36,   -6,   11,   11,    3,   15,  -26,  -21,
     -15,   -2,  -17,  -12,  -20,  -11,   -5,  -14,  -30,  -20,  -42,  -41,  -42,  -46,  -21,   -2,
       7,   12,  -21,  -21,  -21,  -12,  -26,  -26,    9,    2,   -2,  -25,  -11,   11,   -2,  -16,
      -1,  -16,  -16,   -6,   -6,  -20,   -5,  -35,   -3,   11,    5,   13,   -4,  -19,  -15,   -6,
     -16,  -41,   -4,   -4,   -4,  -19,    7,   12,   17,  -19,  -19,  -19,   -4,   -4,    9,   12,
     -16,    5,  -11,    5,  -10,   10,  -25,    1,    3,    7,   -5,  -25,  -14,  -25,   -5,   -5,
      -5,  -25,  -25,  -25,  -25,   -5,   -5,  -20,    5,  -16,  -27,  -41,  -22,  -41,  -40,  -20,
     -20,  -10,  -12,  -36,  -23,  -65,  -14,   12,   15,   13,    7,   20,   11,  -36,  -41,  -41,
     -26,  -27,  -30,  -21,  -20,  -20,  -20,  -46,  -35,  -82,  -36,  -60,  -61,  -72,    7,    7,
      17,  -41,  -41,  -77,  -27,  -36,  -36,    9,   17,  -41,  -16,   -7,  -16,   -7,   -7,   -7,
      -7,   -6,   16,   -4,   37,  -21,  -53,  -16,  -16,  -40,  -10,   46,  -16,  -10,  -10,  -10,
     -10,  -10,   21,   45,  -21,  -11,   -5,  -22,  -27,  -15,  -25,   -3,   -5,   -5,   -4,   -6,
      -4,  -10,   -3,   -5,   -5,   -5,   -3,   -3,   -3,   -5,   -5,   -3,  -16,   -1,  -11,   -5,
       7,   -5,  -13,   -3,   -3,  -21,   -9,  -43,  -21,  -19,  -25,  -41,  -36,    1,    1,   -7,
      -4,   -1,  -10,  -15,   -9,  -11,  -11,    1,   -7,   -7,   -7,    1,    1,    1,   -7,   -7,
     -12,   -1,   -5,   -4,  -11,  -11,  -33,  -13,    1,   11,   -9,   11,    4,   11,    1,    1,
       1,   -9,    4,    4,    4,   -9,   -9,   -9,    1,    1,   11,    4,    4,    4,    5,  -16,
      -2,   -2,  -11,  -26,    5,  -38,  -21,  -19,  -41,  -31,   -1,    3,   -1,   -7,   -4,  -10,
      -5,   -2,   16,   17,  -21,  -16,  -21,  -16,    5,  -11,   -9,  -13,    7,  -10,    5,   -6,
       6,    2,   -5,   -9,   -9,   -9,  -13,    5,   21,   22,  -13,  -13,  -13,   -9,   -9,   13,
      22,    5,   15,   18,  -21,  -25,  -20,   20,  -20,  -27,  -20,   -1,   -4,   -4,  -10,   -4,
      -4,   -4,   -4,   -4,  -16,  -16,   20,  -11,   -5,  -20,   -5,   -5,   -5,  -16,  -22,   -7,
     -18,   -5,   -5,    5,   13,  -11,   -7,   -7,   -7,  -18,   -5,   -5,   -5,  -18,  -18,  -18,
      -7,   -7,   -5,   -5,   -5,    5,    5,  -11,    5,   -5,   -7,   -9,  -12,  -10,  -10,    5,
       5,    5,   -7,  -12,  -12,  -12,   -7,   -7,   -7,    5,    5,   -5,  -12,  -12,    5,   37,
      21,   46,   21,  -25,   18,  -20,   52,   61,   83,   18,   16,   13,   36,   18,   34,   -4,
      17,   27,   24,  -11,   22,  -37,  -37,   -5,    5,   -9,   16,   -4,   10,    5,    5,   13,
       5,    4,   -5,   -5,   -5,   -9,   10,   10,   10,   -9,   -9,   -9,    5,   -5,   -5,    5,
      10,   10,   12,   21,  -37,  -11,  -21,  -26,  -18,    1,    1,   -4,   -7,    1,    1,    1,
       1,  -12,    2,   -5,   -5,   -9,   -7,    1,   -2,   -1,   -7,    1,    1,    1,   -7,   -7,
      -7,    1,    1,    6,  -25,  -20,  -10,  -29,   -5,  -29,  -16,  -20,  -15,   -5,  -14,  -20,
     -11,  -10,  -10,    9,   -7,    7,   -4,    9,   13,  -10,  -10,  -10,  -10,    7,    7,    7,
     -10,  -10,  -10,  -10,  -10,    7,    7,   11,  -29,  -22,  -14,  -20,  -15,    2,  -10,   -6,
      13,  -15,  -15,  -15,  -15,   -4,   -8,  -21,  -20,   -8,    5,    5,    5,   -8,   -8,   -8,
      -8,   27,  -16,  -20,  -11,  -27,   26,   13,  -31,  -20,  -35,  -11,  -11,  -11,  -11,  -11,
      12,   27,   13,  -47,  -30,  -16,  -25,  -46,  -16,   -2,   -2,   -2,   -2,   -2,  -16,  -22,
     -25,  -37,   -6,  -29,  -30,  -55,  -19,  -21,  -20,  -15,  -16,  -15,  -20,  -26,  -19,  -19,
     -19,  -21,  -16,  -16,  -16,  -21,  -21,  -21,  -19,  -19,  -16,  -23,  -20,  -20,  -27,   10,
     -20,  -15,  -14,  -16,  -21,  -10,  -36,  -15,   -7,   20,   24,   18,   13,   15,    9,    9,
      13,   18,   13,    9,   14,   20,   14,  -15,  -15,  -15,   -5,   -5,  -31,  -11,  -37,    5,
     -10,    5,   10,  -31,   13,  -15,  -10,  -36,  -16,  -26,  -20,   10,  -36,  -45,   -9,  -10,
      43,  -18,   -6,  -20,   -9,   -9,   -9,   -9,  -37,  -37,    5,  -21,  -11,   -5,  -22,  -27,
     -15,  -25,   -3,   -5,   -5,   30,   -4,   -6,   -4,  -10,   -3,   -5,   -5,   -5,   -3,   -3,
      -3,   -5,   -5,   -3,  -16,    5,   -3,  -43,    3,  -53,  -36,  -53,  -53,  -43,   16,    3,
     -53,  -34,  -36,  -10,  -17,   -9,   -2,  -15,  -15,  -25,  -15,   -7,  -10,   -1,   20,  -53,
     -33,  -53,  -34,  -34,  -34,  -36,   -9,   -9,   -9,  -36,  -36,  -36,  -15,  -34,  -34,   -9,
      -9,  -13,    4,  -53,  -53,   20,  -10,   -3,    5,   -9,   27,   -5,   -9,   -9,   -9,   -9,
      16,   20,  -10,   -2,  -13,  -15,   22,  -11,   -2,   -2,   -2,  -13,  -13,  -13,  -13,   -2,
      -2,   22,    5,    5,  -11,    5,   -5,   -7,   -9,  -12,   26,  -10,  -10,    5,    5,    5,
      -7,  -12,  -12,  -12,   -7,   -7,   -7,    5,    5,   -5,  -12,  -12,    5,    5,   -3,  -25,
       3,   -3,  -25,  -25,  -25,  -25,  -11,  -11,  -24,   16,    3,  -16,  -20,  -25,  -10,  -23,
      -9,  -11,  -10,  -23,   -1,  -12,   -9,  -13,  -18,   20,  -25,  -25,  -25,  -20,  -20,  -20,
     -25,   -9,   -9,   -9,  -25,  -25,  -25,  -10,  -20,  -20,   -9,   -9,  -11,  -25,  -25,  -11,
       2,   -5,   -5,   -9,   -7,    1,   25,   -2,   -1,   -7,    1,    1,    1,   -7,   -7,   -7,
       1,    1,    6,    2,   -5,   -5,   -9,   11,    7,   -7,    1,   -2,   -1,   -7,    1,    1,
       1,   -7,   -7,   -7,    1,    1,    6,  -25,  -20,   22,    2,   -5,   -5,   -9,   -7,    1,
      22,   -2,   -1,   -7,    1,    1,    1,   -7,   -7,   -7,    1,    1,    6,  -45,  -45,  -37,
     -47,   11,  -11,  -22,   16,  -17,   16,    6,  -32,  -59,  -11,  -11,  -11,  -22,  -22,  -22,
     -22,  -11,  -11,  -45,  -45,  -45,  -37,  -22,  -70,   16,  -20,  -21,   15,  -18,   -2,  -23,
       4,   -9,  -32,  -59,  -20,  -20,  -20,  -21,  -21,  -21,  -21,  -20,  -20,  -45,
};

static const EpdFontData atkinson_hn_16_bold = {
    atkinson_hn_16_boldBitmaps,
    atkinson_hn_16_boldGlyphs,
    atkinson_hn_16_boldIntervals,
    51,
    40,
    27,
    -9,
    true,
    atkinson_hn_16_boldGroups,
    9,
    nullptr,
    nullptr,  // kernLeftClasses: built-in fonts use the split arrays below
    nullptr,  // kernRightClasses
    atkinson_hn_16_boldKernLeftCodepoints,
    atkinson_hn_16_boldKernLeftClassIds,
    atkinson_hn_16_boldKernRightCodepoints,
    atkinson_hn_16_boldKernRightClassIds,
    nullptr,  // kernMatrix: built-in fonts use the sparse form below
    atkinson_hn_16_boldKernRowOffsets,
    atkinson_hn_16_boldKernSparseCols,
    atkinson_hn_16_boldKernSparseValues,
    249,
    250,
    95,
    91,
    nullptr,
    0,
};
