/**
 * generated by fontconvert.py
 * name: atkinson_hn_14_bolditalic
 * size: 14
 * mode: 2-bit  compressed: true
 * Command used: fontconvert.py atkinson_hn_14_bolditalic 14 ../builtinFonts/source/AtkinsonHyperlegibleNext/AtkinsonHyperlegibleNext-BoldItalic.otf ../builtinFonts/source/NotoSansHebrew/NotoSansHebrew-Regular.ttf ../builtinFonts/source/NotoSansArabic/NotoSansArabic-Regular.ttf --2bit --compress --pnum --zopfli
 */
#pragma once
#include "EpdFontData.h"

static const uint8_t atkinson_hn_14_bolditalicBitmaps[11587] = {
    0x9D, 0x99, 0x45, 0xB4, 0xE4, 0x48, 0x76, 0xFE, 0x23, 0xA5, 0x9E, 0xD2, 0xFF, 0xDF, 0xB9, 0x90,
    0x99, 0xED, 0x58, 0x9A, 0xAD, 0xA5, 0xD9, 0x91, 0x67, 0xBC, 0x33, 0x33, 0xD3, 0xD6, 0x38, 0xB8,
    0xF5, 0x51, 0x9A, 0x99, 0xBD, 0x32, 0x33, 0xBC, 0x31, 0xEC, 0xCF, 0x80, 0x62, 0xAA, 0xCC, 0x28,
    0xF3, 0xB2, 0x65, 0x86, 0xA1, 0xE8, 0x29, 0xF9, 0xB4, 0xDE, 0x54, 0x48, 0xD7, 0xDF, 0xEF, 0xC4,
    0xD3, 0xCB, 0x7E, 0xCD, 0xA7, 0xB3, 0x52, 0xDF, 0xCB, 0x94, 0x22, 0x2E, 0x7C, 0x17, 0x22, 0x22,
    0xCB, 0xF5, 0xD1, 0x0D, 0xD1, 0x99, 0xDE, 0x67, 0x67, 0xA7, 0x83, 0xB9, 0x4A, 0xEF, 0xCD, 0xD5,
    0xD9, 0xF1, 0x5E, 0x5C, 0x9D, 0x78, 0xEB, 0x75, 0x70, 0xAE, 0x1B, 0x5D, 0x48, 0xAE, 0x4F, 0x60,
    0x1B, 0x9D, 0xFF, 0xD7, 0xDC, 0xFD, 0xD3, 0x12, 0xFE, 0x78, 0x0E, 0x7F, 0x9E, 0xC2, 0x8F, 0xA5,
    0xD0, 0x4E, 0x41, 0x77, 0x5D, 0x88, 0x21, 0x82, 0xC3, 0xD9, 0xB9, 0xE1, 0x64, 0x9A, 0x6A, 0x4E,
    0x68, 0x7A, 0xE5, 0x83, 0x81, 0x35, 0xB8, 0x80, 0x26, 0x41, 0x73, 0x2B, 0xF9, 0x6D, 0x02, 0x7D,
    0xEA, 0x26, 0x4D, 0x1D, 0x25, 0xA0, 0xE3, 0xE9, 0x29, 0x80, 0xAE, 0x37, 0x10, 0x58, 0x65, 0x5B,
    0xBD, 0x3A, 0x57, 0xAF, 0x75, 0x16, 0xE6, 0x46, 0x78, 0x5C, 0xDA, 0x19, 0x03, 0xEB, 0x28, 0x68,
    0x00, 0x2F, 0x38, 0x5A, 0x76, 0x4C, 0x3C, 0xA1, 0x72, 0xAC, 0xED, 0xF7, 0x2D, 0x35, 0xF9, 0x13,
    0xBA, 0xD3, 0x31, 0x7F, 0xBA, 0x46, 0x6D, 0x9F, 0xA6, 0xF1, 0x8C, 0xA8, 0xCC, 0x30, 0xD3, 0x16,
    0x66, 0x60, 0xAB, 0x66, 0x38, 0xF7, 0x6E, 0xF1, 0x71, 0x48, 0x16, 0xFD, 0x83, 0x69, 0x88, 0xFD,
    0xBF, 0x8E, 0x18, 0xF2, 0x2E, 0x73, 0xDE, 0x34, 0xA5, 0x31, 0x9B, 0x34, 0x63, 0xD3, 0xD8, 0xF6,
    0x04, 0xA0, 0xFB, 0x15, 0x10, 0x84, 0x24, 0x73, 0xAD, 0x25, 0xA8, 0xEB, 0x34, 0x54, 0x2E, 0x85,
    0xFF, 0x5C, 0x9D, 0xBC, 0xE9, 0xDD, 0xE6, 0x24, 0x78, 0x70, 0x56, 0xAD, 0x4E, 0x7F, 0xB6, 0x46,
    0x0A, 0xC3, 0xFD, 0xD5, 0xE3, 0xAE, 0xE5, 0x10, 0x4F, 0xCC, 0xB3, 0x76, 0x93, 0x41, 0x0F, 0x72,
    0x2F, 0xF5, 0x8F, 0xB5, 0x09, 0x45, 0x1A, 0xB4, 0xC1, 0xCC, 0xF0, 0x99, 0xB9, 0x9E, 0x5D, 0xB5,
    0xD6, 0x8B, 0x62, 0xD2, 0x2C, 0x35, 0xDF, 0x7C, 0x3A, 0xD8, 0xAB, 0x12, 0xE2, 0xE5, 0xA1, 0x33,
    0x24, 0x9D, 0x6B, 0x08, 0x91, 0x0A, 0xD7, 0x2D, 0x02, 0xF9, 0x2E, 0x14, 0xD1, 0x51, 0x76, 0xE6,
    0x1E, 0x4C, 0x7E, 0xBC, 0x60, 0xE0, 0xCE, 0x26, 0xBB, 0xF1, 0xCA, 0x41, 0x01, 0xB3, 0x34, 0x3C,
    0x9C, 0x1B, 0xE1, 0x70, 0x6A, 0xD7, 0x90, 0x4C, 0xE1, 0xF6, 0x8F, 0xE4, 0xC6, 0x04, 0xA7, 0x41,
    0x5C, 0x92, 0x00, 0x95, 0x54, 0x86, 0x6D, 0x90, 0x64, 0x4F, 0x18, 0x11, 0xF0, 0xAE, 0x59, 0x76,
    0xAE, 0x6D, 0x76, 0x7E, 0xEA, 0x14, 0xC2, 0x20, 0x29, 0xC1, 0x05, 0x49, 0xCD, 0x0A, 0xB2, 0xA6,
    0x2B, 0xCB, 0x94, 0x5F, 0xF5, 0xE6, 0x1A, 0x6E, 0xC0, 0x4E, 0x37, 0x49, 0x1E, 0x0E, 0x90, 0x85,
    0x67, 0x65, 0x0B, 0x24, 0x99, 0xDB, 0xDF, 0x22, 0x4C, 0xEF, 0x33, 0x4F, 0x03, 0x6F, 0xC6, 0xCB,
    0xF9, 0x9B, 0xE4, 0x14, 0x93, 0x87, 0xCD, 0x49, 0xA2, 0xBB, 0xFB, 0x3E, 0xE8, 0xBD, 0x5D, 0x72,
    0xF8, 0xB8, 0xA0, 0xCC, 0x27, 0x34, 0xF5, 0x51, 0x42, 0x2B, 0xBB, 0x31, 0x20, 0x40, 0x2F, 0xEF,
    0x4F, 0xFA, 0x74, 0xD7, 0x6F, 0x6F, 0xEA, 0x2D, 0x37, 0xBC, 0xE5, 0x90, 0x0B, 0xDD, 0xF9, 0xC3,
    0xDA, 0xB3, 0x7B, 0xCC, 0x21, 0x70, 0x87, 0x0D, 0x46, 0xE1, 0xB6, 0x12, 0xC9, 0x1F, 0xF2, 0x86,
    0xED, 0x8A, 0xF4, 0x34, 0x40, 0x13, 0x00, 0x5C, 0xDA, 0x61, 0x02, 0xC6, 0x9B, 0x64, 0x74, 0x1D,
    0xA0, 0x27, 0xDD, 0x12, 0x72, 0xA7, 0x84, 0x6F, 0xC6, 0x56, 0xDC, 0x7C, 0xBB, 0xA6, 0x2D, 0xC1,
    0xD2, 0x60, 0xE9, 0x9B, 0xAE, 0x7E, 0xE9, 0x15, 0xF2, 0xD0, 0x26, 0x7D, 0x1B, 0x3B, 0x05, 0x04,
    0x5B, 0xA1, 0x80, 0x14, 0x25, 0x86, 0xE8, 0x3D, 0x66, 0x84, 0xCC, 0xC8, 0x43, 0x47, 0x60, 0x84,
    0x01, 0xC6, 0x08, 0xCC, 0x6B, 0x32, 0x23, 0x16, 0xD4, 0x32, 0x22, 0x4C, 0x2F, 0x24, 0x88, 0x11,
    0xE1, 0x56, 0xD0, 0xFB, 0x6B, 0x04, 0x63, 0x34, 0x85, 0xDC, 0xA5, 0xDC, 0xF4, 0xED, 0x1F, 0x2D,
    0x36, 0x26, 0x11, 0xAD, 0x9D, 0xC3, 0xE8, 0x2D, 0x86, 0xA9, 0x7B, 0x34, 0x75, 0x53, 0xF8, 0xD7,
    0x14, 0xA6, 0x70, 0x7F, 0x0E, 0x53, 0x1F, 0x73, 0x18, 0xFB, 0xF8, 0xE6, 0x3E, 0xF6, 0x31, 0x0C,
    0x80, 0x46, 0x6A, 0xB8, 0x74, 0x2B, 0x9B, 0xFD, 0xF5, 0xAB, 0x44, 0x35, 0xF9, 0x51, 0x92, 0xB0,
    0x47, 0x71, 0x4D, 0x44, 0x5C, 0x9F, 0x82, 0xF1, 0xEE, 0x6D, 0x7C, 0xFF, 0x3E, 0x5E, 0x92, 0x60,
    0xCF, 0x80, 0x8A, 0x54, 0xC1, 0xDC, 0x3A, 0xE3, 0x16, 0x49, 0xB4, 0x90, 0xD1, 0xB3, 0x43, 0xA0,
    0x8C, 0x46, 0xA0, 0x4D, 0x43, 0x52, 0x92, 0x88, 0x8E, 0x7B, 0xC5, 0xE3, 0xEE, 0xD6, 0x6D, 0xD4,
    0xD5, 0xB8, 0xDD, 0x6E, 0xDC, 0x5A, 0xF0, 0x8D, 0xA4, 0x87, 0x84, 0x61, 0x21, 0xE3, 0x23, 0x42,
    0xAE, 0x7E, 0x5B, 0x50, 0x7A, 0xCC, 0x86, 0xCF, 0x2B, 0x4F, 0x26, 0x9E, 0x28, 0xBD, 0x08, 0x6F,
    0x6D, 0xAF, 0xB4, 0x58, 0x65, 0xAC, 0x7B, 0xAC, 0x30, 0x35, 0x08, 0x2A, 0x49, 0xAE, 0x35, 0x44,
    0x90, 0x98, 0x91, 0xD0, 0x9D, 0x77, 0x7E, 0x65, 0xF8, 0xBD, 0xB3, 0x20, 0xC4, 0x46, 0x75, 0x33,
    0xEB, 0x81, 0x2F, 0x35, 0x82, 0xCE, 0x81, 0x11, 0xBB, 0x7D, 0x02, 0x51, 0x8B, 0xBA, 0x13, 0x94,
    0x73, 0xCB, 0x30, 0x59, 0xD0, 0x3D, 0xDC, 0x34, 0xF8, 0xC1, 0x2A, 0x5D, 0x50, 0x40, 0xAF, 0xF3,
    0xB3, 0x68, 0xC0, 0xDC, 0x71, 0x10, 0x44, 0x03, 0xF8, 0x84, 0x00, 0x7C, 0x0E, 0x23, 0x10, 0x4B,
    0xD0, 0x19, 0x98, 0x0A, 0x0C, 0xB4, 0x12, 0xBB, 0xBA, 0x3A, 0x53, 0x2D, 0x14, 0x0E, 0x76, 0x5A,
    0xC4, 0xA0, 0x19, 0x36, 0xB3, 0x34, 0x1E, 0x45, 0xF9, 0x5C, 0x5D, 0xB2, 0x1D, 0xD0, 0xF0, 0x7B,
    0xB1, 0x36, 0xFC, 0xD8, 0x5C, 0x37, 0x3F, 0x23, 0x96, 0x2B, 0x23, 0xE0, 0xCA, 0x43, 0x44, 0x8F,
    0xE1, 0xF6, 0xB7, 0x86, 0xF3, 0x5F, 0xF0, 0xB4, 0x54, 0xF5, 0x4F, 0xD9, 0xF9, 0xD6, 0x14, 0x59,
    0xBF, 0xFA, 0x55, 0xB1, 0xD7, 0xA0, 0x1E, 0xC9, 0x80, 0xC4, 0xD7, 0xAB, 0xA0, 0xCD, 0xD2, 0xD1,
    0x63, 0x90, 0x4D, 0xE8, 0x38, 0x49, 0xE8, 0x22, 0x4B, 0xF1, 0xB7, 0xC1, 0xD5, 0x23, 0x70, 0xEF,
    0xEA, 0xAA, 0x50, 0x47, 0xBA, 0xAF, 0x68, 0xC9, 0x7B, 0x1E, 0xF7, 0x97, 0xB8, 0x93, 0xE4, 0xDB,
    0x9D, 0x87, 0xC3, 0xF3, 0x3D, 0xC4, 0x48, 0xE6, 0xF2, 0x24, 0x13, 0x0E, 0x3D, 0xEA, 0x1E, 0x19,
    0x44, 0x0E, 0x82, 0x73, 0x0F, 0x98, 0xE0, 0x6D, 0x1B, 0x5E, 0x66, 0x0C, 0x82, 0x08, 0xF9, 0xEB,
    0xD7, 0x46, 0xF5, 0x9F, 0x24, 0x36, 0x8C, 0xB7, 0x90, 0x94, 0x1B, 0x9D, 0xD6, 0x1B, 0x86, 0x30,
    0x98, 0xDC, 0xE8, 0xAC, 0xB4, 0xE4, 0x83, 0xBC, 0x92, 0x17, 0x91, 0x74, 0x08, 0x93, 0x4F, 0x43,
    0x6C, 0x67, 0x53, 0x4B, 0x33, 0x77, 0xD4, 0xDF, 0x56, 0xDF, 0x43, 0x22, 0xB1, 0x3B, 0xC5, 0x94,
    0xF5, 0xE8, 0x80, 0x45, 0x7E, 0x26, 0xBC, 0x18, 0x2F, 0x69, 0xA5, 0xBD, 0x7B, 0xD2, 0x79, 0x69,
    0xD6, 0xD6, 0x8E, 0x5B, 0x9D, 0xC5, 0x37, 0x2F, 0x77, 0xA7, 0x83, 0xBC, 0xC5, 0x1D, 0x48, 0xDE,
    0x58, 0xD9, 0x99, 0x58, 0xBE, 0x9F, 0xBB, 0x7D, 0x1D, 0xA8, 0x7D, 0xAC, 0x09, 0x10, 0xCE, 0xE7,
    0x66, 0x74, 0xAD, 0x82, 0xE4, 0xD4, 0x91, 0x78, 0x55, 0x7B, 0x06, 0x1D, 0x35, 0x17, 0x93, 0x65,
    0xFF, 0x4A, 0xB2, 0x10, 0xC8, 0xA9, 0x14, 0x93, 0x3E, 0xC1, 0xA0, 0xC1, 0x9E, 0x1E, 0xEC, 0x6B,
    0xC7, 0x00, 0x1C, 0x13, 0x52, 0x5E, 0x0D, 0x01, 0x36, 0x02, 0x11, 0x88, 0x8F, 0x5F, 0x5D, 0x5D,
    0xD1, 0x64, 0xD4, 0x3C, 0xF5, 0xA9, 0x94, 0xDD, 0xA5, 0xF6, 0x0E, 0xF1, 0x36, 0x35, 0x6D, 0x04,
    0xF8, 0xD8, 0xA3, 0xAE, 0x32, 0x82, 0xE5, 0x89, 0x5D, 0x83, 0x41, 0x03, 0x06, 0x49, 0xDB, 0x11,
    0xCB, 0x8A, 0x41, 0x8C, 0x0D, 0x67, 0xC1, 0xEB, 0x75, 0x51, 0x62, 0xE8, 0x8E, 0x64, 0xDD, 0x70,
    0x3D, 0xE4, 0xFE, 0xDC, 0xE6, 0xCA, 0x91, 0x92, 0x3E, 0x4B, 0x9A, 0x7C, 0x67, 0xBD, 0x34, 0x9A,
    0x1D, 0x8C, 0xD2, 0x61, 0x0A, 0x31, 0x27, 0x98, 0x29, 0xFE, 0x71, 0x75, 0xB3, 0x7C, 0x99, 0x78,
    0xF2, 0x2A, 0x3B, 0xA1, 0x1C, 0x6F, 0xBB, 0xFF, 0x55, 0x2D, 0xC0, 0x68, 0x7F, 0xAE, 0x34, 0xA6,
    0x8D, 0xCD, 0xE4, 0xD7, 0x7A, 0x6A, 0xA3, 0xD9, 0x2B, 0x93, 0xAF, 0xB7, 0xE1, 0x90, 0x42, 0x93,
    0x82, 0x4B, 0x9F, 0xD1, 0x8E, 0xC2, 0x4F, 0x6F, 0xE3, 0x67, 0x1C, 0xC0, 0x37, 0xD7, 0xC2, 0x71,
    0x6D, 0xE2, 0x67, 0xB4, 0x8F, 0xEC, 0x55, 0x31, 0xD4, 0xC6, 0x8E, 0xE2, 0x3B, 0x8C, 0xF5, 0x09,
    0xD7, 0x59, 0xD8, 0xCA, 0x2E, 0xE2, 0x1B, 0x70, 0xC6, 0x92, 0xF0, 0x1E, 0x4C, 0xEC, 0x4D, 0xBE,
    0x06, 0x65, 0x04, 0xB7, 0x5A, 0xBC, 0x96, 0x1B, 0x0C, 0x0A, 0xEF, 0x02, 0xED, 0xAF, 0x13, 0x93,
    0x3F, 0x3F, 0x31, 0x90, 0xC2, 0x6B, 0x72, 0x8B, 0x79, 0x99, 0x24, 0xEF, 0x12, 0xCE, 0x07, 0xD0,
    0x19, 0x59, 0x79, 0x10, 0xAA, 0xB3, 0x0A, 0x37, 0x49, 0xBC, 0x7A, 0xC3, 0xA6, 0x81, 0x50, 0xD1,
    0xCD, 0xA0, 0x32, 0x9A, 0x46, 0xC0, 0x10, 0x86, 0x47, 0x46, 0x2B, 0xAB, 0xAF, 0xD8, 0xB3, 0x69,
    0x60, 0xBD, 0x01, 0xA2, 0x78, 0x69, 0x32, 0x42, 0xF7, 0x28, 0xBB, 0x02, 0xD7, 0x5F, 0x65, 0x91,
    0xE5, 0x76, 0xEA, 0x04, 0x29, 0x00, 0xCA, 0xDE, 0x61, 0x0A, 0x88, 0xEA, 0x05, 0xE7, 0xA1, 0xF4,
    0x5A, 0x7C, 0x38, 0x90, 0x35, 0x9E, 0x40, 0xD2, 0xA3, 0x30, 0x68, 0x56, 0x49, 0xF9, 0xDC, 0x2A,
    0xDF, 0xCE, 0x1D, 0x8C, 0x84, 0xDB, 0x8E, 0x3E, 0x8C, 0xC0, 0xED, 0xA2, 0x37, 0x00, 0xDC, 0x63,
    0x47, 0xFA, 0x51, 0x24, 0xF3, 0x10, 0xFD, 0xDE, 0x26, 0xF0, 0x90, 0x08, 0x92, 0x99, 0x28, 0x12,
    0xE8, 0x1E, 0x96, 0x56, 0xE8, 0xA0, 0xF3, 0x64, 0xFC, 0x58, 0x6B, 0x29, 0xDA, 0x1A, 0x9C, 0x3F,
    0x02, 0x2D, 0x20, 0xE2, 0xEA, 0x4D, 0x1C, 0xD6, 0xAB, 0xFC, 0x38, 0xE6, 0x2E, 0xC9, 0x5F, 0xFC,
    0x98, 0xD9, 0xC3, 0xA4, 0x5B, 0x3F, 0x30, 0x39, 0x23, 0x18, 0x1D, 0x7C, 0x04, 0xD0, 0xB1, 0xA0,
    0x23, 0xD5, 0x65, 0x55, 0x06, 0xD6, 0x7D, 0x69, 0x96, 0x69, 0x13, 0x34, 0x8D, 0x40, 0x2C, 0x70,
    0x59, 0xB7, 0x2E, 0xAE, 0x06, 0x18, 0xEA, 0x01, 0xE9, 0x58, 0x8B, 0x74, 0x30, 0x39, 0x00, 0x1D,
    0x13, 0x3A, 0xC6, 0xE7, 0xD6, 0xB1, 0x87, 0x62, 0x87, 0xED, 0x8E, 0x8E, 0x67, 0xAD, 0x13, 0x17,
    0x4E, 0x2F, 0xF1, 0x88, 0x28, 0x4E, 0xE8, 0x58, 0x14, 0x8F, 0x36, 0xC3, 0xCB, 0xE9, 0x59, 0xF1,
    0x68, 0x6D, 0x55, 0x07, 0xB3, 0x6C, 0x05, 0x1E, 0xFF, 0xFD, 0x3C, 0xC8, 0xB3, 0xA5, 0x4F, 0x4A,
    0x24, 0x15, 0xD0, 0x90, 0x3A, 0xCC, 0xC5, 0x0C, 0x44, 0x3D, 0x31, 0xB9, 0x6E, 0x6B, 0x39, 0x69,
    0x60, 0x80, 0x42, 0xDE, 0x2B, 0xB3, 0xD0, 0x5E, 0x19, 0xEA, 0x6B, 0xF0, 0x8C, 0x33, 0x86, 0x37,
    0x07, 0xC3, 0x1D, 0x3D, 0xC2, 0x1F, 0x45, 0xCA, 0x20, 0x02, 0xCC, 0x05, 0xF1, 0x89, 0x15, 0x43,
    0xB8, 0x60, 0x54, 0xD9, 0xD0, 0x91, 0x78, 0x23, 0x37, 0xFB, 0xC8, 0xCD, 0x41, 0x38, 0xE1, 0x1A,
    0x1E, 0x07, 0x4D, 0xEA, 0x6D, 0x76, 0xD0, 0xC8, 0xCA, 0x01, 0x5B, 0x0A, 0x3A, 0x52, 0x90, 0x81,
    0x04, 0xE6, 0x33, 0x9B, 0xB9, 0xCC, 0x64, 0x1E, 0xA2, 0x10, 0x84, 0x18, 0x44, 0xEC, 0xD7, 0xBE,
    0x85, 0xF2, 0xCF, 0x08, 0xDD, 0xF8, 0x6C, 0x5A, 0xC9, 0x10, 0x1C, 0xC6, 0xA9, 0x7D, 0x1F, 0x66,
    0x6A, 0xB3, 0x6C, 0x11, 0x46, 0x8A, 0x28, 0xE1, 0xC9, 0x66, 0xA9, 0xE4, 0x46, 0x4D, 0x4A, 0xB1,
    0xF6, 0x31, 0x93, 0xB2, 0x57, 0x04, 0x8C, 0xB9, 0x61, 0x61, 0xB2, 0xD1, 0xB5, 0xD8, 0xDA, 0xD4,
    0x9B, 0x5F, 0x89, 0x7C, 0x4F, 0xB9, 0x6F, 0x9A, 0x08, 0x57, 0x98, 0xB5, 0xE3, 0x19, 0xC4, 0x02,
    0x6F, 0x01, 0xC7, 0x16, 0x10, 0x65, 0xD8, 0x7A, 0x04, 0xC9, 0x20, 0x59, 0x5B, 0x51, 0x80, 0xD2,
    0xC3, 0x5B, 0x71, 0x45, 0x2F, 0x06, 0xA3, 0x13, 0x8D, 0x58, 0x2B, 0x6D, 0xBA, 0x5E, 0x2A, 0x6D,
    0x66, 0xB9, 0xD7, 0x35, 0x98, 0xCD, 0x25, 0x6D, 0x95, 0x3F, 0xE5, 0xCF, 0x91, 0xFC, 0x55, 0x0C,
    0xC9, 0x60, 0x39, 0x4D, 0x0E, 0xC3, 0xA7, 0xB8, 0x50, 0x01, 0x0F, 0xB1, 0x5E, 0x57, 0xB7, 0x59,
    0x6C, 0xF2, 0x5A, 0x65, 0xAD, 0x95, 0x79, 0xAB, 0x17, 0x93, 0x9A, 0xED, 0xF8, 0xA4, 0x49, 0xD3,
    0xD6, 0xFE, 0x0B, 0xCB, 0xA4, 0x75, 0x0F, 0xC8, 0xE9, 0x21, 0x7C, 0xD7, 0x2A, 0xB5, 0xC3, 0x50,
    0x67, 0x69, 0xED, 0x37, 0x98, 0x1C, 0xFB, 0xCC, 0x1E, 0x29, 0x86, 0x45, 0xB6, 0xF5, 0x51, 0xCE,
    0xCE, 0xF2, 0x2C, 0x4C, 0x0A, 0x15, 0x1B, 0x53, 0x0C, 0x65, 0x01, 0x48, 0x60, 0x98, 0xD8, 0x4E,
    0x06, 0xB5, 0x04, 0x66, 0x60, 0x47, 0x2F, 0xDC, 0x1C, 0x56, 0x98, 0x86, 0x37, 0x59, 0x28, 0x1B,
    0x86, 0x33, 0x26, 0x84, 0xB7, 0x62, 0x41, 0xB8, 0x8F, 0x01, 0xDD, 0xBF, 0xA2, 0xBF, 0x7D, 0x88,
    0xFA, 0xF6, 0xA9, 0x7C, 0x39, 0x1B, 0xDD, 0x48, 0x42, 0x35, 0x0B, 0x0D, 0x9C, 0xA2, 0x18, 0x14,
    0x99, 0xD7, 0xEE, 0xA6, 0xB8, 0xA8, 0x2E, 0x9A, 0x2C, 0x79, 0x4C, 0x7D, 0xD1, 0x89, 0x20, 0xB9,
    0x5B, 0xC0, 0x90, 0x58, 0xBB, 0xC3, 0x04, 0x2A, 0x18, 0x60, 0x24, 0x0C, 0xC2, 0x7A, 0xC7, 0x7E,
    0x64, 0x4A, 0x48, 0xEC, 0x3A, 0x69, 0x7D, 0xA9, 0xAC, 0xB6, 0x2C, 0x52, 0x24, 0x1A, 0x82, 0xD1,
    0xF5, 0xE3, 0xEE, 0x59, 0x7D, 0x1C, 0xA5, 0x12, 0xE0, 0x2F, 0x7D, 0x3C, 0x73, 0x1E, 0x82, 0xB6,
    0x6E, 0x41, 0x48, 0x02, 0x46, 0xE0, 0xE4, 0xE9, 0xA2, 0xDD, 0x8B, 0x27, 0xF8, 0xCB, 0xF5, 0xAD,
    0x06, 0xA3, 0xBF, 0x0F, 0x86, 0x87, 0xF8, 0xD6, 0x3E, 0xC2, 0x37, 0x56, 0xFF, 0x40, 0x9E, 0xE0,
    0x5B, 0x29, 0x0B, 0x61, 0x73, 0xDB, 0x07, 0x37, 0x74, 0x7D, 0x87, 0xDC, 0xDA, 0x97, 0x7C, 0x5E,
    0xC6, 0x6D, 0x4C, 0xC7, 0xCF, 0x79, 0xF7, 0xB3, 0xC5, 0xCF, 0xE3, 0xAD, 0x9F, 0x3E, 0x1F, 0x79,
    0x8A, 0xC0, 0x09, 0x38, 0x0B, 0x16, 0xC5, 0x52, 0x7C, 0x76, 0x65, 0xB1, 0xF2, 0xA4, 0x44, 0x9B,
    0xCB, 0xE6, 0xBD, 0x8F, 0x30, 0x4E, 0x7D, 0x50, 0x1B, 0x44, 0x61, 0x26, 0xBB, 0x0D, 0x45, 0xB4,
    0xAC, 0xB7, 0xD9, 0x24, 0xC9, 0x61, 0x92, 0xE4, 0xFF, 0xE7, 0x9A, 0xCB, 0xEE, 0xA5, 0x04, 0x81,
    0xC1, 0xDE, 0x36, 0xA8, 0x2A, 0x1B, 0x88, 0x42, 0x98, 0x47, 0x54, 0x9F, 0xE0, 0x81, 0x7D, 0xA2,
    0xBF, 0xEC, 0x13, 0x7B, 0x8D, 0x0D, 0xF8, 0xDA, 0x03, 0x03, 0x46, 0x1A, 0x8A, 0x28, 0x36, 0xAA,
    0x0D, 0x98, 0xF7, 0x9E, 0xD3, 0xBD, 0xDC, 0xC6, 0x53, 0x1E, 0x0C, 0x91, 0x27, 0x64, 0x05, 0x5F,
    0x2B, 0x90, 0x87, 0xE5, 0x88, 0x5E, 0x0B, 0xD7, 0x72, 0x56, 0xE7, 0x83, 0x72, 0x83, 0x1C, 0xD9,
    0x8F, 0x61, 0xAD, 0x70, 0xE6, 0x83, 0xA7, 0xEF, 0x82, 0xB2, 0x05, 0xDE, 0x12, 0x8F, 0xCA, 0xEA,
    0xC6, 0x6E, 0x55, 0x28, 0xD5, 0x7B, 0x2E, 0x8E, 0xD8, 0xA8, 0x01, 0x02, 0xCF, 0x52, 0x1A, 0x92,
    0xA0, 0x1F, 0x35, 0xC9, 0x62, 0x27, 0x36, 0x24, 0xA7, 0x06, 0xD0, 0x94, 0xD0, 0x92, 0x68, 0xEE,
    0x8C, 0x6C, 0x97, 0x21, 0x0A, 0x64, 0xEE, 0x71, 0x33, 0x78, 0x5C, 0x81, 0x8C, 0x33, 0x33, 0x90,
    0x80, 0x58, 0x40, 0x4E, 0x61, 0x43, 0xB4, 0x53, 0x97, 0xF5, 0xD9, 0x94, 0x41, 0xF4, 0xCC, 0xB2,
    0xDE, 0xEB, 0x03, 0x49, 0xC0, 0x1F, 0x06, 0x55, 0xFA, 0x23, 0xED, 0xB5, 0xB1, 0xC6, 0xDB, 0xF1,
    0x21, 0xA6, 0x59, 0xFB, 0x30, 0x8B, 0x45, 0xF3, 0x7F, 0x97, 0xA1, 0x27, 0xDC, 0xCF, 0x30, 0xD3,
    0x7F, 0xE7, 0xC6, 0x69, 0x8C, 0x19, 0x97, 0x3F, 0x12, 0x9C, 0x2E, 0x7F, 0xE6, 0x0A, 0x0F, 0x87,
    0x54, 0x61, 0x44, 0x3F, 0x55, 0x70, 0x4F, 0xD2, 0x53, 0x00, 0xE4, 0xB1, 0x6C, 0x27, 0x95, 0x6B,
    0x4D, 0x26, 0x8F, 0x7E, 0x88, 0x38, 0xD8, 0x13, 0xD9, 0x21, 0x8F, 0x98, 0x06, 0x1B, 0x41, 0xA2,
    0xC5, 0x1C, 0x3E, 0x83, 0xCE, 0x4A, 0xE8, 0x10, 0x77, 0x2C, 0xCD, 0x3C, 0x73, 0x96, 0xE9, 0xC9,
    0x56, 0x71, 0x4D, 0x59, 0xE1, 0xB2, 0xAA, 0x0C, 0x0D, 0x81, 0xAF, 0x7A, 0xA8, 0xAF, 0x64, 0xF3,
    0xD2, 0xCD, 0x32, 0xA9, 0xCD, 0x07, 0x8B, 0x2D, 0xD5, 0xD0, 0x6C, 0x14, 0xA3, 0x85, 0x59, 0x12,
    0x91, 0x82, 0xC0, 0xA2, 0xA1, 0x2F, 0x87, 0xA1, 0x97, 0x9C, 0x52, 0x98, 0xCA, 0xC4, 0x5E, 0x88,
    0x0B, 0xA0, 0x80, 0x12, 0x90, 0x5A, 0xD0, 0x10, 0x51, 0x33, 0x7E, 0xF7, 0x27, 0x83, 0x90, 0x45,
    0xA4, 0xB8, 0x6D, 0x2F, 0x74, 0x9B, 0x52, 0x06, 0x75, 0xAF, 0x07, 0x51, 0xC2, 0xF3, 0x4E, 0x10,
    0x24, 0x16, 0xAA, 0x02, 0x0B, 0xA5, 0x8C, 0x19, 0x90, 0x70, 0x73, 0x49, 0x57, 0x45, 0x6E, 0xEC,
    0x17, 0x87, 0xFD, 0xB9, 0x9C, 0x4A, 0xDA, 0xFD, 0xE2, 0xD4, 0x3A, 0x96, 0xDF, 0x65, 0xC2, 0xD3,
    0xAE, 0x1E, 0x57, 0x70, 0x84, 0xBF, 0xA7, 0xE1, 0xDC, 0xC7, 0xB0, 0xFF, 0x1B, 0xBB, 0xB1, 0x9B,
    0xFC, 0xA4, 0xAE, 0xBF, 0xFF, 0x9B, 0x8F, 0x73, 0xB3, 0x34, 0xB9, 0xCE, 0xFC, 0x3B, 0x7C, 0x09,
    0x27, 0x94, 0xDD, 0x36, 0x66, 0x3F, 0xCB, 0xA8, 0xC3, 0xFA, 0xF2, 0x0C, 0xEB, 0x71, 0xF5, 0x62,
    0x9B, 0xE4, 0x41, 0x54, 0x39, 0x0C, 0xB5, 0xE8, 0x83, 0x9A, 0x5F, 0x54, 0xD7, 0x6B, 0x53, 0x9D,
    0x8B, 0x5D, 0x5D, 0x6A, 0x96, 0x8F, 0x39, 0x57, 0xBF, 0xC6, 0x59, 0x72, 0xBF, 0x3E, 0x46, 0xA7,
    0xAF, 0x37, 0xBB, 0xE0, 0xDA, 0x58, 0x27, 0xF7, 0x26, 0xCE, 0x76, 0xC8, 0x5C, 0xA8, 0x4F, 0x7E,
    0x63, 0x40, 0xE2, 0x07, 0xB9, 0x5D, 0xBE, 0x37, 0x73, 0x75, 0xD9, 0x77, 0xF1, 0xD3, 0xDF, 0x5C,
    0x67, 0xD6, 0x38, 0x41, 0xEA, 0x04, 0xB4, 0xCC, 0x16, 0xA8, 0xED, 0xB3, 0xE7, 0x4B, 0x4A, 0x30,
    0xF3, 0x4E, 0xAB, 0xD9, 0x80, 0x35, 0x4C, 0x82, 0xF2, 0xCB, 0xA9, 0x49, 0xED, 0xCF, 0x2A, 0x5B,
    0x57, 0xCD, 0x51, 0xE3, 0x50, 0x52, 0x26, 0x81, 0x17, 0x9C, 0xBB, 0x49, 0x22, 0x38, 0x3C, 0x4B,
    0x47, 0xB3, 0xB9, 0x7E, 0x7D, 0x55, 0x26, 0xE0, 0x1A, 0xF4, 0x2A, 0x4E, 0x6B, 0x0D, 0xB2, 0xBC,
    0x80, 0x63, 0x02, 0x0D, 0xDC, 0xBE, 0x3E, 0xFB, 0xA5, 0xA6, 0x7B, 0x90, 0xA6, 0x77, 0xA2, 0x18,
    0xA6, 0xFF, 0xEF, 0xC2, 0x75, 0x4F, 0x7F, 0x1F, 0xA5, 0xF4, 0xC4, 0xA9, 0xF4, 0x4E, 0xFB, 0x84,
    0xE9, 0xBB, 0xBF, 0x17, 0xF9, 0x85, 0xD2, 0x37, 0xDA, 0x3D, 0x27, 0x08, 0xFB, 0xC5, 0x52, 0x2F,
    0xE7, 0x2E, 0x95, 0xD5, 0xCA, 0xA4, 0xE4, 0x20, 0x60, 0xAF, 0xAA, 0x41, 0x1B, 0x6C, 0x5C, 0x7E,
    0xDA, 0xC9, 0xD0, 0xC4, 0xA9, 0xEA, 0xFB, 0x32, 0x45, 0x4A, 0xE8, 0x2D, 0xC1, 0x1F, 0x45, 0xFF,
    0xD9, 0x2B, 0xFA, 0x98, 0x81, 0x14, 0xB3, 0x0B, 0xAC, 0x58, 0x8B, 0x7A, 0x0C, 0x59, 0x5F, 0x35,
    0x3D, 0xEB, 0xD7, 0x15, 0x6F, 0xAC, 0x08, 0x1A, 0x67, 0x3F, 0x5D, 0xDA, 0xB2, 0xE2, 0x25, 0xC9,
    0x1A, 0x75, 0xD3, 0x87, 0x67, 0x44, 0x97, 0xF6, 0x1B, 0x9E, 0xFE, 0x5B, 0x6A, 0x24, 0x26, 0x72,
    0xAA, 0xC3, 0xA9, 0x50, 0x9C, 0x6A, 0x0D, 0xA7, 0x16, 0xF5, 0x25, 0x3A, 0xEE, 0xEE, 0x94, 0x03,
    0x20, 0x3D, 0xB1, 0x8E, 0x2D, 0x7E, 0xF7, 0x07, 0xA8, 0xEC, 0xAF, 0x9F, 0x4E, 0x59, 0x73, 0x42,
    0xCD, 0xBF, 0x0F, 0x14, 0x25, 0xA9, 0x57, 0x9A, 0x7B, 0x72, 0x2F, 0x9E, 0x00, 0x49, 0x9F, 0x48,
    0x00, 0x5C, 0x86, 0x5B, 0x16, 0x65, 0xC1, 0xC2, 0x0E, 0x04, 0xBD, 0x3E, 0xF1, 0x8B, 0x39, 0xA0,
    0x95, 0x54, 0x20, 0x33, 0x81, 0x59, 0xBE, 0xB4, 0xE4, 0x86, 0x17, 0xA0, 0xDC, 0xF5, 0x34, 0x21,
    0xDE, 0x76, 0xE6, 0x33, 0x2F, 0xBA, 0x64, 0x58, 0xDD, 0xC0, 0x0A, 0xE5, 0x5E, 0x8C, 0x16, 0x38,
    0x15, 0x84, 0x74, 0xB9, 0xF8, 0xBE, 0xBF, 0x70, 0xC1, 0x8A, 0x03, 0xD5, 0x65, 0xC7, 0x4B, 0xB1,
    0xEE, 0xBB, 0xDE, 0x7D, 0xC7, 0x8B, 0x82, 0x7D, 0xD7, 0xBB, 0x1F, 0x14, 0xDE, 0x9F, 0x5A, 0xE4,
    0xA2, 0x50, 0xF3, 0x8B, 0xD3, 0x52, 0x59, 0xAC, 0xF3, 0x91, 0x25, 0xB6, 0x5B, 0x24, 0x7B, 0x50,
    0xFC, 0xDF, 0xA3, 0xD1, 0xAD, 0x48, 0x12, 0xCC, 0x84, 0x3F, 0x4B, 0x01, 0x10, 0xCC, 0x04, 0x4F,
    0x02, 0xD1, 0xF0, 0xA5, 0x57, 0xE0, 0x4A, 0x1C, 0xFD, 0x8C, 0x22, 0xD4, 0x18, 0x2A, 0xAA, 0xFD,
    0x37, 0xD3, 0xFA, 0x05, 0xD9, 0x08, 0xD7, 0xCA, 0x25, 0xA8, 0x6B, 0x19, 0x1C, 0x26, 0xC5, 0x9D,
    0x1A, 0x1D, 0x4C, 0x41, 0xE2, 0x75, 0x26, 0x4C, 0xFF, 0x51, 0x8A, 0xE0, 0x44, 0xDA, 0x28, 0x5E,
    0x16, 0x09, 0x16, 0xE1, 0x20, 0x52, 0x14, 0x2B, 0x4B, 0x29, 0x95, 0x90, 0xA5, 0x98, 0x78, 0x91,
    0x47, 0x0C, 0x62, 0x0B, 0x4D, 0x33, 0xA2, 0xAC, 0xCB, 0x58, 0x06, 0xA1, 0x28, 0xA1, 0xE6, 0xC5,
    0x32, 0x21, 0x00, 0xCC, 0xB8, 0x64, 0x02, 0x02, 0xEF, 0x64, 0xC2, 0x11, 0x87, 0x2D, 0x51, 0x63,
    0x6A, 0x05, 0x2B, 0x06, 0xB2, 0x61, 0x0C, 0x93, 0xAE, 0xC8, 0x55, 0x73, 0x6D, 0x61, 0x6A, 0x73,
    0x77, 0xDD, 0x2F, 0x2D, 0x63, 0xC9, 0x5A, 0x4E, 0x55, 0xD6, 0x02, 0x03, 0x7C, 0x99, 0x45, 0x85,
    0xC1, 0xC6, 0x1A, 0x3F, 0xA8, 0x00, 0x54, 0xE3, 0x18, 0xFA, 0x97, 0xB2, 0x11, 0x84, 0x85, 0x03,
    0x1B, 0xC5, 0xAF, 0x36, 0x8A, 0x43, 0x83, 0xDE, 0xC6, 0xB1, 0xE1, 0x6F, 0x24, 0xAD, 0xD4, 0x2F,
    0x30, 0xDC, 0x59, 0x1B, 0x9F, 0xBB, 0xF6, 0x72, 0x85, 0xED, 0x70, 0xB5, 0x37, 0x14, 0x8E, 0x09,
    0x1B, 0xFB, 0x5D, 0x34, 0x4B, 0x55, 0x58, 0xFB, 0x4B, 0x01, 0xD2, 0x9A, 0x7F, 0x6C, 0xBE, 0x6D,
    0x5C, 0x36, 0x01, 0xE3, 0xCD, 0x36, 0xF2, 0x00, 0xB0, 0x86, 0x74, 0xAE, 0xBE, 0x26, 0x6A, 0xB4,
    0x56, 0xDA, 0xF5, 0x8F, 0x8B, 0xD2, 0x92, 0xA2, 0xD0, 0x74, 0x69, 0x8F, 0x97, 0x73, 0x2C, 0x56,
    0x62, 0x24, 0x65, 0x43, 0xB3, 0x81, 0x9B, 0x76, 0xF6, 0xC9, 0xA7, 0x4A, 0xE9, 0x80, 0x12, 0x8E,
    0x99, 0x1A, 0xD1, 0xA1, 0xAD, 0x4F, 0x5E, 0x51, 0xB1, 0xB1, 0x9F, 0x58, 0x44, 0xBC, 0xC1, 0x9A,
    0x84, 0x97, 0x64, 0xBB, 0x34, 0xA5, 0x19, 0x21, 0xCF, 0x95, 0x6F, 0xBC, 0xDF, 0xE3, 0x82, 0xF1,
    0x56, 0xB2, 0xD7, 0x64, 0x03, 0x79, 0xE3, 0x8E, 0x00, 0xFD, 0x48, 0x33, 0x9E, 0xD1, 0x08, 0x0A,
    0xFD, 0x00, 0xE1, 0x9F, 0xBA, 0x59, 0xF9, 0xBA, 0xFF, 0x96, 0xED, 0xED, 0x09, 0xDA, 0x49, 0x2B,
    0xB1, 0xC4, 0x37, 0x36, 0x59, 0x41, 0x52, 0xF7, 0xF6, 0xA9, 0x9B, 0x82, 0x96, 0xE8, 0x21, 0xFA,
    0x24, 0x91, 0xEF, 0xD6, 0xF5, 0x50, 0xF6, 0x3C, 0x62, 0xA5, 0x4A, 0xB0, 0x27, 0x7E, 0x22, 0x07,
    0x12, 0xD6, 0x4E, 0xC7, 0x82, 0x1E, 0xA6, 0xA0, 0x3A, 0x0A, 0x91, 0x92, 0x1A, 0x22, 0x28, 0x23,
    0xEF, 0xDB, 0x5B, 0x85, 0x0F, 0x1E, 0x3D, 0x50, 0x44, 0xFE, 0xF8, 0x6D, 0x0F, 0x64, 0xC3, 0x5F,
    0xFF, 0xF9, 0x5F, 0xCF, 0xA0, 0xD4, 0x06, 0xFB, 0x6C, 0x9B, 0x84, 0x48, 0x0A, 0x1B, 0x2B, 0x68,
    0x97, 0x8F, 0xE6, 0x76, 0x9C, 0x65, 0x32, 0x14, 0x63, 0x6F, 0x54, 0x9B, 0xEC, 0x9E, 0xA4, 0x4D,
    0x3E, 0xB5, 0x91, 0xAD, 0xF9, 0xCE, 0x3E, 0x95, 0x10, 0x20, 0x44, 0xDE, 0x40, 0xB1, 0xA5, 0x12,
    0x6A, 0x7E, 0x84, 0xA2, 0x22, 0xC8, 0x06, 0xB8, 0x5D, 0x4B, 0x6A, 0x98, 0x1C, 0x3D, 0x40, 0x75,
    0x0D, 0xE5, 0x22, 0xE7, 0x50, 0x32, 0xD8, 0x27, 0x01, 0xD1, 0x35, 0x42, 0x6B, 0xC4, 0x74, 0xB8,
    0x6C, 0xE5, 0xEE, 0xFE, 0x58, 0xC3, 0x88, 0x03, 0x23, 0x7A, 0x73, 0x7B, 0x7B, 0xE2, 0x3E, 0x25,
    0x70, 0xAA, 0x04, 0xAE, 0x06, 0x0E, 0x5F, 0xFA, 0xAA, 0x95, 0xD1, 0x33, 0x4F, 0xC8, 0x35, 0xA6,
    0x74, 0xDC, 0x1A, 0x66, 0xBA, 0x57, 0x24, 0x3D, 0x90, 0xB9, 0x7D, 0xE9, 0x17, 0x94, 0x78, 0xF4,
    0xC0, 0x20, 0x28, 0x39, 0x89, 0x57, 0x2D, 0xC4, 0x5C, 0xDF, 0x5D, 0x97, 0xFB, 0x3D, 0xF1, 0xF0,
    0x9E, 0xF9, 0xC5, 0x42, 0x86, 0xA0, 0xAC, 0xDD, 0x5B, 0xEC, 0xA5, 0xBD, 0x5E, 0xAE, 0x6B, 0x94,
    0x42, 0x18, 0x2A, 0xC8, 0x7A, 0xEE, 0xEF, 0x49, 0xB6, 0x77, 0xB4, 0xBB, 0xFF, 0x81, 0xF4, 0xDC,
    0xCD, 0x70, 0x7E, 0x91, 0x79, 0xCE, 0x4F, 0x04, 0xB3, 0x98, 0xF7, 0x81, 0xA8, 0x63, 0x2F, 0x79,
    0x59, 0x05, 0xF6, 0x95, 0xA0, 0x7C, 0x86, 0x0C, 0x5D, 0x35, 0x41, 0xA6, 0x5A, 0xE6, 0xBB, 0x1E,
    0x0F, 0xF1, 0x76, 0x41, 0xF9, 0x80, 0x1B, 0x8F, 0x09, 0x8C, 0xDA, 0x3C, 0xAF, 0xB1, 0x5A, 0x0F,
    0xB9, 0xB5, 0xB7, 0x2D, 0xDE, 0x2C, 0xA9, 0xA1, 0x4C, 0xC1, 0x0D, 0xA7, 0xC7, 0xF5, 0xE0, 0xFF,
    0x00, 0xCD, 0x99, 0x3F, 0xEC, 0xE5, 0xC6, 0x75, 0xFD, 0x0F, 0x39, 0x92, 0xF9, 0x03, 0x08, 0xF8,
    0xAA, 0xD0, 0xE2, 0xE7, 0x22, 0x00, 0x53, 0xA4, 0x08, 0x0C, 0xD8, 0x4C, 0x0F, 0x6B, 0x87, 0x40,
    0x0A, 0x15, 0x2A, 0xB4, 0xC5, 0x0A, 0x29, 0x52, 0xA8, 0x49, 0xAF, 0x36, 0xC5, 0x6E, 0x48, 0x40,
    0x40, 0x8C, 0xC0, 0x85, 0xB7, 0x6F, 0xAC, 0x22, 0x85, 0xB3, 0x29, 0xDC, 0x03, 0xAB, 0xE5, 0x58,
    0x5B, 0xA8, 0xCC, 0xC8, 0x46, 0xE2, 0x22, 0x85, 0x68, 0xCB, 0x70, 0xE3, 0x42, 0x23, 0x85, 0xC8,
    0x72, 0xBD, 0x43, 0x9E, 0xDC, 0x3B, 0xEF, 0xFB, 0xF0, 0xF4, 0x95, 0xE0, 0xFC, 0xDD, 0xB5, 0x76,
    0x44, 0x7E, 0xC8, 0xDD, 0x99, 0x7B, 0xEE, 0x79, 0x77, 0x39, 0xA3, 0xE1, 0x7B, 0xF0, 0x00, 0xC3,
    0xD5, 0x31, 0x4F, 0x78, 0x09, 0xD6, 0x32, 0xAA, 0x8C, 0x3A, 0xC3, 0xE9, 0xB1, 0xA1, 0xDD, 0x20,
    0xAB, 0x1D, 0x5D, 0x42, 0x9F, 0xE0, 0xF5, 0x58, 0x30, 0x46, 0x00, 0xDF, 0x02, 0xF0, 0x3D, 0x00,
    0x77, 0x80, 0x9E, 0x03, 0xC8, 0xE4, 0xC8, 0x4D, 0xF8, 0x34, 0x77, 0xDB, 0xE7, 0x93, 0xFF, 0x3C,
    0xC1, 0xFF, 0x3C, 0xC2, 0x3F, 0x0A, 0x18, 0xF5, 0xF4, 0x1F, 0xEA, 0xF9, 0xDB, 0xBF, 0x83, 0x27,
    0x17, 0x21, 0x63, 0x43, 0x8B, 0x59, 0x81, 0xEF, 0x02, 0x78, 0x0D, 0xC0, 0xAB, 0x00, 0x30, 0x6F,
    0x40, 0x4B, 0x4E, 0xE8, 0xC9, 0x04, 0xFF, 0x64, 0x5E, 0x31, 0x07, 0x31, 0x54, 0x50, 0x00, 0x18,
    0x0D, 0x3E, 0x96, 0x61, 0x09, 0x62, 0x30, 0x5F, 0x80, 0x2F, 0x88, 0x0A, 0x4E, 0x80, 0xDB, 0x01,
    0x13, 0x99, 0x2D, 0x21, 0x4F, 0xF8, 0x6E, 0x35, 0x3F, 0xC1, 0x9F, 0x55, 0x88, 0x99, 0x8F, 0x93,
    0x27, 0x63, 0x47, 0x4E, 0x7D, 0x9A, 0x83, 0x0F, 0x7D, 0xF0, 0x83, 0xC4, 0x11, 0xB2, 0xD8, 0xD5,
    0xDB, 0xDF, 0x3C, 0x61, 0xB0, 0xFE, 0x91, 0x5C, 0xF2, 0xF8, 0xAB, 0xF4, 0xC7, 0xC0, 0x34, 0x26,
    0xC8, 0x6E, 0x15, 0xD8, 0x7A, 0xB5, 0x94, 0x24, 0x83, 0x41, 0xB2, 0x23, 0x9A, 0x5D, 0x76, 0x38,
    0xF6, 0x1B, 0x6A, 0x9A, 0x0F, 0x32, 0x18, 0x06, 0x60, 0x3E, 0x00, 0xF8, 0x8C, 0xAB, 0x0F, 0x44,
    0x2E, 0x27, 0x93, 0x37, 0xE6, 0x7F, 0x1E, 0x30, 0xD2, 0xEA, 0x6E, 0x30, 0xCF, 0x0A, 0x9C, 0x9A,
    0x24, 0x3B, 0xAC, 0xE0, 0x8B, 0x0D, 0xF6, 0xC1, 0x8E, 0xB1, 0xFC, 0x13, 0x59, 0xD1, 0x80, 0xB7,
    0xF0, 0xA5, 0xF6, 0x8D, 0xBF, 0x87, 0xAC, 0xFF, 0x45, 0x1C, 0x6A, 0x46, 0xF4, 0xDC, 0x30, 0x73,
    0x07, 0xFF, 0x95, 0x15, 0xB1, 0xE9, 0x09, 0x94, 0xFC, 0x1B, 0x1A, 0x12, 0x1D, 0x19, 0xFD, 0xC2,
    0xD5, 0xC7, 0x3E, 0xFB, 0xD4, 0xEC, 0xFD, 0xEE, 0x0E, 0xE1, 0xA3, 0xDD, 0x91, 0x19, 0x63, 0x29,
    0x78, 0x40, 0x6D, 0x01, 0x73, 0xE8, 0x26, 0x1F, 0xFC, 0x6F, 0x18, 0x3C, 0x09, 0xE1, 0x5E, 0xE4,
    0xFF, 0xBA, 0x99, 0xB2, 0x84, 0x07, 0x6D, 0x40, 0xC3, 0x08, 0x60, 0xE4, 0x01, 0xD4, 0x87, 0x8E,
    0x46, 0x9B, 0xEC, 0xE8, 0xA6, 0x1B, 0xD8, 0x70, 0xD3, 0x31, 0xDE, 0xC1, 0x1D, 0xD1, 0x44, 0xD8,
    0xFA, 0x9F, 0x6D, 0x1D, 0x56, 0x3F, 0x40, 0x90, 0x3C, 0x20, 0xC3, 0x89, 0xE5, 0x6F, 0xB4, 0xF7,
    0xA3, 0x55, 0x6C, 0xE4, 0xE6, 0xAF, 0xA2, 0xBA, 0xC1, 0x14, 0xDA, 0x05, 0x4D, 0x32, 0xE5, 0x31,
    0x5C, 0x65, 0x41, 0xC3, 0x45, 0x71, 0xA0, 0xE3, 0x54, 0x4B, 0xE8, 0x18, 0x66, 0x4E, 0xD9, 0x0F,
    0x24, 0x48, 0xF8, 0x09, 0x78, 0xF9, 0xD6, 0x8D, 0x01, 0x7E, 0xB5, 0x9A, 0xFF, 0x9C, 0x43, 0xCD,
    0x1F, 0xEC, 0x3A, 0xBC, 0xDB, 0xD0, 0xE5, 0x31, 0xC1, 0x27, 0x06, 0xF8, 0x8F, 0x38, 0x9C, 0xEE,
    0x64, 0x1B, 0x23, 0xDA, 0xEC, 0x13, 0xB4, 0x00, 0x2B, 0x6A, 0xB6, 0x19, 0x3D, 0xC9, 0xE1, 0xF2,
    0x38, 0x7D, 0xFB, 0xFE, 0x7D, 0x02, 0x80, 0xE5, 0xAE, 0x76, 0x45, 0x9D, 0x15, 0xEE, 0x82, 0x4D,
    0x51, 0xBF, 0x57, 0x8C, 0x9D, 0x4B, 0xE1, 0x8A, 0x61, 0x29, 0xE6, 0xBB, 0xB7, 0x19, 0x33, 0x5E,
    0xEB, 0xB8, 0xBE, 0x86, 0x3B, 0xDD, 0xF7, 0x73, 0x8F, 0xAD, 0xD3, 0xEA, 0x61, 0xED, 0xFE, 0x56,
    0x99, 0x3A, 0xAE, 0x32, 0x28, 0x83, 0x96, 0xA2, 0xFB, 0x51, 0x10, 0xED, 0xFD, 0x41, 0x12, 0x1D,
    0xF9, 0xEE, 0xAA, 0xA5, 0xD0, 0x91, 0xDF, 0x43, 0x37, 0x00, 0xF9, 0xF7, 0x96, 0xC2, 0x4C, 0xDA,
    0xA9, 0x3D, 0xC2, 0xD0, 0x7F, 0xBA, 0x78, 0x97, 0x6E, 0xD6, 0xE9, 0xA6, 0x4B, 0xFE, 0x75, 0xD3,
    0x6D, 0x38, 0xE0, 0xAF, 0x00, 0xCC, 0x00, 0xC0, 0x2B, 0x08, 0xC9, 0x70, 0xC1, 0xCB, 0x7F, 0xB1,
    0xBF, 0xF5, 0xC5, 0x8F, 0xD3, 0xAC, 0x28, 0xCD, 0x3E, 0xFC, 0x3F, 0x60, 0x26, 0x77, 0x90, 0xCC,
    0x27, 0x60, 0x8E, 0x8E, 0x6B, 0xF3, 0xEF, 0x19, 0x43, 0xB6, 0xE1, 0x92, 0xE0, 0x43, 0x45, 0xC8,
    0x06, 0xCF, 0x65, 0x64, 0xFC, 0xF6, 0xFD, 0xA9, 0x98, 0x1B, 0x3A, 0xC6, 0xF6, 0x8D, 0x64, 0xCE,
    0x19, 0xC0, 0x32, 0xB3, 0x25, 0xDC, 0xED, 0xC2, 0xA8, 0x5D, 0x3B, 0xAC, 0xFD, 0xD8, 0xAD, 0x12,
    0x7A, 0x3C, 0x00, 0x3C, 0x89, 0x9A, 0x8A, 0x86, 0x1F, 0xAC, 0x10, 0x3E, 0x4A, 0xE8, 0xF9, 0x6E,
    0x82, 0xA7, 0x33, 0x34, 0x0B, 0x7A, 0xB6, 0x01, 0x42, 0x09, 0x68, 0x77, 0x45, 0x9D, 0x65, 0x02,
    0x72, 0x29, 0x4E, 0x0F, 0x60, 0xF3, 0x40, 0xB5, 0x2A, 0xF4, 0xB3, 0x03, 0x2E, 0xDD, 0x35, 0x3C,
    0x50, 0x2C, 0x19, 0x68, 0xA2, 0xA2, 0x0D, 0x1B, 0x20, 0x3F, 0x5D, 0x15, 0xAA, 0x0E, 0x51, 0x75,
    0x74, 0x7F, 0x6E, 0x08, 0x3E, 0x8D, 0xFA, 0x9F, 0x8F, 0xDF, 0x80, 0x40, 0xA6, 0x3A, 0x21, 0x55,
    0x89, 0x69, 0x9E, 0xAA, 0xD4, 0xEB, 0x95, 0x8B, 0x04, 0xFB, 0xAF, 0x9B, 0xFA, 0xC1, 0xC3, 0xE3,
    0x06, 0x50, 0x1E, 0xC1, 0x9E, 0x93, 0xEF, 0xC2, 0x43, 0x09, 0xEA, 0xE7, 0x61, 0x3F, 0x79, 0xA2,
    0xCB, 0x00, 0x50, 0xDD, 0x7E, 0xF9, 0x16, 0x1C, 0x25, 0xA3, 0xE2, 0xEB, 0x19, 0xE0, 0x23, 0x02,
    0xFE, 0x97, 0x1C, 0xA0, 0x6A, 0x01, 0x9D, 0x3D, 0x74, 0xDE, 0xEE, 0xAC, 0xA3, 0x8C, 0x93, 0xDD,
    0xAF, 0xE8, 0xB7, 0x39, 0x62, 0xFC, 0x15, 0x27, 0x40, 0x06, 0x48, 0xAA, 0x2D, 0x2A, 0x34, 0x4A,
    0xA2, 0x25, 0x5C, 0x06, 0xFE, 0x06, 0xED, 0x0A, 0xBC, 0x8F, 0x3E, 0x02, 0x19, 0xE3, 0xA4, 0xAC,
    0x0E, 0x28, 0x5D, 0xAE, 0x86, 0x6A, 0x93, 0x24, 0xD1, 0xAD, 0xB6, 0xAE, 0x55, 0xB7, 0x08, 0x06,
    0x8D, 0x71, 0xCA, 0x76, 0x95, 0x8F, 0x27, 0x74, 0xD1, 0xF7, 0x83, 0xC6, 0x90, 0x0B, 0x08, 0x32,
    0x69, 0x8C, 0xDE, 0x4B, 0x32, 0x59, 0x1F, 0x4C, 0xF6, 0x7F, 0x93, 0x17, 0xB0, 0xBC, 0xF3, 0x52,
    0xAF, 0xFE, 0x11, 0x73, 0xF5, 0x1E, 0xDD, 0x67, 0xB9, 0xC4, 0x64, 0x8B, 0xA9, 0xB3, 0xE6, 0x85,
    0x24, 0x8B, 0x19, 0x03, 0x08, 0xB7, 0x5B, 0x67, 0xFF, 0xBB, 0x7B, 0x92, 0xE0, 0x99, 0x7C, 0x50,
    0x2E, 0x35, 0x27, 0xD4, 0xBB, 0x70, 0x41, 0xB3, 0xCA, 0x2F, 0x12, 0xBA, 0x05, 0x2E, 0x99, 0xA7,
    0x2E, 0x81, 0x00, 0x83, 0xCB, 0x46, 0xB3, 0x6A, 0xCB, 0x36, 0x6E, 0x4A, 0x9C, 0x87, 0xDB, 0x9E,
    0x1F, 0xEC, 0x75, 0x96, 0xA3, 0xD9, 0xDA, 0x0C, 0x8D, 0xE9, 0x36, 0xF3, 0x3D, 0xAE, 0x00, 0xAB,
    0xA7, 0x49, 0xD3, 0x34, 0x9F, 0x24, 0x48, 0x12, 0xEE, 0xF0, 0xB1, 0x57, 0xCE, 0x83, 0x67, 0xF1,
    0x2D, 0xA1, 0xD9, 0x8C, 0x40, 0xA7, 0xE7, 0xB8, 0x00, 0x73, 0x02, 0xC6, 0x64, 0xF1, 0xC0, 0xCB,
    0x38, 0x35, 0x0E, 0xA8, 0x09, 0x74, 0x07, 0x2A, 0x66, 0x08, 0xCD, 0xF0, 0x80, 0x79, 0x01, 0x4E,
    0x4B, 0x79, 0xB3, 0x70, 0xE9, 0xF3, 0x48, 0xA6, 0x8E, 0x8C, 0x35, 0x8F, 0x4B, 0x28, 0x00, 0x97,
    0x0A, 0xB7, 0xC2, 0xDD, 0x88, 0x19, 0x5F, 0x6E, 0x26, 0x04, 0x67, 0xBC, 0x5A, 0x49, 0xAD, 0x06,
    0x40, 0xCF, 0xA4, 0xF4, 0x9F, 0x1A, 0xF9, 0x4F, 0xCA, 0x8A, 0x6F, 0x2A, 0x1D, 0x65, 0x05, 0x9A,
    0x2C, 0x66, 0x3E, 0x4B, 0x06, 0xFA, 0xD4, 0x2A, 0x7D, 0x21, 0xC9, 0x8C, 0x4A, 0xB9, 0xC3, 0x29,
    0x0F, 0x34, 0xBC, 0xFF, 0x8F, 0x07, 0x24, 0xC3, 0x11, 0xFD, 0x6A, 0xF4, 0x09, 0x35, 0x71, 0x69,
    0x7E, 0x30, 0xF2, 0x62, 0xB1, 0x4B, 0x2F, 0x8A, 0xC3, 0xCA, 0x00, 0x89, 0xC6, 0x71, 0x55, 0xB8,
    0x23, 0x2B, 0x25, 0xCD, 0x2F, 0x8A, 0xC3, 0x57, 0x0C, 0x35, 0xDF, 0x0C, 0x40, 0x4B, 0x0E, 0x80,
    0x7C, 0x7F, 0x7F, 0x41, 0xBC, 0x39, 0x5B, 0x02, 0x21, 0x2B, 0x87, 0x33, 0x9B, 0x34, 0xBE, 0x28,
    0x75, 0x1B, 0x27, 0x45, 0x55, 0x72, 0xB9, 0xA7, 0xC9, 0x18, 0x57, 0xE3, 0xE7, 0xC9, 0x48, 0x63,
    0x7D, 0xE5, 0xED, 0xE2, 0xAA, 0x2B, 0xF4, 0xA5, 0x77, 0xFE, 0xD8, 0xF8, 0x45, 0x57, 0xBB, 0x51,
    0xCC, 0xDB, 0x35, 0x57, 0x33, 0xA9, 0x3C, 0xB9, 0x32, 0xFE, 0x67, 0xAE, 0x1A, 0x6A, 0xB3, 0x74,
    0xC5, 0x3E, 0xE0, 0x4B, 0x80, 0x69, 0x14, 0x11, 0xD0, 0x0C, 0x58, 0x42, 0x6F, 0xA6, 0x20, 0xFB,
    0x18, 0x60, 0xBE, 0xB6, 0xB9, 0x5C, 0x7D, 0x22, 0x57, 0x00, 0x0C, 0x64, 0xF1, 0x35, 0x95, 0x6B,
    0xC3, 0xAA, 0x04, 0x4A, 0x3E, 0x65, 0xF1, 0x26, 0x5E, 0x54, 0x8B, 0x78, 0x75, 0x25, 0xEE, 0x78,
    0xFF, 0x27, 0x24, 0x07, 0x39, 0x20, 0x76, 0xED, 0x73, 0xB9, 0x62, 0x4C, 0xE5, 0x6A, 0x03, 0x37,
    0xA0, 0x23, 0x07, 0x8B, 0x5C, 0x1C, 0xC9, 0xB5, 0xE1, 0xD0, 0x65, 0xD9, 0xD1, 0x4C, 0xFD, 0x56,
    0x0C, 0x18, 0x16, 0xD3, 0x8E, 0x86, 0xA0, 0xA0, 0x61, 0x2E, 0x88, 0x80, 0xA9, 0xFD, 0x29, 0x7C,
    0xB6, 0x3D, 0x1D, 0x3F, 0x65, 0x68, 0x49, 0x9A, 0x83, 0xA2, 0x3C, 0x01, 0x75, 0x3C, 0x6F, 0x69,
    0x30, 0x02, 0xF8, 0x7F, 0x86, 0x3E, 0x2B, 0x5E, 0xBE, 0x87, 0x73, 0x7B, 0x60, 0xB8, 0xFC, 0x2B,
    0x76, 0x01, 0x97, 0x76, 0xD9, 0x22, 0x54, 0x8A, 0xAD, 0x56, 0x24, 0xC7, 0x32, 0x73, 0x0D, 0xBB,
    0xA2, 0x31, 0xB9, 0xD6, 0x2A, 0x22, 0x64, 0x34, 0x84, 0x13, 0xBA, 0x84, 0x6B, 0xFB, 0xFB, 0xE5,
    0x5C, 0xAB, 0xD1, 0x70, 0xD9, 0x80, 0x9C, 0x5B, 0xBB, 0x5C, 0x7F, 0x0B, 0xF8, 0x7A, 0x6C, 0xB8,
    0x4D, 0xD1, 0x99, 0xEC, 0x3C, 0x0F, 0x70, 0xB9, 0x8B, 0x7F, 0x68, 0x1B, 0x59, 0x02, 0xEA, 0xA3,
    0x5F, 0x50, 0x53, 0x61, 0x7F, 0xFC, 0x1A, 0x0A, 0xD1, 0x06, 0x40, 0x12, 0xD0, 0x6C, 0x40, 0xB5,
    0x5F, 0xF2, 0x7B, 0x66, 0x8C, 0x5C, 0x41, 0x26, 0x34, 0xFB, 0x29, 0x5B, 0xAB, 0xA7, 0xD8, 0xB9,
    0x01, 0xB2, 0xC2, 0x12, 0x95, 0x3C, 0xDE, 0xCE, 0xAB, 0x97, 0xA6, 0x31, 0x9C, 0x9E, 0x5A, 0x86,
    0x22, 0x71, 0x3E, 0x01, 0xBC, 0x04, 0xE0, 0x61, 0xF9, 0x00, 0x45, 0xC4, 0xC7, 0xE7, 0x97, 0xAB,
    0x32, 0x51, 0xEB, 0x58, 0xD0, 0x3C, 0xDD, 0xE0, 0xE3, 0xFE, 0xDC, 0x72, 0x49, 0xC8, 0xE8, 0x3E,
    0x3B, 0xD0, 0x7D, 0x4E, 0x48, 0xCC, 0xCF, 0x2D, 0x8F, 0x69, 0x01, 0x33, 0x39, 0x01, 0x34, 0x51,
    0x63, 0x56, 0x0E, 0xFD, 0x81, 0x8A, 0x68, 0x88, 0x9A, 0x70, 0xE5, 0xA8, 0x38, 0x78, 0x12, 0xC6,
    0xA3, 0x32, 0xEE, 0x15, 0xD1, 0x1F, 0x3F, 0xAE, 0x69, 0xE9, 0x9D, 0x72, 0x43, 0xBB, 0x9B, 0x85,
    0x2E, 0x9B, 0x89, 0x79, 0x45, 0x5F, 0x34, 0xBD, 0x32, 0x18, 0x77, 0x18, 0x23, 0xAC, 0x0D, 0x06,
    0xC9, 0x77, 0x94, 0xC5, 0x09, 0xDE, 0xF7, 0x09, 0xD7, 0x1A, 0x13, 0xFA, 0x64, 0xF4, 0x4B, 0xC5,
    0x15, 0x3E, 0xD6, 0xE6, 0x3A, 0x38, 0xE5, 0xA8, 0xB4, 0x57, 0x4B, 0xB7, 0x13, 0x9C, 0x9A, 0xAC,
    0x1C, 0xDA, 0x3C, 0x4F, 0xE6, 0xC1, 0xFF, 0x54, 0xB9, 0xFA, 0x0F, 0x94, 0xA9, 0xFF, 0xE4, 0x40,
    0x97, 0xE4, 0xDF, 0x76, 0x55, 0x92, 0xC7, 0x59, 0x95, 0x5A, 0x2A, 0xA3, 0xBB, 0x52, 0xDA, 0x54,
    0xA9, 0x66, 0xB2, 0xD2, 0x28, 0x39, 0x19, 0x81, 0xD7, 0x60, 0x6D, 0x2E, 0xF4, 0xC1, 0xD8, 0x45,
    0x63, 0x75, 0x0B, 0xE7, 0x56, 0xF1, 0x89, 0xB2, 0x23, 0x43, 0xA9, 0x5E, 0x42, 0x5D, 0xEA, 0xD6,
    0x9C, 0xD6, 0xEB, 0x1D, 0x8E, 0xE8, 0x37, 0xA3, 0x4F, 0xA5, 0x6E, 0x8B, 0x71, 0x8E, 0x85, 0x01,
    0x35, 0xA1, 0x74, 0x67, 0x8E, 0xD1, 0x42, 0x7C, 0x42, 0x9F, 0xCB, 0x5A, 0x7C, 0x5A, 0xE1, 0x23,
    0x1A, 0xE5, 0x00, 0x98, 0xB0, 0xE5, 0xBA, 0x77, 0xD9, 0x43, 0x42, 0x0A, 0x7D, 0x2C, 0x56, 0x60,
    0xBC, 0xFD, 0x02, 0x78, 0xCB, 0x86, 0x86, 0x46, 0xCF, 0x49, 0x49, 0x89, 0x66, 0xCD, 0x0A, 0xF7,
    0x75, 0x7B, 0x2B, 0xAD, 0x8F, 0xAB, 0xD2, 0xF2, 0xA2, 0xDA, 0xCD, 0x83, 0x39, 0x7B, 0x41, 0xBC,
    0x3D, 0x6C, 0xA3, 0x92, 0x92, 0xCE, 0xC4, 0xDD, 0x36, 0x7E, 0xDD, 0xDE, 0x22, 0xDE, 0x73, 0xC9,
    0xAD, 0xB6, 0xBB, 0x73, 0xF4, 0x2B, 0x6C, 0xD8, 0x48, 0x58, 0x18, 0x4A, 0x7E, 0xA2, 0xDF, 0x39,
    0x8D, 0x69, 0x8C, 0x7E, 0xF2, 0xE1, 0x9B, 0xF8, 0x26, 0x4E, 0x6D, 0x3C, 0x10, 0xAC, 0xFB, 0x13,
    0xCD, 0x42, 0xB3, 0x3D, 0x2B, 0x51, 0x31, 0x3A, 0x4E, 0x8E, 0x43, 0xC3, 0xD0, 0x1E, 0xE8, 0x18,
    0x44, 0xF3, 0x8F, 0x51, 0xB6, 0x7A, 0x1B, 0x63, 0xBF, 0xB6, 0x8B, 0x32, 0xF9, 0x69, 0x0E, 0x7D,
    0xDA, 0xC1, 0xD0, 0x3F, 0x5E, 0x95, 0x9D, 0x45, 0x0D, 0x42, 0xB4, 0x84, 0xB2, 0x2F, 0x79, 0xB9,
    0xA2, 0x2B, 0xAE, 0xFD, 0x48, 0x02, 0x7F, 0xD4, 0xF0, 0xD7, 0x38, 0x37, 0xF8, 0x13, 0x83, 0xB1,
    0x8F, 0xC6, 0x36, 0xE1, 0x7A, 0xE3, 0x54, 0x66, 0xFD, 0x00, 0x86, 0x8A, 0xF6, 0xC7, 0xDA, 0x58,
    0xD6, 0x39, 0xE5, 0x01, 0xA7, 0xDC, 0xED, 0xA6, 0xC9, 0x76, 0xD3, 0x66, 0xBB, 0x91, 0x8C, 0x56,
    0xB9, 0x41, 0x94, 0xAB, 0xDD, 0x74, 0xE9, 0xF2, 0x0D, 0x69, 0xB7, 0xC2, 0x27, 0xEB, 0x62, 0x2C,
    0x15, 0x0D, 0x70, 0x4A, 0xA0, 0x3A, 0x57, 0x34, 0xE2, 0xD2, 0xDC, 0x6A, 0x94, 0x42, 0xBF, 0x18,
    0xF9, 0xC2, 0x38, 0x7C, 0xA5, 0xF0, 0x30, 0x34, 0x1C, 0x94, 0xFD, 0xA7, 0xD6, 0xC1, 0x26, 0xBD,
    0x20, 0x0E, 0xBD, 0x4B, 0xCA, 0xF9, 0x87, 0xAB, 0x92, 0x85, 0xFE, 0x85, 0xF1, 0x86, 0x97, 0x0C,
    0x23, 0x00, 0xCB, 0x68, 0x7A, 0xD7, 0x76, 0x25, 0xC0, 0x57, 0xBE, 0x4B, 0xAE, 0xCE, 0xDF, 0x25,
    0x1F, 0xB2, 0xA3, 0x4C, 0xB3, 0x9A, 0xF3, 0x02, 0x90, 0xC1, 0x60, 0x21, 0x45, 0x64, 0xBD, 0xBE,
    0xF7, 0x8A, 0xD6, 0x11, 0xAE, 0x6D, 0xEC, 0x39, 0x19, 0x86, 0x2F, 0xDE, 0x55, 0x2C, 0x4E, 0x78,
    0xAF, 0x98, 0x2D, 0x08, 0x86, 0xD4, 0x64, 0x8C, 0x49, 0xDD, 0xF5, 0xAB, 0x64, 0x74, 0xAB, 0x6C,
    0xE8, 0x93, 0xAC, 0x18, 0x53, 0x99, 0x56, 0x65, 0xD2, 0x96, 0xED, 0x9D, 0x62, 0x81, 0x0F, 0x5F,
    0x4D, 0x06, 0xC7, 0x08, 0xF4, 0x3C, 0xBD, 0x55, 0x01, 0xFC, 0x88, 0xA8, 0x89, 0x71, 0x70, 0x07,
    0x66, 0xB8, 0xFC, 0xFF, 0x89, 0x26, 0x7B, 0xAB, 0xA8, 0xB7, 0x52, 0x8E, 0x07, 0x64, 0xB5, 0x05,
    0x2B, 0xD9, 0x94, 0x4E, 0xAA, 0xD6, 0x27, 0xF8, 0xE0, 0x17, 0xBD, 0xF3, 0x11, 0x9A, 0xED, 0xC3,
    0x9F, 0x70, 0x18, 0x3F, 0xA4, 0x46, 0x7F, 0xC8, 0x0D, 0x7C, 0xB7, 0xBC, 0x81, 0x2C, 0x65, 0xAE,
    0x18, 0xB2, 0x02, 0x87, 0xE1, 0x86, 0xC1, 0x5A, 0x6B, 0x43, 0x46, 0x6E, 0xA8, 0xC8, 0x1D, 0x35,
    0x1D, 0x81, 0x6F, 0x41, 0x01, 0x43, 0x77, 0xFA, 0xBC, 0x9A, 0x97, 0x4F, 0x77, 0xF8, 0xD5, 0x95,
    0x0D, 0x80, 0x22, 0xF5, 0x0A, 0x72, 0x83, 0x18, 0x1C, 0xDF, 0x30, 0x7D, 0xDC, 0x34, 0xF0, 0xBC,
    0x0F, 0x96, 0x64, 0x89, 0x86, 0xE7, 0x90, 0x48, 0x4A, 0x2D, 0x13, 0x50, 0x33, 0x5B, 0x9E, 0xC3,
    0xF2, 0xDC, 0x78, 0x0E, 0x89, 0x6C, 0x1A, 0x3B, 0xCA, 0x00, 0xA1, 0xC5, 0xBE, 0xB1, 0xC3, 0xDA,
    0xB3, 0x4F, 0xD4, 0x2C, 0x77, 0x01, 0x49, 0xBC, 0x42, 0x93, 0x1E, 0x3E, 0x9F, 0x44, 0xE7, 0xA9,
    0x15, 0x81, 0x8A, 0x09, 0x70, 0x9F, 0x6D, 0x8A, 0x94, 0x15, 0xBF, 0xDB, 0x00, 0x30, 0x29, 0x7C,
    0x78, 0xE6, 0x79, 0x4D, 0x6A, 0x5C, 0x4D, 0xEC, 0x31, 0x89, 0x8A, 0xD6, 0x42, 0x7D, 0x38, 0xFE,
    0x7A, 0x8E, 0x6A, 0x89, 0x83, 0x2C, 0x45, 0x54, 0x12, 0x7A, 0xEB, 0x4B, 0xCE, 0xC8, 0xA4, 0xD2,
    0xC7, 0xFD, 0xFB, 0xF7, 0x7C, 0x52, 0x71, 0xA8, 0xBC, 0x1C, 0x76, 0x49, 0x9E, 0xFF, 0xB2, 0x5B,
    0x8A, 0x99, 0x84, 0x30, 0xDB, 0x04, 0xAA, 0x19, 0x1B, 0x46, 0xA0, 0x3B, 0x80, 0xD3, 0xCB, 0xFC,
    0x2A, 0x7C, 0x27, 0xCB, 0xE6, 0xA2, 0x4F, 0xA7, 0xA9, 0xEE, 0x03, 0x2E, 0x67, 0x7C, 0x09, 0x7E,
    0x7B, 0x27, 0x0A, 0x2D, 0xCE, 0x56, 0xBA, 0x0C, 0x7C, 0xE7, 0x6A, 0x86, 0x36, 0x0B, 0xF0, 0xFA,
    0x02, 0xC7, 0x00, 0xBC, 0x05, 0xC0, 0x45, 0x45, 0x93, 0xCE, 0xEF, 0xA6, 0x55, 0xFE, 0xD2, 0x0C,
    0x1A, 0x80, 0x99, 0x09, 0x8E, 0xCC, 0x68, 0x0F, 0x7D, 0x48, 0x24, 0xE1, 0x80, 0x5F, 0x40, 0x33,
    0x79, 0xC1, 0x5E, 0x52, 0x5B, 0x07, 0xD0, 0xEF, 0xEF, 0x2C, 0x10, 0x96, 0x30, 0xCB, 0x33, 0xEE,
    0xB0, 0x76, 0xD7, 0xF4, 0x8F, 0xF3, 0xA2, 0xD7, 0x2F, 0xCF, 0x2B, 0x51, 0x37, 0x29, 0xE6, 0x08,
    0x38, 0xAE, 0x40, 0xF7, 0xCB, 0x6C, 0x33, 0xE8, 0xAD, 0x67, 0x9F, 0xA8, 0x8D, 0x0F, 0x00, 0xF9,
    0x8C, 0x67, 0xC4, 0x92, 0x1D, 0xCF, 0x3C, 0x51, 0x13, 0x24, 0x4A, 0x72, 0x1B, 0x6E, 0x03, 0xFE,
    0xF0, 0xFB, 0x9C, 0x9B, 0xDC, 0x66, 0xD9, 0x64, 0x95, 0xD4, 0xA5, 0x3E, 0xF9, 0xC5, 0x47, 0x1F,
    0xC6, 0x30, 0x07, 0x60, 0x83, 0xCB, 0x90, 0xD5, 0x14, 0xCB, 0x27, 0xF6, 0x9A, 0x70, 0xC7, 0x9C,
    0xD1, 0x9C, 0xFF, 0xDF, 0xA5, 0x9D, 0x92, 0xCE, 0x3F, 0xDA, 0x9E, 0x7F, 0x0E, 0x1C, 0x03, 0x2C,
    0xDA, 0xA3, 0x62, 0x68, 0x99, 0xFC, 0xA3, 0xED, 0x06, 0x6E, 0xFF, 0x4F, 0xC3, 0x25, 0xE4, 0xFE,
    0x93, 0x5D, 0x0F, 0xBD, 0x41, 0x69, 0x9E, 0xA6, 0x30, 0xEE, 0x68, 0xFE, 0x1B, 0x0A, 0xA8, 0xB6,
    0x1A, 0xA8, 0xF9, 0xC3, 0x09, 0x8E, 0x1C, 0x4E, 0xEB, 0x1F, 0x64, 0x2F, 0x3A, 0x8A, 0x3B, 0x86,
    0x57, 0xE6, 0x41, 0x39, 0x4E, 0xF0, 0xD9, 0xDE, 0xCD, 0x68, 0x76, 0x15, 0xDD, 0x2E, 0x9C, 0x7C,
    0x72, 0x1C, 0xEC, 0x3D, 0x50, 0xD5, 0x0A, 0xDC, 0x0E, 0x1F, 0x6D, 0xD6, 0xAE, 0xA3, 0xE6, 0x24,
    0x17, 0x34, 0x26, 0x8C, 0x79, 0x83, 0x49, 0x55, 0x40, 0xC3, 0x77, 0x60, 0x3D, 0x80, 0x7F, 0x63,
    0xC3, 0xA5, 0xB9, 0xEC, 0x13, 0xDC, 0xCE, 0x6C, 0x11, 0x3B, 0x5A, 0xFE, 0x88, 0x90, 0xEC, 0x14,
    0x9B, 0x3B, 0x20, 0x49, 0x95, 0x3B, 0x9B, 0xB7, 0xBE, 0x60, 0xB1, 0x1C, 0x41, 0x36, 0x43, 0xF9,
    0x5D, 0x3A, 0x81, 0x53, 0xA7, 0x18, 0xFA, 0x74, 0x9A, 0x61, 0x8D, 0x5D, 0xB7, 0xAB, 0xE9, 0xF5,
    0xEA, 0xE5, 0x01, 0x39, 0xAD, 0x06, 0x59, 0xF8, 0xF6, 0xAE, 0xCA, 0xF4, 0xA9, 0xA2, 0x5F, 0xF4,
    0x0C, 0x76, 0x3A, 0x3B, 0x0F, 0xBF, 0x48, 0xEE, 0x9F, 0x8C, 0x9B, 0x9C, 0xC6, 0x4E, 0x18, 0x8B,
    0xD1, 0x3B, 0x40, 0xBD, 0xC3, 0x4A, 0x5A, 0x66, 0xD2, 0x8D, 0x67, 0xA0, 0xD9, 0x0D, 0x00, 0xA3,
    0xCD, 0x9A, 0x32, 0x69, 0xEC, 0x09, 0xF8, 0x3F, 0x6B, 0xDE, 0x02, 0xD0, 0x1C, 0x1D, 0xD0, 0x95,
    0x22, 0x77, 0xF9, 0x2B, 0x53, 0x84, 0xE7, 0x29, 0x62, 0xE2, 0x30, 0x75, 0x98, 0x3C, 0xFC, 0x62,
    0x08, 0x05, 0xAE, 0xE0, 0x80, 0xE5, 0x80, 0x25, 0x81, 0x65, 0x41, 0x49, 0x73, 0xCA, 0xD3, 0x96,
    0x6F, 0x44, 0x58, 0x4E, 0x89, 0x96, 0xE5, 0x19, 0x14, 0xE4, 0x7D, 0x9C, 0x37, 0x48, 0x06, 0x14,
    0xFC, 0x09, 0x4E, 0xED, 0xAB, 0xBF, 0xF9, 0xDE, 0x07, 0xEA, 0x01, 0x40, 0x17, 0xCF, 0x1B, 0xB1,
    0xDE, 0x20, 0x01, 0xD6, 0x8A, 0xCA, 0xCF, 0xA2, 0x8D, 0x5E, 0x60, 0xB1, 0x8E, 0xBF, 0x50, 0x1C,
    0x8E, 0x41, 0xB2, 0x28, 0x36, 0x3F, 0x06, 0x49, 0x59, 0xF1, 0x38, 0x31, 0x08, 0x03, 0x27, 0xA1,
    0x23, 0xDA, 0xE3, 0xED, 0x03, 0x2D, 0x99, 0x4F, 0xA1, 0xDF, 0xE9, 0x0E, 0x58, 0xFB, 0x7D, 0x4B,
    0xF7, 0xAB, 0xE7, 0xCE, 0x0C, 0x0E, 0x8D, 0x02, 0xAD, 0x41, 0xB6, 0x5A, 0xB1, 0x5E, 0x7B, 0x78,
    0xFB, 0xD4, 0x94, 0x87, 0xD7, 0x20, 0x9B, 0xA2, 0x5F, 0xE1, 0x9F, 0x30, 0xC1, 0x53, 0xD1, 0xF1,
    0xE3, 0xF2, 0x1B, 0xF7, 0x72, 0xFE, 0x16, 0xB7, 0xDE, 0xAF, 0x2F, 0xDD, 0xCF, 0x23, 0x51, 0x37,
    0x28, 0x78, 0x7D, 0xE9, 0xC6, 0xED, 0x67, 0x9F, 0xC8, 0x1E, 0x17, 0x7B, 0x56, 0x0C, 0x97, 0xA5,
    0xFB, 0xB9, 0x94, 0xEE, 0xEE, 0xF9, 0x21, 0x6A, 0xB2, 0xA2, 0xFB, 0xE2, 0xBE, 0x51, 0xD5, 0xC6,
    0xA8, 0x60, 0x70, 0x47, 0x45, 0xD8, 0xC3, 0x80, 0x9A, 0x4D, 0x46, 0x45, 0x15, 0x05, 0x6D, 0x30,
    0x7D, 0x54, 0x8C, 0x41, 0x51, 0x96, 0xAE, 0xCB, 0x7E, 0xFF, 0xFA, 0x77, 0xF8, 0x36, 0xA2, 0xB2,
    0x11, 0x23, 0x01, 0xCC, 0x59, 0xC1, 0x05, 0xD7, 0xDE, 0x06, 0xBE, 0xBC, 0x4B, 0x9F, 0x0C, 0x6F,
    0x5A, 0xA2, 0x99, 0xA8, 0xCA, 0xAE, 0x85, 0xBF, 0x29, 0x2F, 0xD3, 0x7E, 0x71, 0xC7, 0xD5, 0xDA,
    0x76, 0xF5, 0x41, 0x37, 0xF8, 0x28, 0x59, 0x03, 0x25, 0x57, 0xF6, 0x60, 0xFE, 0x25, 0xD1, 0x91,
    0x3B, 0xFA, 0xDF, 0x72, 0x85, 0xFF, 0x88, 0x53, 0x51, 0x37, 0x5C, 0x53, 0x1F, 0x14, 0x68, 0xE2,
    0xB5, 0x0D, 0x60, 0xBB, 0x3C, 0x84, 0xB5, 0x3F, 0x5C, 0x0D, 0xFE, 0x03, 0xCD, 0x9A, 0x3F, 0xAC,
    0xE5, 0xC6, 0x75, 0xC6, 0x3F, 0x72, 0xB2, 0x66, 0x64, 0x22, 0x18, 0x05, 0x91, 0x81, 0xA4, 0x09,
    0x53, 0xA4, 0x70, 0x15, 0xF6, 0x80, 0xB5, 0x43, 0xC0, 0xA5, 0x8A, 0x55, 0x91, 0x45, 0x8A, 0x14,
    0x4E, 0x9B, 0x4A, 0x6D, 0x1A, 0x2D, 0x6F, 0xE2, 0xC2, 0xAD, 0xD2, 0x17, 0x4E, 0x91, 0xC2, 0x50,
    0x0A, 0xF7, 0xC0, 0x2A, 0xA4, 0xA4, 0x22, 0x45, 0x0A, 0xD1, 0x70, 0x0F, 0x31, 0x50, 0x5C, 0xB9,
    0xD8, 0x09, 0x96, 0x46, 0xF8, 0xB4, 0x43, 0x9E, 0x9C, 0xEF, 0x5C, 0xF2, 0xFE, 0x59, 0x49, 0x9B,
    0x85, 0xF5, 0xF6, 0xAD, 0x46, 0x6F, 0x7E, 0x97, 0xEF, 0xEE, 0xF0, 0x9C, 0xF3, 0x1D, 0xCE, 0x0C,
    0x67, 0xE6, 0x09, 0x70, 0x22, 0x38, 0x73, 0xC1, 0x73, 0x45, 0x7A, 0x85, 0x33, 0x16, 0x32, 0x28,
    0xBD, 0x8C, 0xCA, 0x5A, 0xA2, 0x32, 0x3C, 0x21, 0xE5, 0x33, 0x65, 0x26, 0x0F, 0x94, 0x4E, 0xFC,
    0xA4, 0x0D, 0x93, 0x9F, 0x01, 0x9F, 0x7C, 0xD2, 0x86, 0xB1, 0x54, 0x06, 0xA3, 0x88, 0x24, 0x64,
    0xCA, 0x85, 0xFE, 0x64, 0x55, 0x8B, 0x1F, 0xFE, 0xDB, 0x0A, 0x6D, 0xE6, 0x04, 0xF5, 0x44, 0x86,
    0x88, 0x5C, 0xE8, 0x6A, 0x05, 0x4A, 0x59, 0x88, 0x84, 0x8B, 0x52, 0xCA, 0x01, 0x68, 0x65, 0xA6,
    0x99, 0x45, 0x9B, 0x3A, 0x01, 0xFE, 0x14, 0x0A, 0x10, 0x95, 0x08, 0x2D, 0xAB, 0x49, 0x79, 0xB6,
    0x20, 0x4C, 0x2E, 0x21, 0x8C, 0xA5, 0x22, 0xD6, 0x0A, 0x91, 0x19, 0x9E, 0x70, 0xF2, 0xCE, 0x04,
    0x20, 0x1B, 0xFF, 0x4A, 0x99, 0xCF, 0x8F, 0x94, 0x90, 0x44, 0xB6, 0x23, 0x79, 0xEF, 0xB5, 0xEB,
    0x77, 0xF1, 0xDF, 0xA1, 0x17, 0x8C, 0xA9, 0x8B, 0x8C, 0xA8, 0xB9, 0x7D, 0xFD, 0xAF, 0x49, 0x1B,
    0x9D, 0xDD, 0x90, 0xD5, 0x40, 0xD6, 0x23, 0x59, 0xAD, 0x64, 0x91, 0x6E, 0x4D, 0xE0, 0x03, 0x0A,
    0x6C, 0xE9, 0x81, 0x96, 0x33, 0x02, 0x47, 0x59, 0xE6, 0xD5, 0xD1, 0x6B, 0x15, 0xD9, 0xA6, 0x67,
    0xA2, 0xD9, 0xE6, 0x5D, 0xB0, 0x50, 0xED, 0x6C, 0x8E, 0x1A, 0x74, 0x22, 0x23, 0xC5, 0x4C, 0x85,
    0x34, 0x55, 0xF2, 0x0B, 0x8A, 0x43, 0x3D, 0x83, 0x8A, 0x09, 0x9A, 0xE8, 0x06, 0xA2, 0x57, 0x08,
    0xD1, 0x19, 0x06, 0x9A, 0x8D, 0xF8, 0x21, 0x42, 0xD2, 0x6F, 0xD4, 0x92, 0xF4, 0xA5, 0x82, 0x8A,
    0x66, 0x66, 0xF7, 0x40, 0x2F, 0x8F, 0x01, 0x97, 0x00, 0x26, 0x93, 0x21, 0xFD, 0x00, 0xD8, 0xF3,
    0x70, 0x74, 0x3A, 0x79, 0xF9, 0x49, 0xAA, 0x66, 0x37, 0xD0, 0x19, 0x5B, 0x84, 0xFE, 0xA2, 0x8E,
    0x6F, 0x20, 0xDC, 0xB4, 0xA3, 0x17, 0x19, 0x0A, 0x8B, 0x74, 0xC6, 0x56, 0xDC, 0x64, 0x89, 0xDC,
    0x91, 0xC7, 0xBB, 0x54, 0x15, 0xD8, 0xF0, 0x60, 0xD5, 0xAE, 0x71, 0x0B, 0xAA, 0x56, 0xF6, 0xBA,
    0xC0, 0x18, 0x68, 0x06, 0x05, 0xF5, 0xA1, 0xB9, 0x43, 0x55, 0xD5, 0xC0, 0x09, 0xE9, 0xD9, 0xCC,
    0x7E, 0xC2, 0xE6, 0x42, 0xC7, 0x6F, 0x5D, 0x6A, 0xA3, 0x38, 0x50, 0x1D, 0x28, 0x0F, 0xD4, 0xB7,
    0xF9, 0x1D, 0x88, 0xFE, 0x0A, 0x54, 0x69, 0x32, 0x41, 0x9D, 0x30, 0xA1, 0xA6, 0x54, 0x59, 0xD0,
    0xE7, 0x93, 0x01, 0xF0, 0x74, 0xE2, 0xD2, 0xA5, 0x54, 0xFA, 0xC0, 0x16, 0x9A, 0x0C, 0x39, 0xA5,
    0x3A, 0x41, 0x9B, 0xDC, 0x0A, 0xBF, 0x38, 0xD5, 0xBB, 0x16, 0x1C, 0x6B, 0x25, 0xE1, 0x0D, 0x33,
    0x1C, 0x93, 0xE7, 0x96, 0x2A, 0xA2, 0x4C, 0x75, 0x84, 0x4F, 0x21, 0x22, 0x4C, 0x61, 0x84, 0xC4,
    0x40, 0xA9, 0xAD, 0x82, 0x99, 0x4B, 0x10, 0xA1, 0x54, 0xF6, 0xC7, 0xB7, 0xC9, 0x69, 0x25, 0x63,
    0xA2, 0xC0, 0xA7, 0x93, 0xB2, 0x7E, 0x6A, 0x7A, 0xFE, 0xAB, 0x51, 0x75, 0x54, 0x25, 0xD2, 0xF6,
    0x70, 0xB4, 0x81, 0x52, 0x7E, 0xAE, 0xF4, 0xC9, 0xA9, 0x85, 0x3A, 0x66, 0xD2, 0x80, 0x0E, 0x28,
    0x3E, 0x23, 0xFB, 0x5C, 0xD9, 0xF6, 0x6E, 0xA5, 0xF4, 0x72, 0x51, 0x4E, 0x75, 0x02, 0x2A, 0x7A,
    0xE5, 0x30, 0x56, 0x66, 0xF2, 0x33, 0x25, 0x5A, 0xA1, 0xA7, 0x8E, 0x91, 0x30, 0x9E, 0x68, 0x4C,
    0xCA, 0xA6, 0x5E, 0xB5, 0x0D, 0x0A, 0xE1, 0x48, 0x75, 0xF6, 0xA3, 0x6E, 0x82, 0x08, 0xC8, 0x35,
    0x23, 0x17, 0x6D, 0x50, 0xAF, 0xBF, 0xD0, 0x06, 0x14, 0xAF, 0x9C, 0xA1, 0xCE, 0x54, 0x7E, 0x95,
    0x38, 0xD0, 0xBB, 0x09, 0xB5, 0xD9, 0x34, 0xDD, 0xE4, 0x02, 0x72, 0xC0, 0x51, 0xB5, 0x91, 0xEE,
    0xEF, 0xFD, 0xE4, 0x77, 0xD8, 0xBA, 0x14, 0x89, 0xAD, 0xF7, 0xBC, 0x3A, 0xD5, 0xA0, 0xB5, 0x1D,
    0x07, 0x9C, 0x8B, 0x89, 0x27, 0x32, 0xC5, 0x9C, 0x2B, 0xA2, 0xB3, 0x6E, 0xB1, 0x12, 0xCB, 0x3E,
    0xC2, 0x4B, 0x91, 0x63, 0x57, 0x22, 0x7A, 0x03, 0x05, 0x73, 0x76, 0x3E, 0x77, 0x7F, 0x82, 0xD3,
    0x66, 0x4B, 0x74, 0x14, 0x6F, 0xD6, 0x51, 0x12, 0xFE, 0x88, 0xF9, 0xFA, 0x3D, 0xCB, 0x5E, 0x29,
    0x11, 0x8E, 0xED, 0xCA, 0xF5, 0x9D, 0x05, 0x3E, 0x62, 0x35, 0x91, 0x34, 0x75, 0xC6, 0xB2, 0x77,
    0x6B, 0xBA, 0x5C, 0xDE, 0x63, 0x2C, 0xBC, 0xCD, 0x04, 0xB5, 0x8C, 0x12, 0x2E, 0xD2, 0xE0, 0xBC,
    0x81, 0xBF, 0xDE, 0xB1, 0x4A, 0xD4, 0xD8, 0x47, 0x5F, 0x4B, 0x84, 0xE6, 0x55, 0x48, 0xBD, 0x2B,
    0x31, 0x95, 0x4D, 0x66, 0xA0, 0xBB, 0x66, 0x5F, 0x1F, 0x54, 0xF1, 0x56, 0x75, 0xB8, 0xC9, 0x86,
    0x3F, 0xC1, 0xAB, 0x52, 0x14, 0x19, 0x81, 0x85, 0xDF, 0xB6, 0x9C, 0xDF, 0x2B, 0x36, 0x2C, 0xD9,
    0x06, 0xCD, 0x1D, 0x3E, 0x4B, 0x3F, 0x76, 0x0D, 0x1C, 0xC7, 0x0F, 0x84, 0x8D, 0x5A, 0x3A, 0xFF,
    0x83, 0x57, 0xD1, 0x6D, 0xEF, 0x97, 0x03, 0x63, 0xE8, 0xB7, 0xD9, 0x18, 0xCF, 0xAF, 0x0F, 0x7A,
    0x86, 0x15, 0xA9, 0x72, 0x2E, 0xA4, 0xB1, 0x15, 0x91, 0x6B, 0xBE, 0xF2, 0xCE, 0xF1, 0xB2, 0x74,
    0xBD, 0x97, 0x24, 0x47, 0x7C, 0xFF, 0x97, 0xA9, 0x53, 0xDD, 0x73, 0x1B, 0x51, 0x4F, 0x61, 0x46,
    0x17, 0x6D, 0x5A, 0xF2, 0x84, 0x9A, 0xFA, 0x7C, 0x44, 0xBD, 0xFA, 0xFE, 0x72, 0xFD, 0x27, 0x57,
    0xEB, 0xBF, 0x6A, 0xAE, 0x07, 0x88, 0x84, 0xDE, 0x89, 0xD0, 0xE4, 0xCF, 0x15, 0x9A, 0xE9, 0x83,
    0xBA, 0x94, 0xE6, 0xA8, 0x72, 0x30, 0xE4, 0x8A, 0xE8, 0x54, 0xE5, 0xCC, 0x09, 0x90, 0xD9, 0xF0,
    0x44, 0x2E, 0x9F, 0x31, 0x42, 0xBF, 0x3D, 0xE0, 0xA2, 0xA9, 0x23, 0xC2, 0x6F, 0xBA, 0x81, 0x29,
    0x39, 0xB0, 0x09, 0xF5, 0x45, 0x7C, 0x75, 0x35, 0xE1, 0x88, 0x3C, 0xDE, 0x61, 0x0E, 0x50, 0x1D,
    0xAE, 0x5E, 0x9C, 0xF5, 0x01, 0x2C, 0x77, 0x9A, 0x88, 0xBB, 0x92, 0xCA, 0x52, 0xF4, 0x16, 0x0A,
    0xAF, 0x88, 0x92, 0xE8, 0xF6, 0x05, 0x07, 0xCB, 0xBE, 0x48, 0xAD, 0xA6, 0xBD, 0xDF, 0x1F, 0x97,
    0xB5, 0x44, 0x68, 0x5E, 0x4B, 0x72, 0xE4, 0x60, 0x96, 0x1A, 0xB4, 0xEA, 0x85, 0xA2, 0x2E, 0xC9,
    0x61, 0x2F, 0x1C, 0xF7, 0x7C, 0x77, 0xD3, 0x28, 0x4A, 0xB1, 0xB5, 0xBB, 0x72, 0x31, 0xA6, 0x8D,
    0x15, 0xD7, 0x26, 0xA8, 0x95, 0x33, 0x82, 0x72, 0x62, 0x3A, 0xAB, 0x48, 0xDB, 0x75, 0x54, 0xDB,
    0xFC, 0xB2, 0x53, 0x8E, 0x10, 0xE5, 0x40, 0xBF, 0xDB, 0xF4, 0x77, 0x4F, 0x1E, 0x82, 0x51, 0x11,
    0xEB, 0x69, 0xA6, 0x09, 0xA3, 0x5E, 0x49, 0x42, 0x41, 0x47, 0x7C, 0x53, 0xC3, 0xDB, 0x3A, 0x69,
    0x26, 0xA8, 0xB7, 0x8A, 0xDC, 0x39, 0x18, 0x86, 0x52, 0xA1, 0xE9, 0xA1, 0x84, 0x49, 0xBD, 0xF8,
    0xA8, 0xD6, 0x2B, 0x05, 0x45, 0xA3, 0xB4, 0x18, 0xD3, 0xD5, 0xEB, 0x31, 0x48, 0xB2, 0xB5, 0x8A,
    0x48, 0x44, 0xB1, 0x6C, 0xDB, 0x16, 0xAD, 0x9E, 0x75, 0xB6, 0xB4, 0x31, 0x78, 0x86, 0xCE, 0xC0,
    0x19, 0x36, 0x83, 0xA6, 0x0E, 0xAA, 0x30, 0x0D, 0x92, 0xF6, 0x4A, 0xD3, 0x95, 0x4C, 0x95, 0xC4,
    0xCD, 0xFA, 0x8A, 0xB0, 0xA0, 0x4B, 0x34, 0x5B, 0x26, 0x1A, 0x54, 0x7B, 0x3E, 0xD2, 0x22, 0x9F,
    0xC2, 0x48, 0x53, 0xA1, 0xA7, 0xB1, 0xAE, 0xBF, 0xF5, 0x58, 0x50, 0x33, 0xB9, 0xD0, 0xFA, 0xA6,
    0xD6, 0xED, 0xBE, 0x2C, 0x31, 0xAF, 0x4E, 0x94, 0xBC, 0x3E, 0x16, 0x99, 0x21, 0x53, 0x2E, 0xDF,
    0x10, 0x97, 0x1C, 0xF8, 0x74, 0xB8, 0x4C, 0xE3, 0x7D, 0x7C, 0x9E, 0x07, 0xFE, 0x63, 0x50, 0x49,
    0xF3, 0xB6, 0x4F, 0x68, 0x0F, 0x8C, 0x80, 0xD7, 0xAF, 0x2A, 0xB1, 0x61, 0x0D, 0x4B, 0x97, 0x8A,
    0x54, 0x26, 0x3F, 0xFB, 0xC9, 0xC7, 0x2A, 0xD6, 0x31, 0x8C, 0x61, 0x08, 0x7D, 0xDB, 0x77, 0xD6,
    0x94, 0xA6, 0xE9, 0x91, 0xE6, 0xE9, 0x95, 0x2E, 0xE8, 0x99, 0x6E, 0xE8, 0x9D, 0xAE, 0x18, 0x01,
    0xDD, 0xB1, 0x29, 0xDD, 0x59, 0x24, 0x14, 0xC3, 0x68, 0xE8, 0x96, 0x11, 0xD1, 0x75, 0xBD, 0x0F,
    0x08, 0xFB, 0x6C, 0x18, 0x1D, 0xF5, 0x73, 0x45, 0x38, 0x1E, 0x57, 0x83, 0x35, 0x87, 0x04, 0xB7,
    0x19, 0x91, 0x36, 0x39, 0x30, 0x3B, 0x8B, 0xB4, 0x14, 0x89, 0xFC, 0xCC, 0x65, 0x57, 0xC0, 0x10,
    0x5A, 0x3C, 0x62, 0x23, 0xA6, 0xF2, 0x63, 0x61, 0x4A, 0xA5, 0xB1, 0xEF, 0xCE, 0x25, 0xAC, 0x8E,
    0x6D, 0x35, 0xD0, 0x4E, 0x45, 0x1E, 0xB7, 0xE6, 0x2A, 0x76, 0x82, 0xEA, 0xE5, 0x28, 0xAA, 0x14,
    0xAA, 0x19, 0x95, 0xCA, 0x86, 0x6A, 0x1F, 0xA0, 0xF2, 0x39, 0x80, 0x5A, 0x05, 0x53, 0xD0, 0xD2,
    0x7A, 0xD7, 0x4B, 0xB3, 0x4D, 0x23, 0x7F, 0x43, 0xC8, 0xBA, 0xBD, 0x7A, 0x9C, 0x8C, 0xA6, 0xC8,
    0xD1, 0x7B, 0xE3, 0x85, 0x6A, 0xC2, 0xCC, 0x71, 0x6C, 0xDB, 0x1D, 0x27, 0x0D, 0xDC, 0x5A, 0x2D,
    0x1C, 0x70, 0x2D, 0x4F, 0x06, 0x56, 0x19, 0x38, 0x60, 0x68, 0xC3, 0xEF, 0x3C, 0x18, 0x39, 0x99,
    0x0B, 0xF3, 0x52, 0xCF, 0x64, 0x88, 0x3E, 0x29, 0xC7, 0x92, 0x1C, 0x9C, 0xE5, 0x26, 0x97, 0x86,
    0xC9, 0x14, 0xFE, 0x70, 0xDA, 0xDB, 0xCB, 0x81, 0x28, 0x23, 0xE9, 0x26, 0xE3, 0x4C, 0xFA, 0x48,
    0x4A, 0x4F, 0xFE, 0x25, 0x71, 0x9E, 0x12, 0x70, 0x5A, 0xAD, 0xE4, 0x17, 0x8B, 0x8F, 0x5C, 0x7A,
    0x97, 0xCA, 0x15, 0x45, 0xAA, 0x99, 0xA4, 0x6E, 0x84, 0xFF, 0x52, 0x5B, 0x7B, 0x59, 0xA0, 0x60,
    0xC7, 0xB2, 0xEE, 0x4F, 0x04, 0x11, 0xC5, 0xFF, 0x10, 0xBD, 0x30, 0x49, 0xED, 0x80, 0x6D, 0xEE,
    0xAC, 0x18, 0x02, 0xCB, 0x1B, 0x44, 0x4B, 0x6F, 0x75, 0xBF, 0x83, 0xBF, 0x16, 0xCB, 0xE9, 0x28,
    0xE1, 0x17, 0xC7, 0xA5, 0xAE, 0xDF, 0xFA, 0xF8, 0x8C, 0x73, 0x79, 0xFF, 0x96, 0xEA, 0x23, 0x7A,
    0x15, 0xE9, 0x59, 0xF1, 0xF7, 0x48, 0x2E, 0xFA, 0xC3, 0xDB, 0x7B, 0xE7, 0x78, 0xF9, 0xFF, 0x2C,
    0x79, 0xCC, 0x1D, 0xB3, 0xC6, 0xA4, 0x39, 0xD6, 0x55, 0xEB, 0xCB, 0x0E, 0x42, 0x91, 0xD4, 0x6A,
    0xED, 0x44, 0x26, 0xCE, 0xFC, 0xA7, 0x14, 0xB5, 0xCD, 0x79, 0x7B, 0xDF, 0x35, 0x28, 0x97, 0x2D,
    0x39, 0x57, 0xB3, 0xDA, 0x3E, 0x75, 0x84, 0xE7, 0xA7, 0x8E, 0x9C, 0x53, 0x0E, 0x83, 0x70, 0xDC,
    0xD2, 0x7D, 0x50, 0x48, 0x64, 0x97, 0x14, 0xEB, 0x1C, 0x7F, 0xC7, 0x8E, 0x90, 0x25, 0xFE, 0x14,
    0x89, 0x41, 0xFC, 0x19, 0x00, 0xF9, 0xC7, 0x08, 0xF9, 0xF1, 0x94, 0x49, 0x19, 0x73, 0xF1, 0xBD,
    0x93, 0xAA, 0x71, 0xEB, 0xBD, 0xDF, 0x5F, 0x86, 0xFC, 0x74, 0x80, 0x3C, 0x50, 0x97, 0x55, 0x9F,
    0x49, 0x68, 0xF2, 0xF5, 0xBE, 0xDA, 0x7A, 0x8B, 0xE1, 0x58, 0x2D, 0xCF, 0xB6, 0xA8, 0xE5, 0x6C,
    0x6F, 0xBC, 0x38, 0xDC, 0xB8, 0xE1, 0x23, 0xB2, 0x69, 0x1D, 0x7E, 0x81, 0x62, 0x7F, 0xB3, 0x5E,
    0xAD, 0x79, 0xDF, 0x54, 0xFC, 0x2A, 0x2A, 0x3E, 0x8F, 0x6C, 0xAF, 0xE8, 0xEC, 0x99, 0xCC, 0x1C,
    0x51, 0x3D, 0x3B, 0x26, 0x9B, 0x9D, 0xF0, 0x27, 0xE7, 0x15, 0x35, 0x77, 0xEE, 0x25, 0xE1, 0x15,
    0x0D, 0x81, 0x7D, 0x1E, 0xDE, 0x32, 0x09, 0x66, 0xF2, 0x87, 0x4E, 0x26, 0xC7, 0x04, 0xC6, 0x4A,
    0x9A, 0x90, 0x38, 0x90, 0xDB, 0xCB, 0xF7, 0xCA, 0x97, 0x08, 0xD2, 0x54, 0xA2, 0xDE, 0xC0, 0xF2,
    0x26, 0x91, 0x25, 0xB2, 0x20, 0xD9, 0x66, 0x1B, 0x64, 0x97, 0x45, 0x78, 0x33, 0x19, 0xC6, 0x4C,
    0x26, 0x5B, 0x50, 0xF0, 0x6D, 0xEA, 0x94, 0xAD, 0x72, 0x45, 0xD7, 0xBB, 0x45, 0x20, 0x87, 0x22,
    0x29, 0x1B, 0x1D, 0x77, 0x07, 0x6E, 0xCD, 0xC3, 0xC7, 0xCA, 0x29, 0x7C, 0xA2, 0x8C, 0xF5, 0x17,
    0xAB, 0xC6, 0xE0, 0x9F, 0x2E, 0x6A, 0xC9, 0xFF, 0xAF, 0x9D, 0xE7, 0x89, 0x72, 0x70, 0x9B, 0xA5,
    0xD9, 0x26, 0x07, 0x7B, 0xFF, 0x2B, 0xE5, 0x40, 0x6E, 0xDD, 0x3F, 0x5B, 0xF7, 0xF0, 0xAA, 0x11,
    0xA7, 0x33, 0x34, 0x38, 0x1E, 0x73, 0xB8, 0xE5, 0xF9, 0xF7, 0xBF, 0x7C, 0xFD, 0xFB, 0x7F, 0xDC,
    0xDE, 0xFF, 0xC4, 0xF3, 0xEF, 0xFF, 0xD7, 0x29, 0x10, 0xD6, 0xCB, 0xCF, 0x33, 0x5E, 0x96, 0x9E,
    0x7F, 0x24, 0x21, 0x92, 0x6F, 0xDC, 0xB6, 0x64, 0x2B, 0xDF, 0x23, 0xC2, 0x41, 0x51, 0xF5, 0x3B,
    0x5A, 0x85, 0x5B, 0x19, 0xC4, 0x07, 0x60, 0x09, 0x9F, 0x58, 0x7F, 0x96, 0x78, 0x3A, 0x45, 0xC6,
    0xB2, 0x75, 0x9E, 0xD7, 0xDD, 0x3F, 0x7C, 0xE4, 0x2E, 0x51, 0xBE, 0xBA, 0x4B, 0xBC, 0xE5, 0x64,
    0x05, 0xC0, 0x0D, 0xA1, 0x27, 0x46, 0x22, 0x2A, 0xEE, 0x27, 0xC5, 0x8F, 0x56, 0x22, 0x28, 0xDE,
    0xAE, 0x7A, 0x85, 0x1F, 0x15, 0x2E, 0x2A, 0xB2, 0xA4, 0xC0, 0x4A, 0x04, 0xA2, 0xFA, 0x54, 0x51,
    0x7E, 0xA1, 0x70, 0x4F, 0x15, 0x99, 0x28, 0xD0, 0x11, 0x81, 0xF0, 0x44, 0x39, 0x80, 0x8E, 0x4E,
    0x9B, 0x04, 0x45, 0x25, 0xCD, 0x76, 0xF8, 0xF8, 0xFD, 0x0F, 0xF0, 0x0F, 0x75, 0xC2, 0x63, 0x91,
    0xA6, 0xFB, 0x5D, 0xDB, 0x77, 0x4D, 0x39, 0x76, 0x70, 0xF1, 0x23, 0xAD, 0x8F, 0x5F, 0xB2, 0xE2,
    0xF9, 0x9A, 0xF9, 0xC1, 0x1E, 0x69, 0x2E, 0x76, 0x32, 0x44, 0x24, 0xE0, 0xDE, 0xC3, 0xBF, 0xDE,
    0xF7, 0xD9, 0xFC, 0xAE, 0x53, 0x8F, 0x4E, 0xFE, 0xB9, 0x1B, 0xCA, 0x09, 0x45, 0xD4, 0x3B, 0xB2,
    0xC4, 0x3D, 0x5A, 0x0A, 0x7C, 0x33, 0x11, 0xC1, 0xD0, 0x12, 0x8F, 0x4E, 0x57, 0xE1, 0x0A, 0x8F,
    0x78, 0xC7, 0xA2, 0x82, 0xB2, 0x54, 0x46, 0x14, 0x93, 0x5B, 0x9B, 0x76, 0x3C, 0x9E, 0x46, 0x56,
    0xF4, 0xC1, 0x41, 0x9D, 0x8B, 0x58, 0xC5, 0xC3, 0x87, 0xB0, 0xD2, 0xCE, 0x70, 0x9C, 0xEB, 0x6E,
    0xDE, 0x1B, 0x34, 0xB9, 0x31, 0x20, 0x9B, 0x03, 0x90, 0xD4, 0x47, 0x7A, 0x5F, 0xEB, 0x47, 0xDB,
    0xE7, 0x7D, 0xC6, 0xA2, 0xB5, 0x6E, 0xDC, 0xE4, 0x47, 0x1F, 0x9D, 0x6D, 0xE2, 0x56, 0x20, 0x6B,
    0xAC, 0x97, 0x66, 0x8A, 0x3C, 0x71, 0xE7, 0x54, 0xCE, 0xA2, 0xAC, 0xBF, 0x60, 0xF7, 0xED, 0x1E,
    0x44, 0x5C, 0x95, 0x4C, 0x6E, 0xB0, 0xED, 0x00, 0x29, 0x39, 0x32, 0x16, 0xEB, 0x3B, 0x8D, 0xE7,
    0xD1, 0x2B, 0x9C, 0xA0, 0x9E, 0xC9, 0x10, 0xED, 0x58, 0x72, 0x24, 0xBB, 0xC1, 0x68, 0x19, 0x54,
    0xBA, 0x9D, 0xED, 0xC0, 0x5B, 0xB4, 0x65, 0x9D, 0xEC, 0xC8, 0x39, 0xC2, 0xCB, 0x76, 0x0C, 0xCC,
    0x10, 0x68, 0x98, 0xBE, 0x6C, 0x80, 0xD5, 0xDC, 0x6E, 0x77, 0x5E, 0x1D, 0xAE, 0x5C, 0x76, 0x4E,
    0xC2, 0x73, 0x80, 0xF3, 0x13, 0x60, 0xF3, 0xED, 0xA4, 0x83, 0xE7, 0xCE, 0x0B, 0xBB, 0x2F, 0x83,
    0xC8, 0x14, 0x23, 0xD1, 0x1B, 0x9C, 0x81, 0x47, 0x20, 0xDC, 0x62, 0xDD, 0xB4, 0xF3, 0xE9, 0xA4,
    0xE3, 0x60, 0x99, 0xA4, 0xC0, 0xA9, 0x15, 0x99, 0x28, 0xD1, 0xF4, 0x29, 0xB6, 0xFD, 0x29, 0xCB,
    0xA8, 0x42, 0xED, 0xED, 0xE3, 0xE9, 0x86, 0x61, 0x4D, 0x28, 0xD8, 0xEF, 0x6C, 0x10, 0xF1, 0x73,
    0x84, 0x65, 0xB6, 0x35, 0x15, 0x3D, 0x85, 0x16, 0x34, 0xAE, 0x97, 0x9E, 0xA2, 0xE4, 0xBC, 0x54,
    0xB6, 0xE9, 0xA5, 0x1D, 0x79, 0x2B, 0x08, 0xE1, 0x67, 0xB5, 0xFE, 0xED, 0x69, 0x2B, 0xC8, 0x4F,
    0xB7, 0x7D, 0xA2, 0x5E, 0x5A, 0x91, 0x99, 0x0D, 0xF4, 0x92, 0x62, 0xBF, 0x10, 0x2E, 0x46, 0x59,
    0x46, 0x15, 0x2C, 0x37, 0xEF, 0xC5, 0x4A, 0x25, 0xF7, 0xC5, 0x4C, 0xD1, 0x8D, 0x4B, 0x61, 0xC8,
    0x78, 0x27, 0x85, 0xDB, 0x07, 0xDB, 0x4E, 0xFC, 0x00, 0x28, 0x5F, 0x1A, 0x30, 0x01, 0xF2, 0x9B,
    0xAE, 0x39, 0xFA, 0x62, 0x83, 0x07, 0xB2, 0x32, 0x0D, 0xB9, 0x8C, 0xD8, 0x8B, 0x8D, 0xB6, 0x40,
    0x30, 0x45, 0x2E, 0x5D, 0x1F, 0x57, 0xAE, 0x84, 0x98, 0xA7, 0xC9, 0x7A, 0x82, 0xDB, 0x76, 0x97,
    0x65, 0x72, 0x8B, 0x5E, 0x15, 0x09, 0x55, 0x2A, 0xF9, 0xAF, 0x74, 0x32, 0x12, 0x07, 0xC5, 0x8C,
    0x2A, 0xB6, 0xDC, 0xCE, 0xF2, 0x08, 0x3E, 0x56, 0x9C, 0x0B, 0x3D, 0x27, 0x96, 0x62, 0x41, 0xCB,
    0x08, 0x3B, 0xAE, 0x80, 0x6D, 0xF5, 0xBB, 0x2D, 0x19, 0x7B, 0x73, 0xEF, 0xF6, 0x15, 0x13, 0x5F,
    0x03, 0x35, 0xDC, 0x8D, 0x30, 0xB9, 0x28, 0x6D, 0x1B, 0xFD, 0xC1, 0x71, 0x35, 0x33, 0x5D, 0xAC,
    0x62, 0x06, 0xDE, 0x79, 0xDE, 0x11, 0x51, 0x00, 0x65, 0x07, 0xF9, 0x6F, 0xAD, 0xD2, 0x84, 0x0F,
    0xA5, 0xBF, 0x0F, 0x1F, 0xEF, 0xC3, 0x7D, 0x4D, 0xAD, 0x7A, 0x6B, 0x23, 0x33, 0xC2, 0x87, 0x33,
    0xEE, 0x23, 0x69, 0x0D, 0xAC, 0x8D, 0xDE, 0xA3, 0xF7, 0x95, 0x6C, 0x37, 0xDD, 0x47, 0xC6, 0xA1,
    0xB5, 0x82, 0x85, 0x43, 0xA9, 0xE0, 0xB2, 0x9F, 0x61, 0x37, 0x5A, 0x01, 0xFC, 0x21, 0xF0, 0xE7,
    0xC5, 0x5C, 0x87, 0xB9, 0xEE, 0xFE, 0x55, 0x03, 0xAB, 0x7B, 0x1E, 0xDD, 0xD4, 0x78, 0xC1, 0x0F,
    0xCB, 0x3D, 0xC0, 0x1F, 0x50, 0x41, 0xFD, 0xE1, 0x47, 0xC0, 0x5F, 0xD0, 0xF8, 0xF9, 0xB4, 0xB1,
    0xDE, 0x4E, 0x1B, 0xE9, 0xF1, 0xEE, 0x1E, 0x85, 0x05, 0xD0, 0xA9, 0x7F, 0xBA, 0x67, 0x2C, 0x19,
    0xBE, 0xF5, 0xA3, 0x00, 0x93, 0x75, 0xEA, 0x60, 0x7A, 0xE5, 0x4E, 0x5B, 0x06, 0x96, 0x5C, 0xA6,
    0x6D, 0x07, 0x72, 0xEC, 0xA0, 0xBF, 0x95, 0x51, 0x1B, 0x84, 0xB1, 0x48, 0x9A, 0xD7, 0x82, 0x4D,
    0x9D, 0x0C, 0x04, 0x6D, 0x09, 0x1B, 0x57, 0xCC, 0x03, 0x3A, 0xFE, 0x5E, 0x48, 0x6F, 0x46, 0x2B,
    0x06, 0xDF, 0x72, 0x50, 0x04, 0xF9, 0xA5, 0xA0, 0xDA, 0x86, 0x15, 0x93, 0xC9, 0xB6, 0xC8, 0xF4,
    0xAA, 0xDC, 0x62, 0x65, 0x76, 0xB7, 0x49, 0x25, 0x2C, 0x6C, 0xD5, 0x73, 0x7E, 0xE0, 0xE6, 0xB1,
    0x8A, 0x39, 0x3C, 0x85, 0xCB, 0x8C, 0x9C, 0xFE, 0x6A, 0x7A, 0x6E, 0x63, 0x85, 0x2A, 0xCA, 0xD0,
    0x8E, 0x41, 0xD4, 0x93, 0x08, 0xE7, 0x8F, 0x2D, 0xEE, 0xFA, 0x3A, 0xEE, 0xF5, 0xE5, 0xE3, 0x3E,
    0x5C, 0xC7, 0x7D, 0x38, 0xC7, 0x5D, 0x1C, 0xE3, 0x66, 0x33, 0x77, 0xD8, 0x97, 0xCE, 0x48, 0xD0,
    0x2E, 0x42, 0x84, 0x99, 0xAB, 0x95, 0xE6, 0x45, 0xD1, 0x4F, 0x17, 0xD1, 0x77, 0xB1, 0xB4, 0xE8,
    0xC3, 0xD8, 0x6E, 0xD1, 0x33, 0x70, 0x76, 0x38, 0x4B, 0x04, 0x5F, 0x44, 0x0F, 0x38, 0x51, 0x6F,
    0x49, 0xC9, 0x52, 0xC5, 0x14, 0x75, 0x1C, 0x42, 0x69, 0xDF, 0x76, 0x66, 0xB8, 0xC3, 0x67, 0x15,
    0x7E, 0x9A, 0xE0, 0x9F, 0x44, 0x4B, 0x51, 0x46, 0x93, 0x6F, 0x7E, 0xEB, 0x67, 0xA5, 0xD7, 0x12,
    0x5B, 0xA2, 0x53, 0x8C, 0xC2, 0xE0, 0xE1, 0xD3, 0x37, 0xEE, 0x4D, 0x88, 0x91, 0x18, 0xB6, 0x45,
    0x20, 0x3A, 0x42, 0x0C, 0x07, 0xA2, 0xB9, 0xDA, 0x70, 0x13, 0x88, 0xFB, 0x06, 0x05, 0x81, 0x53,
    0x02, 0xE1, 0x97, 0x7D, 0xED, 0x78, 0xB9, 0xBD, 0x6B, 0x65, 0xEE, 0x64, 0xA2, 0x8C, 0xAF, 0x3D,
    0xEC, 0x1A, 0x8F, 0x5B, 0x13, 0xFE, 0x94, 0x2B, 0xCA, 0x86, 0xFF, 0x94, 0xCD, 0xF8, 0xE3, 0x19,
    0x12, 0xF1, 0x03, 0xAE, 0x81, 0x7A, 0x01, 0xCA, 0x67, 0xD3, 0xBE, 0x06, 0x15, 0x9C, 0x93, 0x74,
    0x37, 0x52, 0x81, 0xC3, 0xB6, 0xD5, 0x67, 0x3D, 0x1E, 0x5C, 0x4B, 0x38, 0x6F, 0xA6, 0x57, 0x50,
    0x24, 0xBA, 0xED, 0x64, 0xCB, 0xBF, 0x68, 0xD7, 0xC8, 0xFA, 0x25, 0xE3, 0xB6, 0x4A, 0xC9, 0xE0,
    0x55, 0xBC, 0xE0, 0x80, 0xAB, 0x22, 0x07, 0xC6, 0x68, 0xEF, 0x59, 0x7A, 0x94, 0x43, 0x4E, 0xC2,
    0x31, 0xC5, 0xFB, 0xB9, 0xDD, 0xC2, 0x8B, 0x22, 0xF1, 0xA2, 0x4C, 0xBC, 0xF0, 0xA7, 0xB3, 0x45,
    0xE5, 0xC4, 0x8B, 0x2A, 0xF2, 0xE2, 0x98, 0x77, 0x4E, 0x89, 0x16, 0xA7, 0xFA, 0xF2, 0x96, 0x32,
    0xA7, 0xA4, 0xF0, 0x6D, 0x79, 0xC2, 0x10, 0xFC, 0x37, 0xFC, 0xE9, 0xD0, 0x25, 0x48, 0x53, 0x28,
    0x50, 0x12, 0x7E, 0xCE, 0x15, 0xD3, 0xD5, 0xC2, 0xBA, 0x8E, 0xB6, 0x65, 0x2F, 0x09, 0x3F, 0x2B,
    0x6A, 0x75, 0x78, 0x63, 0x67, 0x60, 0x8A, 0x4A, 0x3E, 0x8F, 0x1A, 0xAF, 0x1F, 0x81, 0x7F, 0xC9,
    0x7A, 0x20, 0x3A, 0x45, 0xCB, 0xEC, 0xD7, 0xEB, 0xE5, 0x4C, 0xF9, 0x3E, 0x5F, 0x18, 0x1F, 0x29,
    0xFA, 0xDF, 0x13, 0xEF, 0x9F, 0xF0, 0x88, 0xA6, 0x02, 0x50, 0x37, 0xF5, 0x01, 0xAD, 0x86, 0xFB,
    0x3D, 0x1B, 0x5D, 0x13, 0x87, 0x6A, 0x7F, 0x74, 0x59, 0xE0, 0x8F, 0x50, 0xE8, 0xE1, 0x8A, 0xA3,
    0x62, 0x89, 0x7C, 0x5F, 0x59, 0x79, 0x0C, 0x37, 0x24, 0xB8, 0xF1, 0xE5, 0x6A, 0x39, 0x7E, 0x04,
    0x3F, 0xB6, 0x0D, 0x07, 0xE4, 0xB3, 0xB1, 0x94, 0x5F, 0x8F, 0x78, 0x8B, 0x56, 0x8A, 0x99, 0xAC,
    0x84, 0x0C, 0x1D, 0xF9, 0xB6, 0x6F, 0x78, 0x5D, 0x93, 0xB5, 0x28, 0x8E, 0xDD, 0x56, 0x0E, 0xCD,
    0x6B, 0x79, 0xDA, 0x68, 0xAD, 0xE3, 0x8F, 0x80, 0x7B, 0x16, 0x15, 0xBF, 0x3A, 0x81, 0xBF, 0xE6,
    0xDB, 0x26, 0xEB, 0xF6, 0x7B, 0x00, 0x97, 0xE9, 0x64, 0xAA, 0x7A, 0x1A, 0x6E, 0x95, 0x9E, 0x27,
    0x73, 0x08, 0x3F, 0x9B, 0xBE, 0x13, 0xE3, 0xE0, 0xC5, 0xCB, 0xF4, 0xDB, 0x4B, 0xC5, 0x2B, 0x11,
    0xE8, 0xFF, 0x3F, 0x81, 0xE3, 0xE9, 0x18, 0x00, 0x2D, 0x81, 0xEE, 0x78, 0x3D, 0x91, 0x55, 0xBC,
    0x16, 0x98, 0x7D, 0x0B, 0x81, 0x9C, 0x70, 0xB3, 0xE5, 0xEA, 0x2F, 0x8E, 0xDB, 0x74, 0xDE, 0x5C,
    0xCC, 0xE7, 0x8B, 0xB1, 0x38, 0x7E, 0x17, 0x9E, 0x58, 0xFA, 0xA5, 0x88, 0x78, 0xAE, 0x48, 0x43,
    0x49, 0xBD, 0x34, 0x35, 0xA3, 0x13, 0x84, 0x94, 0x0B, 0xB6, 0xFF, 0x57, 0x46, 0x20, 0x5C, 0x17,
    0xF2, 0x83, 0x8D, 0x72, 0xFD, 0x88, 0x10, 0x27, 0xA9, 0xD6, 0x8F, 0xF2, 0x69, 0xD2, 0x40, 0xC4,
    0x3F, 0x65, 0x47, 0x93, 0xEA, 0xD7, 0x89, 0xD9, 0x0E, 0x9F, 0x24, 0x26, 0xBA, 0xFD, 0xA7, 0x95,
    0x87, 0xF7, 0xBC, 0xE3, 0xFC, 0xA1, 0x86, 0xE3, 0xF9, 0x63, 0xCA, 0x8F, 0x4B, 0x8C, 0x9C, 0x91,
    0xB7, 0x63, 0x2E, 0x96, 0x2C, 0x17, 0xC9, 0x2A, 0x91, 0x9D, 0x80, 0x39, 0x63, 0x46, 0xEF, 0xBD,
    0x7B, 0xFA, 0xA3, 0x6E, 0xE8, 0xC3, 0xC0, 0x93, 0xF9, 0x76, 0xD0, 0xAB, 0x5E, 0xFA, 0xCE, 0x28,
    0x08, 0x9F, 0xC8, 0xC7, 0xCA, 0x4F, 0x9F, 0x7D, 0xBA, 0x20, 0xFC, 0xC7, 0x6F, 0x3F, 0x4D, 0x08,
    0x9F, 0xFD, 0xE7, 0x67, 0x13, 0xF9, 0x39, 0xD3, 0xF7, 0x8E, 0x8C, 0x4A, 0x9E, 0x0F, 0x86, 0xB5,
    0x54, 0x67, 0x75, 0x2A, 0x05, 0x3B, 0xA7, 0xD2, 0x3C, 0x66, 0x44, 0xDD, 0x2B, 0x18, 0x62, 0xF1,
    0x8C, 0xFB, 0xAA, 0x61, 0xC5, 0xB9, 0xB4, 0x11, 0x7E, 0xE1, 0x4A, 0x78, 0xAE, 0x27, 0x8D, 0xDD,
    0xA7, 0x4C, 0x7A, 0x3B, 0x0D, 0x29, 0x56, 0xDB, 0xDC, 0x06, 0x2E, 0x9F, 0x3A, 0xF6, 0x3F, 0xE9,
    0x09, 0xDE, 0x42, 0xCB, 0x61, 0x7A, 0xF9, 0x37, 0x26, 0xE7, 0x58, 0x05, 0xAD, 0x38, 0x3B, 0x4D,
    0x88, 0x0B, 0xF4, 0xE5, 0xBD, 0x1D, 0xD8, 0xB9, 0x05, 0xED, 0xA0, 0x90, 0xDE, 0xAD, 0xD6, 0x95,
    0x9D, 0xA8, 0xCB, 0x22, 0x21, 0x13, 0xBE, 0x27, 0xA5, 0x8A, 0x0A, 0xDA, 0x17, 0xDA, 0x17, 0x1A,
    0xEC, 0xCE, 0x61, 0xCC, 0x57, 0x61, 0xB0, 0x45, 0xC6, 0x16, 0xAD, 0xD0, 0xE1, 0xE9, 0x00, 0x08,
    0x65, 0xFF, 0x78, 0x9B, 0x3A, 0x2A, 0xC2, 0x0F, 0xCB, 0x9D, 0xE7, 0x60, 0x2B, 0xF9, 0x44, 0x7A,
    0x63, 0x18, 0x49, 0xC1, 0x75, 0x09, 0x42, 0x17, 0xAD, 0xB1, 0x33, 0x2A, 0x16, 0x6C, 0x6A, 0x37,
    0x45, 0xCE, 0x2C, 0xFB, 0xD5, 0xBE, 0x4E, 0xE4, 0xC5, 0x41, 0x9C, 0x97, 0x17, 0x7D, 0xCD, 0x4D,
    0x93, 0xB1, 0x47, 0x6B, 0xEC, 0x8C, 0x2F, 0x3E, 0x55, 0xE5, 0x2E, 0xAB, 0xC9, 0x15, 0x70, 0x44,
    0xF6, 0xF0, 0xBD, 0x65, 0x9B, 0x09, 0x32, 0x19, 0xB6, 0x41, 0x59, 0x2F, 0xD4, 0x6E, 0xBB, 0x81,
    0x7E, 0xF3, 0x16, 0xD6, 0x87, 0xEF, 0x1E, 0x47, 0x7A, 0x4B, 0x74, 0x84, 0x96, 0x44, 0xE4, 0x0B,
    0xE9, 0x56, 0x12, 0xE9, 0xBB, 0x92, 0x84, 0xAA, 0xF9, 0xFA, 0xFF, 0xED, 0xE0, 0xD6, 0x93, 0xD0,
    0xFE, 0xD8, 0x92, 0xFC, 0x64, 0xDC, 0x8F, 0x73, 0x90, 0x27, 0xB0, 0xBC, 0xFB, 0xBA, 0x93, 0x70,
    0x75, 0x7E, 0x1A, 0xD9, 0xD0, 0xCE, 0x4F, 0x6F, 0x3F, 0x09, 0xFF, 0x07, 0x35, 0x8F, 0xB1, 0x6D,
    0xC3, 0x30, 0x14, 0x44, 0x9F, 0x44, 0x20, 0x8A, 0x91, 0x82, 0x23, 0x30, 0x13, 0xC4, 0x23, 0x50,
    0xA3, 0x64, 0x83, 0x8C, 0x40, 0x6D, 0x94, 0x11, 0xCC, 0x11, 0x3C, 0x82, 0xFA, 0x34, 0x2C, 0x5C,
    0xB8, 0x20, 0x75, 0xF1, 0x01, 0xF6, 0xE1, 0xE3, 0x01, 0x04, 0xF8, 0xEF, 0xDF, 0x31, 0xEB, 0x06,
    0x59, 0x02, 0x49, 0x35, 0xE8, 0x4F, 0x7B, 0x18, 0xE4, 0x7D, 0xE9, 0xBC, 0xB3, 0x0C, 0x20, 0xE8,
    0x6A, 0x68, 0x05, 0xF9, 0x73, 0xD2, 0x01, 0x5C, 0xFC, 0x5E, 0x54, 0x01, 0xD5, 0x54, 0x1F, 0x28,
    0x6D, 0xD2, 0x9A, 0xF5, 0x2B, 0x92, 0xD4, 0xBD, 0xD1, 0xA0, 0x1C, 0x3C, 0x35, 0xEF, 0xC0, 0x72,
    0xB3, 0xE1, 0xFD, 0x85, 0x9F, 0x06, 0x94, 0x8D, 0xA7, 0xF2, 0xF0, 0x56, 0x8D, 0x52, 0x8B, 0xB7,
    0xD4, 0x52, 0x9B, 0x89, 0x03, 0xA2, 0xEE, 0xCC, 0xBE, 0x7F, 0x76, 0x92, 0xD2, 0x12, 0xA9, 0xE9,
    0x5A, 0xF6, 0x2C, 0xD5, 0x24, 0x31, 0x39, 0x95, 0xF5, 0x05, 0x94, 0x15, 0x72, 0x85, 0xBC, 0xF1,
    0x26, 0x7C, 0xC6, 0x72, 0x43, 0xB5, 0x62, 0x5C, 0x24, 0xED, 0x72, 0x59, 0x62, 0x07, 0xE2, 0xDD,
    0xB0, 0x43, 0x6A, 0xC0, 0xD9, 0xC8, 0x46, 0xDE, 0x8D, 0x2B, 0x50, 0xAA, 0x0B, 0x1B, 0x32, 0xB4,
    0x19, 0x2B, 0x4C, 0x02, 0x66, 0x23, 0x88, 0x97, 0x3E, 0x81, 0xD9, 0xC6, 0x0C, 0xE3, 0xC0, 0xCF,
    0x97, 0xE7, 0x09, 0x2B, 0x57, 0x4A, 0xB5, 0xA1, 0xB6, 0xA4, 0xE3, 0xAC, 0x91, 0xD5, 0x83, 0x08,
    0x07, 0x61, 0x10, 0x3A, 0x4B, 0xE7, 0xA3, 0x3B, 0x98, 0xE7, 0xD8, 0xA2, 0xEA, 0x63, 0x66, 0x9F,
    0x85, 0x6F, 0x57, 0x9A, 0xBA, 0x67, 0xE9, 0x36, 0x3D, 0xC1, 0x3F, 0x25, 0x8D, 0x01, 0x66, 0x84,
    0x31, 0x10, 0x85, 0xDF, 0xBF, 0xD1, 0x16, 0xC1, 0x80, 0xA2, 0x60, 0x7B, 0x82, 0xE6, 0x04, 0xEB,
    0x8D, 0xF6, 0x02, 0x41, 0x17, 0x80, 0x9E, 0xA4, 0xBB, 0x37, 0x4B, 0x28, 0x0A, 0x90, 0x23, 0xEC,
    0x0D, 0x1A, 0x04, 0x3F, 0x86, 0xE9, 0xB0, 0xE6, 0x19, 0x33, 0xCF, 0xC7, 0xF7, 0x06, 0x82, 0x5D,
    0xC6, 0x56, 0x61, 0xC9, 0x64, 0xB1, 0x9F, 0x01, 0x62, 0xF3, 0x9E, 0x7D, 0xF2, 0xC7, 0x9E, 0xF1,
    0x09, 0x20, 0xAF, 0x13, 0xDD, 0xBE, 0x2F, 0x33, 0x9E, 0x8B, 0x8F, 0xE6, 0x3D, 0xC2, 0x3C, 0xE8,
    0x5D, 0x1C, 0x81, 0x14, 0x65, 0x8F, 0x51, 0xA0, 0xBC, 0x4F, 0xFE, 0x5A, 0x84, 0x1F, 0x0B, 0x00,
    0x14, 0xD9, 0x50, 0x1C, 0x2C, 0x7A, 0x12, 0x8D, 0x1D, 0x77, 0x34, 0xD1, 0xC3, 0xE4, 0x9A, 0x2C,
    0xE4, 0xCB, 0x11, 0x26, 0x9C, 0x1F, 0x2A, 0xDA, 0xD3, 0xCE, 0xBF, 0x21, 0x8E, 0x74, 0x47, 0xBE,
    0xC4, 0x38, 0x08, 0xEA, 0x51, 0x51, 0xD3, 0x7E, 0xB0, 0xCD, 0x82, 0xB8, 0xBD, 0x00, 0xD8, 0x7A,
    0xBA, 0xCA, 0x82, 0xBD, 0x1A, 0xF7, 0x47, 0x3D, 0xD4, 0x72, 0x6B, 0x70, 0x6D, 0xF3, 0x38, 0xFF,
    0x01, 0x55, 0xCE, 0xB1, 0x15, 0xC3, 0x20, 0x10, 0x03, 0x50, 0xE1, 0x2B, 0x5C, 0x52, 0xA5, 0xCE,
    0x08, 0x19, 0x81, 0x6C, 0x46, 0x36, 0x83, 0x11, 0x3C, 0x82, 0x47, 0xA0, 0x70, 0x41, 0x01, 0x28,
    0xA7, 0xCA, 0x09, 0xC5, 0x2F, 0xEE, 0x09, 0x3D, 0x01, 0x7A, 0xFB, 0xE1, 0xC4, 0xE6, 0xD8, 0x70,
    0xB0, 0xF0, 0xF3, 0x72, 0x43, 0x9C, 0xA9, 0x21, 0xF5, 0xD7, 0x85, 0xD2, 0xE2, 0x08, 0xAC, 0x71,
    0x18, 0xB1, 0xAF, 0x38, 0x61, 0x4C, 0x17, 0x36, 0x96, 0x13, 0x20, 0xAB, 0xD0, 0x97, 0xE1, 0xA4,
    0x4B, 0x34, 0x71, 0x8A, 0xC3, 0xC9, 0xD5, 0x29, 0x82, 0x82, 0x1F, 0xF1, 0x76, 0x36, 0x45, 0xEC,
    0x5E, 0x30, 0xC5, 0x43, 0xE8, 0x34, 0x91, 0x0F, 0x87, 0xD5, 0x56, 0x20, 0x6C, 0x19, 0xB1, 0x71,
    0x1F, 0x08, 0x8C, 0x1D, 0xE0, 0xB3, 0x39, 0xEA, 0xA7, 0xFA, 0xA9, 0xC2, 0x72, 0xCF, 0xE8, 0x7F,
    0x33, 0x94, 0x08, 0x4A, 0x64, 0x25, 0x8A, 0x12, 0xD4, 0xFD, 0x0B, 0x7D, 0x51, 0xB1, 0x6E, 0xD5,
    0x30, 0x14, 0x3D, 0x79, 0xE1, 0x29, 0x52, 0x23, 0x70, 0x07, 0x46, 0xAA, 0xEC, 0x5D, 0xBC, 0x20,
    0xC6, 0x3A, 0x88, 0x8D, 0xA9, 0x03, 0x4F, 0x7C, 0x06, 0x0C, 0x1D, 0xA9, 0xE2, 0x0F, 0x41, 0xE2,
    0xB1, 0xA1, 0x7E, 0x01, 0x0B, 0xC4, 0xA2, 0x3F, 0x90, 0x4F, 0xC8, 0x82, 0x58, 0x8D, 0x48, 0x45,
    0xA8, 0x9C, 0x1C, 0xAE, 0xE3, 0xBE, 0x47, 0x25, 0xA0, 0xF7, 0xE6, 0x9E, 0x38, 0xBE, 0xF7, 0x9C,
    0xD8, 0x3A, 0xDB, 0x7F, 0x05, 0xF0, 0xF8, 0xD1, 0xD1, 0x59, 0xD1, 0x15, 0x5D, 0x35, 0x3C, 0x79,
    0xBB, 0xB2, 0x77, 0x25, 0x90, 0x39, 0xBC, 0x6E, 0xC3, 0xF6, 0x6C, 0xDB, 0xBD, 0xAF, 0xB7, 0xF8,
    0x7F, 0x9E, 0x02, 0xC8, 0xEB, 0xFB, 0x30, 0xF3, 0xD1, 0x83, 0xE2, 0x20, 0x7B, 0x8E, 0x83, 0x3B,
    0x72, 0x6D, 0x68, 0xE5, 0xE1, 0xC4, 0x69, 0xF3, 0x42, 0x93, 0xDE, 0x90, 0xBD, 0x54, 0x77, 0x7C,
    0x71, 0x61, 0x35, 0x25, 0x66, 0x13, 0x71, 0x5A, 0x30, 0x1C, 0x5F, 0x48, 0x7C, 0xC8, 0x86, 0xDC,
    0x97, 0x4E, 0x59, 0xE3, 0x1A, 0xDF, 0xFA, 0xC6, 0x1B, 0x07, 0x94, 0x7D, 0x35, 0x9A, 0xA0, 0x47,
    0xE5, 0x8B, 0x4E, 0x39, 0x8D, 0x13, 0xC4, 0x50, 0x5E, 0x8F, 0x66, 0xD4, 0x83, 0x4A, 0xF3, 0x38,
    0x47, 0x36, 0x28, 0x9B, 0x7B, 0x83, 0xD2, 0x9D, 0x43, 0xD9, 0x00, 0xF3, 0x25, 0xA0, 0xF9, 0x41,
    0xB4, 0x3F, 0x19, 0xDF, 0xF2, 0x3D, 0x01, 0x38, 0x14, 0xBD, 0x06, 0xD5, 0x48, 0x67, 0x66, 0x3A,
    0xFD, 0x8B, 0x4E, 0xF9, 0x16, 0x45, 0x77, 0x02, 0xE5, 0x02, 0x74, 0x36, 0xE0, 0x24, 0xEF, 0xB1,
    0x0B, 0xE5, 0x89, 0x38, 0x63, 0xAE, 0x65, 0xF6, 0x8A, 0x36, 0xCE, 0xEE, 0xF5, 0x57, 0x1E, 0xE7,
    0x71, 0x36, 0x0F, 0xA9, 0x8A, 0x11, 0x50, 0x43, 0x24, 0xA1, 0x25, 0xA7, 0x78, 0xAB, 0x58, 0x9B,
    0xE6, 0xEB, 0x29, 0x8C, 0xC3, 0x52, 0x8D, 0x54, 0x6B, 0x01, 0xD6, 0x52, 0x58, 0x2A, 0x93, 0x5A,
    0xCD, 0x40, 0x3E, 0x25, 0x99, 0x34, 0x98, 0xA0, 0x89, 0xD0, 0xD6, 0x69, 0xB0, 0x20, 0xD9, 0x29,
    0x01, 0xB7, 0xC0, 0xFA, 0xE5, 0xBC, 0x49, 0x8C, 0x04, 0x85, 0x80, 0x21, 0xB9, 0x87, 0x79, 0x39,
    0xCA, 0x0D, 0xE8, 0x1E, 0x80, 0xE9, 0x92, 0x70, 0xFC, 0x9F, 0xA2, 0x33, 0xD1, 0x10, 0xDF, 0x2C,
    0x8F, 0x2C, 0x74, 0x54, 0xB7, 0xD9, 0x47, 0xAC, 0xF1, 0x50, 0xD2, 0x38, 0x3E, 0x25, 0xD8, 0xF3,
    0x92, 0x35, 0xBF, 0x0B, 0xDA, 0xB6, 0x13, 0x84, 0xB6, 0x0D, 0x26, 0x64, 0xB4, 0xE9, 0x06, 0x50,
    0xF4, 0x37, 0xE7, 0xD6, 0x0C, 0xE9, 0x67, 0x30, 0xDF, 0xA6, 0x74, 0x01, 0x34, 0x98, 0x97, 0xCB,
    0x02, 0x2D, 0xB8, 0x9A, 0x90, 0x56, 0x73, 0x31, 0x02, 0x40, 0xF4, 0xA4, 0xEA, 0xD3, 0x8A, 0xC1,
    0xB8, 0x1A, 0x38, 0x8C, 0x7A, 0x54, 0x33, 0x4A, 0x62, 0xC5, 0xCB, 0xD0, 0xC4, 0x63, 0x76, 0xB8,
    0xA7, 0x3C, 0xD9, 0x93, 0x3E, 0x72, 0x66, 0xF9, 0x28, 0x47, 0xA0, 0x7D, 0x16, 0xF2, 0xAB, 0x90,
    0x07, 0xAC, 0xA6, 0x7C, 0xCC, 0xAF, 0xC3, 0x2A, 0xA0, 0x18, 0xF3, 0x9B, 0xBD, 0xCA, 0x67, 0x7C,
    0xE5, 0xF9, 0x6E, 0x80, 0x71, 0x20, 0xBB, 0x96, 0x1E, 0x04, 0x0C, 0xAD, 0xA6, 0x93, 0x3E, 0xCA,
    0x09, 0xC5, 0x0C, 0xAC, 0xC5, 0x1C, 0x0F, 0xD9, 0x22, 0xD4, 0x04, 0x3D, 0xA0, 0xED, 0xD1, 0xBA,
    0xB8, 0x57, 0x79, 0x28, 0x51, 0x9C, 0x20, 0x2D, 0x6C, 0x00, 0xDA, 0xA5, 0xD1, 0x43, 0x4B, 0x63,
    0x44, 0x19, 0xA4, 0x7D, 0x9B, 0x6B, 0x06, 0x00, 0x10, 0xDA, 0xDE, 0x43, 0x10, 0x48, 0xC6, 0x02,
    0x6A, 0xC0, 0xCE, 0x06, 0xB4, 0x16, 0xC9, 0xF7, 0x9D, 0xE3, 0xEA, 0x36, 0xA7, 0xDE, 0x73, 0xCA,
    0xF1, 0x8F, 0x60, 0x93, 0x9A, 0x7F, 0x71, 0xBA, 0x88, 0x6F, 0x40, 0xC9, 0x4F, 0xD8, 0xC5, 0x67,
    0x34, 0x30, 0x92, 0x55, 0xAD, 0x6C, 0xE9, 0xB2, 0xFA, 0x37, 0x8D, 0x8D, 0xB1, 0x51, 0x86, 0x40,
    0x18, 0x44, 0x9F, 0xC7, 0x8C, 0x06, 0x04, 0x17, 0x11, 0x53, 0x02, 0x25, 0x78, 0x45, 0x48, 0x64,
    0x11, 0x96, 0x60, 0x2B, 0xC6, 0xD6, 0xC0, 0xCC, 0x51, 0x02, 0x25, 0x58, 0x02, 0x01, 0x01, 0xC1,
    0xC9, 0xFA, 0xAD, 0x8E, 0x7F, 0xFC, 0x27, 0x8F, 0xE1, 0xED, 0xED, 0x7E, 0xC3, 0x5C, 0x78, 0xA9,
    0xFA, 0xA6, 0x55, 0xA9, 0xB4, 0x85, 0x71, 0x0D, 0x74, 0xFF, 0xC8, 0x77, 0x00, 0x8C, 0x74, 0x2E,
    0x79, 0x7E, 0xDB, 0x97, 0x2C, 0x6D, 0x81, 0x0B, 0xE8, 0x55, 0x80, 0xAA, 0x1D, 0x3A, 0xA9, 0x41,
    0x96, 0xFD, 0x74, 0x24, 0xC1, 0xF3, 0xC6, 0x07, 0x68, 0x05, 0xEB, 0x33, 0x84, 0xFE, 0x1E, 0x42,
    0xF0, 0x02, 0x1B, 0x7F, 0xAA, 0xDA, 0xCD, 0x24, 0x91, 0x70, 0x2B, 0x1F, 0x20, 0x17, 0x5C, 0x5B,
    0xF1, 0x04, 0xF0, 0xA0, 0xD0, 0x4F, 0x0A, 0xD3, 0x1B, 0x21, 0x0B, 0x8F, 0x9F, 0xCE, 0x7D, 0x6E,
    0x0C, 0xC7, 0x64, 0x40, 0xB5, 0x8B, 0x60, 0x78, 0x55, 0xE1, 0x5D, 0x97, 0x77, 0x4E, 0x18, 0xE5,
    0xAD, 0xDF, 0x7B, 0xF2, 0x9E, 0x7F, 0xA9, 0x5F, 0xEE, 0x1F, 0x38, 0xC1, 0xFB, 0xF0, 0x03, 0x6D,
    0x91, 0x21, 0x8C, 0xD5, 0x4C, 0x14, 0x85, 0x4F, 0x5F, 0xB3, 0x5B, 0x51, 0x31, 0xEE, 0x17, 0xFB,
    0x8B, 0x7A, 0x4C, 0xBD, 0x61, 0x9A, 0x20, 0xF0, 0x02, 0x6F, 0xF0, 0x18, 0xE4, 0x26, 0x1D, 0x87,
    0xC5, 0x7B, 0x55, 0x04, 0x16, 0x37, 0x83, 0xC6, 0xD4, 0xE0, 0xBB, 0x64, 0x3D, 0x23, 0x0A, 0x79,
    0x21, 0x33, 0x73, 0x78, 0x27, 0xCD, 0xEB, 0x5B, 0x36, 0x2F, 0xB9, 0xFD, 0xD2, 0xDC, 0xF6, 0x9C,
    0x3B, 0x67, 0x2E, 0xAC, 0x03, 0x6C, 0x06, 0x46, 0x06, 0xFC, 0xC7, 0x08, 0x74, 0x09, 0xA8, 0x13,
    0xC6, 0x5F, 0xA5, 0x66, 0x2E, 0x86, 0x64, 0x5F, 0x7C, 0xB1, 0x8B, 0xC9, 0x3E, 0xB4, 0x99, 0xAE,
    0x49, 0x1C, 0xDA, 0x44, 0x67, 0x56, 0x86, 0x3E, 0x8E, 0xBF, 0x39, 0x5B, 0xD2, 0x19, 0x66, 0x54,
    0x5C, 0x80, 0x8E, 0x64, 0x40, 0x4F, 0xD1, 0x6E, 0xFC, 0xFE, 0xC6, 0x3B, 0xCD, 0x19, 0x07, 0x95,
    0x87, 0x8A, 0x4F, 0xAA, 0xA8, 0xAA, 0x84, 0x2A, 0x6B, 0xF0, 0x21, 0x89, 0xAA, 0x23, 0xC4, 0x55,
    0x2F, 0x6D, 0x44, 0x13, 0x61, 0x22, 0x5A, 0x11, 0xAA, 0x45, 0xEC, 0x66, 0x98, 0x19, 0x7D, 0x40,
    0x17, 0x60, 0x9F, 0xD6, 0xBF, 0x03, 0xAF, 0x9D, 0xEA, 0xCF, 0x34, 0x0D, 0xE8, 0x22, 0x00, 0x98,
    0x24, 0xD6, 0x59, 0x3C, 0x50, 0x04, 0x9D, 0x38, 0x06, 0xD1, 0x6E, 0x3F, 0xAD, 0x10, 0xD3, 0xA5,
    0xC3, 0x20, 0x15, 0xA1, 0x76, 0x16, 0xED, 0x2A, 0x72, 0x56, 0x9B, 0xC3, 0xDE, 0xEE, 0xCB, 0x34,
    0x39, 0xD8, 0x7D, 0xF8, 0x80, 0x91, 0x24, 0xD0, 0xEB, 0x5D, 0x0D, 0x08, 0x78, 0x31, 0x4D, 0x13,
    0x20, 0xD5, 0xF1, 0xFA, 0x8C, 0x24, 0xF6, 0x51, 0x1C, 0x35, 0xA3, 0xE2, 0xA0, 0x8F, 0xE5, 0xEA,
    0xB9, 0xB6, 0x1C, 0x6D, 0x12, 0xBB, 0x75, 0xD7, 0x80, 0x4E, 0x1A, 0x3E, 0xD7, 0xF4, 0x6E, 0x5C,
    0x18, 0x7D, 0xB4, 0xE1, 0x06, 0x50, 0x77, 0xBE, 0xE4, 0xE7, 0x20, 0x12, 0xDB, 0x30, 0x31, 0x89,
    0xED, 0x51, 0x34, 0x9B, 0x3C, 0x5E, 0x15, 0x55, 0x04, 0x6C, 0x96, 0xC8, 0x52, 0xA2, 0x91, 0x12,
    0x79, 0x4A, 0x04, 0xBE, 0x13, 0xBD, 0x0F, 0x52, 0x72, 0xE3, 0x20, 0x12, 0x62, 0x16, 0xBB, 0xB4,
    0x5F, 0xC8, 0x81, 0x83, 0x5D, 0x0C, 0x7F, 0x30, 0x59, 0x92, 0xD9, 0xBF, 0xE2, 0x03, 0x09, 0x82,
    0xFE, 0x35, 0xBF, 0x96, 0x91, 0xD4, 0x87, 0x6F, 0x5C, 0x9B, 0x5C, 0xD1, 0x69, 0x9B, 0x12, 0xF2,
    0xEC, 0xE7, 0x5F, 0x9E, 0x23, 0x14, 0x79, 0x65, 0x28, 0xC5, 0x0E, 0xF9, 0x37, 0xAB, 0x32, 0x45,
    0xA9, 0x76, 0x74, 0x8B, 0xB2, 0xCD, 0x32, 0x09, 0x3B, 0x9C, 0x32, 0x0E, 0xD8, 0xEC, 0xEE, 0x65,
    0xC7, 0x24, 0xAC, 0xE7, 0x3F, 0x40, 0xBC, 0xAF, 0xF9, 0x90, 0x0D, 0x99, 0xBA, 0x9F, 0x5C, 0x3B,
    0xC7, 0xA5, 0xC2, 0x0D, 0x9A, 0x63, 0x1D, 0x7A, 0x7E, 0x88, 0x96, 0x8C, 0xDE, 0x33, 0xDC, 0x37,
    0xCA, 0xFB, 0xF6, 0xBC, 0x9B, 0x8A, 0xC3, 0xED, 0xF4, 0x89, 0xCE, 0x90, 0x0C, 0x17, 0x6C, 0xCB,
    0x6A, 0x32, 0x70, 0xF7, 0xB9, 0x4C, 0x50, 0xF8, 0x0D, 0x23, 0x59, 0xB6, 0x1D, 0xF6, 0x71, 0xBF,
    0x76, 0xA0, 0xFA, 0x02, 0x54, 0x7E, 0x3D, 0x3D, 0x8C, 0xA7, 0x87, 0xB1, 0x26, 0x1F, 0xD1, 0x70,
    0x06, 0x5A, 0x96, 0x01, 0x0D, 0x49, 0x87, 0x56, 0xCE, 0xF8, 0x5F, 0x40, 0xE7, 0xEE, 0xA6, 0xE9,
    0xEC, 0xBC, 0xA3, 0x7A, 0xD4, 0x45, 0x71, 0x01, 0x6A, 0x72, 0xC6, 0x81, 0xE4, 0x47, 0xDC, 0x92,
    0x11, 0x27, 0x2E, 0x27, 0x29, 0xE7, 0x56, 0x56, 0x46, 0x7D, 0x43, 0x27, 0x1F, 0x00, 0xCF, 0xAC,
    0x46, 0xE1, 0x2F,
};

static const EpdGlyph atkinson_hn_14_bolditalicGlyphs[] = {
    { 0, 0, 0, 0, 0, 0, 0 }, // U+0000
    { 0, 0, 121, 0, 0, 0, 0 }, // U+000D
    { 0, 0, 147, 0, 0, 0, 0 }, // U+0020
    { 10, 20, 144, 0, 20, 50, 0 }, // !
    { 11, 7, 183, 2, 20, 20, 50 }, // "
    { 24, 20, 358, 0, 20, 120, 70 }, // #
    { 18, 26, 285, 0, 23, 117, 190 }, // $
    { 27, 20, 478, 2, 20, 135, 307 }, // %
    { 21, 21, 338, 0, 21, 111, 442 }, // &
    { 6, 7, 99, 2, 20, 11, 553 }, // '
    { 12, 26, 157, 1, 21, 78, 564 }, // (
    { 12, 26, 157, -3, 21, 78, 642 }, // )
    { 12, 11, 227, 3, 20, 33, 720 }, // *
    { 17, 15, 277, 0, 15, 64, 753 }, // +
    { 7, 10, 127, -1, 6, 18, 817 }, // ,
    { 11, 4, 174, 0, 9, 11, 835 }, // -
    { 6, 6, 128, 0, 6, 9, 846 }, // .
    { 18, 24, 206, -2, 21, 108, 855 }, // /
    { 18, 20, 307, 1, 20, 90, 963 }, // 0
    { 11, 20, 206, 2, 20, 55, 1053 }, // 1
    { 18, 20, 271, -1, 20, 90, 1108 }, // 2
    { 18, 20, 280, 0, 20, 90, 1198 }, // 3
    { 18, 20, 291, 0, 20, 90, 1288 }, // 4
    { 19, 20, 283, 0, 20, 95, 1378 }, // 5
    { 17, 20, 293, 1, 20, 85, 1473 }, // 6
    { 18, 20, 251, 0, 20, 90, 1558 }, // 7
    { 17, 20, 291, 0, 20, 85, 1648 }, // 8
    { 15, 20, 266, 2, 20, 75, 1733 }, // 9
    { 8, 15, 128, 0, 15, 30, 1808 }, // :
    { 9, 19, 128, -1, 15, 43, 1838 }, // ;
    { 18, 15, 266, 0, 15, 68, 1881 }, // <
    { 18, 9, 285, 0, 12, 41, 1949 }, // =
    { 17, 15, 266, -1, 15, 64, 1990 }, // >
    { 15, 20, 256, 2, 20, 75, 2054 }, // ?
    { 23, 21, 365, 0, 18, 121, 2129 }, // @
    { 21, 20, 317, -2, 20, 105, 2250 }, // A
    { 19, 20, 300, 0, 20, 95, 2355 }, // B
    { 19, 20, 308, 1, 20, 95, 2450 }, // C
    { 20, 20, 322, 0, 20, 100, 2545 }, // D
    { 19, 20, 280, 0, 20, 95, 2645 }, // E
    { 19, 20, 264, 0, 20, 95, 2740 }, // F
    { 20, 20, 336, 1, 20, 100, 2835 }, // G
    { 22, 20, 328, 0, 20, 110, 2935 }, // H
    { 15, 20, 199, -1, 20, 75, 3045 }, // I
    { 19, 20, 263, -1, 20, 95, 3120 }, // J
    { 22, 20, 310, 0, 20, 110, 3215 }, // K
    { 15, 20, 258, 0, 20, 75, 3325 }, // L
    { 26, 20, 401, 0, 20, 130, 3400 }, // M
    { 22, 20, 335, 0, 20, 110, 3530 }, // N
    { 21, 20, 348, 1, 20, 105, 3640 }, // O
    { 20, 20, 294, 0, 20, 100, 3745 }, // P
    { 21, 22, 354, 1, 20, 116, 3845 }, // Q
    { 20, 20, 304, 0, 20, 100, 3961 }, // R
    { 18, 20, 285, 0, 20, 90, 4061 }, // S
    { 18, 20, 284, 2, 20, 90, 4151 }, // T
    { 21, 20, 320, 0, 20, 105, 4241 }, // U
    { 20, 20, 302, 2, 20, 100, 4346 }, // V
    { 26, 20, 414, 3, 20, 130, 4446 }, // W
    { 24, 20, 321, -2, 20, 120, 4576 }, // X
    { 20, 20, 305, 2, 20, 100, 4696 }, // Y
    { 21, 20, 289, -1, 20, 105, 4796 }, // Z
    { 13, 26, 159, -1, 21, 85, 4901 }, // [
    { 8, 24, 204, 3, 21, 48, 4986 }, // <backslash>
    { 14, 26, 159, -2, 21, 91, 5034 }, // ]
    { 15, 11, 272, 1, 20, 42, 5125 }, // ^
    { 14, 4, 187, -3, 0, 14, 5167 }, // _
    { 7, 5, 146, 1, 23, 9, 5181 }, // `
    { 17, 15, 258, -1, 15, 64, 5190 }, // a
    { 17, 21, 279, 0, 21, 90, 5254 }, // b
    { 16, 15, 239, 0, 15, 60, 5344 }, // c
    { 19, 21, 278, 0, 21, 100, 5404 }, // d
    { 17, 15, 263, 0, 15, 64, 5504 }, // e
    { 12, 21, 171, 1, 21, 63, 5568 }, // f
    { 18, 21, 278, 0, 15, 95, 5631 }, // g
    { 17, 21, 267, 0, 21, 90, 5726 }, // h
    { 9, 22, 140, 1, 22, 50, 5816 }, // i
    { 14, 27, 121, -5, 22, 95, 5866 }, // j
    { 18, 21, 260, 0, 21, 95, 5961 }, // k
    { 9, 21, 149, 0, 21, 48, 6056 }, // l
    { 26, 15, 413, 0, 15, 98, 6104 }, // m
    { 17, 15, 267, 0, 15, 64, 6202 }, // n
    { 16, 15, 269, 0, 15, 60, 6266 }, // o
    { 18, 20, 279, -1, 15, 90, 6326 }, // p
    { 18, 20, 280, 0, 15, 90, 6416 }, // q
    { 13, 16, 176, 0, 16, 52, 6506 }, // r
    { 15, 15, 238, 0, 15, 57, 6558 }, // s
    { 11, 19, 176, 1, 19, 53, 6615 }, // t
    { 17, 15, 265, 0, 15, 64, 6668 }, // u
    { 16, 15, 248, 1, 15, 60, 6732 }, // v
    { 22, 15, 346, 1, 15, 83, 6792 }, // w
    { 19, 15, 253, -2, 15, 72, 6875 }, // x
    { 18, 20, 245, -1, 15, 90, 6947 }, // y
    { 17, 15, 237, -1, 15, 64, 7037 }, // z
    { 13, 26, 178, 0, 21, 85, 7101 }, // {
    { 11, 30, 119, -1, 25, 83, 7186 }, // |
    { 13, 26, 178, -2, 21, 85, 7269 }, // }
    { 15, 7, 250, 0, 11, 27, 7354 }, // ~
    { 0, 0, 147, 0, 0, 0, 0 }, // U+00A0
    { 10, 20, 143, -1, 15, 50, 0 }, // U+00A1
    { 16, 21, 239, 0, 18, 84, 50 }, // U+00A2
    { 19, 20, 296, 0, 20, 95, 134 }, // U+00A3
    { 15, 15, 277, 2, 17, 57, 229 }, // U+00A4
    { 20, 20, 304, 2, 20, 100, 286 }, // U+00A5
    { 11, 30, 119, -1, 25, 83, 386 }, // U+00A6
    { 16, 25, 260, 0, 20, 100, 469 }, // U+00A7
    { 9, 3, 273, 4, 22, 7, 569 }, // U+00A8
    { 21, 20, 372, 2, 20, 105, 576 }, // U+00A9
    { 10, 9, 182, 3, 20, 23, 681 }, // U+00AA
    { 18, 13, 304, 1, 14, 59, 704 }, // U+00AB
    { 17, 11, 288, 1, 12, 47, 763 }, // U+00AC
    { 21, 20, 372, 2, 20, 105, 810 }, // U+00AE
    { 16, 2, 233, -1, 24, 8, 915 }, // U+00AF
    { 11, 10, 185, 2, 20, 28, 923 }, // U+00B0
    { 18, 15, 286, 0, 15, 68, 951 }, // U+00B1
    { 11, 12, 188, 2, 23, 33, 1019 }, // U+00B2
    { 10, 13, 190, 3, 24, 33, 1052 }, // U+00B3
    { 7, 5, 146, 1, 23, 9, 1085 }, // U+00B4
    { 17, 25, 244, 1, 20, 107, 1094 }, // U+00B6
    { 6, 6, 137, 1, 10, 9, 1201 }, // U+00B7
    { 7, 7, 107, 0, 0, 13, 1210 }, // U+00B8
    { 7, 12, 133, 4, 23, 21, 1223 }, // U+00B9
    { 10, 10, 189, 3, 21, 25, 1244 }, // U+00BA
    { 18, 13, 304, 0, 14, 59, 1269 }, // U+00BB
    { 23, 20, 400, 1, 20, 115, 1328 }, // U+00BC
    { 24, 20, 409, 1, 20, 120, 1443 }, // U+00BD
    { 24, 20, 441, 2, 20, 120, 1563 }, // U+00BE
    { 15, 21, 252, -1, 15, 79, 1683 }, // U+00BF
    { 21, 27, 317, -2, 27, 142, 1762 }, // U+00C0
    { 21, 27, 317, -2, 27, 142, 1904 }, // U+00C1
    { 21, 27, 317, -2, 27, 142, 2046 }, // U+00C2
    { 21, 26, 317, -2, 26, 137, 2188 }, // U+00C3
    { 21, 26, 317, -2, 26, 137, 2325 }, // U+00C4
    { 21, 25, 317, -2, 25, 132, 2462 }, // U+00C5
    { 32, 20, 452, -2, 20, 160, 2594 }, // U+00C6
    { 19, 26, 308, 1, 20, 124, 2754 }, // U+00C7
    { 19, 27, 280, 0, 27, 129, 2878 }, // U+00C8
    { 19, 27, 280, 0, 27, 129, 3007 }, // U+00C9
    { 19, 27, 280, 0, 27, 129, 3136 }, // U+00CA
    { 19, 26, 280, 0, 26, 124, 3265 }, // U+00CB
    { 15, 27, 199, -1, 27, 102, 3389 }, // U+00CC
    { 16, 27, 199, -1, 27, 108, 3491 }, // U+00CD
    { 16, 27, 199, -1, 27, 108, 3599 }, // U+00CE
    { 16, 26, 199, -1, 26, 104, 3707 }, // U+00CF
    { 21, 20, 331, 0, 20, 105, 3811 }, // U+00D0
    { 22, 26, 335, 0, 26, 143, 3916 }, // U+00D1
    { 21, 26, 348, 1, 26, 137, 4059 }, // U+00D2
    { 21, 26, 348, 1, 26, 137, 4196 }, // U+00D3
    { 21, 26, 348, 1, 26, 137, 4333 }, // U+00D4
    { 21, 26, 348, 1, 26, 137, 4470 }, // U+00D5
    { 21, 26, 348, 1, 26, 137, 4607 }, // U+00D6
    { 16, 14, 250, 0, 14, 56, 4744 }, // U+00D7
    { 23, 20, 348, 0, 20, 115, 4800 }, // U+00D8
    { 21, 27, 320, 0, 27, 142, 4915 }, // U+00D9
    { 21, 27, 320, 0, 27, 142, 5057 }, // U+00DA
    { 21, 27, 320, 0, 27, 142, 5199 }, // U+00DB
    { 21, 26, 320, 0, 26, 137, 5341 }, // U+00DC
    { 20, 27, 305, 2, 27, 135, 5478 }, // U+00DD
    { 19, 20, 294, 0, 20, 95, 5613 }, // U+00DE
    { 18, 20, 290, 0, 20, 90, 5708 }, // U+00DF
    { 17, 21, 258, -1, 21, 90, 5798 }, // U+00E0
    { 17, 21, 258, -1, 21, 90, 5888 }, // U+00E1
    { 17, 21, 258, -1, 21, 90, 5978 }, // U+00E2
    { 17, 21, 258, -1, 21, 90, 6068 }, // U+00E3
    { 17, 21, 258, -1, 21, 90, 6158 }, // U+00E4
    { 17, 24, 258, -1, 24, 102, 6248 }, // U+00E5
    { 27, 15, 407, -1, 15, 102, 6350 }, // U+00E6
    { 16, 21, 239, 0, 15, 84, 6452 }, // U+00E7
    { 17, 21, 263, 0, 21, 90, 6536 }, // U+00E8
    { 17, 21, 263, 0, 21, 90, 6626 }, // U+00E9
    { 17, 21, 263, 0, 21, 90, 6716 }, // U+00EA
    { 17, 21, 263, 0, 21, 90, 6806 }, // U+00EB
    { 8, 21, 140, 1, 21, 42, 6896 }, // U+00EC
    { 11, 21, 140, 1, 21, 58, 6938 }, // U+00ED
    { 12, 21, 140, 1, 21, 63, 6996 }, // U+00EE
    { 12, 21, 147, 1, 21, 63, 7059 }, // U+00EF
    { 17, 22, 275, 0, 22, 94, 7122 }, // U+00F0
    { 17, 21, 267, 0, 21, 90, 7216 }, // U+00F1
    { 16, 21, 269, 0, 21, 84, 7306 }, // U+00F2
    { 16, 21, 269, 0, 21, 84, 7390 }, // U+00F3
    { 16, 21, 269, 0, 21, 84, 7474 }, // U+00F4
    { 17, 21, 269, 0, 21, 90, 7558 }, // U+00F5
    { 16, 21, 269, 0, 21, 84, 7648 }, // U+00F6
    { 17, 15, 277, 0, 15, 64, 7732 }, // U+00F7
    { 18, 17, 269, -1, 16, 77, 7796 }, // U+00F8
    { 17, 21, 265, 0, 21, 90, 7873 }, // U+00F9
    { 17, 21, 265, 0, 21, 90, 7963 }, // U+00FA
    { 17, 21, 265, 0, 21, 90, 8053 }, // U+00FB
    { 17, 21, 265, 0, 21, 90, 8143 }, // U+00FC
    { 18, 26, 245, -1, 21, 117, 8233 }, // U+00FD
    { 18, 26, 279, -1, 21, 117, 8350 }, // U+00FE
    { 18, 26, 245, -1, 21, 117, 8467 }, // U+00FF
    { 21, 25, 317, -2, 25, 132, 0 }, // U+0100
    { 17, 20, 258, -1, 20, 85, 132 }, // U+0101
    { 21, 26, 317, -2, 26, 137, 217 }, // U+0102
    { 17, 20, 258, -1, 20, 85, 354 }, // U+0103
    { 21, 25, 317, -2, 20, 132, 439 }, // U+0104
    { 17, 20, 258, -1, 15, 85, 571 }, // U+0105
    { 19, 26, 308, 1, 26, 124, 656 }, // U+0106
    { 16, 21, 239, 0, 21, 84, 780 }, // U+0107
    { 19, 26, 308, 1, 26, 124, 864 }, // U+010A
    { 16, 21, 239, 0, 21, 84, 988 }, // U+010B
    { 19, 26, 308, 1, 26, 124, 1072 }, // U+010C
    { 17, 21, 239, 0, 21, 90, 1196 }, // U+010D
    { 20, 26, 322, 0, 26, 130, 1286 }, // U+010E
    { 24, 21, 325, 0, 21, 126, 1416 }, // U+010F
    { 21, 20, 331, 0, 20, 105, 1542 }, // U+0110
    { 21, 21, 279, 0, 21, 111, 1647 }, // U+0111
    { 19, 25, 280, 0, 25, 119, 1758 }, // U+0112
    { 17, 20, 263, 0, 20, 85, 1877 }, // U+0113
    { 19, 26, 280, 0, 26, 124, 1962 }, // U+0116
    { 17, 21, 263, 0, 21, 90, 2086 }, // U+0117
    { 19, 25, 280, 0, 20, 119, 2176 }, // U+0118
    { 17, 20, 263, 0, 15, 85, 2295 }, // U+0119
    { 19, 26, 280, 0, 26, 124, 2380 }, // U+011A
    { 17, 21, 263, 0, 21, 90, 2504 }, // U+011B
    { 20, 25, 336, 1, 25, 125, 2594 }, // U+011E
    { 18, 26, 278, 0, 20, 117, 2719 }, // U+011F
    { 20, 26, 336, 1, 26, 130, 2836 }, // U+0120
    { 18, 27, 278, 0, 21, 122, 2966 }, // U+0121
    { 20, 28, 336, 1, 20, 140, 3088 }, // U+0122
    { 18, 29, 278, 0, 23, 131, 3228 }, // U+0123
    { 23, 20, 328, 0, 20, 115, 3359 }, // U+0126
    { 17, 21, 267, 0, 21, 90, 3474 }, // U+0127
    { 16, 25, 199, -1, 25, 100, 3564 }, // U+012A
    { 11, 20, 140, 1, 20, 55, 3664 }, // U+012B
    { 15, 25, 199, -1, 20, 94, 3719 }, // U+012E
    { 12, 27, 140, -2, 22, 81, 3813 }, // U+012F
    { 15, 26, 199, -1, 26, 98, 3894 }, // U+0130
    { 8, 15, 140, 1, 15, 30, 3992 }, // U+0131
    { 31, 20, 462, -1, 20, 155, 4022 }, // U+0132
    { 17, 27, 261, 1, 22, 115, 4177 }, // U+0133
    { 22, 28, 310, 0, 20, 154, 4292 }, // U+0136
    { 18, 29, 260, 0, 21, 131, 4446 }, // U+0137
    { 13, 28, 250, 2, 28, 91, 4577 }, // U+0139
    { 8, 30, 117, 1, 30, 60, 4668 }, // U+013A
    { 15, 28, 258, 0, 20, 105, 4728 }, // U+013B
    { 11, 29, 149, -2, 21, 80, 4833 }, // U+013C
    { 15, 20, 258, 0, 20, 75, 4913 }, // U+013D
    { 14, 21, 170, 0, 21, 74, 4988 }, // U+013E
    { 17, 20, 272, -1, 20, 85, 5062 }, // U+0141
    { 11, 21, 164, 0, 21, 58, 5147 }, // U+0142
    { 22, 27, 335, 0, 27, 149, 5205 }, // U+0143
    { 17, 21, 267, 0, 21, 90, 5354 }, // U+0144
    { 22, 28, 335, 0, 20, 154, 5444 }, // U+0145
    { 17, 23, 267, 0, 15, 98, 5598 }, // U+0146
    { 22, 26, 335, 0, 26, 143, 5696 }, // U+0147
    { 17, 21, 267, 0, 21, 90, 5839 }, // U+0148
    { 18, 27, 355, 2, 21, 122, 5929 }, // U+014A
    { 14, 23, 288, 2, 16, 81, 6051 }, // U+014B
    { 20, 26, 365, 1, 25, 130, 6132 }, // U+014C
    { 16, 21, 282, 1, 20, 84, 6262 }, // U+014D
    { 21, 27, 348, 1, 27, 142, 6346 }, // U+0150
    { 19, 21, 269, 0, 21, 100, 6488 }, // U+0151
    { 31, 20, 478, 1, 20, 155, 6588 }, // U+0152
    { 28, 15, 436, 0, 15, 105, 6743 }, // U+0153
    { 20, 27, 304, 0, 27, 135, 6848 }, // U+0154
    { 14, 21, 176, 0, 21, 74, 6983 }, // U+0155
    { 16, 28, 290, 2, 21, 112, 7057 }, // U+0156
    { 11, 23, 193, 1, 16, 64, 7169 }, // U+0157
    { 20, 26, 304, 0, 26, 130, 7233 }, // U+0158
    { 15, 21, 176, 0, 21, 79, 7363 }, // U+0159
    { 18, 26, 285, 0, 26, 117, 7442 }, // U+015A
    { 15, 21, 238, 0, 21, 79, 7559 }, // U+015B
    { 18, 26, 285, 0, 20, 117, 7638 }, // U+015E
    { 15, 21, 238, 0, 15, 79, 7755 }, // U+015F
    { 19, 26, 285, 0, 26, 124, 7834 }, // U+0160
    { 16, 21, 238, 0, 21, 84, 7958 }, // U+0161
    { 18, 26, 284, 2, 20, 117, 8042 }, // U+0162
    { 11, 25, 176, 1, 19, 69, 8159 }, // U+0163
    { 18, 26, 284, 2, 26, 117, 8228 }, // U+0164
    { 14, 24, 176, 1, 24, 84, 8345 }, // U+0165
    { 21, 25, 320, 0, 25, 132, 8429 }, // U+016A
    { 17, 20, 265, 0, 20, 85, 8561 }, // U+016B
    { 17, 28, 341, 2, 27, 119, 8646 }, // U+016C
    { 14, 23, 288, 2, 22, 81, 8765 }, // U+016D
    { 21, 27, 320, 0, 27, 142, 8846 }, // U+016E
    { 17, 24, 265, 0, 24, 102, 8988 }, // U+016F
    { 21, 27, 320, 0, 27, 142, 9090 }, // U+0170
    { 19, 21, 265, 0, 21, 100, 9232 }, // U+0171
    { 21, 25, 320, 0, 20, 132, 9332 }, // U+0172
    { 17, 20, 265, 0, 15, 85, 9464 }, // U+0173
    { 26, 27, 414, 3, 27, 176, 9549 }, // U+0174
    { 22, 21, 346, 1, 21, 116, 9725 }, // U+0175
    { 20, 27, 305, 2, 27, 135, 9841 }, // U+0176
    { 18, 26, 245, -1, 21, 117, 9976 }, // U+0177
    { 20, 26, 305, 2, 26, 130, 10093 }, // U+0178
    { 21, 27, 289, -1, 27, 142, 10223 }, // U+0179
    { 17, 21, 237, -1, 21, 90, 10365 }, // U+017A
    { 21, 26, 289, -1, 26, 137, 10455 }, // U+017B
    { 17, 21, 237, -1, 21, 90, 10592 }, // U+017C
    { 21, 26, 289, -1, 26, 137, 10682 }, // U+017D
    { 17, 21, 237, -1, 21, 90, 10819 }, // U+017E
    { 18, 28, 285, 0, 20, 126, 0 }, // U+0218
    { 15, 23, 238, 0, 15, 87, 126 }, // U+0219
    { 18, 28, 284, 2, 20, 126, 213 }, // U+021A
    { 12, 27, 176, 0, 19, 81, 339 }, // U+021B
    { 6, 5, 0, 3, 21, 8, 0 }, // U+0300
    { 8, 5, 0, 3, 21, 10, 8 }, // U+0301
    { 12, 5, 0, 3, 21, 15, 18 }, // U+0302
    { 12, 5, 0, 3, 21, 15, 33 }, // U+0303
    { 10, 3, 0, 3, 20, 8, 48 }, // U+0304
    { 10, 4, 0, 3, 20, 10, 56 }, // U+0306
    { 5, 5, 0, 3, 21, 7, 66 }, // U+0307
    { 11, 5, 0, 3, 21, 14, 73 }, // U+0308
    { 9, 9, 0, 3, 24, 21, 87 }, // U+030A
    { 13, 5, 0, 3, 21, 17, 108 }, // U+030B
    { 12, 5, 0, 4, 21, 15, 125 }, // U+030C
    { 8, 6, 0, 3, 23, 12, 140 }, // U+0312
    { 7, 7, 0, -2, -1, 13, 152 }, // U+0326
    { 8, 8, 0, -2, 2, 16, 165 }, // U+0327
    { 7, 6, 0, -1, 1, 11, 181 }, // U+0328
    { 0, 0, 0, 0, 0, 0, 192 }, // U+034F
    { 20, 27, 305, 2, 27, 135, 0 }, // U+1EF2
    { 18, 26, 245, -1, 21, 117, 135 }, // U+1EF3
    { 0, 0, 73, 0, 0, 0, 0 }, // U+2009
    { 0, 0, 0, 0, 0, 0, 0 }, // U+200B
    { 2, 21, 0, -1, 20, 11, 0 }, // U+200C
    { 8, 22, 0, -4, 21, 44, 11 }, // U+200D
    { 8, 22, 0, -1, 20, 44, 55 }, // U+200E
    { 8, 22, 0, -7, 20, 44, 99 }, // U+200F
    { 9, 2, 150, 0, 9, 5, 143 }, // U+2010
    { 8, 3, 150, 1, 9, 6, 148 }, // U+2011
    { 14, 4, 233, 0, 9, 14, 154 }, // U+2013
    { 24, 4, 388, 0, 9, 24, 168 }, // U+2014
    { 7, 10, 126, 2, 20, 18, 192 }, // U+2018
    { 7, 10, 126, 2, 20, 18, 210 }, // U+2019
    { 7, 10, 126, -1, 6, 18, 228 }, // U+201A
    { 13, 10, 225, 2, 20, 33, 246 }, // U+201C
    { 13, 10, 225, 2, 20, 33, 279 }, // U+201D
    { 13, 10, 225, -1, 6, 33, 312 }, // U+201E
    { 16, 20, 273, 2, 20, 80, 345 }, // U+2020
    { 18, 20, 274, 0, 20, 90, 425 }, // U+2021
    { 11, 10, 204, 1, 12, 28, 515 }, // U+2022
    { 21, 6, 365, 0, 6, 32, 543 }, // U+2026
    { 0, 0, 61, 0, 0, 0, 575 }, // U+202F
    { 39, 20, 675, 2, 20, 195, 575 }, // U+2030
    { 11, 13, 185, 1, 14, 36, 770 }, // U+2039
    { 12, 13, 185, -1, 14, 39, 806 }, // U+203A
    { 23, 20, 288, -2, 20, 115, 845 }, // U+2044
    { 5, 16, 161, 2, 15, 20, 960 }, // U+204F
    { 19, 18, 370, 2, 18, 86, 0 }, // U+20AA
    { 21, 20, 316, 0, 20, 105, 86 }, // U+20AC
    { 18, 20, 292, 2, 20, 90, 191 }, // U+20B9
    { 16, 20, 279, 1, 20, 80, 0 }, // U+2202
    { 22, 25, 284, -2, 20, 138, 80 }, // U+220F
    { 22, 25, 286, -2, 20, 138, 218 }, // U+2211
    { 17, 4, 277, 0, 9, 17, 356 }, // U+2212
    { 23, 20, 300, -2, 20, 115, 373 }, // U+2215
    { 6, 6, 129, 1, 10, 9, 488 }, // U+2219
    { 22, 25, 322, 0, 20, 138, 497 }, // U+221A
    { 20, 9, 352, 1, 12, 45, 635 }, // U+221E
    { 17, 25, 225, -1, 20, 107, 680 }, // U+222B
    { 16, 12, 249, 0, 13, 48, 787 }, // U+2248
    { 18, 15, 285, 0, 15, 68, 835 }, // U+2260
    { 19, 15, 276, -1, 15, 72, 903 }, // U+2264
    { 18, 15, 276, -1, 15, 68, 975 }, // U+2265
};

static const EpdUnicodeInterval atkinson_hn_14_bolditalicIntervals[] = {
    { 0x0, 0x0, 0x0 },
    { 0xD, 0xD, 0x1 },
    { 0x20, 0x7E, 0x2 },
    { 0xA0, 0xAC, 0x61 },
    { 0xAE, 0xB4, 0x6E },
    { 0xB6, 0x107, 0x75 },
    { 0x10A, 0x113, 0xC7 },
    { 0x116, 0x11B, 0xD1 },
    { 0x11E, 0x123, 0xD7 },
    { 0x126, 0x127, 0xDD },
    { 0x12A, 0x12B, 0xDF },
    { 0x12E, 0x133, 0xE1 },
    { 0x136, 0x137, 0xE7 },
    { 0x139, 0x13E, 0xE9 },
    { 0x141, 0x148, 0xEF },
    { 0x14A, 0x14D, 0xF7 },
    { 0x150, 0x15B, 0xFB },
    { 0x15E, 0x165, 0x107 },
    { 0x16A, 0x17E, 0x10F },
    { 0x218, 0x21B, 0x124 },
    { 0x300, 0x304, 0x128 },
    { 0x306, 0x308, 0x12D },
    { 0x30A, 0x30C, 0x130 },
    { 0x312, 0x312, 0x133 },
    { 0x326, 0x328, 0x134 },
    { 0x34F, 0x34F, 0x137 },
    { 0x1EF2, 0x1EF3, 0x138 },
    { 0x2009, 0x2009, 0x13A },
    { 0x200B, 0x2011, 0x13B },
    { 0x2013, 0x2014, 0x142 },
    { 0x2018, 0x201A, 0x144 },
    { 0x201C, 0x201E, 0x147 },
    { 0x2020, 0x2022, 0x14A },
    { 0x2026, 0x2026, 0x14D },
    { 0x202F, 0x2030, 0x14E },
    { 0x2039, 0x203A, 0x150 },
    { 0x2044, 0x2044, 0x152 },
    { 0x204F, 0x204F, 0x153 },
    { 0x20AA, 0x20AA, 0x154 },
    { 0x20AC, 0x20AC, 0x155 },
    { 0x20B9, 0x20B9, 0x156 },
    { 0x2202, 0x2202, 0x157 },
    { 0x220F, 0x220F, 0x158 },
    { 0x2211, 0x2212, 0x159 },
    { 0x2215, 0x2215, 0x15B },
    { 0x2219, 0x221A, 0x15C },
    { 0x221E, 0x221E, 0x15E },
    { 0x222B, 0x222B, 0x15F },
    { 0x2248, 0x2248, 0x160 },
    { 0x2260, 0x2260, 0x161 },
    { 0x2264, 0x2265, 0x162 },
};

static const EpdFontGroup atkinson_hn_14_bolditalicGroups[] = {
    { 0, 3473, 8082, 97, 0 },
    { 3473, 2955, 9423, 94, 97 },
    { 6428, 3408, 11903, 101, 191 },
    { 9836, 239, 453, 4, 292 },
    { 10075, 166, 212, 16, 296 },
    { 10241, 138, 265, 2, 312 },
    { 10379, 543, 1061, 26, 314 },
    { 10922, 165, 310, 3, 340 },
    { 11087, 500, 1125, 13, 343 },
};

static const uint16_t atkinson_hn_14_bolditalicKernLeftCodepoints[] = {
    0x0020, 0x0022, 0x0024, 0x0026, 0x0027, 0x0028, 0x002A, 0x002B, 0x002C, 0x002D, 0x002E, 0x002F,
    0x0030, 0x0032, 0x0033, 0x0034, 0x0035, 0x0036, 0x0037, 0x0038, 0x0039, 0x003A, 0x003B, 0x003E,
    0x003F, 0x0040, 0x0041, 0x0042, 0x0043, 0x0044, 0x0045, 0x0046, 0x0047, 0x0049, 0x004A, 0x004B,
    0x004C, 0x004F, 0x0050, 0x0051, 0x0052, 0x0053, 0x0054, 0x0055, 0x0056, 0x0057, 0x0058, 0x0059,
    0x005A, 0x005B, 0x005C, 0x005D, 0x005F, 0x0061, 0x0062, 0x0063, 0x0065, 0x0066, 0x0067, 0x0068,
    0x006A, 0x006B, 0x006C, 0x006D, 0x006E, 0x006F, 0x0070, 0x0071, 0x0072, 0x0073, 0x0074, 0x0075,
    0x0076, 0x0077, 0x0078, 0x0079, 0x007A, 0x007B, 0x007C, 0x00A1, 0x00A2, 0x00A3, 0x00A5, 0x00A6,
    0x00A7, 0x00A9, 0x00AB, 0x00AE, 0x00B0, 0x00B6, 0x00B7, 0x00BB, 0x00BF, 0x00C0, 0x00C1, 0x00C2,
    0x00C3, 0x00C4, 0x00C5, 0x00C6, 0x00C7, 0x00C8, 0x00C9, 0x00CA, 0x00CB, 0x00CC, 0x00CD, 0x00CE,
    0x00CF, 0x00D0, 0x00D2, 0x00D3, 0x00D4, 0x00D5, 0x00D6, 0x00D8, 0x00D9, 0x00DA, 0x00DB, 0x00DC,
    0x00DD, 0x00DE, 0x00DF, 0x00E0, 0x00E1, 0x00E2, 0x00E3, 0x00E4, 0x00E5, 0x00E6, 0x00E7, 0x00E8,
    0x00E9, 0x00EA, 0x00EB, 0x00EE, 0x00EF, 0x00F0, 0x00F1, 0x00F2, 0x00F3, 0x00F4, 0x00F5, 0x00F6,
    0x00F8, 0x00F9, 0x00FA, 0x00FB, 0x00FC, 0x00FD, 0x00FE, 0x00FF, 0x0100, 0x0101, 0x0102, 0x0103,
    0x0104, 0x0105, 0x0106, 0x0107, 0x010A, 0x010B, 0x010C, 0x010D, 0x010E, 0x010F, 0x0110, 0x0111,
    0x0112, 0x0113, 0x0116, 0x0117, 0x0118, 0x0119, 0x011A, 0x011B, 0x011E, 0x011F, 0x0120, 0x0121,
    0x0122, 0x0123, 0x0126, 0x0127, 0x012A, 0x012E, 0x012F, 0x0130, 0x0132, 0x0133, 0x0136, 0x0137,
    0x013B, 0x013C, 0x013D, 0x013E, 0x0141, 0x0142, 0x0144, 0x0146, 0x0148, 0x0150, 0x0151, 0x0152,
    0x0153, 0x0154, 0x0155, 0x0157, 0x0158, 0x0159, 0x015A, 0x015B, 0x015E, 0x015F, 0x0160, 0x0161,
    0x0162, 0x0163, 0x0164, 0x0165, 0x016A, 0x016B, 0x016E, 0x016F, 0x0170, 0x0171, 0x0172, 0x0173,
    0x0174, 0x0175, 0x0176, 0x0177, 0x0178, 0x0179, 0x017A, 0x017B, 0x017C, 0x017D, 0x017E, 0x0218,
    0x0219, 0x021A, 0x021B, 0x1EF2, 0x1EF3, 0x2013, 0x2014, 0x2018, 0x2019, 0x201A, 0x201C, 0x201D,
    0x201E, 0x2022, 0x2026, 0x2039, 0x203A, 0x20AC, 0x2212,
};

static const uint8_t atkinson_hn_14_bolditalicKernLeftClassIds[] = {
      1,   2,   3,   4,   2,   5,   6,   7,   8,   9,  10,  11,  12,  13,  14,  15,
     16,  17,  18,  19,  20,  21,  21,  22,  23,  24,  25,  26,  27,  28,  29,  30,
     31,  32,  33,  34,  35,  28,  36,  37,  38,  39,  40,  33,  41,  42,  43,  44,
     45,  46,  47,  48,  49,  50,  51,  52,  53,  54,  55,  56,  57,  58,  59,  56,
     56,  51,  51,  60,  61,  62,  63,  64,  65,  65,  66,  65,  67,  46,  68,  69,
     52,  70,  71,  68,  72,  73,  74,  73,  75,  76,  77,  78,  79,  25,  25,  25,
     25,  25,  25,  29,  27,  29,  29,  29,  29,  32,  32,  32,  32,  28,  28,  28,
     28,  28,  28,  28,  33,  33,  33,  33,  44,  80,  81,  50,  50,  50,  50,  50,
     50,  53,  52,  53,  53,  53,  53,  82,  83,  84,  56,  51,  51,  51,  51,  51,
     51,  64,  64,  64,  64,  65,  51,  65,  25,  50,  25,  50,  85,  86,  27,  52,
     27,  52,  27,  52,  28,  87,  28,  88,  29,  53,  29,  53,  89,  53,  29,  53,
     31,  55,  31,  55,  31,  55,  90,  56,  32,  91,  92,  32,  33,  57,  34,  58,
     35,  93,  35,  94,  35,  59,  56,  56,  56,  28,  95,  29,  53,  38,  61,  96,
     38,  61,  39,  62,  39,  62,  39,  62,  40,  97,  40,  98,  33,  64,  33,  64,
     33,  64,  33,  99,  42,  65,  44,  65,  44,  45,  67,  45,  67,  45,  67,  39,
     62,  40, 100,  44,  65,   9,   9, 101, 102,  10, 101, 102,  10, 103,  10,  74,
     78, 104, 105,
};

static const uint16_t atkinson_hn_14_bolditalicKernRightCodepoints[] = {
    0x0020, 0x0021, 0x0022, 0x0024, 0x0025, 0x0026, 0x0027, 0x0029, 0x002A, 0x002B, 0x002C, 0x002D,
    0x002E, 0x002F, 0x0030, 0x0031, 0x0032, 0x0033, 0x0034, 0x0035, 0x0036, 0x0037, 0x0038, 0x0039,
    0x003A, 0x003B, 0x003C, 0x003E, 0x003F, 0x0040, 0x0041, 0x0042, 0x0043, 0x0045, 0x0046, 0x0047,
    0x0048, 0x0049, 0x004A, 0x004F, 0x0051, 0x0053, 0x0054, 0x0055, 0x0056, 0x0057, 0x0058, 0x0059,
    0x005A, 0x005B, 0x005C, 0x005D, 0x005F, 0x0061, 0x0062, 0x0063, 0x0064, 0x0065, 0x0066, 0x0067,
    0x0068, 0x0069, 0x006A, 0x006B, 0x006C, 0x006D, 0x006E, 0x006F, 0x0070, 0x0071, 0x0072, 0x0073,
    0x0074, 0x0075, 0x0076, 0x0077, 0x0078, 0x0079, 0x007A, 0x007C, 0x007D, 0x00A1, 0x00A2, 0x00A3,
    0x00A5, 0x00A6, 0x00A7, 0x00A9, 0x00AB, 0x00AE, 0x00B0, 0x00B6, 0x00B7, 0x00BB, 0x00BF, 0x00C0,
    0x00C1, 0x00C2, 0x00C3, 0x00C4, 0x00C5, 0x00C6, 0x00C7, 0x00C8, 0x00C9, 0x00CA, 0x00CB, 0x00CC,
    0x00CD, 0x00CE, 0x00CF, 0x00D2, 0x00D3, 0x00D4, 0x00D5, 0x00D6, 0x00D8, 0x00D9, 0x00DA, 0x00DB,
    0x00DC, 0x00DD, 0x00DF, 0x00E0, 0x00E1, 0x00E2, 0x00E3, 0x00E4, 0x00E5, 0x00E6, 0x00E7, 0x00E8,
    0x00E9, 0x00EA, 0x00EB, 0x00EC, 0x00ED, 0x00EE, 0x00EF, 0x00F0, 0x00F1, 0x00F2, 0x00F3, 0x00F4,
    0x00F5, 0x00F6, 0x00F8, 0x00F9, 0x00FA, 0x00FB, 0x00FC, 0x00FD, 0x00FE, 0x00FF, 0x0100, 0x0101,
    0x0102, 0x0103, 0x0104, 0x0105, 0x0106, 0x0107, 0x010A, 0x010B, 0x010C, 0x010D, 0x010F, 0x0111,
    0x0112, 0x0113, 0x0116, 0x0117, 0x0118, 0x0119, 0x011A, 0x011B, 0x011E, 0x011F, 0x0120, 0x0121,
    0x0122, 0x0123, 0x0127, 0x012A, 0x012B, 0x012E, 0x012F, 0x0130, 0x0131, 0x0132, 0x0133, 0x0137,
    0x013C, 0x013E, 0x0142, 0x0144, 0x0146, 0x0148, 0x014D, 0x0150, 0x0151, 0x0152, 0x0153, 0x0155,
    0x0159, 0x015A, 0x015B, 0x015E, 0x015F, 0x0160, 0x0161, 0x0162, 0x0163, 0x0164, 0x0165, 0x016A,
    0x016B, 0x016E, 0x016F, 0x0170, 0x0171, 0x0172, 0x0173, 0x0174, 0x0175, 0x0176, 0x0177, 0x0178,
    0x0179, 0x017A, 0x017B, 0x017C, 0x017D, 0x017E, 0x0218, 0x0219, 0x021A, 0x021B, 0x1EF2, 0x1EF3,
    0x2013, 0x2014, 0x2018, 0x2019, 0x201A, 0x201C, 0x201D, 0x201E, 0x2022, 0x2026, 0x2030, 0x2039,
    0x203A, 0x20AC, 0x220F, 0x2211, 0x2212,
};

static const uint8_t atkinson_hn_14_bolditalicKernRightClassIds[] = {
      1,   2,   3,   4,   5,   6,   3,   7,   8,   9,  10,  11,  12,  13,  14,  15,
     16,  17,  18,  19,  20,  21,  22,  23,  24,  25,  26,  27,  28,  29,  30,  31,
     32,  31,  31,  32,  31,  33,  34,  32,  32,  35,  36,  37,  38,  39,  40,  41,
     42,  43,  44,  45,  46,  47,  48,  49,  49,  49,  50,  51,  48,  52,  53,  48,
     54,  55,  55,  49,  56,  49,  55,  57,  58,  59,  60,  60,  61,  62,  63,  43,
     45,  43,  49,  64,  65,  43,  43,  66,  67,  66,  68,  69,  70,  71,  72,  30,
     30,  30,  30,  30,  30,  73,  32,  31,  31,  31,  31,  33,  33,  33,  33,  32,
     32,  32,  32,  32,  32,  37,  37,  37,  37,  41,  74,  47,  47,  75,  76,  77,
     47,  47,  49,  49,  49,  49,  78,  79,  52,  80,  81,  49,  55,  49,  49,  82,
     83,  84,  49,  59,  59,  59,  59,  62,  85,  62,  30,  86,  30,  87,  30,  47,
     32,  49,  32,  49,  32,  49,  49,  49,  31,  49,  31,  49,  31,  49,  31,  49,
     32,  51,  32,  51,  32,  51,  88,  33,  89,  33,  90,  33,  52,  33,  52,  48,
     54,  54,  54,  55,  55,  55,  91,  32,  49,  32,  49,  55,  55,  35,  57,  35,
     57,  35,  57,  36,  58,  36,  58,  37,  59,  37,  59,  37,  59,  37,  59,  39,
     60,  41,  62,  41,  42,  63,  42,  63,  42,  63,  35,  57,  36,  58,  41,  62,
     11,  11,  92,  93,  94,  92,  93,  94,  95,  12,   5,  67,  71,  96,  69,  69,
     97,
};

static const uint16_t atkinson_hn_14_bolditalicKernRowOffsets[] = {
        0,     7,    31,    34,    57,    77,    99,   102,   146,   175,   218,   253,   268,   276,   289,   300,
      311,   331,   358,   384,   404,   419,   422,   423,   445,   497,   536,   575,   616,   639,   670,   685,
      700,   715,   762,   809,   859,   898,   935,   986,  1038,  1090,  1135,  1174,  1227,  1251,  1265,  1310,
     1311,  1312,  1346,  1390,  1438,  1471,  1511,  1519,  1537,  1538,  1583,  1626,  1652,  1700,  1749,  1779,
     1787,  1838,  1873,  1904,  1905,  1927,  1932,  1936,  1937,  1968,  1989,  1991,  1992,  2008,  2025,  2069,
     2110,  2121,  2131,  2136,  2172,  2225,  2260,  2312,  2313,  2337,  2339,  2355,  2356,  2400,  2449,  2493,
     2494,  2525,  2557,  2566,  2597,  2634,  2671,  2685,  2691,  2693,
};

static const uint8_t atkinson_hn_14_bolditalicKernSparseCols[] = {
     29,  35,  37,  38,  40,  59,  61,  14,  17,  20,  21,  29,  33,  34,  35,  37,
     38,  46,  48,  49,  56,  57,  74,  75,  76,  77,  81,  82,  83,  85,  86,  14,
     15,  22,  31,  34,  35,  36,  37,  38,  40,  46,  48,  50,  56,  57,  59,  61,
     74,  75,  76,  77,  81,  82,  83,  85,  86,  13,  29,  31,  33,  46,  48,  50,
     52,  56,  59,  61,  74,  75,  76,  77,  81,  82,  83,  85,  86,   9,  11,  29,
     31,  33,  35,  37,  38,  39,  40,  41,  46,  49,  56,  60,  72,  74,  75,  76,
     85,  86,  93,  14,  17,  22,   7,  13,  14,  16,  17,  18,  19,  20,  21,  22,
     29,  31,  33,  34,  35,  36,  37,  38,  39,  40,  46,  47,  48,  50,  52,  53,
     56,  57,  59,  60,  61,  62,  74,  75,  76,  77,  81,  82,  83,  85,  86,  87,
     91,  92,  13,  14,  17,  18,  21,  22,  29,  31,  33,  34,  35,  37,  38,  39,
     40,  41,  48,  49,  50,  56,  57,  59,  60,  61,  62,  77,  81,  82,  83,   7,
     13,  14,  16,  17,  18,  19,  20,  21,  22,  29,  31,  33,  34,  35,  36,  37,
     38,  39,  40,  46,  47,  48,  50,  53,  56,  57,  59,  60,  61,  62,  74,  75,
     76,  77,  81,  82,  83,  85,  86,  87,  91,  92,  12,  13,  15,  16,  17,  19,
     20,  22,  29,  31,  33,  34,  35,  40,  46,  48,  50,  54,  55,  56,  58,  59,
     60,  61,  72,  74,  75,  76,  77,  81,  82,  83,  84,  85,  86,   3,   6,   9,
     10,  11,  12,  14,  15,  16,  20,  21,  22,  43,  64,  93,  14,  17,  19,  20,
     21,  22,  43,  64,   3,   9,  11,  12,  14,  15,  20,  22,  25,  43,  64,  93,
     96,   2,   8,  10,  13,  14,  15,  16,  17,  19,  22,  43,  12,  13,  14,  15,
     16,  18,  19,  22,  43,  63,  64,   3,   9,  11,  12,  13,  14,  15,  18,  20,
     22,  43,  48,  63,  64,  77,  81,  82,  83,  93,  95,   2,   4,   8,   9,  10,
     11,  12,  13,  14,  15,  16,  17,  19,  20,  21,  22,  44,  48,  63,  67,  77,
     81,  82,  83,  93,  95,  96,   2,   3,   4,   9,  10,  11,  12,  13,  14,  15,
     16,  18,  19,  20,  22,  25,  43,  48,  63,  64,  77,  81,  82,  83,  93,  95,
      3,  10,  12,  13,  14,  15,  16,  17,  19,  20,  25,  26,  43,  48,  63,  64,
     77,  81,  82,  83,  14,  29,  33,  35,  37,  38,  40,  48,  59,  60,  61,  77,
     81,  82,  83,  14,  16,  22,  29,  29,  32,  35,  37,  38,  39,  40,  41,  46,
     49,  56,  57,  59,  60,  61,  62,  72,  74,  75,  76,  85,  86,   0,   1,   2,
      5,   6,   7,  10,  12,  27,  28,  29,  31,  33,  34,  35,  36,  37,  38,  39,
     40,  43,  46,  47,  48,  49,  50,  51,  53,  56,  57,  58,  59,  61,  65,  66,
     74,  75,  76,  77,  78,  79,  80,  81,  82,  83,  85,  86,  87,  88,  89,  91,
     92,   6,   7,   9,  10,  11,  12,  27,  28,  29,  31,  33,  34,  35,  37,  38,
     39,  40,  41,  43,  46,  48,  50,  59,  61,  62,  65,  66,  74,  75,  76,  77,
     81,  82,  83,  85,  86,  91,  92,  93,   5,   6,   7,   9,  10,  11,  12,  28,
     29,  31,  32,  33,  37,  38,  40,  41,  46,  50,  52,  53,  56,  57,  59,  60,
     61,  62,  65,  66,  69,  70,  74,  75,  76,  85,  86,  91,  92,  93,  94,   1,
      5,   6,   7,   9,  10,  11,  12,  27,  28,  29,  32,  33,  34,  35,  37,  38,
     39,  40,  41,  43,  44,  46,  48,  57,  59,  61,  62,  72,  74,  75,  76,  77,
     81,  82,  83,  85,  86,  91,  92,  93,   7,   9,  11,  28,  31,  33,  34,  35,
     48,  50,  56,  57,  58,  59,  61,  65,  66,  77,  81,  82,  83,  91,  93,   7,
      9,  11,  12,  23,  24,  29,  31,  33,  34,  46,  48,  56,  57,  65,  69,  72,
     74,  75,  76,  77,  78,  79,  80,  81,  82,  83,  85,  86,  88,  93,   6,   7,
     27,  34,  35,  37,  38,  39,  40,  57,  59,  61,  65,  91,  92,  31,  46,  48,
     50,  59,  61,  74,  75,  76,  77,  81,  82,  83,  85,  86,   9,  11,  12,  29,
     34,  39,  46,  50,  72,  74,  75,  76,  85,  86,  93,   0,   5,   7,   9,  10,
     11,  27,  28,  29,  31,  33,  34,  36,  38,  39,  40,  46,  48,  50,  51,  56,
     57,  58,  59,  61,  65,  66,  69,  70,  74,  75,  76,  77,  78,  79,  80,  81,
     82,  83,  85,  86,  88,  89,  91,  92,  93,  94,   2,   7,  10,  27,  28,  29,
     31,  33,  34,  35,  36,  37,  38,  40,  46,  47,  48,  49,  50,  51,  53,  56,
     57,  58,  59,  61,  65,  66,  69,  74,  75,  76,  77,  78,  79,  80,  81,  82,
     83,  85,  86,  87,  88,  89,  91,  92,  94,   0,   1,   5,   6,   7,   9,  10,
     11,  12,  28,  29,  31,  33,  34,  37,  38,  39,  40,  41,  43,  46,  48,  50,
     51,  52,  56,  59,  60,  61,  65,  66,  70,  72,  74,  75,  76,  77,  78,  79,
     80,  81,  82,  83,  85,  86,  88,  89,  91,  92,  93,   1,   5,   6,   7,  10,
     12,  27,  28,  29,  32,  33,  34,  35,  37,  38,  39,  40,  41,  43,  44,  46,
     48,  52,  57,  59,  61,  62,  72,  74,  75,  76,  77,  81,  82,  83,  85,  86,
     91,  92,   7,   9,  10,  11,  23,  24,  28,  29,  33,  35,  36,  37,  38,  39,
     40,  43,  46,  48,  50,  56,  57,  59,  61,  65,  72,  74,  75,  76,  77,  81,
     82,  83,  85,  86,  91,  92,  93,   1,   2,   5,   6,   7,   9,  10,  11,  12,
     27,  29,  31,  33,  35,  37,  38,  39,  40,  41,  43,  46,  48,  49,  50,  51,
     55,  57,  59,  60,  61,  62,  65,  72,  74,  75,  76,  77,  78,  79,  80,  81,
     82,  83,  84,  85,  86,  88,  89,  91,  92,  93,   0,   2,   5,   7,   9,  10,
     11,  12,  23,  24,  27,  28,  29,  31,  33,  35,  37,  38,  40,  43,  46,  48,
     50,  54,  55,  56,  58,  59,  60,  61,  62,  65,  66,  70,  72,  74,  75,  76,
     77,  78,  79,  80,  81,  82,  83,  84,  85,  86,  87,  88,  92,  93,   0,   2,
      5,   7,   9,  10,  11,  12,  23,  24,  27,  29,  33,  34,  35,  37,  39,  40,
     46,  48,  50,  51,  54,  55,  56,  58,  59,  60,  61,  62,  65,  66,  70,  72,
     74,  75,  76,  77,  78,  79,  80,  81,  82,  83,  84,  85,  86,  87,  89,  91,
     92,  93,   0,   2,   5,   7,   9,  10,  11,  12,  23,  24,  27,  29,  33,  34,
     35,  38,  39,  40,  46,  48,  50,  56,  58,  62,  65,  66,  70,  72,  74,  75,
     76,  77,  78,  79,  80,  81,  82,  83,  85,  86,  87,  88,  91,  92,  93,   5,
      7,  10,  27,  28,  29,  31,  33,  34,  37,  38,  40,  46,  48,  50,  51,  56,
     57,  58,  59,  61,  66,  70,  74,  75,  76,  77,  78,  79,  80,  81,  82,  83,
     85,  86,  88,  89,  91,  92,   0,   5,   9,  10,  11,  12,  23,  24,  27,  28,
     29,  31,  33,  34,  35,  37,  38,  39,  40,  43,  46,  48,  50,  54,  55,  56,
     57,  58,  59,  60,  61,  62,  65,  66,  70,  72,  74,  75,  76,  77,  79,  80,
     81,  82,  83,  84,  85,  86,  87,  88,  91,  92,  93,   7,   9,  10,  11,  27,
     28,  31,  34,  43,  48,  50,  56,  57,  58,  59,  61,  65,  66,  77,  81,  82,
     83,  92,  93,  17,  20,  31,  48,  50,  52,  56,  59,  60,  61,  77,  81,  82,
     83,  13,  14,  15,  16,  17,  18,  19,  20,  21,  22,  31,  34,  35,  36,  37,
     38,  40,  46,  47,  48,  49,  50,  51,  52,  53,  56,  57,  58,  59,  61,  74,
     75,  76,  77,  78,  79,  80,  81,  82,  83,  85,  86,  87,  88,  89,  52,  52,
      1,   2,   5,   6,   7,  10,  27,  28,  35,  37,  38,  40,  43,  44,  48,  49,
     51,  56,  57,  58,  59,  61,  65,  77,  78,  79,  80,  81,  82,  83,  88,  89,
     91,  92,   1,   5,   6,   7,   9,  10,  11,  12,  27,  33,  34,  35,  36,  37,
     38,  39,  40,  41,  43,  44,  46,  51,  56,  57,  59,  60,  61,  62,  65,  66,
     70,  74,  75,  76,  78,  79,  80,  85,  86,  88,  89,  91,  92,  93,   1,   2,
      6,   7,   9,  11,  12,  14,  15,  16,  22,  23,  24,  27,  29,  34,  35,  37,
     38,  39,  40,  41,  43,  46,  47,  48,  49,  53,  59,  60,  61,  62,  65,  66,
     69,  74,  75,  76,  77,  81,  82,  83,  85,  86,  87,  91,  92,  93,   1,   2,
      5,   6,   7,   9,  11,  23,  24,  27,  28,  35,  37,  38,  40,  43,  46,  49,
     50,  57,  59,  60,  61,  62,  65,  74,  75,  76,  85,  86,  91,  92,  93,   2,
      5,   7,   9,  10,  11,  12,  27,  46,  48,  49,  50,  51,  56,  57,  59,  60,
     61,  65,  66,  69,  74,  75,  76,  77,  78,  79,  80,  81,  82,  83,  85,  86,
     87,  88,  89,  91,  92,  93,  94,   7,  27,  35,  43,  52,  59,  61,  91,  27,
     35,  37,  38,  40,  43,  51,  57,  59,  61,  65,  78,  79,  80,  88,  89,  91,
     92,  52,   5,   7,   9,  10,  11,  23,  24,  27,  28,  33,  35,  37,  38,  40,
     43,  46,  48,  51,  56,  58,  59,  60,  61,  65,  66,  69,  70,  74,  75,  76,
     77,  78,  79,  80,  81,  82,  83,  85,  86,  88,  89,  91,  92,  93,  94,   7,
      9,  11,  27,  28,  31,  37,  38,  40,  43,  46,  47,  48,  50,  51,  53,  56,
     57,  58,  59,  61,  65,  66,  69,  74,  75,  76,  77,  78,  79,  80,  81,  82,
     83,  85,  86,  87,  88,  89,  91,  92,  93,  94,   6,   7,   9,  12,  24,  27,
     28,  35,  37,  40,  42,  43,  44,  45,  50,  52,  55,  56,  61,  65,  71,  84,
     89,  91,  92,  93,   0,   2,   5,   9,  11,  27,  29,  33,  35,  37,  39,  40,
     43,  46,  47,  48,  49,  50,  51,  53,  54,  55,  57,  58,  59,  60,  61,  65,
     66,  74,  75,  76,  77,  78,  79,  80,  81,  82,  83,  84,  85,  86,  87,  88,
     89,  91,  92,  93,   2,   6,   7,   9,  10,  11,  12,  23,  24,  27,  28,  29,
     31,  33,  34,  35,  36,  37,  38,  39,  40,  43,  46,  48,  49,  51,  59,  60,
     61,  62,  65,  66,  74,  75,  76,  77,  78,  79,  80,  81,  82,  83,  85,  86,
     88,  89,  91,  92,  93,   2,   5,   6,  10,  27,  28,  31,  43,  46,  49,  50,
     51,  56,  59,  60,  61,  65,  66,  74,  75,  76,  78,  79,  80,  85,  86,  88,
     89,  91,  92,   7,  27,  35,  37,  40,  43,  59,  61,   0,   1,   5,   6,   7,
      9,  10,  11,  12,  23,  24,  27,  28,  29,  33,  35,  37,  38,  39,  40,  41,
     43,  46,  48,  49,  50,  51,  56,  57,  59,  61,  65,  69,  74,  75,  76,  77,
     78,  79,  80,  81,  82,  83,  85,  86,  88,  89,  91,  92,  93,  94,   5,   7,
      9,  10,  11,  23,  24,  27,  28,  35,  37,  40,  43,  46,  48,  49,  50,  56,
     58,  60,  65,  66,  69,  74,  75,  76,  77,  81,  82,  83,  85,  86,  91,  92,
     93,   5,   9,  10,  11,  27,  28,  35,  37,  40,  43,  46,  48,  49,  57,  59,
     61,  65,  66,  69,  74,  75,  76,  77,  81,  82,  83,  85,  86,  91,  92,  93,
     52,  33,  34,  35,  36,  37,  38,  40,  46,  48,  52,  59,  60,  61,  74,  75,
     76,  77,  81,  82,  83,  85,  86,  13,  14,  16,  18,  21,  15,  16,  21,  22,
     52,  29,  33,  34,  35,  37,  38,  40,  41,  46,  47,  48,  49,  50,  53,  56,
     57,  59,  60,  61,  62,  72,  74,  75,  76,  77,  81,  82,  83,  85,  86,  87,
     33,  35,  37,  38,  40,  46,  48,  56,  57,  59,  61,  71,  74,  75,  76,  77,
     81,  82,  83,  85,  86,  14,  20,  87,  35,  37,  38,  40,  46,  49,  57,  59,
     60,  61,  62,  74,  75,  76,  85,  86,  35,  37,  38,  39,  40,  41,  48,  49,
     56,  57,  59,  60,  61,  77,  81,  82,  83,  30,  31,  33,  34,  35,  36,  37,
     38,  40,  41,  46,  47,  48,  49,  50,  51,  52,  53,  54,  56,  57,  58,  59,
     60,  61,  62,  73,  74,  75,  76,  77,  78,  79,  80,  81,  82,  83,  85,  86,
     87,  88,  89,  91,  92,   6,   7,   9,  10,  11,  12,  27,  28,  29,  33,  37,
     39,  43,  46,  48,  51,  57,  59,  60,  61,  62,  69,  72,  74,  75,  76,  77,
     78,  79,  80,  81,  82,  83,  85,  86,  88,  89,  91,  92,  93,  94,   1,   7,
     27,  28,  43,  59,  61,  65,  66,  91,  92,   2,  27,  44,  47,  53,  67,  68,
     84,  87,  92,  44,  47,  53,  64,  87,   7,   9,  11,  12,  23,  24,  27,  29,
     33,  35,  37,  38,  39,  41,  43,  46,  51,  56,  59,  60,  61,  65,  70,  74,
     75,  76,  78,  79,  80,  85,  86,  88,  89,  91,  92,  93,   0,   1,   2,   5,
      6,   7,  10,  12,  27,  28,  29,  31,  33,  34,  35,  36,  37,  38,  39,  40,
     43,  46,  47,  48,  49,  50,  51,  52,  53,  56,  57,  58,  59,  61,  65,  66,
     74,  75,  76,  77,  78,  79,  80,  81,  82,  83,  85,  86,  87,  88,  89,  91,
     92,   1,   2,   5,   6,   7,  10,  27,  28,  35,  37,  38,  40,  43,  44,  48,
     49,  51,  52,  56,  57,  58,  59,  61,  65,  77,  78,  79,  80,  81,  82,  83,
     88,  89,  91,  92,   2,   5,   6,   7,   9,  10,  11,  12,  23,  24,  27,  28,
     43,  44,  45,  46,  47,  48,  49,  50,  51,  52,  53,  54,  55,  56,  58,  60,
     62,  66,  69,  70,  74,  75,  76,  77,  78,  79,  80,  81,  82,  83,  84,  85,
     86,  87,  88,  89,  91,  92,  93,  94,  27,   7,   9,  11,  28,  31,  33,  34,
     35,  48,  50,  52,  56,  57,  58,  59,  61,  65,  66,  77,  81,  82,  83,  91,
     93,  79,  87,  31,  46,  48,  50,  52,  59,  61,  74,  75,  76,  77,  81,  82,
     83,  85,  86,  52,   7,   9,  11,  27,  28,  31,  37,  38,  40,  43,  46,  47,
     48,  50,  51,  52,  53,  56,  57,  58,  59,  61,  65,  66,  69,  74,  75,  76,
     77,  78,  79,  80,  81,  82,  83,  85,  86,  87,  88,  89,  91,  92,  93,  94,
      1,   2,   5,   6,   7,   9,  10,  11,  12,  23,  24,  27,  28,  43,  44,  45,
     46,  48,  49,  50,  51,  54,  55,  56,  58,  59,  60,  61,  66,  69,  70,  74,
     75,  76,  77,  78,  79,  80,  81,  82,  83,  84,  85,  86,  88,  89,  91,  92,
     93,   1,   5,   6,   7,   9,  10,  11,  12,  27,  33,  34,  35,  36,  37,  38,
     39,  40,  41,  43,  44,  46,  51,  56,  57,  59,  60,  61,  62,  65,  66,  70,
     74,  75,  76,  78,  79,  80,  85,  86,  88,  89,  91,  92,  93,  90,   2,   5,
      6,  10,  27,  28,  31,  43,  46,  49,  50,  51,  52,  56,  59,  60,  61,  65,
     66,  74,  75,  76,  78,  79,  80,  85,  86,  88,  89,  91,  92,   2,   5,   6,
     10,  27,  28,  31,  43,  44,  46,  49,  50,  51,  52,  56,  59,  60,  61,  65,
     66,  74,  75,  76,  78,  79,  80,  85,  86,  88,  89,  91,  92,   7,  27,  35,
     37,  40,  43,  52,  59,  61,   2,   5,   6,  10,  27,  28,  31,  43,  46,  49,
     50,  51,  52,  56,  59,  60,  61,  65,  66,  74,  75,  76,  78,  79,  80,  85,
     86,  88,  89,  91,  92,   9,  11,  29,  31,  33,  34,  35,  37,  38,  39,  40,
     41,  46,  48,  49,  54,  55,  56,  57,  58,  59,  60,  61,  62,  71,  72,  74,
     75,  76,  77,  81,  82,  83,  84,  85,  86,  93,   9,  11,  29,  31,  33,  34,
     35,  37,  38,  39,  40,  41,  46,  48,  49,  50,  54,  55,  56,  57,  59,  60,
     61,  62,  71,  72,  74,  75,  76,  77,  81,  82,  83,  84,  85,  86,  93,  35,
     37,  38,  40,  46,  49,  57,  59,  61,  74,  75,  76,  85,  86,  13,  14,  15,
     16,  17,  20,  14,  22,
};

static const int8_t atkinson_hn_14_bolditalicKernSparseValues[] = {
      -5,   -9,   -9,   -9,  -14,   -9,   -9,    5,  -30,   14,   -9,  -28,  -56,   -4,   14,    9,
       9,   -9,  -14,   14,  -14,   18,   -9,   -9,   -9,  -14,  -14,  -14,  -14,   -9,   -9,   -5,
       5,   -7,   -1,  -10,  -29,   -4,  -24,  -10,  -42,    9,    5,    7,    1,   -2,   -5,   -5,
       9,    9,    9,    5,    5,    5,    5,    9,    9,   -9,   -9,   -5,  -16,   -9,  -14,   -8,
      32,   -5,   -2,   -2,   -9,   -9,   -9,  -14,  -14,  -14,  -14,   -9,   -9,  -35,  -35,  -26,
       4,  -33,    9,   -5,   -5,   -5,   -1,   -2,   -1,   10,    5,   -2,  -47,   -1,   -1,   -1,
      -1,   -1,  -35,  -14,   14,   -7,  -40,  -12,  -21,   -9,   -7,   -9,  -12,   -5,  -10,   -9,
       7,  -23,  -13,  -15,  -37,  -28,  -30,  -21,    5,  -41,   -2,   -5,  -14,  -10,   17,   -5,
      -9,  -23,  -27,    2,  -27,    1,   -2,   -2,   -2,  -14,  -14,  -14,  -14,   -2,   -2,   -5,
     -42,  -42,    9,   -5,   27,    5,    2,   -8,   -9,    9,   15,   -2,  -19,  -19,   -6,   -5,
     -25,    5,    7,   -5,    9,   -2,   -5,   -7,   -2,   -7,   -2,    7,    7,    7,    7,  -40,
     -12,  -21,   -9,   -7,   -9,  -12,   -5,  -10,   -9,    7,  -23,  -13,  -15,  -37,  -28,  -30,
     -21,    5,  -41,   -2,   -5,  -14,  -10,   -5,   -9,  -23,  -27,    2,  -27,    1,   -2,   -2,
      -2,  -14,  -14,  -14,  -14,   -2,   -2,   -5,  -42,  -42,  -63,    2,    5,    5,  -16,    2,
      23,    5,  -35,  -12,  -41,   -7,   11,    9,  -14,  -26,  -13,  -14,  -14,  -20,  -19,   -9,
     -18,   -9,  -34,  -14,  -14,  -14,  -26,  -26,  -26,  -26,  -14,  -14,  -14,   -2,   -9,    9,
       9,    9,   -2,   -5,    5,    2,   -5,    2,   -5,  -15,   -9,    9,   -5,    2,    2,   -5,
      -7,   -1,  -12,  -11,   -2,    7,    7,   -7,   -5,    5,   -5,   -2,   -2,  -15,   -9,    7,
      -2,  -14,    9,    9,   -5,   -6,    2,   -2,    5,   -5,  -16,  -16,   -5,   -7,  -12,    5,
      -9,   -2,   -4,   -6,   -7,   -5,   -5,   -2,    5,    5,   -7,   -2,  -17,    5,   -2,  -10,
      -7,  -14,   -2,   -5,  -14,   -2,   -2,   -2,   -2,    5,   -5,   14,   14,    5,   -9,    2,
      -9,  -19,    5,    5,    2,    7,  -14,    5,   14,   -9,    2,    5,    5,    2,   19,    5,
       5,    5,    5,   -9,    2,    5,   -9,   -2,  -12,    9,   -1,    9,   -2,   -5,  -14,   -2,
      -2,   -2,   -2,   -5,   -6,   -2,  -21,   -1,   -2,   -7,   -1,   -1,   -1,   -1,    9,   -3,
      -5,    2,  -19,   -2,   -5,   -9,   -5,    5,    2,   -5,    2,   -2,  -16,    5,   -5,  -13,
       5,    5,    5,    5,   -5,    5,   -3,  -14,  -14,   -9,  -24,   -2,   -5,   -2,   -5,   -2,
      -2,   -2,   -2,   -9,   -4,   -6,  -28,    2,   -6,  -24,  -14,   -7,    5,  -31,    7,    6,
      -5,   -2,   -7,   -7,   -5,   -7,    2,    5,    6,    6,    6,    6,    6,   -5,   -9,  -28,
      -7,   -9,  -42,   -9,    9,  -28,   -7,   12,  -21,   -7,  -14,  -36,  -23,  -29,  -22,    8,
     -39,  -45,   -2,   -6,  -14,  -10,   -7,   -5,   -8,   -5,  -21,  -12,  -24,  -24,  -21,   -5,
      -2,   -2,   -2,  -14,   -5,   -5,   -5,  -14,  -14,  -14,   -2,   -2,   -6,   -5,   -5,  -42,
     -43,   -5,  -10,    7,   -2,    7,   -5,    2,   -2,    5,   -4,    5,   -5,   -9,  -15,   -9,
      -9,  -21,    2,   -7,    4,    2,   -2,   -2,   -2,    2,    5,   -2,    4,    4,    4,    2,
       2,    2,    2,    4,    4,   -1,   -7,    7,    1,   -7,   -7,    9,   -5,    9,    8,   -3,
       6,   -7,    4,    5,   -6,   -7,  -16,   13,    8,   -1,    2,    5,    4,   -2,   -2,    5,
      -2,    6,    5,   -5,   -7,    4,    8,    8,    8,    8,    8,   -5,   -7,    9,   -7,   -2,
       5,   -5,   -9,   -5,    9,   -5,  -12,  -23,    5,   -4,   -9,    5,   -5,  -16,  -19,  -12,
     -14,  -35,   -6,  -26,   -5,    9,    2,   -2,   -6,   -6,    1,  -22,    9,    9,    9,    2,
       2,    2,    2,    9,    9,   -7,   -7,   -5,   -5,   -2,   -2,   -7,   -8,   -2,   -2,    5,
     -10,   -7,   -2,   -2,   -5,   -5,   -5,    5,   -5,  -10,  -10,  -10,  -10,   -5,   -2,   -2,
     -19,  -19,  -23,   -2,   -2,  -19,   -2,  -12,   -6,   -2,    2,   -2,   -2,    5,    5,  -37,
      -2,   -2,   -2,    2,    1,   10,   10,    2,    2,    2,   -2,   -2,   10,  -19,    2,  -19,
     -19,   -5,  -18,  -19,  -15,   -4,  -34,   -5,   -5,   -5,   -7,   -7,   -9,   -9,   -2,  -12,
     -14,   -9,   -9,   -2,   -2,   -2,  -12,  -12,  -12,  -12,   -2,   -2,  -12,  -12,   -9,   -9,
      -2,   -2,    8,   -1,  -12,    8,    8,    8,    8,    8,  -12,   -9,   -9,   -9,  -12,   -9,
     -12,  -11,  -12,    8,  -25,  -13,   -5,  -10,   -2,    6,    5,   -7,  -32,  -26,  -14,  -13,
      -9,  -19,  -23,  -23,    9,  -23,   -9,   -9,   -7,   -7,   -7,  -32,  -14,  -14,  -14,  -32,
     -32,  -32,   -7,   -7,  -14,  -14,   -5,  -15,  -12,   -9,  -34,  -42,   -6,  -36,   -7,    4,
     -21,   -2,   -9,  -41,  -14,  -35,  -26,  -47,    2,   -2,   -9,   -2,   -5,  -11,   -2,   -5,
      -5,   -5,   -9,   -9,  -18,  -23,   -9,    2,    2,    2,   -9,  -11,  -11,  -11,   -9,   -9,
      -9,    2,    2,   -2,  -11,  -11,  -59,  -56,   -9,  -14,   -2,    7,   -5,   -2,  -23,    7,
     -23,  -27,    7,  -16,    5,  -42,   -2,   -6,   -7,  -19,  -19,   -5,   -9,    5,    5,    7,
       9,    2,    3,    7,   -2,    7,    9,   -2,    5,  -54,    5,    5,    5,    5,    9,    9,
       9,    5,    5,    5,    5,    5,    9,    9,    4,   -7,  -23,   -2,    5,   -5,   -9,    9,
      -7,  -23,    5,   11,   -9,    5,   -5,  -16,  -19,  -12,   -3,  -35,   -5,  -26,   -5,    9,
       2,   23,   -2,   -6,   -6,    1,   -7,    9,    9,    9,    2,    2,    2,    2,    9,    9,
      -7,   -7,   -7,   -9,   -4,   -9,   -4,   -4,    5,    7,  -18,   -9,   -5,  -12,   -7,    5,
     -23,  -13,    9,    2,    7,    2,   -2,   -2,   -2,    9,   -5,    9,    9,    9,    2,    2,
       2,    2,    9,    9,   -2,   -7,   -9,    5,   -4,    2,    5,  -10,    7,   10,    7,   -5,
      -5,    5,   -2,    2,   -8,  -14,   -7,    5,  -20,    5,  -12,    6,   -2,   -5,   -2,   -2,
      -6,   -6,  -12,    5,  -12,    5,    5,  -16,    6,    6,    6,   -2,   -2,   -2,   -2,   -2,
      -2,   -2,   -6,    6,    6,   -2,   -2,  -10,  -10,    7,   -9,   14,  -18,    9,  -37,  -19,
     -37,  -47,  -14,  -14,    9,   -6,  -27,   -3,  -49,    7,    9,    9,   10,   11,  -23,  -33,
     -33,  -22,  -19,  -19,  -19,  -15,  -19,  -15,  -19,   14,  -37,  -28,  -49,  -37,  -33,  -34,
     -33,   19,   20,   20,  -52,  -56,  -52,  -19,  -37,  -46,   14,   12,   14,  -37,   -9,    9,
     -22,   -2,  -16,   -9,  -16,  -22,   -7,   -7,    7,  -18,  -34,    1,    9,    9,    2,   14,
     -13,  -14,   -8,   -2,  -14,   -8,  -15,   -9,   -5,  -11,   -5,    2,   14,  -27,  -11,  -37,
     -26,  -27,  -31,  -14,   -2,    5,   10,  -14,  -14,  -14,   -8,  -13,  -13,    7,   -2,    2,
       2,  -16,   -9,    9,   -1,   -2,   -9,    6,   -9,   -9,   -4,   -4,    7,  -14,  -33,    2,
       9,    4,   -1,   11,    5,  -12,   -8,    2,   -6,    2,    9,  -14,    5,  -36,    5,    5,
       5,  -12,    6,   11,   14,  -12,  -12,  -12,    5,    5,    7,   11,    2,    2,   -9,   -7,
      -2,  -14,   -3,   -9,    8,  -18,  -10,   -7,    2,   -1,    7,   -9,  -28,   -9,   -2,   -5,
      -7,   -9,  -14,  -14,  -22,   -5,   -9,   -9,   -9,  -28,   -2,   -2,   -2,  -28,  -28,  -28,
      -9,   -9,   -2,   -2,  -13,   -5,  -14,  -23,  -41,  -16,  -41,  -35,  -12,  -12,   -1,   -4,
     -27,   -9,  -58,   -3,   10,   14,   11,    7,   18,    9,  -23,  -30,  -30,  -21,  -22,  -23,
      -5,  -17,  -17,  -16,  -17,  -15,   14,  -36,  -26,  -72,  -23,  -45,  -46,  -57,    6,   14,
     -30,  -30,  -61,  -22,  -23,  -23,    6,   14,    5,    2,  -41,   -3,   -2,   -5,   -2,    2,
      -6,  -13,    4,   -5,   -9,   -2,   -2,   -2,   -3,   -2,   -2,    9,  -14,   -9,   -9,   -9,
      -9,   -5,   -2,   -5,   14,   -5,   -5,   -7,   31,   -6,   -3,   -2,   -3,   -5,   -5,   -5,
      -5,  -14,  -12,   -5,  -14,   -5,   -9,  -15,   -9,  -12,   -9,  -30,  -12,  -47,  -23,  -35,
     -19,  -47,   -2,   -7,  -20,   -8,  -12,  -16,   34,   -7,   -6,   -9,   -9,  -23,  -23,   -2,
      -2,   -2,  -20,  -16,  -16,  -16,  -20,  -20,  -20,   -2,   -2,   -7,  -16,  -16,   19,   37,
      -2,  -19,   -2,   -9,  -14,   -5,  -28,   -1,  -33,  -15,   -9,  -20,  -39,   -5,   -5,   -7,
      -4,   -6,   -9,   -4,  -17,  -17,   -5,   -5,   -4,   -4,   -4,   -5,   -5,   -5,   -4,   -4,
     -13,  -17,    2,    2,  -14,  -19,    5,    7,    5,   -7,  -23,    5,   -2,  -47,   -5,  -24,
     -20,   -8,  -45,    2,  -40,   -5,    5,   -8,   -4,   -9,  -15,  -14,  -15,   -4,   -5,   -9,
      -8,    5,    5,    5,   -8,   -8,   -8,    5,    5,   -8,   -8,  -21,  -12,    5,    2,   -3,
      -5,   -9,    5,    5,    9,   -7,    5,   -2,   -6,    5,    5,  -14,    9,   -6,  -37,  -14,
     -12,    9,  -26,    5,  -17,    3,    7,   -6,    5,    7,   -8,    5,   -8,    6,   -2,   -5,
      -5,    3,    3,    3,   -6,   -6,   -6,   -6,    3,    3,    7,   -5,   -5,    5,    2,  -14,
       5,  -14,  -14,    5,    5,    5,    5,  -27,    5,  -34,  -24,  -20,  -49,  -37,    5,   -7,
       2,   -2,  -14,   -7,  -14,   -1,   -5,    5,    5,    5,    5,    5,  -18,  -11,    5,   14,
       2,   14,  -16,   -9,  -16,   -9,    7,   -4,   -7,    6,   -5,    5,   -2,    2,    2,   -6,
       2,    7,    5,    5,   -4,   -4,   -4,   -7,    5,   19,   19,   -7,   -7,   -7,   -4,   -4,
      11,   19,    5,    8,   14,  -16,    5,   -9,   -5,  -22,  -21,   17,   -2,   -2,   -5,  -24,
     -28,  -10,   -7,  -14,  -33,   -5,   -9,  -16,  -16,   -5,   -5,   -5,   -5,   -5,   -5,  -19,
     -19,   15,  -15,   -9,   -8,  -20,   -8,   -5,   -5,   -5,   -7,   -8,  -20,   -5,   -5,  -12,
      -7,   -7,  -19,   -5,   -6,   -2,    1,   12,    1,    5,  -12,   -8,   -2,   -7,   -7,   -7,
     -19,   -5,   -5,   -5,  -19,  -19,  -19,   -7,   -7,   -5,   -5,   -2,   -6,   -8,   -8,   -8,
       5,    5,   -5,   -5,   -4,   -7,   -5,  -10,  -25,    5,   -5,   -7,  -10,   -8,   -5,   -5,
      -9,   -5,  -12,  -12,   -5,   -5,   -5,    5,    5,    5,   -7,   -8,   -8,   -8,   -7,   -7,
      -7,    5,    5,   -5,   -8,   -8,   -7,   -6,    5,   -5,   39,   -9,   18,   37,   14,   -5,
      -2,  -25,   -5,  -14,   15,  -21,   45,   45,   -1,   71,   15,   -5,   12,   -1,   35,   15,
      27,   -6,  -10,   15,   -9,   19,    5,  -30,  -30,   -2,    5,    5,   -2,   -4,   -5,   -8,
      -7,   -5,    5,   -7,   12,   -3,    9,    5,    5,    5,    8,    5,    4,   -4,    4,    5,
       2,   -5,   -5,   -5,   -7,    9,    9,    9,   -7,   -7,   -7,    5,   -5,   -5,    5,    9,
       9,    6,   10,  -30,   -9,    5,   -9,    7,   -2,    7,    5,    5,    5,  -21,   -2,    5,
      -5,    2,   -2,  -31,   -5,  -14,   -7,    5,  -21,  -22,    2,   -1,   -7,   -5,   -9,   -2,
      -9,    2,   -5,   -2,    2,    2,    2,   -1,   -5,   -5,   -5,   -1,   -1,   -1,    2,    2,
      -5,   -5,  -18,  -14,    7,    1,   -2,    5,   -5,   -5,   -3,    2,  -11,    2,    2,    5,
       1,   -5,   -1,   -6,   -1,    5,   -5,    2,    2,    2,    1,    1,    1,    2,    2,    1,
       1,   -3,   -5,   -9,   -5,  -25,   -5,  -15,  -21,   -2,   -2,   -9,   -2,    5,   -2,   -7,
     -24,   -2,  -24,   -9,    2,    2,   -2,    5,  -14,    1,  -14,   -5,   -2,   -7,  -11,   -7,
      -9,   -4,   -2,    7,   -7,    6,   -4,    7,   11,   11,    9,    5,   -4,   -4,   -4,   -2,
       6,    6,    6,   -2,   -2,   -2,   -4,   -4,    6,    6,    9,   -3,  -24,    2,   -5,   -9,
     -10,   -2,  -10,   -1,   -1,   -2,    5,  -19,   -8,  -25,   -5,   -4,  -14,    1,   -9,   -5,
      -2,   12,    5,   -5,    5,   -4,   -4,   -4,  -14,  -14,  -14,  -14,   -4,   -4,   -2,   -6,
     -10,    5,   -1,   -1,   -1,   -5,    5,  -19,   -5,  -18,  -10,    2,   -4,    5,    5,    5,
       5,    5,   -5,    5,    2,    2,    2,   -4,   -4,   -4,   -4,    2,    2,   -2,   -5,   -1,
      26,   -6,   -5,  -22,   -5,  -24,  -14,  -27,    2,    2,   23,   -2,   -2,   -2,    2,    2,
       2,    2,    2,    2,    2,    2,    2,   -9,   -6,   -2,   -5,   -5,    7,    7,    2,    5,
      23,   16,    9,    7,  -14,  -14,   -9,  -14,   13,   14,    5,    5,   -5,    5,    5,   -2,
      -9,   -7,   -5,   -7,    9,   14,   14,   14,   14,    5,    5,    5,    5,   14,   14,    5,
      -7,  -28,  -22,   -5,  -35,   -2,  -12,   -2,   -5,   -2,   -2,    1,   -2,   -2,   -2,  -12,
     -12,  -12,  -12,   -2,   -2,   10,   23,    7,   -9,   -9,   -9,  -13,    5,   -8,   -8,  -12,
      -5,  -12,   -5,    5,    5,    5,    5,    5,  -42,  -27,  -14,  -22,  -46,  -14,   -9,   -5,
      -5,   -5,   -5,   -5,   -5,   -9,   -9,   -9,   -9,  -14,  -23,  -22,  -10,  -36,  -14,  -33,
     -32,  -54,   -4,  -21,   -5,  -23,  -17,  -14,  -14,   38,   -5,  -15,   -9,   -9,  -22,  -31,
      -7,  -52,   -5,   -7,  -21,  -21,  -21,  -23,  -14,  -14,  -14,  -23,  -23,  -23,  -21,  -21,
      -5,  -14,  -16,  -24,  -29,  -19,   -9,    7,   13,    7,  -18,  -16,    7,   -4,    5,  -19,
     -13,  -22,    7,    5,   -2,   -2,   -5,   -7,   -5,    2,    7,  -31,    7,    7,    7,    5,
      -2,   -2,   -2,    5,    5,    5,    7,    7,   -2,   -2,   -5,   -7,    7,    7,    2,  -18,
      -7,   -2,  -26,   -4,   -4,   -9,   -2,  -14,  -10,   15,   19,   15,   11,   11,   11,   11,
      11,   11,   19,    9,   13,   13,   21,   13,  -10,   -6,   -6,    5,   -5,   -5,   -5,    5,
       5,   -7,   -9,   -9,    5,    5,  -14,    6,   -1,   -2,   -5,   -8,   -5,   -5,   -5,    6,
       6,    6,   -1,   -1,   -1,    6,    6,   -1,   -1,   -6,   -9,   -6,   -5,   -9,  -28,   -7,
      -9,  -42,   -9,    9,  -28,   -7,   12,  -21,   -7,  -14,  -36,  -23,  -29,  -22,    8,  -39,
     -45,   -2,   -6,  -14,  -10,   -7,   -5,   37,   -8,   -5,  -21,  -12,  -24,  -24,  -21,   -5,
      -2,   -2,   -2,  -14,   -5,   -5,   -5,  -14,  -14,  -14,   -2,   -2,   -6,   -5,   -5,  -42,
     -43,   -2,  -19,   -2,   -9,  -14,   -5,  -28,   -1,  -33,  -15,   -9,  -20,  -39,   -5,   -5,
      -7,   -4,   28,   -6,   -9,   -4,  -17,  -17,   -5,   -5,   -4,   -4,   -4,   -5,   -5,   -5,
      -4,   -4,  -13,  -17,    6,  -35,    7,    4,  -47,  -47,  -47,  -47,    1,    1,   10,  -34,
      10,    6,  -47,  -26,    2,  -29,   -9,  -28,   -7,    2,    2,   -9,   -9,  -22,   -9,   -6,
      -6,  -47,  -47,  -47,  -26,  -26,  -26,  -29,   -7,   -7,   -7,  -29,  -29,  -29,   -9,  -26,
     -26,    2,   -7,   -7,    7,    7,  -47,  -47,   15,   -5,   -2,   -2,   -7,   -8,   -2,   -2,
       5,  -10,   -7,   23,   -2,   -2,   -5,   -5,   -5,    5,   -5,  -10,  -10,  -10,  -10,   -5,
      -2,   11,   12,   -9,   -2,  -12,  -14,   20,   -9,   -9,   -2,   -2,   -2,  -12,  -12,  -12,
     -12,   -2,   -2,   18,   -8,    5,    5,   -5,   -5,   -4,   -7,   -5,  -10,  -25,    5,   -5,
      -7,  -10,   -8,   25,   -5,   -5,   -9,   -5,  -12,  -12,   -5,   -5,   -5,    5,    5,    5,
      -7,   -8,   -8,   -8,   -7,   -7,   -7,    5,    5,   -5,   -8,   -8,   -7,   -6,    5,   -5,
       2,    8,  -16,    4,    3,  -21,  -21,  -21,  -21,    5,    5,   10,  -16,   10,    6,  -16,
     -18,  -24,   -9,  -26,   -7,   -8,   -6,  -16,  -10,   -2,   -4,   -2,  -21,  -21,  -21,  -18,
     -18,  -18,  -24,   -7,   -7,   -7,  -24,  -24,  -24,   -2,  -18,  -18,   -7,   -7,    5,    8,
     -21,    2,    2,  -14,  -19,    5,    7,    5,   -7,  -23,    5,   -2,  -47,   -5,  -24,  -20,
      -8,  -45,    2,  -68,   -5,    5,   -8,   -4,   -9,  -15,  -14,  -15,   -4,   -5,   -9,   -8,
       5,    5,    5,   -8,   -8,   -8,    5,    5,   -8,   -8,  -21,  -12,    5,   -9,    1,   -2,
       5,   -5,   -5,   -3,    2,  -11,    2,    2,    5,    1,   22,   -5,   -1,   -6,   -1,    5,
      -5,    2,    2,    2,    1,    1,    1,    2,    2,    1,    1,   -3,   -5,    1,   -2,    5,
      -5,   -5,   -3,    2,    4,   11,    2,    2,    5,    1,   11,   -5,   -1,   -6,   -1,    5,
      -5,    2,    2,    2,    1,    1,    1,    2,    2,    1,    1,   -3,   -5,   -9,   -5,  -25,
      -5,  -15,  -21,   20,   -2,   -2,    1,   -2,    5,   -5,   -5,   -3,    2,  -11,    2,    2,
       5,    1,   19,   -5,   -1,   -6,   -1,    5,   -5,    2,    2,    2,    1,    1,    1,    2,
       2,    1,    1,   -3,   -5,  -33,  -33,  -29,    5,  -42,   -5,    6,   -2,   -2,   -5,   -5,
      -5,   -1,   -8,   14,    2,    2,   -8,   14,    2,    2,   -4,    2,   -2,  -34,  -48,   -1,
      -1,   -1,   -8,   -8,   -8,   -8,    2,   -1,   -1,  -33,  -33,  -33,  -23,  -11,  -61,   -4,
      14,   -5,   -2,   -8,   -5,   -5,   -7,  -11,   14,   -7,    1,    2,   -9,    9,    2,    2,
       2,    2,  -34,  -43,   -7,   -7,   -7,  -11,  -11,  -11,  -11,    2,   -7,   -7,  -33,   -9,
      -9,   -9,  -13,    5,   -8,   -8,   -9,   -9,    5,    5,    5,    5,    5,   -5,   -5,    5,
      -2,    2,   -5,   -9,   -7,
};

static const EpdFontData atkinson_hn_14_bolditalic = {
    atkinson_hn_14_bolditalicBitmaps,
    atkinson_hn_14_bolditalicGlyphs,
    atkinson_hn_14_bolditalicIntervals,
    51,
    35,
    24,
    -8,
    true,
    atkinson_hn_14_bolditalicGroups,
    9,
    nullptr,
    nullptr,  // kernLeftClasses: built-in fonts use the split arrays below
    nullptr,  // kernRightClasses
    atkinson_hn_14_bolditalicKernLeftCodepoints,
    atkinson_hn_14_bolditalicKernLeftClassIds,
    atkinson_hn_14_bolditalicKernRightCodepoints,
    atkinson_hn_14_bolditalicKernRightClassIds,
    nullptr,  // kernMatrix: built-in fonts use the sparse form below
    atkinson_hn_14_bolditalicKernRowOffsets,
    atkinson_hn_14_bolditalicKernSparseCols,
    atkinson_hn_14_bolditalicKernSparseValues,
    259,
    257,
    105,
    97,
    nullptr,
    0,
};
