/**
 * generated by fontconvert.py
 * name: atkinson_hn_16_regular
 * size: 16
 * mode: 2-bit  compressed: true
 * Command used: fontconvert.py atkinson_hn_16_regular 16 ../builtinFonts/source/AtkinsonHyperlegibleNext/AtkinsonHyperlegibleNext-Regular.otf ../builtinFonts/source/NotoSansHebrew/NotoSansHebrew-Regular.ttf ../builtinFonts/source/NotoSansArabic/NotoSansArabic-Regular.ttf --2bit --compress --pnum --zopfli
 */
#pragma once
#include "EpdFontData.h"

static const uint8_t atkinson_hn_16_regularBitmaps[10250] = {
    0xB5, 0x98, 0x47, 0xB0, 0xA6, 0x48, 0x72, 0x80, 0x3F, 0xA0, 0x63, 0x89, 0x58, 0x0E, 0x75, 0x91,
    0x77, 0x9C, 0xD7, 0x22, 0x77, 0x9C, 0x7E, 0x85, 0xFC, 0x51, 0xFE, 0x22, 0x7B, 0x97, 0xBD, 0xCA,
    0xF4, 0x3C, 0x58, 0xED, 0x3D, 0x34, 0xF7, 0x8B, 0xBC, 0x5B, 0x7B, 0x8F, 0x78, 0xAF, 0xAB, 0xE4,
    0xBD, 0x84, 0xBC, 0x97, 0x90, 0xF7, 0x52, 0x8D, 0x9A, 0x89, 0x65, 0x76, 0x0A, 0x52, 0x95, 0xC5,
    0xFF, 0x4C, 0x1B, 0xF5, 0xB4, 0x09, 0xFD, 0x54, 0x7E, 0x0F, 0xB2, 0x32, 0xB3, 0xA8, 0x84, 0x2C,
    0x78, 0xD8, 0xFE, 0xD6, 0x86, 0xA5, 0xCB, 0x5B, 0x9B, 0x37, 0xC3, 0x1D, 0x48, 0x62, 0xC7, 0xC1,
    0x0F, 0xBE, 0x23, 0xDA, 0x68, 0x2F, 0xCE, 0x74, 0xBB, 0x77, 0xF7, 0xDE, 0xDD, 0x4F, 0xF9, 0x14,
    0x9A, 0xC9, 0x82, 0xF1, 0x8F, 0xE0, 0x9C, 0x4E, 0x44, 0x76, 0xC5, 0xA6, 0x88, 0x58, 0x22, 0xB7,
    0x51, 0xAC, 0x70, 0x5E, 0x2E, 0x0C, 0x22, 0xB2, 0xC8, 0x15, 0x02, 0xB1, 0x0A, 0x9C, 0x50, 0xCF,
    0xB0, 0x26, 0x14, 0x6B, 0x33, 0x51, 0x2E, 0xC6, 0x03, 0x13, 0xC0, 0x7C, 0x85, 0x4E, 0x7A, 0xCA,
    0xE4, 0x8A, 0x11, 0xD9, 0xE9, 0xA6, 0x59, 0xD2, 0x14, 0xE6, 0xF7, 0x63, 0x99, 0x39, 0x61, 0x4C,
    0x68, 0xDF, 0x48, 0x68, 0x64, 0x05, 0x44, 0x66, 0xA8, 0x65, 0x07, 0xFE, 0x59, 0x7A, 0x98, 0xAD,
    0x4F, 0x30, 0x93, 0x62, 0x7E, 0x9F, 0xEE, 0x39, 0xE6, 0xD6, 0xDB, 0x69, 0x1E, 0x46, 0x23, 0x22,
    0x54, 0xA2, 0x7E, 0x9D, 0x8C, 0xB7, 0xC7, 0x65, 0x82, 0x42, 0x55, 0x11, 0x8C, 0x2C, 0x94, 0x2B,
    0xD8, 0xB7, 0x22, 0x75, 0x80, 0x81, 0x01, 0xE3, 0xE1, 0x82, 0x0E, 0xDB, 0x43, 0xA4, 0xED, 0x07,
    0xF2, 0xDF, 0x24, 0x70, 0x89, 0xAD, 0x16, 0xC0, 0x7E, 0x60, 0x6F, 0x66, 0xA0, 0x95, 0xA8, 0xE6,
    0x54, 0x32, 0x5B, 0x3E, 0x13, 0x92, 0x6C, 0x69, 0x1F, 0x28, 0xA2, 0x91, 0xA8, 0x3D, 0x21, 0xD9,
    0x02, 0x66, 0x3A, 0xC7, 0x02, 0xDD, 0x78, 0x41, 0xDB, 0x1F, 0x89, 0x34, 0x79, 0x84, 0x74, 0x8C,
    0x9E, 0x84, 0xC5, 0x42, 0x1D, 0xE8, 0xDE, 0xDA, 0xC0, 0xF8, 0x7C, 0x6E, 0xD8, 0xFE, 0x38, 0xD7,
    0x52, 0x3C, 0x60, 0x64, 0x05, 0xEC, 0xBF, 0xEF, 0x80, 0x63, 0x00, 0x36, 0x2C, 0xB0, 0x2B, 0x4F,
    0x1A, 0xFB, 0xF3, 0x1B, 0x64, 0x67, 0xE5, 0x04, 0x88, 0xF0, 0xA9, 0x54, 0xFB, 0xE0, 0x2D, 0x26,
    0xB4, 0xF3, 0x40, 0xE7, 0xEB, 0xF5, 0x3E, 0xB6, 0x2F, 0xF6, 0x88, 0x05, 0x9B, 0x69, 0x02, 0x76,
    0xA4, 0x5D, 0x69, 0x67, 0xDC, 0x4E, 0x23, 0x1F, 0xDF, 0x87, 0x51, 0xAF, 0x4F, 0x3B, 0xEB, 0xA5,
    0x6A, 0xD6, 0x18, 0x2F, 0x2E, 0x2E, 0xEE, 0xDD, 0xFB, 0x14, 0xCE, 0x88, 0xC5, 0x5A, 0x85, 0x6A,
    0x6E, 0xBC, 0xF1, 0x66, 0xEC, 0x7A, 0xCB, 0xB1, 0x9D, 0xE5, 0xED, 0xEA, 0xA8, 0xEB, 0xDB, 0xD1,
    0xF8, 0xC6, 0x57, 0x73, 0x15, 0x8A, 0x95, 0xC8, 0x79, 0xCC, 0x5A, 0x93, 0xBC, 0xEA, 0xA4, 0x2B,
    0x43, 0xB1, 0x10, 0xAF, 0xB7, 0x8B, 0x9B, 0xFD, 0x62, 0x29, 0x43, 0x15, 0xEA, 0x59, 0x2D, 0x35,
    0x7A, 0x84, 0x57, 0x4E, 0xED, 0xFB, 0x5F, 0x79, 0x9F, 0x13, 0x69, 0x65, 0x41, 0x34, 0x27, 0xF5,
    0x9F, 0x4C, 0xE6, 0x87, 0x42, 0xC5, 0x6B, 0x14, 0x2B, 0x3C, 0x1D, 0x56, 0x44, 0xA6, 0x1B, 0x3C,
    0x83, 0xC7, 0x1D, 0x2C, 0xE2, 0xDD, 0x68, 0x31, 0xBC, 0x9F, 0x57, 0xB8, 0x07, 0x88, 0x84, 0xA3,
    0xDD, 0x61, 0x38, 0x75, 0xC2, 0x95, 0xDC, 0x07, 0x62, 0x96, 0xEC, 0x5F, 0x85, 0x43, 0xEA, 0x19,
    0x8C, 0x3F, 0xA4, 0x1D, 0x6F, 0xCC, 0xCF, 0x9F, 0xCF, 0xFC, 0x2E, 0x40, 0x23, 0x13, 0x0C, 0x12,
    0x29, 0xE5, 0xDF, 0x85, 0x2A, 0x62, 0xBD, 0x59, 0x31, 0x93, 0xD9, 0x68, 0x42, 0x27, 0x54, 0xC1,
    0xFE, 0xB0, 0xAF, 0x16, 0xFB, 0x55, 0x73, 0xB5, 0xDA, 0x32, 0x24, 0x10, 0xCB, 0x68, 0xB1, 0xE5,
    0x6A, 0x69, 0xBF, 0x74, 0xB5, 0x7D, 0xF3, 0x8B, 0xAB, 0x1D, 0xAB, 0x07, 0x4B, 0xE7, 0x91, 0x60,
    0x3C, 0x43, 0x30, 0x81, 0x6E, 0xAA, 0x56, 0x06, 0x5F, 0xCA, 0x7F, 0x4B, 0x0E, 0x7F, 0x1A, 0xA8,
    0xF6, 0xB4, 0xBE, 0x10, 0x2F, 0xB9, 0x7D, 0xE8, 0xE3, 0x1E, 0xF3, 0x9C, 0xAD, 0x91, 0x11, 0x44,
    0x16, 0x2A, 0xF9, 0x70, 0xA4, 0x09, 0x08, 0x66, 0xC2, 0xF6, 0xB5, 0x4F, 0x80, 0x5B, 0x18, 0x00,
    0x76, 0xA0, 0x8C, 0x40, 0xB3, 0x00, 0xED, 0x04, 0xB8, 0x1E, 0xAA, 0x0D, 0x30, 0x01, 0x18, 0x3C,
    0x94, 0xFB, 0xD5, 0x91, 0x15, 0x11, 0x7F, 0x03, 0xEC, 0x0E, 0x95, 0xC8, 0x8C, 0xD9, 0x3F, 0xBE,
    0xD2, 0xF9, 0x22, 0x62, 0x61, 0xE7, 0xB3, 0xE0, 0xFE, 0x55, 0xF8, 0xA4, 0x83, 0x76, 0xC9, 0xD5,
    0xA1, 0x18, 0xA1, 0x96, 0x05, 0x28, 0x37, 0x00, 0xA7, 0xB0, 0x19, 0xFD, 0x59, 0x02, 0x03, 0xA9,
    0x59, 0x5F, 0xEC, 0x98, 0xFD, 0x7B, 0xE3, 0x11, 0x9E, 0x61, 0x07, 0xA8, 0xC2, 0xF5, 0x89, 0x28,
    0x5C, 0x42, 0x21, 0x09, 0xD5, 0x83, 0x04, 0xF3, 0x07, 0x09, 0xF6, 0x83, 0x09, 0xAE, 0x0A, 0x14,
    0x31, 0xA1, 0x0A, 0x09, 0x66, 0x4A, 0xE8, 0xC6, 0x84, 0x81, 0x84, 0xBC, 0x72, 0x66, 0x38, 0x05,
    0xAA, 0x7B, 0x12, 0x2A, 0x11, 0xA1, 0x56, 0x34, 0x22, 0x3B, 0x8D, 0x07, 0xCC, 0x23, 0xF8, 0x4D,
    0xE9, 0x31, 0x22, 0x33, 0xED, 0xFE, 0xF1, 0x48, 0x3B, 0x17, 0x1B, 0xEF, 0x18, 0x19, 0xB8, 0xCE,
    0xF3, 0x08, 0x74, 0x0A, 0x3B, 0x76, 0xAA, 0x4B, 0xDA, 0x81, 0x76, 0x4A, 0x76, 0xCD, 0xFE, 0xBD,
    0x2B, 0xA5, 0xFA, 0xD2, 0xED, 0x40, 0xAB, 0xD0, 0xC3, 0x4A, 0x52, 0x26, 0x4D, 0x28, 0x23, 0xAD,
    0xA7, 0x3F, 0xC5, 0x01, 0xB8, 0x5F, 0xFC, 0x24, 0x5C, 0x5A, 0x19, 0xD9, 0x44, 0x02, 0xB2, 0x7C,
    0x76, 0x44, 0x7C, 0x0A, 0x25, 0xE0, 0x14, 0x96, 0x5D, 0x71, 0xFF, 0x26, 0x89, 0x3D, 0xBB, 0xDE,
    0x69, 0x11, 0x23, 0x2E, 0xCF, 0xC8, 0xC3, 0xB0, 0x81, 0xCE, 0x5C, 0x65, 0x48, 0x02, 0xEC, 0x40,
    0x84, 0xEA, 0x54, 0x13, 0xE6, 0x54, 0x0F, 0x56, 0x05, 0x70, 0x47, 0x77, 0xA9, 0x26, 0x0B, 0x34,
    0x6A, 0x32, 0x41, 0xA7, 0xDD, 0xFD, 0xD1, 0xBD, 0x1D, 0xDD, 0xD4, 0x3B, 0x60, 0x65, 0x02, 0x11,
    0xBD, 0x06, 0x65, 0xD4, 0x88, 0x19, 0xAF, 0x2A, 0x2E, 0x29, 0x17, 0x22, 0xEC, 0xF5, 0x0A, 0x83,
    0x04, 0x10, 0x59, 0x8F, 0x2C, 0x9B, 0xC0, 0x30, 0x5A, 0xBD, 0xFF, 0x6D, 0x8F, 0x99, 0x2C, 0x98,
    0x39, 0xEF, 0x65, 0x5D, 0x9B, 0x7A, 0x7D, 0x5A, 0x23, 0x85, 0x42, 0x24, 0x42, 0x2B, 0xE3, 0x29,
    0x67, 0x4E, 0x73, 0xA6, 0x3A, 0xB3, 0x56, 0x1B, 0xAD, 0xC7, 0x61, 0xC7, 0xD4, 0x2C, 0x1A, 0x0A,
    0xCC, 0x35, 0x5A, 0xAF, 0x1D, 0x7D, 0x3B, 0x21, 0x98, 0xAD, 0xDE, 0x0F, 0x37, 0x9C, 0xAC, 0xD0,
    0x48, 0xE0, 0x98, 0x96, 0x7A, 0x83, 0x03, 0x88, 0xE4, 0xA4, 0x1C, 0x53, 0xB6, 0xB8, 0x51, 0xFC,
    0xC0, 0x1D, 0x1E, 0xFE, 0x5D, 0xAF, 0x4B, 0x4F, 0xB1, 0x78, 0x7C, 0x59, 0x03, 0x6A, 0xC5, 0x80,
    0x8E, 0x0D, 0xB8, 0xED, 0xB4, 0x04, 0x5C, 0xCF, 0x4E, 0x16, 0x12, 0x46, 0xC5, 0xC2, 0x49, 0x87,
    0xAC, 0x9C, 0xEC, 0xD4, 0xE3, 0xE4, 0xCB, 0x70, 0xC4, 0x93, 0xF4, 0xF3, 0x19, 0x2E, 0x61, 0xE4,
    0xE1, 0x5F, 0xD6, 0xDD, 0x98, 0xCC, 0x00, 0xBB, 0x42, 0x8E, 0xCA, 0xEE, 0xA1, 0xCC, 0x23, 0x75,
    0xBA, 0x5B, 0xE4, 0x91, 0x8C, 0x00, 0x28, 0x1A, 0x39, 0xE9, 0x5A, 0xE9, 0xD5, 0xEE, 0xE4, 0x21,
    0xE1, 0x2A, 0xCA, 0xAC, 0xA0, 0xDB, 0x29, 0x45, 0xA6, 0xB4, 0x1C, 0x2C, 0xAD, 0x2F, 0xA3, 0xED,
    0xD9, 0xDE, 0x09, 0xDB, 0x69, 0xD1, 0x4D, 0x52, 0xAB, 0xE7, 0x44, 0x21, 0x3D, 0xF5, 0x7A, 0x64,
    0xBC, 0xF5, 0x87, 0xBC, 0xB3, 0x07, 0x80, 0x82, 0xD3, 0xCD, 0x35, 0x25, 0xD1, 0xBE, 0xF1, 0xD6,
    0x1C, 0x7A, 0x30, 0x22, 0x0B, 0xB8, 0xE9, 0x1D, 0x42, 0x19, 0xD5, 0xB4, 0x9E, 0xA1, 0x0A, 0x66,
    0x6C, 0xA5, 0x5F, 0x3A, 0x44, 0xFC, 0xC5, 0xDD, 0x6A, 0xFB, 0x76, 0xFF, 0xCA, 0xBD, 0x66, 0x36,
    0xFE, 0xEE, 0x85, 0x3E, 0xD6, 0xCE, 0xAE, 0x38, 0xAA, 0x26, 0xF3, 0x9E, 0xF1, 0xAD, 0xBF, 0xF7,
    0x4A, 0x1D, 0x86, 0xBF, 0x5D, 0xCF, 0xB4, 0xDA, 0x43, 0x8B, 0x9B, 0x25, 0x75, 0x5D, 0x2F, 0x35,
    0x14, 0x9B, 0x92, 0x61, 0xAE, 0x7D, 0x1E, 0x37, 0x11, 0xB7, 0xDF, 0xCA, 0x69, 0xAF, 0xCC, 0xEA,
    0x22, 0xB3, 0x92, 0x99, 0xD3, 0x7A, 0x44, 0xF3, 0x60, 0x01, 0xCC, 0xEF, 0x45, 0xA5, 0x57, 0x76,
    0xE3, 0xCE, 0xA9, 0x3A, 0x93, 0x58, 0x60, 0x4B, 0x3A, 0x88, 0x18, 0x4F, 0x99, 0x38, 0x91, 0x4F,
    0x84, 0x3A, 0xD3, 0x24, 0xAE, 0xAA, 0x3C, 0x16, 0x03, 0x36, 0xEC, 0x08, 0x82, 0xCD, 0xEE, 0x0E,
    0xB0, 0xBD, 0x13, 0x19, 0x49, 0x58, 0x14, 0x1B, 0x8E, 0x42, 0x12, 0xB0, 0x19, 0xFD, 0x35, 0x48,
    0x10, 0xDC, 0x87, 0x3E, 0x1E, 0xD5, 0x2E, 0xDC, 0x18, 0xE7, 0x5E, 0x9F, 0x60, 0xA6, 0x87, 0xD0,
    0xAA, 0xCE, 0xE5, 0x1B, 0x89, 0x84, 0xA8, 0x98, 0xB8, 0xBA, 0xF2, 0xD2, 0x17, 0x22, 0x32, 0x57,
    0x3B, 0xED, 0x62, 0x02, 0x65, 0x6C, 0xFD, 0xE9, 0xF5, 0x10, 0x7B, 0x7D, 0x43, 0xBA, 0xC7, 0x71,
    0x7B, 0x6D, 0xF4, 0xA7, 0x07, 0xCE, 0x8F, 0xE6, 0x00, 0xD5, 0x8E, 0x59, 0x73, 0xD0, 0x1C, 0x9E,
    0x77, 0xE4, 0x19, 0xED, 0x5C, 0xCF, 0x6D, 0xC7, 0x51, 0xCA, 0xE8, 0xC0, 0xE6, 0x93, 0x0C, 0x09,
    0xB5, 0xA2, 0x5A, 0x15, 0x31, 0xA1, 0x7C, 0x02, 0xAA, 0x8C, 0xF5, 0xCA, 0xD8, 0x28, 0x34, 0x40,
    0x21, 0xE3, 0x11, 0x54, 0x6E, 0x0D, 0xB4, 0x5F, 0x0B, 0xF0, 0x44, 0x11, 0x19, 0xAF, 0x05, 0x78,
    0xB2, 0x5C, 0xC7, 0x92, 0x93, 0xC4, 0x2B, 0x79, 0x8A, 0xFD, 0x23, 0x36, 0x6F, 0x2F, 0xA7, 0x6A,
    0xCD, 0xD9, 0xD2, 0xC4, 0x05, 0x72, 0x0E, 0xC9, 0xE9, 0xA4, 0xD3, 0xCC, 0x1E, 0x49, 0xC6, 0x2A,
    0x18, 0x32, 0xDD, 0x89, 0xB5, 0xC8, 0x6D, 0xE6, 0x5E, 0x8B, 0xED, 0x33, 0xBD, 0xB2, 0x9D, 0xC0,
    0x69, 0xB4, 0x42, 0x34, 0x72, 0x23, 0x79, 0x94, 0xBF, 0xC9, 0x23, 0x1A, 0xF4, 0x02, 0x19, 0x72,
    0x6E, 0x9F, 0x19, 0x22, 0x72, 0x1B, 0x50, 0x3D, 0x1F, 0xAC, 0x2C, 0xA9, 0x7D, 0xEA, 0xFE, 0x35,
    0x44, 0x9E, 0xAB, 0x25, 0x97, 0xC3, 0x57, 0xA3, 0xBC, 0xA8, 0x9C, 0x53, 0x2D, 0x03, 0x55, 0xB0,
    0xD4, 0xC1, 0x7A, 0x13, 0x8C, 0x88, 0xD7, 0xCC, 0xE1, 0x56, 0xAE, 0xEE, 0x4A, 0x2D, 0xA7, 0x72,
    0xC3, 0xD1, 0xA8, 0xAE, 0x9D, 0x13, 0x06, 0x8F, 0x2B, 0xD4, 0xAA, 0x8A, 0x09, 0x26, 0x24, 0xD8,
    0x39, 0x41, 0x82, 0x42, 0x75, 0xAF, 0x4B, 0xC2, 0xE4, 0x7A, 0x5C, 0x6F, 0x7D, 0x4E, 0x79, 0x42,
    0xBD, 0x72, 0x0A, 0x85, 0x70, 0x55, 0xA3, 0xED, 0x9C, 0x60, 0x96, 0x04, 0x9E, 0x5F, 0x9E, 0xE1,
    0x4E, 0x0D, 0xD0, 0x45, 0xB7, 0x80, 0x8D, 0x2E, 0x5E, 0xD1, 0x45, 0xB7, 0x81, 0x44, 0xE7, 0x60,
    0x8B, 0xCE, 0x52, 0x2A, 0xFB, 0xEA, 0x8D, 0xE8, 0x3A, 0x5F, 0xBD, 0x1E, 0x9D, 0xF1, 0x8D, 0x72,
    0x4A, 0x2B, 0x9D, 0x6B, 0x82, 0xF9, 0xF9, 0xE8, 0xAA, 0xD0, 0x7D, 0x20, 0x71, 0xB1, 0x5F, 0x12,
    0x5D, 0x19, 0x6D, 0x11, 0x1D, 0xF1, 0xBE, 0x72, 0x8B, 0xCA, 0x21, 0xD3, 0xAE, 0x99, 0x41, 0xD9,
    0x66, 0x9A, 0x39, 0x71, 0xD6, 0xAB, 0x1D, 0x14, 0xF1, 0x1A, 0xA2, 0xB0, 0x7D, 0x42, 0xE7, 0x13,
    0xCC, 0x94, 0xD0, 0x84, 0x84, 0x6A, 0x4D, 0x28, 0x62, 0x02, 0xBB, 0x62, 0x50, 0xD8, 0x0F, 0x26,
    0x98, 0x5F, 0x54, 0x3C, 0x48, 0xA8, 0x14, 0xA5, 0x24, 0x90, 0xE1, 0x14, 0x56, 0xD1, 0xAD, 0xAA,
    0x3F, 0x6A, 0x68, 0x84, 0xEB, 0x1A, 0x8A, 0x98, 0x85, 0x62, 0xCF, 0x15, 0x20, 0x47, 0x35, 0x8C,
    0xB6, 0x87, 0xCE, 0x0F, 0x80, 0xF1, 0xEE, 0x86, 0xD3, 0x6D, 0x1E, 0xBD, 0x87, 0xE5, 0xE1, 0x75,
    0x53, 0x43, 0xFB, 0x11, 0xF9, 0x34, 0xCA, 0x69, 0xC4, 0x3C, 0xBA, 0x13, 0xE9, 0x6F, 0xAD, 0x72,
    0xD7, 0x2B, 0xF8, 0xA8, 0xF0, 0x09, 0x9D, 0xC2, 0x66, 0x8C, 0xDA, 0x9B, 0xED, 0x14, 0xEB, 0xC9,
    0x17, 0x78, 0x66, 0xBC, 0xDC, 0x8C, 0xCB, 0x5E, 0xE7, 0xDA, 0x4C, 0x4A, 0xB3, 0x9A, 0xD4, 0x5B,
    0x49, 0x9E, 0xB1, 0xFC, 0xB7, 0xCE, 0xB8, 0x13, 0x9D, 0x71, 0x23, 0x98, 0x40, 0x25, 0xBD, 0x46,
    0x96, 0x09, 0x49, 0xBF, 0x45, 0x47, 0xFC, 0xE0, 0x9E, 0x47, 0xDF, 0x00, 0xF8, 0x62, 0xE0, 0xB4,
    0xA2, 0x5E, 0xCF, 0x45, 0x1E, 0x7E, 0x24, 0x75, 0x8A, 0xF6, 0xE1, 0x14, 0x48, 0xFF, 0xE8, 0xEC,
    0xCB, 0x0D, 0x1C, 0xA2, 0xB0, 0xFE, 0xAA, 0xEA, 0x9A, 0x25, 0xA1, 0x8A, 0xD7, 0xE5, 0x33, 0x1C,
    0x0F, 0x8E, 0x47, 0x3F, 0x82, 0xCC, 0x48, 0x6F, 0x47, 0xCE, 0xB0, 0xC0, 0x09, 0x1E, 0xE8, 0x56,
    0xC0, 0x48, 0x62, 0x21, 0x32, 0x43, 0x23, 0x3B, 0xCA, 0xFE, 0xCA, 0xC0, 0x4C, 0x8A, 0xF9, 0xFD,
    0x09, 0x5A, 0xB9, 0xAD, 0xB7, 0x33, 0xCE, 0x3F, 0xF2, 0x11, 0x24, 0x4F, 0x3C, 0xC3, 0xC9, 0xF1,
    0x3E, 0x0C, 0xFF, 0x7F, 0xC8, 0x4B, 0xE4, 0x4B, 0x63, 0x48, 0x58, 0x32, 0xEC, 0x48, 0x13, 0xAC,
    0xC7, 0x84, 0x76, 0x61, 0x98, 0x1A, 0x11, 0x19, 0x4B, 0x91, 0x1D, 0x3A, 0x99, 0x71, 0x3A, 0xA8,
    0xED, 0xA9, 0xA2, 0xF5, 0xC9, 0xAD, 0xF3, 0xD4, 0xC1, 0x4C, 0x98, 0x60, 0x02, 0x66, 0xAE, 0x03,
    0xAD, 0xAF, 0x16, 0x3A, 0x5F, 0x45, 0xEC, 0x58, 0x44, 0x06, 0x38, 0x2D, 0x66, 0x1B, 0x0C, 0x49,
    0x81, 0xFD, 0x52, 0xC5, 0x2F, 0x2E, 0xD0, 0xFE, 0x6A, 0x00, 0xF3, 0x17, 0xE1, 0xF4, 0x66, 0x5B,
    0x89, 0x57, 0xE4, 0xFA, 0xE8, 0x01, 0x81, 0x21, 0xB1, 0x47, 0xEC, 0x88, 0x8C, 0xEC, 0xD6, 0x23,
    0x9E, 0xAD, 0xF3, 0x85, 0xF8, 0x22, 0xA6, 0x81, 0x24, 0x0D, 0x63, 0xA6, 0xEA, 0x13, 0x53, 0xB5,
    0x9A, 0x50, 0x3D, 0x98, 0xAB, 0xA5, 0x09, 0xF5, 0xDF, 0x87, 0x3A, 0x6D, 0xCD, 0x2F, 0x86, 0x26,
    0x54, 0x8B, 0xF9, 0x85, 0xC5, 0xCC, 0xA9, 0xD7, 0xAF, 0x66, 0x2A, 0xA3, 0x19, 0x63, 0x9B, 0x3C,
    0xBB, 0x3E, 0x76, 0x9E, 0xCD, 0x72, 0x61, 0x35, 0x2A, 0xAF, 0xDA, 0x1E, 0x77, 0xC6, 0xD9, 0x00,
    0xC3, 0xAB, 0x58, 0x07, 0x36, 0xD2, 0xED, 0xF9, 0x4F, 0xBB, 0x41, 0xB7, 0x62, 0x22, 0xB4, 0x4B,
    0xFE, 0xA3, 0x13, 0x5D, 0xB1, 0x9E, 0xE2, 0xB8, 0xDF, 0x23, 0xCD, 0x72, 0xDA, 0x69, 0xE7, 0xAB,
    0x32, 0x1A, 0x46, 0x01, 0xBA, 0xDF, 0xDF, 0x00, 0xF3, 0x89, 0x15, 0xA8, 0x24, 0x5C, 0xBF, 0x2D,
    0x22, 0xA3, 0xF2, 0xD6, 0x9B, 0x63, 0x23, 0x0B, 0xD0, 0xFE, 0x7D, 0x04, 0xAC, 0x17, 0x40, 0x18,
    0x46, 0xCA, 0x0D, 0x3B, 0x69, 0x64, 0x13, 0x4E, 0x43, 0xD8, 0x49, 0x95, 0xA9, 0x0B, 0x41, 0xA0,
    0xCA, 0xD7, 0x62, 0xE9, 0xF4, 0x72, 0x99, 0x99, 0xD6, 0xD7, 0x01, 0x3B, 0x1E, 0x05, 0xB0, 0xB1,
    0x9D, 0x1E, 0x3F, 0xF6, 0xCB, 0x02, 0xB4, 0xBF, 0x3B, 0x83, 0x39, 0x72, 0xDC, 0x43, 0x29, 0x00,
    0x9B, 0x22, 0x3E, 0x13, 0x1E, 0xFD, 0xAE, 0x73, 0xAA, 0x08, 0x01, 0xAA, 0x9B, 0x2F, 0x09, 0xF3,
    0x63, 0xFA, 0xFA, 0x71, 0x7D, 0xB9, 0xA9, 0x3E, 0xD7, 0x5A, 0xB8, 0xD2, 0x6B, 0xA9, 0xCC, 0x8A,
    0x70, 0x60, 0x4F, 0xDB, 0xCF, 0x5D, 0xF2, 0x3C, 0x9B, 0xFB, 0x39, 0xF5, 0xB2, 0x80, 0x4A, 0xD7,
    0x83, 0xF1, 0x87, 0x34, 0x13, 0xD4, 0x01, 0xAA, 0x24, 0xE5, 0x02, 0xC5, 0x7A, 0x9A, 0xD8, 0x25,
    0x70, 0x7E, 0xCB, 0xA1, 0x1D, 0x6F, 0x39, 0xCC, 0x87, 0x43, 0x75, 0xDB, 0x61, 0xBB, 0xED, 0x80,
    0x15, 0x2B, 0xEF, 0x76, 0xD8, 0xE7, 0xD9, 0xDE, 0xED, 0xD4, 0x2B, 0x9F, 0x8E, 0x59, 0xA0, 0x8D,
    0x60, 0x37, 0x70, 0x03, 0x44, 0xDB, 0x97, 0xAB, 0xF1, 0x55, 0x30, 0x53, 0x33, 0x27, 0xFA, 0x54,
    0x60, 0x23, 0xD1, 0xC2, 0xA5, 0x15, 0x99, 0x4F, 0x32, 0x7D, 0x0A, 0x0C, 0xBA, 0xF6, 0xE4, 0xB3,
    0x8B, 0xD0, 0xC1, 0xB0, 0x52, 0x89, 0xF4, 0xE6, 0x4D, 0xE7, 0x3B, 0xDF, 0xCC, 0x4D, 0xEE, 0x52,
    0xF9, 0xF4, 0xC0, 0xF7, 0x4A, 0xA8, 0x45, 0x82, 0x5D, 0xAB, 0xE0, 0xFA, 0x2A, 0x6C, 0x49, 0x1F,
    0xA9, 0xC3, 0x8E, 0x09, 0xEE, 0x8F, 0x64, 0xE9, 0xE4, 0xCD, 0xB5, 0x16, 0x1F, 0x23, 0xF0, 0x7F,
    0x4A, 0xBB, 0xB1, 0x89, 0x78, 0xD9, 0x5D, 0x10, 0xDF, 0x2C, 0x42, 0x19, 0x05, 0xB6, 0x1D, 0xF6,
    0x0D, 0x24, 0x82, 0xD3, 0xBF, 0x7A, 0xAC, 0x7A, 0xED, 0x57, 0x3B, 0xB5, 0x8F, 0x22, 0x5E, 0xFD,
    0xE9, 0x22, 0xA5, 0xC8, 0x68, 0xC4, 0xCD, 0xED, 0x54, 0x07, 0xDB, 0x17, 0xE3, 0x00, 0xEC, 0xC0,
    0x76, 0x4B, 0x76, 0xC0, 0x01, 0xDA, 0x9F, 0xEC, 0x16, 0xB3, 0xBB, 0xB9, 0x4A, 0x7E, 0x3A, 0x47,
    0xE0, 0xFC, 0xED, 0x30, 0x2C, 0xE7, 0x54, 0xB2, 0x9F, 0x93, 0x1C, 0x77, 0xBA, 0xA9, 0xDE, 0x35,
    0xD4, 0xCE, 0x00, 0x3B, 0x02, 0xF7, 0xD9, 0x15, 0x9B, 0x1A, 0xE7, 0x3D, 0x51, 0x38, 0xC8, 0x76,
    0xD9, 0x43, 0xD4, 0x57, 0x34, 0x8A, 0xD5, 0x78, 0x09, 0xDD, 0x86, 0x9E, 0xBC, 0xD7, 0x8E, 0x80,
    0xBE, 0x8D, 0x60, 0x21, 0x32, 0x68, 0x94, 0x0D, 0x2C, 0x92, 0x7E, 0x07, 0xF6, 0x6F, 0xFC, 0xC6,
    0x6F, 0x64, 0x7B, 0xF8, 0xBF, 0x9E, 0x6E, 0x2A, 0x17, 0x8C, 0xB8, 0x85, 0x4A, 0x64, 0x3A, 0xE2,
    0x31, 0xCC, 0xC8, 0x5C, 0xEE, 0x5F, 0x53, 0x05, 0xAE, 0x9B, 0x93, 0x39, 0xB5, 0x4F, 0x7F, 0xA3,
    0xD7, 0xC3, 0x67, 0x6B, 0xB8, 0x70, 0xB7, 0x92, 0xED, 0xAE, 0xD9, 0xDD, 0x66, 0xA7, 0x7A, 0xB3,
    0x7D, 0xB9, 0x39, 0xD8, 0xF6, 0x24, 0xDB, 0x21, 0x97, 0xDB, 0xE9, 0xD8, 0x41, 0xEE, 0xB7, 0xBE,
    0xDE, 0xD4, 0x3E, 0xF9, 0x5D, 0xE2, 0xC2, 0xE5, 0x29, 0xF7, 0xD1, 0xF8, 0x22, 0x9A, 0xA5, 0x59,
    0x6A, 0x91, 0x99, 0xFC, 0xFF, 0xD8, 0x6B, 0x3C, 0xC3, 0x8D, 0x31, 0xCA, 0x2E, 0x5E, 0xBC, 0x99,
    0x25, 0xDF, 0x58, 0x55, 0xD8, 0x4E, 0x12, 0x9F, 0x41, 0xAA, 0xD9, 0x2C, 0x66, 0xA9, 0x03, 0x00,
    0xD8, 0x60, 0xC3, 0xA7, 0x87, 0xEA, 0x29, 0x1B, 0x66, 0xC4, 0x4E, 0xDA, 0x5A, 0xCF, 0xF5, 0xCF,
    0xF8, 0xE7, 0x6D, 0xEA, 0xDE, 0x8D, 0xEF, 0x96, 0xDE, 0x0A, 0x76, 0x79, 0xFA, 0x34, 0xB1, 0x3E,
    0xE2, 0x88, 0x45, 0x24, 0xD6, 0x81, 0x68, 0x26, 0x2D, 0xD6, 0x9C, 0x53, 0xD9, 0x40, 0x44, 0xC5,
    0x23, 0x66, 0x66, 0xD3, 0xFE, 0x32, 0x12, 0x11, 0xF5, 0xEB, 0x23, 0x9D, 0x8F, 0x98, 0x10, 0x79,
    0xD6, 0x4D, 0x7E, 0x74, 0x08, 0x5D, 0x88, 0xED, 0x5A, 0x88, 0x8F, 0x22, 0x46, 0x16, 0xF9, 0xA4,
    0xC8, 0x7F, 0x47, 0xF1, 0x6D, 0x64, 0x17, 0xCC, 0x82, 0xDB, 0x69, 0x02, 0x76, 0xA3, 0xBE, 0x66,
    0xA4, 0x9E, 0x5F, 0x80, 0xED, 0x46, 0x7C, 0xC9, 0x0B, 0x78, 0xAB, 0x3A, 0x44, 0xAB, 0x63, 0xAE,
    0x23, 0x9A, 0x1C, 0x06, 0x70, 0xEC, 0x30, 0xB0, 0x81, 0xBD, 0x05, 0xD5, 0xE5, 0xDE, 0x6C, 0xA7,
    0x25, 0x17, 0xB3, 0xEF, 0x11, 0x25, 0xC7, 0x5B, 0xF5, 0xC4, 0x5E, 0x70, 0xC9, 0xD9, 0x8E, 0x25,
    0xE7, 0x89, 0x97, 0x92, 0x61, 0x39, 0xD3, 0xCA, 0x3E, 0x7B, 0x74, 0x7D, 0x70, 0xCF, 0xBE, 0x3E,
    0xEC, 0xD9, 0x57, 0xA3, 0x9C, 0xD6, 0x1B, 0x20, 0xC3, 0x66, 0x08, 0xD0, 0x29, 0xEA, 0x7D, 0x6D,
    0xA6, 0x68, 0xA7, 0x4D, 0x26, 0x59, 0x10, 0x8F, 0xA0, 0x6D, 0x87, 0x2D, 0xB7, 0xF8, 0xA4, 0x56,
    0xC8, 0x3F, 0x60, 0x64, 0xC7, 0xFE, 0x9B, 0x8C, 0x03, 0xAD, 0xBF, 0xE4, 0x0E, 0x03, 0x60, 0xFF,
    0x01, 0xDA, 0xE3, 0xA3, 0x27, 0x34, 0xE2, 0xA1, 0xCD, 0x4F, 0xB5, 0x7B, 0x49, 0x04, 0x33, 0xD9,
    0x4F, 0x8A, 0x37, 0x22, 0x14, 0xB2, 0x00, 0x94, 0xCB, 0x4D, 0x1B, 0x24, 0xA4, 0xF6, 0xE9, 0x6F,
    0xF6, 0x7A, 0xF8, 0xF4, 0xB6, 0xBF, 0x86, 0x04, 0x86, 0x10, 0xA9, 0x9F, 0x59, 0x36, 0x9A, 0x70,
    0x1F, 0x13, 0x06, 0x2D, 0xDE, 0xB7, 0x24, 0xB4, 0xF2, 0x20, 0x54, 0xF2, 0x65, 0x49, 0x47, 0xB4,
    0x94, 0xAB, 0xA5, 0x0A, 0xDD, 0xA8, 0xCF, 0x33, 0xFD, 0x30, 0x77, 0xF0, 0xD0, 0x1C, 0xBD, 0xC4,
    0xCB, 0x24, 0x11, 0xCE, 0x93, 0xD8, 0x25, 0x49, 0x80, 0x36, 0x89, 0x99, 0x70, 0xA8, 0xAD, 0xA5,
    0x9B, 0x94, 0x76, 0xAE, 0x43, 0xD7, 0xDB, 0x60, 0xA6, 0xD6, 0xBF, 0x1A, 0x34, 0xD6, 0xC5, 0xA2,
    0x5C, 0xD7, 0x76, 0x6C, 0xA6, 0xE5, 0xC2, 0xF6, 0xD5, 0xEB, 0xE1, 0x9E, 0xA5, 0xFA, 0x9F, 0x70,
    0x37, 0xF1, 0xC1, 0x7C, 0xF6, 0x2A, 0xC5, 0x5B, 0x53, 0x17, 0x41, 0x7C, 0x9B, 0x69, 0x56, 0x70,
    0xA3, 0xD1, 0x51, 0x68, 0x82, 0xB2, 0x0A, 0xD8, 0x3E, 0xBF, 0x4F, 0x2E, 0xFA, 0x1A, 0x5B, 0x2D,
    0xAD, 0xCF, 0xAF, 0xB8, 0x4E, 0xC0, 0x1E, 0xEF, 0x7D, 0x98, 0x00, 0xDD, 0x0A, 0xC3, 0x06, 0xBB,
    0xCB, 0x6F, 0xBF, 0xFA, 0xDE, 0x6B, 0xF4, 0x39, 0xE6, 0xAB, 0x38, 0xC0, 0x76, 0x9F, 0x2A, 0xCF,
    0xD4, 0xF6, 0x75, 0x9A, 0xDB, 0x31, 0xD3, 0x64, 0xE1, 0xEB, 0xF9, 0x98, 0x69, 0xB5, 0x58, 0x8A,
    0x55, 0x73, 0x12, 0xE1, 0x32, 0x89, 0x5D, 0x93, 0x68, 0xDC, 0x5B, 0xDF, 0xDE, 0x55, 0xBA, 0x9E,
    0xCF, 0x12, 0xE8, 0xB6, 0xA3, 0x6B, 0x10, 0xF1, 0x2A, 0xEF, 0xFE, 0x90, 0x3B, 0x7D, 0x79, 0xDF,
    0xA1, 0x8A, 0xE4, 0xB3, 0x6F, 0x6F, 0x54, 0x65, 0x84, 0xFA, 0x48, 0x1A, 0x76, 0x04, 0xF7, 0xA1,
    0x0F, 0x8D, 0x22, 0x32, 0xA9, 0x30, 0x4C, 0xC8, 0x54, 0xEE, 0x7A, 0x03, 0x54, 0x8F, 0xB7, 0xA0,
    0xAD, 0x0D, 0x88, 0x47, 0x7A, 0x86, 0xF9, 0xD0, 0x3C, 0xC9, 0xF2, 0x74, 0x93, 0xF4, 0xE4, 0x98,
    0x9F, 0x72, 0xF9, 0x76, 0x3F, 0x19, 0x91, 0x99, 0xEF, 0x7C, 0xCA, 0xF3, 0x6B, 0xA1, 0xD8, 0xC0,
    0x79, 0xAC, 0x47, 0xC6, 0x32, 0x3E, 0xED, 0x49, 0xF7, 0xCD, 0x41, 0xA3, 0xC9, 0x08, 0x70, 0x87,
    0x66, 0xA7, 0xC5, 0xCA, 0x62, 0x13, 0x64, 0xE7, 0xA2, 0x90, 0xC8, 0x3D, 0x9A, 0xD7, 0x00, 0xE0,
    0x7F, 0x01, 0xCD, 0x99, 0x3D, 0x90, 0xE6, 0xC8, 0x59, 0xC7, 0x7F, 0x52, 0xDF, 0x9D, 0xC0, 0x82,
    0xEA, 0x0D, 0xEE, 0xD8, 0xF2, 0x41, 0x59, 0xA9, 0x8B, 0x02, 0x94, 0x10, 0xCE, 0x4E, 0xAB, 0xEA,
    0x82, 0x0D, 0x9C, 0x0C, 0x55, 0x2C, 0x84, 0x47, 0x40, 0x7E, 0x29, 0xC1, 0xF8, 0x24, 0xCA, 0x01,
    0x21, 0x97, 0x91, 0x6E, 0x40, 0x64, 0x12, 0xF2, 0xDA, 0x1D, 0xB5, 0x21, 0x2F, 0xEB, 0x5C, 0xE5,
    0x22, 0xB4, 0x02, 0x72, 0x37, 0xB5, 0x82, 0xD3, 0x1C, 0x2D, 0x3D, 0xF4, 0xA3, 0x2E, 0xBF, 0x33,
    0xAC, 0xD7, 0xEB, 0x05, 0xCF, 0xD8, 0xD3, 0xD2, 0xF3, 0x7B, 0xF4, 0xF6, 0xC7, 0xFF, 0xF9, 0xF7,
    0xFB, 0xCE, 0xFB, 0x39, 0x2D, 0xBD, 0xEF, 0xBD, 0x1B, 0xDE, 0x03, 0xC0, 0xD2, 0x1C, 0x47, 0x7B,
    0x1C, 0x4E, 0x8F, 0xEE, 0xE6, 0xC0, 0x0C, 0x50, 0xE5, 0xA0, 0x8D, 0x94, 0x22, 0x83, 0x15, 0x99,
    0xDB, 0x7F, 0xFB, 0xBB, 0xE0, 0x9E, 0xFE, 0xED, 0xD0, 0xA7, 0xFE, 0xAB, 0x14, 0xDB, 0x29, 0xF2,
    0x6D, 0xED, 0xD7, 0xF1, 0x34, 0x6F, 0x49, 0xF3, 0x83, 0x11, 0x49, 0x9D, 0xEB, 0x8D, 0x96, 0xE9,
    0xA0, 0x91, 0x01, 0x44, 0x16, 0x8C, 0xFC, 0xD3, 0x86, 0x0D, 0x8C, 0xD8, 0x09, 0xD7, 0x59, 0x0F,
    0x64, 0x4C, 0x40, 0x15, 0x00, 0xB3, 0x00, 0xA3, 0xC8, 0x44, 0xAF, 0x60, 0x04, 0x70, 0x27, 0xF4,
    0x8A, 0x17, 0x40, 0x11, 0x80, 0x4A, 0xA6, 0x02, 0x27, 0x22, 0x9D, 0xC2, 0x7F, 0x9B, 0x76, 0xE7,
    0x11, 0x14, 0x9C, 0xD9, 0xCD, 0x76, 0x8D, 0x88, 0x50, 0x89, 0x44, 0xEA, 0x60, 0xA2, 0x16, 0xDA,
    0x68, 0x3A, 0x1C, 0x2D, 0xB7, 0x41, 0x33, 0xF0, 0xB9, 0x3A, 0x88, 0x54, 0x5B, 0xBD, 0x62, 0x75,
    0x85, 0x73, 0xF2, 0x29, 0x67, 0xC5, 0x3F, 0x56, 0x1C, 0x4D, 0xC0, 0x44, 0xBD, 0x97, 0x96, 0xD6,
    0x63, 0x83, 0x9D, 0x69, 0x7C, 0x15, 0x70, 0x83, 0x89, 0x8C, 0xB0, 0xB1, 0xC1, 0x68, 0x22, 0xB8,
    0x4F, 0x02, 0x34, 0x3F, 0x9C, 0xC1, 0x8A, 0x07, 0x23, 0x9D, 0x42, 0x43, 0x24, 0x03, 0x22, 0x19,
    0xE5, 0xF7, 0xE5, 0xFB, 0xAF, 0xF5, 0x65, 0x7C, 0xF8, 0xF2, 0x56, 0xFB, 0x2E, 0xB9, 0xBD, 0xBC,
    0xDD, 0x70, 0x51, 0x57, 0x0E, 0xF5, 0x3E, 0xCE, 0x36, 0x39, 0x69, 0x86, 0x72, 0x6E, 0x3C, 0xD8,
    0x00, 0xD5, 0xAE, 0xE5, 0x92, 0x43, 0xD9, 0xE9, 0x4B, 0x99, 0x22, 0xCD, 0x12, 0x29, 0xE3, 0x06,
    0xFB, 0xD8, 0xF1, 0xB9, 0x0B, 0xBC, 0xAC, 0xA5, 0x8C, 0x88, 0x04, 0xF2, 0x43, 0xE3, 0xA1, 0x99,
    0xC1, 0x84, 0xDF, 0x4F, 0xD1, 0x26, 0x3D, 0x7B, 0x3D, 0x4E, 0x49, 0xBF, 0xA3, 0x5F, 0x71, 0xAC,
    0xAE, 0x88, 0x89, 0xD0, 0xEF, 0x1D, 0xD4, 0x22, 0x0B, 0xB8, 0x7F, 0x7F, 0xBC, 0xC3, 0x06, 0xCE,
    0x1B, 0x2D, 0x9A, 0x6C, 0x34, 0x5B, 0xB1, 0x34, 0xA4, 0x55, 0xD1, 0x95, 0xB1, 0xF1, 0x4F, 0x9E,
    0x98, 0x50, 0x70, 0x7E, 0x56, 0x4D, 0xD0, 0x5E, 0xD6, 0x5A, 0x23, 0x33, 0xF7, 0xA4, 0x51, 0x38,
    0x3F, 0x3F, 0x66, 0xEA, 0xAA, 0xE1, 0x85, 0xF5, 0x6D, 0x52, 0x38, 0xD4, 0x42, 0xB1, 0x41, 0xEB,
    0x53, 0x95, 0x6A, 0xCF, 0x15, 0xC9, 0xD5, 0xAB, 0x5D, 0x2D, 0x7F, 0xAB, 0xF2, 0x18, 0x9F, 0xF6,
    0xD6, 0xCA, 0x74, 0x6E, 0xA6, 0x27, 0xF5, 0xE4, 0x64, 0xB6, 0xFF, 0xF9, 0x05, 0xCE, 0x0B, 0x7D,
    0x19, 0xD9, 0xCC, 0x62, 0x56, 0x3B, 0xD7, 0x69, 0x33, 0x8D, 0xEF, 0x71, 0xC3, 0x76, 0x84, 0x5E,
    0x6B, 0x9F, 0x8E, 0xE9, 0x1C, 0x9D, 0xAB, 0x6B, 0x7A, 0x11, 0x99, 0x0E, 0x38, 0x05, 0x50, 0xFF,
    0x72, 0x14, 0xDD, 0x2F, 0xB9, 0x43, 0x7E, 0x20, 0x7B, 0xB1, 0x34, 0x85, 0x88, 0x8F, 0xAE, 0x58,
    0x6C, 0xBA, 0x43, 0x8A, 0xA5, 0x9A, 0xCE, 0xCF, 0xF4, 0xBA, 0xBD, 0x4C, 0xFD, 0x43, 0x93, 0x98,
    0x5C, 0xA5, 0x9E, 0x48, 0x9B, 0x46, 0x1D, 0xE7, 0x2E, 0x2D, 0x19, 0xCE, 0x9A, 0x62, 0xA9, 0xA7,
    0x68, 0xFD, 0x45, 0xF1, 0x67, 0x4B, 0x56, 0x3B, 0x94, 0xDF, 0x70, 0x87, 0x7C, 0xF4, 0xEC, 0xD9,
    0xB3, 0x0B, 0x75, 0x1D, 0x0E, 0x54, 0x91, 0x56, 0x3A, 0xD7, 0xF8, 0x17, 0xC6, 0xAF, 0x66, 0x4A,
    0x4C, 0xD7, 0xA9, 0x27, 0xF5, 0x63, 0x02, 0x6F, 0x84, 0x6E, 0x7C, 0x38, 0xA0, 0x12, 0xDD, 0x1B,
    0xE7, 0x95, 0x0A, 0x80, 0x63, 0xCA, 0xCD, 0x0A, 0x23, 0x58, 0xF1, 0xCE, 0xCC, 0xBF, 0x6D, 0x02,
    0x66, 0xA6, 0xF6, 0xD8, 0x01, 0x47, 0x11, 0xD5, 0x73, 0xDB, 0xD1, 0x4B, 0x48, 0x67, 0x71, 0x7D,
    0x4C, 0xFB, 0xCE, 0xF4, 0xC7, 0x3A, 0x2D, 0x50, 0x4F, 0x48, 0x87, 0x78, 0xBD, 0x2E, 0xC3, 0x59,
    0x19, 0x5C, 0x35, 0xA7, 0x09, 0xE5, 0x35, 0xFC, 0x21, 0xEC, 0x98, 0x15, 0x3B, 0xE9, 0xF2, 0x17,
    0x80, 0x48, 0xAC, 0x53, 0xB4, 0xF2, 0x97, 0x8B, 0x13, 0x13, 0xC6, 0x14, 0x72, 0x2B, 0xFA, 0x14,
    0xDA, 0x6F, 0x53, 0x94, 0x29, 0x70, 0xFF, 0xFF, 0x78, 0x1F, 0xE7, 0xF5, 0x68, 0xBA, 0x6A, 0xB0,
    0xC3, 0x07, 0x0B, 0x97, 0x5C, 0xFE, 0x45, 0x1C, 0xD7, 0x7E, 0x82, 0x54, 0x25, 0xF4, 0xA1, 0xFC,
    0xB9, 0x83, 0x0B, 0xB3, 0x1F, 0xBB, 0xAB, 0xA6, 0x27, 0x26, 0x5C, 0x1E, 0xDB, 0x49, 0x17, 0x69,
    0xB3, 0x56, 0x86, 0xF2, 0xED, 0x7F, 0x78, 0x6F, 0xFB, 0x83, 0x4D, 0xCA, 0x58, 0x8F, 0x0B, 0xE0,
    0x3A, 0xFA, 0x00, 0x3D, 0x3C, 0x0E, 0x10, 0xD1, 0x31, 0xB3, 0x1C, 0xA9, 0x9E, 0x8F, 0xD4, 0xF8,
    0x23, 0x39, 0x8E, 0xB4, 0x1D, 0xA9, 0x88, 0x5C, 0xA4, 0x64, 0x82, 0x59, 0x52, 0xB2, 0x53, 0xBD,
    0xC0, 0x45, 0x3B, 0x34, 0x29, 0xE1, 0x78, 0xA2, 0x29, 0xB2, 0xA6, 0x64, 0x56, 0x13, 0x52, 0xAA,
    0x82, 0xF5, 0x8B, 0xD6, 0xB4, 0x22, 0x1D, 0xAE, 0x4B, 0x69, 0x60, 0x04, 0x16, 0x88, 0x47, 0x32,
    0x41, 0xD3, 0x5D, 0x38, 0x4B, 0x83, 0xEA, 0xCC, 0x6D, 0x87, 0xB3, 0xE8, 0x0E, 0x67, 0xFF, 0x6C,
    0x3B, 0x70, 0xD0, 0x00, 0x11, 0x9C, 0x3A, 0x83, 0x97, 0xEA, 0x8C, 0x62, 0x3D, 0x6A, 0x56, 0xF3,
    0x51, 0xB3, 0xED, 0x60, 0xCC, 0xAE, 0xF2, 0x0B, 0xA1, 0x09, 0x39, 0x09, 0x14, 0x91, 0x26, 0xFF,
    0x65, 0x39, 0x33, 0x63, 0x27, 0xDE, 0x33, 0xD9, 0x45, 0xBA, 0xE5, 0x00, 0x19, 0x88, 0x9A, 0x7C,
    0xB9, 0xA2, 0xD2, 0x49, 0x1C, 0x75, 0xE1, 0xE1, 0x8F, 0xCA, 0xE0, 0xD4, 0x42, 0x15, 0x7A, 0x1C,
    0x56, 0x7C, 0x44, 0x28, 0xAF, 0xCD, 0x52, 0x0A, 0x50, 0xCF, 0xD5, 0x4F, 0x51, 0x17, 0xCD, 0xA7,
    0x80, 0xE3, 0xBC, 0x41, 0xDD, 0xC5, 0x46, 0x6B, 0x96, 0x22, 0x01, 0x13, 0x34, 0x69, 0x4D, 0x1A,
    0x68, 0x87, 0x23, 0x39, 0x8E, 0x54, 0x2E, 0x60, 0x22, 0x54, 0x31, 0x6F, 0x8B, 0x8E, 0xDC, 0x2E,
    0xC0, 0xE8, 0x58, 0xC8, 0x61, 0x53, 0x8C, 0x1E, 0xB3, 0x83, 0x5D, 0xA0, 0xF5, 0xE0, 0xC8, 0xD1,
    0xC3, 0xD2, 0x53, 0x44, 0x37, 0x98, 0xA5, 0xB9, 0x1E, 0x43, 0x75, 0x3C, 0x40, 0x2B, 0xD8, 0x0E,
    0x38, 0xCA, 0x42, 0xB5, 0x28, 0xD9, 0x78, 0x73, 0x1B, 0x3B, 0xA5, 0x78, 0xA0, 0x38, 0x68, 0x64,
    0x56, 0xBE, 0x0A, 0x40, 0xFD, 0x6A, 0x01, 0xEC, 0x97, 0x51, 0xE9, 0x95, 0xED, 0xB0, 0x03, 0x8E,
    0x1E, 0x52, 0x38, 0x60, 0x3B, 0xF6, 0x15, 0xD3, 0x38, 0x65, 0xE2, 0x84, 0x11, 0xDD, 0x73, 0x75,
    0xD0, 0x26, 0xEA, 0x53, 0x57, 0x87, 0x1A, 0x0F, 0x1B, 0x6E, 0x00, 0x21, 0xBB, 0x1F, 0x01, 0xD7,
    0x01, 0x7F, 0x03, 0x50, 0xC4, 0x1B, 0xBB, 0xCD, 0xF0, 0x70, 0xDD, 0x3A, 0x4E, 0xD5, 0xAB, 0xAF,
    0x16, 0xA0, 0xF5, 0xDB, 0xC3, 0x75, 0x7B, 0xF1, 0x1E, 0x50, 0x6F, 0x2D, 0xD0, 0xC8, 0xA1, 0x5F,
    0xAF, 0xC0, 0x87, 0x0F, 0xD2, 0xAD, 0x1D, 0x56, 0xA0, 0xF9, 0x41, 0x3C, 0xF1, 0x83, 0xEE, 0xAF,
    0x1F, 0xA0, 0xCF, 0xEC, 0xA1, 0x94, 0x09, 0x30, 0x3F, 0x0A, 0x4A, 0xAF, 0xCC, 0xD7, 0x85, 0x4C,
    0xD9, 0xE1, 0x89, 0x65, 0x76, 0xF8, 0x55, 0x00, 0xAA, 0xC3, 0xA7, 0xFD, 0xD1, 0x7A, 0xCB, 0xE1,
    0xF6, 0x6E, 0x0E, 0x33, 0xEB, 0xD7, 0x1C, 0xC6, 0xC3, 0xE1, 0xFE, 0x9A, 0x43, 0x24, 0xB5, 0x01,
    0x8A, 0x9C, 0x31, 0x9A, 0x3B, 0xA8, 0x0F, 0x2B, 0x60, 0x7F, 0x98, 0xB3, 0xFB, 0x59, 0xB6, 0x39,
    0xEF, 0x39, 0x17, 0x31, 0x67, 0xB3, 0x58, 0x91, 0x09, 0xEA, 0x90, 0xB3, 0x9D, 0x72, 0x76, 0x3E,
    0x8F, 0x3B, 0x72, 0x16, 0x11, 0xCD, 0x45, 0xCE, 0x98, 0x9C, 0xD3, 0xB2, 0x3C, 0x6E, 0xA7, 0x9C,
    0x9D, 0xC7, 0xAA, 0x0F, 0xD7, 0x1D, 0x79, 0x10, 0x72, 0xA6, 0x94, 0x05, 0x5C, 0x1A, 0x39, 0x14,
    0xCC, 0x4E, 0xB3, 0xD8, 0x80, 0x7E, 0x18, 0x84, 0xD9, 0xF9, 0xDB, 0x1F, 0xF7, 0x19, 0xDF, 0x80,
    0x5E, 0xE1, 0xBA, 0x5C, 0x02, 0xDA, 0x09, 0x9E, 0xDB, 0x40, 0x11, 0xAB, 0x9D, 0x7A, 0x55, 0xD1,
    0x70, 0xC8, 0x53, 0x69, 0x21, 0xCE, 0x8E, 0x85, 0x1E, 0x78, 0x3C, 0x03, 0x9F, 0x24, 0x94, 0xE2,
    0x81, 0x8F, 0x80, 0xA0, 0xDB, 0xCF, 0xC2, 0x68, 0xFD, 0x5B, 0x6D, 0x14, 0xD9, 0x4F, 0x01, 0xBC,
    0x31, 0x44, 0x86, 0x53, 0x00, 0xBF, 0x30, 0xB2, 0x8E, 0x68, 0x40, 0xDD, 0x65, 0xEB, 0x02, 0xE5,
    0xFA, 0xEB, 0xA9, 0x59, 0xCD, 0xD0, 0x46, 0xD8, 0x7B, 0xCC, 0xDA, 0xF8, 0x5F, 0x4B, 0xCD, 0xC5,
    0x76, 0x26, 0x3A, 0x5F, 0xC6, 0xD6, 0xF3, 0xFC, 0x1B, 0xF7, 0x5E, 0xEF, 0x09, 0xB8, 0x8E, 0x66,
    0xC2, 0x2C, 0x9C, 0x9A, 0x93, 0x25, 0x9D, 0x1F, 0xED, 0x17, 0x44, 0xFE, 0x4F, 0x67, 0x5A, 0x92,
    0xD7, 0x52, 0x04, 0xAA, 0xA0, 0xBA, 0xFD, 0x9D, 0xCA, 0x46, 0x2A, 0xE9, 0x9A, 0x9F, 0x4C, 0xBD,
    0x59, 0xEE, 0x50, 0xD6, 0x99, 0xD0, 0x3F, 0x55, 0x7E, 0xB3, 0xF8, 0xE2, 0xAE, 0x34, 0xF3, 0xAB,
    0x40, 0xA2, 0x64, 0x1E, 0xCF, 0xEF, 0x36, 0x28, 0x4D, 0x54, 0xB2, 0x1F, 0x94, 0x83, 0xFD, 0x41,
    0xD7, 0x89, 0xEC, 0x07, 0x05, 0x37, 0x64, 0xE6, 0xFE, 0x5B, 0x44, 0x39, 0xDE, 0x28, 0x64, 0xB5,
    0x76, 0xC9, 0x55, 0x6E, 0x2A, 0xE6, 0x6F, 0x5C, 0x8F, 0x48, 0x43, 0x97, 0xD0, 0x8B, 0xDA, 0x6B,
    0x03, 0x5C, 0x70, 0xBB, 0x8D, 0x49, 0x60, 0x1D, 0x83, 0x22, 0x9E, 0x20, 0x0A, 0xD7, 0x25, 0xB4,
    0x3E, 0xC1, 0x4E, 0x09, 0x75, 0x48, 0x30, 0x6B, 0x42, 0x11, 0x13, 0xD8, 0x15, 0xBD, 0xC2, 0x7D,
    0x2F, 0xC1, 0xFE, 0xAB, 0xE2, 0x55, 0x82, 0x51, 0x94, 0x92, 0xC0, 0x81, 0x51, 0xE1, 0x14, 0xED,
    0x4A, 0xE5, 0x01, 0xEA, 0xA0, 0x34, 0x51, 0x49, 0xCF, 0x6B, 0x2D, 0xAD, 0x05, 0x9C, 0xC8, 0x00,
    0xF9, 0x55, 0x7D, 0xC7, 0x46, 0xEC, 0x42, 0xB1, 0xD3, 0x4C, 0x20, 0x38, 0x0F, 0x6E, 0x70, 0x1D,
    0xB4, 0xBE, 0x07, 0xAC, 0x1F, 0x6F, 0x38, 0xDD, 0x66, 0x1E, 0xCD, 0x33, 0xF3, 0x2A, 0x55, 0x18,
    0xB1, 0x41, 0xD5, 0xB2, 0x72, 0xAE, 0x92, 0x2B, 0xE6, 0xEA, 0xC0, 0xD9, 0xC1, 0x4D, 0x61, 0x56,
    0x0E, 0xAD, 0x87, 0xE8, 0xB3, 0xED, 0x94, 0xF9, 0x2D, 0xE5, 0xBF, 0x62, 0x16, 0x7C, 0x80, 0x3E,
    0xCB, 0xE7, 0x25, 0x60, 0xE5, 0xD3, 0x0E, 0x9A, 0xCF, 0x04, 0xF8, 0xB8, 0x8C, 0x0F, 0xD1, 0xE7,
    0xF0, 0x6D, 0xC0, 0xCE, 0xBB, 0x32, 0x08, 0x50, 0xF9, 0xCB, 0x07, 0xE8, 0x13, 0xF8, 0x5D, 0x08,
    0xFA, 0x1C, 0x6D, 0x27, 0xBB, 0xD4, 0x8B, 0x9B, 0xCA, 0x4D, 0x3A, 0xC6, 0x0D, 0xDA, 0x05, 0x5C,
    0x0A, 0xD9, 0x30, 0xDB, 0xD8, 0xD9, 0xA5, 0x9D, 0xDC, 0x94, 0x66, 0x74, 0xE5, 0x9A, 0xD6, 0x3C,
    0x57, 0x05, 0x73, 0xA8, 0xFD, 0x7D, 0xA7, 0xCA, 0xFB, 0x8D, 0x7F, 0x23, 0xEA, 0xBF, 0x3A, 0xFC,
    0x5B, 0xA7, 0xAE, 0x9E, 0x1C, 0xFE, 0x17, 0x75, 0x6E, 0x26, 0xF5, 0x6C, 0x07, 0xE5, 0x39, 0xCA,
    0x17, 0xEA, 0xBF, 0x0C, 0xEA, 0xFF, 0xA9, 0x57, 0xFF, 0x3F, 0x51, 0xFF, 0x6D, 0x84, 0x31, 0xDF,
    0x1B, 0x2A, 0xA5, 0xCA, 0x87, 0xFF, 0x3F, 0x39, 0xFC, 0xFF, 0x41, 0xF6, 0xFF, 0x04, 0xC0, 0x75,
    0xA0, 0x05, 0xC1, 0x2C, 0xBC, 0xDE, 0x46, 0x30, 0xEB, 0xAF, 0x8C, 0x5E, 0xB5, 0x0F, 0xB8, 0x81,
    0x3A, 0xE8, 0xBE, 0x42, 0xB3, 0xD0, 0x4F, 0xB5, 0x24, 0x37, 0xA5, 0xEE, 0x9E, 0x56, 0xE6, 0xD3,
    0xCF, 0xA3, 0x09, 0xD9, 0x51, 0xFF, 0x1B, 0x37, 0x14, 0x81, 0x4A, 0x80, 0xF4, 0x76, 0x07, 0xBD,
    0x59, 0x7E, 0xC3, 0x86, 0x9C, 0x09, 0x90, 0xDE, 0x26, 0xF3, 0x15, 0xFA, 0x56, 0xF9, 0x20, 0x1F,
    0xAD, 0x3B, 0xF8, 0xFD, 0xB9, 0x14, 0x80, 0x4D, 0x11, 0xDF, 0x09, 0x23, 0xFC, 0x3C, 0xE4, 0x5A,
    0x21, 0x41, 0xB1, 0x31, 0x52, 0x49, 0x02, 0xFD, 0x90, 0xE0, 0x7C, 0x42, 0x7B, 0x82, 0xF3, 0x79,
    0x40, 0xA7, 0xE4, 0xC9, 0x79, 0xD9, 0xF5, 0x9B, 0x94, 0x95, 0x0B, 0x54, 0x22, 0xD0, 0x5C, 0x8F,
    0x1E, 0x37, 0xD8, 0x09, 0x47, 0x3D, 0xF3, 0xB9, 0xE2, 0x8A, 0xC6, 0x73, 0xF5, 0x81, 0x74, 0x5C,
    0xD9, 0x8D, 0x04, 0x49, 0x37, 0xF9, 0x6C, 0x49, 0x28, 0x63, 0x02, 0xA2, 0x70, 0x07, 0xBA, 0x13,
    0x48, 0x18, 0x75, 0xCA, 0xAE, 0x6B, 0xD3, 0xBC, 0x4A, 0x92, 0x94, 0xD9, 0x81, 0x01, 0x4C, 0x40,
    0x17, 0xA3, 0xB3, 0x68, 0x3A, 0x4E, 0xAD, 0x5F, 0x31, 0x22, 0x9D, 0x4D, 0x3E, 0x5A, 0x5F, 0xCF,
    0xB5, 0xCE, 0x3C, 0xE2, 0x71, 0xE0, 0x33, 0x09, 0xC9, 0x64, 0x70, 0xAB, 0x09, 0x63, 0x67, 0xC2,
    0x86, 0x09, 0x91, 0x2A, 0xEC, 0xD8, 0x30, 0xFE, 0x58, 0x96, 0x56, 0xAE, 0xD7, 0x4A, 0x7C, 0x84,
    0xDF, 0x02, 0x5C, 0xDE, 0x5C, 0x11, 0xC1, 0xCC, 0x77, 0xAB, 0x6F, 0x3D, 0xB8, 0x85, 0x62, 0xDB,
    0xD2, 0xA8, 0x1B, 0xEE, 0x54, 0xFB, 0x43, 0x28, 0xE4, 0x7B, 0x3E, 0xCD, 0xF5, 0xF6, 0x5F, 0xE4,
    0x4E, 0x7D, 0x17, 0x5F, 0x7C, 0x13, 0xB3, 0xB8, 0x4E, 0xA3, 0x0C, 0x2D, 0xC0, 0x9D, 0xEA, 0xD3,
    0xCC, 0x87, 0x0E, 0xEB, 0x25, 0x84, 0x33, 0x58, 0x52, 0xD6, 0xDB, 0xCD, 0xDD, 0xDE, 0xFF, 0xAA,
    0x31, 0x2E, 0x2A, 0xF3, 0x1D, 0x11, 0x92, 0xD2, 0x4F, 0xBF, 0x16, 0x15, 0x13, 0xEC, 0x5C, 0x61,
    0x62, 0x96, 0x8C, 0x94, 0x2B, 0x94, 0x0B, 0x45, 0x4C, 0xC2, 0xA9, 0xC5, 0x5A, 0x8E, 0xE4, 0xF6,
    0x7F, 0xB8, 0x7E, 0xF6, 0xEC, 0xCF, 0x53, 0x85, 0x15, 0xD8, 0x74, 0xA6, 0xA6, 0x6A, 0x03, 0x52,
    0xA9, 0xE4, 0x6D, 0xEA, 0x7F, 0x3C, 0xB6, 0x5F, 0xCB, 0xD4, 0xCA, 0x96, 0xD6, 0x74, 0xA5, 0xCC,
    0x5A, 0xEF, 0xE6, 0x7F, 0x72, 0xE3, 0xDC, 0x4C, 0x55, 0x70, 0x5D, 0xD1, 0xF5, 0xC7, 0x1A, 0xD8,
    0x72, 0x1C, 0xD7, 0x57, 0x80, 0xF6, 0xBB, 0xA1, 0x9C, 0xDA, 0xB9, 0x5E, 0xAC, 0xC8, 0xAC, 0x5B,
    0xA6, 0x5F, 0xA0, 0x06, 0x6C, 0xCA, 0xEF, 0x47, 0x78, 0xF4, 0x02, 0x9C, 0x5E, 0x77, 0x70, 0x01,
    0x10, 0xC9, 0x12, 0xE0, 0x3A, 0xA0, 0xF6, 0xDC, 0x6E, 0xED, 0x86, 0xD6, 0xF7, 0xD8, 0x7D, 0x0C,
    0xE8, 0xE7, 0x68, 0x1C, 0x44, 0x7A, 0xF8, 0x9C, 0x0D, 0x1C, 0x92, 0x5A, 0xC6, 0x9E, 0xFE, 0x25,
    0xC1, 0xF6, 0xBF, 0xBF, 0xA5, 0xB7, 0x53, 0xB9, 0x60, 0x25, 0xDF, 0x73, 0x53, 0xD6, 0x83, 0x52,
    0x61, 0x7D, 0x9E, 0x94, 0xCD, 0x17, 0xCB, 0xFD, 0xD7, 0xCD, 0xAF, 0xB4, 0x11, 0x18, 0x7B, 0x28,
    0xA3, 0x9D, 0xEE, 0xBD, 0xE4, 0x5F, 0x7D, 0x00, 0x45, 0x6C, 0x7C, 0x06, 0xAB, 0x1D, 0x00, 0xB8,
    0xEF, 0xBA, 0x67, 0x38, 0x1A, 0x5F, 0xCD, 0x3C, 0x07, 0xB0, 0xD1, 0xC6, 0xF7, 0x23, 0x6F, 0x3B,
    0xEA, 0x8E, 0x76, 0xA0, 0x87, 0x48, 0x71, 0xAC, 0x01, 0x5C, 0xD0, 0xF3, 0x71, 0xC0, 0xBC, 0xF3,
    0x49, 0x4F, 0x29, 0xBE, 0xFE, 0x2A, 0xB8, 0x21, 0x92, 0x1B, 0x18, 0xD1, 0xB3, 0xE8, 0xC1, 0xBD,
    0xE3, 0xA9, 0x6F, 0xCB, 0xA7, 0x6F, 0xB3, 0x27, 0x1D, 0x1B, 0xF5, 0x4C, 0x1B, 0xE1, 0x9D, 0xCF,
    0xDC, 0xFA, 0xC1, 0x27, 0xE4, 0x0F, 0x9F, 0x33, 0x89, 0x1E, 0xD0, 0x9B, 0xE6, 0x3F, 0x56, 0x20,
    0x5B, 0xBD, 0x82, 0xDF, 0xEB, 0x1C, 0x85, 0x6C, 0x8E, 0x5A, 0xA4, 0xA7, 0x59, 0x1A, 0xC1, 0xF9,
    0x52, 0x18, 0x41, 0xD8, 0x49, 0x79, 0x83, 0x5E, 0xE1, 0xF2, 0xD5, 0xA8, 0xCB, 0x1C, 0xC4, 0xFC,
    0xB0, 0xE9, 0x03, 0x98, 0x1F, 0x4A, 0xFA, 0x0D, 0x78, 0x04, 0x46, 0x9E, 0x0E, 0x56, 0xA4, 0xB3,
    0x4F, 0xB5, 0x23, 0xB7, 0xD8, 0x6C, 0x44, 0x91, 0x41, 0x76, 0xF1, 0xE2, 0xED, 0x2C, 0x54, 0x61,
    0xC7, 0x84, 0x8D, 0x1C, 0xF1, 0x1D, 0x82, 0x0B, 0x80, 0x55, 0xB1, 0x29, 0x9C, 0xC2, 0xFE, 0xA2,
    0xE7, 0xAE, 0x8C, 0x81, 0x76, 0xAE, 0x22, 0xAE, 0x63, 0xA3, 0x87, 0x91, 0xFD, 0xF6, 0x4E, 0x32,
    0x72, 0x9F, 0x8E, 0xE6, 0x79, 0xED, 0x54, 0xC5, 0xBC, 0xF6, 0x50, 0xB9, 0xFD, 0xDC, 0x6D, 0x86,
    0x5C, 0x33, 0x57, 0x2F, 0xC3, 0xFD, 0xD7, 0xAD, 0x66, 0xA0, 0x8D, 0xC0, 0xDE, 0x93, 0x7F, 0xC7,
    0xBA, 0xEF, 0x92, 0xEF, 0x01, 0xC8, 0x97, 0x13, 0x46, 0x24, 0xE1, 0x4B, 0xE9, 0xEE, 0xBD, 0xA4,
    0xFE, 0x54, 0x76, 0xFC, 0x66, 0x66, 0xA2, 0xF3, 0xB0, 0xD8, 0x5C, 0xF2, 0xDE, 0xEB, 0x16, 0x2B,
    0x60, 0x62, 0x06, 0x94, 0x0A, 0x1E, 0xDD, 0xFA, 0xD7, 0xEF, 0x74, 0x03, 0x4E, 0xED, 0xED, 0xCB,
    0x68, 0xE3, 0xEF, 0x68, 0x8D, 0x4D, 0xAB, 0xAD, 0x3F, 0x73, 0x5A, 0x47, 0x7A, 0x5A, 0x75, 0x7A,
    0x99, 0x9C, 0x16, 0xC1, 0xB1, 0x99, 0x29, 0xC1, 0x76, 0x8E, 0xFD, 0x5C, 0x9D, 0xAE, 0xEA, 0x34,
    0xB0, 0xD1, 0xA8, 0xD3, 0x46, 0x9F, 0x53, 0xE7, 0xEA, 0xF4, 0x4F, 0xD5, 0xA9, 0xF1, 0x50, 0x85,
    0x94, 0x57, 0xE0, 0x25, 0xF0, 0x31, 0xA7, 0x16, 0xD3, 0xC8, 0xBB, 0xC6, 0x46, 0x1D, 0xAE, 0xB0,
    0xA1, 0xC7, 0x05, 0xF7, 0xDF, 0x12, 0x1A, 0x79, 0x15, 0x8C, 0x7C, 0x12, 0xE0, 0x0C, 0xD8, 0xF2,
    0x5E, 0xAA, 0x19, 0xBE, 0xD1, 0xDD, 0xAD, 0x7E, 0x3B, 0x80, 0x04, 0xCC, 0xD7, 0x31, 0x7F, 0x6D,
    0xE6, 0x6E, 0xFD, 0xEB, 0x37, 0x7F, 0x1B, 0xE4, 0x88, 0x6A, 0xFA, 0xEE, 0x9D, 0xEB, 0xC3, 0xB7,
    0x80, 0x1E, 0x88, 0xE4, 0xCF, 0xD3, 0xC3, 0x49, 0xFF, 0x0A, 0xB3, 0x3A, 0x4C, 0x70, 0x5D, 0x15,
    0xDA, 0xA1, 0x9E, 0xAD, 0x4F, 0xC7, 0x64, 0x7D, 0x35, 0xB7, 0x43, 0xEA, 0xC5, 0x2C, 0x8E, 0x62,
    0xBD, 0x82, 0x18, 0xE1, 0x65, 0x0A, 0xB7, 0xA6, 0x08, 0xD0, 0xA6, 0xB0, 0x73, 0x0A, 0x9F, 0xA3,
    0xED, 0xF8, 0x58, 0x52, 0xDA, 0xF2, 0x50, 0xE4, 0x2D, 0xD1, 0x6C, 0x6C, 0x22, 0x5E, 0xF6, 0x31,
    0x88, 0xAF, 0x17, 0xA1, 0x8C, 0x02, 0xDB, 0x0E, 0xFB, 0x06, 0x12, 0x61, 0xD4, 0xAC, 0xB7, 0xB5,
    0x5F, 0xC7, 0x75, 0x9E, 0xCE, 0xD7, 0x75, 0xBA, 0xFE, 0x4D, 0xBA, 0xFA, 0xB1, 0x55, 0x3D, 0x57,
    0x4B, 0xDF, 0x69, 0x06, 0xEE, 0x7D, 0x9F, 0xFF, 0x03, 0xCD, 0x99, 0x31, 0x90, 0xE5, 0x46, 0x5A,
    0xC7, 0x7F, 0x52, 0xDB, 0x16, 0x67, 0x05, 0xED, 0xE0, 0x8C, 0x0B, 0x80, 0x12, 0xF1, 0x05, 0x28,
    0x24, 0xC0, 0x3B, 0x2D, 0xB8, 0x80, 0x80, 0x80, 0x0D, 0xBC, 0x47, 0x70, 0xC1, 0x25, 0x04, 0x50,
    0x04, 0x4E, 0x08, 0x77, 0x2D, 0xD5, 0x11, 0x10, 0x90, 0x38, 0x4F, 0x70, 0x48, 0x6D, 0x51, 0x75,
    0x79, 0xD5, 0xEC, 0xAA, 0xEB, 0x1C, 0x10, 0x9E, 0x2E, 0x20, 0xB6, 0x0A, 0x0C, 0x45, 0x5D, 0xD4,
    0x66, 0x05, 0xD6, 0xDA, 0x2D, 0x7D, 0xF4, 0x27, 0x8D, 0xE6, 0x79, 0xD8, 0x59, 0xDF, 0xAE, 0x6F,
    0xD6, 0x73, 0x9F, 0xFA, 0xFB, 0xB5, 0x9E, 0xBA, 0xFB, 0xEB, 0xFE, 0x7F, 0x9A, 0xF7, 0x5A, 0xEF,
    0x0D, 0xAF, 0xDF, 0x7B, 0x0F, 0xB0, 0x12, 0x0F, 0x5E, 0x67, 0x7D, 0xA3, 0x14, 0x0F, 0x64, 0x1B,
    0x8D, 0x8C, 0xCA, 0x27, 0x01, 0x28, 0x9F, 0x4C, 0x80, 0xFD, 0x79, 0x54, 0x7A, 0x65, 0xDD, 0xAD,
    0x80, 0xA3, 0x85, 0xE4, 0x0E, 0x58, 0xA8, 0x3B, 0x88, 0x58, 0x4F, 0x9E, 0x38, 0x60, 0x44, 0x24,
    0x50, 0x6C, 0xB4, 0x89, 0x33, 0x76, 0xD0, 0xA6, 0xCA, 0xC3, 0x82, 0xEB, 0x40, 0x70, 0x40, 0x4B,
    0x0F, 0xB8, 0xC6, 0x88, 0xA0, 0x9E, 0xDD, 0xBB, 0xC7, 0xA5, 0xB5, 0xB3, 0x5E, 0x6B, 0xEC, 0xD3,
    0xDE, 0xD7, 0xBE, 0x1C, 0x4B, 0x4C, 0x60, 0xF3, 0x77, 0x02, 0xEF, 0x4B, 0x28, 0x44, 0x82, 0x9B,
    0x4D, 0xE8, 0x1B, 0x13, 0x16, 0x4C, 0x88, 0x14, 0x61, 0xC5, 0x86, 0xFE, 0x5F, 0x65, 0xAA, 0xE5,
    0xE9, 0x5C, 0x88, 0x8F, 0x54, 0xDC, 0xBF, 0x5C, 0x7D, 0x21, 0xE1, 0x52, 0x21, 0xAF, 0xFD, 0x3A,
    0x66, 0x61, 0xA8, 0x1A, 0xF3, 0xB4, 0x07, 0x89, 0x50, 0x87, 0x9B, 0xCD, 0x04, 0xB7, 0xAF, 0x0F,
    0xE0, 0x91, 0x22, 0x0F, 0x4A, 0xB3, 0x31, 0x97, 0x6E, 0xCF, 0xFE, 0x57, 0x55, 0xBA, 0xAE, 0x1C,
    0x8B, 0x4B, 0x95, 0x7F, 0x13, 0x68, 0x25, 0x94, 0xD7, 0xAB, 0x9C, 0xDA, 0x0B, 0x95, 0x46, 0x7E,
    0x1A, 0xC1, 0x8E, 0x50, 0xB3, 0x7B, 0x15, 0xA1, 0x98, 0x81, 0x77, 0x01, 0x22, 0x60, 0xE6, 0x4D,
    0x1F, 0x27, 0x23, 0x97, 0x09, 0x9C, 0x48, 0x93, 0x89, 0xC8, 0x68, 0x56, 0xAA, 0xC9, 0x06, 0xF2,
    0xA8, 0x22, 0x46, 0x97, 0x80, 0x03, 0x68, 0x15, 0xFD, 0x35, 0x68, 0x39, 0xB4, 0x6D, 0x9D, 0xAB,
    0x01, 0x3E, 0xDA, 0x02, 0x98, 0x15, 0x3B, 0x6F, 0x41, 0xB7, 0xF0, 0xBC, 0x21, 0x13, 0xF0, 0x3A,
    0x50, 0x35, 0xEC, 0x09, 0xDD, 0xE5, 0x1D, 0x56, 0x47, 0x72, 0x91, 0xCE, 0x4A, 0x3F, 0x56, 0x43,
    0x11, 0x5C, 0x93, 0x75, 0x2D, 0xB0, 0x02, 0xCB, 0xC9, 0x59, 0x81, 0x1E, 0xD0, 0xF6, 0xD4, 0x6F,
    0xB2, 0x6B, 0x3F, 0x1A, 0x91, 0x4E, 0xF3, 0x07, 0xDF, 0x39, 0x2D, 0xA7, 0x03, 0x6A, 0x6E, 0x4F,
    0x6B, 0xDE, 0x41, 0x19, 0xC0, 0x06, 0x28, 0x06, 0x80, 0x9B, 0xD5, 0x5A, 0xF9, 0x15, 0xCC, 0xE7,
    0x33, 0x20, 0xC3, 0xD6, 0xE9, 0xD6, 0xB4, 0x9A, 0xA9, 0xF2, 0xAC, 0x3D, 0xB8, 0x08, 0xE5, 0x78,
    0xA3, 0x3A, 0xB3, 0x68, 0x47, 0x68, 0xDB, 0x06, 0xEC, 0x02, 0x98, 0x89, 0x93, 0xD1, 0xCB, 0xAA,
    0x90, 0x49, 0xB1, 0xD2, 0x93, 0x4B, 0xD7, 0x83, 0x1B, 0x12, 0x6C, 0x48, 0x28, 0x14, 0x66, 0x56,
    0xC4, 0x84, 0xFC, 0x1A, 0x98, 0x0D, 0xF3, 0xD1, 0xD9, 0x2A, 0x34, 0x40, 0x26, 0x9D, 0x06, 0x3D,
    0xC2, 0xAF, 0x00, 0x7C, 0x50, 0x74, 0x4A, 0xEB, 0x37, 0xEE, 0xE7, 0x28, 0xAB, 0x8D, 0xBF, 0xBB,
    0x11, 0x68, 0xA7, 0x44, 0x23, 0x6B, 0x62, 0x52, 0xB3, 0x42, 0x3D, 0x14, 0xEB, 0xA6, 0x30, 0xB1,
    0x85, 0x44, 0x81, 0xC7, 0xB0, 0x6E, 0x5C, 0xE0, 0x83, 0xE3, 0x5C, 0x36, 0xF6, 0x70, 0xF4, 0xD7,
    0xB1, 0xB2, 0xC5, 0x91, 0x2D, 0xA6, 0xDB, 0xE2, 0x27, 0x5A, 0x91, 0x61, 0xA3, 0xEC, 0x1C, 0xB0,
    0x23, 0x75, 0x50, 0x9A, 0xA8, 0x64, 0xDD, 0x28, 0x1B, 0xDB, 0x8D, 0xAE, 0x51, 0x4D, 0x4A, 0xC1,
    0x75, 0x3B, 0xF7, 0xEB, 0x5F, 0x21, 0xCA, 0x7E, 0xE3, 0x7A, 0x8A, 0x56, 0x4F, 0xC7, 0x2C, 0x89,
    0xC7, 0xEC, 0xBB, 0xDE, 0x13, 0x8C, 0xC8, 0xB4, 0x23, 0xBB, 0x27, 0x77, 0xF5, 0xDA, 0x9E, 0x0C,
    0xCD, 0xC5, 0x9E, 0x0A, 0xCD, 0xC4, 0x2E, 0x4C, 0x35, 0xEE, 0x72, 0x57, 0x85, 0x26, 0x61, 0x3F,
    0x13, 0x45, 0x0F, 0x7B, 0xBF, 0x5D, 0xBF, 0xCA, 0xDF, 0xD5, 0xEF, 0xE2, 0xD3, 0x5E, 0x99, 0x8B,
    0x78, 0x75, 0x4E, 0x86, 0xDE, 0xB2, 0x4B, 0x07, 0xAE, 0x75, 0x91, 0xEE, 0xF0, 0xE7, 0xF6, 0x39,
    0xC5, 0x12, 0xF5, 0x4C, 0xE7, 0x51, 0xE8, 0xCC, 0x0D, 0x9C, 0xAC, 0x5E, 0xD8, 0x56, 0xA2, 0x2B,
    0x0C, 0xD4, 0xDE, 0xCC, 0x38, 0x88, 0xB4, 0x2A, 0x67, 0x01, 0x87, 0x24, 0xDB, 0xB1, 0xDE, 0x4B,
    0xCB, 0x5E, 0xAE, 0xBE, 0xC1, 0xEA, 0x21, 0xD7, 0xC4, 0xF6, 0x5B, 0xDA, 0x86, 0x3D, 0x1E, 0x66,
    0x00, 0x1B, 0xA0, 0x0C, 0x90, 0x77, 0xAF, 0x5C, 0x1D, 0x59, 0x07, 0x14, 0xE1, 0x80, 0x19, 0xD9,
    0xEC, 0x55, 0xEB, 0x7C, 0x65, 0x7A, 0xC8, 0x67, 0x28, 0x3C, 0x94, 0xC9, 0x0B, 0x81, 0x6C, 0xBD,
    0x21, 0x01, 0x6B, 0x3F, 0x91, 0x6F, 0x02, 0x9C, 0x70, 0xEC, 0xAE, 0xE7, 0x8A, 0xA8, 0xE8, 0xC7,
    0xAD, 0x27, 0x66, 0xAE, 0x3C, 0x6B, 0x0B, 0x75, 0x84, 0x62, 0x7C, 0xE5, 0x77, 0x30, 0x8F, 0x76,
    0x80, 0xBE, 0x05, 0xAA, 0x08, 0x14, 0xE1, 0x95, 0xDF, 0x3C, 0x6C, 0xF3, 0x40, 0xF9, 0x9F, 0x11,
    0x30, 0x12, 0x00, 0x7A, 0x0F, 0xCF, 0x6E, 0xBA, 0xFB, 0x56, 0x91, 0x89, 0x48, 0x60, 0xDB, 0x40,
    0xD8, 0xF6, 0x12, 0x6A, 0xDD, 0x56, 0x70, 0x1E, 0xC0, 0x71, 0x39, 0x23, 0xFD, 0x05, 0x0B, 0x91,
    0x2B, 0x6C, 0x01, 0x87, 0x6B, 0x36, 0x7A, 0x65, 0xA5, 0xA2, 0x35, 0x5A, 0x26, 0x1A, 0xB9, 0x94,
    0x6D, 0x96, 0x4F, 0xB6, 0x19, 0x2D, 0xBA, 0x3B, 0x59, 0xF2, 0x50, 0xEA, 0xAD, 0xE8, 0x68, 0x05,
    0x9D, 0xFB, 0xD2, 0xFA, 0x70, 0xC7, 0xC8, 0x72, 0xC7, 0xAE, 0xFD, 0xE2, 0x86, 0x62, 0x71, 0x4D,
    0xBE, 0xF4, 0xB0, 0xAC, 0xC9, 0x97, 0xDD, 0x1F, 0x2D, 0x17, 0xAF, 0x7B, 0xD8, 0xDA, 0x9D, 0x2F,
    0x16, 0xED, 0x9F, 0xC6, 0x3D, 0xA2, 0x0F, 0x8F, 0x80, 0x05, 0x88, 0xD6, 0x67, 0xD1, 0x4E, 0xE5,
    0x54, 0x88, 0x8C, 0x6C, 0xFB, 0xE2, 0x87, 0xC7, 0xE3, 0x08, 0xAE, 0x39, 0xB1, 0xE6, 0xD7, 0x2F,
    0x3F, 0x64, 0x1D, 0x14, 0x01, 0xCA, 0x70, 0xBC, 0xF3, 0xBF, 0xBD, 0x1C, 0xDD, 0xBE, 0x7E, 0x0E,
    0x7B, 0x7D, 0x63, 0xDD, 0x28, 0xAD, 0x57, 0x96, 0xFE, 0x74, 0xFE, 0xBE, 0x82, 0x78, 0xD0, 0x4C,
    0x7B, 0x83, 0xED, 0xF6, 0xDA, 0x8C, 0x40, 0xF3, 0xAD, 0xE5, 0xAD, 0x0C, 0xE0, 0xBA, 0xAF, 0x52,
    0xD4, 0xE2, 0xCE, 0xF7, 0xBF, 0x78, 0xF8, 0xB0, 0xFF, 0xF4, 0xD4, 0x7A, 0x49, 0x6D, 0xBD, 0x4A,
    0xBD, 0xFE, 0x0D, 0x69, 0x12, 0x39, 0xA1, 0x97, 0xF5, 0x02, 0xEF, 0x3C, 0x7D, 0xEF, 0xB2, 0xA1,
    0x9D, 0x30, 0x9F, 0xCB, 0x8A, 0x91, 0x2F, 0x25, 0x41, 0x87, 0x45, 0x2A, 0x6F, 0x66, 0xAC, 0x37,
    0xD3, 0x25, 0xC2, 0x4B, 0xE0, 0xED, 0x7B, 0x77, 0x9D, 0x84, 0x54, 0x38, 0xCC, 0xC9, 0x94, 0xCA,
    0xDB, 0xEB, 0x5D, 0x22, 0x2F, 0x55, 0xD2, 0x90, 0x7D, 0x6C, 0x2B, 0x21, 0x95, 0x14, 0x99, 0xCD,
    0x6C, 0xD4, 0xF2, 0xFA, 0x4B, 0x84, 0xBA, 0x81, 0x35, 0x60, 0x07, 0xCE, 0xC0, 0x81, 0x9B, 0xB0,
    0xC1, 0x8C, 0x76, 0xB2, 0x53, 0x11, 0xD8, 0xCC, 0x05, 0x17, 0xDE, 0x09, 0xE6, 0x6B, 0x8E, 0xCA,
    0xDF, 0xE1, 0x01, 0x2E, 0xD8, 0x40, 0x24, 0x5B, 0x48, 0xE4, 0x2F, 0x6F, 0x2C, 0x41, 0xBF, 0x7C,
    0x7E, 0x55, 0x80, 0x99, 0x2F, 0xAA, 0x34, 0x50, 0x2B, 0x22, 0xAF, 0xA2, 0xFA, 0x60, 0xAF, 0x5A,
    0xCC, 0x44, 0xC4, 0x51, 0x04, 0xAD, 0xBC, 0x0D, 0x69, 0x5A, 0x2B, 0xE2, 0x9D, 0xE8, 0xBB, 0xA5,
    0x49, 0x15, 0xFD, 0x8C, 0x19, 0xF3, 0x90, 0x32, 0x19, 0xD5, 0x8B, 0x60, 0x02, 0x9C, 0xCC, 0xA5,
    0xD7, 0xEA, 0xAA, 0xED, 0x9B, 0x1E, 0x70, 0xE1, 0x6F, 0xFC, 0x24, 0x60, 0xB7, 0x4D, 0x96, 0xE3,
    0x5B, 0x88, 0x34, 0x3D, 0xF9, 0x42, 0x4F, 0x39, 0x27, 0x54, 0x63, 0x42, 0xEB, 0xE9, 0x33, 0x81,
    0xDE, 0xC4, 0x04, 0x1B, 0x12, 0xDC, 0x98, 0x20, 0x41, 0x11, 0x13, 0x3E, 0x93, 0x84, 0xA1, 0x6F,
    0xE8, 0x1B, 0xE7, 0xE9, 0xB1, 0x21, 0xA1, 0x98, 0xB9, 0x08, 0x85, 0x28, 0x9C, 0x4F, 0xA8, 0xC6,
    0x04, 0x3B, 0x71, 0xB2, 0x3C, 0x28, 0xE7, 0x2B, 0x4F, 0x25, 0xF9, 0x04, 0xD8, 0x81, 0xDD, 0xE2,
    0xD7, 0xBA, 0xF3, 0x91, 0x9E, 0x98, 0x45, 0xA2, 0x66, 0xD5, 0x0E, 0x44, 0xD7, 0xB0, 0xAC, 0x20,
    0x0B, 0x88, 0xA8, 0x7B, 0xC4, 0x8E, 0x2C, 0xDA, 0x9E, 0x47, 0x22, 0xA2, 0xE3, 0x9A, 0x48, 0xED,
    0x23, 0x36, 0x70, 0xD8, 0x19, 0x50, 0x71, 0xF1, 0x19, 0xD9, 0x80, 0x83, 0x2C, 0xB2, 0xDB, 0xF7,
    0x80, 0x15, 0xCC, 0x0C, 0xE5, 0x00, 0x75, 0x03, 0xE7, 0x9C, 0xCC, 0xBD, 0x0A, 0x7F, 0xF8, 0xF0,
    0x9F, 0x9C, 0x48, 0x54, 0xE7, 0xAF, 0xB3, 0x68, 0x82, 0xF5, 0x8E, 0x08, 0x40, 0xFB, 0xD2, 0x47,
    0x0F, 0x37, 0xE5, 0x57, 0x1F, 0x5D, 0x0F, 0xB3, 0x0D, 0x94, 0x1E, 0xCC, 0x90, 0xDC, 0x43, 0x95,
    0xFC, 0x31, 0x9B, 0xB9, 0x17, 0x3F, 0xFE, 0xAB, 0x8A, 0x65, 0x04, 0xB0, 0x5D, 0xE1, 0xCD, 0x60,
    0x86, 0xCA, 0xB7, 0x40, 0x9F, 0x05, 0x7A, 0x73, 0xB8, 0xDF, 0xBD, 0x68, 0x7E, 0xE5, 0xD5, 0x47,
    0x4B, 0xB4, 0x4D, 0xAC, 0x88, 0x35, 0xF1, 0x0E, 0xF1, 0x5D, 0x22, 0x2F, 0x51, 0xE4, 0x23, 0xDA,
    0x40, 0x1D, 0xC8, 0x23, 0x7C, 0x1D, 0x32, 0x9F, 0x50, 0x29, 0x24, 0x41, 0x16, 0x12, 0x46, 0x30,
    0x02, 0xD4, 0x11, 0x10, 0xC5, 0x17, 0x8A, 0x1F, 0x5F, 0x17, 0x40, 0x44, 0x66, 0x45, 0xDC, 0x60,
    0x02, 0xCF, 0x2D, 0x9F, 0x75, 0x46, 0xBC, 0x91, 0xA6, 0x88, 0xB8, 0xA0, 0xE5, 0x0F, 0x9F, 0xED,
    0xB3, 0x36, 0xA9, 0x0F, 0xA9, 0x90, 0x05, 0xA0, 0x50, 0x54, 0x03, 0xD0, 0xF2, 0xFF, 0xAD, 0x1F,
    0x31, 0x73, 0x1F, 0x14, 0xF1, 0x12, 0xA2, 0x70, 0x4D, 0x42, 0xED, 0x13, 0xEC, 0x90, 0x50, 0x86,
    0x04, 0x33, 0x27, 0x64, 0x31, 0x81, 0x55, 0xD1, 0x2A, 0xDC, 0xDF, 0x25, 0xD8, 0x8F, 0x15, 0x4F,
    0x12, 0x8C, 0x22, 0x97, 0x04, 0x36, 0xF4, 0x0A, 0xA7, 0xA8, 0x67, 0xF8, 0x0D, 0xE0, 0x0C, 0x58,
    0xC0, 0x4C, 0x50, 0x7A, 0x0E, 0x8B, 0xD5, 0x42, 0x14, 0xE9, 0x64, 0x15, 0x2F, 0xDE, 0x8E, 0x42,
    0x11, 0x56, 0x4C, 0x58, 0x2E, 0x3C, 0xBE, 0x80, 0x7F, 0xDB, 0x6A, 0x4E, 0x76, 0xCE, 0x85, 0x30,
    0x6A, 0x85, 0x53, 0x3C, 0x42, 0x45, 0xDE, 0xA0, 0x3C, 0x0E, 0xB3, 0x1D, 0x14, 0x1E, 0xCC, 0xB0,
    0x7B, 0xE5, 0x4F, 0xF7, 0x36, 0xA9, 0x80, 0xEA, 0x67, 0xDA, 0x22, 0x0D, 0x10, 0x6F, 0xEF, 0x76,
    0xDB, 0xB1, 0xC5, 0x3C, 0x8D, 0xD0, 0x07, 0xA8, 0xBA, 0x1B, 0xBD, 0xD5, 0x02, 0x9C, 0x8B, 0x87,
    0x28, 0x83, 0x22, 0x28, 0x62, 0xC2, 0xB2, 0x24, 0x44, 0x51, 0x38, 0x9F, 0x50, 0x0D, 0x09, 0x36,
    0x24, 0x98, 0x98, 0x90, 0x2D, 0x09, 0xF4, 0x0A, 0xE7, 0x13, 0xAA, 0x21, 0xA1, 0x0C, 0x09, 0x66,
    0x4E, 0x60, 0x51, 0xF4, 0xE7, 0x09, 0x4E, 0xCF, 0xAC, 0xA2, 0x54, 0x18, 0x05, 0xEA, 0x27, 0xE4,
    0x09, 0x6F, 0xFE, 0x68, 0x02, 0x2B, 0x41, 0xD1, 0x41, 0x76, 0x17, 0x78, 0x8B, 0x3B, 0x56, 0x86,
    0xB3, 0x56, 0x66, 0xB7, 0xFE, 0x30, 0xBA, 0x81, 0xD5, 0x75, 0xB4, 0x0E, 0xDC, 0xCB, 0x3A, 0xCF,
    0x7A, 0x0B, 0x7F, 0xB4, 0x42, 0x1B, 0xC1, 0x8D, 0x94, 0xB2, 0x02, 0x56, 0xE4, 0xE0, 0x15, 0xDB,
    0x5B, 0x5B, 0x91, 0x81, 0x5C, 0xBE, 0x90, 0x99, 0x32, 0x62, 0x56, 0x6C, 0x80, 0x1E, 0xE7, 0x49,
    0xEE, 0x1A, 0xA8, 0x7C, 0x0F, 0xD8, 0x51, 0x80, 0x32, 0xAC, 0x40, 0x11, 0x96, 0xE7, 0x70, 0xBD,
    0x64, 0x19, 0xF6, 0x51, 0x4E, 0xE9, 0xF7, 0x68, 0xD5, 0x08, 0x7D, 0x63, 0x67, 0xF2, 0x15, 0x23,
    0xFF, 0xD1, 0x46, 0xE8, 0x45, 0xC6, 0xCB, 0xB5, 0xBD, 0xDD, 0xA0, 0x57, 0x02, 0xC8, 0x25, 0x76,
    0x7B, 0x0B, 0xA8, 0xA5, 0x23, 0x13, 0x99, 0x28, 0xD6, 0x1F, 0x2E, 0xD8, 0x40, 0x4F, 0xE5, 0x71,
    0x9D, 0xEB, 0x52, 0xED, 0xC0, 0x6E, 0x18, 0xAE, 0x41, 0x92, 0x91, 0xA0, 0x9D, 0xBD, 0x1D, 0x69,
    0x29, 0x96, 0x62, 0xD5, 0x50, 0x33, 0x38, 0x19, 0x20, 0x7B, 0x0F, 0x20, 0xA7, 0x03, 0xEC, 0xC7,
    0x23, 0xE0, 0xFE, 0x7C, 0x00, 0x1E, 0xD5, 0x0D, 0x64, 0xD3, 0x03, 0xAE, 0x5A, 0xAE, 0x03, 0x71,
    0x22, 0x1D, 0x5C, 0x7E, 0x0D, 0x8C, 0xD8, 0x89, 0x6C, 0xA5, 0x1A, 0x40, 0xD8, 0xF4, 0x76, 0xAE,
    0x81, 0xDA, 0xB7, 0x80, 0xF5, 0xFD, 0x89, 0xC3, 0x57, 0xB9, 0xB7, 0xEE, 0x3D, 0xF7, 0x51, 0xA7,
    0xAF, 0x81, 0xEB, 0x1E, 0x79, 0x9F, 0x65, 0x9F, 0xF1, 0x98, 0x9D, 0xE6, 0xF7, 0xC1, 0x84, 0x08,
    0xE5, 0xBF, 0xCD, 0x50, 0xFD, 0xFD, 0x08, 0x67, 0xF6, 0x39, 0xBF, 0xF5, 0x49, 0x1F, 0xA8, 0xC7,
    0x22, 0xE2, 0x1A, 0x16, 0x5A, 0xE8, 0x59, 0xA1, 0x65, 0x01, 0x77, 0xC2, 0x7E, 0x4D, 0x5B, 0xF7,
    0x7E, 0xF5, 0x50, 0xC4, 0x7D, 0xAC, 0x46, 0xD9, 0xE3, 0xF1, 0x86, 0x8C, 0x4E, 0x24, 0xE2, 0x64,
    0xD5, 0x3A, 0x93, 0xCD, 0xA2, 0x49, 0xDD, 0x05, 0xB0, 0x01, 0x23, 0x40, 0xE5, 0xC9, 0x04, 0x55,
    0x03, 0x5B, 0x0D, 0xB4, 0x17, 0xEE, 0x80, 0x9E, 0x4D, 0xCE, 0xF5, 0xF5, 0xA9, 0xDF, 0xE9, 0xBC,
    0x83, 0x53, 0xDC, 0xD3, 0x3C, 0xC7, 0xBC, 0xBA, 0x8E, 0xFE, 0xB4, 0xAE, 0x85, 0x42, 0xC6, 0xAD,
    0xAE, 0x17, 0x4A, 0x69, 0x36, 0x05, 0xBD, 0x04, 0x95, 0xF3, 0x44, 0x7E, 0x12, 0x35, 0x1B, 0x12,
    0x58, 0x35, 0xAE, 0x78, 0xDC, 0xA6, 0xBA, 0xA3, 0x6E, 0x34, 0x05, 0x3A, 0xCB, 0x02, 0x4E, 0x44,
    0xAE, 0xD4, 0xFA, 0x4B, 0x93, 0xB6, 0x37, 0x70, 0xD1, 0x1F, 0x5C, 0x83, 0x0C, 0xA0, 0xB9, 0x92,
    0x89, 0xE5, 0x32, 0xFE, 0x31, 0xDF, 0x31, 0x3F, 0x58, 0xF6, 0xEE, 0xB0, 0x1E, 0x9F, 0xFC, 0x57,
    0xAD, 0x17, 0xE9, 0x14, 0xB3, 0x42, 0xE8, 0xC9, 0xA4, 0x39, 0x9E, 0x9C, 0x6B, 0x45, 0x75, 0x79,
    0xE6, 0x14, 0xA9, 0x55, 0x64, 0xBD, 0x1C, 0xD1, 0xD0, 0xE7, 0x0B, 0xF4, 0x88, 0xC2, 0xF9, 0xE3,
    0x01, 0xBE, 0x9C, 0x12, 0x4C, 0x4C, 0x40, 0x14, 0x6D, 0x97, 0xE0, 0x06, 0xB2, 0x86, 0xD2, 0x53,
    0xA9, 0x78, 0x22, 0xBB, 0xCD, 0xE5, 0x10, 0xDD, 0xB0, 0xC8, 0x20, 0x13, 0xE2, 0x11, 0xB4, 0xAC,
    0xB0, 0x6C, 0x25, 0x5E, 0x57, 0x44, 0x66, 0x85, 0x78, 0x45, 0x60, 0xA1, 0x8C, 0x09, 0x99, 0x82,
    0x45, 0xB1, 0x5E, 0x62, 0x39, 0x1A, 0xCC, 0xCC, 0xFA, 0x83, 0x3E, 0xE8, 0x88, 0x2E, 0x21, 0xC2,
    0xC2, 0xAA, 0x68, 0x15, 0xCE, 0x27, 0xD8, 0x41, 0x43, 0x85, 0xBD, 0xF3, 0x11, 0x4F, 0x14, 0xAE,
    0x51, 0x78, 0x4E, 0x66, 0xC2, 0x81, 0x62, 0x00, 0xAC, 0x57, 0x9C, 0x7E, 0x23, 0x79, 0xEB, 0x4E,
    0xB9, 0xDC, 0x71, 0xF1, 0x4C, 0xFE, 0xD9, 0x4D, 0x3A, 0xD0, 0x75, 0x38, 0x7E, 0x79, 0xD9, 0xCD,
    0x35, 0x38, 0x38, 0x83, 0x73, 0x98, 0xE0, 0x2E, 0x98, 0xA9, 0xF6, 0xB0, 0x3C, 0x06, 0xDC, 0x0C,
    0x94, 0xC3, 0xED, 0xDD, 0xC4, 0xD6, 0x44, 0xFB, 0xC9, 0x68, 0xA4, 0x63, 0x61, 0xB7, 0xB3, 0x7C,
    0x72, 0x76, 0x72, 0xED, 0xE4, 0x16, 0x5C, 0xC0, 0xF9, 0x43, 0x71, 0xA3, 0xE5, 0x39, 0x42, 0x8D,
    0x07, 0xEC, 0x00, 0xDA, 0x13, 0x22, 0x5F, 0xB5, 0x7A, 0x7F, 0xF7, 0x4C, 0x58, 0x5D, 0x68, 0x3D,
    0x22, 0x8D, 0xEB, 0x38, 0xC3, 0x01, 0x17, 0xF0, 0x40, 0x3D, 0x03, 0x56, 0x12, 0x33, 0x91, 0x71,
    0xDF, 0x5B, 0x94, 0x0D, 0xE0, 0x2E, 0xE3, 0xDB, 0xF1, 0x0F, 0xF4, 0xAC, 0x6F, 0xA8, 0xBC, 0x1B,
    0xE9, 0xBD, 0x15, 0x11, 0x8C, 0xAA, 0xA7, 0x96, 0x0E, 0xF8, 0x2E, 0x70, 0x0E, 0x59, 0x04, 0x13,
    0xC0, 0x7A, 0x0E, 0xCB, 0xE4, 0x53, 0xAC, 0xAC, 0xB8, 0x5F, 0x48, 0xD7, 0x52, 0xF9, 0x47, 0xBC,
    0x46, 0x0B, 0xB8, 0x4F, 0xA1, 0x92, 0x51, 0xA3, 0xE8, 0x84, 0x1E, 0xAA, 0x01, 0x8A, 0x70, 0x3F,
    0xB9, 0x60, 0x07, 0xF7, 0x85, 0xE8, 0x34, 0x64, 0x32, 0xBD, 0xB8, 0x9A, 0xE9, 0x65, 0xD4, 0xF0,
    0x3C, 0x35, 0xB9, 0x07, 0xCC, 0x02, 0x64, 0x2D, 0xF0, 0x5A, 0x0D, 0xD8, 0xED, 0xE5, 0xDD, 0x17,
    0xD4, 0xF3, 0x3B, 0xD7, 0xE8, 0xF9, 0x45, 0x7F, 0xD2, 0xF3, 0x7B, 0x80, 0x1B, 0xE0, 0x37, 0x03,
    0xFC, 0x71, 0x00, 0x19, 0xE0, 0x6D, 0x60, 0x29, 0x03, 0xB8, 0xF7, 0x3B, 0xB0, 0x2B, 0x90, 0x4F,
    0xB7, 0x76, 0x4F, 0xB5, 0x09, 0xF3, 0xBF, 0x33, 0x68, 0x88, 0xBA, 0xB9, 0xD1, 0xFB, 0x29, 0xC9,
    0xA6, 0x0D, 0x7D, 0x42, 0x20, 0x8B, 0xF0, 0x0A, 0x41, 0x00, 0x8C, 0x00, 0xD9, 0x8F, 0x9A, 0x04,
    0x9B, 0x50, 0x0A, 0xC0, 0x5D, 0xD8, 0xD2, 0x7C, 0x2A, 0xFB, 0x8F, 0x74, 0xEF, 0x3C, 0x6D, 0xF4,
    0xE5, 0xD7, 0x97, 0xF5, 0x43, 0x24, 0xD0, 0x07, 0xDE, 0x85, 0xDE, 0xF3, 0x17, 0x03, 0xDF, 0x1F,
    0x72, 0xF1, 0x7C, 0x17, 0x7A, 0x33, 0x41, 0xFD, 0x89, 0x87, 0x42, 0x8E, 0x55, 0x1C, 0xF6, 0xAD,
    0xAB, 0x07, 0xEE, 0x43, 0x84, 0x19, 0x02, 0x84, 0xFC, 0x7F, 0xC6, 0x6F, 0x2E, 0xB7, 0x0D, 0x6C,
    0xBF, 0x60, 0x3A, 0x09, 0x17, 0xB8, 0x6A, 0x3D, 0x98, 0xF9, 0x57, 0x46, 0x9B, 0x30, 0x6D, 0x70,
    0x1D, 0x65, 0x70, 0x1E, 0x1B, 0xAA, 0x89, 0x76, 0x28, 0x45, 0xA4, 0xCB, 0x45, 0x56, 0xA8, 0x65,
    0xC4, 0x8A, 0x6C, 0x9E, 0xDD, 0x7B, 0x8F, 0xC3, 0x22, 0x45, 0x78, 0x51, 0xD7, 0xCD, 0xEA, 0x31,
    0x36, 0xB4, 0xB8, 0xE0, 0xBE, 0x94, 0x50, 0xC9, 0x93, 0x60, 0xE4, 0xFB, 0x81, 0xC0, 0xDF, 0xC2,
    0x44, 0x80, 0x7E, 0x17, 0xEA, 0xA1, 0x58, 0xE0, 0x64, 0x11, 0xF2, 0x29, 0xC1, 0xDC, 0x24, 0x96,
    0x84, 0xB0, 0x2A, 0x5A, 0xB0, 0xE3, 0xB6, 0x0F, 0xD8, 0xF5, 0x07, 0xD2, 0x18, 0x91, 0x05, 0x7A,
    0x19, 0xF7, 0xA7, 0x5E, 0xE3, 0xB3, 0xC1, 0xA4, 0x23, 0xDB, 0x77, 0x70, 0xA8, 0x66, 0x0E, 0xFB,
    0x00, 0x5C, 0xFB, 0x62, 0xDE, 0x5E, 0x78, 0x9F, 0x5C, 0x5C, 0x9A, 0xC4, 0x7D, 0x5A, 0x89, 0x15,
    0x71, 0x46, 0xA2, 0xE3, 0xED, 0x06, 0xB2, 0xE5, 0xF8, 0xE8, 0xB0, 0x7F, 0xEA, 0x13, 0x8C, 0xE2,
    0x1F, 0x12, 0x0A, 0xD9, 0x5A, 0xBF, 0xED, 0x1B, 0x8E, 0xF3, 0x20, 0x81, 0x3C, 0xCC, 0x98, 0xE1,
    0xFE, 0x56, 0x23, 0x01, 0xEA, 0xEE, 0x66, 0xFF, 0x00, 0x78, 0xD7, 0x02, 0xD1, 0x41, 0x3E, 0x3F,
    0x82, 0xE2, 0xE7, 0x13, 0xBC, 0xF9, 0x27, 0xDD, 0xAD, 0xFD, 0xA5, 0x53, 0xFC, 0x78, 0xA4, 0xFA,
    0x97, 0x80, 0xB3, 0x9E, 0xE8, 0xE0, 0xA3, 0xBF, 0xBA, 0x51, 0xC1, 0xAF, 0x4E, 0x8D, 0x9D, 0x68,
    0xFD, 0xA1, 0x66, 0x51, 0x35, 0x13, 0x60, 0x3C, 0x50, 0x6E, 0x18, 0x38, 0x3E, 0x26, 0xD7, 0x1B,
    0x90, 0xF2, 0x67, 0x01, 0x5C, 0x07, 0xE7, 0x40, 0x04, 0xDA, 0x00, 0xD5, 0x08, 0xB4, 0x00, 0xE4,
    0xE2, 0x01, 0xCA, 0xCF, 0x03, 0x68, 0xC7, 0xC8, 0xF5, 0xD6, 0x82, 0x34, 0x88, 0xEB, 0x90, 0x8E,
    0xD5, 0x79, 0xC4, 0xB3, 0xD4, 0x3E, 0x13, 0x9F, 0xC5, 0xCA, 0x1B, 0xF1, 0x26, 0xDA, 0xC1, 0x7C,
    0x3E, 0x98, 0xD9, 0x06, 0xF3, 0x64, 0x34, 0x53, 0x19, 0x8A, 0x7F, 0x0F, 0x45, 0x3A, 0xCA, 0x8F,
    0x43, 0x19, 0xCC, 0x64, 0x7F, 0x3A, 0xD9, 0x31, 0xB5, 0xFA, 0xD9, 0x0E, 0x79, 0xB4, 0x5D, 0xAC,
    0xD2, 0xC8, 0xBA, 0x89, 0xB5, 0x67, 0x71, 0x9C, 0x3B, 0x8D, 0xCA, 0x03, 0xD7, 0xD0, 0x9F, 0x71,
    0xD6, 0x42, 0xFB, 0x00, 0xD7, 0x83, 0x8B, 0xD4, 0xEB, 0x56, 0x55, 0x9A, 0xAB, 0x19, 0x1B, 0xA1,
    0x9A, 0xB6, 0xCA, 0x06, 0xEC, 0x0C, 0x54, 0x9E, 0x0B, 0x61, 0x64, 0x4B, 0x04, 0xCD, 0x74, 0xC3,
    0xB3, 0xD6, 0x63, 0xBD, 0x09, 0x8E, 0x7A, 0x50, 0xBA, 0xB1, 0x08, 0x75, 0xE3, 0x82, 0x1D, 0x2A,
    0xFF, 0x20, 0x58, 0x6F, 0xFD, 0xF9, 0xA4, 0x9C, 0xE7, 0xAA, 0x2B, 0x87, 0xE9, 0xDC, 0x35, 0xE6,
    0xB3, 0x70, 0xDF, 0x61, 0xFE, 0x3B, 0xDC, 0x71, 0x24, 0x4D, 0x67, 0x0F, 0xC8, 0xBE, 0x1C, 0xEA,
    0x08, 0xE2, 0xAB, 0x8D, 0x3A, 0x7B, 0xDF, 0xD9, 0x09, 0x1C, 0x65, 0x50, 0x9A, 0x44, 0x22, 0x60,
    0xA4, 0x81, 0xEA, 0x93, 0x01, 0x5A, 0x33, 0xC3, 0x55, 0x13, 0x30, 0xD1, 0x35, 0xFB, 0x43, 0xB8,
    0x0D, 0x76, 0xA4, 0xF2, 0x45, 0xC0, 0x75, 0x26, 0xD2, 0xC3, 0xC2, 0x02, 0xBD, 0x89, 0xE0, 0xF4,
    0x9D, 0x57, 0xFD, 0x6C, 0x04, 0x2B, 0xFE, 0x22, 0x68, 0x2E, 0x00, 0x8B, 0x22, 0xBE, 0x18, 0xAC,
    0x87, 0x36, 0x90, 0x2D, 0x0B, 0xC5, 0xD5, 0xCC, 0xF0, 0x18, 0x33, 0xEB, 0xAA, 0x5D, 0x93, 0x92,
    0xD1, 0x95, 0xA3, 0x26, 0xC0, 0x0E, 0xD6, 0x17, 0x63, 0xDD, 0x69, 0x92, 0xCC, 0xE4, 0xC8, 0xE6,
    0xC7, 0x10, 0x23, 0x3C, 0x4A, 0xEE, 0x66, 0x70, 0x01, 0xEA, 0x00, 0x76, 0xDC, 0x63, 0xAB, 0xD7,
    0x0D, 0xBF, 0x2D, 0x50, 0x2F, 0x5B, 0x53, 0x42, 0x1E, 0x74, 0xF9, 0xD3, 0x05, 0x7E, 0x2B, 0xFB,
    0xF0, 0xF6, 0xF4, 0x93, 0x0F, 0x80, 0x0D, 0x80, 0xF3, 0xC7, 0xD8, 0x2B, 0xE6, 0x44, 0x64, 0x38,
    0xE1, 0xE8, 0x28, 0x80, 0x89, 0x40, 0x39, 0x01, 0xD5, 0xF8, 0xCC, 0xF5, 0xE2, 0xD9, 0xEB, 0xF9,
    0x02, 0x14, 0xF3, 0x95, 0x09, 0x7B, 0x11, 0x19, 0x15, 0x61, 0x03, 0xDC, 0xE7, 0xF4, 0x0F, 0xED,
    0x01, 0xDE, 0xE4, 0xD2, 0x5A, 0x11, 0xAF, 0xFE, 0xBD, 0x87, 0xBD, 0x07, 0xD7, 0xC0, 0xBA, 0xCF,
    0x55, 0x06, 0xA8, 0x4E, 0x97, 0xF2, 0x08, 0x45, 0xD8, 0x87, 0xBB, 0x0E, 0xFA, 0x87, 0x0F, 0x3B,
    0x5D, 0xBA, 0x3A, 0x4C, 0xC7, 0x02, 0x73, 0x05, 0x1F, 0xDD, 0xA2, 0xD6, 0xEF, 0x00, 0xAE, 0xD9,
    0x17, 0x59, 0x03, 0xDC, 0xB0, 0xD6, 0x55, 0x5B, 0xDC, 0x3F, 0x7A, 0x28, 0x05, 0xC8, 0xE7, 0xDB,
    0xD3, 0x5A, 0xF9, 0x15, 0xF3, 0xF9, 0x0C, 0x32, 0x80, 0x6B, 0x6E, 0x54, 0xE7, 0xFF, 0x01, 0x34,
    0x8D, 0x01, 0xA6, 0xC3, 0x40, 0x18, 0x84, 0x27, 0xC9, 0xE3, 0xA1, 0xD8, 0xDE, 0x20, 0x37, 0x68,
    0x2E, 0x50, 0xDD, 0x3D, 0x58, 0x34, 0x39, 0x58, 0x2B, 0x39, 0xC2, 0x1E, 0x61, 0x11, 0x50, 0x10,
    0x04, 0x55, 0xD5, 0xE9, 0x0C, 0xE9, 0xCF, 0x7C, 0x60, 0xFE, 0xF9, 0xD0, 0x31, 0xA1, 0x26, 0x37,
    0x04, 0xF2, 0x83, 0xAE, 0x80, 0x29, 0x8E, 0xB8, 0x20, 0x02, 0xD8, 0x31, 0x0B, 0xDD, 0x53, 0x08,
    0x14, 0x2B, 0xB2, 0x00, 0x07, 0x95, 0xCD, 0xF4, 0x2B, 0x84, 0x6C, 0x94, 0x93, 0x90, 0xA7, 0x84,
    0x76, 0x8E, 0x05, 0xD3, 0xAC, 0x51, 0xA2, 0xA1, 0xFE, 0x24, 0x1A, 0xB1, 0xDF, 0x51, 0xA9, 0x3C,
    0x88, 0x9B, 0x71, 0x36, 0x7A, 0xA5, 0xDE, 0xBC, 0x99, 0xED, 0x58, 0x10, 0x64, 0x88, 0x0F, 0x8E,
    0x83, 0xB6, 0xEE, 0xF8, 0xC3, 0x60, 0xD3, 0x02, 0xB4, 0x2C, 0x5E, 0xB4, 0x5C, 0xDE, 0x56, 0xED,
    0xFF, 0xB5, 0x57, 0x28, 0x71, 0x7C, 0xD1, 0x4A, 0xFD, 0x7B, 0xC9, 0x16, 0x25, 0xA8, 0xD6, 0x38,
    0x59, 0xF1, 0x8B, 0x72, 0x05, 0xA8, 0xDB, 0x68, 0x4C, 0xC2, 0x8A, 0xEA, 0xED, 0xFE, 0x77, 0x34,
    0x22, 0x50, 0x00, 0x98, 0x6B, 0x0B, 0x22, 0xEC, 0xC0, 0x04, 0x4C, 0x8C, 0xFD, 0x03, 0x42, 0x0D,
    0xD3, 0x17, 0x04, 0xAA, 0xFF, 0xFF, 0x01, 0x88, 0xC4, 0x7F, 0x3A, 0x00, 0xD9, 0x04, 0xD0, 0xBF,
    0x09, 0x0C, 0x40, 0xAF, 0xD4, 0xC3, 0x0C, 0xB2, 0x07, 0xFA, 0xDE, 0x01, 0x14, 0x00, 0xFC, 0x0D,
    0x0C, 0xFA, 0x50, 0x77, 0x00, 0x00, 0x1D, 0xCC, 0x01, 0x66, 0x05, 0x31, 0x18, 0x04, 0xE0, 0xE9,
    0xFE, 0x5D, 0x8B, 0xC5, 0x5F, 0x28, 0x40, 0xB3, 0x80, 0x45, 0xC9, 0x09, 0xB6, 0xC9, 0x0D, 0x0A,
    0x7A, 0x83, 0x5E, 0x63, 0x25, 0x37, 0xE9, 0x45, 0x52, 0x9B, 0x23, 0x84, 0x77, 0x80, 0x97, 0x23,
    0xFC, 0x08, 0x16, 0x59, 0x79, 0xF1, 0xC6, 0xC0, 0x30, 0xBE, 0x05, 0x01, 0x0E, 0x2A, 0x4E, 0x09,
    0x9E, 0x84, 0x93, 0xF6, 0x3B, 0x70, 0x81, 0x9A, 0xE5, 0x7B, 0x76, 0x74, 0xBE, 0x58, 0xF0, 0xF9,
    0x69, 0x5A, 0xFD, 0x57, 0xF2, 0x0B, 0xB4, 0x96, 0x7B, 0xDF, 0x7F, 0x6C, 0x20, 0x31, 0x7F, 0x59,
    0xB5, 0x48, 0x17, 0xB6, 0x76, 0xAC, 0x1B, 0xA5, 0xC6, 0x72, 0xCC, 0xB2, 0x0E, 0x7E, 0xCE, 0xA6,
    0x86, 0xBD, 0x7C, 0x84, 0x2F, 0x53, 0x59, 0xE0, 0x17, 0xCA, 0x27, 0xDF, 0x8A, 0xFE, 0x4E, 0xBB,
    0x42, 0x37, 0xBB, 0xDC, 0x7D, 0x5C, 0xE0, 0x68, 0x6C, 0x40, 0x45, 0x80, 0xC1, 0x2B, 0xD0, 0x37,
    0x25, 0x12, 0xCA, 0x1C, 0x1D, 0x7A, 0x30, 0x81, 0xA1, 0x65, 0x2C, 0x6F, 0xE5, 0x90, 0x11, 0x83,
    0xD5, 0xCF, 0xB7, 0xCB, 0x3A, 0x3D, 0x00, 0x8C, 0xCB, 0x01, 0x06, 0xC3, 0x40, 0x10, 0x85, 0xE1,
    0xBF, 0x19, 0x84, 0x16, 0x0B, 0x40, 0x21, 0x27, 0xA8, 0x3D, 0xC2, 0x2C, 0xBD, 0x58, 0x2E, 0xD6,
    0x64, 0x6F, 0xD0, 0x1C, 0x61, 0x8F, 0xB0, 0x08, 0x82, 0x8D, 0xED, 0x03, 0x45, 0x41, 0xDF, 0xF3,
    0x8D, 0x31, 0x0C, 0x0F, 0x00, 0x4F, 0xC0, 0xB4, 0x01, 0xC3, 0xCE, 0x6F, 0x3A, 0x58, 0xF3, 0x84,
    0xED, 0x31, 0x13, 0x6A, 0x28, 0x4C, 0x79, 0xAC, 0xF8, 0x6C, 0x8D, 0x15, 0x4E, 0x95, 0x55, 0x3B,
    0xFE, 0xAC, 0x30, 0xBD, 0x0B, 0x84, 0x9E, 0xC1, 0x7A, 0x82, 0xA1, 0x03, 0x9C, 0x42, 0xFB, 0x6B,
    0x0C, 0x1B, 0xD8, 0x0E, 0x34, 0x71, 0xB9, 0xF2, 0xCD, 0x82, 0x1D, 0x8E, 0x55, 0x4F, 0x63, 0x8D,
    0xF3, 0xAD, 0x84, 0xAC, 0x6E, 0x21, 0x8F, 0x25, 0xCE, 0xBA, 0xEA, 0xCF, 0xB9, 0x1C, 0x0B, 0xB4,
    0x06, 0x2F, 0xF1, 0x43, 0x2A, 0x44, 0x09, 0x45, 0xB2, 0x48, 0x4C, 0xDC, 0x3B, 0xC4, 0xF3, 0x33,
    0x88, 0x14, 0x00, 0xFA, 0x80, 0x03, 0x28, 0x70, 0x58, 0x00, 0x5A, 0xA1, 0x62, 0x1C, 0xA9, 0xA1,
    0x18, 0xFA, 0x66, 0xFE, 0x8E, 0x52, 0x4C, 0x61, 0x8A, 0xA5, 0xA0, 0x99, 0x5C, 0x00, 0x36, 0x17,
    0x18, 0xE4, 0xBF, 0xA2, 0xA0, 0x5C, 0x9A, 0xBD, 0x04, 0x2D, 0x2D, 0xDA, 0x7C, 0x2A, 0xEE, 0x42,
    0x4D, 0xB9, 0xAB, 0x58, 0xA2, 0xA0, 0x42, 0x9B, 0x23, 0xE4, 0x08, 0x2E, 0x52, 0x8C, 0x44, 0x26,
    0xC6, 0xFF, 0x2B, 0x43, 0xC3, 0xC2, 0x34, 0x3C, 0xDB, 0xCA, 0xF3, 0xB3, 0xED, 0x38, 0x79, 0x49,
    0x1A, 0x84, 0x94, 0xA7, 0x0F, 0x3F, 0x82, 0x9C, 0x33, 0x08, 0x14, 0x7B, 0x33, 0x7D, 0xAD, 0x5F,
    0xB5, 0x57, 0x9C, 0x33, 0x20, 0x80, 0xB0, 0x87, 0xCD, 0x1F, 0x69, 0x47, 0x15, 0xE1, 0xBC, 0xE1,
    0xF6, 0x16, 0x66, 0xE2, 0xFE, 0x3C, 0x93, 0xE4, 0xFE, 0xFE, 0x0B, 0xD8, 0x4C, 0xDB, 0x25, 0x9C,
    0x3B, 0x92, 0x53, 0x87, 0x2C, 0x8F, 0x20, 0x14, 0x09, 0x3B, 0x70, 0x64, 0xC9, 0xB6, 0x41, 0xB3,
    0xB0, 0xA2, 0x63, 0x8F, 0x4B, 0x5C, 0x80, 0x53, 0x56, 0xEA, 0xA2, 0x5D, 0xB9, 0x06, 0x04, 0x51,
    0x8A, 0x4A, 0xEB, 0x7E, 0x17, 0x84, 0xDF, 0x0E, 0xFC, 0x38, 0xF2, 0xE3, 0x81, 0x3F, 0xEB, 0x06,
    0xB1, 0x79, 0xA3, 0x4B, 0xFA, 0x5D, 0xE9, 0xDA, 0x7B, 0x06, 0xEF, 0xD9, 0x57, 0x72, 0xB9, 0xF1,
    0x4D, 0xD1, 0x7B, 0xBC, 0xE4, 0x5E, 0x7F, 0x2B, 0xD5, 0xD0, 0x5F, 0xE5, 0x6A, 0x82, 0xA3, 0xEA,
    0xFF, 0x08, 0x5B, 0xD0, 0x99, 0xCD, 0x45, 0xFB, 0x4F, 0x71, 0x6E, 0x6F, 0xD6, 0x6D, 0xC1, 0x5F,
    0xF7, 0x58, 0xDA, 0x9A, 0xD6, 0x36, 0xB1, 0xCD, 0x6C, 0x76, 0xF2, 0xD9, 0x15, 0xD7, 0x57, 0x96,
    0x00, 0x5C, 0xB8, 0x3D, 0x6B, 0xD1, 0x61, 0x36, 0xB1, 0x6B, 0xEB, 0x92, 0xAD, 0x8C, 0x71, 0x87,
    0x87, 0x52, 0x9E, 0x90, 0x41, 0x36, 0x62, 0x7D, 0x28, 0xB4, 0xF9, 0x39, 0xA1, 0xD2, 0x42, 0x5B,
    0x37, 0x92, 0x42, 0xEF, 0xC1, 0xE0, 0x58, 0xE8, 0x84, 0x3A, 0xB6, 0x38, 0x51, 0x8F, 0x82, 0x07,
    0x70, 0x18, 0x51, 0xC0, 0x9F, 0xE6, 0xED, 0x80, 0x02, 0xBF, 0x63, 0x59, 0x80, 0x60, 0x03, 0xE3,
    0x05, 0xB0, 0x8A, 0xF0, 0xC7, 0xD1, 0x53, 0xB4, 0x47, 0x78, 0x3E, 0x91, 0x4D, 0x6B, 0x33, 0x97,
    0x83, 0xFA, 0x68, 0x35, 0x36, 0x02, 0x50, 0x7F, 0x07, 0x26, 0xA9, 0x06, 0xA0, 0x49, 0xF7, 0xA8,
    0x6F, 0x52, 0x50, 0x80, 0x31, 0x81, 0x6E, 0xA2, 0x53, 0x27, 0xAE, 0x92, 0x38, 0xF5, 0xBB, 0x19,
    0x4C, 0xBD, 0xBF, 0xB3, 0x52, 0x3F, 0xFF, 0x18, 0xE6, 0x4E, 0x40, 0xEE, 0x36, 0xAE, 0xCC, 0x00,
    0x8E, 0xC8, 0x9F, 0xDA, 0x8C, 0x4E, 0x05, 0x2D, 0x70, 0x44, 0x38, 0x60, 0xAB, 0xA8, 0x05, 0x9C,
    0xDC, 0x9D, 0x78, 0xEA, 0x62, 0x2E, 0xE5, 0x06, 0x96, 0x27, 0xC5, 0x27, 0xC7, 0xCB, 0x27, 0x00,
    0x08, 0x8A, 0x7C, 0x36, 0x80, 0x26, 0x8B, 0x0C, 0x47, 0xD6, 0xCB, 0x6F, 0xAD, 0x4A, 0x51, 0x50,
    0x8E, 0x29, 0xDB, 0x80, 0xDF, 0x43, 0xE5, 0x67, 0xD5, 0x72, 0x1A, 0x3A, 0xFE, 0x6B, 0x23, 0xA3,
    0x4B, 0x96, 0xBA, 0xF8, 0x0A, 0x27, 0x30, 0x38, 0x72, 0xAA, 0x85, 0x64, 0x2B, 0x61, 0xF0, 0x99,
    0x77, 0xBF, 0x00, 0xD2, 0x5A, 0xB5, 0x92, 0x81, 0x69, 0x01, 0xA0, 0xF1, 0x39, 0xC0, 0x90, 0x18,
    0x06, 0xA0, 0x30, 0xFC, 0xB7, 0x59, 0x8A, 0xB5, 0x7A, 0x84, 0x3D, 0x42, 0x2E, 0xB0, 0xAB, 0xF7,
    0xD9, 0x33, 0x2C, 0xE9, 0x7D, 0xF6, 0x10, 0xE9, 0x11, 0x7A, 0x84, 0x1C, 0xA1, 0x08, 0x6A, 0xA5,
    0xF3, 0x26, 0x6F, 0x30, 0x00, 0x86, 0xE4, 0xC3, 0xF3, 0x3C, 0x49, 0x92, 0xF6, 0x70, 0x74, 0x6B,
    0x97, 0xB1, 0x59, 0x7E, 0x2D, 0x5F, 0xDD, 0x71, 0xFF, 0xEE, 0x86, 0xF2, 0x92, 0x93, 0x7D, 0x7B,
    0xC8, 0x5C, 0x6C, 0xDC, 0x52, 0xF8, 0xFF, 0x53, 0x57, 0x12, 0xB6, 0x02, 0x9F, 0x02, 0x06, 0xE9,
    0x80, 0x77, 0xA9, 0xF5, 0xE0, 0x18, 0x04, 0xCB, 0xEA, 0x93, 0xE1, 0x03, 0x1A, 0xAE, 0x58, 0x16,
    0x57, 0x48, 0xAE, 0x13, 0x2A, 0x58, 0x1B, 0x25, 0x70, 0xFE, 0x6C, 0x62, 0x41, 0x78, 0xC1, 0x6B,
    0x1B, 0xD1, 0xCB, 0xCC, 0xD2, 0x05, 0xA3, 0x27, 0x20, 0x0A, 0x24, 0x35, 0x49, 0xE7, 0x8F, 0x93,
    0xA9, 0x01, 0xBE, 0x37, 0x9C, 0xE7, 0x9E, 0x83, 0xFB, 0x7E, 0xD9, 0x89, 0x54, 0xC8, 0x82, 0x65,
    0x87, 0xB9, 0x42, 0xB8, 0x80, 0xBC, 0x42, 0x2C, 0x30, 0x9D, 0x30, 0x08, 0x48, 0x9B, 0xBF, 0x71,
    0x07, 0xC5, 0x92, 0x21, 0xAC, 0xD4, 0x40, 0x10, 0x86, 0xBF, 0xED, 0x91, 0x54, 0x34, 0x50, 0xAF,
    0x8A, 0xC4, 0x90, 0x7A, 0x01, 0x53, 0x6F, 0xF0, 0x5E, 0xA1, 0x9E, 0x41, 0xBF, 0xAE, 0x57, 0xCF,
    0x6B, 0x3C, 0x3E, 0x79, 0xA1, 0xC5, 0x0B, 0xCE, 0x1B, 0x2A, 0xF0, 0xA9, 0x38, 0x71, 0x62, 0x6F,
    0x87, 0x99, 0x5B, 0x9A, 0xE6, 0x2E, 0x04, 0x45, 0xC2, 0xE6, 0xEE, 0xCB, 0x76, 0xFE, 0x99, 0xFF,
    0xDF, 0x64, 0x37, 0xE8, 0x13, 0x04, 0xCD, 0x80, 0xEA, 0x6C, 0x7C, 0x58, 0x0D, 0x87, 0x64, 0x20,
    0x43, 0x9F, 0xC5, 0x54, 0x55, 0x6A, 0x9D, 0x74, 0x68, 0xD7, 0x4A, 0x63, 0x3F, 0x33, 0x45, 0x19,
    0x90, 0x59, 0x28, 0xE8, 0xE3, 0x06, 0x19, 0x5C, 0xC0, 0x5B, 0x68, 0xD7, 0x70, 0xB1, 0xB1, 0x2F,
    0x67, 0x37, 0x58, 0xA0, 0xCB, 0x30, 0xAA, 0x85, 0xEC, 0x78, 0x84, 0xF6, 0x7F, 0xE0, 0xF6, 0x18,
    0x51, 0x66, 0xA0, 0x5D, 0x0C, 0x87, 0x93, 0x21, 0x24, 0x03, 0xEA, 0x90, 0xE8, 0xCA, 0xD1, 0x50,
    0xAF, 0x86, 0xCA, 0x15, 0xB2, 0x63, 0xDC, 0x76, 0x87, 0xB4, 0xA9, 0xDE, 0x57, 0x26, 0x74, 0x73,
    0x71, 0xBF, 0xE2, 0xEC, 0x19, 0x5C, 0xD3, 0xF6, 0x70, 0x31, 0x1C, 0x77, 0xDC, 0x0E, 0xAD, 0x86,
    0xDE, 0x87, 0x64, 0xA0, 0x24, 0x55, 0x7B, 0xD2, 0xEE, 0x08, 0x70, 0xF1, 0xA1, 0xB3, 0xA1, 0x71,
    0xB1, 0x9B, 0xF7, 0x63, 0xFC, 0xC5, 0xB1, 0x1F, 0x64, 0x1E, 0x67, 0x89, 0x2F, 0xF0, 0x8F, 0xB8,
    0x95, 0x85, 0x1B, 0x8C, 0x8E, 0xAF, 0x5B, 0x08, 0xE9, 0x06, 0xC1, 0x33, 0xAB, 0x93, 0x07, 0xAC,
    0xC8, 0x6A, 0x18, 0xD3, 0x15, 0xF5, 0x62, 0x43, 0xCD, 0x11, 0xA4, 0x9D, 0x0D, 0x1F, 0x0C, 0xDD,
    0x77, 0x43, 0xFB, 0xC3, 0xD0, 0x68, 0x84, 0x83, 0x0E, 0x0E, 0x20, 0x38, 0x70, 0x7C, 0xF4, 0x5F,
    0xAD, 0x4B, 0xAB, 0x73, 0xA7, 0x49, 0x74, 0x95, 0x6F, 0xAA, 0x75, 0x12, 0xE4, 0x4C, 0x7A, 0xEF,
    0xE7, 0xFF, 0xBD, 0xF7, 0xFA, 0x21, 0x95, 0x9E, 0xD2, 0x5F, 0x66, 0x09, 0xB9, 0xD8, 0xB7, 0x53,
    0xA4, 0x7B, 0x05, 0x3D, 0x20, 0xFF, 0xE6, 0xFF, 0x56, 0x40, 0xDE, 0x81, 0x24, 0xE8, 0x16, 0xCA,
    0x6A, 0x32, 0x1D, 0xA2, 0x27, 0x61, 0x9C, 0x34, 0xF3, 0x1C, 0x34, 0xF1, 0x86, 0xE6, 0xA9, 0xA8,
    0xD5, 0x67, 0x5E, 0xD2, 0x69, 0xEC, 0x11, 0xCD, 0xCA, 0x63, 0x63, 0xEA, 0x33, 0xE3, 0x5A, 0xD4,
    0xBB, 0x4B, 0x9D, 0xFC, 0x69, 0xA8, 0xAD, 0xF9, 0x0A, 0xCA, 0xA5, 0xDE, 0xDC, 0xF8, 0x5D, 0xCB,
    0x9F, 0x9E, 0x83, 0x57, 0x22, 0x84, 0xC9, 0xD0, 0x6B, 0xA4, 0xD1, 0x4C, 0x50, 0x1D, 0x10, 0x7D,
    0x82, 0x71, 0xC1, 0x70, 0x36, 0x74, 0xFA, 0xD3, 0xB7, 0x7A, 0x84, 0xCA, 0xE5, 0x72, 0x29, 0x8C,
    0x8E, 0x30, 0x88, 0x5A, 0xAD, 0xBC, 0x55, 0xC7, 0x27, 0x5C, 0x3A, 0x3A, 0xBC, 0xB5, 0x53, 0x77,
    0x78, 0xD0, 0xC5, 0x38, 0x79, 0xA1, 0xF2, 0xD9, 0xDA, 0x50, 0x79, 0xDA, 0x64, 0x1B, 0x71, 0x71,
    0xBC, 0x60, 0x30, 0x9D, 0xD7, 0x00, 0x77, 0xA6, 0xBF, 0x00,
};

static const EpdGlyph atkinson_hn_16_regularGlyphs[] = {
    { 0, 0, 0, 0, 0, 0, 0 }, // U+0000
    { 0, 0, 139, 0, 0, 0, 0 }, // U+000D
    { 0, 0, 149, 0, 0, 0, 0 }, // U+0020
    { 5, 22, 153, 2, 22, 28, 0 }, // !
    { 8, 8, 161, 1, 22, 16, 28 }, // "
    { 20, 22, 347, 1, 22, 110, 44 }, // #
    { 18, 28, 316, 1, 25, 126, 154 }, // $
    { 29, 22, 490, 1, 22, 160, 280 }, // %
    { 23, 22, 390, 1, 22, 127, 440 }, // &
    { 3, 8, 85, 1, 22, 6, 567 }, // '
    { 8, 29, 159, 1, 24, 58, 573 }, // (
    { 8, 29, 159, 1, 24, 58, 631 }, // )
    { 12, 11, 259, 2, 22, 33, 689 }, // *
    { 18, 17, 323, 1, 17, 77, 722 }, // +
    { 5, 10, 112, 1, 5, 13, 799 }, // ,
    { 10, 3, 193, 1, 10, 8, 812 }, // -
    { 5, 5, 112, 1, 5, 7, 820 }, // .
    { 13, 27, 206, 0, 24, 88, 827 }, // /
    { 19, 22, 346, 1, 22, 105, 915 }, // 0
    { 9, 22, 217, 1, 22, 50, 1020 }, // 1
    { 17, 22, 292, 0, 22, 94, 1070 }, // 2
    { 17, 22, 307, 1, 22, 94, 1164 }, // 3
    { 19, 22, 327, 1, 22, 105, 1258 }, // 4
    { 17, 22, 314, 1, 22, 94, 1363 }, // 5
    { 17, 22, 319, 2, 22, 94, 1457 }, // 6
    { 16, 22, 272, 0, 22, 88, 1551 }, // 7
    { 18, 22, 328, 1, 22, 99, 1639 }, // 8
    { 17, 22, 317, 1, 22, 94, 1738 }, // 9
    { 5, 17, 112, 1, 17, 22, 1832 }, // :
    { 5, 22, 112, 1, 17, 28, 1854 }, // ;
    { 17, 17, 295, 1, 17, 73, 1882 }, // <
    { 17, 9, 335, 2, 13, 39, 1955 }, // =
    { 17, 17, 295, 1, 17, 73, 1994 }, // >
    { 16, 22, 256, 0, 22, 88, 2067 }, // ?
    { 24, 25, 415, 1, 21, 150, 2155 }, // @
    { 21, 22, 334, 0, 22, 116, 2305 }, // A
    { 18, 22, 327, 2, 22, 99, 2421 }, // B
    { 20, 22, 344, 1, 22, 110, 2520 }, // C
    { 19, 22, 357, 2, 22, 105, 2630 }, // D
    { 16, 22, 303, 2, 22, 88, 2735 }, // E
    { 16, 22, 294, 2, 22, 88, 2823 }, // F
    { 21, 22, 370, 1, 22, 116, 2911 }, // G
    { 19, 22, 370, 2, 22, 105, 3027 }, // H
    { 11, 22, 209, 1, 22, 61, 3132 }, // I
    { 15, 22, 273, 0, 22, 83, 3193 }, // J
    { 19, 22, 336, 2, 22, 105, 3276 }, // K
    { 16, 22, 288, 2, 22, 88, 3381 }, // L
    { 23, 22, 439, 2, 22, 127, 3469 }, // M
    { 19, 22, 370, 2, 22, 105, 3596 }, // N
    { 22, 22, 381, 1, 22, 121, 3701 }, // O
    { 17, 22, 316, 2, 22, 94, 3822 }, // P
    { 24, 24, 386, 1, 22, 144, 3916 }, // Q
    { 18, 22, 327, 2, 22, 99, 4060 }, // R
    { 18, 22, 316, 1, 22, 99, 4159 }, // S
    { 19, 22, 298, 0, 22, 105, 4258 }, // T
    { 19, 22, 368, 2, 22, 105, 4363 }, // U
    { 20, 22, 316, 0, 22, 110, 4468 }, // V
    { 28, 22, 456, 0, 22, 154, 4578 }, // W
    { 21, 22, 332, 0, 22, 116, 4732 }, // X
    { 20, 22, 307, 0, 22, 110, 4848 }, // Y
    { 18, 22, 324, 1, 22, 99, 4958 }, // Z
    { 8, 29, 169, 2, 24, 58, 5057 }, // [
    { 13, 27, 206, 0, 24, 88, 5115 }, // <backslash>
    { 8, 29, 183, 1, 24, 58, 5203 }, // ]
    { 16, 12, 294, 1, 22, 48, 5261 }, // ^
    { 14, 3, 198, -1, 0, 11, 5309 }, // _
    { 9, 6, 166, 1, 26, 14, 5320 }, // `
    { 15, 17, 280, 1, 17, 64, 5334 }, // a
    { 16, 24, 302, 2, 24, 96, 5398 }, // b
    { 15, 17, 259, 1, 17, 64, 5494 }, // c
    { 17, 24, 301, 1, 24, 102, 5558 }, // d
    { 17, 17, 287, 1, 17, 73, 5660 }, // e
    { 10, 24, 167, 0, 24, 60, 5733 }, // f
    { 16, 24, 298, 1, 17, 96, 5793 }, // g
    { 14, 24, 293, 2, 24, 84, 5889 }, // h
    { 7, 24, 134, 0, 24, 42, 5973 }, // i
    { 10, 29, 131, -3, 24, 73, 6015 }, // j
    { 15, 24, 262, 2, 24, 90, 6088 }, // k
    { 7, 24, 140, 2, 24, 42, 6178 }, // l
    { 24, 17, 451, 2, 17, 102, 6220 }, // m
    { 14, 17, 293, 2, 17, 60, 6322 }, // n
    { 17, 17, 292, 1, 17, 73, 6382 }, // o
    { 16, 22, 302, 2, 17, 88, 6455 }, // p
    { 20, 22, 306, 1, 17, 110, 6543 }, // q
    { 10, 17, 186, 2, 17, 43, 6653 }, // r
    { 14, 17, 251, 1, 17, 60, 6696 }, // s
    { 10, 22, 174, 0, 22, 55, 6756 }, // t
    { 14, 17, 288, 2, 17, 60, 6811 }, // u
    { 16, 17, 246, 0, 17, 68, 6871 }, // v
    { 23, 17, 365, 0, 17, 98, 6939 }, // w
    { 16, 17, 256, 0, 17, 68, 7037 }, // x
    { 15, 22, 239, 0, 17, 83, 7105 }, // y
    { 14, 17, 245, 1, 17, 60, 7188 }, // z
    { 10, 29, 183, 1, 24, 73, 7248 }, // {
    { 4, 34, 126, 2, 29, 34, 7321 }, // |
    { 10, 29, 183, 1, 24, 73, 7355 }, // }
    { 17, 7, 296, 1, 12, 30, 7428 }, // ~
    { 0, 0, 149, 0, 0, 0, 0 }, // U+00A0
    { 5, 22, 153, 2, 17, 28, 0 }, // U+00A1
    { 15, 23, 259, 1, 20, 87, 28 }, // U+00A2
    { 17, 22, 325, 2, 22, 94, 115 }, // U+00A3
    { 17, 17, 309, 1, 19, 73, 209 }, // U+00A4
    { 20, 22, 307, 0, 22, 110, 282 }, // U+00A5
    { 4, 34, 126, 2, 29, 34, 392 }, // U+00A6
    { 16, 27, 282, 1, 22, 108, 426 }, // U+00A7
    { 11, 3, 312, 4, 24, 9, 534 }, // U+00A8
    { 24, 22, 426, 1, 22, 132, 543 }, // U+00A9
    { 10, 10, 198, 1, 23, 25, 675 }, // U+00AA
    { 16, 14, 300, 1, 15, 56, 700 }, // U+00AB
    { 18, 11, 321, 1, 13, 50, 756 }, // U+00AC
    { 24, 22, 426, 1, 22, 132, 806 }, // U+00AE
    { 18, 3, 267, -1, 28, 14, 938 }, // U+00AF
    { 10, 9, 188, 1, 22, 23, 952 }, // U+00B0
    { 17, 17, 309, 1, 17, 73, 975 }, // U+00B1
    { 10, 13, 204, 1, 26, 33, 1048 }, // U+00B2
    { 10, 14, 204, 1, 27, 35, 1081 }, // U+00B3
    { 9, 6, 166, 1, 26, 14, 1116 }, // U+00B4
    { 16, 27, 271, 1, 22, 108, 1130 }, // U+00B6
    { 6, 5, 128, 1, 11, 8, 1238 }, // U+00B7
    { 8, 8, 122, 0, 0, 16, 1246 }, // U+00B8
    { 6, 14, 137, 1, 27, 21, 1262 }, // U+00B9
    { 10, 10, 203, 1, 23, 25, 1283 }, // U+00BA
    { 16, 14, 300, 1, 15, 56, 1308 }, // U+00BB
    { 25, 22, 435, 1, 22, 138, 1364 }, // U+00BC
    { 25, 22, 437, 1, 22, 138, 1502 }, // U+00BD
    { 27, 22, 462, 1, 22, 149, 1640 }, // U+00BE
    { 15, 23, 240, 0, 17, 87, 1789 }, // U+00BF
    { 21, 29, 334, 0, 29, 153, 1876 }, // U+00C0
    { 21, 29, 334, 0, 29, 153, 2029 }, // U+00C1
    { 21, 29, 334, 0, 29, 153, 2182 }, // U+00C2
    { 21, 29, 334, 0, 29, 153, 2335 }, // U+00C3
    { 21, 28, 334, 0, 28, 147, 2488 }, // U+00C4
    { 21, 27, 334, 0, 27, 142, 2635 }, // U+00C5
    { 29, 22, 475, 0, 22, 160, 2777 }, // U+00C6
    { 20, 28, 344, 1, 22, 140, 2937 }, // U+00C7
    { 16, 29, 303, 2, 29, 116, 3077 }, // U+00C8
    { 16, 29, 303, 2, 29, 116, 3193 }, // U+00C9
    { 16, 29, 303, 2, 29, 116, 3309 }, // U+00CA
    { 16, 28, 303, 2, 28, 112, 3425 }, // U+00CB
    { 11, 29, 209, 1, 29, 80, 3537 }, // U+00CC
    { 11, 29, 209, 1, 29, 80, 3617 }, // U+00CD
    { 11, 29, 209, 1, 29, 80, 3697 }, // U+00CE
    { 11, 28, 209, 1, 28, 77, 3777 }, // U+00CF
    { 21, 22, 367, 1, 22, 116, 3854 }, // U+00D0
    { 19, 29, 370, 2, 29, 138, 3970 }, // U+00D1
    { 22, 28, 381, 1, 28, 154, 4108 }, // U+00D2
    { 22, 28, 381, 1, 28, 154, 4262 }, // U+00D3
    { 22, 28, 381, 1, 28, 154, 4416 }, // U+00D4
    { 22, 28, 381, 1, 28, 154, 4570 }, // U+00D5
    { 22, 28, 381, 1, 28, 154, 4724 }, // U+00D6
    { 15, 15, 284, 1, 16, 57, 4878 }, // U+00D7
    { 22, 22, 381, 1, 22, 121, 4935 }, // U+00D8
    { 19, 29, 368, 2, 29, 138, 5056 }, // U+00D9
    { 19, 29, 368, 2, 29, 138, 5194 }, // U+00DA
    { 19, 29, 368, 2, 29, 138, 5332 }, // U+00DB
    { 19, 28, 368, 2, 28, 133, 5470 }, // U+00DC
    { 20, 29, 307, 0, 29, 145, 5603 }, // U+00DD
    { 17, 22, 316, 2, 22, 94, 5748 }, // U+00DE
    { 17, 22, 310, 2, 22, 94, 5842 }, // U+00DF
    { 15, 24, 280, 1, 24, 90, 5936 }, // U+00E0
    { 15, 24, 280, 1, 24, 90, 6026 }, // U+00E1
    { 15, 23, 280, 1, 23, 87, 6116 }, // U+00E2
    { 15, 23, 280, 1, 23, 87, 6203 }, // U+00E3
    { 15, 24, 280, 1, 24, 90, 6290 }, // U+00E4
    { 15, 26, 280, 1, 26, 98, 6380 }, // U+00E5
    { 28, 17, 462, 1, 17, 119, 6478 }, // U+00E6
    { 15, 23, 259, 1, 17, 87, 6597 }, // U+00E7
    { 17, 24, 287, 1, 24, 102, 6684 }, // U+00E8
    { 17, 24, 287, 1, 24, 102, 6786 }, // U+00E9
    { 17, 23, 287, 1, 23, 98, 6888 }, // U+00EA
    { 17, 24, 287, 1, 24, 102, 6986 }, // U+00EB
    { 7, 24, 134, -1, 24, 42, 7088 }, // U+00EC
    { 9, 24, 134, 0, 24, 54, 7130 }, // U+00ED
    { 12, 24, 134, -2, 24, 72, 7184 }, // U+00EE
    { 11, 24, 142, -1, 24, 66, 7256 }, // U+00EF
    { 17, 25, 301, 1, 25, 107, 7322 }, // U+00F0
    { 14, 23, 293, 2, 23, 81, 7429 }, // U+00F1
    { 17, 24, 292, 1, 24, 102, 7510 }, // U+00F2
    { 17, 24, 292, 1, 24, 102, 7612 }, // U+00F3
    { 17, 23, 292, 1, 23, 98, 7714 }, // U+00F4
    { 17, 23, 292, 1, 23, 98, 7812 }, // U+00F5
    { 17, 24, 292, 1, 24, 102, 7910 }, // U+00F6
    { 18, 16, 323, 1, 16, 72, 8012 }, // U+00F7
    { 17, 18, 292, 1, 18, 77, 8084 }, // U+00F8
    { 14, 24, 288, 2, 24, 84, 8161 }, // U+00F9
    { 14, 24, 288, 2, 24, 84, 8245 }, // U+00FA
    { 14, 24, 288, 2, 24, 84, 8329 }, // U+00FB
    { 14, 24, 288, 2, 24, 84, 8413 }, // U+00FC
    { 15, 29, 239, 0, 24, 109, 8497 }, // U+00FD
    { 16, 29, 302, 2, 24, 116, 8606 }, // U+00FE
    { 15, 29, 239, 0, 24, 109, 8722 }, // U+00FF
    { 21, 28, 334, 0, 28, 147, 0 }, // U+0100
    { 15, 22, 280, 1, 22, 83, 147 }, // U+0101
    { 21, 29, 334, 0, 29, 153, 230 }, // U+0102
    { 15, 23, 280, 1, 23, 87, 383 }, // U+0103
    { 21, 27, 334, 0, 22, 142, 470 }, // U+0104
    { 15, 22, 280, 1, 17, 83, 612 }, // U+0105
    { 20, 28, 344, 1, 28, 140, 695 }, // U+0106
    { 15, 24, 259, 1, 24, 90, 835 }, // U+0107
    { 20, 28, 344, 1, 28, 140, 925 }, // U+010A
    { 15, 24, 259, 1, 24, 90, 1065 }, // U+010B
    { 20, 28, 344, 1, 28, 140, 1155 }, // U+010C
    { 15, 23, 259, 1, 23, 87, 1295 }, // U+010D
    { 19, 28, 357, 2, 28, 133, 1382 }, // U+010E
    { 21, 24, 338, 1, 24, 126, 1515 }, // U+010F
    { 21, 22, 367, 1, 22, 116, 1641 }, // U+0110
    { 19, 24, 301, 1, 24, 114, 1757 }, // U+0111
    { 16, 28, 303, 2, 28, 112, 1871 }, // U+0112
    { 17, 22, 287, 1, 22, 94, 1983 }, // U+0113
    { 16, 28, 303, 2, 28, 112, 2077 }, // U+0116
    { 17, 24, 287, 1, 24, 102, 2189 }, // U+0117
    { 16, 27, 303, 2, 22, 108, 2291 }, // U+0118
    { 17, 22, 287, 1, 17, 94, 2399 }, // U+0119
    { 16, 28, 303, 2, 28, 112, 2493 }, // U+011A
    { 17, 23, 287, 1, 23, 98, 2605 }, // U+011B
    { 21, 28, 370, 1, 28, 147, 2703 }, // U+011E
    { 16, 30, 298, 1, 23, 120, 2850 }, // U+011F
    { 21, 28, 370, 1, 28, 147, 2970 }, // U+0120
    { 16, 31, 298, 1, 24, 124, 3117 }, // U+0121
    { 21, 30, 370, 1, 22, 158, 3241 }, // U+0122
    { 16, 33, 298, 1, 26, 132, 3399 }, // U+0123
    { 23, 22, 370, 0, 22, 127, 3531 }, // U+0126
    { 17, 24, 293, -1, 24, 102, 3658 }, // U+0127
    { 11, 28, 209, 1, 28, 77, 3760 }, // U+012A
    { 10, 22, 134, -1, 22, 55, 3837 }, // U+012B
    { 11, 27, 209, 1, 22, 75, 3892 }, // U+012E
    { 7, 29, 134, 0, 24, 51, 3967 }, // U+012F
    { 11, 28, 209, 1, 28, 77, 4018 }, // U+0130
    { 6, 17, 134, 0, 17, 26, 4095 }, // U+0131
    { 27, 22, 482, 1, 22, 149, 4121 }, // U+0132
    { 15, 29, 265, 0, 24, 109, 4270 }, // U+0133
    { 19, 31, 336, 2, 22, 148, 4379 }, // U+0136
    { 15, 33, 262, 2, 24, 124, 4527 }, // U+0137
    { 15, 32, 285, 2, 32, 120, 4651 }, // U+0139
    { 8, 33, 134, 2, 33, 66, 4771 }, // U+013A
    { 16, 31, 288, 2, 22, 124, 4837 }, // U+013B
    { 8, 33, 140, 1, 24, 66, 4961 }, // U+013C
    { 16, 22, 288, 2, 22, 88, 5027 }, // U+013D
    { 9, 24, 169, 2, 24, 54, 5115 }, // U+013E
    { 19, 22, 304, 0, 22, 105, 5169 }, // U+0141
    { 9, 24, 158, 0, 24, 54, 5274 }, // U+0142
    { 19, 29, 370, 2, 29, 138, 5328 }, // U+0143
    { 14, 24, 293, 2, 24, 84, 5466 }, // U+0144
    { 19, 31, 370, 2, 22, 148, 5550 }, // U+0145
    { 14, 26, 293, 2, 17, 91, 5698 }, // U+0146
    { 19, 28, 370, 2, 28, 133, 5789 }, // U+0147
    { 14, 23, 293, 2, 23, 81, 5922 }, // U+0148
    { 20, 31, 405, 3, 24, 155, 6003 }, // U+014A
    { 16, 27, 330, 2, 19, 108, 6158 }, // U+014B
    { 22, 30, 416, 2, 29, 165, 6266 }, // U+014C
    { 18, 24, 323, 1, 23, 108, 6431 }, // U+014D
    { 22, 29, 381, 1, 29, 160, 6539 }, // U+0150
    { 17, 24, 292, 1, 24, 102, 6699 }, // U+0151
    { 32, 22, 536, 1, 22, 176, 6801 }, // U+0152
    { 30, 17, 493, 1, 17, 128, 6977 }, // U+0153
    { 18, 29, 327, 2, 29, 131, 7105 }, // U+0154
    { 10, 24, 186, 2, 24, 60, 7236 }, // U+0155
    { 18, 32, 332, 3, 24, 144, 7296 }, // U+0156
    { 12, 27, 220, 2, 19, 81, 7440 }, // U+0157
    { 18, 28, 327, 2, 28, 126, 7521 }, // U+0158
    { 12, 23, 186, 1, 23, 69, 7647 }, // U+0159
    { 18, 28, 316, 1, 28, 126, 7716 }, // U+015A
    { 14, 24, 251, 1, 24, 84, 7842 }, // U+015B
    { 18, 28, 316, 1, 22, 126, 7926 }, // U+015E
    { 14, 23, 251, 1, 17, 81, 8052 }, // U+015F
    { 18, 28, 316, 1, 28, 126, 8133 }, // U+0160
    { 14, 23, 251, 1, 23, 81, 8259 }, // U+0161
    { 19, 28, 298, 0, 22, 133, 8340 }, // U+0162
    { 10, 28, 174, 0, 22, 70, 8473 }, // U+0163
    { 19, 28, 298, 0, 28, 133, 8543 }, // U+0164
    { 11, 27, 174, 0, 27, 75, 8676 }, // U+0165
    { 19, 28, 368, 2, 28, 133, 8751 }, // U+016A
    { 14, 22, 288, 2, 22, 77, 8884 }, // U+016B
    { 19, 32, 390, 3, 31, 152, 8961 }, // U+016C
    { 16, 26, 330, 2, 25, 104, 9113 }, // U+016D
    { 19, 29, 368, 2, 29, 138, 9217 }, // U+016E
    { 14, 26, 288, 2, 26, 91, 9355 }, // U+016F
    { 19, 29, 368, 2, 29, 138, 9446 }, // U+0170
    { 14, 24, 288, 2, 24, 84, 9584 }, // U+0171
    { 19, 27, 368, 2, 22, 129, 9668 }, // U+0172
    { 14, 22, 288, 2, 17, 77, 9797 }, // U+0173
    { 28, 29, 456, 0, 29, 203, 9874 }, // U+0174
    { 23, 24, 365, 0, 24, 138, 10077 }, // U+0175
    { 20, 29, 307, 0, 29, 145, 10215 }, // U+0176
    { 15, 29, 239, 0, 24, 109, 10360 }, // U+0177
    { 20, 28, 307, 0, 28, 140, 10469 }, // U+0178
    { 18, 29, 324, 1, 29, 131, 10609 }, // U+0179
    { 14, 24, 245, 1, 24, 84, 10740 }, // U+017A
    { 18, 28, 324, 1, 28, 126, 10824 }, // U+017B
    { 14, 24, 245, 1, 24, 84, 10950 }, // U+017C
    { 18, 28, 324, 1, 28, 126, 11034 }, // U+017D
    { 14, 23, 245, 1, 23, 81, 11160 }, // U+017E
    { 18, 30, 316, 1, 22, 135, 0 }, // U+0218
    { 14, 25, 251, 1, 17, 88, 135 }, // U+0219
    { 19, 31, 298, 0, 22, 148, 223 }, // U+021A
    { 10, 31, 174, 0, 22, 78, 371 }, // U+021B
    { 6, 5, 0, 1, 24, 8, 0 }, // U+0300
    { 6, 5, 0, 1, 24, 8, 8 }, // U+0301
    { 12, 4, 0, 1, 23, 12, 16 }, // U+0302
    { 12, 5, 0, 1, 23, 15, 28 }, // U+0303
    { 10, 3, 0, 1, 22, 8, 43 }, // U+0304
    { 11, 4, 0, 1, 23, 11, 51 }, // U+0306
    { 4, 4, 0, 1, 23, 4, 62 }, // U+0307
    { 10, 4, 0, 1, 23, 10, 66 }, // U+0308
    { 8, 7, 0, 1, 26, 14, 76 }, // U+030A
    { 11, 5, 0, 1, 24, 14, 90 }, // U+030B
    { 12, 4, 0, 1, 23, 12, 104 }, // U+030C
    { 6, 7, 0, 1, 26, 11, 116 }, // U+0312
    { 6, 8, 0, 1, -1, 12, 127 }, // U+0326
    { 7, 8, 0, 1, 2, 14, 139 }, // U+0327
    { 6, 6, 0, 1, 1, 9, 153 }, // U+0328
    { 0, 0, 0, 0, 0, 0, 162 }, // U+034F
    { 20, 29, 307, 0, 29, 145, 0 }, // U+1EF2
    { 15, 29, 239, 0, 24, 109, 145 }, // U+1EF3
    { 0, 0, 75, 0, 0, 0, 0 }, // U+2009
    { 0, 0, 0, 0, 0, 0, 0 }, // U+200B
    { 2, 24, 0, -1, 23, 12, 0 }, // U+200C
    { 8, 24, 0, -4, 23, 48, 12 }, // U+200D
    { 8, 25, 0, -1, 23, 50, 60 }, // U+200E
    { 8, 25, 0, -7, 23, 50, 110 }, // U+200F
    { 9, 3, 171, 1, 11, 7, 160 }, // U+2010
    { 9, 4, 172, 1, 11, 9, 167 }, // U+2011
    { 15, 3, 269, 1, 10, 12, 176 }, // U+2013
    { 25, 3, 439, 1, 10, 19, 188 }, // U+2014
    { 6, 9, 126, 1, 22, 14, 207 }, // U+2018
    { 6, 9, 126, 1, 22, 14, 221 }, // U+2019
    { 6, 10, 126, 1, 5, 15, 235 }, // U+201A
    { 11, 9, 213, 1, 22, 25, 250 }, // U+201C
    { 11, 9, 213, 1, 22, 25, 275 }, // U+201D
    { 11, 10, 213, 1, 5, 28, 300 }, // U+201E
    { 16, 22, 288, 1, 22, 88, 328 }, // U+2020
    { 16, 22, 288, 1, 22, 88, 416 }, // U+2021
    { 12, 12, 234, 1, 14, 36, 504 }, // U+2022
    { 20, 5, 357, 1, 5, 25, 540 }, // U+2026
    { 0, 0, 69, 0, 0, 0, 565 }, // U+202F
    { 42, 22, 707, 1, 22, 231, 565 }, // U+2030
    { 9, 14, 188, 1, 15, 32, 796 }, // U+2039
    { 9, 14, 188, 1, 15, 32, 828 }, // U+203A
    { 20, 22, 312, 0, 22, 110, 860 }, // U+2044
    { 6, 18, 183, 2, 17, 27, 970 }, // U+204F
    { 22, 20, 422, 2, 20, 110, 0 }, // U+20AA
    { 21, 22, 354, 0, 22, 116, 110 }, // U+20AC
    { 15, 22, 295, 2, 22, 83, 226 }, // U+20B9
    { 17, 22, 311, 1, 22, 94, 0 }, // U+2202
    { 17, 27, 312, 1, 22, 115, 94 }, // U+220F
    { 17, 27, 313, 1, 22, 115, 209 }, // U+2211
    { 18, 3, 323, 1, 10, 14, 324 }, // U+2212
    { 20, 22, 319, 0, 22, 110, 338 }, // U+2215
    { 5, 5, 123, 1, 11, 7, 448 }, // U+2219
    { 17, 27, 310, 1, 22, 115, 455 }, // U+221A
    { 24, 11, 413, 1, 14, 66, 570 }, // U+221E
    { 13, 27, 244, 1, 22, 88, 636 }, // U+222B
    { 17, 13, 295, 1, 15, 56, 724 }, // U+2248
    { 17, 17, 335, 2, 17, 73, 780 }, // U+2260
    { 17, 17, 309, 1, 17, 73, 853 }, // U+2264
    { 17, 17, 309, 1, 17, 73, 926 }, // U+2265
};

static const EpdUnicodeInterval atkinson_hn_16_regularIntervals[] = {
    { 0x0, 0x0, 0x0 },
    { 0xD, 0xD, 0x1 },
    { 0x20, 0x7E, 0x2 },
    { 0xA0, 0xAC, 0x61 },
    { 0xAE, 0xB4, 0x6E },
    { 0xB6, 0x107, 0x75 },
    { 0x10A, 0x113, 0xC7 },
    { 0x116, 0x11B, 0xD1 },
    { 0x11E, 0x123, 0xD7 },
    { 0x126, 0x127, 0xDD },
    { 0x12A, 0x12B, 0xDF },
    { 0x12E, 0x133, 0xE1 },
    { 0x136, 0x137, 0xE7 },
    { 0x139, 0x13E, 0xE9 },
    { 0x141, 0x148, 0xEF },
    { 0x14A, 0x14D, 0xF7 },
    { 0x150, 0x15B, 0xFB },
    { 0x15E, 0x165, 0x107 },
    { 0x16A, 0x17E, 0x10F },
    { 0x218, 0x21B, 0x124 },
    { 0x300, 0x304, 0x128 },
    { 0x306, 0x308, 0x12D },
    { 0x30A, 0x30C, 0x130 },
    { 0x312, 0x312, 0x133 },
    { 0x326, 0x328, 0x134 },
    { 0x34F, 0x34F, 0x137 },
    { 0x1EF2, 0x1EF3, 0x138 },
    { 0x2009, 0x2009, 0x13A },
    { 0x200B, 0x2011, 0x13B },
    { 0x2013, 0x2014, 0x142 },
    { 0x2018, 0x201A, 0x144 },
    { 0x201C, 0x201E, 0x147 },
    { 0x2020, 0x2022, 0x14A },
    { 0x2026, 0x2026, 0x14D },
    { 0x202F, 0x2030, 0x14E },
    { 0x2039, 0x203A, 0x150 },
    { 0x2044, 0x2044, 0x152 },
    { 0x204F, 0x204F, 0x153 },
    { 0x20AA, 0x20AA, 0x154 },
    { 0x20AC, 0x20AC, 0x155 },
    { 0x20B9, 0x20B9, 0x156 },
    { 0x2202, 0x2202, 0x157 },
    { 0x220F, 0x220F, 0x158 },
    { 0x2211, 0x2212, 0x159 },
    { 0x2215, 0x2215, 0x15B },
    { 0x2219, 0x221A, 0x15C },
    { 0x221E, 0x221E, 0x15E },
    { 0x222B, 0x222B, 0x15F },
    { 0x2248, 0x2248, 0x160 },
    { 0x2260, 0x2260, 0x161 },
    { 0x2264, 0x2265, 0x162 },
};

static const EpdFontGroup atkinson_hn_16_regularGroups[] = {
    { 0, 3042, 8113, 97, 0 },
    { 3042, 2583, 9656, 94, 97 },
    { 5625, 3062, 12120, 101, 191 },
    { 8687, 215, 498, 4, 292 },
    { 8902, 161, 183, 16, 296 },
    { 9063, 140, 261, 2, 312 },
    { 9203, 448, 1075, 26, 314 },
    { 9651, 174, 340, 3, 340 },
    { 9825, 425, 1144, 13, 343 },
};

static const uint16_t atkinson_hn_16_regularKernLeftCodepoints[] = {
    0x0020, 0x0022, 0x0026, 0x0027, 0x0028, 0x002A, 0x002B, 0x002C, 0x002D, 0x002E, 0x002F, 0x0030,
    0x0032, 0x0033, 0x0034, 0x0035, 0x0036, 0x0037, 0x0038, 0x0039, 0x003A, 0x003B, 0x003F, 0x0040,
    0x0041, 0x0042, 0x0043, 0x0044, 0x0045, 0x0046, 0x0047, 0x0049, 0x004A, 0x004B, 0x004C, 0x004F,
    0x0050, 0x0051, 0x0052, 0x0053, 0x0054, 0x0055, 0x0056, 0x0057, 0x0058, 0x0059, 0x005A, 0x005B,
    0x005C, 0x005D, 0x0061, 0x0062, 0x0063, 0x0065, 0x0066, 0x0067, 0x0068, 0x006A, 0x006B, 0x006C,
    0x006D, 0x006E, 0x006F, 0x0070, 0x0071, 0x0072, 0x0073, 0x0074, 0x0075, 0x0076, 0x0077, 0x0078,
    0x0079, 0x007A, 0x007B, 0x007C, 0x00A1, 0x00A2, 0x00A6, 0x00AB, 0x00B0, 0x00BB, 0x00BF, 0x00C0,
    0x00C1, 0x00C2, 0x00C3, 0x00C4, 0x00C5, 0x00C6, 0x00C7, 0x00C8, 0x00C9, 0x00CA, 0x00CB, 0x00CC,
    0x00CD, 0x00CE, 0x00CF, 0x00D0, 0x00D2, 0x00D3, 0x00D4, 0x00D5, 0x00D6, 0x00D8, 0x00D9, 0x00DA,
    0x00DB, 0x00DC, 0x00DD, 0x00DE, 0x00DF, 0x00E0, 0x00E1, 0x00E2, 0x00E3, 0x00E4, 0x00E5, 0x00E6,
    0x00E7, 0x00E8, 0x00E9, 0x00EA, 0x00EB, 0x00EE, 0x00EF, 0x00F0, 0x00F1, 0x00F2, 0x00F3, 0x00F4,
    0x00F5, 0x00F6, 0x00F8, 0x00F9, 0x00FA, 0x00FB, 0x00FC, 0x00FD, 0x00FE, 0x00FF, 0x0100, 0x0101,
    0x0102, 0x0103, 0x0104, 0x0105, 0x0106, 0x0107, 0x010A, 0x010B, 0x010C, 0x010D, 0x010E, 0x010F,
    0x0110, 0x0111, 0x0112, 0x0113, 0x0116, 0x0117, 0x0118, 0x0119, 0x011A, 0x011B, 0x011E, 0x011F,
    0x0120, 0x0121, 0x0122, 0x0123, 0x0126, 0x0127, 0x012A, 0x012E, 0x012F, 0x0130, 0x0132, 0x0133,
    0x0136, 0x0137, 0x013B, 0x013C, 0x013D, 0x013E, 0x0141, 0x0142, 0x0144, 0x0146, 0x0148, 0x0150,
    0x0151, 0x0152, 0x0153, 0x0154, 0x0155, 0x0157, 0x0158, 0x0159, 0x015A, 0x015B, 0x015E, 0x015F,
    0x0160, 0x0161, 0x0162, 0x0163, 0x0164, 0x0165, 0x016A, 0x016B, 0x016E, 0x016F, 0x0170, 0x0171,
    0x0172, 0x0173, 0x0174, 0x0175, 0x0176, 0x0177, 0x0178, 0x0179, 0x017A, 0x017B, 0x017C, 0x017D,
    0x017E, 0x0218, 0x0219, 0x021A, 0x021B, 0x1EF2, 0x1EF3, 0x2013, 0x2014, 0x2018, 0x2019, 0x201A,
    0x201C, 0x201D, 0x201E, 0x2026, 0x2039, 0x203A,
};

static const uint8_t atkinson_hn_16_regularKernLeftClassIds[] = {
      1,   2,   3,   2,   4,   5,   6,   7,   8,   9,  10,  11,  12,  13,  14,  15,
     16,  17,  18,  19,  20,  20,  21,  22,  23,  24,  25,  26,  27,  28,  29,  30,
     31,  32,  33,  26,  34,  35,  36,  37,  38,  31,  39,  40,  41,  42,  43,  44,
     45,  46,  47,  48,  49,  50,  51,  52,  53,  54,  55,  56,  53,  53,  48,  48,
     57,  58,  59,  60,  61,  62,  62,  63,  62,  64,  44,  54,  65,  49,  54,  66,
     67,  68,  69,  23,  23,  23,  23,  23,  23,  27,  25,  27,  27,  27,  27,  30,
     30,  30,  30,  26,  26,  26,  26,  26,  26,  26,  31,  31,  31,  31,  42,  70,
     71,  47,  47,  47,  47,  47,  47,  50,  49,  50,  50,  50,  50,  72,  73,  74,
     53,  48,  48,  48,  48,  48,  48,  61,  61,  61,  61,  62,  48,  62,  23,  47,
     23,  47,  75,  76,  25,  49,  25,  49,  25,  49,  26,  77,  26,  78,  27,  50,
     27,  50,  79,  50,  27,  50,  29,  52,  29,  52,  29,  52,  80,  53,  30,  81,
     82,  30,  31,  54,  32,  55,  33,  83,  33,  84,  33,  56,  53,  53,  53,  26,
     48,  27,  50,  36,  58,  85,  36,  58,  37,  59,  37,  59,  37,  59,  38,  86,
     38,  60,  31,  61,  31,  61,  31,  61,  31,  87,  40,  62,  42,  62,  42,  43,
     64,  43,  64,  43,  64,  37,  59,  38,  88,  42,  62,   8,   8,  89,  90,   9,
     89,  90,   9,   9,  66,  68,
};

static const uint16_t atkinson_hn_16_regularKernRightCodepoints[] = {
    0x0020, 0x0021, 0x0022, 0x0023, 0x0025, 0x0026, 0x0027, 0x0029, 0x002A, 0x002B, 0x002C, 0x002D,
    0x002E, 0x002F, 0x0030, 0x0031, 0x0032, 0x0033, 0x0034, 0x0035, 0x0036, 0x0037, 0x0038, 0x0039,
    0x003A, 0x003B, 0x003F, 0x0040, 0x0041, 0x0042, 0x0043, 0x0045, 0x0046, 0x0047, 0x0048, 0x0049,
    0x004A, 0x004F, 0x0051, 0x0053, 0x0054, 0x0055, 0x0056, 0x0057, 0x0058, 0x0059, 0x005A, 0x005C,
    0x005D, 0x005F, 0x0061, 0x0062, 0x0063, 0x0064, 0x0065, 0x0066, 0x0067, 0x0068, 0x0069, 0x006A,
    0x006B, 0x006C, 0x006D, 0x006E, 0x006F, 0x0070, 0x0071, 0x0072, 0x0073, 0x0074, 0x0075, 0x0076,
    0x0077, 0x0078, 0x0079, 0x007A, 0x007D, 0x00A2, 0x00A5, 0x00AB, 0x00B0, 0x00B7, 0x00BB, 0x00BF,
    0x00C0, 0x00C1, 0x00C2, 0x00C3, 0x00C4, 0x00C5, 0x00C6, 0x00C7, 0x00C8, 0x00C9, 0x00CA, 0x00CB,
    0x00CC, 0x00CD, 0x00CE, 0x00CF, 0x00D2, 0x00D3, 0x00D4, 0x00D5, 0x00D6, 0x00D8, 0x00D9, 0x00DA,
    0x00DB, 0x00DC, 0x00DD, 0x00E0, 0x00E1, 0x00E2, 0x00E3, 0x00E4, 0x00E5, 0x00E6, 0x00E7, 0x00E8,
    0x00E9, 0x00EA, 0x00EB, 0x00EC, 0x00ED, 0x00EE, 0x00EF, 0x00F0, 0x00F1, 0x00F2, 0x00F3, 0x00F4,
    0x00F5, 0x00F6, 0x00F8, 0x00F9, 0x00FA, 0x00FB, 0x00FC, 0x00FD, 0x00FE, 0x00FF, 0x0100, 0x0101,
    0x0102, 0x0103, 0x0104, 0x0105, 0x0106, 0x0107, 0x010A, 0x010B, 0x010C, 0x010D, 0x010F, 0x0111,
    0x0112, 0x0113, 0x0116, 0x0117, 0x0118, 0x0119, 0x011A, 0x011B, 0x011E, 0x011F, 0x0120, 0x0121,
    0x0122, 0x0123, 0x0127, 0x012A, 0x012B, 0x012E, 0x012F, 0x0130, 0x0131, 0x0132, 0x0133, 0x0137,
    0x013C, 0x013E, 0x0142, 0x0144, 0x0146, 0x0148, 0x014D, 0x0150, 0x0151, 0x0152, 0x0153, 0x0155,
    0x0159, 0x015A, 0x015B, 0x015E, 0x015F, 0x0160, 0x0161, 0x0162, 0x0163, 0x0164, 0x0165, 0x016A,
    0x016B, 0x016E, 0x016F, 0x0170, 0x0171, 0x0172, 0x0173, 0x0174, 0x0175, 0x0176, 0x0177, 0x0178,
    0x0179, 0x017A, 0x017B, 0x017C, 0x017D, 0x017E, 0x0218, 0x0219, 0x021A, 0x021B, 0x1EF2, 0x1EF3,
    0x2013, 0x2014, 0x2018, 0x2019, 0x201A, 0x201C, 0x201D, 0x201E, 0x2022, 0x2026, 0x2030, 0x2039,
    0x203A, 0x220F, 0x2211, 0x222B,
};

static const uint8_t atkinson_hn_16_regularKernRightClassIds[] = {
      1,   2,   3,   4,   5,   6,   3,   7,   8,   9,  10,  11,  12,  13,  14,  15,
     16,  17,  18,  19,  20,  21,  22,  23,  24,  25,  26,  27,  28,  29,  30,  29,
     29,  30,  29,  31,  32,  30,  30,  33,  34,  35,  36,  37,  38,  39,  40,  41,
     42,  43,  44,  45,  46,  46,  46,  47,  48,  45,  49,  50,  45,  45,  51,  51,
     46,  52,  46,  51,  53,  54,  55,  56,  56,  57,  56,  58,  42,  46,  59,  60,
     61,  62,  63,  64,  28,  28,  28,  28,  28,  28,  65,  30,  29,  29,  29,  29,
     31,  31,  31,  31,  30,  30,  30,  30,  30,  30,  35,  35,  35,  35,  39,  44,
     44,  66,  67,  68,  44,  44,  46,  46,  46,  46,  69,  70,  49,  71,  72,  46,
     51,  46,  46,  73,  74,  75,  46,  55,  55,  55,  55,  56,  52,  56,  28,  76,
     28,  76,  28,  44,  30,  46,  30,  46,  30,  46,  46,  46,  29,  46,  29,  46,
     29,  46,  29,  46,  30,  48,  30,  48,  30,  48,  77,  31,  78,  31,  79,  31,
     49,  31,  49,  45,  45,  45,  45,  51,  51,  51,  80,  30,  46,  30,  46,  51,
     51,  33,  53,  33,  53,  33,  53,  34,  54,  34,  54,  35,  55,  35,  55,  35,
     55,  35,  55,  37,  56,  39,  56,  39,  40,  58,  40,  58,  40,  58,  33,  53,
     34,  54,  39,  56,  11,  11,  81,  82,  83,  81,  82,  83,  62,  12,   5,  60,
     63,  84,  84,  84,
};

static const uint16_t atkinson_hn_16_regularKernRowOffsets[] = {
        0,     6,    28,    35,    49,    67,    69,    89,   107,   126,   154,   156,   159,   161,   167,   173,
      175,   188,   194,   197,   207,   208,   211,   243,   254,   266,   284,   293,   310,   317,   330,   337,
      363,   382,   408,   423,   442,   456,   505,   549,   585,   609,   654,   661,   664,   677,   678,   703,
      740,   761,   777,   810,   813,   821,   822,   851,   876,   890,   922,   936,   953,   955,   989,  1000,
     1011,  1016,  1023,  1025,  1036,  1067,  1076,  1078,  1081,  1084,  1087,  1120,  1146,  1183,  1184,  1194,
     1196,  1210,  1211,  1237,  1274,  1275,  1293,  1296,  1314,  1336,  1359,
};

static const uint8_t atkinson_hn_16_regularKernSparseCols[] = {
     27,  33,  35,  36,  38,  55,  14,  17,  20,  21,  27,  31,  33,  35,  36,  43,
     45,  46,  52,  53,  65,  66,  67,  68,  72,  73,  74,  75,  32,  33,  34,  35,
     36,  38,  55,  13,  27,  29,  43,  45,  49,  65,  66,  67,  68,  72,  73,  74,
     75,   9,  11,  27,  31,  33,  43,  45,  46,  64,  65,  66,  67,  68,  72,  73,
     74,  75,  82,  14,  17,   7,  14,  27,  29,  33,  34,  35,  36,  37,  38,  45,
     49,  53,  55,  68,  72,  73,  74,  80,  81,  13,  17,  18,  27,  29,  31,  33,
     35,  36,  37,  45,  47,  53,  55,  68,  72,  73,  74,   7,  14,  27,  29,  33,
     34,  35,  36,  37,  38,  45,  53,  55,  68,  72,  73,  74,  80,  81,  12,  17,
     20,  27,  29,  31,  32,  33,  38,  43,  45,  46,  47,  50,  51,  52,  54,  55,
     56,  64,  65,  66,  67,  68,  72,  73,  74,  75,   6,  10,  16,  17,  21,  12,
     22,   2,   8,  10,  15,  17,  22,  12,  14,  16,  18,  19,  22,  12,  14,   2,
      4,   9,  11,  12,  14,  16,  17,  20,  21,  41,  60,  82,   2,  12,  14,  15,
     20,  22,  12,  15,  17,  27,  33,  35,  36,  38,  45,  68,  72,  73,  74,  27,
     33,  38,  53,   0,   1,   2,   6,   7,   9,  10,  11,  12,  25,  27,  29,  32,
     33,  34,  35,  36,  37,  38,  40,  45,  46,  53,  54,  55,  68,  72,  73,  74,
     80,  81,  82,   7,  12,  35,  36,  37,  38,  45,  68,  72,  73,  74,  27,  29,
     33,  35,  36,  37,  39,  45,  68,  72,  73,  74,   6,   9,  10,  11,  12,  25,
     27,  30,  33,  35,  36,  37,  38,  39,  40,  57,  64,  82,  29,  32,  33,  45,
     55,  68,  72,  73,  74,   9,  11,  12,  27,  29,  31,  43,  64,  65,  66,  67,
     69,  70,  71,  75,  77,  82,   7,  25,  33,  35,  36,  38,  81,  29,  43,  45,
     47,  55,  65,  66,  67,  68,  72,  73,  74,  75,   9,  11,  12,  27,  47,  64,
     82,   0,  25,  27,  29,  34,  35,  36,  37,  38,  45,  47,  48,  54,  55,  59,
     62,  68,  69,  70,  71,  72,  73,  74,  77,  78,  81,   2,   7,  25,  27,  29,
     32,  33,  34,  35,  36,  38,  45,  59,  68,  72,  73,  74,  80,  81,   0,   9,
     11,  12,  27,  31,  33,  35,  37,  38,  45,  48,  55,  59,  64,  68,  69,  70,
     71,  72,  73,  74,  77,  78,  80,  82,   6,  10,  12,  25,  27,  30,  33,  35,
     36,  37,  38,  39,  40,  57,  64,  10,  27,  29,  31,  33,  34,  37,  38,  43,
     45,  64,  65,  66,  67,  68,  72,  73,  74,  75,  10,  12,  25,  27,  31,  33,
     35,  36,  38,  51,  53,  55,  64,  80,   0,   2,   5,   7,   9,  10,  11,  12,
     23,  24,  25,  26,  27,  29,  31,  32,  33,  35,  36,  37,  38,  40,  43,  45,
     47,  50,  51,  52,  54,  55,  56,  57,  59,  64,  65,  66,  67,  68,  69,  70,
     71,  72,  73,  74,  75,  76,  77,  81,  82,   0,   2,   5,   9,  10,  11,  12,
     23,  24,  26,  27,  29,  31,  33,  35,  37,  38,  43,  45,  47,  48,  50,  51,
     52,  54,  55,  56,  59,  62,  64,  65,  66,  67,  68,  69,  70,  71,  72,  73,
     74,  75,  77,  78,  82,   0,   2,   5,   9,  10,  11,  12,  23,  24,  27,  29,
     31,  32,  33,  36,  37,  38,  43,  45,  47,  54,  59,  64,  65,  66,  67,  68,
     69,  70,  71,  72,  73,  74,  75,  77,  82,   9,  10,  11,  25,  27,  29,  33,
     35,  36,  38,  43,  45,  55,  59,  65,  66,  67,  68,  72,  73,  74,  75,  80,
     82,   0,   5,   9,  11,  12,  23,  24,  25,  26,  27,  29,  31,  32,  33,  35,
     36,  37,  38,  40,  43,  45,  47,  50,  51,  52,  54,  55,  56,  57,  59,  62,
     64,  65,  66,  67,  68,  69,  70,  71,  72,  73,  74,  75,  77,  82,  29,  45,
     59,  68,  72,  73,  74,  17,  20,  49,  29,  33,  34,  36,  38,  48,  49,  55,
     69,  70,  71,  77,  78,  49,   2,   6,  10,  25,  33,  38,  40,  45,  46,  48,
     52,  53,  54,  55,  68,  69,  70,  71,  72,  73,  74,  77,  78,  80,  81,   2,
      6,   9,  10,  11,  23,  24,  25,  27,  33,  35,  36,  37,  38,  40,  45,  46,
     48,  52,  53,  55,  56,  57,  59,  62,  68,  69,  70,  71,  72,  73,  74,  77,
     78,  80,  81,  82,   2,   6,  25,  33,  40,  44,  45,  46,  48,  53,  68,  69,
     70,  71,  72,  73,  74,  76,  77,  78,  81,   2,  12,  25,  26,  33,  35,  36,
     38,  40,  46,  47,  53,  55,  57,  80,  81,   2,   7,   9,  10,  11,  12,  25,
     26,  43,  45,  46,  47,  48,  52,  53,  55,  56,  65,  66,  67,  68,  69,  70,
     71,  72,  73,  74,  75,  77,  78,  80,  81,  82,  33,  40,  49,  25,  33,  40,
     46,  53,  55,  80,  81,  49,   5,   9,  10,  11,  23,  24,  26,  33,  43,  45,
     48,  53,  55,  56,  59,  65,  66,  67,  68,  69,  70,  71,  72,  73,  74,  75,
     77,  78,  82,   9,  11,  40,  43,  44,  45,  47,  48,  53,  55,  65,  66,  67,
     68,  69,  70,  71,  72,  73,  74,  75,  76,  77,  78,  82,   6,   9,  12,  24,
     33,  40,  41,  42,  49,  55,  63,  78,  82,  83,   0,   2,   9,  11,  43,  44,
     45,  46,  47,  48,  50,  51,  53,  54,  55,  65,  66,  67,  68,  69,  70,  71,
     72,  73,  74,  75,  76,  77,  78,  80,  81,  82,   2,  25,  33,  40,  45,  46,
     53,  55,  56,  68,  72,  73,  74,  80,   2,  10,  25,  45,  48,  55,  57,  68,
     69,  70,  71,  72,  73,  74,  77,  78,  81,  33,  40,   0,   9,  10,  11,  12,
     27,  33,  35,  37,  38,  40,  43,  45,  46,  47,  48,  52,  53,  55,  65,  66,
     67,  68,  69,  70,  71,  72,  73,  74,  75,  77,  78,  80,  82,  33,  35,  38,
     45,  46,  47,  56,  68,  72,  73,  74,  10,  33,  38,  45,  46,  53,  55,  68,
     72,  73,  74,  33,  35,  36,  38,  49,  35,  38,  45,  68,  72,  73,  74,  14,
     20,  33,  35,  36,  37,  38,  39,  45,  68,  72,  73,  74,  28,  29,  31,  33,
     34,  35,  36,  38,  43,  45,  46,  47,  48,  50,  54,  55,  65,  66,  67,  68,
     69,  70,  71,  72,  73,  74,  75,  77,  78,  80,  81,   6,  10,  12,  25,  27,
     35,  37,  40,  64,  40,  55,   2,  25,  60,  44,  58,  76,   9,  11,  82,   0,
      1,   2,   6,   7,   9,  10,  11,  12,  25,  27,  29,  32,  33,  34,  35,  36,
     37,  38,  40,  45,  46,  49,  53,  54,  55,  68,  72,  73,  74,  80,  81,  82,
      2,   6,  10,  25,  33,  38,  40,  45,  46,  48,  49,  52,  53,  54,  55,  68,
     69,  70,  71,  72,  73,  74,  77,  78,  80,  81,   2,   3,   5,   6,   9,  10,
     11,  12,  26,  40,  41,  42,  43,  45,  46,  47,  49,  50,  51,  52,  54,  56,
     57,  58,  59,  61,  62,  65,  66,  67,  68,  72,  73,  74,  75,  81,  82,  25,
     29,  32,  33,  45,  49,  55,  68,  72,  73,  74,  70,  76,  29,  43,  45,  47,
     49,  55,  65,  66,  67,  68,  72,  73,  74,  75,  49,   9,  11,  40,  43,  44,
     45,  47,  48,  49,  53,  55,  65,  66,  67,  68,  69,  70,  71,  72,  73,  74,
     75,  76,  77,  78,  82,   2,   3,   5,   6,   7,   9,  10,  11,  12,  26,  40,
     41,  42,  43,  45,  46,  47,  50,  51,  52,  53,  54,  57,  58,  59,  61,  62,
     65,  66,  67,  68,  72,  73,  74,  75,  80,  82,  79,   2,  10,  25,  45,  48,
     49,  55,  57,  68,  69,  70,  71,  72,  73,  74,  77,  78,  81,  33,  40,  49,
      2,  10,  25,  45,  48,  49,  55,  57,  68,  69,  70,  71,  72,  73,  74,  77,
     78,  81,   9,  11,  27,  31,  33,  43,  45,  46,  52,  53,  55,  63,  64,  65,
     66,  67,  68,  72,  73,  74,  75,  82,   9,  11,  27,  29,  31,  33,  43,  45,
     46,  47,  50,  52,  63,  64,  65,  66,  67,  68,  72,  73,  74,  75,  82,
};

static const int8_t atkinson_hn_16_regularKernSparseValues[] = {
      -5,  -11,  -11,  -11,  -16,   -5,   11,  -21,   21,  -11,  -27,  -69,   16,   11,   11,   -5,
     -16,   16,  -11,   16,   -5,   -5,   -5,  -16,  -16,  -16,  -16,   -5,  -16,  -32,  -16,  -27,
     -16,  -37,  -16,  -11,  -11,  -11,  -11,  -21,   32,  -11,  -11,  -11,  -21,  -21,  -21,  -21,
     -11,  -32,  -32,  -37,  -37,   11,  -11,  -11,   16,  -59,  -11,  -11,  -11,  -11,  -11,  -11,
     -11,  -11,  -32,  -16,   11,  -32,  -16,    5,  -16,  -37,  -21,  -21,  -16,    5,  -32,   -5,
      11,  -11,  -21,   -5,   -5,   -5,   -5,  -21,  -27,   11,   21,    5,   -5,    5,   21,  -21,
     -16,   -8,  -11,    5,   11,   -5,   -5,    5,    5,    5,    5,  -32,  -16,    5,  -16,  -37,
     -21,  -21,  -16,    5,  -32,   -5,  -11,  -21,   -5,   -5,   -5,   -5,  -21,  -27,  -53,  -27,
      27,  -27,  -21,  -59,  -16,   21,   11,  -27,  -32,    5,  -21,  -16,  -16,  -27,  -21,  -11,
     -21,  -29,  -27,  -27,  -27,  -32,  -32,  -32,  -32,  -27,  -11,   11,   -5,  -16,   -5,  -16,
      -1,  -21,   11,   11,  -11,    5,  -16,  -16,  -11,  -11,   -5,   -2,   -5,  -16,  -11,   21,
      16,  -16,  -16,  -27,   11,    5,  -27,   16,  -11,    5,   27,  -16,  -11,   -5,  -11,   -5,
      -5,  -16,  -27,  -11,   -5,    5,  -16,  -11,   -5,  -16,   -3,   -3,   -3,   -3,   -3,  -27,
     -21,  -16,  -16,   -5,   -5,  -27,  -11,  -37,    5,   -5,    5,    5,  -27,   11,  -11,   -9,
     -27,  -16,  -21,  -16,   10,  -27,  -27,   -7,   -5,  -11,   -8,  -16,   -7,   -7,   -7,   -7,
     -37,  -37,    5,  -11,  -11,   -5,   -5,  -11,  -11,    4,    4,    4,    4,    4,   -5,  -12,
      10,   -1,    5,   -5,    5,    1,    1,    1,    1,    1,  -11,  -16,    5,  -16,  -21,  -21,
     -11,  -16,  -11,  -11,   -5,  -16,  -16,  -16,  -21,   -5,  -16,  -16,  -14,   -4,    5,   -5,
      -5,   -5,   -5,   -5,   -5,  -32,  -32,  -37,  -27,   -3,  -32,   -6,  -43,   -6,   -6,   -6,
      11,   16,   16,   -6,   16,  -32,  -11,  -21,  -11,  -11,   -5,  -16,  -11,  -16,   -6,  -16,
     -11,  -11,   -6,   -6,   -6,  -16,  -16,  -16,  -16,   -6,  -21,  -21,  -16,  -16,   -5,  -16,
     -21,  -11,  -16,    9,  -21,  -16,   -7,  -10,    9,   -1,  -17,  -16,  -11,  -14,  -21,  -21,
     -11,  -17,  -11,  -11,  -11,  -17,  -17,  -17,  -11,  -11,  -11,  -48,  -37,  -32,    5,  -16,
      -5,  -37,  -11,  -37,  -27,  -43,   -2,  -21,   -2,   -2,   -2,   -2,  -69,  -59,  -16,  -32,
     -32,  -32,  -27,  -48,    5,    5,  -11,   -3,   -7,   11,   11,  -11,  -48,   -7,   11,   11,
      11,   -7,   -7,   -7,   11,   11,    5,  -32,  -11,    5,  -16,  -21,   11,  -16,  -11,  -11,
      -5,    3,  -16,  -13,  -21,   -5,   11,  -16,    2,   -7,   -5,   -2,   -5,    2,   -5,   -2,
      -5,   -5,   -2,   -2,   -2,   -5,   -5,   -5,   -5,   -2,   11,  -11,  -11,   -5,    1,   -7,
      -6,   -3,  -13,   -3,  -13,  -10,  -17,  -11,  -11,   16,  -21,   11,  -37,  -21,  -37,  -53,
     -16,  -16,   11,  -21,  -27,  -16,  -48,   -7,   11,   11,   11,    5,   16,   21,  -37,  -43,
     -37,  -16,  -21,  -21,  -21,  -11,  -27,  -21,  -43,  -43,  -53,  -53,  -59,  -43,   21,   32,
      32,  -69,  -64,  -69,  -59,   16,   27,   16,  -37,  -11,   11,  -11,  -16,  -16,  -16,  -27,
     -11,  -11,   -5,  -21,  -11,  -27,   11,   10,    3,   15,  -12,  -16,  -11,   12,  -16,  -16,
     -11,  -11,   -5,   -5,  -21,  -11,  -37,  -14,  -19,  -19,  -16,   12,   31,   37,  -16,  -16,
     -16,  -12,   26,   12,  -16,  -11,   11,  -11,  -16,   -8,  -16,  -16,  -11,  -11,  -16,   -5,
     -21,   -1,   11,    3,   -1,   12,   -2,  -12,  -11,   -5,  -16,  -32,   -2,   -2,   -2,  -12,
      16,   21,   21,  -12,  -12,  -12,   -2,   21,  -16,    5,  -11,    5,   -5,   10,  -16,    5,
       3,   -1,    9,   -5,  -16,   -5,  -16,   -5,   -5,   -5,  -16,  -16,  -16,  -16,   -5,  -11,
       5,  -16,  -27,  -32,  -32,  -53,  -16,  -16,   -5,  -16,  -27,  -16,  -43,   -7,   16,   15,
      12,    9,   21,   11,  -28,  -32,  -32,  -21,  -27,  -21,  -21,  -11,  -11,  -16,  -37,  -21,
     -64,  -28,  -41,  -46,  -59,   16,   16,   21,  -32,  -32,  -59,  -28,   21,  -32,  -20,  -13,
     -16,  -13,  -13,  -13,  -13,  -11,   16,   37,  -21,  -53,  -16,  -16,  -53,   -5,   37,  -16,
      -5,   -5,   -5,   -5,   -5,    5,  -21,  -11,   -5,  -27,  -27,  -11,  -27,   -4,   -5,   -4,
      -5,   -4,   -5,   -4,   -4,   -4,   -4,   -4,   -4,   -4,   -4,   -4,   -4,  -16,  -16,   -5,
     -11,   -5,    5,   -5,   -3,   -3,  -21,   -7,  -43,  -16,  -12,  -16,  -32,  -32,    2,   -6,
      -3,   -4,   -7,   -4,  -11,  -11,  -11,  -11,    2,   -3,   -3,   -3,    2,    2,    2,   -3,
      -3,  -16,   -5,   -5,    5,  -11,  -11,  -35,  -11,   11,   -5,    9,    3,   11,   -5,    3,
       3,    3,   -5,   -5,   -5,   11,    3,    3,    5,  -16,  -11,  -21,    5,  -43,  -16,  -12,
     -32,  -27,   -1,    3,   -2,   -2,   -7,   -5,   -5,   16,   21,  -21,  -16,  -21,  -16,    5,
     -11,   -8,  -17,    4,  -12,    5,   -9,    4,    5,   -2,   -8,   -8,   -8,  -17,    5,   21,
      27,  -17,  -17,  -17,   -8,   27,    5,   11,   27,  -21,  -16,  -16,   11,  -16,  -27,  -24,
      -3,   -9,   -8,  -16,  -16,   11,  -11,   -3,  -16,   -3,   -3,   -3,  -16,  -27,   -4,  -11,
      -5,   -5,    3,   12,  -11,   -4,   -4,   -4,  -11,   -5,   -5,   -5,  -11,  -11,  -11,   -4,
      -5,   -5,   -3,    5,    5,  -11,    9,   -3,   -2,   -3,    4,   -2,   -5,    9,    9,    9,
      -2,    4,    4,    4,   -2,   -2,   -2,    9,   -3,    4,    4,    5,   37,   21,   37,   21,
     -16,  -16,   43,   43,   69,   16,   27,   32,    8,   11,  -11,   27,  -37,  -37,   -7,    5,
      -7,   16,   -5,   16,    5,    5,   13,    5,   11,   -7,   -7,   -7,   -7,   16,   16,   16,
      -7,   -7,   -7,   -7,    5,   16,   16,   16,   21,  -37,  -11,  -21,  -21,  -13,   -1,    2,
      -1,   -4,   -3,   -1,   -1,   -1,   -1,  -16,   11,   -5,   -5,   -6,    3,    4,   -3,   -6,
       3,    3,    3,   -6,   -6,   -6,    3,    3,   11,  -16,  -16,   -5,  -16,   -5,  -16,  -16,
     -16,  -11,   -5,   -5,  -11,  -11,   -4,   -4,   12,   -3,   11,   -2,    5,   13,   -4,   -4,
      -4,   -4,   11,   11,   11,   -4,   -4,   -4,   -4,   11,   11,   11,  -16,  -27,   -5,  -11,
     -11,    3,   -5,   13,  -11,  -11,  -11,  -11,   -8,  -21,  -16,  -10,    5,    5,    5,  -10,
     -10,  -10,  -10,  -16,  -16,  -11,  -27,   21,  -11,  -21,  -11,  -11,  -11,  -11,  -11,   16,
      27,  -43,  -21,  -16,  -16,  -37,  -16,  -11,  -11,  -11,  -11,  -11,  -16,  -27,  -16,  -37,
     -11,  -16,  -21,  -37,   -5,  -21,  -11,  -11,  -16,  -11,  -11,  -21,   -5,   -5,   -5,  -21,
     -16,  -16,  -16,  -21,  -21,  -21,   -5,  -16,  -16,  -11,  -11,  -27,    5,  -16,  -11,   -5,
     -16,  -21,   -5,  -27,  -11,   -3,   11,   11,   11,    5,   16,    5,  -11,  -11,  -11,   -5,
      -5,  -27,  -11,  -37,    5,   -5,    5,    5,  -27,   11,  -11,   -9,  -27,  -16,  -21,  -16,
      10,  -27,  -27,   -7,   -5,   37,  -11,   -8,  -16,   -7,   -7,   -7,   -7,  -37,  -37,    5,
     -21,  -11,   -5,  -27,  -27,  -11,  -27,   -4,   -5,   -4,   19,   -5,   -4,   -5,   -4,   -4,
      -4,   -4,   -4,   -4,   -4,   -4,   -4,   -4,  -16,  -16,    5,  -19,  -32,    3,  -37,  -32,
     -37,  -37,  -27,   16,    3,  -37,  -16,  -27,   -5,  -21,  -11,  -11,  -11,  -16,  -11,   -5,
      -5,   16,  -37,  -37,  -37,  -16,  -16,  -16,  -27,  -27,  -27,  -27,  -16,    5,  -37,   11,
     -14,   -4,    5,   -5,   22,   -5,   -5,   -5,   -5,   -5,   16,   16,  -16,   -6,  -16,  -11,
      13,  -11,   -6,   -6,   -6,  -16,  -16,  -16,  -16,   -6,    9,    5,    5,  -11,    9,   -3,
      -2,   -3,    4,   21,   -2,   -5,    9,    9,    9,   -2,    4,    4,    4,   -2,   -2,   -2,
       9,   -3,    4,    4,    5,    5,  -16,  -29,    3,  -16,  -29,  -29,  -29,  -29,  -24,   16,
       3,  -29,  -19,  -29,   -5,  -21,  -11,   -5,  -21,   -5,  -16,  -13,   16,  -29,  -29,  -29,
     -19,  -19,  -19,  -29,  -29,  -29,  -29,  -19,  -13,  -29,  -11,   11,   -5,   -5,   -6,    3,
      27,    4,   -3,   -6,    3,    3,    3,   -6,   -6,   -6,    3,    3,   11,  -16,  -16,   10,
      11,   -5,   -5,   -6,    3,   24,    4,   -3,   -6,    3,    3,    3,   -6,   -6,   -6,    3,
       3,   11,  -32,  -32,  -37,  -43,   11,  -11,  -27,   16,  -21,   16,   11,  -32,  -59,  -11,
     -11,  -11,  -27,  -27,  -27,  -27,  -11,  -32,  -32,  -32,  -37,  -27,  -75,   16,  -16,  -21,
      11,  -27,  -11,  -32,  -32,  -59,  -16,  -16,  -16,  -21,  -21,  -21,  -21,  -16,  -32,
};

static const EpdFontData atkinson_hn_16_regular = {
    atkinson_hn_16_regularBitmaps,
    atkinson_hn_16_regularGlyphs,
    atkinson_hn_16_regularIntervals,
    51,
    40,
    27,
    -9,
    true,
    atkinson_hn_16_regularGroups,
    9,
    nullptr,
    nullptr,  // kernLeftClasses: built-in fonts use the split arrays below
    nullptr,  // kernRightClasses
    atkinson_hn_16_regularKernLeftCodepoints,
    atkinson_hn_16_regularKernLeftClassIds,
    atkinson_hn_16_regularKernRightCodepoints,
    atkinson_hn_16_regularKernRightClassIds,
    nullptr,  // kernMatrix: built-in fonts use the sparse form below
    atkinson_hn_16_regularKernRowOffsets,
    atkinson_hn_16_regularKernSparseCols,
    atkinson_hn_16_regularKernSparseValues,
    246,
    244,
    90,
    84,
    nullptr,
    0,
};
