/**
 * generated by fontconvert.py
 * name: atkinson_hn_18_regular
 * size: 18
 * mode: 2-bit  compressed: true
 * Command used: fontconvert.py atkinson_hn_18_regular 18 ../builtinFonts/source/AtkinsonHyperlegibleNext/AtkinsonHyperlegibleNext-Regular.otf ../builtinFonts/source/NotoSansHebrew/NotoSansHebrew-Regular.ttf ../builtinFonts/source/NotoSansArabic/NotoSansArabic-Regular.ttf --2bit --compress --pnum --zopfli
 */
#pragma once
#include "EpdFontData.h"

static const uint8_t atkinson_hn_18_regularBitmaps[11867] = {
    0xC5, 0x99, 0x01, 0xC4, 0x2D, 0x49, 0x76, 0xC7, 0xFF, 0xDD, 0x65, 0xB6, 0xD1, 0xA8, 0xC1, 0x22,
    0x12, 0x34, 0x04, 0x64, 0x25, 0x0D, 0x10, 0xBC, 0x99, 0x6A, 0xB0, 0x00, 0x09, 0x02, 0x11, 0x04,
    0x00, 0xC1, 0x42, 0x00, 0xF3, 0xA6, 0x3A, 0x3B, 0x08, 0x16, 0x33, 0x00, 0x40, 0x82, 0x20, 0x16,
    0x02, 0x10, 0xC4, 0xAB, 0x92, 0x41, 0x10, 0x4C, 0x03, 0x00, 0xD3, 0x61, 0x08, 0x82, 0xA9, 0x95,
    0x96, 0xED, 0x35, 0xD5, 0x7D, 0x52, 0xFF, 0x53, 0xB7, 0x7D, 0xDF, 0xFD, 0x9E, 0xF7, 0xDE, 0x7B,
    0x2F, 0x6F, 0xA5, 0x6F, 0xF5, 0xAF, 0x6E, 0x77, 0x9D, 0x73, 0xAA, 0xEA, 0xD4, 0xA9, 0x73, 0xEF,
    0xED, 0x3B, 0xC4, 0xA7, 0x2F, 0xFB, 0xF0, 0x9A, 0xF5, 0x35, 0x41, 0x0F, 0x3B, 0xBB, 0xD5, 0x25,
    0xB7, 0xDA, 0xF8, 0x62, 0x88, 0x2F, 0x6C, 0x7C, 0xCE, 0x32, 0x97, 0xF2, 0x8C, 0x65, 0x2A, 0xE5,
    0xC7, 0x1F, 0x01, 0x6D, 0x36, 0x1B, 0x60, 0x76, 0x93, 0x0A, 0x37, 0x65, 0xEA, 0x94, 0x7D, 0x61,
    0x97, 0xFA, 0x15, 0x56, 0xCA, 0x91, 0x2A, 0x07, 0x25, 0xEC, 0x62, 0x23, 0x60, 0xE3, 0xA0, 0x1C,
    0x0B, 0x87, 0x38, 0xCE, 0xC0, 0x18, 0x1D, 0x39, 0xBB, 0x09, 0x9E, 0x92, 0x31, 0x28, 0x09, 0x99,
    0xE1, 0x10, 0x00, 0x78, 0xBC, 0x50, 0x9E, 0x85, 0x01, 0x47, 0xE1, 0x89, 0x5C, 0x78, 0x3C, 0x22,
    0x9E, 0xDD, 0xA1, 0x97, 0x15, 0x08, 0x22, 0x30, 0x22, 0xB2, 0xD8, 0xE3, 0x99, 0x4F, 0xC3, 0xFA,
    0xAC, 0xCF, 0x2E, 0x3E, 0x33, 0x8B, 0x9B, 0x8B, 0x48, 0x45, 0x24, 0x52, 0x81, 0x3D, 0x0B, 0x3A,
    0x39, 0x80, 0x46, 0x64, 0x03, 0x46, 0x91, 0x09, 0xF0, 0x92, 0x8A, 0xBD, 0xB0, 0x17, 0x74, 0x47,
    0x01, 0x4E, 0x42, 0x14, 0x23, 0xE1, 0xE7, 0x72, 0xCF, 0xAD, 0xCF, 0x4C, 0x1E, 0x8E, 0x67, 0xE3,
    0xD6, 0x89, 0xC8, 0x8A, 0x02, 0x8E, 0xE0, 0xBB, 0x97, 0x46, 0x15, 0x56, 0xE8, 0x61, 0xD8, 0x0F,
    0xBD, 0x68, 0xD9, 0x8B, 0x5D, 0x01, 0xB7, 0xB8, 0x08, 0x7A, 0xC5, 0xF3, 0xD2, 0x01, 0x78, 0x01,
    0x93, 0x70, 0xEA, 0xFC, 0x4C, 0x32, 0x9C, 0x62, 0xAE, 0x8E, 0xAE, 0x4D, 0x76, 0x81, 0x0A, 0x27,
    0x17, 0xC1, 0x79, 0xB8, 0xE8, 0x81, 0x6A, 0xF0, 0xB8, 0x75, 0x61, 0x76, 0xF0, 0x08, 0xA9, 0x4F,
    0x9D, 0x80, 0xC7, 0x10, 0x1D, 0xFD, 0xC2, 0xC9, 0x8B, 0x68, 0xAB, 0xB4, 0x47, 0x4B, 0xDB, 0x4D,
    0x36, 0x09, 0x01, 0x1C, 0x55, 0x57, 0xFB, 0xB7, 0xA9, 0x5F, 0xF4, 0xCD, 0x18, 0x6F, 0x6F, 0xDC,
    0x74, 0x6B, 0x3A, 0x51, 0x85, 0x8B, 0x66, 0x55, 0xE7, 0xA8, 0xD4, 0xA0, 0x4E, 0x45, 0x0A, 0x78,
    0x68, 0xA7, 0x4D, 0xBD, 0xB2, 0x9C, 0x31, 0xDB, 0x84, 0x55, 0x98, 0x3D, 0x47, 0x2D, 0x18, 0x58,
    0x1D, 0xD0, 0xC9, 0x9C, 0xB0, 0xD7, 0x4D, 0x15, 0x71, 0x33, 0x15, 0xFE, 0x43, 0xAA, 0x7A, 0xAE,
    0xD5, 0xAA, 0xEA, 0x32, 0x7F, 0xF4, 0xA7, 0x30, 0x5C, 0xD8, 0x15, 0x36, 0xBB, 0xAD, 0xE8, 0xBB,
    0xB2, 0xC8, 0x45, 0xDF, 0xCD, 0x46, 0xC6, 0xC8, 0xC1, 0x31, 0x7C, 0x84, 0x3D, 0x82, 0x95, 0x3D,
    0xB5, 0xEA, 0x04, 0x6C, 0x33, 0x12, 0xE1, 0x23, 0x06, 0x49, 0x70, 0x5B, 0x23, 0xDF, 0x67, 0x8D,
    0xD8, 0xEE, 0x44, 0x2B, 0x92, 0x1B, 0x99, 0x31, 0xCA, 0x4C, 0x3F, 0xBF, 0x78, 0xFE, 0xFC, 0xF9,
    0xB3, 0x67, 0xCF, 0x7E, 0x8C, 0x80, 0xDC, 0xEE, 0x26, 0xF5, 0x2B, 0x37, 0xCD, 0x38, 0x3B, 0x38,
    0x0D, 0xCA, 0x43, 0x83, 0xEF, 0x7A, 0xF1, 0xEA, 0x05, 0x3C, 0xD8, 0x3A, 0xCE, 0x94, 0xEC, 0x57,
    0x93, 0xDA, 0x1D, 0x19, 0x21, 0x00, 0x8E, 0xFE, 0xE7, 0x54, 0xBB, 0x04, 0x53, 0xCA, 0x86, 0x26,
    0x03, 0x99, 0xF3, 0x67, 0x7C, 0x7B, 0xC0, 0xBD, 0xBA, 0x78, 0xCA, 0x50, 0x32, 0x53, 0xCB, 0x6C,
    0xB4, 0xD0, 0x71, 0x57, 0xD1, 0xA6, 0xD3, 0x49, 0xC1, 0x3E, 0x9C, 0xBF, 0x6F, 0x9B, 0xD9, 0x7D,
    0x1B, 0xA2, 0x13, 0x59, 0x5A, 0x2E, 0x8C, 0x5F, 0x00, 0x61, 0xBF, 0x19, 0xDD, 0xFA, 0x39, 0x0C,
    0xE3, 0x5E, 0x8F, 0xFC, 0x56, 0x90, 0x72, 0xE4, 0x07, 0xBC, 0xAD, 0xDA, 0x30, 0xB9, 0x18, 0x16,
    0x1F, 0x47, 0x26, 0x1A, 0x8C, 0xF8, 0x04, 0x7F, 0x0C, 0x91, 0xA3, 0x16, 0xB0, 0xDD, 0xD7, 0xF6,
    0x09, 0xE8, 0x13, 0x38, 0x1D, 0x0D, 0x82, 0x31, 0x32, 0xDA, 0x74, 0xE2, 0x3A, 0x33, 0xCA, 0x66,
    0x8D, 0x37, 0x68, 0xEE, 0x49, 0x1F, 0x4C, 0x1C, 0x9D, 0x86, 0x94, 0x97, 0x53, 0x37, 0xBE, 0x44,
    0x74, 0x27, 0xFC, 0x0A, 0xBB, 0xC1, 0x26, 0x0C, 0x3B, 0x4C, 0x86, 0xCB, 0x34, 0xE5, 0x84, 0x86,
    0xFD, 0xCF, 0x66, 0x9C, 0x08, 0x36, 0x42, 0x20, 0xBA, 0x0B, 0xA4, 0xDD, 0x49, 0x64, 0xA5, 0x53,
    0x8E, 0x33, 0x69, 0x23, 0x69, 0x52, 0x40, 0x40, 0xBB, 0x0B, 0x3C, 0x90, 0x4F, 0xB8, 0x19, 0xEE,
    0x00, 0x77, 0x7B, 0xC6, 0xB0, 0xC0, 0x66, 0xD8, 0xC4, 0xA2, 0xFD, 0xD6, 0x31, 0xD4, 0xF1, 0x5C,
    0x63, 0x6B, 0x34, 0x5C, 0xC6, 0xF4, 0x33, 0x49, 0xA2, 0x05, 0xE6, 0x7D, 0x4B, 0xCF, 0xB0, 0x16,
    0xC9, 0x9A, 0x15, 0x61, 0x77, 0x48, 0x1C, 0x16, 0x4D, 0x1E, 0x18, 0x96, 0xBE, 0x66, 0xA2, 0x1B,
    0x16, 0x54, 0x47, 0xC1, 0x11, 0x61, 0x2A, 0x10, 0x00, 0x26, 0xB3, 0x71, 0xE3, 0x7D, 0x8A, 0xD1,
    0x9E, 0xD1, 0x95, 0xE4, 0xAD, 0x10, 0x01, 0x23, 0x97, 0x80, 0xA7, 0xA2, 0x26, 0xFF, 0x07, 0xA0,
    0x97, 0xE5, 0x7E, 0x04, 0x81, 0x23, 0x18, 0x99, 0xFD, 0xEC, 0xFA, 0x7B, 0x13, 0x6C, 0xBA, 0x1B,
    0x01, 0x3B, 0x6F, 0x65, 0xBA, 0x25, 0x4C, 0x49, 0x04, 0x3D, 0xF3, 0x23, 0x89, 0xD7, 0x10, 0x54,
    0xA3, 0xDB, 0x34, 0x75, 0x35, 0x05, 0xBB, 0xE3, 0xA5, 0x9B, 0xD1, 0x27, 0x4E, 0x2B, 0xD9, 0x0D,
    0x21, 0x32, 0x2F, 0x4F, 0x0D, 0xFB, 0xC5, 0xC0, 0x31, 0x03, 0x81, 0x68, 0x84, 0x34, 0x4A, 0xAB,
    0x74, 0xCA, 0xE0, 0xD9, 0x78, 0x38, 0xA8, 0x3D, 0xED, 0x84, 0x1C, 0x23, 0xE9, 0x41, 0x1E, 0xA4,
    0xD9, 0x49, 0x9B, 0xC8, 0x31, 0x92, 0x7E, 0x22, 0x85, 0x47, 0xAC, 0x0C, 0x4A, 0x80, 0xF7, 0x5F,
    0x4F, 0x4B, 0xC1, 0x47, 0xA0, 0x92, 0x62, 0x50, 0xCC, 0x05, 0x23, 0xE1, 0x7E, 0xFA, 0xA2, 0xC0,
    0x33, 0x79, 0x71, 0x1B, 0xB9, 0xDF, 0x74, 0x42, 0x47, 0x85, 0xD8, 0x4F, 0xAC, 0xE9, 0x3A, 0x22,
    0x3D, 0xC1, 0xE7, 0x05, 0x6B, 0xD0, 0x59, 0xCC, 0x70, 0x71, 0x4C, 0xAD, 0xC0, 0xD2, 0x40, 0x2B,
    0x74, 0xEC, 0x28, 0x13, 0x5D, 0xB1, 0x00, 0x8E, 0xCE, 0xA6, 0xC3, 0xCC, 0x49, 0xA3, 0x5B, 0xE9,
    0xDA, 0xAE, 0xD7, 0x30, 0xDC, 0x4C, 0x4C, 0x04, 0x13, 0xA5, 0x1F, 0x84, 0xD9, 0x4D, 0x04, 0xE1,
    0xFC, 0xA9, 0xC4, 0x90, 0xE0, 0x96, 0x10, 0x61, 0x53, 0xE0, 0x02, 0x84, 0x09, 0xDD, 0x16, 0xB8,
    0x32, 0x9E, 0x70, 0xD3, 0xB5, 0x32, 0x23, 0x45, 0x2C, 0x85, 0xFB, 0x0C, 0x89, 0x1A, 0x0C, 0x08,
    0xB2, 0x43, 0x43, 0x94, 0x2E, 0x4B, 0x0F, 0xB8, 0xA6, 0x50, 0xFB, 0x27, 0xFC, 0x15, 0x8E, 0xCD,
    0x71, 0xC5, 0x64, 0xB7, 0xE1, 0x12, 0x5B, 0x70, 0x89, 0xCD, 0x97, 0xD8, 0xA9, 0x62, 0xC4, 0xAE,
    0x62, 0xC4, 0xAA, 0x62, 0x17, 0x04, 0x17, 0x3A, 0x99, 0xE8, 0x8D, 0x55, 0xE3, 0xB4, 0xA8, 0xB6,
    0x07, 0xB5, 0x02, 0x0C, 0x97, 0xB9, 0x2B, 0x98, 0x14, 0x7A, 0xA9, 0x0D, 0x2A, 0xA2, 0xC2, 0x0A,
    0x8D, 0xB5, 0xE1, 0x68, 0x64, 0x71, 0x0B, 0x86, 0xE4, 0x67, 0xF4, 0xEA, 0x83, 0x2C, 0xF7, 0xA0,
    0x73, 0x76, 0x47, 0x47, 0x8C, 0xC5, 0xCA, 0xDA, 0x73, 0xCD, 0x1B, 0xCD, 0x8B, 0x83, 0x2C, 0xC4,
    0x44, 0x7B, 0x1B, 0x0C, 0xEF, 0xD9, 0xF3, 0x2F, 0x64, 0x72, 0x09, 0x21, 0x32, 0x73, 0x2C, 0x81,
    0x93, 0x10, 0xA6, 0xB5, 0x13, 0xE8, 0x14, 0xF5, 0x92, 0x0D, 0xEC, 0x72, 0x58, 0xDC, 0x0A, 0x1F,
    0xED, 0xD1, 0xC9, 0xCC, 0x01, 0x31, 0xB1, 0x9C, 0x9C, 0xD6, 0xBD, 0xAF, 0xEA, 0x0E, 0xBF, 0xDC,
    0xD4, 0x5E, 0xDE, 0xD4, 0xC6, 0xF1, 0x96, 0x9C, 0x87, 0x09, 0x4F, 0x8F, 0xBB, 0xD4, 0xFD, 0x7A,
    0xB9, 0x71, 0xF6, 0x2F, 0x7D, 0x04, 0xF0, 0xF8, 0xEB, 0x6B, 0x1C, 0xBE, 0xA0, 0x97, 0xC4, 0xE5,
    0x9F, 0x60, 0x85, 0x29, 0xF0, 0xBC, 0xB9, 0x20, 0x64, 0x14, 0x44, 0x22, 0xA3, 0xDE, 0xAB, 0xAD,
    0x2A, 0xA7, 0x1A, 0xAA, 0xAB, 0x56, 0xD4, 0x9E, 0x5A, 0x66, 0xD0, 0xE4, 0x07, 0xE0, 0xFE, 0x78,
    0xD2, 0xFA, 0xF7, 0x7A, 0x4F, 0xA1, 0xA3, 0xA1, 0xC9, 0x4E, 0x76, 0x7D, 0x3B, 0x03, 0xAD, 0xBE,
    0x1D, 0x25, 0xB2, 0xE7, 0x4D, 0x13, 0x9D, 0xBE, 0xD3, 0x7B, 0x6C, 0x55, 0x39, 0x6A, 0xA8, 0x2E,
    0xAD, 0x5C, 0xF6, 0xD4, 0x32, 0xDC, 0x09, 0xAE, 0x60, 0x82, 0xE5, 0x50, 0xDC, 0x6A, 0x4E, 0x46,
    0xAF, 0x40, 0x00, 0x8F, 0x3F, 0xBC, 0x6D, 0x25, 0x8F, 0x4B, 0xE9, 0x0A, 0x54, 0xED, 0x07, 0xB2,
    0x5C, 0x09, 0x35, 0x13, 0xAB, 0xAE, 0xD8, 0x1D, 0x3E, 0x9A, 0x9E, 0xAC, 0x0A, 0xBB, 0x5C, 0x68,
    0x72, 0xBD, 0xDE, 0x69, 0xE2, 0x00, 0xFE, 0x4C, 0xE9, 0x75, 0x3E, 0x5D, 0x4D, 0x49, 0xE3, 0x6F,
    0xD4, 0x6F, 0x32, 0x71, 0xE5, 0xB5, 0x57, 0x8D, 0xED, 0x3F, 0x9F, 0xF4, 0xBB, 0x8B, 0xE4, 0x6E,
    0x1D, 0x27, 0x27, 0xD9, 0x24, 0x07, 0x99, 0x72, 0x93, 0x3E, 0x6D, 0x33, 0x32, 0xB6, 0x4F, 0x4C,
    0x2A, 0xD5, 0xFE, 0xD9, 0xCB, 0x95, 0xB6, 0x35, 0xB9, 0x4D, 0x9F, 0x9A, 0xDD, 0x1C, 0xAA, 0x17,
    0x24, 0x2C, 0xC3, 0xE4, 0xC5, 0x0B, 0xAD, 0xE6, 0xFE, 0xE0, 0x16, 0xE2, 0xD1, 0x66, 0x52, 0x7B,
    0x07, 0x38, 0x96, 0xE6, 0x33, 0xA8, 0xAB, 0xF2, 0xC3, 0x38, 0xAF, 0x51, 0x8F, 0x89, 0x74, 0x9B,
    0x32, 0x93, 0x41, 0x79, 0x9E, 0x05, 0x4D, 0x16, 0x75, 0x9A, 0x27, 0x77, 0x06, 0xB3, 0x66, 0x7E,
    0xD8, 0x34, 0x2C, 0x85, 0x8B, 0xC6, 0x72, 0xEC, 0x0B, 0x5D, 0xEC, 0xB8, 0x4C, 0x13, 0xA7, 0x2A,
    0x68, 0x95, 0x38, 0x35, 0xEC, 0x85, 0x3D, 0x8B, 0x4C, 0xCA, 0xD8, 0x2B, 0x55, 0x71, 0x1D, 0x56,
    0x9A, 0x72, 0xF1, 0x62, 0xB7, 0x87, 0x89, 0xDD, 0x39, 0xEE, 0x4D, 0x47, 0x1D, 0x62, 0x71, 0x33,
    0x7C, 0x2A, 0xB0, 0x5B, 0x81, 0xC9, 0xF7, 0xD8, 0xD9, 0xC0, 0x56, 0xBF, 0x52, 0x78, 0x26, 0x26,
    0x82, 0xF7, 0x06, 0x15, 0x39, 0x0A, 0x20, 0x2F, 0x43, 0x1B, 0xC6, 0xAC, 0xC2, 0x97, 0xAE, 0x46,
    0x27, 0xA7, 0xDE, 0x8B, 0x70, 0x5A, 0x9A, 0x34, 0x64, 0xED, 0x38, 0x7C, 0xC0, 0xC7, 0x3E, 0x03,
    0xC3, 0xCA, 0xE1, 0xDB, 0x89, 0xC3, 0xE7, 0xCC, 0x1F, 0x71, 0x26, 0x7D, 0xE5, 0xF4, 0x12, 0xE7,
    0x4B, 0xE6, 0x5E, 0x6B, 0x5C, 0x49, 0xDA, 0xEC, 0x27, 0xDA, 0xB7, 0xA9, 0xF6, 0xA5, 0xFD, 0xCE,
    0xB7, 0x31, 0x58, 0x1D, 0x0F, 0xC2, 0xA9, 0x83, 0xFA, 0x4A, 0x79, 0x2A, 0x65, 0x81, 0x9B, 0x3F,
    0x92, 0xBD, 0x10, 0xFD, 0x41, 0x36, 0x42, 0x42, 0x26, 0xD2, 0xC5, 0x07, 0x8E, 0x0B, 0x39, 0x3C,
    0xE6, 0xFA, 0xF4, 0xCE, 0x18, 0x9F, 0x6A, 0xC9, 0x74, 0xD9, 0x54, 0xFB, 0xDA, 0x97, 0xF6, 0xAB,
    0x7C, 0x34, 0x1E, 0x49, 0x0F, 0xD0, 0x69, 0xBE, 0x0D, 0x44, 0xB6, 0x47, 0x78, 0x07, 0x35, 0x49,
    0xF7, 0x58, 0x1E, 0xF0, 0x2E, 0x56, 0xE2, 0x03, 0xF4, 0xDE, 0xBB, 0x03, 0xF0, 0x52, 0x23, 0x66,
    0xBB, 0x96, 0x45, 0xBE, 0xEB, 0x64, 0x7E, 0x14, 0x31, 0x49, 0x57, 0xF7, 0xD5, 0x11, 0x33, 0xDD,
    0x51, 0x24, 0xDF, 0x38, 0x93, 0x94, 0x69, 0xB3, 0x8B, 0x17, 0x4D, 0x1E, 0x56, 0x92, 0x36, 0xBB,
    0xAC, 0x11, 0x93, 0xD9, 0x97, 0xCB, 0x1A, 0x31, 0x99, 0x63, 0xC8, 0x59, 0x23, 0xE6, 0xB3, 0x1A,
    0x31, 0x0F, 0xEB, 0xFA, 0xDE, 0x94, 0x72, 0xDC, 0xF3, 0xFF, 0x6C, 0x53, 0x24, 0x6B, 0xD9, 0xDB,
    0x8C, 0xF7, 0x2B, 0x45, 0xB7, 0x1A, 0x51, 0xBF, 0x7D, 0x68, 0xFC, 0x88, 0xF0, 0x37, 0x04, 0x3A,
    0x51, 0xE0, 0x62, 0x23, 0x18, 0xB6, 0x5E, 0xDD, 0xBB, 0xA3, 0x15, 0x59, 0x81, 0xB1, 0xBA, 0xD8,
    0x08, 0x69, 0x33, 0x39, 0x26, 0x32, 0xC4, 0xC2, 0x46, 0x50, 0xD8, 0x65, 0xD2, 0x6E, 0xA4, 0x5B,
    0x48, 0x99, 0x0A, 0xBF, 0x38, 0x51, 0xF8, 0x65, 0x26, 0xC3, 0x41, 0x8A, 0x28, 0x43, 0x2C, 0xCC,
    0x6E, 0x2D, 0x4C, 0xAA, 0x15, 0xAB, 0x05, 0x23, 0x24, 0x64, 0x26, 0xDD, 0x72, 0xF5, 0x75, 0xF5,
    0x6B, 0x1E, 0x27, 0x80, 0x10, 0x49, 0x7C, 0x18, 0xBC, 0xC7, 0xA6, 0xE4, 0xAC, 0x4A, 0x75, 0x00,
    0x0D, 0x6F, 0x01, 0xE6, 0x51, 0x35, 0xA1, 0x2B, 0x55, 0x98, 0x61, 0x7F, 0x28, 0x55, 0x84, 0xFD,
    0xAF, 0xE4, 0xFE, 0x6E, 0xC1, 0xF0, 0xEF, 0xC9, 0x7D, 0xB9, 0xC2, 0xB1, 0x4A, 0x70, 0xBF, 0x48,
    0xEE, 0x6F, 0x37, 0xF8, 0x3E, 0xB9, 0x2F, 0x76, 0x48, 0xA9, 0x7E, 0x9E, 0x71, 0x96, 0xEA, 0x6F,
    0x72, 0x93, 0x4B, 0x35, 0x9F, 0x46, 0xAB, 0x60, 0x76, 0x56, 0xAE, 0x4B, 0x5A, 0x7D, 0xA9, 0xD5,
    0xF8, 0xCD, 0xCA, 0xCA, 0x7E, 0x1F, 0xB5, 0x12, 0xAD, 0x7A, 0x99, 0x59, 0x19, 0xC1, 0xA3, 0xAA,
    0x3D, 0x58, 0xED, 0x1A, 0x9A, 0x59, 0x79, 0x2A, 0xA5, 0x72, 0x26, 0x43, 0x24, 0xBF, 0x4C, 0xE4,
    0x2F, 0x94, 0x5F, 0x64, 0xF2, 0xE7, 0x07, 0x39, 0x8B, 0xD2, 0x4F, 0xA4, 0x8B, 0xE4, 0xB0, 0x90,
    0x36, 0x91, 0xDD, 0x4E, 0x9A, 0x4C, 0xE2, 0x54, 0x8A, 0xD2, 0x7D, 0x4F, 0x8E, 0x42, 0x5A, 0x65,
    0xAF, 0x34, 0xCA, 0x56, 0x22, 0xE0, 0xCF, 0xE9, 0xCA, 0x2E, 0xD5, 0xC5, 0x00, 0x64, 0xEB, 0x24,
    0x42, 0x13, 0xCC, 0x8A, 0xFA, 0x99, 0x81, 0x9A, 0x0E, 0x50, 0x73, 0x83, 0xA6, 0x97, 0xE6, 0xD4,
    0x0A, 0x8C, 0x06, 0xAD, 0xFC, 0xAD, 0xA2, 0xC1, 0xF0, 0xB4, 0x9A, 0x1F, 0x4B, 0x5E, 0x7A, 0x6A,
    0xE5, 0xB2, 0x59, 0x7B, 0xB8, 0xFA, 0xAB, 0xBD, 0xD7, 0x5C, 0x17, 0xEB, 0xC8, 0xAE, 0x71, 0x5E,
    0xDF, 0xF6, 0x5E, 0xFA, 0x20, 0x6F, 0x42, 0xE2, 0x44, 0xEF, 0x3F, 0xC3, 0xDB, 0xFB, 0x4B, 0x4B,
    0x78, 0x0D, 0xA1, 0xF5, 0xD2, 0xDD, 0xDE, 0x23, 0x1A, 0x7F, 0x4B, 0x9E, 0xFB, 0xB8, 0xBA, 0xEC,
    0x9F, 0xB5, 0x6A, 0x4E, 0x56, 0x73, 0x2B, 0xB3, 0x4A, 0x86, 0x55, 0x5D, 0x36, 0xEE, 0x5A, 0xF5,
    0x72, 0xD0, 0x66, 0x2B, 0xD5, 0x73, 0xA1, 0x7A, 0x6E, 0xCC, 0xB5, 0x77, 0xA9, 0x9E, 0x93, 0xA8,
    0x23, 0xF3, 0x49, 0xC7, 0x39, 0x64, 0xF5, 0x5C, 0xB7, 0x81, 0x47, 0xB3, 0x90, 0xA8, 0x7E, 0x54,
    0xCA, 0xA4, 0x5C, 0x41, 0x17, 0x6D, 0x64, 0x9F, 0x49, 0xA3, 0x6C, 0xEB, 0xE6, 0x57, 0xB6, 0x4A,
    0x93, 0x1F, 0x64, 0x7C, 0xBA, 0x74, 0x2F, 0x3B, 0xDF, 0xD1, 0x53, 0x3E, 0x92, 0x63, 0x22, 0xED,
    0x4E, 0x9A, 0x83, 0x6C, 0x84, 0x44, 0x88, 0xA4, 0x5B, 0x49, 0xBB, 0x91, 0x5D, 0xED, 0x51, 0x5E,
    0x7A, 0x12, 0x7C, 0x22, 0xA4, 0x21, 0x71, 0xFD, 0x22, 0xCC, 0x52, 0x00, 0x3C, 0x80, 0x1D, 0xC0,
    0xD6, 0x47, 0x2F, 0x85, 0x8D, 0x08, 0xB7, 0x9B, 0xC8, 0x4C, 0x0B, 0x09, 0x85, 0x99, 0x6D, 0xC7,
    0xF5, 0x93, 0x12, 0xA2, 0x18, 0x09, 0x1F, 0xD1, 0x9E, 0x2E, 0xA1, 0xCB, 0xC5, 0x80, 0x7F, 0x78,
    0x12, 0x3C, 0xE9, 0x08, 0x84, 0xC7, 0xFC, 0x98, 0x35, 0x83, 0xFF, 0xFF, 0xD2, 0x4D, 0xCC, 0x1D,
    0xBF, 0x0D, 0xDE, 0x7D, 0x49, 0x8B, 0xF7, 0xF4, 0xF3, 0x90, 0x00, 0x99, 0xEC, 0xCE, 0x05, 0xEA,
    0x64, 0x1A, 0xF5, 0x19, 0x84, 0xEC, 0xBA, 0x4E, 0xCB, 0xED, 0x31, 0x7C, 0x98, 0x81, 0x21, 0xA9,
    0xD6, 0xA2, 0x8C, 0x0C, 0x7D, 0x1F, 0x35, 0x4A, 0x27, 0x52, 0xD0, 0xED, 0x5C, 0x07, 0x93, 0xEB,
    0xEF, 0x17, 0x16, 0x5E, 0xEE, 0x6C, 0xEA, 0x13, 0x49, 0x31, 0x3F, 0xD9, 0x95, 0xEA, 0xE3, 0x35,
    0x80, 0xDB, 0x77, 0x48, 0x9B, 0x02, 0x50, 0xE4, 0xA4, 0xB0, 0xDB, 0xCE, 0x42, 0x73, 0xE6, 0xC2,
    0x56, 0x48, 0xC8, 0xA6, 0x4C, 0x64, 0x50, 0xBA, 0x85, 0xFD, 0x33, 0xC0, 0xDA, 0xC3, 0xC5, 0xFA,
    0x70, 0xB0, 0xD4, 0x8E, 0x1D, 0x8F, 0x0B, 0xEB, 0x6E, 0x1F, 0x12, 0xEB, 0x7E, 0xB3, 0x09, 0xFE,
    0xA8, 0xCF, 0x38, 0x5E, 0xBC, 0x28, 0x75, 0xBF, 0xE1, 0xF0, 0x18, 0xD6, 0x6E, 0x47, 0x76, 0x18,
    0x17, 0x93, 0x4B, 0x3D, 0xB9, 0x68, 0x72, 0x93, 0xC7, 0xD9, 0xC5, 0xF6, 0x30, 0xDB, 0xA0, 0x79,
    0xD7, 0x24, 0x1B, 0xC3, 0x04, 0x61, 0x2D, 0x80, 0x74, 0xC9, 0x2E, 0x02, 0x84, 0x7E, 0xED, 0xD6,
    0x93, 0x1F, 0xC3, 0x8B, 0xF9, 0x15, 0x63, 0xFF, 0x9B, 0x68, 0xFE, 0x3B, 0xD7, 0xFA, 0xD7, 0xDC,
    0xB1, 0xDF, 0xCF, 0xED, 0x0F, 0x3B, 0x60, 0x65, 0x82, 0x6C, 0xAC, 0x39, 0xF8, 0x87, 0xBA, 0x3F,
    0xEB, 0xDF, 0x0F, 0xDC, 0x37, 0x7E, 0xE1, 0x5E, 0xE1, 0xE8, 0xB8, 0x61, 0xD7, 0x2E, 0x43, 0x9F,
    0xC1, 0xA0, 0xA1, 0xEC, 0xA4, 0x12, 0xD1, 0x32, 0xF2, 0xD3, 0x48, 0x0B, 0xBB, 0x8B, 0xD4, 0x93,
    0x59, 0x77, 0x84, 0x7A, 0x25, 0x93, 0x6E, 0x53, 0x26, 0x32, 0x64, 0x52, 0xAA, 0x17, 0xF5, 0x67,
    0x79, 0xF6, 0x51, 0x17, 0x30, 0xD1, 0x71, 0xEC, 0x48, 0xE6, 0x2E, 0xA3, 0x15, 0x16, 0xC3, 0x1E,
    0xEB, 0x46, 0x5E, 0xC6, 0x44, 0x31, 0x0A, 0xDB, 0x2C, 0x78, 0x58, 0xED, 0x71, 0xA9, 0x0B, 0xC8,
    0x25, 0xED, 0xE8, 0x6A, 0x96, 0x7E, 0xAB, 0x37, 0xC9, 0x87, 0x80, 0x1A, 0x17, 0x2A, 0xDA, 0x5F,
    0xE9, 0xC6, 0xFD, 0x21, 0x17, 0x9A, 0xBB, 0xD5, 0xBB, 0xFF, 0x2A, 0xFB, 0xCE, 0x74, 0x22, 0x72,
    0xDE, 0x11, 0xD5, 0x8F, 0xF4, 0x0D, 0x39, 0x26, 0xD2, 0x47, 0x52, 0x5E, 0xDB, 0x38, 0xB1, 0x51,
    0xF5, 0xFB, 0x4C, 0x0E, 0x89, 0x74, 0xAF, 0x6D, 0x5C, 0x48, 0x2F, 0xE5, 0xB8, 0xA3, 0x93, 0xA8,
    0x65, 0x76, 0xC0, 0x07, 0x2E, 0x32, 0xDF, 0x8C, 0xE3, 0x4A, 0x11, 0x80, 0xE5, 0xB9, 0x40, 0xF7,
    0x95, 0xE1, 0xB9, 0xDD, 0x7E, 0xC2, 0xF3, 0xE4, 0x74, 0x03, 0x80, 0x0F, 0xA3, 0xB0, 0x8A, 0x1E,
    0x70, 0xEF, 0xF3, 0xBA, 0xE9, 0x36, 0xF9, 0x72, 0x66, 0xA7, 0xB1, 0x21, 0x0C, 0x93, 0x6F, 0x0B,
    0xF8, 0xE5, 0x08, 0xA1, 0x2B, 0x38, 0x4C, 0xE6, 0x80, 0x32, 0x47, 0xA6, 0xF9, 0xC2, 0x4D, 0x76,
    0xA9, 0x79, 0xC2, 0x2E, 0xBF, 0x0B, 0xFC, 0xE8, 0x2B, 0x27, 0x92, 0xAF, 0xB3, 0xAE, 0xE1, 0xB0,
    0xA2, 0xDB, 0x74, 0xF8, 0x4E, 0x07, 0x3C, 0xCA, 0xC4, 0x3D, 0x91, 0xD0, 0x49, 0xC8, 0xB0, 0xA9,
    0xD8, 0x1B, 0x22, 0x4E, 0x34, 0x13, 0x3C, 0x6E, 0xF3, 0x6B, 0x02, 0x07, 0x21, 0x94, 0x13, 0x58,
    0xC2, 0xC9, 0xE4, 0xE0, 0x57, 0x38, 0xC8, 0x44, 0x00, 0x9E, 0x10, 0x50, 0x08, 0x3E, 0xF6, 0xA5,
    0xFD, 0x14, 0x99, 0xAD, 0xC8, 0x38, 0x37, 0xB2, 0xB1, 0x1D, 0x6F, 0x44, 0x27, 0x33, 0xBC, 0x93,
    0x8D, 0xF1, 0x71, 0xC0, 0xE7, 0x56, 0xD8, 0x47, 0x88, 0x3E, 0xC2, 0x45, 0x7D, 0x24, 0xE8, 0xB9,
    0xE7, 0xDF, 0x00, 0x95, 0x53, 0x0D, 0xD5, 0xA5, 0x95, 0xCF, 0x83, 0x1C, 0x78, 0x4E, 0xCB, 0x60,
    0x1F, 0xE8, 0x19, 0xA9, 0x9C, 0xB4, 0xA1, 0x5F, 0x2C, 0x45, 0x86, 0x04, 0xCF, 0x30, 0xFE, 0x18,
    0x6E, 0xBE, 0x7B, 0x9E, 0x25, 0xF7, 0x08, 0x84, 0x27, 0x54, 0x4E, 0x35, 0x54, 0x57, 0xAD, 0xA8,
    0x3D, 0xB5, 0x8C, 0x81, 0x7D, 0x00, 0x76, 0x7D, 0x03, 0xC6, 0xA3, 0x40, 0xE4, 0x9B, 0xD5, 0x88,
    0xC8, 0x4A, 0x2B, 0xEB, 0x98, 0xE0, 0x57, 0xE6, 0xE5, 0xD5, 0xCD, 0x18, 0xD6, 0x30, 0xE9, 0x63,
    0xEF, 0x02, 0xB9, 0x47, 0x20, 0x3C, 0x5B, 0x29, 0x97, 0xA8, 0x91, 0x38, 0x96, 0x44, 0x2B, 0xC9,
    0x88, 0xFC, 0x3A, 0x41, 0xE4, 0xEB, 0x54, 0xFA, 0xC0, 0x6D, 0xD2, 0x41, 0xAE, 0xC7, 0xB1, 0x7B,
    0x23, 0xB8, 0xFE, 0x3A, 0xB1, 0xD1, 0xA9, 0x29, 0xC6, 0x7A, 0xF8, 0xE5, 0x2F, 0xFF, 0xE9, 0xD1,
    0xFF, 0x1D, 0xAF, 0x98, 0xB4, 0xEE, 0xED, 0x4F, 0x60, 0x33, 0x64, 0x7E, 0xF2, 0xEC, 0x1B, 0x43,
    0x66, 0x32, 0x95, 0xBD, 0xC9, 0x78, 0x52, 0x82, 0xE4, 0x52, 0xFE, 0xEA, 0xFC, 0x07, 0x5E, 0xBE,
    0x4B, 0xD1, 0x19, 0x34, 0x22, 0xFF, 0xB6, 0x74, 0xFA, 0x1D, 0x68, 0x6F, 0x65, 0x19, 0x17, 0xF8,
    0x85, 0x73, 0x5E, 0xFC, 0x84, 0x61, 0xA1, 0x33, 0x2A, 0xE4, 0xC2, 0xA3, 0x7B, 0x74, 0x50, 0x15,
    0x1E, 0x12, 0x64, 0xE1, 0x53, 0xE5, 0xC5, 0x88, 0x7C, 0xBB, 0x40, 0xE4, 0x4F, 0x16, 0xF4, 0xDF,
    0x71, 0xDF, 0xA2, 0x22, 0xF6, 0x2B, 0x1C, 0x3F, 0x3E, 0x64, 0xAA, 0x53, 0x13, 0x4E, 0x6D, 0x60,
    0x70, 0x02, 0xAF, 0x3E, 0x3B, 0x99, 0xBD, 0x93, 0xE4, 0x45, 0xB2, 0xDF, 0xCC, 0xE1, 0x23, 0xA4,
    0x9C, 0xC1, 0x4F, 0xF0, 0x1E, 0x7A, 0xBA, 0x77, 0x39, 0xDB, 0x8D, 0x0F, 0x1D, 0x4C, 0x6E, 0x56,
    0xE8, 0xE1, 0xB2, 0xCB, 0x3F, 0xC9, 0xED, 0x1B, 0x5E, 0xE8, 0x17, 0xAE, 0xCC, 0x58, 0xFF, 0x90,
    0x9B, 0x71, 0x1D, 0x8C, 0xB4, 0xF7, 0x2F, 0x0B, 0xC6, 0xE8, 0xA5, 0x14, 0xF8, 0x5D, 0x27, 0xFB,
    0x76, 0x30, 0xB9, 0xC0, 0xD6, 0x8D, 0x55, 0x20, 0x80, 0x37, 0xB9, 0xA0, 0xDF, 0x0A, 0x86, 0xA5,
    0xC0, 0xCF, 0x05, 0x12, 0x89, 0x85, 0x48, 0x05, 0x5F, 0x53, 0xA4, 0x3D, 0xA1, 0x1A, 0x97, 0x6E,
    0xDD, 0x62, 0xDB, 0x65, 0x14, 0x82, 0xF0, 0x4E, 0x2F, 0x0F, 0x9F, 0x5D, 0xB6, 0x19, 0x9D, 0x4C,
    0xFD, 0xC9, 0x5C, 0xB0, 0x06, 0x4E, 0x48, 0xFE, 0x47, 0x24, 0xF1, 0xBB, 0x6E, 0xB2, 0x9B, 0x8F,
    0xAD, 0x44, 0x93, 0xB9, 0x70, 0x53, 0x9B, 0xB5, 0x93, 0xA6, 0x56, 0x60, 0x75, 0x7E, 0xE8, 0x8A,
    0xB9, 0xE8, 0xF9, 0x07, 0x8C, 0x18, 0xF4, 0xF7, 0x7F, 0xB8, 0xE4, 0x56, 0x26, 0xFA, 0xAD, 0xFE,
    0x39, 0xAA, 0x0F, 0x70, 0xEB, 0x0E, 0x07, 0xBA, 0x24, 0xF7, 0x08, 0x84, 0xB6, 0xAA, 0x9C, 0x6A,
    0x14, 0x5D, 0x17, 0xD5, 0x8A, 0xDA, 0x53, 0xCB, 0x75, 0x87, 0x77, 0x05, 0x9F, 0x31, 0x9D, 0x7E,
    0xFE, 0xA1, 0x12, 0xB5, 0x8F, 0xD5, 0x4A, 0xA0, 0x3D, 0x5A, 0xE6, 0x76, 0x7A, 0x75, 0x6C, 0xD5,
    0x8C, 0xC6, 0xE4, 0xB6, 0x82, 0x79, 0x6E, 0x85, 0x26, 0x4E, 0x68, 0xE6, 0x84, 0xA6, 0x4E, 0x68,
    0xEE, 0x84, 0xA6, 0x47, 0x04, 0x90, 0xF2, 0x12, 0x83, 0x92, 0x32, 0x97, 0x3C, 0x75, 0x2F, 0x3B,
    0x6A, 0x93, 0xF6, 0x0B, 0x35, 0x45, 0xA3, 0x66, 0x6B, 0x00, 0x37, 0x26, 0xB2, 0xDF, 0x49, 0x23,
    0xAC, 0x1A, 0x25, 0xFC, 0x86, 0x26, 0x7F, 0x66, 0xF3, 0xE7, 0x2E, 0x7B, 0xF9, 0xAA, 0x5C, 0xF9,
    0x05, 0x3E, 0xC2, 0x73, 0x4A, 0x6F, 0x2E, 0xF0, 0x07, 0x3A, 0x91, 0x38, 0x88, 0x24, 0x17, 0xFB,
    0xEC, 0xD1, 0x6E, 0xBC, 0xED, 0x78, 0x2E, 0xC0, 0x28, 0x33, 0xAC, 0x9C, 0x68, 0x38, 0xB0, 0x5E,
    0x36, 0x4D, 0xB9, 0xF5, 0x9F, 0xC4, 0xF3, 0x8F, 0xCA, 0x29, 0xC0, 0xE1, 0x96, 0x2E, 0x53, 0xBF,
    0x13, 0x59, 0x68, 0x0F, 0xF9, 0xAE, 0x78, 0xC9, 0xA5, 0xFC, 0xE4, 0xFC, 0x47, 0x64, 0xBC, 0xB9,
    0x70, 0xF1, 0x35, 0xA9, 0x8F, 0x1A, 0xBB, 0xEF, 0x73, 0x3A, 0xFE, 0xB6, 0x9C, 0xCD, 0xE9, 0xD6,
    0xE1, 0x1C, 0x44, 0x5E, 0xF4, 0x92, 0x3F, 0x6D, 0x44, 0x57, 0xC0, 0x45, 0x37, 0xC1, 0xCD, 0xBA,
    0xCF, 0xC7, 0x08, 0x61, 0xBE, 0x39, 0x60, 0x53, 0x93, 0xD1, 0x25, 0x93, 0x61, 0x36, 0xB3, 0xC1,
    0xE4, 0x2E, 0xA1, 0xC9, 0xF4, 0xF8, 0x51, 0xDA, 0x71, 0x0E, 0xCC, 0x1A, 0x6E, 0xD6, 0xD8, 0x2F,
    0x90, 0x82, 0xE1, 0xBC, 0xFE, 0x68, 0xEA, 0x09, 0xB3, 0xD7, 0x24, 0xA4, 0x3F, 0xE9, 0xBA, 0xCC,
    0x7E, 0xA2, 0xFE, 0x46, 0x1F, 0xA3, 0x3D, 0xE0, 0x60, 0xA3, 0x15, 0x04, 0xD8, 0x65, 0xF0, 0x38,
    0x61, 0xD3, 0x38, 0xE2, 0x40, 0x97, 0x9C, 0x9D, 0x33, 0x4C, 0xFA, 0xD4, 0xFE, 0x2B, 0xBB, 0x7E,
    0x6E, 0xBF, 0xDE, 0xD1, 0xE6, 0x7F, 0xE9, 0xBE, 0x66, 0xF7, 0xD9, 0xFC, 0x67, 0x02, 0xF2, 0x6E,
    0x7E, 0x28, 0x95, 0x6C, 0x46, 0xB3, 0x56, 0x6A, 0x24, 0x02, 0x2E, 0x41, 0xAB, 0x15, 0x32, 0x83,
    0xF3, 0x08, 0x1C, 0x11, 0xE7, 0x04, 0x17, 0xEB, 0x6F, 0xBF, 0x30, 0xF5, 0x09, 0x02, 0x93, 0x99,
    0x05, 0x4F, 0x66, 0xC1, 0xF0, 0x97, 0x2B, 0xE0, 0xA8, 0x67, 0x05, 0x40, 0x77, 0xFD, 0x79, 0xA6,
    0x97, 0xBA, 0xCE, 0xB5, 0x55, 0x6C, 0x42, 0x7B, 0x74, 0x3B, 0xBA, 0xBD, 0xA5, 0x6B, 0x20, 0xD5,
    0xA8, 0x9F, 0xEB, 0x5F, 0xA9, 0x6E, 0x72, 0x13, 0x02, 0xEF, 0x09, 0xBB, 0x2E, 0x22, 0x4B, 0x9B,
    0x8B, 0x9C, 0xA1, 0x0B, 0xE9, 0xBD, 0xAD, 0x4B, 0x30, 0xD9, 0xAA, 0x0B, 0x17, 0xE0, 0xA0, 0xF7,
    0xC2, 0xA8, 0x2E, 0x9C, 0x00, 0x17, 0xB4, 0x37, 0xF6, 0x7B, 0xDC, 0xBB, 0x70, 0x23, 0x12, 0x2F,
    0x09, 0xE6, 0xEC, 0x41, 0x22, 0x81, 0x82, 0xBD, 0xE0, 0xFE, 0x1B, 0x26, 0xE7, 0x34, 0xAC, 0x3A,
    0x63, 0x08, 0xA7, 0xF2, 0xF2, 0xAD, 0x03, 0xE8, 0x76, 0xDD, 0x3A, 0x7A, 0x2B, 0x88, 0xE4, 0xEB,
    0x64, 0x18, 0xFB, 0x0C, 0xD9, 0x71, 0xBC, 0x2E, 0x1C, 0x19, 0x17, 0x19, 0x41, 0xFD, 0x2D, 0x89,
    0xDB, 0xAF, 0x7D, 0x73, 0xF8, 0xEE, 0xF0, 0xB4, 0xFF, 0x07, 0xEE, 0x6D, 0x0E, 0x59, 0x20, 0x1B,
    0xE3, 0xBD, 0x7D, 0xCD, 0x57, 0x92, 0x5A, 0x44, 0x37, 0xBB, 0xDD, 0xE1, 0x76, 0xC8, 0xCC, 0xAE,
    0x5E, 0xA9, 0x42, 0x6B, 0x21, 0xD3, 0x32, 0xC3, 0xE6, 0x63, 0x34, 0x4B, 0x27, 0x4B, 0x9B, 0x06,
    0x39, 0xBB, 0xDB, 0x63, 0xB8, 0x46, 0x24, 0x3E, 0x47, 0x2F, 0xF8, 0x1D, 0x00, 0xF8, 0x5F, 0xDD,
    0x9A, 0x47, 0xB4, 0xE5, 0xB8, 0x56, 0xF7, 0x7F, 0xB6, 0xDE, 0x57, 0x7E, 0x5F, 0x9B, 0x85, 0xC8,
    0x19, 0x4C, 0xCE, 0x60, 0x72, 0xE6, 0xCA, 0xE4, 0x21, 0x39, 0xE7, 0x0C, 0x13, 0x72, 0x86, 0x6A,
    0xBB, 0xDF, 0x9B, 0x91, 0x47, 0x4C, 0xC9, 0x39, 0xCE, 0x48, 0xD5, 0x65, 0x91, 0x87, 0x98, 0x34,
    0x37, 0x39, 0x53, 0xEA, 0xB7, 0xBC, 0x56, 0xFB, 0xBD, 0x92, 0xBD, 0x39, 0x5B, 0x3A, 0xE7, 0xDE,
    0x7B, 0x3A, 0x77, 0xF3, 0x6A, 0x55, 0x90, 0xED, 0xDF, 0xB6, 0x2D, 0x69, 0xEF, 0xFF, 0x56, 0x49,
    0xAB, 0xAE, 0xED, 0x63, 0xBD, 0x9B, 0x5D, 0x70, 0xB3, 0x1D, 0x48, 0xC5, 0x76, 0x76, 0x48, 0x9B,
    0xBF, 0xDA, 0x9A, 0x67, 0x6D, 0xA4, 0x52, 0x84, 0x4B, 0x48, 0x07, 0x8D, 0x04, 0x10, 0x89, 0x18,
    0x79, 0x9D, 0x60, 0x9F, 0x0A, 0x23, 0xCD, 0x1F, 0x85, 0x37, 0xC3, 0x3D, 0x11, 0xC0, 0x69, 0xBB,
    0xF1, 0x12, 0x92, 0x70, 0x7E, 0x2F, 0xB7, 0xD3, 0x1E, 0xCD, 0x53, 0xA1, 0xC7, 0xEE, 0x07, 0x2F,
    0x46, 0xFD, 0x21, 0x12, 0xD4, 0x7D, 0x77, 0x16, 0x52, 0x51, 0xCA, 0x02, 0x4E, 0x04, 0x44, 0xC4,
    0x9B, 0x9D, 0x36, 0x98, 0x95, 0x6A, 0xA9, 0x03, 0x46, 0x01, 0x09, 0x95, 0xC2, 0xAC, 0x40, 0x19,
    0x01, 0x36, 0x52, 0xAF, 0x2D, 0x03, 0xE7, 0x81, 0x56, 0xD1, 0x28, 0xEC, 0xE5, 0x59, 0xAB, 0x70,
    0x1D, 0x30, 0x02, 0x45, 0x04, 0x2A, 0x59, 0xF9, 0x2E, 0x27, 0x22, 0xB1, 0x55, 0xD8, 0xEE, 0x86,
    0xCC, 0xAF, 0x06, 0xDE, 0xF5, 0xC2, 0xC8, 0xB0, 0x36, 0x22, 0x77, 0x43, 0x75, 0xD4, 0x22, 0x43,
    0x15, 0x68, 0xBC, 0x9D, 0xB0, 0xC1, 0x7A, 0x4C, 0x68, 0x2E, 0x61, 0x13, 0xB4, 0x22, 0x35, 0x49,
    0x8D, 0x53, 0xB7, 0xE4, 0x20, 0xB9, 0x4A, 0x4E, 0x05, 0x70, 0x93, 0xEA, 0x73, 0xBE, 0x9D, 0x40,
    0xB0, 0x81, 0x62, 0xA7, 0x5E, 0x31, 0x51, 0xF7, 0x7A, 0xD1, 0x4B, 0x1B, 0x40, 0xD0, 0x06, 0xCE,
    0x6B, 0xE3, 0x76, 0x12, 0xC0, 0x3E, 0xB5, 0x03, 0xD5, 0xD3, 0x11, 0x30, 0xB2, 0x00, 0x85, 0x04,
    0x00, 0xF1, 0x7A, 0x43, 0x24, 0x50, 0x26, 0x82, 0x1B, 0xB8, 0xE2, 0x0B, 0xD6, 0x2A, 0xDF, 0xDF,
    0x9D, 0x95, 0xB7, 0x26, 0x17, 0x77, 0x5E, 0xB0, 0xD2, 0x81, 0x48, 0x50, 0x6F, 0xAA, 0xB4, 0x10,
    0xEC, 0xCC, 0x88, 0x9D, 0xF8, 0x18, 0x3D, 0x03, 0xBB, 0x00, 0x66, 0x4F, 0xCA, 0x66, 0x28, 0x65,
    0x03, 0x2B, 0x32, 0xE1, 0xBC, 0xAC, 0xDA, 0x52, 0xD8, 0x29, 0xC4, 0x6F, 0xE0, 0x34, 0x25, 0x3B,
    0x8F, 0x03, 0x75, 0x70, 0x01, 0x3B, 0xDB, 0x1D, 0x3B, 0x19, 0x99, 0x7B, 0x4F, 0x2F, 0x02, 0xB5,
    0xAC, 0xC0, 0x18, 0x00, 0x1B, 0x81, 0x72, 0x07, 0x10, 0x6E, 0x78, 0x46, 0x9A, 0x09, 0xC1, 0x2E,
    0xE5, 0x46, 0xA5, 0x5A, 0x8A, 0xE3, 0x84, 0x82, 0x0B, 0x7E, 0x68, 0x44, 0x46, 0xE4, 0x70, 0x02,
    0xB5, 0xAA, 0x00, 0x11, 0x41, 0x2F, 0x7E, 0x4D, 0x66, 0x0D, 0x4C, 0x1D, 0x41, 0x00, 0xA1, 0x5C,
    0xD3, 0x10, 0x98, 0x50, 0x4A, 0x5A, 0x21, 0x8D, 0x2C, 0x66, 0xB6, 0x83, 0xFB, 0xCF, 0x58, 0x86,
    0x96, 0x9D, 0xDF, 0x63, 0x71, 0x44, 0x20, 0x5E, 0x14, 0x6A, 0x6E, 0x7D, 0x62, 0xB9, 0x26, 0x63,
    0xD6, 0x6B, 0x57, 0xC7, 0xBA, 0x63, 0x4B, 0xED, 0xF7, 0x7D, 0x2C, 0xEA, 0x65, 0x2B, 0x43, 0xF6,
    0x19, 0x0E, 0x9B, 0x46, 0x38, 0xC6, 0xCB, 0xD1, 0x2F, 0xB5, 0x58, 0xF9, 0x29, 0x55, 0x56, 0x64,
    0x9D, 0xD4, 0xF9, 0xA2, 0xB3, 0x32, 0xDB, 0xD7, 0x06, 0x58, 0xF8, 0xD6, 0xB5, 0x96, 0xB5, 0xFD,
    0xA7, 0xD5, 0x15, 0xAB, 0x33, 0xB1, 0x95, 0x58, 0x6F, 0xB7, 0xB0, 0xC1, 0x06, 0x5A, 0x9D, 0x4C,
    0xFD, 0x30, 0x76, 0x08, 0x82, 0x89, 0x26, 0xEA, 0x6A, 0x59, 0xB0, 0xA1, 0x99, 0xD3, 0xE4, 0x49,
    0xC8, 0x6D, 0xAB, 0xB5, 0x5A, 0x28, 0x37, 0x13, 0x41, 0x52, 0x74, 0xDF, 0x0F, 0x34, 0x53, 0x3B,
    0xA5, 0x6A, 0x27, 0x22, 0xBB, 0x42, 0x12, 0x00, 0xC6, 0x97, 0x88, 0x6F, 0x7E, 0x9E, 0x91, 0x9E,
    0xA9, 0x57, 0x10, 0x60, 0xCF, 0x0B, 0xD5, 0x75, 0x26, 0x38, 0x99, 0x74, 0xA4, 0x9D, 0xAC, 0x69,
    0xA4, 0xBF, 0x70, 0x33, 0xA1, 0xC1, 0x71, 0x9B, 0xC5, 0xE1, 0xE8, 0x89, 0x17, 0xE9, 0x4A, 0xCD,
    0x8D, 0x78, 0x18, 0x62, 0x9C, 0xAC, 0xD9, 0x78, 0x6E, 0x5D, 0xE0, 0x9A, 0x83, 0x71, 0x38, 0x1B,
    0x88, 0x2D, 0xCE, 0x2C, 0x2C, 0xB6, 0x73, 0x45, 0xD4, 0x91, 0x76, 0x8C, 0x26, 0x54, 0xE1, 0xAD,
    0x79, 0x6B, 0xEB, 0xCD, 0x0A, 0xB4, 0x2F, 0x65, 0xA4, 0x9F, 0x91, 0x78, 0x29, 0x58, 0xF1, 0xEE,
    0x4E, 0xB8, 0x28, 0x96, 0x1F, 0x62, 0xBD, 0x45, 0xBC, 0xC9, 0xEA, 0x3E, 0x23, 0x34, 0x32, 0x57,
    0xD2, 0xF1, 0x56, 0xC0, 0xC6, 0xF3, 0x43, 0x7D, 0xC4, 0x2B, 0xBC, 0x40, 0xE3, 0x6F, 0x52, 0xF0,
    0xEC, 0x1E, 0x32, 0x54, 0x12, 0xEC, 0x1F, 0xC7, 0x86, 0x48, 0xDE, 0xCB, 0x85, 0x2A, 0x60, 0x3D,
    0x3D, 0x45, 0xD4, 0xD3, 0xD6, 0xE3, 0x64, 0x3B, 0xEC, 0x85, 0x0C, 0x56, 0x42, 0xFB, 0x9A, 0x53,
    0xE3, 0x72, 0xA5, 0x9F, 0xE9, 0x03, 0x37, 0x22, 0x3C, 0x09, 0x37, 0x5B, 0x6E, 0xB9, 0x27, 0xA2,
    0x95, 0xA5, 0x94, 0x01, 0xE7, 0x11, 0xCA, 0xE4, 0xA1, 0xF1, 0x3C, 0x0E, 0xF4, 0x22, 0xDE, 0xC8,
    0x01, 0x56, 0xFE, 0x43, 0x86, 0x56, 0xFC, 0x6D, 0x9C, 0x62, 0x54, 0x48, 0xC6, 0xE9, 0xD2, 0x5D,
    0xC2, 0x2A, 0x8C, 0x82, 0x51, 0x61, 0xEF, 0x01, 0x1C, 0xE2, 0x75, 0x73, 0x18, 0x5F, 0xF9, 0x3A,
    0xE2, 0x74, 0xEB, 0x65, 0x8C, 0x7D, 0x60, 0xAD, 0xA2, 0x3B, 0x6C, 0x3C, 0xD7, 0xF6, 0x59, 0x85,
    0x0C, 0xB5, 0x84, 0xE6, 0x8F, 0x57, 0x47, 0x74, 0x3A, 0x65, 0x6E, 0x1E, 0xE8, 0x88, 0x87, 0x3B,
    0xB5, 0x84, 0x43, 0x2D, 0x9C, 0x2D, 0x8A, 0x7A, 0xA1, 0x8C, 0x57, 0x8B, 0x62, 0xE8, 0x07, 0xDA,
    0xE9, 0x54, 0x9D, 0xE0, 0xFC, 0xD5, 0x22, 0xDB, 0xF3, 0x22, 0xAB, 0x17, 0x1B, 0xAE, 0x2D, 0x32,
    0x22, 0x30, 0x52, 0x45, 0x28, 0x22, 0x2E, 0x82, 0x59, 0x93, 0xB1, 0x21, 0xD5, 0x35, 0x3E, 0x19,
    0xD7, 0x25, 0x23, 0xA8, 0x29, 0x63, 0x32, 0x66, 0x49, 0xC6, 0xCE, 0xC9, 0xB4, 0x3E, 0x99, 0x1E,
    0xEB, 0x89, 0xEC, 0x7A, 0xAD, 0xE1, 0x7A, 0x0F, 0x55, 0x40, 0x3C, 0xD8, 0xC9, 0xDC, 0xF5, 0x9A,
    0x81, 0xFD, 0x0B, 0x0F, 0x23, 0x6D, 0xE5, 0x61, 0xE3, 0x66, 0xE5, 0x35, 0xE6, 0xF6, 0x95, 0xFF,
    0x4C, 0x1D, 0xD2, 0xFC, 0x6E, 0x7C, 0x32, 0x6E, 0x80, 0xCA, 0x23, 0xA8, 0x29, 0x62, 0x32, 0x6F,
    0x7C, 0xB9, 0xE3, 0xA4, 0x72, 0x8D, 0x44, 0x95, 0x6B, 0xA7, 0xC8, 0xE7, 0x55, 0xA1, 0x1E, 0x1E,
    0x57, 0xB9, 0x70, 0x13, 0x5C, 0xF6, 0x38, 0x42, 0xB9, 0xC2, 0x96, 0xB2, 0x31, 0x6B, 0x8A, 0x54,
    0x87, 0x74, 0xBF, 0x49, 0xFA, 0x55, 0xAE, 0x76, 0x11, 0x68, 0x45, 0x8A, 0x98, 0x8D, 0x0C, 0x68,
    0xB1, 0x12, 0x92, 0xC4, 0xF6, 0x89, 0xAC, 0xB1, 0x39, 0x89, 0xCC, 0x2A, 0x93, 0xEF, 0x24, 0xB3,
    0x9F, 0xB3, 0xCE, 0x3E, 0x64, 0xA1, 0xE5, 0x51, 0x29, 0x4F, 0xD2, 0x03, 0xAA, 0x68, 0x07, 0x1C,
    0xB7, 0xCC, 0x41, 0x29, 0x87, 0xF5, 0x53, 0x05, 0xA2, 0xFA, 0xB7, 0x93, 0x89, 0x14, 0x32, 0x38,
    0x9D, 0x72, 0xC0, 0x48, 0x93, 0xEC, 0xC6, 0xC5, 0x2D, 0x50, 0x85, 0x51, 0x6D, 0x1D, 0xCA, 0xA0,
    0xB6, 0xF1, 0xD5, 0xA4, 0xD6, 0x0D, 0xF6, 0xEF, 0xF6, 0x0E, 0x44, 0xE5, 0xCE, 0x14, 0x31, 0xD9,
    0x2C, 0xE2, 0x56, 0xD2, 0x9C, 0x6C, 0xEB, 0xD5, 0x26, 0x1D, 0x50, 0x24, 0xC5, 0xD2, 0xA5, 0xB3,
    0xA4, 0xE9, 0xAC, 0xBC, 0x95, 0x62, 0x3F, 0x43, 0xCA, 0xAD, 0x56, 0xB8, 0xA0, 0xBD, 0x3C, 0x54,
    0x1B, 0xD9, 0x7D, 0xF6, 0xED, 0x06, 0x05, 0x40, 0x0F, 0xEF, 0x82, 0xEB, 0x8E, 0x73, 0xB7, 0x6B,
    0x43, 0x29, 0xD8, 0xFC, 0xC7, 0x9C, 0x04, 0x68, 0x05, 0x28, 0x3A, 0x80, 0x2A, 0x28, 0x4D, 0xE4,
    0xA4, 0x29, 0xF9, 0x7A, 0xCE, 0xD2, 0x06, 0xA5, 0x5B, 0x12, 0xF3, 0xF8, 0x24, 0xEE, 0x3B, 0x50,
    0x44, 0x49, 0x7E, 0x7A, 0xE5, 0xAA, 0x4A, 0xEA, 0xE0, 0xBC, 0xAA, 0x6B, 0x26, 0xB0, 0x93, 0x0D,
    0xEA, 0xB8, 0x0E, 0xE0, 0x7C, 0xB5, 0x42, 0xDF, 0x69, 0x4C, 0xA1, 0x4C, 0x64, 0xA7, 0xDC, 0x40,
    0x54, 0x9F, 0x48, 0x97, 0xE8, 0xEB, 0xC4, 0xD4, 0x71, 0x6E, 0x66, 0xB0, 0xC9, 0x61, 0x66, 0xB5,
    0x8E, 0xDD, 0x51, 0x76, 0x81, 0x96, 0xC6, 0x2B, 0x7B, 0x65, 0x4E, 0xA3, 0x5A, 0x1E, 0xA6, 0x2C,
    0xCA, 0xEE, 0x4A, 0x5B, 0xD2, 0x63, 0xA2, 0x56, 0x69, 0xDC, 0x87, 0x27, 0x8B, 0x62, 0x67, 0x86,
    0x5A, 0xFE, 0x33, 0x80, 0xBD, 0x23, 0x13, 0x34, 0x48, 0xF7, 0xF0, 0xE8, 0x37, 0xA1, 0xE9, 0xA0,
    0x5E, 0x52, 0x95, 0x52, 0xEF, 0x0C, 0x0F, 0x8F, 0x7E, 0xB4, 0x06, 0xFA, 0xA8, 0xDC, 0x6E, 0x03,
    0x45, 0x68, 0x2F, 0xC9, 0xFA, 0x78, 0xD6, 0x79, 0x4D, 0xF9, 0x7A, 0x75, 0x47, 0x36, 0xE5, 0x26,
    0x40, 0x79, 0x52, 0xDE, 0x41, 0x75, 0x52, 0xAE, 0x9C, 0xED, 0x0C, 0x8D, 0xB7, 0x59, 0xB9, 0xB2,
    0x33, 0x2B, 0x8C, 0x47, 0xE5, 0xC5, 0x06, 0x49, 0x79, 0x29, 0x22, 0x27, 0xFD, 0xD5, 0x95, 0xF2,
    0x44, 0x3B, 0x37, 0xD3, 0x49, 0x79, 0x9D, 0x68, 0x2E, 0xF5, 0x63, 0x53, 0x47, 0x70, 0x47, 0xDB,
    0x1F, 0x6D, 0x02, 0x94, 0x49, 0x9E, 0xB6, 0xCD, 0xB6, 0x0E, 0xD9, 0xDA, 0xA3, 0x75, 0x3E, 0xDB,
    0x7E, 0xC8, 0x56, 0x48, 0xB6, 0xD8, 0x11, 0x91, 0x41, 0x43, 0x24, 0x5B, 0xAF, 0xD9, 0xDA, 0x90,
    0xEB, 0xDD, 0x94, 0x6D, 0xEF, 0xB3, 0x3D, 0x06, 0x2D, 0x8E, 0xD6, 0x64, 0xAB, 0xDD, 0x90, 0x14,
    0x2D, 0x5B, 0x37, 0xE5, 0xA6, 0xCE, 0x67, 0x2B, 0x40, 0x36, 0xFD, 0x0E, 0xD4, 0x22, 0x21, 0x65,
    0xB2, 0x41, 0xFA, 0xEB, 0xD1, 0x88, 0x86, 0xA8, 0xD3, 0xBF, 0x53, 0x1A, 0x89, 0xAE, 0x99, 0xB3,
    0xEA, 0x6B, 0x1C, 0x94, 0x7D, 0x66, 0xF7, 0x2C, 0x9E, 0x3D, 0xD8, 0x5D, 0xB1, 0x9D, 0x39, 0xEA,
    0xAA, 0x07, 0xF5, 0x6F, 0x43, 0x8E, 0x95, 0xE3, 0xD2, 0x27, 0x0D, 0x36, 0xE9, 0x61, 0xDC, 0x41,
    0x63, 0x2B, 0x9B, 0x55, 0xF9, 0xD8, 0xA6, 0x7C, 0xB3, 0x9B, 0x57, 0x73, 0xE7, 0x1D, 0x7E, 0x52,
    0x6F, 0x00, 0xDC, 0x56, 0x8C, 0x1D, 0xD0, 0x4E, 0x80, 0x59, 0x78, 0x66, 0x71, 0x22, 0x12, 0xAE,
    0x90, 0xC4, 0xBD, 0x14, 0x88, 0x2C, 0xD7, 0xF0, 0xD2, 0xBB, 0x9D, 0x45, 0x03, 0x3E, 0x0B, 0x28,
    0x57, 0xA0, 0x5E, 0x4E, 0x23, 0x31, 0x3E, 0x68, 0x22, 0xBF, 0xEE, 0xF4, 0x60, 0x6C, 0xC5, 0x83,
    0xFB, 0x89, 0x00, 0xBB, 0x89, 0x0F, 0x96, 0xC8, 0x9B, 0x65, 0x00, 0x51, 0x55, 0x09, 0x8F, 0x97,
    0xCB, 0x03, 0xA5, 0xEF, 0xCD, 0x60, 0x4B, 0x33, 0xB1, 0x9D, 0xCE, 0xFE, 0x6B, 0x17, 0x89, 0x69,
    0x5F, 0xCB, 0xC8, 0x2B, 0xDB, 0x45, 0xD6, 0xEC, 0x04, 0x3E, 0x0B, 0xB3, 0x60, 0x17, 0x8D, 0x31,
    0xDE, 0x9B, 0x10, 0x6F, 0x0F, 0xC8, 0x80, 0x91, 0x80, 0xFD, 0xC7, 0x48, 0xDF, 0xC9, 0x33, 0x87,
    0xF8, 0x78, 0xEC, 0x30, 0xF2, 0x46, 0x3B, 0xD4, 0xDF, 0xC9, 0x77, 0xD3, 0xDD, 0x72, 0x7F, 0x24,
    0x87, 0xBD, 0xE9, 0xE2, 0xF5, 0xC0, 0x69, 0xDF, 0x19, 0x79, 0x45, 0xBB, 0x86, 0xC8, 0x4E, 0x2A,
    0x91, 0xD7, 0xC3, 0x81, 0x32, 0x27, 0x6E, 0x54, 0x81, 0xAF, 0x94, 0xEE, 0x40, 0xC4, 0x2B, 0xDB,
    0xA0, 0xB4, 0x8B, 0xB2, 0x5A, 0x95, 0x26, 0x66, 0x8A, 0xC8, 0x54, 0x9E, 0x51, 0xEF, 0x67, 0x9A,
    0x67, 0xB1, 0x5E, 0x94, 0x36, 0x28, 0xDD, 0x9C, 0xFD, 0xA7, 0x58, 0x29, 0x6E, 0x3C, 0x69, 0x50,
    0x3D, 0x1A, 0xC8, 0x78, 0xB0, 0x72, 0xC7, 0x83, 0xFB, 0x6D, 0x19, 0xE0, 0xA2, 0xDC, 0x79, 0x8E,
    0xE2, 0x56, 0x68, 0xBD, 0x8B, 0x89, 0x7B, 0xA2, 0x64, 0x0E, 0xCA, 0xD1, 0x2B, 0x7F, 0x22, 0x28,
    0x7F, 0x24, 0xF1, 0xB5, 0x51, 0xF9, 0x9A, 0x4D, 0x39, 0x48, 0x62, 0xDF, 0x29, 0x9D, 0x57, 0x36,
    0x93, 0xD2, 0x06, 0x65, 0xB5, 0x2A, 0x4D, 0x54, 0xB2, 0x27, 0x4A, 0xA2, 0xBB, 0xA3, 0x6C, 0x45,
    0x69, 0x13, 0xEB, 0x44, 0x93, 0x58, 0x8A, 0xA7, 0x08, 0x5C, 0xFD, 0xA5, 0x0E, 0x92, 0x88, 0xF3,
    0xC9, 0xDC, 0xF8, 0x49, 0x9E, 0x5D, 0xFA, 0xBD, 0x03, 0x6A, 0x91, 0xE5, 0xB8, 0x9C, 0x00, 0x59,
    0x2A, 0xF1, 0x18, 0x81, 0x7E, 0x26, 0xFF, 0x57, 0xA1, 0x3B, 0x55, 0xA4, 0x99, 0xD5, 0x7B, 0xF2,
    0x58, 0xEC, 0xC9, 0x20, 0xB8, 0x21, 0x99, 0xFE, 0x68, 0x3A, 0x60, 0x7C, 0xA6, 0x19, 0xAE, 0xB7,
    0x3C, 0xF5, 0xCB, 0x5E, 0xB2, 0xCF, 0x53, 0x84, 0x1C, 0xEF, 0x14, 0x1D, 0xF9, 0x27, 0xD5, 0x92,
    0x94, 0x5D, 0xE9, 0xA4, 0x97, 0x2E, 0x27, 0x3A, 0x25, 0x63, 0xE7, 0xEB, 0x79, 0xEE, 0x89, 0xC5,
    0xCF, 0x3C, 0x6A, 0xD9, 0x56, 0x41, 0x49, 0xB3, 0x25, 0x33, 0x8E, 0x1D, 0x50, 0xC6, 0x66, 0x02,
    0x6E, 0xFC, 0x4C, 0xF9, 0x33, 0x8F, 0x58, 0xB6, 0xEF, 0xC7, 0xBB, 0x02, 0x85, 0xCC, 0x2B, 0x60,
    0x72, 0x5D, 0xFD, 0x57, 0x92, 0xB2, 0x1D, 0xFE, 0x1F, 0x8F, 0x58, 0xB6, 0xB9, 0x14, 0x4B, 0xED,
    0x51, 0x17, 0x36, 0x5C, 0x19, 0xBD, 0xF9, 0x48, 0x65, 0xFB, 0x4E, 0xF0, 0x11, 0x3D, 0x6C, 0xE2,
    0xCD, 0xEE, 0x82, 0x8D, 0x36, 0xBA, 0x60, 0x44, 0x3C, 0x22, 0xE0, 0x62, 0x3E, 0x44, 0x30, 0xBB,
    0x78, 0xBB, 0xA6, 0x2F, 0x55, 0x51, 0x06, 0x23, 0x8F, 0x43, 0x7C, 0x3B, 0xF8, 0x88, 0xEC, 0x26,
    0x3B, 0xFD, 0x84, 0x1C, 0x62, 0xCB, 0xC9, 0xAF, 0xD7, 0x93, 0x6F, 0x73, 0xF2, 0xFD, 0x42, 0x3B,
    0xC3, 0xDD, 0x94, 0xBC, 0x79, 0xDD, 0xA6, 0xC6, 0xFA, 0x5D, 0x53, 0x6A, 0x73, 0xF2, 0x37, 0x73,
    0xF2, 0x6B, 0x32, 0x26, 0xA4, 0xE4, 0xAD, 0x67, 0xC4, 0x0D, 0x6D, 0x4E, 0xF7, 0x66, 0x36, 0x8B,
    0x9A, 0xF6, 0x4F, 0x66, 0x4D, 0xDE, 0xDE, 0xF1, 0x29, 0x79, 0x49, 0xC9, 0x9B, 0xED, 0x7A, 0xF2,
    0x36, 0x27, 0xDF, 0x4A, 0x4A, 0xFE, 0x4D, 0x4F, 0xC9, 0x8F, 0x49, 0x75, 0x9E, 0xBA, 0xD6, 0x27,
    0x5E, 0x7B, 0xAF, 0xC2, 0xC8, 0x73, 0x15, 0xD7, 0x41, 0xEB, 0xEF, 0x09, 0x87, 0x13, 0x9D, 0x77,
    0xFE, 0x9C, 0xFD, 0xD0, 0x04, 0x90, 0xCE, 0xA6, 0x11, 0xAD, 0xA4, 0x6B, 0x37, 0x4A, 0x11, 0x59,
    0x61, 0x14, 0x99, 0xA0, 0x92, 0x0D, 0x2D, 0xAF, 0x4A, 0x74, 0x89, 0x72, 0x95, 0x8C, 0x9D, 0x1E,
    0xBE, 0x5C, 0x1E, 0x53, 0xD0, 0xFB, 0xD3, 0x37, 0x46, 0xEA, 0xA7, 0x36, 0xF2, 0x27, 0x90, 0x87,
    0x2D, 0x17, 0xEB, 0x2F, 0x80, 0x66, 0x96, 0xEE, 0x44, 0xEB, 0xDD, 0x43, 0x38, 0xBB, 0x5E, 0x9D,
    0xD8, 0x2B, 0x8A, 0x17, 0x9D, 0x5D, 0xCF, 0xF7, 0xE1, 0xB4, 0xBA, 0xFA, 0x70, 0x9A, 0x6F, 0x2A,
    0x9D, 0x7F, 0xCE, 0x0F, 0xA7, 0x77, 0xAF, 0x3E, 0x9C, 0x22, 0x41, 0x39, 0x9E, 0x3F, 0x77, 0xBF,
    0x6C, 0xBE, 0xE8, 0x13, 0x8F, 0x74, 0x8A, 0xC9, 0x0D, 0x8C, 0xE1, 0x00, 0x1B, 0x0F, 0x30, 0x97,
    0x28, 0xCF, 0x2F, 0xB5, 0xB6, 0x18, 0x43, 0xEA, 0xA1, 0xE8, 0x5E, 0xF8, 0x69, 0x89, 0x76, 0x87,
    0x52, 0x64, 0xA2, 0xD6, 0x76, 0x36, 0x98, 0x48, 0xEB, 0xD9, 0xB4, 0x76, 0xC7, 0x75, 0x7A, 0x46,
    0x11, 0x71, 0xD4, 0x07, 0x94, 0x12, 0x70, 0x46, 0xBC, 0x42, 0xEF, 0xBD, 0xA3, 0x74, 0x0E, 0x46,
    0xEF, 0xA0, 0x09, 0x0E, 0x6A, 0x85, 0x59, 0x14, 0xAB, 0x22, 0x9E, 0xCE, 0x12, 0x6C, 0x38, 0xB6,
    0x2B, 0x64, 0x72, 0x85, 0xC8, 0xE0, 0x90, 0x0D, 0x90, 0x09, 0x16, 0x80, 0xA8, 0x90, 0xCB, 0xD1,
    0xAC, 0x67, 0x9E, 0x55, 0x5A, 0xE9, 0xF2, 0x87, 0xDA, 0x4A, 0xC6, 0x88, 0x0D, 0x65, 0xA4, 0xF1,
    0xEC, 0x14, 0x1D, 0x3D, 0x80, 0x03, 0x8A, 0x11, 0x2A, 0x11, 0x6D, 0x27, 0x58, 0x85, 0x53, 0x9D,
    0xFD, 0x8C, 0x43, 0x3A, 0x05, 0xF4, 0x0A, 0x41, 0x1B, 0xD1, 0xFB, 0x5A, 0x3A, 0xB7, 0x8B, 0x0C,
    0x56, 0xA4, 0x1D, 0x0A, 0x59, 0x2E, 0xFF, 0x70, 0xB4, 0x33, 0xD0, 0x7A, 0xC8, 0xDE, 0xE3, 0x7D,
    0x14, 0x64, 0x14, 0x76, 0x07, 0xFA, 0x71, 0xA0, 0xD8, 0x6C, 0xA0, 0xFC, 0x85, 0xF2, 0x17, 0xEE,
    0x8B, 0x96, 0x71, 0xF8, 0x3E, 0x4A, 0x79, 0x43, 0xC4, 0xDC, 0x95, 0x85, 0xCA, 0xBB, 0xE9, 0xBE,
    0xC8, 0x48, 0x25, 0x56, 0x13, 0x46, 0x47, 0x23, 0x81, 0xB5, 0xCA, 0x5A, 0xEE, 0x9F, 0xA0, 0x3A,
    0xA6, 0x90, 0xC0, 0x45, 0x33, 0xC0, 0x0F, 0xD5, 0xFE, 0x08, 0xD7, 0x74, 0xC7, 0x8A, 0x6A, 0xBD,
    0x3F, 0xFA, 0x1A, 0xE9, 0x2A, 0x19, 0x52, 0xAC, 0x5E, 0x56, 0x0D, 0xF7, 0x7A, 0x11, 0xD1, 0x88,
    0x12, 0x91, 0xA1, 0xF1, 0x48, 0xA0, 0xF5, 0xC5, 0x40, 0xEF, 0xF3, 0xDC, 0x77, 0x9E, 0x3A, 0xA8,
    0x1D, 0x30, 0x01, 0xBE, 0x64, 0xFC, 0x8F, 0x5F, 0xFB, 0xF5, 0x85, 0x5E, 0xB4, 0x2C, 0x95, 0x64,
    0xDB, 0xEE, 0x9F, 0xE5, 0x92, 0xCE, 0x09, 0xD7, 0x01, 0x92, 0xDA, 0x27, 0xDB, 0xFB, 0x6C, 0x65,
    0x82, 0x24, 0x2C, 0xF0, 0xC1, 0xAA, 0xED, 0xE9, 0x8D, 0xD1, 0xBB, 0x5D, 0xFE, 0xEA, 0x98, 0x4E,
    0xD7, 0x4B, 0xA4, 0x48, 0x9A, 0x26, 0xA8, 0xCF, 0x7E, 0x24, 0x62, 0x63, 0x29, 0x34, 0x81, 0x5E,
    0xD5, 0xBC, 0x59, 0x76, 0xDD, 0x03, 0x8C, 0x0A, 0x39, 0xC7, 0xC8, 0xA9, 0xD6, 0xF9, 0x8C, 0xF7,
    0xD4, 0xBE, 0x23, 0x76, 0xAF, 0xAE, 0x7E, 0x39, 0x34, 0x43, 0xB3, 0x03, 0xC6, 0x03, 0x95, 0x9E,
    0x95, 0x63, 0x07, 0xAF, 0x6A, 0x3A, 0x68, 0x04, 0xB8, 0xF1, 0x0B, 0xC0, 0x27, 0x9C, 0xFB, 0xB2,
    0xF3, 0x73, 0xBF, 0xBA, 0xCC, 0x72, 0x47, 0x59, 0xD4, 0xFD, 0x86, 0x5D, 0x0B, 0xA1, 0x99, 0x8E,
    0x9F, 0x87, 0xBD, 0xD3, 0x8E, 0x3D, 0xD4, 0x61, 0xFC, 0xB5, 0x5F, 0xFB, 0xED, 0x20, 0x22, 0x92,
    0xF1, 0x4C, 0xB9, 0xC3, 0x29, 0x4E, 0x13, 0xF8, 0x44, 0x6C, 0x44, 0x06, 0x23, 0x22, 0xEA, 0x79,
    0xD5, 0x18, 0x5A, 0x4F, 0x00, 0xCC, 0x7A, 0xF6, 0xB9, 0xAE, 0xBF, 0x9F, 0x82, 0x36, 0xA0, 0xD2,
    0x68, 0xCD, 0x9D, 0x09, 0xC6, 0x4F, 0x59, 0xE1, 0x57, 0xF8, 0x95, 0xFB, 0xA3, 0x05, 0xD2, 0xFB,
    0xC6, 0xB3, 0xD7, 0x8F, 0xC5, 0x72, 0xDF, 0x06, 0xE7, 0x13, 0x71, 0x9D, 0x7E, 0x9E, 0x29, 0x56,
    0x52, 0xB1, 0x62, 0xE5, 0x31, 0x61, 0x7C, 0x91, 0xCD, 0x4C, 0xD8, 0x90, 0x14, 0x75, 0x44, 0x2E,
    0x8B, 0x8B, 0xBA, 0x7F, 0xC0, 0xCB, 0x7F, 0x69, 0xC8, 0xFF, 0x07, 0x46, 0x4F, 0x29, 0x01, 0x9B,
    0x1E, 0x6E, 0xFA, 0x8E, 0x6B, 0xC5, 0x88, 0x4F, 0x47, 0x39, 0x7A, 0x68, 0xFF, 0x6F, 0x47, 0x4B,
    0xEC, 0xFF, 0x78, 0x3B, 0xEC, 0xEE, 0xBA, 0x74, 0xB0, 0xA2, 0xFB, 0x63, 0x02, 0xFD, 0xCB, 0xDC,
    0x53, 0x69, 0x97, 0x37, 0x39, 0x40, 0x46, 0xC5, 0x0E, 0x7C, 0x6B, 0x04, 0xEC, 0x06, 0xB8, 0x11,
    0x88, 0xCE, 0xC3, 0x87, 0x34, 0x97, 0x4B, 0xB4, 0x0E, 0xBC, 0xE3, 0x5A, 0x05, 0x44, 0xFE, 0x24,
    0x54, 0x22, 0x4F, 0x07, 0xBB, 0x55, 0xB2, 0xB8, 0x99, 0x7E, 0x71, 0x9E, 0x76, 0xE9, 0x3B, 0xEC,
    0x32, 0x82, 0x0D, 0x02, 0x75, 0x46, 0xBA, 0xEC, 0xD5, 0x81, 0x3B, 0xFE, 0x9C, 0xC9, 0x79, 0x9D,
    0x1A, 0x9D, 0x11, 0x0D, 0x29, 0xB2, 0x40, 0x23, 0x03, 0x48, 0xF7, 0x3B, 0x46, 0xEE, 0x2E, 0xF5,
    0x5D, 0x09, 0xF5, 0xD0, 0x7B, 0x4E, 0xA5, 0x92, 0xE1, 0xA6, 0x93, 0xD0, 0x8B, 0xC4, 0x7E, 0x31,
    0x5B, 0xEF, 0x91, 0xDE, 0x33, 0xF6, 0x1D, 0x7D, 0x4F, 0x3A, 0xDC, 0xCB, 0x39, 0xF8, 0x21, 0x00,
    0xB9, 0x9C, 0x6A, 0x76, 0x02, 0x4C, 0x78, 0x9E, 0xA5, 0x2E, 0x97, 0xB3, 0x39, 0x96, 0xD2, 0x35,
    0x81, 0xDE, 0x3B, 0x4F, 0x33, 0xB9, 0x21, 0x65, 0x95, 0xF3, 0xAB, 0x82, 0x9C, 0x63, 0x54, 0xA4,
    0xDA, 0xD4, 0x2E, 0xF5, 0x68, 0x02, 0xCE, 0x27, 0x2F, 0xEA, 0x2F, 0x79, 0x3E, 0x2D, 0xAF, 0x22,
    0x9C, 0x24, 0x58, 0x85, 0xF3, 0xC0, 0xED, 0xFB, 0x28, 0xA8, 0x88, 0x29, 0x1A, 0xE0, 0xEE, 0x78,
    0x90, 0x6A, 0xA1, 0xF8, 0x95, 0xE2, 0x57, 0xEE, 0x8B, 0x16, 0x37, 0x7D, 0x20, 0xC8, 0xBE, 0x51,
    0xBE, 0x41, 0x22, 0xE5, 0xDC, 0xCC, 0xF7, 0x45, 0x46, 0x2A, 0x4F, 0x9A, 0x00, 0x52, 0x45, 0xC5,
    0x9A, 0x2E, 0xEF, 0xE3, 0xA4, 0x89, 0x80, 0xD9, 0x15, 0x72, 0x3A, 0x63, 0xE5, 0x5A, 0x11, 0x11,
    0x89, 0x57, 0xE0, 0xBC, 0xBC, 0x88, 0x83, 0x5A, 0x3E, 0xC9, 0x23, 0xF2, 0xF4, 0x6C, 0x44, 0xC4,
    0x9F, 0xF2, 0x18, 0xBD, 0xF3, 0xFA, 0x88, 0x31, 0x98, 0x3B, 0xA1, 0xC7, 0xFE, 0x65, 0x18, 0x69,
    0x55, 0xFD, 0x4D, 0xC5, 0x7A, 0x80, 0x09, 0x55, 0x18, 0x6B, 0x5F, 0x85, 0xBE, 0xE9, 0xEA, 0xE0,
    0x76, 0xCD, 0x23, 0x9E, 0xE5, 0xD1, 0x68, 0x1E, 0x17, 0x9A, 0xC7, 0x3B, 0x69, 0x1E, 0xE5, 0x0C,
    0x66, 0x85, 0x62, 0x03, 0x7A, 0xC0, 0x7A, 0xAE, 0x97, 0x1E, 0xF6, 0x57, 0x72, 0x38, 0xCA, 0xFD,
    0x20, 0x73, 0x77, 0x73, 0xB3, 0x37, 0x22, 0xB7, 0x6B, 0x89, 0x17, 0x85, 0xCC, 0x40, 0xE5, 0xA1,
    0xF1, 0x79, 0xF1, 0xEF, 0x60, 0x96, 0x7B, 0x1B, 0xAF, 0x1C, 0xC0, 0x2E, 0xD0, 0xEF, 0x14, 0x9B,
    0x1B, 0xEA, 0xC5, 0x86, 0x7B, 0x19, 0xAF, 0x0C, 0xD6, 0x9B, 0xD8, 0xCE, 0x7A, 0xE8, 0x39, 0x70,
    0x6F, 0xF3, 0xC3, 0x78, 0xC0, 0x4E, 0x80, 0xF3, 0xC0, 0x08, 0x14, 0x2B, 0xCF, 0x2C, 0x23, 0xB8,
    0xCE, 0x75, 0x8C, 0xDA, 0x4A, 0xF2, 0x83, 0xB0, 0x9D, 0xCA, 0x98, 0x9F, 0x8B, 0xAB, 0x60, 0x16,
    0xCC, 0x52, 0x85, 0xFC, 0xDE, 0xB5, 0x88, 0xEA, 0x6F, 0x6B, 0x3C, 0x8C, 0xAD, 0x87, 0xDE, 0x75,
    0xE0, 0x46, 0xA0, 0x15, 0xC0, 0x6E, 0x8A, 0x08, 0xD4, 0x0A, 0xB3, 0x28, 0x82, 0x5E, 0x2A, 0x9A,
    0x09, 0x1A, 0xF1, 0x8A, 0xD3, 0x07, 0xF4, 0x9E, 0x17, 0x47, 0x25, 0x03, 0xBD, 0x93, 0x25, 0x7F,
    0x8B, 0xEF, 0x63, 0x29, 0xF4, 0x33, 0xA3, 0xEF, 0xFD, 0xE9, 0x87, 0xB8, 0x3D, 0xD8, 0xF0, 0x22,
    0x48, 0xED, 0x52, 0x8F, 0xD4, 0x37, 0x79, 0x19, 0x65, 0x4B, 0x9E, 0x53, 0x8C, 0xE7, 0x57, 0x90,
    0x5E, 0x35, 0xA7, 0xF4, 0x13, 0x8A, 0xB5, 0x9E, 0x00, 0x1E, 0xAC, 0x91, 0xFC, 0x5F, 0xD5, 0x9B,
    0x31, 0xCC, 0xE6, 0xB6, 0x79, 0xC7, 0xFF, 0x12, 0x9B, 0x08, 0xB1, 0x06, 0x7A, 0x68, 0x87, 0x34,
    0x83, 0xD6, 0x20, 0x41, 0xAB, 0x1D, 0x88, 0x8F, 0x02, 0x32, 0x76, 0xB0, 0x07, 0x7B, 0xEA, 0xD0,
    0xA5, 0x4B, 0x9D, 0x1D, 0xC8, 0x70, 0x39, 0x09, 0xF5, 0xD8, 0xC1, 0x37, 0x74, 0x87, 0x87, 0x0E,
    0xE9, 0x97, 0xC1, 0x4B, 0xC7, 0xD8, 0x22, 0xEA, 0xC1, 0xA3, 0x85, 0x36, 0x9D, 0xA3, 0x22, 0x06,
    0x0A, 0xB4, 0x43, 0x98, 0x44, 0x81, 0x95, 0x98, 0xD2, 0x53, 0xFE, 0x1F, 0xBD, 0xC4, 0xFB, 0x7E,
    0xDF, 0x77, 0x77, 0xBE, 0x73, 0xFC, 0xF9, 0xEE, 0x9E, 0x23, 0x7F, 0x14, 0x24, 0xF2, 0x21, 0xF9,
    0x17, 0xA9, 0x8F, 0xA2, 0xDE, 0x43, 0x2D, 0xE2, 0x71, 0xE2, 0x37, 0xAF, 0xAE, 0x06, 0x3C, 0xCA,
    0xDA, 0x40, 0xBA, 0x45, 0x19, 0xC9, 0x51, 0xB9, 0xEF, 0x09, 0x45, 0x94, 0x44, 0x13, 0x7B, 0x72,
    0x75, 0x03, 0x50, 0x07, 0xE7, 0x01, 0x1B, 0x9A, 0x29, 0x71, 0xB2, 0x01, 0x68, 0x7D, 0x9D, 0xE8,
    0x7C, 0xB5, 0x02, 0x7D, 0x67, 0x22, 0x20, 0x28, 0x95, 0xD8, 0x51, 0x6E, 0x3C, 0x30, 0x92, 0xAC,
    0x53, 0xFA, 0x5A, 0xA9, 0x05, 0xE7, 0x66, 0xA6, 0x2B, 0xE7, 0x33, 0xAB, 0x75, 0xEC, 0x58, 0x5D,
    0x29, 0x12, 0xA0, 0x28, 0xAE, 0xAE, 0xDE, 0xBB, 0xD6, 0x5A, 0xE9, 0x50, 0xF0, 0x42, 0x25, 0x63,
    0x84, 0x0D, 0x65, 0x44, 0xE3, 0xB1, 0xA3, 0xE8, 0xD0, 0x6B, 0x0F, 0x00, 0x14, 0x23, 0x50, 0x89,
    0x30, 0x9F, 0xC0, 0x12, 0x4E, 0x3A, 0x87, 0x7E, 0x86, 0x83, 0x74, 0x04, 0xD0, 0x13, 0x02, 0x66,
    0x42, 0xEF, 0xEB, 0x74, 0x7D, 0x17, 0x19, 0xAC, 0x48, 0x3B, 0x14, 0x42, 0x2D, 0xAC, 0xB7, 0x6C,
    0xD0, 0xE2, 0x12, 0x4B, 0x91, 0xB3, 0x2E, 0xDF, 0xEC, 0x5E, 0x06, 0x05, 0x4D, 0x30, 0x01, 0xC5,
    0x66, 0x67, 0x60, 0x14, 0x4F, 0xDD, 0x00, 0x14, 0x0F, 0xF1, 0x1C, 0xB4, 0x7C, 0x41, 0x15, 0x02,
    0x78, 0x7B, 0x49, 0xEB, 0x49, 0x87, 0x0B, 0xFE, 0x82, 0x6C, 0x8E, 0x3C, 0xF1, 0x9A, 0x50, 0x2B,
    0x6C, 0x30, 0x27, 0xA1, 0xCA, 0xE1, 0x2C, 0x14, 0x51, 0x8C, 0x54, 0x43, 0x84, 0x8A, 0x09, 0x1A,
    0x0A, 0xE5, 0x28, 0xD4, 0xF8, 0x08, 0xA1, 0x46, 0x5F, 0x0B, 0x28, 0x54, 0x97, 0x85, 0xBA, 0x47,
    0x2D, 0x96, 0x04, 0x33, 0xB3, 0x5A, 0xC2, 0xFC, 0xA1, 0x4B, 0x10, 0x0F, 0x40, 0x06, 0x9E, 0xE4,
    0x11, 0x9A, 0x89, 0xEC, 0x79, 0x5C, 0x6C, 0x09, 0x28, 0xDF, 0xC3, 0x0D, 0xEB, 0x77, 0xE8, 0xC4,
    0xA7, 0x68, 0x22, 0xD4, 0x67, 0xAE, 0x28, 0x0E, 0x8B, 0xD5, 0x11, 0x68, 0x66, 0x8A, 0x63, 0x3B,
    0x8A, 0x43, 0x5D, 0x2F, 0x38, 0x90, 0xFD, 0xC1, 0xEE, 0x16, 0x87, 0x9C, 0xE7, 0x7A, 0xA9, 0x76,
    0x26, 0xE9, 0xB3, 0xEE, 0xEA, 0xC8, 0xA3, 0xA3, 0x2E, 0xAD, 0x77, 0x38, 0xB5, 0xC1, 0x6A, 0x7B,
    0x30, 0xEE, 0x09, 0x28, 0x78, 0x58, 0x11, 0x76, 0xCE, 0x2E, 0x3F, 0xC0, 0x2D, 0xAB, 0xA5, 0x03,
    0x58, 0xCE, 0x88, 0x44, 0xD8, 0x58, 0x0A, 0x9A, 0x80, 0x9E, 0xD5, 0xBE, 0x7A, 0x14, 0xEA, 0x41,
    0x9F, 0x84, 0x5C, 0xC7, 0x48, 0xF4, 0xC8, 0xCE, 0xB5, 0x84, 0x96, 0x55, 0x2F, 0xEA, 0x4F, 0x3D,
    0xF3, 0x46, 0x21, 0x5B, 0x95, 0x3B, 0x92, 0x09, 0x33, 0xBF, 0x7C, 0xE2, 0xD2, 0x8A, 0x55, 0x67,
    0x55, 0x06, 0xD6, 0xE7, 0x28, 0x6E, 0xB5, 0xD8, 0xC0, 0xC1, 0xEA, 0x7C, 0x96, 0x0F, 0x76, 0x25,
    0xCB, 0xE1, 0x65, 0x13, 0xB7, 0xD8, 0x28, 0x67, 0xFF, 0xBA, 0x76, 0x6D, 0x00, 0x8C, 0xF6, 0xE6,
    0xBD, 0xE7, 0xA3, 0xAB, 0x80, 0xB5, 0xB7, 0x1F, 0x2F, 0x5A, 0xE9, 0x94, 0x58, 0xF0, 0x34, 0xF0,
    0x5D, 0x5C, 0x37, 0x27, 0xF2, 0x50, 0xB9, 0x2B, 0x65, 0x82, 0x1B, 0xBE, 0x21, 0x6B, 0x22, 0xEA,
    0x8D, 0x2C, 0x84, 0x84, 0x74, 0xA4, 0xF3, 0x67, 0xB6, 0x13, 0xD9, 0x5C, 0x72, 0xBE, 0x79, 0xA6,
    0xF5, 0x37, 0x4B, 0x49, 0x97, 0x7D, 0xAA, 0x7F, 0xAD, 0x4B, 0xEB, 0x55, 0xE6, 0xF6, 0xA8, 0xFD,
    0x40, 0x1F, 0x01, 0x0F, 0x94, 0x1F, 0x28, 0xE3, 0x05, 0x17, 0x65, 0x50, 0x3E, 0x44, 0xAB, 0x7F,
    0xD0, 0x44, 0x3E, 0x99, 0x29, 0x85, 0xCC, 0x54, 0x25, 0xB1, 0x0D, 0xE8, 0x67, 0x6A, 0xE5, 0x12,
    0x07, 0x34, 0x33, 0xC6, 0x0E, 0x36, 0x11, 0xA4, 0xDC, 0xE2, 0xA8, 0xEC, 0x3B, 0x92, 0xF9, 0x83,
    0x96, 0x0D, 0x2A, 0x74, 0x50, 0x9F, 0x7A, 0xEB, 0x3E, 0x0B, 0x80, 0xC8, 0x47, 0x89, 0xED, 0x06,
    0xA0, 0x12, 0xF9, 0x83, 0x52, 0x66, 0xE5, 0x86, 0x2A, 0xE0, 0xEF, 0xA4, 0x4B, 0x84, 0x78, 0xB2,
    0x0D, 0xA4, 0x5D, 0xC8, 0x6A, 0x25, 0x4D, 0x3C, 0xC8, 0xAE, 0x97, 0xD7, 0xC8, 0xF3, 0x07, 0xCD,
    0x2D, 0xD6, 0x0B, 0x69, 0x03, 0xE9, 0x66, 0x52, 0xBC, 0xD6, 0xA5, 0xF5, 0x46, 0xE5, 0x7C, 0x6A,
    0x8F, 0x2A, 0x73, 0x83, 0x6F, 0xBF, 0xFF, 0x47, 0x1D, 0x80, 0xE2, 0x33, 0x79, 0xFE, 0xE9, 0xD5,
    0xEB, 0xBF, 0x94, 0x7A, 0xED, 0x13, 0xD5, 0x83, 0x48, 0x3C, 0xE1, 0xEA, 0xEA, 0x5F, 0x70, 0x7B,
    0x7C, 0x4A, 0xB8, 0xC0, 0x00, 0xE0, 0x69, 0x20, 0xB2, 0x5C, 0xE0, 0x19, 0x8A, 0x5D, 0xD6, 0x76,
    0xD1, 0xB4, 0xB7, 0xD9, 0xB4, 0x1B, 0x13, 0x79, 0x94, 0x85, 0xFD, 0xD9, 0x60, 0xD7, 0x42, 0xD0,
    0x4C, 0x1C, 0xE2, 0x1E, 0xD6, 0x3B, 0xEA, 0xD0, 0x03, 0x75, 0x18, 0xAF, 0xAE, 0xDE, 0x0F, 0x92,
    0xEC, 0xC0, 0x63, 0x26, 0x32, 0x28, 0xD5, 0x6B, 0xB0, 0x11, 0x32, 0x50, 0x7F, 0x7A, 0x5E, 0x59,
    0x07, 0xAF, 0x47, 0x00, 0xE5, 0x96, 0x81, 0x88, 0x17, 0x4B, 0x21, 0x00, 0xB9, 0x91, 0x7B, 0x46,
    0x6E, 0xE4, 0x73, 0x10, 0xEC, 0xB9, 0xAB, 0xD1, 0x4E, 0x09, 0x0F, 0x0E, 0x11, 0x32, 0xF6, 0x37,
    0x12, 0x46, 0xBD, 0x1A, 0xEE, 0x46, 0x88, 0x2D, 0x0B, 0x71, 0x0C, 0xD6, 0x5A, 0xE6, 0xBC, 0x7A,
    0x6D, 0xC0, 0x6A, 0x15, 0xBF, 0x00, 0x98, 0x13, 0x30, 0x11, 0xC5, 0x9E, 0x00, 0xF7, 0x6E, 0x00,
    0xAC, 0x78, 0xC0, 0x68, 0x05, 0x7F, 0xFF, 0xE2, 0x8C, 0xAB, 0xBD, 0x64, 0xFB, 0x3E, 0xB9, 0xD9,
    0xBE, 0xE7, 0x32, 0x07, 0xAB, 0xB9, 0x9E, 0x00, 0xB3, 0xB6, 0x1E, 0x28, 0x84, 0xB5, 0xA2, 0xDF,
    0xF4, 0x8D, 0xEF, 0x21, 0x6E, 0x58, 0x2F, 0xDA, 0x30, 0x59, 0xF2, 0xDF, 0x54, 0xF9, 0xB4, 0x92,
    0xE1, 0x62, 0x91, 0x12, 0x74, 0x41, 0xF1, 0xF8, 0x45, 0x4A, 0x77, 0x8D, 0x22, 0xF1, 0xC4, 0x81,
    0x64, 0x9E, 0x32, 0x3A, 0x9F, 0x69, 0x62, 0x33, 0x93, 0xF4, 0x59, 0x45, 0xFA, 0xB7, 0x91, 0x75,
    0xB9, 0xA8, 0x8B, 0x94, 0xC8, 0x36, 0xC4, 0xA8, 0x8B, 0x94, 0xFB, 0xA7, 0x15, 0x60, 0x44, 0x04,
    0xC6, 0x4A, 0xDB, 0xA7, 0xE2, 0x0E, 0xB7, 0x74, 0x6D, 0x37, 0xED, 0xE6, 0xC7, 0x53, 0x25, 0x22,
    0x93, 0x5D, 0x4B, 0x99, 0xDA, 0x09, 0xFD, 0xC4, 0x87, 0xF9, 0xD4, 0x77, 0x68, 0xA6, 0x11, 0xB0,
    0x07, 0x24, 0xE3, 0xE2, 0x1C, 0x1F, 0xFD, 0x47, 0xE6, 0x26, 0x20, 0x39, 0xD8, 0x2A, 0x99, 0x8C,
    0xC8, 0x2F, 0x27, 0x88, 0xBC, 0x3E, 0xA1, 0xFE, 0xD4, 0x4E, 0x00, 0x0E, 0xF8, 0x7A, 0x86, 0xF3,
    0x76, 0x85, 0x74, 0x79, 0xFC, 0xAE, 0xBA, 0x7E, 0x7A, 0xC2, 0xBA, 0xBB, 0x9A, 0x5E, 0x36, 0xD5,
    0x69, 0x8F, 0x7B, 0x94, 0xBF, 0x78, 0xD2, 0xBF, 0x34, 0x82, 0x66, 0xAB, 0x02, 0x59, 0x2E, 0x24,
    0xA2, 0x72, 0x25, 0x8A, 0x85, 0x6C, 0x02, 0xD9, 0x0E, 0xCA, 0x2E, 0x61, 0x4F, 0x30, 0x01, 0x67,
    0xB0, 0xEC, 0x0B, 0x7D, 0x43, 0xCC, 0x4A, 0xA9, 0x6E, 0x24, 0xA3, 0xD0, 0x66, 0xA5, 0x84, 0x53,
    0x92, 0xB3, 0x3C, 0x29, 0x61, 0xC6, 0x5B, 0x09, 0xAF, 0x7D, 0x55, 0x49, 0x11, 0x81, 0x0B, 0xFC,
    0x68, 0xBF, 0x1A, 0xD8, 0x5A, 0xAF, 0xC8, 0x17, 0x9A, 0x3D, 0x41, 0xC4, 0x17, 0x6C, 0x76, 0x21,
    0x93, 0x5D, 0x0A, 0x81, 0x89, 0x09, 0x65, 0x2C, 0x36, 0x14, 0xB1, 0x88, 0x07, 0xF0, 0x65, 0x21,
    0xB2, 0xA6, 0x70, 0xB9, 0xA6, 0x14, 0x89, 0x1A, 0xD6, 0x32, 0xE2, 0xCB, 0x05, 0xF5, 0x49, 0x27,
    0xA3, 0x86, 0xB7, 0xAF, 0x7E, 0x8A, 0x6C, 0x56, 0x18, 0x5E, 0x11, 0x60, 0x7C, 0xB6, 0xF0, 0x15,
    0xB6, 0x4A, 0x57, 0xDE, 0xC0, 0x3D, 0x5D, 0x82, 0xB8, 0x7F, 0x86, 0x8B, 0xA8, 0xD7, 0x72, 0xE1,
    0xA4, 0x4A, 0xD2, 0xCE, 0x50, 0x73, 0xD1, 0xC5, 0xEF, 0xC7, 0xF2, 0x0B, 0xFE, 0xD5, 0xA1, 0xED,
    0xEE, 0xE1, 0x5E, 0xF2, 0xE2, 0x62, 0xBD, 0x22, 0xC2, 0x6C, 0x0C, 0x88, 0xB8, 0x0B, 0x39, 0x9F,
    0xAE, 0x4D, 0xEC, 0x21, 0xD0, 0xFA, 0x73, 0xBA, 0x6A, 0x5A, 0x46, 0x7C, 0xDD, 0x69, 0xD1, 0x69,
    0x9A, 0x00, 0x77, 0x99, 0x36, 0xA7, 0xD4, 0x06, 0x48, 0x27, 0xB2, 0xD6, 0x9B, 0x11, 0x0A, 0x65,
    0x52, 0xC4, 0x11, 0x17, 0xD0, 0x38, 0xAF, 0xCB, 0x05, 0x3D, 0xAA, 0x08, 0x19, 0x6A, 0xC2, 0x24,
    0x74, 0xC5, 0x8C, 0xBF, 0xC2, 0x0D, 0x73, 0x11, 0xFD, 0x81, 0xEF, 0x13, 0xE5, 0x57, 0x8C, 0x9B,
    0xDB, 0x0E, 0x46, 0x36, 0x22, 0x12, 0xDC, 0x0F, 0x48, 0x09, 0x69, 0x23, 0xD9, 0x06, 0x72, 0xF4,
    0x89, 0x85, 0x20, 0xB1, 0x8A, 0xA4, 0x5D, 0x48, 0x37, 0x91, 0xD2, 0x25, 0xBE, 0xB3, 0x23, 0xF1,
    0xDD, 0x48, 0x8E, 0x1B, 0x29, 0xA2, 0x1C, 0xBD, 0x0E, 0xC1, 0x39, 0x31, 0x68, 0x29, 0x7F, 0x78,
    0x30, 0x42, 0x42, 0x06, 0xD2, 0x4D, 0xB9, 0xAE, 0x5C, 0xAF, 0xB9, 0xDC, 0x8D, 0xA0, 0x8F, 0x4B,
    0xFB, 0x81, 0xB2, 0x57, 0x36, 0x1D, 0x69, 0x95, 0x2D, 0x81, 0x91, 0x30, 0x2B, 0xB2, 0xF5, 0x4F,
    0x0D, 0x13, 0x13, 0xEC, 0xB1, 0x43, 0x93, 0x20, 0x40, 0x6F, 0x62, 0x42, 0xBD, 0x24, 0x34, 0x53,
    0x42, 0x3F, 0x24, 0x88, 0x27, 0x26, 0x22, 0x24, 0x7C, 0x14, 0x13, 0xCA, 0x1D, 0x5A, 0x22, 0x97,
    0x3D, 0xF6, 0x6A, 0x96, 0xEC, 0x14, 0x82, 0x0B, 0xAB, 0xBB, 0xFC, 0x57, 0xC0, 0x04, 0x64, 0xCC,
    0x09, 0x8D, 0x4F, 0x10, 0x5E, 0x7D, 0x15, 0x00, 0x65, 0x01, 0xC6, 0xEE, 0xB4, 0xBD, 0x5B, 0x85,
    0x9C, 0xC3, 0xE1, 0xB6, 0xB5, 0xFE, 0x39, 0x41, 0x44, 0xFC, 0x19, 0xEC, 0xBD, 0xC0, 0xE8, 0x8C,
    0x68, 0x87, 0xF3, 0x4E, 0xAE, 0x1B, 0xEE, 0x2A, 0xE0, 0xEE, 0xF1, 0xE4, 0xB7, 0x61, 0x5A, 0xA9,
    0x37, 0xF3, 0xBC, 0xAC, 0x50, 0xAC, 0xF9, 0xA6, 0x39, 0x9F, 0xF0, 0x67, 0xAA, 0xD8, 0x57, 0x10,
    0x9A, 0x14, 0x04, 0x56, 0x60, 0x04, 0x87, 0x55, 0x1E, 0x75, 0x40, 0x19, 0x50, 0x28, 0xEB, 0x19,
    0xFD, 0x90, 0x67, 0x0A, 0xDC, 0xF0, 0x80, 0xF8, 0x80, 0x88, 0xC4, 0x4A, 0x04, 0x64, 0x3C, 0xBC,
    0x53, 0x89, 0xCC, 0x34, 0x9A, 0x30, 0x56, 0xF3, 0x58, 0xFB, 0xD1, 0xA6, 0x30, 0x8C, 0x16, 0xE3,
    0xB7, 0x30, 0xE2, 0xD9, 0x42, 0x9F, 0x42, 0x84, 0x8B, 0xB0, 0x11, 0xD8, 0x01, 0x3C, 0x2D, 0x7F,
    0x4C, 0x9A, 0x95, 0x6C, 0x49, 0x91, 0x89, 0xDC, 0x41, 0x06, 0x6A, 0x27, 0x09, 0x70, 0xC7, 0x09,
    0x65, 0x54, 0x3E, 0x7C, 0x9C, 0x4F, 0x39, 0x98, 0xCC, 0x5F, 0xD2, 0xCE, 0x78, 0x62, 0x18, 0xEC,
    0xFF, 0x79, 0x2B, 0x29, 0xA0, 0x5D, 0x20, 0x33, 0xC3, 0x2F, 0x6F, 0x67, 0x0B, 0xA8, 0xC5, 0x1B,
    0x2E, 0x93, 0xF2, 0x90, 0x01, 0x9C, 0x52, 0x08, 0x13, 0xF3, 0xDE, 0xDE, 0x6D, 0x73, 0xAB, 0x6E,
    0xC0, 0x46, 0xE5, 0xAE, 0x94, 0x83, 0x03, 0x39, 0x7A, 0xF2, 0xDD, 0x40, 0xFE, 0x93, 0xF2, 0x9D,
    0x48, 0xFE, 0xE3, 0x46, 0x0E, 0xA2, 0xEC, 0x3B, 0xD2, 0x79, 0xB2, 0x99, 0x48, 0x1B, 0xC8, 0x6A,
    0x25, 0x4D, 0x24, 0xB1, 0x2B, 0x45, 0xE9, 0x7E, 0x4D, 0xB6, 0x42, 0x5A, 0x65, 0xAD, 0x34, 0xCA,
    0x52, 0xBC, 0x0E, 0x4E, 0x58, 0x7F, 0x4C, 0x02, 0x01, 0xCA, 0x15, 0xD7, 0xAC, 0x92, 0xE1, 0x27,
    0x4E, 0x42, 0x2F, 0x12, 0xFB, 0xC5, 0x6C, 0xBD, 0x87, 0xA4, 0x38, 0xF6, 0x1D, 0xFA, 0x1E, 0x1A,
    0xDD, 0xB3, 0xC4, 0x17, 0x55, 0x85, 0x5B, 0x8F, 0x7F, 0x34, 0xFE, 0xFC, 0xBE, 0x6B, 0x94, 0xD5,
    0x74, 0x3E, 0x2F, 0x04, 0x5E, 0xBD, 0x03, 0x85, 0x90, 0xAD, 0x9C, 0x4F, 0x8F, 0xAC, 0x78, 0x8E,
    0xBA, 0x7B, 0x3D, 0xE5, 0x87, 0x95, 0x7E, 0x83, 0xFD, 0xFD, 0x0E, 0xE0, 0xF4, 0xFD, 0xB6, 0x9F,
    0xC8, 0x57, 0x5E, 0x8A, 0x91, 0xC7, 0x6F, 0x4D, 0xC5, 0xEE, 0x3C, 0xD8, 0x18, 0xBB, 0x02, 0xC5,
    0xC3, 0x3B, 0x1B, 0x75, 0xBD, 0xA7, 0x74, 0xFD, 0xAC, 0x0C, 0xCA, 0xA8, 0xDC, 0xC9, 0x07, 0x42,
    0xF6, 0xBD, 0x27, 0xDB, 0x99, 0xB4, 0x81, 0xAC, 0x22, 0x59, 0xEE, 0x24, 0x44, 0xE9, 0x3C, 0xD9,
    0xCE, 0xA4, 0x0D, 0xA4, 0x89, 0x64, 0xB9, 0x93, 0x10, 0xA5, 0xFB, 0x98, 0x6C, 0x7F, 0x45, 0xDA,
    0xCF, 0x48, 0x23, 0x64, 0xA1, 0xC4, 0x41, 0xA7, 0x6C, 0xC8, 0xBC, 0x93, 0xA2, 0xAC, 0x95, 0xF6,
    0xFC, 0x2A, 0x2F, 0x72, 0x10, 0xE4, 0x82, 0x6C, 0xFF, 0x00, 0xC4, 0x46, 0x16, 0xC4, 0x51, 0x76,
    0xC8, 0xFE, 0xB7, 0xD2, 0xC9, 0x8C, 0xDE, 0xCB, 0x00, 0xE7, 0x05, 0x68, 0x08, 0x7B, 0x60, 0xFF,
    0x13, 0x80, 0x47, 0xA3, 0x21, 0x5C, 0x82, 0x93, 0x81, 0x38, 0x86, 0x59, 0xFE, 0x19, 0x88, 0x11,
    0x59, 0xCE, 0x49, 0xF1, 0xD6, 0x5B, 0x6F, 0xE0, 0xA6, 0x15, 0x22, 0x33, 0xFD, 0x88, 0xEC, 0x00,
    0x46, 0x61, 0x2F, 0x4B, 0x99, 0x30, 0x06, 0x54, 0x1B, 0x60, 0xA3, 0x8A, 0x62, 0x22, 0x5A, 0x66,
    0x93, 0x93, 0x14, 0xA7, 0xAF, 0x72, 0x5D, 0xDF, 0x69, 0xF5, 0x23, 0x34, 0x91, 0x2F, 0x4C, 0x72,
    0xCE, 0x53, 0xB9, 0xC3, 0xCB, 0xA0, 0x3E, 0x47, 0x9D, 0x50, 0x90, 0xA3, 0xBE, 0x0D, 0x75, 0xD4,
    0xDA, 0x8D, 0x0C, 0xE8, 0x03, 0x20, 0x72, 0xFA, 0x5D, 0x86, 0x08, 0x80, 0xF2, 0xB4, 0xAC, 0xF8,
    0xC6, 0x9B, 0x24, 0x5F, 0x66, 0x0B, 0x91, 0x78, 0x00, 0x6F, 0xBD, 0xC5, 0xB3, 0xB4, 0xE2, 0x5F,
    0xE9, 0x5F, 0xC2, 0x69, 0x2F, 0x94, 0x37, 0xA7, 0x0D, 0xA7, 0xBD, 0xD0, 0xD0, 0x77, 0xA8, 0x83,
    0x70, 0x6E, 0x13, 0xEB, 0x9E, 0x10, 0x6F, 0x40, 0x2F, 0x8C, 0xFA, 0xB3, 0x96, 0x0E, 0x36, 0xB0,
    0xD8, 0xCC, 0x15, 0xAB, 0xAF, 0xE5, 0x67, 0xD2, 0x95, 0x74, 0x0A, 0x47, 0xFD, 0x0A, 0xAD, 0x31,
    0x5B, 0x68, 0x49, 0xB3, 0xF4, 0x4C, 0x6C, 0xD8, 0x98, 0xB4, 0x1F, 0x2D, 0x4C, 0x1E, 0x58, 0x8F,
    0x5B, 0xD6, 0xEF, 0x5D, 0xDE, 0x58, 0xA2, 0x3F, 0x11, 0x1D, 0x61, 0x95, 0x78, 0x18, 0x01, 0xFA,
    0xF9, 0xD0, 0x22, 0x30, 0xA0, 0x8A, 0x38, 0xB6, 0x85, 0x40, 0xD5, 0x8A, 0xFD, 0xDA, 0x0D, 0x11,
    0xF4, 0xA7, 0x84, 0x0E, 0xC7, 0x9B, 0xC9, 0x70, 0x99, 0x33, 0x97, 0x53, 0x2F, 0xD9, 0xE7, 0x51,
    0x43, 0xAE, 0xEF, 0x54, 0xBB, 0x6E, 0x73, 0xF9, 0xDC, 0xB2, 0xDC, 0x4E, 0xF4, 0xD2, 0xE9, 0xD2,
    0xA9, 0x1E, 0x80, 0xD8, 0x7A, 0x98, 0xA8, 0x8A, 0x6E, 0x40, 0xF3, 0x4E, 0x78, 0xDC, 0xB7, 0xF3,
    0xBC, 0x2D, 0x1D, 0x4B, 0xE9, 0x54, 0x49, 0xE7, 0x8F, 0x8F, 0xA2, 0x36, 0x1C, 0xDB, 0xD2, 0x40,
    0x15, 0xE4, 0x3A, 0x46, 0x42, 0xAF, 0x6A, 0x3E, 0x2D, 0xA1, 0x5F, 0xD1, 0xD4, 0x0B, 0xFD, 0xA9,
    0xE7, 0xFC, 0x69, 0x68, 0xDC, 0x72, 0x8D, 0xF2, 0x1F, 0x22, 0xC7, 0x3E, 0xD9, 0x1F, 0xF5, 0x40,
    0xE6, 0xEF, 0x08, 0x0F, 0x8C, 0x00, 0x12, 0x99, 0x25, 0xC1, 0xC5, 0xD3, 0xC4, 0x6F, 0x78, 0x40,
    0x1D, 0x6C, 0x3C, 0xCD, 0xA9, 0x2A, 0x1F, 0x18, 0x3D, 0x18, 0x4E, 0x07, 0x7D, 0x3E, 0xA0, 0xAE,
    0x46, 0x44, 0x1E, 0x73, 0x70, 0xBD, 0x54, 0xF6, 0x73, 0xF6, 0xCC, 0xF1, 0x6E, 0x73, 0xED, 0x7A,
    0x50, 0xAF, 0xA7, 0xF6, 0x98, 0xFD, 0xD4, 0xC2, 0x42, 0xA6, 0x5A, 0x92, 0x6D, 0xE8, 0xD9, 0x0B,
    0xD5, 0xEE, 0xE8, 0xD7, 0x76, 0xD9, 0xD3, 0x0E, 0xFD, 0x0A, 0x55, 0xC1, 0x88, 0x0C, 0xAA, 0x71,
    0x23, 0x12, 0x54, 0xE7, 0x7E, 0xAA, 0x23, 0xA8, 0x97, 0xA0, 0xD8, 0x58, 0x7B, 0x1B, 0x81, 0xFC,
    0xEA, 0x8A, 0x1E, 0x23, 0x50, 0x2F, 0x80, 0xEB, 0xA8, 0xF3, 0x7E, 0x75, 0x35, 0x0E, 0x54, 0x9D,
    0x95, 0x9E, 0x0F, 0x74, 0x0E, 0x00, 0xC8, 0x99, 0x59, 0x0E, 0x96, 0x55, 0x66, 0x3F, 0x50, 0xCF,
    0x3B, 0x00, 0xAD, 0x4B, 0xDF, 0xD8, 0xB5, 0xF6, 0xB9, 0x8E, 0xB9, 0x3D, 0x0B, 0x90, 0x50, 0x89,
    0xF8, 0x53, 0x9B, 0x37, 0xD0, 0xDE, 0x20, 0x4C, 0x20, 0xAD, 0xD2, 0x79, 0x72, 0xC7, 0xA3, 0xCC,
    0xD1, 0x0D, 0x29, 0x9D, 0x72, 0x66, 0x03, 0xFA, 0x85, 0xAC, 0x23, 0x69, 0x94, 0xE5, 0x46, 0x16,
    0x4A, 0x1E, 0xE7, 0xF3, 0xB5, 0xB2, 0x0F, 0xB9, 0x6C, 0xF6, 0xF3, 0x29, 0x3B, 0xD2, 0x7B, 0xB2,
    0x0D, 0xA4, 0x5D, 0x49, 0xB3, 0x91, 0x85, 0x90, 0x18, 0x3D, 0xE9, 0x66, 0xD2, 0x2E, 0x64, 0x75,
    0xD4, 0x28, 0x00, 0x16, 0x98, 0x15, 0x75, 0xD0, 0x9D, 0x0E, 0x9C, 0xAD, 0x88, 0xF7, 0x6D, 0x7C,
    0xE0, 0x62, 0x2F, 0x0F, 0xFB, 0x05, 0xFD, 0x84, 0xDE, 0x73, 0xFC, 0xF4, 0x78, 0x8A, 0x20, 0x7B,
    0x97, 0x20, 0x2B, 0x21, 0xE8, 0xF1, 0x1D, 0xF1, 0x3D, 0xE0, 0x88, 0x66, 0x4E, 0xB0, 0xE1, 0x36,
    0x9A, 0xE9, 0x94, 0xA5, 0x94, 0xAE, 0x3F, 0x0D, 0x9B, 0x99, 0xD0, 0x97, 0xED, 0x29, 0xBF, 0xB7,
    0x9B, 0xF5, 0xFC, 0xC6, 0x4D, 0x8C, 0x43, 0x9F, 0x3D, 0xAB, 0xAB, 0x25, 0xC1, 0xC4, 0x84, 0x72,
    0xC7, 0x85, 0x7D, 0x48, 0xEC, 0x44, 0x44, 0xFE, 0xC5, 0x4C, 0x20, 0xA6, 0x84, 0xA2, 0x4B, 0xC0,
    0xF7, 0x3A, 0xC7, 0xA5, 0x85, 0x4D, 0xB1, 0xFF, 0x7C, 0x70, 0xD4, 0x8F, 0xF7, 0x6B, 0xA6, 0xFB,
    0x53, 0x1C, 0x9E, 0x2D, 0x66, 0xB3, 0x1E, 0x68, 0x72, 0x79, 0x00, 0xAF, 0x01, 0xF8, 0xF9, 0x69,
    0xF8, 0x94, 0xDB, 0x31, 0x21, 0x5F, 0x9F, 0x91, 0x37, 0xEB, 0xAB, 0x0D, 0xB4, 0xF7, 0x5E, 0x8A,
    0xF1, 0xE3, 0xFC, 0x08, 0xFB, 0xDB, 0x08, 0x23, 0x01, 0x10, 0x0F, 0x7C, 0x1B, 0x17, 0xD6, 0xA3,
    0x31, 0x82, 0xE6, 0xDD, 0x14, 0x53, 0x45, 0xCD, 0x06, 0x34, 0x4B, 0x8A, 0x81, 0xE3, 0x80, 0x9A,
    0x3C, 0x53, 0xA4, 0xDD, 0xA7, 0x64, 0x91, 0x22, 0x11, 0xCD, 0xC4, 0xFB, 0x76, 0xE3, 0x69, 0x3D,
    0x03, 0xA3, 0x08, 0x8C, 0x6E, 0xF0, 0xEF, 0x18, 0x43, 0x13, 0x60, 0xA3, 0xF3, 0x30, 0x53, 0x02,
    0x70, 0x06, 0xFB, 0x0B, 0xBB, 0xD3, 0x9B, 0x24, 0x16, 0x1C, 0xB1, 0x68, 0x45, 0x06, 0x7A, 0x08,
    0x48, 0x8C, 0xF9, 0x76, 0x14, 0xCC, 0x05, 0x51, 0xB4, 0x44, 0xEF, 0x51, 0xEE, 0x2E, 0xA0, 0x8A,
    0x76, 0x47, 0xBF, 0x54, 0x2A, 0xAA, 0x6A, 0xAA, 0x2D, 0x50, 0xB3, 0xC3, 0x51, 0x51, 0x0F, 0x20,
    0x1E, 0x03, 0x2E, 0x5B, 0xBF, 0x81, 0x4F, 0x13, 0x3E, 0xEA, 0x9C, 0xAF, 0x63, 0x8F, 0x92, 0x03,
    0x17, 0x8E, 0x71, 0x62, 0x23, 0x06, 0x58, 0xD9, 0x8F, 0x35, 0x4E, 0x2D, 0xD4, 0x2C, 0x9E, 0x36,
    0x89, 0xF6, 0xBF, 0x4E, 0x51, 0x80, 0xCD, 0x4D, 0x55, 0x64, 0xF9, 0x4A, 0x64, 0xA2, 0xBF, 0xAF,
    0xB3, 0xEB, 0xC5, 0xD1, 0xF5, 0x66, 0x47, 0xBF, 0x5E, 0x76, 0x9D, 0xA3, 0x09, 0xFF, 0x06, 0x00,
    0xF4, 0x84, 0xF7, 0x67, 0xA0, 0x30, 0x09, 0x95, 0x78, 0xAE, 0x69, 0x1E, 0xDF, 0xF1, 0xFE, 0x4F,
    0xEA, 0x78, 0x77, 0x3C, 0xD2, 0x5F, 0xF9, 0x10, 0x78, 0xF5, 0x1E, 0xE0, 0x22, 0xF0, 0x97, 0x0F,
    0x81, 0xB1, 0x13, 0xA0, 0xF9, 0xCF, 0x95, 0xF5, 0xCF, 0xF9, 0x17, 0x53, 0xDF, 0x7D, 0x01, 0x87,
    0x0B, 0x7F, 0x00, 0xAB, 0x8B, 0x90, 0x71, 0x3B, 0xAA, 0x29, 0x87, 0x3B, 0x1D, 0x2A, 0x42, 0x1B,
    0x2E, 0x79, 0x2C, 0x09, 0x9E, 0x37, 0x7F, 0x40, 0xE0, 0x41, 0x47, 0xCA, 0x4C, 0x96, 0x81, 0x6A,
    0xFE, 0x90, 0x34, 0x32, 0xE9, 0x5B, 0x0B, 0x11, 0xAF, 0x85, 0x5E, 0x62, 0x0A, 0xDF, 0xDF, 0x7F,
    0x8A, 0x88, 0x2F, 0x0E, 0x1B, 0x20, 0x91, 0xC1, 0x45, 0x58, 0xE0, 0x5E, 0x07, 0x17, 0x78, 0xA1,
    0x5B, 0x21, 0x01, 0xDF, 0xEB, 0xE0, 0x06, 0x01, 0x60, 0x7F, 0x15, 0xB5, 0xD2, 0x90, 0x08, 0xF1,
    0xE4, 0xB7, 0x71, 0xCD, 0x5E, 0x58, 0x19, 0xED, 0xE9, 0xCB, 0xA8, 0x43, 0xFE, 0x7B, 0x83, 0x37,
    0xEF, 0x03, 0xF1, 0xC7, 0x40, 0x44, 0x8E, 0x54, 0x4D, 0x23, 0x75, 0x43, 0xC4, 0xB3, 0xC5, 0x0D,
    0xAA, 0xA2, 0x0E, 0xF9, 0x36, 0x02, 0x8D, 0x08, 0x32, 0x5F, 0xB9, 0xBA, 0xC2, 0x23, 0xCC, 0x75,
    0x40, 0xEB, 0xEF, 0x84, 0x97, 0xBF, 0x4C, 0xF4, 0xD7, 0xD9, 0x0F, 0x4D, 0x00, 0xA4, 0xB3, 0x2B,
    0x8C, 0xA0, 0x92, 0xAE, 0xDD, 0x50, 0x8A, 0x4E, 0xDD, 0x51, 0x64, 0x02, 0xAA, 0xE3, 0xE3, 0x88,
    0x4C, 0x8C, 0xE5, 0x8D, 0xFF, 0x3B, 0xD1, 0x03, 0xFB, 0x97, 0x89, 0x8E, 0xB3, 0x7D, 0x30, 0xBB,
    0x9B, 0x9B, 0xBD, 0x11, 0xF9, 0xB0, 0x96, 0x78, 0xAF, 0x90, 0x99, 0x23, 0xBC, 0xEE, 0x78, 0x43,
    0x6C, 0x62, 0xFB, 0xBF, 0x3A, 0xCE, 0x64, 0x3B, 0x8F, 0xB3, 0xBF, 0xC0, 0x75, 0x1B, 0x29, 0xAA,
    0x97, 0xAF, 0x8D, 0xAD, 0x1F, 0x95, 0x7D, 0x87, 0xAC, 0x5F, 0xD7, 0xCE, 0x80, 0xC0, 0x46, 0x54,
    0x7C, 0x10, 0x7D, 0x4E, 0xE5, 0xF4, 0xE9, 0x85, 0x56, 0x76, 0x00, 0x78, 0xAB, 0x4B, 0x08, 0x1C,
    0x64, 0x0B, 0xEE, 0x03, 0xF2, 0xB3, 0x88, 0xFC, 0x5B, 0x14, 0x0F, 0xE0, 0xCD, 0x1B, 0x63, 0xA0,
    0x0A, 0x5F, 0x1E, 0x35, 0x61, 0xF3, 0xCB, 0x14, 0xDA, 0xD0, 0xCE, 0xE8, 0x83, 0xDD, 0x7F, 0xA4,
    0x8F, 0xB6, 0xDF, 0x85, 0x42, 0xE4, 0x87, 0x01, 0xDF, 0xC8, 0x7B, 0x05, 0x79, 0x3F, 0xAB, 0x50,
    0x71, 0x4D, 0x88, 0xA4, 0xBF, 0x7F, 0xE6, 0xEF, 0x63, 0x22, 0x24, 0x2F, 0xDD, 0x5F, 0xE8, 0x21,
    0xAA, 0xA6, 0xDF, 0xD7, 0x36, 0x20, 0x3A, 0x60, 0xB1, 0x47, 0xDC, 0xFA, 0xE3, 0x9C, 0x0D, 0x77,
    0x37, 0x6C, 0x51, 0x0D, 0x21, 0xB1, 0xF9, 0x68, 0x4D, 0x74, 0x7F, 0xC3, 0xE3, 0xAD, 0xF1, 0x80,
    0x59, 0xDC, 0xCB, 0x36, 0xD5, 0x51, 0x84, 0xD7, 0x60, 0xC2, 0x08, 0xFB, 0xDF, 0x11, 0xEE, 0x9D,
    0x80, 0x0F, 0xAC, 0xBF, 0xC3, 0x29, 0xFF, 0xA2, 0x6A, 0x51, 0x8B, 0x80, 0x76, 0x5F, 0x19, 0x2F,
    0xB8, 0xBF, 0x41, 0x8E, 0x81, 0x6C, 0xC3, 0x57, 0xAD, 0xC7, 0x7A, 0xFA, 0x5E, 0x30, 0x00, 0x4D,
    0x97, 0xE2, 0x7F, 0x1D, 0x4B, 0x2A, 0xB3, 0xE1, 0xBC, 0xEA, 0x69, 0x96, 0xBC, 0xF2, 0x21, 0x51,
    0x6E, 0xBD, 0x5E, 0xA8, 0x83, 0x9D, 0xF1, 0x58, 0xEB, 0x3D, 0x67, 0x47, 0xB9, 0x39, 0x8F, 0x66,
    0x85, 0x89, 0x29, 0x75, 0x31, 0xA5, 0xED, 0xC4, 0xB4, 0x5A, 0x9B, 0xC0, 0xB4, 0x5E, 0x6C, 0xA0,
    0x5F, 0x1B, 0x52, 0xFA, 0xE1, 0x87, 0x29, 0xAD, 0x17, 0xCE, 0xA0, 0x66, 0xAE, 0x56, 0x44, 0x87,
    0x76, 0x32, 0x31, 0xA5, 0x9D, 0xF3, 0x26, 0x16, 0xB1, 0x1D, 0x9C, 0x2F, 0x37, 0xB3, 0x34, 0x54,
    0x79, 0x37, 0xC1, 0xFA, 0xB1, 0x83, 0x30, 0x15, 0x40, 0xAA, 0x60, 0x27, 0x01, 0xC6, 0x7A, 0xAE,
    0xE6, 0x9D, 0xDF, 0xC6, 0x27, 0xF3, 0x9B, 0x0D, 0x70, 0x9F, 0x78, 0xF3, 0xBB, 0x78, 0xA4, 0x9F,
    0x45, 0xA0, 0xFD, 0xF5, 0x50, 0x7E, 0xBE, 0x02, 0x56, 0x3A, 0xC8, 0xC2, 0x14, 0x90, 0x70, 0x4E,
    0xEB, 0x1D, 0x18, 0x67, 0x4A, 0x90, 0xB7, 0xDF, 0x1F, 0x12, 0xA8, 0x23, 0x89, 0x56, 0x48, 0x48,
    0xC3, 0x4B, 0x26, 0x56, 0xCB, 0xE3, 0xFA, 0x0F, 0x13, 0x75, 0x68, 0x54, 0x51, 0xC7, 0x80, 0xBE,
    0xEF, 0xB5, 0xDE, 0x6E, 0x70, 0xB0, 0xDE, 0x0A, 0x46, 0xD8, 0xA9, 0xE9, 0xB1, 0xC3, 0x86, 0xB6,
    0xC5, 0xC6, 0x27, 0xAA, 0x1D, 0x22, 0x4C, 0xB8, 0x67, 0xFF, 0x3D, 0x25, 0xCB, 0x4F, 0x6C, 0x9A,
    0xDD, 0x65, 0xFC, 0x79, 0xF5, 0x51, 0x40, 0x11, 0xA3, 0xF9, 0x9F, 0x00, 0xC4, 0xD5, 0x7C, 0x1E,
    0x00, 0x59, 0x74, 0xF1, 0xD5, 0x87, 0x42, 0x38, 0xC2, 0x02, 0x34, 0x99, 0x21, 0x3A, 0x02, 0x4F,
    0x7F, 0xA5, 0xD0, 0x03, 0xC0, 0xB7, 0x08, 0x8C, 0x3E, 0xA1, 0x94, 0x90, 0x68, 0x7F, 0xBB, 0xE5,
    0x8D, 0xD3, 0xDB, 0x26, 0xBC, 0x34, 0x1D, 0xC3, 0xB6, 0x9D, 0x4E, 0x7B, 0xA8, 0xC5, 0x8E, 0x8A,
    0x77, 0x90, 0xA1, 0x5E, 0x8E, 0x93, 0xE4, 0x79, 0x74, 0xB7, 0xD4, 0x1D, 0xF6, 0x37, 0xBA, 0x16,
    0xFF, 0xFC, 0x58, 0xA7, 0x2D, 0xE7, 0x47, 0xF9, 0x78, 0xF3, 0xF7, 0x6B, 0xCF, 0xCA, 0xE2, 0x21,
    0x4E, 0x9B, 0x44, 0x4E, 0xC0, 0xB1, 0xEC, 0x61, 0x56, 0x1B, 0x70, 0xC3, 0x46, 0xC0, 0x75, 0xAE,
    0xC3, 0xC8, 0xBA, 0x84, 0x4A, 0x6C, 0xB0, 0x93, 0xFE, 0x58, 0xC4, 0x44, 0x54, 0xC1, 0x2C, 0x30,
    0x4B, 0x15, 0x60, 0xA2, 0xA5, 0xA4, 0x76, 0x3A, 0x3D, 0x35, 0xC7, 0x36, 0xA1, 0xE7, 0x24, 0x76,
    0x63, 0xBE, 0xC3, 0x76, 0x23, 0x62, 0xBE, 0xEF, 0x66, 0x21, 0x42, 0x42, 0x4D, 0xF0, 0xE6, 0x37,
    0xE2, 0x09, 0x24, 0xAC, 0x09, 0xB0, 0xFE, 0x01, 0xB2, 0x14, 0x4A, 0x3D, 0xF3, 0xF2, 0x88, 0x0C,
    0xFC, 0xB9, 0xF2, 0x03, 0xA2, 0xDC, 0xC8, 0x7A, 0x21, 0x5B, 0xFF, 0x98, 0xED, 0x33, 0xD9, 0xAF,
    0x11, 0x3A, 0x67, 0xF2, 0x9D, 0x42, 0x1B, 0xC8, 0xDE, 0x93, 0xF2, 0xC4, 0x8B, 0x1D, 0x2F, 0xEE,
    0xE7, 0x39, 0xD6, 0x04, 0xD2, 0x3D, 0xF1, 0xE2, 0x44, 0xF6, 0x92, 0xEC, 0x1A, 0x01, 0xDB, 0x1D,
    0xFD, 0x19, 0x81, 0x42, 0x5F, 0xF2, 0x6F, 0xB6, 0x3A, 0xE6, 0x78, 0xF4, 0xAF, 0x99, 0x8F, 0xAA,
    0x04, 0x30, 0x8F, 0x38, 0xB5, 0x81, 0xF7, 0x05, 0x36, 0x1C, 0xA7, 0x46, 0x91, 0x98, 0x23, 0xE0,
    0x40, 0x1B, 0xBB, 0x33, 0x1D, 0x5E, 0x22, 0xAD, 0xAC, 0xD7, 0xBE, 0x6A, 0xE4, 0x31, 0x70, 0x77,
    0x5A, 0xF5, 0x8F, 0x78, 0x89, 0x1B, 0xC8, 0x6F, 0xBF, 0x14, 0x5A, 0xD9, 0xC0, 0xBF, 0x44, 0x23,
    0xA0, 0xB7, 0x3D, 0x00, 0xDF, 0xEC, 0xEE, 0x44, 0xA7, 0xFF, 0x07, 0xC5, 0xCE, 0xB1, 0x11, 0xA3,
    0x3A, 0x14, 0x05, 0xD0, 0x83, 0xFD, 0x67, 0x08, 0x08, 0xF4, 0x2B, 0x58, 0x0A, 0xD8, 0x99, 0xA5,
    0x04, 0xE8, 0x0C, 0xCA, 0xD9, 0x2E, 0x4C, 0x09, 0x94, 0xE0, 0x12, 0x14, 0x38, 0x70, 0x20, 0xF4,
    0x16, 0x25, 0x1E, 0x67, 0x1B, 0xEE, 0x9B, 0xAB, 0x13, 0xE9, 0x3E, 0xC9, 0x10, 0x4F, 0x1E, 0x11,
    0xEE, 0x11, 0x71, 0xA4, 0xEA, 0x91, 0xC7, 0x2C, 0x95, 0x79, 0x77, 0x3F, 0x2E, 0xF8, 0x60, 0xCA,
    0x48, 0x15, 0x7D, 0x5C, 0x76, 0x11, 0x6F, 0xA6, 0x88, 0x8D, 0x47, 0x64, 0x97, 0x05, 0xFD, 0x89,
    0xAE, 0x42, 0x68, 0x4C, 0x8D, 0x75, 0x77, 0xAB, 0x73, 0xD6, 0x97, 0x54, 0xAD, 0xAF, 0x3E, 0x22,
    0x9E, 0x2E, 0x96, 0xF6, 0x03, 0x80, 0xFF, 0x60, 0x85, 0x69, 0x41, 0xDA, 0x1B, 0x1B, 0xC6, 0x85,
    0x2E, 0x70, 0x7B, 0x63, 0x3D, 0x5D, 0xFD, 0x7D, 0x8C, 0xC8, 0xF3, 0x3E, 0x94, 0xD5, 0xED, 0xB5,
    0x62, 0x6E, 0xE7, 0x60, 0x8A, 0x4D, 0x8A, 0xAA, 0x6B, 0x4F, 0x0C, 0xF1, 0x62, 0x2C, 0x74, 0x27,
    0xEA, 0x2F, 0x6A, 0x70, 0xCE, 0x47, 0x5F, 0x5A, 0xBF, 0x8F, 0x38, 0xDA, 0x3E, 0x60, 0xA1, 0xCF,
    0xAE, 0x75, 0x28, 0x78, 0xD3, 0xB5, 0x7A, 0x66, 0xDA, 0x44, 0x9B, 0xED, 0x5B, 0xD6, 0x85, 0x7F,
    0xED, 0xF7, 0xFC, 0x00, 0xD3, 0x06, 0x69, 0x87, 0xA1, 0x29, 0xED, 0x9F, 0xFB, 0xB7, 0xD3, 0x67,
    0x8A, 0xEF, 0xAC, 0x51, 0xAE, 0xFC, 0xAC, 0xBF, 0x15, 0x7F, 0xCF, 0x49, 0x14, 0x8F, 0x62, 0x2A,
    0x80, 0x61, 0x91, 0x0E, 0xF7, 0xAC, 0xE5, 0x69, 0xDC, 0x05, 0xFF, 0xFB, 0x03, 0x0D, 0xC2, 0x81,
    0x65, 0x05, 0x31, 0x1C, 0xC0, 0xE1, 0xDF, 0x49, 0x09, 0x0E, 0x29, 0x40, 0x0B, 0x01, 0xA0, 0x90,
    0x05, 0xEA, 0xFE, 0x19, 0xA1, 0x6B, 0xB4, 0x33, 0xF4, 0xF5, 0x45, 0xDF, 0x02, 0x37, 0x46, 0x15,
    0xBA, 0xC0, 0x3D, 0x09, 0x5D, 0xE0, 0x46, 0xB8, 0x11, 0x42, 0x83, 0xD0, 0x5C, 0xD3, 0xF3, 0x7D,
    0xF0, 0x48, 0x44, 0x92, 0xD9, 0x54, 0x01, 0x8A, 0xAA, 0x63, 0xB6, 0x49, 0x40, 0x3C, 0x43, 0x5F,
    0xD1, 0xBF, 0x15, 0xB7, 0xFE, 0xF1, 0x70, 0x18, 0xAB, 0x0E, 0xAE, 0x7F, 0x25, 0x89, 0xDD, 0xBF,
    0xAA, 0x9D, 0xD8, 0xDB, 0xF1, 0xE5, 0xF3, 0xE3, 0x8D, 0xAB, 0xBC, 0x37, 0xDB, 0x8B, 0xEE, 0x2B,
    0xCF, 0x80, 0x10, 0x43, 0x0C, 0x02, 0x20, 0xD4, 0x78, 0xD9, 0xE3, 0xA5, 0x09, 0x15, 0x18, 0x1B,
    0xD2, 0x99, 0xAC, 0x5F, 0x4C, 0x5A, 0x4C, 0x98, 0x9C, 0x77, 0x1D, 0x5D, 0x01, 0xA0, 0x58, 0x54,
    0x39, 0x33, 0xE6, 0x1D, 0xFB, 0x5D, 0x98, 0xCC, 0x8A, 0x84, 0x88, 0xF9, 0x69, 0xA8, 0x9E, 0xA1,
    0x27, 0xB8, 0x03, 0x9D, 0xDD, 0x36, 0xB1, 0x1C, 0x04, 0xE7, 0x41, 0xAD, 0x2A, 0x0F, 0x95, 0x3A,
    0x94, 0x31, 0x4B, 0xBA, 0x41, 0x79, 0x1D, 0xCC, 0x6C, 0x1B, 0xA7, 0xDB, 0xD3, 0xB9, 0xDD, 0xCF,
    0xC3, 0x6C, 0x36, 0xE1, 0xC4, 0x95, 0xF3, 0x93, 0x14, 0x53, 0xFE, 0x01, 0x9D, 0xCF, 0x01, 0x66,
    0x00, 0x31, 0x10, 0x85, 0xE1, 0xBF, 0x8D, 0x0A, 0x16, 0x39, 0xC2, 0x1E, 0x21, 0x47, 0x48, 0x6F,
    0xD6, 0xDE, 0x2C, 0x39, 0x42, 0x8E, 0x92, 0x12, 0x2C, 0x9D, 0xDD, 0x74, 0x9E, 0x00, 0x55, 0xD0,
    0xB1, 0xFB, 0x31, 0x99, 0x3C, 0x31, 0xBC, 0xA1, 0x4A, 0x0D, 0x39, 0x64, 0x34, 0x49, 0xE5, 0xAF,
    0x5A, 0x40, 0xE9, 0xA5, 0xB9, 0x2D, 0x77, 0xF5, 0x1E, 0x7A, 0x79, 0x88, 0x17, 0xC1, 0xF4, 0x1D,
    0x73, 0x1F, 0xCA, 0x7D, 0x4D, 0xE6, 0xAE, 0x60, 0xFA, 0x7A, 0xDC, 0xF8, 0x6D, 0x6E, 0x58, 0xD3,
    0x65, 0x0D, 0x59, 0x9B, 0x2C, 0xDB, 0xCF, 0x7F, 0x38, 0x80, 0x57, 0x73, 0x58, 0xA2, 0xBC, 0xEF,
    0x9D, 0x7E, 0x57, 0xD5, 0xC8, 0x87, 0x55, 0x6F, 0x2D, 0x72, 0xE3, 0x26, 0x75, 0x0F, 0xA6, 0x11,
    0x8C, 0x38, 0xC2, 0x24, 0xCC, 0x38, 0x08, 0xA6, 0xAD, 0x2C, 0x75, 0xB8, 0xCF, 0x06, 0x35, 0x3B,
    0x1F, 0x1E, 0xA4, 0x54, 0x20, 0x2F, 0x27, 0xDD, 0xC2, 0x9C, 0x43, 0x84, 0x29, 0x86, 0x5A, 0x71,
    0x76, 0xFF, 0x57, 0x13, 0x38, 0x97, 0xF3, 0x03, 0xFA, 0x80, 0x07, 0xA8, 0x00, 0x6A, 0xA3, 0x02,
    0x13, 0xB9, 0x81, 0x18, 0x38, 0xBE, 0x85, 0x18, 0x30, 0x20, 0x00, 0x80, 0x07, 0x78, 0x5C, 0x82,
    0x1B, 0xB8, 0x8F, 0x0C, 0x69, 0x20, 0x40, 0xAA, 0x48, 0x13, 0xDE, 0x74, 0xF0, 0x75, 0xA4, 0x82,
    0x00, 0x49, 0x2C, 0x48, 0x03, 0x5B, 0x82, 0x21, 0x0D, 0x08, 0xDE, 0xC0, 0x01, 0x7B, 0xAF, 0x58,
    0x11, 0xF7, 0x3E, 0xF8, 0x04, 0xC2, 0x41, 0x84, 0x76, 0x3C, 0x96, 0xE4, 0xD1, 0xCA, 0x6A, 0xF2,
    0x43, 0x2B, 0x44, 0x48, 0x15, 0x50, 0x47, 0x32, 0x1C, 0x9F, 0x04, 0x8A, 0xDB, 0x1D, 0x70, 0x3C,
    0x02, 0x04, 0x33, 0xD1, 0x1E, 0x7A, 0x84, 0xAE, 0xD0, 0xF7, 0xB7, 0x4B, 0x86, 0x25, 0x01, 0xB9,
    0xB0, 0xCB, 0x3E, 0x24, 0xA1, 0x24, 0xE9, 0x87, 0x34, 0xEF, 0x04, 0xE9, 0x56, 0x07, 0x66, 0x5B,
    0xCC, 0x74, 0xF3, 0x8F, 0x9F, 0x1F, 0x67, 0xD3, 0xD9, 0x9C, 0xB0, 0x99, 0x5D, 0x9F, 0x57, 0x8F,
    0xB4, 0x24, 0xE9, 0x84, 0xC6, 0x1E, 0x5C, 0x58, 0x59, 0x87, 0xD2, 0x80, 0xC4, 0x19, 0x2B, 0x95,
    0x56, 0x28, 0x13, 0x06, 0xDC, 0x81, 0x32, 0x2F, 0xD7, 0xB1, 0x1E, 0xF7, 0x48, 0xCB, 0xDB, 0x24,
    0xC7, 0x2E, 0x7F, 0x25, 0xAC, 0xFD, 0xA7, 0xCA, 0x3F, 0x8D, 0x9F, 0xDC, 0x49, 0xEA, 0xE6, 0xCE,
    0xE3, 0xB5, 0x9C, 0x5B, 0x39, 0x92, 0x97, 0xE9, 0xD0, 0xE8, 0x5D, 0xF3, 0x48, 0xF9, 0xCB, 0x5E,
    0x5C, 0x9E, 0x3D, 0x1B, 0x22, 0x8D, 0xDE, 0x37, 0x05, 0x4D, 0x05, 0xFE, 0x0A, 0xB3, 0x99, 0xE9,
    0x0E, 0x38, 0x44, 0xE2, 0xFF, 0xC0, 0xED, 0xCD, 0x5F, 0x17, 0xFF, 0x4B, 0x8F, 0x69, 0x41, 0xB2,
    0x33, 0xC8, 0x0C, 0xBD, 0x99, 0x70, 0x9C, 0x12, 0xC7, 0x64, 0xD8, 0x0E, 0x99, 0x8D, 0xAD, 0x19,
    0x60, 0x27, 0xE0, 0xCD, 0x88, 0x7E, 0x24, 0x69, 0x97, 0x49, 0x58, 0x69, 0x9D, 0x0B, 0x6B, 0x5F,
    0x9D, 0xD3, 0x69, 0xF8, 0x1D, 0xC7, 0xBC, 0xE0, 0x62, 0xAE, 0x8C, 0xB4, 0xC2, 0xCD, 0x55, 0x40,
    0x91, 0xE3, 0xC2, 0x82, 0x41, 0xE0, 0x36, 0x79, 0x90, 0xA3, 0xFE, 0x3B, 0x92, 0xE2, 0x39, 0xF8,
    0x79, 0xE3, 0xA9, 0x06, 0xAF, 0x1B, 0x6F, 0x75, 0xAF, 0xA1, 0x12, 0x9C, 0x41, 0xCA, 0x82, 0xE0,
    0xC2, 0x32, 0x01, 0x2F, 0xBD, 0xCE, 0xFB, 0x1D, 0xD2, 0x09, 0x08, 0x9B, 0xB5, 0xD3, 0xD6, 0x80,
    0xDE, 0xB3, 0xE8, 0x85, 0x6D, 0xC1, 0x6C, 0x19, 0x00, 0x67, 0xB3, 0x53, 0x32, 0x53, 0x00, 0x76,
    0x38, 0x1F, 0x6A, 0x7B, 0xEA, 0x56, 0xFF, 0x47, 0x49, 0x31, 0x53, 0x69, 0xAA, 0x0F, 0xD2, 0x2E,
    0x60, 0x12, 0x6C, 0x9C, 0xB4, 0x2B, 0xE0, 0x3E, 0xE3, 0x1B, 0x30, 0xC8, 0xCE, 0x79, 0xDC, 0x6B,
    0x9E, 0x71, 0xF9, 0xD6, 0xB7, 0xF6, 0xA2, 0xE9, 0x83, 0x5C, 0x7A, 0xD1, 0x02, 0xC4, 0x1D, 0x62,
    0x8A, 0xCB, 0xDD, 0x48, 0x31, 0x14, 0x4C, 0x19, 0x86, 0x54, 0xD1, 0xAE, 0x1E, 0x60, 0xD9, 0xDC,
    0x49, 0x7B, 0xDA, 0xC4, 0x00, 0x83, 0xBF, 0xF7, 0x05, 0xA4, 0x7B, 0xBC, 0x46, 0x3C, 0x63, 0xF0,
    0x78, 0x7C, 0xF6, 0xA2, 0xD3, 0x5D, 0x74, 0x62, 0x78, 0x47, 0x1E, 0x1D, 0xCD, 0xC1, 0x47, 0xBC,
    0x6C, 0x2B, 0xF6, 0x34, 0x44, 0x89, 0x43, 0x6C, 0xC5, 0xE5, 0x81, 0xD8, 0x44, 0xEC, 0x20, 0xC4,
    0xA6, 0xD8, 0x98, 0x43, 0xFC, 0xEB, 0x4E, 0xAF, 0x5A, 0xE4, 0x3F, 0xB7, 0xD0, 0xAB, 0x16, 0x23,
    0x9C, 0x67, 0x96, 0xA9, 0x70, 0x09, 0xCD, 0x7D, 0xAB, 0x7D, 0xA1, 0x85, 0xB4, 0xD5, 0xA4, 0x87,
    0x15, 0x15, 0x1F, 0x7E, 0x01, 0x9D, 0xCF, 0x47, 0x61, 0xC5, 0x30, 0x10, 0x84, 0xE1, 0x3F, 0xBD,
    0x27, 0x10, 0x0C, 0xE1, 0x41, 0x58, 0x33, 0x53, 0x98, 0x59, 0x10, 0x0C, 0x41, 0x10, 0xD2, 0xAB,
    0xEC, 0x89, 0x26, 0xBD, 0xB7, 0xCB, 0x77, 0xD8, 0xBE, 0x92, 0x0E, 0x19, 0x9A, 0x57, 0x34, 0x34,
    0xA1, 0x99, 0x25, 0x59, 0xC2, 0xD2, 0xF5, 0xF6, 0xA0, 0xB9, 0x7C, 0xF4, 0x3F, 0xD7, 0xB0, 0x30,
    0xDB, 0x95, 0x6A, 0xBB, 0xA6, 0xA4, 0x23, 0xAB, 0xD1, 0xCE, 0xC0, 0xB2, 0x0A, 0x10, 0x12, 0x2C,
    0x49, 0xCA, 0xAC, 0xA8, 0x4F, 0x47, 0x1C, 0x5C, 0xB1, 0x73, 0xC5, 0xA2, 0xB0, 0x5C, 0x89, 0x0C,
    0x67, 0xA4, 0x1E, 0x40, 0x3C, 0x1B, 0x7E, 0x03, 0x0B, 0x4B, 0x15, 0xDE, 0xE8, 0xF8, 0x11, 0x36,
    0x3F, 0x77, 0x0D, 0xC6, 0x73, 0xE0, 0x71, 0x66, 0x14, 0x96, 0x26, 0xEF, 0xDA, 0xA8, 0x6C, 0x78,
    0x2F, 0xCB, 0x72, 0x07, 0x49, 0x82, 0x16, 0x2A, 0x24, 0x07, 0x1E, 0xA9, 0x38, 0x06, 0x30, 0x64,
    0x20, 0x4C, 0x37, 0xBE, 0x2A, 0x81, 0xC5, 0x63, 0xC2, 0xE3, 0x48, 0x9A, 0x68, 0x14, 0x88, 0x6B,
    0xE0, 0xA0, 0x02, 0x2B, 0x02, 0x70, 0x29, 0x71, 0xF4, 0x55, 0x70, 0xC7, 0xC1, 0x65, 0x71, 0x07,
    0xCD, 0x94, 0x31, 0xCE, 0xD4, 0x30, 0x10, 0x85, 0x5F, 0x92, 0x5F, 0x0A, 0x52, 0x8A, 0x70, 0x03,
    0x5F, 0x00, 0x69, 0x5B, 0x1A, 0xE4, 0x54, 0x5C, 0x83, 0x8A, 0x5B, 0x80, 0xE2, 0x9E, 0x6B, 0x70,
    0x8F, 0x0D, 0x37, 0x30, 0x37, 0xB0, 0xC4, 0x01, 0xB0, 0x20, 0x45, 0x24, 0x92, 0x3C, 0xE6, 0x09,
    0x9B, 0xFF, 0xDF, 0xA5, 0xA0, 0xA1, 0xC0, 0x92, 0x3F, 0xD9, 0x33, 0xEF, 0xCD, 0x78, 0xB5, 0xB3,
    0xDB, 0x31, 0x00, 0x1D, 0x0F, 0x81, 0x0B, 0xD0, 0x70, 0x05, 0x30, 0xEC, 0xD0, 0xD1, 0x80, 0x79,
    0x32, 0xF8, 0x05, 0xEE, 0x74, 0x4B, 0x43, 0x7E, 0x8D, 0x03, 0xC9, 0xE4, 0xB6, 0x96, 0xD9, 0xA2,
    0x73, 0x9E, 0x03, 0x7C, 0x26, 0x30, 0xFE, 0xC2, 0x59, 0x30, 0x18, 0x4A, 0x2C, 0x09, 0x8B, 0x74,
    0x8B, 0x1C, 0x41, 0x5E, 0xF4, 0xE4, 0x8E, 0x86, 0xCC, 0x80, 0xE3, 0x04, 0x4F, 0xBB, 0x3F, 0x01,
    0x80, 0xFF, 0x06, 0x77, 0x4F, 0x8B, 0xD0, 0x07, 0x33, 0xF4, 0xBB, 0xA1, 0x3D, 0x0C, 0xA0, 0xE0,
    0x17, 0x83, 0x4B, 0x86, 0x61, 0x35, 0x74, 0x3B, 0x6A, 0x66, 0x0E, 0x86, 0x4B, 0x31, 0xEA, 0x54,
    0x63, 0xAC, 0x3A, 0x39, 0xE4, 0x2D, 0x55, 0x58, 0x2A, 0xAB, 0x87, 0x4C, 0x35, 0x7E, 0xF7, 0x16,
    0xDE, 0x02, 0xB5, 0x86, 0xC4, 0xB5, 0x77, 0x73, 0xA2, 0x36, 0x51, 0xA1, 0xDA, 0x1E, 0x55, 0x52,
    0x3B, 0xA1, 0xDF, 0xAA, 0xA4, 0x26, 0xE7, 0x20, 0xB2, 0xFA, 0xCB, 0x2B, 0xE1, 0x9E, 0x48, 0x38,
    0xFD, 0xB5, 0x85, 0x5B, 0x7C, 0xF2, 0xD9, 0xA7, 0x31, 0xA8, 0x95, 0x44, 0xDD, 0x26, 0xAC, 0x82,
    0xD4, 0xBD, 0x30, 0x08, 0x63, 0x16, 0x92, 0x10, 0x05, 0xF9, 0x9D, 0x70, 0x11, 0x7C, 0x10, 0x26,
    0x01, 0x15, 0x33, 0xFC, 0x81, 0x2B, 0x3C, 0x71, 0x0A, 0x87, 0x54, 0xBB, 0xE9, 0x3F, 0x19, 0xC6,
    0xCF, 0xC2, 0xB7, 0x0D, 0xE8, 0xBF, 0xAF, 0x40, 0xF7, 0x23, 0x03, 0x2D, 0x0D, 0x78, 0x84, 0x4F,
    0x42, 0x04, 0xAE, 0x09, 0x97, 0x0D, 0x3D, 0x8F, 0x86, 0x9C, 0x46, 0xF2, 0x03, 0xB9, 0xF8, 0xE8,
    0x99, 0x5D, 0xF6, 0x53, 0xCF, 0xA9, 0xCF, 0x1E, 0xED, 0x89, 0xEE, 0xF7, 0x2D, 0x5E, 0x98, 0x5C,
    0x2E, 0xCA, 0xE2, 0x2B, 0x55, 0x80, 0x39, 0xA2, 0x61, 0xB6, 0x96, 0x2B, 0xFA, 0x2F, 0x19, 0x63,
    0x9C, 0x6C, 0xE3, 0xCF, 0xBD, 0xFC, 0x93, 0xFD, 0x60, 0xDB, 0xBF, 0x09, 0xF0, 0x04, 0xFC, 0x09,
    0x8C, 0x7A, 0x82, 0x56, 0xC7, 0xD0, 0xE6, 0x91, 0x87, 0xBD, 0x9A, 0x64, 0xF6, 0xAF, 0xC9, 0xE5,
    0x3D, 0x1C, 0xF1, 0x00, 0x3C, 0x07, 0xB4, 0x9A, 0x8F, 0x68, 0xC2, 0xC8, 0x28, 0xC9, 0xD9, 0x4B,
    0xC2, 0x24, 0xC9, 0xF2, 0x0C, 0x78, 0x8B, 0x9B, 0xE1, 0x9B, 0x27, 0x03, 0x71, 0xD5, 0xA8, 0x3D,
    0xA2, 0x24, 0x59, 0xE7, 0x40, 0x63, 0x70, 0x2F, 0xA9, 0xE3, 0xAC, 0xA4, 0x2A, 0xD6, 0x39, 0xD5,
    0x7A, 0x51, 0xFE, 0x6E, 0x1A, 0x1A, 0x2E, 0xD4, 0x77, 0xC0, 0xD0, 0x90, 0xD1, 0x2E, 0x2B, 0xE0,
    0x65, 0xF3, 0xAB, 0xC0, 0x04, 0xB4, 0x96, 0x04, 0x1C, 0xD5, 0x69, 0x56, 0xBE, 0x95, 0x0D, 0x4E,
    0xC0, 0x3B, 0xE1, 0xFE, 0x37, 0xF2, 0x12, 0x8A, 0x45, 0xE1, 0x14, 0xB8, 0xC9, 0xC4, 0x08, 0x0C,
    0x54, 0x40, 0x5D, 0x80, 0xEB, 0xAE, 0xA3, 0x61, 0xE0, 0xA6, 0xF4, 0xD4, 0x5C, 0x99, 0x2C, 0x77,
    0xC8, 0x11, 0xCA, 0x9C, 0xBC, 0x42, 0x5D, 0x77, 0x3D, 0x7E, 0x02,
};

static const EpdGlyph atkinson_hn_18_regularGlyphs[] = {
    { 0, 0, 0, 0, 0, 0, 0 }, // U+0000
    { 0, 0, 156, 0, 0, 0, 0 }, // U+000D
    { 0, 0, 168, 0, 0, 0, 0 }, // U+0020
    { 6, 26, 172, 2, 25, 39, 0 }, // !
    { 9, 9, 181, 1, 25, 21, 39 }, // "
    { 23, 25, 391, 1, 25, 144, 60 }, // #
    { 20, 33, 355, 1, 29, 165, 204 }, // $
    { 33, 27, 551, 1, 26, 223, 369 }, // %
    { 25, 27, 439, 2, 26, 169, 592 }, // &
    { 4, 9, 96, 1, 25, 9, 761 }, // '
    { 8, 33, 179, 2, 27, 66, 770 }, // (
    { 9, 33, 179, 1, 27, 75, 836 }, // )
    { 14, 13, 291, 2, 25, 46, 911 }, // *
    { 19, 19, 364, 2, 19, 91, 957 }, // +
    { 6, 10, 126, 1, 4, 15, 1048 }, // ,
    { 12, 4, 217, 1, 11, 12, 1063 }, // -
    { 6, 5, 126, 1, 4, 8, 1075 }, // .
    { 14, 30, 232, 0, 27, 105, 1083 }, // /
    { 21, 27, 389, 2, 26, 142, 1188 }, // 0
    { 11, 25, 244, 1, 25, 69, 1330 }, // 1
    { 19, 26, 329, 1, 26, 124, 1399 }, // 2
    { 19, 27, 346, 1, 26, 129, 1523 }, // 3
    { 21, 25, 368, 1, 25, 132, 1652 }, // 4
    { 18, 26, 353, 2, 25, 117, 1784 }, // 5
    { 19, 27, 359, 2, 26, 129, 1901 }, // 6
    { 18, 25, 306, 0, 25, 113, 2030 }, // 7
    { 19, 27, 369, 2, 26, 129, 2143 }, // 8
    { 19, 26, 357, 2, 26, 124, 2272 }, // 9
    { 6, 20, 126, 1, 19, 30, 2396 }, // :
    { 6, 25, 126, 1, 19, 38, 2426 }, // ;
    { 19, 19, 332, 1, 19, 91, 2464 }, // <
    { 20, 9, 377, 2, 14, 45, 2555 }, // =
    { 19, 19, 332, 1, 19, 91, 2600 }, // >
    { 17, 27, 288, 1, 26, 115, 2691 }, // ?
    { 27, 27, 467, 1, 23, 183, 2806 }, // @
    { 24, 25, 376, 0, 25, 150, 2989 }, // A
    { 20, 25, 368, 2, 25, 125, 3139 }, // B
    { 22, 27, 387, 1, 26, 149, 3264 }, // C
    { 22, 25, 401, 2, 25, 138, 3413 }, // D
    { 18, 25, 341, 2, 25, 113, 3551 }, // E
    { 18, 25, 331, 2, 25, 113, 3664 }, // F
    { 23, 27, 416, 1, 26, 156, 3777 }, // G
    { 22, 25, 416, 2, 25, 138, 3933 }, // H
    { 11, 25, 235, 2, 25, 69, 4071 }, // I
    { 17, 26, 307, 0, 25, 111, 4140 }, // J
    { 22, 25, 379, 2, 25, 138, 4251 }, // K
    { 18, 25, 325, 2, 25, 113, 4389 }, // L
    { 26, 25, 494, 2, 25, 163, 4502 }, // M
    { 22, 25, 416, 2, 25, 138, 4665 }, // N
    { 25, 27, 428, 1, 26, 169, 4803 }, // O
    { 20, 25, 355, 2, 25, 125, 4972 }, // P
    { 27, 29, 434, 1, 26, 196, 5097 }, // Q
    { 21, 25, 368, 2, 25, 132, 5293 }, // R
    { 20, 27, 355, 1, 26, 135, 5425 }, // S
    { 21, 25, 335, 0, 25, 132, 5560 }, // T
    { 22, 26, 414, 2, 25, 143, 5692 }, // U
    { 22, 25, 356, 0, 25, 138, 5835 }, // V
    { 32, 25, 514, 0, 25, 200, 5973 }, // W
    { 23, 25, 374, 0, 25, 144, 6173 }, // X
    { 22, 25, 345, 0, 25, 138, 6317 }, // Y
    { 21, 25, 364, 1, 25, 132, 6455 }, // Z
    { 9, 33, 190, 2, 27, 75, 6587 }, // [
    { 14, 30, 232, 0, 27, 105, 6662 }, // <backslash>
    { 8, 33, 206, 2, 27, 66, 6767 }, // ]
    { 18, 14, 331, 1, 25, 63, 6833 }, // ^
    { 16, 3, 223, -1, 0, 12, 6896 }, // _
    { 10, 7, 187, 1, 30, 18, 6908 }, // `
    { 17, 21, 315, 1, 20, 90, 6926 }, // a
    { 18, 28, 340, 2, 27, 126, 7016 }, // b
    { 17, 21, 291, 1, 20, 90, 7142 }, // c
    { 19, 28, 338, 1, 27, 133, 7232 }, // d
    { 19, 21, 323, 1, 20, 100, 7365 }, // e
    { 11, 28, 188, 0, 28, 77, 7465 }, // f
    { 18, 27, 335, 1, 20, 122, 7542 }, // g
    { 16, 27, 330, 2, 27, 108, 7664 }, // h
    { 8, 27, 151, 0, 27, 54, 7772 }, // i
    { 11, 33, 147, -3, 27, 91, 7826 }, // j
    { 17, 27, 295, 2, 27, 115, 7917 }, // k
    { 8, 27, 157, 2, 27, 54, 8032 }, // l
    { 28, 20, 507, 2, 20, 140, 8086 }, // m
    { 16, 20, 330, 2, 20, 80, 8226 }, // n
    { 19, 21, 329, 1, 20, 100, 8306 }, // o
    { 18, 26, 340, 2, 20, 117, 8406 }, // p
    { 23, 27, 344, 1, 20, 156, 8523 }, // q
    { 11, 20, 209, 2, 20, 55, 8679 }, // r
    { 16, 21, 283, 1, 20, 84, 8734 }, // s
    { 11, 24, 196, 0, 24, 66, 8818 }, // t
    { 16, 20, 324, 2, 19, 80, 8884 }, // u
    { 17, 19, 277, 0, 19, 81, 8964 }, // v
    { 26, 19, 410, 0, 19, 124, 9045 }, // w
    { 18, 19, 289, 0, 19, 86, 9169 }, // x
    { 17, 25, 269, 0, 19, 107, 9255 }, // y
    { 16, 19, 276, 1, 19, 76, 9362 }, // z
    { 11, 33, 206, 1, 27, 91, 9438 }, // {
    { 4, 38, 142, 2, 32, 38, 9529 }, // |
    { 11, 33, 206, 1, 27, 91, 9567 }, // }
    { 19, 7, 333, 1, 13, 34, 9658 }, // ~
    { 0, 0, 168, 0, 0, 0, 0 }, // U+00A0
    { 6, 27, 172, 2, 20, 41, 0 }, // U+00A1
    { 17, 27, 291, 1, 23, 115, 41 }, // U+00A2
    { 20, 27, 366, 2, 26, 135, 156 }, // U+00A3
    { 19, 18, 348, 1, 21, 86, 291 }, // U+00A4
    { 22, 25, 345, 0, 25, 138, 377 }, // U+00A5
    { 4, 38, 142, 2, 32, 38, 515 }, // U+00A6
    { 18, 33, 317, 1, 26, 149, 553 }, // U+00A7
    { 12, 4, 351, 5, 28, 12, 702 }, // U+00A8
    { 27, 27, 479, 1, 26, 183, 714 }, // U+00A9
    { 11, 11, 223, 1, 26, 31, 897 }, // U+00AA
    { 19, 16, 337, 1, 17, 76, 928 }, // U+00AB
    { 20, 12, 361, 1, 15, 60, 1004 }, // U+00AC
    { 27, 27, 479, 1, 26, 183, 1064 }, // U+00AE
    { 20, 3, 300, -1, 32, 15, 1247 }, // U+00AF
    { 11, 11, 211, 1, 26, 31, 1262 }, // U+00B0
    { 19, 19, 347, 1, 19, 91, 1293 }, // U+00B1
    { 12, 15, 229, 1, 30, 45, 1384 }, // U+00B2
    { 12, 15, 230, 1, 31, 45, 1429 }, // U+00B3
    { 10, 6, 187, 1, 29, 15, 1474 }, // U+00B4
    { 18, 31, 305, 1, 25, 140, 1489 }, // U+00B6
    { 5, 5, 144, 2, 12, 7, 1629 }, // U+00B7
    { 8, 9, 137, 0, 0, 18, 1636 }, // U+00B8
    { 7, 15, 154, 1, 29, 27, 1654 }, // U+00B9
    { 12, 12, 228, 1, 26, 36, 1681 }, // U+00BA
    { 19, 16, 337, 1, 17, 76, 1717 }, // U+00BB
    { 28, 25, 490, 1, 25, 175, 1793 }, // U+00BC
    { 28, 25, 492, 1, 25, 175, 1968 }, // U+00BD
    { 30, 26, 520, 1, 26, 195, 2143 }, // U+00BE
    { 17, 27, 270, 0, 20, 115, 2338 }, // U+00BF
    { 24, 33, 376, 0, 33, 198, 2453 }, // U+00C0
    { 24, 33, 376, 0, 33, 198, 2651 }, // U+00C1
    { 24, 33, 376, 0, 33, 198, 2849 }, // U+00C2
    { 24, 32, 376, 0, 32, 192, 3047 }, // U+00C3
    { 24, 32, 376, 0, 32, 192, 3239 }, // U+00C4
    { 24, 32, 376, 0, 32, 192, 3431 }, // U+00C5
    { 32, 25, 535, 0, 25, 200, 3623 }, // U+00C6
    { 22, 33, 387, 1, 26, 182, 3823 }, // U+00C7
    { 18, 33, 341, 2, 33, 149, 4005 }, // U+00C8
    { 18, 33, 341, 2, 33, 149, 4154 }, // U+00C9
    { 18, 33, 341, 2, 33, 149, 4303 }, // U+00CA
    { 18, 32, 341, 2, 32, 144, 4452 }, // U+00CB
    { 11, 33, 235, 2, 33, 91, 4596 }, // U+00CC
    { 11, 33, 235, 2, 33, 91, 4687 }, // U+00CD
    { 13, 33, 235, 1, 33, 108, 4778 }, // U+00CE
    { 12, 32, 235, 1, 32, 96, 4886 }, // U+00CF
    { 24, 25, 413, 1, 25, 150, 4982 }, // U+00D0
    { 22, 32, 416, 2, 32, 176, 5132 }, // U+00D1
    { 25, 34, 428, 1, 33, 213, 5308 }, // U+00D2
    { 25, 34, 428, 1, 33, 213, 5521 }, // U+00D3
    { 25, 34, 428, 1, 33, 213, 5734 }, // U+00D4
    { 25, 34, 428, 1, 33, 213, 5947 }, // U+00D5
    { 25, 34, 428, 1, 33, 213, 6160 }, // U+00D6
    { 16, 16, 319, 2, 17, 64, 6373 }, // U+00D7
    { 25, 27, 428, 1, 26, 169, 6437 }, // U+00D8
    { 22, 34, 414, 2, 33, 187, 6606 }, // U+00D9
    { 22, 34, 414, 2, 33, 187, 6793 }, // U+00DA
    { 22, 34, 414, 2, 33, 187, 6980 }, // U+00DB
    { 22, 33, 414, 2, 32, 182, 7167 }, // U+00DC
    { 22, 33, 345, 0, 33, 182, 7349 }, // U+00DD
    { 20, 25, 355, 2, 25, 125, 7531 }, // U+00DE
    { 19, 27, 349, 2, 26, 129, 7656 }, // U+00DF
    { 17, 29, 315, 1, 28, 124, 7785 }, // U+00E0
    { 17, 29, 315, 1, 28, 124, 7909 }, // U+00E1
    { 17, 28, 315, 1, 27, 119, 8033 }, // U+00E2
    { 17, 27, 315, 1, 26, 115, 8152 }, // U+00E3
    { 17, 29, 315, 1, 28, 124, 8267 }, // U+00E4
    { 17, 32, 315, 1, 31, 136, 8391 }, // U+00E5
    { 31, 21, 520, 1, 20, 163, 8527 }, // U+00E6
    { 17, 27, 291, 1, 20, 115, 8690 }, // U+00E7
    { 19, 29, 323, 1, 28, 138, 8805 }, // U+00E8
    { 19, 29, 323, 1, 28, 138, 8943 }, // U+00E9
    { 19, 28, 323, 1, 27, 133, 9081 }, // U+00EA
    { 19, 29, 323, 1, 28, 138, 9214 }, // U+00EB
    { 8, 27, 151, -1, 27, 54, 9352 }, // U+00EC
    { 10, 27, 151, 0, 27, 68, 9406 }, // U+00ED
    { 13, 27, 151, -2, 27, 88, 9474 }, // U+00EE
    { 12, 27, 160, -1, 27, 81, 9562 }, // U+00EF
    { 19, 29, 339, 1, 28, 138, 9643 }, // U+00F0
    { 16, 26, 330, 2, 26, 104, 9781 }, // U+00F1
    { 19, 29, 329, 1, 28, 138, 9885 }, // U+00F2
    { 19, 29, 329, 1, 28, 138, 10023 }, // U+00F3
    { 19, 28, 329, 1, 27, 133, 10161 }, // U+00F4
    { 19, 27, 329, 1, 26, 129, 10294 }, // U+00F5
    { 19, 29, 329, 1, 28, 138, 10423 }, // U+00F6
    { 19, 18, 364, 2, 18, 86, 10561 }, // U+00F7
    { 19, 22, 329, 1, 21, 105, 10647 }, // U+00F8
    { 16, 28, 324, 2, 27, 112, 10752 }, // U+00F9
    { 16, 28, 324, 2, 27, 112, 10864 }, // U+00FA
    { 16, 28, 324, 2, 27, 112, 10976 }, // U+00FB
    { 16, 28, 324, 2, 27, 112, 11088 }, // U+00FC
    { 17, 33, 269, 0, 27, 141, 11200 }, // U+00FD
    { 18, 33, 340, 2, 27, 149, 11341 }, // U+00FE
    { 17, 33, 269, 0, 27, 141, 11490 }, // U+00FF
    { 24, 31, 376, 0, 31, 186, 0 }, // U+0100
    { 17, 26, 315, 1, 25, 111, 186 }, // U+0101
    { 24, 32, 376, 0, 32, 192, 297 }, // U+0102
    { 17, 28, 315, 1, 27, 119, 489 }, // U+0103
    { 24, 32, 376, 0, 25, 192, 608 }, // U+0104
    { 17, 27, 315, 1, 20, 115, 800 }, // U+0105
    { 22, 34, 387, 1, 33, 187, 915 }, // U+0106
    { 17, 29, 291, 1, 28, 124, 1102 }, // U+0107
    { 22, 34, 387, 1, 33, 187, 1226 }, // U+010A
    { 17, 29, 291, 1, 28, 124, 1413 }, // U+010B
    { 22, 34, 387, 1, 33, 187, 1537 }, // U+010C
    { 17, 28, 291, 1, 27, 119, 1724 }, // U+010D
    { 22, 32, 401, 2, 32, 176, 1843 }, // U+010E
    { 24, 29, 380, 1, 28, 174, 2019 }, // U+010F
    { 24, 25, 413, 1, 25, 150, 2193 }, // U+0110
    { 21, 28, 338, 1, 27, 147, 2343 }, // U+0111
    { 18, 31, 341, 2, 31, 140, 2490 }, // U+0112
    { 19, 26, 323, 1, 25, 124, 2630 }, // U+0113
    { 18, 32, 341, 2, 32, 144, 2754 }, // U+0116
    { 19, 29, 323, 1, 28, 138, 2898 }, // U+0117
    { 18, 32, 341, 2, 25, 144, 3036 }, // U+0118
    { 19, 27, 323, 1, 20, 129, 3180 }, // U+0119
    { 18, 32, 341, 2, 32, 144, 3309 }, // U+011A
    { 19, 28, 323, 1, 27, 133, 3453 }, // U+011B
    { 23, 34, 416, 1, 33, 196, 3586 }, // U+011E
    { 18, 34, 335, 1, 27, 153, 3782 }, // U+011F
    { 23, 34, 416, 1, 33, 196, 3935 }, // U+0120
    { 18, 35, 335, 1, 28, 158, 4131 }, // U+0121
    { 23, 36, 416, 1, 26, 207, 4289 }, // U+0122
    { 18, 37, 335, 1, 30, 167, 4496 }, // U+0123
    { 26, 25, 416, 0, 25, 163, 4663 }, // U+0126
    { 19, 27, 330, -1, 27, 129, 4826 }, // U+0127
    { 11, 31, 235, 2, 31, 86, 4955 }, // U+012A
    { 11, 25, 151, -1, 25, 69, 5041 }, // U+012B
    { 11, 32, 235, 2, 25, 88, 5110 }, // U+012E
    { 8, 34, 151, 0, 27, 68, 5198 }, // U+012F
    { 11, 32, 235, 2, 32, 88, 5266 }, // U+0130
    { 7, 19, 151, 0, 19, 34, 5354 }, // U+0131
    { 29, 26, 542, 2, 25, 189, 5388 }, // U+0132
    { 17, 33, 298, 0, 27, 141, 5577 }, // U+0133
    { 22, 35, 379, 2, 25, 193, 5718 }, // U+0136
    { 17, 37, 295, 2, 27, 158, 5911 }, // U+0137
    { 18, 36, 321, 2, 36, 162, 6069 }, // U+0139
    { 9, 37, 151, 2, 37, 84, 6231 }, // U+013A
    { 18, 35, 325, 2, 25, 158, 6315 }, // U+013B
    { 9, 37, 157, 1, 27, 84, 6473 }, // U+013C
    { 18, 26, 325, 2, 26, 117, 6557 }, // U+013D
    { 10, 28, 190, 2, 28, 70, 6674 }, // U+013E
    { 22, 25, 343, 0, 25, 138, 6744 }, // U+0141
    { 9, 27, 178, 1, 27, 61, 6882 }, // U+0142
    { 22, 33, 416, 2, 33, 182, 6943 }, // U+0143
    { 16, 28, 330, 2, 28, 112, 7125 }, // U+0144
    { 22, 35, 416, 2, 25, 193, 7237 }, // U+0145
    { 16, 30, 330, 2, 20, 120, 7430 }, // U+0146
    { 22, 32, 416, 2, 32, 176, 7550 }, // U+0147
    { 16, 27, 330, 2, 27, 108, 7726 }, // U+0148
    { 22, 35, 456, 3, 27, 193, 7834 }, // U+014A
    { 18, 30, 371, 3, 21, 135, 8027 }, // U+014B
    { 25, 34, 469, 2, 33, 213, 8162 }, // U+014C
    { 19, 27, 363, 2, 26, 129, 8375 }, // U+014D
    { 25, 35, 428, 1, 34, 219, 8504 }, // U+0150
    { 19, 29, 329, 1, 28, 138, 8723 }, // U+0151
    { 36, 27, 604, 1, 26, 243, 8861 }, // U+0152
    { 33, 21, 554, 1, 20, 174, 9104 }, // U+0153
    { 21, 33, 368, 2, 33, 174, 9278 }, // U+0154
    { 11, 28, 209, 2, 28, 77, 9452 }, // U+0155
    { 20, 36, 373, 3, 27, 180, 9529 }, // U+0156
    { 13, 30, 248, 2, 21, 98, 9709 }, // U+0157
    { 21, 32, 368, 2, 32, 168, 9807 }, // U+0158
    { 13, 27, 209, 1, 27, 88, 9975 }, // U+0159
    { 20, 34, 355, 1, 33, 170, 10063 }, // U+015A
    { 16, 29, 283, 1, 28, 116, 10233 }, // U+015B
    { 20, 33, 355, 1, 26, 165, 10349 }, // U+015E
    { 16, 27, 283, 1, 20, 108, 10514 }, // U+015F
    { 20, 34, 355, 1, 33, 170, 10622 }, // U+0160
    { 16, 28, 283, 1, 27, 112, 10792 }, // U+0161
    { 21, 32, 335, 0, 25, 168, 10904 }, // U+0162
    { 11, 31, 196, 0, 24, 86, 11072 }, // U+0163
    { 21, 32, 335, 0, 32, 168, 11158 }, // U+0164
    { 13, 29, 196, 0, 29, 95, 11326 }, // U+0165
    { 22, 32, 414, 2, 31, 176, 11421 }, // U+016A
    { 16, 26, 324, 2, 25, 104, 11597 }, // U+016B
    { 21, 36, 439, 3, 35, 189, 11701 }, // U+016C
    { 18, 29, 371, 2, 28, 131, 11890 }, // U+016D
    { 22, 35, 414, 2, 34, 193, 12021 }, // U+016E
    { 16, 31, 324, 2, 30, 124, 12214 }, // U+016F
    { 22, 34, 414, 2, 33, 187, 12338 }, // U+0170
    { 16, 28, 324, 2, 27, 112, 12525 }, // U+0171
    { 22, 32, 414, 2, 25, 176, 12637 }, // U+0172
    { 16, 26, 324, 2, 19, 104, 12813 }, // U+0173
    { 32, 33, 514, 0, 33, 264, 12917 }, // U+0174
    { 26, 27, 410, 0, 27, 176, 13181 }, // U+0175
    { 22, 33, 345, 0, 33, 182, 13357 }, // U+0176
    { 17, 33, 269, 0, 27, 141, 13539 }, // U+0177
    { 22, 32, 345, 0, 32, 176, 13680 }, // U+0178
    { 21, 33, 364, 1, 33, 174, 13856 }, // U+0179
    { 16, 27, 276, 1, 27, 108, 14030 }, // U+017A
    { 21, 32, 364, 1, 32, 168, 14138 }, // U+017B
    { 16, 27, 276, 1, 27, 108, 14306 }, // U+017C
    { 21, 32, 364, 1, 32, 168, 14414 }, // U+017D
    { 16, 26, 276, 1, 26, 104, 14582 }, // U+017E
    { 20, 36, 355, 1, 26, 180, 0 }, // U+0218
    { 16, 30, 283, 1, 20, 120, 180 }, // U+0219
    { 21, 35, 335, 0, 25, 184, 300 }, // U+021A
    { 11, 34, 196, 0, 24, 94, 484 }, // U+021B
    { 7, 6, 0, 1, 27, 11, 0 }, // U+0300
    { 7, 6, 0, 1, 27, 11, 11 }, // U+0301
    { 13, 5, 0, 1, 26, 17, 22 }, // U+0302
    { 13, 4, 0, 1, 26, 13, 39 }, // U+0303
    { 11, 3, 0, 1, 25, 9, 52 }, // U+0304
    { 12, 5, 0, 1, 26, 15, 61 }, // U+0306
    { 5, 5, 0, 1, 27, 7, 76 }, // U+0307
    { 12, 5, 0, 1, 27, 15, 83 }, // U+0308
    { 9, 9, 0, 1, 30, 21, 98 }, // U+030A
    { 13, 6, 0, 1, 27, 20, 119 }, // U+030B
    { 13, 5, 0, 1, 26, 17, 139 }, // U+030C
    { 7, 8, 0, 1, 29, 14, 156 }, // U+0312
    { 7, 8, 0, 1, -2, 14, 170 }, // U+0326
    { 8, 8, 0, 1, 1, 16, 184 }, // U+0327
    { 7, 8, 0, 1, 1, 14, 200 }, // U+0328
    { 0, 0, 0, 0, 0, 0, 214 }, // U+034F
    { 22, 33, 345, 0, 33, 182, 0 }, // U+1EF2
    { 17, 33, 269, 0, 27, 141, 182 }, // U+1EF3
    { 0, 0, 84, 0, 0, 0, 0 }, // U+2009
    { 0, 0, 0, 0, 0, 0, 0 }, // U+200B
    { 2, 28, 0, -1, 26, 14, 0 }, // U+200C
    { 10, 28, 0, -5, 26, 70, 14 }, // U+200D
    { 9, 29, 0, -1, 27, 66, 84 }, // U+200E
    { 9, 29, 0, -8, 27, 66, 150 }, // U+200F
    { 10, 3, 193, 1, 12, 8, 216 }, // U+2010
    { 10, 4, 193, 1, 12, 10, 224 }, // U+2011
    { 16, 3, 302, 1, 11, 12, 234 }, // U+2013
    { 28, 3, 494, 1, 11, 21, 246 }, // U+2014
    { 6, 10, 142, 1, 25, 15, 267 }, // U+2018
    { 6, 10, 142, 1, 26, 15, 282 }, // U+2019
    { 6, 10, 142, 1, 4, 15, 297 }, // U+201A
    { 12, 9, 239, 1, 25, 27, 312 }, // U+201C
    { 12, 10, 239, 1, 26, 30, 339 }, // U+201D
    { 12, 10, 239, 1, 4, 30, 369 }, // U+201E
    { 18, 25, 325, 1, 25, 113, 399 }, // U+2020
    { 18, 25, 325, 1, 25, 113, 512 }, // U+2021
    { 14, 13, 263, 1, 16, 46, 625 }, // U+2022
    { 23, 5, 402, 1, 4, 29, 671 }, // U+2026
    { 0, 0, 78, 0, 0, 0, 700 }, // U+202F
    { 48, 27, 795, 1, 26, 324, 700 }, // U+2030
    { 11, 16, 212, 1, 17, 44, 1024 }, // U+2039
    { 11, 16, 212, 1, 17, 44, 1068 }, // U+203A
    { 22, 25, 352, 0, 25, 138, 1112 }, // U+2044
    { 7, 20, 206, 2, 19, 35, 1250 }, // U+204F
    { 24, 23, 475, 3, 23, 138, 0 }, // U+20AA
    { 24, 27, 398, 0, 26, 162, 138 }, // U+20AC
    { 17, 25, 332, 2, 25, 107, 300 }, // U+20B9
    { 18, 27, 350, 2, 26, 122, 0 }, // U+2202
    { 19, 31, 351, 1, 25, 148, 122 }, // U+220F
    { 20, 31, 352, 1, 25, 155, 270 }, // U+2211
    { 19, 3, 364, 2, 11, 15, 425 }, // U+2212
    { 22, 25, 359, 0, 25, 138, 440 }, // U+2215
    { 6, 5, 138, 1, 12, 8, 578 }, // U+2219
    { 19, 31, 349, 1, 25, 148, 586 }, // U+221A
    { 27, 11, 464, 1, 15, 75, 734 }, // U+221E
    { 15, 33, 275, 1, 26, 124, 809 }, // U+222B
    { 19, 14, 332, 1, 17, 67, 933 }, // U+2248
    { 20, 19, 377, 2, 19, 95, 1000 }, // U+2260
    { 19, 20, 347, 1, 20, 95, 1095 }, // U+2264
    { 19, 20, 347, 1, 20, 95, 1190 }, // U+2265
};

static const EpdUnicodeInterval atkinson_hn_18_regularIntervals[] = {
    { 0x0, 0x0, 0x0 },
    { 0xD, 0xD, 0x1 },
    { 0x20, 0x7E, 0x2 },
    { 0xA0, 0xAC, 0x61 },
    { 0xAE, 0xB4, 0x6E },
    { 0xB6, 0x107, 0x75 },
    { 0x10A, 0x113, 0xC7 },
    { 0x116, 0x11B, 0xD1 },
    { 0x11E, 0x123, 0xD7 },
    { 0x126, 0x127, 0xDD },
    { 0x12A, 0x12B, 0xDF },
    { 0x12E, 0x133, 0xE1 },
    { 0x136, 0x137, 0xE7 },
    { 0x139, 0x13E, 0xE9 },
    { 0x141, 0x148, 0xEF },
    { 0x14A, 0x14D, 0xF7 },
    { 0x150, 0x15B, 0xFB },
    { 0x15E, 0x165, 0x107 },
    { 0x16A, 0x17E, 0x10F },
    { 0x218, 0x21B, 0x124 },
    { 0x300, 0x304, 0x128 },
    { 0x306, 0x308, 0x12D },
    { 0x30A, 0x30C, 0x130 },
    { 0x312, 0x312, 0x133 },
    { 0x326, 0x328, 0x134 },
    { 0x34F, 0x34F, 0x137 },
    { 0x1EF2, 0x1EF3, 0x138 },
    { 0x2009, 0x2009, 0x13A },
    { 0x200B, 0x2011, 0x13B },
    { 0x2013, 0x2014, 0x142 },
    { 0x2018, 0x201A, 0x144 },
    { 0x201C, 0x201E, 0x147 },
    { 0x2020, 0x2022, 0x14A },
    { 0x2026, 0x2026, 0x14D },
    { 0x202F, 0x2030, 0x14E },
    { 0x2039, 0x203A, 0x150 },
    { 0x2044, 0x2044, 0x152 },
    { 0x204F, 0x204F, 0x153 },
    { 0x20AA, 0x20AA, 0x154 },
    { 0x20AC, 0x20AC, 0x155 },
    { 0x20B9, 0x20B9, 0x156 },
    { 0x2202, 0x2202, 0x157 },
    { 0x220F, 0x220F, 0x158 },
    { 0x2211, 0x2212, 0x159 },
    { 0x2215, 0x2215, 0x15B },
    { 0x2219, 0x221A, 0x15C },
    { 0x221E, 0x221E, 0x15E },
    { 0x222B, 0x222B, 0x15F },
    { 0x2248, 0x2248, 0x160 },
    { 0x2260, 0x2260, 0x161 },
    { 0x2264, 0x2265, 0x162 },
};

static const EpdFontGroup atkinson_hn_18_regularGroups[] = {
    { 0, 3519, 10487, 97, 0 },
    { 3519, 3071, 12479, 94, 97 },
    { 6590, 3565, 15930, 101, 191 },
    { 10155, 226, 612, 4, 292 },
    { 10381, 191, 244, 16, 296 },
    { 10572, 156, 363, 2, 312 },
    { 10728, 493, 1429, 26, 314 },
    { 11221, 171, 425, 3, 340 },
    { 11392, 475, 1349, 13, 343 },
};

static const uint16_t atkinson_hn_18_regularKernLeftCodepoints[] = {
    0x0020, 0x0022, 0x0026, 0x0027, 0x0028, 0x002A, 0x002B, 0x002C, 0x002D, 0x002E, 0x002F, 0x0030,
    0x0032, 0x0033, 0x0034, 0x0035, 0x0036, 0x0037, 0x0038, 0x0039, 0x003A, 0x003B, 0x003F, 0x0040,
    0x0041, 0x0042, 0x0043, 0x0044, 0x0045, 0x0046, 0x0047, 0x0049, 0x004A, 0x004B, 0x004C, 0x004F,
    0x0050, 0x0051, 0x0052, 0x0053, 0x0054, 0x0055, 0x0056, 0x0057, 0x0058, 0x0059, 0x005A, 0x005B,
    0x005C, 0x005D, 0x0061, 0x0062, 0x0063, 0x0065, 0x0066, 0x0067, 0x0068, 0x006A, 0x006B, 0x006C,
    0x006D, 0x006E, 0x006F, 0x0070, 0x0071, 0x0072, 0x0073, 0x0074, 0x0075, 0x0076, 0x0077, 0x0078,
    0x0079, 0x007A, 0x007B, 0x007C, 0x00A1, 0x00A2, 0x00A6, 0x00AB, 0x00B0, 0x00BB, 0x00BF, 0x00C0,
    0x00C1, 0x00C2, 0x00C3, 0x00C4, 0x00C5, 0x00C6, 0x00C7, 0x00C8, 0x00C9, 0x00CA, 0x00CB, 0x00CC,
    0x00CD, 0x00CE, 0x00CF, 0x00D0, 0x00D2, 0x00D3, 0x00D4, 0x00D5, 0x00D6, 0x00D8, 0x00D9, 0x00DA,
    0x00DB, 0x00DC, 0x00DD, 0x00DE, 0x00DF, 0x00E0, 0x00E1, 0x00E2, 0x00E3, 0x00E4, 0x00E5, 0x00E6,
    0x00E7, 0x00E8, 0x00E9, 0x00EA, 0x00EB, 0x00EE, 0x00EF, 0x00F0, 0x00F1, 0x00F2, 0x00F3, 0x00F4,
    0x00F5, 0x00F6, 0x00F8, 0x00F9, 0x00FA, 0x00FB, 0x00FC, 0x00FD, 0x00FE, 0x00FF, 0x0100, 0x0101,
    0x0102, 0x0103, 0x0104, 0x0105, 0x0106, 0x0107, 0x010A, 0x010B, 0x010C, 0x010D, 0x010E, 0x010F,
    0x0110, 0x0111, 0x0112, 0x0113, 0x0116, 0x0117, 0x0118, 0x0119, 0x011A, 0x011B, 0x011E, 0x011F,
    0x0120, 0x0121, 0x0122, 0x0123, 0x0126, 0x0127, 0x012A, 0x012E, 0x012F, 0x0130, 0x0132, 0x0133,
    0x0136, 0x0137, 0x013B, 0x013C, 0x013D, 0x013E, 0x0141, 0x0142, 0x0144, 0x0146, 0x0148, 0x0150,
    0x0151, 0x0152, 0x0153, 0x0154, 0x0155, 0x0157, 0x0158, 0x0159, 0x015A, 0x015B, 0x015E, 0x015F,
    0x0160, 0x0161, 0x0162, 0x0163, 0x0164, 0x0165, 0x016A, 0x016B, 0x016E, 0x016F, 0x0170, 0x0171,
    0x0172, 0x0173, 0x0174, 0x0175, 0x0176, 0x0177, 0x0178, 0x0179, 0x017A, 0x017B, 0x017C, 0x017D,
    0x017E, 0x0218, 0x0219, 0x021A, 0x021B, 0x1EF2, 0x1EF3, 0x2013, 0x2014, 0x2018, 0x2019, 0x201A,
    0x201C, 0x201D, 0x201E, 0x2026, 0x2039, 0x203A,
};

static const uint8_t atkinson_hn_18_regularKernLeftClassIds[] = {
      1,   2,   3,   2,   4,   5,   6,   7,   8,   9,  10,  11,  12,  13,  14,  15,
     16,  17,  18,  19,  20,  20,  21,  22,  23,  24,  25,  26,  27,  28,  29,  30,
     31,  32,  33,  26,  34,  35,  36,  37,  38,  31,  39,  40,  41,  42,  43,  44,
     45,  46,  47,  48,  49,  50,  51,  52,  53,  54,  55,  56,  53,  53,  48,  48,
     57,  58,  59,  60,  61,  62,  62,  63,  62,  64,  44,  54,  65,  49,  54,  66,
     67,  68,  69,  23,  23,  23,  23,  23,  23,  27,  25,  27,  27,  27,  27,  30,
     30,  30,  30,  26,  26,  26,  26,  26,  26,  26,  31,  31,  31,  31,  42,  70,
     71,  47,  47,  47,  47,  47,  47,  50,  49,  50,  50,  50,  50,  72,  73,  74,
     53,  48,  48,  48,  48,  48,  48,  61,  61,  61,  61,  62,  48,  62,  23,  47,
     23,  47,  75,  76,  25,  49,  25,  49,  25,  49,  26,  77,  26,  78,  27,  50,
     27,  50,  79,  50,  27,  50,  29,  52,  29,  52,  29,  52,  80,  53,  30,  81,
     82,  30,  31,  54,  32,  55,  33,  83,  33,  84,  33,  56,  53,  53,  53,  26,
     48,  27,  50,  36,  58,  85,  36,  58,  37,  59,  37,  59,  37,  59,  38,  86,
     38,  60,  31,  61,  31,  61,  31,  61,  31,  87,  40,  62,  42,  62,  42,  43,
     64,  43,  64,  43,  64,  37,  59,  38,  88,  42,  62,   8,   8,  89,  90,   9,
     89,  90,   9,   9,  66,  68,
};

static const uint16_t atkinson_hn_18_regularKernRightCodepoints[] = {
    0x0020, 0x0021, 0x0022, 0x0023, 0x0025, 0x0026, 0x0027, 0x0029, 0x002A, 0x002B, 0x002C, 0x002D,
    0x002E, 0x002F, 0x0030, 0x0031, 0x0032, 0x0033, 0x0034, 0x0035, 0x0036, 0x0037, 0x0038, 0x0039,
    0x003A, 0x003B, 0x003F, 0x0040, 0x0041, 0x0042, 0x0043, 0x0045, 0x0046, 0x0047, 0x0048, 0x0049,
    0x004A, 0x004F, 0x0051, 0x0053, 0x0054, 0x0055, 0x0056, 0x0057, 0x0058, 0x0059, 0x005A, 0x005C,
    0x005D, 0x005F, 0x0061, 0x0062, 0x0063, 0x0064, 0x0065, 0x0066, 0x0067, 0x0068, 0x0069, 0x006A,
    0x006B, 0x006C, 0x006D, 0x006E, 0x006F, 0x0070, 0x0071, 0x0072, 0x0073, 0x0074, 0x0075, 0x0076,
    0x0077, 0x0078, 0x0079, 0x007A, 0x007D, 0x00A2, 0x00A5, 0x00AB, 0x00B0, 0x00B7, 0x00BB, 0x00BF,
    0x00C0, 0x00C1, 0x00C2, 0x00C3, 0x00C4, 0x00C5, 0x00C6, 0x00C7, 0x00C8, 0x00C9, 0x00CA, 0x00CB,
    0x00CC, 0x00CD, 0x00CE, 0x00CF, 0x00D2, 0x00D3, 0x00D4, 0x00D5, 0x00D6, 0x00D8, 0x00D9, 0x00DA,
    0x00DB, 0x00DC, 0x00DD, 0x00E0, 0x00E1, 0x00E2, 0x00E3, 0x00E4, 0x00E5, 0x00E6, 0x00E7, 0x00E8,
    0x00E9, 0x00EA, 0x00EB, 0x00EC, 0x00ED, 0x00EE, 0x00EF, 0x00F0, 0x00F1, 0x00F2, 0x00F3, 0x00F4,
    0x00F5, 0x00F6, 0x00F8, 0x00F9, 0x00FA, 0x00FB, 0x00FC, 0x00FD, 0x00FE, 0x00FF, 0x0100, 0x0101,
    0x0102, 0x0103, 0x0104, 0x0105, 0x0106, 0x0107, 0x010A, 0x010B, 0x010C, 0x010D, 0x010F, 0x0111,
    0x0112, 0x0113, 0x0116, 0x0117, 0x0118, 0x0119, 0x011A, 0x011B, 0x011E, 0x011F, 0x0120, 0x0121,
    0x0122, 0x0123, 0x0127, 0x012A, 0x012B, 0x012E, 0x012F, 0x0130, 0x0131, 0x0132, 0x0133, 0x0137,
    0x013C, 0x013E, 0x0142, 0x0144, 0x0146, 0x0148, 0x014D, 0x0150, 0x0151, 0x0152, 0x0153, 0x0155,
    0x0159, 0x015A, 0x015B, 0x015E, 0x015F, 0x0160, 0x0161, 0x0162, 0x0163, 0x0164, 0x0165, 0x016A,
    0x016B, 0x016E, 0x016F, 0x0170, 0x0171, 0x0172, 0x0173, 0x0174, 0x0175, 0x0176, 0x0177, 0x0178,
    0x0179, 0x017A, 0x017B, 0x017C, 0x017D, 0x017E, 0x0218, 0x0219, 0x021A, 0x021B, 0x1EF2, 0x1EF3,
    0x2013, 0x2014, 0x2018, 0x2019, 0x201A, 0x201C, 0x201D, 0x201E, 0x2022, 0x2026, 0x2030, 0x2039,
    0x203A, 0x220F, 0x2211, 0x222B,
};

static const uint8_t atkinson_hn_18_regularKernRightClassIds[] = {
      1,   2,   3,   4,   5,   6,   3,   7,   8,   9,  10,  11,  12,  13,  14,  15,
     16,  17,  18,  19,  20,  21,  22,  23,  24,  25,  26,  27,  28,  29,  30,  29,
     29,  30,  29,  31,  32,  30,  30,  33,  34,  35,  36,  37,  38,  39,  40,  41,
     42,  43,  44,  45,  46,  46,  46,  47,  48,  45,  49,  50,  45,  45,  51,  51,
     46,  52,  46,  51,  53,  54,  55,  56,  56,  57,  56,  58,  42,  46,  59,  60,
     61,  62,  63,  64,  28,  28,  28,  28,  28,  28,  65,  30,  29,  29,  29,  29,
     31,  31,  31,  31,  30,  30,  30,  30,  30,  30,  35,  35,  35,  35,  39,  44,
     44,  66,  67,  68,  44,  44,  46,  46,  46,  46,  69,  70,  49,  71,  72,  46,
     51,  46,  46,  73,  74,  75,  46,  55,  55,  55,  55,  56,  52,  56,  28,  76,
     28,  76,  28,  44,  30,  46,  30,  46,  30,  46,  46,  46,  29,  46,  29,  46,
     29,  46,  29,  46,  30,  48,  30,  48,  30,  48,  77,  31,  78,  31,  79,  31,
     49,  31,  49,  45,  45,  45,  45,  51,  51,  51,  80,  30,  46,  30,  46,  51,
     51,  33,  53,  33,  53,  33,  53,  34,  54,  34,  54,  35,  55,  35,  55,  35,
     55,  35,  55,  37,  56,  39,  56,  39,  40,  58,  40,  58,  40,  58,  33,  53,
     34,  54,  39,  56,  11,  11,  81,  82,  83,  81,  82,  83,  62,  12,   5,  60,
     63,  84,  84,  84,
};

static const uint16_t atkinson_hn_18_regularKernRowOffsets[] = {
        0,     6,    28,    35,    49,    67,    69,    89,   107,   126,   154,   156,   159,   161,   167,   173,
      175,   188,   194,   197,   207,   208,   211,   243,   254,   266,   284,   293,   310,   317,   330,   337,
      363,   382,   408,   423,   442,   456,   505,   549,   585,   609,   654,   661,   664,   677,   678,   703,
      740,   761,   777,   810,   813,   821,   822,   851,   876,   890,   922,   936,   953,   955,   989,  1000,
     1011,  1016,  1023,  1025,  1036,  1067,  1076,  1078,  1081,  1084,  1087,  1120,  1146,  1183,  1184,  1194,
     1196,  1210,  1211,  1237,  1274,  1275,  1293,  1296,  1314,  1336,  1359,
};

static const uint8_t atkinson_hn_18_regularKernSparseCols[] = {
     27,  33,  35,  36,  38,  55,  14,  17,  20,  21,  27,  31,  33,  35,  36,  43,
     45,  46,  52,  53,  65,  66,  67,  68,  72,  73,  74,  75,  32,  33,  34,  35,
     36,  38,  55,  13,  27,  29,  43,  45,  49,  65,  66,  67,  68,  72,  73,  74,
     75,   9,  11,  27,  31,  33,  43,  45,  46,  64,  65,  66,  67,  68,  72,  73,
     74,  75,  82,  14,  17,   7,  14,  27,  29,  33,  34,  35,  36,  37,  38,  45,
     49,  53,  55,  68,  72,  73,  74,  80,  81,  13,  17,  18,  27,  29,  31,  33,
     35,  36,  37,  45,  47,  53,  55,  68,  72,  73,  74,   7,  14,  27,  29,  33,
     34,  35,  36,  37,  38,  45,  53,  55,  68,  72,  73,  74,  80,  81,  12,  17,
     20,  27,  29,  31,  32,  33,  38,  43,  45,  46,  47,  50,  51,  52,  54,  55,
     56,  64,  65,  66,  67,  68,  72,  73,  74,  75,   6,  10,  16,  17,  21,  12,
     22,   2,   8,  10,  15,  17,  22,  12,  14,  16,  18,  19,  22,  12,  14,   2,
      4,   9,  11,  12,  14,  16,  17,  20,  21,  41,  60,  82,   2,  12,  14,  15,
     20,  22,  12,  15,  17,  27,  33,  35,  36,  38,  45,  68,  72,  73,  74,  27,
     33,  38,  53,   0,   1,   2,   6,   7,   9,  10,  11,  12,  25,  27,  29,  32,
     33,  34,  35,  36,  37,  38,  40,  45,  46,  53,  54,  55,  68,  72,  73,  74,
     80,  81,  82,   7,  12,  35,  36,  37,  38,  45,  68,  72,  73,  74,  27,  29,
     33,  35,  36,  37,  39,  45,  68,  72,  73,  74,   6,   9,  10,  11,  12,  25,
     27,  30,  33,  35,  36,  37,  38,  39,  40,  57,  64,  82,  29,  32,  33,  45,
     55,  68,  72,  73,  74,   9,  11,  12,  27,  29,  31,  43,  64,  65,  66,  67,
     69,  70,  71,  75,  77,  82,   7,  25,  33,  35,  36,  38,  81,  29,  43,  45,
     47,  55,  65,  66,  67,  68,  72,  73,  74,  75,   9,  11,  12,  27,  47,  64,
     82,   0,  25,  27,  29,  34,  35,  36,  37,  38,  45,  47,  48,  54,  55,  59,
     62,  68,  69,  70,  71,  72,  73,  74,  77,  78,  81,   2,   7,  25,  27,  29,
     32,  33,  34,  35,  36,  38,  45,  59,  68,  72,  73,  74,  80,  81,   0,   9,
     11,  12,  27,  31,  33,  35,  37,  38,  45,  48,  55,  59,  64,  68,  69,  70,
     71,  72,  73,  74,  77,  78,  80,  82,   6,  10,  12,  25,  27,  30,  33,  35,
     36,  37,  38,  39,  40,  57,  64,  10,  27,  29,  31,  33,  34,  37,  38,  43,
     45,  64,  65,  66,  67,  68,  72,  73,  74,  75,  10,  12,  25,  27,  31,  33,
     35,  36,  38,  51,  53,  55,  64,  80,   0,   2,   5,   7,   9,  10,  11,  12,
     23,  24,  25,  26,  27,  29,  31,  32,  33,  35,  36,  37,  38,  40,  43,  45,
     47,  50,  51,  52,  54,  55,  56,  57,  59,  64,  65,  66,  67,  68,  69,  70,
     71,  72,  73,  74,  75,  76,  77,  81,  82,   0,   2,   5,   9,  10,  11,  12,
     23,  24,  26,  27,  29,  31,  33,  35,  37,  38,  43,  45,  47,  48,  50,  51,
     52,  54,  55,  56,  59,  62,  64,  65,  66,  67,  68,  69,  70,  71,  72,  73,
     74,  75,  77,  78,  82,   0,   2,   5,   9,  10,  11,  12,  23,  24,  27,  29,
     31,  32,  33,  36,  37,  38,  43,  45,  47,  54,  59,  64,  65,  66,  67,  68,
     69,  70,  71,  72,  73,  74,  75,  77,  82,   9,  10,  11,  25,  27,  29,  33,
     35,  36,  38,  43,  45,  55,  59,  65,  66,  67,  68,  72,  73,  74,  75,  80,
     82,   0,   5,   9,  11,  12,  23,  24,  25,  26,  27,  29,  31,  32,  33,  35,
     36,  37,  38,  40,  43,  45,  47,  50,  51,  52,  54,  55,  56,  57,  59,  62,
     64,  65,  66,  67,  68,  69,  70,  71,  72,  73,  74,  75,  77,  82,  29,  45,
     59,  68,  72,  73,  74,  17,  20,  49,  29,  33,  34,  36,  38,  48,  49,  55,
     69,  70,  71,  77,  78,  49,   2,   6,  10,  25,  33,  38,  40,  45,  46,  48,
     52,  53,  54,  55,  68,  69,  70,  71,  72,  73,  74,  77,  78,  80,  81,   2,
      6,   9,  10,  11,  23,  24,  25,  27,  33,  35,  36,  37,  38,  40,  45,  46,
     48,  52,  53,  55,  56,  57,  59,  62,  68,  69,  70,  71,  72,  73,  74,  77,
     78,  80,  81,  82,   2,   6,  25,  33,  40,  44,  45,  46,  48,  53,  68,  69,
     70,  71,  72,  73,  74,  76,  77,  78,  81,   2,  12,  25,  26,  33,  35,  36,
     38,  40,  46,  47,  53,  55,  57,  80,  81,   2,   7,   9,  10,  11,  12,  25,
     26,  43,  45,  46,  47,  48,  52,  53,  55,  56,  65,  66,  67,  68,  69,  70,
     71,  72,  73,  74,  75,  77,  78,  80,  81,  82,  33,  40,  49,  25,  33,  40,
     46,  53,  55,  80,  81,  49,   5,   9,  10,  11,  23,  24,  26,  33,  43,  45,
     48,  53,  55,  56,  59,  65,  66,  67,  68,  69,  70,  71,  72,  73,  74,  75,
     77,  78,  82,   9,  11,  40,  43,  44,  45,  47,  48,  53,  55,  65,  66,  67,
     68,  69,  70,  71,  72,  73,  74,  75,  76,  77,  78,  82,   6,   9,  12,  24,
     33,  40,  41,  42,  49,  55,  63,  78,  82,  83,   0,   2,   9,  11,  43,  44,
     45,  46,  47,  48,  50,  51,  53,  54,  55,  65,  66,  67,  68,  69,  70,  71,
     72,  73,  74,  75,  76,  77,  78,  80,  81,  82,   2,  25,  33,  40,  45,  46,
     53,  55,  56,  68,  72,  73,  74,  80,   2,  10,  25,  45,  48,  55,  57,  68,
     69,  70,  71,  72,  73,  74,  77,  78,  81,  33,  40,   0,   9,  10,  11,  12,
     27,  33,  35,  37,  38,  40,  43,  45,  46,  47,  48,  52,  53,  55,  65,  66,
     67,  68,  69,  70,  71,  72,  73,  74,  75,  77,  78,  80,  82,  33,  35,  38,
     45,  46,  47,  56,  68,  72,  73,  74,  10,  33,  38,  45,  46,  53,  55,  68,
     72,  73,  74,  33,  35,  36,  38,  49,  35,  38,  45,  68,  72,  73,  74,  14,
     20,  33,  35,  36,  37,  38,  39,  45,  68,  72,  73,  74,  28,  29,  31,  33,
     34,  35,  36,  38,  43,  45,  46,  47,  48,  50,  54,  55,  65,  66,  67,  68,
     69,  70,  71,  72,  73,  74,  75,  77,  78,  80,  81,   6,  10,  12,  25,  27,
     35,  37,  40,  64,  40,  55,   2,  25,  60,  44,  58,  76,   9,  11,  82,   0,
      1,   2,   6,   7,   9,  10,  11,  12,  25,  27,  29,  32,  33,  34,  35,  36,
     37,  38,  40,  45,  46,  49,  53,  54,  55,  68,  72,  73,  74,  80,  81,  82,
      2,   6,  10,  25,  33,  38,  40,  45,  46,  48,  49,  52,  53,  54,  55,  68,
     69,  70,  71,  72,  73,  74,  77,  78,  80,  81,   2,   3,   5,   6,   9,  10,
     11,  12,  26,  40,  41,  42,  43,  45,  46,  47,  49,  50,  51,  52,  54,  56,
     57,  58,  59,  61,  62,  65,  66,  67,  68,  72,  73,  74,  75,  81,  82,  25,
     29,  32,  33,  45,  49,  55,  68,  72,  73,  74,  70,  76,  29,  43,  45,  47,
     49,  55,  65,  66,  67,  68,  72,  73,  74,  75,  49,   9,  11,  40,  43,  44,
     45,  47,  48,  49,  53,  55,  65,  66,  67,  68,  69,  70,  71,  72,  73,  74,
     75,  76,  77,  78,  82,   2,   3,   5,   6,   7,   9,  10,  11,  12,  26,  40,
     41,  42,  43,  45,  46,  47,  50,  51,  52,  53,  54,  57,  58,  59,  61,  62,
     65,  66,  67,  68,  72,  73,  74,  75,  80,  82,  79,   2,  10,  25,  45,  48,
     49,  55,  57,  68,  69,  70,  71,  72,  73,  74,  77,  78,  81,  33,  40,  49,
      2,  10,  25,  45,  48,  49,  55,  57,  68,  69,  70,  71,  72,  73,  74,  77,
     78,  81,   9,  11,  27,  31,  33,  43,  45,  46,  52,  53,  55,  63,  64,  65,
     66,  67,  68,  72,  73,  74,  75,  82,   9,  11,  27,  29,  31,  33,  43,  45,
     46,  47,  50,  52,  63,  64,  65,  66,  67,  68,  72,  73,  74,  75,  82,
};

static const int8_t atkinson_hn_18_regularKernSparseValues[] = {
      -6,  -12,  -12,  -12,  -18,   -6,   12,  -24,   24,  -12,  -30,  -78,   18,   12,   12,   -6,
     -18,   18,  -12,   18,   -6,   -6,   -6,  -18,  -18,  -18,  -18,   -6,  -18,  -36,  -18,  -30,
     -18,  -42,  -18,  -12,  -12,  -12,  -12,  -24,   36,  -12,  -12,  -12,  -24,  -24,  -24,  -24,
     -12,  -36,  -36,  -42,  -42,   12,  -12,  -12,   18,  -66,  -12,  -12,  -12,  -12,  -12,  -12,
     -12,  -12,  -36,  -18,   12,  -36,  -18,    6,  -18,  -42,  -24,  -24,  -18,    6,  -36,   -6,
      12,  -12,  -24,   -6,   -6,   -6,   -6,  -24,  -30,   12,   24,    6,   -6,    6,   24,  -24,
     -18,   -9,  -12,    6,   12,   -6,   -6,    6,    6,    6,    6,  -36,  -18,    6,  -18,  -42,
     -24,  -24,  -18,    6,  -36,   -6,  -12,  -24,   -6,   -6,   -6,   -6,  -24,  -30,  -60,  -30,
      30,  -30,  -24,  -66,  -18,   24,   12,  -30,  -36,    6,  -24,  -18,  -18,  -30,  -24,  -12,
     -24,  -33,  -30,  -30,  -30,  -36,  -36,  -36,  -36,  -30,  -12,   12,   -6,  -18,   -6,  -18,
      -1,  -24,   12,   12,  -12,    6,  -18,  -18,  -12,  -12,   -6,   -2,   -6,  -18,  -12,   24,
      18,  -18,  -18,  -30,   12,    6,  -30,   18,  -12,    6,   30,  -18,  -12,   -6,  -12,   -6,
      -6,  -18,  -30,  -12,   -6,    6,  -18,  -12,   -6,  -18,   -3,   -3,   -3,   -3,   -3,  -30,
     -24,  -18,  -18,   -6,   -6,  -30,  -12,  -42,    6,   -6,    6,    6,  -30,   12,  -12,  -10,
     -30,  -18,  -24,  -18,   11,  -30,  -30,   -8,   -6,  -12,   -9,  -18,   -8,   -8,   -8,   -8,
     -42,  -42,    6,  -12,  -12,   -6,   -6,  -12,  -12,    4,    4,    4,    4,    4,   -6,  -13,
      11,   -1,    6,   -6,    6,    1,    1,    1,    1,    1,  -12,  -18,    6,  -18,  -24,  -24,
     -12,  -18,  -12,  -12,   -6,  -18,  -18,  -18,  -24,   -6,  -18,  -18,  -16,   -5,    6,   -5,
      -6,   -5,   -5,   -5,   -5,  -36,  -36,  -42,  -30,   -4,  -36,   -7,  -48,   -7,   -7,   -7,
      12,   18,   18,   -7,   18,  -36,  -12,  -24,  -12,  -12,   -6,  -18,  -12,  -18,   -7,  -18,
     -12,  -12,   -7,   -7,   -7,  -18,  -18,  -18,  -18,   -7,  -24,  -24,  -18,  -18,   -6,  -18,
     -24,  -12,  -18,   10,  -23,  -18,   -8,  -11,   10,   -1,  -19,  -18,  -12,  -16,  -24,  -24,
     -12,  -19,  -12,  -12,  -12,  -19,  -19,  -19,  -12,  -12,  -12,  -54,  -42,  -36,    5,  -18,
      -6,  -42,  -12,  -42,  -30,  -48,   -2,  -24,   -2,   -2,   -2,   -2,  -78,  -66,  -18,  -36,
     -36,  -36,  -30,  -54,    6,    6,  -12,   -3,   -8,   12,   12,  -12,  -54,   -8,   12,   12,
      12,   -8,   -8,   -8,   12,   12,    6,  -36,  -12,    6,  -18,  -24,   12,  -18,  -12,  -12,
      -6,    3,  -18,  -15,  -24,   -6,   12,  -18,    2,   -8,   -6,   -2,   -6,    2,   -6,   -2,
      -6,   -6,   -2,   -2,   -2,   -6,   -6,   -6,   -6,   -2,   12,  -12,  -12,   -6,    1,   -8,
      -7,   -4,  -15,   -4,  -14,  -11,  -19,  -12,  -12,   18,  -24,   12,  -42,  -24,  -42,  -60,
     -18,  -18,   12,  -24,  -30,  -18,  -54,   -8,   12,   12,   12,    6,   18,   24,  -42,  -48,
     -42,  -18,  -24,  -24,  -24,  -12,  -30,  -24,  -48,  -48,  -60,  -60,  -66,  -48,   24,   36,
      36,  -78,  -72,  -78,  -66,   18,   30,   18,  -42,  -12,   12,  -12,  -18,  -18,  -18,  -30,
     -12,  -12,   -6,  -24,  -12,  -30,   12,   11,    3,   17,  -14,  -18,  -12,   13,  -18,  -18,
     -12,  -12,   -6,   -6,  -24,  -12,  -42,  -16,  -22,  -22,  -18,   13,   35,   41,  -18,  -18,
     -18,  -14,   29,   13,  -18,  -12,   12,  -12,  -18,   -9,  -18,  -18,  -12,  -12,  -18,   -6,
     -24,   -1,   12,    4,   -1,   14,   -2,  -13,  -12,   -6,  -18,  -36,   -2,   -2,   -2,  -13,
      18,   24,   24,  -13,  -13,  -13,   -2,   24,  -18,    6,  -12,    6,   -6,   11,  -18,    6,
       3,   -1,   10,   -6,  -18,   -6,  -18,   -6,   -6,   -6,  -18,  -18,  -18,  -18,   -6,  -12,
       6,  -18,  -30,  -36,  -36,  -60,  -18,  -18,   -6,  -18,  -30,  -18,  -48,   -8,   18,   17,
      14,   10,   24,   12,  -32,  -36,  -36,  -24,  -30,  -24,  -24,  -12,  -12,  -18,  -42,  -24,
     -72,  -32,  -46,  -52,  -66,   18,   18,   24,  -36,  -36,  -66,  -32,   24,  -36,  -23,  -15,
     -18,  -15,  -15,  -15,  -15,  -12,   18,   42,  -24,  -60,  -18,  -18,  -60,   -6,   42,  -18,
      -6,   -6,   -6,   -6,   -6,    6,  -24,  -12,   -6,  -30,  -30,  -12,  -30,   -4,   -5,   -4,
      -6,   -5,   -5,   -4,   -4,   -4,   -4,   -4,   -4,   -4,   -4,   -4,   -4,  -18,  -18,   -6,
     -12,   -6,    6,   -6,   -3,   -3,  -24,   -8,  -48,  -18,  -13,  -18,  -36,  -36,    2,   -7,
      -3,   -4,   -8,   -5,  -12,  -12,  -12,  -12,    2,   -3,   -3,   -3,    2,    2,    2,   -3,
      -3,  -18,   -6,   -6,    6,  -12,  -12,  -39,  -12,   12,   -6,   10,    4,   12,   -6,    4,
       4,    4,   -6,   -6,   -6,   12,    4,    4,    6,  -18,  -12,  -24,    6,  -48,  -18,  -13,
     -36,  -30,   -1,    3,   -2,   -2,   -8,   -6,   -6,   18,   24,  -24,  -18,  -24,  -18,    6,
     -12,   -9,  -19,    4,  -13,    6,  -10,    5,    6,   -2,   -9,   -9,   -9,  -19,    6,   24,
      30,  -19,  -19,  -19,   -9,   30,    6,   12,   30,  -24,  -18,  -18,   12,  -18,  -30,  -27,
      -3,  -10,   -9,  -18,  -18,   12,  -12,   -3,  -18,   -3,   -3,   -3,  -18,  -30,   -5,  -13,
      -6,   -6,    3,   13,  -12,   -5,   -5,   -5,  -13,   -6,   -6,   -6,  -13,  -13,  -13,   -5,
      -6,   -6,   -3,    6,    6,  -12,   10,   -3,   -2,   -3,    4,   -2,   -5,   10,   10,   10,
      -2,    4,    4,    4,   -2,   -2,   -2,   10,   -3,    4,    4,    6,   42,   24,   42,   24,
     -18,  -18,   48,   48,   78,   18,   30,   36,    9,   12,  -12,   30,  -42,  -42,   -8,    6,
      -8,   18,   -6,   18,    6,    6,   15,    6,   12,   -8,   -8,   -8,   -8,   18,   18,   18,
      -8,   -8,   -8,   -8,    6,   18,   18,   18,   24,  -42,  -12,  -24,  -24,  -15,   -1,    2,
      -1,   -4,   -4,   -1,   -1,   -1,   -1,  -18,   12,   -6,   -6,   -7,    4,    5,   -3,   -7,
       4,    4,    4,   -7,   -7,   -7,    4,    4,   12,  -18,  -18,   -6,  -18,   -6,  -18,  -18,
     -18,  -12,   -6,   -6,  -12,  -12,   -5,   -5,   13,   -4,   12,   -2,    5,   15,   -5,   -5,
      -5,   -5,   12,   12,   12,   -5,   -5,   -5,   -5,   12,   12,   12,  -18,  -30,   -6,  -12,
     -12,    3,   -6,   15,  -12,  -12,  -12,  -12,   -9,  -24,  -18,  -11,    6,    6,    6,  -11,
     -11,  -11,  -11,  -18,  -18,  -12,  -30,   24,  -12,  -24,  -12,  -12,  -12,  -12,  -12,   18,
      30,  -48,  -24,  -18,  -18,  -42,  -18,  -12,  -12,  -12,  -12,  -12,  -18,  -30,  -18,  -42,
     -12,  -18,  -24,  -42,   -6,  -24,  -12,  -12,  -18,  -12,  -12,  -24,   -6,   -6,   -6,  -24,
     -18,  -18,  -18,  -24,  -24,  -24,   -6,  -18,  -18,  -12,  -12,  -30,    6,  -18,  -12,   -6,
     -18,  -24,   -6,  -30,  -12,   -3,   12,   12,   12,    6,   18,    6,  -12,  -12,  -12,   -6,
      -6,  -30,  -12,  -42,    6,   -6,    6,    6,  -30,   12,  -12,  -10,  -30,  -18,  -24,  -18,
      11,  -30,  -30,   -8,   -6,   42,  -12,   -9,  -18,   -8,   -8,   -8,   -8,  -42,  -42,    6,
     -24,  -12,   -6,  -30,  -30,  -12,  -30,   -4,   -5,   -4,   21,   -6,   -5,   -5,   -4,   -4,
      -4,   -4,   -4,   -4,   -4,   -4,   -4,   -4,  -18,  -18,    6,  -21,  -36,    3,  -42,  -36,
     -42,  -42,  -30,   18,    3,  -42,  -18,  -30,   -6,  -24,  -12,  -12,  -12,  -18,  -12,   -6,
      -6,   18,  -42,  -42,  -42,  -18,  -18,  -18,  -30,  -30,  -30,  -30,  -18,    6,  -42,   12,
     -16,   -5,    6,   -5,   25,   -6,   -5,   -5,   -5,   -5,   18,   18,  -18,   -7,  -18,  -12,
      15,  -12,   -7,   -7,   -7,  -18,  -18,  -18,  -18,   -7,   10,    6,    6,  -12,   10,   -3,
      -2,   -3,    4,   24,   -2,   -5,   10,   10,   10,   -2,    4,    4,    4,   -2,   -2,   -2,
      10,   -3,    4,    4,    6,    6,  -18,  -33,    3,  -18,  -33,  -33,  -33,  -33,  -27,   18,
       3,  -33,  -21,  -33,   -6,  -24,  -12,   -6,  -24,   -6,  -18,  -15,   18,  -33,  -33,  -33,
     -21,  -21,  -21,  -33,  -33,  -33,  -33,  -21,  -15,  -33,  -12,   12,   -6,   -6,   -7,    4,
      30,    5,   -3,   -7,    4,    4,    4,   -7,   -7,   -7,    4,    4,   12,  -18,  -18,   11,
      12,   -6,   -6,   -7,    4,   27,    5,   -3,   -7,    4,    4,    4,   -7,   -7,   -7,    4,
       4,   12,  -36,  -36,  -42,  -48,   12,  -12,  -30,   18,  -24,   18,   12,  -36,  -66,  -12,
     -12,  -12,  -30,  -30,  -30,  -30,  -12,  -36,  -36,  -36,  -42,  -30,  -84,   18,  -18,  -24,
      12,  -30,  -12,  -36,  -36,  -66,  -18,  -18,  -18,  -24,  -24,  -24,  -24,  -18,  -36,
};

static const EpdFontData atkinson_hn_18_regular = {
    atkinson_hn_18_regularBitmaps,
    atkinson_hn_18_regularGlyphs,
    atkinson_hn_18_regularIntervals,
    51,
    45,
    30,
    -10,
    true,
    atkinson_hn_18_regularGroups,
    9,
    nullptr,
    nullptr,  // kernLeftClasses: built-in fonts use the split arrays below
    nullptr,  // kernRightClasses
    atkinson_hn_18_regularKernLeftCodepoints,
    atkinson_hn_18_regularKernLeftClassIds,
    atkinson_hn_18_regularKernRightCodepoints,
    atkinson_hn_18_regularKernRightClassIds,
    nullptr,  // kernMatrix: built-in fonts use the sparse form below
    atkinson_hn_18_regularKernRowOffsets,
    atkinson_hn_18_regularKernSparseCols,
    atkinson_hn_18_regularKernSparseValues,
    246,
    244,
    90,
    84,
    nullptr,
    0,
};
