/**
 * generated by fontconvert.py
 * name: atkinson_hn_14_italic
 * size: 14
 * mode: 2-bit  compressed: true
 * Command used: fontconvert.py atkinson_hn_14_italic 14 ../builtinFonts/source/AtkinsonHyperlegibleNext/AtkinsonHyperlegibleNext-RegularItalic.otf ../builtinFonts/source/NotoSansHebrew/NotoSansHebrew-Regular.ttf ../builtinFonts/source/NotoSansArabic/NotoSansArabic-Regular.ttf --2bit --compress --pnum --zopfli
 */
#pragma once
#include "EpdFontData.h"

static const uint8_t atkinson_hn_14_italicBitmaps[10993] = {
    0x95, 0x58, 0x3F, 0x8C, 0xEC, 0xD4, 0xB9, 0xFF, 0x3C, 0x87, 0xFB, 0xFC, 0x9E, 0xAC, 0xF7, 0x4E,
    0xF3, 0x9E, 0xF4, 0x24, 0xDE, 0x8B, 0x29, 0x52, 0x24, 0x12, 0xC2, 0x4D, 0x8A, 0x14, 0xBB, 0x73,
    0x9C, 0x50, 0x50, 0x50, 0xE4, 0x16, 0x0C, 0x91, 0x72, 0x0B, 0x7A, 0x51, 0x6C, 0x8A, 0x94, 0xBB,
    0x6B, 0x03, 0xBD, 0x20, 0x05, 0x34, 0x69, 0xA8, 0xD2, 0xD2, 0x50, 0x50, 0xCC, 0x32, 0x47, 0x50,
    0x52, 0x5C, 0x13, 0x14, 0x51, 0xE2, 0x08, 0x16, 0x29, 0x49, 0x71, 0x0F, 0xBA, 0xBE, 0xC1, 0x70,
    0x6D, 0x9F, 0xFC, 0x7E, 0x9F, 0x67, 0x67, 0x76, 0x94, 0xBD, 0x70, 0x99, 0x99, 0xF3, 0xB3, 0xC7,
    0x3E, 0xE7, 0xFB, 0xFF, 0x7D, 0xFE, 0x8E, 0x65, 0xE0, 0x37, 0xE9, 0x16, 0xC1, 0xF0, 0xDB, 0x1A,
    0x9F, 0xFA, 0xCC, 0x67, 0xA5, 0x15, 0x2B, 0xFC, 0x1C, 0x49, 0xC4, 0xF7, 0x4C, 0xF2, 0x5C, 0x8A,
    0x42, 0x96, 0xCF, 0xC8, 0xD1, 0xB1, 0x1C, 0x1D, 0xF1, 0xF7, 0xD4, 0x8F, 0x71, 0xFB, 0xD8, 0x34,
    0x22, 0xA7, 0xA9, 0x17, 0x19, 0x6C, 0x2D, 0xD2, 0xD9, 0x52, 0x16, 0xA1, 0x90, 0x24, 0xC6, 0x38,
    0x18, 0x40, 0x2F, 0xD6, 0x0F, 0x22, 0xB6, 0xEE, 0x01, 0x65, 0x10, 0x29, 0x16, 0x00, 0x67, 0x00,
    0x4B, 0xD3, 0x8A, 0xC3, 0x94, 0xBA, 0x02, 0xEC, 0x97, 0x8A, 0x69, 0x97, 0x00, 0x7F, 0x24, 0x92,
    0xF9, 0x35, 0x45, 0x48, 0x08, 0x69, 0x09, 0xC8, 0x30, 0x16, 0xB1, 0x05, 0x95, 0x38, 0x8A, 0x6C,
    0xDE, 0x89, 0x65, 0x32, 0xFC, 0x5F, 0xEE, 0x4D, 0x78, 0xFA, 0x96, 0x98, 0x70, 0x24, 0x80, 0x9F,
    0x63, 0xC6, 0xF8, 0x33, 0x11, 0x89, 0x9D, 0x70, 0x5E, 0x2D, 0x10, 0x26, 0xF0, 0xFF, 0x80, 0xB3,
    0x66, 0xC2, 0x6D, 0xEF, 0xE4, 0x09, 0x03, 0x70, 0xC6, 0x2F, 0xC5, 0xBD, 0x56, 0x0F, 0x92, 0xC7,
    0xE7, 0x3B, 0x49, 0x63, 0x6C, 0x40, 0x14, 0x84, 0xE5, 0xBF, 0xC8, 0xF1, 0x3F, 0x09, 0xFF, 0x2E,
    0x5C, 0x5F, 0x4A, 0xD2, 0x89, 0x05, 0x99, 0xB4, 0x95, 0xE2, 0x53, 0xEA, 0x24, 0x4B, 0x59, 0x8B,
    0xA3, 0x79, 0x8E, 0x65, 0x80, 0x05, 0x60, 0x88, 0x20, 0x38, 0x3F, 0xC5, 0x2D, 0x29, 0x5E, 0xED,
    0xA1, 0x07, 0x17, 0x5C, 0xA8, 0xC0, 0xAF, 0x50, 0x14, 0xC1, 0xE2, 0xAA, 0xE5, 0xE5, 0x0F, 0x29,
    0x8A, 0xB8, 0xAC, 0xAD, 0x44, 0xCD, 0x96, 0x53, 0x6E, 0x0B, 0xF3, 0x80, 0xAE, 0x1E, 0x0A, 0xD1,
    0x8B, 0x17, 0x92, 0x3E, 0xD8, 0x90, 0xF3, 0x22, 0x0E, 0xE4, 0x2C, 0xBA, 0x7C, 0x03, 0x30, 0xA4,
    0x60, 0x2F, 0xA1, 0x4C, 0x5E, 0x3A, 0xF0, 0x13, 0xC7, 0xB3, 0xA5, 0xCC, 0xC6, 0xCE, 0x62, 0x47,
    0xF0, 0xAA, 0xF3, 0xED, 0xAC, 0x7F, 0xDF, 0x84, 0xDC, 0x3B, 0xD3, 0x3A, 0xB1, 0x1F, 0xF9, 0x33,
    0xC9, 0xEE, 0xC1, 0xAC, 0x26, 0x82, 0xBC, 0x8C, 0x52, 0x89, 0x99, 0xC4, 0x5D, 0x6E, 0x22, 0xA4,
    0x8D, 0xB9, 0x4F, 0x62, 0x67, 0x5B, 0x78, 0x1A, 0xEA, 0x1D, 0xE9, 0xF7, 0x29, 0xCA, 0x46, 0x7D,
    0xA1, 0xD0, 0x19, 0xA4, 0x95, 0x24, 0xF0, 0x42, 0xEA, 0x71, 0x8D, 0xA2, 0xE6, 0x42, 0xDE, 0x4B,
    0xAA, 0x2E, 0xA7, 0xFA, 0x5B, 0x5F, 0xFD, 0xF8, 0x97, 0xD7, 0x79, 0x57, 0x85, 0xE4, 0x7C, 0xAE,
    0x34, 0x0D, 0x49, 0x2C, 0x02, 0x69, 0x09, 0x7E, 0x9D, 0xFE, 0xFA, 0xED, 0x49, 0xA2, 0xD7, 0x17,
    0x64, 0xC3, 0x99, 0xD9, 0x15, 0x27, 0x77, 0x25, 0x40, 0x87, 0x08, 0xE1, 0x35, 0x5C, 0x90, 0x1F,
    0x89, 0x3C, 0x2D, 0x3F, 0x39, 0x12, 0x77, 0xF1, 0x5E, 0x16, 0xFB, 0x64, 0x94, 0x74, 0x94, 0xFC,
    0x57, 0xF2, 0xFF, 0x96, 0x51, 0x43, 0x9A, 0xA4, 0x48, 0x7A, 0x24, 0x48, 0x8A, 0x24, 0x89, 0x78,
    0x1B, 0x37, 0x88, 0xCF, 0xD5, 0x4B, 0x7F, 0x7E, 0x01, 0x96, 0x9E, 0xE5, 0xCA, 0x45, 0x45, 0x54,
    0xAA, 0x4B, 0x12, 0x76, 0xB5, 0xAB, 0xE1, 0x08, 0xD8, 0xE0, 0x77, 0xF2, 0xB6, 0xFC, 0xCF, 0xEA,
    0xB6, 0x8B, 0xAD, 0x8B, 0x4D, 0xCE, 0x1B, 0x9E, 0x33, 0xA9, 0x9D, 0x0C, 0x4A, 0x9D, 0x12, 0x51,
    0x52, 0xA5, 0x56, 0xCC, 0x14, 0x64, 0x4D, 0xE6, 0x3B, 0xA6, 0x94, 0x58, 0x99, 0xB8, 0xED, 0xCA,
    0x9E, 0x32, 0x1D, 0xAE, 0x74, 0xA2, 0xF6, 0x92, 0xFF, 0x16, 0x0D, 0x1B, 0x2C, 0xCA, 0x23, 0xA6,
    0x6D, 0xDE, 0x9A, 0x24, 0x19, 0x70, 0xD7, 0x8C, 0x98, 0x96, 0xDD, 0x63, 0x98, 0xDC, 0x2D, 0xAD,
    0xCF, 0x9F, 0xF3, 0xD6, 0x17, 0xA6, 0xB1, 0xDE, 0x25, 0x01, 0x20, 0xC1, 0xD6, 0x4B, 0x39, 0x65,
    0x20, 0x1C, 0xD1, 0x83, 0xCF, 0x38, 0xAC, 0xB1, 0x6B, 0x40, 0x86, 0x10, 0xAF, 0x53, 0xF8, 0xF1,
    0xC1, 0x09, 0x6C, 0xCF, 0x6C, 0x93, 0xAA, 0x03, 0x18, 0x4F, 0xDE, 0x95, 0x77, 0x4C, 0x42, 0x75,
    0x66, 0x71, 0xE8, 0xCF, 0xB5, 0x6A, 0x48, 0xD7, 0x5C, 0x79, 0x24, 0x50, 0xE2, 0x14, 0xA2, 0x25,
    0xCC, 0x43, 0xCB, 0x3C, 0x74, 0x6F, 0x6C, 0x18, 0x4A, 0x45, 0x2D, 0x83, 0x6A, 0xB9, 0x85, 0x5A,
    0x95, 0x25, 0x2B, 0xC2, 0x40, 0x76, 0xE4, 0x69, 0x1B, 0xC0, 0xA6, 0xC4, 0x3F, 0x5E, 0xCA, 0x5B,
    0x40, 0x64, 0x5C, 0xF4, 0x9C, 0x7E, 0xB9, 0x7A, 0x41, 0xE8, 0x1A, 0xD1, 0xD2, 0x21, 0x86, 0x41,
    0xEC, 0x78, 0x16, 0x7F, 0x31, 0xC9, 0xA2, 0x17, 0x47, 0x31, 0x0A, 0xB9, 0xA2, 0x7C, 0x4E, 0x3B,
    0x0D, 0xB4, 0x15, 0x2D, 0x49, 0x32, 0xC9, 0x09, 0x09, 0xD2, 0xE6, 0x2A, 0x36, 0xF9, 0x3E, 0x41,
    0x70, 0x8C, 0x1B, 0xC7, 0x1B, 0x79, 0x7B, 0xE2, 0x99, 0xEB, 0x25, 0xA4, 0xE0, 0x0C, 0x1C, 0x30,
    0x92, 0x09, 0x90, 0x8E, 0x94, 0x68, 0xA0, 0xC8, 0x80, 0x64, 0x18, 0x48, 0xA9, 0xA7, 0x3E, 0x10,
    0xDC, 0xD1, 0x5B, 0x83, 0x9A, 0x40, 0x33, 0x82, 0xD5, 0xEB, 0xCD, 0x3B, 0x97, 0xE5, 0xAE, 0x84,
    0x95, 0xD7, 0x15, 0xA7, 0xA7, 0xF7, 0x82, 0x62, 0x0E, 0xD8, 0x10, 0xC6, 0xD5, 0x4A, 0x63, 0x9E,
    0x7A, 0xD0, 0xF9, 0xE4, 0xFA, 0x11, 0xD8, 0x66, 0x20, 0x22, 0xB6, 0x87, 0x7B, 0xAC, 0x87, 0xA3,
    0x12, 0x31, 0x57, 0x93, 0x28, 0xB8, 0x9E, 0xFD, 0x2F, 0xAF, 0xAD, 0x59, 0x08, 0x9C, 0xE4, 0x5E,
    0x5C, 0xB3, 0x29, 0xD5, 0xFE, 0xEA, 0x09, 0x22, 0xD6, 0xC2, 0x54, 0xEE, 0xAD, 0x11, 0xFA, 0x9E,
    0x99, 0x6D, 0x6C, 0x51, 0x24, 0x7B, 0x37, 0x4A, 0x1E, 0xA3, 0x2F, 0xFA, 0x3C, 0x38, 0x6F, 0x3A,
    0x57, 0x26, 0xBD, 0x83, 0x32, 0x4B, 0x0E, 0xD0, 0xA7, 0x5D, 0x8A, 0x32, 0x6B, 0xEC, 0xE5, 0xC6,
    0xA7, 0x71, 0x82, 0xA8, 0x81, 0xE5, 0x60, 0xC4, 0x9A, 0xE1, 0xD6, 0xEA, 0xC5, 0x61, 0xF6, 0x5C,
    0xBA, 0xA5, 0xE6, 0xCA, 0xD9, 0xF0, 0x37, 0x5C, 0xAE, 0xF6, 0x97, 0xB3, 0xB0, 0xBF, 0xBC, 0x11,
    0x95, 0x8F, 0xE2, 0x42, 0xF8, 0x4F, 0x3B, 0x39, 0xC3, 0xAC, 0x35, 0xBE, 0x3D, 0xC6, 0x00, 0x3C,
    0x87, 0xCA, 0x55, 0xF4, 0x06, 0x32, 0xDA, 0x6F, 0x4E, 0x82, 0x2B, 0x4D, 0x07, 0x0E, 0xC3, 0x05,
    0xC6, 0xA0, 0xC7, 0xA4, 0xAF, 0x28, 0xE3, 0xE5, 0x49, 0x93, 0xD1, 0xD0, 0x74, 0x5C, 0x0E, 0xCD,
    0x23, 0xD7, 0x6C, 0x5A, 0xDB, 0xA6, 0x21, 0xAF, 0xF7, 0x3A, 0x9D, 0xCD, 0xC7, 0x9E, 0x7A, 0xB9,
    0xDA, 0xB6, 0xF6, 0xDB, 0x08, 0xBD, 0xA2, 0x16, 0x77, 0x46, 0x91, 0x0A, 0x97, 0x7B, 0x95, 0x37,
    0x51, 0x27, 0x33, 0x55, 0xCD, 0x60, 0x06, 0xE9, 0xE4, 0xE0, 0xB3, 0xCB, 0xF6, 0xDE, 0x0C, 0x8B,
    0x9B, 0xEF, 0xEE, 0x8B, 0xC4, 0xEE, 0x31, 0x45, 0x7D, 0xF3, 0xC8, 0xB0, 0xEC, 0xC0, 0x63, 0xA2,
    0x77, 0x99, 0xDD, 0x5C, 0xED, 0x1A, 0x99, 0x45, 0x17, 0x51, 0xAF, 0xD9, 0x69, 0x7F, 0x4A, 0x29,
    0x40, 0xE5, 0xD6, 0x0A, 0x31, 0x52, 0xF0, 0x99, 0xE8, 0x08, 0x87, 0x9F, 0x6D, 0x76, 0x10, 0x30,
    0xED, 0x05, 0x59, 0x78, 0xD1, 0x4C, 0x22, 0x33, 0x9E, 0x16, 0xA3, 0x9E, 0xEE, 0xB8, 0x24, 0x91,
    0x42, 0x11, 0xD4, 0x66, 0xB0, 0x5D, 0x4A, 0x66, 0x8E, 0xF7, 0x1C, 0x84, 0x82, 0xDC, 0x4A, 0x35,
    0x40, 0xC6, 0x49, 0x8A, 0xA6, 0xAA, 0x1D, 0xDC, 0x76, 0x8A, 0x21, 0x1C, 0x57, 0x56, 0x22, 0x87,
    0x22, 0x68, 0xA6, 0xD2, 0x7E, 0x34, 0x58, 0xDA, 0xEC, 0x85, 0xB2, 0xA4, 0xE6, 0xE7, 0x91, 0x97,
    0x72, 0x55, 0x5E, 0x18, 0xD4, 0x38, 0x7D, 0x23, 0x0F, 0x70, 0x20, 0x23, 0x83, 0x6B, 0x40, 0xBF,
    0xAC, 0xBE, 0xB0, 0xF2, 0xCC, 0x22, 0x8E, 0x59, 0x7D, 0x94, 0xB5, 0xE8, 0x1E, 0x4E, 0x6D, 0x79,
    0x6A, 0xFC, 0xBB, 0x85, 0xAC, 0x8D, 0xEF, 0x8E, 0xA5, 0x4F, 0xEB, 0x70, 0x2C, 0xC1, 0x96, 0x61,
    0xB9, 0x08, 0xB9, 0x74, 0xEE, 0xF9, 0xFE, 0x4C, 0xD6, 0x36, 0x6E, 0x3A, 0x39, 0x32, 0x7D, 0xDE,
    0x48, 0x31, 0x73, 0x6D, 0x88, 0x66, 0x4C, 0x6A, 0xB5, 0x8B, 0xDF, 0x6A, 0xCA, 0x0F, 0xD5, 0x33,
    0x13, 0x81, 0x17, 0x2C, 0x21, 0x3F, 0xA1, 0x90, 0x5C, 0xB9, 0xA6, 0x88, 0x6C, 0x57, 0x4C, 0x80,
    0x8A, 0x69, 0x0B, 0xB0, 0x1E, 0x90, 0x97, 0x99, 0x67, 0xB1, 0x6C, 0x68, 0xE4, 0x56, 0x22, 0xC0,
    0x7C, 0xB3, 0xBA, 0x13, 0xD2, 0xA0, 0x33, 0x01, 0x05, 0xD7, 0x38, 0x18, 0xB8, 0x93, 0x4A, 0x2B,
    0x33, 0x83, 0x71, 0x5C, 0x6D, 0xBC, 0x0C, 0x94, 0x86, 0x4F, 0xE9, 0xA4, 0x07, 0xE0, 0x7E, 0xD6,
    0xCC, 0x55, 0x22, 0x24, 0x55, 0x69, 0x90, 0x4B, 0x2C, 0x39, 0x03, 0xAE, 0x26, 0x51, 0x9F, 0x5D,
    0x25, 0xF9, 0xD5, 0x0A, 0x79, 0x8D, 0xBF, 0x45, 0x09, 0x33, 0xBB, 0xD5, 0x9D, 0x91, 0x4E, 0xEF,
    0x09, 0xDA, 0xB8, 0x74, 0x14, 0x1E, 0xD2, 0x57, 0x7F, 0xDD, 0x78, 0x94, 0x28, 0x1B, 0x4C, 0x47,
    0x59, 0x34, 0x5C, 0xD4, 0xDD, 0x73, 0x91, 0x3D, 0x80, 0x73, 0x42, 0x25, 0x87, 0x37, 0xF8, 0x00,
    0xC7, 0xB2, 0x0D, 0xC4, 0xF8, 0xC3, 0xC0, 0xF6, 0x8C, 0xAD, 0x58, 0x64, 0xCA, 0x6A, 0xD3, 0xC3,
    0x32, 0x32, 0xBE, 0x1C, 0xA9, 0x47, 0xD1, 0x02, 0xB2, 0x00, 0x3D, 0x4C, 0x0F, 0x3D, 0x92, 0x81,
    0xCE, 0xBE, 0x06, 0x69, 0x8B, 0x6B, 0xB0, 0xD1, 0xA2, 0x57, 0x93, 0x5C, 0x81, 0x6D, 0xA1, 0x47,
    0xE1, 0xA1, 0x47, 0x84, 0x1E, 0x27, 0xAA, 0x47, 0x00, 0x4C, 0x14, 0x86, 0xA7, 0x1B, 0xC2, 0xB4,
    0x5A, 0xDD, 0xD6, 0x47, 0x81, 0x02, 0x78, 0xA8, 0x2D, 0x19, 0x50, 0x84, 0x07, 0xB8, 0x69, 0x68,
    0x7A, 0x6D, 0xC5, 0xC0, 0x83, 0x5A, 0x1E, 0x40, 0x5E, 0xEF, 0xCA, 0xEA, 0x9B, 0x98, 0x0C, 0x1E,
    0x1D, 0x21, 0x28, 0x8F, 0x96, 0x3C, 0x1A, 0xF2, 0x28, 0xBF, 0x8B, 0xC7, 0x8A, 0x3C, 0x26, 0xF2,
    0x18, 0xBF, 0x83, 0x47, 0xF9, 0xAF, 0x86, 0xDD, 0xF9, 0xA3, 0xA4, 0x3F, 0x1A, 0xF8, 0x23, 0xA3,
    0x3F, 0x16, 0x37, 0xFB, 0x03, 0x79, 0x7C, 0xBB, 0x62, 0x0F, 0x78, 0x2E, 0x79, 0x0C, 0xCC, 0x21,
    0x42, 0xDA, 0x3A, 0x06, 0xAE, 0xA3, 0xAD, 0xE8, 0x0F, 0x9F, 0x4D, 0x30, 0xFB, 0x22, 0xC6, 0xBB,
    0xB8, 0x32, 0xDA, 0x52, 0xCE, 0x55, 0x80, 0x0B, 0x95, 0x60, 0x20, 0x99, 0xEB, 0x48, 0x65, 0xCE,
    0xA9, 0x0D, 0x26, 0xA8, 0x33, 0x54, 0x1F, 0xA0, 0x16, 0x84, 0x14, 0xD8, 0x0B, 0x5D, 0x13, 0x28,
    0x8D, 0xB9, 0x8E, 0x2D, 0xA9, 0x66, 0x0D, 0xA9, 0x6A, 0xEB, 0x74, 0x80, 0xD4, 0x18, 0x5A, 0x61,
    0xF0, 0xCA, 0x7E, 0xF0, 0x3A, 0x0D, 0xE1, 0x64, 0x37, 0x28, 0x1F, 0xA5, 0x93, 0x61, 0x3F, 0x28,
    0x15, 0x65, 0x32, 0x41, 0x2B, 0xB2, 0x30, 0x76, 0x1F, 0x11, 0x96, 0x5C, 0xA9, 0xCB, 0x1E, 0xED,
    0xA0, 0x2D, 0xDC, 0xD2, 0x07, 0x1D, 0xC5, 0xD8, 0x82, 0x2B, 0x25, 0xFF, 0x32, 0xB2, 0xA8, 0x90,
    0x25, 0xA3, 0x96, 0xA6, 0x18, 0x41, 0x32, 0xEB, 0x18, 0xB6, 0x1E, 0x10, 0x19, 0xA4, 0x03, 0x48,
    0xDA, 0x00, 0x92, 0x8E, 0xDA, 0xE3, 0x92, 0xB9, 0x3F, 0x00, 0xB8, 0x4C, 0x1F, 0x6E, 0xD9, 0x48,
    0xC5, 0x3B, 0x2C, 0xB0, 0x8D, 0xA6, 0x7E, 0x16, 0xA0, 0xA9, 0x61, 0x5F, 0xB1, 0x18, 0x28, 0xEB,
    0x48, 0xD8, 0x10, 0x5C, 0xF9, 0x7D, 0xFA, 0x6E, 0x07, 0x85, 0x85, 0x79, 0x6F, 0x30, 0xDF, 0x36,
    0x54, 0x19, 0xA9, 0x1A, 0xA8, 0x95, 0xD7, 0x27, 0xE1, 0x86, 0x7D, 0x98, 0x16, 0xFE, 0x6C, 0x3E,
    0x58, 0x1E, 0x20, 0xC3, 0xFB, 0x92, 0x3C, 0x0C, 0xB2, 0xBC, 0x90, 0xC5, 0x3F, 0x82, 0xAC, 0xE1,
    0xDA, 0xAF, 0x82, 0xF4, 0x7A, 0x30, 0x01, 0x87, 0xD0, 0x99, 0x8F, 0x7B, 0x49, 0x9B, 0xCE, 0x7E,
    0x10, 0x24, 0xF3, 0xBD, 0x7D, 0x96, 0xFE, 0xED, 0x9D, 0xE1, 0x61, 0x38, 0x65, 0x67, 0x5C, 0xAF,
    0x87, 0xB4, 0x91, 0xBC, 0x3C, 0x0B, 0xDA, 0xB6, 0x57, 0xED, 0x6C, 0x3E, 0x3F, 0x1F, 0x58, 0x6E,
    0x96, 0xE2, 0xE8, 0x57, 0xCA, 0x82, 0x7F, 0x1B, 0xCF, 0x3F, 0x30, 0xA8, 0xA3, 0x04, 0x3B, 0x4C,
    0xBE, 0xE9, 0x69, 0x60, 0x30, 0x5D, 0x83, 0xED, 0x5A, 0xC8, 0xFC, 0x9C, 0xD8, 0x3A, 0xA1, 0x04,
    0x45, 0xD2, 0x41, 0x00, 0xFB, 0x2A, 0x19, 0xDB, 0x0F, 0x89, 0x19, 0xB1, 0x36, 0x9F, 0xB7, 0x60,
    0x6E, 0xBE, 0x6E, 0x68, 0xCF, 0x48, 0x9E, 0xB2, 0xC3, 0x25, 0xEC, 0x7A, 0x58, 0xD7, 0xFE, 0x16,
    0xF7, 0x75, 0xAD, 0xB7, 0x2C, 0x2D, 0xB4, 0xDC, 0x50, 0xD4, 0x00, 0x27, 0x07, 0x50, 0x6D, 0xC1,
    0xF4, 0x0E, 0x10, 0x00, 0x59, 0x5B, 0x40, 0x03, 0xCD, 0xA3, 0x32, 0x9D, 0x5E, 0x1E, 0xB7, 0x75,
    0x2D, 0x9F, 0xEB, 0x5A, 0xB7, 0x6D, 0xB9, 0xA6, 0xDF, 0x44, 0xAD, 0xCF, 0x2D, 0x20, 0xD5, 0xBA,
    0x16, 0xE0, 0x3D, 0x76, 0x71, 0x20, 0x00, 0xC8, 0xBD, 0x79, 0xF0, 0x62, 0xAC, 0x53, 0x16, 0x85,
    0x8C, 0x55, 0xE4, 0x31, 0xEB, 0xC1, 0x0F, 0xD5, 0xE3, 0x16, 0xA1, 0xA0, 0x0A, 0x85, 0x07, 0xD8,
    0xFB, 0xEC, 0x4F, 0x1E, 0x52, 0x8F, 0x48, 0x3D, 0xAA, 0xB9, 0x1E, 0xA4, 0xD3, 0x49, 0x0C, 0xD0,
    0xE3, 0x7E, 0x4F, 0x3D, 0x34, 0x4B, 0x7E, 0xBB, 0x7B, 0xD8, 0xD4, 0x32, 0xBD, 0xB8, 0x69, 0xB4,
    0x3E, 0x03, 0xCC, 0xA1, 0x32, 0x96, 0xCA, 0x54, 0x9E, 0xB5, 0xA0, 0x9C, 0x1F, 0x36, 0x97, 0x13,
    0xB3, 0xBD, 0x12, 0x80, 0xE3, 0x59, 0xCE, 0x67, 0x9C, 0xA5, 0x63, 0x52, 0x7A, 0xD8, 0x74, 0x80,
    0x64, 0x0E, 0xF9, 0xEB, 0xFB, 0xEA, 0xF8, 0x47, 0xEE, 0xAB, 0x21, 0x25, 0xE8, 0xFD, 0xC7, 0x36,
    0x21, 0xB5, 0x07, 0x9D, 0xE4, 0x60, 0x5F, 0xBD, 0xD0, 0xD3, 0x4C, 0x65, 0xD4, 0x5B, 0xD0, 0x91,
    0xE0, 0x98, 0x99, 0x4E, 0x6D, 0xFE, 0xED, 0x09, 0x84, 0xD3, 0x7D, 0x75, 0x35, 0x62, 0xB0, 0x55,
    0xDE, 0x50, 0xBE, 0xD5, 0x9D, 0x07, 0x2B, 0x91, 0xF4, 0xB1, 0xAB, 0xEF, 0xE3, 0xD7, 0x0F, 0x2D,
    0x91, 0xFC, 0xBB, 0x3E, 0x7C, 0x6E, 0xF5, 0x69, 0x8B, 0x59, 0x59, 0x73, 0xED, 0x91, 0xA5, 0x90,
    0xB6, 0x05, 0x0B, 0xA3, 0xD6, 0x45, 0x27, 0x04, 0xCA, 0xE0, 0x28, 0x83, 0xAB, 0xD9, 0x69, 0x37,
    0xC9, 0x28, 0x76, 0x7A, 0xA7, 0x9F, 0x9F, 0x4C, 0xDA, 0xCE, 0x69, 0x09, 0xE7, 0x3C, 0x4E, 0x56,
    0x7D, 0xAB, 0xB9, 0x5C, 0xE7, 0x25, 0xD8, 0xB3, 0x96, 0x70, 0x9F, 0xD6, 0x6A, 0x57, 0x01, 0xD8,
    0xD3, 0x86, 0xF8, 0x99, 0x67, 0x1D, 0xFA, 0x24, 0x6C, 0xC1, 0xDC, 0xF3, 0x80, 0x58, 0x13, 0x76,
    0x3D, 0x0B, 0xD5, 0xD2, 0x80, 0x75, 0xF3, 0xE1, 0x62, 0xFB, 0x58, 0xC6, 0xD7, 0xB1, 0xC1, 0x18,
    0x64, 0x43, 0x87, 0x0F, 0xF2, 0x30, 0x18, 0x5C, 0x4E, 0xEE, 0x53, 0x91, 0xC1, 0xCC, 0x87, 0xF4,
    0x83, 0x00, 0x86, 0x6B, 0xD4, 0x07, 0x27, 0x38, 0xFC, 0x32, 0x9C, 0xE1, 0xE0, 0x90, 0xC7, 0x38,
    0x1C, 0x27, 0xDC, 0xCE, 0x9C, 0xAE, 0xB1, 0x02, 0x87, 0x3E, 0xB9, 0xDF, 0xC2, 0x58, 0x21, 0x79,
    0xC8, 0x26, 0xAF, 0x4D, 0x22, 0x0F, 0x5E, 0x28, 0x87, 0xDB, 0x1E, 0xE6, 0x4E, 0x4A, 0x58, 0x2B,
    0x99, 0xE1, 0xBC, 0x8E, 0xD0, 0xDB, 0xD0, 0xD6, 0xBA, 0xEF, 0x1A, 0xD2, 0x40, 0x59, 0x73, 0xDD,
    0xD3, 0x39, 0xF5, 0xDA, 0x28, 0xC4, 0x9E, 0x68, 0x03, 0xD1, 0x29, 0xC6, 0x39, 0x82, 0xA8, 0x5A,
    0x16, 0x88, 0xB9, 0xDF, 0x00, 0x2B, 0xF2, 0x48, 0x46, 0x72, 0x40, 0x8C, 0x69, 0x1F, 0xC1, 0x65,
    0x30, 0x3D, 0x83, 0x99, 0x9C, 0x69, 0xDD, 0x12, 0x3E, 0x9A, 0xD8, 0x4D, 0xB1, 0xCD, 0x82, 0x00,
    0x69, 0xC8, 0xE9, 0x3E, 0x57, 0x62, 0xD1, 0x84, 0xF5, 0x4A, 0x36, 0x06, 0x0A, 0xE1, 0xC9, 0x71,
    0x17, 0x3E, 0xD5, 0xF7, 0x06, 0x0D, 0xDB, 0x87, 0x89, 0x30, 0x62, 0x8F, 0xFF, 0xEB, 0x59, 0x3C,
    0x95, 0x4E, 0xC8, 0x57, 0x65, 0x13, 0x49, 0x39, 0x53, 0x95, 0xD4, 0x9E, 0x59, 0x9D, 0xD4, 0x5F,
    0x29, 0xE8, 0x3C, 0x99, 0xAB, 0xDF, 0x76, 0x97, 0x2E, 0xD1, 0x65, 0x38, 0x06, 0x3A, 0x01, 0x17,
    0xB7, 0xA3, 0x50, 0xB9, 0xF6, 0x1B, 0xFD, 0x53, 0x8C, 0x35, 0x45, 0x7A, 0xC4, 0xBB, 0x8A, 0x16,
    0x03, 0x5C, 0x53, 0xCF, 0xB8, 0xD1, 0x04, 0xB9, 0xF1, 0x7D, 0x85, 0x1B, 0xE6, 0xB1, 0xC6, 0xF7,
    0x94, 0xAF, 0x6D, 0x40, 0x7C, 0x39, 0x57, 0x79, 0xC9, 0xF1, 0xB5, 0x58, 0x81, 0x6F, 0x8D, 0x12,
    0x8D, 0x6F, 0xEA, 0x0D, 0xBF, 0x4D, 0x52, 0x4A, 0x31, 0xA9, 0xBF, 0x0E, 0x37, 0xFA, 0xFB, 0xB7,
    0x2F, 0x2D, 0xB9, 0xA7, 0xFE, 0xEA, 0x1D, 0x4C, 0x2D, 0xF6, 0x86, 0x77, 0x04, 0x8C, 0xC6, 0x41,
    0x62, 0x3F, 0xAB, 0x61, 0x40, 0x2E, 0x9D, 0x66, 0x6D, 0x1D, 0xDF, 0x61, 0xD9, 0x3A, 0xE9, 0xD9,
    0x06, 0x67, 0x1E, 0x88, 0x34, 0x33, 0xE1, 0xA7, 0x92, 0xBC, 0xE1, 0xE6, 0xDD, 0x0D, 0x4C, 0xBE,
    0x82, 0x7B, 0x9C, 0x70, 0x06, 0x64, 0x28, 0x74, 0x4F, 0x57, 0x9B, 0xCE, 0xFA, 0xB4, 0x31, 0xED,
    0xCE, 0x0A, 0x27, 0xB1, 0xCD, 0x50, 0x45, 0x5C, 0x9B, 0xF9, 0x73, 0x3E, 0xE7, 0x74, 0xB8, 0x7A,
    0x93, 0xD0, 0xC0, 0x9F, 0x95, 0xD9, 0x64, 0xF7, 0xF6, 0x1C, 0xF6, 0xF6, 0xE4, 0xCE, 0x79, 0xF1,
    0x15, 0xE8, 0x3D, 0x8C, 0xC1, 0xC4, 0xE7, 0xD8, 0x1A, 0x30, 0x60, 0xCF, 0xB2, 0x46, 0x96, 0xD6,
    0xEB, 0x38, 0x83, 0x56, 0xEB, 0xBC, 0x66, 0xA5, 0x4E, 0x7A, 0xE7, 0xD3, 0xE0, 0xBA, 0x93, 0xE6,
    0x08, 0x8E, 0x3B, 0xCD, 0x75, 0x8F, 0xA9, 0x1B, 0x0B, 0x33, 0xBE, 0xD4, 0xA6, 0x61, 0xC1, 0xF4,
    0x3A, 0xE8, 0x87, 0x96, 0xDB, 0xC1, 0xF3, 0x82, 0x16, 0xBE, 0xC4, 0x73, 0x28, 0x72, 0x0D, 0x44,
    0x9F, 0xDD, 0x26, 0xD9, 0xE1, 0x0B, 0x11, 0xBA, 0x8E, 0x36, 0xCC, 0x07, 0x47, 0x55, 0x1D, 0x0C,
    0x96, 0xB3, 0x8F, 0x5C, 0x8C, 0x9C, 0xC4, 0x0A, 0x02, 0x70, 0x32, 0x43, 0xBF, 0x7F, 0x6D, 0x01,
    0x48, 0x01, 0xA5, 0xE5, 0x0B, 0x8C, 0x0D, 0xBB, 0x86, 0xAF, 0x5B, 0x49, 0xE2, 0x6B, 0x6C, 0x3B,
    0xA6, 0xAD, 0x90, 0x4F, 0x86, 0xB4, 0x4D, 0x3A, 0x4B, 0x65, 0x98, 0xF2, 0x31, 0x0E, 0x1C, 0x2A,
    0xE0, 0x95, 0x90, 0xF5, 0xBF, 0xF1, 0x1D, 0x10, 0x9F, 0x11, 0x58, 0xD3, 0xE9, 0x9E, 0xAE, 0x0A,
    0xCC, 0xF1, 0x9E, 0x8C, 0x16, 0x6C, 0xD8, 0x7D, 0x15, 0xEB, 0xC7, 0x71, 0xFB, 0x9A, 0x8A, 0xF4,
    0x39, 0x94, 0x58, 0x42, 0x87, 0x31, 0x0D, 0x66, 0xA0, 0x06, 0x54, 0x80, 0xA2, 0x63, 0x74, 0x90,
    0x3E, 0x50, 0x78, 0xCA, 0x5E, 0x70, 0x1F, 0xDE, 0x56, 0x4D, 0xAA, 0x1D, 0xE2, 0x47, 0x57, 0xD1,
    0x5C, 0x9E, 0xB1, 0x80, 0xFE, 0x7E, 0xE2, 0x9B, 0x2E, 0xB6, 0x0B, 0x8F, 0xE3, 0xC7, 0xCE, 0x74,
    0x49, 0x0F, 0x6B, 0xF4, 0x10, 0x10, 0xB1, 0x05, 0x95, 0x3D, 0x7C, 0x83, 0xAA, 0x9B, 0x73, 0x8B,
    0xA6, 0x0D, 0x4A, 0xDA, 0x2C, 0x21, 0xFE, 0xF1, 0xD5, 0x56, 0xB6, 0xD3, 0xDD, 0xFB, 0xDB, 0x73,
    0x35, 0x72, 0x6D, 0xDA, 0x20, 0x1A, 0xF9, 0xAD, 0x73, 0x29, 0xC8, 0x9F, 0x2F, 0x6E, 0xA1, 0xD0,
    0xB0, 0xF5, 0x52, 0xB1, 0xDD, 0xF8, 0x66, 0xB2, 0xFF, 0xD0, 0x8C, 0x67, 0x4C, 0xD7, 0x1B, 0x44,
    0x63, 0x90, 0xEE, 0x53, 0xF6, 0x30, 0x5D, 0x55, 0xC9, 0x39, 0x55, 0x2B, 0xAD, 0x8E, 0xDC, 0x1A,
    0x3F, 0x5A, 0xCB, 0x60, 0x3A, 0x13, 0x6C, 0xC3, 0xDA, 0x66, 0xDA, 0x51, 0x52, 0xB4, 0x54, 0xD9,
    0x5D, 0x38, 0x21, 0x96, 0x18, 0x5E, 0x47, 0x8E, 0x6B, 0xC5, 0x82, 0x61, 0x31, 0x40, 0xAA, 0x0B,
    0x90, 0x72, 0x20, 0x55, 0x94, 0x5B, 0x15, 0x7A, 0xE9, 0x92, 0xB0, 0x98, 0xDF, 0xE5, 0x37, 0xE9,
    0x95, 0x9E, 0xE5, 0xAC, 0xA7, 0x2B, 0x5D, 0xC8, 0xC3, 0xE2, 0x2F, 0xB1, 0xAC, 0x1A, 0xF3, 0xF7,
    0xF8, 0x49, 0xEC, 0x4C, 0xBC, 0x13, 0xFF, 0x34, 0x80, 0xEB, 0xC4, 0xDC, 0x80, 0x95, 0xD6, 0x99,
    0x07, 0xF1, 0x35, 0x33, 0x92, 0x9B, 0x64, 0x45, 0xC8, 0x22, 0x7D, 0x0E, 0xAB, 0x26, 0x5D, 0x21,
    0xB8, 0x1F, 0xE6, 0x8C, 0x5D, 0x2A, 0x1E, 0x0B, 0xEE, 0x37, 0xA7, 0x82, 0xFB, 0x1E, 0x94, 0x6B,
    0xD0, 0xA5, 0x97, 0xC2, 0x35, 0x2F, 0x75, 0xEA, 0xA5, 0x1A, 0x5E, 0x2A, 0x0F, 0xBC, 0xE4, 0xAF,
    0x79, 0xA9, 0xDE, 0x05, 0xF2, 0xF4, 0x52, 0x40, 0x42, 0x74, 0x8C, 0xA6, 0x42, 0xA3, 0x69, 0x1E,
    0x4B, 0x1E, 0x77, 0x6F, 0xAB, 0xAC, 0xBE, 0xAD, 0x32, 0x71, 0x9A, 0xB3, 0xED, 0xBD, 0x0A, 0xF0,
    0x2D, 0x7B, 0xFC, 0xF8, 0x71, 0x04, 0xCC, 0x9D, 0x4D, 0x5E, 0x43, 0x15, 0xD5, 0x41, 0x21, 0xA7,
    0x1E, 0xC5, 0xBC, 0xB1, 0xC8, 0x5A, 0x41, 0x29, 0x09, 0x98, 0x64, 0xC7, 0x27, 0x31, 0x89, 0xFB,
    0xE0, 0x3C, 0x9D, 0xF6, 0x2F, 0xED, 0xD4, 0xE5, 0x74, 0xD4, 0xD6, 0x53, 0xCC, 0x59, 0xCB, 0x9C,
    0x2D, 0xBE, 0x33, 0x67, 0x3B, 0x72, 0x0E, 0x87, 0x39, 0xDB, 0x32, 0x67, 0x1B, 0xC9, 0xE2, 0x43,
    0x36, 0xFF, 0xAF, 0x1F, 0x36, 0x3C, 0xF6, 0x4B, 0x40, 0x16, 0xE7, 0xFE, 0x8A, 0xD8, 0xAE, 0xCD,
    0xE7, 0x83, 0x89, 0xBD, 0x19, 0xB9, 0x9C, 0x6D, 0xC4, 0x36, 0x0F, 0x6F, 0x48, 0x42, 0xA9, 0xB4,
    0x2F, 0x91, 0xEC, 0x8B, 0x13, 0xF8, 0x39, 0x2B, 0x35, 0xDC, 0xC2, 0xB6, 0xA3, 0xD8, 0xF4, 0x5B,
    0x9A, 0x4E, 0x9E, 0xC0, 0xDA, 0x35, 0x63, 0xFD, 0x15, 0x66, 0xDA, 0x30, 0xBF, 0x21, 0x7A, 0x6F,
    0x5F, 0xF0, 0x35, 0xED, 0xFD, 0x5C, 0xF0, 0x33, 0x7F, 0x8D, 0x63, 0xB9, 0xE5, 0xC8, 0x5F, 0x29,
    0x0E, 0x86, 0xD2, 0xA7, 0xC3, 0x29, 0xC3, 0x82, 0xBD, 0x07, 0xE6, 0xF7, 0xA9, 0x3A, 0x98, 0xE5,
    0xD1, 0x68, 0x1A, 0xD2, 0xCC, 0x39, 0x7B, 0x2A, 0xED, 0x7D, 0x9C, 0xB7, 0x97, 0xD1, 0xDB, 0xF8,
    0x59, 0xBD, 0x88, 0xB6, 0x3C, 0x86, 0xF5, 0x19, 0x36, 0x0E, 0xA4, 0x9D, 0x3E, 0xA0, 0xCE, 0x30,
    0x60, 0x43, 0x08, 0x61, 0x9F, 0x85, 0xAE, 0xCF, 0x83, 0xEF, 0xEB, 0xB5, 0xD8, 0x7B, 0xDC, 0xA8,
    0xCD, 0xDD, 0x65, 0xBA, 0xDD, 0x6B, 0x2D, 0x19, 0xC0, 0xC0, 0x8D, 0x9C, 0x01, 0x23, 0xED, 0x9D,
    0x44, 0x16, 0x49, 0x73, 0x97, 0x95, 0x2B, 0xBD, 0x0B, 0x81, 0x9C, 0xB5, 0x90, 0xBF, 0xB0, 0x16,
    0xC2, 0x17, 0xC7, 0x96, 0x95, 0xF6, 0xC8, 0x2E, 0x81, 0xEF, 0xDA, 0x35, 0x30, 0x58, 0x68, 0x6C,
    0x5B, 0x9A, 0x08, 0xE6, 0x22, 0xD6, 0xCC, 0x54, 0x0A, 0xE0, 0xE5, 0x58, 0x33, 0x94, 0xE9, 0x98,
    0x3F, 0xCB, 0x5B, 0xC8, 0x3B, 0x49, 0x63, 0xA9, 0x0F, 0x35, 0x80, 0xF6, 0x06, 0x84, 0x62, 0xA2,
    0xE1, 0xD9, 0xB7, 0xEC, 0x5E, 0x22, 0x59, 0xDA, 0x4E, 0x7D, 0x4E, 0x79, 0x08, 0x8C, 0x56, 0x19,
    0x08, 0xBD, 0xF6, 0xA2, 0x84, 0x16, 0x3E, 0xB3, 0x2C, 0x71, 0xAC, 0x08, 0x4B, 0x27, 0x00, 0x86,
    0x97, 0x53, 0xA2, 0x9D, 0x50, 0x3E, 0xC2, 0x2E, 0x34, 0x8A, 0x6D, 0x14, 0x32, 0x94, 0xAF, 0xBF,
    0x3F, 0x94, 0x18, 0x87, 0x44, 0x5F, 0x90, 0xA7, 0xD7, 0xDE, 0xB2, 0x8E, 0x73, 0x9B, 0x6E, 0x9B,
    0xB9, 0x4B, 0x99, 0xE6, 0x1E, 0x85, 0xAA, 0x3A, 0xCE, 0x88, 0xC8, 0x79, 0x96, 0xFD, 0xAC, 0x27,
    0x2F, 0x27, 0x87, 0x6F, 0xF8, 0xF7, 0x4F, 0xFD, 0xBC, 0x91, 0x58, 0x73, 0x35, 0xDB, 0xD6, 0xFA,
    0xC6, 0xF2, 0x4F, 0x74, 0x2D, 0x67, 0xF2, 0xF3, 0x38, 0x4F, 0x0A, 0xB2, 0xF8, 0x61, 0x8D, 0x05,
    0xA9, 0x17, 0x58, 0x70, 0x53, 0x3F, 0x32, 0xAF, 0xD4, 0x17, 0x51, 0x92, 0xB2, 0x25, 0xBC, 0x91,
    0x9D, 0x74, 0xDA, 0x43, 0x72, 0x53, 0xA5, 0x72, 0xB2, 0x54, 0xA6, 0xB1, 0x59, 0x5B, 0x58, 0xCE,
    0xA5, 0xB1, 0x3D, 0xA2, 0x86, 0xF8, 0xFC, 0x13, 0xC5, 0x99, 0x57, 0x94, 0xEC, 0x38, 0x57, 0x85,
    0x3F, 0x5B, 0x33, 0xA3, 0xF5, 0x8F, 0x17, 0x1C, 0x72, 0x06, 0xF1, 0x46, 0x1E, 0x93, 0x63, 0x57,
    0x49, 0xE4, 0x9C, 0xF9, 0x73, 0x7A, 0x24, 0x73, 0x79, 0x23, 0xF5, 0x6D, 0x9B, 0xFC, 0x46, 0xE6,
    0x99, 0x9C, 0x73, 0x4E, 0x75, 0xC7, 0x9A, 0x3B, 0x6F, 0x44, 0x93, 0x33, 0x98, 0x9C, 0x41, 0x2C,
    0x3C, 0x0B, 0x5F, 0x7E, 0x55, 0x1D, 0xAC, 0x55, 0x5D, 0x7D, 0x03, 0x19, 0x7A, 0x1A, 0x75, 0x9D,
    0xED, 0x24, 0xED, 0xBD, 0x8F, 0xDA, 0x92, 0xBC, 0x6C, 0x72, 0xBD, 0xAF, 0x32, 0x3F, 0x09, 0x50,
    0x8D, 0x26, 0x96, 0xBF, 0x26, 0x4A, 0x2F, 0xC1, 0x85, 0x16, 0x8F, 0x67, 0xCB, 0x1D, 0x32, 0xF0,
    0xD6, 0xC0, 0x67, 0x03, 0x3F, 0x08, 0xEE, 0x00, 0xAA, 0xD1, 0x1C, 0xFE, 0x21, 0xD9, 0x7F, 0xBC,
    0x3B, 0xC9, 0xDD, 0x48, 0xFB, 0x81, 0x11, 0x6F, 0xFA, 0x35, 0x02, 0xDB, 0x06, 0xB6, 0x02, 0xBE,
    0xC4, 0x6B, 0x49, 0x90, 0xBF, 0x1B, 0x82, 0xD5, 0x3D, 0x95, 0x4E, 0xF0, 0xDE, 0xC0, 0xBB, 0x03,
    0xAF, 0x03, 0xD4, 0xE5, 0x84, 0x68, 0x06, 0xFF, 0xD5, 0x03, 0xDC, 0xC1, 0xF5, 0x64, 0x9E, 0x84,
    0x0C, 0x97, 0xB0, 0x03, 0xB8, 0x0D, 0x88, 0x6A, 0xE4, 0xC9, 0xE1, 0xBB, 0x03, 0x78, 0xB8, 0x84,
    0x8B, 0x53, 0xBD, 0x6A, 0x06, 0x9A, 0x04, 0x78, 0xFD, 0xB3, 0x84, 0xAA, 0x26, 0x7E, 0xF4, 0x09,
    0x1D, 0x29, 0x4A, 0x67, 0xED, 0xFC, 0xB9, 0xA2, 0x9A, 0xEC, 0xBD, 0x2E, 0x4A, 0xB4, 0x93, 0x84,
    0x3A, 0x39, 0x48, 0x2D, 0xCC, 0x65, 0x5B, 0x8E, 0xCB, 0xF9, 0x72, 0xBD, 0xD4, 0x2B, 0xF5, 0x4B,
    0x3B, 0x17, 0xB1, 0x49, 0x22, 0x32, 0x36, 0x23, 0xBE, 0x37, 0x89, 0x01, 0x93, 0xAA, 0x4C, 0x3D,
    0x9B, 0x04, 0x59, 0x46, 0xC8, 0x6D, 0x84, 0xDB, 0x1D, 0xE0, 0x73, 0x81, 0x19, 0x70, 0x13, 0xB8,
    0x62, 0xF7, 0xCD, 0x86, 0xBF, 0xEE, 0x29, 0x49, 0x81, 0x2F, 0xA1, 0x1A, 0x78, 0xFB, 0xE1, 0xBB,
    0x4F, 0xC6, 0xEF, 0x00, 0x00, 0x36, 0xD2, 0x44, 0x8A, 0x50, 0x8F, 0x04, 0x1C, 0xB4, 0xE0, 0x61,
    0x0B, 0x1B, 0x38, 0x87, 0x37, 0xE0, 0x91, 0x52, 0x7F, 0x15, 0x66, 0xFC, 0x2F, 0xDA, 0x61, 0xB4,
    0xA7, 0xD5, 0x44, 0xF7, 0x81, 0x0B, 0x99, 0xCC, 0xC2, 0xEB, 0x90, 0x81, 0xAE, 0xC4, 0x84, 0xD1,
    0x8C, 0x8C, 0x4A, 0x4B, 0x1B, 0x3D, 0x4D, 0xF2, 0xD4, 0xC9, 0x45, 0x52, 0x33, 0xD7, 0xA9, 0x3E,
    0x34, 0x13, 0x9D, 0xF6, 0x48, 0x86, 0x3A, 0x03, 0x77, 0x78, 0x8C, 0x2D, 0xB7, 0xD9, 0xE0, 0xDF,
    0x3F, 0xE3, 0x34, 0x51, 0xE8, 0x3F, 0xD7, 0xF6, 0x59, 0xE2, 0xAE, 0x89, 0x58, 0x9D, 0x80, 0x4E,
    0x0F, 0x50, 0xEF, 0x69, 0x23, 0xCD, 0x88, 0x49, 0x38, 0x86, 0x90, 0x39, 0xB3, 0x9A, 0x36, 0x9C,
    0xCB, 0xDD, 0xD9, 0x31, 0xB7, 0x04, 0x21, 0x6D, 0xE1, 0x12, 0xC3, 0x03, 0xC8, 0xDC, 0x16, 0x3C,
    0x97, 0x67, 0x66, 0x77, 0x6C, 0x75, 0xC9, 0x20, 0xB1, 0xB0, 0x99, 0xC2, 0x7C, 0xA9, 0x72, 0x54,
    0xAC, 0x95, 0xE6, 0x1F, 0x22, 0x26, 0xD6, 0x1A, 0xDD, 0xDF, 0xC4, 0x8D, 0xF4, 0x9B, 0x36, 0xB4,
    0x1A, 0x9E, 0x78, 0x7F, 0x78, 0x3C, 0x7C, 0x12, 0xED, 0x07, 0x2C, 0x3C, 0x6D, 0xA7, 0x6A, 0x71,
    0xD1, 0x26, 0x8F, 0x8B, 0x19, 0x6F, 0x12, 0x5B, 0x33, 0xD1, 0xD6, 0x09, 0xE9, 0x33, 0x4D, 0xDC,
    0x61, 0x8E, 0xD9, 0x87, 0x37, 0x7C, 0xE1, 0x0B, 0x5F, 0xE8, 0x55, 0x75, 0x8D, 0x03, 0xB0, 0x01,
    0xCE, 0x81, 0x1D, 0x90, 0x81, 0x05, 0x98, 0x81, 0xF4, 0x1F, 0xA6, 0x2B, 0x1A, 0x32, 0x1B, 0x39,
    0xA6, 0xFB, 0x85, 0x25, 0x5D, 0xE9, 0x17, 0x21, 0x5D, 0xA2, 0x26, 0x09, 0x2B, 0xF6, 0x05, 0xBF,
    0x32, 0x0A, 0xB3, 0x7C, 0xF9, 0x58, 0xD2, 0xFD, 0xA2, 0xE4, 0x58, 0xBD, 0xE7, 0x33, 0x1C, 0x90,
    0x2F, 0xD9, 0xEA, 0x7F, 0x93, 0xEE, 0xA5, 0x37, 0x95, 0xE4, 0xF3, 0xE2, 0x93, 0x24, 0x59, 0xBC,
    0xCF, 0x92, 0x1E, 0xB5, 0xF9, 0xF8, 0x0B, 0xEF, 0xBD, 0x50, 0x54, 0xD5, 0xAD, 0x51, 0x98, 0x30,
    0x13, 0x98, 0x11, 0x6C, 0x84, 0x2A, 0xB0, 0xE6, 0xF9, 0x71, 0x65, 0x8C, 0x94, 0x60, 0xE8, 0x8D,
    0x26, 0xFB, 0x4C, 0xA2, 0x4A, 0xA5, 0x9E, 0x44, 0x3C, 0x55, 0x46, 0x46, 0xBC, 0xC6, 0x41, 0x23,
    0xDF, 0x4A, 0xA3, 0xC1, 0x7D, 0x64, 0x7C, 0x81, 0x89, 0xD8, 0x58, 0x69, 0xA8, 0xF7, 0xD0, 0x82,
    0x84, 0x1F, 0x15, 0xBA, 0xA7, 0x71, 0x33, 0x7C, 0xA7, 0x99, 0x25, 0xB6, 0xEC, 0x60, 0xD0, 0xC5,
    0xAA, 0xCE, 0xA2, 0x4D, 0xF4, 0x2A, 0xD1, 0x1F, 0xA4, 0x1F, 0xF6, 0x12, 0x86, 0xEC, 0x18, 0x72,
    0x8B, 0xCF, 0x9E, 0x76, 0xD9, 0xD2, 0xCC, 0x1B, 0xEA, 0x74, 0xBE, 0x46, 0xE9, 0xFE, 0x8C, 0x99,
    0x16, 0xCC, 0x38, 0xD3, 0xAC, 0x46, 0xE4, 0xEE, 0x1A, 0xCF, 0xAE, 0xF1, 0x81, 0x13, 0xCE, 0x8C,
    0xB4, 0x36, 0xE2, 0x9B, 0xC8, 0x56, 0x62, 0xE9, 0x26, 0x3C, 0x5D, 0xE8, 0xC2, 0x53, 0x08, 0xD2,
    0xD7, 0x89, 0x54, 0x25, 0x4D, 0x6B, 0x16, 0xB1, 0x8B, 0x1A, 0x9B, 0x5E, 0x82, 0x20, 0x38, 0x9E,
    0x62, 0xC3, 0x19, 0x60, 0x33, 0xAD, 0x72, 0x26, 0x61, 0x27, 0xFD, 0x2C, 0x61, 0x11, 0x76, 0x5B,
    0x7C, 0xE6, 0x89, 0xAF, 0xA2, 0x0A, 0x6F, 0x80, 0x49, 0x1E, 0x16, 0xE9, 0xC9, 0x45, 0xC1, 0xA4,
    0xAB, 0x1B, 0xC3, 0x9B, 0x99, 0x7D, 0x33, 0x9A, 0xB9, 0xED, 0x9B, 0xE9, 0x02, 0xF7, 0x85, 0x99,
    0xCE, 0x26, 0x78, 0x0A, 0x24, 0xD6, 0x7B, 0xF0, 0x85, 0x9A, 0x0C, 0x67, 0x98, 0x04, 0xE7, 0x34,
    0x23, 0x2C, 0xB4, 0x01, 0x66, 0x2E, 0x80, 0x54, 0xE5, 0x82, 0x26, 0x3D, 0x4E, 0x99, 0x61, 0x5A,
    0xCC, 0xE4, 0x19, 0xA8, 0x42, 0xAE, 0x14, 0xCC, 0x6C, 0xFF, 0x1E, 0x9A, 0xD1, 0x6D, 0xC0, 0xF5,
    0x67, 0x67, 0xD0, 0x31, 0x9F, 0x43, 0x36, 0x65, 0x6E, 0x4D, 0xB5, 0x6A, 0x90, 0x08, 0x33, 0x1E,
    0xF8, 0x9F, 0xEB, 0x56, 0xC9, 0xA4, 0x37, 0x2D, 0xBA, 0x77, 0x57, 0xB6, 0xD1, 0xDB, 0x5F, 0x4D,
    0x90, 0xED, 0xFB, 0x27, 0xCC, 0x4C, 0x9D, 0x4A, 0x1B, 0x1B, 0x71, 0x3D, 0x2E, 0xD0, 0xC1, 0x6D,
    0xC8, 0x98, 0x54, 0x7E, 0x2E, 0x22, 0xB1, 0x8C, 0x7E, 0x0F, 0xAA, 0x7D, 0xAD, 0x60, 0x92, 0x68,
    0x39, 0x2B, 0x66, 0xC4, 0xC3, 0x8A, 0x19, 0x9A, 0x68, 0x66, 0xD0, 0xC2, 0x84, 0xD2, 0xF6, 0x20,
    0xFD, 0x05, 0xBC, 0x41, 0xF3, 0x85, 0x19, 0x6E, 0x3B, 0x93, 0x9A, 0xD8, 0xEE, 0x25, 0xBA, 0x58,
    0x7F, 0x95, 0xA7, 0x8B, 0x90, 0xAB, 0xD7, 0xF4, 0xD4, 0xB3, 0xFD, 0xA5, 0x50, 0xB2, 0x96, 0x92,
    0xF5, 0xC6, 0x41, 0x87, 0xEA, 0x44, 0x5E, 0x71, 0x34, 0x09, 0x36, 0x48, 0x84, 0x33, 0xE0, 0x36,
    0xA0, 0x97, 0x71, 0xC6, 0x55, 0xA9, 0x66, 0x30, 0x09, 0x9A, 0x89, 0x42, 0x6B, 0x14, 0x24, 0x81,
    0x0F, 0x70, 0x07, 0xC8, 0x94, 0x90, 0x90, 0xF1, 0x0C, 0xEF, 0x7F, 0xC0, 0xEB, 0x82, 0xD5, 0xFE,
    0xD4, 0x38, 0x00, 0x66, 0xE4, 0x48, 0x01, 0x3B, 0x1E, 0x2A, 0x7B, 0xC0, 0x1C, 0x0A, 0x28, 0x20,
    0x05, 0xDC, 0x2D, 0xC0, 0xB7, 0xC0, 0xCE, 0x05, 0xC8, 0xD2, 0x63, 0x92, 0x44, 0xEC, 0xB4, 0x82,
    0xC4, 0x15, 0x5C, 0x68, 0x22, 0x9E, 0x66, 0x64, 0x28, 0x99, 0xE8, 0x0A, 0xE6, 0xDE, 0x0B, 0x5F,
    0x9E, 0x6C, 0xA2, 0xD4, 0x5C, 0xA1, 0x2D, 0x6D, 0x3C, 0xD4, 0x33, 0xC0, 0x1B, 0x00, 0x64, 0xC0,
    0xCE, 0x80, 0xEB, 0x6F, 0xDC, 0x41, 0x1B, 0x00, 0x8D, 0x60, 0xFF, 0x29, 0xC1, 0x93, 0xE1, 0x5B,
    0x6F, 0xDC, 0x01, 0x80, 0xD9, 0x3F, 0x55, 0xE8, 0x33, 0x38, 0x9B, 0xFE, 0x5F, 0x1C, 0xD8, 0x38,
    0x83, 0xFC, 0x72, 0xA6, 0xEC, 0xDD, 0xB8, 0x83, 0xCF, 0x04, 0x2A, 0xED, 0xC1, 0xFC, 0x6A, 0x04,
    0x73, 0x77, 0xBC, 0xDC, 0x2B, 0xE7, 0xA8, 0x1F, 0x11, 0x1F, 0x4E, 0xE2, 0x77, 0x4E, 0xE2, 0x75,
    0x2A, 0x0E, 0x1E, 0x10, 0x97, 0xFB, 0xE2, 0xE3, 0x7F, 0x29, 0x6E, 0xB4, 0xD4, 0x02, 0x59, 0xB7,
    0x11, 0x68, 0xF5, 0x85, 0x2F, 0x0C, 0x40, 0x97, 0x01, 0x20, 0x67, 0x00, 0xCC, 0x9C, 0x01, 0x68,
    0xFE, 0x68, 0x01, 0xC0, 0xDD, 0x9D, 0x01, 0xF0, 0x2B, 0x77, 0x00, 0xF6, 0xA6, 0x34, 0xA7, 0x5E,
    0x8E, 0x5B, 0x9B, 0xEC, 0x04, 0x20, 0xB1, 0x19, 0x01, 0xFC, 0x91, 0x9C, 0xE1, 0xB8, 0xAD, 0xF6,
    0x2F, 0xBC, 0x15, 0x01, 0x93, 0x70, 0x3D, 0x20, 0x23, 0xED, 0xD7, 0xBF, 0xF0, 0xE3, 0x68, 0x63,
    0xA9, 0x99, 0xE8, 0x28, 0xDB, 0x09, 0x2A, 0x9D, 0x29, 0xD6, 0xA0, 0xFB, 0xAB, 0x21, 0x56, 0x07,
    0x24, 0x99, 0xB9, 0xE4, 0x31, 0x51, 0xC8, 0x81, 0xB6, 0x07, 0x3C, 0x0F, 0xC1, 0x05, 0x40, 0xF7,
    0xF0, 0xB9, 0x36, 0xE2, 0x90, 0x89, 0x01, 0x7B, 0x78, 0xF9, 0x9E, 0xAA, 0xC8, 0xD0, 0x6A, 0x00,
    0x13, 0x4F, 0x23, 0x90, 0x73, 0xE0, 0x4D, 0x77, 0x80, 0x4B, 0x00, 0xAF, 0x73, 0x3A, 0x87, 0xE7,
    0xA4, 0x77, 0x55, 0xBA, 0xC2, 0x30, 0x14, 0x38, 0xAC, 0x8B, 0x28, 0x19, 0xA0, 0x40, 0xB5, 0x70,
    0xEA, 0xDA, 0x54, 0xE0, 0xB9, 0xF5, 0xA2, 0x29, 0xC9, 0xD8, 0xD2, 0xD1, 0xCD, 0x78, 0x22, 0xBA,
    0x0F, 0xAE, 0x07, 0x5A, 0x00, 0x5F, 0x3A, 0xC1, 0xAB, 0xCE, 0x05, 0x12, 0x40, 0xCD, 0xA9, 0x42,
    0x47, 0xA1, 0xBD, 0x71, 0x07, 0xA6, 0x80, 0xCB, 0xC0, 0xD3, 0x1E, 0xAA, 0x6F, 0x7D, 0x32, 0xDC,
    0xB4, 0x03, 0x00, 0x76, 0x0E, 0xC8, 0x3E, 0xC0, 0xB9, 0x70, 0xC3, 0x0E, 0x1E, 0x03, 0x5A, 0xC0,
    0x45, 0x30, 0x13, 0x57, 0x45, 0x35, 0xAC, 0x01, 0x12, 0xEF, 0x47, 0x61, 0x69, 0x03, 0x78, 0xEE,
    0xC7, 0x05, 0xA7, 0x05, 0xE9, 0x2A, 0x8A, 0xBD, 0xE2, 0xCE, 0xA4, 0x42, 0x13, 0xD7, 0xE8, 0x01,
    0x7A, 0x28, 0xD6, 0xDA, 0x08, 0xFB, 0xE7, 0x51, 0x27, 0x83, 0x55, 0xF0, 0x1F, 0x1B, 0xF9, 0x94,
    0xBA, 0x7F, 0x1E, 0xF3, 0x81, 0x6D, 0x13, 0xF1, 0x12, 0x79, 0xCA, 0xC6, 0xE7, 0x4B, 0xE7, 0x04,
    0x19, 0xF6, 0xB7, 0x34, 0x54, 0x0B, 0x5D, 0xAC, 0x67, 0x24, 0x99, 0x84, 0x49, 0x05, 0xE6, 0x15,
    0xEA, 0xF9, 0xCD, 0x9F, 0xFB, 0xA4, 0x7A, 0x1E, 0x34, 0xD7, 0xB3, 0x6A, 0x36, 0xB3, 0xC4, 0xD3,
    0x7C, 0xE8, 0x7A, 0x9A, 0xA9, 0x0D, 0x48, 0xF4, 0xE0, 0x7B, 0x0F, 0x8A, 0x7F, 0xE1, 0xAD, 0x4C,
    0x77, 0x9C, 0xBD, 0x0F, 0x5C, 0x15, 0x99, 0x7F, 0x12, 0xF0, 0x9A, 0x80, 0xF3, 0x47, 0x16, 0x6C,
    0xBA, 0x58, 0xD2, 0x18, 0x22, 0x6D, 0x40, 0x47, 0x0A, 0x4F, 0xBA, 0xC2, 0xEA, 0xDE, 0xC2, 0x05,
    0x75, 0xCA, 0xEC, 0x30, 0x69, 0x47, 0x5E, 0xF1, 0xA2, 0xE0, 0xE4, 0x59, 0xB0, 0x63, 0x5B, 0xCD,
    0x34, 0x51, 0xBE, 0x28, 0x21, 0x51, 0x9E, 0x2D, 0xD8, 0x14, 0xEC, 0xCD, 0x9F, 0x4C, 0xB8, 0x60,
    0xFE, 0x79, 0xA4, 0xA5, 0xD6, 0x88, 0x87, 0x2B, 0xDC, 0xC2, 0xD0, 0x03, 0x6F, 0x00, 0xB0, 0x01,
    0xF0, 0x00, 0x4D, 0xE4, 0xAA, 0x3C, 0x34, 0x85, 0xFE, 0xB5, 0xDE, 0x9F, 0x42, 0x17, 0x99, 0xA8,
    0xB2, 0x44, 0xC8, 0x6D, 0x0F, 0xD9, 0xF3, 0x10, 0x74, 0x97, 0x60, 0x16, 0x0F, 0x26, 0x79, 0x4A,
    0x17, 0x45, 0x5C, 0x2C, 0x53, 0x68, 0xB0, 0x87, 0x4F, 0x3F, 0x4D, 0xA1, 0x4E, 0x03, 0x40, 0x55,
    0xB0, 0xB0, 0xD1, 0x01, 0xD5, 0x72, 0xF3, 0x0E, 0xBE, 0x0A, 0xB0, 0x19, 0x68, 0x07, 0x20, 0xBB,
    0xFE, 0xC6, 0x1D, 0x00, 0xF8, 0x67, 0x46, 0x50, 0x8D, 0x54, 0x69, 0xE0, 0xA6, 0x1D, 0x9C, 0x4B,
    0x80, 0xBD, 0x8B, 0x94, 0xBD, 0x9B, 0x4F, 0xDF, 0x44, 0x7E, 0xD4, 0x26, 0x93, 0xEB, 0x42, 0xBC,
    0xEF, 0x02, 0x7E, 0x0F, 0x92, 0xC0, 0x27, 0x2A, 0x5D, 0xB0, 0xF3, 0x9E, 0x36, 0x7A, 0x3C, 0x12,
    0xDF, 0x11, 0x0B, 0x74, 0x7B, 0x22, 0x46, 0xF5, 0xD9, 0x88, 0xFB, 0x97, 0xA1, 0xF8, 0xEB, 0xCD,
    0x1E, 0x56, 0xE2, 0x3D, 0x66, 0xC1, 0x2A, 0x26, 0xE1, 0x3C, 0xCD, 0xC4, 0xAE, 0xB4, 0xAA, 0x53,
    0xC1, 0x26, 0x16, 0x2C, 0x3C, 0x2E, 0x2E, 0x85, 0xED, 0xD9, 0x89, 0x03, 0xF2, 0x4B, 0x81, 0x8C,
    0xEC, 0xA9, 0x17, 0x9A, 0x19, 0x9B, 0x30, 0x99, 0x76, 0x44, 0xF4, 0x77, 0x34, 0x70, 0xD6, 0x69,
    0x86, 0x77, 0xB6, 0x3A, 0xF2, 0xC8, 0x80, 0x79, 0x74, 0x61, 0xAF, 0x16, 0xB8, 0xA8, 0x67, 0xD8,
    0x99, 0x04, 0xF9, 0x0A, 0x16, 0x3B, 0x51, 0xCF, 0xCD, 0x78, 0x9A, 0x35, 0x4E, 0x60, 0xA7, 0xB6,
    0xA7, 0x19, 0x4F, 0xF3, 0x47, 0x01, 0x5C, 0xEF, 0xA1, 0x0D, 0xBE, 0xC7, 0xE3, 0xC6, 0x6A, 0x8F,
    0x1C, 0x7E, 0x60, 0x39, 0xAE, 0x3F, 0x74, 0x07, 0x00, 0x6A, 0x1E, 0x1C, 0x30, 0xF5, 0x72, 0xE3,
    0x0E, 0xEA, 0x04, 0x48, 0x06, 0x3A, 0x0F, 0x94, 0x85, 0xFD, 0x86, 0x1D, 0xC0, 0xD5, 0x3D, 0xDB,
    0xF6, 0x65, 0x8F, 0x1B, 0x77, 0xF0, 0x71, 0x40, 0xA1, 0x45, 0x46, 0xE0, 0x82, 0x07, 0x4A, 0x07,
    0x6D, 0x61, 0xE9, 0x42, 0xDB, 0x73, 0x40, 0xA2, 0xC9, 0xC8, 0xD8, 0x24, 0x6C, 0x72, 0x45, 0xD4,
    0x07, 0xCC, 0x7C, 0x80, 0xEA, 0x90, 0x01, 0x4D, 0xC0, 0x10, 0x01, 0x1F, 0x0A, 0x5C, 0x32, 0xC0,
    0x1D, 0x80, 0x0C, 0xFC, 0x7B, 0xCF, 0x26, 0x5C, 0xF0, 0x6F, 0xAB, 0x14, 0x7F, 0x95, 0xEA, 0x9E,
    0xFA, 0xDE, 0xCB, 0x34, 0x98, 0x84, 0x8F, 0x2B, 0xC8, 0x11, 0xEC, 0x74, 0x7C, 0xA6, 0x76, 0x51,
    0x22, 0x3E, 0xC8, 0xAF, 0xBF, 0x5C, 0x11, 0xD5, 0x8C, 0x53, 0x1D, 0x69, 0xAF, 0xB4, 0xEF, 0x03,
    0xB5, 0xF6, 0x88, 0xCE, 0xF8, 0x2F, 0xCC, 0xDC, 0xE1, 0x8C, 0xCC, 0xA6, 0x9A, 0xD9, 0xD5, 0xC9,
    0xCE, 0x26, 0xE9, 0xB8, 0x46, 0x34, 0x93, 0x9B, 0xED, 0x48, 0xBE, 0x7C, 0xB5, 0xE2, 0x4B, 0x48,
    0xC0, 0x3B, 0xB8, 0x68, 0x21, 0xFB, 0xC7, 0x5F, 0x3D, 0x6F, 0x45, 0xC7, 0x4D, 0x73, 0x80, 0x06,
    0x90, 0x08, 0x76, 0x84, 0x2A, 0x71, 0x55, 0xDA, 0x3D, 0xA8, 0xF6, 0x65, 0x65, 0xB5, 0xA3, 0x99,
    0x38, 0xBD, 0x6F, 0xBA, 0xA5, 0x53, 0xA3, 0x3A, 0xFA, 0xA9, 0x89, 0x17, 0x48, 0xCC, 0x94, 0xF0,
    0xFD, 0x50, 0x69, 0xF0, 0xFA, 0x87, 0xA1, 0x39, 0x08, 0x47, 0x22, 0x9B, 0xC0, 0x45, 0xB8, 0x7D,
    0x4D, 0x9C, 0x6F, 0x0B, 0x95, 0x42, 0x79, 0x2F, 0xE8, 0x3F, 0x30, 0x5D, 0x0F, 0x27, 0xD0, 0xCC,
    0xEF, 0x8D, 0xD7, 0x99, 0xB3, 0x76, 0xBC, 0x16, 0x4E, 0xF9, 0x80, 0x09, 0x77, 0xF9, 0x92, 0x0B,
    0xAE, 0x29, 0xF7, 0x3D, 0x18, 0x0D, 0xD8, 0x2F, 0x8E, 0x34, 0x1F, 0x18, 0xB1, 0x3F, 0x17, 0x31,
    0x0A, 0xFC, 0xE4, 0xFF, 0x9D, 0xBB, 0xDD, 0x57, 0x1A, 0x41, 0xF5, 0x2B, 0x75, 0x66, 0x65, 0xD0,
    0xAF, 0xDE, 0x63, 0xA3, 0xC9, 0x78, 0x28, 0x3C, 0xEE, 0xB8, 0x11, 0xE8, 0x74, 0x2D, 0x34, 0x05,
    0x15, 0xFF, 0xA7, 0x4D, 0x04, 0xEE, 0x20, 0x11, 0xC8, 0xB8, 0x11, 0xC8, 0xF8, 0xC4, 0x57, 0x31,
    0xD4, 0xF7, 0x0E, 0x2F, 0x9F, 0xF1, 0x3A, 0x0D, 0x3A, 0xD2, 0x1C, 0x90, 0x03, 0xE0, 0xF6, 0x30,
    0x68, 0x34, 0xFB, 0x57, 0x4F, 0x36, 0xD5, 0x49, 0xE2, 0xC3, 0x8F, 0x88, 0xDB, 0xCB, 0xF0, 0x25,
    0x82, 0x04, 0xF9, 0xB3, 0xA1, 0xBF, 0xFA, 0xBA, 0xF0, 0xEE, 0x80, 0x02, 0x4D, 0x4F, 0xFD, 0xEA,
    0x40, 0xBD, 0x07, 0x4C, 0x0F, 0x76, 0x04, 0x93, 0x80, 0x85, 0x53, 0x29, 0x7A, 0x47, 0x9D, 0x37,
    0x4F, 0x76, 0xAA, 0x66, 0xE9, 0xC9, 0x2D, 0xEC, 0xBC, 0x6A, 0x2E, 0x71, 0xA5, 0x01, 0xB4, 0xFD,
    0x13, 0xC8, 0x73, 0xB7, 0xA2, 0x51, 0x85, 0x61, 0x06, 0xF8, 0xD1, 0x23, 0xA1, 0x8C, 0xE0, 0xAF,
    0x89, 0xF3, 0x4D, 0x81, 0x21, 0x60, 0x5E, 0x33, 0xE2, 0xEE, 0xA6, 0x6B, 0xE1, 0xB4, 0x31, 0x21,
    0x77, 0x17, 0xCA, 0x5B, 0x55, 0xE0, 0x3A, 0x38, 0xDF, 0x8A, 0x16, 0x89, 0x66, 0x04, 0xF0, 0xC9,
    0x4F, 0x76, 0x6C, 0xA2, 0x94, 0xBF, 0xDE, 0xD1, 0xE2, 0xF1, 0x6C, 0x38, 0x67, 0x47, 0x06, 0x13,
    0x91, 0x88, 0xBF, 0xDF, 0xEB, 0x3E, 0xE1, 0x27, 0xEC, 0x48, 0x13, 0x91, 0xE3, 0xAF, 0xBF, 0xFF,
    0xDD, 0xC2, 0x9F, 0xBE, 0x77, 0xEC, 0x20, 0x03, 0x1D, 0xB5, 0xF6, 0xF2, 0x9B, 0xD3, 0x9B, 0x55,
    0xDF, 0x08, 0x00, 0x92, 0x91, 0x85, 0x6A, 0xA6, 0x4E, 0x98, 0xE3, 0x6F, 0xC2, 0xC6, 0x07, 0xD8,
    0xC2, 0x7D, 0x36, 0x67, 0xA2, 0x6F, 0xA6, 0xD6, 0x46, 0x78, 0x40, 0x3D, 0x61, 0xFE, 0x7B, 0x06,
    0xA8, 0xE7, 0xC7, 0x30, 0xFA, 0x34, 0xDC, 0x5A, 0xA0, 0x99, 0xC1, 0x67, 0x78, 0xEF, 0x73, 0xE0,
    0x0C, 0xD8, 0xE0, 0xF3, 0xB6, 0x52, 0xDD, 0xD8, 0xC5, 0xED, 0xCB, 0x22, 0xE1, 0xA9, 0xD6, 0x20,
    0x6F, 0x61, 0xD9, 0x50, 0xA5, 0x2D, 0x26, 0x79, 0x24, 0xCA, 0xD8, 0x95, 0xDB, 0x13, 0x86, 0x09,
    0x00, 0x4C, 0x7E, 0x4B, 0x44, 0x33, 0x6D, 0x93, 0x00, 0x00, 0xEA, 0x3F, 0xD2, 0xDE, 0xFC, 0x8D,
    0x26, 0xA3, 0x1F, 0x9A, 0xCC, 0x5C, 0x2D, 0x36, 0xB1, 0x34, 0x91, 0x59, 0x62, 0xF9, 0xD7, 0xD4,
    0x49, 0x82, 0x49, 0x0E, 0x93, 0x8E, 0x2F, 0x90, 0x6D, 0xDC, 0xD2, 0xC4, 0x0D, 0x12, 0xCF, 0x91,
    0x1E, 0x13, 0xFF, 0xF3, 0xDB, 0xFB, 0xF0, 0xEA, 0xD4, 0xA4, 0x7A, 0xE5, 0x22, 0xB7, 0x81, 0xEC,
    0xE1, 0xE4, 0xB3, 0x78, 0x9E, 0x7D, 0xE1, 0x0D, 0x32, 0xAE, 0xC3, 0x28, 0x1A, 0x2D, 0x6D, 0xA6,
    0xD3, 0xED, 0x3D, 0x9F, 0x6E, 0xEF, 0xEB, 0xE1, 0x7C, 0xC1, 0x83, 0xB7, 0xF7, 0x7C, 0x3D, 0x9C,
    0x80, 0x59, 0xDE, 0x11, 0xD1, 0xCC, 0x46, 0xD2, 0x75, 0x70, 0x1E, 0x87, 0xCC, 0xAF, 0x5C, 0x0D,
    0x99, 0x6B, 0xE1, 0xAC, 0x13, 0x98, 0x7C, 0x8C, 0x2A, 0x01, 0x94, 0x4F, 0x30, 0x9F, 0xD4, 0xA9,
    0xE6, 0x61, 0x0D, 0x4E, 0xA5, 0x05, 0x7C, 0x7F, 0x0C, 0x77, 0xA5, 0xFB, 0xDA, 0x0C, 0x7A, 0x58,
    0x75, 0x97, 0x26, 0x95, 0x99, 0x5B, 0x56, 0xDD, 0x4D, 0xF6, 0xA4, 0xEC, 0x6D, 0xCC, 0x5B, 0x47,
    0xF6, 0xE7, 0xAB, 0x6E, 0x5A, 0x75, 0xA3, 0x8C, 0xED, 0xAA, 0xBB, 0x56, 0xE7, 0x07, 0x8B, 0xAE,
    0x0D, 0xD0, 0x44, 0x30, 0x09, 0x48, 0x9C, 0x4A, 0x9D, 0x38, 0x37, 0x89, 0x6C, 0xA6, 0x35, 0x46,
    0x16, 0x1B, 0x59, 0x79, 0xCB, 0x54, 0x6B, 0x92, 0xF4, 0x26, 0xB9, 0x60, 0x26, 0x47, 0x33, 0xB6,
    0x48, 0x6C, 0x83, 0x8F, 0xF2, 0x67, 0x1A, 0x45, 0xFF, 0xB0, 0xAF, 0x55, 0x02, 0x90, 0x8E, 0x84,
    0x12, 0x61, 0x7B, 0x4D, 0x9C, 0x17, 0x97, 0xCF, 0x2B, 0xBF, 0x39, 0xF1, 0xF6, 0xD5, 0x37, 0x5E,
    0x0B, 0x67, 0xF3, 0x85, 0x97, 0x1F, 0x91, 0xBE, 0x28, 0x01, 0xD7, 0x95, 0xFB, 0x39, 0x50, 0x65,
    0xC0, 0x26, 0x40, 0x02, 0x0F, 0x94, 0x05, 0x5F, 0x60, 0x0B, 0x99, 0x5C, 0x60, 0x81, 0x9D, 0x49,
    0x05, 0x26, 0x38, 0x97, 0x08, 0x1B, 0x09, 0xB0, 0xF5, 0xAC, 0xB0, 0x01, 0x7C, 0x06, 0xDA, 0x19,
    0x70, 0xA9, 0x40, 0x04, 0xA4, 0x40, 0x0B, 0xB0, 0x3D, 0x69, 0xF9, 0xB9, 0xC0, 0xC8, 0x49, 0xD1,
    0x01, 0xF8, 0x2B, 0xD8, 0x02, 0xDC, 0x06, 0xD8, 0x75, 0x13, 0x1C, 0x34, 0x83, 0xFE, 0xB2, 0x82,
    0xE2, 0x0B, 0x81, 0xEB, 0xEB, 0x99, 0x92, 0xDB, 0x11, 0x4A, 0x86, 0xB4, 0xD8, 0x09, 0x4F, 0x33,
    0x71, 0x81, 0xA4, 0x2A, 0x23, 0xFB, 0x37, 0x9F, 0x91, 0x4E, 0x47, 0x9C, 0x3D, 0x40, 0xFB, 0x30,
    0xFB, 0x06, 0xE0, 0x1C, 0x00, 0x33, 0xFE, 0x24, 0xD8, 0x94, 0xC1, 0x4C, 0x19, 0x80, 0x1B, 0xEE,
    0x83, 0x7F, 0x05, 0xCD, 0x5A, 0x01, 0xA4, 0x25, 0x4B, 0x7A, 0xFE, 0xBA, 0x6B, 0xF7, 0x76, 0x76,
    0x5A, 0x54, 0xB0, 0x0B, 0xBB, 0x6C, 0x2F, 0x84, 0xD9, 0xC5, 0x36, 0x40, 0x30, 0xF7, 0x54, 0x09,
    0x04, 0x90, 0xC1, 0x9E, 0x04, 0x0F, 0x2F, 0x80, 0x8D, 0xC5, 0x85, 0xE0, 0x61, 0xE6, 0x74, 0x27,
    0x41, 0x00, 0x99, 0x45, 0x40, 0x60, 0xB0, 0xE2, 0xD9, 0x20, 0x41, 0x10, 0x9C, 0xEB, 0xD4, 0xBE,
    0x41, 0xB0, 0x98, 0x4E, 0x56, 0x04, 0xB0, 0xBD, 0x66, 0x27, 0x24, 0x41, 0x6A, 0xDF, 0xF4, 0x78,
    0x3D, 0x99, 0xEE, 0xF3, 0xE7, 0xFF, 0xD2, 0xDD, 0xEE, 0x39, 0xD7, 0x9D, 0xC9, 0x98, 0x77, 0xDF,
    0x49, 0xEA, 0xDE, 0xFF, 0xAB, 0x73, 0xFB, 0x54, 0xFD, 0xFF, 0xFF, 0x9D, 0xAA, 0xFA, 0xEB, 0xAF,
    0x3A, 0x17, 0xC8, 0x64, 0x00, 0xAC, 0xF4, 0xB8, 0x5E, 0x30, 0xAA, 0x98, 0x3D, 0x41, 0x14, 0x2C,
    0xA1, 0xB8, 0x50, 0x70, 0xA5, 0xC2, 0xB6, 0xF0, 0xC0, 0x60, 0x6B, 0x98, 0x68, 0x03, 0xB2, 0x56,
    0xC1, 0x06, 0x85, 0xC2, 0xE7, 0x01, 0x0E, 0x79, 0x83, 0x9D, 0x48, 0x0B, 0x51, 0x30, 0xAF, 0xD6,
    0x1F, 0xC4, 0x2C, 0x82, 0x2D, 0x15, 0x4A, 0xF6, 0x71, 0x40, 0xDA, 0xA1, 0x90, 0x88, 0x52, 0xE5,
    0xB0, 0x94, 0x23, 0x20, 0x52, 0x9B, 0xCE, 0x86, 0xAC, 0x31, 0x2D, 0xB4, 0x31, 0xA0, 0xF5, 0x85,
    0xB4, 0xB9, 0x48, 0xE3, 0xDA, 0x3C, 0x6C, 0xD4, 0xD4, 0x40, 0x81, 0xAB, 0x77, 0x89, 0x78, 0x27,
    0x3F, 0xF7, 0xF9, 0xDE, 0x02, 0x48, 0xEB, 0xBB, 0x80, 0xF9, 0xC5, 0x00, 0xA4, 0x54, 0x8B, 0xAA,
    0x3E, 0x31, 0xA3, 0x3B, 0x78, 0x0C, 0xFB, 0x49, 0x44, 0x26, 0x0D, 0x12, 0xB9, 0x0D, 0x56, 0xA7,
    0xF1, 0x1B, 0xC8, 0x1A, 0x6A, 0x55, 0xC1, 0x8A, 0xE0, 0x5A, 0x5A, 0x6A, 0xDF, 0xCF, 0xF1, 0xA7,
    0xEA, 0x78, 0x49, 0xBF, 0xD9, 0x54, 0xA5, 0x51, 0x19, 0x81, 0x64, 0x00, 0x14, 0x3D, 0x35, 0x07,
    0xDA, 0xF0, 0x40, 0x72, 0x34, 0xF1, 0x12, 0xE9, 0xC8, 0x4F, 0x80, 0xEA, 0xDF, 0x76, 0x21, 0xD9,
    0xC3, 0x46, 0xD3, 0xD1, 0xDD, 0x76, 0xE9, 0x53, 0xD6, 0xEC, 0x88, 0x23, 0xD8, 0x10, 0x2A, 0x1C,
    0xBF, 0x11, 0x50, 0xD2, 0xFF, 0x1D, 0x32, 0xF9, 0xCB, 0x01, 0x89, 0x48, 0x04, 0x4A, 0xA1, 0x6D,
    0x90, 0x81, 0x0A, 0xF5, 0x39, 0x60, 0x29, 0xC5, 0x08, 0xEC, 0x24, 0x98, 0xF1, 0xC3, 0x36, 0x8B,
    0x69, 0xE4, 0xBB, 0xA5, 0x9F, 0x5A, 0x50, 0x56, 0xB3, 0x38, 0xF0, 0xB9, 0xF5, 0xF6, 0xF9, 0xCE,
    0x67, 0xC2, 0x3E, 0xF4, 0x2D, 0x25, 0x50, 0x29, 0xD2, 0x78, 0x72, 0x42, 0xE7, 0x6C, 0x3D, 0xD7,
    0xB8, 0x25, 0x42, 0xDF, 0x3F, 0x7B, 0x04, 0x38, 0x3A, 0x67, 0x47, 0x52, 0x3B, 0x39, 0xAB, 0x3B,
    0xFE, 0x63, 0xE4, 0xFF, 0x12, 0x91, 0x4A, 0x0D, 0x5C, 0xDE, 0x12, 0xAB, 0xEF, 0x24, 0x8F, 0x01,
    0xFB, 0xE7, 0x0D, 0xC3, 0x1E, 0xAE, 0x4F, 0xBE, 0x4A, 0x1A, 0x60, 0xC7, 0xB6, 0xE3, 0x0F, 0x24,
    0x60, 0x40, 0xD9, 0x2A, 0xE4, 0x51, 0x5B, 0x99, 0x3E, 0xED, 0x90, 0x0C, 0xFC, 0x14, 0x0E, 0x20,
    0x6B, 0xF5, 0x59, 0xDE, 0x20, 0xED, 0xB9, 0x9C, 0xE2, 0x02, 0xB6, 0x2D, 0x6A, 0x94, 0x41, 0xBD,
    0x12, 0xB8, 0xF5, 0xC5, 0x08, 0xA7, 0xAC, 0x14, 0xF6, 0x60, 0xC9, 0x7E, 0x12, 0x15, 0xF3, 0x27,
    0x44, 0xFB, 0x24, 0x80, 0xFE, 0x78, 0xE2, 0xEF, 0x82, 0xEC, 0x28, 0x03, 0x9D, 0x17, 0x51, 0x34,
    0x63, 0xB1, 0x87, 0xBA, 0x90, 0x8E, 0x80, 0xA5, 0x4B, 0x28, 0x3C, 0xD1, 0x61, 0xC6, 0x9E, 0x98,
    0x74, 0x44, 0x13, 0x89, 0x19, 0xD1, 0x5B, 0xC5, 0xA2, 0x25, 0xE5, 0x5C, 0x3E, 0x53, 0x4C, 0xE4,
    0x4F, 0x15, 0xB9, 0x90, 0x09, 0x03, 0x30, 0x5E, 0x88, 0x57, 0x5E, 0x55, 0x48, 0x3B, 0x0E, 0x1E,
    0x43, 0x02, 0xA1, 0x53, 0x48, 0xBB, 0x6F, 0xBC, 0xFC, 0x5E, 0xDA, 0xED, 0x64, 0x48, 0x3B, 0x6D,
    0x6B, 0xBA, 0x2B, 0x72, 0xCA, 0x2B, 0x6F, 0x95, 0x97, 0x0D, 0x0E, 0x70, 0xB5, 0xC3, 0xC4, 0x70,
    0x40, 0x35, 0x45, 0x98, 0x99, 0x61, 0x20, 0x41, 0x82, 0x55, 0x28, 0x69, 0x8E, 0xA0, 0x38, 0x73,
    0x23, 0x35, 0x32, 0x9B, 0x88, 0x91, 0xD7, 0x44, 0x8B, 0xAC, 0x08, 0xFD, 0xC4, 0x89, 0x94, 0x26,
    0x46, 0x24, 0x34, 0xF1, 0x21, 0x9D, 0x6B, 0x6C, 0x3C, 0x8E, 0x0B, 0x9D, 0x89, 0xD8, 0x11, 0xF6,
    0xEB, 0xF5, 0x7D, 0xD0, 0x32, 0x81, 0xA3, 0x3D, 0xC7, 0x3A, 0x13, 0x09, 0x2F, 0xF5, 0x4D, 0x43,
    0xC7, 0x33, 0x91, 0x86, 0x71, 0x92, 0x0E, 0x1F, 0x81, 0xF2, 0xA5, 0xD7, 0x00, 0xDC, 0x5F, 0x68,
    0x63, 0x27, 0xD2, 0x11, 0x18, 0x3B, 0xA4, 0x53, 0x89, 0x38, 0x2C, 0xF9, 0x7E, 0x9E, 0x99, 0xDF,
    0x88, 0x59, 0x9B, 0x74, 0xB6, 0xC6, 0x50, 0x02, 0x5B, 0xED, 0x30, 0x50, 0x96, 0x59, 0x49, 0x29,
    0xEB, 0x33, 0xD8, 0x97, 0x17, 0x41, 0xCD, 0x03, 0xBB, 0x0E, 0x73, 0x61, 0xB0, 0x24, 0x5F, 0x86,
    0xCC, 0x53, 0x33, 0xC2, 0xF9, 0xD5, 0x0A, 0xBA, 0x1D, 0x56, 0x27, 0xF2, 0xDB, 0xD6, 0xB3, 0xF3,
    0xB8, 0x47, 0x70, 0x81, 0xCD, 0xC3, 0xFB, 0x3B, 0x5E, 0xF5, 0x53, 0x38, 0x37, 0x01, 0xC8, 0x28,
    0xCC, 0x26, 0x54, 0xF0, 0xF1, 0x59, 0x0D, 0xAC, 0x9C, 0xE7, 0x2C, 0xE6, 0x38, 0xB5, 0xA7, 0x1E,
    0x22, 0x86, 0xC4, 0xEC, 0x67, 0x11, 0x89, 0x04, 0xE0, 0xF2, 0x96, 0x26, 0xDE, 0xDD, 0x94, 0xAC,
    0xA6, 0x95, 0x4A, 0x56, 0x37, 0xEE, 0xC7, 0x9E, 0x81, 0xBE, 0x49, 0xB8, 0x62, 0x4D, 0x87, 0xF4,
    0x0D, 0x81, 0xFE, 0xCB, 0xEB, 0xFB, 0x15, 0x57, 0xC5, 0x86, 0x89, 0x5D, 0x05, 0x18, 0x42, 0xD6,
    0x3A, 0xC0, 0x36, 0x8E, 0x21, 0x91, 0x81, 0x3E, 0xE4, 0x7B, 0x8D, 0xAE, 0xA9, 0xC8, 0x53, 0x7D,
    0x32, 0x5A, 0x8F, 0x33, 0x7F, 0x17, 0xD9, 0x3F, 0xF6, 0x30, 0xA4, 0xB8, 0xAB, 0xB1, 0x94, 0xA2,
    0x2F, 0x20, 0xB2, 0xD2, 0x40, 0x31, 0x66, 0xD1, 0x0C, 0x0C, 0x13, 0x8C, 0x12, 0x8C, 0x0F, 0x2A,
    0x9D, 0x43, 0x12, 0x19, 0x21, 0x18, 0x20, 0xCA, 0xDA, 0xB6, 0xB6, 0xAD, 0x9A, 0x4C, 0x24, 0x40,
    0x7E, 0x1A, 0x00, 0x4B, 0xF1, 0x0F, 0xE1, 0xE0, 0x7E, 0xB8, 0x47, 0x21, 0x3D, 0x52, 0x09, 0xD7,
    0xF7, 0xE9, 0x13, 0x13, 0xBD, 0xBE, 0xC2, 0xBE, 0x48, 0xA2, 0x27, 0xE1, 0xC3, 0x92, 0x62, 0x09,
    0xF6, 0x86, 0x90, 0x11, 0x2E, 0xF8, 0xDE, 0x88, 0xA3, 0xC2, 0xF4, 0xB2, 0x7C, 0x34, 0xAD, 0xD1,
    0x07, 0x98, 0xEA, 0xBB, 0x5F, 0xEC, 0x67, 0xB0, 0xE1, 0x5A, 0xE2, 0x3A, 0x29, 0x7D, 0x32, 0xAE,
    0xD7, 0xD5, 0x7D, 0x2B, 0x5A, 0x22, 0x51, 0xDA, 0xA4, 0x67, 0x03, 0x2E, 0xCC, 0x4B, 0xCE, 0x07,
    0x0C, 0x5C, 0x9A, 0x6B, 0x45, 0xE1, 0xFE, 0x98, 0x29, 0x76, 0xE0, 0xD6, 0x1E, 0xA9, 0xDD, 0x1C,
    0x62, 0xAB, 0x5A, 0xF9, 0x56, 0xE9, 0xF9, 0xA7, 0xC3, 0x21, 0xF2, 0x2D, 0x3C, 0x04, 0xB0, 0x05,
    0x55, 0xA2, 0x90, 0x51, 0x65, 0x40, 0x12, 0x81, 0xF4, 0x57, 0x52, 0x9B, 0xD7, 0x12, 0x8D, 0xFC,
    0x8E, 0x8E, 0x45, 0xD2, 0x67, 0x11, 0x7D, 0x1E, 0xD0, 0xD9, 0xC0, 0x25, 0xAB, 0x43, 0xE3, 0x4D,
    0x2C, 0x98, 0x95, 0xC3, 0x34, 0xCA, 0x33, 0xAC, 0x90, 0x87, 0x73, 0xD8, 0xB0, 0x65, 0x84, 0x73,
    0xD2, 0xA8, 0x04, 0x1C, 0x16, 0x11, 0xAF, 0x42, 0xCB, 0x8B, 0xD0, 0xFE, 0x71, 0x3A, 0x44, 0xD9,
    0x80, 0x24, 0x81, 0xE1, 0x4A, 0xC8, 0x9E, 0xDC, 0xC9, 0x5C, 0x24, 0xA8, 0xD0, 0x44, 0x38, 0xB4,
    0xE0, 0x22, 0x5C, 0xCB, 0x61, 0x53, 0x1F, 0x2D, 0x7F, 0xE9, 0x46, 0x01, 0x94, 0x54, 0xCA, 0xDF,
    0x73, 0x0E, 0x24, 0x89, 0x0E, 0xB7, 0xEF, 0x0B, 0xDB, 0xA4, 0x71, 0x3E, 0x3D, 0xEC, 0x97, 0x13,
    0x50, 0x03, 0x1B, 0x91, 0x47, 0xA4, 0x4B, 0x90, 0x60, 0x6B, 0x75, 0xCA, 0x5F, 0x39, 0xB5, 0x3A,
    0x70, 0xAA, 0x07, 0x3A, 0x24, 0x91, 0x8A, 0x4C, 0x64, 0xAB, 0x7B, 0x7C, 0x07, 0x55, 0x40, 0xB9,
    0xD0, 0xEC, 0x80, 0xB4, 0x07, 0x10, 0xBF, 0xB8, 0x4F, 0x35, 0xBA, 0x36, 0x6B, 0xF2, 0x60, 0xF9,
    0x53, 0x17, 0x28, 0x39, 0x4B, 0x71, 0xAE, 0x5E, 0x6E, 0xD9, 0x85, 0xD6, 0x30, 0x68, 0xC5, 0x9E,
    0xB4, 0xC5, 0xCE, 0xC7, 0x15, 0x8D, 0x67, 0x2D, 0xED, 0x73, 0xD6, 0x39, 0xD0, 0xA5, 0x6B, 0xD5,
    0x06, 0xCB, 0x54, 0x67, 0xB3, 0x01, 0x73, 0x82, 0xF8, 0x07, 0x60, 0xA5, 0xF4, 0x37, 0xEA, 0x9A,
    0x56, 0x97, 0x6A, 0x23, 0x19, 0x92, 0x81, 0x5A, 0xE5, 0x03, 0x15, 0x09, 0x95, 0x34, 0x74, 0x93,
    0x3B, 0x08, 0xBA, 0x34, 0x9A, 0xC1, 0x74, 0xA9, 0x0A, 0x1E, 0x27, 0xCD, 0xD5, 0x44, 0xB0, 0xC1,
    0xB5, 0x3C, 0xFE, 0x59, 0x9F, 0x87, 0x42, 0xED, 0x95, 0x2A, 0x0E, 0xB6, 0x5E, 0xA1, 0x50, 0x26,
    0xA5, 0x72, 0x71, 0xD8, 0xAA, 0x0C, 0x38, 0x47, 0xAF, 0x7F, 0x75, 0xD8, 0x26, 0x71, 0xCA, 0x91,
    0x29, 0x1C, 0xC4, 0x22, 0xC0, 0x8A, 0xCA, 0x1E, 0xE0, 0xB2, 0x1B, 0x71, 0x89, 0xBC, 0x63, 0x8A,
    0x1D, 0xC8, 0x1E, 0xDA, 0x78, 0x50, 0x1F, 0x2D, 0xB3, 0x4F, 0xC7, 0x95, 0x26, 0x80, 0x79, 0x31,
    0x28, 0x88, 0x42, 0x26, 0x4C, 0x82, 0x47, 0x2E, 0xB2, 0x4E, 0x3B, 0xD8, 0xC6, 0x2A, 0x84, 0x9C,
    0x1F, 0x8D, 0xEA, 0x2F, 0x91, 0x0E, 0x24, 0x3A, 0x12, 0x76, 0x04, 0xE7, 0xC1, 0x82, 0x04, 0x4B,
    0x7A, 0x60, 0xC2, 0x02, 0xFC, 0x13, 0xF4, 0x02, 0xBF, 0x41, 0x38, 0x9F, 0xC3, 0xD1, 0x30, 0x4B,
    0x0F, 0x24, 0x9C, 0x14, 0x91, 0xA9, 0xB0, 0x6D, 0x4C, 0x74, 0xDE, 0xB4, 0x23, 0xB2, 0x27, 0x11,
    0xF9, 0x53, 0x72, 0xF0, 0xE4, 0x41, 0x41, 0xA1, 0xCF, 0xCA, 0xB4, 0x23, 0x6F, 0xAC, 0x94, 0xCF,
    0x39, 0x9C, 0xAA, 0xE2, 0x30, 0xCD, 0xCA, 0xFF, 0x9E, 0x61, 0x6E, 0x96, 0x1E, 0xB0, 0xED, 0xEC,
    0xD1, 0xC7, 0xC7, 0xC7, 0xCF, 0x1E, 0x57, 0xE5, 0xE1, 0x2D, 0xC9, 0x66, 0xCA, 0x48, 0x02, 0x05,
    0x7F, 0xC8, 0xA1, 0xB0, 0x35, 0xA9, 0xB2, 0xB8, 0x77, 0xFF, 0xF9, 0x5F, 0x67, 0xF9, 0x22, 0x59,
    0xCB, 0xC9, 0x79, 0xC3, 0xA2, 0x99, 0xB3, 0x18, 0x26, 0x31, 0x2A, 0x11, 0x4B, 0xA1, 0x33, 0xDF,
    0x9D, 0xE5, 0x01, 0x90, 0x75, 0xF3, 0xBD, 0x40, 0x16, 0x90, 0x2F, 0xC1, 0xC6, 0xFA, 0xAB, 0x78,
    0xB3, 0x5A, 0xE2, 0xCD, 0x30, 0x2F, 0xED, 0xA4, 0x9B, 0xD7, 0x35, 0x7F, 0x3B, 0x18, 0xB9, 0xBA,
    0x6E, 0x31, 0x81, 0xDB, 0x7C, 0xDA, 0x50, 0xD9, 0xCE, 0x73, 0x28, 0xB0, 0xD1, 0x67, 0x97, 0xDC,
    0x54, 0x54, 0x27, 0x73, 0xA3, 0xE1, 0xDE, 0xE7, 0xA3, 0xF1, 0xA0, 0xC0, 0xD6, 0x51, 0x4B, 0xDF,
    0xA3, 0x8B, 0x4B, 0x8C, 0xE1, 0x4C, 0x37, 0x34, 0xBB, 0x04, 0xCC, 0xE3, 0xD8, 0xE4, 0x3C, 0x83,
    0x6A, 0x31, 0xDB, 0xB9, 0x39, 0xED, 0xF3, 0xEA, 0xAD, 0x4B, 0x5B, 0x85, 0xB2, 0x51, 0x10, 0x0F,
    0x54, 0x1D, 0x00, 0xBE, 0xB0, 0x03, 0xDD, 0x20, 0xFC, 0xD6, 0xCD, 0x99, 0xE5, 0x1A, 0xDC, 0xBD,
    0x90, 0x11, 0x96, 0x0F, 0xED, 0x7A, 0x3C, 0x4C, 0x3F, 0xAD, 0x8D, 0x78, 0xB3, 0xA7, 0x1F, 0xAE,
    0x41, 0x75, 0xEC, 0x6B, 0xA1, 0xD8, 0x73, 0x65, 0xB2, 0xDC, 0xC7, 0xA2, 0x1B, 0x45, 0x20, 0x6E,
    0x70, 0x5C, 0xAA, 0xC0, 0x0E, 0xBB, 0xC0, 0x49, 0x2F, 0x0D, 0x2D, 0x4A, 0x5C, 0x10, 0xC9, 0xAB,
    0x9E, 0x2B, 0x3D, 0x0E, 0xD8, 0xAA, 0x92, 0x2D, 0x06, 0xC5, 0x0D, 0xB1, 0x75, 0xE8, 0x91, 0x35,
    0x65, 0xD2, 0x21, 0x0F, 0xF6, 0x4F, 0x18, 0xE7, 0xEC, 0x13, 0x62, 0x4E, 0xAC, 0xCD, 0xB3, 0x56,
    0x3D, 0x31, 0x9F, 0x35, 0x5C, 0xD8, 0x12, 0xA8, 0x6F, 0x41, 0xAC, 0x96, 0x04, 0xF1, 0xA3, 0x29,
    0x6E, 0xE7, 0x2D, 0xC7, 0x66, 0x29, 0xE9, 0x2F, 0xA4, 0x36, 0xFF, 0xF1, 0x4E, 0x1B, 0x6C, 0x7B,
    0xB8, 0xC1, 0x3E, 0x20, 0xF9, 0xFF, 0x3B, 0x2E, 0x2C, 0xF0, 0x04, 0xD3, 0x12, 0x11, 0xAF, 0xD0,
    0x34, 0x44, 0x57, 0x13, 0xBF, 0xF4, 0xB9, 0x39, 0x2E, 0x5A, 0xB8, 0xF8, 0x8A, 0x49, 0xF8, 0xDA,
    0xF4, 0x8B, 0x03, 0x5F, 0xE7, 0xF5, 0x08, 0xEC, 0x4F, 0x5B, 0x9A, 0x16, 0xB0, 0x0C, 0xFF, 0x4F,
    0xC6, 0xFC, 0xAC, 0xFE, 0x3E, 0xCC, 0x8B, 0x8E, 0x8F, 0x80, 0xCD, 0xAD, 0x8C, 0xB9, 0x03, 0x33,
    0xAD, 0x40, 0x68, 0x09, 0x51, 0x61, 0x35, 0x28, 0xDC, 0xDB, 0x13, 0x9C, 0xC2, 0x79, 0x11, 0x14,
    0x6C, 0xAB, 0x60, 0xA2, 0x42, 0x32, 0x28, 0x60, 0x4F, 0x70, 0x84, 0xE2, 0x89, 0x42, 0xFE, 0x4C,
    0xC1, 0xBC, 0x50, 0x48, 0x44, 0x01, 0x3B, 0x82, 0x23, 0x58, 0x42, 0xDE, 0x2C, 0x03, 0x99, 0x2D,
    0x8B, 0xBD, 0x10, 0xAF, 0xB0, 0x07, 0x70, 0xE7, 0x11, 0x3E, 0x2A, 0x07, 0x6C, 0x45, 0xFC, 0xEE,
    0x65, 0x15, 0x76, 0x3E, 0x6F, 0x77, 0x30, 0xF1, 0x52, 0x65, 0xFB, 0x8E, 0x82, 0xEB, 0x92, 0xD8,
    0x06, 0x46, 0x02, 0x52, 0x01, 0x2F, 0xF6, 0x09, 0x03, 0x34, 0xC7, 0xFF, 0x1E, 0xA6, 0x92, 0xF3,
    0xD9, 0x4E, 0x2D, 0x1A, 0xF9, 0xE1, 0xAE, 0xC9, 0x3B, 0x64, 0x51, 0x7B, 0x24, 0x03, 0x4F, 0x04,
    0x83, 0xE3, 0x3A, 0x27, 0x38, 0x47, 0xA8, 0x08, 0x1B, 0x2C, 0xAF, 0xDC, 0x11, 0x6C, 0xD8, 0x63,
    0xB4, 0x81, 0xB7, 0x60, 0x11, 0x59, 0x67, 0xF6, 0xBE, 0x6A, 0x21, 0xC2, 0x9C, 0x8C, 0x36, 0xF0,
    0x35, 0x20, 0x15, 0xA1, 0x00, 0xEB, 0xF5, 0x3C, 0x81, 0x7A, 0x46, 0x29, 0x6F, 0x5F, 0x5D, 0x34,
    0x45, 0x60, 0x46, 0x9F, 0xF4, 0x0E, 0x18, 0x36, 0x2A, 0x0F, 0x55, 0x2E, 0xE7, 0x7A, 0xA5, 0xC2,
    0xE7, 0xA5, 0x37, 0x9D, 0x6D, 0x6D, 0xD4, 0x3E, 0x01, 0xBB, 0xFD, 0xBC, 0x4D, 0xE0, 0x6F, 0x3F,
    0x02, 0xCC, 0xAF, 0xC8, 0xED, 0x1F, 0x5A, 0x60, 0x55, 0xF8, 0x9B, 0x6F, 0x27, 0xFF, 0x5D, 0xAE,
    0x6E, 0x27, 0x7B, 0xCB, 0xEB, 0x3A, 0x7E, 0xFC, 0x0B, 0xD3, 0x23, 0xA8, 0x66, 0x30, 0x74, 0x87,
    0x7E, 0xF1, 0xAA, 0x2B, 0xA0, 0x08, 0x3C, 0xFB, 0xF8, 0x6C, 0xFF, 0x83, 0x71, 0xBE, 0x9D, 0xE4,
    0xE0, 0x01, 0x36, 0x57, 0x74, 0x25, 0x26, 0x97, 0xCD, 0x3F, 0xC5, 0xEB, 0x77, 0x26, 0x3C, 0x91,
    0xC3, 0xEC, 0x3F, 0x64, 0xC6, 0x3A, 0xA5, 0x76, 0xC3, 0x94, 0x9C, 0x39, 0x2C, 0x40, 0x8E, 0x07,
    0x57, 0x5D, 0xA5, 0xB7, 0x0D, 0xF4, 0xBE, 0x52, 0xBB, 0xC9, 0x9E, 0x0A, 0x5A, 0x92, 0x99, 0x77,
    0x9C, 0x42, 0xF6, 0x5A, 0x37, 0xA8, 0xFE, 0x55, 0x64, 0xBD, 0xF6, 0xC9, 0x88, 0x62, 0xBE, 0x97,
    0xCD, 0x06, 0x00, 0x1C, 0x72, 0xD6, 0x36, 0x4C, 0xB5, 0x32, 0x64, 0x80, 0xA4, 0x9D, 0x74, 0x5C,
    0x7B, 0xD6, 0xFC, 0x04, 0x51, 0xCD, 0xF5, 0x86, 0x5D, 0x39, 0x84, 0xA4, 0xC9, 0x76, 0x54, 0xC1,
    0x7A, 0x8E, 0xF5, 0xAE, 0x86, 0x63, 0x6D, 0x9B, 0x44, 0x02, 0xC8, 0xE8, 0x42, 0xFE, 0x79, 0x7D,
    0x9F, 0x1F, 0xC1, 0x7F, 0xD2, 0x1D, 0x94, 0xA3, 0x63, 0xCD, 0x59, 0x5C, 0xF6, 0x80, 0xC8, 0x4F,
    0x44, 0x48, 0xF7, 0xF5, 0xAB, 0x8B, 0x90, 0x45, 0xED, 0xC4, 0x2B, 0x43, 0x08, 0xD2, 0xA8, 0xA4,
    0x47, 0x1E, 0xDF, 0xD8, 0x48, 0x96, 0x8A, 0xD4, 0x69, 0x06, 0xE9, 0x54, 0x4D, 0x4E, 0x7B, 0x2B,
    0xF8, 0x0A, 0x6C, 0x5B, 0x55, 0x7A, 0x6B, 0x6B, 0x64, 0xB4, 0xD3, 0xC5, 0x6D, 0x22, 0x74, 0x11,
    0x5F, 0x26, 0x38, 0x02, 0x99, 0x67, 0xF1, 0x28, 0x2C, 0xCD, 0x73, 0xBA, 0xC6, 0xFE, 0xF7, 0x76,
    0x0D, 0x78, 0x6D, 0xAB, 0x60, 0x62, 0xD2, 0x2B, 0xA4, 0x9D, 0x02, 0x13, 0xEA, 0x56, 0xA1, 0x0A,
    0xDC, 0x24, 0x7D, 0x26, 0xA2, 0x8D, 0x9E, 0xEF, 0x79, 0x88, 0xAB, 0xA0, 0xE0, 0xF8, 0x4A, 0xB9,
    0x17, 0x1C, 0x85, 0x92, 0xEA, 0x1D, 0x4C, 0xA7, 0x90, 0xCC, 0xD9, 0x25, 0x60, 0x67, 0xFB, 0xC3,
    0x12, 0xAA, 0x59, 0x90, 0xB6, 0x5B, 0x98, 0x67, 0x6A, 0x4C, 0xD4, 0xD6, 0x38, 0x39, 0x96, 0xB7,
    0x54, 0x39, 0x4B, 0x0D, 0x14, 0x64, 0x77, 0x70, 0xFA, 0x5F, 0xD2, 0x4E, 0x27, 0xBF, 0x54, 0x11,
    0xEF, 0x7E, 0x2C, 0x61, 0x05, 0x1B, 0x57, 0x30, 0x37, 0x48, 0x11, 0x1C, 0xDB, 0xA8, 0x7E, 0xF7,
    0xE3, 0x1E, 0x2B, 0x0C, 0x2A, 0x8E, 0xE2, 0xB5, 0x0F, 0x43, 0x1A, 0xDB, 0x75, 0x2B, 0x24, 0x5C,
    0x35, 0x7B, 0xB0, 0x70, 0x95, 0x64, 0x0D, 0x90, 0xD3, 0x01, 0xAF, 0x02, 0xE0, 0xD7, 0x80, 0x6F,
    0x66, 0x7D, 0xE9, 0xFA, 0x72, 0xF7, 0xA3, 0x32, 0xA2, 0x0C, 0x9C, 0x25, 0x25, 0xDE, 0xF2, 0x3B,
    0x7F, 0xEA, 0xCC, 0x0D, 0xE8, 0x37, 0x33, 0xD9, 0x6F, 0x01, 0xC0, 0xE3, 0x3B, 0x9E, 0x4B, 0x96,
    0x04, 0x3A, 0x90, 0xE5, 0xA9, 0x87, 0xE2, 0x47, 0xEA, 0xC0, 0xB6, 0x02, 0x5C, 0xCF, 0x29, 0x7A,
    0x2B, 0x43, 0x71, 0x34, 0xC1, 0xF6, 0xD7, 0xBF, 0xF2, 0x40, 0x2A, 0xCC, 0x35, 0x38, 0x1F, 0xE5,
    0xAF, 0xC4, 0x27, 0x3C, 0xB9, 0x68, 0x83, 0xAF, 0xCC, 0xB9, 0x57, 0xC7, 0x16, 0xEC, 0x04, 0xE9,
    0xC0, 0x76, 0x35, 0x7B, 0xF0, 0x65, 0x3E, 0x2C, 0xFA, 0xE0, 0x68, 0x60, 0xCE, 0xAA, 0x1D, 0xC3,
    0x81, 0xFD, 0xAF, 0x8B, 0x0E, 0x86, 0xAB, 0x1A, 0xD5, 0x38, 0x67, 0xAE, 0x37, 0x1C, 0x0B, 0xE6,
    0x90, 0x89, 0xFC, 0x97, 0x17, 0xC1, 0x86, 0xDC, 0x5B, 0xB6, 0x62, 0xA8, 0xA7, 0x95, 0x5D, 0x3F,
    0x5B, 0x76, 0xF8, 0x12, 0x0A, 0x6C, 0x51, 0xC2, 0xFD, 0x31, 0x2F, 0x41, 0x06, 0xA4, 0xD2, 0xBC,
    0xDD, 0x6F, 0xC2, 0x4D, 0x7E, 0xC7, 0xB7, 0xF8, 0x5D, 0xD3, 0xEF, 0x57, 0xEA, 0x77, 0x46, 0xBF,
    0xB1, 0x63, 0x8B, 0x5C, 0x05, 0xB6, 0x25, 0xB2, 0xEB, 0x6F, 0x12, 0x5C, 0x78, 0x7F, 0xC7, 0x0D,
    0x35, 0x47, 0x20, 0x19, 0xC1, 0xF1, 0xC2, 0xD9, 0x05, 0xA6, 0x28, 0xC7, 0x71, 0x07, 0x07, 0x9E,
    0x23, 0x4F, 0x9B, 0xE1, 0xD4, 0x43, 0xF4, 0xED, 0xF4, 0x31, 0xCA, 0x0F, 0x03, 0x23, 0x3C, 0xD2,
    0xEE, 0x56, 0x86, 0xA8, 0xE2, 0x86, 0xB9, 0x53, 0xF0, 0xEB, 0x0F, 0x5E, 0xAE, 0xB9, 0x6C, 0xDF,
    0x78, 0x38, 0x78, 0xC3, 0x77, 0x6A, 0x97, 0x04, 0x92, 0x78, 0xF3, 0xB5, 0x73, 0x20, 0xCF, 0x0E,
    0xF3, 0x5C, 0xFF, 0xEA, 0x96, 0xEA, 0x22, 0x96, 0xF2, 0xDD, 0xAB, 0xB3, 0x82, 0x95, 0x58, 0x48,
    0x44, 0x0F, 0x1C, 0x1E, 0xB0, 0xAE, 0x5D, 0x04, 0x35, 0xB0, 0x23, 0x43, 0xB6, 0xF1, 0x64, 0x89,
    0x0E, 0xDF, 0xE2, 0x65, 0x11, 0x96, 0x14, 0x92, 0x19, 0x24, 0xB9, 0xFB, 0xEB, 0xF9, 0xE3, 0x29,
    0xA8, 0xB2, 0xA0, 0x58, 0x6E, 0x82, 0x3A, 0x0C, 0x33, 0x99, 0x24, 0xC2, 0xF1, 0x40, 0x1C, 0xA6,
    0x43, 0x5A, 0xFE, 0x96, 0x43, 0x5A, 0x47, 0x56, 0xC0, 0xEE, 0xE6, 0xEF, 0x97, 0x68, 0x6F, 0x43,
    0x7B, 0xDB, 0xE3, 0xAF, 0x03, 0xFB, 0xAC, 0x55, 0x37, 0xF2, 0x06, 0xDC, 0xF9, 0x0E, 0x20, 0x6B,
    0x4B, 0xDE, 0x17, 0xCE, 0x5F, 0x9B, 0x11, 0x48, 0xD2, 0x91, 0x24, 0x77, 0x59, 0x14, 0x4D, 0x32,
    0xC2, 0xEE, 0xFF, 0x86, 0x33, 0x88, 0x33, 0xB8, 0xDA, 0x03, 0x1C, 0x06, 0xCA, 0xD1, 0xF4, 0x8E,
    0x78, 0x60, 0xA2, 0xDA, 0x6A, 0x55, 0x1A, 0x35, 0x17, 0x98, 0xE6, 0xA6, 0x6A, 0x82, 0xA7, 0x7B,
    0x13, 0x0B, 0x6F, 0xDA, 0x82, 0x86, 0xD4, 0x84, 0xAA, 0x0E, 0xF6, 0xB9, 0x04, 0x2B, 0x3F, 0xAF,
    0x53, 0xB1, 0x1E, 0x8F, 0x93, 0x00, 0x44, 0xA3, 0x50, 0x91, 0x55, 0x49, 0x1B, 0xC9, 0xFD, 0xAB,
    0x5B, 0x07, 0x5B, 0x5F, 0xD2, 0xB5, 0xF7, 0x84, 0x87, 0x58, 0x60, 0xA3, 0x30, 0x71, 0x53, 0xD2,
    0x15, 0x6C, 0x77, 0x36, 0x92, 0x56, 0x37, 0xA5, 0x43, 0x34, 0x89, 0x0C, 0xBF, 0x8E, 0xAC, 0x3E,
    0x9F, 0xAE, 0x76, 0x24, 0xCE, 0x61, 0x17, 0x3C, 0x32, 0x34, 0x3C, 0x2A, 0xBC, 0x9B, 0xE4, 0xED,
    0x25, 0x13, 0x05, 0x5F, 0xB5, 0x4E, 0x5E, 0xB7, 0xB9, 0xFC, 0xAC, 0xC5, 0x57, 0x01, 0xA8, 0x66,
    0x05, 0x17, 0x15, 0xEE, 0x71, 0xA6, 0xFF, 0xD1, 0x3D, 0x4E, 0x79, 0xC2, 0xB4, 0x53, 0xB5, 0xA7,
    0x19, 0x3E, 0x28, 0x30, 0x05, 0x37, 0x4F, 0x66, 0x21, 0xF9, 0xFD, 0xED, 0x0C, 0x25, 0x10, 0xFF,
    0x27, 0xF9, 0xED, 0x98, 0xFC, 0x36, 0x4C, 0x7E, 0x4F, 0x3D, 0x39, 0xF1, 0x4D, 0xAB, 0x70, 0xE9,
    0xB8, 0xEC, 0x06, 0x20, 0x7B, 0xD2, 0x5E, 0x9B, 0xA6, 0x20, 0x39, 0x90, 0x1D, 0x48, 0x0F, 0xE4,
    0x07, 0x12, 0x04, 0x19, 0x82, 0x14, 0x41, 0x8E, 0x20, 0x49, 0x90, 0x25, 0x48, 0x13, 0xE4, 0x09,
    0x12, 0x05, 0x99, 0x1E, 0xDE, 0xE0, 0x03, 0x03, 0xE0, 0x0E, 0x70, 0x45, 0xAA, 0xE0, 0x8D, 0x26,
    0x68, 0x25, 0x1E, 0x22, 0xDF, 0xCA, 0xC9, 0x17, 0x24, 0x4C, 0xA3, 0x33, 0x66, 0x44, 0x7D, 0xC8,
    0x77, 0xF9, 0x67, 0xC7, 0xE5, 0x6E, 0xE4, 0xAF, 0x05, 0xF3, 0xD7, 0xE2, 0x28, 0xA4, 0x51, 0x84,
    0xF5, 0xC4, 0x82, 0x40, 0xDB, 0xC4, 0x48, 0xB4, 0xED, 0x4D, 0x83, 0x97, 0xBC, 0xCB, 0xE0, 0xF9,
    0x54, 0xA8, 0xA9, 0x07, 0x4C, 0x73, 0xED, 0x5F, 0x62, 0xC8, 0x64, 0x39, 0x35, 0x00, 0xAE, 0xF0,
    0x58, 0xBE, 0x6D, 0x3C, 0x2E, 0x03, 0xED, 0xBB, 0xA9, 0xBA, 0x5C, 0xFE, 0x3F, 0x61, 0x80, 0x6B,
    0x55, 0xC1, 0x80, 0x5D, 0xA4, 0x57, 0x78, 0x1D, 0xE9, 0x58, 0xF2, 0x82, 0xA3, 0x3B, 0x98, 0xA9,
    0xCA, 0x3E, 0x61, 0x16, 0xBE, 0xB5, 0x9F, 0x44, 0x07, 0xAD, 0x7E, 0x3B, 0x3E, 0xD4, 0xCA, 0xA5,
    0x71, 0xD0, 0xEA, 0x3C, 0x89, 0x3D, 0xF0, 0x60, 0xAB, 0x3D, 0xB4, 0xEA, 0x93, 0x17, 0x2D, 0xB0,
    0x89, 0xC9, 0x6B, 0x86, 0x8A, 0x36, 0x11, 0x56, 0x01, 0x42, 0xBF, 0xE6, 0x0A, 0x18, 0xC1, 0x62,
    0x03, 0xB1, 0x8A, 0x0A, 0x69, 0x4F, 0x1A, 0x67, 0x8F, 0xBE, 0x8D, 0xA3, 0xC2, 0x2C, 0xD5, 0x29,
    0xEE, 0xF0, 0x50, 0x51, 0xE8, 0x6A, 0x22, 0xE8, 0xE1, 0xCC, 0xD3, 0x34, 0xC2, 0x65, 0x4F, 0x8D,
    0xD2, 0xB1, 0x36, 0x0F, 0x28, 0xAD, 0xB5, 0x35, 0xCA, 0x73, 0x5B, 0x00, 0xC5, 0x3D, 0xBB, 0x52,
    0xFC, 0x3B, 0xBB, 0x55, 0x8C, 0xB6, 0x07, 0x78, 0xFE, 0xA3, 0xBD, 0x9C, 0x58, 0xE7, 0x61, 0xD9,
    0x08, 0x8C, 0x78, 0xEE, 0x35, 0x0D, 0xF0, 0x9D, 0xF4, 0x31, 0xAE, 0x4A, 0x05, 0x94, 0xC1, 0x69,
    0xCD, 0x20, 0xB4, 0xE7, 0x9C, 0x1B, 0x60, 0x1B, 0x1E, 0x51, 0x63, 0xC1, 0xA9, 0xC0, 0x41, 0xEF,
    0x78, 0x94, 0xDC, 0xD3, 0x6D, 0x21, 0x83, 0x5D, 0x20, 0x35, 0x4F, 0x98, 0x35, 0xBC, 0x7D, 0xAF,
    0x59, 0x36, 0x2A, 0xE1, 0x38, 0x7E, 0xDA, 0x01, 0x77, 0xF4, 0x7E, 0xE2, 0xAA, 0x90, 0x24, 0x61,
    0x05, 0x8E, 0x10, 0xA1, 0x07, 0x97, 0x24, 0xA1, 0x05, 0x1E, 0xF0, 0xB3, 0x3B, 0xE7, 0x24, 0x5B,
    0x39, 0x28, 0x9C, 0x2F, 0x17, 0x7B, 0x65, 0x07, 0x92, 0x26, 0x2C, 0x1B, 0x22, 0x4A, 0xB0, 0x09,
    0xE6, 0xB9, 0xE2, 0x3A, 0x42, 0x83, 0xA5, 0x58, 0xEA, 0x2B, 0xFF, 0x2C, 0xF2, 0x55, 0x73, 0xF2,
    0xCF, 0x00, 0xA8, 0x55, 0xB2, 0x76, 0x71, 0xF8, 0x12, 0x07, 0xC5, 0x89, 0xEC, 0x09, 0x23, 0xBE,
    0xB6, 0xFE, 0x7D, 0xF6, 0xCC, 0x67, 0x62, 0xF4, 0x6A, 0xCE, 0xEE, 0xB2, 0x8E, 0x8F, 0x1A, 0xB6,
    0xAE, 0x97, 0xBC, 0x9B, 0xFA, 0xED, 0x92, 0x43, 0x42, 0xF8, 0x68, 0xC0, 0xF2, 0xE8, 0xF9, 0x7A,
    0x4D, 0x9D, 0xE2, 0x09, 0x00, 0xD0, 0x01, 0x46, 0xC5, 0x36, 0x74, 0x7B, 0x29, 0x5C, 0xCD, 0x89,
    0x48, 0x0F, 0x64, 0xCB, 0x4D, 0xBB, 0x07, 0xC6, 0x83, 0xA6, 0x35, 0x8D, 0xD1, 0x16, 0xF5, 0xD2,
    0x12, 0xB5, 0xFA, 0x4A, 0xE4, 0x60, 0x08, 0x17, 0xD6, 0xDD, 0xC9, 0x59, 0x1D, 0x7F, 0x53, 0x7C,
    0x3B, 0xAC, 0xBE, 0x7E, 0xFD, 0x7F, 0x9F, 0x4E, 0xCB, 0x6A, 0xFE, 0xF7, 0x85, 0x67, 0xF3, 0xBF,
    0x2F, 0x6C, 0x6E, 0x85, 0xD5, 0x7F, 0x03, 0x55, 0xCB, 0x01, 0x86, 0x1C, 0x41, 0x14, 0xC7, 0xE1,
    0x6F, 0xAB, 0x76, 0x8D, 0x68, 0x14, 0x04, 0x80, 0x81, 0x00, 0x48, 0x5F, 0x20, 0x49, 0xF7, 0x25,
    0x16, 0x04, 0x39, 0xC2, 0x5E, 0x60, 0xED, 0x74, 0x2E, 0x93, 0x53, 0x64, 0x6D, 0x1D, 0xA1, 0x8F,
    0x30, 0xC8, 0x01, 0x1A, 0x1D, 0x46, 0xF4, 0xF4, 0xCB, 0xB6, 0x31, 0x18, 0x7E, 0xF5, 0xF9, 0x17,
    0x9E, 0x14, 0x47, 0xDA, 0x38, 0x13, 0xBF, 0xA2, 0xBF, 0x5B, 0xB4, 0x35, 0x4F, 0x3E, 0x78, 0x87,
    0x3C, 0x23, 0xAD, 0x10, 0x33, 0xDA, 0x18, 0x48, 0xDB, 0xD4, 0x2C, 0xB0, 0x42, 0xE7, 0x61, 0xA3,
    0xE3, 0x45, 0x57, 0x2D, 0xCA, 0xBF, 0xA7, 0x59, 0x8E, 0x18, 0x39, 0x9C, 0x01, 0x52, 0x8F, 0x5C,
    0x37, 0xC6, 0xEB, 0xFA, 0x31, 0xE0, 0x15, 0xC0, 0xE1, 0xB4, 0x5D, 0x69, 0xFE, 0x3C, 0xD5, 0x52,
    0x9B, 0xBE, 0x54, 0xCA, 0x44, 0x8E, 0x81, 0xB7, 0x13, 0x69, 0x45, 0xE7, 0xDE, 0xDE, 0x6F, 0xAD,
    0xEE, 0xE7, 0x6A, 0x1F, 0x8B, 0x14, 0x23, 0xF0, 0x09, 0xCF, 0xF8, 0x72, 0x79, 0x0F, 0x33, 0xCD,
    0x08, 0x1C, 0x22, 0x62, 0x78, 0x7B, 0xA7, 0x7F, 0xFC, 0xFE, 0xF7, 0x91, 0xDD, 0x88, 0x52, 0x6F,
    0xD8, 0x0F, 0x68, 0x7B, 0x74, 0x6E, 0x78, 0x81, 0x57, 0x58, 0x6E, 0xB8, 0x3B, 0x21, 0xCD, 0xC8,
    0x13, 0x80, 0x1E, 0xF9, 0x08, 0xD3, 0x95, 0xED, 0xAB, 0x1B, 0x70, 0x0F, 0x3E, 0xF3, 0x8D, 0xAF,
    0x3C, 0x2B, 0x31, 0xED, 0x63, 0x72, 0x62, 0x96, 0x26, 0xF9, 0xD2, 0xD1, 0x6E, 0xD4, 0x54, 0xE5,
    0xD2, 0xA8, 0x9C, 0xE5, 0x05, 0x90, 0xAB, 0x74, 0xDC, 0xDA, 0x55, 0x87, 0xDE, 0x47, 0xFE, 0x03,
    0x0D, 0xCD, 0x11, 0x70, 0xC6, 0x30, 0x1C, 0x40, 0xF1, 0xD7, 0x14, 0x02, 0x85, 0xBF, 0x53, 0x87,
    0xB3, 0xE8, 0x20, 0x69, 0xE2, 0x32, 0xF7, 0x39, 0x0F, 0xBA, 0x4B, 0x9C, 0xEA, 0xEE, 0x37, 0xBF,
    0xDE, 0x2D, 0x4E, 0xB9, 0x9B, 0xDF, 0xC5, 0x65, 0x81, 0xC2, 0xA0, 0xDF, 0xE5, 0x8B, 0xFC, 0xE4,
    0xC1, 0x7B, 0xE3, 0x0B, 0x8F, 0x24, 0x55, 0x97, 0x6A, 0xC2, 0x09, 0x1F, 0xA8, 0x07, 0xF2, 0x17,
    0xE2, 0x92, 0x01, 0xA9, 0xDF, 0xBE, 0xB7, 0x7F, 0x9F, 0x80, 0x9F, 0x9E, 0x7B, 0x4F, 0xAF, 0x2A,
    0x6D, 0x92, 0xD7, 0x8E, 0xBE, 0xC1, 0x45, 0xC7, 0x50, 0x52, 0x94, 0x3C, 0xD4, 0x87, 0xB9, 0xEC,
    0xFE, 0x69, 0xED, 0x6E, 0x2E, 0x7D, 0x4C, 0xA5, 0x2D, 0xBF, 0xCD, 0xBC, 0xE7, 0x73, 0xC3, 0xEB,
    0x2A, 0x3D, 0xCC, 0x37, 0x1C, 0xA8, 0xB4, 0x56, 0xCB, 0x8E, 0xC5, 0x31, 0xA5, 0xB9, 0x4C, 0x6D,
    0xCC, 0x73, 0x84, 0x51, 0x74, 0x90, 0x4A, 0x7B, 0x69, 0xBE, 0x00, 0x41, 0xCA, 0x86, 0xC3, 0x97,
    0x35, 0x3F, 0x01, 0x55, 0xCD, 0x81, 0x65, 0x04, 0x41, 0x18, 0x86, 0xE1, 0xE7, 0xB2, 0x22, 0x08,
    0xA6, 0x84, 0x2B, 0x61, 0x1B, 0xC8, 0xDD, 0x6C, 0x61, 0x61, 0xAF, 0xB0, 0x44, 0xA6, 0x84, 0x94,
    0x90, 0x12, 0x06, 0x8B, 0xC5, 0xD8, 0xE4, 0x3E, 0xE0, 0xF2, 0xE3, 0xF1, 0xE3, 0xE3, 0xF5, 0x0C,
    0xE5, 0x16, 0xBE, 0xF1, 0xD4, 0x3D, 0xDC, 0xCA, 0xDC, 0x2A, 0xEB, 0x32, 0xDF, 0x1C, 0x4A, 0x9B,
    0xC6, 0x7D, 0xF6, 0xDA, 0xBD, 0xF4, 0x73, 0x33, 0xF5, 0xBA, 0x98, 0xB6, 0x83, 0xD3, 0x31, 0xF0,
    0xDB, 0xF1, 0xD5, 0x50, 0x97, 0x00, 0x6B, 0xF8, 0x0C, 0xE3, 0x1F, 0xA7, 0x3D, 0xB1, 0x4D, 0xDE,
    0x74, 0xA7, 0x0E, 0x7B, 0x78, 0xF3, 0x78, 0xBB, 0x1A, 0xAE, 0x0C, 0x23, 0xEC, 0x7C, 0x4C, 0x3D,
    0xFC, 0xF0, 0x5E, 0x1A, 0x97, 0xB2, 0x70, 0xAD, 0xEE, 0x5C, 0x50, 0x07, 0xE6, 0x0D, 0xE7, 0x1E,
    0x1A, 0x4A, 0x98, 0x65, 0x92, 0xE2, 0x40, 0xDD, 0x42, 0xDA, 0x7F, 0x5A, 0x80, 0x0D, 0x30, 0x30,
    0x98, 0xC8, 0xC8, 0x96, 0xB0, 0x5F, 0x60, 0xBF, 0x20, 0xFF, 0xC5, 0x6C, 0x0E, 0xA0, 0xEF, 0x31,
    0x84, 0x8D, 0x5B, 0x09, 0xC2, 0xF0, 0x67, 0xFB, 0x45, 0x96, 0x62, 0xBD, 0x4C, 0x48, 0xA4, 0x47,
    0x5E, 0x1C, 0x2E, 0xA5, 0xCB, 0x25, 0x5F, 0x76, 0xA5, 0xB0, 0xA2, 0x03, 0x75, 0x49, 0x41, 0x39,
    0x6A, 0x41, 0xE1, 0x49, 0xE7, 0x94, 0x73, 0xDA, 0x94, 0x93, 0xC0, 0x80, 0x24, 0xB7, 0x55, 0x41,
    0x61, 0xCC, 0x4A, 0x4D, 0xC2, 0x0D, 0xAE, 0xD2, 0x55, 0xB2, 0x6F, 0xBA, 0xBE, 0xD5, 0x91, 0x56,
    0xCD, 0xCC, 0x78, 0x34, 0xF2, 0xFC, 0xF3, 0xE9, 0xDF, 0xB4, 0x79, 0x2E, 0x21, 0xF1, 0xBC, 0x5F,
    0x0D, 0xD7, 0x1F, 0xAE, 0xDB, 0xCF, 0xEE, 0x9A, 0xBF, 0xE7, 0x1C, 0xC8, 0xDC, 0xBF, 0xD8, 0xED,
    0xFF, 0x47, 0xF9, 0x61, 0xF2, 0x92, 0xC3, 0x67, 0xF2, 0xC0, 0x6A, 0x13, 0x4A, 0x47, 0x1D, 0xEB,
    0x57, 0x27, 0x75, 0xCD, 0x4A, 0xD5, 0xA9, 0x2A, 0x27, 0x75, 0x08, 0xB7, 0xD2, 0x10, 0x9D, 0x4E,
    0xD1, 0xE6, 0x4E, 0xA8, 0x58, 0xB0, 0x45, 0x19, 0x39, 0xC6, 0x60, 0x1B, 0xDB, 0x94, 0x9C, 0x53,
    0x71, 0xC3, 0x9C, 0xC2, 0x19, 0x6F, 0xBD, 0x78, 0xE1, 0x94, 0x8A, 0x33, 0xF2, 0x4B, 0x2F, 0x79,
    0x53, 0x09, 0x8B, 0x17, 0x6C, 0xAD, 0x53, 0xDB, 0x8C, 0x96, 0xE3, 0x7F, 0x30, 0xE2, 0xED, 0xA7,
    0x36, 0x54, 0x29, 0xFE, 0x5C, 0xA8, 0x4E, 0xB9, 0xA9, 0x98, 0x1F, 0x53, 0x5C, 0x7A, 0xF3, 0xD8,
    0xDB, 0xC7, 0x5E, 0xBE, 0x75, 0x92, 0xF9, 0xD3, 0x82, 0xEA, 0x88, 0xB3, 0xFF, 0x20, 0xEB, 0x21,
    0x6B, 0x21, 0xF7, 0x50, 0x78, 0x10, 0x3F, 0xB9, 0xEC, 0x35, 0x7C, 0xF5, 0xBB, 0x7A, 0x8E, 0x01,
    0x2C, 0x70, 0x01, 0xCC, 0x80, 0x05, 0x70, 0x07, 0x0C, 0xC0, 0x06, 0x58, 0x43, 0xD2, 0x43, 0xDA,
    0x47, 0x14, 0x58, 0xA2, 0x32, 0x4A, 0xB9, 0x23, 0x8A, 0x8B, 0x40, 0x44, 0xA6, 0x76, 0xF0, 0xFA,
    0x67, 0x1D, 0x0F, 0xE2, 0x45, 0xD6, 0x11, 0x2D, 0x9C, 0xBC, 0x79, 0x9A, 0x63, 0x55, 0x37, 0x53,
    0x5B, 0x83, 0x34, 0x80, 0x38, 0xA0, 0x04, 0x30, 0x7B, 0x7A, 0xBA, 0x45, 0xD4, 0x5B, 0xED, 0xAC,
    0xF6, 0xCB, 0x5D, 0x85, 0xC1, 0x68, 0x2B, 0xDA, 0x24, 0xB7, 0x94, 0xDC, 0x66, 0xAD, 0xBD, 0x1A,
    0xA5, 0xB7, 0x5F, 0x42, 0x33, 0x0C, 0x59, 0x9B, 0xA8, 0x23, 0x59, 0x03, 0x88, 0xF6, 0xE4, 0x1D,
    0x80, 0xF9, 0xBE, 0x41, 0x3C, 0xC0, 0x05, 0x77, 0x58, 0x00, 0x2A, 0x66, 0x0C, 0x44, 0xEF, 0xB3,
    0xF8, 0x1C, 0x66, 0x2C, 0xA2, 0x0C, 0xFB, 0x71, 0x63, 0x80, 0x48, 0xB9, 0x07, 0x80, 0x54, 0xAF,
    0xD6, 0xC4, 0x08, 0xDC, 0x65, 0xC7, 0xAA, 0x03, 0xE4, 0xAB, 0x0E, 0x99, 0x0E, 0x80, 0x2D, 0xBA,
    0xA5, 0xB4, 0x0F, 0xC0, 0x20, 0x4D, 0x29, 0xCE, 0x40, 0xD6, 0x0B, 0xF2, 0x16, 0x01, 0xF1, 0xFB,
    0xC9, 0xB0, 0xDF, 0xDE, 0x93, 0xFF, 0x58, 0x15, 0x4F, 0xE3, 0xE4, 0x37, 0x9D, 0x28, 0x9B, 0x9D,
    0xDF, 0x40, 0x5E, 0xB6, 0x70, 0xE0, 0x30, 0x8E, 0x07, 0x92, 0xF0, 0xB7, 0xA7, 0xF4, 0x58, 0xB8,
    0x00, 0x03, 0xD2, 0x50, 0xF8, 0xC0, 0x26, 0xED, 0x49, 0xDC, 0x34, 0x04, 0x0D, 0xC3, 0x6E, 0x6D,
    0x77, 0x6B, 0x0B, 0x23, 0xE9, 0x9A, 0xA2, 0xA3, 0x6C, 0x58, 0x02, 0x40, 0x7C, 0x9A, 0x05, 0x60,
    0x00, 0xC8, 0xD6, 0x00, 0xD2, 0x02, 0x98, 0x06, 0x88, 0xCA, 0x24, 0x2E, 0xFB, 0xDF, 0x6F, 0x46,
    0x60, 0x82, 0xC2, 0xC4, 0x05, 0x4A, 0xCF, 0xFE, 0x86, 0x3F, 0x6F, 0x1C, 0xC0, 0x02, 0x45, 0xB9,
    0x67, 0x1F, 0x0F, 0x2C, 0xB1, 0x58, 0x4A, 0x27, 0x4D, 0xE1, 0x13, 0xF7, 0x0B, 0x12, 0x0D, 0x75,
    0x60, 0x00, 0x34, 0x32, 0x47, 0xB0, 0x11, 0x04, 0x61, 0x1C, 0xC5, 0xDF, 0xCD, 0x58, 0x0F, 0xA6,
    0x5C, 0x39, 0xA7, 0x75, 0x68, 0xA6, 0xCE, 0x2D, 0x9F, 0xA7, 0x70, 0x6E, 0xEB, 0xEE, 0x39, 0x28,
    0x34, 0xE7, 0x38, 0xC9, 0xAC, 0xD3, 0x3A, 0x0D, 0x95, 0x07, 0x0E, 0x36, 0x9B, 0x6F, 0xE7, 0xDF,
    0x9D, 0xA4, 0xF5, 0x93, 0x5F, 0xF2, 0xE4, 0xBD, 0x67, 0x6D, 0x58, 0x96, 0xDE, 0x2C, 0x71, 0x9A,
    0x76, 0xFC, 0x3F, 0xE1, 0x01, 0xA0, 0xE3, 0x96, 0x14, 0x3E, 0x2E, 0x35, 0x05, 0x69, 0xDE, 0x69,
    0xC0, 0x51, 0x40, 0x56, 0xC1, 0xB7, 0xCB, 0x42, 0x28, 0x18, 0xC3, 0xC8, 0x2B, 0x11, 0x9E, 0x49,
    0xC0, 0x53, 0xBB, 0x5D, 0x19, 0xA4, 0x8A, 0xAB, 0x80, 0xEF, 0x44, 0x19, 0x7C, 0xAE, 0x5F, 0x7F,
    0xE9, 0x3A, 0x07, 0xC3, 0xCF, 0x34, 0xC2, 0x4C, 0xFC, 0xD1, 0xC8, 0x49, 0x1B, 0x38, 0x15, 0x8E,
    0x92, 0x05, 0xAD, 0xDF, 0x87, 0xF3, 0x1D, 0x30, 0x20, 0xD1, 0x7F, 0x2F, 0xB7, 0x76, 0x05, 0x03,
    0xB7, 0xC0, 0xB9, 0x92, 0x35, 0x91, 0x37, 0x88, 0x23, 0x7D, 0xD2, 0xD7, 0x7D, 0x0A, 0x19, 0x18,
    0x26, 0x08, 0x05, 0xFC, 0x9D, 0x5F, 0x4D, 0x92, 0x01, 0xA6, 0xDD, 0x4E, 0x14, 0x87, 0xBF, 0x24,
    0xFC, 0x87, 0x7F, 0x30, 0x45, 0x1F, 0x78, 0x48, 0x37, 0x50, 0xB3, 0x82, 0x77, 0x27, 0x4B, 0x78,
    0x78, 0x51, 0x74, 0x1B, 0x05, 0xDC, 0xD7, 0x8C, 0xEE, 0xA0, 0xA8, 0x2E, 0xA3, 0x00, 0x45, 0xDA,
    0x3B, 0x74, 0x03, 0x59, 0x42, 0x8A, 0x02, 0x30, 0x18, 0xE4, 0xE9, 0xDC, 0x7B, 0x9A, 0x11, 0xE3,
    0x5E, 0xFC, 0xBE, 0x41, 0xE6, 0xCB, 0x99, 0x39, 0x67, 0xB0, 0x0E, 0x6C, 0x82, 0x7B, 0xE9, 0xC1,
    0xCC, 0xD0, 0x04, 0x20, 0x32, 0xAE, 0xA9, 0x16, 0x99, 0xDA, 0xD8, 0x25, 0xED, 0x9B, 0x64, 0xA9,
    0xB7, 0x54, 0xE9, 0x99, 0x6A, 0x9D, 0xA8, 0xE3, 0x44, 0x13, 0x3E, 0xA2, 0x16, 0x4B, 0xE7, 0xCD,
    0xEF, 0x13, 0xAD, 0x24, 0x2A, 0x59, 0xC0, 0x8A, 0xA4, 0x1D, 0xCF, 0xC3, 0x90, 0x48, 0xB0, 0xB2,
    0x42, 0x20, 0x52, 0x87, 0x2A, 0x6C, 0x5A, 0x9D, 0xD1, 0x6C, 0x98, 0x9B, 0x05, 0xE5, 0x9B, 0x99,
    0xD6, 0x2B, 0x8F, 0xF6, 0xED, 0x06, 0xA7, 0x37, 0xF4, 0xDA, 0xD1, 0x6D, 0x0B, 0x86, 0x0E, 0x2C,
    0x06, 0x0E, 0x58, 0x78, 0xE0, 0x00, 0xC7, 0x6D, 0x61, 0xE2, 0x08, 0x89, 0x09, 0x56, 0x12, 0x44,
    0x56, 0xAA, 0x70, 0x5B, 0x7C, 0x1C, 0x86, 0x27, 0x2C, 0x40, 0xE7, 0x00, 0xED, 0x01, 0x15, 0x80,
    0x26, 0x83, 0x54, 0x80, 0x25, 0xA3, 0x07, 0x8C, 0x07, 0x46, 0xA0, 0x4A, 0x65, 0x9F, 0x9E, 0xCB,
    0xC7, 0x0B, 0xD0, 0xAC, 0x80, 0x0E, 0x94, 0xAD, 0x5F, 0x86, 0x47, 0x44, 0x24, 0x66, 0x04, 0xEE,
    0xB6, 0x8A, 0xA3, 0x48, 0x3A, 0x6D, 0x61, 0x77, 0x8B, 0xCC, 0x85, 0xA2, 0xD3, 0x06, 0xCA, 0x0F,
    0x18, 0x29, 0xD5, 0x68, 0xE2, 0x8D, 0xE3, 0x28, 0x4E, 0x9D, 0xAE, 0x4E, 0x77, 0x75, 0x38, 0xDF,
    0x38, 0xCB, 0xD5, 0x39, 0x70, 0x62, 0xE4, 0x2D, 0xE5, 0xFC, 0xCD, 0x02, 0xB4, 0xBE, 0x34, 0xA0,
    0xEB, 0x01, 0x4B, 0xC1, 0x0F, 0x80, 0x04, 0xB0, 0x02, 0x75, 0x28, 0x96, 0x9A, 0xB9, 0x7B, 0xDC,
    0x04, 0x1B, 0xB5, 0xC3, 0xAE, 0x06, 0x48, 0x36, 0xE3, 0x00, 0x4C, 0x13, 0x70, 0x4C, 0x80, 0x8D,
    0x19, 0x21, 0x63, 0xC9, 0xF0, 0x80, 0xD9, 0x50, 0x4B, 0x6F, 0x02, 0x5A, 0x16, 0x49, 0xD8, 0xAF,
    0x7F, 0x5F, 0x4E, 0x1C, 0x10, 0x6F, 0x38, 0x62, 0xE9, 0x36, 0x8A, 0xB3, 0xD8, 0xF7, 0xF2, 0xE7,
    0x8C, 0x91, 0x5F, 0xB2, 0xA2, 0xCE, 0x9C, 0x66, 0x40, 0xAD, 0xD0, 0x25, 0x78, 0x48, 0x30, 0xBD,
    0x82, 0x04, 0xAC, 0x50, 0x45, 0xA8, 0x03, 0x34, 0x25, 0x0B, 0x28, 0xBF, 0x5F, 0x4B, 0xE7, 0xB8,
    0xFD, 0x62, 0x06, 0xB0, 0xEC, 0x39, 0x00, 0x47, 0x20, 0xC1, 0x14, 0x41, 0x42, 0x69, 0x10, 0xD4,
    0xE2, 0x3A, 0x2D, 0x2F, 0x3F, 0xF5, 0x27, 0x49, 0xFF, 0x73, 0xBF, 0x00, 0xA8, 0xC8, 0x07, 0x23,
    0x9F, 0xA3, 0xFD, 0x26, 0xE1, 0x7B, 0x25, 0x1E, 0xE0, 0xF6, 0x2D, 0xA8, 0x40, 0x27, 0x22, 0x98,
    0x8C, 0xBB, 0xE1, 0x3C, 0x40, 0x13, 0xCB, 0x5C, 0xB4, 0x87, 0x3C, 0x73, 0x24, 0xE3, 0xDD, 0xCB,
    0xF0, 0xB4, 0x8F, 0xD1, 0x38, 0xCA, 0xB4, 0x80, 0x32, 0xC0, 0x56, 0x1C, 0x4A, 0x2E, 0x54, 0x22,
    0x3D, 0x5A, 0x1C, 0x74, 0x11, 0x72, 0xB7, 0x80, 0x51, 0x1C, 0x54, 0x92, 0x00, 0x95, 0xC1, 0xEB,
    0xAD, 0xDA, 0xFE, 0xC8, 0xC2, 0x0E, 0x60, 0x6F, 0x80, 0x38, 0x2A, 0xB9, 0x80, 0x92, 0x15, 0x5A,
    0x21, 0x47, 0x49, 0xFA, 0x4F, 0x2E, 0x58, 0xE9, 0xB1, 0x33, 0xBC, 0x01, 0xB2, 0x9E, 0xC5, 0x9C,
    0x7F,
};

static const EpdGlyph atkinson_hn_14_italicGlyphs[] = {
    { 0, 0, 0, 0, 0, 0, 0 }, // U+0000
    { 0, 0, 121, 0, 0, 0, 0 }, // U+000D
    { 0, 0, 131, 0, 0, 0, 0 }, // U+0020
    { 8, 20, 135, 1, 20, 40, 0 }, // !
    { 9, 7, 140, 2, 20, 16, 40 }, // "
    { 20, 20, 298, 0, 20, 100, 56 }, // #
    { 17, 26, 276, 0, 23, 111, 156 }, // $
    { 25, 20, 450, 2, 20, 125, 267 }, // %
    { 19, 20, 341, 1, 20, 95, 392 }, // &
    { 5, 7, 75, 2, 20, 9, 487 }, // '
    { 10, 26, 138, 1, 21, 65, 496 }, // (
    { 11, 26, 138, -3, 21, 72, 561 }, // )
    { 11, 10, 226, 3, 20, 28, 633 }, // *
    { 16, 15, 283, 1, 15, 60, 661 }, // +
    { 5, 8, 96, -1, 4, 10, 721 }, // ,
    { 10, 3, 168, 0, 9, 8, 731 }, // -
    { 5, 4, 97, -1, 4, 5, 739 }, // .
    { 16, 24, 179, -2, 21, 96, 744 }, // /
    { 17, 20, 299, 1, 20, 85, 840 }, // 0
    { 10, 20, 190, 2, 20, 50, 925 }, // 1
    { 17, 20, 256, -1, 20, 85, 975 }, // 2
    { 17, 20, 269, 0, 20, 85, 1060 }, // 3
    { 17, 20, 287, 0, 20, 85, 1145 }, // 4
    { 17, 20, 272, 1, 20, 85, 1230 }, // 5
    { 16, 20, 279, 1, 20, 80, 1315 }, // 6
    { 16, 20, 238, 1, 20, 80, 1395 }, // 7
    { 15, 20, 287, 1, 20, 75, 1475 }, // 8
    { 15, 20, 278, 2, 20, 75, 1550 }, // 9
    { 8, 15, 97, -1, 15, 30, 1625 }, // :
    { 8, 19, 97, -1, 15, 38, 1655 }, // ;
    { 17, 14, 258, 0, 14, 60, 1693 }, // <
    { 17, 9, 293, 1, 12, 39, 1753 }, // =
    { 17, 14, 258, -1, 14, 60, 1792 }, // >
    { 14, 20, 224, 2, 20, 70, 1852 }, // ?
    { 21, 21, 363, 1, 18, 111, 1922 }, // @
    { 19, 20, 292, -2, 20, 95, 2033 }, // A
    { 18, 20, 286, 0, 20, 90, 2128 }, // B
    { 19, 20, 301, 1, 20, 95, 2218 }, // C
    { 19, 20, 312, 0, 20, 95, 2313 }, // D
    { 18, 20, 266, 0, 20, 90, 2408 }, // E
    { 18, 20, 258, 0, 20, 90, 2498 }, // F
    { 19, 20, 324, 1, 20, 95, 2588 }, // G
    { 21, 20, 324, 0, 20, 105, 2683 }, // H
    { 13, 20, 183, 0, 20, 65, 2788 }, // I
    { 17, 20, 239, -1, 20, 85, 2853 }, // J
    { 20, 20, 295, 0, 20, 100, 2938 }, // K
    { 15, 20, 253, 0, 20, 75, 3038 }, // L
    { 25, 20, 385, 0, 20, 125, 3113 }, // M
    { 21, 20, 323, 0, 20, 105, 3238 }, // N
    { 20, 20, 333, 1, 20, 100, 3343 }, // O
    { 18, 20, 276, 0, 20, 90, 3443 }, // P
    { 20, 21, 338, 1, 20, 105, 3533 }, // Q
    { 19, 20, 287, 0, 20, 95, 3638 }, // R
    { 18, 20, 276, 0, 20, 90, 3733 }, // S
    { 17, 20, 260, 2, 20, 85, 3823 }, // T
    { 20, 20, 322, 1, 20, 100, 3908 }, // U
    { 18, 20, 277, 2, 20, 90, 4008 }, // V
    { 25, 20, 400, 3, 20, 125, 4098 }, // W
    { 23, 20, 291, -2, 20, 115, 4223 }, // X
    { 18, 20, 268, 2, 20, 90, 4338 }, // Y
    { 20, 20, 283, -1, 20, 100, 4428 }, // Z
    { 13, 26, 148, -1, 21, 85, 4528 }, // [
    { 6, 24, 177, 3, 21, 36, 4613 }, // <backslash>
    { 12, 26, 146, -2, 21, 78, 4649 }, // ]
    { 14, 11, 258, 1, 20, 39, 4727 }, // ^
    { 13, 3, 173, -3, 0, 10, 4766 }, // _
    { 7, 5, 146, 1, 23, 9, 4776 }, // `
    { 15, 15, 245, 0, 15, 57, 4785 }, // a
    { 16, 21, 265, 0, 21, 84, 4842 }, // b
    { 15, 15, 226, 0, 15, 57, 4926 }, // c
    { 18, 21, 263, 0, 21, 95, 4983 }, // d
    { 16, 15, 251, 0, 15, 60, 5078 }, // e
    { 11, 21, 147, 1, 21, 58, 5138 }, // f
    { 16, 21, 261, 0, 15, 84, 5196 }, // g
    { 16, 21, 258, 0, 21, 84, 5280 }, // h
    { 7, 21, 118, 1, 21, 37, 5364 }, // i
    { 14, 26, 114, -5, 21, 91, 5401 }, // j
    { 15, 21, 230, 0, 21, 79, 5492 }, // k
    { 8, 21, 123, 0, 21, 42, 5571 }, // l
    { 24, 15, 394, 0, 15, 90, 5613 }, // m
    { 16, 15, 257, 0, 15, 60, 5703 }, // n
    { 15, 15, 256, 0, 15, 57, 5763 }, // o
    { 17, 20, 265, -1, 15, 85, 5820 }, // p
    { 17, 20, 267, 0, 15, 85, 5905 }, // q
    { 12, 16, 163, 0, 16, 48, 5990 }, // r
    { 14, 15, 220, 0, 15, 53, 6038 }, // s
    { 10, 19, 152, 1, 19, 48, 6091 }, // t
    { 16, 15, 253, 0, 15, 60, 6139 }, // u
    { 14, 15, 215, 1, 15, 53, 6199 }, // v
    { 21, 15, 319, 1, 15, 79, 6252 }, // w
    { 18, 15, 225, -2, 15, 68, 6331 }, // x
    { 17, 20, 210, -2, 15, 85, 6399 }, // y
    { 15, 15, 215, -1, 15, 57, 6484 }, // z
    { 11, 26, 157, 1, 21, 72, 6541 }, // {
    { 10, 30, 111, -1, 25, 75, 6613 }, // |
    { 12, 26, 157, -2, 21, 78, 6688 }, // }
    { 16, 7, 259, 0, 11, 28, 6766 }, // ~
    { 0, 0, 131, 0, 0, 0, 0 }, // U+00A0
    { 8, 20, 135, 0, 15, 40, 0 }, // U+00A1
    { 15, 21, 226, 0, 18, 79, 40 }, // U+00A2
    { 17, 20, 285, 1, 20, 85, 119 }, // U+00A3
    { 15, 15, 271, 1, 17, 57, 204 }, // U+00A4
    { 19, 20, 268, 1, 20, 95, 261 }, // U+00A5
    { 10, 30, 111, -1, 25, 75, 356 }, // U+00A6
    { 16, 25, 246, 0, 20, 100, 431 }, // U+00A7
    { 9, 3, 273, 4, 22, 7, 531 }, // U+00A8
    { 21, 20, 372, 2, 20, 105, 538 }, // U+00A9
    { 10, 9, 174, 2, 20, 23, 643 }, // U+00AA
    { 16, 13, 262, 1, 14, 52, 666 }, // U+00AB
    { 16, 10, 281, 1, 12, 40, 718 }, // U+00AC
    { 21, 20, 372, 2, 20, 105, 758 }, // U+00AE
    { 16, 2, 233, -1, 24, 8, 863 }, // U+00AF
    { 8, 8, 164, 3, 20, 16, 871 }, // U+00B0
    { 16, 15, 270, 0, 15, 60, 887 }, // U+00B1
    { 11, 11, 178, 2, 23, 31, 947 }, // U+00B2
    { 10, 12, 179, 3, 24, 30, 978 }, // U+00B3
    { 7, 5, 146, 1, 23, 9, 1008 }, // U+00B4
    { 15, 25, 238, 2, 20, 94, 1017 }, // U+00B6
    { 5, 4, 112, 1, 9, 5, 1111 }, // U+00B7
    { 7, 7, 107, 0, 0, 13, 1116 }, // U+00B8
    { 6, 12, 119, 4, 23, 18, 1129 }, // U+00B9
    { 9, 9, 177, 3, 20, 21, 1147 }, // U+00BA
    { 15, 13, 263, 0, 14, 49, 1168 }, // U+00BB
    { 22, 20, 383, 1, 20, 110, 1217 }, // U+00BC
    { 22, 20, 391, 1, 20, 110, 1327 }, // U+00BD
    { 23, 20, 414, 2, 20, 115, 1437 }, // U+00BE
    { 13, 21, 213, -1, 15, 69, 1552 }, // U+00BF
    { 19, 26, 292, -2, 26, 124, 1621 }, // U+00C0
    { 19, 26, 292, -2, 26, 124, 1745 }, // U+00C1
    { 19, 26, 292, -2, 26, 124, 1869 }, // U+00C2
    { 20, 26, 292, -2, 26, 130, 1993 }, // U+00C3
    { 19, 26, 292, -2, 26, 124, 2123 }, // U+00C4
    { 19, 25, 292, -2, 25, 119, 2247 }, // U+00C5
    { 30, 20, 416, -2, 20, 150, 2366 }, // U+00C6
    { 19, 25, 301, 1, 20, 119, 2516 }, // U+00C7
    { 18, 26, 266, 0, 26, 117, 2635 }, // U+00C8
    { 18, 26, 266, 0, 26, 117, 2752 }, // U+00C9
    { 18, 26, 266, 0, 26, 117, 2869 }, // U+00CA
    { 18, 26, 266, 0, 26, 117, 2986 }, // U+00CB
    { 13, 26, 183, 0, 26, 85, 3103 }, // U+00CC
    { 14, 26, 183, 0, 26, 91, 3188 }, // U+00CD
    { 14, 26, 183, 0, 26, 91, 3279 }, // U+00CE
    { 14, 26, 183, 0, 26, 91, 3370 }, // U+00CF
    { 19, 20, 322, 1, 20, 95, 3461 }, // U+00D0
    { 21, 26, 323, 0, 26, 137, 3556 }, // U+00D1
    { 20, 26, 333, 1, 26, 130, 3693 }, // U+00D2
    { 20, 26, 333, 1, 26, 130, 3823 }, // U+00D3
    { 20, 26, 333, 1, 26, 130, 3953 }, // U+00D4
    { 20, 26, 333, 1, 26, 130, 4083 }, // U+00D5
    { 20, 25, 333, 1, 25, 125, 4213 }, // U+00D6
    { 15, 13, 248, 0, 14, 49, 4338 }, // U+00D7
    { 22, 20, 333, 0, 20, 110, 4387 }, // U+00D8
    { 20, 26, 322, 1, 26, 130, 4497 }, // U+00D9
    { 20, 26, 322, 1, 26, 130, 4627 }, // U+00DA
    { 20, 26, 322, 1, 26, 130, 4757 }, // U+00DB
    { 20, 26, 322, 1, 26, 130, 4887 }, // U+00DC
    { 18, 26, 268, 2, 26, 117, 5017 }, // U+00DD
    { 18, 20, 276, 0, 20, 90, 5134 }, // U+00DE
    { 16, 20, 274, 0, 20, 80, 5224 }, // U+00DF
    { 15, 21, 245, 0, 21, 79, 5304 }, // U+00E0
    { 15, 21, 245, 0, 21, 79, 5383 }, // U+00E1
    { 15, 21, 245, 0, 21, 79, 5462 }, // U+00E2
    { 15, 21, 245, 0, 21, 79, 5541 }, // U+00E3
    { 15, 21, 245, 0, 21, 79, 5620 }, // U+00E4
    { 15, 23, 245, 0, 23, 87, 5699 }, // U+00E5
    { 25, 15, 401, 0, 15, 94, 5786 }, // U+00E6
    { 15, 20, 226, 0, 15, 75, 5880 }, // U+00E7
    { 16, 21, 251, 0, 21, 84, 5955 }, // U+00E8
    { 16, 21, 251, 0, 21, 84, 6039 }, // U+00E9
    { 16, 21, 251, 0, 21, 84, 6123 }, // U+00EA
    { 16, 21, 251, 0, 21, 84, 6207 }, // U+00EB
    { 6, 21, 118, 1, 21, 32, 6291 }, // U+00EC
    { 10, 21, 118, 1, 21, 53, 6323 }, // U+00ED
    { 11, 21, 118, 0, 21, 58, 6376 }, // U+00EE
    { 10, 21, 124, 1, 21, 53, 6434 }, // U+00EF
    { 16, 21, 264, 0, 21, 84, 6487 }, // U+00F0
    { 16, 21, 257, 0, 21, 84, 6571 }, // U+00F1
    { 15, 21, 256, 0, 21, 79, 6655 }, // U+00F2
    { 15, 21, 256, 0, 21, 79, 6734 }, // U+00F3
    { 15, 21, 256, 0, 21, 79, 6813 }, // U+00F4
    { 16, 21, 256, 0, 21, 84, 6892 }, // U+00F5
    { 15, 21, 256, 0, 21, 79, 6976 }, // U+00F6
    { 16, 14, 283, 1, 14, 56, 7055 }, // U+00F7
    { 16, 16, 256, 0, 16, 64, 7111 }, // U+00F8
    { 16, 21, 253, 0, 21, 84, 7175 }, // U+00F9
    { 16, 21, 253, 0, 21, 84, 7259 }, // U+00FA
    { 16, 21, 253, 0, 21, 84, 7343 }, // U+00FB
    { 16, 21, 253, 0, 21, 84, 7427 }, // U+00FC
    { 17, 26, 210, -2, 21, 111, 7511 }, // U+00FD
    { 17, 26, 265, -1, 21, 111, 7622 }, // U+00FE
    { 17, 26, 210, -2, 21, 111, 7733 }, // U+00FF
    { 19, 25, 292, -2, 25, 119, 0 }, // U+0100
    { 15, 20, 245, 0, 20, 75, 119 }, // U+0101
    { 20, 26, 292, -2, 26, 130, 194 }, // U+0102
    { 15, 21, 245, 0, 21, 79, 324 }, // U+0103
    { 19, 25, 292, -2, 20, 119, 403 }, // U+0104
    { 15, 20, 245, 0, 15, 75, 522 }, // U+0105
    { 19, 26, 301, 1, 26, 124, 597 }, // U+0106
    { 15, 21, 226, 0, 21, 79, 721 }, // U+0107
    { 19, 25, 301, 1, 25, 119, 800 }, // U+010A
    { 15, 21, 226, 0, 21, 79, 919 }, // U+010B
    { 19, 26, 301, 1, 26, 124, 998 }, // U+010C
    { 16, 21, 226, 0, 21, 84, 1122 }, // U+010D
    { 19, 26, 312, 0, 26, 124, 1206 }, // U+010E
    { 22, 21, 296, 0, 21, 116, 1330 }, // U+010F
    { 19, 20, 322, 1, 20, 95, 1446 }, // U+0110
    { 20, 21, 263, 0, 21, 105, 1541 }, // U+0111
    { 18, 25, 266, 0, 25, 113, 1646 }, // U+0112
    { 16, 20, 251, 0, 20, 80, 1759 }, // U+0113
    { 18, 26, 266, 0, 26, 117, 1839 }, // U+0116
    { 16, 21, 251, 0, 21, 84, 1956 }, // U+0117
    { 18, 25, 266, 0, 20, 113, 2040 }, // U+0118
    { 16, 20, 251, 0, 15, 80, 2153 }, // U+0119
    { 18, 26, 266, 0, 26, 117, 2233 }, // U+011A
    { 16, 21, 251, 0, 21, 84, 2350 }, // U+011B
    { 19, 26, 324, 1, 26, 124, 2434 }, // U+011E
    { 16, 27, 261, 0, 21, 108, 2558 }, // U+011F
    { 19, 25, 324, 1, 25, 119, 2666 }, // U+0120
    { 16, 27, 261, 0, 21, 108, 2785 }, // U+0121
    { 19, 28, 324, 1, 20, 133, 2893 }, // U+0122
    { 16, 30, 261, 0, 24, 120, 3026 }, // U+0123
    { 22, 20, 324, 0, 20, 110, 3146 }, // U+0126
    { 16, 21, 257, 0, 21, 84, 3256 }, // U+0127
    { 14, 25, 183, 0, 25, 88, 3340 }, // U+012A
    { 10, 20, 118, 1, 20, 50, 3428 }, // U+012B
    { 13, 25, 183, 0, 20, 82, 3478 }, // U+012E
    { 10, 26, 118, -2, 21, 65, 3560 }, // U+012F
    { 13, 26, 183, 0, 26, 85, 3625 }, // U+0130
    { 6, 15, 118, 1, 15, 23, 3710 }, // U+0131
    { 27, 20, 422, 0, 20, 135, 3733 }, // U+0132
    { 15, 26, 232, 1, 21, 98, 3868 }, // U+0133
    { 20, 28, 295, 0, 20, 140, 3966 }, // U+0136
    { 15, 29, 230, 0, 21, 109, 4106 }, // U+0137
    { 13, 28, 250, 2, 28, 91, 4215 }, // U+0139
    { 8, 30, 117, 1, 30, 60, 4306 }, // U+013A
    { 15, 28, 253, 0, 20, 105, 4366 }, // U+013B
    { 10, 29, 123, -2, 21, 73, 4471 }, // U+013C
    { 15, 20, 253, 0, 20, 75, 4544 }, // U+013D
    { 12, 21, 147, 0, 21, 63, 4619 }, // U+013E
    { 17, 20, 267, -1, 20, 85, 4682 }, // U+0141
    { 9, 21, 138, 0, 21, 48, 4767 }, // U+0142
    { 21, 26, 323, 0, 26, 137, 4815 }, // U+0143
    { 16, 21, 257, 0, 21, 84, 4952 }, // U+0144
    { 21, 28, 323, 0, 20, 147, 5036 }, // U+0145
    { 16, 23, 257, 0, 15, 92, 5183 }, // U+0146
    { 21, 26, 323, 0, 26, 137, 5275 }, // U+0147
    { 16, 21, 257, 0, 21, 84, 5412 }, // U+0148
    { 18, 27, 355, 2, 21, 122, 5496 }, // U+014A
    { 14, 23, 288, 2, 16, 81, 5618 }, // U+014B
    { 20, 26, 365, 1, 25, 130, 5699 }, // U+014C
    { 16, 21, 282, 1, 20, 84, 5829 }, // U+014D
    { 20, 26, 333, 1, 26, 130, 5913 }, // U+0150
    { 17, 21, 256, 0, 21, 90, 6043 }, // U+0151
    { 30, 20, 469, 1, 20, 150, 6133 }, // U+0152
    { 27, 15, 431, 0, 15, 102, 6283 }, // U+0153
    { 19, 26, 287, 0, 26, 124, 6385 }, // U+0154
    { 13, 21, 163, 0, 21, 69, 6509 }, // U+0155
    { 16, 28, 290, 2, 21, 112, 6578 }, // U+0156
    { 11, 23, 193, 1, 16, 64, 6690 }, // U+0157
    { 19, 26, 287, 0, 26, 124, 6754 }, // U+0158
    { 14, 21, 163, 0, 21, 74, 6878 }, // U+0159
    { 18, 26, 276, 0, 26, 117, 6952 }, // U+015A
    { 14, 21, 220, 0, 21, 74, 7069 }, // U+015B
    { 18, 25, 276, 0, 20, 113, 7143 }, // U+015E
    { 14, 20, 220, 0, 15, 70, 7256 }, // U+015F
    { 18, 26, 276, 0, 26, 117, 7326 }, // U+0160
    { 15, 21, 220, 0, 21, 79, 7443 }, // U+0161
    { 17, 26, 260, 2, 20, 111, 7522 }, // U+0162
    { 11, 25, 152, 0, 19, 69, 7633 }, // U+0163
    { 17, 26, 260, 2, 26, 111, 7702 }, // U+0164
    { 12, 24, 152, 1, 24, 72, 7813 }, // U+0165
    { 20, 25, 322, 1, 25, 125, 7885 }, // U+016A
    { 16, 20, 253, 0, 20, 80, 8010 }, // U+016B
    { 17, 28, 341, 2, 27, 119, 8090 }, // U+016C
    { 14, 23, 288, 2, 22, 81, 8209 }, // U+016D
    { 20, 27, 322, 1, 27, 135, 8290 }, // U+016E
    { 16, 23, 253, 0, 23, 92, 8425 }, // U+016F
    { 20, 26, 322, 1, 26, 130, 8517 }, // U+0170
    { 17, 21, 253, 0, 21, 90, 8647 }, // U+0171
    { 21, 25, 322, 0, 20, 132, 8737 }, // U+0172
    { 16, 20, 253, 0, 15, 80, 8869 }, // U+0173
    { 25, 26, 400, 3, 26, 163, 8949 }, // U+0174
    { 21, 21, 319, 1, 21, 111, 9112 }, // U+0175
    { 18, 26, 268, 2, 26, 117, 9223 }, // U+0176
    { 17, 26, 210, -2, 21, 111, 9340 }, // U+0177
    { 18, 26, 268, 2, 26, 117, 9451 }, // U+0178
    { 20, 26, 283, -1, 26, 130, 9568 }, // U+0179
    { 15, 21, 215, -1, 21, 79, 9698 }, // U+017A
    { 20, 26, 283, -1, 26, 130, 9777 }, // U+017B
    { 15, 21, 215, -1, 21, 79, 9907 }, // U+017C
    { 20, 26, 283, -1, 26, 130, 9986 }, // U+017D
    { 16, 21, 215, -1, 21, 84, 10116 }, // U+017E
    { 18, 28, 276, 0, 20, 126, 0 }, // U+0218
    { 14, 23, 220, 0, 15, 81, 126 }, // U+0219
    { 17, 28, 260, 2, 20, 119, 207 }, // U+021A
    { 11, 27, 152, 0, 19, 75, 326 }, // U+021B
    { 5, 4, 0, 3, 21, 5, 0 }, // U+0300
    { 6, 4, 0, 3, 21, 6, 5 }, // U+0301
    { 10, 4, 0, 3, 21, 10, 11 }, // U+0302
    { 11, 5, 0, 3, 21, 14, 21 }, // U+0303
    { 9, 2, 0, 3, 20, 5, 35 }, // U+0304
    { 10, 4, 0, 3, 21, 10, 40 }, // U+0306
    { 4, 4, 0, 3, 21, 4, 50 }, // U+0307
    { 9, 4, 0, 3, 21, 9, 54 }, // U+0308
    { 8, 7, 0, 3, 23, 14, 63 }, // U+030A
    { 11, 4, 0, 3, 21, 11, 77 }, // U+030B
    { 11, 4, 0, 3, 20, 11, 88 }, // U+030C
    { 7, 6, 0, 3, 23, 11, 99 }, // U+0312
    { 6, 7, 0, -2, -1, 11, 110 }, // U+0326
    { 7, 7, 0, -2, 1, 13, 121 }, // U+0327
    { 7, 6, 0, -2, 1, 11, 134 }, // U+0328
    { 0, 0, 0, 0, 0, 0, 145 }, // U+034F
    { 18, 26, 268, 2, 26, 117, 0 }, // U+1EF2
    { 17, 26, 210, -2, 21, 111, 117 }, // U+1EF3
    { 0, 0, 65, 0, 0, 0, 0 }, // U+2009
    { 0, 0, 0, 0, 0, 0, 0 }, // U+200B
    { 2, 21, 0, -1, 20, 11, 0 }, // U+200C
    { 8, 22, 0, -4, 21, 44, 11 }, // U+200D
    { 8, 22, 0, -1, 20, 44, 55 }, // U+200E
    { 8, 22, 0, -7, 20, 44, 99 }, // U+200F
    { 9, 2, 150, 0, 9, 5, 143 }, // U+2010
    { 8, 3, 150, 1, 9, 6, 148 }, // U+2011
    { 13, 3, 235, 1, 9, 10, 154 }, // U+2013
    { 22, 3, 384, 1, 9, 17, 164 }, // U+2014
    { 5, 8, 110, 3, 20, 10, 181 }, // U+2018
    { 5, 8, 110, 3, 20, 10, 191 }, // U+2019
    { 6, 8, 110, -1, 4, 12, 201 }, // U+201A
    { 10, 8, 186, 3, 20, 20, 213 }, // U+201C
    { 10, 8, 186, 3, 20, 20, 233 }, // U+201D
    { 10, 8, 186, -1, 4, 20, 253 }, // U+201E
    { 15, 20, 253, 2, 20, 75, 273 }, // U+2020
    { 17, 20, 253, 0, 20, 85, 348 }, // U+2021
    { 11, 10, 204, 1, 12, 28, 433 }, // U+2022
    { 19, 4, 310, -1, 4, 19, 461 }, // U+2026
    { 0, 0, 61, 0, 0, 0, 480 }, // U+202F
    { 37, 20, 638, 2, 20, 185, 480 }, // U+2030
    { 9, 13, 165, 1, 14, 30, 665 }, // U+2039
    { 9, 13, 165, 0, 14, 30, 695 }, // U+203A
    { 22, 20, 274, -2, 20, 110, 725 }, // U+2044
    { 5, 16, 161, 2, 15, 20, 835 }, // U+204F
    { 19, 18, 370, 2, 18, 86, 0 }, // U+20AA
    { 20, 20, 310, 0, 20, 100, 86 }, // U+20AC
    { 16, 20, 259, 2, 20, 80, 186 }, // U+20B9
    { 15, 20, 273, 1, 20, 75, 0 }, // U+2202
    { 20, 25, 273, -1, 20, 125, 75 }, // U+220F
    { 20, 25, 274, -1, 20, 125, 200 }, // U+2211
    { 16, 3, 283, 1, 9, 12, 325 }, // U+2212
    { 22, 20, 279, -2, 20, 110, 337 }, // U+2215
    { 5, 4, 107, 1, 9, 5, 447 }, // U+2219
    { 19, 25, 274, 0, 20, 119, 452 }, // U+221A
    { 21, 9, 361, 1, 12, 48, 571 }, // U+221E
    { 16, 25, 214, -1, 20, 100, 619 }, // U+222B
    { 16, 11, 259, 0, 13, 44, 719 }, // U+2248
    { 17, 15, 293, 1, 15, 64, 763 }, // U+2260
    { 17, 15, 270, 0, 15, 64, 827 }, // U+2264
    { 16, 15, 270, 0, 15, 60, 891 }, // U+2265
};

static const EpdUnicodeInterval atkinson_hn_14_italicIntervals[] = {
    { 0x0, 0x0, 0x0 },
    { 0xD, 0xD, 0x1 },
    { 0x20, 0x7E, 0x2 },
    { 0xA0, 0xAC, 0x61 },
    { 0xAE, 0xB4, 0x6E },
    { 0xB6, 0x107, 0x75 },
    { 0x10A, 0x113, 0xC7 },
    { 0x116, 0x11B, 0xD1 },
    { 0x11E, 0x123, 0xD7 },
    { 0x126, 0x127, 0xDD },
    { 0x12A, 0x12B, 0xDF },
    { 0x12E, 0x133, 0xE1 },
    { 0x136, 0x137, 0xE7 },
    { 0x139, 0x13E, 0xE9 },
    { 0x141, 0x148, 0xEF },
    { 0x14A, 0x14D, 0xF7 },
    { 0x150, 0x15B, 0xFB },
    { 0x15E, 0x165, 0x107 },
    { 0x16A, 0x17E, 0x10F },
    { 0x218, 0x21B, 0x124 },
    { 0x300, 0x304, 0x128 },
    { 0x306, 0x308, 0x12D },
    { 0x30A, 0x30C, 0x130 },
    { 0x312, 0x312, 0x133 },
    { 0x326, 0x328, 0x134 },
    { 0x34F, 0x34F, 0x137 },
    { 0x1EF2, 0x1EF3, 0x138 },
    { 0x2009, 0x2009, 0x13A },
    { 0x200B, 0x2011, 0x13B },
    { 0x2013, 0x2014, 0x142 },
    { 0x2018, 0x201A, 0x144 },
    { 0x201C, 0x201E, 0x147 },
    { 0x2020, 0x2022, 0x14A },
    { 0x2026, 0x2026, 0x14D },
    { 0x202F, 0x2030, 0x14E },
    { 0x2039, 0x203A, 0x150 },
    { 0x2044, 0x2044, 0x152 },
    { 0x204F, 0x204F, 0x153 },
    { 0x20AA, 0x20AA, 0x154 },
    { 0x20AC, 0x20AC, 0x155 },
    { 0x20B9, 0x20B9, 0x156 },
    { 0x2202, 0x2202, 0x157 },
    { 0x220F, 0x220F, 0x158 },
    { 0x2211, 0x2212, 0x159 },
    { 0x2215, 0x2215, 0x15B },
    { 0x2219, 0x221A, 0x15C },
    { 0x221E, 0x221E, 0x15E },
    { 0x222B, 0x222B, 0x15F },
    { 0x2248, 0x2248, 0x160 },
    { 0x2260, 0x2260, 0x161 },
    { 0x2264, 0x2265, 0x162 },
};

static const EpdFontGroup atkinson_hn_14_italicGroups[] = {
    { 0, 3352, 7426, 97, 0 },
    { 3352, 2683, 8371, 94, 97 },
    { 6035, 3268, 10943, 101, 191 },
    { 9303, 233, 453, 4, 292 },
    { 9536, 147, 167, 16, 296 },
    { 9683, 136, 260, 2, 312 },
    { 9819, 514, 975, 26, 314 },
    { 10333, 169, 270, 3, 340 },
    { 10502, 491, 1003, 13, 343 },
};

static const uint16_t atkinson_hn_14_italicKernLeftCodepoints[] = {
    0x0020, 0x0022, 0x0024, 0x0026, 0x0027, 0x0028, 0x002A, 0x002B, 0x002C, 0x002D, 0x002E, 0x002F,
    0x0030, 0x0032, 0x0033, 0x0034, 0x0035, 0x0036, 0x0037, 0x0038, 0x0039, 0x003A, 0x003B, 0x003E,
    0x003F, 0x0040, 0x0041, 0x0042, 0x0043, 0x0044, 0x0045, 0x0046, 0x0047, 0x0049, 0x004A, 0x004B,
    0x004C, 0x004F, 0x0050, 0x0051, 0x0052, 0x0053, 0x0054, 0x0055, 0x0056, 0x0057, 0x0058, 0x0059,
    0x005A, 0x005B, 0x005C, 0x005D, 0x005F, 0x0061, 0x0062, 0x0063, 0x0065, 0x0066, 0x0067, 0x0068,
    0x006A, 0x006B, 0x006C, 0x006D, 0x006E, 0x006F, 0x0070, 0x0071, 0x0072, 0x0073, 0x0074, 0x0075,
    0x0076, 0x0077, 0x0078, 0x0079, 0x007A, 0x007B, 0x007C, 0x00A1, 0x00A2, 0x00A3, 0x00A5, 0x00A6,
    0x00A7, 0x00A9, 0x00AB, 0x00AE, 0x00B0, 0x00B6, 0x00B7, 0x00BB, 0x00BF, 0x00C0, 0x00C1, 0x00C2,
    0x00C3, 0x00C4, 0x00C5, 0x00C6, 0x00C7, 0x00C8, 0x00C9, 0x00CA, 0x00CB, 0x00CC, 0x00CD, 0x00CE,
    0x00CF, 0x00D0, 0x00D2, 0x00D3, 0x00D4, 0x00D5, 0x00D6, 0x00D8, 0x00D9, 0x00DA, 0x00DB, 0x00DC,
    0x00DD, 0x00DE, 0x00DF, 0x00E0, 0x00E1, 0x00E2, 0x00E3, 0x00E4, 0x00E5, 0x00E6, 0x00E7, 0x00E8,
    0x00E9, 0x00EA, 0x00EB, 0x00EE, 0x00EF, 0x00F0, 0x00F1, 0x00F2, 0x00F3, 0x00F4, 0x00F5, 0x00F6,
    0x00F8, 0x00F9, 0x00FA, 0x00FB, 0x00FC, 0x00FD, 0x00FE, 0x00FF, 0x0100, 0x0101, 0x0102, 0x0103,
    0x0104, 0x0105, 0x0106, 0x0107, 0x010A, 0x010B, 0x010C, 0x010D, 0x010E, 0x010F, 0x0110, 0x0111,
    0x0112, 0x0113, 0x0116, 0x0117, 0x0118, 0x0119, 0x011A, 0x011B, 0x011E, 0x011F, 0x0120, 0x0121,
    0x0122, 0x0123, 0x0126, 0x0127, 0x012A, 0x012E, 0x012F, 0x0130, 0x0132, 0x0133, 0x0136, 0x0137,
    0x013B, 0x013C, 0x013D, 0x013E, 0x0141, 0x0142, 0x0144, 0x0146, 0x0148, 0x0150, 0x0151, 0x0152,
    0x0153, 0x0154, 0x0155, 0x0157, 0x0158, 0x0159, 0x015A, 0x015B, 0x015E, 0x015F, 0x0160, 0x0161,
    0x0162, 0x0163, 0x0164, 0x0165, 0x016A, 0x016B, 0x016E, 0x016F, 0x0170, 0x0171, 0x0172, 0x0173,
    0x0174, 0x0175, 0x0176, 0x0177, 0x0178, 0x0179, 0x017A, 0x017B, 0x017C, 0x017D, 0x017E, 0x0218,
    0x0219, 0x021A, 0x021B, 0x1EF2, 0x1EF3, 0x2013, 0x2014, 0x2018, 0x2019, 0x201A, 0x201C, 0x201D,
    0x201E, 0x2022, 0x2026, 0x2039, 0x203A, 0x20AC, 0x2212,
};

static const uint8_t atkinson_hn_14_italicKernLeftClassIds[] = {
      1,   2,   3,   4,   2,   5,   6,   7,   8,   9,  10,  11,  12,  13,  14,  15,
     16,  17,  18,  19,  20,  21,  21,  22,  23,  24,  25,  26,  27,  28,  29,  30,
     31,  32,  33,  34,  35,  28,  36,  37,  38,  39,  40,  33,  41,  42,  43,  44,
     45,  46,  47,  48,  49,  50,  51,  52,  53,  54,  55,  56,  57,  58,  59,  56,
     56,  51,  51,  60,  61,  62,  63,  64,  65,  65,  66,  65,  67,  46,  68,  69,
     52,  70,  71,  68,  72,  73,  74,  73,  75,  76,  77,  78,  79,  25,  25,  25,
     25,  25,  25,  29,  27,  29,  29,  29,  29,  32,  32,  32,  32,  28,  28,  28,
     28,  28,  28,  28,  33,  33,  33,  33,  44,  80,  81,  50,  50,  50,  50,  50,
     50,  53,  52,  53,  53,  53,  53,  82,  83,  84,  56,  51,  51,  51,  51,  51,
     51,  64,  64,  64,  64,  65,  51,  65,  25,  50,  25,  50,  85,  86,  27,  52,
     27,  52,  27,  52,  28,  87,  28,  88,  29,  53,  29,  53,  89,  53,  29,  53,
     31,  55,  31,  55,  31,  55,  90,  56,  32,  91,  48,  32,  33,  57,  34,  58,
     35,  92,  35,  93,  35,  59,  56,  56,  56,  28,  94,  29,  53,  38,  61,  95,
     38,  61,  39,  62,  39,  62,  39,  62,  40,  96,  40,  97,  33,  64,  33,  64,
     33,  64,  33,  98,  42,  65,  44,  65,  44,  45,  67,  45,  67,  45,  67,  39,
     62,  40,  99,  44,  65,   9,   9, 100, 101,  10, 100, 101,  10, 102,  10,  74,
     78, 103, 104,
};

static const uint16_t atkinson_hn_14_italicKernRightCodepoints[] = {
    0x0020, 0x0021, 0x0022, 0x0024, 0x0025, 0x0026, 0x0027, 0x0029, 0x002A, 0x002B, 0x002C, 0x002D,
    0x002E, 0x002F, 0x0030, 0x0031, 0x0032, 0x0033, 0x0034, 0x0035, 0x0036, 0x0037, 0x0038, 0x0039,
    0x003A, 0x003B, 0x003C, 0x003E, 0x003F, 0x0040, 0x0041, 0x0042, 0x0043, 0x0045, 0x0046, 0x0047,
    0x0048, 0x0049, 0x004A, 0x004F, 0x0051, 0x0053, 0x0054, 0x0055, 0x0056, 0x0057, 0x0058, 0x0059,
    0x005A, 0x005B, 0x005C, 0x005D, 0x005F, 0x0061, 0x0062, 0x0063, 0x0064, 0x0065, 0x0066, 0x0067,
    0x0068, 0x0069, 0x006A, 0x006B, 0x006C, 0x006D, 0x006E, 0x006F, 0x0070, 0x0071, 0x0072, 0x0073,
    0x0074, 0x0075, 0x0076, 0x0077, 0x0078, 0x0079, 0x007A, 0x007C, 0x007D, 0x00A1, 0x00A2, 0x00A3,
    0x00A5, 0x00A6, 0x00A7, 0x00A9, 0x00AB, 0x00AE, 0x00B0, 0x00B6, 0x00B7, 0x00BB, 0x00BF, 0x00C0,
    0x00C1, 0x00C2, 0x00C3, 0x00C4, 0x00C5, 0x00C6, 0x00C7, 0x00C8, 0x00C9, 0x00CA, 0x00CB, 0x00CC,
    0x00CD, 0x00CE, 0x00CF, 0x00D2, 0x00D3, 0x00D4, 0x00D5, 0x00D6, 0x00D8, 0x00D9, 0x00DA, 0x00DB,
    0x00DC, 0x00DD, 0x00DF, 0x00E0, 0x00E1, 0x00E2, 0x00E3, 0x00E4, 0x00E5, 0x00E6, 0x00E7, 0x00E8,
    0x00E9, 0x00EA, 0x00EB, 0x00EC, 0x00ED, 0x00EE, 0x00EF, 0x00F0, 0x00F1, 0x00F2, 0x00F3, 0x00F4,
    0x00F5, 0x00F6, 0x00F8, 0x00F9, 0x00FA, 0x00FB, 0x00FC, 0x00FD, 0x00FE, 0x00FF, 0x0100, 0x0101,
    0x0102, 0x0103, 0x0104, 0x0105, 0x0106, 0x0107, 0x010A, 0x010B, 0x010C, 0x010D, 0x010F, 0x0111,
    0x0112, 0x0113, 0x0116, 0x0117, 0x0118, 0x0119, 0x011A, 0x011B, 0x011E, 0x011F, 0x0120, 0x0121,
    0x0122, 0x0123, 0x0127, 0x012A, 0x012B, 0x012E, 0x012F, 0x0130, 0x0131, 0x0132, 0x0133, 0x0137,
    0x013C, 0x013E, 0x0142, 0x0144, 0x0146, 0x0148, 0x014D, 0x0150, 0x0151, 0x0152, 0x0153, 0x0155,
    0x0159, 0x015A, 0x015B, 0x015E, 0x015F, 0x0160, 0x0161, 0x0162, 0x0163, 0x0164, 0x0165, 0x016A,
    0x016B, 0x016E, 0x016F, 0x0170, 0x0171, 0x0172, 0x0173, 0x0174, 0x0175, 0x0176, 0x0177, 0x0178,
    0x0179, 0x017A, 0x017B, 0x017C, 0x017D, 0x017E, 0x0218, 0x0219, 0x021A, 0x021B, 0x1EF2, 0x1EF3,
    0x2013, 0x2014, 0x2018, 0x2019, 0x201A, 0x201C, 0x201D, 0x201E, 0x2022, 0x2026, 0x2030, 0x2039,
    0x203A, 0x20AC, 0x220F, 0x2211, 0x2212,
};

static const uint8_t atkinson_hn_14_italicKernRightClassIds[] = {
      1,   2,   3,   4,   5,   6,   3,   7,   8,   9,  10,  11,  12,  13,  14,  15,
     16,  17,  18,  19,  20,  21,  22,  23,  24,  25,  26,  27,  28,  29,  30,  31,
     32,  31,  31,  32,  31,  33,  34,  32,  32,  35,  36,  37,  38,  39,  40,  41,
     42,  43,  44,  45,  46,  47,  48,  49,  49,  49,  50,  51,  48,  52,  53,  48,
     54,  55,  55,  49,  56,  49,  55,  57,  58,  59,  60,  60,  61,  62,  63,  43,
     45,  43,  49,  64,  65,  43,  43,  66,  67,  66,  68,  69,  70,  71,  72,  30,
     30,  30,  30,  30,  30,  73,  32,  31,  31,  31,  31,  33,  33,  33,  33,  32,
     32,  32,  32,  32,  32,  37,  37,  37,  37,  41,  74,  47,  47,  75,  76,  77,
     47,  47,  49,  49,  49,  49,  78,  79,  52,  80,  81,  49,  55,  49,  49,  82,
     83,  84,  49,  59,  59,  59,  59,  62,  85,  62,  30,  86,  30,  87,  30,  47,
     32,  49,  32,  49,  32,  49,  49,  49,  31,  49,  31,  49,  31,  49,  31,  49,
     32,  51,  32,  51,  32,  51,  88,  33,  89,  33,  90,  33,  52,  33,  52,  48,
     54,  54,  54,  55,  55,  55,  91,  32,  49,  32,  49,  55,  55,  35,  57,  35,
     57,  35,  57,  36,  58,  36,  58,  37,  59,  37,  59,  37,  59,  37,  59,  39,
     60,  41,  62,  41,  42,  63,  42,  63,  42,  63,  35,  57,  36,  58,  41,  62,
     11,  11,  92,  93,  94,  92,  93,  94,  95,  12,   5,  67,  71,  96,  69,  69,
     97,
};

static const uint16_t atkinson_hn_14_italicKernRowOffsets[] = {
        0,     7,    30,    33,    55,    74,    96,    99,   143,   172,   215,   251,   266,   275,   288,   299,
      310,   331,   358,   383,   404,   418,   421,   422,   445,   500,   546,   592,   633,   656,   688,   702,
      717,   732,   780,   827,   878,   920,   956,  1008,  1062,  1116,  1166,  1208,  1262,  1288,  1302,  1347,
     1348,  1349,  1383,  1434,  1483,  1517,  1557,  1565,  1584,  1585,  1631,  1674,  1703,  1752,  1802,  1838,
     1847,  1897,  1931,  1962,  1963,  1985,  1991,  1995,  1996,  2027,  2049,  2051,  2052,  2068,  2086,  2130,
     2172,  2183,  2193,  2198,  2234,  2290,  2325,  2371,  2372,  2396,  2398,  2414,  2458,  2500,  2551,  2552,
     2589,  2627,  2637,  2674,  2711,  2748,  2762,  2768,  2770,
};

static const uint8_t atkinson_hn_14_italicKernSparseCols[] = {
     29,  35,  37,  38,  40,  59,  61,  14,  17,  20,  21,  29,  33,  35,  37,  38,
     46,  48,  49,  56,  57,  74,  75,  76,  77,  81,  82,  83,  85,  86,  14,  15,
     22,  31,  34,  35,  36,  37,  38,  40,  46,  48,  56,  57,  59,  61,  74,  75,
     76,  77,  81,  82,  83,  85,  86,  13,  29,  31,  33,  46,  48,  52,  56,  59,
     61,  74,  75,  76,  77,  81,  82,  83,  85,  86,   9,  11,  29,  31,  33,  35,
     37,  38,  39,  40,  41,  46,  49,  56,  60,  72,  74,  75,  76,  85,  86,  93,
     14,  17,  22,   7,  13,  14,  16,  17,  18,  19,  20,  21,  22,  29,  31,  33,
     34,  35,  36,  37,  38,  39,  40,  46,  47,  48,  50,  52,  53,  56,  57,  59,
     60,  61,  62,  74,  75,  76,  77,  81,  82,  83,  85,  86,  87,  91,  92,  13,
     14,  17,  18,  21,  22,  29,  31,  33,  34,  35,  37,  38,  39,  40,  41,  48,
     49,  50,  56,  57,  59,  60,  61,  62,  77,  81,  82,  83,   7,  13,  14,  16,
     17,  18,  19,  20,  21,  22,  29,  31,  33,  34,  35,  36,  37,  38,  39,  40,
     46,  47,  48,  50,  53,  56,  57,  59,  60,  61,  62,  74,  75,  76,  77,  81,
     82,  83,  85,  86,  87,  91,  92,  12,  13,  15,  16,  17,  19,  20,  22,  29,
     31,  33,  34,  35,  40,  46,  48,  49,  50,  54,  55,  56,  58,  59,  60,  61,
     72,  74,  75,  76,  77,  81,  82,  83,  84,  85,  86,   3,   6,   9,  10,  11,
     12,  14,  15,  16,  20,  21,  22,  43,  64,  93,  14,  16,  17,  19,  20,  21,
     22,  43,  64,   3,   9,  11,  12,  14,  15,  20,  22,  25,  43,  64,  93,  96,
      2,   8,  10,  13,  14,  15,  16,  17,  19,  22,  43,  12,  13,  14,  15,  16,
     18,  19,  22,  43,  63,  64,   3,   9,  11,  12,  13,  14,  15,  17,  18,  20,
     22,  43,  48,  63,  64,  77,  81,  82,  83,  93,  95,   2,   4,   8,   9,  10,
     11,  12,  13,  14,  15,  16,  17,  19,  20,  21,  22,  44,  48,  63,  67,  77,
     81,  82,  83,  93,  95,  96,   2,   3,   9,  10,  11,  12,  13,  14,  15,  16,
     18,  19,  20,  22,  25,  43,  48,  63,  64,  77,  81,  82,  83,  93,  95,   3,
      8,  10,  12,  13,  14,  15,  16,  17,  19,  20,  25,  26,  43,  48,  63,  64,
     77,  81,  82,  83,  14,  29,  35,  37,  38,  40,  48,  59,  60,  61,  77,  81,
     82,  83,  14,  16,  22,  29,  29,  32,  34,  35,  37,  38,  39,  40,  41,  46,
     49,  56,  57,  59,  60,  61,  62,  72,  74,  75,  76,  85,  86,   0,   1,   2,
      5,   6,   7,   9,  10,  11,  12,  27,  28,  29,  31,  33,  34,  35,  36,  37,
     38,  39,  40,  43,  46,  47,  48,  49,  50,  51,  53,  56,  57,  58,  59,  61,
     65,  66,  74,  75,  76,  77,  78,  79,  80,  81,  82,  83,  85,  86,  87,  88,
     89,  91,  92,  93,   6,   7,   9,  10,  11,  12,  27,  28,  29,  31,  33,  34,
     35,  37,  38,  39,  40,  41,  43,  46,  48,  50,  51,  58,  59,  61,  62,  65,
     66,  74,  75,  76,  77,  78,  79,  80,  81,  82,  83,  85,  86,  88,  89,  91,
     92,  93,   5,   6,   7,   9,  10,  11,  12,  28,  29,  31,  32,  33,  37,  38,
     39,  40,  41,  46,  48,  50,  52,  53,  56,  57,  58,  59,  60,  61,  62,  65,
     66,  69,  70,  74,  75,  76,  77,  81,  82,  83,  85,  86,  91,  92,  93,  94,
      1,   5,   6,   7,   9,  10,  11,  12,  27,  28,  29,  32,  33,  34,  35,  37,
     38,  39,  40,  41,  43,  44,  46,  48,  57,  59,  61,  62,  72,  74,  75,  76,
     77,  81,  82,  83,  85,  86,  91,  92,  93,   7,   9,  11,  28,  31,  33,  34,
     35,  48,  50,  56,  57,  58,  59,  61,  65,  66,  77,  81,  82,  83,  91,  93,
      7,   9,  11,  12,  23,  24,  27,  29,  31,  33,  34,  46,  48,  56,  57,  65,
     69,  72,  74,  75,  76,  77,  78,  79,  80,  81,  82,  83,  85,  86,  88,  93,
      6,   7,  27,  34,  35,  37,  38,  40,  57,  59,  61,  65,  91,  92,  31,  46,
     48,  50,  59,  61,  74,  75,  76,  77,  81,  82,  83,  85,  86,   9,  11,  12,
     29,  34,  39,  46,  50,  72,  74,  75,  76,  85,  86,  93,   0,   5,   7,   9,
     10,  11,  27,  28,  29,  31,  33,  34,  36,  37,  38,  39,  40,  46,  48,  50,
     51,  56,  57,  58,  59,  61,  65,  66,  69,  70,  74,  75,  76,  77,  78,  79,
     80,  81,  82,  83,  85,  86,  88,  89,  91,  92,  93,  94,   2,   7,  10,  27,
     28,  29,  31,  33,  34,  35,  36,  37,  38,  40,  46,  47,  48,  49,  50,  51,
     53,  56,  57,  58,  59,  61,  65,  66,  69,  74,  75,  76,  77,  78,  79,  80,
     81,  82,  83,  85,  86,  87,  88,  89,  91,  92,  94,   0,   1,   5,   6,   7,
      9,  10,  11,  12,  28,  29,  31,  33,  34,  37,  38,  39,  40,  41,  43,  46,
     48,  50,  51,  52,  56,  57,  59,  60,  61,  65,  66,  70,  72,  74,  75,  76,
     77,  78,  79,  80,  81,  82,  83,  85,  86,  88,  89,  91,  92,  93,   1,   5,
      6,   7,   9,  10,  11,  12,  27,  28,  29,  32,  33,  34,  35,  37,  38,  39,
     40,  41,  43,  44,  46,  48,  52,  57,  59,  61,  62,  72,  74,  75,  76,  77,
     81,  82,  83,  85,  86,  91,  92,  93,   7,   9,  10,  11,  28,  29,  31,  33,
     35,  36,  37,  38,  39,  40,  43,  46,  48,  50,  56,  57,  59,  61,  65,  72,
     74,  75,  76,  77,  81,  82,  83,  85,  86,  91,  92,  93,   1,   5,   6,   7,
      9,  10,  11,  12,  27,  28,  29,  31,  33,  35,  37,  38,  39,  40,  41,  43,
     46,  48,  49,  50,  51,  55,  57,  58,  59,  60,  61,  62,  65,  72,  74,  75,
     76,  77,  78,  79,  80,  81,  82,  83,  84,  85,  86,  88,  89,  91,  92,  93,
      0,   2,   5,   7,   9,  10,  11,  12,  23,  24,  27,  28,  29,  31,  33,  34,
     35,  37,  38,  39,  40,  43,  46,  48,  50,  54,  55,  56,  58,  59,  60,  61,
     62,  65,  66,  70,  72,  74,  75,  76,  77,  78,  79,  80,  81,  82,  83,  84,
     85,  86,  87,  88,  92,  93,   0,   2,   5,   7,   9,  10,  11,  12,  23,  24,
     27,  29,  33,  34,  35,  37,  39,  40,  46,  48,  50,  51,  54,  55,  56,  57,
     58,  59,  60,  61,  62,  65,  66,  70,  72,  74,  75,  76,  77,  78,  79,  80,
     81,  82,  83,  84,  85,  86,  87,  88,  89,  91,  92,  93,   0,   2,   5,   7,
      9,  10,  11,  12,  23,  24,  27,  29,  33,  34,  35,  38,  39,  40,  46,  48,
     50,  54,  55,  56,  57,  58,  60,  62,  65,  66,  70,  72,  74,  75,  76,  77,
     78,  79,  80,  81,  82,  83,  84,  85,  86,  87,  88,  91,  92,  93,   5,   7,
      9,  10,  11,  28,  29,  31,  33,  34,  35,  37,  38,  40,  46,  48,  50,  51,
     56,  57,  58,  59,  61,  66,  70,  74,  75,  76,  77,  78,  79,  80,  81,  82,
     83,  85,  86,  88,  89,  91,  92,  93,   0,   5,   7,   9,  10,  11,  12,  23,
     24,  27,  28,  29,  31,  33,  34,  35,  37,  38,  39,  40,  43,  46,  48,  50,
     54,  55,  56,  57,  58,  59,  60,  61,  62,  65,  66,  70,  72,  74,  75,  76,
     77,  79,  80,  81,  82,  83,  84,  85,  86,  87,  88,  91,  92,  93,   7,   9,
     10,  11,  27,  28,  31,  34,  43,  48,  50,  53,  56,  57,  58,  59,  61,  65,
     66,  77,  81,  82,  83,  91,  92,  93,  17,  20,  31,  48,  50,  52,  56,  59,
     60,  61,  77,  81,  82,  83,  13,  14,  15,  16,  17,  18,  19,  20,  21,  22,
     31,  34,  35,  36,  37,  38,  40,  46,  47,  48,  49,  50,  51,  52,  53,  56,
     57,  58,  59,  61,  74,  75,  76,  77,  78,  79,  80,  81,  82,  83,  85,  86,
     87,  88,  89,  52,  52,   1,   2,   5,   6,   7,  10,  27,  28,  35,  37,  38,
     40,  43,  44,  48,  49,  51,  56,  57,  58,  59,  61,  65,  77,  78,  79,  80,
     81,  82,  83,  88,  89,  91,  92,   1,   2,   5,   6,   7,   9,  10,  11,  12,
     27,  33,  34,  35,  36,  37,  38,  39,  40,  41,  43,  44,  46,  48,  49,  51,
     56,  57,  59,  60,  61,  62,  65,  66,  70,  74,  75,  76,  77,  78,  79,  80,
     81,  82,  83,  85,  86,  88,  89,  91,  92,  93,   1,   2,   6,   7,   9,  11,
     12,  14,  15,  16,  22,  23,  24,  27,  29,  33,  34,  35,  37,  38,  39,  40,
     41,  43,  46,  47,  48,  49,  53,  59,  60,  61,  62,  65,  66,  69,  74,  75,
     76,  77,  81,  82,  83,  85,  86,  87,  91,  92,  93,   1,   2,   5,   6,   7,
      9,  11,  23,  24,  27,  28,  35,  37,  38,  40,  43,  44,  46,  49,  50,  57,
     59,  60,  61,  62,  65,  74,  75,  76,  85,  86,  91,  92,  93,   2,   5,   7,
      9,  10,  11,  12,  27,  46,  48,  49,  50,  51,  56,  57,  59,  60,  61,  65,
     66,  69,  74,  75,  76,  77,  78,  79,  80,  81,  82,  83,  85,  86,  87,  88,
     89,  91,  92,  93,  94,   7,  27,  35,  43,  52,  59,  61,  91,  27,  35,  37,
     38,  40,  43,  49,  51,  57,  59,  61,  65,  78,  79,  80,  88,  89,  91,  92,
     52,   5,   7,   9,  10,  11,  23,  24,  27,  28,  33,  35,  37,  38,  40,  43,
     46,  48,  51,  56,  57,  58,  59,  60,  61,  65,  66,  69,  70,  74,  75,  76,
     77,  78,  79,  80,  81,  82,  83,  85,  86,  88,  89,  91,  92,  93,  94,   7,
      9,  11,  27,  28,  31,  37,  38,  40,  43,  46,  47,  48,  50,  51,  53,  56,
     57,  58,  59,  61,  65,  66,  69,  74,  75,  76,  77,  78,  79,  80,  81,  82,
     83,  85,  86,  87,  88,  89,  91,  92,  93,  94,   6,   7,   9,  12,  24,  27,
     28,  35,  37,  38,  40,  42,  43,  44,  45,  50,  52,  55,  56,  59,  60,  61,
     65,  71,  84,  89,  91,  92,  93,   0,   2,   5,   9,  11,  27,  29,  33,  35,
     37,  39,  40,  43,  46,  47,  48,  49,  50,  51,  53,  54,  55,  56,  57,  58,
     59,  60,  61,  65,  66,  74,  75,  76,  77,  78,  79,  80,  81,  82,  83,  84,
     85,  86,  87,  88,  89,  91,  92,  93,   2,   6,   7,   9,  10,  11,  12,  23,
     24,  27,  28,  29,  31,  33,  34,  35,  36,  37,  38,  39,  40,  43,  46,  48,
     49,  51,  57,  59,  60,  61,  62,  65,  66,  74,  75,  76,  77,  78,  79,  80,
     81,  82,  83,  85,  86,  88,  89,  91,  92,  93,   2,   5,   6,  10,  27,  28,
     31,  43,  46,  48,  49,  50,  51,  56,  59,  60,  61,  62,  65,  66,  74,  75,
     76,  77,  78,  79,  80,  81,  82,  83,  85,  86,  88,  89,  91,  92,   7,  27,
     35,  37,  38,  40,  43,  59,  61,   0,   1,   5,   6,   7,   9,  10,  11,  12,
     23,  24,  27,  28,  29,  33,  35,  37,  38,  39,  40,  41,  43,  46,  48,  49,
     50,  51,  56,  57,  59,  61,  65,  69,  74,  75,  76,  77,  78,  79,  80,  81,
     82,  83,  85,  86,  88,  89,  91,  93,  94,   5,   7,   9,  10,  11,  23,  24,
     27,  28,  35,  37,  40,  43,  46,  48,  49,  50,  58,  60,  65,  66,  69,  74,
     75,  76,  77,  81,  82,  83,  85,  86,  91,  92,  93,   5,   9,  10,  11,  27,
     28,  35,  37,  40,  43,  46,  48,  49,  57,  59,  61,  65,  66,  69,  74,  75,
     76,  77,  81,  82,  83,  85,  86,  91,  92,  93,  52,  33,  34,  35,  36,  37,
     38,  40,  46,  48,  52,  59,  60,  61,  74,  75,  76,  77,  81,  82,  83,  85,
     86,  13,  14,  16,  18,  21,  22,  15,  16,  21,  22,  52,  29,  33,  34,  35,
     37,  38,  40,  41,  46,  47,  48,  49,  50,  53,  56,  57,  59,  60,  61,  62,
     72,  74,  75,  76,  77,  81,  82,  83,  85,  86,  87,  33,  35,  37,  38,  40,
     46,  48,  50,  56,  57,  59,  61,  71,  74,  75,  76,  77,  81,  82,  83,  85,
     86,  14,  20,  87,  35,  37,  38,  40,  46,  49,  57,  59,  60,  61,  62,  74,
     75,  76,  85,  86,  35,  37,  38,  39,  40,  41,  48,  49,  56,  57,  59,  60,
     61,  71,  77,  81,  82,  83,  30,  31,  33,  34,  35,  36,  37,  38,  40,  41,
     46,  47,  48,  49,  50,  51,  52,  53,  54,  56,  57,  58,  59,  60,  61,  62,
     73,  74,  75,  76,  77,  78,  79,  80,  81,  82,  83,  85,  86,  87,  88,  89,
     91,  92,   6,   7,   9,  10,  11,  12,  27,  28,  29,  33,  37,  39,  43,  46,
     48,  51,  56,  57,  59,  60,  61,  62,  69,  72,  74,  75,  76,  77,  78,  79,
     80,  81,  82,  83,  85,  86,  88,  89,  91,  92,  93,  94,   1,   7,  27,  28,
     43,  59,  61,  65,  66,  91,  92,   2,  27,  44,  47,  53,  67,  68,  84,  87,
     92,  44,  47,  53,  64,  87,   7,   9,  11,  12,  23,  24,  27,  29,  33,  35,
     37,  38,  39,  41,  43,  46,  51,  56,  59,  60,  61,  65,  70,  74,  75,  76,
     78,  79,  80,  85,  86,  88,  89,  91,  92,  93,   0,   1,   2,   5,   6,   7,
      9,  10,  11,  12,  27,  28,  29,  31,  33,  34,  35,  36,  37,  38,  39,  40,
     43,  46,  47,  48,  49,  50,  51,  52,  53,  56,  57,  58,  59,  61,  65,  66,
     74,  75,  76,  77,  78,  79,  80,  81,  82,  83,  85,  86,  87,  88,  89,  91,
     92,  93,   1,   2,   5,   6,   7,  10,  27,  28,  35,  37,  38,  40,  43,  44,
     48,  49,  51,  52,  56,  57,  58,  59,  61,  65,  77,  78,  79,  80,  81,  82,
     83,  88,  89,  91,  92,   2,   5,   6,   7,   9,  10,  11,  12,  23,  24,  27,
     28,  43,  44,  45,  46,  47,  48,  49,  50,  52,  53,  54,  55,  56,  58,  60,
     62,  66,  69,  70,  74,  75,  76,  77,  81,  82,  83,  84,  85,  86,  87,  91,
     92,  93,  94,  27,   7,   9,  11,  28,  31,  33,  34,  35,  48,  50,  52,  56,
     57,  58,  59,  61,  65,  66,  77,  81,  82,  83,  91,  93,  79,  87,  31,  46,
     48,  50,  52,  59,  61,  74,  75,  76,  77,  81,  82,  83,  85,  86,   7,   9,
     11,  27,  28,  31,  37,  38,  40,  43,  46,  47,  48,  50,  51,  52,  53,  56,
     57,  58,  59,  61,  65,  66,  69,  74,  75,  76,  77,  78,  79,  80,  81,  82,
     83,  85,  86,  87,  88,  89,  91,  92,  93,  94,   1,   2,   5,   6,   7,   9,
     10,  11,  12,  23,  24,  27,  28,  43,  44,  45,  46,  48,  49,  50,  54,  55,
     56,  58,  59,  60,  61,  66,  69,  70,  74,  75,  76,  77,  81,  82,  83,  85,
     86,  91,  92,  93,   1,   2,   5,   6,   7,   9,  10,  11,  12,  27,  33,  34,
     35,  36,  37,  38,  39,  40,  41,  43,  44,  46,  48,  49,  51,  56,  57,  59,
     60,  61,  62,  65,  66,  70,  74,  75,  76,  77,  78,  79,  80,  81,  82,  83,
     85,  86,  88,  89,  91,  92,  93,  90,   2,   5,   6,  10,  27,  28,  31,  43,
     46,  48,  49,  50,  51,  52,  56,  59,  60,  61,  62,  65,  66,  74,  75,  76,
     77,  78,  79,  80,  81,  82,  83,  85,  86,  88,  89,  91,  92,   2,   5,   6,
     10,  27,  28,  31,  43,  44,  46,  48,  49,  50,  51,  52,  56,  59,  60,  61,
     62,  65,  66,  74,  75,  76,  77,  78,  79,  80,  81,  82,  83,  85,  86,  88,
     89,  91,  92,   7,  27,  35,  37,  38,  40,  43,  52,  59,  61,   2,   5,   6,
     10,  27,  28,  31,  43,  46,  48,  49,  50,  51,  52,  56,  59,  60,  61,  62,
     65,  66,  74,  75,  76,  77,  78,  79,  80,  81,  82,  83,  85,  86,  88,  89,
     91,  92,   9,  11,  29,  31,  33,  34,  35,  37,  38,  39,  40,  41,  46,  48,
     49,  54,  55,  56,  57,  58,  59,  60,  61,  62,  71,  72,  74,  75,  76,  77,
     81,  82,  83,  84,  85,  86,  93,   9,  11,  29,  31,  33,  34,  35,  37,  38,
     39,  40,  41,  46,  48,  49,  50,  54,  55,  56,  57,  59,  60,  61,  62,  71,
     72,  74,  75,  76,  77,  81,  82,  83,  84,  85,  86,  93,  35,  37,  38,  40,
     46,  49,  57,  59,  61,  74,  75,  76,  85,  86,  13,  14,  15,  16,  17,  20,
     14,  22,
};

static const int8_t atkinson_hn_14_italicKernSparseValues[] = {
      -5,   -9,   -9,   -9,  -14,   -5,   -5,    9,  -19,   18,   -9,  -24,  -60,   14,    9,    9,
      -5,  -14,   14,  -10,   14,   -5,   -5,   -5,  -14,  -14,  -14,  -14,   -5,   -5,   -5,    5,
      -8,   -3,  -13,  -33,  -14,  -27,  -14,  -42,    4,   -1,   -2,   -4,  -15,  -15,    4,    4,
       4,   -1,   -1,   -1,   -1,    4,    4,   -9,   -9,   -5,   -9,   -9,  -14,   28,   -5,   -2,
      -2,   -9,   -9,   -9,  -14,  -14,  -14,  -14,   -9,   -9,  -24,  -24,  -27,    1,  -33,    9,
      -5,   -5,   -5,   -3,   -4,   -3,   14,    5,   -2,  -47,   -3,   -3,   -3,   -3,   -3,  -24,
     -14,   10,   -8,  -28,  -12,  -20,   -8,   -8,   -8,  -12,   -5,   -8,   -9,    7,  -23,   -9,
     -17,  -33,  -28,  -25,  -20,    5,  -33,   -2,   -5,  -13,   -7,   13,   -5,   -8,  -18,  -25,
       2,  -25,    3,   -2,   -2,   -2,  -13,  -13,  -13,  -13,   -2,   -2,   -5,  -29,  -32,    9,
      -5,   19,    5,    2,  -12,   -5,    5,   17,   -4,  -19,  -19,   -8,   -5,   -7,    5,    5,
      -5,    9,   -4,   -5,   -8,   -2,   -8,   -4,    5,    5,    5,    5,  -28,  -12,  -20,   -8,
      -8,   -8,  -12,   -5,   -8,   -9,    7,  -23,   -9,  -17,  -33,  -28,  -25,  -20,    5,  -33,
      -2,   -5,  -13,   -7,   -5,   -8,  -18,  -25,    2,  -25,    3,   -2,   -2,   -2,  -13,  -13,
     -13,  -13,   -2,   -2,   -5,  -29,  -32,  -48,    2,    5,    5,  -16,    2,   23,    3,  -20,
     -12,  -44,   -8,   18,    9,  -15,  -22,    4,  -11,  -10,  -14,  -16,  -19,   -9,  -15,   -9,
     -25,  -15,  -15,  -15,  -22,  -22,  -22,  -22,  -14,  -15,  -15,   -4,   -9,    9,    9,    9,
      -2,   -6,    5,    2,   -5,    2,   -5,  -12,   -8,    9,   -3,   -4,   -9,    2,   -5,   -7,
      -3,  -12,   -8,   -2,    7,    7,   -7,   -5,    5,   -5,   -4,   -2,  -17,   -8,    7,   -4,
     -18,    9,    9,   -5,   -4,   -5,   -2,    5,   -5,  -20,  -18,   -9,   -6,  -12,    5,   -9,
      -5,   -2,   -8,   -6,   -5,   -5,   -2,    5,    5,   -6,   -2,  -13,    5,   -1,   -2,   -7,
      -7,  -13,   -2,   -5,  -10,   -2,   -2,   -2,   -2,    5,   -5,   18,   14,    5,   -9,    1,
      -9,  -19,    3,    5,    2,    7,  -20,    3,   14,   -9,    2,    5,    5,    1,   23,    5,
       5,    5,    5,   -9,    1,    5,   -9,   -2,    9,   -3,    9,   -1,   -3,  -14,   -2,   -2,
      -4,   -4,   -5,  -14,   -2,  -22,   -3,   -4,   -6,   -3,   -3,   -3,   -3,    9,   -6,   -6,
      -1,    1,  -19,   -2,   -6,   -9,   -5,   -1,    2,   -5,    2,   -2,  -15,    5,   -5,   -9,
       5,    5,    5,    5,   -3,    5,  -14,  -13,   -8,  -20,   -2,   -3,   -2,   -3,   -2,   -2,
      -2,   -2,   -8,   -1,   -8,  -24,    4,   -8,   -1,  -27,  -14,   -7,    5,  -27,    6,    4,
      -5,   -4,  -18,   -7,   -5,   -7,    1,    5,    4,    4,    4,    4,    4,   -5,   -8,  -24,
      -8,   -9,  -42,    1,   -5,    1,    5,  -24,   -7,   10,  -17,   -6,  -13,  -29,  -23,  -26,
     -19,    7,  -31,  -31,   -2,   -4,  -13,   -7,   -7,   -3,   -6,   -3,  -14,  -13,  -20,  -20,
     -21,   -5,   -2,   -2,   -2,  -13,   -3,   -3,   -3,  -13,  -13,  -13,   -2,   -2,   -4,   -3,
      -3,  -42,  -45,    1,   -5,  -13,    7,   -2,    7,   -5,    1,   -2,    3,   -4,    3,   -5,
      -9,  -13,  -11,   -9,  -20,    1,   -7,    1,    1,   -2,   -1,   -1,   -2,   -2,    2,    5,
      -4,    1,    1,    1,    1,   -1,   -1,   -1,    1,    1,    1,    1,    1,   -1,   -1,   -3,
      -6,    7,   -1,   -6,  -11,    9,   -5,    9,    6,   -6,    4,  -10,    1,    3,   -8,   -7,
       1,  -16,   11,    5,    1,   -3,    1,    3,    1,   -2,   -1,   -4,    5,   -4,    4,    5,
      -5,   -8,    1,    5,    5,    5,    1,    1,    1,    1,    5,    5,   -6,   -6,    9,   -8,
      -2,    5,   -5,   -9,   -5,    5,   -5,  -12,  -19,    3,   -1,  -14,    5,   -5,  -15,  -20,
     -12,   -8,  -29,  -12,  -26,   -5,    8,    2,   -2,   -4,   -4,   -2,  -14,    8,    8,    8,
       2,    2,    2,    2,    8,    8,   -8,   -8,   -5,   -5,   -2,   -2,   -8,  -12,   -1,   -4,
       5,   -7,   -6,   -2,   -2,   -5,   -5,   -5,    5,   -5,   -7,   -7,   -7,   -7,   -5,   -2,
      -4,  -23,  -23,  -27,   -2,   -2,    1,  -19,   -3,  -22,   -8,   -4,    2,   -2,   -2,    5,
       5,  -37,   -4,   -4,   -4,    2,    9,   14,   14,    2,    2,    2,   -4,   -4,   14,  -23,
       4,  -19,  -19,   -5,  -14,  -19,  -13,  -25,   -3,   -3,   -3,   -7,   -7,   -9,  -14,   -5,
     -14,  -10,   -9,   -9,   -5,   -5,   -5,  -14,  -14,  -14,  -14,   -5,   -5,  -13,  -13,   -9,
      -9,   -2,   -2,    6,   -3,   -8,    6,    6,    6,    6,    6,  -13,   -9,   -9,   -8,   -6,
      -9,   -6,   -8,  -12,    7,  -22,  -11,   -5,  -14,   -7,  -10,    5,   -1,   -6,  -26,  -22,
     -11,  -12,   -8,  -19,  -19,  -19,    9,  -19,   -9,   -9,   -6,   -6,   -6,  -26,  -11,  -11,
     -11,  -26,  -26,  -26,   -6,   -6,  -11,  -11,   -5,  -12,   -6,   -9,  -42,  -42,   -8,  -28,
      -7,    4,  -21,   -4,   -9,  -33,  -14,  -34,  -24,  -43,    1,   -2,   -9,   -2,   -5,   -3,
      -2,   -5,   -3,   -6,   -8,   -8,  -15,  -23,   -9,    1,    1,    1,   -9,   -3,   -3,   -3,
      -9,   -9,   -9,    1,    1,   -2,   -3,   -3,  -65,  -56,   -9,  -14,   -2,    6,   -5,   -4,
     -23,    6,  -23,  -23,    6,  -16,    3,  -36,   -2,   -2,   -6,  -15,  -12,   -5,   -9,    6,
       1,    7,    8,    2,    3,   -1,    7,   -2,    7,    9,   -4,    5,  -42,    6,    6,    6,
       1,    8,    8,    8,    1,    1,    1,    6,    6,    8,    8,    1,   -6,  -23,   -2,    5,
      -5,   -9,   11,    5,   11,   -7,  -19,    3,   17,  -14,    5,   -5,  -15,  -20,  -12,    5,
     -29,  -13,  -26,   -5,    8,    2,    9,   -2,   -4,   -4,   -2,    8,    8,    8,    8,    2,
       2,    2,    2,    8,    8,   -8,   -8,   11,   -7,   -4,   -8,   -4,    5,    3,   -1,  -10,
      -7,   -5,  -10,   -7,   -1,  -14,  -11,    8,    4,    7,    2,   -2,   -2,   -2,    9,   -5,
       8,    8,    8,    4,    4,    4,    4,    8,    8,   -4,   -6,   -4,    5,    1,    5,  -13,
       8,    6,    8,   -5,   -9,   -1,    3,   -4,    1,  -11,  -14,   -7,    5,  -19,    5,  -10,
       4,   -2,   -5,   -2,   -2,   -3,  -11,   -1,  -12,    5,  -12,    5,    5,  -15,    4,    4,
       4,   -2,   -2,   -2,   -2,   -2,   -2,   -2,   -3,    4,    4,   -2,   -2,  -13,  -13,    8,
      -9,   14,  -21,    9,  -33,  -19,  -33,  -47,  -14,  -14,    9,   -8,  -20,   -8,  -43,   -1,
       9,    9,    9,    4,   14,   18,  -27,  -33,  -33,  -14,  -19,  -15,  -19,  -13,  -23,  -13,
     -19,   14,  -33,   -1,  -38,  -41,  -41,  -45,  -33,   19,   28,   28,  -56,  -52,  -56,  -19,
     -45,  -46,   14,   23,   14,  -33,   -9,    9,  -18,   -4,   -9,   -9,   -9,  -19,   -7,   -7,
       7,  -14,  -27,    3,    9,    7,    1,   14,   -6,  -10,   -6,    8,  -13,  -12,   -8,    1,
      -9,   -5,   -3,   -5,    2,   14,  -19,   -5,  -33,   -7,  -12,  -12,  -10,    8,   25,   30,
     -10,  -10,  -10,  -12,   -6,   -6,    3,   21,    8,    2,    2,   -9,   -9,    9,   -9,   -4,
      -9,    2,   -9,   -9,   -7,   -7,    7,  -10,  -22,    2,    9,    1,   -2,   10,    3,   -6,
      -6,   -1,   -1,    2,    1,   -5,    1,    2,    9,  -14,    5,  -28,    3,    3,    3,   -6,
      14,   18,   18,   -6,   -6,   -6,   -1,    3,    3,    3,   18,    2,    2,   -9,   -8,   -2,
       1,  -14,    1,   -9,    7,  -13,   -7,   -6,    4,    1,   -2,    7,   -8,  -21,   -9,   -2,
      -3,   -6,   -8,   -7,   -7,  -14,   -5,   -8,   -8,   -8,  -21,   -2,   -2,   -2,  -21,  -21,
     -21,   -8,   -8,   -2,   -2,   -6,   -3,    1,  -14,  -23,    1,  -34,    3,  -34,  -46,   -8,
      -8,    1,   -1,  -20,   -4,  -41,    1,   14,   14,   10,    7,   20,    9,  -18,  -23,  -24,
     -17,  -21,  -16,   -3,  -17,  -10,   -7,  -10,  -12,   14,  -29,  -15,  -57,  -18,  -29,  -34,
     -47,   14,   18,  -23,  -23,  -47,  -21,  -18,  -18,    2,   18,    5,    2,  -34,   -6,   -2,
      -5,   -2,    1,   -8,  -14,    1,   -3,  -13,   -4,   -1,   -2,   -4,   -6,   -2,   -2,    9,
     -14,  -13,  -13,  -13,  -13,   -1,   -3,   -2,   -9,   14,   -5,   -3,   -3,   27,   -4,   -2,
      -2,   -2,   -3,   -3,   -3,   -3,  -14,  -12,   -5,  -13,   -6,   -8,  -13,   -8,  -12,   -9,
     -29,  -10,  -47,  -23,  -31,  -19,  -57,   -2,   -8,  -13,   -6,  -10,  -11,   14,   -8,   -4,
      -8,   -9,  -22,  -22,   -2,   -2,   -2,  -13,  -11,  -11,  -11,  -13,  -13,  -13,   -2,   -2,
      -8,  -11,  -11,    8,   16,   -2,  -19,   -4,   -9,  -14,   -5,  -29,   -3,  -33,  -17,   -9,
     -22,  -36,   -5,   -4,   -7,   -3,   -8,   -9,   -4,  -13,  -13,   -6,   -4,   -3,   -3,   -3,
      -4,   -4,   -4,   -3,   -3,  -21,  -23,    2,   -4,    2,  -14,  -20,    3,    5,    3,    2,
     -23,    5,   -4,  -47,   -5,  -21,  -16,   -6,  -38,    2,  -34,   -3,    5,    1,   -5,   -4,
      -3,  -11,  -12,  -10,  -12,   -7,   -5,   -9,  -10,    5,    5,    5,    1,   -4,   -4,   -4,
       1,    1,    1,    5,    5,   -4,   -4,  -25,  -17,    3,    2,    4,   -5,   -9,    6,    6,
       9,   -8,    5,   -2,   -8,    6,    6,  -14,    9,    1,   -8,  -39,  -13,  -12,    8,  -22,
       5,  -14,    3,    7,   -5,    3,    7,   -6,    3,   -6,    5,   -2,   -5,   -5,    3,    3,
       3,   -5,   -5,   -5,   -5,    3,    3,    7,   -6,   -5,    6,    2,  -14,    5,  -14,  -14,
       5,    5,    5,    5,  -23,    5,  -36,  -21,  -16,  -41,  -32,   -1,    3,   -7,    2,   -4,
      -9,   -6,   -9,   -3,   -5,    3,    3,    3,    3,    3,  -15,  -15,    5,   14,    2,   18,
     -16,   -9,  -16,   -9,    7,   -4,   -9,    3,   -5,    5,   -4,    3,    5,   -2,    5,    7,
       5,    5,   -4,   -4,   -4,   -9,    5,   19,   23,   -9,   -9,   -9,   -4,   -4,    5,   23,
       5,    5,   20,  -16,    5,   -9,   -5,  -14,  -17,   10,   -2,   -2,   -6,  -20,  -28,  -13,
      -8,  -14,  -31,   -2,   -2,  -13,  -15,  -15,   -5,   -2,   -2,   -2,   -2,   -2,  -26,  -24,
       7,  -14,   -9,   -5,  -16,   -5,   -2,   -2,   -5,   -8,   -6,  -26,   -6,   -5,  -10,   -7,
      -4,  -15,   -5,   -5,   -1,   -4,   -1,   10,   -1,    5,  -13,   -6,   -2,   -4,   -4,   -4,
     -15,   -5,   -5,   -5,  -15,  -15,  -15,   -4,   -4,   -5,   -5,   -4,   -4,   -5,   -6,   -6,
       5,    5,   -5,   -5,   -1,   -6,   -3,   -6,  -17,    6,   -2,   -3,   -6,    3,   -2,   -3,
      -2,   -3,   -6,   -6,   -5,   -5,   -5,    6,    6,    6,   -3,    3,    3,    3,   -3,   -3,
      -3,    6,    6,   -2,    3,    3,   -6,   -2,    5,   -5,   30,   -9,   15,   23,   14,   -5,
      -4,  -19,   -6,   -1,  -13,    7,  -17,   41,   19,   -3,   63,    7,   -6,   -1,   -1,   11,
      -3,   28,    7,   25,   -9,   -6,    9,   -9,   23,    5,  -30,  -30,   -1,    5,    5,   -4,
      -1,   -5,   -7,   -6,   -5,    5,   -6,   13,   -5,   14,    5,    5,    5,    1,   10,    5,
       7,   -1,    7,    5,    2,   -5,   -5,   -5,   -6,   14,   14,   14,   -6,   -6,   -6,    5,
      -5,   -5,    5,   14,   14,    9,   13,  -30,   -9,    5,   -9,    6,   -2,    6,    5,    5,
       5,  -21,   -4,    5,   -5,    1,   -4,  -27,   -5,  -13,   -7,    4,  -20,  -19,    1,   -2,
      -6,   -5,   -1,   -8,   -1,   -8,    2,   -5,   -4,    1,    1,    1,   -2,   -5,   -5,   -5,
      -2,   -2,   -2,    1,    1,   -5,   -5,  -22,  -15,    6,    9,   -4,    5,   -5,   -5,    1,
       1,   -8,    2,   -1,    2,    4,    3,   -5,    2,   -2,    2,   -2,    5,   -5,    2,    2,
       2,   -1,    3,    3,    3,   -1,   -1,   -1,    2,    2,    3,    3,   -6,   -1,   -9,   -5,
     -19,   -6,   -1,  -13,  -17,   -2,   -2,   -5,   -2,    3,   -2,   -7,  -15,   -2,  -15,   -9,
       2,    2,   -1,    5,  -10,    3,  -10,   -5,   -2,   -6,   -8,   -6,   -9,   -1,    2,   10,
      -3,    9,   -1,    5,   12,   12,    9,    5,   -1,   -1,   -1,    2,    9,    9,    9,    2,
       2,    2,   -1,   -1,    9,    9,    8,  -15,    4,   -5,   -9,   -6,   -2,   -6,    1,    1,
      -2,    5,  -23,   -6,  -16,   -3,   -1,  -10,    2,   -5,   -2,   12,    5,   -5,    5,   -1,
      -1,   -1,  -10,  -10,  -10,  -10,   -1,   -1,   -2,   -2,   -6,    5,    1,   -3,    1,   -3,
       5,  -19,   -5,  -15,   -7,    1,   -7,    5,    5,    5,    5,    5,   -5,    5,    1,    1,
       1,   -7,   -7,   -7,   -7,    1,    1,   -4,   -5,    1,   11,   -4,   -5,  -20,   -5,  -20,
     -14,  -20,    1,    2,   19,   -2,   -2,   -2,    1,    1,    1,    2,    2,    2,    2,    1,
       1,   -8,   -4,   -2,   -5,   -5,    1,    6,    7,    2,    5,    9,   16,    9,    6,  -14,
     -14,   -9,  -14,   11,   13,    5,    5,   -5,    6,    5,   -2,   -8,   -6,   -3,   -6,    9,
      14,   13,   13,   13,    5,    5,    5,    5,   13,   13,    5,   -6,   -1,  -15,   -5,  -24,
      -4,  -12,   -1,   -4,   -5,   -2,   -2,    3,   -4,   -4,   -4,  -12,  -12,  -12,  -12,   -4,
      -4,   14,   23,    3,   -9,   -9,   -9,  -11,    5,   -6,   -6,  -10,   -5,  -10,   -5,    5,
       5,    5,    5,    5,  -38,  -19,  -14,  -14,  -38,  -14,   -9,   -5,   -5,   -5,   -5,   -5,
      -5,    1,   -9,   -9,   -9,   -9,  -14,  -25,  -14,   -7,  -34,  -15,  -22,  -23,  -39,   -1,
      -9,   -5,  -23,  -10,  -10,  -14,   28,   -5,  -12,   -8,   -8,  -15,  -27,   -3,  -44,   -3,
      -6,   -9,   -9,   -9,  -23,  -14,  -14,  -14,  -23,  -23,  -23,   -9,   -9,   -5,  -14,  -11,
     -14,  -21,  -19,  -11,    6,   11,    6,  -15,  -15,    7,    1,    5,  -19,  -11,  -20,    7,
       5,   -2,   -1,   -4,   -4,   -6,   -4,    2,    6,  -24,    7,    7,    7,    5,   -2,   -2,
      -2,    5,    5,    5,    7,    7,   -2,   -2,   -6,   -8,    6,    6,    2,  -15,   -6,   -2,
     -20,   -1,   -1,   -9,   -2,  -13,  -11,    7,    8,    7,    5,    5,    5,    5,    5,    5,
       8,    4,    5,    5,   14,    5,  -13,   -2,   -2,    3,   -5,   -5,   -5,    5,    5,   -7,
      -9,   -9,    3,    5,  -14,    5,   -3,   -4,   -6,   -6,   -6,   -5,   -5,    5,    5,    5,
      -3,   -3,   -3,    5,    5,   -3,   -3,   -8,   -9,   -2,   -5,   -8,  -24,   -8,  -15,  -42,
       1,   -5,    1,    5,  -24,   -7,   10,  -17,   -6,  -13,  -29,  -23,  -26,  -19,    7,  -31,
     -31,   -2,   -4,  -13,   -7,   -7,   -3,   33,   -6,   -3,  -14,  -13,  -20,  -20,  -21,   -5,
      -2,   -2,   -2,  -13,   -3,   -3,   -3,  -13,  -13,  -13,   -2,   -2,   -4,   -3,   -3,  -42,
     -45,    1,   -2,  -19,   -4,   -9,  -14,   -5,  -29,   -3,  -33,  -17,   -9,  -22,  -36,   -5,
      -4,   -7,   -3,   17,   -8,   -9,   -4,  -13,  -13,   -6,   -4,   -3,   -3,   -3,   -4,   -4,
      -4,   -3,   -3,  -21,  -23,    8,  -28,    6,    1,  -33,  -33,  -33,  -33,    3,    3,    7,
     -25,   13,    2,  -33,  -16,    1,  -22,   -5,  -24,    1,    1,   -9,   -9,  -14,   -9,   -2,
      -2,  -33,  -33,  -33,  -16,  -16,  -16,  -22,  -22,  -22,  -22,   -8,  -16,  -16,    1,    7,
       7,  -33,  -33,    7,   -5,   -2,   -2,   -8,  -12,   -1,   -4,    5,   -7,   -6,   19,   -2,
      -2,   -5,   -5,   -5,    5,   -5,   -7,   -7,   -7,   -7,   -5,   -2,    5,    8,  -14,   -5,
     -14,  -10,   13,   -9,   -9,   -5,   -5,   -5,  -14,  -14,  -14,  -14,   -5,   -5,   -6,    5,
       5,   -5,   -5,   -1,   -6,   -3,   -6,  -17,    6,   -2,   -3,   -6,    3,   19,   -2,   -3,
      -2,   -3,   -6,   -6,   -5,   -5,   -5,    6,    6,    6,   -3,    3,    3,    3,   -3,   -3,
      -3,    6,    6,   -2,    3,    3,   -6,   -2,    5,   -5,    1,    6,  -19,    1,   -1,  -24,
     -24,  -24,  -22,    5,    5,    7,  -19,   13,    2,   -7,  -15,  -20,   -5,  -22,  -10,   -2,
     -11,  -13,   -1,   -1,   -1,  -24,  -24,  -24,  -15,  -15,  -15,  -20,  -20,  -20,  -20,  -15,
     -15,    3,    6,  -24,    2,   -4,    2,  -14,  -20,    3,    5,    3,    2,  -23,    5,   -4,
     -47,   -5,  -21,  -16,   -6,  -38,    2,  -63,   -3,    5,    1,   -5,   -4,   -3,  -11,  -12,
     -10,  -12,   -7,   -5,   -9,  -10,    5,    5,    5,    1,   -4,   -4,   -4,    1,    1,    1,
       5,    5,   -4,   -4,  -25,  -17,    3,   -9,    9,   -4,    5,   -5,   -5,    1,    1,   -8,
       2,   -1,    2,    4,    3,   20,   -5,    2,   -2,    2,   -2,    5,   -5,    2,    2,    2,
      -1,    3,    3,    3,   -1,   -1,   -1,    2,    2,    3,    3,   -6,   -1,    9,   -4,    5,
      -5,   -5,    1,    1,   -4,    5,    2,   -1,    2,    4,    3,    5,   -5,    2,   -2,    2,
      -2,    5,   -5,    2,    2,    2,   -1,    3,    3,    3,   -1,   -1,   -1,    2,    2,    3,
       3,   -6,   -1,   -9,   -5,  -19,   -6,   -1,  -13,  -17,    9,   -2,   -2,    9,   -4,    5,
      -5,   -5,    1,    1,   -8,    2,   -1,    2,    4,    3,   19,   -5,    2,   -2,    2,   -2,
       5,   -5,    2,    2,    2,   -1,    3,    3,    3,   -1,   -1,   -1,    2,    2,    3,    3,
      -6,   -1,  -23,  -23,  -31,    5,  -38,   -3,    8,   -2,   -2,   -5,   -3,   -5,   -3,  -13,
      14,    2,    2,  -12,   14,    2,    6,   -1,    6,   -2,  -25,  -50,   -3,   -3,   -3,  -13,
     -13,  -13,  -13,    2,   -3,   -3,  -23,  -23,  -23,  -25,  -14,  -65,   -7,   14,   -3,   -1,
      -6,   -3,   -3,  -11,  -15,   10,  -14,   -2,    4,  -15,    2,    2,    2,    2,    2,  -25,
     -45,  -11,  -11,  -11,  -15,  -15,  -15,  -15,    4,  -11,  -11,  -23,   -9,   -9,   -9,  -11,
       5,   -6,   -6,   -9,   -9,    5,    5,    5,    5,    5,   -5,   -5,    5,   -2,    1,   -3,
      -8,   -8,
};

static const EpdFontData atkinson_hn_14_italic = {
    atkinson_hn_14_italicBitmaps,
    atkinson_hn_14_italicGlyphs,
    atkinson_hn_14_italicIntervals,
    51,
    35,
    24,
    -8,
    true,
    atkinson_hn_14_italicGroups,
    9,
    nullptr,
    nullptr,  // kernLeftClasses: built-in fonts use the split arrays below
    nullptr,  // kernRightClasses
    atkinson_hn_14_italicKernLeftCodepoints,
    atkinson_hn_14_italicKernLeftClassIds,
    atkinson_hn_14_italicKernRightCodepoints,
    atkinson_hn_14_italicKernRightClassIds,
    nullptr,  // kernMatrix: built-in fonts use the sparse form below
    atkinson_hn_14_italicKernRowOffsets,
    atkinson_hn_14_italicKernSparseCols,
    atkinson_hn_14_italicKernSparseValues,
    259,
    257,
    104,
    97,
    nullptr,
    0,
};
