/**
 * generated by fontconvert.py
 * name: notosans_18_italic
 * size: 18
 * mode: 2-bit  compressed: true
 * Command used: fontconvert.py notosans_18_italic 18 ../builtinFonts/source/AtkinsonHyperlegibleNext/AtkinsonHyperlegibleNext-RegularItalic.otf ../builtinFonts/source/NotoSansHebrew/NotoSansHebrew-Regular.ttf ../builtinFonts/source/NotoSansArabic/NotoSansArabic-Regular.ttf --2bit --compress --pnum --zopfli
 */
#pragma once
#include "EpdFontData.h"

static const uint8_t notosans_18_italicBitmaps[14709] = {
    0xAD, 0x5A, 0x47, 0xB4, 0xE4, 0x3A, 0x5A, 0xFE, 0x6D, 0x31, 0xCF, 0x07, 0x7C, 0x0E, 0x22, 0x67,
    0x30, 0x69, 0x33, 0xD1, 0x4B, 0xE2, 0x7B, 0x32, 0x39, 0x67, 0x58, 0xB3, 0x66, 0x43, 0xCE, 0xF4,
    0x8C, 0x4D, 0x5E, 0x32, 0x2B, 0xB6, 0xE4, 0x1C, 0x77, 0xA4, 0x9E, 0xB6, 0xC8, 0x19, 0xFC, 0x60,
    0x47, 0x6A, 0x93, 0x97, 0x08, 0x9E, 0x39, 0xE3, 0x43, 0xCB, 0xFE, 0xD1, 0xF7, 0xC9, 0x75, 0x7D,
    0xEB, 0xBE, 0x8E, 0x07, 0xAA, 0xBB, 0x3E, 0x95, 0x5D, 0xD2, 0x9F, 0xFC, 0x27, 0x95, 0xAE, 0xD8,
    0x49, 0x1A, 0x2F, 0xAD, 0x17, 0x97, 0xFE, 0x0F, 0xE2, 0x3A, 0xE9, 0x45, 0x46, 0x91, 0x5D, 0x64,
    0x13, 0x89, 0xFC, 0xBF, 0x4A, 0xB1, 0x48, 0x19, 0xC4, 0xA4, 0xFF, 0xB3, 0x18, 0x2F, 0x37, 0xAF,
    0x36, 0x4D, 0xF7, 0x32, 0x4E, 0xC0, 0xF4, 0xB9, 0xF9, 0xDD, 0xD0, 0x7E, 0x6F, 0x68, 0xAB, 0xD9,
    0xD5, 0xDE, 0x59, 0xFF, 0xB2, 0x1D, 0x3E, 0xD5, 0x76, 0xF7, 0xAC, 0xBC, 0xCF, 0x1B, 0x44, 0xA4,
    0x88, 0x66, 0x49, 0x83, 0x59, 0x4C, 0xC0, 0x10, 0xEA, 0x39, 0x0D, 0xF5, 0x6C, 0x41, 0xCE, 0x7A,
    0x0E, 0x8D, 0x6F, 0x07, 0x11, 0xA7, 0xE9, 0xD5, 0xC9, 0x88, 0x41, 0x44, 0x39, 0x40, 0x9A, 0x08,
    0x8E, 0xB1, 0x88, 0x8F, 0xA1, 0x55, 0x61, 0xA8, 0x6E, 0x93, 0x6C, 0xB1, 0xCC, 0x93, 0x16, 0x07,
    0x92, 0x14, 0x07, 0xED, 0x24, 0xC1, 0x26, 0xB7, 0x48, 0x96, 0x6B, 0xC2, 0x72, 0x3D, 0x68, 0x61,
    0xC0, 0xEB, 0x53, 0x89, 0xF7, 0x88, 0xBF, 0xCE, 0x55, 0x7B, 0x27, 0x52, 0xA9, 0x06, 0x8A, 0xB8,
    0x89, 0xE8, 0xAB, 0xFF, 0xAE, 0x52, 0xEC, 0xE5, 0x34, 0x7A, 0x13, 0x8D, 0x7F, 0x45, 0xCC, 0x0A,
    0xE3, 0x1C, 0x18, 0xAB, 0x21, 0xE1, 0x5E, 0x77, 0x22, 0x85, 0x3E, 0x04, 0x81, 0x51, 0x3B, 0x28,
    0xA9, 0x0B, 0xD8, 0x29, 0x2F, 0x9C, 0x42, 0xE4, 0x97, 0xC7, 0x05, 0x0C, 0x6D, 0x04, 0x9A, 0x08,
    0x86, 0xC5, 0x26, 0xEF, 0x21, 0x8B, 0x6C, 0xF2, 0x40, 0x42, 0x52, 0x59, 0x25, 0xA4, 0xFB, 0xEE,
    0xD5, 0x50, 0x2F, 0x89, 0xC0, 0xDC, 0xCF, 0x62, 0x54, 0x75, 0x10, 0xE9, 0x21, 0x48, 0xBA, 0x78,
    0x27, 0x0C, 0xC0, 0x27, 0x53, 0x0F, 0x40, 0xDB, 0x51, 0xE4, 0xAC, 0x8B, 0xD1, 0x1D, 0xBC, 0x06,
    0xCB, 0x25, 0xBB, 0xB4, 0x53, 0xEB, 0x05, 0xF4, 0xA4, 0x0E, 0x62, 0x83, 0xF4, 0x62, 0x02, 0x1C,
    0xE0, 0x01, 0x46, 0x15, 0x79, 0x57, 0x1A, 0xCB, 0x28, 0xF2, 0x8E, 0x34, 0xA6, 0x19, 0x9C, 0xD7,
    0x78, 0xC1, 0xBA, 0xA9, 0xEF, 0x44, 0xAC, 0xEA, 0x77, 0x67, 0xB6, 0xBB, 0x59, 0x32, 0x1F, 0x3B,
    0xB7, 0xAB, 0x90, 0x49, 0x56, 0x4C, 0x8D, 0xEA, 0x04, 0x2B, 0xD8, 0x25, 0x31, 0x48, 0x4C, 0xAC,
    0x37, 0xAB, 0x88, 0xC3, 0x13, 0x8E, 0xF0, 0x30, 0xD7, 0xA5, 0xB1, 0x8C, 0x79, 0xAC, 0x16, 0xE1,
    0xFD, 0x66, 0x12, 0xCE, 0x4B, 0x4C, 0xB8, 0x6E, 0x17, 0x01, 0x1D, 0xAC, 0x14, 0xD0, 0xA5, 0xCF,
    0x45, 0x9A, 0x6F, 0xA2, 0x29, 0xF1, 0xB9, 0xA7, 0x7F, 0xA8, 0x68, 0x27, 0x45, 0xA2, 0x37, 0x90,
    0xAA, 0x27, 0x0E, 0xBC, 0x23, 0xD0, 0x19, 0x16, 0x18, 0xEB, 0x78, 0xD8, 0x9C, 0xF6, 0xC7, 0xC7,
    0x45, 0xBE, 0xAA, 0xD0, 0x47, 0x51, 0xB6, 0x4A, 0xCB, 0xBD, 0x48, 0xD2, 0x8A, 0x7E, 0xC6, 0xEA,
    0x66, 0xE9, 0xFF, 0x30, 0x20, 0x22, 0xFE, 0x23, 0x24, 0x1A, 0x56, 0x7D, 0x12, 0xA8, 0xD6, 0xCE,
    0x75, 0x62, 0x94, 0x54, 0x13, 0x4E, 0xE9, 0x8E, 0x6F, 0x92, 0xAC, 0x3A, 0xD7, 0xAA, 0xFA, 0x43,
    0xA1, 0x50, 0xDD, 0xAA, 0xA4, 0x03, 0x9E, 0x05, 0x3C, 0xB9, 0x15, 0x27, 0x4E, 0x5E, 0x4E, 0x8E,
    0x74, 0x4F, 0xDE, 0x47, 0xA0, 0x3B, 0x23, 0x0B, 0x0E, 0x0C, 0xAB, 0xC1, 0x2C, 0x30, 0xAA, 0xEB,
    0x78, 0x5B, 0xB6, 0xF3, 0x2B, 0xB8, 0x20, 0xEC, 0x6E, 0x27, 0x84, 0x06, 0xA7, 0xC1, 0x3E, 0x9C,
    0xCA, 0xB7, 0x3C, 0xE1, 0xCD, 0xEF, 0x39, 0x17, 0x6B, 0xB0, 0x96, 0x34, 0x10, 0x17, 0x0C, 0x11,
    0x06, 0x0F, 0xDE, 0x1B, 0xAC, 0xF1, 0x98, 0xD5, 0x2D, 0x57, 0x5F, 0xBF, 0xDD, 0x70, 0xC5, 0x95,
    0x21, 0xF4, 0x80, 0x34, 0x48, 0xAB, 0x3C, 0x84, 0xAE, 0x28, 0xF0, 0xB5, 0x4E, 0xF8, 0x6A, 0xA5,
    0x2E, 0xBC, 0x0D, 0xDF, 0x41, 0x0A, 0x11, 0xE3, 0xE9, 0xAD, 0x1F, 0x55, 0x23, 0x34, 0xFF, 0x76,
    0xAA, 0x55, 0x67, 0x19, 0xF7, 0x4E, 0xD4, 0x8B, 0x79, 0x34, 0x89, 0xFD, 0xE7, 0x20, 0x76, 0x58,
    0xE4, 0x25, 0xA1, 0x77, 0x09, 0x89, 0x53, 0x0D, 0xB2, 0xA0, 0x62, 0x04, 0x92, 0xA5, 0x94, 0xE4,
    0xC9, 0x30, 0xBF, 0x81, 0x9D, 0x59, 0x8C, 0x72, 0x52, 0x12, 0x6A, 0x4F, 0x71, 0x29, 0x14, 0xAD,
    0x4C, 0x30, 0xB3, 0x5D, 0x6D, 0xB4, 0x6B, 0x15, 0xCC, 0x5C, 0x7B, 0xDB, 0xBD, 0x4D, 0xDE, 0x22,
    0xA3, 0xEE, 0xAA, 0x9B, 0xD2, 0xC1, 0xEC, 0xE0, 0x66, 0x17, 0xDC, 0x4C, 0x5E, 0x72, 0xBD, 0xDE,
    0xCE, 0x14, 0x82, 0xFC, 0x69, 0x1B, 0x32, 0xBC, 0xB0, 0xA1, 0xD4, 0x9C, 0x76, 0x8A, 0x89, 0x19,
    0xFB, 0x15, 0x21, 0x2A, 0x67, 0xA7, 0x2B, 0x42, 0x23, 0x67, 0x90, 0xD0, 0x15, 0x2B, 0x12, 0x72,
    0x57, 0x84, 0x40, 0x19, 0x63, 0x09, 0x2B, 0x8A, 0xA5, 0xCC, 0x2E, 0x98, 0x4D, 0x10, 0x11, 0x9A,
    0x6E, 0x23, 0xAD, 0x1B, 0x45, 0x7E, 0xAF, 0x5F, 0x9B, 0xA5, 0xF5, 0x30, 0x6F, 0xE3, 0x9B, 0xDF,
    0x5E, 0x12, 0xB6, 0x3E, 0x26, 0x74, 0xC3, 0x7D, 0xA0, 0x38, 0x69, 0x13, 0xB6, 0xE2, 0x7C, 0x0F,
    0xAD, 0x87, 0x31, 0xF1, 0x73, 0xDD, 0x28, 0xD5, 0xD4, 0xCB, 0x28, 0x26, 0x68, 0xC2, 0x62, 0xD9,
    0xA0, 0xE6, 0xCE, 0xC0, 0x1A, 0x57, 0x56, 0x8D, 0x20, 0xED, 0x04, 0xFF, 0xB6, 0x4B, 0xA1, 0x03,
    0x72, 0x24, 0x9C, 0x59, 0x99, 0xE8, 0x9A, 0x1C, 0xB6, 0xAF, 0x40, 0x1B, 0x13, 0xDF, 0xA4, 0xB1,
    0xD7, 0x75, 0xD4, 0x05, 0x2A, 0x55, 0x81, 0xF9, 0x67, 0x86, 0xEE, 0xD6, 0x5F, 0xEA, 0x10, 0xA4,
    0x25, 0x69, 0x11, 0x3D, 0x8A, 0x50, 0xC1, 0x4C, 0x61, 0x56, 0xFA, 0x99, 0xD4, 0x0A, 0xF5, 0xA9,
    0x66, 0xC5, 0xDA, 0x60, 0x17, 0x81, 0x8E, 0xAC, 0x61, 0x7D, 0x87, 0x24, 0xD2, 0xD0, 0x9E, 0x34,
    0x28, 0xB0, 0x25, 0x3A, 0xE2, 0x08, 0x28, 0x14, 0x68, 0x22, 0xD0, 0x06, 0x7E, 0x39, 0xF1, 0x76,
    0x07, 0xFA, 0x1B, 0x6F, 0x30, 0x5E, 0xC8, 0xCA, 0xF2, 0x46, 0x4F, 0x77, 0xE1, 0x0C, 0xA6, 0x3A,
    0x16, 0xA8, 0xC8, 0xFA, 0xB4, 0x12, 0x17, 0xDC, 0xDB, 0x20, 0x9F, 0x4E, 0xE2, 0x70, 0xAD, 0xBE,
    0x8A, 0xC5, 0x2E, 0xC5, 0x06, 0x4E, 0xBB, 0xFC, 0xEA, 0xE9, 0x90, 0x50, 0xE9, 0x10, 0xA0, 0x0D,
    0x48, 0x61, 0x3E, 0xAF, 0x15, 0x05, 0xBC, 0x44, 0x2E, 0x94, 0x37, 0x3F, 0xF4, 0xD3, 0x8F, 0xC2,
    0x03, 0x80, 0x4A, 0xD2, 0x72, 0xEC, 0xD2, 0x14, 0x37, 0x27, 0xA1, 0x2D, 0x0C, 0x6E, 0x28, 0x41,
    0x7F, 0x64, 0x49, 0x0E, 0x46, 0xA9, 0x20, 0xD1, 0x11, 0xC9, 0xA3, 0xDC, 0x22, 0xE8, 0xFD, 0x37,
    0xB9, 0xFF, 0x15, 0x70, 0xFC, 0x8C, 0x15, 0xB7, 0x19, 0xC6, 0xAC, 0xA9, 0xCD, 0x54, 0x41, 0xAC,
    0x21, 0x31, 0x2D, 0x76, 0x08, 0x51, 0xAD, 0x6C, 0x15, 0x66, 0xB1, 0x47, 0x35, 0x9D, 0x89, 0x13,
    0xF1, 0xF0, 0x5A, 0xA0, 0x90, 0x0B, 0x71, 0x27, 0x6E, 0x44, 0x32, 0xE4, 0x4C, 0x7B, 0x22, 0x02,
    0x82, 0x6B, 0x4E, 0x7C, 0x70, 0x7B, 0xCD, 0x9B, 0x67, 0x7A, 0xD1, 0x26, 0x2C, 0x76, 0x3E, 0xE1,
    0x30, 0x4E, 0x52, 0x45, 0xD8, 0xA3, 0x08, 0x28, 0x1A, 0x8C, 0x20, 0x62, 0x3C, 0x3E, 0x9F, 0xB8,
    0x48, 0x4B, 0xA3, 0xB9, 0x0E, 0xF2, 0x67, 0xEF, 0x68, 0x02, 0x1E, 0x71, 0x4D, 0x9A, 0x25, 0xED,
    0x25, 0xAD, 0x76, 0x39, 0x82, 0xC8, 0x6B, 0x12, 0x8B, 0xDB, 0xED, 0x9C, 0xB8, 0xF4, 0x5D, 0xB1,
    0x52, 0x09, 0x12, 0xCF, 0xAE, 0x97, 0xE3, 0x30, 0x49, 0xD1, 0xFC, 0xA5, 0x6E, 0x6C, 0x32, 0x3A,
    0xB7, 0x17, 0xEA, 0xDD, 0x22, 0x6E, 0x76, 0x69, 0x75, 0xE8, 0x7D, 0x9A, 0x35, 0x22, 0xA8, 0x0F,
    0xE0, 0x25, 0xBE, 0xC0, 0x4A, 0xC7, 0x67, 0xE6, 0x65, 0x1C, 0x9A, 0xC5, 0x28, 0x83, 0x15, 0xCA,
    0xCD, 0x14, 0x80, 0xEE, 0xAC, 0x52, 0x13, 0x2D, 0x91, 0x4F, 0xEB, 0x54, 0xCA, 0x86, 0xD3, 0x9D,
    0xFB, 0x01, 0xA8, 0xA7, 0xF6, 0xD5, 0xAD, 0x29, 0x2E, 0x4F, 0xE9, 0xEE, 0x4C, 0xA9, 0x97, 0xBB,
    0x53, 0x46, 0x4C, 0x29, 0xF6, 0x5B, 0xE1, 0xC0, 0x29, 0xCD, 0x7C, 0x99, 0x42, 0xCA, 0x3B, 0x2E,
    0x50, 0x72, 0xD1, 0xFD, 0x98, 0xAD, 0x8A, 0xB0, 0x44, 0x84, 0x2F, 0x6C, 0x08, 0xB1, 0x77, 0x01,
    0xF8, 0x09, 0xF7, 0x4C, 0xCC, 0xC5, 0xBB, 0x3A, 0xE2, 0xA0, 0x2B, 0xE0, 0x28, 0x95, 0x76, 0x7D,
    0x48, 0xC4, 0xEB, 0xD8, 0x4E, 0x89, 0x55, 0x22, 0x5D, 0x6C, 0xC8, 0x63, 0x9B, 0xEB, 0xF2, 0xA7,
    0x32, 0xDD, 0xC3, 0x17, 0x33, 0x56, 0x47, 0xE9, 0x43, 0xC5, 0x87, 0xCE, 0x3C, 0x5E, 0xB3, 0x64,
    0x03, 0x5A, 0x5C, 0xA2, 0xF5, 0x31, 0xFA, 0xC3, 0xEA, 0xD3, 0xBC, 0x36, 0x34, 0x73, 0xD2, 0x0B,
    0x6B, 0x57, 0x07, 0x25, 0xFA, 0x0B, 0xAC, 0x63, 0x82, 0xA5, 0xC7, 0x03, 0x70, 0x1E, 0xB6, 0x47,
    0x9B, 0x6A, 0xB7, 0x24, 0x08, 0x2C, 0x8C, 0xA7, 0x1D, 0x41, 0x2F, 0x30, 0xFA, 0x0F, 0x53, 0x94,
    0x3B, 0xD4, 0x8D, 0xB0, 0x00, 0xEF, 0xFB, 0xC3, 0x7E, 0x66, 0x3B, 0x7C, 0x54, 0x07, 0x51, 0x0F,
    0x7C, 0x45, 0x9E, 0xFE, 0xB2, 0x83, 0xB8, 0x59, 0x5C, 0x00, 0xE6, 0x5A, 0x8C, 0x0B, 0x5E, 0xE3,
    0xF3, 0x53, 0x5F, 0x55, 0x10, 0xBB, 0x8A, 0x8D, 0xC0, 0x8A, 0x4D, 0x77, 0xED, 0xC5, 0x8A, 0xBC,
    0x4D, 0xE4, 0x2D, 0xC7, 0x0C, 0xE2, 0x78, 0x13, 0xDE, 0x85, 0xEE, 0xF4, 0x65, 0x14, 0x7A, 0xA6,
    0x90, 0x5E, 0x07, 0x98, 0x6D, 0xC1, 0xC7, 0x9D, 0x73, 0x27, 0x20, 0x6F, 0x1C, 0x3E, 0x5F, 0x5E,
    0x2E, 0x06, 0x5E, 0xAC, 0xE7, 0x05, 0x8A, 0x05, 0xCB, 0x0C, 0xD0, 0x30, 0x60, 0x54, 0xBD, 0x3D,
    0xF1, 0x31, 0xF2, 0x33, 0x11, 0x10, 0xF7, 0x23, 0x33, 0xCA, 0x8F, 0xDE, 0x4A, 0x03, 0x3A, 0x13,
    0x79, 0x61, 0x35, 0xCB, 0xB2, 0xDD, 0xBA, 0x18, 0x79, 0x51, 0x1F, 0xB2, 0x74, 0x14, 0x05, 0x7A,
    0x52, 0x2C, 0x36, 0xCE, 0x0D, 0x48, 0x18, 0xDD, 0xB2, 0x2B, 0x02, 0x57, 0x01, 0x76, 0xC0, 0xAF,
    0x07, 0x50, 0x31, 0xC4, 0x75, 0xC8, 0x81, 0xE5, 0x42, 0xA9, 0x82, 0x60, 0x13, 0xC5, 0xBC, 0xB7,
    0xDE, 0xAE, 0xD1, 0x7A, 0x89, 0x2C, 0x1B, 0x99, 0xDB, 0x0F, 0xA5, 0x1B, 0xDA, 0x6E, 0x3E, 0x12,
    0x68, 0x11, 0xAF, 0xA2, 0xBF, 0xF8, 0xD2, 0xEB, 0x27, 0xEC, 0x59, 0x26, 0xAE, 0xE0, 0xF2, 0x64,
    0xDF, 0x40, 0xA9, 0x3E, 0x5C, 0x49, 0x25, 0xD7, 0x86, 0x7A, 0xEF, 0x3E, 0x7C, 0x87, 0xAB, 0x31,
    0x74, 0x77, 0x4C, 0x46, 0x63, 0xFB, 0xA1, 0x9D, 0x09, 0xD5, 0x5C, 0xE9, 0x56, 0x2C, 0xD6, 0xB7,
    0xAA, 0x12, 0x9B, 0xAE, 0x7F, 0xE7, 0x28, 0xF7, 0x9D, 0x6C, 0xF2, 0x76, 0xB9, 0xFF, 0x4A, 0xB9,
    0xCA, 0x7D, 0xB9, 0xFF, 0x76, 0x83, 0x80, 0xBB, 0x7F, 0x8F, 0x43, 0xBC, 0x9F, 0x86, 0x55, 0x96,
    0x34, 0x60, 0x0B, 0x74, 0xCF, 0x2C, 0xF5, 0x5A, 0xCF, 0x2F, 0x97, 0x3A, 0xEA, 0xE8, 0x9D, 0xE8,
    0xDE, 0xAB, 0xB4, 0x5D, 0x8A, 0x8C, 0x85, 0x02, 0x5D, 0x12, 0x17, 0xDD, 0x98, 0x2F, 0xFD, 0x97,
    0x97, 0x06, 0xD6, 0xE6, 0x6C, 0x6F, 0x8A, 0x79, 0xEA, 0x77, 0x24, 0x02, 0xCE, 0x6D, 0xF6, 0x5B,
    0xC5, 0x63, 0x04, 0xEE, 0x3D, 0xA7, 0x38, 0x41, 0xAD, 0x80, 0x41, 0x6D, 0x80, 0xA3, 0xB4, 0x13,
    0x82, 0xC5, 0x79, 0xA0, 0x22, 0x45, 0x15, 0x3B, 0xFC, 0xDE, 0xB0, 0xA9, 0xAF, 0x57, 0x96, 0xF9,
    0x00, 0x64, 0x96, 0x94, 0x5E, 0xF1, 0x98, 0x14, 0x58, 0x00, 0x17, 0x30, 0xAD, 0x92, 0x1E, 0x08,
    0x5C, 0x1B, 0xC8, 0x61, 0x02, 0xF6, 0x03, 0x50, 0x2C, 0xAA, 0x2C, 0x50, 0x07, 0x88, 0xAD, 0x33,
    0x58, 0xF4, 0x21, 0x37, 0x1D, 0x40, 0xC3, 0x4E, 0x84, 0x7B, 0x07, 0x20, 0x93, 0x2F, 0x9E, 0xB2,
    0x25, 0x8E, 0x9E, 0x5C, 0xA4, 0x64, 0xB5, 0x36, 0xF4, 0x52, 0x13, 0x51, 0xF0, 0xF3, 0xAE, 0x04,
    0xB5, 0xA4, 0xF5, 0x35, 0x2B, 0x9F, 0x0D, 0xF8, 0x0C, 0x74, 0x1E, 0xE5, 0x57, 0x7D, 0xD2, 0xA0,
    0x52, 0x66, 0xFB, 0x8D, 0x1E, 0x1E, 0x88, 0x1D, 0x2D, 0x38, 0x5D, 0x6A, 0x94, 0xE5, 0x2D, 0xB7,
    0x15, 0xE9, 0x96, 0xA2, 0xD4, 0x94, 0x8A, 0x9C, 0x6C, 0x22, 0x1B, 0xCC, 0x40, 0x63, 0x12, 0x9D,
    0x27, 0xDE, 0x4A, 0xE2, 0xE3, 0x91, 0xA7, 0x9F, 0x8D, 0x9C, 0xCF, 0xB5, 0x9F, 0x28, 0x0E, 0xB2,
    0x75, 0x0D, 0xD4, 0xC1, 0xE6, 0xA4, 0x8D, 0xD4, 0x0E, 0x65, 0x9B, 0x8F, 0xB5, 0x62, 0x78, 0x5B,
    0xDD, 0x3B, 0x0E, 0x1A, 0x29, 0x2E, 0xBF, 0x6A, 0xFD, 0x07, 0x2B, 0xD5, 0x93, 0x96, 0xDA, 0x33,
    0xE3, 0x21, 0x05, 0xEF, 0x8C, 0x0E, 0x1A, 0x2C, 0x0F, 0x2A, 0xFC, 0xB8, 0x73, 0x28, 0x36, 0x0E,
    0x65, 0xE4, 0x77, 0xE6, 0x7A, 0x58, 0x59, 0x46, 0x60, 0x47, 0xC3, 0xEA, 0x70, 0xD4, 0x69, 0xBC,
    0x31, 0x20, 0xEB, 0xD1, 0x96, 0x6C, 0xCF, 0x54, 0x68, 0x4D, 0x70, 0x45, 0x6D, 0xE0, 0x90, 0xAB,
    0x17, 0xEF, 0x66, 0x6C, 0x80, 0x67, 0xEF, 0x76, 0xE2, 0x70, 0xD6, 0xB6, 0xF1, 0xAE, 0x85, 0x58,
    0x6B, 0x68, 0x08, 0x2F, 0x06, 0x78, 0xD5, 0x1A, 0x54, 0xCB, 0x19, 0x0C, 0xF6, 0x36, 0xCE, 0xC0,
    0x66, 0x02, 0x42, 0xB0, 0x95, 0x72, 0x2D, 0x44, 0xE8, 0x80, 0x5B, 0xC4, 0x85, 0x52, 0x85, 0x17,
    0x97, 0x8A, 0xCE, 0x47, 0x34, 0xC4, 0x17, 0x96, 0xEA, 0x75, 0xAC, 0x4E, 0xE7, 0xDB, 0xB3, 0x84,
    0x9E, 0xCE, 0x17, 0x44, 0x11, 0x12, 0x46, 0xF1, 0x20, 0xF0, 0x5C, 0xCB, 0xA7, 0x3B, 0xDF, 0x29,
    0xAC, 0x6A, 0x3C, 0x90, 0xBD, 0xBB, 0xB2, 0x10, 0x01, 0xED, 0x81, 0xE3, 0x80, 0xC6, 0x80, 0x61,
    0x3E, 0xB9, 0x1C, 0x18, 0x8B, 0x18, 0x94, 0x84, 0xEE, 0xEB, 0xD4, 0x43, 0xAF, 0x87, 0x83, 0x8C,
    0xBA, 0x35, 0xA8, 0x18, 0x13, 0x97, 0x50, 0x39, 0x3B, 0x53, 0x3B, 0x28, 0x62, 0x61, 0x3A, 0x0E,
    0x0E, 0xC3, 0x8C, 0x01, 0x5F, 0x38, 0x7A, 0x25, 0xCD, 0xC7, 0x84, 0xCD, 0x41, 0xA9, 0x2B, 0x87,
    0x9E, 0x4D, 0x04, 0x6D, 0x78, 0x1A, 0x71, 0xCF, 0x56, 0xDC, 0xB2, 0xF3, 0xC5, 0xD3, 0xF9, 0x38,
    0x58, 0x0C, 0xEB, 0x73, 0xC9, 0x00, 0xBD, 0xB2, 0x13, 0x1E, 0xEF, 0x4D, 0xC8, 0x75, 0x17, 0xFA,
    0x3C, 0x77, 0xB8, 0x97, 0xF7, 0x4A, 0x72, 0x64, 0x62, 0x2F, 0xEF, 0x89, 0xC2, 0x93, 0x1C, 0xDF,
    0x03, 0x04, 0xBE, 0x89, 0xA1, 0x9E, 0xBB, 0x84, 0xFC, 0x7E, 0xA6, 0xA7, 0x30, 0xD4, 0xC8, 0x15,
    0x7C, 0x81, 0x86, 0xF8, 0x0C, 0x7F, 0x99, 0x89, 0x97, 0x2D, 0x4F, 0x41, 0x39, 0x5C, 0x77, 0x41,
    0x7E, 0x50, 0xDC, 0x2C, 0xB8, 0x5D, 0xAA, 0x23, 0x3D, 0x66, 0x61, 0xEA, 0x67, 0x29, 0xDD, 0x2E,
    0xB4, 0xD4, 0x83, 0x98, 0x51, 0x5A, 0xC4, 0x46, 0x2A, 0xE6, 0xE6, 0xBC, 0x74, 0xC0, 0x50, 0x6D,
    0x54, 0xA1, 0x65, 0x67, 0x21, 0xA3, 0x87, 0x12, 0x25, 0x45, 0x57, 0x1B, 0xA9, 0x40, 0xDE, 0x39,
    0xED, 0x8A, 0xA1, 0xCC, 0x71, 0x6D, 0xF4, 0x51, 0xE4, 0xF0, 0xEA, 0xCE, 0xA1, 0xA3, 0x73, 0x45,
    0xE9, 0x3D, 0xF5, 0x70, 0x9E, 0xCC, 0x9B, 0xC0, 0xC1, 0x2E, 0x54, 0xA8, 0x8A, 0x94, 0xC1, 0x6C,
    0x94, 0x81, 0xE2, 0x63, 0x18, 0x68, 0xBF, 0x63, 0x05, 0x27, 0x72, 0xDA, 0x11, 0x21, 0xEE, 0x84,
    0x81, 0x02, 0x5E, 0x6C, 0xAC, 0x17, 0xDB, 0x16, 0xE7, 0xEE, 0xFC, 0x04, 0xEE, 0xC2, 0xCF, 0x06,
    0x9F, 0x70, 0x4D, 0x9D, 0x59, 0x81, 0x49, 0x01, 0x80, 0x06, 0x83, 0x66, 0xCB, 0x63, 0x1F, 0xA5,
    0xC1, 0xA8, 0x91, 0x5D, 0x4B, 0x91, 0x46, 0xA7, 0x9D, 0x98, 0x47, 0x8B, 0xB8, 0xB1, 0x93, 0xFA,
    0xDD, 0x41, 0xDC, 0xD7, 0x0D, 0x62, 0x1F, 0x06, 0xE9, 0x93, 0x98, 0xED, 0x5F, 0x06, 0x19, 0x1B,
    0x2F, 0x2E, 0x91, 0x57, 0xEB, 0x45, 0x13, 0x87, 0x3D, 0x8D, 0xB1, 0xF5, 0xC5, 0x86, 0xDF, 0xBF,
    0x9C, 0x2F, 0xA3, 0x9D, 0xAA, 0xE0, 0xBC, 0x49, 0xA3, 0x9D, 0xDD, 0x60, 0x62, 0x3D, 0x37, 0xBE,
    0xEF, 0xCC, 0x5A, 0xCD, 0xDC, 0x90, 0x2F, 0xD8, 0x5A, 0x68, 0x92, 0xD7, 0x84, 0x2D, 0x8D, 0x36,
    0x98, 0xFF, 0x8A, 0x92, 0xC4, 0x99, 0xCD, 0x6B, 0xA1, 0x88, 0x68, 0x2D, 0x74, 0x2E, 0xB1, 0xB5,
    0x37, 0xEA, 0x0D, 0xB2, 0x68, 0xA9, 0x83, 0x59, 0xB3, 0x07, 0x98, 0x24, 0xD6, 0x50, 0x6C, 0xD9,
    0x87, 0xA3, 0xE0, 0xDA, 0xEE, 0x08, 0x76, 0x68, 0xC1, 0xF0, 0xC8, 0x83, 0xD3, 0x81, 0xE1, 0xF1,
    0x2B, 0x9E, 0x21, 0xFA, 0x25, 0x13, 0x43, 0x34, 0xC7, 0xCD, 0x58, 0x73, 0x50, 0xD0, 0xEA, 0x64,
    0x4F, 0x2C, 0x7A, 0x29, 0xB6, 0x32, 0xE6, 0xFA, 0xB0, 0xB1, 0x30, 0x24, 0xD8, 0x85, 0xDF, 0x6C,
    0xE4, 0xF9, 0xDD, 0x11, 0x3C, 0xDC, 0xEF, 0x46, 0x46, 0x62, 0x1A, 0xF0, 0xB0, 0xFF, 0x19, 0xAD,
    0x41, 0x32, 0xD1, 0x02, 0xF7, 0x35, 0x9A, 0xBE, 0xF0, 0x18, 0xC0, 0xAA, 0x54, 0xF2, 0x10, 0xCD,
    0x21, 0xAA, 0xFE, 0xF5, 0x05, 0x77, 0x60, 0xCE, 0x9B, 0x59, 0x57, 0x16, 0xB8, 0x61, 0x1D, 0x2B,
    0x46, 0xAA, 0x0D, 0xF0, 0x41, 0xE6, 0x3C, 0x75, 0xFE, 0x16, 0x0E, 0xC0, 0xB1, 0x23, 0x0A, 0x50,
    0x6F, 0xB0, 0xD8, 0x80, 0x26, 0x66, 0xC4, 0x9C, 0x7A, 0xE9, 0x07, 0x98, 0xE2, 0xCC, 0x79, 0xA3,
    0xB7, 0x2C, 0xB8, 0x55, 0xCA, 0x79, 0x77, 0x0A, 0xEE, 0x4B, 0x47, 0xC1, 0xC5, 0xC0, 0x66, 0xE0,
    0xA6, 0x51, 0x29, 0x46, 0x2A, 0x62, 0x23, 0xD0, 0x24, 0x1C, 0x80, 0x7D, 0x07, 0x1C, 0x05, 0xC8,
    0x56, 0x41, 0x76, 0xF0, 0x2A, 0x36, 0x49, 0x1A, 0x81, 0x72, 0xCE, 0xA9, 0xBB, 0x00, 0xE7, 0xFF,
    0xA7, 0x5A, 0xF1, 0x7F, 0xB6, 0xDB, 0xFB, 0xD0, 0x6E, 0x8B, 0xB0, 0x86, 0x11, 0x95, 0x76, 0xD3,
    0xEF, 0x85, 0xDD, 0xDC, 0x5F, 0xC7, 0x11, 0x7A, 0xC3, 0x6E, 0xB5, 0x06, 0xA8, 0xAB, 0x47, 0xAD,
    0xA0, 0xDD, 0x7C, 0xB2, 0x5B, 0xAB, 0x81, 0xDA, 0x45, 0xD8, 0xED, 0x7B, 0x77, 0xDA, 0x6D, 0xA7,
    0x90, 0xDF, 0x4C, 0x94, 0xD7, 0x35, 0x7B, 0x81, 0x8E, 0x07, 0xEF, 0x95, 0xFA, 0x96, 0x0D, 0xCB,
    0xED, 0xAE, 0x0D, 0x33, 0xDA, 0xA5, 0xD8, 0x25, 0xD9, 0xFC, 0xB4, 0xA1, 0x0A, 0xF0, 0x5F, 0xC4,
    0xAC, 0xB9, 0xCD, 0x34, 0x1B, 0x6D, 0x98, 0xDD, 0x7C, 0xEC, 0x80, 0x8E, 0x89, 0xAF, 0x9D, 0x99,
    0xF7, 0xC8, 0xB0, 0xCA, 0xAC, 0xB6, 0xE3, 0x07, 0x5F, 0x6E, 0xA4, 0xEE, 0x1C, 0x00, 0xCC, 0xB5,
    0xF2, 0x2B, 0xC6, 0x98, 0xBC, 0x72, 0x95, 0xA5, 0x8F, 0xCF, 0x47, 0xFD, 0x9F, 0x6F, 0x1F, 0x00,
    0xAC, 0xCC, 0x8C, 0xC7, 0xC5, 0x7C, 0xEE, 0xCB, 0x6C, 0x3C, 0x9B, 0xF4, 0xE2, 0x40, 0x28, 0x57,
    0x5E, 0x94, 0xEB, 0x73, 0xB7, 0xBB, 0xC1, 0xA1, 0x58, 0xF2, 0x41, 0x66, 0xBB, 0x3C, 0xDE, 0x91,
    0xFA, 0xEA, 0x89, 0xDD, 0xE3, 0x4A, 0x4B, 0xBC, 0x5B, 0x5A, 0x5E, 0xD0, 0xB1, 0x9E, 0xDD, 0xF5,
    0x5C, 0x57, 0xB1, 0xE7, 0x2F, 0xF1, 0xB7, 0xDB, 0x4C, 0xBD, 0x6A, 0x33, 0x37, 0x0E, 0x47, 0x89,
    0x2F, 0x1F, 0x57, 0xE2, 0xCD, 0xC2, 0xA1, 0x0E, 0x14, 0xD8, 0x5E, 0x0D, 0x7C, 0xA2, 0x64, 0x87,
    0x61, 0x1C, 0xA4, 0x46, 0xE4, 0xF2, 0xD4, 0xE4, 0xAB, 0x37, 0x46, 0x05, 0x9F, 0x88, 0xCB, 0xB5,
    0xF0, 0x25, 0x1A, 0xF4, 0x49, 0x1B, 0x9B, 0x8C, 0x6D, 0xDE, 0xD8, 0x78, 0x04, 0x6D, 0xA6, 0x6E,
    0x27, 0x7E, 0x98, 0x0F, 0x3F, 0xA2, 0x4F, 0x65, 0xFF, 0x82, 0x1E, 0x75, 0x60, 0xDF, 0x10, 0x28,
    0x69, 0x68, 0x66, 0xC8, 0xEB, 0x3C, 0x84, 0xEF, 0x3B, 0x20, 0x33, 0xCE, 0x1E, 0xE9, 0x16, 0x19,
    0xC3, 0xE9, 0x35, 0xEA, 0x89, 0x1D, 0xCD, 0x9A, 0xB7, 0x3A, 0x69, 0xEC, 0xA1, 0x4D, 0x1A, 0x75,
    0xBA, 0x19, 0x5B, 0xBF, 0x23, 0xDC, 0xC4, 0x1D, 0x63, 0xDF, 0xA9, 0x58, 0x04, 0xB9, 0xA4, 0xF1,
    0x4F, 0xE7, 0x62, 0x83, 0xE4, 0x7F, 0x3A, 0x33, 0x48, 0xDC, 0x17, 0xCC, 0x66, 0x49, 0xE3, 0x58,
    0xCF, 0x75, 0x90, 0x51, 0xB6, 0x3A, 0x40, 0xEC, 0x22, 0x56, 0x21, 0x29, 0x37, 0x9A, 0xA5, 0x82,
    0xF2, 0x63, 0x15, 0xAA, 0x80, 0x03, 0x41, 0x3B, 0xB3, 0x15, 0xEC, 0x1B, 0x6F, 0xFE, 0x33, 0xA6,
    0xD1, 0x0D, 0xE6, 0x35, 0x8E, 0x62, 0x5E, 0x5B, 0x18, 0x19, 0xE6, 0x51, 0x48, 0x63, 0x24, 0x63,
    0x71, 0x18, 0x61, 0xB5, 0x80, 0x62, 0x7F, 0x8C, 0x92, 0x85, 0xA7, 0x6B, 0x70, 0x9F, 0x97, 0x9F,
    0xAA, 0x5D, 0xB9, 0xEF, 0x60, 0x92, 0xC8, 0xCA, 0x8E, 0xC3, 0x31, 0x99, 0xF1, 0xD0, 0xCE, 0x6D,
    0xAE, 0xC7, 0xEC, 0x35, 0xEA, 0xFF, 0xD1, 0x1C, 0x56, 0xD9, 0x8D, 0x19, 0x37, 0x54, 0xFE, 0xB4,
    0x94, 0xC9, 0x57, 0x96, 0x36, 0x4C, 0x47, 0x38, 0x9C, 0xA2, 0x3F, 0x18, 0x69, 0x63, 0x06, 0x97,
    0x8D, 0x8C, 0xE7, 0x36, 0xD0, 0xAA, 0x89, 0x6E, 0x8F, 0x40, 0xE2, 0xDE, 0x9C, 0x5D, 0xC7, 0xD1,
    0x8A, 0x2C, 0xB8, 0x8F, 0x3B, 0xE3, 0x00, 0xF9, 0xF8, 0xE8, 0xBD, 0xE3, 0xD4, 0x86, 0xFD, 0x49,
    0x6E, 0x56, 0xEA, 0x05, 0xC2, 0x9B, 0x08, 0x42, 0x86, 0x94, 0xCB, 0x8D, 0x5E, 0xAB, 0x76, 0x01,
    0x42, 0x33, 0xE9, 0x29, 0x9B, 0xD3, 0xCB, 0x09, 0x16, 0xC9, 0x5F, 0x07, 0xD9, 0x8B, 0x6E, 0x2A,
    0x8E, 0x9F, 0x65, 0xC4, 0xDE, 0x1A, 0x86, 0x33, 0xE7, 0x08, 0xAD, 0x47, 0xDB, 0x73, 0x39, 0x09,
    0x96, 0xC7, 0xCA, 0xC8, 0xA1, 0x7D, 0xCE, 0xAF, 0x8A, 0xFC, 0x55, 0xB5, 0x71, 0x68, 0x16, 0x0E,
    0xFD, 0x94, 0xBF, 0xEA, 0x5E, 0xF7, 0xD5, 0xD5, 0xA9, 0xEB, 0x20, 0x3D, 0x86, 0x0E, 0x0C, 0x36,
    0x3E, 0x37, 0xBE, 0xD1, 0x95, 0x23, 0x5E, 0xE7, 0xF3, 0x94, 0x0B, 0xEF, 0xD6, 0x5F, 0x9F, 0x37,
    0xF5, 0x87, 0xE2, 0x70, 0x9A, 0xC8, 0x37, 0x13, 0x58, 0xB9, 0x9E, 0x07, 0x65, 0x4F, 0x22, 0xD5,
    0x5C, 0x48, 0xA9, 0xE7, 0xBB, 0xD7, 0x41, 0xDE, 0x25, 0x0F, 0xE4, 0x1D, 0xE2, 0xCE, 0x7F, 0x5D,
    0x3B, 0x34, 0x43, 0xE3, 0xED, 0xE5, 0xDF, 0x54, 0x4F, 0xF5, 0x5C, 0xCD, 0x26, 0xDC, 0xFC, 0x5B,
    0xCA, 0xB5, 0x58, 0x13, 0xCF, 0x78, 0x25, 0xFF, 0x63, 0xA5, 0x60, 0x3F, 0x35, 0xDF, 0x39, 0xB6,
    0xF3, 0x4F, 0x3D, 0x3C, 0x93, 0x67, 0x93, 0x6A, 0xB3, 0xFC, 0x7C, 0xF3, 0xC6, 0xF1, 0x48, 0x35,
    0x41, 0x01, 0x30, 0x8F, 0x50, 0x2C, 0x11, 0x96, 0xAD, 0x8F, 0xF0, 0x16, 0x1E, 0x7C, 0x8D, 0x37,
    0x07, 0xBC, 0xAE, 0x03, 0x15, 0x38, 0x6E, 0xE3, 0xDF, 0x24, 0xF2, 0x5E, 0x83, 0x53, 0x8D, 0x7D,
    0x7A, 0x1F, 0x79, 0xAF, 0xF7, 0x74, 0xE7, 0x85, 0x42, 0x39, 0x8A, 0x5E, 0x20, 0xAE, 0x1A, 0x55,
    0x91, 0xF1, 0x91, 0x0E, 0x4C, 0x78, 0x65, 0x04, 0xEF, 0x8F, 0xA7, 0x99, 0x09, 0x90, 0x8F, 0xDB,
    0x87, 0x51, 0x51, 0xD6, 0xF7, 0x5F, 0xC1, 0x61, 0x68, 0x03, 0x36, 0x6E, 0xE8, 0xA1, 0xF4, 0x08,
    0x6D, 0x11, 0xD2, 0x3C, 0x84, 0x92, 0x7E, 0xB0, 0x2A, 0x6E, 0xD7, 0x5E, 0x9A, 0xC4, 0x9E, 0x27,
    0xB8, 0xA4, 0x01, 0xF4, 0x27, 0x36, 0xA7, 0xE3, 0x5F, 0x9D, 0x29, 0xF4, 0x35, 0x63, 0xB5, 0x87,
    0xC6, 0x59, 0x70, 0x0D, 0xF0, 0x55, 0x1D, 0xCA, 0x9D, 0x0E, 0x9A, 0x2B, 0x06, 0x0B, 0x06, 0x94,
    0x5F, 0x89, 0x01, 0x58, 0x61, 0x89, 0xD4, 0x44, 0x9B, 0x70, 0x07, 0x42, 0x9F, 0xC0, 0x2C, 0x1E,
    0x78, 0xFC, 0xCC, 0x32, 0xE2, 0x76, 0x78, 0xBC, 0x73, 0xF0, 0xD7, 0xB7, 0x5B, 0xE6, 0x98, 0x82,
    0x72, 0x52, 0xDA, 0x16, 0x37, 0xD8, 0x4C, 0xA4, 0x69, 0x43, 0x9D, 0x16, 0x79, 0x3B, 0xCB, 0x7B,
    0xA6, 0xE1, 0xC9, 0xFB, 0x8D, 0x03, 0xF4, 0xE6, 0x8B, 0xFE, 0x88, 0xEE, 0x28, 0x6D, 0xA8, 0x62,
    0x6E, 0x17, 0x0D, 0xA2, 0x45, 0x7A, 0xC6, 0xD0, 0xB5, 0x1D, 0xDA, 0xBB, 0xD6, 0xE0, 0x7A, 0x92,
    0xAA, 0x74, 0x50, 0x78, 0x37, 0x93, 0xBF, 0xC6, 0x08, 0xA9, 0xFA, 0x88, 0xB4, 0xD2, 0x24, 0x9C,
    0x91, 0x57, 0x2F, 0x3F, 0x8E, 0x41, 0xF7, 0xBE, 0x03, 0x8E, 0x37, 0x7D, 0xCF, 0x4C, 0x9C, 0x80,
    0x8D, 0x07, 0xB6, 0xC4, 0x5C, 0x9A, 0xC7, 0xE1, 0xD8, 0xF0, 0xB9, 0x50, 0xB3, 0x8F, 0x45, 0xE7,
    0x57, 0xE9, 0x0E, 0x11, 0x74, 0x96, 0xC7, 0x19, 0xA4, 0xF7, 0x35, 0x5A, 0xF8, 0x44, 0xB1, 0x46,
    0x05, 0x31, 0xC1, 0x75, 0x09, 0xFA, 0x9F, 0xFF, 0xF9, 0x5F, 0x08, 0xE8, 0x4B, 0x82, 0x02, 0x1E,
    0x6B, 0x90, 0xE3, 0xAC, 0xEB, 0xDB, 0xD9, 0x89, 0xC2, 0x20, 0xEC, 0xAB, 0x03, 0x8E, 0x44, 0xBA,
    0x6C, 0xFF, 0x8A, 0xE9, 0x0D, 0xFE, 0xFB, 0xD8, 0x0C, 0xD1, 0xEA, 0xCE, 0x3D, 0xFB, 0x9B, 0xF4,
    0x67, 0xCF, 0x80, 0xE2, 0x5E, 0xFD, 0x0C, 0xAA, 0xEA, 0xC9, 0xF1, 0x79, 0x45, 0xEE, 0x28, 0xBA,
    0x56, 0x63, 0xC3, 0xF3, 0x64, 0x07, 0x0F, 0x6B, 0x15, 0xC5, 0xAA, 0x56, 0x94, 0x7B, 0x43, 0xEF,
    0x31, 0x34, 0x31, 0x37, 0x58, 0xF8, 0x0C, 0x85, 0x69, 0x6E, 0xB3, 0x10, 0x43, 0x36, 0x3A, 0xEE,
    0x5B, 0xFE, 0xE8, 0xD0, 0xCE, 0xF8, 0x80, 0xD3, 0xAB, 0xAD, 0xBA, 0xF9, 0x65, 0x4A, 0x54, 0xC1,
    0xBE, 0xFE, 0x97, 0x3B, 0xCF, 0xD7, 0xE5, 0x42, 0x3F, 0xB1, 0x16, 0xD1, 0x12, 0x3C, 0x4A, 0x39,
    0x3C, 0x84, 0x2A, 0xDC, 0x3D, 0x01, 0x27, 0x05, 0x12, 0x70, 0x47, 0xB0, 0x30, 0x56, 0x26, 0x51,
    0xAC, 0xD7, 0xD9, 0xAE, 0xA2, 0x9D, 0x89, 0x05, 0xF6, 0x63, 0x65, 0x4C, 0x60, 0x12, 0xAC, 0x66,
    0xC9, 0x7F, 0x42, 0xC3, 0x3F, 0xA0, 0xA9, 0x42, 0x12, 0x98, 0x5D, 0x80, 0x9D, 0xED, 0x84, 0x47,
    0xE9, 0x13, 0x83, 0xC6, 0xF3, 0x90, 0x18, 0xF9, 0x03, 0x3B, 0x6F, 0xFE, 0x9A, 0xE0, 0xC8, 0x85,
    0x7F, 0xFB, 0x83, 0xFF, 0xCE, 0xCB, 0x7B, 0xCB, 0xCD, 0xAB, 0xD9, 0xA5, 0xDD, 0xE4, 0xC3, 0xAF,
    0x0F, 0x6D, 0x9F, 0x79, 0xD8, 0x9B, 0xBD, 0xFA, 0x1D, 0x00, 0xBD, 0x54, 0x15, 0x7E, 0xE2, 0x81,
    0xC7, 0xF5, 0x8B, 0xCF, 0x14, 0x24, 0xF1, 0x54, 0xCF, 0x43, 0x39, 0xC0, 0x74, 0x65, 0x94, 0xF6,
    0xDA, 0x32, 0x57, 0xC1, 0xF9, 0xE4, 0x3F, 0x0B, 0x38, 0xA9, 0xB3, 0x69, 0xD4, 0xE9, 0x72, 0x3C,
    0xBB, 0xCB, 0x13, 0xF8, 0x38, 0x7F, 0x6D, 0x7C, 0xF2, 0x41, 0x21, 0xDD, 0xF1, 0xDC, 0x37, 0x44,
    0x53, 0x2C, 0x37, 0xE1, 0x5F, 0x97, 0x94, 0xD1, 0x4D, 0xB9, 0xE1, 0x33, 0xEF, 0x8E, 0x47, 0x1F,
    0x53, 0x01, 0x6A, 0x9E, 0x64, 0xC7, 0x7C, 0x4A, 0x48, 0xCB, 0x4F, 0x89, 0x3A, 0x77, 0x22, 0x15,
    0xF6, 0xEB, 0xC8, 0xE6, 0x5D, 0xB1, 0x81, 0x85, 0xCA, 0x13, 0x8C, 0x48, 0xF5, 0x76, 0x6A, 0xF5,
    0x3C, 0xC6, 0x4F, 0xFF, 0x77, 0x3C, 0x2F, 0x1E, 0x78, 0xD7, 0x3B, 0xF2, 0x86, 0xDC, 0x4F, 0xBA,
    0x22, 0xFB, 0xED, 0xAA, 0xFF, 0xCC, 0xE3, 0xB7, 0xB9, 0xD1, 0x29, 0x89, 0x8C, 0x43, 0x33, 0x6C,
    0x4E, 0xF7, 0xDC, 0xF7, 0x90, 0x38, 0xDB, 0xDA, 0xFC, 0xE3, 0x9A, 0x59, 0xC0, 0xC3, 0x4E, 0x26,
    0x33, 0xF2, 0x55, 0xE6, 0xE6, 0xEB, 0x04, 0xD4, 0x83, 0x7C, 0x9D, 0x27, 0x73, 0x54, 0xA4, 0x2C,
    0x01, 0x2E, 0x20, 0xFE, 0xA1, 0x43, 0x0F, 0xA0, 0x82, 0x59, 0x9B, 0x0D, 0xA0, 0x97, 0xD3, 0x63,
    0x0A, 0x37, 0xC9, 0xFE, 0x24, 0x8F, 0x5E, 0x1F, 0xE3, 0xD1, 0x33, 0x3C, 0x7A, 0x82, 0x47, 0xFB,
    0x2B, 0x8F, 0x76, 0x03, 0x3C, 0xBA, 0x83, 0x47, 0xE3, 0xD1, 0x31, 0xE8, 0x2E, 0x07, 0x8C, 0x1B,
    0x73, 0x5A, 0x67, 0x34, 0xE7, 0xB4, 0x66, 0x82, 0x26, 0xC8, 0x69, 0x6C, 0x89, 0x4D, 0xE8, 0xE1,
    0x23, 0x63, 0x82, 0xA0, 0xF0, 0x40, 0x02, 0x77, 0xEE, 0x4C, 0xAB, 0x23, 0xFC, 0xAE, 0x3F, 0x36,
    0x0C, 0x2A, 0x4D, 0xA8, 0xB6, 0xD7, 0x27, 0x79, 0x16, 0x95, 0xB6, 0xE1, 0x0F, 0xE0, 0xBD, 0xEE,
    0x09, 0x23, 0xFB, 0xCF, 0x19, 0xBE, 0x92, 0x43, 0x6A, 0x14, 0x60, 0xCE, 0xCB, 0x3B, 0x31, 0x02,
    0x8B, 0x88, 0xFB, 0x25, 0xD1, 0x00, 0x07, 0x60, 0x2F, 0x40, 0xC5, 0xB3, 0x29, 0x12, 0xBB, 0x9D,
    0xF9, 0x49, 0x87, 0x26, 0x88, 0x7D, 0x88, 0xD4, 0xD1, 0xFC, 0xAE, 0x2A, 0xE5, 0x5A, 0xAE, 0x3B,
    0x4B, 0x27, 0x57, 0x25, 0x85, 0xC1, 0xA5, 0x03, 0xAB, 0xCA, 0xCB, 0x2C, 0x2A, 0xAC, 0x29, 0x30,
    0x42, 0x84, 0x11, 0x62, 0x8B, 0x82, 0xC2, 0xD4, 0xC6, 0x72, 0xC2, 0x6A, 0x42, 0xAD, 0x01, 0x13,
    0x4B, 0x09, 0xF9, 0xB0, 0x90, 0xB0, 0x8E, 0xF4, 0xBE, 0xD0, 0x0E, 0x55, 0x44, 0x9A, 0x7C, 0xB6,
    0xBD, 0x8F, 0x28, 0x21, 0x67, 0x21, 0xD8, 0x00, 0x4A, 0xD8, 0x8F, 0x73, 0x40, 0x3A, 0x22, 0x5E,
    0x38, 0xFA, 0x6A, 0x17, 0x89, 0x3C, 0x29, 0x7A, 0xA7, 0xE8, 0xCC, 0xC4, 0x50, 0xEE, 0xE7, 0x4F,
    0xB1, 0x2F, 0x94, 0xDA, 0x2B, 0xC6, 0xF2, 0x4D, 0xCD, 0x42, 0x5F, 0x9F, 0xD6, 0xB7, 0x24, 0x40,
    0x20, 0x59, 0x96, 0xB6, 0x23, 0xDC, 0x9B, 0xFC, 0x71, 0xBD, 0xE9, 0x8B, 0xF7, 0x6C, 0xA9, 0x16,
    0x4D, 0xDC, 0xD8, 0xC9, 0x26, 0x6E, 0x32, 0x31, 0x27, 0x69, 0xA3, 0x24, 0xCF, 0xCD, 0xE3, 0xD5,
    0x9F, 0x50, 0x8E, 0xE8, 0xB4, 0xD6, 0x5F, 0xD8, 0x7F, 0xF2, 0xB9, 0x12, 0x61, 0x07, 0x12, 0x6E,
    0x13, 0x7B, 0x44, 0x30, 0x63, 0x98, 0x2B, 0xB9, 0x96, 0xAB, 0xB9, 0x9E, 0xF1, 0x45, 0x1A, 0x0C,
    0x26, 0x46, 0x12, 0x28, 0x75, 0xA0, 0x05, 0x6A, 0x23, 0x40, 0x13, 0x94, 0x3B, 0x9C, 0x25, 0x51,
    0x9D, 0x9B, 0x88, 0x62, 0x09, 0xDF, 0x58, 0xA3, 0xA0, 0xBE, 0xCB, 0x7E, 0x3C, 0xA9, 0x5E, 0x7A,
    0x5C, 0x38, 0x64, 0x43, 0xC7, 0x32, 0xD6, 0x1D, 0xAD, 0x23, 0xC9, 0x22, 0x5A, 0x60, 0xD5, 0x1D,
    0xE6, 0x8D, 0x09, 0x7E, 0x77, 0x4D, 0xF0, 0x87, 0xB0, 0xFA, 0xC3, 0x09, 0xC1, 0xE9, 0x01, 0xB4,
    0xF1, 0xD5, 0x8F, 0xAA, 0x23, 0x48, 0x21, 0x1E, 0x6A, 0x50, 0xEC, 0xD1, 0x8E, 0x8C, 0xD2, 0xA3,
    0xDB, 0x42, 0x26, 0x7B, 0x65, 0x25, 0xB7, 0x7B, 0x50, 0xD2, 0x49, 0x8C, 0x49, 0x39, 0x57, 0x04,
    0xB8, 0x9A, 0x33, 0x69, 0xF0, 0xE2, 0x3E, 0x67, 0x8A, 0x50, 0xE7, 0x4B, 0x7C, 0x74, 0x92, 0x86,
    0xEE, 0xFE, 0x03, 0x44, 0x8C, 0xDC, 0x47, 0x2C, 0xA4, 0x66, 0x7E, 0xE5, 0x66, 0x6A, 0xC4, 0xB1,
    0xDD, 0xCA, 0x63, 0xDB, 0x26, 0x70, 0xCF, 0xD6, 0xCC, 0x3C, 0xDC, 0x00, 0x85, 0xA3, 0xB2, 0x3A,
    0x06, 0x15, 0xDD, 0x94, 0x9B, 0xCE, 0x60, 0xD9, 0x18, 0xB4, 0xD3, 0xE5, 0xA7, 0x3E, 0xD9, 0xF9,
    0x6C, 0x35, 0x72, 0xC1, 0xAD, 0xB3, 0x12, 0x9D, 0x19, 0x15, 0x2C, 0x08, 0xAF, 0xAD, 0xB8, 0xFD,
    0x3B, 0x98, 0xA3, 0xDD, 0xCE, 0x13, 0x64, 0xC4, 0x00, 0x8F, 0x1E, 0x9B, 0x7C, 0x24, 0xE9, 0xE9,
    0x87, 0x7A, 0xC9, 0xC6, 0xFC, 0xC0, 0xA0, 0xA5, 0x41, 0x1C, 0xFD, 0xCC, 0x75, 0x98, 0xE3, 0x06,
    0x7A, 0x29, 0x6A, 0x6A, 0x5A, 0x39, 0xB2, 0x9A, 0x70, 0x77, 0x4A, 0xFA, 0xF6, 0x77, 0xC9, 0xF1,
    0x4F, 0x89, 0x0F, 0xFD, 0xCD, 0xE1, 0x38, 0x0D, 0x2C, 0x66, 0x27, 0x46, 0xE2, 0xED, 0x5F, 0x6E,
    0xCE, 0xE0, 0x76, 0x2A, 0x40, 0x4E, 0x81, 0x85, 0xB8, 0x09, 0x55, 0xB8, 0xA3, 0xAE, 0x00, 0xDC,
    0xE2, 0xD6, 0x14, 0x64, 0xCB, 0xFD, 0xE2, 0xE2, 0x6D, 0x38, 0xB6, 0x7D, 0xA5, 0x5E, 0xFD, 0x29,
    0x04, 0xCC, 0x5A, 0x5C, 0xDF, 0x72, 0xAA, 0x3B, 0x01, 0xE4, 0xB6, 0x7C, 0x8C, 0x5E, 0x30, 0x12,
    0xA6, 0xEB, 0xA0, 0xF4, 0xB7, 0x82, 0xF2, 0xCE, 0xE6, 0x0E, 0x46, 0x84, 0x75, 0xD6, 0xBC, 0xA1,
    0x1C, 0xA7, 0x5C, 0x76, 0xCD, 0xF9, 0x3E, 0x49, 0x31, 0xB6, 0xEF, 0xC4, 0x37, 0xC6, 0x2D, 0x9F,
    0xDB, 0x53, 0x30, 0xF9, 0x9A, 0x33, 0xF0, 0x8E, 0x0E, 0x84, 0x51, 0x77, 0x04, 0xDE, 0x11, 0x75,
    0x0C, 0xBC, 0x27, 0x55, 0x4E, 0xAE, 0x5B, 0x9F, 0xB8, 0xEE, 0x6E, 0xDB, 0x62, 0xC0, 0x5A, 0xBB,
    0xF4, 0x86, 0x6A, 0xD7, 0x39, 0xE7, 0x54, 0xF3, 0x7A, 0xCB, 0xC7, 0xB7, 0xE2, 0xBB, 0x99, 0x7A,
    0x97, 0xCA, 0x06, 0xF2, 0xC9, 0x7F, 0xF4, 0x79, 0x90, 0x1A, 0x4F, 0x52, 0x7D, 0xCC, 0xBF, 0x1A,
    0x32, 0x43, 0x7D, 0x80, 0xC8, 0xBF, 0x18, 0x9D, 0x8A, 0x68, 0x75, 0xAB, 0x02, 0x4F, 0x28, 0xFA,
    0x42, 0xD5, 0x47, 0x94, 0x75, 0x76, 0x50, 0xFF, 0x0B, 0xA4, 0x94, 0x31, 0x8C, 0xE5, 0x3A, 0x15,
    0x86, 0xBF, 0xC4, 0x3C, 0x5C, 0xA4, 0x30, 0xC5, 0x52, 0x6D, 0x91, 0xBE, 0x21, 0x35, 0xD2, 0xBC,
    0x75, 0x1E, 0x14, 0xAF, 0xDD, 0x82, 0x8E, 0x5E, 0x02, 0xD1, 0x4B, 0x14, 0xB3, 0x9B, 0x88, 0xBE,
    0x2F, 0xA0, 0xAF, 0xA1, 0xA0, 0x9C, 0x1D, 0x5B, 0xA2, 0xA0, 0x0D, 0xA2, 0x7C, 0xC5, 0xA6, 0xA1,
    0xA2, 0x71, 0x61, 0x09, 0x4B, 0x38, 0x39, 0xE4, 0x78, 0xEF, 0xCE, 0x30, 0xD2, 0x42, 0xF3, 0x6E,
    0x3C, 0xDF, 0xB9, 0xC9, 0xF5, 0x7F, 0xF2, 0xE7, 0xB7, 0x33, 0x4C, 0x2B, 0x4B, 0x24, 0x6C, 0xF8,
    0xC8, 0x38, 0xF3, 0xF4, 0xB9, 0x87, 0x07, 0x28, 0x90, 0xE9, 0x12, 0x7D, 0xC2, 0xB4, 0x61, 0x13,
    0x6E, 0xC7, 0x6D, 0x3A, 0xC6, 0xC8, 0x14, 0x55, 0xE7, 0x57, 0xFC, 0xCC, 0x02, 0xE1, 0x49, 0xEE,
    0x5E, 0xC0, 0xCA, 0x0E, 0x5E, 0x2A, 0x88, 0x08, 0xE6, 0xB8, 0x0B, 0xAB, 0x4B, 0x77, 0xD3, 0x3A,
    0x6E, 0xBF, 0xFD, 0x01, 0x3E, 0x66, 0xF0, 0x73, 0x82, 0x85, 0x0B, 0xA1, 0xBB, 0x20, 0xFD, 0x0E,
    0xA7, 0xD9, 0x40, 0x4C, 0x84, 0xA0, 0x58, 0xBE, 0xBD, 0xE0, 0xBF, 0x5B, 0x0B, 0xA3, 0x7C, 0x5B,
    0xB1, 0x22, 0x19, 0x82, 0x44, 0x18, 0x0B, 0xF0, 0x13, 0x80, 0xBB, 0x27, 0x30, 0xC8, 0x06, 0x2C,
    0x72, 0x80, 0x11, 0x91, 0x19, 0x5B, 0x59, 0x22, 0xEE, 0xE5, 0x03, 0xC0, 0x0B, 0xBA, 0x4F, 0xDC,
    0x1A, 0x13, 0x34, 0x69, 0x64, 0x68, 0xC4, 0x24, 0x78, 0x49, 0xDB, 0xE8, 0xD2, 0xB3, 0xCA, 0x47,
    0x65, 0x98, 0x81, 0xFE, 0x54, 0x3A, 0x39, 0xF8, 0x13, 0x8B, 0x88, 0xA4, 0x1B, 0x7F, 0xCA, 0x6B,
    0x59, 0xF9, 0x11, 0xF0, 0xF6, 0x7E, 0x90, 0x6F, 0x92, 0x0F, 0xF2, 0xEF, 0xDD, 0x89, 0xC8, 0x6A,
    0x8F, 0x4E, 0xB4, 0x9B, 0x8F, 0x63, 0xC4, 0xC5, 0x69, 0xC5, 0x6D, 0x7E, 0xC6, 0xEE, 0x0D, 0xED,
    0xB4, 0xFD, 0xD0, 0xA6, 0xB4, 0xC9, 0x4D, 0xD6, 0x1A, 0xBC, 0xD3, 0x56, 0xAF, 0xB4, 0xE9, 0x14,
    0x61, 0x28, 0x6E, 0x87, 0x31, 0xA9, 0x35, 0x1F, 0x87, 0x0C, 0x82, 0xA9, 0x98, 0x43, 0x39, 0x14,
    0xBA, 0x83, 0x31, 0x81, 0x34, 0xBF, 0x01, 0x99, 0xC1, 0xFF, 0xEC, 0xE4, 0xE2, 0x5F, 0x2B, 0x30,
    0x7D, 0x4C, 0xCD, 0x7A, 0x6C, 0x9C, 0x01, 0x7B, 0x02, 0x53, 0x0B, 0xD2, 0x5F, 0x04, 0x6C, 0x06,
    0x18, 0x9E, 0x13, 0x10, 0x91, 0xFA, 0x99, 0xA8, 0x09, 0xF0, 0xCF, 0x84, 0x5F, 0xC3, 0x09, 0x07,
    0x54, 0xBA, 0x4A, 0x5F, 0x31, 0xF9, 0x79, 0x57, 0x0D, 0x9F, 0x16, 0x25, 0xEA, 0x18, 0x23, 0x5F,
    0xF1, 0xC5, 0x8F, 0xEA, 0xCA, 0xFF, 0xD4, 0x4D, 0x9F, 0xB7, 0xA2, 0x87, 0x05, 0x60, 0x3A, 0xA1,
    0x13, 0xD9, 0x68, 0x9B, 0xC5, 0xED, 0xA6, 0xAA, 0x97, 0x43, 0xA7, 0xEC, 0x3A, 0x15, 0xA6, 0x0D,
    0x70, 0x19, 0x18, 0xDA, 0xD3, 0x4B, 0xA4, 0x93, 0x90, 0xB1, 0xC5, 0x9D, 0x97, 0xA0, 0x93, 0xD5,
    0x45, 0xFC, 0xAE, 0xA9, 0x27, 0x17, 0x31, 0xD9, 0xA5, 0x0B, 0xB6, 0x62, 0x52, 0x2F, 0xB3, 0x4D,
    0x84, 0x34, 0x6D, 0x8C, 0xA7, 0xCC, 0x18, 0xA9, 0x40, 0xD8, 0xA1, 0x45, 0x8B, 0x2D, 0x40, 0x5F,
    0x19, 0xD4, 0xB5, 0x9F, 0xFB, 0x4A, 0x5B, 0x88, 0xF1, 0xE6, 0x67, 0x85, 0x50, 0xE0, 0x0D, 0xF7,
    0x01, 0xB9, 0xC6, 0xF5, 0x05, 0x5E, 0xCB, 0x46, 0xB3, 0x7C, 0xB6, 0xE0, 0x7F, 0xAF, 0xA7, 0x7E,
    0x6B, 0x06, 0x0F, 0xE8, 0x0E, 0x4C, 0x06, 0x3C, 0xC3, 0x66, 0xD4, 0x99, 0x8B, 0x93, 0x24, 0xBB,
    0x4D, 0x84, 0x3F, 0x54, 0x93, 0x3C, 0x07, 0xA5, 0x4F, 0x5F, 0xF7, 0x15, 0xC8, 0x77, 0x6D, 0x6A,
    0xB9, 0x37, 0xE9, 0xB9, 0xD4, 0xA7, 0xB3, 0xF6, 0xDB, 0x6D, 0xA6, 0xEA, 0xFE, 0xDC, 0xA7, 0x89,
    0xF0, 0xDD, 0xD5, 0xE5, 0xD6, 0x73, 0xD8, 0xAC, 0xDE, 0xE1, 0x76, 0x3F, 0x0E, 0xDA, 0xDF, 0x12,
    0x9B, 0x17, 0x77, 0x36, 0x67, 0x37, 0x9F, 0x8C, 0xCD, 0xF5, 0x72, 0x79, 0x2A, 0x76, 0xAF, 0x70,
    0xCF, 0x6F, 0xEA, 0x20, 0x75, 0xDA, 0xAA, 0xEF, 0x8A, 0xB7, 0xD9, 0x4B, 0x72, 0x39, 0x61, 0x8B,
    0x3E, 0xFE, 0x3E, 0xEE, 0xF8, 0xB8, 0xAC, 0x48, 0xDB, 0x92, 0xA6, 0xE2, 0x52, 0xDB, 0xCF, 0x3E,
    0xB6, 0x4B, 0x08, 0x27, 0xF8, 0x79, 0x41, 0xAF, 0xDD, 0xB6, 0xFC, 0x90, 0x3E, 0xE5, 0x9E, 0xE8,
    0x55, 0xC1, 0x41, 0x6D, 0xDB, 0x50, 0x14, 0x67, 0xB8, 0x70, 0x00, 0x54, 0xA0, 0x53, 0xF4, 0x05,
    0x30, 0x59, 0x91, 0x3E, 0xC3, 0x2A, 0x86, 0x1D, 0xF8, 0xE1, 0xFA, 0x7F, 0x93, 0x3E, 0x5F, 0x24,
    0xBD, 0x07, 0x69, 0x49, 0x07, 0xC9, 0x43, 0x9C, 0x08, 0xBF, 0x6C, 0x49, 0x3F, 0x52, 0xFB, 0xF4,
    0xE6, 0x2A, 0x1F, 0xAE, 0xA4, 0xF5, 0xEC, 0x0A, 0x95, 0x47, 0xDB, 0x4A, 0x90, 0x44, 0xD5, 0xB2,
    0xB6, 0x8B, 0x3E, 0x5E, 0x49, 0xF3, 0xE8, 0x36, 0xF2, 0xA5, 0xB3, 0xA9, 0x4B, 0x13, 0x8F, 0x7D,
    0x4B, 0xFA, 0x91, 0x53, 0x93, 0x7E, 0xC5, 0x8F, 0xBF, 0x94, 0xF4, 0x50, 0x9E, 0x92, 0xEE, 0xFF,
    0x3B, 0xE9, 0xF6, 0xCC, 0x0A, 0x69, 0xE8, 0x64, 0x1E, 0x64, 0x1F, 0xFF, 0x99, 0x3D, 0xF5, 0x6B,
    0x1E, 0xAE, 0xE1, 0xA9, 0xD3, 0xEF, 0x8A, 0x93, 0x64, 0x24, 0xF2, 0xAA, 0x25, 0xF1, 0xE5, 0x7F,
    0x5C, 0x2D, 0x0D, 0xDC, 0x06, 0x56, 0x3B, 0xAD, 0x83, 0x72, 0x76, 0x4A, 0x60, 0x5A, 0x01, 0xFC,
    0xDC, 0xA8, 0x60, 0x69, 0x0C, 0x8D, 0xBF, 0x6A, 0x04, 0xD0, 0xF8, 0x33, 0x2A, 0x4A, 0x37, 0x32,
    0x66, 0x90, 0x13, 0x53, 0x96, 0xD9, 0xEC, 0xE3, 0x0A, 0xE3, 0x0C, 0x9E, 0xD6, 0xA1, 0xAB, 0x60,
    0x33, 0x4C, 0x1B, 0x08, 0xD8, 0xD2, 0x82, 0x27, 0x48, 0x45, 0xA4, 0x42, 0xD8, 0xAC, 0x54, 0xF7,
    0xB7, 0x63, 0x98, 0xDF, 0xC3, 0x7B, 0x9D, 0x1E, 0x12, 0x12, 0x79, 0x9D, 0xE8, 0x32, 0x94, 0x87,
    0x3E, 0x1F, 0x36, 0x79, 0x89, 0xC3, 0x09, 0x6D, 0xD3, 0xF4, 0x15, 0x9B, 0x18, 0x23, 0x97, 0x80,
    0x41, 0xE4, 0x60, 0x11, 0xA9, 0xBD, 0x9C, 0x7F, 0x2C, 0xDA, 0x2A, 0x3A, 0x29, 0x2E, 0x8E, 0x92,
    0xC6, 0xE8, 0x25, 0x4D, 0xEB, 0x05, 0x3F, 0x7B, 0xD9, 0x3D, 0x5E, 0x36, 0xCF, 0x28, 0x71, 0xC1,
    0x49, 0x3C, 0x31, 0x12, 0x0F, 0x08, 0x6B, 0x05, 0xFF, 0x8D, 0xA2, 0xBF, 0xB0, 0x98, 0x02, 0x41,
    0x13, 0x3C, 0x4D, 0x82, 0xC3, 0x5E, 0xA8, 0xC3, 0x4E, 0x57, 0xDD, 0x46, 0x7F, 0x35, 0xC6, 0x64,
    0x45, 0x1A, 0x15, 0xD3, 0x8A, 0xBD, 0xBA, 0x33, 0xEC, 0x5E, 0x83, 0x5D, 0x2E, 0xC4, 0x00, 0x63,
    0x54, 0xAF, 0x48, 0xD4, 0xC3, 0x63, 0xA2, 0x8D, 0x43, 0xC5, 0xEB, 0xB1, 0x48, 0xA8, 0x4B, 0xE2,
    0xC1, 0x96, 0x25, 0x87, 0x64, 0xF4, 0xD8, 0xED, 0x36, 0x44, 0xA7, 0xC7, 0x3A, 0x32, 0xF1, 0x15,
    0x9D, 0x2E, 0xCA, 0x3E, 0xFD, 0x25, 0x7B, 0xCA, 0x07, 0x6A, 0xA5, 0xD4, 0x2E, 0x57, 0x93, 0x16,
    0xB7, 0x7B, 0x59, 0x87, 0x03, 0x80, 0x83, 0x0A, 0x01, 0x01, 0xBF, 0xFA, 0x99, 0x31, 0x4E, 0x11,
    0xB7, 0xBB, 0x0D, 0x9B, 0x86, 0x84, 0xA9, 0x26, 0xD3, 0x5E, 0x1E, 0x5B, 0x6C, 0xE1, 0xE5, 0x3B,
    0xF7, 0xFC, 0x1A, 0x4E, 0x9B, 0x8F, 0x2C, 0xF3, 0x32, 0xC3, 0x10, 0x61, 0x48, 0x2C, 0x11, 0xA6,
    0xCD, 0xC8, 0x0A, 0xCB, 0x6C, 0x65, 0xA6, 0x3B, 0x60, 0x02, 0x8D, 0xC5, 0x83, 0x4B, 0xAD, 0xF8,
    0x08, 0x6F, 0x40, 0x80, 0x77, 0x98, 0x0A, 0x68, 0xC3, 0x56, 0xA6, 0x08, 0x14, 0xC2, 0xEC, 0xB6,
    0x2E, 0x5F, 0x62, 0x1F, 0xFB, 0x64, 0x33, 0x12, 0x61, 0xDC, 0x8D, 0x16, 0xBF, 0xBA, 0x8F, 0x2B,
    0x08, 0x7E, 0x9C, 0x55, 0x5C, 0x27, 0xED, 0xDB, 0xA7, 0xD6, 0x77, 0xF8, 0xC7, 0xF2, 0x16, 0xC1,
    0x89, 0xA4, 0xBE, 0x32, 0x5E, 0x65, 0xC8, 0x40, 0x65, 0xDC, 0x5A, 0x59, 0x56, 0xA0, 0x7C, 0x6F,
    0xBB, 0x0F, 0x2F, 0xEC, 0x56, 0xC2, 0x1C, 0x36, 0x4A, 0x77, 0x18, 0x29, 0xDD, 0x65, 0xD7, 0x6D,
    0x95, 0xB7, 0xE3, 0xEE, 0xD6, 0x77, 0x6A, 0x57, 0xA7, 0x23, 0x40, 0x6D, 0x62, 0x93, 0x9A, 0xD8,
    0x6D, 0xAD, 0xEF, 0x32, 0x23, 0xE8, 0xF5, 0xBE, 0xA2, 0x26, 0xD5, 0xAE, 0xCC, 0xFA, 0xCD, 0x88,
    0xA4, 0x65, 0xD5, 0xB2, 0x13, 0x76, 0x00, 0x8C, 0x54, 0x40, 0x2E, 0xED, 0x87, 0xA6, 0x19, 0xE6,
    0x66, 0x12, 0xB5, 0xD7, 0xBA, 0x75, 0x15, 0x04, 0x58, 0x32, 0xCD, 0x67, 0x68, 0x0D, 0xC1, 0xEA,
    0x5A, 0x01, 0x14, 0x96, 0xB9, 0xD5, 0xEE, 0x04, 0x1E, 0xBA, 0x6C, 0x0A, 0xBF, 0xE0, 0xBD, 0x4D,
    0x2E, 0x99, 0x8A, 0x97, 0xE8, 0xA3, 0x2B, 0xD8, 0x13, 0xC1, 0x67, 0xD0, 0x2E, 0x21, 0xD1, 0x02,
    0xFE, 0x97, 0xD6, 0x29, 0xDA, 0xBF, 0x6B, 0x0D, 0xF3, 0xF8, 0xF3, 0x1D, 0x8D, 0xEB, 0x3F, 0xDD,
    0x5B, 0x31, 0xCC, 0x1C, 0x39, 0x15, 0xF6, 0x8C, 0x45, 0x46, 0x64, 0x01, 0x97, 0xC0, 0x9D, 0x94,
    0x69, 0xAE, 0x41, 0x3A, 0x69, 0x28, 0x29, 0x40, 0x33, 0x5D, 0x4A, 0xAE, 0xA6, 0x49, 0x4B, 0x17,
    0xCA, 0xAB, 0x32, 0x46, 0xD7, 0x4B, 0xE9, 0xAB, 0x2B, 0x51, 0x28, 0xD2, 0x5C, 0x41, 0x81, 0xCE,
    0x4E, 0x52, 0x52, 0xDC, 0x48, 0x94, 0x14, 0x19, 0xE9, 0xE8, 0x68, 0x0C, 0x1A, 0x29, 0xA3, 0x8B,
    0x67, 0x1E, 0xF3, 0x7D, 0x9E, 0xF1, 0x9F, 0x64, 0x57, 0xA0, 0x13, 0x42, 0x7B, 0x7F, 0x46, 0xD9,
    0xCF, 0xDE, 0xFD, 0xC7, 0xF6, 0xF7, 0x6C, 0xFB, 0xF9, 0xBD, 0x67, 0xE7, 0x51, 0x35, 0x70, 0x85,
    0x2E, 0x0F, 0xFE, 0x9E, 0x86, 0x48, 0x16, 0x08, 0xBD, 0xA5, 0x3B, 0x17, 0x63, 0x13, 0x97, 0x9A,
    0x54, 0x0F, 0xE5, 0x10, 0x29, 0xCE, 0x5B, 0xC0, 0xDF, 0x6E, 0x9E, 0xE2, 0x13, 0x10, 0x67, 0xE3,
    0x04, 0xF0, 0x87, 0x8C, 0x25, 0x2C, 0x8C, 0x1A, 0xB3, 0x18, 0xCC, 0x34, 0xBE, 0x19, 0xD6, 0x3F,
    0xF2, 0x05, 0x40, 0x97, 0x74, 0xC7, 0x3D, 0x00, 0xB7, 0x05, 0xA7, 0xDA, 0x51, 0x73, 0x5A, 0xC4,
    0xD4, 0xA1, 0xAA, 0x5F, 0xD9, 0xC8, 0xF7, 0x88, 0x4D, 0x47, 0xF4, 0x40, 0x36, 0x86, 0xD1, 0xB8,
    0xF8, 0xE8, 0x08, 0x34, 0x0B, 0xB0, 0x5E, 0x81, 0xAD, 0x00, 0x9D, 0x03, 0xAE, 0x3D, 0x5F, 0x69,
    0x41, 0x7C, 0x02, 0x0B, 0x13, 0x30, 0xFC, 0x58, 0x26, 0x20, 0x02, 0x14, 0x34, 0x53, 0xAC, 0x0A,
    0xEB, 0x3F, 0x72, 0xC0, 0x67, 0x9A, 0x98, 0x01, 0x88, 0x2D, 0xE5, 0xB0, 0xFB, 0x04, 0x58, 0x00,
    0x27, 0x4D, 0x1D, 0x08, 0x05, 0xAF, 0x67, 0x13, 0xD8, 0xC2, 0x00, 0xEC, 0x2D, 0x90, 0xBC, 0x7E,
    0x42, 0x74, 0xA4, 0x48, 0x72, 0x66, 0x02, 0xF6, 0xF6, 0x36, 0x49, 0xF1, 0x53, 0x00, 0x96, 0x3A,
    0x86, 0x75, 0xC4, 0x88, 0xFC, 0x75, 0xE6, 0x7C, 0x5F, 0x6E, 0x91, 0x14, 0xA7, 0xA9, 0xEA, 0x48,
    0xC5, 0x21, 0x59, 0x1D, 0x29, 0x4D, 0x5C, 0x85, 0xFF, 0x69, 0x4A, 0x41, 0x8E, 0x2C, 0x08, 0x25,
    0xC9, 0xA2, 0x50, 0x96, 0x2C, 0x4C, 0x92, 0xE6, 0x10, 0x27, 0xC9, 0x73, 0x08, 0x94, 0x24, 0xDA,
    0x45, 0xDA, 0x65, 0xDA, 0x85, 0xDA, 0xA5, 0xDA, 0xC5, 0xDA, 0xE5, 0x52, 0xC2, 0x24, 0x49, 0xA6,
    0x92, 0x68, 0x2A, 0xC9, 0xA6, 0x92, 0x70, 0x78, 0x1F, 0xC9, 0xCD, 0x20, 0x35, 0x0A, 0x49, 0xFF,
    0x7C, 0x21, 0xAE, 0x5C, 0xD0, 0xF1, 0x16, 0x8D, 0x4F, 0x41, 0x26, 0xA7, 0xE4, 0xAC, 0xFC, 0x6D,
    0x80, 0x44, 0x3A, 0x00, 0x4B, 0xA0, 0xB9, 0x3F, 0x02, 0xC5, 0xF3, 0x9D, 0x1B, 0xFE, 0xED, 0x0A,
    0xEC, 0x05, 0x28, 0x60, 0x5E, 0x44, 0xF2, 0x9F, 0x5B, 0x7A, 0x35, 0xE4, 0x3F, 0x80, 0x7F, 0x62,
    0xDE, 0x77, 0x0D, 0xF8, 0x83, 0x79, 0x19, 0x81, 0xE8, 0xD0, 0x8D, 0x7F, 0x76, 0x27, 0x03, 0xED,
    0xB2, 0xB7, 0xF8, 0x97, 0x64, 0x0E, 0x8E, 0x60, 0x0E, 0xAC, 0x47, 0xF2, 0xF7, 0x6F, 0xF1, 0x4F,
    0xC6, 0xD7, 0x40, 0x6A, 0xC8, 0x79, 0xD2, 0xCB, 0x39, 0x47, 0xFF, 0x0B, 0x04, 0xC5, 0xE5, 0x71,
    0x20, 0x6D, 0xCE, 0x99, 0x23, 0xD7, 0x8E, 0x10, 0x88, 0x05, 0x9E, 0x1D, 0xAB, 0x4B, 0xC0, 0x80,
    0x05, 0x16, 0xB4, 0xC4, 0x02, 0xB3, 0xDE, 0x6D, 0xC9, 0x26, 0x24, 0xCD, 0x0E, 0x5B, 0x73, 0x63,
    0x10, 0x59, 0xA0, 0x3B, 0x85, 0x54, 0x60, 0x85, 0x44, 0xEC, 0xD7, 0x08, 0x09, 0xF1, 0xD4, 0x64,
    0x79, 0x90, 0xF3, 0xCC, 0x65, 0x96, 0xA5, 0xEC, 0xAA, 0x1A, 0x7E, 0x76, 0xF2, 0xAD, 0xF2, 0xB4,
    0xB4, 0xC9, 0xC0, 0xA3, 0xF3, 0x28, 0x36, 0x15, 0xCA, 0xD6, 0x6C, 0x41, 0x12, 0x26, 0x79, 0x96,
    0x4B, 0x21, 0x03, 0xD4, 0x45, 0x1D, 0x4A, 0x9A, 0x86, 0xEC, 0xBB, 0x31, 0x31, 0x21, 0xB2, 0x8D,
    0x8C, 0x16, 0xE8, 0x3A, 0xA0, 0xA8, 0xFF, 0x8E, 0xCE, 0x1E, 0x65, 0x7F, 0xA1, 0xDA, 0x91, 0x5B,
    0xDE, 0x84, 0x8D, 0xEA, 0x24, 0x5D, 0xC3, 0x5D, 0x44, 0x02, 0x69, 0x5A, 0xCC, 0x94, 0x19, 0xEF,
    0xFE, 0x09, 0x50, 0xA4, 0x01, 0x78, 0xE0, 0x81, 0x1A, 0x78, 0xD7, 0xDC, 0x38, 0xC6, 0xEA, 0x0F,
    0x8A, 0x0F, 0xF3, 0x3A, 0xBC, 0xB1, 0xFE, 0x57, 0x22, 0x26, 0xD2, 0xF9, 0x03, 0x79, 0xE3, 0x8E,
    0x35, 0xB1, 0xF1, 0x97, 0xC5, 0xEB, 0x59, 0xDE, 0xBD, 0x2B, 0x4C, 0xC1, 0xC1, 0x28, 0xD9, 0xFD,
    0x9A, 0xC8, 0x56, 0x31, 0x2D, 0x2F, 0xF8, 0xE6, 0x19, 0x47, 0x20, 0x2D, 0x27, 0x3A, 0xF3, 0x33,
    0x87, 0x72, 0x22, 0x86, 0x34, 0xC9, 0xBA, 0x77, 0x62, 0x19, 0x85, 0xB0, 0xAA, 0xE9, 0x36, 0x49,
    0x51, 0xD8, 0x37, 0x36, 0xCC, 0x45, 0x71, 0xB5, 0xB1, 0x74, 0xED, 0x6F, 0x8F, 0x14, 0x3A, 0xD4,
    0x16, 0x1D, 0x0F, 0x02, 0x44, 0xFE, 0x72, 0x7B, 0xF8, 0x77, 0x5C, 0x0E, 0xAC, 0xAA, 0x58, 0xCF,
    0x16, 0x02, 0x5E, 0xDB, 0x3F, 0x0B, 0x68, 0x1C, 0x6E, 0x37, 0xED, 0x34, 0x7D, 0x7C, 0x66, 0x36,
    0xCF, 0xC6, 0xCD, 0xF1, 0x19, 0x14, 0xE5, 0x6B, 0x8F, 0x8F, 0x4D, 0x72, 0xB9, 0x24, 0x4D, 0x4F,
    0x37, 0x92, 0x9F, 0x3C, 0x9D, 0xB9, 0x5A, 0x7B, 0x1A, 0x9A, 0x59, 0x92, 0x33, 0x2E, 0x07, 0x2C,
    0xAC, 0x87, 0x7C, 0x48, 0x88, 0x8C, 0x48, 0x87, 0x40, 0x52, 0x60, 0x75, 0xD4, 0x64, 0x32, 0x80,
    0x19, 0xA8, 0x91, 0x17, 0x81, 0xEC, 0x48, 0x8F, 0xFC, 0x58, 0x31, 0x19, 0x82, 0x1E, 0x21, 0xCF,
    0xD6, 0x1A, 0x15, 0x3A, 0xCA, 0xED, 0x60, 0xF9, 0x36, 0xFE, 0x3B, 0x45, 0x52, 0x8F, 0x75, 0xA7,
    0x0C, 0x66, 0x21, 0x00, 0x33, 0xB1, 0xFB, 0x4E, 0xF1, 0x33, 0xB2, 0xC2, 0x87, 0xE0, 0x97, 0x26,
    0x6D, 0x39, 0xFE, 0xC7, 0x32, 0xA2, 0x68, 0x33, 0xA1, 0x6C, 0x15, 0x51, 0xB8, 0x5C, 0x59, 0x5A,
    0x76, 0x5C, 0x81, 0xAD, 0xC8, 0x44, 0x0C, 0x4A, 0x7A, 0x22, 0x19, 0xAE, 0x7A, 0x06, 0xF5, 0x8A,
    0x53, 0xD8, 0x64, 0x3C, 0x4D, 0xC0, 0x3A, 0x80, 0x67, 0x3B, 0xC0, 0x9A, 0x11, 0xDB, 0x7A, 0x44,
    0x1A, 0xDB, 0xBC, 0x06, 0xBC, 0xEA, 0x91, 0xC5, 0xD3, 0x8C, 0x3F, 0x22, 0xE5, 0xD5, 0x29, 0xB4,
    0xBE, 0xF7, 0x65, 0x33, 0xAA, 0xCB, 0x8F, 0x89, 0x0C, 0xD6, 0x98, 0x95, 0x7E, 0x52, 0x2D, 0xEC,
    0x94, 0x26, 0x25, 0xAD, 0x58, 0x5A, 0x49, 0x4F, 0x3D, 0x16, 0x5D, 0xFB, 0xEB, 0x01, 0xDD, 0xD4,
    0xD3, 0x8D, 0x57, 0xEE, 0xC4, 0x44, 0xF4, 0x84, 0x65, 0xB6, 0xC2, 0xBC, 0xDB, 0xB8, 0x97, 0x90,
    0x79, 0x83, 0x85, 0x2E, 0x3E, 0xE5, 0xE5, 0x5F, 0x16, 0x85, 0xF7, 0x7E, 0x1F, 0xD1, 0x46, 0xFB,
    0x22, 0x62, 0x08, 0xEA, 0x2D, 0x81, 0x15, 0xF6, 0x35, 0xED, 0xB1, 0xD3, 0xAB, 0x09, 0x03, 0xA1,
    0x05, 0x51, 0x15, 0x24, 0x68, 0xAA, 0x14, 0xB6, 0xA1, 0xD8, 0xAB, 0x87, 0x51, 0x0F, 0x50, 0xD5,
    0xF9, 0xAE, 0xF7, 0x01, 0x20, 0x3F, 0xE7, 0x7B, 0xBD, 0xE5, 0x5E, 0x3F, 0x72, 0xAF, 0x9F, 0xB0,
    0x2C, 0x4F, 0xB1, 0x8A, 0x47, 0x1F, 0x17, 0x2B, 0x03, 0xA8, 0x82, 0xD6, 0x32, 0x5A, 0xA0, 0xEB,
    0x88, 0x0A, 0x28, 0x19, 0x8B, 0x05, 0xA8, 0x63, 0x42, 0xBC, 0x73, 0x9A, 0x7A, 0x8B, 0x4E, 0xA3,
    0x82, 0x18, 0xB8, 0xD7, 0xC3, 0x0B, 0xD6, 0xA2, 0x2A, 0xE9, 0x1E, 0x46, 0xEA, 0x3A, 0x18, 0x27,
    0x20, 0xA2, 0xEE, 0xC8, 0xB4, 0xF7, 0xBE, 0x7F, 0x67, 0xD7, 0xAB, 0x66, 0xE0, 0x5D, 0x7B, 0xFB,
    0x64, 0x31, 0x03, 0xB0, 0x9F, 0x38, 0xEB, 0x16, 0x2E, 0x2E, 0x2C, 0xA0, 0x0F, 0xEC, 0x07, 0xF6,
    0xD6, 0xC9, 0xF2, 0x5B, 0xF5, 0x18, 0xEE, 0xE3, 0x67, 0x81, 0x14, 0xB1, 0xEE, 0xEE, 0xC3, 0xF2,
    0xFA, 0x19, 0x42, 0x9B, 0xB7, 0x4D, 0x16, 0x3E, 0x88, 0xD8, 0x73, 0x44, 0x7C, 0x2A, 0xCF, 0x5F,
    0x6E, 0x9B, 0x2C, 0xBF, 0xDB, 0xFE, 0xF1, 0x38, 0xA6, 0x58, 0xA1, 0xB6, 0x5C, 0xD7, 0x06, 0xD5,
    0x3E, 0x83, 0x8E, 0x7A, 0xC5, 0x23, 0x37, 0xF0, 0x12, 0x8F, 0x1C, 0x14, 0x33, 0x72, 0xEE, 0x65,
    0x50, 0x1A, 0xCA, 0xD5, 0xC4, 0x62, 0x85, 0x01, 0xEE, 0xBA, 0x06, 0x67, 0x35, 0x3F, 0x54, 0xEA,
    0x07, 0x60, 0x05, 0x59, 0xA9, 0xC3, 0x87, 0x8F, 0x41, 0x54, 0xE6, 0x45, 0x69, 0x19, 0x6A, 0x99,
    0x50, 0x3F, 0xEA, 0x6A, 0x03, 0x78, 0xA9, 0xDE, 0xF3, 0x9B, 0xF0, 0x5C, 0x11, 0x0B, 0xB5, 0xFE,
    0x2A, 0x40, 0xF9, 0xF4, 0x06, 0x49, 0x11, 0x4D, 0xA8, 0x66, 0x85, 0xF8, 0x17, 0x8E, 0x1B, 0x3C,
    0xC3, 0x9A, 0xBD, 0x42, 0x52, 0xCC, 0x4C, 0xAA, 0x51, 0xD5, 0x83, 0x09, 0x35, 0xF6, 0x88, 0x53,
    0x78, 0xA4, 0x90, 0xFC, 0x73, 0x86, 0x3B, 0xC0, 0x18, 0x85, 0x28, 0x2D, 0x16, 0x31, 0x97, 0x82,
    0xDD, 0x8C, 0x6F, 0x68, 0x79, 0xE3, 0x71, 0x07, 0x1C, 0x1E, 0xD2, 0x79, 0xF9, 0xB8, 0xDA, 0x35,
    0xFC, 0xC3, 0xDD, 0x3B, 0xFB, 0x84, 0x58, 0xCC, 0x29, 0x59, 0x14, 0x1F, 0x47, 0xA4, 0xEB, 0x7E,
    0xF9, 0x41, 0x7F, 0x43, 0x99, 0x5B, 0x45, 0x65, 0xDE, 0xF1, 0x17, 0xA7, 0x98, 0x08, 0x12, 0x8B,
    0x04, 0x7F, 0x58, 0x59, 0x1D, 0x2B, 0x66, 0xC0, 0x9B, 0x3C, 0x91, 0x2C, 0x4C, 0x8A, 0xC8, 0xDD,
    0xB4, 0xA4, 0x32, 0xC7, 0x2F, 0xC9, 0xDF, 0x4C, 0xC9, 0xC4, 0x24, 0xB9, 0xAA, 0xC8, 0xE6, 0x84,
    0x8D, 0xA7, 0x23, 0x42, 0x26, 0xCE, 0x42, 0x60, 0x4C, 0x2F, 0x2D, 0x8F, 0x1F, 0x2C, 0x9C, 0x80,
    0x14, 0xB3, 0xC5, 0xBA, 0xC3, 0xC8, 0x2F, 0x07, 0x73, 0x0B, 0x60, 0x63, 0xF4, 0x3D, 0x99, 0xA0,
    0x2B, 0xD0, 0xEA, 0x7B, 0x27, 0xED, 0x63, 0x00, 0x5E, 0xBE, 0x09, 0x79, 0x14, 0x2B, 0xA4, 0x81,
    0x39, 0x30, 0xBE, 0x5F, 0xD2, 0x96, 0x38, 0xCD, 0x40, 0x33, 0xF5, 0x98, 0x13, 0xFE, 0xF8, 0x5E,
    0x89, 0x99, 0x1D, 0xDD, 0x11, 0xD8, 0x0E, 0x40, 0x01, 0x80, 0xC2, 0xF9, 0xE3, 0x2C, 0x26, 0x39,
    0x44, 0x45, 0x3C, 0x1D, 0xD5, 0xD7, 0xA3, 0xAA, 0x22, 0x29, 0x4C, 0x70, 0x8E, 0xDB, 0x11, 0x8C,
    0x9D, 0xDF, 0x10, 0x6A, 0xA3, 0x5C, 0x28, 0x98, 0x98, 0x09, 0xC8, 0xE5, 0xD1, 0x8B, 0xCF, 0x93,
    0xA7, 0x89, 0x40, 0x33, 0xBD, 0xE3, 0x4C, 0x7D, 0x5B, 0xBF, 0xED, 0x92, 0x23, 0x76, 0x53, 0x96,
    0x12, 0x13, 0x97, 0x23, 0x0C, 0xE3, 0x36, 0xE6, 0x03, 0xCA, 0xB6, 0x01, 0x68, 0x42, 0xB1, 0x02,
    0xCB, 0x08, 0xD4, 0x19, 0x9B, 0x51, 0xCF, 0x8C, 0x0A, 0x4D, 0xAA, 0xDA, 0x0F, 0x05, 0xB9, 0x09,
    0xCD, 0x44, 0x7B, 0xB9, 0xC1, 0x8C, 0x50, 0xE1, 0xE0, 0xCB, 0x1D, 0x03, 0x87, 0x06, 0x90, 0xB4,
    0x58, 0x58, 0xC0, 0xA5, 0x49, 0x42, 0x67, 0xF0, 0xCB, 0x0D, 0x15, 0xCF, 0xAC, 0x18, 0xA0, 0x14,
    0x2A, 0xDF, 0xA5, 0x82, 0x64, 0xF1, 0x24, 0x03, 0xE6, 0x43, 0x8F, 0x23, 0x2B, 0xF4, 0x33, 0xF8,
    0x08, 0x8F, 0x31, 0x7B, 0xA5, 0x03, 0x8A, 0x57, 0xC4, 0x13, 0xD1, 0x8C, 0xC4, 0x01, 0x7F, 0x35,
    0x47, 0x94, 0x4E, 0xD3, 0x0D, 0xAE, 0x67, 0xD5, 0x5A, 0x30, 0x69, 0x3B, 0x21, 0xAB, 0x96, 0x9D,
    0xFE, 0x05, 0x20, 0x02, 0x84, 0xC4, 0x01, 0x17, 0x66, 0x78, 0x21, 0x13, 0xA4, 0x91, 0x8D, 0xE3,
    0x6B, 0xB1, 0x8C, 0x5E, 0x96, 0x11, 0xB6, 0xD5, 0x47, 0x3C, 0x3A, 0x05, 0xB0, 0xFB, 0x4B, 0xF4,
    0xB4, 0x13, 0xF1, 0x95, 0xAC, 0x4F, 0xFD, 0xD6, 0x66, 0xED, 0x79, 0x2D, 0x86, 0x82, 0x3A, 0xD0,
    0x12, 0xB4, 0x24, 0x98, 0x38, 0xBD, 0x35, 0xA2, 0xDA, 0x55, 0x7A, 0x55, 0x4B, 0xEC, 0x39, 0x20,
    0x78, 0x34, 0xAB, 0x0A, 0x47, 0x2F, 0x0A, 0x15, 0xE9, 0xF5, 0x08, 0xA1, 0xAF, 0x8F, 0x33, 0x19,
    0xD7, 0x41, 0x0D, 0x0C, 0xEA, 0xCE, 0xE7, 0x77, 0x3E, 0xBF, 0x0A, 0x17, 0x67, 0x3F, 0x55, 0x5A,
    0xBE, 0x89, 0xEA, 0xF4, 0x5A, 0x82, 0x32, 0xB6, 0xB7, 0x57, 0xA1, 0xC1, 0x67, 0xAE, 0x06, 0x5A,
    0x5D, 0x09, 0xF8, 0x15, 0xCF, 0xF5, 0x08, 0x19, 0x2A, 0x37, 0x9E, 0x64, 0x36, 0xE0, 0x67, 0xAC,
    0x52, 0x11, 0xF0, 0x08, 0x5F, 0xDB, 0x95, 0x9B, 0xD4, 0x55, 0xF8, 0xA1, 0x21, 0x07, 0x76, 0xB5,
    0xAC, 0x95, 0x48, 0xC7, 0x06, 0x1F, 0x52, 0x29, 0x09, 0x0E, 0x26, 0xEB, 0xA0, 0xD0, 0xF0, 0xC2,
    0x89, 0xFE, 0x11, 0x8D, 0xBC, 0x78, 0x68, 0xB5, 0x94, 0x19, 0x53, 0xE6, 0x37, 0x4F, 0xBF, 0x79,
    0xF2, 0x24, 0x26, 0x25, 0x96, 0xCE, 0xFB, 0xF6, 0x4C, 0xBD, 0x76, 0xBB, 0xFE, 0x49, 0x47, 0xAF,
    0x20, 0x95, 0x32, 0xE0, 0xD6, 0x1F, 0x19, 0x19, 0x98, 0xA1, 0x51, 0x7A, 0x0F, 0xD3, 0xC9, 0x7C,
    0xBD, 0x28, 0xE7, 0x41, 0xF8, 0x99, 0x88, 0x90, 0x60, 0x8A, 0x28, 0x94, 0x32, 0xAA, 0x93, 0x60,
    0xBB, 0xA7, 0x08, 0x4D, 0xBE, 0xB2, 0xB6, 0x6E, 0xA5, 0x4E, 0x93, 0x6A, 0xFC, 0xC6, 0xE9, 0xFB,
    0x5B, 0x92, 0xA3, 0x12, 0x59, 0x31, 0x0B, 0x60, 0xCD, 0x20, 0x00, 0xB7, 0x53, 0x22, 0xA9, 0xA8,
    0x9A, 0x50, 0x31, 0x4E, 0x37, 0x41, 0x02, 0xBF, 0x87, 0x26, 0x7F, 0xC5, 0x17, 0x51, 0xE1, 0x87,
    0x01, 0xED, 0x6E, 0xA0, 0xEF, 0x03, 0xC4, 0xF3, 0xCE, 0x14, 0x1E, 0xFC, 0x21, 0xF5, 0xCD, 0x92,
    0x6B, 0x3C, 0x0F, 0x05, 0x9E, 0x73, 0xEE, 0xFD, 0x09, 0x8E, 0x3C, 0xCF, 0x29, 0x1A, 0x44, 0x6D,
    0xDA, 0x6E, 0x83, 0xFE, 0xC9, 0x93, 0x3F, 0x06, 0x07, 0x8B, 0x5E, 0x00, 0x17, 0x39, 0x77, 0x89,
    0xF3, 0xA7, 0xF4, 0x36, 0xC0, 0x99, 0x3E, 0x40, 0xC0, 0x95, 0xAA, 0x64, 0xE4, 0x0D, 0x1C, 0x1F,
    0xBE, 0xB5, 0x17, 0xD7, 0xE1, 0x8A, 0x84, 0xAA, 0x70, 0x6C, 0xAB, 0xE2, 0x60, 0x3C, 0x6C, 0x95,
    0xDF, 0x7D, 0x7C, 0xF7, 0xF1, 0x35, 0xB8, 0x64, 0x2B, 0x0A, 0x5A, 0x33, 0x00, 0x46, 0x7E, 0xBD,
    0x56, 0xE7, 0x54, 0xD6, 0x0C, 0xA7, 0xA0, 0xE7, 0xE3, 0x4C, 0xAF, 0x5E, 0x9B, 0xE5, 0xC3, 0x58,
    0xC4, 0x32, 0xEA, 0x59, 0x4F, 0x3A, 0xE0, 0x7A, 0x08, 0xEE, 0x89, 0x18, 0x8F, 0x2B, 0x23, 0xB8,
    0x3B, 0xD2, 0x72, 0x86, 0x35, 0xA9, 0xFA, 0x72, 0x49, 0x66, 0x7E, 0x93, 0x05, 0xC8, 0xA7, 0x9A,
    0xCD, 0xB2, 0x4D, 0x5A, 0x5A, 0x6E, 0x7B, 0xD8, 0x76, 0x4E, 0xFB, 0x86, 0x0E, 0x1C, 0x10, 0x16,
    0xA3, 0xA1, 0x36, 0xA4, 0xDD, 0xB5, 0xF6, 0xA9, 0x1A, 0x9E, 0xAA, 0xE5, 0x0B, 0x41, 0x30, 0xCA,
    0x90, 0x19, 0x18, 0x61, 0x32, 0xFF, 0xC2, 0xD1, 0xA4, 0xFB, 0xBF, 0xB5, 0x75, 0xF2, 0xAD, 0x32,
    0xC1, 0x59, 0x7C, 0x90, 0x3F, 0x0F, 0xA6, 0xA7, 0xCF, 0x5D, 0xF4, 0xF1, 0xFF, 0xD4, 0x1E, 0x9E,
    0x47, 0x00, 0x37, 0xFD, 0x72, 0x03, 0x0C, 0x74, 0x25, 0x01, 0x34, 0xE8, 0xD9, 0xA3, 0x8E, 0x57,
    0xA8, 0xE4, 0xC5, 0xB4, 0x7D, 0x2D, 0xE7, 0xBC, 0xC4, 0x23, 0xCE, 0xA3, 0x22, 0x6E, 0x91, 0x45,
    0x58, 0x4F, 0xD1, 0x2C, 0xC5, 0x8A, 0x89, 0xD4, 0x46, 0x98, 0xB8, 0x73, 0x8F, 0x38, 0xAC, 0x83,
    0x96, 0x5C, 0x33, 0x2C, 0xE0, 0xB1, 0x82, 0x80, 0xA0, 0x75, 0xDE, 0x40, 0x69, 0xC7, 0xA4, 0x6C,
    0xC2, 0x8D, 0xB2, 0x61, 0x3C, 0xF2, 0x1E, 0xA3, 0x91, 0x29, 0x16, 0xA9, 0x87, 0xB7, 0x23, 0x91,
    0x38, 0x1F, 0xFD, 0x73, 0x2F, 0x83, 0x5A, 0x51, 0x4E, 0x46, 0x33, 0x2B, 0xE9, 0x34, 0xBC, 0x75,
    0x1D, 0xCB, 0xB8, 0x81, 0x9E, 0x15, 0x26, 0x8D, 0xC2, 0xBC, 0x51, 0x98, 0x3A, 0xB8, 0x5C, 0x34,
    0xE2, 0x7A, 0xDE, 0x80, 0xBB, 0x46, 0x7E, 0xA3, 0x01, 0xF0, 0xB5, 0xC7, 0x6E, 0x61, 0x37, 0x42,
    0xB8, 0x8D, 0x69, 0x5B, 0xB2, 0xDA, 0xE0, 0xDB, 0xE8, 0xB2, 0x11, 0xAB, 0x63, 0xE1, 0xEA, 0xE8,
    0xB4, 0xA4, 0xD5, 0x51, 0x0F, 0x3C, 0x2D, 0x6E, 0x3C, 0x6E, 0x59, 0x59, 0xAC, 0x0E, 0x8C, 0x8A,
    0xDB, 0x20, 0x08, 0xC6, 0x85, 0xC0, 0x2E, 0x11, 0x0C, 0x0F, 0xCD, 0x4D, 0x6E, 0x09, 0x74, 0x46,
    0xEA, 0x50, 0x2D, 0x67, 0xFA, 0xF7, 0xB2, 0x2E, 0x9B, 0xAE, 0x48, 0x48, 0x4F, 0x97, 0x75, 0xD9,
    0x35, 0xB8, 0xB8, 0xEE, 0x8B, 0xED, 0xFB, 0xEB, 0x49, 0x99, 0x7F, 0x60, 0x71, 0x76, 0xAE, 0xBB,
    0x02, 0x8D, 0x33, 0x95, 0x0A, 0x28, 0xA6, 0x93, 0xBF, 0xDE, 0x18, 0x51, 0x9D, 0xB7, 0xE1, 0x80,
    0x06, 0x90, 0xF9, 0xE4, 0xF3, 0xFB, 0x0C, 0xEB, 0x19, 0xD3, 0x89, 0x27, 0xE5, 0x28, 0xB5, 0xA4,
    0x1C, 0x7F, 0xCB, 0x8F, 0x9B, 0x4F, 0x58, 0x8E, 0xF2, 0xB0, 0xDB, 0x1D, 0x38, 0xF1, 0xF5, 0x04,
    0x5D, 0x7C, 0xC2, 0x0A, 0x54, 0x0D, 0x9D, 0xE4, 0x1E, 0x47, 0xF3, 0xC5, 0x8C, 0xEB, 0x08, 0xD5,
    0xB8, 0x6C, 0xAC, 0x6B, 0x1B, 0x71, 0xB7, 0xB6, 0x00, 0x46, 0xE0, 0x67, 0xBC, 0x03, 0xF6, 0x95,
    0x47, 0x11, 0x41, 0x91, 0x3A, 0xF9, 0xAC, 0x81, 0xEE, 0x72, 0x2C, 0xE4, 0xA8, 0x3E, 0x3A, 0x28,
    0xA4, 0x9F, 0x27, 0xCF, 0xAD, 0x08, 0x9C, 0x85, 0x79, 0xA1, 0x7E, 0x09, 0x38, 0x57, 0x95, 0xD0,
    0x08, 0x33, 0x34, 0xC2, 0xC4, 0x0B, 0xD9, 0xBC, 0x8F, 0x8D, 0x1B, 0xD9, 0x81, 0x6E, 0x3A, 0xFA,
    0xDC, 0x9B, 0x01, 0xE0, 0x41, 0x0D, 0xA6, 0x63, 0xB3, 0x41, 0x87, 0x2B, 0xDA, 0x50, 0x91, 0x0E,
    0x20, 0x1B, 0x94, 0xEB, 0xC6, 0x46, 0x2F, 0xB8, 0x66, 0x1D, 0x37, 0x9A, 0x2B, 0xD4, 0xD6, 0x8C,
    0x88, 0x5F, 0xD2, 0x0A, 0x95, 0x3F, 0xDC, 0x4C, 0x4C, 0xBE, 0x92, 0xDD, 0x15, 0xAE, 0xC3, 0xE5,
    0x8D, 0x93, 0xBA, 0x25, 0x1D, 0x2A, 0x73, 0x5E, 0x5D, 0x83, 0x8B, 0x0E, 0xC6, 0xAA, 0x6A, 0x6E,
    0x07, 0x02, 0xBE, 0x82, 0xC6, 0xB5, 0xC6, 0x48, 0xCD, 0x00, 0x7D, 0x98, 0xEF, 0x39, 0x70, 0xB1,
    0xA8, 0x4B, 0x8F, 0x50, 0xED, 0xBB, 0x94, 0xE1, 0x1C, 0x6B, 0x37, 0x96, 0xC0, 0xEA, 0xC6, 0x9F,
    0xB7, 0xDC, 0x51, 0x6D, 0xDB, 0x61, 0xF0, 0x1D, 0xA3, 0xA8, 0xA8, 0xCD, 0x3C, 0x8F, 0xC0, 0x17,
    0x01, 0xF8, 0x17, 0xE2, 0x4B, 0x06, 0xE2, 0xC8, 0xA4, 0x12, 0xF2, 0x58, 0x89, 0x91, 0xF8, 0xE6,
    0xE9, 0xB5, 0x4F, 0xCC, 0x00, 0xC2, 0x6C, 0x04, 0xBA, 0x00, 0x04, 0x83, 0xCB, 0xFF, 0xBB, 0x63,
    0x24, 0x0E, 0x37, 0x35, 0xD4, 0xCF, 0x69, 0xBA, 0xBD, 0x14, 0x30, 0xE7, 0xE2, 0x6E, 0x63, 0x29,
    0x8A, 0x21, 0x6D, 0x0B, 0xB7, 0x83, 0x11, 0x30, 0xA0, 0x70, 0xE6, 0xAE, 0xC4, 0x08, 0xA4, 0xB0,
    0xBE, 0x24, 0x6A, 0xA0, 0x05, 0x3A, 0x05, 0x14, 0xA8, 0x81, 0x62, 0x51, 0x66, 0xC5, 0x57, 0x23,
    0xB6, 0x09, 0x9B, 0x70, 0xF0, 0x97, 0xEA, 0x17, 0xC2, 0x9A, 0xFA, 0xE9, 0x26, 0x2E, 0x74, 0xF1,
    0x56, 0x36, 0xBC, 0xC0, 0x12, 0xAC, 0x45, 0xC7, 0x8C, 0x8F, 0xB2, 0x62, 0xB9, 0x2D, 0x63, 0xF1,
    0x6F, 0xDD, 0x5B, 0x01, 0xA4, 0x2E, 0x49, 0x76, 0x3E, 0xDD, 0x6D, 0x5F, 0x67, 0xA7, 0xD9, 0x02,
    0x6B, 0x23, 0x43, 0x7A, 0xB1, 0x88, 0x45, 0x3A, 0x08, 0x59, 0x24, 0x5B, 0xCD, 0x62, 0xB1, 0x98,
    0x41, 0x06, 0x04, 0x01, 0x10, 0xC1, 0x42, 0x10, 0x4C, 0xA6, 0x3B, 0x16, 0x03, 0xD8, 0x87, 0x00,
    0x60, 0x31, 0x48, 0xEE, 0x60, 0x01, 0xE0, 0xCE, 0x74, 0xED, 0x0E, 0x82, 0x41, 0x7A, 0x05, 0x00,
    0xD3, 0x31, 0x03, 0x19, 0x50, 0x63, 0x9A, 0xE9, 0x35, 0xD5, 0x7D, 0xF2, 0x7F, 0xDF, 0xE9, 0xBF,
    0xFD, 0xF7, 0x9F, 0xF7, 0xF2, 0xF6, 0x26, 0xE6, 0xCE, 0xDC, 0x2D, 0xEF, 0xFF, 0x4E, 0xDD, 0xBF,
    0xFB, 0xAF, 0x73, 0xCE, 0x57, 0xA7, 0xAA, 0xAA, 0x4E, 0xF7, 0x13, 0x11, 0xAF, 0x1B, 0x71, 0x3D,
    0xE1, 0xF7, 0x6F, 0xFE, 0x55, 0x9E, 0x55, 0x8A, 0x04, 0x74, 0x2B, 0xB0, 0xDE, 0x80, 0x5E, 0x81,
    0xC3, 0x00, 0xDC, 0x3A, 0xDE, 0xE2, 0x4F, 0x58, 0xCE, 0xBE, 0x15, 0x71, 0xD1, 0xF7, 0x22, 0xCD,
    0xE8, 0x83, 0x88, 0x0F, 0x40, 0x95, 0x26, 0x48, 0xB6, 0x49, 0x1D, 0xD0, 0x56, 0x3D, 0x4A, 0xB5,
    0x88, 0x9B, 0xC4, 0x45, 0xA0, 0x1F, 0x51, 0xE9, 0x54, 0x35, 0x8A, 0x02, 0x33, 0xE0, 0x5C, 0x24,
    0xB4, 0x77, 0xBA, 0x51, 0x8A, 0xC5, 0x45, 0x6A, 0x18, 0x81, 0x5D, 0x0F, 0x94, 0x1C, 0xB7, 0x17,
    0x80, 0xFC, 0xE6, 0xE6, 0xE9, 0x85, 0xB1, 0x99, 0xCE, 0x22, 0xB5, 0xAA, 0xC8, 0xF0, 0xB9, 0xF6,
    0x54, 0x9D, 0x27, 0x71, 0xA3, 0x7C, 0x4F, 0xAA, 0x49, 0xC4, 0xC0, 0x4D, 0x68, 0x60, 0x94, 0x41,
    0x35, 0x94, 0xBA, 0xFD, 0x32, 0xD4, 0x8B, 0xD4, 0x30, 0xD5, 0xF7, 0x9D, 0x88, 0x6F, 0x07, 0x91,
    0x4E, 0x14, 0x86, 0xAB, 0xE4, 0x2A, 0x5D, 0xEF, 0x54, 0xFC, 0xA6, 0x9D, 0xD4, 0x9A, 0x3A, 0xC9,
    0x75, 0x14, 0xB2, 0x20, 0x1E, 0xA2, 0xF9, 0x15, 0x39, 0x71, 0x9A, 0x48, 0x96, 0x4E, 0x10, 0xF2,
    0x77, 0xCF, 0x25, 0x92, 0x4C, 0x1E, 0x54, 0x92, 0xCB, 0x83, 0x4C, 0xB2, 0x69, 0x74, 0x1E, 0x7C,
    0xEE, 0x84, 0x1A, 0xA3, 0x67, 0x4A, 0x8D, 0xD3, 0x9D, 0xD4, 0x9D, 0xD5, 0x9D, 0xD6, 0x9D, 0xD7,
    0x9D, 0xD8, 0x9D, 0x59, 0x51, 0x0A, 0xE3, 0x56, 0x8C, 0x5C, 0x31, 0x76, 0xC5, 0xE8, 0xC5, 0xFD,
    0x10, 0x3B, 0xC1, 0x92, 0x2D, 0xF9, 0x2C, 0xB2, 0x56, 0x51, 0x64, 0xD0, 0x20, 0xD2, 0x28, 0xD8,
    0x7D, 0x2A, 0x0F, 0xCE, 0xF5, 0xD7, 0x36, 0x06, 0xE1, 0xE1, 0x0C, 0x6C, 0x5A, 0xE0, 0x0F, 0x01,
    0xF2, 0x0E, 0x71, 0x78, 0x15, 0xE8, 0x23, 0xB0, 0x8E, 0x0F, 0x43, 0xD4, 0x6F, 0x12, 0x1A, 0x09,
    0xB0, 0x87, 0xCA, 0x09, 0xFF, 0x02, 0x48, 0xBB, 0xA5, 0x10, 0x01, 0xE8, 0x89, 0xDA, 0x82, 0xAF,
    0x05, 0xD5, 0x97, 0x7A, 0xB9, 0x5B, 0x6A, 0xF0, 0x9E, 0xA9, 0xAE, 0x08, 0x6C, 0xD5, 0x56, 0xFC,
    0x9A, 0xE9, 0x28, 0x1A, 0xA4, 0x8E, 0xB9, 0xE2, 0x67, 0x20, 0xA0, 0x98, 0xDC, 0xD9, 0x45, 0x6B,
    0xF5, 0xC0, 0xAE, 0x07, 0x0E, 0x2D, 0x50, 0xE5, 0xC5, 0xC8, 0xFB, 0xF9, 0xDB, 0x1F, 0x88, 0x9F,
    0x60, 0x5B, 0xBD, 0x48, 0xA1, 0x52, 0x69, 0xDB, 0x70, 0xB4, 0xAB, 0x85, 0x72, 0x2F, 0x52, 0xAA,
    0xB9, 0x52, 0x06, 0x68, 0x1E, 0xF7, 0x1F, 0x67, 0x2B, 0xBE, 0x8A, 0x72, 0x5D, 0x18, 0x40, 0x8D,
    0x26, 0x8E, 0x00, 0x29, 0x36, 0x19, 0xFA, 0x6A, 0x96, 0x26, 0xB8, 0x49, 0xBE, 0xC9, 0x21, 0x24,
    0x1C, 0x5C, 0x1D, 0xCD, 0x3D, 0xEC, 0xD9, 0x0E, 0xD0, 0xE3, 0x42, 0xB7, 0x5B, 0x98, 0xA4, 0x89,
    0x65, 0x12, 0xC7, 0x81, 0xA4, 0x18, 0x1A, 0xDD, 0x2A, 0x47, 0x61, 0x0F, 0x20, 0xF4, 0x0E, 0xC4,
    0x37, 0x8F, 0x8E, 0x5C, 0x12, 0x3C, 0x72, 0xF2, 0x21, 0xF0, 0xCF, 0xAF, 0x90, 0x5C, 0x17, 0xEB,
    0x09, 0x83, 0x8E, 0x31, 0xAB, 0x89, 0x77, 0x4F, 0x8C, 0x5C, 0x79, 0x6C, 0xE4, 0x96, 0xB3, 0x8B,
    0x92, 0x71, 0x12, 0x19, 0xE0, 0x5B, 0x03, 0x13, 0x9E, 0xB4, 0x5F, 0x51, 0xD0, 0x6E, 0x85, 0x91,
    0xF9, 0x8A, 0xD1, 0xA1, 0xF4, 0xA6, 0xB4, 0x6B, 0xF2, 0x54, 0xAE, 0x8B, 0xD3, 0xAD, 0xA5, 0xD0,
    0xC4, 0xDB, 0xE9, 0x57, 0x13, 0xBE, 0xA3, 0x91, 0x6A, 0x9A, 0x85, 0xA2, 0x4C, 0xB4, 0x30, 0xDF,
    0xCC, 0x00, 0x85, 0x31, 0x14, 0x2A, 0xAC, 0x6E, 0x14, 0xD9, 0x4A, 0x91, 0x27, 0x5E, 0x2B, 0xEE,
    0x8A, 0x85, 0x8B, 0x5B, 0x39, 0x73, 0xA6, 0xC5, 0x22, 0x04, 0xEB, 0xA3, 0xE0, 0x03, 0xE1, 0x27,
    0xAE, 0x71, 0xE8, 0xD5, 0x51, 0x6A, 0x05, 0x5B, 0x34, 0xC9, 0x9F, 0xC4, 0x48, 0xB1, 0x1C, 0x36,
    0xDF, 0xDA, 0x20, 0x4C, 0x74, 0xF0, 0xD7, 0xFC, 0xBE, 0x79, 0xCF, 0xFA, 0xFD, 0x67, 0x13, 0xC5,
    0x4F, 0xAC, 0xE7, 0x9D, 0x75, 0xFD, 0x4B, 0xE8, 0xA9, 0x5E, 0x71, 0x41, 0x23, 0x4C, 0x55, 0x4D,
    0x49, 0xD0, 0x0D, 0xDD, 0x49, 0xB8, 0x59, 0x6A, 0x88, 0x49, 0x9C, 0x39, 0xEB, 0x66, 0x0A, 0xD8,
    0xD8, 0xB5, 0x14, 0x83, 0x50, 0x28, 0xEF, 0xA2, 0x18, 0x29, 0xEA, 0x40, 0xD1, 0x98, 0xF0, 0x81,
    0x77, 0x0E, 0x3D, 0xAA, 0x99, 0x42, 0xC4, 0x4A, 0x5B, 0xB2, 0x3A, 0xB4, 0xB0, 0x61, 0xF3, 0x8C,
    0xF6, 0xE9, 0x82, 0xF9, 0x9A, 0x5E, 0x36, 0xE4, 0xDD, 0x9F, 0x68, 0x9F, 0xC0, 0x73, 0x33, 0x43,
    0x73, 0x99, 0x64, 0x10, 0x70, 0xAE, 0x64, 0xD0, 0x70, 0x03, 0x7A, 0xD5, 0x99, 0x18, 0x45, 0x3B,
    0x22, 0x59, 0xDE, 0x48, 0xF2, 0x5A, 0x72, 0x65, 0x73, 0x07, 0x56, 0x33, 0xB0, 0x8E, 0x30, 0xDA,
    0x8F, 0x58, 0x35, 0xB5, 0x47, 0xD7, 0x6E, 0x24, 0x77, 0x21, 0x06, 0xE9, 0x50, 0xBD, 0x98, 0xF0,
    0x6A, 0x22, 0xF7, 0x24, 0x37, 0xC3, 0x7F, 0x0B, 0x82, 0x6C, 0x23, 0xAE, 0xE4, 0x14, 0xD5, 0x5E,
    0xCF, 0x8C, 0x92, 0x50, 0xE3, 0xB3, 0x22, 0x9D, 0xC6, 0x66, 0x43, 0x32, 0xC9, 0xA5, 0x51, 0x69,
    0x4C, 0x1A, 0x91, 0xC4, 0xD1, 0x68, 0x34, 0x16, 0x8D, 0xC4, 0x9D, 0xC3, 0x8E, 0x14, 0x1A, 0x83,
    0x46, 0x60, 0x05, 0xFE, 0x0E, 0xFA, 0x4A, 0x06, 0x7D, 0x45, 0x7C, 0x72, 0x73, 0xD3, 0xCB, 0x17,
    0x8B, 0x63, 0x08, 0x19, 0xD6, 0xC4, 0xE6, 0x98, 0x17, 0x0E, 0xEC, 0x81, 0x5D, 0x0B, 0x1C, 0xAE,
    0xE7, 0x82, 0x8C, 0xC1, 0x97, 0x93, 0x9F, 0x82, 0x48, 0x9E, 0x19, 0xCC, 0xC2, 0x58, 0x86, 0x3B,
    0x40, 0x77, 0x89, 0x13, 0xB0, 0xB6, 0x05, 0xE3, 0x60, 0x78, 0x26, 0x46, 0x52, 0x38, 0x49, 0xC1,
    0x86, 0x69, 0xF6, 0xF3, 0x27, 0x89, 0x2E, 0x54, 0xB3, 0xB8, 0xD1, 0x8D, 0x52, 0xC5, 0x26, 0x48,
    0x11, 0x7D, 0x7B, 0x82, 0xEE, 0xE6, 0xE6, 0xED, 0x38, 0xA0, 0x2D, 0x05, 0x3C, 0x73, 0x92, 0x68,
    0xCD, 0xBF, 0x7F, 0x94, 0x7A, 0xCE, 0xD5, 0x06, 0x77, 0x4E, 0xE5, 0xCD, 0xD6, 0xD2, 0xE8, 0x70,
    0x6D, 0x74, 0x35, 0xCA, 0xA3, 0x61, 0xD0, 0x4A, 0x31, 0xF1, 0x7E, 0x82, 0xFD, 0xC9, 0xF2, 0xF0,
    0x84, 0x7E, 0x7D, 0x69, 0x32, 0xCD, 0x89, 0x1A, 0x66, 0x60, 0x11, 0x89, 0x6B, 0x4B, 0x9D, 0xBC,
    0xDA, 0x85, 0x07, 0x22, 0x4A, 0x71, 0xE9, 0x9F, 0x70, 0xD3, 0x72, 0xB6, 0x27, 0xA7, 0x21, 0xB4,
    0xA3, 0x03, 0x94, 0x11, 0x8E, 0xD9, 0x52, 0xCA, 0xB5, 0x94, 0x8B, 0x29, 0x57, 0xD3, 0x47, 0x31,
    0xB2, 0x39, 0xD1, 0xAE, 0x50, 0xDF, 0x6D, 0xDC, 0x8B, 0x1C, 0xA6, 0x3F, 0xFC, 0x18, 0x2F, 0xC7,
    0x6A, 0x84, 0x49, 0x0D, 0xFB, 0xD7, 0x7E, 0x97, 0x8C, 0xCB, 0xE7, 0x6C, 0xB0, 0x36, 0xE3, 0x35,
    0x70, 0x83, 0x15, 0x45, 0x31, 0x79, 0x17, 0x8A, 0x55, 0x04, 0xCB, 0x7F, 0xFE, 0x82, 0x0D, 0xD6,
    0x41, 0xB1, 0x6A, 0xDA, 0x11, 0x8D, 0xCE, 0xCA, 0x7E, 0x05, 0xBA, 0x1D, 0xB1, 0x40, 0xD6, 0x13,
    0x4F, 0x72, 0xA3, 0xE7, 0x9A, 0x5F, 0x63, 0x0F, 0x13, 0x9C, 0xB6, 0x3F, 0xD5, 0x80, 0xDE, 0xF8,
    0xA0, 0x97, 0x41, 0xD7, 0x1A, 0x53, 0xFE, 0x68, 0x0B, 0x7E, 0x82, 0x9E, 0x1F, 0x2D, 0xB6, 0x84,
    0x33, 0x00, 0xA8, 0xF4, 0xAD, 0x2B, 0x57, 0x32, 0x9D, 0x78, 0x31, 0xD5, 0x2D, 0x3A, 0xC5, 0x8B,
    0x68, 0xDF, 0xA8, 0x14, 0xAB, 0x54, 0x2A, 0xE5, 0x02, 0xC2, 0x5D, 0x94, 0x82, 0xEB, 0x53, 0x9E,
    0xF6, 0xB3, 0x23, 0x68, 0x5F, 0xE0, 0x4B, 0x31, 0x13, 0xA3, 0xAD, 0x58, 0x5C, 0xBD, 0x22, 0x7A,
    0xBB, 0x99, 0x50, 0x19, 0x46, 0x29, 0xD7, 0xF2, 0x88, 0x17, 0x51, 0x05, 0xB5, 0xD5, 0x47, 0x16,
    0x67, 0xBE, 0x05, 0x76, 0x3C, 0xA6, 0x6D, 0xF0, 0x0C, 0x9C, 0xD5, 0xEC, 0x8F, 0x52, 0xE9, 0x45,
    0xB7, 0xCA, 0x0B, 0x4E, 0x15, 0x8F, 0xAC, 0x5F, 0x8E, 0x62, 0x23, 0x67, 0x3D, 0x90, 0x23, 0x1C,
    0xE5, 0xF1, 0xF5, 0xCE, 0xA3, 0xE1, 0x1C, 0x25, 0x8F, 0x14, 0xE9, 0x1A, 0xF3, 0x19, 0x38, 0x4C,
    0x87, 0xE7, 0x57, 0xC5, 0x26, 0x30, 0xFD, 0xC5, 0x71, 0x6B, 0x11, 0xAF, 0x51, 0xE6, 0x47, 0xDA,
    0x83, 0x2E, 0x72, 0xFA, 0x86, 0x01, 0xD0, 0x81, 0xE6, 0x69, 0x92, 0xB2, 0xE0, 0x5E, 0xCA, 0xCA,
    0xA4, 0xAD, 0x12, 0xD0, 0xD3, 0xB5, 0xC7, 0x06, 0x9E, 0x52, 0x21, 0x7B, 0x4A, 0x5E, 0xDB, 0x6F,
    0xCF, 0x77, 0x59, 0x9C, 0x25, 0x08, 0x5F, 0xC5, 0x8E, 0x37, 0xC9, 0x54, 0x17, 0x89, 0xAA, 0x29,
    0x1D, 0xE4, 0xF2, 0x5C, 0xB3, 0xA0, 0x9A, 0xD2, 0x43, 0x4E, 0x54, 0xC9, 0x6B, 0xE2, 0x08, 0x61,
    0xDF, 0x88, 0x3F, 0x19, 0x3E, 0x7E, 0x0B, 0x01, 0xB9, 0x00, 0x70, 0x3C, 0x21, 0x19, 0x95, 0x8A,
    0xBC, 0xDB, 0xE9, 0x28, 0x96, 0xE7, 0x9A, 0xDC, 0x22, 0xDA, 0x16, 0x29, 0xDB, 0xA4, 0x48, 0x79,
    0x3A, 0x41, 0xB1, 0x48, 0xB1, 0x14, 0xB3, 0x14, 0x73, 0x11, 0xA5, 0x88, 0x65, 0xC4, 0x0A, 0x3B,
    0x49, 0x85, 0xA3, 0x80, 0x9B, 0x5C, 0x10, 0x37, 0xD6, 0x27, 0x08, 0x4D, 0x90, 0x3A, 0xE0, 0xDC,
    0x11, 0x7C, 0x2B, 0xBE, 0xF7, 0xA0, 0xDB, 0xA8, 0xE6, 0x2E, 0xBB, 0x3A, 0x01, 0xF6, 0xD8, 0xD7,
    0xA1, 0x84, 0x10, 0x38, 0x60, 0xBD, 0x3C, 0xB5, 0xF2, 0x24, 0xC8, 0x73, 0x60, 0x71, 0x00, 0x68,
    0x20, 0x07, 0x24, 0x40, 0xDC, 0x01, 0x74, 0xD5, 0x0E, 0xC1, 0x04, 0x42, 0x4F, 0xDE, 0x2F, 0x8F,
    0xC3, 0x1D, 0x57, 0xCD, 0x03, 0x6A, 0x55, 0xAC, 0xC1, 0xF2, 0x47, 0x37, 0xFF, 0x26, 0x97, 0x05,
    0xC9, 0xC4, 0x66, 0x15, 0x79, 0x39, 0xB1, 0x47, 0x60, 0x05, 0x55, 0x17, 0xE8, 0x19, 0xF4, 0x42,
    0x84, 0x01, 0x64, 0x9B, 0x9A, 0x5D, 0x00, 0xC5, 0x34, 0x80, 0x5A, 0x7D, 0x6B, 0xF4, 0x76, 0x67,
    0x07, 0xED, 0xB3, 0x9A, 0x11, 0x1B, 0x7D, 0xB3, 0x46, 0xCF, 0x9F, 0x85, 0x6E, 0x59, 0xA3, 0xE7,
    0xCF, 0xB8, 0x37, 0x78, 0xFE, 0xF4, 0xF4, 0x86, 0xCE, 0xA8, 0xB9, 0xA2, 0xF6, 0xA1, 0x21, 0x54,
    0x98, 0xF6, 0xCF, 0xF6, 0xAA, 0x08, 0x97, 0xF1, 0xD1, 0xB2, 0x8F, 0x99, 0xDA, 0x87, 0xFA, 0x7F,
    0x20, 0x77, 0x4A, 0xB7, 0x88, 0x0C, 0xB3, 0xC8, 0x4F, 0xEF, 0xE9, 0xD8, 0xB0, 0xF7, 0x13, 0xBA,
    0x69, 0xE7, 0xA9, 0x9A, 0xED, 0x96, 0xDB, 0x67, 0x99, 0x61, 0x8D, 0x45, 0x7C, 0x58, 0x3F, 0xCA,
    0xC3, 0x70, 0x54, 0x6F, 0xCD, 0xFA, 0x72, 0xCA, 0x52, 0x9E, 0x10, 0xCE, 0x08, 0xE4, 0x2A, 0xBA,
    0xC9, 0x8D, 0x2E, 0xD4, 0xA1, 0x09, 0xBE, 0xF7, 0xAD, 0x97, 0xCE, 0x2C, 0x81, 0x1E, 0x56, 0xA8,
    0x8C, 0x36, 0x51, 0x9B, 0xCA, 0x5E, 0xD9, 0x58, 0x19, 0x69, 0x22, 0x08, 0xA2, 0x9D, 0xB4, 0xA0,
    0xB8, 0xAA, 0xF4, 0x34, 0x1B, 0x46, 0xD1, 0xF6, 0x23, 0x0D, 0xC0, 0xC6, 0xDC, 0xDD, 0xCA, 0xC6,
    0x36, 0xE9, 0x38, 0x9D, 0x62, 0xAB, 0x1E, 0x95, 0xC2, 0x2A, 0xDF, 0xB5, 0x4A, 0x5F, 0x46, 0xB6,
    0xDA, 0xB5, 0x65, 0x64, 0x63, 0x03, 0xDA, 0xA6, 0x81, 0x9C, 0x2A, 0x47, 0xF8, 0x9D, 0x6B, 0xAB,
    0x61, 0x77, 0x5E, 0x85, 0x15, 0x7F, 0xFA, 0xB0, 0x94, 0xCA, 0xD1, 0xD2, 0x16, 0x51, 0xBA, 0xE0,
    0x92, 0x81, 0x0F, 0xD5, 0x22, 0xDF, 0x92, 0x0C, 0x97, 0xAE, 0xC6, 0x42, 0x13, 0x9A, 0x55, 0x7C,
    0xFF, 0x72, 0x12, 0xDF, 0x66, 0x27, 0x80, 0x61, 0x1D, 0x4C, 0x18, 0x30, 0x22, 0x36, 0x0C, 0x89,
    0x15, 0xA1, 0x83, 0x9C, 0x4C, 0x86, 0x79, 0x9B, 0x79, 0x6C, 0x3C, 0x44, 0x08, 0xA7, 0xEB, 0x75,
    0x28, 0x30, 0x4F, 0x9F, 0xAE, 0xFB, 0xDE, 0x9D, 0xA0, 0x45, 0x6E, 0x1D, 0x9E, 0x76, 0x0C, 0x2D,
    0x69, 0x2E, 0xC7, 0x6A, 0x6E, 0x13, 0x63, 0x02, 0xC4, 0x33, 0xED, 0x01, 0xF1, 0x58, 0x28, 0x67,
    0x35, 0x97, 0xF8, 0x0B, 0x3F, 0xED, 0x09, 0x12, 0x88, 0x72, 0x65, 0x0B, 0xCD, 0xCC, 0xC8, 0x1C,
    0x02, 0x68, 0xCE, 0x95, 0xDC, 0xBA, 0x44, 0x66, 0x7D, 0x04, 0xAF, 0x9B, 0x42, 0xE4, 0x96, 0xA4,
    0x28, 0xF4, 0xF3, 0x44, 0xF1, 0x9B, 0x8D, 0xA2, 0x65, 0xBF, 0x83, 0x0C, 0xEB, 0xF5, 0x40, 0xE5,
    0x75, 0xA4, 0x70, 0x9C, 0x76, 0x71, 0x19, 0x36, 0x14, 0xEB, 0x9D, 0x7C, 0x8D, 0xF6, 0x30, 0x1F,
    0xD5, 0xEB, 0xF2, 0x0F, 0x26, 0x92, 0x89, 0x1F, 0x9A, 0xF8, 0x2B, 0x13, 0xB7, 0xC4, 0x7C, 0xA1,
    0xF0, 0x13, 0xC5, 0x37, 0x00, 0xD4, 0x74, 0x3D, 0x79, 0x8B, 0x27, 0xB4, 0x00, 0x91, 0x23, 0xCB,
    0x57, 0x25, 0xD9, 0xB0, 0xF4, 0xAD, 0xC8, 0x76, 0xA4, 0x7C, 0x95, 0x2C, 0xB9, 0x59, 0x72, 0x3C,
    0x92, 0x28, 0x16, 0x30, 0xF9, 0x59, 0xDA, 0xE9, 0x2C, 0x01, 0x15, 0xD8, 0x75, 0xA9, 0x83, 0x0A,
    0x8F, 0x49, 0x1B, 0x79, 0xB2, 0xE0, 0xD8, 0x3D, 0xB3, 0xF8, 0xBE, 0x60, 0x0F, 0xAF, 0x50, 0xA1,
    0x72, 0x51, 0x2A, 0x00, 0xCD, 0x70, 0x77, 0xA1, 0x23, 0x67, 0xE0, 0xB6, 0xA5, 0x1B, 0x23, 0xB3,
    0xA4, 0x47, 0xE2, 0xFD, 0x30, 0x5E, 0xAE, 0x0B, 0x08, 0xFC, 0x8A, 0x40, 0x55, 0x03, 0x81, 0x00,
    0x62, 0x39, 0x6C, 0xC0, 0x42, 0x8F, 0xB9, 0xD2, 0x8A, 0xEF, 0xBF, 0x94, 0x7F, 0x50, 0xB3, 0x77,
    0x70, 0xFD, 0xDC, 0x25, 0xCB, 0xFA, 0xF6, 0xFE, 0x6B, 0xE1, 0x75, 0xEB, 0x76, 0xBE, 0xE4, 0xF1,
    0x12, 0x10, 0x2F, 0xB7, 0x7D, 0xE1, 0xFC, 0x84, 0xA9, 0x88, 0x07, 0x4C, 0xBB, 0x41, 0x05, 0xF5,
    0xBE, 0x0A, 0x78, 0xD1, 0x8C, 0x7F, 0xAC, 0x8C, 0x11, 0x9F, 0xFB, 0x2D, 0x1E, 0x8A, 0xCF, 0x62,
    0x0B, 0x50, 0x33, 0xDF, 0x1D, 0x35, 0x89, 0xE3, 0xC5, 0x3E, 0xB7, 0x1C, 0x26, 0x18, 0x23, 0xC7,
    0x00, 0xE9, 0x91, 0xFB, 0x0F, 0x88, 0xE2, 0x56, 0xEA, 0xD1, 0x43, 0xC7, 0x2D, 0x28, 0x4C, 0x80,
    0x08, 0x75, 0x4F, 0xBF, 0x5C, 0x1E, 0x5F, 0x17, 0x37, 0x26, 0x71, 0xBF, 0x4A, 0x52, 0xBF, 0x37,
    0x33, 0x73, 0xEC, 0xDF, 0x0C, 0xE2, 0x5F, 0x39, 0x7D, 0x9E, 0x1C, 0x1E, 0x9E, 0x89, 0x92, 0xFB,
    0x6E, 0x21, 0xF0, 0xD9, 0x6C, 0x1B, 0x52, 0xAD, 0x57, 0x59, 0x07, 0x36, 0x4A, 0xEE, 0x77, 0xFB,
    0xAF, 0xB2, 0x0E, 0xD9, 0x88, 0x86, 0xD1, 0x94, 0xFB, 0x44, 0x81, 0xBA, 0x09, 0x90, 0xCE, 0xA0,
    0x2A, 0xAC, 0x3A, 0x65, 0xBC, 0x19, 0xF2, 0xC4, 0xF1, 0x67, 0x9D, 0x5C, 0xAB, 0xDA, 0x00, 0xE4,
    0xCC, 0x36, 0xAD, 0xA1, 0x00, 0xB6, 0x44, 0xB8, 0x01, 0x0F, 0xDC, 0x04, 0xFB, 0x5D, 0x80, 0xF5,
    0x4D, 0x60, 0x98, 0xB7, 0xE8, 0xE6, 0xEE, 0x0F, 0x64, 0xB8, 0x15, 0xAC, 0x3F, 0xB1, 0x54, 0x69,
    0x92, 0xF8, 0x24, 0x7F, 0xB1, 0xC0, 0xFF, 0x22, 0x4A, 0xB9, 0xFF, 0x94, 0xFF, 0xB4, 0x75, 0x7C,
    0x78, 0xC9, 0xF2, 0x5D, 0x39, 0xDC, 0xE3, 0xB3, 0xEB, 0x63, 0x5A, 0x81, 0x35, 0xCF, 0x29, 0x2E,
    0x91, 0x57, 0xB7, 0x91, 0xD6, 0x5A, 0x85, 0x83, 0xD9, 0x84, 0xD7, 0x1E, 0x4A, 0xFC, 0x2F, 0xF9,
    0x50, 0xC0, 0xBF, 0x32, 0xC2, 0xC8, 0x0E, 0x17, 0x82, 0x0C, 0x15, 0x85, 0x16, 0x33, 0x6C, 0xDE,
    0x0A, 0xAC, 0x6A, 0xD9, 0x9A, 0x27, 0x7B, 0xFE, 0xB0, 0x72, 0x5E, 0x60, 0xBA, 0x9C, 0x57, 0x56,
    0xC1, 0x7D, 0xFF, 0x9C, 0xA0, 0xC3, 0xBF, 0x97, 0xE0, 0x40, 0x7D, 0x12, 0x58, 0x1D, 0x3E, 0x5C,
    0xA0, 0xA3, 0xFA, 0x0C, 0x59, 0x18, 0x2E, 0x5C, 0x75, 0x80, 0x80, 0xAA, 0x5C, 0xA9, 0x43, 0x98,
    0x94, 0xE7, 0x5A, 0x86, 0xB2, 0x58, 0xB7, 0xD1, 0x42, 0xF6, 0x37, 0xBB, 0xF5, 0xBA, 0x60, 0x6F,
    0x7E, 0x8B, 0xBD, 0xF9, 0x76, 0x8F, 0xBD, 0x79, 0x75, 0x77, 0x6F, 0x0E, 0x08, 0xF5, 0x73, 0xF7,
    0xE6, 0x8F, 0x8C, 0xBA, 0xAB, 0xF2, 0x2D, 0x13, 0x4D, 0x4B, 0xE1, 0xC2, 0xA5, 0xA8, 0x7B, 0x8A,
    0xE1, 0x88, 0x10, 0xAE, 0x52, 0x0F, 0x45, 0xEC, 0xF5, 0x54, 0x5B, 0x46, 0xD4, 0x0E, 0x28, 0xCE,
    0x4B, 0x63, 0xA6, 0xED, 0x31, 0xD5, 0x8A, 0x66, 0x1B, 0x84, 0xFF, 0x8F, 0x28, 0xC7, 0x08, 0xC5,
    0x71, 0x98, 0xE5, 0x17, 0x8F, 0x3E, 0xEC, 0x35, 0x5F, 0x45, 0xFC, 0xCF, 0x23, 0x5D, 0x83, 0x63,
    0x74, 0xEB, 0x81, 0x23, 0xBE, 0x0B, 0x60, 0xAB, 0x9B, 0x88, 0x91, 0x98, 0x88, 0x1B, 0xF0, 0x0D,
    0x65, 0xBD, 0x0B, 0xC0, 0x66, 0x02, 0xBA, 0x08, 0x2C, 0x13, 0x30, 0xDF, 0x80, 0xA2, 0x44, 0x1F,
    0x80, 0xCD, 0x04, 0x74, 0x11, 0x58, 0x24, 0x60, 0xBE, 0x01, 0x45, 0x89, 0xFE, 0xDF, 0x81, 0xCD,
    0x87, 0x40, 0xF7, 0x19, 0xB0, 0x50, 0x60, 0x46, 0x14, 0x43, 0x4F, 0xAC, 0x89, 0x76, 0x14, 0x28,
    0x89, 0xD5, 0x45, 0xC2, 0xD8, 0x93, 0x41, 0x35, 0x14, 0xE0, 0x0C, 0x3C, 0xBF, 0x56, 0x94, 0x6A,
    0x9D, 0x25, 0x0D, 0xBA, 0x89, 0x6E, 0x7F, 0xA3, 0xAD, 0x4E, 0xD2, 0x05, 0x3E, 0x0D, 0x54, 0x91,
    0x1A, 0xE0, 0x0C, 0xB6, 0xFF, 0x07, 0xC8, 0x35, 0x5C, 0x6D, 0x4F, 0xBD, 0xF6, 0x00, 0xFC, 0x85,
    0x4C, 0xC6, 0xCD, 0x0D, 0xFA, 0xB6, 0x50, 0x1A, 0xBA, 0x8B, 0xEC, 0xB5, 0xD7, 0x5E, 0x7D, 0x46,
    0x42, 0xC8, 0x16, 0x27, 0xE5, 0x4A, 0x35, 0x60, 0x9D, 0x61, 0x8E, 0x7B, 0x88, 0x7C, 0xE6, 0xEC,
    0x18, 0x6C, 0x3C, 0xD9, 0xE0, 0x36, 0xDD, 0xA9, 0x38, 0x1F, 0x19, 0xF6, 0x1C, 0xF6, 0x20, 0x14,
    0xFA, 0x62, 0x31, 0x98, 0xD8, 0x7F, 0x67, 0xAD, 0xF4, 0x6C, 0x73, 0xB0, 0x83, 0xAA, 0x9A, 0xBE,
    0x55, 0xAA, 0x44, 0xED, 0x85, 0xF6, 0x82, 0x50, 0x51, 0xDD, 0xDF, 0x79, 0x52, 0xB5, 0x05, 0x31,
    0x72, 0xCF, 0xFE, 0xD7, 0xC0, 0x9B, 0x9B, 0xB7, 0xE0, 0x47, 0x32, 0x90, 0xD7, 0x5E, 0xE3, 0xB7,
    0x70, 0x0E, 0x99, 0x85, 0x4E, 0xA3, 0x3D, 0xF5, 0x74, 0xE8, 0x9C, 0x26, 0x42, 0x2F, 0x12, 0x57,
    0x7C, 0x9E, 0xA9, 0x18, 0xC5, 0x80, 0x65, 0x83, 0x97, 0x57, 0xC0, 0x0B, 0xC3, 0xFE, 0x0A, 0x93,
    0x8B, 0xF8, 0xD9, 0x54, 0x47, 0xA4, 0xFC, 0xF5, 0x6D, 0x6D, 0x73, 0x34, 0x2A, 0x1E, 0xFC, 0x65,
    0xA6, 0xD1, 0x4A, 0x31, 0xE1, 0x94, 0xE1, 0xFE, 0x6B, 0x15, 0x84, 0xE0, 0x72, 0xC2, 0x0D, 0x1B,
    0x99, 0x22, 0x76, 0xFF, 0xFB, 0x8B, 0x11, 0x3D, 0x73, 0x95, 0x93, 0x68, 0xB0, 0x27, 0x02, 0x52,
    0x31, 0x57, 0x69, 0xCF, 0x80, 0xB3, 0x8D, 0xB9, 0x4A, 0x05, 0x57, 0x07, 0xF6, 0xC0, 0xA1, 0x25,
    0x0A, 0x50, 0x0F, 0xCC, 0x56, 0x60, 0x91, 0x0C, 0x71, 0x4F, 0x35, 0x77, 0xDC, 0x02, 0x1F, 0xB9,
    0x4A, 0x19, 0x82, 0xE3, 0x8B, 0x11, 0xA5, 0xB6, 0x3F, 0xBD, 0x7A, 0x31, 0xE2, 0xC9, 0x1E, 0xE1,
    0xB1, 0x16, 0xB3, 0xFC, 0x70, 0xE8, 0xC7, 0x30, 0x23, 0xD9, 0x04, 0x7F, 0x5D, 0x72, 0xC6, 0x52,
    0xA3, 0x2B, 0xAD, 0xD0, 0x16, 0x8D, 0x77, 0x81, 0x4F, 0x94, 0x47, 0xEE, 0x36, 0x38, 0x3D, 0xF1,
    0x30, 0x2A, 0x38, 0xFF, 0x82, 0x7C, 0x19, 0x04, 0x75, 0x8E, 0xFD, 0x1D, 0x11, 0xF0, 0xAC, 0xBB,
    0x09, 0x57, 0x9B, 0x80, 0x3B, 0xBD, 0x9D, 0x16, 0x30, 0x54, 0x4B, 0x23, 0x6C, 0x66, 0x64, 0x87,
    0xCB, 0xDC, 0x6F, 0x7F, 0x04, 0xF5, 0x52, 0xAB, 0xEA, 0x88, 0xDB, 0x36, 0x6F, 0x47, 0x8D, 0xDF,
    0xE6, 0xDA, 0xB1, 0x86, 0x3F, 0x78, 0x27, 0x38, 0x76, 0x2A, 0x64, 0x08, 0xB5, 0x23, 0xFD, 0x78,
    0xD4, 0x6C, 0x9A, 0xE4, 0xB6, 0x9C, 0x2A, 0xC0, 0xDD, 0x91, 0x5C, 0xD8, 0x6B, 0xE0, 0xB6, 0x60,
    0x58, 0xAA, 0xB0, 0xB6, 0x1D, 0xB5, 0xD5, 0x6A, 0x9C, 0x50, 0x58, 0x73, 0xCF, 0xA8, 0x35, 0xD3,
    0xB9, 0x15, 0x6E, 0xB5, 0x40, 0x18, 0x4C, 0x14, 0xFE, 0x9D, 0x59, 0xAD, 0x9E, 0xA5, 0x32, 0xE7,
    0x9C, 0xB6, 0x9D, 0x1E, 0x4F, 0xBD, 0xAC, 0x86, 0xFC, 0xF2, 0x40, 0xBE, 0x2F, 0x72, 0xCC, 0x18,
    0xC4, 0xF5, 0xC6, 0xEE, 0x48, 0x36, 0xC8, 0x55, 0xB5, 0x52, 0x65, 0x8F, 0x77, 0x1F, 0x44, 0x0C,
    0xB1, 0x99, 0x8B, 0xC1, 0xC0, 0xAE, 0x51, 0x11, 0x7F, 0xBC, 0x29, 0xD2, 0xFA, 0x9E, 0xDE, 0x35,
    0x7D, 0x07, 0x12, 0x6E, 0x6E, 0x86, 0x7E, 0x10, 0xD3, 0xD8, 0x2B, 0x08, 0x82, 0xB6, 0xED, 0x3C,
    0x49, 0x6E, 0xD7, 0xD9, 0x14, 0xF6, 0xDA, 0xBC, 0xA7, 0x5E, 0x7C, 0xDA, 0x99, 0xD3, 0x4D, 0x8A,
    0x11, 0xDD, 0x97, 0xB4, 0xAF, 0xA1, 0x5A, 0x63, 0x07, 0xC3, 0xD0, 0x89, 0x8E, 0xD6, 0x77, 0x2B,
    0x5F, 0xCC, 0x63, 0x79, 0x42, 0x6C, 0x7A, 0x20, 0xAE, 0xED, 0x3D, 0x50, 0x3F, 0xEF, 0x31, 0xF7,
    0x72, 0x1E, 0x44, 0xE8, 0xF8, 0xC8, 0xA0, 0x59, 0x98, 0xA7, 0x4E, 0xC0, 0x22, 0xF1, 0xF5, 0x97,
    0x55, 0xBA, 0x16, 0xF5, 0x41, 0x80, 0x7A, 0x46, 0x37, 0x67, 0x9B, 0x64, 0x43, 0xBC, 0xD8, 0x67,
    0x0B, 0xF0, 0x23, 0xAC, 0x77, 0x4C, 0x0A, 0x17, 0x2B, 0x9D, 0x35, 0x07, 0x87, 0x16, 0xC8, 0xD9,
    0x00, 0xBD, 0x57, 0x8F, 0xE7, 0xC0, 0x36, 0x55, 0x2B, 0x54, 0x65, 0x7A, 0x4E, 0x37, 0x6C, 0x7B,
    0x78, 0x4D, 0xD7, 0xB9, 0x7C, 0x9E, 0xAC, 0x6E, 0x9B, 0x59, 0x12, 0x5F, 0x72, 0x7C, 0x2A, 0x3A,
    0x71, 0x4B, 0x92, 0x6F, 0x47, 0xCE, 0xED, 0x7E, 0x09, 0x4F, 0xDD, 0xDA, 0x13, 0xE8, 0x02, 0x50,
    0xE9, 0xE4, 0x65, 0x0D, 0x18, 0x38, 0x80, 0x7A, 0xEA, 0x60, 0xFA, 0x35, 0x80, 0xCF, 0xFD, 0x96,
    0x9C, 0x81, 0xB5, 0x0A, 0xBA, 0x04, 0x10, 0xA4, 0x83, 0x67, 0x58, 0x5E, 0x99, 0x6F, 0x02, 0xA4,
    0x13, 0x88, 0x02, 0x86, 0xFE, 0x68, 0x99, 0x4D, 0xCD, 0x1D, 0x6C, 0xEE, 0x04, 0xC6, 0x5F, 0x94,
    0x77, 0x01, 0x1B, 0x80, 0x79, 0x8A, 0xE5, 0x38, 0xED, 0x8E, 0xC7, 0x86, 0xF0, 0xFB, 0xAD, 0x2F,
    0x34, 0x78, 0x77, 0xFA, 0x74, 0x9F, 0xF7, 0x1E, 0x33, 0x2A, 0x12, 0x99, 0xD3, 0x65, 0x5E, 0xF1,
    0x7E, 0x1F, 0x2B, 0x07, 0x4F, 0xF6, 0xFD, 0xDE, 0x19, 0xB7, 0xC7, 0x86, 0xCF, 0x4D, 0x7E, 0xE4,
    0xE4, 0x0F, 0x4B, 0xD4, 0xF2, 0x84, 0x23, 0xF0, 0x9B, 0x8F, 0x21, 0xB6, 0x4E, 0x02, 0x77, 0xFE,
    0x27, 0x33, 0x4C, 0xD3, 0x79, 0x2B, 0xFB, 0x27, 0x5F, 0x08, 0x2F, 0xC6, 0x17, 0x03, 0x8C, 0x11,
    0x26, 0xC7, 0xBD, 0xEC, 0xA7, 0x22, 0x01, 0x8E, 0x5E, 0x29, 0x01, 0x15, 0xE0, 0x2A, 0x09, 0x76,
    0x95, 0x2A, 0x3C, 0x32, 0x61, 0x47, 0x66, 0xCD, 0xC2, 0x1D, 0x46, 0x1E, 0x4F, 0x43, 0xBF, 0x2F,
    0x57, 0xA5, 0xDB, 0x70, 0x07, 0xF8, 0x13, 0x6F, 0x53, 0xE3, 0x54, 0x29, 0x7F, 0xA8, 0xA1, 0x48,
    0x68, 0xE7, 0xF2, 0x2C, 0xBD, 0xD7, 0xD5, 0x1A, 0xB7, 0x29, 0x92, 0x3E, 0xD6, 0xEC, 0xAB, 0x5C,
    0xED, 0x0F, 0xBB, 0xA2, 0x33, 0xD0, 0x5D, 0x3C, 0xC6, 0xCC, 0xCE, 0x38, 0x88, 0xE4, 0xE7, 0xDE,
    0xE8, 0xEC, 0x6D, 0xA6, 0x35, 0x1B, 0xE2, 0xFE, 0x70, 0xD0, 0x96, 0x70, 0x2E, 0xC4, 0x47, 0xA9,
    0xE8, 0x27, 0x40, 0xCD, 0x0E, 0xD2, 0xC1, 0x72, 0x64, 0x70, 0x8F, 0x87, 0x19, 0xCA, 0x1E, 0xEF,
    0x91, 0x64, 0x35, 0xFA, 0x08, 0xFC, 0x51, 0xCE, 0x46, 0x87, 0xED, 0x68, 0x7F, 0x58, 0xD0, 0x7A,
    0x3A, 0x86, 0xC4, 0x20, 0x0D, 0x46, 0xC8, 0xD0, 0xCA, 0x2A, 0x7E, 0x2C, 0x92, 0x3D, 0x0D, 0x2B,
    0x94, 0xCD, 0xAF, 0x5F, 0x32, 0x65, 0xC3, 0xF3, 0x29, 0xEB, 0xBE, 0x48, 0x59, 0x92, 0x6B, 0xCA,
    0x1A, 0xBA, 0x54, 0x00, 0x76, 0x9F, 0xB2, 0x01, 0x28, 0x0D, 0xE0, 0xCF, 0x3B, 0xA0, 0x4F, 0xC0,
    0x27, 0x4F, 0xBF, 0x7C, 0xD2, 0x4A, 0x92, 0xC6, 0x9F, 0xFD, 0xF1, 0x31, 0x92, 0xBF, 0x13, 0x51,
    0x3D, 0x41, 0xFE, 0xB3, 0x08, 0x5E, 0xC6, 0x23, 0x2A, 0x39, 0x78, 0xC4, 0x7D, 0x98, 0xC4, 0x86,
    0x8F, 0x8D, 0x09, 0x0C, 0xA0, 0x47, 0x17, 0xB4, 0x55, 0xAC, 0xA7, 0x7D, 0x83, 0xA7, 0xE9, 0x9C,
    0xCC, 0x7E, 0x49, 0xBE, 0x8A, 0x78, 0x1D, 0x14, 0xE6, 0x01, 0x76, 0x6C, 0x9F, 0x95, 0xD0, 0x4A,
    0xC0, 0x1C, 0x78, 0xDF, 0x37, 0x76, 0xEE, 0xF1, 0x8A, 0xD0, 0x45, 0xEE, 0x4C, 0x22, 0xA0, 0x98,
    0x88, 0x76, 0xB5, 0x6E, 0x81, 0x0E, 0xE0, 0x95, 0x55, 0x98, 0xF0, 0xCC, 0x1C, 0x6A, 0x65, 0x7B,
    0x93, 0xFE, 0xA5, 0xE1, 0xE3, 0xF6, 0xC5, 0xE9, 0xD8, 0xAB, 0x2C, 0xE3, 0x4C, 0xEE, 0x2D, 0xF2,
    0x34, 0xD0, 0x12, 0xD8, 0x51, 0x6E, 0xFB, 0x30, 0xA9, 0xF7, 0x4C, 0xA3, 0xE5, 0x40, 0x7F, 0xC7,
    0x37, 0xA7, 0xBE, 0xA6, 0x2C, 0x8B, 0xCC, 0xB6, 0xE0, 0xD0, 0xF3, 0x89, 0xE4, 0x7D, 0xDB, 0xB5,
    0xD2, 0x35, 0x77, 0xB2, 0xB1, 0x83, 0x26, 0xC1, 0x7A, 0xFA, 0xF6, 0xF6, 0xD6, 0xFD, 0x1F, 0xE8,
    0xB6, 0x16, 0x67, 0x7E, 0x3D, 0x86, 0x8D, 0x6A, 0x34, 0x01, 0xFB, 0xF9, 0x36, 0xE6, 0xB3, 0x8B,
    0x0F, 0xF4, 0xCE, 0xDE, 0x15, 0x60, 0x43, 0x7C, 0x4D, 0x95, 0x42, 0xCD, 0x43, 0xA5, 0x86, 0xCB,
    0x17, 0xA1, 0xF5, 0xCE, 0x8B, 0xD0, 0x2B, 0x45, 0x96, 0xC0, 0x21, 0x2E, 0xEC, 0x2F, 0x08, 0x38,
    0x88, 0xC5, 0xC4, 0x0C, 0x81, 0x0B, 0xF4, 0xE4, 0x52, 0xD8, 0x3A, 0x4E, 0x75, 0x10, 0x43, 0x8F,
    0x71, 0x95, 0x2B, 0x4C, 0x7F, 0xFA, 0xB7, 0x2B, 0x26, 0x0B, 0x90, 0xC2, 0x39, 0x66, 0x44, 0x9F,
    0x63, 0x80, 0x5F, 0x3D, 0xBB, 0xBF, 0x76, 0x2D, 0x4F, 0xD8, 0x40, 0x20, 0xA7, 0xCB, 0xAC, 0x2E,
    0xF3, 0xBA, 0xCC, 0xEC, 0x52, 0x3F, 0x76, 0xF4, 0xC1, 0x8D, 0x00, 0x64, 0x86, 0x6B, 0xE4, 0x86,
    0x9B, 0x60, 0x1B, 0x7B, 0x0F, 0x46, 0x07, 0x80, 0x9E, 0x20, 0xDF, 0xC4, 0x07, 0xEC, 0x2B, 0xA6,
    0x3A, 0x49, 0xA3, 0x5B, 0x12, 0xA7, 0x0B, 0x8E, 0xD2, 0x50, 0xF8, 0x97, 0x52, 0xB5, 0xD8, 0x38,
    0xB9, 0x13, 0x36, 0x1F, 0x83, 0x22, 0x47, 0xD3, 0x0A, 0xF2, 0x2E, 0xDF, 0xBE, 0xB2, 0x69, 0x10,
    0x26, 0x3C, 0x1E, 0x0C, 0x9B, 0x30, 0x10, 0xAD, 0x43, 0x7D, 0x40, 0x0F, 0x36, 0x13, 0x93, 0x08,
    0x09, 0xE9, 0x8B, 0x52, 0x3F, 0x07, 0xAD, 0xCA, 0xF8, 0x68, 0x94, 0xF1, 0xFA, 0x1A, 0xC2, 0x38,
    0x62, 0x33, 0x38, 0xCB, 0xEB, 0x22, 0xFA, 0x76, 0x02, 0xED, 0xE7, 0xBC, 0x98, 0x5C, 0x1E, 0xE4,
    0x41, 0x51, 0x19, 0xFF, 0xEF, 0x50, 0x01, 0x5C, 0xF4, 0x3D, 0x20, 0x48, 0x13, 0x9B, 0x49, 0xBA,
    0xE8, 0xB6, 0xBF, 0x47, 0x56, 0x5E, 0x3F, 0x8D, 0x99, 0xEA, 0x8F, 0xA2, 0x7C, 0xE3, 0xD5, 0x3B,
    0x2A, 0x27, 0x0A, 0xDD, 0xDF, 0xF9, 0x7C, 0xC7, 0xE6, 0x25, 0xEE, 0xB1, 0x72, 0x13, 0xD9, 0x6F,
    0x6F, 0xED, 0x96, 0x85, 0xA2, 0x19, 0x1F, 0x6D, 0x7C, 0x5B, 0xA9, 0xE3, 0xF9, 0xCD, 0xC6, 0xE5,
    0x0D, 0x91, 0x2C, 0x36, 0x3B, 0x48, 0x7A, 0x03, 0x26, 0x27, 0xDC, 0x32, 0x3D, 0x70, 0xE0, 0xA3,
    0xCC, 0x0E, 0x58, 0xCC, 0x1D, 0x84, 0xFB, 0x64, 0x83, 0xF0, 0x6F, 0xCE, 0x10, 0xA9, 0x0E, 0xBF,
    0x57, 0x13, 0x8D, 0xE4, 0xF1, 0x4F, 0xC5, 0xB2, 0x61, 0xCD, 0x7B, 0x98, 0xA5, 0x5D, 0x94, 0x7C,
    0xF1, 0xED, 0xC3, 0x4F, 0x39, 0xC7, 0x8B, 0x56, 0xF6, 0x9E, 0x15, 0xDC, 0xB1, 0x03, 0x10, 0x85,
    0x87, 0x98, 0x5E, 0x4C, 0x72, 0x4B, 0xD1, 0x89, 0x7C, 0xF1, 0xFF, 0xB3, 0x6C, 0x97, 0x24, 0xD3,
    0x21, 0xB2, 0x7B, 0x08, 0x2A, 0xB7, 0x17, 0xBF, 0x28, 0x9A, 0x89, 0xF4, 0x31, 0x29, 0xF3, 0x51,
    0xC9, 0x24, 0x05, 0x33, 0x3C, 0x96, 0x80, 0x22, 0xA1, 0xC1, 0x7A, 0x9E, 0x28, 0xB7, 0x26, 0x92,
    0x89, 0xCD, 0xC6, 0xB6, 0xC6, 0x63, 0xA8, 0xBE, 0x98, 0xC3, 0xF1, 0xCC, 0x61, 0x0D, 0x0E, 0x9B,
    0xD0, 0x80, 0x48, 0x70, 0xD8, 0xFA, 0x56, 0xBA, 0x33, 0x87, 0x99, 0x82, 0xC3, 0x0D, 0x1C, 0xAE,
    0x77, 0x38, 0x7C, 0x93, 0xDD, 0xDB, 0x9F, 0x4D, 0x49, 0x87, 0x19, 0x3A, 0x99, 0x09, 0x28, 0x4F,
    0x89, 0x88, 0x0D, 0x16, 0xAF, 0x14, 0xD9, 0xE6, 0x03, 0xBF, 0x9E, 0xC1, 0xFE, 0xF3, 0xCA, 0x46,
    0x9E, 0x99, 0x30, 0xED, 0x10, 0x65, 0x27, 0xA9, 0xE3, 0x21, 0x9B, 0xB0, 0x71, 0xC3, 0xE3, 0x77,
    0xD9, 0xB5, 0xCA, 0xE7, 0x9F, 0x2A, 0x27, 0xF9, 0xFE, 0x94, 0xAD, 0x27, 0xD9, 0xBC, 0x3F, 0xF1,
    0x6C, 0xEC, 0x7F, 0x32, 0x15, 0xF3, 0x49, 0x0E, 0xD5, 0xC4, 0xFF, 0x59, 0xB2, 0x56, 0x11, 0x19,
    0xBF, 0x2C, 0x95, 0xB1, 0x09, 0x32, 0x14, 0x73, 0x89, 0xB9, 0x73, 0x00, 0x41, 0x1D, 0x82, 0x72,
    0xE2, 0xAB, 0x97, 0x5D, 0x1D, 0x8A, 0x4F, 0xD2, 0x49, 0xFA, 0xBE, 0xF8, 0x94, 0x52, 0x8A, 0x4F,
    0x67, 0x6E, 0xD5, 0x8B, 0xCF, 0xE3, 0x49, 0x26, 0x2A, 0x16, 0x0F, 0x19, 0x4E, 0x32, 0x9E, 0x64,
    0xBB, 0x4B, 0x31, 0xE3, 0x37, 0x61, 0xF9, 0x43, 0xA2, 0xED, 0xFD, 0x2D, 0x75, 0xC6, 0x87, 0x06,
    0x10, 0x9A, 0x27, 0x79, 0x76, 0xC1, 0x7B, 0x37, 0x58, 0x73, 0xA4, 0x9A, 0xF9, 0x5C, 0xC3, 0x21,
    0x85, 0xD9, 0x49, 0xB3, 0x60, 0x5B, 0x2C, 0x3F, 0x5C, 0xF8, 0x92, 0xCE, 0xEB, 0xE8, 0x63, 0x2F,
    0x29, 0x21, 0xD9, 0x99, 0xC5, 0x84, 0xA8, 0x2D, 0x4E, 0x22, 0x88, 0xFF, 0xF1, 0x98, 0xD0, 0x9B,
    0xAF, 0x84, 0xE4, 0xE5, 0x24, 0xDA, 0xDB, 0x77, 0x4F, 0xA2, 0x93, 0x5B, 0x04, 0xDB, 0x3B, 0xF2,
    0xEE, 0x72, 0x12, 0x38, 0x6E, 0x71, 0x5F, 0xD8, 0x4D, 0x22, 0x4C, 0x38, 0x73, 0x0E, 0xC4, 0xDE,
    0x10, 0x2D, 0x98, 0xD5, 0xEC, 0x43, 0xB7, 0x1C, 0xA7, 0x94, 0x7C, 0xB5, 0xFF, 0x67, 0xFB, 0xCC,
    0x0C, 0xD9, 0xD0, 0x63, 0x69, 0xF1, 0x4C, 0x2D, 0x9E, 0x30, 0x57, 0xB4, 0x57, 0x26, 0x7B, 0xBD,
    0x86, 0x9E, 0x4C, 0x3C, 0x19, 0x84, 0x13, 0x66, 0x8A, 0xC6, 0x38, 0x4C, 0xD4, 0xCD, 0x40, 0x2E,
    0x4A, 0x9D, 0x86, 0x23, 0x54, 0x9A, 0x04, 0x74, 0xF3, 0xF5, 0x0E, 0xF2, 0x7E, 0x2F, 0xF1, 0xA3,
    0x7C, 0x0F, 0x90, 0x2B, 0xD0, 0x51, 0x41, 0xF7, 0xF3, 0x89, 0xEA, 0x17, 0x79, 0x46, 0x51, 0x8E,
    0xEA, 0xC1, 0x2A, 0xDC, 0xE5, 0x7A, 0x29, 0x16, 0x60, 0x19, 0x85, 0x6F, 0x37, 0x41, 0x23, 0x37,
    0x8F, 0xBD, 0x6F, 0x61, 0x8F, 0x6D, 0x49, 0x56, 0x34, 0xFF, 0xEB, 0x04, 0x7C, 0x2F, 0x02, 0xDF,
    0x27, 0x7E, 0x00, 0x85, 0x96, 0x58, 0xB5, 0x9C, 0x6F, 0xB1, 0x11, 0x13, 0xF1, 0x72, 0xAF, 0x7C,
    0xF8, 0x02, 0x02, 0x80, 0x09, 0x88, 0x5E, 0xE2, 0xFA, 0xEC, 0x7A, 0x91, 0x72, 0xF1, 0xA3, 0x21,
    0xBF, 0x09, 0x8F, 0xA8, 0x17, 0x8E, 0xA4, 0x18, 0x7C, 0x3E, 0x1A, 0x63, 0xD8, 0xC1, 0x08, 0x79,
    0x4E, 0xA9, 0x2C, 0xFD, 0xEC, 0x2E, 0x04, 0xF5, 0x14, 0x7A, 0xF9, 0xDC, 0xD7, 0x47, 0x8A, 0xC1,
    0x1A, 0xD3, 0xCB, 0x89, 0xA7, 0xF9, 0x1D, 0x2F, 0x65, 0x76, 0xA9, 0x5C, 0x29, 0xEA, 0x99, 0xA2,
    0x1B, 0x8F, 0xC1, 0x7B, 0x7D, 0xC9, 0x9B, 0x45, 0x14, 0xBD, 0x74, 0x10, 0x2D, 0x6F, 0x3E, 0x4E,
    0xBC, 0xF5, 0x64, 0x7C, 0x20, 0x86, 0xAE, 0x0A, 0xEE, 0x4F, 0x32, 0xA8, 0x2E, 0x00, 0xDC, 0x4C,
    0xE2, 0xE1, 0x5A, 0xBE, 0x99, 0x81, 0x34, 0x8F, 0xC6, 0xD1, 0x6A, 0x74, 0x21, 0xC7, 0xA9, 0x51,
    0x96, 0x5D, 0x7E, 0x45, 0x63, 0x36, 0x02, 0x9A, 0x5B, 0x2F, 0x5E, 0xFB, 0x2E, 0xD2, 0xA5, 0xC8,
    0xE7, 0xDF, 0x17, 0x9A, 0xB3, 0x99, 0x5E, 0x11, 0xEC, 0x4F, 0x94, 0x07, 0xA7, 0x39, 0x5B, 0x8D,
    0xD9, 0xAE, 0xB6, 0x41, 0xA1, 0xED, 0xE1, 0x37, 0x66, 0xCF, 0xC7, 0x4E, 0x73, 0x96, 0x8A, 0x44,
    0xE7, 0xE8, 0x1A, 0x35, 0xC1, 0xAD, 0x87, 0x63, 0xF8, 0x7F, 0x00, 0x65, 0x91, 0x41, 0x52, 0x84,
    0x30, 0x14, 0x44, 0x3B, 0xA4, 0x94, 0x2A, 0x59, 0x70, 0x04, 0x8E, 0x30, 0x37, 0x10, 0x6E, 0x06,
    0x37, 0xD2, 0x03, 0x58, 0x26, 0x47, 0xE0, 0x08, 0xB3, 0x76, 0xC5, 0x62, 0x16, 0x2E, 0x92, 0x69,
    0xAB, 0x5B, 0x47, 0x06, 0xFD, 0x55, 0x3C, 0xA0, 0x92, 0x74, 0xF7, 0xFF, 0x01, 0xE6, 0x2B, 0x80,
    0x96, 0xDC, 0x80, 0x91, 0xAC, 0x00, 0xCF, 0x1D, 0x11, 0x08, 0x30, 0xC7, 0x02, 0x3C, 0x43, 0x04,
    0xE2, 0xA7, 0x59, 0x4C, 0x8A, 0x81, 0x67, 0xBD, 0x12, 0x27, 0x00, 0x03, 0xB5, 0xDE, 0xF0, 0xE7,
    0xC7, 0x2B, 0xBC, 0x88, 0xFD, 0xF7, 0x91, 0x2A, 0x86, 0x1B, 0x13, 0xD0, 0x14, 0xD0, 0x82, 0x73,
    0x46, 0x7F, 0xC1, 0x58, 0x43, 0xDA, 0xD0, 0x93, 0xCC, 0x92, 0xA9, 0x96, 0x59, 0x71, 0xAC, 0x60,
    0x45, 0x14, 0xF3, 0x6D, 0xFF, 0x0E, 0x0E, 0xF7, 0xB2, 0x89, 0xE3, 0xB4, 0xEF, 0x6F, 0xA5, 0x30,
    0xB3, 0x00, 0x24, 0xE5, 0x95, 0x96, 0xB8, 0xE1, 0x84, 0x56, 0x3B, 0x0D, 0x37, 0xD4, 0xD8, 0x28,
    0x5D, 0x7F, 0x3D, 0x93, 0xF4, 0x3A, 0x4B, 0x5F, 0x85, 0x84, 0x13, 0xF0, 0x8E, 0x34, 0xA1, 0x62,
    0x5C, 0x63, 0xC1, 0xA0, 0x81, 0x45, 0x5A, 0xBE, 0xE2, 0xBE, 0x86, 0x45, 0x3D, 0x67, 0xE9, 0x0B,
    0x9D, 0x30, 0x64, 0xE0, 0x91, 0x72, 0x73, 0x7E, 0x2B, 0x52, 0x9D, 0x72, 0xE7, 0x04, 0x10, 0x80,
    0x79, 0xB3, 0x0D, 0x45, 0x6C, 0xC4, 0xC3, 0x2D, 0xB4, 0x96, 0xE9, 0x36, 0xB1, 0xBF, 0xE7, 0x59,
    0x1C, 0x56, 0xF1, 0x94, 0xC5, 0xF1, 0x9E, 0x8B, 0x38, 0x4F, 0x62, 0xFA, 0x67, 0x55, 0xF1, 0xB7,
    0x5E, 0x0F, 0xB3, 0xDE, 0x59, 0xF6, 0x08, 0xB3, 0xAD, 0x1E, 0xE0, 0x8A, 0x9B, 0x33, 0x39, 0x45,
    0xBF, 0x7A, 0x08, 0x1D, 0x99, 0x7B, 0x72, 0x79, 0x4A, 0x1F, 0x93, 0x2F, 0x66, 0xD4, 0x21, 0xD8,
    0xDF, 0xBE, 0xD5, 0x7A, 0x6E, 0x54, 0x6D, 0xAA, 0xBD, 0x78, 0xB1, 0x94, 0x1D, 0x74, 0x7F, 0x51,
    0x43, 0x66, 0x3E, 0xE6, 0x2A, 0x70, 0x1A, 0x3F, 0xC5, 0x7B, 0x9D, 0x45, 0x49, 0xBE, 0x00, 0x1D,
    0x8A, 0x21, 0x4C, 0xC5, 0x30, 0x10, 0x86, 0xBF, 0xAC, 0xA2, 0x62, 0xA2, 0x0E, 0x3B, 0x8B, 0xAB,
    0x4F, 0x78, 0x9C, 0x77, 0x78, 0x83, 0xC1, 0x80, 0x97, 0x90, 0x96, 0x3C, 0xEF, 0x7D, 0x82, 0x7A,
    0x06, 0x2F, 0x48, 0x8B, 0x37, 0xF3, 0x6A, 0x5E, 0x35, 0x61, 0x62, 0x84, 0x1B, 0x47, 0xD9, 0xDD,
    0x7F, 0xC9, 0x77, 0x7F, 0x3E, 0x38, 0x91, 0x90, 0x1C, 0xAA, 0x6B, 0x00, 0x11, 0x0A, 0xC3, 0xCE,
    0xD8, 0x88, 0x99, 0xE3, 0x6C, 0x61, 0xFC, 0x59, 0x91, 0xCF, 0x9D, 0xA7, 0xBE, 0x7E, 0x73, 0x35,
    0xDA, 0x7B, 0x4D, 0xC5, 0x50, 0xAF, 0x14, 0x53, 0x33, 0xBD, 0x5C, 0xDE, 0x04, 0x91, 0x57, 0x0D,
    0xB6, 0x7A, 0x9B, 0x79, 0x04, 0x84, 0x94, 0x53, 0x16, 0x0E, 0xD4, 0x74, 0xDE, 0x7B, 0x3A, 0x00,
    0x5E, 0x99, 0x0C, 0x09, 0xF5, 0xC6, 0xFF, 0x47, 0xEE, 0x6B, 0x7F, 0x9D, 0x72, 0x4C, 0x74, 0x0B,
    0x25, 0x2C, 0x83, 0x4A, 0x1D, 0xDB, 0x2F, 0xF1, 0xBC, 0x22, 0x35, 0xE5, 0xF0, 0xB5, 0xE3, 0xAC,
    0x81, 0x65, 0xB8, 0x06, 0x18, 0x34, 0x7C, 0x0B, 0xB7, 0xBC, 0x20, 0x4C, 0x00, 0xCF, 0x7C, 0x70,
    0x14, 0x57, 0x2A, 0x0B, 0x30, 0xBB, 0x79, 0xAC, 0x41, 0xBB, 0x70, 0x2A, 0x1A, 0x1B, 0x0F, 0x7E,
    0x9B, 0x72, 0x17, 0x48, 0x77, 0xB2, 0x86, 0xF6, 0x07, 0x6D, 0xCC, 0x01, 0x66, 0x04, 0x41, 0x14,
    0x84, 0xE1, 0x7F, 0x77, 0x30, 0x18, 0xF4, 0x11, 0xE6, 0x08, 0x73, 0x82, 0xE8, 0xB9, 0xD9, 0xF4,
    0xCD, 0xFA, 0x49, 0x00, 0x39, 0x44, 0xFA, 0x08, 0x8D, 0x46, 0xD0, 0x9B, 0x97, 0x57, 0x2C, 0x16,
    0x5B, 0xF8, 0x14, 0x45, 0xC1, 0x09, 0xB0, 0x0C, 0xE4, 0x94, 0xB8, 0xE0, 0x28, 0xBC, 0x49, 0x2D,
    0x90, 0x5B, 0x36, 0x70, 0x0B, 0xEF, 0xCE, 0xDE, 0x58, 0x27, 0xA9, 0x93, 0x06, 0xDB, 0x88, 0x51,
    0x37, 0xD5, 0xC2, 0x9B, 0xC3, 0xFD, 0xA1, 0x53, 0x3C, 0x0D, 0x99, 0x5B, 0x78, 0xB9, 0x85, 0xD9,
    0x03, 0x8E, 0x29, 0x35, 0x86, 0x1D, 0xD9, 0xE4, 0x61, 0x32, 0xBF, 0x5A, 0xE4, 0x75, 0xCA, 0x2A,
    0xF0, 0x17, 0xF9, 0x10, 0x64, 0x90, 0x45, 0x26, 0x93, 0x4B, 0xE3, 0x5D, 0x1C, 0x2E, 0xA8, 0xCF,
    0x72, 0x9B, 0x90, 0x59, 0x7E, 0xE5, 0xDA, 0xC3, 0x33, 0xB5, 0xB0, 0xEC, 0x06, 0x47, 0xC9, 0x67,
    0x68, 0x15, 0xD8, 0xED, 0x11, 0xA6, 0xCF, 0x29, 0xBF, 0xBA, 0xFC, 0xEE, 0xF2, 0xC7, 0xC2, 0xCD,
    0x4B, 0xB8, 0x7A, 0xC0, 0xF2, 0x87, 0x9C, 0xC8, 0x21, 0xB7, 0x2E, 0x93, 0xC9, 0x5C, 0x84, 0x23,
    0xA7, 0xAC, 0x5D, 0xFE, 0x03, 0xFA, 0x80, 0x07, 0xA8, 0x00, 0x3A, 0x23, 0x83, 0x5C, 0x47, 0x8A,
    0x20, 0x88, 0x3E, 0xBB, 0x34, 0xEA, 0x85, 0x17, 0xC9, 0x96, 0x55, 0x6F, 0x67, 0x57, 0x17, 0xF0,
    0xFC, 0x6A, 0x89, 0x0B, 0xB0, 0xE0, 0x14, 0xAC, 0x67, 0x09, 0x74, 0x73, 0x03, 0xCE, 0xC1, 0x19,
    0x00, 0x97, 0xE0, 0x02, 0x2D, 0x71, 0x01, 0x1F, 0x21, 0xD1, 0xB4, 0x50, 0x2F, 0xEA, 0xFF, 0x44,
    0x21, 0x77, 0xDB, 0x7C, 0x69, 0x84, 0xD0, 0x0F, 0x95, 0x23, 0xB3, 0x94, 0x8E, 0xC8, 0x68, 0xD5,
    0x61, 0xFA, 0xD0, 0x55, 0x33, 0x52, 0x03, 0x17, 0x5B, 0x70, 0xFE, 0x54, 0x71, 0xDE, 0x7E, 0x40,
    0x7C, 0x06, 0x23, 0xA2, 0x7A, 0x8F, 0x9F, 0xF1, 0x05, 0xFF, 0xFA, 0xCD, 0x96, 0x1B, 0x52, 0xC5,
    0x64, 0x2C, 0xDB, 0x0F, 0xA9, 0x5A, 0xAA, 0xE9, 0x8F, 0x7A, 0xF8, 0xAA, 0x92, 0xDE, 0x7A, 0xE0,
    0x12, 0xD7, 0x08, 0x8F, 0xF0, 0x6F, 0x7F, 0xFE, 0xE9, 0x12, 0x7E, 0x09, 0x35, 0x25, 0x22, 0x10,
    0x31, 0xEE, 0xDD, 0xBF, 0xEB, 0xB8, 0x55, 0xD6, 0x83, 0xA7, 0xF9, 0x54, 0x6D, 0x28, 0x73, 0xF1,
    0xE2, 0xB9, 0xBE, 0x23, 0xB9, 0xAD, 0xD6, 0x6C, 0x4D, 0xB7, 0x09, 0x4F, 0xBC, 0xA7, 0xAB, 0xBD,
    0xE7, 0xA5, 0x77, 0xF3, 0xAE, 0xDA, 0x90, 0x39, 0xF3, 0x11, 0xD6, 0x53, 0x3D, 0xB8, 0x91, 0xE6,
    0x27, 0x4E, 0xF5, 0x3B, 0x6C, 0x58, 0x29, 0x7F, 0x3E, 0x53, 0x3E, 0x05, 0xFA, 0xE5, 0xDF, 0x9F,
    0x79, 0xC7, 0x17, 0x24, 0x2F, 0xD8, 0x1A, 0xD5, 0x5A, 0x54, 0x55, 0xDD, 0x6F, 0x9A, 0x5F, 0x30,
    0x16, 0x9E, 0x8E, 0xCE, 0xFB, 0xC3, 0x44, 0x57, 0xBF, 0xA7, 0xF7, 0x20, 0xFF, 0x1D, 0x43, 0xFF,
    0x57, 0x0C, 0xE6, 0x17, 0xBA, 0x7A, 0x96, 0x2F, 0xF9, 0xE0, 0x9C, 0xD3, 0xCC, 0xC7, 0x6E, 0x02,
    0xAC, 0x02, 0xBD, 0xA8, 0x4C, 0xA2, 0x41, 0x04, 0x30, 0x82, 0xBE, 0xB0, 0x89, 0x56, 0xD1, 0x02,
    0x0D, 0x38, 0x88, 0x8E, 0x2B, 0x90, 0x16, 0x91, 0xEF, 0xD4, 0x89, 0xEC, 0x2A, 0x9A, 0x5F, 0x19,
    0xE7, 0xCF, 0xBB, 0x0B, 0x8D, 0xDD, 0x91, 0xB4, 0xB2, 0x7B, 0xCA, 0x6F, 0x33, 0x4C, 0x11, 0x11,
    0x55, 0x1C, 0x93, 0x38, 0x86, 0xCD, 0x59, 0xD6, 0xBB, 0xAD, 0x7C, 0xC5, 0xEC, 0xCE, 0x59, 0xC1,
    0x29, 0x4A, 0x8E, 0x78, 0x79, 0xBD, 0xEA, 0xF8, 0x1F, 0x0B, 0x39, 0xC4, 0x84, 0xC5, 0x42, 0x89,
    0xA6, 0xA7, 0x25, 0x6E, 0xBF, 0x41, 0x09, 0x54, 0x2F, 0x7A, 0xFA, 0x78, 0xA1, 0x8F, 0x46, 0x8A,
    0x2B, 0x7C, 0x09, 0x36, 0x75, 0x73, 0xF2, 0x72, 0xED, 0xDD, 0x5A, 0xF1, 0xBC, 0x58, 0xBB, 0xF5,
    0x7D, 0x3D, 0xCD, 0xC9, 0x19, 0x9D, 0x1D, 0x29, 0x5E, 0xEE, 0xA9, 0x2D, 0x62, 0x02, 0xDD, 0x21,
    0xCF, 0xB9, 0x92, 0x1A, 0x42, 0xE1, 0xE4, 0x98, 0x23, 0x8C, 0x8A, 0x56, 0x2A, 0xC2, 0x6F, 0xEA,
    0x03, 0x81, 0x5F, 0x49, 0xAE, 0xCF, 0x10, 0x7E, 0x20, 0xF9, 0xC9, 0xB9, 0x6B, 0xFB, 0xCA, 0xEE,
    0x39, 0x8F, 0x03, 0x6C, 0xBB, 0x7E, 0x7C, 0x7E, 0x64, 0x48, 0x0B, 0x1B, 0x46, 0xB7, 0x6B, 0x5E,
    0x55, 0x41, 0xC1, 0x22, 0x86, 0x5B, 0x46, 0x22, 0x45, 0xCC, 0xB7, 0x8C, 0xA9, 0xD9, 0x62, 0xAE,
    0x8C, 0x60, 0x6E, 0x35, 0xAD, 0xDA, 0x03, 0xA5, 0xE6, 0x89, 0xA6, 0xFD, 0x70, 0xD1, 0x2B, 0x34,
    0xE5, 0xE2, 0xD8, 0x1E, 0x7D, 0xB7, 0x70, 0xFF, 0x4F, 0x3F, 0x73, 0xD7, 0x8E, 0x03, 0x77, 0xCF,
    0x17, 0xD8, 0x77, 0xA5, 0x15, 0x78, 0x64, 0x80, 0xDC, 0x6E, 0xD9, 0xBA, 0x95, 0xFE, 0x4A, 0xA9,
    0x04, 0xA9, 0x61, 0x7E, 0x6B, 0x75, 0xCA, 0xA0, 0xDE, 0x66, 0xB9, 0xA6, 0x45, 0xCB, 0x79, 0xD6,
    0xE1, 0xA2, 0x19, 0xB9, 0x62, 0x57, 0x34, 0x5B, 0x35, 0x7B, 0x88, 0xB7, 0x36, 0xCF, 0xCA, 0x22,
    0x70, 0x5A, 0xC4, 0xDA, 0x23, 0x8C, 0x13, 0x42, 0x88, 0xF6, 0xA7, 0x31, 0x17, 0x4B, 0xFE, 0x6A,
    0xF4, 0x10, 0xCB, 0xEE, 0x21, 0x3E, 0xBC, 0xFC, 0x4F, 0xB1, 0x46, 0x0F, 0xF1, 0x65, 0x78, 0x88,
    0xE9, 0xD6, 0xCF, 0x88, 0xF3, 0x54, 0xEA, 0x38, 0x97, 0x79, 0xBB, 0x6E, 0xA3, 0x52, 0xFB, 0xD9,
    0xAE, 0xE6, 0x9D, 0x27, 0x3F, 0x2E, 0x34, 0xBE, 0xF9, 0x07, 0x9D, 0x8E, 0x01, 0x86, 0xC5, 0x30,
    0x18, 0x84, 0xBF, 0xBE, 0x5A, 0x45, 0x91, 0x23, 0xE4, 0x08, 0xEF, 0x08, 0xC9, 0xCD, 0xB6, 0x37,
    0x4B, 0x8E, 0xF0, 0x8E, 0xD0, 0x23, 0x04, 0x45, 0x91, 0x76, 0x36, 0xB3, 0x50, 0x0B, 0xB0, 0xF0,
    0xC5, 0x3F, 0x62, 0xE6, 0x93, 0xB4, 0x51, 0x06, 0x4F, 0x06, 0x74, 0xA1, 0x9B, 0x49, 0x26, 0x09,
    0x33, 0x66, 0x33, 0x0C, 0xBE, 0xDA, 0xFF, 0xF8, 0x85, 0x09, 0xB7, 0x39, 0x77, 0x33, 0x0E, 0x4A,
    0x6A, 0xA6, 0x3E, 0xE6, 0x0D, 0xF0, 0x56, 0x06, 0xC6, 0xD5, 0x80, 0x20, 0x75, 0x20, 0x1D, 0x8B,
    0x00, 0x65, 0xCA, 0xC6, 0xAB, 0xC3, 0xBB, 0x32, 0x1F, 0x36, 0x22, 0x34, 0x00, 0x42, 0x35, 0x9D,
    0x03, 0xAB, 0x6B, 0x21, 0xB8, 0x17, 0x28, 0xC0, 0xF3, 0x78, 0xC4, 0x2B, 0x3A, 0x80, 0x24, 0xB5,
    0x27, 0x44, 0x7F, 0x9E, 0xEF, 0xCC, 0xF4, 0x81, 0x34, 0xB6, 0x3A, 0xA4, 0x46, 0xF0, 0xE4, 0x35,
    0x95, 0x1D, 0x16, 0xC9, 0x9E, 0xD8, 0x0F, 0x88, 0xDA, 0x60, 0xD6, 0xB8, 0x16, 0x63, 0x95, 0x80,
    0x49, 0xD5, 0x4B, 0x3B, 0x60, 0x4B, 0xD6, 0xE6, 0x59, 0xED, 0xC9, 0x5E, 0xE0, 0x8C, 0xF8, 0x2B,
    0x58, 0x29, 0x12, 0x48, 0x27, 0x14, 0xF7, 0x26, 0xC7, 0xFE, 0xE0, 0x69, 0x37, 0x61, 0x9F, 0xA7,
    0xEE, 0x04, 0xE6, 0x0B, 0x40, 0x80, 0x15, 0x7F, 0x00, 0x84, 0x92, 0x81, 0x89, 0xF5, 0x36, 0x10,
    0x84, 0xC7, 0x4F, 0x01, 0x07, 0x0C, 0x28, 0x40, 0x80, 0xC0, 0x01, 0x2E, 0xC1, 0x25, 0xC8, 0x01,
    0x20, 0x15, 0xA4, 0x8E, 0x2B, 0xC1, 0x2E, 0x21, 0x45, 0xA4, 0x8D, 0x3B, 0xAB, 0x04, 0x95, 0x60,
    0x20, 0x05, 0x28, 0x60, 0xC0, 0x01, 0xD9, 0x13, 0x0D, 0xCB, 0xEF, 0x67, 0xEE, 0xBF, 0x9F, 0x13,
    0x8F, 0x6F, 0xC1, 0xA3, 0x99, 0x5D, 0xF1, 0x16, 0x6E, 0x07, 0xE0, 0x98, 0x84, 0x02, 0xE0, 0x85,
    0x63, 0xE5, 0x12, 0x2B, 0x7C, 0x96, 0xB4, 0x55, 0x3C, 0x0A, 0x1E, 0x4C, 0x05, 0x03, 0xCB, 0x01,
    0x92, 0x6F, 0x0F, 0x8E, 0xE1, 0x6C, 0x0B, 0xFC, 0xE9, 0x33, 0xDC, 0xD9, 0xAF, 0x70, 0x47, 0x88,
    0x70, 0xC5, 0x30, 0x0B, 0x63, 0xCD, 0xAE, 0x68, 0x73, 0x98, 0x6B, 0x54, 0x15, 0xFA, 0x34, 0xAC,
    0x08, 0xD1, 0xEF, 0x0D, 0xE1, 0xA8, 0x6E, 0x64, 0x06, 0x7A, 0x75, 0x74, 0xAC, 0x27, 0x7E, 0x2B,
    0xAD, 0x95, 0xAE, 0xAA, 0x43, 0x35, 0xAF, 0x40, 0x0D, 0xF2, 0xA9, 0x16, 0xC0, 0x47, 0xA8, 0xF4,
    0xB5, 0x4C, 0x90, 0x8C, 0x77, 0x48, 0xC6, 0x01, 0x7D, 0x47, 0x81, 0x4A, 0x53, 0x24, 0x6B, 0x70,
    0xC9, 0x6E, 0x97, 0xAC, 0xB7, 0x48, 0x76, 0x19, 0x92, 0xDB, 0x0C, 0xC9, 0xDD, 0x2A, 0x59, 0xE9,
    0x92, 0x7D, 0x94, 0xAC, 0xD2, 0x66, 0x35, 0x91, 0x0C, 0xCD, 0x90, 0x6C, 0x86, 0xF8, 0x71, 0x86,
    0xC5, 0x66, 0x38, 0x7F, 0x30, 0x83, 0xBD, 0x28, 0x7D, 0x78, 0x98, 0x93, 0x62, 0xD3, 0xE9, 0xD0,
    0xCA, 0x62, 0x25, 0x44, 0x11, 0x7D, 0x12, 0xE1, 0xB3, 0x88, 0x76, 0x13, 0xCD, 0x08, 0xB5, 0xBB,
    0x1B, 0xC3, 0x7C, 0x37, 0x72, 0x14, 0xDD, 0x61, 0x76, 0xF3, 0x85, 0xD5, 0xA4, 0x59, 0x74, 0xE6,
    0xEE, 0x2C, 0x6B, 0xC8, 0xD6, 0x3C, 0x8A, 0x0D, 0xAD, 0x9B, 0x49, 0xBD, 0x49, 0x81, 0xE4, 0x61,
    0xA5, 0xE0, 0x5E, 0x78, 0xC1, 0x12, 0x9F, 0xB1, 0x97, 0x77, 0x8A, 0x22, 0x88, 0x4F, 0x66, 0x4A,
    0x5F, 0xCD, 0x34, 0xDD, 0x67, 0x72, 0xE5, 0x33, 0xF3, 0x78, 0x33, 0xFB, 0xFD, 0xAB, 0x07, 0xF9,
    0x7C, 0x37, 0xFB, 0x18, 0xD6, 0x90, 0xC3, 0xEA, 0x67, 0xA8, 0x75, 0x7E, 0xDE, 0xE8, 0x93, 0x18,
    0x22, 0x44, 0xA9, 0x98, 0x6E, 0xCF, 0x38, 0x9E, 0xFF, 0x9D, 0xDB, 0xC5, 0xD6, 0xAC, 0xC6, 0x24,
    0x0E, 0x9F, 0x59, 0xA7, 0x22, 0xEB, 0x52, 0xB4, 0x17, 0x3C, 0x64, 0xC5, 0xE9, 0x64, 0x5A, 0x3A,
    0x71, 0x92, 0x15, 0xA1, 0x8F, 0xE2, 0x34, 0x8B, 0x0B, 0x44, 0x8A, 0xC3, 0x21, 0xF6, 0x45, 0xF4,
    0xC6, 0x2C, 0x32, 0x21, 0x6C, 0xE8, 0x58, 0x1C, 0x4F, 0x0C, 0xA4, 0x27, 0xC7, 0x69, 0x9E, 0x98,
    0x42, 0x3C, 0xE1, 0xEB, 0x2F, 0x16, 0xB4, 0x7B, 0x2D, 0x87, 0xCC, 0x7D, 0x24, 0xC8, 0x71, 0x99,
    0x03, 0x4B, 0x20, 0xD1, 0x33, 0x7B, 0x16, 0x38, 0x8E, 0x0D, 0x13, 0xD4, 0x60, 0x83, 0x46, 0x04,
    0x1A, 0x56, 0xB8, 0x7F, 0x05, 0xF5, 0xE9, 0x04, 0x9F, 0x84, 0xA8, 0x6B, 0xC2, 0x20, 0x84, 0x59,
    0x18, 0x85, 0xEB, 0xB1, 0x14, 0x4E, 0x41, 0x43, 0xEB, 0xB9, 0x78, 0x08, 0xAE, 0x08, 0x9B, 0xA0,
    0xB8, 0xF6, 0x19, 0xBC, 0x7E, 0x97, 0xFE, 0xAB, 0x82, 0x17, 0x65, 0xF2, 0x5D, 0x28, 0xD7, 0x16,
    0x37, 0xC0, 0x4F, 0x40, 0xD8, 0x31, 0xD4, 0xA1, 0x99, 0x26, 0x38, 0x2D, 0x60, 0x0D, 0x7A, 0x65,
    0xA9, 0xFE, 0x86, 0x2B, 0xEE, 0xA7, 0xF9, 0x1B, 0xF8, 0x0B, 0x9E, 0x2B, 0x0A, 0x06, 0x9E, 0x7F,
    0x6C, 0x08, 0xBF, 0x93, 0x19, 0x6F, 0xE8, 0x19, 0xF1, 0x33, 0xF0, 0x27, 0x6E, 0xCB, 0xC6, 0xE7,
    0xAA, 0xF9, 0x8C, 0x8E, 0xF5, 0x44, 0x7F, 0x23, 0xD0, 0x6D, 0x12, 0x87, 0x55, 0xD4, 0xBF, 0x64,
    0x2B, 0x16, 0xA4, 0x62, 0xD2, 0x24, 0x58, 0x2A, 0x0B, 0xC0, 0xE7, 0xCA, 0x77, 0xBB, 0xD8, 0xE7,
    0x6B, 0xAB, 0xEC, 0xFC, 0x22, 0xBC, 0x28, 0xA9, 0x65, 0x02, 0x1E, 0xCA, 0x6F, 0x16, 0x1E, 0xC0,
    0xC4, 0x53, 0x1F, 0xCF, 0xB1, 0x7A, 0x59, 0x01, 0xCF, 0x04, 0x7D, 0xE1, 0xAC, 0x20, 0x09, 0xBA,
    0x54, 0xD4, 0x5E, 0xBC, 0x36, 0xFC, 0x37, 0xD8, 0xD1, 0x0C, 0x1B, 0x2A, 0x98, 0x61, 0x84, 0x2C,
    0x68, 0x6C, 0x79, 0xF9, 0x8F, 0x78, 0xA5, 0x55, 0xE2, 0x95, 0xBB, 0x19, 0x47, 0xA5, 0x11, 0x4A,
    0x26, 0x34, 0xCF, 0x7F, 0xFA, 0x7A, 0xEA, 0xA2, 0xB4, 0xC0, 0xF9, 0xFA, 0x2B, 0xFE, 0x9F, 0x0A,
    0x88, 0xC0, 0x69, 0x23, 0x00,
};

static const EpdGlyph notosans_18_italicGlyphs[] = {
    { 0, 0, 0, 0, 0, 0, 0 }, // U+0000
    { 0, 0, 156, 0, 0, 0, 0 }, // U+000D
    { 0, 0, 168, 0, 0, 0, 0 }, // U+0020
    { 10, 26, 173, 1, 25, 65, 0 }, // !
    { 11, 9, 180, 3, 25, 25, 65 }, // "
    { 25, 25, 383, 0, 25, 157, 90 }, // #
    { 21, 33, 355, 1, 29, 174, 247 }, // $
    { 32, 27, 578, 3, 26, 216, 421 }, // %
    { 24, 27, 439, 1, 26, 162, 637 }, // &
    { 5, 9, 96, 3, 25, 12, 799 }, // '
    { 14, 33, 178, 1, 27, 116, 811 }, // (
    { 13, 33, 178, -3, 27, 108, 927 }, // )
    { 14, 13, 291, 4, 25, 46, 1035 }, // *
    { 20, 19, 364, 1, 19, 95, 1081 }, // +
    { 7, 10, 124, -2, 4, 18, 1176 }, // ,
    { 12, 4, 217, 1, 11, 12, 1194 }, // -
    { 6, 5, 124, -1, 4, 8, 1206 }, // .
    { 20, 30, 230, -2, 27, 150, 1214 }, // /
    { 21, 27, 384, 2, 26, 142, 1364 }, // 0
    { 12, 25, 244, 3, 25, 75, 1506 }, // 1
    { 22, 26, 329, -1, 26, 143, 1581 }, // 2
    { 20, 27, 346, 1, 26, 135, 1724 }, // 3
    { 22, 25, 368, 0, 25, 138, 1859 }, // 4
    { 22, 26, 350, 1, 25, 143, 1997 }, // 5
    { 20, 27, 359, 2, 26, 135, 2140 }, // 6
    { 21, 25, 306, 1, 25, 132, 2275 }, // 7
    { 20, 27, 369, 1, 26, 135, 2407 }, // 8
    { 19, 26, 357, 3, 26, 124, 2542 }, // 9
    { 9, 20, 124, -1, 19, 45, 2666 }, // :
    { 10, 25, 125, -2, 19, 63, 2711 }, // ;
    { 21, 19, 332, 1, 19, 100, 2774 }, // <
    { 22, 9, 377, 1, 14, 50, 2874 }, // =
    { 21, 19, 332, -1, 19, 100, 2924 }, // >
    { 17, 27, 288, 3, 26, 115, 3024 }, // ?
    { 27, 27, 467, 1, 23, 183, 3139 }, // @
    { 24, 25, 376, -2, 25, 150, 3322 }, // A
    { 23, 25, 368, 0, 25, 144, 3472 }, // B
    { 23, 27, 387, 2, 26, 156, 3616 }, // C
    { 25, 25, 401, 0, 25, 157, 3772 }, // D
    { 24, 25, 341, 0, 25, 150, 3929 }, // E
    { 23, 25, 331, 0, 25, 144, 4079 }, // F
    { 23, 27, 416, 2, 26, 156, 4223 }, // G
    { 27, 25, 416, 0, 25, 169, 4379 }, // H
    { 16, 25, 235, 0, 25, 100, 4548 }, // I
    { 21, 26, 307, -1, 25, 137, 4648 }, // J
    { 26, 25, 379, 0, 25, 163, 4785 }, // K
    { 19, 25, 325, 0, 25, 119, 4948 }, // L
    { 32, 25, 494, 0, 25, 200, 5067 }, // M
    { 27, 25, 416, 0, 25, 169, 5267 }, // N
    { 24, 27, 428, 2, 26, 162, 5436 }, // O
    { 24, 25, 355, 0, 25, 150, 5598 }, // P
    { 24, 29, 434, 2, 26, 174, 5748 }, // Q
    { 24, 25, 368, 0, 25, 150, 5922 }, // R
    { 21, 27, 355, 1, 26, 142, 6072 }, // S
    { 21, 25, 335, 3, 25, 132, 6214 }, // T
    { 26, 26, 414, 1, 25, 169, 6346 }, // U
    { 23, 25, 356, 3, 25, 144, 6515 }, // V
    { 31, 25, 514, 4, 25, 194, 6659 }, // W
    { 28, 25, 374, -2, 25, 175, 6853 }, // X
    { 22, 25, 345, 3, 25, 138, 7028 }, // Y
    { 25, 25, 364, -1, 25, 157, 7166 }, // Z
    { 16, 33, 191, -1, 27, 132, 7323 }, // [
    { 7, 30, 228, 4, 27, 53, 7455 }, // <backslash>
    { 16, 33, 187, -3, 27, 132, 7508 }, // ]
    { 18, 14, 331, 2, 25, 63, 7640 }, // ^
    { 15, 3, 222, -3, 0, 12, 7703 }, // _
    { 10, 7, 187, 1, 30, 18, 7715 }, // `
    { 19, 21, 315, 0, 20, 100, 7733 }, // a
    { 21, 28, 340, 0, 27, 147, 7833 }, // b
    { 18, 21, 291, 1, 20, 95, 7980 }, // c
    { 22, 28, 338, 1, 27, 154, 8075 }, // d
    { 20, 21, 323, 1, 20, 105, 8229 }, // e
    { 14, 28, 188, 1, 28, 98, 8334 }, // f
    { 21, 27, 336, 0, 20, 142, 8432 }, // g
    { 20, 27, 331, 0, 27, 135, 8574 }, // h
    { 10, 27, 151, 1, 27, 68, 8709 }, // i
    { 17, 33, 147, -6, 27, 141, 8777 }, // j
    { 20, 27, 295, 0, 27, 135, 8918 }, // k
    { 10, 27, 158, 0, 27, 68, 9053 }, // l
    { 31, 20, 507, 0, 20, 155, 9121 }, // m
    { 20, 20, 330, 0, 20, 100, 9276 }, // n
    { 19, 21, 329, 1, 20, 100, 9376 }, // o
    { 22, 26, 340, -1, 20, 143, 9476 }, // p
    { 20, 27, 344, 1, 20, 135, 9619 }, // q
    { 15, 21, 209, 0, 21, 79, 9754 }, // r
    { 17, 21, 283, 0, 20, 90, 9833 }, // s
    { 11, 24, 196, 2, 24, 66, 9923 }, // t
    { 19, 20, 325, 1, 19, 95, 9989 }, // u
    { 17, 19, 277, 2, 19, 81, 10084 }, // v
    { 26, 19, 410, 2, 19, 124, 10165 }, // w
    { 22, 19, 289, -2, 19, 105, 10289 }, // x
    { 21, 25, 269, -2, 19, 132, 10394 }, // y
    { 19, 19, 276, -1, 19, 91, 10526 }, // z
    { 14, 33, 202, 1, 27, 116, 10617 }, // {
    { 12, 38, 142, -1, 32, 114, 10733 }, // |
    { 14, 33, 202, -2, 27, 116, 10847 }, // }
    { 19, 7, 333, 1, 13, 34, 10963 }, // ~
    { 0, 0, 168, 0, 0, 0, 0 }, // U+00A0
    { 10, 27, 173, 0, 20, 68, 0 }, // U+00A1
    { 18, 27, 290, 1, 23, 122, 68 }, // U+00A2
    { 22, 27, 366, 1, 26, 149, 190 }, // U+00A3
    { 19, 18, 348, 2, 21, 86, 339 }, // U+00A4
    { 23, 25, 345, 2, 25, 144, 425 }, // U+00A5
    { 12, 38, 142, -1, 32, 114, 569 }, // U+00A6
    { 20, 33, 316, 0, 26, 165, 683 }, // U+00A7
    { 12, 4, 351, 5, 28, 12, 848 }, // U+00A8
    { 27, 27, 479, 2, 26, 183, 860 }, // U+00A9
    { 12, 11, 223, 3, 26, 33, 1043 }, // U+00AA
    { 19, 16, 337, 2, 17, 76, 1076 }, // U+00AB
    { 20, 12, 361, 2, 15, 60, 1152 }, // U+00AC
    { 27, 27, 479, 2, 26, 183, 1212 }, // U+00AE
    { 20, 3, 300, -1, 32, 15, 1395 }, // U+00AF
    { 12, 11, 211, 3, 26, 33, 1410 }, // U+00B0
    { 21, 19, 347, 0, 19, 100, 1443 }, // U+00B1
    { 13, 15, 229, 3, 30, 49, 1543 }, // U+00B2
    { 12, 15, 230, 4, 31, 45, 1592 }, // U+00B3
    { 10, 6, 187, 1, 29, 15, 1637 }, // U+00B4
    { 20, 31, 306, 2, 25, 155, 1652 }, // U+00B6
    { 5, 5, 144, 2, 12, 7, 1807 }, // U+00B7
    { 8, 9, 137, 0, 0, 18, 1814 }, // U+00B8
    { 7, 15, 154, 5, 29, 27, 1832 }, // U+00B9
    { 11, 12, 228, 4, 26, 33, 1859 }, // U+00BA
    { 20, 16, 338, 0, 17, 80, 1892 }, // U+00BB
    { 27, 25, 493, 2, 25, 169, 1972 }, // U+00BC
    { 28, 25, 502, 2, 25, 175, 2141 }, // U+00BD
    { 29, 26, 532, 3, 26, 189, 2316 }, // U+00BE
    { 17, 27, 274, -2, 20, 115, 2505 }, // U+00BF
    { 24, 33, 376, -2, 33, 198, 2620 }, // U+00C0
    { 24, 33, 376, -2, 33, 198, 2818 }, // U+00C1
    { 24, 33, 376, -2, 33, 198, 3016 }, // U+00C2
    { 25, 32, 376, -2, 32, 200, 3214 }, // U+00C3
    { 24, 32, 376, -2, 32, 192, 3414 }, // U+00C4
    { 24, 32, 376, -2, 32, 192, 3606 }, // U+00C5
    { 38, 25, 535, -2, 25, 238, 3798 }, // U+00C6
    { 23, 34, 387, 2, 26, 196, 4036 }, // U+00C7
    { 24, 33, 341, 0, 33, 198, 4232 }, // U+00C8
    { 24, 33, 341, 0, 33, 198, 4430 }, // U+00C9
    { 24, 33, 341, 0, 33, 198, 4628 }, // U+00CA
    { 24, 32, 341, 0, 32, 192, 4826 }, // U+00CB
    { 16, 33, 235, 0, 33, 132, 5018 }, // U+00CC
    { 18, 33, 235, 0, 33, 149, 5150 }, // U+00CD
    { 18, 33, 235, 0, 33, 149, 5299 }, // U+00CE
    { 18, 32, 235, 0, 32, 144, 5448 }, // U+00CF
    { 24, 25, 413, 1, 25, 150, 5592 }, // U+00D0
    { 27, 32, 416, 0, 32, 216, 5742 }, // U+00D1
    { 24, 34, 428, 2, 33, 204, 5958 }, // U+00D2
    { 24, 34, 428, 2, 33, 204, 6162 }, // U+00D3
    { 24, 34, 428, 2, 33, 204, 6366 }, // U+00D4
    { 24, 34, 428, 2, 33, 204, 6570 }, // U+00D5
    { 24, 34, 428, 2, 33, 204, 6774 }, // U+00D6
    { 20, 16, 319, 0, 17, 80, 6978 }, // U+00D7
    { 28, 27, 428, 0, 26, 189, 7058 }, // U+00D8
    { 26, 34, 414, 1, 33, 221, 7247 }, // U+00D9
    { 26, 34, 414, 1, 33, 221, 7468 }, // U+00DA
    { 26, 34, 414, 1, 33, 221, 7689 }, // U+00DB
    { 26, 33, 414, 1, 32, 215, 7910 }, // U+00DC
    { 22, 33, 345, 3, 33, 182, 8125 }, // U+00DD
    { 23, 25, 355, 0, 25, 144, 8307 }, // U+00DE
    { 21, 27, 352, 0, 26, 142, 8451 }, // U+00DF
    { 19, 29, 315, 0, 28, 138, 8593 }, // U+00E0
    { 19, 29, 315, 0, 28, 138, 8731 }, // U+00E1
    { 19, 28, 315, 0, 27, 133, 8869 }, // U+00E2
    { 19, 27, 315, 0, 26, 129, 9002 }, // U+00E3
    { 19, 29, 315, 0, 28, 138, 9131 }, // U+00E4
    { 19, 32, 315, 0, 31, 152, 9269 }, // U+00E5
    { 33, 21, 515, 0, 20, 174, 9421 }, // U+00E6
    { 18, 28, 291, 1, 20, 126, 9595 }, // U+00E7
    { 20, 29, 323, 1, 28, 145, 9721 }, // U+00E8
    { 20, 29, 323, 1, 28, 145, 9866 }, // U+00E9
    { 20, 28, 323, 1, 27, 140, 10011 }, // U+00EA
    { 20, 29, 323, 1, 28, 145, 10151 }, // U+00EB
    { 8, 27, 151, 1, 27, 54, 10296 }, // U+00EC
    { 13, 27, 151, 1, 27, 88, 10350 }, // U+00ED
    { 13, 27, 151, 1, 27, 88, 10438 }, // U+00EE
    { 13, 27, 160, 1, 27, 88, 10526 }, // U+00EF
    { 20, 29, 339, 1, 28, 145, 10614 }, // U+00F0
    { 20, 26, 330, 0, 26, 130, 10759 }, // U+00F1
    { 19, 29, 329, 1, 28, 138, 10889 }, // U+00F2
    { 19, 29, 329, 1, 28, 138, 11027 }, // U+00F3
    { 19, 28, 329, 1, 27, 133, 11165 }, // U+00F4
    { 19, 27, 329, 1, 26, 129, 11298 }, // U+00F5
    { 19, 29, 329, 1, 28, 138, 11427 }, // U+00F6
    { 20, 18, 364, 1, 18, 90, 11565 }, // U+00F7
    { 21, 22, 329, 0, 21, 116, 11655 }, // U+00F8
    { 19, 28, 325, 1, 27, 133, 11771 }, // U+00F9
    { 19, 28, 325, 1, 27, 133, 11904 }, // U+00FA
    { 19, 28, 325, 1, 27, 133, 12037 }, // U+00FB
    { 19, 28, 325, 1, 27, 133, 12170 }, // U+00FC
    { 21, 33, 269, -2, 27, 174, 12303 }, // U+00FD
    { 22, 33, 340, -1, 27, 182, 12477 }, // U+00FE
    { 21, 33, 269, -2, 27, 174, 12659 }, // U+00FF
    { 24, 31, 376, -2, 31, 186, 0 }, // U+0100
    { 19, 26, 315, 0, 25, 124, 186 }, // U+0101
    { 25, 32, 376, -2, 32, 200, 310 }, // U+0102
    { 19, 28, 315, 0, 27, 133, 510 }, // U+0103
    { 24, 32, 376, -2, 25, 192, 643 }, // U+0104
    { 19, 27, 315, 0, 20, 129, 835 }, // U+0105
    { 23, 34, 387, 2, 33, 196, 964 }, // U+0106
    { 18, 29, 291, 1, 28, 131, 1160 }, // U+0107
    { 23, 34, 387, 2, 33, 196, 1291 }, // U+010A
    { 18, 29, 291, 1, 28, 131, 1487 }, // U+010B
    { 23, 34, 387, 2, 33, 196, 1618 }, // U+010C
    { 19, 28, 291, 1, 27, 133, 1814 }, // U+010D
    { 25, 32, 401, 0, 32, 200, 1947 }, // U+010E
    { 28, 29, 380, 1, 28, 203, 2147 }, // U+010F
    { 24, 25, 413, 1, 25, 150, 2350 }, // U+0110
    { 24, 28, 338, 1, 27, 168, 2500 }, // U+0111
    { 24, 31, 341, 0, 31, 186, 2668 }, // U+0112
    { 20, 26, 323, 1, 25, 130, 2854 }, // U+0113
    { 24, 32, 341, 0, 32, 192, 2984 }, // U+0116
    { 20, 29, 323, 1, 28, 145, 3176 }, // U+0117
    { 24, 32, 341, 0, 25, 192, 3321 }, // U+0118
    { 20, 27, 323, 1, 20, 135, 3513 }, // U+0119
    { 24, 32, 341, 0, 32, 192, 3648 }, // U+011A
    { 20, 28, 323, 1, 27, 140, 3840 }, // U+011B
    { 23, 34, 416, 2, 33, 196, 3980 }, // U+011E
    { 21, 34, 336, 0, 27, 179, 4176 }, // U+011F
    { 23, 34, 416, 2, 33, 196, 4355 }, // U+0120
    { 21, 35, 336, 0, 28, 184, 4551 }, // U+0121
    { 23, 37, 416, 2, 26, 213, 4735 }, // U+0122
    { 21, 38, 336, 0, 31, 200, 4948 }, // U+0123
    { 29, 25, 416, 0, 25, 182, 5148 }, // U+0126
    { 20, 27, 330, 0, 27, 135, 5330 }, // U+0127
    { 18, 31, 235, 0, 31, 140, 5465 }, // U+012A
    { 13, 25, 151, 1, 25, 82, 5605 }, // U+012B
    { 16, 32, 235, 0, 25, 128, 5687 }, // U+012E
    { 13, 34, 151, -2, 27, 111, 5815 }, // U+012F
    { 16, 32, 235, 0, 32, 128, 5926 }, // U+0130
    { 8, 19, 151, 1, 19, 38, 6054 }, // U+0131
    { 35, 26, 542, 0, 25, 228, 6092 }, // U+0132
    { 19, 33, 298, 1, 27, 157, 6320 }, // U+0133
    { 26, 35, 379, 0, 25, 228, 6477 }, // U+0136
    { 20, 37, 295, 0, 27, 185, 6705 }, // U+0137
    { 18, 36, 321, 2, 36, 162, 6890 }, // U+0139
    { 9, 37, 151, 2, 37, 84, 7052 }, // U+013A
    { 19, 35, 325, 0, 25, 167, 7136 }, // U+013B
    { 13, 37, 158, -3, 27, 121, 7303 }, // U+013C
    { 19, 26, 325, 0, 26, 124, 7424 }, // U+013D
    { 16, 28, 188, 0, 28, 112, 7548 }, // U+013E
    { 21, 25, 343, -1, 25, 132, 7660 }, // U+0141
    { 12, 27, 178, 0, 27, 81, 7792 }, // U+0142
    { 27, 33, 416, 0, 33, 223, 7873 }, // U+0143
    { 20, 28, 330, 0, 28, 140, 8096 }, // U+0144
    { 27, 35, 416, 0, 25, 237, 8236 }, // U+0145
    { 20, 30, 330, 0, 20, 150, 8473 }, // U+0146
    { 27, 32, 416, 0, 32, 216, 8623 }, // U+0147
    { 20, 27, 330, 0, 27, 135, 8839 }, // U+0148
    { 22, 35, 456, 3, 27, 193, 8974 }, // U+014A
    { 18, 30, 371, 3, 21, 135, 9167 }, // U+014B
    { 25, 34, 469, 2, 33, 213, 9302 }, // U+014C
    { 19, 27, 363, 2, 26, 129, 9515 }, // U+014D
    { 24, 35, 428, 2, 34, 210, 9644 }, // U+0150
    { 21, 29, 329, 1, 28, 153, 9854 }, // U+0151
    { 38, 27, 603, 2, 26, 257, 10007 }, // U+0152
    { 34, 21, 554, 1, 20, 179, 10264 }, // U+0153
    { 24, 33, 368, 0, 33, 198, 10443 }, // U+0154
    { 16, 28, 209, 0, 28, 112, 10641 }, // U+0155
    { 20, 36, 373, 3, 27, 180, 10753 }, // U+0156
    { 13, 30, 248, 2, 21, 98, 10933 }, // U+0157
    { 24, 32, 368, 0, 32, 192, 11031 }, // U+0158
    { 17, 27, 209, 0, 27, 115, 11223 }, // U+0159
    { 21, 34, 355, 1, 33, 179, 11338 }, // U+015A
    { 18, 29, 283, 0, 28, 131, 11517 }, // U+015B
    { 21, 34, 355, 1, 26, 179, 11648 }, // U+015E
    { 17, 28, 283, 0, 20, 119, 11827 }, // U+015F
    { 21, 34, 355, 1, 33, 179, 11946 }, // U+0160
    { 19, 28, 283, 0, 27, 133, 12125 }, // U+0161
    { 21, 32, 335, 3, 25, 168, 12258 }, // U+0162
    { 13, 31, 196, 0, 24, 101, 12426 }, // U+0163
    { 21, 32, 335, 3, 32, 168, 12527 }, // U+0164
    { 15, 29, 196, 2, 29, 109, 12695 }, // U+0165
    { 26, 32, 414, 1, 31, 208, 12804 }, // U+016A
    { 19, 26, 325, 1, 25, 124, 13012 }, // U+016B
    { 21, 36, 439, 3, 35, 189, 13136 }, // U+016C
    { 18, 29, 371, 2, 28, 131, 13325 }, // U+016D
    { 26, 35, 414, 1, 34, 228, 13456 }, // U+016E
    { 19, 31, 325, 1, 30, 148, 13684 }, // U+016F
    { 26, 34, 414, 1, 33, 221, 13832 }, // U+0170
    { 20, 28, 325, 1, 27, 140, 14053 }, // U+0171
    { 27, 32, 414, 0, 25, 216, 14193 }, // U+0172
    { 19, 26, 325, 1, 19, 124, 14409 }, // U+0173
    { 31, 33, 514, 4, 33, 256, 14533 }, // U+0174
    { 26, 27, 410, 2, 27, 176, 14789 }, // U+0175
    { 22, 33, 345, 3, 33, 182, 14965 }, // U+0176
    { 21, 33, 269, -2, 27, 174, 15147 }, // U+0177
    { 22, 32, 345, 3, 32, 176, 15321 }, // U+0178
    { 25, 33, 364, -1, 33, 207, 15497 }, // U+0179
    { 19, 27, 276, -1, 27, 129, 15704 }, // U+017A
    { 25, 32, 364, -1, 32, 200, 15833 }, // U+017B
    { 19, 27, 276, -1, 27, 129, 16033 }, // U+017C
    { 25, 32, 364, -1, 32, 200, 16162 }, // U+017D
    { 20, 26, 276, -1, 26, 130, 16362 }, // U+017E
    { 21, 37, 355, 1, 26, 195, 0 }, // U+0218
    { 17, 31, 283, 0, 20, 132, 195 }, // U+0219
    { 21, 35, 335, 3, 25, 184, 327 }, // U+021A
    { 13, 34, 196, 0, 24, 111, 511 }, // U+021B
    { 6, 6, 0, 4, 27, 9, 0 }, // U+0300
    { 9, 6, 0, 3, 27, 14, 9 }, // U+0301
    { 13, 5, 0, 4, 26, 17, 23 }, // U+0302
    { 14, 4, 0, 4, 26, 14, 40 }, // U+0303
    { 12, 3, 0, 4, 25, 9, 54 }, // U+0304
    { 12, 5, 0, 4, 26, 15, 63 }, // U+0306
    { 5, 5, 0, 4, 27, 7, 78 }, // U+0307
    { 12, 5, 0, 4, 27, 15, 85 }, // U+0308
    { 9, 9, 0, 4, 30, 21, 100 }, // U+030A
    { 14, 6, 0, 3, 27, 21, 121 }, // U+030B
    { 14, 5, 0, 4, 26, 18, 142 }, // U+030C
    { 8, 9, 0, 4, 30, 18, 160 }, // U+0312
    { 8, 8, 0, -3, -2, 16, 178 }, // U+0326
    { 8, 8, 0, -2, 1, 16, 194 }, // U+0327
    { 8, 8, 0, -2, 1, 16, 210 }, // U+0328
    { 0, 0, 0, 0, 0, 0, 226 }, // U+034F
    { 22, 33, 345, 3, 33, 182, 0 }, // U+1EF2
    { 21, 33, 269, -2, 27, 174, 182 }, // U+1EF3
    { 0, 0, 84, 0, 0, 0, 0 }, // U+2009
    { 0, 0, 0, 0, 0, 0, 0 }, // U+200B
    { 2, 28, 0, -1, 26, 14, 0 }, // U+200C
    { 10, 28, 0, -5, 26, 70, 14 }, // U+200D
    { 9, 29, 0, -1, 27, 66, 84 }, // U+200E
    { 9, 29, 0, -8, 27, 66, 150 }, // U+200F
    { 10, 3, 193, 1, 12, 8, 216 }, // U+2010
    { 10, 4, 193, 1, 12, 10, 224 }, // U+2011
    { 17, 3, 302, 1, 11, 13, 234 }, // U+2013
    { 29, 3, 493, 1, 11, 22, 247 }, // U+2014
    { 7, 10, 141, 3, 25, 18, 269 }, // U+2018
    { 7, 10, 142, 3, 26, 18, 287 }, // U+2019
    { 7, 10, 142, -1, 4, 18, 305 }, // U+201A
    { 13, 10, 239, 3, 25, 33, 323 }, // U+201C
    { 13, 10, 239, 3, 26, 33, 356 }, // U+201D
    { 13, 10, 239, -1, 4, 33, 389 }, // U+201E
    { 19, 25, 325, 2, 25, 119, 422 }, // U+2020
    { 21, 25, 325, 0, 25, 132, 541 }, // U+2021
    { 13, 13, 263, 2, 16, 43, 673 }, // U+2022
    { 23, 5, 398, -1, 4, 29, 716 }, // U+2026
    { 0, 0, 78, 0, 0, 0, 745 }, // U+202F
    { 47, 27, 820, 3, 26, 318, 745 }, // U+2030
    { 11, 16, 212, 2, 17, 44, 1063 }, // U+2039
    { 12, 16, 212, 0, 17, 48, 1107 }, // U+203A
    { 27, 25, 352, -2, 25, 169, 1155 }, // U+2044
    { 7, 20, 206, 2, 19, 35, 1324 }, // U+204F
    { 24, 23, 475, 3, 23, 138, 0 }, // U+20AA
    { 26, 27, 398, 0, 26, 176, 138 }, // U+20AC
    { 20, 25, 332, 3, 25, 125, 314 }, // U+20B9
    { 20, 27, 351, 1, 26, 135, 0 }, // U+2202
    { 26, 31, 351, -2, 25, 202, 135 }, // U+220F
    { 26, 31, 352, -2, 25, 202, 337 }, // U+2211
    { 20, 4, 364, 1, 11, 20, 539 }, // U+2212
    { 28, 25, 359, -2, 25, 175, 559 }, // U+2215
    { 6, 5, 137, 1, 12, 8, 734 }, // U+2219
    { 23, 31, 353, 1, 25, 179, 742 }, // U+221A
    { 26, 11, 464, 2, 15, 72, 921 }, // U+221E
    { 20, 33, 275, -1, 26, 165, 993 }, // U+222B
    { 21, 14, 332, 0, 17, 74, 1158 }, // U+2248
    { 22, 19, 377, 1, 19, 105, 1232 }, // U+2260
    { 22, 19, 347, 0, 19, 105, 1337 }, // U+2264
    { 21, 19, 347, 0, 19, 100, 1442 }, // U+2265
};

static const EpdUnicodeInterval notosans_18_italicIntervals[] = {
    { 0x0, 0x0, 0x0 },
    { 0xD, 0xD, 0x1 },
    { 0x20, 0x7E, 0x2 },
    { 0xA0, 0xAC, 0x61 },
    { 0xAE, 0xB4, 0x6E },
    { 0xB6, 0x107, 0x75 },
    { 0x10A, 0x113, 0xC7 },
    { 0x116, 0x11B, 0xD1 },
    { 0x11E, 0x123, 0xD7 },
    { 0x126, 0x127, 0xDD },
    { 0x12A, 0x12B, 0xDF },
    { 0x12E, 0x133, 0xE1 },
    { 0x136, 0x137, 0xE7 },
    { 0x139, 0x13E, 0xE9 },
    { 0x141, 0x148, 0xEF },
    { 0x14A, 0x14D, 0xF7 },
    { 0x150, 0x15B, 0xFB },
    { 0x15E, 0x165, 0x107 },
    { 0x16A, 0x17E, 0x10F },
    { 0x218, 0x21B, 0x124 },
    { 0x300, 0x304, 0x128 },
    { 0x306, 0x308, 0x12D },
    { 0x30A, 0x30C, 0x130 },
    { 0x312, 0x312, 0x133 },
    { 0x326, 0x328, 0x134 },
    { 0x34F, 0x34F, 0x137 },
    { 0x1EF2, 0x1EF3, 0x138 },
    { 0x2009, 0x2009, 0x13A },
    { 0x200B, 0x2011, 0x13B },
    { 0x2013, 0x2014, 0x142 },
    { 0x2018, 0x201A, 0x144 },
    { 0x201C, 0x201E, 0x147 },
    { 0x2020, 0x2022, 0x14A },
    { 0x2026, 0x2026, 0x14D },
    { 0x202F, 0x2030, 0x14E },
    { 0x2039, 0x203A, 0x150 },
    { 0x2044, 0x2044, 0x152 },
    { 0x204F, 0x204F, 0x153 },
    { 0x20AA, 0x20AA, 0x154 },
    { 0x20AC, 0x20AC, 0x155 },
    { 0x20B9, 0x20B9, 0x156 },
    { 0x2202, 0x2202, 0x157 },
    { 0x220F, 0x220F, 0x158 },
    { 0x2211, 0x2212, 0x159 },
    { 0x2215, 0x2215, 0x15B },
    { 0x2219, 0x221A, 0x15C },
    { 0x221E, 0x221E, 0x15E },
    { 0x222B, 0x222B, 0x15F },
    { 0x2248, 0x2248, 0x160 },
    { 0x2260, 0x2260, 0x161 },
    { 0x2264, 0x2265, 0x162 },
};

static const EpdFontGroup notosans_18_italicGroups[] = {
    { 0, 4489, 11753, 97, 0 },
    { 4489, 3768, 13462, 94, 97 },
    { 8257, 4410, 17580, 101, 191 },
    { 12667, 292, 723, 4, 292 },
    { 12959, 186, 252, 16, 296 },
    { 13145, 172, 396, 2, 312 },
    { 13317, 581, 1518, 26, 314 },
    { 13898, 191, 452, 3, 340 },
    { 14089, 620, 1628, 13, 343 },
};

static const uint16_t notosans_18_italicKernLeftCodepoints[] = {
    0x0020, 0x0022, 0x0024, 0x0026, 0x0027, 0x0028, 0x002A, 0x002B, 0x002C, 0x002D, 0x002E, 0x002F,
    0x0030, 0x0032, 0x0033, 0x0034, 0x0035, 0x0036, 0x0037, 0x0038, 0x0039, 0x003A, 0x003B, 0x003E,
    0x003F, 0x0040, 0x0041, 0x0042, 0x0043, 0x0044, 0x0045, 0x0046, 0x0047, 0x0049, 0x004A, 0x004B,
    0x004C, 0x004F, 0x0050, 0x0051, 0x0052, 0x0053, 0x0054, 0x0055, 0x0056, 0x0057, 0x0058, 0x0059,
    0x005A, 0x005B, 0x005C, 0x005D, 0x005F, 0x0061, 0x0062, 0x0063, 0x0065, 0x0066, 0x0067, 0x0068,
    0x006A, 0x006B, 0x006C, 0x006D, 0x006E, 0x006F, 0x0070, 0x0071, 0x0072, 0x0073, 0x0074, 0x0075,
    0x0076, 0x0077, 0x0078, 0x0079, 0x007A, 0x007B, 0x007C, 0x00A1, 0x00A2, 0x00A3, 0x00A5, 0x00A6,
    0x00A7, 0x00A9, 0x00AB, 0x00AE, 0x00B0, 0x00B6, 0x00B7, 0x00BB, 0x00BF, 0x00C0, 0x00C1, 0x00C2,
    0x00C3, 0x00C4, 0x00C5, 0x00C6, 0x00C7, 0x00C8, 0x00C9, 0x00CA, 0x00CB, 0x00CC, 0x00CD, 0x00CE,
    0x00CF, 0x00D0, 0x00D2, 0x00D3, 0x00D4, 0x00D5, 0x00D6, 0x00D8, 0x00D9, 0x00DA, 0x00DB, 0x00DC,
    0x00DD, 0x00DE, 0x00DF, 0x00E0, 0x00E1, 0x00E2, 0x00E3, 0x00E4, 0x00E5, 0x00E6, 0x00E7, 0x00E8,
    0x00E9, 0x00EA, 0x00EB, 0x00EE, 0x00EF, 0x00F0, 0x00F1, 0x00F2, 0x00F3, 0x00F4, 0x00F5, 0x00F6,
    0x00F8, 0x00F9, 0x00FA, 0x00FB, 0x00FC, 0x00FD, 0x00FE, 0x00FF, 0x0100, 0x0101, 0x0102, 0x0103,
    0x0104, 0x0105, 0x0106, 0x0107, 0x010A, 0x010B, 0x010C, 0x010D, 0x010E, 0x010F, 0x0110, 0x0111,
    0x0112, 0x0113, 0x0116, 0x0117, 0x0118, 0x0119, 0x011A, 0x011B, 0x011E, 0x011F, 0x0120, 0x0121,
    0x0122, 0x0123, 0x0126, 0x0127, 0x012A, 0x012E, 0x012F, 0x0130, 0x0132, 0x0133, 0x0136, 0x0137,
    0x013B, 0x013C, 0x013D, 0x013E, 0x0141, 0x0142, 0x0144, 0x0146, 0x0148, 0x0150, 0x0151, 0x0152,
    0x0153, 0x0154, 0x0155, 0x0157, 0x0158, 0x0159, 0x015A, 0x015B, 0x015E, 0x015F, 0x0160, 0x0161,
    0x0162, 0x0163, 0x0164, 0x0165, 0x016A, 0x016B, 0x016E, 0x016F, 0x0170, 0x0171, 0x0172, 0x0173,
    0x0174, 0x0175, 0x0176, 0x0177, 0x0178, 0x0179, 0x017A, 0x017B, 0x017C, 0x017D, 0x017E, 0x0218,
    0x0219, 0x021A, 0x021B, 0x1EF2, 0x1EF3, 0x2013, 0x2014, 0x2018, 0x2019, 0x201A, 0x201C, 0x201D,
    0x201E, 0x2022, 0x2026, 0x2039, 0x203A, 0x20AC, 0x2212,
};

static const uint8_t notosans_18_italicKernLeftClassIds[] = {
      1,   2,   3,   4,   2,   5,   6,   7,   8,   9,  10,  11,  12,  13,  14,  15,
     16,  17,  18,  19,  20,  21,  21,  22,  23,  24,  25,  26,  27,  28,  29,  30,
     31,  32,  33,  34,  35,  28,  36,  37,  38,  39,  40,  33,  41,  42,  43,  44,
     45,  46,  47,  48,  49,  50,  51,  52,  53,  54,  55,  56,  57,  58,  59,  56,
     56,  51,  51,  60,  61,  62,  63,  64,  65,  65,  66,  65,  67,  46,  68,  69,
     52,  70,  71,  68,  72,  73,  74,  73,  75,  76,  77,  78,  79,  25,  25,  25,
     25,  25,  25,  29,  27,  29,  29,  29,  29,  32,  32,  32,  32,  28,  28,  28,
     28,  28,  28,  28,  33,  33,  33,  33,  44,  80,  81,  50,  50,  50,  50,  50,
     50,  53,  52,  53,  53,  53,  53,  82,  83,  84,  56,  51,  51,  51,  51,  51,
     51,  64,  64,  64,  64,  65,  51,  65,  25,  50,  25,  50,  85,  86,  27,  52,
     27,  52,  27,  52,  28,  87,  28,  88,  29,  53,  29,  53,  89,  53,  29,  53,
     31,  55,  31,  55,  31,  55,  90,  56,  32,  91,  92,  32,  33,  57,  34,  58,
     35,  93,  35,  94,  35,  59,  56,  56,  56,  28,  95,  29,  53,  38,  61,  96,
     38,  61,  39,  62,  39,  62,  39,  62,  40,  97,  40,  98,  33,  64,  33,  64,
     33,  64,  33,  99,  42,  65,  44,  65,  44,  45,  67,  45,  67,  45,  67,  39,
     62,  40, 100,  44,  65,   9,   9, 101, 102,  10, 101, 102,  10, 103,  10,  74,
     78, 104, 105,
};

static const uint16_t notosans_18_italicKernRightCodepoints[] = {
    0x0020, 0x0021, 0x0022, 0x0024, 0x0025, 0x0026, 0x0027, 0x0029, 0x002A, 0x002B, 0x002C, 0x002D,
    0x002E, 0x002F, 0x0030, 0x0031, 0x0032, 0x0033, 0x0034, 0x0035, 0x0036, 0x0037, 0x0038, 0x0039,
    0x003A, 0x003B, 0x003C, 0x003E, 0x003F, 0x0040, 0x0041, 0x0042, 0x0043, 0x0045, 0x0046, 0x0047,
    0x0048, 0x0049, 0x004A, 0x004F, 0x0051, 0x0053, 0x0054, 0x0055, 0x0056, 0x0057, 0x0058, 0x0059,
    0x005A, 0x005B, 0x005C, 0x005D, 0x005F, 0x0061, 0x0062, 0x0063, 0x0064, 0x0065, 0x0066, 0x0067,
    0x0068, 0x0069, 0x006A, 0x006B, 0x006C, 0x006D, 0x006E, 0x006F, 0x0070, 0x0071, 0x0072, 0x0073,
    0x0074, 0x0075, 0x0076, 0x0077, 0x0078, 0x0079, 0x007A, 0x007C, 0x007D, 0x00A1, 0x00A2, 0x00A3,
    0x00A5, 0x00A6, 0x00A7, 0x00A9, 0x00AB, 0x00AE, 0x00B0, 0x00B6, 0x00B7, 0x00BB, 0x00BF, 0x00C0,
    0x00C1, 0x00C2, 0x00C3, 0x00C4, 0x00C5, 0x00C6, 0x00C7, 0x00C8, 0x00C9, 0x00CA, 0x00CB, 0x00CC,
    0x00CD, 0x00CE, 0x00CF, 0x00D2, 0x00D3, 0x00D4, 0x00D5, 0x00D6, 0x00D8, 0x00D9, 0x00DA, 0x00DB,
    0x00DC, 0x00DD, 0x00DF, 0x00E0, 0x00E1, 0x00E2, 0x00E3, 0x00E4, 0x00E5, 0x00E6, 0x00E7, 0x00E8,
    0x00E9, 0x00EA, 0x00EB, 0x00EC, 0x00ED, 0x00EE, 0x00EF, 0x00F0, 0x00F1, 0x00F2, 0x00F3, 0x00F4,
    0x00F5, 0x00F6, 0x00F8, 0x00F9, 0x00FA, 0x00FB, 0x00FC, 0x00FD, 0x00FE, 0x00FF, 0x0100, 0x0101,
    0x0102, 0x0103, 0x0104, 0x0105, 0x0106, 0x0107, 0x010A, 0x010B, 0x010C, 0x010D, 0x010F, 0x0111,
    0x0112, 0x0113, 0x0116, 0x0117, 0x0118, 0x0119, 0x011A, 0x011B, 0x011E, 0x011F, 0x0120, 0x0121,
    0x0122, 0x0123, 0x0127, 0x012A, 0x012B, 0x012E, 0x012F, 0x0130, 0x0131, 0x0132, 0x0133, 0x0137,
    0x013C, 0x013E, 0x0142, 0x0144, 0x0146, 0x0148, 0x014D, 0x0150, 0x0151, 0x0152, 0x0153, 0x0155,
    0x0159, 0x015A, 0x015B, 0x015E, 0x015F, 0x0160, 0x0161, 0x0162, 0x0163, 0x0164, 0x0165, 0x016A,
    0x016B, 0x016E, 0x016F, 0x0170, 0x0171, 0x0172, 0x0173, 0x0174, 0x0175, 0x0176, 0x0177, 0x0178,
    0x0179, 0x017A, 0x017B, 0x017C, 0x017D, 0x017E, 0x0218, 0x0219, 0x021A, 0x021B, 0x1EF2, 0x1EF3,
    0x2013, 0x2014, 0x2018, 0x2019, 0x201A, 0x201C, 0x201D, 0x201E, 0x2022, 0x2026, 0x2030, 0x2039,
    0x203A, 0x20AC, 0x220F, 0x2211, 0x2212,
};

static const uint8_t notosans_18_italicKernRightClassIds[] = {
      1,   2,   3,   4,   5,   6,   3,   7,   8,   9,  10,  11,  12,  13,  14,  15,
     16,  17,  18,  19,  20,  21,  22,  23,  24,  25,  26,  27,  28,  29,  30,  31,
     32,  31,  31,  32,  31,  33,  34,  32,  32,  35,  36,  37,  38,  39,  40,  41,
     42,  43,  44,  45,  46,  47,  48,  49,  49,  49,  50,  51,  48,  52,  53,  48,
     54,  55,  55,  49,  56,  49,  55,  57,  58,  59,  60,  60,  61,  62,  63,  43,
     45,  43,  49,  64,  65,  43,  43,  66,  67,  66,  68,  69,  70,  71,  72,  30,
     30,  30,  30,  30,  30,  73,  32,  31,  31,  31,  31,  33,  33,  33,  33,  32,
     32,  32,  32,  32,  32,  37,  37,  37,  37,  41,  74,  47,  47,  75,  76,  77,
     47,  47,  49,  49,  49,  49,  78,  79,  52,  80,  81,  49,  55,  49,  49,  82,
     83,  84,  49,  59,  59,  59,  59,  62,  85,  62,  30,  86,  30,  87,  30,  47,
     32,  49,  32,  49,  32,  49,  49,  49,  31,  49,  31,  49,  31,  49,  31,  49,
     32,  51,  32,  51,  32,  51,  88,  33,  89,  33,  90,  33,  52,  33,  52,  48,
     54,  54,  54,  55,  55,  55,  91,  32,  49,  32,  49,  55,  55,  35,  57,  35,
     57,  35,  57,  36,  58,  36,  58,  37,  59,  37,  59,  37,  59,  37,  59,  39,
     60,  41,  62,  41,  42,  63,  42,  63,  42,  63,  35,  57,  36,  58,  41,  62,
     11,  11,  92,  93,  94,  92,  93,  94,  95,  12,   5,  67,  71,  96,  69,  69,
     97,
};

static const uint16_t notosans_18_italicKernRowOffsets[] = {
        0,     7,    31,    34,    56,    76,    98,   101,   145,   174,   217,   253,   268,   277,   290,   301,
      312,   333,   360,   386,   407,   421,   424,   425,   448,   503,   549,   595,   636,   659,   691,   706,
      721,   736,   784,   831,   882,   924,   962,  1015,  1069,  1123,  1173,  1215,  1269,  1295,  1309,  1354,
     1355,  1356,  1390,  1441,  1490,  1524,  1564,  1572,  1591,  1592,  1638,  1681,  1710,  1759,  1809,  1846,
     1855,  1905,  1940,  1971,  1972,  1994,  2000,  2004,  2005,  2036,  2058,  2060,  2061,  2077,  2095,  2139,
     2181,  2192,  2202,  2207,  2243,  2299,  2334,  2380,  2381,  2405,  2407,  2423,  2424,  2468,  2510,  2561,
     2562,  2600,  2639,  2649,  2687,  2724,  2761,  2775,  2781,  2783,
};

static const uint8_t notosans_18_italicKernSparseCols[] = {
     29,  35,  37,  38,  40,  59,  61,  14,  17,  20,  21,  29,  33,  34,  35,  37,
     38,  46,  48,  49,  56,  57,  74,  75,  76,  77,  81,  82,  83,  85,  86,  14,
     15,  22,  31,  34,  35,  36,  37,  38,  40,  46,  48,  56,  57,  59,  61,  74,
     75,  76,  77,  81,  82,  83,  85,  86,  13,  29,  31,  33,  46,  48,  50,  52,
     56,  59,  61,  74,  75,  76,  77,  81,  82,  83,  85,  86,   9,  11,  29,  31,
     33,  35,  37,  38,  39,  40,  41,  46,  49,  56,  60,  72,  74,  75,  76,  85,
     86,  93,  14,  17,  22,   7,  13,  14,  16,  17,  18,  19,  20,  21,  22,  29,
     31,  33,  34,  35,  36,  37,  38,  39,  40,  46,  47,  48,  50,  52,  53,  56,
     57,  59,  60,  61,  62,  74,  75,  76,  77,  81,  82,  83,  85,  86,  87,  91,
     92,  13,  14,  17,  18,  21,  22,  29,  31,  33,  34,  35,  37,  38,  39,  40,
     41,  48,  49,  50,  56,  57,  59,  60,  61,  62,  77,  81,  82,  83,   7,  13,
     14,  16,  17,  18,  19,  20,  21,  22,  29,  31,  33,  34,  35,  36,  37,  38,
     39,  40,  46,  47,  48,  50,  53,  56,  57,  59,  60,  61,  62,  74,  75,  76,
     77,  81,  82,  83,  85,  86,  87,  91,  92,  12,  13,  15,  16,  17,  19,  20,
     22,  29,  31,  33,  34,  35,  40,  46,  48,  49,  50,  54,  55,  56,  58,  59,
     60,  61,  72,  74,  75,  76,  77,  81,  82,  83,  84,  85,  86,   3,   6,   9,
     10,  11,  12,  14,  15,  16,  20,  21,  22,  43,  64,  93,  14,  16,  17,  19,
     20,  21,  22,  43,  64,   3,   9,  11,  12,  14,  15,  20,  22,  25,  43,  64,
     93,  96,   2,   8,  10,  13,  14,  15,  16,  17,  19,  22,  43,  12,  13,  14,
     15,  16,  18,  19,  22,  43,  63,  64,   3,   9,  11,  12,  13,  14,  15,  17,
     18,  20,  22,  43,  48,  63,  64,  77,  81,  82,  83,  93,  95,   2,   4,   8,
      9,  10,  11,  12,  13,  14,  15,  16,  17,  19,  20,  21,  22,  44,  48,  63,
     67,  77,  81,  82,  83,  93,  95,  96,   2,   3,   4,   9,  10,  11,  12,  13,
     14,  15,  16,  18,  19,  20,  22,  25,  43,  48,  63,  64,  77,  81,  82,  83,
     93,  95,   3,   8,  10,  12,  13,  14,  15,  16,  17,  19,  20,  25,  26,  43,
     48,  63,  64,  77,  81,  82,  83,  14,  29,  35,  37,  38,  40,  48,  59,  60,
     61,  77,  81,  82,  83,  14,  16,  22,  29,  29,  32,  34,  35,  37,  38,  39,
     40,  41,  46,  49,  56,  57,  59,  60,  61,  62,  72,  74,  75,  76,  85,  86,
      0,   1,   2,   5,   6,   7,   9,  10,  11,  12,  27,  28,  29,  31,  33,  34,
     35,  36,  37,  38,  39,  40,  43,  46,  47,  48,  49,  50,  51,  53,  56,  57,
     58,  59,  61,  65,  66,  74,  75,  76,  77,  78,  79,  80,  81,  82,  83,  85,
     86,  87,  88,  89,  91,  92,  93,   6,   7,   9,  10,  11,  12,  27,  28,  29,
     31,  33,  34,  35,  37,  38,  39,  40,  41,  43,  46,  48,  50,  51,  58,  59,
     61,  62,  65,  66,  74,  75,  76,  77,  78,  79,  80,  81,  82,  83,  85,  86,
     88,  89,  91,  92,  93,   5,   6,   7,   9,  10,  11,  12,  28,  29,  31,  32,
     33,  37,  38,  39,  40,  41,  46,  48,  50,  52,  53,  56,  57,  58,  59,  60,
     61,  62,  65,  66,  69,  70,  74,  75,  76,  77,  81,  82,  83,  85,  86,  91,
     92,  93,  94,   1,   5,   6,   7,   9,  10,  11,  12,  27,  28,  29,  32,  33,
     34,  35,  37,  38,  39,  40,  41,  43,  44,  46,  48,  57,  59,  61,  62,  72,
     74,  75,  76,  77,  81,  82,  83,  85,  86,  91,  92,  93,   7,   9,  11,  28,
     31,  33,  34,  35,  48,  50,  56,  57,  58,  59,  61,  65,  66,  77,  81,  82,
     83,  91,  93,   7,   9,  11,  12,  23,  24,  27,  29,  31,  33,  34,  46,  48,
     56,  57,  65,  69,  72,  74,  75,  76,  77,  78,  79,  80,  81,  82,  83,  85,
     86,  88,  93,   6,   7,  27,  34,  35,  37,  38,  39,  40,  57,  59,  61,  65,
     91,  92,  31,  46,  48,  50,  59,  61,  74,  75,  76,  77,  81,  82,  83,  85,
     86,   9,  11,  12,  29,  34,  39,  46,  50,  72,  74,  75,  76,  85,  86,  93,
      0,   5,   7,   9,  10,  11,  27,  28,  29,  31,  33,  34,  36,  37,  38,  39,
     40,  46,  48,  50,  51,  56,  57,  58,  59,  61,  65,  66,  69,  70,  74,  75,
     76,  77,  78,  79,  80,  81,  82,  83,  85,  86,  88,  89,  91,  92,  93,  94,
      2,   7,  10,  27,  28,  29,  31,  33,  34,  35,  36,  37,  38,  40,  46,  47,
     48,  49,  50,  51,  53,  56,  57,  58,  59,  61,  65,  66,  69,  74,  75,  76,
     77,  78,  79,  80,  81,  82,  83,  85,  86,  87,  88,  89,  91,  92,  94,   0,
      1,   5,   6,   7,   9,  10,  11,  12,  28,  29,  31,  33,  34,  37,  38,  39,
     40,  41,  43,  46,  48,  50,  51,  52,  56,  57,  59,  60,  61,  65,  66,  70,
     72,  74,  75,  76,  77,  78,  79,  80,  81,  82,  83,  85,  86,  88,  89,  91,
     92,  93,   1,   5,   6,   7,   9,  10,  11,  12,  27,  28,  29,  32,  33,  34,
     35,  37,  38,  39,  40,  41,  43,  44,  46,  48,  52,  57,  59,  61,  62,  72,
     74,  75,  76,  77,  81,  82,  83,  85,  86,  91,  92,  93,   7,   9,  10,  11,
     23,  24,  28,  29,  31,  33,  35,  36,  37,  38,  39,  40,  43,  46,  48,  50,
     56,  57,  59,  61,  65,  72,  74,  75,  76,  77,  81,  82,  83,  85,  86,  91,
     92,  93,   1,   2,   5,   6,   7,   9,  10,  11,  12,  27,  28,  29,  31,  33,
     35,  37,  38,  39,  40,  41,  43,  46,  48,  49,  50,  51,  55,  57,  58,  59,
     60,  61,  62,  65,  72,  74,  75,  76,  77,  78,  79,  80,  81,  82,  83,  84,
     85,  86,  88,  89,  91,  92,  93,   0,   2,   5,   7,   9,  10,  11,  12,  23,
     24,  27,  28,  29,  31,  33,  34,  35,  37,  38,  39,  40,  43,  46,  48,  50,
     54,  55,  56,  58,  59,  60,  61,  62,  65,  66,  70,  72,  74,  75,  76,  77,
     78,  79,  80,  81,  82,  83,  84,  85,  86,  87,  88,  92,  93,   0,   2,   5,
      7,   9,  10,  11,  12,  23,  24,  27,  29,  33,  34,  35,  37,  39,  40,  46,
     48,  50,  51,  54,  55,  56,  57,  58,  59,  60,  61,  62,  65,  66,  70,  72,
     74,  75,  76,  77,  78,  79,  80,  81,  82,  83,  84,  85,  86,  87,  88,  89,
     91,  92,  93,   0,   2,   5,   7,   9,  10,  11,  12,  23,  24,  27,  29,  33,
     34,  35,  38,  39,  40,  46,  48,  50,  54,  55,  56,  57,  58,  60,  62,  65,
     66,  70,  72,  74,  75,  76,  77,  78,  79,  80,  81,  82,  83,  84,  85,  86,
     87,  88,  91,  92,  93,   5,   7,   9,  10,  11,  28,  29,  31,  33,  34,  35,
     37,  38,  40,  46,  48,  50,  51,  56,  57,  58,  59,  61,  66,  70,  74,  75,
     76,  77,  78,  79,  80,  81,  82,  83,  85,  86,  88,  89,  91,  92,  93,   0,
      5,   7,   9,  10,  11,  12,  23,  24,  27,  28,  29,  31,  33,  34,  35,  37,
     38,  39,  40,  43,  46,  48,  50,  54,  55,  56,  57,  58,  59,  60,  61,  62,
     65,  66,  70,  72,  74,  75,  76,  77,  79,  80,  81,  82,  83,  84,  85,  86,
     87,  88,  91,  92,  93,   7,   9,  10,  11,  27,  28,  31,  34,  43,  48,  50,
     53,  56,  57,  58,  59,  61,  65,  66,  77,  81,  82,  83,  91,  92,  93,  17,
     20,  31,  48,  50,  52,  56,  59,  60,  61,  77,  81,  82,  83,  13,  14,  15,
     16,  17,  18,  19,  20,  21,  22,  31,  34,  35,  36,  37,  38,  40,  46,  47,
     48,  49,  50,  51,  52,  53,  56,  57,  58,  59,  61,  74,  75,  76,  77,  78,
     79,  80,  81,  82,  83,  85,  86,  87,  88,  89,  52,  52,   1,   2,   5,   6,
      7,  10,  27,  28,  35,  37,  38,  40,  43,  44,  48,  49,  51,  56,  57,  58,
     59,  61,  65,  77,  78,  79,  80,  81,  82,  83,  88,  89,  91,  92,   1,   2,
      5,   6,   7,   9,  10,  11,  12,  27,  33,  34,  35,  36,  37,  38,  39,  40,
     41,  43,  44,  46,  48,  49,  51,  56,  57,  59,  60,  61,  62,  65,  66,  70,
     74,  75,  76,  77,  78,  79,  80,  81,  82,  83,  85,  86,  88,  89,  91,  92,
     93,   1,   2,   6,   7,   9,  11,  12,  14,  15,  16,  22,  23,  24,  27,  29,
     33,  34,  35,  37,  38,  39,  40,  41,  43,  46,  47,  48,  49,  53,  59,  60,
     61,  62,  65,  66,  69,  74,  75,  76,  77,  81,  82,  83,  85,  86,  87,  91,
     92,  93,   1,   2,   5,   6,   7,   9,  11,  23,  24,  27,  28,  35,  37,  38,
     40,  43,  44,  46,  49,  50,  57,  59,  60,  61,  62,  65,  74,  75,  76,  85,
     86,  91,  92,  93,   2,   5,   7,   9,  10,  11,  12,  27,  46,  48,  49,  50,
     51,  56,  57,  59,  60,  61,  65,  66,  69,  74,  75,  76,  77,  78,  79,  80,
     81,  82,  83,  85,  86,  87,  88,  89,  91,  92,  93,  94,   7,  27,  35,  43,
     52,  59,  61,  91,  27,  35,  37,  38,  40,  43,  49,  51,  57,  59,  61,  65,
     78,  79,  80,  88,  89,  91,  92,  52,   5,   7,   9,  10,  11,  23,  24,  27,
     28,  33,  35,  37,  38,  40,  43,  46,  48,  51,  56,  57,  58,  59,  60,  61,
     65,  66,  69,  70,  74,  75,  76,  77,  78,  79,  80,  81,  82,  83,  85,  86,
     88,  89,  91,  92,  93,  94,   7,   9,  11,  27,  28,  31,  37,  38,  40,  43,
     46,  47,  48,  50,  51,  53,  56,  57,  58,  59,  61,  65,  66,  69,  74,  75,
     76,  77,  78,  79,  80,  81,  82,  83,  85,  86,  87,  88,  89,  91,  92,  93,
     94,   6,   7,   9,  12,  24,  27,  28,  35,  37,  38,  40,  42,  43,  44,  45,
     50,  52,  55,  56,  59,  60,  61,  65,  71,  84,  89,  91,  92,  93,   0,   2,
      5,   9,  11,  27,  29,  33,  35,  37,  39,  40,  43,  46,  47,  48,  49,  50,
     51,  53,  54,  55,  56,  57,  58,  59,  60,  61,  65,  66,  74,  75,  76,  77,
     78,  79,  80,  81,  82,  83,  84,  85,  86,  87,  88,  89,  91,  92,  93,   2,
      6,   7,   9,  10,  11,  12,  23,  24,  27,  28,  29,  31,  33,  34,  35,  36,
     37,  38,  39,  40,  43,  46,  48,  49,  51,  57,  59,  60,  61,  62,  65,  66,
     74,  75,  76,  77,  78,  79,  80,  81,  82,  83,  85,  86,  88,  89,  91,  92,
     93,   2,   5,   6,  10,  27,  28,  31,  43,  46,  48,  49,  50,  51,  56,  57,
     59,  60,  61,  62,  65,  66,  74,  75,  76,  77,  78,  79,  80,  81,  82,  83,
     85,  86,  88,  89,  91,  92,   7,  27,  35,  37,  38,  40,  43,  59,  61,   0,
      1,   5,   6,   7,   9,  10,  11,  12,  23,  24,  27,  28,  29,  33,  35,  37,
     38,  39,  40,  41,  43,  46,  48,  49,  50,  51,  56,  57,  59,  61,  65,  69,
     74,  75,  76,  77,  78,  79,  80,  81,  82,  83,  85,  86,  88,  89,  91,  93,
     94,   5,   7,   9,  10,  11,  23,  24,  27,  28,  35,  37,  40,  43,  46,  48,
     49,  50,  56,  58,  60,  65,  66,  69,  74,  75,  76,  77,  81,  82,  83,  85,
     86,  91,  92,  93,   5,   9,  10,  11,  27,  28,  35,  37,  40,  43,  46,  48,
     49,  57,  59,  61,  65,  66,  69,  74,  75,  76,  77,  81,  82,  83,  85,  86,
     91,  92,  93,  52,  33,  34,  35,  36,  37,  38,  40,  46,  48,  52,  59,  60,
     61,  74,  75,  76,  77,  81,  82,  83,  85,  86,  13,  14,  16,  18,  21,  22,
     15,  16,  21,  22,  52,  29,  33,  34,  35,  37,  38,  40,  41,  46,  47,  48,
     49,  50,  53,  56,  57,  59,  60,  61,  62,  72,  74,  75,  76,  77,  81,  82,
     83,  85,  86,  87,  33,  35,  37,  38,  40,  46,  48,  50,  56,  57,  59,  61,
     71,  74,  75,  76,  77,  81,  82,  83,  85,  86,  14,  20,  87,  35,  37,  38,
     40,  46,  49,  57,  59,  60,  61,  62,  74,  75,  76,  85,  86,  35,  37,  38,
     39,  40,  41,  48,  49,  56,  57,  59,  60,  61,  71,  77,  81,  82,  83,  30,
     31,  33,  34,  35,  36,  37,  38,  40,  41,  46,  47,  48,  49,  50,  51,  52,
     53,  54,  56,  57,  58,  59,  60,  61,  62,  73,  74,  75,  76,  77,  78,  79,
     80,  81,  82,  83,  85,  86,  87,  88,  89,  91,  92,   6,   7,   9,  10,  11,
     12,  27,  28,  29,  33,  37,  39,  43,  46,  48,  51,  56,  57,  59,  60,  61,
     62,  69,  72,  74,  75,  76,  77,  78,  79,  80,  81,  82,  83,  85,  86,  88,
     89,  91,  92,  93,  94,   1,   7,  27,  28,  43,  59,  61,  65,  66,  91,  92,
      2,  27,  44,  47,  53,  67,  68,  84,  87,  92,  44,  47,  53,  64,  87,   7,
      9,  11,  12,  23,  24,  27,  29,  33,  35,  37,  38,  39,  41,  43,  46,  51,
     56,  59,  60,  61,  65,  70,  74,  75,  76,  78,  79,  80,  85,  86,  88,  89,
     91,  92,  93,   0,   1,   2,   5,   6,   7,   9,  10,  11,  12,  27,  28,  29,
     31,  33,  34,  35,  36,  37,  38,  39,  40,  43,  46,  47,  48,  49,  50,  51,
     52,  53,  56,  57,  58,  59,  61,  65,  66,  74,  75,  76,  77,  78,  79,  80,
     81,  82,  83,  85,  86,  87,  88,  89,  91,  92,  93,   1,   2,   5,   6,   7,
     10,  27,  28,  35,  37,  38,  40,  43,  44,  48,  49,  51,  52,  56,  57,  58,
     59,  61,  65,  77,  78,  79,  80,  81,  82,  83,  88,  89,  91,  92,   2,   5,
      6,   7,   9,  10,  11,  12,  23,  24,  27,  28,  43,  44,  45,  46,  47,  48,
     49,  50,  52,  53,  54,  55,  56,  58,  60,  62,  66,  69,  70,  74,  75,  76,
     77,  81,  82,  83,  84,  85,  86,  87,  91,  92,  93,  94,  27,   7,   9,  11,
     28,  31,  33,  34,  35,  48,  50,  52,  56,  57,  58,  59,  61,  65,  66,  77,
     81,  82,  83,  91,  93,  79,  87,  31,  46,  48,  50,  52,  59,  61,  74,  75,
     76,  77,  81,  82,  83,  85,  86,  52,   7,   9,  11,  27,  28,  31,  37,  38,
     40,  43,  46,  47,  48,  50,  51,  52,  53,  56,  57,  58,  59,  61,  65,  66,
     69,  74,  75,  76,  77,  78,  79,  80,  81,  82,  83,  85,  86,  87,  88,  89,
     91,  92,  93,  94,   1,   2,   5,   6,   7,   9,  10,  11,  12,  23,  24,  27,
     28,  43,  44,  45,  46,  48,  49,  50,  54,  55,  56,  58,  59,  60,  61,  66,
     69,  70,  74,  75,  76,  77,  81,  82,  83,  85,  86,  91,  92,  93,   1,   2,
      5,   6,   7,   9,  10,  11,  12,  27,  33,  34,  35,  36,  37,  38,  39,  40,
     41,  43,  44,  46,  48,  49,  51,  56,  57,  59,  60,  61,  62,  65,  66,  70,
     74,  75,  76,  77,  78,  79,  80,  81,  82,  83,  85,  86,  88,  89,  91,  92,
     93,  90,   2,   5,   6,  10,  27,  28,  31,  43,  46,  48,  49,  50,  51,  52,
     56,  57,  59,  60,  61,  62,  65,  66,  74,  75,  76,  77,  78,  79,  80,  81,
     82,  83,  85,  86,  88,  89,  91,  92,   2,   5,   6,  10,  27,  28,  31,  43,
     44,  46,  48,  49,  50,  51,  52,  56,  57,  59,  60,  61,  62,  65,  66,  74,
     75,  76,  77,  78,  79,  80,  81,  82,  83,  85,  86,  88,  89,  91,  92,   7,
     27,  35,  37,  38,  40,  43,  52,  59,  61,   2,   5,   6,  10,  27,  28,  31,
     43,  46,  48,  49,  50,  51,  52,  56,  57,  59,  60,  61,  62,  65,  66,  74,
     75,  76,  77,  78,  79,  80,  81,  82,  83,  85,  86,  88,  89,  91,  92,   9,
     11,  29,  31,  33,  34,  35,  37,  38,  39,  40,  41,  46,  48,  49,  54,  55,
     56,  57,  58,  59,  60,  61,  62,  71,  72,  74,  75,  76,  77,  81,  82,  83,
     84,  85,  86,  93,   9,  11,  29,  31,  33,  34,  35,  37,  38,  39,  40,  41,
     46,  48,  49,  50,  54,  55,  56,  57,  59,  60,  61,  62,  71,  72,  74,  75,
     76,  77,  81,  82,  83,  84,  85,  86,  93,  35,  37,  38,  40,  46,  49,  57,
     59,  61,  74,  75,  76,  85,  86,  13,  14,  15,  16,  17,  20,  14,  22,
};

static const int8_t notosans_18_italicKernSparseValues[] = {
      -6,  -12,  -12,  -12,  -18,   -7,   -7,   11,  -25,   23,  -12,  -31,  -77,   -1,   18,   12,
      12,   -7,  -18,   18,  -13,   19,   -7,   -7,   -7,  -18,  -18,  -18,  -18,   -7,   -7,   -6,
       6,  -11,   -4,  -16,  -42,  -18,  -34,  -17,  -54,    5,   -1,   -3,   -5,  -20,  -20,    5,
       5,    5,   -1,   -1,   -1,   -1,    5,    5,  -12,  -12,   -6,  -12,  -12,  -18,   -1,   37,
      -6,   -3,   -3,  -12,  -12,  -12,  -18,  -18,  -18,  -18,  -12,  -12,  -31,  -31,  -35,    2,
     -42,   12,   -6,   -6,   -6,   -4,   -5,   -4,   17,    6,   -3,  -60,   -4,   -4,   -4,   -4,
      -4,  -31,  -18,   13,  -11,  -37,  -15,  -25,  -10,  -11,  -10,  -15,   -6,  -11,  -12,    9,
     -30,  -12,  -22,  -43,  -36,  -32,  -25,    6,  -43,   -3,   -6,  -16,   -9,   16,   -6,  -10,
     -23,  -32,    3,  -32,    4,   -3,   -3,   -3,  -16,  -16,  -16,  -16,   -3,   -3,   -6,  -38,
     -41,   12,   -6,   25,    6,    3,  -15,   -7,    7,   22,   -5,  -24,  -24,  -10,   -6,   -8,
       6,    6,   -6,   12,   -5,   -6,  -11,   -3,  -11,   -5,    6,    6,    6,    6,  -37,  -15,
     -25,  -10,  -11,  -10,  -15,   -6,  -11,  -12,    9,  -30,  -12,  -22,  -43,  -36,  -32,  -25,
       6,  -43,   -3,   -6,  -16,   -9,   -6,  -10,  -23,  -32,    3,  -32,    4,   -3,   -3,   -3,
     -16,  -16,  -16,  -16,   -3,   -3,   -6,  -38,  -41,  -61,    3,    6,    6,  -21,    3,   30,
       4,  -25,  -15,  -57,  -11,   23,   12,  -20,  -28,    5,  -14,  -13,  -18,  -21,  -24,  -12,
     -20,  -12,  -32,  -20,  -20,  -20,  -28,  -28,  -28,  -28,  -18,  -20,  -20,   -5,  -12,   12,
      12,   12,   -3,   -8,    6,    3,   -6,    3,   -6,  -15,  -10,   12,   -4,   -5,  -11,    3,
      -6,   -9,   -4,  -15,  -11,   -3,    9,    9,   -9,   -6,    6,   -6,   -5,   -3,  -22,  -10,
       9,   -5,  -23,   12,   12,   -6,   -5,   -6,   -3,    6,   -6,  -26,  -23,  -11,   -8,  -15,
       6,  -12,   -6,   -2,  -10,   -7,   -6,   -6,   -3,    6,    6,   -7,   -3,  -16,    6,   -2,
      -3,   -9,   -9,  -16,   -3,   -6,  -13,   -3,   -3,   -3,   -3,    6,   -6,   23,   18,    6,
     -12,    1,  -12,  -24,    4,    6,    3,    9,  -25,    4,   18,  -12,    3,    6,    6,    1,
      29,    6,    6,    6,    6,  -12,    1,    6,  -12,   -3,   -1,   12,   -4,   12,   -1,   -4,
     -18,   -3,   -3,   -5,   -5,   -6,  -17,   -3,  -29,   -4,   -5,   -7,   -4,   -4,   -4,   -4,
      12,   -7,   -8,   -2,    1,  -24,   -3,   -8,  -12,   -6,   -1,    3,   -6,    3,   -3,  -19,
       6,   -6,  -12,    6,    6,    6,    6,   -4,    6,  -18,  -16,  -10,  -25,   -3,   -4,   -3,
      -4,   -3,   -3,   -3,   -3,  -10,   -2,  -10,  -31,    5,  -10,   -2,  -34,  -18,   -9,    6,
     -34,    7,    5,   -6,   -5,  -23,   -9,   -6,   -9,    1,    6,    5,    5,    5,    5,    5,
      -6,  -10,  -31,  -11,  -12,  -54,    2,   -7,    2,    7,  -31,   -9,   13,  -22,   -7,  -16,
     -37,  -30,  -33,  -24,   10,  -40,  -40,   -3,   -5,  -16,   -9,   -9,   -4,   -8,   -4,  -18,
     -17,  -25,  -25,  -27,   -6,   -3,   -3,   -3,  -16,   -4,   -4,   -4,  -16,  -16,  -16,   -3,
      -3,   -5,   -4,   -4,  -54,  -58,    2,   -6,  -16,    9,   -3,    9,   -6,    1,   -3,    4,
      -5,    4,   -6,  -12,  -17,  -14,  -12,  -25,    1,   -9,    2,    1,   -3,   -2,   -2,   -3,
      -3,    3,    6,   -5,    2,    2,    2,    1,   -2,   -2,   -2,    1,    1,    1,    2,    2,
      -2,   -2,   -4,   -7,    9,   -1,   -7,  -14,   12,   -6,   12,    8,   -7,    5,  -13,    2,
       4,  -10,   -9,    2,  -21,   14,    6,    1,   -4,    1,    4,    2,   -3,   -2,   -5,    6,
      -5,    5,    6,   -6,  -11,    2,    6,    6,    6,    1,    1,    1,    1,    6,    6,   -8,
      -7,   12,  -11,   -3,    6,   -6,  -12,   -6,    7,   -6,  -15,  -25,    4,   -2,  -17,    6,
      -6,  -19,  -26,  -15,  -10,  -38,  -16,  -33,   -6,   10,    3,   -3,   -5,   -5,   -3,  -19,
      10,   10,   10,    3,    3,    3,    3,   10,   10,  -11,  -11,   -6,   -6,   -3,   -3,  -11,
     -16,   -1,   -5,    6,   -9,   -7,   -3,   -3,   -6,   -6,   -6,    6,   -6,   -9,   -9,   -9,
      -9,   -6,   -3,   -5,  -29,  -29,  -35,   -3,   -3,    2,  -24,   -4,  -29,  -10,   -5,    3,
      -3,   -3,    6,    6,  -48,   -5,   -5,   -5,    3,   11,   17,   17,    3,    3,    3,   -5,
      -5,   17,  -29,    5,  -24,  -24,   -6,  -19,  -24,  -17,   -1,  -32,   -4,   -4,   -4,   -9,
      -9,  -12,  -17,   -6,  -18,  -13,  -12,  -12,   -6,   -6,   -6,  -18,  -18,  -18,  -18,   -6,
      -6,  -17,  -17,  -12,  -12,   -3,   -3,    8,   -4,  -10,    8,    8,    8,    8,    8,  -17,
     -12,  -12,  -10,   -8,  -12,   -8,  -11,  -15,    9,  -29,  -14,   -6,  -17,   -8,  -13,    6,
      -1,   -7,  -33,  -28,  -14,  -15,  -10,  -24,  -25,  -25,   12,  -25,  -12,  -12,   -7,   -7,
      -7,  -33,  -14,  -14,  -14,  -33,  -33,  -33,   -7,   -7,  -14,  -14,   -6,  -15,   -8,  -12,
     -53,  -54,  -10,  -37,   -9,    5,  -27,   -5,  -12,  -43,  -18,  -43,  -31,  -55,    1,   -3,
     -12,   -3,   -6,   -4,   -3,   -7,   -4,   -8,  -10,  -10,  -20,  -30,  -12,    1,    1,    1,
     -12,   -4,   -4,   -4,  -12,  -12,  -12,    1,    1,   -3,   -4,   -4,  -84,  -72,  -12,  -18,
      -3,    7,   -6,   -5,  -30,    7,  -30,  -30,    7,  -21,    4,  -47,   -3,   -3,   -8,  -19,
     -16,   -6,  -12,    8,    1,    9,   10,    3,    4,   -2,    9,   -3,    9,   12,   -5,    6,
     -55,    8,    8,    8,    1,   10,   10,   10,    1,    1,    1,    8,    8,   10,   10,    2,
      -7,  -30,   -3,    6,   -6,  -12,   14,    7,   14,   -9,  -25,    4,   22,  -17,    6,   -6,
     -19,  -26,  -15,    6,  -38,  -17,  -33,   -6,   10,    3,   12,   -3,   -5,   -5,   -3,   11,
      10,   10,   10,    3,    3,    3,    3,   10,   10,  -11,  -11,   14,   -9,   -5,  -11,   -5,
      -1,   -1,    6,    4,   -2,  -13,   -8,   -6,  -13,   -9,   -1,  -18,  -14,   10,    5,    9,
       3,   -3,   -3,   -3,   12,   -6,   10,   10,   10,    5,    5,    5,    5,   10,   10,   -5,
      -7,   -5,    6,   -1,    1,    6,  -16,   11,    7,   11,   -6,  -11,   -2,    4,   -5,    1,
     -14,  -18,   -9,    6,  -25,    6,  -13,    5,   -3,   -6,   -3,   -3,   -4,  -14,   -2,  -15,
       6,  -15,    6,    6,  -19,    5,    5,    5,   -3,   -3,   -3,   -3,   -3,   -3,   -3,   -4,
       5,    5,   -3,   -3,  -16,  -16,   11,  -12,   18,  -27,   12,  -43,  -24,  -43,  -60,  -18,
     -18,   12,  -10,  -25,  -10,  -56,   -2,   12,   12,   12,    5,   17,   23,  -35,  -42,  -42,
     -19,  -24,  -19,  -24,  -17,  -29,  -17,  -24,   18,  -43,   -2,  -49,  -53,  -52,  -58,  -42,
      24,   35,   35,  -71,  -67,  -71,  -24,  -58,  -59,   18,   29,   18,  -43,  -12,   12,  -23,
      -5,  -12,  -12,  -12,  -24,   -9,   -9,    9,  -19,  -34,    4,   12,   10,    1,   17,   -7,
     -13,   -7,   11,  -16,  -15,  -10,    2,  -12,   -6,   -4,   -6,    3,   18,  -25,   -6,  -43,
     -10,  -16,  -16,  -13,   11,   32,   38,  -13,  -13,  -13,  -15,   -7,   -7,    4,   26,   11,
       3,    3,  -12,  -12,   12,  -11,   -5,  -12,    3,  -12,  -12,   -9,   -9,    9,  -13,  -28,
       3,   12,    1,   -3,   13,    4,   -8,   -8,   -2,   -2,    3,    2,   -6,    2,    3,   12,
     -18,    6,  -37,    4,    4,    4,   -8,   17,   23,   23,   -8,   -8,   -8,   -2,    4,    4,
       4,   23,    3,    3,  -12,  -11,   -3,    2,  -18,    2,  -12,   10,  -16,   -9,   -7,    5,
       1,   -3,    9,  -10,  -27,  -12,   -3,   -4,   -7,  -10,   -9,   -9,  -19,   -6,  -10,  -10,
     -10,  -27,   -3,   -3,   -3,  -27,  -27,  -27,  -10,  -10,   -3,   -3,   -7,   -4,    2,  -18,
     -30,    2,  -43,    4,  -43,  -59,  -10,  -10,    1,   -2,  -25,   -5,  -52,    2,   17,   17,
      13,    9,   25,   12,  -23,  -30,  -31,  -22,  -28,  -20,   -4,  -22,  -13,   -9,  -13,  -15,
      18,  -37,  -19,  -73,  -23,  -37,  -43,  -61,   17,   23,  -30,  -30,  -61,  -28,  -23,  -23,
       3,   23,    6,    3,  -43,   -7,   -3,   -6,   -3,    1,  -10,  -18,    2,   -4,  -17,   -5,
      -2,   -3,   -5,   -7,   -3,   -3,   12,  -18,  -17,  -17,  -17,  -17,   -2,   -4,   -3,  -11,
      18,   -6,   -4,   -4,   34,   -5,   -3,   -3,   -3,   -4,   -4,   -4,   -4,  -18,  -15,   -6,
     -16,   -8,  -10,  -17,  -10,  -15,  -12,  -37,  -13,  -60,  -30,  -40,  -24,  -74,   -3,  -11,
     -16,   -8,  -13,  -14,   18,  -11,   -5,  -10,  -12,  -28,  -28,   -3,   -3,   -3,  -16,  -14,
     -14,  -14,  -16,  -16,  -16,   -3,   -3,  -11,  -14,  -14,   10,   20,   -3,  -24,   -5,  -12,
     -18,   -6,  -38,   -4,  -42,  -22,  -12,  -28,  -47,   -6,   -5,   -9,   -4,  -10,  -12,   -5,
     -17,  -17,   -8,   -5,   -4,   -4,   -4,   -5,   -5,   -5,   -4,   -4,  -28,  -30,    3,   -5,
       3,  -18,  -26,    4,    6,    4,    3,  -30,    6,   -5,  -60,   -6,  -27,  -21,   -8,  -49,
       3,  -44,   -4,    6,    2,   -6,   -5,   -4,  -14,  -15,  -13,  -15,   -9,   -6,  -12,  -13,
       6,    6,    6,    2,   -5,   -5,   -5,    2,    2,    2,    6,    6,   -5,   -5,  -32,  -22,
       4,    3,    5,   -6,  -12,    8,    8,   12,  -11,    6,   -3,  -10,    8,    8,  -18,   12,
       2,  -10,  -50,  -16,  -15,   10,  -28,    6,  -18,    4,    9,   -6,    4,    9,   -8,    4,
      -8,    7,   -3,   -6,   -6,    4,    4,    4,   -6,   -6,   -6,   -6,    4,    4,    9,   -8,
      -6,    8,    3,  -18,    6,  -18,  -18,    6,    6,    6,    6,  -30,    6,  -46,  -27,  -21,
     -52,  -41,   -2,    4,   -9,    3,   -5,  -11,   -7,  -11,   -4,   -6,    4,    4,    4,    4,
       4,  -20,  -20,    6,   18,    3,   23,  -21,  -12,  -21,  -12,    9,   -5,  -12,    4,   -7,
       6,   -5,    4,    6,   -2,    6,    9,    6,    6,   -5,   -5,   -5,  -12,    6,   24,   29,
     -12,  -12,  -12,   -5,   -5,    6,   29,    6,    6,   25,  -21,    6,  -12,   -6,  -19,  -22,
      13,   -3,   -3,   -8,  -25,  -36,  -16,  -11,  -18,  -40,   -3,   -3,  -16,  -19,  -19,   -6,
      -3,   -3,   -3,   -3,   -3,  -33,  -31,    8,  -19,  -12,   -6,  -21,   -6,   -2,   -2,   -6,
     -11,   -8,  -34,   -8,   -6,  -13,   -9,   -5,  -19,   -6,   -7,   -2,   -5,   -1,   13,   -1,
       6,  -17,   -8,   -3,   -5,   -5,   -5,  -19,   -6,   -6,   -6,  -19,  -19,  -19,   -5,   -5,
      -6,   -6,   -5,   -5,   -6,   -8,   -8,    6,    6,   -6,   -6,   -2,   -7,   -4,   -7,  -22,
       8,   -3,   -4,   -8,    4,   -3,   -4,   -2,   -4,   -7,   -7,   -6,   -6,   -6,    8,    8,
       8,   -4,    4,    4,    4,   -4,   -4,   -4,    8,    8,   -3,    4,    4,   -7,   -3,    6,
      -6,   38,  -12,   20,   30,   18,   -6,   -5,  -24,   -8,   -2,  -16,    8,  -22,   52,   24,
      -4,   80,    8,   -8,   -2,   -2,   14,   -4,   36,    8,   32,  -12,   -7,   11,  -12,   29,
       6,  -39,  -39,   -1,    6,    6,   -5,   -2,   -6,   -9,   -7,   -6,    6,   -8,   17,   -6,
      17,    6,    6,    6,    2,   13,    6,    8,   -2,    8,    6,    3,   -6,   -6,   -6,   -8,
      17,   17,   17,   -8,   -8,   -8,    6,   -6,   -6,    6,   17,   17,   12,   16,  -39,  -12,
       6,  -12,    7,   -3,    7,    6,    6,    6,  -27,   -5,    6,   -6,    1,   -5,  -34,   -6,
     -16,   -9,    5,  -25,  -24,    1,   -3,   -7,   -6,   -2,  -10,   -1,  -10,    3,   -6,   -5,
       1,    1,    1,   -3,   -6,   -6,   -6,   -3,   -3,   -3,    1,    1,   -6,   -6,  -29,  -20,
       7,   11,   -5,    6,   -6,   -6,    2,    1,  -11,    3,   -2,    2,    5,    4,   -6,    1,
       3,   -3,    3,   -3,    6,   -6,    3,    3,    3,   -2,    4,    4,    4,   -2,   -2,   -2,
       3,    3,    4,    4,   -7,   -1,  -12,   -6,  -24,   -8,   -2,  -17,  -22,   -3,   -3,   -7,
      -3,    4,   -3,   -9,  -20,   -3,  -20,  -12,    3,    3,   -1,    6,  -13,    4,  -13,   -6,
      -3,   -7,  -11,   -7,  -12,   -2,    2,   13,   -4,   11,   -2,    6,   15,   15,   12,    6,
      -2,   -2,   -2,    2,   11,   11,   11,    2,    2,    2,   -2,   -2,   11,   11,   10,  -20,
       5,   -6,  -12,   -7,   -3,   -7,    1,    1,   -3,    6,  -29,   -8,  -20,   -4,   -2,  -13,
       3,   -7,   -1,   -3,   15,    6,   -6,    6,   -2,   -2,   -2,  -13,  -13,  -13,  -13,   -2,
      -2,   -3,   -3,   -7,    6,    1,   -4,    1,   -4,    6,  -24,   -6,  -20,   -9,    1,   -9,
       6,    6,    6,    6,    6,   -6,    6,    1,    1,    1,   -9,   -9,   -9,   -9,    1,    1,
      -5,   -6,    1,   14,   -5,   -6,  -26,   -6,  -25,  -18,  -25,    1,    3,   25,   -3,   -3,
      -3,    1,    1,    1,    3,    3,    3,    3,    1,    1,  -10,   -5,   -3,   -6,   -6,    2,
       7,    9,    3,    6,   12,   21,   12,    7,  -18,  -18,  -12,  -18,   14,   16,    6,    6,
      -6,    8,    6,   -3,  -10,   -7,   -4,   -7,   12,   18,   16,   16,   16,    6,    6,    6,
       6,   16,   16,    6,   -7,   -2,  -19,   -6,  -31,   -5,  -15,   -2,   -5,   -6,   -3,   -3,
       4,   -5,   -5,   -5,  -15,  -15,  -15,  -15,   -5,   -5,   17,   30,    4,  -12,  -12,  -12,
     -14,    6,   -8,   -8,  -13,   -6,  -13,   -6,    6,    6,    6,    6,    6,  -49,  -25,  -18,
     -19,  -49,  -18,  -12,   -6,   -6,   -6,   -6,   -6,   -6,    2,  -12,  -12,  -12,  -12,  -18,
     -32,  -19,   -9,  -44,  -20,  -28,  -29,  -50,   -2,  -11,   -6,  -30,  -13,  -13,  -18,   36,
      -6,  -15,  -10,  -10,  -19,  -34,   -4,  -56,   -4,   -7,  -11,  -11,  -11,  -30,  -18,  -18,
     -18,  -30,  -30,  -30,  -11,  -11,   -6,  -18,  -14,  -18,  -26,  -24,  -14,    7,   14,    7,
     -20,  -19,    9,    2,    6,  -24,  -14,  -26,    9,    6,   -3,   -2,   -5,   -5,   -7,   -5,
       3,    7,  -31,    9,    9,    9,    6,   -3,   -3,   -3,    6,    6,    6,    9,    9,   -3,
      -3,   -8,  -11,    7,    7,    3,  -20,   -7,   -3,  -26,   -2,   -2,  -12,   -3,  -16,  -14,
       8,   10,    8,    6,    6,    6,    6,    6,    6,   10,    5,    7,    7,   18,    7,  -16,
      -3,   -3,    4,   -6,   -6,   -6,    6,    6,   -9,  -12,  -12,    4,    6,  -18,    7,   -4,
      -5,   -8,   -8,   -8,   -6,   -6,    7,    7,    7,   -4,   -4,   -4,    7,    7,   -4,   -4,
     -10,  -12,   -3,   -6,  -10,  -31,  -11,  -19,  -54,    2,   -7,    2,    7,  -31,   -9,   13,
     -22,   -7,  -16,  -37,  -30,  -33,  -24,   10,  -40,  -40,   -3,   -5,  -16,   -9,   -9,   -4,
      42,   -8,   -4,  -18,  -17,  -25,  -25,  -27,   -6,   -3,   -3,   -3,  -16,   -4,   -4,   -4,
     -16,  -16,  -16,   -3,   -3,   -5,   -4,   -4,  -54,  -58,    2,   -3,  -24,   -5,  -12,  -18,
      -6,  -38,   -4,  -42,  -22,  -12,  -28,  -47,   -6,   -5,   -9,   -4,   22,  -10,  -12,   -5,
     -17,  -17,   -8,   -5,   -4,   -4,   -4,   -5,   -5,   -5,   -4,   -4,  -28,  -30,   10,  -36,
       7,    2,  -43,  -43,  -43,  -43,    4,    4,    9,  -32,   16,    3,  -43,  -21,    1,  -28,
      -7,  -31,    1,    1,  -12,  -12,  -19,  -12,   -3,   -3,  -43,  -43,  -43,  -21,  -21,  -21,
     -28,  -28,  -28,  -28,  -10,  -21,  -21,    1,    9,    9,  -43,  -43,    8,   -6,   -3,   -3,
     -11,  -16,   -1,   -5,    6,   -9,   -7,   24,   -3,   -3,   -6,   -6,   -6,    6,   -6,   -9,
      -9,   -9,   -9,   -6,   -3,    6,   10,  -17,   -6,  -18,  -13,   16,  -12,  -12,   -6,   -6,
      -6,  -18,  -18,  -18,  -18,   -6,   -6,   11,   -8,    6,    6,   -6,   -6,   -2,   -7,   -4,
      -7,  -22,    8,   -3,   -4,   -8,    4,   24,   -3,   -4,   -2,   -4,   -7,   -7,   -6,   -6,
      -6,    8,    8,    8,   -4,    4,    4,    4,   -4,   -4,   -4,    8,    8,   -3,    4,    4,
      -7,   -3,    6,   -6,    1,    8,  -25,    2,   -2,  -31,  -31,  -31,  -29,    6,    6,    9,
     -25,   16,    3,   -8,  -20,  -25,   -7,  -28,  -13,   -2,  -14,  -16,   -1,   -2,   -1,  -31,
     -31,  -31,  -20,  -20,  -20,  -25,  -25,  -25,  -25,  -20,  -20,    4,    8,  -31,    3,   -5,
       3,  -18,  -26,    4,    6,    4,    3,  -30,    6,   -5,  -60,   -6,  -27,  -21,   -8,  -49,
       3,  -82,   -4,    6,    2,   -6,   -5,   -4,  -14,  -15,  -13,  -15,   -9,   -6,  -12,  -13,
       6,    6,    6,    2,   -5,   -5,   -5,    2,    2,    2,    6,    6,   -5,   -5,  -32,  -22,
       4,  -12,   11,   -5,    6,   -6,   -6,    2,    1,  -11,    3,   -2,    2,    5,    4,   26,
      -6,    1,    3,   -3,    3,   -3,    6,   -6,    3,    3,    3,   -2,    4,    4,    4,   -2,
      -2,   -2,    3,    3,    4,    4,   -7,   -1,   11,   -5,    6,   -6,   -6,    2,    1,   -5,
       6,    3,   -2,    2,    5,    4,    6,   -6,    1,    3,   -3,    3,   -3,    6,   -6,    3,
       3,    3,   -2,    4,    4,    4,   -2,   -2,   -2,    3,    3,    4,    4,   -7,   -1,  -12,
      -6,  -24,   -8,   -2,  -17,  -22,   12,   -3,   -3,   11,   -5,    6,   -6,   -6,    2,    1,
     -11,    3,   -2,    2,    5,    4,   24,   -6,    1,    3,   -3,    3,   -3,    6,   -6,    3,
       3,    3,   -2,    4,    4,    4,   -2,   -2,   -2,    3,    3,    4,    4,   -7,   -1,  -30,
     -30,  -40,    6,  -49,   -4,   10,   -3,   -3,   -6,   -4,   -6,   -4,  -16,   18,    3,    3,
     -15,   18,    3,    8,   -2,    8,   -3,  -32,  -64,   -4,   -4,   -4,  -16,  -16,  -16,  -16,
       3,   -4,   -4,  -30,  -30,  -30,  -32,  -18,  -83,   -9,   18,   -4,   -1,   -8,   -4,   -4,
     -14,  -20,   13,  -18,   -3,    5,  -19,    3,    3,    3,    3,    3,  -32,  -58,  -14,  -14,
     -14,  -20,  -20,  -20,  -20,    5,  -14,  -14,  -30,  -12,  -12,  -12,  -14,    6,   -8,   -8,
     -12,  -12,    6,    6,    6,    6,    6,   -6,   -6,    6,   -3,    1,   -4,  -10,  -11,
};

static const EpdFontData notosans_18_italic = {
    notosans_18_italicBitmaps,
    notosans_18_italicGlyphs,
    notosans_18_italicIntervals,
    51,
    45,
    30,
    -10,
    true,
    notosans_18_italicGroups,
    9,
    nullptr,
    nullptr,  // kernLeftClasses: built-in fonts use the split arrays below
    nullptr,  // kernRightClasses
    notosans_18_italicKernLeftCodepoints,
    notosans_18_italicKernLeftClassIds,
    notosans_18_italicKernRightCodepoints,
    notosans_18_italicKernRightClassIds,
    nullptr,  // kernMatrix: built-in fonts use the sparse form below
    notosans_18_italicKernRowOffsets,
    notosans_18_italicKernSparseCols,
    notosans_18_italicKernSparseValues,
    259,
    257,
    105,
    97,
    nullptr,
    0,
};
