/**
 * generated by fontconvert.py
 * name: notosans_16_regular
 * size: 16
 * mode: 2-bit  compressed: true
 * Command used: fontconvert.py notosans_16_regular 16 ../builtinFonts/source/NotoSans/NotoSans-Regular.ttf --2bit --compress --pnum --zopfli
 */
#pragma once
#include "EpdFontData.h"

static const uint8_t notosans_16_regularBitmaps[31472] = {
    0xC5, 0x99, 0x01, 0xA4, 0x26, 0x59, 0x76, 0xC7, 0xFF, 0x55, 0xB7, 0x67, 0xCA, 0xA6, 0x70, 0x07,
    0xFB, 0xD8, 0x58, 0x51, 0x30, 0x88, 0x45, 0x0A, 0x60, 0x91, 0xF7, 0x4E, 0x11, 0x11, 0x40, 0x3A,
    0x74, 0x0F, 0x32, 0x68, 0x20, 0xD6, 0x0E, 0x5E, 0x10, 0xC0, 0x9B, 0xAE, 0x92, 0x05, 0x80, 0x01,
    0x00, 0x02, 0x96, 0x4D, 0x4F, 0x68, 0x00, 0x78, 0xFD, 0xD5, 0x95, 0x60, 0xB1, 0xE8, 0x4A, 0x84,
    0x20, 0xE8, 0x4F, 0x76, 0x06, 0x99, 0x20, 0x77, 0x4D, 0x91, 0x7A, 0x9D, 0x5B, 0x75, 0x72, 0xFE,
    0xEA, 0xAB, 0xEF, 0xF5, 0x9B, 0x7E, 0xBD, 0xDD, 0x33, 0xDD, 0xB2, 0xF7, 0xDD, 0xF3, 0xBB, 0xF5,
    0x55, 0x9D, 0x7B, 0xEE, 0xBD, 0xE7, 0x9E, 0x7B, 0xEB, 0x7D, 0xF7, 0x6B, 0x1B, 0xFB, 0x83, 0xBC,
    0xE2, 0xEF, 0x8F, 0xEC, 0xEF, 0x0E, 0x98, 0x04, 0x7D, 0xA7, 0x5D, 0xDB, 0xFC, 0x3E, 0x66, 0x3F,
    0x58, 0x4E, 0xA5, 0xE5, 0x70, 0x69, 0xB9, 0x08, 0x17, 0x96, 0x5D, 0xF8, 0xB1, 0x0B, 0xC0, 0x94,
    0xEF, 0x61, 0x74, 0xE4, 0xE8, 0x06, 0x20, 0x8B, 0xBC, 0x9D, 0xC7, 0xC2, 0xE8, 0x62, 0x49, 0xEE,
    0x7D, 0x80, 0x57, 0x4B, 0x1D, 0xA9, 0xE1, 0xF7, 0x1E, 0x7F, 0xD5, 0x3F, 0x6A, 0xE0, 0x83, 0x00,
    0xF0, 0x9D, 0x90, 0xCD, 0x99, 0xB1, 0xC2, 0x29, 0x70, 0xD2, 0xDE, 0x7F, 0x72, 0x0F, 0xA2, 0xAA,
    0xCB, 0x81, 0x76, 0x77, 0x02, 0x70, 0x81, 0xD1, 0x78, 0x99, 0x45, 0x63, 0xCA, 0xC9, 0xE4, 0xE2,
    0xCD, 0xC6, 0x91, 0xD1, 0x56, 0x58, 0xA5, 0xFA, 0x57, 0x14, 0xAA, 0xFB, 0x5A, 0x75, 0x6C, 0x9F,
    0xFD, 0x7B, 0x5C, 0xEC, 0x5E, 0x3A, 0x08, 0xAF, 0xFB, 0xA7, 0x01, 0xA2, 0x01, 0xA5, 0x4E, 0x40,
    0xAF, 0xEC, 0x62, 0x84, 0xFF, 0x55, 0xB2, 0xBA, 0x94, 0x99, 0x65, 0xE3, 0xFF, 0x31, 0x2D, 0x0F,
    0xFE, 0x7B, 0x54, 0xB3, 0xD3, 0xAB, 0x02, 0x0F, 0xC2, 0xB5, 0xFD, 0xB2, 0xC3, 0x21, 0x39, 0xE5,
    0x38, 0xE0, 0x35, 0x40, 0x80, 0xFA, 0xCF, 0x22, 0xCE, 0x00, 0xC9, 0x23, 0x12, 0x70, 0x9A, 0x8D,
    0xD9, 0xC8, 0xCE, 0x4F, 0x2E, 0x82, 0x45, 0x31, 0x80, 0x05, 0x2D, 0x58, 0x51, 0x03, 0xF8, 0x14,
    0xA3, 0xBC, 0xBF, 0xC7, 0x59, 0x16, 0x2F, 0x25, 0x41, 0x5C, 0x9C, 0x54, 0x51, 0x3D, 0xFB, 0x75,
    0x9C, 0xAA, 0xC6, 0xEB, 0x2F, 0xFF, 0x25, 0xFA, 0x90, 0x2D, 0xFE, 0x9F, 0xE8, 0x4C, 0x54, 0x7F,
    0xC2, 0x82, 0x4A, 0x2C, 0x2E, 0xD7, 0x22, 0xB1, 0x40, 0x1E, 0x9D, 0x69, 0xC2, 0xED, 0x33, 0x16,
    0x1C, 0x69, 0xDD, 0xA0, 0x6A, 0xD0, 0x2B, 0xC0, 0x6E, 0x25, 0x30, 0x65, 0x0D, 0xC9, 0x54, 0x69,
    0x67, 0x54, 0x8D, 0x40, 0xBE, 0x3C, 0x18, 0x01, 0x37, 0xE6, 0xC9, 0x18, 0xF1, 0x02, 0x33, 0x63,
    0x9E, 0x1C, 0x3D, 0xBF, 0x54, 0xF4, 0x73, 0xCB, 0x5A, 0xA8, 0x67, 0xF0, 0x7A, 0x02, 0x07, 0xBF,
    0xA0, 0x88, 0x7E, 0xEA, 0xBB, 0x72, 0x5F, 0x0F, 0xB5, 0x4D, 0xB6, 0x74, 0x65, 0xAA, 0x82, 0x20,
    0x57, 0x69, 0x5A, 0xD6, 0x80, 0xB1, 0x4A, 0x90, 0x06, 0xDE, 0x18, 0x78, 0xA7, 0xBA, 0xFA, 0x58,
    0xFB, 0x50, 0xAA, 0xA6, 0x2A, 0x42, 0x75, 0x28, 0x12, 0xDE, 0xBB, 0x0B, 0x60, 0x9E, 0x53, 0xBA,
    0xBC, 0xBC, 0xB8, 0xF8, 0x31, 0x04, 0x29, 0x9F, 0x6C, 0x60, 0x66, 0xD0, 0x8C, 0x35, 0x02, 0x41,
    0x8B, 0x1D, 0x16, 0xCC, 0x87, 0xBF, 0x1D, 0x7A, 0x30, 0x92, 0xA5, 0xA9, 0x3B, 0x1F, 0xFC, 0x50,
    0x44, 0x37, 0x22, 0x61, 0x87, 0x93, 0x04, 0x01, 0xEF, 0x95, 0x7B, 0x17, 0x39, 0x28, 0xF0, 0x6F,
    0xAB, 0xC0, 0xBF, 0xCD, 0x50, 0xCA, 0x12, 0xDB, 0xB0, 0xEE, 0x0F, 0xEC, 0xF0, 0x0E, 0xF7, 0x80,
    0xEC, 0x2E, 0x50, 0x46, 0xA0, 0xD8, 0xAF, 0xE2, 0x06, 0x7C, 0xE8, 0x86, 0xEF, 0xB5, 0xBF, 0xFE,
    0x37, 0xED, 0x55, 0xF5, 0x13, 0xD5, 0xFF, 0x84, 0x1F, 0x01, 0x49, 0xC0, 0x13, 0x41, 0x96, 0xA4,
    0x73, 0x93, 0x1F, 0x9C, 0xD9, 0xC0, 0x07, 0x19, 0x7D, 0x86, 0xD7, 0xA0, 0x55, 0xD5, 0x86, 0x68,
    0x7E, 0xF4, 0xF9, 0xF3, 0x47, 0xAF, 0xAB, 0xC1, 0xFE, 0xB0, 0x7B, 0xD6, 0xC1, 0x8E, 0x4E, 0xF8,
    0x14, 0x97, 0xF8, 0x00, 0x27, 0xF7, 0xA1, 0xDA, 0x59, 0xFE, 0xE9, 0xA3, 0x1B, 0x8B, 0x95, 0xD7,
    0x40, 0x4B, 0x4F, 0x02, 0xE0, 0xE4, 0x4D, 0xB4, 0xB3, 0x4A, 0x39, 0x1C, 0x56, 0x86, 0x89, 0x34,
    0xAB, 0xEA, 0x8E, 0x6A, 0x07, 0xD5, 0x71, 0x55, 0x2B, 0x4C, 0xFC, 0xA6, 0xDA, 0x51, 0x6D, 0x53,
    0xDD, 0x52, 0xAD, 0x00, 0x67, 0x0D, 0x6E, 0x39, 0x1F, 0xE1, 0x19, 0x25, 0x5C, 0x55, 0xA8, 0x03,
    0x38, 0x1F, 0x04, 0x5B, 0x30, 0xD4, 0xDD, 0x86, 0x2A, 0xBC, 0x8C, 0xED, 0x29, 0x95, 0x59, 0x8D,
    0xCD, 0x09, 0x4D, 0xED, 0x50, 0xD2, 0xA8, 0x9B, 0x3F, 0x9E, 0x0E, 0x21, 0x2A, 0xDA, 0xAD, 0xBE,
    0xE0, 0xA4, 0xD4, 0x11, 0x1A, 0x9D, 0xC6, 0xEA, 0xEB, 0x28, 0x3F, 0x8B, 0x7F, 0xE0, 0x22, 0xBE,
    0x43, 0xA6, 0x6F, 0x75, 0x81, 0x57, 0x0D, 0xED, 0xF3, 0x3E, 0x0A, 0xDC, 0x74, 0x07, 0x8C, 0x77,
    0xBC, 0x20, 0xFC, 0xEC, 0xC6, 0x6B, 0x9F, 0x48, 0x07, 0x28, 0xE0, 0x12, 0xE0, 0xD9, 0xAB, 0xF0,
    0xF2, 0xC7, 0x17, 0x12, 0xD6, 0x46, 0xB4, 0x41, 0xA5, 0xBA, 0x87, 0x5C, 0x9D, 0x4F, 0xB6, 0xC1,
    0xE6, 0xB4, 0x8D, 0x99, 0x58, 0x36, 0xF0, 0xE3, 0xFA, 0xA0, 0x1C, 0x81, 0xCF, 0x95, 0x86, 0x78,
    0x9F, 0xD5, 0xB8, 0x78, 0x8E, 0x7A, 0x2D, 0x21, 0x37, 0xD1, 0xE3, 0x2E, 0xB2, 0x05, 0xFD, 0x67,
    0xE7, 0x09, 0x3D, 0xBD, 0x55, 0xB3, 0x49, 0x9C, 0x34, 0xD8, 0x8C, 0x3A, 0xC2, 0x13, 0x35, 0xF1,
    0x90, 0x48, 0x06, 0x17, 0x13, 0x1D, 0x6A, 0xF0, 0xC1, 0x20, 0x60, 0x50, 0x13, 0x09, 0x69, 0xDD,
    0x03, 0xCA, 0xC1, 0x50, 0x05, 0x83, 0xC0, 0xC0, 0xB0, 0x9D, 0x5A, 0x42, 0x0C, 0x23, 0x78, 0xEF,
    0x36, 0x70, 0xBC, 0xB5, 0x89, 0x50, 0x00, 0xDC, 0x2A, 0x8F, 0x3F, 0xA3, 0x3D, 0x98, 0xCE, 0x70,
    0x87, 0x73, 0xCA, 0x6E, 0xBE, 0x34, 0x03, 0x94, 0x3C, 0x75, 0x28, 0xE3, 0xF2, 0x17, 0xFD, 0x9E,
    0x6F, 0x91, 0x56, 0x13, 0x70, 0x1F, 0x87, 0x94, 0xF3, 0x53, 0x4D, 0xE8, 0x97, 0x3F, 0x41, 0x3E,
    0x63, 0x9D, 0x2C, 0xF8, 0x81, 0x08, 0x60, 0x80, 0x19, 0xA4, 0x21, 0x0A, 0x6D, 0x20, 0xA2, 0x11,
    0xA2, 0x8F, 0x13, 0x24, 0x42, 0x21, 0xE1, 0x96, 0x70, 0x25, 0x6A, 0x53, 0x6D, 0x3C, 0x9F, 0x7A,
    0xEA, 0xB9, 0xB9, 0x64, 0x1B, 0x3A, 0xB2, 0xB5, 0x00, 0x64, 0xF7, 0xD6, 0xB9, 0x6E, 0x8E, 0x38,
    0x4E, 0xCF, 0xBC, 0x39, 0xC2, 0x4D, 0xDB, 0x2A, 0x2E, 0xF7, 0xC7, 0xDE, 0x10, 0x72, 0x43, 0x37,
    0x3B, 0xEA, 0xAE, 0x3D, 0x3F, 0xEA, 0xCA, 0x51, 0xB7, 0xBF, 0x11, 0x23, 0x6B, 0xE2, 0x92, 0xC8,
    0xD9, 0xA1, 0x72, 0xFE, 0x38, 0x71, 0xBC, 0xCA, 0x89, 0x92, 0x6B, 0xD0, 0x48, 0x7F, 0x58, 0x49,
    0x0B, 0xE3, 0x4A, 0x35, 0xB0, 0xDA, 0x21, 0xAE, 0x5C, 0xAA, 0x92, 0x35, 0x96, 0x29, 0x3D, 0x74,
    0x1C, 0xFE, 0xCD, 0xE5, 0x19, 0xD0, 0xC2, 0x8F, 0xF9, 0x82, 0x42, 0xE9, 0xE2, 0x5E, 0x87, 0x75,
    0xE4, 0x6B, 0x6A, 0x17, 0xC0, 0xD1, 0xA8, 0x5F, 0xCE, 0x23, 0xAA, 0xC1, 0x25, 0xFA, 0x79, 0x86,
    0x00, 0xDC, 0x64, 0x21, 0xD7, 0x68, 0x88, 0x86, 0x0F, 0x1A, 0x09, 0x99, 0x36, 0xFE, 0xEA, 0x5C,
    0x1B, 0x33, 0xDA, 0x02, 0xFD, 0xB4, 0x86, 0xF2, 0xED, 0xFE, 0xA3, 0xF7, 0xDF, 0xCB, 0xFA, 0xC0,
    0x85, 0x0A, 0xC3, 0x08, 0x64, 0x9C, 0xFC, 0x3B, 0x68, 0xA1, 0x5D, 0xDF, 0x09, 0x6E, 0x4B, 0xD7,
    0x3B, 0x62, 0xC6, 0xB1, 0xEC, 0x65, 0x5F, 0x05, 0xDC, 0x92, 0xAA, 0x50, 0x1F, 0xF6, 0xD5, 0x87,
    0xB8, 0x44, 0xC2, 0x5D, 0x6C, 0xA9, 0x68, 0x0C, 0xAD, 0xA1, 0x50, 0x5E, 0x8C, 0xDB, 0x05, 0x37,
    0xC8, 0x05, 0x80, 0xEC, 0xF9, 0xA9, 0xE3, 0x55, 0x32, 0xE4, 0x3A, 0xD0, 0x1C, 0x9F, 0x64, 0xEC,
    0x23, 0x4A, 0xA5, 0x81, 0x9E, 0x28, 0x08, 0xD8, 0x9E, 0x7D, 0xFF, 0x3E, 0xB8, 0x6C, 0x56, 0xDC,
    0x96, 0xF8, 0xE0, 0x9B, 0x2A, 0x7F, 0x43, 0xB0, 0x23, 0x90, 0x91, 0xC6, 0xF4, 0x78, 0xE9, 0x78,
    0x89, 0x9A, 0x97, 0xF9, 0xB1, 0xB5, 0x52, 0xD9, 0x83, 0x3D, 0xDF, 0xD1, 0x54, 0x1E, 0xD8, 0xBF,
    0xAD, 0xA7, 0x34, 0xB5, 0x25, 0x6A, 0x4E, 0xEB, 0xFA, 0xFB, 0x4A, 0xC3, 0x87, 0xF0, 0xC3, 0x1A,
    0xA5, 0xC5, 0xE1, 0xDD, 0x57, 0x0E, 0xF4, 0x0E, 0x5B, 0xE6, 0xDE, 0x82, 0x62, 0x04, 0x2A, 0x1A,
    0x6B, 0x80, 0x33, 0x00, 0x17, 0x07, 0xF9, 0x3E, 0xAE, 0xD3, 0x0E, 0x80, 0xBE, 0x20, 0x7F, 0xB8,
    0xAE, 0xCF, 0x89, 0x45, 0xAF, 0x3A, 0xB0, 0x3F, 0x5F, 0xF5, 0x13, 0x50, 0xEF, 0x91, 0x29, 0xD0,
    0x83, 0xCB, 0x21, 0x4B, 0x60, 0x6B, 0x2E, 0xE2, 0xA4, 0xE1, 0x3F, 0x32, 0x4E, 0x97, 0x6C, 0xF4,
    0xA1, 0x52, 0x45, 0xAA, 0x18, 0x33, 0xB8, 0x14, 0xCC, 0x60, 0x81, 0x04, 0xC1, 0xC5, 0x59, 0x36,
    0xE1, 0x0C, 0x17, 0xA7, 0xD9, 0x68, 0xC5, 0xE5, 0x69, 0x3E, 0x72, 0xEE, 0xF8, 0x69, 0x87, 0x74,
    0x86, 0x04, 0xAB, 0x6E, 0x15, 0x72, 0x75, 0x51, 0x20, 0xFA, 0x54, 0x43, 0xD5, 0x54, 0x5A, 0x28,
    0x7C, 0xC8, 0xEE, 0xE2, 0x1E, 0x07, 0x89, 0x2D, 0xB6, 0x00, 0xD0, 0x5D, 0x0D, 0x20, 0x57, 0xF7,
    0xFB, 0x40, 0x9F, 0xA8, 0xD2, 0x53, 0xE7, 0xFA, 0xC5, 0x31, 0x26, 0x57, 0xDF, 0x41, 0x03, 0xC8,
    0xC1, 0x90, 0xFF, 0x4F, 0xA4, 0x85, 0xAF, 0xC9, 0xE2, 0x37, 0x34, 0xE4, 0x87, 0x44, 0x86, 0xD9,
    0x58, 0x75, 0x2D, 0xAB, 0x42, 0x48, 0xAE, 0x2D, 0xEC, 0xB8, 0x12, 0xC1, 0x35, 0x8A, 0x4C, 0x55,
    0x23, 0xDC, 0x91, 0x23, 0xFB, 0x93, 0xA5, 0x83, 0x42, 0x65, 0x5C, 0x20, 0x1D, 0xD0, 0xAE, 0xD5,
    0x9B, 0xD5, 0x47, 0x33, 0x68, 0x5C, 0xF5, 0x0A, 0x60, 0x4D, 0x22, 0x61, 0x86, 0x5B, 0x0C, 0xE8,
    0x09, 0xB9, 0x09, 0xDE, 0xCB, 0xD3, 0x51, 0xB9, 0x23, 0x26, 0xDE, 0x53, 0x50, 0xA5, 0x21, 0x68,
    0xB5, 0x26, 0x2A, 0x42, 0x08, 0xE9, 0x0C, 0x0A, 0x7D, 0xD4, 0x2F, 0x60, 0xE7, 0x88, 0x6E, 0x5B,
    0x10, 0xCA, 0xCD, 0x53, 0x35, 0x66, 0xFA, 0xBC, 0xDF, 0x17, 0x0B, 0xB2, 0xE0, 0xE3, 0x71, 0x43,
    0xEB, 0xB6, 0xC5, 0xAB, 0xD7, 0xAF, 0xB4, 0x5B, 0xB0, 0x1C, 0x55, 0x7A, 0x42, 0x1A, 0x82, 0x06,
    0xAA, 0xB8, 0xBD, 0xA1, 0x9C, 0x7E, 0x79, 0x1E, 0xD0, 0x2B, 0xB7, 0x15, 0x02, 0x27, 0x77, 0x71,
    0x63, 0xE4, 0x33, 0x66, 0xBC, 0xAF, 0xEC, 0xA9, 0x0C, 0x06, 0x1F, 0x0D, 0x6E, 0x24, 0x92, 0x21,
    0x23, 0x40, 0x60, 0xBE, 0x05, 0x9B, 0x0A, 0x95, 0x59, 0x6D, 0x33, 0x40, 0x53, 0xB9, 0x76, 0xAA,
    0xBA, 0x6C, 0x0D, 0x2D, 0xE0, 0xD5, 0x7E, 0x13, 0xD6, 0x7E, 0x85, 0x50, 0x2F, 0x6C, 0xC2, 0xCF,
    0xAF, 0xD1, 0x1D, 0x36, 0x9B, 0xB7, 0xDB, 0x7F, 0xFB, 0x36, 0x56, 0xD9, 0x52, 0x6E, 0xD6, 0x51,
    0xD3, 0x71, 0xBA, 0xF4, 0xC9, 0x29, 0xF0, 0x13, 0x3F, 0x72, 0xE6, 0x86, 0xDF, 0x3E, 0x73, 0x99,
    0x2E, 0x74, 0x8A, 0xAE, 0xA0, 0x9A, 0x12, 0x3D, 0x21, 0x0D, 0x11, 0x0C, 0x3E, 0x1A, 0xCA, 0xD9,
    0x60, 0x33, 0xF7, 0x97, 0xCA, 0x99, 0x53, 0xAE, 0xA3, 0x09, 0x38, 0xB9, 0x47, 0x53, 0xF9, 0x68,
    0x70, 0xD3, 0x9B, 0x42, 0x2D, 0xBD, 0x00, 0xDE, 0xFB, 0x0E, 0xE8, 0xE9, 0xA8, 0xF0, 0xC3, 0x19,
    0x2E, 0x7E, 0x97, 0x5C, 0x8C, 0x58, 0x2D, 0xC0, 0xBF, 0xD3, 0x2C, 0xE1, 0xAF, 0xB4, 0x61, 0x88,
    0x4D, 0x38, 0x01, 0xB6, 0x05, 0xD8, 0xD3, 0xD9, 0xB3, 0xA1, 0x18, 0x0D, 0x7E, 0x30, 0x48, 0x67,
    0x58, 0x80, 0xD9, 0x25, 0x83, 0x8F, 0x06, 0x09, 0x86, 0x1E, 0x80, 0x6A, 0x47, 0x0C, 0x86, 0xA7,
    0xD1, 0xE0, 0xA8, 0x92, 0x51, 0x19, 0x3D, 0x21, 0x81, 0x56, 0xE2, 0x66, 0x2F, 0x4F, 0x06, 0x28,
    0xB6, 0xF5, 0x5D, 0x0D, 0x06, 0xBC, 0x63, 0xD9, 0x96, 0x4A, 0xA4, 0x68, 0x60, 0xD0, 0x91, 0x8E,
    0xA1, 0xC7, 0xAD, 0x23, 0x82, 0xAB, 0x79, 0x24, 0xE7, 0x04, 0xD4, 0x6D, 0x32, 0x8A, 0xA4, 0x1D,
    0xF0, 0x50, 0x92, 0x00, 0x69, 0x63, 0xD5, 0x65, 0xA3, 0x24, 0x1F, 0x5C, 0x34, 0x0E, 0x64, 0x11,
    0xCB, 0x41, 0x12, 0xBF, 0xDD, 0x4A, 0xCA, 0xA7, 0xAA, 0x93, 0x84, 0x24, 0x38, 0xF2, 0xE1, 0x13,
    0xF2, 0x90, 0x27, 0xB2, 0x8A, 0xA4, 0x27, 0xB9, 0xBD, 0x8A, 0x02, 0xB8, 0xA4, 0xD3, 0x92, 0x0E,
    0x44, 0x24, 0x26, 0x03, 0xBB, 0x92, 0x92, 0x12, 0xD2, 0x19, 0xEA, 0x60, 0xF0, 0xD1, 0xE0, 0x46,
    0x43, 0x9E, 0x0C, 0x50, 0xA2, 0x6D, 0x0C, 0x75, 0x30, 0xF8, 0xBD, 0xA1, 0x18, 0x0D, 0x2E, 0x19,
    0xB0, 0x5C, 0x1A, 0xD6, 0xE1, 0x10, 0x9E, 0x28, 0x08, 0x97, 0x8E, 0x2F, 0xDA, 0xC5, 0xD8, 0x72,
    0xC6, 0x72, 0x7D, 0xAE, 0x13, 0xCA, 0x04, 0xB7, 0xB0, 0x7F, 0xE8, 0x39, 0x59, 0x26, 0xD2, 0x70,
    0x1B, 0xEE, 0x01, 0x33, 0xAF, 0xAC, 0x12, 0x59, 0xA5, 0x88, 0xF3, 0x2B, 0xB8, 0x1C, 0x48, 0xCD,
    0xB5, 0x96, 0x90, 0x61, 0xB5, 0x56, 0xED, 0x81, 0xBE, 0xF1, 0x13, 0xF2, 0x85, 0xDB, 0x69, 0x9B,
    0x80, 0x9E, 0x13, 0xC1, 0x29, 0x00, 0xD6, 0x6F, 0x06, 0xAA, 0x5F, 0x98, 0x68, 0x67, 0x62, 0x36,
    0xAB, 0x89, 0x71, 0x32, 0xAF, 0x9B, 0xE4, 0x72, 0x10, 0x5E, 0xDB, 0x3D, 0x67, 0x52, 0x8D, 0x87,
    0x6D, 0x0B, 0xAA, 0x9F, 0xBD, 0x51, 0x3C, 0xFC, 0xEE, 0xC7, 0xAE, 0xB7, 0x8F, 0x9D, 0xA4, 0x22,
    0x59, 0x45, 0xB2, 0x4C, 0x64, 0xAE, 0x06, 0xD6, 0x55, 0x9D, 0xD6, 0xDD, 0x96, 0xE0, 0x2A, 0x2A,
    0x93, 0x21, 0x23, 0x30, 0x13, 0xCB, 0x11, 0xF3, 0xF6, 0xC0, 0x4D, 0x58, 0x3E, 0xEA, 0x8F, 0xEF,
    0xDA, 0xC4, 0x47, 0x0B, 0xD1, 0x5E, 0x2F, 0xC8, 0x81, 0xA6, 0xE2, 0xAA, 0xBC, 0xD9, 0x7B, 0xF1,
    0x75, 0x0C, 0xA6, 0x56, 0xF7, 0x4E, 0x35, 0x79, 0x7D, 0x9C, 0xEA, 0x01, 0x1F, 0xD2, 0x37, 0x82,
    0x83, 0x34, 0xAB, 0x96, 0x9F, 0xB8, 0xA2, 0x3A, 0x64, 0xCA, 0xC5, 0xAC, 0x01, 0xE8, 0xC7, 0x75,
    0x10, 0xDC, 0x03, 0xD0, 0xD3, 0xCA, 0x41, 0x96, 0x0F, 0x90, 0xA7, 0xF6, 0xE7, 0xE7, 0x53, 0xBB,
    0x7E, 0x1F, 0xE3, 0xD4, 0xA3, 0x5F, 0x97, 0xE9, 0x06, 0xF6, 0x04, 0xFF, 0x0F, 0x58, 0x8F, 0x18,
    0x0C, 0xEE, 0x5D, 0x62, 0x36, 0xC4, 0x85, 0x68, 0xC1, 0x48, 0xE0, 0x16, 0xEB, 0x97, 0x8F, 0xB4,
    0x71, 0x4A, 0xF7, 0xF4, 0xBA, 0x5F, 0xBF, 0xB0, 0xCC, 0xDB, 0x9B, 0x6B, 0x11, 0x43, 0x92, 0x06,
    0x19, 0x57, 0xBB, 0x9B, 0xBC, 0x81, 0x67, 0x37, 0x65, 0x2C, 0xA3, 0x19, 0x70, 0x86, 0xE0, 0xA6,
    0xF5, 0xFF, 0x52, 0xD3, 0x32, 0x00, 0x0B, 0x7A, 0xA0, 0xA5, 0x0D, 0x01, 0x37, 0xAF, 0xBF, 0x9D,
    0x00, 0x3B, 0x90, 0x3B, 0xA0, 0xFC, 0xAF, 0x3D, 0xE0, 0x34, 0x1C, 0x90, 0xAF, 0xE7, 0x6A, 0x58,
    0xB1, 0x63, 0x6C, 0x23, 0x1F, 0x5B, 0xBE, 0x6E, 0xE1, 0x46, 0x01, 0x84, 0x6F, 0x18, 0xE9, 0x58,
    0x96, 0xB1, 0x0E, 0x9C, 0x3D, 0xBF, 0x37, 0xA5, 0x79, 0x82, 0x0F, 0x9E, 0x3B, 0x10, 0xCB, 0x7D,
    0x36, 0x71, 0xC3, 0x29, 0xA3, 0x1B, 0x77, 0x90, 0xC6, 0x45, 0xAB, 0x03, 0xB1, 0x9A, 0xC5, 0x5A,
    0x4E, 0xE5, 0x50, 0x37, 0x3B, 0x64, 0x89, 0xE7, 0x63, 0x5C, 0xA8, 0xAC, 0x4B, 0x2F, 0x57, 0x9D,
    0xFF, 0xE7, 0x04, 0xEC, 0xA4, 0x29, 0xFE, 0x63, 0x02, 0x5A, 0xD3, 0xFD, 0x7A, 0x04, 0x84, 0x65,
    0x04, 0xE4, 0xD3, 0xF5, 0xDF, 0xD7, 0x3A, 0x01, 0x74, 0x4E, 0xC5, 0xF2, 0x10, 0x55, 0x3D, 0xCB,
    0x08, 0xB4, 0x56, 0x96, 0xD4, 0x6D, 0x20, 0x40, 0x3E, 0xD1, 0x51, 0xD1, 0xEF, 0xC1, 0x43, 0x36,
    0xD4, 0xC1, 0x25, 0xC8, 0x21, 0xC0, 0x5B, 0x4E, 0xAC, 0xFC, 0x8C, 0xAE, 0xF8, 0x15, 0x37, 0xFA,
    0xD5, 0x0B, 0x00, 0x40, 0xE4, 0x04, 0xEF, 0xC1, 0x3F, 0x1B, 0x80, 0xFA, 0x97, 0xB4, 0xE9, 0xD2,
    0x71, 0xDD, 0xB4, 0x66, 0x16, 0xD2, 0x79, 0x5A, 0xAE, 0x02, 0xCA, 0x28, 0x0D, 0x5F, 0xDD, 0x0C,
    0x97, 0x85, 0xED, 0xB6, 0x58, 0x3D, 0xE5, 0xA3, 0x3D, 0xA5, 0x4F, 0x4C, 0x99, 0x35, 0xE0, 0x12,
    0x1B, 0x4F, 0x6C, 0xBC, 0x77, 0x1C, 0x5C, 0xC1, 0x11, 0x3D, 0x1D, 0x00, 0xAF, 0x81, 0x4D, 0x02,
    0x70, 0x04, 0x35, 0x80, 0x6F, 0x81, 0xE3, 0xE1, 0x5C, 0x47, 0x34, 0x00, 0x8E, 0x66, 0xB6, 0x6F,
    0xA3, 0x9C, 0x51, 0x83, 0x74, 0x6F, 0xF5, 0xB0, 0x3F, 0x6C, 0xBE, 0x1A, 0x94, 0x68, 0x15, 0x6B,
    0x7E, 0x88, 0x77, 0x90, 0x5B, 0xAC, 0xD6, 0x78, 0x4E, 0xF8, 0x04, 0xE0, 0x67, 0xC8, 0xE1, 0x28,
    0xC4, 0x87, 0x55, 0xE8, 0x32, 0x47, 0x19, 0x0F, 0xBD, 0xA4, 0xEC, 0xA8, 0x78, 0x90, 0x6A, 0x53,
    0x1E, 0xAE, 0x95, 0xF3, 0x69, 0x55, 0xA4, 0xB0, 0x21, 0x08, 0x44, 0x9B, 0x35, 0x43, 0xDE, 0x4D,
    0x5E, 0xAD, 0x59, 0xCF, 0xE1, 0x86, 0xE3, 0x99, 0xC8, 0xB8, 0x1D, 0x83, 0xC9, 0xA9, 0xE1, 0x42,
    0x0C, 0xC9, 0x37, 0xC0, 0xC8, 0xF5, 0x1B, 0xDD, 0xDE, 0x74, 0xB9, 0x74, 0x03, 0x26, 0xF8, 0x0E,
    0x09, 0x35, 0x70, 0x06, 0x81, 0xE5, 0x4B, 0xF0, 0xCE, 0xF6, 0xED, 0x9A, 0x02, 0x00, 0x3F, 0x45,
    0xDB, 0x55, 0xB6, 0xBA, 0xF2, 0x11, 0x17, 0x60, 0xEA, 0x95, 0xC7, 0x11, 0xD1, 0x5D, 0x3D, 0x18,
    0xB3, 0xF5, 0x94, 0xE5, 0x5A, 0x7E, 0xA8, 0x29, 0xE7, 0xA6, 0xBC, 0xFC, 0x3C, 0x49, 0x40, 0x6A,
    0x81, 0xD4, 0x53, 0xB8, 0xB9, 0xA2, 0x48, 0x32, 0xB4, 0xA9, 0xD2, 0xF9, 0xB2, 0xD0, 0x78, 0x81,
    0x13, 0x30, 0x03, 0xF2, 0x06, 0xF0, 0xDA, 0x41, 0x5A, 0x8D, 0x90, 0xE5, 0xE3, 0x04, 0x19, 0xD6,
    0xEF, 0x7E, 0xED, 0xF1, 0x38, 0x4A, 0x3A, 0x43, 0x1D, 0x5E, 0x86, 0x74, 0x44, 0xB3, 0x2A, 0x07,
    0x28, 0xE4, 0xAA, 0x48, 0x38, 0xED, 0x75, 0xC4, 0x1F, 0xF3, 0x8D, 0x00, 0xDC, 0x03, 0x80, 0x0F,
    0x80, 0x5A, 0x87, 0x4C, 0x35, 0x16, 0xFA, 0xF9, 0xE0, 0x23, 0x6B, 0xB3, 0xB2, 0x09, 0x5E, 0x21,
    0xCD, 0xAA, 0xE3, 0xF7, 0x40, 0xB9, 0x7C, 0x14, 0x73, 0xAB, 0x8B, 0x56, 0x87, 0xC3, 0xA1, 0xCF,
    0x7B, 0xCD, 0x1A, 0xC3, 0xAF, 0x46, 0x63, 0x68, 0x97, 0x2A, 0x58, 0xC5, 0x67, 0xC1, 0x0E, 0xA6,
    0x94, 0xAB, 0x56, 0x43, 0xCD, 0x7D, 0x99, 0x7B, 0xDE, 0x71, 0x08, 0xD5, 0xED, 0x68, 0x50, 0xAF,
    0xCA, 0x7E, 0x40, 0x6F, 0x06, 0x0A, 0x0D, 0x4E, 0xF5, 0x69, 0x40, 0xAF, 0x3E, 0xAC, 0x07, 0xC0,
    0x68, 0xC0, 0x71, 0x35, 0xE0, 0xC0, 0xD6, 0x33, 0x62, 0xDB, 0x2D, 0x13, 0x9B, 0xDF, 0x5D, 0x9F,
    0x3E, 0x7F, 0xF3, 0x2C, 0xE5, 0xE8, 0x76, 0xAA, 0xB0, 0x0F, 0xDB, 0x92, 0x2C, 0x96, 0x3F, 0x7D,
    0x42, 0x53, 0x33, 0x8D, 0x4E, 0x58, 0x8F, 0x16, 0xB3, 0xBF, 0x07, 0xE8, 0xC8, 0x56, 0x3B, 0x68,
    0x76, 0x3C, 0x0A, 0xA6, 0xE4, 0x89, 0x8F, 0x12, 0x7A, 0x93, 0x4F, 0x96, 0x5F, 0xF0, 0xF3, 0x77,
    0x96, 0x75, 0x2C, 0xED, 0xE2, 0x43, 0xCE, 0x41, 0x16, 0x0B, 0xFD, 0x15, 0xDF, 0xC2, 0x5F, 0x57,
    0xAB, 0xBF, 0x9E, 0xD1, 0x5F, 0x15, 0xFD, 0xB5, 0x4D, 0xCC, 0xF1, 0x18, 0xF4, 0x7B, 0x80, 0xC2,
    0x2F, 0x8F, 0x67, 0x78, 0xD5, 0x91, 0x03, 0xEF, 0xC0, 0x80, 0x95, 0xDF, 0x26, 0x5E, 0x07, 0x69,
    0x75, 0x64, 0x98, 0x32, 0x4A, 0x25, 0xA0, 0xA5, 0x8F, 0xBF, 0xAD, 0xFC, 0x00, 0x2D, 0x7A, 0x08,
    0xD6, 0x24, 0x6F, 0xF0, 0x87, 0x1F, 0x00, 0x2D, 0xD0, 0x53, 0xFB, 0x3A, 0xC9, 0xDB, 0xE5, 0x16,
    0xD8, 0xE1, 0xF3, 0x19, 0x9A, 0xA0, 0xFB, 0xD7, 0x0F, 0x1E, 0x6E, 0x12, 0xF8, 0x28, 0xE0, 0x64,
    0x28, 0x24, 0x4F, 0x90, 0x32, 0x42, 0xE8, 0xF6, 0x16, 0xDC, 0xFF, 0x4C, 0x02, 0xE4, 0x69, 0x04,
    0x5F, 0x6E, 0xEB, 0x61, 0x55, 0x0F, 0xEA, 0xAF, 0xF5, 0xF8, 0xD6, 0xCF, 0xD3, 0x89, 0xBC, 0x2A,
    0x81, 0xA9, 0xC1, 0x69, 0xA5, 0x9D, 0x28, 0xCE, 0x5A, 0xFD, 0x8D, 0x6A, 0x90, 0xF9, 0xC1, 0xFF,
    0x5E, 0x9D, 0x47, 0x19, 0x9C, 0x76, 0x05, 0x5F, 0x82, 0x0A, 0xDA, 0xC1, 0x82, 0x7C, 0x12, 0x60,
    0x5E, 0x8B, 0xF4, 0xCE, 0x0A, 0xEE, 0x16, 0xA7, 0x5E, 0x07, 0x6B, 0x7E, 0xBA, 0x31, 0xCF, 0xCD,
    0xB7, 0x9F, 0x67, 0xDA, 0xE2, 0x6A, 0xEA, 0x18, 0x5E, 0x23, 0x2C, 0xAC, 0x67, 0xAE, 0xB5, 0x9E,
    0x81, 0x28, 0x9D, 0x74, 0x6B, 0xF4, 0xFA, 0x40, 0x0C, 0xB7, 0x20, 0x48, 0x63, 0xA0, 0x32, 0x77,
    0x8F, 0x16, 0xC5, 0x5C, 0x2C, 0x34, 0x35, 0x01, 0xB2, 0x9D, 0x40, 0xB3, 0x0D, 0x76, 0xB8, 0xC3,
    0xD9, 0x5B, 0xEF, 0xA0, 0x03, 0xB8, 0x83, 0x96, 0x09, 0xC2, 0x1D, 0x54, 0xB8, 0xF0, 0x05, 0xF7,
    0xDE, 0x64, 0x0F, 0x7F, 0x69, 0x05, 0x7F, 0xBB, 0x1D, 0x8F, 0x0F, 0x1A, 0xC8, 0x2D, 0x3B, 0x1E,
    0x57, 0xF0, 0x72, 0xBD, 0x82, 0x5F, 0x8F, 0x0F, 0x4E, 0xCB, 0xF9, 0x54, 0xD2, 0x99, 0xFE, 0x83,
    0x8C, 0x10, 0xFA, 0xF9, 0x8D, 0xD6, 0x02, 0x32, 0x20, 0x57, 0x6D, 0x3C, 0x43, 0xEE, 0xCB, 0xF3,
    0x4E, 0x0E, 0xEF, 0xF5, 0x16, 0xA0, 0x5F, 0x50, 0x2D, 0x80, 0xD3, 0x91, 0x8E, 0xA7, 0x62, 0x00,
    0xEA, 0xE1, 0xF0, 0x7A, 0x30, 0xF1, 0xC3, 0xC3, 0xA6, 0x0D, 0xAD, 0xD5, 0xAF, 0xB7, 0x1F, 0x65,
    0x22, 0x73, 0x1E, 0xE1, 0x22, 0xEC, 0x5E, 0xAF, 0xE9, 0x93, 0xE7, 0xBF, 0x78, 0xFD, 0x89, 0xCB,
    0x88, 0x7C, 0xBE, 0x03, 0x9D, 0x21, 0xB3, 0x0D, 0xF9, 0x21, 0x20, 0xED, 0x9B, 0x49, 0x7B, 0x90,
    0xDE, 0x44, 0xA5, 0x71, 0x2A, 0x5F, 0x54, 0xEA, 0x55, 0xC5, 0x69, 0x12, 0x9C, 0x34, 0x98, 0xE9,
    0x9E, 0x7E, 0x9B, 0x70, 0x48, 0xB3, 0x86, 0xE1, 0x0C, 0x1F, 0xC0, 0x2F, 0xF3, 0xF9, 0x84, 0x22,
    0xB2, 0x0B, 0xB1, 0x88, 0xC8, 0x27, 0x3F, 0x00, 0xC9, 0x1E, 0x61, 0xAE, 0x0C, 0x8C, 0x7E, 0x88,
    0xC0, 0xB0, 0x33, 0xF8, 0xB4, 0xA1, 0x1C, 0x81, 0x1D, 0xF2, 0x64, 0x75, 0x5B, 0x38, 0x9E, 0x32,
    0x08, 0x8A, 0x05, 0x8C, 0xDC, 0x52, 0xAD, 0xA8, 0x3B, 0xAF, 0xA8, 0x82, 0x0F, 0xFE, 0xEF, 0x3A,
    0x69, 0xEC, 0xF3, 0x9F, 0x07, 0x61, 0x70, 0x9B, 0x82, 0x55, 0x91, 0x72, 0xD8, 0xC1, 0xC5, 0x27,
    0x2E, 0xCE, 0x56, 0x24, 0xCB, 0xFC, 0x66, 0x64, 0x19, 0xD9, 0x3C, 0x66, 0xCF, 0x27, 0x60, 0x89,
    0xD0, 0x08, 0x0A, 0x8B, 0x7E, 0x8F, 0x76, 0x0F, 0x70, 0x56, 0x07, 0x16, 0xDB, 0xFC, 0x36, 0x7E,
    0x38, 0xFE, 0xC0, 0x33, 0xB9, 0xF1, 0x70, 0x50, 0xD4, 0xB2, 0xE7, 0xDC, 0x95, 0xE0, 0x17, 0x00,
    0x45, 0x62, 0x7F, 0x09, 0xAF, 0x06, 0xE9, 0x3B, 0xA0, 0xE7, 0xBB, 0x34, 0x95, 0x74, 0xBC, 0x9B,
    0xD6, 0xA3, 0x22, 0xBE, 0xB7, 0x21, 0x0C, 0xC6, 0x6F, 0x7A, 0xAC, 0x3B, 0x7A, 0x6C, 0x40, 0x42,
    0x19, 0xF3, 0x04, 0xFE, 0xAE, 0xCE, 0xBA, 0x91, 0x56, 0xF6, 0x07, 0x8F, 0xED, 0xD8, 0xAE, 0xD4,
    0x9B, 0xC7, 0xAA, 0xFE, 0xE8, 0xAC, 0x9B, 0xBF, 0x85, 0x5D, 0xFF, 0x3C, 0xC7, 0x0A, 0x6C, 0x13,
    0x9F, 0x28, 0x00, 0x4D, 0xE0, 0x50, 0x79, 0x4B, 0x35, 0x50, 0x7E, 0xF4, 0xA8, 0x0F, 0xAB, 0x82,
    0x5E, 0xFF, 0x14, 0xCB, 0xD8, 0xAB, 0x79, 0x1B, 0xE0, 0xE4, 0xE6, 0xE9, 0xE6, 0xAF, 0xB3, 0xED,
    0xFD, 0xFB, 0x8D, 0xAA, 0x0E, 0x14, 0x86, 0x72, 0xA1, 0x74, 0x03, 0x1D, 0x86, 0xDB, 0xF3, 0x82,
    0x3A, 0xD1, 0xAF, 0xC2, 0x18, 0x04, 0x5A, 0xBC, 0x42, 0xB3, 0x41, 0xFD, 0x05, 0x5D, 0x98, 0x2B,
    0x70, 0xE7, 0xFB, 0x67, 0xAF, 0x4B, 0xB8, 0x02, 0x34, 0x40, 0xD7, 0xE0, 0x4E, 0xC8, 0x5E, 0xCA,
    0x48, 0x6C, 0x1C, 0xC2, 0x33, 0x11, 0xF6, 0xA1, 0x6F, 0xF0, 0xB2, 0x1A, 0x33, 0x7D, 0x57, 0x45,
    0xE8, 0x00, 0x05, 0x1A, 0xA0, 0x5C, 0x90, 0x35, 0xA2, 0x63, 0xD9, 0xB4, 0xBD, 0x6A, 0xF3, 0xD7,
    0xD0, 0x05, 0xC0, 0xFB, 0x9F, 0xE1, 0xFF, 0x00, 0xD5, 0x9A, 0x01, 0x84, 0x25, 0xD9, 0x7A, 0xC7,
    0x7F, 0x55, 0x67, 0x76, 0xEB, 0x99, 0x12, 0xA7, 0xB1, 0x13, 0xEF, 0xED, 0x44, 0x0A, 0x82, 0xCD,
    0x92, 0xAD, 0x00, 0x82, 0xEE, 0x3E, 0x15, 0x44, 0x00, 0x59, 0x6C, 0xBF, 0xC5, 0x62, 0x61, 0xF1,
    0x6C, 0xB0, 0x10, 0x2C, 0x7A, 0xB7, 0x2A, 0x09, 0x02, 0xC8, 0x00, 0x01, 0xBC, 0xC1, 0x86, 0xDD,
    0x79, 0x98, 0x20, 0x48, 0xE8, 0x9D, 0x3A, 0x04, 0x01, 0x6C, 0x11, 0x00, 0x28, 0xB2, 0x1B, 0x80,
    0x39, 0xB1, 0xB5, 0x79, 0xB5, 0xFB, 0x4E, 0xD5, 0x97, 0xF3, 0xA9, 0xDB, 0xB7, 0xFB, 0xBD, 0x99,
    0x7E, 0x33, 0x6F, 0xEC, 0xB4, 0xD9, 0x73, 0xEB, 0xFB, 0xFD, 0xAB, 0xAB, 0xCE, 0xF9, 0xCE, 0xF7,
    0x3F, 0x77, 0xEE, 0xAD, 0x63, 0xBA, 0xC1, 0xD1, 0x77, 0x7D, 0xD7, 0x72, 0x03, 0x80, 0x37, 0x38,
    0xE6, 0x18, 0xF7, 0x98, 0x57, 0xBB, 0xBD, 0x1A, 0xB6, 0x56, 0xFA, 0x2D, 0xEC, 0x97, 0x64, 0x22,
    0xBE, 0x4C, 0x51, 0x4D, 0x65, 0xE7, 0x3C, 0xB4, 0xC0, 0x0A, 0x2C, 0x40, 0xFC, 0x8D, 0x58, 0x00,
    0x61, 0xEB, 0xE3, 0x3C, 0x4D, 0xB5, 0xDE, 0xF7, 0x85, 0x88, 0xA7, 0x97, 0x46, 0xF3, 0xED, 0x23,
    0x3B, 0x9F, 0xA8, 0x90, 0x09, 0x9C, 0x08, 0xC8, 0xFF, 0xAC, 0xB0, 0xF0, 0x23, 0xF2, 0x08, 0x98,
    0xE9, 0xB7, 0x41, 0x44, 0xFC, 0x86, 0xB7, 0xBF, 0x3D, 0x69, 0x1E, 0xDF, 0x2F, 0x00, 0x85, 0xC2,
    0xFA, 0x6D, 0x84, 0x74, 0x0A, 0x2F, 0x0A, 0x00, 0xFE, 0x30, 0x7B, 0xF3, 0x4F, 0x70, 0xF7, 0xD7,
    0x1E, 0x2B, 0x12, 0x31, 0x73, 0x11, 0x28, 0x06, 0x66, 0x1D, 0x71, 0x86, 0x6D, 0x38, 0x55, 0x1C,
    0x62, 0x3B, 0x3D, 0xF3, 0x44, 0x4C, 0x30, 0x13, 0xA5, 0xF4, 0x33, 0xB5, 0xC8, 0x82, 0x2B, 0x67,
    0xC7, 0x8F, 0x48, 0x47, 0xAB, 0xB3, 0xBA, 0x86, 0x22, 0x54, 0x1E, 0x3B, 0xD8, 0x81, 0xCA, 0x17,
    0x01, 0xD7, 0x98, 0x89, 0x96, 0x2C, 0x12, 0x61, 0x49, 0x82, 0xD3, 0xBA, 0xDC, 0x5F, 0x8E, 0x60,
    0xBF, 0xF0, 0x50, 0x4A, 0x47, 0xF6, 0xB6, 0x9C, 0x60, 0x44, 0x64, 0x03, 0x44, 0x36, 0xE4, 0xF7,
    0xD6, 0x7B, 0x8F, 0xBD, 0x71, 0x81, 0x57, 0x8E, 0x2F, 0xB5, 0xD7, 0xD8, 0xDA, 0xD1, 0xE5, 0x8B,
    0xF0, 0xEA, 0x27, 0x3A, 0x7E, 0xB0, 0x29, 0x6A, 0x9F, 0x7B, 0x07, 0xB8, 0x06, 0x2A, 0xAD, 0x61,
    0x05, 0x23, 0x13, 0x85, 0x08, 0x95, 0xEF, 0xBD, 0xC3, 0x8E, 0x0E, 0x13, 0x34, 0x6A, 0x6F, 0x82,
    0x9D, 0x8B, 0xD1, 0xC8, 0x43, 0x4F, 0x2B, 0x50, 0x48, 0x07, 0xF5, 0xB8, 0xAD, 0xAA, 0x09, 0x07,
    0x49, 0x8F, 0x9B, 0x0F, 0x06, 0x27, 0xD2, 0x55, 0x12, 0x01, 0xB8, 0x41, 0xE3, 0xD2, 0x68, 0x33,
    0xD5, 0x59, 0xE0, 0xBC, 0xF5, 0x32, 0x00, 0xA5, 0x2E, 0x18, 0xB8, 0x8E, 0xB6, 0x83, 0xA8, 0x59,
    0x30, 0x23, 0x6F, 0xA1, 0xCB, 0x6D, 0x65, 0x38, 0xC2, 0xD2, 0xCA, 0x50, 0xF1, 0x06, 0x4B, 0xD6,
    0xD9, 0xE6, 0x30, 0x9F, 0xA0, 0xF4, 0x87, 0x46, 0x27, 0xF3, 0xA7, 0x66, 0x54, 0xF9, 0x70, 0x27,
    0xC5, 0x78, 0x71, 0x51, 0xBB, 0xEC, 0xA5, 0xF0, 0xC7, 0x59, 0x04, 0xDB, 0x54, 0x88, 0xF8, 0x0A,
    0xEB, 0x6B, 0xF1, 0xC7, 0x98, 0x31, 0xFB, 0x8C, 0x48, 0x36, 0x83, 0xF6, 0x6A, 0x1B, 0x6A, 0xAF,
    0xEE, 0xEF, 0xAF, 0x40, 0x26, 0x32, 0xA2, 0xFA, 0x96, 0x12, 0xEA, 0x15, 0x27, 0xFE, 0xC0, 0x78,
    0xCC, 0x90, 0xF5, 0x83, 0x93, 0x61, 0x31, 0xC3, 0x94, 0x8E, 0x72, 0x58, 0xD3, 0x8F, 0xFF, 0x37,
    0x64, 0xC0, 0x8F, 0xB9, 0x83, 0xCB, 0x27, 0x96, 0x22, 0x98, 0x39, 0x19, 0x08, 0xAE, 0xA9, 0xFD,
    0x4A, 0x6B, 0x22, 0xBD, 0x99, 0x70, 0x7F, 0x1B, 0xB1, 0x43, 0x8B, 0x2E, 0x63, 0x16, 0xED, 0xA8,
    0x17, 0x39, 0x22, 0x00, 0xB4, 0x22, 0xD2, 0x28, 0x9A, 0xD7, 0xEF, 0xDD, 0xBB, 0xDF, 0x00, 0xF6,
    0x6A, 0xDC, 0x3A, 0x41, 0xA4, 0x4B, 0xC7, 0xFB, 0xF7, 0x78, 0xBA, 0x15, 0x05, 0x5D, 0x51, 0x11,
    0x74, 0x45, 0x45, 0xBC, 0xAE, 0x68, 0x2C, 0x43, 0x5A, 0x51, 0xA2, 0x09, 0xA5, 0x57, 0x09, 0x69,
    0xF1, 0x36, 0xF9, 0x90, 0xB5, 0xF7, 0x2A, 0x22, 0xE8, 0x45, 0x15, 0xED, 0xE2, 0x36, 0xB1, 0x3E,
    0xAD, 0x28, 0xB1, 0x1C, 0xD2, 0x8A, 0xEA, 0x00, 0x5D, 0xD1, 0x98, 0xCD, 0xBA, 0xA2, 0xEF, 0xF1,
    0xB3, 0xA7, 0x5A, 0xD1, 0x64, 0xF2, 0xDE, 0x5D, 0x27, 0x22, 0x41, 0x31, 0x02, 0xB9, 0x78, 0x2B,
    0x93, 0x23, 0x1E, 0x71, 0x74, 0xC8, 0x71, 0x3A, 0xD2, 0x49, 0xDD, 0x44, 0x2B, 0x21, 0xDD, 0x02,
    0x4D, 0xF9, 0x24, 0x5C, 0x2C, 0xE2, 0xAD, 0xB7, 0xBF, 0x39, 0x79, 0xD2, 0x08, 0x1A, 0xB8, 0x75,
    0x72, 0x72, 0x72, 0x69, 0x18, 0xEF, 0x61, 0xC5, 0xBB, 0x87, 0xE1, 0x0F, 0xF2, 0x00, 0x13, 0x59,
    0xD0, 0xAE, 0xC5, 0x40, 0xD5, 0xF0, 0xB1, 0xFA, 0xDA, 0x4E, 0x9D, 0x4C, 0xAD, 0x4C, 0x40, 0xF6,
    0x1E, 0x95, 0x68, 0xFF, 0x57, 0xB6, 0xFE, 0x89, 0xB7, 0xC7, 0x42, 0x3A, 0x23, 0x23, 0xF9, 0x04,
    0x11, 0xE2, 0x9B, 0xD9, 0xDC, 0xDF, 0x0F, 0xAD, 0xF8, 0xEC, 0x13, 0xB2, 0x4F, 0xCD, 0x6C, 0x43,
    0xE5, 0x1D, 0x67, 0x38, 0x70, 0xBF, 0x63, 0xB4, 0x0E, 0xC4, 0x75, 0xB9, 0xB8, 0xA9, 0x12, 0x27,
    0xD2, 0xBA, 0x3E, 0xD6, 0xEE, 0xA5, 0x06, 0x07, 0x57, 0x06, 0x2F, 0x9D, 0x9C, 0x34, 0x88, 0xC8,
    0x50, 0x88, 0xFC, 0x42, 0x3F, 0xF1, 0x66, 0xA8, 0x15, 0xEE, 0x29, 0x51, 0x2B, 0xAC, 0xA2, 0x50,
    0xA0, 0x20, 0xB3, 0x09, 0x3C, 0x3B, 0xE0, 0x25, 0x9A, 0xED, 0x49, 0x24, 0x5D, 0xDB, 0xFC, 0x04,
    0xE3, 0x6D, 0x67, 0x43, 0x16, 0x39, 0x25, 0xF6, 0x73, 0x3F, 0x40, 0x16, 0x6D, 0x6C, 0xCF, 0x4E,
    0x4F, 0x0F, 0x4E, 0x39, 0x7B, 0xE4, 0x05, 0x50, 0x0A, 0x4E, 0x86, 0xD3, 0x3C, 0xCC, 0x4C, 0x13,
    0x73, 0x60, 0x4E, 0x4C, 0xE7, 0xE9, 0x8A, 0x7B, 0x38, 0x94, 0xD2, 0x70, 0xA0, 0x1F, 0x49, 0x3E,
    0x37, 0x01, 0xF7, 0xE7, 0x11, 0xEB, 0x7B, 0x8A, 0x90, 0xD6, 0x2F, 0xDA, 0x01, 0x31, 0x13, 0xAD,
    0x99, 0x89, 0x65, 0x30, 0x53, 0xE5, 0xED, 0xE8, 0xA8, 0xFD, 0x42, 0x6B, 0x26, 0x0E, 0xB3, 0x11,
    0x00, 0x22, 0xD4, 0x94, 0x89, 0xC7, 0xB8, 0xC4, 0xC8, 0x72, 0x46, 0x36, 0xF1, 0xA7, 0x67, 0x98,
    0x00, 0x67, 0x94, 0x5E, 0x69, 0x3B, 0xA5, 0x43, 0x79, 0xAA, 0x24, 0x66, 0x0D, 0x67, 0x79, 0x28,
    0x47, 0xCE, 0xCC, 0x50, 0x25, 0x5A, 0xEF, 0x12, 0x6B, 0x7E, 0x35, 0xF2, 0xB3, 0xE3, 0xEC, 0xEB,
    0x11, 0xA2, 0xF9, 0x8F, 0x91, 0x6C, 0xB2, 0x7F, 0x3F, 0x62, 0x42, 0x6D, 0x46, 0x4A, 0x7F, 0xF4,
    0xF6, 0x84, 0xED, 0x7A, 0x59, 0x71, 0x28, 0x3F, 0x02, 0x33, 0x12, 0x95, 0x79, 0x50, 0xF2, 0x00,
    0x6A, 0x30, 0x2B, 0x1C, 0x43, 0x95, 0x24, 0x82, 0x3B, 0xD6, 0x92, 0x78, 0xED, 0x58, 0x6B, 0xD2,
    0x1B, 0xA5, 0x57, 0xD1, 0xAA, 0x54, 0x1C, 0x2A, 0x9C, 0x6E, 0x12, 0x5F, 0xBD, 0x93, 0x24, 0x0F,
    0xA2, 0x9E, 0xCC, 0x7F, 0x7D, 0xD7, 0x27, 0xB1, 0xBE, 0xAB, 0x92, 0xD4, 0x60, 0x1B, 0xFE, 0x58,
    0x13, 0xB3, 0x25, 0x46, 0x13, 0x73, 0x06, 0x26, 0xE8, 0x99, 0x26, 0x2E, 0x07, 0x34, 0x71, 0xDD,
    0x80, 0x83, 0xCF, 0x81, 0x8F, 0xC8, 0x27, 0x20, 0x62, 0x44, 0x9A, 0x3C, 0xA0, 0x02, 0xC0, 0xF6,
    0x18, 0x63, 0xA2, 0x15, 0xB5, 0xC8, 0xE1, 0xF6, 0x41, 0xD2, 0x4C, 0xD6, 0x43, 0x16, 0xA8, 0x81,
    0x22, 0x70, 0x9C, 0x28, 0x9E, 0xA8, 0x32, 0x64, 0x13, 0x7A, 0x51, 0xAD, 0xC0, 0x5C, 0xFA, 0x5B,
    0x40, 0xB4, 0x5D, 0x0B, 0xCC, 0x0E, 0xE1, 0xDF, 0xDF, 0x09, 0x1F, 0x19, 0xA1, 0x97, 0x21, 0x96,
    0xC2, 0xED, 0x35, 0x0F, 0xD6, 0x01, 0x66, 0x38, 0x52, 0xB1, 0xFE, 0x4C, 0xA5, 0xCA, 0x82, 0x43,
    0x0D, 0x7E, 0xD5, 0x36, 0x10, 0x0B, 0x11, 0x35, 0xA0, 0x82, 0x26, 0x76, 0x6A, 0x45, 0x45, 0xAD,
    0xA8, 0x00, 0x7A, 0x83, 0x72, 0xDE, 0xA2, 0x08, 0x40, 0x03, 0xB0, 0xBF, 0xB7, 0x8F, 0x72, 0x80,
    0xDA, 0x83, 0x80, 0x89, 0x60, 0xC3, 0xF6, 0xA3, 0x63, 0x8B, 0x76, 0xA7, 0xAE, 0xA1, 0xA9, 0xBF,
    0x79, 0x77, 0xB4, 0x22, 0x21, 0x17, 0xE9, 0xF8, 0xFD, 0x37, 0xE1, 0xE6, 0x5D, 0x80, 0x62, 0x52,
    0xE6, 0x51, 0x49, 0xAF, 0xA0, 0x6E, 0x94, 0x85, 0xE7, 0x37, 0x9A, 0x53, 0xD0, 0x76, 0x4A, 0xF1,
    0x28, 0x07, 0x20, 0xFF, 0x65, 0x00, 0xCC, 0xD7, 0xCA, 0xE2, 0x7F, 0x67, 0xC0, 0x0E, 0x51, 0xE9,
    0x17, 0xA0, 0xEA, 0xB6, 0x22, 0x9C, 0x92, 0xBA, 0x83, 0x07, 0x58, 0x0F, 0x11, 0x3B, 0x90, 0x89,
    0xE8, 0x2A, 0xEC, 0x39, 0x51, 0x8E, 0x64, 0x71, 0xD7, 0xA1, 0x4A, 0x5C, 0x71, 0x1D, 0xB4, 0x3B,
    0x17, 0x3D, 0x50, 0x6B, 0x5A, 0xED, 0x01, 0x9F, 0x81, 0xFA, 0xBE, 0xB0, 0x61, 0x87, 0x8B, 0xFA,
    0x8F, 0x78, 0xD1, 0xEB, 0x7F, 0x9D, 0x7D, 0x25, 0xB9, 0x8C, 0x40, 0xF1, 0xF5, 0x0C, 0x54, 0xDA,
    0x81, 0x63, 0xAA, 0x17, 0xBC, 0xFE, 0xFC, 0x4E, 0xDE, 0x40, 0x15, 0x8B, 0x0E, 0x9C, 0x48, 0x03,
    0xA7, 0x95, 0x00, 0x7F, 0x93, 0xCD, 0x2F, 0x78, 0xE5, 0x19, 0x07, 0xE8, 0xC9, 0xC5, 0x5C, 0xA5,
    0x3F, 0x05, 0x80, 0x17, 0xBC, 0x72, 0x6E, 0xB0, 0xAF, 0xC4, 0xFC, 0x2A, 0x28, 0xFD, 0x74, 0x89,
    0x01, 0xC8, 0x64, 0x04, 0xE8, 0xFD, 0x8B, 0x52, 0x33, 0x92, 0x5A, 0x03, 0xD9, 0x4E, 0xCD, 0x4E,
    0x8B, 0x10, 0x61, 0x5F, 0x06, 0x54, 0x7E, 0x53, 0xD7, 0x6C, 0xDA, 0xB2, 0xE9, 0xBA, 0xD3, 0xB8,
    0xA9, 0x99, 0x11, 0x59, 0xC1, 0x04, 0x4D, 0x0C, 0x76, 0xDC, 0xA9, 0x27, 0x02, 0xD4, 0x22, 0xAA,
    0xB8, 0x9D, 0xF6, 0x3B, 0x5D, 0x40, 0x35, 0x8F, 0x9B, 0x9A, 0x69, 0xD3, 0x22, 0x6C, 0x6A, 0x07,
    0xD0, 0xBA, 0x2A, 0xBF, 0xA9, 0x6B, 0x36, 0x05, 0x80, 0x42, 0xCF, 0x9C, 0x48, 0xC8, 0xE4, 0xBB,
    0x7E, 0x2C, 0x56, 0x32, 0x6F, 0x03, 0xEA, 0x12, 0xD4, 0x3A, 0xB4, 0x00, 0xA2, 0x58, 0x15, 0xCB,
    0x63, 0xB0, 0xEE, 0xBB, 0xF4, 0x9B, 0x4F, 0x85, 0x07, 0xAA, 0x00, 0xD8, 0x08, 0x18, 0xF9, 0xEA,
    0x03, 0xAF, 0x25, 0x7B, 0xAC, 0x02, 0xF7, 0x26, 0x70, 0xB8, 0x7F, 0x43, 0xCB, 0xF1, 0xF2, 0xA6,
    0xD1, 0xC8, 0xA0, 0x80, 0xFC, 0x13, 0x30, 0x71, 0x37, 0x85, 0xDB, 0xAD, 0xBB, 0x19, 0x38, 0x6F,
    0x22, 0x32, 0x9E, 0xC7, 0x02, 0x5C, 0x15, 0x22, 0xE2, 0xCF, 0x63, 0x01, 0x9E, 0xD0, 0x77, 0x38,
    0xCF, 0x09, 0xEF, 0xB3, 0x7F, 0x0A, 0x15, 0x61, 0x9B, 0xBF, 0xE6, 0xFA, 0xE6, 0x7F, 0xB5, 0x03,
    0x37, 0x80, 0x04, 0xCC, 0xB7, 0x11, 0x3B, 0x38, 0x2A, 0x6C, 0x77, 0x5D, 0xF3, 0x67, 0xCD, 0x0D,
    0x8A, 0xD1, 0x51, 0x86, 0x16, 0x33, 0x1C, 0x03, 0xD7, 0xE7, 0xFD, 0x7D, 0x68, 0x3B, 0x2A, 0x4F,
    0x19, 0xC8, 0x27, 0x38, 0x65, 0x6B, 0xBD, 0xA6, 0xF2, 0xB7, 0x17, 0x4C, 0x78, 0x96, 0xA3, 0x98,
    0x76, 0x19, 0xB8, 0x79, 0x87, 0xDA, 0xE3, 0x1A, 0x16, 0xCD, 0x6F, 0x86, 0xEF, 0x3B, 0xFF, 0xA7,
    0x18, 0xA1, 0x10, 0x5F, 0x7D, 0x31, 0xBA, 0x7C, 0x9E, 0xCF, 0x0D, 0xD4, 0x12, 0x9C, 0x84, 0x97,
    0xA5, 0x21, 0xF2, 0x0C, 0x47, 0xB6, 0xEC, 0x32, 0x1C, 0x64, 0xC4, 0xD2, 0x47, 0x3B, 0x9C, 0x15,
    0x1E, 0xBE, 0xE7, 0xE2, 0x4B, 0x91, 0x3B, 0x90, 0x28, 0x1B, 0x07, 0xCA, 0x91, 0x0F, 0x66, 0xA5,
    0x59, 0x94, 0x88, 0x12, 0xD7, 0x28, 0x9D, 0x57, 0x56, 0x4A, 0xAC, 0xB7, 0xCA, 0x41, 0x64, 0xDD,
    0xF3, 0xFE, 0x77, 0x9F, 0x25, 0x6E, 0x77, 0x2F, 0x7A, 0xBA, 0x8D, 0x8D, 0x52, 0x2E, 0x32, 0xD7,
    0xF3, 0x6E, 0x46, 0x25, 0xCA, 0x11, 0xB8, 0xD9, 0xDC, 0x04, 0x37, 0x55, 0x20, 0xB2, 0x40, 0x68,
    0x23, 0xD9, 0x50, 0x8C, 0x5C, 0x34, 0x01, 0xCE, 0xA4, 0x83, 0x28, 0x83, 0x22, 0x28, 0xE6, 0x84,
    0x25, 0x26, 0x44, 0x51, 0xB8, 0x2E, 0xA1, 0xF6, 0x09, 0x36, 0x24, 0x98, 0x29, 0x21, 0x8F, 0x09,
    0x88, 0xA2, 0x6D, 0x12, 0x6A, 0x9F, 0x60, 0xC7, 0x84, 0x62, 0x4A, 0x30, 0x31, 0x81, 0xF5, 0x2C,
    0xA1, 0xD5, 0x33, 0xA7, 0xB0, 0x8A, 0x42, 0x61, 0x22, 0xF9, 0xDD, 0x8B, 0xFD, 0x1A, 0x8B, 0x02,
    0x07, 0xA8, 0x59, 0xA5, 0x19, 0xF8, 0xF5, 0x56, 0xCA, 0x0A, 0xB4, 0x6A, 0x31, 0x97, 0xEF, 0x64,
    0xA6, 0x8C, 0x98, 0x15, 0x1B, 0xA0, 0xC7, 0x79, 0x52, 0xB8, 0x06, 0x2A, 0xDF, 0x03, 0x76, 0x14,
    0xA0, 0x0C, 0x2B, 0x50, 0x84, 0xE5, 0x0A, 0xAE, 0x7B, 0x96, 0x61, 0x1B, 0xE5, 0x94, 0x7E, 0xCB,
    0x56, 0x8D, 0xD0, 0x37, 0x76, 0x26, 0x5F, 0xF5, 0x8B, 0xB8, 0x8D, 0xD0, 0xEB, 0xAA, 0x62, 0x45,
    0x00, 0x6E, 0x35, 0x4A, 0xEE, 0x29, 0x58, 0x2F, 0xCC, 0x94, 0xE1, 0xC2, 0xC5, 0x1B, 0xFC, 0x30,
    0x5C, 0xBC, 0xAA, 0xA4, 0x1D, 0x94, 0x12, 0x00, 0xF3, 0xCD, 0xF6, 0x14, 0x6C, 0x81, 0x1A, 0xDB,
    0xFD, 0x10, 0x5C, 0x64, 0x77, 0xB2, 0x0E, 0xEC, 0x6A, 0x3C, 0xD4, 0x22, 0x89, 0x47, 0x56, 0x80,
    0x43, 0x22, 0x3F, 0x88, 0xFA, 0x9B, 0x1B, 0x40, 0x39, 0x7C, 0x8C, 0x0E, 0x6F, 0x81, 0xC2, 0x1F,
    0x01, 0xC0, 0x0F, 0xA2, 0x7E, 0xE0, 0xCF, 0xE0, 0x5F, 0x56, 0xF2, 0xE8, 0xBA, 0x32, 0xD8, 0xB1,
    0xF6, 0x66, 0xEE, 0x41, 0x22, 0xB8, 0x00, 0xB5, 0x26, 0x49, 0x29, 0x96, 0x95, 0x32, 0xB8, 0xAE,
    0xF6, 0x76, 0xEC, 0x31, 0xF3, 0x29, 0x4C, 0x07, 0x90, 0x0E, 0xF8, 0x3D, 0xF5, 0xB6, 0xD4, 0x8D,
    0x7A, 0x13, 0xD4, 0x5B, 0xBC, 0xF0, 0x56, 0x08, 0xCE, 0x63, 0x45, 0xBD, 0xB9, 0x77, 0xD5, 0x5B,
    0xAB, 0xDE, 0x88, 0xEA, 0xCD, 0x4C, 0xEA, 0xA4, 0x1C, 0x95, 0x95, 0x57, 0x3A, 0x94, 0xAB, 0x32,
    0x8B, 0xEA, 0xCD, 0x04, 0xF5, 0x66, 0x07, 0xF5, 0x56, 0x7B, 0xF5, 0x26, 0xA8, 0xB7, 0x88, 0x7A,
    0x8B, 0xEA, 0xAD, 0x50, 0x6F, 0x58, 0x51, 0x6F, 0xF5, 0x5F, 0x89, 0x40, 0xB9, 0xF7, 0x06, 0xBC,
    0xBE, 0xDF, 0xA3, 0xD9, 0x11, 0x30, 0x13, 0x40, 0x54, 0x1C, 0x73, 0xA9, 0x45, 0xC8, 0xA7, 0x04,
    0xF3, 0x7D, 0x62, 0x49, 0x08, 0xAB, 0xA2, 0x45, 0x1D, 0x78, 0x9C, 0xB7, 0xEB, 0x4F, 0xA5, 0x31,
    0x22, 0x0B, 0xF4, 0x32, 0x9E, 0xFF, 0x87, 0xF0, 0xCB, 0x77, 0x01, 0x1B, 0xCE, 0x4B, 0x6D, 0xCF,
    0x8B, 0xCC, 0xC3, 0x8B, 0x53, 0x64, 0xF6, 0x29, 0x60, 0x16, 0xC0, 0x0A, 0xE0, 0x7E, 0xEE, 0x61,
    0x31, 0x81, 0x2C, 0x10, 0x5F, 0x98, 0x22, 0x5F, 0xA1, 0x81, 0x8F, 0x4D, 0x80, 0x5E, 0x71, 0x64,
    0x46, 0x80, 0x17, 0xE8, 0x9D, 0xCE, 0xF7, 0xEF, 0x74, 0xE5, 0x01, 0x07, 0x10, 0x81, 0x2C, 0x70,
    0xA9, 0xAD, 0x90, 0xCF, 0xAD, 0xE6, 0x73, 0x1D, 0x36, 0x54, 0x7E, 0xDB, 0x6D, 0xB8, 0xCE, 0x04,
    0x1C, 0x26, 0xB2, 0x42, 0xCC, 0xA2, 0xBA, 0x9C, 0xC0, 0x15, 0x01, 0xEA, 0x2F, 0x06, 0xB0, 0xE2,
    0xA1, 0x10, 0xC0, 0x28, 0xB4, 0x07, 0x3C, 0x3D, 0x1E, 0xB3, 0x4D, 0xFD, 0x84, 0xDD, 0x2F, 0xB5,
    0xF4, 0x43, 0x3A, 0x2F, 0x98, 0xB8, 0xC0, 0x92, 0x62, 0xBD, 0x14, 0x71, 0xBB, 0x5E, 0x4D, 0xBB,
    0x2D, 0x6D, 0x23, 0xF2, 0xE5, 0x63, 0xB7, 0xBD, 0xFA, 0x7B, 0x22, 0x72, 0x91, 0x01, 0x2B, 0x32,
    0x51, 0x8F, 0x45, 0xDC, 0xF6, 0xA5, 0x0E, 0x56, 0x85, 0x9E, 0x65, 0x31, 0xA1, 0x9C, 0x12, 0xDC,
    0x90, 0xD0, 0x93, 0x10, 0xF7, 0x58, 0x14, 0xBD, 0xD7, 0xBB, 0xDA, 0xA5, 0xD4, 0x11, 0x48, 0x93,
    0xE0, 0x7C, 0x82, 0x1D, 0x12, 0xCA, 0x71, 0x07, 0xFD, 0xB1, 0xBC, 0x53, 0x7B, 0x57, 0x4A, 0xEA,
    0x62, 0x64, 0xD9, 0x7D, 0xF1, 0x7D, 0x06, 0xF4, 0xE8, 0x10, 0xED, 0x02, 0x26, 0x00, 0xFF, 0xC6,
    0xBE, 0xF5, 0xD2, 0x14, 0x22, 0xC1, 0x7C, 0xFB, 0xEE, 0x94, 0x91, 0x47, 0xE0, 0x22, 0x6E, 0x4B,
    0xCC, 0x45, 0xA2, 0x5D, 0xFF, 0x39, 0x3A, 0x4F, 0x6C, 0x21, 0xF6, 0x68, 0xE4, 0xB1, 0xA5, 0x88,
    0x6E, 0x68, 0x63, 0x25, 0xCB, 0x59, 0x21, 0xE1, 0x94, 0x5B, 0xA8, 0xE7, 0x6E, 0x9B, 0xA8, 0x07,
    0xE2, 0x36, 0x57, 0xE1, 0x9F, 0xCF, 0x5C, 0xF9, 0x5D, 0xB0, 0x33, 0xB8, 0x05, 0x7A, 0xD7, 0xE4,
    0xB3, 0xF5, 0x66, 0xC8, 0xC3, 0x73, 0x99, 0xEB, 0x35, 0xFE, 0x28, 0x17, 0xFF, 0xAF, 0x46, 0x24,
    0x94, 0x7F, 0x27, 0x63, 0x49, 0xDD, 0x3C, 0x97, 0x79, 0x0E, 0x32, 0x88, 0xD6, 0x67, 0x29, 0x98,
    0xCA, 0x0E, 0x78, 0x4E, 0xEF, 0x53, 0x03, 0x36, 0x82, 0xEB, 0xE1, 0xD4, 0xC2, 0x87, 0x16, 0x0E,
    0xAB, 0x6D, 0x2D, 0xCB, 0xE9, 0x39, 0xCD, 0x09, 0x40, 0x26, 0x6B, 0x26, 0x33, 0x56, 0xE4, 0x3F,
    0x45, 0x28, 0xBF, 0xFA, 0x40, 0xBE, 0xEA, 0x7D, 0x86, 0x11, 0xAC, 0x87, 0x5C, 0x9F, 0xBD, 0x90,
    0x45, 0xCC, 0x5E, 0x6E, 0x8B, 0x68, 0x09, 0x4A, 0x09, 0xD5, 0xFA, 0x4F, 0x2A, 0xCE, 0x6B, 0x31,
    0xB4, 0xA8, 0xD0, 0x63, 0x76, 0xB2, 0x02, 0x2D, 0x56, 0x1A, 0x48, 0xF3, 0x7F, 0xF0, 0xCD, 0x3B,
    0x43, 0x2A, 0xA1, 0x14, 0x19, 0x52, 0x15, 0x99, 0x48, 0xA7, 0x85, 0xBC, 0xF4, 0x26, 0x70, 0x00,
    0xB5, 0x0C, 0x99, 0x48, 0x28, 0xE4, 0x17, 0xC3, 0xFE, 0xBF, 0xA2, 0x3B, 0x70, 0x5C, 0x11, 0xCD,
    0xD6, 0xC7, 0x8E, 0x50, 0xAE, 0x3F, 0x0D, 0xB9, 0x48, 0xA0, 0x95, 0x01, 0x33, 0x81, 0xF1, 0x50,
    0x46, 0xE0, 0xC1, 0xC5, 0x08, 0xB7, 0xDB, 0x57, 0xDC, 0x03, 0x68, 0x1B, 0xD0, 0xE1, 0xDB, 0x78,
    0xF2, 0x09, 0xE0, 0x8C, 0xF3, 0xD6, 0x00, 0xB5, 0x34, 0x68, 0x41, 0x98, 0xE5, 0x9D, 0x19, 0x3B,
    0x66, 0x91, 0xCA, 0xF3, 0x40, 0x27, 0x76, 0x38, 0x14, 0x22, 0x72, 0x19, 0xC0, 0x0E, 0x17, 0xD9,
    0x03, 0x50, 0xAC, 0x7F, 0xF1, 0xB9, 0xA6, 0x5A, 0x34, 0xE9, 0x0C, 0x9C, 0x00, 0xDC, 0xBC, 0xC3,
    0xE5, 0x47, 0xEE, 0x02, 0x98, 0x49, 0xE1, 0xAF, 0xB3, 0x8C, 0xED, 0x99, 0x10, 0x81, 0x7A, 0x05,
    0xFD, 0xE0, 0x92, 0x45, 0x3B, 0xA0, 0x1F, 0xDD, 0x6B, 0x2C, 0xE3, 0x20, 0x03, 0xA2, 0xF5, 0x3B,
    0xCC, 0x65, 0x02, 0x5C, 0xE3, 0x42, 0xBC, 0xDE, 0xD4, 0xDE, 0x06, 0x33, 0x11, 0x39, 0x06, 0x20,
    0x3E, 0xF9, 0x95, 0x7D, 0x6A, 0x62, 0x19, 0xAC, 0x77, 0x9C, 0x02, 0xE0, 0x9E, 0xE2, 0xC5, 0xFB,
    0x20, 0x9D, 0x91, 0xC1, 0xFE, 0x77, 0xA8, 0xBB, 0xF8, 0x11, 0x35, 0x5B, 0x73, 0xCF, 0x72, 0xDC,
    0xA0, 0x69, 0x4D, 0x48, 0xC7, 0xE5, 0xCD, 0x06, 0xF1, 0x99, 0x8E, 0x1B, 0x00, 0x75, 0x73, 0x0A,
    0xEE, 0x97, 0x0B, 0x14, 0x12, 0x20, 0x97, 0x0E, 0x2A, 0x19, 0xA0, 0xFF, 0x87, 0x00, 0x87, 0x79,
    0x04, 0x58, 0x14, 0x0E, 0x6E, 0x2F, 0xAE, 0x41, 0xE4, 0xA1, 0x2F, 0x44, 0xC4, 0xDB, 0x80, 0xF8,
    0xDA, 0xE3, 0x06, 0xD7, 0x60, 0x07, 0xC7, 0x23, 0xF0, 0x1B, 0x3A, 0x6A, 0x6F, 0x07, 0xF4, 0xF9,
    0xF9, 0xF2, 0x4A, 0x2E, 0x12, 0xC1, 0xC9, 0xB0, 0xED, 0x52, 0xB6, 0xAF, 0xF6, 0x6E, 0x2A, 0xB6,
    0xAF, 0xF6, 0xC1, 0xEE, 0xBF, 0xDA, 0x0F, 0x38, 0xB2, 0x32, 0x1C, 0xB7, 0x32, 0xBB, 0xF5, 0x9D,
    0xE8, 0x06, 0x56, 0xE7, 0x69, 0xF5, 0xDD, 0x77, 0xFC, 0x6E, 0xF1, 0xC8, 0xC6, 0x3C, 0x00, 0x44,
    0xC5, 0x11, 0x70, 0x3E, 0x1D, 0xD4, 0xD2, 0x91, 0x89, 0x4C, 0x14, 0xEB, 0x3B, 0x0B, 0x36, 0xD0,
    0x53, 0x79, 0x5C, 0xE7, 0xBA, 0xA4, 0x3B, 0x47, 0x57, 0x59, 0x6D, 0x12, 0xB4, 0xB3, 0xB7, 0x23,
    0x2D, 0xC5, 0x52, 0xAC, 0x9A, 0x6A, 0xDE, 0x5B, 0xBD, 0xD8, 0x7A, 0x8F, 0x57, 0x6F, 0xBD, 0xAF,
    0xA3, 0x8C, 0x47, 0x36, 0xD7, 0xEF, 0x7A, 0x58, 0x8A, 0x40, 0x16, 0x98, 0xAF, 0xB1, 0x8C, 0x9F,
    0xF0, 0x63, 0x90, 0xF1, 0x50, 0x6F, 0x44, 0xCC, 0x20, 0x13, 0xC6, 0xDB, 0xE1, 0x1A, 0x2B, 0xD0,
    0x0D, 0x3C, 0x0F, 0x4C, 0x48, 0x28, 0x12, 0x0E, 0xCD, 0x00, 0xC0, 0x35, 0x56, 0x40, 0xB7, 0xFF,
    0xCB, 0xAE, 0x49, 0x11, 0x80, 0x6C, 0x5F, 0xC5, 0x23, 0x7F, 0x5C, 0x73, 0x8F, 0x7D, 0xBB, 0x3C,
    0x4C, 0xB1, 0xFD, 0xC8, 0xC1, 0x4D, 0xA8, 0xE5, 0xE7, 0x5D, 0x26, 0x22, 0x5A, 0xF3, 0x8A, 0x0D,
    0x99, 0x50, 0x7B, 0x23, 0xA9, 0x66, 0xFB, 0xD0, 0x3B, 0xEA, 0x7F, 0x4C, 0x70, 0x5A, 0x64, 0x4C,
    0x30, 0x53, 0x42, 0x11, 0x12, 0xAC, 0xB7, 0xDE, 0xB5, 0x5A, 0xF3, 0xAA, 0x35, 0xC7, 0xF3, 0x9A,
    0xAD, 0xD6, 0x5C, 0x89, 0x0C, 0x94, 0x5B, 0xCD, 0x70, 0xC5, 0xA6, 0x76, 0xE6, 0xBC, 0x7D, 0x0C,
    0xAE, 0x7D, 0xBA, 0x68, 0x77, 0xD1, 0xA7, 0x10, 0xD7, 0x18, 0x71, 0x5F, 0x56, 0x62, 0x45, 0x9C,
    0x91, 0xE8, 0xB8, 0xD5, 0x5C, 0xBD, 0xA9, 0x7D, 0x1E, 0x73, 0xBD, 0x7C, 0x69, 0x53, 0xBB, 0x3A,
    0x74, 0x53, 0x5B, 0x0C, 0x79, 0x78, 0x2E, 0x73, 0x1D, 0x64, 0x64, 0xFB, 0xCD, 0xA6, 0xED, 0x80,
    0xE7, 0xE3, 0xE9, 0x69, 0x76, 0x1E, 0xDB, 0xE5, 0xCA, 0xF7, 0xE0, 0x3A, 0x97, 0x90, 0x64, 0xFB,
    0xB7, 0xBE, 0x60, 0x07, 0x22, 0x65, 0xC8, 0x77, 0x7F, 0x2E, 0x68, 0x26, 0x13, 0xC8, 0x62, 0x39,
    0x82, 0x56, 0xCE, 0x83, 0x2A, 0xC1, 0xD5, 0x4D, 0x82, 0x03, 0xAA, 0x1E, 0xB0, 0x11, 0x28, 0x15,
    0x66, 0xFE, 0xF5, 0xBF, 0x5D, 0x1C, 0x00, 0x1D, 0x80, 0x6B, 0xE0, 0xAF, 0x05, 0x90, 0x08, 0xF4,
    0x23, 0x70, 0x0B, 0xC0, 0x3D, 0x01, 0x07, 0x09, 0x56, 0x3A, 0x5C, 0x2B, 0x01, 0x7D, 0x32, 0xE0,
    0x06, 0x56, 0x2D, 0xB7, 0xC5, 0x69, 0x5A, 0x85, 0x5A, 0xA8, 0xFD, 0xA3, 0xD8, 0xBC, 0x35, 0x5B,
    0xE7, 0x01, 0xC1, 0x7D, 0x5B, 0x44, 0x5C, 0x2F, 0x13, 0xAE, 0x12, 0x8F, 0xE3, 0xAD, 0x27, 0x57,
    0xC0, 0xD5, 0xFB, 0x97, 0x17, 0x6A, 0x39, 0xFF, 0x1F, 0xD5, 0x9B, 0x3D, 0x8C, 0xDE, 0xC8, 0x79,
    0xC7, 0x7F, 0xE4, 0x58, 0x47, 0x78, 0x09, 0x78, 0x5C, 0x9C, 0x00, 0x47, 0x2E, 0xD8, 0x18, 0x88,
    0xED, 0x24, 0x66, 0x1B, 0x24, 0x92, 0x1E, 0x26, 0x41, 0x6A, 0x6F, 0x71, 0x3A, 0x03, 0x51, 0x71,
    0xA9, 0x02, 0xE3, 0x5C, 0xA8, 0xB9, 0x22, 0xC5, 0x59, 0x24, 0xD2, 0xA4, 0x55, 0xAA, 0x94, 0x51,
    0x61, 0x03, 0xB2, 0x1D, 0xE0, 0x5C, 0xBA, 0x90, 0x97, 0x83, 0xB8, 0x48, 0x91, 0xE2, 0x18, 0x20,
    0x7D, 0x98, 0x38, 0x57, 0xA5, 0x19, 0xC7, 0x74, 0x42, 0x0B, 0x43, 0x3E, 0xE1, 0xF0, 0xE5, 0xFB,
    0xEE, 0x2E, 0xA4, 0x3B, 0x7D, 0xAD, 0xD6, 0xEB, 0x67, 0xE7, 0xF9, 0x3D, 0xBB, 0x98, 0x0F, 0xCE,
    0xF3, 0x7F, 0x67, 0x97, 0x9C, 0xF7, 0x9D, 0xA5, 0xD0, 0x09, 0x28, 0x75, 0x06, 0x8A, 0xC8, 0xF3,
    0x26, 0x2B, 0xEB, 0x26, 0x52, 0xDD, 0xCA, 0x0E, 0x48, 0xFF, 0xCF, 0x03, 0xE6, 0x97, 0x91, 0xD9,
    0x2F, 0x46, 0xC0, 0x76, 0x21, 0xD2, 0x4D, 0x40, 0xD1, 0xD4, 0x80, 0x20, 0x2B, 0xCB, 0x06, 0x4E,
    0xB0, 0x0E, 0x02, 0xB6, 0x23, 0x51, 0x55, 0x8F, 0x39, 0x70, 0x20, 0xEF, 0x49, 0xC2, 0xD6, 0xA0,
    0x58, 0x38, 0x23, 0x0D, 0xD4, 0xBB, 0xEE, 0x55, 0x0B, 0x94, 0xEB, 0xB0, 0xD6, 0x25, 0xAA, 0xCE,
    0xA8, 0x76, 0xE9, 0xE2, 0xEC, 0xAD, 0xD5, 0x2A, 0x53, 0xF5, 0xE6, 0xD7, 0xEF, 0x0D, 0x09, 0x69,
    0x00, 0x4E, 0xFD, 0xCB, 0x1A, 0x52, 0xD5, 0x60, 0xE7, 0xEF, 0x07, 0x71, 0x84, 0x1A, 0x42, 0xBB,
    0x7A, 0x1A, 0x6A, 0xB2, 0x20, 0x5D, 0x1D, 0x16, 0x01, 0x1E, 0x67, 0xEA, 0x3F, 0xE4, 0x3A, 0xF0,
    0xFB, 0x7C, 0x01, 0x28, 0xB9, 0x0D, 0x58, 0x0D, 0x40, 0xA6, 0x03, 0x40, 0xDB, 0x5C, 0x6D, 0x65,
    0x52, 0x97, 0x74, 0xA6, 0x37, 0x5D, 0x54, 0x88, 0x56, 0xA1, 0x18, 0xB9, 0x78, 0x85, 0xAE, 0x5E,
    0xDE, 0x00, 0x45, 0x04, 0x1F, 0xAE, 0x1C, 0x57, 0x0E, 0x11, 0x49, 0xE4, 0x36, 0x3B, 0xEA, 0x95,
    0xD7, 0xAA, 0x0B, 0xD6, 0x63, 0x04, 0xE3, 0x21, 0x73, 0x60, 0x37, 0xCF, 0x15, 0x8C, 0x02, 0x6F,
    0x03, 0x3F, 0x80, 0xDD, 0x05, 0xCC, 0xB0, 0x2A, 0x02, 0x94, 0x15, 0x70, 0x8B, 0xB3, 0x96, 0xA9,
    0x56, 0x88, 0xAA, 0x4F, 0xF4, 0x49, 0xDB, 0x67, 0x33, 0x89, 0xB3, 0x7E, 0x4D, 0x12, 0xD6, 0xCC,
    0xA9, 0x01, 0x34, 0x62, 0x8E, 0x98, 0x9E, 0x81, 0xF9, 0xD0, 0xA4, 0x8D, 0x90, 0x2A, 0xC2, 0x01,
    0x85, 0x07, 0x6C, 0x00, 0x8C, 0x7E, 0x72, 0xCF, 0xD1, 0xAA, 0x3A, 0x6C, 0x04, 0xD7, 0x8F, 0x81,
    0xA3, 0x07, 0xBB, 0x86, 0x35, 0x10, 0x4E, 0xF3, 0x01, 0xE0, 0x8B, 0x50, 0x6A, 0x5C, 0x54, 0x3E,
    0xD3, 0x1F, 0x75, 0xD6, 0xEF, 0xE6, 0x24, 0x0D, 0x08, 0x9F, 0xE2, 0xD5, 0xAE, 0x8D, 0xED, 0x21,
    0x9F, 0xDF, 0xF5, 0xA9, 0xAA, 0xA7, 0xD6, 0x8E, 0xE4, 0x1D, 0xE0, 0xEB, 0x00, 0xEA, 0x20, 0x51,
    0x0F, 0xD9, 0x2F, 0x47, 0xB0, 0xEE, 0x04, 0x6E, 0x53, 0x5C, 0x19, 0x41, 0xD2, 0x87, 0xBB, 0xDA,
    0x72, 0x86, 0x56, 0xAA, 0x64, 0xB4, 0x9D, 0xE9, 0x52, 0xFF, 0x66, 0x04, 0xF9, 0x3C, 0x6B, 0x93,
    0x03, 0x00, 0xE0, 0xCA, 0x68, 0x91, 0x3C, 0xD8, 0x16, 0x84, 0xDF, 0x45, 0xE0, 0x8D, 0xE8, 0xF0,
    0x35, 0x8E, 0xA0, 0x6C, 0x6A, 0xC8, 0xFF, 0x23, 0x80, 0x51, 0x0F, 0xA8, 0x5B, 0xBB, 0x5D, 0x15,
    0x31, 0xD2, 0x86, 0x87, 0x66, 0xC8, 0x7B, 0xA6, 0xB2, 0x41, 0x74, 0xD7, 0x32, 0xF3, 0x6F, 0x44,
    0x90, 0xE4, 0x21, 0xDF, 0x83, 0x60, 0x3C, 0x88, 0x75, 0x50, 0x68, 0x05, 0xF9, 0x04, 0x98, 0xC0,
    0x19, 0x53, 0xFD, 0x75, 0x84, 0xFA, 0x88, 0x89, 0x89, 0xB7, 0xB4, 0x99, 0x40, 0xBA, 0x05, 0xD6,
    0x2F, 0x30, 0x43, 0x44, 0x58, 0x90, 0x44, 0xB0, 0x62, 0x7A, 0x06, 0x0E, 0x4D, 0xCC, 0x8A, 0x61,
    0x3F, 0x40, 0x1C, 0x2A, 0xD5, 0x46, 0x55, 0xE7, 0xFD, 0x85, 0x66, 0x00, 0xAE, 0xFD, 0xC9, 0x31,
    0x50, 0xFC, 0xCC, 0x47, 0xFE, 0x73, 0x1F, 0xF9, 0x2F, 0x2E, 0xF2, 0xE3, 0x66, 0x25, 0x91, 0x0E,
    0xA8, 0x22, 0xEB, 0x79, 0x61, 0xAA, 0xFA, 0xEF, 0x8E, 0x7C, 0xBA, 0x1B, 0x65, 0xED, 0x59, 0x58,
    0x3A, 0x64, 0x29, 0xCD, 0x4A, 0x28, 0x57, 0x16, 0x9F, 0xC1, 0x8A, 0x72, 0xDF, 0xCB, 0x76, 0xB4,
    0x71, 0xB4, 0x4C, 0x1D, 0x46, 0xF5, 0x63, 0x07, 0xAD, 0xDA, 0x85, 0xC9, 0x31, 0x90, 0xAB, 0x3E,
    0x58, 0xA9, 0x3B, 0x76, 0xE4, 0x3D, 0xF7, 0xC6, 0x48, 0x33, 0x45, 0xA2, 0x2B, 0xA5, 0x5A, 0xE9,
    0x22, 0x8B, 0x95, 0xD6, 0xD9, 0xC8, 0x4E, 0x75, 0x3E, 0xF0, 0xA3, 0x27, 0x3F, 0x58, 0xB8, 0xAB,
    0x3D, 0x6D, 0x29, 0x3B, 0x56, 0x91, 0x7A, 0x3A, 0x72, 0x39, 0x6E, 0x57, 0x8C, 0x24, 0xB2, 0xE7,
    0x70, 0xF7, 0x29, 0xDC, 0x0E, 0xC9, 0x9D, 0x7B, 0xFF, 0x16, 0xAB, 0x26, 0x32, 0xD5, 0x70, 0xA6,
    0x42, 0xA6, 0xC2, 0xAD, 0x42, 0xE5, 0xF3, 0x3D, 0x75, 0xD6, 0xA3, 0x6E, 0xCD, 0x57, 0x9A, 0x08,
    0x28, 0x23, 0x8A, 0x67, 0xA3, 0xA2, 0xDC, 0x35, 0x5E, 0xB5, 0x59, 0xA5, 0xD9, 0x29, 0xD3, 0xCE,
    0xD6, 0x45, 0x5D, 0xE2, 0x15, 0xB1, 0x9B, 0xEF, 0x4D, 0x55, 0xFB, 0xBD, 0x4F, 0xC0, 0xA7, 0xB9,
    0xAA, 0xBA, 0xBD, 0x4F, 0xC0, 0x73, 0xDA, 0x76, 0xFB, 0x31, 0x93, 0xA8, 0x45, 0x1A, 0x55, 0x38,
    0xFB, 0xDC, 0x56, 0x01, 0xA5, 0x56, 0x2C, 0xB5, 0x1E, 0x33, 0xDD, 0x1D, 0xB1, 0x7D, 0x12, 0xA2,
    0x02, 0x27, 0x48, 0x85, 0x20, 0x44, 0xA8, 0xEA, 0x59, 0x00, 0x1B, 0xD6, 0xFE, 0x0E, 0xB0, 0x1E,
    0xC8, 0xE6, 0x3F, 0xFF, 0x69, 0x1C, 0x6A, 0x82, 0x52, 0x47, 0xE0, 0x0E, 0x7C, 0x81, 0x1C, 0x5B,
    0xD9, 0x35, 0x67, 0xA3, 0x01, 0xEA, 0xEE, 0xD2, 0x72, 0x4E, 0x1D, 0x3D, 0x69, 0x6F, 0x7A, 0x50,
    0x75, 0xD0, 0x6A, 0x05, 0xF9, 0xC8, 0xE5, 0x65, 0xCF, 0xD1, 0xD6, 0x24, 0x7A, 0xD1, 0x00, 0x5C,
    0x5A, 0xF6, 0x24, 0x0F, 0x00, 0xE3, 0x23, 0x86, 0xFD, 0x77, 0x70, 0x69, 0xD9, 0x5F, 0x42, 0x86,
    0x14, 0xC0, 0x4D, 0x60, 0x04, 0x86, 0x2D, 0x6A, 0x07, 0xF5, 0xE2, 0xD7, 0xAA, 0x37, 0x9A, 0x63,
    0x00, 0xBE, 0xE5, 0x81, 0x7C, 0xAD, 0xAF, 0x80, 0x02, 0xA0, 0x8C, 0x28, 0x02, 0x90, 0x47, 0x70,
    0xCC, 0x0D, 0xDE, 0x6A, 0xAC, 0x93, 0xCA, 0xF8, 0x09, 0x74, 0x80, 0xBA, 0x8F, 0xA3, 0x5E, 0xDE,
    0xAF, 0x41, 0xC3, 0x43, 0xCC, 0x90, 0xF5, 0x30, 0x97, 0x0E, 0x44, 0x01, 0x1B, 0x80, 0xCC, 0x5F,
    0xE2, 0x6A, 0x80, 0xA3, 0x06, 0x10, 0x0F, 0xB4, 0x23, 0xA4, 0x61, 0x82, 0xCC, 0x4B, 0x85, 0xAD,
    0x72, 0xC7, 0xA9, 0xAD, 0x7F, 0xA5, 0xCA, 0xD8, 0x59, 0xE7, 0x36, 0x18, 0x85, 0x6F, 0xDB, 0x01,
    0x28, 0xBB, 0xCF, 0x7E, 0xBE, 0x48, 0x74, 0x9E, 0x62, 0xE7, 0x0D, 0x50, 0x6B, 0x44, 0x1B, 0x21,
    0x55, 0x84, 0x5B, 0x60, 0xFD, 0x82, 0x7C, 0x5A, 0x60, 0xF4, 0x93, 0xBF, 0x50, 0x5A, 0x55, 0x25,
    0x57, 0x1D, 0xE1, 0xFA, 0x3B, 0x90, 0x7E, 0x0F, 0xC8, 0x02, 0x60, 0x15, 0x90, 0x7B, 0x0E, 0x42,
    0xE6, 0x49, 0x3D, 0xC3, 0x59, 0xAD, 0xEA, 0xD9, 0xBA, 0x34, 0xFE, 0x59, 0xCF, 0xE6, 0xBB, 0xAF,
    0x79, 0x87, 0xF8, 0xF5, 0x7A, 0x87, 0x88, 0x77, 0xE5, 0x56, 0x8B, 0x78, 0x87, 0x58, 0x00, 0x2B,
    0xCA, 0x06, 0x90, 0xEA, 0xF3, 0xA0, 0xD8, 0xF9, 0xA3, 0x09, 0xAB, 0x3A, 0x44, 0x61, 0x1B, 0xC8,
    0x31, 0x0D, 0x79, 0x63, 0x1B, 0x8C, 0x2A, 0xA4, 0x3A, 0x01, 0x65, 0xCF, 0x55, 0x51, 0xB2, 0xE3,
    0xC7, 0xE0, 0x13, 0x0F, 0x71, 0x16, 0x88, 0x3A, 0x88, 0xAD, 0xAF, 0x94, 0x88, 0xBC, 0x55, 0x01,
    0xD6, 0x45, 0x74, 0xFB, 0xEF, 0xE0, 0xCA, 0x88, 0xC8, 0x43, 0xC0, 0x8C, 0x11, 0x01, 0x48, 0x07,
    0x00, 0xAE, 0x94, 0x88, 0x57, 0x42, 0x26, 0x00, 0xF2, 0x1E, 0xB0, 0x6E, 0x8F, 0x02, 0xE0, 0x1B,
    0x11, 0x6F, 0x47, 0x7C, 0x35, 0xE2, 0xC3, 0x88, 0x71, 0xAF, 0xA4, 0xF1, 0x2B, 0xAE, 0x9A, 0x9C,
    0x8F, 0x00, 0x33, 0x03, 0x56, 0x2B, 0x28, 0x3F, 0xEE, 0xE0, 0xC4, 0x78, 0x18, 0x78, 0xCC, 0xA9,
    0x4D, 0x31, 0x89, 0x05, 0x66, 0x7C, 0x51, 0xE8, 0x62, 0xA7, 0xD8, 0x2A, 0x5E, 0x1A, 0xBC, 0x0F,
    0xA0, 0x0D, 0x18, 0xED, 0x20, 0xFF, 0xF9, 0x10, 0xD3, 0x09, 0x70, 0x8B, 0x92, 0xCD, 0xAE, 0x47,
    0xC8, 0x0B, 0xC0, 0x6A, 0x87, 0xD4, 0x3A, 0x20, 0xF3, 0xDD, 0x80, 0x74, 0xCC, 0x88, 0xA3, 0x46,
    0x40, 0x5E, 0x07, 0x66, 0x80, 0xBC, 0x23, 0x06, 0xDB, 0x73, 0x3E, 0xE8, 0x6A, 0xCD, 0x2E, 0xB8,
    0x5D, 0xA8, 0x9E, 0xD9, 0xD2, 0xC4, 0xAA, 0xA7, 0x42, 0xAC, 0xBB, 0xA8, 0x90, 0x1C, 0x9F, 0x5B,
    0x86, 0x77, 0x7F, 0x75, 0xA7, 0x22, 0xCE, 0x6A, 0xC5, 0xA1, 0x22, 0xE2, 0xC6, 0x03, 0xCC, 0xFF,
    0xE8, 0x8C, 0x89, 0x35, 0x46, 0x1B, 0xE9, 0x4C, 0xC0, 0x7A, 0x33, 0x92, 0x79, 0xE3, 0x31, 0xAF,
    0x8A, 0xF4, 0x41, 0xDA, 0xD8, 0x29, 0x73, 0xA2, 0x5A, 0xDD, 0x2C, 0x94, 0x0F, 0x92, 0x91, 0xBD,
    0xE5, 0x1A, 0xB0, 0x8B, 0x27, 0x6D, 0x07, 0xC2, 0xC5, 0x78, 0x5D, 0x1D, 0xC6, 0x4D, 0x9B, 0xB4,
    0x2A, 0x47, 0x5B, 0xD5, 0xAA, 0xFC, 0xA4, 0x9C, 0xF0, 0x67, 0xFF, 0xBE, 0xC9, 0xC5, 0xB8, 0xE8,
    0x50, 0x6B, 0xA8, 0x75, 0xCB, 0xAA, 0x54, 0x2F, 0xEA, 0xDF, 0xD2, 0x8A, 0xC0, 0x2B, 0x94, 0x64,
    0xDA, 0x46, 0x68, 0xD5, 0xAB, 0x0E, 0xAD, 0x0E, 0x00, 0xF0, 0x6A, 0xA3, 0x7D, 0xC0, 0x1F, 0x7E,
    0xC8, 0x63, 0xD1, 0xA1, 0xD0, 0x2E, 0x9D, 0xB9, 0xD8, 0x19, 0x7A, 0x3E, 0x18, 0x18, 0xEA, 0xF8,
    0xBD, 0xCB, 0x66, 0x5E, 0x67, 0x9E, 0xAD, 0x3A, 0x55, 0xF7, 0xE5, 0x09, 0xE3, 0x5F, 0xA5, 0x64,
    0xC3, 0x36, 0x02, 0xB7, 0xD7, 0x19, 0x7A, 0x52, 0x8F, 0x59, 0xA8, 0x0E, 0x75, 0x5C, 0x23, 0x69,
    0x32, 0x9F, 0x7B, 0xE3, 0x01, 0xC0, 0xF8, 0xE7, 0x7F, 0x65, 0xCE, 0x56, 0xC2, 0x2D, 0x6E, 0x23,
    0x43, 0x31, 0x26, 0xC7, 0x3C, 0xC0, 0x0C, 0x98, 0x91, 0xFD, 0x20, 0xC0, 0x85, 0x4D, 0x5B, 0x9E,
    0xB2, 0x56, 0x5D, 0x59, 0xC5, 0x9A, 0x6A, 0x19, 0x5D, 0x2A, 0xE3, 0xDF, 0x14, 0xB2, 0x61, 0x41,
    0x1B, 0x2F, 0xA4, 0x11, 0xC0, 0x29, 0x6A, 0xE0, 0xEF, 0x67, 0x48, 0x34, 0x44, 0xF4, 0xC0, 0x75,
    0xF8, 0x12, 0x47, 0xD4, 0x48, 0xD3, 0x22, 0x4E, 0x28, 0x2B, 0xCE, 0x58, 0xFC, 0x59, 0x90, 0xD7,
    0x76, 0x9E, 0x76, 0xF8, 0x23, 0x85, 0x7A, 0x02, 0xF1, 0x70, 0xD4, 0xEC, 0x62, 0x3B, 0x92, 0x84,
    0x79, 0x7D, 0xCA, 0xB7, 0x4D, 0xE6, 0xD8, 0x9B, 0x75, 0x97, 0xE3, 0xE2, 0xF8, 0x2B, 0xAD, 0xD0,
    0x19, 0xD6, 0x47, 0x05, 0x80, 0xF7, 0x41, 0x1B, 0xA3, 0x9D, 0xFD, 0xB9, 0x2F, 0x9B, 0xF0, 0x5D,
    0xCA, 0xBD, 0x38, 0xAF, 0x57, 0x6A, 0x38, 0xE1, 0x47, 0x13, 0x1A, 0xD0, 0x9E, 0x09, 0x4A, 0xB7,
    0xA0, 0x65, 0x22, 0x99, 0x16, 0x64, 0xC3, 0x02, 0xDB, 0x2D, 0x90, 0x66, 0xC1, 0x0C, 0x93, 0x09,
    0x0B, 0xAC, 0x5F, 0x20, 0x6E, 0x41, 0x0B, 0xA8, 0x36, 0x11, 0x1D, 0xE8, 0xC7, 0x1E, 0x74, 0x6D,
    0x92, 0xC4, 0xC6, 0xB4, 0x11, 0xE2, 0x16, 0x58, 0xBF, 0x1F, 0x2F, 0x0D, 0x0B, 0xD0, 0x08, 0x69,
    0x16, 0x14, 0x1D, 0xA7, 0x66, 0xFC, 0x1E, 0xD9, 0xE1, 0xC9, 0xD6, 0x02, 0x5C, 0x63, 0xA7, 0x84,
    0x7C, 0xA6, 0x9B, 0x51, 0xB0, 0x5E, 0x10, 0x27, 0x28, 0x92, 0x06, 0x24, 0xF7, 0x48, 0xE9, 0x90,
    0x1A, 0x44, 0xAB, 0xC5, 0x1D, 0xB2, 0x4C, 0x53, 0x4C, 0x40, 0x98, 0x10, 0x5A, 0x62, 0xFB, 0x5D,
    0x3F, 0x33, 0x08, 0x69, 0x78, 0xEA, 0x15, 0x2F, 0x01, 0x01, 0x6E, 0x02, 0x6F, 0x9F, 0xBF, 0xCE,
    0xDA, 0x3F, 0x99, 0x10, 0x33, 0x22, 0xB6, 0x47, 0xC4, 0x21, 0xDA, 0x2C, 0xDE, 0x21, 0xFF, 0xED,
    0x91, 0x3F, 0x0B, 0x08, 0x33, 0x42, 0x5D, 0x09, 0xE5, 0xFE, 0x3A, 0xA3, 0x90, 0x04, 0x7E, 0xC0,
    0x7A, 0x35, 0x33, 0x80, 0xED, 0xA0, 0xAC, 0xCE, 0x7F, 0xBE, 0x23, 0xD5, 0x1B, 0x70, 0xD5, 0x71,
    0xF1, 0x10, 0x3D, 0x79, 0x64, 0x42, 0xEE, 0xAD, 0x13, 0x3E, 0x5C, 0xD5, 0x95, 0x97, 0xFE, 0x9A,
    0xE0, 0xC2, 0x7D, 0x7B, 0x07, 0xC0, 0x47, 0x7F, 0xEA, 0x95, 0x28, 0xAA, 0x73, 0xAF, 0xC4, 0xAB,
    0xCC, 0x19, 0xA2, 0xD2, 0x42, 0xCC, 0x7A, 0xE4, 0x98, 0x89, 0xAC, 0x9F, 0xC8, 0xBB, 0x09, 0xEB,
    0x16, 0x6F, 0x16, 0x67, 0xE2, 0x77, 0x2E, 0x2C, 0x87, 0xEB, 0xD7, 0x2A, 0xB1, 0x2E, 0x96, 0xA2,
    0x92, 0x12, 0xB9, 0x89, 0xF0, 0xEA, 0xE5, 0xC5, 0x67, 0xF1, 0x15, 0xA6, 0xF5, 0x6B, 0x5E, 0x3C,
    0xBC, 0xF8, 0x6C, 0x9F, 0x3B, 0x87, 0xCF, 0x23, 0x52, 0x89, 0x34, 0x22, 0xCF, 0x9F, 0xAD, 0x19,
    0x78, 0x41, 0x7C, 0x2E, 0xE2, 0xD6, 0x82, 0xFF, 0xD5, 0x05, 0x3A, 0x46, 0xEC, 0xF7, 0xDE, 0xF5,
    0x00, 0x48, 0xC4, 0xEF, 0x7E, 0xEA, 0x00, 0xAA, 0xDA, 0x44, 0xB8, 0x15, 0x1C, 0x93, 0x8E, 0x9F,
    0x51, 0x9A, 0x54, 0xFB, 0xB5, 0x54, 0x79, 0x40, 0xC6, 0x58, 0xDE, 0xFA, 0xF4, 0xF6, 0xDB, 0x1B,
    0x2C, 0xB9, 0xDF, 0x6F, 0xB8, 0xA5, 0x02, 0x7E, 0x0A, 0x30, 0x70, 0xC6, 0x14, 0x78, 0xAC, 0x0D,
    0x04, 0xED, 0x22, 0x7C, 0xC4, 0xB8, 0x60, 0x0A, 0x0B, 0x82, 0x46, 0x48, 0xB3, 0xA0, 0x74, 0x0B,
    0xAC, 0x5F, 0x60, 0x86, 0x05, 0x69, 0x58, 0x80, 0x46, 0xD4, 0xD5, 0x82, 0xD2, 0x2D, 0xB0, 0xFD,
    0x82, 0x6C, 0x58, 0x60, 0xC2, 0x02, 0xE6, 0xC7, 0x0B, 0xEA, 0xB0, 0x40, 0x22, 0x6C, 0x44, 0x16,
    0x61, 0x02, 0xDC, 0x68, 0x40, 0x1C, 0xB4, 0xCF, 0xFC, 0x24, 0xF6, 0x96, 0xD5, 0xEE, 0x76, 0xAD,
    0x63, 0xDC, 0xAE, 0x48, 0xC7, 0x2C, 0x8E, 0x5A, 0x2A, 0x44, 0x78, 0x39, 0xFF, 0xCD, 0xE5, 0x77,
    0x6A, 0x12, 0x71, 0x3F, 0x22, 0x44, 0x8C, 0x40, 0xE2, 0x01, 0xAA, 0x8B, 0xCD, 0x95, 0xBD, 0xA5,
    0x03, 0x18, 0x7F, 0xAA, 0xA9, 0x6D, 0xE0, 0x1A, 0xF0, 0x3D, 0xBE, 0x0A, 0x27, 0x49, 0x80, 0xF2,
    0x6F, 0x3D, 0x58, 0x75, 0x60, 0x14, 0x60, 0xBA, 0x0A, 0x6B, 0x22, 0x6D, 0x92, 0x87, 0xC6, 0xE7,
    0x1D, 0x93, 0x34, 0xC8, 0x1C, 0x2B, 0x21, 0xF7, 0x17, 0xBE, 0x26, 0x0A, 0x07, 0x50, 0xAE, 0x94,
    0x66, 0x25, 0xA7, 0xBC, 0x1F, 0x2F, 0xC5, 0xE3, 0xDB, 0xB9, 0xF6, 0x04, 0x11, 0x0D, 0xFC, 0xE5,
    0x72, 0xC1, 0x19, 0xC4, 0xD3, 0x82, 0x38, 0x64, 0xED, 0x16, 0x59, 0xAD, 0x85, 0xD7, 0xE4, 0x4E,
    0x6F, 0x77, 0x5E, 0xEF, 0xB0, 0x60, 0x9A, 0x4E, 0xF5, 0x76, 0x0B, 0x8A, 0xEE, 0xA0, 0x77, 0x58,
    0x90, 0x4C, 0x0B, 0x68, 0x23, 0xC4, 0x2D, 0x28, 0xBA, 0x05, 0xB9, 0x5F, 0x60, 0xC6, 0x05, 0x4C,
    0x11, 0xED, 0xE3, 0x73, 0x52, 0xE7, 0x11, 0x26, 0x82, 0xC0, 0x59, 0xA4, 0x0B, 0x8E, 0xDE, 0x1B,
    0xC0, 0xAA, 0x8F, 0x68, 0x20, 0x39, 0x7E, 0xB6, 0xEC, 0x0D, 0xB5, 0x80, 0xBC, 0xAC, 0xF3, 0xB4,
    0xD7, 0xF0, 0xC7, 0x33, 0xD4, 0x01, 0xA4, 0x27, 0xD7, 0x19, 0xB0, 0xAA, 0x1B, 0xCF, 0xD9, 0x56,
    0x5B, 0xEF, 0x3E, 0x5E, 0x7B, 0xA2, 0x23, 0x79, 0xC0, 0xCC, 0x58, 0x0F, 0x2D, 0xE2, 0x58, 0x5C,
    0x2A, 0x28, 0x5C, 0x0B, 0xD8, 0x5E, 0x81, 0xDC, 0xCF, 0x40, 0xE6, 0xA7, 0x4F, 0xE1, 0x7C, 0x60,
    0xEE, 0x77, 0xBD, 0x24, 0xD2, 0xED, 0x46, 0x2B, 0x7A, 0x68, 0x2B, 0x3B, 0x92, 0xCE, 0x18, 0xFD,
    0xA4, 0x8E, 0x62, 0xAA, 0xF6, 0x87, 0xB9, 0x5D, 0xAF, 0x80, 0x56, 0x3D, 0xE8, 0x01, 0xFB, 0xA5,
    0x0A, 0xA5, 0x36, 0x24, 0xAA, 0x03, 0xD9, 0x7C, 0x77, 0xC2, 0x7A, 0x5A, 0x0A, 0x87, 0x34, 0xD2,
    0x2C, 0x51, 0xC0, 0xAE, 0xE8, 0x9E, 0x81, 0x25, 0x8D, 0x05, 0xB1, 0xB1, 0xB3, 0x3D, 0x35, 0xD9,
    0x94, 0xCD, 0x71, 0xA8, 0x11, 0x44, 0x3B, 0x48, 0xDE, 0x61, 0xF7, 0x71, 0x1F, 0x58, 0x6C, 0xA4,
    0xCE, 0x80, 0xD1, 0x00, 0xD0, 0x76, 0xBF, 0x15, 0xBA, 0xF5, 0xFC, 0x18, 0x3C, 0x7E, 0x53, 0x50,
    0xD4, 0x41, 0x36, 0x71, 0x89, 0x0A, 0xF2, 0xE8, 0xA8, 0x01, 0x13, 0x24, 0xD2, 0xD7, 0x6B, 0x02,
    0x01, 0x28, 0x52, 0x0F, 0xDC, 0x34, 0xEE, 0xB7, 0x42, 0xC7, 0xA3, 0xE6, 0x11, 0x94, 0x3F, 0x0B,
    0x20, 0x99, 0x87, 0x60, 0x1D, 0xC9, 0x50, 0x82, 0xE9, 0x6E, 0x5E, 0xAA, 0x98, 0x7B, 0x8D, 0x16,
    0x0B, 0xB4, 0x6B, 0x30, 0xFA, 0x24, 0x86, 0x3C, 0x60, 0x3B, 0x28, 0xFC, 0x1A, 0xC4, 0xED, 0x42,
    0xB5, 0x86, 0x96, 0x35, 0xCC, 0xBB, 0x30, 0x9D, 0x06, 0xD5, 0xE1, 0xE9, 0x70, 0xDA, 0x64, 0xE6,
    0x6C, 0x77, 0xE1, 0xEC, 0xD0, 0x45, 0xBF, 0x06, 0x3B, 0xC6, 0xB0, 0x9E, 0x6D, 0x39, 0x9D, 0x12,
    0x76, 0x0D, 0x9B, 0x76, 0x07, 0x2B, 0xB5, 0xCA, 0xD5, 0xC5, 0xA4, 0xBC, 0xEC, 0x24, 0x0A, 0xFA,
    0xAD, 0x09, 0xDB, 0xA3, 0x23, 0x2D, 0xA5, 0x43, 0x3C, 0x52, 0x49, 0x85, 0x74, 0x94, 0x8D, 0x40,
    0xE1, 0x96, 0x12, 0xA3, 0xAA, 0xC6, 0x68, 0x63, 0xAC, 0x77, 0xB1, 0x59, 0x55, 0x03, 0x76, 0xED,
    0xD6, 0x64, 0xCB, 0x1E, 0xB6, 0x71, 0x58, 0xC7, 0x0D, 0x24, 0x51, 0xC9, 0xA0, 0x7F, 0x77, 0x6F,
    0xBB, 0xAE, 0x82, 0x68, 0xB3, 0xAE, 0xB2, 0xE4, 0x78, 0x9B, 0xE1, 0xFB, 0x00, 0x7A, 0x38, 0x56,
    0xE7, 0xCF, 0xBD, 0xE3, 0x7E, 0x30, 0xD5, 0x31, 0x42, 0x5D, 0x84, 0x67, 0x22, 0x0F, 0x0B, 0x92,
    0x08, 0xA6, 0x88, 0xF9, 0x80, 0x69, 0x5F, 0x61, 0x46, 0xE6, 0x77, 0x5B, 0x4F, 0x9C, 0xEF, 0x82,
    0x00, 0x13, 0x73, 0x44, 0x7D, 0xBA, 0xFD, 0xED, 0xE2, 0x50, 0x7E, 0x6D, 0x7C, 0x18, 0x4F, 0x23,
    0xA4, 0x8A, 0x70, 0xA4, 0x8F, 0x62, 0x95, 0xF5, 0x6B, 0x66, 0xF0, 0x93, 0x6D, 0xB9, 0xDD, 0xCA,
    0xA7, 0x5B, 0x12, 0x6E, 0xEB, 0x3F, 0xCA, 0xB0, 0x3F, 0xF0, 0xC2, 0xF3, 0xCA, 0x6F, 0x30, 0x8B,
    0x17, 0xDA, 0xC9, 0xBF, 0x46, 0x62, 0x00, 0xFB, 0x9B, 0xFD, 0x6D, 0x78, 0x0C, 0x03, 0x1C, 0xC3,
    0x11, 0x6F, 0x35, 0xD8, 0xAE, 0x6C, 0x30, 0xC3, 0x0C, 0xE8, 0x08, 0x88, 0x07, 0x0A, 0x77, 0x15,
    0x5E, 0xDE, 0x6F, 0xF3, 0x35, 0x21, 0x14, 0x3F, 0xF3, 0x99, 0x76, 0xA9, 0x56, 0xCC, 0xBC, 0x8E,
    0x0A, 0xE7, 0x8F, 0x5E, 0x4E, 0x60, 0x06, 0x30, 0x67, 0x12, 0xAD, 0xB5, 0x37, 0xAA, 0xC1, 0xEA,
    0x47, 0xA1, 0xEC, 0xF8, 0x8A, 0x54, 0xE7, 0x0F, 0x8F, 0x89, 0x03, 0x3B, 0x42, 0xA6, 0x0D, 0x89,
    0x4E, 0x50, 0xA8, 0x83, 0x76, 0x20, 0xCA, 0x41, 0x32, 0x03, 0x2D, 0x50, 0x6F, 0x3E, 0x7F, 0x91,
    0x34, 0xD4, 0xDF, 0xBF, 0x37, 0xD6, 0xAA, 0x7D, 0xA9, 0xBA, 0xFD, 0x42, 0xFD, 0x10, 0x98, 0xC1,
    0x6C, 0x0F, 0x96, 0xD6, 0xC1, 0x37, 0x00, 0x80, 0x04, 0x52, 0xD5, 0xCA, 0xAA, 0x3A, 0xF9, 0xE4,
    0x5E, 0x23, 0xC0, 0xFD, 0x6D, 0x30, 0xE9, 0xA0, 0x88, 0xDD, 0x74, 0x00, 0xD1, 0xD8, 0xD0, 0x41,
    0xD9, 0x6D, 0xC7, 0xD9, 0x16, 0xB7, 0xDD, 0xFD, 0xAA, 0x76, 0xB5, 0x6A, 0x55, 0x6A, 0x80, 0x3B,
    0x3C, 0x7D, 0xB2, 0x32, 0x6C, 0x27, 0x2B, 0x2F, 0x33, 0xDF, 0x1B, 0x15, 0xD4, 0x0E, 0xD4, 0x63,
    0x7E, 0x15, 0xB0, 0x5D, 0x4D, 0x89, 0x6D, 0x2E, 0x3E, 0xDF, 0x4B, 0xCA, 0xA9, 0x70, 0x60, 0x2B,
    0x28, 0x3C, 0xA4, 0x01, 0x78, 0x0C, 0x04, 0xD0, 0x01, 0xB4, 0xBB, 0xD8, 0x9C, 0xDE, 0x03, 0xCA,
    0xAD, 0x63, 0xE6, 0x81, 0x01, 0x52, 0x4F, 0xA2, 0xD1, 0x9B, 0xED, 0x80, 0x64, 0xD6, 0x33, 0x97,
    0xEE, 0xCC, 0x01, 0xC9, 0x4B, 0x5D, 0xCF, 0x37, 0x38, 0xAA, 0xAC, 0x13, 0x32, 0x1F, 0x48, 0x74,
    0x80, 0xB6, 0x03, 0x69, 0xDE, 0xC8, 0x7A, 0x6E, 0x55, 0xD5, 0xEB, 0x01, 0x24, 0x01, 0x2E, 0x05,
    0x0C, 0x11, 0x1E, 0x48, 0x67, 0x80, 0xB2, 0x01, 0xAC, 0x8B, 0x68, 0xC0, 0x1E, 0xCE, 0xD8, 0x78,
    0xD8, 0x7F, 0xDE, 0x51, 0x6A, 0x68, 0x35, 0x7C, 0xE7, 0xC9, 0x23, 0xE3, 0x79, 0x4E, 0x19, 0x48,
    0xA7, 0xCF, 0xA1, 0x13, 0x32, 0x61, 0x1F, 0x50, 0x80, 0xF4, 0x98, 0x01, 0x46, 0x92, 0x11, 0xF5,
    0xE8, 0xB2, 0x29, 0xE5, 0xDB, 0x10, 0xD2, 0x01, 0xE4, 0x9B, 0xDD, 0xB6, 0x37, 0xCA, 0xB6, 0xBB,
    0xF2, 0xC1, 0x7E, 0x93, 0x0A, 0x71, 0x1D, 0xB8, 0x7F, 0xF8, 0x75, 0xF0, 0xF1, 0x2B, 0xF1, 0xA9,
    0x07, 0xE3, 0x89, 0x6A, 0xD0, 0x2E, 0xBE, 0xE8, 0x81, 0xF1, 0xBC, 0xB8, 0x0F, 0xAC, 0xE2, 0xA0,
    0x13, 0xC8, 0xE2, 0xC9, 0xF1, 0x2B, 0xE4, 0x98, 0xBC, 0x3B, 0xDD, 0x21, 0x53, 0xD5, 0x1D, 0x48,
    0x5F, 0x21, 0xC7, 0xE7, 0xBD, 0xBA, 0xBF, 0xF7, 0xE4, 0x51, 0xAD, 0x41, 0x34, 0x7C, 0xC6, 0xAB,
    0x1B, 0x67, 0x7F, 0x83, 0x2F, 0x41, 0xDB, 0xDF, 0x24, 0x51, 0x0D, 0x98, 0xAE, 0x1D, 0x30, 0x2E,
    0xEF, 0x38, 0xB5, 0x00, 0xE9, 0xB0, 0xC0, 0x5C, 0x24, 0xA6, 0x05, 0x7E, 0x8E, 0xA8, 0xC1, 0xF6,
    0xB2, 0x3E, 0x4A, 0xCF, 0xEF, 0x6A, 0x65, 0x54, 0x27, 0x68, 0xB5, 0xDF, 0x9E, 0xA2, 0xBF, 0xCA,
    0x57, 0x52, 0x6D, 0x86, 0x4C, 0xD5, 0xE7, 0x7F, 0xA3, 0x9D, 0xA5, 0xAC, 0xD8, 0xEC, 0x3E, 0x48,
    0xFD, 0x62, 0x5E, 0x6F, 0xDE, 0x2E, 0xAE, 0x52, 0x19, 0x95, 0xFF, 0x2A, 0xD4, 0xAA, 0x8A, 0xD1,
    0x20, 0x5C, 0xAF, 0x9E, 0xDE, 0xB4, 0x5E, 0x89, 0xEC, 0xD3, 0xF3, 0xFF, 0xEE, 0x74, 0xF1, 0x59,
    0x7B, 0x3E, 0x80, 0xE1, 0xE9, 0x2D, 0xE7, 0x15, 0xC9, 0xDF, 0xB8, 0xA4, 0x33, 0xDD, 0xF6, 0x4F,
    0x4D, 0xAA, 0x50, 0x8C, 0xBC, 0x11, 0x1D, 0xF8, 0x22, 0x90, 0xCD, 0x80, 0xFD, 0xA8, 0x81, 0x6F,
    0x18, 0x07, 0x7F, 0x10, 0x51, 0xE4, 0x0B, 0xAC, 0x56, 0x90, 0x86, 0x2B, 0x23, 0x0B, 0x54, 0x50,
    0x04, 0x90, 0x13, 0xF8, 0x6B, 0xBB, 0xF3, 0x9B, 0x05, 0xC8, 0x04, 0xB9, 0x7F, 0x23, 0x12, 0x6D,
    0xBB, 0xEA, 0x7F, 0x0A, 0x20, 0xC6, 0xC3, 0xB4, 0xEE, 0xAA, 0x8B, 0x2A, 0xEE, 0xAA, 0xAF, 0x8E,
    0x30, 0x5F, 0xFF, 0xD3, 0x87, 0xD4, 0xB9, 0x8F, 0xB3, 0x4B, 0x87, 0x25, 0x8D, 0xEE, 0xBB, 0xE4,
    0xD5, 0xF0, 0x26, 0x04, 0xB9, 0xFC, 0x44, 0x67, 0x68, 0x75, 0x84, 0xE4, 0x5B, 0x1E, 0x30, 0xEE,
    0xF4, 0x96, 0x7F, 0xF8, 0x6E, 0x06, 0x8C, 0x02, 0xBC, 0xB3, 0xE6, 0x4A, 0xFD, 0x92, 0xA8, 0x0F,
    0x68, 0x23, 0x94, 0x98, 0x39, 0x31, 0x75, 0x62, 0xEE, 0xAC, 0xC9, 0x2F, 0xD9, 0x07, 0x20, 0xF5,
    0x80, 0xE9, 0x80, 0xDC, 0xED, 0x91, 0xE9, 0x61, 0x06, 0x6F, 0x1F, 0x4E, 0xDD, 0x02, 0xE2, 0x23,
    0xA1, 0x1D, 0x81, 0xED, 0xF8, 0x2D, 0xDB, 0x09, 0x5C, 0x38, 0x7F, 0x08, 0xF7, 0x60, 0x27, 0x50,
    0x38, 0xD2, 0xA1, 0x86, 0xB2, 0xC3, 0x0C, 0x02, 0xE2, 0x31, 0x5E, 0x9A, 0x18, 0x73, 0x5F, 0x3A,
    0xDA, 0x01, 0xDB, 0x17, 0x8E, 0x69, 0xC4, 0x3A, 0xEB, 0x08, 0x21, 0xC6, 0x3E, 0x19, 0x03, 0xA5,
    0xCB, 0xBD, 0x19, 0x4E, 0x62, 0x06, 0xDE, 0x78, 0x41, 0x30, 0x3E, 0xDB, 0xC5, 0x31, 0xEF, 0xCA,
    0xEA, 0x84, 0x24, 0x58, 0x57, 0xB8, 0x09, 0x42, 0xEC, 0x1B, 0x20, 0x14, 0x8D, 0xFD, 0xD7, 0x00,
    0x27, 0x52, 0x65, 0xFF, 0x39, 0x42, 0x2D, 0x98, 0x5F, 0x0E, 0x20, 0x31, 0x7A, 0x90, 0xEF, 0xEE,
    0xFE, 0xCB, 0xB1, 0x0C, 0xA0, 0x3D, 0x14, 0x31, 0x6E, 0xCF, 0xAC, 0x6D, 0x8C, 0x1E, 0x6A, 0x07,
    0xB9, 0x87, 0x35, 0xB1, 0xE4, 0x11, 0x00, 0x66, 0x8A, 0xC4, 0x6A, 0x24, 0xF2, 0x9E, 0x03, 0x98,
    0x32, 0x0F, 0x24, 0x9E, 0xF1, 0xE9, 0xBC, 0xD3, 0x40, 0xE6, 0x6B, 0x4C, 0x20, 0xEF, 0x85, 0x6C,
    0xC6, 0x3A, 0xA9, 0x72, 0x5D, 0x42, 0xD9, 0x58, 0xA5, 0x70, 0xD6, 0xD9, 0x7F, 0x68, 0xA4, 0x5A,
    0x7E, 0xFE, 0xA6, 0x13, 0x6C, 0x27, 0xBB, 0x47, 0x5E, 0xC9, 0xBB, 0x13, 0x8C, 0xFF, 0xA9, 0xF1,
    0xD3, 0x12, 0xC2, 0x52, 0xE2, 0x1A, 0x5D, 0x0A, 0xC9, 0x34, 0x24, 0x4F, 0x46, 0x98, 0x3D, 0xEA,
    0x41, 0x77, 0xA1, 0xED, 0xA9, 0x7B, 0x10, 0x87, 0x74, 0xBB, 0xE0, 0xF6, 0x47, 0x00, 0xF5, 0xDC,
    0x11, 0xC0, 0xFB, 0x66, 0x38, 0x7F, 0x04, 0x10, 0x66, 0x48, 0xC7, 0x9A, 0xDD, 0xEB, 0x61, 0x7D,
    0xE1, 0x56, 0xE5, 0x91, 0xC6, 0x78, 0x04, 0x13, 0x98, 0x21, 0x24, 0x01, 0xDA, 0xD8, 0x57, 0x32,
    0xBF, 0x0D, 0x65, 0xD5, 0x9D, 0x5D, 0x27, 0xB1, 0x05, 0xBC, 0x0C, 0xD2, 0x87, 0x80, 0x0D, 0x40,
    0x39, 0x03, 0xAD, 0x54, 0xC4, 0x8D, 0x24, 0xE7, 0x76, 0x92, 0x30, 0x6D, 0xEF, 0x3B, 0x4A, 0x23,
    0x20, 0x4B, 0xA0, 0xA5, 0xD8, 0x36, 0xF9, 0x81, 0xDC, 0xA7, 0x01, 0xE3, 0xCD, 0x80, 0x19, 0x8C,
    0x27, 0x09, 0x79, 0xBF, 0xAE, 0x03, 0x38, 0x29, 0x16, 0x48, 0x59, 0x81, 0x08, 0x50, 0xB4, 0xFB,
    0xAB, 0xE5, 0x11, 0x66, 0x8C, 0xF0, 0x40, 0x16, 0x61, 0x3B, 0x4E, 0xDF, 0xD0, 0xE2, 0x3B, 0x0A,
    0x68, 0x60, 0x15, 0x16, 0xF8, 0x1C, 0x15, 0x48, 0x6C, 0x5D, 0x47, 0xDC, 0xDE, 0xE6, 0x77, 0x15,
    0x44, 0xE4, 0xE8, 0x01, 0x50, 0xEE, 0x67, 0xCE, 0x74, 0x38, 0x96, 0xDA, 0x71, 0xC6, 0x6A, 0x55,
    0xAD, 0x22, 0x9A, 0x88, 0x0A, 0x50, 0x20, 0x39, 0x28, 0x61, 0xFD, 0x21, 0xFF, 0xE6, 0xB5, 0x2A,
    0xDB, 0xFD, 0xA9, 0x48, 0xB7, 0x02, 0x7E, 0x08, 0xC9, 0xB4, 0x6B, 0x6B, 0x7B, 0x28, 0x1A, 0xB8,
    0xCD, 0xC1, 0x44, 0xD5, 0x45, 0xFF, 0xFA, 0x0F, 0x5B, 0xB7, 0xCB, 0x40, 0xD7, 0xC1, 0xF7, 0x47,
    0x1B, 0xD7, 0xCC, 0x04, 0x98, 0x20, 0xDD, 0x36, 0xA1, 0x76, 0xDB, 0x08, 0xD6, 0x77, 0xEE, 0x54,
    0xAA, 0xDA, 0x45, 0x87, 0x07, 0xC4, 0x4E, 0x07, 0x78, 0x00, 0xAE, 0x84, 0x04, 0x47, 0x5B, 0x45,
    0xF4, 0xB2, 0x02, 0x2E, 0x3E, 0xFD, 0xF4, 0x01, 0x0F, 0x49, 0xC7, 0xCC, 0xEF, 0x97, 0xFD, 0x61,
    0xE7, 0x68, 0x86, 0xAB, 0xA0, 0xC1, 0xD7, 0x38, 0xAA, 0x0A, 0x27, 0x64, 0xBF, 0x08, 0xA4, 0xEA,
    0x41, 0xD7, 0x24, 0x2E, 0x5C, 0x07, 0xDE, 0xAF, 0x8C, 0x7A, 0xAB, 0x5E, 0x5C, 0x25, 0xF0, 0x9A,
    0xE5, 0xFF, 0x01, 0xE5, 0x9A, 0x31, 0xAC, 0x1E, 0x49, 0x52, 0xC7, 0xFF, 0x33, 0xB3, 0xEB, 0xD1,
    0xBD, 0x11, 0x6A, 0x07, 0xB7, 0x12, 0xF2, 0x4A, 0x4C, 0x42, 0xB0, 0x58, 0x3A, 0x26, 0x3F, 0xD9,
    0xDB, 0x2D, 0x10, 0xF1, 0x39, 0x38, 0x5F, 0x80, 0x83, 0x4D, 0x4F, 0x4B, 0xE0, 0xE4, 0x22, 0xE4,
    0xDB, 0x19, 0x20, 0x20, 0xC4, 0x04, 0x1C, 0x21, 0x0E, 0x76, 0xA5, 0x3D, 0x1F, 0xD2, 0x12, 0x10,
    0x10, 0xD8, 0x9E, 0x3E, 0x5D, 0x40, 0xB8, 0x23, 0x9D, 0x88, 0xF9, 0x40, 0xE7, 0x84, 0xE4, 0x1A,
    0x98, 0x13, 0xE3, 0xDD, 0x9E, 0x29, 0xBA, 0xAA, 0x4B, 0x9F, 0xE7, 0xED, 0xB3, 0xB1, 0xD7, 0xD8,
    0xE6, 0x99, 0x6B, 0xBD, 0xFE, 0x55, 0xBF, 0xF9, 0xBA, 0xFB, 0xEB, 0xAA, 0x99, 0x9E, 0xAE, 0xEA,
    0xFE, 0xC0, 0xE9, 0x1D, 0x27, 0xC2, 0x7A, 0x34, 0xB4, 0xC1, 0x0E, 0xE8, 0x89, 0x26, 0x8B, 0x92,
    0xBE, 0xA0, 0x65, 0x44, 0x13, 0x51, 0x51, 0x84, 0x09, 0xC0, 0x18, 0xB8, 0x12, 0x67, 0xEB, 0x80,
    0xD6, 0x63, 0x04, 0x60, 0x0E, 0x20, 0x16, 0x01, 0x1B, 0x80, 0x26, 0x60, 0x05, 0x50, 0x3F, 0x45,
    0x6C, 0x2A, 0x72, 0x4D, 0x6D, 0x6E, 0x59, 0x78, 0xED, 0x1A, 0xED, 0x01, 0xE8, 0x1D, 0xCC, 0x82,
    0x72, 0x03, 0x2A, 0x7A, 0xD8, 0x47, 0x00, 0x23, 0xD1, 0x81, 0xAB, 0xD1, 0xB6, 0x1F, 0x32, 0xD0,
    0x49, 0xC1, 0x26, 0x5E, 0x84, 0x05, 0x3A, 0x1A, 0x7A, 0x14, 0x44, 0xF3, 0x8A, 0x7A, 0xBB, 0x41,
    0x0B, 0x77, 0x3F, 0x4E, 0xE8, 0x3C, 0xAB, 0x65, 0x9D, 0x7C, 0x0D, 0xA0, 0x9C, 0x9E, 0x42, 0xAF,
    0x35, 0x5B, 0x8F, 0xCE, 0x73, 0x0F, 0x3D, 0x50, 0xAF, 0xF5, 0x06, 0xEE, 0x79, 0x01, 0x60, 0x69,
    0x02, 0x50, 0x7C, 0x17, 0x9A, 0xDE, 0xC9, 0xC2, 0x22, 0x02, 0xE5, 0xDC, 0xB3, 0xA8, 0xE6, 0x31,
    0x8B, 0x28, 0x82, 0xE6, 0x2C, 0x26, 0x11, 0x2B, 0x44, 0xCC, 0x2F, 0x4B, 0xAC, 0x49, 0x04, 0x60,
    0xCB, 0xA2, 0x97, 0x9B, 0x01, 0x2B, 0xA3, 0x87, 0xD9, 0xBE, 0x47, 0x03, 0x50, 0x51, 0xB6, 0xDC,
    0x48, 0x01, 0xA7, 0xC6, 0xDE, 0x4C, 0x4C, 0x73, 0x10, 0xFA, 0x8F, 0x00, 0x6B, 0x7C, 0x9F, 0x68,
    0x1D, 0x73, 0x03, 0x73, 0x16, 0xE2, 0xD9, 0xDC, 0xFF, 0x8D, 0x42, 0x02, 0xAC, 0x2B, 0x99, 0xBF,
    0x68, 0x13, 0x0D, 0x91, 0xE5, 0xC1, 0x44, 0xAB, 0x37, 0x51, 0xD3, 0xEF, 0xE0, 0x44, 0x4B, 0xDD,
    0xD0, 0x6B, 0xA9, 0xF9, 0x97, 0xA8, 0xA5, 0x8A, 0x02, 0x34, 0x91, 0x67, 0xEA, 0x3D, 0x7F, 0x52,
    0x22, 0x7A, 0x04, 0xD4, 0x44, 0x34, 0xA7, 0x1C, 0xA4, 0xB4, 0xA4, 0xBC, 0xE6, 0x6B, 0x2B, 0x2E,
    0xD0, 0x00, 0x36, 0xD0, 0x0A, 0x58, 0x56, 0xBD, 0xF5, 0x6B, 0xB6, 0x17, 0xEC, 0xB0, 0x66, 0x73,
    0x82, 0xC0, 0xA5, 0x08, 0x14, 0x11, 0xAB, 0x10, 0xD5, 0xC2, 0x25, 0x44, 0xAE, 0x2B, 0xA5, 0x95,
    0x9B, 0x6A, 0x09, 0x76, 0xD0, 0x12, 0x08, 0x5A, 0xE2, 0x46, 0xD2, 0x82, 0x9B, 0x6A, 0x2F, 0x26,
    0x40, 0x7B, 0x6E, 0x7D, 0x2E, 0xCD, 0xDC, 0x14, 0x79, 0x04, 0xA4, 0x7D, 0x4D, 0x45, 0x94, 0x52,
    0x49, 0x03, 0x37, 0x05, 0xF1, 0xAD, 0x6B, 0x54, 0x8F, 0x00, 0x93, 0x18, 0xF9, 0x52, 0x2E, 0x81,
    0x53, 0x71, 0x07, 0xDF, 0x87, 0xA4, 0x58, 0xCD, 0x62, 0x01, 0x58, 0x33, 0x49, 0x75, 0x18, 0x72,
    0xA2, 0x3F, 0xEA, 0x0D, 0x59, 0xFD, 0x32, 0x42, 0xB5, 0x07, 0x54, 0x79, 0x1D, 0x0D, 0x3F, 0x25,
    0x32, 0x40, 0x2D, 0x14, 0xB1, 0xB8, 0x7B, 0x77, 0x55, 0xC5, 0xCB, 0xA8, 0x3A, 0xD6, 0x41, 0x0B,
    0x66, 0x3A, 0xEA, 0xAF, 0x85, 0x1E, 0x5A, 0x59, 0x0D, 0xA7, 0x76, 0xAB, 0x22, 0x9A, 0xA0, 0x0A,
    0xB7, 0x5E, 0xBF, 0xD4, 0x3A, 0x1D, 0x06, 0xA9, 0xB6, 0x45, 0x54, 0x65, 0xAB, 0x47, 0xD7, 0xBF,
    0x2B, 0x83, 0x67, 0xAD, 0xF9, 0x82, 0x14, 0x00, 0xBC, 0xED, 0x4E, 0x70, 0x61, 0x90, 0xBB, 0x66,
    0xA6, 0x2E, 0x17, 0xAA, 0x79, 0x83, 0x14, 0x40, 0x8B, 0x16, 0x6C, 0xD0, 0x02, 0x9B, 0x19, 0x4A,
    0xC0, 0x69, 0xA1, 0xDF, 0x5A, 0xDF, 0x11, 0x1D, 0x4A, 0xA2, 0x7F, 0xF6, 0x96, 0x28, 0x34, 0xEB,
    0x0D, 0xF2, 0x97, 0xEE, 0x7E, 0x76, 0xE0, 0x77, 0x99, 0x07, 0x3A, 0xDF, 0xE9, 0xEB, 0x08, 0x76,
    0x90, 0xC2, 0x06, 0xCB, 0x97, 0xD9, 0x74, 0x56, 0x3A, 0xAC, 0x83, 0x16, 0xCC, 0xA4, 0x05, 0xEB,
    0xB5, 0xD0, 0x43, 0x0B, 0x11, 0xAC, 0x63, 0xE7, 0xF9, 0x2E, 0x4A, 0x87, 0x4D, 0x00, 0xD7, 0x1F,
    0xBD, 0xF1, 0x40, 0xB3, 0xD6, 0xE4, 0xED, 0x3F, 0x5D, 0xBF, 0x56, 0x11, 0x7D, 0xEE, 0x7B, 0x56,
    0x77, 0x24, 0x93, 0x0B, 0xC5, 0x35, 0x48, 0x5A, 0x65, 0x42, 0xFC, 0x5F, 0x91, 0x88, 0x0E, 0xC2,
    0xA0, 0x64, 0x83, 0x23, 0xD3, 0x3A, 0x21, 0xE3, 0x47, 0xC4, 0xA4, 0x28, 0x0C, 0xBB, 0xF7, 0xE1,
    0x09, 0x56, 0xA9, 0x29, 0xCC, 0x7D, 0x82, 0x89, 0x33, 0xB4, 0xEE, 0x55, 0x90, 0xC7, 0x2F, 0x0C,
    0x4A, 0x19, 0xF3, 0x53, 0xC9, 0xF8, 0x63, 0x62, 0xF6, 0x51, 0x18, 0x44, 0x11, 0x8B, 0x13, 0x79,
    0x0E, 0x52, 0xF6, 0x16, 0x9D, 0xE3, 0x7A, 0xC7, 0x2C, 0xFF, 0xDB, 0xFF, 0x75, 0xC6, 0xD9, 0x0C,
    0x7C, 0x9B, 0x80, 0x7E, 0x05, 0x6C, 0x7E, 0x35, 0xDC, 0x43, 0xE7, 0x68, 0x00, 0x22, 0xEC, 0x40,
    0x93, 0xCA, 0xA0, 0x72, 0xC9, 0x72, 0x8D, 0x59, 0x46, 0x52, 0x69, 0x87, 0x2C, 0x3B, 0x9F, 0xA5,
    0x09, 0x59, 0x56, 0x73, 0x96, 0x65, 0xCC, 0x12, 0xA4, 0xB2, 0x77, 0x59, 0x76, 0x3E, 0x4B, 0x73,
    0xC8, 0xB2, 0x9E, 0xB3, 0xAC, 0x62, 0x96, 0xD8, 0xEE, 0x65, 0xD9, 0xEB, 0xFF, 0x56, 0xA5, 0x51,
    0x59, 0xAB, 0xAC, 0x58, 0x02, 0x6A, 0xE7, 0x53, 0xB2, 0xCF, 0xE2, 0x47, 0x9B, 0x88, 0x82, 0xA2,
    0xCA, 0x70, 0x6A, 0x55, 0x05, 0xBE, 0xA1, 0xFA, 0xDB, 0xAC, 0x3F, 0xCB, 0x49, 0x24, 0xB2, 0xFE,
    0x00, 0x2D, 0x59, 0xAE, 0x31, 0x4B, 0xD5, 0x1F, 0xAA, 0x3F, 0x54, 0x7F, 0xA8, 0xFE, 0x50, 0xFD,
    0xA1, 0xFA, 0x43, 0xF5, 0x87, 0xEA, 0x0F, 0xD5, 0x1F, 0xAA, 0x3F, 0x54, 0x7F, 0xA8, 0xFE, 0x50,
    0xFD, 0xA1, 0xFA, 0xB3, 0xB4, 0x2A, 0x8D, 0xCA, 0x5A, 0x65, 0xC5, 0x52, 0xD2, 0x33, 0xA5, 0xDA,
    0xE3, 0xC3, 0x2D, 0xCB, 0x31, 0xEA, 0xE5, 0x83, 0x4E, 0x27, 0xAD, 0x3D, 0x64, 0xE1, 0x77, 0xFE,
    0xCF, 0x3E, 0x5D, 0x64, 0x5C, 0x35, 0x34, 0xA1, 0x73, 0xEF, 0xF7, 0xB4, 0xF0, 0x23, 0xB6, 0xDD,
    0x88, 0x2C, 0x26, 0x6C, 0x2C, 0x3C, 0x7A, 0x16, 0x0E, 0x96, 0x05, 0x5E, 0xBE, 0x00, 0x80, 0xFF,
    0x59, 0x08, 0xBF, 0x4D, 0x22, 0xFA, 0x55, 0x84, 0x0D, 0xC0, 0x7B, 0x38, 0x11, 0x9D, 0x7A, 0x00,
    0xCD, 0xBF, 0xC6, 0xC7, 0x4B, 0x3F, 0xF9, 0x27, 0x2F, 0xF9, 0x56, 0xD8, 0x0F, 0x5A, 0x87, 0x39,
    0x01, 0x28, 0xFF, 0x2B, 0x70, 0xDB, 0xFF, 0x64, 0xD6, 0xFF, 0xBE, 0x00, 0x30, 0x53, 0x64, 0xFA,
    0x15, 0x40, 0x3B, 0xF4, 0xD2, 0x54, 0x67, 0xF0, 0x00, 0x3C, 0x80, 0xF1, 0x40, 0x84, 0x99, 0x50,
    0xC8, 0xC2, 0x53, 0x1D, 0x39, 0xA3, 0x39, 0xA0, 0x88, 0x5A, 0xA1, 0x4D, 0x14, 0x17, 0x19, 0x7D,
    0x6E, 0xEE, 0x46, 0x00, 0x9D, 0x74, 0x6B, 0x7C, 0x39, 0x14, 0x77, 0xAA, 0x39, 0xD5, 0x5F, 0x79,
    0xD9, 0xD8, 0x00, 0x13, 0xC5, 0xDD, 0x3D, 0xA6, 0x91, 0x5C, 0x4D, 0x14, 0xAA, 0x47, 0x1F, 0xCC,
    0x05, 0xCA, 0x08, 0xE0, 0x71, 0x7E, 0x97, 0x62, 0x49, 0x14, 0xCD, 0xF6, 0x49, 0xB4, 0x1E, 0xB1,
    0x07, 0xE2, 0x28, 0xB9, 0x4C, 0xE5, 0x3A, 0xDA, 0xA9, 0x8F, 0x2D, 0xAD, 0xF7, 0x6A, 0x0A, 0xB7,
    0x78, 0x6A, 0x7C, 0x8C, 0xF7, 0x1E, 0x14, 0xB1, 0xFB, 0xF3, 0x60, 0xC8, 0x57, 0xEA, 0x75, 0x70,
    0xEA, 0x28, 0x58, 0x0A, 0x17, 0xC8, 0x21, 0xE2, 0x05, 0xFE, 0x8A, 0x55, 0x7B, 0x78, 0x0F, 0x97,
    0x2C, 0xEE, 0x9B, 0x9F, 0x2F, 0x15, 0xC9, 0xA2, 0x38, 0x42, 0x93, 0x7D, 0xA1, 0xBF, 0x4B, 0x38,
    0x71, 0x6C, 0x22, 0x0B, 0xA0, 0x0A, 0x51, 0xE6, 0xF9, 0x2C, 0x26, 0x99, 0xF4, 0x69, 0x3E, 0x9D,
    0x38, 0x12, 0x81, 0x04, 0x22, 0x39, 0x0E, 0x91, 0x30, 0x64, 0xCB, 0x51, 0x88, 0x46, 0x0A, 0x39,
    0x06, 0xC9, 0x31, 0x04, 0x49, 0x40, 0x91, 0xA3, 0x8B, 0xF5, 0x29, 0xDC, 0x94, 0x5C, 0x33, 0xB7,
    0xB2, 0x4C, 0x9F, 0x7B, 0xE3, 0xB0, 0x63, 0x74, 0x12, 0x75, 0x68, 0xD0, 0xA1, 0x31, 0x87, 0x21,
    0xD2, 0x88, 0x83, 0xDD, 0xAC, 0x4F, 0xC5, 0xC5, 0x12, 0xF7, 0x0A, 0x68, 0xC9, 0x89, 0x5B, 0x05,
    0x94, 0x71, 0x3F, 0xFF, 0x38, 0x0C, 0x91, 0x28, 0x84, 0x83, 0x90, 0x95, 0x07, 0x3D, 0x8A, 0x87,
    0x30, 0xD8, 0x21, 0x49, 0x0B, 0x18, 0xC1, 0xF4, 0x04, 0x78, 0x09, 0x3D, 0xB8, 0xB2, 0x97, 0xC0,
    0x83, 0xE3, 0x0E, 0x0D, 0x3B, 0x2C, 0x4D, 0xEC, 0xB8, 0xAB, 0xB7, 0xA7, 0xC3, 0xF8, 0xCE, 0xC4,
    0x23, 0x1C, 0xCE, 0x0E, 0x43, 0x7D, 0xB6, 0x39, 0xA1, 0x7A, 0x99, 0x90, 0x58, 0x63, 0x63, 0xF4,
    0x62, 0x42, 0x1E, 0x29, 0xC7, 0x18, 0xAE, 0x22, 0x5A, 0xD9, 0x66, 0x87, 0x3C, 0x48, 0x99, 0x0B,
    0xA1, 0x99, 0x4E, 0xCD, 0x85, 0x26, 0x40, 0x13, 0x38, 0xD2, 0xE8, 0x9F, 0x2F, 0xF7, 0x9A, 0xC7,
    0x94, 0xC9, 0xBA, 0x8A, 0x38, 0x96, 0xE0, 0x48, 0x42, 0xE2, 0x08, 0xBE, 0x31, 0x44, 0x41, 0x31,
    0x32, 0x34, 0x39, 0xE0, 0x87, 0x15, 0x5F, 0xAB, 0x13, 0xAE, 0x56, 0x87, 0xF3, 0x62, 0x9A, 0x8A,
    0x68, 0xE2, 0x9C, 0x7C, 0xEB, 0x21, 0x3F, 0x32, 0x05, 0x8A, 0xC5, 0xF8, 0x32, 0x1A, 0x8F, 0xD9,
    0x0C, 0xAF, 0xC2, 0x44, 0xEA, 0xE6, 0xB7, 0x93, 0xBE, 0x46, 0x11, 0x01, 0x94, 0xE1, 0x5C, 0xDB,
    0x09, 0xC7, 0x85, 0xAE, 0x77, 0xC7, 0x20, 0xB7, 0xF6, 0xAF, 0xC7, 0x5E, 0xD7, 0xF0, 0x4D, 0x20,
    0x96, 0x0B, 0xCF, 0xB1, 0x03, 0xD0, 0xEE, 0xE6, 0xD8, 0xB9, 0x36, 0x5A, 0xE1, 0x70, 0xAD, 0x0A,
    0xFB, 0x35, 0x68, 0x01, 0xEA, 0xF0, 0x7A, 0x8C, 0x36, 0xEA, 0x0D, 0xE3, 0x11, 0x42, 0x83, 0x69,
    0xDC, 0x3B, 0xF7, 0x0F, 0x59, 0xB9, 0x02, 0x20, 0x1D, 0x7A, 0x33, 0x01, 0xC5, 0x6B, 0xB2, 0x57,
    0x01, 0x34, 0xC4, 0x2B, 0x2E, 0xF9, 0xEE, 0x93, 0x31, 0x5C, 0x44, 0xA5, 0xFE, 0x00, 0x36, 0xF5,
    0x07, 0xED, 0xE5, 0xBB, 0x77, 0xC7, 0x9E, 0x88, 0x24, 0x03, 0xBD, 0x05, 0x1E, 0x58, 0x87, 0xD8,
    0xF1, 0xC8, 0xE6, 0x36, 0xF0, 0x8B, 0x04, 0x23, 0x41, 0x62, 0xC6, 0x96, 0xB8, 0x5D, 0x27, 0x6C,
    0x59, 0x4D, 0x4D, 0x85, 0xAC, 0x4A, 0xC6, 0xAB, 0x0F, 0x24, 0xBC, 0x77, 0xCE, 0x7D, 0xA9, 0x27,
    0xBC, 0x24, 0x11, 0x8D, 0x2F, 0xF2, 0xFD, 0xF0, 0xAF, 0xC2, 0xA7, 0xC2, 0xDB, 0xD7, 0xAF, 0xAB,
    0xFD, 0x94, 0x9A, 0xF0, 0x96, 0xD0, 0x66, 0x3A, 0xA1, 0x5E, 0x7F, 0x63, 0xEC, 0xC7, 0x53, 0xAE,
    0x0E, 0x39, 0x57, 0x13, 0x5E, 0x89, 0xFD, 0x80, 0x9E, 0x66, 0xED, 0x75, 0x2F, 0xCF, 0x26, 0x4A,
    0x89, 0x27, 0x80, 0xCA, 0x4A, 0x65, 0x1D, 0x22, 0xA0, 0x26, 0xE2, 0xD4, 0xFA, 0xA8, 0x36, 0xCF,
    0xB2, 0x47, 0x96, 0x9B, 0xCA, 0x98, 0x65, 0xB5, 0x80, 0x48, 0x26, 0x3B, 0x77, 0xCC, 0xF3, 0x5D,
    0xA5, 0xCF, 0x9F, 0x77, 0x44, 0x22, 0xAD, 0xCA, 0x51, 0xE5, 0xAA, 0xEB, 0x60, 0x14, 0xA9, 0x5B,
    0xAA, 0x62, 0x22, 0x91, 0x66, 0x02, 0x78, 0x5C, 0xAD, 0xCF, 0xD2, 0xBA, 0x2C, 0x55, 0x4D, 0x16,
    0x31, 0x8B, 0x05, 0x5F, 0x49, 0x05, 0x6D, 0x05, 0x2D, 0x30, 0x44, 0xFF, 0x48, 0x84, 0xE6, 0xE1,
    0x4D, 0x7A, 0x38, 0xFA, 0x02, 0x15, 0xC9, 0xCD, 0x2B, 0x37, 0x34, 0x21, 0xEF, 0x8F, 0x1D, 0xC5,
    0xBB, 0x44, 0x7C, 0x1B, 0x48, 0x44, 0xBB, 0xFD, 0x35, 0x0B, 0xEB, 0xE5, 0x86, 0xF4, 0x10, 0x31,
    0xA2, 0x52, 0xB1, 0xC9, 0x45, 0xC3, 0x23, 0xB1, 0x53, 0x7F, 0xF3, 0x57, 0x37, 0xA6, 0x96, 0xD6,
    0x86, 0x68, 0xAA, 0x29, 0x14, 0x44, 0x03, 0xDF, 0x8C, 0xB7, 0xAF, 0x41, 0x53, 0x49, 0x74, 0x10,
    0x1B, 0xAC, 0x00, 0x6D, 0x63, 0x94, 0xF6, 0xDF, 0xD7, 0x7D, 0xBF, 0xCE, 0x3F, 0x0E, 0x2A, 0x7B,
    0x06, 0x46, 0xE1, 0x26, 0x5C, 0x95, 0x25, 0xD1, 0x91, 0x85, 0x90, 0x6B, 0x6F, 0xC2, 0x11, 0x90,
    0xCD, 0x15, 0xA1, 0x67, 0xB6, 0x41, 0x86, 0x17, 0x99, 0x15, 0x3D, 0xFC, 0x43, 0x12, 0x8B, 0x27,
    0x36, 0x24, 0x96, 0x7A, 0x47, 0xDE, 0xBB, 0x8E, 0x5B, 0x6F, 0xF2, 0xA4, 0x7E, 0xEE, 0x9B, 0xED,
    0x06, 0x79, 0xBE, 0x6D, 0x79, 0xEB, 0xCD, 0x3A, 0x06, 0xD0, 0x31, 0xDA, 0x33, 0x70, 0xFC, 0x01,
    0xD7, 0x6B, 0x27, 0xF4, 0xDE, 0x2C, 0x35, 0xF9, 0x8A, 0x37, 0xF3, 0x30, 0x52, 0xEB, 0x71, 0xE1,
    0x76, 0x02, 0xD7, 0x13, 0xC7, 0x39, 0x03, 0x77, 0xC7, 0x5F, 0x7C, 0x83, 0x75, 0x33, 0xDB, 0x67,
    0x1B, 0x8C, 0x5E, 0x1F, 0x80, 0x13, 0x94, 0x03, 0xCC, 0xD4, 0x0E, 0xA8, 0x16, 0xD6, 0x9C, 0xA2,
    0xC6, 0xA2, 0x90, 0x4E, 0xB0, 0x37, 0xA2, 0xD8, 0x50, 0x4C, 0x58, 0x51, 0xB2, 0xA0, 0x99, 0xD9,
    0x7E, 0x53, 0x36, 0x9F, 0x5A, 0x8F, 0x8E, 0xB6, 0x5B, 0x33, 0x0A, 0xDA, 0xC4, 0x70, 0x0A, 0xA0,
    0x27, 0xC6, 0xC8, 0xB0, 0x8E, 0xE1, 0x13, 0x0C, 0x5B, 0xAC, 0x59, 0x13, 0xC4, 0x5E, 0x62, 0x2E,
    0xB1, 0x96, 0x18, 0xAB, 0xBC, 0x8D, 0x8F, 0x51, 0xC4, 0x2A, 0x70, 0x4D, 0x0F, 0xB4, 0x04, 0x80,
    0x6B, 0xA3, 0x5A, 0xC0, 0xE9, 0x8C, 0x39, 0x6B, 0x31, 0x67, 0x38, 0x9A, 0x73, 0x78, 0xBA, 0x39,
    0xF7, 0x36, 0x95, 0xCA, 0xB2, 0x43, 0xD9, 0x3C, 0x3A, 0x6D, 0xD3, 0xE2, 0x9A, 0xDA, 0x54, 0x77,
    0x00, 0x61, 0x5D, 0x32, 0x27, 0xB1, 0x39, 0x57, 0x36, 0xE7, 0x2C, 0xE6, 0x14, 0xAF, 0x1F, 0x12,
    0x02, 0x8B, 0xFF, 0x21, 0x0E, 0x08, 0x8C, 0xCE, 0xA9, 0x5D, 0x5A, 0xF5, 0x45, 0x35, 0xB2, 0x85,
    0xD6, 0x84, 0x7A, 0x4E, 0x30, 0x53, 0x82, 0xEC, 0xA5, 0x6F, 0xC0, 0x5A, 0xC5, 0x04, 0x13, 0xB8,
    0x27, 0x9F, 0x20, 0x37, 0x87, 0x06, 0xC6, 0x94, 0xF0, 0x79, 0x48, 0x90, 0x2A, 0x05, 0x57, 0xC6,
    0xC8, 0xB0, 0x9E, 0x7B, 0x09, 0xDA, 0x9F, 0x6E, 0x74, 0xD3, 0x71, 0x87, 0xBA, 0x9D, 0x52, 0x54,
    0x0B, 0x58, 0xDC, 0x07, 0x52, 0x64, 0x0B, 0x70, 0x6C, 0xAB, 0x2F, 0xEB, 0x11, 0xA7, 0x4E, 0x73,
    0xEC, 0xF3, 0xA0, 0x5A, 0x12, 0x4C, 0x48, 0xB0, 0x3E, 0x81, 0x00, 0x5B, 0xC6, 0x84, 0x26, 0x24,
    0x74, 0x3E, 0xA1, 0x47, 0x02, 0x39, 0x06, 0xFF, 0xCB, 0x83, 0xB6, 0x15, 0x57, 0xC1, 0xCA, 0x18,
    0x91, 0xDB, 0x6A, 0x2F, 0xD5, 0x9C, 0x50, 0xC6, 0x73, 0x1A, 0x02, 0xEB, 0x84, 0xE8, 0x18, 0xB8,
    0x2A, 0xBC, 0xB7, 0x63, 0x1F, 0x98, 0x56, 0x58, 0xB8, 0xD7, 0x10, 0x09, 0x47, 0x24, 0x04, 0xE8,
    0x6A, 0x56, 0x7B, 0x06, 0x97, 0x2A, 0x02, 0x50, 0x32, 0xF0, 0x4D, 0x35, 0xA3, 0xAA, 0xC0, 0x3C,
    0xEF, 0xFB, 0x0C, 0xEF, 0x4E, 0x4C, 0xE3, 0x98, 0x76, 0x67, 0xEA, 0xF7, 0x85, 0x76, 0x66, 0xB6,
    0x0B, 0x20, 0x0E, 0x9F, 0xC6, 0xBB, 0x74, 0x04, 0x70, 0x6E, 0x0C, 0x7F, 0x41, 0x5E, 0x05, 0xC1,
    0x4C, 0x40, 0x64, 0x13, 0xDA, 0x55, 0x47, 0xBE, 0xDB, 0x05, 0xD0, 0x35, 0x79, 0x63, 0x50, 0x2E,
    0x01, 0x55, 0xD4, 0x68, 0x55, 0xEC, 0x0F, 0xB9, 0xB4, 0x88, 0x1D, 0xF5, 0x4D, 0x0B, 0xFA, 0x98,
    0x41, 0x9E, 0x21, 0x1D, 0x72, 0x1D, 0x10, 0xF2, 0xE7, 0xDA, 0xAE, 0xF3, 0xC7, 0x7F, 0x5D, 0x22,
    0x81, 0xAE, 0x7D, 0x10, 0x41, 0x6C, 0x26, 0x2B, 0x6B, 0xF8, 0xF5, 0x94, 0x4F, 0x5C, 0x79, 0xBB,
    0x0E, 0xEC, 0x55, 0xF6, 0xC0, 0x18, 0xB3, 0x81, 0xCD, 0x61, 0x3F, 0xB8, 0x25, 0xE5, 0x98, 0xB2,
    0x7E, 0xC0, 0x3D, 0x8E, 0x40, 0xA9, 0x3B, 0x7B, 0xAD, 0xCF, 0xB7, 0x89, 0x6E, 0x03, 0xB4, 0xE9,
    0xA8, 0xDA, 0xA0, 0x5A, 0x70, 0x66, 0xB5, 0x1F, 0x70, 0xD6, 0x72, 0xE4, 0xCF, 0xEE, 0xC0, 0x84,
    0xF1, 0xDF, 0x68, 0x1A, 0x89, 0xDC, 0xBB, 0x34, 0xE3, 0x25, 0xEF, 0xB6, 0x1D, 0xFF, 0x7A, 0xFE,
    0xDE, 0x9F, 0xAC, 0xA0, 0x08, 0x3A, 0xFC, 0xDA, 0x9D, 0x8D, 0xB2, 0xBE, 0x92, 0xE4, 0x43, 0x2D,
    0xA8, 0x4B, 0xA3, 0xCA, 0xBE, 0xB9, 0x27, 0xA1, 0x80, 0x7A, 0xC8, 0xCF, 0x59, 0x78, 0xB3, 0x4F,
    0x42, 0x01, 0x5C, 0x76, 0x3A, 0xC9, 0x0B, 0xF5, 0xD5, 0xB9, 0x0B, 0x06, 0xCE, 0x8B, 0x9F, 0x06,
    0x9C, 0xDC, 0x39, 0x6E, 0xB2, 0x0D, 0x3A, 0xE7, 0x8B, 0x45, 0x83, 0xAF, 0xF3, 0xE4, 0xA7, 0x89,
    0xF7, 0x81, 0xE7, 0x16, 0x66, 0x7A, 0xA2, 0xA0, 0x94, 0xCE, 0x08, 0xFE, 0xEC, 0xF9, 0x85, 0x33,
    0x9E, 0x85, 0x6F, 0x59, 0xB4, 0xBF, 0x1A, 0x87, 0x15, 0x6C, 0x4F, 0x24, 0x51, 0xB2, 0x55, 0x77,
    0x8F, 0xFA, 0xD2, 0xD0, 0x01, 0xD1, 0x52, 0x44, 0xA4, 0x9F, 0x10, 0xF8, 0x29, 0x71, 0xC4, 0x86,
    0x20, 0xC0, 0x64, 0x6C, 0x8C, 0xF5, 0x0C, 0x5A, 0x86, 0x1D, 0x18, 0xEA, 0x10, 0xA2, 0x88, 0xEA,
    0x24, 0xA2, 0x0D, 0x09, 0xA3, 0xC7, 0x2A, 0xA7, 0x28, 0xDD, 0x0C, 0x5D, 0x59, 0x56, 0x0D, 0xE0,
    0xB1, 0xE2, 0xF9, 0x80, 0x4B, 0x6C, 0xEF, 0xF6, 0xA0, 0xCE, 0xAE, 0x3A, 0x72, 0xF7, 0x19, 0x2D,
    0x76, 0x49, 0x0E, 0x33, 0xE5, 0x24, 0x93, 0x26, 0x46, 0x60, 0x2C, 0x09, 0x6B, 0x4C, 0x88, 0xC4,
    0xB0, 0x43, 0x42, 0xE7, 0x13, 0x4C, 0x48, 0xA8, 0xE6, 0x84, 0x32, 0x26, 0x80, 0x18, 0xBD, 0x8B,
    0x72, 0x44, 0x29, 0xE7, 0x93, 0x72, 0x38, 0x29, 0x27, 0x93, 0x72, 0x2C, 0x99, 0xD0, 0x73, 0xC9,
    0x32, 0x0C, 0xA3, 0x66, 0x54, 0x11, 0x3F, 0x56, 0x37, 0xD7, 0xFA, 0x3C, 0x73, 0xAA, 0xC0, 0x56,
    0x3D, 0xFA, 0x0C, 0x7C, 0x66, 0xC8, 0x07, 0x86, 0x7C, 0x5A, 0x68, 0x27, 0x6C, 0xD6, 0xCB, 0x93,
    0x6F, 0x2D, 0xBE, 0x5E, 0xD6, 0xFD, 0x34, 0x8D, 0x4D, 0xCC, 0xF4, 0xF8, 0x98, 0xF2, 0x37, 0x19,
    0xE8, 0xB9, 0x5C, 0x50, 0x76, 0x20, 0x84, 0x7E, 0x7E, 0xCC, 0x2F, 0xF5, 0xBC, 0xEF, 0x31, 0xBF,
    0x3C, 0xE4, 0xFD, 0x13, 0xE6, 0x7F, 0x70, 0x9D, 0xE6, 0xD4, 0xFE, 0x89, 0xDD, 0xED, 0x9F, 0xB4,
    0x03, 0x1B, 0xFC, 0xB8, 0x7F, 0x52, 0xEE, 0xF6, 0x4F, 0xEA, 0x44, 0xB9, 0x88, 0x28, 0x15, 0x36,
    0x74, 0xBB, 0x9D, 0x93, 0x7E, 0xB7, 0x73, 0x02, 0xD8, 0x03, 0x40, 0x4E, 0x14, 0x28, 0x87, 0x3C,
    0x65, 0x0D, 0x5B, 0x74, 0x04, 0xAE, 0x18, 0xCE, 0x4E, 0x64, 0xB7, 0x01, 0xF5, 0xFC, 0xAA, 0x76,
    0x52, 0x50, 0xDE, 0xC9, 0xD2, 0x84, 0xD3, 0x2F, 0x6F, 0xCB, 0xD0, 0x8E, 0xD5, 0x13, 0xFB, 0x7F,
    0xB8, 0xC3, 0x82, 0xF2, 0x63, 0x40, 0x9D, 0x45, 0xA9, 0xA8, 0xA3, 0x14, 0x71, 0x5F, 0x88, 0x19,
    0xE7, 0x75, 0xDB, 0xE5, 0x43, 0xB5, 0x21, 0xC0, 0x8D, 0x55, 0x61, 0xB6, 0x16, 0xF3, 0x77, 0xB1,
    0x4F, 0xBF, 0x21, 0x7B, 0xC0, 0x9D, 0x43, 0x4F, 0x44, 0x12, 0x84, 0xC4, 0xC7, 0x41, 0x48, 0x4D,
    0xB0, 0x1E, 0x86, 0x64, 0x43, 0xE4, 0x03, 0x3F, 0x02, 0xBD, 0x04, 0x21, 0x91, 0x83, 0x90, 0x6A,
    0x66, 0xFF, 0xA3, 0x39, 0x30, 0x5B, 0xCF, 0xB4, 0x60, 0x6E, 0xCC, 0x22, 0x26, 0x6E, 0x55, 0xE0,
    0x20, 0xC4, 0x4C, 0x1C, 0x84, 0x74, 0x9E, 0x7D, 0x7B, 0x92, 0xB7, 0x6D, 0x94, 0x20, 0x24, 0xB2,
    0x45, 0x6A, 0x09, 0x42, 0x0C, 0xC9, 0xBA, 0xF9, 0x1D, 0x22, 0xA0, 0xD9, 0xFF, 0x32, 0x0F, 0x17,
    0xEE, 0x1C, 0x7D, 0x6F, 0x2F, 0xFA, 0xEF, 0x0E, 0x8F, 0x34, 0x5D, 0x3C, 0x01, 0x3A, 0xFA, 0x9B,
    0xA1, 0x20, 0x22, 0x8E, 0x37, 0x78, 0xE8, 0x05, 0xF1, 0x7A, 0x4F, 0x83, 0x1D, 0xCC, 0x2F, 0xBD,
    0x45, 0xF7, 0x17, 0x09, 0x96, 0x03, 0x8C, 0x98, 0x50, 0xCD, 0x09, 0x75, 0x48, 0x30, 0xDE, 0x78,
    0xDB, 0x73, 0xBC, 0xB1, 0xF1, 0x92, 0x16, 0x35, 0xDE, 0xC8, 0x3B, 0x34, 0x2D, 0xD1, 0x84, 0x46,
    0x77, 0xE9, 0xF9, 0x89, 0x60, 0x17, 0xA0, 0x8C, 0xE2, 0xD9, 0x6F, 0xF2, 0x44, 0xD8, 0x2A, 0x88,
    0x59, 0x65, 0x8D, 0xF5, 0x57, 0xCE, 0xF7, 0x96, 0xF6, 0xE5, 0xF2, 0x0E, 0xEC, 0xCF, 0x16, 0xF9,
    0x32, 0x39, 0x96, 0x58, 0x5A, 0x87, 0x2B, 0xF5, 0xAB, 0xD9, 0xCA, 0xC6, 0x4D, 0xD6, 0xBA, 0x22,
    0x71, 0x93, 0x28, 0xB2, 0x5E, 0x12, 0x43, 0x7E, 0x0B, 0xE6, 0x7C, 0x5B, 0x09, 0xCD, 0x9C, 0x9D,
    0x2F, 0x22, 0x5F, 0x86, 0x6A, 0xAA, 0x7C, 0x71, 0x78, 0x15, 0x16, 0xBA, 0x9C, 0x1E, 0x6C, 0xFB,
    0x67, 0x33, 0xCC, 0x4F, 0x79, 0xA6, 0x7C, 0x84, 0x62, 0xEE, 0x80, 0x5B, 0xF5, 0x70, 0x3A, 0xF4,
    0xD3, 0xEC, 0x80, 0xA7, 0x66, 0xA2, 0x70, 0xCC, 0x0E, 0x78, 0x46, 0xDD, 0xD9, 0x6A, 0x9F, 0x97,
    0x7F, 0xEF, 0x0E, 0xD0, 0xFD, 0x2C, 0x6A, 0xF0, 0x50, 0x05, 0x0B, 0x60, 0x31, 0x03, 0x70, 0xA5,
    0xF2, 0x7B, 0x67, 0xB1, 0x23, 0x87, 0x42, 0x2C, 0xB9, 0xDE, 0x58, 0x60, 0x0E, 0x85, 0x58, 0xF0,
    0x01, 0x77, 0xC8, 0xE6, 0x67, 0x10, 0xD1, 0x1E, 0x00, 0x14, 0xD2, 0xDE, 0xEB, 0x22, 0x82, 0x7A,
    0xFB, 0x83, 0xFB, 0xDC, 0xD5, 0xCA, 0x9D, 0x2E, 0x00, 0xE4, 0xB4, 0xE3, 0x36, 0x4A, 0x8A, 0xA8,
    0x89, 0x60, 0x06, 0x03, 0x83, 0xC6, 0xED, 0x96, 0x90, 0x03, 0x69, 0x5E, 0x01, 0x3C, 0x2D, 0x13,
    0x91, 0xD7, 0x2C, 0x37, 0xF1, 0x19, 0x75, 0x27, 0xD2, 0x3E, 0x51, 0x2F, 0xBA, 0x3F, 0x06, 0x22,
    0x8F, 0x32, 0x54, 0x07, 0x94, 0x13, 0x0E, 0xAF, 0x4F, 0xFB, 0x1F, 0x9F, 0xDC, 0x46, 0xDF, 0x04,
    0x74, 0xFC, 0x20, 0xF8, 0x98, 0xEF, 0x42, 0x30, 0xFB, 0x68, 0x02, 0x15, 0x11, 0x70, 0x73, 0x06,
    0x8C, 0x7F, 0x39, 0xB9, 0x9D, 0x8E, 0xFD, 0xEA, 0x2B, 0x41, 0xBF, 0xBB, 0x47, 0x31, 0xB7, 0x0E,
    0xB7, 0x76, 0xAF, 0x84, 0x2A, 0xBC, 0x94, 0x5C, 0x3C, 0x80, 0xA1, 0x83, 0xA5, 0xF9, 0x16, 0xEE,
    0xFD, 0x00, 0x57, 0x5E, 0xEE, 0x4F, 0x85, 0xCA, 0x15, 0x2D, 0xF9, 0x54, 0x88, 0x98, 0x03, 0x7E,
    0x00, 0x49, 0x2F, 0xD8, 0xE7, 0xA7, 0xE2, 0x44, 0xAF, 0xF2, 0x72, 0xEF, 0x65, 0xD1, 0x6C, 0xFF,
    0x54, 0x7C, 0x3E, 0x39, 0xAF, 0x2C, 0x0E, 0xDF, 0x7A, 0x13, 0x7E, 0x27, 0x74, 0xE9, 0x4F, 0x3E,
    0xE5, 0x66, 0xAB, 0x9E, 0x3E, 0x17, 0x4B, 0xE7, 0x80, 0x5B, 0x8D, 0x07, 0x7E, 0xAB, 0x3C, 0xBC,
    0xBE, 0xDF, 0x09, 0xC9, 0xDC, 0x06, 0xCF, 0xEE, 0xA3, 0xA1, 0x8C, 0x33, 0x4C, 0x34, 0x6F, 0x82,
    0x19, 0x51, 0x3E, 0x12, 0x1B, 0x79, 0x1E, 0x59, 0x00, 0x16, 0x24, 0x04, 0xFC, 0xDD, 0xEB, 0xB3,
    0x20, 0x4F, 0x4F, 0x9E, 0x9F, 0xDC, 0x26, 0xEA, 0xDD, 0x94, 0x55, 0xFB, 0xD4, 0xB2, 0xCD, 0x0D,
    0x36, 0x06, 0x05, 0x46, 0x84, 0x75, 0x25, 0x25, 0xA0, 0x67, 0x58, 0xC7, 0x18, 0x8E, 0x70, 0xFA,
    0x01, 0x36, 0xD8, 0xBF, 0xFA, 0x2C, 0x72, 0x8B, 0x03, 0x03, 0xFC, 0xD1, 0x90, 0xD0, 0xFA, 0x04,
    0x13, 0x12, 0xAA, 0x99, 0xBB, 0x8A, 0xB9, 0xF2, 0xB1, 0x3F, 0x19, 0xF8, 0xC4, 0x08, 0x1F, 0xF2,
    0x1A, 0xF6, 0xFB, 0x01, 0xED, 0x4F, 0x23, 0x9A, 0xC3, 0x7D, 0x94, 0xC1, 0x02, 0xFF, 0xA0, 0x2F,
    0x70, 0x14, 0xA8, 0xA6, 0x71, 0xAA, 0x7E, 0x4E, 0xBE, 0xFA, 0xE5, 0x17, 0xBE, 0xE2, 0x88, 0x46,
    0x76, 0xEB, 0xBE, 0xFE, 0x1B, 0x04, 0x1D, 0x1B, 0x84, 0xB8, 0xB5, 0x38, 0x88, 0xDE, 0x38, 0x18,
    0xE8, 0x5A, 0x99, 0x13, 0xD1, 0xC2, 0x20, 0xCF, 0x08, 0x58, 0xD1, 0x44, 0x0D, 0xB3, 0x81, 0x95,
    0xB1, 0x1D, 0xB1, 0xEA, 0x07, 0x3C, 0x94, 0xED, 0x7B, 0xA3, 0x44, 0x14, 0x43, 0x42, 0x84, 0x9E,
    0xFC, 0xA0, 0x7F, 0x7C, 0x98, 0x33, 0x71, 0x57, 0x41, 0x2A, 0x1F, 0xFB, 0x23, 0x86, 0x75, 0x0C,
    0x8F, 0x07, 0xAE, 0xA1, 0xD0, 0xD1, 0x72, 0x15, 0xB7, 0xAE, 0xE8, 0x9B, 0xED, 0xE2, 0xD5, 0x66,
    0xBD, 0x6A, 0xE3, 0xFB, 0xF4, 0xB7, 0x76, 0xE6, 0x2A, 0x6C, 0x56, 0x3C, 0xFB, 0xEF, 0xE4, 0x2B,
    0xD3, 0x36, 0x72, 0x38, 0xF9, 0x43, 0xBE, 0xD1, 0x6D, 0x71, 0x5E, 0x7E, 0xAF, 0xF2, 0xD4, 0x15,
    0xE3, 0x15, 0xFC, 0x3E, 0x45, 0x27, 0x60, 0xFB, 0xD5, 0x09, 0xF8, 0xF7, 0xE7, 0xC5, 0x16, 0x7B,
    0x57, 0xB1, 0xCA, 0xAE, 0xE2, 0xF4, 0x4A, 0xEC, 0xC0, 0xA9, 0xA7, 0x43, 0xC5, 0xEE, 0x25, 0x7D,
    0x16, 0xBB, 0x09, 0xBF, 0x2D, 0xEE, 0x1C, 0x34, 0x73, 0xD9, 0xEB, 0x4F, 0xAD, 0xE4, 0x85, 0xB4,
    0xAA, 0xD9, 0xC6, 0x19, 0x3C, 0x11, 0x50, 0x6C, 0xBA, 0xF7, 0xD2, 0x6B, 0xDE, 0x2E, 0xB2, 0x5B,
    0xFA, 0xC9, 0xCD, 0xA5, 0x27, 0x3A, 0x74, 0x44, 0xFA, 0xC6, 0xD3, 0x48, 0xB1, 0x99, 0xD4, 0x5B,
    0x70, 0x40, 0xAB, 0xE7, 0x58, 0x85, 0x78, 0x23, 0xCE, 0x10, 0x79, 0xFB, 0xF0, 0xE6, 0x60, 0x59,
    0x47, 0xED, 0xCC, 0x4E, 0x40, 0xBB, 0xA9, 0xB7, 0x6F, 0x89, 0x2B, 0x7A, 0x99, 0xB3, 0x12, 0xB7,
    0x35, 0x29, 0x9B, 0xE9, 0x23, 0xD7, 0xFB, 0x9E, 0xC8, 0x75, 0x14, 0xB3, 0xDF, 0x07, 0xEC, 0x3C,
    0x12, 0x55, 0xE6, 0x4A, 0xFE, 0xAE, 0x91, 0xA7, 0x30, 0x1D, 0x81, 0x22, 0x02, 0xAF, 0x05, 0xBB,
    0x74, 0x9F, 0x11, 0x19, 0xCB, 0xEE, 0xB8, 0x49, 0x8F, 0x16, 0x03, 0xFF, 0x95, 0x01, 0x55, 0x40,
    0x47, 0x71, 0xA4, 0xF8, 0x47, 0x5F, 0x7C, 0x9A, 0xCA, 0xCF, 0xF8, 0x9B, 0x51, 0xAE, 0x6F, 0x81,
    0x56, 0xD8, 0x55, 0xF7, 0x95, 0xCD, 0xC4, 0xEA, 0x9B, 0x01, 0x1D, 0x70, 0x95, 0x55, 0x97, 0x54,
    0x10, 0x39, 0x74, 0xB2, 0x0D, 0xFD, 0xC5, 0xCD, 0x88, 0xF7, 0xF3, 0xDD, 0xC3, 0xC8, 0xE8, 0x33,
    0xF4, 0xDF, 0x62, 0x05, 0xD0, 0x2C, 0xDC, 0xE4, 0x00, 0xF4, 0x34, 0xE8, 0x31, 0xDC, 0x56, 0x47,
    0x8D, 0xFF, 0xB5, 0xB2, 0x75, 0x67, 0x71, 0xDC, 0x87, 0xAE, 0x24, 0x9E, 0xD2, 0x5E, 0xC4, 0xE1,
    0x6D, 0xE4, 0x65, 0x2A, 0xDD, 0x1D, 0xD4, 0x02, 0xC0, 0x5B, 0x90, 0xEB, 0x3D, 0x11, 0xEC, 0x5F,
    0x8E, 0xFE, 0x22, 0x5A, 0xDD, 0xC7, 0xD3, 0x2C, 0xAE, 0xEE, 0xE8, 0xD0, 0xAC, 0xB2, 0xE4, 0x57,
    0x44, 0xAE, 0x9C, 0xF8, 0x9A, 0xD1, 0x5F, 0xFE, 0x54, 0x21, 0xCB, 0x26, 0xE4, 0x6B, 0xD6, 0xA3,
    0x20, 0x87, 0x96, 0xCF, 0x42, 0x02, 0x58, 0x69, 0x9A, 0xF5, 0xCB, 0xE4, 0x17, 0xC6, 0xAB, 0xFE,
    0xFA, 0x51, 0x7F, 0x61, 0x5C, 0xD1, 0x99, 0xDB, 0xB4, 0x02, 0xA5, 0xCC, 0xD6, 0xE5, 0x79, 0x41,
    0x29, 0xED, 0xC0, 0xD7, 0x5E, 0x00, 0xF9, 0x18, 0xDF, 0x3D, 0x38, 0x7B, 0x8C, 0xDF, 0x7F, 0xFD,
    0x63, 0x7C, 0x43, 0x13, 0x6C, 0x4F, 0x33, 0x78, 0xE3, 0x13, 0xBC, 0xF3, 0xC9, 0x96, 0xE9, 0x35,
    0xB8, 0x78, 0x71, 0xFC, 0x37, 0x9D, 0x94, 0x01, 0x84, 0x24, 0xD9, 0x19, 0xC7, 0x7F, 0xD5, 0x75,
    0x33, 0x75, 0x99, 0x32, 0xF3, 0x0D, 0x99, 0x95, 0x88, 0xDD, 0xAD, 0xC3, 0x61, 0xB2, 0x6E, 0x55,
    0xD0, 0x68, 0x52, 0xDD, 0xAF, 0xD6, 0x05, 0x80, 0x1B, 0xDC, 0x00, 0xC8, 0x11, 0xC8, 0xED, 0x21,
    0x8D, 0xE0, 0x48, 0xCF, 0x74, 0xC5, 0x02, 0x20, 0x43, 0x08, 0x04, 0x19, 0x1C, 0xD9, 0x0C, 0x18,
    0x32, 0x58, 0xF4, 0x6C, 0xBD, 0x4B, 0x12, 0x04, 0xA2, 0x48, 0x08, 0x40, 0x41, 0x00, 0xE4, 0x25,
    0x6A, 0xA5, 0x45, 0x75, 0x7F, 0xA9, 0xA7, 0x66, 0x46, 0x67, 0x37, 0xB9, 0x23, 0xFF, 0xFF, 0xFB,
    0xDE, 0xE7, 0xEB, 0xF9, 0xCF, 0x9B, 0xEF, 0xBD, 0xFF, 0xD7, 0xF3, 0x14, 0x63, 0xA5, 0x8A, 0x5C,
    0xD0, 0x92, 0x0D, 0x9E, 0x47, 0x8D, 0xD4, 0x69, 0x71, 0xCA, 0x12, 0x3E, 0x26, 0xD0, 0x3C, 0x54,
    0x2B, 0x7F, 0x71, 0xE6, 0x49, 0x3B, 0x63, 0x12, 0x9C, 0x0D, 0x0A, 0x59, 0x85, 0xD6, 0xA8, 0xE6,
    0x59, 0xA2, 0xFC, 0x30, 0x58, 0x52, 0x6A, 0xAD, 0xEA, 0xBA, 0x05, 0xA0, 0x5D, 0xF6, 0x71, 0x7C,
    0x7C, 0x7C, 0x34, 0xE2, 0xBD, 0x8C, 0xCC, 0xE8, 0x52, 0xD4, 0x0D, 0x34, 0x3F, 0x2C, 0xF5, 0x84,
    0x83, 0x20, 0xBF, 0x8E, 0xEA, 0x75, 0xEC, 0x66, 0x61, 0x75, 0x8F, 0xD2, 0x7D, 0xB2, 0xA4, 0x65,
    0x29, 0x2E, 0xC9, 0x85, 0x2D, 0x82, 0x3C, 0x59, 0x9E, 0x5E, 0x5F, 0x25, 0x8D, 0x2C, 0x26, 0xA6,
    0x8D, 0xEB, 0xE0, 0xF9, 0x37, 0x8A, 0x70, 0x69, 0xF2, 0xD8, 0xBD, 0x44, 0x6C, 0x8B, 0x09, 0x1D,
    0x59, 0x64, 0xF9, 0x3E, 0xDF, 0x34, 0xB4, 0xC9, 0x6F, 0x5D, 0xA4, 0x55, 0x77, 0x32, 0x6B, 0x0E,
    0x4E, 0x3C, 0xF8, 0xF0, 0x5E, 0x6B, 0x6E, 0x09, 0x8F, 0xB6, 0xCF, 0x31, 0xCF, 0x1A, 0xE4, 0xF3,
    0x96, 0xC8, 0x9D, 0x12, 0x34, 0x09, 0xCC, 0xA2, 0x02, 0xE0, 0x04, 0xD4, 0xAF, 0xD1, 0x61, 0xD7,
    0xE4, 0xEC, 0xAE, 0x49, 0x5E, 0xE6, 0xB1, 0xBA, 0x54, 0x97, 0x63, 0x66, 0x19, 0x59, 0x58, 0x45,
    0x56, 0x3A, 0xA6, 0x85, 0xC9, 0xE7, 0x94, 0x7C, 0x8C, 0x54, 0x52, 0x25, 0x36, 0xB5, 0x26, 0x37,
    0x4C, 0x98, 0xF1, 0x2E, 0x25, 0x73, 0x0C, 0x26, 0x4F, 0x0A, 0xB1, 0xB1, 0x0D, 0xAB, 0xA0, 0x90,
    0xBA, 0x53, 0xD9, 0x64, 0x43, 0xF3, 0x08, 0xFF, 0xC2, 0xA1, 0xA3, 0x65, 0xCC, 0xF3, 0xB0, 0x8D,
    0x9C, 0x58, 0xC3, 0x0C, 0x08, 0x5C, 0xE0, 0xB4, 0xA3, 0xCF, 0x1C, 0x41, 0xD3, 0xD1, 0xD7, 0x3E,
    0x1F, 0x71, 0xEF, 0x38, 0x2F, 0xD5, 0xCE, 0xD5, 0x12, 0xBE, 0xB1, 0x3E, 0x64, 0xCD, 0x6A, 0xD0,
    0x46, 0xCD, 0xBC, 0x2E, 0xF3, 0x23, 0xB6, 0xCD, 0xC2, 0xB9, 0x6B, 0xB3, 0x3D, 0x28, 0x42, 0xEB,
    0x59, 0xAE, 0xCB, 0xF5, 0xD3, 0x5F, 0x95, 0xEB, 0xF9, 0xAA, 0xAF, 0xC1, 0xEF, 0xF3, 0x55, 0xB9,
    0xFE, 0xDA, 0x9F, 0xFB, 0x5A, 0x3B, 0x04, 0xE7, 0xA1, 0xBB, 0xA3, 0x6F, 0xA4, 0xD2, 0xFC, 0x33,
    0xDA, 0x0D, 0xAA, 0x9B, 0xBB, 0xC4, 0x8D, 0x55, 0xC7, 0x9B, 0xDE, 0xBD, 0xEE, 0x94, 0x7F, 0xA4,
    0x24, 0x37, 0x64, 0x1C, 0x10, 0xDA, 0xD8, 0x4A, 0x13, 0xF8, 0xAB, 0x9E, 0xCC, 0xDB, 0x79, 0x3D,
    0x40, 0x0A, 0x7F, 0xD9, 0xB6, 0x63, 0xE9, 0x8C, 0xDB, 0xCA, 0x6F, 0xDC, 0xBA, 0xB8, 0xB8, 0x50,
    0xF5, 0x68, 0x48, 0xFA, 0x75, 0xC4, 0xD6, 0xA7, 0x32, 0xA8, 0xB2, 0xE4, 0x7D, 0x3F, 0x62, 0x36,
    0x7E, 0xB5, 0xBE, 0xF1, 0x5A, 0xEE, 0xBC, 0xD6, 0x7E, 0x2C, 0xB9, 0x1B, 0xCB, 0x05, 0x93, 0x11,
    0x5F, 0x64, 0x62, 0x70, 0x16, 0xF8, 0xA1, 0xB5, 0xA9, 0xAA, 0xCD, 0x44, 0x19, 0x05, 0x2D, 0x77,
    0x43, 0x5B, 0xAA, 0xAE, 0x7D, 0x00, 0x6C, 0x0E, 0xF0, 0xEB, 0xF5, 0xD3, 0x8B, 0x8B, 0xF3, 0xED,
    0x7C, 0x1B, 0xB3, 0x14, 0xE6, 0xAA, 0x34, 0xE9, 0x0A, 0x37, 0x68, 0x78, 0x7D, 0xE8, 0xF5, 0x0D,
    0x00, 0x0C, 0x2C, 0x89, 0x43, 0x6D, 0xBC, 0x62, 0x5E, 0x53, 0xC2, 0x10, 0x20, 0xC8, 0x21, 0xAA,
    0x40, 0x2C, 0x48, 0x01, 0x29, 0x60, 0xFA, 0xD9, 0xA4, 0x05, 0x96, 0x10, 0x38, 0x08, 0x7D, 0xD4,
    0x10, 0xDB, 0x5E, 0x9A, 0xE4, 0xBD, 0x6C, 0x02, 0x2C, 0x7A, 0x69, 0xD0, 0x7C, 0xB9, 0xEC, 0xAC,
    0x35, 0x22, 0x93, 0xF6, 0xE8, 0x9C, 0x9D, 0xBB, 0xF7, 0xEE, 0x3B, 0xEC, 0xFA, 0x06, 0xFC, 0xB5,
    0x2A, 0x1F, 0x33, 0xC2, 0xBB, 0xF0, 0xF5, 0xAD, 0x13, 0x3E, 0x67, 0xF2, 0xBE, 0xF5, 0x0E, 0x1D,
    0x1C, 0x8C, 0x67, 0xA9, 0xFF, 0xDE, 0x36, 0x93, 0xC5, 0xE1, 0x61, 0x64, 0x53, 0x3B, 0x61, 0x4C,
    0x8A, 0xD8, 0xA8, 0x73, 0xDF, 0x14, 0xE3, 0x2F, 0x7C, 0xCC, 0xCE, 0xF8, 0xB3, 0xFF, 0xF5, 0x95,
    0xF8, 0x6F, 0x6E, 0xCD, 0xF3, 0xD2, 0xC6, 0xDD, 0xC9, 0x52, 0xEC, 0x81, 0xD4, 0xBC, 0x95, 0xFC,
    0x1E, 0x63, 0x7E, 0x51, 0x18, 0x93, 0xDA, 0x74, 0x22, 0x39, 0x33, 0x38, 0x60, 0xD2, 0xD1, 0x60,
    0xEA, 0xA4, 0x7E, 0x74, 0x71, 0xF1, 0x7C, 0xAE, 0xBA, 0xF2, 0x31, 0x83, 0xF1, 0x6D, 0x1C, 0xC0,
    0xC1, 0x97, 0xF5, 0xF5, 0x9F, 0xFF, 0x42, 0x7C, 0x22, 0xBB, 0x61, 0x90, 0x13, 0xFC, 0xF4, 0xF3,
    0x42, 0xF4, 0x59, 0xDF, 0x9D, 0x51, 0x46, 0x27, 0x2D, 0x4C, 0xE9, 0x21, 0x40, 0x5A, 0xF4, 0xB1,
    0x03, 0x71, 0x1B, 0xDA, 0x44, 0x7F, 0x6E, 0x27, 0x3F, 0xD0, 0x3C, 0x1B, 0xAC, 0x61, 0x67, 0xE3,
    0xE7, 0x02, 0x71, 0xB1, 0x6B, 0x56, 0x93, 0xB9, 0xB6, 0x57, 0xD2, 0x00, 0x52, 0x3F, 0x34, 0x7A,
    0x7D, 0x52, 0xB6, 0x57, 0x91, 0x0B, 0x9E, 0xE4, 0xF1, 0x93, 0xDA, 0x68, 0x5B, 0xEA, 0x3A, 0xF9,
    0x59, 0x13, 0x3E, 0xB1, 0x78, 0x84, 0x56, 0x5C, 0xDA, 0x9D, 0xDA, 0x53, 0xAB, 0x74, 0x19, 0x79,
    0x7F, 0xDA, 0xA8, 0xBF, 0x8A, 0xDC, 0xEE, 0xDF, 0xFB, 0x03, 0x72, 0xC4, 0x3F, 0x7E, 0xC2, 0x16,
    0x7B, 0x70, 0xC9, 0xCD, 0x3E, 0x85, 0x5D, 0xCE, 0x2F, 0x41, 0x76, 0x6E, 0x94, 0x15, 0x44, 0xE2,
    0x6A, 0x88, 0x3E, 0xB8, 0xF9, 0xC4, 0x8B, 0xC5, 0x2B, 0xF7, 0xE0, 0x2B, 0xF0, 0x11, 0x08, 0x38,
    0x8E, 0xF8, 0xFB, 0x07, 0x6C, 0x39, 0x7E, 0xFD, 0x47, 0x64, 0xF3, 0x6F, 0x6D, 0xF6, 0x90, 0xB3,
    0xA4, 0x2C, 0xC4, 0x89, 0x2B, 0x8B, 0x25, 0x39, 0x90, 0x60, 0x78, 0xC1, 0x15, 0x33, 0x0C, 0x31,
    0x03, 0xB5, 0xA2, 0xCE, 0x5C, 0xB4, 0x19, 0xD9, 0xBB, 0x27, 0x5F, 0x47, 0xF1, 0x2B, 0xE3, 0xFE,
    0xB7, 0x4C, 0x9B, 0x34, 0xE2, 0x4C, 0xFB, 0x78, 0x06, 0x7C, 0x14, 0xB9, 0xD2, 0xAE, 0xD0, 0x3C,
    0x71, 0xB8, 0x33, 0x56, 0xCC, 0xAB, 0xC8, 0xA5, 0x4E, 0xF3, 0x9A, 0x77, 0x38, 0xC0, 0x30, 0x21,
    0x75, 0x25, 0x61, 0xA3, 0xB9, 0xBC, 0xFA, 0xA7, 0x35, 0xCF, 0xFE, 0x64, 0x87, 0xE1, 0x6F, 0x6A,
    0x58, 0x30, 0x47, 0x3C, 0x79, 0xC9, 0x15, 0x87, 0xA5, 0x9E, 0x12, 0xDA, 0xAF, 0xFE, 0xCE, 0xB4,
    0xF3, 0x95, 0x3F, 0x7C, 0x77, 0x0A, 0x20, 0xAF, 0x14, 0x3F, 0xC8, 0x33, 0x09, 0xAB, 0x17, 0xDD,
    0x20, 0xCF, 0x92, 0xB0, 0xF2, 0xB5, 0xFF, 0x1C, 0x1E, 0xF2, 0xB8, 0xB7, 0xFC, 0x53, 0xAE, 0xE0,
    0x05, 0xC0, 0xA0, 0x3E, 0x05, 0x88, 0xAB, 0xD4, 0x02, 0xA6, 0x88, 0x57, 0x10, 0xAF, 0x09, 0xB4,
    0x43, 0x03, 0x49, 0x97, 0x72, 0xE0, 0x93, 0xF5, 0xD9, 0xFF, 0xF1, 0x0B, 0x17, 0x1E, 0xEA, 0x01,
    0xBC, 0x51, 0xF2, 0xF4, 0x08, 0x38, 0x17, 0xD5, 0x9A, 0x81, 0x33, 0xAA, 0xFA, 0xAF, 0xD2, 0x2E,
    0xD8, 0xF6, 0x27, 0x38, 0x08, 0xCA, 0x25, 0x10, 0x78, 0x0D, 0x91, 0xEA, 0x0A, 0x28, 0xD5, 0x6B,
    0x43, 0xFD, 0xEB, 0x56, 0xD9, 0x22, 0x35, 0x50, 0x62, 0x00, 0xC4, 0xB6, 0x00, 0x61, 0xCD, 0x06,
    0xDE, 0xEE, 0x93, 0xE4, 0x46, 0x3D, 0xEA, 0x3E, 0x35, 0xF7, 0x8E, 0x3B, 0x7C, 0xD7, 0xE2, 0xB1,
    0xC7, 0x0D, 0x64, 0xF9, 0xF6, 0x7D, 0x76, 0x65, 0x95, 0xED, 0x0E, 0x1F, 0x4C, 0x56, 0xDB, 0xDF,
    0x89, 0x9B, 0xC7, 0x0F, 0x46, 0x62, 0x74, 0x48, 0x86, 0xAC, 0x83, 0xCF, 0xDE, 0x99, 0x32, 0xED,
    0xB1, 0x1F, 0x37, 0x64, 0x0F, 0x19, 0xC6, 0x4C, 0x23, 0xA6, 0x31, 0x23, 0x21, 0x59, 0x30, 0x38,
    0x63, 0xB8, 0x33, 0x94, 0x5B, 0x9A, 0x72, 0xFB, 0xC7, 0x71, 0x33, 0xDE, 0x9F, 0x72, 0xD9, 0x71,
    0x48, 0x7A, 0xD5, 0x09, 0x76, 0x10, 0x44, 0xFE, 0x96, 0xA5, 0x53, 0xB9, 0xEC, 0x38, 0x94, 0xB4,
    0x53, 0x0D, 0xF1, 0xFC, 0x76, 0x3B, 0x7E, 0x38, 0x92, 0x61, 0xDC, 0x73, 0x3F, 0xF8, 0xD1, 0xAB,
    0x15, 0x0B, 0x23, 0x5C, 0xDE, 0x8F, 0xBA, 0x08, 0xD9, 0x8C, 0xFD, 0xB7, 0x02, 0x7E, 0x69, 0xAF,
    0xB9, 0xBC, 0xE3, 0x3E, 0x6F, 0xB1, 0x8B, 0xA9, 0xF7, 0xBA, 0xDD, 0x73, 0x0F, 0x39, 0x0F, 0xCE,
    0xA6, 0x91, 0xEF, 0xED, 0xBD, 0xEE, 0x5A, 0x19, 0x32, 0x24, 0xBA, 0x24, 0xAC, 0x21, 0x67, 0xB4,
    0xC7, 0x83, 0x8C, 0xB8, 0x2B, 0x2B, 0x42, 0xC7, 0xDE, 0x88, 0x6C, 0x97, 0xFD, 0x2D, 0xFE, 0x0D,
    0xDC, 0x9B, 0x3F, 0xCC, 0xE5, 0xC6, 0x79, 0xEE, 0x1F, 0x72, 0x24, 0x11, 0x57, 0xF4, 0x05, 0x55,
    0x58, 0xF7, 0x0A, 0xD6, 0x85, 0x79, 0x0B, 0x17, 0x8E, 0x90, 0x84, 0x75, 0x00, 0x79, 0x87, 0x8E,
    0x61, 0xB7, 0xD9, 0x42, 0x6B, 0x17, 0x2A, 0x94, 0x2A, 0x48, 0x8C, 0x00, 0x9B, 0x22, 0xA5, 0xB5,
    0xA4, 0xE1, 0x1E, 0xDE, 0x66, 0xD3, 0xA4, 0x88, 0x0A, 0x05, 0xB0, 0xCE, 0x16, 0xEB, 0x22, 0x45,
    0x8A, 0xDD, 0x8F, 0x54, 0x5C, 0xA4, 0x34, 0x81, 0xC0, 0x48, 0x91, 0x42, 0x04, 0x22, 0xC5, 0xB1,
    0xDC, 0x4C, 0x64, 0x02, 0xE6, 0xAE, 0x87, 0x7C, 0x33, 0xCF, 0x3B, 0xE4, 0xC1, 0x77, 0x76, 0x3F,
    0x69, 0xFF, 0x78, 0x65, 0x09, 0x99, 0xEF, 0xCC, 0xEF, 0xE1, 0x39, 0x1C, 0xCE, 0x3F, 0xCE, 0xBC,
    0xF3, 0xCE, 0xE1, 0xF9, 0xD2, 0xB7, 0x81, 0xD4, 0x03, 0x90, 0x10, 0x6D, 0x0D, 0x14, 0x3D, 0x60,
    0x06, 0xEC, 0x41, 0x44, 0xC6, 0x3D, 0x2E, 0x00, 0x2E, 0x8E, 0x9A, 0xAE, 0xDF, 0x23, 0xDF, 0x3F,
    0x24, 0xED, 0xB0, 0xE7, 0x99, 0xB4, 0x5F, 0x85, 0x71, 0x67, 0xC8, 0x5C, 0x17, 0xF4, 0x4D, 0x30,
    0xFC, 0xAE, 0xCA, 0xEE, 0xF8, 0x06, 0x72, 0x8E, 0xDA, 0xFA, 0x87, 0xF2, 0xDD, 0x43, 0x1D, 0x28,
    0xE2, 0x95, 0x52, 0xA3, 0xB8, 0x9B, 0x74, 0x3D, 0xCF, 0x16, 0x8E, 0xCC, 0x95, 0x26, 0x72, 0x3A,
    0x77, 0x7C, 0xEE, 0x6C, 0x31, 0x06, 0xDE, 0xD0, 0xAB, 0x44, 0x40, 0x7A, 0x84, 0xF0, 0xA5, 0x3A,
    0xE0, 0x00, 0x24, 0x0B, 0x78, 0x29, 0x8A, 0x01, 0x28, 0x6B, 0xE0, 0x12, 0xF6, 0xB0, 0xB7, 0x76,
    0xD8, 0x5B, 0xFB, 0xB4, 0x63, 0x0C, 0x19, 0xDB, 0x65, 0x45, 0x5C, 0x22, 0xF7, 0x64, 0xCC, 0x16,
    0x24, 0x7D, 0xE1, 0x00, 0xD8, 0x9E, 0xA8, 0x03, 0x3A, 0xAD, 0x0C, 0xB1, 0x12, 0x72, 0x38, 0xFC,
    0x88, 0x75, 0xF3, 0x8A, 0x98, 0x93, 0x62, 0x25, 0x3A, 0xA2, 0xA9, 0xF7, 0x0C, 0x4A, 0x66, 0x55,
    0xF8, 0x00, 0x23, 0x1F, 0x5C, 0xD5, 0xDE, 0x1F, 0xD8, 0x97, 0x3D, 0xF0, 0xE2, 0x65, 0x68, 0x68,
    0x64, 0x34, 0x22, 0xBE, 0x90, 0x5B, 0xBE, 0x1A, 0xF0, 0x15, 0x16, 0x69, 0xB1, 0xC5, 0x3A, 0x66,
    0x53, 0xCC, 0xAC, 0x67, 0x8B, 0x44, 0x16, 0xA0, 0xE4, 0xC5, 0xDD, 0x04, 0xE4, 0x1E, 0x48, 0xD6,
    0xAD, 0xCC, 0x66, 0x8B, 0xEB, 0x0B, 0x48, 0x7D, 0xF3, 0xF7, 0x57, 0xE7, 0x46, 0x64, 0xAC, 0x44,
    0x42, 0x39, 0x35, 0x96, 0x8F, 0x09, 0x2C, 0xA2, 0x84, 0xB5, 0x6D, 0x78, 0x7D, 0xB9, 0x40, 0x0C,
    0x66, 0x7A, 0x3A, 0x2F, 0x14, 0xFD, 0xD3, 0x7C, 0xD9, 0xFE, 0xCF, 0xA4, 0x96, 0x15, 0x32, 0xE3,
    0x45, 0xE8, 0x78, 0xD4, 0xFE, 0x2E, 0x45, 0xE4, 0x44, 0x5B, 0x34, 0xD4, 0x6A, 0xD7, 0xFA, 0x62,
    0xB5, 0xBB, 0x02, 0xCD, 0xE1, 0x7A, 0x54, 0x91, 0x76, 0x53, 0xA7, 0x8A, 0xD2, 0xAB, 0xB2, 0x97,
    0x55, 0xD1, 0x6D, 0xDA, 0x6C, 0x6A, 0x09, 0x7D, 0x9D, 0x6D, 0xE7, 0x17, 0xD5, 0x15, 0x9E, 0x6A,
    0xFC, 0x2D, 0xAA, 0xC8, 0x24, 0x4E, 0x75, 0x90, 0x81, 0xBA, 0xB0, 0x09, 0x1A, 0x16, 0x8E, 0xFC,
    0xA7, 0xA0, 0xEB, 0x95, 0x2B, 0x6F, 0x7C, 0x50, 0x03, 0xA2, 0x61, 0xDC, 0x74, 0xC1, 0x7A, 0x38,
    0xDC, 0xFA, 0xF0, 0xA6, 0xD4, 0x31, 0x9D, 0xED, 0x55, 0xC3, 0x6B, 0xD3, 0xF1, 0x62, 0xDD, 0xCF,
    0x97, 0x7D, 0xD4, 0x4E, 0x95, 0x3D, 0x1C, 0xD5, 0x6F, 0xDA, 0xE2, 0xB7, 0xB5, 0x2C, 0xCB, 0x83,
    0x96, 0x65, 0x3C, 0xB1, 0x2C, 0x8F, 0x4B, 0xBC, 0xD2, 0xEE, 0x13, 0x70, 0xD1, 0xC1, 0x1C, 0x90,
    0x0D, 0x2C, 0xB2, 0xC5, 0xB9, 0xB0, 0x70, 0x84, 0xE8, 0xBD, 0x0A, 0x58, 0xC2, 0x9F, 0xF1, 0x01,
    0x99, 0x0B, 0x28, 0x86, 0x00, 0xDB, 0x06, 0x74, 0x08, 0xF0, 0x01, 0x66, 0x66, 0xCF, 0x3A, 0x62,
    0x20, 0x1C, 0x3F, 0xE3, 0x89, 0x44, 0xAF, 0x16, 0xC2, 0xF6, 0x01, 0x25, 0xAF, 0x2D, 0x1C, 0xF3,
    0x9B, 0x03, 0x12, 0xE6, 0x0C, 0x21, 0x6C, 0x28, 0x8D, 0xA7, 0xBF, 0xC4, 0x6A, 0x14, 0x6E, 0xAF,
    0x1A, 0x3C, 0x61, 0x89, 0xE2, 0xBE, 0xFA, 0xA5, 0x3E, 0xC0, 0x10, 0x05, 0x51, 0x11, 0x96, 0x58,
    0x02, 0x12, 0x1F, 0x60, 0x9C, 0x67, 0x75, 0x03, 0xCA, 0x3E, 0xC0, 0x22, 0xE0, 0x8C, 0xF0, 0x01,
    0xC6, 0x05, 0xE4, 0x63, 0x40, 0xD1, 0xC3, 0x7B, 0x5B, 0x07, 0x34, 0x08, 0xF0, 0x01, 0x32, 0x11,
    0x8E, 0xE8, 0x89, 0x96, 0xD8, 0x6B, 0xA3, 0xB3, 0xC8, 0xEA, 0xBD, 0xEA, 0x02, 0x73, 0x35, 0xD8,
    0x09, 0x53, 0x03, 0xCF, 0x62, 0x0F, 0x67, 0x3A, 0x89, 0x98, 0xAC, 0x51, 0x1B, 0xB5, 0xEA, 0xAD,
    0xF5, 0x6C, 0x5B, 0xEA, 0x61, 0x9C, 0xBE, 0x3C, 0x72, 0xA7, 0x1F, 0xB2, 0xDB, 0x50, 0xF6, 0x6C,
    0xAA, 0x6D, 0x03, 0xFB, 0x98, 0xFF, 0x4A, 0x3A, 0x35, 0x8F, 0x1F, 0x29, 0x63, 0x29, 0x91, 0xDD,
    0x40, 0xDA, 0x5E, 0x59, 0x93, 0x42, 0xA4, 0x4B, 0x40, 0x76, 0xCB, 0x93, 0xE2, 0x94, 0x2D, 0x2B,
    0xF8, 0xDA, 0xD6, 0x6F, 0xC6, 0xFD, 0x2E, 0x20, 0x21, 0x9C, 0x03, 0x12, 0x0F, 0x5C, 0x08, 0x5C,
    0x26, 0x2C, 0x81, 0xA6, 0x25, 0xA5, 0x57, 0x0E, 0x01, 0xE9, 0xAF, 0x75, 0x24, 0xFC, 0x8A, 0xCC,
    0xFE, 0x6B, 0x06, 0x78, 0x3B, 0xC9, 0x7E, 0xD1, 0xBB, 0xD0, 0xE8, 0xA5, 0x56, 0x59, 0xB5, 0xC0,
    0xD9, 0xDE, 0xC9, 0x03, 0x12, 0x2D, 0xD6, 0x1C, 0x39, 0x21, 0x1F, 0x59, 0x62, 0x4C, 0x50, 0x06,
    0xAE, 0xDA, 0xD5, 0xCD, 0xB6, 0x92, 0x74, 0x81, 0x95, 0x66, 0xCB, 0x85, 0x58, 0xE6, 0x3D, 0x7E,
    0xDC, 0xEA, 0xB8, 0xBE, 0x73, 0x19, 0x9C, 0x99, 0x2C, 0x60, 0x4D, 0xAE, 0xFA, 0x25, 0x0E, 0xC8,
    0x35, 0xC4, 0x2E, 0xC4, 0x66, 0x8B, 0x12, 0xE2, 0xB2, 0x20, 0xF3, 0xAC, 0x42, 0x5C, 0xB1, 0x17,
    0x88, 0xDC, 0x05, 0x78, 0xE1, 0xBE, 0x44, 0x9A, 0x15, 0xBC, 0x8E, 0xB0, 0xA7, 0xE8, 0xC0, 0x8C,
    0x8F, 0x89, 0x5B, 0x62, 0xE6, 0x67, 0xA2, 0x49, 0xEA, 0x00, 0xAD, 0x75, 0x79, 0x44, 0x45, 0xE8,
    0x74, 0x12, 0xC8, 0xA1, 0x5B, 0xC1, 0x92, 0x89, 0xF6, 0xD3, 0xF7, 0x18, 0x32, 0xE6, 0x8C, 0xFC,
    0x3C, 0x07, 0x35, 0x5A, 0xE4, 0x63, 0xBF, 0x4A, 0x65, 0xD5, 0x92, 0xB6, 0x56, 0x82, 0x6C, 0x94,
    0x2B, 0x99, 0x78, 0xD2, 0xCC, 0x64, 0x27, 0xF7, 0x07, 0xAD, 0x93, 0xFD, 0x38, 0x7E, 0x91, 0x7C,
    0xF1, 0xD3, 0xF6, 0x2D, 0x2D, 0x50, 0xB2, 0x05, 0x95, 0xB6, 0xC4, 0xB6, 0xC5, 0x48, 0x6D, 0x60,
    0x1C, 0x95, 0x37, 0x37, 0x28, 0x1B, 0xB0, 0x06, 0xCD, 0x5C, 0x1C, 0xC9, 0xC5, 0xC0, 0xFB, 0x58,
    0xB5, 0x1C, 0xA0, 0xC5, 0x58, 0xE9, 0x38, 0x37, 0x4E, 0x2D, 0x32, 0x52, 0x1D, 0x33, 0xB1, 0x14,
    0x9D, 0x1D, 0xDB, 0xFB, 0x2C, 0x9E, 0xD7, 0xF4, 0x1D, 0xB6, 0xEB, 0x7B, 0x8E, 0x91, 0x98, 0x9F,
    0x84, 0x7C, 0x73, 0x77, 0x2C, 0xCF, 0x4C, 0x41, 0x39, 0x1F, 0xB4, 0x1E, 0x82, 0x72, 0xAB, 0x9F,
    0x6D, 0xA9, 0x65, 0x2F, 0xA0, 0x86, 0xB3, 0x09, 0x80, 0x97, 0x45, 0x74, 0x7D, 0x1E, 0x61, 0x3F,
    0xEC, 0x66, 0x7C, 0x05, 0x46, 0x6B, 0xB0, 0x9E, 0x62, 0xD9, 0xE7, 0x74, 0x3E, 0xB1, 0x96, 0x03,
    0x8C, 0xAC, 0x5A, 0xBF, 0x91, 0x9F, 0xC5, 0x3A, 0x13, 0xBB, 0x83, 0x71, 0x1E, 0x1D, 0x6A, 0x8E,
    0x69, 0xB9, 0xD1, 0xC5, 0xC1, 0xCE, 0xD2, 0x6A, 0xE0, 0x4A, 0xFD, 0x59, 0xDB, 0xFA, 0x3B, 0x3C,
    0xB0, 0xE9, 0x0C, 0x54, 0x4C, 0x94, 0x33, 0x11, 0x5E, 0xF8, 0x8C, 0x97, 0xA1, 0xCF, 0x6C, 0x79,
    0x56, 0x27, 0x07, 0xE5, 0x79, 0xAA, 0x4F, 0x58, 0x45, 0xD6, 0xF7, 0xD3, 0x92, 0x8F, 0xFD, 0x6A,
    0x94, 0x67, 0xCA, 0x45, 0xE9, 0xC9, 0x5B, 0x4A, 0x71, 0xCA, 0x81, 0x7C, 0x11, 0xFB, 0x82, 0x91,
    0x0A, 0x19, 0xC7, 0x5A, 0xC6, 0x26, 0xB2, 0xAA, 0x13, 0xB9, 0x78, 0xA0, 0x6A, 0x7C, 0xA0, 0xB5,
    0x3E, 0xE4, 0x79, 0xCD, 0x7A, 0x66, 0xB8, 0xB3, 0x6C, 0x93, 0xC9, 0xFA, 0xA2, 0x37, 0x2E, 0x70,
    0x20, 0x33, 0x97, 0x0F, 0xD6, 0x1B, 0x57, 0xF4, 0xD6, 0xA7, 0x73, 0xD9, 0x5A, 0x0F, 0x6F, 0x71,
    0xE4, 0xB5, 0x3B, 0xE4, 0xF6, 0x9A, 0xC9, 0xD2, 0x91, 0x85, 0x32, 0x1F, 0xD5, 0xBC, 0xA4, 0xF3,
    0x63, 0x41, 0x42, 0x38, 0x07, 0x7E, 0xF6, 0x04, 0x40, 0x0C, 0xB9, 0xDA, 0xBD, 0x8E, 0x1D, 0x62,
    0xE4, 0x43, 0x71, 0x9C, 0x7A, 0x99, 0x47, 0x39, 0x02, 0x02, 0xDB, 0x1F, 0x97, 0xBC, 0xCD, 0x4A,
    0xAC, 0x71, 0x3D, 0x25, 0x87, 0x4F, 0xE6, 0x7A, 0xF4, 0x79, 0xCA, 0x3E, 0xE6, 0x10, 0x73, 0x2B,
    0xD5, 0xBA, 0x14, 0x33, 0x4B, 0x31, 0x61, 0x06, 0x4F, 0xB1, 0x74, 0xED, 0x7C, 0xB5, 0xB1, 0x9B,
    0xE3, 0xED, 0x88, 0x49, 0xC1, 0x39, 0xF3, 0x3B, 0x81, 0xC8, 0xFB, 0xBA, 0xF6, 0xB1, 0xF8, 0x05,
    0xE5, 0xBC, 0x2D, 0xD3, 0x4B, 0x88, 0xAB, 0xC6, 0x78, 0xCC, 0x69, 0x1A, 0x62, 0x39, 0x6D, 0xA6,
    0x1B, 0x22, 0xE3, 0x13, 0x6E, 0x92, 0xBB, 0x47, 0xD9, 0x24, 0x2F, 0x47, 0x78, 0xE2, 0x71, 0x36,
    0xC9, 0x23, 0x74, 0x07, 0x73, 0xDC, 0x24, 0x77, 0x17, 0x7B, 0x5A, 0x9F, 0x32, 0x3E, 0xAF, 0x0E,
    0xEE, 0x31, 0x18, 0x77, 0x22, 0x13, 0x99, 0x8B, 0xCC, 0x3A, 0x35, 0xE2, 0xDC, 0xF8, 0xE5, 0x3D,
    0x71, 0x28, 0x66, 0xE3, 0x38, 0x3B, 0x06, 0xE3, 0xD4, 0x23, 0x0C, 0xC2, 0xF9, 0x11, 0xC4, 0xD6,
    0x51, 0xDA, 0xB8, 0x58, 0xEF, 0xB2, 0x7D, 0xB8, 0x27, 0xD1, 0x0B, 0xB6, 0xCB, 0xF7, 0xCC, 0x8C,
    0xFC, 0x9C, 0x59, 0xC7, 0x82, 0xF6, 0x62, 0xB5, 0x12, 0x0F, 0xD6, 0x2C, 0x7D, 0x2B, 0xB6, 0x2E,
    0x9D, 0x2B, 0x6E, 0xD0, 0xB8, 0xBD, 0x1B, 0x32, 0x87, 0xAA, 0x4F, 0x7D, 0x34, 0x7F, 0x2B, 0xD0,
    0xB0, 0xBF, 0xED, 0x0F, 0x68, 0xD4, 0xFE, 0x4D, 0xED, 0x9B, 0x9A, 0xBA, 0x7A, 0xEB, 0x90, 0x94,
    0x30, 0x3A, 0xDF, 0xDE, 0x1B, 0x81, 0xEA, 0x27, 0x8E, 0x0B, 0x96, 0xE7, 0xB5, 0x5C, 0x81, 0xA0,
    0xF5, 0xB6, 0xBD, 0xE6, 0x5C, 0x72, 0xEB, 0x68, 0x6B, 0x98, 0xB9, 0xE3, 0x5D, 0x5C, 0xB4, 0x1A,
    0x9F, 0x15, 0x85, 0x61, 0x38, 0x4F, 0xBD, 0x49, 0x9F, 0xC8, 0xA4, 0x3E, 0xE3, 0xB8, 0x21, 0x86,
    0x47, 0x40, 0x47, 0x34, 0x84, 0xED, 0x51, 0x0D, 0xA5, 0x74, 0x32, 0xE4, 0x5A, 0x52, 0x27, 0x3F,
    0xD4, 0x6D, 0xEF, 0x23, 0x63, 0x89, 0xEB, 0x52, 0xFD, 0x79, 0x57, 0x89, 0xE1, 0x01, 0x5D, 0xE8,
    0xCB, 0xE0, 0x1A, 0x82, 0xAE, 0x40, 0xF7, 0xB9, 0x55, 0x89, 0x61, 0xDE, 0xD4, 0xEF, 0x8A, 0x18,
    0x1E, 0x55, 0x5F, 0xEB, 0xD4, 0x53, 0x93, 0x73, 0x44, 0xF1, 0x28, 0xFC, 0xF0, 0x1D, 0x52, 0x64,
    0x54, 0x2E, 0xFC, 0xFC, 0x39, 0x21, 0x61, 0x5B, 0xB2, 0xFA, 0xC4, 0xDD, 0x8A, 0x55, 0x4A, 0xCD,
    0x6B, 0x57, 0x90, 0x93, 0xB2, 0xC6, 0xA2, 0x73, 0xFE, 0x71, 0x29, 0x87, 0xEB, 0x64, 0xC8, 0x40,
    0x39, 0xF2, 0xF3, 0x6A, 0x22, 0x8D, 0x27, 0xB1, 0x28, 0xD7, 0x07, 0xB8, 0x90, 0x89, 0x27, 0xF3,
    0x59, 0xAF, 0x75, 0xCA, 0x9E, 0x9C, 0xB7, 0xFC, 0x1F, 0x16, 0x59, 0x3A, 0xCB, 0x8E, 0x9B, 0xA3,
    0x6A, 0x66, 0xA9, 0xA7, 0xAB, 0xA7, 0xC6, 0x85, 0x25, 0x85, 0x72, 0x78, 0xAF, 0xB4, 0x0C, 0x96,
    0xA0, 0x21, 0x97, 0x75, 0xFF, 0xC2, 0xF0, 0x5E, 0xE7, 0xF1, 0xD5, 0x68, 0xAC, 0xD0, 0xE8, 0xB2,
    0xA6, 0xF3, 0x4A, 0x0D, 0x38, 0x61, 0x26, 0x62, 0xC6, 0xE1, 0x70, 0x73, 0xE6, 0xE6, 0x3D, 0x42,
    0x3F, 0x3B, 0x9E, 0x55, 0x38, 0xBD, 0x6C, 0x9F, 0x98, 0xB6, 0x7F, 0x01, 0x89, 0xA0, 0xB9, 0xD1,
    0x2D, 0xB1, 0xA0, 0x8A, 0x9D, 0xAD, 0x3E, 0xC7, 0x1E, 0xF4, 0x4B, 0xE1, 0x89, 0xCA, 0x2C, 0xA9,
    0x99, 0xFC, 0x52, 0xD4, 0xE1, 0x75, 0x7C, 0xA9, 0xF7, 0xAB, 0x1E, 0x74, 0x03, 0x24, 0xD4, 0x15,
    0xC0, 0x1A, 0xD4, 0x43, 0x47, 0x66, 0x42, 0x6D, 0xB0, 0xA4, 0x54, 0x0B, 0x11, 0xD5, 0x9A, 0xD5,
    0x3B, 0xAF, 0x3C, 0x7F, 0x4E, 0x8F, 0xD7, 0x1D, 0xF3, 0x39, 0xE6, 0xAB, 0xC6, 0x77, 0x2F, 0xF7,
    0x5C, 0x3D, 0x72, 0xF9, 0xB6, 0x0C, 0xE7, 0xEA, 0x89, 0x6A, 0xEF, 0xC8, 0x2B, 0x44, 0xCE, 0x71,
    0xAC, 0xF7, 0x90, 0x28, 0x66, 0x14, 0x7D, 0x39, 0x04, 0xE8, 0x90, 0xB4, 0xAD, 0x62, 0x7F, 0x5B,
    0x12, 0x85, 0x0B, 0xC8, 0xE4, 0xC6, 0x1B, 0x3D, 0x73, 0xEC, 0x51, 0x11, 0xC5, 0x07, 0x6F, 0x70,
    0x14, 0x73, 0x23, 0x5D, 0x07, 0x70, 0xDD, 0x4E, 0x7D, 0x80, 0x99, 0xF4, 0x8A, 0x93, 0xFC, 0xE2,
    0xC0, 0x4F, 0xB8, 0x37, 0x13, 0x0E, 0xE3, 0xA1, 0xF8, 0xE0, 0xAA, 0x4B, 0xF4, 0x96, 0x68, 0xE3,
    0x62, 0x7C, 0x59, 0x7C, 0xFC, 0x8A, 0xFE, 0xE0, 0x6D, 0x0F, 0xDD, 0xBF, 0x74, 0x48, 0x42, 0x34,
    0xE1, 0x38, 0xF3, 0x76, 0x68, 0x7C, 0x25, 0xDE, 0xE7, 0xE2, 0x6E, 0x6F, 0x2E, 0xFB, 0x77, 0x81,
    0xA4, 0xD3, 0x3D, 0x44, 0x40, 0xB7, 0x5E, 0x8F, 0xE3, 0x22, 0x9B, 0x8E, 0xE6, 0xB6, 0x0F, 0xA8,
    0xBE, 0xFE, 0x0E, 0x60, 0x2B, 0x0E, 0x1E, 0x76, 0xB9, 0x9D, 0x13, 0x81, 0x1D, 0xB8, 0x20, 0xB3,
    0xFE, 0x4D, 0x1D, 0x52, 0x45, 0xD3, 0x7E, 0x1F, 0x78, 0x42, 0xF7, 0xB0, 0x3A, 0x67, 0x0B, 0x87,
    0x0E, 0x66, 0xA1, 0x53, 0xA6, 0x93, 0xD1, 0x4A, 0x1F, 0x9D, 0x05, 0x2B, 0x2B, 0x33, 0x1E, 0xEC,
    0xA1, 0x73, 0x16, 0xC6, 0x5B, 0x24, 0x5B, 0x34, 0x53, 0xF8, 0x6C, 0xB4, 0x22, 0x3C, 0xEF, 0x2C,
    0x9B, 0x00, 0x30, 0x2E, 0x31, 0xA6, 0xDE, 0x1E, 0x6E, 0xCD, 0x7A, 0x4E, 0xA4, 0x0E, 0x51, 0x5F,
    0xEB, 0x63, 0xED, 0x71, 0x98, 0x75, 0x4F, 0x0C, 0x1B, 0x50, 0x6C, 0xB8, 0x74, 0xC4, 0x35, 0xE2,
    0x4D, 0xE2, 0x0E, 0xE1, 0x4F, 0x90, 0x4E, 0x01, 0xC6, 0x05, 0x5C, 0xBD, 0x77, 0xB8, 0x75, 0x4F,
    0x8E, 0x41, 0x07, 0xDF, 0x7D, 0xB8, 0x4D, 0x00, 0x75, 0xA0, 0x20, 0x15, 0x3E, 0xC8, 0x79, 0x63,
    0x0A, 0x79, 0xF8, 0xAA, 0xD5, 0x46, 0x75, 0x21, 0x36, 0x8D, 0x88, 0x74, 0x5B, 0xDC, 0x9F, 0x97,
    0x58, 0x46, 0xBA, 0x16, 0x23, 0x90, 0xAF, 0xDF, 0xBC, 0x9D, 0xEA, 0x9D, 0x90, 0x19, 0xC9, 0x95,
    0xDD, 0x4B, 0xAA, 0xFA, 0x20, 0x5D, 0xAC, 0x0C, 0x1D, 0xBF, 0xF0, 0x37, 0xA9, 0xE5, 0xC9, 0x9D,
    0x9A, 0x21, 0xDE, 0x4B, 0x6B, 0xE8, 0x75, 0xA0, 0xFC, 0xD7, 0xBB, 0x5D, 0xB4, 0xAE, 0x3E, 0xCA,
    0x0A, 0x75, 0x6C, 0x58, 0x52, 0x67, 0x5C, 0xD5, 0xC7, 0x0B, 0x46, 0x18, 0x3A, 0x52, 0x0E, 0x39,
    0x33, 0xF3, 0x9A, 0xB5, 0xCE, 0x16, 0xF5, 0xB5, 0x3A, 0x2D, 0xB6, 0xC7, 0x33, 0x71, 0x7A, 0x74,
    0xBC, 0x4D, 0x37, 0xBA, 0x60, 0x06, 0x4A, 0xD6, 0x73, 0x8B, 0xB6, 0x4F, 0x6F, 0x0A, 0x32, 0x99,
    0x42, 0x14, 0xB6, 0x65, 0x6F, 0x83, 0x63, 0xE4, 0xF1, 0x5D, 0x74, 0x3D, 0x6D, 0x5B, 0x27, 0x5E,
    0xA7, 0x97, 0x05, 0xC4, 0xC2, 0x6C, 0xB1, 0x08, 0xB1, 0x6C, 0x2C, 0xAC, 0xB5, 0xB8, 0x13, 0xA2,
    0xB7, 0x6C, 0x82, 0xCD, 0x46, 0x6B, 0x8B, 0xDE, 0xDA, 0xAA, 0xE6, 0x09, 0x6B, 0x7D, 0x88, 0x73,
    0x88, 0x2E, 0xC4, 0x21, 0xC4, 0x1E, 0x36, 0x75, 0x66, 0x48, 0x5D, 0x3E, 0x60, 0xA9, 0x7A, 0x34,
    0x02, 0xE4, 0x33, 0x62, 0x78, 0x7A, 0x65, 0x6C, 0xC3, 0xD4, 0x59, 0x1D, 0xF3, 0x55, 0x6F, 0xC1,
    0xBF, 0x45, 0xDD, 0x3E, 0xFB, 0xBA, 0x83, 0xD5, 0x51, 0x15, 0xD4, 0x4C, 0xB0, 0x89, 0x87, 0x85,
    0x30, 0x45, 0x6D, 0x75, 0xE7, 0x56, 0x70, 0xB8, 0xCF, 0xCC, 0x03, 0x0D, 0x07, 0x61, 0x77, 0xC4,
    0x6D, 0xF6, 0xA1, 0x7F, 0x44, 0xCC, 0x01, 0xE9, 0x14, 0x60, 0x5C, 0xC0, 0x2D, 0x42, 0x06, 0xA2,
    0x0D, 0x78, 0x61, 0x77, 0xDD, 0x9B, 0xDE, 0x8E, 0x80, 0xF4, 0xD6, 0x29, 0x27, 0x98, 0x40, 0x4F,
    0x5E, 0xF2, 0xC8, 0xDF, 0xEB, 0x6D, 0x18, 0xE4, 0x3F, 0xED, 0xAD, 0x45, 0xF9, 0xC3, 0x9E, 0x4D,
    0x2E, 0xFA, 0xF0, 0xBA, 0xA4, 0xBC, 0x1D, 0x98, 0x8D, 0x3E, 0xD0, 0x7C, 0x34, 0x05, 0x26, 0xBF,
    0x76, 0x81, 0x90, 0x91, 0xEC, 0x7A, 0xD2, 0xB6, 0x4A, 0x90, 0xB8, 0x16, 0x62, 0x73, 0x61, 0x3C,
    0x1C, 0x38, 0x45, 0x35, 0xF2, 0xFD, 0x27, 0x45, 0x9D, 0x24, 0xB0, 0xD2, 0x22, 0xD5, 0x2F, 0x8D,
    0xD7, 0xD7, 0x3D, 0x07, 0x0E, 0x77, 0xCE, 0xEC, 0xC0, 0x5A, 0x7B, 0x9B, 0x96, 0x87, 0xE8, 0x4E,
    0x7C, 0xCC, 0x78, 0x22, 0x26, 0x51, 0xCB, 0x33, 0xA0, 0x43, 0x4E, 0xCB, 0x93, 0x9E, 0xB3, 0x3C,
    0x97, 0x79, 0x20, 0xCB, 0x31, 0x02, 0x4F, 0x1C, 0xF5, 0x8B, 0xA8, 0xAF, 0x15, 0xD2, 0xE2, 0x52,
    0xC3, 0xBB, 0xCD, 0xBA, 0xDA, 0x41, 0xB7, 0x31, 0x71, 0x93, 0x6F, 0x6B, 0xA2, 0x0D, 0xA8, 0xFA,
    0x07, 0xC1, 0x13, 0x4C, 0xA2, 0x89, 0x07, 0x36, 0xF1, 0x6E, 0xEE, 0x61, 0x3B, 0x99, 0x60, 0x4B,
    0x1A, 0x27, 0xD0, 0x4A, 0x02, 0x0F, 0x83, 0x56, 0xA3, 0x92, 0x31, 0x11, 0x71, 0xD9, 0xFA, 0x9D,
    0xB1, 0x70, 0x2C, 0x80, 0x59, 0xC7, 0x04, 0x3A, 0xBB, 0xB7, 0x78, 0xBF, 0x5D, 0x29, 0xE9, 0x66,
    0x2D, 0xDF, 0x1C, 0x4D, 0xFC, 0xCE, 0x6F, 0xA4, 0x65, 0xEE, 0x44, 0x3C, 0x63, 0x13, 0x22, 0x27,
    0xF3, 0x93, 0x46, 0xFD, 0x46, 0xBC, 0xDB, 0xDB, 0x19, 0x04, 0x1D, 0xC7, 0xED, 0xC2, 0x73, 0xDC,
    0x98, 0xA6, 0xD1, 0x5A, 0xC1, 0x4C, 0x19, 0xB7, 0xCD, 0xF9, 0x08, 0x78, 0x5E, 0x7A, 0xA6, 0xFB,
    0x54, 0x5B, 0x13, 0x00, 0xCA, 0xB3, 0x7D, 0xFB, 0x9D, 0x13, 0x66, 0x26, 0x8E, 0x6E, 0x8B, 0x2E,
    0x57, 0xBC, 0x40, 0x37, 0xEC, 0x9D, 0x00, 0x10, 0x5D, 0xEE, 0x47, 0x30, 0x3C, 0x5B, 0x3F, 0xAA,
    0xE3, 0x59, 0x92, 0xB9, 0x48, 0x0B, 0x88, 0x08, 0xE7, 0xC9, 0xDF, 0xBD, 0xB7, 0xA2, 0x08, 0x03,
    0x5F, 0xEA, 0xB2, 0xE7, 0xA2, 0xCC, 0xC1, 0xCE, 0xF9, 0x5E, 0xF4, 0xB9, 0x6B, 0x02, 0x33, 0xD7,
    0x05, 0x9A, 0x8D, 0xF1, 0x93, 0x78, 0xD6, 0xD6, 0x21, 0xE5, 0xC8, 0x35, 0x3E, 0x5C, 0xE9, 0x8A,
    0xBE, 0x69, 0xB3, 0xB5, 0xF8, 0x67, 0x41, 0x12, 0x97, 0x87, 0x2A, 0x6E, 0xB5, 0xAE, 0xBE, 0xFF,
    0xA8, 0x75, 0x23, 0xF5, 0xAB, 0xBC, 0x4A, 0xFD, 0x85, 0x31, 0xF5, 0x7B, 0xA7, 0xE9, 0xC6, 0x5E,
    0x6F, 0x76, 0xC7, 0x36, 0x2C, 0xA0, 0xBD, 0xDB, 0xFB, 0xAB, 0x52, 0xF3, 0xDE, 0x04, 0xAC, 0x65,
    0x8F, 0xD4, 0x17, 0x23, 0x32, 0x67, 0xB8, 0x6E, 0xD1, 0x26, 0xF5, 0x10, 0x34, 0xDB, 0xDD, 0xB9,
    0x83, 0x80, 0xE5, 0xB7, 0x07, 0x67, 0xFA, 0x5B, 0x9C, 0xE6, 0x4E, 0x01, 0xC0, 0x5C, 0x80, 0xD4,
    0x79, 0xC0, 0x7F, 0x5C, 0x5C, 0x42, 0x14, 0xAE, 0xF1, 0xF7, 0xC4, 0x97, 0x22, 0x3E, 0x95, 0xBB,
    0x6C, 0xCC, 0x85, 0xB1, 0x41, 0x3A, 0xA9, 0x31, 0x30, 0x9F, 0xB6, 0x1C, 0x6E, 0xAE, 0x87, 0x5B,
    0x7D, 0x23, 0x0C, 0xBB, 0x58, 0x2D, 0x3D, 0x88, 0xF9, 0xB4, 0x45, 0x4B, 0xFF, 0x85, 0x15, 0x0D,
    0x9B, 0x40, 0x43, 0xF3, 0x09, 0x72, 0xA9, 0x93, 0x1A, 0x50, 0x34, 0x04, 0xEC, 0x7D, 0xB8, 0x11,
    0x68, 0x45, 0x5A, 0xC2, 0xC1, 0xB6, 0x6F, 0xF8, 0x70, 0x22, 0x21, 0xB0, 0x1C, 0xC1, 0xB7, 0x26,
    0xE0, 0xC3, 0x6E, 0xDA, 0xFD, 0xA5, 0x55, 0xED, 0x47, 0xD5, 0x3E, 0x84, 0x57, 0x6A, 0x52, 0x24,
    0x72, 0x08, 0x44, 0xE9, 0x48, 0x33, 0x91, 0xE9, 0x7C, 0x24, 0x8C, 0x32, 0xE7, 0xD9, 0x83, 0x90,
    0x22, 0x3D, 0x39, 0x6F, 0xB9, 0x5D, 0x14, 0x99, 0x3F, 0x73, 0x67, 0xDE, 0x16, 0x57, 0xB7, 0x55,
    0x35, 0xF5, 0x1A, 0xF5, 0x38, 0x9B, 0xD4, 0xB9, 0xE4, 0xAD, 0x12, 0xB5, 0xD6, 0xBA, 0x32, 0x37,
    0xE2, 0x71, 0xE9, 0x3B, 0xBB, 0x57, 0x52, 0x1E, 0x3D, 0x93, 0xE7, 0x0E, 0x37, 0x5D, 0x21, 0xA2,
    0x31, 0x8E, 0xD4, 0xCC, 0xF1, 0xDC, 0xEE, 0xD1, 0xDC, 0x7D, 0x4E, 0x20, 0xE2, 0x77, 0x33, 0xC9,
    0x90, 0xB0, 0x26, 0xA9, 0xCC, 0x81, 0xDC, 0x64, 0x5A, 0xD8, 0x0F, 0x3A, 0x2E, 0x91, 0xBA, 0xC6,
    0x73, 0x92, 0xDA, 0xD4, 0xB3, 0x36, 0x66, 0xA6, 0xC7, 0x70, 0x73, 0x02, 0xBC, 0x95, 0x73, 0x34,
    0x4A, 0x3D, 0x1B, 0x53, 0x6E, 0x57, 0x41, 0x90, 0x3B, 0x0B, 0x3B, 0x34, 0x83, 0x45, 0xA9, 0x39,
    0x1B, 0xF1, 0xFB, 0x97, 0xB9, 0x9D, 0xAC, 0x99, 0xC8, 0x5A, 0x84, 0x68, 0x7B, 0x9C, 0xD9, 0x3A,
    0x44, 0x44, 0xE5, 0xFB, 0xE2, 0xEE, 0x15, 0x3D, 0xCF, 0x74, 0xFA, 0xD3, 0x8F, 0x05, 0x67, 0xC6,
    0xE3, 0x2C, 0x77, 0xE1, 0xDC, 0x10, 0xD2, 0xB4, 0x38, 0xEB, 0x42, 0x7A, 0x1C, 0xC0, 0xE9, 0xAF,
    0x5D, 0xA0, 0x4D, 0x4D, 0x26, 0x00, 0xDF, 0x03, 0xC3, 0xD3, 0xF6, 0x55, 0x19, 0x68, 0xDD, 0x43,
    0x1C, 0x54, 0x5F, 0x48, 0x3E, 0x95, 0x72, 0x92, 0xCB, 0x27, 0x96, 0xE6, 0xE6, 0xBD, 0x83, 0x9A,
    0x73, 0xC5, 0xA9, 0x1D, 0xFA, 0xD2, 0x75, 0x98, 0x8F, 0x64, 0x85, 0xF9, 0x8D, 0x6E, 0xE8, 0x5A,
    0x3B, 0xD0, 0xD3, 0x75, 0x66, 0x56, 0x1B, 0xA9, 0x2B, 0xD3, 0x13, 0x01, 0xB8, 0x10, 0x45, 0xC0,
    0x97, 0xBB, 0x01, 0x28, 0xA5, 0xDD, 0x0C, 0xF5, 0x3B, 0x30, 0x9E, 0xFD, 0x1E, 0x1F, 0xAC, 0xBE,
    0x8A, 0x18, 0x9E, 0x70, 0x3B, 0x83, 0xCB, 0xE7, 0x7C, 0x80, 0x6F, 0x8F, 0xC5, 0x78, 0x9F, 0x0F,
    0x70, 0x38, 0x70, 0x5D, 0xAF, 0x19, 0x4F, 0xFA, 0x91, 0x95, 0x19, 0x1E, 0xF4, 0x01, 0xF0, 0x2C,
    0x60, 0x64, 0xE5, 0xD8, 0x6B, 0xED, 0xCF, 0x3A, 0x9C, 0x21, 0xC1, 0x02, 0x04, 0x8D, 0xB3, 0xA6,
    0x5A, 0x80, 0x4C, 0xC6, 0xF8, 0x90, 0x3D, 0x95, 0xFD, 0x87, 0x60, 0x1A, 0xEB, 0x10, 0xD7, 0xBA,
    0x6B, 0xD9, 0xE5, 0x8D, 0xCC, 0xEA, 0xDD, 0xBF, 0xA4, 0x1B, 0x07, 0xBB, 0xB7, 0xF1, 0x11, 0xFE,
    0x5E, 0x7A, 0xC9, 0xDA, 0xC6, 0x5E, 0xBA, 0x04, 0x0D, 0xC6, 0x65, 0x0F, 0xFD, 0xC3, 0x4B, 0xDA,
    0xAE, 0x4E, 0x5B, 0x76, 0x0C, 0xF6, 0xB7, 0x7B, 0x35, 0x6C, 0xF3, 0xCD, 0x05, 0xE2, 0xA1, 0xCD,
    0x15, 0x35, 0xA4, 0xDD, 0x89, 0xDC, 0x86, 0xA5, 0xF8, 0xFB, 0xE5, 0xC6, 0x65, 0x15, 0x91, 0x36,
    0x8A, 0xA3, 0xB4, 0xE5, 0xAC, 0x49, 0x52, 0xAF, 0x12, 0x30, 0xAB, 0xA4, 0x93, 0x8A, 0x71, 0x6A,
    0x6E, 0x6F, 0x39, 0x1A, 0x5C, 0xB7, 0xED, 0x4E, 0xD5, 0x42, 0xAF, 0xFB, 0x63, 0x4F, 0x5D, 0xAF,
    0x55, 0x96, 0x47, 0x14, 0x09, 0x61, 0x8E, 0x22, 0x75, 0x94, 0x41, 0xCF, 0x15, 0x4E, 0xC5, 0x5C,
    0x24, 0x7A, 0x4E, 0x0E, 0x9A, 0x92, 0xD7, 0xA9, 0xCC, 0x17, 0xCC, 0xB0, 0x9A, 0xA7, 0x7B, 0xC5,
    0x05, 0x33, 0x4C, 0x8E, 0x33, 0xAC, 0xE2, 0x0C, 0xCB, 0x39, 0xC3, 0x38, 0x55, 0x9E, 0x1C, 0xFA,
    0x23, 0x2A, 0x75, 0xF7, 0xB6, 0xC7, 0x6E, 0x86, 0x86, 0xA0, 0xC5, 0x1E, 0x9E, 0xDA, 0xEE, 0xEC,
    0x1D, 0x9D, 0x28, 0x71, 0x22, 0xD1, 0x3B, 0x4D, 0xD9, 0xAE, 0x7F, 0x7C, 0xEA, 0xBB, 0xC9, 0xC4,
    0x99, 0x11, 0xC9, 0x1C, 0xA0, 0x7E, 0x1A, 0x37, 0x3F, 0x27, 0xBB, 0x56, 0xE0, 0xB3, 0x77, 0xA5,
    0x75, 0xD0, 0x3D, 0xF1, 0x5E, 0xE9, 0x70, 0x38, 0xEE, 0xB7, 0x90, 0x8D, 0x38, 0x8D, 0xC3, 0xF6,
    0xB8, 0x9A, 0xCE, 0x33, 0x5B, 0x96, 0x53, 0xAB, 0x9E, 0x5A, 0x1F, 0xB5, 0x54, 0x6D, 0xD9, 0x5E,
    0x3A, 0xD6, 0xAA, 0x43, 0xC9, 0x37, 0x41, 0xC3, 0x9B, 0xCA, 0x81, 0xCE, 0x39, 0xAC, 0xAA, 0xA3,
    0x96, 0x7D, 0xE6, 0xD0, 0xCD, 0xF1, 0x99, 0xD2, 0xAA, 0x5E, 0xCC, 0x9C, 0xCC, 0x41, 0x91, 0x7A,
    0x3E, 0x9D, 0x6C, 0xC0, 0xD9, 0x16, 0xBF, 0xF8, 0xCE, 0x46, 0x0B, 0x0F, 0x34, 0x45, 0x6F, 0xBF,
    0x1F, 0xD4, 0xFE, 0x49, 0x5F, 0xFC, 0x64, 0x02, 0xAA, 0xF7, 0xDA, 0xE2, 0x5F, 0xF4, 0x59, 0x36,
    0x32, 0x19, 0x80, 0x5C, 0xE2, 0x83, 0x1E, 0xB3, 0x20, 0xE1, 0xCC, 0x4F, 0x3D, 0x20, 0x38, 0x86,
    0x6B, 0xEC, 0xCC, 0x7C, 0x6C, 0x76, 0x51, 0x57, 0x9B, 0xA3, 0x49, 0x3D, 0xB9, 0x94, 0x42, 0xF7,
    0x2A, 0x48, 0xD5, 0xEA, 0x1E, 0xBE, 0xEC, 0xC3, 0xBB, 0xAA, 0x2E, 0x7A, 0xB3, 0x82, 0xA3, 0x35,
    0x93, 0x20, 0x99, 0x2B, 0x04, 0x77, 0x60, 0x5C, 0x79, 0xB5, 0xF5, 0xE1, 0x2A, 0x5B, 0xBC, 0x3B,
    0x03, 0xFE, 0xCD, 0x82, 0x0F, 0x96, 0xEE, 0x78, 0xF3, 0xF3, 0x11, 0xB0, 0x13, 0xEB, 0xC1, 0x56,
    0x4B, 0xAD, 0x37, 0x4E, 0xA0, 0x7D, 0xA8, 0x16, 0xFD, 0xC8, 0xEF, 0x76, 0x1F, 0xFE, 0x48, 0xE7,
    0xAE, 0xDF, 0xC9, 0xCF, 0x2F, 0xA6, 0xDC, 0x55, 0x8A, 0x53, 0x7A, 0x7E, 0xFE, 0x9C, 0x90, 0x68,
    0x6A, 0xD2, 0xF6, 0x64, 0xA5, 0x2C, 0xCF, 0x1D, 0xEB, 0x2B, 0x11, 0xD0, 0x5C, 0x2D, 0x7A, 0xED,
    0xA4, 0xAC, 0x81, 0x50, 0x36, 0xE0, 0x4F, 0x70, 0x34, 0x14, 0x34, 0x9D, 0xAD, 0x7E, 0xF6, 0x00,
    0xD6, 0xC3, 0xDB, 0x9A, 0x70, 0x20, 0x26, 0x78, 0x64, 0x3E, 0x00, 0x0B, 0x71, 0x67, 0x3F, 0x4A,
    0x3C, 0xD6, 0x2B, 0xB7, 0x66, 0x26, 0x71, 0x44, 0x7D, 0x9C, 0x28, 0xDC, 0x64, 0xB5, 0x41, 0xCA,
    0xF8, 0x20, 0xBF, 0x5B, 0xBB, 0x69, 0xD1, 0x15, 0xEA, 0xC7, 0x0B, 0xB2, 0x19, 0xD1, 0xB2, 0xA9,
    0x94, 0xBD, 0x8A, 0xDD, 0xA4, 0x8E, 0x12, 0x08, 0x61, 0xF0, 0x51, 0x96, 0xFD, 0x9D, 0x8E, 0x98,
    0x98, 0xE4, 0xE4, 0x82, 0x56, 0xA5, 0xEA, 0x55, 0x8A, 0x31, 0xCA, 0xA4, 0x62, 0x56, 0x95, 0x44,
    0xEE, 0xBE, 0xEE, 0x62, 0xE7, 0x50, 0x32, 0x91, 0x51, 0xF7, 0xA6, 0x97, 0x49, 0xD4, 0xBA, 0xCC,
    0x08, 0x07, 0x8A, 0x90, 0xC5, 0xFA, 0x7A, 0x6F, 0x51, 0x0D, 0x50, 0xA3, 0x44, 0x36, 0x20, 0xCF,
    0xC8, 0x83, 0x1C, 0x0E, 0xD1, 0x90, 0xEF, 0xC4, 0x7A, 0x3C, 0xAB, 0x29, 0x8F, 0x57, 0x55, 0x3D,
    0x59, 0xDC, 0xFD, 0x3F, 0xC7, 0x9C, 0xD1, 0x49, 0xBF, 0x3F, 0xA9, 0xD5, 0xC6, 0xC3, 0x0E, 0x4A,
    0x47, 0x76, 0x13, 0xB9, 0xC4, 0xE7, 0xCB, 0xA4, 0x99, 0xCE, 0x48, 0x67, 0x41, 0xF3, 0xC7, 0x4C,
    0xB9, 0x9F, 0xD5, 0x9E, 0x55, 0x2B, 0xB5, 0xAD, 0x87, 0x0E, 0x58, 0x8B, 0x9F, 0x70, 0x88, 0x16,
    0xEF, 0x7A, 0xEE, 0x32, 0xFB, 0x25, 0x5C, 0x5A, 0xF4, 0x1D, 0x47, 0x32, 0x0D, 0xEA, 0x58, 0xE8,
    0xD6, 0x99, 0x17, 0x57, 0xE7, 0xB6, 0xD0, 0x71, 0xDB, 0xBC, 0x90, 0x33, 0xD2, 0x95, 0x45, 0x49,
    0x40, 0xA6, 0x23, 0xFA, 0xA7, 0xFD, 0x06, 0x9B, 0xB9, 0x00, 0x13, 0xD0, 0x7D, 0x67, 0x86, 0xFA,
    0xDF, 0x89, 0x08, 0x4B, 0xF0, 0x9C, 0x67, 0xDE, 0x86, 0xAA, 0x79, 0x66, 0x1B, 0xCA, 0xAD, 0x02,
    0x38, 0x91, 0xB9, 0x19, 0xD7, 0x29, 0xEE, 0xF7, 0x47, 0xAC, 0x08, 0x92, 0x7B, 0x95, 0x22, 0x4A,
    0xB9, 0xAA, 0xD8, 0x26, 0x0A, 0x37, 0x3B, 0x6A, 0x2E, 0x29, 0xBE, 0xA0, 0xA8, 0x19, 0x65, 0x41,
    0xFB, 0xA3, 0xD2, 0x29, 0x8A, 0xDF, 0x65, 0xE1, 0xB3, 0xDE, 0x2E, 0x88, 0xFD, 0x86, 0xB3, 0x41,
    0x1A, 0xE3, 0x6C, 0xBB, 0x60, 0x35, 0xAE, 0xEC, 0x17, 0xD6, 0xA2, 0x18, 0x96, 0x34, 0x48, 0xEE,
    0x16, 0x66, 0x12, 0xDA, 0x9A, 0x05, 0x98, 0x79, 0x29, 0x46, 0xE3, 0x42, 0xCD, 0xD8, 0x7C, 0x2C,
    0x8B, 0xA5, 0x74, 0xBC, 0x3B, 0x3A, 0x12, 0xA4, 0x0F, 0x4C, 0xB8, 0x44, 0xF1, 0x87, 0x97, 0x81,
    0xD9, 0xBF, 0x93, 0x34, 0x02, 0x81, 0xBD, 0x87, 0x3D, 0x74, 0x3F, 0x5B, 0xCE, 0x8F, 0x81, 0xDA,
    0x62, 0xB1, 0x65, 0x6F, 0x13, 0xCF, 0x95, 0xC6, 0x4C, 0x36, 0x1F, 0xAD, 0x71, 0x7C, 0xF1, 0x60,
    0xB2, 0x05, 0x4F, 0x31, 0x01, 0xBC, 0xE5, 0x2A, 0xD7, 0x65, 0xBC, 0xCA, 0xE5, 0xCA, 0x4C, 0x99,
    0x7A, 0x35, 0xB9, 0xEB, 0xF6, 0x0C, 0x13, 0x9E, 0x46, 0xC5, 0x4C, 0xE0, 0x2D, 0x1C, 0x39, 0x1E,
    0x74, 0x94, 0x77, 0x5D, 0x40, 0xD2, 0x71, 0xE2, 0x56, 0x6A, 0x23, 0x3A, 0xD6, 0x21, 0x59, 0x73,
    0xD7, 0xB4, 0xC6, 0xE7, 0xA1, 0xD9, 0x6C, 0x6C, 0x31, 0xE4, 0x81, 0x41, 0xC7, 0xDC, 0xB1, 0x0F,
    0x02, 0xA7, 0xB2, 0xCF, 0x5D, 0x3A, 0xDB, 0xC0, 0x90, 0x55, 0x9D, 0x3B, 0xEE, 0xDC, 0x03, 0xD7,
    0x8E, 0x6C, 0x0A, 0xED, 0xCE, 0x48, 0xB3, 0x1E, 0x74, 0x9B, 0xA4, 0x33, 0xA9, 0xD9, 0xB6, 0x27,
    0x1C, 0x87, 0xD9, 0x47, 0x9E, 0x94, 0x09, 0x3A, 0xEA, 0x5A, 0x0E, 0x03, 0x19, 0xB9, 0x54, 0x67,
    0x8E, 0x6B, 0x47, 0x3A, 0xAB, 0xB1, 0xF5, 0x6A, 0x6B, 0x17, 0x6E, 0x1B, 0x79, 0x39, 0xFF, 0x54,
    0xAB, 0x76, 0x09, 0xE4, 0xD8, 0x8C, 0x93, 0x3A, 0xEA, 0x8A, 0xE3, 0x7B, 0x16, 0x65, 0xE6, 0xA0,
    0xC5, 0xC0, 0x4A, 0xE9, 0xCF, 0xB9, 0xCA, 0x38, 0x0E, 0x10, 0x07, 0x49, 0x07, 0xAF, 0x6A, 0x7F,
    0x30, 0xA9, 0xEA, 0xE3, 0x7E, 0x61, 0x78, 0x7F, 0x53, 0x69, 0x37, 0xE5, 0xC0, 0x29, 0x87, 0x25,
    0x63, 0x3E, 0xFA, 0x40, 0x2A, 0x68, 0x13, 0x22, 0x95, 0x65, 0xF2, 0x6F, 0xFB, 0x2C, 0xA1, 0x5A,
    0x2C, 0xE9, 0x1C, 0xD3, 0x9A, 0x49, 0xAD, 0xC9, 0xC2, 0xB1, 0xC1, 0xFA, 0xE6, 0x9B, 0x16, 0x03,
    0x16, 0x4E, 0xC3, 0x34, 0xDE, 0x78, 0x13, 0x05, 0xC1, 0x1E, 0xF0, 0x72, 0x5D, 0x65, 0xE8, 0xC0,
    0x14, 0xA3, 0x2E, 0x21, 0x55, 0xAB, 0x6E, 0x50, 0x07, 0xFD, 0x4A, 0x86, 0x95, 0xD6, 0x6A, 0x45,
    0x61, 0xCA, 0x95, 0x93, 0xD5, 0x26, 0x9E, 0xF3, 0xD4, 0x72, 0xBA, 0xDA, 0x20, 0x2E, 0x48, 0x1D,
    0x46, 0x0D, 0xA7, 0xAA, 0x2D, 0x7A, 0xFE, 0xD9, 0x32, 0x20, 0x14, 0x6B, 0x6B, 0x0E, 0xD7, 0xA4,
    0xC6, 0x9F, 0xC2, 0xB8, 0x9C, 0x06, 0xB8, 0xFA, 0x4F, 0xA0, 0xE1, 0x9D, 0x29, 0x7D, 0x34, 0xBA,
    0x1C, 0x14, 0x13, 0xBA, 0x7B, 0x57, 0x3D, 0x2E, 0x3D, 0xF8, 0x53, 0x43, 0xEC, 0x58, 0x81, 0xF8,
    0x4B, 0x25, 0x19, 0x4F, 0x7E, 0xA1, 0xF8, 0xF2, 0xA2, 0x56, 0xE8, 0xB8, 0x26, 0x55, 0xFD, 0x0E,
    0xAB, 0x68, 0xA1, 0x99, 0x3E, 0x7B, 0x75, 0x41, 0xCE, 0x82, 0x74, 0x91, 0x91, 0x0F, 0x4E, 0x7E,
    0xC8, 0x23, 0xF5, 0x95, 0xCB, 0x1C, 0x1D, 0x82, 0x92, 0x48, 0x0E, 0x37, 0x5E, 0xC7, 0x1E, 0x68,
    0x74, 0x26, 0x33, 0xD9, 0x09, 0xCB, 0x0A, 0xD8, 0x19, 0xB9, 0xAC, 0xAC, 0x72, 0xCF, 0x67, 0x6A,
    0xCF, 0xA8, 0x95, 0x30, 0x13, 0x54, 0x73, 0x87, 0xEF, 0x72, 0xA1, 0x5A, 0x37, 0x93, 0x59, 0xBA,
    0xB8, 0xD6, 0x63, 0x8B, 0x26, 0xC4, 0xAB, 0x9C, 0x3A, 0x83, 0xE5, 0x16, 0xFB, 0x06, 0xB7, 0x00,
    0xD1, 0x29, 0x6F, 0x3E, 0x94, 0xD1, 0x8A, 0xCC, 0xFB, 0x6F, 0x4E, 0xBC, 0xAE, 0xEB, 0x4F, 0xC6,
    0x85, 0xEC, 0xCF, 0xF4, 0xB6, 0xEA, 0x50, 0xEE, 0xC3, 0x1F, 0x1A, 0x94, 0x93, 0x35, 0x2B, 0xB2,
    0xE3, 0xBA, 0xAE, 0x8E, 0x89, 0x96, 0x66, 0xF1, 0x70, 0xBE, 0xA8, 0xB4, 0x8F, 0xC8, 0x6B, 0x81,
    0xF6, 0x41, 0xD6, 0x64, 0xD5, 0x92, 0x65, 0x64, 0xFF, 0x20, 0x1B, 0xB2, 0x25, 0x39, 0x19, 0xF5,
    0x2F, 0x68, 0x87, 0x72, 0xB0, 0xE9, 0x82, 0x62, 0x6D, 0xAE, 0xCE, 0x30, 0xB2, 0x2D, 0x23, 0x2B,
    0xD4, 0xEF, 0x7C, 0x8C, 0xBA, 0xED, 0x21, 0xD7, 0x6B, 0x1B, 0xF6, 0x43, 0x2A, 0xF7, 0x64, 0x46,
    0x4E, 0x2B, 0xA2, 0x8B, 0x7C, 0xC7, 0xA1, 0x13, 0xA2, 0xAD, 0x37, 0xFF, 0x19, 0xC5, 0xC8, 0xC4,
    0xB9, 0x5B, 0xD4, 0xE9, 0x0D, 0x93, 0xE7, 0x70, 0xCB, 0x09, 0xC3, 0x46, 0x1D, 0x9C, 0xDB, 0xD9,
    0x98, 0x32, 0x5E, 0x65, 0xC9, 0x3E, 0xE6, 0x56, 0x0E, 0xAC, 0x69, 0xA1, 0x8B, 0x96, 0x91, 0x0F,
    0x1A, 0x1A, 0xC2, 0xFD, 0xF7, 0x0A, 0xFB, 0x57, 0x34, 0xD0, 0xCD, 0x5A, 0x15, 0xCD, 0xD4, 0x84,
    0x6C, 0x7D, 0x5D, 0x7D, 0x83, 0x2E, 0x7A, 0x4D, 0xB6, 0x66, 0x66, 0x20, 0x42, 0x05, 0x06, 0x4E,
    0xCA, 0x08, 0x7E, 0xA6, 0x60, 0x95, 0x75, 0xB5, 0xAD, 0x38, 0xA3, 0x1B, 0x64, 0x4B, 0xB6, 0x32,
    0xAB, 0x19, 0xBA, 0x7D, 0xD1, 0x35, 0x9C, 0xB5, 0x2C, 0xB5, 0x7E, 0x8D, 0xAE, 0xD1, 0xF2, 0x63,
    0x5B, 0x73, 0x98, 0x56, 0xE7, 0xFF, 0xDB, 0x6D, 0x44, 0x1E, 0x5E, 0xE1, 0x60, 0xE0, 0x5B, 0x7E,
    0x38, 0x33, 0x41, 0x12, 0x77, 0xA9, 0x81, 0x3A, 0x23, 0x1B, 0x66, 0xA2, 0x19, 0xDA, 0xDA, 0x07,
    0x56, 0xEF, 0x92, 0xEA, 0x03, 0x43, 0x3D, 0x60, 0xE4, 0xBF, 0x22, 0xCD, 0x6F, 0x46, 0x32, 0xBA,
    0x11, 0x4A, 0x48, 0xAB, 0x44, 0x0C, 0xBA, 0x72, 0xB8, 0x33, 0xC0, 0xB2, 0x4A, 0xCD, 0x65, 0x5B,
    0xAB, 0x35, 0x53, 0xB3, 0x9C, 0xCC, 0xF1, 0x49, 0x62, 0x16, 0xB7, 0x71, 0xD9, 0x88, 0x74, 0x2E,
    0x06, 0x5D, 0x6E, 0x03, 0xCA, 0x80, 0xB3, 0x6A, 0xDF, 0xA9, 0xD8, 0x66, 0xFF, 0x3A, 0xBB, 0xF0,
    0x1B, 0xD2, 0xB7, 0x5E, 0x61, 0xD9, 0x3E, 0xFA, 0x6B, 0x05, 0xA9, 0x7E, 0x01, 0x8A, 0xEF, 0x4F,
    0x3C, 0xD1, 0x7F, 0x0F, 0x27, 0xE1, 0xF3, 0xD6, 0x3D, 0xAF, 0xFC, 0xF1, 0xDB, 0x40, 0xF9, 0x4F,
    0x9E, 0xC3, 0x69, 0xD9, 0xFD, 0x2A, 0x5F, 0xB4, 0xC0, 0xAB, 0x86, 0x49, 0x3F, 0xFD, 0x1E, 0x3C,
    0x17, 0x4A, 0x99, 0x54, 0xD5, 0x80, 0xA8, 0xF2, 0x07, 0x79, 0x32, 0x80, 0xA1, 0x98, 0x51, 0xBA,
    0x98, 0x6C, 0x80, 0x89, 0x17, 0x5A, 0xED, 0x14, 0x06, 0xED, 0x92, 0x92, 0x9D, 0xA8, 0x0F, 0x95,
    0xB4, 0xE7, 0x74, 0x06, 0xE6, 0x6E, 0x9B, 0x58, 0x56, 0x1F, 0x8B, 0xEB, 0xD1, 0x37, 0xB8, 0xE9,
    0xD1, 0xA3, 0xAF, 0x7B, 0x54, 0xED, 0xDE, 0x85, 0x16, 0xF1, 0xE8, 0x6C, 0x3F, 0x82, 0xC5, 0x9D,
    0xE8, 0xC9, 0xEA, 0x79, 0xCD, 0x19, 0x65, 0xE8, 0xE6, 0x86, 0xA5, 0x69, 0x57, 0x5B, 0xDD, 0x2F,
    0xE4, 0xC1, 0x1B, 0xAA, 0xB4, 0x56, 0xE6, 0xD7, 0x23, 0xFD, 0xEC, 0xC2, 0x85, 0x6E, 0xEF, 0xF9,
    0xC3, 0x57, 0x19, 0xB4, 0xD3, 0xB7, 0xED, 0x00, 0x63, 0x29, 0xF3, 0xBE, 0xA4, 0x5C, 0x21, 0xBA,
    0x93, 0xC1, 0x11, 0x83, 0x57, 0xEE, 0xBB, 0x61, 0x0D, 0xB9, 0x8B, 0x8A, 0xE7, 0xBB, 0x01, 0x31,
    0x14, 0xD2, 0xEE, 0x47, 0x8B, 0xCA, 0x0B, 0x4A, 0x9D, 0xE2, 0xF4, 0x50, 0x17, 0x4E, 0x73, 0xFD,
    0x36, 0x97, 0x53, 0x3D, 0x55, 0x3F, 0xD8, 0xA9, 0xC7, 0x60, 0x26, 0xDD, 0x2E, 0xD1, 0x9F, 0xD0,
    0xAD, 0x53, 0xA3, 0xD6, 0x44, 0xE7, 0x3F, 0x23, 0x8A, 0xA1, 0x6A, 0xCB, 0x78, 0xC0, 0x59, 0x1F,
    0x0F, 0x06, 0x0B, 0x3D, 0xC8, 0x5C, 0xA7, 0x07, 0xEA, 0x28, 0xAB, 0x49, 0x48, 0x27, 0x0F, 0x66,
    0xD8, 0x63, 0x99, 0xA1, 0xA6, 0x01, 0xE2, 0xD4, 0x3C, 0x70, 0x9C, 0xEF, 0x26, 0x62, 0xD8, 0xCC,
    0x44, 0xD5, 0x6F, 0xEE, 0x7E, 0xD5, 0x02, 0xA7, 0x86, 0xB3, 0xB9, 0xBF, 0x2B, 0x52, 0xBF, 0xE9,
    0xAD, 0x69, 0x1F, 0x10, 0xC3, 0x7E, 0xA0, 0x92, 0xF7, 0x64, 0xE5, 0x98, 0x46, 0xBB, 0x58, 0x37,
    0x7B, 0x89, 0xBA, 0x51, 0xD9, 0x5A, 0x8E, 0xD2, 0xEA, 0x93, 0xC7, 0x81, 0x85, 0x16, 0x8E, 0xF3,
    0xC7, 0x4C, 0x8D, 0x4E, 0x59, 0xD1, 0x3D, 0xC5, 0xAA, 0xDD, 0xBD, 0x90, 0xCB, 0xC7, 0xD0, 0xAF,
    0x9A, 0xB2, 0xD1, 0xEA, 0x68, 0x0E, 0xB3, 0xED, 0x79, 0x43, 0x98, 0x73, 0x39, 0x64, 0xBE, 0x18,
    0xBA, 0x3E, 0x7A, 0x40, 0x68, 0xB4, 0xA9, 0x99, 0x48, 0x7B, 0xDC, 0xC2, 0x14, 0x03, 0xF9, 0xE7,
    0x84, 0xEC, 0x83, 0x9C, 0x69, 0xE3, 0xEF, 0x75, 0xDC, 0x9B, 0x85, 0xE3, 0xB8, 0x75, 0xB6, 0x65,
    0xEE, 0x00, 0x3E, 0x01, 0x4C, 0xA2, 0x83, 0xBC, 0x70, 0x5F, 0x2D, 0x9C, 0x59, 0xA5, 0xD3, 0x8D,
    0xEB, 0x3E, 0xA6, 0xB4, 0x47, 0xDE, 0x24, 0x92, 0xB7, 0xF7, 0x11, 0x72, 0x5D, 0xB5, 0x8A, 0x15,
    0x82, 0x4D, 0x62, 0xF7, 0xFD, 0x41, 0xF5, 0x9C, 0x2A, 0xC7, 0xAF, 0x86, 0xB2, 0x8F, 0x9A, 0xB7,
    0xA7, 0x77, 0xE4, 0xAF, 0x71, 0x3E, 0x54, 0x82, 0x5C, 0x7A, 0xF6, 0xEE, 0x60, 0xB9, 0x80, 0xC8,
    0xAD, 0xDE, 0xDE, 0xD4, 0xAD, 0x6B, 0xFD, 0x0C, 0x44, 0x6F, 0xEC, 0xBE, 0xB2, 0xC5, 0xC7, 0xE1,
    0xAA, 0x63, 0x47, 0xE1, 0x0A, 0xA6, 0x6A, 0x8E, 0xEA, 0x3F, 0x5E, 0xAB, 0x56, 0xD3, 0xA9, 0x5D,
    0x74, 0xAB, 0x2A, 0x87, 0x1D, 0x35, 0x77, 0x0D, 0x95, 0x23, 0xB6, 0xA5, 0x96, 0x7D, 0x35, 0x50,
    0x6D, 0x5F, 0x4C, 0x01, 0x10, 0x64, 0xF2, 0xB7, 0xB2, 0x5E, 0xE5, 0x16, 0x97, 0x61, 0x62, 0xBD,
    0x87, 0x46, 0x2D, 0xDF, 0x6B, 0x71, 0xE0, 0x21, 0xA9, 0x49, 0xD8, 0x55, 0xA5, 0x13, 0x55, 0x9F,
    0x0B, 0x3F, 0xFE, 0x87, 0xDB, 0x2F, 0x53, 0xB0, 0x9E, 0x0C, 0xC9, 0x3F, 0x8C, 0x72, 0x5B, 0x99,
    0x0C, 0xD8, 0x03, 0xF3, 0xE2, 0x0B, 0xCD, 0xC2, 0x57, 0x2A, 0x42, 0xEF, 0x2C, 0x5B, 0xFE, 0x12,
    0x7F, 0x74, 0x75, 0xD4, 0x5B, 0x9F, 0xF1, 0xFE, 0xEA, 0xA0, 0x69, 0x75, 0x1C, 0x59, 0x30, 0x3C,
    0x28, 0x67, 0xC0, 0x12, 0x85, 0x83, 0x4C, 0xA5, 0x0D, 0x92, 0xF8, 0xAA, 0x0F, 0x62, 0xE6, 0xC2,
    0xE9, 0x03, 0x98, 0x6C, 0x79, 0x59, 0xDE, 0x6F, 0xC6, 0x50, 0xD0, 0xCF, 0x45, 0x7A, 0x34, 0xF2,
    0x75, 0x59, 0xF4, 0x17, 0x04, 0xFA, 0x54, 0xF9, 0x95, 0xC3, 0xE1, 0x2D, 0x20, 0xEE, 0xEA, 0xA9,
    0x97, 0x5E, 0xFF, 0x1B, 0xD5, 0x2F, 0x18, 0xF4, 0x78, 0x20, 0xFC, 0x4F, 0xF9, 0x8E, 0x0B, 0xCF,
    0x1F, 0x0E, 0xDB, 0x2F, 0x34, 0x57, 0x5D, 0x75, 0xDD, 0xAB, 0x14, 0x5C, 0x7F, 0x09, 0x1A, 0x3E,
    0x37, 0xDF, 0x86, 0x69, 0x48, 0xB7, 0x87, 0x9B, 0x53, 0x22, 0xAB, 0xB8, 0x90, 0x2F, 0xAE, 0x17,
    0xEE, 0xB8, 0xAD, 0x68, 0x03, 0x9A, 0x0B, 0xFF, 0x31, 0xE0, 0x04, 0x2B, 0x21, 0x0F, 0xF9, 0xC7,
    0x80, 0x5F, 0xBC, 0xCD, 0xC1, 0x3D, 0xEF, 0xAE, 0xF8, 0xFF, 0x25, 0xD2, 0x87, 0xE1, 0xE4, 0x97,
    0x1B, 0x72, 0xD3, 0x1D, 0x7F, 0xB9, 0xD1, 0x86, 0x88, 0x8F, 0x89, 0x35, 0xD3, 0xEC, 0x4F, 0xBF,
    0xBE, 0x55, 0x6B, 0x13, 0x9B, 0x10, 0xD1, 0x84, 0x58, 0x7D, 0x42, 0xC4, 0xFF, 0x43, 0xCC, 0xE3,
    0x19, 0xCE, 0xAD, 0x12, 0x5C, 0x28, 0xE8, 0xB6, 0xE8, 0x6D, 0x47, 0x47, 0x54, 0x9E, 0x29, 0x98,
    0xD9, 0xED, 0x72, 0x78, 0x09, 0x73, 0xDA, 0xDB, 0x6F, 0xB0, 0x4E, 0xBF, 0x19, 0x76, 0xB7, 0xA6,
    0x19, 0x99, 0x62, 0x09, 0xF0, 0x34, 0x4F, 0xB3, 0x1A, 0xD4, 0x04, 0xC8, 0x78, 0xF9, 0x79, 0x3F,
    0xA6, 0xA8, 0x9F, 0xBD, 0x72, 0xB5, 0xB7, 0x22, 0x3D, 0x9F, 0x3D, 0x7D, 0x6D, 0x37, 0x95, 0x95,
    0xA0, 0xE2, 0x67, 0x53, 0xDE, 0xFF, 0x1E, 0x8C, 0xEE, 0x67, 0xEE, 0xE0, 0x55, 0x54, 0x75, 0xDA,
    0x72, 0x7F, 0x50, 0xB6, 0x45, 0x7D, 0x0D, 0x7F, 0x85, 0xE4, 0x7A, 0x5C, 0x73, 0xAD, 0xAC, 0xED,
    0xD7, 0x52, 0xE9, 0x5F, 0xC5, 0xF3, 0x3D, 0x4E, 0xC2, 0x71, 0x69, 0x36, 0xE2, 0x28, 0x27, 0x2E,
    0x60, 0x56, 0xFF, 0x3E, 0x4E, 0xC3, 0xF3, 0x2D, 0xF9, 0x17, 0x6C, 0xC1, 0xBC, 0xFB, 0x68, 0xB2,
    0xE8, 0xF6, 0xC1, 0x21, 0x19, 0x0A, 0xD6, 0x18, 0x0E, 0xA8, 0x9F, 0x05, 0x3B, 0xE8, 0x05, 0x3C,
    0x7E, 0x28, 0x27, 0x95, 0x54, 0xD0, 0xAC, 0x80, 0x66, 0xDD, 0x4F, 0x25, 0x18, 0x8A, 0x6F, 0xB9,
    0x31, 0x03, 0xC3, 0xFF, 0xC6, 0x8F, 0xF1, 0xF8, 0x21, 0xC1, 0x1E, 0xEC, 0xA4, 0x45, 0xB0, 0xF6,
    0x5E, 0x8B, 0x18, 0x91, 0x8C, 0x5F, 0xDE, 0x6A, 0x9F, 0xF4, 0xCF, 0x03, 0xF8, 0x5F, 0xA1, 0xFF,
    0x4E, 0x43, 0xD3, 0x1E, 0xE7, 0xC3, 0xB1, 0xAF, 0xFE, 0x63, 0x3E, 0xF6, 0xD5, 0xAB, 0x17, 0x14,
    0x58, 0xAB, 0x9C, 0xDC, 0xD3, 0xFC, 0x78, 0x54, 0xB4, 0xC7, 0x36, 0xD7, 0x2A, 0x06, 0xB0, 0xFB,
    0xA9, 0xFD, 0x28, 0xEB, 0xF1, 0x4A, 0x5C, 0xED, 0x8C, 0xDB, 0xFD, 0x61, 0x1D, 0xF3, 0xC5, 0x71,
    0xBF, 0x5E, 0x8C, 0xBB, 0xA1, 0x37, 0x9A, 0xCF, 0xFF, 0xC7, 0xE3, 0x85, 0x6B, 0xB5, 0x4A, 0x3E,
    0x1C, 0x7B, 0x7C, 0xE5, 0x4B, 0x8F, 0x64, 0xC0, 0x35, 0x68, 0x78, 0x79, 0xC0, 0x93, 0x86, 0x9E,
    0xE0, 0x50, 0x32, 0x5A, 0x53, 0xE1, 0x91, 0xD3, 0xDC, 0xF7, 0x09, 0x6C, 0x1D, 0x87, 0x96, 0xA7,
    0xFD, 0xE7, 0x3A, 0x1C, 0x07, 0xBA, 0x1E, 0x55, 0xC7, 0x1E, 0xFA, 0x02, 0x15, 0xFB, 0x07, 0x9A,
    0x74, 0x0F, 0xC7, 0xAE, 0xC7, 0x17, 0x95, 0xC9, 0xA4, 0xDD, 0xE7, 0x95, 0x0B, 0xE2, 0xCE, 0xD6,
    0x33, 0x9B, 0x78, 0xE7, 0x5E, 0x3B, 0xEF, 0xB7, 0x26, 0x0B, 0x69, 0x94, 0xB9, 0xB2, 0x50, 0x5A,
    0x65, 0xF7, 0x26, 0xB9, 0x90, 0xC6, 0x93, 0xB9, 0xBB, 0x13, 0x58, 0x0C, 0xA4, 0xED, 0xC9, 0x0E,
    0xE4, 0x42, 0x1A, 0x4F, 0xE6, 0x8E, 0x2C, 0x06, 0xD2, 0xF6, 0xE4, 0x7F, 0xB7, 0x77, 0xF6, 0xB0,
    0x91, 0x5B, 0xD7, 0x1E, 0x3F, 0x1C, 0x42, 0x20, 0xF0, 0x58, 0xF0, 0x15, 0xBB, 0x8D, 0xB7, 0x60,
    0xFF, 0x5E, 0xC1, 0x1E, 0xC8, 0xEA, 0x32, 0x01, 0x0C, 0xB7, 0x2A, 0x56, 0x9B, 0x00, 0x5B, 0xB8,
    0x49, 0x95, 0x14, 0xDB, 0x03, 0xF6, 0x72, 0x82, 0xF4, 0x48, 0xAA, 0xA4, 0x48, 0xB3, 0x85, 0x0D,
    0x38, 0xEB, 0xC2, 0x29, 0x13, 0xC0, 0x2B, 0x32, 0x76, 0xE1, 0x22, 0x85, 0xD9, 0xA4, 0x36, 0x8B,
    0x18, 0x88, 0x95, 0x62, 0x19, 0x98, 0x42, 0x46, 0x0E, 0xC9, 0x93, 0xFB, 0x3F, 0xE7, 0xEA, 0x8A,
    0xD4, 0x48, 0xB3, 0x23, 0xEF, 0x78, 0xA5, 0x04, 0x19, 0xE8, 0xFE, 0x8E, 0x45, 0x53, 0xB3, 0x97,
    0x67, 0x38, 0x77, 0xCE, 0x3D, 0x5F, 0x53, 0x12, 0x38, 0x80, 0xDC, 0x0B, 0x5B, 0x61, 0x0D, 0x87,
    0x31, 0x57, 0x42, 0xB2, 0x94, 0xD9, 0x85, 0xC2, 0xA8, 0x01, 0x93, 0x5A, 0x58, 0x81, 0x99, 0xD0,
    0x2C, 0xC1, 0xBB, 0xB8, 0xB7, 0xEE, 0xE0, 0xD4, 0x5E, 0xB1, 0x18, 0x1F, 0x9D, 0x15, 0x48, 0xDE,
    0x1B, 0x73, 0xA2, 0xA9, 0x96, 0x0A, 0xC4, 0xBB, 0x24, 0xD1, 0x06, 0x88, 0x80, 0xE4, 0x0B, 0x8B,
    0xEC, 0x17, 0x16, 0x26, 0xB1, 0xE8, 0x2D, 0x16, 0x2B, 0x0B, 0x71, 0x5E, 0x25, 0xB5, 0xF3, 0x58,
    0xED, 0x1B, 0xB2, 0x18, 0x2C, 0x4C, 0x0F, 0xB4, 0x94, 0x7C, 0x65, 0x1A, 0x4A, 0x46, 0x53, 0xB9,
    0xAD, 0x90, 0x47, 0xE0, 0xA3, 0x60, 0x82, 0xC8, 0x57, 0x2C, 0x4D, 0x51, 0xF0, 0x08, 0x30, 0x30,
    0xCA, 0xB1, 0x75, 0x30, 0xFF, 0x12, 0x60, 0x41, 0x65, 0x8F, 0x3D, 0x6E, 0x2D, 0xA2, 0xCE, 0x22,
    0xEC, 0x2D, 0x02, 0x8F, 0x05, 0x10, 0xAE, 0x2C, 0xD2, 0x36, 0x1C, 0x3F, 0xE4, 0x1A, 0x7F, 0x91,
    0x5B, 0x74, 0x17, 0xC3, 0xAB, 0x82, 0x47, 0x27, 0x0F, 0xC4, 0xF3, 0x2D, 0x90, 0x63, 0xDB, 0xE1,
    0x9B, 0x67, 0xB3, 0x09, 0xB5, 0x94, 0x5E, 0x12, 0x4F, 0x4D, 0xDA, 0xF0, 0xE4, 0xE1, 0xF9, 0x0C,
    0x56, 0xA4, 0x83, 0x2B, 0x2D, 0xD9, 0x8B, 0x7B, 0x14, 0xA2, 0xFA, 0xCA, 0x7A, 0x19, 0x79, 0x39,
    0x84, 0xF5, 0x30, 0xD8, 0x92, 0xB1, 0x81, 0xA4, 0x50, 0xA4, 0xD1, 0x12, 0xBF, 0x17, 0xD5, 0x20,
    0xA6, 0x64, 0xB0, 0xB1, 0x92, 0x7B, 0x07, 0x59, 0x93, 0xDF, 0x43, 0xD6, 0xE4, 0x11, 0xB2, 0x26,
    0xCD, 0x48, 0xE6, 0x34, 0xF5, 0x59, 0x93, 0x00, 0x3D, 0xE8, 0x2D, 0xE8, 0x3E, 0x70, 0x67, 0x53,
    0xD6, 0x64, 0xD8, 0x5E, 0x1C, 0xCC, 0xEC, 0xC7, 0x77, 0xD6, 0xD2, 0xC7, 0x4C, 0x7F, 0x5C, 0xB6,
    0xC7, 0xB3, 0xDF, 0x5E, 0x2B, 0x29, 0x41, 0x5F, 0x4F, 0x0F, 0xB9, 0xFD, 0xB6, 0x80, 0x64, 0x1B,
    0x0B, 0xFE, 0x7F, 0x7C, 0xB6, 0x94, 0x63, 0xD7, 0x84, 0xD8, 0x29, 0x32, 0x1A, 0xBC, 0x4F, 0x2E,
    0x0E, 0xE6, 0x41, 0xC6, 0xBD, 0x93, 0x07, 0x7A, 0xEC, 0x8A, 0x01, 0xFD, 0x4E, 0x00, 0xD5, 0x6C,
    0x03, 0x3C, 0xB5, 0x8B, 0x0C, 0xFE, 0x4D, 0xBA, 0x30, 0xC4, 0xE3, 0xBC, 0x42, 0x3A, 0xAB, 0x2C,
    0x12, 0x41, 0x0D, 0x34, 0x17, 0x30, 0x2B, 0x6F, 0xF0, 0x36, 0x20, 0xA2, 0x97, 0xA7, 0x8F, 0xE5,
    0xA9, 0x3B, 0x60, 0xA9, 0xA1, 0x39, 0xC3, 0xEC, 0xC7, 0x7A, 0xEA, 0x99, 0x1D, 0x9A, 0x52, 0x91,
    0x9B, 0x43, 0x76, 0x69, 0x03, 0xD1, 0x24, 0x05, 0x2D, 0xF0, 0x83, 0x64, 0x2C, 0xEC, 0x08, 0x57,
    0x7A, 0xA3, 0x25, 0xED, 0xE2, 0x1B, 0xD9, 0xC6, 0xE6, 0xB2, 0xA6, 0xAA, 0x15, 0xBA, 0xEF, 0xDC,
    0x95, 0x05, 0x4E, 0x97, 0x8D, 0xBD, 0xF6, 0x29, 0x82, 0xBF, 0x00, 0x87, 0xB4, 0xCA, 0xB3, 0xB4,
    0xB2, 0x14, 0xFB, 0xB3, 0x08, 0xF4, 0x13, 0xB4, 0x70, 0x2F, 0x4F, 0x91, 0x34, 0xBA, 0x77, 0xD6,
    0x82, 0xCD, 0xB2, 0x28, 0x5C, 0x3A, 0x51, 0xEF, 0xE4, 0x28, 0x92, 0x0B, 0x93, 0xCB, 0xEE, 0xBA,
    0x48, 0x2B, 0x59, 0xED, 0x0A, 0x57, 0xCB, 0x53, 0x84, 0x1A, 0x1F, 0x56, 0x3F, 0x17, 0x53, 0x41,
    0x85, 0xCC, 0xBA, 0x90, 0x0D, 0xA1, 0xCC, 0xA3, 0x75, 0xF3, 0xE2, 0x5A, 0xE7, 0xC9, 0x0D, 0x6B,
    0xC6, 0x4D, 0xE3, 0x0C, 0x84, 0x6B, 0xCA, 0x20, 0x37, 0xB9, 0x96, 0x6F, 0x56, 0x56, 0xF4, 0xE2,
    0xD6, 0xD2, 0xD5, 0x51, 0xA2, 0x4E, 0xA3, 0xEC, 0xD4, 0x11, 0x5D, 0x2B, 0xC5, 0xCF, 0xF6, 0xF7,
    0x5E, 0x9A, 0x91, 0x88, 0xA7, 0x2D, 0x10, 0xB7, 0xB7, 0x6F, 0x6E, 0xF0, 0xF5, 0xD7, 0x50, 0x42,
    0xFA, 0xA9, 0xBC, 0x6B, 0x0B, 0x75, 0xAD, 0x0D, 0x88, 0xC3, 0x49, 0xF8, 0x2E, 0xC6, 0xC4, 0xED,
    0x53, 0x8F, 0x4F, 0x25, 0xD6, 0xC6, 0xAD, 0x96, 0x30, 0xB8, 0x85, 0x7E, 0x6B, 0x41, 0x74, 0xB3,
    0xCD, 0x18, 0x1E, 0x55, 0x7E, 0x2E, 0xBE, 0x37, 0x8F, 0x20, 0x73, 0x86, 0x88, 0xF6, 0xBF, 0xD9,
    0x69, 0x61, 0x46, 0x21, 0x96, 0xBC, 0xDA, 0x7E, 0x61, 0xAD, 0x43, 0x8C, 0xCF, 0xA5, 0x58, 0x2C,
    0x67, 0xEF, 0xB9, 0x52, 0xE2, 0x64, 0x16, 0x51, 0x67, 0x91, 0xFA, 0x1E, 0x08, 0xE3, 0x59, 0xAB,
    0x83, 0xA4, 0xB5, 0x30, 0x95, 0x85, 0x4F, 0x2B, 0x19, 0x25, 0x38, 0x5E, 0xE6, 0x16, 0x59, 0xAD,
    0xA7, 0xE8, 0xC9, 0xBE, 0x25, 0xC2, 0xBC, 0x1B, 0x82, 0x84, 0xF3, 0x8B, 0xDE, 0x22, 0x93, 0x2B,
    0xDF, 0x8C, 0x07, 0x92, 0x3A, 0x8B, 0xE8, 0xB3, 0xC4, 0x1D, 0x2C, 0x58, 0xCB, 0x72, 0x5D, 0x44,
    0x59, 0x13, 0x63, 0xC8, 0x62, 0x00, 0x18, 0x90, 0xBB, 0x2D, 0x69, 0x2C, 0xC2, 0xCE, 0x22, 0x18,
    0x2C, 0xA8, 0x90, 0xBC, 0xEB, 0x63, 0x8B, 0x98, 0x2D, 0xD4, 0x17, 0x66, 0x36, 0x62, 0xEF, 0x72,
    0xBD, 0xDC, 0x4F, 0x6B, 0x0B, 0xE8, 0x65, 0x1F, 0x7A, 0x31, 0x3D, 0x30, 0xD7, 0xCB, 0x30, 0xD7,
    0x8B, 0xA9, 0xFD, 0x29, 0xBD, 0xC5, 0x7D, 0x06, 0xA0, 0x97, 0x3B, 0x13, 0xBD, 0xC8, 0x1A, 0x58,
    0xE4, 0x16, 0x59, 0x2D, 0xB5, 0x53, 0x6F, 0x24, 0x8D, 0xC9, 0xCC, 0xD2, 0x64, 0x4C, 0x26, 0xEB,
    0xED, 0x68, 0xED, 0xA8, 0xE4, 0x6A, 0x0D, 0xBB, 0x01, 0x8D, 0x64, 0x8D, 0x1D, 0x9D, 0x1D, 0x83,
    0x1D, 0x85, 0x1D, 0x59, 0x65, 0xDE, 0x88, 0x5B, 0xA3, 0xD6, 0x0A, 0x1D, 0x91, 0x98, 0x2B, 0x96,
    0xF8, 0x29, 0xB9, 0x86, 0x57, 0x84, 0xEB, 0xB4, 0xC2, 0x7F, 0x9B, 0x1C, 0x07, 0xC5, 0x12, 0x5A,
    0xF4, 0x60, 0xD8, 0x82, 0x49, 0x63, 0xC9, 0x5C, 0x09, 0x73, 0x61, 0x25, 0xC7, 0x5B, 0x30, 0xEA,
    0xC0, 0xB0, 0x07, 0x89, 0x85, 0x45, 0x0E, 0x9A, 0x0A, 0x4C, 0x1A, 0x30, 0xEA, 0xC0, 0xB0, 0x07,
    0x69, 0x14, 0x16, 0x79, 0x70, 0x70, 0xC1, 0x20, 0x3A, 0xBC, 0x2A, 0xAD, 0x93, 0xB0, 0xA4, 0xE0,
    0xEF, 0x34, 0xCF, 0x2C, 0x69, 0x2D, 0xC4, 0xB3, 0x55, 0x10, 0x85, 0x58, 0x41, 0x10, 0x54, 0xC7,
    0x12, 0x06, 0xB4, 0xF8, 0x55, 0x16, 0xE5, 0x11, 0x30, 0xB9, 0x45, 0x5A, 0x4B, 0xB2, 0xA1, 0x85,
    0x96, 0xD1, 0xBB, 0x72, 0x27, 0x66, 0x7C, 0x60, 0x4A, 0xFD, 0x5E, 0x03, 0x6A, 0x1A, 0x0C, 0x93,
    0x65, 0xD8, 0x83, 0x49, 0x0B, 0x66, 0x15, 0x58, 0x92, 0xE5, 0x1F, 0x07, 0xF0, 0xB3, 0x0E, 0xFC,
    0xA2, 0x01, 0x79, 0x29, 0xAC, 0xC0, 0xCF, 0x5B, 0xF0, 0xD3, 0x1E, 0xAC, 0x58, 0x58, 0x2C, 0xC1,
    0xB4, 0x06, 0xE3, 0x0E, 0x5C, 0xF4, 0x20, 0xB1, 0xD0, 0x54, 0x60, 0xD2, 0x82, 0x61, 0x5F, 0x30,
    0x5C, 0x55, 0x25, 0xE3, 0x9C, 0x9F, 0x7C, 0x04, 0x37, 0x90, 0xC4, 0x8B, 0x40, 0x93, 0x83, 0xC3,
    0x79, 0x84, 0xE2, 0xF3, 0x06, 0xE4, 0x0A, 0x7C, 0x21, 0xFC, 0x53, 0x0B, 0x7E, 0xD2, 0x83, 0x15,
    0x0B, 0x4D, 0x05, 0x26, 0xCD, 0x79, 0x43, 0x1F, 0x1A, 0x84, 0x72, 0x6B, 0x2D, 0x3A, 0x02, 0x57,
    0xD7, 0x26, 0xDB, 0xC7, 0x8C, 0xDF, 0xEA, 0x79, 0xB8, 0x9E, 0x52, 0x36, 0x16, 0x5B, 0x30, 0xC8,
    0x61, 0x34, 0x0A, 0x96, 0x57, 0xE3, 0xD9, 0xB3, 0x12, 0xE9, 0xE6, 0xAC, 0xD8, 0x78, 0xF2, 0x5F,
    0x81, 0xDE, 0x6C, 0xB7, 0x02, 0xE9, 0xC4, 0xD9, 0x32, 0x9C, 0x72, 0x45, 0x5B, 0xF0, 0x72, 0xB5,
    0x85, 0xAF, 0x46, 0xCC, 0x9B, 0xDB, 0x73, 0x1E, 0x3F, 0x05, 0x97, 0xB4, 0x4E, 0xD1, 0x09, 0x89,
    0x3E, 0x94, 0x72, 0xFC, 0x3A, 0x74, 0xED, 0x04, 0xE6, 0x72, 0x47, 0x0D, 0x05, 0x31, 0x9F, 0x79,
    0xA3, 0x3F, 0x26, 0xDF, 0x08, 0x50, 0x64, 0xDA, 0xA8, 0x8C, 0x5B, 0x95, 0xE1, 0x4A, 0xE5, 0xA2,
    0x57, 0x19, 0x5C, 0x90, 0x34, 0x93, 0x38, 0x3E, 0x0F, 0x89, 0x84, 0x67, 0xB2, 0x53, 0x99, 0xB4,
    0x2A, 0xB3, 0x5A, 0xF8, 0x2B, 0xAE, 0x44, 0x32, 0xCF, 0x63, 0x6B, 0x62, 0x24, 0xF2, 0x40, 0x6B,
    0x82, 0x68, 0x93, 0x18, 0x1F, 0x88, 0x60, 0x6E, 0x54, 0xF4, 0x22, 0x1E, 0xB2, 0x9E, 0x62, 0x2A,
    0x11, 0x89, 0x13, 0x8D, 0x88, 0xB8, 0x15, 0x11, 0xCD, 0x85, 0xCE, 0xD2, 0x89, 0x58, 0x45, 0xD2,
    0xA8, 0xA8, 0x45, 0x18, 0x31, 0x29, 0x8E, 0x39, 0x87, 0x50, 0x0B, 0x31, 0x70, 0xB3, 0x9F, 0x06,
    0xD8, 0x5B, 0x4B, 0x06, 0x43, 0x3E, 0x6E, 0x24, 0x3E, 0xA8, 0xB1, 0xC1, 0xBD, 0x1C, 0xCF, 0x50,
    0x62, 0x82, 0xE2, 0x8D, 0xA7, 0x68, 0x55, 0x54, 0x08, 0xBD, 0x27, 0x35, 0x66, 0x08, 0xAB, 0x1B,
    0x99, 0x3F, 0x60, 0xD4, 0xF6, 0xC2, 0x61, 0xC2, 0xF1, 0x2C, 0x0F, 0xAC, 0x4E, 0x1A, 0x97, 0x27,
    0x66, 0x8F, 0x9A, 0x2A, 0x6D, 0x50, 0xB8, 0x9C, 0xAC, 0x02, 0x96, 0x00, 0xBB, 0xCB, 0x34, 0x3A,
    0xFD, 0xB1, 0xBC, 0xD4, 0x2B, 0x04, 0xD8, 0x41, 0xB5, 0xD2, 0x73, 0xF7, 0x11, 0x1E, 0xE0, 0xAC,
    0x68, 0xF8, 0x91, 0x4F, 0x63, 0x8D, 0x38, 0x37, 0x79, 0xCA, 0x8D, 0x21, 0xF3, 0x9B, 0xD6, 0x50,
    0x81, 0xAA, 0x8A, 0xA3, 0x60, 0x25, 0x65, 0xE1, 0x0E, 0x47, 0x8B, 0x95, 0xC9, 0x0B, 0x04, 0xE8,
    0xCC, 0x5B, 0x6D, 0xD2, 0xA4, 0x2F, 0xAA, 0x68, 0x48, 0x38, 0x47, 0x2C, 0xE3, 0x03, 0xCD, 0x82,
    0x0C, 0x1E, 0xC4, 0xFD, 0xA5, 0x2D, 0x66, 0x46, 0x0A, 0xAA, 0x57, 0xF6, 0x24, 0x9B, 0x2B, 0x5A,
    0xCC, 0xB8, 0x6A, 0xD0, 0x04, 0xA0, 0x27, 0x07, 0xF8, 0x57, 0xBC, 0x2F, 0x25, 0x06, 0x12, 0x8B,
    0x80, 0x05, 0xDE, 0x29, 0x24, 0x9E, 0xE4, 0xDA, 0x79, 0x92, 0xEB, 0xEB, 0x7B, 0x92, 0x1F, 0xB6,
    0x0B, 0x35, 0x35, 0x6B, 0xBD, 0xCD, 0x31, 0xE0, 0x99, 0xBB, 0xAF, 0x81, 0xAE, 0xA4, 0xD7, 0xD7,
    0x3D, 0xC8, 0x5F, 0x67, 0xC7, 0x1B, 0x6E, 0x80, 0xD6, 0x81, 0xA2, 0x4D, 0xC0, 0xD4, 0x0A, 0x57,
    0xB6, 0x68, 0xEC, 0xC0, 0x8D, 0x70, 0xBD, 0xF1, 0x8D, 0x1D, 0x2C, 0xE3, 0x6A, 0xA5, 0xC9, 0x8B,
    0xB8, 0x58, 0x15, 0xA4, 0x71, 0x44, 0x44, 0x14, 0xE5, 0x4E, 0xD7, 0x10, 0x0C, 0x6C, 0x27, 0x9C,
    0xD0, 0x63, 0xFA, 0x65, 0xD8, 0x39, 0x6B, 0x33, 0xFB, 0xBC, 0x76, 0x1F, 0xC0, 0x91, 0x36, 0x8B,
    0xF1, 0xDD, 0x17, 0xB7, 0xC6, 0x7A, 0x0E, 0x78, 0x3E, 0xCF, 0x01, 0x6F, 0x16, 0xAB, 0x59, 0x0E,
    0xB8, 0xCF, 0x0B, 0x18, 0xB2, 0xA5, 0x9A, 0xBA, 0x8A, 0xEC, 0xB9, 0x4F, 0x09, 0x58, 0xF9, 0xDE,
    0x0F, 0xDB, 0x61, 0x87, 0x57, 0x1E, 0x1C, 0x0E, 0x87, 0xE7, 0xBE, 0x29, 0xFD, 0x75, 0xF7, 0x57,
    0x9E, 0xCE, 0xAF, 0x7C, 0x58, 0xBB, 0xF2, 0x84, 0x79, 0xA5, 0x08, 0x7E, 0x78, 0x72, 0x70, 0xF5,
    0x95, 0x1B, 0x5C, 0xB9, 0x46, 0x48, 0x35, 0x1C, 0x87, 0xBF, 0xC6, 0xAF, 0x33, 0x47, 0x6D, 0xD0,
    0x6B, 0x39, 0xBD, 0x58, 0x58, 0x0D, 0x69, 0xA7, 0x20, 0x1F, 0x3E, 0x17, 0x2E, 0x84, 0x7A, 0x3C,
    0xF9, 0x42, 0x42, 0x2E, 0x9F, 0xB5, 0x96, 0x26, 0xEC, 0xE5, 0x79, 0x06, 0x51, 0x8F, 0xE8, 0x98,
    0xA0, 0xE4, 0xC6, 0xB5, 0x36, 0x89, 0x39, 0x87, 0x75, 0xCA, 0x68, 0x1A, 0x16, 0x68, 0x80, 0x39,
    0xDD, 0x82, 0x7B, 0xB2, 0xF5, 0xC9, 0xB5, 0x12, 0xBA, 0x0D, 0x7A, 0x75, 0x3A, 0xEA, 0x5E, 0x4B,
    0x1C, 0x00, 0x46, 0x22, 0x66, 0x9A, 0x92, 0x67, 0x11, 0x03, 0x7A, 0xFF, 0x97, 0x4B, 0x24, 0x77,
    0x54, 0x48, 0x83, 0x85, 0x66, 0x11, 0xB6, 0x6B, 0x69, 0x7C, 0x6A, 0xFF, 0xA8, 0x80, 0xA1, 0x6C,
    0x5E, 0x7E, 0xCB, 0x04, 0xB9, 0xAC, 0x14, 0x49, 0xC5, 0x33, 0x21, 0xFF, 0xF3, 0x06, 0x05, 0xE3,
    0x71, 0x41, 0xC8, 0xC3, 0x6C, 0x2D, 0xEE, 0x22, 0xF7, 0x20, 0xA9, 0x94, 0x08, 0x2F, 0xEA, 0x8B,
    0xB4, 0x1B, 0x1E, 0xDB, 0x4A, 0x4F, 0x49, 0x5F, 0x1C, 0x95, 0x1A, 0xE9, 0xD8, 0x82, 0x10, 0x70,
    0xA7, 0xBC, 0x02, 0x4D, 0x2E, 0xAC, 0x83, 0xB2, 0x95, 0x7F, 0xBC, 0xC5, 0xE7, 0xDE, 0x3F, 0x5B,
    0xA2, 0xC7, 0xA7, 0xEA, 0x78, 0x78, 0x09, 0xB9, 0xBA, 0x40, 0x4A, 0xB6, 0xE0, 0x5E, 0x2E, 0x9D,
    0x91, 0xA4, 0x47, 0xF5, 0x66, 0x14, 0xB4, 0x60, 0xD4, 0x58, 0x32, 0x66, 0x57, 0x52, 0xC8, 0x92,
    0x60, 0x42, 0x17, 0xF1, 0x14, 0xE8, 0xCE, 0x10, 0x6E, 0x04, 0x1D, 0x88, 0xDA, 0x8A, 0x97, 0xE0,
    0x29, 0xD0, 0x4D, 0x61, 0x72, 0xA0, 0x39, 0x29, 0xDB, 0x44, 0xBA, 0xFB, 0x88, 0xA2, 0x1E, 0x8F,
    0xD0, 0x44, 0x77, 0x09, 0x7E, 0x07, 0xD0, 0x14, 0xF6, 0xA2, 0x9F, 0x23, 0x13, 0x61, 0x36, 0xE2,
    0xA5, 0x1F, 0x45, 0xFC, 0xF3, 0xC1, 0xBC, 0xE0, 0x21, 0x65, 0x1E, 0x42, 0xF1, 0xC5, 0x2F, 0xE7,
    0x83, 0x48, 0x06, 0x40, 0xDB, 0x20, 0xB0, 0x4E, 0xDF, 0xA1, 0x74, 0x15, 0x0D, 0x39, 0x9F, 0x7E,
    0xBF, 0xAC, 0xC6, 0xA9, 0xAB, 0x34, 0x6E, 0xAF, 0x05, 0x64, 0x92, 0x9A, 0x4D, 0x23, 0xE1, 0xDA,
    0x14, 0xDC, 0xC1, 0xC3, 0x0F, 0x07, 0xBF, 0xA9, 0xA4, 0xC5, 0x83, 0xB9, 0xEE, 0x98, 0xC4, 0x7C,
    0x79, 0x79, 0xDE, 0x46, 0xCE, 0x8C, 0xE5, 0x88, 0x63, 0x4B, 0x44, 0xFD, 0xC5, 0x57, 0x23, 0xD9,
    0x7B, 0x2E, 0x95, 0x0F, 0x26, 0x71, 0x2C, 0xEE, 0x66, 0x63, 0x0F, 0x50, 0x68, 0x85, 0x78, 0x22,
    0xCC, 0x47, 0xC7, 0xB6, 0xC3, 0x51, 0x97, 0x69, 0xBE, 0x4A, 0xAC, 0x82, 0xD2, 0x3F, 0x1F, 0x1E,
    0x1E, 0x1E, 0xE8, 0xED, 0x28, 0xCF, 0x20, 0x62, 0x6A, 0x3F, 0xE3, 0xA9, 0x7D, 0xF7, 0x3B, 0xCD,
    0xEB, 0x0B, 0x96, 0x98, 0xC4, 0xC3, 0xB2, 0xD2, 0x3D, 0x88, 0x98, 0x63, 0xCE, 0x86, 0x3E, 0x04,
    0x7D, 0x82, 0x98, 0xB7, 0x9E, 0x11, 0xEA, 0x90, 0x65, 0x94, 0xF6, 0xA5, 0xE8, 0xF3, 0xDD, 0xD4,
    0x32, 0x7F, 0x82, 0xE5, 0x54, 0x76, 0x9F, 0xBC, 0x4C, 0x85, 0x0B, 0xD0, 0x1E, 0x9C, 0x14, 0xF4,
    0x64, 0xD3, 0x77, 0x4D, 0x0B, 0x86, 0xE3, 0x9B, 0xA5, 0xCF, 0xDF, 0xCB, 0x78, 0x70, 0x3B, 0x8E,
    0xCD, 0xDA, 0x62, 0xAF, 0xAD, 0xCC, 0x6B, 0x2B, 0xBA, 0x21, 0x6D, 0x91, 0xD3, 0x56, 0x78, 0xB2,
    0xAD, 0x07, 0x36, 0x38, 0x98, 0x44, 0xDB, 0x2F, 0xEA, 0x35, 0xFE, 0xCE, 0xF4, 0x0A, 0x7D, 0x81,
    0xFD, 0x26, 0xAA, 0xC6, 0x2B, 0xE6, 0xEA, 0x1E, 0xA2, 0x60, 0xDF, 0xE6, 0x27, 0xEA, 0xDC, 0x33,
    0x4C, 0x73, 0xD6, 0x8D, 0xCA, 0xBA, 0x10, 0x19, 0xF1, 0x40, 0xB3, 0x5D, 0xDA, 0x9E, 0xD0, 0x3D,
    0xFE, 0xFD, 0x9B, 0x1D, 0xB7, 0x61, 0x23, 0x21, 0x59, 0x11, 0x5A, 0x0E, 0xE9, 0x12, 0x52, 0xB4,
    0x24, 0x72, 0xFE, 0xB8, 0xE1, 0x16, 0x48, 0x03, 0x29, 0x18, 0xAA, 0x9D, 0x7B, 0xBF, 0x8B, 0xFC,
    0xCC, 0xFB, 0xBD, 0xB2, 0x48, 0x9A, 0x99, 0x97, 0xD7, 0xB5, 0x1F, 0x6F, 0x00, 0x9C, 0x15, 0xB1,
    0xB8, 0x70, 0x2B, 0x8B, 0xD4, 0xAF, 0xC3, 0xA1, 0xA0, 0x03, 0x56, 0x73, 0x5C, 0xD2, 0x8A, 0x2D,
    0xAD, 0xD5, 0x95, 0xFF, 0xE4, 0x11, 0xBB, 0x84, 0x01, 0xC3, 0x8D, 0x6B, 0xB3, 0x25, 0xFD, 0x04,
    0x92, 0x46, 0xB3, 0xEF, 0x59, 0xAB, 0x60, 0x63, 0xE7, 0x12, 0x2E, 0x7C, 0x18, 0x6B, 0x69, 0x8E,
    0xE1, 0x15, 0x8A, 0xED, 0xB9, 0x8B, 0x69, 0xBB, 0xAD, 0xA3, 0xB3, 0x41, 0x3A, 0x06, 0x97, 0x7A,
    0xA0, 0xE1, 0xAC, 0xD3, 0xA2, 0x25, 0x09, 0x2A, 0x42, 0x8B, 0xEE, 0xFE, 0xC8, 0xE7, 0x14, 0xA3,
    0x22, 0x52, 0x36, 0x60, 0x5C, 0x83, 0x89, 0xB2, 0xBA, 0xC8, 0x54, 0xB9, 0x04, 0xB3, 0x1C, 0x74,
    0x3F, 0x74, 0xCE, 0x42, 0x78, 0x24, 0x1C, 0xC0, 0xA0, 0x07, 0xDF, 0x5A, 0x59, 0x0E, 0xDC, 0x0A,
    0x2B, 0xCB, 0xFE, 0xAE, 0xDF, 0x45, 0x04, 0xAE, 0x03, 0xA8, 0xB0, 0x05, 0x63, 0x61, 0xD2, 0xA8,
    0x01, 0x22, 0x4D, 0x16, 0x24, 0x77, 0x53, 0x61, 0x28, 0xBB, 0x1C, 0x4F, 0x80, 0x23, 0x60, 0x00,
    0xFA, 0x33, 0x2C, 0x56, 0x16, 0xF2, 0x3E, 0x4B, 0x2D, 0xBE, 0x42, 0xB3, 0xB7, 0x81, 0x67, 0x8E,
    0x42, 0xC9, 0xF9, 0xD2, 0x97, 0x4D, 0xE1, 0x03, 0x61, 0xE2, 0x5F, 0x7D, 0xDD, 0x0D, 0x8B, 0x2F,
    0xDE, 0x47, 0x31, 0x20, 0xEA, 0x30, 0x95, 0xCD, 0x65, 0x14, 0x6F, 0xC7, 0x30, 0xBB, 0x8F, 0x28,
    0xD3, 0xC0, 0xFC, 0xD5, 0x58, 0x73, 0xA5, 0x9A, 0x6D, 0x30, 0x0F, 0x80, 0x79, 0x2B, 0x0E, 0xA6,
    0xC9, 0x87, 0xBD, 0x85, 0xEF, 0xFB, 0x8D, 0xC7, 0x2D, 0xF0, 0x45, 0x37, 0x13, 0xCE, 0x1B, 0x08,
    0xC9, 0x45, 0x08, 0x01, 0x2A, 0x85, 0xA3, 0xF0, 0x01, 0xED, 0xD8, 0x17, 0xFD, 0x15, 0x30, 0x98,
    0x2D, 0x6F, 0x31, 0xB5, 0x71, 0xAF, 0x0D, 0x93, 0x03, 0xD8, 0x0E, 0xC8, 0x6E, 0x40, 0x37, 0x03,
    0x6E, 0x2F, 0x70, 0x25, 0x4A, 0x80, 0x15, 0x2F, 0x8F, 0xD3, 0x49, 0x57, 0x54, 0x18, 0xF7, 0x57,
    0x0D, 0xD8, 0xFC, 0x30, 0xF9, 0x61, 0xF1, 0x3B, 0x83, 0x7F, 0x32, 0xFE, 0x47, 0x1D, 0x36, 0x3A,
    0xAA, 0xCB, 0x47, 0x90, 0x6B, 0x8B, 0x72, 0x82, 0x08, 0x99, 0xB4, 0x49, 0xB9, 0xCC, 0x2E, 0xB1,
    0xA2, 0x13, 0xA1, 0x7D, 0xCA, 0x49, 0x1B, 0x95, 0x93, 0x76, 0x2A, 0x27, 0x5D, 0x09, 0xBD, 0x48,
    0xAB, 0xA0, 0xB3, 0x02, 0xE9, 0xF8, 0x10, 0xB5, 0x08, 0xE9, 0x57, 0x4E, 0xDA, 0xB0, 0x9C, 0xA4,
    0x63, 0xB9, 0x15, 0x38, 0x1D, 0x62, 0x50, 0x51, 0xBC, 0x2B, 0xC2, 0xF4, 0x2A, 0x56, 0x22, 0xA4,
    0x6F, 0x79, 0x4F, 0x89, 0x8A, 0xB8, 0xB1, 0x82, 0x74, 0xAD, 0x9A, 0x9B, 0x3E, 0x33, 0xF7, 0x6D,
    0x3D, 0xCD, 0x21, 0xDF, 0xCB, 0xF1, 0xA1, 0x22, 0x5D, 0x19, 0x17, 0x96, 0x2D, 0x85, 0xC2, 0xC8,
    0x72, 0x85, 0x6B, 0xDA, 0xEF, 0x85, 0xCF, 0x71, 0x61, 0xFB, 0x86, 0x8C, 0x01, 0x9F, 0x58, 0xA6,
    0xCB, 0xDE, 0x32, 0xA9, 0xC0, 0xF8, 0x93, 0xCE, 0xD2, 0x86, 0xC5, 0xC0, 0x7F, 0x34, 0x96, 0x01,
    0x57, 0x96, 0x64, 0xF9, 0xC1, 0x3E, 0x95, 0xB9, 0xE9, 0xF7, 0xC9, 0x9C, 0x4D, 0xAE, 0x03, 0x16,
    0x6B, 0x3B, 0xBF, 0xD8, 0x65, 0x7B, 0xED, 0xDE, 0x0E, 0xF2, 0x6D, 0xAE, 0x53, 0x0D, 0x69, 0x71,
    0x4F, 0xF2, 0xF6, 0xD3, 0x48, 0xB7, 0x3E, 0x6E, 0xDF, 0x57, 0x98, 0xC0, 0x90, 0x09, 0x56, 0x51,
    0x23, 0x26, 0x8C, 0xE1, 0x7C, 0x66, 0xBC, 0x94, 0x9C, 0x47, 0xD8, 0x31, 0x9E, 0xBE, 0xDD, 0x05,
    0x1A, 0x63, 0x98, 0xF5, 0xF2, 0x44, 0x3F, 0x9B, 0x64, 0x7C, 0x7F, 0xD2, 0xCB, 0x13, 0x63, 0xE1,
    0x7B, 0x79, 0xA6, 0x3C, 0x7C, 0x1C, 0x71, 0xFB, 0x8E, 0x94, 0xF2, 0x05, 0x92, 0xAA, 0x9A, 0x54,
    0xEE, 0x9A, 0xC0, 0xE5, 0xC7, 0x13, 0xB5, 0xDC, 0x5A, 0x0D, 0x49, 0x07, 0xA0, 0xDE, 0x6A, 0xCA,
    0x0E, 0xEA, 0x7C, 0x46, 0xE9, 0xEE, 0x35, 0x44, 0xA4, 0x56, 0x3F, 0x05, 0x4E, 0x86, 0x4E, 0x22,
    0x24, 0x41, 0xFE, 0x72, 0x71, 0x83, 0xA9, 0x34, 0xB9, 0xCA, 0x82, 0x54, 0x8E, 0x4E, 0xF6, 0x22,
    0x35, 0x3A, 0x37, 0x9E, 0x75, 0xD0, 0x96, 0xCF, 0x4C, 0x95, 0x15, 0xF5, 0x2E, 0x0C, 0x24, 0xD2,
    0x38, 0x59, 0x3A, 0x39, 0xE8, 0x05, 0x2C, 0x7A, 0x95, 0x61, 0xA7, 0x32, 0x6A, 0x55, 0x8A, 0xD9,
    0xCC, 0xE8, 0x35, 0xA7, 0xD2, 0xE4, 0x2A, 0x49, 0x1F, 0x01, 0x8F, 0x81, 0xFA, 0x2A, 0x3F, 0x63,
    0xA6, 0xF8, 0xCB, 0xC7, 0x6C, 0x3B, 0x4D, 0x05, 0x14, 0xB2, 0x28, 0x7B, 0x31, 0x62, 0x81, 0x90,
    0x68, 0xBD, 0x17, 0xF7, 0x58, 0xDD, 0x12, 0x22, 0xD2, 0xF1, 0xD7, 0x10, 0xA6, 0x12, 0x65, 0x16,
    0x24, 0xA2, 0xA4, 0xD0, 0x89, 0x51, 0x0E, 0x26, 0x52, 0xD4, 0x53, 0x17, 0x8F, 0x4F, 0x1E, 0xD5,
    0x56, 0x85, 0x31, 0x73, 0x6D, 0xB5, 0x28, 0xA5, 0xBD, 0x77, 0x7D, 0xBB, 0x82, 0xA4, 0xCA, 0xF2,
    0xA4, 0x31, 0x1A, 0x2E, 0xE2, 0xCE, 0x1E, 0x7F, 0x4D, 0x5F, 0x50, 0xD8, 0x2E, 0x1A, 0xA2, 0x95,
    0xF8, 0xA1, 0xD3, 0xFA, 0xAC, 0x4B, 0xCA, 0x79, 0x55, 0x5B, 0x2E, 0xAA, 0xCF, 0x29, 0x90, 0x9B,
    0x71, 0x78, 0x84, 0xEA, 0xA8, 0x40, 0x6E, 0xC2, 0x23, 0xB5, 0x1C, 0x0D, 0x01, 0xCC, 0x3C, 0x05,
    0x11, 0x39, 0xC8, 0xDF, 0x57, 0xBE, 0x25, 0xF2, 0xF8, 0xE6, 0x73, 0x3C, 0x95, 0xEF, 0x01, 0xEC,
    0x77, 0xD6, 0x81, 0x66, 0xF9, 0x63, 0xFA, 0x96, 0xCF, 0xD8, 0xE6, 0xFF, 0xE6, 0x6E, 0x1E, 0x01,
    0x83, 0x54, 0x08, 0x8D, 0x37, 0x0A, 0x2E, 0x84, 0xA6, 0x1B, 0xD9, 0x91, 0xCE, 0x99, 0xCB, 0x71,
    0xB0, 0x36, 0x4B, 0x8D, 0xE4, 0x63, 0x36, 0xDA, 0xF7, 0x0F, 0x13, 0x62, 0x0A, 0x7B, 0x2D, 0xC9,
    0xF8, 0xB2, 0xEC, 0xB4, 0xDA, 0x55, 0x2A, 0x5F, 0x7D, 0xBD, 0x69, 0x80, 0x5F, 0x07, 0xC9, 0xAD,
    0xCF, 0xDE, 0x2F, 0xDB, 0xFF, 0xD5, 0x97, 0x16, 0x63, 0x74, 0x53, 0x32, 0xB6, 0x60, 0xA5, 0x2C,
    0x98, 0x59, 0x86, 0x3D, 0xE6, 0x7A, 0x86, 0xF5, 0xE8, 0x75, 0x9F, 0x74, 0x69, 0x1B, 0x6A, 0x5F,
    0x76, 0xDD, 0x66, 0xAF, 0xAF, 0x2B, 0xF1, 0xBC, 0xC0, 0xF2, 0x96, 0xEB, 0xE3, 0x20, 0x20, 0xA4,
    0x05, 0x2F, 0x50, 0xA0, 0xD0, 0x26, 0xEE, 0x5D, 0xB4, 0x7B, 0x3D, 0x59, 0xE4, 0xFA, 0x29, 0x14,
    0xD7, 0x4F, 0x44, 0x26, 0x4D, 0x21, 0x32, 0xAA, 0xEE, 0xD3, 0xFC, 0xF1, 0x1F, 0xB5, 0x53, 0xD7,
    0x06, 0x6E, 0xB2, 0x82, 0xAB, 0xA8, 0x21, 0x3E, 0x8E, 0x2A, 0x92, 0xC7, 0x2D, 0xDB, 0xA9, 0xA3,
    0x68, 0x4E, 0x2B, 0x6E, 0xD5, 0xA6, 0x6D, 0xB2, 0xD9, 0xE4, 0x6E, 0xFC, 0x3B, 0x96, 0x02, 0xBA,
    0x43, 0x49, 0x85, 0x2E, 0xD3, 0xE3, 0xEC, 0x7D, 0xB6, 0xF3, 0x26, 0xCB, 0xCC, 0x23, 0xC0, 0xFA,
    0x5F, 0xA4, 0x17, 0x79, 0xFE, 0x5D, 0x29, 0x72, 0x48, 0x4C, 0x80, 0xC6, 0xB7, 0x5C, 0x78, 0x0F,
    0xE0, 0x0A, 0x58, 0x49, 0x89, 0x85, 0xBF, 0x48, 0xB3, 0x04, 0x26, 0xB9, 0xB4, 0x40, 0x6E, 0xC9,
    0xC4, 0x07, 0x6F, 0xBB, 0x8B, 0x34, 0xFE, 0x22, 0xD1, 0x17, 0xC1, 0x8E, 0xDE, 0x68, 0x53, 0xFE,
    0x46, 0xFF, 0xA2, 0xD4, 0x8F, 0xC4, 0x48, 0xD2, 0xA7, 0x74, 0x31, 0x46, 0x25, 0x25, 0x66, 0xC7,
    0x67, 0xBD, 0x17, 0xFC, 0x7B, 0x74, 0xA0, 0x35, 0x4F, 0x44, 0xD8, 0x3F, 0xA5, 0xA4, 0x2D, 0x8F,
    0xB9, 0x46, 0x37, 0xB6, 0x7B, 0x78, 0xEA, 0x42, 0xD1, 0x03, 0xAB, 0x5B, 0xF0, 0xAD, 0x85, 0x81,
    0x26, 0x6A, 0xD7, 0x0B, 0x3B, 0x76, 0xDD, 0x3C, 0xCC, 0xDE, 0x21, 0xB9, 0xBC, 0x65, 0x00, 0x94,
    0xF3, 0x05, 0xBA, 0x51, 0xB8, 0x05, 0x97, 0xBD, 0xC1, 0xC2, 0xDB, 0xDD, 0xE5, 0x07, 0xF9, 0x1D,
    0xBF, 0xF8, 0x26, 0x4D, 0xB9, 0x61, 0xE1, 0xBD, 0x66, 0x9F, 0x08, 0xB6, 0x8C, 0x7D, 0x3F, 0x88,
    0xCB, 0x39, 0x6E, 0xEE, 0x13, 0xD1, 0x10, 0x95, 0x2F, 0xEB, 0x13, 0x71, 0x87, 0x2C, 0x9F, 0x8B,
    0x55, 0x13, 0x59, 0xBC, 0x33, 0xF9, 0xCA, 0xE7, 0x2B, 0xBA, 0x48, 0xB4, 0x12, 0xFD, 0xD6, 0x35,
    0x59, 0x0B, 0xC7, 0x05, 0xF5, 0x1C, 0xF3, 0x2E, 0x12, 0xE6, 0xAA, 0x2E, 0x12, 0xFF, 0xED, 0xA2,
    0xB1, 0xFD, 0x1D, 0x74, 0x4B, 0x75, 0xA4, 0x77, 0x50, 0xD4, 0x6C, 0x79, 0x07, 0xED, 0x5E, 0x83,
    0x9B, 0x3F, 0x5C, 0x6F, 0xFE, 0x7B, 0x48, 0xF6, 0xAC, 0x0E, 0xB2, 0x65, 0x4F, 0x99, 0x2D, 0x7B,
    0x4E, 0xC8, 0x67, 0xB7, 0xED, 0xBE, 0x1F, 0x70, 0xCA, 0x5A, 0x3E, 0x3B, 0x9C, 0x07, 0xE4, 0xE8,
    0x96, 0x7F, 0x21, 0x6D, 0xA0, 0x37, 0x33, 0x37, 0x40, 0x7D, 0xAB, 0x3A, 0x4E, 0xCE, 0xB6, 0x20,
    0xA9, 0x30, 0xC9, 0xFD, 0xC7, 0xF9, 0xED, 0x57, 0xAD, 0x5A, 0xC8, 0xA2, 0x14, 0xC1, 0xCA, 0xD5,
    0xCF, 0xDE, 0x2E, 0x25, 0xD3, 0x1B, 0x3F, 0x7B, 0x4F, 0x1A, 0xB5, 0x74, 0x38, 0x94, 0x34, 0x3A,
    0x65, 0x79, 0x2B, 0xFB, 0x8A, 0xEA, 0xDB, 0xAF, 0xEA, 0xC5, 0x7B, 0xFF, 0x87, 0xAB, 0x2D, 0x9D,
    0x33, 0x27, 0xFB, 0x41, 0x47, 0xB4, 0x8F, 0x85, 0xF0, 0xF7, 0x71, 0xBE, 0x95, 0xBE, 0xEB, 0x89,
    0xBE, 0x3B, 0x29, 0x67, 0x58, 0xD7, 0x77, 0xE6, 0xF5, 0x5D, 0x6E, 0xA7, 0x6F, 0x4C, 0xFF, 0xA7,
    0x33, 0x7D, 0xE3, 0xA6, 0xB0, 0x07, 0x7B, 0xB8, 0x4B, 0x87, 0xB8, 0xC1, 0x6A, 0xBD, 0x76, 0x53,
    0xDC, 0xD4, 0x17, 0xAC, 0x61, 0x19, 0x0F, 0xB5, 0x8A, 0x6D, 0x6D, 0x0D, 0xDF, 0x55, 0xBF, 0xFE,
    0xEF, 0xA2, 0xC0, 0x92, 0xDB, 0xF3, 0x11, 0x5E, 0x31, 0x82, 0x83, 0xEB, 0x36, 0xD6, 0x7E, 0x4A,
    0x66, 0x85, 0x9F, 0xC5, 0xDA, 0x0F, 0xF9, 0x4D, 0x7F, 0xD4, 0x18, 0xF9, 0xE0, 0x96, 0x7D, 0x78,
    0x7D, 0xA9, 0xCD, 0x70, 0xDB, 0xBE, 0x75, 0x6C, 0x6B, 0xBF, 0xCE, 0x6B, 0xED, 0xF0, 0xFF, 0xFA,
    0xEA, 0x59, 0x79, 0x09, 0x54, 0x0E, 0x94, 0xCC, 0x91, 0x56, 0xFE, 0x14, 0x2C, 0x2A, 0x7F, 0x79,
    0xD5, 0x92, 0xD7, 0x13, 0x3B, 0x38, 0x97, 0x41, 0xE9, 0x64, 0x18, 0x17, 0xAF, 0xC2, 0xCE, 0xAC,
    0xB9, 0xD9, 0xEC, 0xD2, 0x7A, 0x9A, 0x5D, 0x9A, 0x4B, 0x76, 0xA9, 0xAC, 0x98, 0xE9, 0x1A, 0x0D,
    0x90, 0xB0, 0x70, 0x00, 0x17, 0xCD, 0xAE, 0xB3, 0x4B, 0x0F, 0x36, 0x65, 0x97, 0x46, 0x00, 0x37,
    0x40, 0x65, 0xF1, 0x07, 0x55, 0x1B, 0x8A, 0x53, 0x27, 0xDF, 0xDA, 0x19, 0x5E, 0xFA, 0xAD, 0x9D,
    0x50, 0x57, 0xA4, 0x19, 0xF5, 0xDC, 0x78, 0xD4, 0x72, 0x4C, 0x14, 0x25, 0x7A, 0x52, 0x35, 0x0D,
    0xEA, 0x7D, 0x2B, 0x54, 0x47, 0x17, 0xBE, 0xB5, 0x93, 0xA1, 0xC0, 0x2D, 0x2E, 0x7A, 0xEF, 0x6D,
    0x3E, 0x94, 0x7F, 0x4D, 0xB0, 0xF1, 0xA2, 0x07, 0xC2, 0x45, 0x8B, 0x8B, 0xBA, 0xFA, 0x17, 0xD5,
    0xDA, 0x05, 0xAC, 0x24, 0xDB, 0x56, 0xC6, 0xF1, 0x5F, 0x75, 0xDD, 0xB9, 0x1D, 0xA6, 0x43, 0x36,
    0x32, 0x07, 0x87, 0xC2, 0x1D, 0x9A, 0x28, 0x36, 0x33, 0xBB, 0xB0, 0xB8, 0x3C, 0x77, 0x89, 0xE3,
    0xEE, 0x70, 0xDF, 0xED, 0x0A, 0xC4, 0xF5, 0xC6, 0x1D, 0x77, 0x77, 0x9D, 0x3B, 0xBD, 0x71, 0x87,
    0xC2, 0x1D, 0x0A, 0x8B, 0x27, 0xEC, 0x97, 0xD7, 0x84, 0x7E, 0xA4, 0xBA, 0x37, 0xE9, 0xAE, 0x1C,
    0x41, 0xE6, 0xF9, 0xB1, 0x4C, 0xAF, 0x6F, 0xCF, 0x39, 0xA7, 0xCB, 0xFE, 0xDF, 0xDA, 0xB5, 0x56,
    0x09, 0x11, 0xAC, 0x3A, 0x28, 0x09, 0x4A, 0x8F, 0xD9, 0x7F, 0x66, 0xD4, 0x6F, 0xCA, 0x98, 0xBF,
    0x71, 0x8B, 0xD0, 0x8F, 0x08, 0x69, 0x87, 0xA6, 0x5B, 0x21, 0x8A, 0x88, 0x96, 0x1D, 0x8F, 0x85,
    0xC4, 0x28, 0xF4, 0xAA, 0x52, 0x4A, 0x56, 0x9F, 0xE9, 0xC6, 0x62, 0x50, 0x8D, 0xD3, 0x17, 0x34,
    0x89, 0xBD, 0xD8, 0xB1, 0x12, 0x11, 0xDB, 0x35, 0x96, 0x69, 0x87, 0x90, 0x00, 0x80, 0x06, 0xC4,
    0xEE, 0x5C, 0x1B, 0x80, 0x75, 0x69, 0xE7, 0xA5, 0xE4, 0xFA, 0xCD, 0xAF, 0xDF, 0x54, 0x66, 0x23,
    0xCE, 0xE3, 0x03, 0xCB, 0x38, 0x2B, 0x65, 0x0C, 0xFB, 0xEF, 0x1D, 0x63, 0x32, 0xAE, 0x18, 0xD7,
    0xC7, 0x98, 0x8D, 0x2B, 0xF3, 0x31, 0xF6, 0xAB, 0xB1, 0x29, 0xBB, 0x47, 0xF3, 0x92, 0x9F, 0x71,
    0x02, 0xA8, 0x07, 0xE6, 0x79, 0x8A, 0x7A, 0xC0, 0x4B, 0x9C, 0x13, 0xF9, 0xE1, 0x0C, 0x55, 0x86,
    0x3A, 0xC3, 0xB2, 0x87, 0x08, 0xEE, 0x83, 0x7B, 0x00, 0x6E, 0x1C, 0xD3, 0x3B, 0x2D, 0xCD, 0xC8,
    0xDD, 0x3D, 0xE2, 0x14, 0xF5, 0x48, 0x3D, 0x50, 0x27, 0xAA, 0xF6, 0x52, 0x98, 0x3E, 0x02, 0x23,
    0x4E, 0xEA, 0x8C, 0xF2, 0x7B, 0x89, 0x59, 0xC9, 0x98, 0xFF, 0xF3, 0x16, 0xA1, 0x7D, 0x03, 0x9E,
    0x72, 0xE7, 0xC6, 0x92, 0x03, 0x34, 0x09, 0x91, 0x45, 0x7E, 0x44, 0x33, 0x66, 0xE2, 0x1A, 0x63,
    0xD3, 0xA9, 0xFB, 0xBA, 0x07, 0xCE, 0x18, 0x3A, 0x40, 0x74, 0xA0, 0x68, 0xC2, 0xC8, 0x45, 0x39,
    0xA0, 0x74, 0x60, 0xE9, 0x00, 0xD3, 0x81, 0xA6, 0x15, 0xA3, 0xF5, 0x24, 0xB3, 0xD1, 0x81, 0xA8,
    0x03, 0x52, 0x07, 0xA6, 0x8E, 0x50, 0x9D, 0x20, 0x74, 0x10, 0x7A, 0xA8, 0xF3, 0x09, 0x8C, 0x25,
    0x61, 0x56, 0x86, 0xDB, 0x85, 0x75, 0x85, 0xA6, 0x65, 0xF1, 0xAB, 0xA3, 0xEA, 0x2F, 0x0B, 0xE1,
    0x1F, 0x93, 0x58, 0x67, 0xBF, 0x60, 0x03, 0x60, 0x59, 0xFA, 0xAA, 0x94, 0xD1, 0xFE, 0xE5, 0x3B,
    0xAD, 0x35, 0xE2, 0x59, 0x3C, 0x5D, 0x8A, 0x75, 0x29, 0x75, 0xF9, 0xC1, 0x55, 0xC8, 0x62, 0x93,
    0xC4, 0xE5, 0x14, 0xEB, 0x26, 0x55, 0x25, 0x6C, 0x9A, 0x32, 0x2F, 0xE5, 0xCB, 0xAB, 0x32, 0x36,
    0xEE, 0xB4, 0x70, 0xB7, 0x85, 0x26, 0x83, 0x0D, 0xC8, 0x38, 0x99, 0xF7, 0x28, 0xBF, 0x85, 0x59,
    0xF9, 0x27, 0x2C, 0xFE, 0x79, 0x83, 0xE6, 0x48, 0xF1, 0x9E, 0xA7, 0x6E, 0x32, 0x45, 0x54, 0x3B,
    0xF8, 0x72, 0x58, 0xB4, 0x88, 0x2C, 0x36, 0xDF, 0x40, 0x33, 0x7E, 0x05, 0x71, 0x85, 0x31, 0x24,
    0xB3, 0x61, 0x76, 0x85, 0x69, 0xAA, 0xDE, 0x04, 0x84, 0xF2, 0xE3, 0x68, 0x96, 0x23, 0x3E, 0xA8,
    0xCA, 0x70, 0x02, 0xD6, 0x09, 0x55, 0xC9, 0xA8, 0x27, 0x60, 0xDD, 0x83, 0x1B, 0x9E, 0xB2, 0xF7,
    0x3C, 0xA7, 0xFC, 0xCA, 0x30, 0x2B, 0x25, 0xD5, 0x69, 0xDD, 0x82, 0x45, 0xA6, 0x19, 0x89, 0x6B,
    0xC6, 0xD0, 0xCD, 0xFA, 0xBA, 0x77, 0x29, 0xF5, 0xE9, 0xE3, 0x41, 0x39, 0xA7, 0x36, 0x7F, 0xD3,
    0x16, 0x21, 0x3D, 0xC6, 0x43, 0x0D, 0x00, 0x70, 0x2B, 0x6B, 0xFA, 0xEC, 0x3B, 0x08, 0x23, 0x71,
    0xC7, 0x3A, 0xB6, 0xD5, 0x36, 0xF4, 0x75, 0x3F, 0xCB, 0x2E, 0xAD, 0xDE, 0xF7, 0x2C, 0xF2, 0x14,
    0x75, 0x8F, 0x6A, 0x03, 0x75, 0x86, 0x90, 0xA0, 0x81, 0xE0, 0x43, 0xCE, 0x4E, 0xA9, 0x8B, 0x32,
    0x3A, 0xAD, 0x60, 0x4E, 0x6E, 0x38, 0xEF, 0x88, 0x91, 0x2A, 0xAB, 0x7E, 0xF5, 0x57, 0xD2, 0x6C,
    0xA8, 0x93, 0xFD, 0x8F, 0x27, 0xEB, 0x42, 0xB3, 0x75, 0x29, 0x5C, 0xE7, 0xC3, 0x39, 0x42, 0x23,
    0x78, 0x70, 0x9B, 0x19, 0x3E, 0x46, 0x44, 0x48, 0x57, 0xC7, 0xD0, 0xB3, 0x60, 0x95, 0xA0, 0x4E,
    0xB0, 0x48, 0xF0, 0x10, 0xC2, 0x53, 0xB7, 0x8F, 0x64, 0xD5, 0x12, 0x36, 0x78, 0x06, 0xF7, 0xA9,
    0x37, 0xAA, 0x5F, 0xFB, 0x95, 0x54, 0xE5, 0x89, 0xA6, 0x55, 0x61, 0x71, 0x29, 0x34, 0xCF, 0xEB,
    0xD0, 0x97, 0x5F, 0xAC, 0x43, 0x00, 0x3E, 0xC4, 0x27, 0x23, 0xB4, 0xCF, 0x9C, 0xD1, 0xAC, 0xCB,
    0x70, 0xC3, 0x69, 0xDE, 0xF3, 0x82, 0x43, 0x1D, 0xAA, 0xA6, 0x3A, 0xD4, 0x41, 0xD5, 0x55, 0xDD,
    0x95, 0xE4, 0xE6, 0x07, 0x0B, 0x68, 0x2C, 0x11, 0xCA, 0x0E, 0x75, 0xD9, 0xC2, 0xBA, 0xBB, 0xFD,
    0x15, 0x68, 0x96, 0x0C, 0xB3, 0xA1, 0x1E, 0x94, 0x92, 0xAC, 0x4A, 0x7B, 0x69, 0x39, 0x09, 0xF3,
    0x44, 0x18, 0xA6, 0x98, 0x27, 0xA5, 0x94, 0xE1, 0x34, 0x76, 0x78, 0x52, 0x94, 0x52, 0xD2, 0x69,
    0xEC, 0xF0, 0x56, 0xBE, 0xDB, 0x9F, 0xAE, 0x13, 0x40, 0x83, 0x98, 0xA6, 0x68, 0xA0, 0xC5, 0xB2,
    0xB4, 0xAA, 0x23, 0xD6, 0xDD, 0xAB, 0xB7, 0xC2, 0x50, 0x1D, 0x71, 0x3E, 0x16, 0x5B, 0x51, 0x74,
    0x90, 0x52, 0xCA, 0x45, 0x81, 0x49, 0x5A, 0x2C, 0x13, 0x42, 0xC6, 0x7C, 0xFF, 0x79, 0xCF, 0xAB,
    0x4A, 0xD9, 0xB1, 0x2C, 0x5B, 0xBC, 0x14, 0x40, 0x46, 0x3D, 0x9E, 0x8A, 0x8C, 0x13, 0xAC, 0x07,
    0xBE, 0x78, 0x83, 0xED, 0x14, 0x21, 0xD3, 0xB4, 0x34, 0xB8, 0x03, 0x2E, 0x1F, 0x4E, 0xF5, 0x02,
    0x2C, 0xF6, 0x78, 0x7A, 0xDD, 0x22, 0x74, 0x93, 0xA8, 0x0A, 0xAA, 0x0D, 0xAA, 0x0C, 0x2F, 0xB8,
    0x1A, 0x62, 0xD5, 0x73, 0x55, 0x17, 0xF6, 0x75, 0x6A, 0x4A, 0x49, 0x0F, 0x42, 0x69, 0xEF, 0x7B,
    0x1E, 0x57, 0x04, 0xE3, 0x63, 0x7D, 0xA4, 0xAA, 0xA4, 0x5F, 0x50, 0x97, 0x92, 0x2D, 0x7E, 0xB5,
    0x0C, 0x16, 0x96, 0x1D, 0x5C, 0x59, 0xBE, 0xBC, 0x01, 0xA3, 0x93, 0xCF, 0xDE, 0x58, 0xFD, 0x5A,
    0xAF, 0x64, 0x75, 0x1E, 0x85, 0x2E, 0xBA, 0xE3, 0xCE, 0xD5, 0x50, 0x00, 0x84, 0x1E, 0x4D, 0xA7,
    0xDE, 0x3E, 0x24, 0xEC, 0xBE, 0xE6, 0xC2, 0x05, 0x55, 0x95, 0x67, 0xC3, 0xD5, 0x41, 0x79, 0x84,
    0x88, 0xE6, 0xB3, 0x5E, 0x62, 0xFE, 0x6B, 0x3B, 0x42, 0x21, 0x86, 0x64, 0xAC, 0xB3, 0x17, 0x78,
    0x01, 0x84, 0x52, 0xF6, 0x67, 0xD1, 0xF3, 0xC4, 0x28, 0x65, 0x3C, 0x8B, 0x9E, 0xB7, 0xF2, 0xDD,
    0xDD, 0xE9, 0x3A, 0xC1, 0x0E, 0x22, 0x84, 0x6F, 0xDD, 0x52, 0xFF, 0xD1, 0x0E, 0x71, 0xDD, 0xF2,
    0xFC, 0x22, 0x91, 0xAB, 0x7C, 0x75, 0x50, 0xB8, 0xDB, 0x11, 0x36, 0xB8, 0x8F, 0x47, 0x4E, 0x3E,
    0x27, 0x5B, 0xFD, 0x5A, 0x52, 0xB2, 0xFA, 0x8D, 0xD7, 0x93, 0x31, 0x7B, 0xF8, 0xF2, 0xF6, 0xC2,
    0xC5, 0xF8, 0x7C, 0xF3, 0x0D, 0x84, 0xF1, 0x53, 0x5C, 0xBC, 0x18, 0xBF, 0xCA, 0xDC, 0xA9, 0xB7,
    0x0B, 0xA1, 0xFC, 0xB8, 0xF0, 0xFA, 0x9D, 0x0F, 0xAE, 0x36, 0x9C, 0x60, 0x95, 0x9C, 0x63, 0x7A,
    0xE8, 0xA9, 0xAB, 0xC2, 0x74, 0xCF, 0x0B, 0x58, 0xF7, 0x59, 0x55, 0x4A, 0x6F, 0x36, 0x75, 0x30,
    0x50, 0x6F, 0x10, 0x46, 0x17, 0xA7, 0xD8, 0x95, 0x62, 0xF2, 0x01, 0x1D, 0xB1, 0xA7, 0x6C, 0xD4,
    0x6F, 0x1E, 0x2D, 0xFA, 0xA8, 0x11, 0x12, 0xE0, 0xFA, 0x6A, 0xF4, 0xEC, 0x3B, 0x4E, 0xC9, 0x2C,
    0xF7, 0x58, 0xC5, 0x4E, 0x35, 0x86, 0x5E, 0x3D, 0x54, 0x19, 0xAE, 0xB9, 0x8C, 0x2F, 0xB6, 0x42,
    0xA1, 0x69, 0x85, 0xCE, 0xCA, 0x6C, 0x67, 0x96, 0x55, 0x03, 0xAC, 0x0F, 0x14, 0xD2, 0x07, 0xEE,
    0xD4, 0xF9, 0x1D, 0xF9, 0xCC, 0x37, 0xA6, 0x35, 0xBC, 0x54, 0x49, 0x3F, 0x9C, 0xAB, 0x3C, 0xCB,
    0xCB, 0x3E, 0x7A, 0xE0, 0x1E, 0xE2, 0x5B, 0xFF, 0xF7, 0x2E, 0xDB, 0x3E, 0x30, 0xCB, 0xEA, 0xCD,
    0xE1, 0x33, 0xCB, 0xDE, 0xCF, 0xCA, 0x5A, 0x84, 0xB7, 0x71, 0x5F, 0xE0, 0xA1, 0x95, 0x95, 0x87,
    0x00, 0x8B, 0xB2, 0xC7, 0xEA, 0x38, 0x11, 0xCA, 0x7F, 0x95, 0xAD, 0xC5, 0xA8, 0xDE, 0x0B, 0x99,
    0xB5, 0x29, 0x03, 0x62, 0x4B, 0x93, 0xD6, 0x08, 0x43, 0xC1, 0x22, 0xEF, 0x31, 0xCF, 0xBB, 0x27,
    0xE8, 0xFE, 0x4C, 0x17, 0x79, 0x5A, 0x2A, 0x22, 0xA4, 0x69, 0x6D, 0xCD, 0xC0, 0xBA, 0x0D, 0x5B,
    0xB3, 0xBD, 0xBA, 0xFC, 0xDB, 0x6A, 0x64, 0x5D, 0xCA, 0x40, 0x28, 0x05, 0x4E, 0x5A, 0x00, 0x42,
    0x0B, 0x31, 0x9D, 0x6B, 0x68, 0xE1, 0x3D, 0xB0, 0x2C, 0x9D, 0xAA, 0x94, 0x8D, 0xF9, 0xFE, 0xD5,
    0x3B, 0x21, 0x5B, 0x6B, 0x92, 0xD8, 0xC5, 0x4E, 0x93, 0x22, 0xE1, 0x28, 0xFD, 0xFF, 0x23, 0x29,
    0xB6, 0x42, 0x3A, 0x7C, 0x39, 0x85, 0xC1, 0xCA, 0x7C, 0x37, 0xDF, 0xAB, 0x4A, 0xD9, 0x12, 0x4B,
    0x4F, 0xF5, 0x92, 0x27, 0x67, 0x1A, 0x62, 0x0F, 0xAB, 0x0D, 0x18, 0xCF, 0x75, 0xB6, 0x85, 0x30,
    0x40, 0x00, 0x81, 0x9B, 0x8D, 0xB9, 0x7A, 0x01, 0xE6, 0x05, 0xB3, 0x75, 0xC2, 0x22, 0x21, 0x24,
    0x14, 0xD8, 0x42, 0x86, 0x17, 0x5C, 0x1D, 0xF5, 0x87, 0x60, 0x87, 0x93, 0xCF, 0xDA, 0x60, 0xF5,
    0xA7, 0x3D, 0x4A, 0x46, 0x9D, 0xC7, 0xE9, 0x08, 0x99, 0x6A, 0xEA, 0x6D, 0xC8, 0xE1, 0x45, 0x46,
    0x48, 0xEA, 0x31, 0xB2, 0x28, 0x9F, 0x46, 0xF3, 0xEF, 0x1D, 0xCF, 0xCE, 0x7B, 0xB2, 0x0C, 0x57,
    0x03, 0x77, 0xDE, 0x43, 0x9D, 0xA1, 0xDA, 0x9E, 0xB4, 0x78, 0x26, 0xF6, 0x6E, 0x2F, 0xDC, 0xC7,
    0x10, 0x21, 0xFC, 0xDA, 0xC8, 0xEC, 0x6F, 0x8B, 0x8B, 0x70, 0x37, 0x57, 0x09, 0x17, 0x4F, 0x3F,
    0x07, 0x61, 0x0B, 0xEE, 0x83, 0x67, 0x38, 0xF6, 0x83, 0x8E, 0x1D, 0xE1, 0xAD, 0x05, 0x8D, 0x02,
    0xAF, 0x4E, 0xA8, 0x13, 0x9A, 0x4E, 0x3D, 0xDE, 0x67, 0x51, 0x3E, 0xF6, 0xDA, 0xF2, 0xD9, 0x6C,
    0x3B, 0xC7, 0xA2, 0xFC, 0x38, 0xC2, 0xEB, 0xF7, 0x78, 0xF7, 0x6A, 0x03, 0x77, 0x40, 0x4C, 0x6E,
    0x27, 0xF2, 0x3B, 0x3E, 0x94, 0x38, 0x64, 0x4A, 0xC9, 0xE4, 0x98, 0x68, 0xA1, 0x1E, 0xB1, 0xB8,
    0xD6, 0x2C, 0xFF, 0x80, 0x0E, 0x2E, 0x9E, 0x36, 0xFE, 0x63, 0x44, 0xE8, 0x57, 0x68, 0x84, 0x0E,
    0xB8, 0xCD, 0xDD, 0x45, 0xF5, 0x03, 0xA8, 0x77, 0x08, 0x05, 0xF1, 0xDB, 0x13, 0xBB, 0x3A, 0xAB,
    0xB2, 0x2D, 0x5C, 0x7B, 0x03, 0xE2, 0x87, 0x40, 0xB5, 0x03, 0xF5, 0x16, 0x84, 0x01, 0x34, 0x1D,
    0x78, 0x00, 0x2E, 0x1C, 0x70, 0x4C, 0x47, 0x2F, 0x62, 0x77, 0x34, 0x23, 0x4E, 0x6E, 0xAC, 0x8F,
    0x76, 0x94, 0x71, 0xF2, 0x23, 0x9B, 0x10, 0x9A, 0x1C, 0x31, 0xC1, 0x55, 0x10, 0xB2, 0x09, 0xB8,
    0x1D, 0xE6, 0x4F, 0x18, 0xF6, 0xE7, 0xC3, 0x22, 0x9F, 0x2E, 0x3E, 0x99, 0x73, 0xBA, 0xEA, 0x66,
    0x60, 0xD5, 0x9A, 0xFC, 0x39, 0x35, 0x68, 0x72, 0x88, 0x50, 0xF6, 0x17, 0x77, 0xF9, 0xEE, 0x77,
    0x40, 0xD3, 0x43, 0xEC, 0x60, 0x0F, 0xD5, 0x16, 0xEA, 0xC1, 0xB2, 0x85, 0xD8, 0xF2, 0x1E, 0xE2,
    0xD1, 0x8E, 0xD5, 0xD1, 0x8F, 0xDD, 0xC1, 0x90, 0xB2, 0x15, 0x06, 0xEB, 0xDE, 0xF2, 0x60, 0x89,
    0x23, 0x70, 0xD1, 0xA9, 0xF6, 0x4F, 0xD0, 0x34, 0x7D, 0x53, 0x93, 0x2C, 0x93, 0xA3, 0x39, 0x93,
    0x3B, 0x93, 0x3D, 0x93, 0x3F, 0xA7, 0x06, 0xCD, 0xBE, 0x03, 0xD4, 0x23, 0xB0, 0x03, 0x22, 0x10,
    0x12, 0xA8, 0xFB, 0x5B, 0x6F, 0xC4, 0xC7, 0x5F, 0x98, 0x26, 0xE1, 0xFF, 0x7B, 0xB8, 0x76, 0xED,
    0x46, 0x38, 0x01, 0xCA, 0x00, 0xBE, 0x38, 0x03, 0x1B, 0x50, 0x6D, 0x40, 0x93, 0xC1, 0xB2, 0x05,
    0x0D, 0x70, 0xE7, 0x16, 0xDB, 0x52, 0xBD, 0x00, 0xC2, 0xDE, 0xD9, 0x2D, 0x63, 0xA1, 0x3B, 0x3F,
    0x89, 0x95, 0xF3, 0x63, 0xAF, 0xB2, 0x65, 0xCB, 0x0B, 0xAE, 0xCF, 0xA2, 0xE9, 0x76, 0x32, 0xC2,
    0xBE, 0x4E, 0x58, 0x96, 0x92, 0xF0, 0x20, 0x14, 0xB8, 0x5F, 0x8D, 0xB7, 0x7E, 0x92, 0xBC, 0xBF,
    0xF7, 0x43, 0x19, 0xEE, 0x33, 0x2B, 0x65, 0xA4, 0xEE, 0x4B, 0xA6, 0x4E, 0x21, 0x5D, 0xFF, 0xF4,
    0xB8, 0xCD, 0x60, 0x01, 0x1A, 0x20, 0xA6, 0x8B, 0x43, 0x03, 0x70, 0x23, 0x18, 0x63, 0x03, 0xF5,
    0x78, 0xAE, 0x36, 0x18, 0x99, 0x6D, 0x46, 0xEA, 0x77, 0xA5, 0xEC, 0xA8, 0xF3, 0xFE, 0x20, 0x2B,
    0xC2, 0x10, 0x0F, 0x70, 0xC3, 0xFE, 0x65, 0xA5, 0xAD, 0x4B, 0xD9, 0xB1, 0x2E, 0xC3, 0xC5, 0x7D,
    0xB3, 0xB9, 0xD8, 0x48, 0xB0, 0xE1, 0x59, 0xE2, 0xEA, 0x6D, 0x8B, 0xD5, 0x14, 0xD6, 0x2B, 0x4A,
    0x6C, 0xEB, 0x12, 0xFF, 0xB5, 0x29, 0xA1, 0x94, 0x58, 0x97, 0x31, 0x3A, 0x69, 0xFF, 0xDF, 0xE7,
    0x89, 0xEA, 0x1D, 0xE6, 0xA5, 0x45, 0x48, 0x58, 0x24, 0x2C, 0x3B, 0xEC, 0x21, 0x9F, 0xC9, 0xB5,
    0x23, 0x7A, 0x1B, 0xDF, 0x4D, 0x7D, 0xD7, 0x12, 0x9B, 0xFA, 0x1B, 0xCD, 0x00, 0x62, 0x07, 0xD6,
    0xC0, 0x08, 0xEA, 0x01, 0xC0, 0x09, 0x10, 0x27, 0x50, 0x2B, 0xC7, 0xE3, 0x5B, 0x4F, 0xC3, 0x78,
    0x1C, 0xCA, 0x66, 0x1A, 0xFA, 0xE3, 0xB0, 0x33, 0xFD, 0xED, 0x5D, 0x35, 0x1C, 0x51, 0x72, 0x84,
    0xC9, 0x8A, 0x90, 0x89, 0xC9, 0x32, 0x71, 0x40, 0xDA, 0x51, 0x97, 0xB2, 0x87, 0x75, 0xC9, 0x4C,
    0x60, 0x2F, 0x5C, 0x31, 0x74, 0x50, 0xA0, 0x1A, 0xA1, 0xCE, 0xB0, 0xE8, 0x2C, 0x7A, 0x08, 0x03,
    0x84, 0x74, 0x40, 0x1C, 0xD2, 0x8A, 0x18, 0xDB, 0x83, 0xEE, 0x1D, 0x74, 0x73, 0x54, 0x6F, 0x5D,
    0x2F, 0x7E, 0xD6, 0xAC, 0x28, 0xC4, 0x76, 0x56, 0x38, 0x18, 0xC0, 0xC1, 0x02, 0x8E, 0x26, 0x5C,
    0xEC, 0x6F, 0x10, 0x13, 0x08, 0x03, 0xA8, 0x33, 0x30, 0x02, 0x0F, 0x6E, 0xBF, 0x11, 0x3F, 0x08,
    0xD6, 0x20, 0xA6, 0x8B, 0x6F, 0xF0, 0x82, 0xED, 0xF5, 0x1B, 0x51, 0xEF, 0x40, 0x5D, 0x3A, 0x10,
    0x12, 0x98, 0x27, 0xD0, 0x24, 0x50, 0x80, 0x0D, 0x90, 0x6F, 0xB1, 0x1F, 0x77, 0x5A, 0x08, 0x23,
    0xDC, 0x2D, 0x60, 0x09, 0xE2, 0x39, 0x8B, 0x7A, 0x80, 0x3A, 0x59, 0xF4, 0xAA, 0xF6, 0x3A, 0xBD,
    0x99, 0xFA, 0x9B, 0xA9, 0xC1, 0x51, 0x95, 0x32, 0xA2, 0xEE, 0xD7, 0x1B, 0xD4, 0x69, 0xD1, 0xDF,
    0xFA, 0xD9, 0xF1, 0x05, 0x3E, 0x94, 0x59, 0xE9, 0x36, 0xCC, 0x4B, 0xC9, 0x84, 0x6F, 0x29, 0x3D,
    0xC1, 0xB2, 0xBD, 0xF6, 0x79, 0x71, 0xAB, 0xC1, 0x02, 0x6C, 0x41, 0x35, 0x5E, 0x1C, 0x6C, 0x00,
    0x6E, 0x04, 0x63, 0xE6, 0x09, 0xC2, 0x70, 0xAE, 0xF3, 0x04, 0x1F, 0xDF, 0x5D, 0x7C, 0x34, 0xA9,
    0xDE, 0xC2, 0x08, 0x4B, 0x00, 0xD8, 0x33, 0xDB, 0xAE, 0xA8, 0x73, 0xEC, 0x84, 0xDC, 0x24, 0x21,
    0x85, 0x41, 0xEC, 0xEA, 0x2C, 0xAA, 0x47, 0x7B, 0xC6, 0x6A, 0x64, 0x5D, 0x6F, 0x88, 0xF3, 0xCC,
    0xF2, 0x8F, 0x7A, 0x42, 0x49, 0xCC, 0x0B, 0xEA, 0x72, 0x46, 0xE7, 0xED, 0x91, 0x1F, 0x82, 0xD5,
    0xF9, 0xF3, 0xD3, 0x01, 0xB3, 0x0D, 0x3C, 0x02, 0x80, 0x1D, 0x4D, 0x5A, 0x13, 0xBB, 0x48, 0x14,
    0x3B, 0x6B, 0x4D, 0xB2, 0x13, 0x7A, 0xA3, 0x45, 0x9E, 0x8D, 0xEA, 0x7C, 0x7C, 0xBC, 0x58, 0x67,
    0xD5, 0xB8, 0x18, 0x18, 0x43, 0xE2, 0x71, 0x93, 0x88, 0xCB, 0x96, 0x18, 0xD1, 0xAC, 0x11, 0x46,
    0x2C, 0xC6, 0x53, 0x1A, 0x75, 0xC6, 0x3C, 0x23, 0xF4, 0x68, 0x12, 0x62, 0xCB, 0x17, 0x17, 0x94,
    0x11, 0xEB, 0xE1, 0x3A, 0x09, 0x01, 0x60, 0x8B, 0x6A, 0x3C, 0x15, 0xDB, 0xAB, 0xE2, 0xF2, 0xC7,
    0x99, 0xE6, 0xD7, 0xB6, 0xC4, 0xCF, 0xD9, 0xFA, 0xE2, 0x52, 0xE5, 0x0B, 0x5C, 0xD4, 0x3B, 0xD4,
    0xE5, 0xAC, 0x4D, 0x9E, 0xA7, 0x53, 0x8A, 0x05, 0x36, 0xF0, 0x33, 0xD7, 0x9D, 0x66, 0x77, 0x5E,
    0x80, 0xB0, 0xC3, 0xDD, 0x35, 0x34, 0xB0, 0xC4, 0x6C, 0x8F, 0x3A, 0xA3, 0xEE, 0x51, 0xB5, 0x37,
    0x26, 0xE1, 0xDC, 0xF5, 0x6E, 0xAC, 0xF2, 0x27, 0x51, 0xCA, 0x68, 0x96, 0xD7, 0x5B, 0xB3, 0xA9,
    0x60, 0xB9, 0x6E, 0x9C, 0x6F, 0xE5, 0x2D, 0xB7, 0x1B, 0xC1, 0xEF, 0xBF, 0x01, 0xB5, 0x98, 0x3D,
    0x8C, 0x1C, 0xB7, 0xD9, 0xC7, 0x7F, 0xB3, 0x94, 0x35, 0xAF, 0xDF, 0x81, 0x40, 0x17, 0xD2, 0x0B,
    0xC9, 0x2F, 0x90, 0x71, 0xE1, 0x22, 0x50, 0xE0, 0x9B, 0x36, 0xC5, 0xEE, 0x92, 0xB1, 0x8A, 0xB4,
    0x57, 0xF8, 0x20, 0x24, 0x8D, 0x5C, 0xB8, 0xB1, 0x03, 0xC4, 0x29, 0x53, 0x9C, 0x6E, 0xC6, 0x4E,
    0x91, 0xF6, 0xFA, 0xCA, 0x45, 0x12, 0x04, 0xE7, 0xC2, 0xAD, 0x8A, 0x3D, 0x0F, 0x95, 0x2B, 0xDC,
    0x4E, 0x1C, 0x24, 0x2E, 0x33, 0x88, 0xD2, 0xD8, 0x29, 0x42, 0xD8, 0x63, 0x60, 0x62, 0x73, 0x97,
    0x21, 0x67, 0x6E, 0x16, 0xA7, 0x8B, 0x64, 0xE9, 0xE4, 0xF8, 0x4F, 0x3E, 0x7F, 0xF2, 0xE1, 0xF3,
    0xC1, 0x67, 0xC8, 0xBD, 0xDB, 0x0F, 0x0C, 0x58, 0x98, 0xE3, 0x3D, 0x5F, 0xDE, 0xC5, 0x76, 0xD8,
    0x06, 0xCB, 0xB3, 0xF7, 0x5D, 0xC0, 0x20, 0x0C, 0x12, 0x94, 0x37, 0xF9, 0x6D, 0x93, 0x9E, 0x98,
    0xE4, 0x24, 0x2E, 0x3D, 0x7B, 0x4F, 0xF4, 0xB5, 0x3D, 0xBC, 0xAF, 0x42, 0x7F, 0xEB, 0x88, 0xB3,
    0xF3, 0x01, 0x3E, 0xC0, 0x0C, 0xB4, 0x17, 0x10, 0x7C, 0xF7, 0x76, 0x83, 0xD2, 0x45, 0x79, 0xEB,
    0xE8, 0xE8, 0xBD, 0xA0, 0x47, 0xBC, 0xE6, 0x47, 0xB8, 0x69, 0x0C, 0xB6, 0x88, 0xDF, 0x3F, 0xC9,
    0xFE, 0x1A, 0xBB, 0x2E, 0xB1, 0xDF, 0x75, 0x67, 0x84, 0x0A, 0x1B, 0x47, 0xE1, 0x9C, 0x7E, 0xF3,
    0xE8, 0xE8, 0x37, 0xA2, 0x49, 0x8D, 0x0C, 0xAD, 0xA8, 0x94, 0x56, 0xD4, 0xBC, 0x89, 0x6C, 0xA4,
    0xC9, 0xA3, 0x8E, 0x62, 0xC1, 0x8A, 0x37, 0x08, 0x9A, 0x51, 0x83, 0x7E, 0x10, 0x74, 0xC7, 0xEB,
    0xD4, 0x94, 0x04, 0xBD, 0xCA, 0x43, 0x64, 0x66, 0x44, 0x93, 0x54, 0xA2, 0x59, 0xA6, 0x66, 0x21,
    0x8D, 0x0B, 0xBD, 0x78, 0xD7, 0xA9, 0x5B, 0xBD, 0x12, 0x5D, 0x9D, 0xDA, 0x37, 0x67, 0x87, 0xB2,
    0xD9, 0x48, 0xB3, 0xCE, 0xEF, 0x0F, 0xEB, 0xA2, 0x53, 0xC2, 0x2E, 0x44, 0xBB, 0x4A, 0xCD, 0x1B,
    0x33, 0x9D, 0x07, 0xE7, 0xFB, 0x4E, 0x4D, 0xEB, 0x07, 0x61, 0x3D, 0x33, 0xBD, 0x34, 0xAF, 0x5F,
    0x26, 0xC4, 0x96, 0xA9, 0x0D, 0xEB, 0x21, 0x55, 0xFE, 0x4E, 0x4C, 0x9B, 0x99, 0x95, 0x68, 0x16,
    0x49, 0x75, 0x83, 0x6B, 0x80, 0x3A, 0x27, 0x4B, 0x60, 0x01, 0xF1, 0xC6, 0x06, 0xA9, 0x6B, 0xC3,
    0x2B, 0xE3, 0x1A, 0xCB, 0x73, 0xA2, 0x9E, 0x20, 0xE5, 0x28, 0x8F, 0xDB, 0xE7, 0xD3, 0x9F, 0xFF,
    0xD4, 0x4C, 0xFB, 0xB0, 0xF3, 0xCD, 0xB9, 0x7E, 0xBB, 0xF3, 0x7F, 0xD5, 0xE4, 0xAB, 0x77, 0xD0,
    0x8F, 0xF2, 0x49, 0x74, 0xEE, 0xD4, 0xA6, 0xF4, 0x75, 0x68, 0xA5, 0x57, 0x6B, 0xD9, 0x01, 0x16,
    0x36, 0xE0, 0x1B, 0xFC, 0x7A, 0x78, 0x69, 0x6E, 0xF0, 0x2D, 0x1E, 0x3A, 0xD0, 0x00, 0x25, 0x5E,
    0x7B, 0x5D, 0x73, 0x9D, 0x08, 0x85, 0x34, 0x75, 0xA5, 0x5A, 0x1F, 0xA4, 0xD4, 0xB9, 0xB9, 0xC1,
    0x65, 0x46, 0x28, 0x72, 0x93, 0x35, 0xC1, 0x66, 0xA4, 0x0D, 0xD6, 0x46, 0xDA, 0x52, 0x17, 0x61,
    0x1E, 0x3D, 0x66, 0x1A, 0x14, 0x75, 0xE5, 0xAB, 0x52, 0xDF, 0x00, 0x86, 0xBF, 0xD8, 0x3D, 0x2C,
    0xDF, 0xB6, 0xEF, 0x12, 0xA1, 0xBC, 0xB9, 0x76, 0xDB, 0x20, 0xBE, 0x75, 0x4F, 0xB4, 0x7F, 0x08,
    0xC2, 0x3C, 0x5D, 0x8B, 0x71, 0x5F, 0xEE, 0xB5, 0x8C, 0xED, 0x62, 0x71, 0x7B, 0x77, 0xC8, 0xC6,
    0x76, 0x91, 0x38, 0xB6, 0x10, 0x1E, 0x64, 0x05, 0x81, 0xBD, 0x41, 0x11, 0x51, 0xFC, 0xD8, 0xB2,
    0x24, 0x42, 0xCD, 0x2C, 0x8E, 0x88, 0x45, 0xD2, 0x25, 0x1D, 0x11, 0xFB, 0xF4, 0xC2, 0x4E, 0xB3,
    0xB4, 0x99, 0x66, 0xD2, 0x4C, 0xB3, 0x82, 0x01, 0x77, 0xE9, 0xD4, 0xE5, 0x96, 0xEC, 0x90, 0x65,
    0x62, 0x57, 0xCA, 0x51, 0xF7, 0x28, 0x61, 0x7B, 0xEF, 0xD9, 0x6C, 0xC8, 0xFF, 0xFA, 0xC0, 0xF6,
    0xF9, 0x2D, 0xAB, 0x90, 0xFE, 0xA3, 0x8F, 0xAD, 0x3C, 0x69, 0x73, 0x9D, 0x6C, 0xE4, 0x89, 0xCD,
    0x4E, 0x9A, 0x58, 0x4F, 0x30, 0x65, 0x1F, 0x0D, 0x33, 0x25, 0xC2, 0xCC, 0xC4, 0xF4, 0xAB, 0xED,
    0xCC, 0x89, 0x53, 0xBF, 0x99, 0x15, 0x56, 0x0E, 0x33, 0xD1, 0x26, 0x61, 0x66, 0x73, 0x90, 0x06,
    0x57, 0xBC, 0x6A, 0x15, 0xE4, 0x9A, 0xDA, 0xE3, 0xD7, 0xA0, 0xA0, 0x70, 0xA8, 0x8E, 0x88, 0x44,
    0xF3, 0x9C, 0x06, 0x78, 0xC4, 0x31, 0x4C, 0x27, 0x91, 0x73, 0x0A, 0xF5, 0x6B, 0x8B, 0x02, 0xB6,
    0xE7, 0xB1, 0x9A, 0x94, 0xBB, 0x49, 0x47, 0x3F, 0x29, 0x2B, 0xFA, 0x60, 0xDB, 0x2A, 0x4E, 0xB4,
    0x67, 0x14, 0x69, 0xCE, 0x28, 0xB9, 0xDE, 0x26, 0xA0, 0x57, 0x97, 0xFF, 0xCE, 0x74, 0x48, 0xDD,
    0xDD, 0x62, 0x83, 0x5A, 0x53, 0xBA, 0xF8, 0xCC, 0xAE, 0xF4, 0x95, 0xF7, 0x84, 0x5E, 0xFC, 0xF3,
    0x6F, 0x36, 0xA4, 0x70, 0xF9, 0x1F, 0x3A, 0xA5, 0xA5, 0x3F, 0x69, 0xFB, 0x2C, 0x1E, 0x98, 0x95,
    0x55, 0xB2, 0xC9, 0xEE, 0x77, 0xE2, 0x41, 0x38, 0x8B, 0x36, 0x6E, 0x21, 0xDF, 0xB5, 0xE2, 0x0B,
    0x9B, 0xFE, 0x69, 0x50, 0xD4, 0x6C, 0x50, 0x3E, 0x19, 0x94, 0xBB, 0xB3, 0x33, 0x16, 0x17, 0x94,
    0x10, 0x33, 0x28, 0xF1, 0x56, 0xD3, 0x98, 0xC0, 0x06, 0x45, 0x58, 0xFA, 0x90, 0x70, 0x48, 0x4D,
    0x66, 0x88, 0x9B, 0x16, 0xEF, 0xF4, 0x0A, 0x82, 0xAE, 0xBC, 0xAE, 0x87, 0x72, 0x28, 0x20, 0x5F,
    0x0F, 0xC7, 0xD9, 0x13, 0x91, 0xEC, 0x92, 0xE8, 0xD8, 0x39, 0x8E, 0x17, 0x23, 0x42, 0x5E, 0xA9,
    0x15, 0x73, 0xEE, 0xC1, 0x71, 0xBC, 0x8C, 0xDC, 0x08, 0xAB, 0x10, 0xED, 0x01, 0x21, 0x21, 0xF2,
    0x47, 0x16, 0x25, 0x5A, 0xE6, 0xA9, 0xE1, 0x5E, 0x16, 0xA3, 0xE2, 0xAA, 0xCB, 0xEF, 0xF7, 0xC1,
    0x2B, 0x86, 0x1F, 0xA4, 0xCD, 0xF0, 0x0F, 0x3A, 0x38, 0xE6, 0xD1, 0x73, 0x19, 0x5D, 0xF7, 0xA3,
    0xAF, 0xE5, 0x18, 0x45, 0xA1, 0xA5, 0x49, 0x1B, 0x61, 0xE9, 0xD8, 0x67, 0x1E, 0x77, 0x50, 0xB2,
    0xA1, 0xB8, 0x65, 0x91, 0xF7, 0x3B, 0xD2, 0xC6, 0x21, 0xEC, 0x02, 0xBA, 0x02, 0xF6, 0xA5, 0x0E,
    0xC1, 0xD5, 0x71, 0x78, 0x24, 0x94, 0xFC, 0xA3, 0x8B, 0x5E, 0x2E, 0xBA, 0xA9, 0xE8, 0x97, 0x47,
    0x47, 0x69, 0x82, 0xA7, 0x30, 0xC1, 0xF5, 0x55, 0x1B, 0x7D, 0x2D, 0x57, 0x00, 0x15, 0xA5, 0x82,
    0xAF, 0x0D, 0x7C, 0xDE, 0x22, 0x5A, 0x8B, 0x30, 0xF7, 0x90, 0xD5, 0x1C, 0xC9, 0x32, 0x34, 0x49,
    0x98, 0x55, 0x5C, 0x07, 0x05, 0x6B, 0x44, 0x8F, 0xB4, 0x14, 0x86, 0x12, 0xEA, 0x21, 0x54, 0x36,
    0x08, 0x4B, 0xE2, 0x06, 0x7D, 0x01, 0x70, 0x3D, 0x56, 0x1F, 0x6B, 0xB7, 0x33, 0x87, 0xA7, 0xC4,
    0x89, 0x4E, 0xB6, 0x85, 0x29, 0x99, 0xB3, 0xC5, 0xFF, 0x20, 0x3A, 0x66, 0x14, 0x08, 0x87, 0xAC,
    0x72, 0x23, 0x7A, 0x94, 0x4E, 0x6D, 0x62, 0x59, 0xC7, 0x64, 0xD1, 0x4A, 0x49, 0xCC, 0x4E, 0x6E,
    0x82, 0x09, 0xD2, 0x68, 0x22, 0x18, 0xA3, 0x09, 0xCA, 0x68, 0xDA, 0x21, 0xF7, 0x3A, 0xAB, 0x4A,
    0x9D, 0xAE, 0x83, 0x5B, 0xA9, 0x85, 0xA3, 0x68, 0x14, 0xD2, 0x23, 0x0D, 0xA8, 0x3B, 0x81, 0x60,
    0x1D, 0x22, 0x63, 0xC2, 0x98, 0x36, 0x26, 0x2C, 0x01, 0xA5, 0x63, 0x5A, 0xD6, 0x31, 0x6D, 0x30,
    0x71, 0x18, 0x8C, 0xB2, 0x11, 0x3D, 0x25, 0x2A, 0x66, 0xC9, 0xAB, 0x2B, 0x04, 0x2D, 0x03, 0x78,
    0x0F, 0x28, 0x75, 0x1D, 0xC4, 0x53, 0x52, 0xA3, 0xB6, 0x52, 0x9E, 0x91, 0x83, 0x20, 0xCB, 0x33,
    0xB2, 0xD8, 0xCA, 0xCE, 0x20, 0x73, 0x2E, 0x71, 0x95, 0x09, 0xD1, 0xBF, 0xAE, 0x3C, 0x3E, 0x48,
    0xCC, 0x7B, 0x83, 0xEB, 0x44, 0xA4, 0xBE, 0x47, 0x79, 0x8F, 0x5A, 0x2B, 0x83, 0xCB, 0x5A, 0x9C,
    0xB0, 0x83, 0xAC, 0x06, 0x69, 0x59, 0xC9, 0x86, 0x55, 0x61, 0x58, 0xD5, 0x50, 0xBA, 0x20, 0x6D,
    0x10, 0x1D, 0x84, 0xED, 0x7B, 0xEE, 0x99, 0x6D, 0x46, 0xDD, 0x9F, 0x4A, 0x3D, 0xDA, 0x6E, 0x1E,
    0x85, 0x4F, 0x4C, 0xCA, 0x7B, 0x6F, 0x23, 0xB5, 0x3F, 0x04, 0xAE, 0xCC, 0x81, 0xB9, 0x04, 0xEE,
    0x65, 0x06, 0x61, 0x67, 0xFD, 0x70, 0xC7, 0x7E, 0x13, 0x2B, 0x6A, 0x81, 0x9F, 0x00, 0xB9, 0xEF,
    0xC1, 0xFF, 0xCE, 0x6B, 0x61, 0xC9, 0x1A, 0x59, 0x91, 0xD8, 0x1D, 0x60, 0x3F, 0xC6, 0xBE, 0x72,
    0x75, 0xB8, 0x53, 0x9E, 0x87, 0x02, 0xE6, 0xB0, 0x82, 0x2E, 0x38, 0x20, 0x5A, 0x84, 0x21, 0x38,
    0xCB, 0xC1, 0xB2, 0x80, 0x7D, 0xD8, 0x90, 0x78, 0xC4, 0x3F, 0xB4, 0x38, 0x31, 0xF1, 0xDF, 0x5B,
    0x62, 0x0B, 0xEC, 0x82, 0x7B, 0xFB, 0x31, 0x10, 0xAE, 0x31, 0x41, 0x3D, 0xD5, 0x6C, 0x56, 0x15,
    0xFC, 0x82, 0x08, 0xB1, 0x79, 0xFB, 0x6D, 0x3B, 0xCE, 0xBC, 0xF7, 0xDD, 0x68, 0xAD, 0xBD, 0x7F,
    0x8F, 0x11, 0xB5, 0x61, 0x44, 0xF2, 0x75, 0xCB, 0x08, 0xF1, 0x45, 0xC7, 0x08, 0xD9, 0x3A, 0x46,
    0x14, 0xC6, 0x33, 0x22, 0xAF, 0x96, 0xA3, 0xFF, 0xEE, 0x8C, 0x97, 0x92, 0x5D, 0x60, 0x7C, 0x2D,
    0xF5, 0xDB, 0x59, 0x17, 0x29, 0xCE, 0x66, 0xC3, 0xAC, 0x05, 0x12, 0x0B, 0x2F, 0x8B, 0xE6, 0x7F,
    0xB9, 0x9E, 0xD8, 0xCB, 0xBA, 0x7C, 0xF0, 0x17, 0x8F, 0xFA, 0xF2, 0x73, 0x5F, 0x95, 0xDE, 0x87,
    0x59, 0xA0, 0xEA, 0x07, 0xDE, 0x7F, 0xC5, 0x8B, 0x81, 0x34, 0x72, 0x48, 0xE5, 0x00, 0x75, 0x0C,
    0xC8, 0x1A, 0xF8, 0x50, 0x45, 0xB5, 0xA8, 0xC0, 0x15, 0x06, 0x6A, 0xD9, 0x20, 0x9C, 0x6C, 0x49,
    0xD6, 0x99, 0x45, 0xD8, 0xAC, 0x21, 0x71, 0xC2, 0xC2, 0x4B, 0x33, 0xE0, 0x6A, 0xA2, 0xCF, 0x7F,
    0x5C, 0x16, 0x0D, 0x20, 0x0D, 0x90, 0xEB, 0xE9, 0x9C, 0x56, 0x00, 0xFD, 0x54, 0x6C, 0xBA, 0xF5,
    0x28, 0x00, 0x96, 0x00, 0xEE, 0xB4, 0x74, 0x44, 0xFB, 0x2C, 0xE1, 0xA5, 0x0F, 0xED, 0xE8, 0x2E,
    0xFF, 0xD9, 0xCA, 0xA3, 0x68, 0x1B, 0xE7, 0xE7, 0x5B, 0xB4, 0x5C, 0xDB, 0x53, 0x5E, 0x8F, 0x9D,
    0xE2, 0x9B, 0xFA, 0xCD, 0x5A, 0x97, 0x4F, 0xE1, 0x86, 0x3A, 0xCD, 0x16, 0x8E, 0xE5, 0x14, 0x99,
    0xEF, 0xA9, 0x87, 0x1B, 0x48, 0xE3, 0xCB, 0xFE, 0x33, 0x7F, 0xB2, 0xF9, 0xC0, 0xBD, 0x8C, 0xFC,
    0xB8, 0x62, 0x0D, 0x59, 0x0B, 0x1F, 0x8E, 0x17, 0x5A, 0x42, 0xDA, 0x0E, 0x43, 0xD6, 0x0C, 0x8B,
    0xB9, 0x01, 0x07, 0xA5, 0x26, 0xED, 0x48, 0x36, 0x90, 0xB7, 0x71, 0x46, 0x59, 0x91, 0x37, 0x24,
    0x6B, 0x50, 0x1A, 0xD1, 0xC1, 0x72, 0x3C, 0xB8, 0x7D, 0x48, 0xCD, 0x76, 0xB8, 0x0A, 0x89, 0xE6,
    0x1C, 0x3E, 0x1C, 0x77, 0xF4, 0x20, 0xED, 0xF9, 0xE1, 0xFB, 0x30, 0xAB, 0xCE, 0x16, 0x4D, 0xE9,
    0x3D, 0x9E, 0x50, 0xB2, 0xA9, 0x09, 0x15, 0x37, 0x35, 0x31, 0x3C, 0x72, 0x6A, 0xCB, 0xC8, 0x6D,
    0xE4, 0xAC, 0x89, 0x9C, 0x9B, 0x03, 0x62, 0xAD, 0x4B, 0x62, 0xA9, 0x81, 0xD3, 0x2E, 0x72, 0xDE,
    0xB0, 0x00, 0xA5, 0x23, 0x2F, 0x89, 0xBC, 0x3F, 0xF1, 0x1C, 0xAE, 0xC6, 0x7E, 0xBE, 0xC0, 0x03,
    0xF0, 0xE7, 0x7B, 0x2C, 0xEE, 0x3A, 0x30, 0x6C, 0x51, 0xFA, 0xAA, 0xBC, 0xE5, 0x7D, 0x57, 0x8A,
    0x70, 0x92, 0x6A, 0x56, 0xB1, 0x51, 0x80, 0x7A, 0x98, 0xCA, 0x48, 0x6B, 0x05, 0xC2, 0x29, 0x90,
    0x56, 0x81, 0x32, 0x0A, 0x36, 0x28, 0x66, 0x3D, 0x0A, 0x61, 0xD9, 0x41, 0xB4, 0x91, 0x1A, 0x2E,
    0x3D, 0x7C, 0x56, 0x8A, 0xD4, 0x52, 0x57, 0xD2, 0xE2, 0x2B, 0xD9, 0x51, 0xEA, 0xCC, 0x72, 0x83,
    0xA4, 0xC2, 0x07, 0x8C, 0x14, 0xBE, 0xD2, 0xD5, 0xC0, 0xE9, 0xFB, 0xC2, 0xF4, 0xEA, 0xCC, 0xB6,
    0xAF, 0x5F, 0xA5, 0x81, 0xC1, 0xC3, 0x3D, 0xF4, 0x57, 0x2B, 0x1B, 0xA0, 0x18, 0x3C, 0x00, 0x36,
    0x53, 0x78, 0xF8, 0x86, 0x48, 0xCC, 0xDC, 0xB0, 0xA9, 0xBD, 0xC3, 0x16, 0x7E, 0x13, 0xC9, 0x0F,
    0xA4, 0x23, 0x55, 0x5B, 0x32, 0x13, 0x4D, 0x6B, 0x93, 0xCB, 0x14, 0x36, 0x26, 0x68, 0xB0, 0x3B,
    0x2F, 0x10, 0x88, 0x67, 0xA6, 0xDD, 0x4B, 0x00, 0x21, 0x73, 0x23, 0x7C, 0x20, 0xE9, 0xFD, 0xED,
    0x26, 0xF7, 0x5E, 0x34, 0xEA, 0x11, 0x54, 0x3E, 0xCE, 0x10, 0x23, 0x62, 0xEC, 0xFB, 0xCD, 0x2C,
    0x66, 0x19, 0xF2, 0xA9, 0x20, 0x04, 0x72, 0x2C, 0xEE, 0x78, 0xCF, 0x3C, 0x98, 0xCD, 0x96, 0x9A,
    0x48, 0xED, 0xE3, 0xA8, 0xD9, 0xFA, 0x55, 0xCB, 0x0F, 0xBC, 0x1F, 0xB2, 0x44, 0x3A, 0x84, 0x64,
    0x17, 0x32, 0x0B, 0x69, 0x3B, 0x8A, 0x68, 0xE2, 0xBF, 0xC3, 0xE7, 0xCB, 0x07, 0x9F, 0xF8, 0xDA,
    0x7B, 0xFF, 0x33, 0xEF, 0x3F, 0x45, 0x76, 0xA0, 0x1C, 0x1C, 0x2B, 0x12, 0xA7, 0x2A, 0xD1, 0xCB,
    0x46, 0x58, 0xD9, 0xF0, 0x42, 0xC2, 0x25, 0x94, 0xAE, 0xE3, 0xB7, 0x27, 0x1E, 0x05, 0xA5, 0x55,
    0xA5, 0xCC, 0xF0, 0x45, 0xB7, 0x11, 0xAD, 0xB0, 0xEC, 0x3E, 0xFD, 0x9B, 0xD3, 0x77, 0x8F, 0x27,
    0xBF, 0x97, 0x7E, 0xEB, 0xE3, 0x01, 0xFE, 0x2B, 0x39, 0x4A, 0x0A, 0x3C, 0x0A, 0xCF, 0x5D, 0x0E,
    0x70, 0x40, 0x0F, 0x33, 0x0B, 0x22, 0xE6, 0x6D, 0x40, 0x9A, 0x20, 0x15, 0x14, 0x80, 0x82, 0xE0,
    0xC6, 0xE3, 0xDC, 0xA2, 0x14, 0x2C, 0x50, 0xD4, 0x2C, 0xF1, 0x38, 0x4A, 0xE0, 0x2A, 0xBC, 0x78,
    0x08, 0x24, 0x7A, 0xE6, 0x7D, 0x03, 0xA9, 0x91, 0x3E, 0xBE, 0x40, 0xA4, 0x56, 0x3A, 0xF5, 0xE1,
    0xAE, 0x98, 0x43, 0xE6, 0xBD, 0xE3, 0x97, 0xC0, 0xFF, 0x47, 0x17, 0xF6, 0xB6, 0x57, 0xF9, 0x99,
    0x47, 0x74, 0xC8, 0xC7, 0x5C, 0xE5, 0x3D, 0x4E, 0x2B, 0x31, 0xFD, 0x15, 0x84, 0xED, 0xE3, 0x33,
    0xF6, 0x0E, 0x4A, 0x6F, 0x63, 0x02, 0xC3, 0xCD, 0x0F, 0xFC, 0x67, 0xD3, 0x87, 0x9C, 0x40, 0x48,
    0x6F, 0x40, 0x45, 0xAB, 0xFB, 0x97, 0x8B, 0x11, 0x25, 0xC2, 0xF4, 0xF9, 0x98, 0x25, 0xD2, 0x16,
    0xFA, 0xF4, 0xD9, 0xFA, 0x20, 0x1D, 0xCC, 0x5A, 0x1E, 0x83, 0x02, 0x50, 0x15, 0x94, 0x31, 0xB3,
    0xE6, 0x1B, 0x90, 0x1C, 0x82, 0xE8, 0x62, 0xCE, 0x38, 0x0E, 0xFA, 0xB1, 0xBC, 0xDF, 0x17, 0x1A,
    0x57, 0xFC, 0xCA, 0x2A, 0x84, 0x55, 0x69, 0xEB, 0x10, 0xED, 0xB1, 0x34, 0x3D, 0xF1, 0x2B, 0x50,
    0xFC, 0x90, 0xFF, 0xAA, 0x55, 0xA2, 0x21, 0xC8, 0xBE, 0x34, 0xCC, 0xE3, 0x0F, 0x31, 0x70, 0x4F,
    0x62, 0x77, 0xA6, 0x32, 0x19, 0x2B, 0x05, 0xB2, 0x1E, 0x18, 0xEB, 0x65, 0x28, 0xF9, 0x22, 0x28,
    0x46, 0x52, 0x15, 0x04, 0x2A, 0x87, 0xC1, 0x28, 0x0D, 0x04, 0xBA, 0x00, 0x92, 0xC3, 0xA9, 0x88,
    0x73, 0x25, 0x4D, 0xB6, 0x4B, 0x0C, 0xA4, 0xF4, 0xB8, 0x91, 0x19, 0x37, 0x1A, 0xF7, 0xFB, 0x1E,
    0x40, 0xCE, 0x05, 0x30, 0x3D, 0x7B, 0xDA, 0x4F, 0xC3, 0xB4, 0x78, 0x01, 0x3C, 0x3F, 0xD2, 0xE9,
    0xD3, 0x0E, 0x25, 0x95, 0xD5, 0x58, 0x92, 0xBE, 0x01, 0x10, 0x49, 0xE9, 0xB8, 0xA6, 0x78, 0x12,
    0x8A, 0xE1, 0xA9, 0x94, 0x7E, 0x0E, 0x58, 0x01, 0xF8, 0x2D, 0xAD, 0x79, 0x02, 0x2E, 0x01, 0xBB,
    0x4A, 0x33, 0x73, 0xA5, 0x41, 0x38, 0x55, 0x05, 0x2A, 0x80, 0x8E, 0x27, 0x60, 0x1F, 0x60, 0xF3,
    0xF0, 0x46, 0x57, 0x01, 0x66, 0x87, 0x44, 0x88, 0x96, 0xED, 0x90, 0xB4, 0xA2, 0x4D, 0x2B, 0x44,
    0x2F, 0x5A, 0xD9, 0x22, 0x9C, 0x68, 0x73, 0x3B, 0x69, 0x1C, 0x8A, 0x76, 0xA6, 0xB7, 0x01, 0xE7,
    0x07, 0x0B, 0xF8, 0x01, 0xFA, 0x74, 0x78, 0xEB, 0xE8, 0xFD, 0xAF, 0x8E, 0x8E, 0x1E, 0x13, 0xA0,
    0x45, 0x9B, 0x30, 0xA4, 0xCE, 0xCD, 0xB0, 0x51, 0xD1, 0x4C, 0x43, 0x62, 0xC3, 0x7E, 0xD5, 0xA3,
    0xE3, 0x2E, 0x51, 0x52, 0x57, 0x75, 0xA5, 0xC2, 0x6C, 0xC2, 0x2B, 0xD4, 0xDA, 0x0F, 0x6B, 0x13,
    0x1E, 0xFE, 0x95, 0x6C, 0x9A, 0xC7, 0x88, 0x1B, 0x94, 0x67, 0x7C, 0x77, 0x06, 0x4B, 0xAD, 0x77,
    0xCE, 0xC5, 0x78, 0x7F, 0xFB, 0xCF, 0xC2, 0x8C, 0xED, 0x82, 0xBF, 0x5E, 0xDD, 0x69, 0xB3, 0xB1,
    0x5D, 0x2C, 0x4E, 0x39, 0xE5, 0xA4, 0xCD, 0xDA, 0xA8, 0x3F, 0x7D, 0x1C, 0x24, 0x5A, 0x98, 0xAC,
    0x95, 0xB6, 0xE8, 0x95, 0xBB, 0xC8, 0x8E, 0xB3, 0x4A, 0xDA, 0xC5, 0x7E, 0x97, 0xCF, 0xE7, 0xD2,
    0x5E, 0x64, 0x47, 0x6F, 0x6E, 0x9B, 0x67, 0x39, 0x99, 0x7F, 0x03, 0xED, 0x92, 0x01, 0x84, 0x24,
    0x47, 0x14, 0x86, 0xBF, 0xEE, 0x8A, 0x69, 0x0C, 0xAA, 0xB1, 0x44, 0x5C, 0xA4, 0x61, 0x10, 0x81,
    0x01, 0x40, 0xAA, 0xA7, 0x7A, 0x73, 0x00, 0xB0, 0x48, 0x10, 0x00, 0x06, 0x39, 0x00, 0x20, 0x28,
    0xE9, 0x06, 0x00, 0x2C, 0x00, 0xE0, 0x10, 0xC4, 0x42, 0x02, 0x58, 0x4C, 0x32, 0xC5, 0x01, 0x02,
    0x05, 0x00, 0x5C, 0x03, 0xB0, 0xB8, 0x22, 0x85, 0x3E, 0xE9, 0x99, 0x97, 0xBA, 0x99, 0xB1, 0xB2,
    0x2E, 0x9C, 0x00, 0x42, 0xEA, 0x7D, 0x4A, 0xD5, 0x7B, 0x7F, 0xD5, 0x7B, 0x8F, 0xC7, 0x96, 0x4A,
    0xBC, 0x96, 0x68, 0xCB, 0xB4, 0x61, 0x6E, 0x99, 0x1D, 0xBB, 0x47, 0xF2, 0x35, 0x3B, 0x73, 0x28,
    0x0B, 0xB2, 0x8C, 0x2D, 0xB5, 0x33, 0x5C, 0x99, 0xC7, 0xB5, 0xA2, 0xE8, 0xD0, 0x81, 0x26, 0x60,
    0x03, 0x7F, 0x86, 0xF2, 0x8F, 0xA0, 0x5E, 0x05, 0xFD, 0x3C, 0xAC, 0x55, 0x70, 0x55, 0x10, 0x39,
    0x64, 0x50, 0xE1, 0x02, 0x00, 0xBD, 0xF8, 0x8C, 0x83, 0xDD, 0x09, 0x99, 0x11, 0x19, 0x56, 0x4D,
    0x16, 0x8C, 0xA8, 0x98, 0x19, 0xAA, 0x70, 0xDC, 0x7B, 0x11, 0x16, 0xB7, 0xB0, 0xB8, 0x29, 0x72,
    0xEE, 0xE3, 0x2F, 0x7A, 0xC0, 0x42, 0x0B, 0x46, 0x42, 0x2F, 0xA9, 0x67, 0x76, 0xB8, 0x4C, 0x8B,
    0xB3, 0xCC, 0xFA, 0x21, 0x2A, 0x09, 0x7C, 0x0B, 0x60, 0x65, 0xCE, 0x40, 0xA2, 0x8C, 0xA8, 0x91,
    0xA5, 0x27, 0x3F, 0x6E, 0xC0, 0x82, 0x83, 0x53, 0x44, 0x9D, 0x22, 0x00, 0x5F, 0x93, 0x1B, 0x6B,
    0x1E, 0xA2, 0x25, 0x65, 0xD6, 0x45, 0xD4, 0x6F, 0x46, 0x25, 0x83, 0x96, 0xD1, 0xAA, 0xD4, 0x32,
    0x1B, 0x76, 0x1B, 0x66, 0xFB, 0x90, 0xB4, 0x04, 0x5E, 0xC0, 0x77, 0x2C, 0xC5, 0xAF, 0x1F, 0xE2,
    0x86, 0xE4, 0xD8, 0xED, 0x70, 0x79, 0xB7, 0xC5, 0xBC, 0x96, 0xB9, 0x3A, 0x38, 0x98, 0xCE, 0xBF,
    0x7F, 0xB6, 0xF7, 0xCD, 0xB9, 0xFE, 0x5B, 0x8A, 0xF1, 0x82, 0x88, 0xCF, 0x3C, 0x5E, 0x09, 0x17,
    0x0F, 0x70, 0x77, 0x37, 0x9C, 0x0F, 0xC0, 0x45, 0xD6, 0x2D, 0xBD, 0x66, 0x43, 0xCE, 0xCF, 0x44,
    0x22, 0x9E, 0x2C, 0x31, 0x91, 0x73, 0xD2, 0xD2, 0xA0, 0x07, 0xE5, 0x6B, 0x1C, 0x6B, 0x34, 0xDA,
    0x57, 0x5E, 0x79, 0x15, 0xD4, 0x78, 0xB2, 0x90, 0xCD, 0xE7, 0xF7, 0x5D, 0x43, 0xCB, 0xF7, 0xD4,
    0x5F, 0xF0, 0xA5, 0x44, 0x7B, 0x9D, 0x5A, 0xEE, 0x0D, 0xEE, 0x7D, 0x56, 0xAC, 0xFE, 0xED, 0x20,
    0x40, 0x31, 0xEB, 0xB9, 0xDF, 0x39, 0x57, 0xE7, 0xF8, 0x7B, 0x06, 0x5B, 0xB4, 0x78, 0xFB, 0x26,
    0x7E, 0x5A, 0x46, 0x48, 0x14, 0x11, 0x15, 0xA9, 0x02, 0x4D, 0xC7, 0x0F, 0x14, 0xD3, 0xE5, 0x68,
    0x25, 0xF5, 0x92, 0x80, 0x62, 0x4B, 0x73, 0xD2, 0x5F, 0x9D, 0xF5, 0x79, 0x7F, 0x36, 0x56, 0x32,
    0x28, 0x19, 0x29, 0x13, 0xCC, 0x99, 0x9B, 0x62, 0xDA, 0xFF, 0x1C, 0x7B, 0xF1, 0xC5, 0x8F, 0xFC,
    0x3F, 0x78, 0xFF, 0x81, 0xC1, 0x5B, 0x1C, 0x58, 0x8B, 0xFF, 0x48, 0x05, 0xCA, 0xC0, 0xC7, 0x63,
    0x23, 0xE3, 0xAF, 0xE5, 0x18, 0x33, 0x6A, 0x9C, 0x9A, 0xD1, 0x1E, 0xC6, 0x45, 0xD7, 0x95, 0x07,
    0xB4, 0xF8, 0x56, 0x8D, 0xF7, 0xC4, 0xB7, 0xDF, 0x44, 0x91, 0x98, 0x20, 0xE3, 0xC0, 0x5E, 0xBF,
    0xD4, 0x32, 0xF2, 0x82, 0xF2, 0x48, 0x23, 0xA1, 0x2D, 0xE2, 0x8E, 0xFB, 0x84, 0x39, 0x33, 0xE1,
    0x1C, 0x93, 0x7D, 0x1E, 0xF3, 0x73, 0xB6, 0x7C, 0xCE, 0x76, 0x43, 0xCC, 0x13, 0xA0, 0x7E, 0x1F,
    0x0A, 0x81, 0x19, 0x8E, 0xA8, 0xD7, 0xDD, 0xF2, 0x95, 0x6F, 0x8A, 0x68, 0x98, 0x6A, 0xAE, 0x9E,
    0x4D, 0xF4, 0xD2, 0xD5, 0x95, 0xA7, 0x8C, 0x10, 0xEF, 0xEE, 0xDE, 0xA5, 0x8B, 0xC4, 0xA9, 0x1C,
    0xDB, 0xA5, 0x6F, 0x84, 0xE2, 0x16, 0xC3, 0xDF, 0xE8, 0x3B, 0x2B, 0xD1, 0x92, 0x0C, 0xEE, 0x1F,
    0xA9, 0xA9, 0x9F, 0xE8, 0x8B, 0x97, 0xA6, 0xF2, 0xA6, 0xC1, 0x38, 0xDA, 0x88, 0xCD, 0x4C, 0x98,
    0x16, 0xA3, 0x79, 0xE7, 0x2F, 0x63, 0xCD, 0x8D, 0x79, 0xBA, 0xEA, 0xD5, 0xFE, 0xFA, 0x88, 0x95,
    0xD7, 0xE2, 0x6D, 0x31, 0xAB, 0x60, 0xC8, 0xC5, 0x18, 0xE2, 0x87, 0xB6, 0x9C, 0x99, 0x6E, 0xD5,
    0x0F, 0x1F, 0xAA, 0x2F, 0xFF, 0x7F, 0xEE, 0x61, 0x3A, 0x79, 0xCC, 0x23, 0x2D, 0x3B, 0xFB, 0x55,
    0xDA, 0x48, 0x30, 0x9F, 0x3C, 0xE9, 0x79, 0xF9, 0x96, 0x5E, 0x48, 0x05, 0x11, 0x7E, 0x83, 0x75,
    0xA2, 0x10, 0xD0, 0x1D, 0xCB, 0x61, 0x6C, 0x90, 0x03, 0x8B, 0x1B, 0x96, 0x68, 0xD6, 0x3F, 0xED,
    0x0F, 0x9A, 0x27, 0x36, 0x54, 0x07, 0xB6, 0x7F, 0x01, 0xAD, 0xD7, 0x01, 0x84, 0x27, 0xE7, 0xFD,
    0x06, 0xF0, 0x67, 0xE6, 0xFD, 0xEF, 0x7F, 0x30, 0x78, 0x0F, 0x39, 0x21, 0xA4, 0x03, 0x50, 0x0D,
    0x99, 0x02, 0x94, 0xDE, 0xBE, 0x13, 0x87, 0x02, 0x2C, 0xB2, 0x09, 0x82, 0x16, 0x50, 0xAE, 0x1C,
    0x50, 0x70, 0xB9, 0x19, 0x09, 0x0A, 0xE8, 0x01, 0x00, 0x0E, 0x41, 0xBA, 0xC1, 0x15, 0x05, 0xEC,
    0xED, 0xBC, 0x97, 0x03, 0x14, 0x19, 0x4D, 0x2A, 0x28, 0x32, 0x75, 0xA5, 0xA4, 0xD8, 0x57, 0x3B,
    0x91, 0xD9, 0xCD, 0x3B, 0xF3, 0xF4, 0xFB, 0x7D, 0xE7, 0xB7, 0x9B, 0xDD, 0x5E, 0xA2, 0xD1, 0xF6,
    0xCB, 0xFB, 0x79, 0x76, 0xDF, 0x67, 0x76, 0x7E, 0x6C, 0xD6, 0xFB, 0xE6, 0x90, 0x86, 0x0B, 0x50,
    0x90, 0x40, 0x35, 0xFD, 0x02, 0x70, 0x1D, 0x80, 0x16, 0x32, 0x27, 0xCA, 0xA2, 0x44, 0xF4, 0xEC,
    0x22, 0x48, 0xAF, 0x74, 0x0B, 0xA2, 0xB6, 0x82, 0x4B, 0x0C, 0x82, 0x25, 0xD9, 0xE4, 0x0A, 0x5E,
    0x5A, 0x8F, 0x00, 0x29, 0x9E, 0x67, 0x39, 0x6C, 0x00, 0xD2, 0xEF, 0x78, 0x61, 0x0F, 0xC0, 0xBD,
    0x4A, 0x38, 0xDE, 0x17, 0xD6, 0xC7, 0x40, 0xA5, 0x45, 0x2F, 0x18, 0x86, 0xDE, 0x97, 0xE7, 0x61,
    0x86, 0x7D, 0x36, 0x4E, 0xA8, 0x9F, 0x0E, 0x01, 0xEE, 0xF6, 0x13, 0xA1, 0xF8, 0x30, 0xA0, 0x2D,
    0x9F, 0x8E, 0x68, 0xED, 0xBB, 0x83, 0x70, 0xDB, 0x0B, 0x85, 0x87, 0xAB, 0x4A, 0xA1, 0xB6, 0x1D,
    0xDC, 0x89, 0x6D, 0x50, 0x2D, 0x16, 0xB0, 0xB1, 0x02, 0x8A, 0xA5, 0x06, 0x32, 0xB2, 0xEF, 0x40,
    0xB2, 0xC3, 0x57, 0x5C, 0x81, 0x70, 0x0F, 0xC8, 0xC2, 0x31, 0x90, 0x87, 0x19, 0xBB, 0x29, 0xB8,
    0x00, 0x8E, 0xF4, 0xE0, 0xE7, 0x7D, 0x63, 0x16, 0xE4, 0x28, 0x03, 0x00, 0x3B, 0x08, 0x95, 0x17,
    0x5C, 0xA7, 0x20, 0xF1, 0x5E, 0xDB, 0x38, 0xAC, 0xEC, 0x1C, 0xC8, 0x46, 0x68, 0x20, 0xDF, 0x42,
    0x88, 0x17, 0x34, 0x42, 0xED, 0x05, 0x9B, 0x08, 0x82, 0x89, 0x42, 0xCE, 0xE5, 0x2E, 0xD0, 0x93,
    0x80, 0xE5, 0x0A, 0xE0, 0x66, 0x83, 0xF4, 0xAB, 0x33, 0x5F, 0x33, 0x01, 0xF8, 0x2E, 0x90, 0xAB,
    0x42, 0x65, 0xFD, 0xD7, 0xF6, 0xCE, 0xFA, 0x3E, 0xD0, 0x73, 0x01, 0x5A, 0xC6, 0x6F, 0x7E, 0xC1,
    0x36, 0x05, 0x67, 0xC0, 0x91, 0x40, 0xFF, 0xF9, 0x0A, 0x2C, 0xF8, 0x3F, 0x64, 0x11, 0x40, 0x3E,
    0x2B, 0xD7, 0x7F, 0xA2, 0x27, 0x3D, 0xA8, 0xF4, 0xC2, 0x95, 0x82, 0x97, 0xC5, 0x9D, 0xF5, 0xA8,
    0xDB, 0x15, 0x41, 0x28, 0x14, 0xEB, 0x85, 0x5E, 0x6B, 0x5E, 0x02, 0x40, 0x3E, 0x29, 0xCD, 0xFE,
    0x16, 0xC7, 0x5B, 0xCC, 0xC9, 0x2C, 0x34, 0xB8, 0x55, 0xF1, 0x5D, 0x12, 0xFB, 0x2D, 0xBF, 0x24,
    0xBD, 0x5B, 0x7E, 0xCA, 0xB3, 0xBB, 0xC1, 0x0D, 0x86, 0x5D, 0x11, 0x5C, 0x07, 0xC2, 0x4C, 0x0E,
    0x58, 0x91, 0xCF, 0x12, 0xCB, 0x16, 0x31, 0x45, 0xBE, 0x85, 0xD9, 0xA2, 0xDC, 0xC2, 0x6E, 0x51,
    0x6F, 0xB1, 0xBF, 0xC5, 0xBD, 0x2D, 0xE6, 0x14, 0x59, 0x48, 0x61, 0x52, 0xA0, 0xF0, 0xD0, 0xB1,
    0xBB, 0x68, 0x54, 0x7C, 0x2F, 0x69, 0x66, 0xD4, 0x30, 0x51, 0x59, 0x14, 0x5E, 0x72, 0xDA, 0x29,
    0x5E, 0xF8, 0xDB, 0x50, 0xA3, 0x27, 0x39, 0x53, 0x26, 0xA6, 0xAF, 0xCC, 0x18, 0x6B, 0x08, 0x57,
    0x8B, 0x3B, 0xE7, 0x3D, 0xDF, 0x33, 0xA3, 0x7D, 0x04, 0xE1, 0x54, 0x28, 0x29, 0x98, 0x4B, 0x32,
    0x05, 0x3B, 0x7A, 0x76, 0x80, 0x18, 0x93, 0x14, 0x4F, 0xD0, 0x77, 0x6A, 0xED, 0x55, 0x3B, 0x6C,
    0xDE, 0x48, 0xDE, 0x4B, 0x46, 0xD5, 0xAB, 0xEE, 0xF7, 0x9C, 0x4E, 0x32, 0xB6, 0x9C, 0x7A, 0xAE,
    0x2F, 0xAD, 0x0F, 0x7B, 0x4E, 0x88, 0xE8, 0xD7, 0x06, 0xDA, 0xE2, 0x3B, 0xB9, 0x24, 0x19, 0x55,
    0x17, 0x05, 0x64, 0x4D, 0xCB, 0x0E, 0x32, 0x2D, 0xE7, 0x2D, 0xD6, 0x14, 0xE8, 0xB7, 0x70, 0x5D,
    0x8A, 0xCA, 0xA7, 0xB0, 0xBE, 0x5D, 0x35, 0x9E, 0x90, 0xBA, 0xF9, 0xF4, 0xEC, 0xAE, 0x44, 0xFD,
    0xAB, 0x90, 0x9E, 0x2C, 0x47, 0x89, 0xB7, 0xD6, 0x22, 0xA4, 0x97, 0x99, 0x59, 0x63, 0xCC, 0xD9,
    0xA0, 0x95, 0xAD, 0x3E, 0xA0, 0x35, 0x13, 0xAA, 0x88, 0x56, 0xFF, 0xF3, 0x12, 0x2D, 0x22, 0xD0,
    0x36, 0x2D, 0x4E, 0x80, 0xBA, 0x6B, 0xE1, 0x76, 0xD1, 0xC1, 0xC9, 0x66, 0xF5, 0x51, 0xD7, 0xEB,
    0x07, 0x7D, 0xC6, 0x45, 0xA2, 0xFC, 0x92, 0x13, 0x74, 0x6E, 0x02, 0x6F, 0xA3, 0xF2, 0x66, 0xDC,
    0x87, 0x13, 0x9D, 0x58, 0x0C, 0xE2, 0x50, 0xAA, 0xA3, 0xF5, 0x35, 0xEE, 0x07, 0xEB, 0xAB, 0xE6,
    0xB1, 0x68, 0xBB, 0x18, 0x6C, 0x67, 0xFD, 0x3C, 0xD9, 0xC6, 0xFA, 0x69, 0xAE, 0x1A, 0xFB, 0x64,
    0x8A, 0xAE, 0xA1, 0x4E, 0xD8, 0x34, 0xCF, 0xC2, 0xAD, 0x7D, 0x98, 0x67, 0xE3, 0xAD, 0x5B, 0x30,
    0xFF, 0x18, 0xF6, 0x7F, 0x2C, 0x7A, 0x77, 0x0F, 0xF9, 0x97, 0xBE, 0x3E, 0x46, 0xF6, 0x95, 0xAF,
    0x8E, 0x01, 0x76, 0x76, 0x16, 0x1B, 0x3B, 0x89, 0x50, 0x7B, 0x94, 0x01, 0x68, 0x51, 0x04, 0x38,
    0x2E, 0x30, 0xC1, 0x91, 0x5E, 0x3C, 0xEA, 0x83, 0x09, 0xF2, 0xBE, 0xA8, 0x62, 0xF3, 0xBE, 0x68,
    0x46, 0xA7, 0x86, 0xFF, 0x5E, 0x6C, 0x96, 0xA3, 0x5A, 0xF9, 0x7D, 0xF3, 0xC5, 0x1B, 0xEC, 0xF6,
    0xD3, 0x11, 0xA2, 0x8E, 0x90, 0xD9, 0x6B, 0x00, 0xE9, 0x36, 0xB2, 0xC3, 0xBB, 0x9F, 0xA0, 0x24,
    0x17, 0x14, 0x64, 0xBC, 0x52, 0xB8, 0xA5, 0xF2, 0x39, 0xF9, 0x99, 0x2F, 0xD7, 0xBB, 0xF4, 0x36,
    0x80, 0xBE, 0x96, 0x5D, 0xEF, 0x3A, 0x05, 0xA8, 0x95, 0xEA, 0x9B, 0x69, 0x50, 0x6F, 0x0F, 0xDB,
    0x01, 0xBD, 0x2F, 0x97, 0x82, 0xDE, 0x90, 0x1F, 0x79, 0xF4, 0xAB, 0xF5, 0xC8, 0x0E, 0x70, 0x65,
    0xA4, 0x60, 0x48, 0xE0, 0xCA, 0xB4, 0xEC, 0xB4, 0x99, 0x61, 0xF9, 0x28, 0xC0, 0x0D, 0x78, 0x88,
    0xB6, 0x01, 0xB0, 0x5E, 0x5C, 0x39, 0x99, 0x62, 0x66, 0xA1, 0x25, 0xE7, 0x0D, 0x13, 0x80, 0x8D,
    0x17, 0xCF, 0x0E, 0x1B, 0xDD, 0x1B, 0x37, 0xF2, 0x2B, 0x37, 0x95, 0xD2, 0x2A, 0xCE, 0x0B, 0x76,
    0x7D, 0x2B, 0xC0, 0x90, 0x01, 0xE8, 0x39, 0x02, 0xD9, 0xEB, 0xC8, 0x27, 0x98, 0xC9, 0x4C, 0xB0,
    0x41, 0xA8, 0xBD, 0xD0, 0x42, 0x58, 0x04, 0x33, 0x0B, 0x36, 0x08, 0xB5, 0x17, 0x5A, 0x08, 0x8B,
    0x7C, 0xDA, 0x57, 0x72, 0xFF, 0xA5, 0x13, 0x30, 0x61, 0xD6, 0x5E, 0x8A, 0xE8, 0x1A, 0x7D, 0xD8,
    0x0B, 0x65, 0xB8, 0xF8, 0x59, 0x2C, 0x4A, 0xAF, 0x38, 0x2F, 0xD8, 0x41, 0x28, 0x82, 0x60, 0x62,
    0x4B, 0x72, 0xFE, 0x9A, 0xE7, 0x2F, 0xDA, 0x5A, 0xA1, 0xC0, 0x59, 0x19, 0x00, 0x43, 0x00, 0x95,
    0xB6, 0xBD, 0xB4, 0x26, 0x2E, 0x44, 0x36, 0x6C, 0xAD, 0x97, 0x76, 0xBD, 0x68, 0xB9, 0xBB, 0xA0,
    0xA4, 0x15, 0x80, 0xEB, 0xEC, 0xA6, 0x24, 0x1B, 0x4D, 0x47, 0x4E, 0x29, 0xCF, 0xFB, 0x75, 0x3B,
    0xC7, 0x33, 0x76, 0x90, 0xD9, 0x43, 0xED, 0x35, 0xEB, 0xC6, 0x06, 0x4D, 0x07, 0x73, 0x91, 0xD3,
    0x96, 0xF9, 0xAC, 0x79, 0xB2, 0xFB, 0x7D, 0x2F, 0xBB, 0x8C, 0xB2, 0xBF, 0xA5, 0xD1, 0xCC, 0x24,
    0x27, 0x43, 0x2F, 0x9B, 0x26, 0x54, 0x0C, 0x66, 0x42, 0x19, 0xDC, 0xA7, 0xD1, 0x04, 0xD8, 0x61,
    0x85, 0xA6, 0xDE, 0xAD, 0xB1, 0x08, 0x68, 0x5F, 0x9B, 0x11, 0xCB, 0x21, 0x5F, 0xE5, 0x99, 0x68,
    0x7D, 0x25, 0x9D, 0x99, 0xED, 0x29, 0x47, 0x13, 0x6D, 0xB0, 0x24, 0x0A, 0x72, 0xA8, 0x38, 0xA2,
    0x3C, 0x25, 0x74, 0xEC, 0x93, 0x83, 0x2D, 0x3D, 0xAE, 0x65, 0xB5, 0xCB, 0xBA, 0xDB, 0xD2, 0xE1,
    0x9B, 0x53, 0xC6, 0x2E, 0x82, 0x63, 0x03, 0xF4, 0xB5, 0x07, 0xA2, 0xFD, 0x56, 0xF4, 0x68, 0xAE,
    0x00, 0x38, 0xA7, 0xDC, 0x17, 0xEA, 0x28, 0xD8, 0x49, 0x09, 0xC0, 0x8D, 0x52, 0xF8, 0xAD, 0x15,
    0x66, 0x37, 0xC3, 0xC4, 0xB7, 0x23, 0x0C, 0xE3, 0x63, 0xD8, 0xD3, 0xC9, 0xA1, 0xFA, 0x75, 0x70,
    0x70, 0x85, 0xAF, 0xBB, 0xFB, 0xA6, 0xD3, 0xF7, 0xE1, 0x6B, 0xCA, 0xE1, 0xEA, 0xB7, 0x2F, 0xB7,
    0x42, 0x45, 0x08, 0x33, 0x0C, 0x57, 0x08, 0x0C, 0x4A, 0x84, 0x09, 0x39, 0x05, 0xB4, 0xB8, 0x72,
    0x0F, 0x05, 0x54, 0x3E, 0xF1, 0xE6, 0x17, 0x87, 0xED, 0x27, 0xBB, 0x7B, 0xE8, 0x88, 0xEF, 0xC9,
    0xDE, 0x0A, 0xF3, 0xC5, 0xDD, 0x78, 0xF9, 0x82, 0x46, 0xBE, 0x6D, 0x00, 0x29, 0xFE, 0x1D, 0x40,
    0xA6, 0x58, 0x0F, 0xE4, 0xE4, 0x88, 0x9A, 0x5C, 0xA0, 0x6F, 0x36, 0xB4, 0xFE, 0xE7, 0x76, 0x92,
    0xA2, 0x1E, 0x04, 0xD7, 0x09, 0x2D, 0x04, 0x2A, 0xAB, 0xB2, 0xEC, 0xE0, 0xAA, 0xF0, 0x02, 0xDF,
    0x52, 0xE9, 0x15, 0xD7, 0x28, 0x5E, 0xB0, 0x41, 0x28, 0x17, 0xC1, 0xF0, 0xF4, 0x4F, 0x44, 0x4F,
    0x12, 0x25, 0x39, 0x03, 0xD5, 0x27, 0x97, 0xBF, 0xA0, 0x4E, 0xE8, 0xA1, 0x43, 0x25, 0x63, 0x27,
    0x1A, 0xFA, 0xE4, 0x20, 0x96, 0x7F, 0x0D, 0xA2, 0xFD, 0x38, 0xF9, 0x74, 0x12, 0xEB, 0x77, 0x22,
    0x40, 0x9D, 0x9D, 0x37, 0x79, 0xD8, 0x1F, 0x02, 0x11, 0x0E, 0xC8, 0xC4, 0xEE, 0x5A, 0x5B, 0x06,
    0xD8, 0x00, 0x3B, 0xA2, 0x10, 0x3D, 0xD2, 0x51, 0x80, 0x3C, 0x3D, 0x06, 0x11, 0xC0, 0x82, 0x5E,
    0xEC, 0x25, 0x01, 0x87, 0x6D, 0x7A, 0x8E, 0x30, 0x64, 0x14, 0x1E, 0x11, 0x79, 0x87, 0xBE, 0xD1,
    0xB6, 0x13, 0x6A, 0x7F, 0xC1, 0x76, 0xC5, 0x84, 0xC4, 0xCD, 0xC3, 0x76, 0x39, 0x40, 0xC1, 0x01,
    0x68, 0x67, 0xE0, 0x0E, 0x3F, 0x3F, 0x7A, 0x98, 0x8A, 0x5E, 0xA9, 0xFC, 0xB5, 0x1F, 0xAC, 0x14,
    0x1B, 0x90, 0x75, 0xE5, 0x7A, 0xD8, 0x7B, 0x43, 0xD2, 0xA3, 0xE5, 0x02, 0xE0, 0x10, 0x32, 0x7B,
    0x8A, 0x05, 0x50, 0x90, 0x0D, 0x1C, 0x19, 0x32, 0x92, 0x63, 0xB1, 0xDA, 0xCC, 0xDB, 0x60, 0xF5,
    0x2D, 0x82, 0xEB, 0x84, 0x16, 0x02, 0x95, 0x55, 0x59, 0x9E, 0x67, 0x2B, 0xA8, 0xF4, 0x8A, 0x6B,
    0x14, 0x2F, 0x54, 0x41, 0xB0, 0x51, 0x30, 0x3C, 0x7D, 0xB4, 0xFB, 0xBF, 0x45, 0x4B, 0x76, 0x52,
    0x1D, 0x40, 0x2A, 0xEC, 0x08, 0x08, 0x1B, 0x59, 0xC8, 0x02, 0xF2, 0x60, 0x02, 0x2A, 0x92, 0x4B,
    0xAB, 0xBC, 0x72, 0xFE, 0xC1, 0xF9, 0xFB, 0x46, 0xF7, 0xFE, 0x23, 0x66, 0x21, 0x5F, 0xF7, 0x4C,
    0x00, 0x29, 0xB8, 0x15, 0xB8, 0x72, 0xB1, 0x64, 0x64, 0x03, 0x58, 0x32, 0xA4, 0x73, 0x4C, 0xEC,
    0x81, 0x07, 0xC0, 0x02, 0x9D, 0xF8, 0x9C, 0x4C, 0xB6, 0x83, 0x5A, 0xAF, 0x6A, 0xC1, 0x90, 0xB6,
    0xA8, 0x1A, 0xFA, 0xD4, 0x84, 0xD4, 0x4C, 0xD5, 0x4F, 0xC6, 0xFB, 0xF9, 0xEC, 0x4E, 0x57, 0x3E,
    0x89, 0xBF, 0x9C, 0xDC, 0x6D, 0x1F, 0x7F, 0x14, 0xEA, 0xFC, 0x0F, 0xB3, 0x0B, 0xAF, 0xE6, 0x1F,
    0x07, 0x3B, 0xBD, 0x9A, 0x73, 0xC8, 0x29, 0xD3, 0x64, 0xC2, 0x8C, 0x2C, 0xD4, 0x6F, 0x0E, 0xC8,
    0xA4, 0x1D, 0x80, 0xE1, 0xE5, 0x6C, 0x40, 0x4B, 0x72, 0xEC, 0x85, 0x90, 0xBE, 0xC2, 0xC5, 0xA4,
    0x62, 0x48, 0x45, 0x22, 0x9D, 0xA0, 0xFF, 0x43, 0x5A, 0x72, 0x92, 0x35, 0xBF, 0xC4, 0x3F, 0x1E,
    0xA0, 0x1A, 0x80, 0x32, 0x00, 0x26, 0x40, 0xF7, 0x2E, 0xAF, 0xD0, 0x22, 0x40, 0xBB, 0x57, 0xD8,
    0xA1, 0x5D, 0x00, 0xD7, 0x6D, 0x7F, 0x7E, 0x76, 0xD8, 0x2A, 0x33, 0xEF, 0x6E, 0x5F, 0x42, 0xCA,
    0x66, 0x57, 0x8E, 0x5B, 0x19, 0x81, 0x6B, 0x64, 0x41, 0x68, 0x05, 0xB2, 0xC3, 0xFF, 0xF3, 0x2F,
    0xD0, 0x57, 0x0A, 0x31, 0x0F, 0xB8, 0xB1, 0xF4, 0xA9, 0x68, 0x50, 0x72, 0xD0, 0x3D, 0xE4, 0xE1,
    0x7E, 0x84, 0x09, 0xB8, 0x4A, 0x39, 0x0A, 0x76, 0x10, 0x2A, 0x2F, 0xB8, 0x06, 0x31, 0x23, 0xB0,
    0xF6, 0x11, 0x20, 0x47, 0x61, 0xC5, 0xB5, 0x29, 0xA3, 0x0A, 0x47, 0x15, 0x6F, 0x5B, 0xAF, 0x71,
    0x5C, 0x6E, 0x61, 0x86, 0xB4, 0x69, 0xC6, 0xED, 0x11, 0x99, 0x0E, 0x95, 0x46, 0x44, 0x4E, 0x1D,
    0x40, 0xBB, 0xCA, 0xA7, 0x28, 0xB6, 0x30, 0x83, 0x44, 0xF8, 0xBE, 0xC6, 0xB3, 0x79, 0xD5, 0x20,
    0x79, 0xDB, 0x4B, 0xD4, 0x9F, 0x52, 0x22, 0xDA, 0xD7, 0xB8, 0x1D, 0xF9, 0x2F, 0x00, 0x6E, 0x82,
    0xCE, 0xE3, 0xA8, 0xE2, 0x87, 0xBD, 0x0A, 0xB8, 0xB3, 0xB7, 0x1A, 0x09, 0x4B, 0x76, 0x97, 0x7F,
    0x9E, 0xC0, 0xDE, 0x81, 0x6A, 0xC2, 0x77, 0xF5, 0xD1, 0xDA, 0x60, 0x3B, 0x7A, 0x41, 0x99, 0xCE,
    0xF0, 0x76, 0x68, 0xC7, 0x72, 0x32, 0xA1, 0x9C, 0xEC, 0x60, 0x82, 0x89, 0xE9, 0xE4, 0x8F, 0xAE,
    0x13, 0x57, 0xD7, 0x88, 0xBD, 0x83, 0xD8, 0x5E, 0x98, 0x3F, 0xDC, 0xAE, 0xAB, 0x6F, 0xD7, 0x90,
    0x0F, 0x20, 0x2C, 0x0A, 0x3B, 0x33, 0xA1, 0x1D, 0x04, 0x1B, 0x84, 0x42, 0x31, 0xD7, 0x29, 0x95,
    0x7A, 0x78, 0xF1, 0xEC, 0x0D, 0xFA, 0x8B, 0xF3, 0x73, 0xC2, 0x9B, 0xE7, 0xAF, 0x5F, 0xFF, 0xA7,
    0xE5, 0x0A, 0x68, 0x89, 0x3B, 0xEB, 0x6F, 0x2E, 0x8A, 0xEB, 0x20, 0x1B, 0x7F, 0x27, 0xE6, 0x61,
    0x56, 0xCF, 0xD5, 0x8A, 0x14, 0xC9, 0x74, 0xA8, 0x06, 0x46, 0xD8, 0xBF, 0x87, 0xB3, 0x15, 0xD5,
    0x87, 0x61, 0x6E, 0xE1, 0xDE, 0x09, 0xB3, 0xF3, 0xAD, 0x3C, 0x6F, 0x7D, 0xAF, 0x0E, 0xAB, 0x3A,
    0x2E, 0x62, 0x19, 0x76, 0x66, 0x0F, 0x7E, 0x96, 0x3F, 0x58, 0xA0, 0x73, 0x92, 0x6C, 0x93, 0x2E,
    0x59, 0x7B, 0xD5, 0x0E, 0x6A, 0x31, 0xA9, 0xD9, 0xAA, 0xEE, 0xF5, 0xEB, 0xD1, 0x11, 0x2A, 0xCA,
    0x34, 0x9B, 0x90, 0x31, 0x7F, 0x0E, 0x97, 0x8B, 0xD4, 0x45, 0x5D, 0x7E, 0x41, 0x1D, 0x16, 0x94,
    0xB2, 0xCC, 0x95, 0x55, 0xC8, 0xAA, 0x06, 0xFD, 0x59, 0x32, 0xEE, 0x9E, 0xAB, 0xB4, 0x9B, 0x16,
    0xE4, 0x71, 0x41, 0xB6, 0x5B, 0xFA, 0xB5, 0x99, 0x17, 0xD8, 0xC0, 0x0F, 0x38, 0x92, 0xEC, 0xC8,
    0xF9, 0xDA, 0x67, 0x65, 0xCD, 0x01, 0x80, 0x1B, 0x80, 0x4B, 0x87, 0xCA, 0x58, 0xAE, 0x1F, 0x78,
    0x3B, 0x02, 0xCE, 0xCB, 0xC2, 0xB6, 0x5A, 0x00, 0xFD, 0x6E, 0xB5, 0xDB, 0xDA, 0xBA, 0x0E, 0xA8,
    0x06, 0xC0, 0x2E, 0x6F, 0x0C, 0x86, 0x1C, 0xD0, 0xD2, 0x23, 0x7B, 0x1D, 0x3A, 0x3F, 0x38, 0x3A,
    0x7A, 0xD0, 0x92, 0xA3, 0xAE, 0x7F, 0x02, 0xAB, 0xFF, 0xFF, 0xFF, 0xBF, 0x03, 0x98, 0xD0, 0x5A,
    0xB5, 0x6A, 0x15, 0x03, 0x00, 0xCD, 0xD1, 0x21, 0x8C, 0x14, 0x31, 0x18, 0xC5, 0xF1, 0x7F, 0x7B,
    0x59, 0xB5, 0xA2, 0xE8, 0x33, 0xF5, 0x41, 0x8C, 0x57, 0xAD, 0x42, 0x63, 0xD0, 0xF8, 0x20, 0xF0,
    0xE6, 0x66, 0xF1, 0x02, 0xBC, 0x42, 0x9C, 0x60, 0x83, 0xC0, 0xAB, 0x6D, 0xCE, 0x27, 0xD4, 0xAB,
    0x33, 0x18, 0xD4, 0x8A, 0x15, 0x17, 0x52, 0xE6, 0x31, 0x5F, 0xBE, 0xEC, 0x25, 0x6B, 0x09, 0x47,
    0xCE, 0xBC, 0x5F, 0x32, 0x9D, 0x26, 0x7D, 0x79, 0x84, 0x3D, 0xF1, 0x16, 0xB2, 0x5A, 0x51, 0x65,
    0xD6, 0x4E, 0x02, 0x85, 0xF0, 0x3B, 0xC0, 0xE0, 0xEA, 0x01, 0xC2, 0xCA, 0xF1, 0x91, 0xE8, 0x64,
    0x8D, 0x49, 0x0F, 0x1C, 0x34, 0xB4, 0xF2, 0x6E, 0xF9, 0xF2, 0xF5, 0xD7, 0xED, 0xF9, 0xEC, 0xE9,
    0xB1, 0x57, 0x43, 0xD6, 0xDD, 0x8E, 0x59, 0x1F, 0x3B, 0x0A, 0xE9, 0x9E, 0xC1, 0xB6, 0x85, 0x01,
    0x58, 0x10, 0x2D, 0xB2, 0x46, 0xEA, 0x07, 0x8B, 0xF5, 0x85, 0xA9, 0xC7, 0xC1, 0xBF, 0x0A, 0xC2,
    0x7E, 0x53, 0xC9, 0xFA, 0xDE, 0x1F, 0x5F, 0xD0, 0xB1, 0x83, 0xE0, 0x71, 0xFE, 0xEF, 0x29, 0x5F,
    0xE0, 0xCB, 0xF9, 0x74, 0xAF, 0xF0, 0xED, 0x72, 0xF3, 0xF1, 0xA6, 0xE6, 0xEB, 0xA5, 0xE6, 0xBB,
    0xC1, 0xD9, 0xE8, 0xE2, 0x0B, 0xE6, 0x66, 0x13, 0x9A, 0xBE, 0x61, 0x6E, 0x7E, 0xFE, 0xFF, 0xF5,
    0x3E, 0x9B, 0xEA, 0x7D, 0xDE, 0xB6, 0xCB, 0x3E, 0xD9, 0xFB, 0x90, 0xBD, 0x8F, 0x7B, 0x71, 0xFF,
    0xD9, 0xF5, 0xB9, 0xFE, 0x04, 0x51, 0xAA, 0x24, 0xA9, 0x33, 0xF5, 0x7C, 0xA4, 0xD4, 0xB5, 0x42,
    0x21, 0x5E, 0x46, 0xD6, 0x52, 0x28, 0x52, 0xE1, 0xE5, 0xB2, 0xF7, 0x6F, 0x7F, 0x13, 0x63, 0x0D,
    0x14, 0xD6, 0x38, 0x68, 0x8D, 0x49, 0x40, 0x78, 0x0D, 0x5C, 0x57, 0x80, 0xA8, 0x61, 0x6C, 0x25,
    0x23, 0xF5, 0xB9, 0x01, 0xD3, 0x2E, 0x19, 0x05, 0x83, 0xC9, 0x20, 0xE4, 0xBA, 0x12, 0xA5, 0x76,
    0xD0, 0x31, 0x49, 0x77, 0xD2, 0xB1, 0xFC, 0x78, 0xFF, 0xE1, 0xDB, 0xCF, 0xCF, 0x05, 0xEC, 0x97,
    0x1B, 0x67, 0x76, 0x4A, 0x37, 0xC8, 0x8B, 0xC1, 0x95, 0x4E, 0x06, 0x45, 0x06, 0x51, 0xCD, 0x60,
    0xEA, 0x06, 0xE9, 0xDE, 0x60, 0xEB, 0xA4, 0x9E, 0x3A, 0x37, 0x75, 0x6E, 0xDB, 0xD3, 0x8B, 0x59,
    0xAA, 0xEB, 0xDD, 0x49, 0x03, 0x74, 0xE2, 0x0D, 0xB0, 0xA9, 0x7F, 0x00, 0x45, 0x8B, 0x81, 0x09,
    0xC2, 0x30, 0x14, 0x05, 0x9F, 0x14, 0x28, 0x20, 0xE0, 0x08, 0x19, 0xE5, 0x77, 0xB3, 0x74, 0x33,
    0x33, 0x42, 0x47, 0xE8, 0x08, 0x02, 0x0A, 0x11, 0x6A, 0x9F, 0x97, 0x04, 0xF4, 0x41, 0x7B, 0x24,
    0x77, 0xD1, 0x7F, 0xF3, 0x3A, 0x98, 0xF6, 0xC1, 0x5C, 0x3B, 0x2E, 0x3E, 0x87, 0xB6, 0x09, 0xD0,
    0x36, 0x01, 0x7A, 0x4B, 0xB5, 0x69, 0x7E, 0x2D, 0x98, 0x61, 0x26, 0x48, 0x47, 0x2A, 0x41, 0x90,
    0xC9, 0xA2, 0xF2, 0xBA, 0xF1, 0xD4, 0x0C, 0x4B, 0x78, 0x4D, 0x70, 0xB9, 0x7B, 0x47, 0x1F, 0xB8,
    0x1A, 0xF6, 0xE3, 0x6A, 0x3F, 0x6F, 0x2D, 0xB3, 0xB7, 0x89, 0x0F, 0x2E, 0x82, 0xD9, 0x1F, 0x89,
    0x03, 0x5A, 0x22, 0xE0, 0x4A, 0x9A, 0xFC, 0x6A, 0x5A, 0x72, 0x09, 0x34, 0x41, 0x09, 0x34, 0x41,
    0x09, 0x34, 0xC1, 0xBB, 0x6B, 0x02, 0x74, 0xDB, 0xD0, 0x04, 0x5D, 0x13, 0xA0, 0x7F, 0xFB, 0x02,
};

static const EpdGlyph notosans_16_regularGlyphs[] = {
    { 0, 0, 0, 0, 0, 0, 0 }, // U+0000
    { 0, 0, 139, 0, 0, 0, 0 }, // U+000D
    { 0, 0, 139, 0, 0, 0, 0 }, // U+0020
    { 5, 25, 143, 2, 24, 32, 0 }, // !
    { 10, 9, 218, 2, 24, 23, 32 }, // "
    { 21, 24, 344, 0, 24, 126, 55 }, // #
    { 16, 28, 305, 2, 26, 112, 181 }, // $
    { 26, 26, 443, 1, 25, 169, 293 }, // %
    { 24, 26, 390, 1, 25, 156, 462 }, // &
    { 4, 9, 120, 2, 24, 9, 618 }, // '
    { 8, 30, 160, 1, 24, 60, 627 }, // (
    { 8, 30, 160, 1, 24, 60, 687 }, // )
    { 16, 16, 294, 1, 26, 64, 747 }, // *
    { 17, 17, 305, 1, 20, 73, 811 }, // +
    { 6, 9, 143, 1, 4, 14, 884 }, // ,
    { 9, 4, 172, 1, 11, 9, 898 }, // -
    { 5, 6, 143, 2, 5, 8, 907 }, // .
    { 13, 24, 198, 0, 24, 78, 915 }, // /
    { 17, 26, 311, 1, 25, 111, 993 }, // 0
    { 10, 24, 235, 0, 24, 60, 1104 }, // 1
    { 16, 25, 296, 1, 25, 100, 1164 }, // 2
    { 17, 26, 305, 1, 25, 111, 1264 }, // 3
    { 19, 24, 305, 0, 24, 114, 1375 }, // 4
    { 16, 25, 305, 2, 24, 100, 1489 }, // 5
    { 17, 26, 305, 1, 25, 111, 1589 }, // 6
    { 17, 24, 272, 0, 24, 102, 1700 }, // 7
    { 17, 26, 314, 1, 25, 111, 1802 }, // 8
    { 17, 26, 305, 1, 25, 111, 1913 }, // 9
    { 5, 20, 143, 2, 19, 25, 2024 }, // :
    { 6, 24, 143, 1, 19, 36, 2049 }, // ;
    { 17, 18, 305, 1, 21, 77, 2085 }, // <
    { 17, 10, 305, 1, 17, 43, 2162 }, // =
    { 17, 18, 305, 1, 21, 77, 2205 }, // >
    { 14, 26, 231, 0, 25, 91, 2282 }, // ?
    { 28, 27, 479, 1, 24, 189, 2373 }, // @
    { 22, 24, 341, 0, 24, 132, 2562 }, // A
    { 17, 24, 347, 3, 24, 102, 2694 }, // B
    { 19, 26, 337, 2, 25, 124, 2796 }, // C
    { 20, 24, 389, 3, 24, 120, 2920 }, // D
    { 14, 24, 296, 3, 24, 84, 3040 }, // E
    { 14, 24, 277, 3, 24, 84, 3124 }, // F
    { 20, 26, 388, 2, 25, 130, 3208 }, // G
    { 19, 24, 395, 3, 24, 114, 3338 }, // H
    { 9, 24, 181, 1, 24, 54, 3452 }, // I
    { 10, 31, 146, -3, 24, 78, 3506 }, // J
    { 18, 24, 330, 3, 24, 108, 3584 }, // K
    { 14, 24, 279, 3, 24, 84, 3692 }, // L
    { 24, 24, 484, 3, 24, 144, 3776 }, // M
    { 20, 24, 405, 3, 24, 120, 3920 }, // N
    { 22, 26, 416, 2, 25, 143, 4040 }, // O
    { 16, 24, 323, 3, 24, 96, 4183 }, // P
    { 22, 31, 416, 2, 25, 171, 4279 }, // Q
    { 18, 24, 332, 3, 24, 108, 4450 }, // R
    { 16, 26, 293, 1, 25, 104, 4558 }, // S
    { 19, 24, 296, 0, 24, 114, 4662 }, // T
    { 19, 25, 390, 3, 24, 119, 4776 }, // U
    { 20, 24, 320, 0, 24, 120, 4895 }, // V
    { 31, 24, 496, 0, 24, 186, 5015 }, // W
    { 20, 24, 312, 0, 24, 120, 5201 }, // X
    { 19, 24, 302, 0, 24, 114, 5321 }, // Y
    { 17, 24, 305, 1, 24, 102, 5435 }, // Z
    { 9, 30, 175, 2, 24, 68, 5537 }, // [
    { 13, 24, 198, 0, 24, 78, 5605 }, // <backslash>
    { 9, 30, 175, 0, 24, 68, 5683 }, // ]
    { 17, 16, 305, 1, 24, 68, 5751 }, // ^
    { 16, 3, 237, -1, -3, 12, 5819 }, // _
    { 8, 6, 150, 1, 26, 12, 5831 }, // `
    { 15, 20, 299, 1, 19, 75, 5843 }, // a
    { 17, 27, 328, 2, 26, 115, 5918 }, // b
    { 14, 20, 256, 1, 19, 70, 6033 }, // c
    { 17, 27, 328, 1, 26, 115, 6103 }, // d
    { 17, 20, 301, 1, 19, 85, 6218 }, // e
    { 13, 26, 183, 0, 26, 85, 6303 }, // f
    { 17, 27, 328, 1, 19, 115, 6388 }, // g
    { 16, 26, 330, 2, 26, 104, 6503 }, // h
    { 5, 25, 138, 2, 25, 32, 6607 }, // i
    { 9, 33, 138, -2, 25, 75, 6639 }, // j
    { 16, 26, 285, 2, 26, 104, 6714 }, // k
    { 4, 26, 138, 2, 26, 26, 6818 }, // l
    { 27, 19, 499, 2, 19, 129, 6844 }, // m
    { 16, 19, 330, 2, 19, 76, 6973 }, // n
    { 18, 20, 323, 1, 19, 90, 7049 }, // o
    { 17, 27, 328, 2, 19, 115, 7139 }, // p
    { 17, 27, 328, 1, 19, 115, 7254 }, // q
    { 12, 19, 220, 2, 19, 57, 7369 }, // r
    { 14, 20, 255, 1, 19, 70, 7426 }, // s
    { 12, 23, 193, 0, 22, 69, 7496 }, // t
    { 16, 19, 330, 2, 18, 76, 7565 }, // u
    { 17, 18, 271, 0, 18, 77, 7641 }, // v
    { 26, 18, 419, 0, 18, 117, 7718 }, // w
    { 18, 18, 282, 0, 18, 81, 7835 }, // x
    { 17, 26, 272, 0, 18, 111, 7916 }, // y
    { 14, 18, 251, 1, 18, 63, 8027 }, // z
    { 12, 30, 203, 0, 24, 90, 8090 }, // {
    { 4, 35, 294, 7, 26, 35, 8180 }, // |
    { 11, 30, 203, 1, 24, 83, 8215 }, // }
    { 17, 5, 305, 1, 14, 22, 8298 }, // ~
    { 0, 0, 139, 0, 0, 0, 0 }, // U+00A0
    { 5, 26, 143, 2, 19, 33, 0 }, // U+00A1
    { 14, 26, 305, 3, 25, 91, 33 }, // U+00A2
    { 17, 25, 305, 1, 25, 107, 124 }, // U+00A3
    { 17, 16, 305, 1, 20, 68, 231 }, // U+00A4
    { 19, 24, 305, 0, 24, 114, 299 }, // U+00A5
    { 4, 35, 294, 7, 26, 35, 413 }, // U+00A6
    { 14, 27, 274, 1, 26, 95, 448 }, // U+00A7
    { 11, 4, 309, 4, 25, 11, 543 }, // U+00A8
    { 26, 26, 444, 1, 25, 169, 554 }, // U+00A9
    { 10, 13, 190, 1, 25, 33, 723 }, // U+00AA
    { 15, 15, 271, 1, 16, 57, 756 }, // U+00AB
    { 17, 9, 305, 1, 13, 39, 813 }, // U+00AC
    { 9, 4, 172, 1, 11, 9, 852 }, // U+00AD
    { 26, 26, 444, 1, 25, 169, 861 }, // U+00AE
    { 18, 3, 267, -1, 28, 14, 1030 }, // U+00AF
    { 12, 12, 228, 1, 25, 36, 1044 }, // U+00B0
    { 17, 20, 305, 1, 20, 85, 1080 }, // U+00B1
    { 11, 16, 187, 0, 29, 44, 1165 }, // U+00B2
    { 11, 16, 187, 0, 29, 44, 1209 }, // U+00B3
    { 8, 6, 150, 1, 26, 12, 1253 }, // U+00B4
    { 16, 26, 332, 2, 18, 104, 1265 }, // U+00B5
    { 18, 31, 349, 1, 26, 140, 1369 }, // U+00B6
    { 5, 6, 143, 2, 15, 8, 1509 }, // U+00B7
    { 8, 8, 120, 0, 0, 16, 1517 }, // U+00B8
    { 7, 16, 187, 1, 29, 28, 1533 }, // U+00B9
    { 11, 13, 201, 1, 25, 36, 1561 }, // U+00BA
    { 15, 15, 271, 1, 16, 57, 1597 }, // U+00BB
    { 24, 24, 397, 1, 24, 144, 1654 }, // U+00BC
    { 25, 24, 411, 0, 24, 150, 1798 }, // U+00BD
    { 26, 25, 416, 0, 25, 163, 1948 }, // U+00BE
    { 14, 26, 231, 0, 19, 91, 2111 }, // U+00BF
    { 22, 32, 341, 0, 32, 176, 2202 }, // U+00C0
    { 22, 32, 341, 0, 32, 176, 2378 }, // U+00C1
    { 22, 32, 341, 0, 32, 176, 2554 }, // U+00C2
    { 22, 31, 341, 0, 31, 171, 2730 }, // U+00C3
    { 22, 31, 341, 0, 31, 171, 2901 }, // U+00C4
    { 22, 30, 341, 0, 30, 165, 3072 }, // U+00C5
    { 29, 24, 470, -1, 24, 174, 3237 }, // U+00C6
    { 19, 33, 337, 2, 25, 157, 3411 }, // U+00C7
    { 14, 32, 296, 3, 32, 112, 3568 }, // U+00C8
    { 14, 32, 296, 3, 32, 112, 3680 }, // U+00C9
    { 14, 32, 296, 3, 32, 112, 3792 }, // U+00CA
    { 14, 31, 296, 3, 31, 109, 3904 }, // U+00CB
    { 9, 32, 181, 1, 32, 72, 4013 }, // U+00CC
    { 10, 32, 181, 1, 32, 80, 4085 }, // U+00CD
    { 12, 32, 181, 0, 32, 96, 4165 }, // U+00CE
    { 10, 31, 181, 1, 31, 78, 4261 }, // U+00CF
    { 22, 24, 389, 1, 24, 132, 4339 }, // U+00D0
    { 20, 31, 405, 3, 31, 155, 4471 }, // U+00D1
    { 22, 33, 416, 2, 32, 182, 4626 }, // U+00D2
    { 22, 33, 416, 2, 32, 182, 4808 }, // U+00D3
    { 22, 33, 416, 2, 32, 182, 4990 }, // U+00D4
    { 22, 32, 416, 2, 31, 176, 5172 }, // U+00D5
    { 22, 32, 416, 2, 31, 176, 5348 }, // U+00D6
    { 15, 16, 305, 2, 20, 60, 5524 }, // U+00D7
    { 22, 27, 416, 2, 25, 149, 5584 }, // U+00D8
    { 19, 33, 390, 3, 32, 157, 5733 }, // U+00D9
    { 19, 33, 390, 3, 32, 157, 5890 }, // U+00DA
    { 19, 33, 390, 3, 32, 157, 6047 }, // U+00DB
    { 19, 32, 390, 3, 31, 152, 6204 }, // U+00DC
    { 19, 32, 302, 0, 32, 152, 6356 }, // U+00DD
    { 16, 24, 323, 3, 24, 96, 6508 }, // U+00DE
    { 18, 27, 336, 2, 26, 122, 6604 }, // U+00DF
    { 15, 27, 299, 1, 26, 102, 6726 }, // U+00E0
    { 15, 27, 299, 1, 26, 102, 6828 }, // U+00E1
    { 15, 27, 299, 1, 26, 102, 6930 }, // U+00E2
    { 15, 26, 299, 1, 25, 98, 7032 }, // U+00E3
    { 15, 26, 299, 1, 25, 98, 7130 }, // U+00E4
    { 15, 29, 299, 1, 28, 109, 7228 }, // U+00E5
    { 27, 20, 461, 1, 19, 135, 7337 }, // U+00E6
    { 14, 27, 256, 1, 19, 95, 7472 }, // U+00E7
    { 17, 27, 301, 1, 26, 115, 7567 }, // U+00E8
    { 17, 27, 301, 1, 26, 115, 7682 }, // U+00E9
    { 17, 27, 301, 1, 26, 115, 7797 }, // U+00EA
    { 17, 26, 301, 1, 25, 111, 7912 }, // U+00EB
    { 8, 26, 138, -1, 26, 52, 8023 }, // U+00EC
    { 8, 26, 138, 2, 26, 52, 8075 }, // U+00ED
    { 12, 26, 138, -2, 26, 78, 8127 }, // U+00EE
    { 10, 25, 138, -1, 25, 63, 8205 }, // U+00EF
    { 18, 27, 323, 1, 26, 122, 8268 }, // U+00F0
    { 16, 25, 330, 2, 25, 100, 8390 }, // U+00F1
    { 18, 27, 323, 1, 26, 122, 8490 }, // U+00F2
    { 18, 27, 323, 1, 26, 122, 8612 }, // U+00F3
    { 18, 27, 323, 1, 26, 122, 8734 }, // U+00F4
    { 18, 26, 323, 1, 25, 117, 8856 }, // U+00F5
    { 18, 26, 323, 1, 25, 117, 8973 }, // U+00F6
    { 17, 16, 305, 1, 20, 68, 9090 }, // U+00F7
    { 18, 21, 323, 1, 19, 95, 9158 }, // U+00F8
    { 16, 27, 330, 2, 26, 108, 9253 }, // U+00F9
    { 16, 27, 330, 2, 26, 108, 9361 }, // U+00FA
    { 16, 27, 330, 2, 26, 108, 9469 }, // U+00FB
    { 16, 26, 330, 2, 25, 104, 9577 }, // U+00FC
    { 17, 34, 272, 0, 26, 145, 9681 }, // U+00FD
    { 17, 34, 328, 2, 26, 145, 9826 }, // U+00FE
    { 17, 33, 272, 0, 25, 141, 9971 }, // U+00FF
    { 22, 29, 341, 0, 29, 160, 0 }, // U+0100
    { 15, 24, 299, 1, 23, 90, 160 }, // U+0101
    { 22, 31, 341, 0, 31, 171, 250 }, // U+0102
    { 15, 26, 299, 1, 25, 98, 421 }, // U+0103
    { 22, 32, 341, 0, 24, 176, 519 }, // U+0104
    { 16, 27, 299, 1, 19, 108, 695 }, // U+0105
    { 19, 33, 337, 2, 32, 157, 803 }, // U+0106
    { 14, 27, 256, 1, 26, 95, 960 }, // U+0107
    { 19, 33, 337, 2, 32, 157, 1055 }, // U+0108
    { 15, 27, 256, 1, 26, 102, 1212 }, // U+0109
    { 19, 32, 337, 2, 31, 152, 1314 }, // U+010A
    { 14, 26, 256, 1, 25, 91, 1466 }, // U+010B
    { 19, 33, 337, 2, 32, 157, 1557 }, // U+010C
    { 15, 27, 256, 1, 26, 102, 1714 }, // U+010D
    { 20, 32, 389, 3, 32, 160, 1816 }, // U+010E
    { 22, 27, 328, 1, 26, 149, 1976 }, // U+010F
    { 22, 24, 389, 1, 24, 132, 2125 }, // U+0110
    { 20, 27, 329, 1, 26, 135, 2257 }, // U+0111
    { 14, 29, 296, 3, 29, 102, 2392 }, // U+0112
    { 17, 24, 301, 1, 23, 102, 2494 }, // U+0113
    { 14, 31, 296, 3, 31, 109, 2596 }, // U+0114
    { 17, 26, 301, 1, 25, 111, 2705 }, // U+0115
    { 14, 31, 296, 3, 31, 109, 2816 }, // U+0116
    { 17, 26, 301, 1, 25, 111, 2925 }, // U+0117
    { 14, 32, 296, 3, 24, 112, 3036 }, // U+0118
    { 17, 27, 301, 1, 19, 115, 3148 }, // U+0119
    { 14, 32, 296, 3, 32, 112, 3263 }, // U+011A
    { 17, 27, 301, 1, 26, 115, 3375 }, // U+011B
    { 20, 33, 388, 2, 32, 165, 3490 }, // U+011C
    { 17, 34, 328, 1, 26, 145, 3655 }, // U+011D
    { 20, 32, 388, 2, 31, 160, 3800 }, // U+011E
    { 17, 33, 328, 1, 25, 141, 3960 }, // U+011F
    { 20, 32, 388, 2, 31, 160, 4101 }, // U+0120
    { 17, 33, 328, 1, 25, 141, 4261 }, // U+0121
    { 20, 33, 388, 2, 25, 165, 4402 }, // U+0122
    { 17, 34, 328, 1, 26, 145, 4567 }, // U+0123
    { 19, 32, 395, 3, 32, 152, 4712 }, // U+0124
    { 20, 33, 330, -2, 33, 165, 4864 }, // U+0125
    { 25, 24, 395, 0, 24, 150, 5029 }, // U+0126
    { 18, 26, 330, 0, 26, 117, 5179 }, // U+0127
    { 13, 31, 181, -1, 31, 101, 5296 }, // U+0128
    { 13, 25, 138, -2, 25, 82, 5397 }, // U+0129
    { 11, 29, 181, 0, 29, 80, 5479 }, // U+012A
    { 11, 23, 138, -1, 23, 64, 5559 }, // U+012B
    { 11, 31, 181, 0, 31, 86, 5623 }, // U+012C
    { 11, 25, 138, -1, 25, 69, 5709 }, // U+012D
    { 9, 32, 181, 1, 24, 72, 5778 }, // U+012E
    { 7, 33, 138, 0, 25, 58, 5850 }, // U+012F
    { 9, 31, 181, 1, 31, 70, 5908 }, // U+0130
    { 4, 18, 138, 2, 18, 18, 5978 }, // U+0131
    { 17, 31, 326, 1, 24, 132, 5996 }, // U+0132
    { 13, 33, 275, 2, 25, 108, 6128 }, // U+0133
    { 14, 39, 146, -3, 32, 137, 6236 }, // U+0134
    { 12, 34, 138, -2, 26, 102, 6373 }, // U+0135
    { 18, 32, 330, 3, 24, 144, 6475 }, // U+0136
    { 16, 34, 285, 2, 26, 136, 6619 }, // U+0137
    { 16, 18, 285, 2, 18, 72, 6755 }, // U+0138
    { 15, 32, 279, 2, 32, 120, 6827 }, // U+0139
    { 8, 33, 138, 2, 33, 66, 6947 }, // U+013A
    { 14, 32, 279, 3, 24, 112, 7013 }, // U+013B
    { 5, 34, 138, 2, 26, 43, 7125 }, // U+013C
    { 14, 24, 279, 3, 24, 84, 7168 }, // U+013D
    { 10, 26, 138, 2, 26, 65, 7252 }, // U+013E
    { 14, 24, 279, 3, 24, 84, 7317 }, // U+013F
    { 9, 26, 143, 2, 26, 59, 7401 }, // U+0140
    { 17, 24, 279, 0, 24, 102, 7460 }, // U+0141
    { 10, 26, 138, -1, 26, 65, 7562 }, // U+0142
    { 20, 32, 405, 3, 32, 160, 7627 }, // U+0143
    { 16, 26, 330, 2, 26, 104, 7787 }, // U+0144
    { 20, 32, 405, 3, 24, 160, 7891 }, // U+0145
    { 16, 27, 330, 2, 19, 108, 8051 }, // U+0146
    { 20, 32, 405, 3, 32, 160, 8159 }, // U+0147
    { 16, 26, 330, 2, 26, 104, 8319 }, // U+0148
    { 21, 24, 367, 0, 24, 126, 8423 }, // U+0149
    { 20, 31, 405, 3, 24, 155, 8549 }, // U+014A
    { 16, 27, 330, 2, 19, 108, 8704 }, // U+014B
    { 22, 30, 416, 2, 29, 165, 8812 }, // U+014C
    { 18, 24, 323, 1, 23, 108, 8977 }, // U+014D
    { 22, 32, 416, 2, 31, 176, 9085 }, // U+014E
    { 18, 26, 323, 1, 25, 117, 9261 }, // U+014F
    { 22, 33, 416, 2, 32, 182, 9378 }, // U+0150
    { 18, 27, 323, 1, 26, 122, 9560 }, // U+0151
    { 27, 26, 495, 2, 25, 176, 9682 }, // U+0152
    { 29, 20, 504, 1, 19, 145, 9858 }, // U+0153
    { 18, 32, 332, 3, 32, 144, 10003 }, // U+0154
    { 12, 26, 220, 2, 26, 78, 10147 }, // U+0155
    { 18, 32, 332, 3, 24, 144, 10225 }, // U+0156
    { 12, 27, 220, 2, 19, 81, 10369 }, // U+0157
    { 18, 32, 332, 3, 32, 144, 10450 }, // U+0158
    { 12, 26, 220, 2, 26, 78, 10594 }, // U+0159
    { 16, 33, 293, 1, 32, 132, 10672 }, // U+015A
    { 14, 27, 255, 1, 26, 95, 10804 }, // U+015B
    { 16, 33, 293, 1, 32, 132, 10899 }, // U+015C
    { 14, 27, 255, 1, 26, 95, 11031 }, // U+015D
    { 16, 33, 293, 1, 25, 132, 11126 }, // U+015E
    { 14, 27, 255, 1, 19, 95, 11258 }, // U+015F
    { 16, 33, 293, 1, 32, 132, 11353 }, // U+0160
    { 14, 27, 255, 1, 26, 95, 11485 }, // U+0161
    { 19, 32, 296, 0, 24, 152, 11580 }, // U+0162
    { 12, 30, 193, 0, 22, 90, 11732 }, // U+0163
    { 19, 32, 296, 0, 32, 152, 11822 }, // U+0164
    { 16, 27, 193, 0, 26, 108, 11974 }, // U+0165
    { 19, 24, 296, 0, 24, 114, 12082 }, // U+0166
    { 12, 23, 193, 0, 22, 69, 12196 }, // U+0167
    { 19, 32, 390, 3, 31, 152, 12265 }, // U+0168
    { 16, 26, 330, 2, 25, 104, 12417 }, // U+0169
    { 19, 30, 390, 3, 29, 143, 12521 }, // U+016A
    { 16, 24, 330, 2, 23, 96, 12664 }, // U+016B
    { 19, 32, 390, 3, 31, 152, 12760 }, // U+016C
    { 16, 26, 330, 2, 25, 104, 12912 }, // U+016D
    { 19, 35, 390, 3, 34, 167, 13016 }, // U+016E
    { 16, 29, 330, 2, 28, 116, 13183 }, // U+016F
    { 19, 33, 390, 3, 32, 157, 13299 }, // U+0170
    { 16, 27, 330, 2, 26, 108, 13456 }, // U+0171
    { 19, 32, 390, 3, 24, 152, 13564 }, // U+0172
    { 17, 26, 330, 2, 18, 111, 13716 }, // U+0173
    { 31, 32, 496, 0, 32, 248, 13827 }, // U+0174
    { 26, 26, 419, 0, 26, 169, 14075 }, // U+0175
    { 19, 32, 302, 0, 32, 152, 14244 }, // U+0176
    { 17, 34, 272, 0, 26, 145, 14396 }, // U+0177
    { 19, 31, 302, 0, 31, 148, 14541 }, // U+0178
    { 17, 32, 305, 1, 32, 136, 14689 }, // U+0179
    { 14, 26, 251, 1, 26, 91, 14825 }, // U+017A
    { 17, 31, 305, 1, 31, 132, 14916 }, // U+017B
    { 14, 25, 251, 1, 25, 88, 15048 }, // U+017C
    { 17, 32, 305, 1, 32, 136, 15136 }, // U+017D
    { 14, 26, 251, 1, 26, 91, 15272 }, // U+017E
    { 11, 26, 174, 2, 26, 72, 15363 }, // U+017F
    { 25, 27, 418, 2, 26, 169, 0 }, // U+01A0
    { 21, 22, 328, 1, 21, 116, 169 }, // U+01A1
    { 25, 27, 416, 3, 26, 169, 285 }, // U+01AF
    { 22, 22, 359, 2, 21, 121, 454 }, // U+01B0
    { 39, 32, 689, 3, 32, 312, 575 }, // U+01C4
    { 36, 26, 640, 3, 26, 234, 887 }, // U+01C5
    { 34, 27, 579, 1, 26, 230, 1121 }, // U+01C6
    { 21, 31, 425, 3, 24, 163, 1351 }, // U+01C7
    { 21, 33, 417, 3, 25, 174, 1514 }, // U+01C8
    { 13, 34, 275, 2, 26, 111, 1688 }, // U+01C9
    { 29, 31, 551, 3, 24, 225, 1799 }, // U+01CA
    { 29, 33, 543, 3, 25, 240, 2024 }, // U+01CB
    { 25, 33, 467, 2, 25, 207, 2264 }, // U+01CC
    { 22, 32, 341, 0, 32, 176, 2471 }, // U+01CD
    { 15, 27, 299, 1, 26, 102, 2647 }, // U+01CE
    { 12, 32, 181, 0, 32, 96, 2749 }, // U+01CF
    { 12, 26, 138, -2, 26, 78, 2845 }, // U+01D0
    { 22, 33, 416, 2, 32, 182, 2923 }, // U+01D1
    { 18, 27, 323, 1, 26, 122, 3105 }, // U+01D2
    { 19, 33, 390, 3, 32, 157, 3227 }, // U+01D3
    { 16, 27, 330, 2, 26, 108, 3384 }, // U+01D4
    { 19, 35, 390, 3, 34, 167, 3492 }, // U+01D5
    { 16, 29, 330, 2, 28, 116, 3659 }, // U+01D6
    { 19, 36, 390, 3, 35, 171, 3775 }, // U+01D7
    { 16, 31, 330, 2, 30, 124, 3946 }, // U+01D8
    { 19, 37, 390, 3, 36, 176, 4070 }, // U+01D9
    { 16, 31, 330, 2, 30, 124, 4246 }, // U+01DA
    { 19, 36, 390, 3, 35, 171, 4370 }, // U+01DB
    { 16, 31, 330, 2, 30, 124, 4541 }, // U+01DC
    { 16, 20, 301, 1, 19, 80, 4665 }, // U+01DD
    { 22, 34, 341, 0, 34, 187, 4745 }, // U+01DE
    { 15, 29, 299, 1, 28, 109, 4932 }, // U+01DF
    { 22, 34, 341, 0, 34, 187, 5041 }, // U+01E0
    { 15, 29, 299, 1, 28, 109, 5228 }, // U+01E1
    { 29, 29, 470, -1, 29, 211, 5337 }, // U+01E2
    { 27, 24, 461, 1, 23, 162, 5548 }, // U+01E3
    { 22, 26, 388, 2, 25, 143, 5710 }, // U+01E4
    { 19, 27, 328, 1, 19, 129, 5853 }, // U+01E5
    { 20, 33, 388, 2, 32, 165, 5982 }, // U+01E6
    { 17, 34, 328, 1, 26, 145, 6147 }, // U+01E7
    { 18, 32, 330, 3, 32, 144, 6292 }, // U+01E8
    { 20, 33, 285, -2, 33, 165, 6436 }, // U+01E9
    { 22, 33, 416, 2, 25, 182, 6601 }, // U+01EA
    { 18, 27, 323, 1, 19, 122, 6783 }, // U+01EB
    { 22, 37, 416, 2, 29, 204, 6905 }, // U+01EC
    { 18, 31, 323, 1, 23, 140, 7109 }, // U+01ED
    { 17, 33, 311, 1, 32, 141, 7249 }, // U+01EE
    { 16, 34, 266, 0, 26, 136, 7390 }, // U+01EF
    { 12, 34, 138, -2, 26, 102, 7526 }, // U+01F0
    { 39, 24, 689, 3, 24, 234, 7628 }, // U+01F1
    { 36, 24, 640, 3, 24, 216, 7862 }, // U+01F2
    { 34, 27, 579, 1, 26, 230, 8078 }, // U+01F3
    { 20, 33, 388, 2, 32, 165, 8308 }, // U+01F4
    { 17, 34, 328, 1, 26, 145, 8473 }, // U+01F5
    { 26, 25, 500, 3, 24, 163, 8618 }, // U+01F6
    { 18, 33, 352, 3, 25, 149, 8781 }, // U+01F7
    { 20, 32, 405, 3, 32, 160, 8930 }, // U+01F8
    { 16, 26, 330, 2, 26, 104, 9090 }, // U+01F9
    { 22, 32, 341, 0, 32, 176, 9194 }, // U+01FA
    { 15, 33, 299, 1, 32, 124, 9370 }, // U+01FB
    { 29, 32, 470, -1, 32, 232, 9494 }, // U+01FC
    { 27, 27, 461, 1, 26, 183, 9726 }, // U+01FD
    { 22, 34, 416, 2, 32, 187, 9909 }, // U+01FE
    { 18, 28, 323, 1, 26, 126, 10096 }, // U+01FF
    { 22, 32, 341, 0, 32, 176, 10222 }, // U+0200
    { 15, 27, 299, 1, 26, 102, 10398 }, // U+0201
    { 22, 31, 341, 0, 31, 171, 10500 }, // U+0202
    { 15, 26, 299, 1, 25, 98, 10671 }, // U+0203
    { 15, 32, 296, 2, 32, 120, 10769 }, // U+0204
    { 17, 27, 301, 1, 26, 115, 10889 }, // U+0205
    { 14, 31, 296, 3, 31, 109, 11004 }, // U+0206
    { 17, 26, 301, 1, 25, 111, 11113 }, // U+0207
    { 13, 32, 181, -2, 32, 104, 11224 }, // U+0208
    { 13, 26, 138, -4, 26, 85, 11328 }, // U+0209
    { 11, 31, 181, 0, 31, 86, 11413 }, // U+020A
    { 11, 25, 138, -1, 25, 69, 11499 }, // U+020B
    { 22, 33, 416, 2, 32, 182, 11568 }, // U+020C
    { 18, 27, 323, 1, 26, 122, 11750 }, // U+020D
    { 22, 32, 416, 2, 31, 176, 11872 }, // U+020E
    { 18, 26, 323, 1, 25, 117, 12048 }, // U+020F
    { 19, 32, 332, 2, 32, 152, 12165 }, // U+0210
    { 14, 26, 220, 0, 26, 91, 12317 }, // U+0211
    { 18, 31, 332, 3, 31, 140, 12408 }, // U+0212
    { 12, 25, 220, 2, 25, 75, 12548 }, // U+0213
    { 19, 33, 390, 3, 32, 157, 12623 }, // U+0214
    { 16, 27, 330, 2, 26, 108, 12780 }, // U+0215
    { 19, 32, 390, 3, 31, 152, 12888 }, // U+0216
    { 16, 26, 330, 2, 25, 104, 13040 }, // U+0217
    { 16, 33, 293, 1, 25, 132, 13144 }, // U+0218
    { 14, 27, 255, 1, 19, 95, 13276 }, // U+0219
    { 19, 32, 296, 0, 24, 152, 13371 }, // U+021A
    { 12, 30, 193, 0, 22, 90, 13523 }, // U+021B
    { 17, 31, 307, 1, 25, 132, 13613 }, // U+021C
    { 14, 27, 264, 1, 19, 95, 13745 }, // U+021D
    { 19, 32, 395, 3, 32, 152, 13840 }, // U+021E
    { 20, 33, 330, -2, 33, 165, 13992 }, // U+021F
    { 8, 6, 0, -17, 26, 12, 0 }, // U+0300
    { 7, 6, 0, -11, 26, 11, 12 }, // U+0301
    { 12, 6, 0, -6, 26, 18, 23 }, // U+0302
    { 13, 5, 0, -17, 25, 17, 41 }, // U+0303
    { 10, 3, 0, -5, 23, 8, 58 }, // U+0304
    { 14, 4, 0, -7, 29, 14, 66 }, // U+0305
    { 12, 5, 0, -6, 25, 15, 80 }, // U+0306
    { 4, 5, 0, -2, 25, 5, 95 }, // U+0307
    { 10, 4, 0, -5, 25, 10, 100 }, // U+0308
    { 7, 9, 0, -13, 28, 16, 110 }, // U+0309
    { 8, 8, 0, -4, 28, 16, 126 }, // U+030A
    { 13, 6, 0, -5, 26, 20, 142 }, // U+030B
    { 12, 6, 0, -6, 26, 18, 162 }, // U+030C
    { 4, 7, 0, -2, 26, 7, 180 }, // U+030D
    { 8, 7, 0, -4, 26, 14, 187 }, // U+030E
    { 13, 6, 0, -18, 26, 20, 201 }, // U+030F
    { 12, 9, 0, -6, 29, 27, 221 }, // U+0310
    { 12, 5, 0, -6, 25, 15, 248 }, // U+0311
    { 6, 9, 0, -3, 24, 14, 263 }, // U+0312
    { 6, 9, 0, -3, 24, 14, 277 }, // U+0313
    { 6, 9, 0, -3, 24, 14, 291 }, // U+0314
    { 6, 9, 0, -3, 24, 14, 305 }, // U+0315
    { 8, 6, 0, -4, -1, 12, 319 }, // U+0316
    { 8, 6, 0, -4, -1, 12, 331 }, // U+0317
    { 6, 8, 0, -3, 0, 12, 343 }, // U+0318
    { 6, 8, 0, -3, 0, 12, 355 }, // U+0319
    { 10, 9, 167, 0, 26, 23, 367 }, // U+031A
    { 8, 8, 0, -4, 26, 16, 390 }, // U+031B
    { 4, 8, 0, -2, 0, 8, 406 }, // U+031C
    { 8, 6, 0, -4, -1, 12, 414 }, // U+031D
    { 8, 6, 0, -4, -1, 12, 426 }, // U+031E
    { 8, 8, 0, -4, 0, 16, 438 }, // U+031F
    { 8, 3, 0, -4, -2, 6, 454 }, // U+0320
    { 6, 10, 0, -6, 2, 15, 460 }, // U+0321
    { 6, 10, 0, 0, 2, 15, 475 }, // U+0322
    { 4, 4, 0, -12, -2, 4, 490 }, // U+0323
    { 10, 4, 0, -5, -2, 10, 494 }, // U+0324
    { 8, 8, 0, -4, 0, 16, 504 }, // U+0325
    { 6, 6, 0, -3, -2, 9, 520 }, // U+0326
    { 8, 8, 0, -4, 0, 16, 529 }, // U+0327
    { 6, 9, 0, -3, 1, 14, 545 }, // U+0328
    { 4, 7, 0, -2, -1, 7, 559 }, // U+0329
    { 12, 7, 0, -6, -1, 21, 566 }, // U+032A
    { 14, 4, 0, -7, -2, 14, 587 }, // U+032B
    { 12, 6, 0, -6, -1, 18, 601 }, // U+032C
    { 12, 6, 0, -6, -1, 18, 619 }, // U+032D
    { 12, 5, 0, -6, -1, 15, 637 }, // U+032E
    { 12, 5, 0, -6, -1, 15, 652 }, // U+032F
    { 14, 5, 0, -7, -1, 18, 667 }, // U+0330
    { 10, 3, 0, -5, -2, 8, 685 }, // U+0331
    { 16, 3, 0, -8, -3, 12, 693 }, // U+0332
    { 14, 8, 0, -7, 0, 28, 705 }, // U+0333
    { 13, 5, 0, -6, 12, 17, 733 }, // U+0334
    { 14, 4, 0, -7, 12, 14, 750 }, // U+0335
    { 24, 3, 0, -12, 11, 18, 764 }, // U+0336
    { 10, 8, 0, -5, 14, 20, 782 }, // U+0337
    { 14, 28, 0, -7, 26, 98, 802 }, // U+0338
    { 4, 8, 0, -2, 0, 8, 900 }, // U+0339
    { 12, 7, 0, -6, -1, 21, 908 }, // U+033A
    { 14, 8, 0, -7, 0, 28, 929 }, // U+033B
    { 14, 4, 0, -7, -2, 14, 957 }, // U+033C
    { 8, 7, 0, -4, 26, 14, 971 }, // U+033D
    { 6, 10, 0, -3, 29, 15, 985 }, // U+033E
    { 14, 8, 0, -7, 33, 28, 1000 }, // U+033F
    { 8, 6, 0, -6, 26, 12, 1028 }, // U+0340
    { 8, 6, 0, -2, 26, 12, 1040 }, // U+0341
    { 14, 5, 0, -7, 25, 18, 1052 }, // U+0342
    { 6, 6, 0, -3, 26, 9, 1070 }, // U+0343
    { 13, 6, 0, -6, 26, 20, 1079 }, // U+0344
    { 6, 6, 0, -2, -2, 9, 1099 }, // U+0345
    { 16, 7, 0, -8, 26, 28, 1108 }, // U+0346
    { 14, 8, 0, -7, 0, 28, 1136 }, // U+0347
    { 8, 7, 0, -4, -1, 14, 1164 }, // U+0348
    { 8, 6, 0, -4, -2, 12, 1178 }, // U+0349
    { 14, 8, 0, -7, 26, 28, 1190 }, // U+034A
    { 14, 12, 0, -7, 31, 42, 1218 }, // U+034B
    { 12, 9, 0, -6, 29, 27, 1260 }, // U+034C
    { 12, 7, 0, -6, -1, 21, 1287 }, // U+034D
    { 8, 8, 0, -4, 0, 16, 1308 }, // U+034E
    { 24, 24, 0, -12, 24, 144, 1324 }, // U+034F
    { 6, 8, 0, -3, 27, 12, 1468 }, // U+0350
    { 5, 8, 0, -2, 28, 10, 1480 }, // U+0351
    { 12, 8, 0, -6, 28, 24, 1490 }, // U+0352
    { 8, 7, 0, -4, -1, 14, 1514 }, // U+0353
    { 6, 7, 0, -3, -1, 11, 1528 }, // U+0354
    { 6, 7, 0, -3, -1, 11, 1539 }, // U+0355
    { 14, 7, 0, -7, -1, 25, 1550 }, // U+0356
    { 5, 8, 0, -2, 28, 10, 1575 }, // U+0357
    { 4, 5, 0, 4, 25, 5, 1585 }, // U+0358
    { 8, 7, 0, -4, -1, 14, 1590 }, // U+0359
    { 14, 8, 0, -7, 0, 28, 1604 }, // U+035A
    { 8, 8, 0, -4, 27, 16, 1632 }, // U+035B
    { 26, 7, 0, -13, -1, 46, 1648 }, // U+035C
    { 26, 7, 0, -13, 26, 46, 1694 }, // U+035D
    { 20, 3, 0, -10, 23, 15, 1740 }, // U+035E
    { 20, 3, 0, -10, -2, 15, 1755 }, // U+035F
    { 26, 5, 0, -13, 25, 33, 1770 }, // U+0360
    { 26, 8, 0, -13, 29, 52, 1803 }, // U+0361
    { 27, 7, 0, -13, -1, 48, 1855 }, // U+0362
    { 8, 8, 0, -4, 28, 16, 1903 }, // U+0363
    { 8, 8, 0, -4, 28, 16, 1919 }, // U+0364
    { 3, 11, 0, -1, 31, 9, 1935 }, // U+0365
    { 9, 8, 0, -4, 28, 18, 1944 }, // U+0366
    { 8, 8, 0, -4, 28, 16, 1962 }, // U+0367
    { 7, 8, 0, -3, 28, 14, 1978 }, // U+0368
    { 8, 11, 0, -4, 31, 22, 1992 }, // U+0369
    { 8, 11, 0, -4, 31, 22, 2014 }, // U+036A
    { 13, 8, 0, -6, 28, 26, 2036 }, // U+036B
    { 6, 8, 0, -2, 28, 12, 2062 }, // U+036C
    { 6, 10, 0, -3, 30, 15, 2074 }, // U+036D
    { 9, 8, 0, -4, 28, 18, 2089 }, // U+036E
    { 9, 8, 0, -4, 28, 18, 2107 }, // U+036F
    { 14, 32, 296, 3, 32, 112, 0 }, // U+0400
    { 14, 31, 296, 3, 31, 109, 112 }, // U+0401
    { 23, 25, 382, 0, 24, 144, 221 }, // U+0402
    { 14, 32, 271, 3, 32, 112, 365 }, // U+0403
    { 18, 26, 341, 2, 25, 117, 477 }, // U+0404
    { 16, 26, 293, 1, 25, 104, 594 }, // U+0405
    { 4, 24, 151, 3, 24, 24, 698 }, // U+0406
    { 9, 31, 151, 0, 31, 70, 722 }, // U+0407
    { 10, 31, 146, -3, 24, 78, 792 }, // U+0408
    { 32, 25, 539, 0, 24, 200, 870 }, // U+0409
    { 30, 24, 548, 3, 24, 180, 1070 }, // U+040A
    { 22, 24, 381, 0, 24, 132, 1250 }, // U+040B
    { 18, 32, 333, 3, 32, 144, 1382 }, // U+040C
    { 19, 32, 403, 3, 32, 152, 1526 }, // U+040D
    { 21, 32, 328, 0, 31, 168, 1678 }, // U+040E
    { 19, 30, 390, 3, 24, 143, 1846 }, // U+040F
    { 22, 24, 340, 0, 24, 132, 1989 }, // U+0410
    { 16, 24, 327, 3, 24, 96, 2121 }, // U+0411
    { 17, 24, 347, 3, 24, 102, 2217 }, // U+0412
    { 14, 24, 271, 3, 24, 84, 2319 }, // U+0413
    { 24, 30, 389, 0, 24, 180, 2403 }, // U+0414
    { 14, 24, 296, 3, 24, 84, 2583 }, // U+0415
    { 31, 24, 483, 0, 24, 186, 2667 }, // U+0416
    { 17, 26, 308, 1, 25, 111, 2853 }, // U+0417
    { 19, 24, 403, 3, 24, 114, 2964 }, // U+0418
    { 19, 31, 403, 3, 31, 148, 3078 }, // U+0419
    { 18, 24, 333, 3, 24, 108, 3226 }, // U+041A
    { 21, 25, 372, 0, 24, 132, 3334 }, // U+041B
    { 24, 24, 484, 3, 24, 144, 3466 }, // U+041C
    { 19, 24, 396, 3, 24, 114, 3610 }, // U+041D
    { 22, 26, 406, 2, 25, 143, 3724 }, // U+041E
    { 19, 24, 391, 3, 24, 114, 3867 }, // U+041F
    { 16, 24, 323, 3, 24, 96, 3981 }, // U+0420
    { 18, 26, 341, 2, 25, 117, 4077 }, // U+0421
    { 19, 24, 296, 0, 24, 114, 4194 }, // U+0422
    { 21, 25, 328, 0, 24, 132, 4308 }, // U+0423
    { 25, 26, 436, 1, 25, 163, 4440 }, // U+0424
    { 20, 24, 314, 0, 24, 120, 4603 }, // U+0425
    { 22, 30, 395, 3, 24, 165, 4723 }, // U+0426
    { 18, 24, 359, 2, 24, 108, 4888 }, // U+0427
    { 29, 24, 552, 3, 24, 174, 4996 }, // U+0428
    { 31, 30, 547, 3, 24, 233, 5170 }, // U+0429
    { 22, 24, 365, 0, 24, 132, 5403 }, // U+042A
    { 23, 24, 453, 3, 24, 138, 5535 }, // U+042B
    { 16, 24, 324, 3, 24, 96, 5673 }, // U+042C
    { 19, 26, 345, 1, 25, 124, 5769 }, // U+042D
    { 29, 26, 533, 3, 25, 189, 5893 }, // U+042E
    { 18, 24, 340, 1, 24, 108, 6082 }, // U+042F
    { 15, 20, 296, 1, 19, 75, 6190 }, // U+0430
    { 18, 27, 318, 1, 26, 122, 6265 }, // U+0431
    { 16, 18, 301, 2, 18, 72, 6387 }, // U+0432
    { 12, 18, 234, 2, 18, 54, 6459 }, // U+0433
    { 20, 23, 324, 0, 18, 115, 6513 }, // U+0434
    { 16, 20, 294, 1, 19, 80, 6628 }, // U+0435
    { 26, 18, 405, 0, 18, 117, 6708 }, // U+0436
    { 14, 20, 260, 1, 19, 70, 6825 }, // U+0437
    { 16, 18, 331, 2, 18, 72, 6895 }, // U+0438
    { 16, 25, 331, 2, 25, 100, 6967 }, // U+0439
    { 16, 18, 283, 2, 18, 72, 7067 }, // U+043A
    { 17, 19, 313, 0, 18, 81, 7139 }, // U+043B
    { 21, 18, 410, 2, 18, 95, 7220 }, // U+043C
    { 16, 18, 327, 2, 18, 72, 7315 }, // U+043D
    { 18, 20, 317, 1, 19, 90, 7387 }, // U+043E
    { 16, 18, 323, 2, 18, 72, 7477 }, // U+043F
    { 17, 27, 324, 2, 19, 115, 7549 }, // U+0440
    { 15, 20, 263, 1, 19, 75, 7664 }, // U+0441
    { 15, 18, 248, 0, 18, 68, 7739 }, // U+0442
    { 17, 26, 271, 0, 18, 111, 7807 }, // U+0443
    { 22, 34, 393, 1, 26, 187, 7918 }, // U+0444
    { 17, 18, 272, 0, 18, 77, 8105 }, // U+0445
    { 19, 23, 326, 2, 18, 110, 8182 }, // U+0446
    { 15, 18, 314, 2, 18, 68, 8292 }, // U+0447
    { 26, 18, 477, 2, 18, 117, 8360 }, // U+0448
    { 28, 23, 478, 2, 18, 161, 8477 }, // U+0449
    { 20, 18, 332, 0, 18, 90, 8638 }, // U+044A
    { 21, 18, 405, 2, 18, 95, 8728 }, // U+044B
    { 15, 18, 291, 2, 18, 68, 8823 }, // U+044C
    { 14, 20, 263, 1, 19, 70, 8891 }, // U+044D
    { 24, 20, 426, 2, 19, 120, 8961 }, // U+044E
    { 16, 18, 308, 1, 18, 72, 9081 }, // U+044F
    { 16, 27, 294, 1, 26, 108, 9153 }, // U+0450
    { 16, 26, 294, 1, 25, 104, 9261 }, // U+0451
    { 18, 34, 330, 0, 26, 153, 9365 }, // U+0452
    { 12, 26, 234, 2, 26, 78, 9518 }, // U+0453
    { 15, 20, 263, 1, 19, 75, 9596 }, // U+0454
    { 14, 20, 250, 1, 19, 70, 9671 }, // U+0455
    { 5, 25, 138, 2, 25, 32, 9741 }, // U+0456
    { 8, 25, 138, 0, 25, 50, 9773 }, // U+0457
    { 9, 33, 138, -2, 25, 75, 9823 }, // U+0458
    { 28, 19, 458, 0, 18, 133, 9898 }, // U+0459
    { 27, 18, 475, 2, 18, 122, 10031 }, // U+045A
    { 18, 26, 331, 0, 26, 117, 10153 }, // U+045B
    { 16, 26, 283, 2, 26, 104, 10270 }, // U+045C
    { 16, 26, 331, 2, 26, 104, 10374 }, // U+045D
    { 17, 33, 271, 0, 25, 141, 10478 }, // U+045E
    { 16, 23, 323, 2, 18, 92, 10619 }, // U+045F
    { 30, 25, 490, 0, 24, 188, 10711 }, // U+0460
    { 26, 18, 421, 0, 18, 117, 10899 }, // U+0461
    { 21, 24, 360, 0, 24, 126, 11016 }, // U+0462
    { 20, 22, 338, 0, 22, 110, 11142 }, // U+0463
    { 27, 26, 492, 3, 25, 176, 11252 }, // U+0464
    { 22, 20, 396, 2, 19, 110, 11428 }, // U+0465
    { 23, 24, 364, 0, 24, 138, 11538 }, // U+0466
    { 19, 18, 305, 0, 18, 86, 11676 }, // U+0467
    { 28, 24, 495, 3, 24, 168, 11762 }, // U+0468
    { 24, 18, 416, 2, 18, 108, 11930 }, // U+0469
    { 24, 24, 389, 0, 24, 144, 12038 }, // U+046A
    { 22, 18, 341, 0, 18, 99, 12182 }, // U+046B
    { 30, 24, 525, 3, 24, 180, 12281 }, // U+046C
    { 27, 18, 453, 2, 18, 122, 12461 }, // U+046D
    { 17, 37, 313, 1, 29, 158, 12583 }, // U+046E
    { 15, 30, 261, 0, 23, 113, 12741 }, // U+046F
    { 22, 24, 429, 3, 24, 132, 12854 }, // U+0470
    { 21, 34, 406, 2, 26, 179, 12986 }, // U+0471
    { 22, 26, 417, 2, 25, 143, 13165 }, // U+0472
    { 18, 20, 323, 1, 19, 90, 13308 }, // U+0473
    { 23, 24, 339, 0, 24, 138, 13398 }, // U+0474
    { 18, 19, 275, 0, 19, 86, 13536 }, // U+0475
    { 23, 32, 339, 0, 32, 184, 13622 }, // U+0476
    { 18, 26, 275, 0, 26, 117, 13806 }, // U+0477
    { 39, 33, 651, 2, 25, 322, 13923 }, // U+0478
    { 36, 27, 584, 1, 19, 243, 14245 }, // U+0479
    { 24, 28, 438, 2, 26, 168, 14488 }, // U+047A
    { 20, 22, 351, 1, 20, 110, 14656 }, // U+047B
    { 31, 36, 547, 2, 35, 279, 14766 }, // U+047C
    { 28, 31, 482, 1, 30, 217, 15045 }, // U+047D
    { 30, 31, 490, 0, 30, 233, 15262 }, // U+047E
    { 26, 24, 421, 0, 24, 156, 15495 }, // U+047F
    { 19, 33, 343, 2, 25, 157, 15651 }, // U+0480
    { 15, 27, 262, 1, 19, 102, 15808 }, // U+0481
    { 18, 22, 325, 1, 21, 99, 15910 }, // U+0482
    { 13, 5, 0, -16, 24, 17, 16009 }, // U+0483
    { 13, 5, 0, -16, 25, 17, 16026 }, // U+0484
    { 5, 6, 0, -12, 26, 8, 16043 }, // U+0485
    { 5, 6, 0, -12, 26, 8, 16051 }, // U+0486
    { 13, 5, 0, -7, 30, 17, 16059 }, // U+0487
    { 38, 36, 0, -19, 27, 342, 16076 }, // U+0488
    { 38, 38, 0, -19, 28, 361, 16418 }, // U+0489
    { 23, 38, 419, 3, 31, 219, 16779 }, // U+048A
    { 20, 33, 351, 2, 26, 165, 16998 }, // U+048B
    { 19, 24, 328, 0, 24, 114, 17163 }, // U+048C
    { 19, 26, 317, 0, 26, 124, 17277 }, // U+048D
    { 16, 24, 327, 3, 24, 96, 17401 }, // U+048E
    { 17, 27, 328, 2, 19, 115, 17497 }, // U+048F
    { 14, 29, 284, 3, 29, 102, 17612 }, // U+0490
    { 12, 24, 232, 2, 24, 72, 17714 }, // U+0491
    { 17, 24, 283, 0, 24, 102, 17786 }, // U+0492
    { 14, 18, 231, 0, 18, 63, 17888 }, // U+0493
    { 18, 33, 347, 3, 24, 149, 17951 }, // U+0494
    { 15, 27, 284, 2, 18, 102, 18100 }, // U+0495
    { 30, 31, 482, 0, 24, 233, 18202 }, // U+0496
    { 26, 25, 424, 0, 18, 163, 18435 }, // U+0497
    { 17, 33, 308, 1, 25, 141, 18598 }, // U+0498
    { 14, 27, 260, 1, 19, 95, 18739 }, // U+0499
    { 19, 31, 357, 3, 24, 148, 18834 }, // U+049A
    { 17, 25, 297, 2, 18, 107, 18982 }, // U+049B
    { 18, 24, 333, 3, 24, 108, 19089 }, // U+049C
    { 16, 18, 282, 2, 18, 72, 19197 }, // U+049D
    { 21, 24, 333, 0, 24, 126, 19269 }, // U+049E
    { 18, 26, 285, 0, 26, 117, 19395 }, // U+049F
    { 24, 24, 370, 0, 24, 144, 19512 }, // U+04A0
    { 21, 18, 332, 0, 18, 95, 19656 }, // U+04A1
    { 22, 31, 403, 3, 24, 171, 19751 }, // U+04A2
    { 20, 25, 350, 2, 18, 125, 19922 }, // U+04A3
    { 24, 24, 435, 3, 24, 144, 20047 }, // U+04A4
    { 23, 18, 394, 2, 18, 104, 20191 }, // U+04A5
    { 31, 33, 563, 3, 24, 256, 20295 }, // U+04A6
    { 26, 27, 460, 2, 18, 176, 20551 }, // U+04A7
    { 23, 27, 415, 2, 25, 156, 20727 }, // U+04A8
    { 20, 20, 342, 1, 19, 100, 20883 }, // U+04A9
    { 19, 33, 337, 2, 25, 157, 20983 }, // U+04AA
    { 14, 27, 256, 1, 19, 95, 21140 }, // U+04AB
    { 19, 31, 296, 0, 24, 148, 21235 }, // U+04AC
    { 16, 25, 253, 0, 18, 100, 21383 }, // U+04AD
    { 19, 24, 302, 0, 24, 114, 21483 }, // U+04AE
    { 17, 26, 271, 0, 18, 111, 21597 }, // U+04AF
    { 19, 24, 302, 0, 24, 114, 21708 }, // U+04B0
    { 17, 26, 271, 0, 18, 111, 21822 }, // U+04B1
    { 21, 31, 336, 0, 24, 163, 21933 }, // U+04B2
    { 18, 25, 294, 0, 18, 113, 22096 }, // U+04B3
    { 28, 31, 460, 0, 24, 217, 22209 }, // U+04B4
    { 24, 25, 386, 0, 18, 150, 22426 }, // U+04B5
    { 21, 31, 375, 2, 24, 163, 22576 }, // U+04B6
    { 19, 25, 331, 2, 18, 119, 22739 }, // U+04B7
    { 19, 24, 372, 2, 24, 114, 22858 }, // U+04B8
    { 16, 18, 323, 2, 18, 72, 22972 }, // U+04B9
    { 18, 24, 372, 3, 24, 108, 23044 }, // U+04BA
    { 16, 26, 330, 2, 26, 104, 23152 }, // U+04BB
    { 27, 26, 453, 0, 25, 176, 23256 }, // U+04BC
    { 21, 20, 355, 0, 19, 105, 23432 }, // U+04BD
    { 27, 32, 453, 0, 25, 216, 23537 }, // U+04BE
    { 21, 26, 355, 0, 19, 137, 23753 }, // U+04BF
    { 9, 24, 181, 1, 24, 54, 23890 }, // U+04C0
    { 31, 31, 483, 0, 31, 241, 23944 }, // U+04C1
    { 26, 25, 405, 0, 25, 163, 24185 }, // U+04C2
    { 19, 33, 371, 3, 24, 157, 24348 }, // U+04C3
    { 16, 27, 299, 2, 18, 108, 24505 }, // U+04C4
    { 24, 31, 383, 0, 24, 186, 24613 }, // U+04C5
    { 20, 25, 313, 0, 18, 125, 24799 }, // U+04C6
    { 19, 33, 390, 3, 24, 157, 24924 }, // U+04C7
    { 17, 27, 331, 2, 18, 115, 25081 }, // U+04C8
    { 22, 31, 403, 3, 24, 171, 25196 }, // U+04C9
    { 20, 25, 353, 2, 18, 125, 25367 }, // U+04CA
    { 19, 31, 372, 2, 24, 148, 25492 }, // U+04CB
    { 16, 25, 327, 2, 18, 100, 25640 }, // U+04CC
    { 28, 31, 489, 3, 24, 217, 25740 }, // U+04CD
    { 24, 25, 403, 2, 18, 150, 25957 }, // U+04CE
    { 9, 24, 181, 1, 24, 54, 26107 }, // U+04CF
    { 22, 31, 341, 0, 31, 171, 26161 }, // U+04D0
    { 15, 26, 299, 1, 25, 98, 26332 }, // U+04D1
    { 22, 31, 341, 0, 31, 171, 26430 }, // U+04D2
    { 15, 26, 299, 1, 25, 98, 26601 }, // U+04D3
    { 29, 24, 470, -1, 24, 174, 26699 }, // U+04D4
    { 27, 20, 461, 1, 19, 135, 26873 }, // U+04D5
    { 14, 31, 296, 3, 31, 109, 27008 }, // U+04D6
    { 17, 26, 301, 1, 25, 111, 27117 }, // U+04D7
    { 22, 26, 394, 1, 25, 143, 27228 }, // U+04D8
    { 16, 20, 301, 1, 19, 80, 27371 }, // U+04D9
    { 22, 32, 394, 1, 31, 176, 27451 }, // U+04DA
    { 16, 26, 301, 1, 25, 104, 27627 }, // U+04DB
    { 31, 31, 483, 0, 31, 241, 27731 }, // U+04DC
    { 26, 25, 405, 0, 25, 163, 27972 }, // U+04DD
    { 17, 32, 308, 1, 31, 136, 28135 }, // U+04DE
    { 14, 26, 260, 1, 25, 91, 28271 }, // U+04DF
    { 17, 25, 311, 1, 24, 107, 28362 }, // U+04E0
    { 16, 26, 266, 0, 18, 104, 28469 }, // U+04E1
    { 19, 29, 403, 3, 29, 138, 28573 }, // U+04E2
    { 16, 23, 331, 2, 23, 92, 28711 }, // U+04E3
    { 19, 31, 403, 3, 31, 148, 28803 }, // U+04E4
    { 16, 25, 331, 2, 25, 100, 28951 }, // U+04E5
    { 22, 32, 416, 2, 31, 176, 29051 }, // U+04E6
    { 18, 26, 323, 1, 25, 117, 29227 }, // U+04E7
    { 22, 26, 417, 2, 25, 143, 29344 }, // U+04E8
    { 18, 20, 323, 1, 19, 90, 29487 }, // U+04E9
    { 22, 32, 417, 2, 31, 176, 29577 }, // U+04EA
    { 18, 26, 323, 1, 25, 117, 29753 }, // U+04EB
    { 19, 32, 345, 1, 31, 152, 29870 }, // U+04EC
    { 14, 26, 263, 1, 25, 91, 30022 }, // U+04ED
    { 21, 30, 328, 0, 29, 158, 30113 }, // U+04EE
    { 17, 31, 271, 0, 23, 132, 30271 }, // U+04EF
    { 21, 32, 328, 0, 31, 168, 30403 }, // U+04F0
    { 17, 33, 271, 0, 25, 141, 30571 }, // U+04F1
    { 21, 33, 328, 0, 32, 174, 30712 }, // U+04F2
    { 17, 34, 272, 0, 26, 145, 30886 }, // U+04F3
    { 18, 31, 359, 2, 31, 140, 31031 }, // U+04F4
    { 15, 25, 314, 2, 25, 94, 31171 }, // U+04F5
    { 14, 31, 283, 3, 24, 109, 31265 }, // U+04F6
    { 12, 25, 231, 2, 18, 75, 31374 }, // U+04F7
    { 23, 31, 453, 3, 31, 179, 31449 }, // U+04F8
    { 21, 25, 405, 2, 25, 132, 31628 }, // U+04F9
    { 17, 31, 283, 0, 24, 132, 31760 }, // U+04FA
    { 14, 25, 231, 0, 18, 88, 31892 }, // U+04FB
    { 21, 31, 337, 0, 24, 163, 31980 }, // U+04FC
    { 18, 25, 293, 0, 18, 113, 32143 }, // U+04FD
    { 20, 24, 312, 0, 24, 120, 32256 }, // U+04FE
    { 18, 18, 282, 0, 18, 81, 32376 }, // U+04FF
    { 22, 30, 341, 0, 24, 165, 0 }, // U+1EA0
    { 15, 25, 299, 1, 19, 94, 165 }, // U+1EA1
    { 22, 34, 341, 0, 34, 187, 259 }, // U+1EA2
    { 15, 29, 299, 1, 28, 109, 446 }, // U+1EA3
    { 22, 33, 341, 0, 33, 182, 555 }, // U+1EA4
    { 18, 29, 299, 1, 28, 131, 737 }, // U+1EA5
    { 22, 33, 341, 0, 33, 182, 868 }, // U+1EA6
    { 16, 29, 299, 0, 28, 116, 1050 }, // U+1EA7
    { 22, 35, 341, 0, 35, 193, 1166 }, // U+1EA8
    { 17, 31, 299, 1, 30, 132, 1359 }, // U+1EA9
    { 22, 35, 341, 0, 35, 193, 1491 }, // U+1EAA
    { 15, 31, 299, 1, 30, 117, 1684 }, // U+1EAB
    { 22, 38, 341, 0, 32, 209, 1801 }, // U+1EAC
    { 15, 32, 299, 1, 26, 120, 2010 }, // U+1EAD
    { 22, 34, 341, 0, 34, 187, 2130 }, // U+1EAE
    { 15, 30, 299, 1, 29, 113, 2317 }, // U+1EAF
    { 22, 34, 341, 0, 34, 187, 2430 }, // U+1EB0
    { 15, 30, 299, 1, 29, 113, 2617 }, // U+1EB1
    { 22, 35, 341, 0, 35, 193, 2730 }, // U+1EB2
    { 15, 31, 299, 1, 30, 117, 2923 }, // U+1EB3
    { 22, 35, 341, 0, 35, 193, 3040 }, // U+1EB4
    { 15, 31, 299, 1, 30, 117, 3233 }, // U+1EB5
    { 22, 37, 341, 0, 31, 204, 3350 }, // U+1EB6
    { 15, 31, 299, 1, 25, 117, 3554 }, // U+1EB7
    { 14, 30, 296, 3, 24, 105, 3671 }, // U+1EB8
    { 17, 25, 301, 1, 19, 107, 3776 }, // U+1EB9
    { 14, 34, 296, 3, 34, 119, 3883 }, // U+1EBA
    { 17, 29, 301, 1, 28, 124, 4002 }, // U+1EBB
    { 14, 31, 296, 3, 31, 109, 4126 }, // U+1EBC
    { 17, 26, 301, 1, 25, 111, 4235 }, // U+1EBD
    { 16, 33, 296, 3, 33, 132, 4346 }, // U+1EBE
    { 18, 29, 301, 1, 28, 131, 4478 }, // U+1EBF
    { 16, 33, 296, 1, 33, 132, 4609 }, // U+1EC0
    { 17, 29, 301, 1, 28, 124, 4741 }, // U+1EC1
    { 15, 35, 296, 3, 35, 132, 4865 }, // U+1EC2
    { 17, 31, 301, 1, 30, 132, 4997 }, // U+1EC3
    { 14, 35, 296, 3, 35, 123, 5129 }, // U+1EC4
    { 17, 31, 301, 1, 30, 132, 5252 }, // U+1EC5
    { 14, 38, 296, 3, 32, 133, 5384 }, // U+1EC6
    { 17, 32, 301, 1, 26, 136, 5517 }, // U+1EC7
    { 9, 33, 181, 1, 33, 75, 5653 }, // U+1EC8
    { 7, 28, 138, 2, 28, 49, 5728 }, // U+1EC9
    { 9, 30, 181, 1, 24, 68, 5777 }, // U+1ECA
    { 5, 31, 138, 2, 25, 39, 5845 }, // U+1ECB
    { 22, 31, 416, 2, 25, 171, 5884 }, // U+1ECC
    { 18, 25, 323, 1, 19, 113, 6055 }, // U+1ECD
    { 22, 34, 416, 2, 33, 187, 6168 }, // U+1ECE
    { 18, 29, 323, 1, 28, 131, 6355 }, // U+1ECF
    { 22, 34, 416, 2, 33, 187, 6486 }, // U+1ED0
    { 18, 29, 323, 1, 28, 131, 6673 }, // U+1ED1
    { 22, 34, 416, 2, 33, 187, 6804 }, // U+1ED2
    { 18, 29, 323, 1, 28, 131, 6991 }, // U+1ED3
    { 22, 36, 416, 2, 35, 198, 7122 }, // U+1ED4
    { 18, 31, 323, 1, 30, 140, 7320 }, // U+1ED5
    { 22, 36, 416, 2, 35, 198, 7460 }, // U+1ED6
    { 18, 31, 323, 1, 30, 140, 7658 }, // U+1ED7
    { 22, 38, 416, 2, 32, 209, 7798 }, // U+1ED8
    { 18, 32, 323, 1, 26, 144, 8007 }, // U+1ED9
    { 25, 33, 418, 2, 32, 207, 8151 }, // U+1EDA
    { 21, 27, 328, 1, 26, 142, 8358 }, // U+1EDB
    { 25, 33, 418, 2, 32, 207, 8500 }, // U+1EDC
    { 21, 27, 328, 1, 26, 142, 8707 }, // U+1EDD
    { 25, 35, 418, 2, 34, 219, 8849 }, // U+1EDE
    { 21, 29, 328, 1, 28, 153, 9068 }, // U+1EDF
    { 25, 32, 418, 2, 31, 200, 9221 }, // U+1EE0
    { 21, 26, 328, 1, 25, 137, 9421 }, // U+1EE1
    { 25, 32, 418, 2, 26, 200, 9558 }, // U+1EE2
    { 21, 27, 328, 1, 21, 142, 9758 }, // U+1EE3
    { 19, 30, 390, 3, 24, 143, 9900 }, // U+1EE4
    { 16, 24, 330, 2, 18, 96, 10043 }, // U+1EE5
    { 19, 34, 390, 3, 33, 162, 10139 }, // U+1EE6
    { 16, 29, 330, 2, 28, 116, 10301 }, // U+1EE7
    { 25, 33, 416, 3, 32, 207, 10417 }, // U+1EE8
    { 22, 27, 359, 2, 26, 149, 10624 }, // U+1EE9
    { 25, 33, 416, 3, 32, 207, 10773 }, // U+1EEA
    { 22, 27, 359, 2, 26, 149, 10980 }, // U+1EEB
    { 25, 34, 416, 3, 33, 213, 11129 }, // U+1EEC
    { 22, 29, 359, 2, 28, 160, 11342 }, // U+1EED
    { 25, 32, 416, 3, 31, 200, 11502 }, // U+1EEE
    { 22, 26, 359, 2, 25, 143, 11702 }, // U+1EEF
    { 25, 32, 416, 3, 26, 200, 11845 }, // U+1EF0
    { 22, 27, 359, 2, 21, 149, 12045 }, // U+1EF1
    { 19, 32, 302, 0, 32, 152, 12194 }, // U+1EF2
    { 17, 34, 272, 0, 26, 145, 12346 }, // U+1EF3
    { 19, 30, 302, 0, 24, 143, 12491 }, // U+1EF4
    { 17, 26, 272, 0, 18, 111, 12634 }, // U+1EF5
    { 19, 33, 302, 0, 33, 157, 12745 }, // U+1EF6
    { 17, 36, 272, 0, 28, 153, 12902 }, // U+1EF7
    { 19, 31, 302, 0, 31, 148, 13055 }, // U+1EF8
    { 17, 33, 272, 0, 25, 141, 13203 }, // U+1EF9
    { 0, 0, 267, 0, 0, 0, 0 }, // U+2000
    { 0, 0, 533, 0, 0, 0, 0 }, // U+2001
    { 0, 0, 267, 0, 0, 0, 0 }, // U+2002
    { 0, 0, 533, 0, 0, 0, 0 }, // U+2003
    { 0, 0, 178, 0, 0, 0, 0 }, // U+2004
    { 0, 0, 133, 0, 0, 0, 0 }, // U+2005
    { 0, 0, 89, 0, 0, 0, 0 }, // U+2006
    { 0, 0, 305, 0, 0, 0, 0 }, // U+2007
    { 0, 0, 143, 0, 0, 0, 0 }, // U+2008
    { 0, 0, 89, 0, 0, 0, 0 }, // U+2009
    { 0, 0, 53, 0, 0, 0, 0 }, // U+200A
    { 0, 0, 0, 0, 0, 0, 0 }, // U+200B
    { 0, 0, 0, 0, 0, 0, 0 }, // U+200C
    { 0, 0, 0, 0, 0, 0, 0 }, // U+200D
    { 9, 28, 0, -1, 23, 63, 0 }, // U+200E
    { 9, 28, 0, -8, 23, 63, 63 }, // U+200F
    { 9, 4, 172, 1, 11, 9, 126 }, // U+2010
    { 9, 4, 172, 1, 11, 9, 135 }, // U+2011
    { 17, 4, 305, 1, 14, 17, 144 }, // U+2012
    { 15, 4, 267, 1, 11, 15, 161 }, // U+2013
    { 31, 4, 533, 1, 11, 31, 176 }, // U+2014
    { 31, 4, 533, 1, 11, 31, 207 }, // U+2015
    { 11, 35, 294, 4, 26, 97, 238 }, // U+2016
    { 15, 8, 219, -1, 0, 30, 335 }, // U+2017
    { 6, 9, 93, 0, 24, 14, 365 }, // U+2018
    { 6, 9, 93, 0, 24, 14, 379 }, // U+2019
    { 6, 9, 133, 1, 4, 14, 393 }, // U+201A
    { 6, 9, 93, 0, 24, 14, 407 }, // U+201B
    { 12, 9, 191, 0, 24, 27, 421 }, // U+201C
    { 12, 9, 191, 0, 24, 27, 448 }, // U+201D
    { 12, 9, 222, 1, 4, 27, 475 }, // U+201E
    { 12, 9, 191, 0, 24, 27, 502 }, // U+201F
    { 13, 26, 273, 2, 26, 85, 529 }, // U+2020
    { 14, 26, 273, 2, 26, 91, 614 }, // U+2021
    { 8, 9, 201, 2, 17, 18, 705 }, // U+2022
    { 9, 11, 196, 2, 18, 25, 723 }, // U+2023
    { 5, 6, 267, 6, 5, 8, 748 }, // U+2024
    { 14, 6, 286, 2, 5, 21, 756 }, // U+2025
    { 22, 6, 422, 2, 5, 33, 777 }, // U+2026
    { 5, 6, 143, 2, 11, 8, 810 }, // U+2027
    { 0, 0, 320, 0, 0, 0, 818 }, // U+2028
    { 0, 0, 320, 0, 0, 0, 818 }, // U+2029
    { 9, 26, 0, -1, 21, 59, 818 }, // U+202A
    { 9, 26, 0, -8, 21, 59, 877 }, // U+202B
    { 8, 28, 0, -4, 23, 56, 936 }, // U+202C
    { 8, 28, 0, -4, 23, 56, 992 }, // U+202D
    { 8, 28, 0, -4, 23, 56, 1048 }, // U+202E
    { 0, 0, 89, 0, 0, 0, 1104 }, // U+202F
    { 37, 26, 628, 1, 25, 241, 1104 }, // U+2030
    { 49, 26, 823, 1, 25, 319, 1345 }, // U+2031
    { 8, 9, 124, 1, 24, 18, 1664 }, // U+2032
    { 14, 9, 218, 1, 24, 32, 1682 }, // U+2033
    { 20, 9, 311, 1, 24, 45, 1714 }, // U+2034
    { 8, 9, 124, -1, 24, 18, 1759 }, // U+2035
    { 13, 9, 235, -1, 24, 30, 1777 }, // U+2036
    { 19, 9, 321, -1, 24, 43, 1807 }, // U+2037
    { 13, 11, 213, 0, 3, 36, 1850 }, // U+2038
    { 9, 15, 165, 1, 16, 34, 1886 }, // U+2039
    { 8, 15, 165, 1, 16, 30, 1920 }, // U+203A
    { 26, 26, 446, 1, 25, 169, 1950 }, // U+203B
    { 13, 25, 266, 2, 24, 82, 2119 }, // U+203C
    { 14, 26, 237, 0, 25, 91, 2201 }, // U+203D
    { 18, 3, 267, -1, 28, 14, 2292 }, // U+203E
    { 20, 7, 325, 0, -1, 35, 2306 }, // U+203F
    { 20, 8, 325, 0, 27, 40, 2341 }, // U+2040
    { 12, 22, 199, 0, 14, 66, 2381 }, // U+2041
    { 37, 31, 596, 0, 26, 287, 2447 }, // U+2042
    { 9, 4, 172, 1, 11, 9, 2734 }, // U+2043
    { 18, 24, 69, -7, 24, 108, 2743 }, // U+2044
    { 8, 30, 173, 2, 24, 60, 2851 }, // U+2045
    { 9, 30, 173, 0, 24, 68, 2911 }, // U+2046
    { 28, 26, 456, 0, 25, 182, 2979 }, // U+2047
    { 21, 26, 362, 0, 25, 137, 3161 }, // U+2048
    { 20, 26, 364, 2, 25, 130, 3298 }, // U+2049
    { 17, 18, 305, 1, 18, 77, 3428 }, // U+204A
    { 17, 31, 349, 3, 26, 132, 3505 }, // U+204B
    { 18, 17, 341, 1, 18, 77, 3637 }, // U+204C
    { 18, 17, 341, 2, 18, 77, 3714 }, // U+204D
    { 16, 16, 294, 1, 9, 64, 3791 }, // U+204E
    { 6, 24, 126, 1, 19, 36, 3855 }, // U+204F
    { 20, 35, 323, 0, 27, 175, 3891 }, // U+2050
    { 16, 33, 294, 1, 26, 132, 4066 }, // U+2051
    { 13, 26, 198, 0, 25, 85, 4198 }, // U+2052
    { 29, 6, 533, 2, 13, 44, 4283 }, // U+2053
    { 20, 8, 323, 0, 0, 40, 4327 }, // U+2054
    { 18, 18, 305, 0, 17, 81, 4367 }, // U+2055
    { 15, 26, 276, 1, 25, 98, 4448 }, // U+2056
    { 25, 9, 396, 1, 24, 57, 4546 }, // U+2057
    { 25, 26, 438, 1, 25, 163, 4603 }, // U+2058
    { 25, 26, 442, 1, 25, 163, 4766 }, // U+2059
    { 5, 26, 118, 1, 25, 33, 4929 }, // U+205A
    { 20, 26, 349, 1, 25, 130, 4962 }, // U+205B
    { 25, 26, 424, 1, 25, 163, 5092 }, // U+205C
    { 5, 25, 143, 2, 24, 32, 5255 }, // U+205D
    { 5, 26, 143, 2, 25, 33, 5287 }, // U+205E
    { 0, 0, 118, 0, 0, 0, 5320 }, // U+205F
    { 0, 0, 320, 0, 0, 0, 5320 }, // U+2060
    { 0, 0, 320, 0, 0, 0, 5320 }, // U+2061
    { 0, 0, 320, 0, 0, 0, 5320 }, // U+2062
    { 0, 0, 320, 0, 0, 0, 5320 }, // U+2063
    { 0, 0, 320, 0, 0, 0, 5320 }, // U+2064
    { 0, 0, 0, 0, 0, 0, 5320 }, // U+2066
    { 0, 0, 0, 0, 0, 0, 5320 }, // U+2067
    { 0, 0, 0, 0, 0, 0, 5320 }, // U+2068
    { 0, 0, 0, 0, 0, 0, 5320 }, // U+2069
    { 8, 28, 0, -4, 23, 56, 5320 }, // U+206A
    { 8, 28, 0, -4, 23, 56, 5376 }, // U+206B
    { 8, 28, 0, -4, 23, 56, 5432 }, // U+206C
    { 8, 29, 0, -4, 24, 58, 5488 }, // U+206D
    { 8, 28, 0, -4, 23, 56, 5546 }, // U+206E
    { 8, 28, 0, -4, 23, 56, 5602 }, // U+206F
    { 11, 16, 187, 0, 29, 44, 0 }, // U+2070
    { 3, 16, 90, 1, 25, 12, 44 }, // U+2071
    { 12, 16, 187, 0, 29, 48, 56 }, // U+2074
    { 10, 16, 187, 1, 29, 40, 104 }, // U+2075
    { 12, 16, 187, 0, 29, 48, 144 }, // U+2076
    { 11, 16, 187, 0, 29, 44, 192 }, // U+2077
    { 11, 16, 187, 0, 29, 44, 236 }, // U+2078
    { 11, 16, 187, 0, 29, 44, 280 }, // U+2079
    { 10, 10, 180, 1, 25, 25, 324 }, // U+207A
    { 10, 3, 180, 1, 21, 8, 349 }, // U+207B
    { 10, 6, 180, 1, 23, 15, 357 }, // U+207C
    { 6, 19, 121, 2, 31, 29, 372 }, // U+207D
    { 6, 19, 121, 0, 31, 29, 401 }, // U+207E
    { 11, 12, 214, 1, 21, 33, 430 }, // U+207F
    { 11, 16, 187, 0, 11, 44, 463 }, // U+2080
    { 7, 16, 187, 1, 11, 28, 507 }, // U+2081
    { 11, 16, 187, 0, 11, 44, 535 }, // U+2082
    { 11, 16, 187, 0, 11, 44, 579 }, // U+2083
    { 12, 16, 187, 0, 11, 48, 623 }, // U+2084
    { 10, 16, 187, 1, 11, 40, 671 }, // U+2085
    { 12, 16, 187, 0, 11, 48, 711 }, // U+2086
    { 11, 16, 187, 0, 11, 44, 759 }, // U+2087
    { 11, 16, 187, 0, 11, 44, 803 }, // U+2088
    { 11, 16, 187, 0, 11, 44, 847 }, // U+2089
    { 10, 10, 180, 1, 7, 25, 891 }, // U+208A
    { 10, 3, 180, 1, 3, 8, 916 }, // U+208B
    { 10, 6, 180, 1, 5, 15, 924 }, // U+208C
    { 6, 19, 121, 2, 13, 29, 939 }, // U+208D
    { 6, 19, 121, 0, 13, 29, 968 }, // U+208E
    { 10, 12, 195, 1, 8, 30, 997 }, // U+2090
    { 11, 12, 196, 1, 8, 33, 1027 }, // U+2091
    { 11, 12, 210, 1, 8, 33, 1060 }, // U+2092
    { 12, 12, 183, 0, 8, 36, 1093 }, // U+2093
    { 11, 12, 196, 1, 8, 33, 1129 }, // U+2094
    { 11, 16, 214, 1, 12, 44, 1162 }, // U+2095
    { 11, 16, 185, 1, 12, 44, 1206 }, // U+2096
    { 3, 16, 90, 1, 12, 12, 1250 }, // U+2097
    { 18, 12, 324, 1, 8, 54, 1262 }, // U+2098
    { 11, 12, 214, 1, 8, 33, 1316 }, // U+2099
    { 12, 16, 213, 1, 8, 48, 1349 }, // U+209A
    { 9, 12, 166, 1, 8, 27, 1397 }, // U+209B
    { 8, 14, 125, 0, 10, 28, 1424 }, // U+209C
    { 17, 25, 305, 1, 25, 107, 0 }, // U+20A0
    { 18, 28, 305, 1, 26, 126, 107 }, // U+20A1
    { 17, 26, 305, 1, 25, 111, 233 }, // U+20A2
    { 17, 24, 305, 1, 24, 102, 344 }, // U+20A3
    { 17, 25, 305, 1, 25, 107, 446 }, // U+20A4
    { 27, 27, 499, 2, 23, 183, 553 }, // U+20A5
    { 19, 24, 305, 0, 24, 114, 736 }, // U+20A6
    { 23, 25, 414, 2, 24, 144, 850 }, // U+20A7
    { 25, 25, 444, 2, 24, 157, 994 }, // U+20A8
    { 22, 24, 357, 0, 24, 132, 1151 }, // U+20A9
    { 22, 24, 426, 2, 24, 132, 1283 }, // U+20AA
    { 20, 32, 329, 1, 26, 160, 1415 }, // U+20AB
    { 19, 26, 305, 0, 25, 124, 1575 }, // U+20AC
    { 20, 24, 305, 0, 24, 120, 1699 }, // U+20AD
    { 19, 24, 305, 0, 24, 114, 1819 }, // U+20AE
    { 32, 33, 517, 0, 25, 264, 1933 }, // U+20AF
    { 18, 33, 305, 0, 25, 149, 2197 }, // U+20B0
    { 19, 24, 305, 0, 24, 114, 2346 }, // U+20B1
    { 20, 29, 388, 2, 26, 145, 2460 }, // U+20B2
    { 21, 24, 324, 0, 24, 126, 2605 }, // U+20B3
    { 18, 26, 293, 0, 25, 117, 2731 }, // U+20B4
    { 19, 29, 337, 2, 26, 138, 2848 }, // U+20B5
    { 20, 23, 331, 0, 22, 115, 2986 }, // U+20B6
    { 23, 28, 387, 0, 25, 161, 3101 }, // U+20B7
    { 18, 24, 291, 0, 24, 108, 3262 }, // U+20B8
    { 15, 24, 305, 2, 24, 90, 3370 }, // U+20B9
    { 19, 25, 305, 0, 24, 119, 3460 }, // U+20BA
    { 26, 26, 416, 0, 25, 169, 3579 }, // U+20BB
    { 24, 24, 432, 1, 24, 144, 3748 }, // U+20BC
    { 19, 24, 310, 0, 24, 114, 3892 }, // U+20BD
    { 22, 26, 411, 2, 26, 143, 4006 }, // U+20BE
    { 15, 32, 305, 3, 28, 120, 4149 }, // U+20BF
    { 14, 24, 263, 1, 19, 84, 4269 }, // U+20C0
    { 17, 3, 305, 1, 13, 13, 0 }, // U+2212
    { 25, 26, 367, 0, 26, 163, 0 }, // U+FB00
    { 18, 26, 321, 0, 26, 117, 163 }, // U+FB01
    { 18, 26, 321, 0, 26, 117, 280 }, // U+FB02
    { 29, 26, 504, 0, 26, 189, 397 }, // U+FB03
    { 29, 26, 504, 0, 26, 189, 586 }, // U+FB04
    { 20, 27, 359, 2, 26, 135, 775 }, // U+FB05
    { 27, 27, 448, 1, 26, 183, 910 }, // U+FB06
    { 31, 32, 533, 1, 26, 248, 0 }, // U+FFFD
};

static const EpdUnicodeInterval notosans_16_regularIntervals[] = {
    { 0x0, 0x0, 0x0 },
    { 0xD, 0xD, 0x1 },
    { 0x20, 0x7E, 0x2 },
    { 0xA0, 0x17F, 0x61 },
    { 0x1A0, 0x1A1, 0x141 },
    { 0x1AF, 0x1B0, 0x143 },
    { 0x1C4, 0x21F, 0x145 },
    { 0x300, 0x36F, 0x1A1 },
    { 0x400, 0x4FF, 0x211 },
    { 0x1EA0, 0x1EF9, 0x311 },
    { 0x2000, 0x2064, 0x36B },
    { 0x2066, 0x2071, 0x3D0 },
    { 0x2074, 0x208E, 0x3DC },
    { 0x2090, 0x209C, 0x3F7 },
    { 0x20A0, 0x20C0, 0x404 },
    { 0x2212, 0x2212, 0x425 },
    { 0xFB00, 0xFB06, 0x426 },
    { 0xFFFD, 0xFFFD, 0x42D },
};

static const EpdFontGroup notosans_16_regularGroups[] = {
    { 0, 3304, 9181, 97, 0 },
    { 3304, 2993, 11053, 96, 97 },
    { 6297, 3594, 16723, 128, 193 },
    { 9891, 3682, 15196, 96, 321 },
    { 13573, 1243, 2343, 112, 417 },
    { 14816, 9151, 34821, 256, 529 },
    { 23967, 2222, 14747, 90, 785 },
    { 26189, 2222, 6244, 111, 875 },
    { 28411, 638, 1618, 42, 986 },
    { 29049, 1950, 4655, 33, 1028 },
    { 30999, 14, 15, 1, 1061 },
    { 31013, 327, 1182, 7, 1062 },
    { 31340, 132, 256, 1, 1069 },
};

static const uint16_t notosans_16_regularKernLeftCodepoints[] = {
    0x0022, 0x0026, 0x0027, 0x0028, 0x002C, 0x002D, 0x002E, 0x003A, 0x0041, 0x0042, 0x0043, 0x0044,
    0x0045, 0x0046, 0x004B, 0x004C, 0x004F, 0x0050, 0x0051, 0x0052, 0x0054, 0x0055, 0x0056, 0x0057,
    0x0058, 0x0059, 0x005A, 0x005B, 0x005F, 0x0061, 0x0062, 0x0063, 0x0065, 0x0066, 0x0068, 0x006D,
    0x006E, 0x006F, 0x0070, 0x0072, 0x0074, 0x0076, 0x0077, 0x0078, 0x0079, 0x007B, 0x00A1, 0x00AB,
    0x00BB, 0x00BF, 0x00C0, 0x00C1, 0x00C2, 0x00C3, 0x00C4, 0x00C5, 0x00C6, 0x00C7, 0x00C8, 0x00C9,
    0x00CA, 0x00CB, 0x00D0, 0x00D2, 0x00D3, 0x00D4, 0x00D5, 0x00D6, 0x00D8, 0x00D9, 0x00DA, 0x00DB,
    0x00DC, 0x00DD, 0x00DE, 0x00E0, 0x00E1, 0x00E2, 0x00E3, 0x00E4, 0x00E5, 0x00E6, 0x00E8, 0x00E9,
    0x00EA, 0x00EB, 0x00EE, 0x00EF, 0x00F0, 0x00F2, 0x00F3, 0x00F4, 0x00F5, 0x00F6, 0x00F8, 0x00FD,
    0x00FE, 0x00FF, 0x0100, 0x0101, 0x0102, 0x0103, 0x0104, 0x0105, 0x0106, 0x0108, 0x010A, 0x010C,
    0x010E, 0x010F, 0x0110, 0x0112, 0x0113, 0x0114, 0x0115, 0x0116, 0x0117, 0x0118, 0x0119, 0x011A,
    0x011B, 0x0125, 0x0129, 0x012B, 0x012E, 0x0136, 0x0138, 0x0139, 0x013B, 0x013D, 0x013E, 0x013F,
    0x0141, 0x0144, 0x0146, 0x0149, 0x014B, 0x014C, 0x014D, 0x014E, 0x014F, 0x0150, 0x0151, 0x0152,
    0x0153, 0x0155, 0x0157, 0x0159, 0x0162, 0x0163, 0x0164, 0x0165, 0x0166, 0x0167, 0x0168, 0x016A,
    0x016C, 0x016E, 0x0170, 0x0172, 0x0174, 0x0175, 0x0176, 0x0177, 0x0178, 0x0179, 0x017B, 0x017D,
    0x01A0, 0x01A1, 0x01AF, 0x01B0, 0x01FA, 0x01FB, 0x01FC, 0x01FD, 0x01FE, 0x020B, 0x021A, 0x021B,
    0x0400, 0x0401, 0x0402, 0x0403, 0x0404, 0x0405, 0x0409, 0x040A, 0x040B, 0x040C, 0x040E, 0x0410,
    0x0411, 0x0412, 0x0413, 0x0414, 0x0415, 0x0416, 0x0417, 0x041A, 0x041E, 0x0420, 0x0421, 0x0422,
    0x0423, 0x0424, 0x0425, 0x0426, 0x0429, 0x042A, 0x042C, 0x042D, 0x042E, 0x0430, 0x0431, 0x0432,
    0x0433, 0x0434, 0x0435, 0x0436, 0x0437, 0x0438, 0x0439, 0x043A, 0x043B, 0x043C, 0x043D, 0x043E,
    0x043F, 0x0440, 0x0441, 0x0442, 0x0443, 0x0444, 0x0445, 0x0446, 0x0447, 0x0448, 0x0449, 0x044A,
    0x044B, 0x044C, 0x044D, 0x044E, 0x044F, 0x0450, 0x0451, 0x0452, 0x0453, 0x0454, 0x0455, 0x0457,
    0x0458, 0x0459, 0x045A, 0x045B, 0x045C, 0x045D, 0x045E, 0x045F, 0x0460, 0x0461, 0x0462, 0x0463,
    0x0464, 0x0465, 0x0466, 0x0467, 0x0468, 0x0469, 0x046E, 0x0471, 0x0472, 0x0473, 0x0474, 0x0475,
    0x0476, 0x0477, 0x0478, 0x0479, 0x047A, 0x047B, 0x047C, 0x047D, 0x047E, 0x047F, 0x0480, 0x048A,
    0x048B, 0x048C, 0x048D, 0x048E, 0x048F, 0x0490, 0x0491, 0x0492, 0x0493, 0x0496, 0x0497, 0x0498,
    0x0499, 0x049A, 0x049B, 0x049C, 0x049D, 0x049E, 0x049F, 0x04A0, 0x04A1, 0x04A2, 0x04A3, 0x04A4,
    0x04A5, 0x04A9, 0x04AA, 0x04AB, 0x04AC, 0x04AD, 0x04AE, 0x04AF, 0x04B0, 0x04B1, 0x04B2, 0x04B3,
    0x04B4, 0x04B5, 0x04B6, 0x04B7, 0x04BC, 0x04BD, 0x04BE, 0x04BF, 0x04C1, 0x04C2, 0x04C5, 0x04C6,
    0x04C9, 0x04CA, 0x04CD, 0x04CE, 0x04D0, 0x04D1, 0x04D2, 0x04D3, 0x04D4, 0x04D5, 0x04D6, 0x04D7,
    0x04D8, 0x04D9, 0x04DA, 0x04DB, 0x04DC, 0x04DD, 0x04DE, 0x04DF, 0x04E3, 0x04E5, 0x04E6, 0x04E7,
    0x04E8, 0x04E9, 0x04EA, 0x04EB, 0x04EC, 0x04ED, 0x04EE, 0x04EF, 0x04F0, 0x04F1, 0x04F2, 0x04F3,
    0x04F5, 0x04F6, 0x04F7, 0x04F9, 0x04FA, 0x04FB, 0x04FC, 0x04FD, 0x04FE, 0x04FF, 0x1EA0, 0x1EA1,
    0x1EA2, 0x1EA3, 0x1EA4, 0x1EA5, 0x1EA6, 0x1EA7, 0x1EA8, 0x1EA9, 0x1EAA, 0x1EAB, 0x1EAC, 0x1EAD,
    0x1EAE, 0x1EAF, 0x1EB0, 0x1EB1, 0x1EB2, 0x1EB3, 0x1EB4, 0x1EB5, 0x1EB6, 0x1EB7, 0x1EB8, 0x1EB9,
    0x1EBA, 0x1EBB, 0x1EBC, 0x1EBD, 0x1EBE, 0x1EBF, 0x1EC0, 0x1EC1, 0x1EC2, 0x1EC3, 0x1EC4, 0x1EC5,
    0x1EC6, 0x1EC7, 0x1ECC, 0x1ECD, 0x1ECE, 0x1ECF, 0x1ED0, 0x1ED1, 0x1ED2, 0x1ED3, 0x1ED4, 0x1ED5,
    0x1ED6, 0x1ED7, 0x1ED8, 0x1ED9, 0x1EDA, 0x1EDB, 0x1EDC, 0x1EDD, 0x1EDE, 0x1EDF, 0x1EE0, 0x1EE1,
    0x1EE2, 0x1EE3, 0x1EE4, 0x1EE6, 0x1EE8, 0x1EE9, 0x1EEA, 0x1EEB, 0x1EEC, 0x1EED, 0x1EEE, 0x1EEF,
    0x1EF0, 0x1EF1, 0x1EF2, 0x1EF3, 0x1EF4, 0x1EF5, 0x1EF6, 0x1EF7, 0x1EF8, 0x1EF9, 0x2013, 0x2014,
    0x2015, 0x2018, 0x2019, 0x201A, 0x201C, 0x201D, 0x201E, 0x2039, 0x203A, 0xFB00,
};

static const uint8_t notosans_16_regularKernLeftClassIds[] = {
      1,   2,   1,   3,   4,   5,   4,   6,   7,   8,   9,  10,  11,  12,   9,  13,
     10,  14,  10,  15,  16,  17,  18,  18,   9,  19,  20,   3,  21,  22,  23,  24,
     23,  25,  22,  22,  22,  23,  23,  26,  24,  27,  27,  28,  27,   3,  29,  30,
     31,  32,   7,   7,   7,   7,   7,   7,  11,   9,  11,  11,  11,  11,  10,  10,
     10,  10,  10,  10,  10,  17,  17,  17,  17,  19,  14,  22,  22,  22,  22,  22,
     22,  23,  23,  23,  23,  23,  33,  33,  23,  23,  23,  23,  23,  23,  23,  27,
     23,  27,   7,  22,   7,  22,  34,  22,   9,   9,   9,   9,  10,  35,  10,  11,
     23,  11,  23,  11,  23,  11,  23,  11,  23,  22,  36,  33,  37,   9,  28,  13,
     13,  13,  35,  13,  13,  22,  22,  22,  22,  10,  23,  10,  23,  10,  23,  11,
     23,  26,  26,  26,  16,  24,  16,  38,  16,  24,  17,  17,  17,  17,  17,  17,
     18,  27,  19,  27,  19,  20,  20,  20,  39,  40,  41,  42,   7,  22,  11,  23,
     10,  33,  16,  24,  43,  43,  44,  45,  46,  47,  48,  48,  44,  49,  50,  51,
     52,  53,  45,  54,  43,  49,  53,  49,  55,  56,  46,  45,  50,  57,  49,  54,
     54,  48,  48,  55,  55,  58,  59,  60,  61,  62,  63,  64,  60,  65,  65,  64,
     65,  65,  65,  63,  65,  63,  66,  61,  67,  63,  64,  62,  65,  65,  62,  68,
     65,  68,  63,  63,  65,  63,  63,  69,  61,  66,  70,  71,  72,  68,  68,  73,
     64,  65,  67,  65,  55,  74,  75,  68,  46,  66,  51,  76,  51,  76,  77,  63,
     55,  63,  50,  74,  50,  74,  67,  67,  55,  63,  55,  63,  55,  74,  46,  54,
     62,  75,  68,  56,  63,  78,  79,  80,  81,  82,  83,  77,  60,  82,  83,  49,
     64,  49,  64,  49,  64,  54,  62,  80,  79,  63,  46,  66,  78,  79,  84,  85,
     84,  85,  82,  83,  54,  62,  54,  62,  86,  87,  86,  87,  49,  64,  54,  62,
     54,  62,  54,  62,  51,  58,  51,  58,  43,  87,  43,  87,  55,  63,  55,  63,
     49,  64,  77,  60,  65,  65,  55,  63,  55,  63,  55,  63,  55,  63,  50,  67,
     50,  67,  50,  67,  65,  78,  79,  65,  80,  81,  82,  83,  49,  83,   7,  22,
      7,  22,   7,  22,   7,  22,   7,  22,   7,  22,   7,  22,   7,  22,   7,  22,
      7,  22,   7,  22,   7,  22,  11,  23,  11,  23,  11,  23,  11,  23,  11,  23,
     11,  23,  11,  23,  11,  23,  10,  23,  10,  23,  10,  23,  10,  23,  10,  23,
     10,  23,  10,  23,  39,  40,  39,  40,  39,  40,  39,  40,  39,  40,  17,  17,
     41,  42,  41,  42,  41,  42,  41,  42,  41,  42,  19,  27,  19,  27,  19,  27,
     19,  27,   5,   5,   5,   1,   1,   4,   1,   1,   4,  30,  31,  25,
};

static const uint16_t notosans_16_regularKernRightCodepoints[] = {
    0x0021, 0x0022, 0x0026, 0x0027, 0x0029, 0x002C, 0x002D, 0x002E, 0x003A, 0x003B, 0x003F, 0x0041,
    0x0043, 0x0047, 0x0049, 0x004A, 0x004F, 0x0051, 0x0054, 0x0055, 0x0056, 0x0057, 0x0058, 0x0059,
    0x005A, 0x005D, 0x0061, 0x0062, 0x0063, 0x0064, 0x0065, 0x0066, 0x0067, 0x0068, 0x006A, 0x006B,
    0x006C, 0x006D, 0x006E, 0x006F, 0x0070, 0x0071, 0x0072, 0x0073, 0x0074, 0x0075, 0x0076, 0x0077,
    0x0078, 0x0079, 0x007A, 0x007D, 0x00AB, 0x00BB, 0x00C0, 0x00C1, 0x00C2, 0x00C3, 0x00C4, 0x00C5,
    0x00C6, 0x00C7, 0x00D2, 0x00D3, 0x00D4, 0x00D5, 0x00D6, 0x00D8, 0x00D9, 0x00DA, 0x00DB, 0x00DC,
    0x00DD, 0x00E0, 0x00E1, 0x00E2, 0x00E3, 0x00E4, 0x00E5, 0x00E6, 0x00E7, 0x00E8, 0x00E9, 0x00EA,
    0x00EB, 0x00F2, 0x00F3, 0x00F4, 0x00F5, 0x00F6, 0x00F8, 0x00F9, 0x00FA, 0x00FB, 0x00FC, 0x00FD,
    0x00FE, 0x00FF, 0x0100, 0x0101, 0x0102, 0x0103, 0x0104, 0x0105, 0x0106, 0x0107, 0x0108, 0x0109,
    0x010A, 0x010B, 0x010C, 0x010D, 0x010F, 0x0111, 0x0113, 0x0115, 0x0117, 0x0119, 0x011B, 0x011C,
    0x011D, 0x011E, 0x011F, 0x0120, 0x0121, 0x0122, 0x0123, 0x0125, 0x0127, 0x0129, 0x0137, 0x0138,
    0x013A, 0x013C, 0x013E, 0x0140, 0x0144, 0x0146, 0x014B, 0x014C, 0x014D, 0x014E, 0x014F, 0x0150,
    0x0151, 0x0152, 0x0153, 0x0155, 0x0157, 0x015B, 0x015F, 0x0162, 0x0163, 0x0164, 0x0165, 0x0166,
    0x0167, 0x0168, 0x0169, 0x016A, 0x016B, 0x016C, 0x016D, 0x016E, 0x016F, 0x0170, 0x0171, 0x0172,
    0x0173, 0x0174, 0x0175, 0x0176, 0x0177, 0x0178, 0x0179, 0x017A, 0x017B, 0x017C, 0x017D, 0x017E,
    0x01A0, 0x01A1, 0x01AF, 0x01B0, 0x01FA, 0x01FB, 0x01FC, 0x01FD, 0x01FE, 0x01FF, 0x0219, 0x021A,
    0x021B, 0x0402, 0x0404, 0x0405, 0x0408, 0x0409, 0x040B, 0x040E, 0x0410, 0x0414, 0x0416, 0x0417,
    0x041B, 0x041E, 0x0421, 0x0422, 0x0423, 0x0424, 0x0425, 0x0427, 0x042A, 0x042D, 0x042F, 0x0430,
    0x0431, 0x0432, 0x0433, 0x0434, 0x0435, 0x0436, 0x0437, 0x0438, 0x0439, 0x043A, 0x043B, 0x043C,
    0x043D, 0x043E, 0x043F, 0x0440, 0x0441, 0x0442, 0x0443, 0x0444, 0x0445, 0x0446, 0x0447, 0x0448,
    0x0449, 0x044A, 0x044B, 0x044C, 0x044D, 0x044E, 0x044F, 0x0450, 0x0451, 0x0452, 0x0453, 0x0454,
    0x0455, 0x0457, 0x0458, 0x0459, 0x045A, 0x045B, 0x045C, 0x045D, 0x045E, 0x045F, 0x0460, 0x0461,
    0x0462, 0x0465, 0x0466, 0x0467, 0x0469, 0x046D, 0x046E, 0x0470, 0x0472, 0x0473, 0x0474, 0x0475,
    0x0476, 0x0477, 0x0478, 0x0479, 0x047A, 0x047B, 0x047C, 0x047D, 0x047E, 0x047F, 0x0480, 0x0481,
    0x048B, 0x048C, 0x048D, 0x048F, 0x0491, 0x0492, 0x0495, 0x0496, 0x0497, 0x0498, 0x0499, 0x049B,
    0x049D, 0x049F, 0x04A0, 0x04A1, 0x04A3, 0x04A5, 0x04A7, 0x04A8, 0x04A9, 0x04AA, 0x04AB, 0x04AC,
    0x04AD, 0x04AE, 0x04AF, 0x04B0, 0x04B1, 0x04B2, 0x04B3, 0x04B4, 0x04B5, 0x04B6, 0x04B7, 0x04B8,
    0x04B9, 0x04BB, 0x04BC, 0x04BD, 0x04BE, 0x04BF, 0x04C1, 0x04C2, 0x04C4, 0x04C5, 0x04C6, 0x04C8,
    0x04CA, 0x04CB, 0x04CC, 0x04CE, 0x04D0, 0x04D1, 0x04D2, 0x04D3, 0x04D4, 0x04D5, 0x04D7, 0x04D8,
    0x04D9, 0x04DA, 0x04DB, 0x04DC, 0x04DD, 0x04DE, 0x04DF, 0x04E3, 0x04E5, 0x04E6, 0x04E7, 0x04E8,
    0x04E9, 0x04EA, 0x04EB, 0x04EC, 0x04ED, 0x04EE, 0x04EF, 0x04F0, 0x04F1, 0x04F2, 0x04F3, 0x04F4,
    0x04F5, 0x04F7, 0x04F9, 0x04FA, 0x04FC, 0x04FD, 0x04FE, 0x04FF, 0x1EA0, 0x1EA1, 0x1EA2, 0x1EA3,
    0x1EA4, 0x1EA5, 0x1EA6, 0x1EA7, 0x1EA8, 0x1EA9, 0x1EAA, 0x1EAB, 0x1EAC, 0x1EAD, 0x1EAE, 0x1EAF,
    0x1EB0, 0x1EB1, 0x1EB2, 0x1EB3, 0x1EB4, 0x1EB5, 0x1EB6, 0x1EB7, 0x1EB9, 0x1EBB, 0x1EBD, 0x1EBF,
    0x1EC1, 0x1EC3, 0x1EC5, 0x1EC7, 0x1ECC, 0x1ECD, 0x1ECE, 0x1ECF, 0x1ED0, 0x1ED1, 0x1ED2, 0x1ED3,
    0x1ED4, 0x1ED5, 0x1ED6, 0x1ED7, 0x1ED8, 0x1ED9, 0x1EDA, 0x1EDB, 0x1EDC, 0x1EDD, 0x1EDE, 0x1EDF,
    0x1EE0, 0x1EE1, 0x1EE2, 0x1EE3, 0x1EE4, 0x1EE5, 0x1EE6, 0x1EE7, 0x1EE8, 0x1EE9, 0x1EEA, 0x1EEB,
    0x1EEC, 0x1EED, 0x1EEE, 0x1EEF, 0x1EF0, 0x1EF1, 0x1EF2, 0x1EF4, 0x1EF5, 0x1EF6, 0x1EF7, 0x1EF8,
    0x1EF9, 0x2013, 0x2014, 0x2015, 0x2018, 0x2019, 0x201A, 0x201C, 0x201D, 0x201E, 0x2026, 0x2039,
    0x203A, 0xFB00, 0xFB01, 0xFB02, 0xFB03, 0xFB04,
};

static const uint8_t notosans_16_regularKernRightClassIds[] = {
      1,   2,   3,   2,   4,   5,   6,   5,   7,   7,   8,   9,  10,  10,  11,  12,
     10,  10,  13,  14,  15,  15,  16,  17,  18,   4,  19,  20,  21,  21,  21,  22,
     23,  20,  24,  20,  20,  25,  25,  21,  25,  21,  25,  26,  22,  25,  27,  27,
     27,  27,  28,   4,  29,  30,   9,   9,   9,   9,   9,   9,  31,  10,  10,  10,
     10,  10,  10,  10,  14,  14,  14,  14,  17,  21,  19,  19,  19,  19,  19,  19,
     21,  21,  21,  21,  21,  21,  21,  21,  21,  21,  21,  25,  25,  25,  25,  27,
     20,  27,   9,  19,   9,  19,   9,  19,  10,  21,  10,  21,  10,  21,  10,  21,
     21,  21,  21,  21,  21,  21,  21,  10,  23,  10,  23,  10,  23,  10,  23,  20,
     32,  33,  20,  25,  20,  20,  20,  20,  25,  25,  25,  10,  21,  10,  21,  10,
     21,  10,  21,  25,  25,  26,  26,  13,  22,  13,  22,  13,  22,  14,  25,  14,
     25,  14,  25,  14,  25,  14,  25,  14,  25,  15,  27,  17,  27,  17,  18,  28,
     18,  28,  18,  28,  10,  21,  14,  25,   9,  19,  31,  19,  10,  21,  26,  13,
     22,  34,  35,  36,  37,  38,  34,  39,  40,  41,  42,  43,  38,  35,  35,  34,
     39,  44,  42,  45,  34,  43,  46,  47,  48,  49,  49,  50,  51,  52,  53,  49,
     49,  49,  54,  49,  49,  51,  49,  49,  51,  55,  56,  51,  52,  49,  57,  49,
     49,  55,  49,  49,  53,  49,  58,  51,  51,  59,  49,  51,  60,  61,  62,  54,
     49,  59,  49,  49,  56,  49,  63,  64,  65,  66,  40,  50,  66,  66,  43,  45,
     63,  47,  67,  64,  67,  64,  63,  47,  63,  47,  63,  47,  63,  64,  63,  47,
     66,  65,  59,  66,  66,  65,  66,  42,  52,  43,  53,  66,  66,  59,  68,  55,
     66,  66,  66,  63,  47,  63,  47,  34,  55,  69,  70,  69,  70,  42,  52,  68,
     55,  45,  57,  45,  57,  66,  71,  72,  71,  72,  42,  52,  66,  73,  50,  66,
     66,  45,  57,  66,  40,  74,  40,  74,  40,  74,  47,  75,  74,  75,  74,  42,
     52,  43,  53,  49,  49,  63,  47,  63,  47,  63,  47,  43,  53,  39,  56,  39,
     56,  39,  56,  45,  57,  66,  49,  65,  42,  52,  42,  52,   9,  19,   9,  19,
      9,  19,   9,  19,   9,  19,   9,  19,   9,  19,   9,  19,   9,  19,   9,  19,
      9,  19,   9,  19,  21,  21,  21,  21,  21,  21,  21,  21,  10,  21,  10,  21,
     10,  21,  10,  21,  10,  21,  10,  21,  10,  21,  10,  21,  10,  21,  10,  21,
     10,  21,  10,  21,  14,  25,  14,  25,  14,  25,  14,  25,  14,  25,  14,  25,
     14,  25,  17,  17,  27,  17,  27,  17,  27,   6,   6,   6,  76,   2,   5,  76,
      2,   5,   5,  29,  30,  22,  22,  22,  22,  22,
};

static const uint16_t notosans_16_regularKernRowOffsets[] = {
        0,    29,    32,    37,    54,    61,    66,    72,    73,    75,    82,    83,    87,    93,   100,   101,
      117,   119,   130,   143,   145,   146,   147,   150,   151,   154,   159,   162,   163,   167,   173,   182,
      186,   187,   193,   200,   202,   203,   208,   214,   217,   227,   230,   231,   244,   269,   275,   277,
      288,   303,   332,   351,   353,   357,   369,   385,   402,   420,   426,   437,   445,   456,   468,   479,
      491,   493,   497,   509,   527,   533,   537,   541,   543,   548,   550,   557,   565,   568,   593,   600,
      616,   619,   624,   626,   638,   640,   643,   646,
};

static const uint8_t notosans_16_regularKernSparseCols[] = {
      8,  12,  14,  16,  18,  20,  22,  24,  25,  30,  32,  33,  37,  38,  39,  40,
     41,  43,  46,  49,  52,  53,  54,  55,  58,  60,  67,  72,  73,  12,  14,  16,
     11,  23,  36,  43,  61,   9,  12,  13,  14,  16,  33,  36,  38,  43,  44,  54,
     56,  62,  66,  67,  68,  70,  12,  33,  38,  41,  51,  54,  67,  33,  41,  43,
     44,  56,   1,   9,  11,  12,  14,  16,   4,   9,  28,   4,   8,  12,  14,  15,
     16,  17,  11,   3,   4,   7,   8,   1,   9,  12,  13,  14,  16,   2,   4,   8,
     15,  17,  28,  30,  28,   2,   4,   5,   7,   8,   9,  12,  18,  20,  22,  24,
     25,  26,  27,  28,  29,   4,   8,   4,   7,   8,   9,  18,  20,  22,  24,  25,
     28,  29,   2,   4,   7,   8,   9,  18,  20,  22,  24,  25,  27,  28,  29,   9,
     28,  11,   1,   1,  26,  27,   1,   1,   3,   4,   1,   4,  18,  20,  22,   1,
      4,   7,  20,  11,  12,  14,  16,  12,  14,  16,  33,  39,  67,  12,  14,  15,
     16,  33,  38,  41,  44,  67,  11,  12,  14,  16,   3,   1,   9,  11,  12,  14,
     16,   0,   1,   3,   7,  19,  31,  75,   3,  32,  11,   0,   1,   3,   7,  75,
      8,  10,  12,  14,  15,  16,  19,  21,  26,   8,   9,  10,  12,  14,  15,  16,
     18,  20,  22,  19,  21,  26,  36,   1,  33,  38,  44,  54,  55,  56,  64,  66,
     67,  68,  69,  75,   1,   4,   5,   6,  29,  33,  34,  37,  39,  40,  43,  46,
     47,  48,  49,  50,  51,  52,  53,  54,  55,  56,  57,  59,  67,  28,  34,  43,
     56,  62,  70,   4,  43,   1,   4,  33,  38,  44,  51,  54,  55,  57,  67,  75,
      1,   5,   6,  28,  34,  43,  44,  46,  47,  50,  54,  55,  56,  62,  70,   1,
      4,   5,   6,  28,  29,  34,  35,  37,  39,  40,  43,  45,  46,  47,  48,  49,
     50,  51,  52,  53,  56,  57,  58,  59,  62,  70,  71,  72,   1,  29,  33,  34,
     36,  38,  43,  44,  50,  54,  55,  56,  64,  66,  67,  68,  70,  74,  75,  51,
     55,   3,  51,  56,  57,   4,  36,  37,  40,  43,  44,  49,  53,  54,  55,  56,
     61,   4,  33,  37,  38,  39,  40,  41,  42,  49,  51,  53,  57,  66,  67,  68,
     72,   4,   5,   6,  28,  29,  37,  38,  39,  40,  41,  43,  46,  49,  50,  53,
     57,  72,   1,   3,   4,   6,  33,  35,  37,  38,  39,  40,  41,  42,  45,  49,
     51,  53,  57,  67,   1,  33,  38,  51,  54,  55,  33,  38,  39,  41,  45,  49,
     51,  54,  55,  56,  57,   3,  33,  38,  41,  45,  51,  54,  55,   1,   4,   5,
     37,  39,  40,  41,  49,  50,  53,  75,   1,   4,  33,  36,  37,  40,  44,  49,
     53,  54,  56,  61,  33,  38,  39,  41,  45,  49,  51,  54,  55,  56,  57,   5,
     33,  34,  38,  43,  44,  46,  50,  56,  57,  71,  75,  33,  58,   1,  33,  50,
     57,   1,   4,  37,  39,  40,  41,  46,  49,  50,  53,  57,  75,   1,   6,  33,
     38,  39,  41,  43,  44,  45,  51,  54,  55,  56,  57,  63,  69,  71,  75,   1,
     33,  36,  54,  55,  61,  33,  38,  45,  57,   1,  33,  58,  60,  36,  61,   1,
     33,  36,  54,  55,   4,  49,   1,  33,  44,  54,  66,  67,  68,   1,  46,  54,
     55,  56,  63,  69,  71,   4,  66,  68,   4,   5,  28,  29,  33,  34,  37,  39,
     40,  43,  46,  49,  51,  52,  54,  55,  56,  62,  63,  65,  69,  70,  71,  72,
     73,   4,   5,  39,  46,  49,  50,  53,   4,   5,  33,  39,  46,  49,  51,  52,
     56,  58,  62,  65,  67,  70,  71,  72,   4,  46,  49,  54,  56,  62,  70,  71,
     46,  56,   4,  39,  46,  49,  56,  58,  62,  65,  71,  72,  73,  74,   4,  49,
     33,  66,  68,   1,  51,  55,
};

static const int8_t notosans_16_regularKernSparseValues[] = {
     -37,   11,   11,    5,  -21,  -32,  -16,  -16,  -16,  -43,   37,   11,  -16,   11,  -37,  -32,
      11,   -5,  -21,  -37,   11,  -27,   16,   11,   16,   16,   11,  -32,  -11,  -32,  -11,  -16,
      48,   21,   53,  -16,   32,  -27,  -37,  -11,  -32,  -32,  -27,   32,  -11,  -21,  -43,  -21,
     -32,  -27,  -32,  -37,  -32,  -32,  -21,  -21,  -11,   -5,   -5,  -11,  -21,  -16,   -5,   -5,
      -5,   -5,  -37,  -11,   27,  -37,  -21,  -32,   -5,  -11,  -11,  -21,  -11,  -16,   -5,  -11,
      -5,   -5,   32,   11,  -32,   11,  -11,  -43,  -11,  -11,   -5,  -11,  -16,   -5,  -69,  -27,
     -11,   -5,  -11,  -16,   -5,  -11,  -32,  -21,   11,  -37,  -11,   11,  -43,  -37,  -37,  -27,
     -32,  -11,  -21,  -32,  -16,  -11,   -5,  -27,   11,  -21,   -5,  -11,  -11,   -5,   -5,   -5,
     -16,   -5,  -16,  -32,   11,  -32,  -11,  -27,  -27,  -27,  -16,  -21,  -11,  -43,  -16,   -5,
     -11,   51,   -5,   -5,  -11,   -5,   11,   32,   21,  -11,   21,  -85,  -11,  -11,   -5,   21,
     -21,   11,  -11,   27,  -11,   -5,  -16,  -16,   -5,  -16,  -16,   -5,   -5,  -32,  -16,  -11,
     -43,  -32,  -11,  -11,  -11,  -21,   53,  -21,  -16,  -21,   27,  -37,  -11,   59,  -37,  -21,
     -32,   27,   27,   48,   48,   16,   37,   37,   27,   69,   27,   37,   59,   64,   59,   37,
     -11,   11,   32,   37,   27,   32,   11,   21,   27,  -16,   -5,   11,   37,   37,   27,   32,
     -16,  -11,  -11,   11,   27,   27,   27,  -37,  -27,  -11,  -16,  -11,  -11,  -11,  -11,  -21,
     -32,  -27,  -11,  -16,   11,  -27,  -21,  -16,  -16,   11,  -11,  -13,  -37,  -13,  -19,  -21,
     -11,  -16,  -21,  -21,   -5,   -5,  -16,   -5,  -11,  -16,  -21,  -11,    5,  -11,  -11,  -16,
     -11,  -11,  -11,  -11,   -5,  -48,   -5,  -32,  -11,  -16,  -11,  -11,  -11,  -11,  -16,  -32,
      11,   -5,   -5,  -11,  -11,  -21,   -5,   -5,  -11,  -11,   -5,   -5,  -11,  -11,  -27,   11,
     -37,  -11,   -5,  -27,  -11,  -21,  -11,  -48,  -64,  -53,  -16,  -16,  -27,  -21,   -5,  -53,
     -32,  -16,  -11,  -27,  -11,  -27,   27,  -16,   -5,  -11,  -16,  -27,  -37,   -5,  -37,  -11,
      27,  -16,  -19,  -32,   -5,  -16,  -11,  -16,  -11,  -21,  -27,  -32,  -27,   -5,  -21,   -5,
      -5,  -13,   -5,   -8,   -5,   16,   48,   16,   21,   -5,  -13,   16,   16,   -5,   16,  -11,
      37,  -21,  -11,   -5,  -21,  -11,   -5,  -11,   -5,   -5,   -8,   -5,   -5,   -5,   -5,   -5,
     -11,  -69,   -5,   -5,  -11,   -5,  -32,  -11,  -27,  -32,  -11,   -5,  -13,  -27,   -5,  -21,
      -5,  -32,   -5,  -16,  -21,   -5,  -19,   -5,  -13,  -16,  -19,  -16,  -21,  -16,   -5,  -13,
      -8,   -8,   -5,  -11,   -5,  -21,  -21,  -11,   -5,   -5,  -32,  -21,   -5,  -16,  -11,   -5,
     -11,   -5,  -16,   -5,   -5,   -5,  -16,   -5,   -5,   -5,  -11,   -5,   -5,   16,  -21,  -11,
     -11,  -16,  -16,   -5,  -21,   -5,  -16,   21,   -5,   11,  -16,   53,   11,   16,   -8,   11,
      13,   -8,  -16,   32,  -21,  -21,   -5,  -11,  -11,   -5,  -11,   -5,  -16,   -5,   -5,   -5,
      -5,   -8,   -5,   -8,   -5,  -11,  -11,  -11,   -5,  -11,   16,  -16,   -3,   11,  -11,   -5,
      -5,   11,  -21,  -11,  -11,  -16,   -5,   -5,  -27,  -16,  -27,  -16,   21,  -43,   -5,  -32,
     -11,   -5,   -5,   -5,  -37,  -11,  -11,  -32,  -24,  -21,  -11,  -11,  -16,  -11,  -16,   -5,
     -21,   43,  -16,  -27,   11,  -11,  -16,   -5,  -11,   16,   11,   16,    5,   16,   11,   -5,
     -21,   21,  -16,  -27,  -21,  -11,  -21,  -21,  -21,  -11,  -16,  -11,  -16,  -37,  -11,  -27,
     -16,  -16,  -11,  -11,  -11,  -21,   -5,   -5,  -32,  -21,  -32,  -16,   11,  -11,  -21,  -37,
     -27,  -19,  -37,  -32,  -11,  -11,  -21,  -21,  -27,  -11,  -11,  -27,  -21,  -27,  -37,  -27,
     -43,  -27,  -11,  -16,   -5,  -21,   -5,  -16,  -27,  -11,   11,  -32,  -21,  -27,  -11,  -11,
     -27,   11,  -11,  -16,   11,  -11,  -16,  -21,  -16,  -11,  -16,  -11,  -27,  -11,  -27,  -11,
      -5,   -5,  -32,  -32,  -27,  -27,  -21,   11,  -11,  -16,  -21,  -21,  -21,   -5,  -21,   -5,
     -11,   -5,   -5,   -5,  -11,   -5,
};

static const EpdLigaturePair notosans_16_regularLigaturePairs[] = {
    { 0x00660066, 0xFB00 }, // f f -> U+FB00
    { 0x00660069, 0xFB01 }, // f i -> U+FB01
    { 0x0066006C, 0xFB02 }, // f l -> U+FB02
    { 0xFB000069, 0xFB03 }, // U+FB00 i -> U+FB03
    { 0xFB00006C, 0xFB04 }, // U+FB00 l -> U+FB04
};

static const EpdFontData notosans_16_regular = {
    notosans_16_regularBitmaps,
    notosans_16_regularGlyphs,
    notosans_16_regularIntervals,
    18,
    45,
    36,
    -10,
    true,
    notosans_16_regularGroups,
    13,
    nullptr,
    nullptr,  // kernLeftClasses: built-in fonts use the split arrays below
    nullptr,  // kernRightClasses
    notosans_16_regularKernLeftCodepoints,
    notosans_16_regularKernLeftClassIds,
    notosans_16_regularKernRightCodepoints,
    notosans_16_regularKernRightClassIds,
    nullptr,  // kernMatrix: built-in fonts use the sparse form below
    notosans_16_regularKernRowOffsets,
    notosans_16_regularKernSparseCols,
    notosans_16_regularKernSparseValues,
    478,
    474,
    87,
    76,
    notosans_16_regularLigaturePairs,
    5,
};
