/**
 * generated by fontconvert.py
 * name: notosans_12_italic
 * size: 12
 * mode: 2-bit  compressed: true
 * Command used: fontconvert.py notosans_12_italic 12 ../builtinFonts/source/AtkinsonHyperlegibleNext/AtkinsonHyperlegibleNext-RegularItalic.otf ../builtinFonts/source/NotoSansHebrew/NotoSansHebrew-Regular.ttf ../builtinFonts/source/NotoSansArabic/NotoSansArabic-Regular.ttf --2bit --compress --pnum --zopfli
 */
#pragma once
#include "EpdFontData.h"

static const uint8_t notosans_12_italicBitmaps[8654] = {
    0x95, 0x97, 0x3F, 0xEC, 0xE5, 0xC6, 0x56, 0xC7, 0x3F, 0xF6, 0x48, 0x4C, 0x84, 0x05, 0x93, 0x32,
    0x12, 0x0F, 0xA6, 0xA5, 0xE1, 0x67, 0x0A, 0x8A, 0x2D, 0x6C, 0x8F, 0x49, 0x7A, 0x85, 0xBE, 0x4A,
    0xDF, 0x3C, 0x8A, 0x95, 0x48, 0xE1, 0xDF, 0x5E, 0x47, 0xAF, 0xA4, 0x78, 0xF4, 0x0D, 0xF4, 0xD5,
    0x16, 0x11, 0x5A, 0xA4, 0xBB, 0x7B, 0x27, 0xD9, 0x22, 0x45, 0x0A, 0x06, 0x5E, 0x09, 0xD2, 0x1A,
    0x04, 0x15, 0xC5, 0x1E, 0x14, 0x4B, 0x31, 0x89, 0xEF, 0x1D, 0x3C, 0x73, 0xAD, 0x9F, 0xEE, 0xFE,
    0x03, 0xBD, 0xEB, 0xF9, 0x9E, 0x6B, 0xD9, 0x67, 0xCE, 0x9C, 0x39, 0x7F, 0xC7, 0x1C, 0x59, 0x59,
    0x98, 0x0B, 0x29, 0xA5, 0x9C, 0x94, 0xCF, 0x57, 0xAF, 0x01, 0x70, 0x38, 0xEE, 0x68, 0x86, 0xE6,
    0xEB, 0x47, 0xF2, 0x58, 0x9E, 0x4E, 0x5F, 0x8C, 0x14, 0xD2, 0x80, 0x0A, 0xCF, 0x40, 0x79, 0x81,
    0xEA, 0x2B, 0x41, 0xC5, 0x18, 0xAF, 0x84, 0x3B, 0xED, 0xA1, 0x35, 0x3D, 0x34, 0x06, 0x18, 0x2C,
    0x30, 0xDF, 0x81, 0x8B, 0x51, 0x38, 0x24, 0xA2, 0xC2, 0x7C, 0x33, 0x15, 0xA3, 0x02, 0xC0, 0x23,
    0xE0, 0xCF, 0xC0, 0x5C, 0xE0, 0x14, 0x43, 0xB9, 0xFC, 0x28, 0x2A, 0x4C, 0xA2, 0x7D, 0x40, 0x7F,
    0xE3, 0x51, 0x3F, 0x79, 0x88, 0x01, 0xEA, 0x0B, 0xA8, 0xE8, 0xD1, 0x26, 0x50, 0xA9, 0xE9, 0x93,
    0xDF, 0x57, 0xA1, 0xFD, 0x3D, 0xED, 0xDD, 0xBF, 0xD6, 0xA3, 0x89, 0x17, 0xCA, 0x38, 0x3D, 0x88,
    0xD2, 0x2B, 0x1C, 0xA9, 0x63, 0x5F, 0x0A, 0x6D, 0xE5, 0xB5, 0xE7, 0x99, 0x0A, 0x16, 0xE6, 0x32,
    0xB4, 0xA4, 0xFB, 0x19, 0xDA, 0xEA, 0xE5, 0x04, 0x75, 0xFC, 0x7C, 0x4C, 0xFC, 0xCE, 0xCC, 0xC0,
    0x7A, 0xB8, 0x40, 0x29, 0x8B, 0x65, 0x5B, 0x5A, 0xAA, 0x11, 0x5B, 0x4E, 0xDA, 0x73, 0x5F, 0xA4,
    0xFB, 0x99, 0xC5, 0xA2, 0x02, 0x1B, 0x8F, 0x19, 0x49, 0xFC, 0xFA, 0x02, 0x36, 0x7A, 0x5A, 0xED,
    0x19, 0x54, 0xD8, 0xE0, 0x69, 0x8D, 0xA7, 0x8E, 0x70, 0x5A, 0xD0, 0x31, 0x34, 0xF5, 0xA7, 0x32,
    0x0C, 0xAC, 0xCB, 0x11, 0x27, 0x0B, 0xF5, 0xB4, 0x62, 0xFC, 0x89, 0x53, 0x70, 0xF1, 0x27, 0xD1,
    0x71, 0x5C, 0x9B, 0xE6, 0xD1, 0xE3, 0xA7, 0x5F, 0x60, 0xA1, 0x85, 0x85, 0x32, 0xD9, 0x88, 0xCA,
    0x63, 0xC0, 0x42, 0x07, 0x0D, 0x0C, 0x70, 0x84, 0x67, 0xB0, 0xC0, 0x9C, 0xC7, 0xB3, 0x3C, 0x06,
    0x68, 0xF2, 0xE8, 0x80, 0x16, 0xEE, 0xC0, 0x82, 0xB9, 0x8E, 0xFE, 0x66, 0xB0, 0x8F, 0x1A, 0x5A,
    0x68, 0xE0, 0x08, 0x92, 0xD7, 0xF2, 0xE9, 0xBD, 0x83, 0x01, 0x10, 0x10, 0xBE, 0x9C, 0x38, 0x44,
    0xAF, 0xFF, 0x07, 0x23, 0x34, 0x8F, 0xF9, 0xD3, 0x47, 0x00, 0x68, 0x0F, 0xD5, 0x98, 0xA5, 0x62,
    0xC8, 0x38, 0xC5, 0xE8, 0xE3, 0x06, 0x5A, 0xA0, 0xD9, 0x31, 0x90, 0x15, 0x63, 0x06, 0x70, 0xF9,
    0xFA, 0x05, 0x8F, 0x78, 0x0A, 0x00, 0x2E, 0xF6, 0x87, 0xF8, 0x10, 0x58, 0xA0, 0xC2, 0x55, 0xB2,
    0x01, 0x6A, 0xA0, 0xD9, 0x67, 0x0B, 0xA8, 0x09, 0x94, 0x07, 0x33, 0x82, 0x05, 0xDA, 0x5D, 0xF8,
    0x0C, 0x85, 0x5C, 0x5F, 0x55, 0xFB, 0xCC, 0xBB, 0x7D, 0x26, 0xE6, 0x9C, 0xB4, 0x1A, 0xCB, 0xA5,
    0x0A, 0x5A, 0x4A, 0x31, 0x0B, 0x62, 0x1B, 0xA4, 0xFB, 0x23, 0xE6, 0xD6, 0x20, 0x8D, 0xEE, 0xA5,
    0x51, 0xDF, 0xC8, 0x50, 0xFE, 0x46, 0x06, 0x7E, 0x08, 0x0D, 0x27, 0xDF, 0xE2, 0x7A, 0xDB, 0xBF,
    0xC0, 0xC4, 0x85, 0x22, 0x66, 0x81, 0xED, 0x61, 0x8D, 0x2B, 0x47, 0x16, 0x66, 0x24, 0xA5, 0x85,
    0x9A, 0x54, 0x50, 0x5E, 0xFB, 0xCA, 0x9B, 0xD1, 0xF4, 0xE8, 0x08, 0x2E, 0x06, 0x56, 0xB5, 0xBD,
    0x63, 0xE6, 0x2F, 0x58, 0x80, 0x19, 0xCA, 0x5D, 0x6D, 0xE3, 0xC1, 0x41, 0xB1, 0x82, 0x99, 0xE0,
    0x00, 0x6A, 0x01, 0xEB, 0x49, 0x29, 0xE0, 0x37, 0xB3, 0x8D, 0xD8, 0x33, 0x6C, 0xF7, 0x6A, 0xD6,
    0x9B, 0x64, 0x25, 0xF4, 0x79, 0x6E, 0xC8, 0x5C, 0x55, 0x04, 0xB3, 0x00, 0x27, 0x76, 0x7B, 0x8F,
    0x9F, 0x6C, 0x68, 0x30, 0x38, 0x0E, 0x98, 0xB8, 0x52, 0xC6, 0x00, 0xE8, 0x09, 0x6C, 0x80, 0x83,
    0x87, 0xE8, 0x51, 0xFF, 0xE5, 0x31, 0xBF, 0x1E, 0xE9, 0x4C, 0xCF, 0x6A, 0x50, 0x62, 0x31, 0xBE,
    0xC6, 0xD1, 0xA5, 0x75, 0xE7, 0x6D, 0x5D, 0x81, 0x01, 0x76, 0x75, 0x41, 0x20, 0x46, 0x29, 0x62,
    0x9C, 0x54, 0x00, 0xE5, 0x41, 0x8F, 0x60, 0x7E, 0x19, 0xB2, 0x35, 0xEA, 0x70, 0xC6, 0xE2, 0x00,
    0x0B, 0x18, 0xC0, 0xF2, 0x18, 0xC7, 0xCA, 0x3D, 0x4F, 0x8A, 0x95, 0x3A, 0x4E, 0xE8, 0xD8, 0x43,
    0x75, 0x86, 0x43, 0x1C, 0x8B, 0xC5, 0x78, 0x35, 0x95, 0x0F, 0x5E, 0xA9, 0x9D, 0xE0, 0xE2, 0x19,
    0x17, 0x0E, 0x38, 0x6C, 0x3F, 0x60, 0xC6, 0x0D, 0xE9, 0x9F, 0x06, 0x87, 0xEB, 0x57, 0x4C, 0x14,
    0xCA, 0x38, 0x52, 0xC7, 0xE8, 0xDD, 0x06, 0x30, 0x3D, 0x38, 0xE0, 0x08, 0xCC, 0xA0, 0x04, 0xAA,
    0x37, 0x1F, 0x17, 0x37, 0x8F, 0xED, 0xFE, 0x78, 0x05, 0xA8, 0x16, 0x70, 0x11, 0x56, 0xDB, 0xA7,
    0x6C, 0x2D, 0xA7, 0x04, 0xD3, 0x33, 0x3B, 0x8A, 0xB8, 0x62, 0x36, 0xB8, 0xFE, 0x40, 0xD2, 0x61,
    0xC5, 0x8C, 0xCB, 0x86, 0x15, 0xCB, 0x81, 0x17, 0xD8, 0xDD, 0xA6, 0x9C, 0x26, 0x54, 0xE2, 0xFD,
    0xCF, 0x0B, 0x8E, 0x3A, 0xF3, 0x1E, 0x37, 0x2C, 0xF9, 0xDF, 0x32, 0xD0, 0xE1, 0xBE, 0x4A, 0xB2,
    0x66, 0xCA, 0xF8, 0xE0, 0x6A, 0x58, 0xAF, 0x3A, 0x19, 0x0F, 0xE5, 0xA4, 0x44, 0x09, 0x37, 0xBF,
    0x3D, 0xDE, 0x3F, 0xF8, 0xE6, 0x8D, 0x14, 0xF9, 0x4B, 0xA8, 0x84, 0x22, 0x06, 0xEA, 0x25, 0xDB,
    0xD7, 0x4D, 0xE0, 0xC6, 0x3D, 0x24, 0xB2, 0x89, 0xCE, 0x7B, 0x6C, 0xFC, 0x2E, 0x26, 0xC6, 0x75,
    0xC3, 0xF2, 0x86, 0xC4, 0x18, 0x65, 0xC3, 0xA4, 0x46, 0x50, 0x0B, 0xD9, 0xBE, 0xD8, 0x05, 0x8A,
    0x74, 0x63, 0x04, 0x6A, 0x49, 0x82, 0x8B, 0x38, 0x51, 0x9F, 0xAF, 0xB2, 0x1F, 0x93, 0xF9, 0x6C,
    0x94, 0x27, 0xC5, 0xB2, 0x72, 0xFC, 0x98, 0x23, 0x2C, 0x28, 0xC1, 0xF9, 0xE2, 0x92, 0xFE, 0x4D,
    0xAE, 0x13, 0x00, 0xD0, 0xC1, 0x01, 0x5A, 0xA0, 0x8A, 0x1E, 0x4E, 0x71, 0x41, 0xCD, 0x38, 0xCC,
    0x48, 0x35, 0xDE, 0x95, 0xF1, 0x33, 0xDF, 0x98, 0xF8, 0xCD, 0xF4, 0x75, 0xAB, 0xBC, 0xC8, 0x33,
    0x3D, 0x8A, 0x88, 0x61, 0xDA, 0x48, 0xE9, 0x65, 0xA9, 0xB5, 0x97, 0x43, 0x8C, 0x7C, 0x6D, 0xFF,
    0x79, 0xA5, 0x01, 0xB0, 0x00, 0xD5, 0x7F, 0x7C, 0x02, 0xC4, 0x35, 0x6D, 0xEB, 0xEF, 0x00, 0xAA,
    0x09, 0x30, 0x02, 0x38, 0x01, 0xEE, 0x05, 0x58, 0x04, 0x4A, 0x99, 0x41, 0x85, 0x05, 0x2A, 0xBF,
    0x80, 0xE1, 0x08, 0x8E, 0x01, 0x86, 0x44, 0x62, 0x76, 0x64, 0x3C, 0xA3, 0x02, 0x1D, 0xC6, 0xE7,
    0xC8, 0xA3, 0xC6, 0x41, 0x0D, 0x31, 0x8E, 0x39, 0xE2, 0xA5, 0x58, 0x4B, 0xE1, 0xA8, 0xA6, 0x5C,
    0xB3, 0x57, 0xED, 0xCB, 0xB9, 0x8A, 0x31, 0x98, 0xED, 0xBD, 0x19, 0xAB, 0xC9, 0xF4, 0xA5, 0x58,
    0x0A, 0xA9, 0x37, 0x38, 0x94, 0x74, 0xD8, 0xE0, 0xB6, 0x77, 0x87, 0x78, 0x86, 0x2A, 0xF6, 0x1C,
    0xA2, 0x94, 0xE7, 0x72, 0xD5, 0xC2, 0x60, 0x3C, 0x1F, 0xD7, 0x80, 0x03, 0xEE, 0x81, 0xE3, 0x0D,
    0x06, 0xA0, 0x83, 0x3E, 0xC9, 0x30, 0x93, 0xF5, 0x3A, 0xC6, 0x9E, 0xD3, 0x02, 0x49, 0x0E, 0x31,
    0x4E, 0x14, 0xF2, 0x07, 0x2B, 0xA5, 0x70, 0xCE, 0xA6, 0x46, 0x05, 0x6A, 0xB4, 0xC7, 0x52, 0x25,
    0x62, 0x3C, 0x35, 0x66, 0xC4, 0x5D, 0x4B, 0xB4, 0x85, 0x7B, 0x6A, 0x58, 0x13, 0xE7, 0x4C, 0x47,
    0x1D, 0x70, 0x31, 0xAB, 0x33, 0x67, 0x79, 0xE7, 0x0D, 0x6B, 0x21, 0x0F, 0x85, 0xE8, 0xA1, 0xBC,
    0x56, 0xF1, 0x82, 0x89, 0x67, 0xCC, 0x5E, 0xC0, 0x2D, 0xB0, 0x2B, 0x4D, 0x07, 0x59, 0x4A, 0xF2,
    0x49, 0x9A, 0xFF, 0x61, 0x19, 0xD9, 0x40, 0xFE, 0x43, 0x32, 0xF6, 0xFA, 0x7C, 0x35, 0xD0, 0x29,
    0x8A, 0xDA, 0x0C, 0x54, 0x09, 0x5D, 0x32, 0x90, 0x7B, 0xC3, 0x40, 0xF1, 0xB2, 0xE1, 0x7C, 0x84,
    0x61, 0x80, 0xB5, 0xDB, 0xE0, 0x50, 0x8B, 0x0D, 0xF5, 0xAC, 0xE3, 0x59, 0x88, 0x93, 0xB0, 0xA0,
    0x26, 0x66, 0x54, 0x28, 0x04, 0xED, 0x4B, 0xA1, 0xF2, 0x6A, 0xC2, 0x78, 0x15, 0x30, 0xA3, 0x4E,
    0xA1, 0x58, 0xC5, 0x18, 0x31, 0x99, 0xEC, 0x06, 0xEA, 0xB0, 0xD0, 0x52, 0xC3, 0x11, 0x07, 0x2B,
    0x49, 0x32, 0x2D, 0xCC, 0x0C, 0x20, 0x94, 0x71, 0x29, 0xE3, 0x8C, 0x83, 0x0E, 0xDA, 0xBD, 0xA7,
    0xB2, 0xEE, 0x3D, 0xB5, 0xB8, 0x76, 0xC3, 0x6D, 0x4C, 0xA8, 0xC0, 0xE9, 0x4C, 0x3C, 0xB3, 0x5B,
    0xE1, 0x6D, 0x4B, 0x78, 0x30, 0x9E, 0xB7, 0xAC, 0xF9, 0x11, 0x8E, 0x96, 0x96, 0x8E, 0x23, 0xF5,
    0xA7, 0xCB, 0x5E, 0xDA, 0x7A, 0x58, 0x70, 0x23, 0x33, 0x67, 0x0A, 0x51, 0x33, 0xA5, 0x98, 0x80,
    0x12, 0x97, 0xC4, 0xAD, 0xA0, 0xBF, 0x13, 0xA8, 0x5E, 0x79, 0x32, 0x3F, 0xE6, 0x92, 0xC8, 0xB4,
    0x82, 0x1D, 0x9F, 0x43, 0x8D, 0x03, 0x47, 0xDD, 0x5F, 0x63, 0xB9, 0x45, 0x07, 0x06, 0x94, 0x3C,
    0x94, 0xF0, 0x07, 0x47, 0xC9, 0x87, 0xD5, 0xFB, 0xB0, 0xB3, 0xE1, 0xE0, 0x89, 0x10, 0xC7, 0x22,
    0x52, 0xC4, 0x7E, 0x53, 0x57, 0xBD, 0x46, 0xBD, 0xEE, 0xF5, 0x46, 0xFF, 0x65, 0x34, 0x07, 0xF4,
    0xF7, 0x63, 0xDD, 0x51, 0x7D, 0xE7, 0x9B, 0x16, 0xF3, 0xD2, 0x1F, 0x07, 0xCC, 0xAF, 0xBC, 0x1C,
    0x31, 0x9F, 0x7D, 0x3B, 0xAD, 0x58, 0xF5, 0xD2, 0x2F, 0xD4, 0xEA, 0xD5, 0x38, 0xE3, 0xCA, 0xD7,
    0x85, 0xD0, 0x6D, 0x69, 0x21, 0xB4, 0xC5, 0xAA, 0x84, 0x81, 0x59, 0x4D, 0x70, 0x61, 0xA3, 0x31,
    0xB9, 0x32, 0x26, 0x57, 0xC6, 0xB1, 0xF2, 0x5B, 0xA3, 0x32, 0x5E, 0xFD, 0xC6, 0x9B, 0x51, 0xBF,
    0x9C, 0x4C, 0x5F, 0x7D, 0x93, 0x3B, 0xD5, 0x9C, 0x62, 0x7D, 0x4D, 0xAE, 0x1C, 0x3A, 0x2C, 0x6D,
    0x43, 0x8D, 0x1B, 0x70, 0xD8, 0x23, 0x1D, 0x66, 0xA1, 0xC5, 0xCC, 0x0C, 0x68, 0xB9, 0xC6, 0x18,
    0x87, 0x64, 0xE1, 0xB3, 0x5E, 0xD3, 0x93, 0x27, 0xD7, 0x5C, 0xAF, 0x77, 0x9B, 0xD9, 0xFE, 0x3E,
    0x91, 0x23, 0x58, 0x8E, 0x50, 0x3F, 0x14, 0x89, 0x7B, 0xBA, 0x3D, 0x81, 0x04, 0x33, 0xD5, 0x81,
    0x9C, 0x93, 0x9C, 0x66, 0x6E, 0xAA, 0x43, 0xB9, 0x57, 0x07, 0xEE, 0x55, 0x60, 0xD0, 0x9E, 0xB5,
    0xF2, 0x7A, 0x36, 0x31, 0x4E, 0x1B, 0xFA, 0x0F, 0x07, 0x3F, 0xBF, 0x85, 0x62, 0x4F, 0x2D, 0xC7,
    0x62, 0x4D, 0x8A, 0xBD, 0x48, 0x8A, 0xB9, 0xE7, 0x74, 0x98, 0x3D, 0xB3, 0x37, 0xC5, 0xD6, 0xA4,
    0xD8, 0x8B, 0xA4, 0x58, 0x0D, 0xF0, 0x11, 0xBB, 0x76, 0xF3, 0xAE, 0xDD, 0xBD, 0x12, 0x3A, 0x15,
    0x68, 0xB5, 0xE7, 0x58, 0xF9, 0x72, 0x31, 0x31, 0x4A, 0xD6, 0xEE, 0x33, 0xC1, 0xB2, 0x50, 0x93,
    0x84, 0x75, 0x74, 0x38, 0xDA, 0x6B, 0xE7, 0xF5, 0x98, 0x0B, 0xC4, 0x74, 0xBE, 0xAE, 0x44, 0x05,
    0x44, 0x7B, 0xD0, 0x01, 0xD4, 0x0A, 0xC4, 0x09, 0xEC, 0x85, 0xFD, 0x10, 0x94, 0x9E, 0x4E, 0xBF,
    0xD8, 0xD0, 0xA1, 0xBD, 0x0B, 0xD7, 0xF3, 0x75, 0xEA, 0x18, 0x31, 0x46, 0x49, 0x78, 0xEF, 0xF6,
    0x8F, 0xC0, 0x0A, 0x2C, 0x80, 0x7C, 0x38, 0x79, 0xAE, 0xE9, 0x2D, 0xA8, 0x50, 0x0A, 0xDA, 0xAB,
    0x77, 0xD3, 0x3B, 0xB1, 0xD5, 0x57, 0xCB, 0x99, 0x91, 0x2E, 0x91, 0x16, 0xD3, 0x33, 0xA4, 0xBB,
    0x15, 0xE3, 0xCB, 0x99, 0x6A, 0xB6, 0x82, 0x8A, 0xD1, 0xC3, 0xE1, 0x0C, 0x47, 0x58, 0x52, 0x6E,
    0x34, 0xA8, 0xD0, 0x62, 0x7C, 0x87, 0xED, 0x3B, 0x1C, 0x8E, 0x21, 0x1B, 0xA3, 0x2E, 0x04, 0x9B,
    0x56, 0xA9, 0x3C, 0xE6, 0xF3, 0x11, 0xF3, 0x4B, 0x30, 0xCF, 0xC1, 0xAC, 0x50, 0xCD, 0xA0, 0x05,
    0x06, 0x1C, 0x95, 0x4F, 0x34, 0x19, 0xEC, 0x84, 0x65, 0x20, 0xF6, 0x8E, 0xA6, 0x8C, 0xFD, 0x40,
    0xA3, 0x5E, 0xF5, 0x2B, 0x8D, 0xFE, 0xC7, 0x7E, 0xA6, 0x31, 0x9F, 0x7F, 0x2A, 0x34, 0xB6, 0xFA,
    0x55, 0xA0, 0xE9, 0xAA, 0xBF, 0xF6, 0x34, 0x4D, 0xF5, 0xEB, 0x91, 0x66, 0xA9, 0xFE, 0x16, 0x5A,
    0xA9, 0x2E, 0xE0, 0x26, 0xBD, 0x82, 0xF3, 0x3B, 0x15, 0x70, 0x24, 0x8A, 0x23, 0xE9, 0xD3, 0xE7,
    0xAE, 0x6A, 0x3C, 0x55, 0x70, 0xA0, 0xE4, 0x0C, 0xE5, 0x8F, 0x33, 0x10, 0x03, 0x70, 0x1A, 0x13,
    0x81, 0x94, 0x97, 0xA0, 0xB3, 0x53, 0xBE, 0x0F, 0xE0, 0x94, 0xC0, 0x5A, 0xCE, 0x28, 0xC9, 0x86,
    0xE0, 0x39, 0xAE, 0xC7, 0xB1, 0xA2, 0xE6, 0x7B, 0xAA, 0xC9, 0x61, 0x7D, 0x9D, 0x37, 0xB0, 0x62,
    0xBE, 0x9D, 0xD1, 0xDF, 0x4D, 0xA8, 0xE8, 0x37, 0x00, 0x2B, 0xBC, 0x71, 0x56, 0x7D, 0xAB, 0x72,
    0xE4, 0x13, 0x3D, 0x31, 0x11, 0x70, 0xEC, 0x13, 0xD4, 0x0C, 0x98, 0x00, 0xB8, 0x1E, 0x38, 0xEF,
    0x8F, 0xA8, 0x26, 0xA0, 0x1E, 0x81, 0x17, 0x40, 0xB9, 0x00, 0x95, 0x00, 0xD6, 0xEF, 0x87, 0x90,
    0x2B, 0xC1, 0x2D, 0xB8, 0x99, 0x06, 0x06, 0x78, 0x06, 0x33, 0x08, 0x08, 0xE5, 0x5E, 0x6A, 0x51,
    0x1E, 0xED, 0x49, 0x5E, 0x19, 0x31, 0xA4, 0x61, 0xE1, 0x0E, 0x5A, 0xD2, 0x3C, 0x27, 0x34, 0xF9,
    0x6A, 0xF9, 0x13, 0xEE, 0xB0, 0x18, 0xF6, 0xAB, 0x37, 0x7D, 0x35, 0xEA, 0x51, 0x7B, 0xB5, 0x5F,
    0x38, 0x49, 0x23, 0x55, 0xF2, 0x5D, 0x30, 0xBB, 0xEC, 0xF1, 0xE1, 0x1B, 0x88, 0x1A, 0x3A, 0x68,
    0x6F, 0xBE, 0xAA, 0x16, 0xC8, 0xCB, 0x9C, 0x04, 0x74, 0xC0, 0x4C, 0x38, 0xE1, 0x28, 0xCC, 0x8B,
    0x9A, 0x06, 0xE3, 0x1B, 0x4B, 0xDB, 0x52, 0x9F, 0x52, 0xD8, 0x0B, 0xAC, 0x39, 0x44, 0x8A, 0xE9,
    0xE1, 0xA4, 0xE8, 0x3B, 0x4A, 0x2C, 0x70, 0x47, 0x71, 0xBA, 0xB6, 0x59, 0xD7, 0x37, 0xAC, 0x0C,
    0x2C, 0xAC, 0xAC, 0x6A, 0xE5, 0x10, 0x9F, 0x61, 0x97, 0xEB, 0xDE, 0x91, 0x9B, 0xAA, 0x1D, 0x40,
    0x7D, 0xB7, 0xA2, 0x5E, 0xC7, 0x5E, 0xCF, 0xC6, 0x57, 0x41, 0xFB, 0x94, 0x04, 0x86, 0x0C, 0x5F,
    0xA7, 0xDC, 0xC3, 0x6C, 0xB0, 0x38, 0xFF, 0x84, 0x27, 0x71, 0xE1, 0xEB, 0x43, 0x20, 0xEF, 0x32,
    0xAE, 0xE8, 0x29, 0xF9, 0xF9, 0x23, 0x6A, 0xA0, 0x05, 0x9A, 0x1B, 0x74, 0x7C, 0x4C, 0x7D, 0x73,
    0xC2, 0x06, 0x8E, 0xC0, 0xC2, 0xAD, 0x16, 0x87, 0x7F, 0x97, 0x22, 0xFE, 0x3C, 0x6D, 0x72, 0x82,
    0x19, 0x8D, 0xAF, 0xD3, 0x6E, 0x36, 0xA4, 0x54, 0x6B, 0x30, 0x34, 0xD4, 0xE4, 0x14, 0xFA, 0xF3,
    0xDC, 0x6A, 0x51, 0x97, 0x6E, 0x5F, 0xFB, 0x8C, 0x9E, 0xEA, 0xEC, 0x82, 0xAC, 0x63, 0x8C, 0x09,
    0xE3, 0xC3, 0xDA, 0x80, 0x1D, 0x87, 0xFD, 0x9B, 0x2A, 0xA4, 0x60, 0x2E, 0x62, 0xAF, 0x64, 0x77,
    0xCA, 0xE9, 0xCC, 0x69, 0xC5, 0xF4, 0x6F, 0x7B, 0xBB, 0xE1, 0x8D, 0x28, 0xE1, 0xF0, 0x4F, 0x53,
    0x19, 0x7F, 0x0E, 0xD5, 0xE4, 0xFC, 0x8D, 0x76, 0xE3, 0xAE, 0x1D, 0x2D, 0x35, 0x8E, 0x03, 0xF6,
    0xAB, 0xAB, 0xD5, 0x8B, 0x7F, 0x68, 0x80, 0x81, 0x3F, 0x66, 0xE1, 0xC9, 0x67, 0x42, 0x1D, 0x3D,
    0xBF, 0x73, 0xE1, 0xFF, 0xB2, 0x3A, 0x7A, 0xB6, 0x7D, 0x95, 0xA4, 0x8F, 0xA6, 0xCF, 0x17, 0x06,
    0x8B, 0xA5, 0xA3, 0xA6, 0xA5, 0xCB, 0x61, 0x37, 0xD0, 0x70, 0x64, 0x40, 0x05, 0x25, 0x69, 0x2E,
    0x38, 0x7F, 0x48, 0xFC, 0xD8, 0x6C, 0x9F, 0x96, 0x86, 0x61, 0xFF, 0x5C, 0x24, 0x61, 0x85, 0x05,
    0x00, 0xDE, 0x8D, 0xF0, 0x7D, 0xDB, 0xF6, 0x9D, 0x40, 0x5C, 0x38, 0x08, 0x31, 0xBC, 0xAB, 0xED,
    0x44, 0x8A, 0x84, 0x5E, 0xF9, 0xE7, 0xE8, 0x6F, 0x85, 0x54, 0x6A, 0x72, 0xE9, 0x5A, 0xC1, 0x5C,
    0xC0, 0xBE, 0x06, 0x97, 0xCA, 0x63, 0xE5, 0x69, 0xD4, 0xC4, 0x50, 0x4A, 0xD6, 0x05, 0xE1, 0x9D,
    0x2F, 0xD7, 0x5B, 0x8D, 0x9D, 0xAF, 0xBD, 0xFA, 0x7E, 0x31, 0x33, 0x3A, 0xC6, 0xC3, 0x99, 0x4A,
    0x9C, 0xB8, 0x5C, 0x8F, 0x6A, 0x12, 0x6F, 0x4D, 0xE6, 0xCE, 0x68, 0xF3, 0xAC, 0x66, 0x9F, 0x99,
    0x30, 0x64, 0x3C, 0xCB, 0xFB, 0x9E, 0xF3, 0x7A, 0x92, 0x6C, 0x9A, 0x64, 0xA5, 0xBA, 0xDC, 0x1B,
    0x6F, 0xFA, 0xEB, 0x8A, 0xA6, 0xB7, 0x18, 0xEA, 0x37, 0x6C, 0xDA, 0xB0, 0xDB, 0xF4, 0x26, 0x9A,
    0x1C, 0xC9, 0x0B, 0x35, 0x95, 0x6F, 0xD1, 0xBE, 0xA1, 0xDA, 0x60, 0xC6, 0x0D, 0x74, 0x38, 0xEC,
    0x1E, 0xC9, 0x45, 0x1C, 0xE1, 0xBF, 0x23, 0xC5, 0xCF, 0x31, 0x94, 0x67, 0x25, 0x6A, 0x2E, 0x44,
    0x09, 0xB3, 0xF2, 0xCC, 0xDA, 0x23, 0x95, 0x2F, 0xC4, 0x78, 0xB5, 0x41, 0x7B, 0x23, 0x76, 0xB4,
    0xA7, 0x0B, 0xB5, 0x9D, 0xE9, 0x6E, 0x32, 0x64, 0x00, 0x38, 0x4C, 0x53, 0x19, 0x7F, 0xFA, 0x40,
    0x6C, 0xDD, 0x46, 0xFE, 0x35, 0xB6, 0xD4, 0x65, 0x9F, 0xC9, 0x3D, 0xE0, 0x04, 0x6C, 0x00, 0xD4,
    0xCB, 0x49, 0xBF, 0x0A, 0xD5, 0xA5, 0x37, 0xFB, 0x07, 0x12, 0xF6, 0x7D, 0x15, 0x86, 0x18, 0x74,
    0x5C, 0x4C, 0x7F, 0xB4, 0x7C, 0x6C, 0x46, 0xAA, 0x94, 0x15, 0x9E, 0x4A, 0x60, 0xFE, 0x92, 0xF9,
    0x79, 0x21, 0x2E, 0x31, 0x00, 0x65, 0x76, 0xD7, 0xE1, 0x72, 0x38, 0xBF, 0xED, 0xAE, 0x06, 0x17,
    0x6A, 0xAF, 0xFC, 0xD5, 0x99, 0x7B, 0xC8, 0xDE, 0x04, 0x6C, 0x9D, 0x39, 0x13, 0xAF, 0x63, 0xA5,
    0x56, 0xC9, 0x5C, 0x47, 0xF4, 0xFA, 0x25, 0x03, 0xED, 0xC0, 0xB1, 0x61, 0x6E, 0x4A, 0x69, 0x95,
    0x6F, 0x2B, 0x7F, 0x67, 0xA8, 0x3B, 0x6C, 0x83, 0x99, 0x49, 0x8A, 0x07, 0x8C, 0x4F, 0x71, 0x53,
    0xF9, 0x41, 0x89, 0xE9, 0x1B, 0x2D, 0x96, 0xC6, 0x48, 0x4B, 0xF3, 0x87, 0x4F, 0x1B, 0x9A, 0xE6,
    0xE9, 0x42, 0xF3, 0xE8, 0xA9, 0xD0, 0x3C, 0xFD, 0xFB, 0x89, 0x76, 0xFA, 0x2B, 0x9F, 0x13, 0x20,
    0x11, 0xA8, 0xFB, 0x44, 0x68, 0x80, 0x99, 0x25, 0x1F, 0x9A, 0x1A, 0xE3, 0xA9, 0xDD, 0xDE, 0x58,
    0x65, 0xC3, 0x04, 0x56, 0xE0, 0x7E, 0x86, 0xE5, 0x88, 0x92, 0x16, 0x73, 0x6D, 0x51, 0xBD, 0xF6,
    0xE9, 0x32, 0xA3, 0xF2, 0x16, 0xE5, 0x3B, 0x54, 0x18, 0x50, 0xD3, 0x4C, 0xF9, 0x6F, 0x42, 0xF1,
    0x43, 0xA0, 0xF8, 0xD1, 0x43, 0xEC, 0x21, 0x02, 0xEB, 0x8E, 0x3D, 0x29, 0xA2, 0x87, 0x08, 0xF9,
    0x04, 0xB0, 0x61, 0x7C, 0xE7, 0x3B, 0xDC, 0xF5, 0xF0, 0x1C, 0xCA, 0x79, 0x57, 0x21, 0x71, 0xC4,
    0x54, 0x8C, 0x17, 0x30, 0x42, 0x3D, 0xD1, 0xF2, 0x56, 0x5B, 0x2A, 0x24, 0x89, 0x76, 0x1E, 0x07,
    0xE6, 0x7D, 0x49, 0x9B, 0xC6, 0x94, 0xC5, 0xED, 0x49, 0xFC, 0xBE, 0xC2, 0x25, 0x59, 0xD4, 0xFF,
    0xDF, 0xDE, 0xF6, 0x79, 0xB9, 0x7F, 0xFB, 0xF7, 0x77, 0x2B, 0xD3, 0xA3, 0x05, 0x33, 0xD1, 0x41,
    0xB3, 0x77, 0x2B, 0xE4, 0x0D, 0x55, 0x0F, 0x23, 0xFC, 0x4D, 0x39, 0x56, 0x17, 0xED, 0x6D, 0x8C,
    0x7D, 0x5B, 0x5D, 0x78, 0xC4, 0x17, 0xFC, 0x2F, 0xB5, 0x98, 0x01, 0xA4, 0x25, 0x59, 0x7A, 0xC7,
    0x7F, 0x55, 0xA7, 0xB3, 0x15, 0x5D, 0xE9, 0xF9, 0x86, 0x08, 0xC1, 0x4C, 0x9F, 0x20, 0x98, 0x8D,
    0xEE, 0x3E, 0xC1, 0xA0, 0x51, 0xB7, 0xCE, 0x59, 0x0B, 0x58, 0x58, 0x24, 0x00, 0xB2, 0x80, 0x00,
    0x59, 0x0C, 0x1A, 0xF5, 0xE6, 0x1E, 0x09, 0x86, 0x2C, 0x32, 0x00, 0x80, 0x09, 0xB0, 0x40, 0x1A,
    0x8B, 0x26, 0xF5, 0xF6, 0x7E, 0xB3, 0x8D, 0x06, 0xA8, 0xCC, 0x00, 0x20, 0x35, 0x0B, 0x8B, 0xC5,
    0x9C, 0x95, 0xA2, 0x4B, 0xA6, 0xEE, 0x3B, 0x39, 0x4A, 0x66, 0xFB, 0x69, 0x1B, 0x13, 0xAF, 0xFB,
    0x9D, 0xE3, 0xE7, 0xBD, 0xEB, 0x7E, 0xF5, 0xFB, 0x7F, 0xE5, 0x9C, 0x53, 0x97, 0xAA, 0x93, 0x49,
    0x75, 0x02, 0x30, 0xD1, 0x84, 0x36, 0x08, 0x82, 0xC5, 0xD1, 0x73, 0x60, 0x60, 0x64, 0x03, 0x80,
    0x5A, 0xC1, 0x44, 0x38, 0x26, 0xAA, 0x7C, 0xA6, 0xFD, 0xAD, 0x47, 0x7E, 0x76, 0x07, 0xF7, 0x0E,
    0x1C, 0xEE, 0x41, 0xF7, 0x27, 0x85, 0xF7, 0x0A, 0x1D, 0xF4, 0x8F, 0xDF, 0xC5, 0x7D, 0xB8, 0x21,
    0x39, 0x61, 0x72, 0x84, 0x19, 0x98, 0x60, 0xFF, 0x60, 0x73, 0xC2, 0xB3, 0x31, 0xD0, 0x31, 0xC2,
    0xCE, 0x00, 0xD5, 0xC5, 0xDF, 0x22, 0x39, 0x43, 0x0F, 0x3B, 0x1D, 0x30, 0x42, 0x95, 0xA0, 0xBD,
    0xFA, 0x41, 0xF0, 0x39, 0xEB, 0xE3, 0x36, 0x07, 0x80, 0xC7, 0xA7, 0x4F, 0x82, 0xCD, 0x19, 0x99,
    0x36, 0x2C, 0x9E, 0x03, 0x42, 0x87, 0xEC, 0x7F, 0x1D, 0x0E, 0xD1, 0x11, 0x9B, 0xAF, 0xE8, 0x4E,
    0x2F, 0xC2, 0xBB, 0x54, 0x78, 0xB8, 0xB4, 0xA1, 0x5A, 0x25, 0x9A, 0xD4, 0xAA, 0xA8, 0x99, 0x3C,
    0x26, 0x5D, 0x50, 0xA7, 0x15, 0x5E, 0x26, 0xC8, 0x0A, 0x47, 0xF0, 0x79, 0xE3, 0xCF, 0x7E, 0xF9,
    0x37, 0x30, 0xC0, 0x5F, 0x5D, 0x7D, 0xC6, 0x29, 0x2F, 0xB0, 0x40, 0x95, 0x00, 0x01, 0x0B, 0x8F,
    0xE0, 0x00, 0x1D, 0x74, 0x30, 0xC0, 0x33, 0x58, 0x20, 0xF1, 0xDA, 0x68, 0x94, 0x56, 0x91, 0x88,
    0xFC, 0xA1, 0xEB, 0xB0, 0x1B, 0xC5, 0x0D, 0x8B, 0x68, 0x9D, 0xBE, 0x17, 0xEA, 0x04, 0x6C, 0x50,
    0xE5, 0x80, 0x7C, 0x9D, 0x70, 0xF5, 0xC6, 0x01, 0x4F, 0x8F, 0xE0, 0xA2, 0xD0, 0x26, 0x4B, 0x7D,
    0xDE, 0xC0, 0xCF, 0x20, 0x13, 0xD4, 0x89, 0x0F, 0xAA, 0xC4, 0x85, 0x99, 0xF1, 0x59, 0x69, 0xAF,
    0x00, 0x18, 0x84, 0x4E, 0xA0, 0xCD, 0x91, 0xBD, 0x73, 0xB3, 0xF0, 0xF1, 0xDE, 0x46, 0x90, 0xFA,
    0xCA, 0x68, 0x27, 0xF9, 0xF3, 0xB9, 0x73, 0x75, 0x48, 0x8F, 0x3B, 0x48, 0x1F, 0x75, 0xF0, 0x74,
    0xFF, 0xAF, 0x73, 0x15, 0x69, 0xFF, 0x56, 0x4C, 0xA9, 0xDB, 0xAF, 0xD8, 0xAF, 0xDD, 0x2D, 0xEC,
    0x3E, 0xDA, 0xED, 0x9D, 0x87, 0xDC, 0x97, 0xF3, 0xA1, 0x7B, 0x36, 0xFA, 0xED, 0x0E, 0x7C, 0x70,
    0x37, 0xB0, 0x39, 0x4C, 0x1A, 0x91, 0xCF, 0x17, 0x5C, 0x33, 0x31, 0x48, 0x2C, 0x40, 0xDF, 0x2A,
    0xD6, 0x4C, 0xC8, 0x3F, 0x26, 0x8C, 0x2E, 0xF8, 0x9C, 0xA7, 0x63, 0xCE, 0x0A, 0xA6, 0xD0, 0x14,
    0xDA, 0x08, 0x12, 0x0A, 0xC0, 0xAB, 0x96, 0x57, 0xCC, 0xC2, 0x11, 0xF9, 0xE7, 0x9F, 0x4B, 0xB4,
    0x92, 0xFF, 0xA9, 0xB4, 0xDC, 0x94, 0x96, 0xC5, 0x68, 0x7A, 0x2C, 0x8D, 0xA6, 0x8F, 0x24, 0x87,
    0xA7, 0x8F, 0xE5, 0x92, 0xA7, 0x9D, 0x58, 0x4A, 0xCB, 0xED, 0xE7, 0xB3, 0x95, 0xFA, 0x4B, 0x95,
    0x88, 0xC4, 0xD7, 0x5A, 0x2E, 0xA1, 0x73, 0x21, 0xC9, 0xEC, 0xB7, 0x27, 0x0F, 0x9E, 0xBE, 0xFF,
    0xE4, 0x81, 0xDF, 0x24, 0x51, 0xCF, 0x60, 0xA6, 0x82, 0xEE, 0xD8, 0x52, 0xE1, 0x4A, 0x7B, 0xD7,
    0xBB, 0xC1, 0x02, 0x40, 0xCE, 0x79, 0xA7, 0x3E, 0x23, 0xFF, 0xC6, 0x5D, 0x09, 0x08, 0x38, 0x18,
    0x31, 0x09, 0x89, 0x9C, 0x7E, 0x4E, 0xDE, 0x30, 0xFB, 0xB7, 0x7F, 0xD4, 0x06, 0x84, 0x6A, 0xA3,
    0xBA, 0x04, 0xE1, 0xF1, 0x7D, 0xFA, 0x11, 0x49, 0x98, 0x59, 0xE2, 0x81, 0x05, 0x4E, 0x59, 0x4D,
    0xCE, 0x2A, 0x67, 0x8B, 0xDB, 0x1E, 0xE1, 0xB7, 0x43, 0xA1, 0xC3, 0xAF, 0x1D, 0x76, 0x19, 0x68,
    0xD3, 0x33, 0xAA, 0xB4, 0x14, 0x12, 0xF5, 0x9C, 0x30, 0x5F, 0x14, 0x9E, 0xCF, 0x85, 0x89, 0xF6,
    0xB9, 0x22, 0x9F, 0x14, 0x7E, 0x54, 0x90, 0x88, 0x15, 0x70, 0x85, 0xEE, 0x97, 0x17, 0xDC, 0xC3,
    0x06, 0xA3, 0x66, 0x3A, 0xE9, 0x29, 0x54, 0xC1, 0xEA, 0x31, 0xEE, 0xE7, 0x17, 0xE1, 0x3E, 0x0F,
    0xE8, 0xE0, 0xC7, 0xED, 0xF6, 0xE8, 0x51, 0x27, 0x65, 0x3E, 0xEA, 0x47, 0x49, 0x75, 0xFC, 0x0C,
    0x33, 0xAD, 0xD4, 0x69, 0x80, 0xA5, 0x87, 0xC1, 0xC2, 0x41, 0x22, 0xFB, 0x52, 0x0E, 0xB4, 0xFF,
    0xBB, 0x94, 0x17, 0x12, 0x61, 0xC1, 0x24, 0x49, 0x88, 0xDE, 0x4D, 0x78, 0x48, 0x8C, 0x54, 0x73,
    0x9D, 0xA8, 0xA7, 0x52, 0x61, 0xD4, 0x06, 0x8C, 0xF6, 0x75, 0x34, 0xBA, 0x8A, 0x9A, 0x1F, 0x26,
    0xA7, 0x88, 0xFE, 0xBB, 0xE2, 0xAB, 0xDF, 0x44, 0xC6, 0xE6, 0x67, 0xA1, 0x4A, 0xF2, 0x75, 0x29,
    0x75, 0x79, 0x96, 0x80, 0xD0, 0xC3, 0xFD, 0x3F, 0x2C, 0x9D, 0xEA, 0x44, 0xAD, 0xD7, 0xA4, 0x76,
    0x6E, 0xE2, 0x7A, 0xB9, 0x54, 0x26, 0x3D, 0x7D, 0x82, 0x28, 0xBF, 0xC0, 0x53, 0x95, 0x52, 0x1A,
    0xAD, 0x12, 0x8E, 0x52, 0xBA, 0x22, 0xC1, 0xFC, 0xF7, 0xA7, 0x3D, 0x6D, 0x9E, 0x9A, 0x95, 0x6A,
    0xB1, 0x1F, 0x63, 0xA6, 0x3F, 0x17, 0x24, 0xF2, 0x90, 0x1E, 0xB3, 0xB2, 0x51, 0x6D, 0x26, 0x41,
    0xD7, 0x2A, 0x3F, 0xED, 0x1C, 0xE1, 0x72, 0x1D, 0x4C, 0x72, 0x5F, 0x2D, 0x32, 0x63, 0x26, 0x3F,
    0x21, 0xF1, 0xA5, 0xE2, 0xCD, 0x97, 0xCA, 0xD6, 0x7E, 0x3D, 0x9B, 0x24, 0x39, 0xB5, 0x4A, 0x1B,
    0x2C, 0x08, 0x54, 0x09, 0xB3, 0x50, 0xA7, 0x57, 0x67, 0x5A, 0x14, 0x1B, 0xB8, 0xA2, 0xE4, 0x39,
    0xE5, 0x02, 0x36, 0x58, 0xF8, 0xA8, 0x24, 0x7D, 0xDC, 0x24, 0x97, 0xB5, 0x3E, 0x03, 0xEF, 0x03,
    0xD8, 0x00, 0x34, 0xCA, 0xF5, 0xD1, 0xCE, 0x80, 0x24, 0xC0, 0x27, 0xE0, 0x22, 0x01, 0x6B, 0x82,
    0x3A, 0x2D, 0xEC, 0x8B, 0x42, 0xAB, 0x2B, 0x08, 0x23, 0x78, 0x06, 0x18, 0x18, 0x20, 0xE7, 0x8D,
    0x3A, 0xE7, 0x33, 0x66, 0xA2, 0x47, 0x14, 0x4F, 0x91, 0x3B, 0x3C, 0x38, 0x80, 0x36, 0x00, 0x1E,
    0x60, 0xBD, 0xFD, 0xB4, 0x6A, 0x01, 0xDA, 0x33, 0xD0, 0xDB, 0xDB, 0x4F, 0x6B, 0x62, 0x04, 0x9F,
    0x15, 0x9E, 0x9C, 0x6E, 0x3F, 0xED, 0xBD, 0xBB, 0x80, 0xB7, 0x01, 0x1E, 0x0A, 0xB7, 0x7F, 0x6F,
    0x09, 0x90, 0x11, 0x78, 0xFF, 0x01, 0xF0, 0x4E, 0x07, 0xC8, 0x02, 0xC8, 0x0C, 0xB8, 0x04, 0xF4,
    0xDF, 0x06, 0x55, 0x29, 0x51, 0x34, 0xCB, 0xB7, 0x41, 0x61, 0x0F, 0x1A, 0xFF, 0x7F, 0x41, 0xFB,
    0x83, 0x10, 0xC8, 0x39, 0x4F, 0x50, 0x67, 0x05, 0x68, 0xFE, 0x53, 0x01, 0xE4, 0x5F, 0x02, 0x80,
    0xB7, 0x00, 0x8C, 0x0E, 0xA0, 0x5A, 0x7C, 0x4E, 0x60, 0x66, 0x9F, 0x27, 0x10, 0x3D, 0x00, 0x38,
    0x06, 0x80, 0x63, 0xDE, 0x80, 0x3D, 0x11, 0x4C, 0x62, 0x05, 0x5A, 0x65, 0x01, 0x6C, 0xAC, 0x72,
    0x5E, 0xF0, 0x94, 0x56, 0x12, 0xB4, 0x39, 0x94, 0xEA, 0x54, 0x9F, 0xEB, 0xAD, 0x49, 0x0C, 0xA2,
    0xBC, 0xEB, 0x00, 0x0F, 0x1C, 0x80, 0xF1, 0x1A, 0x03, 0xD0, 0x03, 0x1E, 0x93, 0x64, 0xB2, 0x53,
    0x93, 0x73, 0xE0, 0xB4, 0xC2, 0x3D, 0xC0, 0x29, 0xFC, 0x69, 0xE1, 0x18, 0x00, 0xA0, 0x9A, 0xA0,
    0x4E, 0xC0, 0x08, 0x00, 0x00, 0x39, 0x9F, 0x0B, 0x5B, 0x95, 0xA0, 0xDE, 0x3B, 0x2F, 0x4C, 0xD0,
    0x28, 0xB4, 0xF9, 0x0A, 0xC9, 0x67, 0x24, 0x82, 0x04, 0xB0, 0x80, 0x03, 0xFC, 0xB7, 0x99, 0x25,
    0xEB, 0x98, 0x33, 0x40, 0x02, 0x53, 0xB0, 0xF1, 0xED, 0x7A, 0x1D, 0x90, 0x95, 0xE6, 0xD7, 0xE9,
    0xAD, 0x7A, 0xAB, 0xF8, 0x29, 0xA6, 0x38, 0xCD, 0x7F, 0xBC, 0x5D, 0xEF, 0x63, 0xB8, 0x00, 0x0B,
    0x00, 0xD4, 0x79, 0xAD, 0xF7, 0x45, 0xA5, 0x87, 0x03, 0x0C, 0x30, 0xC2, 0x06, 0x2B, 0x2C, 0x54,
    0x89, 0x3A, 0x61, 0x12, 0x25, 0xC9, 0x4C, 0x9C, 0xCE, 0x94, 0x04, 0x78, 0x08, 0x1B, 0x66, 0xBE,
    0xB9, 0xA1, 0x99, 0x70, 0x0B, 0xDB, 0x70, 0x73, 0xC3, 0x87, 0x1F, 0xB0, 0x5D, 0xF0, 0xAC, 0xBB,
    0xB1, 0xA1, 0x5C, 0x82, 0xC9, 0x59, 0xCD, 0x6C, 0x93, 0x99, 0xAA, 0xAD, 0x51, 0x2E, 0x5B, 0xA5,
    0x17, 0xC5, 0xE7, 0xAC, 0x7D, 0x2E, 0x58, 0x38, 0x38, 0x18, 0x3D, 0x6C, 0x3D, 0xF5, 0x72, 0xA0,
    0x49, 0x23, 0x47, 0xCD, 0x39, 0x93, 0xF3, 0x0C, 0x3C, 0xFC, 0x1E, 0x90, 0x33, 0xD4, 0x5F, 0x6C,
    0x5C, 0x1B, 0x57, 0x94, 0xAC, 0x4C, 0x11, 0x67, 0x1A, 0xAD, 0x73, 0x6C, 0xD5, 0xFC, 0x56, 0x45,
    0xCD, 0x97, 0x2A, 0xB1, 0x79, 0x3E, 0x4B, 0x68, 0x3F, 0x4F, 0x16, 0xD1, 0xC5, 0x21, 0x71, 0xF3,
    0x48, 0x18, 0x7A, 0x2C, 0x87, 0x0E, 0x87, 0x1F, 0xF0, 0xD8, 0x91, 0x1E, 0x59, 0x39, 0x20, 0x0B,
    0x03, 0x4D, 0x82, 0x6A, 0x02, 0xEA, 0x04, 0x30, 0x70, 0x7D, 0xB4, 0x39, 0xC0, 0x31, 0x27, 0xEA,
    0x73, 0xB3, 0xD1, 0x24, 0x3E, 0x46, 0x14, 0x8F, 0x03, 0x87, 0x07, 0x1B, 0x2E, 0xC0, 0x86, 0x11,
    0x2C, 0x23, 0xB8, 0xDF, 0x3F, 0xC6, 0x2E, 0xE8, 0x61, 0xC3, 0x63, 0x12, 0x32, 0xBB, 0x89, 0xFD,
    0x64, 0x72, 0x5A, 0x00, 0x48, 0x80, 0x49, 0x80, 0xC4, 0xDB, 0x4F, 0x73, 0x00, 0x59, 0xC1, 0x7C,
    0x95, 0x6E, 0x3F, 0x0D, 0xC0, 0x9C, 0x3B, 0x68, 0xFF, 0x6E, 0x01, 0xEA, 0x78, 0x9B, 0x69, 0xF5,
    0x94, 0xD8, 0x8F, 0x32, 0x95, 0x7E, 0x76, 0x8B, 0x41, 0x15, 0x15, 0x6D, 0x94, 0xD8, 0x4C, 0x9E,
    0xFA, 0x77, 0x1B, 0xE4, 0x04, 0x3E, 0x42, 0x8E, 0x98, 0x97, 0x13, 0xF6, 0x57, 0x25, 0x86, 0x8D,
    0x0F, 0xCB, 0xA4, 0xCE, 0xD3, 0x5F, 0x63, 0xF3, 0x96, 0x38, 0xFD, 0x20, 0x6B, 0xB5, 0xE1, 0xA2,
    0x49, 0x1C, 0xB5, 0xD5, 0xEA, 0x1B, 0x15, 0x6D, 0x3E, 0x99, 0x24, 0x3C, 0x6A, 0x26, 0xC7, 0xB3,
    0x46, 0x9D, 0x99, 0x5A, 0x75, 0x12, 0x44, 0xED, 0x05, 0x36, 0x48, 0xC2, 0x23, 0x13, 0x1B, 0xB2,
    0xB6, 0x0B, 0x87, 0x9C, 0x27, 0x7E, 0xEA, 0xCE, 0x00, 0xBF, 0x00, 0x18, 0x01, 0x1C, 0xD7, 0xC7,
    0x8A, 0x99, 0x49, 0x98, 0xA9, 0x4E, 0x34, 0x6A, 0x12, 0xAD, 0x9A, 0x19, 0x51, 0x33, 0x51, 0xFA,
    0x55, 0x84, 0x56, 0x71, 0x88, 0xE2, 0x91, 0x48, 0x8F, 0x44, 0x0E, 0x48, 0x60, 0x40, 0x22, 0x1B,
    0xA2, 0xF5, 0x42, 0xBB, 0xD8, 0xB4, 0x9F, 0x59, 0x38, 0x9E, 0x01, 0xE8, 0x00, 0x36, 0xA0, 0x99,
    0x6F, 0x3F, 0xAD, 0x55, 0xC0, 0x27, 0xA8, 0x96, 0xF1, 0xF6, 0xD3, 0x7E, 0xF2, 0x97, 0xC0, 0x3A,
    0x02, 0xCB, 0x70, 0xFB, 0x69, 0xF7, 0x81, 0x4B, 0x30, 0x09, 0x00, 0x80, 0x0D, 0xB3, 0x5C, 0xD0,
    0xCE, 0x1E, 0xAB, 0x6E, 0x77, 0x6D, 0xC8, 0xAF, 0x16, 0x9A, 0x17, 0x33, 0x26, 0x6B, 0x01, 0xD8,
    0x80, 0x15, 0x58, 0xA0, 0x4E, 0x60, 0x76, 0x5E, 0xFD, 0x26, 0xB1, 0x02, 0x09, 0xAA, 0x42, 0x9D,
    0xAF, 0x28, 0x89, 0x93, 0x99, 0x9A, 0xD4, 0x28, 0x6B, 0xAB, 0x6C, 0xA2, 0xAC, 0x12, 0xEB, 0x45,
    0x42, 0x9B, 0x6C, 0xCE, 0xEA, 0x4A, 0x8D, 0x07, 0x7A, 0xE0, 0x00, 0x0C, 0x00, 0x72, 0x06, 0x9F,
    0x03, 0x5B, 0xA3, 0x55, 0x32, 0x6A, 0xE6, 0x82, 0xBA, 0x60, 0x9E, 0x9F, 0x69, 0x9E, 0x5F, 0xD1,
    0x46, 0x17, 0x25, 0x34, 0x2A, 0x98, 0xD9, 0x16, 0x1C, 0x66, 0xEA, 0x69, 0xF4, 0x80, 0x8B, 0x9D,
    0xBB, 0x62, 0x70, 0x09, 0x1E, 0x00, 0x0E, 0x90, 0x00, 0x55, 0x01, 0xE0, 0x34, 0x63, 0xF2, 0x86,
    0x68, 0x4F, 0x8D, 0x05, 0x1E, 0x51, 0x9D, 0xF6, 0xDF, 0x50, 0x7C, 0xE8, 0xD8, 0x18, 0x58, 0xD9,
    0xD8, 0xCC, 0xC6, 0x31, 0x3F, 0xC3, 0xAE, 0xCF, 0x00, 0x01, 0x7A, 0x60, 0x79, 0x33, 0x8F, 0x49,
    0x60, 0x37, 0xB8, 0xF4, 0x00, 0x37, 0xF7, 0x00, 0xB8, 0x17, 0x81, 0x53, 0x86, 0x4F, 0xFF, 0xFE,
    0xE6, 0x9E, 0x0F, 0xEE, 0xC1, 0xC1, 0x43, 0x77, 0xFF, 0xCD, 0xFA, 0x69, 0x12, 0xC8, 0x08, 0x0F,
    0x1E, 0xC0, 0xFD, 0x0E, 0x64, 0x81, 0x2A, 0xDE, 0xDC, 0x77, 0x9A, 0xDD, 0x82, 0xC9, 0xE7, 0x52,
    0x23, 0xEA, 0x67, 0x47, 0x8D, 0x8B, 0x12, 0xC0, 0xD1, 0x28, 0xFF, 0x90, 0x73, 0x56, 0xC9, 0x65,
    0xA8, 0x8F, 0x1D, 0xB0, 0x71, 0x01, 0xAC, 0x64, 0x60, 0x33, 0x5F, 0xC7, 0xA1, 0x98, 0x7E, 0x94,
    0xD7, 0xE2, 0xAA, 0xF2, 0x04, 0x3E, 0x51, 0xE5, 0x8D, 0x66, 0xF6, 0x48, 0xFC, 0x63, 0x1C, 0x70,
    0x00, 0xBA, 0x6B, 0xF4, 0xBC, 0x8B, 0x0B, 0x1B, 0x92, 0x13, 0x75, 0x8E, 0x30, 0x43, 0xB5, 0x15,
    0x1E, 0x40, 0xB3, 0x02, 0x00, 0xEF, 0x00, 0x02, 0x34, 0xFA, 0x6A, 0x17, 0xEC, 0xEE, 0x73, 0x71,
    0x3B, 0x24, 0x48, 0x70, 0x34, 0xEA, 0x73, 0xD6, 0x42, 0x7C, 0xE5, 0x06, 0x1B, 0x07, 0x24, 0xAF,
    0xEC, 0xFD, 0xD0, 0x06, 0x70, 0xC0, 0x08, 0xFC, 0xF8, 0xE6, 0x9E, 0x6A, 0x01, 0x39, 0x43, 0x6F,
    0x01, 0x6E, 0xEE, 0xB9, 0x77, 0x17, 0xBC, 0x04, 0xEE, 0xCB, 0x1B, 0x79, 0xEE, 0xD0, 0xE1, 0x68,
    0x03, 0x80, 0xD7, 0x63, 0x94, 0xF0, 0xEA, 0x65, 0x63, 0xC7, 0xC0, 0xC8, 0xCA, 0x02, 0x77, 0x70,
    0x8C, 0xF5, 0xFC, 0x1D, 0x55, 0x2B, 0xCD, 0x15, 0x4E, 0x22, 0x00, 0x48, 0xC2, 0xCE, 0x98, 0x09,
    0xA3, 0xD7, 0x5E, 0xC0, 0x05, 0x04, 0x2C, 0x38, 0xE8, 0xE1, 0xB0, 0x6F, 0xE3, 0xDE, 0xEF, 0x9B,
    0x1A, 0x76, 0x3D, 0xFE, 0xFF, 0xAA, 0x84, 0x01, 0x46, 0x58, 0x81, 0x76, 0x0A, 0x48, 0x9E, 0xE0,
    0x14, 0x76, 0xEA, 0xDF, 0x28, 0xFC, 0xB0, 0x60, 0x94, 0xD3, 0x97, 0x6A, 0xF2, 0x4B, 0x95, 0xE9,
    0xA8, 0x0E, 0xD1, 0x43, 0xA1, 0x43, 0xC2, 0x80, 0xD0, 0xE1, 0xF1, 0x5C, 0xDB, 0x33, 0x00, 0xF2,
    0x6B, 0xC5, 0x67, 0xE5, 0x2F, 0xBE, 0x0F, 0x80, 0x79, 0xB1, 0xD1, 0xE4, 0x4C, 0xBB, 0xD8, 0x20,
    0x2A, 0x41, 0x62, 0x01, 0x09, 0x16, 0xC1, 0x61, 0xE9, 0x71, 0x1C, 0xE8, 0xE9, 0xE8, 0x18, 0x0A,
    0x23, 0xC3, 0x77, 0xEC, 0x33, 0x4F, 0x71, 0x44, 0x47, 0xAB, 0x07, 0x1A, 0xED, 0x68, 0x0B, 0x12,
    0x0B, 0xF4, 0x78, 0x6C, 0xD8, 0xFB, 0xA1, 0xCA, 0xF1, 0xF5, 0x7D, 0x76, 0x73, 0x4F, 0xB5, 0x40,
    0x7B, 0x7D, 0x9F, 0xDD, 0xD0, 0x03, 0x60, 0xBF, 0x50, 0x7C, 0x8E, 0xFC, 0xE4, 0xFB, 0x37, 0xF7,
    0xBC, 0xBE, 0x5F, 0x6F, 0xEA, 0x69, 0x0B, 0xA2, 0xEC, 0x00, 0x00, 0xA7, 0x9C, 0x35, 0x17, 0x00,
    0x00, 0xD8, 0x60, 0x67, 0xFC, 0x7D, 0xCE, 0x54, 0xE5, 0xAC, 0x25, 0x27, 0x48, 0xF4, 0xD1, 0xF1,
    0x8D, 0x1E, 0xCC, 0x0B, 0xED, 0x6C, 0xC9, 0x19, 0x24, 0x1E, 0x92, 0xE0, 0xA3, 0xC7, 0x87, 0x8D,
    0x63, 0x4E, 0xFC, 0x6B, 0x8E, 0x70, 0x07, 0x78, 0x74, 0x6D, 0x4D, 0x01, 0x00, 0xA3, 0x46, 0x1B,
    0x6D, 0xCB, 0x94, 0x58, 0x66, 0x28, 0x13, 0xC1, 0x62, 0x71, 0x38, 0x7A, 0x7A, 0x0E, 0x78, 0x36,
    0x9C, 0xD9, 0x90, 0x3C, 0xD2, 0x6C, 0x4F, 0x80, 0x0A, 0xB0, 0xC0, 0x05, 0x54, 0xE9, 0xCD, 0x5C,
    0x75, 0x02, 0xD9, 0xE0, 0xC2, 0xBD, 0x99, 0xE7, 0xA1, 0x80, 0xB7, 0xF0, 0xDE, 0xDD, 0x5B, 0xB9,
    0xB7, 0x46, 0xCB, 0x2C, 0x1E, 0xA3, 0x16, 0xA3, 0x3D, 0x66, 0x1A, 0x30, 0xF3, 0x42, 0xFD, 0x55,
    0xA2, 0xFA, 0xAF, 0x89, 0xEA, 0xA5, 0x42, 0x0E, 0x85, 0x6B, 0xEB, 0x95, 0x28, 0x35, 0x90, 0xB5,
    0xC0, 0xB5, 0x07, 0xFE, 0x00, 0x8C, 0xC0, 0x02, 0xFC, 0x2E, 0xC3, 0x37, 0x79, 0xAA, 0xCE, 0x26,
    0xD5, 0x4B, 0x95, 0x4C, 0x62, 0x31, 0xBA, 0x93, 0x5A, 0xAD, 0x92, 0xA8, 0x29, 0x94, 0xE4, 0x64,
    0xA3, 0x3D, 0x5D, 0xE1, 0xEC, 0x42, 0xFF, 0x9A, 0xEA, 0xDA, 0xBD, 0xBF, 0xD5, 0x7E, 0xFF, 0x07,
    0xB5, 0xD8, 0x05, 0xAC, 0x2B, 0x49, 0x76, 0xFF, 0xF1, 0x8F, 0xBB, 0x67, 0xB6, 0x57, 0x6A, 0xAD,
    0xEA, 0x0F, 0x61, 0xEA, 0x30, 0x67, 0x3A, 0x9C, 0x05, 0xDB, 0xDD, 0x61, 0x06, 0xE1, 0x8A, 0x33,
    0x62, 0x0E, 0x73, 0xFC, 0xF6, 0x76, 0x14, 0x61, 0x58, 0x14, 0xB1, 0xB2, 0x62, 0x96, 0xC2, 0x59,
    0xF0, 0xE4, 0x55, 0x98, 0x93, 0x0E, 0x0B, 0x02, 0x0E, 0x73, 0x52, 0x93, 0x69, 0x29, 0xBD, 0xDA,
    0xF6, 0xAD, 0xD8, 0xBE, 0xD6, 0xCC, 0x9B, 0xB7, 0xFC, 0xE6, 0x8D, 0xAA, 0x7E, 0xC7, 0x5C, 0xE7,
    0x5B, 0x74, 0xAA, 0x8E, 0xE9, 0x72, 0x7F, 0x36, 0x00, 0xA0, 0x3E, 0x20, 0x24, 0x74, 0x09, 0xF7,
    0x12, 0xE6, 0x44, 0x91, 0x26, 0xCA, 0x71, 0xA6, 0x8E, 0x33, 0xC1, 0x9E, 0xCE, 0x8E, 0x9D, 0x1D,
    0x39, 0x2F, 0x8A, 0x9C, 0x8F, 0xCA, 0xD1, 0x56, 0x88, 0x3A, 0x4D, 0xAF, 0xD5, 0xD1, 0xD2, 0x65,
    0xBA, 0x5B, 0x00, 0xEE, 0x1F, 0x94, 0x79, 0x11, 0xE2, 0x56, 0xA1, 0xC1, 0x53, 0x56, 0xF7, 0x6F,
    0x85, 0x7C, 0xD4, 0xF5, 0x6B, 0x8B, 0x9D, 0xD9, 0x62, 0x29, 0x17, 0x37, 0xF9, 0x4D, 0x9A, 0xF9,
    0x4D, 0x78, 0xAA, 0x1E, 0x08, 0x19, 0xE5, 0xFC, 0xB2, 0x13, 0xBF, 0xDF, 0x8A, 0x6D, 0x43, 0x73,
    0xA4, 0x38, 0x3C, 0x2A, 0xF5, 0x63, 0x86, 0xEB, 0xAE, 0x70, 0xEC, 0x20, 0x61, 0xF5, 0x36, 0x78,
    0xE6, 0x11, 0xE0, 0x66, 0xAA, 0x91, 0x80, 0x70, 0xA0, 0x3A, 0xC0, 0xCF, 0x52, 0x26, 0xC2, 0x00,
    0xA0, 0xCE, 0xBD, 0x9B, 0x9C, 0x8A, 0x63, 0xB1, 0x54, 0xC9, 0x2E, 0x44, 0xFF, 0xA7, 0x45, 0x87,
    0x7B, 0xD8, 0x3F, 0xA0, 0x1D, 0xB6, 0xF4, 0x9D, 0x32, 0x85, 0x43, 0x13, 0xAB, 0x9C, 0x7B, 0xF7,
    0x67, 0x04, 0x74, 0x98, 0xF1, 0x75, 0x40, 0x97, 0xAC, 0xF2, 0xA2, 0x3A, 0x74, 0xC2, 0xF0, 0x4A,
    0x2D, 0x36, 0x58, 0x3F, 0xA0, 0xAD, 0xFF, 0xA3, 0xED, 0x17, 0x21, 0x27, 0x45, 0x1E, 0xF0, 0x11,
    0xE8, 0xF0, 0xAA, 0xC7, 0xC8, 0x36, 0x52, 0x24, 0x56, 0x07, 0x78, 0x74, 0xB6, 0xF2, 0xD9, 0x99,
    0x3C, 0xD2, 0x79, 0xAC, 0x63, 0xD7, 0x35, 0xBD, 0xB0, 0x50, 0xA6, 0x97, 0xC6, 0x67, 0xBE, 0x87,
    0x2E, 0x79, 0xD1, 0xEC, 0x22, 0x1F, 0x91, 0xF3, 0xC1, 0x2A, 0x7D, 0xE8, 0xA2, 0x48, 0x8E, 0xCA,
    0xA4, 0x53, 0x8E, 0x5A, 0x55, 0xD4, 0xA8, 0xCF, 0x26, 0x44, 0xAD, 0x30, 0xE8, 0x84, 0x5E, 0xA7,
    0xE1, 0x9E, 0x96, 0x45, 0xA7, 0x9C, 0x6C, 0xB5, 0xA3, 0x2E, 0x5F, 0xFA, 0x3B, 0x81, 0xFD, 0xAB,
    0x31, 0x4F, 0x98, 0x12, 0xFE, 0x3B, 0xB2, 0x7A, 0xB6, 0x77, 0xF3, 0xB7, 0x67, 0xF6, 0xB7, 0x1F,
    0xCE, 0xF0, 0xA3, 0x30, 0xDC, 0x35, 0x1B, 0x6D, 0xCF, 0x66, 0x23, 0xF4, 0xD6, 0x02, 0x6B, 0x2D,
    0x5B, 0x1D, 0xDD, 0xE7, 0x67, 0x42, 0xCE, 0x94, 0xB7, 0x5B, 0x8A, 0x3C, 0x2B, 0x73, 0x8E, 0xE5,
    0xA1, 0x49, 0xE5, 0xB8, 0x5A, 0xAA, 0xE8, 0x99, 0x3A, 0xDA, 0x86, 0x78, 0x76, 0x1F, 0xB7, 0x67,
    0x35, 0x6C, 0x5A, 0xF6, 0x1D, 0xCB, 0x56, 0x31, 0x6D, 0x54, 0x69, 0xEF, 0x26, 0xE6, 0x9C, 0x2F,
    0x1D, 0xC5, 0x1E, 0x66, 0x9C, 0x90, 0xAF, 0x66, 0x95, 0x5C, 0xE8, 0x8A, 0x33, 0x5D, 0xFD, 0x68,
    0x74, 0xCA, 0x9C, 0x2E, 0x02, 0xC8, 0xF9, 0x78, 0xD2, 0xB2, 0x4A, 0x14, 0x89, 0xF2, 0x40, 0x39,
    0x52, 0x45, 0xEA, 0x7C, 0xB7, 0x3B, 0xC3, 0x40, 0xE8, 0x69, 0xD0, 0xA2, 0xC3, 0x96, 0xCB, 0x68,
    0xDE, 0xE4, 0x4C, 0x97, 0x7B, 0x6D, 0x7E, 0x68, 0xF6, 0x8F, 0xAA, 0x43, 0x2B, 0xF4, 0xA1, 0x6F,
    0x55, 0xB1, 0xCB, 0xF9, 0xAC, 0xE1, 0x85, 0xD9, 0xA7, 0x19, 0x76, 0x42, 0x9E, 0xAD, 0xF2, 0x88,
    0x57, 0xA1, 0xC3, 0x53, 0x1E, 0x2B, 0x9B, 0x1F, 0xA3, 0x48, 0x48, 0x2F, 0x85, 0xEF, 0x31, 0xB1,
    0xBC, 0x09, 0x07, 0x8A, 0x19, 0xCB, 0xA3, 0x71, 0x04, 0x77, 0x6A, 0x7E, 0x8C, 0x7A, 0xA4, 0xFC,
    0x9B, 0x89, 0x1C, 0xE9, 0x1E, 0xEF, 0xB8, 0xB5, 0x61, 0x10, 0x8E, 0x94, 0x2F, 0x71, 0xDC, 0x56,
    0xFD, 0xFF, 0x51, 0xA4, 0x89, 0x7C, 0xE0, 0xA9, 0xFE, 0xF9, 0xA8, 0x73, 0x3F, 0xA7, 0xF2, 0x58,
    0x2C, 0x75, 0xB2, 0x3D, 0x47, 0x9D, 0xEE, 0x45, 0x51, 0x27, 0xDF, 0x9E, 0x74, 0xDC, 0xB3, 0xDB,
    0xB1, 0x6C, 0x59, 0x3A, 0xE5, 0xDC, 0x8C, 0xED, 0x54, 0xE5, 0x63, 0x92, 0x0F, 0xC9, 0x13, 0xAB,
    0x5E, 0x73, 0x66, 0xCC, 0xAC, 0x26, 0xE0, 0xE6, 0x0F, 0x0F, 0xA7, 0xBD, 0x31, 0xD6, 0x87, 0x2E,
    0x9E, 0x77, 0x46, 0x2B, 0xC4, 0xAD, 0x30, 0x6C, 0x84, 0x7E, 0x2D, 0xD8, 0x68, 0x75, 0x6E, 0x34,
    0xDF, 0x77, 0x37, 0x06, 0xAB, 0x37, 0xAF, 0xB1, 0xF3, 0x89, 0x66, 0x6F, 0xF8, 0xC2, 0xA4, 0xCD,
    0xD1, 0x2B, 0x6E, 0x3D, 0x1C, 0xC5, 0x1F, 0x0F, 0xAF, 0x37, 0xB2, 0x4A, 0x48, 0xF0, 0x78, 0x79,
    0x1F, 0x0B, 0x1F, 0x3E, 0x15, 0x1F, 0x71, 0xD5, 0x9A, 0x22, 0x01, 0x7C, 0x1A, 0xDE, 0x46, 0x31,
    0x52, 0x44, 0x1C, 0x1E, 0x7F, 0x1F, 0x66, 0xE5, 0xC1, 0xA4, 0x1C, 0x43, 0xCE, 0x79, 0x69, 0x4E,
    0x66, 0x2E, 0x93, 0x10, 0xCB, 0x51, 0x18, 0xAA, 0x28, 0xF4, 0x75, 0xCE, 0x59, 0xB8, 0x98, 0x6B,
    0x90, 0xDF, 0x6A, 0x5C, 0x3C, 0xD8, 0xEB, 0x58, 0x6C, 0x59, 0x6C, 0x98, 0xEC, 0x48, 0x24, 0x17,
    0x35, 0xF9, 0xA0, 0x3B, 0xA9, 0x1C, 0x29, 0x7F, 0x63, 0x51, 0xFE, 0x57, 0x56, 0x4F, 0x4D, 0x1F,
    0x62, 0xE8, 0xC3, 0x70, 0x92, 0xD0, 0x37, 0x82, 0x56, 0x63, 0xAB, 0xB5, 0xB1, 0xB1, 0xB6, 0xB6,
    0x3B, 0x69, 0x6F, 0x47, 0x3E, 0xBA, 0xBF, 0x00, 0x45, 0x9E, 0x8B, 0x3C, 0xE9, 0xD8, 0xB2, 0x61,
    0xC7, 0x9E, 0x85, 0x99, 0xC9, 0x2A, 0x29, 0x92, 0x32, 0x29, 0x2F, 0xDE, 0xEE, 0x1F, 0xE5, 0xA3,
    0x9B, 0x7C, 0x73, 0x84, 0x2E, 0xDE, 0x5C, 0x9C, 0x35, 0x5A, 0xDB, 0x8B, 0x8B, 0x9D, 0xBD, 0xD9,
    0xF4, 0x28, 0x8D, 0xAE, 0x26, 0x65, 0x54, 0xFD, 0xBD, 0x62, 0x22, 0xF4, 0x42, 0x3C, 0x5B, 0x20,
    0x5B, 0xDD, 0xB2, 0x61, 0x7D, 0x6D, 0xCA, 0x4C, 0x22, 0x5D, 0x9A, 0xBA, 0x34, 0x52, 0x45, 0x4F,
    0xB1, 0xE6, 0x0D, 0xBD, 0xB6, 0xA7, 0xE8, 0xD5, 0x51, 0x15, 0x1F, 0xB5, 0x93, 0xEF, 0xBE, 0x73,
    0x2C, 0xE7, 0xF6, 0xCC, 0x3A, 0x4C, 0xB6, 0xAC, 0x92, 0x0D, 0x45, 0xB2, 0xA3, 0x4C, 0xF6, 0x94,
    0x07, 0x0B, 0xE5, 0x68, 0xA6, 0x8A, 0x26, 0xEA, 0xB8, 0x4A, 0x84, 0x58, 0xA4, 0x57, 0x08, 0x43,
    0x99, 0x82, 0x46, 0x79, 0x08, 0x7D, 0xA7, 0x1C, 0xC3, 0x78, 0x3C, 0x79, 0xAE, 0xF2, 0x2C, 0x1F,
    0xE5, 0x51, 0x39, 0x36, 0xCA, 0x74, 0xFE, 0xA4, 0x05, 0xD0, 0xC5, 0x9D, 0x9B, 0x61, 0x2F, 0xF4,
    0xB3, 0x20, 0x69, 0x24, 0xED, 0x2A, 0xD9, 0x16, 0x07, 0x9B, 0x72, 0xB4, 0x2E, 0xA3, 0xDD, 0x49,
    0xFB, 0x2A, 0x9A, 0xC3, 0x60, 0x0A, 0x3D, 0x01, 0x2D, 0xE1, 0x96, 0x66, 0x76, 0x61, 0x1E, 0x4C,
    0x8E, 0x56, 0xA9, 0x9C, 0x14, 0x29, 0x8C, 0x17, 0x3F, 0xCA, 0x71, 0xA1, 0xFA, 0x8D, 0x44, 0xFD,
    0xD7, 0x91, 0x90, 0x13, 0xE1, 0xF6, 0x6C, 0x0E, 0x0B, 0xCD, 0xF0, 0x0C, 0xAD, 0x8E, 0x4E, 0xDB,
    0x5F, 0x8F, 0x67, 0xD5, 0x68, 0xA7, 0x4C, 0x80, 0x57, 0xC2, 0x53, 0x10, 0xE0, 0xD3, 0x50, 0xCC,
    0x00, 0x26, 0x24, 0x5E, 0x14, 0xC4, 0x63, 0xDB, 0x97, 0xF1, 0x19, 0xD5, 0x2F, 0x27, 0xF5, 0x0F,
    0x46, 0xE1, 0x1B, 0x09, 0xCB, 0x95, 0xF5, 0xBF, 0xE8, 0xC2, 0x60, 0x53, 0x47, 0xEB, 0xF2, 0x60,
    0x57, 0x24, 0x7B, 0x33, 0x30, 0x20, 0xBD, 0xA0, 0x26, 0x82, 0xCB, 0x1A, 0x1A, 0x85, 0xDE, 0x1A,
    0x60, 0xFB, 0x3E, 0xD6, 0x2E, 0xE7, 0x53, 0x2D, 0x52, 0x15, 0x1B, 0x3B, 0xC0, 0xE6, 0xBD, 0x2A,
    0x66, 0x4C, 0x0F, 0xF4, 0x2F, 0x3D, 0x70, 0x48, 0x45, 0x42, 0xF4, 0x5E, 0x1C, 0xA8, 0xF8, 0x48,
    0xFC, 0x2C, 0x5E, 0x8D, 0x89, 0xFA, 0x00, 0x08, 0x04, 0x5A, 0xB6, 0x0F, 0x6F, 0x05, 0x93, 0xEB,
    0x56, 0xB8, 0x2E, 0x61, 0x65, 0x54, 0x2E, 0x8A, 0x05, 0x56, 0x94, 0xF1, 0x5A, 0x6F, 0x80, 0x79,
    0xCD, 0xB4, 0xB6, 0x4A, 0x93, 0x22, 0x25, 0x65, 0xEA, 0xDF, 0x77, 0xD4, 0x94, 0xA4, 0x54, 0x3C,
    0x37, 0x96, 0x7F, 0x17, 0xCB, 0x3F, 0x54, 0x46, 0x55, 0x54, 0x47, 0x61, 0x10, 0x7A, 0x81, 0xE6,
    0xC5, 0xAC, 0x5D, 0xD4, 0x46, 0xC2, 0x43, 0xCD, 0x6D, 0x56, 0xEC, 0x02, 0xFB, 0x5B, 0x72, 0x22,
    0xF7, 0xEA, 0x99, 0x2E, 0xF1, 0xDA, 0x44, 0xF9, 0xE0, 0x69, 0x9F, 0x73, 0xAA, 0x4F, 0xBA, 0xEE,
    0xC2, 0xB4, 0x4A, 0x45, 0x2A, 0xC7, 0xF2, 0x2F, 0xCB, 0x25, 0x1C, 0xBA, 0xE1, 0xE6, 0xBA, 0x55,
    0x3B, 0xED, 0x21, 0x8C, 0x58, 0xC3, 0x82, 0xF2, 0x00, 0x00, 0xB7, 0xCA, 0x83, 0xAC, 0x1C, 0x57,
    0x59, 0x15, 0x8B, 0x3C, 0xD4, 0xB1, 0xFC, 0xB7, 0x18, 0x62, 0xF9, 0xC7, 0x31, 0x0C, 0xD5, 0xAF,
    0x1C, 0x42, 0x5F, 0xFF, 0x52, 0x6A, 0x84, 0x38, 0xB5, 0xC2, 0xB0, 0x74, 0x42, 0xBF, 0xDB, 0x6A,
    0x6C, 0xD6, 0x5A, 0xDD, 0x4E, 0xA7, 0xD9, 0xDB, 0x0A, 0xB3, 0x8D, 0x30, 0xD9, 0xA9, 0x12, 0xAA,
    0x81, 0x06, 0x3B, 0x7C, 0x1D, 0xEE, 0xC2, 0x72, 0x95, 0xDF, 0x53, 0x58, 0xDE, 0x3E, 0x18, 0x96,
    0x5F, 0x2E, 0x38, 0x28, 0x20, 0xF4, 0x57, 0x54, 0x01, 0x8E, 0x78, 0x74, 0x56, 0xF8, 0x48, 0x7C,
    0x17, 0xD6, 0xF8, 0xD9, 0x07, 0x96, 0xAA, 0xE5, 0x85, 0xCC, 0x27, 0xBE, 0xEC, 0xA3, 0xDF, 0x84,
    0xA8, 0x3E, 0x52, 0x24, 0x2F, 0xA5, 0x47, 0xCF, 0xF0, 0xA6, 0xCC, 0x3E, 0xC7, 0x93, 0x46, 0xFB,
    0xB7, 0x27, 0xFB, 0x79, 0x39, 0xE9, 0xDE, 0x49, 0xDD, 0x49, 0x21, 0xEE, 0xE7, 0x6A, 0xDC, 0xCF,
    0x65, 0xDA, 0xCF, 0x96, 0x93, 0xEE, 0x9D, 0xD4, 0x9D, 0x14, 0x96, 0x59, 0x75, 0x52, 0x71, 0x92,
    0x05, 0xF3, 0x9D, 0x5E, 0x9F, 0xC8, 0x23, 0xB7, 0x9E, 0xFE, 0xC6, 0xE1, 0xB9, 0x3C, 0xE5, 0x1F,
    0x5F, 0x16, 0x9B, 0xC5, 0x76, 0xB6, 0x9D, 0xDE, 0x45, 0xF5, 0x42, 0xDD, 0x08, 0x8B, 0x90, 0x74,
    0x79, 0x70, 0x67, 0x70, 0xF7, 0xAC, 0xC8, 0x39, 0xA9, 0xA7, 0x62, 0xD1, 0x44, 0x9D, 0x8E, 0xC6,
    0x96, 0x30, 0xEC, 0x38, 0x61, 0x52, 0x3F, 0x6C, 0x2E, 0x1F, 0x5C, 0xBE, 0xD2, 0xD1, 0xF4, 0xCD,
    0xA0, 0x13, 0xD2, 0x6A, 0x51, 0xE6, 0x3C, 0x71, 0x93, 0x07, 0x7C, 0x1D, 0x65, 0x9E, 0x2E, 0x02,
    0x37, 0x83, 0x2A, 0x4F, 0x9A, 0x3F, 0x3D, 0xEA, 0xB4, 0x76, 0xC2, 0xB0, 0x17, 0xE2, 0xA2, 0xBE,
    0xE8, 0xFC, 0x7C, 0x77, 0xBD, 0x1B, 0xB5, 0x3A, 0x21, 0x2F, 0x8A, 0x9C, 0x78, 0x02, 0x42, 0x40,
    0xB7, 0xC5, 0x3C, 0xE1, 0xF3, 0xFB, 0x07, 0x52, 0x74, 0x37, 0x39, 0x29, 0x8E, 0xD5, 0xA2, 0x4A,
    0xDE, 0x20, 0x44, 0x9D, 0x96, 0xD6, 0x05, 0xEE, 0xDE, 0xD9, 0xEC, 0x69, 0xEC, 0x69, 0xED, 0xE9,
    0xEC, 0xB8, 0x67, 0x7B, 0xCD, 0x7E, 0x93, 0x70, 0x68, 0x47, 0x97, 0x8C, 0xDD, 0xFD, 0x09, 0x7E,
    0x32, 0x29, 0x9F, 0x4B, 0xC2, 0x8F, 0x0E, 0x9E, 0x7C, 0xE2, 0xA1, 0xDB, 0x7D, 0x27, 0x0C, 0x61,
    0x68, 0xD5, 0x71, 0xA3, 0x8A, 0x6B, 0xF5, 0x49, 0x61, 0x38, 0xC9, 0x56, 0xA7, 0xB9, 0xE6, 0xEC,
    0xAB, 0x3C, 0x50, 0xE7, 0x2F, 0xCD, 0x39, 0xBA, 0x9F, 0xFF, 0x2D, 0xE7, 0x58, 0x1E, 0xAB, 0xCB,
    0x7B, 0x07, 0xB9, 0x27, 0x0C, 0x6E, 0xD0, 0xD1, 0x61, 0x4B, 0x87, 0x1D, 0x5D, 0x3E, 0x5C, 0x10,
    0xF3, 0x68, 0xCF, 0x0E, 0x7B, 0x16, 0xEC, 0x58, 0xB0, 0x55, 0xCE, 0xE8, 0xD4, 0x13, 0x9A, 0xF1,
    0x26, 0x71, 0x46, 0xCF, 0x39, 0x91, 0xFF, 0xEE, 0xF2, 0xD0, 0xA5, 0xEA, 0xF6, 0x0C, 0xDB, 0xE5,
    0x58, 0x1F, 0xDA, 0x63, 0x99, 0x4E, 0xC0, 0x49, 0x6A, 0xD5, 0xA3, 0x69, 0xA3, 0xCE, 0x79, 0x5A,
    0x9F, 0x6D, 0x5A, 0x0B, 0x91, 0x3B, 0xBB, 0xD5, 0x45, 0x9A, 0x3E, 0x4F, 0x61, 0x08, 0x39, 0xE5,
    0xDC, 0xAF, 0xF2, 0xD0, 0xCE, 0x58, 0x25, 0xEA, 0x91, 0x16, 0x80, 0x9C, 0x87, 0x93, 0xA6, 0x55,
    0x2A, 0x96, 0x22, 0xB9, 0x57, 0x26, 0xDB, 0x72, 0xB4, 0xA9, 0xA2, 0x7D, 0x1D, 0x8B, 0x39, 0xE4,
    0x9C, 0x4E, 0xEA, 0xC3, 0x17, 0x26, 0x8D, 0x59, 0x6B, 0xD1, 0xD9, 0xDA, 0xEA, 0x6C, 0x2E, 0xEB,
    0x2A, 0x44, 0x7E, 0x56, 0x91, 0xD4, 0xD1, 0x93, 0x50, 0xFE, 0xCA, 0xA1, 0xFA, 0xEB, 0xB1, 0xBE,
    0xED, 0x43, 0xBA, 0x5E, 0xD6, 0x9A, 0x77, 0x76, 0x3C, 0xDD, 0xBF, 0x73, 0x6C, 0x29, 0x8E, 0x16,
    0x9D, 0x45, 0x7B, 0x55, 0x67, 0x71, 0xCF, 0xF1, 0xF5, 0x8B, 0x9C, 0x0F, 0x27, 0x45, 0x4B, 0x35,
    0x5A, 0xCA, 0x64, 0x31, 0x5B, 0xEC, 0xAF, 0xDF, 0xB9, 0x4C, 0x50, 0x04, 0x1F, 0x8C, 0xA7, 0xB0,
    0xC6, 0xAB, 0xF1, 0x34, 0x1F, 0x54, 0x0F, 0xEB, 0xFB, 0x71, 0xFB, 0xB6, 0xBE, 0x8B, 0xBA, 0x3B,
    0xEF, 0xEF, 0xA2, 0xDE, 0xFD, 0x7E, 0xCB, 0x9A, 0x57, 0xF3, 0x34, 0xAA, 0x5F, 0xB9, 0xCE, 0xFB,
    0xBD, 0xC7, 0x3A, 0x52, 0x45, 0x9A, 0xE5, 0x51, 0x87, 0xF7, 0x61, 0xA4, 0x58, 0x25, 0xAA, 0x03,
    0x2D, 0x00, 0xE1, 0x96, 0x9C, 0xC7, 0x62, 0xAE, 0x53, 0x39, 0x4A, 0x55, 0xA4, 0x1A, 0x29, 0x17,
    0xE4, 0x03, 0xCD, 0x2D, 0xAB, 0x1C, 0x09, 0x23, 0xE5, 0xE1, 0xC3, 0x4E, 0xDA, 0xAA, 0x62, 0x37,
    0xB6, 0x43, 0xC8, 0xE7, 0x35, 0x75, 0xC0, 0xA7, 0xB1, 0x57, 0x24, 0xAB, 0x1E, 0xF2, 0x58, 0xE5,
    0x39, 0xF4, 0xFB, 0xC6, 0xFF, 0x09, 0x83, 0x7A, 0xBE, 0xFC, 0xBE, 0x4E, 0x4C, 0xDF, 0x65, 0x7A,
    0x66, 0x95, 0xBA, 0xF3, 0x17, 0x1E, 0xF6, 0x3C, 0x3D, 0xEF, 0x79, 0x46, 0x1E, 0x69, 0x5F, 0xEC,
    0xF9, 0x83, 0xEE, 0x3C, 0x8F, 0x5D, 0x3C, 0x7B, 0xCE, 0x56, 0x39, 0xF1, 0xA9, 0xE8, 0x7A, 0xBE,
    0x70, 0x20, 0xE3, 0xBD, 0x74, 0x5F, 0x67, 0xAB, 0xA8, 0x9C, 0x3C, 0xB1, 0x56, 0x27, 0x50, 0xFE,
    0xD1, 0xF3, 0x33, 0xF5, 0x58, 0xC7, 0x66, 0xBF, 0xA5, 0x9B, 0x08, 0x11, 0xCF, 0x13, 0x3A, 0x21,
    0x3A, 0x31, 0x3A, 0x41, 0x0A, 0x03, 0xF5, 0x7C, 0x6D, 0xAA, 0x4E, 0x98, 0x9C, 0x50, 0x9D, 0x58,
    0x75, 0x97, 0xEF, 0x92, 0x73, 0x4E, 0x67, 0xBD, 0xF8, 0x72, 0xE3, 0xF9, 0x78, 0x60, 0xC1, 0x8C,
    0x07, 0x6F, 0x87, 0x0F, 0xFE, 0x8D, 0x71, 0x96, 0x2B, 0xC6, 0x81, 0x8F, 0x1E, 0xE9, 0x06, 0xE0,
    0x4D, 0x4C, 0x24, 0x4D, 0x1E, 0x9A, 0xDC, 0x5F, 0x2F, 0x78, 0x0F, 0xDF, 0xB7, 0x2E, 0x75, 0x52,
    0x27, 0x35, 0x21, 0x5A, 0x8D, 0xE7, 0x36, 0xBA, 0x81, 0x5D, 0x47, 0x3B, 0x51, 0x47, 0xC0, 0xE3,
    0xA1, 0xE5, 0x69, 0x92, 0xE2, 0xCC, 0x52, 0xFC, 0x53, 0x7F, 0xC7, 0x74, 0x73, 0xEB, 0xE6, 0xF8,
    0x2E, 0xEF, 0x80, 0x6B, 0xBA, 0x51, 0x1B, 0x91, 0x17, 0x57, 0x03, 0xB8, 0x26, 0xCC, 0x49, 0x39,
    0x16, 0x49, 0x15, 0xCB, 0xA4, 0x8E, 0xE5, 0xE1, 0xC1, 0x84, 0x59, 0x7D, 0xFD, 0x6F, 0xB0, 0x13,
    0x06, 0xDB, 0xB3, 0xD9, 0x08, 0xBD, 0x9D, 0x30, 0x58, 0x84, 0x58, 0x4C, 0xEA, 0xA9, 0x49, 0xCA,
    0x9C, 0xA3, 0x33, 0x08, 0x5D, 0xBE, 0x13, 0xA0, 0x8C, 0x65, 0xAC, 0x62, 0x7D, 0x2A, 0x61, 0x38,
    0x95, 0xFE, 0x54, 0x04, 0x8D, 0x46, 0xAB, 0xB5, 0xB5, 0xB5, 0xB9, 0x0B, 0x51, 0xE5, 0x22, 0xE4,
    0xBD, 0x6A, 0xF9, 0x2E, 0xAB, 0xFE, 0x83, 0x94, 0x71, 0x4D, 0x9E, 0x2E, 0xFC, 0x30, 0x93, 0x66,
    0xAB, 0xF7, 0x49, 0x7B, 0x45, 0xBA, 0xA7, 0x3C, 0x74, 0x7D, 0x88, 0xE7, 0x00, 0x52, 0xE4, 0x85,
    0x27, 0x29, 0x7C, 0xAC, 0x32, 0x7E, 0x97, 0x22, 0x27, 0x6E, 0x06, 0xF0, 0x89, 0x5E, 0x71, 0xE9,
    0xDB, 0x7B, 0x56, 0xD3, 0x77, 0xBA, 0xBE, 0xC9, 0xB9, 0xAF, 0xF2, 0xEF, 0xF4, 0xDE, 0x0F, 0x9E,
    0x84, 0x2E, 0xE2, 0xD9, 0x03, 0x52, 0xC2, 0xFD, 0x11, 0xED, 0xF0, 0x32, 0x0D, 0x73, 0x99, 0x08,
    0x7B, 0x5E, 0xF5, 0x61, 0x84, 0xF5, 0x75, 0xBB, 0xFC, 0xD8, 0x23, 0x0F, 0x39, 0x7A, 0x54, 0xBF,
    0x11, 0x69, 0xBE, 0x1E, 0xBB, 0xDD, 0xCB, 0xBE, 0x52, 0xFC, 0x1F, 0x56, 0xCF, 0x26, 0xD5, 0x9F,
    0x47, 0x4D, 0x03, 0x8F, 0x8A, 0xFF, 0x5E, 0x02, 0x36, 0xEF, 0x0E, 0x70, 0x75, 0x06, 0xAC, 0x9F,
    0x07, 0xBC, 0x85, 0x6F, 0x83, 0x04, 0xB7, 0x70, 0xF3, 0x28, 0x70, 0x13, 0x55, 0x24, 0x20, 0x8C,
    0x54, 0x07, 0xD4, 0x11, 0xBA, 0x84, 0xD5, 0xBC, 0x07, 0x00, 0x76, 0x3A, 0x75, 0xDC, 0x5D, 0x38,
    0x77, 0xEE, 0x6B, 0xEC, 0xE4, 0xBE, 0xB3, 0x2E, 0x72, 0xBF, 0xB3, 0x2E, 0xFF, 0xBA, 0x5F, 0xAC,
    0xAB, 0x3F, 0xE8, 0x27, 0xEB, 0xF0, 0xB5, 0x5F, 0x90, 0xAC, 0x9B, 0xFA, 0xFB, 0x47, 0xEB, 0xED,
    0x39, 0x9B, 0x5F, 0xAF, 0xEB, 0x1F, 0x1D, 0xAC, 0xE7, 0xFA, 0x27, 0xD8, 0xA4, 0xFA, 0x96, 0xEE,
    0x50, 0x2D, 0x74, 0xF1, 0x6A, 0x13, 0x9D, 0xB3, 0x65, 0x8F, 0x32, 0xA3, 0xF9, 0xCA, 0xF8, 0xA0,
    0xFB, 0x22, 0x9D, 0xBC, 0x97, 0x29, 0xF4, 0xEB, 0x2A, 0x35, 0xD6, 0x21, 0x6D, 0xAC, 0x3F, 0xFC,
    0x27, 0xD7, 0xD6, 0xEB, 0x9F, 0x9C, 0xAD, 0x5F, 0xFD, 0x93, 0xC9, 0xFA, 0x27, 0x7F, 0xFE, 0x60,
    0x73, 0xF8, 0xCE, 0x78, 0xF9, 0xC7, 0xE6, 0x6C, 0x68, 0xFB, 0xB3, 0xB1, 0x46, 0x79, 0xA0, 0x99,
    0x59, 0x36, 0x00, 0x16, 0xE5, 0x74, 0x4F, 0x7D, 0xE8, 0x34, 0xB1, 0xBD, 0xF4, 0x6C, 0x11, 0x7E,
    0x79, 0x52, 0xFD, 0xC6, 0x41, 0x99, 0xE3, 0x49, 0x0F, 0x44, 0xC0, 0xE9, 0x1A, 0x01, 0x1F, 0xCA,
    0xE8, 0x15, 0x89, 0xB0, 0x70, 0xAF, 0x05, 0x50, 0xC5, 0x73, 0x09, 0x43, 0x19, 0x1B, 0x65, 0xDC,
    0x2A, 0xC7, 0x9D, 0xF2, 0x30, 0x29, 0xFE, 0x26, 0x59, 0x3D, 0x37, 0x5A, 0xFD, 0x4F, 0x24, 0xF7,
    0x64, 0x2C, 0x57, 0x5D, 0x23, 0x6B, 0x8E, 0x64, 0xF8, 0xEC, 0x0F, 0x62, 0xBF, 0x65, 0xB7, 0x7E,
    0xAC, 0xBC, 0xEF, 0x3A, 0x21, 0xBE, 0x9F, 0x73, 0x94, 0xCF, 0x86, 0xEE, 0xF9, 0xAF, 0x4C, 0x08,
    0x23, 0xBA, 0x1E, 0xC7, 0xEB, 0x5B, 0xEA, 0x03, 0xDA, 0x01, 0xBF, 0x88, 0x62, 0x46, 0x9D, 0xD0,
    0x44, 0x74, 0x39, 0xA7, 0x3B, 0xC3, 0x0A, 0x61, 0xA0, 0xC3, 0x0C, 0x70, 0x59, 0xCD, 0x27, 0x5D,
    0xDF, 0x5F, 0xAE, 0x71, 0x23, 0xD2, 0xF5, 0x3C, 0x43, 0x31, 0xDD, 0xB9, 0x68, 0x06, 0xBA, 0xBC,
    0xB8, 0xC9, 0x33, 0xCA, 0x1E, 0x21, 0xA2, 0x1A, 0x5E, 0x7E, 0xF2, 0xC4, 0x6A, 0xC2, 0x1B, 0x5F,
    0x22, 0xF5, 0x83, 0x29, 0xF0, 0xCB, 0x4E, 0xFD, 0x60, 0x0A, 0xFC, 0x12, 0xA8, 0xFF, 0x17, 0x45,
    0xCE, 0x01, 0x66, 0xF4, 0x40, 0x18, 0xC6, 0xF1, 0x5F, 0x32, 0x08, 0xE2, 0x33, 0xDF, 0x01, 0x4A,
    0x6E, 0xD0, 0x3D, 0x41, 0x77, 0xF7, 0x58, 0x45, 0x69, 0x8E, 0x55, 0x6C, 0x99, 0x23, 0xE4, 0x08,
    0x73, 0x84, 0x41, 0x10, 0x54, 0xA6, 0x5E, 0x96, 0x8E, 0xF7, 0xC1, 0xCC, 0xFC, 0xDF, 0xC7, 0x5F,
    0x3E, 0xE9, 0x7D, 0x1B, 0x8F, 0xB9, 0xA5, 0x4D, 0x9B, 0x0A, 0xD3, 0x46, 0xFA, 0x41, 0xAF, 0x2C,
    0x27, 0x43, 0x2F, 0xE4, 0x78, 0xAD, 0x2F, 0x52, 0xBD, 0x9A, 0xCA, 0x6D, 0xBB, 0xAC, 0xB9, 0x9F,
    0x86, 0x60, 0xE0, 0x1F, 0xF2, 0x33, 0xAF, 0x0C, 0x07, 0xA0, 0x6F, 0x53, 0x3F, 0xF2, 0xFD, 0xB1,
    0xF8, 0x9F, 0x57, 0xF3, 0x21, 0xCA, 0xE6, 0xC6, 0xFE, 0x6E, 0xFF, 0x1E, 0xDA, 0x2D, 0x00, 0x50,
    0x69, 0x31, 0x63, 0x93, 0x57, 0x42, 0xAB, 0xB7, 0x88, 0x0B, 0x6E, 0xB8, 0xE2, 0x0D, 0x1F, 0x78,
    0x20, 0x1C, 0x0F, 0x34, 0xB1, 0x24, 0x45, 0x2A, 0x69, 0x63, 0x2A, 0xCC, 0x05, 0x18, 0xC5, 0x9D,
    0x54, 0x98, 0x56, 0x3E, 0xFD, 0x9D, 0x2F, 0x76, 0x9A, 0xA5, 0xAF, 0x4B, 0xBF, 0xA7, 0x1A, 0xCB,
    0xA9, 0x04, 0x3E, 0x97, 0xD0, 0xC8, 0x77, 0x99, 0x98, 0x5D, 0x58, 0x33, 0x8A, 0xDF, 0x60, 0xD6,
    0x67, 0xD3, 0x2F, 0x0D, 0xCC, 0xB1, 0x0D, 0x82, 0x40, 0x14, 0x80, 0xE1, 0x5F, 0x4F, 0x43, 0x41,
    0x71, 0xB6, 0x96, 0x76, 0x36, 0x86, 0x86, 0x12, 0x78, 0x6F, 0x04, 0x47, 0x61, 0x00, 0x12, 0x6F,
    0x03, 0x97, 0xA1, 0xB0, 0x20, 0xF1, 0x25, 0x2E, 0x70, 0x23, 0xE0, 0x06, 0x67, 0x47, 0x41, 0x40,
    0xF2, 0xF5, 0xDF, 0x29, 0x0D, 0x37, 0xD4, 0x45, 0x1F, 0x6A, 0x98, 0xC8, 0x17, 0xC4, 0x2B, 0xE0,
    0xBF, 0x26, 0xAB, 0x95, 0x67, 0x64, 0x45, 0x16, 0xEE, 0x87, 0xA1, 0x93, 0x29, 0x0F, 0xED, 0xDC,
    0xB7, 0xD7, 0xB9, 0xEB, 0xAB, 0x23, 0x62, 0xBF, 0x31, 0xA5, 0x77, 0x2C, 0x02, 0xAA, 0xEE, 0x63,
    0xFE, 0xA9, 0x75, 0x45, 0x27, 0x14, 0x5B, 0x13, 0x81, 0x42, 0x5F, 0xA4, 0x4D, 0x89, 0x0B, 0xCE,
    0x9C, 0x65, 0xD6, 0x00, 0x7B, 0x32, 0x7C, 0x64, 0xBC, 0x8C, 0x62, 0x3B, 0x1A, 0x12, 0x0B, 0x0F,
    0xFE, 0x35, 0xC8, 0x81, 0x65, 0xC0, 0x40, 0x1C, 0xC5, 0xE1, 0x2F, 0xF9, 0x97, 0xA0, 0xB8, 0x11,
    0xB2, 0x41, 0xBB, 0x40, 0x25, 0x19, 0xAC, 0x25, 0xA3, 0x9D, 0x42, 0x01, 0x32, 0xC2, 0x75, 0x83,
    0xD0, 0xA3, 0xC5, 0x91, 0x5E, 0x49, 0x3D, 0x1F, 0xCF, 0xCF, 0x0B, 0x16, 0xA4, 0x0D, 0x40, 0x13,
    0xF5, 0xCD, 0x63, 0x59, 0xCD, 0xF9, 0xD9, 0x2A, 0xED, 0x4D, 0x7A, 0xAF, 0xA6, 0x8F, 0x22, 0xAE,
    0xDC, 0xA1, 0xE1, 0x07, 0x95, 0xF1, 0x24, 0xFE, 0x1D, 0x4C, 0x19, 0x0F, 0x78, 0x42, 0x72, 0x07,
    0xD0, 0xEF, 0xDF, 0xD2, 0x1E, 0x79, 0x16, 0x79, 0x11, 0xC7, 0xAB, 0x28, 0xD5, 0xF8, 0x79, 0x1A,
    0xBE, 0x0E, 0xC3, 0x77, 0xE6, 0xDA, 0x3A, 0xB4, 0xDB, 0x49, 0x14, 0xAE, 0xDC, 0xE1, 0x17, 0x0A,
    0x58, 0x80, 0x01, 0x18, 0x18, 0x0A, 0x2E, 0x00, 0xEA, 0x1E, 0x43, 0x10, 0x37, 0x82, 0x30, 0x0A,
    0x7F, 0x97, 0x81, 0x0E, 0x74, 0xE1, 0x26, 0x9E, 0xC0, 0xD8, 0x88, 0xB6, 0x6B, 0x2A, 0x22, 0xB2,
    0x99, 0x81, 0x7A, 0x5A, 0x53, 0x5F, 0xEF, 0x45, 0xC5, 0x85, 0x6C, 0xBD, 0xA8, 0xAF, 0x3A, 0xA8,
    0xA7, 0xF6, 0x44, 0xE8, 0x4D, 0xA9, 0x87, 0xF5, 0xA2, 0xAC, 0x57, 0x23, 0x56, 0x44, 0x6C, 0x3B,
    0x7D, 0x97, 0x81, 0x40, 0x29, 0xD9, 0x9F, 0x37, 0x3B, 0xEF, 0x7F, 0xEF, 0xFD, 0xFC, 0xE3, 0xA3,
    0x23, 0xA4, 0x2F, 0x1F, 0x9E, 0x73, 0xAD, 0xC0, 0x44, 0x86, 0xC7, 0x7C, 0x3F, 0x7C, 0x8D, 0xF7,
    0x5C, 0xAB, 0x08, 0x58, 0x56, 0x84, 0xD3, 0x6A, 0x6D, 0xD7, 0x5C, 0xAF, 0x65, 0x98, 0xC3, 0xEF,
    0x92, 0x4B, 0x7E, 0xFF, 0xAE, 0x94, 0xA9, 0xE8, 0xA6, 0x4F, 0x7F, 0xDD, 0x6C, 0x74, 0xBC, 0xA0,
    0xE3, 0xC0, 0x0E, 0xF0, 0x84, 0xBE, 0x45, 0x1D, 0x36, 0x2C, 0xA9, 0xDC, 0x73, 0x2B, 0xFE, 0x1A,
    0xB0, 0x6F, 0xA2, 0x93, 0xB6, 0xA2, 0x93, 0x5F, 0x81, 0x1D, 0x80, 0x77, 0x84, 0x6F, 0x7D, 0xEB,
    0xAB, 0xC4, 0x46, 0xC1, 0x25, 0x80, 0xF7, 0x51, 0x7D, 0x9D, 0xB7, 0xEA, 0x2B, 0xBF, 0x01, 0xC0,
    0x24, 0xB0, 0x82, 0xEB, 0x85, 0x48, 0x28, 0x25, 0x09, 0x3D, 0x2D, 0xD0, 0x01, 0x5B, 0x2A, 0xEE,
    0x80, 0x23, 0x30, 0x01, 0xB9, 0xE2, 0x46, 0x58, 0x08, 0x17, 0x62, 0x46, 0x61, 0xC0, 0xE9, 0x15,
    0xC2, 0x48, 0x53, 0x67, 0xE2, 0x00, 0xE1, 0x69, 0xEE, 0xA1, 0x94, 0xF8, 0xDF, 0xDC, 0x07, 0x20,
    0xE2, 0x66, 0x39, 0x38, 0x94, 0xA8, 0x15, 0x1E, 0x9F, 0x9C, 0x51, 0xB4, 0x39, 0x01, 0x10, 0xCC,
    0xB8, 0x0F, 0x36, 0x7F, 0x7F, 0x65, 0x86, 0xAD, 0x9D, 0xE1, 0x08, 0xB4, 0x25, 0x2E, 0x32, 0xD0,
    0x35, 0xC9, 0x26, 0xE0, 0xC1, 0x0C, 0x1E, 0x60, 0x5A, 0x0C, 0x1D, 0x95, 0x4F, 0x80, 0xF4, 0x9F,
    0x23, 0x20, 0xFF, 0xDB, 0x1E, 0xC0, 0xCE, 0xC1, 0x4D, 0x94, 0x08, 0xF3, 0xE1, 0x8F, 0x29, 0xA3,
    0xDE, 0x70, 0xF2, 0xEE, 0xD3, 0x84, 0xFD, 0x91, 0x9B, 0xCF, 0x7C, 0xC4, 0x2F, 0x46, 0xFB, 0x8B,
    0x2D, 0xFB, 0x9B, 0xCA, 0x27, 0xCE, 0xBA, 0x19, 0x38, 0xFB, 0x5D, 0x4F, 0xCD, 0xAF, 0x99, 0x4D,
    0x76, 0xA9, 0xE5, 0x4E, 0xB5, 0xC3, 0xE3, 0x7A, 0x93, 0x9E, 0xF5, 0x66, 0xD0, 0x5A, 0x13, 0x47,
    0x3A, 0xA4, 0x37, 0xD2, 0xF7, 0x00, 0x4D, 0x02, 0x7C, 0x84, 0x4A, 0x4F, 0x80, 0x19, 0x01, 0x97,
    0x80, 0x00, 0x30, 0x03, 0x8A, 0x82, 0xBD, 0x58, 0xBB, 0x8B, 0x35, 0xFF, 0x63, 0x3D, 0x02, 0xBC,
    0x24, 0x10, 0x74, 0x02, 0x80, 0xEE, 0x78, 0x5C, 0x6C, 0xB4, 0x04, 0xFC, 0x05, 0x6C, 0xCC, 0x21,
    0x0E, 0xC2, 0x40, 0x14, 0x84, 0xE1, 0x1F, 0x10, 0x15, 0x88, 0x2A, 0x02, 0x09, 0x62, 0x0D, 0xBE,
    0x17, 0x28, 0xEC, 0x15, 0x10, 0x10, 0x2E, 0x43, 0xD2, 0xDE, 0x8C, 0x3D, 0xC2, 0x1A, 0x3C, 0xA6,
    0xBE, 0x62, 0x45, 0x45, 0xCB, 0xF0, 0x9E, 0x47, 0x7C, 0x93, 0x19, 0x33, 0x52, 0x6A, 0xA4, 0xB1,
    0x29, 0xCC, 0xA6, 0x6D, 0xCA, 0xC9, 0xB4, 0xFF, 0x1C, 0x0C, 0xD1, 0x2C, 0x25, 0x6A, 0x36, 0x1F,
    0x78, 0x99, 0x4A, 0x0B, 0x84, 0xDC, 0xC1, 0x99, 0xBA, 0x67, 0x02, 0x56, 0x23, 0x60, 0xB7, 0xB0,
    0x1F, 0x6E, 0xB0, 0x49, 0xC0, 0xF1, 0x7D, 0x85, 0x4E, 0xD9, 0x27, 0x16, 0xD9, 0x63, 0xE4, 0x09,
    0xCB, 0x7A, 0x82, 0xCE, 0xEF, 0xEA, 0xAF, 0x91, 0x52, 0xD0, 0x1D, 0x42, 0x82, 0x2A, 0xB1, 0x7B,
    0x0C, 0x44, 0xC9, 0x3B, 0x84, 0x1E, 0xAF, 0x2A, 0x70, 0xC1, 0x27, 0x6C, 0xB3, 0xFF, 0x00, 0xB3,
    0x89, 0xBF, 0x41, 0x04, 0x01, 0x75, 0xCF, 0x01, 0x86, 0x2C, 0x57, 0x14, 0xC6, 0xF1, 0x5F, 0x55,
    0xA1, 0x50, 0xB8, 0x0B, 0x98, 0x50, 0x3B, 0x48, 0x01, 0x08, 0xD3, 0xA9, 0xDA, 0x49, 0xB6, 0x90,
    0x05, 0xF4, 0x74, 0x17, 0xD9, 0x4A, 0x16, 0x31, 0xE8, 0x64, 0xEE, 0x0E, 0xD2, 0x4B, 0x28, 0x64,
    0x01, 0x25, 0xD3, 0xA4, 0x79, 0x35, 0x7D, 0xDE, 0x5C, 0xDE, 0xCC, 0x9B, 0xC1, 0xC3, 0xC7, 0xE5,
    0xFE, 0xBF, 0xF3, 0x3F, 0xC7, 0xDF, 0x88, 0x85, 0x76, 0xC3, 0x01, 0x3D, 0xF1, 0xCF, 0xD4, 0xC6,
    0x97, 0xB9, 0xCF, 0xC7, 0x3C, 0x1A, 0xE6, 0xBD, 0x34, 0x9F, 0xA4, 0xE9, 0xAA, 0xB7, 0x19, 0x9D,
    0x3C, 0x18, 0xAB, 0xAB, 0x3E, 0x56, 0x4D, 0x4C, 0x3C, 0x45, 0xCC, 0x22, 0x62, 0xB2, 0x4A, 0xAA,
    0x55, 0xAF, 0x5E, 0x0D, 0x9A, 0xC5, 0x4E, 0x73, 0x76, 0xAF, 0xC9, 0xEE, 0xB5, 0xD9, 0x5E, 0x97,
    0x3D, 0x4A, 0x93, 0x8B, 0x44, 0xC1, 0x15, 0xBC, 0x5A, 0xFD, 0xAC, 0xFE, 0x8C, 0x37, 0xDF, 0xF1,
    0xB9, 0xE0, 0x13, 0xF1, 0x2E, 0xDA, 0x60, 0x07, 0x23, 0x94, 0xCF, 0xC2, 0x2A, 0x4E, 0xC5, 0x8E,
    0x2B, 0x6C, 0x68, 0x2E, 0xE8, 0xCE, 0x18, 0x26, 0x1C, 0x50, 0x5D, 0xD1, 0xAE, 0x48, 0x19, 0x23,
    0x1F, 0xCE, 0x28, 0xAF, 0x1C, 0xAF, 0x79, 0xAB, 0xF5, 0x33, 0x8E, 0xEF, 0xE3, 0x3E, 0xD7, 0x5E,
    0x50, 0x5F, 0xD0, 0x2E, 0x6F, 0xE8, 0xF8, 0x03, 0xF4, 0x2F, 0xD8, 0xDF, 0xF6, 0xB0, 0xC3, 0x09,
    0x57, 0xAC, 0x34, 0x25, 0x67, 0xDA, 0x4C, 0x2A, 0xC1, 0x80, 0x5F, 0x8D, 0xE7, 0xBD, 0x71, 0xD9,
    0xD4, 0xEB, 0x45, 0xF5, 0xDF, 0xCA, 0xF3, 0xC2, 0xFF, 0x99, 0x28, 0x99, 0x78, 0xC2, 0x81, 0x76,
    0xAB, 0x5F, 0x8C, 0xF1, 0x5B, 0xCC, 0x0F, 0xDD, 0xAD, 0xCB, 0x8F, 0xCD, 0xDA, 0xE4, 0x53, 0xBF,
    0xA5, 0x3C, 0xDE, 0xC6, 0x90, 0x2E, 0xDD, 0x86, 0x71, 0x26, 0xB2, 0xEA, 0x79, 0xD6, 0x2C, 0x34,
    0x99, 0x62, 0xEC, 0x8A, 0x71, 0x26, 0x4D, 0x24, 0xF4, 0x18, 0xB0, 0xC3, 0x3D, 0xF6, 0x9F, 0x97,
    0xFD, 0x65, 0x25, 0x32, 0xC7, 0x89, 0xFA, 0x4F, 0x73, 0x8A, 0x3F, 0xCE, 0x43, 0x17, 0xF9, 0x27,
    0x07, 0xD0, 0x2D, 0xCD, 0x34, 0xDE, 0xD2, 0x74, 0x1A, 0xC2, 0xEF, 0xD5, 0x23, 0xAA, 0x0B, 0x45,
    0x98, 0x72, 0x8A, 0xD8, 0x5E, 0x73, 0x55, 0xAF, 0xB4, 0xE7, 0xE2, 0x35, 0x46, 0xAC, 0xAF, 0x59,
    0x9A, 0xB5, 0x10, 0x0C, 0x00, 0xEA, 0x8B, 0xEA, 0x69, 0x75, 0x8C, 0x29, 0xC5, 0x6C, 0x58, 0xE8,
    0x6F, 0xE5, 0xE4, 0x17, 0xEA, 0xF8, 0xB6, 0x38, 0x11, 0x51, 0x02, 0xBA, 0x32, 0x32, 0xDE, 0x99,
    0x45, 0x69, 0xDD, 0x45, 0xBE, 0x8B, 0x7F, 0x8D, 0x57, 0x1E, 0xF0, 0xB1, 0xF3, 0x15,
};

static const EpdGlyph notosans_12_italicGlyphs[] = {
    { 0, 0, 0, 0, 0, 0, 0 }, // U+0000
    { 0, 0, 104, 0, 0, 0, 0 }, // U+000D
    { 0, 0, 112, 0, 0, 0, 0 }, // U+0020
    { 7, 17, 116, 0, 17, 30, 0 }, // !
    { 7, 6, 120, 2, 17, 11, 30 }, // "
    { 17, 17, 255, 0, 17, 73, 41 }, // #
    { 15, 21, 236, 0, 19, 79, 114 }, // $
    { 21, 17, 386, 2, 17, 90, 193 }, // %
    { 16, 17, 292, 1, 17, 68, 283 }, // &
    { 4, 6, 64, 2, 17, 6, 351 }, // '
    { 9, 22, 118, 1, 18, 50, 357 }, // (
    { 9, 22, 118, -2, 18, 50, 407 }, // )
    { 9, 9, 194, 3, 17, 21, 457 }, // *
    { 13, 13, 242, 1, 13, 43, 478 }, // +
    { 5, 8, 82, -1, 4, 10, 521 }, // ,
    { 9, 3, 144, 0, 8, 7, 531 }, // -
    { 5, 4, 83, -1, 4, 5, 538 }, // .
    { 14, 20, 153, -2, 18, 70, 543 }, // /
    { 15, 17, 256, 1, 17, 64, 613 }, // 0
    { 8, 17, 163, 2, 17, 34, 677 }, // 1
    { 15, 17, 219, -1, 17, 64, 711 }, // 2
    { 14, 17, 230, 0, 17, 60, 775 }, // 3
    { 15, 17, 246, 0, 17, 64, 835 }, // 4
    { 14, 17, 233, 1, 17, 60, 899 }, // 5
    { 14, 17, 239, 1, 17, 60, 959 }, // 6
    { 14, 17, 204, 1, 17, 60, 1019 }, // 7
    { 13, 17, 246, 1, 17, 56, 1079 }, // 8
    { 13, 17, 238, 2, 17, 56, 1135 }, // 9
    { 7, 13, 83, -1, 13, 23, 1191 }, // :
    { 7, 17, 83, -1, 13, 30, 1214 }, // ;
    { 15, 12, 221, 0, 12, 45, 1244 }, // <
    { 15, 7, 251, 0, 10, 27, 1289 }, // =
    { 14, 12, 221, -1, 12, 42, 1316 }, // >
    { 11, 17, 192, 2, 17, 47, 1358 }, // ?
    { 18, 18, 311, 1, 15, 81, 1405 }, // @
    { 17, 17, 250, -2, 17, 73, 1486 }, // A
    { 16, 17, 245, 0, 17, 68, 1559 }, // B
    { 16, 17, 258, 1, 17, 68, 1627 }, // C
    { 17, 17, 268, 0, 17, 73, 1695 }, // D
    { 16, 17, 228, 0, 17, 68, 1768 }, // E
    { 16, 17, 221, 0, 17, 68, 1836 }, // F
    { 16, 17, 278, 1, 17, 68, 1904 }, // G
    { 18, 17, 278, 0, 17, 77, 1972 }, // H
    { 11, 17, 157, 0, 17, 47, 2049 }, // I
    { 15, 17, 205, -1, 17, 64, 2096 }, // J
    { 17, 17, 252, 0, 17, 73, 2160 }, // K
    { 13, 17, 216, 0, 17, 56, 2233 }, // L
    { 21, 17, 330, 0, 17, 90, 2289 }, // M
    { 18, 17, 277, 0, 17, 77, 2379 }, // N
    { 17, 17, 286, 1, 17, 73, 2456 }, // O
    { 16, 17, 237, 0, 17, 68, 2529 }, // P
    { 17, 18, 290, 1, 17, 77, 2597 }, // Q
    { 16, 17, 246, 0, 17, 68, 2674 }, // R
    { 15, 17, 237, 0, 17, 64, 2742 }, // S
    { 14, 17, 223, 2, 17, 60, 2806 }, // T
    { 18, 17, 276, 0, 17, 77, 2866 }, // U
    { 15, 17, 237, 2, 17, 64, 2943 }, // V
    { 22, 17, 342, 2, 17, 94, 3007 }, // W
    { 20, 17, 249, -2, 17, 85, 3101 }, // X
    { 15, 17, 230, 2, 17, 64, 3186 }, // Y
    { 17, 17, 243, -1, 17, 73, 3250 }, // Z
    { 11, 22, 127, -1, 18, 61, 3323 }, // [
    { 6, 20, 152, 2, 18, 30, 3384 }, // <backslash>
    { 11, 22, 125, -2, 18, 61, 3414 }, // ]
    { 12, 9, 221, 1, 17, 27, 3475 }, // ^
    { 10, 2, 148, -2, 0, 5, 3502 }, // _
    { 6, 5, 125, 1, 21, 8, 3507 }, // `
    { 13, 13, 210, 0, 13, 43, 3515 }, // a
    { 14, 18, 227, 0, 18, 63, 3558 }, // b
    { 13, 13, 194, 0, 13, 43, 3621 }, // c
    { 15, 18, 225, 0, 18, 68, 3664 }, // d
    { 14, 13, 215, 0, 13, 46, 3732 }, // e
    { 9, 18, 126, 1, 18, 41, 3778 }, // f
    { 14, 18, 224, 0, 13, 63, 3819 }, // g
    { 14, 18, 221, 0, 18, 63, 3882 }, // h
    { 6, 18, 101, 1, 18, 27, 3945 }, // i
    { 11, 22, 98, -4, 18, 61, 3972 }, // j
    { 13, 18, 197, 0, 18, 59, 4033 }, // k
    { 7, 18, 105, 0, 18, 32, 4092 }, // l
    { 21, 13, 338, 0, 13, 69, 4124 }, // m
    { 13, 13, 220, 0, 13, 43, 4193 }, // n
    { 13, 13, 219, 0, 13, 43, 4236 }, // o
    { 15, 17, 227, -1, 13, 64, 4279 }, // p
    { 14, 17, 229, 0, 13, 60, 4343 }, // q
    { 10, 14, 140, 0, 14, 35, 4403 }, // r
    { 12, 13, 188, 0, 13, 39, 4438 }, // s
    { 8, 17, 130, 1, 17, 34, 4477 }, // t
    { 14, 13, 216, 0, 13, 46, 4511 }, // u
    { 12, 13, 184, 1, 13, 39, 4557 }, // v
    { 18, 13, 274, 1, 13, 59, 4596 }, // w
    { 15, 13, 192, -2, 13, 49, 4655 }, // x
    { 14, 17, 180, -1, 13, 60, 4704 }, // y
    { 13, 13, 184, -1, 13, 43, 4764 }, // z
    { 10, 22, 134, 0, 18, 55, 4807 }, // {
    { 9, 25, 95, -1, 21, 57, 4862 }, // |
    { 10, 22, 134, -2, 18, 55, 4919 }, // }
    { 14, 5, 222, 0, 9, 18, 4974 }, // ~
    { 0, 0, 112, 0, 0, 0, 0 }, // U+00A0
    { 7, 17, 116, 0, 13, 30, 0 }, // U+00A1
    { 13, 18, 194, 0, 16, 59, 30 }, // U+00A2
    { 16, 17, 244, 0, 17, 68, 89 }, // U+00A3
    { 13, 13, 232, 1, 15, 43, 157 }, // U+00A4
    { 16, 17, 230, 1, 17, 68, 200 }, // U+00A5
    { 9, 25, 95, -1, 21, 57, 268 }, // U+00A6
    { 13, 21, 210, 0, 17, 69, 325 }, // U+00A7
    { 9, 3, 234, 3, 19, 7, 394 }, // U+00A8
    { 19, 17, 319, 1, 17, 81, 401 }, // U+00A9
    { 8, 9, 149, 2, 18, 18, 482 }, // U+00AA
    { 13, 11, 225, 1, 12, 36, 500 }, // U+00AB
    { 14, 8, 241, 1, 10, 28, 536 }, // U+00AC
    { 19, 17, 319, 1, 17, 81, 564 }, // U+00AE
    { 14, 2, 200, -1, 21, 7, 645 }, // U+00AF
    { 8, 7, 141, 2, 17, 14, 652 }, // U+00B0
    { 14, 13, 232, 0, 13, 46, 666 }, // U+00B1
    { 9, 10, 153, 2, 20, 23, 712 }, // U+00B2
    { 9, 10, 154, 2, 20, 23, 735 }, // U+00B3
    { 6, 4, 125, 1, 20, 6, 758 }, // U+00B4
    { 14, 21, 204, 1, 17, 74, 764 }, // U+00B6
    { 4, 4, 96, 1, 8, 4, 838 }, // U+00B7
    { 6, 6, 92, 0, 0, 9, 842 }, // U+00B8
    { 5, 10, 102, 3, 20, 13, 851 }, // U+00B9
    { 8, 8, 152, 2, 18, 16, 864 }, // U+00BA
    { 13, 11, 225, 0, 12, 36, 880 }, // U+00BB
    { 19, 17, 328, 1, 17, 81, 916 }, // U+00BC
    { 19, 17, 335, 1, 17, 81, 997 }, // U+00BD
    { 19, 17, 354, 2, 17, 81, 1078 }, // U+00BE
    { 11, 18, 183, -1, 13, 50, 1159 }, // U+00BF
    { 17, 22, 250, -2, 22, 94, 1209 }, // U+00C0
    { 17, 22, 250, -2, 22, 94, 1303 }, // U+00C1
    { 17, 22, 250, -2, 22, 94, 1397 }, // U+00C2
    { 18, 22, 250, -2, 22, 99, 1491 }, // U+00C3
    { 17, 22, 250, -2, 22, 94, 1590 }, // U+00C4
    { 17, 21, 250, -2, 21, 90, 1684 }, // U+00C5
    { 26, 17, 356, -2, 17, 111, 1774 }, // U+00C6
    { 16, 22, 258, 1, 17, 88, 1885 }, // U+00C7
    { 16, 22, 228, 0, 22, 88, 1973 }, // U+00C8
    { 16, 22, 228, 0, 22, 88, 2061 }, // U+00C9
    { 16, 22, 228, 0, 22, 88, 2149 }, // U+00CA
    { 16, 22, 228, 0, 22, 88, 2237 }, // U+00CB
    { 11, 22, 157, 0, 22, 61, 2325 }, // U+00CC
    { 12, 22, 157, 0, 22, 66, 2386 }, // U+00CD
    { 12, 22, 157, 0, 22, 66, 2452 }, // U+00CE
    { 12, 22, 157, 0, 22, 66, 2518 }, // U+00CF
    { 16, 17, 276, 1, 17, 68, 2584 }, // U+00D0
    { 18, 22, 277, 0, 22, 99, 2652 }, // U+00D1
    { 17, 22, 286, 1, 22, 94, 2751 }, // U+00D2
    { 17, 22, 286, 1, 22, 94, 2845 }, // U+00D3
    { 17, 22, 286, 1, 22, 94, 2939 }, // U+00D4
    { 17, 22, 286, 1, 22, 94, 3033 }, // U+00D5
    { 17, 21, 286, 1, 21, 90, 3127 }, // U+00D6
    { 13, 11, 212, 0, 12, 36, 3217 }, // U+00D7
    { 19, 17, 286, 0, 17, 81, 3253 }, // U+00D8
    { 18, 22, 276, 0, 22, 99, 3334 }, // U+00D9
    { 18, 22, 276, 0, 22, 99, 3433 }, // U+00DA
    { 18, 22, 276, 0, 22, 99, 3532 }, // U+00DB
    { 18, 22, 276, 0, 22, 99, 3631 }, // U+00DC
    { 15, 22, 230, 2, 22, 83, 3730 }, // U+00DD
    { 15, 17, 237, 0, 17, 64, 3813 }, // U+00DE
    { 14, 17, 235, 0, 17, 60, 3877 }, // U+00DF
    { 13, 18, 210, 0, 18, 59, 3937 }, // U+00E0
    { 13, 18, 210, 0, 18, 59, 3996 }, // U+00E1
    { 13, 18, 210, 0, 18, 59, 4055 }, // U+00E2
    { 13, 18, 210, 0, 18, 59, 4114 }, // U+00E3
    { 13, 18, 210, 0, 18, 59, 4173 }, // U+00E4
    { 13, 20, 210, 0, 20, 65, 4232 }, // U+00E5
    { 22, 13, 344, 0, 13, 72, 4297 }, // U+00E6
    { 13, 18, 194, 0, 13, 59, 4369 }, // U+00E7
    { 14, 18, 215, 0, 18, 63, 4428 }, // U+00E8
    { 14, 18, 215, 0, 18, 63, 4491 }, // U+00E9
    { 14, 18, 215, 0, 18, 63, 4554 }, // U+00EA
    { 14, 18, 215, 0, 18, 63, 4617 }, // U+00EB
    { 5, 19, 101, 1, 19, 24, 4680 }, // U+00EC
    { 8, 19, 101, 1, 19, 38, 4704 }, // U+00ED
    { 9, 18, 101, 0, 18, 41, 4742 }, // U+00EE
    { 9, 18, 106, 1, 18, 41, 4783 }, // U+00EF
    { 14, 18, 226, 0, 18, 63, 4824 }, // U+00F0
    { 14, 18, 220, 0, 18, 63, 4887 }, // U+00F1
    { 13, 18, 219, 0, 18, 59, 4950 }, // U+00F2
    { 13, 18, 219, 0, 18, 59, 5009 }, // U+00F3
    { 13, 18, 219, 0, 18, 59, 5068 }, // U+00F4
    { 14, 18, 219, 0, 18, 63, 5127 }, // U+00F5
    { 13, 18, 219, 0, 18, 59, 5190 }, // U+00F6
    { 13, 12, 242, 1, 12, 39, 5249 }, // U+00F7
    { 14, 14, 219, 0, 14, 49, 5288 }, // U+00F8
    { 14, 19, 216, 0, 19, 67, 5337 }, // U+00F9
    { 14, 19, 216, 0, 19, 67, 5404 }, // U+00FA
    { 14, 18, 216, 0, 18, 63, 5471 }, // U+00FB
    { 14, 18, 216, 0, 18, 63, 5534 }, // U+00FC
    { 14, 23, 180, -1, 19, 81, 5597 }, // U+00FD
    { 15, 22, 227, -1, 18, 83, 5678 }, // U+00FE
    { 14, 22, 180, -1, 18, 77, 5761 }, // U+00FF
    { 17, 21, 250, -2, 21, 90, 0 }, // U+0100
    { 13, 17, 210, 0, 17, 56, 90 }, // U+0101
    { 17, 22, 250, -2, 22, 94, 146 }, // U+0102
    { 13, 18, 210, 0, 18, 59, 240 }, // U+0103
    { 17, 21, 250, -2, 17, 90, 299 }, // U+0104
    { 13, 17, 210, 0, 13, 56, 389 }, // U+0105
    { 16, 22, 258, 1, 22, 88, 445 }, // U+0106
    { 13, 18, 194, 0, 18, 59, 533 }, // U+0107
    { 16, 21, 258, 1, 21, 84, 592 }, // U+010A
    { 13, 18, 194, 0, 18, 59, 676 }, // U+010B
    { 16, 22, 258, 1, 22, 88, 735 }, // U+010C
    { 13, 18, 194, 0, 18, 59, 823 }, // U+010D
    { 17, 22, 268, 0, 22, 94, 882 }, // U+010E
    { 19, 18, 254, 0, 18, 86, 976 }, // U+010F
    { 16, 17, 276, 1, 17, 68, 1062 }, // U+0110
    { 17, 18, 226, 0, 18, 77, 1130 }, // U+0111
    { 16, 21, 228, 0, 21, 84, 1207 }, // U+0112
    { 14, 17, 215, 0, 17, 60, 1291 }, // U+0113
    { 16, 22, 228, 0, 22, 88, 1351 }, // U+0116
    { 14, 18, 215, 0, 18, 63, 1439 }, // U+0117
    { 16, 21, 228, 0, 17, 84, 1502 }, // U+0118
    { 14, 17, 215, 0, 13, 60, 1586 }, // U+0119
    { 16, 22, 228, 0, 22, 88, 1646 }, // U+011A
    { 14, 18, 215, 0, 18, 63, 1734 }, // U+011B
    { 16, 22, 278, 1, 22, 88, 1797 }, // U+011E
    { 14, 23, 224, 0, 18, 81, 1885 }, // U+011F
    { 16, 21, 278, 1, 21, 84, 1966 }, // U+0120
    { 14, 23, 224, 0, 18, 81, 2050 }, // U+0121
    { 16, 24, 278, 1, 17, 96, 2131 }, // U+0122
    { 14, 25, 224, 0, 20, 88, 2227 }, // U+0123
    { 19, 17, 278, 0, 17, 81, 2315 }, // U+0126
    { 13, 18, 220, 0, 18, 59, 2396 }, // U+0127
    { 12, 21, 157, 0, 21, 63, 2455 }, // U+012A
    { 8, 17, 101, 1, 17, 34, 2518 }, // U+012B
    { 11, 21, 157, 0, 17, 58, 2552 }, // U+012E
    { 9, 22, 101, -2, 18, 50, 2610 }, // U+012F
    { 11, 22, 157, 0, 22, 61, 2660 }, // U+0130
    { 5, 13, 101, 1, 13, 17, 2721 }, // U+0131
    { 23, 17, 362, 0, 17, 98, 2738 }, // U+0132
    { 13, 22, 199, 1, 18, 72, 2836 }, // U+0133
    { 17, 24, 252, 0, 17, 102, 2908 }, // U+0136
    { 13, 25, 197, 0, 18, 82, 3010 }, // U+0137
    { 12, 24, 214, 1, 24, 72, 3092 }, // U+0139
    { 7, 26, 100, 1, 26, 46, 3164 }, // U+013A
    { 13, 24, 216, 0, 17, 78, 3210 }, // U+013B
    { 9, 25, 105, -2, 18, 57, 3288 }, // U+013C
    { 13, 17, 216, 0, 17, 56, 3345 }, // U+013D
    { 11, 18, 126, 0, 18, 50, 3401 }, // U+013E
    { 15, 17, 228, -1, 17, 64, 3451 }, // U+0141
    { 8, 18, 118, 0, 18, 36, 3515 }, // U+0142
    { 18, 22, 277, 0, 22, 99, 3551 }, // U+0143
    { 13, 18, 220, 0, 18, 59, 3650 }, // U+0144
    { 18, 24, 277, 0, 17, 108, 3709 }, // U+0145
    { 13, 20, 220, 0, 13, 65, 3817 }, // U+0146
    { 18, 22, 277, 0, 22, 99, 3882 }, // U+0147
    { 14, 18, 220, 0, 18, 63, 3981 }, // U+0148
    { 15, 23, 304, 2, 18, 87, 4044 }, // U+014A
    { 12, 20, 247, 2, 14, 60, 4131 }, // U+014B
    { 17, 22, 312, 1, 21, 94, 4191 }, // U+014C
    { 13, 18, 242, 1, 17, 59, 4285 }, // U+014D
    { 17, 22, 286, 1, 22, 94, 4344 }, // U+0150
    { 15, 18, 219, 0, 18, 68, 4438 }, // U+0151
    { 26, 17, 402, 1, 17, 111, 4506 }, // U+0152
    { 24, 13, 369, 0, 13, 78, 4617 }, // U+0153
    { 16, 22, 246, 0, 22, 88, 4695 }, // U+0154
    { 11, 18, 140, 0, 18, 50, 4783 }, // U+0155
    { 14, 24, 249, 2, 18, 84, 4833 }, // U+0156
    { 9, 20, 165, 1, 14, 45, 4917 }, // U+0157
    { 16, 22, 246, 0, 22, 88, 4962 }, // U+0158
    { 12, 18, 140, 0, 18, 54, 5050 }, // U+0159
    { 15, 22, 237, 0, 22, 83, 5104 }, // U+015A
    { 12, 18, 188, 0, 18, 54, 5187 }, // U+015B
    { 15, 22, 237, 0, 17, 83, 5241 }, // U+015E
    { 12, 18, 188, 0, 13, 54, 5324 }, // U+015F
    { 15, 22, 237, 0, 22, 83, 5378 }, // U+0160
    { 13, 18, 188, 0, 18, 59, 5461 }, // U+0161
    { 14, 22, 223, 2, 17, 77, 5520 }, // U+0162
    { 9, 22, 130, 0, 17, 50, 5597 }, // U+0163
    { 14, 22, 223, 2, 22, 77, 5647 }, // U+0164
    { 11, 20, 130, 1, 20, 55, 5724 }, // U+0165
    { 18, 21, 276, 0, 21, 95, 5779 }, // U+016A
    { 14, 17, 216, 0, 17, 60, 5874 }, // U+016B
    { 14, 24, 292, 2, 23, 84, 5934 }, // U+016C
    { 13, 20, 247, 1, 19, 65, 6018 }, // U+016D
    { 18, 23, 276, 0, 23, 104, 6083 }, // U+016E
    { 14, 20, 216, 0, 20, 70, 6187 }, // U+016F
    { 18, 23, 276, 0, 23, 104, 6257 }, // U+0170
    { 14, 19, 216, 0, 19, 67, 6361 }, // U+0171
    { 18, 21, 276, 0, 17, 95, 6428 }, // U+0172
    { 14, 17, 216, 0, 13, 60, 6523 }, // U+0173
    { 22, 22, 342, 2, 22, 121, 6583 }, // U+0174
    { 18, 18, 274, 1, 18, 81, 6704 }, // U+0175
    { 15, 22, 230, 2, 22, 83, 6785 }, // U+0176
    { 14, 22, 180, -1, 18, 77, 6868 }, // U+0177
    { 15, 22, 230, 2, 22, 83, 6945 }, // U+0178
    { 17, 22, 243, -1, 22, 94, 7028 }, // U+0179
    { 13, 19, 184, -1, 19, 62, 7122 }, // U+017A
    { 17, 22, 243, -1, 22, 94, 7184 }, // U+017B
    { 13, 18, 184, -1, 18, 59, 7278 }, // U+017C
    { 17, 22, 243, -1, 22, 94, 7337 }, // U+017D
    { 14, 18, 184, -1, 18, 63, 7431 }, // U+017E
    { 15, 24, 237, 0, 17, 90, 0 }, // U+0218
    { 12, 20, 188, 0, 13, 60, 90 }, // U+0219
    { 14, 24, 223, 2, 17, 84, 150 }, // U+021A
    { 9, 24, 130, 0, 17, 54, 234 }, // U+021B
    { 4, 4, 0, 3, 18, 4, 0 }, // U+0300
    { 6, 4, 0, 2, 18, 6, 4 }, // U+0301
    { 9, 3, 0, 2, 17, 7, 10 }, // U+0302
    { 10, 4, 0, 2, 18, 10, 17 }, // U+0303
    { 9, 2, 0, 2, 17, 5, 27 }, // U+0304
    { 8, 4, 0, 3, 18, 8, 32 }, // U+0306
    { 3, 3, 0, 3, 18, 3, 40 }, // U+0307
    { 8, 3, 0, 3, 18, 6, 43 }, // U+0308
    { 6, 6, 0, 3, 20, 9, 49 }, // U+030A
    { 10, 4, 0, 2, 18, 10, 58 }, // U+030B
    { 9, 3, 0, 3, 17, 7, 68 }, // U+030C
    { 5, 6, 0, 3, 20, 8, 75 }, // U+0312
    { 6, 6, 0, -2, -1, 9, 83 }, // U+0326
    { 6, 6, 0, -2, 1, 9, 92 }, // U+0327
    { 5, 5, 0, -1, 1, 7, 101 }, // U+0328
    { 0, 0, 0, 0, 0, 0, 108 }, // U+034F
    { 15, 22, 230, 2, 22, 83, 0 }, // U+1EF2
    { 14, 23, 180, -1, 19, 81, 83 }, // U+1EF3
    { 0, 0, 56, 0, 0, 0, 0 }, // U+2009
    { 0, 0, 0, 0, 0, 0, 0 }, // U+200B
    { 2, 19, 0, -1, 18, 10, 0 }, // U+200C
    { 6, 19, 0, -3, 18, 29, 10 }, // U+200D
    { 7, 20, 0, -1, 18, 35, 39 }, // U+200E
    { 7, 20, 0, -6, 18, 35, 74 }, // U+200F
    { 8, 2, 128, 0, 8, 4, 109 }, // U+2010
    { 7, 3, 129, 1, 8, 6, 113 }, // U+2011
    { 11, 2, 201, 1, 7, 6, 119 }, // U+2013
    { 19, 2, 329, 1, 7, 10, 125 }, // U+2014
    { 5, 7, 94, 2, 17, 9, 135 }, // U+2018
    { 5, 7, 94, 2, 17, 9, 144 }, // U+2019
    { 5, 8, 94, -1, 4, 10, 153 }, // U+201A
    { 9, 7, 159, 2, 17, 16, 163 }, // U+201C
    { 9, 7, 159, 2, 17, 16, 179 }, // U+201D
    { 9, 8, 160, -1, 4, 18, 195 }, // U+201E
    { 13, 17, 216, 1, 17, 56, 213 }, // U+2020
    { 14, 17, 216, 0, 17, 60, 269 }, // U+2021
    { 9, 9, 175, 1, 11, 21, 329 }, // U+2022
    { 16, 4, 266, -1, 4, 16, 350 }, // U+2026
    { 0, 0, 52, 0, 0, 0, 366 }, // U+202F
    { 31, 17, 547, 2, 17, 132, 366 }, // U+2030
    { 8, 11, 141, 1, 12, 22, 498 }, // U+2039
    { 8, 11, 141, 0, 12, 22, 520 }, // U+203A
    { 18, 17, 234, -1, 17, 77, 542 }, // U+2044
    { 5, 14, 138, 1, 13, 18, 619 }, // U+204F
    { 16, 15, 317, 2, 15, 60, 0 }, // U+20AA
    { 17, 17, 266, 0, 17, 73, 60 }, // U+20AC
    { 13, 17, 222, 2, 17, 56, 133 }, // U+20B9
    { 13, 17, 234, 1, 17, 56, 0 }, // U+2202
    { 17, 21, 234, -1, 17, 90, 56 }, // U+220F
    { 17, 21, 235, -1, 17, 90, 146 }, // U+2211
    { 13, 2, 242, 1, 7, 7, 236 }, // U+2212
    { 18, 17, 239, -1, 17, 77, 243 }, // U+2215
    { 4, 4, 92, 1, 8, 4, 320 }, // U+2219
    { 16, 21, 235, 0, 17, 84, 324 }, // U+221A
    { 18, 7, 310, 1, 10, 32, 408 }, // U+221E
    { 14, 21, 183, -1, 17, 74, 440 }, // U+222B
    { 14, 9, 222, 0, 11, 32, 514 }, // U+2248
    { 15, 13, 251, 0, 13, 49, 546 }, // U+2260
    { 15, 13, 232, 0, 13, 49, 595 }, // U+2264
    { 14, 13, 232, 0, 13, 46, 644 }, // U+2265
};

static const EpdUnicodeInterval notosans_12_italicIntervals[] = {
    { 0x0, 0x0, 0x0 },
    { 0xD, 0xD, 0x1 },
    { 0x20, 0x7E, 0x2 },
    { 0xA0, 0xAC, 0x61 },
    { 0xAE, 0xB4, 0x6E },
    { 0xB6, 0x107, 0x75 },
    { 0x10A, 0x113, 0xC7 },
    { 0x116, 0x11B, 0xD1 },
    { 0x11E, 0x123, 0xD7 },
    { 0x126, 0x127, 0xDD },
    { 0x12A, 0x12B, 0xDF },
    { 0x12E, 0x133, 0xE1 },
    { 0x136, 0x137, 0xE7 },
    { 0x139, 0x13E, 0xE9 },
    { 0x141, 0x148, 0xEF },
    { 0x14A, 0x14D, 0xF7 },
    { 0x150, 0x15B, 0xFB },
    { 0x15E, 0x165, 0x107 },
    { 0x16A, 0x17E, 0x10F },
    { 0x218, 0x21B, 0x124 },
    { 0x300, 0x304, 0x128 },
    { 0x306, 0x308, 0x12D },
    { 0x30A, 0x30C, 0x130 },
    { 0x312, 0x312, 0x133 },
    { 0x326, 0x328, 0x134 },
    { 0x34F, 0x34F, 0x137 },
    { 0x1EF2, 0x1EF3, 0x138 },
    { 0x2009, 0x2009, 0x13A },
    { 0x200B, 0x2011, 0x13B },
    { 0x2013, 0x2014, 0x142 },
    { 0x2018, 0x201A, 0x144 },
    { 0x201C, 0x201E, 0x147 },
    { 0x2020, 0x2022, 0x14A },
    { 0x2026, 0x2026, 0x14D },
    { 0x202F, 0x2030, 0x14E },
    { 0x2039, 0x203A, 0x150 },
    { 0x2044, 0x2044, 0x152 },
    { 0x204F, 0x204F, 0x153 },
    { 0x20AA, 0x20AA, 0x154 },
    { 0x20AC, 0x20AC, 0x155 },
    { 0x20B9, 0x20B9, 0x156 },
    { 0x2202, 0x2202, 0x157 },
    { 0x220F, 0x220F, 0x158 },
    { 0x2211, 0x2212, 0x159 },
    { 0x2215, 0x2215, 0x15B },
    { 0x2219, 0x221A, 0x15C },
    { 0x221E, 0x221E, 0x15E },
    { 0x222B, 0x222B, 0x15F },
    { 0x2248, 0x2248, 0x160 },
    { 0x2260, 0x2260, 0x161 },
    { 0x2264, 0x2265, 0x162 },
};

static const EpdFontGroup notosans_12_italicGroups[] = {
    { 0, 2600, 5591, 97, 0 },
    { 2600, 2184, 6585, 94, 97 },
    { 4784, 2559, 8351, 101, 191 },
    { 7343, 180, 324, 4, 292 },
    { 7523, 126, 135, 16, 296 },
    { 7649, 110, 180, 2, 312 },
    { 7759, 382, 745, 26, 314 },
    { 8141, 136, 213, 3, 340 },
    { 8277, 377, 770, 13, 343 },
};

static const uint16_t notosans_12_italicKernLeftCodepoints[] = {
    0x0020, 0x0022, 0x0024, 0x0026, 0x0027, 0x0028, 0x002A, 0x002B, 0x002C, 0x002D, 0x002E, 0x002F,
    0x0030, 0x0032, 0x0033, 0x0034, 0x0035, 0x0036, 0x0037, 0x0038, 0x0039, 0x003A, 0x003B, 0x003E,
    0x003F, 0x0040, 0x0041, 0x0042, 0x0043, 0x0044, 0x0045, 0x0046, 0x0047, 0x0049, 0x004A, 0x004B,
    0x004C, 0x004F, 0x0050, 0x0051, 0x0052, 0x0053, 0x0054, 0x0055, 0x0056, 0x0057, 0x0058, 0x0059,
    0x005A, 0x005B, 0x005C, 0x005D, 0x005F, 0x0061, 0x0062, 0x0063, 0x0065, 0x0066, 0x0067, 0x0068,
    0x006A, 0x006B, 0x006C, 0x006D, 0x006E, 0x006F, 0x0070, 0x0071, 0x0072, 0x0073, 0x0074, 0x0075,
    0x0076, 0x0077, 0x0078, 0x0079, 0x007A, 0x007B, 0x007C, 0x00A1, 0x00A2, 0x00A3, 0x00A5, 0x00A6,
    0x00A7, 0x00A9, 0x00AB, 0x00AE, 0x00B0, 0x00B6, 0x00B7, 0x00BB, 0x00BF, 0x00C0, 0x00C1, 0x00C2,
    0x00C3, 0x00C4, 0x00C5, 0x00C6, 0x00C7, 0x00C8, 0x00C9, 0x00CA, 0x00CB, 0x00CC, 0x00CD, 0x00CE,
    0x00CF, 0x00D0, 0x00D2, 0x00D3, 0x00D4, 0x00D5, 0x00D6, 0x00D8, 0x00D9, 0x00DA, 0x00DB, 0x00DC,
    0x00DD, 0x00DE, 0x00DF, 0x00E0, 0x00E1, 0x00E2, 0x00E3, 0x00E4, 0x00E5, 0x00E6, 0x00E7, 0x00E8,
    0x00E9, 0x00EA, 0x00EB, 0x00EE, 0x00EF, 0x00F0, 0x00F1, 0x00F2, 0x00F3, 0x00F4, 0x00F5, 0x00F6,
    0x00F8, 0x00F9, 0x00FA, 0x00FB, 0x00FC, 0x00FD, 0x00FE, 0x00FF, 0x0100, 0x0101, 0x0102, 0x0103,
    0x0104, 0x0105, 0x0106, 0x0107, 0x010A, 0x010B, 0x010C, 0x010D, 0x010E, 0x010F, 0x0110, 0x0111,
    0x0112, 0x0113, 0x0116, 0x0117, 0x0118, 0x0119, 0x011A, 0x011B, 0x011E, 0x011F, 0x0120, 0x0121,
    0x0122, 0x0123, 0x0126, 0x0127, 0x012A, 0x012E, 0x012F, 0x0130, 0x0132, 0x0133, 0x0136, 0x0137,
    0x013B, 0x013C, 0x013D, 0x013E, 0x0141, 0x0142, 0x0144, 0x0146, 0x0148, 0x0150, 0x0151, 0x0152,
    0x0153, 0x0154, 0x0155, 0x0157, 0x0158, 0x0159, 0x015A, 0x015B, 0x015E, 0x015F, 0x0160, 0x0161,
    0x0162, 0x0163, 0x0164, 0x0165, 0x016A, 0x016B, 0x016E, 0x016F, 0x0170, 0x0171, 0x0172, 0x0173,
    0x0174, 0x0175, 0x0176, 0x0177, 0x0178, 0x0179, 0x017A, 0x017B, 0x017C, 0x017D, 0x017E, 0x0218,
    0x0219, 0x021A, 0x021B, 0x1EF2, 0x1EF3, 0x2013, 0x2014, 0x2018, 0x2019, 0x201A, 0x201C, 0x201D,
    0x201E, 0x2022, 0x2026, 0x2039, 0x203A, 0x20AC, 0x2212,
};

static const uint8_t notosans_12_italicKernLeftClassIds[] = {
      1,   2,   3,   4,   2,   5,   6,   7,   8,   9,  10,  11,  12,  13,  14,  15,
     16,  17,  18,  19,  20,  21,  21,  22,  23,  24,  25,  26,  27,  28,  29,  30,
     31,  32,  33,  34,  35,  28,  36,  37,  38,  39,  40,  33,  41,  42,  43,  44,
     45,  46,  47,  48,  49,  50,  51,  52,  53,  54,  55,  56,  57,  58,  59,  56,
     56,  51,  51,  60,  61,  62,  63,  64,  65,  65,  66,  65,  67,  46,  68,  69,
     52,  70,  71,  68,  72,  73,  74,  73,  75,  76,  77,  78,  79,  25,  25,  25,
     25,  25,  25,  29,  27,  29,  29,  29,  29,  32,  32,  32,  32,  28,  28,  28,
     28,  28,  28,  28,  33,  33,  33,  33,  44,  80,  81,  50,  50,  50,  50,  50,
     50,  53,  52,  53,  53,  53,  53,  82,  83,  84,  56,  51,  51,  51,  51,  51,
     51,  64,  64,  64,  64,  65,  51,  65,  25,  50,  25,  50,  85,  86,  27,  52,
     27,  52,  27,  52,  28,  87,  28,  88,  29,  53,  29,  53,  89,  53,  29,  53,
     31,  55,  31,  55,  31,  55,  90,  56,  32,  91,  48,  32,  33,  57,  34,  58,
     35,  92,  35,  93,  35,  59,  56,  56,  56,  28,  94,  29,  53,  38,  61,  95,
     38,  61,  39,  62,  39,  62,  39,  62,  40,  96,  40,  97,  33,  64,  33,  64,
     33,  64,  33,  98,  42,  65,  44,  65,  44,  45,  67,  45,  67,  45,  67,  39,
     62,  40,  99,  44,  65,   9,   9, 100, 101,  10, 100, 101,  10, 102,  10,  74,
     78, 103, 104,
};

static const uint16_t notosans_12_italicKernRightCodepoints[] = {
    0x0020, 0x0021, 0x0022, 0x0024, 0x0025, 0x0026, 0x0027, 0x0029, 0x002A, 0x002B, 0x002C, 0x002D,
    0x002E, 0x002F, 0x0030, 0x0031, 0x0032, 0x0033, 0x0034, 0x0035, 0x0036, 0x0037, 0x0038, 0x0039,
    0x003A, 0x003B, 0x003C, 0x003E, 0x003F, 0x0040, 0x0041, 0x0042, 0x0043, 0x0045, 0x0046, 0x0047,
    0x0048, 0x0049, 0x004A, 0x004F, 0x0051, 0x0053, 0x0054, 0x0055, 0x0056, 0x0057, 0x0058, 0x0059,
    0x005A, 0x005B, 0x005C, 0x005D, 0x005F, 0x0061, 0x0062, 0x0063, 0x0064, 0x0065, 0x0066, 0x0067,
    0x0068, 0x0069, 0x006A, 0x006B, 0x006C, 0x006D, 0x006E, 0x006F, 0x0070, 0x0071, 0x0072, 0x0073,
    0x0074, 0x0075, 0x0076, 0x0077, 0x0078, 0x0079, 0x007A, 0x007C, 0x007D, 0x00A1, 0x00A2, 0x00A3,
    0x00A5, 0x00A6, 0x00A7, 0x00A9, 0x00AB, 0x00AE, 0x00B0, 0x00B6, 0x00B7, 0x00BB, 0x00BF, 0x00C0,
    0x00C1, 0x00C2, 0x00C3, 0x00C4, 0x00C5, 0x00C6, 0x00C7, 0x00C8, 0x00C9, 0x00CA, 0x00CB, 0x00CC,
    0x00CD, 0x00CE, 0x00CF, 0x00D2, 0x00D3, 0x00D4, 0x00D5, 0x00D6, 0x00D8, 0x00D9, 0x00DA, 0x00DB,
    0x00DC, 0x00DD, 0x00DF, 0x00E0, 0x00E1, 0x00E2, 0x00E3, 0x00E4, 0x00E5, 0x00E6, 0x00E7, 0x00E8,
    0x00E9, 0x00EA, 0x00EB, 0x00EC, 0x00ED, 0x00EE, 0x00EF, 0x00F0, 0x00F1, 0x00F2, 0x00F3, 0x00F4,
    0x00F5, 0x00F6, 0x00F8, 0x00F9, 0x00FA, 0x00FB, 0x00FC, 0x00FD, 0x00FE, 0x00FF, 0x0100, 0x0101,
    0x0102, 0x0103, 0x0104, 0x0105, 0x0106, 0x0107, 0x010A, 0x010B, 0x010C, 0x010D, 0x010F, 0x0111,
    0x0112, 0x0113, 0x0116, 0x0117, 0x0118, 0x0119, 0x011A, 0x011B, 0x011E, 0x011F, 0x0120, 0x0121,
    0x0122, 0x0123, 0x0127, 0x012A, 0x012B, 0x012E, 0x012F, 0x0130, 0x0131, 0x0132, 0x0133, 0x0137,
    0x013C, 0x013E, 0x0142, 0x0144, 0x0146, 0x0148, 0x014D, 0x0150, 0x0151, 0x0152, 0x0153, 0x0155,
    0x0159, 0x015A, 0x015B, 0x015E, 0x015F, 0x0160, 0x0161, 0x0162, 0x0163, 0x0164, 0x0165, 0x016A,
    0x016B, 0x016E, 0x016F, 0x0170, 0x0171, 0x0172, 0x0173, 0x0174, 0x0175, 0x0176, 0x0177, 0x0178,
    0x0179, 0x017A, 0x017B, 0x017C, 0x017D, 0x017E, 0x0218, 0x0219, 0x021A, 0x021B, 0x1EF2, 0x1EF3,
    0x2013, 0x2014, 0x2018, 0x2019, 0x201A, 0x201C, 0x201D, 0x201E, 0x2022, 0x2026, 0x2030, 0x2039,
    0x203A, 0x20AC, 0x220F, 0x2211, 0x2212,
};

static const uint8_t notosans_12_italicKernRightClassIds[] = {
      1,   2,   3,   4,   5,   6,   3,   7,   8,   9,  10,  11,  12,  13,  14,  15,
     16,  17,  18,  19,  20,  21,  22,  23,  24,  25,  26,  27,  28,  29,  30,  31,
     32,  31,  31,  32,  31,  33,  34,  32,  32,  35,  36,  37,  38,  39,  40,  41,
     42,  43,  44,  45,  46,  47,  48,  49,  49,  49,  50,  51,  48,  52,  53,  48,
     54,  55,  55,  49,  56,  49,  55,  57,  58,  59,  60,  60,  61,  62,  63,  43,
     45,  43,  49,  64,  65,  43,  43,  66,  67,  66,  68,  69,  70,  71,  72,  30,
     30,  30,  30,  30,  30,  73,  32,  31,  31,  31,  31,  33,  33,  33,  33,  32,
     32,  32,  32,  32,  32,  37,  37,  37,  37,  41,  74,  47,  47,  75,  76,  77,
     47,  47,  49,  49,  49,  49,  78,  79,  52,  80,  81,  49,  55,  49,  49,  82,
     83,  84,  49,  59,  59,  59,  59,  62,  85,  62,  30,  86,  30,  87,  30,  47,
     32,  49,  32,  49,  32,  49,  49,  49,  31,  49,  31,  49,  31,  49,  31,  49,
     32,  51,  32,  51,  32,  51,  88,  33,  89,  33,  90,  33,  52,  33,  52,  48,
     54,  54,  54,  55,  55,  55,  91,  32,  49,  32,  49,  55,  55,  35,  57,  35,
     57,  35,  57,  36,  58,  36,  58,  37,  59,  37,  59,  37,  59,  37,  59,  39,
     60,  41,  62,  41,  42,  63,  42,  63,  42,  63,  35,  57,  36,  58,  41,  62,
     11,  11,  92,  93,  94,  92,  93,  94,  95,  12,   5,  67,  71,  96,  69,  69,
     97,
};

static const uint16_t notosans_12_italicKernRowOffsets[] = {
        0,     7,    30,    33,    55,    74,    96,    99,   143,   172,   215,   251,   266,   275,   288,   299,
      310,   331,   358,   383,   404,   418,   421,   422,   445,   500,   546,   592,   633,   656,   688,   702,
      717,   732,   780,   827,   878,   920,   956,  1008,  1062,  1116,  1166,  1208,  1262,  1288,  1302,  1347,
     1348,  1349,  1383,  1434,  1483,  1517,  1557,  1565,  1584,  1585,  1631,  1674,  1703,  1752,  1802,  1838,
     1847,  1897,  1931,  1962,  1963,  1985,  1991,  1995,  1996,  2027,  2049,  2051,  2052,  2068,  2086,  2130,
     2172,  2183,  2193,  2198,  2234,  2290,  2325,  2371,  2372,  2396,  2398,  2414,  2458,  2500,  2551,  2552,
     2589,  2627,  2637,  2674,  2711,  2748,  2762,  2768,  2770,
};

static const uint8_t notosans_12_italicKernSparseCols[] = {
     29,  35,  37,  38,  40,  59,  61,  14,  17,  20,  21,  29,  33,  35,  37,  38,
     46,  48,  49,  56,  57,  74,  75,  76,  77,  81,  82,  83,  85,  86,  14,  15,
     22,  31,  34,  35,  36,  37,  38,  40,  46,  48,  56,  57,  59,  61,  74,  75,
     76,  77,  81,  82,  83,  85,  86,  13,  29,  31,  33,  46,  48,  52,  56,  59,
     61,  74,  75,  76,  77,  81,  82,  83,  85,  86,   9,  11,  29,  31,  33,  35,
     37,  38,  39,  40,  41,  46,  49,  56,  60,  72,  74,  75,  76,  85,  86,  93,
     14,  17,  22,   7,  13,  14,  16,  17,  18,  19,  20,  21,  22,  29,  31,  33,
     34,  35,  36,  37,  38,  39,  40,  46,  47,  48,  50,  52,  53,  56,  57,  59,
     60,  61,  62,  74,  75,  76,  77,  81,  82,  83,  85,  86,  87,  91,  92,  13,
     14,  17,  18,  21,  22,  29,  31,  33,  34,  35,  37,  38,  39,  40,  41,  48,
     49,  50,  56,  57,  59,  60,  61,  62,  77,  81,  82,  83,   7,  13,  14,  16,
     17,  18,  19,  20,  21,  22,  29,  31,  33,  34,  35,  36,  37,  38,  39,  40,
     46,  47,  48,  50,  53,  56,  57,  59,  60,  61,  62,  74,  75,  76,  77,  81,
     82,  83,  85,  86,  87,  91,  92,  12,  13,  15,  16,  17,  19,  20,  22,  29,
     31,  33,  34,  35,  40,  46,  48,  49,  50,  54,  55,  56,  58,  59,  60,  61,
     72,  74,  75,  76,  77,  81,  82,  83,  84,  85,  86,   3,   6,   9,  10,  11,
     12,  14,  15,  16,  20,  21,  22,  43,  64,  93,  14,  16,  17,  19,  20,  21,
     22,  43,  64,   3,   9,  11,  12,  14,  15,  20,  22,  25,  43,  64,  93,  96,
      2,   8,  10,  13,  14,  15,  16,  17,  19,  22,  43,  12,  13,  14,  15,  16,
     18,  19,  22,  43,  63,  64,   3,   9,  11,  12,  13,  14,  15,  17,  18,  20,
     22,  43,  48,  63,  64,  77,  81,  82,  83,  93,  95,   2,   4,   8,   9,  10,
     11,  12,  13,  14,  15,  16,  17,  19,  20,  21,  22,  44,  48,  63,  67,  77,
     81,  82,  83,  93,  95,  96,   2,   3,   9,  10,  11,  12,  13,  14,  15,  16,
     18,  19,  20,  22,  25,  43,  48,  63,  64,  77,  81,  82,  83,  93,  95,   3,
      8,  10,  12,  13,  14,  15,  16,  17,  19,  20,  25,  26,  43,  48,  63,  64,
     77,  81,  82,  83,  14,  29,  35,  37,  38,  40,  48,  59,  60,  61,  77,  81,
     82,  83,  14,  16,  22,  29,  29,  32,  34,  35,  37,  38,  39,  40,  41,  46,
     49,  56,  57,  59,  60,  61,  62,  72,  74,  75,  76,  85,  86,   0,   1,   2,
      5,   6,   7,   9,  10,  11,  12,  27,  28,  29,  31,  33,  34,  35,  36,  37,
     38,  39,  40,  43,  46,  47,  48,  49,  50,  51,  53,  56,  57,  58,  59,  61,
     65,  66,  74,  75,  76,  77,  78,  79,  80,  81,  82,  83,  85,  86,  87,  88,
     89,  91,  92,  93,   6,   7,   9,  10,  11,  12,  27,  28,  29,  31,  33,  34,
     35,  37,  38,  39,  40,  41,  43,  46,  48,  50,  51,  58,  59,  61,  62,  65,
     66,  74,  75,  76,  77,  78,  79,  80,  81,  82,  83,  85,  86,  88,  89,  91,
     92,  93,   5,   6,   7,   9,  10,  11,  12,  28,  29,  31,  32,  33,  37,  38,
     39,  40,  41,  46,  48,  50,  52,  53,  56,  57,  58,  59,  60,  61,  62,  65,
     66,  69,  70,  74,  75,  76,  77,  81,  82,  83,  85,  86,  91,  92,  93,  94,
      1,   5,   6,   7,   9,  10,  11,  12,  27,  28,  29,  32,  33,  34,  35,  37,
     38,  39,  40,  41,  43,  44,  46,  48,  57,  59,  61,  62,  72,  74,  75,  76,
     77,  81,  82,  83,  85,  86,  91,  92,  93,   7,   9,  11,  28,  31,  33,  34,
     35,  48,  50,  56,  57,  58,  59,  61,  65,  66,  77,  81,  82,  83,  91,  93,
      7,   9,  11,  12,  23,  24,  27,  29,  31,  33,  34,  46,  48,  56,  57,  65,
     69,  72,  74,  75,  76,  77,  78,  79,  80,  81,  82,  83,  85,  86,  88,  93,
      6,   7,  27,  34,  35,  37,  38,  40,  57,  59,  61,  65,  91,  92,  31,  46,
     48,  50,  59,  61,  74,  75,  76,  77,  81,  82,  83,  85,  86,   9,  11,  12,
     29,  34,  39,  46,  50,  72,  74,  75,  76,  85,  86,  93,   0,   5,   7,   9,
     10,  11,  27,  28,  29,  31,  33,  34,  36,  37,  38,  39,  40,  46,  48,  50,
     51,  56,  57,  58,  59,  61,  65,  66,  69,  70,  74,  75,  76,  77,  78,  79,
     80,  81,  82,  83,  85,  86,  88,  89,  91,  92,  93,  94,   2,   7,  10,  27,
     28,  29,  31,  33,  34,  35,  36,  37,  38,  40,  46,  47,  48,  49,  50,  51,
     53,  56,  57,  58,  59,  61,  65,  66,  69,  74,  75,  76,  77,  78,  79,  80,
     81,  82,  83,  85,  86,  87,  88,  89,  91,  92,  94,   0,   1,   5,   6,   7,
      9,  10,  11,  12,  28,  29,  31,  33,  34,  37,  38,  39,  40,  41,  43,  46,
     48,  50,  51,  52,  56,  57,  59,  60,  61,  65,  66,  70,  72,  74,  75,  76,
     77,  78,  79,  80,  81,  82,  83,  85,  86,  88,  89,  91,  92,  93,   1,   5,
      6,   7,   9,  10,  11,  12,  27,  28,  29,  32,  33,  34,  35,  37,  38,  39,
     40,  41,  43,  44,  46,  48,  52,  57,  59,  61,  62,  72,  74,  75,  76,  77,
     81,  82,  83,  85,  86,  91,  92,  93,   7,   9,  10,  11,  28,  29,  31,  33,
     35,  36,  37,  38,  39,  40,  43,  46,  48,  50,  56,  57,  59,  61,  65,  72,
     74,  75,  76,  77,  81,  82,  83,  85,  86,  91,  92,  93,   1,   5,   6,   7,
      9,  10,  11,  12,  27,  28,  29,  31,  33,  35,  37,  38,  39,  40,  41,  43,
     46,  48,  49,  50,  51,  55,  57,  58,  59,  60,  61,  62,  65,  72,  74,  75,
     76,  77,  78,  79,  80,  81,  82,  83,  84,  85,  86,  88,  89,  91,  92,  93,
      0,   2,   5,   7,   9,  10,  11,  12,  23,  24,  27,  28,  29,  31,  33,  34,
     35,  37,  38,  39,  40,  43,  46,  48,  50,  54,  55,  56,  58,  59,  60,  61,
     62,  65,  66,  70,  72,  74,  75,  76,  77,  78,  79,  80,  81,  82,  83,  84,
     85,  86,  87,  88,  92,  93,   0,   2,   5,   7,   9,  10,  11,  12,  23,  24,
     27,  29,  33,  34,  35,  37,  39,  40,  46,  48,  50,  51,  54,  55,  56,  57,
     58,  59,  60,  61,  62,  65,  66,  70,  72,  74,  75,  76,  77,  78,  79,  80,
     81,  82,  83,  84,  85,  86,  87,  88,  89,  91,  92,  93,   0,   2,   5,   7,
      9,  10,  11,  12,  23,  24,  27,  29,  33,  34,  35,  38,  39,  40,  46,  48,
     50,  54,  55,  56,  57,  58,  60,  62,  65,  66,  70,  72,  74,  75,  76,  77,
     78,  79,  80,  81,  82,  83,  84,  85,  86,  87,  88,  91,  92,  93,   5,   7,
      9,  10,  11,  28,  29,  31,  33,  34,  35,  37,  38,  40,  46,  48,  50,  51,
     56,  57,  58,  59,  61,  66,  70,  74,  75,  76,  77,  78,  79,  80,  81,  82,
     83,  85,  86,  88,  89,  91,  92,  93,   0,   5,   7,   9,  10,  11,  12,  23,
     24,  27,  28,  29,  31,  33,  34,  35,  37,  38,  39,  40,  43,  46,  48,  50,
     54,  55,  56,  57,  58,  59,  60,  61,  62,  65,  66,  70,  72,  74,  75,  76,
     77,  79,  80,  81,  82,  83,  84,  85,  86,  87,  88,  91,  92,  93,   7,   9,
     10,  11,  27,  28,  31,  34,  43,  48,  50,  53,  56,  57,  58,  59,  61,  65,
     66,  77,  81,  82,  83,  91,  92,  93,  17,  20,  31,  48,  50,  52,  56,  59,
     60,  61,  77,  81,  82,  83,  13,  14,  15,  16,  17,  18,  19,  20,  21,  22,
     31,  34,  35,  36,  37,  38,  40,  46,  47,  48,  49,  50,  51,  52,  53,  56,
     57,  58,  59,  61,  74,  75,  76,  77,  78,  79,  80,  81,  82,  83,  85,  86,
     87,  88,  89,  52,  52,   1,   2,   5,   6,   7,  10,  27,  28,  35,  37,  38,
     40,  43,  44,  48,  49,  51,  56,  57,  58,  59,  61,  65,  77,  78,  79,  80,
     81,  82,  83,  88,  89,  91,  92,   1,   2,   5,   6,   7,   9,  10,  11,  12,
     27,  33,  34,  35,  36,  37,  38,  39,  40,  41,  43,  44,  46,  48,  49,  51,
     56,  57,  59,  60,  61,  62,  65,  66,  70,  74,  75,  76,  77,  78,  79,  80,
     81,  82,  83,  85,  86,  88,  89,  91,  92,  93,   1,   2,   6,   7,   9,  11,
     12,  14,  15,  16,  22,  23,  24,  27,  29,  33,  34,  35,  37,  38,  39,  40,
     41,  43,  46,  47,  48,  49,  53,  59,  60,  61,  62,  65,  66,  69,  74,  75,
     76,  77,  81,  82,  83,  85,  86,  87,  91,  92,  93,   1,   2,   5,   6,   7,
      9,  11,  23,  24,  27,  28,  35,  37,  38,  40,  43,  44,  46,  49,  50,  57,
     59,  60,  61,  62,  65,  74,  75,  76,  85,  86,  91,  92,  93,   2,   5,   7,
      9,  10,  11,  12,  27,  46,  48,  49,  50,  51,  56,  57,  59,  60,  61,  65,
     66,  69,  74,  75,  76,  77,  78,  79,  80,  81,  82,  83,  85,  86,  87,  88,
     89,  91,  92,  93,  94,   7,  27,  35,  43,  52,  59,  61,  91,  27,  35,  37,
     38,  40,  43,  49,  51,  57,  59,  61,  65,  78,  79,  80,  88,  89,  91,  92,
     52,   5,   7,   9,  10,  11,  23,  24,  27,  28,  33,  35,  37,  38,  40,  43,
     46,  48,  51,  56,  57,  58,  59,  60,  61,  65,  66,  69,  70,  74,  75,  76,
     77,  78,  79,  80,  81,  82,  83,  85,  86,  88,  89,  91,  92,  93,  94,   7,
      9,  11,  27,  28,  31,  37,  38,  40,  43,  46,  47,  48,  50,  51,  53,  56,
     57,  58,  59,  61,  65,  66,  69,  74,  75,  76,  77,  78,  79,  80,  81,  82,
     83,  85,  86,  87,  88,  89,  91,  92,  93,  94,   6,   7,   9,  12,  24,  27,
     28,  35,  37,  38,  40,  42,  43,  44,  45,  50,  52,  55,  56,  59,  60,  61,
     65,  71,  84,  89,  91,  92,  93,   0,   2,   5,   9,  11,  27,  29,  33,  35,
     37,  39,  40,  43,  46,  47,  48,  49,  50,  51,  53,  54,  55,  56,  57,  58,
     59,  60,  61,  65,  66,  74,  75,  76,  77,  78,  79,  80,  81,  82,  83,  84,
     85,  86,  87,  88,  89,  91,  92,  93,   2,   6,   7,   9,  10,  11,  12,  23,
     24,  27,  28,  29,  31,  33,  34,  35,  36,  37,  38,  39,  40,  43,  46,  48,
     49,  51,  57,  59,  60,  61,  62,  65,  66,  74,  75,  76,  77,  78,  79,  80,
     81,  82,  83,  85,  86,  88,  89,  91,  92,  93,   2,   5,   6,  10,  27,  28,
     31,  43,  46,  48,  49,  50,  51,  56,  59,  60,  61,  62,  65,  66,  74,  75,
     76,  77,  78,  79,  80,  81,  82,  83,  85,  86,  88,  89,  91,  92,   7,  27,
     35,  37,  38,  40,  43,  59,  61,   0,   1,   5,   6,   7,   9,  10,  11,  12,
     23,  24,  27,  28,  29,  33,  35,  37,  38,  39,  40,  41,  43,  46,  48,  49,
     50,  51,  56,  57,  59,  61,  65,  69,  74,  75,  76,  77,  78,  79,  80,  81,
     82,  83,  85,  86,  88,  89,  91,  93,  94,   5,   7,   9,  10,  11,  23,  24,
     27,  28,  35,  37,  40,  43,  46,  48,  49,  50,  58,  60,  65,  66,  69,  74,
     75,  76,  77,  81,  82,  83,  85,  86,  91,  92,  93,   5,   9,  10,  11,  27,
     28,  35,  37,  40,  43,  46,  48,  49,  57,  59,  61,  65,  66,  69,  74,  75,
     76,  77,  81,  82,  83,  85,  86,  91,  92,  93,  52,  33,  34,  35,  36,  37,
     38,  40,  46,  48,  52,  59,  60,  61,  74,  75,  76,  77,  81,  82,  83,  85,
     86,  13,  14,  16,  18,  21,  22,  15,  16,  21,  22,  52,  29,  33,  34,  35,
     37,  38,  40,  41,  46,  47,  48,  49,  50,  53,  56,  57,  59,  60,  61,  62,
     72,  74,  75,  76,  77,  81,  82,  83,  85,  86,  87,  33,  35,  37,  38,  40,
     46,  48,  50,  56,  57,  59,  61,  71,  74,  75,  76,  77,  81,  82,  83,  85,
     86,  14,  20,  87,  35,  37,  38,  40,  46,  49,  57,  59,  60,  61,  62,  74,
     75,  76,  85,  86,  35,  37,  38,  39,  40,  41,  48,  49,  56,  57,  59,  60,
     61,  71,  77,  81,  82,  83,  30,  31,  33,  34,  35,  36,  37,  38,  40,  41,
     46,  47,  48,  49,  50,  51,  52,  53,  54,  56,  57,  58,  59,  60,  61,  62,
     73,  74,  75,  76,  77,  78,  79,  80,  81,  82,  83,  85,  86,  87,  88,  89,
     91,  92,   6,   7,   9,  10,  11,  12,  27,  28,  29,  33,  37,  39,  43,  46,
     48,  51,  56,  57,  59,  60,  61,  62,  69,  72,  74,  75,  76,  77,  78,  79,
     80,  81,  82,  83,  85,  86,  88,  89,  91,  92,  93,  94,   1,   7,  27,  28,
     43,  59,  61,  65,  66,  91,  92,   2,  27,  44,  47,  53,  67,  68,  84,  87,
     92,  44,  47,  53,  64,  87,   7,   9,  11,  12,  23,  24,  27,  29,  33,  35,
     37,  38,  39,  41,  43,  46,  51,  56,  59,  60,  61,  65,  70,  74,  75,  76,
     78,  79,  80,  85,  86,  88,  89,  91,  92,  93,   0,   1,   2,   5,   6,   7,
      9,  10,  11,  12,  27,  28,  29,  31,  33,  34,  35,  36,  37,  38,  39,  40,
     43,  46,  47,  48,  49,  50,  51,  52,  53,  56,  57,  58,  59,  61,  65,  66,
     74,  75,  76,  77,  78,  79,  80,  81,  82,  83,  85,  86,  87,  88,  89,  91,
     92,  93,   1,   2,   5,   6,   7,  10,  27,  28,  35,  37,  38,  40,  43,  44,
     48,  49,  51,  52,  56,  57,  58,  59,  61,  65,  77,  78,  79,  80,  81,  82,
     83,  88,  89,  91,  92,   2,   5,   6,   7,   9,  10,  11,  12,  23,  24,  27,
     28,  43,  44,  45,  46,  47,  48,  49,  50,  52,  53,  54,  55,  56,  58,  60,
     62,  66,  69,  70,  74,  75,  76,  77,  81,  82,  83,  84,  85,  86,  87,  91,
     92,  93,  94,  27,   7,   9,  11,  28,  31,  33,  34,  35,  48,  50,  52,  56,
     57,  58,  59,  61,  65,  66,  77,  81,  82,  83,  91,  93,  79,  87,  31,  46,
     48,  50,  52,  59,  61,  74,  75,  76,  77,  81,  82,  83,  85,  86,   7,   9,
     11,  27,  28,  31,  37,  38,  40,  43,  46,  47,  48,  50,  51,  52,  53,  56,
     57,  58,  59,  61,  65,  66,  69,  74,  75,  76,  77,  78,  79,  80,  81,  82,
     83,  85,  86,  87,  88,  89,  91,  92,  93,  94,   1,   2,   5,   6,   7,   9,
     10,  11,  12,  23,  24,  27,  28,  43,  44,  45,  46,  48,  49,  50,  54,  55,
     56,  58,  59,  60,  61,  66,  69,  70,  74,  75,  76,  77,  81,  82,  83,  85,
     86,  91,  92,  93,   1,   2,   5,   6,   7,   9,  10,  11,  12,  27,  33,  34,
     35,  36,  37,  38,  39,  40,  41,  43,  44,  46,  48,  49,  51,  56,  57,  59,
     60,  61,  62,  65,  66,  70,  74,  75,  76,  77,  78,  79,  80,  81,  82,  83,
     85,  86,  88,  89,  91,  92,  93,  90,   2,   5,   6,  10,  27,  28,  31,  43,
     46,  48,  49,  50,  51,  52,  56,  59,  60,  61,  62,  65,  66,  74,  75,  76,
     77,  78,  79,  80,  81,  82,  83,  85,  86,  88,  89,  91,  92,   2,   5,   6,
     10,  27,  28,  31,  43,  44,  46,  48,  49,  50,  51,  52,  56,  59,  60,  61,
     62,  65,  66,  74,  75,  76,  77,  78,  79,  80,  81,  82,  83,  85,  86,  88,
     89,  91,  92,   7,  27,  35,  37,  38,  40,  43,  52,  59,  61,   2,   5,   6,
     10,  27,  28,  31,  43,  46,  48,  49,  50,  51,  52,  56,  59,  60,  61,  62,
     65,  66,  74,  75,  76,  77,  78,  79,  80,  81,  82,  83,  85,  86,  88,  89,
     91,  92,   9,  11,  29,  31,  33,  34,  35,  37,  38,  39,  40,  41,  46,  48,
     49,  54,  55,  56,  57,  58,  59,  60,  61,  62,  71,  72,  74,  75,  76,  77,
     81,  82,  83,  84,  85,  86,  93,   9,  11,  29,  31,  33,  34,  35,  37,  38,
     39,  40,  41,  46,  48,  49,  50,  54,  55,  56,  57,  59,  60,  61,  62,  71,
     72,  74,  75,  76,  77,  81,  82,  83,  84,  85,  86,  93,  35,  37,  38,  40,
     46,  49,  57,  59,  61,  74,  75,  76,  85,  86,  13,  14,  15,  16,  17,  20,
     14,  22,
};

static const int8_t notosans_12_italicKernSparseValues[] = {
      -4,   -8,   -8,   -8,  -12,   -4,   -4,    8,  -16,   16,   -8,  -20,  -52,   12,    8,    8,
      -4,  -12,   12,   -8,   12,   -4,   -4,   -4,  -12,  -12,  -12,  -12,   -4,   -4,   -4,    4,
      -7,   -3,  -11,  -28,  -12,  -23,  -12,  -36,    3,   -1,   -2,   -3,  -13,  -13,    3,    3,
       3,   -1,   -1,   -1,   -1,    3,    3,   -8,   -8,   -4,   -8,   -8,  -12,   24,   -4,   -2,
      -2,   -8,   -8,   -8,  -12,  -12,  -12,  -12,   -8,   -8,  -21,  -21,  -23,    1,  -28,    8,
      -4,   -4,   -4,   -3,   -3,   -3,   12,    4,   -2,  -40,   -3,   -3,   -3,   -3,   -3,  -21,
     -12,    8,   -7,  -24,  -10,  -17,   -7,   -7,   -7,  -10,   -4,   -7,   -8,    6,  -20,   -8,
     -15,  -28,  -24,  -21,  -17,    4,  -28,   -2,   -4,  -11,   -6,   11,   -4,   -7,  -15,  -21,
       2,  -21,    3,   -2,   -2,   -2,  -11,  -11,  -11,  -11,   -2,   -2,   -4,  -25,  -28,    8,
      -4,   16,    4,    2,  -10,   -4,    4,   15,   -3,  -16,  -16,   -7,   -4,   -6,    4,    4,
      -4,    8,   -3,   -4,   -7,   -2,   -7,   -3,    4,    4,    4,    4,  -24,  -10,  -17,   -7,
      -7,   -7,  -10,   -4,   -7,   -8,    6,  -20,   -8,  -15,  -28,  -24,  -21,  -17,    4,  -28,
      -2,   -4,  -11,   -6,   -4,   -7,  -15,  -21,    2,  -21,    3,   -2,   -2,   -2,  -11,  -11,
     -11,  -11,   -2,   -2,   -4,  -25,  -28,  -41,    2,    4,    4,  -14,    2,   20,    3,  -17,
     -10,  -38,   -7,   16,    8,  -13,  -19,    4,   -9,   -8,  -12,  -14,  -16,   -8,  -13,   -8,
     -22,  -13,  -13,  -13,  -19,  -19,  -19,  -19,  -12,  -13,  -13,   -3,   -8,    8,    8,    8,
      -2,   -5,    4,    2,   -4,    2,   -4,  -10,   -7,    8,   -3,   -4,   -8,    2,   -4,   -6,
      -3,  -10,   -7,   -2,    6,    6,   -6,   -4,    4,   -4,   -3,   -2,  -15,   -7,    6,   -3,
     -16,    8,    8,   -4,   -3,   -4,   -2,    4,   -4,  -17,  -15,   -8,   -5,  -10,    4,   -8,
      -4,   -2,   -7,   -5,   -4,   -4,   -2,    4,    4,   -5,   -2,  -11,    4,   -1,   -2,   -6,
      -6,  -11,   -2,   -4,   -9,   -2,   -2,   -2,   -2,    4,   -4,   16,   12,    4,   -8,    1,
      -8,  -16,    3,    4,    2,    6,  -17,    3,   12,   -8,    2,    4,    4,    1,   20,    4,
       4,    4,    4,   -8,    1,    4,   -8,   -2,    8,   -3,    8,   -1,   -3,  -12,   -2,   -2,
      -3,   -3,   -4,  -12,   -2,  -19,   -3,   -3,   -5,   -3,   -3,   -3,   -3,    8,   -5,   -5,
      -1,    1,  -16,   -2,   -5,   -8,   -4,   -1,    2,   -4,    2,   -2,  -13,    4,   -4,   -8,
       4,    4,    4,    4,   -3,    4,  -12,  -11,   -7,  -17,   -2,   -3,   -2,   -3,   -2,   -2,
      -2,   -2,   -7,   -1,   -7,  -20,    3,   -7,   -1,  -23,  -12,   -6,    4,  -23,    5,    3,
      -4,   -3,  -16,   -6,   -4,   -6,    1,    4,    3,    3,    3,    3,    3,   -4,   -7,  -20,
      -7,   -8,  -36,    1,   -4,    1,    4,  -20,   -6,    9,  -15,   -5,  -11,  -25,  -20,  -22,
     -16,    6,  -27,  -27,   -2,   -3,  -11,   -6,   -6,   -3,   -5,   -3,  -12,  -11,  -17,  -17,
     -18,   -4,   -2,   -2,   -2,  -11,   -3,   -3,   -3,  -11,  -11,  -11,   -2,   -2,   -3,   -3,
      -3,  -36,  -39,    1,   -4,  -11,    6,   -2,    6,   -4,    1,   -2,    3,   -4,    3,   -4,
      -8,  -11,   -9,   -8,  -17,    1,   -6,    1,    1,   -2,   -1,   -1,   -2,   -2,    2,    4,
      -3,    1,    1,    1,    1,   -1,   -1,   -1,    1,    1,    1,    1,    1,   -1,   -1,   -3,
      -5,    6,   -1,   -5,   -9,    8,   -4,    8,    5,   -5,    3,   -8,    1,    3,   -7,   -6,
       1,  -14,    9,    4,    1,   -3,    1,    3,    1,   -2,   -1,   -3,    4,   -3,    3,    4,
      -4,   -7,    1,    4,    4,    4,    1,    1,    1,    1,    4,    4,   -5,   -5,    8,   -7,
      -2,    4,   -4,   -8,   -4,    4,   -4,  -10,  -16,    3,   -1,  -12,    4,   -4,  -13,  -17,
     -10,   -7,  -25,  -10,  -22,   -4,    7,    2,   -2,   -3,   -3,   -2,  -12,    7,    7,    7,
       2,    2,    2,    2,    7,    7,   -7,   -7,   -4,   -4,   -2,   -2,   -7,  -10,   -1,   -3,
       4,   -6,   -5,   -2,   -2,   -4,   -4,   -4,    4,   -4,   -6,   -6,   -6,   -6,   -4,   -2,
      -3,  -20,  -20,  -23,   -2,   -2,    1,  -16,   -2,  -19,   -7,   -3,    2,   -2,   -2,    4,
       4,  -32,   -3,   -3,   -3,    2,    8,   12,   12,    2,    2,    2,   -3,   -3,   12,  -20,
       3,  -16,  -16,   -4,  -12,  -16,  -11,  -22,   -3,   -3,   -3,   -6,   -6,   -8,  -12,   -4,
     -12,   -8,   -8,   -8,   -4,   -4,   -4,  -12,  -12,  -12,  -12,   -4,   -4,  -11,  -11,   -8,
      -8,   -2,   -2,    5,   -3,   -7,    5,    5,    5,    5,    5,  -11,   -8,   -8,   -7,   -5,
      -8,   -5,   -7,  -10,    6,  -19,   -9,   -4,  -12,   -6,   -8,    4,   -1,   -5,  -22,  -19,
      -9,  -10,   -7,  -16,  -16,  -16,    8,  -16,   -8,   -8,   -5,   -5,   -5,  -22,   -9,   -9,
      -9,  -22,  -22,  -22,   -5,   -5,   -9,   -9,   -4,  -10,   -5,   -8,  -36,  -36,   -7,  -24,
      -6,    4,  -18,   -3,   -8,  -28,  -12,  -29,  -21,  -37,    1,   -2,   -8,   -2,   -4,   -2,
      -2,   -4,   -3,   -5,   -7,   -7,  -13,  -20,   -8,    1,    1,    1,   -8,   -2,   -2,   -2,
      -8,   -8,   -8,    1,    1,   -2,   -2,   -2,  -56,  -48,   -8,  -12,   -2,    5,   -4,   -3,
     -20,    5,  -20,  -20,    5,  -14,    3,  -31,   -2,   -2,   -5,  -13,  -10,   -4,   -8,    5,
       1,    6,    7,    2,    2,   -1,    6,   -2,    6,    8,   -3,    4,  -36,    5,    5,    5,
       1,    7,    7,    7,    1,    1,    1,    5,    5,    7,    7,    1,   -5,  -20,   -2,    4,
      -4,   -8,   10,    4,   10,   -6,  -16,    3,   14,  -12,    4,   -4,  -13,  -17,  -10,    4,
     -25,  -11,  -22,   -4,    7,    2,    8,   -2,   -3,   -3,   -2,    7,    7,    7,    7,    2,
       2,    2,    2,    7,    7,   -7,   -7,   10,   -6,   -3,   -7,   -3,    4,    3,   -1,   -9,
      -6,   -4,   -9,   -6,   -1,  -12,   -9,    7,    3,    6,    2,   -2,   -2,   -2,    8,   -4,
       7,    7,    7,    3,    3,    3,    3,    7,    7,   -3,   -5,   -3,    4,    1,    4,  -11,
       7,    5,    7,   -4,   -8,   -1,    3,   -3,    1,  -10,  -12,   -6,    4,  -16,    4,   -9,
       3,   -2,   -4,   -2,   -2,   -2,   -9,   -1,  -10,    4,  -10,    4,    4,  -13,    3,    3,
       3,   -2,   -2,   -2,   -2,   -2,   -2,   -2,   -2,    3,    3,   -2,   -2,  -11,  -11,    7,
      -8,   12,  -18,    8,  -28,  -16,  -28,  -40,  -12,  -12,    8,   -7,  -17,   -7,  -37,   -1,
       8,    8,    8,    4,   12,   16,  -23,  -28,  -28,  -12,  -16,  -13,  -16,  -11,  -20,  -11,
     -16,   12,  -28,   -1,  -32,  -35,  -35,  -39,  -28,   16,   24,   24,  -48,  -44,  -48,  -16,
     -39,  -40,   12,   20,   12,  -28,   -8,    8,  -16,   -3,   -8,   -8,   -8,  -16,   -6,   -6,
       6,  -12,  -23,    3,    8,    6,    1,   12,   -5,   -9,   -5,    7,  -11,  -10,   -7,    1,
      -8,   -4,   -3,   -4,    2,   12,  -16,   -4,  -28,   -6,  -10,  -10,   -9,    7,   22,   26,
      -9,   -9,   -9,  -10,   -5,   -5,    3,   18,    7,    2,    2,   -8,   -8,    8,   -8,   -3,
      -8,    2,   -8,   -8,   -6,   -6,    6,   -8,  -19,    2,    8,    1,   -2,    9,    3,   -5,
      -5,   -1,   -1,    2,    1,   -4,    1,    2,    8,  -12,    4,  -24,    3,    3,    3,   -5,
      12,   16,   16,   -5,   -5,   -5,   -1,    3,    3,    3,   16,    2,    2,   -8,   -7,   -2,
       1,  -12,    1,   -8,    6,  -11,   -6,   -5,    4,    1,   -2,    6,   -7,  -18,   -8,   -2,
      -3,   -5,   -7,   -6,   -6,  -12,   -4,   -7,   -7,   -7,  -18,   -2,   -2,   -2,  -18,  -18,
     -18,   -7,   -7,   -2,   -2,   -5,   -3,    1,  -12,  -20,    1,  -29,    2,  -29,  -40,   -7,
      -7,    1,   -1,  -17,   -3,  -35,    1,   12,   12,    9,    6,   17,    8,  -15,  -20,  -21,
     -15,  -18,  -14,   -3,  -14,   -8,   -6,   -8,  -10,   12,  -25,  -13,  -49,  -15,  -25,  -29,
     -40,   12,   16,  -20,  -20,  -40,  -18,  -15,  -15,    2,   16,    4,    2,  -29,   -5,   -2,
      -4,   -2,    1,   -7,  -12,    1,   -3,  -11,   -3,   -1,   -2,   -3,   -5,   -2,   -2,    8,
     -12,  -11,  -11,  -11,  -11,   -1,   -3,   -2,   -8,   12,   -4,   -3,   -3,   23,   -3,   -2,
      -2,   -2,   -3,   -3,   -3,   -3,  -12,  -10,   -4,  -11,   -5,   -7,  -11,   -7,  -10,   -8,
     -25,   -9,  -40,  -20,  -27,  -16,  -49,   -2,   -7,  -11,   -5,   -9,   -9,   12,   -7,   -3,
      -7,   -8,  -19,  -19,   -2,   -2,   -2,  -11,   -9,   -9,   -9,  -11,  -11,  -11,   -2,   -2,
      -7,   -9,   -9,    7,   14,   -2,  -16,   -3,   -8,  -12,   -4,  -25,   -3,  -28,  -15,   -8,
     -19,  -31,   -4,   -4,   -6,   -3,   -7,   -8,   -4,  -11,  -11,   -5,   -4,   -3,   -3,   -3,
      -4,   -4,   -4,   -3,   -3,  -18,  -20,    2,   -4,    2,  -12,  -17,    3,    4,    3,    2,
     -20,    4,   -3,  -40,   -4,  -18,  -14,   -5,  -32,    2,  -29,   -3,    4,    1,   -4,   -3,
      -3,   -9,  -10,   -8,  -10,   -6,   -4,   -8,   -9,    4,    4,    4,    1,   -3,   -3,   -3,
       1,    1,    1,    4,    4,   -3,   -3,  -21,  -15,    3,    2,    4,   -4,   -8,    5,    5,
       8,   -7,    4,   -2,   -7,    5,    5,  -12,    8,    1,   -7,  -33,  -11,  -10,    7,  -19,
       4,  -12,    2,    6,   -4,    3,    6,   -5,    3,   -5,    4,   -2,   -4,   -4,    2,    2,
       2,   -4,   -4,   -4,   -4,    2,    2,    6,   -5,   -4,    5,    2,  -12,    4,  -12,  -12,
       4,    4,    4,    4,  -20,    4,  -31,  -18,  -14,  -35,  -27,   -1,    3,   -6,    2,   -3,
      -8,   -5,   -8,   -3,   -4,    3,    3,    3,    3,    3,  -13,  -13,    4,   12,    2,   16,
     -14,   -8,  -14,   -8,    6,   -4,   -8,    3,   -4,    4,   -3,    2,    4,   -2,    4,    6,
       4,    4,   -4,   -4,   -4,   -8,    4,   16,   20,   -8,   -8,   -8,   -4,   -4,    4,   20,
       4,    4,   17,  -14,    4,   -8,   -4,  -12,  -15,    8,   -2,   -2,   -5,  -17,  -24,  -11,
      -7,  -12,  -27,   -2,   -2,  -11,  -13,  -13,   -4,   -2,   -2,   -2,   -2,   -2,  -22,  -21,
       6,  -12,   -8,   -4,  -14,   -4,   -2,   -2,   -4,   -7,   -5,  -22,   -5,   -4,   -9,   -6,
      -3,  -13,   -4,   -4,   -1,   -3,   -1,    9,   -1,    4,  -11,   -5,   -2,   -3,   -3,   -3,
     -13,   -4,   -4,   -4,  -13,  -13,  -13,   -3,   -3,   -4,   -4,   -3,   -3,   -4,   -5,   -5,
       4,    4,   -4,   -4,   -1,   -5,   -3,   -5,  -15,    5,   -2,   -3,   -5,    2,   -2,   -3,
      -2,   -3,   -5,   -5,   -4,   -4,   -4,    5,    5,    5,   -3,    2,    2,    2,   -3,   -3,
      -3,    5,    5,   -2,    2,    2,   -5,   -2,    4,   -4,   26,   -8,   13,   20,   12,   -4,
      -3,  -16,   -5,   -1,  -11,    6,  -15,   35,   16,   -3,   54,    6,   -5,   -1,   -1,   10,
      -3,   24,    6,   21,   -8,   -5,    8,   -8,   20,    4,  -26,  -26,   -1,    4,    4,   -3,
      -1,   -4,   -6,   -5,   -4,    4,   -5,   11,   -4,   12,    4,    4,    4,    1,    8,    4,
       6,   -1,    6,    4,    2,   -4,   -4,   -4,   -5,   12,   12,   12,   -5,   -5,   -5,    4,
      -4,   -4,    4,   12,   12,    8,   11,  -26,   -8,    4,   -8,    5,   -2,    5,    4,    4,
       4,  -18,   -3,    4,   -4,    1,   -3,  -23,   -4,  -11,   -6,    3,  -17,  -16,    1,   -2,
      -5,   -4,   -1,   -7,   -1,   -7,    2,   -4,   -3,    1,    1,    1,   -2,   -4,   -4,   -4,
      -2,   -2,   -2,    1,    1,   -4,   -4,  -19,  -13,    5,    8,   -3,    4,   -4,   -4,    1,
       1,   -7,    2,   -1,    2,    3,    2,   -4,    2,   -2,    2,   -2,    4,   -4,    2,    2,
       2,   -1,    2,    2,    2,   -1,   -1,   -1,    2,    2,    2,    2,   -5,   -1,   -8,   -4,
     -16,   -5,   -1,  -11,  -15,   -2,   -2,   -4,   -2,    3,   -2,   -6,  -13,   -2,  -13,   -8,
       2,    2,   -1,    4,   -9,    3,   -8,   -4,   -2,   -5,   -7,   -5,   -8,   -1,    2,    9,
      -2,    8,   -1,    4,   10,   10,    8,    4,   -1,   -1,   -1,    2,    8,    8,    8,    2,
       2,    2,   -1,   -1,    8,    8,    7,  -13,    3,   -4,   -8,   -5,   -2,   -5,    1,    1,
      -2,    4,  -20,   -5,  -14,   -3,   -1,   -9,    2,   -4,   -2,   10,    4,   -4,    4,   -1,
      -1,   -1,   -9,   -9,   -9,   -9,   -1,   -1,   -2,   -2,   -5,    4,    1,   -3,    1,   -3,
       4,  -16,   -4,  -13,   -6,    1,   -6,    4,    4,    4,    4,    4,   -4,    4,    1,    1,
       1,   -6,   -6,   -6,   -6,    1,    1,   -3,   -4,    1,    9,   -3,   -4,  -17,   -4,  -17,
     -12,  -17,    1,    2,   16,   -2,   -2,   -2,    1,    1,    1,    2,    2,    2,    2,    1,
       1,   -7,   -3,   -2,   -4,   -4,    1,    5,    6,    2,    4,    8,   14,    8,    5,  -12,
     -12,   -8,  -12,    9,   11,    4,    4,   -4,    5,    4,   -2,   -7,   -5,   -3,   -5,    8,
      12,   11,   11,   11,    4,    4,    4,    4,   11,   11,    4,   -5,   -1,  -13,   -4,  -20,
      -3,  -10,   -1,   -3,   -4,   -2,   -2,    3,   -3,   -3,   -3,  -10,  -10,  -10,  -10,   -3,
      -3,   12,   20,    3,   -8,   -8,   -8,   -9,    4,   -5,   -5,   -9,   -4,   -9,   -4,    4,
       4,    4,    4,    4,  -32,  -16,  -12,  -12,  -33,  -12,   -8,   -4,   -4,   -4,   -4,   -4,
      -4,    1,   -8,   -8,   -8,   -8,  -12,  -21,  -12,   -6,  -29,  -13,  -19,  -20,  -33,   -1,
      -8,   -4,  -20,   -8,   -8,  -12,   24,   -4,  -10,   -7,   -7,  -13,  -23,   -3,  -38,   -3,
      -5,   -8,   -8,   -8,  -20,  -12,  -12,  -12,  -20,  -20,  -20,   -8,   -8,   -4,  -12,   -9,
     -12,  -18,  -16,   -9,    5,    9,    5,  -13,  -13,    6,    1,    4,  -16,   -9,  -17,    6,
       4,   -2,   -1,   -3,   -4,   -5,   -4,    2,    5,  -20,    6,    6,    6,    4,   -2,   -2,
      -2,    4,    4,    4,    6,    6,   -2,   -2,   -5,   -7,    5,    5,    2,  -13,   -5,   -2,
     -17,   -1,   -1,   -8,   -2,  -11,  -10,    6,    7,    6,    4,    4,    4,    4,    4,    4,
       7,    3,    4,    4,   12,    4,  -11,   -2,   -2,    3,   -4,   -4,   -4,    4,    4,   -6,
      -8,   -8,    3,    4,  -12,    4,   -3,   -3,   -5,   -5,   -5,   -4,   -4,    4,    4,    4,
      -3,   -3,   -3,    4,    4,   -3,   -3,   -7,   -8,   -2,   -4,   -7,  -20,   -7,  -13,  -36,
       1,   -4,    1,    4,  -20,   -6,    9,  -15,   -5,  -11,  -25,  -20,  -22,  -16,    6,  -27,
     -27,   -2,   -3,  -11,   -6,   -6,   -3,   28,   -5,   -3,  -12,  -11,  -17,  -17,  -18,   -4,
      -2,   -2,   -2,  -11,   -3,   -3,   -3,  -11,  -11,  -11,   -2,   -2,   -3,   -3,   -3,  -36,
     -39,    1,   -2,  -16,   -3,   -8,  -12,   -4,  -25,   -3,  -28,  -15,   -8,  -19,  -31,   -4,
      -4,   -6,   -3,   14,   -7,   -8,   -4,  -11,  -11,   -5,   -4,   -3,   -3,   -3,   -4,   -4,
      -4,   -3,   -3,  -18,  -20,    7,  -24,    5,    1,  -28,  -28,  -28,  -28,    3,    3,    6,
     -22,   11,    2,  -28,  -14,    1,  -19,   -4,  -21,    1,    1,   -8,   -8,  -12,   -8,   -2,
      -2,  -28,  -28,  -28,  -14,  -14,  -14,  -19,  -19,  -19,  -19,   -7,  -14,  -14,    1,    6,
       6,  -28,  -28,    6,   -4,   -2,   -2,   -7,  -10,   -1,   -3,    4,   -6,   -5,   16,   -2,
      -2,   -4,   -4,   -4,    4,   -4,   -6,   -6,   -6,   -6,   -4,   -2,    4,    7,  -12,   -4,
     -12,   -8,   11,   -8,   -8,   -4,   -4,   -4,  -12,  -12,  -12,  -12,   -4,   -4,   -5,    4,
       4,   -4,   -4,   -1,   -5,   -3,   -5,  -15,    5,   -2,   -3,   -5,    2,   16,   -2,   -3,
      -2,   -3,   -5,   -5,   -4,   -4,   -4,    5,    5,    5,   -3,    2,    2,    2,   -3,   -3,
      -3,    5,    5,   -2,    2,    2,   -5,   -2,    4,   -4,    1,    5,  -16,    1,   -1,  -20,
     -20,  -20,  -19,    4,    4,    6,  -16,   11,    2,   -6,  -13,  -17,   -4,  -19,   -9,   -2,
      -9,  -11,   -1,   -1,   -1,  -20,  -20,  -20,  -13,  -13,  -13,  -17,  -17,  -17,  -17,  -13,
     -13,    3,    5,  -20,    2,   -4,    2,  -12,  -17,    3,    4,    3,    2,  -20,    4,   -3,
     -40,   -4,  -18,  -14,   -5,  -32,    2,  -54,   -3,    4,    1,   -4,   -3,   -3,   -9,  -10,
      -8,  -10,   -6,   -4,   -8,   -9,    4,    4,    4,    1,   -3,   -3,   -3,    1,    1,    1,
       4,    4,   -3,   -3,  -21,  -15,    3,   -8,    8,   -3,    4,   -4,   -4,    1,    1,   -7,
       2,   -1,    2,    3,    2,   17,   -4,    2,   -2,    2,   -2,    4,   -4,    2,    2,    2,
      -1,    2,    2,    2,   -1,   -1,   -1,    2,    2,    2,    2,   -5,   -1,    8,   -3,    4,
      -4,   -4,    1,    1,   -3,    4,    2,   -1,    2,    3,    2,    4,   -4,    2,   -2,    2,
      -2,    4,   -4,    2,    2,    2,   -1,    2,    2,    2,   -1,   -1,   -1,    2,    2,    2,
       2,   -5,   -1,   -8,   -4,  -16,   -5,   -1,  -11,  -15,    8,   -2,   -2,    8,   -3,    4,
      -4,   -4,    1,    1,   -7,    2,   -1,    2,    3,    2,   16,   -4,    2,   -2,    2,   -2,
       4,   -4,    2,    2,    2,   -1,    2,    2,    2,   -1,   -1,   -1,    2,    2,    2,    2,
      -5,   -1,  -20,  -20,  -27,    4,  -32,   -3,    7,   -2,   -2,   -4,   -3,   -4,   -3,  -11,
      12,    2,    2,  -10,   12,    2,    5,   -1,    5,   -2,  -22,  -43,   -3,   -3,   -3,  -11,
     -11,  -11,  -11,    2,   -3,   -3,  -20,  -20,  -20,  -21,  -12,  -56,   -6,   12,   -3,   -1,
      -5,   -3,   -3,   -9,  -13,    9,  -12,   -2,    3,  -13,    2,    2,    2,    2,    2,  -22,
     -39,   -9,   -9,   -9,  -13,  -13,  -13,  -13,    3,   -9,   -9,  -20,   -8,   -8,   -8,   -9,
       4,   -5,   -5,   -8,   -8,    4,    4,    4,    4,    4,   -4,   -4,    4,   -2,    1,   -3,
      -7,   -7,
};

static const EpdFontData notosans_12_italic = {
    notosans_12_italicBitmaps,
    notosans_12_italicGlyphs,
    notosans_12_italicIntervals,
    51,
    30,
    20,
    -7,
    true,
    notosans_12_italicGroups,
    9,
    nullptr,
    nullptr,  // kernLeftClasses: built-in fonts use the split arrays below
    nullptr,  // kernRightClasses
    notosans_12_italicKernLeftCodepoints,
    notosans_12_italicKernLeftClassIds,
    notosans_12_italicKernRightCodepoints,
    notosans_12_italicKernRightClassIds,
    nullptr,  // kernMatrix: built-in fonts use the sparse form below
    notosans_12_italicKernRowOffsets,
    notosans_12_italicKernSparseCols,
    notosans_12_italicKernSparseValues,
    259,
    257,
    104,
    97,
    nullptr,
    0,
};
