/**
 * generated by fontconvert.py
 * name: notosans_12_bold
 * size: 12
 * mode: 2-bit  compressed: true
 * Command used: fontconvert.py notosans_12_bold 12 ../builtinFonts/source/NotoSans/NotoSans-Bold.ttf --2bit --compress --pnum --zopfli
 */
#pragma once
#include "EpdFontData.h"

static const uint8_t notosans_12_boldBitmaps[23840] = {
    0xB5, 0x97, 0xD5, 0xBA, 0xF4, 0x38, 0x76, 0x86, 0x5F, 0x97, 0xF3, 0xB7, 0x9F, 0x67, 0xEA, 0xC0,
    0xA1, 0x61, 0xF0, 0x25, 0x38, 0xCC, 0xF9, 0xA5, 0x30, 0x27, 0xC3, 0x78, 0x05, 0x61, 0x66, 0x90,
    0xC3, 0x0C, 0x27, 0xA1, 0x93, 0x30, 0x0E, 0x9F, 0x07, 0xA4, 0x30, 0x27, 0xEE, 0x99, 0x0B, 0x18,
    0x87, 0x39, 0x51, 0x77, 0xFB, 0x49, 0x7B, 0xA6, 0x65, 0x7F, 0x91, 0x5C, 0x55, 0x7B, 0xEF, 0x1F,
    0xF6, 0xF0, 0x58, 0xEB, 0xFD, 0xCA, 0x96, 0x96, 0x54, 0x82, 0xB5, 0x0A, 0xFC, 0xE0, 0x43, 0x66,
    0x70, 0xA5, 0x58, 0x67, 0x8D, 0x35, 0x94, 0xF2, 0x74, 0xC0, 0xE0, 0x07, 0x05, 0x67, 0x3F, 0x08,
    0xD7, 0x8E, 0x17, 0x0B, 0x66, 0xB7, 0xBB, 0xC7, 0x81, 0xF6, 0x7B, 0x27, 0xBA, 0xCF, 0x19, 0xE9,
    0x8F, 0x01, 0xD3, 0xEE, 0xF4, 0xD2, 0x66, 0x24, 0x95, 0x57, 0x92, 0xA1, 0xF0, 0x65, 0x9B, 0xFF,
    0x35, 0x2F, 0xA5, 0x42, 0x1D, 0x13, 0x57, 0x4C, 0x0B, 0xCD, 0x5B, 0x66, 0xF8, 0x14, 0x76, 0x1A,
    0xAD, 0x18, 0x09, 0xAF, 0x0D, 0x7D, 0xC7, 0xF3, 0x50, 0xAE, 0x53, 0x02, 0xB7, 0x42, 0xA7, 0x89,
    0x43, 0x79, 0x30, 0x82, 0x4F, 0x95, 0xE5, 0x53, 0xBC, 0x5D, 0x3E, 0x45, 0x48, 0x85, 0x44, 0xAF,
    0xE9, 0x6A, 0x1C, 0x9E, 0xC5, 0xF9, 0x6A, 0x56, 0x8E, 0x23, 0x9D, 0x6C, 0x99, 0x9C, 0x0F, 0xC6,
    0x52, 0x26, 0x4F, 0x59, 0xCE, 0x5A, 0xF4, 0xD1, 0x54, 0xF4, 0xAD, 0x11, 0x4C, 0xFB, 0x57, 0x8F,
    0x6F, 0x98, 0x37, 0xFD, 0xDD, 0xDF, 0x29, 0x74, 0xFA, 0xEA, 0x5F, 0xFC, 0xDF, 0xB1, 0x59, 0x4D,
    0xFF, 0xA3, 0x13, 0x6C, 0xE6, 0x73, 0x22, 0x24, 0xF3, 0x19, 0x91, 0x7A, 0x2E, 0xF7, 0x4D, 0xEC,
    0x7F, 0x30, 0xD2, 0x86, 0xEE, 0x6D, 0x23, 0x5D, 0x68, 0x15, 0x30, 0xD4, 0x02, 0xE0, 0x83, 0x77,
    0xA5, 0xD2, 0x04, 0x47, 0x25, 0x68, 0xB5, 0x41, 0x3F, 0x2A, 0x4B, 0x10, 0x74, 0x8F, 0x6E, 0xA5,
    0x2E, 0x41, 0xA3, 0x58, 0x5C, 0x42, 0x3F, 0x18, 0x05, 0x13, 0x9C, 0xA2, 0xB7, 0xFA, 0x82, 0x55,
    0xE8, 0xA0, 0x0D, 0xE1, 0x13, 0x0A, 0x66, 0xC6, 0xEB, 0xB4, 0x29, 0xB2, 0x8D, 0x66, 0x37, 0xF2,
    0xE1, 0x80, 0x3B, 0x17, 0x83, 0xE1, 0x2E, 0x87, 0xB9, 0x89, 0xED, 0xD8, 0x07, 0x33, 0x18, 0x3C,
    0x62, 0x63, 0x3D, 0x97, 0x7D, 0x9C, 0xE2, 0x67, 0xFB, 0xD0, 0x8E, 0xC7, 0x98, 0xA7, 0x5F, 0x26,
    0x3C, 0x35, 0xF9, 0xAE, 0x4E, 0x55, 0x22, 0x15, 0xA7, 0x52, 0x4E, 0x9D, 0xAA, 0x54, 0xA7, 0x7A,
    0xC9, 0xA3, 0x4D, 0x5D, 0xD9, 0xAA, 0x6C, 0x27, 0xE0, 0x13, 0xFA, 0x47, 0xAC, 0x91, 0x42, 0xE1,
    0x39, 0x7A, 0x87, 0x45, 0x23, 0xF5, 0x53, 0x91, 0xE6, 0xF1, 0x44, 0x13, 0x13, 0x0C, 0x2F, 0x84,
    0xBB, 0xC0, 0x77, 0xDD, 0x8B, 0x24, 0x5B, 0x78, 0xAD, 0x5E, 0xFB, 0x40, 0x5B, 0x59, 0x4A, 0x7E,
    0xA7, 0x32, 0xF3, 0x60, 0x30, 0xF9, 0xF1, 0xE9, 0x2F, 0x75, 0x6B, 0x29, 0xD7, 0x61, 0x47, 0x13,
    0x69, 0xB3, 0x8D, 0xF4, 0x01, 0x13, 0x70, 0x16, 0x0F, 0x1B, 0x55, 0xA2, 0xCE, 0xB6, 0x70, 0x7C,
    0xA0, 0x5D, 0x5C, 0xAE, 0x83, 0x46, 0xDA, 0x3D, 0x34, 0x56, 0xCC, 0xA3, 0xC2, 0x05, 0x6F, 0xBD,
    0x75, 0x83, 0xB7, 0x26, 0x88, 0xFB, 0xC8, 0x75, 0xA5, 0xAD, 0x68, 0xA9, 0xE9, 0xB4, 0xED, 0x7D,
    0x0F, 0x8A, 0x90, 0xE7, 0x51, 0xC6, 0x57, 0xA8, 0x4B, 0x6C, 0x04, 0xA7, 0x60, 0x4C, 0x78, 0x9E,
    0x09, 0xBC, 0x4B, 0x03, 0x2A, 0xCD, 0x7B, 0x14, 0x18, 0xC9, 0x76, 0xA3, 0xC2, 0xD3, 0x4A, 0xFD,
    0x15, 0xB2, 0x1C, 0x04, 0xC7, 0x04, 0x5D, 0x04, 0x17, 0xA8, 0x04, 0x4D, 0x79, 0x9C, 0xC1, 0x48,
    0xE3, 0x05, 0x80, 0x46, 0x73, 0xA9, 0xA3, 0x97, 0x86, 0xD6, 0xEA, 0xC6, 0x38, 0x9E, 0x4A, 0x6B,
    0x26, 0x66, 0x36, 0x78, 0xF9, 0x55, 0xDB, 0x58, 0xF8, 0x18, 0xFC, 0x7E, 0x74, 0xA7, 0xBE, 0xF3,
    0xBE, 0xF5, 0x20, 0xA8, 0x33, 0x4D, 0xA6, 0xCD, 0x98, 0x8C, 0xCF, 0x24, 0x51, 0xCF, 0xE2, 0x18,
    0x45, 0x1B, 0x84, 0xB1, 0xC2, 0x4B, 0x93, 0xA4, 0x58, 0x78, 0xFA, 0xCB, 0xF4, 0x42, 0x10, 0x17,
    0x8C, 0xD2, 0x35, 0xFF, 0xF1, 0x5B, 0x98, 0x81, 0x13, 0x3F, 0x0F, 0x4E, 0x31, 0x53, 0xDA, 0x04,
    0x55, 0x06, 0xD9, 0x33, 0xFC, 0xD2, 0x41, 0x48, 0x5B, 0x26, 0xE1, 0x34, 0xC2, 0x0B, 0x39, 0x5D,
    0xBD, 0xA8, 0x24, 0x8E, 0x99, 0x76, 0x39, 0xAF, 0x62, 0x00, 0x77, 0xFC, 0x29, 0xBC, 0x5B, 0x91,
    0x84, 0xFE, 0x4F, 0x83, 0x86, 0xD3, 0xC9, 0xF9, 0x4C, 0x39, 0x37, 0x33, 0xFA, 0xA1, 0x97, 0xF6,
    0xBD, 0x2E, 0x7B, 0xCE, 0x1D, 0x90, 0x14, 0x2E, 0xBC, 0xEC, 0x65, 0x3E, 0x80, 0xB7, 0x20, 0xA8,
    0x56, 0xA8, 0x13, 0x34, 0x0B, 0xB4, 0x71, 0xDF, 0xFB, 0x9B, 0x47, 0x82, 0xE0, 0xB0, 0x9D, 0x5C,
    0x8E, 0x0B, 0xFB, 0x55, 0x2B, 0xD2, 0x9D, 0x72, 0x11, 0x17, 0x32, 0xD6, 0x9F, 0x62, 0xE7, 0x89,
    0x53, 0xA4, 0xD4, 0x9A, 0x68, 0xB5, 0x60, 0x9E, 0x52, 0x09, 0x5F, 0x7B, 0x1D, 0x5D, 0x2E, 0xF8,
    0xA7, 0x64, 0x8D, 0x36, 0x8E, 0x9A, 0xE1, 0xE9, 0xD7, 0xD1, 0xD9, 0x15, 0x7F, 0xAD, 0xF8, 0x3F,
    0x10, 0xC2, 0x97, 0x3E, 0xC3, 0x55, 0x9F, 0xB7, 0x9C, 0xD2, 0xAD, 0x93, 0x1F, 0x0E, 0xEB, 0xBE,
    0x03, 0x80, 0xA0, 0x59, 0xCF, 0xFB, 0x1D, 0x33, 0x96, 0x3B, 0x16, 0x0C, 0x0A, 0xE7, 0x84, 0xB9,
    0xBA, 0xAE, 0x93, 0xA8, 0x0D, 0x7D, 0xEC, 0x63, 0x37, 0x56, 0x5C, 0x5F, 0xF7, 0xA7, 0x1E, 0x94,
    0xD6, 0xCE, 0x52, 0xC9, 0xD2, 0x89, 0x4A, 0x13, 0xDD, 0x06, 0x9A, 0x32, 0x01, 0xDC, 0x0A, 0x4D,
    0x79, 0x30, 0x82, 0x83, 0xEC, 0xEE, 0x4B, 0xC5, 0x6B, 0x5F, 0xFB, 0xDA, 0xAB, 0x24, 0xE7, 0x7C,
    0x49, 0xBA, 0xD4, 0x51, 0x2A, 0x17, 0x40, 0x03, 0xF8, 0x05, 0x8E, 0xE5, 0xC6, 0x2D, 0xD0, 0x9C,
    0xC7, 0x71, 0x65, 0x57, 0x46, 0xFC, 0x0A, 0x0A, 0x27, 0xDF, 0xF3, 0x40, 0x9D, 0x46, 0x69, 0x76,
    0x4A, 0x9F, 0x5A, 0xAF, 0x7B, 0xCE, 0xAF, 0x34, 0x89, 0x7E, 0xC6, 0x8F, 0x88, 0x43, 0xE2, 0xB0,
    0x9C, 0x83, 0xA6, 0x5A, 0xA8, 0xD7, 0xDD, 0xD2, 0x5E, 0x73, 0xD0, 0x02, 0x18, 0x69, 0xA0, 0xD2,
    0x3F, 0xFB, 0x48, 0xB3, 0x94, 0xA6, 0x76, 0x7C, 0xBA, 0x5D, 0x31, 0x9F, 0xAE, 0x64, 0x30, 0x6D,
    0xD1, 0xDF, 0xEF, 0xC6, 0xD4, 0xDB, 0x64, 0xEC, 0xAE, 0x5C, 0x94, 0x64, 0xAA, 0x72, 0x63, 0xFE,
    0x28, 0x7D, 0x17, 0xBF, 0xD7, 0xEE, 0x11, 0xDA, 0xA8, 0x8B, 0x98, 0xE1, 0x83, 0xF7, 0x9D, 0xA3,
    0x82, 0x46, 0x3F, 0x23, 0x40, 0x2A, 0xFA, 0x5C, 0x2D, 0x40, 0x9B, 0x60, 0xDF, 0x35, 0x8C, 0x2E,
    0xE2, 0xDC, 0x00, 0x32, 0x01, 0xD4, 0x8F, 0x54, 0x5B, 0x1B, 0xA9, 0xD3, 0x2E, 0xC7, 0x99, 0x66,
    0x7B, 0x5D, 0xA2, 0x95, 0x76, 0x59, 0xE9, 0x25, 0x61, 0x46, 0xB2, 0x04, 0x34, 0xF8, 0x80, 0x0B,
    0xB2, 0x98, 0x20, 0x4D, 0xE7, 0x5C, 0xD1, 0xA0, 0x4A, 0x41, 0x98, 0x33, 0x7E, 0x90, 0x84, 0xB4,
    0x64, 0xC4, 0xB9, 0x6D, 0xBC, 0xE6, 0x2A, 0xFE, 0x91, 0xE6, 0x4B, 0x7E, 0x8D, 0x95, 0x14, 0x8F,
    0x99, 0x76, 0x7D, 0x64, 0x34, 0xE7, 0xD0, 0x77, 0x19, 0x3F, 0x5C, 0x67, 0x68, 0xB9, 0xF7, 0xE7,
    0x7A, 0x33, 0x41, 0x9F, 0xAA, 0x5F, 0x6A, 0xA5, 0xA9, 0xCE, 0xE0, 0x35, 0x52, 0xBD, 0x10, 0x69,
    0xBC, 0xCC, 0x2B, 0xE8, 0xE5, 0x9A, 0x44, 0x1F, 0x45, 0xBB, 0x88, 0x26, 0x89, 0xFA, 0x3E, 0x8E,
    0x69, 0x6F, 0x2B, 0x3E, 0x8F, 0x68, 0x2A, 0x7D, 0x4E, 0x7D, 0xA7, 0xCC, 0x72, 0xB6, 0x97, 0xBD,
    0x50, 0x70, 0x36, 0xC5, 0xB3, 0xDD, 0xAC, 0xE4, 0xDA, 0xF9, 0x81, 0x5E, 0x0F, 0x74, 0x84, 0x07,
    0xED, 0x1C, 0x5B, 0xFF, 0x54, 0x49, 0xA9, 0x91, 0x96, 0x76, 0xAB, 0xDE, 0xBC, 0xEF, 0xC1, 0x78,
    0xD9, 0x83, 0x82, 0x92, 0xB7, 0x99, 0xFC, 0xEA, 0x42, 0x9D, 0x4C, 0x61, 0xAA, 0x53, 0x97, 0xEA,
    0xD4, 0x4A, 0xA9, 0xCE, 0xE0, 0xB4, 0xC7, 0x5F, 0x59, 0xDB, 0xAD, 0x48, 0xD7, 0xBC, 0xEC, 0x15,
    0xA5, 0xEE, 0x56, 0xCC, 0xE9, 0x8B, 0x45, 0x43, 0x9D, 0x78, 0x97, 0xD6, 0xCB, 0xBA, 0xDD, 0x1F,
    0xF1, 0xDE, 0xD9, 0x41, 0x68, 0x45, 0x09, 0x4D, 0x25, 0xFD, 0x45, 0x3B, 0x0B, 0x33, 0x09, 0x1F,
    0x54, 0x09, 0xD5, 0x09, 0xB5, 0x33, 0x32, 0x13, 0xF2, 0x01, 0xA9, 0x30, 0x66, 0x22, 0xFA, 0x92,
    0xE5, 0xD4, 0x5E, 0xC6, 0x40, 0x83, 0x70, 0x41, 0x98, 0x78, 0x1A, 0x83, 0xF7, 0xC0, 0x94, 0xCE,
    0x36, 0xD1, 0xAE, 0x8A, 0x74, 0x45, 0xCC, 0xAA, 0xA5, 0x48, 0xC2, 0xAD, 0x5B, 0x62, 0x5B, 0xB7,
    0x95, 0x75, 0x95, 0xAF, 0xD2, 0x2A, 0x53, 0xBF, 0x3D, 0xCB, 0x67, 0x3C, 0xB6, 0xAA, 0xFF, 0xB3,
    0x2C, 0xDD, 0x5F, 0xFD, 0xFD, 0xAA, 0xF6, 0x6D, 0x7F, 0x90, 0x45, 0x59, 0x1A, 0x7D, 0xF7, 0xAA,
    0x5A, 0xD5, 0x59, 0xAA, 0x2D, 0xCB, 0x88, 0x43, 0xB1, 0xC8, 0x52, 0x24, 0x15, 0xD9, 0xB2, 0x6C,
    0x2A, 0xE2, 0x42, 0x16, 0x33, 0x3A, 0xD4, 0xC5, 0x2C, 0xED, 0x92, 0xA5, 0x4E, 0x59, 0x0E, 0xCA,
    0xC2, 0x2E, 0x4E, 0x08, 0x53, 0xA4, 0xBD, 0x92, 0x5A, 0x9C, 0x2E, 0xA7, 0x81, 0x5A, 0x5A, 0x68,
    0xA5, 0x8D, 0x6E, 0x6D, 0x84, 0x89, 0x28, 0x98, 0x92, 0xBB, 0x3E, 0x60, 0x82, 0x1F, 0x30, 0xA3,
    0xAE, 0x64, 0x7F, 0xDC, 0x1B, 0x5C, 0x71, 0x31, 0x13, 0x0A, 0x7D, 0x6A, 0x74, 0x1A, 0x60, 0x1F,
    0x0A, 0xA7, 0x11, 0x78, 0x21, 0x48, 0x3F, 0x95, 0x49, 0x19, 0xA1, 0x57, 0x64, 0x90, 0x15, 0x7E,
    0x38, 0x21, 0xAB, 0x37, 0x09, 0x69, 0xCD, 0xCC, 0x68, 0xB3, 0x08, 0x1E, 0xC6, 0x07, 0x7E, 0xAE,
    0x2E, 0x5E, 0x3E, 0xFE, 0x6A, 0x01, 0x95, 0x02, 0xF0, 0x74, 0x7B, 0xCF, 0xFC, 0x1F, 0xB9, 0xCC,
    0xDD, 0x85, 0xFD, 0xB5, 0xBA, 0x7C, 0xFF, 0x2F, 0x99, 0x78, 0x8A, 0xB6, 0x3A, 0x65, 0x36, 0xB4,
    0x17, 0x1F, 0x4E, 0x11, 0xD9, 0xC5, 0x7D, 0xDC, 0xB9, 0xD3, 0x66, 0x94, 0x7C, 0xF8, 0x5D, 0x81,
    0x2C, 0x7E, 0xC4, 0xAC, 0x74, 0x0A, 0xB9, 0x09, 0x97, 0x68, 0x04, 0xC5, 0x96, 0xC3, 0x29, 0xE5,
    0x96, 0x32, 0xB5, 0x17, 0xE2, 0xA5, 0x78, 0xE1, 0xE9, 0xEE, 0x9F, 0x5F, 0x88, 0x09, 0xBC, 0x37,
    0x88, 0x3A, 0xBD, 0xC7, 0xD8, 0xE3, 0xE2, 0xC6, 0x7E, 0x36, 0x52, 0x6C, 0xA5, 0x70, 0xD0, 0x06,
    0x77, 0x2C, 0x02, 0xE1, 0xCB, 0xAB, 0x0B, 0xD5, 0x86, 0x09, 0x25, 0xA5, 0xC7, 0x2C, 0xDD, 0xD4,
    0x2C, 0xB4, 0xB1, 0x8D, 0x1C, 0x8B, 0xD4, 0x4B, 0x37, 0x51, 0xA7, 0x3E, 0x70, 0x48, 0x26, 0xC0,
    0x66, 0x06, 0x90, 0x07, 0xBC, 0x00, 0xB3, 0x16, 0x49, 0x40, 0x5F, 0xA4, 0x9D, 0x41, 0xB4, 0x11,
    0x8F, 0xCA, 0x83, 0xF0, 0xB6, 0x5B, 0x10, 0x66, 0x30, 0xA9, 0x5A, 0x31, 0xC1, 0xA4, 0x3A, 0x95,
    0x97, 0x75, 0x7F, 0x3F, 0xF7, 0xFB, 0xF5, 0x42, 0x3B, 0x6D, 0xAE, 0x99, 0x69, 0xE3, 0x6A, 0xF6,
    0xDF, 0xD2, 0xC9, 0x7C, 0xC9, 0xFE, 0xB3, 0xDE, 0xFC, 0xE4, 0x44, 0xFD, 0xE4, 0xD2, 0xFD, 0x5D,
    0xF9, 0xA1, 0x3F, 0xB7, 0xFF, 0x1B, 0xA8, 0xCB, 0x1A, 0x02, 0x55, 0x79, 0x19, 0x40, 0x53, 0x23,
    0x0B, 0x1A, 0x6B, 0x01, 0x0A, 0xB5, 0x28, 0xAB, 0x11, 0x66, 0xAA, 0x37, 0xDA, 0x78, 0x4C, 0x1C,
    0x53, 0x59, 0xC3, 0x6A, 0x26, 0x90, 0x0B, 0xE0, 0x65, 0xC1, 0x08, 0xE8, 0xAE, 0x26, 0xBD, 0x3F,
    0x4A, 0x96, 0x83, 0x4C, 0x28, 0x6B, 0x8D, 0xB4, 0x4B, 0x3B, 0xD3, 0xC5, 0x26, 0x61, 0xCA, 0xE0,
    0x0A, 0xC8, 0xCA, 0xD6, 0xEB, 0xFE, 0x49, 0x3C, 0xB6, 0x4B, 0x17, 0xDB, 0xD8, 0xCE, 0x66, 0xDC,
    0x3F, 0x97, 0x57, 0x59, 0x24, 0xF0, 0x09, 0x4C, 0x26, 0xF7, 0xA7, 0xBD, 0x1D, 0x23, 0x4D, 0x99,
    0x58, 0x78, 0xFA, 0xCB, 0xDC, 0xF5, 0x2F, 0xF0, 0x3A, 0x9D, 0x36, 0xB0, 0x9F, 0x60, 0xAF, 0x86,
    0x7A, 0x83, 0x26, 0x9D, 0xBA, 0x9A, 0x52, 0x7D, 0x23, 0x92, 0xDC, 0xE2, 0x52, 0x86, 0x77, 0x51,
    0x8A, 0x57, 0x12, 0x38, 0x30, 0x03, 0x26, 0xD0, 0x8D, 0xEC, 0x87, 0x4B, 0x3D, 0x53, 0x27, 0xAA,
    0x04, 0x1B, 0x5C, 0x79, 0xF4, 0x81, 0xF6, 0xE2, 0x01, 0x6E, 0xF1, 0x8B, 0x5B, 0xEA, 0x77, 0x51,
    0x4E, 0x5E, 0x74, 0x94, 0x11, 0xCE, 0x93, 0x9F, 0x32, 0x91, 0xFA, 0xB1, 0x85, 0x3A, 0x26, 0x8E,
    0xE3, 0x77, 0xD1, 0x06, 0x43, 0x3F, 0x74, 0x59, 0xDB, 0x70, 0x97, 0x66, 0x34, 0x5A, 0xB3, 0x81,
    0x42, 0x3F, 0x35, 0x33, 0xE9, 0xA0, 0x89, 0x5E, 0x89, 0x56, 0xE2, 0x69, 0x08, 0x0A, 0x5F, 0x26,
    0xDB, 0x49, 0xD6, 0x65, 0x34, 0x78, 0x2B, 0x74, 0xE2, 0x7F, 0x4B, 0x9D, 0xB7, 0xFD, 0x6A, 0x6C,
    0x65, 0x6F, 0xC9, 0x98, 0xBF, 0x5A, 0x30, 0x52, 0x21, 0x98, 0xD9, 0x07, 0x13, 0xCC, 0x68, 0x42,
    0x37, 0x65, 0x62, 0xE1, 0x74, 0x6F, 0x26, 0x33, 0xB9, 0xAB, 0xBF, 0x26, 0x66, 0x0F, 0x0B, 0x0B,
    0x7E, 0x3E, 0x2A, 0xF5, 0x4A, 0x66, 0xFA, 0x06, 0x1F, 0x90, 0x45, 0x5C, 0x6C, 0xC0, 0x8D, 0xCF,
    0x32, 0x4A, 0xAD, 0x52, 0xC9, 0xFB, 0x3B, 0x3C, 0xEC, 0xED, 0x0F, 0x9B, 0x09, 0xED, 0x69, 0xD0,
    0xE0, 0xFE, 0x5E, 0xC1, 0x0F, 0x26, 0xC8, 0x3E, 0xE4, 0x1F, 0x5F, 0x2E, 0xC5, 0xA7, 0xCB, 0x34,
    0x6A, 0x03, 0x1F, 0x0C, 0xD5, 0xD5, 0xBF, 0xC6, 0xE2, 0xE5, 0xAD, 0x2F, 0xFD, 0x5E, 0xEB, 0x83,
    0xA4, 0x13, 0x80, 0xEC, 0x1E, 0xEB, 0x18, 0x89, 0x36, 0x73, 0xC9, 0x6B, 0x00, 0x2D, 0xB5, 0x96,
    0x46, 0x7B, 0xFC, 0xCF, 0xB4, 0x1A, 0xBD, 0xA6, 0x6C, 0xC7, 0xA5, 0x3C, 0xDE, 0x6E, 0x1C, 0xB6,
    0x2E, 0xB4, 0xFA, 0xDF, 0x5B, 0xE6, 0xDC, 0xDF, 0x98, 0xB3, 0xBB, 0x31, 0x67, 0x93, 0xE7, 0x7C,
    0x5A, 0xF3, 0x27, 0x56, 0xE7, 0x4D, 0xD4, 0x4A, 0xA7, 0xE9, 0xE1, 0x87, 0xF2, 0xA3, 0x09, 0xE3,
    0x65, 0x4F, 0x87, 0xE2, 0x46, 0x13, 0xFA, 0x72, 0x20, 0xEF, 0x12, 0x30, 0xD6, 0x05, 0x13, 0x5E,
    0xB0, 0xC7, 0x98, 0x09, 0xB7, 0x15, 0x60, 0xAD, 0x84, 0xF8, 0x16, 0x60, 0x43, 0xB7, 0x97, 0x4A,
    0xF5, 0xE6, 0x56, 0x97, 0xDC, 0xF4, 0xD0, 0x79, 0xEE, 0xEF, 0x5B, 0x8A, 0xAC, 0xF9, 0xA3, 0x15,
    0xF3, 0x77, 0x0B, 0x46, 0x53, 0x26, 0x64, 0x62, 0x26, 0x3F, 0xFF, 0x51, 0xC2, 0xFC, 0xC1, 0xBE,
    0x2B, 0xC5, 0x33, 0xFB, 0xB7, 0xD1, 0x84, 0x77, 0xA7, 0xDC, 0x3D, 0xA6, 0xE3, 0x8A, 0x71, 0x32,
    0xFB, 0x8E, 0x9D, 0x02, 0x74, 0x71, 0x7B, 0x38, 0x76, 0x65, 0x8C, 0x71, 0xD7, 0xD0, 0xBE, 0x07,
    0x7A, 0x77, 0x1F, 0xF1, 0x3D, 0xDF, 0xD9, 0x4A, 0x13, 0x47, 0xAD, 0xA7, 0x68, 0x1B, 0xAF, 0x4E,
    0x7D, 0x14, 0xFD, 0x74, 0x66, 0x2C, 0x11, 0xE8, 0x4E, 0xA7, 0x6E, 0x5B, 0x6D, 0x1C, 0xCE, 0xFF,
    0x6E, 0xCD, 0x71, 0xC1, 0xB8, 0x73, 0x8A, 0xC5, 0x77, 0x33, 0xC5, 0x7E, 0x31, 0x61, 0x82, 0xCD,
    0xF0, 0x00, 0xF7, 0x44, 0xE0, 0x78, 0x7B, 0xD6, 0xDC, 0x12, 0x81, 0x0F, 0x70, 0xF7, 0x18, 0x8D,
    0x89, 0x46, 0xD9, 0x26, 0x13, 0x31, 0xE1, 0x56, 0x6B, 0x34, 0x18, 0x45, 0xAF, 0x28, 0x7E, 0x4A,
    0x16, 0x2D, 0x18, 0x0D, 0x47, 0x45, 0xFC, 0xCC, 0x71, 0x19, 0xEA, 0x45, 0x7E, 0x56, 0x71, 0x18,
    0xAA, 0x17, 0x52, 0xFD, 0x12, 0x75, 0x2C, 0xD6, 0x2A, 0xBA, 0xBD, 0x57, 0x3B, 0xD3, 0xC6, 0x07,
    0x2C, 0x77, 0x55, 0xAC, 0x15, 0x2B, 0x45, 0xEE, 0x60, 0x6C, 0x37, 0xBA, 0xA1, 0x9F, 0xDE, 0x29,
    0x7B, 0x18, 0xB9, 0xC9, 0x48, 0x53, 0x97, 0x69, 0xF4, 0x93, 0x13, 0x1F, 0x0C, 0xE2, 0x18, 0x65,
    0xDB, 0xCB, 0x86, 0x86, 0x7E, 0x2C, 0x47, 0xEE, 0x72, 0x8D, 0x68, 0xE6, 0x8D, 0xFA, 0xED, 0x89,
    0x83, 0x12, 0x68, 0xC9, 0x44, 0x70, 0x19, 0x33, 0xE2, 0x71, 0xA1, 0x0F, 0xDE, 0xEE, 0x01, 0x3A,
    0x68, 0x2C, 0xA9, 0xA3, 0xC9, 0x59, 0xF3, 0x87, 0x4F, 0x46, 0xD1, 0xBD, 0xF5, 0x89, 0xAC, 0xED,
    0x3F, 0x3E, 0x9E, 0x47, 0x68, 0x9F, 0x78, 0xEC, 0x1D, 0x89, 0xE3, 0x93, 0xD3, 0x96, 0xA8, 0x9F,
    0x0A, 0x5A, 0xA8, 0x15, 0x34, 0x17, 0xF5, 0x91, 0x4A, 0x83, 0x89, 0x50, 0xE2, 0x02, 0x37, 0x74,
    0xD1, 0x8C, 0x25, 0x44, 0x7D, 0x68, 0x17, 0x51, 0x6B, 0xA5, 0x52, 0x02, 0xC5, 0xC2, 0x7E, 0x5F,
    0xEA, 0x8E, 0x8B, 0x28, 0x3E, 0xC5, 0xD7, 0x87, 0x2E, 0x96, 0x35, 0xF8, 0x1B, 0x6B, 0xE8, 0xCE,
    0x6B, 0x38, 0x46, 0x51, 0xCF, 0x99, 0xF5, 0x32, 0xCE, 0x02, 0x3E, 0x82, 0x29, 0x8C, 0x57, 0xFF,
    0x0D, 0x2B, 0x81, 0x29, 0xA4, 0xCC, 0x94, 0xD1, 0x7A, 0xB2, 0xA7, 0xBF, 0x26, 0xD1, 0x46, 0xCA,
    0xD4, 0x02, 0xA2, 0xCE, 0x4F, 0x0B, 0x5D, 0xC4, 0x68, 0x73, 0xBB, 0xD1, 0x07, 0x14, 0x0E, 0xD9,
    0x56, 0x0E, 0xE9, 0xCA, 0x8A, 0xE7, 0x57, 0x2F, 0x68, 0x42, 0x23, 0x6E, 0x2E, 0x8F, 0x87, 0xFB,
    0x4C, 0xA5, 0x23, 0x26, 0xFC, 0xDE, 0x2D, 0xD7, 0x77, 0x6C, 0x50, 0x7C, 0x46, 0xBA, 0x91, 0xF6,
    0xA6, 0x45, 0xDA, 0xCD, 0x1E, 0x34, 0x64, 0x3B, 0x96, 0x93, 0xBB, 0xD9, 0x5A, 0x9C, 0x95, 0x2D,
    0xB0, 0x41, 0x3F, 0x55, 0x48, 0x6F, 0xB2, 0x92, 0xEC, 0xD8, 0x6F, 0xC0, 0x0B, 0xF9, 0x7F, 0xBD,
    0x98, 0x01, 0xA4, 0x25, 0xD7, 0x1D, 0xC6, 0xBF, 0xB9, 0xB3, 0xBB, 0x93, 0x64, 0xD4, 0x49, 0xD9,
    0xB0, 0x45, 0x3B, 0x45, 0xD0, 0x46, 0x9A, 0x81, 0x00, 0xF6, 0xED, 0xFF, 0xC4, 0x02, 0x2D, 0x2C,
    0x5A, 0x05, 0xB4, 0x28, 0x25, 0xB0, 0x50, 0x04, 0xBB, 0xEF, 0x4C, 0x93, 0x2A, 0x04, 0x0D, 0x00,
    0x45, 0x0B, 0x68, 0xDF, 0x02, 0x2C, 0x82, 0xEC, 0x3B, 0x27, 0xBB, 0x05, 0x16, 0x3B, 0x69, 0x55,
    0x50, 0x18, 0x0B, 0x48, 0x69, 0x4E, 0xD3, 0x09, 0xA3, 0x39, 0x33, 0x5F, 0xCF, 0xDF, 0xDC, 0xBD,
    0xF2, 0xE4, 0x6D, 0x93, 0xE4, 0xE6, 0xED, 0x99, 0xF3, 0xFB, 0xCC, 0x99, 0x99, 0xF9, 0xBE, 0xFF,
    0x79, 0xF7, 0xDC, 0xBD, 0xB3, 0xF3, 0x12, 0x7C, 0xC7, 0xE0, 0xBA, 0x6F, 0x01, 0x78, 0x01, 0xB2,
    0x6E, 0xD6, 0xE9, 0xD6, 0xB9, 0xCE, 0xEB, 0x16, 0x5E, 0xB5, 0x00, 0x60, 0xB4, 0x17, 0x9C, 0x6B,
    0x2E, 0x0D, 0x93, 0xC4, 0x8B, 0x12, 0x90, 0xBB, 0xD3, 0x0E, 0x59, 0xFB, 0xF8, 0x6D, 0xC3, 0xB9,
    0xE2, 0x0C, 0x3F, 0xAD, 0xD7, 0xE3, 0x3C, 0xB4, 0xC1, 0x2F, 0x28, 0x49, 0x54, 0x19, 0x33, 0x3D,
    0x0D, 0x13, 0xB1, 0x83, 0x1C, 0x33, 0x93, 0x72, 0xE2, 0xB8, 0x19, 0xA0, 0xCE, 0x20, 0x19, 0x1E,
    0x71, 0x0E, 0x38, 0x38, 0xBE, 0xE9, 0xB9, 0xB4, 0x9C, 0xDA, 0xD7, 0x93, 0x40, 0xBB, 0xD8, 0xD4,
    0x70, 0x12, 0xCE, 0x8E, 0xF3, 0x25, 0x7C, 0x8F, 0x30, 0xD1, 0x75, 0xCD, 0x20, 0x41, 0x42, 0xD6,
    0xCE, 0x44, 0x8F, 0x6A, 0xCC, 0xF9, 0x4B, 0x42, 0xC1, 0x09, 0x60, 0x44, 0x4D, 0xC2, 0x64, 0x2E,
    0xF8, 0x0F, 0x00, 0x09, 0xBA, 0x0F, 0xE5, 0xBC, 0xFB, 0x3B, 0x74, 0xAC, 0xDC, 0xD9, 0x35, 0x00,
    0xB8, 0xB8, 0x1B, 0xDD, 0x00, 0x50, 0xB3, 0x17, 0x46, 0xFF, 0xD3, 0x70, 0x0C, 0xB8, 0x0E, 0x32,
    0xA1, 0xA1, 0x15, 0xDF, 0xDF, 0xA9, 0xE3, 0x9D, 0x32, 0xBA, 0xAB, 0x51, 0x38, 0xD4, 0x0C, 0xF0,
    0x3D, 0x4C, 0x44, 0x19, 0x27, 0x13, 0xC9, 0xDE, 0x11, 0xC5, 0x35, 0xDC, 0x30, 0x76, 0x69, 0xC3,
    0xD2, 0x84, 0xE7, 0x2F, 0x60, 0x6D, 0x0D, 0x03, 0xC0, 0x5B, 0x09, 0xE5, 0x00, 0x81, 0xB1, 0xC7,
    0x75, 0x38, 0xA8, 0x79, 0x6F, 0xB8, 0xDC, 0xFC, 0xD6, 0xC6, 0xDB, 0x57, 0x80, 0x31, 0x5E, 0x06,
    0x5E, 0x8B, 0x37, 0x76, 0xA2, 0xC3, 0xDB, 0x07, 0xC0, 0xED, 0xCB, 0xED, 0x2B, 0x36, 0x1E, 0x18,
    0xBE, 0x3E, 0x98, 0x62, 0xA9, 0x42, 0xD5, 0x43, 0x6C, 0xC1, 0xDF, 0x27, 0xA0, 0xE5, 0x00, 0xE0,
    0xDA, 0x1A, 0x30, 0xA3, 0x25, 0xCE, 0x35, 0xDD, 0x05, 0x76, 0xC2, 0xEE, 0xA6, 0xE9, 0x0E, 0x45,
    0x77, 0x9A, 0xF7, 0x2D, 0x9E, 0x2D, 0x80, 0xE3, 0x2A, 0x16, 0x34, 0xB1, 0x4C, 0x12, 0x4C, 0xA4,
    0x95, 0xBF, 0x2E, 0x90, 0x7B, 0x33, 0xF2, 0x3E, 0xAA, 0x7C, 0x6C, 0xB3, 0x34, 0x11, 0xAC, 0x23,
    0x5E, 0xDE, 0x74, 0x00, 0x40, 0xD2, 0x2A, 0x47, 0x47, 0xDE, 0x02, 0xED, 0x09, 0x9E, 0xFB, 0xB1,
    0x9B, 0x75, 0x3B, 0x75, 0x66, 0x3F, 0xFC, 0x53, 0x9E, 0x99, 0xE1, 0xD5, 0xE1, 0xB2, 0xF9, 0x59,
    0x88, 0xB7, 0x4D, 0x19, 0xC6, 0x98, 0xE5, 0xB5, 0x98, 0x87, 0x59, 0x88, 0x2C, 0x2E, 0xCF, 0xCC,
    0x18, 0x7B, 0xFB, 0xB2, 0xA9, 0x42, 0x9E, 0x59, 0xF9, 0x70, 0x30, 0xCF, 0x14, 0xB7, 0x4E, 0x9D,
    0xD9, 0x0B, 0x47, 0x47, 0x6F, 0x09, 0x19, 0x15, 0x0D, 0x9B, 0x20, 0xC4, 0xE2, 0xEC, 0x64, 0xBA,
    0xC9, 0x84, 0xD4, 0x76, 0x8E, 0x68, 0x93, 0xFE, 0xCD, 0x71, 0x00, 0xE0, 0xF0, 0x24, 0x24, 0x15,
    0x9B, 0xF9, 0xCC, 0x39, 0x7C, 0xFF, 0xC4, 0x79, 0x9B, 0x2D, 0xDA, 0x19, 0x42, 0xBC, 0x28, 0x16,
    0x02, 0x38, 0x14, 0x09, 0x55, 0x44, 0x13, 0xE0, 0x98, 0x63, 0x82, 0x5B, 0xAF, 0x59, 0x20, 0xB4,
    0x17, 0xDB, 0x0E, 0x2D, 0xAA, 0x19, 0xF5, 0x02, 0x5C, 0xEF, 0x60, 0xC2, 0xA1, 0x0F, 0x8E, 0x5A,
    0x1F, 0x50, 0xA7, 0x66, 0x70, 0x36, 0x41, 0xBA, 0xA6, 0xD7, 0xF5, 0xF9, 0x78, 0xDA, 0x8C, 0x0C,
    0xD2, 0xBB, 0x41, 0xC8, 0x2D, 0xF7, 0x07, 0xF9, 0x0D, 0x20, 0xE1, 0xB3, 0x54, 0x64, 0x68, 0x32,
    0xC2, 0xF7, 0x83, 0xE7, 0xBD, 0x40, 0x9E, 0xC4, 0x67, 0x5C, 0x46, 0x32, 0x26, 0x83, 0x5F, 0x66,
    0xCA, 0x2F, 0x00, 0x00, 0x59, 0xFF, 0x8D, 0xB0, 0xE7, 0x60, 0xD0, 0xF6, 0x55, 0x2C, 0xA3, 0x8F,
    0x3E, 0x00, 0x45, 0xAA, 0x93, 0xA4, 0x2B, 0xE9, 0x5C, 0xC2, 0x6E, 0xC3, 0xDB, 0x00, 0x6A, 0x5D,
    0x6F, 0x10, 0x13, 0x6E, 0x9A, 0x70, 0xA3, 0x56, 0x95, 0xEB, 0xA1, 0x21, 0xAA, 0x09, 0x1B, 0x3C,
    0x8B, 0xF6, 0xD7, 0x09, 0xF2, 0x1E, 0x61, 0x22, 0xBB, 0x32, 0x49, 0xAF, 0x6B, 0x0F, 0x34, 0x63,
    0x39, 0xB7, 0x43, 0x3D, 0xB9, 0xD0, 0x44, 0x42, 0xEE, 0x26, 0x54, 0x78, 0x19, 0xC5, 0x84, 0xA6,
    0x43, 0x3D, 0x41, 0x00, 0x99, 0x70, 0x0C, 0x5C, 0x99, 0x90, 0x80, 0x6F, 0x4E, 0xE5, 0x88, 0x7C,
    0xB6, 0x8C, 0xAA, 0xA6, 0x57, 0x6D, 0x42, 0xCA, 0x2A, 0xA5, 0xEA, 0x71, 0xAD, 0x9A, 0x4C, 0x02,
    0x36, 0xD3, 0x95, 0xAC, 0x65, 0x7C, 0x27, 0xAB, 0xE9, 0xA3, 0xEA, 0x5D, 0xB2, 0x83, 0x5C, 0x55,
    0x75, 0x40, 0x5A, 0xFB, 0x97, 0xCB, 0xBA, 0x3F, 0x67, 0x15, 0xA1, 0xCD, 0x59, 0x8D, 0x0F, 0x39,
    0xEB, 0x5C, 0x13, 0x72, 0x16, 0xC4, 0xE6, 0x2C, 0x78, 0xCD, 0xDA, 0x68, 0x56, 0xA8, 0x23, 0x20,
    0xB6, 0xFD, 0x40, 0xB3, 0x84, 0x01, 0x49, 0x15, 0xDA, 0xDA, 0x11, 0xAD, 0x65, 0x1E, 0xE3, 0xE5,
    0x63, 0xCC, 0xC0, 0xCD, 0x22, 0xC1, 0xA4, 0x1C, 0xD6, 0x8C, 0x55, 0xC4, 0x33, 0x8B, 0x09, 0x80,
    0xB4, 0x6F, 0x8C, 0x83, 0x93, 0x6A, 0xE2, 0x7C, 0x6C, 0x26, 0x37, 0x26, 0x99, 0x50, 0x8E, 0x87,
    0x59, 0xE2, 0x47, 0x13, 0xCC, 0xDF, 0x1E, 0x4E, 0x68, 0xEE, 0x91, 0x90, 0x2A, 0xCB, 0x31, 0x4A,
    0xAD, 0x78, 0xAD, 0xC2, 0x05, 0xF8, 0x00, 0xE9, 0x70, 0x6E, 0x0D, 0xB3, 0x7A, 0xD0, 0xA3, 0x24,
    0x4C, 0x82, 0x0C, 0x70, 0x1D, 0x3C, 0xE0, 0xED, 0x25, 0xF7, 0x49, 0x12, 0xD2, 0x30, 0xE1, 0xC8,
    0x42, 0x9B, 0x9E, 0x05, 0xCC, 0x08, 0x40, 0xA7, 0x00, 0x38, 0x6C, 0x9B, 0xD1, 0x61, 0xB3, 0x00,
    0x10, 0x3E, 0x12, 0x97, 0x8D, 0x40, 0x09, 0x59, 0xDA, 0x1E, 0xC5, 0x62, 0x22, 0xCA, 0x64, 0x54,
    0xEA, 0x11, 0xD5, 0x72, 0x2B, 0xC1, 0x90, 0x2A, 0xD4, 0x65, 0x41, 0x42, 0x7A, 0x64, 0x09, 0x60,
    0xE7, 0x03, 0x5C, 0xA0, 0xD5, 0xC1, 0xDA, 0xA4, 0x07, 0x40, 0xBB, 0xCD, 0xAD, 0x86, 0x27, 0x93,
    0xBB, 0xDA, 0xB7, 0x04, 0xE0, 0x25, 0xE8, 0xBA, 0x1E, 0xCE, 0x3C, 0xB7, 0xED, 0x22, 0xE0, 0x39,
    0x00, 0x64, 0x8E, 0x8C, 0x82, 0x33, 0x8F, 0xBC, 0x61, 0xD4, 0xA5, 0x09, 0xC0, 0xA2, 0xF2, 0xFC,
    0x85, 0xB3, 0x8F, 0xAC, 0x46, 0x00, 0x66, 0x06, 0xF0, 0x52, 0xBB, 0x8A, 0x0E, 0xCF, 0x2A, 0x0D,
    0x24, 0x47, 0x94, 0x9F, 0xD2, 0xFA, 0x13, 0xFE, 0xE4, 0x1A, 0xCC, 0xBF, 0x35, 0xAD, 0x7D, 0x4F,
    0x55, 0xDE, 0x55, 0x75, 0xAF, 0x90, 0x11, 0x2C, 0xB2, 0x16, 0x8B, 0x6A, 0xB9, 0xDC, 0xCA, 0x57,
    0x96, 0xE4, 0x02, 0xD4, 0xAA, 0x30, 0xAA, 0x68, 0xFB, 0x22, 0xAB, 0x84, 0x82, 0x1C, 0x5D, 0xA7,
    0x4A, 0xA8, 0x42, 0x5B, 0xCB, 0x5E, 0xEF, 0xAD, 0x33, 0x66, 0xBE, 0xD0, 0x4B, 0x04, 0x24, 0x00,
    0x2E, 0xE3, 0x3B, 0x80, 0x56, 0xD1, 0xFD, 0xCC, 0xF6, 0xB8, 0x0C, 0x40, 0x9B, 0x8A, 0x3F, 0x1A,
    0x72, 0x28, 0x33, 0xF0, 0xEC, 0x51, 0xF6, 0x40, 0xAD, 0x96, 0x69, 0xA5, 0xCD, 0x34, 0x11, 0x00,
    0x24, 0xEA, 0x89, 0x62, 0x06, 0x04, 0x00, 0xC8, 0x69, 0xED, 0xB9, 0x56, 0x02, 0xDB, 0xCE, 0xB8,
    0xF6, 0x13, 0x07, 0x3F, 0x75, 0x31, 0xA0, 0xB9, 0xF0, 0x5D, 0xF6, 0x29, 0xE3, 0x5E, 0x3E, 0x25,
    0x61, 0x18, 0xE4, 0xC1, 0x70, 0xB8, 0x19, 0xBF, 0xB2, 0x4F, 0x53, 0xF6, 0xF2, 0x66, 0x94, 0x1F,
    0xC5, 0xA7, 0x8B, 0x6E, 0x9F, 0x62, 0x5C, 0x40, 0x13, 0x51, 0x4E, 0xC0, 0x0C, 0x00, 0xC2, 0xE0,
    0x18, 0x84, 0x5D, 0x99, 0xF0, 0xB9, 0xBD, 0xA5, 0x75, 0x0C, 0xB9, 0x63, 0x35, 0xA2, 0xFA, 0xD4,
    0xFD, 0x5E, 0x3E, 0x25, 0x51, 0x33, 0x34, 0xF7, 0xA3, 0x14, 0x13, 0x00, 0xC3, 0xD8, 0x30, 0x1A,
    0x0E, 0x20, 0x3E, 0xB7, 0xD7, 0xEC, 0x1B, 0xEA, 0xF5, 0x07, 0x75, 0xE7, 0x4D, 0xEF, 0x4D, 0xB8,
    0x74, 0xC1, 0x7E, 0xE5, 0x62, 0x0C, 0x67, 0xCD, 0xE7, 0xA0, 0x92, 0x60, 0x3E, 0xBE, 0xBE, 0xC0,
    0xC4, 0x0D, 0xB3, 0x80, 0x5D, 0x16, 0x17, 0xAE, 0xFF, 0xB7, 0x93, 0xE0, 0xD9, 0x6F, 0xC5, 0xA9,
    0x98, 0x08, 0xAF, 0xC2, 0x6E, 0x7B, 0xB1, 0xDE, 0xA6, 0x06, 0x5B, 0xAB, 0x05, 0x80, 0xBB, 0xDA,
    0x03, 0x64, 0x40, 0x49, 0x76, 0x28, 0xC3, 0x31, 0xD6, 0xC6, 0x1E, 0x0E, 0x8C, 0x2A, 0x93, 0x4A,
    0x52, 0x59, 0xB2, 0x2C, 0x54, 0x71, 0x21, 0x8B, 0xF4, 0x0E, 0x6C, 0x62, 0x16, 0x33, 0x65, 0x29,
    0x53, 0x96, 0x0D, 0xB3, 0x40, 0x05, 0x8E, 0x59, 0x44, 0xC5, 0xEC, 0xA4, 0x24, 0xD6, 0xD6, 0x46,
    0x00, 0xF5, 0x04, 0xA0, 0x58, 0x3F, 0x6D, 0x6C, 0x9B, 0xD3, 0x32, 0xC8, 0x69, 0xFD, 0xC2, 0x36,
    0x73, 0x45, 0x48, 0x04, 0x83, 0x04, 0xB8, 0xE0, 0x03, 0x24, 0xF8, 0x0E, 0xD2, 0x73, 0x27, 0x5E,
    0x45, 0x4F, 0x04, 0xA7, 0x97, 0xC8, 0x00, 0x86, 0x36, 0x55, 0x5C, 0x0D, 0xD4, 0x4A, 0x4D, 0xFB,
    0xDD, 0xD3, 0xF3, 0xEE, 0x07, 0xD1, 0x77, 0xDB, 0xF0, 0x32, 0x3E, 0xC9, 0xF0, 0x5A, 0x23, 0x1B,
    0x6A, 0xDA, 0xF5, 0x00, 0xA4, 0x2A, 0x3E, 0x99, 0xF0, 0x26, 0x44, 0x1D, 0x66, 0xA1, 0x1E, 0x8B,
    0xAD, 0x7D, 0x32, 0xB9, 0x07, 0x75, 0x00, 0xBC, 0xE9, 0x55, 0x02, 0x70, 0x69, 0xF3, 0x84, 0x72,
    0x81, 0x1F, 0xE0, 0xB2, 0xD8, 0xA5, 0x7D, 0x3F, 0xD5, 0x8C, 0x1B, 0x06, 0xD0, 0x96, 0xEC, 0xCD,
    0x27, 0xA3, 0xDC, 0x9D, 0x05, 0xEF, 0x3C, 0x85, 0xEF, 0x02, 0x78, 0x4A, 0x6F, 0xF1, 0x7A, 0xF3,
    0x72, 0xA2, 0x8E, 0x5A, 0xEB, 0x30, 0x0C, 0x3E, 0x88, 0xD6, 0x71, 0xAC, 0x25, 0xA4, 0x2C, 0x6F,
    0xC4, 0x5C, 0xC2, 0x9B, 0x43, 0x96, 0x07, 0x41, 0x82, 0xA3, 0xD6, 0xB1, 0x9C, 0xA8, 0xA3, 0xDE,
    0x4E, 0xA9, 0x47, 0xA5, 0x75, 0xEC, 0x5A, 0xB9, 0x00, 0xA0, 0x05, 0xDA, 0x00, 0x6C, 0x3F, 0x74,
    0xA2, 0x4C, 0x5F, 0x1A, 0x5B, 0x4F, 0xAE, 0x6F, 0x47, 0x21, 0xA3, 0x21, 0xC3, 0x86, 0x0B, 0x70,
    0xDE, 0x62, 0x17, 0x52, 0x8F, 0x40, 0xD3, 0x03, 0x82, 0xB3, 0xC9, 0x90, 0x08, 0x70, 0x42, 0x99,
    0x16, 0xD4, 0xBD, 0xD8, 0xAF, 0x3B, 0x63, 0x13, 0x0F, 0x50, 0x4E, 0x44, 0x39, 0x7A, 0xE0, 0xAD,
    0x4B, 0x67, 0x33, 0x07, 0xB0, 0xC3, 0x66, 0x06, 0xAA, 0x11, 0x30, 0x01, 0xDA, 0x68, 0xCB, 0xD9,
    0x85, 0x32, 0x49, 0x6F, 0xA6, 0x26, 0x9A, 0x68, 0x46, 0xE9, 0xF3, 0x28, 0x94, 0x33, 0x2D, 0x48,
    0xC0, 0x27, 0x40, 0x32, 0x6D, 0x04, 0xCC, 0xE3, 0x21, 0x80, 0x1D, 0x1C, 0x32, 0x29, 0x43, 0x70,
    0x43, 0x4B, 0xF8, 0x8E, 0x70, 0x21, 0xD3, 0x11, 0x79, 0xCC, 0xAC, 0x9C, 0x33, 0x23, 0xF8, 0x67,
    0x9C, 0xB8, 0x57, 0x5B, 0xB1, 0xAE, 0xCA, 0xD0, 0x92, 0x51, 0x86, 0x26, 0x4A, 0x30, 0x5B, 0x5C,
    0x90, 0xBB, 0x84, 0xDC, 0x4B, 0x5B, 0xD8, 0xC9, 0xBB, 0xCC, 0xC7, 0x25, 0x49, 0xA8, 0x16, 0x09,
    0x05, 0xE5, 0x2F, 0x99, 0x07, 0xFF, 0x5C, 0xE4, 0x01, 0x93, 0xDC, 0x67, 0x04, 0x9E, 0x83, 0xB6,
    0x72, 0xDE, 0x06, 0xB4, 0x61, 0xF7, 0x48, 0xBE, 0xE1, 0x80, 0x96, 0x49, 0xB3, 0xF0, 0x0C, 0x08,
    0x28, 0xAF, 0xD2, 0x36, 0xA4, 0x75, 0x19, 0x76, 0xDE, 0x12, 0x5C, 0xF9, 0x50, 0x8F, 0x79, 0xDB,
    0xCE, 0x62, 0x0B, 0x0B, 0xEC, 0x4C, 0xCD, 0xF6, 0x79, 0xE9, 0x10, 0x5F, 0x8F, 0x27, 0x03, 0x4A,
    0x46, 0xD4, 0xFF, 0x99, 0xD0, 0x74, 0x77, 0xF6, 0xF6, 0x2C, 0xA7, 0x06, 0x86, 0x4B, 0x26, 0xE1,
    0x3B, 0x55, 0xDC, 0xDB, 0xAF, 0x0A, 0x23, 0xCC, 0xC3, 0x04, 0x65, 0x63, 0x7F, 0xBE, 0xFF, 0x9C,
    0x9D, 0x45, 0xC1, 0x1E, 0x9B, 0x87, 0x03, 0x94, 0x82, 0x41, 0x8F, 0xED, 0xED, 0x7B, 0x81, 0xBD,
    0xD7, 0xBB, 0xB9, 0xDE, 0xBF, 0x3A, 0x04, 0x6F, 0x01, 0x5A, 0x09, 0xD9, 0xE5, 0xC8, 0x87, 0x86,
    0xB9, 0x05, 0x47, 0x55, 0x76, 0xAB, 0x3F, 0x6D, 0xD6, 0x82, 0xA1, 0x40, 0x76, 0x5C, 0x08, 0xC7,
    0x7F, 0x90, 0x68, 0xA8, 0x6B, 0x12, 0xD7, 0xA0, 0xDF, 0x24, 0x3F, 0xD6, 0x4C, 0x2D, 0x93, 0x0C,
    0xBF, 0xF2, 0x41, 0x6F, 0x20, 0x1E, 0xF5, 0x0E, 0xAE, 0xBF, 0x24, 0x4C, 0x86, 0xA9, 0xE4, 0x88,
    0x03, 0xE8, 0x54, 0x4C, 0x80, 0xE9, 0xD5, 0x92, 0x8F, 0x5D, 0x89, 0x05, 0x7B, 0x18, 0x26, 0xAD,
    0x17, 0x92, 0xAB, 0xF4, 0x56, 0x82, 0x56, 0x48, 0x72, 0x05, 0xD0, 0x20, 0xB8, 0x50, 0x40, 0x48,
    0x98, 0xCC, 0xEE, 0x9B, 0x7D, 0xFA, 0x4A, 0xDC, 0xDF, 0xF3, 0xE4, 0x4A, 0xDC, 0xDB, 0xF3, 0xB4,
    0x95, 0xB3, 0x87, 0xDF, 0x29, 0xFF, 0xB1, 0x28, 0x27, 0x94, 0xE9, 0x0B, 0x75, 0xA0, 0x5C, 0xCC,
    0xD8, 0x06, 0x01, 0x20, 0x9D, 0x84, 0xC7, 0x6C, 0xA7, 0x3C, 0x0F, 0x63, 0x01, 0xF8, 0x85, 0xFA,
    0x81, 0xE9, 0xD8, 0x04, 0xAF, 0xCF, 0xC0, 0x5F, 0xB6, 0x38, 0x00, 0xE3, 0x8B, 0xD0, 0x25, 0x07,
    0x97, 0x00, 0x3F, 0x62, 0xC3, 0x04, 0x44, 0x02, 0x70, 0xB6, 0xDC, 0xBD, 0x25, 0x63, 0xEF, 0x83,
    0xF4, 0xB4, 0x32, 0x10, 0xAD, 0xA2, 0xFB, 0xC1, 0x69, 0xE9, 0xA4, 0x35, 0x5C, 0xA0, 0xAB, 0x10,
    0xE7, 0x81, 0x62, 0x36, 0x7A, 0x1F, 0x6A, 0x2E, 0x30, 0x9B, 0x09, 0xDA, 0xAE, 0xD4, 0x33, 0xC4,
    0xD1, 0x8A, 0x7A, 0x8D, 0xAE, 0x5F, 0xDF, 0xD6, 0x35, 0x9F, 0x0B, 0x00, 0x94, 0xDC, 0x3E, 0x4A,
    0x36, 0xFD, 0xEE, 0x49, 0xB2, 0xE0, 0x80, 0x9A, 0xF3, 0xFA, 0x61, 0xF6, 0x0C, 0xBE, 0x93, 0x40,
    0x9B, 0xF7, 0xD0, 0xEE, 0xEA, 0xF3, 0x5A, 0x5F, 0x70, 0xBB, 0xFA, 0x36, 0x6B, 0x7D, 0x8F, 0xFD,
    0x19, 0xDF, 0xDB, 0xD3, 0xF7, 0x28, 0x18, 0x51, 0x7D, 0x94, 0x60, 0x82, 0xDB, 0xDB, 0xB3, 0x48,
    0x06, 0x15, 0x09, 0xC3, 0x19, 0x66, 0x33, 0xEE, 0xED, 0x57, 0xF6, 0x6F, 0xA3, 0x8E, 0x73, 0x26,
    0xA1, 0xE8, 0x7E, 0xB1, 0xFF, 0x9C, 0x0F, 0x32, 0x5E, 0x59, 0xF7, 0x4F, 0xBE, 0xE9, 0x3E, 0x02,
    0x2E, 0x6E, 0xCF, 0x31, 0x73, 0x98, 0x39, 0x87, 0x6D, 0xE6, 0xBF, 0x60, 0x34, 0x4F, 0x79, 0x2F,
    0x67, 0xBE, 0xC1, 0xC0, 0x9A, 0x3D, 0xCD, 0x87, 0x3D, 0xA5, 0xED, 0x79, 0x27, 0x93, 0x72, 0x66,
    0xF4, 0x41, 0x33, 0x1B, 0x2E, 0x10, 0x8E, 0xF8, 0xC6, 0xF9, 0x47, 0xF7, 0x03, 0x70, 0x01, 0x30,
    0x03, 0x50, 0x8E, 0xD0, 0x26, 0xB6, 0xE9, 0x5D, 0xD7, 0x0E, 0xFF, 0x97, 0x20, 0x83, 0x84, 0xF5,
    0xED, 0x70, 0x93, 0xA9, 0xF8, 0xBB, 0x01, 0xCF, 0x62, 0x6D, 0x1B, 0x02, 0x55, 0x5A, 0x3D, 0xC5,
    0x7E, 0x3D, 0x9E, 0x6E, 0x00, 0x38, 0xA2, 0xFC, 0x78, 0x86, 0xE9, 0x65, 0x6F, 0xCF, 0x72, 0xB8,
    0x81, 0x2A, 0x2E, 0x28, 0x33, 0x45, 0xF7, 0xFC, 0x99, 0xCD, 0x9B, 0xA8, 0xA3, 0xB7, 0x26, 0xAE,
    0xDF, 0xC1, 0xAC, 0xBD, 0x04, 0x13, 0x9D, 0xAD, 0x23, 0x51, 0x8E, 0x99, 0x79, 0x46, 0xC1, 0x04,
    0x70, 0x02, 0x7C, 0x04, 0x44, 0xE9, 0x77, 0xAF, 0x72, 0x0A, 0x02, 0xA2, 0xA4, 0x8C, 0xDA, 0x86,
    0x53, 0xB8, 0x3F, 0x41, 0x48, 0x25, 0xC8, 0xE8, 0x73, 0x8A, 0xF4, 0x9A, 0x97, 0x89, 0xCA, 0xEE,
    0x8D, 0x7E, 0x56, 0x21, 0x15, 0xC8, 0x1F, 0x12, 0x24, 0xD8, 0x53, 0xFC, 0x4E, 0xF9, 0xDB, 0x9C,
    0xC1, 0x3C, 0xFE, 0x07, 0xBD, 0x9A, 0x3D, 0xB0, 0xE5, 0x46, 0x5A, 0x86, 0x1F, 0x1D, 0x71, 0x7D,
    0xAA, 0x56, 0x41, 0x4F, 0x60, 0x57, 0x81, 0x03, 0x2B, 0x85, 0x80, 0x55, 0x4C, 0xD5, 0xDA, 0xAD,
    0x8C, 0xD0, 0x37, 0x19, 0x08, 0x48, 0x08, 0x17, 0x12, 0x27, 0xC4, 0x96, 0xF2, 0x04, 0xE7, 0x09,
    0x0E, 0xA9, 0xDD, 0xC0, 0x84, 0x04, 0x03, 0x6A, 0xBC, 0x81, 0x83, 0x0D, 0x46, 0x5B, 0x1B, 0x10,
    0x8E, 0x28, 0x9B, 0x2A, 0x8A, 0xC4, 0x8D, 0x2D, 0xD7, 0xC8, 0x43, 0x4B, 0x2F, 0xFD, 0x95, 0xCE,
    0x99, 0x1D, 0xEF, 0xFC, 0xF8, 0xFE, 0xF2, 0x9D, 0x7E, 0x5E, 0x5D, 0xFD, 0xF4, 0xD7, 0xEF, 0xD7,
    0x9A, 0xAB, 0x91, 0x74, 0x2E, 0x9D, 0x7A, 0x18, 0x14, 0x76, 0xD9, 0xC3, 0x25, 0xA0, 0xDE, 0x00,
    0xAF, 0xB3, 0x74, 0x5D, 0x0F, 0xF2, 0x01, 0xD4, 0x8C, 0x14, 0x9B, 0x8B, 0x94, 0xC9, 0x24, 0x55,
    0x33, 0xC7, 0xED, 0x97, 0x09, 0x27, 0x99, 0x68, 0xA5, 0x91, 0x84, 0x1F, 0xC9, 0x12, 0x50, 0x3F,
    0x04, 0xBA, 0xA0, 0x16, 0x1F, 0x2A, 0x2D, 0x38, 0x25, 0x6C, 0x69, 0x71, 0xD0, 0x44, 0xB3, 0xF7,
    0xE2, 0x27, 0x08, 0x8C, 0xBF, 0x55, 0x5B, 0x4B, 0x6D, 0x97, 0xC9, 0x7D, 0x5B, 0xA1, 0x9D, 0xAF,
    0x6D, 0xDB, 0xD0, 0x36, 0xAB, 0x6F, 0x8B, 0x16, 0xB8, 0xCC, 0x1F, 0x96, 0x72, 0x82, 0x41, 0x23,
    0x78, 0xF5, 0x50, 0xAD, 0xDC, 0x77, 0x0D, 0x17, 0xFC, 0x01, 0xAE, 0xFD, 0x00, 0xAB, 0xA3, 0xD4,
    0x0C, 0x43, 0xB8, 0x65, 0x2D, 0xF7, 0xE9, 0x16, 0x68, 0x00, 0x1E, 0x99, 0x24, 0x93, 0xAD, 0xE7,
    0xE4, 0xB9, 0x09, 0x37, 0xF7, 0xFC, 0x3E, 0xB0, 0x40, 0x11, 0xE1, 0xB0, 0xB5, 0xA0, 0x1E, 0xBA,
    0x16, 0x2C, 0xBA, 0x00, 0x82, 0x72, 0x81, 0x6A, 0x04, 0x8B, 0x46, 0x63, 0x21, 0xC5, 0x2A, 0xE3,
    0xD6, 0xB7, 0x46, 0x1F, 0xC1, 0x87, 0xFD, 0xC8, 0xA1, 0x07, 0xB5, 0x3B, 0x43, 0x9F, 0x39, 0x6D,
    0xF7, 0x13, 0x34, 0xA9, 0xF8, 0xD4, 0x49, 0x53, 0x99, 0xC1, 0xCE, 0x72, 0x71, 0x89, 0xC5, 0x31,
    0xE1, 0x22, 0xBE, 0xE7, 0x5F, 0xB0, 0x18, 0xE6, 0x4A, 0xA9, 0x51, 0xF2, 0xD3, 0xDF, 0x0D, 0xC1,
    0x12, 0x89, 0x73, 0xEB, 0xE9, 0xC6, 0x3F, 0xF4, 0x4A, 0x4E, 0xC9, 0x4E, 0xD6, 0x05, 0x70, 0x9A,
    0x6E, 0xBF, 0xC1, 0xE6, 0xDB, 0xC3, 0xEC, 0xC2, 0x7D, 0x58, 0x54, 0x28, 0x35, 0xB9, 0x2F, 0xE7,
    0xA6, 0x4D, 0x37, 0xB2, 0x78, 0x8C, 0xE0, 0xE6, 0x9D, 0xC3, 0xFD, 0xCC, 0x62, 0xC7, 0xC9, 0xC8,
    0x9F, 0xDE, 0x68, 0x16, 0x0F, 0xC9, 0xE5, 0x74, 0x5D, 0xC0, 0x0B, 0x5C, 0xBA, 0x0F, 0x8B, 0x4D,
    0xD8, 0xAA, 0xA7, 0xA9, 0x54, 0x44, 0xE1, 0x26, 0x16, 0xDD, 0xE4, 0xDB, 0x72, 0xDD, 0x40, 0x09,
    0x7C, 0xC4, 0x42, 0x1A, 0x33, 0x5B, 0x46, 0x41, 0x7F, 0xA1, 0x49, 0x34, 0x51, 0xB8, 0x45, 0x1C,
    0x93, 0x28, 0x7F, 0x8F, 0x2A, 0xED, 0xFB, 0x9A, 0xA8, 0xB7, 0x34, 0x59, 0x9F, 0xBD, 0xEF, 0x04,
    0xF8, 0x2F, 0x66, 0x93, 0x08, 0xFE, 0xF1, 0x68, 0x12, 0xC0, 0x07, 0x0E, 0x5B, 0x16, 0x27, 0x05,
    0xBC, 0x49, 0xF7, 0x1F, 0x59, 0x86, 0xDE, 0x9B, 0x5F, 0x13, 0x7E, 0x28, 0xB6, 0x6D, 0x08, 0xC3,
    0xE9, 0xE0, 0xDA, 0xE4, 0x28, 0x17, 0xE0, 0x01, 0xE0, 0xB4, 0x9A, 0x68, 0x32, 0x49, 0xB8, 0xEF,
    0x3E, 0xDA, 0x70, 0xF1, 0xA0, 0x2C, 0xA8, 0xCF, 0xD2, 0x85, 0x8F, 0x9E, 0xE5, 0xD4, 0x83, 0xC6,
    0x93, 0x74, 0x26, 0x2E, 0x32, 0x98, 0xA8, 0x3F, 0x1D, 0x6C, 0xDD, 0xA4, 0x74, 0x4E, 0xB5, 0x01,
    0xF8, 0x80, 0xE1, 0x95, 0x30, 0xDE, 0x1D, 0xBE, 0xB2, 0xF5, 0xA3, 0x7C, 0x30, 0x13, 0x3E, 0x33,
    0x8C, 0x0A, 0x0A, 0x3E, 0xA8, 0xCF, 0xB4, 0x27, 0x82, 0xCF, 0xDB, 0x3B, 0xDB, 0x1F, 0x9A, 0x4C,
    0xA5, 0x3A, 0x70, 0x09, 0x8D, 0x26, 0xAF, 0x98, 0x15, 0x90, 0x96, 0x53, 0x7B, 0x78, 0x29, 0x38,
    0x35, 0xC5, 0x53, 0x7B, 0x71, 0xE3, 0x0B, 0x07, 0xFF, 0xFE, 0xFF, 0x0D, 0x85, 0x46, 0x6C, 0xBD,
    0x91, 0xF0, 0x61, 0x68, 0x07, 0x1B, 0xFD, 0x17, 0x43, 0x90, 0xB4, 0x03, 0xA8, 0x85, 0x2E, 0x14,
    0x78, 0x09, 0x97, 0x39, 0x68, 0x83, 0x8B, 0x96, 0xB7, 0x79, 0xF0, 0x3E, 0x8B, 0x57, 0x74, 0x1A,
    0x0F, 0x1B, 0x37, 0xF6, 0xF4, 0x8A, 0x6B, 0xFD, 0xAD, 0xBD, 0x59, 0x24, 0x0E, 0x9B, 0x35, 0xFE,
    0xF9, 0xE6, 0xDE, 0xB0, 0xF0, 0xC0, 0xD0, 0xEF, 0xFC, 0x94, 0x5B, 0x7B, 0xBB, 0xA1, 0x93, 0x72,
    0xC4, 0xF5, 0xD4, 0x2D, 0xCD, 0x57, 0xB8, 0xBC, 0x3A, 0xDF, 0xCC, 0x83, 0xE0, 0x22, 0x41, 0x19,
    0x33, 0x13, 0x1C, 0xBF, 0x83, 0x52, 0x80, 0x41, 0x77, 0x48, 0xF5, 0x93, 0x58, 0x29, 0x94, 0xBA,
    0xDD, 0x9C, 0xD5, 0x61, 0xE0, 0xF8, 0x34, 0x71, 0x50, 0x04, 0x8D, 0x77, 0x72, 0x3E, 0xA9, 0x56,
    0xA8, 0x05, 0xDD, 0x47, 0x81, 0x74, 0x8C, 0x80, 0xAD, 0x7F, 0x55, 0x48, 0xE9, 0x28, 0x2D, 0x6E,
    0x2B, 0xFE, 0xC9, 0x47, 0xF0, 0xE3, 0xF9, 0x52, 0x68, 0x28, 0x0D, 0xAD, 0x92, 0x2D, 0xBB, 0x50,
    0x26, 0x6F, 0x4C, 0x65, 0xAA, 0x53, 0x99, 0x9C, 0x94, 0xCA, 0x0C, 0x9D, 0x16, 0xB8, 0xC4, 0x02,
    0x05, 0xF3, 0xCC, 0xF1, 0xDB, 0x84, 0x0B, 0x1F, 0x63, 0x71, 0xD8, 0xEA, 0xE0, 0xF4, 0x75, 0xF0,
    0x52, 0xB0, 0xEB, 0xCC, 0x70, 0xFE, 0x4D, 0xC5, 0x68, 0x32, 0xFB, 0xFA, 0x10, 0xF6, 0xDF, 0xD8,
    0x3A, 0x73, 0x94, 0x0F, 0x3C, 0xC8, 0xE0, 0xC3, 0x9F, 0x15, 0xB2, 0xED, 0x78, 0xAD, 0xD4, 0x9A,
    0xE0, 0x01, 0x97, 0x3C, 0x3A, 0x44, 0xBC, 0x26, 0x1A, 0x05, 0x8E, 0x2B, 0x77, 0x5D, 0xCB, 0x45,
    0xFE, 0xB8, 0xDE, 0x53, 0x69, 0xA5, 0xB4, 0x4D, 0xDD, 0x78, 0x2F, 0xB5, 0xEC, 0x49, 0x17, 0x28,
    0xD3, 0x4E, 0x31, 0x73, 0x2F, 0xE7, 0xC5, 0xB7, 0x7B, 0x67, 0xE3, 0x3D, 0xEE, 0xAF, 0x96, 0xBB,
    0xF4, 0x5D, 0xFC, 0xE3, 0x69, 0x5E, 0xE2, 0xCE, 0xA1, 0xC7, 0x82, 0x2A, 0x80, 0xCB, 0xF8, 0x3E,
    0xD3, 0x9E, 0x6A, 0x71, 0x77, 0x5F, 0x8B, 0x8F, 0xA0, 0x44, 0x99, 0x36, 0x8E, 0x53, 0xD3, 0x02,
    0x28, 0xAF, 0xBD, 0x16, 0xE9, 0x77, 0x3C, 0xFC, 0xCB, 0xF4, 0xA6, 0x63, 0xB1, 0x28, 0x05, 0x54,
    0x0A, 0x50, 0xFF, 0x3A, 0x82, 0x2F, 0x16, 0x4E, 0xA1, 0xD7, 0xC9, 0xD6, 0xC4, 0x2C, 0x5A, 0x41,
    0x12, 0xE8, 0x37, 0x6A, 0x11, 0x43, 0x8F, 0xE8, 0xAE, 0x2C, 0x2E, 0xE2, 0x83, 0x49, 0xF8, 0xEC,
    0xD9, 0x2F, 0x86, 0xFF, 0xD2, 0xC9, 0xB4, 0xD2, 0x69, 0x87, 0x89, 0xA4, 0x17, 0xE5, 0xFB, 0x87,
    0xDD, 0xBE, 0xE3, 0x47, 0x05, 0x43, 0x9A, 0x0C, 0x3E, 0x7B, 0xF6, 0x89, 0xAD, 0xE3, 0xBE, 0x55,
    0xEF, 0xA4, 0x68, 0xB8, 0xE4, 0x16, 0x17, 0x8F, 0x27, 0xCA, 0xD7, 0x52, 0x8F, 0xB3, 0x57, 0x94,
    0xA6, 0xD8, 0xF4, 0x80, 0x53, 0xAC, 0x2D, 0xC1, 0x84, 0xF8, 0xD1, 0x56, 0x69, 0xAC, 0x65, 0xC7,
    0x57, 0xD3, 0xCF, 0x1A, 0x25, 0xAF, 0xF9, 0x67, 0x6E, 0x04, 0xD8, 0x40, 0x57, 0x6A, 0x5E, 0xA1,
    0x93, 0x35, 0x38, 0xFD, 0xEC, 0xD5, 0x97, 0x89, 0x1F, 0x6D, 0x8D, 0xDA, 0xEE, 0xD4, 0xB7, 0x1F,
    0xCE, 0x19, 0xCA, 0xC5, 0x76, 0x5D, 0xA5, 0x5D, 0x72, 0x99, 0xCA, 0xD8, 0x69, 0xF4, 0x0A, 0xC7,
    0x95, 0x1B, 0x8F, 0xFE, 0x42, 0x9E, 0xDE, 0xF2, 0x5C, 0xC7, 0xC3, 0xCD, 0x46, 0xC4, 0x43, 0x82,
    0x05, 0xB6, 0x1E, 0x05, 0xEC, 0xAC, 0xF9, 0xB6, 0x0B, 0x3E, 0xBC, 0x07, 0xF8, 0xDE, 0x87, 0xD7,
    0x7E, 0x78, 0x44, 0xCA, 0xBD, 0x14, 0x9A, 0x1F, 0x4C, 0x56, 0x11, 0x6F, 0x5E, 0xFF, 0x1B, 0xC7,
    0x53, 0x10, 0x9D, 0x89, 0x57, 0x2F, 0xEB, 0x76, 0x53, 0xB1, 0xF1, 0xF6, 0x54, 0xBB, 0x00, 0x26,
    0x07, 0x13, 0xAD, 0x26, 0xC9, 0x64, 0x02, 0xDE, 0xC6, 0xC2, 0x66, 0x84, 0x2E, 0xC8, 0x6E, 0x87,
    0xDB, 0xF7, 0x4E, 0x77, 0x43, 0xBE, 0xEF, 0xB0, 0xF5, 0xEB, 0x02, 0x86, 0x0C, 0xF0, 0xC6, 0x0A,
    0xCD, 0x0C, 0x50, 0xA8, 0x2F, 0x35, 0xBA, 0x7F, 0x8F, 0x9E, 0x04, 0xA0, 0x1B, 0xB6, 0x83, 0xD0,
    0x8A, 0x12, 0x9A, 0x4E, 0x15, 0x94, 0xA2, 0x52, 0xC8, 0x17, 0xAC, 0xD3, 0xE5, 0x6A, 0xBB, 0x46,
    0xB6, 0x42, 0x94, 0x1B, 0xDD, 0x4A, 0x97, 0xE8, 0x26, 0x84, 0x9B, 0x85, 0x9F, 0xC4, 0x10, 0x54,
    0x08, 0xD9, 0x94, 0xBA, 0x19, 0xF9, 0x09, 0x0D, 0x01, 0xC9, 0x18, 0x33, 0x11, 0x7D, 0xB8, 0xEC,
    0xFB, 0xCD, 0x11, 0xEA, 0x45, 0x17, 0x84, 0x8F, 0x96, 0x03, 0x8B, 0x77, 0x7B, 0xF0, 0x06, 0xF0,
    0x31, 0xF0, 0x73, 0xF0, 0xE1, 0x55, 0xD4, 0x93, 0x0F, 0xF6, 0x51, 0xEB, 0x7F, 0xB5, 0xE2, 0x1F,
    0x2F, 0x78, 0x4D, 0x99, 0x90, 0x89, 0x99, 0x05, 0xFF, 0xAB, 0x84, 0xFF, 0x37, 0xE1, 0x83, 0xEC,
    0xC8, 0x69, 0xBF, 0xAE, 0x9D, 0xC7, 0x08, 0x19, 0x76, 0xFE, 0xD8, 0x86, 0x74, 0xD1, 0x07, 0x3F,
    0x7A, 0xCB, 0xF7, 0xF9, 0x86, 0xFF, 0x22, 0xE1, 0x9F, 0x58, 0x9E, 0x70, 0xCA, 0x3B, 0xE3, 0xBF,
    0xFC, 0x41, 0xBE, 0xF1, 0x9C, 0xAF, 0x14, 0x54, 0x0B, 0xD4, 0x23, 0x78, 0xF6, 0xF0, 0xE1, 0x16,
    0x48, 0xCF, 0x81, 0x72, 0x73, 0x73, 0x13, 0x3C, 0xB6, 0xEF, 0x2A, 0x1F, 0xC1, 0x35, 0x9A, 0xD2,
    0xDE, 0x00, 0xFE, 0x06, 0x36, 0x48, 0x14, 0x0B, 0xC5, 0xA7, 0x57, 0x1C, 0xCD, 0x26, 0x33, 0x2F,
    0xF9, 0x98, 0x9F, 0x23, 0x06, 0xB1, 0x8A, 0xA4, 0x62, 0xBE, 0xFA, 0xC8, 0xFE, 0x71, 0xF4, 0x8F,
    0x47, 0xFF, 0x38, 0xF8, 0x27, 0xAD, 0x0F, 0x5C, 0xBD, 0xBD, 0x3A, 0x6D, 0x19, 0x55, 0x2D, 0xD6,
    0x0E, 0xD3, 0x2B, 0x87, 0x7B, 0x6D, 0xC2, 0x27, 0xC1, 0x6B, 0xB4, 0xF6, 0xEB, 0x57, 0xDB, 0x70,
    0x91, 0x97, 0xF9, 0x26, 0xA3, 0x3E, 0x13, 0x32, 0x2D, 0xDD, 0x02, 0x8A, 0xE0, 0x33, 0xF5, 0x8B,
    0xC7, 0x49, 0xE3, 0x99, 0x57, 0x5F, 0xF2, 0x94, 0x5B, 0x5B, 0x2A, 0xD4, 0x1B, 0x3E, 0x59, 0xAB,
    0x5E, 0x3A, 0xE6, 0x14, 0x43, 0x80, 0x42, 0xFB, 0xF5, 0x15, 0x5C, 0x60, 0x0F, 0x8D, 0x74, 0x28,
    0x9A, 0x2C, 0x26, 0xC9, 0x64, 0xCB, 0xB2, 0xC9, 0xA4, 0x0B, 0x59, 0xFC, 0xD8, 0xA1, 0x3A, 0x66,
    0x71, 0x4B, 0x96, 0x32, 0x65, 0x39, 0x28, 0x0B, 0x26, 0x74, 0x42, 0x78, 0x13, 0xF7, 0x5C, 0x4A,
    0x81, 0xC5, 0x41, 0x70, 0x4C, 0xE0, 0xA6, 0xE7, 0xF7, 0x6A, 0x1F, 0x54, 0x2B, 0xBE, 0x53, 0xEB,
    0xA5, 0xE0, 0xE7, 0x6E, 0xF4, 0xA1, 0x99, 0x7C, 0xA8, 0x7F, 0x94, 0x7B, 0x76, 0xCA, 0xE1, 0x53,
    0xA0, 0x8A, 0x98, 0xD9, 0xF3, 0x0C, 0xFD, 0xE4, 0x16, 0x7E, 0xC1, 0x12, 0xF4, 0xD0, 0x9C, 0xEF,
    0x55, 0x81, 0x3F, 0x61, 0x8F, 0x72, 0x71, 0x23, 0xA8, 0xB3, 0xCD, 0x1B, 0xE0, 0xD2, 0xFD, 0x9F,
    0x8F, 0x57, 0xBE, 0x6B, 0xBA, 0x79, 0x7D, 0xEE, 0xF9, 0x54, 0xD5, 0x81, 0xBD, 0x4A, 0xFC, 0x87,
    0x9F, 0xAB, 0xF5, 0xEE, 0x89, 0xA6, 0xB7, 0x9D, 0x14, 0x71, 0x6B, 0xBD, 0xE0, 0xE6, 0x2A, 0xE1,
    0xE2, 0xD1, 0xA4, 0xBC, 0x8A, 0x9C, 0xE7, 0xE0, 0xC5, 0xF2, 0x25, 0x2B, 0x5F, 0x21, 0x8B, 0x9F,
    0x3A, 0xD4, 0xCC, 0x56, 0x7E, 0xB2, 0xF2, 0x95, 0xA5, 0xD0, 0x80, 0xD0, 0xF3, 0xCA, 0xEB, 0x17,
    0x2B, 0x17, 0x85, 0x09, 0x03, 0x40, 0x67, 0x22, 0xC3, 0x44, 0xC9, 0x24, 0x02, 0x6F, 0xDF, 0xE6,
    0x4C, 0x9F, 0xF1, 0x13, 0x47, 0x05, 0x8C, 0x72, 0x03, 0xAF, 0x00, 0xDD, 0x59, 0xF6, 0xE8, 0xD4,
    0x53, 0x4A, 0x0B, 0x4E, 0xDA, 0xA8, 0xD7, 0xA3, 0xF0, 0x11, 0x05, 0x1F, 0xE8, 0xC2, 0x10, 0xF0,
    0x61, 0xE8, 0xF1, 0xA3, 0x9E, 0xCB, 0x60, 0x62, 0x3B, 0x42, 0x67, 0x87, 0xF8, 0x09, 0x85, 0x26,
    0x1D, 0xB5, 0x27, 0xB0, 0x54, 0x96, 0x74, 0x04, 0x2E, 0xE1, 0xA8, 0xF4, 0x1C, 0x8B, 0x42, 0x13,
    0xD5, 0xFE, 0xEE, 0xDD, 0xF2, 0x9D, 0x1F, 0x8C, 0x46, 0xD1, 0x4C, 0x27, 0xC6, 0xA1, 0xB5, 0xD4,
    0x39, 0xB3, 0xD4, 0x3A, 0x6D, 0x1C, 0x34, 0xC3, 0x05, 0xFB, 0x83, 0xB6, 0x3D, 0x69, 0x5B, 0xFE,
    0x09, 0x1A, 0x05, 0xF6, 0x87, 0xED, 0xFB, 0x2F, 0x64, 0x7F, 0x02, 0x0F, 0x9E, 0xA3, 0x56, 0x4A,
    0x25, 0xE8, 0xC6, 0x5B, 0x17, 0xB4, 0x87, 0x7F, 0x1C, 0x61, 0x68, 0x02, 0xA4, 0x0E, 0x0E, 0x71,
    0xF9, 0xFF, 0x29, 0x08, 0xD8, 0x5F, 0xD6, 0xDA, 0xAB, 0x91, 0x2F, 0x22, 0x1F, 0xB8, 0xFE, 0x8E,
    0x0A, 0xA2, 0x93, 0x14, 0x4B, 0x99, 0x3A, 0x99, 0xD6, 0xCB, 0x71, 0x7D, 0x78, 0x69, 0x0F, 0xD6,
    0xE0, 0x83, 0x69, 0x67, 0xCA, 0xD0, 0x97, 0x52, 0xCE, 0x96, 0x75, 0x3A, 0x69, 0x5F, 0xAE, 0x0F,
    0xDB, 0x7D, 0xAF, 0xDF, 0x75, 0x32, 0x6D, 0x16, 0x53, 0xA7, 0xDF, 0x65, 0x66, 0x30, 0xDD, 0xDF,
    0x79, 0x17, 0x1A, 0x1B, 0x9B, 0xA6, 0x55, 0xEA, 0xBD, 0x72, 0x8C, 0xFE, 0x37, 0x9A, 0x5D, 0xCC,
    0xDE, 0xE3, 0x31, 0x0A, 0xFF, 0xEC, 0x97, 0xB3, 0x68, 0xA4, 0x5D, 0x17, 0xAB, 0x03, 0xD4, 0xFA,
    0x88, 0x4D, 0xE5, 0xCC, 0x03, 0xEB, 0xF5, 0xD9, 0xC9, 0x6D, 0xAE, 0xC6, 0x6B, 0xE4, 0xE2, 0xF9,
    0x34, 0x55, 0x09, 0xEA, 0x08, 0xBE, 0x87, 0x15, 0x2C, 0xA4, 0x4F, 0x32, 0x29, 0x23, 0xF4, 0x96,
    0x5A, 0x31, 0xEC, 0xF7, 0x80, 0xB6, 0x2C, 0x84, 0xB4, 0x65, 0x96, 0x4C, 0xDC, 0xEF, 0x21, 0xCB,
    0x94, 0xD9, 0x10, 0x42, 0x0C, 0x41, 0xF8, 0x49, 0x58, 0x52, 0x68, 0x22, 0x5D, 0x60, 0xA3, 0x9C,
    0xF7, 0xCB, 0x5F, 0xF4, 0x3E, 0x7A, 0xE5, 0x36, 0xF9, 0xF8, 0x86, 0x1B, 0x87, 0x3B, 0xF5, 0xC0,
    0xBB, 0xED, 0x4B, 0xF7, 0xAB, 0x57, 0x77, 0x62, 0xFD, 0x7B, 0xEC, 0x67, 0xEB, 0x6C, 0x7D, 0x4F,
    0x5F, 0x44, 0xE0, 0x9E, 0x2E, 0x94, 0x8A, 0xA0, 0x70, 0xD7, 0xF3, 0x36, 0x94, 0x8B, 0x7F, 0x32,
    0x39, 0x85, 0x52, 0x70, 0x4D, 0xB7, 0xE4, 0xD4, 0x3E, 0x20, 0x8A, 0x05, 0xA0, 0xD4, 0x5C, 0x6B,
    0xF3, 0x4A, 0x43, 0x78, 0x24, 0x50, 0xCB, 0x30, 0xE2, 0x57, 0x6A, 0x4B, 0x3E, 0xD3, 0x25, 0x8E,
    0x02, 0x6B, 0xCB, 0x41, 0x52, 0x92, 0x96, 0x4E, 0x23, 0x97, 0xBC, 0x7C, 0xFA, 0x8E, 0xEA, 0xBD,
    0xE2, 0xA0, 0x28, 0x3E, 0x51, 0x8B, 0x16, 0xBC, 0xFA, 0x4A, 0x91, 0x61, 0xA6, 0x5A, 0xFA, 0x72,
    0xD1, 0x30, 0xCB, 0x0E, 0xE8, 0x0B, 0xEB, 0x4E, 0xA1, 0xF6, 0x78, 0x7E, 0x32, 0xBA, 0xA5, 0x93,
    0xE3, 0x86, 0x53, 0xEB, 0xFF, 0x61, 0x5C, 0xCB, 0x78, 0x03, 0x27, 0x37, 0x1C, 0x7A, 0x81, 0x0D,
    0x7C, 0x4F, 0xD3, 0xDB, 0xAD, 0xDF, 0x7A, 0x9D, 0x71, 0x23, 0x65, 0x82, 0x0E, 0x3C, 0x4E, 0x54,
    0x09, 0x2C, 0xD3, 0xEA, 0x9E, 0xCE, 0xA5, 0x26, 0x14, 0x6E, 0x39, 0x21, 0x2F, 0xFC, 0x0B, 0xB9,
    0xF6, 0xA9, 0x19, 0xA4, 0x78, 0xE6, 0x9D, 0xEE, 0x3F, 0x2F, 0x6F, 0xFC, 0x14, 0xE4, 0xD8, 0x97,
    0xC7, 0x08, 0x65, 0x46, 0x99, 0x21, 0xD8, 0x93, 0x49, 0x19, 0xAD, 0x39, 0xC5, 0x4E, 0xE6, 0xCA,
    0xCD, 0xB8, 0xF8, 0x52, 0x9B, 0xA9, 0x14, 0x4B, 0xC5, 0x42, 0x91, 0x1A, 0xCB, 0x74, 0xB4, 0x6E,
    0x98, 0xED, 0x1E, 0xA0, 0x8A, 0xBE, 0x3F, 0xAC, 0x7A, 0xF1, 0x16, 0xEA, 0xCE, 0xCC, 0xEF, 0xAE,
    0xAB, 0x58, 0x7C, 0xEA, 0x42, 0x19, 0x5D, 0x5F, 0x46, 0xCC, 0x2F, 0x5D, 0x66, 0x90, 0xB9, 0x03,
    0x17, 0x5F, 0xC3, 0x8C, 0x59, 0xA7, 0xCC, 0x98, 0x79, 0x2E, 0xDE, 0xEC, 0xEB, 0xAD, 0xE1, 0xBF,
    0x71, 0x12, 0x46, 0x25, 0xBD, 0xD1, 0xD7, 0xEB, 0x26, 0xAF, 0x79, 0xD6, 0x77, 0x1A, 0x73, 0x7B,
    0xC5, 0xE4, 0x5D, 0x70, 0x58, 0x1C, 0x95, 0x36, 0x9C, 0x12, 0x75, 0x19, 0x39, 0xBF, 0x40, 0xBD,
    0x36, 0x6D, 0xB5, 0x74, 0x63, 0x33, 0x7B, 0x29, 0x3A, 0x29, 0x9C, 0xBF, 0xD4, 0x28, 0x56, 0xD7,
    0x96, 0xD2, 0x3E, 0xC6, 0x61, 0xC1, 0xC2, 0xB7, 0xF5, 0xD8, 0xF5, 0xCD, 0xF4, 0x46, 0x82, 0x9F,
    0x7C, 0xE8, 0x26, 0x2F, 0x4D, 0x75, 0xE6, 0xA8, 0xBF, 0x9F, 0x78, 0x00, 0x07, 0xAD, 0x94, 0x52,
    0x66, 0xBB, 0x73, 0xAF, 0xA5, 0x52, 0x66, 0x35, 0x6E, 0xED, 0xB3, 0x68, 0x2F, 0x28, 0xC7, 0xBD,
    0x76, 0x2C, 0x5F, 0x33, 0xDD, 0xB9, 0x5F, 0x1B, 0xE3, 0x18, 0x6A, 0x6C, 0x8C, 0x42, 0x09, 0xFC,
    0x74, 0x6B, 0xDF, 0xF8, 0x00, 0x8A, 0x10, 0x4F, 0x0C, 0x99, 0x26, 0xDC, 0xB5, 0xF7, 0x37, 0x8E,
    0x73, 0x2B, 0xFF, 0x40, 0xB1, 0x75, 0x6D, 0x99, 0x36, 0xAA, 0x2F, 0x67, 0xDC, 0x9F, 0x8F, 0x77,
    0xEF, 0x1D, 0xB0, 0xAB, 0x4B, 0xF9, 0xDD, 0x8A, 0xFB, 0x6D, 0xA4, 0xAE, 0x6E, 0xEF, 0xFB, 0x6E,
    0xFC, 0x9D, 0xBE, 0xF8, 0x64, 0x86, 0x43, 0xCC, 0x7C, 0x7F, 0xFE, 0x83, 0x9A, 0xFE, 0xE6, 0xDE,
    0xEA, 0x16, 0xDE, 0x07, 0x1E, 0x01, 0xC3, 0x27, 0xD0, 0x4D, 0x50, 0x8F, 0x9C, 0xA3, 0x9E, 0xB1,
    0xE8, 0x56, 0x2C, 0xD6, 0xCE, 0xB4, 0x8C, 0x2E, 0x70, 0x0E, 0xE1, 0x22, 0x83, 0x2D, 0x66, 0xC4,
    0xD0, 0xD6, 0x0B, 0xC2, 0xF7, 0x3E, 0x15, 0x2B, 0x3E, 0xF8, 0x54, 0x26, 0x5B, 0xAC, 0x79, 0xD1,
    0x8C, 0xDD, 0xBF, 0x96, 0x0B, 0x6E, 0xDA, 0xBA, 0xA3, 0x5D, 0xBA, 0x56, 0x5F, 0xC5, 0xBC, 0x48,
    0xFE, 0xC3, 0xC8, 0xF1, 0x9B, 0xE4, 0xB3, 0x9B, 0xF2, 0xE9, 0x52, 0x3F, 0x1E, 0x29, 0xFF, 0x77,
    0x76, 0x5F, 0x07, 0x4A, 0xAB, 0x3B, 0x50, 0xD8, 0xA2, 0x07, 0x73, 0xDC, 0x82, 0xC6, 0x52, 0x80,
    0x82, 0x2D, 0xCE, 0xA1, 0x00, 0x1C, 0x14, 0xC1, 0x52, 0xC1, 0xF9, 0x9B, 0x4F, 0x8B, 0x81, 0x2E,
    0x34, 0x61, 0x68, 0x15, 0x7C, 0xF0, 0xBD, 0x46, 0xDF, 0xFB, 0xA0, 0xA9, 0x6B, 0xFD, 0xE7, 0x4F,
    0xA3, 0xA8, 0x7F, 0xFB, 0x6D, 0x56, 0xF7, 0xE5, 0x37, 0xF3, 0x86, 0xFB, 0xF6, 0x7F, 0x9E, 0x25,
    0xAA, 0xA7, 0xD3, 0x96, 0xB2, 0x87, 0xA0, 0x85, 0x52, 0x41, 0xB3, 0xE9, 0x10, 0x29, 0xD4, 0xFB,
    0x08, 0x6A, 0xFD, 0x08, 0x16, 0xCD, 0x0C, 0x5D, 0xA2, 0x48, 0x03, 0x65, 0xAC, 0x03, 0x80, 0xDD,
    0x0D, 0xD8, 0x9D, 0xBC, 0x1F, 0xDD, 0x52, 0x47, 0x17, 0xDD, 0xEC, 0xC7, 0xBC, 0x16, 0xCA, 0x55,
    0x2D, 0x12, 0x0C, 0x09, 0x7C, 0xA6, 0x89, 0xE0, 0xDE, 0x00, 0xEC, 0xA7, 0xC2, 0x46, 0xFF, 0x7E,
    0xC5, 0x8D, 0x1E, 0x0B, 0x51, 0xC5, 0xA1, 0x75, 0xF1, 0xFC, 0x0E, 0xB5, 0x1E, 0x7D, 0x70, 0xB1,
    0x6B, 0xAB, 0x28, 0xCA, 0x39, 0xB3, 0xAE, 0xFB, 0xB5, 0x42, 0x0B, 0x0C, 0x11, 0xBC, 0x31, 0x3E,
    0xFF, 0xE3, 0x9A, 0x42, 0xE0, 0x8D, 0xF3, 0xE5, 0x64, 0xFE, 0x29, 0x87, 0xE4, 0xDB, 0x0C, 0xFC,
    0xF5, 0x1F, 0x71, 0xE7, 0x35, 0x94, 0x1B, 0xB8, 0xF9, 0xF4, 0x02, 0x06, 0x2C, 0xBC, 0x34, 0x65,
    0xA2, 0xF1, 0xCE, 0xC3, 0x2E, 0x80, 0x5A, 0x0E, 0x82, 0x32, 0x9D, 0x8E, 0x9D, 0xC0, 0x36, 0x6B,
    0xEF, 0x7E, 0x4C, 0x7B, 0x3A, 0x6F, 0x9B, 0xA5, 0x38, 0x9C, 0x38, 0x3D, 0xA6, 0xD4, 0x11, 0xDF,
    0xB3, 0xEE, 0x99, 0xD7, 0xBD, 0xBD, 0xF3, 0x57, 0xC9, 0xBA, 0xF8, 0xD1, 0xF2, 0xC8, 0x12, 0xBB,
    0x05, 0x3B, 0x50, 0x5B, 0x27, 0x6B, 0x58, 0xD4, 0x61, 0x4F, 0xDA, 0x8C, 0x50, 0xF5, 0x77, 0xEE,
    0x6D, 0x00, 0x61, 0xED, 0xFD, 0xEB, 0x7B, 0x7B, 0xF9, 0x0E, 0xE7, 0x4E, 0xBD, 0x35, 0x61, 0x73,
    0x4F, 0x97, 0x52, 0x11, 0x85, 0xEB, 0x7A, 0x3B, 0x2A, 0xD4, 0x0A, 0x5E, 0xBD, 0x0F, 0x5C, 0xAB,
    0xFD, 0x1F, 0xCD, 0x9A, 0x31, 0xAC, 0xE5, 0xC6, 0x75, 0x86, 0x3F, 0x5E, 0x66, 0xF7, 0x06, 0xBA,
    0x08, 0xA8, 0x42, 0xDB, 0x38, 0x40, 0x98, 0xD6, 0x29, 0xC4, 0x26, 0x4D, 0x00, 0xC9, 0x43, 0xA7,
    0x07, 0xFC, 0x9A, 0x8D, 0x8B, 0x14, 0xEA, 0xE5, 0x36, 0x4D, 0x80, 0xD8, 0x43, 0xC0, 0x65, 0x0A,
    0xA9, 0x4A, 0xE3, 0x22, 0x2E, 0x5C, 0x08, 0x72, 0xA1, 0x94, 0x2E, 0xAC, 0x70, 0x14, 0x97, 0x2E,
    0x4C, 0x21, 0x45, 0x0A, 0x17, 0xA1, 0x0C, 0xCB, 0x45, 0x04, 0x64, 0xC7, 0x11, 0x83, 0xD0, 0x31,
    0x2F, 0xFF, 0xDC, 0x39, 0xC3, 0x7B, 0xDF, 0x7B, 0x5E, 0xAD, 0xB4, 0x9B, 0xDD, 0xA7, 0xE4, 0xEC,
    0x9C, 0xFF, 0x97, 0x48, 0xDE, 0x99, 0x73, 0x86, 0x9C, 0xE1, 0xCF, 0xB3, 0x0B, 0xA0, 0x16, 0xAF,
    0x4E, 0xEC, 0xA4, 0x59, 0x54, 0x92, 0x16, 0xEA, 0xE3, 0x5E, 0x13, 0x2E, 0xA2, 0x80, 0x0B, 0xF8,
    0x40, 0x6F, 0xFF, 0xD1, 0x77, 0xB8, 0x01, 0xDD, 0xC0, 0x3E, 0x63, 0xBE, 0xCC, 0x9A, 0x1B, 0x51,
    0xA0, 0x59, 0xF6, 0x82, 0x4A, 0x5A, 0xA1, 0x94, 0x66, 0xC0, 0x6B, 0x00, 0xB8, 0xC2, 0xCC, 0x75,
    0x09, 0x42, 0xA1, 0xD1, 0xB7, 0x07, 0xAD, 0xA2, 0x91, 0x16, 0xDC, 0x47, 0x1A, 0xE9, 0x3B, 0x17,
    0x50, 0x9B, 0xC6, 0xA0, 0x19, 0x2F, 0x90, 0x06, 0xB3, 0x51, 0xD2, 0x68, 0x52, 0x4B, 0xA5, 0x15,
    0x76, 0x9A, 0x80, 0x7B, 0x64, 0xEB, 0x5B, 0x51, 0x2E, 0xE2, 0x82, 0x5A, 0x0C, 0x27, 0xC3, 0xD6,
    0x8E, 0xF3, 0x2C, 0xD8, 0x1E, 0x66, 0xF0, 0x43, 0x3D, 0x81, 0x93, 0xA2, 0xA5, 0x14, 0x60, 0xA7,
    0x95, 0x34, 0x6C, 0x8B, 0x59, 0x39, 0x27, 0x58, 0x5C, 0x5B, 0xFF, 0x7C, 0xF2, 0x5D, 0xF3, 0x28,
    0x9E, 0x40, 0x21, 0x01, 0x27, 0x18, 0x3F, 0x1B, 0x82, 0x1B, 0x71, 0xC1, 0x9F, 0x40, 0x1A, 0xA9,
    0x13, 0xEC, 0xF5, 0xD6, 0x08, 0x2F, 0x73, 0xDB, 0xF6, 0xB1, 0x09, 0x00, 0xC5, 0x51, 0x5B, 0x96,
    0x4B, 0x66, 0x17, 0x39, 0x9B, 0x34, 0x58, 0x80, 0xD2, 0xBA, 0xB1, 0x82, 0xF1, 0x5F, 0x68, 0x7C,
    0xF0, 0xD0, 0x0F, 0xA2, 0x89, 0xD0, 0x07, 0x51, 0xCD, 0x20, 0xC4, 0x7E, 0xA1, 0x3C, 0xE6, 0x34,
    0x0F, 0x73, 0xE6, 0x3A, 0x66, 0x76, 0x21, 0xB3, 0x3A, 0xC4, 0x61, 0x29, 0x04, 0xE9, 0x77, 0x79,
    0x5A, 0x9A, 0x58, 0x4D, 0xA0, 0xFB, 0x1A, 0x53, 0x8F, 0x92, 0xC2, 0xED, 0x71, 0x47, 0x63, 0x6E,
    0x58, 0x1D, 0x7A, 0x8B, 0x6F, 0xFF, 0x5F, 0x0B, 0xD2, 0xCA, 0x4E, 0xD1, 0x7E, 0x87, 0x06, 0x52,
    0x7C, 0x90, 0xFB, 0x6D, 0xB4, 0xDA, 0x38, 0x4E, 0x39, 0xBE, 0xCC, 0xE5, 0x72, 0xEF, 0x9B, 0x8B,
    0x31, 0xD5, 0xF4, 0x19, 0x71, 0x1E, 0x16, 0xB6, 0xF8, 0x76, 0x6B, 0xEE, 0x67, 0xBF, 0xE4, 0xF8,
    0xAA, 0xEB, 0xF8, 0x6C, 0xDC, 0xCC, 0xA3, 0xF1, 0xC5, 0x5C, 0x58, 0xCB, 0x29, 0x91, 0xFB, 0xD7,
    0x21, 0x51, 0xA5, 0x2E, 0x51, 0x29, 0x12, 0x01, 0xBB, 0xD5, 0x05, 0x29, 0x56, 0x52, 0x22, 0x97,
    0xC9, 0x7F, 0xA4, 0xF0, 0xD0, 0x47, 0x7B, 0x20, 0x5D, 0x50, 0x6B, 0x91, 0x28, 0xFD, 0x6E, 0x35,
    0xDA, 0x2F, 0x46, 0x55, 0x24, 0x9D, 0xB3, 0x15, 0x72, 0xFA, 0xD3, 0xE1, 0xA4, 0x0F, 0xA4, 0xA9,
    0x96, 0xFE, 0xE9, 0x44, 0x7B, 0x55, 0x89, 0xB6, 0x1B, 0x2E, 0x38, 0x44, 0x41, 0xF5, 0x02, 0x40,
    0xCB, 0x4D, 0x00, 0x0C, 0x9A, 0x08, 0x95, 0xC6, 0x04, 0x01, 0xAA, 0x15, 0x28, 0x5A, 0xCE, 0x56,
    0x8D, 0xB7, 0x7A, 0xD9, 0x07, 0x01, 0xC8, 0x4E, 0xBC, 0xA8, 0x08, 0x2E, 0x61, 0xEC, 0x35, 0x24,
    0x08, 0x50, 0xAE, 0xDB, 0x7D, 0xF0, 0x27, 0x57, 0xE7, 0x42, 0xDF, 0xBA, 0xF0, 0x2A, 0x2E, 0x9C,
    0x8F, 0xF5, 0xED, 0xB3, 0x3A, 0x24, 0x57, 0x72, 0x70, 0xC9, 0x8F, 0xD0, 0x4C, 0x68, 0xC0, 0xE3,
    0x5B, 0x45, 0x3C, 0x7D, 0xAB, 0x39, 0xD3, 0x92, 0x69, 0x35, 0x5A, 0x95, 0xC9, 0x07, 0x23, 0x37,
    0x24, 0x52, 0x1D, 0x8D, 0xAA, 0xD9, 0xA8, 0x5C, 0x8C, 0x76, 0x32, 0x62, 0x23, 0x2F, 0x23, 0x97,
    0xA9, 0xBA, 0x45, 0x65, 0x22, 0x00, 0x64, 0x54, 0x08, 0x80, 0x7E, 0xA3, 0x25, 0x53, 0x34, 0xBA,
    0xC7, 0x2D, 0xEB, 0x73, 0xD4, 0x42, 0xD1, 0xC8, 0xA2, 0x7E, 0x1D, 0x8B, 0x1A, 0x72, 0xD4, 0x58,
    0xD4, 0xC2, 0xA2, 0x16, 0x16, 0xB5, 0xB0, 0xA8, 0x85, 0x45, 0x2D, 0x2C, 0x6A, 0xA1, 0x9D, 0x8C,
    0xD8, 0xC8, 0xCB, 0xC8, 0x65, 0xAA, 0x6E, 0x51, 0x99, 0xC0, 0xEC, 0x16, 0x15, 0x99, 0xDC, 0x9A,
    0x69, 0xC9, 0x14, 0xB9, 0xB6, 0xBC, 0x5D, 0xB9, 0x1B, 0x58, 0xB5, 0x98, 0x7D, 0xED, 0x70, 0xA4,
    0x09, 0xCE, 0xDB, 0xAA, 0x90, 0xC2, 0x09, 0x27, 0x3F, 0x9C, 0x30, 0x34, 0x63, 0xC2, 0xFA, 0xD9,
    0xF1, 0xB1, 0xB1, 0x7C, 0xC2, 0x4A, 0x19, 0x49, 0xB8, 0x90, 0xED, 0xB8, 0x8F, 0xE0, 0xDE, 0x0B,
    0x50, 0x0B, 0x38, 0x1C, 0x01, 0x2E, 0x57, 0xD4, 0x2B, 0xE0, 0x74, 0x06, 0xEF, 0x3B, 0x90, 0x0B,
    0xA0, 0x66, 0xA0, 0x58, 0xAB, 0x48, 0xB9, 0x18, 0x1C, 0x26, 0xF6, 0xEB, 0x0F, 0x17, 0x2A, 0xC9,
    0xE0, 0x48, 0x23, 0x09, 0x37, 0x20, 0x5C, 0x40, 0x5D, 0x1F, 0xF0, 0x41, 0x2D, 0x2E, 0x6C, 0xDB,
    0x9F, 0x6D, 0x7D, 0x3B, 0x45, 0xE8, 0x07, 0x00, 0x76, 0x1A, 0x69, 0xF2, 0xAF, 0x79, 0x09, 0x41,
    0xF2, 0x37, 0xD5, 0xD6, 0x52, 0xEB, 0x4F, 0xAE, 0xCE, 0x9E, 0xAC, 0xEC, 0x8F, 0xD2, 0xB1, 0xBE,
    0x6D, 0x8E, 0xAE, 0xDD, 0x96, 0xAB, 0xFB, 0xFA, 0x52, 0x7D, 0x12, 0xF7, 0x0A, 0x3B, 0xB5, 0x96,
    0x66, 0xAC, 0x15, 0x2B, 0x8D, 0x88, 0x2F, 0x6C, 0x07, 0x0D, 0xB5, 0x5D, 0x7F, 0xE9, 0xA7, 0xD4,
    0x50, 0xA8, 0x03, 0x58, 0x41, 0x4F, 0xD7, 0xCC, 0x6C, 0xE7, 0xB4, 0x7D, 0xD3, 0x76, 0xCD, 0xBD,
    0xD8, 0xCC, 0xAB, 0xB3, 0xB7, 0xBE, 0x09, 0x00, 0x53, 0x13, 0x59, 0x4C, 0x5C, 0x5E, 0xDF, 0xC1,
    0x74, 0x83, 0x2E, 0xD0, 0x1B, 0xA4, 0x13, 0x26, 0x22, 0x4C, 0x43, 0x98, 0x84, 0xB0, 0x0E, 0xAC,
    0x2B, 0xBC, 0x86, 0x6B, 0xF9, 0x50, 0x0D, 0x9E, 0xF2, 0xBF, 0x8F, 0xA0, 0x09, 0xFC, 0xB8, 0x3D,
    0x98, 0x23, 0x87, 0x7C, 0x37, 0x52, 0xBF, 0xA7, 0x31, 0x6C, 0x6B, 0x1E, 0x44, 0x33, 0x6E, 0x3E,
    0xF4, 0x6D, 0x1A, 0xC2, 0x07, 0x27, 0xB5, 0x95, 0xBD, 0x8B, 0xA6, 0xCB, 0x92, 0x3B, 0x44, 0xD7,
    0xED, 0x8E, 0x02, 0x2D, 0x97, 0x07, 0x5A, 0x94, 0xCB, 0xB3, 0x7A, 0x12, 0x0D, 0x7E, 0x68, 0x26,
    0xB7, 0xBD, 0x36, 0x76, 0x5A, 0x2F, 0x52, 0xE1, 0x30, 0xBA, 0xAE, 0x3C, 0xAE, 0xB7, 0xC6, 0x70,
    0x6D, 0x3D, 0x24, 0x49, 0xF0, 0xB9, 0x1E, 0xDC, 0x98, 0xC4, 0x82, 0x93, 0xC6, 0xFA, 0xE4, 0xA6,
    0x14, 0x5E, 0x86, 0x9D, 0x8E, 0x94, 0xD2, 0x59, 0x90, 0x50, 0x4C, 0xEF, 0x53, 0xCE, 0x2B, 0xC4,
    0xBF, 0x79, 0xE1, 0xF1, 0xEF, 0xDE, 0x7D, 0x87, 0x52, 0x47, 0x73, 0x80, 0x5D, 0x5C, 0x28, 0xA7,
    0xC5, 0xF8, 0x79, 0xF3, 0x80, 0x87, 0x50, 0x08, 0x53, 0x5D, 0xD5, 0x08, 0x2F, 0xB5, 0x77, 0x9A,
    0x4B, 0x4E, 0x60, 0xBD, 0x1E, 0xAF, 0x6E, 0x5F, 0x68, 0x3E, 0x45, 0x7B, 0x8F, 0x32, 0xFA, 0xEB,
    0xFB, 0xFC, 0xE0, 0xEA, 0xCE, 0xF3, 0xD9, 0x8F, 0xDF, 0xA1, 0x58, 0xE7, 0xBC, 0x1E, 0xBE, 0xD2,
    0xBD, 0xD8, 0x7C, 0xAE, 0xA0, 0x3C, 0x02, 0x67, 0x5D, 0x74, 0xBF, 0xBB, 0xFB, 0x7C, 0x16, 0x28,
    0x56, 0xC0, 0x03, 0xD5, 0x8B, 0xCD, 0xE7, 0xA0, 0x0E, 0xA7, 0x19, 0xA7, 0x95, 0x3F, 0xDD, 0x09,
    0xE8, 0x4D, 0xF7, 0x49, 0xBA, 0x76, 0x7C, 0xD7, 0x23, 0xDC, 0x27, 0xA2, 0xD6, 0xC2, 0x5E, 0x23,
    0xBC, 0xB2, 0x6D, 0x6F, 0xF4, 0x0A, 0xE0, 0x13, 0x98, 0x7D, 0xA7, 0x4E, 0xC7, 0x9A, 0x00, 0xAF,
    0x57, 0xED, 0x5D, 0xBF, 0x56, 0xEE, 0xBF, 0xFB, 0x03, 0x2A, 0x2D, 0xE6, 0x00, 0xFB, 0x0F, 0x27,
    0x0E, 0x9F, 0xCE, 0xC6, 0xCF, 0xFD, 0x7A, 0x79, 0xF3, 0xDD, 0x9C, 0xDD, 0x06, 0xB4, 0x40, 0x19,
    0x13, 0x4C, 0xB6, 0xE8, 0xF9, 0xB2, 0xB2, 0x3B, 0x68, 0x86, 0xDF, 0x03, 0xDC, 0xE6, 0x5F, 0xE3,
    0xF9, 0xB3, 0xB3, 0x9B, 0x67, 0xA9, 0x5D, 0x30, 0x9B, 0xA4, 0x89, 0xF2, 0x06, 0x1E, 0x7E, 0xAB,
    0x87, 0x57, 0x54, 0xBF, 0x5E, 0x81, 0xE6, 0xC3, 0x84, 0xEE, 0x83, 0x84, 0xFE, 0xEB, 0x52, 0x44,
    0x85, 0x14, 0x8B, 0x35, 0x61, 0xB9, 0xFE, 0xF0, 0x74, 0x65, 0x29, 0xAD, 0x70, 0x30, 0xAC, 0x0C,
    0x9B, 0xA1, 0x58, 0xF3, 0x37, 0xAE, 0x26, 0xDF, 0x25, 0x14, 0x09, 0xD9, 0x6B, 0x06, 0x0E, 0x5A,
    0x2E, 0x68, 0x76, 0x5F, 0x43, 0x9F, 0x32, 0x53, 0xCE, 0x2D, 0x67, 0x17, 0xB2, 0x94, 0x75, 0x81,
    0x37, 0xF5, 0x6E, 0x1F, 0x6A, 0x49, 0x0A, 0xDE, 0x50, 0x9D, 0x00, 0x65, 0xA1, 0x5B, 0x28, 0x14,
    0xE8, 0x91, 0x56, 0xE1, 0xF5, 0x73, 0x89, 0x5A, 0x85, 0x56, 0xB8, 0xBA, 0xEC, 0x76, 0xD4, 0xFA,
    0x25, 0x85, 0xEC, 0x41, 0xD6, 0x4C, 0xB5, 0x16, 0xFF, 0x80, 0x8B, 0x80, 0x1B, 0xCE, 0xAA, 0xA9,
    0xEF, 0xDE, 0x7D, 0xE7, 0x04, 0x5A, 0xE8, 0xDB, 0x04, 0xDD, 0xB7, 0x16, 0x7C, 0xF8, 0xD6, 0xDA,
    0xBA, 0x20, 0x05, 0x37, 0x48, 0xA1, 0x9E, 0xCA, 0xED, 0x26, 0x96, 0x09, 0xF0, 0x96, 0xCB, 0x15,
    0xEC, 0xD6, 0x3A, 0x54, 0x7A, 0x64, 0xB2, 0xCE, 0x7F, 0x2C, 0x93, 0xF2, 0xE2, 0x86, 0x27, 0x69,
    0x1E, 0xBC, 0x9D, 0x6F, 0x4E, 0xBE, 0x57, 0x96, 0xF8, 0x38, 0x4D, 0xC9, 0xFF, 0xF8, 0x81, 0x06,
    0x27, 0xE1, 0x74, 0xA4, 0xD6, 0x78, 0x51, 0x6C, 0x26, 0xD8, 0x2A, 0xB5, 0xEC, 0xD7, 0x4B, 0x1A,
    0x29, 0x8B, 0x94, 0x44, 0xCA, 0xC1, 0x45, 0xCB, 0xC0, 0x12, 0xE8, 0x3B, 0x2C, 0xFC, 0x14, 0x7D,
    0x62, 0x1F, 0xCA, 0xC5, 0x25, 0x1F, 0xCB, 0xA5, 0x5E, 0xCA, 0x25, 0xC5, 0x6D, 0x61, 0x5B, 0xD4,
    0x57, 0x37, 0x94, 0xC4, 0x42, 0xA1, 0xE9, 0x22, 0xCF, 0x6E, 0xE5, 0xF2, 0xD1, 0x45, 0x49, 0x6C,
    0xB9, 0x34, 0x8F, 0xE5, 0x53, 0x9F, 0xF3, 0x79, 0x39, 0xE7, 0xF4, 0x67, 0x85, 0xC2, 0xEF, 0xE6,
    0x52, 0x8D, 0xAE, 0x2D, 0x8F, 0xB7, 0x15, 0x8B, 0xA8, 0x26, 0xE1, 0x46, 0xD1, 0x07, 0x15, 0x26,
    0xD2, 0x51, 0x35, 0x21, 0x37, 0xA2, 0x3E, 0x20, 0x25, 0x1F, 0x90, 0x22, 0xFA, 0xC6, 0x9C, 0xCF,
    0xEF, 0x84, 0x50, 0x27, 0x7C, 0x10, 0x2E, 0xA6, 0x3E, 0xCE, 0xA2, 0x10, 0xAA, 0x4F, 0xCE, 0x1F,
    0x57, 0x3B, 0x75, 0x6C, 0xA6, 0x27, 0x83, 0xEF, 0x10, 0x02, 0x95, 0x47, 0x6C, 0x68, 0x1B, 0x1B,
    0xA9, 0x4B, 0x40, 0x82, 0x90, 0x60, 0x04, 0x55, 0x11, 0xB4, 0x5F, 0x40, 0xA5, 0xB0, 0x18, 0x10,
    0x2E, 0xDC, 0xB5, 0xE4, 0xDB, 0x4D, 0x40, 0x39, 0x00, 0x87, 0x90, 0xE0, 0x37, 0x90, 0x9F, 0x85,
    0xE2, 0xF8, 0x1C, 0x9A, 0xAF, 0x01, 0xBE, 0x0D, 0x2C, 0xC0, 0xDA, 0x81, 0x1F, 0xA0, 0x0E, 0xE0,
    0x2E, 0xDB, 0xBA, 0x4B, 0x70, 0xC7, 0xB9, 0x15, 0x96, 0xDB, 0x08, 0xEC, 0x2F, 0xB9, 0x95, 0xE7,
    0xDC, 0x4A, 0x5B, 0xAA, 0xD9, 0xE1, 0x39, 0x73, 0x7D, 0x7D, 0xCB, 0x55, 0xD7, 0xB9, 0xDE, 0x7E,
    0x2A, 0xE7, 0x6B, 0x3D, 0x2A, 0x85, 0xB3, 0x3F, 0xF8, 0xA6, 0xE0, 0xB0, 0xB0, 0x95, 0x8F, 0xD8,
    0xE9, 0x6D, 0x76, 0xD6, 0xAF, 0x02, 0xF7, 0x95, 0x3A, 0x8A, 0x50, 0x99, 0xFF, 0x15, 0x6E, 0xF4,
    0x79, 0x77, 0x6A, 0x1B, 0xCD, 0xF0, 0x80, 0xC7, 0xC7, 0xF0, 0x79, 0x8C, 0xE6, 0xC6, 0x18, 0xF7,
    0x1E, 0xAA, 0xA5, 0x3C, 0xE6, 0x6E, 0x5C, 0xA0, 0x10, 0xEC, 0x34, 0x9F, 0x5C, 0x14, 0xEF, 0x29,
    0xE4, 0xB5, 0xDD, 0x8C, 0x50, 0x6F, 0xEE, 0x86, 0xBF, 0x2E, 0x6C, 0x9C, 0xCE, 0x6B, 0xCD, 0x2B,
    0xEC, 0xFA, 0xA3, 0x68, 0xD8, 0x3D, 0xEB, 0xC7, 0x8C, 0x28, 0x44, 0xB9, 0xE2, 0x8F, 0xF8, 0x05,
    0x3F, 0xFE, 0xBF, 0xAB, 0xA6, 0x49, 0x03, 0x80, 0xB4, 0x66, 0x52, 0x00, 0x52, 0x30, 0xD7, 0x95,
    0xB3, 0xAD, 0x70, 0xB6, 0xD5, 0xCD, 0xB6, 0xB2, 0xD9, 0x56, 0x35, 0xDB, 0xC2, 0xD9, 0xA2, 0xD9,
    0x4A, 0x66, 0x5B, 0xC5, 0x6C, 0x2B, 0x98, 0x6D, 0xF5, 0xB2, 0x2D, 0x80, 0x6D, 0xFC, 0x6D, 0x78,
    0xF2, 0x22, 0x7F, 0x02, 0x7D, 0xB9, 0x45, 0xB2, 0x6C, 0x3E, 0x80, 0xB2, 0x76, 0x3F, 0x0C, 0x77,
    0xF2, 0x56, 0xC8, 0xCF, 0xE3, 0x94, 0x6B, 0x19, 0x8E, 0x3B, 0x79, 0x2B, 0x88, 0x2A, 0xF2, 0x04,
    0x3C, 0xC4, 0x84, 0xD5, 0x19, 0xA5, 0xDF, 0xC5, 0x87, 0x6F, 0xE4, 0xB3, 0x8F, 0xE3, 0x54, 0x47,
    0x71, 0x90, 0x06, 0x51, 0x4A, 0x41, 0xA0, 0x95, 0xEB, 0x52, 0xDF, 0xB1, 0x5E, 0x58, 0x7B, 0x21,
    0x29, 0x28, 0xFA, 0x41, 0xA1, 0x19, 0xD5, 0xD5, 0xF6, 0x7B, 0x91, 0xB8, 0x19, 0x85, 0x1B, 0xF2,
    0xFB, 0x45, 0x9D, 0x4A, 0xA1, 0x7A, 0x41, 0x8A, 0x48, 0xC1, 0x3A, 0xD3, 0x08, 0xE2, 0xB3, 0xFD,
    0xFA, 0x0E, 0x51, 0xC7, 0x73, 0x6D, 0x9C, 0x05, 0xB3, 0xAD, 0x98, 0x15, 0x13, 0xCC, 0x09, 0x96,
    0x04, 0x2B, 0x9E, 0x55, 0x09, 0x7C, 0xF0, 0x5B, 0xF9, 0xAA, 0x8E, 0x7E, 0x2B, 0x5D, 0x95, 0x8B,
    0x3F, 0x97, 0xAD, 0x0C, 0xFC, 0xA5, 0x60, 0x55, 0x5D, 0xA0, 0xBC, 0x2E, 0x4D, 0xD9, 0xD0, 0xD5,
    0x08, 0xE5, 0x74, 0x29, 0x39, 0x59, 0xC1, 0x49, 0xB2, 0x62, 0x53, 0x2E, 0x35, 0xD5, 0x5F, 0xE8,
    0xB9, 0xA3, 0x62, 0xDD, 0x36, 0xE8, 0xDC, 0x5D, 0x75, 0x04, 0xEA, 0x06, 0x78, 0xB5, 0xCE, 0xFF,
    0x7B, 0x5B, 0x02, 0xB7, 0xE0, 0x7D, 0x38, 0x4B, 0xE0, 0x7A, 0x60, 0x77, 0xCC, 0xEA, 0x37, 0xB2,
    0x5F, 0xF6, 0xF3, 0x0D, 0xF5, 0x5B, 0xDF, 0x52, 0xBF, 0xED, 0xED, 0x92, 0x91, 0x6D, 0x2B, 0xCD,
    0x00, 0x5F, 0x05, 0x9A, 0x16, 0x34, 0x50, 0xFC, 0x47, 0xA4, 0xF8, 0x28, 0x82, 0x52, 0x68, 0xDD,
    0x0B, 0x50, 0xC2, 0x9B, 0xF5, 0x81, 0x2D, 0x4F, 0xF6, 0x93, 0x0D, 0x1E, 0xF8, 0xBF, 0x50, 0xC5,
    0x9B, 0x1D, 0x16, 0xC8, 0xBB, 0x3C, 0x78, 0x8B, 0x73, 0xE1, 0xCB, 0x52, 0xC8, 0xB8, 0x68, 0x2A,
    0x38, 0xBF, 0x7F, 0x29, 0x23, 0x00, 0xBF, 0x0F, 0x5E, 0x3D, 0x96, 0xCA, 0x4D, 0x05, 0x70, 0x50,
    0x70, 0xA1, 0x52, 0xE8, 0x83, 0x4B, 0x0A, 0xE0, 0x1F, 0xDD, 0xA0, 0x6E, 0x39, 0xC1, 0x77, 0xA3,
    0x1B, 0xFA, 0xBF, 0x1D, 0x4F, 0xF0, 0xB3, 0xE0, 0x82, 0x17, 0x3E, 0xB8, 0xF5, 0x96, 0x02, 0x38,
    0x6C, 0x62, 0x62, 0x60, 0x9F, 0xF7, 0x9B, 0x9B, 0xC9, 0xD7, 0x11, 0x5C, 0x07, 0x47, 0xCC, 0x0A,
    0xFD, 0x3B, 0x95, 0x84, 0x4B, 0xFE, 0xA1, 0x42, 0xFF, 0x5D, 0x05, 0x1D, 0x34, 0xA8, 0x7A, 0x34,
    0xC8, 0x35, 0x83, 0xDE, 0x3F, 0xF9, 0xE2, 0x82, 0x8F, 0xBD, 0xBD, 0xF5, 0x6B, 0xAD, 0x26, 0xA9,
    0xFF, 0xE0, 0x1E, 0xD9, 0xAA, 0x4F, 0x17, 0x28, 0xE7, 0x23, 0xB0, 0xD8, 0x57, 0xD4, 0xDD, 0x7F,
    0x9F, 0x02, 0xB8, 0x9F, 0x45, 0xAA, 0x7F, 0x8E, 0x94, 0xBF, 0x5E, 0x60, 0x7A, 0x1D, 0xB3, 0x7E,
    0xE6, 0xA0, 0xBC, 0x2F, 0xED, 0xBA, 0x4D, 0xFF, 0x7F, 0xA5, 0x1F, 0xF6, 0xD2, 0x50, 0x9F, 0xDC,
    0x8D, 0x4D, 0x2A, 0x06, 0x67, 0xFF, 0x6D, 0x3A, 0xF6, 0x68, 0x38, 0xE8, 0x1B, 0x83, 0x4D, 0x92,
    0x41, 0x2D, 0x36, 0x79, 0xB6, 0xBE, 0x11, 0x20, 0x96, 0xC3, 0x9D, 0xE7, 0x72, 0xEF, 0xAC, 0xBC,
    0x66, 0xAA, 0x5F, 0x2D, 0xD4, 0xBC, 0xFE, 0xDC, 0x6B, 0xEF, 0x49, 0xF3, 0x53, 0x49, 0xDD, 0xC5,
    0xFF, 0xF3, 0x21, 0x55, 0xE4, 0xDA, 0xA5, 0x8B, 0x3F, 0x76, 0x2E, 0xDE, 0xFE, 0x6D, 0xEE, 0x7F,
    0xA4, 0xFA, 0x97, 0x73, 0xFF, 0xDF, 0xC6, 0xCC, 0xDB, 0x32, 0xE6, 0x20, 0x85, 0x2A, 0x36, 0x43,
    0x33, 0x54, 0xD1, 0xFD, 0xDB, 0x7B, 0xD1, 0x49, 0xD9, 0x03, 0xB8, 0xAC, 0xE9, 0xDA, 0x4A, 0x0A,
    0xE5, 0xC9, 0xE9, 0xD5, 0x59, 0xF9, 0xE7, 0x15, 0xF6, 0xEA, 0x6A, 0x8D, 0xEE, 0x7B, 0xF1, 0x35,
    0x26, 0x40, 0x9A, 0xB7, 0xF6, 0xF0, 0x4A, 0xB0, 0x35, 0xC5, 0xDC, 0x6E, 0x1D, 0xBC, 0x71, 0xF1,
    0x93, 0xE6, 0xB3, 0xD0, 0x40, 0xA5, 0x25, 0xAB, 0xDB, 0xD0, 0xB7, 0x49, 0xC9, 0xA6, 0xF5, 0x2C,
    0x29, 0x3B, 0x60, 0xFB, 0x6B, 0x28, 0x70, 0xDB, 0x3C, 0xDC, 0xA8, 0x16, 0xF5, 0x2E, 0x9C, 0x32,
    0x3E, 0x4D, 0xE8, 0x2E, 0xCE, 0x98, 0x76, 0xDE, 0x6B, 0x29, 0x35, 0xE3, 0xC2, 0x17, 0xB6, 0x9D,
    0xA6, 0xBD, 0x5D, 0x0F, 0xC8, 0x05, 0xF7, 0xD6, 0x50, 0xFD, 0x24, 0x96, 0xE3, 0x0C, 0xB6, 0x12,
    0x5D, 0x78, 0xAA, 0x76, 0x45, 0x25, 0x9C, 0xC2, 0xFA, 0x97, 0xE3, 0xB4, 0x1B, 0x01, 0xA7, 0xE0,
    0x15, 0x9C, 0xBA, 0x72, 0xE1, 0x0B, 0x5B, 0xA3, 0xD6, 0xDB, 0xF5, 0x36, 0xCF, 0xA1, 0x56, 0x74,
    0x7F, 0x37, 0xBD, 0xC6, 0x8F, 0x9E, 0xBD, 0x2C, 0x7F, 0xB0, 0xF5, 0xBE, 0xAC, 0xC0, 0xD1, 0x01,
    0x4D, 0xD5, 0x7D, 0x69, 0x65, 0xF9, 0xDE, 0x05, 0xDC, 0x5B, 0x23, 0xA7, 0xF9, 0xA3, 0x8C, 0xF3,
    0xF3, 0x97, 0xE5, 0xAD, 0xE3, 0x4A, 0x79, 0x36, 0xE1, 0x34, 0xB7, 0x90, 0x67, 0xF7, 0xEE, 0x13,
    0xB2, 0x00, 0x14, 0x29, 0xB5, 0x50, 0x7D, 0xFC, 0x3E, 0x55, 0xFB, 0xEA, 0x0B, 0x48, 0x08, 0xDC,
    0xDF, 0x0F, 0xD4, 0x3F, 0x8D, 0xEC, 0x7F, 0x31, 0x53, 0xC4, 0x1F, 0xE7, 0x63, 0xFA, 0x25, 0x4E,
    0x4A, 0x1E, 0xDC, 0x07, 0xFD, 0x59, 0xA5, 0xC4, 0xCC, 0xD6, 0x4F, 0xE7, 0x6C, 0x67, 0x5F, 0x70,
    0x3F, 0x39, 0xB2, 0xA9, 0xCE, 0xCE, 0x85, 0xF4, 0xA7, 0x89, 0x2E, 0x54, 0xB3, 0x29, 0x6A, 0xF0,
    0x6F, 0x0C, 0xA7, 0xDE, 0x0F, 0xBF, 0x98, 0x72, 0xDF, 0xE5, 0xD8, 0x97, 0x9F, 0xAA, 0x94, 0x4A,
    0xAD, 0xA5, 0x3E, 0xEF, 0x11, 0xE4, 0x15, 0x28, 0x6D, 0x15, 0x4E, 0xD4, 0xBF, 0x5A, 0x78, 0x95,
    0xD7, 0x00, 0x90, 0xDE, 0x46, 0x5A, 0x90, 0x84, 0xEE, 0xAB, 0x15, 0xBD, 0x55, 0x1F, 0x8C, 0x0B,
    0x21, 0xAD, 0x48, 0x33, 0x52, 0xCC, 0xD5, 0x8B, 0x72, 0x41, 0xA6, 0xF1, 0x85, 0xE8, 0x43, 0xAE,
    0x70, 0xD4, 0xD1, 0x56, 0x48, 0xEB, 0x34, 0xF8, 0xEF, 0xC5, 0x1F, 0x11, 0x4D, 0x9B, 0x45, 0xE7,
    0xA2, 0xD3, 0xA9, 0x8D, 0x2E, 0x7E, 0xDE, 0xE2, 0x7A, 0x7C, 0x47, 0xBB, 0x9B, 0x9A, 0xB3, 0x7F,
    0x23, 0xD0, 0xFC, 0x34, 0x72, 0x9A, 0x3E, 0xBB, 0x37, 0xCF, 0x5B, 0x67, 0xB6, 0x7E, 0xFB, 0x99,
    0x34, 0x46, 0xF9, 0x9B, 0x9E, 0x7D, 0xA8, 0x5E, 0x7C, 0xDC, 0xF6, 0x9C, 0x4E, 0xB9, 0x5E, 0x70,
    0x1A, 0xE3, 0xD0, 0xD5, 0xCF, 0x1F, 0x37, 0x94, 0x9A, 0x6A, 0xAD, 0x4E, 0x4B, 0x1F, 0x7E, 0x2C,
    0x50, 0x4B, 0x3F, 0xE0, 0x8E, 0xD4, 0x0A, 0xA5, 0x26, 0xFC, 0xC2, 0x5E, 0x20, 0xD0, 0xBC, 0x93,
    0xB4, 0x48, 0xB3, 0x97, 0xBD, 0xAA, 0xDF, 0x04, 0xC1, 0x02, 0x33, 0x7C, 0x9F, 0xBD, 0x3A, 0xA7,
    0xD8, 0x2B, 0x8A, 0xB7, 0xD5, 0xA2, 0x19, 0xA7, 0xEE, 0xA0, 0x48, 0x3F, 0x71, 0x98, 0xBB, 0x72,
    0x56, 0x3F, 0x29, 0x5D, 0xD0, 0x15, 0x57, 0xF0, 0x0E, 0xC5, 0xC2, 0x6E, 0xA6, 0x8C, 0xEC, 0xDE,
    0xA6, 0x97, 0xE2, 0xD9, 0x1F, 0xF8, 0x8F, 0xAF, 0x70, 0x81, 0xFF, 0x8D, 0x9B, 0xBD, 0xD4, 0x41,
    0x1D, 0xAE, 0x3F, 0xE9, 0xBE, 0x0A, 0xC5, 0xF7, 0x29, 0x63, 0x6A, 0x95, 0xA2, 0xB7, 0x20, 0xAB,
    0x89, 0x2A, 0x3E, 0xD6, 0x26, 0x0E, 0x8A, 0xA5, 0x62, 0xA1, 0xC8, 0x3D, 0xF8, 0x13, 0xE8, 0x61,
    0xB5, 0x1C, 0x7F, 0xB0, 0xA9, 0x81, 0xF5, 0x5C, 0xD3, 0x88, 0x55, 0x77, 0x5D, 0x13, 0x81, 0x26,
    0xB2, 0x57, 0x40, 0x02, 0x29, 0x70, 0x6C, 0x22, 0x1C, 0x26, 0x28, 0x97, 0xEC, 0xFB, 0x99, 0xD4,
    0x3F, 0xCE, 0xAE, 0x2B, 0x7A, 0xE1, 0xF2, 0x14, 0xE1, 0xB6, 0xBF, 0x6E, 0x38, 0xD8, 0x04, 0x3A,
    0x2D, 0x7F, 0xB4, 0x5F, 0x28, 0x8E, 0xEC, 0x16, 0x2B, 0x23, 0xC4, 0x7D, 0x0A, 0x69, 0xD9, 0xFD,
    0xF9, 0x11, 0x64, 0x6D, 0xA5, 0x3C, 0xD2, 0x2C, 0x7F, 0x68, 0x93, 0xD9, 0xCF, 0xBC, 0x7F, 0xFD,
    0xEF, 0x87, 0x8A, 0xA3, 0xA0, 0x7F, 0xCA, 0xBF, 0xD7, 0x94, 0xAE, 0xFD, 0xA1, 0x55, 0x11, 0x9E,
    0xE8, 0xB7, 0x2B, 0x8F, 0xB6, 0x7D, 0x50, 0x3C, 0x45, 0xE5, 0x71, 0x6D, 0x22, 0xAC, 0x3A, 0x82,
    0x24, 0xD0, 0x87, 0x6A, 0x11, 0x7D, 0x87, 0xF0, 0x4F, 0x0D, 0xFF, 0x03, 0x7D, 0x53, 0x31, 0x8C,
    0x5B, 0x45, 0x10, 0x7D, 0xFE, 0x3F, 0x3E, 0x13, 0x9B, 0xB0, 0x96, 0xB8, 0x48, 0x87, 0x90, 0xEE,
    0xA7, 0x48, 0x11, 0x0E, 0x72, 0x9F, 0x22, 0x45, 0x84, 0x6C, 0xEF, 0xF6, 0x0D, 0x2E, 0x92, 0x02,
    0xA5, 0x88, 0x1B, 0x9A, 0x34, 0x49, 0x91, 0x22, 0x20, 0x27, 0xBB, 0x3D, 0x05, 0xEE, 0x1B, 0xAE,
    0xA0, 0x88, 0xDC, 0xE4, 0x24, 0x5C, 0x44, 0xE2, 0xEE, 0xFE, 0x76, 0x94, 0x59, 0xD1, 0x50, 0xB2,
    0x00, 0x3D, 0x83, 0xE2, 0x24, 0x3F, 0xF0, 0x7D, 0xC3, 0xFC, 0xEF, 0x04, 0x5D, 0x02, 0xF0, 0x66,
    0xB4, 0xDE, 0x99, 0x9D, 0x1D, 0xCF, 0xCC, 0xBE, 0x0F, 0xE8, 0xA0, 0x28, 0xA9, 0x70, 0x0F, 0x40,
    0xCA, 0xE8, 0x95, 0xC8, 0x02, 0x34, 0x6A, 0x24, 0x6C, 0x3A, 0xEC, 0xD5, 0x0F, 0xA4, 0x5B, 0x95,
    0x0A, 0x0F, 0x35, 0x2F, 0x2D, 0xD3, 0x22, 0x73, 0x9A, 0xFD, 0x5A, 0x01, 0x58, 0x5E, 0x89, 0xEE,
    0xCC, 0xEF, 0xF7, 0x31, 0x3E, 0x48, 0x48, 0x73, 0xCC, 0xD9, 0x77, 0x8E, 0x01, 0xE4, 0x4E, 0x7B,
    0xED, 0x33, 0x33, 0xEC, 0xF9, 0x42, 0x05, 0xAB, 0xC2, 0x56, 0x62, 0xAC, 0x2B, 0xE8, 0x1A, 0xA5,
    0x94, 0xC5, 0x0C, 0x80, 0x8A, 0xBA, 0x9C, 0x0A, 0x74, 0xA9, 0x62, 0x6D, 0x3E, 0xAE, 0xF4, 0x23,
    0xB2, 0xB9, 0x2B, 0x87, 0x10, 0x68, 0xB7, 0x52, 0xCF, 0x96, 0x29, 0xC7, 0x16, 0xFB, 0xCD, 0xBB,
    0x02, 0x6C, 0x6E, 0x1E, 0x8C, 0xD6, 0x82, 0x1A, 0xFA, 0xCB, 0xA8, 0xBE, 0xA3, 0xCE, 0xEF, 0x65,
    0x6B, 0x39, 0xC5, 0x18, 0x49, 0x89, 0xB7, 0x4B, 0x33, 0x7D, 0x1C, 0x46, 0xD7, 0x7D, 0x2E, 0x95,
    0xAF, 0x20, 0x4E, 0xC5, 0xD0, 0xEC, 0x8F, 0xAE, 0xC5, 0xB2, 0x45, 0x9D, 0xA0, 0x7C, 0x26, 0x25,
    0x69, 0x67, 0xCD, 0x59, 0xE9, 0x32, 0x6F, 0xF6, 0x1A, 0x16, 0x9B, 0xB0, 0x46, 0x76, 0x3E, 0xF7,
    0xCA, 0xAB, 0xD0, 0x32, 0xAF, 0x9E, 0x09, 0x34, 0xD5, 0x83, 0x69, 0xAD, 0x00, 0x0D, 0x20, 0x5D,
    0x29, 0xD2, 0x5E, 0x06, 0x66, 0x92, 0xA0, 0x45, 0x92, 0xD0, 0x72, 0x7D, 0xDC, 0x81, 0xF5, 0xD6,
    0xDF, 0xC1, 0x79, 0x70, 0x79, 0xA3, 0xC4, 0xE5, 0xB5, 0xA4, 0x55, 0xA7, 0x54, 0x64, 0xA3, 0x35,
    0xE7, 0x71, 0x7A, 0x74, 0xF0, 0xF0, 0xDE, 0xB6, 0x82, 0xC2, 0xF5, 0x31, 0xD3, 0x59, 0x53, 0xC4,
    0x22, 0xD6, 0x16, 0xD0, 0x96, 0xF5, 0xE6, 0x8C, 0xA9, 0xB6, 0xAE, 0x1A, 0x8E, 0x67, 0x4D, 0x6B,
    0x9C, 0x52, 0x2D, 0x1D, 0x2A, 0x48, 0xE2, 0xDC, 0x15, 0x54, 0x8D, 0xAC, 0xC0, 0x72, 0x2B, 0x8F,
    0x6D, 0x58, 0x53, 0x48, 0x23, 0xA7, 0x70, 0x72, 0xBE, 0x27, 0x27, 0xDA, 0x75, 0x79, 0xD3, 0xC2,
    0x05, 0x64, 0xD0, 0xBE, 0x23, 0x99, 0x38, 0xB2, 0x4B, 0xA0, 0xCC, 0x08, 0x53, 0x14, 0x33, 0x1D,
    0xB3, 0xB0, 0x9E, 0xAB, 0xE5, 0x50, 0x70, 0x5C, 0xB4, 0x6A, 0x9D, 0x60, 0x36, 0x1E, 0x8F, 0x89,
    0x48, 0xB3, 0x6F, 0xB7, 0x21, 0x38, 0x4E, 0x97, 0xFA, 0xC7, 0xA0, 0xD8, 0xA5, 0xFC, 0x3A, 0x29,
    0xC6, 0x18, 0x57, 0x29, 0xC9, 0x75, 0x09, 0xFE, 0x97, 0x79, 0xD3, 0x20, 0xE3, 0x4A, 0x58, 0x33,
    0xE8, 0xD5, 0x01, 0x6B, 0xE5, 0x06, 0xF3, 0xF9, 0xD7, 0xCC, 0xE5, 0xD5, 0xAB, 0x63, 0x00, 0xB2,
    0x29, 0x78, 0x99, 0x85, 0xA5, 0x66, 0x62, 0x8E, 0x94, 0xBB, 0x93, 0xB4, 0x42, 0x0D, 0xCD, 0xCC,
    0x55, 0xB3, 0xEC, 0xCC, 0xE7, 0x6B, 0x5F, 0xCF, 0xC3, 0xFA, 0x94, 0x5D, 0x5E, 0x41, 0x07, 0x8C,
    0xB0, 0xC6, 0x14, 0xA8, 0x80, 0x25, 0x12, 0x42, 0x1A, 0xD1, 0xF1, 0x50, 0xA2, 0x06, 0x39, 0x30,
    0xFA, 0xBF, 0x43, 0x0D, 0x99, 0x12, 0x26, 0x07, 0xA3, 0xDD, 0xC3, 0xC5, 0x2D, 0x84, 0xF5, 0x24,
    0x64, 0x24, 0x37, 0xE6, 0x33, 0xA9, 0x91, 0x99, 0x08, 0xB5, 0xCA, 0x46, 0x9C, 0xDD, 0x2E, 0x34,
    0x07, 0x22, 0x92, 0x39, 0x01, 0x9F, 0x07, 0xA1, 0x8D, 0xB3, 0xE1, 0x9C, 0xEB, 0xDE, 0x5D, 0x4C,
    0x87, 0xDB, 0x87, 0x93, 0xD7, 0x7A, 0x63, 0x5E, 0xAE, 0xBF, 0xB1, 0xB4, 0xC2, 0x51, 0xC3, 0x9D,
    0x65, 0xCD, 0x9D, 0xCC, 0x93, 0x7D, 0xD1, 0xAF, 0x79, 0x0F, 0xD6, 0x09, 0xF5, 0x5C, 0x06, 0x41,
    0x77, 0x0F, 0xBB, 0xD9, 0xE3, 0xA0, 0x6F, 0x3E, 0x22, 0xAD, 0xBF, 0xA0, 0x77, 0x74, 0xCB, 0xBD,
    0x78, 0x77, 0x79, 0x6D, 0x00, 0x05, 0x1F, 0x1F, 0xCD, 0x8F, 0x16, 0xD8, 0x16, 0xED, 0xE3, 0xD4,
    0x3F, 0xFF, 0xED, 0xE4, 0x57, 0xB2, 0x23, 0x95, 0xB5, 0x1A, 0x01, 0xD0, 0x1E, 0x8C, 0xF5, 0x93,
    0x68, 0xD9, 0x7F, 0xF3, 0x9B, 0x69, 0x39, 0x60, 0x0F, 0x49, 0x59, 0x6B, 0x77, 0x36, 0xD3, 0xCF,
    0xA4, 0x5D, 0xA9, 0xC8, 0xB4, 0x96, 0xB5, 0x47, 0x56, 0xC1, 0x86, 0x71, 0xFA, 0x4F, 0x3F, 0x64,
    0x7F, 0xAE, 0x8D, 0xEC, 0xFB, 0xFA, 0x09, 0x6F, 0x37, 0x15, 0x74, 0xCE, 0x20, 0x67, 0x27, 0x66,
    0xEF, 0x2D, 0x34, 0x50, 0xD0, 0x5E, 0xA1, 0x16, 0x4E, 0x2B, 0x45, 0x7F, 0x24, 0xF7, 0xBB, 0x14,
    0x01, 0xEC, 0xC7, 0xD3, 0x4F, 0xB1, 0x8F, 0x4F, 0x36, 0xC6, 0xC0, 0x9E, 0x48, 0xE2, 0xB0, 0x85,
    0x9F, 0x0C, 0xB6, 0x6E, 0xFD, 0x0C, 0xBC, 0xB1, 0xFF, 0x0B, 0xF0, 0xE6, 0xBE, 0x98, 0xA7, 0xF6,
    0xE5, 0xE0, 0x03, 0x40, 0xA8, 0x07, 0x7C, 0xDA, 0x9E, 0x21, 0x9E, 0x79, 0x86, 0xFD, 0x26, 0xC1,
    0x93, 0xD6, 0x95, 0x36, 0x35, 0x49, 0x3F, 0x84, 0x36, 0x3D, 0x9F, 0xFB, 0x01, 0x04, 0x99, 0x16,
    0x8A, 0x77, 0xFF, 0xA6, 0xDB, 0x30, 0x0D, 0x9F, 0x3D, 0x0D, 0x49, 0x05, 0x10, 0x80, 0x8F, 0x7C,
    0xFD, 0x22, 0xDA, 0xF7, 0x4D, 0x22, 0xF1, 0x43, 0xE4, 0x2E, 0xF1, 0x97, 0xA0, 0x5D, 0xC7, 0x6B,
    0x77, 0x09, 0xD4, 0x33, 0xF6, 0x63, 0xAF, 0xBE, 0xF2, 0x76, 0x1A, 0xE8, 0x12, 0x61, 0x3A, 0xCA,
    0xF2, 0xBB, 0xE7, 0x00, 0x0B, 0x76, 0x85, 0xD9, 0x6D, 0xBA, 0xB1, 0xC1, 0x06, 0xED, 0x77, 0x9C,
    0xF0, 0x5F, 0xB2, 0x13, 0x51, 0x24, 0x7A, 0xFA, 0x3C, 0xEA, 0x07, 0x7E, 0x0B, 0x97, 0xA1, 0xC3,
    0xFB, 0x3E, 0xF5, 0xC0, 0x0A, 0x80, 0xD6, 0x1E, 0x49, 0x95, 0xF1, 0x9C, 0x97, 0x29, 0x33, 0x7B,
    0xE4, 0x5C, 0xFE, 0xF7, 0x41, 0xC1, 0x7C, 0x6C, 0x99, 0x57, 0x2F, 0x7F, 0x15, 0xFF, 0x8A, 0x4C,
    0xB3, 0x58, 0xC5, 0x03, 0xE6, 0x8A, 0xB0, 0xC1, 0x11, 0xEF, 0x8A, 0x33, 0x11, 0x9F, 0x53, 0xB2,
    0x90, 0x0E, 0xE8, 0x54, 0x87, 0x00, 0x2C, 0x5E, 0xC5, 0x6D, 0xD8, 0xFA, 0xA2, 0xE4, 0x14, 0xBC,
    0xE4, 0xBE, 0xA0, 0x0F, 0x40, 0x87, 0x3E, 0x69, 0x5A, 0x52, 0x41, 0x17, 0x27, 0x40, 0x1E, 0xEE,
    0xC8, 0x6E, 0x81, 0x11, 0xF5, 0x66, 0xA0, 0x3E, 0xD5, 0x98, 0xD4, 0x41, 0x0F, 0x89, 0x16, 0x44,
    0x96, 0x7A, 0x8E, 0xD6, 0x90, 0xB0, 0x5D, 0x19, 0x85, 0xA2, 0xA1, 0x19, 0x60, 0x00, 0x4D, 0x9D,
    0x19, 0x00, 0x02, 0x69, 0x7A, 0x4E, 0x35, 0x2C, 0x6D, 0x4F, 0x1A, 0x07, 0x38, 0xAE, 0x68, 0x8D,
    0xC9, 0xA4, 0x21, 0x65, 0x3C, 0x7C, 0x2E, 0xD9, 0xD6, 0x2A, 0xBE, 0x3D, 0xE0, 0x5B, 0x7F, 0x84,
    0x45, 0x23, 0x75, 0xC4, 0x00, 0x6C, 0xA6, 0x68, 0xD2, 0x9A, 0x6D, 0xD0, 0xE2, 0x36, 0x0D, 0x63,
    0xCD, 0xF9, 0x0D, 0x5C, 0x1C, 0xA8, 0x65, 0x1A, 0x7B, 0x94, 0x4D, 0x2F, 0x6C, 0xFD, 0x05, 0xCD,
    0x9C, 0x0D, 0xC8, 0x24, 0xC7, 0x9D, 0xDE, 0x9F, 0xEE, 0xD6, 0x6A, 0x2C, 0xF5, 0xC5, 0x25, 0x40,
    0x7B, 0x71, 0xAC, 0x90, 0x3E, 0xC0, 0x40, 0x20, 0x47, 0xFA, 0x80, 0x03, 0x12, 0xB0, 0x5C, 0x6D,
    0x0B, 0x08, 0x70, 0x80, 0x5E, 0xC8, 0xBE, 0x11, 0x60, 0x40, 0x06, 0xCC, 0xC7, 0x1D, 0x1F, 0x0A,
    0x60, 0xC0, 0x01, 0xE3, 0x6E, 0x59, 0xC0, 0x01, 0x02, 0x76, 0x81, 0x98, 0x6F, 0x88, 0x01, 0x05,
    0xEC, 0x15, 0xB0, 0x06, 0x12, 0x08, 0xE0, 0x53, 0x95, 0xB4, 0x80, 0x08, 0x86, 0x6C, 0x2B, 0x17,
    0x9D, 0x01, 0x03, 0x6A, 0x9F, 0xEE, 0x62, 0xD0, 0x02, 0x5B, 0x2B, 0xB7, 0xA2, 0xD6, 0xBA, 0xBA,
    0x9F, 0xD4, 0xBF, 0xAA, 0x67, 0xE6, 0x1D, 0xBD, 0xEF, 0xAE, 0x56, 0xBB, 0xEF, 0xEA, 0xAE, 0xA6,
    0x9F, 0x5F, 0xCD, 0x54, 0x57, 0xFF, 0xBB, 0xAA, 0xA7, 0xBA, 0xBE, 0xBA, 0x66, 0x00, 0xD4, 0x0E,
    0x9B, 0x09, 0x99, 0x07, 0x34, 0x00, 0x90, 0x13, 0xE9, 0x65, 0x3B, 0x3E, 0x22, 0xB0, 0x6E, 0x74,
    0xE4, 0x28, 0x5B, 0x0C, 0xDC, 0x6F, 0xF4, 0x69, 0xAB, 0x8A, 0x5E, 0x5F, 0x76, 0x61, 0x0B, 0x6F,
    0x1E, 0xD8, 0x88, 0x21, 0x1D, 0xF6, 0xB8, 0x68, 0xDE, 0x3D, 0x02, 0xDA, 0x0E, 0x07, 0xE0, 0x2C,
    0x60, 0x27, 0xE8, 0xD1, 0xF6, 0xAD, 0x0B, 0x3B, 0xD4, 0x21, 0xEA, 0x80, 0x57, 0x39, 0x08, 0xAC,
    0x00, 0x40, 0x76, 0x04, 0x71, 0x6A, 0x42, 0xDD, 0x43, 0x37, 0xF0, 0x29, 0xAF, 0xF3, 0xBA, 0x1D,
    0x5F, 0x22, 0x70, 0x9F, 0x5B, 0x74, 0x35, 0xFB, 0x9C, 0x1C, 0x4B, 0xD2, 0x55, 0xF3, 0xE3, 0xBD,
    0x76, 0x80, 0xB6, 0x80, 0xE9, 0x00, 0x92, 0x7B, 0x7D, 0x70, 0x35, 0x86, 0xB5, 0x16, 0xD0, 0x03,
    0x50, 0xCF, 0xF8, 0xB9, 0x22, 0x5D, 0x11, 0x84, 0x96, 0x3D, 0x10, 0xD3, 0xB5, 0xE1, 0x58, 0x73,
    0xD1, 0xF4, 0xC6, 0xFE, 0x22, 0x9D, 0xC4, 0xF4, 0xD0, 0x33, 0x2A, 0xDA, 0x82, 0x23, 0x5A, 0x8F,
    0xCD, 0x82, 0x8C, 0x00, 0xC7, 0x62, 0x89, 0x17, 0x6B, 0x6C, 0x69, 0x71, 0x04, 0x9E, 0x72, 0x8F,
    0x3D, 0xF6, 0xC3, 0xD6, 0x98, 0x1F, 0xB6, 0x8F, 0x3D, 0x06, 0x28, 0xF7, 0xD9, 0x2F, 0x10, 0x0F,
    0xB6, 0xE5, 0x04, 0x67, 0xD0, 0x83, 0x03, 0x9E, 0x46, 0xCA, 0xF6, 0x69, 0xEF, 0x38, 0x7A, 0x0B,
    0xA2, 0x37, 0xEF, 0x3C, 0x76, 0xC8, 0xC4, 0x9B, 0x92, 0x47, 0x29, 0x7F, 0x7C, 0x9D, 0x4D, 0x1E,
    0x3C, 0xB0, 0x8B, 0x5E, 0x6B, 0x57, 0xAF, 0x10, 0xCF, 0xD8, 0x4D, 0xF0, 0x1E, 0x67, 0xC3, 0x11,
    0x24, 0x41, 0x07, 0xD2, 0x83, 0x16, 0x4C, 0x09, 0x10, 0x47, 0x6C, 0xA6, 0xCF, 0x66, 0xE9, 0x03,
    0xC5, 0x75, 0x91, 0x2E, 0xD2, 0xCB, 0xDE, 0x32, 0xB2, 0x58, 0x84, 0x79, 0x64, 0x31, 0x07, 0xFA,
    0x4A, 0xC2, 0xC9, 0x44, 0x17, 0xD9, 0x7C, 0xEE, 0xD2, 0x6A, 0xA5, 0xB4, 0x0E, 0xB1, 0x8C, 0x7E,
    0x06, 0xC4, 0x15, 0x33, 0x20, 0x6F, 0x6B, 0x0B, 0x68, 0x44, 0x47, 0xA8, 0x91, 0xA8, 0x1C, 0xA1,
    0x2D, 0xC1, 0x86, 0x59, 0xA0, 0x5C, 0x1C, 0x35, 0x82, 0x74, 0xE0, 0x7A, 0x31, 0xF8, 0xE2, 0x08,
    0x96, 0x1E, 0x2C, 0x16, 0xC4, 0x78, 0x30, 0x96, 0xD0, 0x43, 0x3A, 0x3E, 0xEC, 0x10, 0x47, 0x0B,
    0xD4, 0x3D, 0x50, 0x3A, 0x20, 0x9B, 0x56, 0xFB, 0xE5, 0x4C, 0xA8, 0x85, 0xA8, 0x83, 0x74, 0x90,
    0x09, 0x5A, 0x16, 0xE6, 0xF3, 0xC2, 0xE2, 0xA3, 0x85, 0xE5, 0xED, 0x85, 0xEA, 0x9D, 0x85, 0xF5,
    0x9B, 0x0B, 0xF5, 0x37, 0x17, 0x32, 0x5B, 0x38, 0x07, 0xF9, 0xA0, 0x31, 0xC8, 0x05, 0xF5, 0xD9,
    0x92, 0xBD, 0xF6, 0x78, 0x87, 0xCC, 0xAB, 0x1E, 0xA0, 0xB1, 0x40, 0xCB, 0x06, 0x28, 0x47, 0x24,
    0x67, 0x3A, 0x48, 0x06, 0xB2, 0x05, 0xBA, 0x2F, 0x3C, 0x2A, 0x17, 0xA0, 0xDC, 0x66, 0xC4, 0x66,
    0x52, 0x0E, 0x85, 0x57, 0x03, 0xB2, 0x59, 0x72, 0x4D, 0x1D, 0x60, 0x0C, 0x00, 0xCD, 0x80, 0x7A,
    0x0E, 0x50, 0x5E, 0x30, 0x49, 0x98, 0x8B, 0x37, 0xA1, 0xA0, 0x03, 0x2A, 0xD9, 0x99, 0x35, 0x01,
    0x0C, 0x26, 0x1E, 0x58, 0xE4, 0x4E, 0xA8, 0x06, 0xEC, 0xA4, 0xFA, 0xF5, 0xD4, 0xD5, 0xB2, 0x26,
    0x27, 0xA1, 0x6D, 0xBB, 0x35, 0x9D, 0xAC, 0x7B, 0x64, 0x4B, 0xCA, 0x80, 0xA0, 0x1C, 0xB1, 0x59,
    0x5E, 0xF7, 0x50, 0x64, 0xC4, 0x8C, 0x9A, 0x24, 0x74, 0x8F, 0x00, 0x0B, 0x76, 0xC6, 0xA2, 0xB5,
    0x6C, 0xA0, 0xAD, 0x84, 0xEF, 0x74, 0x7C, 0x0C, 0x02, 0x7B, 0xD1, 0x05, 0x2D, 0x41, 0xF1, 0xEB,
    0xB6, 0x84, 0xDE, 0x4B, 0x3E, 0x4B, 0x38, 0x67, 0x90, 0xC3, 0x2A, 0x8A, 0xBA, 0xC3, 0xB8, 0xA6,
    0x4B, 0xE1, 0x13, 0xC4, 0x5F, 0xF7, 0xF5, 0x41, 0x43, 0xF2, 0x8D, 0xD8, 0x11, 0x81, 0x1C, 0x1F,
    0xB4, 0x56, 0x94, 0x12, 0x9E, 0x60, 0x22, 0x8E, 0xDB, 0x00, 0xE8, 0x15, 0x3C, 0x03, 0x8B, 0x60,
    0x0E, 0xC8, 0x7D, 0x40, 0x21, 0x50, 0x53, 0x40, 0xBA, 0x1D, 0xF7, 0x00, 0xF2, 0x13, 0x30, 0x40,
    0xE6, 0x1F, 0xAC, 0x81, 0xD1, 0xB6, 0x1C, 0x41, 0x54, 0xAE, 0x1C, 0x8B, 0x19, 0x6A, 0x2C, 0xC7,
    0x8D, 0x8F, 0xDF, 0x95, 0x72, 0xC8, 0x97, 0x72, 0xD4, 0x3D, 0xC0, 0x72, 0x8C, 0x95, 0xF5, 0x2F,
    0xC7, 0x58, 0xE8, 0xC8, 0x58, 0xEC, 0xC8, 0xF8, 0xED, 0xA7, 0x4F, 0xFA, 0xD6, 0x1D, 0x02, 0x60,
    0x88, 0xD2, 0x21, 0x63, 0x3C, 0xAE, 0x98, 0xCB, 0xB1, 0x76, 0x28, 0xC5, 0xD8, 0x24, 0x67, 0x10,
    0xD3, 0x7A, 0x28, 0xC7, 0x9C, 0x30, 0xF1, 0xB4, 0x1D, 0xA2, 0xBD, 0x01, 0x62, 0xCB, 0x90, 0xF8,
    0xB7, 0x39, 0x01, 0xAC, 0xCA, 0x17, 0x94, 0xB1, 0xA4, 0xF4, 0x41, 0x1E, 0x17, 0xBE, 0x1D, 0xC3,
    0x9B, 0x54, 0x8F, 0x98, 0x6E, 0xC8, 0xD9, 0x90, 0x5C, 0x8F, 0x1D, 0x80, 0x4B, 0xE7, 0x77, 0xBB,
    0xE6, 0x3F, 0x79, 0xB2, 0x29, 0x46, 0x6D, 0x8B, 0x85, 0x0D, 0xB8, 0x00, 0xCF, 0x0C, 0xE7, 0x5A,
    0x1D, 0x9C, 0x5B, 0xB5, 0x45, 0x12, 0x82, 0x66, 0xC5, 0x71, 0xC0, 0x82, 0x80, 0x39, 0x20, 0xDB,
    0xC3, 0x07, 0xE4, 0x87, 0x28, 0x76, 0x28, 0x05, 0x1C, 0x05, 0x4E, 0x60, 0x03, 0x62, 0xEB, 0xC1,
    0x01, 0x6A, 0xA6, 0x43, 0x25, 0xD0, 0x33, 0x27, 0x81, 0x47, 0x3B, 0x2F, 0x1E, 0xCB, 0xBC, 0xCC,
    0x98, 0x67, 0x9A, 0xCC, 0xCF, 0xD4, 0xC5, 0x27, 0x01, 0xCF, 0xDD, 0x9E, 0x59, 0xBF, 0x1D, 0x50,
    0xFD, 0xF2, 0x37, 0x33, 0xD5, 0x7B, 0x6F, 0x06, 0x30, 0x60, 0xC3, 0x97, 0x67, 0x16, 0xCC, 0x56,
    0x64, 0x4B, 0xC0, 0x7D, 0x56, 0x39, 0x3C, 0x7E, 0xE1, 0x9E, 0xD5, 0x13, 0xA2, 0x6B, 0xD9, 0xA1,
    0x20, 0xC7, 0x54, 0x28, 0xEB, 0x79, 0x43, 0xE8, 0x01, 0x6C, 0xE4, 0x76, 0xB3, 0xC6, 0x42, 0x5B,
    0x76, 0x82, 0x66, 0x07, 0xF9, 0x68, 0x04, 0x31, 0x4A, 0x8C, 0x5C, 0x4F, 0x1B, 0xA6, 0x6A, 0x49,
    0x4C, 0x25, 0xA3, 0xB1, 0x2F, 0x72, 0x46, 0x7A, 0x1E, 0x4C, 0xBC, 0x02, 0xD2, 0x07, 0x11, 0xFC,
    0x36, 0xB7, 0x5F, 0x68, 0x97, 0xC4, 0x86, 0xAF, 0x07, 0x72, 0x5E, 0x2B, 0x9C, 0x0E, 0x04, 0xCE,
    0xD0, 0x41, 0x67, 0xCB, 0xAD, 0x9D, 0x2D, 0xAB, 0x5D, 0xEA, 0x50, 0x99, 0x20, 0x76, 0x41, 0xCD,
    0xAA, 0x2E, 0x85, 0xED, 0x3B, 0x5B, 0xD9, 0x4F, 0x3E, 0xDD, 0xD9, 0x32, 0xA4, 0xDB, 0xEA, 0x62,
    0xFB, 0xF7, 0x47, 0xD0, 0x16, 0x0F, 0xA0, 0x47, 0xDB, 0x8A, 0xED, 0x9D, 0xD9, 0xB3, 0xE5, 0x02,
    0x14, 0xA4, 0x94, 0xD3, 0x40, 0x0F, 0x3D, 0x9A, 0x72, 0x46, 0x6B, 0x4D, 0x46, 0x98, 0xC6, 0x80,
    0x20, 0xF6, 0x8C, 0x21, 0x69, 0xAF, 0xC4, 0x7C, 0x66, 0x5E, 0x8F, 0x4A, 0x16, 0xF0, 0x12, 0x97,
    0x4F, 0xD9, 0xC7, 0x45, 0xC4, 0x4B, 0x47, 0xC9, 0xD1, 0x22, 0x99, 0xF1, 0x28, 0x53, 0x66, 0xEA,
    0x01, 0x59, 0xCA, 0x07, 0x9B, 0x35, 0x1F, 0x95, 0x0F, 0xA8, 0x05, 0x2D, 0x03, 0xC8, 0x06, 0xF9,
    0xA2, 0xAD, 0x44, 0x76, 0x50, 0xA3, 0x1A, 0x51, 0x8B, 0x01, 0x6D, 0x0B, 0x82, 0x4D, 0xD8, 0x62,
    0x01, 0x3E, 0x27, 0x90, 0xB4, 0x7B, 0x00, 0xA8, 0x0F, 0x51, 0xD9, 0xB6, 0x2B, 0xFC, 0x99, 0xB2,
    0x85, 0xD7, 0xA2, 0x4F, 0xAE, 0xF9, 0x9A, 0xF4, 0x65, 0x10, 0xCC, 0x6F, 0x3D, 0x50, 0x9C, 0x29,
    0x06, 0x83, 0x9B, 0x29, 0xB0, 0xDF, 0xF8, 0x73, 0xE3, 0x71, 0xFB, 0xF7, 0xDF, 0xF6, 0x14, 0x77,
    0x48, 0xC4, 0xF6, 0xE9, 0xD1, 0x7A, 0xBD, 0x9A, 0xC0, 0xE8, 0xEC, 0xA1, 0x07, 0x71, 0xFA, 0x6C,
    0xCF, 0xC8, 0xEE, 0x3D, 0x2E, 0xB6, 0x01, 0xD0, 0x7B, 0xF0, 0x8A, 0x60, 0x11, 0xD0, 0x42, 0xDF,
    0x64, 0x0F, 0x6D, 0xF5, 0x10, 0x50, 0xB9, 0x2D, 0xEA, 0x80, 0x37, 0x4D, 0x1F, 0xA3, 0x08, 0x10,
    0x30, 0x81, 0x72, 0x91, 0xEF, 0x0E, 0x76, 0x02, 0x2F, 0x60, 0xC0, 0xEB, 0x7C, 0xC5, 0x13, 0xE6,
    0x7A, 0x80, 0xDE, 0xA1, 0x0D, 0xC8, 0x65, 0x47, 0x8C, 0xC2, 0x59, 0x30, 0x04, 0x00, 0x38, 0x53,
    0x4B, 0xB3, 0xAF, 0x98, 0xAE, 0xB1, 0x5B, 0x5B, 0x99, 0xBD, 0xF2, 0xB5, 0x27, 0xB4, 0xF6, 0xAA,
    0xD6, 0xFA, 0x67, 0xD7, 0x6A, 0x3F, 0x9B, 0x73, 0xAD, 0x05, 0xEA, 0x01, 0x50, 0xB1, 0x52, 0x52,
    0xAB, 0x1E, 0xBF, 0x7A, 0xCD, 0xAD, 0xBD, 0xF6, 0x20, 0xDD, 0xBF, 0x96, 0xED, 0x6D, 0xB5, 0x6B,
    0xAB, 0xBD, 0x1B, 0xA8, 0x70, 0x08, 0xD4, 0x9C, 0x03, 0x49, 0x36, 0xCC, 0xF9, 0x32, 0x2D, 0x8B,
    0x19, 0xBA, 0x67, 0xAC, 0x51, 0x58, 0x8E, 0x50, 0x8E, 0x74, 0x9F, 0xE6, 0x8B, 0xC2, 0x75, 0xEF,
    0x46, 0x62, 0x4A, 0x7C, 0xDD, 0x33, 0x67, 0x43, 0xBB, 0x5A, 0x5B, 0x2D, 0x97, 0x74, 0x00, 0xE2,
    0xF0, 0xA8, 0xA2, 0xCF, 0xE4, 0x5A, 0x06, 0xA9, 0xE5, 0x05, 0xAF, 0x5C, 0xB1, 0xD7, 0x54, 0xC4,
    0x70, 0xD9, 0x0F, 0x1D, 0xD4, 0xDE, 0xF4, 0xE0, 0x73, 0x21, 0xAC, 0xF0, 0x1B, 0x1F, 0xF6, 0x8F,
    0x72, 0x5B, 0xA7, 0xBB, 0x27, 0xE3, 0x04, 0x45, 0x8A, 0x6C, 0xD1, 0xB4, 0xE9, 0x5A, 0x7C, 0xD5,
    0xD8, 0x0D, 0x69, 0xAB, 0x20, 0x3D, 0x68, 0x9B, 0x5E, 0xAD, 0xD5, 0xBF, 0xA7, 0xAD, 0x79, 0xCB,
    0x96, 0x7C, 0xDE, 0xE2, 0x29, 0x00, 0xC8, 0x80, 0x67, 0x88, 0x8C, 0x6C, 0x36, 0x41, 0x8A, 0xFF,
    0x39, 0x56, 0xD4, 0xBA, 0x03, 0x4C, 0x1D, 0x0B, 0xA6, 0xC8, 0xB2, 0x6F, 0x2D, 0x3B, 0xDD, 0x13,
    0xD5, 0xB0, 0x95, 0x69, 0xEA, 0x5E, 0xAC, 0xD6, 0x64, 0xA7, 0x48, 0xE4, 0x1C, 0x81, 0x0B, 0x80,
    0xE6, 0x10, 0xB4, 0x04, 0xB1, 0xD1, 0x72, 0x94, 0x6D, 0x3B, 0xFD, 0x37, 0x94, 0x6C, 0xA4, 0xF0,
    0x77, 0x25, 0x6C, 0x7D, 0x91, 0xA2, 0x54, 0xF2, 0xD8, 0x93, 0x83, 0x6C, 0xC7, 0x0D, 0x81, 0x7B,
    0x6C, 0xB9, 0x94, 0x27, 0xD2, 0x45, 0xCD, 0x2F, 0xBA, 0x62, 0x52, 0x7B, 0x8D, 0x49, 0xE5, 0x3A,
    0x9A, 0xE6, 0x49, 0x07, 0xEC, 0xF4, 0x33, 0xE0, 0x67, 0xD9, 0xDA, 0xB7, 0xD3, 0xDC, 0xF6, 0x84,
    0x74, 0xC7, 0xAB, 0xA9, 0xEF, 0x2D, 0xDA, 0xF5, 0xF8, 0x6C, 0x1E, 0xE3, 0xA4, 0x5C, 0x2E, 0xC0,
    0x85, 0x06, 0xBA, 0xD3, 0x4D, 0x50, 0xAF, 0x3B, 0xD3, 0x28, 0xA7, 0x5F, 0x26, 0x36, 0x93, 0x7E,
    0xC5, 0x23, 0x9F, 0xF5, 0xAB, 0x23, 0x40, 0x73, 0x6B, 0x58, 0x7B, 0xE0, 0x30, 0x42, 0x09, 0x71,
    0x28, 0x66, 0x7D, 0x79, 0x42, 0xE9, 0x25, 0x66, 0x15, 0x8F, 0x12, 0x0B, 0x32, 0xF6, 0x10, 0x5B,
    0x25, 0x7B, 0x4D, 0xAF, 0x39, 0x7F, 0x29, 0x5F, 0x80, 0x25, 0xFB, 0xB6, 0x2F, 0x24, 0xA3, 0x53,
    0xF6, 0xC2, 0x02, 0xF0, 0x29, 0x50, 0x93, 0x31, 0x82, 0xC3, 0x25, 0x2C, 0xA9, 0xDD, 0xB6, 0x2C,
    0x56, 0xA9, 0x55, 0xBA, 0xB5, 0x6C, 0xB5, 0x5D, 0x66, 0x6D, 0xE9, 0x83, 0xDC, 0x2A, 0x9B, 0xBE,
    0x8C, 0x0B, 0xCD, 0x25, 0x54, 0x6F, 0x7A, 0xA8, 0x8F, 0x3D, 0x36, 0x74, 0xC8, 0x52, 0x3F, 0xF8,
    0x81, 0xED, 0x2D, 0xD0, 0x72, 0x1C, 0x98, 0xCF, 0x90, 0xC2, 0x4F, 0xE5, 0x40, 0xD3, 0x83, 0xEC,
    0x82, 0x2C, 0x68, 0x86, 0x18, 0x76, 0xD8, 0x91, 0x6C, 0x6D, 0x71, 0xF2, 0x4B, 0xFC, 0xE4, 0x45,
    0xF9, 0xD2, 0x92, 0x9C, 0x72, 0x9B, 0xA4, 0xFD, 0x97, 0x28, 0xB2, 0x41, 0x4D, 0x1A, 0x8B, 0xB3,
    0x07, 0xAD, 0x1C, 0xBA, 0x62, 0xDC, 0x04, 0x78, 0x45, 0xBB, 0x78, 0x75, 0xCB, 0x2E, 0x6F, 0x54,
    0xD7, 0xEC, 0xD2, 0xEA, 0xDA, 0x2E, 0xBA, 0x0D, 0xA8, 0x97, 0x00, 0xE5, 0xB7, 0x28, 0xA7, 0x80,
    0xC2, 0x05, 0xA0, 0x95, 0x94, 0x74, 0x07, 0x3A, 0x8E, 0x43, 0xB3, 0xA4, 0xAB, 0x94, 0xB0, 0x53,
    0xCA, 0x38, 0xA0, 0x4C, 0xE3, 0x47, 0xE8, 0xDE, 0x58, 0x23, 0xC5, 0x1C, 0xF5, 0xFE, 0xE6, 0x88,
    0xEF, 0xB5, 0x6D, 0xC3, 0x4B, 0xC7, 0x9B, 0x6A, 0xD9, 0xDD, 0x1C, 0x24, 0x45, 0x4D, 0xD4, 0x71,
    0x10, 0xCC, 0x7D, 0x49, 0x5A, 0xFC, 0x65, 0x5B, 0x49, 0xBE, 0xB3, 0xED, 0xB9, 0xB5, 0x87, 0x15,
    0xA5, 0x84, 0x59, 0x36, 0xBB, 0xCA, 0xB2, 0x1D, 0xC1, 0xEC, 0x2E, 0xBD, 0x38, 0x33, 0x96, 0xF4,
    0x35, 0xBD, 0x1E, 0xBE, 0xCB, 0xEE, 0xF0, 0x06, 0x6B, 0x60, 0xFA, 0xC7, 0x34, 0x7D, 0x45, 0x5F,
    0x70, 0xC2, 0x05, 0x98, 0x94, 0xE0, 0x4E, 0x24, 0xBB, 0x61, 0x70, 0x5F, 0x92, 0x71, 0xA4, 0x1E,
    0xA4, 0x46, 0x93, 0x3E, 0x58, 0x62, 0xE1, 0xAB, 0x5E, 0x5A, 0x7C, 0x2C, 0x41, 0x6C, 0x1B, 0xB4,
    0x04, 0xF4, 0x92, 0xBA, 0x2E, 0x4A, 0x34, 0x06, 0x39, 0xA0, 0x4A, 0x7D, 0xCA, 0x8A, 0x5D, 0xD0,
    0xDA, 0x39, 0x2B, 0xFC, 0x5D, 0xD0, 0x72, 0xC0, 0x86, 0x5C, 0x50, 0x93, 0xB4, 0xFA, 0x7D, 0xDF,
    0xF6, 0xE6, 0x95, 0x70, 0x5E, 0x16, 0x67, 0xE0, 0xB9, 0x80, 0xD0, 0x46, 0xE9, 0x41, 0x4B, 0x64,
    0x15, 0x80, 0x8C, 0x1C, 0xEF, 0x61, 0x5E, 0x20, 0xF3, 0x40, 0xBA, 0xD7, 0x43, 0xE5, 0x5A, 0xAB,
    0x26, 0xA2, 0xE0, 0x8C, 0x8C, 0x1E, 0xA0, 0x13, 0xC9, 0xFB, 0x18, 0x26, 0xFB, 0x24, 0x4E, 0x88,
    0xDB, 0x4B, 0x99, 0xD5, 0x5D, 0x6D, 0xF5, 0xFD, 0xBE, 0x48, 0xBF, 0xD5, 0x61, 0xC7, 0x27, 0xFB,
    0x69, 0x8B, 0x5A, 0x4A, 0xDA, 0xA1, 0xA4, 0x72, 0xFD, 0xBF, 0x8C, 0xD5, 0xA8, 0x0A, 0xCA, 0xAE,
    0x9E, 0xEE, 0x18, 0x2F, 0x08, 0x2F, 0x82, 0xE0, 0xE7, 0xC3, 0xA1, 0x8B, 0x56, 0xC0, 0x87, 0x79,
    0x89, 0x1B, 0x22, 0x5D, 0x22, 0x00, 0xA8, 0x53, 0x7C, 0xF2, 0x8A, 0x59, 0x00, 0x32, 0x09, 0x51,
    0x97, 0x82, 0xB6, 0xD3, 0x8B, 0x5C, 0xC0, 0x6C, 0x35, 0x99, 0x07, 0x71, 0x5E, 0xC3, 0xFB, 0x05,
    0xA8, 0x7A, 0x02, 0xF5, 0x49, 0x5C, 0x12, 0x70, 0x10, 0xF8, 0x80, 0x6B, 0x73, 0x40, 0xC6, 0x2D,
    0x8A, 0x65, 0xBB, 0x83, 0x93, 0xC0, 0xD6, 0x62, 0x85, 0xBB, 0xED, 0x12, 0x62, 0x6A, 0x3D, 0xB9,
    0x30, 0x23, 0x41, 0xE6, 0x24, 0xE7, 0x18, 0xD2, 0x3F, 0xC3, 0x06, 0x9A, 0x0E, 0x35, 0x3D, 0xBE,
    0xB4, 0x99, 0x81, 0x8C, 0xC8, 0x8E, 0x89, 0x82, 0xA2, 0xF4, 0x1E, 0x20, 0x9E, 0x2A, 0x96, 0xB5,
    0xF1, 0x1B, 0x83, 0x6C, 0x1C, 0xD5, 0x2D, 0xA8, 0x27, 0x24, 0x93, 0x05, 0x69, 0xA9, 0x26, 0x3D,
    0x30, 0x56, 0x75, 0x2F, 0x0D, 0x01, 0xEC, 0x13, 0x46, 0x1A, 0xF9, 0xA8, 0x9C, 0x60, 0xAC, 0x1D,
    0x37, 0x12, 0x39, 0x67, 0xAC, 0x98, 0xB6, 0x63, 0x93, 0x96, 0xFD, 0x46, 0x22, 0x07, 0xD5, 0xAE,
    0xEE, 0x75, 0x5F, 0xF7, 0x75, 0xC8, 0x70, 0xB5, 0x98, 0xBE, 0x24, 0xFB, 0x2C, 0x48, 0xF2, 0xB9,
    0x09, 0xD9, 0x54, 0xB2, 0x3F, 0xEC, 0x6B, 0x43, 0x46, 0x01, 0xA0, 0x94, 0xA2, 0xB5, 0x00, 0x68,
    0x1B, 0x40, 0x59, 0x88, 0x7B, 0x98, 0x56, 0xB1, 0xE8, 0x7E, 0x0E, 0xF5, 0xA1, 0x8F, 0x2A, 0xEC,
    0xF8, 0xD0, 0xF6, 0x94, 0x03, 0x5E, 0xFC, 0xE8, 0x08, 0xA4, 0x8B, 0xBA, 0x76, 0xE7, 0x27, 0x12,
    0x16, 0xEC, 0xB3, 0x51, 0xE4, 0x10, 0xE4, 0x94, 0xAF, 0xA4, 0xBD, 0x9F, 0x94, 0xDB, 0xDC, 0x53,
    0x80, 0xA8, 0x0C, 0x52, 0x23, 0x0A, 0xBA, 0xA0, 0x3E, 0xA8, 0x01, 0x00, 0x3D, 0xC0, 0xC8, 0x5C,
    0x45, 0xE1, 0x00, 0xDC, 0x77, 0x4F, 0xE4, 0xA0, 0x1A, 0xFD, 0x23, 0x36, 0x90, 0xF8, 0xEC, 0x65,
    0x8B, 0x07, 0x1A, 0x7B, 0x50, 0x8D, 0x96, 0xEC, 0x34, 0x1D, 0xC3, 0x86, 0x2B, 0x6C, 0x10, 0x4B,
    0x43, 0x57, 0xD2, 0xC1, 0x38, 0xA8, 0xA9, 0xDB, 0x8C, 0x4C, 0x7B, 0xD9, 0x65, 0x47, 0xD0, 0x8D,
    0x54, 0x08, 0x15, 0x00, 0xDD, 0xDD, 0xBD, 0xC2, 0x78, 0xF6, 0x07, 0x6F, 0xCC, 0x3F, 0xF4, 0x7F,
    0xFC, 0x6F, 0x00, 0x35, 0xDC, 0xE3, 0x89, 0x02, 0x30, 0x67, 0x04, 0xF1, 0x7D, 0xE0, 0xDE, 0x77,
    0x71, 0xC6, 0x62, 0x69, 0xE7, 0xD6, 0xB7, 0x43, 0x4E, 0xF6, 0x80, 0x34, 0xD2, 0x3B, 0xCE, 0x2F,
    0x0A, 0xA7, 0xEA, 0xA3, 0x46, 0xC8, 0x25, 0x92, 0xB6, 0x18, 0xAB, 0x3B, 0x91, 0x83, 0xEE, 0x37,
    0xAE, 0x1A, 0xEA, 0x90, 0x12, 0x79, 0x4F, 0x27, 0x7B, 0xD9, 0x07, 0x36, 0xEC, 0x2A, 0x4E, 0x48,
    0x6E, 0x41, 0x1B, 0x48, 0x98, 0xB3, 0x49, 0xB2, 0x8F, 0xF4, 0x91, 0x94, 0xF0, 0x2C, 0x12, 0x27,
    0xC8, 0x44, 0x1F, 0x39, 0x9C, 0x6F, 0x39, 0x11, 0xB7, 0xF1, 0x88, 0x06, 0xB4, 0x05, 0x7E, 0x88,
    0xE8, 0x1E, 0xB4, 0xA3, 0xB3, 0xBD, 0xCF, 0xF2, 0x78, 0x9F, 0x05, 0x55, 0xF6, 0xA1, 0x3A, 0x5C,
    0xB8, 0x74, 0xA1, 0x89, 0x73, 0xF9, 0x6C, 0x2D, 0x5A, 0x36, 0xA9, 0x69, 0x3C, 0xFF, 0xD6, 0x76,
    0x41, 0x8B, 0xFB, 0xED, 0x9E, 0x90, 0xDC, 0x09, 0x04, 0x76, 0xFA, 0x0B, 0xC0, 0x74, 0xD5, 0x90,
    0xCF, 0xC6, 0x56, 0xAE, 0x98, 0xDB, 0x95, 0x92, 0x32, 0xBD, 0xE5, 0x18, 0xD8, 0xCB, 0x88, 0xA7,
    0x1E, 0x6A, 0x1F, 0x52, 0xEC, 0xB4, 0x97, 0xB4, 0x6B, 0x99, 0xB9, 0x1D, 0xCD, 0x22, 0x39, 0x59,
    0x28, 0x71, 0x3D, 0xAB, 0x3E, 0x5F, 0x7C, 0x6B, 0x2C, 0x38, 0x69, 0x76, 0xE0, 0x58, 0x13, 0xD0,
    0x4E, 0x2D, 0x48, 0xB3, 0x1B, 0x2D, 0x74, 0x97, 0x9A, 0x49, 0x69, 0x1C, 0x85, 0xAD, 0x50, 0x5E,
    0xBD, 0xB0, 0x1E, 0x5A, 0x69, 0x8E, 0x9D, 0x81, 0x1A, 0x8C, 0x23, 0xA4, 0x6B, 0xB9, 0xA0, 0xFC,
    0x90, 0x9F, 0x78, 0x14, 0xFC, 0x90, 0x1E, 0x39, 0x07, 0x3A, 0x80, 0xD6, 0x04, 0xCA, 0xC1, 0xBB,
    0x26, 0xF8, 0xF5, 0xE5, 0x67, 0x20, 0x97, 0xA8, 0x17, 0xE6, 0x4B, 0x29, 0x9C, 0x6C, 0x82, 0x5C,
    0x50, 0x48, 0xF9, 0x33, 0xB3, 0x8C, 0xC6, 0x42, 0x78, 0x50, 0x4E, 0xF9, 0x2C, 0xE1, 0xEB, 0xFE,
    0x26, 0x7B, 0x0D, 0x3B, 0x5B, 0xE4, 0xBC, 0x53, 0x0C, 0x13, 0x2D, 0xFF, 0x15, 0x3B, 0x5B, 0xF3,
    0x0B, 0x8B, 0xD8, 0x8A, 0x22, 0xB7, 0x76, 0x7A, 0x44, 0x47, 0x64, 0x5C, 0x02, 0xE3, 0xFD, 0x85,
    0x96, 0x6C, 0x08, 0xF6, 0x75, 0x6C, 0x0F, 0x21, 0x27, 0x17, 0x6E, 0x22, 0x49, 0xBA, 0x43, 0xBE,
    0x38, 0x1F, 0x1F, 0x6D, 0xF7, 0x16, 0x89, 0x14, 0x66, 0xEC, 0x37, 0xD8, 0x8F, 0x55, 0x85, 0x1B,
    0x2E, 0xC0, 0x3A, 0xDA, 0xD9, 0x50, 0x2E, 0x60, 0x2C, 0x87, 0x11, 0xCD, 0x15, 0xFD, 0xD6, 0x0C,
    0xE8, 0x9B, 0xCB, 0x55, 0x89, 0xCD, 0x26, 0x21, 0x7E, 0xBC, 0x2E, 0x3B, 0xDE, 0x24, 0x9E, 0x5A,
    0x23, 0x6B, 0x41, 0xC9, 0x21, 0x8D, 0x7B, 0x37, 0x62, 0x54, 0x31, 0xA2, 0x01, 0xEA, 0x5B, 0x16,
    0xD0, 0xCF, 0x07, 0xB4, 0x6A, 0x00, 0x96, 0x8D, 0x03, 0xC8, 0x11, 0x39, 0xE9, 0x51, 0x44, 0x7C,
    0x3C, 0xCB, 0x77, 0xE4, 0x09, 0xF5, 0xB7, 0xBE, 0x45, 0xF5, 0x96, 0xD7, 0x9D, 0x0E, 0xB0, 0xFA,
    0x47, 0xA1, 0x78, 0x9B, 0x6F, 0x49, 0x9F, 0x2E, 0x0F, 0x40, 0x35, 0x02, 0xDA, 0x27, 0x2D, 0x0B,
    0x10, 0x22, 0xE7, 0x21, 0x6E, 0x41, 0xDA, 0xB5, 0x81, 0x74, 0xEA, 0xBD, 0x8F, 0x5D, 0x7D, 0xE3,
    0x77, 0x93, 0xBE, 0xFC, 0xA1, 0x6F, 0x95, 0x9B, 0xA9, 0x5C, 0x6C, 0x6E, 0x3A, 0x10, 0x05, 0x6D,
    0xE0, 0x86, 0x7D, 0xA0, 0xA2, 0x13, 0xFE, 0x4A, 0x58, 0x5F, 0x1F, 0x03, 0xC3, 0xC9, 0x4E, 0x54,
    0x4B, 0x4B, 0x24, 0xC1, 0xFF, 0x30, 0xB3, 0x6D, 0x58, 0x78, 0x6A, 0xCB, 0x62, 0x62, 0x65, 0x59,
    0x3A, 0x2A, 0x69, 0xCB, 0xE3, 0x36, 0xC8, 0xC7, 0xB4, 0x4B, 0xE8, 0x35, 0x72, 0x02, 0x1A, 0x1B,
    0x36, 0x81, 0x8A, 0x56, 0xF8, 0x9E, 0xB0, 0xBE, 0x31, 0x40, 0x5F, 0x35, 0x7F, 0xE9, 0xA0, 0x49,
    0x4E, 0x91, 0x3E, 0x84, 0x2C, 0xCB, 0x0C, 0x9D, 0x7B, 0x4F, 0xE8, 0x62, 0xF2, 0x2D, 0x74, 0xE9,
    0x24, 0xFF, 0x2A, 0xD0, 0xEA, 0xAA, 0xF7, 0x95, 0xE4, 0x8B, 0x2E, 0x62, 0x13, 0x30, 0xE4, 0xCB,
    0xB1, 0xB1, 0x20, 0x08, 0x99, 0x8E, 0x01, 0xD4, 0xCD, 0x31, 0x80, 0x52, 0x9C, 0x63, 0x97, 0x35,
    0x15, 0x59, 0xDA, 0x8D, 0x67, 0xBD, 0xEF, 0x5C, 0xB8, 0x6A, 0xE0, 0x66, 0x4A, 0x69, 0x14, 0xB4,
    0x1D, 0xB3, 0xA5, 0x26, 0x47, 0x1D, 0xA4, 0xC4, 0xB6, 0xAB, 0x6D, 0xEE, 0x5B, 0x20, 0x1A, 0x59,
    0xB0, 0x49, 0x7D, 0xCE, 0xBE, 0xBA, 0xF1, 0x5B, 0xA7, 0x2F, 0xBF, 0xEF, 0xF4, 0xF3, 0xEF, 0x4F,
    0xAD, 0xFA, 0x8D, 0xA7, 0x1A, 0x3C, 0x8B, 0x98, 0xF8, 0x93, 0xDE, 0x08, 0x82, 0xC7, 0xED, 0x00,
    0x42, 0x6E, 0x44, 0xA4, 0x81, 0x12, 0x88, 0xF2, 0xE3, 0xF5, 0xE1, 0xEF, 0x94, 0x3C, 0xAE, 0x9E,
    0x0D, 0xD1, 0x53, 0x89, 0xCD, 0x67, 0x7D, 0xC3, 0x41, 0x12, 0xF6, 0xF6, 0x04, 0x49, 0xE4, 0xF5,
    0x58, 0xF9, 0x6E, 0xBD, 0x37, 0x17, 0xB0, 0x1A, 0xB4, 0x25, 0xA8, 0x7B, 0xF1, 0xF4, 0x86, 0x5C,
    0x22, 0x09, 0x2D, 0x77, 0x0F, 0x34, 0x96, 0x62, 0x0C, 0xD4, 0xCF, 0xC7, 0x6B, 0x9C, 0xE6, 0xBB,
    0xD8, 0x47, 0x3A, 0xE8, 0xD7, 0xE3, 0x95, 0x2E, 0x3E, 0xF2, 0x73, 0xE0, 0x6D, 0x6F, 0xA0, 0xCB,
    0xDB, 0x72, 0xA5, 0xD5, 0x3B, 0x5E, 0x37, 0x5A, 0xBD, 0xE9, 0xB5, 0xCD, 0x9A, 0xD2, 0x16, 0xA3,
    0xEE, 0x31, 0x2F, 0x0D, 0xB4, 0x94, 0xCE, 0x05, 0xEB, 0xE4, 0x85, 0x53, 0x5D, 0xED, 0x00, 0xB5,
    0xAA, 0x76, 0x19, 0x69, 0x73, 0xCE, 0xC8, 0x83, 0x8F, 0x63, 0xE3, 0x80, 0x72, 0xDA, 0xDF, 0xFA,
    0xD5, 0x94, 0x99, 0xD4, 0x34, 0x6A, 0x2E, 0x30, 0xEF, 0x02, 0xA6, 0x01, 0xDA, 0x0F, 0xA2, 0xBD,
    0x46, 0x05, 0xE1, 0xF8, 0x9B, 0x78, 0xB2, 0xA9, 0x9B, 0x72, 0x60, 0x97, 0xFF, 0x7E, 0x8C, 0xA3,
    0x74, 0x89, 0x2B, 0x0D, 0xE9, 0x3F, 0x41, 0xDB, 0x01, 0xBA, 0xC3, 0x55, 0x02, 0xF4, 0x40, 0xEC,
    0x28, 0x71, 0xD7, 0xDB, 0x0F, 0xB6, 0x6D, 0xBD, 0x4E, 0xA8, 0x98, 0x1F, 0xAF, 0x7D, 0x94, 0x9B,
    0x52, 0x9A, 0x3C, 0xAA, 0x20, 0x1C, 0x3F, 0x8D, 0x38, 0x0A, 0xBA, 0x5F, 0xC8, 0x40, 0xA9, 0xDF,
    0x0F, 0x94, 0xE2, 0x0D, 0x89, 0x67, 0x96, 0xE6, 0xEC, 0x81, 0x52, 0x7E, 0x17, 0xE8, 0x6F, 0x85,
    0x72, 0xDA, 0xFE, 0x48, 0xEC, 0x9D, 0x42, 0x39, 0x1E, 0x40, 0x39, 0xFD, 0x96, 0xE0, 0x6F, 0xBD,
    0x96, 0xAB, 0x44, 0x5B, 0x06, 0x34, 0x59, 0x2C, 0x1F, 0xF9, 0x7C, 0x8F, 0x73, 0x1C, 0x3C, 0x8C,
    0x99, 0xA0, 0x28, 0x97, 0x6C, 0xCA, 0x09, 0xDD, 0xC3, 0x48, 0x91, 0x93, 0x31, 0x93, 0xE0, 0x83,
    0xAB, 0xA6, 0x27, 0xC9, 0x04, 0x73, 0x35, 0x7C, 0x0C, 0x3B, 0x6A, 0xDB, 0xDA, 0x54, 0x34, 0x5B,
    0x5B, 0x8F, 0x39, 0x93, 0x81, 0x68, 0x2A, 0x3D, 0xAA, 0xC0, 0x11, 0x90, 0x71, 0xD8, 0xF7, 0x65,
    0xDF, 0x61, 0x1A, 0xFA, 0x37, 0x5A, 0x2C, 0x25, 0x89, 0xE9, 0xE6, 0x2E, 0x43, 0x7F, 0xA0, 0x1E,
    0x4C, 0x03, 0xE3, 0x5A, 0x0B, 0xA9, 0x11, 0x73, 0x3E, 0x55, 0xC7, 0x47, 0x15, 0x43, 0x80, 0x72,
    0xE5, 0x08, 0x99, 0xEF, 0x40, 0x31, 0xA9, 0x01, 0x85, 0xAF, 0xAD, 0x54, 0x5E, 0x16, 0x58, 0x74,
    0x07, 0xB0, 0x05, 0x60, 0x18, 0xA0, 0x17, 0xC1, 0x6E, 0xB2, 0x5F, 0x1A, 0x70, 0x86, 0x98, 0x6C,
    0x4A, 0x69, 0x4B, 0x83, 0xEA, 0xBF, 0xAB, 0x7B, 0x69, 0x5B, 0xDB, 0x46, 0x39, 0x62, 0x33, 0x12,
    0xC5, 0x27, 0x52, 0x18, 0x3D, 0xC0, 0x29, 0xC8, 0x01, 0x6D, 0x90, 0xEE, 0x11, 0x9D, 0xFA, 0xED,
    0x08, 0x6C, 0x6E, 0x7B, 0x20, 0xF3, 0x6F, 0x00, 0xF8, 0x41, 0x05, 0x71, 0x8F, 0x32, 0xBD, 0xE2,
    0xF4, 0xE5, 0x01, 0xD5, 0xDB, 0x2E, 0x9C, 0x79, 0x42, 0xE6, 0x7E, 0x00, 0xE0, 0x21, 0xF3, 0x21,
    0xAE, 0x65, 0x13, 0x18, 0x5B, 0x51, 0xEC, 0x1F, 0x12, 0xA3, 0x9E, 0xCA, 0x19, 0x90, 0xA8, 0x39,
    0x95, 0x4B, 0x7D, 0x21, 0x35, 0xE6, 0x8B, 0xE4, 0xEB, 0xCF, 0xA6, 0xC2, 0x9B, 0x0E, 0xE6, 0x39,
    0x1F, 0xFC, 0x06, 0xE6, 0x95, 0xB9, 0x9C, 0xC4, 0x7F, 0x79, 0x51, 0x4E, 0xC2, 0x3B, 0x86, 0x14,
    0x74, 0x60, 0x63, 0x5E, 0xEA, 0xE5, 0x38, 0x68, 0x63, 0x75, 0x9F, 0x05, 0x9F, 0x5D, 0x3D, 0x06,
    0xBB, 0x15, 0xE3, 0x79, 0x02, 0xD2, 0x79, 0xCB, 0x05, 0x30, 0xEC, 0xD2, 0xA8, 0xFD, 0x08, 0xD1,
    0x07, 0xF6, 0xCB, 0x2D, 0x6A, 0x97, 0x3E, 0xB2, 0x5F, 0xFD, 0x2E, 0xFA, 0x69, 0xFC, 0x38, 0x94,
    0x0E, 0x06, 0x25, 0x43, 0x22, 0x40, 0xD4, 0x8C, 0x1D, 0x00, 0xE8, 0x9E, 0xD7, 0x7D, 0x3E, 0xC3,
    0x74, 0xA1, 0xB2, 0x0B, 0xF6, 0x62, 0x89, 0x2B, 0x62, 0x8C, 0xC1, 0x94, 0x2E, 0xFA, 0xFA, 0x72,
    0xF4, 0x7B, 0x7D, 0xA3, 0x87, 0x94, 0xCA, 0xEA, 0x96, 0x85, 0x94, 0xC2, 0xD8, 0xC4, 0x90, 0x4D,
    0xC9, 0x06, 0x2A, 0x16, 0x68, 0xC4, 0x12, 0x59, 0x2C, 0xD2, 0xB2, 0xEF, 0x93, 0xB7, 0xF5, 0xAB,
    0x31, 0x7D, 0xA4, 0x5B, 0x7D, 0x9B, 0xFC, 0x45, 0x88, 0xA7, 0x82, 0x32, 0xBF, 0x3E, 0x36, 0xCF,
    0xC9, 0x19, 0xF1, 0xEE, 0xAC, 0x96, 0x85, 0x56, 0xBB, 0xEF, 0xC8, 0x54, 0x33, 0x2A, 0x67, 0x2C,
    0xE2, 0xC5, 0x53, 0x23, 0x77, 0x30, 0x82, 0xB8, 0x23, 0x46, 0xD1, 0xEE, 0x29, 0x3D, 0x54, 0xCB,
    0x9C, 0xAA, 0x95, 0x26, 0x9A, 0x82, 0xE6, 0xB0, 0x9A, 0xC7, 0x77, 0x91, 0x9C, 0xB2, 0x40, 0x3B,
    0x61, 0x23, 0x27, 0x21, 0x7B, 0x7D, 0xEB, 0x96, 0x33, 0x3F, 0x2A, 0x27, 0x36, 0x87, 0x0F, 0x37,
    0x4D, 0xB7, 0xF1, 0xFA, 0xC6, 0x8D, 0xB1, 0x4E, 0x2D, 0xA1, 0xCD, 0x38, 0xA7, 0x63, 0xF3, 0x78,
    0xC9, 0x7B, 0x21, 0xCC, 0xD2, 0x88, 0xB7, 0x16, 0x8E, 0xE9, 0xA5, 0xE8, 0x6D, 0x84, 0xC1, 0x1B,
    0x11, 0x5D, 0xF2, 0x8A, 0x35, 0xB0, 0x11, 0x9A, 0x51, 0x2E, 0x42, 0x41, 0xAF, 0x38, 0x42, 0xD1,
    0x6F, 0xE8, 0x51, 0xBB, 0x3F, 0x29, 0x9E, 0x23, 0xB4, 0x05, 0xB0, 0xF6, 0xF1, 0x4D, 0x67, 0x24,
    0xBA, 0xB6, 0x5B, 0x0F, 0xEB, 0xA7, 0xCD, 0x98, 0xBC, 0x09, 0xD2, 0x1B, 0x0D, 0x9E, 0xF4, 0x2A,
    0x83, 0xC7, 0x46, 0x0F, 0x9B, 0x29, 0x23, 0x2A, 0x5F, 0xCD, 0xE5, 0x02, 0xC5, 0xDD, 0xE3, 0x40,
    0x3A, 0xC0, 0xCC, 0x15, 0xBB, 0x38, 0xC0, 0x3F, 0x5A, 0x17, 0x1F, 0x01, 0x8A, 0x53, 0x60, 0xC5,
    0x59, 0xF8, 0x87, 0x42, 0x50, 0x00, 0x13, 0x59, 0x47, 0xFE, 0x55, 0xE4, 0x4F, 0x82, 0x32, 0x76,
    0xAD, 0x83, 0x62, 0xCF, 0x19, 0x9A, 0xB6, 0x95, 0x3A, 0x0B, 0x7F, 0x44, 0x6B, 0x3A, 0x49, 0x19,
    0x9B, 0x48, 0x5C, 0x4C, 0x2B, 0x4F, 0x6C, 0x1D, 0xA9, 0x7B, 0xA6, 0x7E, 0xB3, 0x35, 0xE1, 0xA5,
    0x49, 0xB2, 0xAB, 0xF8, 0x7B, 0x12, 0x05, 0x7B, 0x39, 0xFD, 0x63, 0xC8, 0xD2, 0x2D, 0xD6, 0x45,
    0xDA, 0xC0, 0x5F, 0xFD, 0x5A, 0x12, 0xFA, 0xCD, 0x6F, 0x21, 0xBA, 0x2F, 0xB6, 0xC7, 0x8F, 0x27,
    0xAF, 0xFE, 0x2C, 0x96, 0x47, 0x06, 0x2A, 0x23, 0x99, 0x7F, 0xE2, 0x0F, 0xFE, 0x00, 0xC9, 0x3D,
    0x92, 0xF1, 0x40, 0x74, 0x15, 0x87, 0x8C, 0x52, 0x16, 0x38, 0xA9, 0x39, 0x77, 0xDB, 0xD5, 0x86,
    0x6D, 0x90, 0xE9, 0x82, 0x9A, 0xA8, 0xFD, 0x4A, 0x43, 0xD1, 0x00, 0x54, 0x1E, 0x8D, 0x22, 0xFB,
    0x3C, 0x08, 0x3A, 0x08, 0x6D, 0x50, 0x7D, 0x4A, 0x19, 0x47, 0x45, 0xAF, 0xE9, 0xDB, 0xE1, 0x7B,
    0xA7, 0xA7, 0x67, 0xA5, 0xA1, 0x92, 0x72, 0xEE, 0x72, 0x3A, 0xA8, 0x53, 0x1B, 0xBE, 0x04, 0xE0,
    0x1B, 0x40, 0xFF, 0x75, 0x64, 0x7E, 0x04, 0xB4, 0x5B, 0xA7, 0x3E, 0xD8, 0x40, 0x29, 0xFB, 0xFD,
    0xB0, 0xAB, 0xFD, 0x05, 0xA0, 0xA6, 0x34, 0x26, 0x2D, 0x6E, 0xF5, 0x28, 0xDF, 0xEA, 0xA1, 0x00,
    0x7C, 0x19, 0x7B, 0x57, 0x38, 0x43, 0x47, 0xF6, 0x21, 0x2A, 0x8C, 0x6D, 0x29, 0x1F, 0xDF, 0x68,
    0x46, 0x0D, 0xD3, 0xFC, 0x15, 0x9E, 0x45, 0xD5, 0xC8, 0x49, 0x0C, 0xEA, 0xA6, 0x86, 0x44, 0xA9,
    0x07, 0x18, 0x5E, 0x21, 0xDD, 0xF4, 0x8C, 0x03, 0xF0, 0x55, 0x24, 0xC7, 0x3E, 0xF9, 0xBD, 0x4B,
    0x7E, 0xF3, 0x94, 0xF0, 0x62, 0xAA, 0x7C, 0x40, 0x1B, 0x93, 0x97, 0xFF, 0x4D, 0x0F, 0xFC, 0xF7,
    0xFF, 0x86, 0xAC, 0x39, 0x02, 0x8E, 0xBE, 0x86, 0xBB, 0xB9, 0x2C, 0xF2, 0x31, 0x54, 0xD1, 0x18,
    0x9B, 0x67, 0xE5, 0xC4, 0xC5, 0x4D, 0xFB, 0x27, 0xFF, 0x5C, 0x7C, 0x58, 0x7C, 0x96, 0x6B, 0x1B,
    0xA0, 0xB6, 0xC8, 0x68, 0x63, 0xE3, 0x91, 0xDB, 0x01, 0x18, 0xFE, 0x14, 0x27, 0x9C, 0xEE, 0x92,
    0xCF, 0x21, 0xF9, 0xF6, 0xE7, 0x38, 0x70, 0x4F, 0x44, 0xE2, 0x5F, 0x44, 0xE2, 0xEB, 0x27, 0xBC,
    0xFF, 0x88, 0xD8, 0x8A, 0x7D, 0x3F, 0xBC, 0xCA, 0x0E, 0xCF, 0x22, 0x96, 0x80, 0x1A, 0x28, 0x26,
    0x40, 0x89, 0x25, 0x49, 0xF9, 0x69, 0xD7, 0x44, 0x82, 0x5D, 0x40, 0x39, 0xE8, 0x01, 0xC0, 0x66,
    0xC9, 0xFA, 0x58, 0xC8, 0x70, 0x2F, 0x97, 0x07, 0xB9, 0x34, 0x9B, 0x30, 0x02, 0x94, 0xA6, 0x1B,
    0xB9, 0xC3, 0x37, 0xE2, 0xA9, 0x03, 0xBE, 0x7C, 0x22, 0x81, 0xDF, 0x8F, 0xC4, 0xCF, 0xE3, 0x39,
    0x0A, 0x17, 0xE8, 0xCA, 0xC0, 0x62, 0x31, 0x03, 0x90, 0xAD, 0x8F, 0xEC, 0x3F, 0xC1, 0xD6, 0x2D,
    0xC8, 0xD9, 0x80, 0x28, 0x22, 0x55, 0x64, 0x15, 0xA9, 0x23, 0x4D, 0x2B, 0xA4, 0x0E, 0x2C, 0xBC,
    0x70, 0x33, 0x09, 0x95, 0x13, 0xD6, 0xBD, 0x50, 0x5B, 0x21, 0x21, 0x5C, 0x22, 0x3D, 0xF4, 0x8F,
    0xC1, 0x51, 0x4C, 0xD0, 0x05, 0x82, 0x56, 0x28, 0x6E, 0x11, 0x64, 0x7E, 0xDF, 0x0E, 0x6D, 0x22,
    0xD5, 0x24, 0xBC, 0x70, 0x14, 0xE6, 0x84, 0x1F, 0x97, 0xF9, 0x1C, 0xE5, 0x50, 0x7E, 0xD2, 0xF6,
    0x6B, 0xB5, 0xD3, 0xCE, 0x48, 0x4E, 0x37, 0xA5, 0x87, 0xEE, 0x2A, 0x81, 0x16, 0x18, 0x01, 0x03,
    0x5E, 0x59, 0x02, 0x5E, 0xFD, 0x7F, 0x01, 0x97, 0x3F, 0x0C, 0x30, 0x6F, 0x05, 0xF0, 0x47, 0x82,
    0x3C, 0xC0, 0xE7, 0x9C, 0xF4, 0x24, 0x88, 0x37, 0x12, 0x50, 0x08, 0x4A, 0x81, 0x1A, 0x04, 0x7D,
    0x40, 0x6D, 0xB7, 0x1D, 0x7B, 0x43, 0xB7, 0x53, 0x0C, 0x13, 0x71, 0x0E, 0xA2, 0x0D, 0x0A, 0xA9,
    0xAB, 0xE3, 0x8C, 0x4B, 0xD2, 0xC6, 0xC7, 0xCF, 0x12, 0x1E, 0x87, 0x9E, 0x4B, 0x8C, 0xBF, 0x9F,
    0xA7, 0x1A, 0xA3, 0xAA, 0x14, 0x76, 0xA8, 0x3B, 0x97, 0xF6, 0x36, 0x3F, 0x7A, 0x71, 0x4C, 0x33,
    0x39, 0xE5, 0xD6, 0xD6, 0x10, 0x04, 0xB2, 0xDF, 0x3F, 0x33, 0x7F, 0xE1, 0xC4, 0xE3, 0xA0, 0x2F,
    0xB7, 0x1D, 0x35, 0x1B, 0x5E, 0x23, 0xC8, 0x25, 0x68, 0x02, 0x17, 0x0F, 0xE2, 0xEB, 0x41, 0x38,
    0x25, 0x5D, 0x4E, 0xD0, 0x2D, 0xD3, 0x50, 0x66, 0x34, 0xB1, 0x46, 0x94, 0xE5, 0x01, 0xDA, 0xAA,
    0xA4, 0xEB, 0xEF, 0x39, 0xFD, 0x4B, 0x0E, 0xFA, 0x7D, 0xF6, 0x31, 0x0E, 0xD9, 0xE8, 0xF7, 0xA4,
    0x85, 0x78, 0x3E, 0xC4, 0xCD, 0x4F, 0xAD, 0xC3, 0x01, 0x5A, 0xC0, 0xA4, 0x8D, 0x3B, 0x77, 0x7C,
    0xFC, 0x79, 0xD6, 0x72, 0xBF, 0x86, 0xDC, 0xA7, 0x4D, 0x73, 0xBB, 0x59, 0xDC, 0x7B, 0x93, 0xEB,
    0xB2, 0xD3, 0x47, 0xC7, 0xCD, 0xC9, 0xEB, 0x59, 0xDF, 0x79, 0x0D, 0x86, 0x3E, 0xAA, 0x0D, 0x92,
    0xB0, 0xBB, 0x8A, 0x4B, 0x45, 0xCA, 0x76, 0xE7, 0x67, 0xD5, 0x80, 0xB0, 0x91, 0x43, 0xDA, 0xE2,
    0xC7, 0xFD, 0x46, 0x2E, 0x7B, 0x1D, 0x5F, 0x3A, 0x7D, 0x75, 0x39, 0x06, 0xB1, 0x09, 0xEA, 0x79,
    0x93, 0x8E, 0xA8, 0x26, 0x62, 0x73, 0xC6, 0x12, 0x32, 0x51, 0xE9, 0x71, 0x54, 0x8F, 0x6B, 0xF1,
    0xB2, 0x68, 0x97, 0xD8, 0xF0, 0x6B, 0xFA, 0xBD, 0x3E, 0x78, 0x6D, 0x7F, 0xA5, 0xD9, 0xAD, 0xE1,
    0x84, 0xBE, 0x99, 0xC6, 0x1B, 0x3A, 0xBE, 0xEA, 0x28, 0x40, 0xA4, 0x2D, 0xAE, 0xD0, 0x82, 0x04,
    0x38, 0x07, 0x8D, 0x10, 0xD7, 0x76, 0x6A, 0x48, 0x0B, 0x3B, 0x07, 0x35, 0xCA, 0x3D, 0x35, 0x54,
    0x0E, 0xA1, 0x80, 0x0D, 0xDA, 0xC6, 0x45, 0x52, 0x6C, 0x00, 0xAA, 0xDF, 0x2C, 0x12, 0xF5, 0xF2,
    0xFB, 0xB1, 0xAB, 0xF7, 0xDE, 0x2D, 0x07, 0xC4, 0x4B, 0x0C, 0xA0, 0x22, 0xE5, 0x93, 0xBE, 0x71,
    0x73, 0x02, 0x60, 0x9E, 0x97, 0x28, 0x19, 0xD5, 0x40, 0xC4, 0xC3, 0x63, 0x37, 0x2F, 0x18, 0x7B,
    0xB7, 0xA9, 0x82, 0x69, 0xC5, 0x5E, 0x4E, 0x54, 0xB2, 0xA7, 0x9C, 0x76, 0x6D, 0x0B, 0xEA, 0xCF,
    0xF6, 0x2E, 0x34, 0xD5, 0x50, 0x0E, 0xE5, 0x28, 0xC6, 0x5C, 0x95, 0xD6, 0xF0, 0x6A, 0x2B, 0x27,
    0x72, 0x6C, 0x00, 0x73, 0xF9, 0xC3, 0x05, 0x80, 0x7E, 0xEF, 0x77, 0x3E, 0xA5, 0xCC, 0xED, 0xBD,
    0x35, 0x90, 0x97, 0x6F, 0x13, 0xE9, 0x80, 0x2E, 0x1D, 0xCE, 0x68, 0x4C, 0x11, 0x7A, 0x50, 0xAE,
    0x24, 0xA2, 0x6B, 0xEF, 0xED, 0x9D, 0xE7, 0x02, 0xD1, 0x76, 0xED, 0xCE, 0x96, 0x41, 0xD7, 0x82,
    0x18, 0xF4, 0x06, 0xF0, 0x39, 0x1E, 0xFA, 0xB7, 0x80, 0xEA, 0xA0, 0xAC, 0x1C, 0x4E, 0x1B, 0x0E,
    0x26, 0x94, 0x83, 0x64, 0x28, 0xA0, 0xB5, 0x01, 0x04, 0x58, 0xCC, 0x01, 0xE5, 0x14, 0x50, 0xB9,
    0xED, 0x5A, 0x68, 0x42, 0xD0, 0x05, 0xE8, 0x3E, 0x40, 0x39, 0x89, 0xE2, 0x25, 0xF2, 0x12, 0x00,
    0x1E, 0x07, 0xB4, 0xEC, 0x08, 0x2D, 0x50, 0x12, 0x13, 0xED, 0xDD, 0x70, 0x51, 0x2A, 0xDB, 0x75,
    0x51, 0x09, 0x1B, 0x7D, 0x7D, 0x81, 0xFE, 0xA5, 0x0F, 0xD7, 0xDD, 0x41, 0xD3, 0x8A, 0xD2, 0x7B,
    0x09, 0xBB, 0x4E, 0xA4, 0x49, 0x6C, 0x1D, 0x54, 0x49, 0x51, 0x39, 0x25, 0xC9, 0x83, 0x64, 0x81,
    0x5F, 0x37, 0x96, 0xDF, 0x20, 0xA8, 0x7D, 0xD0, 0x14, 0xE4, 0x82, 0x2C, 0xC8, 0x26, 0xC8, 0x4A,
    0xCA, 0xD7, 0x30, 0xD9, 0xBF, 0x80, 0xCF, 0xB2, 0xE1, 0x1F, 0x1B, 0x4B, 0x68, 0x47, 0xA8, 0x31,
    0xA6, 0xE9, 0x7F, 0x6A, 0xAB, 0x6F, 0xB0, 0xD1, 0x37, 0x16, 0xE8, 0x1B, 0x67, 0xA4, 0x49, 0xC2,
    0x64, 0x9F, 0xC4, 0xF9, 0x5F, 0xBA, 0x4F, 0x55, 0x5D, 0x31, 0xA3, 0xFD, 0x3F, 0x1B, 0x0F, 0x7A,
    0xE5, 0x02, 0x74, 0x1F, 0x10, 0xE7, 0x02, 0x88, 0x75, 0x2E, 0x93, 0x5E, 0xE0, 0x04, 0x53, 0xC0,
    0xAF, 0x24, 0xEC, 0x2D, 0x62, 0xBB, 0x94, 0x53, 0xF7, 0x01, 0xB5, 0x0B, 0x50, 0x13, 0xC4, 0x5E,
    0x40, 0xCE, 0x5D, 0xA5, 0x42, 0xF6, 0x51, 0x2F, 0xDD, 0xE9, 0x90, 0x2A, 0x73, 0x29, 0x88, 0xBA,
    0x97, 0x31, 0x92, 0xBA, 0x4D, 0xA8, 0x50, 0x60, 0x15, 0x5D, 0xD0, 0x98, 0xDE, 0x4B, 0x98, 0x33,
    0x52, 0xFD, 0x0E, 0x29, 0x6E, 0x31, 0x53, 0x82, 0x02, 0xB4, 0x0D, 0x60, 0x77, 0xCC, 0x8C, 0x00,
    0x0B, 0xBF, 0xFD, 0x32, 0xEB, 0x3E, 0xA0, 0xDD, 0x7F, 0xD5, 0xCD, 0x6E, 0x15, 0xBC, 0x93, 0x28,
    0xD3, 0x5A, 0x2E, 0xD2, 0x61, 0xA0, 0xDD, 0x96, 0x1A, 0x35, 0x32, 0x3E, 0xD7, 0x20, 0x08, 0x26,
    0x7B, 0xE5, 0x18, 0x50, 0x0D, 0x87, 0x45, 0x07, 0xE9, 0xE3, 0x5A, 0xA6, 0xCA, 0x9D, 0x3D, 0x50,
    0xA0, 0xED, 0xFD, 0x2D, 0x12, 0x3C, 0xC0, 0xF1, 0x0B, 0x67, 0xC5, 0x9B, 0x8F, 0x02, 0x38, 0xED,
    0x01, 0xA0, 0xB8, 0x1B, 0xB2, 0x23, 0xDD, 0xA9, 0x01, 0xD2, 0x52, 0x9D, 0xC2, 0x07, 0xD7, 0x02,
    0xC8, 0x15, 0xF2, 0xF1, 0x30, 0x0A, 0xED, 0x1E, 0x00, 0xEA, 0x33, 0x50, 0x49, 0xB6, 0xE8, 0x0F,
    0x30, 0x5F, 0x7A, 0x90, 0x6C, 0x9D, 0x46, 0x48, 0x38, 0x9D, 0xB6, 0x7B, 0xDC, 0x6F, 0xC2, 0x0F,
    0x40, 0x89, 0x82, 0x4F, 0x7B, 0xC7, 0x2F, 0x46, 0x0F, 0xEA, 0x5E, 0x1E, 0xD9, 0x24, 0xCF, 0x25,
    0xCF, 0x8B, 0xB7, 0x18, 0xC6, 0x28, 0x39, 0x1B, 0xF1, 0x60, 0x6C, 0xF4, 0xF4, 0xD9, 0x1E, 0xC4,
    0xB5, 0x76, 0xDF, 0x7F, 0x7D, 0x62, 0x43, 0x20, 0xB6, 0xA2, 0xC9, 0xF3, 0x27, 0x67, 0x3A, 0x9E,
    0x5E, 0x57, 0x23, 0x1E, 0xD2, 0xEA, 0xD3, 0x64, 0x13, 0xE9, 0x22, 0xBD, 0xF0, 0xE6, 0x22, 0xB4,
    0x8C, 0x34, 0x8D, 0xB0, 0x5D, 0x09, 0x00, 0x89, 0x0C, 0xCA, 0x9F, 0x13, 0x16, 0x9C, 0x23, 0x27,
    0x09, 0x61, 0x8F, 0x93, 0xAE, 0xF5, 0xB2, 0x27, 0x40, 0x09, 0x2A, 0x89, 0xA2, 0x7B, 0x35, 0x22,
    0xD8, 0x22, 0xDA, 0x8E, 0xEC, 0xCC, 0x37, 0x17, 0x6D, 0x4D, 0x98, 0xB1, 0x3C, 0x81, 0xF6, 0x65,
    0x2F, 0x6D, 0xEB, 0xAC, 0xAD, 0x1E, 0x68, 0x9A, 0xCA, 0x6B, 0x42, 0x6D, 0x87, 0xEB, 0x0E, 0xAD,
    0x00, 0x47, 0xED, 0x00, 0x71, 0x19, 0x2D, 0x54, 0x50, 0x6C, 0xA7, 0xDF, 0xF9, 0x73, 0x98, 0xE7,
    0x68, 0x59, 0xD2, 0x51, 0x7D, 0x1C, 0x74, 0x7D, 0x0C, 0x72, 0x7C, 0xFE, 0x7D, 0xD7, 0xBE, 0x4D,
    0xB7, 0x2E, 0xDD, 0x98, 0x8A, 0x20, 0x5C, 0x28, 0xC7, 0xED, 0xF2, 0xC6, 0x8C, 0x4C, 0x2B, 0x19,
    0xE3, 0x6F, 0xD9, 0x0E, 0x47, 0x97, 0x6C, 0x92, 0xCC, 0xA7, 0x97, 0x57, 0xFB, 0xB8, 0xBC, 0x7A,
    0x28, 0x82, 0x60, 0xD8, 0xA7, 0x0E, 0xAD, 0x98, 0x94, 0x71, 0x72, 0x90, 0x9A, 0x82, 0xFA, 0x93,
    0x4F, 0xAD, 0xBF, 0x67, 0xAC, 0x98, 0x22, 0xB6, 0x5B, 0x87, 0xB6, 0xFF, 0x8A, 0xA6, 0x57, 0xF4,
    0x05, 0x47, 0xE8, 0xD8, 0xE4, 0x94, 0xFB, 0x26, 0xE7, 0xC1, 0x97, 0x6B, 0xBF, 0xDB, 0xEC, 0xEB,
    0x62, 0xDE, 0x25, 0xD2, 0x05, 0xB4, 0xA4, 0x35, 0x64, 0x2F, 0xFA, 0x6C, 0x9B, 0xDC, 0x0B, 0xED,
    0x29, 0xB1, 0x91, 0x99, 0x87, 0x34, 0xD7, 0x50, 0x39, 0xA9, 0x4A, 0x75, 0x7C, 0x1A, 0x5A, 0xCC,
    0x6C, 0x40, 0x02, 0x66, 0x7D, 0x58, 0x14, 0xE7, 0xEF, 0xEF, 0x2E, 0xA2, 0x94, 0xAA, 0xDA, 0xC5,
    0xDE, 0x71, 0x2F, 0x94, 0xF9, 0x0C, 0xD3, 0xA8, 0x91, 0xD8, 0x7C, 0x42, 0x14, 0x8B, 0x3F, 0x7B,
    0x5E, 0xF2, 0xEC, 0x74, 0x7F, 0xAE, 0x74, 0x3D, 0x79, 0xED, 0xCE, 0x15, 0x45, 0xBA, 0x55, 0xC3,
    0x79, 0xA4, 0xAB, 0x22, 0xED, 0xAA, 0xEE, 0x64, 0xBA, 0xCE, 0x6D, 0xAD, 0xF9, 0x27, 0x47, 0xB5,
    0xDB, 0x50, 0x9A, 0x56, 0x3A, 0x36, 0x48, 0xDD, 0xB3, 0xBB, 0x21, 0x3B, 0x6A, 0x63, 0x53, 0x27,
    0x8D, 0x5D, 0x6B, 0x4B, 0xCF, 0xA6, 0xE0, 0x02, 0xD0, 0x4B, 0x39, 0x4D, 0xA2, 0x87, 0x84, 0xC9,
    0xBE, 0x10, 0x67, 0x09, 0x71, 0x17, 0x63, 0xD5, 0x02, 0xE0, 0x94, 0x0C, 0x19, 0x9A, 0xD0, 0x93,
    0xBC, 0xD8, 0xBE, 0xFB, 0xEF, 0x3D, 0xA4, 0x5D, 0x7E, 0x18, 0xCE, 0x97, 0xD2, 0x13, 0xB9, 0x03,
    0x02, 0x28, 0xEE, 0x49, 0x1C, 0xB5, 0xF4, 0x06, 0x86, 0x9E, 0x09, 0xF9, 0x02, 0x22, 0xBB, 0x0F,
    0x90, 0x9C, 0x05, 0x4B, 0x04, 0x00, 0x9C, 0x89, 0xFB, 0x69, 0x77, 0x1B, 0x81, 0xF4, 0xBE, 0xDA,
    0x98, 0x72, 0x41, 0x49, 0x79, 0xEA, 0xF6, 0x54, 0x4C, 0x64, 0xC2, 0x7C, 0x14, 0x40, 0x7F, 0x02,
    0x81, 0x67, 0x23, 0x7E, 0x65, 0x50, 0x3D, 0x4C, 0x53, 0x0D, 0x67, 0xC3, 0xB6, 0x03, 0x34, 0x39,
    0xA0, 0x16, 0x6C, 0x96, 0x10, 0x06, 0x24, 0xD0, 0x9E, 0x04, 0xEA, 0x33, 0xD1, 0x36, 0xF9, 0x6C,
    0xBA, 0xE2, 0x50, 0xAF, 0x5C, 0x4F, 0xBA, 0x7E, 0x7D, 0x6E, 0xFF, 0xFA, 0xD7, 0xB3, 0x26, 0xE7,
    0x3A, 0x68, 0xC3, 0xDF, 0xCF, 0x28, 0xAE, 0x1F, 0x0A, 0x45, 0x94, 0x81, 0x1A, 0x08, 0xE5, 0x76,
    0x52, 0xAB, 0x6E, 0x18, 0xD7, 0x92, 0x4E, 0x07, 0x6D, 0xF8, 0xBC, 0x83, 0x52, 0x49, 0x4F, 0x04,
    0xC5, 0xB8, 0xC0, 0x99, 0xAA, 0xD9, 0x91, 0x74, 0x41, 0x13, 0xFF, 0xAE, 0xF2, 0xFB, 0x11, 0xDD,
    0xD9, 0x3A, 0xB3, 0x02, 0x78, 0xD5, 0x43, 0x1B, 0x36, 0x69, 0xCC, 0xDD, 0xF6, 0xEB, 0x98, 0xFB,
    0x33, 0x75, 0xE2, 0xB7, 0x37, 0x40, 0x46, 0x7A, 0x60, 0x43, 0x12, 0x50, 0x73, 0xC6, 0xEE, 0x5F,
    0xD6, 0x0E, 0xB1, 0x7D, 0x42, 0xDD, 0x0B, 0xAB, 0x83, 0xA5, 0x76, 0x3A, 0x32, 0x33, 0xEF, 0x1E,
    0x1F, 0xA7, 0x1A, 0x1B, 0xD0, 0xBD, 0xB0, 0x76, 0xC8, 0xBA, 0x60, 0x01, 0x2F, 0xD9, 0x68, 0xCD,
    0x22, 0x8B, 0x44, 0xCD, 0x09, 0x00, 0x2E, 0x09, 0xDA, 0x11, 0x28, 0xE2, 0x99, 0xC8, 0xAE, 0x96,
    0x2E, 0xB3, 0x96, 0x61, 0x9D, 0x36, 0x1F, 0x5C, 0x1B, 0xF4, 0xEE, 0xE1, 0x73, 0xB2, 0x2B, 0x10,
    0xAB, 0x0D, 0x14, 0x4D, 0xB4, 0x69, 0xD7, 0xFE, 0x68, 0x16, 0xF4, 0x05, 0x67, 0x21, 0x96, 0xD5,
    0x05, 0xC2, 0xF9, 0x0C, 0x9E, 0x73, 0x06, 0xF7, 0x93, 0x46, 0x07, 0x88, 0x33, 0xEF, 0x56, 0xB3,
    0x2B, 0x3C, 0x3E, 0x73, 0xAB, 0xD9, 0xB4, 0x31, 0x3E, 0xF0, 0xD3, 0xFC, 0x0A, 0x00, 0xCC, 0xEB,
    0x92, 0x67, 0xD3, 0x8B, 0x17, 0xCC, 0x88, 0xF7, 0xF8, 0x84, 0x9D, 0xFB, 0x07, 0xFE, 0x0D, 0xE5,
    0x85, 0xE6, 0x18, 0x92, 0xF7, 0x45, 0x78, 0x67, 0xDF, 0xEF, 0x82, 0xE9, 0x91, 0xDC, 0x23, 0x59,
    0x2B, 0x1F, 0x87, 0x2E, 0xA8, 0x5D, 0x5A, 0x04, 0xCD, 0x38, 0x1C, 0xA1, 0x1A, 0xC1, 0x7A, 0x00,
    0x5B, 0x0B, 0xF2, 0x4A, 0x10, 0x9B, 0xA0, 0x81, 0x1F, 0x70, 0x62, 0xB0, 0x24, 0x2D, 0x22, 0x01,
    0x9E, 0x54, 0x2A, 0x20, 0xC5, 0x8C, 0xAF, 0x55, 0xDB, 0x15, 0x9A, 0x43, 0x50, 0x03, 0x1C, 0x41,
    0x77, 0x52, 0x14, 0xDA, 0x3E, 0x0D, 0x73, 0x67, 0xE8, 0x1B, 0xDB, 0xDD, 0x7D, 0x10, 0x45, 0x56,
    0xBF, 0x6B, 0x06, 0xE9, 0x8A, 0x27, 0x6D, 0x46, 0x11, 0x50, 0xA6, 0x06, 0xFA, 0x69, 0xBD, 0x1D,
    0x7F, 0x36, 0xA8, 0x3D, 0xA2, 0xD3, 0x64, 0x13, 0xD9, 0x01, 0x6D, 0xE2, 0x8F, 0x85, 0x06, 0x26,
    0x90, 0x67, 0x33, 0x5B, 0x84, 0xF9, 0x2C, 0x2C, 0xFC, 0xA7, 0x59, 0xC6, 0x67, 0xFD, 0x74, 0x30,
    0x6C, 0x22, 0x41, 0x2B, 0x7C, 0x1A, 0xC0, 0xBE, 0xF4, 0x1F, 0x34, 0x4C, 0x6A, 0x8A, 0xE1, 0x47,
    0x00, 0xE9, 0x90, 0xED, 0x90, 0x7B, 0x25, 0x28, 0x1D, 0x8A, 0x3D, 0x26, 0xC1, 0x18, 0x50, 0xBA,
    0x00, 0x25, 0xA0, 0x2B, 0x39, 0xD0, 0x0A, 0x9A, 0x92, 0xFD, 0xD3, 0xEB, 0xEA, 0xD1, 0x4A, 0xA0,
    0x23, 0xBA, 0x80, 0x16, 0xE7, 0xF7, 0x4B, 0xCB, 0x4D, 0xEA, 0xBF, 0x5E, 0xD1, 0x0E, 0xA4, 0xC8,
    0xC2, 0xAC, 0xD3, 0x64, 0x9D, 0x5A, 0xBF, 0x82, 0xBD, 0x64, 0xD8, 0xA4, 0x49, 0x91, 0xBC, 0x97,
    0xB0, 0x53, 0x4A, 0x2D, 0x52, 0x3D, 0xE0, 0xC8, 0x58, 0x90, 0x22, 0xA0, 0x9D, 0x20, 0xEE, 0xFC,
    0xC6, 0xB3, 0x97, 0x76, 0xC3, 0xC7, 0x49, 0x30, 0x6E, 0x9F, 0x39, 0x2A, 0x81, 0x24, 0x00, 0xBA,
    0x17, 0xD8, 0x80, 0x8B, 0x38, 0xB7, 0xF1, 0xAC, 0xEE, 0x04, 0x4D, 0x40, 0x1B, 0x04, 0x0A, 0x16,
    0xAC, 0xED, 0xEA, 0xD9, 0xB2, 0xC5, 0xDC, 0xF6, 0xD5, 0x61, 0xBB, 0xFA, 0x94, 0xB4, 0xA3, 0xA2,
    0x7F, 0x1A, 0xC4, 0x93, 0xC2, 0x69, 0x5D, 0x84, 0x74, 0x0B, 0xA4, 0x07, 0x70, 0x4A, 0xB6, 0x1D,
    0x34, 0x39, 0xD4, 0x41, 0xA9, 0x37, 0x10, 0x54, 0xF0, 0x84, 0x46, 0x7C, 0x5A, 0x1C, 0xA0, 0x66,
    0xD0, 0xA1, 0x8A, 0xD4, 0x81, 0x53, 0xA4, 0x47, 0x1B, 0xB9, 0xCC, 0xB2, 0xCD, 0x33, 0x68, 0x32,
    0x1F, 0xA8, 0x8B, 0x49, 0xF8, 0xDC, 0xED, 0xC0, 0xFA, 0x6D, 0xA1, 0xFC, 0x12, 0x18, 0xF2, 0x53,
    0x60, 0x21, 0x85, 0x1B, 0xBE, 0xBC, 0x5C, 0x62, 0xC1, 0x8C, 0x73, 0xA4, 0x67, 0xB6, 0x04, 0x02,
    0x40, 0x31, 0xED, 0x9F, 0x07, 0xAB, 0xC8, 0x2A, 0x52, 0x0F, 0xC2, 0x8B, 0x8D, 0x1E, 0xA1, 0x1D,
    0xB4, 0x47, 0x1B, 0xC9, 0xC0, 0x25, 0x92, 0xB9, 0xD0, 0x14, 0x1F, 0x0B, 0xFF, 0x52, 0xF8, 0x5F,
    0x6E, 0xFC, 0x2A, 0xF0, 0xF2, 0x7B, 0x6F, 0x07, 0xBE, 0x4A, 0xE1, 0x2B, 0xFC, 0x77, 0x91, 0x1B,
    0x0E, 0xFA, 0x47, 0x8B, 0xB0, 0xF3, 0x1B, 0xF6, 0xF1, 0x5C, 0x56, 0x58, 0x45, 0xEA, 0xC4, 0x46,
    0xD8, 0x3E, 0x68, 0xCB, 0x11, 0x1B, 0x8E, 0xA5, 0x74, 0x88, 0x63, 0x40, 0xB1, 0xB2, 0x6F, 0x30,
    0x1E, 0xE1, 0xBF, 0x26, 0x5C, 0x68, 0x2E, 0xC6, 0x9E, 0x53, 0x79, 0x67, 0x91, 0x12, 0xBF, 0x6B,
    0x00, 0x72, 0x0E, 0xA8, 0xD3, 0xD1, 0x78, 0x12, 0x04, 0x44, 0x7F, 0xC1, 0xA6, 0x22, 0x9B, 0x36,
    0x28, 0xD8, 0x68, 0x08, 0x26, 0xDD, 0x92, 0x30, 0xD3, 0xD4, 0xB3, 0x6E, 0x62, 0x7F, 0xE1, 0x07,
    0x4A, 0x52, 0x26, 0x17, 0x67, 0x11, 0x7C, 0xED, 0xF1, 0x47, 0x9E, 0x8D, 0x8D, 0x1D, 0x65, 0x9D,
    0x61, 0x54, 0xDE, 0x7C, 0xE7, 0xE1, 0xB3, 0x00, 0x92, 0x23, 0x8A, 0x13, 0x2C, 0x7F, 0xCF, 0xE3,
    0x23, 0xA8, 0xDB, 0x0B, 0x80, 0xFA, 0x1D, 0xA1, 0x7E, 0x53, 0xD8, 0x7E, 0x93, 0x74, 0x60, 0x16,
    0x98, 0x2D, 0xC2, 0x62, 0x79, 0x3D, 0xC4, 0x2C, 0xC8, 0x05, 0x28, 0x23, 0x55, 0x64, 0xDD, 0x67,
    0x81, 0xDA, 0x66, 0xE4, 0xD8, 0x76, 0x42, 0x42, 0xF8, 0x38, 0x7B, 0x23, 0x29, 0x5D, 0x73, 0x99,
    0x52, 0x1B, 0x17, 0x24, 0xB0, 0xD1, 0x36, 0xA4, 0xF8, 0xAA, 0xB1, 0x95, 0x84, 0xDB, 0x36, 0x92,
    0x5D, 0xCA, 0x0B, 0x25, 0x46, 0x46, 0x9B, 0x81, 0xB7, 0xB8, 0x10, 0x2D, 0x7F, 0x4D, 0xA2, 0x62,
    0xC6, 0x05, 0x38, 0xC2, 0x85, 0x06, 0x7F, 0x9E, 0xFD, 0xC4, 0x14, 0xA3, 0xBE, 0xE5, 0x2A, 0xDA,
    0x7C, 0x4E, 0xB9, 0x9A, 0xD2, 0x76, 0xEA, 0x0F, 0x1F, 0x64, 0x3B, 0x08, 0x3C, 0x11, 0x39, 0x16,
    0x92, 0x41, 0x0A, 0xC9, 0x7C, 0xA2, 0x90, 0xEC, 0x7F, 0x24, 0x50, 0x93, 0x71, 0xB5, 0x84, 0xCC,
    0xF1, 0x9C, 0xFD, 0x23, 0x81, 0xEC, 0xD4, 0x8F, 0x04, 0xA2, 0xCB, 0xC9, 0x66, 0x57, 0x3F, 0x7A,
    0xE8, 0x2B, 0xCF, 0x2C, 0xF8, 0x53, 0x64, 0x4C, 0xEB, 0x11, 0x20, 0x47, 0x46, 0x90, 0xE4, 0x49,
    0xAC, 0x4B, 0x35, 0xDA, 0x2E, 0x2E, 0xF2, 0xD1, 0x6E, 0xC3, 0x54, 0x48, 0x36, 0x62, 0x0A, 0x86,
    0x5D, 0x6A, 0x25, 0x4B, 0x76, 0xD0, 0x9C, 0x82, 0x82, 0xD9, 0x9C, 0xAB, 0x51, 0x2D, 0x46, 0xF6,
    0x0A, 0x56, 0x0C, 0xE2, 0x23, 0x19, 0x54, 0xD1, 0xC4, 0x80, 0xD8, 0x06, 0xFF, 0xA2, 0x0A, 0x90,
    0x1E, 0x2D, 0xBC, 0xEE, 0x80, 0xAF, 0x3D, 0x81, 0x2F, 0x26, 0xCD, 0x6F, 0x3A, 0xA8, 0xBF, 0xF6,
    0x50, 0xD7, 0x27, 0xE4, 0xCD, 0x15, 0x00, 0x0F, 0x97, 0x0F, 0xB9, 0x1B, 0x1B, 0xF1, 0x96, 0xDA,
    0x8A, 0x37, 0x8B, 0x27, 0xF7, 0xE4, 0x3F, 0x9A, 0xBE, 0x68, 0xD1, 0xFF, 0x0F, 0xB1, 0xE5, 0x7C,
    0x60, 0x19, 0x99, 0x75, 0xDF, 0x7D, 0x94, 0xBD, 0xD0, 0xF2, 0x65, 0x87, 0x2A, 0x5C, 0x5E, 0x15,
    0xF4, 0x38, 0xAE, 0xE0, 0x9C, 0xFF, 0x51, 0x44, 0xBE, 0xC2, 0xF0, 0x0D, 0x06, 0xEB, 0xE9, 0xFB,
    0xFB, 0x5C, 0x3F, 0x10, 0xD5, 0xA4, 0xDD, 0xEA, 0xE2, 0x0B, 0x04, 0xCA, 0x75, 0xA6, 0xCB, 0x58,
    0xE4, 0xBC, 0x12, 0xB4, 0x04, 0xD1, 0xE2, 0x71, 0xF6, 0x38, 0xF1, 0x24, 0xFA, 0x7B, 0xD0, 0x83,
    0x5C, 0x86, 0xA0, 0x26, 0x8E, 0x02, 0x2F, 0x02, 0xF5, 0x09, 0x5B, 0x17, 0x8E, 0xD9, 0xEC, 0xFE,
    0x0C, 0x29, 0x3E, 0x94, 0x03, 0x72, 0x4E, 0x41, 0x44, 0x76, 0x8D, 0xEB, 0x7C, 0x64, 0x2D, 0x6D,
    0xFC, 0x2A, 0xDD, 0xFF, 0xA7, 0x2C, 0xDA, 0xEB, 0x5A, 0x2E, 0xA8, 0x38, 0x00, 0x12, 0x37, 0xE9,
    0x5C, 0xFF, 0xD9, 0xA4, 0x4C, 0x4B, 0xB4, 0x82, 0xA6, 0x87, 0xFB, 0x8D, 0xC5, 0xF8, 0xAF, 0x11,
    0x17, 0x6B, 0x07, 0xE1, 0x3B, 0xFF, 0xEC, 0x7C, 0xD3, 0x28, 0x0D, 0xCC, 0xFB, 0x1E, 0xEA, 0x7F,
    0xC7, 0x06, 0xE6, 0xE1, 0xD2, 0xF9, 0x6C, 0x69, 0x01, 0xA3, 0x7A, 0x81, 0x05, 0xBE, 0x92, 0x37,
    0x67, 0xAF, 0x83, 0x9D, 0x37, 0x84, 0x76, 0x60, 0x5A, 0xDF, 0x6A, 0xEC, 0xFA, 0x07, 0x24, 0x3D,
    0x77, 0x30, 0x11, 0xB2, 0xA3, 0x95, 0x28, 0x7A, 0x00, 0x6D, 0xED, 0x37, 0x67, 0xAF, 0x83, 0x95,
    0x1B, 0xAD, 0x74, 0x73, 0x90, 0xDF, 0xDD, 0x62, 0x87, 0x3F, 0x8B, 0x65, 0xB0, 0xBF, 0xAE, 0x8D,
    0x45, 0x3D, 0xAC, 0xEA, 0xCD, 0x99, 0x6B, 0x63, 0xFF, 0xF1, 0xAF, 0xDD, 0x3D, 0xFB, 0x3A, 0x3F,
    0xFA, 0x34, 0xCB, 0x75, 0x56, 0xCE, 0x1F, 0x5E, 0xE7, 0x87, 0xC8, 0x87, 0xFA, 0xD6, 0x20, 0x3F,
    0x67, 0x08, 0x72, 0x52, 0x5F, 0x9D, 0xF3, 0x7F, 0x29, 0x88, 0x7D, 0x77, 0xCA, 0xFE, 0xC3, 0xFC,
    0x4C, 0x12, 0x64, 0xB3, 0xC7, 0x17, 0xF2, 0x77, 0x65, 0x20, 0x45, 0x8D, 0xE8, 0x51, 0xFC, 0xAC,
    0x0A, 0x53, 0x05, 0x64, 0xB1, 0x23, 0x10, 0xF1, 0x9D, 0x27, 0xF0, 0xC5, 0xE4, 0x6B, 0xAA, 0xD2,
    0x69, 0x45, 0x72, 0xD2, 0x47, 0x91, 0xB7, 0xE8, 0x8A, 0x79, 0x01, 0xD4, 0xEF, 0x26, 0xA0, 0x7E,
    0x75, 0x00, 0x9E, 0x55, 0x5F, 0xD0, 0x17, 0x27, 0x4E, 0xBF, 0x37, 0x80, 0xBA, 0xCB, 0xFD, 0x1B,
    0x28, 0xFA, 0x71, 0x5B, 0x6F, 0x3B, 0x69, 0xF1, 0xD3, 0x3C, 0x6A, 0xE0, 0xBA, 0xAA, 0xBC, 0x74,
    0x44, 0x31, 0x06, 0xCD, 0xDB, 0x1F, 0x72, 0x4F, 0x80, 0x71, 0x80, 0x3E, 0xF1, 0xF4, 0xA6, 0x4D,
    0xED, 0x9B, 0x16, 0xF9, 0xA0, 0x01, 0x48, 0x6D, 0x43, 0xBB, 0xB6, 0x0D, 0x5F, 0x81, 0xB8, 0xF3,
    0xFA, 0x77, 0x9B, 0x8D, 0x9D, 0xA0, 0x6E, 0x7B, 0xA8, 0xDF, 0xEC, 0xDB, 0x86, 0x07, 0xFD, 0xE1,
    0x37, 0xB9, 0xA4, 0xED, 0xB3, 0xFF, 0x35, 0xEE, 0x12, 0xC8, 0xB8, 0x9D, 0xDE, 0x27, 0xFD, 0x88,
    0x51, 0x73, 0x92, 0xCD, 0xE2, 0xEC, 0x8D, 0xEB, 0x86, 0xF6, 0x70, 0xAB, 0x8A, 0x5E, 0xA6, 0xBB,
    0x5D, 0xC0, 0x9F, 0x05, 0x3C, 0x91, 0x75, 0x10, 0xF7, 0x08, 0xFF, 0x63, 0xE6, 0xAE, 0xE3, 0xC5,
    0xF3, 0xF9, 0x6D, 0xF8, 0x03, 0x2F, 0x33, 0x1B, 0x83, 0xE8, 0xB6, 0xDA, 0xEF, 0xA8, 0xDC, 0x3A,
    0x03, 0x62, 0x83, 0x20, 0xEE, 0x3E, 0x96, 0xA0, 0xB1, 0x4B, 0x1B, 0xEA, 0xB8, 0xE9, 0xAE, 0x60,
    0x53, 0x10, 0xC5, 0x24, 0xA3, 0x23, 0x42, 0x0F, 0xF1, 0x01, 0x5E, 0xE9, 0x51, 0x7A, 0x15, 0x3B,
    0xB0, 0x03, 0xC0, 0xF6, 0x2E, 0x0F, 0xF0, 0xF4, 0xEE, 0x01, 0x1E, 0x77, 0x0F, 0xF0, 0xA6, 0xF0,
    0x00, 0xAF, 0x8A, 0x0F, 0xF0, 0xFA, 0x82, 0x8E, 0xF6, 0xF0, 0x01, 0x5E, 0x4C, 0xB5, 0x24, 0x5B,
    0x60, 0x05, 0x58, 0xEF, 0x81, 0x2A, 0x1C, 0xA0, 0xFB, 0xCA, 0x99, 0x7B, 0xFE, 0x41, 0x42, 0x39,
    0x11, 0x21, 0xCE, 0x1C, 0xE2, 0xCE, 0xC6, 0xC6, 0xFB, 0xF7, 0x84, 0xAA, 0xF5, 0xA1, 0xBC, 0x1A,
    0xB6, 0x99, 0x99, 0xEF, 0x9E, 0x99, 0x38, 0x78, 0xD0, 0x3B, 0x7C, 0x95, 0xFC, 0xE9, 0x19, 0x99,
    0x19, 0x11, 0x32, 0xE3, 0x21, 0x99, 0x01, 0x2D, 0xD8, 0x9C, 0x95, 0xD2, 0x3F, 0xE4, 0xDC, 0x68,
    0xB2, 0x17, 0xFD, 0x2B, 0x2E, 0xDD, 0x89, 0x94, 0x5A, 0x89, 0x1B, 0x52, 0xEA, 0xFE, 0x3F, 0xC5,
    0x98, 0x01, 0x84, 0x24, 0xD9, 0x1D, 0xC6, 0x7F, 0xD5, 0x6F, 0x26, 0x2D, 0x5B, 0x78, 0x8B, 0x4B,
    0x00, 0x5B, 0x41, 0x90, 0x48, 0xA4, 0x00, 0xE0, 0x6E, 0xDF, 0x3B, 0x00, 0x88, 0xC1, 0x45, 0x70,
    0x62, 0x0F, 0x90, 0x04, 0x0E, 0x00, 0xEE, 0xAE, 0x2A, 0x00, 0x60, 0x11, 0x40, 0xB0, 0x21, 0x40,
    0x0E, 0x07, 0xC1, 0x86, 0xDD, 0xD4, 0x8B, 0x20, 0x58, 0x6C, 0x45, 0x04, 0x04, 0x2A, 0x10, 0x04,
    0xEE, 0xC9, 0xD5, 0x9D, 0xCE, 0xE5, 0x55, 0x7F, 0xE9, 0xAA, 0xA7, 0x67, 0x76, 0x64, 0x6F, 0xDC,
    0x6D, 0xF7, 0xCC, 0x98, 0xFA, 0x7F, 0xDD, 0x6A, 0x7B, 0xAB, 0xBE, 0xDF, 0xF7, 0xBA, 0xFF, 0xFF,
    0xD7, 0x8D, 0x4D, 0x40, 0xB5, 0x05, 0x9C, 0xF6, 0xD2, 0x34, 0x2D, 0xC8, 0x05, 0x50, 0xDD, 0x53,
    0x6C, 0x6D, 0xC4, 0xA4, 0x45, 0xCA, 0x91, 0xF5, 0xF6, 0xC3, 0x84, 0x95, 0x16, 0x99, 0xA8, 0x25,
    0xE1, 0x7A, 0x84, 0x0B, 0xA8, 0xED, 0x02, 0x4D, 0x90, 0xC7, 0x05, 0x00, 0xE0, 0x0C, 0x58, 0x6F,
    0x80, 0x32, 0x01, 0x66, 0x03, 0xE0, 0x61, 0xA5, 0x81, 0x3A, 0x5F, 0x83, 0x3B, 0x08, 0x10, 0xFC,
    0x5C, 0xBE, 0x92, 0x7C, 0xB3, 0x2B, 0xB5, 0x9D, 0x17, 0xCA, 0xF5, 0xF1, 0x7C, 0xAE, 0xF3, 0xF5,
    0xE4, 0x7C, 0xE1, 0x81, 0xD7, 0x80, 0xC6, 0x43, 0xD7, 0xE6, 0xC7, 0x13, 0xC0, 0x8E, 0x90, 0x61,
    0xBE, 0xBE, 0x05, 0xF8, 0x03, 0x60, 0x12, 0x60, 0x06, 0x00, 0xE0, 0x1A, 0x51, 0xB7, 0x50, 0x28,
    0xC0, 0xA3, 0x1E, 0x6C, 0xCF, 0x42, 0x7F, 0x1F, 0xE0, 0x40, 0x50, 0xB8, 0xE3, 0x01, 0xE7, 0xB1,
    0xE9, 0x29, 0xD4, 0x3A, 0x83, 0xA6, 0x6E, 0x61, 0xB3, 0x0E, 0xD7, 0x0E, 0x05, 0x67, 0x60, 0x22,
    0x7A, 0x16, 0x56, 0xFA, 0x17, 0xEB, 0x4F, 0x46, 0x6C, 0xFB, 0xE4, 0x60, 0xA8, 0x9F, 0x01, 0x38,
    0x00, 0xFB, 0x3C, 0x41, 0xF1, 0xAE, 0xB8, 0x39, 0xA8, 0xB7, 0x80, 0x06, 0xA8, 0x1E, 0x26, 0x56,
    0x1F, 0x6D, 0xA1, 0x71, 0x9E, 0x4D, 0x19, 0x00, 0xA8, 0xB7, 0xAC, 0xA4, 0x80, 0x14, 0xF9, 0xB5,
    0x8D, 0xB0, 0xAB, 0xAF, 0x7D, 0x34, 0x16, 0xD2, 0xB8, 0xDE, 0x95, 0xDD, 0x94, 0xA3, 0x8D, 0x36,
    0xD7, 0x76, 0x3E, 0xF7, 0xDF, 0x71, 0xA5, 0xBF, 0x8E, 0xBC, 0x06, 0x40, 0x02, 0x10, 0x40, 0x05,
    0x36, 0x3D, 0x81, 0x5A, 0xEF, 0xDC, 0x1C, 0x19, 0xD8, 0x16, 0xEC, 0x00, 0xAB, 0x01, 0x3D, 0x0F,
    0x2B, 0xFD, 0xF3, 0x68, 0x4B, 0x46, 0xE1, 0xCF, 0xA0, 0xFA, 0x4F, 0x84, 0xFB, 0xEA, 0xE1, 0xDB,
    0x77, 0x3C, 0xAC, 0x26, 0x60, 0xAD, 0x25, 0xCC, 0x00, 0x6F, 0x14, 0xF1, 0xDA, 0x11, 0xEF, 0x42,
    0xA1, 0x07, 0x18, 0x4D, 0x98, 0x37, 0x47, 0xA8, 0x03, 0x34, 0x91, 0x62, 0x4A, 0x98, 0xFE, 0x07,
    0x87, 0x63, 0x5E, 0xD8, 0xAF, 0x05, 0x34, 0x2E, 0x40, 0x2A, 0x07, 0x00, 0xB8, 0xAD, 0x4E, 0x09,
    0x80, 0x02, 0x46, 0x91, 0xF2, 0x93, 0x44, 0xD5, 0x3E, 0x05, 0x8E, 0xD0, 0x41, 0x3B, 0x0F, 0x6A,
    0xA1, 0x01, 0x4E, 0xC8, 0x27, 0xE1, 0x7D, 0x80, 0x0D, 0xF0, 0xFB, 0x5F, 0xF6, 0xF0, 0xC1, 0x83,
    0x00, 0xB5, 0x7C, 0x76, 0x76, 0x13, 0x39, 0x94, 0x3D, 0x58, 0x8F, 0xFD, 0xC9, 0xEB, 0x94, 0x7F,
    0x4B, 0x18, 0x8D, 0xD0, 0x85, 0xC3, 0x89, 0x4F, 0x01, 0x6C, 0x00, 0x4C, 0x04, 0x1E, 0xFF, 0x26,
    0xDC, 0x06, 0x5D, 0x02, 0xDE, 0x00, 0xFB, 0xC3, 0x23, 0xD3, 0xC1, 0x1E, 0xAC, 0x78, 0x0C, 0x30,
    0x02, 0x9F, 0xFE, 0x69, 0x46, 0x7C, 0x37, 0x80, 0x13, 0x37, 0x83, 0xE8, 0x80, 0xDA, 0x83, 0x05,
    0xFB, 0xFD, 0xD7, 0xB1, 0x7F, 0x99, 0x11, 0x23, 0x74, 0xED, 0x91, 0x7A, 0x90, 0xBD, 0xDC, 0x83,
    0x5E, 0x27, 0x82, 0xFB, 0xD5, 0x00, 0x56, 0x01, 0x56, 0x5B, 0x6E, 0xBA, 0x07, 0x99, 0x70, 0x0F,
    0xF3, 0xE9, 0xFB, 0x14, 0x4A, 0xE0, 0x86, 0xC3, 0x31, 0xCF, 0x38, 0x83, 0x64, 0x22, 0x34, 0xEA,
    0xC1, 0xA9, 0x85, 0xF5, 0xC4, 0xED, 0xF6, 0xA0, 0x53, 0x4E, 0xB0, 0xED, 0x7D, 0x4A, 0x25, 0x8C,
    0x36, 0xD0, 0x85, 0x23, 0xF5, 0x20, 0x40, 0x3E, 0x3F, 0x9E, 0x80, 0xB4, 0x51, 0x3E, 0x7E, 0x74,
    0x26, 0x50, 0x3E, 0x14, 0xF3, 0x71, 0xE9, 0xE4, 0x0B, 0x2F, 0xCE, 0xC6, 0x4D, 0xCA, 0x07, 0x9C,
    0x51, 0xA8, 0xC7, 0x2A, 0x51, 0x6B, 0x06, 0xED, 0x7C, 0xE7, 0x5D, 0xD0, 0x6F, 0xBB, 0x20, 0x29,
    0x17, 0x20, 0x0F, 0x4D, 0x28, 0x70, 0xD2, 0xE2, 0x7F, 0xA5, 0x2D, 0x9C, 0x2E, 0xB0, 0xE0, 0xC2,
    0x45, 0x9D, 0x2E, 0x91, 0xD8, 0x2D, 0xA7, 0x1D, 0x38, 0x56, 0x13, 0xAB, 0x08, 0xAF, 0x6C, 0x76,
    0x59, 0xAD, 0x08, 0x6F, 0x47, 0x30, 0x11, 0xAA, 0x1E, 0x6A, 0x00, 0x0E, 0xB2, 0x6D, 0xFB, 0xC7,
    0x4E, 0x63, 0xA3, 0xF8, 0xB8, 0x0A, 0xAF, 0x6C, 0xCE, 0x6C, 0xEE, 0x61, 0xB5, 0x5D, 0x4C, 0xDC,
    0x5B, 0xC7, 0x83, 0x4D, 0xE5, 0xFD, 0xAB, 0xF3, 0xF3, 0xEE, 0xB5, 0xD6, 0x19, 0x4D, 0xDD, 0xE6,
    0xBD, 0x50, 0x76, 0x78, 0x5E, 0x3B, 0x3F, 0x08, 0x2E, 0x4A, 0x71, 0x5F, 0xFF, 0xFF, 0x6F, 0x97,
    0xFF, 0x2F, 0xC0, 0x5B, 0x60, 0x46, 0xBA, 0x3F, 0xF7, 0x85, 0x3E, 0xC7, 0xFC, 0x7B, 0x83, 0x6D,
    0xDF, 0x3B, 0xD8, 0xFB, 0x4F, 0x01, 0x07, 0xD8, 0x87, 0x89, 0xA2, 0xD9, 0xC2, 0x07, 0xCE, 0x33,
    0x1E, 0xD7, 0xFC, 0x6B, 0xFB, 0x7B, 0x3C, 0x4B, 0xAC, 0x1E, 0x09, 0xDC, 0x0B, 0x01, 0x55, 0x13,
    0x48, 0x61, 0x25, 0xC5, 0xF9, 0xA3, 0x5C, 0x8E, 0x26, 0xD9, 0xCF, 0x3F, 0x4C, 0x56, 0xCA, 0x15,
    0xC1, 0x8E, 0xB0, 0x4E, 0xDC, 0x35, 0xFB, 0xFB, 0xD5, 0x1A, 0x96, 0x38, 0x48, 0x20, 0xA8, 0x6C,
    0x7A, 0x52, 0xEB, 0x9D, 0x5D, 0xEC, 0xF9, 0xA2, 0xAF, 0xFA, 0xF9, 0xB2, 0x01, 0x6C, 0x84, 0x22,
    0xD2, 0x3D, 0x0B, 0x85, 0x3E, 0x3B, 0x56, 0xCA, 0x73, 0x57, 0xDF, 0xED, 0x2B, 0xEF, 0xAB, 0xDF,
    0xF5, 0xF3, 0xD5, 0xC4, 0x5A, 0xBE, 0x7A, 0x1E, 0xF2, 0x5E, 0xF2, 0x15, 0xCD, 0xDE, 0x2D, 0x60,
    0x69, 0xD0, 0x5B, 0xCC, 0x2F, 0x7E, 0x07, 0x55, 0x0F, 0x4D, 0x84, 0x65, 0x93, 0x58, 0x1F, 0x6C,
    0x18, 0x30, 0xC2, 0xAA, 0x75, 0x0F, 0xFB, 0xA7, 0x26, 0x72, 0xBC, 0xA6, 0x75, 0x79, 0xA3, 0xB7,
    0xD9, 0x6F, 0xF4, 0x8E, 0xDE, 0xCC, 0xEC, 0x48, 0x95, 0x38, 0x9D, 0x60, 0xC2, 0x6C, 0x30, 0x3D,
    0x80, 0x53, 0x68, 0x14, 0x9C, 0xDA, 0x6C, 0xE7, 0xEA, 0xA3, 0x96, 0x6F, 0x14, 0xE6, 0xA3, 0x55,
    0x7C, 0x3B, 0x9A, 0x58, 0x2F, 0xC1, 0xBA, 0xD6, 0x85, 0x2F, 0xFA, 0x7B, 0xB5, 0xEB, 0x03, 0x85,
    0xC7, 0x46, 0xEC, 0x48, 0x19, 0xC1, 0x03, 0xCE, 0x37, 0xC1, 0x85, 0x7B, 0x57, 0xDE, 0x2F, 0x93,
    0xBA, 0xD0, 0x04, 0xD7, 0x9E, 0x00, 0x00, 0x8D, 0x5A, 0x8C, 0xB4, 0xC1, 0x4A, 0x5B, 0xAA, 0x69,
    0x2D, 0x5C, 0x44, 0xF3, 0x6B, 0x9B, 0xD0, 0x85, 0x39, 0xDA, 0x16, 0xD7, 0xEB, 0x5C, 0xBA, 0x45,
    0xC2, 0x72, 0x19, 0x9A, 0xE0, 0x06, 0x14, 0xEA, 0xB4, 0x56, 0xBE, 0xC0, 0x72, 0xA9, 0x3C, 0xA3,
    0x39, 0x23, 0x0B, 0x26, 0x5D, 0x12, 0xCE, 0xA0, 0xD0, 0x40, 0x99, 0x27, 0x2F, 0xAE, 0x57, 0xE8,
    0x5A, 0x17, 0xE4, 0x5D, 0x2F, 0xEA, 0x41, 0xB9, 0xFA, 0x79, 0x45, 0x9B, 0xD9, 0xAC, 0xE4, 0xAD,
    0xB6, 0xAC, 0x34, 0xC2, 0x29, 0xB9, 0x5C, 0x0B, 0x4D, 0xC8, 0x8F, 0x27, 0xE7, 0xE3, 0x59, 0xC0,
    0x69, 0x03, 0xE0, 0x80, 0x62, 0x9A, 0x25, 0x72, 0x33, 0xA8, 0x57, 0x4E, 0xB0, 0x03, 0x68, 0x2F,
    0x7E, 0xED, 0x28, 0xD3, 0xFB, 0x50, 0xE9, 0x0C, 0x5C, 0x15, 0xE0, 0xB1, 0x09, 0x37, 0x42, 0x76,
    0x69, 0x94, 0xEC, 0x9B, 0x5C, 0x78, 0xEF, 0x60, 0xB2, 0xEF, 0x92, 0xB1, 0xC0, 0x3E, 0x9B, 0xA0,
    0x78, 0x20, 0xCE, 0xC9, 0xFA, 0x1B, 0x21, 0xFB, 0xC6, 0xCB, 0x06, 0xCD, 0x93, 0xFD, 0xA0, 0xD9,
    0x42, 0xA7, 0x7E, 0x19, 0x34, 0x93, 0x4D, 0xE5, 0xC6, 0x24, 0x3B, 0xEE, 0x9E, 0xC5, 0xD5, 0xD6,
    0xE6, 0x9A, 0xE6, 0xE1, 0xB3, 0xDE, 0xFD, 0x19, 0x69, 0x44, 0xCB, 0xAE, 0xCF, 0xC3, 0x19, 0x40,
    0x02, 0xE8, 0x00, 0x2A, 0x28, 0xD3, 0x13, 0xA8, 0xF4, 0xAD, 0x1B, 0x5F, 0xB8, 0xCB, 0x13, 0xEA,
    0x98, 0x8B, 0x47, 0xE1, 0xEF, 0x9E, 0x7F, 0xF1, 0x18, 0xE0, 0x3B, 0x77, 0x3C, 0x14, 0x5B, 0xC0,
    0xC8, 0x83, 0x7D, 0xDE, 0x43, 0x1E, 0x58, 0x07, 0x72, 0xBA, 0x2F, 0xC3, 0x59, 0x80, 0x1E, 0x61,
    0x66, 0x7F, 0xED, 0x63, 0xA8, 0x7A, 0x70, 0x63, 0x1E, 0x6E, 0x43, 0xF5, 0xC5, 0xAC, 0x7C, 0x49,
    0x56, 0x00, 0xCA, 0x09, 0xA8, 0x04, 0xB8, 0x07, 0x01, 0xD2, 0x3A, 0xDE, 0x6E, 0x0B, 0x05, 0xA0,
    0xEB, 0x29, 0x14, 0x59, 0x7F, 0x96, 0xB0, 0xA1, 0x01, 0xAE, 0xA1, 0xB5, 0x02, 0x00, 0x6E, 0x00,
    0xE8, 0xDA, 0x7D, 0x63, 0xC5, 0x44, 0x00, 0x40, 0x7E, 0xCE, 0x40, 0xAC, 0xA4, 0xCD, 0x02, 0xA1,
    0xB4, 0xC4, 0x30, 0xE6, 0x1C, 0x58, 0x82, 0x60, 0x01, 0x66, 0x61, 0x47, 0x2F, 0x68, 0x97, 0x35,
    0xBF, 0x6C, 0x39, 0x96, 0x40, 0x58, 0x12, 0xC9, 0x91, 0xE4, 0x4C, 0xF6, 0xA1, 0x9C, 0xC3, 0x83,
    0xD9, 0x02, 0x76, 0x04, 0xEA, 0x00, 0xB8, 0xC5, 0x33, 0x2E, 0x14, 0x1A, 0x1A, 0x5F, 0x6A, 0x2B,
    0x6A, 0x29, 0xE1, 0xFE, 0xA1, 0x81, 0x39, 0x07, 0xE6, 0x20, 0x98, 0x53, 0x38, 0x97, 0xD9, 0xC0,
    0xF9, 0x4A, 0x49, 0x9E, 0x39, 0x8F, 0x1C, 0xC8, 0xC5, 0xDA, 0xE7, 0x40, 0xC0, 0x46, 0xCE, 0x97,
    0x80, 0xA7, 0xB7, 0x8D, 0xBF, 0x4E, 0x40, 0x21, 0x16, 0x64, 0xA0, 0xEC, 0xAF, 0x01, 0xBF, 0x1C,
    0x01, 0xEC, 0x16, 0xE0, 0xB4, 0x03, 0xA0, 0x01, 0x58, 0x4D, 0x8B, 0x46, 0x00, 0xFC, 0xED, 0x84,
    0xD0, 0x79, 0x40, 0x3D, 0xF0, 0x28, 0x02, 0xEB, 0x78, 0xAD, 0x6F, 0x84, 0x2A, 0x44, 0xA0, 0x51,
    0x04, 0xA4, 0x1E, 0x88, 0xB5, 0xBF, 0xBD, 0xB7, 0x40, 0x91, 0x2C, 0xAC, 0x25, 0xB0, 0x9A, 0xC0,
    0xAE, 0xC6, 0xE3, 0x33, 0xDF, 0x16, 0x5B, 0x56, 0x4C, 0xBA, 0xAC, 0xFB, 0xF3, 0x70, 0x7C, 0xD4,
    0x2C, 0x2E, 0x00, 0x4D, 0xD8, 0xDF, 0xE1, 0x04, 0x10, 0x26, 0x7D, 0xE5, 0xF2, 0xE5, 0xA6, 0xE9,
    0xEB, 0xD1, 0x49, 0xD1, 0x4A, 0x61, 0xFF, 0xC5, 0xE3, 0x65, 0xFD, 0xD5, 0xF9, 0xAA, 0x6F, 0xDA,
    0x7A, 0xB8, 0xB2, 0x82, 0x1B, 0x5C, 0x68, 0x06, 0x27, 0x0D, 0xD5, 0xAE, 0xD6, 0x7A, 0x38, 0x70,
    0x97, 0x97, 0x7E, 0x91, 0xA1, 0x7B, 0x61, 0x23, 0xBA, 0x8E, 0x50, 0x07, 0xA8, 0x81, 0x63, 0xB3,
    0x34, 0x2D, 0x74, 0x2F, 0x6E, 0x78, 0x07, 0xA8, 0x00, 0x0E, 0x64, 0x02, 0x80, 0x42, 0x17, 0xAB,
    0x6E, 0x07, 0x80, 0xDA, 0x03, 0x00, 0x9D, 0xCF, 0xDE, 0xCE, 0x55, 0x69, 0xD1, 0x71, 0x51, 0xBF,
    0x9C, 0xE7, 0x2B, 0xE8, 0x4C, 0x08, 0x4D, 0x5F, 0x8D, 0x30, 0x53, 0xC2, 0xCC, 0x09, 0x0B, 0x69,
    0x66, 0x05, 0x00, 0xCC, 0xF9, 0x4F, 0xC6, 0x55, 0x0F, 0x38, 0xCC, 0x66, 0x31, 0xB9, 0xE3, 0xFD,
    0xFB, 0xB8, 0x83, 0xFA, 0x38, 0xEE, 0x44, 0x61, 0x16, 0x66, 0xC6, 0x97, 0xCA, 0x0C, 0xCE, 0x4C,
    0xCE, 0x8C, 0xCE, 0xCC, 0xCE, 0x02, 0xFF, 0x02, 0xBD, 0x99, 0x00, 0x10, 0xEC, 0x5B, 0x1A, 0xEB,
    0xE1, 0xB6, 0xF1, 0xB3, 0xA9, 0x8B, 0x79, 0xB3, 0x1E, 0xAE, 0x01, 0xBF, 0x6B, 0x01, 0x14, 0x01,
    0x7E, 0xBC, 0xA8, 0x59, 0xB4, 0xEE, 0x17, 0xE5, 0x36, 0x43, 0x70, 0x2D, 0xD0, 0x44, 0xE0, 0x7B,
    0x71, 0x6F, 0xCC, 0x0E, 0x80, 0xF5, 0xD7, 0x90, 0xC4, 0x54, 0xB6, 0x60, 0x24, 0x9F, 0xDB, 0x3C,
    0x94, 0x6F, 0x6E, 0x6E, 0x91, 0xBE, 0x98, 0xAC, 0xC7, 0x48, 0xE4, 0xCE, 0x69, 0x57, 0x9B, 0xE3,
    0x33, 0xDF, 0x16, 0x1B, 0xA7, 0x9C, 0xAF, 0x2F, 0x4D, 0xB8, 0x78, 0x7E, 0x02, 0x00, 0x1C, 0x1B,
    0xF5, 0x8A, 0x79, 0x03, 0x80, 0x02, 0xD4, 0x03, 0xAC, 0x47, 0x20, 0x01, 0x20, 0x6F, 0xA6, 0x26,
    0x98, 0xE4, 0x7A, 0xBB, 0xA9, 0xA2, 0x8D, 0x76, 0x74, 0xBD, 0x49, 0x2E, 0x98, 0x49, 0x1E, 0x09,
    0xBA, 0x04, 0x2E, 0x41, 0x1D, 0xC1, 0x5E, 0x51, 0x40, 0xA1, 0x7C, 0x5B, 0xEC, 0x00, 0x66, 0x04,
    0x40, 0x94, 0xB1, 0xF3, 0x36, 0xBA, 0x50, 0x0D, 0x2E, 0xEC, 0xB4, 0x77, 0xC1, 0xC6, 0xC6, 0x97,
    0x51, 0x98, 0x51, 0x98, 0x69, 0xA2, 0x50, 0x02, 0x6D, 0xA0, 0x8B, 0xE0, 0xE6, 0xEA, 0x33, 0x43,
    0x13, 0x28, 0x04, 0x6E, 0xAE, 0x04, 0x6E, 0x38, 0xAE, 0x5F, 0x0A, 0x9F, 0x9F, 0x57, 0x31, 0x7B,
    0x2E, 0x0E, 0xF5, 0xFB, 0x47, 0x5F, 0xA8, 0x1A, 0x9C, 0xEA, 0xE8, 0x92, 0xED, 0xDD, 0x50, 0xE4,
    0xBC, 0x5D, 0x82, 0x6F, 0x26, 0x28, 0x12, 0x94, 0x11, 0xCA, 0x70, 0xCC, 0xEC, 0x5F, 0x3E, 0x33,
    0xAD, 0xBF, 0x96, 0xFC, 0xE9, 0x4C, 0x58, 0x49, 0xC1, 0x48, 0xDE, 0x84, 0xE9, 0x98, 0x1C, 0x4B,
    0x2F, 0x30, 0x12, 0xA5, 0xB6, 0x73, 0x23, 0xB8, 0x16, 0xFF, 0xFF, 0x03, 0xAD, 0x97, 0x01, 0x84,
    0x27, 0x47, 0xF6, 0xC7, 0x3F, 0xFD, 0xEB, 0x99, 0xF4, 0xFF, 0xBF, 0xBF, 0x3B, 0xB5, 0xD8, 0x71,
    0xB2, 0xCE, 0x35, 0x1C, 0x56, 0x9C, 0xED, 0xE0, 0x10, 0x67, 0x47, 0x55, 0x2C, 0x82, 0x43, 0x06,
    0x33, 0x00, 0xC0, 0x21, 0x04, 0x39, 0x04, 0x9C, 0x24, 0xDD, 0xB9, 0x41, 0x10, 0xDC, 0x02, 0x00,
    0xB7, 0xDC, 0xE1, 0xCC, 0xE1, 0x20, 0x58, 0x64, 0xA7, 0x2A, 0x3B, 0x08, 0x82, 0xE9, 0x64, 0x01,
    0xB0, 0x7D, 0x72, 0x90, 0xE3, 0xA4, 0x2E, 0xDB, 0x27, 0x2D, 0xA9, 0xEE, 0x77, 0x55, 0xBF, 0x9E,
    0xB1, 0x9D, 0xB5, 0xB7, 0xB3, 0x17, 0xF7, 0xDE, 0x7B, 0xEF, 0x55, 0xBF, 0xEF, 0xB7, 0xAA, 0x5E,
    0x4D, 0x77, 0x8D, 0x19, 0xC8, 0x0D, 0x9D, 0xF5, 0xB7, 0xDB, 0x3F, 0x98, 0xDB, 0x3C, 0x4D, 0x93,
    0xAC, 0xF9, 0x19, 0x7A, 0xF8, 0xF1, 0xB5, 0xE2, 0x1A, 0x4F, 0x57, 0x76, 0xF6, 0xEB, 0x31, 0xE9,
    0x79, 0x3E, 0x38, 0x38, 0x40, 0x44, 0x9A, 0x33, 0x37, 0x80, 0x96, 0x69, 0x63, 0x23, 0xB3, 0x68,
    0x49, 0xF2, 0x58, 0x7A, 0x1A, 0x16, 0x8A, 0xEE, 0x7F, 0x62, 0x1F, 0xE6, 0xED, 0x0B, 0x47, 0x7F,
    0xD2, 0x32, 0xEE, 0x1C, 0xEC, 0x03, 0x71, 0x10, 0x4D, 0x39, 0xE5, 0x2A, 0xA7, 0x9B, 0xDA, 0x08,
    0x3B, 0xC4, 0x51, 0x1C, 0x6B, 0x6A, 0xEE, 0xB2, 0x8F, 0x6A, 0xCB, 0x0D, 0xA6, 0xD1, 0x5C, 0xC1,
    0x46, 0xD5, 0x46, 0x37, 0x65, 0x9C, 0x91, 0x19, 0xE5, 0x82, 0xBA, 0x37, 0x54, 0x27, 0xBD, 0x7E,
    0xCF, 0xD7, 0xAF, 0x7A, 0x51, 0x7E, 0x67, 0xDB, 0x54, 0x27, 0x41, 0x9F, 0x0C, 0xB1, 0xA2, 0xD7,
    0xBE, 0x56, 0xDD, 0x5D, 0xE5, 0xF6, 0xB7, 0x8D, 0xFA, 0x6B, 0x28, 0x3F, 0x0B, 0x09, 0x8A, 0xE4,
    0x9B, 0x5E, 0x17, 0xDD, 0x95, 0xCC, 0x58, 0xD5, 0x59, 0xE5, 0xF5, 0x2B, 0x5E, 0x1F, 0xF6, 0xE5,
    0xC9, 0x10, 0x57, 0xCB, 0xCC, 0x7E, 0x16, 0x88, 0x46, 0xB4, 0x21, 0xDA, 0x65, 0x2B, 0x43, 0xB4,
    0xDF, 0x4C, 0x1F, 0x30, 0x70, 0x66, 0xE1, 0x91, 0x65, 0xE7, 0xB6, 0x0A, 0xB0, 0xB0, 0xE3, 0x69,
    0x10, 0x09, 0xD1, 0xF8, 0x6E, 0x7D, 0x2E, 0x46, 0x74, 0x59, 0x2C, 0x7D, 0x1D, 0xE4, 0x4C, 0xF5,
    0xA0, 0xDA, 0x5B, 0x9B, 0xBA, 0x34, 0x48, 0x8F, 0x08, 0x12, 0x90, 0x96, 0x09, 0x3C, 0x49, 0xDE,
    0x41, 0x8C, 0x34, 0x96, 0x2B, 0x68, 0xEE, 0x62, 0x1B, 0x41, 0x3E, 0x12, 0x6A, 0x23, 0x6C, 0x6D,
    0x6A, 0x61, 0xD5, 0xDB, 0xDF, 0x4A, 0x11, 0xE4, 0x5E, 0x0C, 0xF5, 0xCB, 0x53, 0x3E, 0x6C, 0x71,
    0x99, 0x3D, 0x9D, 0xA8, 0xAE, 0x36, 0x5B, 0x80, 0xED, 0x6F, 0x73, 0x91, 0x26, 0xA9, 0x07, 0xAE,
    0x5D, 0xA8, 0x1C, 0xEC, 0x89, 0x3F, 0x57, 0xC5, 0xA5, 0xA7, 0xE8, 0xCC, 0x75, 0x24, 0x7D, 0x36,
    0x2E, 0x2F, 0x26, 0xBD, 0x98, 0x7B, 0x2E, 0xC5, 0xC8, 0xBA, 0x05, 0x4A, 0x31, 0xCA, 0x01, 0xDA,
    0x3A, 0x6D, 0x52, 0x56, 0x4E, 0x03, 0xD4, 0xAA, 0x1D, 0xE7, 0xFC, 0x69, 0x98, 0xF3, 0x7D, 0xCF,
    0x06, 0xFF, 0xE4, 0xAB, 0x89, 0xDA, 0xE9, 0xBF, 0x9C, 0x9E, 0xCA, 0x47, 0xE2, 0x4B, 0x79, 0xE3,
    0xF7, 0x5F, 0xDE, 0x97, 0x50, 0x8C, 0xBA, 0x7A, 0xFF, 0x73, 0x1F, 0x60, 0xD2, 0xAF, 0x7C, 0x9D,
    0x72, 0xD0, 0x37, 0xBF, 0xF6, 0x23, 0x79, 0x9F, 0x9E, 0x47, 0x0A, 0x5F, 0xBD, 0xF7, 0x30, 0xD6,
    0x95, 0x2B, 0x1F, 0xDC, 0xFF, 0x26, 0x50, 0x3A, 0x15, 0xE7, 0xF7, 0x68, 0x72, 0xA1, 0xEE, 0x00,
    0x2E, 0xB3, 0xC5, 0x63, 0x2D, 0xA6, 0xFA, 0xA2, 0x4B, 0x40, 0x8B, 0xAB, 0x1A, 0x60, 0xD1, 0xEB,
    0xA2, 0xDD, 0x45, 0xC7, 0x73, 0xD3, 0x3D, 0xE7, 0xDC, 0x8F, 0x63, 0xDF, 0xBA, 0x5D, 0x0F, 0x68,
    0x7B, 0xFA, 0x89, 0x38, 0xE9, 0x2B, 0x21, 0x76, 0xFF, 0x3B, 0x89, 0xDD, 0x6B, 0x31, 0xE9, 0x00,
    0x1F, 0x3F, 0xF4, 0xA3, 0x2D, 0x1D, 0x1C, 0xEB, 0xC3, 0x87, 0x7E, 0x9A, 0x94, 0x83, 0x90, 0x86,
    0xC7, 0x69, 0x98, 0xF7, 0xE7, 0xD5, 0xB3, 0xC3, 0x8C, 0xC7, 0x91, 0xAB, 0x5A, 0xF5, 0xE0, 0xF3,
    0x31, 0xE8, 0xBA, 0xD9, 0x1C, 0xC9, 0xC9, 0xA0, 0x85, 0xCD, 0xA9, 0x4C, 0xDD, 0xA9, 0x91, 0xF9,
    0x60, 0x19, 0x18, 0xF2, 0xA1, 0xF0, 0xE9, 0x92, 0x6A, 0xDE, 0xE6, 0x4E, 0x7C, 0xAA, 0x29, 0xFC,
    0x44, 0x6A, 0xB7, 0x3C, 0xF1, 0xE8, 0xA2, 0xE3, 0x6D, 0xE5, 0xB8, 0xA3, 0x48, 0x98, 0xEA, 0x22,
    0x58, 0xBA, 0x88, 0x6A, 0x13, 0xE1, 0x3A, 0xE1, 0x21, 0x12, 0x3E, 0xEA, 0x23, 0x63, 0xD5, 0x61,
    0x89, 0x75, 0xB7, 0x6E, 0x73, 0x9F, 0xC5, 0x8A, 0x55, 0x2D, 0xF1, 0x7A, 0x12, 0x2F, 0x27, 0xEB,
    0x36, 0x90, 0xFB, 0x77, 0xC8, 0x7A, 0x4D, 0xE4, 0x62, 0xD3, 0x0E, 0x11, 0x9C, 0x12, 0xAA, 0x13,
    0x5C, 0x35, 0x11, 0x57, 0x2E, 0x12, 0x8A, 0x6E, 0x5E, 0x0D, 0xF0, 0xAC, 0x7A, 0xF2, 0xC0, 0x7A,
    0x42, 0x29, 0x4A, 0xD5, 0xEC, 0xE6, 0xEE, 0xAD, 0xBC, 0xE3, 0x32, 0x1C, 0x93, 0x49, 0x82, 0x94,
    0x47, 0xB7, 0x68, 0x97, 0x06, 0x45, 0x60, 0x35, 0x81, 0xC0, 0xCF, 0x59, 0x41, 0xD5, 0x24, 0x48,
    0xF9, 0x48, 0x4B, 0x64, 0x84, 0x7C, 0x64, 0x3D, 0x50, 0xFA, 0xC4, 0x2F, 0x98, 0xE5, 0xFF, 0x08,
    0x34, 0x55, 0x36, 0xAD, 0xBC, 0x76, 0xD3, 0xBA, 0x57, 0xFE, 0x4E, 0xD5, 0xE6, 0x01, 0x6B, 0x90,
    0x48, 0x47, 0x9F, 0xF6, 0xEC, 0x2A, 0x69, 0x7B, 0xC9, 0xE5, 0x66, 0x88, 0x21, 0x0F, 0xB5, 0x92,
    0x7B, 0x03, 0xD5, 0x03, 0x0F, 0xF6, 0x66, 0x60, 0x35, 0x22, 0xAC, 0xFB, 0xCB, 0xDA, 0x55, 0xED,
    0xA8, 0xBC, 0x8E, 0xB7, 0xD6, 0xFF, 0x90, 0x91, 0x16, 0x5E, 0x83, 0x78, 0x9D, 0xED, 0x3D, 0xB1,
    0xEF, 0x26, 0xAB, 0xDF, 0x9D, 0x92, 0x99, 0x64, 0xDA, 0x8C, 0x9A, 0x33, 0xDB, 0xE1, 0x0A, 0xA0,
    0x09, 0x91, 0x2C, 0xF7, 0x24, 0xDE, 0xFB, 0x74, 0xEB, 0xA1, 0x14, 0x27, 0xD2, 0x5B, 0x09, 0xFA,
    0x9F, 0x63, 0xEE, 0xA3, 0x85, 0xFC, 0x61, 0xC8, 0xC5, 0xE7, 0xE2, 0xF2, 0x89, 0x3C, 0x24, 0x9B,
    0x25, 0x1B, 0x36, 0x8F, 0x63, 0x8A, 0xEC, 0xF1, 0xC2, 0xD1, 0xD1, 0x2D, 0x2D, 0xE2, 0x93, 0x03,
    0xFC, 0x1A, 0x5E, 0xBA, 0x01, 0x5E, 0x99, 0xA2, 0xCD, 0x45, 0x0C, 0xF5, 0x00, 0x55, 0x4F, 0x1C,
    0xA3, 0x9A, 0xB5, 0x4B, 0xD8, 0x9B, 0x91, 0x73, 0x19, 0xA2, 0x01, 0x9E, 0xBC, 0x25, 0x77, 0xAC,
    0x1B, 0x14, 0x5C, 0x87, 0xC8, 0xB8, 0x03, 0x9E, 0x6C, 0xF3, 0x3E, 0x8A, 0x7F, 0xCC, 0xEF, 0xC3,
    0x6C, 0xDE, 0x47, 0x0B, 0x4C, 0x6C, 0xE4, 0xEE, 0x32, 0xDD, 0x7E, 0xEB, 0x2A, 0x80, 0x88, 0x2C,
    0xD2, 0xEB, 0xF2, 0x05, 0x40, 0x2E, 0x0D, 0xC0, 0x5A, 0x5A, 0x80, 0xF2, 0x63, 0xBF, 0x49, 0x27,
    0x29, 0xD9, 0xEC, 0x65, 0x13, 0xE0, 0x1D, 0xE0, 0x3C, 0xF1, 0xAB, 0xDD, 0x4B, 0xB4, 0xE1, 0x79,
    0x11, 0x41, 0x64, 0x8A, 0x29, 0x8B, 0xE9, 0x75, 0xF9, 0x3B, 0x7F, 0x96, 0x2F, 0x56, 0xE2, 0xC8,
    0xC5, 0x14, 0xD2, 0xA1, 0xBE, 0x74, 0xEA, 0xF3, 0x9E, 0xEA, 0xD4, 0xAB, 0x93, 0x98, 0x0E, 0x7D,
    0x66, 0x1A, 0x56, 0x2B, 0x76, 0xF6, 0x25, 0x24, 0x05, 0xE5, 0x40, 0x1B, 0xA8, 0x81, 0x11, 0xB2,
    0x00, 0xB9, 0x87, 0x75, 0x37, 0x43, 0x55, 0x03, 0x7A, 0x01, 0xF5, 0x50, 0xF8, 0xEF, 0x42, 0xC7,
    0x40, 0x3D, 0xD4, 0x21, 0x3A, 0x0B, 0xDD, 0xAB, 0x43, 0xD4, 0xFD, 0x65, 0x2D, 0xB1, 0x12, 0xCF,
    0x0E, 0xF5, 0x90, 0x2F, 0xF4, 0x47, 0xB1, 0x62, 0x63, 0x5C, 0xD6, 0x66, 0x16, 0x1B, 0x29, 0xA5,
    0x9D, 0xDF, 0x7C, 0xB4, 0x5A, 0x82, 0x95, 0xB0, 0x9B, 0x8F, 0xBB, 0x79, 0x80, 0x89, 0xD5, 0x48,
    0x36, 0xB2, 0x0A, 0x14, 0x1B, 0xAB, 0x7A, 0x2A, 0x8F, 0x6D, 0x11, 0x87, 0x90, 0x49, 0x42, 0x22,
    0x71, 0x35, 0x6C, 0x5A, 0xDF, 0x8B, 0xF6, 0xE8, 0x03, 0xC9, 0xFA, 0xF9, 0x03, 0x99, 0xE3, 0x6C,
    0x4B, 0x4E, 0xDC, 0xB6, 0xEA, 0x44, 0x7A, 0xDD, 0xC5, 0x4D, 0xAB, 0x2E, 0xEE, 0x59, 0x75, 0x30,
    0x55, 0x2D, 0xD9, 0x18, 0x43, 0x11, 0xCA, 0x36, 0xEE, 0x17, 0x83, 0x6D, 0x4B, 0x87, 0x50, 0xBA,
    0x55, 0x40, 0xB9, 0xD5, 0x10, 0x03, 0x7B, 0x6C, 0x9B, 0xF3, 0x8D, 0x94, 0xCB, 0x47, 0x74, 0x37,
    0x87, 0x40, 0xD9, 0x46, 0x34, 0x63, 0x23, 0xB6, 0xB1, 0x23, 0xF6, 0x13, 0x91, 0xC6, 0xBE, 0x27,
    0xD2, 0xDA, 0xC3, 0xB8, 0x65, 0xDD, 0xA0, 0x52, 0x28, 0xBB, 0xDA, 0xA0, 0x5D, 0x6D, 0x32, 0x31,
    0xDA, 0x14, 0x23, 0x1A, 0xE5, 0xD1, 0x94, 0x6E, 0x0E, 0x3B, 0x6C, 0x33, 0x4B, 0x04, 0x1A, 0x6C,
    0xA3, 0xD3, 0xB1, 0x75, 0x47, 0x6D, 0x2A, 0xC7, 0x16, 0x19, 0x88, 0x48, 0x72, 0x93, 0x32, 0x4C,
    0x8F, 0x5E, 0xA2, 0xF2, 0xA4, 0x3E, 0xD0, 0x0E, 0xEC, 0x0C, 0xE5, 0x01, 0x8A, 0x33, 0x48, 0xCB,
    0x18, 0x5D, 0x9A, 0xDD, 0x5A, 0xDC, 0x0D, 0x2D, 0x5D, 0x74, 0xFF, 0x04, 0x6F, 0xA3, 0x27, 0x9C,
    0x1B, 0xBB, 0xB7, 0xB8, 0x71, 0x83, 0x0B, 0x3D, 0x49, 0x66, 0xC5, 0x29, 0x91, 0x56, 0x47, 0xAF,
    0xE5, 0x7E, 0x6B, 0xA3, 0xCB, 0xC2, 0xD3, 0x73, 0xAA, 0x6B, 0xF9, 0xB6, 0x2D, 0x23, 0x67, 0x25,
    0xE2, 0xAC, 0x74, 0x88, 0x8C, 0xD1, 0x05, 0x1F, 0x9F, 0xFF, 0x93, 0x4F, 0x9B, 0xB3, 0x4E, 0x88,
    0xF4, 0xA0, 0xCD, 0x99, 0xC3, 0x4B, 0xD5, 0x73, 0x46, 0x47, 0x3C, 0xF9, 0x55, 0xF9, 0xC6, 0x20,
    0x2D, 0xF9, 0xB7, 0x9E, 0xE2, 0xAB, 0x40, 0xE1, 0x03, 0x34, 0x7B, 0x68, 0xAC, 0xB3, 0xF3, 0xDF,
    0x14, 0x0B, 0xA9, 0xD1, 0x46, 0x37, 0x95, 0x53, 0x51, 0x33, 0xF3, 0x94, 0xDF, 0x11, 0xDF, 0x5B,
    0x9E, 0xF8, 0xBB, 0xE8, 0xBF, 0xEC, 0x1D, 0xF8, 0x3E, 0x73, 0x6C, 0xDE, 0xCB, 0x4D, 0x2F, 0xBF,
    0xEC, 0x6A, 0xE5, 0x28, 0x5D, 0x9A, 0xAD, 0xE1, 0x18, 0xC2, 0xE6, 0xDE, 0x44, 0xBE, 0x47, 0xB5,
    0x44, 0xB0, 0x3A, 0xEC, 0xB4, 0xEA, 0x6B, 0x35, 0x8C, 0xB1, 0x84, 0xE1, 0x00, 0x40, 0x89, 0xC4,
    0xD7, 0xAE, 0x25, 0x4A, 0x18, 0xB7, 0xAD, 0x88, 0xF7, 0xF0, 0x86, 0x18, 0xAE, 0xDE, 0x22, 0x93,
    0x89, 0xF5, 0xDF, 0xDE, 0x70, 0xD7, 0xC9, 0xFC, 0x4B, 0xF0, 0xE6, 0x8B, 0xF0, 0x53, 0x2E, 0x41,
    0xA6, 0xB6, 0x50, 0xAF, 0x96, 0xA8, 0x07, 0x35, 0xB9, 0x04, 0x76, 0xE4, 0x5F, 0xA6, 0x16, 0x69,
    0x93, 0x67, 0xD2, 0x53, 0xC8, 0x88, 0x3A, 0xD5, 0xE4, 0xEA, 0x07, 0xA0, 0x00, 0xAE, 0x00, 0x02,
    0x99, 0xCC, 0x99, 0x6B, 0x2C, 0x45, 0x03, 0xD6, 0xCD, 0xAE, 0x0D, 0x4B, 0x79, 0xC2, 0xDC, 0xD7,
    0xC8, 0x07, 0x5B, 0x9E, 0xF4, 0x85, 0x1F, 0xF5, 0xFB, 0x5E, 0x7D, 0x36, 0xC4, 0x83, 0x97, 0x27,
    0x3E, 0x54, 0x8D, 0x5E, 0x7F, 0x3A, 0x68, 0xDE, 0x56, 0x87, 0xFE, 0x43, 0xEE, 0x94, 0xB9, 0xFB,
    0xE0, 0x6C, 0x36, 0xC2, 0xD9, 0x7C, 0x84, 0xE5, 0xEE, 0xCB, 0x0E, 0xB2, 0xC1, 0x3A, 0xF2, 0x71,
    0x13, 0xB4, 0x21, 0x0B, 0x3C, 0x26, 0x4F, 0x5C, 0xEA, 0x35, 0xD8, 0x06, 0xF6, 0xEA, 0x86, 0x3C,
    0xA4, 0xB9, 0x53, 0x1A, 0x8D, 0xCF, 0x03, 0x7F, 0xE4, 0x71, 0xB9, 0x0B, 0xF0, 0x68, 0xEE, 0xC4,
    0xE3, 0xB2, 0xB5, 0x59, 0xCA, 0xB0, 0x9A, 0x97, 0xB2, 0x69, 0xA9, 0xEB, 0xC0, 0x07, 0xA0, 0x4D,
    0xFA, 0xB2, 0x35, 0x4F, 0x90, 0xE5, 0x57, 0x5F, 0x34, 0x50, 0x7A, 0xA8, 0xA2, 0x97, 0x1D, 0x3C,
    0x67, 0x58, 0x4A, 0xC5, 0xCA, 0x5B, 0x57, 0x84, 0xE4, 0x75, 0x93, 0x87, 0xFF, 0x87, 0x5B, 0x2C,
    0x65, 0xED, 0x1E, 0xCD, 0x57, 0x1D, 0x64, 0xF3, 0xAC, 0x24, 0x1A, 0xC8, 0x7B, 0x9D, 0x0F, 0xAC,
    0x83, 0x2E, 0xC2, 0x59, 0xCC, 0xBD, 0xCE, 0xFB, 0x33, 0x74, 0x8E, 0x3B, 0x07, 0xF5, 0xC1, 0x01,
    0x5A, 0xA2, 0x34, 0x73, 0x7C, 0xE1, 0xC8, 0x1E, 0x1D, 0x99, 0x25, 0x27, 0xCE, 0x5A, 0xF5, 0x2C,
    0xD7, 0x29, 0x36, 0x2B, 0x63, 0x34, 0x66, 0xE6, 0x9C, 0x9F, 0xD8, 0x9C, 0xFF, 0x68, 0x74, 0xB3,
    0xFC, 0x09, 0x5C, 0xC7, 0x3A, 0x71, 0x75, 0xF3, 0x3C, 0xDB, 0xD4, 0xCD, 0x3C, 0xDA, 0xA2, 0x4E,
    0x9C, 0xE6, 0x2A, 0xE7, 0xA3, 0x9F, 0xA4, 0x91, 0x49, 0xA3, 0xEB, 0x9B, 0xBF, 0xDE, 0x2F, 0x91,
    0xF4, 0x19, 0xFF, 0x2B, 0x78, 0x31, 0xE9, 0xB3, 0x70, 0x6D, 0xA7, 0x5D, 0xD5, 0x44, 0xDE, 0x05,
    0x0A, 0xC4, 0xA8, 0xA8, 0x1A, 0xED, 0x2E, 0x5E, 0x17, 0x14, 0xBF, 0x70, 0xDE, 0x6B, 0x77, 0xD1,
    0xCA, 0xB0, 0xCF, 0xC4, 0xB3, 0x9E, 0xED, 0xDF, 0xEC, 0x52, 0x2D, 0x6C, 0x14, 0x41, 0x14, 0xFE,
    0x96, 0x25, 0xB7, 0x49, 0x4F, 0x3C, 0xD3, 0x33, 0x98, 0xF1, 0x84, 0x64, 0x7C, 0x42, 0xF7, 0x4D,
    0x42, 0x82, 0xAE, 0x41, 0x17, 0xB1, 0x02, 0x57, 0x53, 0xD9, 0xBB, 0x99, 0xE0, 0x45, 0xBD, 0xAE,
    0x01, 0x8D, 0x40, 0x94, 0xEE, 0x24, 0xF8, 0xE4, 0xBC, 0xE1, 0x0C, 0xFE, 0x44, 0x53, 0x56, 0xBC,
    0xDD, 0xC7, 0x9B, 0xE3, 0xC2, 0x15, 0x12, 0x12, 0x82, 0x66, 0xDE, 0x37, 0x97, 0xF7, 0x7F, 0xF3,
    0xBD, 0xB7, 0xD5, 0x29, 0x68, 0x04, 0x2B, 0x38, 0xE6, 0xE8, 0x72, 0x4F, 0x7B, 0x44, 0x9F, 0x59,
    0x93, 0x53, 0x34, 0x03, 0x2E, 0xE4, 0xA2, 0x93, 0x1F, 0x67, 0x00, 0x00, 0x45, 0xA5, 0xA8, 0x15,
    0xD4, 0xC3, 0x31, 0x4E, 0x18, 0xB7, 0x7D, 0x52, 0x5D, 0xF7, 0x9A, 0xC1, 0x40, 0x0B, 0xA0, 0x97,
    0x5E, 0x04, 0x63, 0xD0, 0x21, 0x4E, 0x60, 0xF0, 0xD7, 0x49, 0xA5, 0xDF, 0x60, 0x81, 0x46, 0xE1,
    0x14, 0x1C, 0xC0, 0xC7, 0x88, 0x0A, 0x2B, 0xF9, 0x44, 0x79, 0x49, 0x99, 0xCF, 0xB3, 0xD3, 0xD0,
    0x08, 0x00, 0xF3, 0x67, 0x03, 0x5C, 0xE9, 0x56, 0x30, 0x02, 0x82, 0xFA, 0x0E, 0xF5, 0x16, 0xB4,
    0x01, 0x65, 0xD8, 0x9B, 0x4B, 0x13, 0x4D, 0x2D, 0x25, 0xF6, 0xC1, 0x4D, 0xC5, 0x8C, 0xE7, 0xD6,
    0xAA, 0x50, 0x60, 0x0D, 0x73, 0xD9, 0xE5, 0x8C, 0x30, 0x7D, 0x45, 0x3F, 0xFD, 0x99, 0xBE, 0x58,
    0xDB, 0xB4, 0xB0, 0xDA, 0x11, 0x7E, 0x83, 0x6A, 0x8D, 0x47, 0x9B, 0x02, 0xD6, 0x82, 0xA2, 0x17,
    0xE7, 0xDE, 0x5C, 0xBC, 0x2A, 0xBF, 0x4F, 0xDF, 0x1F, 0x94, 0x26, 0x51, 0xF0, 0x68, 0xF1, 0x1C,
    0x97, 0xB8, 0x31, 0xB9, 0x34, 0x39, 0x31, 0xDB, 0x81, 0x52, 0x15, 0x3E, 0x98, 0x9F, 0x8B, 0x1E,
    0x28, 0xED, 0x25, 0x10, 0x4A, 0xFE, 0x0D, 0x4E, 0xF1, 0xFA, 0x1A, 0xAA, 0xD0, 0x18, 0x84, 0xD2,
    0x43, 0x0C, 0x14, 0xFE, 0x66, 0x05, 0x40, 0x25, 0x73, 0x61, 0x69, 0xE5, 0xB1, 0xE0, 0x20, 0x1F,
    0xAD, 0xD6, 0xEF, 0x6A, 0x9F, 0x95, 0x99, 0x02, 0xD1, 0xF2, 0xD0, 0x6C, 0xE1, 0x32, 0xA2, 0xA6,
    0xDD, 0x24, 0x43, 0xC9, 0x99, 0xCA, 0x28, 0x8E, 0x7D, 0x82, 0x47, 0x33, 0x62, 0x3E, 0x01, 0xE7,
    0x09, 0x94, 0x57, 0xBD, 0x25, 0xC0, 0x0D, 0xF8, 0xBF, 0xD6, 0x7F, 0x5B, 0xEB, 0x7C, 0x04, 0x69,
    0x00, 0xA5, 0x99, 0x96, 0x97, 0x18, 0xE5, 0x95, 0x2F, 0xCA, 0xD1, 0xDB, 0xD0, 0x8C, 0x30, 0xEE,
    0x3C, 0x2F, 0xA6, 0x11, 0x6F, 0x01, 0x7E, 0x19, 0x48, 0x53, 0xF5, 0x0E, 0xBB, 0x50, 0xB2, 0xD0,
    0x49, 0xBD, 0x5E, 0xD6, 0xEB, 0xB6, 0x59, 0xF3, 0x59, 0xB6, 0x3E, 0xD5, 0x35, 0x6E, 0x28, 0x1B,
    0x77, 0x9A, 0x60, 0x64, 0xEB, 0x01, 0x64, 0x8C, 0x18, 0x46, 0xF6, 0xCD, 0x2C, 0x79, 0x01, 0x2B,
    0x40, 0x79, 0x71, 0x56, 0x1A, 0x2E, 0xCF, 0x72, 0xEB, 0x92, 0x33, 0x82, 0xD7, 0x10, 0xEC, 0x31,
    0x8D, 0x50, 0x85, 0xB8, 0xDF, 0x3F, 0xB3, 0xEE, 0xE8, 0x90, 0x23, 0x2E, 0x49, 0xC4, 0x28, 0xD0,
    0xAD, 0xA1, 0x28, 0xB2, 0x82, 0xF8, 0xD0, 0xCD, 0x82, 0x1C, 0x4E, 0xF7, 0x4D, 0x62, 0x52, 0xDB,
    0xBF, 0xF8, 0xCF, 0x5B, 0x71, 0x2F, 0xEC, 0xD6, 0xBF, 0xDC, 0xEE, 0xA8, 0xBA, 0xBA, 0xFF, 0xF3,
    0xDF, 0xDD, 0xCB, 0x2E, 0xE4, 0x0F, 0xA1, 0x29, 0x42, 0x27, 0x8C, 0x0F, 0x5E, 0xEB, 0x84, 0x65,
    0x09, 0xDE, 0x90, 0xE0, 0xB6, 0x5B, 0x45, 0x79, 0x72, 0x35, 0x03, 0x81, 0xEF, 0x74, 0xF0, 0xF8,
    0x3E, 0x28, 0x9C, 0xC2, 0xFF, 0x83, 0x69, 0x01, 0x00, 0x8D, 0x96, 0x01, 0xA4, 0x1D, 0xD9, 0x19,
    0xC7, 0xFF, 0xF7, 0x4E, 0x92, 0xD1, 0x0E, 0x4E, 0xD0, 0xA5, 0x5A, 0x7A, 0x00, 0x14, 0x35, 0x00,
    0x90, 0xE6, 0x9B, 0xA8, 0x42, 0x83, 0x3C, 0x48, 0x61, 0x11, 0x00, 0x20, 0xAF, 0x00, 0xB0, 0x66,
    0x92, 0x50, 0x58, 0xBC, 0x47, 0x01, 0x45, 0x03, 0x58, 0x81, 0x14, 0x28, 0xD5, 0xDD, 0x73, 0xDE,
    0x5E, 0x76, 0x11, 0xBC, 0xA9, 0x5A, 0x41, 0x69, 0x66, 0x77, 0xB3, 0x0A, 0x78, 0x27, 0xFB, 0xE6,
    0xE9, 0xEC, 0xCB, 0x99, 0xF9, 0xF7, 0x3B, 0xE7, 0xBE, 0x5C, 0x79, 0x0D, 0xBA, 0x9F, 0xF9, 0xFD,
    0xCE, 0xF9, 0xBE, 0xEF, 0x1C, 0x73, 0xCF, 0xF5, 0x66, 0xEE, 0x83, 0xC6, 0x9A, 0x01, 0x46, 0xA9,
    0x15, 0xF1, 0x40, 0xDB, 0x01, 0xEE, 0xDA, 0x93, 0x43, 0xA7, 0xC5, 0x44, 0x7B, 0xE7, 0xFC, 0x50,
    0x8E, 0xB5, 0x47, 0xF6, 0x86, 0x1C, 0xD6, 0x0A, 0x4C, 0xC0, 0x16, 0x86, 0x1D, 0x78, 0x35, 0x00,
    0xDF, 0xF6, 0xA8, 0x19, 0x56, 0xE4, 0x54, 0x92, 0xC1, 0xF0, 0xF3, 0x50, 0x9F, 0x3E, 0x6B, 0xE4,
    0xF3, 0x03, 0xC8, 0xB3, 0x3B, 0x90, 0x63, 0xA3, 0xFC, 0x4C, 0xF9, 0x05, 0xE4, 0x5F, 0x37, 0x20,
    0xF3, 0x0D, 0xD8, 0x78, 0xE3, 0xBA, 0x21, 0x43, 0xA1, 0xC0, 0x71, 0xC0, 0x5F, 0xBF, 0x03, 0x42,
    0x00, 0x1E, 0x1F, 0x22, 0x47, 0xCD, 0x0E, 0xE4, 0xA0, 0x7D, 0x6F, 0xE6, 0xB5, 0xB7, 0x01, 0x90,
    0x5E, 0xF1, 0xCA, 0xE6, 0xEB, 0x20, 0x1B, 0x0E, 0x4A, 0x2F, 0x9B, 0x59, 0xF3, 0xA8, 0x4C, 0xA8,
    0x4F, 0x27, 0x98, 0xD7, 0x53, 0x57, 0x91, 0x7D, 0xA1, 0xA0, 0xA5, 0xC7, 0x6A, 0x0F, 0x86, 0xF4,
    0x3B, 0xCE, 0xEE, 0x36, 0xE9, 0x08, 0x3B, 0xC8, 0x46, 0xE9, 0x32, 0xE7, 0x4F, 0x72, 0x6F, 0xFF,
    0xFC, 0x10, 0xF9, 0x63, 0x29, 0x6F, 0xAF, 0xCD, 0xE1, 0x16, 0x14, 0x24, 0x4A, 0xC5, 0x8C, 0x3F,
    0xD8, 0xF5, 0xC8, 0xA0, 0x8C, 0x78, 0x7A, 0xFE, 0xF8, 0x22, 0x1F, 0x33, 0xB9, 0x3F, 0x00, 0xAD,
    0x07, 0x48, 0xFA, 0x37, 0x00, 0x30, 0x8D, 0x0A, 0x75, 0x12, 0x04, 0xB8, 0x59, 0x45, 0x37, 0x43,
    0xDA, 0xD4, 0x15, 0x66, 0x8F, 0x6E, 0x6A, 0x07, 0xF1, 0x32, 0xD8, 0xA0, 0xEE, 0xB3, 0xBD, 0xF9,
    0x1F, 0xBB, 0x6C, 0x26, 0x7F, 0x9A, 0xBD, 0xC9, 0x7E, 0x96, 0x0C, 0xE3, 0xA1, 0x61, 0xB1, 0xBB,
    0x93, 0x0D, 0xA6, 0x53, 0xBC, 0x1D, 0x95, 0x78, 0xC1, 0xC7, 0xC6, 0x3B, 0x32, 0x50, 0xA9, 0xFF,
    0x74, 0xCF, 0xDB, 0x83, 0x03, 0xCF, 0x8B, 0xDC, 0x3E, 0x3A, 0xF1, 0xF6, 0x11, 0xBD, 0x7D, 0xA8,
    0x74, 0x6F, 0x70, 0x5E, 0xD8, 0x01, 0x10, 0x8E, 0xD9, 0x73, 0xF2, 0x73, 0x26, 0x77, 0x5C, 0x35,
    0xC9, 0xA5, 0x4F, 0x36, 0x5B, 0x7F, 0x01, 0x39, 0xA1, 0x63, 0xA3, 0x2B, 0x99, 0x1C, 0xF6, 0xB5,
    0xB2, 0x34, 0x75, 0xEA, 0xE2, 0x5D, 0xDB, 0xD7, 0x8D, 0xDA, 0x30, 0xB9, 0x64, 0x03, 0x8D, 0xEB,
    0x78, 0x73, 0xC7, 0x90, 0x1D, 0x93, 0xFF, 0x98, 0xFD, 0x70, 0xAE, 0x16, 0xC8, 0x83, 0x59, 0xE8,
    0xE5, 0x61, 0x6C, 0xD9, 0xC9, 0xA3, 0xE8, 0xD6, 0x10, 0x4E, 0x0E, 0xEA, 0xA1, 0x1D, 0x90, 0x5A,
    0x33, 0xE4, 0x69, 0x5F, 0xB1, 0x91, 0x83, 0x00, 0x4D, 0x3F, 0x1C, 0x21, 0x5E, 0x57, 0x36, 0x36,
    0xF9, 0x13, 0x3D, 0xD1, 0x03, 0x3A, 0xDD, 0xDB, 0xD1, 0x2D, 0xD0, 0xD0, 0x53, 0x7C, 0xB2, 0x8E,
    0x45, 0x68, 0x8B, 0x58, 0x06, 0x29, 0xE6, 0x72, 0x90, 0x62, 0xA9, 0x92, 0x4C, 0x2F, 0xE5, 0x89,
    0xF1, 0xF5, 0xED, 0x17, 0xAA, 0x03, 0x15, 0x35, 0x42, 0xD2, 0x68, 0x8E, 0xEF, 0x3C, 0x6D, 0xCC,
    0x0B, 0x73, 0x82, 0xEA, 0xA4, 0x22, 0x4A, 0x96, 0x44, 0xC1, 0x42, 0xB5, 0x14, 0x0B, 0x8A, 0xB9,
    0x98, 0x51, 0xC4, 0x22, 0x82, 0x1C, 0x57, 0x91, 0xE4, 0x3A, 0xE9, 0xD3, 0xB8, 0x40, 0x54, 0xEF,
    0x99, 0xAF, 0xE2, 0x22, 0x07, 0xDF, 0x7E, 0x3F, 0xFD, 0xFE, 0x0F, 0xAA, 0xAE, 0x1A, 0x17, 0x21,
    0x43, 0x92, 0x57, 0x2D, 0x00, 0xC4, 0x67, 0x84, 0x31, 0xF3, 0x13, 0xF7, 0x32, 0xE5, 0x25, 0xC5,
    0x5B, 0xD2, 0x8B, 0xE2, 0x7A, 0x7A, 0x9D, 0x79, 0x76, 0x4A, 0x93, 0x49, 0xB9, 0xD6, 0xDB, 0xDC,
    0xAF, 0x95, 0x8A, 0xD6, 0x63, 0x0F, 0x39, 0x0C, 0xD9, 0x24, 0x50, 0xB2, 0x87, 0x30, 0x6C, 0x9F,
    0xCB, 0x5B, 0xBE, 0x88, 0x40, 0x39, 0x22, 0xDF, 0xA6, 0x55, 0xEA, 0xF3, 0x8F, 0x60, 0x02, 0x74,
    0x3E, 0x66, 0x2A, 0xED, 0x15, 0x51, 0x21, 0xF6, 0xD2, 0x1E, 0xB4, 0x8A, 0x61, 0x0F, 0xFC, 0x08,
    0x66, 0x30, 0xC1, 0x0E, 0xF5, 0x60, 0x07, 0xF1, 0x76, 0x70, 0x8D, 0x1D, 0x16, 0xD8, 0xAF, 0x23,
    0xEC, 0xBF, 0x47, 0xD8, 0x93, 0xB0, 0x7B, 0x56, 0xF6, 0x79, 0xDE, 0xD9, 0x53, 0xAD, 0x7F, 0x35,
    0xC3, 0x0E, 0xC4, 0x76, 0xAD, 0xF8, 0xED, 0x5E, 0x13, 0x1C, 0xB9, 0xE3, 0xBD, 0xF6, 0x8B, 0x3D,
    0xC8, 0x67, 0x80, 0x50, 0x99, 0x95, 0x90, 0x1F, 0xBC, 0x35, 0x5F, 0xC0, 0x90, 0x28, 0x64, 0xDA,
    0x7E, 0x3D, 0xF4, 0x28, 0x95, 0xCA, 0xF9, 0x9C, 0x67, 0xB6, 0x51, 0x73, 0x54, 0xA3, 0x25, 0xD5,
    0x10, 0x32, 0x75, 0x7E, 0x0E, 0x17, 0x00, 0xAC, 0xA3, 0x49, 0xCD, 0x22, 0x96, 0x31, 0x0F, 0x45,
    0x1E, 0xA6, 0x3C, 0x54, 0x63, 0x1E, 0x4C, 0x28, 0xE2, 0xB5, 0xC7, 0x3A, 0x94, 0x53, 0x3B, 0xEB,
    0x60, 0x46, 0x12, 0xB6, 0xD7, 0x03, 0x48, 0x57, 0x7B, 0xF9, 0x47, 0xB0, 0x9D, 0x7C, 0x96, 0xDE,
    0x8E, 0x9D, 0x90, 0xD5, 0xD8, 0x42, 0x38, 0x19, 0x2E, 0x68, 0xD9, 0x19, 0x4E, 0xD0, 0x30, 0x47,
    0x8D, 0x1A, 0xD6, 0x27, 0xA3, 0xDE, 0x0E, 0xD2, 0x6D, 0x87, 0x66, 0x3B, 0xE0, 0x22, 0x4A, 0x02,
    0x96, 0x1E, 0xC2, 0x01, 0xED, 0x41, 0x40, 0x7B, 0x5B, 0xF9, 0x30, 0x40, 0x8E, 0x07, 0xC5, 0xA3,
    0xA6, 0x87, 0x61, 0x83, 0x8A, 0x58, 0xFF, 0x6A, 0x46, 0xB1, 0x21, 0xCC, 0x3F, 0xD9, 0x18, 0xD2,
    0x0B, 0xC5, 0x7F, 0xF0, 0x71, 0x3D, 0xC4, 0x1B, 0x26, 0x00, 0x6F, 0xB1, 0x66, 0xC2, 0x2B, 0xB0,
    0x1C, 0x94, 0x59, 0x49, 0x67, 0x70, 0xDD, 0xEE, 0x95, 0xD0, 0x8B, 0x77, 0xE7, 0x6E, 0x48, 0xF3,
    0xFA, 0x1B, 0x77, 0x68, 0x5F, 0xF3, 0x62, 0x5D, 0x80, 0x7D, 0x09, 0x5D, 0x7B, 0x19, 0xAC, 0x82,
    0x4E, 0xF8, 0x72, 0x45, 0xC6, 0x92, 0xE9, 0xC0, 0xAF, 0xFE, 0x2C, 0xAF, 0x02, 0xE4, 0xEF, 0x01,
    0xED, 0x51, 0x80, 0x7B, 0x90, 0x60, 0x74, 0xB7, 0x14, 0x1D, 0xDB, 0x23, 0xFD, 0xBA, 0x12, 0x5F,
    0x9E, 0x46, 0xBB, 0x9C, 0x46, 0x43, 0xC6, 0x42, 0x41, 0xCB, 0x09, 0xEB, 0x00, 0xAC, 0x14, 0x33,
    0x02, 0xA8, 0xA3, 0x4A, 0xB2, 0x66, 0x95, 0xA3, 0x8A, 0xAD, 0x2E, 0x58, 0xDA, 0x0E, 0xD4, 0x80,
    0x4B, 0x2A, 0x26, 0xD3, 0xE3, 0xE9, 0xF2, 0xF4, 0x7C, 0x5B, 0xDB, 0x3F, 0x7B, 0x7F, 0x46, 0xDD,
    0x17, 0x11, 0xE2, 0xB3, 0x56, 0x0B, 0x5C, 0x03, 0x82, 0x00, 0x91, 0xE2, 0x1A, 0xA7, 0x7C, 0x6A,
    0x43, 0x76, 0xD5, 0xE1, 0xEE, 0xAF, 0x64, 0xF7, 0x92, 0x5C, 0x71, 0x41, 0xC9, 0x00, 0x5E, 0xE4,
    0xB9, 0xAB, 0xD4, 0xE1, 0x5A, 0x7E, 0xC8, 0x2A, 0x65, 0x45, 0x36, 0xB8, 0xDA, 0x6C, 0x3F, 0x6D,
    0xCD, 0x4E, 0xF3, 0xA0, 0xF5, 0xC1, 0x2C, 0xFF, 0xF1, 0xF9, 0xF4, 0x47, 0xBB, 0xD3, 0x5F, 0x22,
    0xD5, 0x24, 0xF1, 0x65, 0x40, 0xFD, 0xDD, 0xAB, 0xFC, 0xE3, 0x5B, 0x28, 0x70, 0xF4, 0x6F, 0x4E,
    0xBF, 0x7A, 0xFC, 0xC3, 0x06, 0x45, 0x30, 0x5E, 0x55, 0x7B, 0x18, 0x92, 0x4D, 0xAB, 0xEA, 0x5C,
    0x92, 0x39, 0x6B, 0xB5, 0x16, 0xE4, 0x7B, 0x88, 0xDE, 0x84, 0x3A, 0xA9, 0x62, 0x07, 0x60, 0x0F,
    0xBB, 0x1F, 0x39, 0xA0, 0x20, 0x3D, 0xAA, 0x24, 0x33, 0xFE, 0xB4, 0xD1, 0xD5, 0xC0, 0x85, 0xA2,
    0x2A, 0x6F, 0x28, 0x38, 0xA5, 0xC5, 0xCC, 0xB9, 0x4F, 0x53, 0x7F, 0x53, 0xEA, 0xBA, 0x77, 0xE4,
    0x71, 0xFF, 0x97, 0xCD, 0xE6, 0xD8, 0xCB, 0x66, 0x43, 0x6F, 0x48, 0xA2, 0x20, 0x27, 0x14, 0x9B,
    0xE7, 0x5E, 0xB5, 0xF1, 0xB8, 0xF4, 0xDC, 0xDE, 0xBD, 0x9B, 0xEE, 0x7C, 0xB9, 0xD6, 0x7E, 0xB3,
    0x07, 0xF1, 0xF8, 0x7F, 0xB4, 0xA4, 0x23, 0xC1, 0x46, 0x93, 0xED, 0x3C, 0x55, 0x9D, 0xCE, 0xE1,
    0x62, 0x9A, 0xCA, 0x00, 0x13, 0x50, 0x45, 0x14, 0x33, 0x56, 0x04, 0xA8, 0xA5, 0xBE, 0x0A, 0x40,
    0x35, 0x2A, 0x67, 0xDA, 0x62, 0x80, 0x65, 0x0F, 0x4E, 0xD7, 0xC1, 0xF3, 0x80, 0xDB, 0x9A, 0xD7,
    0x6C, 0xC0, 0xB1, 0x1A, 0x38, 0x9A, 0x50, 0x8D, 0x66, 0xA8, 0x46, 0xDB, 0x57, 0xA3, 0xF8, 0x6A,
    0x64, 0x57, 0x91, 0xA8, 0x18, 0x95, 0x7E, 0xF7, 0x8D, 0xC1, 0x06, 0xD5, 0x07, 0x7F, 0x53, 0x85,
    0x5F, 0xAA, 0xC6, 0x9B, 0xDB, 0xE3, 0xB0, 0x17, 0xD5, 0x64, 0x55, 0xF3, 0xAA, 0xBD, 0xFB, 0x5B,
    0x42, 0xAE, 0xC0, 0x42, 0xE4, 0x86, 0x81, 0x90, 0x3A, 0x7B, 0xCE, 0x08, 0xB9, 0x75, 0x34, 0xAC,
    0xE8, 0x81, 0xF5, 0xC9, 0x78, 0x0D, 0x28, 0x49, 0x60, 0x95, 0x04, 0x49, 0xCA, 0x37, 0x59, 0x14,
    0xF0, 0x5D, 0xB5, 0x9C, 0x51, 0x90, 0xF4, 0x46, 0x15, 0xEA, 0x91, 0x75, 0x14, 0xCF, 0x22, 0xB6,
    0x0D, 0xD7, 0xB3, 0x03, 0xB1, 0x70, 0xAB, 0x05, 0x24, 0xF0, 0x8E, 0x0C, 0x67, 0x98, 0xED, 0xF6,
    0x60, 0xCE, 0xF6, 0xD3, 0x79, 0x27, 0x13, 0xCA, 0x98, 0x46, 0xCD, 0x03, 0xC9, 0x84, 0x27, 0xE7,
    0xCB, 0xFF, 0xEB, 0x28, 0xF7, 0xCE, 0xF6, 0x76, 0x35, 0xAC, 0xAE, 0xA8, 0xCC, 0xFD, 0x24, 0x62,
    0xBB, 0xA6, 0x24, 0xA3, 0x66, 0xFB, 0x84, 0x9C, 0xDC, 0x67, 0x27, 0xC7, 0xF7, 0xC5, 0xBB, 0x83,
    0xA4, 0x3B, 0xF7, 0xEB, 0x9E, 0xAA, 0xC1, 0xDD, 0xBA, 0x72, 0xB5, 0x69, 0x3B, 0x00, 0xE2, 0x93,
    0x7A, 0x95, 0x09, 0xAA, 0x62, 0x69, 0x80, 0x9A, 0xD4, 0x6D, 0x3B, 0xAD, 0x7F, 0x8D, 0xE2, 0x20,
    0x5D, 0x64, 0x43, 0x06, 0x32, 0xF2, 0x5E, 0x64, 0x91, 0xAF, 0x32, 0x92, 0x23, 0x39, 0x90, 0x13,
    0xDF, 0xD7, 0xCA, 0xC2, 0xF5, 0x92, 0x5C, 0xCD, 0x64, 0xCC, 0x8B, 0xBB, 0xED, 0xDE, 0xF5, 0x6F,
    0xB0, 0xE2, 0x4B, 0xC3, 0x28, 0x9C, 0xDA, 0xE1, 0x77, 0xEC, 0x40, 0xBC, 0x75, 0x35, 0x70, 0xFE,
    0xC7, 0xC2, 0x68, 0x19, 0x0B, 0x8E, 0xB8, 0x0A, 0x0D, 0x32, 0xEA, 0xF5, 0xE4, 0xC9, 0x47, 0xFF,
    0x05, 0x63, 0x00, 0x82, 0xFF, 0xFF, 0xFF, 0x3B, 0x80, 0xF0, 0xAA, 0x55, 0xAB, 0x18, 0x00, 0xBD,
    0x90, 0xB1, 0x4D, 0xC4, 0x40, 0x10, 0x45, 0xE7, 0xCE, 0x81, 0x83, 0x0D, 0x9C, 0x90, 0xBB, 0x04,
    0x4A, 0x58, 0x97, 0x40, 0x27, 0x94, 0x80, 0x3B, 0x22, 0x25, 0xF3, 0x96, 0x60, 0xA8, 0xC0, 0xA2,
    0x01, 0x56, 0x68, 0x83, 0x05, 0xBC, 0xF7, 0x98, 0xF1, 0xEA, 0x0C, 0xE1, 0xE9, 0x84, 0x18, 0x69,
    0xDE, 0x48, 0x9E, 0xD5, 0xFC, 0xEF, 0x2F, 0xB5, 0xC8, 0x3D, 0x43, 0x43, 0xF6, 0x48, 0x4B, 0x04,
    0x71, 0xAB, 0x30, 0x88, 0x4B, 0x82, 0x48, 0xC7, 0x33, 0xAB, 0x4C, 0xBC, 0xED, 0x74, 0x59, 0x10,
    0xDD, 0x5E, 0xCD, 0x5A, 0x7C, 0xAC, 0x0D, 0x5F, 0xA7, 0x96, 0xF7, 0xA2, 0x7A, 0x4F, 0xBA, 0x31,
    0xAD, 0x75, 0xE2, 0xB5, 0x58, 0xBB, 0x7C, 0x2C, 0x2E, 0x5D, 0xD6, 0xF5, 0xDE, 0x67, 0x69, 0xB4,
    0xEB, 0xBD, 0xFA, 0xBD, 0xE3, 0xA5, 0x5C, 0x79, 0x6F, 0x0F, 0xE6, 0x7E, 0xDC, 0x92, 0xF1, 0xC1,
    0xA2, 0xD1, 0xB1, 0x65, 0xD3, 0x0D, 0xF5, 0x47, 0x6A, 0x3A, 0x3E, 0x6C, 0xC1, 0xEC, 0x63, 0x0B,
    0x48, 0x47, 0xFA, 0x8B, 0xF1, 0xDB, 0xCB, 0x43, 0xF8, 0xF1, 0x32, 0x9D, 0xBD, 0xEC, 0x2F, 0xFF,
    0xC9, 0xCB, 0x81, 0x93, 0x88, 0x83, 0x59, 0x7A, 0x88, 0xE2, 0x97, 0x5E, 0x11, 0xBA, 0x0D, 0x2C,
    0x26, 0x1C, 0x7D, 0x40, 0x61, 0xDF, 0x2E, 0x83, 0x3D, 0x6E, 0x0D, 0x47, 0xA2, 0x88, 0xDC, 0xC8,
    0xB9, 0x28, 0x8A, 0x16, 0x82, 0x25, 0xCD, 0xA2, 0x5C, 0x7A, 0x63, 0x50, 0x3A, 0x96, 0x5B, 0x66,
    0x4F, 0x84, 0x99, 0xCA, 0xC3, 0xAC, 0x5E, 0x18, 0x44, 0xB7, 0x24, 0xA3, 0x67, 0x54, 0xEA, 0x7D,
    0xA5, 0x4C, 0xC9, 0xD8, 0x65, 0xE5, 0xD8, 0x66, 0x55, 0xE6, 0x31, 0xA9, 0x63, 0x88, 0xCA, 0x89,
    0xB1, 0x61, 0x3E, 0xDC, 0x99, 0xFA, 0x37, 0x14, 0x8C, 0x81, 0x09, 0x80, 0x00, 0x08, 0x04, 0x05,
    0x07, 0x70, 0x84, 0x46, 0x71, 0xB5, 0xDA, 0xCC, 0x9A, 0x48, 0x80, 0x00, 0x42, 0xB8, 0x7C, 0x91,
    0x03, 0xFF, 0xF0, 0xCD, 0xDC, 0x34, 0x51, 0x62, 0xB6, 0xC8, 0x2C, 0x1C, 0x14, 0x9F, 0x12, 0x69,
    0xBE, 0x82, 0xE3, 0x1A, 0xC5, 0x37, 0x16, 0xF0, 0x50, 0x09, 0x4E, 0xC3, 0x04, 0x93, 0xF4, 0x6E,
    0xE8, 0x2C, 0xE7, 0xD3, 0x33, 0xA8, 0x28, 0x5F, 0xFE, 0x01, 0xF5, 0xF2, 0x3F, 0xA8, 0x07, 0x9A,
    0xC3, 0xFC, 0xA0, 0x1E, 0x64, 0xFE, 0xBF, 0x3F, 0x10, 0xBB, 0x60, 0xF6, 0x42, 0xDC, 0x00, 0x00,
};

static const EpdGlyph notosans_12_boldGlyphs[] = {
    { 0, 0, 0, 0, 0, 0, 0 }, // U+0000
    { 0, 0, 104, 0, 0, 0, 0 }, // U+000D
    { 0, 0, 104, 0, 0, 0, 0 }, // U+0020
    { 5, 19, 113, 1, 18, 24, 0 }, // !
    { 10, 7, 192, 1, 18, 18, 24 }, // "
    { 16, 18, 258, 0, 18, 72, 42 }, // #
    { 13, 21, 229, 1, 19, 69, 114 }, // $
    { 22, 20, 361, 0, 19, 110, 183 }, // %
    { 18, 20, 300, 1, 19, 90, 293 }, // &
    { 5, 7, 106, 1, 18, 9, 383 }, // '
    { 7, 22, 136, 1, 18, 39, 392 }, // (
    { 8, 22, 136, 0, 18, 44, 431 }, // )
    { 13, 12, 217, 0, 19, 39, 475 }, // *
    { 13, 13, 229, 1, 15, 43, 514 }, // +
    { 6, 7, 114, 0, 3, 11, 557 }, // ,
    { 8, 4, 128, 0, 9, 8, 568 }, // -
    { 5, 5, 112, 1, 4, 7, 576 }, // .
    { 11, 19, 166, 0, 18, 53, 583 }, // /
    { 13, 20, 242, 1, 19, 65, 636 }, // 0
    { 10, 18, 207, 0, 18, 45, 701 }, // 1
    { 14, 19, 224, 0, 19, 67, 746 }, // 2
    { 14, 20, 229, 0, 19, 70, 813 }, // 3
    { 14, 18, 232, 0, 18, 63, 883 }, // 4
    { 13, 19, 231, 1, 18, 62, 946 }, // 5
    { 13, 20, 241, 1, 19, 65, 1008 }, // 6
    { 14, 18, 214, 0, 18, 63, 1073 }, // 7
    { 13, 20, 238, 1, 19, 65, 1136 }, // 8
    { 13, 20, 241, 1, 19, 65, 1201 }, // 9
    { 5, 15, 112, 1, 14, 19, 1266 }, // :
    { 6, 18, 114, 0, 14, 27, 1285 }, // ;
    { 13, 14, 229, 1, 16, 46, 1312 }, // <
    { 13, 8, 229, 1, 13, 26, 1358 }, // =
    { 13, 14, 229, 1, 16, 46, 1384 }, // >
    { 12, 20, 191, 0, 19, 60, 1430 }, // ?
    { 21, 20, 359, 1, 18, 105, 1490 }, // @
    { 18, 18, 277, 0, 18, 81, 1595 }, // A
    { 14, 18, 266, 2, 18, 63, 1676 }, // B
    { 15, 20, 257, 1, 19, 75, 1739 }, // C
    { 15, 18, 293, 2, 18, 68, 1814 }, // D
    { 11, 18, 224, 2, 18, 50, 1882 }, // E
    { 11, 18, 220, 2, 18, 50, 1932 }, // F
    { 16, 20, 290, 1, 19, 80, 1982 }, // G
    { 15, 18, 306, 2, 18, 68, 2062 }, // H
    { 9, 18, 156, 0, 18, 41, 2130 }, // I
    { 9, 24, 132, -2, 18, 54, 2171 }, // J
    { 15, 18, 266, 2, 18, 68, 2225 }, // K
    { 12, 18, 224, 2, 18, 54, 2293 }, // L
    { 20, 18, 377, 2, 18, 90, 2347 }, // M
    { 17, 18, 325, 2, 18, 77, 2437 }, // N
    { 18, 20, 316, 1, 19, 90, 2514 }, // O
    { 13, 18, 248, 2, 18, 59, 2604 }, // P
    { 18, 24, 316, 1, 19, 108, 2663 }, // Q
    { 15, 18, 262, 2, 18, 68, 2771 }, // R
    { 12, 20, 220, 1, 19, 60, 2839 }, // S
    { 14, 18, 231, 0, 18, 63, 2899 }, // T
    { 15, 19, 302, 2, 18, 72, 2962 }, // U
    { 17, 18, 260, 0, 18, 77, 3034 }, // V
    { 25, 18, 387, 0, 18, 113, 3111 }, // W
    { 17, 18, 268, 0, 18, 77, 3224 }, // X
    { 16, 18, 250, 0, 18, 72, 3301 }, // Y
    { 14, 18, 232, 0, 18, 63, 3373 }, // Z
    { 7, 22, 132, 1, 18, 39, 3436 }, // [
    { 11, 19, 166, 0, 18, 53, 3475 }, // <backslash>
    { 7, 22, 132, 0, 18, 39, 3528 }, // ]
    { 14, 12, 229, 0, 18, 42, 3567 }, // ^
    { 12, 2, 164, -1, -2, 6, 3609 }, // _
    { 8, 5, 146, 1, 20, 10, 3615 }, // `
    { 13, 15, 240, 1, 14, 49, 3625 }, // a
    { 14, 20, 253, 1, 19, 70, 3674 }, // b
    { 12, 15, 206, 1, 14, 45, 3744 }, // c
    { 13, 20, 253, 1, 19, 65, 3789 }, // d
    { 13, 15, 239, 1, 14, 49, 3854 }, // e
    { 11, 20, 155, 0, 20, 55, 3903 }, // f
    { 13, 20, 253, 1, 14, 65, 3958 }, // g
    { 14, 19, 260, 1, 19, 67, 4023 }, // h
    { 5, 20, 120, 1, 20, 25, 4090 }, // i
    { 8, 26, 119, -2, 20, 52, 4115 }, // j
    { 15, 19, 248, 1, 19, 72, 4167 }, // k
    { 5, 19, 119, 1, 19, 24, 4239 }, // l
    { 22, 14, 390, 1, 14, 77, 4263 }, // m
    { 14, 14, 260, 1, 14, 49, 4340 }, // n
    { 14, 15, 250, 1, 14, 53, 4389 }, // o
    { 14, 20, 253, 1, 14, 70, 4442 }, // p
    { 13, 20, 253, 1, 14, 65, 4512 }, // q
    { 10, 14, 179, 1, 14, 35, 4577 }, // r
    { 11, 15, 201, 1, 14, 42, 4612 }, // s
    { 11, 18, 174, 0, 17, 50, 4654 }, // t
    { 14, 15, 260, 1, 14, 53, 4704 }, // u
    { 15, 14, 228, 0, 14, 53, 4757 }, // v
    { 22, 14, 342, 0, 14, 77, 4810 }, // w
    { 15, 14, 231, 0, 14, 53, 4887 }, // x
    { 15, 20, 228, 0, 14, 75, 4940 }, // y
    { 12, 14, 197, 0, 14, 42, 5015 }, // z
    { 9, 22, 158, 0, 18, 50, 5057 }, // {
    { 4, 25, 220, 5, 19, 25, 5107 }, // |
    { 9, 22, 158, 1, 18, 50, 5132 }, // }
    { 13, 5, 229, 1, 11, 17, 5182 }, // ~
    { 0, 0, 104, 0, 0, 0, 0 }, // U+00A0
    { 5, 19, 114, 1, 14, 24, 0 }, // U+00A1
    { 12, 20, 229, 1, 19, 60, 24 }, // U+00A2
    { 13, 19, 229, 1, 19, 62, 84 }, // U+00A3
    { 12, 12, 227, 1, 15, 36, 146 }, // U+00A4
    { 15, 18, 229, 0, 18, 68, 182 }, // U+00A5
    { 4, 25, 220, 5, 19, 25, 250 }, // U+00A6
    { 10, 21, 194, 1, 20, 53, 275 }, // U+00A7
    { 9, 4, 237, 3, 19, 9, 328 }, // U+00A8
    { 19, 20, 333, 1, 19, 95, 337 }, // U+00A9
    { 9, 10, 152, 0, 19, 23, 432 }, // U+00AA
    { 15, 12, 246, 0, 13, 45, 455 }, // U+00AB
    { 13, 8, 229, 1, 11, 26, 500 }, // U+00AC
    { 8, 4, 128, 0, 9, 8, 526 }, // U+00AD
    { 19, 20, 333, 1, 19, 95, 534 }, // U+00AE
    { 14, 3, 200, -1, 22, 11, 629 }, // U+00AF
    { 9, 10, 170, 1, 19, 23, 640 }, // U+00B0
    { 13, 16, 229, 1, 16, 52, 663 }, // U+00B1
    { 9, 12, 152, 0, 22, 27, 715 }, // U+00B2
    { 9, 12, 152, 0, 22, 27, 742 }, // U+00B3
    { 8, 5, 146, 1, 20, 10, 769 }, // U+00B4
    { 14, 20, 261, 1, 14, 70, 779 }, // U+00B5
    { 14, 23, 259, 1, 19, 81, 849 }, // U+00B6
    { 5, 5, 112, 1, 11, 7, 930 }, // U+00B7
    { 7, 6, 105, 0, 0, 11, 937 }, // U+00B8
    { 7, 12, 152, 0, 22, 21, 948 }, // U+00B9
    { 9, 10, 154, 0, 19, 23, 969 }, // U+00BA
    { 15, 12, 246, 0, 13, 45, 992 }, // U+00BB
    { 21, 18, 332, 0, 18, 95, 1037 }, // U+00BC
    { 21, 18, 350, 0, 18, 95, 1132 }, // U+00BD
    { 20, 19, 338, 1, 19, 95, 1227 }, // U+00BE
    { 12, 19, 191, 0, 14, 57, 1322 }, // U+00BF
    { 18, 24, 277, 0, 24, 108, 1379 }, // U+00C0
    { 18, 24, 277, 0, 24, 108, 1487 }, // U+00C1
    { 18, 24, 277, 0, 24, 108, 1595 }, // U+00C2
    { 18, 23, 277, 0, 23, 104, 1703 }, // U+00C3
    { 18, 23, 277, 0, 23, 104, 1807 }, // U+00C4
    { 18, 22, 277, 0, 22, 99, 1911 }, // U+00C5
    { 23, 18, 381, 0, 18, 104, 2010 }, // U+00C6
    { 15, 25, 257, 1, 19, 94, 2114 }, // U+00C7
    { 11, 24, 224, 2, 24, 66, 2208 }, // U+00C8
    { 11, 24, 224, 2, 24, 66, 2274 }, // U+00C9
    { 11, 24, 224, 2, 24, 66, 2340 }, // U+00CA
    { 11, 23, 224, 2, 23, 64, 2406 }, // U+00CB
    { 9, 24, 156, 0, 24, 54, 2470 }, // U+00CC
    { 10, 24, 156, 0, 24, 60, 2524 }, // U+00CD
    { 11, 24, 156, -1, 24, 66, 2584 }, // U+00CE
    { 10, 23, 156, 0, 23, 58, 2650 }, // U+00CF
    { 17, 18, 293, 0, 18, 77, 2708 }, // U+00D0
    { 17, 23, 322, 2, 23, 98, 2785 }, // U+00D1
    { 18, 25, 316, 1, 24, 113, 2883 }, // U+00D2
    { 18, 25, 316, 1, 24, 113, 2996 }, // U+00D3
    { 18, 25, 316, 1, 24, 113, 3109 }, // U+00D4
    { 18, 24, 316, 1, 23, 108, 3222 }, // U+00D5
    { 18, 24, 316, 1, 23, 108, 3330 }, // U+00D6
    { 12, 12, 229, 1, 15, 36, 3438 }, // U+00D7
    { 18, 21, 316, 1, 19, 95, 3474 }, // U+00D8
    { 15, 25, 302, 2, 24, 94, 3569 }, // U+00D9
    { 15, 25, 302, 2, 24, 94, 3663 }, // U+00DA
    { 15, 25, 302, 2, 24, 94, 3757 }, // U+00DB
    { 15, 24, 302, 2, 23, 90, 3851 }, // U+00DC
    { 16, 24, 250, 0, 24, 96, 3941 }, // U+00DD
    { 13, 18, 251, 2, 18, 59, 4037 }, // U+00DE
    { 16, 21, 282, 1, 20, 84, 4096 }, // U+00DF
    { 13, 21, 240, 1, 20, 69, 4180 }, // U+00E0
    { 13, 21, 240, 1, 20, 69, 4249 }, // U+00E1
    { 13, 21, 240, 1, 20, 69, 4318 }, // U+00E2
    { 13, 20, 240, 1, 19, 65, 4387 }, // U+00E3
    { 13, 20, 240, 1, 19, 65, 4452 }, // U+00E4
    { 13, 22, 240, 1, 21, 72, 4517 }, // U+00E5
    { 21, 15, 367, 1, 14, 79, 4589 }, // U+00E6
    { 12, 20, 206, 1, 14, 60, 4668 }, // U+00E7
    { 13, 21, 239, 1, 20, 69, 4728 }, // U+00E8
    { 13, 21, 239, 1, 20, 69, 4797 }, // U+00E9
    { 13, 21, 239, 1, 20, 69, 4866 }, // U+00EA
    { 13, 20, 239, 1, 19, 65, 4935 }, // U+00EB
    { 9, 20, 120, -1, 20, 45, 5000 }, // U+00EC
    { 8, 20, 120, 1, 20, 40, 5045 }, // U+00ED
    { 11, 20, 120, -2, 20, 55, 5085 }, // U+00EE
    { 10, 19, 120, -1, 19, 48, 5140 }, // U+00EF
    { 14, 21, 251, 1, 20, 74, 5188 }, // U+00F0
    { 14, 19, 260, 1, 19, 67, 5262 }, // U+00F1
    { 14, 21, 250, 1, 20, 74, 5329 }, // U+00F2
    { 14, 21, 250, 1, 20, 74, 5403 }, // U+00F3
    { 14, 21, 250, 1, 20, 74, 5477 }, // U+00F4
    { 14, 20, 250, 1, 19, 70, 5551 }, // U+00F5
    { 14, 20, 250, 1, 19, 70, 5621 }, // U+00F6
    { 13, 13, 229, 1, 15, 43, 5691 }, // U+00F7
    { 14, 16, 248, 1, 15, 56, 5734 }, // U+00F8
    { 14, 21, 260, 1, 20, 74, 5790 }, // U+00F9
    { 14, 21, 260, 1, 20, 74, 5864 }, // U+00FA
    { 14, 21, 260, 1, 20, 74, 5938 }, // U+00FB
    { 14, 20, 260, 1, 19, 70, 6012 }, // U+00FC
    { 15, 26, 228, 0, 20, 98, 6082 }, // U+00FD
    { 14, 25, 253, 1, 19, 88, 6180 }, // U+00FE
    { 15, 25, 228, 0, 19, 94, 6268 }, // U+00FF
    { 18, 22, 277, 0, 22, 99, 0 }, // U+0100
    { 13, 19, 240, 1, 18, 62, 99 }, // U+0101
    { 18, 24, 277, 0, 24, 108, 161 }, // U+0102
    { 13, 21, 240, 1, 20, 69, 269 }, // U+0103
    { 18, 24, 277, 0, 18, 108, 338 }, // U+0104
    { 13, 20, 240, 1, 14, 65, 446 }, // U+0105
    { 15, 25, 257, 1, 24, 94, 511 }, // U+0106
    { 12, 21, 206, 1, 20, 63, 605 }, // U+0107
    { 15, 25, 257, 1, 24, 94, 668 }, // U+0108
    { 12, 21, 206, 1, 20, 63, 762 }, // U+0109
    { 15, 25, 257, 1, 24, 94, 825 }, // U+010A
    { 12, 21, 206, 1, 20, 63, 919 }, // U+010B
    { 15, 25, 257, 1, 24, 94, 982 }, // U+010C
    { 12, 21, 206, 1, 20, 63, 1076 }, // U+010D
    { 15, 24, 293, 2, 24, 90, 1139 }, // U+010E
    { 19, 20, 253, 1, 19, 95, 1229 }, // U+010F
    { 17, 18, 293, 0, 18, 77, 1324 }, // U+0110
    { 15, 20, 258, 1, 19, 75, 1401 }, // U+0111
    { 11, 22, 224, 2, 22, 61, 1476 }, // U+0112
    { 13, 19, 239, 1, 18, 62, 1537 }, // U+0113
    { 11, 24, 224, 2, 24, 66, 1599 }, // U+0114
    { 13, 21, 239, 1, 20, 69, 1665 }, // U+0115
    { 11, 24, 224, 2, 24, 66, 1734 }, // U+0116
    { 13, 21, 239, 1, 20, 69, 1800 }, // U+0117
    { 11, 24, 224, 2, 18, 66, 1869 }, // U+0118
    { 13, 20, 236, 1, 14, 65, 1935 }, // U+0119
    { 11, 24, 224, 2, 24, 66, 2000 }, // U+011A
    { 13, 21, 239, 1, 20, 69, 2066 }, // U+011B
    { 16, 25, 290, 1, 24, 100, 2135 }, // U+011C
    { 13, 26, 253, 1, 20, 85, 2235 }, // U+011D
    { 16, 25, 290, 1, 24, 100, 2320 }, // U+011E
    { 13, 26, 253, 1, 20, 85, 2420 }, // U+011F
    { 16, 25, 290, 1, 24, 100, 2505 }, // U+0120
    { 13, 26, 253, 1, 20, 85, 2605 }, // U+0121
    { 16, 25, 290, 1, 19, 100, 2690 }, // U+0122
    { 13, 26, 253, 1, 20, 85, 2790 }, // U+0123
    { 15, 24, 306, 2, 24, 90, 2875 }, // U+0124
    { 17, 25, 260, -2, 25, 107, 2965 }, // U+0125
    { 20, 18, 306, 0, 18, 90, 3072 }, // U+0126
    { 15, 19, 263, 0, 19, 72, 3162 }, // U+0127
    { 11, 23, 156, -1, 23, 64, 3234 }, // U+0128
    { 11, 19, 120, -2, 19, 53, 3298 }, // U+0129
    { 9, 22, 156, 0, 22, 50, 3351 }, // U+012A
    { 9, 18, 120, -1, 18, 41, 3401 }, // U+012B
    { 10, 24, 156, 0, 24, 60, 3442 }, // U+012C
    { 10, 20, 120, -1, 20, 50, 3502 }, // U+012D
    { 9, 24, 156, 0, 18, 54, 3552 }, // U+012E
    { 5, 26, 120, 1, 20, 33, 3606 }, // U+012F
    { 9, 24, 156, 0, 24, 54, 3639 }, // U+0130
    { 5, 14, 120, 1, 14, 18, 3693 }, // U+0131
    { 17, 24, 289, 0, 18, 102, 3711 }, // U+0132
    { 13, 26, 244, 1, 20, 85, 3813 }, // U+0133
    { 12, 30, 132, -2, 24, 90, 3898 }, // U+0134
    { 11, 26, 119, -2, 20, 72, 3988 }, // U+0135
    { 15, 24, 264, 2, 18, 90, 4060 }, // U+0136
    { 15, 25, 248, 1, 19, 94, 4150 }, // U+0137
    { 15, 14, 248, 1, 14, 53, 4244 }, // U+0138
    { 13, 24, 224, 1, 24, 78, 4297 }, // U+0139
    { 8, 25, 119, 1, 25, 50, 4375 }, // U+013A
    { 12, 24, 224, 2, 18, 72, 4425 }, // U+013B
    { 5, 25, 119, 1, 19, 32, 4497 }, // U+013C
    { 12, 18, 224, 2, 18, 54, 4529 }, // U+013D
    { 10, 19, 119, 1, 19, 48, 4583 }, // U+013E
    { 12, 18, 224, 2, 18, 54, 4631 }, // U+013F
    { 10, 19, 148, 1, 19, 48, 4685 }, // U+0140
    { 14, 18, 226, 0, 18, 63, 4733 }, // U+0141
    { 9, 19, 122, -1, 19, 43, 4796 }, // U+0142
    { 17, 24, 322, 2, 24, 102, 4839 }, // U+0143
    { 14, 20, 260, 1, 20, 70, 4941 }, // U+0144
    { 17, 24, 322, 2, 18, 102, 5011 }, // U+0145
    { 14, 20, 260, 1, 14, 70, 5113 }, // U+0146
    { 17, 24, 322, 2, 24, 102, 5183 }, // U+0147
    { 14, 20, 260, 1, 20, 70, 5285 }, // U+0148
    { 19, 18, 310, -1, 18, 86, 5355 }, // U+0149
    { 17, 24, 325, 2, 18, 102, 5441 }, // U+014A
    { 14, 20, 260, 1, 14, 70, 5543 }, // U+014B
    { 18, 23, 316, 1, 22, 104, 5613 }, // U+014C
    { 14, 19, 250, 1, 18, 67, 5717 }, // U+014D
    { 18, 25, 316, 1, 24, 113, 5784 }, // U+014E
    { 14, 21, 250, 1, 20, 74, 5897 }, // U+014F
    { 18, 25, 316, 1, 24, 113, 5971 }, // U+0150
    { 14, 21, 250, 1, 20, 74, 6084 }, // U+0151
    { 22, 20, 389, 1, 19, 110, 6158 }, // U+0152
    { 23, 15, 391, 1, 14, 87, 6268 }, // U+0153
    { 15, 24, 262, 2, 24, 90, 6355 }, // U+0154
    { 11, 20, 179, 1, 20, 55, 6445 }, // U+0155
    { 15, 24, 262, 2, 18, 90, 6500 }, // U+0156
    { 10, 20, 179, 1, 14, 50, 6590 }, // U+0157
    { 15, 24, 262, 2, 24, 90, 6640 }, // U+0158
    { 11, 20, 179, 1, 20, 55, 6730 }, // U+0159
    { 12, 25, 220, 1, 24, 75, 6785 }, // U+015A
    { 11, 21, 201, 1, 20, 58, 6860 }, // U+015B
    { 12, 25, 220, 1, 24, 75, 6918 }, // U+015C
    { 11, 21, 201, 1, 20, 58, 6993 }, // U+015D
    { 12, 25, 220, 1, 19, 75, 7051 }, // U+015E
    { 11, 20, 201, 1, 14, 55, 7126 }, // U+015F
    { 12, 25, 220, 1, 24, 75, 7181 }, // U+0160
    { 11, 21, 201, 1, 20, 58, 7256 }, // U+0161
    { 14, 24, 231, 0, 18, 84, 7314 }, // U+0162
    { 11, 23, 174, 0, 17, 64, 7398 }, // U+0163
    { 14, 24, 231, 0, 24, 84, 7462 }, // U+0164
    { 15, 20, 174, 0, 19, 75, 7546 }, // U+0165
    { 14, 18, 231, 0, 18, 63, 7621 }, // U+0166
    { 11, 18, 174, 0, 17, 50, 7684 }, // U+0167
    { 15, 24, 302, 2, 23, 90, 7734 }, // U+0168
    { 14, 20, 260, 1, 19, 70, 7824 }, // U+0169
    { 15, 23, 302, 2, 22, 87, 7894 }, // U+016A
    { 14, 19, 260, 1, 18, 67, 7981 }, // U+016B
    { 15, 25, 302, 2, 24, 94, 8048 }, // U+016C
    { 14, 21, 260, 1, 20, 74, 8142 }, // U+016D
    { 15, 26, 302, 2, 25, 98, 8216 }, // U+016E
    { 14, 22, 260, 1, 21, 77, 8314 }, // U+016F
    { 15, 25, 302, 2, 24, 94, 8391 }, // U+0170
    { 14, 21, 260, 1, 20, 74, 8485 }, // U+0171
    { 15, 24, 302, 2, 18, 90, 8559 }, // U+0172
    { 14, 20, 260, 1, 14, 70, 8649 }, // U+0173
    { 25, 24, 387, 0, 24, 150, 8719 }, // U+0174
    { 22, 20, 345, 0, 20, 110, 8869 }, // U+0175
    { 16, 24, 250, 0, 24, 96, 8979 }, // U+0176
    { 15, 26, 228, 0, 20, 98, 9075 }, // U+0177
    { 16, 23, 250, 0, 23, 92, 9173 }, // U+0178
    { 14, 24, 232, 0, 24, 84, 9265 }, // U+0179
    { 12, 20, 197, 0, 20, 60, 9349 }, // U+017A
    { 14, 24, 232, 0, 24, 84, 9409 }, // U+017B
    { 12, 20, 197, 0, 20, 60, 9493 }, // U+017C
    { 14, 24, 232, 0, 24, 84, 9553 }, // U+017D
    { 12, 20, 197, 0, 20, 60, 9637 }, // U+017E
    { 10, 20, 153, 1, 20, 50, 9697 }, // U+017F
    { 21, 20, 328, 1, 19, 105, 0 }, // U+01A0
    { 17, 17, 272, 1, 16, 73, 105 }, // U+01A1
    { 21, 20, 354, 2, 19, 105, 178 }, // U+01AF
    { 19, 17, 303, 1, 16, 81, 283 }, // U+01B0
    { 31, 24, 524, 2, 24, 186, 364 }, // U+01C4
    { 29, 20, 490, 2, 20, 145, 550 }, // U+01C5
    { 27, 21, 450, 1, 20, 142, 695 }, // U+01C6
    { 19, 24, 358, 2, 18, 114, 837 }, // U+01C7
    { 18, 26, 348, 2, 20, 117, 951 }, // U+01C8
    { 13, 26, 244, 1, 20, 85, 1068 }, // U+01C9
    { 25, 24, 458, 2, 18, 150, 1153 }, // U+01CA
    { 25, 26, 447, 2, 20, 163, 1303 }, // U+01CB
    { 22, 26, 385, 1, 20, 143, 1466 }, // U+01CC
    { 18, 24, 277, 0, 24, 108, 1609 }, // U+01CD
    { 13, 21, 240, 1, 20, 69, 1717 }, // U+01CE
    { 12, 24, 156, -1, 24, 72, 1786 }, // U+01CF
    { 12, 20, 120, -2, 20, 60, 1858 }, // U+01D0
    { 18, 25, 316, 1, 24, 113, 1918 }, // U+01D1
    { 14, 21, 250, 1, 20, 74, 2031 }, // U+01D2
    { 15, 25, 302, 2, 24, 94, 2105 }, // U+01D3
    { 14, 21, 260, 1, 20, 74, 2199 }, // U+01D4
    { 15, 27, 302, 2, 26, 102, 2273 }, // U+01D5
    { 14, 23, 260, 1, 22, 81, 2375 }, // U+01D6
    { 15, 28, 302, 2, 27, 105, 2456 }, // U+01D7
    { 14, 24, 260, 1, 23, 84, 2561 }, // U+01D8
    { 15, 28, 302, 2, 27, 105, 2645 }, // U+01D9
    { 14, 24, 260, 1, 23, 84, 2750 }, // U+01DA
    { 15, 28, 302, 2, 27, 105, 2834 }, // U+01DB
    { 14, 24, 260, 1, 23, 84, 2939 }, // U+01DC
    { 13, 15, 239, 1, 14, 49, 3023 }, // U+01DD
    { 18, 26, 277, 0, 26, 117, 3072 }, // U+01DE
    { 13, 23, 240, 1, 22, 75, 3189 }, // U+01DF
    { 18, 26, 277, 0, 26, 117, 3264 }, // U+01E0
    { 13, 23, 240, 1, 22, 75, 3381 }, // U+01E1
    { 23, 22, 381, 0, 22, 127, 3456 }, // U+01E2
    { 21, 19, 367, 1, 18, 100, 3583 }, // U+01E3
    { 17, 20, 290, 1, 19, 85, 3683 }, // U+01E4
    { 15, 20, 254, 1, 14, 75, 3768 }, // U+01E5
    { 16, 25, 290, 1, 24, 100, 3843 }, // U+01E6
    { 13, 26, 253, 1, 20, 85, 3943 }, // U+01E7
    { 15, 24, 264, 2, 24, 90, 4028 }, // U+01E8
    { 18, 25, 248, -2, 25, 113, 4118 }, // U+01E9
    { 18, 25, 316, 1, 19, 113, 4231 }, // U+01EA
    { 14, 20, 250, 1, 14, 70, 4344 }, // U+01EB
    { 18, 28, 316, 1, 22, 126, 4414 }, // U+01EC
    { 14, 24, 250, 1, 18, 84, 4540 }, // U+01ED
    { 14, 25, 236, 0, 24, 88, 4624 }, // U+01EE
    { 14, 26, 232, 0, 20, 91, 4712 }, // U+01EF
    { 12, 26, 119, -2, 20, 78, 4803 }, // U+01F0
    { 31, 18, 524, 2, 18, 140, 4881 }, // U+01F1
    { 28, 18, 490, 2, 18, 126, 5021 }, // U+01F2
    { 27, 20, 450, 1, 19, 135, 5147 }, // U+01F3
    { 16, 25, 290, 1, 24, 100, 5282 }, // U+01F4
    { 13, 26, 253, 1, 20, 85, 5382 }, // U+01F5
    { 23, 19, 419, 2, 18, 110, 5467 }, // U+01F6
    { 14, 25, 270, 2, 19, 88, 5577 }, // U+01F7
    { 17, 24, 322, 2, 24, 102, 5665 }, // U+01F8
    { 14, 20, 260, 1, 20, 70, 5767 }, // U+01F9
    { 18, 24, 276, 0, 24, 108, 5837 }, // U+01FA
    { 13, 26, 240, 1, 25, 85, 5945 }, // U+01FB
    { 23, 24, 381, 0, 24, 138, 6030 }, // U+01FC
    { 21, 21, 367, 1, 20, 111, 6168 }, // U+01FD
    { 18, 26, 316, 1, 24, 117, 6279 }, // U+01FE
    { 14, 21, 248, 1, 20, 74, 6396 }, // U+01FF
    { 18, 24, 277, 0, 24, 108, 6470 }, // U+0200
    { 14, 21, 240, 0, 20, 74, 6578 }, // U+0201
    { 18, 24, 277, 0, 24, 108, 6652 }, // U+0202
    { 13, 21, 240, 1, 20, 69, 6760 }, // U+0203
    { 13, 24, 224, 0, 24, 78, 6829 }, // U+0204
    { 14, 21, 239, 0, 20, 74, 6907 }, // U+0205
    { 11, 24, 224, 2, 24, 66, 6981 }, // U+0206
    { 13, 21, 239, 1, 20, 69, 7047 }, // U+0207
    { 11, 24, 156, -2, 24, 66, 7116 }, // U+0208
    { 11, 20, 120, -3, 20, 55, 7182 }, // U+0209
    { 10, 24, 156, 0, 24, 60, 7237 }, // U+020A
    { 11, 20, 120, -2, 20, 55, 7297 }, // U+020B
    { 18, 25, 316, 1, 24, 113, 7352 }, // U+020C
    { 14, 21, 250, 1, 20, 74, 7465 }, // U+020D
    { 18, 25, 316, 1, 24, 113, 7539 }, // U+020E
    { 14, 21, 250, 1, 20, 74, 7652 }, // U+020F
    { 16, 24, 262, 1, 24, 96, 7726 }, // U+0210
    { 12, 20, 179, -1, 20, 60, 7822 }, // U+0211
    { 15, 24, 262, 2, 24, 90, 7882 }, // U+0212
    { 10, 20, 179, 1, 20, 50, 7972 }, // U+0213
    { 15, 25, 302, 2, 24, 94, 8022 }, // U+0214
    { 14, 21, 260, 1, 20, 74, 8116 }, // U+0215
    { 15, 25, 302, 2, 24, 94, 8190 }, // U+0216
    { 14, 21, 260, 1, 20, 74, 8284 }, // U+0217
    { 12, 25, 220, 1, 19, 75, 8358 }, // U+0218
    { 11, 20, 201, 1, 14, 55, 8433 }, // U+0219
    { 14, 24, 231, 0, 18, 84, 8488 }, // U+021A
    { 11, 23, 174, 0, 17, 64, 8572 }, // U+021B
    { 15, 24, 252, 0, 19, 90, 8636 }, // U+021C
    { 12, 20, 202, 0, 14, 60, 8726 }, // U+021D
    { 15, 24, 306, 2, 24, 90, 8786 }, // U+021E
    { 17, 25, 260, -2, 25, 107, 8876 }, // U+021F
    { 8, 5, 0, -14, 20, 10, 0 }, // U+0300
    { 9, 5, 0, -10, 20, 12, 10 }, // U+0301
    { 11, 5, 0, -6, 20, 14, 22 }, // U+0302
    { 11, 4, 0, -14, 19, 11, 36 }, // U+0303
    { 10, 3, 0, -5, 18, 8, 47 }, // U+0304
    { 12, 4, 0, -6, 22, 12, 55 }, // U+0305
    { 11, 5, 0, -5, 20, 14, 67 }, // U+0306
    { 6, 5, 0, -3, 20, 8, 81 }, // U+0307
    { 10, 4, 0, -5, 19, 10, 89 }, // U+0308
    { 7, 7, 0, -11, 21, 13, 99 }, // U+0309
    { 7, 6, 0, -4, 21, 11, 112 }, // U+030A
    { 11, 5, 0, -4, 20, 14, 123 }, // U+030B
    { 12, 5, 0, -6, 20, 15, 137 }, // U+030C
    { 4, 6, 0, -2, 20, 6, 152 }, // U+030D
    { 8, 6, 0, -4, 20, 12, 158 }, // U+030E
    { 12, 5, 0, -15, 20, 15, 170 }, // U+030F
    { 10, 7, 0, -5, 22, 18, 185 }, // U+0310
    { 10, 5, 0, -5, 20, 13, 203 }, // U+0311
    { 6, 7, 0, -3, 18, 11, 216 }, // U+0312
    { 6, 7, 0, -3, 18, 11, 227 }, // U+0313
    { 6, 7, 0, -3, 18, 11, 238 }, // U+0314
    { 6, 7, 0, -3, 18, 11, 249 }, // U+0315
    { 9, 5, 0, -5, 0, 12, 260 }, // U+0316
    { 8, 5, 0, -4, 0, 10, 272 }, // U+0317
    { 6, 6, 0, -3, 0, 9, 282 }, // U+0318
    { 6, 6, 0, -3, 0, 9, 291 }, // U+0319
    { 7, 6, 120, 0, 19, 11, 300 }, // U+031A
    { 7, 6, 0, -3, 19, 11, 311 }, // U+031B
    { 4, 6, 0, -2, 0, 6, 322 }, // U+031C
    { 6, 5, 0, -3, -1, 8, 328 }, // U+031D
    { 6, 5, 0, -3, -1, 8, 336 }, // U+031E
    { 6, 6, 0, -3, 0, 9, 344 }, // U+031F
    { 6, 3, 0, -3, -2, 5, 353 }, // U+0320
    { 6, 8, 0, -6, 2, 12, 358 }, // U+0321
    { 6, 8, 0, 0, 2, 12, 370 }, // U+0322
    { 5, 5, 0, -11, -1, 7, 382 }, // U+0323
    { 10, 4, 0, -5, -1, 10, 389 }, // U+0324
    { 7, 6, 0, -4, 0, 11, 399 }, // U+0325
    { 6, 5, 0, -3, -1, 8, 410 }, // U+0326
    { 6, 6, 0, -3, 0, 9, 418 }, // U+0327
    { 6, 7, 0, -3, 1, 11, 427 }, // U+0328
    { 4, 6, 0, -2, 0, 6, 438 }, // U+0329
    { 10, 5, 0, -5, -1, 13, 444 }, // U+032A
    { 10, 4, 0, -5, -1, 10, 457 }, // U+032B
    { 11, 5, 0, -5, 0, 14, 467 }, // U+032C
    { 11, 5, 0, -6, 0, 14, 481 }, // U+032D
    { 10, 5, 0, -5, 0, 13, 495 }, // U+032E
    { 10, 5, 0, -5, -1, 13, 508 }, // U+032F
    { 12, 4, 0, -6, -1, 12, 521 }, // U+0330
    { 10, 3, 0, -5, -2, 8, 533 }, // U+0331
    { 12, 2, 0, -6, -2, 6, 541 }, // U+0332
    { 11, 6, 0, -6, 0, 17, 547 }, // U+0333
    { 11, 4, 0, -5, 9, 11, 564 }, // U+0334
    { 12, 4, 0, -6, 9, 12, 575 }, // U+0335
    { 20, 4, 0, -10, 9, 20, 587 }, // U+0336
    { 10, 8, 0, -5, 11, 20, 607 }, // U+0337
    { 12, 21, 0, -6, 19, 63, 627 }, // U+0338
    { 4, 6, 0, -2, 0, 6, 690 }, // U+0339
    { 10, 5, 0, -5, -1, 13, 696 }, // U+033A
    { 10, 6, 0, -5, 0, 15, 709 }, // U+033B
    { 10, 4, 0, -5, -1, 10, 724 }, // U+033C
    { 6, 6, 0, -3, 20, 9, 734 }, // U+033D
    { 4, 8, 0, -2, 22, 8, 743 }, // U+033E
    { 11, 6, 0, -6, 25, 17, 751 }, // U+033F
    { 8, 5, 0, -6, 20, 10, 768 }, // U+0340
    { 8, 5, 0, -2, 20, 10, 778 }, // U+0341
    { 11, 4, 0, -5, 19, 11, 788 }, // U+0342
    { 5, 6, 0, -3, 20, 8, 799 }, // U+0343
    { 14, 5, 0, -6, 20, 18, 807 }, // U+0344
    { 5, 5, 0, -1, -1, 7, 825 }, // U+0345
    { 12, 6, 0, -6, 20, 18, 832 }, // U+0346
    { 11, 6, 0, -6, 0, 17, 850 }, // U+0347
    { 8, 6, 0, -4, 0, 12, 867 }, // U+0348
    { 6, 5, 0, -3, -1, 8, 879 }, // U+0349
    { 10, 6, 0, -5, 20, 15, 887 }, // U+034A
    { 10, 11, 0, -5, 24, 28, 902 }, // U+034B
    { 10, 7, 0, -5, 22, 18, 930 }, // U+034C
    { 10, 6, 0, -5, 0, 15, 948 }, // U+034D
    { 6, 6, 0, -3, 0, 9, 963 }, // U+034E
    { 18, 18, 0, -9, 18, 81, 972 }, // U+034F
    { 5, 6, 0, -3, 20, 8, 1053 }, // U+0350
    { 4, 7, 0, -2, 21, 7, 1061 }, // U+0351
    { 10, 7, 0, -5, 22, 18, 1068 }, // U+0352
    { 6, 6, 0, -3, 0, 9, 1086 }, // U+0353
    { 5, 5, 0, -3, -1, 7, 1095 }, // U+0354
    { 5, 5, 0, -3, -1, 7, 1102 }, // U+0355
    { 10, 5, 0, -5, -1, 13, 1109 }, // U+0356
    { 4, 7, 0, -2, 21, 7, 1122 }, // U+0357
    { 5, 5, 0, 2, 20, 7, 1129 }, // U+0358
    { 6, 6, 0, -3, 0, 9, 1136 }, // U+0359
    { 10, 6, 0, -5, 0, 15, 1145 }, // U+035A
    { 6, 6, 0, -3, 20, 9, 1160 }, // U+035B
    { 20, 5, 0, -10, -1, 25, 1169 }, // U+035C
    { 20, 5, 0, -10, 20, 25, 1194 }, // U+035D
    { 16, 2, 0, -8, 17, 8, 1219 }, // U+035E
    { 16, 2, 0, -8, -2, 8, 1227 }, // U+035F
    { 20, 4, 0, -10, 19, 20, 1235 }, // U+0360
    { 20, 6, 0, -10, 22, 30, 1255 }, // U+0361
    { 21, 6, 0, -10, 0, 32, 1285 }, // U+0362
    { 6, 7, 0, -3, 22, 11, 1317 }, // U+0363
    { 7, 7, 0, -3, 22, 13, 1328 }, // U+0364
    { 3, 9, 0, -1, 24, 7, 1341 }, // U+0365
    { 7, 7, 0, -3, 22, 13, 1348 }, // U+0366
    { 7, 6, 0, -3, 21, 11, 1361 }, // U+0367
    { 6, 7, 0, -3, 22, 11, 1372 }, // U+0368
    { 6, 9, 0, -3, 24, 14, 1383 }, // U+0369
    { 7, 9, 0, -3, 24, 16, 1397 }, // U+036A
    { 10, 7, 0, -5, 22, 18, 1413 }, // U+036B
    { 5, 7, 0, -2, 22, 9, 1431 }, // U+036C
    { 5, 8, 0, -2, 23, 10, 1440 }, // U+036D
    { 7, 6, 0, -3, 21, 11, 1450 }, // U+036E
    { 8, 6, 0, -4, 21, 12, 1461 }, // U+036F
    { 11, 24, 224, 2, 24, 66, 0 }, // U+0400
    { 11, 23, 224, 2, 23, 64, 66 }, // U+0401
    { 19, 19, 306, 0, 18, 91, 130 }, // U+0402
    { 12, 24, 225, 2, 24, 72, 221 }, // U+0403
    { 15, 20, 260, 1, 19, 75, 293 }, // U+0404
    { 12, 20, 219, 1, 19, 60, 368 }, // U+0405
    { 4, 18, 129, 2, 18, 18, 428 }, // U+0406
    { 8, 24, 132, 0, 24, 48, 446 }, // U+0407
    { 9, 24, 132, -2, 18, 54, 494 }, // U+0408
    { 25, 19, 414, 0, 18, 119, 548 }, // U+0409
    { 24, 18, 425, 2, 18, 108, 667 }, // U+040A
    { 18, 18, 311, 0, 18, 81, 775 }, // U+040B
    { 16, 24, 274, 2, 24, 96, 856 }, // U+040C
    { 16, 24, 316, 2, 24, 96, 952 }, // U+040D
    { 17, 25, 258, 0, 24, 107, 1048 }, // U+040E
    { 15, 22, 306, 2, 18, 83, 1155 }, // U+040F
    { 18, 18, 277, 0, 18, 81, 1238 }, // U+0410
    { 14, 18, 260, 2, 18, 63, 1319 }, // U+0411
    { 14, 18, 265, 2, 18, 63, 1382 }, // U+0412
    { 12, 18, 225, 2, 18, 54, 1445 }, // U+0413
    { 20, 22, 310, 0, 18, 110, 1499 }, // U+0414
    { 11, 18, 224, 2, 18, 50, 1609 }, // U+0415
    { 25, 18, 399, 0, 18, 113, 1659 }, // U+0416
    { 13, 20, 237, 1, 19, 65, 1772 }, // U+0417
    { 16, 18, 316, 2, 18, 72, 1837 }, // U+0418
    { 16, 24, 316, 2, 24, 96, 1909 }, // U+0419
    { 16, 18, 277, 2, 18, 72, 2005 }, // U+041A
    { 17, 19, 293, 0, 18, 81, 2077 }, // U+041B
    { 20, 18, 377, 2, 18, 90, 2158 }, // U+041C
    { 15, 18, 308, 2, 18, 68, 2248 }, // U+041D
    { 18, 20, 311, 1, 19, 90, 2316 }, // U+041E
    { 15, 18, 305, 2, 18, 68, 2406 }, // U+041F
    { 13, 18, 249, 2, 18, 59, 2474 }, // U+0420
    { 15, 20, 258, 1, 19, 75, 2533 }, // U+0421
    { 14, 18, 231, 0, 18, 63, 2608 }, // U+0422
    { 17, 19, 258, 0, 18, 81, 2671 }, // U+0423
    { 21, 20, 361, 1, 19, 105, 2752 }, // U+0424
    { 17, 18, 267, 0, 18, 77, 2857 }, // U+0425
    { 18, 22, 310, 2, 18, 99, 2934 }, // U+0426
    { 15, 18, 288, 1, 18, 68, 3033 }, // U+0427
    { 23, 18, 427, 2, 18, 104, 3101 }, // U+0428
    { 25, 22, 430, 2, 18, 138, 3205 }, // U+0429
    { 18, 18, 302, 0, 18, 81, 3343 }, // U+042A
    { 19, 18, 368, 2, 18, 86, 3424 }, // U+042B
    { 13, 18, 258, 2, 18, 59, 3510 }, // U+042C
    { 14, 20, 262, 1, 19, 70, 3569 }, // U+042D
    { 23, 20, 407, 2, 19, 115, 3639 }, // U+042E
    { 15, 18, 272, 0, 18, 68, 3754 }, // U+042F
    { 14, 15, 238, 0, 14, 53, 3822 }, // U+0430
    { 14, 21, 250, 1, 20, 74, 3875 }, // U+0431
    { 13, 14, 238, 1, 14, 46, 3949 }, // U+0432
    { 10, 14, 190, 2, 14, 35, 3995 }, // U+0433
    { 16, 18, 255, 0, 14, 72, 4030 }, // U+0434
    { 13, 15, 234, 1, 14, 49, 4102 }, // U+0435
    { 22, 14, 346, 0, 14, 77, 4151 }, // U+0436
    { 12, 15, 206, 0, 14, 45, 4228 }, // U+0437
    { 13, 14, 270, 2, 14, 46, 4273 }, // U+0438
    { 13, 20, 270, 2, 20, 65, 4319 }, // U+0439
    { 14, 14, 246, 2, 14, 49, 4384 }, // U+043A
    { 14, 15, 249, 0, 14, 53, 4433 }, // U+043B
    { 17, 14, 335, 2, 14, 60, 4486 }, // U+043C
    { 13, 14, 262, 2, 14, 46, 4546 }, // U+043D
    { 14, 15, 248, 1, 14, 53, 4592 }, // U+043E
    { 13, 14, 260, 2, 14, 46, 4645 }, // U+043F
    { 13, 20, 254, 2, 14, 65, 4691 }, // U+0440
    { 12, 15, 210, 1, 14, 45, 4756 }, // U+0441
    { 13, 14, 202, 0, 14, 46, 4801 }, // U+0442
    { 16, 20, 228, -1, 14, 80, 4847 }, // U+0443
    { 19, 25, 324, 1, 19, 119, 4927 }, // U+0444
    { 15, 14, 231, 0, 14, 53, 5046 }, // U+0445
    { 15, 18, 260, 1, 14, 68, 5099 }, // U+0446
    { 13, 14, 255, 1, 14, 46, 5167 }, // U+0447
    { 20, 14, 381, 2, 14, 70, 5213 }, // U+0448
    { 22, 18, 382, 2, 14, 99, 5283 }, // U+0449
    { 16, 14, 268, 0, 14, 56, 5382 }, // U+044A
    { 18, 14, 342, 2, 14, 63, 5438 }, // U+044B
    { 12, 14, 236, 2, 14, 42, 5501 }, // U+044C
    { 13, 15, 210, 0, 14, 49, 5543 }, // U+044D
    { 19, 15, 340, 2, 14, 72, 5592 }, // U+044E
    { 14, 14, 242, 0, 14, 49, 5664 }, // U+044F
    { 13, 21, 234, 1, 20, 69, 5713 }, // U+0450
    { 13, 20, 234, 1, 19, 65, 5782 }, // U+0451
    { 15, 25, 261, 0, 19, 94, 5847 }, // U+0452
    { 10, 20, 192, 2, 20, 50, 5941 }, // U+0453
    { 12, 15, 210, 1, 14, 45, 5991 }, // U+0454
    { 11, 15, 199, 1, 14, 42, 6036 }, // U+0455
    { 5, 19, 123, 1, 19, 24, 6078 }, // U+0456
    { 8, 19, 120, 0, 19, 38, 6102 }, // U+0457
    { 8, 26, 119, -2, 20, 52, 6140 }, // U+0458
    { 22, 15, 359, 0, 14, 83, 6192 }, // U+0459
    { 21, 14, 370, 2, 14, 74, 6275 }, // U+045A
    { 15, 19, 261, 0, 19, 72, 6349 }, // U+045B
    { 14, 20, 246, 2, 20, 70, 6421 }, // U+045C
    { 13, 20, 270, 2, 20, 65, 6491 }, // U+045D
    { 16, 26, 228, -1, 20, 104, 6556 }, // U+045E
    { 13, 18, 260, 2, 14, 59, 6660 }, // U+045F
    { 24, 18, 381, 0, 18, 108, 6719 }, // U+0460
    { 22, 14, 354, 0, 14, 77, 6827 }, // U+0461
    { 16, 18, 269, 0, 18, 72, 6904 }, // U+0462
    { 16, 17, 266, 0, 17, 68, 6976 }, // U+0463
    { 21, 20, 380, 2, 19, 105, 7044 }, // U+0464
    { 19, 15, 321, 1, 14, 72, 7149 }, // U+0465
    { 19, 18, 292, 0, 18, 86, 7221 }, // U+0466
    { 16, 14, 256, 0, 14, 56, 7307 }, // U+0467
    { 24, 18, 402, 2, 18, 108, 7363 }, // U+0468
    { 22, 14, 361, 1, 14, 77, 7471 }, // U+0469
    { 20, 18, 322, 0, 18, 90, 7548 }, // U+046A
    { 16, 14, 249, 0, 14, 56, 7638 }, // U+046B
    { 25, 18, 429, 2, 18, 113, 7694 }, // U+046C
    { 21, 14, 352, 1, 14, 74, 7807 }, // U+046D
    { 15, 28, 253, 0, 22, 105, 7881 }, // U+046E
    { 13, 23, 222, 0, 17, 75, 7986 }, // U+046F
    { 18, 18, 352, 2, 18, 81, 8061 }, // U+0470
    { 19, 25, 337, 1, 19, 119, 8142 }, // U+0471
    { 18, 20, 316, 1, 19, 90, 8261 }, // U+0472
    { 14, 15, 248, 1, 14, 53, 8351 }, // U+0473
    { 18, 18, 287, 0, 18, 81, 8404 }, // U+0474
    { 16, 14, 242, 0, 14, 56, 8485 }, // U+0475
    { 18, 24, 287, 0, 24, 108, 8541 }, // U+0476
    { 16, 20, 242, 0, 20, 80, 8649 }, // U+0477
    { 32, 25, 528, 1, 19, 200, 8729 }, // U+0478
    { 29, 20, 470, 1, 14, 145, 8929 }, // U+0479
    { 19, 22, 332, 1, 20, 105, 9074 }, // U+047A
    { 15, 18, 274, 1, 16, 68, 9179 }, // U+047B
    { 25, 28, 435, 1, 27, 175, 9247 }, // U+047C
    { 22, 24, 383, 1, 23, 132, 9422 }, // U+047D
    { 24, 23, 382, 0, 23, 138, 9554 }, // U+047E
    { 22, 19, 354, 0, 19, 105, 9692 }, // U+047F
    { 16, 25, 271, 1, 19, 100, 9797 }, // U+0480
    { 12, 20, 210, 1, 14, 60, 9897 }, // U+0481
    { 13, 17, 244, 1, 16, 56, 9957 }, // U+0482
    { 10, 5, 0, -12, 19, 13, 10013 }, // U+0483
    { 11, 4, 0, -12, 19, 11, 10026 }, // U+0484
    { 5, 6, 0, -9, 20, 8, 10037 }, // U+0485
    { 5, 6, 0, -9, 20, 8, 10045 }, // U+0486
    { 10, 4, 0, -5, 23, 10, 10053 }, // U+0487
    { 30, 27, 0, -15, 20, 203, 10063 }, // U+0488
    { 28, 28, 0, -14, 21, 196, 10266 }, // U+0489
    { 21, 30, 366, 2, 24, 158, 10462 }, // U+048A
    { 19, 25, 321, 1, 20, 119, 10620 }, // U+048B
    { 15, 18, 255, 0, 18, 68, 10739 }, // U+048C
    { 15, 19, 246, 0, 19, 72, 10807 }, // U+048D
    { 13, 18, 251, 2, 18, 59, 10879 }, // U+048E
    { 14, 20, 253, 1, 14, 70, 10938 }, // U+048F
    { 12, 22, 231, 2, 22, 66, 11008 }, // U+0490
    { 11, 18, 205, 1, 18, 50, 11074 }, // U+0491
    { 14, 18, 224, 0, 18, 63, 11124 }, // U+0492
    { 12, 14, 196, 0, 14, 42, 11187 }, // U+0493
    { 16, 25, 294, 2, 18, 100, 11229 }, // U+0494
    { 14, 21, 241, 1, 14, 74, 11329 }, // U+0495
    { 26, 24, 412, 0, 18, 156, 11403 }, // U+0496
    { 25, 19, 374, -1, 14, 119, 11559 }, // U+0497
    { 13, 25, 237, 1, 19, 82, 11678 }, // U+0498
    { 12, 20, 206, 0, 14, 60, 11760 }, // U+0499
    { 17, 24, 302, 2, 18, 102, 11820 }, // U+049A
    { 16, 19, 263, 1, 14, 76, 11922 }, // U+049B
    { 15, 18, 268, 2, 18, 68, 11998 }, // U+049C
    { 15, 14, 248, 1, 14, 53, 12066 }, // U+049D
    { 17, 18, 277, 1, 18, 77, 12119 }, // U+049E
    { 16, 19, 251, 0, 19, 76, 12196 }, // U+049F
    { 19, 18, 293, 0, 18, 86, 12272 }, // U+04A0
    { 18, 14, 278, 0, 14, 63, 12358 }, // U+04A1
    { 19, 24, 336, 2, 18, 114, 12421 }, // U+04A2
    { 17, 19, 297, 1, 14, 81, 12535 }, // U+04A3
    { 19, 18, 334, 2, 18, 86, 12616 }, // U+04A4
    { 18, 14, 303, 1, 14, 63, 12702 }, // U+04A5
    { 25, 25, 450, 2, 18, 157, 12765 }, // U+04A6
    { 21, 21, 356, 1, 14, 111, 12922 }, // U+04A7
    { 18, 21, 311, 1, 19, 95, 13033 }, // U+04A8
    { 15, 15, 262, 1, 14, 57, 13128 }, // U+04A9
    { 15, 25, 257, 1, 19, 94, 13185 }, // U+04AA
    { 12, 20, 206, 1, 14, 60, 13279 }, // U+04AB
    { 14, 24, 232, 0, 18, 84, 13339 }, // U+04AC
    { 14, 19, 220, 0, 14, 67, 13423 }, // U+04AD
    { 16, 18, 250, 0, 18, 72, 13490 }, // U+04AE
    { 15, 20, 230, 0, 14, 75, 13562 }, // U+04AF
    { 16, 18, 250, 0, 18, 72, 13637 }, // U+04B0
    { 15, 20, 230, 0, 14, 75, 13709 }, // U+04B1
    { 19, 24, 297, 0, 18, 114, 13784 }, // U+04B2
    { 16, 19, 254, 0, 14, 76, 13898 }, // U+04B3
    { 23, 24, 372, 0, 18, 138, 13974 }, // U+04B4
    { 20, 19, 316, 0, 14, 95, 14112 }, // U+04B5
    { 19, 24, 322, 1, 18, 114, 14207 }, // U+04B6
    { 17, 19, 290, 1, 14, 81, 14321 }, // U+04B7
    { 16, 18, 294, 1, 18, 72, 14402 }, // U+04B8
    { 14, 14, 264, 1, 14, 49, 14474 }, // U+04B9
    { 15, 18, 294, 2, 18, 68, 14523 }, // U+04BA
    { 14, 19, 260, 1, 19, 67, 14591 }, // U+04BB
    { 22, 20, 379, 0, 19, 110, 14658 }, // U+04BC
    { 18, 15, 283, -1, 14, 68, 14768 }, // U+04BD
    { 22, 25, 379, 0, 19, 138, 14836 }, // U+04BE
    { 18, 19, 283, -1, 14, 86, 14974 }, // U+04BF
    { 9, 18, 156, 0, 18, 41, 15060 }, // U+04C0
    { 25, 24, 400, 0, 24, 150, 15101 }, // U+04C1
    { 22, 20, 346, 0, 20, 110, 15251 }, // U+04C2
    { 16, 25, 304, 2, 18, 100, 15361 }, // U+04C3
    { 15, 21, 261, 1, 14, 79, 15461 }, // U+04C4
    { 21, 24, 335, 0, 18, 126, 15540 }, // U+04C5
    { 18, 19, 291, 0, 14, 86, 15666 }, // U+04C6
    { 15, 25, 306, 2, 18, 94, 15752 }, // U+04C7
    { 14, 21, 265, 1, 14, 74, 15846 }, // U+04C8
    { 19, 24, 343, 2, 18, 114, 15920 }, // U+04C9
    { 18, 19, 298, 1, 14, 86, 16034 }, // U+04CA
    { 16, 24, 294, 1, 18, 96, 16120 }, // U+04CB
    { 14, 19, 262, 1, 14, 67, 16216 }, // U+04CC
    { 24, 24, 414, 2, 18, 144, 16283 }, // U+04CD
    { 22, 19, 370, 1, 14, 105, 16427 }, // U+04CE
    { 9, 18, 156, 0, 18, 41, 16532 }, // U+04CF
    { 18, 24, 277, 0, 24, 108, 16573 }, // U+04D0
    { 13, 21, 240, 1, 20, 69, 16681 }, // U+04D1
    { 18, 23, 277, 0, 23, 104, 16750 }, // U+04D2
    { 13, 20, 240, 1, 19, 65, 16854 }, // U+04D3
    { 23, 18, 381, 0, 18, 104, 16919 }, // U+04D4
    { 21, 15, 367, 1, 14, 79, 17023 }, // U+04D5
    { 11, 24, 224, 2, 24, 66, 17102 }, // U+04D6
    { 13, 21, 239, 1, 20, 69, 17168 }, // U+04D7
    { 17, 20, 327, 2, 19, 85, 17237 }, // U+04D8
    { 13, 15, 239, 1, 14, 49, 17322 }, // U+04D9
    { 17, 24, 327, 2, 23, 102, 17371 }, // U+04DA
    { 13, 20, 239, 1, 19, 65, 17473 }, // U+04DB
    { 25, 23, 400, 0, 23, 144, 17538 }, // U+04DC
    { 22, 19, 346, 0, 19, 105, 17682 }, // U+04DD
    { 13, 24, 237, 1, 23, 78, 17787 }, // U+04DE
    { 12, 20, 206, 0, 19, 60, 17865 }, // U+04DF
    { 14, 19, 236, 0, 18, 67, 17925 }, // U+04E0
    { 14, 20, 232, 0, 14, 70, 17992 }, // U+04E1
    { 16, 22, 316, 2, 22, 88, 18062 }, // U+04E2
    { 13, 18, 270, 2, 18, 59, 18150 }, // U+04E3
    { 16, 23, 316, 2, 23, 92, 18209 }, // U+04E4
    { 13, 19, 270, 2, 19, 62, 18301 }, // U+04E5
    { 18, 24, 316, 1, 23, 108, 18363 }, // U+04E6
    { 14, 20, 250, 1, 19, 70, 18471 }, // U+04E7
    { 18, 20, 316, 1, 19, 90, 18541 }, // U+04E8
    { 14, 15, 250, 1, 14, 53, 18631 }, // U+04E9
    { 18, 24, 316, 1, 23, 108, 18684 }, // U+04EA
    { 14, 20, 250, 1, 19, 70, 18792 }, // U+04EB
    { 14, 24, 261, 1, 23, 84, 18862 }, // U+04EC
    { 13, 20, 210, 0, 19, 65, 18946 }, // U+04ED
    { 17, 23, 258, 0, 22, 98, 19011 }, // U+04EE
    { 16, 24, 228, -1, 18, 96, 19109 }, // U+04EF
    { 17, 24, 258, 0, 23, 102, 19205 }, // U+04F0
    { 16, 25, 228, -1, 19, 100, 19307 }, // U+04F1
    { 17, 25, 258, 0, 24, 107, 19407 }, // U+04F2
    { 15, 26, 228, 0, 20, 98, 19514 }, // U+04F3
    { 15, 23, 288, 1, 23, 87, 19612 }, // U+04F4
    { 13, 19, 255, 1, 19, 62, 19699 }, // U+04F5
    { 12, 24, 224, 2, 18, 72, 19761 }, // U+04F6
    { 11, 19, 191, 1, 14, 53, 19833 }, // U+04F7
    { 19, 23, 368, 2, 23, 110, 19886 }, // U+04F8
    { 18, 19, 342, 2, 19, 86, 19996 }, // U+04F9
    { 14, 25, 224, 0, 18, 88, 20082 }, // U+04FA
    { 12, 20, 196, 0, 14, 60, 20170 }, // U+04FB
    { 18, 25, 292, 0, 18, 113, 20230 }, // U+04FC
    { 16, 20, 258, 0, 14, 80, 20343 }, // U+04FD
    { 17, 18, 268, 0, 18, 77, 20423 }, // U+04FE
    { 15, 14, 231, 0, 14, 53, 20500 }, // U+04FF
    { 18, 24, 277, 0, 18, 108, 0 }, // U+1EA0
    { 13, 20, 240, 1, 14, 65, 108 }, // U+1EA1
    { 18, 25, 277, 0, 25, 113, 173 }, // U+1EA2
    { 13, 22, 240, 1, 21, 72, 286 }, // U+1EA3
    { 18, 25, 277, 0, 25, 113, 358 }, // U+1EA4
    { 15, 22, 240, 1, 21, 83, 471 }, // U+1EA5
    { 18, 25, 277, 0, 25, 113, 554 }, // U+1EA6
    { 15, 22, 240, -1, 21, 83, 667 }, // U+1EA7
    { 18, 26, 277, 0, 26, 117, 750 }, // U+1EA8
    { 14, 23, 240, 1, 22, 81, 867 }, // U+1EA9
    { 18, 27, 277, 0, 27, 122, 948 }, // U+1EAA
    { 13, 24, 240, 1, 23, 78, 1070 }, // U+1EAB
    { 18, 30, 277, 0, 24, 135, 1148 }, // U+1EAC
    { 13, 26, 240, 1, 20, 85, 1283 }, // U+1EAD
    { 18, 26, 277, 0, 26, 117, 1368 }, // U+1EAE
    { 13, 23, 240, 1, 22, 75, 1485 }, // U+1EAF
    { 18, 26, 277, 0, 26, 117, 1560 }, // U+1EB0
    { 13, 23, 240, 1, 22, 75, 1677 }, // U+1EB1
    { 18, 27, 277, 0, 27, 122, 1752 }, // U+1EB2
    { 13, 23, 240, 1, 22, 75, 1874 }, // U+1EB3
    { 18, 27, 277, 0, 27, 122, 1949 }, // U+1EB4
    { 13, 24, 240, 1, 23, 78, 2071 }, // U+1EB5
    { 18, 30, 277, 0, 24, 135, 2149 }, // U+1EB6
    { 13, 26, 240, 1, 20, 85, 2284 }, // U+1EB7
    { 11, 24, 224, 2, 18, 66, 2369 }, // U+1EB8
    { 13, 20, 239, 1, 14, 65, 2435 }, // U+1EB9
    { 11, 25, 224, 2, 25, 69, 2500 }, // U+1EBA
    { 13, 22, 239, 1, 21, 72, 2569 }, // U+1EBB
    { 11, 23, 224, 2, 23, 64, 2641 }, // U+1EBC
    { 13, 20, 239, 1, 19, 65, 2705 }, // U+1EBD
    { 13, 25, 224, 2, 25, 82, 2770 }, // U+1EBE
    { 15, 22, 239, 1, 21, 83, 2852 }, // U+1EBF
    { 15, 25, 224, -2, 25, 94, 2935 }, // U+1EC0
    { 15, 22, 239, -1, 21, 83, 3029 }, // U+1EC1
    { 12, 26, 224, 2, 26, 78, 3112 }, // U+1EC2
    { 14, 23, 239, 1, 22, 81, 3190 }, // U+1EC3
    { 11, 27, 224, 2, 27, 75, 3271 }, // U+1EC4
    { 13, 24, 239, 1, 23, 78, 3346 }, // U+1EC5
    { 11, 30, 224, 2, 24, 83, 3424 }, // U+1EC6
    { 13, 26, 239, 1, 20, 85, 3507 }, // U+1EC7
    { 9, 25, 156, 0, 25, 57, 3592 }, // U+1EC8
    { 6, 21, 120, 1, 21, 32, 3649 }, // U+1EC9
    { 9, 24, 156, 0, 18, 54, 3681 }, // U+1ECA
    { 5, 26, 120, 1, 20, 33, 3735 }, // U+1ECB
    { 18, 25, 316, 1, 19, 113, 3768 }, // U+1ECC
    { 14, 20, 250, 1, 14, 70, 3881 }, // U+1ECD
    { 18, 26, 316, 1, 25, 117, 3951 }, // U+1ECE
    { 14, 22, 250, 1, 21, 77, 4068 }, // U+1ECF
    { 18, 26, 316, 1, 25, 117, 4145 }, // U+1ED0
    { 15, 22, 250, 1, 21, 83, 4262 }, // U+1ED1
    { 18, 26, 316, 1, 25, 117, 4345 }, // U+1ED2
    { 16, 22, 250, -1, 21, 88, 4462 }, // U+1ED3
    { 18, 27, 316, 1, 26, 122, 4550 }, // U+1ED4
    { 14, 23, 250, 1, 22, 81, 4672 }, // U+1ED5
    { 18, 28, 316, 1, 27, 126, 4753 }, // U+1ED6
    { 14, 24, 250, 1, 23, 84, 4879 }, // U+1ED7
    { 18, 30, 316, 1, 24, 135, 4963 }, // U+1ED8
    { 14, 26, 250, 1, 20, 91, 5098 }, // U+1ED9
    { 21, 25, 328, 1, 24, 132, 5189 }, // U+1EDA
    { 17, 21, 272, 1, 20, 90, 5321 }, // U+1EDB
    { 21, 25, 328, 1, 24, 132, 5411 }, // U+1EDC
    { 17, 21, 272, 1, 20, 90, 5543 }, // U+1EDD
    { 21, 26, 328, 1, 25, 137, 5633 }, // U+1EDE
    { 17, 22, 272, 1, 21, 94, 5770 }, // U+1EDF
    { 21, 24, 328, 1, 23, 126, 5864 }, // U+1EE0
    { 17, 20, 272, 1, 19, 85, 5990 }, // U+1EE1
    { 21, 25, 328, 1, 19, 132, 6075 }, // U+1EE2
    { 17, 22, 272, 1, 16, 94, 6207 }, // U+1EE3
    { 15, 24, 302, 2, 18, 90, 6301 }, // U+1EE4
    { 14, 20, 260, 1, 14, 70, 6391 }, // U+1EE5
    { 15, 26, 302, 2, 25, 98, 6461 }, // U+1EE6
    { 14, 22, 260, 1, 21, 77, 6559 }, // U+1EE7
    { 21, 25, 354, 2, 24, 132, 6636 }, // U+1EE8
    { 19, 21, 303, 1, 20, 100, 6768 }, // U+1EE9
    { 21, 25, 354, 2, 24, 132, 6868 }, // U+1EEA
    { 19, 21, 303, 1, 20, 100, 7000 }, // U+1EEB
    { 21, 26, 354, 2, 25, 137, 7100 }, // U+1EEC
    { 19, 22, 303, 1, 21, 105, 7237 }, // U+1EED
    { 21, 24, 354, 2, 23, 126, 7342 }, // U+1EEE
    { 19, 20, 303, 1, 19, 95, 7468 }, // U+1EEF
    { 21, 25, 354, 2, 19, 132, 7563 }, // U+1EF0
    { 19, 22, 303, 1, 16, 105, 7695 }, // U+1EF1
    { 16, 24, 250, 0, 24, 96, 7800 }, // U+1EF2
    { 15, 26, 228, 0, 20, 98, 7896 }, // U+1EF3
    { 16, 24, 250, 0, 18, 96, 7994 }, // U+1EF4
    { 15, 20, 228, 0, 14, 75, 8090 }, // U+1EF5
    { 16, 25, 250, 0, 25, 100, 8165 }, // U+1EF6
    { 15, 27, 228, 0, 21, 102, 8265 }, // U+1EF7
    { 16, 23, 250, 0, 23, 92, 8367 }, // U+1EF8
    { 15, 25, 228, 0, 19, 94, 8459 }, // U+1EF9
    { 0, 0, 200, 0, 0, 0, 0 }, // U+2000
    { 0, 0, 400, 0, 0, 0, 0 }, // U+2001
    { 0, 0, 200, 0, 0, 0, 0 }, // U+2002
    { 0, 0, 400, 0, 0, 0, 0 }, // U+2003
    { 0, 0, 133, 0, 0, 0, 0 }, // U+2004
    { 0, 0, 100, 0, 0, 0, 0 }, // U+2005
    { 0, 0, 67, 0, 0, 0, 0 }, // U+2006
    { 0, 0, 229, 0, 0, 0, 0 }, // U+2007
    { 0, 0, 112, 0, 0, 0, 0 }, // U+2008
    { 0, 0, 66, 0, 0, 0, 0 }, // U+2009
    { 0, 0, 40, 0, 0, 0, 0 }, // U+200A
    { 0, 0, 0, 0, 0, 0, 0 }, // U+200B
    { 0, 0, 0, 0, 0, 0, 0 }, // U+200C
    { 0, 0, 0, 0, 0, 0, 0 }, // U+200D
    { 7, 22, 0, -1, 18, 39, 0 }, // U+200E
    { 7, 22, 0, -6, 18, 39, 39 }, // U+200F
    { 8, 4, 128, 0, 9, 8, 78 }, // U+2010
    { 8, 4, 128, 0, 9, 8, 86 }, // U+2011
    { 13, 4, 231, 1, 11, 13, 94 }, // U+2012
    { 12, 4, 200, 0, 9, 12, 107 }, // U+2013
    { 25, 4, 400, 0, 9, 25, 119 }, // U+2014
    { 25, 4, 400, 0, 9, 25, 144 }, // U+2015
    { 10, 25, 220, 2, 19, 63, 169 }, // U+2016
    { 12, 6, 164, -1, 0, 18, 232 }, // U+2017
    { 6, 7, 87, 0, 18, 11, 250 }, // U+2018
    { 6, 7, 87, 0, 18, 11, 261 }, // U+2019
    { 6, 7, 114, 0, 4, 11, 272 }, // U+201A
    { 6, 7, 87, 0, 18, 11, 283 }, // U+201B
    { 11, 7, 178, 0, 18, 20, 294 }, // U+201C
    { 11, 7, 178, 0, 18, 20, 314 }, // U+201D
    { 12, 7, 205, 0, 3, 21, 334 }, // U+201E
    { 11, 7, 178, 0, 18, 20, 355 }, // U+201F
    { 11, 19, 205, 1, 19, 53, 375 }, // U+2020
    { 11, 19, 208, 1, 19, 53, 428 }, // U+2021
    { 8, 8, 150, 1, 13, 16, 481 }, // U+2022
    { 9, 10, 150, 1, 14, 23, 497 }, // U+2023
    { 5, 5, 200, 4, 4, 7, 520 }, // U+2024
    { 13, 5, 230, 1, 4, 17, 527 }, // U+2025
    { 19, 5, 342, 1, 4, 24, 544 }, // U+2026
    { 5, 5, 112, 1, 9, 7, 568 }, // U+2027
    { 0, 0, 240, 0, 0, 0, 575 }, // U+2028
    { 0, 0, 240, 0, 0, 0, 575 }, // U+2029
    { 7, 20, 0, -1, 16, 35, 575 }, // U+202A
    { 7, 20, 0, -6, 16, 35, 610 }, // U+202B
    { 6, 22, 0, -3, 18, 33, 645 }, // U+202C
    { 6, 22, 0, -3, 18, 33, 678 }, // U+202D
    { 6, 22, 0, -3, 18, 33, 711 }, // U+202E
    { 0, 0, 66, 0, 0, 0, 744 }, // U+202F
    { 32, 20, 512, 0, 19, 160, 744 }, // U+2030
    { 41, 20, 667, 0, 19, 205, 904 }, // U+2031
    { 7, 7, 121, 1, 18, 13, 1109 }, // U+2032
    { 13, 7, 210, 1, 18, 23, 1122 }, // U+2033
    { 18, 7, 298, 1, 18, 32, 1145 }, // U+2034
    { 7, 7, 169, 1, 18, 13, 1177 }, // U+2035
    { 13, 7, 257, 1, 18, 23, 1190 }, // U+2036
    { 18, 7, 346, 1, 18, 32, 1213 }, // U+2037
    { 10, 9, 163, 0, 3, 23, 1245 }, // U+2038
    { 9, 12, 146, 0, 13, 27, 1268 }, // U+2039
    { 9, 12, 146, 0, 13, 27, 1295 }, // U+203A
    { 19, 20, 340, 1, 19, 95, 1322 }, // U+203B
    { 12, 19, 228, 1, 18, 57, 1417 }, // U+203C
    { 12, 20, 191, 0, 19, 60, 1474 }, // U+203D
    { 14, 3, 200, -1, 22, 11, 1534 }, // U+203E
    { 15, 6, 244, 0, 0, 23, 1545 }, // U+203F
    { 15, 6, 244, 0, 20, 23, 1568 }, // U+2040
    { 11, 17, 170, 0, 11, 47, 1591 }, // U+2041
    { 28, 23, 448, 0, 19, 161, 1638 }, // U+2042
    { 7, 4, 128, 1, 9, 7, 1799 }, // U+2043
    { 14, 18, 52, -5, 18, 63, 1806 }, // U+2044
    { 7, 22, 132, 1, 18, 39, 1869 }, // U+2045
    { 7, 22, 132, 0, 18, 39, 1908 }, // U+2046
    { 24, 20, 380, 0, 19, 120, 1947 }, // U+2047
    { 18, 20, 305, 0, 19, 90, 2067 }, // U+2048
    { 18, 20, 305, 1, 19, 90, 2157 }, // U+2049
    { 13, 14, 235, 1, 14, 46, 2247 }, // U+204A
    { 14, 23, 259, 1, 19, 81, 2293 }, // U+204B
    { 14, 13, 262, 1, 14, 46, 2374 }, // U+204C
    { 14, 13, 262, 2, 14, 46, 2420 }, // U+204D
    { 13, 12, 217, 0, 7, 39, 2466 }, // U+204E
    { 6, 18, 114, 1, 14, 27, 2505 }, // U+204F
    { 15, 26, 240, 0, 20, 98, 2532 }, // U+2050
    { 13, 25, 217, 0, 19, 82, 2630 }, // U+2051
    { 11, 20, 169, 0, 19, 55, 2712 }, // U+2052
    { 24, 5, 400, 1, 10, 30, 2767 }, // U+2053
    { 15, 6, 240, 0, 0, 23, 2797 }, // U+2054
    { 14, 13, 224, 0, 13, 46, 2820 }, // U+2055
    { 13, 20, 232, 1, 19, 65, 2866 }, // U+2056
    { 23, 7, 374, 1, 18, 41, 2931 }, // U+2057
    { 20, 20, 349, 1, 19, 100, 2972 }, // U+2058
    { 20, 20, 349, 1, 19, 100, 3072 }, // U+2059
    { 5, 20, 114, 1, 19, 25, 3172 }, // U+205A
    { 15, 21, 277, 1, 20, 79, 3197 }, // U+205B
    { 21, 20, 341, 0, 19, 105, 3276 }, // U+205C
    { 5, 20, 112, 1, 19, 25, 3381 }, // U+205D
    { 5, 20, 114, 1, 19, 25, 3406 }, // U+205E
    { 0, 0, 89, 0, 0, 0, 3431 }, // U+205F
    { 0, 0, 240, 0, 0, 0, 3431 }, // U+2060
    { 0, 0, 240, 0, 0, 0, 3431 }, // U+2061
    { 0, 0, 240, 0, 0, 0, 3431 }, // U+2062
    { 0, 0, 240, 0, 0, 0, 3431 }, // U+2063
    { 0, 0, 240, 0, 0, 0, 3431 }, // U+2064
    { 0, 0, 0, 0, 0, 0, 3431 }, // U+2066
    { 0, 0, 0, 0, 0, 0, 3431 }, // U+2067
    { 0, 0, 0, 0, 0, 0, 3431 }, // U+2068
    { 0, 0, 0, 0, 0, 0, 3431 }, // U+2069
    { 6, 22, 0, -3, 18, 33, 3431 }, // U+206A
    { 6, 22, 0, -3, 18, 33, 3464 }, // U+206B
    { 6, 22, 0, -3, 18, 33, 3497 }, // U+206C
    { 6, 22, 0, -3, 18, 33, 3530 }, // U+206D
    { 6, 22, 0, -3, 18, 33, 3563 }, // U+206E
    { 6, 22, 0, -3, 18, 33, 3596 }, // U+206F
    { 9, 12, 152, 0, 22, 27, 0 }, // U+2070
    { 3, 12, 78, 1, 19, 9, 27 }, // U+2071
    { 10, 12, 152, 0, 22, 30, 36 }, // U+2074
    { 8, 12, 152, 1, 22, 24, 66 }, // U+2075
    { 9, 12, 152, 0, 22, 27, 90 }, // U+2076
    { 9, 12, 152, 0, 22, 27, 117 }, // U+2077
    { 9, 12, 152, 0, 22, 27, 144 }, // U+2078
    { 9, 12, 152, 0, 22, 27, 171 }, // U+2079
    { 9, 8, 144, 0, 19, 18, 198 }, // U+207A
    { 9, 2, 144, 0, 16, 5, 216 }, // U+207B
    { 9, 6, 144, 0, 18, 14, 221 }, // U+207C
    { 5, 15, 97, 1, 23, 19, 235 }, // U+207D
    { 5, 15, 97, 0, 23, 19, 254 }, // U+207E
    { 9, 9, 169, 1, 16, 21, 273 }, // U+207F
    { 9, 12, 152, 0, 8, 27, 294 }, // U+2080
    { 7, 12, 152, 0, 8, 21, 321 }, // U+2081
    { 9, 12, 152, 0, 8, 27, 342 }, // U+2082
    { 9, 12, 152, 0, 8, 27, 369 }, // U+2083
    { 10, 12, 152, 0, 8, 30, 396 }, // U+2084
    { 8, 12, 152, 1, 8, 24, 426 }, // U+2085
    { 9, 12, 152, 0, 8, 27, 450 }, // U+2086
    { 9, 12, 152, 0, 8, 27, 477 }, // U+2087
    { 9, 12, 152, 0, 8, 27, 504 }, // U+2088
    { 9, 12, 152, 0, 8, 27, 531 }, // U+2089
    { 9, 8, 144, 0, 6, 18, 558 }, // U+208A
    { 9, 2, 144, 0, 3, 5, 576 }, // U+208B
    { 9, 6, 144, 0, 5, 14, 581 }, // U+208C
    { 5, 15, 97, 1, 9, 19, 595 }, // U+208D
    { 5, 15, 97, 0, 9, 19, 614 }, // U+208E
    { 9, 9, 156, 0, 6, 21, 633 }, // U+2090
    { 9, 9, 155, 0, 6, 21, 654 }, // U+2091
    { 10, 9, 162, 0, 6, 23, 675 }, // U+2092
    { 10, 9, 150, 0, 6, 23, 698 }, // U+2093
    { 9, 9, 155, 0, 6, 21, 721 }, // U+2094
    { 9, 12, 169, 1, 9, 27, 742 }, // U+2095
    { 10, 12, 158, 1, 9, 30, 769 }, // U+2096
    { 3, 12, 78, 1, 9, 9, 799 }, // U+2097
    { 14, 9, 254, 1, 6, 32, 808 }, // U+2098
    { 9, 9, 169, 1, 6, 21, 840 }, // U+2099
    { 9, 12, 164, 1, 6, 27, 861 }, // U+209A
    { 8, 9, 130, 0, 6, 18, 888 }, // U+209B
    { 7, 11, 110, 0, 8, 20, 906 }, // U+209C
    { 14, 19, 229, 0, 19, 67, 0 }, // U+20A0
    { 15, 21, 244, 0, 19, 79, 67 }, // U+20A1
    { 14, 20, 229, 0, 19, 70, 146 }, // U+20A2
    { 13, 18, 229, 0, 18, 59, 216 }, // U+20A3
    { 13, 19, 229, 1, 19, 62, 275 }, // U+20A4
    { 22, 20, 390, 1, 17, 110, 337 }, // U+20A5
    { 15, 18, 229, 0, 18, 68, 447 }, // U+20A6
    { 21, 19, 356, 1, 18, 100, 515 }, // U+20A7
    { 22, 19, 367, 1, 18, 105, 615 }, // U+20A8
    { 19, 18, 295, 0, 18, 86, 720 }, // U+20A9
    { 19, 18, 368, 2, 18, 86, 806 }, // U+20AA
    { 15, 23, 258, 1, 19, 87, 892 }, // U+20AB
    { 15, 19, 229, 0, 18, 72, 979 }, // U+20AC
    { 15, 18, 229, 0, 18, 68, 1051 }, // U+20AD
    { 14, 18, 229, 0, 18, 63, 1119 }, // U+20AE
    { 25, 25, 404, 0, 19, 157, 1182 }, // U+20AF
    { 14, 25, 244, 0, 19, 88, 1339 }, // U+20B0
    { 15, 18, 229, 0, 18, 68, 1427 }, // U+20B1
    { 16, 21, 294, 1, 19, 84, 1495 }, // U+20B2
    { 17, 18, 260, 0, 18, 77, 1579 }, // U+20B3
    { 15, 20, 229, 0, 19, 75, 1656 }, // U+20B4
    { 15, 21, 255, 1, 19, 79, 1731 }, // U+20B5
    { 17, 18, 278, 0, 17, 77, 1810 }, // U+20B6
    { 18, 21, 292, 0, 19, 95, 1887 }, // U+20B7
    { 14, 18, 229, 0, 18, 63, 1982 }, // U+20B8
    { 12, 18, 229, 1, 18, 54, 2045 }, // U+20B9
    { 14, 19, 229, 0, 18, 67, 2099 }, // U+20BA
    { 20, 20, 325, 0, 19, 100, 2166 }, // U+20BB
    { 20, 18, 350, 1, 18, 90, 2266 }, // U+20BC
    { 15, 18, 240, 0, 18, 68, 2356 }, // U+20BD
    { 18, 20, 316, 1, 20, 90, 2424 }, // U+20BE
    { 12, 24, 229, 2, 21, 72, 2514 }, // U+20BF
    { 12, 19, 210, 1, 14, 57, 2586 }, // U+20C0
    { 13, 4, 232, 1, 11, 13, 0 }, // U+2212
    { 21, 20, 309, 0, 20, 105, 0 }, // U+FB00
    { 16, 20, 274, 0, 20, 80, 105 }, // U+FB01
    { 16, 20, 277, 0, 20, 80, 185 }, // U+FB02
    { 26, 20, 428, 0, 20, 130, 265 }, // U+FB03
    { 25, 20, 432, 0, 20, 125, 395 }, // U+FB04
    { 18, 21, 313, 1, 20, 95, 520 }, // U+FB05
    { 22, 21, 372, 1, 20, 116, 615 }, // U+FB06
    { 23, 23, 400, 1, 19, 133, 0 }, // U+FFFD
};

static const EpdUnicodeInterval notosans_12_boldIntervals[] = {
    { 0x0, 0x0, 0x0 },
    { 0xD, 0xD, 0x1 },
    { 0x20, 0x7E, 0x2 },
    { 0xA0, 0x17F, 0x61 },
    { 0x1A0, 0x1A1, 0x141 },
    { 0x1AF, 0x1B0, 0x143 },
    { 0x1C4, 0x21F, 0x145 },
    { 0x300, 0x36F, 0x1A1 },
    { 0x400, 0x4FF, 0x211 },
    { 0x1EA0, 0x1EF9, 0x311 },
    { 0x2000, 0x2064, 0x36B },
    { 0x2066, 0x2071, 0x3D0 },
    { 0x2074, 0x208E, 0x3DC },
    { 0x2090, 0x209C, 0x3F7 },
    { 0x20A0, 0x20C0, 0x404 },
    { 0x2212, 0x2212, 0x425 },
    { 0xFB00, 0xFB06, 0x426 },
    { 0xFFFD, 0xFFFD, 0x42D },
};

static const EpdFontGroup notosans_12_boldGroups[] = {
    { 0, 2383, 5906, 97, 0 },
    { 2383, 2181, 7162, 96, 97 },
    { 4564, 2670, 10819, 128, 193 },
    { 7234, 2794, 9919, 96, 321 },
    { 10028, 1011, 1678, 112, 417 },
    { 11039, 7008, 22428, 256, 529 },
    { 18047, 1789, 9604, 90, 785 },
    { 19836, 1724, 4084, 111, 875 },
    { 21560, 497, 1189, 42, 986 },
    { 22057, 1432, 2873, 33, 1028 },
    { 23489, 14, 16, 1, 1061 },
    { 23503, 248, 791, 7, 1062 },
    { 23751, 89, 138, 1, 1069 },
};

static const uint16_t notosans_12_boldKernLeftCodepoints[] = {
    0x0022, 0x0026, 0x0027, 0x0028, 0x002C, 0x002D, 0x002E, 0x003A, 0x0041, 0x0042, 0x0043, 0x0044,
    0x0045, 0x0046, 0x004B, 0x004C, 0x004F, 0x0050, 0x0051, 0x0052, 0x0054, 0x0055, 0x0056, 0x0057,
    0x0058, 0x0059, 0x005A, 0x005B, 0x005F, 0x0061, 0x0062, 0x0063, 0x0065, 0x0066, 0x0068, 0x006D,
    0x006E, 0x006F, 0x0070, 0x0072, 0x0074, 0x0076, 0x0077, 0x0078, 0x0079, 0x007B, 0x00A1, 0x00AB,
    0x00BB, 0x00BF, 0x00C0, 0x00C1, 0x00C2, 0x00C3, 0x00C4, 0x00C5, 0x00C6, 0x00C7, 0x00C8, 0x00C9,
    0x00CA, 0x00CB, 0x00D0, 0x00D2, 0x00D3, 0x00D4, 0x00D5, 0x00D6, 0x00D8, 0x00D9, 0x00DA, 0x00DB,
    0x00DC, 0x00DD, 0x00DE, 0x00E0, 0x00E1, 0x00E2, 0x00E3, 0x00E4, 0x00E5, 0x00E6, 0x00E8, 0x00E9,
    0x00EA, 0x00EB, 0x00EE, 0x00EF, 0x00F0, 0x00F2, 0x00F3, 0x00F4, 0x00F5, 0x00F6, 0x00F8, 0x00FD,
    0x00FE, 0x00FF, 0x0100, 0x0101, 0x0102, 0x0103, 0x0104, 0x0105, 0x0106, 0x0108, 0x010A, 0x010C,
    0x010E, 0x010F, 0x0110, 0x0112, 0x0113, 0x0114, 0x0115, 0x0116, 0x0117, 0x0118, 0x0119, 0x011A,
    0x011B, 0x0125, 0x0129, 0x012B, 0x012E, 0x0136, 0x0138, 0x0139, 0x013B, 0x013D, 0x013E, 0x013F,
    0x0141, 0x0144, 0x0146, 0x0149, 0x014B, 0x014C, 0x014D, 0x014E, 0x014F, 0x0150, 0x0151, 0x0152,
    0x0153, 0x0155, 0x0157, 0x0159, 0x0162, 0x0163, 0x0164, 0x0165, 0x0166, 0x0167, 0x0168, 0x016A,
    0x016C, 0x016E, 0x0170, 0x0172, 0x0174, 0x0175, 0x0176, 0x0177, 0x0178, 0x0179, 0x017B, 0x017D,
    0x01A0, 0x01A1, 0x01AF, 0x01B0, 0x01FA, 0x01FB, 0x01FC, 0x01FD, 0x01FE, 0x020B, 0x021A, 0x021B,
    0x0400, 0x0401, 0x0402, 0x0403, 0x0404, 0x0405, 0x0409, 0x040A, 0x040B, 0x040C, 0x040E, 0x0410,
    0x0411, 0x0412, 0x0413, 0x0414, 0x0415, 0x0416, 0x0417, 0x041A, 0x041E, 0x0420, 0x0421, 0x0422,
    0x0423, 0x0424, 0x0425, 0x0426, 0x0429, 0x042A, 0x042C, 0x042D, 0x042E, 0x0430, 0x0431, 0x0432,
    0x0433, 0x0434, 0x0435, 0x0436, 0x0437, 0x0438, 0x0439, 0x043A, 0x043B, 0x043C, 0x043D, 0x043E,
    0x043F, 0x0440, 0x0441, 0x0442, 0x0443, 0x0444, 0x0445, 0x0446, 0x0447, 0x0448, 0x0449, 0x044A,
    0x044B, 0x044C, 0x044D, 0x044E, 0x044F, 0x0450, 0x0451, 0x0452, 0x0453, 0x0454, 0x0455, 0x0457,
    0x0458, 0x0459, 0x045A, 0x045B, 0x045C, 0x045D, 0x045E, 0x045F, 0x0460, 0x0461, 0x0462, 0x0463,
    0x0464, 0x0465, 0x0466, 0x0467, 0x0468, 0x0469, 0x046E, 0x0471, 0x0472, 0x0473, 0x0474, 0x0475,
    0x0476, 0x0477, 0x0478, 0x0479, 0x047A, 0x047B, 0x047C, 0x047D, 0x047E, 0x047F, 0x0480, 0x048A,
    0x048B, 0x048C, 0x048D, 0x048E, 0x048F, 0x0490, 0x0491, 0x0492, 0x0493, 0x0496, 0x0497, 0x0498,
    0x0499, 0x049A, 0x049B, 0x049C, 0x049D, 0x049E, 0x049F, 0x04A0, 0x04A1, 0x04A2, 0x04A3, 0x04A4,
    0x04A5, 0x04A9, 0x04AA, 0x04AB, 0x04AC, 0x04AD, 0x04AE, 0x04AF, 0x04B0, 0x04B1, 0x04B2, 0x04B3,
    0x04B4, 0x04B5, 0x04B6, 0x04B7, 0x04BC, 0x04BD, 0x04BE, 0x04BF, 0x04C1, 0x04C2, 0x04C5, 0x04C6,
    0x04C9, 0x04CA, 0x04CD, 0x04CE, 0x04D0, 0x04D1, 0x04D2, 0x04D3, 0x04D4, 0x04D5, 0x04D6, 0x04D7,
    0x04D8, 0x04D9, 0x04DA, 0x04DB, 0x04DC, 0x04DD, 0x04DE, 0x04DF, 0x04E3, 0x04E5, 0x04E6, 0x04E7,
    0x04E8, 0x04E9, 0x04EA, 0x04EB, 0x04EC, 0x04ED, 0x04EE, 0x04EF, 0x04F0, 0x04F1, 0x04F2, 0x04F3,
    0x04F5, 0x04F6, 0x04F7, 0x04F9, 0x04FA, 0x04FB, 0x04FC, 0x04FD, 0x04FE, 0x04FF, 0x1EA0, 0x1EA1,
    0x1EA2, 0x1EA3, 0x1EA4, 0x1EA5, 0x1EA6, 0x1EA7, 0x1EA8, 0x1EA9, 0x1EAA, 0x1EAB, 0x1EAC, 0x1EAD,
    0x1EAE, 0x1EAF, 0x1EB0, 0x1EB1, 0x1EB2, 0x1EB3, 0x1EB4, 0x1EB5, 0x1EB6, 0x1EB7, 0x1EB8, 0x1EB9,
    0x1EBA, 0x1EBB, 0x1EBC, 0x1EBD, 0x1EBE, 0x1EBF, 0x1EC0, 0x1EC1, 0x1EC2, 0x1EC3, 0x1EC4, 0x1EC5,
    0x1EC6, 0x1EC7, 0x1ECC, 0x1ECD, 0x1ECE, 0x1ECF, 0x1ED0, 0x1ED1, 0x1ED2, 0x1ED3, 0x1ED4, 0x1ED5,
    0x1ED6, 0x1ED7, 0x1ED8, 0x1ED9, 0x1EDA, 0x1EDB, 0x1EDC, 0x1EDD, 0x1EDE, 0x1EDF, 0x1EE0, 0x1EE1,
    0x1EE2, 0x1EE3, 0x1EE4, 0x1EE6, 0x1EE8, 0x1EE9, 0x1EEA, 0x1EEB, 0x1EEC, 0x1EED, 0x1EEE, 0x1EEF,
    0x1EF0, 0x1EF1, 0x1EF2, 0x1EF3, 0x1EF4, 0x1EF5, 0x1EF6, 0x1EF7, 0x1EF8, 0x1EF9, 0x2013, 0x2014,
    0x2015, 0x2018, 0x2019, 0x201A, 0x201C, 0x201D, 0x201E, 0x2039, 0x203A, 0xFB00,
};

static const uint8_t notosans_12_boldKernLeftClassIds[] = {
      1,   2,   1,   3,   4,   5,   4,   6,   7,   8,   9,  10,  11,  12,   9,  13,
     10,  14,  10,  15,  16,  17,  18,  18,   9,  19,  20,   3,  21,  22,  23,  24,
     23,  25,  22,  22,  22,  23,  23,  26,  24,  27,  27,  28,  27,   3,  29,  30,
     31,  32,   7,   7,   7,   7,   7,   7,  11,   9,  11,  11,  11,  11,  10,  10,
     10,  10,  10,  10,  10,  17,  17,  17,  17,  19,  14,  22,  22,  22,  22,  22,
     22,  23,  23,  23,  23,  23,  33,  33,  23,  23,  23,  23,  23,  23,  23,  27,
     23,  27,   7,  22,   7,  22,  34,  22,   9,   9,   9,   9,  10,  35,  10,  11,
     23,  11,  23,  11,  23,  11,  23,  11,  23,  22,  36,  33,  37,   9,  28,  13,
     13,  13,  35,  13,  13,  22,  22,  22,  22,  10,  23,  10,  23,  10,  23,  11,
     23,  26,  26,  26,  16,  24,  16,  38,  16,  24,  17,  17,  17,  17,  17,  17,
     18,  27,  19,  27,  19,  20,  20,  20,  39,  40,  41,  42,   7,  22,  11,  23,
     10,  33,  16,  24,  43,  43,  44,  45,  46,  47,  48,  48,  44,  49,  50,  51,
     52,  53,  45,  54,  43,  49,  53,  49,  55,  56,  46,  45,  50,  57,  49,  54,
     54,  48,  48,  55,  55,  58,  59,  60,  61,  62,  63,  64,  60,  65,  65,  64,
     65,  65,  65,  63,  65,  63,  66,  61,  67,  63,  64,  62,  65,  65,  62,  68,
     65,  68,  63,  63,  65,  63,  63,  69,  70,  66,  71,  72,  73,  68,  68,  74,
     64,  65,  67,  65,  55,  75,  76,  68,  46,  66,  51,  77,  51,  77,  78,  63,
     55,  63,  50,  75,  50,  75,  67,  67,  55,  63,  55,  63,  55,  75,  46,  54,
     62,  76,  68,  56,  63,  79,  80,  81,  82,  83,  84,  78,  60,  83,  84,  49,
     64,  49,  64,  49,  64,  54,  62,  81,  80,  63,  46,  66,  79,  80,  85,  86,
     85,  86,  83,  84,  54,  62,  54,  62,  87,  88,  87,  88,  49,  64,  54,  62,
     54,  62,  54,  62,  51,  58,  51,  58,  43,  88,  43,  88,  55,  63,  55,  63,
     49,  64,  78,  60,  65,  65,  55,  63,  55,  63,  55,  63,  55,  63,  50,  67,
     50,  67,  50,  67,  65,  79,  80,  65,  81,  82,  83,  84,  49,  84,   7,  22,
      7,  22,   7,  22,   7,  22,   7,  22,   7,  22,   7,  22,   7,  22,   7,  22,
      7,  22,   7,  22,   7,  22,  11,  23,  11,  23,  11,  23,  11,  23,  11,  23,
     11,  23,  11,  23,  11,  23,  10,  23,  10,  23,  10,  23,  10,  23,  10,  23,
     10,  23,  10,  23,  39,  40,  39,  40,  39,  40,  39,  40,  39,  40,  17,  17,
     41,  42,  41,  42,  41,  42,  41,  42,  41,  42,  19,  27,  19,  27,  19,  27,
     19,  27,   5,   5,   5,   1,   1,   4,   1,   1,   4,  30,  31,  25,
};

static const uint16_t notosans_12_boldKernRightCodepoints[] = {
    0x0021, 0x0022, 0x0026, 0x0027, 0x0029, 0x002C, 0x002D, 0x002E, 0x003A, 0x003B, 0x003F, 0x0041,
    0x0043, 0x0047, 0x0049, 0x004A, 0x004F, 0x0051, 0x0054, 0x0055, 0x0056, 0x0057, 0x0058, 0x0059,
    0x005A, 0x005D, 0x0061, 0x0062, 0x0063, 0x0064, 0x0065, 0x0066, 0x0067, 0x0068, 0x006A, 0x006B,
    0x006C, 0x006D, 0x006E, 0x006F, 0x0070, 0x0071, 0x0072, 0x0073, 0x0074, 0x0075, 0x0076, 0x0077,
    0x0078, 0x0079, 0x007A, 0x007D, 0x00AB, 0x00BB, 0x00C0, 0x00C1, 0x00C2, 0x00C3, 0x00C4, 0x00C5,
    0x00C6, 0x00C7, 0x00D2, 0x00D3, 0x00D4, 0x00D5, 0x00D6, 0x00D8, 0x00D9, 0x00DA, 0x00DB, 0x00DC,
    0x00DD, 0x00E0, 0x00E1, 0x00E2, 0x00E3, 0x00E4, 0x00E5, 0x00E6, 0x00E7, 0x00E8, 0x00E9, 0x00EA,
    0x00EB, 0x00F2, 0x00F3, 0x00F4, 0x00F5, 0x00F6, 0x00F8, 0x00F9, 0x00FA, 0x00FB, 0x00FC, 0x00FD,
    0x00FE, 0x00FF, 0x0100, 0x0101, 0x0102, 0x0103, 0x0104, 0x0105, 0x0106, 0x0107, 0x0108, 0x0109,
    0x010A, 0x010B, 0x010C, 0x010D, 0x010F, 0x0111, 0x0113, 0x0115, 0x0117, 0x0119, 0x011B, 0x011C,
    0x011D, 0x011E, 0x011F, 0x0120, 0x0121, 0x0122, 0x0123, 0x0125, 0x0127, 0x0129, 0x0137, 0x0138,
    0x013A, 0x013C, 0x013E, 0x0140, 0x0144, 0x0146, 0x014B, 0x014C, 0x014D, 0x014E, 0x014F, 0x0150,
    0x0151, 0x0152, 0x0153, 0x0155, 0x0157, 0x015B, 0x015F, 0x0162, 0x0163, 0x0164, 0x0165, 0x0166,
    0x0167, 0x0168, 0x0169, 0x016A, 0x016B, 0x016C, 0x016D, 0x016E, 0x016F, 0x0170, 0x0171, 0x0172,
    0x0173, 0x0174, 0x0175, 0x0176, 0x0177, 0x0178, 0x0179, 0x017A, 0x017B, 0x017C, 0x017D, 0x017E,
    0x01A0, 0x01A1, 0x01AF, 0x01B0, 0x01FA, 0x01FB, 0x01FC, 0x01FD, 0x01FE, 0x01FF, 0x0219, 0x021A,
    0x021B, 0x0402, 0x0404, 0x0405, 0x0408, 0x0409, 0x040B, 0x040E, 0x0410, 0x0414, 0x0416, 0x0417,
    0x041B, 0x041E, 0x0421, 0x0422, 0x0423, 0x0424, 0x0425, 0x0427, 0x042A, 0x042D, 0x042F, 0x0430,
    0x0431, 0x0432, 0x0433, 0x0434, 0x0435, 0x0436, 0x0437, 0x0438, 0x0439, 0x043A, 0x043B, 0x043C,
    0x043D, 0x043E, 0x043F, 0x0440, 0x0441, 0x0442, 0x0443, 0x0444, 0x0445, 0x0446, 0x0447, 0x0448,
    0x0449, 0x044A, 0x044B, 0x044C, 0x044D, 0x044E, 0x044F, 0x0450, 0x0451, 0x0452, 0x0453, 0x0454,
    0x0455, 0x0457, 0x0458, 0x0459, 0x045A, 0x045B, 0x045C, 0x045D, 0x045E, 0x045F, 0x0460, 0x0461,
    0x0462, 0x0465, 0x0466, 0x0467, 0x0469, 0x046D, 0x046E, 0x0470, 0x0472, 0x0473, 0x0474, 0x0475,
    0x0476, 0x0477, 0x0478, 0x0479, 0x047A, 0x047B, 0x047C, 0x047D, 0x047E, 0x047F, 0x0480, 0x0481,
    0x048B, 0x048C, 0x048D, 0x048F, 0x0491, 0x0492, 0x0495, 0x0496, 0x0497, 0x0498, 0x0499, 0x049B,
    0x049D, 0x049F, 0x04A0, 0x04A1, 0x04A3, 0x04A5, 0x04A7, 0x04A8, 0x04A9, 0x04AA, 0x04AB, 0x04AC,
    0x04AD, 0x04AE, 0x04AF, 0x04B0, 0x04B1, 0x04B2, 0x04B3, 0x04B4, 0x04B5, 0x04B6, 0x04B7, 0x04B8,
    0x04B9, 0x04BB, 0x04BC, 0x04BD, 0x04BE, 0x04BF, 0x04C1, 0x04C2, 0x04C4, 0x04C5, 0x04C6, 0x04C8,
    0x04CA, 0x04CB, 0x04CC, 0x04CE, 0x04D0, 0x04D1, 0x04D2, 0x04D3, 0x04D4, 0x04D5, 0x04D7, 0x04D8,
    0x04D9, 0x04DA, 0x04DB, 0x04DC, 0x04DD, 0x04DE, 0x04DF, 0x04E3, 0x04E5, 0x04E6, 0x04E7, 0x04E8,
    0x04E9, 0x04EA, 0x04EB, 0x04EC, 0x04ED, 0x04EE, 0x04EF, 0x04F0, 0x04F1, 0x04F2, 0x04F3, 0x04F4,
    0x04F5, 0x04F7, 0x04F9, 0x04FA, 0x04FC, 0x04FD, 0x04FE, 0x04FF, 0x1EA0, 0x1EA1, 0x1EA2, 0x1EA3,
    0x1EA4, 0x1EA5, 0x1EA6, 0x1EA7, 0x1EA8, 0x1EA9, 0x1EAA, 0x1EAB, 0x1EAC, 0x1EAD, 0x1EAE, 0x1EAF,
    0x1EB0, 0x1EB1, 0x1EB2, 0x1EB3, 0x1EB4, 0x1EB5, 0x1EB6, 0x1EB7, 0x1EB9, 0x1EBB, 0x1EBD, 0x1EBF,
    0x1EC1, 0x1EC3, 0x1EC5, 0x1EC7, 0x1ECC, 0x1ECD, 0x1ECE, 0x1ECF, 0x1ED0, 0x1ED1, 0x1ED2, 0x1ED3,
    0x1ED4, 0x1ED5, 0x1ED6, 0x1ED7, 0x1ED8, 0x1ED9, 0x1EDA, 0x1EDB, 0x1EDC, 0x1EDD, 0x1EDE, 0x1EDF,
    0x1EE0, 0x1EE1, 0x1EE2, 0x1EE3, 0x1EE4, 0x1EE5, 0x1EE6, 0x1EE7, 0x1EE8, 0x1EE9, 0x1EEA, 0x1EEB,
    0x1EEC, 0x1EED, 0x1EEE, 0x1EEF, 0x1EF0, 0x1EF1, 0x1EF2, 0x1EF4, 0x1EF5, 0x1EF6, 0x1EF7, 0x1EF8,
    0x1EF9, 0x2013, 0x2014, 0x2015, 0x2018, 0x2019, 0x201A, 0x201C, 0x201D, 0x201E, 0x2026, 0x2039,
    0x203A, 0xFB00, 0xFB01, 0xFB02, 0xFB03, 0xFB04,
};

static const uint8_t notosans_12_boldKernRightClassIds[] = {
      1,   2,   3,   2,   4,   5,   6,   5,   7,   7,   8,   9,  10,  10,  11,  12,
     10,  10,  13,  14,  15,  15,  16,  17,  18,   4,  19,  20,  21,  21,  21,  22,
     23,  20,  24,  20,  20,  25,  25,  21,  25,  21,  25,  26,  22,  25,  27,  27,
     27,  27,  28,   4,  29,  30,   9,   9,   9,   9,   9,   9,  31,  10,  10,  10,
     10,  10,  10,  10,  14,  14,  14,  14,  17,  21,  19,  19,  19,  19,  19,  19,
     21,  21,  21,  21,  21,  21,  21,  21,  21,  21,  21,  25,  25,  25,  25,  27,
     20,  27,   9,  19,   9,  19,   9,  19,  10,  21,  10,  21,  10,  21,  10,  21,
     21,  21,  21,  21,  21,  21,  21,  10,  23,  10,  23,  10,  23,  10,  23,  20,
     32,  33,  20,  25,  20,  20,  20,  20,  25,  25,  25,  10,  21,  10,  21,  10,
     21,  10,  21,  25,  25,  26,  26,  13,  22,  13,  22,  13,  22,  14,  25,  14,
     25,  14,  25,  14,  25,  14,  25,  14,  25,  15,  27,  17,  27,  17,  18,  28,
     18,  28,  18,  28,  10,  21,  14,  25,   9,  19,  31,  19,  10,  21,  26,  13,
     22,  34,  35,  36,  37,  38,  34,  39,  40,  41,  42,  43,  38,  35,  35,  34,
     39,  44,  42,  45,  34,  43,  46,  47,  48,  49,  49,  50,  51,  52,  53,  49,
     49,  49,  54,  49,  49,  51,  49,  49,  51,  55,  56,  51,  52,  49,  57,  49,
     49,  55,  49,  49,  53,  49,  58,  51,  51,  59,  49,  51,  60,  61,  62,  54,
     49,  59,  49,  49,  56,  49,  63,  64,  65,  66,  40,  50,  66,  66,  43,  45,
     63,  47,  67,  64,  67,  64,  63,  47,  63,  47,  63,  47,  63,  64,  63,  47,
     66,  65,  59,  66,  66,  65,  66,  42,  52,  43,  53,  66,  66,  59,  68,  55,
     66,  66,  66,  63,  47,  63,  47,  34,  55,  69,  70,  69,  70,  42,  52,  68,
     55,  45,  57,  45,  57,  66,  71,  72,  71,  72,  42,  52,  66,  73,  50,  66,
     66,  45,  57,  66,  40,  74,  40,  74,  40,  74,  47,  75,  74,  75,  74,  42,
     52,  43,  53,  49,  49,  63,  47,  63,  47,  63,  47,  43,  53,  39,  56,  39,
     56,  39,  56,  45,  57,  66,  49,  65,  42,  52,  42,  52,   9,  19,   9,  19,
      9,  19,   9,  19,   9,  19,   9,  19,   9,  19,   9,  19,   9,  19,   9,  19,
      9,  19,   9,  19,  21,  21,  21,  21,  21,  21,  21,  21,  10,  21,  10,  21,
     10,  21,  10,  21,  10,  21,  10,  21,  10,  21,  10,  21,  10,  21,  10,  21,
     10,  21,  10,  21,  14,  25,  14,  25,  14,  25,  14,  25,  14,  25,  14,  25,
     14,  25,  17,  17,  27,  17,  27,  17,  27,   6,   6,   6,  76,   2,   5,  76,
      2,   5,   5,  29,  30,  22,  22,  22,  22,  22,
};

static const uint16_t notosans_12_boldKernRowOffsets[] = {
        0,    29,    32,    37,    54,    61,    66,    72,    73,    75,    82,    83,    87,    93,   100,   101,
      117,   119,   130,   143,   145,   146,   147,   150,   151,   154,   159,   162,   163,   167,   173,   182,
      186,   187,   193,   200,   202,   203,   208,   214,   217,   227,   230,   231,   244,   269,   275,   277,
      288,   303,   332,   351,   353,   357,   369,   385,   402,   420,   426,   438,   446,   457,   469,   481,
      493,   495,   499,   511,   529,   535,   549,   553,   557,   559,   564,   566,   573,   581,   584,   609,
      616,   632,   635,   640,   642,   654,   656,   659,   662,
};

static const uint8_t notosans_12_boldKernSparseCols[] = {
      8,  12,  14,  16,  18,  20,  22,  24,  25,  30,  32,  33,  37,  38,  39,  40,
     41,  43,  46,  49,  52,  53,  54,  55,  58,  60,  67,  72,  73,  12,  14,  16,
     11,  23,  36,  43,  61,   9,  12,  13,  14,  16,  33,  36,  38,  43,  44,  54,
     56,  62,  66,  67,  68,  70,  12,  33,  38,  41,  51,  54,  67,  33,  41,  43,
     44,  56,   1,   9,  11,  12,  14,  16,   4,   9,  28,   4,   8,  12,  14,  15,
     16,  17,  11,   3,   4,   7,   8,   1,   9,  12,  13,  14,  16,   2,   4,   8,
     15,  17,  28,  30,  28,   2,   4,   5,   7,   8,   9,  12,  18,  20,  22,  24,
     25,  26,  27,  28,  29,   4,   8,   4,   7,   8,   9,  18,  20,  22,  24,  25,
     28,  29,   2,   4,   7,   8,   9,  18,  20,  22,  24,  25,  27,  28,  29,   9,
     28,  11,   1,   1,  26,  27,   1,   1,   3,   4,   1,   4,  18,  20,  22,   1,
      4,   7,  20,  11,  12,  14,  16,  12,  14,  16,  33,  39,  67,  12,  14,  15,
     16,  33,  38,  41,  44,  67,  11,  12,  14,  16,   3,   1,   9,  11,  12,  14,
     16,   0,   1,   3,   7,  19,  31,  75,   3,  32,  11,   0,   1,   3,   7,  75,
      8,  10,  12,  14,  15,  16,  19,  21,  26,   8,   9,  10,  12,  14,  15,  16,
     18,  20,  22,  19,  21,  26,  36,   1,  33,  38,  44,  54,  55,  56,  64,  66,
     67,  68,  69,  75,   1,   4,   5,   6,  29,  33,  34,  37,  39,  40,  43,  46,
     47,  48,  49,  50,  51,  52,  53,  54,  55,  56,  57,  59,  67,  28,  34,  43,
     56,  62,  70,   4,  43,   1,   4,  33,  38,  44,  51,  54,  55,  57,  67,  75,
      1,   5,   6,  28,  34,  43,  44,  46,  47,  50,  54,  55,  56,  62,  70,   1,
      4,   5,   6,  28,  29,  34,  35,  37,  39,  40,  43,  45,  46,  47,  48,  49,
     50,  51,  52,  53,  56,  57,  58,  59,  62,  70,  71,  72,   1,  29,  33,  34,
     36,  38,  43,  44,  50,  54,  55,  56,  64,  66,  67,  68,  70,  74,  75,  51,
     55,   3,  51,  56,  57,   4,  36,  37,  40,  43,  44,  49,  53,  54,  55,  56,
     61,   4,  33,  37,  38,  39,  40,  41,  42,  49,  51,  53,  57,  66,  67,  68,
     72,   4,   5,   6,  28,  29,  37,  38,  39,  40,  41,  43,  46,  49,  50,  53,
     57,  72,   1,   3,   4,   6,  33,  35,  37,  38,  39,  40,  41,  42,  45,  49,
     51,  53,  57,  67,   1,  33,  38,  51,  54,  55,   1,  33,  38,  39,  41,  45,
     49,  51,  54,  55,  56,  57,   3,  33,  38,  41,  45,  51,  54,  55,   1,   4,
      5,  37,  39,  40,  41,  49,  50,  53,  75,   1,   4,  33,  36,  37,  40,  44,
     49,  53,  54,  56,  61,   1,  33,  38,  39,  41,  45,  49,  51,  54,  55,  56,
     57,   5,  33,  34,  38,  43,  44,  46,  50,  56,  57,  71,  75,  33,  58,   1,
     33,  50,  57,   1,   4,  37,  39,  40,  41,  46,  49,  50,  53,  57,  75,   1,
      6,  33,  38,  39,  41,  43,  44,  45,  51,  54,  55,  56,  57,  63,  69,  71,
     75,   1,  33,  36,  54,  55,  61,   1,   4,   5,  37,  38,  39,  40,  41,  49,
     50,  53,  58,  60,  75,  33,  38,  45,  57,   1,  33,  58,  60,  36,  61,   1,
     33,  36,  54,  55,   4,  49,   1,  33,  44,  54,  66,  67,  68,   1,  46,  54,
     55,  56,  63,  69,  71,   4,  66,  68,   4,   5,  28,  29,  33,  34,  37,  39,
     40,  43,  46,  49,  51,  52,  54,  55,  56,  62,  63,  65,  69,  70,  71,  72,
     73,   4,   5,  39,  46,  49,  50,  53,   4,   5,  33,  39,  46,  49,  51,  52,
     56,  58,  62,  65,  67,  70,  71,  72,   4,  46,  49,  54,  56,  62,  70,  71,
     46,  56,   4,  39,  46,  49,  56,  58,  62,  65,  71,  72,  73,  74,   4,  49,
     33,  66,  68,   1,  51,  55,
};

static const int8_t notosans_12_boldKernSparseValues[] = {
     -28,    8,    8,    4,  -16,  -24,  -12,  -12,  -12,  -32,   28,    8,  -12,    8,  -28,  -24,
       8,   -4,  -16,  -28,    8,  -20,   12,    8,   12,   12,    8,  -24,   -8,  -24,   -8,  -12,
      36,   16,   40,  -12,   24,  -20,  -28,   -8,  -24,  -24,  -20,   24,   -8,  -16,  -32,  -16,
     -24,  -20,  -24,  -28,  -24,  -24,  -16,  -16,   -8,   -4,   -4,   -8,  -16,   -5,   -2,   -2,
      -2,   -2,  -28,   -8,   20,  -28,  -16,  -24,   -4,   -8,   -8,  -16,   -8,  -12,   -4,   -8,
      -4,   -4,   24,    8,  -24,    8,   -8,  -32,   -8,   -8,   -4,   -8,  -12,   -4,  -52,  -20,
      -8,   -4,   -8,  -12,   -4,   -8,  -24,  -16,    8,  -28,   -8,    8,  -32,  -28,  -28,  -20,
     -24,   -8,  -16,  -24,  -12,   -8,   -4,  -20,    8,  -16,   -4,   -8,   -8,   -4,   -4,   -4,
     -12,   -4,  -12,  -24,    8,  -24,   -8,  -20,  -20,  -20,  -12,  -16,   -8,  -32,  -12,   -4,
      -8,   38,   -4,   -4,   -8,   -4,    8,   24,   16,   -8,   16,  -64,   -8,   -8,   -4,   16,
     -16,    8,   -8,   20,   -8,   -4,  -12,  -12,   -4,  -12,  -12,   -4,   -4,  -24,  -12,   -8,
     -32,  -24,   -8,   -8,   -8,  -16,   40,  -16,  -12,  -16,   20,  -28,   -8,   44,  -28,  -16,
     -24,   47,   42,   58,   53,   12,   28,   37,   20,   47,   20,   52,   54,   65,   56,   38,
      -8,    8,   24,   28,   20,   24,    8,   16,   20,  -12,   -4,    8,   28,   28,   20,   24,
     -12,   -8,   -8,    8,   20,   20,   20,  -28,  -20,   -8,  -12,   -8,   -8,   -8,   -8,  -16,
     -24,  -20,   -8,  -12,    8,  -20,  -16,  -12,  -12,    8,   -8,  -10,  -28,  -10,  -14,  -16,
      -8,  -12,  -16,  -16,   -4,   -4,  -12,   -4,   -3,  -12,  -16,   -8,    4,   -8,   -8,  -12,
      -8,   -8,   -8,   -8,   -4,  -36,   -4,  -24,   -8,  -12,   -8,   -8,   -8,   -8,  -12,  -24,
       8,   -4,   -4,   -8,   -8,  -16,   -4,   -4,   -8,   -8,   -4,   -4,   -8,   -8,  -20,    8,
     -28,   -8,   -4,  -20,   -8,  -16,   -8,  -31,  -48,  -42,  -12,  -14,  -20,  -16,   -4,  -38,
     -29,  -12,   -8,  -20,   -8,  -20,   20,  -12,   -4,   -8,  -12,  -20,  -28,   -4,  -28,   -8,
      20,   -7,  -14,  -24,   -4,  -12,   -8,  -12,   -8,  -16,  -20,  -24,  -20,   -4,  -16,   -4,
      -4,   -4,   -4,   -6,   -4,   12,   36,   12,   16,   -4,  -10,   12,   12,   -4,   12,   -8,
      28,  -16,   -8,   -4,  -16,   -8,   -4,   -8,   -4,   -4,   -6,   -4,   -4,   -4,   -4,   -4,
      -8,  -52,   -4,   -4,   -8,   -4,  -24,   -8,  -20,  -24,   -8,   -4,  -10,  -20,   -4,  -16,
      -4,  -24,   -4,   -5,  -16,   -4,  -14,   -4,   -8,  -12,  -14,  -12,  -16,  -12,   -4,  -10,
      -6,   -6,   -4,   -8,   -4,  -16,  -14,   -8,   -4,   -4,   -2,  -24,  -15,   -4,  -12,   -8,
      -4,   -8,   -4,  -12,   -4,   -4,   -2,  -12,   -4,   -4,   -4,   -8,   -4,   -4,   12,  -16,
      -8,   -8,  -12,  -12,   -4,  -16,   -4,  -12,   16,   -4,    8,  -12,   40,    8,   12,   -6,
       8,   10,   -6,  -12,   24,   -2,  -16,  -15,   -4,   -8,   -8,   -4,   -8,   -4,  -12,   -4,
      -4,   -4,   -4,   -6,   -4,   -6,   -4,   -8,   -8,   -8,   -4,   -8,   12,  -12,   -1,    8,
      -8,   -4,   -4,    8,  -16,   -8,   -8,  -12,   -4,   -4,  -20,  -12,  -20,  -12,   16,  -32,
      -4,  -24,   -8,   -4,   -4,   -4,  -28,   -8,   -8,  -24,  -18,  -16,   -8,   -8,  -12,   -8,
     -12,   -4,  -16,   32,  -12,  -20,    8,   12,  -16,   -8,   -8,   10,  -12,  -12,   -4,  -16,
      -4,  -12,   10,   10,   16,   -8,  -12,   -4,   -8,   12,    8,   17,    6,   12,    8,   -4,
     -16,   16,  -12,  -20,  -16,   -8,  -16,  -16,  -16,   -8,  -12,   -8,  -12,  -28,   -8,  -20,
     -12,  -12,   -8,   -8,   -8,  -16,   -4,   -4,  -24,  -16,  -24,  -12,    8,   -8,  -16,  -28,
     -20,  -12,  -28,  -24,   -8,   -8,  -16,  -16,  -20,   -8,   -8,  -20,  -16,  -20,  -28,  -20,
     -32,  -20,   -8,  -12,   -4,  -16,   -4,  -12,  -20,   -8,    8,  -24,  -16,  -20,   -8,   -8,
     -20,    8,   -8,  -12,    8,   -8,  -12,  -16,  -12,   -8,  -12,   -8,  -20,   -8,  -20,   -8,
      -4,   -4,  -24,  -24,  -20,  -20,  -16,    8,   -8,  -12,  -16,  -16,  -16,   -4,  -16,   -4,
      -8,   -4,   -4,   -4,   -8,   -4,
};

static const EpdLigaturePair notosans_12_boldLigaturePairs[] = {
    { 0x00660066, 0xFB00 }, // f f -> U+FB00
    { 0x00660069, 0xFB01 }, // f i -> U+FB01
    { 0x0066006C, 0xFB02 }, // f l -> U+FB02
    { 0xFB000069, 0xFB03 }, // U+FB00 i -> U+FB03
    { 0xFB00006C, 0xFB04 }, // U+FB00 l -> U+FB04
};

static const EpdFontData notosans_12_bold = {
    notosans_12_boldBitmaps,
    notosans_12_boldGlyphs,
    notosans_12_boldIntervals,
    18,
    34,
    27,
    -8,
    true,
    notosans_12_boldGroups,
    13,
    nullptr,
    nullptr,  // kernLeftClasses: built-in fonts use the split arrays below
    nullptr,  // kernRightClasses
    notosans_12_boldKernLeftCodepoints,
    notosans_12_boldKernLeftClassIds,
    notosans_12_boldKernRightCodepoints,
    notosans_12_boldKernRightClassIds,
    nullptr,  // kernMatrix: built-in fonts use the sparse form below
    notosans_12_boldKernRowOffsets,
    notosans_12_boldKernSparseCols,
    notosans_12_boldKernSparseValues,
    478,
    474,
    88,
    76,
    notosans_12_boldLigaturePairs,
    5,
};
