/**
 * generated by fontconvert.py
 * name: notoserif_14_bold
 * size: 14
 * mode: 2-bit  compressed: true
 * Command used: fontconvert.py notoserif_14_bold 14 ../builtinFonts/source/NotoSerif/NotoSerif-Bold.ttf --2bit --compress --pnum --zopfli
 */
#pragma once
#include "EpdFontData.h"

static const uint8_t notoserif_14_boldBitmaps[31582] = {
    0xB5, 0x99, 0x47, 0x9C, 0xE5, 0xB8, 0x56, 0xC6, 0x3F, 0x5B, 0xAF, 0xC7, 0xF0, 0xBC, 0x10, 0x39,
    0x83, 0xD9, 0x91, 0x31, 0x69, 0x59, 0x55, 0x32, 0x39, 0xC3, 0xCB, 0x6B, 0x96, 0xE4, 0x9C, 0xA9,
    0x19, 0xFB, 0x31, 0x3B, 0x72, 0xCE, 0x39, 0xF3, 0xF2, 0x8E, 0x54, 0x83, 0x35, 0xD3, 0xE4, 0x97,
    0x4C, 0xCE, 0x60, 0x72, 0x66, 0xF4, 0x7A, 0x3C, 0xBF, 0x71, 0xF7, 0xC8, 0xFE, 0x38, 0x47, 0xBA,
    0xB7, 0xAB, 0xE8, 0xC9, 0xD3, 0x20, 0xEB, 0xFC, 0x4F, 0x5D, 0x85, 0xA3, 0x23, 0x1D, 0x49, 0xAE,
    0xAA, 0x4B, 0x9F, 0x9F, 0xD1, 0x8F, 0x43, 0x3F, 0xB8, 0x4E, 0x1E, 0xE4, 0xA7, 0xC5, 0x35, 0x00,
    0xEF, 0x89, 0x31, 0xD5, 0xF7, 0xC3, 0x0B, 0xE0, 0xFE, 0x80, 0x9A, 0x1F, 0xDC, 0x5B, 0xBF, 0x35,
    0x3E, 0x5A, 0xC9, 0x43, 0xB4, 0xDD, 0x45, 0x81, 0x77, 0x40, 0xFD, 0xCA, 0x00, 0xFB, 0x71, 0x22,
    0x66, 0x16, 0x99, 0xD0, 0x18, 0x0F, 0x57, 0x79, 0x4B, 0x52, 0x64, 0xC7, 0x89, 0xED, 0x70, 0x6E,
    0x81, 0x0B, 0x91, 0xB5, 0x01, 0x96, 0x0F, 0x87, 0x23, 0x57, 0x91, 0x58, 0x86, 0x73, 0x98, 0x59,
    0x64, 0xBA, 0x80, 0xF1, 0xAB, 0xC8, 0x82, 0xCA, 0x07, 0xA4, 0x54, 0x77, 0x59, 0xC6, 0x0D, 0x15,
    0x39, 0xD8, 0x37, 0x7E, 0x89, 0x77, 0x6F, 0xFC, 0x6C, 0x95, 0xC1, 0xBD, 0xB1, 0x83, 0x63, 0x87,
    0x86, 0x03, 0x6A, 0xAE, 0x28, 0x48, 0xA0, 0xA5, 0x47, 0xCD, 0xF0, 0xBE, 0xF5, 0x97, 0x84, 0xFB,
    0xEA, 0xCF, 0x0E, 0x63, 0xFD, 0xE9, 0xA1, 0xAF, 0x3F, 0x7B, 0x76, 0xD2, 0xCF, 0x92, 0x28, 0x38,
    0xAB, 0xBD, 0x4B, 0x29, 0x70, 0x4C, 0x25, 0x3D, 0x4E, 0x00, 0xFB, 0x78, 0x40, 0x04, 0x9A, 0x07,
    0x23, 0x16, 0xC0, 0x0D, 0xE2, 0x9E, 0xA8, 0x6E, 0x33, 0x93, 0xAA, 0xBD, 0xF6, 0x49, 0xD9, 0x2E,
    0xA9, 0x16, 0xDA, 0x64, 0x3B, 0xAD, 0xFF, 0x11, 0xAD, 0x8F, 0x17, 0x3D, 0x61, 0x1F, 0x5A, 0x97,
    0xE8, 0x86, 0x9A, 0x37, 0x6E, 0xC4, 0xC6, 0x17, 0xFC, 0xF8, 0x7F, 0x58, 0xEC, 0x04, 0xD4, 0xD7,
    0x93, 0xB2, 0xF7, 0x2F, 0x76, 0x06, 0x1A, 0x93, 0xD4, 0x99, 0x49, 0x85, 0xE7, 0x66, 0xB5, 0x1E,
    0x58, 0x0B, 0xE9, 0x80, 0x22, 0x60, 0xEF, 0x01, 0x33, 0xC3, 0x6D, 0xD0, 0x54, 0x74, 0x38, 0xA4,
    0x96, 0x83, 0x90, 0x0C, 0x40, 0xB9, 0x9B, 0x05, 0x30, 0xD1, 0xAC, 0xB7, 0xB9, 0x69, 0x49, 0xC9,
    0x3A, 0xA4, 0x36, 0x5E, 0xD8, 0xEF, 0xE5, 0xAB, 0x06, 0xF4, 0xAB, 0xA1, 0xAF, 0xB8, 0x9B, 0x0D,
    0xCD, 0x23, 0xBC, 0x3F, 0xC0, 0x79, 0xFE, 0xE9, 0x8C, 0xD1, 0x3B, 0x7A, 0xD0, 0xDB, 0x44, 0xC3,
    0x41, 0x08, 0x4E, 0x18, 0x25, 0x2F, 0x70, 0x8B, 0xE1, 0x06, 0x4B, 0xFE, 0x29, 0xE7, 0x92, 0x7B,
    0xC1, 0x80, 0x6B, 0xEA, 0x87, 0x9B, 0xE4, 0xF1, 0xAD, 0x6F, 0xBC, 0xF5, 0x76, 0xB0, 0x5D, 0x01,
    0x48, 0xEC, 0xCB, 0x80, 0x66, 0x46, 0xDF, 0x15, 0x3B, 0x4C, 0x84, 0x5D, 0xD1, 0x04, 0xB4, 0x01,
    0x4E, 0xB2, 0x14, 0xE7, 0x3C, 0x25, 0xCE, 0x5A, 0xA2, 0xE5, 0xA9, 0x81, 0x5D, 0x50, 0x47, 0xF1,
    0x1C, 0x20, 0xE0, 0x3C, 0xD4, 0xF7, 0x37, 0x24, 0x8B, 0x38, 0x4D, 0x05, 0x36, 0xA8, 0xC1, 0x82,
    0x00, 0x07, 0x8C, 0x1E, 0x6E, 0xCA, 0xFD, 0x9F, 0x3C, 0xEB, 0x60, 0x1E, 0x94, 0x8C, 0x72, 0x47,
    0xB5, 0xAA, 0x53, 0xAE, 0xC3, 0xC7, 0x20, 0xA5, 0x77, 0x15, 0x71, 0x62, 0xDB, 0x15, 0x38, 0x39,
    0x6B, 0xC0, 0x2F, 0x62, 0x37, 0x92, 0x5D, 0xC1, 0x09, 0x5F, 0xC2, 0x1D, 0x7C, 0x2D, 0xBB, 0x7B,
    0x4F, 0x5B, 0xBC, 0xFF, 0xD9, 0xB5, 0xD4, 0x0E, 0x1F, 0x2C, 0x62, 0xBB, 0x3B, 0x05, 0x1F, 0xFC,
    0xFA, 0x7F, 0xFF, 0x8E, 0x9E, 0x0C, 0x8E, 0x9C, 0x9F, 0xAC, 0xFE, 0xED, 0xE1, 0x7C, 0x3F, 0xB9,
    0xB9, 0x99, 0xAB, 0xA9, 0xF6, 0x2D, 0x22, 0xA4, 0xCF, 0xAB, 0xD0, 0xB3, 0x93, 0xEC, 0x88, 0x7B,
    0x74, 0x0D, 0x83, 0x3C, 0x53, 0x01, 0xE4, 0x21, 0x2C, 0xD0, 0x00, 0x1F, 0x9E, 0x26, 0x7D, 0x02,
    0x9C, 0x03, 0xBF, 0x0C, 0x2C, 0x40, 0xD0, 0xCD, 0x50, 0xCE, 0x30, 0x13, 0x8C, 0x47, 0xE5, 0x51,
    0xFB, 0xCB, 0xE6, 0xED, 0x95, 0xE6, 0x17, 0xA9, 0xF9, 0x4F, 0x20, 0xA7, 0x31, 0xC2, 0x90, 0xB0,
    0x8B, 0xF3, 0x4D, 0x68, 0x67, 0x37, 0x35, 0x32, 0x98, 0x5D, 0x7A, 0x6F, 0xD7, 0x31, 0x4B, 0x54,
    0xA1, 0xEA, 0x2B, 0xA2, 0xF5, 0xCE, 0xDB, 0x45, 0xDB, 0xB7, 0xD2, 0xCF, 0x06, 0xE7, 0x0D, 0xD9,
    0x81, 0x11, 0x29, 0xF8, 0xF5, 0x02, 0x38, 0x3D, 0x65, 0x2B, 0x5A, 0x91, 0xFE, 0xAD, 0x2B, 0xCE,
    0xEC, 0x0A, 0x3C, 0x0F, 0x79, 0xE1, 0xC8, 0x9F, 0xB0, 0xE4, 0x02, 0x00, 0x45, 0xDE, 0x68, 0xBE,
    0x0D, 0x6E, 0x76, 0x4A, 0xF5, 0x5A, 0xE4, 0x9E, 0xAE, 0x0D, 0x80, 0x9B, 0x45, 0x3C, 0xC0, 0x0E,
    0xC5, 0x0E, 0x98, 0x08, 0x58, 0x2D, 0x1E, 0x00, 0xFD, 0xB8, 0xE2, 0xA4, 0x9E, 0x70, 0xD1, 0x7E,
    0xEF, 0x2B, 0xA2, 0x23, 0x6F, 0xCB, 0x1D, 0x76, 0xC3, 0xC1, 0xEE, 0xD2, 0x88, 0x5D, 0x20, 0xD9,
    0x9D, 0x80, 0xB1, 0xD3, 0xB5, 0x02, 0xA9, 0x8D, 0x27, 0xA0, 0x5D, 0x00, 0x1B, 0x55, 0xDE, 0x4E,
    0xE4, 0x4C, 0xA4, 0x87, 0xAE, 0x89, 0x0B, 0x2D, 0xE9, 0x6B, 0xEE, 0xC0, 0xBB, 0x76, 0x00, 0x46,
    0xF5, 0xC7, 0xC3, 0x88, 0x54, 0x22, 0x56, 0x3E, 0x7F, 0xB8, 0xC8, 0x89, 0xC8, 0x32, 0xFA, 0x32,
    0x8C, 0xDE, 0x78, 0x59, 0xD1, 0x61, 0xF4, 0x8D, 0xB4, 0x3D, 0x15, 0x79, 0xE0, 0xE5, 0xFC, 0x63,
    0x4A, 0xEA, 0xC9, 0x5D, 0xFB, 0xDF, 0xB6, 0xD1, 0x72, 0x83, 0xE3, 0x5E, 0x91, 0x73, 0x7D, 0x10,
    0xFB, 0xAA, 0x57, 0xCF, 0xB6, 0x2B, 0x82, 0x05, 0xBE, 0x43, 0x04, 0x49, 0xC6, 0x19, 0x96, 0x84,
    0xFD, 0x3E, 0x7A, 0xC0, 0x05, 0xA0, 0x59, 0xAE, 0x2E, 0xE8, 0xA9, 0x46, 0x1B, 0x6D, 0x70, 0x5D,
    0x3F, 0xB5, 0xE4, 0x50, 0x31, 0xEA, 0x86, 0xCF, 0xC9, 0x11, 0x05, 0xE9, 0xAB, 0xA5, 0x09, 0x56,
    0x9E, 0x76, 0xAA, 0x27, 0xE7, 0x8B, 0xB4, 0xAA, 0xBD, 0xC8, 0xF8, 0xC6, 0x15, 0x24, 0x07, 0x2E,
    0xFD, 0x44, 0x59, 0x1F, 0x0E, 0x36, 0x88, 0xF7, 0x8B, 0x8A, 0xCB, 0x92, 0x76, 0x83, 0x0D, 0x6E,
    0x32, 0xE4, 0x00, 0x6E, 0x69, 0x3F, 0x8C, 0x64, 0x38, 0xCA, 0xAF, 0xBF, 0xEA, 0xF5, 0xD3, 0x8A,
    0xC6, 0x2F, 0x70, 0xC3, 0x8B, 0xE0, 0x00, 0x8C, 0x22, 0x1B, 0x50, 0xC4, 0x1C, 0xB3, 0x4A, 0xDD,
    0x0D, 0x22, 0x33, 0xD0, 0x7A, 0xE4, 0xC1, 0x3B, 0x80, 0xB8, 0x1D, 0x56, 0x95, 0x63, 0xDC, 0x6A,
    0xF2, 0xB0, 0x77, 0x75, 0x17, 0x1E, 0x44, 0x7C, 0x68, 0x97, 0x76, 0xB2, 0x1C, 0x3B, 0xC3, 0x1C,
    0xB7, 0x4A, 0xE3, 0x3B, 0x31, 0xF4, 0xBE, 0x5D, 0xD9, 0xD9, 0xC8, 0xAE, 0x4E, 0x32, 0x0E, 0x1A,
    0xB7, 0x26, 0x34, 0xB7, 0xE8, 0x0D, 0xF7, 0xE4, 0x6F, 0xB6, 0xBD, 0xC0, 0x72, 0x47, 0x3B, 0x8F,
    0x9D, 0xF3, 0x4E, 0xA2, 0xD4, 0xCE, 0x1C, 0xF2, 0x9C, 0x93, 0x78, 0x2B, 0xB6, 0x9A, 0xC5, 0x2D,
    0x63, 0xB0, 0x64, 0x28, 0xF9, 0xED, 0x21, 0x3B, 0x9E, 0xF6, 0xCD, 0xF4, 0x1E, 0x70, 0xFE, 0x04,
    0x6E, 0x70, 0x20, 0x1C, 0x23, 0x2C, 0x67, 0xE0, 0x65, 0x40, 0x0F, 0x7A, 0x7D, 0xCE, 0x70, 0x35,
    0xBD, 0x27, 0x38, 0x68, 0xE9, 0xD8, 0xBD, 0x00, 0x8D, 0x77, 0x41, 0x1F, 0x3B, 0xE0, 0x32, 0xE9,
    0x65, 0x90, 0xCA, 0x6D, 0x30, 0xB3, 0xF1, 0x6D, 0xF7, 0x00, 0xDE, 0x01, 0x39, 0xE9, 0x3D, 0x58,
    0x05, 0xA0, 0x9F, 0x60, 0xF6, 0x74, 0x0C, 0x4A, 0xE6, 0x1D, 0xDA, 0x0F, 0x79, 0x07, 0x6B, 0xB1,
    0x96, 0xA3, 0xDA, 0x90, 0xDA, 0xA1, 0x0E, 0xB9, 0x1F, 0xE4, 0xC2, 0x79, 0xD5, 0xE5, 0x25, 0x75,
    0x25, 0xDD, 0x59, 0xFE, 0x11, 0xDA, 0xF3, 0x68, 0x66, 0x3F, 0x9A, 0xD9, 0x0E, 0x7B, 0xDC, 0xE6,
    0xF1, 0xD5, 0xBE, 0x9B, 0xD3, 0x78, 0x6D, 0xC8, 0xED, 0xBF, 0x12, 0x97, 0xC9, 0x72, 0x41, 0x4F,
    0xE6, 0x15, 0x18, 0x7A, 0xDF, 0xCB, 0x1E, 0x2C, 0xD0, 0xCF, 0xC0, 0x38, 0x01, 0xF4, 0x28, 0x38,
    0x24, 0xE3, 0x6E, 0xC9, 0x31, 0xD7, 0x45, 0x3A, 0x15, 0x79, 0x17, 0xE4, 0xF4, 0x1E, 0x22, 0x84,
    0x36, 0x4B, 0x02, 0x02, 0x78, 0x41, 0x5A, 0x1D, 0xFE, 0xA3, 0xAA, 0x91, 0xEC, 0x80, 0x7A, 0x45,
    0x93, 0x0F, 0xBE, 0xEE, 0x29, 0x75, 0xF1, 0x5E, 0x98, 0x05, 0x9F, 0x87, 0x16, 0x55, 0xB0, 0x8C,
    0x16, 0xD6, 0xBB, 0xFB, 0xA3, 0xED, 0x9A, 0x61, 0x2F, 0xA3, 0x1D, 0x5C, 0x19, 0xCD, 0x5A, 0x0F,
    0xCE, 0xAC, 0x66, 0x91, 0x4F, 0xD5, 0x62, 0x64, 0xED, 0xEF, 0xAB, 0x83, 0x34, 0xEE, 0xEE, 0xB5,
    0xA1, 0x0E, 0x16, 0xA2, 0x6C, 0x68, 0x20, 0x85, 0x36, 0x9C, 0xE2, 0xCC, 0x44, 0x17, 0x22, 0x5C,
    0xC1, 0xC0, 0x00, 0x87, 0x76, 0x70, 0x1D, 0xAC, 0xCF, 0x73, 0x9C, 0x94, 0x3A, 0x1E, 0x8A, 0x7C,
    0x19, 0x35, 0xA2, 0x5A, 0xBE, 0x5E, 0xFD, 0x28, 0xC8, 0x09, 0x97, 0xC9, 0x4D, 0xCA, 0x3E, 0x28,
    0x99, 0xB9, 0x08, 0x4A, 0x46, 0xA1, 0xF9, 0x53, 0x65, 0x75, 0x7D, 0x17, 0xDA, 0xEB, 0x54, 0x7E,
    0x9C, 0xB2, 0x01, 0x07, 0xC0, 0x81, 0x1E, 0x38, 0xCD, 0x17, 0x44, 0x0A, 0x11, 0xA9, 0x26, 0x16,
    0x0D, 0x7C, 0x19, 0x60, 0x23, 0x4C, 0x62, 0x35, 0x69, 0x94, 0xEC, 0x84, 0x8A, 0x18, 0x6F, 0xA1,
    0xE7, 0x4C, 0xE2, 0x18, 0x57, 0x01, 0x61, 0x58, 0xD2, 0x97, 0xC4, 0x38, 0x09, 0xFA, 0x70, 0x15,
    0xA9, 0xAC, 0xE0, 0x50, 0x92, 0x1B, 0x04, 0xBB, 0x00, 0xA9, 0xB1, 0x0B, 0x82, 0x76, 0x51, 0xAC,
    0x82, 0x46, 0xD1, 0x2A, 0x5C, 0x30, 0xC4, 0x38, 0xB7, 0x24, 0x87, 0x9E, 0x5C, 0x91, 0x53, 0xCD,
    0x0D, 0xE8, 0xA9, 0xA6, 0x30, 0xFA, 0x2A, 0xC2, 0x4D, 0x76, 0x45, 0xEB, 0xDB, 0x80, 0xF7, 0x83,
    0x0B, 0x40, 0x46, 0x9F, 0x30, 0x0B, 0x46, 0x45, 0x9F, 0x90, 0x6A, 0x2F, 0xB1, 0x20, 0xDF, 0xBD,
    0x43, 0x2D, 0x3E, 0x4D, 0x86, 0x53, 0xEB, 0xA1, 0xA3, 0xA1, 0xE1, 0x96, 0x5F, 0xDE, 0x8E, 0xFC,
    0x47, 0xA5, 0x16, 0xAA, 0x37, 0x01, 0xEA, 0x62, 0x54, 0xD6, 0xBB, 0xD2, 0x30, 0xB3, 0x13, 0xEA,
    0xF4, 0x94, 0x5E, 0x88, 0x2B, 0x2C, 0xAE, 0xB0, 0xE4, 0x70, 0xA5, 0x97, 0x52, 0xC7, 0x4E, 0x36,
    0xB3, 0xFD, 0x34, 0x5D, 0xE8, 0x7C, 0xF3, 0xB8, 0x3E, 0xC1, 0x10, 0xD6, 0x6B, 0x97, 0xDB, 0x28,
    0x07, 0x01, 0x70, 0x15, 0x8C, 0x47, 0x00, 0x4F, 0x86, 0xCF, 0x51, 0x04, 0x41, 0xA1, 0x2B, 0x6B,
    0x82, 0x0E, 0x15, 0x7A, 0xC5, 0x73, 0x1C, 0xA8, 0x7B, 0x36, 0xA3, 0x65, 0x18, 0x6D, 0xDC, 0xF2,
    0x26, 0xD0, 0x73, 0xC7, 0x31, 0x55, 0xD4, 0x62, 0x47, 0x06, 0x5D, 0xB4, 0x26, 0xEA, 0x71, 0xAF,
    0x63, 0xDA, 0x6A, 0x69, 0xDB, 0x99, 0x29, 0x47, 0xE8, 0xC0, 0xFE, 0x0A, 0xC7, 0x59, 0xD9, 0xCF,
    0xA5, 0xEE, 0x8A, 0x20, 0xEC, 0x5C, 0x40, 0x1B, 0x21, 0xB4, 0x51, 0xFB, 0xDA, 0x15, 0x36, 0x2A,
    0xEB, 0x4D, 0x59, 0x72, 0x10, 0x62, 0x24, 0x85, 0x35, 0x39, 0x68, 0x60, 0xD3, 0xE0, 0x6B, 0xCB,
    0x98, 0x99, 0xC2, 0x97, 0x63, 0xD4, 0x3D, 0x13, 0xC9, 0x4B, 0xA2, 0x78, 0x76, 0x4C, 0xF6, 0x87,
    0x96, 0x4B, 0xC3, 0xB5, 0x67, 0x74, 0xC7, 0x6C, 0xD2, 0x66, 0x78, 0xF6, 0x59, 0xEC, 0xB4, 0xC9,
    0x82, 0x25, 0x25, 0x83, 0x33, 0xC6, 0xE9, 0xF9, 0x66, 0x0F, 0x4A, 0x1E, 0x74, 0xD7, 0x45, 0x70,
    0x82, 0x63, 0xEC, 0x39, 0x64, 0xCA, 0x40, 0x76, 0xD1, 0x11, 0xED, 0xA4, 0x6C, 0x3B, 0xE5, 0xBD,
    0x10, 0x16, 0x8B, 0xB2, 0x9A, 0x95, 0xD6, 0x2B, 0xFB, 0x49, 0xC9, 0x90, 0xB8, 0x2A, 0xBF, 0x3D,
    0x2A, 0x6B, 0x2A, 0xC5, 0x92, 0xF6, 0xA2, 0x17, 0x82, 0x41, 0xE9, 0x96, 0x34, 0x91, 0x88, 0x96,
    0xAB, 0xE5, 0xD4, 0x33, 0x96, 0x9C, 0x1D, 0x23, 0x90, 0xA0, 0x3D, 0xB4, 0xD9, 0xF3, 0x45, 0xDE,
    0xE5, 0x4F, 0xB3, 0xD5, 0x27, 0x54, 0xBA, 0xFA, 0x01, 0x96, 0xD1, 0xA8, 0xD2, 0x28, 0x2C, 0x68,
    0x35, 0x48, 0x11, 0x67, 0xA2, 0x1E, 0x8F, 0x38, 0x15, 0xF5, 0xC8, 0x8E, 0x07, 0x54, 0x11, 0x8F,
    0x8A, 0xBA, 0x41, 0xBC, 0x4D, 0x54, 0xE0, 0x37, 0x66, 0x75, 0xFD, 0xF7, 0x55, 0x8D, 0xD7, 0x1F,
    0x54, 0xE5, 0xFE, 0x25, 0x2B, 0x7E, 0xAC, 0xAA, 0x86, 0x85, 0x2A, 0x7B, 0x50, 0x5B, 0x52, 0x55,
    0x14, 0x65, 0x82, 0x89, 0x69, 0x2B, 0x98, 0xBC, 0x17, 0x8A, 0xA0, 0x9B, 0x70, 0x87, 0xE1, 0xEA,
    0xA4, 0x96, 0x8B, 0xA1, 0x87, 0x43, 0xC9, 0x80, 0x56, 0xB8, 0x26, 0x46, 0xE5, 0x63, 0x54, 0xDE,
    0xE0, 0x20, 0x0C, 0x9C, 0x94, 0x2E, 0x28, 0x9B, 0xA8, 0xB4, 0x9B, 0xD2, 0x50, 0x59, 0xF0, 0x61,
    0x21, 0x46, 0x2A, 0x5D, 0xA2, 0x4D, 0xAC, 0x75, 0x29, 0x60, 0x88, 0x76, 0xEF, 0x40, 0xF4, 0x1C,
    0xD0, 0xE3, 0x90, 0x6A, 0xAE, 0xC2, 0xF1, 0x70, 0xD1, 0xB9, 0x39, 0x9D, 0xC7, 0x55, 0xB3, 0xFC,
    0xD0, 0x4A, 0xAF, 0x1D, 0x4E, 0xC8, 0x03, 0x7B, 0x65, 0xD7, 0xCF, 0xCA, 0x71, 0x46, 0x79, 0xFC,
    0x39, 0x97, 0x5F, 0x6D, 0xA9, 0xDC, 0x0F, 0x76, 0xF2, 0xC1, 0xCC, 0x85, 0xF9, 0xA6, 0x45, 0xC3,
    0x78, 0xFC, 0x43, 0xE9, 0xEA, 0x8B, 0x24, 0xDF, 0x96, 0xFD, 0x2C, 0x70, 0xE1, 0x29, 0xD0, 0x4F,
    0x65, 0x6E, 0xC7, 0x1D, 0x82, 0xE4, 0xC5, 0xB3, 0xBF, 0x85, 0xEE, 0x98, 0x72, 0xF7, 0xFF, 0x34,
    0xE5, 0xFA, 0x29, 0xA7, 0xCC, 0xE9, 0xF2, 0x3E, 0x73, 0x21, 0x71, 0x51, 0xDA, 0x4D, 0x69, 0x78,
    0xBC, 0xF4, 0x1C, 0xB9, 0x5C, 0x79, 0x07, 0xA5, 0x79, 0x6A, 0x07, 0xE5, 0xA2, 0x6C, 0xD7, 0x4B,
    0xBA, 0xE5, 0xB2, 0x96, 0x5E, 0x48, 0x5E, 0x1E, 0x4C, 0x1B, 0x95, 0x86, 0x99, 0xDD, 0xED, 0x36,
    0x18, 0xEF, 0x3C, 0x98, 0x8B, 0xE5, 0xD0, 0x33, 0x16, 0xF4, 0xD0, 0xE4, 0xD2, 0x8B, 0x3B, 0xD4,
    0xC1, 0x46, 0x3B, 0x9B, 0xD8, 0x4E, 0x22, 0x73, 0x31, 0xB5, 0x0B, 0xD0, 0x10, 0xB0, 0xD4, 0x69,
    0x13, 0x20, 0x67, 0x3D, 0xD5, 0x28, 0xB8, 0x69, 0xCD, 0x3D, 0x30, 0x6C, 0xBB, 0x82, 0x6E, 0x00,
    0x9D, 0x2F, 0x36, 0x17, 0x4C, 0xB4, 0xFB, 0x18, 0x0C, 0xD9, 0xE1, 0xDA, 0x8B, 0x30, 0x92, 0x5C,
    0x45, 0x18, 0x37, 0xC3, 0x22, 0x46, 0x43, 0x5C, 0xAC, 0x82, 0xF3, 0x45, 0x01, 0x01, 0xEE, 0x0A,
    0x23, 0x57, 0x80, 0x8C, 0xFA, 0x43, 0xC3, 0x29, 0x53, 0x6B, 0x22, 0xFE, 0x2F, 0xB9, 0x1E, 0x58,
    0x70, 0x28, 0x02, 0xC0, 0xB9, 0x12, 0x3A, 0xD2, 0x03, 0x35, 0x77, 0x1C, 0x5E, 0x38, 0xE4, 0xEC,
    0xD8, 0x91, 0x93, 0xD0, 0x6E, 0xE9, 0x38, 0x6E, 0x87, 0xE3, 0x68, 0x26, 0x65, 0xE5, 0x51, 0x48,
    0x95, 0x07, 0xE8, 0x6D, 0xA7, 0x6C, 0x00, 0xF4, 0x93, 0x13, 0xBA, 0x70, 0x9A, 0x78, 0x2E, 0x6C,
    0x96, 0x55, 0x68, 0xE3, 0xA2, 0xDC, 0x82, 0xB0, 0xE2, 0x2C, 0x34, 0xF4, 0xC2, 0x32, 0x11, 0x1C,
    0x12, 0x15, 0x18, 0x45, 0xC8, 0x50, 0xCE, 0x25, 0x23, 0x39, 0x9B, 0x50, 0x50, 0xC2, 0x00, 0xB3,
    0xC2, 0xFA, 0x3A, 0xBF, 0x78, 0x07, 0x43, 0x58, 0xD1, 0x9D, 0xEA, 0x1D, 0x2D, 0x44, 0xB7, 0x84,
    0xD3, 0x39, 0x39, 0x76, 0x67, 0xEA, 0xCD, 0x29, 0x87, 0x13, 0xD5, 0xE7, 0xF4, 0x17, 0xC0, 0x38,
    0xC5, 0x7E, 0x8A, 0xEA, 0xD3, 0x22, 0x59, 0xF4, 0xDB, 0x42, 0x1B, 0x02, 0xD0, 0xDE, 0x08, 0xF6,
    0x51, 0xD1, 0xF6, 0xF1, 0xD9, 0xEE, 0xB3, 0x68, 0xFA, 0x9A, 0x53, 0xD2, 0xC9, 0xC1, 0x8A, 0x43,
    0xD2, 0x86, 0x28, 0x39, 0x24, 0x0D, 0x76, 0xF9, 0x2F, 0x32, 0x1E, 0x5E, 0xCB, 0x9D, 0xB0, 0x61,
    0x27, 0xED, 0xCC, 0x02, 0x08, 0x67, 0x60, 0x0C, 0xBA, 0x32, 0x6E, 0x69, 0xD2, 0xDC, 0x4F, 0xF3,
    0xF1, 0xBD, 0x7D, 0x4E, 0x0A, 0xFA, 0x3B, 0x7E, 0xF5, 0x35, 0x8C, 0xDA, 0xE6, 0xAD, 0xBB, 0xB0,
    0x31, 0x14, 0x9E, 0xA5, 0x46, 0x11, 0x9C, 0x75, 0xD9, 0x5D, 0x40, 0x2D, 0x8C, 0x18, 0xB7, 0x82,
    0xF4, 0xA4, 0x49, 0x0C, 0x3D, 0xBB, 0x44, 0x58, 0xEA, 0x0A, 0xD5, 0xBC, 0x8C, 0x51, 0xC1, 0xE1,
    0x32, 0x3A, 0xFD, 0x9C, 0xE3, 0x72, 0x22, 0x6C, 0xD6, 0x98, 0xBC, 0xBA, 0x33, 0x16, 0x47, 0xAF,
    0x86, 0x27, 0x65, 0xAE, 0x4D, 0xB7, 0x12, 0x7A, 0xF2, 0x70, 0xC4, 0x33, 0x50, 0x11, 0xA7, 0xB0,
    0x1B, 0x4E, 0xD0, 0x46, 0x9C, 0xAB, 0xB7, 0xEF, 0x00, 0xCE, 0xB9, 0x53, 0xBE, 0xCE, 0x6A, 0xA6,
    0x31, 0x8F, 0xD7, 0xC6, 0x18, 0x04, 0xB9, 0x72, 0x80, 0x76, 0x37, 0xDE, 0x6E, 0x02, 0xE9, 0x5E,
    0x7B, 0x17, 0x60, 0x3D, 0x25, 0x65, 0x68, 0x1F, 0x7A, 0xB7, 0x0F, 0x6E, 0xC6, 0x5D, 0xE5, 0x90,
    0xEC, 0x24, 0x83, 0x0B, 0xB0, 0x42, 0x3C, 0x15, 0x8F, 0x71, 0x0A, 0x9C, 0x01, 0x0D, 0x60, 0x25,
    0x77, 0xB0, 0x83, 0xB8, 0x00, 0xE3, 0xD3, 0x3E, 0x9F, 0x75, 0xE7, 0x23, 0x1C, 0x3B, 0x5C, 0x68,
    0x07, 0xCD, 0xD2, 0xA1, 0x3D, 0xF6, 0x79, 0x21, 0x00, 0x90, 0xDD, 0x17, 0xB0, 0x2B, 0xD9, 0x15,
    0x77, 0x91, 0x0D, 0x3B, 0x6A, 0x4E, 0x66, 0xD5, 0x11, 0x38, 0x2F, 0x32, 0x01, 0x0F, 0xA8, 0x17,
    0x8B, 0x38, 0x73, 0x01, 0x33, 0x9D, 0x8A, 0x83, 0x2D, 0x6C, 0x67, 0xD1, 0xC0, 0xFA, 0x33, 0x54,
    0x5E, 0xFF, 0x39, 0xFC, 0x32, 0xE0, 0x45, 0x8E, 0x5C, 0x44, 0x56, 0x00, 0x78, 0x79, 0xD7, 0x4F,
    0x4D, 0xA8, 0x56, 0x6C, 0xE9, 0x75, 0x85, 0x32, 0xFF, 0xB3, 0x67, 0x68, 0x83, 0x94, 0x4F, 0x6E,
    0xAE, 0x27, 0x17, 0x00, 0x91, 0x6B, 0x7D, 0xA8, 0xC8, 0xE0, 0xF6, 0x3E, 0xF4, 0x52, 0x46, 0x7F,
    0x29, 0xFD, 0x24, 0xE5, 0x7C, 0x78, 0xB3, 0xB4, 0x3B, 0x5E, 0x84, 0x9C, 0xC6, 0x4D, 0xF0, 0x25,
    0x8A, 0x4A, 0x61, 0xEE, 0x44, 0xBB, 0x08, 0x48, 0x18, 0xFE, 0x09, 0x07, 0x43, 0xD0, 0x0B, 0x7A,
    0xAF, 0xEF, 0xA7, 0x39, 0x63, 0x3B, 0xE2, 0x4A, 0x19, 0xD1, 0x4F, 0x82, 0xD1, 0x57, 0x7C, 0x90,
    0x43, 0xAF, 0x06, 0xC6, 0xA5, 0x8F, 0x38, 0xFE, 0x63, 0xE2, 0xF8, 0xEF, 0x6D, 0xDF, 0x04, 0x27,
    0xDE, 0xE7, 0xFF, 0xB1, 0x8E, 0x5E, 0xFF, 0xF7, 0x0E, 0xF0, 0x8A, 0xE8, 0xE7, 0x7E, 0x4A, 0x33,
    0xF3, 0xED, 0x5A, 0x4D, 0x96, 0xF4, 0x05, 0xF7, 0x4B, 0x3B, 0x00, 0xA3, 0x60, 0x54, 0x58, 0x45,
    0x7D, 0x15, 0x05, 0xBF, 0x39, 0xC2, 0xF2, 0xF1, 0x88, 0xF6, 0x66, 0x1F, 0xE1, 0x42, 0x13, 0xC5,
    0x9C, 0xB4, 0x1B, 0xBD, 0x80, 0xBE, 0xBE, 0x13, 0xB9, 0xA2, 0x57, 0xB8, 0x59, 0x11, 0x9C, 0x2E,
    0xF4, 0x63, 0x9C, 0x0C, 0xFF, 0x80, 0xF3, 0xED, 0xBF, 0xE1, 0x31, 0xAE, 0xEA, 0x7F, 0x67, 0x17,
    0xF5, 0x3F, 0xFF, 0x13, 0x4F, 0x7A, 0x2D, 0xE3, 0x1F, 0x7F, 0xC9, 0x4A, 0x72, 0xE5, 0xBF, 0xBF,
    0xEA, 0x67, 0x8E, 0xFE, 0xBB, 0xEC, 0xBF, 0x8C, 0x6D, 0x42, 0x4D, 0x4E, 0x05, 0x09, 0x7D, 0x05,
    0xA1, 0xF8, 0x45, 0xA0, 0xE5, 0x04, 0xFE, 0x6D, 0x28, 0x58, 0x87, 0x92, 0x95, 0xAE, 0x30, 0x54,
    0x7A, 0xEE, 0x22, 0xC4, 0xBB, 0xF3, 0xE5, 0xFA, 0xF9, 0x59, 0x4B, 0xCF, 0x15, 0x63, 0x5A, 0x11,
    0xDC, 0x07, 0x8C, 0xB7, 0xD8, 0x55, 0xE4, 0xC3, 0xB0, 0xC1, 0xFD, 0x2E, 0xDA, 0xB9, 0x9D, 0xE1,
    0xA6, 0x26, 0x1C, 0x21, 0x1F, 0x75, 0xFD, 0x61, 0x6F, 0x8E, 0x1E, 0x25, 0x77, 0xA0, 0xBC, 0xF5,
    0x1D, 0x80, 0xF5, 0x10, 0xFC, 0xF1, 0x8B, 0x04, 0xE4, 0x84, 0x9A, 0x4C, 0x73, 0x8D, 0x70, 0xB7,
    0x5E, 0xBF, 0x81, 0x28, 0x36, 0xEC, 0x0A, 0xA2, 0x8C, 0x18, 0x87, 0x7A, 0x81, 0xD3, 0x76, 0xF7,
    0xF0, 0xE6, 0xB3, 0xDC, 0x53, 0x6E, 0x85, 0xD9, 0xB9, 0xC3, 0xF0, 0x61, 0x0A, 0x8A, 0xE3, 0xC6,
    0xDA, 0x9F, 0x1D, 0x2A, 0x45, 0xCF, 0x89, 0xEB, 0xC8, 0x99, 0x11, 0x3F, 0xA1, 0x76, 0xEB, 0x5D,
    0x07, 0x2B, 0x16, 0xE4, 0xD4, 0x6F, 0xEA, 0x85, 0xBE, 0xE5, 0x9E, 0x36, 0x57, 0x44, 0xCF, 0x79,
    0x64, 0xC0, 0x07, 0x02, 0xE9, 0x2F, 0xA5, 0x82, 0x1D, 0xEE, 0x45, 0x4E, 0x0D, 0xBB, 0x56, 0x0B,
    0x3B, 0x3C, 0x97, 0x5C, 0x10, 0x86, 0x3A, 0xF4, 0xB8, 0x80, 0xC3, 0xB3, 0x5B, 0x91, 0x9A, 0x93,
    0xD9, 0x2C, 0x67, 0xB3, 0x95, 0xBB, 0x7C, 0x34, 0x8B, 0x96, 0x4D, 0x82, 0xB6, 0x13, 0xF4, 0xD0,
    0xF5, 0xF2, 0x30, 0xE4, 0x24, 0xE8, 0x83, 0x56, 0x44, 0x81, 0xDD, 0x04, 0x86, 0xA8, 0x58, 0xEA,
    0x8A, 0xCC, 0x5C, 0x46, 0x86, 0x66, 0x4D, 0x03, 0xEA, 0x70, 0xD5, 0xD3, 0xCF, 0xFF, 0xE9, 0x57,
    0xE4, 0x90, 0x5C, 0x6C, 0xD7, 0x7A, 0x07, 0xFA, 0x48, 0x3A, 0x7A, 0xD4, 0xFC, 0x0F, 0xEE, 0x9C,
    0x53, 0xDC, 0x66, 0x17, 0x90, 0x42, 0xA7, 0x5A, 0xA3, 0xD2, 0xAA, 0x6B, 0xCF, 0x4F, 0x57, 0x87,
    0xFE, 0x29, 0xB0, 0x2D, 0x91, 0x62, 0xDB, 0xF2, 0xD2, 0x09, 0xF5, 0x60, 0x4F, 0xC3, 0xDF, 0xFD,
    0x9E, 0xB9, 0x7A, 0x05, 0xD9, 0xA5, 0x0D, 0x7A, 0xD6, 0xDD, 0x54, 0xC5, 0xD1, 0x9B, 0x4D, 0x64,
    0xE7, 0x41, 0xC6, 0x2C, 0x9B, 0xF3, 0x55, 0xD4, 0x36, 0x4D, 0xB0, 0x4B, 0x45, 0x4E, 0x20, 0xD3,
    0x15, 0xD4, 0x2F, 0x2E, 0xA0, 0xDF, 0xB8, 0xC3, 0xF2, 0x5F, 0xF4, 0xAC, 0x81, 0x5E, 0x30, 0xEA,
    0x78, 0xFD, 0x54, 0x6D, 0x70, 0x09, 0xF3, 0xFF, 0xC6, 0xA4, 0xB5, 0xFE, 0xD0, 0xF8, 0x95, 0x1C,
    0x2A, 0x92, 0x12, 0xAB, 0x31, 0x0A, 0xAE, 0x75, 0x02, 0xE0, 0x0A, 0x2C, 0x05, 0x1A, 0x90, 0x8C,
    0x42, 0x7A, 0x4C, 0x96, 0x8F, 0x70, 0x6E, 0x6F, 0x8E, 0xFB, 0xF3, 0xBB, 0xD2, 0x0E, 0x77, 0xA2,
    0xE1, 0x5F, 0x46, 0xE0, 0x5D, 0x6A, 0x01, 0xEE, 0x80, 0xDD, 0x01, 0x93, 0xFF, 0xAE, 0xE1, 0xE4,
    0xD6, 0x36, 0xF4, 0x91, 0xB1, 0xDE, 0x19, 0x0D, 0xEF, 0x17, 0x31, 0x21, 0x5D, 0x38, 0xDA, 0x68,
    0x7B, 0x72, 0xA9, 0x74, 0xCB, 0x70, 0xC6, 0xC8, 0x05, 0x05, 0x57, 0xD4, 0x24, 0x1A, 0xDF, 0x77,
    0xCE, 0xB7, 0x22, 0xEF, 0x0B, 0xB7, 0xE6, 0xBB, 0xCF, 0x52, 0xFD, 0x60, 0x87, 0x96, 0x1E, 0x05,
    0x7D, 0x0B, 0xE7, 0x1D, 0x5A, 0xEF, 0x3A, 0x37, 0xB8, 0x5B, 0x44, 0xCD, 0x15, 0x78, 0x57, 0x88,
    0x9B, 0xC0, 0x03, 0xC0, 0x86, 0x72, 0x43, 0xC3, 0x38, 0x32, 0xBE, 0xF7, 0xFE, 0xB2, 0x6A, 0xC3,
    0x53, 0x65, 0x23, 0x99, 0x9F, 0x60, 0xB8, 0x81, 0x51, 0x22, 0xE5, 0xA2, 0x65, 0xD7, 0x6F, 0x96,
    0x43, 0xBD, 0x15, 0x1C, 0xA4, 0xC1, 0xB3, 0x82, 0x49, 0x60, 0xA9, 0xF8, 0x61, 0xFA, 0x82, 0x1C,
    0x75, 0x1F, 0xF6, 0x6A, 0x12, 0x18, 0xF9, 0x10, 0x67, 0xF2, 0x3A, 0x35, 0x06, 0x0E, 0x36, 0xE2,
    0x4C, 0x87, 0x3E, 0x81, 0x21, 0x2E, 0x50, 0x12, 0x0B, 0xC0, 0x2E, 0x08, 0x1E, 0x12, 0x8C, 0xD7,
    0x27, 0xC0, 0xFD, 0xA1, 0x17, 0x3C, 0x2E, 0x68, 0xD8, 0x01, 0x96, 0x87, 0xB5, 0x46, 0x15, 0x01,
    0xC7, 0xE9, 0x3D, 0x4B, 0x06, 0xC7, 0xD9, 0x19, 0x86, 0x9A, 0xE8, 0xE1, 0x3A, 0xB3, 0x63, 0x1C,
    0x5C, 0x3E, 0x66, 0xA7, 0x28, 0x58, 0xD0, 0x9F, 0x00, 0x34, 0x9C, 0xCF, 0x01, 0xDE, 0xFF, 0xB7,
    0x61, 0x05, 0xC6, 0xDF, 0x7E, 0x6B, 0x08, 0x80, 0x7B, 0xEB, 0x67, 0x3F, 0xAA, 0xEA, 0x6F, 0xAB,
    0x7D, 0x06, 0xDA, 0xDD, 0x50, 0xC7, 0xD9, 0x92, 0xB2, 0xB1, 0xE0, 0x20, 0x6A, 0x05, 0x75, 0xB4,
    0xA0, 0xCA, 0xF1, 0x06, 0x67, 0xC7, 0x47, 0x18, 0x2A, 0x0E, 0x23, 0xA4, 0xC1, 0x05, 0x30, 0xFE,
    0xBE, 0x9A, 0x78, 0x6C, 0x02, 0xAC, 0x76, 0x30, 0x84, 0x42, 0xBB, 0x72, 0x02, 0x5A, 0x17, 0x80,
    0x73, 0x1B, 0x51, 0x2C, 0x86, 0x62, 0x46, 0x6A, 0xFA, 0xBD, 0xE1, 0x42, 0x3A, 0x46, 0xF2, 0x93,
    0xE9, 0x13, 0xDA, 0x88, 0x5D, 0xD7, 0x23, 0xEA, 0x6E, 0x5A, 0x35, 0x18, 0x01, 0x86, 0x65, 0x40,
    0x41, 0x33, 0xA9, 0xDB, 0xE9, 0x7B, 0x98, 0x41, 0x5D, 0x86, 0xE0, 0x61, 0x41, 0xB3, 0x5F, 0x7D,
    0x83, 0xC3, 0x2C, 0x8A, 0x90, 0x7D, 0x3D, 0xBC, 0x93, 0x9C, 0xA0, 0x24, 0x80, 0x3E, 0x0A, 0xDC,
    0x77, 0x68, 0x2F, 0x32, 0xB4, 0xE4, 0xD2, 0x7E, 0xEF, 0x18, 0xCE, 0x20, 0x4B, 0x53, 0xB0, 0x83,
    0xD9, 0xB3, 0xA5, 0xE3, 0xF7, 0x69, 0xF4, 0xDA, 0xED, 0x1D, 0x24, 0x34, 0x5F, 0x2B, 0xC5, 0xAB,
    0x0B, 0xC5, 0xDA, 0x93, 0xEB, 0x28, 0x02, 0x20, 0x47, 0xC1, 0xDD, 0xCA, 0x2F, 0x6B, 0x3E, 0x9D,
    0x0C, 0x78, 0x6F, 0x6D, 0xBA, 0x88, 0x6C, 0xEA, 0x4A, 0xA7, 0xE5, 0x4F, 0x2F, 0xBD, 0x46, 0x82,
    0xD9, 0xEF, 0xE5, 0xE9, 0x52, 0xBE, 0xE6, 0x80, 0x0F, 0x21, 0x34, 0x12, 0xCF, 0x6C, 0xD9, 0xDD,
    0x04, 0x2A, 0x66, 0xEB, 0xE3, 0xF4, 0x8C, 0x9E, 0x97, 0xCC, 0x5E, 0xBB, 0x19, 0x29, 0xD9, 0x05,
    0xC1, 0x11, 0xE1, 0xDC, 0x3D, 0x14, 0x2E, 0x6A, 0xCE, 0x6B, 0x41, 0xFF, 0x22, 0xBC, 0x2B, 0xFE,
    0x07, 0xCD, 0x9A, 0x01, 0xC4, 0x26, 0x49, 0x7A, 0xC7, 0xFF, 0xDD, 0x95, 0x2F, 0x1D, 0xD7, 0xA4,
    0x16, 0x33, 0x48, 0x42, 0x3A, 0x80, 0xB8, 0x48, 0x3A, 0x80, 0xE0, 0x9B, 0xA9, 0xB6, 0x87, 0xC5,
    0x22, 0x1F, 0x76, 0xC0, 0x61, 0x03, 0x20, 0xB0, 0x20, 0x11, 0x7C, 0xAB, 0xFB, 0x0C, 0x02, 0xC8,
    0x02, 0x10, 0x5C, 0x70, 0x88, 0x09, 0x0E, 0x09, 0x96, 0xBB, 0xDD, 0xAE, 0xCD, 0x87, 0xC1, 0x61,
    0x5A, 0xD6, 0x25, 0x08, 0xB9, 0x66, 0x8F, 0xE3, 0x82, 0xA9, 0xBB, 0xE9, 0xCB, 0xD6, 0xEC, 0x56,
    0xF7, 0x3F, 0xCF, 0x53, 0xFD, 0xBE, 0xF3, 0xCE, 0xEC, 0xAE, 0xCD, 0x66, 0xF3, 0xED, 0xE6, 0xAB,
    0xAE, 0xE7, 0x57, 0xF5, 0x56, 0xD5, 0xFB, 0xAF, 0xE7, 0xA9, 0x79, 0xBB, 0xBB, 0xEA, 0xDB, 0x75,
    0xA0, 0xD7, 0xCB, 0x41, 0x53, 0x0B, 0x77, 0xBA, 0xBA, 0xBE, 0xEB, 0x87, 0xD1, 0xF3, 0x70, 0xDD,
    0xEB, 0x60, 0x3C, 0xB2, 0x35, 0x4F, 0x51, 0x92, 0x53, 0xCD, 0xC7, 0xA1, 0x79, 0xF2, 0x68, 0x71,
    0x4F, 0x7E, 0x14, 0xDC, 0xFB, 0x0F, 0xA7, 0xFE, 0x7D, 0x8F, 0xFE, 0xEA, 0x64, 0xFA, 0xD9, 0x7D,
    0x20, 0xF6, 0xC4, 0xFF, 0x71, 0xF3, 0xF1, 0x7B, 0xA1, 0x26, 0x43, 0x49, 0x7A, 0xFC, 0x4E, 0xC4,
    0x51, 0x6B, 0x9F, 0x96, 0xBE, 0x20, 0x83, 0x49, 0x36, 0x55, 0xB1, 0x4A, 0x75, 0x34, 0x8B, 0xD8,
    0x50, 0xEB, 0xB0, 0xB4, 0x5B, 0x4F, 0x0E, 0x6A, 0x20, 0x80, 0xB1, 0x03, 0x7A, 0x35, 0xAD, 0x03,
    0x48, 0x28, 0x0C, 0xE7, 0xDF, 0x6C, 0xC8, 0xCD, 0x91, 0xEB, 0xDD, 0x82, 0xF1, 0x25, 0x14, 0xDD,
    0xEF, 0xE1, 0x0C, 0x69, 0x7C, 0x5D, 0xBF, 0x8B, 0xF6, 0x5F, 0x13, 0x1C, 0xCE, 0xE5, 0xBA, 0x2B,
    0xD6, 0x8A, 0xFD, 0x91, 0xD4, 0xEE, 0xA0, 0xFD, 0x4E, 0xCA, 0xFD, 0x2B, 0xBF, 0x0B, 0x1D, 0x4F,
    0xBE, 0xCA, 0x1D, 0x4D, 0x42, 0x82, 0x4D, 0x58, 0x50, 0x25, 0x04, 0x98, 0xCD, 0x4C, 0x28, 0xA9,
    0x2E, 0xF3, 0xD5, 0x01, 0x18, 0x1F, 0x01, 0x70, 0xFF, 0xA1, 0x48, 0x80, 0x25, 0x93, 0x22, 0x42,
    0xBF, 0x82, 0x6F, 0x7C, 0x7F, 0xFB, 0xDE, 0xDE, 0x76, 0xF6, 0xFA, 0xFA, 0xDA, 0xDE, 0x96, 0x51,
    0x68, 0x08, 0xBA, 0x76, 0xC0, 0x72, 0x4A, 0x7F, 0x07, 0x4D, 0xFF, 0xF4, 0x5C, 0x0B, 0x34, 0x31,
    0xA1, 0xFA, 0x88, 0xB0, 0xDE, 0x0D, 0xCD, 0xD0, 0xCA, 0xD5, 0xA0, 0xF5, 0x80, 0x0D, 0x62, 0x54,
    0x0B, 0x70, 0xFD, 0x86, 0xBB, 0x15, 0x07, 0x87, 0x71, 0x72, 0xDE, 0x86, 0x36, 0x56, 0xC1, 0xF2,
    0x7E, 0x28, 0xF9, 0xF1, 0x84, 0x96, 0x03, 0x0C, 0x3B, 0xC0, 0xF9, 0x4A, 0x54, 0x1A, 0x55, 0xEA,
    0xAC, 0x6F, 0xBD, 0x1D, 0xEC, 0xD3, 0x11, 0x46, 0xBD, 0xBD, 0x0D, 0x38, 0x13, 0xC6, 0x57, 0x17,
    0xC9, 0x77, 0xCD, 0x8C, 0x3D, 0x95, 0xDC, 0x84, 0x8E, 0x9C, 0x81, 0x15, 0x65, 0x82, 0x09, 0x80,
    0x83, 0xF5, 0x63, 0xB2, 0x43, 0x63, 0x9E, 0x8E, 0x95, 0xBF, 0x53, 0xFB, 0xC6, 0xCC, 0xE7, 0x76,
    0xF8, 0x8D, 0x22, 0x5C, 0x36, 0x1D, 0x10, 0x2E, 0x5B, 0x08, 0x7F, 0xE8, 0x70, 0xA8, 0x2B, 0xB5,
    0x5D, 0xC6, 0xA0, 0x08, 0x77, 0xAC, 0x37, 0x66, 0x96, 0xEF, 0xBE, 0x61, 0x64, 0x7E, 0x8A, 0x8E,
    0x99, 0xCF, 0x3A, 0x87, 0x22, 0xEB, 0xC3, 0x7D, 0x34, 0x06, 0xA0, 0x22, 0x01, 0xE0, 0xAC, 0xD3,
    0xAA, 0x6F, 0xFE, 0x3D, 0x34, 0x57, 0x0B, 0x4C, 0xAC, 0x19, 0xDD, 0xFB, 0xD1, 0x7D, 0x2B, 0xBA,
    0x57, 0xA2, 0xE3, 0x6A, 0xC3, 0x86, 0x73, 0xE3, 0x91, 0x44, 0x72, 0x71, 0x5D, 0x1D, 0x88, 0xE6,
    0x5F, 0x12, 0xDC, 0x95, 0xD8, 0xC3, 0x98, 0x4B, 0x1D, 0x62, 0x82, 0x83, 0x8E, 0xC1, 0x79, 0xE5,
    0x1D, 0x39, 0xF5, 0xE4, 0xFC, 0xCD, 0x07, 0xFF, 0x30, 0x03, 0xE6, 0x93, 0x26, 0xED, 0xE8, 0xD9,
    0x49, 0x76, 0xC4, 0x8B, 0x6B, 0xB0, 0x9D, 0xD6, 0x60, 0xCE, 0x6B, 0xF0, 0x5D, 0xCE, 0xB2, 0x06,
    0x35, 0x57, 0xE3, 0xEF, 0x94, 0xC1, 0xC9, 0x1A, 0x94, 0xA1, 0x91, 0x35, 0x28, 0x43, 0x8B, 0xF0,
    0x57, 0xD2, 0x82, 0xF0, 0x76, 0xC9, 0xA8, 0xF5, 0x8F, 0x03, 0xA4, 0xFD, 0x17, 0x52, 0x97, 0x31,
    0xA9, 0x50, 0xBA, 0x72, 0x6E, 0xAA, 0xA5, 0xB9, 0xEF, 0xED, 0xEB, 0xB4, 0x8F, 0x07, 0x33, 0xA9,
    0x66, 0x91, 0x34, 0x7F, 0x7A, 0x0D, 0x1C, 0x19, 0xD5, 0x00, 0xD8, 0x0D, 0x8E, 0xC3, 0x3B, 0xD6,
    0x27, 0x33, 0x47, 0x33, 0x0B, 0xDF, 0x6D, 0xBC, 0xB4, 0xD4, 0x2B, 0x34, 0xD9, 0xEE, 0x53, 0xF6,
    0xCD, 0xEF, 0xFF, 0xFC, 0xAD, 0x9E, 0x0C, 0x8E, 0x9C, 0x3F, 0xAB, 0xFF, 0x98, 0x74, 0x8C, 0x1A,
    0x80, 0x76, 0xC3, 0xD8, 0x0F, 0xA9, 0xF1, 0x97, 0x8D, 0x87, 0x64, 0x07, 0xBC, 0x89, 0x22, 0xA0,
    0xF6, 0xDD, 0x5D, 0xCC, 0xE4, 0x9E, 0x27, 0xA8, 0x93, 0x43, 0xF3, 0x93, 0xD9, 0x55, 0xA1, 0xA9,
    0xA4, 0x7B, 0x2E, 0xC6, 0xA1, 0xE4, 0x00, 0xA9, 0x9B, 0xE5, 0x4F, 0x4C, 0x3C, 0x37, 0xC1, 0x71,
    0xAA, 0x37, 0x14, 0xF7, 0xEA, 0x64, 0x83, 0xF3, 0xEF, 0xE2, 0x02, 0xCE, 0xDB, 0x05, 0xBD, 0xB7,
    0xF1, 0x7F, 0x89, 0xA9, 0x11, 0x04, 0x17, 0x31, 0x3E, 0x65, 0xC2, 0xC8, 0x0F, 0xD8, 0xBD, 0xCB,
    0xF7, 0xE8, 0x7F, 0x78, 0x0B, 0x40, 0xC2, 0x11, 0x54, 0x8C, 0xB3, 0xA0, 0x57, 0xB4, 0x1E, 0x87,
    0x64, 0x49, 0xC2, 0x91, 0x12, 0x1B, 0xAF, 0x66, 0x90, 0x57, 0xD3, 0x27, 0x31, 0x2A, 0x9C, 0xA2,
    0x55, 0x54, 0x0A, 0x54, 0x5F, 0x0E, 0xB5, 0xCC, 0x81, 0x37, 0xAE, 0x9E, 0x02, 0xBC, 0x22, 0x70,
    0xAF, 0xBB, 0x07, 0x3B, 0xB8, 0xD9, 0x05, 0x17, 0x1A, 0x5F, 0xA0, 0x86, 0x0D, 0x55, 0x82, 0x5C,
    0x63, 0x1C, 0xE7, 0x22, 0xA2, 0x8E, 0x18, 0x23, 0xFE, 0x22, 0xA2, 0xF8, 0x54, 0x2E, 0x13, 0x1C,
    0xBD, 0xE4, 0x9A, 0x9D, 0xE3, 0x3C, 0x9A, 0x65, 0x33, 0x69, 0xCF, 0x34, 0x49, 0x3E, 0x4A, 0x63,
    0xC5, 0x4E, 0x6F, 0x85, 0xD6, 0x04, 0x58, 0x9F, 0x50, 0x07, 0xC2, 0x24, 0x37, 0x94, 0xAB, 0x9B,
    0x8A, 0xAD, 0x9D, 0xA4, 0xEE, 0xAB, 0x30, 0xE6, 0xBE, 0xF6, 0xE5, 0x80, 0x3B, 0xFA, 0x10, 0x5B,
    0x80, 0x05, 0x76, 0x41, 0x11, 0xC0, 0x05, 0x66, 0xC6, 0x3F, 0x2E, 0xA8, 0x3C, 0x8C, 0x34, 0x0E,
    0xCA, 0x06, 0xCA, 0xBB, 0x99, 0x97, 0x99, 0xB1, 0x0A, 0x66, 0x29, 0x82, 0x15, 0x1A, 0x09, 0xA5,
    0xE7, 0x5F, 0xFB, 0x1F, 0x08, 0x1F, 0x0D, 0x3F, 0x0B, 0x40, 0x63, 0x1E, 0x0A, 0xEF, 0xDA, 0x4A,
    0x78, 0xD9, 0x7C, 0xFB, 0x57, 0x40, 0x74, 0xA4, 0xA8, 0xDF, 0x96, 0xBA, 0xA8, 0x57, 0x41, 0xD5,
    0xDD, 0x2A, 0xEA, 0x42, 0x0D, 0x2D, 0xC0, 0x46, 0xED, 0x19, 0xA3, 0xF6, 0xFC, 0x65, 0xD4, 0x9E,
    0x32, 0xA2, 0x81, 0xF2, 0x6E, 0xE6, 0x65, 0x66, 0x54, 0x16, 0x81, 0xA1, 0x8C, 0xE6, 0x83, 0xFF,
    0x4A, 0x65, 0xAC, 0x1E, 0xCE, 0xAB, 0xE3, 0xA3, 0xFB, 0xCA, 0x9F, 0x00, 0x09, 0x32, 0x5C, 0x14,
    0x65, 0xB8, 0x09, 0x40, 0x52, 0xA1, 0x42, 0xA2, 0x2C, 0x60, 0x42, 0x11, 0x2A, 0x51, 0xAF, 0x48,
    0x58, 0x5F, 0x0B, 0x1B, 0x54, 0xDC, 0x90, 0x53, 0xC5, 0x01, 0x97, 0x90, 0x1F, 0x30, 0x22, 0x5C,
    0x25, 0x23, 0xD1, 0x48, 0x80, 0x33, 0x50, 0xCF, 0x95, 0x47, 0x31, 0x0E, 0xEA, 0x0F, 0x87, 0x46,
    0x87, 0x86, 0xBB, 0x42, 0xB3, 0x5C, 0x56, 0x41, 0x7E, 0xD8, 0xD1, 0x86, 0x73, 0xF3, 0x8B, 0xE0,
    0x82, 0xE3, 0xFB, 0xF3, 0x0F, 0x42, 0xBD, 0x55, 0x5E, 0x57, 0xC0, 0xDE, 0xD7, 0x15, 0x68, 0xF2,
    0x0A, 0xDC, 0xCD, 0x2B, 0x70, 0xE9, 0x48, 0x20, 0xEA, 0x0A, 0x88, 0x7A, 0x15, 0x34, 0x5A, 0xB7,
    0x6A, 0xB4, 0xCA, 0x09, 0x68, 0x02, 0xD0, 0x2E, 0x5A, 0xEA, 0xAC, 0x38, 0x26, 0x1D, 0x81, 0x5A,
    0xCC, 0x4E, 0x40, 0x3F, 0xC1, 0x70, 0x7F, 0x6F, 0xB8, 0xA0, 0xA6, 0x4D, 0x6A, 0x76, 0xE8, 0xA7,
    0x26, 0xB8, 0xD0, 0x06, 0x1B, 0xC7, 0x60, 0xF2, 0x2B, 0xF5, 0xA7, 0xC0, 0xED, 0x0B, 0x00, 0x68,
    0xA2, 0xB2, 0x4A, 0x4A, 0x30, 0xB3, 0x1D, 0x94, 0x45, 0x77, 0x9A, 0xC6, 0x4D, 0xCA, 0x3E, 0x28,
    0xB9, 0x73, 0x11, 0x94, 0x4C, 0x42, 0xF3, 0x6F, 0xCA, 0xEA, 0x6A, 0x13, 0xDA, 0x2B, 0x2A, 0x5F,
    0x56, 0x36, 0xE0, 0x00, 0x38, 0xD0, 0x03, 0x77, 0x30, 0x0A, 0x47, 0x72, 0x06, 0x48, 0x95, 0x58,
    0x34, 0x9E, 0x32, 0xA8, 0xBB, 0x46, 0xA9, 0x61, 0xD6, 0xAB, 0x06, 0x52, 0x11, 0xE3, 0x47, 0xE8,
    0x39, 0x93, 0xD0, 0xA1, 0x7A, 0x57, 0xE4, 0xC9, 0x04, 0x30, 0x49, 0x69, 0xC3, 0xC9, 0xCF, 0x5B,
    0xB8, 0x29, 0x7E, 0xDE, 0xEE, 0xF2, 0xEC, 0xA7, 0x79, 0xCD, 0x92, 0x84, 0xD6, 0x3B, 0xE1, 0x99,
    0x5C, 0x37, 0xC4, 0xCF, 0x0B, 0xA8, 0xFE, 0x5A, 0x79, 0xC0, 0xF2, 0xF1, 0x00, 0xB4, 0x23, 0x21,
    0x9A, 0x32, 0x5C, 0xD3, 0xC5, 0x0D, 0xF1, 0xB3, 0x9E, 0xDE, 0x51, 0xCD, 0xC0, 0x23, 0x65, 0xE8,
    0x9B, 0xC8, 0xE9, 0xA6, 0xAC, 0xE4, 0x6F, 0x77, 0xCF, 0xE6, 0x2D, 0x42, 0x14, 0x96, 0xF3, 0x65,
    0xAE, 0xBF, 0xBD, 0xB7, 0x7F, 0x01, 0xDF, 0xD6, 0x2F, 0xE7, 0x5B, 0xFC, 0x1F, 0x7D, 0x73, 0x24,
    0x13, 0x4E, 0x65, 0xC5, 0x00, 0x2D, 0xED, 0x1B, 0x01, 0xEA, 0x64, 0xD3, 0x06, 0x9C, 0x43, 0x26,
    0x91, 0xF2, 0xF7, 0x01, 0x5C, 0x4A, 0xA9, 0x69, 0xD9, 0xCB, 0x32, 0xEC, 0xA5, 0x99, 0x5A, 0x32,
    0x3F, 0x65, 0xF6, 0xD2, 0x76, 0x7B, 0x7B, 0xFB, 0x60, 0x0C, 0xD8, 0xE5, 0x73, 0xB9, 0xDE, 0xDB,
    0x03, 0x0D, 0x90, 0xFE, 0x6F, 0xC0, 0xE4, 0xD2, 0x8A, 0x7F, 0x5A, 0xEA, 0x5E, 0x12, 0x2E, 0xC0,
    0x81, 0xA9, 0xA4, 0x24, 0x70, 0xAD, 0x72, 0xB9, 0xA7, 0x9A, 0xEB, 0xBE, 0x67, 0x2F, 0x89, 0xD1,
    0x57, 0x09, 0x6E, 0xB2, 0x11, 0xAD, 0x6F, 0x03, 0x7E, 0x17, 0x2E, 0x00, 0x3B, 0xFA, 0x8C, 0xF9,
    0xF4, 0xE6, 0x3E, 0xB6, 0xB9, 0x13, 0x96, 0xC3, 0xD6, 0x59, 0xB7, 0x3A, 0xE5, 0x64, 0x38, 0xB5,
    0x1E, 0x14, 0x65, 0x34, 0x5C, 0x35, 0xDA, 0xEC, 0xF3, 0x20, 0x68, 0x67, 0x41, 0x15, 0x04, 0xB5,
    0x40, 0x06, 0x2A, 0x3A, 0x7D, 0xD8, 0x1C, 0xA5, 0x9B, 0xF0, 0xEC, 0x81, 0xF3, 0xAE, 0xE2, 0x4C,
    0x71, 0x58, 0x51, 0x9F, 0x61, 0x08, 0xEB, 0x4B, 0xC2, 0x3C, 0x43, 0x39, 0x08, 0x80, 0xE7, 0xC1,
    0x74, 0x04, 0xF0, 0x59, 0xF8, 0x33, 0x45, 0x10, 0x14, 0xC1, 0x10, 0x26, 0xB4, 0x24, 0x43, 0xAF,
    0x00, 0xCE, 0x5E, 0x3B, 0x3E, 0xA2, 0xDD, 0x74, 0x38, 0xC9, 0x14, 0xD9, 0xA1, 0x8B, 0xAF, 0xDD,
    0x97, 0x42, 0x5D, 0x31, 0x14, 0x58, 0x0E, 0x80, 0xFB, 0xD3, 0x09, 0x78, 0xA7, 0x0C, 0xEA, 0xCA,
    0xC5, 0xD7, 0xED, 0x4B, 0xFB, 0xF2, 0x02, 0xDD, 0xB8, 0x1F, 0xD0, 0xAA, 0x1B, 0xC0, 0xD7, 0xBD,
    0x24, 0xB7, 0x3B, 0xB8, 0x00, 0xBB, 0xA0, 0x4C, 0x40, 0x0F, 0x9C, 0xED, 0xB3, 0x27, 0xC9, 0x86,
    0x3A, 0xD1, 0x17, 0xCF, 0x86, 0x5D, 0xCB, 0xD8, 0x33, 0xE9, 0xBF, 0xB8, 0x8D, 0x70, 0x33, 0xFA,
    0x0E, 0x09, 0xB8, 0xB8, 0x0E, 0xCD, 0x7B, 0x5A, 0xAF, 0xE8, 0xED, 0xC3, 0xE0, 0x90, 0x6E, 0xE1,
    0xD6, 0xFF, 0x5D, 0x53, 0xFE, 0x05, 0x64, 0xE9, 0x25, 0x37, 0x45, 0x00, 0xAE, 0xC1, 0x49, 0x47,
    0xFE, 0x14, 0x10, 0xE6, 0x53, 0x28, 0xC6, 0xA0, 0xBD, 0x4D, 0x52, 0xD6, 0x9B, 0xD2, 0x1C, 0xC7,
    0x0B, 0x0B, 0x0E, 0x99, 0xDE, 0x91, 0x38, 0x32, 0xB7, 0x9C, 0x58, 0x72, 0x38, 0x7D, 0x2B, 0xB3,
    0x5E, 0x0F, 0x9A, 0xBB, 0x7E, 0x9B, 0xE7, 0xEA, 0xC9, 0x08, 0x00, 0x2F, 0x29, 0x4A, 0xBE, 0x3C,
    0x03, 0x95, 0x9E, 0x86, 0x61, 0x1F, 0xD3, 0x0B, 0x4B, 0xE2, 0x85, 0x5D, 0x86, 0xDB, 0x60, 0x18,
    0x1D, 0x3B, 0xC3, 0xC5, 0xD0, 0xC3, 0xA1, 0xA4, 0x68, 0x09, 0x63, 0x66, 0x52, 0x7E, 0x48, 0xE5,
    0x2F, 0x39, 0x08, 0x03, 0x27, 0xA5, 0x0B, 0xCA, 0x26, 0x29, 0xED, 0xAA, 0x34, 0x54, 0x16, 0x7C,
    0x2C, 0xC4, 0x48, 0xA5, 0xCB, 0xB4, 0x99, 0x35, 0x61, 0x82, 0xBA, 0xDA, 0x6E, 0x1D, 0x88, 0x5E,
    0x7D, 0x3D, 0x6E, 0xDA, 0xDA, 0xE5, 0xB4, 0x69, 0x2B, 0x36, 0x25, 0x5C, 0xA7, 0x3C, 0xED, 0x31,
    0x50, 0xE7, 0xB8, 0xC6, 0xC3, 0x7A, 0xBA, 0x19, 0x75, 0x82, 0x8D, 0x9A, 0xA5, 0xD2, 0x06, 0x98,
    0x0D, 0x4E, 0xC8, 0x03, 0x7B, 0x65, 0xD7, 0xCF, 0xCA, 0x71, 0x46, 0x79, 0xAC, 0xEF, 0xED, 0x4E,
    0x89, 0x13, 0xB7, 0x83, 0x8E, 0x55, 0xCD, 0x43, 0x23, 0xA8, 0x73, 0xA1, 0x61, 0x76, 0xEB, 0xB6,
    0x02, 0xC5, 0x3D, 0xA5, 0xD9, 0x94, 0x76, 0x51, 0xB6, 0x93, 0xB2, 0xDF, 0x17, 0xF5, 0x86, 0x79,
    0x7B, 0x2F, 0x93, 0x5E, 0x60, 0x18, 0x84, 0xF5, 0x07, 0x51, 0xD8, 0x74, 0xEF, 0x64, 0x67, 0x6F,
    0xDF, 0x2C, 0x6F, 0x3B, 0x85, 0x4D, 0x56, 0xE8, 0x38, 0x66, 0x6E, 0xC2, 0x4B, 0x9B, 0xF6, 0xEE,
    0x1B, 0xE5, 0xAD, 0xF5, 0x5A, 0x6F, 0xFF, 0xF9, 0x44, 0x3B, 0x44, 0xE4, 0x74, 0xB3, 0x56, 0x15,
    0x7A, 0xD4, 0x43, 0x2F, 0x57, 0xF3, 0x5E, 0x42, 0xF5, 0x61, 0x40, 0x41, 0x0F, 0x8C, 0xD0, 0x52,
    0x3F, 0xE7, 0x76, 0xED, 0xD7, 0x71, 0x2F, 0xE1, 0xD7, 0x4E, 0xFE, 0xE7, 0x23, 0x21, 0x3F, 0xD6,
    0xD1, 0xA4, 0xCF, 0x2E, 0xE6, 0x18, 0xDC, 0xA2, 0x53, 0xF6, 0x39, 0x86, 0x0F, 0x35, 0x86, 0xE2,
    0x09, 0x85, 0xE6, 0x4A, 0x63, 0xA8, 0xAF, 0xD4, 0x6F, 0x9B, 0x63, 0x68, 0x73, 0x0C, 0xE7, 0x39,
    0x86, 0x98, 0x63, 0x08, 0xEA, 0xE8, 0x93, 0x59, 0xF9, 0xA1, 0xD7, 0x18, 0xD8, 0x69, 0x0C, 0xFC,
    0x54, 0x0C, 0x64, 0x02, 0xCA, 0x70, 0x8C, 0x01, 0x87, 0xAD, 0x03, 0xEA, 0x55, 0x59, 0x50, 0x89,
    0x7E, 0x50, 0xDA, 0xE9, 0xC5, 0xE3, 0xDD, 0xC8, 0xD8, 0x70, 0xDA, 0x69, 0x08, 0x24, 0x5C, 0x27,
    0xE3, 0x81, 0x05, 0x87, 0x22, 0x00, 0x9C, 0x2B, 0xA1, 0xDB, 0xB7, 0x94, 0xDC, 0x80, 0xFD, 0xD8,
    0xF4, 0xC5, 0x0F, 0x79, 0x37, 0xC3, 0xDB, 0xB3, 0x0B, 0xA5, 0x0B, 0xCA, 0x31, 0x09, 0x8A, 0x34,
    0x0A, 0xAB, 0xB9, 0x19, 0x74, 0x69, 0x8B, 0xEE, 0x26, 0x79, 0x5B, 0x2E, 0x6D, 0x5E, 0x54, 0xE7,
    0x33, 0x87, 0xBC, 0xB9, 0x87, 0xA6, 0x1B, 0xB6, 0xAA, 0x2F, 0xBC, 0x2D, 0xA2, 0xB2, 0x99, 0x94,
    0xEE, 0x13, 0x6F, 0x8B, 0xBC, 0x01, 0xEB, 0x32, 0x61, 0x09, 0x13, 0x4F, 0x2F, 0x4B, 0x33, 0xE9,
    0x2C, 0xD6, 0x03, 0xF4, 0xB6, 0x03, 0xFA, 0xD9, 0xA9, 0x40, 0x38, 0x57, 0xB1, 0x98, 0x84, 0x36,
    0x05, 0x61, 0xC5, 0x59, 0x68, 0xE8, 0x85, 0x45, 0x26, 0x38, 0x7C, 0x26, 0xF7, 0xDE, 0x96, 0x4F,
    0x85, 0x3D, 0xA9, 0x8E, 0xA7, 0x03, 0x0C, 0x87, 0xD3, 0x36, 0x72, 0x56, 0x50, 0xB0, 0x6F, 0x3F,
    0x38, 0x09, 0xFA, 0x70, 0x84, 0x7B, 0x56, 0x1B, 0xB5, 0x43, 0x87, 0x94, 0xEC, 0x8E, 0xBB, 0xCF,
    0xB7, 0x04, 0x38, 0x9C, 0x3F, 0x5A, 0x46, 0xA0, 0x57, 0x79, 0xE0, 0xCF, 0x3B, 0xEC, 0xE7, 0x96,
    0xF1, 0xC7, 0xEC, 0x0A, 0xC2, 0xE9, 0x33, 0xA0, 0x9D, 0xCD, 0x8A, 0x26, 0x64, 0xF4, 0x6B, 0xC1,
    0x30, 0xAE, 0x96, 0xE1, 0x0F, 0xD6, 0x76, 0x86, 0x59, 0x9D, 0x7F, 0x86, 0x20, 0x68, 0x37, 0x81,
    0xE5, 0x64, 0xD6, 0x92, 0x8B, 0x59, 0xE1, 0x92, 0xA0, 0x5A, 0xCD, 0x7A, 0x5E, 0x6E, 0x66, 0xBD,
    0x2C, 0xD6, 0x6A, 0xED, 0xCB, 0x34, 0xAE, 0xEE, 0x71, 0xA4, 0x8E, 0x03, 0xF0, 0x5A, 0x7E, 0x72,
    0x54, 0xDB, 0xE1, 0xA9, 0xE1, 0x3C, 0x50, 0xCF, 0xCF, 0x4E, 0x1C, 0x25, 0x57, 0x58, 0x72, 0x68,
    0x43, 0x3F, 0x35, 0x93, 0x9B, 0xEB, 0xC9, 0x05, 0x40, 0xEC, 0xAC, 0x0F, 0x15, 0x19, 0xDC, 0xD6,
    0x4B, 0x8F, 0x0B, 0xF4, 0x27, 0xEB, 0x27, 0x69, 0xE7, 0x63, 0xD1, 0xB7, 0x1B, 0x2E, 0x8E, 0xF7,
    0x3A, 0x3D, 0xCC, 0x06, 0x54, 0x0B, 0x60, 0x3D, 0x70, 0x86, 0xEB, 0xD3, 0x3F, 0x13, 0xB8, 0x05,
    0xE8, 0x13, 0x90, 0x7A, 0x98, 0x60, 0xBD, 0xDE, 0x93, 0xD7, 0xA6, 0xFF, 0xD2, 0xBE, 0x53, 0xD4,
    0x7D, 0xA2, 0xEE, 0x12, 0xF7, 0x3D, 0xE2, 0xAD, 0x6B, 0xF3, 0xDF, 0x04, 0x07, 0x13, 0xDD, 0xA0,
    0x76, 0xBA, 0x53, 0xAF, 0xC9, 0xF7, 0x7A, 0x06, 0x5C, 0x02, 0xDE, 0x3E, 0x07, 0xC2, 0x1F, 0xEE,
    0xA5, 0x8B, 0x40, 0xFD, 0xD6, 0xF5, 0xCD, 0x71, 0x50, 0x8A, 0xCD, 0xA6, 0x5A, 0xE4, 0x24, 0x6A,
    0xAB, 0x0D, 0xA2, 0x17, 0x6D, 0x52, 0xC5, 0x2A, 0x01, 0xC2, 0x55, 0x54, 0x7F, 0xF5, 0xED, 0xB5,
    0xA2, 0xA4, 0x55, 0x94, 0x3F, 0x7A, 0xF0, 0xF7, 0xAA, 0x0D, 0xD0, 0x1F, 0xB8, 0x64, 0x26, 0x9C,
    0x8F, 0x13, 0x59, 0x24, 0xC7, 0x5F, 0x92, 0xC1, 0x72, 0xE8, 0xE9, 0xF1, 0x5A, 0x3E, 0x92, 0x6A,
    0x1A, 0x57, 0x54, 0xA4, 0x6F, 0x82, 0x13, 0x8F, 0xC5, 0x7C, 0xEB, 0x47, 0xFF, 0x5B, 0x18, 0x3D,
    0xC0, 0x93, 0xE5, 0xCF, 0xFD, 0x94, 0xA3, 0xF1, 0x6D, 0xAC, 0x26, 0x4B, 0xFA, 0x82, 0x1B, 0x60,
    0x3B, 0xB1, 0x00, 0xD4, 0x09, 0x80, 0x58, 0x21, 0xC6, 0x08, 0x8C, 0x53, 0x9E, 0xC2, 0xF0, 0xF0,
    0x2C, 0x68, 0x3D, 0x50, 0x85, 0xD3, 0xE9, 0x7B, 0x8C, 0x3A, 0x6F, 0x67, 0x17, 0x9D, 0xB7, 0x0D,
    0x4E, 0x3C, 0xE8, 0xBD, 0x5D, 0xC6, 0x1F, 0xBF, 0x11, 0x49, 0x46, 0xFE, 0xFC, 0xC1, 0xF7, 0x8E,
    0xF3, 0xBA, 0x7D, 0xDE, 0xD0, 0x24, 0x13, 0x6A, 0x72, 0x2A, 0xC8, 0xC3, 0x5B, 0xE4, 0xF6, 0x7E,
    0x2F, 0x94, 0x04, 0xAA, 0x08, 0xD8, 0x49, 0xDA, 0x71, 0x5D, 0xFA, 0xA7, 0x7B, 0x61, 0x4C, 0x28,
    0x9E, 0xBF, 0x17, 0xAE, 0x49, 0x3F, 0xFF, 0x56, 0xD3, 0x8B, 0xBF, 0xD5, 0xEB, 0xD2, 0x3E, 0x9C,
    0xAF, 0x23, 0xCA, 0xF5, 0x74, 0xBE, 0x6E, 0xD8, 0xB5, 0xFA, 0xE0, 0xEC, 0xF0, 0xB9, 0xB9, 0xA0,
    0x6F, 0x18, 0x5B, 0x26, 0x15, 0x72, 0x41, 0xE7, 0xD9, 0x60, 0x16, 0xEC, 0x91, 0xF7, 0x2B, 0xC6,
    0x15, 0xF5, 0x0A, 0xF3, 0xB9, 0xB9, 0x22, 0x7A, 0xCE, 0x23, 0xC3, 0x7E, 0x82, 0xAE, 0x45, 0xF3,
    0x61, 0x70, 0x45, 0x94, 0x13, 0xF4, 0x97, 0xF0, 0xC4, 0x99, 0xE0, 0xEE, 0x47, 0xC9, 0x6D, 0x19,
    0x80, 0x2F, 0x15, 0x0B, 0x00, 0x13, 0xAB, 0xC1, 0x90, 0x03, 0xDA, 0x15, 0x70, 0x1B, 0xB0, 0x8E,
    0x03, 0x26, 0x5D, 0x42, 0x1B, 0x0A, 0x32, 0xD6, 0x64, 0x6A, 0x43, 0x93, 0xDC, 0x6C, 0xD7, 0xDE,
    0x57, 0xDB, 0xE8, 0xCD, 0xC6, 0x93, 0xE9, 0x67, 0x6D, 0x97, 0xFE, 0x3A, 0x35, 0xC1, 0x3E, 0xB7,
    0xE0, 0x1D, 0x50, 0x00, 0x80, 0x0B, 0x77, 0x80, 0x71, 0x4B, 0x00, 0x29, 0x08, 0x2E, 0xE0, 0xB4,
    0x5D, 0x74, 0xA9, 0xD5, 0xAD, 0x2C, 0x37, 0xD4, 0xFC, 0x4F, 0xC2, 0xB0, 0xA0, 0xB8, 0x03, 0x55,
    0xFE, 0x62, 0xA8, 0x14, 0x3D, 0x27, 0xC6, 0x91, 0x33, 0xD3, 0xE7, 0xBD, 0x6B, 0x8E, 0xF7, 0xB5,
    0x5D, 0xDA, 0x20, 0xE1, 0x24, 0x37, 0x55, 0x49, 0xDD, 0x1F, 0x5F, 0x0C, 0x47, 0x6D, 0x75, 0x39,
    0x24, 0xAB, 0x21, 0x2D, 0x15, 0x39, 0xE1, 0x18, 0x52, 0x3E, 0x31, 0x8F, 0x13, 0x40, 0xC0, 0xA4,
    0x5D, 0xFF, 0x0C, 0xD7, 0xA7, 0xAF, 0xF7, 0x57, 0x1B, 0x3F, 0xFD, 0xAE, 0xB9, 0x2E, 0xFD, 0x5B,
    0x40, 0xC1, 0x97, 0x83, 0x39, 0xBD, 0x6B, 0xB4, 0xF1, 0xDA, 0xFC, 0x2F, 0x97, 0xB6, 0xD3, 0x9D,
    0xA1, 0x5A, 0xB1, 0x34, 0x00, 0xAE, 0x71, 0x6D, 0xEC, 0x00, 0x34, 0x7E, 0xB7, 0xFA, 0x24, 0xFD,
    0xCD, 0x07, 0x0F, 0x4E, 0xFF, 0xA9, 0xF9, 0x98, 0x7E, 0x1D, 0xA7, 0xB1, 0x76, 0xC0, 0x21, 0x2D,
    0x18, 0xB7, 0xA0, 0x9A, 0x07, 0x3F, 0xA2, 0x9B, 0x9C, 0xF8, 0xD1, 0x8B, 0x1F, 0x4F, 0x36, 0x5E,
    0x7D, 0xB0, 0xF1, 0xE1, 0xD5, 0x36, 0x3E, 0xFA, 0xD6, 0x36, 0x3E, 0x16, 0x3F, 0x92, 0xF8, 0xB1,
    0xD4, 0xD9, 0x0F, 0xFD, 0x59, 0x8B, 0xC1, 0x8A, 0x1F, 0xA7, 0xB3, 0x3D, 0xBD, 0xC0, 0x4D, 0xC7,
    0xC3, 0x45, 0x91, 0x9E, 0xDF, 0x57, 0xBA, 0x64, 0xD9, 0xF5, 0xAB, 0xE5, 0x50, 0xAF, 0x05, 0x87,
    0x6A, 0xC5, 0x17, 0x82, 0xC9, 0x60, 0xA9, 0xF8, 0x5B, 0xFA, 0x82, 0x1C, 0xF5, 0x0E, 0xE9, 0x93,
    0x2E, 0xC1, 0xF1, 0x1C, 0x66, 0xA3, 0xC0, 0xCD, 0x2F, 0xFE, 0x09, 0xF7, 0x2B, 0x9D, 0xF7, 0xF9,
    0x3F, 0xD7, 0x7A, 0xC0, 0xFD, 0x4D, 0xFE, 0x73, 0xED, 0xA2, 0xD3, 0x5E, 0x7C, 0x95, 0xF3, 0x3A,
    0x13, 0x80, 0xF1, 0xD5, 0x05, 0xE8, 0x5F, 0x11, 0x9C, 0xFE, 0x27, 0x91, 0xAF, 0x6E, 0x4A, 0xBD,
    0xC5, 0x0F, 0xAB, 0xCB, 0x01, 0x28, 0x56, 0x00, 0xE6, 0xF9, 0x87, 0x16, 0xC8, 0x57, 0xE8, 0x33,
    0xDA, 0x84, 0x0D, 0x36, 0x21, 0xA1, 0x4E, 0x88, 0x10, 0xE5, 0x00, 0x51, 0x0E, 0x28, 0x68, 0x26,
    0x80, 0xF7, 0x3D, 0x30, 0xFE, 0x68, 0x00, 0xDC, 0x23, 0x08, 0x1E, 0x0B, 0x9A, 0x4D, 0x60, 0x93,
    0xA0, 0x56, 0x98, 0xE5, 0x28, 0x5F, 0x29, 0xAC, 0x17, 0x38, 0x41, 0x49, 0x00, 0x7D, 0x12, 0xB8,
    0xB7, 0x70, 0x48, 0xFD, 0x2A, 0x68, 0x15, 0xD5, 0x67, 0xC2, 0x05, 0x01, 0x37, 0x54, 0xFC, 0x19,
    0xBB, 0x8A, 0xA0, 0x17, 0x8C, 0xFA, 0x8C, 0xEC, 0x27, 0x19, 0xE2, 0x32, 0xE6, 0x17, 0x31, 0x69,
    0xAF, 0x3F, 0x0C, 0xFE, 0x0E, 0x87, 0x8A, 0xA4, 0xA8, 0x8C, 0x49, 0x70, 0xD6, 0x7D, 0x72, 0x8E,
    0x7A, 0x13, 0xF4, 0x9C, 0x01, 0x32, 0x00, 0x78, 0xB3, 0xD2, 0x28, 0x6D, 0x38, 0x20, 0x7F, 0x04,
    0xFE, 0xFF, 0x96, 0xE9, 0xBF, 0x01, 0xCD, 0x9B, 0x01, 0xA4, 0x25, 0xD9, 0x99, 0xC7, 0xFF, 0x75,
    0x4F, 0x5E, 0x97, 0x9D, 0xC2, 0x69, 0x74, 0xB3, 0x63, 0xEC, 0x16, 0xC0, 0x80, 0x1C, 0x00, 0xD6,
    0x74, 0x9F, 0xDA, 0x08, 0x01, 0xE4, 0xA1, 0x1F, 0x80, 0x2C, 0x82, 0x25, 0x18, 0x80, 0x45, 0xA7,
    0xAB, 0x08, 0x60, 0x91, 0x81, 0xB5, 0x08, 0x36, 0xC8, 0x62, 0x27, 0x08, 0x2C, 0x82, 0x9E, 0xA9,
    0x23, 0x83, 0xB1, 0x06, 0x53, 0x49, 0xC4, 0x62, 0x31, 0xC5, 0xC6, 0x8A, 0x0D, 0xFA, 0x64, 0xB6,
    0x22, 0xD5, 0x33, 0xA7, 0xEA, 0xBF, 0xE7, 0x3B, 0xE7, 0xDE, 0x7B, 0x6F, 0xBA, 0xBB, 0x67, 0x7A,
    0xBA, 0xEF, 0xEB, 0x7E, 0x57, 0x9D, 0xDF, 0xB9, 0x7D, 0xEB, 0xA8, 0xF3, 0xFD, 0xBF, 0xEF, 0xDC,
    0xAF, 0xCE, 0x77, 0x5F, 0x35, 0x4A, 0x06, 0x60, 0xCB, 0xE2, 0xE2, 0x0E, 0xF6, 0x2F, 0x3B, 0x08,
    0x5B, 0x2F, 0x64, 0xE6, 0x14, 0xB1, 0x49, 0x23, 0xD5, 0x7F, 0x0A, 0xCB, 0x0F, 0xD6, 0x48, 0xFD,
    0x01, 0x85, 0xDF, 0x10, 0xD6, 0x60, 0x07, 0x58, 0xD0, 0x01, 0xB7, 0xD0, 0x47, 0xF6, 0xE4, 0x08,
    0x90, 0xF4, 0xC0, 0x04, 0x33, 0x61, 0xE3, 0xA1, 0x03, 0x54, 0x62, 0x39, 0xA0, 0x5A, 0xA0, 0x07,
    0x94, 0x44, 0xFF, 0x19, 0x5A, 0x8E, 0x24, 0x48, 0xBF, 0x21, 0x21, 0x0D, 0x17, 0x17, 0x40, 0x9A,
    0x74, 0x81, 0x26, 0x3B, 0xE3, 0xDB, 0xA1, 0x1E, 0xEC, 0x58, 0x0D, 0xD6, 0x03, 0xB1, 0x9D, 0xB5,
    0xBE, 0x24, 0xBD, 0x5D, 0xDB, 0x78, 0xC6, 0x7A, 0xBA, 0x43, 0x6B, 0x07, 0x7A, 0xCB, 0x07, 0x8B,
    0xA6, 0x5E, 0x71, 0x2E, 0xEA, 0x70, 0x16, 0x59, 0x39, 0x23, 0x96, 0xFF, 0x71, 0x11, 0x15, 0x0C,
    0x07, 0x75, 0x67, 0xB8, 0x1A, 0xDA, 0xC5, 0xCC, 0xD2, 0xD5, 0x50, 0x0F, 0xFB, 0x3C, 0x61, 0xEF,
    0x81, 0xB3, 0xE6, 0x74, 0x7E, 0x78, 0xA5, 0xEA, 0x00, 0x20, 0x08, 0x94, 0x17, 0x6A, 0x77, 0x44,
    0x2F, 0x22, 0x2B, 0x3A, 0xB1, 0x45, 0x78, 0x0A, 0xBD, 0xF7, 0x80, 0x62, 0xCA, 0xB3, 0x95, 0xD2,
    0xE4, 0x7D, 0x32, 0x7B, 0x90, 0xE5, 0x0E, 0x40, 0x25, 0xA1, 0x73, 0x84, 0x19, 0x20, 0x02, 0x01,
    0xDC, 0x10, 0x20, 0x19, 0xB3, 0x00, 0x2D, 0xD9, 0x6D, 0x88, 0xDE, 0x95, 0x01, 0x76, 0xD0, 0x33,
    0x8C, 0x33, 0x1E, 0x7F, 0x0D, 0x31, 0x25, 0xA3, 0x4D, 0x18, 0x23, 0x7A, 0x41, 0x9B, 0x90, 0xCE,
    0x1E, 0x30, 0x01, 0xE2, 0x17, 0x74, 0xD5, 0x82, 0xCD, 0xA0, 0x38, 0x18, 0x07, 0x92, 0x1D, 0x6A,
    0x99, 0x03, 0x37, 0x01, 0xE0, 0xA2, 0x41, 0xC1, 0x06, 0x6A, 0x11, 0x67, 0x00, 0xB5, 0xDB, 0x7E,
    0x0E, 0xA0, 0x5F, 0x50, 0x92, 0xAE, 0xF6, 0x36, 0xBA, 0x21, 0x36, 0x67, 0x5C, 0xEF, 0x5E, 0x4F,
    0x71, 0xE0, 0x51, 0x93, 0x7F, 0xB7, 0x43, 0x9A, 0xD3, 0x99, 0xB9, 0x1C, 0x34, 0xE9, 0x0A, 0xAE,
    0xDB, 0x05, 0x24, 0x7A, 0x37, 0xEC, 0x00, 0x25, 0xF2, 0xF5, 0xAF, 0xC5, 0x97, 0x08, 0xA2, 0xF7,
    0xC6, 0xCB, 0x17, 0x2C, 0xAD, 0xC9, 0x83, 0x19, 0xB0, 0x99, 0x57, 0x54, 0x83, 0x69, 0xCE, 0xC4,
    0xD2, 0x93, 0x09, 0x7E, 0x1D, 0x00, 0xD8, 0x09, 0xDC, 0x0E, 0xB7, 0xB3, 0xD2, 0x57, 0x22, 0xF8,
    0x5A, 0x12, 0x7C, 0x68, 0x5A, 0x4C, 0x3B, 0x61, 0x84, 0x53, 0x20, 0x2D, 0x42, 0x0E, 0x6E, 0x0E,
    0x73, 0x0A, 0x38, 0x2E, 0x5E, 0x89, 0x60, 0x89, 0x66, 0x19, 0xA3, 0x2A, 0xD1, 0x05, 0x03, 0x60,
    0xBD, 0x44, 0xFD, 0x64, 0x82, 0x65, 0x82, 0x94, 0x3F, 0xEE, 0x45, 0x96, 0x9F, 0x06, 0x88, 0x5C,
    0x8F, 0x5D, 0xA8, 0xF7, 0x53, 0x01, 0x96, 0xFC, 0x6D, 0x22, 0x3B, 0x28, 0xA2, 0xF7, 0xD8, 0x10,
    0x75, 0x10, 0x56, 0xAB, 0x50, 0x31, 0xB3, 0x89, 0x2C, 0xD8, 0x25, 0xBA, 0x48, 0x1C, 0xB1, 0x38,
    0x50, 0xDC, 0x9A, 0xC6, 0x63, 0x4F, 0xF1, 0x42, 0xBA, 0x66, 0xBE, 0xBE, 0x49, 0x73, 0xB5, 0xE4,
    0x8C, 0xFD, 0x8B, 0xC1, 0x88, 0xA2, 0x60, 0x3B, 0xF1, 0x9C, 0x05, 0x50, 0x85, 0xBB, 0x89, 0xDF,
    0x4D, 0x04, 0x0A, 0xFE, 0x63, 0xA4, 0xE6, 0xE7, 0x91, 0xE6, 0x61, 0x9B, 0x5C, 0x56, 0x07, 0xF1,
    0x80, 0x8E, 0xEC, 0x9D, 0x90, 0xAE, 0x7A, 0x22, 0xF3, 0xD9, 0x36, 0xD1, 0x8E, 0x89, 0xDE, 0x2E,
    0x80, 0xE6, 0x9F, 0x38, 0x40, 0xF1, 0x57, 0x1C, 0x81, 0x1B, 0xCF, 0xEF, 0x0D, 0x4B, 0x22, 0xF1,
    0x34, 0xDE, 0x60, 0x88, 0xE8, 0x05, 0x3A, 0xE2, 0xB5, 0x9F, 0xAD, 0xEF, 0x40, 0x93, 0x63, 0xF6,
    0x83, 0x60, 0xC3, 0x8F, 0x42, 0x76, 0x85, 0x99, 0xDA, 0x90, 0x24, 0x65, 0x75, 0xBD, 0x40, 0x34,
    0x1F, 0xA1, 0xCF, 0xD0, 0x79, 0x5C, 0x52, 0x9E, 0x85, 0x27, 0xDD, 0x3B, 0xD9, 0x7E, 0x8B, 0x9B,
    0x17, 0xE7, 0xFB, 0x75, 0x41, 0x97, 0xA0, 0x08, 0x2D, 0x52, 0xD4, 0x1E, 0x1B, 0xD1, 0x04, 0x1C,
    0x83, 0x61, 0x07, 0xE0, 0x49, 0xF8, 0x3B, 0x81, 0x8F, 0x28, 0xBC, 0x22, 0x94, 0x17, 0xD9, 0xBE,
    0xE5, 0x13, 0xB6, 0x34, 0xE8, 0x67, 0x94, 0x64, 0xA3, 0x27, 0x59, 0xFE, 0xC6, 0x5B, 0x57, 0xFB,
    0x28, 0x6E, 0xEA, 0x7F, 0xF3, 0xF6, 0x4C, 0x72, 0xE6, 0xFF, 0xBE, 0xFB, 0x93, 0xDD, 0xF2, 0xB7,
    0x79, 0xF9, 0xFB, 0x3A, 0x28, 0x5F, 0x91, 0x43, 0x41, 0x02, 0x67, 0xE7, 0x12, 0xCC, 0xEB, 0xC0,
    0x2D, 0x4C, 0x80, 0xF9, 0x67, 0x0F, 0x68, 0xF1, 0x9E, 0x62, 0x07, 0x39, 0xF3, 0x92, 0xF5, 0x15,
    0xCD, 0x19, 0x94, 0xD3, 0x69, 0xDB, 0x82, 0x94, 0x63, 0x26, 0xF9, 0x8A, 0x9E, 0x4E, 0x2B, 0xBE,
    0xBB, 0x33, 0x44, 0xED, 0x81, 0xFB, 0x2F, 0x5B, 0x66, 0x4A, 0xE1, 0xE6, 0x28, 0x85, 0x57, 0x0E,
    0x00, 0x4E, 0x25, 0xF3, 0x25, 0x0A, 0x01, 0xDE, 0x93, 0x41, 0xF2, 0xA6, 0x14, 0x54, 0xA3, 0x60,
    0x6A, 0xB6, 0xB7, 0x0D, 0x08, 0x9E, 0x4B, 0xD3, 0x78, 0xA4, 0xA9, 0xC1, 0xB5, 0x19, 0x28, 0x87,
    0xBC, 0xC7, 0xAB, 0xA5, 0xC9, 0xFB, 0x94, 0x76, 0x1A, 0xDC, 0x91, 0x65, 0x7A, 0xAF, 0x98, 0x81,
    0xFA, 0x23, 0x71, 0x25, 0xDD, 0x2E, 0xAE, 0x17, 0x2F, 0x3B, 0xAE, 0x67, 0x4D, 0xBC, 0x53, 0x8D,
    0xA6, 0xD9, 0x84, 0xC3, 0x9D, 0xEA, 0xB4, 0xCB, 0xF7, 0x66, 0x83, 0xDD, 0xDD, 0xB4, 0x48, 0xEE,
    0x57, 0x7F, 0x08, 0x10, 0xBF, 0x58, 0xE4, 0xFB, 0xD8, 0xEE, 0x25, 0x53, 0x25, 0xE5, 0x5E, 0x52,
    0x6F, 0x1D, 0x50, 0x2E, 0xA8, 0x42, 0xDA, 0x5A, 0xA7, 0x6D, 0xB6, 0x1A, 0x92, 0x71, 0xD8, 0xB2,
    0x3D, 0x30, 0x5F, 0x1D, 0xED, 0xB8, 0x21, 0xBB, 0xD6, 0x47, 0x36, 0xD6, 0xC3, 0x04, 0x44, 0x6A,
    0xC9, 0xA2, 0xD0, 0x33, 0x74, 0x10, 0x56, 0x8B, 0x70, 0xC3, 0x2E, 0x12, 0x3D, 0x19, 0x59, 0x91,
    0xDD, 0xCE, 0x4E, 0xB1, 0x38, 0x5F, 0x9F, 0x01, 0xD8, 0x84, 0xF7, 0x81, 0x72, 0xAC, 0xBB, 0xE8,
    0x91, 0x22, 0xC9, 0xB8, 0x07, 0xF4, 0x9F, 0xB1, 0x29, 0xC9, 0x07, 0xD0, 0xDE, 0xFE, 0x07, 0xCC,
    0x68, 0x46, 0xD8, 0xA1, 0xF6, 0x3B, 0x98, 0x11, 0x72, 0x67, 0x87, 0x7E, 0xD8, 0x3B, 0x6C, 0xB8,
    0x02, 0x9B, 0xCF, 0xDE, 0x11, 0xB9, 0x88, 0xF8, 0xCD, 0x79, 0x04, 0x39, 0xC8, 0x9C, 0xC9, 0xB7,
    0x01, 0xF6, 0xB3, 0x9F, 0x2D, 0x20, 0x8A, 0x05, 0xAB, 0x80, 0xD8, 0x04, 0xF4, 0x5D, 0x35, 0xC1,
    0xCA, 0xB8, 0x6B, 0x7C, 0x98, 0xBC, 0xF4, 0xB5, 0x48, 0xDD, 0xDD, 0x7E, 0x7A, 0x05, 0x77, 0x75,
    0x7C, 0x28, 0x09, 0x31, 0x65, 0xC4, 0x9C, 0x12, 0x0B, 0x2E, 0xC8, 0x49, 0x51, 0x96, 0xD5, 0xAB,
    0xF3, 0x21, 0x5E, 0x13, 0xA0, 0x75, 0x59, 0x6B, 0xE2, 0x20, 0x34, 0x8D, 0x10, 0x57, 0xCA, 0x87,
    0xB8, 0x26, 0xB0, 0xFE, 0x18, 0xBB, 0x4D, 0xF3, 0xAB, 0xF4, 0xE1, 0x15, 0xF1, 0x8F, 0x50, 0x00,
    0xDB, 0x08, 0x5B, 0x1C, 0x6E, 0x89, 0x73, 0xE2, 0x8F, 0x13, 0x6F, 0x08, 0xE6, 0x5D, 0xB2, 0x57,
    0x02, 0xED, 0x5F, 0xF9, 0x3A, 0x4C, 0x29, 0x06, 0x66, 0x16, 0xB6, 0x8B, 0x30, 0xB4, 0xC9, 0x3C,
    0xB9, 0x6C, 0x91, 0xF2, 0x4C, 0xD6, 0xC6, 0xD9, 0x30, 0x64, 0xA6, 0x0D, 0x69, 0xDE, 0x75, 0x36,
    0x5F, 0x46, 0xF2, 0x40, 0x14, 0xCF, 0xC6, 0x74, 0xFD, 0xCE, 0x70, 0xAA, 0x39, 0xB7, 0x32, 0x69,
    0xC8, 0x6E, 0xA6, 0xCB, 0x85, 0x45, 0xAE, 0x31, 0x74, 0x77, 0xEF, 0x38, 0x63, 0xF7, 0x62, 0xFC,
    0xDB, 0x82, 0x52, 0xA0, 0x1E, 0x85, 0x9D, 0xA1, 0x56, 0xAE, 0x50, 0x7C, 0xC0, 0x88, 0x82, 0x9D,
    0x22, 0xE8, 0xD4, 0xFA, 0x6C, 0x28, 0x05, 0x2D, 0x07, 0xCE, 0x3D, 0x47, 0x86, 0xA7, 0xBB, 0xA3,
    0x29, 0xD8, 0xF5, 0x22, 0x78, 0xF9, 0x1E, 0xDF, 0xFD, 0x29, 0x7F, 0x77, 0x19, 0xEE, 0x78, 0x44,
    0xB0, 0x12, 0x7C, 0x8F, 0xFF, 0x06, 0x90, 0x04, 0xCA, 0xF5, 0x51, 0xD5, 0x22, 0xF8, 0xF7, 0x07,
    0xD5, 0xCF, 0x23, 0xB8, 0x00, 0xCC, 0xF4, 0xF5, 0x96, 0xEF, 0xAD, 0x0C, 0xDE, 0x78, 0xA4, 0x85,
    0x61, 0x93, 0x35, 0x2A, 0x55, 0x1D, 0xCF, 0x7E, 0x28, 0x36, 0x26, 0x29, 0x29, 0x1A, 0xD4, 0x53,
    0x6D, 0xF9, 0xFE, 0xFB, 0x0C, 0x53, 0x3D, 0xE5, 0x6B, 0xD6, 0x72, 0x56, 0xFC, 0x88, 0x2F, 0x3C,
    0x0A, 0xBA, 0x3A, 0x79, 0xDF, 0xD0, 0xC7, 0xE3, 0xEC, 0xE2, 0xFC, 0xC5, 0xED, 0x21, 0x5D, 0x3C,
    0x2E, 0x2E, 0xC4, 0x8C, 0x76, 0x11, 0x07, 0x57, 0x0B, 0xD4, 0x17, 0x1E, 0x25, 0xD1, 0x72, 0xEC,
    0xE9, 0x63, 0x0D, 0x70, 0x0B, 0x73, 0xDC, 0xFF, 0x6B, 0x8E, 0x8A, 0x1D, 0x6E, 0xE0, 0xC5, 0xED,
    0x39, 0x47, 0x33, 0xAB, 0xF1, 0xFD, 0xEF, 0x38, 0x4B, 0xA7, 0x09, 0x9C, 0xE3, 0x39, 0x0C, 0x7B,
    0x41, 0x1B, 0x60, 0x81, 0x00, 0xE5, 0xD3, 0x11, 0xAE, 0x6F, 0xE8, 0xD1, 0x7B, 0xFC, 0x58, 0xA6,
    0xA8, 0x56, 0x94, 0x0B, 0x8A, 0x09, 0xC0, 0xF3, 0x18, 0x96, 0x2F, 0x5B, 0x0D, 0xD0, 0x0E, 0xDA,
    0x37, 0x15, 0x5D, 0x41, 0x87, 0xBF, 0x47, 0xB1, 0xAB, 0x78, 0xD3, 0xCE, 0xF8, 0x04, 0x6E, 0x7C,
    0x0E, 0x8F, 0xB5, 0x0C, 0x89, 0xB3, 0x62, 0x97, 0x8D, 0x51, 0xC4, 0x25, 0x50, 0x8C, 0x8C, 0x34,
    0x32, 0x11, 0x5A, 0xD1, 0x08, 0x00, 0x8F, 0xB3, 0x5A, 0x84, 0x75, 0x48, 0x1F, 0x8C, 0xC2, 0x35,
    0xDD, 0x57, 0xAE, 0x35, 0x6A, 0x81, 0x1D, 0xAB, 0x15, 0xD6, 0x97, 0x4B, 0x44, 0x31, 0xA1, 0xEE,
    0x00, 0xEC, 0x63, 0xA2, 0xA2, 0xA4, 0xA5, 0xA4, 0xAF, 0x16, 0xB4, 0x5E, 0x06, 0x7F, 0x35, 0x94,
    0x8C, 0x68, 0x39, 0x5A, 0x2F, 0x8E, 0xF1, 0x00, 0x32, 0xC6, 0x1D, 0x7A, 0x07, 0x14, 0xEC, 0x80,
    0x9A, 0x88, 0x98, 0xF2, 0x1D, 0xB1, 0x1F, 0x51, 0xD0, 0xA7, 0xBD, 0xB5, 0x76, 0x76, 0x9F, 0xA5,
    0x35, 0x99, 0x1A, 0x44, 0x43, 0x3F, 0x9C, 0xB0, 0x39, 0x80, 0xD2, 0xBA, 0xE4, 0xB0, 0x3E, 0x6C,
    0x0B, 0xA7, 0x0B, 0x28, 0x99, 0xD1, 0x99, 0x8F, 0xC6, 0x58, 0xE0, 0x48, 0xA1, 0x73, 0x9C, 0x60,
    0xBE, 0xCA, 0x91, 0x56, 0xA5, 0xC4, 0xA1, 0x9F, 0x64, 0x96, 0xB4, 0x3A, 0xBA, 0x4C, 0x25, 0x35,
    0x89, 0xC4, 0x53, 0x0F, 0x42, 0xD3, 0x08, 0xBF, 0x8F, 0xC8, 0x62, 0x12, 0x96, 0xA3, 0x50, 0x3B,
    0x61, 0x3B, 0x08, 0xE9, 0x13, 0x67, 0xE1, 0x0F, 0x83, 0xB0, 0xA2, 0x50, 0xB1, 0x89, 0x2C, 0xE8,
    0x22, 0x41, 0x2F, 0xB4, 0x53, 0x5A, 0xC8, 0x41, 0xD6, 0x88, 0xE6, 0xD0, 0x32, 0x6C, 0x38, 0x62,
    0xFB, 0x2A, 0x1A, 0xA1, 0x1E, 0x85, 0xB5, 0x3B, 0x6C, 0x1F, 0x6F, 0x0B, 0xF0, 0x26, 0x9E, 0xF1,
    0xD6, 0x58, 0x71, 0x50, 0x8B, 0xE4, 0xAD, 0x65, 0xB3, 0x42, 0x2D, 0x6A, 0x92, 0xCF, 0x86, 0x08,
    0xD3, 0x44, 0xB4, 0xB2, 0xDA, 0xE8, 0xA0, 0xC8, 0x21, 0xA2, 0xF5, 0x72, 0x22, 0x44, 0xE8, 0x25,
    0x42, 0x11, 0x25, 0x37, 0x74, 0x2D, 0x47, 0x4E, 0x3D, 0x7D, 0x3D, 0x23, 0xBF, 0x6E, 0x0A, 0x28,
    0x58, 0x04, 0x61, 0xB7, 0xF1, 0x29, 0x3A, 0xA0, 0x95, 0x29, 0x7B, 0x99, 0xB2, 0xFA, 0x82, 0x29,
    0x1B, 0x99, 0xD2, 0x09, 0x64, 0x4A, 0x2B, 0x43, 0x74, 0x90, 0x71, 0x32, 0xA5, 0x62, 0xB7, 0x9B,
    0xD2, 0xCC, 0xB9, 0x52, 0x55, 0x14, 0x85, 0x61, 0xE7, 0x11, 0xDB, 0x44, 0xDC, 0xC0, 0x21, 0x87,
    0x6C, 0x21, 0x4E, 0x16, 0xCF, 0x3E, 0x2F, 0x72, 0xF5, 0xFA, 0xF4, 0x8A, 0xFE, 0xEC, 0x0E, 0xCC,
    0x04, 0x3B, 0x80, 0xD8, 0xCC, 0xDB, 0x10, 0xF5, 0x8B, 0xF8, 0xBF, 0x7C, 0x3C, 0xED, 0x3C, 0x73,
    0x52, 0x7A, 0x79, 0xF6, 0xE3, 0xB0, 0x5B, 0x5D, 0xF7, 0x91, 0x9B, 0x22, 0xD4, 0x28, 0xEF, 0x3A,
    0x9C, 0x46, 0x10, 0x00, 0xDC, 0x81, 0xCA, 0xF7, 0x96, 0x11, 0x95, 0xC3, 0xB5, 0x24, 0x50, 0x8F,
    0x02, 0xA7, 0xD8, 0xD4, 0x92, 0xEF, 0x0D, 0x22, 0x6E, 0x5D, 0x8A, 0xCA, 0x7E, 0xD1, 0xC3, 0xDB,
    0x4B, 0xED, 0xCA, 0xC5, 0x42, 0x2D, 0xB7, 0x63, 0x7B, 0x33, 0x36, 0x3C, 0x57, 0x2B, 0x09, 0xD1,
    0x05, 0x11, 0xF6, 0x15, 0x42, 0xF5, 0x9A, 0xC0, 0x0E, 0x11, 0xAD, 0x97, 0x77, 0x63, 0x44, 0xDD,
    0x7D, 0x35, 0x11, 0x90, 0x48, 0xA0, 0xFC, 0x52, 0x23, 0xAF, 0x75, 0x6A, 0xA9, 0xBD, 0x7C, 0x91,
    0xD4, 0x62, 0x62, 0x5F, 0x0D, 0x2F, 0x22, 0x42, 0x75, 0x11, 0x6F, 0x37, 0x11, 0x0B, 0x22, 0x46,
    0x41, 0x03, 0x54, 0x04, 0x60, 0x05, 0x7F, 0xF3, 0xEC, 0x22, 0x9E, 0xBE, 0x98, 0xAE, 0x2B, 0x7A,
    0xC5, 0x31, 0x67, 0x5E, 0xBB, 0xA0, 0x7D, 0x64, 0x31, 0xAD, 0x87, 0xC5, 0x74, 0xF3, 0x3C, 0xB9,
    0xC3, 0x09, 0x29, 0x50, 0x41, 0x58, 0x8D, 0x7F, 0xFE, 0x9B, 0x84, 0x5D, 0xA1, 0x38, 0x5B, 0x36,
    0x8A, 0x93, 0xA2, 0x83, 0x4D, 0x15, 0x85, 0x89, 0x9C, 0x13, 0x83, 0xF0, 0x4F, 0x14, 0x7E, 0xCA,
    0x2E, 0xD2, 0x73, 0x10, 0x5A, 0x2F, 0xAC, 0x83, 0x50, 0x2F, 0x42, 0x45, 0x61, 0xC1, 0x07, 0x91,
    0xE8, 0x29, 0xB4, 0x89, 0x3A, 0xB1, 0x12, 0x99, 0x50, 0x84, 0x59, 0x1B, 0x10, 0x2D, 0x3B, 0xB4,
    0x00, 0x8A, 0x3B, 0x11, 0x3A, 0x44, 0x18, 0x1F, 0x61, 0xBB, 0x5D, 0x82, 0x3C, 0xDF, 0x19, 0x18,
    0xCC, 0x8C, 0x36, 0x70, 0x45, 0xC5, 0xDF, 0x9F, 0xA2, 0x52, 0x79, 0xC5, 0x82, 0x1F, 0xBF, 0x53,
    0x69, 0x27, 0xAC, 0x1B, 0xA1, 0x15, 0xE0, 0x2F, 0x71, 0x49, 0xE2, 0x9F, 0x98, 0xCC, 0x8A, 0x94,
    0xCC, 0x76, 0xF7, 0xA2, 0x54, 0xE4, 0xEE, 0x0A, 0x5E, 0x2C, 0x36, 0x99, 0x71, 0xD8, 0x6E, 0x49,
    0x81, 0x7C, 0x35, 0x96, 0x4E, 0xFE, 0xAB, 0x62, 0x11, 0x80, 0xFA, 0x43, 0x0F, 0x94, 0x74, 0xDB,
    0xEF, 0x26, 0x2E, 0x2E, 0xC9, 0x7B, 0x39, 0x44, 0xB0, 0x43, 0xEE, 0xFC, 0x71, 0x97, 0x43, 0x09,
    0xF5, 0x5F, 0xFC, 0x16, 0x81, 0xEA, 0x63, 0x3E, 0xA0, 0x43, 0x0B, 0xAE, 0xF4, 0xF8, 0x77, 0x6C,
    0xF7, 0x8A, 0x74, 0x26, 0x77, 0xF5, 0xF3, 0x76, 0x13, 0x50, 0x31, 0xD4, 0x04, 0xB4, 0x74, 0xCD,
    0x33, 0xC5, 0xE0, 0xFF, 0xB6, 0x31, 0x70, 0x4F, 0x8E, 0x41, 0xB5, 0x1E, 0x62, 0x80, 0x1C, 0x83,
    0x96, 0x42, 0x73, 0x14, 0x03, 0x95, 0x62, 0x50, 0xE4, 0x18, 0xF4, 0x29, 0x06, 0x79, 0xAD, 0x9A,
    0x23, 0xDA, 0xC4, 0xDB, 0x89, 0x41, 0xA0, 0xE7, 0xC4, 0xF1, 0xD4, 0xF1, 0x70, 0x12, 0x0F, 0x07,
    0xE0, 0x08, 0x1D, 0xC4, 0x3C, 0x40, 0x09, 0x6C, 0x10, 0x0C, 0xC9, 0x4D, 0xD8, 0xF1, 0xEC, 0xE8,
    0x41, 0xA2, 0x8A, 0x62, 0x5A, 0xCF, 0xBC, 0x43, 0xB6, 0x23, 0xAA, 0x20, 0xD6, 0xEA, 0x59, 0xDE,
    0x18, 0x0F, 0xB5, 0xC2, 0x46, 0x72, 0xCB, 0x56, 0xD8, 0xB4, 0xA3, 0xB0, 0x1F, 0xB1, 0xD9, 0xBD,
    0xCF, 0x9F, 0x1F, 0x8F, 0x14, 0xAE, 0xDB, 0xEB, 0xE8, 0x74, 0xCD, 0xFC, 0x21, 0xC8, 0x5C, 0x16,
    0x84, 0xDD, 0x6E, 0xF0, 0xF1, 0xBF, 0xBD, 0xE5, 0x3F, 0x3D, 0xEB, 0xC9, 0x78, 0x3B, 0xEA, 0x60,
    0x87, 0x32, 0xF4, 0x4E, 0x2D, 0xB1, 0xAD, 0xDC, 0xB6, 0x3E, 0xB7, 0xC5, 0xBA, 0x32, 0xC8, 0x98,
    0xDA, 0xEB, 0xA9, 0x24, 0x07, 0x90, 0xF9, 0x97, 0xB3, 0xAF, 0xE5, 0x3D, 0x3D, 0xDE, 0x12, 0xD5,
    0xFF, 0x13, 0x22, 0x4B, 0xFA, 0xC8, 0x82, 0x43, 0x9E, 0xF7, 0x0A, 0x79, 0x40, 0x52, 0x0D, 0xD4,
    0xA8, 0xBB, 0xCD, 0xC3, 0x16, 0x20, 0x25, 0x6C, 0xF2, 0xE1, 0xE9, 0xBC, 0x81, 0x0B, 0x61, 0xB1,
    0x5A, 0x07, 0xA8, 0xD0, 0x36, 0x40, 0xE9, 0x17, 0x00, 0xFA, 0x17, 0x53, 0xE4, 0x59, 0xD1, 0x5C,
    0x25, 0x6F, 0xE0, 0xEC, 0x6F, 0xEF, 0xC0, 0x7E, 0x38, 0xA3, 0xFD, 0xB6, 0xC7, 0x52, 0xBB, 0xCD,
    0x64, 0x51, 0x34, 0x37, 0x4E, 0xE8, 0x8D, 0x9D, 0x54, 0x92, 0x01, 0x7D, 0xEA, 0xB2, 0x31, 0xA1,
    0x0A, 0xD2, 0xDD, 0xD7, 0xB3, 0x74, 0x77, 0x8D, 0x97, 0xEE, 0x4D, 0x9B, 0x3A, 0x6C, 0xBB, 0x76,
    0xDB, 0x8D, 0xB0, 0xA4, 0xEB, 0x73, 0xD7, 0x8E, 0xC7, 0xE7, 0xEC, 0x13, 0xBA, 0xBF, 0xC8, 0xD7,
    0xAC, 0x75, 0x90, 0xCE, 0x2A, 0xA6, 0x0E, 0x4C, 0x2F, 0xD4, 0xB9, 0x3B, 0x5E, 0x97, 0x40, 0x2F,
    0x35, 0x9D, 0xC8, 0xFD, 0x21, 0x03, 0xA2, 0x62, 0xFE, 0x42, 0x22, 0xA2, 0x09, 0x76, 0x51, 0x37,
    0x41, 0x17, 0x65, 0x12, 0x7D, 0xEA, 0x2E, 0xE8, 0x18, 0x3B, 0xE6, 0xEE, 0xDD, 0x77, 0xBB, 0x74,
    0x0E, 0xD8, 0x76, 0xD1, 0x19, 0xA9, 0x1B, 0x2B, 0x76, 0xAA, 0x89, 0x2E, 0xE1, 0x58, 0x37, 0x15,
    0xF9, 0x09, 0x09, 0x70, 0x55, 0x9C, 0xC5, 0x37, 0x79, 0xFE, 0xE2, 0x8E, 0x50, 0x07, 0xA1, 0xF1,
    0x42, 0xDB, 0x09, 0x17, 0x1C, 0x6F, 0x48, 0x20, 0xC2, 0xA7, 0xC4, 0xBC, 0x58, 0x28, 0xF1, 0x17,
    0x55, 0xC2, 0x49, 0x68, 0xE6, 0x03, 0xED, 0x74, 0x38, 0x4B, 0x17, 0x49, 0x42, 0x38, 0x0B, 0x75,
    0x10, 0x2A, 0x66, 0x36, 0xFB, 0x31, 0xE8, 0x1F, 0x2D, 0x76, 0x27, 0x2D, 0x05, 0x5E, 0x28, 0xE8,
    0x80, 0x0B, 0x19, 0x78, 0x78, 0x20, 0xCB, 0x74, 0xFB, 0xBA, 0xCE, 0xCE, 0xC6, 0xB7, 0x81, 0xA1,
    0x5A, 0x25, 0xB2, 0x3F, 0x88, 0x4D, 0x79, 0x45, 0x40, 0xAD, 0x5F, 0xB0, 0x55, 0x5F, 0x77, 0xBB,
    0xDC, 0xE9, 0x55, 0x2B, 0x3B, 0x2E, 0x95, 0xD1, 0x26, 0xF6, 0x89, 0x21, 0x71, 0x4A, 0x7C, 0xE7,
    0x04, 0x3A, 0x91, 0xAB, 0x2D, 0x14, 0x01, 0x50, 0x73, 0xDE, 0xFD, 0x28, 0x07, 0x6C, 0x9A, 0xF4,
    0xB9, 0x78, 0xF3, 0x5E, 0xAA, 0xF1, 0xCC, 0xC7, 0x63, 0xA4, 0xA6, 0xDB, 0xDD, 0x58, 0x80, 0x8B,
    0x2B, 0xB2, 0x0E, 0x64, 0x9F, 0xA6, 0x7C, 0xED, 0x8A, 0xD0, 0x03, 0x7D, 0x80, 0x8C, 0x4A, 0xBB,
    0xB3, 0x53, 0xF8, 0x47, 0xAA, 0x76, 0x18, 0x51, 0xE7, 0x00, 0x31, 0x6B, 0x3E, 0x24, 0x66, 0xCB,
    0x6E, 0x43, 0xFA, 0xCA, 0xEB, 0xA0, 0x47, 0x15, 0xCC, 0x10, 0xDB, 0x58, 0x0C, 0x32, 0x3A, 0x6F,
    0x4C, 0x3C, 0x14, 0x09, 0x90, 0x23, 0x0C, 0x67, 0x14, 0x5C, 0xE4, 0xCC, 0x35, 0x28, 0x9A, 0xA6,
    0xA0, 0xED, 0x40, 0xEB, 0x8A, 0xC5, 0x7A, 0x15, 0xF4, 0xDA, 0x7B, 0x45, 0x36, 0x62, 0x77, 0x5A,
    0xD7, 0x60, 0x97, 0x8C, 0xA9, 0xE4, 0x62, 0x6E, 0x5F, 0xA8, 0x14, 0x9C, 0x51, 0x91, 0xA8, 0x5D,
    0xDB, 0x58, 0x67, 0x62, 0xFB, 0x2B, 0xD8, 0x19, 0x30, 0x1C, 0xA0, 0x19, 0x90, 0xAE, 0x61, 0xE8,
    0x50, 0xD0, 0x19, 0x58, 0x67, 0x61, 0x9C, 0x6D, 0x6C, 0x67, 0x3F, 0x63, 0xCE, 0xEC, 0x37, 0xB7,
    0x5F, 0x6F, 0x71, 0xB4, 0x21, 0xD0, 0x1A, 0x87, 0xB9, 0x1C, 0x71, 0x8E, 0xF3, 0x4B, 0xD5, 0x74,
    0xB3, 0x49, 0xC9, 0x11, 0x9C, 0xA0, 0xA6, 0xC3, 0x8F, 0x7F, 0xA7, 0xD2, 0x74, 0x69, 0xB6, 0x97,
    0x03, 0x50, 0xCA, 0xD2, 0x5C, 0x01, 0xB4, 0x00, 0xFA, 0x5C, 0x05, 0x58, 0xFF, 0xE2, 0x76, 0x7F,
    0x1D, 0x80, 0x19, 0x80, 0x37, 0xFC, 0xF6, 0xCB, 0x37, 0xA1, 0xA0, 0x5C, 0xB7, 0x43, 0x8A, 0x47,
    0x28, 0xC7, 0x14, 0x1F, 0xC3, 0x14, 0x2F, 0x89, 0xDB, 0x65, 0xC6, 0x48, 0xE2, 0x21, 0x71, 0x91,
    0xF8, 0x80, 0x93, 0xC4, 0x4B, 0xE2, 0x76, 0xB2, 0x18, 0xF5, 0x24, 0x67, 0x92, 0x0C, 0x8B, 0x62,
    0x11, 0x82, 0x22, 0xEE, 0xCF, 0x11, 0x77, 0x27, 0x01, 0x22, 0xF0, 0x42, 0xE8, 0x65, 0x1E, 0x32,
    0x00, 0xF0, 0x00, 0x40, 0x41, 0xEB, 0x22, 0xF4, 0x0E, 0x5A, 0x5C, 0x5B, 0x2D, 0xB9, 0xF2, 0x7B,
    0x0F, 0x58, 0xB0, 0x59, 0x50, 0x33, 0xF4, 0x0C, 0x6F, 0xAC, 0x77, 0xCA, 0x05, 0x4F, 0x3B, 0x54,
    0x3C, 0xF8, 0x4D, 0xC5, 0x05, 0x0C, 0xA8, 0x1B, 0x98, 0x41, 0xA2, 0xB6, 0x99, 0xA1, 0x26, 0x09,
    0x19, 0x5D, 0x4E, 0x96, 0x92, 0x2B, 0x73, 0xAA, 0xD4, 0x8F, 0x3F, 0x2C, 0xF3, 0x12, 0xF5, 0xEF,
    0x8A, 0x8D, 0xDA, 0xE1, 0x86, 0x69, 0xF0, 0xFD, 0xDB, 0xC0, 0xF2, 0x26, 0x8A, 0x05, 0x22, 0x16,
    0x6D, 0x6C, 0x51, 0xEE, 0xB3, 0xFD, 0x86, 0xB5, 0x42, 0x94, 0xE7, 0x9F, 0x73, 0xA4, 0x9D, 0x35,
    0xCF, 0x21, 0x44, 0x91, 0xC4, 0xE6, 0xA7, 0x7C, 0xF7, 0x99, 0x84, 0xBC, 0xCD, 0xDF, 0x8A, 0x9A,
    0xF0, 0x25, 0x51, 0xB2, 0x9C, 0xE3, 0xF1, 0xB4, 0x28, 0x89, 0xA1, 0xB8, 0x0E, 0xA4, 0x3B, 0xC9,
    0x08, 0x94, 0xFC, 0xDC, 0x01, 0xFA, 0x01, 0x85, 0x8A, 0x87, 0xF2, 0x1F, 0xD9, 0x75, 0x35, 0x87,
    0x4C, 0x39, 0x17, 0x70, 0x4A, 0xCE, 0x5B, 0x16, 0xEC, 0x0A, 0x0F, 0x70, 0x2C, 0x23, 0x2D, 0xC5,
    0x92, 0x8A, 0xEB, 0xFE, 0x41, 0xD8, 0x22, 0x57, 0xD1, 0xB7, 0xB6, 0xDA, 0x57, 0x81, 0x94, 0xCB,
    0x47, 0x37, 0x9C, 0xA0, 0xD9, 0xB4, 0x8B, 0x66, 0x57, 0x2D, 0x05, 0xBB, 0xA8, 0xF8, 0x99, 0xA0,
    0x12, 0xB8, 0x11, 0xFC, 0x88, 0xAE, 0x20, 0x7B, 0x29, 0x3F, 0xDB, 0xEC, 0x23, 0x6C, 0xC8, 0x1D,
    0xA5, 0x04, 0xBB, 0x3A, 0x3E, 0x79, 0xEC, 0x91, 0xD0, 0x4B, 0x74, 0x42, 0x7A, 0x1C, 0x08, 0xCA,
    0x69, 0xE1, 0xC3, 0x1E, 0xC8, 0x59, 0x13, 0x68, 0x27, 0xA1, 0x8C, 0xB9, 0x42, 0x6E, 0xB9, 0x81,
    0x73, 0xE0, 0x2D, 0xC8, 0xB9, 0x1F, 0x45, 0x44, 0x53, 0x80, 0x92, 0x79, 0xCF, 0x76, 0x99, 0x5E,
    0x82, 0xE9, 0x84, 0xB9, 0x90, 0xF6, 0x3F, 0x8F, 0xDC, 0x8C, 0x77, 0xD3, 0xFB, 0x79, 0xFF, 0x39,
    0xDE, 0xB8, 0x5A, 0xBE, 0x2A, 0x02, 0xE4, 0x83, 0x06, 0xD0, 0xA5, 0x8B, 0x50, 0x82, 0x2A, 0x0D,
    0x92, 0xB3, 0x3F, 0xBF, 0x5C, 0x87, 0x49, 0x29, 0x8B, 0x54, 0xCC, 0x02, 0xBD, 0xF6, 0x91, 0xC1,
    0x38, 0x40, 0x79, 0x9B, 0x16, 0xDD, 0x15, 0xCB, 0x40, 0x77, 0x62, 0xA7, 0x42, 0xDF, 0x40, 0xFB,
    0x05, 0xA8, 0x3F, 0x98, 0x01, 0x5B, 0x8E, 0xC0, 0x8D, 0xB3, 0xCB, 0xCC, 0x40, 0x2D, 0x83, 0xE6,
    0x68, 0x13, 0x15, 0x3B, 0xDC, 0xC7, 0x86, 0xC0, 0xDD, 0x93, 0xB1, 0x60, 0x83, 0xFB, 0x00, 0x1D,
    0x66, 0xA0, 0xF7, 0x6A, 0xAF, 0xBD, 0xCC, 0xDA, 0xF5, 0x20, 0xB4, 0x02, 0xDC, 0x4B, 0x5C, 0x13,
    0xFB, 0x6F, 0x0A, 0xDB, 0x45, 0x58, 0x87, 0xCB, 0x10, 0xFF, 0x8D, 0x09, 0x80, 0xAC, 0x45, 0xD4,
    0x02, 0xD3, 0x09, 0x7E, 0x19, 0xA1, 0xD9, 0x00, 0x4A, 0xB0, 0xAB, 0x64, 0xA0, 0x43, 0xEE, 0x2D,
    0x73, 0xFF, 0x7E, 0xAE, 0xC9, 0x8B, 0xA9, 0x1A, 0x52, 0xDF, 0x1C, 0x15, 0xE6, 0x20, 0xFD, 0x66,
    0xDC, 0x30, 0x90, 0xA3, 0xF2, 0x05, 0x83, 0x5E, 0xA1, 0x66, 0x68, 0x57, 0xE5, 0x67, 0xE0, 0x3A,
    0x45, 0xE8, 0xD8, 0x37, 0xD2, 0xAF, 0x30, 0x88, 0xBD, 0x21, 0xAC, 0x2C, 0x10, 0xCB, 0xE6, 0x36,
    0x40, 0x77, 0x8B, 0xDD, 0x5B, 0xD2, 0xDF, 0xA5, 0xBB, 0x0F, 0xF4, 0x43, 0x68, 0x07, 0xF1, 0x81,
    0x9F, 0xE2, 0x01, 0xD8, 0x3F, 0x78, 0xE3, 0x3D, 0x60, 0x3E, 0xF5, 0xFA, 0x8F, 0x1E, 0xD0, 0x9F,
    0x8F, 0x7A, 0xCD, 0xFB, 0x9E, 0x8A, 0x43, 0xEA, 0x55, 0x76, 0x71, 0x97, 0x7A, 0x45, 0x6C, 0xD8,
    0xA5, 0x1E, 0x22, 0xAB, 0x58, 0x81, 0xE3, 0x32, 0x12, 0x74, 0x42, 0x45, 0x9F, 0xB4, 0xFE, 0xF7,
    0x24, 0x9D, 0x69, 0xDE, 0x03, 0x8E, 0xFF, 0xFF, 0x93, 0xA8, 0x1F, 0x5E, 0xDF, 0xD0, 0x5B, 0x8E,
    0x56, 0xD1, 0x57, 0x44, 0x0B, 0xDB, 0xA8, 0x15, 0x7D, 0x67, 0xA1, 0x28, 0x66, 0xA3, 0x60, 0x41,
    0x27, 0xA6, 0x2B, 0x4A, 0x72, 0xE2, 0x0F, 0x3E, 0xF1, 0x12, 0xF7, 0x0F, 0x3F, 0x16, 0x7B, 0xED,
    0xC7, 0xDF, 0x16, 0x73, 0xED, 0x27, 0xA5, 0x58, 0x6B, 0xD6, 0x64, 0x5C, 0xBD, 0xA4, 0x4E, 0x87,
    0x42, 0x4C, 0xD4, 0x33, 0x08, 0xA0, 0xF4, 0xE0, 0xDE, 0xBE, 0x82, 0x6E, 0xFF, 0x88, 0x85, 0xFE,
    0xF5, 0x94, 0x6C, 0x0B, 0xC7, 0xA6, 0x25, 0x97, 0xB7, 0x6C, 0x12, 0xA1, 0x09, 0x35, 0x1F, 0x7E,
    0xAE, 0x57, 0x83, 0x38, 0x56, 0x3B, 0x51, 0xA9, 0x65, 0xC1, 0x8F, 0x16, 0xE2, 0xCA, 0xB7, 0x22,
    0xEB, 0x39, 0xA4, 0xE0, 0x7A, 0x99, 0x32, 0x5D, 0x5F, 0x6C, 0xD9, 0xCD, 0x08, 0x76, 0x4F, 0x64,
    0x3E, 0x6B, 0xF8, 0x30, 0xB2, 0x25, 0x8F, 0xFF, 0x7E, 0x04, 0x4B, 0xE4, 0xBA, 0xAE, 0x90, 0xC2,
    0x6E, 0x5F, 0xD9, 0x81, 0xFC, 0x16, 0x5D, 0x82, 0x09, 0x58, 0x65, 0x6C, 0x90, 0xC5, 0x30, 0x43,
    0x2D, 0x10, 0x33, 0x37, 0x1E, 0x05, 0xD5, 0x20, 0x1E, 0x73, 0x40, 0xFF, 0x51, 0x27, 0xDE, 0x42,
    0xC4, 0x03, 0x31, 0x73, 0xDD, 0x5D, 0xBE, 0x12, 0xA8, 0x49, 0x90, 0x6C, 0x16, 0x88, 0x34, 0xD8,
    0x88, 0x4D, 0x9A, 0x3B, 0x59, 0xF1, 0x0E, 0xD2, 0x09, 0x79, 0x6F, 0x7E, 0xB5, 0x44, 0xD6, 0xBF,
    0x14, 0xEA, 0x6E, 0x46, 0x7A, 0x5D, 0x11, 0xBF, 0xE1, 0xE6, 0xE1, 0x59, 0xEA, 0x0E, 0x28, 0x96,
    0x9D, 0xB0, 0xA3, 0x27, 0x1C, 0xC9, 0x2E, 0x03, 0x25, 0x71, 0x0B, 0x7A, 0xC1, 0x5B, 0x30, 0x01,
    0x77, 0x61, 0x3D, 0xAE, 0x83, 0x63, 0xBE, 0x6E, 0xFE, 0xBE, 0x56, 0xDC, 0xC7, 0x61, 0x8A, 0xE8,
    0x7D, 0x44, 0x3E, 0xD9, 0x89, 0xA1, 0x50, 0x4E, 0x2F, 0x11, 0x26, 0xA0, 0x72, 0xD6, 0x43, 0x3B,
    0x92, 0xCC, 0xC8, 0x59, 0x38, 0x15, 0x51, 0xB9, 0x20, 0xD4, 0xC3, 0xBE, 0xF0, 0xAF, 0x49, 0x6F,
    0xC8, 0xC9, 0xFC, 0x53, 0xEF, 0x6F, 0x23, 0xAE, 0x6F, 0x49, 0x6A, 0x6A, 0xCD, 0x53, 0x19, 0x0F,
    0xD8, 0x11, 0xDB, 0x9F, 0x4A, 0xAE, 0x97, 0x0B, 0xFE, 0x41, 0x07, 0xCC, 0xD6, 0x17, 0x73, 0x4B,
    0xCE, 0x7D, 0x6C, 0xC0, 0x4F, 0x44, 0xD8, 0x9A, 0xBC, 0xB5, 0x7B, 0x57, 0xE4, 0x50, 0xBC, 0x74,
    0x9D, 0xC5, 0x3B, 0x80, 0x16, 0x7D, 0x21, 0x37, 0x59, 0xA6, 0x38, 0x91, 0xCE, 0xB4, 0xDC, 0x83,
    0x92, 0x91, 0xDF, 0x71, 0x40, 0x9D, 0x6C, 0x4D, 0x62, 0xEF, 0xBC, 0x6C, 0x9D, 0xF9, 0x87, 0x29,
    0xED, 0xB0, 0x58, 0xC0, 0x2E, 0x40, 0x1D, 0x24, 0x9D, 0x9F, 0x46, 0x67, 0xF1, 0xAF, 0xA2, 0xC4,
    0x81, 0xFF, 0xE2, 0x37, 0xAC, 0x46, 0xB5, 0xA6, 0x47, 0xBE, 0x5E, 0xE8, 0x39, 0x85, 0x9E, 0xBF,
    0x03, 0x19, 0xF0, 0xFF, 0xE5, 0x9A, 0x31, 0xAC, 0xE5, 0xC6, 0x75, 0x86, 0x7F, 0xDE, 0xF1, 0x15,
    0x13, 0xB3, 0x18, 0x15, 0x6F, 0x03, 0x03, 0x86, 0xC3, 0x26, 0x85, 0x1B, 0x87, 0x6D, 0x0A, 0x49,
    0xC3, 0x44, 0x09, 0x92, 0xCE, 0x2F, 0xC0, 0xBE, 0xA4, 0x50, 0x11, 0xF5, 0xCD, 0xF6, 0x80, 0xB4,
    0x64, 0xEC, 0x22, 0x45, 0x0A, 0xAB, 0x49, 0xE5, 0x26, 0x45, 0x0A, 0x67, 0x1B, 0xB7, 0x2E, 0xB4,
    0x26, 0x9D, 0x2D, 0x84, 0x40, 0x85, 0x88, 0x04, 0x86, 0x8B, 0x14, 0x61, 0xE0, 0x20, 0x85, 0x55,
    0x68, 0x6C, 0xD1, 0x10, 0xB5, 0x1A, 0xF2, 0xCF, 0x9C, 0x39, 0xBC, 0xF7, 0xBE, 0xB7, 0x4F, 0x96,
    0xD7, 0xCA, 0x5B, 0xF9, 0x2D, 0x72, 0xF1, 0xE6, 0x3B, 0x07, 0x97, 0xF3, 0xEE, 0xE5, 0x39, 0x3C,
    0x1C, 0xFE, 0x33, 0x73, 0x21, 0xAF, 0xD7, 0x05, 0xBB, 0x80, 0x82, 0xB3, 0x59, 0xD1, 0x91, 0x7F,
    0x4C, 0x43, 0xB8, 0xF1, 0x7E, 0x11, 0x60, 0xA7, 0x97, 0xEC, 0x8C, 0x62, 0x99, 0x2A, 0x0F, 0xC3,
    0xDE, 0x09, 0xA1, 0x6C, 0x84, 0x75, 0x33, 0x0A, 0xBB, 0x11, 0xBB, 0x83, 0xAF, 0xEF, 0x9F, 0x7A,
    0x2A, 0x57, 0xC8, 0xE7, 0x04, 0xD8, 0x20, 0x8E, 0xBE, 0x09, 0x92, 0x2D, 0x50, 0x32, 0x00, 0xC0,
    0x1D, 0x01, 0x90, 0xD5, 0x11, 0x85, 0x8F, 0xB0, 0x13, 0xBA, 0xA5, 0x98, 0x73, 0xF2, 0x5F, 0x26,
    0x3B, 0x55, 0x3F, 0xF7, 0x6E, 0xB4, 0x1C, 0xDC, 0x90, 0xB3, 0xEE, 0x7A, 0xB3, 0x20, 0x62, 0x05,
    0x8F, 0xE8, 0x36, 0x2C, 0x70, 0x7D, 0x1E, 0x10, 0x3B, 0x07, 0x94, 0xDE, 0x4E, 0xC8, 0xC9, 0x01,
    0x20, 0x01, 0xEC, 0x6B, 0xE8, 0xEB, 0x2B, 0x6A, 0x3A, 0x74, 0x9C, 0xCB, 0x99, 0xAD, 0x98, 0xD0,
    0xF4, 0x86, 0x40, 0x28, 0xDB, 0x64, 0x2C, 0x92, 0x79, 0x33, 0x19, 0x4E, 0xC9, 0xAC, 0xD0, 0x37,
    0x3F, 0xA7, 0x99, 0x8F, 0x26, 0x63, 0x9B, 0x49, 0x8C, 0x1C, 0x73, 0x31, 0x8E, 0xEC, 0x25, 0x6C,
    0xAE, 0x48, 0xA9, 0x38, 0x9C, 0x26, 0x92, 0x93, 0xBA, 0xC0, 0xCE, 0x2E, 0x58, 0xFE, 0xF9, 0xDC,
    0x2C, 0x96, 0xDF, 0x9A, 0xED, 0x92, 0xB1, 0xF5, 0xF9, 0x02, 0x7E, 0x7B, 0x14, 0xB2, 0x16, 0xFE,
    0x37, 0x84, 0xED, 0xAF, 0xA4, 0x51, 0x72, 0x97, 0xF8, 0x5D, 0xF6, 0xC8, 0xC8, 0x6E, 0x06, 0x9A,
    0xD0, 0x84, 0x4B, 0xE9, 0x01, 0xB2, 0x73, 0x9C, 0x1F, 0xDC, 0x39, 0x1F, 0x36, 0x17, 0x5D, 0xD5,
    0x1E, 0x5C, 0xC7, 0x83, 0x07, 0x1B, 0x8E, 0x6E, 0x76, 0x37, 0x99, 0x53, 0xA7, 0x78, 0x4E, 0x20,
    0x49, 0x71, 0xD9, 0xAA, 0x6B, 0x88, 0xCE, 0x63, 0x81, 0x5D, 0xB0, 0x23, 0xCA, 0x80, 0x80, 0x2A,
    0x88, 0x5B, 0xAC, 0x98, 0xE1, 0xBC, 0xB8, 0x86, 0x98, 0xC0, 0x51, 0xDD, 0xFA, 0xC5, 0x8C, 0xBD,
    0xB8, 0x59, 0x3A, 0xF1, 0x5A, 0xDD, 0x1E, 0x05, 0x21, 0x2E, 0xA2, 0x6B, 0xC3, 0xD1, 0x75, 0x13,
    0x0E, 0x1D, 0x3A, 0x7F, 0x74, 0xD9, 0x27, 0x37, 0x86, 0x6E, 0xD8, 0x62, 0xFB, 0x8A, 0x9C, 0x38,
    0xB8, 0x76, 0x81, 0x6D, 0xE5, 0x1C, 0x16, 0x54, 0x41, 0xDD, 0x32, 0xC0, 0xF9, 0xE8, 0xEA, 0xF9,
    0x72, 0x80, 0x6B, 0x2B, 0x89, 0x22, 0xA3, 0xB0, 0x21, 0x67, 0xEC, 0x92, 0xAB, 0xC1, 0x9E, 0x1D,
    0x6A, 0x18, 0x55, 0xFD, 0x70, 0x0B, 0xBD, 0xF8, 0xE9, 0xBC, 0x45, 0x6E, 0xE8, 0xB7, 0xC0, 0xC1,
    0x7E, 0x8B, 0x1B, 0x17, 0xD8, 0xC2, 0xC6, 0xF1, 0x3C, 0xA4, 0xB3, 0x06, 0x4D, 0xB2, 0xD7, 0x98,
    0xD7, 0xBF, 0x26, 0x92, 0xF7, 0x23, 0xB9, 0xE4, 0x29, 0xCC, 0x1F, 0x49, 0x7D, 0x1F, 0x02, 0xF6,
    0x87, 0x20, 0x9B, 0xE1, 0xE0, 0xB1, 0x3D, 0x46, 0x7B, 0xF8, 0xE4, 0x22, 0x1C, 0x63, 0x9D, 0xB3,
    0x5A, 0x43, 0x75, 0xDE, 0xF4, 0x7A, 0x2E, 0x5D, 0x9F, 0xF7, 0xE9, 0xFC, 0x32, 0xD6, 0xB6, 0x4F,
    0x71, 0x9A, 0x88, 0x3E, 0x85, 0x99, 0xBC, 0x2D, 0xC8, 0xB3, 0x48, 0x06, 0xB8, 0x2C, 0x00, 0xE8,
    0x02, 0xCA, 0x77, 0xBC, 0xD6, 0x40, 0xAE, 0x45, 0x1C, 0xE4, 0xDC, 0xD5, 0x91, 0xF8, 0xD4, 0x01,
    0x90, 0xF1, 0xEF, 0x83, 0x64, 0x0E, 0x96, 0x9F, 0x84, 0x9D, 0x38, 0xD5, 0xC7, 0x4D, 0x30, 0x1F,
    0xBF, 0x46, 0x38, 0x5F, 0x06, 0x23, 0x01, 0x35, 0x83, 0x0D, 0xA6, 0xAF, 0x26, 0x74, 0xBD, 0x0D,
    0x80, 0x1B, 0xC1, 0xBE, 0x08, 0x88, 0x54, 0x67, 0x47, 0xA8, 0x93, 0xAF, 0x9B, 0x63, 0x03, 0xB4,
    0xB3, 0xF3, 0x19, 0x1A, 0x71, 0x9A, 0xA1, 0x68, 0xD3, 0xDD, 0xCF, 0xDE, 0xB6, 0xCE, 0xBB, 0xC5,
    0x10, 0x65, 0x6B, 0xF9, 0x11, 0x7F, 0xA2, 0x41, 0xFD, 0x1B, 0xDF, 0x27, 0x59, 0xE3, 0xEC, 0x58,
    0xA4, 0x01, 0x20, 0xFD, 0xC1, 0xA6, 0xD3, 0x2F, 0xD6, 0xF4, 0x65, 0xC8, 0x97, 0x67, 0x62, 0x5F,
    0xDF, 0xAC, 0xBF, 0x6A, 0x33, 0xB1, 0x86, 0x30, 0x62, 0x2B, 0x92, 0x62, 0x9B, 0xCD, 0xA6, 0xD7,
    0xC1, 0x16, 0x9B, 0xB5, 0xE1, 0xAA, 0x75, 0x5E, 0xBB, 0xB1, 0xBF, 0xD2, 0x0D, 0xBB, 0x56, 0xBB,
    0x4D, 0x29, 0xCA, 0x32, 0xA8, 0x99, 0x53, 0xAC, 0xF9, 0xB8, 0xA3, 0x76, 0x3A, 0x99, 0x8C, 0x93,
    0x98, 0x1D, 0x67, 0x31, 0xA8, 0xD4, 0xD8, 0xA7, 0x35, 0xAF, 0xAB, 0xF1, 0x97, 0x4D, 0x16, 0x8D,
    0xC4, 0x16, 0x8D, 0x84, 0x16, 0x4D, 0xA3, 0x06, 0xF2, 0x3A, 0x98, 0x29, 0x99, 0x52, 0xCD, 0x16,
    0x4D, 0x33, 0x08, 0x0B, 0xB6, 0xC9, 0xCC, 0xC2, 0x17, 0xEA, 0x6E, 0x81, 0x1B, 0xEF, 0x45, 0xF8,
    0x5C, 0x60, 0x16, 0x94, 0x6D, 0x04, 0xB0, 0xC1, 0x70, 0x34, 0x4B, 0x4E, 0x39, 0xD0, 0x08, 0xDC,
    0x6F, 0x86, 0x9C, 0x11, 0x0D, 0x47, 0xE7, 0x3B, 0xFA, 0x74, 0x1E, 0x8A, 0xF1, 0x80, 0xAE, 0x07,
    0x32, 0x7D, 0x80, 0xE9, 0x09, 0xBB, 0x15, 0x86, 0x73, 0x2A, 0xA4, 0xDA, 0x70, 0x4A, 0x95, 0xD4,
    0xC3, 0xC1, 0x4A, 0x29, 0x79, 0x54, 0x28, 0x16, 0xC9, 0xE7, 0xC1, 0x09, 0x9B, 0xF3, 0x11, 0x37,
    0xE7, 0x17, 0x6C, 0xD5, 0xF1, 0x1C, 0x36, 0xC7, 0xF9, 0xCD, 0x29, 0xC3, 0xE6, 0xD8, 0x65, 0x73,
    0x0C, 0x37, 0x27, 0xE3, 0x07, 0xEA, 0xA0, 0xE3, 0xE6, 0xB8, 0x83, 0x63, 0x0F, 0x4E, 0x91, 0x1C,
    0xE3, 0x61, 0x92, 0x53, 0xAD, 0x35, 0x92, 0xD3, 0xB0, 0x45, 0x73, 0xAA, 0x92, 0x22, 0x3C, 0xE9,
    0xD8, 0xA3, 0x33, 0xE3, 0x4A, 0x85, 0xA1, 0x60, 0xBF, 0x1D, 0x59, 0x70, 0xB5, 0xC8, 0x60, 0x27,
    0xCD, 0x45, 0x35, 0x6B, 0x2A, 0xCA, 0x49, 0x33, 0x91, 0x0F, 0x9A, 0x08, 0x6C, 0x79, 0x80, 0xA6,
    0x21, 0xE3, 0x94, 0xB2, 0xB0, 0xE3, 0xA4, 0x49, 0xA8, 0x26, 0xCD, 0x81, 0x8D, 0xD6, 0x79, 0xB5,
    0x65, 0x50, 0x6B, 0x17, 0xB5, 0x86, 0x62, 0x35, 0x7C, 0xB1, 0xE8, 0xA8, 0xD6, 0x6D, 0xD6, 0x6E,
    0xB6, 0x10, 0x2B, 0x91, 0x8B, 0x95, 0xC0, 0xC5, 0x6A, 0xDC, 0x5B, 0xB1, 0x5D, 0xB3, 0xA5, 0xBF,
    0x1A, 0x6A, 0x37, 0x6C, 0x11, 0xD7, 0x57, 0x52, 0x91, 0xBD, 0x75, 0x48, 0xD1, 0x75, 0x63, 0x46,
    0x5C, 0x79, 0xB9, 0x50, 0xCD, 0xE0, 0xDC, 0x04, 0xAE, 0x60, 0x28, 0xF8, 0x3E, 0x61, 0x83, 0x61,
    0xC6, 0x56, 0x0C, 0xD8, 0x47, 0xB3, 0x7E, 0x3E, 0x93, 0xAB, 0x69, 0x38, 0x70, 0xB6, 0xA1, 0xE3,
    0xC8, 0x70, 0xFD, 0x94, 0xD4, 0x5C, 0xBB, 0xB5, 0x0C, 0xFB, 0x64, 0x16, 0x60, 0x8F, 0xBD, 0x74,
    0xEA, 0x5D, 0xA4, 0xF9, 0x65, 0x40, 0x1A, 0x03, 0x52, 0xF4, 0xE3, 0x55, 0x51, 0x02, 0xB8, 0x41,
    0xD8, 0x78, 0x21, 0x95, 0xD3, 0x76, 0x31, 0x01, 0xF3, 0x13, 0x61, 0xFE, 0x68, 0x8D, 0xB4, 0x8F,
    0x28, 0xFC, 0x13, 0x61, 0x09, 0xB6, 0x80, 0x03, 0x7B, 0xE0, 0x65, 0x74, 0x91, 0x1D, 0x39, 0x02,
    0x24, 0x3D, 0x30, 0xA1, 0x9A, 0x52, 0xC5, 0x06, 0x98, 0xC4, 0x7C, 0x90, 0xB2, 0xB4, 0x03, 0x72,
    0xA2, 0x7B, 0x8C, 0x86, 0x23, 0x09, 0xD2, 0x67, 0x75, 0x56, 0xE7, 0x63, 0xD9, 0x66, 0xA1, 0x03,
    0xBA, 0xA0, 0x81, 0xEC, 0xCF, 0xB7, 0x81, 0x6B, 0x81, 0x25, 0xDB, 0xCA, 0x37, 0x43, 0x39, 0xB8,
    0xB1, 0x18, 0xE4, 0x60, 0x6C, 0xFB, 0xC6, 0xE7, 0xA4, 0x77, 0x6B, 0x13, 0x8F, 0x38, 0xCF, 0xFE,
    0xD4, 0x9A, 0x81, 0xDE, 0xF1, 0x83, 0xC5, 0xD2, 0xAE, 0x38, 0x4F, 0x0F, 0x38, 0x87, 0x60, 0xDF,
    0xF1, 0x39, 0x7B, 0xC3, 0x1A, 0x17, 0xDB, 0x23, 0x22, 0xFE, 0x99, 0xF4, 0x64, 0x7E, 0xFA, 0x3F,
    0xC3, 0xBA, 0xE2, 0xDC, 0x30, 0xDC, 0xC5, 0xDD, 0xFB, 0xBB, 0xA9, 0x7A, 0x6F, 0xB4, 0x4C, 0x1A,
    0x33, 0x89, 0xA4, 0x52, 0x8E, 0xD6, 0x3B, 0xD6, 0xF8, 0xCC, 0xBF, 0x8C, 0x7D, 0xC9, 0xB9, 0x62,
    0xC0, 0x9D, 0xA4, 0x2F, 0xCA, 0xF6, 0x61, 0x64, 0xF1, 0xE1, 0x1C, 0x69, 0xB6, 0xE4, 0xF7, 0x27,
    0x01, 0xBD, 0x15, 0xAA, 0x1C, 0xED, 0x54, 0x76, 0xC0, 0x8D, 0x49, 0x79, 0xCF, 0x9B, 0x04, 0xAF,
    0x92, 0x1C, 0x7F, 0xD6, 0x52, 0x5E, 0x2E, 0x93, 0xF1, 0xB6, 0x47, 0x68, 0x80, 0x26, 0x00, 0xD5,
    0x74, 0xBC, 0x4C, 0xE8, 0x16, 0xE4, 0x64, 0x6F, 0xA7, 0x4A, 0x44, 0x7D, 0x70, 0x43, 0x1E, 0x44,
    0xB9, 0xC7, 0xB6, 0x72, 0x6B, 0x9D, 0xB6, 0x45, 0xC4, 0xBC, 0xF4, 0x11, 0x29, 0x9F, 0x94, 0x3C,
    0xA9, 0x42, 0x55, 0xBE, 0x00, 0x30, 0xBE, 0x6C, 0x81, 0x54, 0x0B, 0x5A, 0x0D, 0x48, 0xF2, 0xEF,
    0xF4, 0x55, 0x48, 0x12, 0x9F, 0x83, 0x52, 0xC5, 0xF8, 0x4D, 0x72, 0x56, 0xAA, 0xA2, 0x57, 0x41,
    0xAF, 0x7A, 0xFE, 0x20, 0xE7, 0xF5, 0xC6, 0x49, 0x72, 0x3A, 0x18, 0x39, 0xF6, 0xCD, 0x1E, 0xB0,
    0xE9, 0xB1, 0xCB, 0xCB, 0x82, 0x59, 0xD4, 0x7D, 0x2D, 0xE2, 0xBE, 0x2D, 0x44, 0xDB, 0xE7, 0x0B,
    0x9E, 0x0A, 0x46, 0x90, 0x14, 0x7D, 0x12, 0xF4, 0xAA, 0xE7, 0x45, 0xCE, 0xAB, 0x9A, 0xDF, 0x91,
    0x91, 0x26, 0x31, 0x7B, 0xF0, 0x20, 0x12, 0x6F, 0xFD, 0x0E, 0x24, 0x6F, 0x4E, 0x38, 0xB9, 0xFA,
    0xE0, 0xA3, 0xFE, 0xD2, 0xAD, 0xCA, 0x98, 0xE3, 0xB8, 0xE1, 0xCE, 0xC5, 0x39, 0xF0, 0xF5, 0x5D,
    0x0F, 0x34, 0xD2, 0xB5, 0x2B, 0x22, 0x5E, 0xD1, 0xF1, 0xF5, 0x99, 0xE6, 0x0E, 0x68, 0x7A, 0x21,
    0x05, 0xBB, 0x70, 0x1A, 0xD5, 0xFF, 0xF6, 0xF9, 0xC8, 0xE0, 0xA5, 0x67, 0x5A, 0x39, 0x44, 0xC8,
    0x99, 0xE2, 0x6D, 0xFC, 0x56, 0x72, 0x69, 0xC6, 0x32, 0x12, 0x61, 0x11, 0x36, 0xB3, 0xD0, 0x79,
    0xCD, 0xD9, 0xF3, 0x93, 0xCB, 0xFB, 0xC6, 0x03, 0xE5, 0x7F, 0xA6, 0x43, 0x07, 0x9D, 0xF9, 0x95,
    0xAC, 0xBD, 0x9C, 0x4B, 0x67, 0xFC, 0x33, 0xCF, 0xA5, 0x0A, 0x60, 0x13, 0x84, 0x60, 0x62, 0x59,
    0xA7, 0xBA, 0xFC, 0x8B, 0xE7, 0x27, 0x97, 0x14, 0xCF, 0xF5, 0x11, 0x76, 0x8C, 0xD8, 0xF9, 0x54,
    0x97, 0xED, 0x17, 0x7F, 0x8F, 0xC3, 0x70, 0x42, 0x49, 0xC2, 0xFD, 0x15, 0xFB, 0x3F, 0x42, 0x33,
    0xBC, 0x98, 0x2A, 0xB3, 0x8A, 0xAD, 0x9C, 0xEE, 0x5C, 0xDC, 0x9B, 0x48, 0x6A, 0xEB, 0x4B, 0xDF,
    0xF5, 0x95, 0x6F, 0x7A, 0x37, 0xBA, 0xB1, 0xE9, 0x2D, 0xA9, 0x8A, 0x67, 0x9F, 0x3E, 0x64, 0x49,
    0x5C, 0x25, 0x96, 0x07, 0xFF, 0x9C, 0x1E, 0x80, 0x67, 0x91, 0xB9, 0x6F, 0x22, 0x0B, 0xDF, 0x1D,
    0x7D, 0x00, 0xB7, 0x43, 0x48, 0xED, 0x48, 0x48, 0xCB, 0x2E, 0x2E, 0x90, 0x0D, 0x5F, 0x4B, 0x25,
    0x93, 0x9A, 0x16, 0xCD, 0x4D, 0x09, 0x2A, 0xCD, 0x8D, 0x52, 0x72, 0xF3, 0xBD, 0x4B, 0xD1, 0xF7,
    0x89, 0xC3, 0xC9, 0x2F, 0x6F, 0x89, 0xC8, 0x34, 0x24, 0xCC, 0x96, 0x1B, 0xEC, 0x6A, 0xA0, 0x1C,
    0x71, 0x2C, 0x8B, 0x17, 0xDA, 0x9B, 0xCB, 0x0D, 0x60, 0x19, 0xAE, 0xD8, 0xFD, 0xC5, 0xDD, 0x27,
    0x56, 0xD0, 0x18, 0x2E, 0xD9, 0x9C, 0x1E, 0x62, 0xED, 0x3D, 0x8F, 0x37, 0x24, 0xE0, 0xCA, 0xE3,
    0x25, 0xC4, 0x60, 0xA3, 0xFD, 0x3A, 0x80, 0x37, 0xA2, 0x95, 0xD7, 0xA4, 0x76, 0xE7, 0xD5, 0x9A,
    0xA1, 0xD2, 0xFB, 0xB0, 0x57, 0x6B, 0x6B, 0x7D, 0xBF, 0x7A, 0xD0, 0x25, 0xEB, 0xC8, 0x64, 0x97,
    0x8B, 0x26, 0x59, 0x2F, 0x91, 0x7E, 0x19, 0x26, 0x59, 0x8B, 0x7C, 0x10, 0x5B, 0xC2, 0xF6, 0x12,
    0xA0, 0x03, 0xD3, 0x02, 0x0E, 0xC1, 0x25, 0x4F, 0x16, 0x20, 0xFB, 0x23, 0x2F, 0x2E, 0xEA, 0x63,
    0xFD, 0xCC, 0xE5, 0x2A, 0x59, 0x22, 0x87, 0x98, 0xA7, 0xC5, 0xFA, 0x98, 0xA9, 0xD9, 0x06, 0xC9,
    0x55, 0x1E, 0xA0, 0x73, 0xF7, 0x7D, 0xF3, 0xCB, 0xD7, 0xF4, 0x73, 0x96, 0x98, 0xB3, 0xC7, 0x0F,
    0xBE, 0x27, 0x59, 0x03, 0xD8, 0x6F, 0x9C, 0x12, 0x03, 0x5E, 0xEA, 0x06, 0x32, 0x0B, 0x8E, 0xBF,
    0x20, 0xBD, 0x65, 0xDB, 0xB0, 0xC7, 0xDD, 0x93, 0x80, 0x42, 0x4E, 0xD6, 0x5B, 0x24, 0x19, 0xDB,
    0x32, 0x20, 0x5F, 0x36, 0x9D, 0x6A, 0xD2, 0x85, 0x37, 0xC3, 0xF6, 0xCC, 0x51, 0x36, 0x97, 0xD8,
    0x8D, 0xF1, 0xA4, 0xD1, 0x8C, 0x3B, 0xB2, 0x6D, 0x7C, 0xD6, 0x89, 0x3E, 0xD6, 0xE5, 0xBF, 0xEC,
    0x6F, 0x16, 0x54, 0x93, 0xA5, 0xCC, 0xB0, 0x0A, 0xB2, 0x96, 0x72, 0x99, 0xB1, 0x63, 0x1B, 0x89,
    0x8E, 0x8C, 0x2C, 0xC8, 0xF6, 0x34, 0xB6, 0xDD, 0x47, 0xAC, 0x24, 0xD6, 0x39, 0x65, 0x5E, 0xEA,
    0xDD, 0xBF, 0xA2, 0x1A, 0xAB, 0x11, 0x6E, 0x28, 0xFD, 0x01, 0xD5, 0x88, 0xD2, 0xBB, 0x01, 0xF6,
    0xE3, 0xAE, 0xC7, 0x8E, 0x2B, 0xB0, 0x7B, 0xFC, 0x16, 0x24, 0xB7, 0x11, 0x3F, 0x3E, 0x8F, 0x20,
    0x07, 0x14, 0xE4, 0x2C, 0x21, 0x05, 0xB8, 0xC7, 0xDF, 0x5F, 0x40, 0xEC, 0x16, 0xAC, 0x86, 0xEC,
    0x29, 0x27, 0xC9, 0xBA, 0x98, 0x24, 0x54, 0xA9, 0xDC, 0x05, 0x87, 0xC9, 0x5B, 0x4C, 0x6B, 0xA4,
    0x99, 0xE5, 0x1D, 0xF0, 0xF4, 0x94, 0x95, 0x73, 0xBB, 0x99, 0x2C, 0x01, 0xC7, 0x2C, 0x45, 0xCA,
    0xDC, 0xA0, 0xD2, 0x45, 0xD2, 0x20, 0xFF, 0x6B, 0x67, 0x71, 0x22, 0x3F, 0x3B, 0x4B, 0x7B, 0x91,
    0xEE, 0xF9, 0x58, 0xD5, 0xD8, 0x85, 0x15, 0x80, 0x16, 0xB8, 0x57, 0xD5, 0xFE, 0x4C, 0x73, 0x98,
    0x2D, 0x58, 0x05, 0xC4, 0x2E, 0xA0, 0x6B, 0x0F, 0x39, 0x7C, 0x81, 0x1F, 0x6B, 0x0E, 0x45, 0x95,
    0x0F, 0x55, 0xE4, 0x6E, 0x5E, 0xB1, 0x9D, 0xD9, 0xF5, 0x1C, 0x3A, 0x86, 0x86, 0xAD, 0xD2, 0xB0,
    0xB6, 0x13, 0x76, 0x84, 0x1D, 0x84, 0x55, 0x2D, 0x7C, 0x13, 0x91, 0xD9, 0x24, 0xCC, 0x47, 0xA1,
    0xED, 0x85, 0xCD, 0x20, 0xA4, 0x4F, 0x9C, 0x85, 0xDF, 0x09, 0xC2, 0x82, 0x42, 0x5D, 0xD7, 0xDE,
    0x16, 0xBA, 0xE9, 0x85, 0x6E, 0x4A, 0x73, 0xC8, 0x80, 0x8A, 0xB3, 0xE5, 0xD0, 0xC8, 0x6D, 0x37,
    0xEA, 0x12, 0xAC, 0xCB, 0x66, 0xA0, 0x7C, 0xD7, 0xEB, 0x3A, 0xCC, 0xB6, 0xE4, 0x7A, 0x81, 0xE3,
    0xFC, 0x0A, 0xB8, 0x27, 0xC8, 0x05, 0xE6, 0x49, 0x14, 0x1C, 0xCC, 0x62, 0x65, 0x7D, 0x6C, 0xB7,
    0xC2, 0x2C, 0x66, 0x92, 0xF7, 0x86, 0x88, 0xAA, 0x8E, 0x68, 0x00, 0x99, 0x83, 0xC1, 0x90, 0x43,
    0x44, 0xE3, 0xE5, 0x40, 0x88, 0xB0, 0x4B, 0x44, 0x5A, 0x35, 0xDF, 0xB1, 0x97, 0xB1, 0x72, 0xEA,
    0xE8, 0xCB, 0xF9, 0x76, 0x4C, 0x3A, 0xEF, 0x0B, 0xA0, 0xD2, 0xC8, 0x5F, 0xE2, 0xFC, 0xA2, 0x90,
    0xA7, 0x02, 0xBE, 0x89, 0x09, 0xA8, 0x1D, 0x00, 0x07, 0x40, 0xD2, 0x19, 0x00, 0xF0, 0x4B, 0x3A,
    0xFB, 0xAC, 0xC2, 0x36, 0x90, 0x2B, 0x75, 0x30, 0x7F, 0xBE, 0xF2, 0x93, 0x91, 0xD2, 0x64, 0x14,
    0xBF, 0xD9, 0x5C, 0x3D, 0x7C, 0x22, 0x57, 0x65, 0x38, 0x2D, 0x12, 0x2C, 0x0E, 0x70, 0x0B, 0x50,
    0xCD, 0xC7, 0x31, 0xA0, 0x24, 0x43, 0xA5, 0x6D, 0xAE, 0xFE, 0xE1, 0xB5, 0xF1, 0x0F, 0x61, 0xDB,
    0x97, 0xF1, 0x8A, 0x7E, 0x88, 0xF1, 0x7A, 0xAF, 0xBB, 0xB5, 0x86, 0xA3, 0xD7, 0xC4, 0xE7, 0xAB,
    0x04, 0xF2, 0x95, 0xD8, 0x1E, 0xC6, 0xB6, 0xC6, 0xC6, 0x54, 0xC8, 0x36, 0x38, 0xD2, 0xCB, 0xE0,
    0x2D, 0xF7, 0xF0, 0xE9, 0x3B, 0x1B, 0xA0, 0xB9, 0xFA, 0x9D, 0x96, 0x9C, 0x62, 0x9B, 0x53, 0xFB,
    0xD9, 0xF7, 0xBD, 0x3C, 0xF0, 0x7E, 0x1F, 0xEE, 0xF4, 0x9D, 0x45, 0x0F, 0x54, 0x12, 0x0F, 0x6B,
    0xFC, 0x5E, 0x9A, 0xA0, 0x4E, 0xBA, 0xAE, 0x56, 0x6C, 0x2D, 0x0F, 0xBF, 0x1B, 0xAD, 0x83, 0x0D,
    0xB2, 0xBA, 0xE8, 0x7A, 0x37, 0x56, 0x69, 0x3F, 0x67, 0xC6, 0x5D, 0x9C, 0xDD, 0xCF, 0xA6, 0xEA,
    0xDD, 0xC3, 0x1A, 0xD0, 0xC5, 0xD3, 0xAF, 0x01, 0x5D, 0x5F, 0x12, 0xDA, 0x96, 0x71, 0xBB, 0x09,
    0x6C, 0xFF, 0xBF, 0x6C, 0xB2, 0x69, 0x98, 0x00, 0x34, 0x4A, 0x71, 0x34, 0x48, 0x71, 0xB6, 0x18,
    0x81, 0xE7, 0x6E, 0x43, 0x4D, 0x5F, 0x0C, 0x9B, 0xD3, 0x5D, 0x5B, 0x78, 0x2F, 0xAE, 0x3B, 0xB7,
    0x7C, 0x43, 0x0D, 0xC8, 0x2E, 0x4E, 0x9B, 0x4F, 0x76, 0x3A, 0xE9, 0xFB, 0x1F, 0x0A, 0x70, 0x8E,
    0xDB, 0xA4, 0x46, 0xF4, 0x56, 0x34, 0x8C, 0xC8, 0xD3, 0xC8, 0xED, 0x0F, 0x6B, 0x25, 0x67, 0xF8,
    0xED, 0xA9, 0x11, 0x5D, 0x71, 0xC6, 0xC9, 0x91, 0x02, 0x8E, 0x21, 0x60, 0xBB, 0xD7, 0xEA, 0xDF,
    0xDC, 0x21, 0xF9, 0x2A, 0xD9, 0x9F, 0x9C, 0x74, 0xA8, 0x9A, 0xA1, 0x4E, 0x39, 0xFD, 0x5A, 0xA7,
    0x55, 0x07, 0x32, 0xE9, 0x91, 0xF3, 0x51, 0x8D, 0x5E, 0x71, 0xD6, 0x59, 0x7E, 0xC3, 0x80, 0x5C,
    0xA2, 0xC7, 0x15, 0xBD, 0xD4, 0xCC, 0x15, 0xEB, 0x26, 0x90, 0x63, 0xBE, 0x4E, 0xD5, 0x6C, 0xA4,
    0xCC, 0x0C, 0xEB, 0x24, 0x25, 0xCC, 0x2A, 0xA0, 0x59, 0x8F, 0x58, 0x36, 0xAC, 0x11, 0x79, 0x88,
    0x28, 0x04, 0x76, 0x8E, 0xA8, 0x7C, 0x84, 0x1B, 0x8C, 0xCE, 0xEB, 0xA5, 0xFB, 0x22, 0x25, 0xA2,
    0x4F, 0xD4, 0x19, 0x30, 0xEB, 0x75, 0xB1, 0x23, 0x75, 0x8D, 0x46, 0xA7, 0x80, 0xFE, 0xB8, 0xDE,
    0x6A, 0x28, 0x04, 0xEB, 0x53, 0x69, 0xE6, 0xFE, 0x4A, 0x6D, 0xEA, 0x6E, 0x9E, 0xEE, 0x5F, 0xE9,
    0xEE, 0x95, 0x6E, 0xE2, 0x45, 0xCE, 0x89, 0x41, 0xF8, 0x11, 0x85, 0x69, 0xCF, 0x4A, 0x76, 0xAC,
    0x84, 0xCE, 0x0B, 0xCB, 0x20, 0xB4, 0x8B, 0xD0, 0xB0, 0xD2, 0x6D, 0x3A, 0xDD, 0xA3, 0x13, 0xBA,
    0x44, 0x9B, 0x58, 0x50, 0xF7, 0xE5, 0x74, 0x53, 0x4E, 0x77, 0xE4, 0xB6, 0xEC, 0x39, 0x7F, 0xD8,
    0x6D, 0xDA, 0x49, 0x2C, 0x70, 0x82, 0xFD, 0xE5, 0x1D, 0xA5, 0xB4, 0x9F, 0x94, 0x76, 0x93, 0xD2,
    0x5E, 0x92, 0x21, 0xE4, 0x79, 0xFC, 0x74, 0xC8, 0x05, 0x69, 0xD7, 0x28, 0xED, 0x19, 0x61, 0x2B,
    0x14, 0x5D, 0x58, 0xB2, 0xE3, 0xF1, 0x0B, 0xF1, 0xE5, 0x5A, 0xD8, 0xA5, 0xF4, 0x4D, 0xE9, 0x6C,
    0xC6, 0x37, 0xC4, 0xF7, 0x3F, 0x38, 0xCD, 0xCD, 0xBB, 0x44, 0x4D, 0x31, 0xA5, 0x8F, 0x79, 0x3F,
    0x08, 0x1F, 0x2D, 0x91, 0x85, 0xCE, 0xD0, 0xBF, 0xF5, 0x29, 0x33, 0xF4, 0x01, 0xE8, 0xD2, 0x95,
    0xA1, 0x30, 0xF3, 0x12, 0xEE, 0x67, 0xCF, 0xCD, 0x01, 0x7D, 0x4C, 0x21, 0x9F, 0x00, 0xDB, 0x02,
    0x59, 0xAD, 0xCF, 0xE1, 0x87, 0x6F, 0x00, 0xFE, 0x1B, 0xC0, 0xF4, 0xB2, 0xEE, 0x38, 0x94, 0xFE,
    0xFA, 0x3C, 0xDD, 0xBB, 0xB1, 0x18, 0x3F, 0xD7, 0x3C, 0xFD, 0x38, 0xD1, 0xB4, 0xE1, 0x89, 0x4D,
    0xC2, 0x56, 0xED, 0xA2, 0x46, 0xBA, 0x3F, 0x87, 0xF3, 0x77, 0xDC, 0x39, 0x3F, 0x0D, 0xB3, 0x94,
    0x90, 0xB2, 0xE5, 0xA4, 0x12, 0x25, 0xC5, 0x5F, 0xEC, 0x8C, 0x5E, 0x9F, 0x20, 0x66, 0x3D, 0x3D,
    0x41, 0xAA, 0x41, 0xD8, 0x00, 0xA7, 0x91, 0xD9, 0x8C, 0x40, 0xC1, 0x4F, 0x74, 0x95, 0xA7, 0x4F,
    0xAA, 0x39, 0xC9, 0x6A, 0x97, 0x06, 0xFF, 0x26, 0xC9, 0xEA, 0x8F, 0x44, 0x56, 0x67, 0x1F, 0x32,
    0xD2, 0x3C, 0x22, 0x1A, 0x5F, 0x3C, 0x12, 0x29, 0x6D, 0x93, 0xAC, 0xAE, 0x76, 0xE2, 0xBF, 0x94,
    0x64, 0xF5, 0x9C, 0x64, 0xB5, 0x37, 0x84, 0xFB, 0x70, 0x14, 0x7E, 0xD4, 0x1B, 0x89, 0xB4, 0x2E,
    0x42, 0xE4, 0x35, 0x59, 0x4D, 0x06, 0xB9, 0x3C, 0xA7, 0x5D, 0x37, 0x4D, 0xA1, 0x14, 0x34, 0xF5,
    0x26, 0x2A, 0xC6, 0xC3, 0xCD, 0x3A, 0xA1, 0x5B, 0xA5, 0xD6, 0x86, 0x4D, 0x44, 0xCF, 0x6E, 0x70,
    0xA1, 0xEB, 0x9B, 0xA5, 0xEB, 0x3F, 0x5C, 0xF9, 0xE8, 0xA7, 0x2B, 0xDF, 0x79, 0xB4, 0x76, 0xEF,
    0xBD, 0xBA, 0x76, 0x1F, 0x98, 0xC5, 0x85, 0x3C, 0xB8, 0xA9, 0x48, 0x22, 0xBA, 0x20, 0x87, 0xD8,
    0x60, 0xF7, 0xF5, 0x56, 0x83, 0x77, 0xEA, 0xC8, 0x35, 0x0D, 0x59, 0x9D, 0xF5, 0x91, 0xD5, 0xA3,
    0x29, 0xCD, 0xFC, 0x83, 0xAE, 0x39, 0xDE, 0x8E, 0xF5, 0xB3, 0x8B, 0xFD, 0x39, 0x9A, 0xF7, 0x3C,
    0xCA, 0x47, 0x01, 0x85, 0x5F, 0x90, 0x4D, 0x0E, 0xB8, 0xBB, 0xBF, 0xC1, 0x75, 0xB3, 0x3D, 0x8E,
    0x71, 0x19, 0xBD, 0xB1, 0x1E, 0xA7, 0x91, 0xA6, 0x77, 0x3A, 0x93, 0xBF, 0x1D, 0x79, 0xD0, 0xB1,
    0x69, 0x06, 0xB8, 0x62, 0xF7, 0x71, 0x07, 0x33, 0xD8, 0x3A, 0xAB, 0x6F, 0x2E, 0x0F, 0xFB, 0xF3,
    0xBB, 0x40, 0x31, 0xA5, 0x82, 0x73, 0x2D, 0xB0, 0xDA, 0x7E, 0xDB, 0x83, 0xD8, 0xE3, 0xFC, 0x34,
    0x00, 0xF5, 0x09, 0x86, 0xB0, 0xBD, 0xE8, 0xD5, 0x23, 0x76, 0x6D, 0x04, 0x70, 0x19, 0x0C, 0x07,
    0x00, 0x9F, 0x86, 0xD7, 0x05, 0x3E, 0x22, 0xF3, 0x86, 0x30, 0xBE, 0x92, 0x8C, 0x34, 0x3C, 0x5C,
    0xF3, 0xEF, 0x78, 0x54, 0x8F, 0x66, 0x14, 0x3E, 0x60, 0x27, 0xD7, 0xFC, 0x5C, 0x63, 0x45, 0x37,
    0x27, 0xA9, 0x67, 0x27, 0x17, 0x23, 0xAD, 0xBC, 0xEB, 0x4B, 0xDF, 0xF4, 0x76, 0xEA, 0x7E, 0x7C,
    0x6F, 0x26, 0x39, 0xF3, 0x67, 0x0F, 0xFE, 0x89, 0x92, 0xE4, 0x5E, 0xAF, 0x97, 0xF3, 0x10, 0x05,
    0xEB, 0xA5, 0xFE, 0x33, 0x72, 0x9B, 0xA0, 0xC9, 0x4C, 0x35, 0x67, 0x0D, 0x94, 0x94, 0x3E, 0xDF,
    0xF5, 0xC0, 0x4B, 0x88, 0x38, 0xFB, 0xC2, 0x63, 0x3D, 0x3E, 0x73, 0xB8, 0xC0, 0xE8, 0x75, 0x45,
    0x56, 0xDF, 0x5C, 0xAC, 0x17, 0xFB, 0x1A, 0xDD, 0x37, 0x3D, 0x5C, 0xCC, 0xA5, 0xFD, 0x2F, 0xA9,
    0xB2, 0x53, 0x2E, 0x0D, 0xD9, 0x4B, 0x4B, 0x75, 0x55, 0xF9, 0xCF, 0xDF, 0xDC, 0x24, 0xE1, 0xB7,
    0x39, 0xD9, 0xCB, 0xB5, 0xEB, 0xB6, 0x6B, 0x67, 0xC7, 0x80, 0xDD, 0xA5, 0xEF, 0xCB, 0x28, 0xFD,
    0x26, 0xDD, 0xC1, 0xB7, 0x4F, 0xD9, 0x64, 0x72, 0x9F, 0xE6, 0x5D, 0xEC, 0x71, 0x06, 0xC3, 0xD6,
    0x72, 0xAC, 0xFE, 0xC3, 0xBF, 0x82, 0xF9, 0x0C, 0x2F, 0xFE, 0xDF, 0x7F, 0x50, 0x81, 0x73, 0xD8,
    0x15, 0x8E, 0x6D, 0x77, 0xAF, 0x9F, 0xCD, 0x78, 0x8E, 0x1A, 0x69, 0x32, 0xDF, 0x2D, 0x72, 0x1F,
    0x9A, 0xCF, 0xFC, 0xCB, 0x29, 0xF7, 0x67, 0x47, 0x1F, 0x07, 0xD3, 0xA4, 0xAC, 0xD2, 0x60, 0xCA,
    0x24, 0x78, 0xDC, 0xDF, 0x25, 0xC5, 0xD5, 0x6F, 0x83, 0xE9, 0xAD, 0xF9, 0x41, 0x85, 0xB4, 0x78,
    0x89, 0xDC, 0xBB, 0x13, 0xCA, 0x7F, 0x0F, 0xC8, 0xFD, 0x8A, 0x6C, 0x76, 0xC0, 0xD9, 0xFE, 0xE6,
    0x7E, 0x50, 0x81, 0x2F, 0xE9, 0xD5, 0x1E, 0x22, 0x73, 0x4E, 0x91, 0xF6, 0x7F, 0x82, 0x30, 0xE9,
    0x93, 0x3D, 0x6E, 0x55, 0x36, 0xF4, 0x06, 0x0C, 0x00, 0x89, 0x6C, 0xED, 0x6A, 0x33, 0xDA, 0x56,
    0x56, 0x76, 0x6E, 0x2A, 0x1B, 0xFB, 0xF3, 0x0B, 0x49, 0xC3, 0xCC, 0xC8, 0x5D, 0xD8, 0x1E, 0xB7,
    0x92, 0x99, 0xEA, 0x55, 0x0F, 0xE9, 0x71, 0x9A, 0x27, 0x90, 0x53, 0xA2, 0x66, 0x43, 0x57, 0x53,
    0x9C, 0x4F, 0x9C, 0x84, 0xD5, 0x7C, 0xA2, 0x9B, 0x4E, 0x47, 0xD9, 0x47, 0x92, 0xA7, 0xC5, 0x60,
    0x1B, 0x84, 0x86, 0xCA, 0xFA, 0xD8, 0x07, 0xDD, 0x93, 0x8B, 0xC1, 0x53, 0xD2, 0x4A, 0x21, 0x63,
    0x7F, 0xE7, 0xCF, 0xCE, 0xE1, 0xDE, 0x99, 0x61, 0x7F, 0x2E, 0x83, 0x44, 0x07, 0x84, 0xB2, 0xC6,
    0x99, 0xAA, 0x05, 0x37, 0x57, 0xBE, 0x09, 0x0C, 0xC5, 0xCA, 0x60, 0xF8, 0xED, 0xD8, 0x8C, 0x37,
    0x54, 0x51, 0x65, 0x96, 0x4F, 0x6F, 0xF9, 0xAA, 0xB3, 0xA5, 0x8E, 0xD3, 0x41, 0x66, 0xED, 0x28,
    0xD1, 0x5B, 0x7A, 0xE1, 0xFB, 0xF2, 0x76, 0x85, 0xB7, 0xD3, 0xC1, 0xB3, 0xDB, 0x91, 0x83, 0x2B,
    0x0F, 0xD9, 0xE5, 0xF0, 0x90, 0xCD, 0x70, 0x23, 0x39, 0x90, 0x91, 0x18, 0x69, 0x2C, 0x46, 0x1A,
    0x8D, 0x91, 0xC6, 0xE3, 0xE3, 0xD6, 0xFA, 0xF9, 0xFE, 0x36, 0x6D, 0xAD, 0xEF, 0xFF, 0xF2, 0x2E,
    0x62, 0x29, 0x48, 0x6C, 0x73, 0x07, 0x20, 0x54, 0x3D, 0xE0, 0x8A, 0x01, 0xD8, 0x67, 0xF5, 0x33,
    0xDD, 0x46, 0xCF, 0xB6, 0x8A, 0x13, 0x72, 0x05, 0x92, 0xDA, 0x41, 0xBA, 0x14, 0x72, 0xF0, 0x56,
    0x65, 0x49, 0xEB, 0x3A, 0x2D, 0x50, 0x5A, 0x8E, 0x40, 0x25, 0x42, 0xE2, 0x65, 0x4C, 0x2A, 0x24,
    0x9E, 0x65, 0x96, 0x00, 0xB8, 0xF4, 0x50, 0xF4, 0x85, 0xB7, 0xC1, 0x8E, 0x26, 0x54, 0x43, 0x6C,
    0x63, 0x36, 0x54, 0x13, 0x50, 0x52, 0x6F, 0x33, 0x43, 0x02, 0xE4, 0x88, 0x8A, 0x12, 0xCA, 0x22,
    0x47, 0x5E, 0x80, 0x61, 0x55, 0x67, 0x74, 0x2D, 0xE8, 0xFA, 0x6C, 0x71, 0xDE, 0x04, 0xBB, 0x76,
    0xDE, 0x90, 0x32, 0x58, 0xE9, 0x05, 0xB0, 0xA3, 0xAE, 0x39, 0x55, 0xD1, 0x77, 0x00, 0xBE, 0xAE,
    0x73, 0xF1, 0x82, 0x44, 0xD9, 0x37, 0xB5, 0xEB, 0xAB, 0xD8, 0xBE, 0xA6, 0xBA, 0x81, 0x03, 0x2C,
    0x03, 0xD2, 0xFF, 0x57, 0x72, 0x0F, 0xB1, 0xAF, 0xE0, 0x7A, 0x87, 0xAA, 0x77, 0xB5, 0x6B, 0xDD,
    0x63, 0xEA, 0x30, 0x7F, 0x67, 0xD3, 0xDA, 0xAE, 0xD5, 0xCF, 0x7C, 0x73, 0x5B, 0xC5, 0xFF, 0x47,
    0xA0, 0x4B, 0x6A, 0x86, 0x64, 0x58, 0x0C, 0xB3, 0x10, 0x0C, 0xF1, 0xF6, 0x1C, 0xF1, 0xC6, 0x24,
    0x40, 0x04, 0x3E, 0x3F, 0xB4, 0x56, 0xB6, 0x69, 0x96, 0xBE, 0xEE, 0x1E, 0x66, 0xD9, 0x3B, 0xBD,
    0x01, 0x05, 0x43, 0xC4, 0x6E, 0x5B, 0xAB, 0x7B, 0x28, 0x47, 0x77, 0x0B, 0x4A, 0x86, 0x8E, 0xE1,
    0xAB, 0xEB, 0xDD, 0x7C, 0xC1, 0xAF, 0xFA, 0x4B, 0xCB, 0x4C, 0x7F, 0x6A, 0xB8, 0x80, 0x72, 0x71,
    0x24, 0xCC, 0x26, 0x2D, 0x4F, 0x06, 0x60, 0x02, 0xDE, 0xDA, 0x14, 0x3A, 0xEB, 0x92, 0xF4, 0x6E,
    0xAC, 0x66, 0x59, 0x09, 0x95, 0x56, 0xB5, 0x36, 0x00, 0xD2, 0xCA, 0x19, 0x68, 0x46, 0x7C, 0x95,
    0x35, 0x18, 0xDB, 0x0F, 0x1A, 0xAF, 0xEF, 0x17, 0x2B, 0x60, 0x78, 0xB5, 0x15, 0xAB, 0x1E, 0x6B,
    0x7C, 0x1A, 0x4E, 0x9B, 0x25, 0x5D, 0x00, 0x37, 0x01, 0x7F, 0x00, 0x20, 0xE7, 0x08, 0xC7, 0x15,
    0x4D, 0xCD, 0x9A, 0x60, 0xFF, 0x43, 0x74, 0xFD, 0x37, 0x62, 0x03, 0xD2, 0x85, 0x01, 0x8A, 0x10,
    0x8D, 0x87, 0xF9, 0x64, 0xDD, 0x26, 0xE7, 0x4D, 0x0F, 0xB8, 0xF1, 0xD4, 0xB6, 0xBE, 0x86, 0x40,
    0x15, 0xD2, 0xE7, 0x71, 0x01, 0xD6, 0x1A, 0xA7, 0xDF, 0x49, 0x4A, 0x61, 0x20, 0x34, 0x11, 0x68,
    0x82, 0xB0, 0x9A, 0xAF, 0xFE, 0x4E, 0xD2, 0x71, 0xAE, 0x18, 0x94, 0x69, 0xAD, 0x71, 0x5B, 0x20,
    0xFC, 0x75, 0x24, 0x4F, 0x44, 0xF6, 0x74, 0xD4, 0xB5, 0xCC, 0x8A, 0x53, 0x99, 0xE4, 0x9C, 0x63,
    0xB8, 0x81, 0x5D, 0x4D, 0x37, 0xC3, 0xAC, 0x69, 0xDF, 0xE7, 0x83, 0x1B, 0x58, 0x0E, 0xFB, 0x5F,
    0x75, 0x93, 0x01, 0x84, 0x2C, 0xC9, 0x19, 0xC7, 0x7F, 0x3D, 0x7D, 0xBB, 0x13, 0x6F, 0x5E, 0x52,
    0x43, 0x66, 0x84, 0xE4, 0xDD, 0xF5, 0x23, 0x87, 0x27, 0x49, 0xB6, 0x83, 0x90, 0x13, 0xD3, 0x53,
    0x05, 0x81, 0x04, 0x06, 0x3B, 0x42, 0x82, 0x17, 0x04, 0x1C, 0x58, 0x2C, 0x2E, 0xCC, 0x6C, 0x37,
    0x00, 0x90, 0x81, 0x00, 0xC1, 0x42, 0x70, 0x2B, 0xDC, 0x0B, 0x0F, 0x4F, 0xEC, 0x4E, 0x17, 0xC1,
    0x01, 0x34, 0x70, 0x04, 0x52, 0x92, 0x00, 0xC1, 0xAB, 0x48, 0xA3, 0x43, 0xCF, 0x7C, 0xA9, 0x32,
    0xB3, 0x7B, 0xEF, 0x92, 0x97, 0xEF, 0xFB, 0xAA, 0xE7, 0xFB, 0xEA, 0xFB, 0xAB, 0x9A, 0xFA, 0xFF,
    0xAB, 0xA6, 0x46, 0x7B, 0xD5, 0xA6, 0x3D, 0x25, 0x27, 0xC9, 0x32, 0xDD, 0xAB, 0x2E, 0x6F, 0x4A,
    0x26, 0x24, 0x4B, 0x52, 0x41, 0x89, 0xCD, 0x7F, 0xED, 0xAE, 0x06, 0xED, 0x82, 0x09, 0x06, 0x46,
    0xBB, 0x51, 0x95, 0xC9, 0x6B, 0xA3, 0x6B, 0x61, 0x36, 0xEA, 0x81, 0x05, 0xA5, 0x34, 0x21, 0xA6,
    0x4B, 0x23, 0x22, 0x3E, 0x8E, 0x31, 0xA6, 0x1F, 0xF8, 0xF2, 0x79, 0xA3, 0xC5, 0x2A, 0x89, 0x90,
    0x47, 0xE8, 0xA6, 0x76, 0x65, 0x93, 0x99, 0xBB, 0x51, 0x23, 0xCA, 0x87, 0x58, 0x0F, 0x1B, 0xC8,
    0xBB, 0xF9, 0xFE, 0x7D, 0xCD, 0x3C, 0xED, 0x53, 0x9B, 0xDA, 0x91, 0xD3, 0xFD, 0xAA, 0x78, 0xF9,
    0xDE, 0xAA, 0xD0, 0xFD, 0xB0, 0x49, 0x16, 0x4B, 0xF5, 0xCF, 0x7D, 0xF6, 0xA7, 0x5E, 0xFF, 0xC4,
    0xEF, 0x94, 0x5D, 0x9C, 0x30, 0x61, 0xA2, 0xE9, 0xD5, 0xA7, 0x7E, 0x28, 0x76, 0x20, 0x86, 0x25,
    0xCC, 0xA2, 0xC1, 0xAA, 0xB8, 0xF7, 0xE9, 0x8F, 0x16, 0xE8, 0x4F, 0x3B, 0xD4, 0x5F, 0x7B, 0x52,
    0x5F, 0x43, 0x9F, 0x1B, 0x26, 0x27, 0x24, 0x2D, 0x69, 0x7F, 0x8C, 0x36, 0xF1, 0x77, 0x43, 0xF7,
    0xF0, 0xE7, 0x42, 0x84, 0x24, 0x94, 0xE5, 0x27, 0x4D, 0x9F, 0xFA, 0x45, 0xA8, 0xAF, 0x87, 0x2E,
    0x63, 0xC6, 0x96, 0xDA, 0xD6, 0xB6, 0xB4, 0xB9, 0x85, 0xCC, 0xE8, 0x46, 0xFB, 0xC0, 0x95, 0x4B,
    0x9B, 0x91, 0x2D, 0x79, 0x09, 0x71, 0x2E, 0xF4, 0xC5, 0xD6, 0xCC, 0xD0, 0xA8, 0x26, 0xF1, 0x47,
    0x9C, 0x3B, 0xE0, 0x54, 0xC0, 0xB5, 0xC0, 0xD2, 0x84, 0xA3, 0xFB, 0xB4, 0x67, 0x1B, 0x39, 0x1E,
    0xEE, 0x54, 0xAB, 0xED, 0x15, 0x0B, 0x92, 0x66, 0xD0, 0x94, 0xCD, 0xB7, 0x9B, 0xA4, 0x81, 0x4B,
    0x3E, 0xA2, 0x6C, 0xAE, 0xAA, 0x4B, 0xC6, 0x80, 0x04, 0x23, 0x7B, 0xF0, 0x47, 0x91, 0x40, 0xED,
    0x73, 0x9F, 0x36, 0x99, 0xDD, 0x03, 0x89, 0xBE, 0xF3, 0xED, 0x55, 0x76, 0x8A, 0x0A, 0x5E, 0x3B,
    0xF1, 0x37, 0xD7, 0xE2, 0x15, 0xF7, 0x2E, 0xBE, 0x76, 0x8A, 0x47, 0x4C, 0xCF, 0x75, 0x3F, 0x3D,
    0x67, 0x81, 0x8F, 0x9E, 0x78, 0xF1, 0xD2, 0x68, 0x73, 0x2C, 0x69, 0x11, 0xAF, 0x7D, 0x66, 0x13,
    0xE2, 0xE2, 0x31, 0x0B, 0xA2, 0x3C, 0xA8, 0x93, 0x98, 0xBC, 0x5B, 0xAF, 0x5F, 0xBE, 0xF7, 0xEA,
    0x4C, 0xF7, 0xCA, 0x9F, 0x98, 0xCC, 0xE6, 0x95, 0xA6, 0xE0, 0x7D, 0x12, 0x86, 0x46, 0xB5, 0xA7,
    0x3D, 0x3B, 0x76, 0x65, 0x5F, 0xBA, 0x61, 0x93, 0x1B, 0x4D, 0x4D, 0x69, 0xF4, 0x5E, 0xED, 0x66,
    0xD1, 0x26, 0xA5, 0xEC, 0x42, 0xAC, 0x28, 0x2E, 0x79, 0xF7, 0x7B, 0x3C, 0x06, 0xBC, 0xF3, 0x7F,
    0xF0, 0x91, 0xF5, 0x93, 0x13, 0x9E, 0xF1, 0x2C, 0x2A, 0xF9, 0x99, 0x4F, 0xC5, 0x26, 0x52, 0xB1,
    0x24, 0xC4, 0x40, 0xAA, 0xA1, 0x34, 0x61, 0x32, 0xB4, 0x82, 0xD4, 0x41, 0x87, 0x3E, 0x75, 0x41,
    0x93, 0x28, 0xD4, 0xFE, 0x8B, 0x42, 0x3D, 0x6F, 0xBA, 0xD4, 0x8D, 0x31, 0x89, 0x21, 0xEB, 0x32,
    0x2D, 0xDB, 0xAD, 0xF4, 0x6D, 0xD6, 0x82, 0x09, 0xD7, 0xF0, 0x70, 0x1F, 0x81, 0xE9, 0x72, 0x69,
    0xB4, 0x88, 0x8D, 0x03, 0xE0, 0x8D, 0xFC, 0xA1, 0xF7, 0xAD, 0x9B, 0x9B, 0x2A, 0xAE, 0xD2, 0xDE,
    0xAF, 0x92, 0xB7, 0x24, 0xE6, 0xC3, 0x9B, 0x8F, 0x45, 0xA4, 0x96, 0xFD, 0x87, 0x37, 0x37, 0x37,
    0x1F, 0xD7, 0x21, 0xDF, 0x97, 0xE1, 0xB3, 0x03, 0x60, 0xC6, 0x60, 0x47, 0xD6, 0x22, 0xD5, 0xA8,
    0xA7, 0xB4, 0x14, 0x1C, 0xEC, 0x1D, 0x40, 0x99, 0x30, 0x80, 0xB3, 0x88, 0x03, 0x56, 0x40, 0x0B,
    0x78, 0x48, 0x5D, 0x18, 0x16, 0x46, 0xF6, 0x73, 0x98, 0x3E, 0xC2, 0x6E, 0x81, 0x0E, 0x92, 0x08,
    0xF3, 0x6F, 0xC0, 0x2A, 0xC8, 0x8E, 0xB0, 0xE2, 0xB8, 0x83, 0xE9, 0xAF, 0x54, 0x76, 0xD7, 0x5E,
    0xF0, 0xE5, 0xC0, 0xEC, 0x9A, 0x75, 0x60, 0x59, 0x4B, 0x7F, 0xA0, 0x3B, 0x4C, 0x86, 0x38, 0xE4,
    0x80, 0x7E, 0x6D, 0x7F, 0xF5, 0x6F, 0xE7, 0x5F, 0xF8, 0xC5, 0x78, 0x31, 0x36, 0x7F, 0xF4, 0x3A,
    0x28, 0x58, 0xBA, 0x8B, 0xE6, 0xE4, 0xAA, 0xF5, 0xB7, 0x73, 0x95, 0xF5, 0xC4, 0xD3, 0x47, 0x16,
    0x22, 0x1B, 0x6F, 0x32, 0x14, 0xB8, 0x71, 0xEA, 0xE1, 0xC2, 0x8E, 0x82, 0xFE, 0xDA, 0x6E, 0x59,
    0xF0, 0xBF, 0x4C, 0x4D, 0x90, 0xE0, 0x1A, 0x45, 0x8F, 0x81, 0x77, 0x01, 0x5D, 0xB1, 0xD6, 0x57,
    0x88, 0x2E, 0x91, 0x55, 0xC9, 0xEC, 0xA3, 0xEF, 0xC2, 0x18, 0xA6, 0x46, 0xDB, 0xE8, 0xF1, 0x69,
    0xFC, 0xD7, 0xED, 0xF8, 0x7F, 0xC2, 0xBC, 0xF9, 0xB0, 0xC5, 0x8B, 0xFF, 0x9A, 0x1F, 0x04, 0x07,
    0x50, 0x26, 0x13, 0xA5, 0xA5, 0xDE, 0x4A, 0xEF, 0xA5, 0xC5, 0x03, 0xF0, 0x0C, 0x24, 0x06, 0x5B,
    0x06, 0x9B, 0x2C, 0x97, 0x6D, 0x20, 0x66, 0x57, 0xB6, 0x2F, 0x30, 0x08, 0xC7, 0x98, 0xBC, 0xE5,
    0x0C, 0x6F, 0x99, 0x79, 0x07, 0xF5, 0x1C, 0x2D, 0x36, 0x97, 0x2A, 0xBC, 0x3D, 0x00, 0x14, 0xDA,
    0x66, 0x46, 0x11, 0xBD, 0xB4, 0x65, 0xA3, 0x9B, 0x3A, 0x7E, 0xDD, 0x0B, 0x80, 0xF0, 0x3D, 0x01,
    0x77, 0x91, 0xFC, 0xE5, 0x92, 0x86, 0xC7, 0xD5, 0x37, 0x81, 0x27, 0xA4, 0x06, 0x7E, 0x01, 0xD7,
    0x5C, 0x04, 0x90, 0x6B, 0x8E, 0xC8, 0xF8, 0xD8, 0xDD, 0x0B, 0x03, 0x63, 0x77, 0x11, 0xBB, 0x0D,
    0xB1, 0x0B, 0x8F, 0x49, 0x81, 0x27, 0xE6, 0xAB, 0x86, 0x8B, 0xE4, 0xCF, 0x97, 0x04, 0xFC, 0x8F,
    0xC7, 0x1C, 0xD7, 0xAF, 0x23, 0x73, 0xEE, 0xB0, 0x63, 0x45, 0x47, 0xDE, 0x0C, 0xBD, 0xAE, 0x5A,
    0x0C, 0xAA, 0x6C, 0x7D, 0xA7, 0x4F, 0x81, 0x91, 0xA0, 0xC5, 0x6E, 0x7F, 0xEE, 0xBA, 0x40, 0x53,
    0x47, 0xDA, 0xC7, 0x08, 0x49, 0xD0, 0xDE, 0x45, 0xED, 0xEB, 0xA0, 0x3D, 0x4F, 0x07, 0xBE, 0xAC,
    0xF6, 0xE4, 0x36, 0xF1, 0x8C, 0xBF, 0xB8, 0xD2, 0x06, 0xB7, 0x4F, 0x7C, 0xF6, 0xB7, 0x36, 0xFB,
    0x57, 0xBF, 0x1D, 0xAD, 0x9C, 0x52, 0x7E, 0x97, 0xA9, 0xBC, 0xDF, 0x7C, 0x9D, 0xD2, 0x4A, 0x38,
    0x6E, 0x6E, 0x20, 0xB5, 0x3F, 0xFC, 0x7D, 0xDE, 0x95, 0xBB, 0x1F, 0xFC, 0x36, 0xB5, 0xA3, 0xCF,
    0x5C, 0xA0, 0x38, 0x3C, 0xF7, 0x0F, 0x66, 0xDF, 0x99, 0xCB, 0xAD, 0xFA, 0x87, 0xFF, 0x80, 0xEF,
    0x53, 0xFB, 0xDA, 0x0D, 0xEC, 0xA0, 0x02, 0x80, 0x16, 0x48, 0xBC, 0x06, 0x94, 0x55, 0x2D, 0x89,
    0x30, 0x10, 0x91, 0x0E, 0x32, 0x11, 0xC3, 0xC1, 0x0E, 0x47, 0x5C, 0x01, 0x69, 0x93, 0x57, 0x90,
    0x9B, 0xA1, 0xFC, 0xEE, 0x93, 0x1D, 0xD4, 0x22, 0x0E, 0x92, 0xFA, 0xEF, 0x20, 0xC1, 0x7C, 0xA8,
    0xC5, 0xC5, 0x37, 0xB9, 0x91, 0x58, 0x02, 0x30, 0x90, 0x0D, 0x7C, 0x25, 0x93, 0xF0, 0x33, 0xD7,
    0x71, 0xBA, 0xBF, 0xE5, 0x1B, 0x22, 0xAD, 0x27, 0xFC, 0x58, 0x0E, 0x36, 0x8A, 0x0B, 0x25, 0xB1,
    0x1B, 0xD2, 0xDF, 0xFC, 0x4C, 0x5C, 0xDC, 0x66, 0xD8, 0xAD, 0x00, 0xD6, 0xDC, 0xDB, 0x80, 0xE5,
    0x72, 0xF9, 0xD3, 0x2A, 0xC2, 0x9A, 0xB8, 0x95, 0x05, 0x52, 0x00, 0x38, 0xDD, 0x9C, 0xDD, 0x7E,
    0x69, 0xA6, 0xE2, 0x61, 0x57, 0xF9, 0x36, 0xD4, 0xA6, 0xF0, 0x6D, 0x2B, 0x5D, 0xCB, 0xED, 0xD3,
    0xDC, 0x03, 0x14, 0x3C, 0xE3, 0x9C, 0x35, 0xC5, 0xD1, 0x6B, 0x33, 0xD8, 0xE4, 0xAB, 0xD9, 0xD9,
    0x2C, 0x9B, 0xE5, 0x45, 0xA1, 0x3A, 0x38, 0x9F, 0xB0, 0x0E, 0x9D, 0xFB, 0x98, 0x17, 0x64, 0xAF,
    0x0D, 0x70, 0x5A, 0x15, 0xFE, 0xF6, 0xE2, 0x15, 0xAF, 0x58, 0x8D, 0x73, 0x0F, 0xEC, 0xA0, 0xE0,
    0x74, 0xCD, 0x7C, 0xC7, 0xAA, 0x38, 0xC6, 0xAC, 0x20, 0x0F, 0xE8, 0x43, 0x33, 0xC4, 0x35, 0xBA,
    0xA7, 0x98, 0x7F, 0x1E, 0x75, 0x6E, 0xCE, 0xAF, 0x7F, 0x49, 0x29, 0x77, 0xA1, 0x9A, 0x07, 0xFC,
    0xD9, 0xC3, 0x10, 0x1D, 0x7B, 0x65, 0x57, 0x3C, 0x9D, 0x11, 0x5D, 0xCC, 0x90, 0xCC, 0xE4, 0x1B,
    0xC5, 0xD1, 0x3D, 0x2C, 0xA7, 0x94, 0x8A, 0xEC, 0x31, 0xEA, 0x09, 0xA3, 0x97, 0xA4, 0x9E, 0xD4,
    0x31, 0x9D, 0xA2, 0xCF, 0x50, 0xA1, 0x74, 0x0C, 0x5B, 0x9E, 0xCC, 0xB8, 0xAB, 0xCD, 0x7F, 0x00,
    0xD4, 0x9A, 0x31, 0xCC, 0xDE, 0xC6, 0x79, 0xC7, 0x1F, 0xBE, 0xB4, 0x4D, 0x34, 0x04, 0x7A, 0x1D,
    0x5A, 0xA0, 0x6D, 0x51, 0x70, 0x2D, 0x50, 0xC4, 0xDC, 0x01, 0x49, 0x47, 0xC4, 0x43, 0x86, 0x0E,
    0xC9, 0x50, 0xB5, 0x83, 0x07, 0x67, 0xEE, 0xA2, 0x1D, 0x90, 0x70, 0x6F, 0x9B, 0x21, 0x43, 0x87,
    0x68, 0xEF, 0xD0, 0x0C, 0xE9, 0x50, 0x75, 0xC8, 0xE2, 0xC1, 0xC3, 0x67, 0xDF, 0xD9, 0x1A, 0x34,
    0x68, 0x10, 0x9D, 0x20, 0xC8, 0x90, 0x21, 0x4C, 0x9C, 0x20, 0x45, 0x3C, 0xF8, 0x1C, 0x31, 0x10,
    0x95, 0x1C, 0xF9, 0xEF, 0xFD, 0x1F, 0x92, 0x9F, 0xDE, 0x4F, 0x96, 0x65, 0x5B, 0x51, 0x1C, 0x97,
    0x20, 0x7F, 0xFF, 0x7B, 0x79, 0xFC, 0x9E, 0x23, 0x8F, 0x77, 0xCF, 0xF3, 0x90, 0xFC, 0x44, 0x17,
    0xD7, 0x67, 0x34, 0x31, 0xA3, 0x4A, 0x19, 0x32, 0x13, 0x7F, 0x2D, 0xEB, 0x62, 0x01, 0x04, 0x45,
    0x89, 0xAE, 0x09, 0x07, 0x48, 0x45, 0x94, 0xC4, 0xE1, 0x98, 0x21, 0x72, 0x0A, 0xA4, 0x1D, 0x9D,
    0xEE, 0x7B, 0x1C, 0xDF, 0x20, 0x62, 0x46, 0x11, 0x4B, 0x48, 0x19, 0x5B, 0x00, 0xD1, 0x11, 0xE6,
    0x78, 0x26, 0x62, 0xDF, 0x5D, 0x36, 0x34, 0x21, 0x09, 0x97, 0xCF, 0xFB, 0x34, 0x88, 0x24, 0x5E,
    0xF9, 0xD6, 0x2B, 0x28, 0x92, 0x9C, 0x95, 0x90, 0x33, 0x79, 0x23, 0xF3, 0xBA, 0xBC, 0x9E, 0x79,
    0x49, 0x24, 0x53, 0x1E, 0xF1, 0xA5, 0xEF, 0x92, 0x40, 0x50, 0xC6, 0x4C, 0xB1, 0x13, 0x69, 0xD2,
    0x27, 0xD3, 0x46, 0xB9, 0x86, 0x9F, 0xA2, 0x17, 0xE0, 0xC3, 0x45, 0x44, 0x5E, 0xFC, 0xC7, 0x8C,
    0x66, 0xCC, 0xB0, 0x7D, 0x86, 0xCF, 0x5B, 0x91, 0x88, 0xAF, 0x9F, 0xF4, 0xC4, 0x71, 0xEB, 0x09,
    0x69, 0x08, 0x43, 0xD4, 0x44, 0x45, 0x88, 0x3C, 0x33, 0x3A, 0x91, 0x16, 0x13, 0xDB, 0x98, 0x65,
    0x5B, 0x6A, 0xFE, 0xF6, 0x40, 0x57, 0x42, 0x10, 0x4C, 0x12, 0x1B, 0x9A, 0x98, 0x61, 0xA3, 0xBC,
    0x2C, 0x76, 0xE0, 0x29, 0x2A, 0xFA, 0x0C, 0x00, 0x3B, 0x7E, 0x75, 0x2B, 0xA3, 0xDF, 0x6B, 0x5D,
    0xCC, 0xB0, 0x44, 0x3B, 0x8A, 0x74, 0xBC, 0xF2, 0x50, 0xE2, 0x66, 0x1B, 0xD6, 0xA3, 0x1B, 0xB6,
    0x21, 0x7F, 0x21, 0xBA, 0x14, 0x58, 0xA4, 0x06, 0xFA, 0x36, 0xB4, 0xD1, 0x1E, 0x4D, 0x74, 0x5D,
    0x1D, 0x7D, 0x78, 0xA9, 0x63, 0x0B, 0x2E, 0xF1, 0xDC, 0x7A, 0x31, 0x98, 0xD9, 0xD7, 0x41, 0x1C,
    0xA2, 0x54, 0x18, 0x45, 0x6C, 0x7A, 0x41, 0x4C, 0xBA, 0x21, 0x65, 0x5A, 0xF2, 0x06, 0xA9, 0x46,
    0xE4, 0xBF, 0xB5, 0x0B, 0x42, 0x8D, 0x39, 0xDB, 0xEE, 0xC4, 0x62, 0xCA, 0x6B, 0xA9, 0x17, 0xF2,
    0x59, 0xD6, 0xAE, 0xC5, 0x68, 0x91, 0x9A, 0x43, 0xB4, 0x77, 0xA6, 0xBC, 0xB6, 0xAF, 0x44, 0xE1,
    0xF2, 0xFB, 0x1A, 0x34, 0x40, 0x5E, 0xD9, 0x49, 0x3E, 0x3C, 0xE3, 0x0A, 0xAE, 0x05, 0x8E, 0x15,
    0xC4, 0x27, 0xDE, 0x82, 0x12, 0x00, 0x8E, 0xBB, 0x48, 0xD3, 0x69, 0x9F, 0x1B, 0x79, 0x82, 0x34,
    0x8F, 0x0B, 0xBB, 0xA9, 0xCD, 0x82, 0x9E, 0x12, 0xDD, 0x28, 0x36, 0x8B, 0x49, 0x2A, 0xF5, 0x2C,
    0x57, 0xB2, 0x54, 0x8B, 0xDC, 0x58, 0x25, 0xA9, 0x14, 0x49, 0xEB, 0xBE, 0x47, 0x31, 0x09, 0x63,
    0x16, 0x17, 0x11, 0x5F, 0x02, 0x10, 0x7C, 0xA8, 0x80, 0x59, 0x5E, 0xD8, 0x3B, 0x2B, 0x79, 0x8C,
    0x8F, 0x94, 0xDD, 0xB6, 0x4D, 0xC6, 0x4F, 0xA9, 0xB7, 0xFE, 0x07, 0xFF, 0x45, 0xE5, 0x32, 0x6E,
    0xBA, 0xAC, 0xF5, 0xD9, 0x98, 0xAA, 0x20, 0x5C, 0x54, 0xDF, 0xAF, 0x8A, 0xFE, 0xF1, 0x7A, 0x6D,
    0xBF, 0x02, 0x87, 0xFB, 0x35, 0x20, 0x89, 0x43, 0x02, 0xD0, 0x67, 0xE5, 0x2F, 0xF1, 0x2A, 0x9B,
    0x03, 0xD8, 0x3C, 0xC0, 0xE6, 0x02, 0x76, 0x1F, 0xA0, 0xE7, 0x75, 0x22, 0x74, 0x03, 0x14, 0xF6,
    0xBC, 0x4A, 0xA4, 0x88, 0x5D, 0xA5, 0x99, 0x54, 0xCC, 0x26, 0xE9, 0xE9, 0x72, 0x0D, 0x3F, 0x37,
    0x38, 0x0A, 0x30, 0x19, 0x9D, 0x44, 0x57, 0xBB, 0x8C, 0x02, 0x64, 0xA9, 0x33, 0xB3, 0x1E, 0xC9,
    0x26, 0x90, 0x3A, 0x6F, 0xF6, 0x4E, 0x76, 0x38, 0xAE, 0x2C, 0xD1, 0x19, 0x76, 0x93, 0x98, 0x40,
    0xB6, 0x42, 0xDE, 0x20, 0x8B, 0x91, 0x2C, 0x07, 0xD2, 0x04, 0x12, 0x51, 0x39, 0x92, 0xAF, 0x25,
    0xD2, 0x2C, 0x64, 0x89, 0x95, 0x6A, 0x01, 0x3D, 0xE9, 0x23, 0xA9, 0xEE, 0xAD, 0x6B, 0x66, 0x76,
    0x5F, 0x8D, 0xE0, 0x90, 0x0A, 0x9E, 0xA7, 0x2E, 0xD5, 0x42, 0x16, 0x20, 0xC5, 0x06, 0xD2, 0x0C,
    0x64, 0xF1, 0x9D, 0x47, 0xE7, 0x39, 0x36, 0x48, 0x2B, 0xB3, 0x9D, 0x02, 0xEA, 0xB6, 0x4E, 0x58,
    0x2A, 0x6B, 0x65, 0xAB, 0xBC, 0x4E, 0x16, 0x23, 0x59, 0xF5, 0xA4, 0xE9, 0xC8, 0x2B, 0x42, 0x4E,
    0xCA, 0xA8, 0x0C, 0x4A, 0x39, 0x21, 0xED, 0xB7, 0x6C, 0x6B, 0xCA, 0x2D, 0xB6, 0xD8, 0xC3, 0x4A,
    0x13, 0x6C, 0xC7, 0x13, 0xE4, 0x29, 0xB6, 0xBF, 0xE1, 0x4D, 0xAB, 0xA1, 0xA7, 0xFE, 0x2F, 0x37,
    0x49, 0x2E, 0x1A, 0x0E, 0x3A, 0x60, 0xB0, 0xE8, 0x0C, 0xA4, 0x9C, 0xA4, 0xCE, 0x8C, 0x3A, 0x78,
    0x07, 0x39, 0x20, 0xD4, 0x41, 0x04, 0xBD, 0x39, 0xD2, 0xC3, 0x35, 0xBC, 0xB0, 0xD1, 0xD2, 0x72,
    0xE2, 0xF0, 0x30, 0xF3, 0x59, 0xA6, 0x3A, 0x27, 0x29, 0x11, 0x33, 0xB7, 0x3E, 0x42, 0x20, 0xDD,
    0x91, 0xB4, 0xC4, 0xD5, 0x85, 0x44, 0x22, 0xFD, 0x48, 0xDA, 0x81, 0x7C, 0x71, 0xEB, 0x2B, 0x75,
    0x34, 0x24, 0xDB, 0xE5, 0x2A, 0x7F, 0xD0, 0xB5, 0xD5, 0x19, 0x66, 0x49, 0x86, 0x82, 0x69, 0xBB,
    0x83, 0x64, 0x20, 0x6B, 0x65, 0xA5, 0x3C, 0x74, 0xA4, 0xD3, 0x32, 0x06, 0xA5, 0x5E, 0xA9, 0xB2,
    0xFC, 0x60, 0x22, 0xEF, 0xA5, 0xCC, 0xFA, 0xEE, 0x4C, 0x03, 0xDF, 0x04, 0x59, 0x92, 0xAD, 0x8E,
    0x67, 0xDE, 0x40, 0x91, 0xEB, 0xCA, 0xE5, 0x16, 0x4D, 0xE8, 0xCC, 0x29, 0x7E, 0x73, 0xD5, 0x8D,
    0x52, 0x46, 0xCE, 0x9B, 0xB2, 0x17, 0x93, 0xD8, 0xAA, 0x99, 0x79, 0x06, 0x35, 0x04, 0x0F, 0xC5,
    0x61, 0xC0, 0x22, 0x40, 0xB4, 0x00, 0x3A, 0x82, 0x5D, 0xE3, 0x3A, 0x0E, 0x78, 0xC5, 0x31, 0xA3,
    0x66, 0x49, 0x64, 0xC3, 0xEA, 0x3D, 0x26, 0x02, 0x19, 0x74, 0x06, 0x9B, 0x87, 0xB0, 0xF1, 0x02,
    0xDC, 0xA0, 0xB5, 0xF4, 0x2B, 0xC7, 0x16, 0x58, 0xC4, 0x01, 0x83, 0x58, 0xE0, 0xE7, 0x04, 0x1B,
    0x3A, 0xB0, 0x56, 0x5C, 0xCC, 0xB0, 0x17, 0xE1, 0xFA, 0x0C, 0x1C, 0x4B, 0x36, 0x94, 0x81, 0x8C,
    0x02, 0xFD, 0x5E, 0xDB, 0x4C, 0x3A, 0xC1, 0x2F, 0xA0, 0x1D, 0x33, 0x7C, 0x6C, 0xB7, 0x04, 0xE7,
    0xE1, 0xE7, 0x17, 0xE0, 0xD5, 0x87, 0x86, 0x95, 0x62, 0x18, 0x95, 0xC9, 0x29, 0x53, 0x9E, 0xCC,
    0xE6, 0x84, 0x2F, 0x2B, 0x2F, 0x2B, 0x2F, 0x9D, 0xF0, 0x4C, 0x39, 0x91, 0x45, 0x24, 0x4B, 0x65,
    0x15, 0x48, 0x68, 0x5B, 0x1B, 0x75, 0xF6, 0x25, 0x1D, 0x56, 0x64, 0x19, 0x46, 0x65, 0x54, 0x6A,
    0xB6, 0x73, 0xFC, 0x1C, 0xB3, 0xBE, 0x6F, 0x03, 0x0D, 0x7A, 0x87, 0xAF, 0xA9, 0x56, 0x49, 0xFC,
    0x50, 0x26, 0x91, 0xC4, 0x3B, 0x1A, 0x45, 0x6C, 0x56, 0x0E, 0x7F, 0x73, 0x74, 0x7D, 0xCB, 0xE1,
    0xDF, 0xBB, 0xFE, 0x06, 0xCD, 0x46, 0xD7, 0x4F, 0x9A, 0xA3, 0xB9, 0x1F, 0x50, 0x4B, 0x00, 0x89,
    0xF5, 0x59, 0x75, 0xAC, 0x27, 0xF7, 0x1E, 0xB5, 0x99, 0xDC, 0xF7, 0x11, 0x84, 0x01, 0xB2, 0xA7,
    0xFA, 0xC1, 0xF5, 0x3E, 0x8A, 0x20, 0xB8, 0xDE, 0xD2, 0x4F, 0xD3, 0x6E, 0x12, 0x1D, 0x41, 0x1C,
    0xE7, 0x4B, 0x3E, 0xA2, 0x82, 0x20, 0xD5, 0x58, 0x4A, 0x44, 0x0C, 0x06, 0xD8, 0x9C, 0x83, 0x14,
    0xD0, 0x14, 0x08, 0x49, 0xDA, 0xD1, 0x40, 0xAC, 0x0E, 0x2F, 0xF6, 0x90, 0x21, 0xF6, 0x7B, 0xBD,
    0x64, 0xE8, 0xAD, 0x43, 0x20, 0x34, 0xCA, 0x73, 0x9F, 0x76, 0x8E, 0x20, 0x28, 0x0C, 0x61, 0x15,
    0xC7, 0x02, 0x47, 0x35, 0xD5, 0xD0, 0x72, 0xC9, 0x36, 0xE4, 0xC5, 0xAF, 0x7F, 0x41, 0x9C, 0x75,
    0x15, 0x4D, 0x2F, 0x62, 0xA2, 0x89, 0x22, 0xF5, 0xEC, 0x34, 0x76, 0xE1, 0xC8, 0xC7, 0x94, 0xEF,
    0x7E, 0x31, 0x82, 0xCA, 0x1F, 0x37, 0xF4, 0x96, 0x3A, 0xA3, 0x56, 0x4A, 0xD3, 0xB5, 0x3A, 0x63,
    0x9B, 0xF1, 0x22, 0x9B, 0x8F, 0xB0, 0x3D, 0xA1, 0x3D, 0xE1, 0x15, 0xE5, 0x0D, 0x65, 0x22, 0x0B,
    0xE5, 0xF7, 0x94, 0x18, 0x25, 0xDB, 0x47, 0xE4, 0x0D, 0xF0, 0x6C, 0x33, 0xBC, 0xB0, 0xF5, 0x3F,
    0x03, 0xE3, 0x42, 0xA9, 0x31, 0xB3, 0xFF, 0x0C, 0x9D, 0x4B, 0xDA, 0xA5, 0xCD, 0xF2, 0x60, 0x91,
    0xCB, 0x59, 0xEE, 0x43, 0x2E, 0xAD, 0x72, 0x96, 0xE5, 0x43, 0x1C, 0xC7, 0x2C, 0x11, 0x21, 0xAA,
    0xBC, 0xA3, 0xE2, 0xDE, 0xEB, 0x29, 0xF6, 0x7E, 0x50, 0xC1, 0x91, 0xD2, 0xA0, 0xA3, 0x18, 0x88,
    0xCA, 0xA2, 0x52, 0xA5, 0x2C, 0x65, 0x2C, 0x29, 0xED, 0x52, 0x4E, 0x35, 0x1E, 0x3A, 0x14, 0xB1,
    0xC1, 0xB2, 0xDF, 0x1A, 0x92, 0x39, 0x22, 0x6F, 0x0D, 0xD3, 0xA8, 0x4F, 0x22, 0xB0, 0x93, 0x7B,
    0x3E, 0x2D, 0x69, 0xFF, 0x7C, 0x48, 0xD8, 0x47, 0x79, 0x06, 0xA6, 0x4C, 0x1A, 0xD3, 0xD9, 0x3D,
    0x88, 0xD1, 0x6E, 0x6C, 0x22, 0x0B, 0x36, 0x4A, 0x35, 0x93, 0x8C, 0x01, 0x83, 0xB2, 0x27, 0xF1,
    0x11, 0xFA, 0x95, 0x03, 0xA9, 0xC7, 0x6F, 0x7F, 0xDB, 0xAA, 0x1D, 0xAE, 0xA3, 0x94, 0x0B, 0x77,
    0x0A, 0xDE, 0xE7, 0xD4, 0xD8, 0x26, 0xCF, 0xD5, 0xBC, 0xAD, 0xB1, 0x7C, 0x65, 0x09, 0xF9, 0x03,
    0xE7, 0x10, 0x34, 0xDE, 0x62, 0xCC, 0xEB, 0x9E, 0xBB, 0xA0, 0x97, 0x8C, 0x59, 0x4A, 0x7C, 0x15,
    0xDD, 0x1E, 0x79, 0xDD, 0xF0, 0xB1, 0x91, 0xF7, 0x80, 0xDC, 0x95, 0x07, 0x60, 0x91, 0x8C, 0xE1,
    0x63, 0xDD, 0xF9, 0x1E, 0xCF, 0x1E, 0x8A, 0x38, 0x2C, 0xCF, 0xF4, 0xC0, 0x7A, 0x8A, 0xCF, 0xF4,
    0xC0, 0x9A, 0xD6, 0xC4, 0xDB, 0x01, 0x48, 0x2B, 0x0E, 0x28, 0xD2, 0xF5, 0x03, 0xE4, 0xFA, 0x39,
    0x2E, 0x49, 0x86, 0x3C, 0x2B, 0xF4, 0xE2, 0xAE, 0x61, 0x62, 0x23, 0xE9, 0x8B, 0x90, 0x8A, 0xB2,
    0xFA, 0x6A, 0x47, 0x01, 0x74, 0xE7, 0x6B, 0xE8, 0x54, 0x66, 0x8A, 0x53, 0xDF, 0x53, 0x65, 0x22,
    0xE5, 0x66, 0xEB, 0x54, 0xF3, 0x9E, 0xD6, 0x89, 0x91, 0x6D, 0xA8, 0x39, 0x37, 0xD1, 0xAF, 0x12,
    0x28, 0xBD, 0x8A, 0xA7, 0xF0, 0xD7, 0x56, 0xB7, 0x1D, 0xB9, 0xFD, 0x5D, 0x33, 0xD3, 0xCA, 0x6E,
    0x53, 0xBC, 0xB6, 0xB0, 0xB7, 0xC7, 0x10, 0x79, 0x72, 0x2E, 0xB7, 0x6E, 0xDD, 0xD4, 0x27, 0xF2,
    0x16, 0x5D, 0x66, 0x83, 0x8E, 0xDE, 0x7E, 0x14, 0xC9, 0xCC, 0xF5, 0x3E, 0x9A, 0xC0, 0x2E, 0x69,
    0x34, 0x22, 0x5F, 0xDE, 0x46, 0xC9, 0xE3, 0x9D, 0x11, 0xC9, 0xAD, 0x93, 0xD6, 0x9C, 0x75, 0xC9,
    0x6C, 0x5E, 0xD1, 0x3C, 0xB5, 0x60, 0xDB, 0x49, 0x30, 0xB0, 0xD7, 0x6D, 0x94, 0x3A, 0x33, 0x89,
    0x9F, 0x0B, 0x20, 0x00, 0x65, 0xE6, 0x1F, 0x29, 0x53, 0x4F, 0x56, 0xA9, 0x51, 0x52, 0x29, 0x2B,
    0xCF, 0x94, 0xD7, 0x95, 0x97, 0x94, 0x7F, 0x0E, 0xC4, 0xBC, 0x7A, 0x65, 0x05, 0xA9, 0x17, 0x1A,
    0xA9, 0x3E, 0x1D, 0x39, 0xC4, 0x16, 0x11, 0x00, 0x99, 0x56, 0x79, 0xB8, 0xF5, 0xD5, 0x45, 0x9B,
    0x7D, 0x2A, 0x3D, 0x86, 0x4C, 0xCD, 0xD4, 0x67, 0xE0, 0x7D, 0xA0, 0xDB, 0x0B, 0xEC, 0x22, 0xF5,
    0x81, 0x1C, 0xF0, 0x5F, 0x84, 0x42, 0xB9, 0x17, 0x5A, 0xE8, 0xB2, 0x74, 0x4E, 0x15, 0x38, 0xFE,
    0xFF, 0x3B, 0x79, 0x04, 0xB7, 0x17, 0x64, 0x5D, 0xDC, 0x5E, 0x30, 0x1F, 0x29, 0xD4, 0x7B, 0xA1,
    0xDA, 0x0B, 0x07, 0x5E, 0x7B, 0x14, 0xF1, 0xCA, 0xB7, 0xBE, 0x36, 0x73, 0x48, 0xD5, 0x29, 0xF3,
    0x0D, 0xE5, 0xEB, 0x4A, 0xB9, 0x40, 0xE0, 0xA8, 0x1C, 0xB9, 0xA7, 0x59, 0xC8, 0x12, 0x64, 0x81,
    0x63, 0xA6, 0x20, 0x3C, 0xC6, 0x02, 0xDD, 0x76, 0x8C, 0x49, 0x66, 0xD6, 0xC6, 0x46, 0x29, 0x40,
    0x3B, 0x56, 0x33, 0x07, 0x6C, 0xA2, 0xCE, 0x10, 0x83, 0x3A, 0x46, 0xD7, 0x3F, 0x5D, 0x30, 0xAC,
    0xB2, 0xA8, 0x54, 0x38, 0x52, 0x04, 0x41, 0xC5, 0x0D, 0x2A, 0x36, 0x3E, 0x41, 0xB6, 0x3A, 0x1E,
    0x59, 0xB2, 0x45, 0x3F, 0xB4, 0xC0, 0x5C, 0x63, 0x71, 0xC0, 0xB0, 0x9D, 0x8B, 0x28, 0x72, 0xE5,
    0x53, 0xDD, 0x37, 0x06, 0x62, 0x11, 0x6D, 0xFE, 0x53, 0x04, 0x3C, 0x6D, 0x8E, 0x8D, 0x09, 0x9B,
    0xDA, 0xEE, 0xC4, 0x36, 0xD1, 0x7A, 0xF1, 0x81, 0x69, 0x57, 0x47, 0x7F, 0xA9, 0xB3, 0x9E, 0x60,
    0x2B, 0x47, 0x11, 0xF5, 0x4A, 0x92, 0x61, 0xB1, 0x43, 0xE4, 0x1C, 0xEC, 0x76, 0x46, 0xCF, 0x2F,
    0xF3, 0x2F, 0x16, 0x02, 0xDA, 0xF5, 0xC7, 0x6C, 0xCF, 0xFE, 0x16, 0xBD, 0xBE, 0xF1, 0xD0, 0x97,
    0xA3, 0xFB, 0xA2, 0x97, 0xE7, 0x71, 0xA4, 0x56, 0xC0, 0xA8, 0xB9, 0xE6, 0xA8, 0xD3, 0x5F, 0x6C,
    0x2F, 0x5B, 0xF4, 0xCE, 0x2B, 0xF5, 0xA8, 0x1D, 0x9C, 0xED, 0xEB, 0xB5, 0x94, 0x90, 0x0B, 0x8A,
    0xC7, 0xF4, 0x15, 0xC8, 0x13, 0x8F, 0xDB, 0xFF, 0xBE, 0xD8, 0xEC, 0xD1, 0xBE, 0xD7, 0xFE, 0x62,
    0x7B, 0xEC, 0x97, 0x58, 0x2E, 0x6B, 0xB6, 0x8B, 0x69, 0x8B, 0x85, 0x41, 0x64, 0x7B, 0x25, 0xBE,
    0x8D, 0x96, 0x36, 0xB3, 0x13, 0x3F, 0x5A, 0x75, 0xF9, 0x3A, 0x2D, 0xBA, 0x75, 0x4E, 0x9C, 0x90,
    0x7B, 0x72, 0x2B, 0x99, 0x82, 0x9E, 0xB4, 0x40, 0x66, 0xA5, 0x34, 0x8B, 0x23, 0x93, 0xEE, 0x1F,
    0x49, 0x17, 0x49, 0xB5, 0x56, 0x90, 0x9B, 0x1D, 0x3B, 0x1F, 0xE8, 0x06, 0xC6, 0x12, 0xBC, 0xB5,
    0x93, 0x34, 0xFC, 0x35, 0xF8, 0x60, 0x83, 0xED, 0x4D, 0x60, 0xB8, 0xCC, 0x5B, 0xE1, 0x86, 0x8A,
    0xC1, 0x7A, 0xF1, 0x83, 0xEF, 0xED, 0x80, 0xB0, 0x6F, 0x7E, 0xC0, 0xBB, 0x88, 0x0E, 0x1F, 0xA4,
    0x06, 0x66, 0x16, 0x5E, 0x81, 0xC8, 0x5F, 0x8A, 0xBC, 0x94, 0x98, 0xB0, 0x15, 0xD0, 0xCB, 0x8C,
    0x06, 0x0F, 0x45, 0x2D, 0xD1, 0x83, 0xB7, 0x8B, 0xBC, 0x01, 0xF4, 0xBF, 0x1B, 0x9B, 0x91, 0x61,
    0x12, 0xA1, 0x9A, 0x11, 0xCA, 0x25, 0x6F, 0xD8, 0x37, 0x9F, 0x7F, 0xBB, 0x50, 0xCE, 0x36, 0xD7,
    0x37, 0xD1, 0x8C, 0x75, 0x6E, 0xB7, 0x00, 0x3A, 0x3E, 0xC0, 0x39, 0x2C, 0x47, 0xF1, 0x40, 0x92,
    0x6A, 0x79, 0x15, 0x52, 0xCE, 0x07, 0xA2, 0x38, 0x2F, 0x95, 0xCC, 0xCB, 0x30, 0x10, 0x69, 0xDF,
    0x27, 0x08, 0xA7, 0x28, 0xA0, 0x8E, 0x70, 0x9D, 0x9E, 0xB9, 0x14, 0x59, 0xA8, 0x96, 0x7F, 0x1A,
    0x73, 0xFD, 0xBE, 0xBD, 0x9E, 0x37, 0xF9, 0xD8, 0x6D, 0x11, 0x71, 0x18, 0xC4, 0x63, 0x94, 0x1A,
    0x40, 0x6F, 0xC0, 0x26, 0xE7, 0x57, 0x17, 0x91, 0xB3, 0x2A, 0x9D, 0x62, 0x22, 0xC6, 0x73, 0xC4,
    0x8C, 0x03, 0x51, 0x0E, 0x44, 0x9F, 0x61, 0x42, 0x06, 0x00, 0xC4, 0x15, 0x22, 0x26, 0x72, 0x4E,
    0x46, 0x3E, 0x44, 0xC5, 0x28, 0x22, 0x2B, 0xBA, 0x8C, 0x4E, 0xFC, 0x24, 0x15, 0xD0, 0x35, 0xD1,
    0xF6, 0xB6, 0x6F, 0xA3, 0x0B, 0x4D, 0x44, 0x30, 0x13, 0x7E, 0xF8, 0xDA, 0x04, 0x60, 0xCA, 0x1F,
    0x2A, 0xBE, 0x8B, 0x20, 0xC2, 0xCD, 0x07, 0xBD, 0x77, 0xB1, 0x9D, 0xAA, 0x68, 0x80, 0x50, 0x00,
    0xA2, 0x3D, 0x38, 0x5B, 0x7C, 0x1B, 0xC1, 0x2D, 0x16, 0xF7, 0x10, 0xAA, 0xD1, 0xCC, 0x65, 0x92,
    0x62, 0xAA, 0x53, 0x19, 0x45, 0x6E, 0xD4, 0x89, 0x5E, 0xB4, 0xAD, 0x53, 0x4B, 0x87, 0x7A, 0x37,
    0xB9, 0x2C, 0x2D, 0x80, 0x2D, 0xEF, 0xA6, 0xDD, 0xBB, 0x89, 0xD9, 0x26, 0xEE, 0x26, 0x1D, 0x44,
    0xF9, 0xC8, 0x49, 0xAA, 0xA5, 0x4E, 0x9A, 0xB7, 0xD7, 0xA9, 0x82, 0x30, 0x67, 0xF8, 0x26, 0x06,
    0xF4, 0x16, 0xC1, 0xC7, 0xF3, 0x51, 0x15, 0x10, 0x6C, 0xE7, 0xFA, 0x86, 0x53, 0x4F, 0xBD, 0x37,
    0x3A, 0x71, 0x9A, 0x10, 0xCA, 0x76, 0xB6, 0xF1, 0x4B, 0x79, 0xB3, 0xDC, 0xF2, 0x18, 0xCC, 0x53,
    0x3A, 0xD4, 0x58, 0x74, 0x42, 0x3B, 0xDC, 0x41, 0xF2, 0x19, 0x73, 0x85, 0xF5, 0x46, 0x7A, 0x82,
    0xA5, 0x03, 0x61, 0x08, 0x9B, 0xB1, 0xA4, 0x5C, 0x81, 0x48, 0x04, 0x42, 0x8F, 0x23, 0x16, 0x3A,
    0x42, 0xDC, 0xC6, 0xA4, 0x56, 0xB4, 0x2F, 0xC5, 0x0A, 0x73, 0xEB, 0x22, 0x89, 0xB8, 0x1F, 0x65,
    0x34, 0x88, 0xFA, 0x84, 0xA1, 0xCB, 0x73, 0x6F, 0x92, 0xF6, 0x7A, 0x8F, 0xBB, 0x18, 0x2A, 0x14,
    0x33, 0x87, 0x66, 0xCC, 0xA8, 0xFA, 0x0C, 0xD3, 0x65, 0x58, 0x11, 0xCE, 0x41, 0x22, 0xF0, 0x67,
    0x24, 0x46, 0xD6, 0xA6, 0x0C, 0x26, 0x37, 0x4B, 0xC9, 0x81, 0x1B, 0x10, 0x3D, 0xE7, 0x6F, 0x05,
    0x60, 0xA8, 0x33, 0xA2, 0xBC, 0xF9, 0xCF, 0x10, 0xB9, 0x54, 0xCE, 0x1B, 0xAE, 0x5F, 0xC4, 0x19,
    0x91, 0x88, 0x29, 0xE3, 0x30, 0x66, 0xBC, 0x1A, 0x33, 0x10, 0x2B, 0x9E, 0xA1, 0xC5, 0xE0, 0xB3,
    0xD9, 0xA8, 0x8F, 0xBD, 0x8E, 0xDE, 0x0B, 0x9D, 0x47, 0x10, 0xA0, 0xAB, 0xD0, 0x8B, 0x3A, 0xCD,
    0x78, 0x40, 0x94, 0xF2, 0x83, 0x98, 0x57, 0xBE, 0x00, 0xAD, 0x56, 0x31, 0x6D, 0x96, 0x3B, 0x4B,
    0x43, 0xB9, 0x8D, 0xCB, 0x94, 0xB7, 0x71, 0x46, 0x09, 0x98, 0x54, 0x7C, 0x54, 0xB1, 0x9B, 0xE4,
    0x82, 0xB8, 0xA9, 0x79, 0x1B, 0x8B, 0xF8, 0x64, 0xBE, 0x02, 0x74, 0x5B, 0x27, 0xDF, 0x45, 0xDA,
    0x3A, 0xF9, 0x09, 0x00, 0x14, 0x1F, 0x53, 0xBB, 0x64, 0xD0, 0xCA, 0xA4, 0x56, 0xC4, 0xCD, 0x52,
    0x01, 0xA1, 0x89, 0x9C, 0x21, 0x26, 0xB9, 0x50, 0x25, 0x1E, 0xF9, 0x98, 0x87, 0x59, 0xB8, 0xF9,
    0x5C, 0x47, 0x0F, 0xD3, 0x46, 0x13, 0xCD, 0xE2, 0xFB, 0x75, 0x7E, 0x70, 0xAC, 0x81, 0xD6, 0x80,
    0x54, 0x2D, 0x57, 0xD7, 0x66, 0x8E, 0x9F, 0x0D, 0x4B, 0x86, 0xC3, 0x5D, 0x5A, 0xB9, 0x87, 0xA4,
    0x6E, 0x1C, 0x33, 0x20, 0x35, 0x7E, 0x89, 0x50, 0x41, 0x14, 0x76, 0xA8, 0xF8, 0x7C, 0x5B, 0xCD,
    0xE7, 0x48, 0x17, 0x7F, 0x2E, 0x3C, 0x04, 0xE2, 0xFB, 0x0A, 0x6F, 0xF3, 0x2F, 0x00, 0xA9, 0x92,
    0x4F, 0x19, 0x2F, 0x76, 0x19, 0x22, 0xA7, 0x98, 0x65, 0x75, 0x49, 0x02, 0xCD, 0xF8, 0xFD, 0x2C,
    0x35, 0x10, 0x36, 0x37, 0x31, 0xF8, 0xD0, 0x04, 0x84, 0x3F, 0x11, 0x04, 0x79, 0xE2, 0xE6, 0x06,
    0xE9, 0xED, 0x54, 0xF5, 0x06, 0x0C, 0x85, 0xCB, 0xDE, 0x0D, 0x8B, 0x07, 0xF0, 0xE6, 0x6B, 0x0F,
    0xDD, 0x1B, 0x66, 0x34, 0xAF, 0xE7, 0xED, 0x1B, 0x66, 0xFC, 0x92, 0x98, 0x51, 0x3E, 0x76, 0x6B,
    0x26, 0x29, 0x34, 0x90, 0x20, 0x00, 0xEF, 0x60, 0x00, 0x6E, 0x23, 0x36, 0xB3, 0x58, 0x26, 0x73,
    0x57, 0xE8, 0x38, 0xAF, 0x8B, 0x7E, 0x7D, 0x2A, 0xD0, 0x31, 0xB6, 0xBD, 0xCD, 0x94, 0xEC, 0x36,
    0x43, 0xC3, 0x7B, 0xF4, 0x3A, 0x0F, 0x32, 0x0C, 0x3A, 0x62, 0x4F, 0xB8, 0xCB, 0x94, 0x51, 0x10,
    0x32, 0x12, 0x91, 0xFB, 0x32, 0x5E, 0x68, 0xF4, 0x58, 0xC5, 0xFE, 0x1D, 0x89, 0xF1, 0x67, 0x5F,
    0xB4, 0x4A, 0x5E, 0x52, 0x8A, 0x7F, 0x32, 0x5B, 0x2C, 0x9D, 0x1C, 0xC0, 0x2E, 0x33, 0xC9, 0xDD,
    0x61, 0xAF, 0xBB, 0x80, 0xCE, 0x05, 0x17, 0x7C, 0x40, 0xA6, 0xEB, 0x49, 0x3B, 0x28, 0xE3, 0x09,
    0x07, 0x65, 0xAF, 0x47, 0xE6, 0x5F, 0x2E, 0xE0, 0x68, 0x46, 0x77, 0x1B, 0xFB, 0x0B, 0x53, 0x07,
    0xF4, 0x6C, 0xA5, 0x7F, 0x4A, 0xEB, 0x35, 0x1E, 0x66, 0x9A, 0x35, 0x2F, 0xFA, 0x35, 0xA2, 0xC5,
    0x7D, 0xC4, 0x0A, 0x47, 0xDF, 0x15, 0x08, 0x67, 0x22, 0xFE, 0xDD, 0x31, 0xD7, 0x3C, 0x18, 0xB6,
    0x6B, 0x29, 0x21, 0xC4, 0x91, 0x3F, 0xFB, 0x5C, 0xC1, 0x68, 0x9E, 0x8C, 0x86, 0x13, 0x48, 0x1D,
    0x73, 0x8D, 0x5F, 0x1A, 0x8C, 0x9A, 0xD7, 0x3D, 0x1A, 0x7C, 0x15, 0x8A, 0x67, 0x1A, 0xC2, 0x84,
    0x03, 0x90, 0x3C, 0xC1, 0xFC, 0x8C, 0x90, 0x33, 0xE2, 0xD2, 0x45, 0xBC, 0xE0, 0xF1, 0x6D, 0xB6,
    0x7B, 0x0F, 0x93, 0xA1, 0x6B, 0xD4, 0x3C, 0xF8, 0x71, 0xCC, 0x19, 0x25, 0xDE, 0x47, 0x57, 0x68,
    0x6A, 0xF3, 0x37, 0xBF, 0xC8, 0x90, 0x62, 0xC3, 0x96, 0xFD, 0x35, 0x18, 0xF5, 0x7D, 0xBE, 0xCB,
    0xA6, 0x7E, 0xC9, 0x96, 0x7F, 0x82, 0xDF, 0xF1, 0x0A, 0x4A, 0x74, 0xAB, 0xD7, 0x15, 0x4A, 0xF1,
    0x1C, 0xC4, 0x01, 0x3A, 0xC9, 0x55, 0xD2, 0xE7, 0xD5, 0xDE, 0xEC, 0x57, 0x11, 0x2E, 0xC5, 0x2A,
    0x72, 0x63, 0x95, 0xCB, 0x17, 0xE4, 0xCB, 0xAB, 0xBC, 0xE0, 0x34, 0x0D, 0x04, 0x8E, 0xF2, 0xE6,
    0xB5, 0x51, 0xE4, 0x8D, 0x36, 0x8A, 0xBC, 0x4E, 0x7C, 0x83, 0x90, 0x16, 0xFF, 0x4B, 0x20, 0x48,
    0xFB, 0x1B, 0x17, 0xA5, 0x8D, 0x66, 0x22, 0xD2, 0x05, 0xB4, 0x23, 0x47, 0xF8, 0x50, 0x66, 0xA8,
    0x87, 0x00, 0x82, 0x47, 0xA4, 0x54, 0x10, 0xD1, 0xE0, 0xF2, 0x24, 0xC1, 0xD2, 0xA9, 0x60, 0xA4,
    0x2C, 0xAF, 0xCD, 0x5A, 0x57, 0x42, 0xE5, 0x70, 0x2A, 0xFB, 0xCE, 0x6A, 0xC9, 0xE2, 0x74, 0xC8,
    0x1C, 0x3D, 0xD0, 0x03, 0x81, 0xED, 0x09, 0x5B, 0x93, 0x6A, 0x9B, 0xA4, 0xA7, 0x60, 0x1B, 0xDA,
    0x82, 0xDA, 0x57, 0x43, 0x6A, 0x74, 0x47, 0x09, 0xB5, 0xAA, 0x36, 0x85, 0x16, 0xE5, 0x80, 0x51,
    0x1A, 0x40, 0xD6, 0x54, 0xC2, 0xF6, 0xEB, 0xE7, 0xFE, 0x76, 0xDD, 0x1C, 0x46, 0x6E, 0xFB, 0xEF,
    0x3F, 0x5D, 0x53, 0x89, 0xDE, 0x76, 0x2E, 0xD8, 0xF7, 0x21, 0x35, 0xA6, 0xED, 0x1D, 0x57, 0x68,
    0x16, 0x9E, 0x55, 0x00, 0x06, 0xA9, 0x50, 0xCE, 0x66, 0x12, 0xA2, 0x4C, 0x94, 0x51, 0x5B, 0x6D,
    0xA2, 0x4A, 0x1B, 0x79, 0x22, 0xC0, 0xA9, 0x70, 0xE7, 0x89, 0x98, 0x58, 0xAA, 0x30, 0xB6, 0x96,
    0x4B, 0x95, 0x6A, 0xF6, 0xC1, 0x3B, 0xF0, 0x91, 0x2D, 0x38, 0x1C, 0xCF, 0x33, 0xFB, 0xBF, 0xDF,
    0xC2, 0x58, 0x6F, 0x96, 0xD7, 0xF8, 0xCA, 0xB4, 0xE6, 0xCD, 0xD9, 0xA1, 0x3F, 0x8D, 0xF6, 0xB1,
    0x4E, 0x37, 0xA2, 0x40, 0xDE, 0x57, 0x12, 0x75, 0x62, 0xED, 0x94, 0x6B, 0x11, 0xB3, 0x49, 0x1C,
    0x81, 0x9E, 0xFF, 0x58, 0xC3, 0x3C, 0x54, 0xB0, 0x7D, 0x97, 0xAE, 0x87, 0x73, 0x07, 0xF8, 0x3C,
    0xB2, 0xC4, 0x32, 0x5A, 0xA9, 0x47, 0x2F, 0x75, 0xF4, 0x52, 0x0E, 0x57, 0x68, 0xF5, 0xB9, 0xD9,
    0xD6, 0xC5, 0x2D, 0x19, 0x2D, 0x51, 0x12, 0x0E, 0xD8, 0xC0, 0x9F, 0x3B, 0x6C, 0xCA, 0x00, 0x44,
    0x5D, 0x47, 0xA9, 0xBE, 0x0C, 0x92, 0xB1, 0x7C, 0x32, 0x90, 0x61, 0x41, 0x07, 0x8E, 0xA8, 0x51,
    0xE0, 0x04, 0xFA, 0xA8, 0xB9, 0x47, 0x18, 0x3B, 0x65, 0x5C, 0xE9, 0x32, 0xAE, 0x66, 0xE0, 0xA8,
    0x83, 0xB3, 0x66, 0x30, 0x0B, 0xFB, 0x9B, 0xC2, 0xDF, 0xFB, 0x29, 0xE1, 0x62, 0x40, 0x6E, 0x06,
    0x1F, 0x4C, 0xE0, 0x97, 0x06, 0xED, 0xA9, 0x5F, 0xDD, 0x14, 0x20, 0x7E, 0x62, 0x40, 0x66, 0xCF,
    0xD7, 0x80, 0x34, 0x1C, 0xFA, 0xA1, 0xCD, 0xDB, 0xDF, 0xF2, 0xDC, 0xB7, 0xFF, 0x20, 0xD2, 0x91,
    0xD3, 0x49, 0x8B, 0x20, 0x05, 0xC2, 0xCB, 0x62, 0x83, 0x95, 0x56, 0x8F, 0xB4, 0xBF, 0x7D, 0x34,
    0xF8, 0xE5, 0x3B, 0x3C, 0xB5, 0x7A, 0x61, 0xC2, 0x50, 0x8C, 0x7B, 0xA6, 0x3B, 0x8B, 0x9F, 0xB9,
    0xA7, 0x7C, 0xFA, 0xBA, 0xF0, 0x72, 0x3C, 0xE2, 0x5F, 0x1D, 0x3A, 0xF7, 0xB5, 0xC1, 0xFF, 0x24,
    0xBA, 0xFF, 0x8C, 0x2F, 0x57, 0xE1, 0xD9, 0x8C, 0xC8, 0xDF, 0x89, 0xE8, 0x37, 0x86, 0x02, 0xDD,
    0xEE, 0x04, 0xA5, 0x41, 0xD7, 0xA2, 0xE3, 0x9E, 0xCF, 0xB2, 0x16, 0x90, 0x12, 0x52, 0xCF, 0xE2,
    0x47, 0xDE, 0xBE, 0x0A, 0x40, 0x2F, 0x75, 0xE6, 0x20, 0xF2, 0xE6, 0xAB, 0x33, 0xE3, 0x54, 0x95,
    0xCE, 0x79, 0x7D, 0x23, 0x96, 0x8E, 0x44, 0x94, 0xB3, 0x6A, 0xCE, 0x33, 0x32, 0x55, 0xA9, 0x5C,
    0x64, 0xCA, 0xC4, 0x61, 0x24, 0x5F, 0x8D, 0x24, 0x62, 0x9D, 0xEA, 0x59, 0x5D, 0xF8, 0xE4, 0x3B,
    0x7F, 0xFE, 0x7D, 0x48, 0x43, 0xAC, 0x88, 0x06, 0x59, 0x11, 0x0D, 0xB3, 0x22, 0x1A, 0x36, 0x3F,
    0x22, 0xCB, 0x55, 0xFC, 0x50, 0x1D, 0x1D, 0x90, 0xB2, 0xDC, 0xD2, 0xB1, 0xCC, 0x3A, 0x04, 0x15,
    0x77, 0x41, 0xF8, 0xE0, 0xA0, 0x75, 0x6C, 0x01, 0xD0, 0x16, 0xB0, 0xDD, 0x2A, 0x3F, 0x67, 0xB4,
    0x44, 0x49, 0xE8, 0x74, 0xF1, 0x44, 0xB5, 0xE8, 0x3E, 0x85, 0x9D, 0x38, 0x67, 0x16, 0x9D, 0x33,
    0x19, 0x85, 0x7E, 0x26, 0xCA, 0x58, 0x4E, 0x12, 0xE7, 0xA7, 0x26, 0xD3, 0x03, 0x23, 0x63, 0x44,
    0xDA, 0xFE, 0x7B, 0xCF, 0x4C, 0xFB, 0x7B, 0x73, 0xD7, 0x65, 0xA4, 0xD3, 0x44, 0xEB, 0x79, 0x3F,
    0xD4, 0xE8, 0x14, 0x14, 0xC7, 0xC6, 0x4C, 0xDC, 0xB3, 0x3F, 0x79, 0x8B, 0x78, 0xF1, 0x0F, 0xF4,
    0x5C, 0xB6, 0x85, 0x61, 0xCE, 0x86, 0x85, 0x49, 0x8E, 0xFF, 0x8F, 0x89, 0x41, 0x95, 0xA7, 0xC0,
    0xAB, 0xE7, 0xF2, 0xC7, 0x4A, 0x65, 0x9F, 0x5B, 0x1A, 0xB7, 0x3D, 0xCF, 0x48, 0xA5, 0xF1, 0x48,
    0xED, 0x27, 0xE2, 0xFA, 0x39, 0xFE, 0x8C, 0x58, 0x0B, 0x66, 0xE2, 0x7B, 0xBC, 0x99, 0x33, 0xDA,
    0x32, 0xB8, 0x01, 0xD2, 0x8E, 0x3A, 0x8A, 0xBA, 0x26, 0x89, 0x0D, 0x05, 0x02, 0x13, 0x8B, 0x20,
    0x08, 0xF5, 0x4C, 0x27, 0xE9, 0xFB, 0x6A, 0x91, 0xE6, 0xB8, 0x1E, 0xDD, 0x74, 0xAB, 0xB6, 0x22,
    0x6D, 0xD6, 0xCE, 0xF2, 0xA1, 0xA0, 0x42, 0xB8, 0xA2, 0x2F, 0x45, 0x99, 0xD8, 0x52, 0x7D, 0x98,
    0x44, 0xEA, 0x64, 0xED, 0xBB, 0x91, 0x17, 0x7C, 0xD9, 0xBE, 0x37, 0x64, 0x45, 0xB2, 0x0F, 0x02,
    0x75, 0x6C, 0xD7, 0x57, 0x7D, 0xB1, 0x81, 0xF6, 0x7F, 0x6F, 0x66, 0x55, 0x36, 0x4C, 0x3D, 0xD6,
    0x51, 0xA4, 0x89, 0xE5, 0x24, 0xAD, 0x20, 0x95, 0x3C, 0xAB, 0x6B, 0x73, 0xB1, 0x48, 0xAB, 0x6E,
    0x5F, 0x4C, 0x28, 0xB2, 0x74, 0x26, 0xF0, 0xEA, 0x8F, 0x59, 0xF8, 0x3A, 0xCB, 0x74, 0x62, 0x03,
    0x53, 0x06, 0xE6, 0x04, 0x83, 0x9E, 0x9E, 0x8B, 0x97, 0x68, 0x06, 0x31, 0x77, 0x81, 0xB9, 0xFF,
    0xE3, 0x29, 0x66, 0xC1, 0xED, 0x65, 0x10, 0xA9, 0x51, 0xAE, 0xF3, 0x79, 0xCD, 0xBA, 0xA7, 0x43,
    0xCA, 0x04, 0xC2, 0x4E, 0x69, 0x92, 0x90, 0x53, 0x86, 0x07, 0xB0, 0x33, 0x35, 0x53, 0x2B, 0x32,
    0x36, 0x93, 0x59, 0x6B, 0xC9, 0xE5, 0xBF, 0x49, 0x20, 0x72, 0xCF, 0xB5, 0x44, 0x56, 0x20, 0xCB,
    0x8D, 0xDD, 0x09, 0xE5, 0x9C, 0x66, 0xDE, 0x1E, 0x4D, 0xCA, 0xCC, 0xE3, 0x36, 0xFF, 0x97, 0x8C,
    0x6B, 0x44, 0x45, 0x94, 0x4F, 0x00, 0x80, 0x7C, 0x08, 0x6E, 0x3D, 0xB9, 0xB6, 0x04, 0x7E, 0x4E,
    0xAC, 0x39, 0xD6, 0xF1, 0xB1, 0xF9, 0x5F, 0xE5, 0x7D, 0x9D, 0x03, 0x16, 0xF1, 0x6C, 0x78, 0x5F,
    0x2C, 0x26, 0x06, 0x10, 0xD5, 0xED, 0x2B, 0xB2, 0xCE, 0xA1, 0xED, 0x5D, 0x3D, 0xB5, 0x89, 0x62,
    0x8F, 0x59, 0x6D, 0x94, 0xCB, 0x92, 0x95, 0x33, 0x98, 0xEA, 0xFB, 0x55, 0xB1, 0x2A, 0x97, 0x53,
    0x15, 0x84, 0x0B, 0xF5, 0x7A, 0xFC, 0xE9, 0xDF, 0xDB, 0xA8, 0xAA, 0x9F, 0x2D, 0x69, 0x7F, 0xFB,
    0x72, 0x29, 0x25, 0x6E, 0x5E, 0x0B, 0x6D, 0xBE, 0x96, 0x35, 0xAB, 0x4D, 0xDB, 0x67, 0xE9, 0x93,
    0xD7, 0x37, 0xE2, 0xD0, 0x57, 0x8C, 0x34, 0xBD, 0xC5, 0x5C, 0x43, 0xFC, 0x3B, 0xE0, 0x35, 0x0A,
    0xCA, 0x94, 0xED, 0x2C, 0x65, 0x2A, 0x21, 0xDF, 0xC9, 0x5C, 0xB4, 0x53, 0x80, 0xE3, 0x46, 0xDD,
    0x93, 0x89, 0x47, 0x2C, 0xD0, 0x55, 0xD5, 0x2C, 0xE8, 0x5B, 0x87, 0x90, 0xAD, 0x65, 0x9B, 0xB5,
    0x76, 0x8F, 0x46, 0xD4, 0x36, 0x6A, 0x1F, 0x8D, 0xA4, 0x4B, 0x24, 0x94, 0xF7, 0x97, 0x8C, 0xC3,
    0x7D, 0x64, 0x96, 0x3F, 0x25, 0xAB, 0xC0, 0xDB, 0xC8, 0xB8, 0x9F, 0x09, 0x5E, 0x71, 0xAB, 0x83,
    0xE2, 0x8A, 0xA7, 0x89, 0xEB, 0x9E, 0x7E, 0x36, 0x79, 0x8E, 0xF0, 0xD1, 0xD7, 0xB3, 0x1C, 0xA2,
    0xE7, 0x85, 0x2A, 0xAB, 0xDE, 0x17, 0xE8, 0x0C, 0x19, 0x7C, 0xAE, 0x45, 0xC2, 0xE4, 0x19, 0xF3,
    0x0F, 0xEB, 0x4D, 0xCD, 0xA8, 0xD5, 0x38, 0x33, 0xAE, 0x86, 0xBE, 0xFA, 0x0A, 0x7B, 0xEE, 0x92,
    0x19, 0x35, 0x95, 0x24, 0xB2, 0xC1, 0x07, 0xF7, 0x21, 0xE5, 0x8F, 0x3E, 0x84, 0x54, 0x77, 0x98,
    0xB2, 0x7D, 0x2B, 0xFA, 0xD0, 0x7C, 0x35, 0xBA, 0x88, 0x3B, 0x1F, 0x62, 0xC6, 0x8F, 0x7E, 0x8D,
    0x85, 0x77, 0x58, 0x68, 0x43, 0x0B, 0xE8, 0x57, 0xDB, 0x05, 0x22, 0x6F, 0x02, 0x7F, 0xEC, 0x85,
    0x7B, 0xD3, 0x5A, 0xA8, 0xEF, 0xA5, 0xB5, 0x60, 0xFE, 0x7D, 0x2B, 0x34, 0xE5, 0xB2, 0x16, 0x6C,
    0x09, 0x16, 0x74, 0xE9, 0xF6, 0x42, 0xD0, 0xAA, 0xDF, 0x26, 0xAF, 0x85, 0xE2, 0xD7, 0xC9, 0x0E,
    0x2C, 0x94, 0xB9, 0x10, 0xB5, 0xF0, 0xFD, 0xD4, 0x6A, 0xA1, 0x7E, 0x27, 0x99, 0xC4, 0x82, 0xF9,
    0xB7, 0xAD, 0xD0, 0x7C, 0x25, 0x31, 0xBB, 0x80, 0xD8, 0x43, 0xAA, 0x20, 0x2D, 0x7E, 0x86, 0x7C,
    0x30, 0xA2, 0xC3, 0x03, 0xFC, 0x2C, 0x59, 0x16, 0x7A, 0xD1, 0x89, 0xD8, 0x1F, 0x10, 0xF4, 0x7B,
    0xB2, 0xC6, 0x1C, 0xA9, 0x30, 0xD0, 0xF5, 0x9A, 0x6B, 0x91, 0xD2, 0x98, 0x89, 0x72, 0x65, 0x4D,
    0xB5, 0x81, 0x79, 0x15, 0x70, 0xE7, 0xFD, 0x19, 0x5D, 0x1E, 0x1E, 0xF7, 0x13, 0x42, 0x99, 0xCA,
    0x1F, 0x24, 0x9F, 0xA5, 0xBA, 0x9D, 0xCF, 0xB1, 0x4A, 0x26, 0x4B, 0x74, 0xC9, 0xBD, 0x97, 0x00,
    0x9F, 0x7C, 0x3E, 0x04, 0xE2, 0x74, 0x7A, 0xAA, 0x4C, 0x22, 0x8C, 0x6D, 0x51, 0xA3, 0x65, 0x1D,
    0xF4, 0x85, 0x4C, 0xD3, 0x69, 0x47, 0x68, 0xEA, 0x8C, 0x90, 0x28, 0xF6, 0x67, 0x91, 0xD2, 0xFC,
    0x2E, 0x50, 0x3C, 0xA6, 0x4C, 0x03, 0x80, 0x3D, 0x7E, 0x7F, 0x71, 0x1A, 0x41, 0x16, 0xBD, 0x69,
    0xDF, 0xE4, 0xC3, 0x54, 0x01, 0x3E, 0x51, 0x48, 0x99, 0xA5, 0x5C, 0xE8, 0x8C, 0x16, 0x9D, 0x02,
    0x9A, 0x1F, 0x34, 0x13, 0x25, 0x20, 0xB6, 0xE8, 0xED, 0xC4, 0x71, 0xC9, 0xC7, 0x3D, 0xBD, 0x20,
    0x92, 0xB9, 0xE7, 0x2F, 0xAE, 0x26, 0x0E, 0xCF, 0x03, 0xCF, 0x2A, 0x55, 0xEA, 0xBB, 0x78, 0x4E,
    0x02, 0xCD, 0x22, 0x80, 0x41, 0x8F, 0x64, 0xE7, 0xB6, 0x1C, 0x19, 0x4B, 0x1B, 0x21, 0x55, 0xCA,
    0x3C, 0x9A, 0x4C, 0x7E, 0xA6, 0xB1, 0xD1, 0x0E, 0x88, 0x98, 0xDB, 0x84, 0x7F, 0xC5, 0x52, 0xCD,
    0x16, 0x53, 0x01, 0xF0, 0x2F, 0x1F, 0x95, 0x4A, 0x68, 0xCA, 0x6A, 0xF4, 0x8E, 0xB2, 0x17, 0x9A,
    0x6D, 0x20, 0x8C, 0x72, 0x79, 0x1B, 0x24, 0x49, 0xD2, 0x3E, 0x80, 0xCA, 0xB8, 0x96, 0x04, 0xDF,
    0x0A, 0x5B, 0xC9, 0x7D, 0xA0, 0x1D, 0xA5, 0xCB, 0x70, 0x5E, 0xC2, 0x5A, 0x8B, 0x1F, 0x3F, 0xC4,
    0x3A, 0x56, 0x50, 0x4F, 0xB6, 0x67, 0xA9, 0x64, 0x29, 0xB2, 0x54, 0xA5, 0x7A, 0xDA, 0xFE, 0x35,
    0x89, 0xA5, 0xA4, 0xA5, 0xB1, 0x9E, 0x2A, 0x2D, 0xB5, 0xB1, 0x66, 0x1F, 0x71, 0xC4, 0x0C, 0x26,
    0x1D, 0xD6, 0x21, 0x13, 0x3C, 0x8E, 0x18, 0x38, 0x66, 0x04, 0x08, 0x96, 0x83, 0xC6, 0x02, 0xE8,
    0xFC, 0xA6, 0x35, 0xC4, 0x3E, 0xBC, 0xEA, 0x39, 0x6E, 0x0C, 0x4F, 0xBB, 0xCC, 0xEB, 0x52, 0x46,
    0xAA, 0xE0, 0x1F, 0x82, 0xAA, 0xFD, 0x60, 0xF3, 0x19, 0x18, 0x37, 0x05, 0xF7, 0xE3, 0xDE, 0x84,
    0x8E, 0x6A, 0x26, 0x0E, 0x9C, 0x43, 0x56, 0xDB, 0x97, 0xA9, 0x9C, 0xB3, 0x46, 0x3E, 0x18, 0x9A,
    0xD4, 0x44, 0x97, 0xEC, 0xE4, 0x60, 0x16, 0x9F, 0x5C, 0xEF, 0x71, 0x40, 0xD9, 0x9B, 0x70, 0x18,
    0xED, 0x20, 0x6F, 0x2D, 0x37, 0x45, 0xAF, 0x0A, 0x1D, 0x63, 0x05, 0x4F, 0xD9, 0x85, 0x3A, 0xB9,
    0x63, 0x35, 0xB7, 0x79, 0xFB, 0xBF, 0xEA, 0xAE, 0x1E, 0x56, 0x72, 0xEB, 0x3A, 0x1F, 0x0E, 0x77,
    0xC5, 0x58, 0xE3, 0xE4, 0xBA, 0xD0, 0x06, 0x4E, 0x8C, 0x98, 0x2E, 0x5C, 0x04, 0xB0, 0x2C, 0x36,
    0x2E, 0x54, 0xBC, 0xB7, 0x1C, 0xC9, 0x45, 0x0A, 0x37, 0x5B, 0xEC, 0x26, 0x85, 0x0B, 0xBB, 0x48,
    0x17, 0x20, 0x9B, 0x00, 0x2E, 0x1C, 0xE0, 0xED, 0x72, 0x6C, 0x01, 0x71, 0xA1, 0x22, 0x6E, 0x52,
    0x27, 0x40, 0x52, 0xC4, 0x4A, 0x21, 0x37, 0x46, 0x10, 0xE0, 0xAD, 0x49, 0xFB, 0x95, 0x29, 0x4C,
    0x21, 0x08, 0xDC, 0xC5, 0x04, 0x0C, 0xC7, 0x80, 0x5D, 0xE8, 0x5A, 0xA1, 0x1C, 0xEE, 0x2E, 0xC9,
    0x13, 0x7E, 0xDF, 0x99, 0x3B, 0xE0, 0xBC, 0xD9, 0xF7, 0xF4, 0xF6, 0x7F, 0x75, 0xF5, 0xEE, 0xF7,
    0x51, 0x9C, 0x59, 0x92, 0xF7, 0x97, 0xE7, 0x9E, 0x9F, 0x3B, 0xAC, 0x45, 0x8A, 0x62, 0x39, 0x4D,
    0x21, 0x53, 0x5E, 0x4B, 0x54, 0xE0, 0x2D, 0x3A, 0xE0, 0x69, 0x4E, 0xE5, 0x91, 0x6F, 0xA8, 0x12,
    0xA6, 0x97, 0x91, 0xEA, 0xF6, 0x5C, 0x90, 0x97, 0x7D, 0xFE, 0x9E, 0x8E, 0xE8, 0x71, 0xD1, 0x0F,
    0xD7, 0x07, 0x78, 0xDB, 0x5F, 0x96, 0x4B, 0xE2, 0xAA, 0x72, 0x15, 0x7F, 0x80, 0x6B, 0xD6, 0xF4,
    0xAA, 0xC8, 0xB0, 0xC2, 0x5E, 0xEB, 0x3A, 0x87, 0x07, 0x92, 0xA8, 0x29, 0xEA, 0xFF, 0x0C, 0x46,
    0x33, 0xCF, 0x70, 0x86, 0xCD, 0x12, 0x05, 0xB9, 0xE6, 0x74, 0x11, 0xD1, 0xED, 0x52, 0xF2, 0x69,
    0x3E, 0x2E, 0xBF, 0x0B, 0xD1, 0x02, 0xB9, 0x58, 0x8F, 0x09, 0x2B, 0xB5, 0x5E, 0xDE, 0x8D, 0xAD,
    0xBF, 0xC3, 0xAD, 0x2C, 0x1F, 0x37, 0x44, 0x9F, 0x88, 0xBC, 0x41, 0x85, 0x49, 0x5E, 0x9F, 0x43,
    0x55, 0xA0, 0x61, 0xA2, 0xA2, 0x5A, 0x8C, 0xA2, 0xB8, 0xA9, 0xF2, 0x3F, 0x29, 0x1A, 0xFD, 0x0A,
    0x54, 0x16, 0x6C, 0x0D, 0xBC, 0xF9, 0xEE, 0x0A, 0x92, 0xCA, 0x3E, 0x51, 0xD3, 0x44, 0x0D, 0x53,
    0x30, 0x0D, 0x86, 0x94, 0xAC, 0xCF, 0x86, 0xA2, 0x4B, 0xBE, 0xDD, 0x14, 0x7D, 0xF2, 0x56, 0x9B,
    0x4C, 0xD0, 0xC7, 0x7D, 0xB2, 0x26, 0x1C, 0x01, 0x0E, 0xCE, 0x85, 0x6E, 0x31, 0x26, 0xDF, 0xF2,
    0x53, 0x57, 0x7F, 0x9B, 0x1E, 0x43, 0x6B, 0x59, 0xF2, 0x9E, 0x9F, 0x39, 0xE7, 0x6E, 0x84, 0xB9,
    0xEB, 0x8F, 0xA9, 0x7F, 0x20, 0x48, 0x35, 0x42, 0x2D, 0x00, 0xFE, 0xA8, 0x36, 0x40, 0x2B, 0xCF,
    0x8D, 0x82, 0xC5, 0x6F, 0x3D, 0x65, 0x69, 0xDA, 0x7A, 0x39, 0xEB, 0x16, 0x3E, 0x25, 0x46, 0xFF,
    0xB4, 0x6F, 0x3E, 0x1C, 0x37, 0xD7, 0x71, 0xBC, 0xA6, 0x9D, 0x94, 0x4D, 0x9C, 0x85, 0xF6, 0x3B,
    0x8E, 0xF8, 0xE5, 0x48, 0xFF, 0x49, 0xD7, 0xA6, 0x1E, 0xAE, 0x2C, 0x79, 0x1D, 0x0F, 0x90, 0xA2,
    0xCB, 0xFF, 0x8E, 0x95, 0xE9, 0xBE, 0x6A, 0x59, 0xFD, 0x9B, 0xE2, 0x1C, 0x3E, 0xCB, 0x1B, 0xB3,
    0xDA, 0x25, 0x4A, 0x6D, 0xD3, 0x0A, 0xEA, 0x0F, 0x1C, 0xE6, 0x35, 0x50, 0xBD, 0xC3, 0x94, 0xEB,
    0x97, 0x13, 0xFA, 0x9A, 0x8E, 0xC0, 0xB4, 0xF5, 0xAF, 0xD1, 0x3C, 0x8E, 0x7D, 0x2B, 0x23, 0x5E,
    0xA5, 0xFD, 0xFB, 0x80, 0x6B, 0x8F, 0x23, 0xA0, 0xEF, 0x18, 0xD7, 0xD5, 0x72, 0x49, 0xE2, 0x81,
    0x23, 0x30, 0xA1, 0xEC, 0x10, 0x9B, 0x24, 0x41, 0x14, 0x5D, 0x13, 0xED, 0xE1, 0x71, 0x04, 0xE7,
    0x99, 0x09, 0x5C, 0x0F, 0x01, 0x16, 0xEF, 0x93, 0x43, 0x4C, 0xD0, 0xC7, 0xB8, 0x31, 0xA7, 0x0F,
    0x14, 0xFD, 0x4D, 0xC0, 0x09, 0x2C, 0x53, 0x27, 0x98, 0x8E, 0x7F, 0x0A, 0xB0, 0xDA, 0xC0, 0xAD,
    0x00, 0xCB, 0xAD, 0x10, 0x7F, 0x9D, 0x36, 0x66, 0xCD, 0x70, 0xE7, 0xFC, 0x6D, 0xFA, 0xA2, 0x9E,
    0x74, 0xF4, 0xEB, 0x3C, 0xA6, 0xEC, 0xFE, 0x8A, 0x58, 0x7A, 0xCE, 0xE5, 0xBE, 0x7C, 0xED, 0x3A,
    0xD6, 0x51, 0x14, 0x62, 0x0A, 0x08, 0xFE, 0x29, 0x0A, 0x95, 0xC0, 0x13, 0x96, 0xEB, 0x8B, 0x27,
    0x5F, 0x35, 0xF3, 0x94, 0xAA, 0xDF, 0xD6, 0xC2, 0x48, 0xC6, 0x45, 0xED, 0x49, 0x29, 0x38, 0x36,
    0x76, 0xD4, 0x31, 0x58, 0x8F, 0x25, 0x15, 0xD7, 0x95, 0xFA, 0x65, 0xAD, 0x70, 0xD4, 0xAB, 0x7E,
    0x67, 0x73, 0x94, 0xF5, 0x32, 0x4A, 0xE1, 0x4D, 0x41, 0x76, 0x0C, 0xE1, 0x70, 0x39, 0x2C, 0x7B,
    0xE9, 0xA4, 0x9C, 0x8E, 0xF0, 0x6A, 0xF4, 0x76, 0x6E, 0xA1, 0x91, 0xB7, 0xEF, 0x09, 0xBC, 0x52,
    0xF9, 0x6F, 0x45, 0xDF, 0xAA, 0x36, 0x47, 0xC5, 0x7F, 0x84, 0xA3, 0xFC, 0x67, 0xAB, 0x8D, 0xD3,
    0x62, 0xA6, 0xE1, 0x59, 0x9C, 0x86, 0xE7, 0x73, 0x43, 0x90, 0xA3, 0xA9, 0x2A, 0xA0, 0x5A, 0x3A,
    0xEE, 0x82, 0x70, 0x19, 0x87, 0x52, 0xCD, 0x8E, 0x5C, 0xBD, 0x2D, 0x74, 0x15, 0x8E, 0xCA, 0x95,
    0xB1, 0xE4, 0x03, 0xC9, 0x16, 0xD1, 0xB3, 0x54, 0x0E, 0xB1, 0x0E, 0xE9, 0x98, 0x60, 0x61, 0x39,
    0x64, 0xEA, 0xDA, 0xCC, 0xAB, 0x8F, 0x3B, 0xCC, 0xFC, 0x79, 0x13, 0xFB, 0xBC, 0x4E, 0xFA, 0xDC,
    0xC7, 0x35, 0x56, 0xAD, 0x69, 0x9B, 0x54, 0x13, 0x8F, 0xAE, 0x87, 0xF8, 0x18, 0xC3, 0xD8, 0xBA,
    0x02, 0x4F, 0x9F, 0x08, 0xCE, 0x2F, 0xF4, 0xEA, 0x66, 0x15, 0x7C, 0x20, 0x39, 0xED, 0xC9, 0xC7,
    0x7C, 0xE9, 0x49, 0x81, 0x42, 0xBA, 0x96, 0xCE, 0x95, 0x0C, 0x85, 0xE2, 0x20, 0xE7, 0x03, 0x53,
    0xA5, 0x14, 0x3C, 0x66, 0xB2, 0xB5, 0x71, 0x6E, 0x24, 0x23, 0x20, 0x38, 0xC2, 0x50, 0x00, 0x24,
    0xDB, 0x69, 0xB7, 0xDA, 0xC6, 0xC2, 0x98, 0xC7, 0x45, 0x69, 0x72, 0x40, 0xF1, 0x33, 0xA8, 0x2A,
    0x2F, 0xDB, 0xD4, 0x12, 0x29, 0x6F, 0xC6, 0x16, 0x0C, 0x58, 0x53, 0xC2, 0x69, 0x8A, 0x06, 0x58,
    0x12, 0x0B, 0x43, 0x0F, 0xCC, 0x81, 0xB5, 0x7D, 0x3F, 0x23, 0xF2, 0x3A, 0xF0, 0x14, 0xA1, 0xC8,
    0x7F, 0x13, 0xC2, 0x26, 0xEF, 0x45, 0x3D, 0x58, 0x78, 0x06, 0x49, 0x57, 0x40, 0x40, 0xE2, 0xCD,
    0x86, 0x49, 0x65, 0xAD, 0xB8, 0xDF, 0xFE, 0x1A, 0x2D, 0x8B, 0x69, 0x92, 0xFE, 0x30, 0x58, 0x15,
    0x96, 0x13, 0xAC, 0x14, 0x0B, 0x43, 0x42, 0x39, 0xC1, 0x0A, 0xE7, 0xB8, 0x8C, 0xB1, 0x2F, 0xA7,
    0xBF, 0xF9, 0x4E, 0x8F, 0xDA, 0x62, 0x55, 0xAD, 0x37, 0x17, 0x8D, 0x2C, 0x8A, 0x46, 0x57, 0xA4,
    0x58, 0x07, 0x1E, 0x40, 0x3D, 0x47, 0x8E, 0x8C, 0x3F, 0xE1, 0xFE, 0x76, 0xBD, 0xE3, 0x89, 0x14,
    0x6F, 0x38, 0x59, 0x19, 0xFF, 0x91, 0xCC, 0x53, 0xA6, 0xEB, 0xA5, 0x36, 0x12, 0xD1, 0x9B, 0x0C,
    0x86, 0x3D, 0xE7, 0x8B, 0x1F, 0x21, 0xAA, 0x6A, 0xE9, 0xCB, 0x15, 0xEA, 0x20, 0xF1, 0xB9, 0xC0,
    0xE6, 0x14, 0xAF, 0x9D, 0xE4, 0xAC, 0x1F, 0x8C, 0x92, 0xC0, 0x45, 0xB3, 0xCB, 0x25, 0x78, 0x7E,
    0x3E, 0x7C, 0x7F, 0x9F, 0x63, 0xBC, 0x38, 0xD3, 0x4E, 0xDC, 0xDA, 0x16, 0xD5, 0x69, 0x6D, 0x0B,
    0x7C, 0xF8, 0x6B, 0xE0, 0x79, 0x3A, 0xAE, 0x1A, 0x32, 0xAD, 0x53, 0xCE, 0x32, 0xD7, 0xF9, 0x27,
    0xF2, 0xB2, 0x95, 0xAE, 0x18, 0x49, 0x14, 0x7B, 0x65, 0xF1, 0x61, 0xD9, 0x83, 0xEA, 0xFF, 0xE9,
    0x04, 0x4C, 0x14, 0xD9, 0xD0, 0x37, 0x88, 0x71, 0x2D, 0x7B, 0xA9, 0x6C, 0x23, 0xF6, 0x9A, 0x11,
    0x11, 0x8D, 0xCE, 0x97, 0xCE, 0x2B, 0x56, 0xE6, 0xAE, 0x46, 0x0C, 0xD3, 0x61, 0x3C, 0x41, 0x51,
    0x71, 0xCC, 0x94, 0x24, 0xAF, 0x3B, 0x54, 0xCE, 0xA9, 0xC9, 0x2B, 0xF9, 0x3E, 0x97, 0xF5, 0xD2,
    0x4A, 0x51, 0xA5, 0x5D, 0x32, 0x62, 0xCD, 0xA6, 0x26, 0x07, 0xEB, 0x98, 0x68, 0xCB, 0xEE, 0x7E,
    0x65, 0xD3, 0x66, 0xF5, 0x9C, 0x97, 0xF1, 0x9B, 0xDB, 0x31, 0xFB, 0xF1, 0x53, 0x82, 0x98, 0xFD,
    0x64, 0x4B, 0x8B, 0xAA, 0xFE, 0xBE, 0xEC, 0xA6, 0x67, 0xAE, 0x27, 0xB1, 0xC4, 0x38, 0xD5, 0x82,
    0xB6, 0x60, 0x81, 0xA5, 0x5D, 0xF2, 0x1A, 0xD6, 0x29, 0x0C, 0xEC, 0xCF, 0x52, 0xD6, 0x30, 0x28,
    0x08, 0x5B, 0x37, 0xE6, 0x82, 0xC0, 0x4F, 0xE7, 0x2E, 0xCB, 0xA8, 0xAE, 0xED, 0x5B, 0x46, 0xEB,
    0xCF, 0x89, 0x29, 0xD5, 0x1D, 0x00, 0x9F, 0xEF, 0x41, 0xDE, 0xCE, 0x15, 0x8F, 0x48, 0x65, 0x70,
    0x0C, 0x40, 0xA9, 0xA6, 0x5C, 0x65, 0x55, 0x59, 0xFD, 0x81, 0x94, 0xA7, 0x2C, 0xE1, 0xA5, 0x49,
    0xB5, 0x66, 0x57, 0xEA, 0x2E, 0xD3, 0x3C, 0x4B, 0x05, 0x7C, 0x32, 0xE5, 0xF8, 0x41, 0x39, 0xCC,
    0xEE, 0x8B, 0x86, 0xFD, 0xFC, 0x00, 0xD5, 0xF8, 0x0F, 0x2B, 0x49, 0xB9, 0x70, 0xB6, 0x38, 0xB2,
    0x69, 0x45, 0xF9, 0xA9, 0xB8, 0x3E, 0xBA, 0xEA, 0x2A, 0xAE, 0x1D, 0x96, 0x6A, 0xEF, 0x6A, 0xFA,
    0x56, 0xFC, 0x66, 0x90, 0xB8, 0x7E, 0x95, 0x13, 0x46, 0x22, 0xB3, 0x74, 0x2B, 0x87, 0xA3, 0x5E,
    0x7F, 0x5B, 0x64, 0x23, 0x4C, 0x94, 0x9E, 0x41, 0x9D, 0x83, 0xAE, 0x5F, 0x13, 0x91, 0x57, 0xC7,
    0xEE, 0x9B, 0xA9, 0xBC, 0x5E, 0x66, 0x5F, 0x6C, 0xAD, 0xBA, 0xC7, 0x15, 0xCD, 0xD9, 0xF9, 0x67,
    0xB4, 0x3A, 0x44, 0xBF, 0x9C, 0xA5, 0x85, 0x6E, 0xDB, 0x64, 0x73, 0xDE, 0x45, 0x8D, 0x1D, 0xFC,
    0xAE, 0x84, 0x28, 0xC6, 0xD9, 0x7B, 0x20, 0x69, 0xF9, 0x68, 0xB4, 0xCE, 0x2C, 0x7E, 0x01, 0x89,
    0xE6, 0xF0, 0x6B, 0xB2, 0xA8, 0x5E, 0x15, 0x91, 0xBF, 0x8A, 0x57, 0xF2, 0x30, 0xC9, 0x35, 0xA4,
    0x65, 0x53, 0xF4, 0x3C, 0xC8, 0xFB, 0xBB, 0x7F, 0xC9, 0x83, 0x7F, 0xBF, 0xD9, 0x38, 0x1E, 0xF8,
    0xA5, 0x3C, 0x54, 0xFA, 0xC3, 0x15, 0x4A, 0x34, 0x3D, 0xB5, 0x85, 0x00, 0x0D, 0x12, 0xDD, 0xC3,
    0xA5, 0xF3, 0x52, 0x62, 0x3E, 0xE1, 0x37, 0x92, 0xDD, 0x27, 0x64, 0xED, 0x99, 0xE5, 0x9C, 0x4C,
    0xEB, 0x39, 0xD3, 0xEF, 0x89, 0xB7, 0x83, 0x4B, 0x5B, 0x75, 0x76, 0xB4, 0x7D, 0xEE, 0x6D, 0x85,
    0x84, 0x83, 0xAB, 0xDB, 0x86, 0x21, 0xBE, 0x1C, 0xFC, 0x92, 0xDD, 0x0A, 0x07, 0x9F, 0xA6, 0xCF,
    0xE9, 0x75, 0xBE, 0x21, 0x63, 0x94, 0x99, 0x01, 0xB2, 0x6D, 0x30, 0xF5, 0x77, 0xE1, 0x02, 0x5E,
    0x2E, 0x9C, 0xFE, 0xC6, 0xE8, 0x75, 0x09, 0x55, 0xD7, 0xA4, 0x9B, 0x03, 0x88, 0x67, 0x48, 0xD1,
    0x1D, 0x79, 0xF8, 0xE4, 0x82, 0x19, 0x3F, 0x0B, 0x3A, 0xC1, 0xB4, 0x42, 0x57, 0xDF, 0xBC, 0xB4,
    0xCA, 0xB5, 0xE4, 0x2C, 0xC1, 0xE7, 0x21, 0x0C, 0x44, 0x3E, 0x58, 0xA5, 0xED, 0xE0, 0x08, 0x80,
    0xD4, 0x87, 0x83, 0x76, 0xC3, 0x3B, 0xFD, 0x68, 0xE1, 0xDD, 0x3A, 0x04, 0x39, 0xC5, 0x3D, 0x5E,
    0xD2, 0x58, 0xB2, 0x3E, 0xFF, 0xF0, 0xA6, 0x10, 0x43, 0xA3, 0xB3, 0x16, 0x3D, 0x24, 0x1E, 0x13,
    0xFB, 0xF0, 0x02, 0x63, 0xDB, 0x31, 0x3D, 0x53, 0x47, 0xB1, 0x01, 0x57, 0x19, 0xB7, 0x8E, 0x15,
    0x47, 0xE1, 0x99, 0x22, 0xCE, 0xF0, 0x9E, 0xB0, 0x3B, 0xAC, 0x67, 0xF0, 0x05, 0x7D, 0x67, 0x65,
    0xAB, 0xCC, 0x85, 0xAE, 0xCE, 0xF7, 0xE4, 0xD5, 0x09, 0x16, 0x16, 0x2F, 0xBA, 0xEF, 0xC4, 0x6B,
    0x50, 0x34, 0xB1, 0xB2, 0xD2, 0x4C, 0xCF, 0x05, 0x93, 0xCD, 0x53, 0xD4, 0x35, 0x7B, 0x99, 0x47,
    0xD5, 0x2C, 0xE6, 0x4E, 0xC6, 0x80, 0xF0, 0x54, 0x3C, 0xFA, 0x34, 0xCE, 0x1D, 0xE0, 0x53, 0x07,
    0xFB, 0xA1, 0x0E, 0xA1, 0x58, 0xE2, 0x01, 0xDF, 0x04, 0x7C, 0xEA, 0xEC, 0xA8, 0x9A, 0x02, 0xCE,
    0xB0, 0xC5, 0x30, 0x1D, 0x3A, 0xFD, 0xA5, 0xAE, 0xCC, 0x1B, 0x8B, 0xAF, 0x28, 0x38, 0x58, 0xC3,
    0xF3, 0x8A, 0xD0, 0xCC, 0xE1, 0xD2, 0x74, 0x6E, 0x3C, 0x2C, 0xAA, 0x44, 0x53, 0x9D, 0xE0, 0xEF,
    0x74, 0x6D, 0xDE, 0x58, 0x43, 0xD9, 0x4F, 0x70, 0x19, 0x60, 0xCB, 0xA6, 0x4F, 0x02, 0x36, 0x4B,
    0xA2, 0x52, 0xBD, 0x41, 0x48, 0x29, 0x07, 0x9D, 0xC9, 0xD8, 0x05, 0x42, 0x0E, 0x90, 0xA9, 0x24,
    0x7D, 0x8C, 0x8C, 0xD2, 0xA1, 0x70, 0x2C, 0x9B, 0x2C, 0xD6, 0x14, 0x39, 0x99, 0x97, 0x55, 0x41,
    0x57, 0x0F, 0x0B, 0x74, 0x88, 0x2F, 0x98, 0x93, 0xAD, 0xD1, 0xDA, 0xEF, 0x6C, 0x52, 0x22, 0x0C,
    0x57, 0x5D, 0xCE, 0x63, 0x56, 0xF7, 0xBA, 0x1F, 0xDF, 0xF7, 0xAB, 0xB3, 0xBB, 0xDF, 0xD9, 0x6D,
    0x62, 0xD6, 0x75, 0xBF, 0x1C, 0x13, 0x1F, 0x8F, 0xD1, 0x94, 0xC5, 0x32, 0x3F, 0xEB, 0xA4, 0xD4,
    0xFE, 0xA3, 0x1F, 0x74, 0x83, 0x7C, 0x54, 0x6A, 0x90, 0x89, 0xF1, 0x0C, 0x45, 0x4E, 0xE1, 0xF7,
    0x88, 0x3A, 0x00, 0xFF, 0x55, 0xF9, 0x9D, 0xC2, 0x03, 0xD3, 0x1E, 0xE8, 0x88, 0x89, 0x02, 0xE3,
    0x80, 0x21, 0x20, 0xEC, 0xEE, 0x84, 0x85, 0xB5, 0x9F, 0x08, 0xF0, 0x77, 0xF8, 0x48, 0xB7, 0xB8,
    0x66, 0xB2, 0x9D, 0x11, 0xE8, 0x9B, 0x6D, 0x43, 0x52, 0x5C, 0xD0, 0xA9, 0x58, 0x69, 0x69, 0x60,
    0xC1, 0x8A, 0x95, 0x03, 0x8B, 0xE0, 0x77, 0x3C, 0x63, 0xF4, 0xBB, 0x00, 0x14, 0x3B, 0x31, 0xFF,
    0xE6, 0xD5, 0x6C, 0xE8, 0x8C, 0x52, 0xC2, 0x4C, 0x5B, 0x56, 0xA5, 0x9A, 0x04, 0x4C, 0xD0, 0x4A,
    0x8E, 0x20, 0x56, 0x40, 0x4D, 0x26, 0x1A, 0xEA, 0x4E, 0x1C, 0xDC, 0xDF, 0xEB, 0x25, 0xBD, 0x66,
    0x8A, 0x16, 0xAC, 0xFE, 0x36, 0xD7, 0x45, 0xF7, 0x9B, 0x2F, 0x65, 0xE8, 0xEE, 0x55, 0x25, 0x6E,
    0x62, 0x2C, 0xEB, 0x12, 0x93, 0xFC, 0xE0, 0xAC, 0x49, 0x15, 0x44, 0xE4, 0xF3, 0x9A, 0x73, 0x63,
    0x97, 0xD7, 0x1E, 0x9C, 0x17, 0xBF, 0x0E, 0xA6, 0x9C, 0x9E, 0x3D, 0xBD, 0xFC, 0x35, 0xE3, 0x81,
    0xDB, 0xBC, 0xB6, 0x78, 0xE0, 0xBC, 0x36, 0xA5, 0x60, 0x6E, 0x0B, 0x39, 0x5C, 0xAF, 0x35, 0x77,
    0x7B, 0x87, 0xD2, 0x4C, 0x3C, 0x81, 0xEB, 0xC1, 0xBA, 0xD2, 0xF6, 0x25, 0x1D, 0x45, 0x3B, 0x7A,
    0x50, 0x23, 0x00, 0x89, 0x29, 0xD9, 0xB0, 0x04, 0x3E, 0x06, 0xCC, 0x5E, 0x3F, 0x07, 0xBB, 0x0C,
    0xB1, 0x25, 0xD3, 0xDA, 0x35, 0xA5, 0xCF, 0xB5, 0xC9, 0xDB, 0x3B, 0xB0, 0xDB, 0x0C, 0xED, 0x97,
    0x0E, 0xE3, 0x71, 0xE1, 0xBF, 0x2E, 0x2E, 0x1E, 0x31, 0x1E, 0x92, 0x93, 0x11, 0x25, 0x8C, 0x7F,
    0x3E, 0x5E, 0xB5, 0x80, 0x66, 0xEB, 0x83, 0x5C, 0x4E, 0x16, 0x3F, 0x1F, 0x33, 0xEA, 0x38, 0x46,
    0xB6, 0xF9, 0x97, 0xC7, 0x64, 0x30, 0xAD, 0x3B, 0x3A, 0x01, 0x27, 0x42, 0x84, 0x62, 0xD5, 0xE5,
    0x00, 0x85, 0x66, 0x93, 0x8E, 0xC2, 0xF4, 0xC3, 0x1D, 0xC9, 0xE0, 0x35, 0xA3, 0xCF, 0x3E, 0x88,
    0x4A, 0x6A, 0x56, 0x15, 0xAA, 0x36, 0xF4, 0x4F, 0xBF, 0x98, 0xA0, 0xC1, 0xCA, 0x16, 0x10, 0xC6,
    0xC4, 0x48, 0x31, 0x97, 0x86, 0x2B, 0x40, 0x83, 0xD8, 0xB0, 0x79, 0x84, 0xF3, 0x4B, 0x80, 0x7C,
    0x85, 0xBA, 0x5D, 0xE3, 0xA8, 0x62, 0x07, 0xC3, 0x23, 0x6E, 0x22, 0xC5, 0x6B, 0x8A, 0x6E, 0xA1,
    0xDE, 0x6E, 0x87, 0xF5, 0xFC, 0x4B, 0xE1, 0xC2, 0xF4, 0x43, 0x8A, 0xD4, 0x3C, 0x51, 0x5C, 0x93,
    0x37, 0x0E, 0xA1, 0x69, 0x53, 0xE6, 0xE6, 0x3C, 0x57, 0x74, 0x2D, 0x25, 0x6F, 0xBF, 0x46, 0x3B,
    0x46, 0x70, 0x1D, 0x43, 0xBB, 0x4A, 0xEA, 0x73, 0x78, 0xF0, 0xDE, 0xC3, 0xD4, 0x37, 0x9A, 0xB8,
    0x40, 0x2D, 0x7E, 0x2B, 0x12, 0x75, 0xD3, 0xC0, 0x6F, 0xF1, 0x75, 0xAE, 0xAF, 0x68, 0x14, 0x00,
    0x26, 0x1C, 0x24, 0xEE, 0xFD, 0x15, 0xEC, 0x1F, 0x89, 0x30, 0x78, 0x10, 0xD8, 0x12, 0x3D, 0x30,
    0xAE, 0x81, 0xCB, 0x0A, 0x58, 0x6C, 0xDE, 0x4D, 0xC0, 0xB2, 0x07, 0xBA, 0x61, 0x1B, 0x35, 0x8C,
    0xD7, 0x81, 0x99, 0x0A, 0x81, 0x45, 0x03, 0xC4, 0x0A, 0x96, 0xA3, 0x74, 0x32, 0x01, 0x3A, 0x46,
    0x0D, 0x2F, 0xB4, 0x66, 0x79, 0x89, 0x4B, 0x62, 0x7C, 0x06, 0xB2, 0x86, 0x53, 0x58, 0x06, 0x31,
    0x1C, 0xE4, 0x5E, 0x1B, 0x8F, 0x71, 0xF3, 0x8F, 0xF1, 0x00, 0x85, 0xDC, 0xE0, 0xB8, 0x12, 0xA3,
    0x6F, 0x1A, 0x40, 0xEB, 0xE0, 0xB5, 0x90, 0xF6, 0xF8, 0x14, 0x90, 0x20, 0x80, 0x2C, 0xD6, 0x75,
    0x81, 0x5E, 0x81, 0xAB, 0xF4, 0xDB, 0x3E, 0x4B, 0x38, 0xDE, 0xB5, 0xAC, 0x1F, 0x6C, 0x6D, 0xA8,
    0x45, 0x35, 0xA1, 0x6D, 0x9F, 0x10, 0xDF, 0xAF, 0x31, 0xC1, 0x7C, 0xAB, 0x02, 0xA2, 0x90, 0xAF,
    0x1F, 0x02, 0x8F, 0x0E, 0x88, 0x2D, 0xF0, 0xB6, 0x07, 0x96, 0x15, 0x50, 0x3B, 0x1E, 0x2B, 0xB0,
    0xD0, 0x15, 0xBE, 0xA3, 0x15, 0xB0, 0x6C, 0xF0, 0x6F, 0xF3, 0xDD, 0x49, 0x0B, 0x06, 0x43, 0x45,
    0xD5, 0x2C, 0x14, 0x6B, 0x06, 0x29, 0x26, 0xAC, 0x93, 0xB6, 0xD4, 0x3A, 0x43, 0x00, 0xE2, 0xED,
    0xE3, 0x78, 0xF8, 0x7A, 0xFB, 0xF9, 0x78, 0xF8, 0x00, 0xE5, 0xFA, 0x3F, 0x94, 0x5A, 0x57, 0xDB,
    0xD5, 0x12, 0xCE, 0x69, 0x8F, 0x0F, 0xC6, 0x09, 0xFE, 0x97, 0x93, 0x0F, 0xA7, 0x1C, 0xAD, 0x61,
    0xFD, 0x34, 0xE3, 0xE7, 0x59, 0x0D, 0x5D, 0x68, 0x7F, 0x80, 0x57, 0xC1, 0x3F, 0x3F, 0x8D, 0x86,
    0x0E, 0xE1, 0xE1, 0x61, 0x3D, 0x07, 0x6D, 0x3F, 0x20, 0x01, 0xFC, 0x05, 0x26, 0x73, 0x65, 0xA3,
    0x6D, 0x5C, 0x61, 0xD2, 0x7A, 0x82, 0xC2, 0x4F, 0x30, 0xB6, 0xF1, 0xC0, 0x16, 0x4E, 0xCE, 0x6D,
    0x61, 0x73, 0x49, 0xD9, 0xF8, 0x21, 0x26, 0xE3, 0x22, 0xB4, 0x30, 0xAA, 0xAD, 0x54, 0x45, 0x44,
    0x36, 0xC8, 0x8D, 0x82, 0xE9, 0x21, 0xFF, 0x21, 0x3C, 0x86, 0xE4, 0xF8, 0x93, 0x0C, 0xEC, 0xF0,
    0x0C, 0xED, 0x58, 0x34, 0xEC, 0x09, 0x71, 0x45, 0x5A, 0xAE, 0x49, 0xA9, 0x80, 0x86, 0x63, 0x92,
    0x2A, 0x3F, 0x1B, 0x4B, 0x6F, 0x9F, 0x75, 0x24, 0xD7, 0x93, 0x12, 0x25, 0xF1, 0xE5, 0xC8, 0x28,
    0x70, 0xA3, 0x9A, 0x36, 0x1E, 0x2A, 0xC7, 0xB4, 0x49, 0x15, 0xC5, 0xF4, 0xA6, 0xE2, 0xAF, 0xD2,
    0x5A, 0x27, 0x54, 0x3F, 0x2C, 0xC7, 0xE8, 0x9E, 0xEF, 0x97, 0x7D, 0x5C, 0xD7, 0xDD, 0xB2, 0x77,
    0x6B, 0xB9, 0xB6, 0xE4, 0x8D, 0x97, 0xFD, 0x11, 0x50, 0x47, 0xA2, 0x56, 0x38, 0x53, 0x78, 0x60,
    0xDE, 0x02, 0x5D, 0x0F, 0x84, 0x80, 0xE0, 0x06, 0xDC, 0xB7, 0xD4, 0x1F, 0x69, 0x4B, 0xCB, 0x58,
    0xC7, 0xE8, 0xD3, 0x9E, 0x88, 0x47, 0x32, 0x79, 0x31, 0xC2, 0xC1, 0xF9, 0xA8, 0x1A, 0xF0, 0x42,
    0xDF, 0xDF, 0x8B, 0x36, 0x2F, 0x70, 0x53, 0x0E, 0xA4, 0x88, 0x18, 0x62, 0x3E, 0xF7, 0xF0, 0xD5,
    0x30, 0x98, 0xFF, 0x53, 0xC7, 0x72, 0x02, 0x5D, 0xAA, 0x28, 0x64, 0x86, 0x82, 0x2D, 0x3F, 0x07,
    0x55, 0x25, 0xEC, 0x7D, 0x00, 0xC0, 0xEB, 0xB4, 0xA1, 0xF8, 0xCD, 0xAB, 0xE0, 0x9A, 0x84, 0x7C,
    0x0B, 0xD9, 0x2E, 0x08, 0x2B, 0x45, 0x3B, 0x23, 0xAB, 0x9C, 0x55, 0x6F, 0x25, 0x39, 0x36, 0x3A,
    0x32, 0x3A, 0x30, 0x92, 0xD3, 0xA4, 0x3A, 0x27, 0x89, 0x1E, 0x8A, 0xAC, 0xB2, 0xC4, 0x6A, 0x4B,
    0xAC, 0xBA, 0x58, 0x0B, 0x9B, 0x02, 0x8C, 0xA8, 0x87, 0xFA, 0x36, 0x2B, 0xE2, 0x6A, 0x3C, 0x6C,
    0xF1, 0x15, 0x22, 0x25, 0xF2, 0x80, 0x76, 0x66, 0x1F, 0x59, 0x25, 0xC2, 0x3A, 0x11, 0xAB, 0x94,
    0x10, 0x95, 0x1B, 0x38, 0xD6, 0x20, 0xE7, 0xE1, 0xEF, 0x21, 0xF9, 0x7B, 0xC6, 0xF6, 0xDA, 0xA2,
    0xEC, 0xB5, 0x26, 0x4B, 0xE1, 0x8D, 0xD3, 0xCE, 0xD8, 0xF5, 0xC6, 0xC9, 0x68, 0x1C, 0x6B, 0xE0,
    0x10, 0x8E, 0x9C, 0xA1, 0x0D, 0xBA, 0x58, 0x0B, 0xED, 0x0B, 0x34, 0x85, 0x30, 0x81, 0x29, 0x91,
    0x0D, 0xE0, 0x3B, 0xE2, 0x7A, 0x30, 0x8C, 0xC3, 0x60, 0x98, 0x1D, 0xC1, 0x05, 0x25, 0xB3, 0x60,
    0xEF, 0x32, 0xE9, 0x6C, 0x77, 0xC3, 0xAC, 0xE5, 0xC0, 0xE1, 0x47, 0xA9, 0xEB, 0x1C, 0xD2, 0xD6,
    0x48, 0xED, 0xA4, 0x56, 0xA4, 0xBC, 0x21, 0x65, 0x9E, 0x84, 0xB0, 0xC3, 0x89, 0x5C, 0x0B, 0xA7,
    0xAE, 0xDE, 0xB5, 0xA5, 0xFE, 0x0C, 0x24, 0x48, 0x1B, 0x4A, 0x3D, 0x8E, 0x57, 0x19, 0x28, 0xAF,
    0xF2, 0x06, 0x54, 0x53, 0xB4, 0x73, 0xBA, 0x91, 0x58, 0xB7, 0xAB, 0xD2, 0x44, 0x07, 0x2B, 0x01,
    0xCE, 0xAE, 0x2F, 0x8B, 0x15, 0x95, 0x56, 0x8E, 0x4E, 0xE8, 0xF2, 0xCD, 0x70, 0x75, 0x28, 0x8F,
    0x5D, 0x97, 0x37, 0x85, 0xCF, 0x3C, 0x14, 0xC3, 0xF9, 0x84, 0x25, 0x91, 0xC7, 0x2D, 0x71, 0xFB,
    0x5F, 0xD6, 0x02, 0xF1, 0x7D, 0x38, 0x1B, 0x97, 0xD5, 0xB2, 0x8F, 0x47, 0xD4, 0xF3, 0x1B, 0xB8,
    0x59, 0x39, 0x6A, 0x7B, 0x49, 0x96, 0x56, 0x31, 0x57, 0xDE, 0xB4, 0x47, 0x89, 0xE0, 0xDF, 0xC4,
    0xE5, 0x3D, 0x2A, 0x0B, 0xFF, 0xE7, 0xA3, 0x6B, 0x78, 0x78, 0xA8, 0xDB, 0xB5, 0xA8, 0xCA, 0x93,
    0x31, 0x6B, 0xF4, 0x64, 0xC8, 0xBC, 0x9E, 0xF4, 0xA9, 0x2F, 0x4F, 0x06, 0x42, 0xE6, 0xF3, 0x1F,
    0x4F, 0x1F, 0xE4, 0x5E, 0xF3, 0xCA, 0x75, 0x05, 0xEE, 0xA1, 0xE3, 0x25, 0x73, 0xF4, 0x96, 0xEB,
    0x69, 0xF7, 0xA4, 0x55, 0x88, 0x79, 0x50, 0x21, 0xAE, 0xE1, 0x58, 0x53, 0xC7, 0xD8, 0x8E, 0xCF,
    0x8C, 0x9D, 0xA9, 0x0E, 0x41, 0x92, 0xCB, 0x83, 0xE2, 0x9E, 0x10, 0xD9, 0x9B, 0x57, 0x4C, 0xFB,
    0xFD, 0x88, 0x2A, 0xC4, 0x2A, 0xDB, 0xF8, 0xF0, 0xD2, 0x6C, 0x4E, 0x1D, 0x5F, 0x43, 0xE9, 0x89,
    0xF9, 0x0B, 0xDE, 0x4C, 0x42, 0x97, 0xAD, 0xBF, 0x75, 0x1C, 0x5A, 0x43, 0xAC, 0x51, 0x8F, 0x8E,
    0x7C, 0xDC, 0x4D, 0x70, 0xD4, 0x02, 0xD8, 0x9F, 0x1F, 0x0B, 0xE8, 0x6A, 0x82, 0xDA, 0x0D, 0x56,
    0xBA, 0x33, 0xA3, 0x39, 0x2C, 0x1A, 0x1E, 0xC3, 0xE0, 0x96, 0xEB, 0xF2, 0x23, 0xD7, 0xA5, 0xC7,
    0xAE, 0x73, 0xAF, 0x38, 0xE8, 0x42, 0x3B, 0x39, 0x3B, 0xF7, 0x0C, 0xFC, 0x89, 0xCC, 0x97, 0xA5,
    0xB2, 0xC2, 0xD2, 0x11, 0x66, 0x93, 0xE3, 0x6A, 0xB6, 0x05, 0x19, 0x50, 0x76, 0xF6, 0x7D, 0x98,
    0xB0, 0x46, 0x34, 0xAB, 0x63, 0x25, 0xBA, 0x15, 0xDA, 0x31, 0x67, 0xF3, 0x1D, 0x50, 0x9B, 0xD6,
    0xB3, 0x01, 0xCD, 0xEE, 0xD9, 0x6C, 0xED, 0x9E, 0x51, 0xB0, 0x7B, 0xEE, 0x63, 0xF8, 0x94, 0xCB,
    0x4C, 0x76, 0xA3, 0x1D, 0x3F, 0xCE, 0x3E, 0xF8, 0x71, 0x26, 0xC3, 0x54, 0x6E, 0x54, 0x37, 0x1A,
    0x1B, 0x95, 0xB4, 0xF2, 0x13, 0x7C, 0x6B, 0xEB, 0xCC, 0x49, 0x8B, 0xE7, 0x2F, 0x27, 0xC8, 0xEE,
    0x73, 0x19, 0x27, 0x06, 0xC1, 0xE3, 0x76, 0x1F, 0xF0, 0x32, 0x0D, 0xA1, 0x58, 0xFE, 0x29, 0x14,
    0x18, 0xA0, 0xA0, 0x77, 0xF4, 0x57, 0xAB, 0x67, 0x57, 0xE0, 0xE8, 0xAB, 0xE3, 0x75, 0x2E, 0x49,
    0x79, 0x74, 0x76, 0x81, 0x1F, 0x79, 0xD3, 0x8A, 0xEA, 0xC1, 0x9B, 0x56, 0xFC, 0x84, 0x2A, 0xCA,
    0x58, 0xE5, 0xFC, 0x4D, 0x2B, 0x6A, 0x55, 0x86, 0xFD, 0xE2, 0xCB, 0xC4, 0x78, 0x86, 0x8B, 0x19,
    0x06, 0xCD, 0x37, 0xA2, 0xAD, 0x9A, 0x6D, 0xC8, 0x15, 0x5A, 0x02, 0x21, 0x57, 0xB5, 0x47, 0xC8,
    0x55, 0xCD, 0x55, 0xF3, 0x5E, 0xC8, 0x55, 0x96, 0xC3, 0x4F, 0xCF, 0xF5, 0x61, 0xBF, 0x2D, 0xAC,
    0x01, 0xC6, 0x14, 0xE3, 0x36, 0x3F, 0x3D, 0xB2, 0x08, 0xC7, 0xBB, 0xAB, 0x01, 0x0E, 0xF2, 0xB7,
    0x55, 0x65, 0x22, 0xB8, 0x76, 0xCB, 0xE0, 0xFA, 0xB4, 0xD2, 0x06, 0x51, 0x5C, 0xCB, 0xAA, 0xAC,
    0xA5, 0xDB, 0x70, 0xEB, 0xFA, 0x04, 0xCC, 0x19, 0xEB, 0x19, 0x70, 0x54, 0x86, 0xCD, 0x27, 0x99,
    0xC4, 0x52, 0xE0, 0x7C, 0xC3, 0xE9, 0x86, 0xDD, 0x19, 0x6C, 0xF1, 0xE7, 0xF0, 0x37, 0x21, 0xAD,
    0x6F, 0xE5, 0x1F, 0xF8, 0xBC, 0x93, 0xA3, 0xDC, 0xFB, 0xD4, 0xCB, 0xB1, 0xD1, 0x2B, 0xB9, 0xBF,
    0x36, 0x11, 0x1A, 0xEF, 0x51, 0x28, 0x56, 0xA4, 0x75, 0x42, 0xAA, 0xEC, 0xA6, 0x46, 0x6E, 0x87,
    0x96, 0x46, 0xC9, 0x0E, 0x51, 0x1B, 0x87, 0x91, 0x48, 0x4C, 0x54, 0xDC, 0x68, 0x71, 0x03, 0x17,
    0xC2, 0x85, 0xAE, 0x9D, 0xB9, 0xD6, 0x4D, 0x58, 0x10, 0x13, 0x7D, 0x7B, 0xE0, 0xDD, 0xCE, 0x40,
    0xB7, 0xBB, 0x61, 0x08, 0x3F, 0x20, 0x2E, 0x88, 0x72, 0x16, 0x52, 0xA3, 0x3C, 0xC0, 0xAB, 0x7E,
    0x70, 0xA3, 0x28, 0x36, 0x91, 0x29, 0xAB, 0x53, 0x90, 0x0C, 0x54, 0x99, 0x5B, 0x78, 0x48, 0x59,
    0x49, 0x61, 0x82, 0xC2, 0x8E, 0x36, 0xC8, 0x62, 0x0B, 0xD3, 0x73, 0x45, 0xDA, 0xD0, 0xAE, 0x17,
    0xDB, 0x4B, 0xE5, 0x32, 0xD1, 0x9D, 0xC2, 0x85, 0xFE, 0x64, 0x6F, 0x2F, 0x95, 0x77, 0xB9, 0x97,
    0x0A, 0x3E, 0xDD, 0xC7, 0xFD, 0xBD, 0x54, 0xCE, 0x89, 0x20, 0xFC, 0x6B, 0xC0, 0x0F, 0x26, 0x18,
    0x26, 0x40, 0x81, 0x43, 0x04, 0xE1, 0xDD, 0x09, 0xE4, 0x07, 0x84, 0xBD, 0x08, 0x42, 0x1B, 0x8F,
    0x44, 0xEA, 0x1A, 0xF1, 0xB1, 0x9C, 0x81, 0xD1, 0x9F, 0x03, 0x83, 0x66, 0xBC, 0x9B, 0xB0, 0xB6,
    0x95, 0x34, 0x4B, 0x86, 0xA2, 0x9F, 0x8F, 0x94, 0x44, 0x6D, 0xE3, 0xD5, 0x86, 0x16, 0xBA, 0xF6,
    0x41, 0xEB, 0xD3, 0x38, 0xC0, 0x7E, 0x94, 0xC6, 0xFB, 0x21, 0x4A, 0xE3, 0xA2, 0x91, 0x4D, 0x80,
    0x04, 0x50, 0x68, 0x8D, 0xF5, 0x69, 0xC3, 0x72, 0x32, 0x25, 0xDA, 0xD9, 0x40, 0x64, 0x24, 0x13,
    0xE4, 0x79, 0xBA, 0x61, 0x24, 0xE6, 0x38, 0x36, 0x61, 0x7F, 0x9B, 0x38, 0xA4, 0xF8, 0xDF, 0x31,
    0x83, 0x0E, 0xB2, 0xD0, 0xF1, 0x9D, 0x77, 0x87, 0xD4, 0x9C, 0x61, 0x8B, 0xBB, 0x37, 0x6E, 0x5C,
    0x37, 0x1B, 0xAA, 0x19, 0x85, 0xF0, 0xAF, 0xB6, 0x88, 0x66, 0xB6, 0x1A, 0x3D, 0xC2, 0x2C, 0x9D,
    0x74, 0xB3, 0x4D, 0x27, 0x50, 0xCB, 0x97, 0x01, 0x4C, 0x99, 0x49, 0x85, 0x35, 0x9D, 0x1A, 0x0E,
    0x5D, 0x87, 0x5B, 0xFA, 0xA4, 0x1F, 0x32, 0x9F, 0x0C, 0x65, 0xF9, 0xE1, 0x57, 0x87, 0x1C, 0xB7,
    0x8B, 0xCA, 0x7B, 0xEF, 0xFC, 0xCB, 0xC6, 0xCA, 0x0B, 0x48, 0x37, 0x72, 0xDA, 0x01, 0x02, 0x6A,
    0xD0, 0x08, 0xB8, 0x76, 0xC1, 0x77, 0xDE, 0x75, 0x79, 0x60, 0x19, 0xAB, 0x92, 0x65, 0xCC, 0x59,
    0xC6, 0xB4, 0xDD, 0x2F, 0xE3, 0xF0, 0xE8, 0x65, 0x3C, 0x60, 0x19, 0x5B, 0xDE, 0xAB, 0x61, 0x19,
    0xCD, 0x0E, 0x3B, 0xDB, 0x09, 0xD6, 0x70, 0x4D, 0x5C, 0x05, 0x44, 0x3A, 0xAB, 0x1E, 0x96, 0xA7,
    0xEB, 0x21, 0xDB, 0xAD, 0x07, 0x83, 0x50, 0x0F, 0xAF, 0xA3, 0x1E, 0xBA, 0x79, 0x3D, 0x38, 0xF6,
    0x9E, 0x6E, 0x3B, 0x89, 0xEC, 0x82, 0x75, 0xFA, 0xE9, 0x2F, 0xA6, 0xD0, 0x7C, 0xE1, 0x3F, 0x14,
    0x97, 0x81, 0xB7, 0xA1, 0x23, 0xB1, 0x6C, 0xF9, 0x76, 0x63, 0x59, 0xB0, 0xFB, 0x50, 0xAD, 0xFA,
    0xB7, 0xAB, 0xA5, 0x79, 0x51, 0x3F, 0x46, 0x3B, 0x4E, 0x46, 0x82, 0xD4, 0x51, 0x34, 0x58, 0xF4,
    0xE6, 0xDD, 0x33, 0x7E, 0x0D, 0x64, 0x55, 0xBC, 0xD3, 0xD9, 0x9E, 0xF9, 0x6E, 0x19, 0x8F, 0xA9,
    0x43, 0xED, 0xC5, 0xD6, 0xD3, 0x33, 0x5B, 0x46, 0x07, 0x74, 0xFB, 0x53, 0x9A, 0xFD, 0x51, 0x51,
    0x48, 0x5B, 0x46, 0x7F, 0xA6, 0x2D, 0xA3, 0x0D, 0xB6, 0x8C, 0x62, 0xDF, 0x96, 0x51, 0xBB, 0x1A,
    0x3A, 0x50, 0x0F, 0x4D, 0xAA, 0x87, 0x26, 0xF5, 0xBB, 0x73, 0x4D, 0xEA, 0x55, 0xF3, 0x4C, 0x01,
    0x6C, 0x34, 0x89, 0x41, 0xEF, 0x92, 0xFB, 0x09, 0x32, 0x0F, 0xA7, 0x19, 0x8F, 0x90, 0x5C, 0xA8,
    0x27, 0xD9, 0xED, 0x33, 0x6F, 0x70, 0x88, 0xB5, 0xD1, 0x08, 0x37, 0x63, 0x7D, 0x43, 0x57, 0xB6,
    0xC5, 0xEB, 0x52, 0x6B, 0x79, 0x4E, 0x9B, 0x43, 0xD6, 0x25, 0xEE, 0xD9, 0x5C, 0xDA, 0xAA, 0x91,
    0x97, 0xB3, 0x19, 0x20, 0x5D, 0x03, 0xF3, 0x15, 0x51, 0x2C, 0x3D, 0xB9, 0xFD, 0x39, 0x7C, 0xD8,
    0x9F, 0x23, 0xF6, 0xBC, 0x7B, 0xB8, 0xB9, 0x03, 0xA4, 0x00, 0xBB, 0xB3, 0x3C, 0x63, 0x95, 0xDD,
    0x84, 0x99, 0xB6, 0x13, 0x42, 0x2D, 0x3B, 0x7B, 0xCB, 0xC6, 0x13, 0x66, 0xD4, 0xC3, 0xE6, 0xD4,
    0x8B, 0xE7, 0x15, 0xAB, 0x7B, 0xD4, 0x3A, 0xA8, 0x22, 0x39, 0x77, 0x40, 0xBD, 0xB4, 0x55, 0xDC,
    0x95, 0x1E, 0xB6, 0xA1, 0xE6, 0x34, 0xA8, 0xAA, 0xC1, 0x83, 0x3E, 0x4D, 0x00, 0x50, 0x4A, 0x33,
    0xCA, 0x07, 0xC3, 0xD9, 0xA0, 0x96, 0x97, 0xD1, 0x6D, 0x72, 0x29, 0x27, 0x58, 0xC3, 0x40, 0x7A,
    0x5F, 0xC3, 0x6A, 0xE3, 0xCA, 0xE9, 0x5A, 0x5A, 0x3F, 0x2B, 0xC5, 0xE6, 0x40, 0x4D, 0xDD, 0x30,
    0x53, 0x60, 0x1E, 0x11, 0x7B, 0x40, 0xD4, 0x02, 0x63, 0x0F, 0x4C, 0x88, 0x22, 0x4F, 0x6E, 0x6F,
    0x14, 0x93, 0x25, 0xB7, 0x37, 0xEE, 0x01, 0x7C, 0x85, 0xB4, 0xE1, 0xA6, 0x89, 0x7F, 0x6C, 0x01,
    0x39, 0xDE, 0x17, 0x90, 0x97, 0xFA, 0x95, 0x0B, 0x08, 0xC8, 0x78, 0xB9, 0xD2, 0x07, 0x32, 0x38,
    0x98, 0x46, 0x1D, 0xD1, 0x3F, 0x08, 0x9F, 0xAC, 0x80, 0x4C, 0x0D, 0x53, 0x4A, 0x29, 0xB9, 0xE1,
    0x30, 0x06, 0xC8, 0x3E, 0x88, 0x45, 0x59, 0x27, 0x68, 0x41, 0x8F, 0xF9, 0x2F, 0x26, 0xAD, 0x17,
    0x98, 0x20, 0xD0, 0xC4, 0xBD, 0x5C, 0x9D, 0xE8, 0x7E, 0x2F, 0x87, 0x13, 0x4D, 0x91, 0x5F, 0x77,
    0x40, 0x2A, 0x1F, 0x4E, 0xF4, 0x81, 0xCA, 0x6F, 0x26, 0xF2, 0xFA, 0x6D, 0xA3, 0x93, 0xF7, 0x40,
    0xE5, 0xC9, 0x8F, 0x40, 0xF9, 0x2F, 0x8D, 0xF4, 0x0D, 0x50, 0xAA, 0x11, 0xC8, 0x6D, 0x68, 0x20,
    0x25, 0xFD, 0x44, 0xD8, 0x0F, 0x96, 0x1D, 0x29, 0xB6, 0x9E, 0x14, 0xF9, 0x2C, 0xF8, 0x54, 0x1F,
    0xEE, 0xD8, 0x46, 0x7B, 0xA3, 0x8E, 0x18, 0xB7, 0x46, 0x1E, 0xF8, 0xEC, 0x76, 0xF7, 0xD1, 0x95,
    0xED, 0xEE, 0xB3, 0x96, 0x99, 0x44, 0x94, 0xED, 0xAC, 0x26, 0x6F, 0x1B, 0xF5, 0x5B, 0x7A, 0x92,
    0xC2, 0x0B, 0x25, 0x17, 0xE0, 0x2A, 0x48, 0x2D, 0xB1, 0x0E, 0xA7, 0x25, 0x96, 0xBC, 0x06, 0x16,
    0xFE, 0x94, 0xD6, 0x61, 0x61, 0x6B, 0x86, 0x9F, 0x02, 0x93, 0x13, 0xAE, 0x58, 0x4E, 0x14, 0xF8,
    0x26, 0x30, 0x15, 0x1A, 0x47, 0xD9, 0x77, 0x0E, 0xD9, 0x8D, 0x4A, 0xDD, 0x6E, 0xF2, 0x2E, 0x2D,
    0x64, 0xCA, 0x85, 0xA7, 0x09, 0x8E, 0x98, 0xD4, 0xE8, 0xE8, 0x0E, 0x1D, 0x47, 0xCA, 0x7B, 0xDC,
    0xE4, 0x5D, 0x85, 0x5F, 0xBD, 0x24, 0x49, 0x93, 0xAE, 0x9D, 0xCF, 0xAA, 0xE5, 0xDD, 0xA2, 0x5A,
    0xCC, 0xF6, 0x45, 0x58, 0xC0, 0x1B, 0x56, 0x75, 0x9D, 0xF9, 0xA2, 0x4E, 0xEB, 0xBC, 0x59, 0xD2,
    0x8E, 0x3E, 0xE5, 0xCB, 0x85, 0x87, 0x53, 0x72, 0x3E, 0x16, 0xD3, 0x27, 0xF0, 0x83, 0x0D, 0x99,
    0x12, 0x91, 0xCF, 0xF5, 0xFD, 0xC1, 0xA9, 0x1B, 0x05, 0x97, 0x59, 0xD6, 0x77, 0xC4, 0x3C, 0xFF,
    0x03, 0x26, 0x10, 0xB6, 0x90, 0x5E, 0x8C, 0x1A, 0x88, 0x7D, 0x2E, 0x71, 0x97, 0xAF, 0x91, 0x17,
    0x9E, 0x7D, 0xE3, 0xC9, 0x95, 0x9E, 0xA2, 0x57, 0x3F, 0xE3, 0x44, 0xBD, 0x80, 0x11, 0x02, 0x88,
    0x71, 0x82, 0x3E, 0x8D, 0x99, 0x10, 0x9D, 0xFA, 0x8F, 0x31, 0x76, 0x26, 0x46, 0x6A, 0x8D, 0x17,
    0xDE, 0x38, 0xAE, 0x33, 0x33, 0x99, 0x55, 0xE4, 0xA0, 0x9A, 0x97, 0xEC, 0x9D, 0x12, 0x8C, 0xCB,
    0x93, 0x87, 0x1B, 0x05, 0xD9, 0x43, 0x6C, 0x79, 0x59, 0x62, 0xB2, 0x93, 0xA4, 0x06, 0xA7, 0xE2,
    0x18, 0x75, 0x90, 0x0B, 0x8C, 0xD4, 0x8A, 0xE2, 0x0F, 0x09, 0x39, 0x94, 0xB8, 0x4B, 0x47, 0x71,
    0x38, 0x83, 0xDD, 0x34, 0x06, 0xE7, 0xA7, 0x72, 0x77, 0xAE, 0x47, 0xC9, 0xF1, 0xF2, 0x9C, 0x70,
    0x98, 0x4A, 0x3F, 0xAD, 0x14, 0xF8, 0xAF, 0x86, 0xA9, 0x06, 0xA6, 0xB5, 0x42, 0x11, 0xBC, 0x2B,
    0x0C, 0x5B, 0x62, 0x2F, 0x07, 0x65, 0xAD, 0x1A, 0xF5, 0xD8, 0x4E, 0x48, 0xBD, 0xA3, 0x01, 0x53,
    0xAE, 0x43, 0x9C, 0xBD, 0x40, 0x90, 0xFB, 0x8E, 0xB7, 0x8F, 0xA3, 0x8F, 0xCF, 0xC5, 0x36, 0xA7,
    0x97, 0x87, 0xDA, 0x9C, 0xFE, 0xFC, 0xDE, 0x1F, 0x76, 0x17, 0x71, 0x2D, 0x9D, 0x8F, 0x3D, 0x36,
    0x3B, 0x2E, 0x2A, 0xD7, 0x96, 0xFF, 0x75, 0x73, 0x67, 0x77, 0x11, 0xC6, 0xA8, 0x9A, 0x8E, 0xDD,
    0xA7, 0x7D, 0xEC, 0x97, 0xAA, 0x75, 0x34, 0xBF, 0x8E, 0x94, 0x8C, 0x01, 0x45, 0x64, 0xF0, 0x2F,
    0x6E, 0xAA, 0x7C, 0x71, 0x13, 0x22, 0xA3, 0xF5, 0xBE, 0x6B, 0x71, 0xDA, 0x5D, 0xB9, 0x71, 0xE3,
    0xA6, 0x6D, 0x74, 0x34, 0xD5, 0x6D, 0xD9, 0x17, 0xCD, 0x74, 0x6E, 0x82, 0xAC, 0x45, 0xBB, 0x79,
    0x42, 0xE6, 0x69, 0x7D, 0xA0, 0xBB, 0x77, 0xB0, 0x5D, 0x49, 0x31, 0xAF, 0xC0, 0xED, 0xDE, 0x34,
    0x7F, 0xAA, 0xD5, 0x81, 0x14, 0xF5, 0xE7, 0xB6, 0x7B, 0xD3, 0xA4, 0xED, 0x95, 0x1B, 0x37, 0x5B,
    0x55, 0xB5, 0x3C, 0x15, 0xA9, 0xAC, 0x32, 0x8F, 0x5D, 0xA4, 0xB0, 0x73, 0x94, 0x53, 0x5C, 0xAE,
    0xB7, 0x0D, 0x0E, 0xB8, 0x9C, 0x50, 0x78, 0xCD, 0x8E, 0x80, 0xE3, 0x8D, 0x22, 0xEB, 0x79, 0x94,
    0x09, 0x73, 0x88, 0xF3, 0xCA, 0x6C, 0xB3, 0xC7, 0x13, 0x2C, 0xA7, 0x24, 0xCD, 0x6D, 0x10, 0xAF,
    0x3E, 0xE7, 0x78, 0x76, 0xA7, 0x8F, 0xE3, 0xEA, 0xF2, 0x8E, 0xF9, 0x9E, 0xA8, 0xF3, 0x33, 0xBA,
    0x15, 0x34, 0x90, 0xCF, 0x6F, 0x59, 0x89, 0x07, 0xE3, 0xF3, 0x10, 0xF0, 0x48, 0xB5, 0x30, 0x3D,
    0xFB, 0x9F, 0x60, 0x08, 0x5B, 0x0B, 0xAD, 0xA6, 0xBC, 0xB3, 0xB5, 0xD0, 0x93, 0xD8, 0x28, 0x12,
    0xB7, 0xCA, 0x2C, 0x77, 0xD9, 0xDF, 0x7F, 0xB5, 0x79, 0x4D, 0xDC, 0xFA, 0x50, 0x70, 0x8F, 0xDE,
    0x04, 0x21, 0x1A, 0x21, 0x46, 0xC8, 0x41, 0xE8, 0xB5, 0xFD, 0xC6, 0xB1, 0x5F, 0x3F, 0x3D, 0xE5,
    0x3B, 0x53, 0x66, 0xA8, 0xA3, 0xC4, 0x23, 0xA2, 0x2C, 0x72, 0x55, 0x4C, 0x2C, 0x2B, 0x5C, 0xD7,
    0xA9, 0xB6, 0x53, 0xEE, 0x98, 0x7F, 0xF5, 0xAE, 0xC7, 0xB4, 0x3E, 0x19, 0x21, 0xC3, 0x75, 0x6D,
    0x45, 0x96, 0xD5, 0x02, 0xF9, 0x4A, 0x7E, 0x5F, 0x1B, 0xB3, 0x39, 0x9A, 0x7B, 0x85, 0xE5, 0xA4,
    0xFF, 0xC4, 0xC4, 0x39, 0xBA, 0x9C, 0xB8, 0x16, 0xF6, 0xDD, 0xCC, 0xB6, 0x5C, 0x0D, 0xDE, 0xD1,
    0x44, 0x6C, 0x4A, 0xFE, 0x82, 0xFC, 0xAE, 0x10, 0xBD, 0x9C, 0x09, 0x97, 0x6F, 0x5C, 0x7B, 0x4A,
    0x7B, 0xAF, 0x44, 0x6D, 0xBA, 0x0A, 0x3E, 0xE2, 0x44, 0x3B, 0x83, 0xF4, 0x82, 0xD4, 0x42, 0xF6,
    0x66, 0x0B, 0xA3, 0x58, 0xBF, 0x81, 0xF4, 0x0D, 0x2F, 0x48, 0x4F, 0xA9, 0x3E, 0xEC, 0xB7, 0x63,
    0xB2, 0x1F, 0x13, 0x89, 0x6E, 0xDD, 0xC9, 0x36, 0xED, 0x87, 0x05, 0xCB, 0x47, 0x87, 0x05, 0x03,
    0x57, 0x45, 0x03, 0x84, 0xBB, 0x58, 0x38, 0xC6, 0xF9, 0x47, 0x0D, 0x0B, 0x5E, 0xB4, 0xD9, 0x0A,
    0xCD, 0x85, 0x1C, 0xD1, 0xA2, 0xB7, 0x6B, 0x22, 0x47, 0x2C, 0x23, 0xE3, 0x18, 0xEB, 0x04, 0x05,
    0x67, 0xB8, 0xB0, 0x6E, 0x72, 0x69, 0x79, 0x40, 0x9C, 0x22, 0xBE, 0xB3, 0x09, 0x15, 0xAE, 0xC5,
    0xB6, 0xDF, 0x7C, 0x70, 0xF0, 0x73, 0x71, 0xC1, 0x52, 0x2A, 0x63, 0xF9, 0x81, 0x8F, 0x5D, 0xCA,
    0x0B, 0x94, 0x48, 0x15, 0xF9, 0xA3, 0x4B, 0x74, 0xF1, 0x56, 0x7D, 0xAE, 0xE5, 0xDD, 0x6B, 0xD5,
    0x27, 0x58, 0x07, 0xB8, 0x36, 0x47, 0xB8, 0x41, 0xE4, 0xC3, 0xE5, 0x9F, 0xC3, 0xE6, 0xE0, 0x49,
    0x73, 0xEB, 0x6C, 0xC9, 0xE6, 0x31, 0x77, 0x17, 0x34, 0xE5, 0x28, 0x11, 0xF3, 0xE6, 0xF5, 0x17,
    0xE9, 0xB7, 0xD7, 0x28, 0x3F, 0x1A, 0x5C, 0xB9, 0xB1, 0x0A, 0xCF, 0xF5, 0x27, 0x5A, 0x11, 0x18,
    0x64, 0xCD, 0x3D, 0x2F, 0x18, 0x5A, 0x6D, 0x1E, 0xE9, 0xBA, 0xF0, 0x12, 0x51, 0xCF, 0xAC, 0x6F,
    0x51, 0xEA, 0xC0, 0xE2, 0xEF, 0x27, 0x32, 0xC1, 0xFB, 0xE1, 0xED, 0x6F, 0x91, 0x79, 0x80, 0x78,
    0x57, 0x9D, 0xE4, 0xA8, 0x99, 0xDC, 0xEE, 0xF2, 0xC1, 0x05, 0x19, 0xA3, 0x68, 0x6D, 0x38, 0xA4,
    0xEF, 0x0D, 0x86, 0x3C, 0x13, 0x86, 0xC3, 0x8B, 0x54, 0x5D, 0x10, 0xC2, 0xA2, 0x21, 0xAD, 0x09,
    0xF6, 0xBF, 0x48, 0xCF, 0xAF, 0xE2, 0xE4, 0x06, 0x66, 0x93, 0xC5, 0xC0, 0xB7, 0x65, 0x57, 0x32,
    0xB0, 0x8E, 0x55, 0xF9, 0x96, 0xC7, 0x43, 0x47, 0xAB, 0x17, 0xA7, 0xFA, 0x80, 0xD7, 0x6E, 0x88,
    0xB8, 0x0F, 0x06, 0xBC, 0x39, 0x21, 0xBC, 0x61, 0x41, 0xD3, 0x43, 0xC5, 0x76, 0xED, 0xCA, 0x73,
    0xAC, 0x43, 0x2C, 0x3C, 0x76, 0x55, 0x23, 0x71, 0x7D, 0x28, 0x3B, 0xE9, 0xF9, 0xFE, 0xAE, 0x88,
    0xE4, 0x28, 0x45, 0xF9, 0x95, 0x16, 0x80, 0xED, 0xA1, 0x62, 0x7C, 0x10, 0xD2, 0x93, 0xDE, 0x6B,
    0xF7, 0x8C, 0x18, 0x9F, 0xD8, 0xE0, 0xB1, 0x7F, 0xF0, 0x27, 0x53, 0xB4, 0xFC, 0xAE, 0x77, 0x4C,
    0xF0, 0x8B, 0xDF, 0x81, 0xF9, 0x26, 0x9B, 0xCB, 0x81, 0x46, 0x90, 0x90, 0xAF, 0x9D, 0xB7, 0xC9,
    0xE6, 0x3C, 0x0C, 0x48, 0x9C, 0xDF, 0x84, 0x26, 0x4C, 0x39, 0x62, 0x9E, 0x85, 0x5C, 0x2E, 0xEB,
    0xE3, 0xB0, 0xD0, 0x24, 0x8D, 0x3C, 0x59, 0xE1, 0xE4, 0x3C, 0xBD, 0x88, 0xBF, 0xD4, 0x21, 0xD6,
    0x27, 0xAC, 0x57, 0x04, 0x3A, 0xDD, 0x33, 0x90, 0x9E, 0xF9, 0x06, 0xBF, 0x4F, 0x3D, 0x44, 0x6C,
    0xD8, 0xFE, 0x18, 0xD6, 0x6B, 0x5B, 0xB8, 0xCA, 0x81, 0x1F, 0x60, 0xE9, 0x1F, 0x27, 0x80, 0x8C,
    0x9F, 0x59, 0x97, 0x64, 0x3E, 0x16, 0xDB, 0x53, 0xD5, 0xC3, 0xB2, 0xF6, 0xBC, 0x9C, 0xD9, 0xEC,
    0x17, 0x98, 0xF6, 0xC3, 0x57, 0x82, 0x07, 0x20, 0x70, 0x6D, 0x11, 0x48, 0x50, 0xF5, 0xED, 0xBB,
    0xB1, 0xBD, 0x77, 0x31, 0x37, 0xB6, 0x16, 0x73, 0xD6, 0x9E, 0x1B, 0x9B, 0x1C, 0x6D, 0xE1, 0x58,
    0x58, 0x1D, 0xC1, 0x2B, 0xA1, 0x7E, 0xB4, 0xFA, 0x58, 0x28, 0xC3, 0x4A, 0x80, 0x8F, 0x53, 0x1F,
    0xD5, 0xF9, 0x65, 0x7D, 0xE9, 0xDD, 0xC9, 0x1F, 0xD2, 0x51, 0xA8, 0x4D, 0xB4, 0x3A, 0xBF, 0xAC,
    0x2D, 0xCB, 0xFA, 0xFF, 0xD5, 0xDA, 0x01, 0xA4, 0x2C, 0x59, 0x7A, 0xC0, 0xF1, 0x5F, 0x55, 0xCD,
    0x9D, 0x32, 0xDB, 0x31, 0x35, 0xE4, 0x0E, 0xD9, 0x21, 0x69, 0x80, 0x2C, 0xA2, 0x03, 0xD8, 0xC8,
    0x9B, 0x57, 0xB5, 0xB3, 0x18, 0x04, 0x7B, 0xB1, 0x0B, 0x82, 0x1D, 0xC0, 0x02, 0x0B, 0x00, 0x33,
    0xD3, 0x25, 0x41, 0x10, 0x58, 0x00, 0x82, 0x19, 0x0C, 0x64, 0x01, 0x00, 0x64, 0xB6, 0xCB, 0x3E,
    0x0C, 0x82, 0x34, 0x44, 0x10, 0xB2, 0x4D, 0x02, 0x12, 0xCC, 0x59, 0xA9, 0x95, 0x9E, 0x9D, 0xAA,
    0xFE, 0x72, 0xAB, 0xA6, 0xD3, 0xF7, 0xDA, 0xB7, 0xBB, 0x79, 0x99, 0xDC, 0x7E, 0xD3, 0x8F, 0xAA,
    0xFF, 0xB9, 0xAA, 0xEA, 0x76, 0xD7, 0xF7, 0xEF, 0xE3, 0x9C, 0xEF, 0xAB, 0x53, 0xD4, 0x5B, 0x58,
    0x27, 0x88, 0x99, 0xD1, 0x23, 0x8F, 0x01, 0xC5, 0x3F, 0x4D, 0x2C, 0x9F, 0x1C, 0x50, 0x3D, 0x89,
    0x89, 0x6F, 0x05, 0x96, 0xA2, 0xA5, 0x16, 0x1D, 0x6F, 0xDA, 0x74, 0x6C, 0x22, 0x76, 0x44, 0x44,
    0xA2, 0xB7, 0xEA, 0xE5, 0x49, 0x35, 0x28, 0x66, 0x96, 0x5B, 0x8B, 0x51, 0xB5, 0x55, 0x86, 0xCD,
    0x2F, 0xAD, 0x63, 0x17, 0x21, 0x22, 0x01, 0xBC, 0x04, 0x36, 0x1D, 0xC4, 0x3D, 0xD6, 0x0D, 0x90,
    0xC7, 0xA8, 0x8A, 0x68, 0x57, 0x69, 0xBD, 0x5D, 0x6E, 0xEB, 0xDD, 0x62, 0x5B, 0x27, 0xEA, 0xE4,
    0x6A, 0x9D, 0xCA, 0x88, 0x54, 0x1F, 0xD6, 0xB7, 0x67, 0xEA, 0x14, 0xDD, 0xDD, 0xBE, 0xDE, 0x46,
    0xAA, 0xE3, 0xD3, 0xB1, 0x8A, 0xEA, 0xE0, 0x06, 0x99, 0x39, 0x58, 0xC7, 0x7F, 0xB5, 0xEC, 0xB0,
    0xDE, 0x9E, 0x22, 0xB6, 0x1D, 0xC0, 0x1E, 0x16, 0x09, 0xAA, 0x66, 0x26, 0x80, 0x0B, 0xB0, 0xB5,
    0x4E, 0xC4, 0xC0, 0xCD, 0x80, 0x81, 0x45, 0xA2, 0x6A, 0x59, 0x3C, 0xA0, 0x29, 0xFC, 0x00, 0x0C,
    0xA8, 0x9F, 0xEC, 0x10, 0xFF, 0xD9, 0x90, 0x7F, 0x36, 0x60, 0xB1, 0x5D, 0xE3, 0x6B, 0xBE, 0x76,
    0x31, 0x56, 0x1E, 0xE3, 0x63, 0xCB, 0x94, 0xD4, 0x63, 0x6B, 0x58, 0x2B, 0xD2, 0xB2, 0xCB, 0x9A,
    0xAC, 0x79, 0x28, 0x23, 0xF9, 0x87, 0x90, 0xF7, 0xE0, 0xDD, 0x55, 0x87, 0xDF, 0x8F, 0xE4, 0x42,
    0x8D, 0x3C, 0x86, 0x15, 0x2C, 0x3E, 0x19, 0xC8, 0x3E, 0x08, 0xD4, 0xCB, 0x8E, 0xA1, 0x4C, 0xDC,
    0xB8, 0x01, 0x6C, 0xA2, 0x51, 0x44, 0xEC, 0x2C, 0x86, 0x65, 0xAF, 0xEC, 0xAB, 0xBD, 0xBC, 0xAF,
    0x06, 0x4C, 0xC8, 0xBE, 0x3F, 0xC8, 0x22, 0x06, 0x55, 0x7C, 0x30, 0x58, 0x4E, 0x27, 0xEA, 0x74,
    0x1F, 0x96, 0x7D, 0x3D, 0x9D, 0xFD, 0x3C, 0x9A, 0x22, 0x9E, 0x44, 0xEB, 0x1A, 0xA8, 0xB6, 0xF0,
    0x07, 0x09, 0xF4, 0x2F, 0x44, 0x17, 0x2A, 0x7B, 0xAA, 0x77, 0xF1, 0xC8, 0xF2, 0xE7, 0xBD, 0x7A,
    0xE8, 0xCE, 0xD1, 0x8D, 0xE4, 0x63, 0xD9, 0xB0, 0x88, 0x4F, 0x1B, 0xAA, 0x1F, 0x06, 0x5E, 0xC9,
    0x7A, 0xA8, 0x3B, 0x88, 0xFB, 0x5D, 0xAA, 0xBE, 0x2C, 0x43, 0x88, 0x6F, 0x77, 0x45, 0x44, 0xB7,
    0xF8, 0x24, 0x9A, 0xCC, 0x0F, 0x58, 0x26, 0xEA, 0xC1, 0xD1, 0x54, 0xFB, 0xA0, 0xA6, 0xBC, 0xDE,
    0xDC, 0x8B, 0xB6, 0x47, 0xD1, 0x0F, 0xA8, 0xBA, 0x1A, 0x57, 0xAE, 0x2E, 0xC8, 0x0B, 0xAE, 0x41,
    0x34, 0xC8, 0xA2, 0x9B, 0xD9, 0xC2, 0x06, 0xAE, 0x6E, 0xA8, 0x7B, 0xD6, 0xFF, 0xE3, 0xAA, 0x9A,
    0x7B, 0xD5, 0x79, 0x27, 0x36, 0x1F, 0x99, 0xA5, 0xCD, 0xEC, 0x90, 0x7F, 0xE7, 0x15, 0x94, 0xDD,
    0x9B, 0x28, 0x62, 0x38, 0x79, 0xF2, 0x46, 0x73, 0x29, 0x2E, 0xF7, 0xE4, 0x3D, 0xC5, 0x56, 0xF1,
    0x57, 0xAF, 0x2A, 0x76, 0x8F, 0xCD, 0x5F, 0xBC, 0xE9, 0xB9, 0x6A, 0x3C, 0x9C, 0xAF, 0x0F, 0xC1,
    0x00, 0xDE, 0xF4, 0x42, 0xB8, 0xE9, 0x31, 0x60, 0xE5, 0xBC, 0x6E, 0xBC, 0x01, 0xD6, 0x1D, 0xFC,
    0xEE, 0xD6, 0xAC, 0xE5, 0x85, 0x30, 0xB4, 0x6C, 0xA9, 0x77, 0xE4, 0x89, 0xB2, 0x53, 0xFC, 0xF5,
    0x39, 0x2D, 0x0D, 0xAF, 0xA2, 0x88, 0x40, 0xF9, 0xB3, 0x01, 0xB9, 0x0F, 0x91, 0x35, 0x2F, 0xA1,
    0xE8, 0x1E, 0xDD, 0xB3, 0x94, 0x2E, 0xCA, 0x12, 0x1C, 0x2A, 0x45, 0x84, 0xE2, 0x93, 0x51, 0xE6,
    0x46, 0xDE, 0xBE, 0xA2, 0xD8, 0xBD, 0x29, 0x8B, 0x81, 0x75, 0x7A, 0x58, 0x53, 0x99, 0x2B, 0x2C,
    0xBA, 0x15, 0xCA, 0x5F, 0x8C, 0xBF, 0xEA, 0xE5, 0x0A, 0xC0, 0xE5, 0x17, 0x22, 0x53, 0x28, 0x65,
    0xB7, 0x54, 0x7C, 0xB6, 0x39, 0xF6, 0xAA, 0xD9, 0xD5, 0x59, 0x0B, 0x94, 0x3A, 0x22, 0xBA, 0x19,
    0x45, 0xA8, 0xBA, 0x3C, 0x14, 0x27, 0xE4, 0xED, 0x2D, 0xB8, 0x8F, 0x18, 0x1C, 0xC1, 0xAF, 0xC3,
    0x3B, 0x13, 0xD2, 0x2D, 0xB2, 0x54, 0x84, 0x22, 0xAD, 0x26, 0x4D, 0xEB, 0x09, 0x80, 0xD7, 0x90,
    0x07, 0x8A, 0x13, 0x8C, 0x80, 0xCD, 0x5E, 0x19, 0xD1, 0x54, 0x7D, 0x7D, 0x1B, 0xE0, 0x2A, 0xD5,
    0xDD, 0x32, 0xAD, 0xBB, 0xAA, 0xDF, 0xFC, 0xE3, 0x0F, 0xF7, 0x11, 0xB1, 0x8F, 0x7F, 0xFF, 0xF1,
    0x47, 0xD1, 0x4D, 0xF2, 0x4E, 0x51, 0xA4, 0xE5, 0x50, 0xA4, 0x45, 0xC4, 0x36, 0x8B, 0xE0, 0xEA,
    0x86, 0xAC, 0x39, 0xA6, 0x0D, 0x3D, 0x75, 0xA2, 0xDA, 0x91, 0x07, 0xCA, 0xE8, 0x28, 0xCA, 0x2D,
    0x66, 0xD4, 0x2D, 0xDE, 0x85, 0x47, 0xC0, 0xF3, 0x55, 0x71, 0x2A, 0xB3, 0xDE, 0xF9, 0xD5, 0x32,
    0xAB, 0x79, 0x40, 0x19, 0x50, 0xA7, 0x37, 0xD9, 0xC4, 0xC0, 0x61, 0x42, 0xAA, 0x93, 0x49, 0xD3,
    0xF3, 0x8E, 0xF9, 0x35, 0xF2, 0x78, 0x6B, 0x57, 0xC6, 0xE7, 0xDB, 0xEA, 0xD3, 0xE8, 0xAA, 0x3C,
    0x70, 0xFD, 0x70, 0xB1, 0xF2, 0x72, 0x8B, 0xAA, 0x93, 0x8F, 0x2B, 0x16, 0xF1, 0x4D, 0x96, 0x3F,
    0xEB, 0x78, 0xBF, 0x48, 0x7C, 0xE4, 0xA3, 0xE7, 0x1D, 0x30, 0x8F, 0xF1, 0x77, 0x96, 0x29, 0x59,
    0x8F, 0xAD, 0x61, 0x73, 0x4A, 0x62, 0x1F, 0x2A, 0xE8, 0x37, 0x60, 0xD9, 0xA2, 0xFC, 0xE9, 0x88,
    0xFF, 0x08, 0x5F, 0x6D, 0xD0, 0x8F, 0xB1, 0x3A, 0x96, 0x85, 0x73, 0x55, 0x58, 0x2F, 0x3B, 0x43,
    0x99, 0x4E, 0x25, 0xE1, 0xEA, 0x20, 0x8B, 0xD8, 0x16, 0x63, 0xD5, 0x57, 0xFB, 0xC5, 0x50, 0xA5,
    0x72, 0x58, 0xA6, 0x62, 0x5C, 0xFD, 0xE2, 0xCF, 0x0F, 0x75, 0xC4, 0xA1, 0xFE, 0xE5, 0x8F, 0xFF,
    0xB6, 0x4E, 0xAC, 0x12, 0x55, 0x4F, 0x35, 0x78, 0x54, 0x86, 0x21, 0x8F, 0xE8, 0xAD, 0xA3, 0x93,
    0x7D, 0x17, 0x7E, 0x82, 0xEC, 0xD3, 0x06, 0x55, 0x7B, 0x31, 0x3F, 0x77, 0xD9, 0xF3, 0xEA, 0x5D,
    0x85, 0xB7, 0x1E, 0xBA, 0x73, 0xFC, 0xE4, 0x96, 0xDB, 0x6F, 0xB2, 0x3E, 0xEC, 0xF9, 0x2C, 0x12,
    0x3F, 0x5A, 0xB6, 0xE4, 0x23, 0x16, 0xE1, 0x19, 0x15, 0x94, 0xE7, 0x52, 0x40, 0x76, 0x57, 0xC2,
    0xB9, 0x5F, 0xC2, 0xFD, 0xAF, 0x2A, 0xB6, 0x5F, 0x42, 0xC5, 0xDC, 0x19, 0x8A, 0x40, 0x15, 0x2D,
    0xF5, 0x77, 0xB6, 0x7C, 0x9C, 0xDF, 0x7B, 0x00, 0x71, 0x29, 0xB3, 0xDB, 0xA9, 0x40, 0xDB, 0x0C,
    0xB2, 0x7B, 0x05, 0xDA, 0x39, 0x67, 0xBD, 0x3C, 0x94, 0xD1, 0x15, 0xE5, 0x4E, 0xB9, 0x55, 0x77,
    0xDE, 0xE5, 0x11, 0xD4, 0x31, 0xDC, 0x6E, 0x45, 0x4C, 0xD1, 0x3F, 0xFB, 0x56, 0x44, 0xB3, 0x8A,
    0xFD, 0x3A, 0x06, 0x54, 0xA3, 0xD5, 0xC6, 0xEF, 0x2C, 0x1B, 0x2B, 0xD9, 0x28, 0x4B, 0xB2, 0x1D,
    0xAC, 0x47, 0x9B, 0xD1, 0x62, 0x54, 0xFC, 0xD6, 0xAD, 0x0C, 0xEB, 0xD8, 0x6D, 0x22, 0xFD, 0xFF,
    0xEF, 0xC4, 0xB5, 0x6C, 0x3E, 0x92, 0x47, 0xE3, 0xC0, 0x87, 0x8A, 0xD1, 0xE2, 0xA0, 0x1C, 0x65,
    0x3D, 0xBE, 0xCC, 0x5D, 0xC1, 0x8D, 0x62, 0xB0, 0x38, 0x4C, 0x5B, 0xBE, 0x07, 0x58, 0xC4, 0x1E,
    0x9B, 0x88, 0x56, 0x11, 0xEA, 0x9D, 0xC5, 0xA0, 0xDA, 0x4F, 0xDB, 0x62, 0xB0, 0x4A, 0x8A, 0x83,
    0xFA, 0x96, 0x71, 0xE4, 0x7A, 0x62, 0xB3, 0xDE, 0x4D, 0xDC, 0xEC, 0xE4, 0x71, 0xFC, 0xFB, 0x8B,
    0xE3, 0xF5, 0x44, 0x77, 0x3C, 0x1C, 0x3F, 0xA7, 0x9A, 0x3E, 0xF3, 0x78, 0x50, 0x44, 0xB4, 0x2C,
    0x63, 0x80, 0xD7, 0xC1, 0x4B, 0x20, 0xDA, 0x99, 0xDD, 0x1D, 0xD7, 0x00, 0x9B, 0x29, 0x94, 0xE8,
    0xAA, 0x7E, 0x95, 0xEA, 0x5D, 0x35, 0xD4, 0xDB, 0x72, 0xD8, 0x74, 0xC5, 0x78, 0xBB, 0x1F, 0xE2,
    0xB8, 0x6F, 0xBE, 0xD8, 0xC7, 0xBA, 0x2B, 0x87, 0xE9, 0x9A, 0x65, 0xAA, 0xFA, 0x32, 0x62, 0x2B,
    0x82, 0xAB, 0x86, 0xAC, 0xA1, 0x4A, 0xAC, 0xF6, 0xAC, 0x7A, 0xAA, 0x1D, 0xA2, 0x45, 0x11, 0x09,
    0xF9, 0x93, 0x89, 0x8A, 0x99, 0xCB, 0x2D, 0xD4, 0xE0, 0x8F, 0xB8, 0x28, 0x5B, 0xE6, 0x18, 0xBC,
    0x3F, 0xF2, 0xC7, 0x8F, 0xF1, 0x1E, 0xC5, 0x9E, 0xA2, 0x9B, 0xF6, 0x87, 0xF3, 0x85, 0x8F, 0x4E,
    0x42, 0x36, 0x6F, 0x77, 0x64, 0xF1, 0x2F, 0x28, 0xFF, 0x2B, 0x61, 0xD9, 0x0D, 0xF8, 0x86, 0x6F,
    0x5C, 0x98, 0x9B, 0x7A, 0x16, 0xB2, 0x4C, 0xBD, 0x7A, 0x6C, 0x8D, 0x77, 0xA3, 0xD2, 0x43, 0x79,
    0x79, 0xB9, 0x3D, 0x49, 0xA1, 0xDF, 0xB4, 0xF8, 0x93, 0xD8, 0x9E, 0xBC, 0x54, 0xB3, 0x97, 0xAF,
    0xFB, 0xFA, 0x25, 0x79, 0x79, 0x0C, 0xAB, 0x06, 0xE5, 0x27, 0x03, 0x3E, 0x08, 0xD4, 0xDF, 0xEF,
    0x18, 0x8A, 0xFB, 0x13, 0x8B, 0x55, 0x34, 0xB2, 0x88, 0xA4, 0x18, 0xE7, 0xBB, 0x2C, 0x42, 0xD5,
    0x67, 0x61, 0x95, 0x44, 0x33, 0xA1, 0xAD, 0x4F, 0x58, 0x1D, 0x11, 0x4D, 0x95, 0xB2, 0x98, 0x2F,
    0x56, 0x0E, 0xC5, 0x28, 0x8B, 0xE8, 0xA9, 0xA3, 0x23, 0xBB, 0x01, 0xAB, 0x16, 0xFE, 0x74, 0x07,
    0xF9, 0xC4, 0xCD, 0x9F, 0x75, 0x64, 0xF1, 0xCF, 0x97, 0xDE, 0x9D, 0xCA, 0x9E, 0xC5, 0x31, 0xFB,
    0x49, 0xF3, 0xF3, 0xED, 0x73, 0x74, 0x29, 0xE5, 0xBE, 0xC2, 0x32, 0x7E, 0x82, 0xC7, 0xEB, 0x01,
    0x7F, 0xF8, 0xF2, 0x0E, 0x36, 0x0D, 0xB2, 0xA7, 0xBB, 0xD7, 0xA5, 0x79, 0x42, 0x7C, 0x7B, 0x5B,
    0x44, 0x74, 0xE5, 0x53, 0x4F, 0xB9, 0xCF, 0xE0, 0xCB, 0xF7, 0x40, 0x74, 0xA7, 0xC1, 0x7B, 0xF1,
    0xAF, 0x7B, 0x2C, 0x9B, 0x8F, 0x71, 0xED, 0x75, 0x2F, 0xCE, 0xF4, 0x76, 0x75, 0xC3, 0x6A, 0xFF,
    0xF4, 0x53, 0xEE, 0xB3, 0x4E, 0x7B, 0xD9, 0x2C, 0xB0, 0x38, 0x40, 0xD5, 0xC3, 0x6A, 0x0B, 0x6B,
    0x70, 0xCD, 0x3B, 0x90, 0x0F, 0x93, 0xBF, 0xE2, 0x30, 0xF9, 0xFB, 0x56, 0xCC, 0xFE, 0xDE, 0x9F,
    0xC2, 0xED, 0x1F, 0x4D, 0x71, 0x8F, 0xFD, 0xE4, 0x2F, 0xBA, 0x33, 0xFB, 0x9B, 0x78, 0x83, 0xCD,
    0x16, 0x81, 0x62, 0xC0, 0x62, 0x97, 0x35, 0xAE, 0x2C, 0x12, 0xAA, 0xDE, 0x66, 0x5C, 0xEC, 0xCB,
    0x88, 0x9F, 0xF6, 0xB7, 0xAA, 0x7E, 0x3E, 0xB9, 0x8A, 0xED, 0xAD, 0xAC, 0x68, 0x26, 0x33, 0x26,
    0x45, 0xE2, 0x84, 0xCD, 0x11, 0xA3, 0xC9, 0x99, 0x49, 0x9A, 0xC9, 0x9A, 0x59, 0x9B, 0x08, 0xB3,
    0xB8, 0xE3, 0xD7, 0xCE, 0xCE, 0x28, 0x07, 0xC8, 0x0E, 0xA0, 0x6E, 0xE0, 0xEA, 0xA2, 0x2C, 0x5D,
    0x7D, 0x17, 0xE5, 0x01, 0x59, 0x40, 0xDD, 0x1D, 0x2D, 0x71, 0x73, 0x46, 0x4B, 0xCF, 0x9E, 0x42,
    0x5D, 0x90, 0xAB, 0xBB, 0x1C, 0xCA, 0xFB, 0xA3, 0x63, 0x16, 0xE5, 0x3D, 0x14, 0xFB, 0x09, 0x5D,
    0xD6, 0xDC, 0xE2, 0xBC, 0xD6, 0x66, 0x54, 0x43, 0x85, 0x3A, 0x36, 0x33, 0x0F, 0x78, 0xB7, 0x1A,
    0x40, 0x73, 0x51, 0xBE, 0xAE, 0x91, 0xC5, 0x5B, 0x49, 0x11, 0x9F, 0x6F, 0x4D, 0x0F, 0xBA, 0x54,
    0x79, 0x7C, 0xAB, 0xE1, 0xFA, 0xBC, 0x96, 0x38, 0x83, 0x87, 0xF3, 0x15, 0x2A, 0x59, 0x83, 0xB3,
    0x1A, 0xC9, 0x26, 0x54, 0x09, 0xAB, 0xFD, 0x84, 0x1E, 0xD5, 0x8E, 0x4D, 0xEC, 0x97, 0xB1, 0xFD,
    0x82, 0x45, 0x30, 0x78, 0x48, 0xEE, 0x8F, 0xCC, 0xA2, 0xCD, 0x12, 0xB1, 0x2B, 0x13, 0x75, 0x44,
    0xC7, 0x22, 0x0E, 0x77, 0xCB, 0xCE, 0x57, 0x4F, 0x2D, 0x48, 0xAC, 0x77, 0xB0, 0xEA, 0xA8, 0x87,
    0x2A, 0x9A, 0xF5, 0x58, 0x45, 0xBB, 0x18, 0xB3, 0x68, 0xCB, 0xD1, 0x33, 0xA1, 0x98, 0x11, 0xF9,
    0x84, 0xBF, 0x89, 0x2E, 0x8B, 0xD8, 0xEC, 0xAD, 0x87, 0xF5, 0x30, 0xFB, 0xE0, 0x1A, 0x02, 0x79,
    0xB4, 0x13, 0x1A, 0x1C, 0xFC, 0xFA, 0x37, 0x94, 0x86, 0xDF, 0xFC, 0x86, 0xD2, 0x65, 0xF8, 0x83,
    0xC5, 0x01, 0xD5, 0xA6, 0xE5, 0x95, 0xAA, 0x43, 0xD5, 0x22, 0x20, 0x9D, 0xE0, 0x6C, 0x3A, 0x7D,
    0xAF, 0x81, 0x3C, 0x40, 0x31, 0x80, 0x2A, 0xDD, 0xCB, 0xE2, 0x5D, 0xF3, 0x7B, 0xC0, 0x66, 0xD6,
    0xB6, 0x8F, 0x76, 0x6A, 0x86, 0x75, 0x37, 0x07, 0xBC, 0x6C, 0xE7, 0xA6, 0x32, 0x37, 0xEF, 0xCD,
    0x4D, 0xF4, 0x73, 0x73, 0x70, 0x74, 0xF2, 0xE5, 0x9A, 0xFD, 0xA9, 0x39, 0x7A, 0x3C, 0x8A, 0x3C,
    0x9A, 0x9C, 0x55, 0x9E, 0x5C, 0x1E, 0x67, 0x44, 0xD5, 0x1E, 0xEA, 0x7B, 0xD9, 0xF4, 0x40, 0xC3,
    0x8D, 0x32, 0x99, 0xCF, 0x4F, 0x26, 0xDF, 0xDE, 0x4F, 0x2A, 0xFF, 0x62, 0x5F, 0x4D, 0x2E, 0xD3,
    0x64, 0xEA, 0x2F, 0x77, 0x13, 0xA3, 0x99, 0xF8, 0x6F, 0x66, 0x77, 0xBF, 0x91, 0xC5, 0xCC, 0xD9,
    0xAA, 0x59, 0xAB, 0xD9, 0xAB, 0x59, 0xAC, 0xC9, 0xEC, 0xE9, 0x76, 0x2C, 0x46, 0x90, 0x05, 0xB0,
    0x6E, 0x41, 0xB5, 0x05, 0x59, 0xF3, 0x22, 0xA8, 0xBD, 0x9F, 0x7D, 0xAB, 0xB7, 0x50, 0x25, 0x77,
    0x6A, 0xAF, 0x9F, 0xB7, 0x5A, 0xEB, 0x2D, 0x88, 0x1E, 0x6C, 0x07, 0x60, 0x00, 0x8B, 0x04, 0xAA,
    0x06, 0x54, 0x5E, 0x08, 0xC3, 0x77, 0x43, 0xC1, 0x71, 0x2C, 0x38, 0x0E, 0x06, 0xAA, 0x16, 0x02,
    0x24, 0x1A, 0xD2, 0x73, 0xB7, 0xFD, 0x1A, 0xC8, 0xA3, 0xD8, 0xA1, 0x8C, 0xCF, 0x3B, 0xE6, 0x9C,
    0x00, 0x55, 0x11, 0xC0, 0xF5, 0x0B, 0xA1, 0x39, 0x73, 0x5A, 0x4A, 0xB4, 0x89, 0x01, 0x87, 0x99,
    0xA9, 0x4E, 0xE6, 0xD2, 0xE9, 0x79, 0xAB, 0xF5, 0xA2, 0x8C, 0xAD, 0xEE, 0xCD, 0xF4, 0xD6, 0xC9,
    0xDD, 0x5C, 0x6F, 0xD5, 0x01, 0x34, 0xF0, 0xBC, 0x15, 0x5E, 0x83, 0x80, 0xE9, 0xC2, 0x89, 0x0D,
    0x1C, 0x8E, 0xC5, 0x36, 0xAA, 0x01, 0x8A, 0x11, 0xC4, 0xBD, 0x9B, 0xCE, 0x1A, 0x80, 0x79, 0x05,
    0xA4, 0x99, 0xA9, 0x0A, 0xC5, 0xDE, 0x22, 0x14, 0x49, 0x11, 0x8A, 0xED, 0xE4, 0xA8, 0xEA, 0x88,
    0xAE, 0x6A, 0xA6, 0xB0, 0x6B, 0xD4, 0xE9, 0x11, 0x96, 0xFB, 0x01, 0xD5, 0x90, 0x50, 0xC6, 0x0E,
    0x45, 0x74, 0xC8, 0x66, 0x8A, 0xF6, 0x69, 0x9E, 0xCE, 0xAE, 0xE2, 0x33, 0xAC, 0x23, 0x8E, 0xE5,
    0x79, 0x16, 0x2D, 0xEA, 0x0E, 0x55, 0x42, 0xBE, 0xBF, 0x0B, 0x8F, 0x88, 0xB7, 0xA3, 0x9B, 0xB1,
    0x1A, 0x1C, 0x54, 0x83, 0xC1, 0x62, 0xB0, 0x57, 0x8C, 0xD2, 0x24, 0x29, 0xC9, 0xA2, 0xD8, 0xBA,
    0x55, 0xDC, 0xB1, 0xF9, 0xFB, 0x96, 0xFA, 0x1F, 0x50, 0x7F, 0x8A, 0xE5, 0xE1, 0x68, 0xC1, 0x62,
    0x42, 0xD1, 0x4F, 0x48, 0x28, 0x27, 0x54, 0x1D, 0xEA, 0x8E, 0x3C, 0x4C, 0x72, 0x51, 0xFF, 0xE8,
    0x2B, 0x77, 0xF2, 0x5B, 0x5E, 0x19, 0x9C, 0x68, 0x73, 0x46, 0x29, 0x37, 0x54, 0x4F, 0x46, 0xEA,
    0x4F, 0x42, 0x1E, 0x65, 0x58, 0x0F, 0xF9, 0x30, 0x4B, 0xF9, 0x3F, 0x2F, 0x21, 0x5C, 0x82, 0xC4,
    0x6A, 0xC4, 0x6A, 0xC3, 0xBC, 0xDC, 0xC5, 0x0A, 0xD9, 0x38, 0x21, 0xC1, 0xEE, 0xAB, 0xEA, 0x62,
    0xCF, 0x54, 0x17, 0x5F, 0x86, 0xC7, 0x97, 0x20, 0xBA, 0x5E, 0x1E, 0x9F, 0x27, 0x45, 0x44, 0x52,
    0x76, 0xD1, 0xE1, 0xEA, 0xAB, 0xB3, 0xF7, 0xDF, 0x9D, 0x97, 0x31, 0x8C, 0xDC, 0xC6, 0xD5, 0xC7,
    0x7F, 0x5C, 0x9E, 0xB4, 0xB0, 0xF8, 0xC1, 0xA3, 0x42, 0xFA, 0x60, 0x7D, 0xF8, 0x12, 0xBA, 0x48,
    0x13, 0x21, 0x36, 0x53, 0x04, 0x48, 0x8A, 0xDD, 0x9B, 0x09, 0x54, 0xB8, 0x8C, 0x0A, 0x1F, 0x02,
    0xA4, 0x72, 0x19, 0x24, 0x08, 0x94, 0x22, 0x55, 0x70, 0x27, 0xD2, 0x50, 0x91, 0xD2, 0x2E, 0x92,
    0x5E, 0x85, 0x1B, 0x1F, 0x10, 0x20, 0x45, 0x4A, 0x39, 0x1C, 0xDD, 0x15, 0x2E, 0x45, 0x43, 0x85,
    0x8B, 0xA4, 0xA0, 0x23, 0x27, 0xAE, 0x82, 0x4C, 0x6C, 0x16, 0x4C, 0xC4, 0xE5, 0xCB, 0x0C, 0x87,
    0x1B, 0xDD, 0xDA, 0x8A, 0x7C, 0xF2, 0x7F, 0xDE, 0xFF, 0xED, 0xE3, 0xCC, 0x7B, 0x6F, 0xDF, 0x7B,
    0xBB, 0xBC, 0xE3, 0xDE, 0x74, 0x4F, 0xC3, 0x5D, 0xF8, 0xCE, 0xFF, 0x7F, 0xED, 0x17, 0xCB, 0x66,
    0xD9, 0xE4, 0xDD, 0x77, 0xFF, 0x94, 0xDA, 0x2F, 0x5B, 0x8B, 0x0A, 0x16, 0x16, 0x57, 0x0E, 0x32,
    0x38, 0xF7, 0xA9, 0x75, 0x7C, 0xD9, 0xBA, 0x0B, 0xA4, 0x95, 0x42, 0x6F, 0xB4, 0x28, 0x95, 0xBE,
    0x85, 0xFA, 0xD2, 0x75, 0xE9, 0xFA, 0x31, 0xA5, 0x18, 0x2F, 0x5A, 0x38, 0x6B, 0xD7, 0x22, 0x4E,
    0x3C, 0x7F, 0x72, 0x7C, 0x7C, 0x57, 0x8B, 0x48, 0xE0, 0xD5, 0x83, 0x83, 0xD7, 0xB5, 0x4C, 0xE8,
    0xB6, 0xAF, 0x7E, 0x2F, 0xE0, 0xE6, 0xE7, 0xF7, 0x61, 0x8B, 0x7B, 0xEA, 0xAB, 0x2E, 0x9F, 0xDB,
    0x68, 0x11, 0x7B, 0xFD, 0xF8, 0xB8, 0x02, 0x08, 0x76, 0x20, 0x3F, 0x5F, 0xBA, 0xDC, 0xAC, 0xD1,
    0x94, 0xB6, 0x6C, 0x74, 0x93, 0x5B, 0x28, 0x8C, 0xB6, 0x65, 0xAB, 0x5B, 0xD5, 0xA6, 0x56, 0x55,
    0x35, 0x1D, 0xF0, 0x02, 0x3A, 0x9C, 0xB7, 0x79, 0xEB, 0xA7, 0x6E, 0x0B, 0x06, 0x0C, 0xAA, 0xD2,
    0x4D, 0xD9, 0xFA, 0x38, 0xD6, 0xE4, 0x64, 0x2D, 0x0E, 0x7C, 0xBE, 0xA5, 0xD3, 0xB9, 0xE9, 0xD6,
    0x69, 0xAB, 0x53, 0x57, 0xBE, 0x3F, 0x94, 0x1F, 0x8E, 0xFA, 0xE1, 0x98, 0xDF, 0x1F, 0x80, 0xE2,
    0xFB, 0x9D, 0x3E, 0xDD, 0x94, 0x8F, 0x46, 0xFD, 0x48, 0x54, 0x3B, 0xA6, 0x76, 0xAD, 0xAA, 0xA1,
    0x5E, 0xBA, 0x4E, 0x99, 0xE9, 0x3D, 0xDE, 0xD6, 0xA7, 0x43, 0xF9, 0x30, 0x9C, 0xE6, 0x1F, 0xC9,
    0xB2, 0x59, 0x2F, 0xED, 0x61, 0xB1, 0xE8, 0x06, 0x65, 0xCD, 0x1E, 0xAA, 0xEA, 0x7D, 0x1E, 0x1F,
    0x5B, 0xBE, 0xBF, 0x29, 0x53, 0xE7, 0xF3, 0xE7, 0x89, 0xCB, 0xDA, 0x1A, 0xA7, 0x88, 0x10, 0x18,
    0xE1, 0x0F, 0x70, 0x04, 0x2B, 0x7E, 0xBD, 0xFA, 0x5F, 0x99, 0xF0, 0xCF, 0xD5, 0x2D, 0xDE, 0x03,
    0x89, 0xB2, 0xEB, 0x76, 0x08, 0xAB, 0xA7, 0x49, 0x84, 0xCC, 0x6E, 0x66, 0x95, 0xC8, 0x84, 0xF1,
    0xA8, 0x0E, 0x51, 0x32, 0xC9, 0xED, 0x33, 0xFE, 0xF3, 0x66, 0x30, 0xBC, 0x8F, 0x4C, 0xF0, 0x51,
    0x1C, 0x4D, 0x19, 0x04, 0x0E, 0xC8, 0x36, 0x68, 0x31, 0x5A, 0x6C, 0xB9, 0x15, 0x1D, 0xC4, 0xA8,
    0x11, 0x0C, 0x0D, 0x6C, 0x40, 0x1A, 0x64, 0x83, 0x88, 0x95, 0x11, 0x69, 0x19, 0xA1, 0x05, 0x08,
    0x93, 0x6E, 0xB5, 0xD3, 0x2E, 0xB7, 0xAA, 0xCA, 0x66, 0x3B, 0xAE, 0xDC, 0xE6, 0xCD, 0x35, 0x2E,
    0x92, 0x54, 0x52, 0xE9, 0x46, 0x75, 0x62, 0xFD, 0x5E, 0x1F, 0xB4, 0xEA, 0x6B, 0x53, 0x34, 0xCA,
    0xED, 0x91, 0x80, 0xB9, 0x88, 0x6E, 0xA6, 0x88, 0x26, 0x61, 0xBA, 0x0B, 0x38, 0xCF, 0xBA, 0x3B,
    0x7D, 0xFF, 0x51, 0xE7, 0x5A, 0x97, 0xA0, 0x1E, 0x9F, 0xAC, 0xF3, 0xDD, 0x95, 0xF5, 0xF8, 0x3B,
    0xE2, 0x3A, 0x7F, 0x04, 0x2F, 0xC6, 0x75, 0xDE, 0x88, 0x2D, 0x16, 0x62, 0xE7, 0xCF, 0x56, 0x3D,
    0x76, 0x0C, 0x04, 0x84, 0xEF, 0x65, 0x47, 0x80, 0xAE, 0x86, 0x85, 0x8B, 0x96, 0xD9, 0xA4, 0xCD,
    0x6C, 0x8D, 0x99, 0xDD, 0x5A, 0xCA, 0x6C, 0xAD, 0x82, 0x39, 0x62, 0xB3, 0xCE, 0x3E, 0x26, 0x6B,
    0x29, 0xEC, 0x70, 0xAF, 0x94, 0x50, 0x9A, 0x3A, 0xE9, 0xBB, 0x41, 0xBF, 0x39, 0x68, 0x93, 0xC9,
    0xA7, 0x9F, 0x0E, 0xF9, 0x69, 0x57, 0xD8, 0x44, 0xEE, 0x3C, 0xEA, 0xD5, 0x43, 0x97, 0x5B, 0xC8,
    0x4E, 0x3B, 0xF5, 0xA1, 0x53, 0x16, 0xD4, 0x9D, 0x4E, 0x7D, 0xE2, 0x54, 0x03, 0x79, 0xBA, 0xB5,
    0xF6, 0xBD, 0xF5, 0x70, 0x3A, 0x3D, 0x4C, 0x7B, 0x75, 0xDA, 0x85, 0x88, 0x3E, 0xF1, 0x59, 0xFA,
    0xA2, 0x22, 0x71, 0x8C, 0x25, 0x9B, 0x12, 0xD2, 0x16, 0xBD, 0x41, 0xC7, 0x0E, 0x12, 0x13, 0x64,
    0xC6, 0x6E, 0xA3, 0x3B, 0xBD, 0xEE, 0xB4, 0xBB, 0xD3, 0xF1, 0x4E, 0xD3, 0x3B, 0x7D, 0xEF, 0xB4,
    0xBE, 0xD3, 0xFD, 0xCE, 0x00, 0x26, 0x99, 0x67, 0x10, 0x25, 0x8E, 0xA1, 0x8A, 0x12, 0x27, 0x71,
    0x12, 0x44, 0x6D, 0x87, 0x31, 0x49, 0x13, 0xE7, 0xF1, 0xB0, 0x53, 0x8F, 0x3A, 0xD5, 0xC6, 0x91,
    0x3C, 0xDA, 0x5E, 0xE4, 0xE9, 0x93, 0x8B, 0x38, 0x98, 0x49, 0x9A, 0x79, 0x36, 0x93, 0xCC, 0xE3,
    0xB9, 0x3F, 0x89, 0x8D, 0x13, 0x8A, 0x62, 0xE2, 0x90, 0x66, 0x89, 0x73, 0x9A, 0x25, 0xEF, 0x0B,
    0xA7, 0x5B, 0x6D, 0x75, 0xA5, 0x39, 0x02, 0x7F, 0x5D, 0xB6, 0x85, 0xAB, 0xAD, 0x6E, 0xA5, 0xD2,
    0x56, 0xD0, 0xD5, 0x88, 0x66, 0xE0, 0x28, 0xE9, 0x20, 0x9E, 0x7F, 0x24, 0x95, 0xF7, 0x38, 0x11,
    0xBC, 0xCF, 0x9D, 0x11, 0xEF, 0x95, 0x0E, 0xC1, 0x2F, 0xED, 0x83, 0x67, 0xEA, 0x82, 0xEF, 0xB2,
    0x21, 0x22, 0xDC, 0x9E, 0xCA, 0xAF, 0xB4, 0x5B, 0xF4, 0x0C, 0x30, 0xE5, 0x75, 0x62, 0x95, 0xD3,
    0x13, 0x53, 0xDF, 0xC4, 0xA2, 0xCF, 0xDA, 0x29, 0x10, 0xB6, 0x39, 0x9D, 0x9C, 0x0A, 0xE1, 0x7C,
    0xAB, 0x83, 0x9F, 0x36, 0xC1, 0xB3, 0xA8, 0x82, 0xAF, 0xB2, 0x44, 0x5C, 0x85, 0x12, 0xC4, 0x26,
    0xD2, 0xA4, 0x9F, 0xB9, 0xE5, 0x9F, 0x3B, 0x65, 0x87, 0xDC, 0xBC, 0xA7, 0xD1, 0xAC, 0xBC, 0x63,
    0x97, 0xB9, 0xBC, 0xD1, 0x36, 0x2C, 0x5F, 0x84, 0x63, 0x60, 0xB5, 0xA2, 0x40, 0xD9, 0xCC, 0xA5,
    0xC3, 0x62, 0x93, 0x8C, 0xE9, 0xB0, 0xF4, 0xC9, 0x0A, 0xB3, 0x06, 0x0A, 0x03, 0xAF, 0x52, 0x5A,
    0x65, 0x74, 0x55, 0x36, 0xBA, 0x52, 0x7E, 0x30, 0x23, 0x69, 0x9F, 0xA7, 0x3D, 0x8C, 0xA8, 0x16,
    0x74, 0xA5, 0x2B, 0xBC, 0x35, 0x42, 0x76, 0xE3, 0x71, 0xFF, 0x75, 0x74, 0x23, 0x6D, 0x69, 0xC3,
    0x08, 0x6B, 0x1B, 0xEC, 0xDA, 0xE6, 0x77, 0x1E, 0xF7, 0x85, 0x89, 0x3E, 0xD1, 0x3F, 0xC6, 0xA6,
    0xFD, 0xA5, 0xB4, 0x27, 0xE6, 0x8C, 0xF9, 0xE3, 0x7B, 0xED, 0xA1, 0xAB, 0x04, 0xDF, 0xB0, 0xF1,
    0x44, 0x4E, 0x22, 0xEB, 0xFB, 0x9E, 0x95, 0x50, 0x7A, 0x6A, 0x33, 0x46, 0xB2, 0x99, 0x79, 0x6F,
    0x62, 0xC1, 0x21, 0x17, 0xB8, 0x42, 0xC0, 0x35, 0xBE, 0x31, 0xC5, 0xC4, 0x1C, 0x31, 0x6E, 0x8F,
    0xCB, 0x04, 0x64, 0xE2, 0x63, 0x45, 0x1A, 0x69, 0xF2, 0x4E, 0xAA, 0x6C, 0x28, 0xCB, 0x4F, 0x36,
    0x89, 0xFE, 0x64, 0x43, 0xF1, 0x47, 0xCF, 0x07, 0x03, 0xF9, 0x83, 0x8E, 0x5C, 0x1A, 0xD4, 0xC8,
    0xD4, 0xA5, 0xB2, 0x9E, 0x15, 0x5C, 0x20, 0xE2, 0x12, 0xA0, 0x2D, 0x94, 0xAD, 0x67, 0x13, 0x6D,
    0x40, 0x8B, 0xF4, 0x81, 0x4C, 0xE8, 0x80, 0xC4, 0x69, 0x42, 0xB8, 0xEA, 0x48, 0x84, 0x85, 0x4C,
    0x87, 0xB9, 0x88, 0x61, 0x07, 0x99, 0x48, 0x4B, 0x22, 0x1E, 0xDE, 0xFC, 0xCD, 0x8F, 0x24, 0x7C,
    0xA8, 0x2C, 0xFB, 0x43, 0x80, 0x23, 0x66, 0xA8, 0x99, 0x6B, 0x60, 0x35, 0xE7, 0x77, 0x90, 0x36,
    0x9E, 0x16, 0x94, 0x89, 0xC7, 0x3A, 0xD0, 0xC0, 0x63, 0x0B, 0x9F, 0x35, 0xFE, 0xD8, 0x91, 0xDA,
    0x0E, 0x65, 0x56, 0x28, 0xD6, 0x7E, 0x29, 0xBC, 0x65, 0x3A, 0x96, 0x96, 0x2D, 0x18, 0x08, 0x30,
    0xC3, 0x1E, 0x40, 0x77, 0x6F, 0x05, 0x24, 0xE3, 0x2F, 0xC7, 0xF0, 0x22, 0x12, 0x5E, 0x58, 0x4A,
    0x15, 0xAF, 0x36, 0xC0, 0xC2, 0x9F, 0x45, 0xCF, 0xC3, 0x27, 0x71, 0xD7, 0x19, 0x92, 0x77, 0x40,
    0xF3, 0xFA, 0xA2, 0xE3, 0xDB, 0xFB, 0x17, 0x92, 0x37, 0xDD, 0xCB, 0x47, 0xEB, 0x22, 0x75, 0xFF,
    0xE8, 0xE5, 0x6F, 0xF2, 0xDA, 0xE6, 0xF1, 0x70, 0x4B, 0xC6, 0x44, 0xE4, 0xE3, 0x8B, 0xD2, 0x92,
    0x8B, 0x11, 0x91, 0xD7, 0x44, 0x86, 0x7A, 0x5D, 0xA6, 0xFD, 0x67, 0xC3, 0xF7, 0xF6, 0xD5, 0xE2,
    0x03, 0xF7, 0x7B, 0x34, 0x2C, 0x1C, 0x68, 0x48, 0x7B, 0x6A, 0x41, 0xCE, 0x08, 0x53, 0xCD, 0xCA,
    0x33, 0x07, 0xF4, 0x3C, 0x87, 0x61, 0x9E, 0x43, 0xE0, 0x7C, 0xAC, 0xCE, 0x7F, 0x1C, 0x4C, 0xB1,
    0xFA, 0x5F, 0x95, 0x6E, 0x79, 0x96, 0x88, 0x0D, 0xF2, 0x0C, 0x07, 0x37, 0xFB, 0x00, 0x22, 0xE6,
    0xA7, 0x62, 0x16, 0x62, 0x92, 0xFF, 0x2E, 0x12, 0xE4, 0x59, 0x0E, 0xE9, 0xEC, 0xC3, 0x16, 0x4A,
    0x3A, 0x0A, 0x69, 0x28, 0x45, 0x12, 0x91, 0x01, 0xB1, 0x72, 0x2A, 0xA9, 0x20, 0x55, 0x79, 0x3A,
    0x26, 0x42, 0x69, 0xCA, 0x0F, 0x36, 0x48, 0x95, 0x50, 0xB6, 0x7B, 0x89, 0x54, 0x50, 0x37, 0xF8,
    0x44, 0x20, 0x96, 0x54, 0x20, 0xEC, 0x2D, 0x47, 0x26, 0xE6, 0x3D, 0xE8, 0x0E, 0xA4, 0xC1, 0x07,
    0x92, 0x6C, 0x80, 0xFD, 0x79, 0x5A, 0x6B, 0xA0, 0x07, 0xAE, 0x00, 0x37, 0x79, 0x82, 0x97, 0x80,
    0x37, 0x00, 0x81, 0x74, 0xB3, 0x4D, 0x17, 0x5F, 0xD3, 0x71, 0xDE, 0x1F, 0x80, 0x3D, 0xE0, 0xF2,
    0x99, 0xAA, 0xBD, 0xC3, 0x54, 0x73, 0x25, 0x56, 0xEE, 0x8B, 0xF1, 0x57, 0x56, 0x8C, 0xAF, 0xB6,
    0x11, 0x42, 0xAD, 0x42, 0xA8, 0x54, 0x00, 0xB1, 0xB1, 0x4A, 0x99, 0x6A, 0xAC, 0xA7, 0x0A, 0x6F,
    0x87, 0xFA, 0x82, 0xDE, 0x87, 0xF5, 0x24, 0x2B, 0xB8, 0x32, 0xC9, 0x5C, 0xD5, 0x24, 0x02, 0x12,
    0x42, 0xFF, 0x23, 0x71, 0x87, 0xBD, 0x20, 0x11, 0x62, 0xCB, 0xB0, 0x7D, 0x22, 0xD2, 0x13, 0x26,
    0xB7, 0xF1, 0x7A, 0x48, 0x85, 0xFA, 0x64, 0x58, 0x78, 0x5D, 0x5D, 0xF1, 0xBA, 0xAC, 0x48, 0x05,
    0x6D, 0x66, 0x9D, 0x0D, 0x68, 0x28, 0x3A, 0x34, 0x89, 0x58, 0x34, 0x8B, 0x81, 0xA0, 0x3B, 0x28,
    0x48, 0x1C, 0x5C, 0x38, 0x33, 0xA1, 0x6B, 0xF0, 0x36, 0xD4, 0x76, 0x39, 0x80, 0xD8, 0x6C, 0x33,
    0xE9, 0x01, 0xCA, 0x2A, 0x1D, 0xA6, 0x2A, 0x4C, 0x1C, 0x4B, 0x2D, 0xD2, 0xC9, 0xCC, 0x52, 0xC4,
    0xE5, 0x9E, 0xC9, 0xBB, 0x37, 0xE6, 0x5B, 0x79, 0x69, 0x21, 0x9B, 0xFF, 0xDC, 0x28, 0xF3, 0xE4,
    0x9B, 0xBE, 0x3F, 0x7F, 0x30, 0x87, 0xC0, 0x00, 0xF4, 0x40, 0x07, 0x8B, 0xF9, 0xAB, 0xBD, 0x45,
    0x48, 0xCA, 0x2D, 0x91, 0x0D, 0x4B, 0xDF, 0x28, 0xE9, 0x33, 0xD4, 0x18, 0xD4, 0x10, 0x54, 0xEB,
    0x95, 0xE3, 0x2B, 0xA8, 0x65, 0x50, 0xB7, 0x4E, 0x36, 0x84, 0xB1, 0x1A, 0x0E, 0xCC, 0x01, 0x2C,
    0x45, 0xA4, 0x10, 0x19, 0x4B, 0xB9, 0x61, 0xE5, 0x73, 0xAC, 0x3D, 0xB5, 0xDC, 0x68, 0x72, 0x11,
    0x49, 0x8E, 0x8F, 0x8F, 0x45, 0xA4, 0xA9, 0x45, 0xFA, 0xF4, 0xBE, 0x6C, 0x3C, 0xE5, 0x73, 0x1C,
    0x97, 0xF7, 0x65, 0x08, 0x1D, 0x79, 0x57, 0xC3, 0x55, 0x40, 0xC3, 0x65, 0x9D, 0xB0, 0xDA, 0xCF,
    0x91, 0x9F, 0x89, 0xA9, 0xA7, 0x5B, 0xA8, 0xE1, 0x96, 0x8C, 0xC8, 0x6F, 0xC5, 0xF8, 0x3F, 0x37,
    0xBC, 0xBC, 0x7F, 0x61, 0xF2, 0xE3, 0x3A, 0x94, 0x88, 0x0D, 0x4B, 0x73, 0x16, 0x2F, 0x50, 0x4E,
    0xBB, 0xC2, 0xC0, 0x8A, 0xC2, 0x2C, 0x1B, 0x0C, 0x11, 0xB9, 0xF4, 0x90, 0x88, 0x48, 0x45, 0xD6,
    0x93, 0x3B, 0x8A, 0x8A, 0x64, 0x98, 0x86, 0xAF, 0xF9, 0x31, 0xF0, 0x7F, 0x7C, 0x35, 0xBC, 0x0E,
    0x5C, 0xE0, 0x36, 0xA0, 0xD1, 0x15, 0x0C, 0xA8, 0x8E, 0xAC, 0x63, 0x21, 0x22, 0x16, 0x0A, 0xD9,
    0x00, 0x1C, 0x00, 0xCF, 0xDD, 0xA7, 0x7E, 0xFE, 0xB9, 0xE8, 0xAA, 0x2B, 0x3F, 0x70, 0xF5, 0x23,
    0x57, 0x9E, 0x36, 0xF9, 0x6B, 0x16, 0xE5, 0xC5, 0x90, 0x43, 0x01, 0xFB, 0x70, 0x08, 0xF7, 0xA0,
    0x07, 0xC7, 0xC2, 0x91, 0xB6, 0xA4, 0xF6, 0xED, 0xEC, 0xFD, 0x41, 0xBD, 0x35, 0xA8, 0x6C, 0x28,
    0xD2, 0x81, 0x38, 0x2F, 0xD5, 0xE1, 0xB4, 0xE0, 0x0E, 0xF5, 0x89, 0xBB, 0x97, 0x49, 0xDB, 0x27,
    0x62, 0x6F, 0x4E, 0xE5, 0x1F, 0xDC, 0x9C, 0x7F, 0x45, 0x92, 0x8A, 0xC8, 0x80, 0x6A, 0xA1, 0x66,
    0x0D, 0x2C, 0x6D, 0xFC, 0xB7, 0x48, 0x61, 0xB8, 0x98, 0xFF, 0x0F, 0xF9, 0x0F, 0x0A, 0xD4, 0x83,
    0x92, 0x54, 0x7A, 0xDE, 0x95, 0xBF, 0x36, 0x22, 0xD2, 0x06, 0x26, 0xD2, 0xA1, 0xFE, 0x3E, 0x52,
    0x3C, 0xD0, 0x46, 0xE5, 0x2F, 0x42, 0x31, 0x0D, 0x10, 0xC8, 0x5A, 0xC8, 0x3B, 0x28, 0x3C, 0x73,
    0x07, 0x59, 0x03, 0x50, 0x1A, 0x10, 0x3B, 0xB3, 0x82, 0x57, 0x09, 0x58, 0x18, 0x50, 0x2E, 0xFA,
    0x06, 0x06, 0x3B, 0x89, 0xCF, 0x6C, 0xBF, 0x1A, 0xA7, 0x87, 0xB6, 0x6C, 0x98, 0x9E, 0xB0, 0x54,
    0x3F, 0x3D, 0xB6, 0x29, 0x37, 0x3D, 0xB7, 0xA9, 0x56, 0xC7, 0x67, 0xAA, 0xE9, 0xC9, 0x2D, 0x37,
    0xCC, 0x48, 0x7A, 0x20, 0xDD, 0x00, 0xCB, 0x31, 0x58, 0x63, 0xDC, 0x8B, 0xA8, 0x0D, 0xCA, 0x89,
    0xA5, 0xE8, 0xA2, 0xAA, 0xC8, 0xDD, 0x35, 0xB8, 0x58, 0xC1, 0x1B, 0x5F, 0x0C, 0x4B, 0x07, 0x80,
    0xCB, 0xA0, 0x43, 0x07, 0x62, 0xC9, 0x9F, 0xC4, 0xBA, 0x69, 0x0F, 0x88, 0x7E, 0x73, 0x44, 0x8C,
    0xDD, 0x00, 0xBC, 0x03, 0xD7, 0x42, 0x73, 0x52, 0xCD, 0x61, 0x51, 0x4D, 0x15, 0xEC, 0x41, 0x32,
    0xCD, 0x43, 0xAC, 0x5F, 0xD5, 0x37, 0x79, 0x3A, 0xAE, 0x21, 0x55, 0xF0, 0xA8, 0xCD, 0x1E, 0xCF,
    0x7E, 0xA7, 0x5D, 0x3C, 0xA5, 0xDE, 0x7C, 0xAE, 0x77, 0x17, 0xCF, 0xEE, 0xFA, 0x95, 0xD4, 0x7E,
    0xAB, 0x4E, 0x1B, 0x11, 0xCF, 0xF0, 0xFA, 0x52, 0xDA, 0xBC, 0x44, 0xDA, 0x10, 0x28, 0x33, 0xAE,
    0xFE, 0xF0, 0x2F, 0x07, 0xDB, 0xBD, 0x32, 0x6D, 0x6E, 0xCB, 0xEC, 0xAF, 0xBD, 0xFD, 0xC5, 0x06,
    0xF5, 0xEE, 0xAD, 0xBE, 0xDB, 0xE0, 0xEC, 0x5D, 0x7A, 0xFB, 0x1A, 0x75, 0xB5, 0xF5, 0xD3, 0xD1,
    0xA7, 0x7A, 0x65, 0xC7, 0x83, 0x33, 0xBF, 0x36, 0x9F, 0xE3, 0x97, 0xEA, 0x8B, 0x71, 0x9D, 0x37,
    0x42, 0x0F, 0x45, 0xAF, 0x5C, 0xD6, 0x86, 0xEB, 0xF3, 0x45, 0x2C, 0xAA, 0xD4, 0x66, 0xAD, 0x72,
    0x45, 0xAF, 0x87, 0xF3, 0x45, 0xA4, 0x56, 0xB9, 0x95, 0x87, 0x72, 0xE7, 0x7D, 0x8F, 0xDA, 0x3E,
    0x5F, 0xE7, 0xFF, 0x06, 0xED, 0x92, 0x01, 0x84, 0x25, 0x47, 0x10, 0x86, 0xFF, 0x99, 0x26, 0x83,
    0x46, 0x81, 0x00, 0x59, 0x0D, 0x00, 0x68, 0x08, 0x82, 0xBD, 0xED, 0xE1, 0x01, 0xE0, 0x02, 0x01,
    0x70, 0x01, 0x10, 0xD8, 0x40, 0x08, 0x76, 0x75, 0x4B, 0x00, 0x90, 0x00, 0x00, 0x07, 0x00, 0xB8,
    0x00, 0x20, 0x97, 0xA9, 0x58, 0x04, 0xB0, 0xB3, 0x1C, 0x87, 0xE0, 0x75, 0x84, 0x10, 0xF0, 0x3A,
    0x32, 0x72, 0x4D, 0x7A, 0x5E, 0xA5, 0xEC, 0xF3, 0xDC, 0x63, 0x17, 0x07, 0x04, 0xCE, 0xFF, 0xD5,
    0x68, 0x55, 0xD3, 0x7F, 0x17, 0x55, 0x00, 0x8C, 0x24, 0xDA, 0x95, 0xF0, 0xED, 0x12, 0x36, 0x2D,
    0xF4, 0x2D, 0x1E, 0x09, 0xCA, 0xA6, 0xFA, 0x9B, 0x42, 0x92, 0x7B, 0x19, 0x29, 0x39, 0xB6, 0x23,
    0x30, 0xB1, 0x67, 0x3A, 0x51, 0xCC, 0xD3, 0x02, 0x62, 0x04, 0xD6, 0x52, 0xB7, 0x63, 0x73, 0xCB,
    0x44, 0x7C, 0x46, 0xFC, 0xE4, 0xD9, 0xAB, 0x49, 0xDA, 0x87, 0xCF, 0x5E, 0x69, 0x15, 0x52, 0x15,
    0x35, 0x22, 0x29, 0xCA, 0x19, 0x7E, 0x38, 0x03, 0xBC, 0x24, 0x2F, 0x05, 0xC3, 0x02, 0x53, 0x9F,
    0x98, 0x1A, 0x86, 0x12, 0x24, 0x5B, 0x19, 0x01, 0x18, 0x7D, 0xEF, 0x3B, 0x0E, 0x03, 0x5F, 0x77,
    0xF8, 0x11, 0x10, 0xC1, 0xDE, 0x71, 0xB3, 0x73, 0xB3, 0xF9, 0xA5, 0xCD, 0x17, 0xC4, 0xFE, 0x45,
    0x1A, 0x56, 0x88, 0xCC, 0x22, 0x59, 0xBF, 0xD9, 0xF0, 0xF7, 0x34, 0xC2, 0x01, 0x17, 0xC0, 0x15,
    0xD0, 0xD0, 0x17, 0x98, 0x02, 0x9A, 0x41, 0x8C, 0x7B, 0x43, 0x76, 0xAF, 0x4B, 0xF8, 0xA6, 0x2A,
    0xFE, 0xF7, 0x42, 0x92, 0x8C, 0x64, 0xB7, 0xAD, 0xC1, 0xB4, 0x88, 0x16, 0xBA, 0xE6, 0x77, 0xCB,
    0x20, 0x09, 0x80, 0x5D, 0x11, 0x2E, 0xC7, 0x97, 0x74, 0xFF, 0xDC, 0x90, 0xD7, 0x21, 0x87, 0x17,
    0x99, 0xDE, 0x64, 0x58, 0xF5, 0xE2, 0x2F, 0x29, 0x5D, 0x47, 0xF8, 0x05, 0x38, 0x7F, 0x4B, 0x90,
    0xA6, 0x9C, 0x66, 0x80, 0x63, 0x12, 0x88, 0xC7, 0xC3, 0x21, 0x19, 0x0F, 0xE7, 0x8F, 0xD0, 0x4C,
    0x21, 0xF6, 0x29, 0x8C, 0x01, 0x27, 0x1A, 0x1D, 0xD3, 0x6C, 0x2A, 0xAE, 0x80, 0x8C, 0x9F, 0xE0,
    0x99, 0xB2, 0x29, 0xAA, 0xC5, 0xD4, 0x7B, 0x2D, 0xAA, 0x62, 0x33, 0x71, 0xC0, 0x02, 0x60, 0x7A,
    0x9E, 0xE1, 0xFF, 0xAD, 0xA0, 0x9F, 0x1B, 0x88, 0x1F, 0x46, 0xCC, 0x7B, 0x4C, 0x45, 0xF0, 0xEE,
    0x73, 0xEE, 0x2A, 0x6C, 0xC5, 0x54, 0xF1, 0x55, 0x45, 0xF7, 0x80, 0xBE, 0x21, 0x08, 0x2B, 0x00,
    0xBC, 0x5A, 0xC7, 0xD4, 0x1C, 0x5F, 0x39, 0x86, 0x12, 0x80, 0x6B, 0x74, 0x05, 0x96, 0xC7, 0x0B,
    0x64, 0x91, 0x03, 0x33, 0x80, 0x41, 0x92, 0xDB, 0x66, 0x1D, 0xB0, 0x1B, 0xB4, 0x9C, 0xBB, 0x29,
    0xF5, 0x92, 0xA0, 0x67, 0xB3, 0x7C, 0x62, 0xEA, 0xB9, 0x29, 0x41, 0x66, 0xBB, 0xC7, 0xFF, 0xB5,
    0x46, 0xEF, 0xD7, 0x68, 0x10, 0xB8, 0x2D, 0x93, 0xCD, 0x18, 0xF2, 0x07, 0x92, 0xC3, 0xAF, 0x39,
    0x68, 0xC3, 0x56, 0x7B, 0x2E, 0xF4, 0x77, 0xEB, 0xF7, 0xA0, 0x1D, 0x07, 0x1D, 0x93, 0x22, 0x25,
    0x7C, 0xF6, 0x69, 0x00, 0xC2, 0xF8, 0x39, 0xFD, 0x91, 0x8D, 0xE8, 0x28, 0x47, 0xD2, 0xFF, 0x37,
    0x4B, 0xE8, 0xDA, 0x5B, 0xFA, 0x85, 0x5E, 0x17, 0x9D, 0x72, 0xFC, 0x67, 0x85, 0xFF, 0x6B, 0x85,
    0x2D, 0x19, 0xBD, 0x30, 0x20, 0x00, 0xA6, 0x11, 0xFD, 0x96, 0x31, 0x6C, 0x0A, 0xFC, 0x66, 0x85,
    0xDC, 0x0A, 0x86, 0x3D, 0xFC, 0xC4, 0x1F, 0xDB, 0x0C, 0x53, 0x70, 0x78, 0x46, 0xBF, 0x43, 0x76,
    0xCF, 0x59, 0x4B, 0x5F, 0x24, 0x20, 0x32, 0x40, 0xC7, 0xB8, 0xCD, 0x20, 0x59, 0x40, 0x77, 0x8F,
    0xAF, 0xBD, 0x9F, 0x57, 0x4C, 0x45, 0x1E, 0xDE, 0xFB, 0x65, 0x05, 0xDD, 0x54, 0x0D, 0x56, 0x0F,
    0x80, 0x04, 0x1A, 0x7C, 0xF0, 0xBB, 0x59, 0xE0, 0xEF, 0xF4, 0xDE, 0x12, 0xF5, 0x5E, 0x64, 0x7A,
    0x44, 0x7E, 0xD6, 0xEA, 0xD3, 0xDF, 0xF6, 0x08, 0x22, 0x92, 0xE8, 0x6E, 0x75, 0x9A, 0x6C, 0xF4,
    0xE8, 0x47, 0x7B, 0xA0, 0x59, 0x9B, 0xA0, 0x12, 0x9F, 0xCE, 0x88, 0xEF, 0xD0, 0x6D, 0x74, 0x73,
    0x94, 0xEA, 0xB8, 0x39, 0x5E, 0x4F, 0x68, 0xEE, 0x4D, 0x73, 0xBB, 0xEC, 0x18, 0x8A, 0x9F, 0x21,
    0x15, 0xB6, 0xE1, 0xE2, 0x12, 0xE7, 0x84, 0x30, 0x22, 0x34, 0x58, 0x01, 0x62, 0xFA, 0x5A, 0x97,
    0xCA, 0xC1, 0x37, 0x98, 0x64, 0xF9, 0xB2, 0x4D, 0x6A, 0x73, 0x14, 0x31, 0xFD, 0x39, 0xAC, 0xFF,
    0x01, 0x9D, 0xD6, 0x01, 0xA4, 0x26, 0xD7, 0xF9, 0xC7, 0xF1, 0xEF, 0xCC, 0xC9, 0xFE, 0xDF, 0x7F,
    0x76, 0xD8, 0xB3, 0xE8, 0xB6, 0xDA, 0xB6, 0x1D, 0x28, 0x22, 0x6E, 0x0D, 0x40, 0x70, 0xBB, 0x67,
    0x08, 0x0A, 0xC8, 0x22, 0xAB, 0x80, 0x02, 0x20, 0x48, 0x51, 0x52, 0x6C, 0x3A, 0x03, 0xA0, 0xB0,
    0x81, 0x00, 0x68, 0x55, 0xD1, 0x2E, 0xA4, 0xA5, 0x21, 0x08, 0x73, 0x62, 0x4B, 0x10, 0xDC, 0x69,
    0x83, 0x02, 0x32, 0xBA, 0xA9, 0x96, 0x60, 0x27, 0x76, 0xC8, 0xEC, 0xE6, 0xCC, 0xFC, 0x7A, 0xCE,
    0xCC, 0x7B, 0xEF, 0x5D, 0x15, 0x4D, 0xDB, 0x67, 0xF7, 0xF9, 0xFC, 0x9E, 0x39, 0x33, 0xEF, 0xDC,
    0x19, 0xE6, 0xBE, 0x77, 0xD8, 0x2A, 0xD3, 0x1A, 0x2D, 0x24, 0x0F, 0x55, 0xEF, 0xA2, 0x8D, 0x2F,
    0x5B, 0x50, 0xFD, 0x0C, 0x51, 0x48, 0x66, 0xF7, 0xEE, 0xFD, 0x16, 0x19, 0x49, 0x08, 0x37, 0x38,
    0xD4, 0xBA, 0xBE, 0xA2, 0xF1, 0xAE, 0xFF, 0x7A, 0xDA, 0xEE, 0xA1, 0x58, 0x9B, 0xBF, 0xDD, 0x22,
    0x93, 0x34, 0x42, 0x96, 0x66, 0x48, 0xEB, 0x97, 0xDA, 0xFA, 0x68, 0xD6, 0x49, 0x35, 0x46, 0xC9,
    0xBD, 0x4E, 0x5E, 0x88, 0x9C, 0xFE, 0x04, 0x72, 0x4D, 0xD0, 0x48, 0x18, 0x3D, 0x96, 0xB7, 0x61,
    0x54, 0x5F, 0x4E, 0x9F, 0x3E, 0xEC, 0xDD, 0xF8, 0xE8, 0xCC, 0xBB, 0x4F, 0x1F, 0xFC, 0x91, 0xEE,
    0xAF, 0xF7, 0x3D, 0xDD, 0x87, 0xEF, 0xB7, 0xE8, 0xC3, 0x0F, 0x88, 0xD3, 0xDD, 0xC8, 0xDF, 0x5F,
    0x82, 0xE6, 0xF3, 0x6B, 0xE0, 0xF4, 0x6D, 0xA8, 0x74, 0x82, 0xB7, 0x3A, 0x3D, 0x78, 0xA3, 0x55,
    0x9E, 0x4E, 0x02, 0xA7, 0x8F, 0xE1, 0x74, 0x04, 0x7E, 0x9A, 0xF8, 0xF1, 0xC0, 0xB1, 0x0A, 0x2D,
    0xD0, 0x49, 0x6D, 0x2E, 0x3A, 0x5F, 0x84, 0x74, 0x8D, 0x13, 0x95, 0xAF, 0x46, 0xBE, 0x83, 0x1B,
    0x01, 0x37, 0x44, 0x9A, 0x07, 0xC1, 0xB5, 0xDD, 0x83, 0x55, 0xBE, 0xEB, 0xF5, 0x51, 0xDF, 0x0D,
    0x2A, 0x7C, 0x04, 0x9A, 0x84, 0x1B, 0xCF, 0x29, 0x67, 0xD1, 0xDA, 0x45, 0x79, 0x6F, 0xA4, 0xD2,
    0x23, 0xA9, 0xA6, 0x54, 0x00, 0x6E, 0x83, 0x93, 0xD6, 0xD8, 0x32, 0xA2, 0xC9, 0x85, 0x8B, 0x5D,
    0xC5, 0xBE, 0x1A, 0x9B, 0xCB, 0xBE, 0xF7, 0x46, 0x2E, 0x8D, 0xB9, 0x6E, 0xDF, 0x3A, 0x5F, 0x73,
    0xD2, 0xD6, 0x4F, 0x1F, 0x57, 0x69, 0xC6, 0x69, 0x61, 0xAB, 0x4A, 0x1E, 0x69, 0x32, 0x8B, 0x0D,
    0x87, 0x60, 0x42, 0x31, 0x9B, 0xA9, 0x98, 0xF3, 0xF6, 0x10, 0xC0, 0x1C, 0xBB, 0x91, 0xDA, 0xD4,
    0x08, 0x6E, 0xE8, 0xCD, 0xB4, 0xED, 0x9F, 0xD7, 0xBD, 0x9A, 0x0E, 0x08, 0x64, 0x46, 0xC3, 0xB5,
    0x72, 0xBF, 0xBE, 0xF5, 0x66, 0xA6, 0xF9, 0x3A, 0x59, 0x0D, 0xF0, 0x2C, 0x7B, 0xDD, 0x3C, 0xE6,
    0xE9, 0x31, 0xDF, 0x05, 0x5C, 0xA8, 0x66, 0xAD, 0xD0, 0x04, 0x49, 0xF2, 0x14, 0xFA, 0x44, 0xAB,
    0x06, 0x8C, 0x32, 0x0D, 0x6E, 0x8C, 0x89, 0x7C, 0xCA, 0x35, 0x66, 0x15, 0x73, 0xF9, 0x6F, 0x33,
    0xDF, 0xF2, 0xB0, 0x9A, 0x2D, 0x1B, 0xFD, 0x45, 0x73, 0x25, 0x3A, 0x3D, 0x54, 0x88, 0x09, 0x96,
    0xBD, 0xAA, 0x63, 0x7E, 0xFF, 0x98, 0xCF, 0x6D, 0xBA, 0x15, 0xA3, 0xD9, 0xA9, 0x36, 0x9A, 0x8C,
    0x3C, 0x8E, 0x5C, 0x23, 0x55, 0x74, 0xDA, 0x0C, 0xC9, 0xCF, 0x14, 0xFD, 0xE1, 0x67, 0x7A, 0xF3,
    0xD5, 0x97, 0x95, 0x2A, 0xBC, 0xF2, 0xA4, 0x7B, 0xD2, 0xFD, 0x3A, 0x1F, 0xCB, 0x50, 0xB1, 0xAF,
    0xEC, 0xE6, 0x63, 0xA6, 0x87, 0xE4, 0x23, 0x9D, 0x92, 0x6E, 0xD3, 0x6E, 0x16, 0xC2, 0x6C, 0xB7,
    0x5B, 0xAD, 0x35, 0xA2, 0x51, 0x4B, 0x83, 0x93, 0xDE, 0x80, 0x14, 0x01, 0x30, 0x32, 0x02, 0x72,
    0xA1, 0x76, 0x8B, 0xCE, 0x6F, 0xD1, 0x9C, 0xC7, 0xAD, 0x2D, 0xDE, 0x1B, 0xB7, 0x7D, 0xF7, 0xB7,
    0xD0, 0x4B, 0x29, 0x8C, 0x1A, 0xF9, 0x5C, 0x9A, 0xB5, 0x45, 0x6B, 0xB7, 0x7D, 0x7C, 0x49, 0x98,
    0x3D, 0x9C, 0x66, 0x0A, 0xF9, 0x46, 0x01, 0x23, 0x4F, 0xAA, 0x1B, 0x38, 0x69, 0x00, 0x48, 0xC3,
    0x4A, 0x2A, 0xA3, 0x5C, 0xED, 0x3E, 0x20, 0x7F, 0x1C, 0x9A, 0xFE, 0x7C, 0x18, 0x72, 0x4D, 0xFB,
    0x50, 0x6A, 0xDD, 0x77, 0xB9, 0x56, 0xFB, 0xC1, 0x0D, 0x0D, 0x46, 0x99, 0xE8, 0xEA, 0x17, 0x30,
    0x52, 0xA0, 0x19, 0x49, 0xC3, 0x88, 0x53, 0x8D, 0x91, 0x9D, 0xA9, 0xB6, 0x8F, 0x17, 0x81, 0xC3,
    0xF6, 0x71, 0x23, 0x68, 0xB4, 0xFD, 0x50, 0x9E, 0xC9, 0xD5, 0x6E, 0xE7, 0xB9, 0x43, 0x93, 0x86,
    0xAE, 0x5F, 0x70, 0xB5, 0x11, 0x6E, 0x14, 0x0D, 0x95, 0x3E, 0x2E, 0xD5, 0x7C, 0xB2, 0xD0, 0x68,
    0x36, 0x2A, 0x35, 0x01, 0x9C, 0xFF, 0x36, 0x05, 0x02, 0x9D, 0xB6, 0x7B, 0x5C, 0xF7, 0x13, 0xB6,
    0x79, 0x74, 0x64, 0x3F, 0xA7, 0x19, 0x40, 0xDE, 0xC4, 0xB9, 0x4F, 0xC3, 0x41, 0xBE, 0xF0, 0x10,
    0xED, 0xBC, 0xF5, 0xD0, 0x0C, 0xB6, 0xEC, 0x6D, 0x0B, 0x6E, 0xB4, 0x76, 0xB4, 0x35, 0x4E, 0x7B,
    0xD5, 0x17, 0x03, 0x76, 0x3E, 0x35, 0xF3, 0x4D, 0xC0, 0x86, 0x53, 0x13, 0x4E, 0x81, 0x22, 0xBC,
    0x63, 0xC2, 0x1D, 0xC0, 0x2C, 0x53, 0xB6, 0x86, 0x34, 0x68, 0x44, 0xD3, 0xF9, 0x30, 0x02, 0x99,
    0x7A, 0xBA, 0x34, 0x20, 0x8F, 0x1B, 0xCE, 0x87, 0x1E, 0xA0, 0x69, 0x71, 0x1E, 0xD2, 0x57, 0xEA,
    0xD5, 0x5F, 0x4A, 0x1A, 0xED, 0x18, 0x0D, 0x51, 0xCC, 0x9A, 0x44, 0x17, 0x5E, 0xB9, 0x95, 0xFC,
    0xB2, 0xFF, 0x3C, 0x6D, 0x35, 0xC8, 0x3E, 0xBE, 0xDD, 0x79, 0x59, 0x49, 0x75, 0x32, 0x70, 0xAC,
    0x6D, 0xEA, 0x12, 0x36, 0x72, 0xF5, 0xAD, 0xF5, 0x0D, 0xAC, 0x34, 0xA4, 0x5B, 0x62, 0x23, 0xD7,
    0x07, 0x01, 0xAB, 0xCF, 0x03, 0xD5, 0xD4, 0x04, 0xDC, 0x60, 0x03, 0x8D, 0x8F, 0x74, 0x09, 0xF9,
    0xE2, 0x69, 0xBA, 0x1D, 0x9B, 0x8E, 0x4B, 0x8C, 0x6E, 0xC1, 0xEA, 0x33, 0xF5, 0x46, 0x7F, 0xD6,
    0xC0, 0x57, 0x38, 0x96, 0x95, 0x96, 0x84, 0xB8, 0xAC, 0x83, 0x06, 0x9C, 0x02, 0x7A, 0x51, 0x99,
    0x90, 0x59, 0x58, 0x4C, 0x60, 0x3A, 0x84, 0xFD, 0x5A, 0x1A, 0x09, 0x27, 0x6D, 0x97, 0x59, 0xAD,
    0xBF, 0xA1, 0x51, 0xA0, 0x5C, 0x5E, 0xE6, 0xE2, 0xEB, 0x6C, 0x85, 0x4C, 0x5C, 0xA5, 0xEB, 0x6F,
    0x6E, 0xE7, 0x39, 0x68, 0x82, 0x1B, 0x69, 0x6C, 0xD4, 0xEE, 0x1A, 0xD5, 0x76, 0x22, 0x17, 0xB6,
    0x4F, 0x56, 0x75, 0xF2, 0x75, 0xA2, 0xD9, 0x94, 0x3C, 0x0C, 0x49, 0xEB, 0xA1, 0x93, 0x24, 0x12,
    0xAA, 0x8D, 0x14, 0xD2, 0xFA, 0xDD, 0xCD, 0x42, 0x49, 0xA3, 0x3A, 0x9A, 0xC9, 0x47, 0xD1, 0x98,
    0x74, 0x13, 0x71, 0xB5, 0x0A, 0x54, 0x9A, 0xAD, 0xFA, 0x46, 0x21, 0xD7, 0xD0, 0x49, 0x9A, 0x25,
    0x29, 0x2C, 0x46, 0x59, 0x08, 0x46, 0xBC, 0x3B, 0x47, 0xEE, 0x4C, 0x09, 0x8C, 0xAE, 0x11, 0x51,
    0x62, 0x4A, 0xD4, 0xE0, 0x74, 0x25, 0x2D, 0x75, 0xE4, 0x1F, 0x6A, 0x4E, 0x6B, 0x2D, 0x94, 0x82,
    0x7C, 0x3B, 0xEC, 0x91, 0x88, 0x5E, 0xD0, 0x69, 0x06, 0x29, 0x00, 0xFC, 0x1F, 0x7B, 0x55, 0xF5,
    0x9E, 0xEB, 0x1E, 0xDF, 0x5C, 0xF6, 0x55, 0x69, 0xD8, 0x56, 0x5F, 0x7D, 0x14, 0x52, 0xB6, 0xCE,
    0x8B, 0x54, 0x9D, 0x6F, 0xDA, 0x94, 0xAA, 0x9D, 0xDF, 0x72, 0x7F, 0x26, 0xB3, 0x98, 0x03, 0x60,
    0x44, 0x35, 0xA6, 0x5C, 0x8E, 0x19, 0x70, 0x29, 0x0F, 0x61, 0xDF, 0x5F, 0xA4, 0xFC, 0x46, 0x8B,
    0x9D, 0x71, 0xEF, 0x69, 0xC6, 0x4E, 0x34, 0xEF, 0x7F, 0xBA, 0x62, 0x47, 0x74, 0x77, 0x50, 0xA9,
    0x98, 0xE5, 0xA0, 0xA6, 0xEB, 0xCD, 0x52, 0x0D, 0x7A, 0xD7, 0x8D, 0xC5, 0xEC, 0xC6, 0xF5, 0xF5,
    0x4E, 0x1A, 0xDC, 0xE7, 0xA1, 0x9A, 0x2B, 0xD1, 0x68, 0x20, 0x55, 0xD7, 0xB2, 0x95, 0xEA, 0x63,
    0xEE, 0x91, 0x1D, 0xD3, 0xAC, 0xC7, 0x0C, 0x9C, 0x57, 0x95, 0x46, 0x09, 0xF2, 0x50, 0xB5, 0x98,
    0x60, 0xFD, 0x39, 0x65, 0x22, 0xAD, 0x2D, 0xAE, 0xC6, 0xAC, 0x0E, 0x72, 0x2D, 0x80, 0x42, 0x62,
    0x82, 0xEB, 0xCD, 0x08, 0xA3, 0x1B, 0xC9, 0xE6, 0x88, 0x59, 0xBA, 0xC0, 0x41, 0x0A, 0xE9, 0x79,
    0x5D, 0xA9, 0xDC, 0x03, 0x71, 0xB3, 0x7C, 0x4F, 0x75, 0xB0, 0xC8, 0x93, 0xD1, 0x45, 0x5A, 0xE7,
    0xB1, 0x3E, 0x52, 0x26, 0xEC, 0xD8, 0xD4, 0x14, 0xDA, 0x9E, 0xBB, 0x69, 0xFB, 0x62, 0x4F, 0x04,
    0x8C, 0x8C, 0xC8, 0x55, 0xCB, 0x4B, 0x52, 0xE8, 0x22, 0x73, 0x2E, 0xBA, 0xE1, 0x15, 0xDD, 0xD3,
    0xB4, 0xAD, 0x7D, 0x4D, 0xB7, 0xD5, 0xE7, 0xFB, 0x71, 0x0A, 0x89, 0x3E, 0x02, 0x5F, 0x88, 0x51,
    0x0D, 0x95, 0x1E, 0x43, 0xA3, 0x15, 0xC0, 0x72, 0xE1, 0x41, 0xFB, 0x23, 0xA3, 0x91, 0x4C, 0x77,
    0xCB, 0xC0, 0x61, 0xB1, 0x45, 0xC0, 0x06, 0x6B, 0x26, 0xAA, 0xC9, 0x9A, 0x1E, 0x37, 0x5A, 0x38,
    0xDA, 0x3C, 0x65, 0x37, 0x6C, 0xF3, 0x60, 0xA5, 0x36, 0xAE, 0x48, 0x75, 0x3C, 0xA6, 0x0A, 0x44,
    0x6D, 0x48, 0x9F, 0xB5, 0x33, 0x36, 0x24, 0x8B, 0x25, 0x99, 0xEB, 0x6E, 0x94, 0x4E, 0x8A, 0x16,
    0x52, 0x0B, 0x94, 0xF5, 0xE5, 0xF5, 0x5C, 0xD9, 0xEC, 0x7C, 0x52, 0xC9, 0x4C, 0x7D, 0xD4, 0x68,
    0x4C, 0x7E, 0x94, 0x3C, 0x9C, 0x4D, 0x51, 0x7B, 0x37, 0x24, 0x7F, 0x90, 0x2C, 0xCD, 0xFE, 0xA6,
    0x25, 0x0D, 0x9B, 0x3D, 0x77, 0x32, 0x01, 0x01, 0xB5, 0xEC, 0x2B, 0x9B, 0x83, 0x19, 0x71, 0x03,
    0xC9, 0x91, 0x43, 0x9F, 0xB4, 0x3D, 0x55, 0xA0, 0x7B, 0x92, 0x4B, 0xAD, 0x64, 0x24, 0xCF, 0x56,
    0x4E, 0x2D, 0x99, 0x34, 0x61, 0xD6, 0x6C, 0xC1, 0x04, 0x84, 0x99, 0xE9, 0xE0, 0x77, 0xA8, 0x86,
    0x5C, 0xF5, 0xF3, 0xF7, 0xDE, 0xD2, 0xD0, 0x48, 0x1A, 0x6F, 0xBC, 0xAA, 0xE5, 0x16, 0x71, 0x60,
    0xDB, 0x74, 0x09, 0x2B, 0xC0, 0x06, 0xFE, 0x1F, 0x3B, 0x52, 0xD5, 0x11, 0xE7, 0x8B, 0x84, 0xD9,
    0x2E, 0x4A, 0x6F, 0x1D, 0xDF, 0xB3, 0xE0, 0x36, 0xC0, 0xB7, 0x12, 0xDF, 0x3B, 0x7F, 0x69, 0x6C,
    0xA4, 0x36, 0xD7, 0x49, 0xE7, 0x0F, 0xE1, 0xC4, 0xF5, 0x76, 0x3E, 0x49, 0x2F, 0x8D, 0x27, 0xE9,
    0xA5, 0xF1, 0x84, 0x9D, 0x66, 0x63, 0x88, 0x74, 0x89, 0x66, 0x63, 0xDB, 0x7B, 0xC9, 0x14, 0xB1,
    0xE1, 0x84, 0xB6, 0x58, 0x4E, 0xF2, 0xDE, 0x68, 0xA9, 0x3C, 0x92, 0x5A, 0x4A, 0x2D, 0xE7, 0x6F,
    0x5D, 0x27, 0x89, 0x67, 0xC0, 0x8E, 0xAE, 0x4F, 0x0C, 0xFF, 0x4A, 0x27, 0xA9, 0x95, 0x24, 0x5F,
    0x4E, 0xDB, 0xDA, 0xFF, 0xC0, 0x14, 0x6F, 0xBF, 0x94, 0xB7, 0x63, 0x21, 0x0F, 0xBC, 0xCC, 0x56,
    0x4D, 0xBA, 0x47, 0x4D, 0xC5, 0x68, 0x83, 0x1D, 0x4C, 0x28, 0x07, 0x33, 0x57, 0x63, 0xDE, 0x57,
    0x33, 0x58, 0xD5, 0xB1, 0x27, 0x8C, 0xE2, 0xD0, 0x69, 0xC0, 0x6A, 0x86, 0x2E, 0x80, 0x5D, 0xC0,
    0xAC, 0x4E, 0xF3, 0xF2, 0xDA, 0x47, 0xA7, 0xCB, 0x6B, 0x67, 0xA7, 0xC1, 0x9D, 0xB9, 0xA9, 0x7A,
    0xD8, 0xF5, 0x07, 0x09, 0x73, 0x76, 0x27, 0xF6, 0x29, 0xD9, 0x07, 0xCF, 0xE1, 0x24, 0x35, 0x92,
    0xD8, 0xEB, 0x62, 0xFB, 0x75, 0x3B, 0xBB, 0x3B, 0x76, 0x2E, 0x63, 0xDB, 0xEF, 0xDA, 0xF9, 0x2A,
    0x76, 0xE6, 0xDF, 0x77, 0x80, 0x4E, 0x6D, 0x26, 0x79, 0x49, 0x63, 0x6A, 0x9A, 0x11, 0xD2, 0x85,
    0x96, 0x81, 0xB4, 0xDD, 0xC5, 0x4E, 0x33, 0x6E, 0x22, 0xD3, 0x90, 0x0E, 0x47, 0x13, 0xDB, 0x61,
    0xEE, 0x78, 0xD5, 0x07, 0x81, 0x91, 0x07, 0xF5, 0xD0, 0x4D, 0xE0, 0x04, 0x85, 0x62, 0xCC, 0x5B,
    0xEF, 0x7F, 0x0B, 0x88, 0x5D, 0xD4, 0xB9, 0x14, 0x73, 0xA2, 0x50, 0x46, 0xA7, 0xAA, 0x7E, 0xA2,
    0x95, 0x5C, 0x3D, 0xA5, 0xB2, 0x59, 0x32, 0xEB, 0xAF, 0x64, 0x74, 0xF9, 0x92, 0xBF, 0xF5, 0xCD,
    0xD8, 0xA1, 0xDA, 0x9F, 0xBE, 0x96, 0x54, 0x76, 0x62, 0xFF, 0xE9, 0xDC, 0xB9, 0x19, 0x79, 0xC7,
    0x66, 0x35, 0x3F, 0xFB, 0x91, 0x56, 0x9C, 0x24, 0x5F, 0x46, 0xFA, 0xFC, 0x17, 0x98, 0x11, 0x0B,
    0x91, 0xEB, 0x75, 0xE4, 0xED, 0x3F, 0x45, 0xF4, 0xA8, 0x8F, 0xC8, 0xE3, 0xAE, 0x39, 0x10, 0xD7,
    0xB7, 0x6B, 0x83, 0xF7, 0x7D, 0xE6, 0x31, 0xBD, 0x89, 0xAC, 0x9D, 0x07, 0x29, 0xE2, 0x04, 0x64,
    0xB7, 0x22, 0x7F, 0x00, 0x98, 0x2F, 0x08, 0x40, 0xB3, 0xDD, 0x97, 0x84, 0x9D, 0x67, 0xF9, 0x6A,
    0x98, 0xDD, 0xE0, 0xFC, 0x6C, 0xC7, 0x8D, 0xAE, 0x9D, 0xED, 0x14, 0x29, 0x66, 0xD5, 0x73, 0x11,
    0xFE, 0x03, 0x9C, 0x54, 0x13, 0xD9, 0x5E, 0xF8, 0x96, 0x88, 0x51, 0x24, 0x53, 0x9D, 0x68, 0x2F,
    0xA8, 0x8F, 0x3B, 0x0E, 0xCB, 0x7E, 0x70, 0x23, 0xB5, 0x18, 0xC1, 0x4E, 0xA3, 0x05, 0x5C, 0xC2,
    0x88, 0xA7, 0xA9, 0xF4, 0x8F, 0xE3, 0xDE, 0xBD, 0xCC, 0xD9, 0x05, 0x0F, 0xEB, 0xF3, 0x9B, 0x39,
    0x53, 0x6D, 0x1F, 0x9D, 0xB9, 0xBE, 0xBA, 0x7F, 0x66, 0x47, 0x77, 0xFF, 0xAC, 0x18, 0x9B, 0x17,
    0xCF, 0x0E, 0x63, 0x67, 0xCE, 0xCC, 0x28, 0xF3, 0x73, 0x53, 0x0B, 0x60, 0xA3, 0xAB, 0x23, 0xAE,
    0x4D, 0xF8, 0x88, 0x4D, 0x1C, 0xC6, 0xC8, 0x57, 0x1F, 0xDF, 0xBE, 0x5D, 0x4B, 0x52, 0x7F, 0x09,
    0xBF, 0x1F, 0xE0, 0xED, 0x01, 0x69, 0x42, 0x12, 0xE5, 0xD8, 0xF9, 0xF4, 0x4B, 0x19, 0x7B, 0xB0,
    0x63, 0x35, 0xEC, 0xE9, 0xE2, 0x5A, 0xD3, 0x5A, 0x2D, 0x58, 0xAD, 0xC4, 0x39, 0x6E, 0x97, 0xA3,
    0xBD, 0xFC, 0x37, 0x25, 0xD3, 0x5A, 0x19, 0x8F, 0xEF, 0x24, 0x2F, 0x2D, 0xE9, 0xBC, 0x7B, 0x5F,
    0xAF, 0xA1, 0x5B, 0x28, 0x24, 0x1F, 0xF7, 0xF7, 0xF1, 0x2E, 0x86, 0xCE, 0x97, 0x5E, 0xFE, 0x59,
    0xE4, 0xF9, 0xC2, 0x6E, 0x06, 0x7A, 0x37, 0x1F, 0x7A, 0x2B, 0xF9, 0x5C, 0x2B, 0x5C, 0xA9, 0x49,
    0x75, 0x23, 0xDE, 0x42, 0x3A, 0x7F, 0x6A, 0x80, 0x7F, 0x02, 0xB3, 0xFF, 0xFF, 0xFF, 0x41, 0xFD,
    0xFF, 0xFF, 0x1F, 0xEC, 0x81, 0x18, 0x00, 0xB5, 0x91, 0x21, 0x8C, 0xD4, 0x50, 0x10, 0x86, 0xFF,
    0xD7, 0x26, 0xAC, 0xA8, 0x58, 0x45, 0x70, 0x54, 0xA3, 0x6A, 0x71, 0xEF, 0x39, 0x24, 0x2B, 0xF6,
    0x0C, 0x06, 0xEF, 0x7D, 0xFA, 0x0C, 0x9A, 0x15, 0x78, 0xB0, 0xE0, 0xFD, 0x7B, 0xDE, 0x70, 0x08,
    0x7C, 0x13, 0x12, 0x42, 0x82, 0xD8, 0x07, 0x1C, 0x97, 0x1E, 0x69, 0xF7, 0x67, 0x66, 0xDA, 0x0B,
    0x60, 0x2F, 0xCB, 0x88, 0xFF, 0x4B, 0xA6, 0x99, 0xF6, 0xEB, 0x0C, 0xA4, 0xEE, 0x1D, 0x80, 0x96,
    0x91, 0x04, 0x7A, 0x7E, 0x9A, 0x19, 0xC1, 0xED, 0x71, 0xEC, 0x43, 0xC5, 0xE6, 0xFD, 0xD5, 0x63,
    0xD4, 0x44, 0x5B, 0x70, 0x8B, 0x9E, 0x52, 0xE5, 0x16, 0x0F, 0x78, 0x91, 0x6E, 0x76, 0xFA, 0xAC,
    0x2B, 0x38, 0x03, 0xFC, 0x15, 0xD0, 0xF3, 0x9A, 0x3C, 0x20, 0x51, 0x6A, 0x00, 0xF0, 0xEC, 0x95,
    0x44, 0x43, 0x66, 0xC0, 0x7F, 0xD6, 0x0E, 0x43, 0x3F, 0xC0, 0x11, 0x3E, 0xEB, 0xC8, 0x23, 0x1B,
    0x84, 0x99, 0xAD, 0x62, 0xE6, 0xD5, 0x17, 0x7B, 0xEF, 0x9D, 0xD3, 0x64, 0xCC, 0x25, 0x98, 0x4A,
    0x14, 0x93, 0x03, 0x80, 0x2D, 0x59, 0xCC, 0xA4, 0x98, 0x49, 0x31, 0x93, 0x7F, 0x67, 0x7B, 0xCE,
    0x6B, 0xAA, 0xC9, 0xBE, 0x3B, 0x8F, 0xC9, 0x37, 0x33, 0xB9, 0x36, 0x13, 0xC0, 0xBD, 0x0D, 0x76,
    0xB5, 0xC4, 0xC9, 0xCE, 0xC6, 0xE7, 0x04, 0xB8, 0xFD, 0x3A, 0xD5, 0x84, 0x1D, 0xAE, 0x3A, 0x2D,
    0x27, 0x73, 0x6F, 0x16, 0xDA, 0x86, 0xAC, 0xC2, 0xCA, 0xA8, 0x5B, 0xBA, 0xB9, 0x60, 0x5C, 0xBE,
    0x73, 0x3E, 0x9A, 0xB1, 0x63, 0xB6, 0xED, 0xBD, 0xE6, 0x68, 0xFB, 0x3B, 0xAA, 0xE8, 0x5E, 0xBC,
    0xA1, 0xDE, 0x59, 0x7A, 0x11, 0xE9, 0x28, 0xDE, 0x42, 0x36, 0xEA, 0x1D, 0x2B, 0x6E, 0x5E, 0xCA,
    0x5C, 0x5C, 0x7C, 0xFF, 0xD0, 0x7C, 0x87, 0x95, 0x65, 0xF5, 0xDE, 0xFD, 0x4F, 0xEF, 0xEF, 0xE4,
    0x53, 0xF5, 0xFE, 0xA1, 0xFE, 0x13, 0xDC, 0xBB, 0x00, 0xA0, 0xE3, 0x2C, 0x99, 0x3E, 0x30, 0xDB,
    0xCD, 0x07, 0xD4, 0x27, 0xCB, 0xF9, 0xEF, 0x74, 0x64, 0xAE, 0xE7, 0x8D, 0xA5, 0x4B, 0x3F, 0xC3,
    0xD2, 0xBF, 0x5B, 0x6E, 0x4E, 0xE2, 0x83, 0xC4, 0x2F, 0x1D, 0x07, 0x72, 0x6A, 0x78, 0x09, 0xA9,
    0xBD, 0x5D, 0x1F, 0x5A, 0x9E, 0xA3, 0x82, 0x4F, 0x18, 0xA4, 0x37, 0x81, 0x19, 0xA8, 0x27, 0x24,
    0x41, 0x65, 0x58, 0x9B, 0x8E, 0xAC, 0xC8, 0xD0, 0xE8, 0x5F, 0x31, 0xB6, 0xD9, 0xBF, 0xE0, 0x47,
    0xF8, 0xEC, 0x23, 0xB3, 0xE0, 0x21, 0x14, 0x23, 0x14, 0x1D, 0x2F, 0x15, 0x5B, 0xDA, 0x9C, 0x0C,
    0x29, 0xA4, 0x9B, 0x05, 0xCE, 0x19, 0x3C, 0xFC, 0x82, 0xCE, 0x10, 0x7D, 0x4C, 0x43, 0xF0, 0xBF,
    0x08, 0xCF, 0xDC, 0x88, 0x50, 0xCB, 0x88, 0xFB, 0x80, 0xDB, 0xE1, 0x37, 0x62, 0x80, 0x83, 0x12,
    0x30, 0x09, 0x28, 0x49, 0x8E, 0x8D, 0x10, 0x04, 0x02, 0x28, 0x88, 0x7E, 0xB9, 0x80, 0x80, 0x00,
    0x3B, 0xA0, 0x04, 0x4B, 0x80, 0xB1, 0x01, 0x4B, 0xC2, 0x0E, 0x2C, 0xC4, 0x16, 0x1C, 0xA5, 0x04,
    0x4A, 0x20, 0x31, 0x96, 0xE0, 0x02, 0x83, 0x3B, 0xD6, 0x7F, 0x18, 0xEC, 0x6C, 0xF0, 0x0E, 0x79,
    0x5F, 0xCD, 0x50, 0xD6, 0x31, 0x97, 0x8D, 0xC4, 0x42, 0xDC, 0x73, 0xA1, 0x45, 0xBD, 0xB1, 0x9B,
    0x52, 0x6B, 0x1C, 0xAF, 0x39, 0x44, 0xD3, 0x7B, 0x0B, 0x59, 0x35, 0xE4, 0xC0, 0xD0, 0x41, 0x0A,
    0xCC, 0x23, 0x7C, 0x5B, 0xE2, 0x0B, 0x96, 0x9E, 0x74, 0x82, 0x33, 0xAC, 0x0D, 0x5C, 0x60, 0xAA,
    0xE0, 0x06, 0x92, 0x91, 0x24, 0x19, 0x59, 0xA5, 0x86, 0x9A, 0x49, 0xAA, 0xB6, 0x60, 0x92, 0x9E,
    0xC1, 0x64, 0xFC, 0x98, 0x8C, 0x85, 0x8C, 0x3B, 0x49, 0x8F, 0xFF, 0x8E, 0xEE, 0x07,
};

static const EpdGlyph notoserif_14_boldGlyphs[] = {
    { 0, 0, 0, 0, 0, 0, 0 }, // U+0000
    { 0, 0, 121, 0, 0, 0, 0 }, // U+000D
    { 0, 0, 121, 0, 0, 0, 0 }, // U+0020
    { 6, 22, 178, 3, 21, 33, 0 }, // !
    { 12, 9, 238, 1, 21, 27, 33 }, // "
    { 16, 21, 264, 0, 21, 84, 60 }, // #
    { 14, 26, 264, 1, 23, 91, 144 }, // $
    { 26, 23, 423, 0, 22, 150, 235 }, // %
    { 22, 23, 374, 1, 22, 127, 385 }, // &
    { 6, 9, 135, 1, 21, 14, 512 }, // '
    { 10, 28, 187, 1, 23, 70, 526 }, // (
    { 11, 28, 187, 0, 23, 77, 596 }, // )
    { 13, 13, 234, 1, 23, 43, 673 }, // *
    { 14, 13, 264, 1, 17, 46, 716 }, // +
    { 6, 10, 137, 1, 5, 15, 762 }, // ,
    { 9, 4, 145, 0, 10, 9, 777 }, // -
    { 6, 6, 137, 1, 5, 9, 786 }, // .
    { 9, 27, 134, 0, 23, 61, 795 }, // /
    { 15, 23, 272, 1, 22, 87, 856 }, // 0
    { 15, 21, 236, 0, 21, 79, 943 }, // 1
    { 15, 22, 248, 0, 22, 83, 1022 }, // 2
    { 15, 23, 252, 0, 22, 87, 1105 }, // 3
    { 16, 21, 260, 0, 21, 84, 1192 }, // 4
    { 15, 22, 247, 0, 21, 83, 1276 }, // 5
    { 15, 23, 261, 1, 22, 87, 1359 }, // 6
    { 15, 21, 253, 1, 21, 79, 1446 }, // 7
    { 15, 23, 270, 1, 22, 87, 1525 }, // 8
    { 15, 23, 261, 1, 22, 87, 1612 }, // 9
    { 5, 17, 142, 2, 16, 22, 1699 }, // :
    { 6, 21, 142, 1, 16, 32, 1721 }, // ;
    { 14, 17, 264, 1, 19, 60, 1753 }, // <
    { 14, 9, 264, 1, 15, 32, 1813 }, // =
    { 14, 17, 264, 1, 19, 60, 1845 }, // >
    { 14, 23, 257, 1, 22, 81, 1905 }, // ?
    { 25, 26, 430, 1, 21, 163, 1986 }, // @
    { 22, 21, 351, 0, 21, 116, 2149 }, // A
    { 19, 21, 314, 0, 21, 100, 2265 }, // B
    { 18, 23, 312, 1, 22, 104, 2365 }, // C
    { 21, 21, 358, 0, 21, 111, 2469 }, // D
    { 19, 21, 305, 0, 21, 100, 2580 }, // E
    { 18, 21, 290, 0, 21, 95, 2680 }, // F
    { 21, 23, 359, 1, 22, 121, 2775 }, // G
    { 24, 21, 382, 0, 21, 126, 2896 }, // H
    { 11, 21, 187, 0, 21, 58, 3022 }, // I
    { 12, 28, 185, -1, 21, 84, 3080 }, // J
    { 22, 21, 343, 0, 21, 116, 3164 }, // K
    { 19, 21, 305, 0, 21, 100, 3280 }, // L
    { 27, 21, 444, 0, 21, 142, 3380 }, // M
    { 23, 21, 368, 0, 21, 121, 3522 }, // N
    { 21, 23, 367, 1, 22, 121, 3643 }, // O
    { 19, 21, 298, 0, 21, 100, 3764 }, // P
    { 21, 29, 367, 1, 22, 153, 3864 }, // Q
    { 21, 21, 332, 0, 21, 111, 4017 }, // R
    { 16, 23, 270, 0, 22, 92, 4128 }, // S
    { 19, 21, 305, 0, 21, 100, 4220 }, // T
    { 22, 22, 349, 0, 21, 121, 4320 }, // U
    { 21, 21, 326, 0, 21, 111, 4441 }, // V
    { 32, 21, 498, 0, 21, 168, 4552 }, // W
    { 22, 21, 342, 0, 21, 116, 4720 }, // X
    { 21, 21, 323, 0, 21, 111, 4836 }, // Y
    { 18, 21, 311, 1, 21, 95, 4947 }, // Z
    { 10, 27, 194, 2, 23, 68, 5042 }, // [
    { 9, 27, 134, 0, 23, 61, 5110 }, // <backslash>
    { 9, 27, 194, 1, 23, 61, 5171 }, // ]
    { 14, 14, 261, 1, 21, 49, 5232 }, // ^
    { 15, 3, 214, -1, -2, 12, 5281 }, // _
    { 8, 6, 156, 1, 23, 12, 5293 }, // `
    { 16, 18, 280, 1, 17, 72, 5305 }, // a
    { 18, 24, 303, 0, 23, 108, 5377 }, // b
    { 14, 18, 246, 1, 17, 63, 5485 }, // c
    { 18, 24, 303, 1, 23, 108, 5548 }, // d
    { 15, 18, 267, 1, 17, 68, 5656 }, // e
    { 14, 23, 190, 0, 23, 81, 5724 }, // f
    { 17, 24, 261, 0, 17, 102, 5805 }, // g
    { 19, 23, 311, 0, 23, 110, 5907 }, // h
    { 10, 23, 164, 0, 23, 58, 6017 }, // i
    { 9, 30, 161, -1, 23, 68, 6075 }, // j
    { 19, 23, 297, 0, 23, 110, 6143 }, // k
    { 10, 23, 164, 0, 23, 58, 6253 }, // l
    { 29, 17, 460, 0, 17, 124, 6311 }, // m
    { 19, 17, 311, 0, 17, 81, 6435 }, // n
    { 16, 18, 287, 1, 17, 72, 6516 }, // o
    { 18, 23, 301, 0, 16, 104, 6588 }, // p
    { 18, 23, 302, 1, 16, 104, 6692 }, // q
    { 15, 16, 244, 0, 16, 60, 6796 }, // r
    { 14, 17, 225, 0, 16, 60, 6856 }, // s
    { 12, 21, 189, 0, 20, 63, 6916 }, // t
    { 19, 17, 311, 0, 16, 81, 6979 }, // u
    { 18, 16, 283, 0, 16, 72, 7060 }, // v
    { 26, 16, 400, -1, 16, 104, 7132 }, // w
    { 19, 16, 302, 0, 16, 76, 7236 }, // x
    { 17, 23, 270, 0, 16, 98, 7312 }, // y
    { 15, 16, 247, 0, 16, 60, 7410 }, // z
    { 13, 27, 206, 0, 23, 88, 7470 }, // {
    { 3, 30, 264, 7, 23, 23, 7558 }, // |
    { 13, 27, 206, 0, 23, 88, 7581 }, // }
    { 15, 7, 264, 1, 14, 27, 7669 }, // ~
    { 0, 0, 121, 0, 0, 0, 0 }, // U+00A0
    { 6, 22, 178, 3, 16, 33, 0 }, // U+00A1
    { 15, 21, 264, 1, 21, 79, 33 }, // U+00A2
    { 16, 23, 261, 0, 22, 92, 112 }, // U+00A3
    { 13, 13, 264, 2, 17, 43, 204 }, // U+00A4
    { 17, 21, 264, 0, 21, 90, 247 }, // U+00A5
    { 3, 30, 264, 7, 23, 23, 337 }, // U+00A6
    { 14, 27, 254, 1, 23, 95, 360 }, // U+00A7
    { 11, 4, 269, 3, 22, 11, 455 }, // U+00A8
    { 23, 23, 394, 1, 22, 133, 466 }, // U+00A9
    { 12, 10, 196, 0, 21, 30, 599 }, // U+00AA
    { 14, 12, 259, 1, 14, 42, 629 }, // U+00AB
    { 14, 8, 264, 1, 12, 28, 671 }, // U+00AC
    { 9, 4, 145, 0, 10, 9, 699 }, // U+00AD
    { 23, 23, 394, 1, 22, 133, 708 }, // U+00AE
    { 15, 2, 214, -1, 24, 8, 841 }, // U+00AF
    { 10, 11, 187, 1, 22, 28, 849 }, // U+00B0
    { 14, 17, 264, 1, 17, 60, 877 }, // U+00B1
    { 10, 14, 187, 1, 25, 35, 937 }, // U+00B2
    { 11, 14, 187, 0, 25, 39, 972 }, // U+00B3
    { 8, 6, 156, 1, 23, 12, 1011 }, // U+00B4
    { 17, 23, 310, 2, 16, 98, 1023 }, // U+00B5
    { 17, 27, 293, 1, 23, 115, 1121 }, // U+00B6
    { 6, 5, 137, 1, 13, 8, 1236 }, // U+00B7
    { 8, 8, 155, 1, 1, 16, 1244 }, // U+00B8
    { 10, 13, 187, 1, 24, 33, 1260 }, // U+00B9
    { 11, 10, 204, 1, 21, 28, 1293 }, // U+00BA
    { 14, 12, 259, 1, 14, 42, 1321 }, // U+00BB
    { 24, 21, 392, 0, 21, 126, 1363 }, // U+00BC
    { 24, 21, 392, 0, 21, 126, 1489 }, // U+00BD
    { 24, 22, 392, 0, 22, 132, 1615 }, // U+00BE
    { 14, 22, 257, 1, 16, 77, 1747 }, // U+00BF
    { 22, 28, 351, 0, 28, 154, 1824 }, // U+00C0
    { 22, 28, 351, 0, 28, 154, 1978 }, // U+00C1
    { 22, 28, 351, 0, 28, 154, 2132 }, // U+00C2
    { 22, 28, 351, 0, 28, 154, 2286 }, // U+00C3
    { 22, 27, 351, 0, 27, 149, 2440 }, // U+00C4
    { 22, 26, 351, 0, 26, 143, 2589 }, // U+00C5
    { 29, 21, 463, 0, 21, 153, 2732 }, // U+00C6
    { 18, 29, 312, 1, 22, 131, 2885 }, // U+00C7
    { 19, 28, 305, 0, 28, 133, 3016 }, // U+00C8
    { 19, 28, 305, 0, 28, 133, 3149 }, // U+00C9
    { 19, 28, 305, 0, 28, 133, 3282 }, // U+00CA
    { 19, 27, 305, 0, 27, 129, 3415 }, // U+00CB
    { 11, 28, 187, 0, 28, 77, 3544 }, // U+00CC
    { 11, 28, 187, 0, 28, 77, 3621 }, // U+00CD
    { 12, 28, 187, 0, 28, 84, 3698 }, // U+00CE
    { 11, 27, 187, 0, 27, 75, 3782 }, // U+00CF
    { 21, 21, 358, 0, 21, 111, 3857 }, // U+00D0
    { 23, 28, 368, 0, 28, 161, 3968 }, // U+00D1
    { 21, 29, 367, 1, 28, 153, 4129 }, // U+00D2
    { 21, 29, 367, 1, 28, 153, 4282 }, // U+00D3
    { 21, 29, 367, 1, 28, 153, 4435 }, // U+00D4
    { 21, 29, 367, 1, 28, 153, 4588 }, // U+00D5
    { 21, 28, 367, 1, 27, 147, 4741 }, // U+00D6
    { 13, 13, 264, 2, 17, 43, 4888 }, // U+00D7
    { 21, 25, 367, 1, 23, 132, 4931 }, // U+00D8
    { 22, 29, 349, 0, 28, 160, 5063 }, // U+00D9
    { 22, 29, 349, 0, 28, 160, 5223 }, // U+00DA
    { 22, 29, 349, 0, 28, 160, 5383 }, // U+00DB
    { 22, 28, 349, 0, 27, 154, 5543 }, // U+00DC
    { 21, 28, 323, 0, 28, 147, 5697 }, // U+00DD
    { 18, 21, 298, 0, 21, 95, 5844 }, // U+00DE
    { 20, 24, 330, 0, 23, 120, 5939 }, // U+00DF
    { 16, 24, 280, 1, 23, 96, 6059 }, // U+00E0
    { 16, 24, 280, 1, 23, 96, 6155 }, // U+00E1
    { 16, 24, 280, 1, 23, 96, 6251 }, // U+00E2
    { 16, 24, 280, 1, 23, 96, 6347 }, // U+00E3
    { 16, 23, 280, 1, 22, 92, 6443 }, // U+00E4
    { 16, 25, 280, 1, 24, 100, 6535 }, // U+00E5
    { 24, 18, 408, 1, 17, 108, 6635 }, // U+00E6
    { 14, 24, 246, 1, 17, 84, 6743 }, // U+00E7
    { 15, 24, 267, 1, 23, 90, 6827 }, // U+00E8
    { 15, 24, 267, 1, 23, 90, 6917 }, // U+00E9
    { 15, 24, 267, 1, 23, 90, 7007 }, // U+00EA
    { 15, 23, 267, 1, 22, 87, 7097 }, // U+00EB
    { 11, 23, 164, -1, 23, 64, 7184 }, // U+00EC
    { 11, 23, 164, 0, 23, 64, 7248 }, // U+00ED
    { 11, 23, 164, -1, 23, 64, 7312 }, // U+00EE
    { 11, 22, 164, -1, 22, 61, 7376 }, // U+00EF
    { 16, 24, 287, 1, 23, 96, 7437 }, // U+00F0
    { 19, 23, 311, 0, 23, 110, 7533 }, // U+00F1
    { 16, 24, 287, 1, 23, 96, 7643 }, // U+00F2
    { 16, 24, 287, 1, 23, 96, 7739 }, // U+00F3
    { 16, 24, 287, 1, 23, 96, 7835 }, // U+00F4
    { 16, 24, 287, 1, 23, 96, 7931 }, // U+00F5
    { 16, 23, 287, 1, 22, 92, 8027 }, // U+00F6
    { 14, 16, 264, 1, 18, 56, 8119 }, // U+00F7
    { 16, 19, 287, 1, 17, 76, 8175 }, // U+00F8
    { 19, 24, 311, 0, 23, 114, 8251 }, // U+00F9
    { 19, 24, 311, 0, 23, 114, 8365 }, // U+00FA
    { 19, 24, 311, 0, 23, 114, 8479 }, // U+00FB
    { 19, 23, 311, 0, 22, 110, 8593 }, // U+00FC
    { 17, 30, 270, 0, 23, 128, 8703 }, // U+00FD
    { 18, 30, 301, 0, 23, 135, 8831 }, // U+00FE
    { 17, 29, 270, 0, 22, 124, 8966 }, // U+00FF
    { 22, 25, 351, 0, 25, 138, 0 }, // U+0100
    { 16, 21, 280, 1, 20, 84, 138 }, // U+0101
    { 22, 28, 351, 0, 28, 154, 222 }, // U+0102
    { 16, 24, 280, 1, 23, 96, 376 }, // U+0103
    { 22, 28, 351, 0, 21, 154, 472 }, // U+0104
    { 16, 24, 280, 1, 17, 96, 626 }, // U+0105
    { 18, 29, 312, 1, 28, 131, 722 }, // U+0106
    { 14, 24, 246, 1, 23, 84, 853 }, // U+0107
    { 18, 29, 312, 1, 28, 131, 937 }, // U+0108
    { 14, 24, 246, 1, 23, 84, 1068 }, // U+0109
    { 18, 29, 312, 1, 28, 131, 1152 }, // U+010A
    { 14, 24, 246, 1, 23, 84, 1283 }, // U+010B
    { 18, 29, 312, 1, 28, 131, 1367 }, // U+010C
    { 14, 24, 246, 1, 23, 84, 1498 }, // U+010D
    { 21, 28, 358, 0, 28, 147, 1582 }, // U+010E
    { 22, 24, 303, 1, 23, 132, 1729 }, // U+010F
    { 21, 21, 358, 0, 21, 111, 1861 }, // U+0110
    { 18, 24, 303, 1, 23, 108, 1972 }, // U+0111
    { 19, 25, 305, 0, 25, 119, 2080 }, // U+0112
    { 15, 21, 267, 1, 20, 79, 2199 }, // U+0113
    { 19, 28, 305, 0, 28, 133, 2278 }, // U+0114
    { 15, 24, 267, 1, 23, 90, 2411 }, // U+0115
    { 19, 27, 305, 0, 27, 129, 2501 }, // U+0116
    { 15, 24, 267, 1, 23, 90, 2630 }, // U+0117
    { 19, 28, 305, 0, 21, 133, 2720 }, // U+0118
    { 15, 24, 267, 1, 17, 90, 2853 }, // U+0119
    { 19, 28, 305, 0, 28, 133, 2943 }, // U+011A
    { 15, 24, 267, 1, 23, 90, 3076 }, // U+011B
    { 21, 29, 359, 1, 28, 153, 3166 }, // U+011C
    { 17, 30, 261, 0, 23, 128, 3319 }, // U+011D
    { 21, 29, 359, 1, 28, 153, 3447 }, // U+011E
    { 17, 30, 261, 0, 23, 128, 3600 }, // U+011F
    { 21, 29, 359, 1, 28, 153, 3728 }, // U+0120
    { 17, 30, 261, 0, 23, 128, 3881 }, // U+0121
    { 21, 29, 359, 1, 22, 153, 4009 }, // U+0122
    { 17, 30, 261, 0, 23, 128, 4162 }, // U+0123
    { 24, 28, 382, 0, 28, 168, 4290 }, // U+0124
    { 19, 29, 311, 0, 29, 138, 4458 }, // U+0125
    { 24, 21, 382, 0, 21, 126, 4596 }, // U+0126
    { 19, 23, 311, 0, 23, 110, 4722 }, // U+0127
    { 12, 28, 187, 0, 28, 84, 4832 }, // U+0128
    { 12, 23, 164, -1, 23, 69, 4916 }, // U+0129
    { 11, 25, 187, 0, 25, 69, 4985 }, // U+012A
    { 10, 20, 164, 0, 20, 50, 5054 }, // U+012B
    { 11, 28, 187, 0, 28, 77, 5104 }, // U+012C
    { 10, 23, 164, 0, 23, 58, 5181 }, // U+012D
    { 11, 28, 187, 0, 21, 77, 5239 }, // U+012E
    { 10, 30, 164, 0, 23, 75, 5316 }, // U+012F
    { 11, 28, 187, 0, 28, 77, 5391 }, // U+0130
    { 10, 16, 164, 0, 16, 40, 5468 }, // U+0131
    { 23, 28, 372, 0, 21, 161, 5508 }, // U+0132
    { 18, 30, 326, 0, 23, 135, 5669 }, // U+0133
    { 13, 35, 185, -1, 28, 114, 5804 }, // U+0134
    { 11, 30, 161, -1, 23, 83, 5918 }, // U+0135
    { 22, 28, 343, 0, 21, 154, 6001 }, // U+0136
    { 19, 30, 297, 0, 23, 143, 6155 }, // U+0137
    { 19, 16, 297, 0, 16, 76, 6298 }, // U+0138
    { 19, 28, 305, 0, 28, 133, 6374 }, // U+0139
    { 11, 29, 164, 0, 29, 80, 6507 }, // U+013A
    { 19, 28, 305, 0, 21, 133, 6587 }, // U+013B
    { 10, 30, 164, 0, 23, 75, 6720 }, // U+013C
    { 19, 21, 305, 0, 21, 100, 6795 }, // U+013D
    { 14, 23, 164, 0, 23, 81, 6895 }, // U+013E
    { 19, 21, 305, 0, 21, 100, 6976 }, // U+013F
    { 15, 23, 219, 0, 23, 87, 7076 }, // U+0140
    { 19, 21, 305, 0, 21, 100, 7163 }, // U+0141
    { 10, 23, 164, 0, 23, 58, 7263 }, // U+0142
    { 23, 28, 368, 0, 28, 161, 7321 }, // U+0143
    { 19, 23, 311, 0, 23, 110, 7482 }, // U+0144
    { 23, 28, 368, 0, 21, 161, 7592 }, // U+0145
    { 19, 24, 311, 0, 17, 114, 7753 }, // U+0146
    { 23, 28, 368, 0, 28, 161, 7867 }, // U+0147
    { 19, 23, 311, 0, 23, 110, 8028 }, // U+0148
    { 25, 21, 399, 0, 21, 132, 8138 }, // U+0149
    { 23, 28, 368, 0, 21, 161, 8270 }, // U+014A
    { 17, 24, 311, 0, 17, 102, 8431 }, // U+014B
    { 21, 26, 367, 1, 25, 137, 8533 }, // U+014C
    { 16, 21, 287, 1, 20, 84, 8670 }, // U+014D
    { 21, 29, 367, 1, 28, 153, 8754 }, // U+014E
    { 16, 24, 287, 1, 23, 96, 8907 }, // U+014F
    { 21, 29, 367, 1, 28, 153, 9003 }, // U+0150
    { 16, 24, 287, 1, 23, 96, 9156 }, // U+0151
    { 28, 23, 476, 1, 22, 161, 9252 }, // U+0152
    { 26, 18, 437, 1, 17, 117, 9413 }, // U+0153
    { 21, 28, 332, 0, 28, 147, 9530 }, // U+0154
    { 15, 23, 244, 0, 23, 87, 9677 }, // U+0155
    { 21, 28, 332, 0, 21, 147, 9764 }, // U+0156
    { 15, 23, 244, 0, 16, 87, 9911 }, // U+0157
    { 21, 28, 332, 0, 28, 147, 9998 }, // U+0158
    { 15, 23, 244, 0, 23, 87, 10145 }, // U+0159
    { 16, 29, 270, 0, 28, 116, 10232 }, // U+015A
    { 14, 24, 225, 0, 23, 84, 10348 }, // U+015B
    { 16, 29, 270, 0, 28, 116, 10432 }, // U+015C
    { 14, 24, 225, 0, 23, 84, 10548 }, // U+015D
    { 16, 29, 270, 0, 22, 116, 10632 }, // U+015E
    { 14, 23, 225, 0, 16, 81, 10748 }, // U+015F
    { 16, 29, 270, 0, 28, 116, 10829 }, // U+0160
    { 14, 24, 225, 0, 23, 84, 10945 }, // U+0161
    { 19, 28, 305, 0, 21, 133, 11029 }, // U+0162
    { 12, 27, 189, 0, 20, 81, 11162 }, // U+0163
    { 19, 28, 305, 0, 28, 133, 11243 }, // U+0164
    { 14, 24, 189, 0, 23, 84, 11376 }, // U+0165
    { 19, 21, 305, 0, 21, 100, 11460 }, // U+0166
    { 12, 21, 189, 0, 20, 63, 11560 }, // U+0167
    { 22, 29, 349, 0, 28, 160, 11623 }, // U+0168
    { 19, 24, 311, 0, 23, 114, 11783 }, // U+0169
    { 22, 26, 349, 0, 25, 143, 11897 }, // U+016A
    { 19, 21, 311, 0, 20, 100, 12040 }, // U+016B
    { 22, 29, 349, 0, 28, 160, 12140 }, // U+016C
    { 19, 24, 311, 0, 23, 114, 12300 }, // U+016D
    { 22, 30, 349, 0, 29, 165, 12414 }, // U+016E
    { 19, 25, 311, 0, 24, 119, 12579 }, // U+016F
    { 22, 29, 349, 0, 28, 160, 12698 }, // U+0170
    { 19, 24, 311, 0, 23, 114, 12858 }, // U+0171
    { 22, 28, 353, 0, 21, 154, 12972 }, // U+0172
    { 19, 23, 311, 0, 16, 110, 13126 }, // U+0173
    { 32, 28, 498, 0, 28, 224, 13236 }, // U+0174
    { 26, 23, 400, -1, 23, 150, 13460 }, // U+0175
    { 21, 28, 323, 0, 28, 147, 13610 }, // U+0176
    { 17, 30, 270, 0, 23, 128, 13757 }, // U+0177
    { 21, 27, 323, 0, 27, 142, 13885 }, // U+0178
    { 18, 28, 311, 1, 28, 126, 14027 }, // U+0179
    { 15, 23, 247, 0, 23, 87, 14153 }, // U+017A
    { 18, 28, 311, 1, 28, 126, 14240 }, // U+017B
    { 15, 23, 247, 0, 23, 87, 14366 }, // U+017C
    { 18, 28, 311, 1, 28, 126, 14453 }, // U+017D
    { 15, 23, 247, 0, 23, 87, 14579 }, // U+017E
    { 14, 23, 183, 0, 23, 81, 14666 }, // U+017F
    { 24, 24, 393, 1, 23, 144, 0 }, // U+01A0
    { 19, 20, 313, 1, 19, 95, 144 }, // U+01A1
    { 25, 24, 398, 0, 23, 150, 239 }, // U+01AF
    { 23, 20, 363, 0, 19, 115, 389 }, // U+01B0
    { 41, 28, 669, 0, 28, 287, 504 }, // U+01C4
    { 37, 23, 605, 0, 23, 213, 791 }, // U+01C5
    { 33, 24, 550, 1, 23, 198, 1004 }, // U+01C6
    { 31, 28, 477, 0, 21, 217, 1202 }, // U+01C7
    { 27, 30, 467, 0, 23, 203, 1419 }, // U+01C8
    { 18, 30, 326, 0, 23, 135, 1622 }, // U+01C9
    { 34, 28, 540, 0, 21, 238, 1757 }, // U+01CA
    { 31, 30, 529, 0, 23, 233, 1995 }, // U+01CB
    { 27, 30, 472, 0, 23, 203, 2228 }, // U+01CC
    { 22, 28, 351, 0, 28, 154, 2431 }, // U+01CD
    { 16, 24, 280, 1, 23, 96, 2585 }, // U+01CE
    { 12, 28, 187, 0, 28, 84, 2681 }, // U+01CF
    { 11, 23, 164, -1, 23, 64, 2765 }, // U+01D0
    { 21, 29, 367, 1, 28, 153, 2829 }, // U+01D1
    { 16, 24, 287, 1, 23, 96, 2982 }, // U+01D2
    { 22, 29, 349, 0, 28, 160, 3078 }, // U+01D3
    { 19, 24, 311, 0, 23, 114, 3238 }, // U+01D4
    { 22, 31, 349, 0, 30, 171, 3352 }, // U+01D5
    { 19, 26, 311, 0, 25, 124, 3523 }, // U+01D6
    { 22, 32, 349, 0, 31, 176, 3647 }, // U+01D7
    { 19, 28, 311, 0, 27, 133, 3823 }, // U+01D8
    { 22, 32, 349, 0, 31, 176, 3956 }, // U+01D9
    { 19, 28, 311, 0, 27, 133, 4132 }, // U+01DA
    { 22, 32, 349, 0, 31, 176, 4265 }, // U+01DB
    { 19, 28, 311, 0, 27, 133, 4441 }, // U+01DC
    { 15, 18, 267, 1, 17, 68, 4574 }, // U+01DD
    { 22, 30, 351, 0, 30, 165, 4642 }, // U+01DE
    { 16, 26, 280, 1, 25, 104, 4807 }, // U+01DF
    { 22, 30, 351, 0, 30, 165, 4911 }, // U+01E0
    { 16, 26, 280, 1, 25, 104, 5076 }, // U+01E1
    { 29, 25, 463, 0, 25, 182, 5180 }, // U+01E2
    { 24, 21, 408, 1, 20, 126, 5362 }, // U+01E3
    { 21, 23, 359, 1, 22, 121, 5488 }, // U+01E4
    { 17, 24, 261, 0, 17, 102, 5609 }, // U+01E5
    { 21, 29, 359, 1, 28, 153, 5711 }, // U+01E6
    { 17, 30, 261, 0, 23, 128, 5864 }, // U+01E7
    { 22, 28, 343, 0, 28, 154, 5992 }, // U+01E8
    { 19, 29, 297, 0, 29, 138, 6146 }, // U+01E9
    { 21, 29, 367, 1, 22, 153, 6284 }, // U+01EA
    { 16, 24, 287, 1, 17, 96, 6437 }, // U+01EB
    { 21, 32, 367, 1, 25, 168, 6533 }, // U+01EC
    { 16, 27, 287, 1, 20, 108, 6701 }, // U+01ED
    { 16, 29, 288, 1, 28, 116, 6809 }, // U+01EE
    { 16, 30, 261, 0, 23, 120, 6925 }, // U+01EF
    { 11, 30, 161, -1, 23, 83, 7045 }, // U+01F0
    { 41, 21, 669, 0, 21, 216, 7128 }, // U+01F1
    { 37, 21, 605, 0, 21, 195, 7344 }, // U+01F2
    { 33, 24, 550, 1, 23, 198, 7539 }, // U+01F3
    { 21, 29, 359, 1, 28, 153, 7737 }, // U+01F4
    { 17, 30, 261, 0, 23, 128, 7890 }, // U+01F5
    { 34, 22, 533, 0, 21, 187, 8018 }, // U+01F6
    { 20, 29, 341, 0, 22, 145, 8205 }, // U+01F7
    { 23, 28, 368, 0, 28, 161, 8350 }, // U+01F8
    { 19, 23, 311, 0, 23, 110, 8511 }, // U+01F9
    { 22, 28, 351, 0, 28, 154, 8621 }, // U+01FA
    { 16, 29, 280, 1, 28, 116, 8775 }, // U+01FB
    { 29, 28, 463, 0, 28, 203, 8891 }, // U+01FC
    { 24, 24, 408, 1, 23, 144, 9094 }, // U+01FD
    { 21, 30, 367, 1, 28, 158, 9238 }, // U+01FE
    { 16, 25, 287, 1, 23, 100, 9396 }, // U+01FF
    { 22, 28, 351, 0, 28, 154, 9496 }, // U+0200
    { 16, 24, 280, 1, 23, 96, 9650 }, // U+0201
    { 22, 28, 351, 0, 28, 154, 9746 }, // U+0202
    { 16, 24, 280, 1, 23, 96, 9900 }, // U+0203
    { 19, 28, 305, 0, 28, 133, 9996 }, // U+0204
    { 15, 24, 267, 1, 23, 90, 10129 }, // U+0205
    { 19, 28, 305, 0, 28, 133, 10219 }, // U+0206
    { 15, 24, 267, 1, 23, 90, 10352 }, // U+0207
    { 13, 28, 187, -2, 28, 91, 10442 }, // U+0208
    { 13, 23, 164, -3, 23, 75, 10533 }, // U+0209
    { 11, 28, 187, 0, 28, 77, 10608 }, // U+020A
    { 10, 23, 164, 0, 23, 58, 10685 }, // U+020B
    { 21, 29, 367, 1, 28, 153, 10743 }, // U+020C
    { 16, 24, 287, 1, 23, 96, 10896 }, // U+020D
    { 21, 29, 367, 1, 28, 153, 10992 }, // U+020E
    { 16, 24, 287, 1, 23, 96, 11145 }, // U+020F
    { 21, 28, 330, 0, 28, 147, 11241 }, // U+0210
    { 15, 23, 244, 0, 23, 87, 11388 }, // U+0211
    { 21, 28, 330, 0, 28, 147, 11475 }, // U+0212
    { 15, 23, 244, 0, 23, 87, 11622 }, // U+0213
    { 22, 29, 349, 0, 28, 160, 11709 }, // U+0214
    { 19, 24, 311, 0, 23, 114, 11869 }, // U+0215
    { 22, 29, 349, 0, 28, 160, 11983 }, // U+0216
    { 19, 24, 311, 0, 23, 114, 12143 }, // U+0217
    { 16, 29, 270, 0, 22, 116, 12257 }, // U+0218
    { 14, 23, 225, 0, 16, 81, 12373 }, // U+0219
    { 19, 28, 305, 0, 21, 133, 12454 }, // U+021A
    { 12, 27, 189, 0, 20, 81, 12587 }, // U+021B
    { 16, 27, 288, 1, 22, 108, 12668 }, // U+021C
    { 14, 23, 252, 1, 16, 81, 12776 }, // U+021D
    { 24, 28, 382, 0, 28, 168, 12857 }, // U+021E
    { 19, 29, 311, 0, 29, 138, 13025 }, // U+021F
    { 8, 6, 0, -14, 23, 12, 0 }, // U+0300
    { 8, 6, 0, -10, 23, 12, 12 }, // U+0301
    { 11, 6, 0, -14, 23, 17, 24 }, // U+0302
    { 13, 6, 0, -16, 23, 20, 41 }, // U+0303
    { 10, 3, 0, -5, 20, 8, 61 }, // U+0304
    { 14, 2, 0, -7, 24, 7, 69 }, // U+0305
    { 10, 6, 0, -5, 23, 15, 76 }, // U+0306
    { 6, 5, 0, -3, 23, 8, 91 }, // U+0307
    { 10, 4, 0, -5, 22, 10, 99 }, // U+0308
    { 8, 8, 0, -13, 25, 16, 109 }, // U+0309
    { 8, 7, 0, -4, 24, 14, 125 }, // U+030A
    { 12, 6, 0, -6, 23, 18, 139 }, // U+030B
    { 12, 6, 0, -15, 23, 18, 157 }, // U+030C
    { 4, 6, 0, -2, 23, 6, 175 }, // U+030D
    { 8, 6, 0, -4, 23, 12, 181 }, // U+030E
    { 13, 6, 0, -17, 23, 20, 193 }, // U+030F
    { 10, 9, 0, -5, 26, 23, 213 }, // U+0310
    { 10, 6, 0, -5, 23, 15, 236 }, // U+0311
    { 6, 10, 0, -3, 21, 15, 251 }, // U+0312
    { 6, 10, 0, -3, 21, 15, 266 }, // U+0313
    { 6, 10, 0, -3, 21, 15, 281 }, // U+0314
    { 6, 10, 0, -3, 21, 15, 296 }, // U+0315
    { 8, 6, 0, -4, -1, 12, 311 }, // U+0316
    { 8, 6, 0, -4, -1, 12, 323 }, // U+0317
    { 6, 6, 0, -3, -1, 9, 335 }, // U+0318
    { 6, 6, 0, -3, -1, 9, 344 }, // U+0319
    { 8, 9, 173, 0, 23, 18, 353 }, // U+031A
    { 6, 8, 0, -3, 23, 12, 371 }, // U+031B
    { 4, 7, 0, -2, 0, 7, 383 }, // U+031C
    { 6, 5, 0, -3, -1, 8, 390 }, // U+031D
    { 6, 5, 0, -3, -1, 8, 398 }, // U+031E
    { 6, 6, 0, -3, -1, 9, 406 }, // U+031F
    { 8, 3, 0, -4, -2, 6, 415 }, // U+0320
    { 6, 8, 0, -3, 2, 12, 421 }, // U+0321
    { 6, 8, 0, -3, 2, 12, 433 }, // U+0322
    { 6, 5, 0, -12, -1, 8, 445 }, // U+0323
    { 10, 4, 0, -5, -2, 10, 453 }, // U+0324
    { 8, 7, 0, -4, 0, 14, 463 }, // U+0325
    { 6, 6, 0, -3, -1, 9, 477 }, // U+0326
    { 8, 8, 0, -4, 1, 16, 486 }, // U+0327
    { 8, 7, 0, -4, 0, 14, 502 }, // U+0328
    { 4, 6, 0, -2, -1, 6, 516 }, // U+0329
    { 12, 5, 0, -6, -2, 15, 522 }, // U+032A
    { 10, 5, 0, -5, -1, 13, 537 }, // U+032B
    { 12, 6, 0, -6, -1, 18, 550 }, // U+032C
    { 12, 6, 0, -6, -1, 18, 568 }, // U+032D
    { 10, 6, 0, -5, -1, 15, 586 }, // U+032E
    { 10, 6, 0, -5, -1, 15, 601 }, // U+032F
    { 12, 6, 0, -6, -1, 18, 616 }, // U+0330
    { 10, 4, 0, -5, -2, 10, 634 }, // U+0331
    { 14, 4, 0, -7, -2, 14, 644 }, // U+0332
    { 14, 6, 0, -7, -1, 21, 658 }, // U+0333
    { 12, 6, 0, -6, 11, 18, 679 }, // U+0334
    { 12, 3, 0, -6, 10, 9, 697 }, // U+0335
    { 20, 3, 0, -10, 10, 15, 706 }, // U+0336
    { 12, 9, 0, -6, 13, 27, 721 }, // U+0337
    { 13, 26, 0, -7, 23, 85, 748 }, // U+0338
    { 4, 7, 0, -2, 0, 7, 833 }, // U+0339
    { 12, 5, 0, -6, -2, 15, 840 }, // U+033A
    { 12, 6, 0, -6, -1, 18, 855 }, // U+033B
    { 10, 5, 0, -5, -1, 13, 873 }, // U+033C
    { 6, 6, 0, -3, 23, 9, 886 }, // U+033D
    { 4, 10, 0, -2, 26, 10, 895 }, // U+033E
    { 14, 6, 0, -7, 28, 21, 905 }, // U+033F
    { 8, 6, 0, -5, 23, 12, 926 }, // U+0340
    { 8, 6, 0, -3, 23, 12, 938 }, // U+0341
    { 12, 6, 0, -6, 23, 18, 950 }, // U+0342
    { 5, 7, 0, -2, 24, 9, 968 }, // U+0343
    { 13, 7, 0, -6, 23, 23, 977 }, // U+0344
    { 7, 6, 0, 1, -1, 11, 1000 }, // U+0345
    { 12, 5, 0, -6, 22, 15, 1011 }, // U+0346
    { 14, 6, 0, -7, -1, 21, 1026 }, // U+0347
    { 8, 6, 0, -4, -1, 12, 1047 }, // U+0348
    { 6, 5, 0, -3, -2, 8, 1059 }, // U+0349
    { 12, 8, 0, -6, 24, 24, 1067 }, // U+034A
    { 12, 13, 0, -6, 29, 39, 1091 }, // U+034B
    { 12, 12, 0, -6, 28, 36, 1130 }, // U+034C
    { 10, 6, 0, -5, -1, 15, 1166 }, // U+034D
    { 6, 7, 0, -3, 0, 11, 1181 }, // U+034E
    { 22, 21, 0, -11, 21, 116, 1192 }, // U+034F
    { 6, 7, 0, -3, 23, 11, 1308 }, // U+0350
    { 4, 7, 0, -2, 24, 7, 1319 }, // U+0351
    { 10, 9, 0, -5, 26, 23, 1326 }, // U+0352
    { 6, 6, 0, -3, -1, 9, 1349 }, // U+0353
    { 6, 7, 0, -3, -1, 11, 1358 }, // U+0354
    { 6, 7, 0, -3, -1, 11, 1369 }, // U+0355
    { 12, 6, 0, -6, -1, 18, 1380 }, // U+0356
    { 4, 7, 0, -2, 24, 7, 1398 }, // U+0357
    { 6, 5, 0, 2, 23, 8, 1405 }, // U+0358
    { 8, 7, 0, -4, 0, 14, 1413 }, // U+0359
    { 12, 6, 0, -6, -1, 18, 1427 }, // U+035A
    { 6, 6, 0, -3, 23, 9, 1445 }, // U+035B
    { 22, 7, 0, -11, 0, 39, 1454 }, // U+035C
    { 22, 6, 0, -11, 23, 33, 1493 }, // U+035D
    { 18, 2, 0, -9, 20, 9, 1526 }, // U+035E
    { 18, 3, 0, -9, -2, 14, 1535 }, // U+035F
    { 24, 5, 0, -12, 23, 30, 1549 }, // U+0360
    { 24, 7, 0, -12, 25, 42, 1579 }, // U+0361
    { 18, 6, 0, -9, -1, 27, 1621 }, // U+0362
    { 8, 8, 0, -4, 25, 16, 1648 }, // U+0363
    { 7, 8, 0, -3, 25, 14, 1664 }, // U+0364
    { 5, 10, 0, -2, 28, 13, 1678 }, // U+0365
    { 8, 8, 0, -4, 25, 16, 1691 }, // U+0366
    { 9, 8, 0, -4, 25, 18, 1707 }, // U+0367
    { 7, 8, 0, -3, 25, 14, 1725 }, // U+0368
    { 9, 10, 0, -4, 27, 23, 1739 }, // U+0369
    { 9, 9, 0, -4, 27, 21, 1762 }, // U+036A
    { 13, 7, 0, -6, 25, 23, 1783 }, // U+036B
    { 7, 7, 0, -3, 25, 13, 1806 }, // U+036C
    { 6, 9, 0, -3, 26, 14, 1819 }, // U+036D
    { 9, 7, 0, -4, 25, 16, 1833 }, // U+036E
    { 9, 7, 0, -4, 25, 16, 1849 }, // U+036F
    { 19, 28, 305, 0, 28, 133, 0 }, // U+0400
    { 19, 27, 305, 0, 27, 129, 133 }, // U+0401
    { 24, 21, 384, 0, 21, 126, 262 }, // U+0402
    { 17, 28, 278, 0, 28, 119, 388 }, // U+0403
    { 18, 23, 307, 1, 22, 104, 507 }, // U+0404
    { 15, 23, 272, 1, 22, 87, 611 }, // U+0405
    { 11, 21, 184, 0, 21, 58, 698 }, // U+0406
    { 11, 27, 184, 0, 27, 75, 756 }, // U+0407
    { 12, 28, 184, -1, 21, 84, 831 }, // U+0408
    { 28, 22, 454, 0, 21, 154, 915 }, // U+0409
    { 30, 21, 482, 0, 21, 158, 1069 }, // U+040A
    { 26, 21, 414, 0, 21, 137, 1227 }, // U+040B
    { 22, 28, 341, 0, 28, 154, 1364 }, // U+040C
    { 24, 28, 384, 0, 28, 168, 1518 }, // U+040D
    { 21, 29, 327, 0, 28, 153, 1686 }, // U+040E
    { 23, 27, 375, 0, 21, 156, 1839 }, // U+040F
    { 22, 21, 350, 0, 21, 116, 1995 }, // U+0410
    { 18, 21, 298, 0, 21, 95, 2111 }, // U+0411
    { 19, 21, 323, 0, 21, 100, 2206 }, // U+0412
    { 17, 21, 278, 0, 21, 90, 2306 }, // U+0413
    { 22, 27, 351, 0, 21, 149, 2396 }, // U+0414
    { 19, 21, 305, 0, 21, 100, 2545 }, // U+0415
    { 31, 21, 483, 0, 21, 163, 2645 }, // U+0416
    { 17, 23, 290, 0, 22, 98, 2808 }, // U+0417
    { 24, 21, 384, 0, 21, 126, 2906 }, // U+0418
    { 24, 28, 384, 0, 28, 168, 3032 }, // U+0419
    { 22, 21, 341, 0, 21, 116, 3200 }, // U+041A
    { 22, 22, 350, 0, 21, 121, 3316 }, // U+041B
    { 28, 21, 452, 0, 21, 147, 3437 }, // U+041C
    { 23, 21, 379, 0, 21, 121, 3584 }, // U+041D
    { 21, 23, 360, 1, 22, 121, 3705 }, // U+041E
    { 23, 21, 375, 0, 21, 121, 3826 }, // U+041F
    { 18, 21, 298, 0, 21, 95, 3947 }, // U+0420
    { 18, 23, 307, 1, 22, 104, 4042 }, // U+0421
    { 19, 21, 314, 0, 21, 100, 4146 }, // U+0422
    { 21, 22, 327, 0, 21, 116, 4246 }, // U+0423
    { 26, 23, 441, 1, 22, 150, 4362 }, // U+0424
    { 22, 21, 342, 0, 21, 116, 4512 }, // U+0425
    { 23, 27, 377, 0, 21, 156, 4628 }, // U+0426
    { 23, 21, 366, 0, 21, 121, 4784 }, // U+0427
    { 33, 21, 532, 0, 21, 174, 4905 }, // U+0428
    { 33, 27, 534, 0, 21, 223, 5079 }, // U+0429
    { 21, 21, 345, 0, 21, 111, 5302 }, // U+042A
    { 28, 21, 460, 0, 21, 147, 5413 }, // U+042B
    { 18, 21, 298, 0, 21, 95, 5560 }, // U+042C
    { 17, 23, 307, 1, 22, 98, 5655 }, // U+042D
    { 31, 23, 504, 0, 22, 179, 5753 }, // U+042E
    { 21, 21, 327, -1, 21, 111, 5932 }, // U+042F
    { 16, 17, 277, 1, 16, 68, 6043 }, // U+0430
    { 16, 24, 282, 1, 23, 96, 6111 }, // U+0431
    { 17, 16, 282, 0, 16, 68, 6207 }, // U+0432
    { 15, 16, 235, 0, 16, 60, 6275 }, // U+0433
    { 18, 22, 292, 0, 16, 99, 6335 }, // U+0434
    { 15, 17, 263, 1, 16, 64, 6434 }, // U+0435
    { 26, 16, 412, 0, 16, 104, 6498 }, // U+0436
    { 14, 17, 237, 0, 16, 60, 6602 }, // U+0437
    { 20, 16, 317, 0, 16, 80, 6662 }, // U+0438
    { 20, 23, 317, 0, 23, 115, 6742 }, // U+0439
    { 19, 16, 289, 0, 16, 76, 6857 }, // U+043A
    { 18, 17, 292, 0, 16, 77, 6933 }, // U+043B
    { 25, 16, 398, 0, 16, 100, 7010 }, // U+043C
    { 20, 16, 315, 0, 16, 80, 7110 }, // U+043D
    { 16, 17, 283, 1, 16, 68, 7190 }, // U+043E
    { 19, 16, 310, 0, 16, 76, 7258 }, // U+043F
    { 18, 23, 302, 0, 16, 104, 7334 }, // U+0440
    { 14, 17, 244, 1, 16, 60, 7438 }, // U+0441
    { 16, 16, 260, 0, 16, 64, 7498 }, // U+0442
    { 18, 24, 282, 0, 16, 108, 7562 }, // U+0443
    { 22, 30, 378, 1, 23, 165, 7670 }, // U+0444
    { 19, 16, 302, 0, 16, 76, 7835 }, // U+0445
    { 19, 22, 312, 0, 16, 105, 7911 }, // U+0446
    { 19, 16, 308, 0, 16, 76, 8016 }, // U+0447
    { 28, 16, 442, 0, 16, 112, 8092 }, // U+0448
    { 28, 22, 445, 0, 16, 154, 8204 }, // U+0449
    { 19, 16, 309, 0, 16, 76, 8358 }, // U+044A
    { 26, 16, 409, 0, 16, 104, 8434 }, // U+044B
    { 17, 16, 267, 0, 16, 68, 8538 }, // U+044C
    { 15, 17, 245, 0, 16, 64, 8606 }, // U+044D
    { 25, 17, 402, 0, 16, 107, 8670 }, // U+044E
    { 18, 16, 285, 0, 16, 72, 8777 }, // U+044F
    { 15, 24, 263, 1, 23, 90, 8849 }, // U+0450
    { 15, 23, 263, 1, 22, 87, 8939 }, // U+0451
    { 17, 30, 295, 0, 23, 128, 9026 }, // U+0452
    { 15, 23, 235, 0, 23, 87, 9154 }, // U+0453
    { 14, 17, 244, 1, 16, 60, 9241 }, // U+0454
    { 14, 17, 224, 0, 16, 60, 9301 }, // U+0455
    { 10, 23, 164, 0, 23, 58, 9361 }, // U+0456
    { 10, 23, 164, 0, 23, 58, 9419 }, // U+0457
    { 9, 30, 155, -1, 23, 68, 9477 }, // U+0458
    { 24, 17, 390, 0, 16, 102, 9545 }, // U+0459
    { 26, 16, 412, 0, 16, 104, 9647 }, // U+045A
    { 19, 23, 308, 0, 23, 110, 9751 }, // U+045B
    { 19, 23, 292, 0, 23, 110, 9861 }, // U+045C
    { 20, 23, 317, 0, 23, 115, 9971 }, // U+045D
    { 18, 31, 282, 0, 23, 140, 10086 }, // U+045E
    { 19, 22, 310, 0, 16, 105, 10226 }, // U+045F
    { 29, 22, 480, 0, 22, 160, 10331 }, // U+0460
    { 25, 16, 419, 0, 16, 100, 10491 }, // U+0461
    { 21, 21, 334, 0, 21, 111, 10591 }, // U+0462
    { 17, 23, 281, 0, 23, 98, 10702 }, // U+0463
    { 29, 23, 482, 0, 22, 167, 10800 }, // U+0464
    { 24, 18, 400, 0, 17, 108, 10967 }, // U+0465
    { 24, 21, 370, 0, 21, 126, 11075 }, // U+0466
    { 20, 16, 311, 0, 16, 80, 11201 }, // U+0467
    { 35, 21, 546, 0, 21, 184, 11281 }, // U+0468
    { 28, 16, 448, 0, 16, 112, 11465 }, // U+0469
    { 27, 21, 429, 0, 21, 142, 11577 }, // U+046A
    { 24, 16, 372, 0, 16, 96, 11719 }, // U+046B
    { 38, 21, 607, 0, 21, 200, 11815 }, // U+046C
    { 32, 16, 511, 0, 16, 128, 12015 }, // U+046D
    { 16, 32, 288, 1, 25, 128, 12143 }, // U+046E
    { 14, 27, 247, 1, 20, 95, 12271 }, // U+046F
    { 28, 21, 456, 0, 21, 147, 12366 }, // U+0470
    { 20, 30, 330, 0, 23, 150, 12513 }, // U+0471
    { 21, 23, 367, 1, 22, 121, 12663 }, // U+0472
    { 16, 18, 290, 1, 17, 72, 12784 }, // U+0473
    { 22, 21, 347, 0, 21, 116, 12856 }, // U+0474
    { 19, 16, 299, 0, 16, 76, 12972 }, // U+0475
    { 22, 28, 347, 0, 28, 154, 13048 }, // U+0476
    { 19, 23, 299, 0, 23, 110, 13202 }, // U+0477
    { 38, 29, 608, 1, 22, 276, 13312 }, // U+0478
    { 32, 24, 525, 1, 17, 192, 13588 }, // U+0479
    { 22, 25, 386, 1, 23, 138, 13780 }, // U+047A
    { 17, 20, 300, 1, 18, 85, 13918 }, // U+047B
    { 31, 32, 525, 1, 31, 248, 14003 }, // U+047C
    { 26, 28, 450, 1, 27, 182, 14251 }, // U+047D
    { 29, 26, 480, 0, 26, 189, 14433 }, // U+047E
    { 25, 21, 419, 0, 21, 132, 14622 }, // U+047F
    { 18, 29, 312, 1, 22, 131, 14754 }, // U+0480
    { 14, 24, 246, 1, 17, 84, 14885 }, // U+0481
    { 16, 20, 284, 1, 19, 80, 14969 }, // U+0482
    { 12, 6, 0, -6, 22, 18, 15049 }, // U+0483
    { 12, 6, 0, -6, 23, 18, 15067 }, // U+0484
    { 4, 6, 0, -2, 23, 6, 15085 }, // U+0485
    { 4, 6, 0, -2, 23, 6, 15091 }, // U+0486
    { 14, 5, 0, -7, 27, 18, 15097 }, // U+0487
    { 36, 34, 0, -18, 25, 306, 15115 }, // U+0488
    { 36, 36, 0, -18, 26, 324, 15421 }, // U+0489
    { 24, 35, 385, 0, 28, 210, 15745 }, // U+048A
    { 20, 30, 317, 0, 23, 150, 15955 }, // U+048B
    { 18, 23, 298, 0, 23, 104, 16105 }, // U+048C
    { 17, 19, 281, 0, 19, 81, 16209 }, // U+048D
    { 18, 21, 298, 0, 21, 95, 16290 }, // U+048E
    { 18, 23, 301, 0, 16, 104, 16385 }, // U+048F
    { 16, 26, 256, 0, 26, 104, 16489 }, // U+0490
    { 14, 20, 214, 0, 20, 70, 16593 }, // U+0491
    { 17, 21, 276, 0, 21, 90, 16663 }, // U+0492
    { 15, 16, 237, 0, 16, 60, 16753 }, // U+0493
    { 21, 29, 336, 0, 21, 153, 16813 }, // U+0494
    { 18, 23, 287, 0, 16, 104, 16966 }, // U+0495
    { 31, 28, 505, 0, 21, 217, 17070 }, // U+0496
    { 28, 22, 447, 0, 16, 154, 17287 }, // U+0497
    { 17, 29, 288, 0, 22, 124, 17441 }, // U+0498
    { 15, 23, 247, 0, 16, 87, 17565 }, // U+0499
    { 22, 28, 353, 0, 21, 154, 17652 }, // U+049A
    { 19, 23, 309, 0, 16, 110, 17806 }, // U+049B
    { 23, 21, 352, 0, 21, 121, 17916 }, // U+049C
    { 20, 16, 314, 0, 16, 80, 18037 }, // U+049D
    { 21, 21, 336, 0, 21, 111, 18117 }, // U+049E
    { 19, 23, 300, 0, 23, 110, 18228 }, // U+049F
    { 25, 21, 387, 0, 21, 132, 18338 }, // U+04A0
    { 23, 16, 359, 0, 16, 92, 18470 }, // U+04A1
    { 24, 28, 382, 0, 21, 168, 18562 }, // U+04A2
    { 20, 23, 323, 0, 16, 115, 18730 }, // U+04A3
    { 27, 21, 433, 0, 21, 142, 18845 }, // U+04A4
    { 24, 16, 382, 0, 16, 96, 18987 }, // U+04A5
    { 32, 29, 526, 0, 21, 232, 19083 }, // U+04A6
    { 27, 23, 436, 0, 16, 156, 19315 }, // U+04A7
    { 23, 24, 396, 1, 22, 138, 19471 }, // U+04A8
    { 20, 17, 334, 1, 16, 85, 19609 }, // U+04A9
    { 18, 29, 312, 1, 22, 131, 19694 }, // U+04AA
    { 14, 24, 246, 1, 17, 84, 19825 }, // U+04AB
    { 19, 28, 305, 0, 21, 133, 19909 }, // U+04AC
    { 16, 23, 265, 0, 16, 92, 20042 }, // U+04AD
    { 21, 21, 323, 0, 21, 111, 20134 }, // U+04AE
    { 18, 23, 283, 0, 16, 104, 20245 }, // U+04AF
    { 21, 21, 323, 0, 21, 111, 20349 }, // U+04B0
    { 18, 23, 283, 0, 16, 104, 20460 }, // U+04B1
    { 22, 28, 351, 0, 21, 154, 20564 }, // U+04B2
    { 19, 23, 302, 0, 16, 110, 20718 }, // U+04B3
    { 29, 28, 463, 0, 21, 203, 20828 }, // U+04B4
    { 25, 23, 406, 0, 16, 144, 21031 }, // U+04B5
    { 23, 28, 364, 0, 21, 161, 21175 }, // U+04B6
    { 20, 23, 318, 0, 16, 115, 21336 }, // U+04B7
    { 23, 21, 365, 0, 21, 121, 21451 }, // U+04B8
    { 19, 16, 308, 0, 16, 76, 21572 }, // U+04B9
    { 23, 21, 364, 0, 21, 121, 21648 }, // U+04BA
    { 19, 23, 311, 0, 23, 110, 21769 }, // U+04BB
    { 24, 23, 400, 0, 22, 138, 21879 }, // U+04BC
    { 20, 18, 329, 0, 17, 90, 22017 }, // U+04BD
    { 24, 29, 400, 0, 22, 174, 22107 }, // U+04BE
    { 20, 24, 329, 0, 17, 120, 22281 }, // U+04BF
    { 11, 21, 187, 0, 21, 58, 22401 }, // U+04C0
    { 31, 28, 483, 0, 28, 217, 22459 }, // U+04C1
    { 26, 23, 412, 0, 23, 150, 22676 }, // U+04C2
    { 21, 29, 340, 0, 21, 153, 22826 }, // U+04C3
    { 19, 23, 308, 0, 16, 110, 22979 }, // U+04C4
    { 22, 28, 351, 0, 21, 154, 23089 }, // U+04C5
    { 18, 23, 292, 0, 16, 104, 23243 }, // U+04C6
    { 24, 29, 383, 0, 21, 174, 23347 }, // U+04C7
    { 20, 24, 323, 0, 16, 120, 23521 }, // U+04C8
    { 24, 28, 382, 0, 21, 168, 23641 }, // U+04C9
    { 20, 23, 315, 0, 16, 115, 23809 }, // U+04CA
    { 22, 28, 364, 0, 21, 154, 23924 }, // U+04CB
    { 20, 23, 318, 0, 16, 115, 24078 }, // U+04CC
    { 28, 28, 452, 0, 21, 196, 24193 }, // U+04CD
    { 25, 23, 398, 0, 16, 144, 24389 }, // U+04CE
    { 11, 21, 187, 0, 21, 58, 24533 }, // U+04CF
    { 22, 28, 351, 0, 28, 154, 24591 }, // U+04D0
    { 16, 24, 280, 1, 23, 96, 24745 }, // U+04D1
    { 22, 27, 351, 0, 27, 149, 24841 }, // U+04D2
    { 16, 23, 280, 1, 22, 92, 24990 }, // U+04D3
    { 29, 21, 463, 0, 21, 153, 25082 }, // U+04D4
    { 24, 18, 408, 1, 17, 108, 25235 }, // U+04D5
    { 19, 28, 305, 0, 28, 133, 25343 }, // U+04D6
    { 15, 24, 267, 1, 23, 90, 25476 }, // U+04D7
    { 19, 23, 339, 1, 22, 110, 25566 }, // U+04D8
    { 15, 18, 267, 1, 17, 68, 25676 }, // U+04D9
    { 19, 28, 339, 1, 27, 133, 25744 }, // U+04DA
    { 15, 23, 267, 1, 22, 87, 25877 }, // U+04DB
    { 31, 27, 483, 0, 27, 210, 25964 }, // U+04DC
    { 26, 22, 412, 0, 22, 143, 26174 }, // U+04DD
    { 17, 28, 293, 0, 27, 119, 26317 }, // U+04DE
    { 14, 23, 237, 0, 22, 81, 26436 }, // U+04DF
    { 16, 22, 288, 1, 21, 88, 26517 }, // U+04E0
    { 16, 23, 261, 0, 16, 92, 26605 }, // U+04E1
    { 24, 25, 384, 0, 25, 150, 26697 }, // U+04E2
    { 20, 20, 317, 0, 20, 100, 26847 }, // U+04E3
    { 24, 27, 384, 0, 27, 162, 26947 }, // U+04E4
    { 20, 22, 317, 0, 22, 110, 27109 }, // U+04E5
    { 21, 28, 367, 1, 27, 147, 27219 }, // U+04E6
    { 16, 23, 287, 1, 22, 92, 27366 }, // U+04E7
    { 21, 23, 367, 1, 22, 121, 27458 }, // U+04E8
    { 16, 18, 287, 1, 17, 72, 27579 }, // U+04E9
    { 21, 28, 367, 1, 27, 147, 27651 }, // U+04EA
    { 16, 23, 287, 1, 22, 92, 27798 }, // U+04EB
    { 17, 28, 307, 1, 27, 119, 27890 }, // U+04EC
    { 15, 23, 245, 0, 22, 87, 28009 }, // U+04ED
    { 21, 26, 327, 0, 25, 137, 28096 }, // U+04EE
    { 17, 27, 270, 0, 20, 115, 28233 }, // U+04EF
    { 21, 28, 327, 0, 27, 147, 28348 }, // U+04F0
    { 17, 29, 270, 0, 22, 124, 28495 }, // U+04F1
    { 21, 29, 327, 0, 28, 153, 28619 }, // U+04F2
    { 17, 30, 270, 0, 23, 128, 28772 }, // U+04F3
    { 23, 27, 365, 0, 27, 156, 28900 }, // U+04F4
    { 19, 22, 308, 0, 22, 105, 29056 }, // U+04F5
    { 17, 28, 276, 0, 21, 119, 29161 }, // U+04F6
    { 15, 23, 237, 0, 16, 87, 29280 }, // U+04F7
    { 28, 27, 460, 0, 27, 189, 29367 }, // U+04F8
    { 26, 22, 409, 0, 22, 143, 29556 }, // U+04F9
    { 17, 27, 276, 0, 21, 115, 29699 }, // U+04FA
    { 15, 22, 237, 0, 16, 83, 29814 }, // U+04FB
    { 22, 27, 342, 0, 21, 149, 29897 }, // U+04FC
    { 19, 22, 302, 0, 16, 105, 30046 }, // U+04FD
    { 22, 21, 342, 0, 21, 116, 30151 }, // U+04FE
    { 19, 16, 302, 0, 16, 76, 30267 }, // U+04FF
    { 22, 27, 351, 0, 21, 149, 0 }, // U+1EA0
    { 16, 23, 280, 1, 17, 92, 149 }, // U+1EA1
    { 22, 29, 351, 0, 29, 160, 241 }, // U+1EA2
    { 16, 26, 280, 1, 25, 104, 401 }, // U+1EA3
    { 22, 29, 351, 0, 29, 160, 505 }, // U+1EA4
    { 16, 25, 280, 1, 24, 100, 665 }, // U+1EA5
    { 22, 29, 351, 0, 29, 160, 765 }, // U+1EA6
    { 17, 25, 280, 0, 24, 107, 925 }, // U+1EA7
    { 22, 30, 351, 0, 30, 165, 1032 }, // U+1EA8
    { 16, 26, 280, 1, 25, 104, 1197 }, // U+1EA9
    { 22, 31, 351, 0, 31, 171, 1301 }, // U+1EAA
    { 16, 28, 280, 1, 27, 112, 1472 }, // U+1EAB
    { 22, 34, 351, 0, 28, 187, 1584 }, // U+1EAC
    { 16, 29, 280, 1, 23, 116, 1771 }, // U+1EAD
    { 22, 30, 351, 0, 30, 165, 1887 }, // U+1EAE
    { 16, 26, 280, 1, 25, 104, 2052 }, // U+1EAF
    { 22, 30, 351, 0, 30, 165, 2156 }, // U+1EB0
    { 16, 26, 280, 1, 25, 104, 2321 }, // U+1EB1
    { 22, 31, 351, 0, 31, 171, 2425 }, // U+1EB2
    { 16, 27, 280, 1, 26, 108, 2596 }, // U+1EB3
    { 22, 31, 351, 0, 31, 171, 2704 }, // U+1EB4
    { 16, 28, 280, 1, 27, 112, 2875 }, // U+1EB5
    { 22, 34, 351, 0, 28, 187, 2987 }, // U+1EB6
    { 16, 29, 280, 1, 23, 116, 3174 }, // U+1EB7
    { 19, 27, 305, 0, 21, 129, 3290 }, // U+1EB8
    { 15, 23, 267, 1, 17, 87, 3419 }, // U+1EB9
    { 19, 29, 305, 0, 29, 138, 3506 }, // U+1EBA
    { 15, 26, 267, 1, 25, 98, 3644 }, // U+1EBB
    { 19, 28, 305, 0, 28, 133, 3742 }, // U+1EBC
    { 15, 24, 267, 1, 23, 90, 3875 }, // U+1EBD
    { 19, 29, 305, 0, 29, 138, 3965 }, // U+1EBE
    { 16, 25, 267, 1, 24, 100, 4103 }, // U+1EBF
    { 19, 29, 305, 0, 29, 138, 4203 }, // U+1EC0
    { 16, 25, 267, 0, 24, 100, 4341 }, // U+1EC1
    { 19, 30, 305, 0, 30, 143, 4441 }, // U+1EC2
    { 15, 26, 267, 1, 25, 98, 4584 }, // U+1EC3
    { 19, 31, 305, 0, 31, 148, 4682 }, // U+1EC4
    { 15, 28, 267, 1, 27, 105, 4830 }, // U+1EC5
    { 19, 34, 305, 0, 28, 162, 4935 }, // U+1EC6
    { 15, 29, 267, 1, 23, 109, 5097 }, // U+1EC7
    { 11, 29, 187, 0, 29, 80, 5206 }, // U+1EC8
    { 10, 25, 164, 0, 25, 63, 5286 }, // U+1EC9
    { 11, 27, 187, 0, 21, 75, 5349 }, // U+1ECA
    { 10, 29, 164, 0, 23, 73, 5424 }, // U+1ECB
    { 21, 28, 367, 1, 22, 147, 5497 }, // U+1ECC
    { 16, 23, 287, 1, 17, 92, 5644 }, // U+1ECD
    { 21, 30, 367, 1, 29, 158, 5736 }, // U+1ECE
    { 16, 26, 287, 1, 25, 104, 5894 }, // U+1ECF
    { 21, 30, 367, 1, 29, 158, 5998 }, // U+1ED0
    { 16, 25, 287, 1, 24, 100, 6156 }, // U+1ED1
    { 21, 30, 367, 1, 29, 158, 6256 }, // U+1ED2
    { 17, 25, 287, 0, 24, 107, 6414 }, // U+1ED3
    { 21, 31, 367, 1, 30, 163, 6521 }, // U+1ED4
    { 16, 26, 287, 1, 25, 104, 6684 }, // U+1ED5
    { 21, 32, 367, 1, 31, 168, 6788 }, // U+1ED6
    { 16, 28, 287, 1, 27, 112, 6956 }, // U+1ED7
    { 21, 34, 367, 1, 28, 179, 7068 }, // U+1ED8
    { 16, 29, 287, 1, 23, 116, 7247 }, // U+1ED9
    { 24, 29, 393, 1, 28, 174, 7363 }, // U+1EDA
    { 19, 24, 313, 1, 23, 114, 7537 }, // U+1EDB
    { 24, 29, 393, 1, 28, 174, 7651 }, // U+1EDC
    { 19, 24, 313, 1, 23, 114, 7825 }, // U+1EDD
    { 24, 30, 393, 1, 29, 180, 7939 }, // U+1EDE
    { 19, 26, 313, 1, 25, 124, 8119 }, // U+1EDF
    { 24, 29, 393, 1, 28, 174, 8243 }, // U+1EE0
    { 19, 24, 313, 1, 23, 114, 8417 }, // U+1EE1
    { 24, 29, 393, 1, 23, 174, 8531 }, // U+1EE2
    { 19, 25, 313, 1, 19, 119, 8705 }, // U+1EE3
    { 22, 27, 349, 0, 21, 149, 8824 }, // U+1EE4
    { 19, 22, 311, 0, 16, 105, 8973 }, // U+1EE5
    { 22, 30, 349, 0, 29, 165, 9078 }, // U+1EE6
    { 19, 26, 311, 0, 25, 124, 9243 }, // U+1EE7
    { 25, 29, 398, 0, 28, 182, 9367 }, // U+1EE8
    { 23, 24, 363, 0, 23, 138, 9549 }, // U+1EE9
    { 25, 29, 398, 0, 28, 182, 9687 }, // U+1EEA
    { 23, 24, 363, 0, 23, 138, 9869 }, // U+1EEB
    { 25, 30, 398, 0, 29, 188, 10007 }, // U+1EEC
    { 23, 26, 363, 0, 25, 150, 10195 }, // U+1EED
    { 25, 29, 398, 0, 28, 182, 10345 }, // U+1EEE
    { 23, 24, 363, 0, 23, 138, 10527 }, // U+1EEF
    { 25, 29, 398, 0, 23, 182, 10665 }, // U+1EF0
    { 23, 25, 363, 0, 19, 144, 10847 }, // U+1EF1
    { 21, 28, 323, 0, 28, 147, 10991 }, // U+1EF2
    { 17, 30, 270, 0, 23, 128, 11138 }, // U+1EF3
    { 21, 27, 323, 0, 21, 142, 11266 }, // U+1EF4
    { 17, 23, 270, 0, 16, 98, 11408 }, // U+1EF5
    { 21, 29, 323, 0, 29, 153, 11506 }, // U+1EF6
    { 17, 32, 270, 0, 25, 136, 11659 }, // U+1EF7
    { 21, 28, 323, 0, 28, 147, 11795 }, // U+1EF8
    { 17, 30, 270, 0, 23, 128, 11942 }, // U+1EF9
    { 0, 0, 233, 0, 0, 0, 0 }, // U+2000
    { 0, 0, 467, 0, 0, 0, 0 }, // U+2001
    { 0, 0, 233, 0, 0, 0, 0 }, // U+2002
    { 0, 0, 467, 0, 0, 0, 0 }, // U+2003
    { 0, 0, 155, 0, 0, 0, 0 }, // U+2004
    { 0, 0, 117, 0, 0, 0, 0 }, // U+2005
    { 0, 0, 78, 0, 0, 0, 0 }, // U+2006
    { 0, 0, 264, 0, 0, 0, 0 }, // U+2007
    { 0, 0, 137, 0, 0, 0, 0 }, // U+2008
    { 0, 0, 77, 0, 0, 0, 0 }, // U+2009
    { 0, 0, 47, 0, 0, 0, 0 }, // U+200A
    { 0, 0, 0, 0, 0, 0, 0 }, // U+200B
    { 2, 23, 0, -1, 19, 12, 0 }, // U+200C
    { 8, 25, 0, -4, 21, 50, 12 }, // U+200D
    { 8, 25, 0, -1, 21, 50, 62 }, // U+200E
    { 8, 25, 0, -7, 21, 50, 112 }, // U+200F
    { 9, 4, 145, 0, 10, 9, 162 }, // U+2010
    { 9, 4, 145, 0, 10, 9, 171 }, // U+2011
    { 15, 3, 264, 1, 12, 12, 180 }, // U+2012
    { 16, 3, 233, -1, 9, 12, 192 }, // U+2013
    { 31, 3, 467, -1, 9, 24, 204 }, // U+2014
    { 31, 3, 467, -1, 9, 24, 228 }, // U+2015
    { 8, 30, 261, 4, 23, 60, 252 }, // U+2016
    { 14, 6, 192, -1, 0, 21, 312 }, // U+2017
    { 6, 10, 131, 1, 21, 15, 333 }, // U+2018
    { 6, 10, 131, 1, 21, 15, 348 }, // U+2019
    { 6, 10, 137, 1, 5, 15, 363 }, // U+201A
    { 6, 10, 131, 1, 21, 15, 378 }, // U+201B
    { 12, 10, 228, 1, 21, 30, 393 }, // U+201C
    { 12, 10, 228, 1, 21, 30, 423 }, // U+201D
    { 12, 10, 228, 1, 5, 30, 453 }, // U+201E
    { 12, 10, 228, 1, 21, 30, 483 }, // U+201F
    { 12, 27, 223, 1, 23, 81, 513 }, // U+2020
    { 12, 27, 223, 1, 23, 81, 594 }, // U+2021
    { 10, 10, 187, 1, 15, 25, 675 }, // U+2022
    { 10, 10, 233, 3, 15, 25, 700 }, // U+2023
    { 6, 5, 137, 1, 13, 8, 725 }, // U+2024
    { 14, 5, 269, 1, 13, 18, 733 }, // U+2025
    { 23, 6, 426, 2, 5, 35, 751 }, // U+2026
    { 6, 6, 137, 1, 12, 9, 786 }, // U+2027
    { 0, 0, 280, 0, 0, 0, 795 }, // U+2028
    { 0, 0, 280, 0, 0, 0, 795 }, // U+2029
    { 8, 22, 0, -1, 18, 44, 795 }, // U+202A
    { 8, 22, 0, -7, 18, 44, 839 }, // U+202B
    { 8, 25, 0, -4, 21, 50, 883 }, // U+202C
    { 8, 25, 0, -4, 21, 50, 933 }, // U+202D
    { 8, 25, 0, -4, 21, 50, 983 }, // U+202E
    { 0, 0, 77, 0, 0, 0, 1033 }, // U+202F
    { 38, 23, 611, 0, 22, 219, 1033 }, // U+2030
    { 50, 23, 807, 0, 22, 288, 1252 }, // U+2031
    { 7, 8, 117, 0, 21, 14, 1540 }, // U+2032
    { 14, 8, 229, 0, 21, 28, 1554 }, // U+2033
    { 21, 8, 341, 0, 21, 42, 1582 }, // U+2034
    { 7, 8, 117, 0, 21, 14, 1624 }, // U+2035
    { 14, 8, 229, 0, 21, 28, 1638 }, // U+2036
    { 21, 8, 341, 0, 21, 42, 1666 }, // U+2037
    { 12, 9, 205, 0, 2, 27, 1708 }, // U+2038
    { 8, 12, 165, 1, 14, 24, 1735 }, // U+2039
    { 8, 12, 165, 1, 14, 24, 1759 }, // U+203A
    { 22, 21, 382, 1, 21, 116, 1783 }, // U+203B
    { 13, 22, 294, 3, 21, 72, 1899 }, // U+203C
    { 16, 23, 288, 1, 22, 92, 1971 }, // U+203D
    { 15, 2, 214, -1, 24, 8, 2063 }, // U+203E
    { 22, 7, 0, -11, 0, 39, 2071 }, // U+203F
    { 24, 7, 0, -12, 25, 42, 2110 }, // U+2040
    { 14, 21, 210, 0, 21, 74, 2152 }, // U+2041
    { 28, 23, 467, 1, 23, 161, 2226 }, // U+2042
    { 9, 5, 169, 1, 13, 12, 2387 }, // U+2043
    { 14, 21, 29, -6, 21, 74, 2399 }, // U+2044
    { 10, 27, 194, 2, 23, 68, 2473 }, // U+2045
    { 9, 27, 194, 1, 23, 61, 2541 }, // U+2046
    { 29, 23, 498, 1, 22, 167, 2602 }, // U+2047
    { 21, 23, 394, 1, 22, 121, 2769 }, // U+2048
    { 21, 23, 396, 3, 22, 121, 2890 }, // U+2049
    { 15, 23, 285, 1, 17, 87, 3011 }, // U+204A
    { 17, 27, 293, 1, 23, 115, 3098 }, // U+204B
    { 16, 11, 288, 1, 16, 44, 3213 }, // U+204C
    { 16, 11, 288, 1, 16, 44, 3257 }, // U+204D
    { 13, 13, 234, 1, 17, 43, 3301 }, // U+204E
    { 6, 21, 142, 2, 16, 32, 3344 }, // U+204F
    { 21, 23, 359, 1, 22, 121, 3376 }, // U+2050
    { 13, 25, 234, 1, 23, 82, 3497 }, // U+2051
    { 12, 22, 188, 0, 21, 66, 3579 }, // U+2052
    { 15, 7, 261, 1, 14, 27, 3645 }, // U+2053
    { 22, 6, 0, -11, 0, 33, 3672 }, // U+2054
    { 14, 14, 252, 1, 17, 49, 3705 }, // U+2055
    { 15, 17, 294, 2, 16, 64, 3754 }, // U+2056
    { 28, 8, 453, 0, 21, 56, 3818 }, // U+2057
    { 19, 17, 357, 2, 16, 81, 3874 }, // U+2058
    { 19, 17, 357, 2, 16, 81, 3955 }, // U+2059
    { 5, 23, 142, 2, 22, 29, 4036 }, // U+205A
    { 19, 23, 357, 2, 22, 110, 4065 }, // U+205B
    { 16, 16, 325, 2, 16, 64, 4175 }, // U+205C
    { 5, 23, 142, 2, 22, 29, 4239 }, // U+205D
    { 5, 23, 142, 2, 22, 29, 4268 }, // U+205E
    { 0, 0, 104, 0, 0, 0, 4297 }, // U+205F
    { 0, 0, 280, 0, 0, 0, 4297 }, // U+2060
    { 0, 0, 280, 0, 0, 0, 4297 }, // U+2061
    { 0, 0, 280, 0, 0, 0, 4297 }, // U+2062
    { 0, 0, 280, 0, 0, 0, 4297 }, // U+2063
    { 0, 0, 280, 0, 0, 0, 4297 }, // U+2064
    { 0, 0, 0, 0, 0, 0, 4297 }, // U+2066
    { 0, 0, 0, 0, 0, 0, 4297 }, // U+2067
    { 0, 0, 0, 0, 0, 0, 4297 }, // U+2068
    { 0, 0, 0, 0, 0, 0, 4297 }, // U+2069
    { 8, 25, 0, -4, 21, 50, 4297 }, // U+206A
    { 8, 25, 0, -4, 21, 50, 4347 }, // U+206B
    { 8, 25, 0, -4, 21, 50, 4397 }, // U+206C
    { 8, 25, 0, -4, 21, 50, 4447 }, // U+206D
    { 8, 25, 0, -4, 21, 50, 4497 }, // U+206E
    { 8, 25, 0, -4, 21, 50, 4547 }, // U+206F
    { 11, 14, 187, 0, 25, 39, 0 }, // U+2070
    { 7, 14, 107, 0, 22, 25, 39 }, // U+2071
    { 12, 13, 187, 0, 24, 39, 64 }, // U+2074
    { 11, 13, 187, 0, 24, 36, 103 }, // U+2075
    { 10, 14, 187, 1, 25, 35, 139 }, // U+2076
    { 10, 13, 187, 1, 24, 33, 174 }, // U+2077
    { 12, 14, 187, 0, 25, 42, 207 }, // U+2078
    { 10, 14, 187, 1, 25, 35, 249 }, // U+2079
    { 11, 11, 187, 0, 22, 31, 284 }, // U+207A
    { 11, 2, 187, 0, 18, 6, 315 }, // U+207B
    { 11, 8, 187, 0, 21, 22, 321 }, // U+207C
    { 8, 18, 117, 1, 26, 36, 343 }, // U+207D
    { 7, 18, 117, -1, 26, 32, 379 }, // U+207E
    { 13, 10, 203, 0, 18, 33, 411 }, // U+207F
    { 11, 14, 187, 0, 11, 39, 444 }, // U+2080
    { 10, 13, 187, 1, 10, 33, 483 }, // U+2081
    { 10, 14, 187, 1, 11, 35, 516 }, // U+2082
    { 11, 14, 187, 0, 11, 39, 551 }, // U+2083
    { 12, 13, 187, 0, 10, 39, 590 }, // U+2084
    { 11, 13, 187, 0, 10, 36, 629 }, // U+2085
    { 10, 14, 187, 1, 11, 35, 665 }, // U+2086
    { 10, 13, 187, 1, 10, 33, 700 }, // U+2087
    { 12, 14, 187, 0, 11, 42, 733 }, // U+2088
    { 10, 14, 187, 1, 11, 35, 775 }, // U+2089
    { 11, 11, 187, 0, 8, 31, 810 }, // U+208A
    { 11, 2, 187, 0, 4, 6, 841 }, // U+208B
    { 11, 8, 187, 0, 7, 22, 847 }, // U+208C
    { 8, 18, 117, 1, 12, 36, 869 }, // U+208D
    { 7, 18, 117, -1, 12, 32, 905 }, // U+208E
    { 11, 10, 182, 0, 7, 28, 937 }, // U+2090
    { 11, 10, 174, 0, 7, 28, 965 }, // U+2091
    { 11, 10, 186, 0, 7, 28, 993 }, // U+2092
    { 13, 10, 196, 0, 7, 33, 1021 }, // U+2093
    { 10, 10, 174, 0, 7, 25, 1054 }, // U+2094
    { 13, 14, 203, 0, 11, 46, 1079 }, // U+2095
    { 13, 14, 193, 0, 11, 46, 1125 }, // U+2096
    { 7, 14, 107, 0, 11, 25, 1171 }, // U+2097
    { 19, 10, 299, 0, 7, 48, 1196 }, // U+2098
    { 13, 10, 203, 0, 7, 33, 1244 }, // U+2099
    { 12, 14, 196, 0, 7, 42, 1277 }, // U+209A
    { 9, 10, 146, 0, 7, 23, 1319 }, // U+209B
    { 8, 12, 123, 0, 9, 24, 1342 }, // U+209C
    { 21, 22, 359, 1, 22, 116, 0 }, // U+20A0
    { 18, 25, 312, 1, 23, 113, 116 }, // U+20A1
    { 18, 23, 312, 1, 22, 104, 229 }, // U+20A2
    { 16, 21, 264, 0, 21, 84, 333 }, // U+20A3
    { 16, 23, 264, 0, 22, 92, 417 }, // U+20A4
    { 29, 24, 460, 0, 20, 174, 509 }, // U+20A5
    { 23, 21, 368, 0, 21, 121, 683 }, // U+20A6
    { 26, 22, 420, 0, 21, 143, 804 }, // U+20A7
    { 33, 22, 538, 0, 21, 182, 947 }, // U+20A8
    { 33, 21, 498, -1, 21, 174, 1129 }, // U+20A9
    { 22, 18, 416, 2, 18, 99, 1303 }, // U+20AA
    { 18, 28, 303, 1, 23, 126, 1402 }, // U+20AB
    { 16, 23, 261, 0, 22, 92, 1528 }, // U+20AC
    { 22, 21, 343, 0, 21, 116, 1620 }, // U+20AD
    { 19, 21, 305, 0, 21, 100, 1736 }, // U+20AE
    { 32, 30, 517, 0, 24, 240, 1836 }, // U+20AF
    { 17, 29, 297, 0, 22, 124, 2076 }, // U+20B0
    { 19, 21, 298, 0, 21, 100, 2200 }, // U+20B1
    { 21, 26, 359, 1, 23, 137, 2300 }, // U+20B2
    { 22, 21, 351, 0, 21, 116, 2437 }, // U+20B3
    { 18, 23, 270, -1, 22, 104, 2553 }, // U+20B4
    { 18, 26, 312, 1, 23, 117, 2657 }, // U+20B5
    { 17, 22, 277, 0, 21, 94, 2774 }, // U+20B6
    { 16, 25, 264, 0, 22, 100, 2868 }, // U+20B7
    { 16, 21, 264, 0, 21, 84, 2968 }, // U+20B8
    { 15, 21, 261, 1, 21, 79, 3052 }, // U+20B9
    { 16, 21, 264, 0, 21, 84, 3131 }, // U+20BA
    { 18, 23, 305, 0, 22, 104, 3215 }, // U+20BB
    { 19, 20, 367, 2, 20, 95, 3319 }, // U+20BC
    { 17, 21, 275, 0, 21, 90, 3414 }, // U+20BD
    { 19, 23, 327, 1, 23, 110, 3504 }, // U+20BE
    { 15, 26, 264, 1, 23, 98, 3614 }, // U+20BF
    { 14, 22, 246, 1, 16, 77, 3712 }, // U+20C0
    { 14, 3, 267, 1, 12, 11, 0 }, // U+2212
    { 25, 23, 356, 0, 23, 144, 0 }, // U+FB00
    { 21, 23, 336, 0, 23, 121, 144 }, // U+FB01
    { 21, 23, 336, 0, 23, 121, 265 }, // U+FB02
    { 31, 23, 501, 0, 23, 179, 386 }, // U+FB03
    { 31, 23, 501, 0, 23, 179, 565 }, // U+FB04
    { 22, 24, 351, 0, 23, 132, 744 }, // U+FB05
    { 25, 24, 406, 0, 23, 150, 876 }, // U+FB06
    { 27, 28, 467, 1, 23, 189, 0 }, // U+FFFD
};

static const EpdUnicodeInterval notoserif_14_boldIntervals[] = {
    { 0x0, 0x0, 0x0 },
    { 0xD, 0xD, 0x1 },
    { 0x20, 0x7E, 0x2 },
    { 0xA0, 0x17F, 0x61 },
    { 0x1A0, 0x1A1, 0x141 },
    { 0x1AF, 0x1B0, 0x143 },
    { 0x1C4, 0x21F, 0x145 },
    { 0x300, 0x36F, 0x1A1 },
    { 0x400, 0x4FF, 0x211 },
    { 0x1EA0, 0x1EF9, 0x311 },
    { 0x2000, 0x2064, 0x36B },
    { 0x2066, 0x2071, 0x3D0 },
    { 0x2074, 0x208E, 0x3DC },
    { 0x2090, 0x209C, 0x3F7 },
    { 0x20A0, 0x20C0, 0x404 },
    { 0x2212, 0x2212, 0x425 },
    { 0xFB00, 0xFB06, 0x426 },
    { 0xFFFD, 0xFFFD, 0x42D },
};

static const EpdFontGroup notoserif_14_boldGroups[] = {
    { 0, 3425, 8480, 97, 0 },
    { 3425, 2949, 9809, 96, 97 },
    { 6374, 3678, 15989, 128, 193 },
    { 10052, 3708, 14108, 96, 321 },
    { 13760, 1216, 2098, 112, 417 },
    { 14976, 9460, 32303, 256, 529 },
    { 24436, 2116, 12949, 90, 785 },
    { 26552, 1980, 4995, 111, 875 },
    { 28532, 621, 1517, 42, 986 },
    { 29153, 1897, 4084, 33, 1028 },
    { 31050, 13, 12, 1, 1061 },
    { 31063, 389, 1117, 7, 1062 },
    { 31452, 130, 196, 1, 1069 },
};

static const uint16_t notoserif_14_boldKernLeftCodepoints[] = {
    0x0022, 0x0026, 0x0027, 0x002A, 0x002C, 0x002E, 0x0040, 0x0041, 0x0042, 0x0044, 0x0045, 0x0046,
    0x0047, 0x004B, 0x004C, 0x004E, 0x004F, 0x0050, 0x0051, 0x0052, 0x0053, 0x0054, 0x0055, 0x0056,
    0x0057, 0x0058, 0x0059, 0x0061, 0x0062, 0x0065, 0x0066, 0x0067, 0x0068, 0x006B, 0x006D, 0x006E,
    0x006F, 0x0070, 0x0072, 0x0073, 0x0076, 0x0077, 0x0079, 0x00A1, 0x00BF, 0x00C0, 0x00C1, 0x00C2,
    0x00C3, 0x00C4, 0x00C5, 0x00C6, 0x00C8, 0x00C9, 0x00CA, 0x00CB, 0x00D0, 0x00D1, 0x00D2, 0x00D3,
    0x00D4, 0x00D5, 0x00D6, 0x00D8, 0x00D9, 0x00DA, 0x00DB, 0x00DC, 0x00DD, 0x00DE, 0x00DF, 0x00E0,
    0x00E1, 0x00E2, 0x00E3, 0x00E4, 0x00E5, 0x00E6, 0x00E8, 0x00E9, 0x00EA, 0x00EB, 0x00F0, 0x00F1,
    0x00F2, 0x00F3, 0x00F4, 0x00F5, 0x00F6, 0x00F8, 0x00FD, 0x00FE, 0x00FF, 0x0100, 0x0102, 0x0104,
    0x010E, 0x010F, 0x0110, 0x0112, 0x0113, 0x0114, 0x0115, 0x0116, 0x0117, 0x0118, 0x0119, 0x011A,
    0x011B, 0x011C, 0x011E, 0x0120, 0x0122, 0x0125, 0x0127, 0x0129, 0x0136, 0x0137, 0x0138, 0x0139,
    0x013B, 0x013E, 0x0141, 0x0143, 0x0144, 0x0145, 0x0146, 0x0147, 0x0148, 0x0149, 0x014B, 0x014C,
    0x014D, 0x014E, 0x014F, 0x0150, 0x0151, 0x0152, 0x0153, 0x0154, 0x0155, 0x0156, 0x0157, 0x0158,
    0x0159, 0x015A, 0x015B, 0x015C, 0x015D, 0x015E, 0x015F, 0x0160, 0x0161, 0x0162, 0x0164, 0x0165,
    0x0166, 0x0168, 0x016A, 0x016C, 0x016E, 0x0170, 0x0172, 0x0174, 0x0175, 0x0176, 0x0177, 0x0178,
    0x01A0, 0x01A1, 0x01AF, 0x01B0, 0x01FA, 0x01FC, 0x01FD, 0x01FE, 0x01FF, 0x0218, 0x0219, 0x021A,
    0x0402, 0x0409, 0x040A, 0x040E, 0x0423, 0x042A, 0x042C, 0x0431, 0x043E, 0x0440, 0x0444, 0x044D,
    0x044E, 0x0457, 0x0460, 0x0462, 0x0465, 0x0466, 0x0468, 0x046A, 0x046C, 0x046E, 0x046F, 0x0472,
    0x0473, 0x0474, 0x0476, 0x0478, 0x0479, 0x047A, 0x047B, 0x047C, 0x047D, 0x047E, 0x0481, 0x048C,
    0x048D, 0x048E, 0x048F, 0x0490, 0x0491, 0x0493, 0x0494, 0x0496, 0x0497, 0x0498, 0x0499, 0x049A,
    0x049B, 0x049C, 0x049D, 0x049E, 0x049F, 0x04A0, 0x04A1, 0x04A3, 0x04A4, 0x04A5, 0x04A6, 0x04A8,
    0x04AB, 0x04AC, 0x04AD, 0x04B2, 0x04B3, 0x04B5, 0x04B7, 0x04BA, 0x04BC, 0x04BD, 0x04BE, 0x04BF,
    0x04C3, 0x04C6, 0x04D0, 0x04D1, 0x04D2, 0x04D3, 0x04D4, 0x04D5, 0x04D6, 0x04D7, 0x04D8, 0x04D9,
    0x04DA, 0x04DB, 0x04E0, 0x04E6, 0x04E7, 0x04E8, 0x04E9, 0x04EA, 0x04EB, 0x04ED, 0x04EE, 0x04EF,
    0x04F0, 0x04F1, 0x04F2, 0x04F3, 0x04F6, 0x04F7, 0x04FB, 0x04FC, 0x04FD, 0x04FE, 0x04FF, 0x1EA0,
    0x1EA1, 0x1EA2, 0x1EA3, 0x1EA4, 0x1EA5, 0x1EA6, 0x1EA7, 0x1EA8, 0x1EA9, 0x1EAA, 0x1EAB, 0x1EAC,
    0x1EAD, 0x1EAE, 0x1EAF, 0x1EB0, 0x1EB1, 0x1EB2, 0x1EB3, 0x1EB4, 0x1EB5, 0x1EB6, 0x1EB7, 0x1EB8,
    0x1EB9, 0x1EBA, 0x1EBB, 0x1EBC, 0x1EBD, 0x1EBE, 0x1EBF, 0x1EC0, 0x1EC1, 0x1EC2, 0x1EC3, 0x1EC4,
    0x1EC5, 0x1EC6, 0x1EC7, 0x1ECC, 0x1ECD, 0x1ECE, 0x1ECF, 0x1ED0, 0x1ED1, 0x1ED2, 0x1ED3, 0x1ED4,
    0x1ED5, 0x1ED6, 0x1ED7, 0x1ED8, 0x1ED9, 0x1EDA, 0x1EDB, 0x1EDC, 0x1EDD, 0x1EDE, 0x1EDF, 0x1EE0,
    0x1EE1, 0x1EE2, 0x1EE3, 0x1EE4, 0x1EE6, 0x1EE8, 0x1EE9, 0x1EEA, 0x1EEB, 0x1EEC, 0x1EED, 0x1EEE,
    0x1EEF, 0x1EF0, 0x1EF1, 0x1EF2, 0x1EF3, 0x1EF4, 0x1EF5, 0x1EF6, 0x1EF7, 0x1EF8, 0x1EF9, 0x2018,
    0x2019, 0x201A, 0x201C, 0x201D, 0x201E, 0x2026, 0x207D, 0x208D, 0xFB00,
};

static const uint8_t notoserif_14_boldKernLeftClassIds[] = {
      1,   2,   1,   3,   4,   4,   5,   6,   7,   8,   9,  10,  11,  12,  13,  14,
      8,   3,   8,  15,  16,  17,  18,  19,  20,  21,  22,  23,  24,  25,  26,  27,
     23,  28,  23,  23,  24,  24,  29,  30,  31,  32,  33,  34,  35,  36,  36,  36,
     36,  36,  36,   9,   9,   9,   9,   9,   8,  14,   8,   8,   8,   8,   8,   8,
     18,  18,  18,  18,  22,   8,  24,  23,  23,  23,  23,  23,  23,  25,  25,  25,
     25,  25,  24,  23,  24,  24,  24,  24,  24,  24,  33,  24,  33,   6,  36,  36,
      8,  37,   8,   9,  25,   9,  25,   9,  25,   9,  25,   9,  25,  11,  11,  11,
     11,  23,  23,  38,  12,  28,  28,  13,  13,  37,  13,  14,  23,  14,  23,  14,
     23,  23,  23,   8,  24,   8,  24,   8,  24,   9,  25,  15,  29,  15,  29,  15,
     29,  16,  30,  16,  30,  16,  30,  16,  30,  17,  17,  39,  17,  18,  18,  18,
     18,  18,  18,  20,  32,  22,  33,  22,  40,  41,  42,  43,   6,   9,  25,   8,
     24,  16,  30,  17,  44,  45,  45,  46,  46,  45,  45,  47,  48,  48,  49,  49,
     49,  50,  51,  52,  53,  54,  54,  55,  55,  56,  24,  51,  48,  57,  57,  33,
     58,  51,  48,  51,  24,  51,  53,  52,  24,  59,  48,  60,  61,  61,  62,  55,
     63,  56,  48,  55,  63,  55,  63,  55,  63,  55,  63,  64,  60,  61,  62,  51,
     53,  60,  61,  65,  63,  64,  64,  62,  51,  48,  51,  48,  62,  64,  54,  23,
     54,  23,  66,  48,  66,  48,  51,  48,  51,  48,  56,  51,  48,  51,  48,  51,
     48,  48,  46,  58,  46,  58,  46,  58,  60,  61,  61,  65,  63,  65,  63,  36,
     23,  36,  23,  36,  23,  36,  23,  36,  23,  36,  23,  36,  23,  36,  23,  36,
     23,  36,  23,  36,  23,  36,  23,   9,  25,   9,  25,   9,  25,   9,  25,   9,
     25,   9,  25,   9,  25,   9,  25,   8,  24,   8,  24,   8,  24,   8,  24,   8,
     24,   8,  24,   8,  24,  40,  41,  40,  41,  40,  41,  40,  41,  40,  41,  18,
     18,  42,  43,  42,  43,  42,  43,  42,  43,  42,  43,  22,  33,  22,  33,  22,
     33,  22,  33,  67,  68,   4,  67,  68,   4,   4,  69,  70,  26,
};

static const uint16_t notoserif_14_boldKernRightCodepoints[] = {
    0x0021, 0x0022, 0x0026, 0x0027, 0x0029, 0x002A, 0x002C, 0x002E, 0x003A, 0x003B, 0x003F, 0x0040,
    0x0041, 0x0042, 0x0043, 0x0044, 0x0045, 0x0046, 0x0047, 0x0048, 0x0049, 0x004A, 0x004B, 0x004C,
    0x004D, 0x004E, 0x004F, 0x0050, 0x0051, 0x0052, 0x0053, 0x0054, 0x0055, 0x0056, 0x0057, 0x0058,
    0x0059, 0x005A, 0x005D, 0x0061, 0x0062, 0x0063, 0x0064, 0x0065, 0x0067, 0x0068, 0x0069, 0x006B,
    0x006C, 0x006D, 0x006E, 0x006F, 0x0070, 0x0071, 0x0072, 0x0073, 0x0074, 0x0075, 0x0076, 0x0077,
    0x0078, 0x0079, 0x007A, 0x007D, 0x00AB, 0x00B7, 0x00BB, 0x00C0, 0x00C1, 0x00C2, 0x00C3, 0x00C4,
    0x00C5, 0x00C6, 0x00C7, 0x00C8, 0x00C9, 0x00CA, 0x00CB, 0x00CC, 0x00CD, 0x00CE, 0x00CF, 0x00D0,
    0x00D1, 0x00D2, 0x00D3, 0x00D4, 0x00D5, 0x00D6, 0x00D8, 0x00D9, 0x00DA, 0x00DB, 0x00DC, 0x00DD,
    0x00DE, 0x00E0, 0x00E1, 0x00E2, 0x00E3, 0x00E4, 0x00E5, 0x00E6, 0x00E7, 0x00E8, 0x00E9, 0x00EA,
    0x00EB, 0x00EC, 0x00ED, 0x00EE, 0x00EF, 0x00F0, 0x00F1, 0x00F2, 0x00F3, 0x00F4, 0x00F5, 0x00F6,
    0x00F8, 0x00F9, 0x00FA, 0x00FB, 0x00FC, 0x00FD, 0x00FE, 0x00FF, 0x0100, 0x0101, 0x0102, 0x0103,
    0x0104, 0x0105, 0x0106, 0x0107, 0x0108, 0x0109, 0x010A, 0x010B, 0x010C, 0x010D, 0x010E, 0x010F,
    0x0110, 0x0111, 0x0112, 0x0113, 0x0114, 0x0115, 0x0116, 0x0117, 0x0118, 0x0119, 0x011A, 0x011B,
    0x011C, 0x011D, 0x011E, 0x011F, 0x0120, 0x0121, 0x0122, 0x0123, 0x0124, 0x0125, 0x0126, 0x0127,
    0x0128, 0x0129, 0x012A, 0x012B, 0x012C, 0x012D, 0x012E, 0x012F, 0x0130, 0x0132, 0x0133, 0x0134,
    0x0136, 0x0137, 0x0138, 0x0139, 0x013A, 0x013B, 0x013C, 0x013D, 0x013E, 0x013F, 0x0140, 0x0141,
    0x0142, 0x0143, 0x0144, 0x0145, 0x0146, 0x0147, 0x0148, 0x014A, 0x014B, 0x014C, 0x014D, 0x014E,
    0x014F, 0x0150, 0x0151, 0x0152, 0x0153, 0x0154, 0x0155, 0x0156, 0x0157, 0x0158, 0x015A, 0x015B,
    0x015C, 0x015D, 0x015E, 0x015F, 0x0160, 0x0161, 0x0162, 0x0163, 0x0164, 0x0165, 0x0166, 0x0167,
    0x0168, 0x0169, 0x016A, 0x016B, 0x016C, 0x016D, 0x016E, 0x016F, 0x0170, 0x0171, 0x0172, 0x0173,
    0x0174, 0x0175, 0x0176, 0x0177, 0x0178, 0x0179, 0x017A, 0x017B, 0x017C, 0x017D, 0x017E, 0x01A0,
    0x01A1, 0x01AF, 0x01B0, 0x01FA, 0x01FB, 0x01FC, 0x01FD, 0x01FE, 0x01FF, 0x0218, 0x0219, 0x021A,
    0x021B, 0x0402, 0x040B, 0x040E, 0x0416, 0x0422, 0x0423, 0x0425, 0x0427, 0x042A, 0x042F, 0x0431,
    0x0436, 0x0443, 0x0445, 0x0447, 0x0451, 0x0456, 0x045E, 0x0460, 0x0462, 0x0466, 0x046A, 0x046E,
    0x0472, 0x0473, 0x0478, 0x0479, 0x047A, 0x047B, 0x047C, 0x047D, 0x047E, 0x0480, 0x0481, 0x0496,
    0x0498, 0x0499, 0x04A0, 0x04A1, 0x04A8, 0x04A9, 0x04AA, 0x04AB, 0x04AC, 0x04AD, 0x04B2, 0x04B4,
    0x04B5, 0x04B6, 0x04B7, 0x04B8, 0x04B9, 0x04C1, 0x04C2, 0x04CB, 0x04CC, 0x04D0, 0x04D2, 0x04D4,
    0x04D5, 0x04D7, 0x04D8, 0x04D9, 0x04DA, 0x04DC, 0x04DD, 0x04E0, 0x04E1, 0x04E6, 0x04E7, 0x04E8,
    0x04E9, 0x04EA, 0x04EB, 0x04EE, 0x04EF, 0x04F0, 0x04F1, 0x04F2, 0x04F3, 0x04F4, 0x04F5, 0x04FC,
    0x04FE, 0x1EA0, 0x1EA1, 0x1EA2, 0x1EA3, 0x1EA4, 0x1EA5, 0x1EA6, 0x1EA7, 0x1EA8, 0x1EA9, 0x1EAA,
    0x1EAB, 0x1EAC, 0x1EAD, 0x1EAE, 0x1EAF, 0x1EB0, 0x1EB1, 0x1EB2, 0x1EB3, 0x1EB4, 0x1EB5, 0x1EB6,
    0x1EB7, 0x1EB8, 0x1EB9, 0x1EBA, 0x1EBB, 0x1EBC, 0x1EBD, 0x1EBE, 0x1EBF, 0x1EC0, 0x1EC1, 0x1EC2,
    0x1EC3, 0x1EC4, 0x1EC5, 0x1EC6, 0x1EC7, 0x1EC9, 0x1ECB, 0x1ECC, 0x1ECD, 0x1ECE, 0x1ECF, 0x1ED0,
    0x1ED1, 0x1ED2, 0x1ED3, 0x1ED4, 0x1ED5, 0x1ED6, 0x1ED7, 0x1ED8, 0x1ED9, 0x1EDA, 0x1EDB, 0x1EDC,
    0x1EDD, 0x1EDE, 0x1EDF, 0x1EE0, 0x1EE1, 0x1EE2, 0x1EE3, 0x1EE4, 0x1EE5, 0x1EE6, 0x1EE7, 0x1EE8,
    0x1EE9, 0x1EEA, 0x1EEB, 0x1EEC, 0x1EED, 0x1EEE, 0x1EEF, 0x1EF0, 0x1EF1, 0x1EF2, 0x1EF3, 0x1EF4,
    0x1EF5, 0x1EF6, 0x1EF7, 0x1EF8, 0x1EF9, 0x2018, 0x2019, 0x201A, 0x201C, 0x201D, 0x201E, 0x2026,
    0x2039, 0x203A, 0x207E, 0x208E,
};

static const uint8_t notoserif_14_boldKernRightClassIds[] = {
      1,   2,   3,   2,   4,   5,   6,   7,   8,   8,   9,  10,  11,  12,  13,  12,
     12,  12,  13,  12,  12,  14,  12,  12,  12,  12,  13,  12,  13,  12,  15,  16,
     17,  18,  19,  20,  21,  22,   4,  23,  24,  25,  25,  25,  26,  24,  27,  24,
     24,  27,  27,  25,  27,  25,  27,  28,  29,  30,  31,  32,  33,  34,  35,   4,
     36,  37,  36,  11,  11,  11,  11,  11,  11,  38,  13,  12,  12,  12,  12,  12,
     12,  12,  12,  12,  12,  13,  13,  13,  13,  13,  13,  17,  17,  17,  17,  21,
     12,  23,  23,  23,  23,  23,  23,  23,  25,  25,  25,  25,  25,  39,  27,  39,
     39,  25,  27,  25,  25,  25,  25,  25,  25,  30,  30,  30,  30,  34,  24,  34,
     11,  23,  11,  23,  11,  23,  13,  25,  13,  25,  13,  25,  13,  25,  12,  25,
     12,  25,  12,  25,  12,  25,  12,  25,  12,  25,  12,  25,  13,  25,  13,  25,
     13,  25,  13,  25,  12,  24,  12,  24,  12,  40,  12,  39,  12,  39,  12,  27,
     12,  12,  27,  14,  12,  24,  27,  12,  24,  12,  24,  12,  24,  12,  24,  12,
     24,  12,  27,  12,  27,  12,  27,  12,  27,  13,  25,  13,  25,  13,  25,  13,
     25,  12,  27,  12,  27,  12,  15,  28,  15,  28,  15,  28,  15,  28,  16,  29,
     16,  29,  16,  29,  17,  30,  17,  30,  17,  30,  17,  30,  17,  30,  17,  30,
     19,  32,  21,  34,  21,  22,  35,  22,  35,  22,  35,  13,  25,  17,  30,  11,
     23,  38,  23,  13,  25,  15,  28,  16,  29,  41,  41,  42,  41,  41,  42,  41,
     43,  41,  44,  45,  46,  47,  46,  48,  49,  50,  47,  51,  16,  52,  53,  54,
     51,  55,  51,  55,  51,  55,  51,  25,  51,  51,  55,  53,  54,  56,  57,  58,
     51,  55,  51,  55,  57,  58,  53,  57,  58,  59,  60,  43,  48,  41,  46,  59,
     60,  52,  52,  38,  61,  55,  51,  61,  51,  41,  46,  54,  35,  51,  55,  51,
     55,  51,  55,  42,  62,  42,  62,  42,  62,  43,  48,  53,  53,  11,  23,  11,
     23,  11,  23,  11,  23,  11,  23,  11,  23,  11,  23,  11,  23,  11,  23,  11,
     23,  11,  23,  11,  23,  12,  25,  12,  25,  12,  25,  12,  25,  12,  25,  12,
     25,  12,  25,  12,  25,  27,  27,  13,  25,  13,  25,  13,  25,  13,  25,  13,
     25,  13,  25,  13,  25,  13,  25,  13,  25,  13,  25,  13,  25,  13,  25,  17,
     30,  17,  30,  17,  30,  17,  30,  17,  30,  17,  30,  17,  30,  21,  34,  21,
     34,  21,  34,  21,  34,  63,   5,   7,  63,   5,   7,   7,  36,  36,  64,  65,
};

static const uint16_t notoserif_14_boldKernRowOffsets[] = {
        0,     5,    10,    16,    32,    34,    50,    64,    77,    80,    89,    95,   101,   113,   114,   125,
      137,   148,   153,   165,   176,   180,   194,   199,   205,   208,   213,   214,   216,   220,   222,   225,
      228,   231,   234,   239,   255,   271,   272,   278,   297,   306,   322,   328,   338,   339,   341,   348,
      351,   355,   357,   364,   370,   371,   389,   403,   412,   426,   428,   432,   446,   450,   457,   461,
      462,   473,   474,   477,   484,   485,   486,
};

static const uint8_t notoserif_14_boldKernSparseCols[] = {
     10,  24,  25,  37,  51,   8,  15,  17,  18,  20,   2,   5,   6,  10,  37,  51,
      8,  12,  15,  16,  17,  18,  20,  30,  31,  33,  50,  56,  57,  58,  59,  61,
     10,  20,   1,   4,   8,  12,  15,  16,  17,  18,  20,  24,  25,  29,  30,  31,
     33,  62,   4,   8,  10,  15,  17,  18,  19,  20,  21,  31,  33,  37,  51,  56,
      5,   6,   8,  10,  15,  17,  18,  19,  20,  37,  51,  52,  56,  17,  18,  20,
      2,   5,   6,   9,  10,  22,  24,  25,  37,   8,  15,  17,  18,  20,  37,  12,
     24,  25,  29,  31,  33,   1,   4,   8,  15,  17,  18,  20,  30,  31,  33,  36,
     62,  35,   4,   8,  12,  15,  16,  17,  18,  20,  30,  31,  33,   8,  10,  15,
     17,  18,  19,  20,  31,  33,  37,  51,  56,   2,   5,   6,   9,  10,  12,  22,
     24,  25,  27,  37,   5,   6,   9,  10,  37,   2,   5,   6,   9,  10,  12,  22,
     24,  25,  27,  37,  51,   5,   6,   9,  10,  12,  22,  24,  25,  27,  34,  37,
     12,  14,  31,  33,   2,   5,   6,   9,  10,  12,  14,  22,  24,  25,  27,  34,
     37,  51,   1,  33,  58,  59,  61,  17,  18,  20,  33,  58,  61,  17,  18,  20,
      1,   3,   4,  38,  39,  18,  24,  25,   4,   5,   6,  22,  20,  58,   5,   6,
     10,   5,   6,  10,   5,   6,  10,  17,  18,  20,   8,  15,  17,  18,  20,   1,
      4,   8,  12,  15,  16,  17,  18,  20,  24,  25,  29,  30,  31,  33,  62,   0,
      1,   3,   4,   8,  11,  13,  15,  16,  17,  18,  19,  20,  21,  23,  62,  39,
      0,   1,   3,   8,  23,  62,   5,   6,   7,   8,  10,  15,  17,  18,  20,  22,
     24,  25,  26,  27,  28,  30,  31,  32,  33,   4,   5,   6,  26,  28,  29,  30,
     31,  33,   5,   6,   7,  10,  12,  22,  24,  25,  26,  27,  28,  29,  30,  31,
     33,  34,   4,   5,   6,  26,  28,  30,   1,   8,  15,  41,  42,  45,  46,  47,
     56,  62,  56,  48,  49,   8,  15,  40,  41,  56,  58,  59,  56,  58,  59,  42,
     56,  58,  59,  42,  62,   5,   6,  37,  51,  52,  56,  58,   1,   4,  56,  58,
     59,  62,  58,   1,   4,   8,  12,  15,  17,  20,  24,  25,  29,  31,  33,  50,
     56,  57,  58,  59,  62,  12,  24,  25,  29,  31,  33,  44,  50,  53,  54,  57,
     58,  59,  61,   5,   6,  31,  33,  37,  51,  52,  57,  58,   5,   6,  12,  22,
     24,  25,  27,  37,  50,  51,  53,  54,  55,  60,   5,   6,   5,   6,  37,  51,
      5,   6,  12,  22,  24,  25,  27,  37,  43,  50,  51,  54,  55,  60,   4,   5,
      6,  51,   1,   4,   8,  15,  56,  58,  61,  24,  25,  54,  60,   3,  12,  24,
     25,  29,  31,  33,  50,  53,  57,  58,  61,  57,  10,  37,  51,  10,  12,  22,
     24,  25,  27,  39,  63,  64,
};

static const int8_t notoserif_14_boldKernSparseValues[] = {
     -37,   -9,  -28,  -56,  -37,  -14,  -14,  -19,  -19,  -14,   -5,  -56,  -56,  -23,  -37,  -23,
     -42,   -9,  -42,   -9,  -51,  -42,  -37,  -33,  -28,  -23,   -9,  -42,  -33,  -37,  -23,  -23,
     -14,   -5,  -37,  -33,  -28,   -9,  -28,   -9,  -37,  -33,  -33,   -9,   -9,   -9,  -28,  -14,
     -23,  -33,   -9,   -9,   -9,   -9,  -19,  -14,   -9,  -19,   -9,   -5,   -9,  -14,   -9,   -9,
      -9,   -9,   -9,   -9,   -9,   -9,   -9,   -9,  -14,  -23,   -9,   -9,   -9,   -9,   -9,   -9,
      -9,  -56,  -56,  -19,  -33,  -19,  -19,  -19,  -51,   -9,   -9,   -9,   -9,   -9,   -9,   -9,
      -9,   -9,   -9,  -14,  -14,  -28,  -37,  -33,  -33,  -23,  -23,  -28,   -9,   -5,  -14,   -9,
     -37,   -5,   -9,   -9,   -9,   -9,   -5,  -14,  -14,  -14,   -5,   -5,   -9,   -9,   -9,   -9,
      -9,   -9,   -9,   -9,   -5,   -9,   -9,   -9,   -9,   -5,  -42,  -42,  -14,  -28,   -9,  -14,
     -18,  -18,   -2,  -37,   -9,   -9,   -5,   -9,  -19,  -14,  -51,  -51,  -23,  -37,   -9,  -28,
     -28,  -28,  -19,  -61,  -37,  -42,  -42,  -23,  -33,   -9,  -30,  -28,  -28,  -23,  -14,  -61,
      -9,   -5,  -14,  -23,   -5,  -37,  -37,  -19,  -33,  -14,   -9,  -28,  -33,  -33,  -28,   -9,
     -42,  -33,  -19,   -9,  -14,   -9,   -9,  -28,  -28,  -33,   -9,  -14,   -9,  -28,  -28,  -28,
      37,   42,   37,   19,   19,   -9,   -9,   -9,   14,  -66,  -66,   -9,  -28,   -9,  -23,  -33,
     -28,  -33,  -33,  -14,  -42,  -42,  -23,  -14,   -9,  -14,   -9,   -9,  -23,  -23,  -23,  -37,
     -33,  -28,   -9,  -28,   -9,  -37,  -33,  -33,   -9,   -9,   -9,  -23,  -14,  -23,  -33,   28,
      37,   59,   19,   60,   23,   28,   23,   33,   37,   33,   33,   47,   19,   42,   13,   28,
      11,   20,   40,   17,   19,    3,   -9,   -9,   -5,    9,  -19,    9,    9,    9,    9,   -9,
      -9,   -9,   -5,   -9,   -5,   -9,   -9,   -9,   -9,    9,   -9,   -9,    9,   14,    9,   14,
      14,   14,   -9,   -9,   -5,  -28,   -9,  -23,  -23,  -23,  -14,  -28,   -5,  -14,   -9,   -9,
      -9,  -14,    9,   -5,   -5,    9,   14,   14,  -27,   -2,   -2,  -24,  -19,   -5,  -19,  -14,
     -14,  -10,  -14,  -26,   -8,   -8,   -8,   -9,   -5,  -14,  -14,   -5,  -14,  -14,   -5,  -14,
     -14,  -14,   -5,   -5,   -2,   -9,   -9,  -23,   -9,   -9,   -9,   -9,  -14,  -23,  -14,  -14,
      -9,  -14,  -14,  -37,  -33,  -28,   -9,  -28,  -37,  -33,   -9,   -9,   -9,  -14,  -23,   -9,
     -28,  -19,  -42,  -19,  -33,   -9,   -9,   -9,   -9,  -14,  -14,   -9,   -9,   -9,   -9,  -14,
      -9,   -9,   -9,   -9,   -9,   -5,   -9,  -14,   -9,   -9,   -9,  -19,  -47,  -47,   -9,  -28,
     -28,  -28,  -19,  -61,   -9,  -47,   -9,  -19,  -14,  -19,  -42,  -42,  -56,  -56,  -37,  -23,
     -42,  -42,   -9,  -14,  -14,  -14,   -5,  -37,   -9,   -9,  -28,  -14,  -14,  -14,   14,  -33,
     -33,  -14,  -28,  -33,  -33,  -33,  -33,  -33,  -14,   -9,   -9,   -9,   -9,    9,   -9,   -9,
      -9,   -9,  -14,  -23,   -9,   -9,  -19,   -9,  -14,   -9,  -33,  -65,  -33,  -47,   -9,  -14,
     -19,  -19,  -23,    5,   37,   37,
};

static const EpdLigaturePair notoserif_14_boldLigaturePairs[] = {
    { 0x00660066, 0xFB00 }, // f f -> U+FB00
    { 0x00660069, 0xFB01 }, // f i -> U+FB01
    { 0x0066006C, 0xFB02 }, // f l -> U+FB02
    { 0xFB000069, 0xFB03 }, // U+FB00 i -> U+FB03
    { 0xFB00006C, 0xFB04 }, // U+FB00 l -> U+FB04
};

static const EpdFontData notoserif_14_bold = {
    notoserif_14_boldBitmaps,
    notoserif_14_boldGlyphs,
    notoserif_14_boldIntervals,
    18,
    40,
    32,
    -9,
    true,
    notoserif_14_boldGroups,
    13,
    nullptr,
    nullptr,  // kernLeftClasses: built-in fonts use the split arrays below
    nullptr,  // kernRightClasses
    notoserif_14_boldKernLeftCodepoints,
    notoserif_14_boldKernLeftClassIds,
    notoserif_14_boldKernRightCodepoints,
    notoserif_14_boldKernRightClassIds,
    nullptr,  // kernMatrix: built-in fonts use the sparse form below
    notoserif_14_boldKernRowOffsets,
    notoserif_14_boldKernSparseCols,
    notoserif_14_boldKernSparseValues,
    381,
    448,
    70,
    65,
    notoserif_14_boldLigaturePairs,
    5,
};
