/**
 * generated by fontconvert.py
 * name: notoserif_14_italic
 * size: 14
 * mode: 2-bit  compressed: true
 * Command used: fontconvert.py notoserif_14_italic 14 ../builtinFonts/source/NotoSerif/NotoSerif-Italic.ttf --2bit --compress --pnum --zopfli
 */
#pragma once
#include "EpdFontData.h"

static const uint8_t notoserif_14_italicBitmaps[34815] = {
    0xBD, 0x98, 0x3D, 0xAC, 0xE5, 0xC6, 0x75, 0xC7, 0x7F, 0xE4, 0xC8, 0x62, 0x10, 0x3A, 0x1E, 0x15,
    0x5A, 0xDB, 0x80, 0x0C, 0xD1, 0x45, 0x8A, 0xC0, 0x92, 0x45, 0x17, 0x09, 0xA0, 0xE2, 0xBE, 0x37,
    0xE3, 0xB8, 0x4C, 0x61, 0x15, 0x12, 0x52, 0x3A, 0x6D, 0x2A, 0xB9, 0x70, 0xF1, 0x8A, 0xDD, 0x25,
    0x91, 0x2D, 0x52, 0xB8, 0x90, 0x52, 0xA4, 0x4A, 0xE3, 0x32, 0x59, 0x23, 0x58, 0x15, 0x5B, 0xA8,
    0x78, 0x7A, 0x1C, 0x47, 0x85, 0x4B, 0x53, 0xC8, 0x17, 0x10, 0x20, 0x11, 0x03, 0x29, 0x42, 0x62,
    0x05, 0xF0, 0x38, 0xA2, 0x61, 0x46, 0x1A, 0x72, 0x32, 0x67, 0x2E, 0xF1, 0xF6, 0x66, 0xAD, 0xDD,
    0x38, 0x0E, 0x90, 0xB9, 0x3C, 0xBF, 0xF3, 0xEE, 0xDC, 0xE1, 0x9C, 0xFF, 0x7C, 0xF3, 0x91, 0x0E,
    0x86, 0x7C, 0xAD, 0x10, 0xF2, 0xB5, 0x50, 0xCC, 0x94, 0x1E, 0x95, 0xAE, 0x09, 0xE5, 0xE4, 0xAA,
    0xD2, 0x65, 0x01, 0x80, 0x06, 0x4C, 0x4F, 0xD7, 0x63, 0xE0, 0x09, 0x68, 0xBF, 0xE1, 0x4D, 0x35,
    0x99, 0x6A, 0x3C, 0xAB, 0xDD, 0xA1, 0xEE, 0x0F, 0x35, 0xBF, 0xAD, 0x01, 0x28, 0xC6, 0xE7, 0x41,
    0xB9, 0xC3, 0x8E, 0xAA, 0xBF, 0x0F, 0xB5, 0xF5, 0xA0, 0xF1, 0xD4, 0x31, 0x46, 0x5B, 0x25, 0xC0,
    0x41, 0xB9, 0x1D, 0x17, 0xB5, 0x85, 0x59, 0x03, 0x3E, 0xC1, 0xC4, 0xB8, 0xD0, 0x09, 0xF6, 0x4A,
    0x2E, 0xF6, 0x4A, 0x34, 0x7E, 0xC7, 0xB3, 0xE5, 0xC8, 0x9E, 0x34, 0xF0, 0x39, 0x28, 0xE3, 0x44,
    0xBB, 0x05, 0xAE, 0x0E, 0x57, 0x84, 0xC3, 0x39, 0xE1, 0xC5, 0x03, 0xE1, 0xDB, 0x10, 0xDE, 0x80,
    0xE8, 0xC1, 0x78, 0xD0, 0x9B, 0x94, 0x73, 0xA8, 0x77, 0xA7, 0x27, 0xD4, 0x0F, 0xFD, 0x41, 0xDD,
    0xF1, 0xB7, 0xAA, 0x6F, 0xF8, 0xAE, 0x4E, 0xCD, 0x78, 0x4D, 0xBB, 0x26, 0x46, 0xCA, 0x38, 0xC3,
    0x97, 0x80, 0xE7, 0x81, 0x03, 0xF0, 0x14, 0xEC, 0x69, 0x18, 0xD1, 0x56, 0xFD, 0x74, 0xA6, 0xA5,
    0x76, 0x81, 0x03, 0xDA, 0x5E, 0x22, 0xDF, 0x2E, 0xCB, 0x09, 0x43, 0xA8, 0x1C, 0x29, 0xAC, 0x86,
    0x33, 0x96, 0xF3, 0xC4, 0xC2, 0xDF, 0xAC, 0xA7, 0x33, 0xE5, 0xFD, 0xED, 0x70, 0x5E, 0xBD, 0xFD,
    0x8E, 0x3F, 0x6B, 0xEE, 0xD5, 0x6F, 0x4F, 0x46, 0x2D, 0xBA, 0x72, 0x06, 0xCE, 0xB4, 0xF0, 0x52,
    0xF7, 0x86, 0xC2, 0x6B, 0x7B, 0x8E, 0x1A, 0x35, 0x37, 0xD1, 0xBD, 0x26, 0xD0, 0xA0, 0xAD, 0xE7,
    0x40, 0xBA, 0x81, 0x05, 0x15, 0x2D, 0xA7, 0x52, 0xB2, 0x48, 0xF4, 0x07, 0x2B, 0x60, 0x30, 0xD7,
    0xBC, 0x9D, 0xD9, 0xED, 0x39, 0x41, 0xF8, 0x7B, 0x1E, 0x68, 0xA2, 0x7D, 0xC5, 0xD2, 0xFA, 0xD4,
    0x76, 0x15, 0x67, 0x35, 0xA3, 0xDF, 0x09, 0x6A, 0xC4, 0x30, 0x54, 0x8E, 0xB7, 0x30, 0xAF, 0x59,
    0x02, 0xFA, 0x27, 0x24, 0x56, 0x41, 0xA8, 0x12, 0x57, 0x8A, 0x0D, 0x3A, 0xEA, 0x68, 0x31, 0x1F,
    0xC4, 0xF6, 0x7D, 0xAA, 0x38, 0xEB, 0x00, 0x37, 0x00, 0x8C, 0x95, 0x90, 0x67, 0x1C, 0x38, 0xF0,
    0x1D, 0xF6, 0x74, 0x13, 0x35, 0xD3, 0x38, 0xBA, 0x5C, 0xC7, 0x4C, 0xE5, 0xD1, 0xA3, 0x64, 0x98,
    0x1E, 0x83, 0x5C, 0x03, 0x5C, 0xC1, 0x0A, 0xE1, 0xE4, 0xBA, 0x84, 0x5B, 0x70, 0x0E, 0x0D, 0x68,
    0x87, 0x9A, 0xE0, 0x25, 0xF8, 0x2C, 0x68, 0x8B, 0x1A, 0x29, 0x3D, 0x2C, 0x27, 0x65, 0xDF, 0x82,
    0xF5, 0xB4, 0x0E, 0xCA, 0x1C, 0x4C, 0x79, 0x6A, 0x8F, 0x76, 0x39, 0x9E, 0x94, 0x2A, 0x17, 0xEA,
    0x11, 0x63, 0xAF, 0xF5, 0xD5, 0x8E, 0xDF, 0xD0, 0x3D, 0xE6, 0x9B, 0x50, 0xFF, 0xA4, 0xE9, 0x89,
    0xD1, 0xBD, 0x1A, 0xFF, 0xCD, 0x0E, 0x71, 0xE4, 0xE2, 0xB0, 0xC2, 0x41, 0xC6, 0xE3, 0xB3, 0xC9,
    0xD8, 0xCB, 0x03, 0xFA, 0xD4, 0xE0, 0xC6, 0xB7, 0x5E, 0xB1, 0x26, 0xC6, 0xE9, 0x2B, 0xF7, 0xEE,
    0xF6, 0x68, 0x78, 0xD8, 0xB4, 0x6D, 0xC7, 0x76, 0xD2, 0x93, 0x72, 0xCA, 0x35, 0x2C, 0x00, 0xD0,
    0xC5, 0x14, 0x03, 0xA0, 0xC1, 0xF4, 0x5D, 0x6F, 0x78, 0x82, 0x3D, 0x79, 0x28, 0x47, 0x50, 0x0E,
    0xEA, 0x1E, 0x34, 0xF0, 0x2C, 0x70, 0x00, 0x2E, 0x00, 0x0F, 0x85, 0xCF, 0x3F, 0x67, 0xD3, 0x16,
    0x34, 0x70, 0xB6, 0x17, 0xB9, 0xBF, 0xD7, 0x30, 0x1D, 0x7F, 0xAE, 0x1E, 0xAA, 0xE1, 0x26, 0xF0,
    0x07, 0xEC, 0x49, 0xCB, 0x58, 0x0E, 0xAE, 0x98, 0x2B, 0xAF, 0xD2, 0xA7, 0x76, 0xE5, 0xAC, 0x5D,
    0xB9, 0xB4, 0xB6, 0x5C, 0x0C, 0xD9, 0xE6, 0xDB, 0xA8, 0xF9, 0x0A, 0xE5, 0xD7, 0x64, 0x21, 0x5B,
    0x35, 0x85, 0x3C, 0xD5, 0x75, 0xB2, 0xC6, 0xDE, 0xC2, 0x60, 0xB8, 0xA4, 0xF9, 0x7B, 0x4F, 0x15,
    0x1D, 0x3C, 0x0D, 0xD0, 0x42, 0x11, 0x73, 0xFD, 0xC5, 0xB6, 0xA2, 0xE6, 0x00, 0x36, 0x59, 0x11,
    0x90, 0x01, 0x40, 0xCD, 0xA0, 0xFC, 0xD1, 0x2A, 0x0F, 0xF5, 0x04, 0xDA, 0x1D, 0xAD, 0x49, 0xD6,
    0xF6, 0x60, 0x2C, 0x18, 0xB8, 0x11, 0xFF, 0x46, 0x56, 0x3D, 0x00, 0x54, 0x71, 0xC2, 0x7C, 0x18,
    0xD8, 0xD8, 0x08, 0x74, 0xCC, 0x18, 0xBE, 0x4D, 0x47, 0x1E, 0x7E, 0xA4, 0x72, 0xA9, 0x70, 0x04,
    0x6D, 0xE1, 0x0C, 0x90, 0xAF, 0x52, 0x27, 0x70, 0x99, 0x7F, 0xFD, 0x9A, 0xEE, 0xF1, 0xE6, 0x95,
    0xDF, 0xF7, 0x32, 0x5E, 0x43, 0x8C, 0x23, 0x7B, 0xC5, 0x1E, 0x5A, 0x59, 0x3A, 0x1D, 0x1D, 0xAC,
    0x18, 0x08, 0x82, 0xDF, 0x12, 0xC0, 0x95, 0x20, 0x70, 0x54, 0xFB, 0x64, 0xB4, 0xA0, 0x05, 0xB4,
    0x13, 0xA0, 0xBC, 0x60, 0x01, 0xCA, 0x20, 0x58, 0xF8, 0x92, 0xB4, 0xF0, 0x1C, 0xE5, 0x31, 0xE8,
    0x11, 0xF3, 0x2F, 0xD1, 0x52, 0xC7, 0x05, 0xB8, 0x01, 0x7B, 0x7D, 0x14, 0x2B, 0x50, 0x05, 0x40,
    0x0B, 0xCE, 0x04, 0x3F, 0x5B, 0x40, 0xBD, 0x37, 0x43, 0x7D, 0xC7, 0x43, 0xA3, 0x12, 0x6E, 0x4A,
    0x48, 0x5F, 0xCB, 0xD6, 0xAB, 0x65, 0xAF, 0xD1, 0x0E, 0xF3, 0xCA, 0xB7, 0xFE, 0x56, 0x3A, 0x25,
    0x72, 0xE3, 0x95, 0xEE, 0x4F, 0x01, 0xC3, 0x29, 0x3E, 0x1F, 0x5F, 0x07, 0x23, 0xE1, 0x9A, 0xB8,
    0x61, 0xE2, 0xCA, 0xF9, 0xDD, 0x4B, 0xBE, 0xC3, 0xF3, 0xBC, 0xC1, 0x17, 0xF1, 0xC0, 0x04, 0xA5,
    0x03, 0xF5, 0x0F, 0xAF, 0xA3, 0xE2, 0x86, 0xFA, 0x93, 0xA1, 0x87, 0xC6, 0x81, 0x9E, 0xA0, 0xF6,
    0xBB, 0x4D, 0x4F, 0xA3, 0xDD, 0x65, 0xCA, 0x0F, 0x18, 0x86, 0x3F, 0x0B, 0xB4, 0x71, 0x82, 0x97,
    0xAF, 0xB7, 0x1B, 0x8F, 0xFE, 0x20, 0xD0, 0x11, 0x08, 0x5C, 0x2A, 0xCF, 0xB7, 0x45, 0xA9, 0x1E,
    0x41, 0x3B, 0x68, 0xFF, 0x78, 0xC6, 0xC4, 0x88, 0x99, 0x5A, 0x67, 0xD0, 0x62, 0xE3, 0x6D, 0xEA,
    0x64, 0x7A, 0x3C, 0x47, 0x3B, 0x31, 0x43, 0xDB, 0x37, 0x18, 0xA9, 0x26, 0x57, 0xC7, 0x0D, 0x91,
    0x1C, 0x43, 0x1B, 0xE3, 0x62, 0xEE, 0x7E, 0xDF, 0xBF, 0x48, 0x35, 0x7E, 0x0D, 0xED, 0xBE, 0x4C,
    0x63, 0xC1, 0x00, 0x97, 0xC0, 0xB2, 0xCF, 0x9B, 0x3D, 0x50, 0xBB, 0xFF, 0x14, 0xA0, 0x78, 0xC4,
    0x4F, 0x00, 0xD4, 0x71, 0xA4, 0xFB, 0x70, 0x21, 0xB0, 0x96, 0x33, 0xE7, 0xCA, 0x67, 0xBB, 0xA5,
    0x66, 0x42, 0x11, 0x8A, 0x99, 0x28, 0xDB, 0xC2, 0x06, 0xED, 0x46, 0xF9, 0x9F, 0xD1, 0x69, 0xD7,
    0x4E, 0x86, 0xCA, 0xCB, 0xDC, 0x0F, 0xBB, 0xBD, 0x95, 0x4C, 0xDA, 0xD1, 0xBE, 0x33, 0xD8, 0x2A,
    0x86, 0xEB, 0xD1, 0xA4, 0xD9, 0x20, 0x0E, 0x4E, 0xCD, 0x95, 0xAC, 0x72, 0xAF, 0x9D, 0xF2, 0x6D,
    0x5F, 0x7A, 0x63, 0xA5, 0xFC, 0x6E, 0xB6, 0xF6, 0x8D, 0x33, 0x5E, 0xC7, 0x38, 0x96, 0xF1, 0xB5,
    0x7D, 0xA2, 0x9B, 0x1E, 0x0C, 0x70, 0xC5, 0x1B, 0x04, 0xBC, 0xF2, 0xAC, 0x8D, 0xCB, 0x32, 0x0A,
    0x0B, 0x5C, 0x14, 0x6B, 0xB9, 0x16, 0x81, 0xA7, 0x38, 0x4D, 0x68, 0x8C, 0x4B, 0x1F, 0x9E, 0x80,
    0x67, 0xA1, 0xB3, 0x0C, 0x96, 0x0E, 0xF9, 0xFA, 0x69, 0xA9, 0x72, 0x68, 0x2F, 0x57, 0xE5, 0x29,
    0x3C, 0xE5, 0x48, 0xDD, 0x73, 0xC6, 0x9E, 0x5E, 0x02, 0x35, 0x81, 0x71, 0x94, 0x2B, 0xB4, 0x13,
    0xC5, 0x06, 0x8D, 0xE4, 0x90, 0xBF, 0xE6, 0x6C, 0xDA, 0x11, 0xD4, 0x4A, 0x2E, 0x47, 0x35, 0x1D,
    0xEF, 0x03, 0x59, 0x44, 0xC9, 0x46, 0x4E, 0xD2, 0x57, 0xEE, 0xDE, 0xED, 0x25, 0xFF, 0xC6, 0x2B,
    0xAF, 0x58, 0xD1, 0x2D, 0x91, 0x8C, 0xDC, 0x1E, 0x80, 0x4E, 0x6E, 0x5F, 0x80, 0xA1, 0x07, 0x3D,
    0xE5, 0x0C, 0x15, 0x1E, 0x84, 0x1F, 0xE1, 0x1C, 0xF8, 0xF2, 0xC9, 0x1C, 0x6B, 0x3E, 0x58, 0x31,
    0x74, 0x9C, 0x27, 0x1E, 0x30, 0xF6, 0xD7, 0x30, 0x90, 0x6D, 0x83, 0x32, 0x1C, 0xAB, 0x89, 0xA0,
    0x4E, 0xF6, 0xC4, 0xAA, 0x3F, 0xED, 0x2C, 0x30, 0x6E, 0x37, 0xBB, 0xF7, 0x12, 0x4F, 0xC6, 0xF7,
    0x01, 0x86, 0x18, 0x6D, 0x56, 0x54, 0x4F, 0xD0, 0xF6, 0x30, 0xC3, 0x5B, 0xC0, 0x81, 0x62, 0xE6,
    0x0F, 0x79, 0x16, 0x35, 0xD5, 0x71, 0xD1, 0xD4, 0xCE, 0x7C, 0x7D, 0xD6, 0xE8, 0x3E, 0x14, 0xBE,
    0xB6, 0x4D, 0xB1, 0x94, 0xC9, 0x99, 0xBC, 0x67, 0xDA, 0xF3, 0xE4, 0x26, 0x6D, 0xCF, 0xAA, 0x49,
    0x8D, 0x9A, 0xE4, 0x2A, 0x97, 0x5D, 0xED, 0x5E, 0xE0, 0x2C, 0xFD, 0xE2, 0x0E, 0xC9, 0x79, 0x33,
    0x2D, 0x9C, 0x13, 0x7D, 0x9C, 0x90, 0x69, 0x6F, 0x2C, 0x8D, 0x05, 0x40, 0x3B, 0x21, 0x4A, 0x36,
    0x16, 0x28, 0x56, 0xB8, 0x0D, 0x98, 0x8F, 0xEF, 0xCD, 0x59, 0xE6, 0x66, 0x39, 0x49, 0xC7, 0x7B,
    0x4C, 0xCF, 0xDE, 0x97, 0x10, 0x85, 0xE5, 0xBB, 0x42, 0xF5, 0x23, 0xA1, 0xFE, 0xE6, 0x08, 0x34,
    0xD2, 0x20, 0x0E, 0x95, 0x07, 0xDE, 0x54, 0x42, 0x2F, 0x54, 0xA3, 0xB0, 0xFA, 0xF1, 0xF7, 0x13,
    0x75, 0x8C, 0x33, 0xB4, 0x94, 0x4B, 0x6E, 0x6F, 0x80, 0x37, 0x21, 0xD1, 0x0B, 0xD5, 0x24, 0x6C,
    0x66, 0xAA, 0x7C, 0x4C, 0x99, 0xE8, 0xE8, 0xE2, 0x06, 0x6D, 0x8C, 0x1E, 0xE5, 0x55, 0x48, 0x28,
    0x02, 0x95, 0x27, 0xA0, 0x27, 0x81, 0x2B, 0x04, 0xF9, 0xA8, 0xD7, 0x93, 0x94, 0xB3, 0x18, 0xB9,
    0xC3, 0xD0, 0xBA, 0x04, 0xED, 0xE9, 0xA4, 0xF8, 0x95, 0x60, 0x15, 0x04, 0x6A, 0x81, 0x1E, 0xCB,
    0x80, 0x71, 0xCF, 0x6C, 0xDF, 0xDF, 0x64, 0x38, 0x26, 0xF6, 0x34, 0x44, 0x4B, 0xB5, 0x0D, 0x23,
    0xC6, 0x69, 0xCF, 0x86, 0xF2, 0xA5, 0xC8, 0x92, 0x49, 0x2C, 0x11, 0xA1, 0x71, 0x80, 0xC9, 0xB0,
    0x40, 0xC7, 0x0E, 0x86, 0x53, 0xEC, 0x79, 0x26, 0xC3, 0xF1, 0x3C, 0xDA, 0xB3, 0xA0, 0x62, 0xF4,
    0x12, 0xA2, 0x87, 0xE2, 0x25, 0xA0, 0x13, 0xB9, 0x22, 0x7A, 0x46, 0x1A, 0xB6, 0x0A, 0x31, 0x88,
    0xCC, 0xD6, 0x49, 0xB8, 0x26, 0xF1, 0xFA, 0x1A, 0x69, 0x32, 0xDB, 0x5E, 0xBE, 0x1A, 0x9B, 0x09,
    0x8D, 0x50, 0xCA, 0x77, 0x48, 0xE6, 0x15, 0x74, 0xB0, 0xC2, 0xB6, 0x3F, 0x3C, 0x1D, 0x5B, 0x5C,
    0x06, 0x3A, 0xC7, 0x33, 0xDB, 0xBD, 0x8D, 0xBD, 0xBD, 0x12, 0x7D, 0xA5, 0x15, 0x28, 0xCF, 0xE1,
    0x88, 0x4A, 0xA0, 0x27, 0x9E, 0x42, 0x3B, 0x38, 0xA2, 0x11, 0xB4, 0x71, 0x05, 0x93, 0x01, 0x3B,
    0xBA, 0xEB, 0x33, 0x6A, 0x15, 0x04, 0x4A, 0x27, 0x21, 0x5D, 0x19, 0xA8, 0x53, 0xCF, 0xDE, 0x1D,
    0xFA, 0x14, 0x29, 0xFE, 0x6F, 0x03, 0xF5, 0xB0, 0x07, 0xBA, 0xFB, 0xE7, 0x8F, 0x0A, 0xB4, 0xA3,
    0x14, 0x3C, 0xB3, 0x59, 0x18, 0xAE, 0x47, 0x50, 0xC2, 0x8D, 0x54, 0xDB, 0xBD, 0x85, 0xD6, 0xA9,
    0x40, 0xA4, 0x08, 0x52, 0x6E, 0xA9, 0x3C, 0xD8, 0xC7, 0x0C, 0x61, 0x11, 0xC3, 0x90, 0x21, 0x05,
    0x06, 0x11, 0x92, 0x3B, 0xD4, 0x24, 0x48, 0x61, 0x23, 0x6A, 0x3B, 0x54, 0xBC, 0x9B, 0x7B, 0x70,
    0x86, 0xE2, 0xE5, 0x1C, 0xCC, 0x99, 0xFC, 0xB4, 0xDF, 0x3F, 0x17, 0x5F, 0x47, 0xCD, 0xA8, 0x00,
    0xCA, 0xCB, 0x5F, 0x54, 0xC9, 0x79, 0xE4, 0xBE, 0xEC, 0x1C, 0x55, 0x76, 0x92, 0xB1, 0x8F, 0xAC,
    0xF4, 0x4A, 0x74, 0x60, 0x76, 0x27, 0x51, 0xC5, 0x65, 0x61, 0xDD, 0xBE, 0x49, 0x1F, 0xDD, 0x9A,
    0x33, 0x08, 0x92, 0x91, 0xDD, 0x7A, 0x6C, 0x7F, 0xC8, 0x3D, 0xF0, 0x85, 0x68, 0x19, 0xB2, 0x94,
    0x2C, 0x49, 0xF4, 0x5C, 0x3F, 0xEE, 0xE4, 0xA8, 0x8F, 0x7E, 0xD4, 0xC9, 0xD6, 0x1D, 0x03, 0xB1,
    0x02, 0xE1, 0x68, 0x65, 0xAE, 0x39, 0x57, 0x0B, 0x74, 0xC2, 0x57, 0x37, 0x7B, 0xAC, 0x92, 0x4A,
    0x50, 0x4F, 0x80, 0x1E, 0xE1, 0xD3, 0xC7, 0x10, 0x1E, 0x3F, 0x7C, 0x14, 0x82, 0x72, 0x01, 0xD4,
    0x2C, 0xF0, 0x3B, 0xA8, 0x4E, 0x2B, 0x3E, 0x0A, 0xFD, 0xCA, 0x0A, 0x74, 0x9E, 0xA3, 0x94, 0x2E,
    0x48, 0x0B, 0xBB, 0x45, 0x6E, 0x6C, 0x2D, 0x72, 0xA2, 0x8A, 0xA6, 0xC2, 0xCB, 0x6D, 0x75, 0x6E,
    0x67, 0x8B, 0xF0, 0x12, 0x68, 0xDE, 0xF6, 0x40, 0xFB, 0xDA, 0x08, 0x98, 0xCE, 0x0B, 0x3F, 0xC9,
    0x7C, 0x3B, 0x00, 0x5D, 0x21, 0xBC, 0x62, 0x03, 0x56, 0x06, 0x20, 0x48, 0x40, 0xA1, 0xA3, 0x0C,
    0x34, 0xA3, 0xF4, 0x82, 0x5E, 0xA4, 0x1F, 0xCA, 0x35, 0x47, 0x47, 0x82, 0x9F, 0x8A, 0xAE, 0x04,
    0x7A, 0x7A, 0x54, 0x47, 0xD8, 0x4F, 0xED, 0x0D, 0xCB, 0x4A, 0x31, 0x12, 0x50, 0xD7, 0xAB, 0x46,
    0xFF, 0xB7, 0x55, 0xB3, 0x81, 0x8A, 0x9E, 0x36, 0x42, 0x25, 0x73, 0x2B, 0x82, 0x0E, 0x64, 0xDF,
    0x2E, 0x50, 0x0D, 0x70, 0x3E, 0x83, 0xEE, 0x2C, 0x1F, 0x79, 0xD0, 0xAD, 0x2D, 0xDE, 0x13, 0xDF,
    0xF4, 0x4A, 0x5A, 0xDC, 0x34, 0xAE, 0xFA, 0xEE, 0x04, 0x5F, 0xD5, 0x4E, 0xEB, 0x11, 0x0E, 0xDA,
    0xA5, 0x3F, 0xB3, 0x3F, 0x1C, 0xFD, 0xE8, 0x45, 0xE4, 0x45, 0xFD, 0xCF, 0xBE, 0xB5, 0x70, 0xBF,
    0x7A, 0xCF, 0x19, 0xC0, 0xAB, 0x9F, 0xF7, 0x47, 0x1F, 0x39, 0xFA, 0x95, 0xDB, 0x50, 0x4E, 0x2A,
    0xB0, 0xC2, 0x33, 0x3F, 0x2B, 0xFD, 0x93, 0x79, 0xB6, 0x95, 0x5E, 0x47, 0x0F, 0xDD, 0x4C, 0x23,
    0x33, 0x2E, 0x50, 0x6F, 0x16, 0x15, 0xC0, 0x1F, 0x45, 0x7A, 0xD1, 0x4D, 0x31, 0x89, 0xC4, 0xBE,
    0x1C, 0x45, 0x99, 0x53, 0x0E, 0x92, 0x1A, 0x71, 0x4D, 0xED, 0x2B, 0x07, 0x2F, 0xA8, 0xB9, 0xEE,
    0xE1, 0x50, 0x06, 0x4D, 0x72, 0xEC, 0x6E, 0x13, 0x77, 0x41, 0xF7, 0x2C, 0x70, 0x1F, 0xF3, 0x97,
    0x80, 0xA7, 0x09, 0xD9, 0xE9, 0xA3, 0xAB, 0x83, 0xA8, 0x42, 0x2D, 0x22, 0x0A, 0x35, 0xC3, 0x70,
    0x8C, 0xBA, 0xA7, 0x61, 0x83, 0xFA, 0xB8, 0x95, 0x2B, 0xCF, 0x46, 0x11, 0x44, 0xDC, 0x5A, 0x79,
    0xD8, 0xF4, 0x04, 0x43, 0xE3, 0x12, 0x4C, 0x86, 0x85, 0xD8, 0x01, 0x9B, 0x60, 0x1D, 0xA0, 0x08,
    0x09, 0x2A, 0xC3, 0x77, 0xA0, 0x7D, 0xDE, 0x69, 0xDB, 0x1E, 0x63, 0xF5, 0x58, 0xAC, 0xA8, 0xF5,
    0xD5, 0x87, 0xB6, 0xF2, 0x35, 0xAF, 0x66, 0x87, 0xF2, 0xB5, 0x4F, 0x50, 0x8B, 0x4C, 0xC8, 0x80,
    0x9E, 0x04, 0x6E, 0x07, 0x8D, 0x53, 0x0B, 0x6D, 0x5F, 0x79, 0x8C, 0x6D, 0x46, 0xCC, 0x87, 0x11,
    0x4C, 0x7C, 0xFF, 0x97, 0xDB, 0xE3, 0xFE, 0xFF, 0xDB, 0x56, 0x5F, 0x4F, 0x6F, 0x95, 0x31, 0x03,
    0xC5, 0x0A, 0x30, 0x04, 0xA0, 0x16, 0xE1, 0xFB, 0x01, 0x3D, 0xE5, 0x46, 0xFF, 0xE2, 0x01, 0xCD,
    0x83, 0x96, 0xCF, 0xB4, 0xBD, 0x1E, 0x31, 0x31, 0x92, 0xE0, 0x13, 0x54, 0x42, 0x57, 0x2E, 0x70,
    0x55, 0x88, 0x7E, 0x12, 0x02, 0x9B, 0x60, 0xA0, 0x94, 0x85, 0x98, 0x5A, 0xDE, 0x8E, 0xA9, 0xE5,
    0xF5, 0x0C, 0x00, 0x55, 0x9C, 0xC1, 0x7C, 0xB0, 0x9D, 0xFC, 0xB7, 0x54, 0x2E, 0xBC, 0x20, 0x80,
    0x32, 0x5C, 0xCB, 0x13, 0xF1, 0x98, 0x19, 0xD0, 0x1B, 0x50, 0x46, 0x07, 0x98, 0x09, 0xD0, 0x7B,
    0x43, 0x5E, 0x14, 0x84, 0x1D, 0x9E, 0x81, 0x7A, 0xC2, 0x8C, 0x5D, 0x4F, 0x1D, 0x57, 0xE0, 0x06,
    0xC7, 0xDD, 0xD9, 0x1B, 0xC1, 0xA1, 0x08, 0x6A, 0xBA, 0x28, 0x97, 0x72, 0xF4, 0x6A, 0x2E, 0xDD,
    0x4B, 0xCA, 0x63, 0x51, 0xBF, 0xC4, 0x26, 0x68, 0x1F, 0xB3, 0x13, 0x7E, 0x21, 0xBE, 0x04, 0x5D,
    0xEE, 0x87, 0x38, 0xE9, 0xE8, 0x9E, 0x8B, 0x7D, 0xBD, 0xF5, 0xC7, 0x15, 0xA4, 0xE6, 0x4C, 0x4F,
    0x31, 0x09, 0xCB, 0x11, 0x99, 0x55, 0x4E, 0x22, 0x09, 0xDD, 0xCE, 0xAA, 0x97, 0x60, 0xB5, 0x95,
    0x68, 0x5A, 0xC2, 0x65, 0xB2, 0xF3, 0x85, 0xCC, 0x03, 0x74, 0x99, 0x06, 0xDE, 0x4C, 0xEC, 0x4B,
    0x0F, 0x7A, 0x1B, 0x1C, 0x94, 0x71, 0x03, 0xF8, 0x8C, 0x45, 0x84, 0xF4, 0x26, 0xDA, 0x57, 0x37,
    0x9E, 0xDB, 0xD0, 0x12, 0x7A, 0x8F, 0x58, 0x79, 0x74, 0x8F, 0x4A, 0x44, 0x78, 0x96, 0x79, 0x13,
    0x51, 0xE8, 0x85, 0x52, 0x5B, 0xB9, 0x28, 0x07, 0x45, 0xA8, 0x7B, 0x20, 0x68, 0x84, 0x67, 0x99,
    0x87, 0xCC, 0x59, 0xB8, 0x7A, 0xA1, 0x84, 0x85, 0xAE, 0xCF, 0x14, 0x70, 0xBE, 0x6F, 0xEA, 0x6A,
    0x2C, 0x62, 0x68, 0x37, 0x5B, 0x4D, 0x0C, 0xEF, 0x4B, 0xD4, 0x89, 0x86, 0xE4, 0x1B, 0xCF, 0x0B,
    0x12, 0xD3, 0xEC, 0x0F, 0x0F, 0x9D, 0xE7, 0x4D, 0xF1, 0x1F, 0x79, 0x44, 0x66, 0xDA, 0xF4, 0xCA,
    0x3C, 0xF7, 0xDE, 0xF6, 0xCA, 0xA1, 0xE6, 0xEA, 0x8E, 0xAF, 0xFB, 0xE4, 0xB5, 0xF2, 0x5A, 0x94,
    0x3D, 0xAB, 0xFC, 0x0B, 0xE2, 0x0F, 0x6A, 0x3E, 0x88, 0xBF, 0x28, 0xE7, 0x37, 0x45, 0xAB, 0x2F,
    0x17, 0x7F, 0xF4, 0x1F, 0x4F, 0xC0, 0xE6, 0x8A, 0x4F, 0x1C, 0x10, 0x5D, 0x11, 0x7B, 0xF1, 0xF9,
    0xCA, 0xD8, 0x00, 0x42, 0xBE, 0xC0, 0xE4, 0xD3, 0xA7, 0xD9, 0xFA, 0x6E, 0xCE, 0xC7, 0x83, 0x85,
    0x95, 0x33, 0x20, 0xB2, 0x00, 0x5D, 0x39, 0x01, 0xE6, 0xBB, 0x0E, 0x68, 0xDF, 0x05, 0xD0, 0x21,
    0xD3, 0x0B, 0xAB, 0x4C, 0xBD, 0x08, 0xCF, 0x83, 0x70, 0x5E, 0x01, 0x35, 0x46, 0x40, 0xF7, 0x06,
    0x78, 0x01, 0xD3, 0xC3, 0x25, 0x8D, 0xA3, 0x3C, 0xBE, 0xB2, 0x5A, 0xE8, 0xD2, 0x15, 0x65, 0xAC,
    0x86, 0xF8, 0xF5, 0x18, 0xBA, 0x8F, 0xB9, 0x37, 0xEB, 0x09, 0xDD, 0xD7, 0x9E, 0x76, 0x7F, 0xA6,
    0x5A, 0xF0, 0xB2, 0x09, 0x8C, 0x10, 0xAA, 0x1E, 0x36, 0x0D, 0x74, 0x07, 0xC0, 0xCC, 0x82, 0xE9,
    0x7F, 0x9C, 0x95, 0x1B, 0xF0, 0x79, 0x99, 0x90, 0x26, 0x7A, 0x84, 0x71, 0xA5, 0x8B, 0x31, 0x10,
    0xA8, 0x66, 0xF2, 0x68, 0x4C, 0x18, 0x87, 0x25, 0xEE, 0x2B, 0x4D, 0xF2, 0x91, 0x7C, 0x24, 0x9F,
    0x87, 0xF2, 0x9B, 0x11, 0x30, 0xFD, 0x9E, 0xAF, 0x02, 0xCA, 0xE5, 0xF9, 0x94, 0xF2, 0xEB, 0xDE,
    0xFC, 0xF8, 0xEE, 0x60, 0x8F, 0xC7, 0x1C, 0x40, 0x1B, 0xC1, 0x8C, 0x60, 0x38, 0xDA, 0xED, 0x07,
    0xAF, 0x56, 0xF8, 0x25, 0xDF, 0xDF, 0x88, 0x35, 0xFD, 0xF5, 0x3F, 0xDF, 0xD7, 0x36, 0x00, 0xF1,
    0x5F, 0x21, 0x2E, 0x80, 0xF7, 0xFE, 0x8D, 0xFB, 0xF7, 0xEF, 0x7F, 0xE7, 0xE2, 0xE2, 0xE2, 0xC5,
    0xC3, 0x49, 0xFA, 0xEA, 0x17, 0x01, 0xD0, 0xB1, 0x87, 0xEE, 0xF1, 0x4F, 0x45, 0x59, 0xCB, 0x89,
    0x0E, 0xB1, 0x4A, 0x74, 0x8C, 0x8F, 0x7F, 0xC0, 0x1A, 0x90, 0x75, 0x45, 0x17, 0x80, 0x1A, 0xD0,
    0x16, 0x5A, 0x77, 0x6C, 0xF6, 0x7D, 0x0F, 0x5E, 0x56, 0xFA, 0x4D, 0x94, 0x3B, 0x50, 0xB9, 0x06,
    0x8D, 0xA6, 0xA1, 0xEE, 0xCF, 0x72, 0x4E, 0x39, 0x3D, 0x05, 0xB6, 0x8B, 0xD1, 0x0F, 0xC9, 0x00,
    0x5E, 0xE6, 0x0A, 0x83, 0xEE, 0x95, 0xC3, 0x52, 0x6F, 0xBF, 0x49, 0x77, 0x6F, 0x2E, 0x17, 0xE5,
    0x2B, 0xAF, 0xF6, 0xF7, 0x00, 0xD5, 0x64, 0xA8, 0xC7, 0x0E, 0xED, 0xAE, 0x92, 0xAD, 0x34, 0xC9,
    0x4C, 0xBF, 0xD2, 0xD9, 0x95, 0xC8, 0xA0, 0x06, 0x6B, 0xA2, 0xD9, 0x9A, 0x45, 0x2F, 0x85, 0x2D,
    0x2C, 0x40, 0x15, 0x2D, 0x0C, 0x9F, 0xD6, 0xF4, 0x76, 0x24, 0xC4, 0xB9, 0xF8, 0xE4, 0xAF, 0x42,
    0x19, 0x09, 0x2A, 0x24, 0x5B, 0x92, 0x79, 0x42, 0x3D, 0x11, 0xF4, 0x58, 0x84, 0x14, 0x73, 0x91,
    0xB8, 0x8D, 0xAB, 0xA7, 0xD6, 0x6A, 0x67, 0x48, 0x9F, 0x1F, 0xAC, 0x9C, 0xEF, 0xEF, 0x57, 0xA8,
    0x37, 0x18, 0xE4, 0x5D, 0x85, 0x4E, 0x25, 0xB4, 0x4B, 0xB4, 0xC6, 0x3E, 0x08, 0xB5, 0x01, 0xEB,
    0x89, 0x0D, 0x3C, 0x81, 0xB1, 0xCF, 0xD3, 0x7C, 0xB2, 0x50, 0xC5, 0x11, 0x9E, 0x66, 0x4F, 0x75,
    0x04, 0xC4, 0xAE, 0x38, 0x9D, 0x24, 0xF5, 0x16, 0xFE, 0xCF, 0x7D, 0x50, 0xAF, 0xA2, 0xD1, 0xE6,
    0x56, 0x8C, 0x4D, 0xD2, 0xD8, 0x38, 0x63, 0xD3, 0x87, 0x8D, 0xEE, 0x99, 0x85, 0x18, 0x7B, 0xB6,
    0x97, 0x1E, 0xD6, 0x78, 0x78, 0x58, 0xE3, 0xAF, 0xBF, 0x0E, 0xC4, 0x00, 0xCA, 0x27, 0x54, 0xE3,
    0x4D, 0xE4, 0x5D, 0x92, 0x80, 0xE3, 0x14, 0x2D, 0x86, 0x15, 0xAA, 0x98, 0x80, 0x81, 0x1D, 0xB7,
    0xD9, 0x9B, 0x43, 0xE0, 0x14, 0xC5, 0x02, 0x94, 0xFE, 0x17, 0x1F, 0x8F, 0xEB, 0xFD, 0xC8, 0x39,
    0x45, 0x7B, 0xBD, 0xAE, 0x6F, 0x01, 0xCF, 0x05, 0xC0, 0x8C, 0x9C, 0xA4, 0x15, 0xCC, 0xCF, 0x37,
    0xCA, 0x2D, 0x3E, 0x4F, 0x3D, 0x1A, 0xD0, 0x7D, 0x0B, 0x2D, 0x06, 0xCC, 0x11, 0xE7, 0x82, 0x00,
    0xED, 0xEF, 0xCE, 0xA0, 0xE3, 0x98, 0xF0, 0x17, 0xC0, 0xE1, 0x5A, 0x54, 0xDC, 0x2C, 0x98, 0xE8,
    0x29, 0x62, 0xDC, 0x4F, 0xF6, 0x56, 0x94, 0x9F, 0xC3, 0x4D, 0x41, 0x3E, 0x91, 0x67, 0xF4, 0xC7,
    0xC3, 0x48, 0x99, 0x1B, 0x09, 0xE8, 0x6D, 0x3F, 0x97, 0xC3, 0xB5, 0xE5, 0x96, 0x95, 0xB3, 0x71,
    0xEA, 0xA7, 0x31, 0x3D, 0x72, 0xDE, 0xF1, 0x6A, 0x55, 0x73, 0xB5, 0x28, 0x5F, 0xCB, 0xF0, 0x8D,
    0xC9, 0x5C, 0x35, 0x69, 0x19, 0x88, 0x5E, 0xA6, 0xD3, 0x03, 0xBB, 0x4D, 0xE3, 0xDE, 0x42, 0xC7,
    0x40, 0x1D, 0x00, 0x0B, 0x04, 0xD6, 0x64, 0x5F, 0x06, 0x30, 0xDE, 0x78, 0x95, 0x3E, 0xD5, 0x54,
    0x8F, 0xDA, 0xC9, 0xA7, 0xB1, 0x2D, 0xE6, 0xF8, 0x59, 0x9B, 0xB9, 0x60, 0x57, 0xE4, 0x1E, 0xAC,
    0xD9, 0x92, 0xEB, 0xA4, 0x62, 0xB6, 0x47, 0x6E, 0x45, 0xEC, 0xC2, 0x1F, 0x5E, 0xFE, 0xF5, 0xC9,
    0xF2, 0x3F, 0x7D, 0x07, 0x78, 0x4B, 0x86, 0xE1, 0x64, 0x14, 0xF4, 0x06, 0x14, 0xEB, 0xA3, 0xC6,
    0x79, 0xD6, 0xD1, 0x2A, 0xAF, 0x23, 0xD2, 0x84, 0x04, 0xDD, 0x53, 0x4D, 0x67, 0x50, 0xBB, 0x19,
    0xF4, 0x0F, 0x25, 0xC8, 0xBB, 0x82, 0xE8, 0xA1, 0x79, 0x2F, 0xC1, 0x14, 0x21, 0x81, 0x8C, 0x2B,
    0x51, 0x6B, 0x44, 0xAE, 0xAC, 0x57, 0xEA, 0x85, 0x3D, 0x99, 0x50, 0xCD, 0xEA, 0xE1, 0x5E, 0xE9,
    0x5B, 0x6B, 0x90, 0xCF, 0x6D, 0xDE, 0x22, 0xE4, 0x4F, 0x9C, 0xBB, 0xF1, 0x09, 0xE9, 0x41, 0xD7,
    0x4C, 0x98, 0x34, 0x2C, 0xC3, 0x42, 0xF5, 0xD1, 0x9D, 0xFF, 0x78, 0x27, 0xA0, 0x56, 0xF5, 0x09,
    0x81, 0x34, 0x3E, 0xAB, 0x54, 0xED, 0x65, 0xFD, 0x23, 0xA3, 0x54, 0xCC, 0xC8, 0x40, 0x29, 0x8F,
    0x8C, 0x55, 0x72, 0x32, 0x5C, 0xC9, 0x99, 0x9C, 0x8D, 0xC9, 0xD9, 0x98, 0x94, 0x9D, 0xDC, 0xED,
    0xFC, 0xFC, 0x27, 0x02, 0x6D, 0x1D, 0xFB, 0x80, 0x41, 0x6D, 0x00, 0xF0, 0x52, 0x0E, 0x2B, 0x31,
    0x53, 0xC0, 0x5F, 0x7D, 0x2A, 0xD4, 0x1B, 0xC4, 0xE8, 0xD2, 0xDD, 0xF9, 0x3E, 0x79, 0xE4, 0x34,
    0xB6, 0x5C, 0x0C, 0x6A, 0x19, 0x92, 0x6D, 0xA8, 0x79, 0x45, 0xF9, 0x95, 0x3A, 0x99, 0xEC, 0x0A,
    0x8D, 0x33, 0x18, 0xDA, 0xBF, 0x0B, 0x54, 0x71, 0x82, 0xA7, 0x41, 0xC5, 0x6A, 0x49, 0x68, 0x23,
    0x98, 0xFB, 0x06, 0x92, 0xAA, 0x9E, 0xAE, 0x6F, 0x7B, 0x06, 0x5A, 0xC7, 0x4A, 0xDB, 0x13, 0x30,
    0x56, 0x40, 0xB9, 0x24, 0xA8, 0x99, 0x2B, 0x94, 0x27, 0x24, 0x94, 0x33, 0x95, 0xAF, 0x3C, 0xF5,
    0xDC, 0x3A, 0x74, 0x5C, 0x41, 0xFF, 0xC0, 0x9E, 0xAC, 0xFD, 0x93, 0x25, 0x6A, 0x46, 0xC1, 0x02,
    0x50, 0x6F, 0x17, 0xBF, 0xC2, 0xE6, 0x85, 0x89, 0x86, 0x66, 0xB9, 0x4D, 0x61, 0x3F, 0x65, 0x86,
    0x96, 0x2B, 0xA8, 0xD8, 0x77, 0xD3, 0x40, 0xF7, 0x51, 0x74, 0xD5, 0x87, 0xDF, 0x74, 0xEA, 0xDF,
    0xB5, 0xAD, 0x16, 0xA8, 0x1F, 0x7E, 0x21, 0xD0, 0x83, 0x79, 0xC4, 0x9C, 0xA7, 0x4D, 0xDC, 0x06,
    0x9B, 0x07, 0xC1, 0xC9, 0x20, 0x3C, 0x49, 0xE5, 0x41, 0xAD, 0x50, 0xC4, 0xF1, 0xD8, 0x02, 0x15,
    0x80, 0x8D, 0x17, 0x39, 0xE7, 0xA6, 0x58, 0xFA, 0x98, 0x3F, 0x5A, 0x8E, 0xDB, 0xC7, 0xCB, 0xC0,
    0x53, 0xE0, 0xE5, 0x52, 0x13, 0x6D, 0xEC, 0x63, 0x4C, 0xF5, 0xA0, 0x9D, 0xC4, 0x6D, 0x2D, 0x86,
    0xFD, 0xBA, 0x05, 0xE1, 0xE4, 0x8A, 0x01, 0x33, 0xF3, 0x19, 0x30, 0x9E, 0xCB, 0x64, 0x41, 0x65,
    0x2B, 0x97, 0x6A, 0x52, 0x73, 0x9D, 0x67, 0x85, 0x58, 0xE5, 0x75, 0x5F, 0x8F, 0xC7, 0x33, 0x27,
    0x8F, 0x66, 0xB2, 0x9F, 0x38, 0xA3, 0x7E, 0xE4, 0x4C, 0xD4, 0x51, 0x87, 0x3A, 0x14, 0x16, 0xDB,
    0xB9, 0xC2, 0x77, 0xA3, 0x5A, 0xEA, 0x49, 0xED, 0xF5, 0x70, 0x99, 0xEC, 0x7E, 0x32, 0x19, 0xB3,
    0xA9, 0x58, 0x94, 0x4B, 0xD6, 0x13, 0x34, 0x84, 0xAF, 0x26, 0xBB, 0x80, 0xD5, 0xC3, 0xE0, 0xA0,
    0x3B, 0x36, 0x61, 0xE8, 0x8B, 0xEF, 0x15, 0x7E, 0x48, 0x51, 0xD5, 0x2C, 0x71, 0x49, 0xD4, 0xF3,
    0xCE, 0xA4, 0xE4, 0x2C, 0xF3, 0x77, 0xE6, 0xD2, 0x69, 0xF7, 0xD3, 0x45, 0x25, 0x8E, 0x4B, 0x8D,
    0x7E, 0xDB, 0x2D, 0x9F, 0x4B, 0xB4, 0xCB, 0x01, 0xFD, 0x23, 0x96, 0xFB, 0xE8, 0x7F, 0x24, 0x4C,
    0xD4, 0x81, 0xE8, 0xA8, 0x67, 0x22, 0xD4, 0x9E, 0x15, 0x00, 0x0B, 0xC5, 0x46, 0xE3, 0x8A, 0x88,
    0x71, 0x98, 0x3E, 0xC8, 0xFC, 0xF1, 0x09, 0x7F, 0xED, 0xF6, 0xF3, 0x59, 0x6D, 0xD7, 0xFF, 0xE7,
    0x08, 0xAA, 0x15, 0xD0, 0x1D, 0x70, 0x66, 0x80, 0xA5, 0xED, 0x29, 0xBD, 0x74, 0xAD, 0x68, 0x1A,
    0xFA, 0x2A, 0x40, 0x3B, 0x71, 0x49, 0xEB, 0x0B, 0x99, 0xF8, 0x6C, 0xA8, 0x85, 0x73, 0xB9, 0xF7,
    0x0C, 0x02, 0x07, 0x58, 0xB9, 0x84, 0x8E, 0x19, 0x0C, 0x3E, 0x41, 0x8D, 0xD0, 0xDE, 0x71, 0x88,
    0xD8, 0x84, 0x7F, 0x12, 0xE4, 0x48, 0x0F, 0xDE, 0x76, 0x38, 0x40, 0x5B, 0xE0, 0x9C, 0x5D, 0x86,
    0xDE, 0xFF, 0x5F, 0x64, 0x58, 0x00, 0xBA, 0xB8, 0x10, 0x93, 0xF9, 0xCA, 0x17, 0x4E, 0xBB, 0xA2,
    0x37, 0x16, 0xB6, 0x63, 0xD9, 0xFD, 0x55, 0x18, 0x92, 0x35, 0xE4, 0xAC, 0xEF, 0x29, 0xCF, 0xA4,
    0x47, 0x35, 0xB6, 0x31, 0x3A, 0x93, 0x0C, 0x00, 0x92, 0x57, 0x0B, 0x54, 0xFE, 0xA1, 0x87, 0xAB,
    0x87, 0x1E, 0xAC, 0xAE, 0xA0, 0xDC, 0x77, 0xD8, 0x76, 0x02, 0x35, 0x43, 0xB9, 0x88, 0x3D, 0x62,
    0x93, 0xDE, 0xAD, 0x12, 0x39, 0x11, 0xF0, 0x8F, 0x4B, 0x00, 0xE8, 0x65, 0xDF, 0xB2, 0xAF, 0x76,
    0x5B, 0x1F, 0x3E, 0xC4, 0xAE, 0xC3, 0xE4, 0x16, 0xD2, 0x39, 0x8A, 0xCD, 0x52, 0xF9, 0xC7, 0xBF,
    0x6F, 0x5B, 0x8F, 0xC5, 0xDB, 0x19, 0xBA, 0x1E, 0x6A, 0x8F, 0x6F, 0xD7, 0x62, 0x3A, 0x34, 0x77,
    0xDC, 0x8B, 0x55, 0x74, 0x17, 0x44, 0x00, 0xFE, 0x0B, 0xCD, 0x99, 0x01, 0xC4, 0x26, 0x47, 0x9A,
    0xC7, 0x7F, 0xD5, 0x95, 0x2F, 0x7D, 0x9B, 0x76, 0x5B, 0x83, 0x99, 0xDB, 0x9C, 0xB9, 0x9B, 0x5E,
    0x2C, 0x62, 0x6F, 0x66, 0xFA, 0xB0, 0x08, 0xDE, 0xEF, 0xAB, 0xCA, 0x05, 0x87, 0x45, 0x06, 0x13,
    0xE0, 0x5C, 0x02, 0xE0, 0x20, 0x8B, 0x60, 0xB8, 0x99, 0xE9, 0xDE, 0x1B, 0xE7, 0x00, 0x59, 0x38,
    0x07, 0xDC, 0x1E, 0x0E, 0x97, 0xC4, 0x99, 0xE3, 0x06, 0xC3, 0x7D, 0x33, 0x5D, 0x99, 0x60, 0xB1,
    0x48, 0xBB, 0x5D, 0x17, 0x1C, 0x97, 0x76, 0xAC, 0xB0, 0x30, 0xCF, 0x4A, 0xCF, 0xE9, 0x24, 0xF5,
    0x76, 0x5D, 0x3F, 0xF6, 0xF5, 0x7D, 0x5F, 0x36, 0x11, 0xC4, 0x97, 0xCC, 0x54, 0xF7, 0xF3, 0xEB,
    0xF7, 0x7D, 0xA7, 0xE7, 0xF9, 0xFF, 0xBB, 0xBA, 0xAA, 0xAA, 0xCA, 0xC7, 0x0D, 0x32, 0x99, 0x2D,
    0x00, 0xFF, 0x86, 0x30, 0x16, 0xA3, 0x1D, 0x6C, 0x2C, 0x63, 0x15, 0x5D, 0x74, 0x5D, 0xDD, 0xF9,
    0xE0, 0x69, 0xE9, 0x39, 0x0B, 0xFC, 0x00, 0xBD, 0x89, 0xA7, 0xB7, 0xE0, 0x73, 0x34, 0xE9, 0xE1,
    0x60, 0x7F, 0xF3, 0xDF, 0x83, 0x7B, 0xF0, 0xB3, 0x58, 0xBF, 0x1B, 0xF1, 0x2F, 0xAE, 0x61, 0x3B,
    0xDA, 0x12, 0xFA, 0x0A, 0xEE, 0xBB, 0x35, 0xBE, 0x0D, 0xED, 0xEF, 0x83, 0xFF, 0x8B, 0x3F, 0xA2,
    0x5E, 0x12, 0x65, 0x16, 0xB8, 0x79, 0x9C, 0x0A, 0x00, 0xCD, 0x06, 0xC5, 0xD2, 0x47, 0xCA, 0xC1,
    0x0D, 0xB8, 0xAE, 0x1C, 0xA8, 0x83, 0x8D, 0x34, 0x00, 0xFE, 0x08, 0x0D, 0x60, 0x5E, 0xFB, 0xFB,
    0x80, 0xCD, 0x39, 0x82, 0x8B, 0x70, 0x12, 0x1D, 0x50, 0x03, 0xEC, 0x2B, 0x26, 0xC0, 0xE6, 0xE9,
    0x02, 0x4D, 0xCE, 0x89, 0xFD, 0x22, 0x8F, 0xC0, 0x1E, 0x7C, 0x97, 0x82, 0xB9, 0x7F, 0xA9, 0xF3,
    0x39, 0xE3, 0xC2, 0x21, 0x97, 0xD6, 0x63, 0x83, 0x3B, 0x8A, 0x7D, 0x2E, 0x51, 0x87, 0x43, 0x7C,
    0x5E, 0x48, 0xFD, 0x1B, 0xDD, 0x77, 0xB1, 0xB4, 0x4B, 0x99, 0xA3, 0x9F, 0x8B, 0x1C, 0xDC, 0xC0,
    0x4C, 0x35, 0x22, 0x94, 0x62, 0x23, 0x56, 0xAA, 0x80, 0x9D, 0x1C, 0x98, 0x79, 0x03, 0xA4, 0x3B,
    0x8A, 0x11, 0xE8, 0x23, 0xA8, 0x04, 0xDF, 0xEF, 0xDF, 0x04, 0x6E, 0x02, 0x7F, 0x95, 0xFF, 0x05,
    0xD4, 0x0C, 0x68, 0x18, 0x45, 0x31, 0x03, 0xE7, 0xB7, 0x01, 0xF4, 0x91, 0x40, 0x8E, 0xCB, 0xAB,
    0xA0, 0x95, 0x24, 0xC7, 0x05, 0x80, 0x22, 0x0B, 0xEE, 0x1F, 0x12, 0xFB, 0x6C, 0xB9, 0xCE, 0x75,
    0x0E, 0x79, 0x7E, 0x0D, 0x68, 0x01, 0x3F, 0x40, 0x4E, 0xD8, 0x77, 0x73, 0x57, 0xC6, 0x7E, 0xA8,
    0xA2, 0x93, 0x72, 0xB4, 0x62, 0x93, 0x91, 0x22, 0x77, 0x42, 0xFF, 0xD1, 0x40, 0x9D, 0x03, 0x45,
    0x06, 0x3C, 0x50, 0xF3, 0x3C, 0x8E, 0xEB, 0x1A, 0xEC, 0xE3, 0x5F, 0x98, 0x71, 0x79, 0x80, 0xAB,
    0x70, 0xC9, 0x46, 0x5F, 0x8D, 0xBE, 0x1A, 0x9E, 0x2D, 0x3A, 0xD8, 0x29, 0x2F, 0x80, 0xFF, 0xA4,
    0x1F, 0x21, 0xA9, 0x7D, 0x3B, 0x80, 0xC7, 0x85, 0x36, 0xB9, 0xAE, 0xB6, 0x8F, 0x5A, 0x1B, 0x37,
    0x55, 0xAC, 0x8B, 0x71, 0xE3, 0xBA, 0xDF, 0x43, 0xAE, 0xD5, 0x80, 0xBC, 0xDE, 0x28, 0xEF, 0x34,
    0x47, 0x9F, 0x77, 0xBF, 0xAF, 0xF7, 0xA0, 0x8C, 0xD6, 0x8C, 0x17, 0xEC, 0x54, 0xDB, 0xE8, 0x42,
    0x4E, 0x55, 0x67, 0x07, 0x43, 0x83, 0x99, 0x21, 0x81, 0xFF, 0xD5, 0x6D, 0x81, 0x32, 0x67, 0x80,
    0xBD, 0x00, 0xF4, 0xFF, 0x6C, 0xFF, 0x6F, 0x72, 0xEF, 0x48, 0x53, 0x88, 0xB7, 0xE3, 0x81, 0x1D,
    0x6E, 0xB8, 0x78, 0x50, 0x47, 0xFF, 0xEF, 0xA9, 0x7E, 0x20, 0xEC, 0xD1, 0x71, 0xA9, 0x8C, 0xA4,
    0x1A, 0x2B, 0x87, 0xB8, 0x07, 0x13, 0xFE, 0x87, 0x82, 0x77, 0x11, 0xFF, 0xE7, 0x23, 0xEE, 0x96,
    0x50, 0x46, 0xC1, 0x0E, 0xD7, 0x60, 0x78, 0x8E, 0x73, 0x2F, 0xBF, 0x1C, 0x7C, 0xCE, 0xE3, 0xF7,
    0xDF, 0x7A, 0x7B, 0x04, 0xF3, 0x05, 0x41, 0x07, 0xB4, 0x39, 0xF4, 0x19, 0x80, 0x2F, 0xAF, 0x87,
    0x57, 0xF2, 0xE8, 0xBA, 0xBA, 0xFC, 0x64, 0x6B, 0xE3, 0xA6, 0x58, 0x1D, 0x8E, 0x2B, 0x6B, 0xE4,
    0x9A, 0x52, 0x5E, 0x2F, 0xE4, 0x00, 0xB9, 0x53, 0xE4, 0x59, 0x3F, 0x7F, 0x2A, 0xE8, 0xEF, 0x13,
    0xB2, 0xDE, 0x73, 0x88, 0xD2, 0xFF, 0xB6, 0x1E, 0x6E, 0x45, 0xF7, 0xCA, 0xE2, 0x3E, 0xED, 0xEC,
    0xC0, 0x97, 0xD4, 0x83, 0xCF, 0x39, 0x69, 0x00, 0xD5, 0x42, 0x93, 0xBB, 0x8D, 0x8D, 0xD7, 0x8B,
    0xE1, 0x6E, 0x31, 0x5E, 0xB7, 0xC3, 0x41, 0x15, 0x5D, 0x0E, 0xC5, 0x0C, 0x15, 0xE0, 0x3E, 0x1B,
    0xE7, 0x5E, 0xD9, 0x3D, 0xF3, 0xED, 0xB7, 0x3A, 0x1C, 0x7C, 0x2E, 0x00, 0x40, 0x15, 0x06, 0xBD,
    0x0F, 0xA0, 0x1F, 0xED, 0xA3, 0x64, 0xE3, 0xA1, 0x8D, 0x09, 0x12, 0x46, 0xB0, 0x11, 0x07, 0xD7,
    0x31, 0xE3, 0x9F, 0x56, 0xE1, 0x47, 0x3E, 0x4B, 0xAB, 0x77, 0x62, 0xF2, 0x50, 0xFD, 0xEF, 0xE4,
    0xBA, 0x54, 0x9A, 0x19, 0x2B, 0xDC, 0xEE, 0x4C, 0x0E, 0xB8, 0x01, 0x2B, 0x3F, 0xB2, 0x32, 0x95,
    0xE3, 0xFD, 0x3E, 0x36, 0x5B, 0xCC, 0x55, 0x2B, 0x2E, 0x36, 0x5C, 0xE7, 0x0A, 0xD4, 0x54, 0x11,
    0x8F, 0x3B, 0x42, 0xDD, 0x71, 0x93, 0x26, 0xB0, 0xC5, 0x43, 0xDA, 0x41, 0x6B, 0xE2, 0x26, 0xC5,
    0xC4, 0x3D, 0xCD, 0x9B, 0xD8, 0xC1, 0x26, 0xCA, 0xA9, 0xD2, 0x56, 0x9B, 0xF2, 0xE0, 0x5A, 0xE9,
    0xBB, 0x7A, 0x8F, 0xB3, 0xBF, 0x3B, 0x6E, 0xF8, 0xB8, 0x83, 0xA6, 0xDD, 0x15, 0x97, 0x73, 0xC6,
    0xE7, 0xF7, 0x27, 0xDA, 0xFC, 0x60, 0xA0, 0x57, 0xE4, 0x23, 0xF4, 0x8A, 0x56, 0xE1, 0x15, 0xB5,
    0xA2, 0x50, 0x60, 0xBF, 0x3A, 0x70, 0x0F, 0x04, 0xF2, 0x83, 0x0C, 0x2F, 0xAF, 0xC7, 0x53, 0xB4,
    0xF4, 0xF4, 0x5C, 0x84, 0x60, 0xA3, 0x15, 0x93, 0x58, 0x8F, 0x3C, 0xE5, 0x88, 0x0B, 0xF4, 0xB8,
    0xCC, 0xB7, 0x3C, 0xDC, 0x84, 0x7B, 0x90, 0xD0, 0x73, 0xC6, 0x4C, 0x14, 0xC2, 0x77, 0x3E, 0xD6,
    0x46, 0x49, 0x3F, 0x68, 0x67, 0x88, 0xA9, 0x26, 0x79, 0xF4, 0x3C, 0x28, 0x26, 0x6F, 0xA5, 0xFE,
    0x69, 0x2C, 0xB7, 0x98, 0xF0, 0x2A, 0x36, 0x5E, 0xC3, 0xC8, 0x06, 0x66, 0x0F, 0xA9, 0xEE, 0x68,
    0x5D, 0xA4, 0x77, 0xD1, 0x24, 0x8F, 0x95, 0x84, 0xFB, 0x1B, 0xE1, 0xB2, 0x8D, 0xFC, 0xE0, 0x19,
    0x50, 0xD1, 0x0B, 0xD0, 0xC3, 0x46, 0xA5, 0x99, 0x54, 0xBD, 0x10, 0x35, 0x60, 0xA3, 0x7A, 0x70,
    0x01, 0x12, 0x97, 0x51, 0x5E, 0x07, 0x66, 0xA4, 0x8A, 0x66, 0xB2, 0x63, 0x13, 0x0B, 0x29, 0x63,
    0x1B, 0xBF, 0xF3, 0xB1, 0x33, 0x0F, 0xBB, 0x36, 0xDF, 0x28, 0x7F, 0x1A, 0xE0, 0xF0, 0xDB, 0x1E,
    0x15, 0xF7, 0x60, 0x87, 0x47, 0xED, 0x95, 0x55, 0x2C, 0x67, 0xA1, 0x86, 0x43, 0x95, 0x20, 0xC1,
    0xA4, 0x53, 0x49, 0x21, 0xB8, 0x1C, 0x34, 0xFB, 0x06, 0x7A, 0x38, 0x44, 0xD5, 0x45, 0xD5, 0xED,
    0xA0, 0xEA, 0x55, 0xA7, 0xEA, 0x35, 0x90, 0xD8, 0xA0, 0x9C, 0x80, 0xD9, 0x7C, 0x94, 0xBB, 0x55,
    0xFD, 0xBD, 0xF7, 0xA5, 0x10, 0xF7, 0x8A, 0x95, 0xEF, 0x7C, 0x7C, 0xD9, 0x59, 0x69, 0xF3, 0x21,
    0x56, 0x40, 0x3B, 0x3A, 0x76, 0xC4, 0xA1, 0x1F, 0x36, 0xE0, 0x30, 0x02, 0xFB, 0x54, 0x5D, 0xE4,
    0x90, 0x7D, 0x13, 0x11, 0x72, 0x8E, 0x76, 0x30, 0x39, 0x77, 0x00, 0x40, 0x2F, 0xD8, 0x68, 0xA7,
    0x84, 0xEB, 0xEC, 0xA0, 0x92, 0x45, 0x54, 0x49, 0x8C, 0x4A, 0xF2, 0xDA, 0x50, 0x08, 0xE4, 0x68,
    0x23, 0x58, 0x71, 0x01, 0xCC, 0x7C, 0xB9, 0x90, 0x8B, 0x66, 0xBE, 0x5E, 0xC9, 0xC6, 0x8A, 0xD4,
    0xE2, 0x6F, 0xFF, 0x62, 0xFC, 0xEB, 0xB1, 0x5A, 0xCA, 0x77, 0x3E, 0x1C, 0xC0, 0xD9, 0x37, 0x22,
    0xEC, 0x3B, 0x17, 0xE1, 0x70, 0xFF, 0x95, 0x5F, 0x62, 0xA4, 0xCF, 0x3A, 0x5A, 0xD0, 0x80, 0xEB,
    0xF0, 0x50, 0x63, 0x7A, 0x7D, 0x70, 0x9B, 0x07, 0x38, 0xC4, 0x6C, 0x29, 0xB6, 0x2A, 0xB7, 0x2B,
    0x23, 0x66, 0xA4, 0x18, 0xB0, 0x11, 0x1F, 0x6D, 0xC2, 0x0D, 0xF8, 0xC0, 0x7D, 0x48, 0x68, 0x65,
    0x24, 0x0E, 0xB6, 0xDC, 0x6B, 0xFF, 0x2C, 0xD5, 0x59, 0xCC, 0x9B, 0x80, 0xB9, 0x82, 0x32, 0x29,
    0xB9, 0xA7, 0xC0, 0x2B, 0x70, 0x0A, 0x0C, 0xC7, 0xA5, 0x0E, 0x4A, 0xDF, 0x29, 0xDB, 0xA8, 0xCC,
    0xCA, 0xE2, 0x03, 0xA5, 0x7D, 0x4F, 0xE9, 0x5E, 0x1A, 0x80, 0xBA, 0x1A, 0x81, 0x4D, 0x29, 0xC0,
    0x5D, 0xAB, 0x14, 0xA5, 0x1D, 0x94, 0xE5, 0xAF, 0xDF, 0x16, 0x70, 0x39, 0x4F, 0xD0, 0x50, 0xCC,
    0xB0, 0x41, 0xE5, 0xEF, 0x42, 0x02, 0x51, 0xDA, 0x51, 0x59, 0x4F, 0x94, 0x3A, 0x8C, 0xE2, 0x55,
    0x06, 0xCE, 0x29, 0xE8, 0x8F, 0xED, 0xEA, 0x6D, 0xE0, 0x82, 0xF2, 0xA9, 0x27, 0xC6, 0xA7, 0x09,
    0x00, 0x4E, 0x94, 0x5E, 0x49, 0x4A, 0x68, 0xD2, 0x0D, 0x60, 0x78, 0xEA, 0x49, 0xF1, 0x79, 0x16,
    0xC0, 0xE4, 0x1F, 0x47, 0xB0, 0x0F, 0x73, 0x04, 0x67, 0x33, 0x00, 0x67, 0x9E, 0x14, 0x87, 0x72,
    0x09, 0xB0, 0x93, 0x3F, 0x22, 0x3F, 0x79, 0x56, 0x09, 0x4F, 0x8A, 0xC3, 0xA6, 0x03, 0xC8, 0x02,
    0x98, 0xE1, 0x1A, 0x50, 0xC4, 0xE7, 0x01, 0x33, 0xDE, 0x39, 0xFA, 0x1D, 0x1F, 0x1F, 0x93, 0xB7,
    0x9C, 0xD5, 0x00, 0xE7, 0x77, 0x57, 0xFB, 0x30, 0x16, 0x02, 0x38, 0xDF, 0x99, 0x11, 0xB8, 0xE0,
    0x31, 0x83, 0xCA, 0x7A, 0x08, 0x80, 0xB4, 0x00, 0x14, 0xC3, 0x7D, 0x00, 0xCA, 0xB8, 0x05, 0xC0,
    0xA1, 0xFF, 0x1D, 0xF6, 0x77, 0xD7, 0xBB, 0xAA, 0x0D, 0xE6, 0x93, 0xB7, 0x67, 0x00, 0xAB, 0xBE,
    0x00, 0x17, 0xD4, 0x2B, 0x5C, 0x46, 0xAF, 0xB0, 0xA1, 0x14, 0x1C, 0x08, 0xD5, 0xC8, 0x05, 0xAC,
    0xE0, 0x06, 0xF6, 0xA9, 0x27, 0xD3, 0xFE, 0xFA, 0xED, 0x44, 0xCE, 0x36, 0xE7, 0x9C, 0xD8, 0x95,
    0x3E, 0x07, 0xCA, 0xA5, 0x1F, 0xF0, 0xD1, 0x09, 0x0B, 0x56, 0x0A, 0x7D, 0xAA, 0x52, 0x30, 0xB8,
    0x11, 0xA8, 0xE3, 0xD1, 0x9C, 0x1C, 0x80, 0x16, 0x76, 0xE8, 0x3F, 0x8B, 0xF6, 0xE4, 0x04, 0x7E,
    0x11, 0x27, 0xCC, 0x6A, 0x51, 0x54, 0xA2, 0x03, 0x3B, 0x80, 0x1A, 0x82, 0x62, 0x02, 0x98, 0xD9,
    0x21, 0x8B, 0xA2, 0x03, 0x38, 0x07, 0x3B, 0xBD, 0x4A, 0x61, 0x05, 0x40, 0x4E, 0x76, 0x8C, 0x36,
    0xE7, 0x2D, 0x8D, 0xC2, 0x0A, 0x1B, 0x14, 0x94, 0x0A, 0x37, 0x72, 0xE6, 0xC4, 0xEE, 0xA2, 0x56,
    0x34, 0x79, 0x0B, 0x3E, 0x2B, 0x60, 0x87, 0x56, 0x71, 0x5F, 0xB1, 0x55, 0x24, 0x8A, 0x48, 0xC2,
    0xC6, 0x22, 0x51, 0xC5, 0xF3, 0xCB, 0x5B, 0x7D, 0xD7, 0xE7, 0xA3, 0x85, 0xDB, 0x2E, 0x99, 0x07,
    0x38, 0x04, 0x8C, 0x28, 0xC2, 0x37, 0xEF, 0xE5, 0xAC, 0x22, 0x03, 0x56, 0xE1, 0xB4, 0xFD, 0x1E,
    0xD8, 0x01, 0xCE, 0x10, 0xBE, 0x69, 0x2F, 0x97, 0x6C, 0x84, 0xD6, 0x0D, 0x8A, 0x08, 0xCF, 0x15,
    0x01, 0x80, 0x6F, 0xD8, 0x86, 0xBE, 0x1C, 0xF5, 0x60, 0x05, 0xD0, 0xB8, 0x0E, 0x3C, 0xC5, 0xCE,
    0x44, 0xA4, 0x59, 0x3A, 0xEC, 0x04, 0x56, 0x50, 0x03, 0xAA, 0x8F, 0x2A, 0x6B, 0xA8, 0x78, 0xD3,
    0x81, 0x0F, 0xE0, 0x01, 0x8D, 0x76, 0x27, 0xBB, 0x05, 0x12, 0x68, 0x14, 0x09, 0xCE, 0x2F, 0x81,
    0x3E, 0xC7, 0xDD, 0x5C, 0xAD, 0x49, 0xEA, 0x0E, 0xF6, 0x81, 0x09, 0x08, 0x5F, 0xA3, 0xDE, 0x39,
    0x20, 0x83, 0xCD, 0x01, 0xF7, 0xF3, 0xC8, 0x41, 0x31, 0xE8, 0xCB, 0xFE, 0xDA, 0xF4, 0x5C, 0x31,
    0xE0, 0x5F, 0x14, 0xBC, 0x15, 0xBE, 0x65, 0x3A, 0x80, 0xAF, 0x4D, 0xAB, 0xCD, 0x39, 0xA0, 0xAD,
    0x44, 0x73, 0x8A, 0xD9, 0x2A, 0xF1, 0x68, 0xEE, 0x26, 0x6A, 0xF6, 0x7A, 0xE5, 0xD1, 0x39, 0x50,
    0x2B, 0x6D, 0xCE, 0x83, 0x8B, 0x65, 0x56, 0xE2, 0xA1, 0x56, 0xEA, 0xFD, 0x2D, 0xBB, 0x45, 0x56,
    0x0B, 0x5B, 0x58, 0x20, 0x61, 0x93, 0xB2, 0x12, 0xD5, 0x6D, 0xE3, 0xAA, 0x7C, 0x7B, 0x81, 0x7E,
    0xB7, 0x3D, 0x62, 0x37, 0x91, 0xE5, 0x38, 0xC0, 0x6E, 0xFE, 0xA5, 0x2C, 0x32, 0x00, 0x9C, 0xE5,
    0xA8, 0xB4, 0x13, 0xB5, 0x3E, 0x7E, 0xA2, 0x5A, 0x02, 0x9A, 0x53, 0xC0, 0x66, 0x10, 0x28, 0x33,
    0x66, 0x04, 0xD7, 0x76, 0xC5, 0x00, 0xAE, 0x8E, 0x36, 0x82, 0x73, 0x83, 0x5E, 0xEA, 0x4A, 0xCA,
    0x08, 0x97, 0xED, 0x54, 0x75, 0xB0, 0x29, 0x92, 0x03, 0x36, 0xEC, 0x2E, 0x8B, 0x03, 0xAE, 0xD1,
    0x5E, 0x00, 0xEE, 0xE0, 0xFF, 0x15, 0x10, 0xEA, 0x04, 0x08, 0x2E, 0x01, 0x42, 0x95, 0xA0, 0x18,
    0xB1, 0x33, 0x9C, 0x7F, 0x84, 0x9D, 0xD4, 0x3B, 0xC8, 0x67, 0x07, 0x25, 0x2B, 0x80, 0x51, 0x70,
    0x8D, 0x93, 0xC6, 0xFB, 0x05, 0xAA, 0xDF, 0x0E, 0xE8, 0x56, 0x58, 0x30, 0x49, 0xAD, 0x6F, 0x4B,
    0x81, 0xC5, 0x8D, 0xD0, 0xD7, 0x71, 0x85, 0x8F, 0x8A, 0x00, 0xB9, 0x05, 0x16, 0xC5, 0xB6, 0x07,
    0x93, 0x56, 0x58, 0x85, 0x95, 0x16, 0x9C, 0x78, 0xA8, 0x63, 0xD3, 0xE1, 0x83, 0x1B, 0xCC, 0x16,
    0xBB, 0x7D, 0x6D, 0x37, 0xA0, 0x6B, 0x8F, 0x38, 0x72, 0xE4, 0x3B, 0xE0, 0x26, 0xC0, 0x04, 0xD8,
    0x01, 0x30, 0x3C, 0x26, 0x43, 0x57, 0x01, 0x9B, 0x50, 0x4D, 0xA0, 0xA9, 0x81, 0xC3, 0xAA, 0x83,
    0x60, 0xC2, 0x63, 0x31, 0xF4, 0xB4, 0xA2, 0x1D, 0x5F, 0x87, 0x4F, 0xB3, 0x50, 0xC4, 0x1C, 0x81,
    0x3D, 0x1E, 0x8B, 0x97, 0x4B, 0xB6, 0xDB, 0x0D, 0xDE, 0x37, 0x4F, 0x0E, 0xDE, 0x8F, 0xC1, 0xCB,
    0x19, 0x60, 0xC2, 0x71, 0x83, 0x03, 0xEA, 0x30, 0x53, 0xFE, 0x62, 0xC4, 0x64, 0x75, 0x07, 0xE4,
    0x80, 0xFD, 0x70, 0xC0, 0xFD, 0x78, 0xE2, 0x80, 0x1B, 0xCC, 0xD4, 0x9C, 0x39, 0xAE, 0x32, 0xB8,
    0xA8, 0x5E, 0xAF, 0xA9, 0x57, 0x61, 0xE7, 0xB5, 0x52, 0xAF, 0x17, 0xD4, 0xEB, 0x46, 0xBD, 0xCA,
    0xEA, 0xD5, 0x0C, 0xAB, 0x57, 0x1B, 0x57, 0xAF, 0x4E, 0xBD, 0x5E, 0x54, 0xAF, 0xD7, 0xD4, 0xAB,
    0xAC, 0x5E, 0x6D, 0x5C, 0xBD, 0x56, 0x61, 0xF5, 0x7A, 0x41, 0xBD, 0x6E, 0xD4, 0xAB, 0xA8, 0xD7,
    0xD1, 0x6C, 0x29, 0xD5, 0xAB, 0x53, 0xAF, 0x97, 0xD4, 0x2B, 0x1C, 0x35, 0x2C, 0xE8, 0x4F, 0xEE,
    0xD3, 0x3A, 0xA5, 0x8D, 0x4A, 0x02, 0xBB, 0xE2, 0xF3, 0xE8, 0x72, 0xFC, 0x93, 0xDC, 0x55, 0x4B,
    0x67, 0x13, 0x08, 0x76, 0x42, 0x29, 0x98, 0x51, 0x59, 0x0C, 0x54, 0x82, 0x8D, 0xB8, 0x01, 0x65,
    0xDC, 0xB1, 0xEC, 0xA8, 0x23, 0x55, 0xA0, 0xE9, 0x70, 0xE0, 0x03, 0x4A, 0x76, 0xBC, 0x8C, 0x72,
    0x03, 0x2D, 0x4A, 0x0F, 0x77, 0xC1, 0x77, 0x85, 0x80, 0x5B, 0xFA, 0x08, 0x45, 0x5E, 0x8E, 0x3A,
    0x24, 0x70, 0xEE, 0x84, 0xD1, 0xA4, 0xD0, 0x3B, 0xA1, 0x8C, 0xCA, 0x3D, 0x9E, 0x2C, 0xB7, 0x5A,
    0xCD, 0xA0, 0xFA, 0xE0, 0x94, 0xF8, 0x03, 0xE5, 0xE4, 0x94, 0xC1, 0x3C, 0x59, 0x6E, 0xE5, 0x02,
    0x60, 0x92, 0x57, 0xCE, 0x4A, 0xFE, 0xE9, 0x0F, 0x95, 0xF0, 0x64, 0xF9, 0xE4, 0x2A, 0x50, 0x24,
    0x50, 0x45, 0x70, 0x1D, 0xB0, 0x7F, 0x72, 0x39, 0xDD, 0xE7, 0x17, 0x72, 0x6A, 0x3F, 0xE1, 0xF6,
    0xE4, 0x46, 0x5C, 0x57, 0x09, 0xCD, 0x6E, 0xE5, 0x36, 0x23, 0xDA, 0xFF, 0x07, 0x48, 0x65, 0x07,
    0x8B, 0x03, 0xDA, 0x0D, 0xE0, 0x27, 0xC5, 0x78, 0xB4, 0x88, 0xEB, 0x40, 0x5D, 0x7E, 0x6E, 0x11,
    0xB7, 0x00, 0x7F, 0x90, 0xAF, 0x80, 0xCF, 0x02, 0xB4, 0x79, 0x04, 0x5D, 0x49, 0x60, 0x27, 0xC0,
    0x3E, 0x02, 0xCA, 0xBC, 0x05, 0xF7, 0xAB, 0x5E, 0x1F, 0x5C, 0xF5, 0x63, 0x29, 0xD4, 0xD1, 0x0A,
    0x4D, 0xB7, 0xC2, 0x07, 0x05, 0xA5, 0xC2, 0x8D, 0xB4, 0xAA, 0x77, 0xDF, 0x64, 0xC8, 0x79, 0x86,
    0xE5, 0xCD, 0x00, 0x09, 0x28, 0x14, 0xBA, 0xB6, 0xA0, 0xCF, 0xC3, 0x89, 0xB6, 0xD4, 0x67, 0x54,
    0xAB, 0x8E, 0x68, 0xE2, 0x01, 0x9A, 0x60, 0x47, 0xF0, 0x58, 0x25, 0xE5, 0x48, 0xB5, 0x98, 0x7E,
    0xC0, 0x6D, 0x5D, 0x8E, 0x90, 0x3C, 0x40, 0x3A, 0x38, 0x62, 0x31, 0x79, 0xC0, 0x8A, 0x8F, 0x4A,
    0x37, 0x2B, 0xED, 0x02, 0xA5, 0x5A, 0xA1, 0x1A, 0xD0, 0x17, 0xF4, 0x4E, 0xE7, 0x56, 0xFE, 0x2C,
    0x2A, 0x7F, 0x1E, 0x6B, 0xA8, 0xFF, 0x6E, 0xBA, 0x0F, 0xCD, 0x0B, 0x6A, 0xD1, 0xB3, 0x87, 0x12,
    0xE0, 0xE6, 0x71, 0x37, 0x34, 0xB3, 0xF2, 0x6D, 0x51, 0xE6, 0xEE, 0xA8, 0xAB, 0xAA, 0xD1, 0x2A,
    0x82, 0xDA, 0x43, 0x8E, 0xDF, 0x51, 0xB5, 0x7C, 0x8F, 0xF6, 0xF6, 0x54, 0xCC, 0x56, 0x4A, 0xB1,
    0xE2, 0xA2, 0x95, 0xA6, 0x2B, 0x47, 0x4F, 0x35, 0xB4, 0xB8, 0x78, 0x7F, 0x8D, 0x2D, 0xF5, 0x1A,
    0xBE, 0xDB, 0xD2, 0x86, 0x2D, 0x99, 0xDE, 0xF6, 0xC1, 0x67, 0xBF, 0xD4, 0xB3, 0x9B, 0x4D, 0x30,
    0x41, 0xAB, 0x64, 0xB7, 0x74, 0x8B, 0xE0, 0x81, 0xBB, 0x40, 0x38, 0xC5, 0xFC, 0x67, 0x81, 0x0C,
    0x36, 0x83, 0x6E, 0x4E, 0x0E, 0xEC, 0x6E, 0xB5, 0x7A, 0x4A, 0xF9, 0x9F, 0x0E, 0xE0, 0x65, 0xC3,
    0x7F, 0xE4, 0x89, 0xB1, 0x1D, 0x60, 0xEF, 0xF4, 0xBC, 0xEB, 0x7E, 0xA6, 0x75, 0xC3, 0x1A, 0x71,
    0x37, 0x1F, 0x9E, 0x5E, 0x6E, 0xB3, 0x85, 0x32, 0x07, 0x9C, 0x8D, 0x47, 0xA1, 0xDF, 0xB9, 0x7B,
    0x7A, 0x1A, 0xF5, 0xB6, 0xC8, 0x1D, 0xF9, 0xF6, 0x07, 0x0F, 0xC5, 0x4E, 0x76, 0xB1, 0xE2, 0x46,
    0x93, 0xAC, 0x68, 0x3F, 0xB2, 0xE2, 0x43, 0x29, 0x95, 0x78, 0xDC, 0x50, 0xC7, 0x16, 0xF7, 0x20,
    0xB3, 0xE0, 0xF2, 0xC4, 0x96, 0xE6, 0x97, 0xAC, 0xF4, 0x91, 0x1D, 0xEF, 0xD3, 0x47, 0x68, 0xCD,
    0x07, 0x63, 0xB9, 0xE6, 0xBF, 0x95, 0x33, 0x6E, 0x21, 0x27, 0xB8, 0xC2, 0x5E, 0x50, 0xA7, 0xD0,
    0xF7, 0xD1, 0x4E, 0x2E, 0x56, 0xA3, 0x8B, 0x2B, 0x83, 0x0F, 0xC7, 0xCB, 0xFD, 0x05, 0xD8, 0x9E,
    0x88, 0x9E, 0xA7, 0xF0, 0xE1, 0x22, 0xF5, 0xA7, 0x33, 0x65, 0x1E, 0xE0, 0xCE, 0xEE, 0x1F, 0x3C,
    0xE0, 0x02, 0x34, 0x50, 0x2F, 0xD0, 0x4C, 0x80, 0xE6, 0x77, 0x11, 0xCA, 0x01, 0x0A, 0x01, 0xA6,
    0x13, 0xAD, 0x7F, 0xAB, 0xBA, 0x41, 0x9F, 0xA7, 0x1A, 0xEA, 0x55, 0xB7, 0x8E, 0x3E, 0xAC, 0x07,
    0x0B, 0xED, 0xF9, 0x99, 0x9C, 0x3B, 0x96, 0x2B, 0xBF, 0xAB, 0xBB, 0x39, 0xD6, 0x3D, 0xCB, 0x17,
    0xEC, 0xDD, 0x04, 0x08, 0xA7, 0x98, 0xFF, 0x2A, 0x98, 0x05, 0xCA, 0x0C, 0xEE, 0x8D, 0xC0, 0xBE,
    0x8D, 0xDA, 0xFA, 0x4F, 0x2D, 0xBF, 0xB6, 0x50, 0xEF, 0x06, 0x34, 0x9E, 0x2D, 0x02, 0x70, 0x6A,
    0xDE, 0xF7, 0x82, 0x8B, 0x76, 0x34, 0xC2, 0x35, 0xFD, 0xE6, 0xC5, 0x8B, 0xB6, 0x9A, 0x72, 0xAC,
    0x06, 0x17, 0xF5, 0xA8, 0x43, 0x83, 0x47, 0x0F, 0xBF, 0xAD, 0x27, 0x83, 0x56, 0xA5, 0x1B, 0x69,
    0x3A, 0xF6, 0x41, 0x20, 0x00, 0x78, 0xD1, 0xD3, 0xEA, 0x89, 0x0E, 0xAB, 0xC3, 0xF1, 0xEE, 0xAD,
    0x0E, 0x34, 0xE0, 0x8F, 0xCE, 0x2D, 0xF5, 0x84, 0x01, 0xAE, 0x62, 0x75, 0x5B, 0x45, 0x53, 0xEB,
    0xE2, 0x3C, 0x98, 0xF0, 0xD5, 0xF2, 0x6C, 0xCA, 0xEE, 0xBE, 0x8B, 0xEB, 0xF9, 0x9C, 0x0E, 0x11,
    0x5F, 0xD5, 0x0C, 0x80, 0xE7, 0x75, 0xEA, 0x0F, 0x05, 0x93, 0x03, 0x36, 0x43, 0xF3, 0x52, 0xC7,
    0xF7, 0x76, 0xE3, 0x71, 0xF5, 0xA9, 0x90, 0xB3, 0xD8, 0xA9, 0x9A, 0xDC, 0xA0, 0x53, 0x8A, 0x9D,
    0x3D, 0x76, 0x6A, 0xD7, 0xE8, 0xB1, 0xB2, 0xAC, 0xB1, 0xA5, 0x5C, 0xC3, 0x0D, 0xF7, 0xD1, 0x8E,
    0xE6, 0x69, 0xFE, 0x33, 0x51, 0xE5, 0x11, 0xCE, 0x02, 0x26, 0x40, 0x3D, 0x5F, 0xE4, 0x20, 0xCF,
    0x88, 0x17, 0xD8, 0xDB, 0x59, 0xF5, 0xD1, 0xFF, 0x26, 0x4B, 0xF9, 0xD1, 0x2D, 0xB1, 0x5B, 0x3B,
    0x95, 0xB3, 0x95, 0x4A, 0x87, 0x81, 0x61, 0x8D, 0x58, 0x8E, 0x4E, 0x5F, 0x6B, 0xE7, 0xA2, 0xE7,
    0x38, 0x6E, 0x52, 0xC7, 0x7B, 0xB8, 0x9C, 0xA8, 0x12, 0x10, 0x8E, 0x3A, 0x8F, 0x1D, 0xC1, 0x08,
    0x70, 0x17, 0x50, 0x51, 0xD0, 0xFA, 0x25, 0xE7, 0xB8, 0x66, 0xD6, 0x9C, 0x3A, 0x24, 0x4C, 0x3E,
    0x14, 0xEA, 0x7D, 0xEE, 0xD7, 0x58, 0xB0, 0xD3, 0x16, 0xF5, 0x5E, 0xA9, 0xF7, 0xA8, 0xDE, 0xBD,
    0x7A, 0xFF, 0xAF, 0x44, 0x99, 0xC7, 0x13, 0x9D, 0xA7, 0x12, 0xA8, 0x23, 0x1C, 0x00, 0x13, 0x10,
    0x4E, 0x31, 0xFF, 0xD5, 0x93, 0x53, 0x47, 0x77, 0xD4, 0x79, 0x4E, 0x2B, 0x7F, 0x11, 0xA0, 0x99,
    0x36, 0xB4, 0x3A, 0x75, 0xF8, 0x11, 0xF6, 0x4E, 0xCF, 0xFB, 0x1F, 0xDB, 0x88, 0xAF, 0xC6, 0x35,
    0xB4, 0x63, 0x76, 0xC0, 0xE9, 0xE5, 0x7E, 0x06, 0xA8, 0x23, 0x68, 0x54, 0x1C, 0x95, 0xE3, 0xBF,
    0x81, 0xBF, 0x75, 0xAC, 0xF7, 0xF4, 0x17, 0xDF, 0x5B, 0x05, 0x8A, 0xFC, 0x8F, 0xE0, 0x73, 0x82,
    0x6D, 0x91, 0xB0, 0x93, 0x4D, 0x94, 0x52, 0x69, 0x43, 0xBD, 0xA0, 0x93, 0xCB, 0x66, 0xA1, 0x89,
    0xB2, 0xE0, 0x6F, 0xE9, 0x1C, 0xF3, 0xC3, 0x90, 0xF0, 0x7F, 0x59, 0xAC, 0x38, 0xB4, 0x42, 0x23,
    0xA5, 0xA0, 0x63, 0x00, 0xEE, 0x51, 0x0F, 0x75, 0x9E, 0x61, 0xB3, 0x07, 0xBC, 0xFA, 0xF9, 0x25,
    0x8B, 0x70, 0x72, 0xC9, 0xE2, 0x85, 0xC3, 0x35, 0x92, 0xD5, 0x90, 0x62, 0x2E, 0x47, 0x3B, 0x55,
    0xDA, 0xA6, 0xA3, 0x46, 0x29, 0xAE, 0xAB, 0x86, 0x26, 0xB8, 0xE8, 0xD1, 0xE7, 0xF6, 0x6B, 0x3C,
    0x8C, 0xDE, 0xBE, 0x17, 0x7D, 0x76, 0xD9, 0xA5, 0x2A, 0x99, 0xC0, 0x97, 0x2E, 0x59, 0x4E, 0x27,
    0xFF, 0x39, 0x20, 0x83, 0x4E, 0x9E, 0xD5, 0xFB, 0x91, 0xC6, 0x8C, 0x9C, 0xE5, 0xCC, 0xA9, 0xE5,
    0xAF, 0xC2, 0x48, 0xFD, 0xEE, 0xB4, 0x86, 0xF0, 0x0C, 0x3F, 0x01, 0x4E, 0xD1, 0x3B, 0x5C, 0x05,
    0xEC, 0x04, 0x54, 0x03, 0x50, 0x07, 0x60, 0x73, 0x72, 0x61, 0xDF, 0x8C, 0x1C, 0xD2, 0x88, 0xD1,
    0x76, 0xC6, 0x82, 0x9D, 0x39, 0xC0, 0x24, 0xF6, 0x21, 0xB1, 0x81, 0x2D, 0x87, 0xD0, 0x32, 0x81,
    0x47, 0xC0, 0xDB, 0x01, 0x9A, 0x5B, 0x51, 0xBB, 0x20, 0xE0, 0xFE, 0x47, 0x91, 0x80, 0x72, 0x02,
    0xCD, 0x00, 0x65, 0x04, 0x5C, 0x00, 0x0E, 0x40, 0x53, 0x81, 0xDB, 0xED, 0xE7, 0xE9, 0x67, 0x76,
    0xC5, 0xE4, 0x08, 0x34, 0x0A, 0xA7, 0xA8, 0x3B, 0xA0, 0x39, 0xDE, 0x1D, 0x54, 0xAA, 0xE8, 0xB7,
    0x70, 0x43, 0x32, 0xE4, 0xE8, 0x21, 0xE3, 0x61, 0x8B, 0xD7, 0x9C, 0x9E, 0x62, 0xC6, 0xAB, 0x60,
    0xAB, 0xB8, 0xA7, 0x48, 0x94, 0x63, 0x31, 0xA3, 0x95, 0x84, 0x8B, 0x6E, 0xC0, 0x49, 0x1B, 0x70,
    0x39, 0x41, 0xFD, 0xB7, 0xE1, 0x64, 0xF6, 0x63, 0xF4, 0x5A, 0xDF, 0x59, 0x00, 0x70, 0x66, 0xD4,
    0x67, 0x93, 0x15, 0x2F, 0x0A, 0x3C, 0x63, 0x3A, 0x80, 0xC7, 0x56, 0x4D, 0xFF, 0x0F, 0xCD, 0x9B,
    0x31, 0xAC, 0xE5, 0xC6, 0x79, 0xEF, 0x7F, 0xE4, 0xEC, 0x9A, 0xEF, 0x99, 0xB0, 0x67, 0x0B, 0xED,
    0xF3, 0x83, 0x65, 0x9B, 0x2A, 0x5C, 0x3C, 0x48, 0xB2, 0xF8, 0x8A, 0x04, 0x50, 0x71, 0xF7, 0xCE,
    0x24, 0x29, 0x52, 0xFA, 0x16, 0xAB, 0x2A, 0x8D, 0x7B, 0x20, 0xB0, 0x4B, 0x15, 0x2B, 0x91, 0x8E,
    0x7A, 0x48, 0x7D, 0xA5, 0xD6, 0x1B, 0x04, 0xEB, 0x42, 0x85, 0x02, 0xAC, 0xEE, 0x99, 0x44, 0x85,
    0x4B, 0x11, 0x2E, 0x92, 0x2A, 0x31, 0x01, 0x07, 0x29, 0x94, 0x00, 0x1E, 0x59, 0x34, 0xCC, 0x48,
    0x73, 0x38, 0xB9, 0xDF, 0x07, 0x5E, 0xFA, 0x1C, 0xAC, 0xB5, 0x59, 0xCB, 0x57, 0x77, 0x75, 0x97,
    0xFC, 0x8F, 0xA0, 0xC5, 0xB9, 0xF3, 0xFD, 0x7F, 0x33, 0xE7, 0xE3, 0xCC, 0x37, 0x5C, 0x28, 0xEE,
    0xFF, 0x04, 0x30, 0x39, 0x03, 0xC5, 0x2B, 0xAF, 0xB0, 0xFD, 0x34, 0x1E, 0xC0, 0xF5, 0x00, 0x5D,
    0x00, 0xC8, 0xA2, 0xE5, 0x2F, 0x44, 0xCD, 0x07, 0xA2, 0xF6, 0xFB, 0x03, 0xD0, 0xD4, 0x23, 0x70,
    0x52, 0x45, 0xE0, 0x5D, 0x23, 0x1A, 0x45, 0xCD, 0x20, 0x5A, 0x7D, 0xF8, 0xB7, 0x11, 0x6C, 0xCE,
    0x13, 0xB4, 0x94, 0x33, 0x9C, 0x50, 0x24, 0x78, 0x17, 0x12, 0x44, 0x51, 0x33, 0x8A, 0x36, 0x13,
    0x55, 0xF6, 0xBB, 0x8C, 0xCB, 0x81, 0x6F, 0xDE, 0x7F, 0x1B, 0x97, 0x23, 0xB7, 0x5F, 0x39, 0x03,
    0xA0, 0x5E, 0xBE, 0x4B, 0xF7, 0x60, 0x2A, 0x67, 0x13, 0xAB, 0x68, 0xA2, 0x0D, 0x26, 0xB6, 0x7D,
    0x35, 0x3A, 0xEA, 0xA1, 0xC3, 0x86, 0x73, 0x6C, 0xD8, 0xD3, 0x5C, 0xDC, 0xAE, 0xDF, 0xD3, 0xF9,
    0x3D, 0x99, 0x9D, 0xD9, 0x79, 0x97, 0xDD, 0xD2, 0xCC, 0x76, 0x2E, 0x7C, 0xE1, 0xA1, 0x08, 0x15,
    0xC0, 0xD8, 0x00, 0xE4, 0x04, 0xE0, 0x22, 0xC0, 0x4D, 0xFF, 0xE5, 0x70, 0xFD, 0x2D, 0xDE, 0xE6,
    0xDB, 0xE5, 0x88, 0xCD, 0x81, 0x2A, 0x03, 0x67, 0x5C, 0x95, 0xFB, 0xA7, 0xEC, 0x0C, 0x78, 0x08,
    0x60, 0x06, 0x00, 0x1B, 0x54, 0xFB, 0x83, 0xFF, 0xCE, 0x00, 0x66, 0xB9, 0x02, 0xAF, 0xAD, 0x87,
    0x19, 0x34, 0xE2, 0x71, 0x6D, 0x25, 0x82, 0xDC, 0x03, 0x85, 0x10, 0xB5, 0x23, 0xD0, 0xF4, 0xC0,
    0x29, 0xC0, 0x04, 0xB0, 0xCD, 0x80, 0x5D, 0xF6, 0x54, 0xCB, 0x6E, 0xC0, 0x05, 0x1B, 0x59, 0x30,
    0xB1, 0x14, 0x47, 0x55, 0xA4, 0x58, 0x3F, 0x18, 0x00, 0xA7, 0xE2, 0x81, 0x8E, 0x4B, 0xD9, 0x1D,
    0x4B, 0x07, 0xE0, 0x54, 0x02, 0x2F, 0x62, 0x23, 0x33, 0x26, 0xE7, 0x28, 0x5D, 0xF4, 0x6B, 0x24,
    0xAA, 0xC2, 0x59, 0x28, 0x38, 0x94, 0x22, 0xFE, 0x72, 0xD0, 0x61, 0xB7, 0x0B, 0x66, 0xB2, 0xA1,
    0x1E, 0x6D, 0xB8, 0x50, 0x2F, 0x1D, 0x3A, 0xA0, 0x03, 0x16, 0x60, 0x7F, 0x70, 0xEF, 0xB8, 0x81,
    0xF3, 0x2F, 0xD2, 0x7C, 0x3A, 0x53, 0xE5, 0x01, 0x9E, 0x01, 0xE0, 0x2E, 0x50, 0x2C, 0x08, 0x03,
    0xC0, 0xBE, 0xE9, 0xE1, 0x8E, 0x09, 0x70, 0x0B, 0xFF, 0x54, 0x0C, 0xDF, 0x06, 0x32, 0x94, 0xB9,
    0xA7, 0xFE, 0xE7, 0x40, 0x5B, 0x8E, 0x3C, 0xC3, 0xD9, 0x15, 0x1A, 0x66, 0x9B, 0x6B, 0x0B, 0xC0,
    0x1E, 0xE0, 0xBB, 0x00, 0xF0, 0x54, 0x0C, 0x03, 0xBC, 0x06, 0x64, 0x60, 0xBF, 0xC5, 0x72, 0x75,
    0x86, 0x0B, 0x5F, 0x00, 0xE5, 0x78, 0x0A, 0x30, 0xCD, 0x00, 0xBB, 0xB8, 0xC6, 0x24, 0xBC, 0x8F,
    0x7D, 0xAB, 0x71, 0xD4, 0x39, 0x6A, 0x1D, 0xF5, 0x8E, 0x9A, 0x57, 0xF7, 0xAB, 0x7D, 0x9C, 0xAA,
    0x02, 0xA0, 0x63, 0x53, 0x76, 0x8F, 0x68, 0xA7, 0xEA, 0xD8, 0x40, 0x28, 0x09, 0x56, 0x14, 0xCA,
    0x62, 0x83, 0x21, 0xC1, 0x16, 0x63, 0x0B, 0xCC, 0x09, 0xE8, 0xE2, 0x65, 0x4F, 0xB7, 0x0F, 0xA1,
    0x08, 0x15, 0x04, 0x0B, 0xC2, 0x05, 0x01, 0xA3, 0x91, 0xE0, 0x00, 0xBA, 0xE3, 0xC1, 0xDD, 0x44,
    0x01, 0x29, 0x21, 0x45, 0xA4, 0x8C, 0x04, 0xD2, 0xD6, 0x31, 0xC4, 0x96, 0xCB, 0xAE, 0x71, 0x07,
    0x94, 0x6E, 0x6E, 0x90, 0xBA, 0x2C, 0x94, 0x5A, 0x4D, 0x6F, 0x26, 0x16, 0x7B, 0x51, 0x1C, 0x02,
    0xA8, 0x0D, 0x02, 0xA8, 0xB9, 0xD0, 0xED, 0x1A, 0x68, 0x54, 0xDB, 0x1E, 0x1B, 0x70, 0x5E, 0x15,
    0x1A, 0xD5, 0x36, 0xD0, 0x29, 0xC1, 0x73, 0xE8, 0x60, 0x0F, 0x0B, 0x24, 0x4C, 0x12, 0xAD, 0x95,
    0x7C, 0x17, 0x78, 0x76, 0x79, 0xB0, 0x08, 0xA4, 0x3C, 0xC2, 0xC6, 0x20, 0x5B, 0x0F, 0xE4, 0x16,
    0xE0, 0xFC, 0x04, 0xE0, 0xBD, 0x1F, 0x01, 0xA4, 0x33, 0x55, 0xC5, 0x94, 0x40, 0x12, 0x25, 0x48,
    0xAA, 0x94, 0x00, 0x45, 0x6D, 0x10, 0x95, 0x84, 0x09, 0x92, 0x32, 0x41, 0x92, 0x26, 0x9C, 0xAB,
    0xEE, 0x69, 0x54, 0x5D, 0x2F, 0xDA, 0x79, 0xD1, 0x0C, 0x9A, 0x40, 0x41, 0x52, 0x28, 0x48, 0x12,
    0xD5, 0x59, 0xE5, 0x3F, 0x2F, 0x0D, 0x93, 0xF3, 0x60, 0x43, 0x25, 0x7A, 0x15, 0x34, 0x6C, 0x06,
    0x50, 0x79, 0x0F, 0x4A, 0xF9, 0x2B, 0x15, 0x48, 0x32, 0xAD, 0x66, 0x89, 0x6F, 0x82, 0x7D, 0x15,
    0x31, 0xC2, 0x40, 0x11, 0x34, 0xA1, 0x1A, 0x51, 0x00, 0x4E, 0x42, 0x53, 0xFB, 0x7B, 0x89, 0x41,
    0xCD, 0xEF, 0xD9, 0x79, 0xB1, 0xBE, 0x3A, 0x57, 0xE3, 0xCD, 0xDC, 0xCC, 0x62, 0x1B, 0xE0, 0xF9,
    0xFB, 0x6F, 0x09, 0x8E, 0x01, 0x6E, 0xBF, 0xE2, 0xB7, 0x79, 0xB1, 0xA7, 0x15, 0x31, 0x91, 0x13,
    0x54, 0x2A, 0x11, 0x3B, 0x72, 0x4B, 0xE1, 0xA2, 0xD2, 0x88, 0xB4, 0x79, 0x0F, 0x4E, 0x85, 0xA3,
    0x59, 0x7B, 0xBE, 0xCD, 0xD5, 0x44, 0x19, 0xC4, 0x7E, 0x28, 0x13, 0x75, 0x78, 0x76, 0xB9, 0xBF,
    0xEB, 0x2F, 0x5C, 0x67, 0xF8, 0xE6, 0x45, 0xDF, 0x2E, 0x8F, 0x5B, 0xCF, 0xF5, 0x1E, 0x76, 0x3B,
    0x6F, 0x62, 0x13, 0xEA, 0xA1, 0x09, 0x36, 0x34, 0xC1, 0xF9, 0x8B, 0x3F, 0x2C, 0x74, 0xCF, 0xCE,
    0xE4, 0xDC, 0xB3, 0x9C, 0xC1, 0x71, 0x92, 0x38, 0xE1, 0x38, 0x49, 0xFC, 0x09, 0x03, 0x9C, 0x98,
    0x20, 0xA1, 0xF5, 0x60, 0x17, 0x80, 0x33, 0xAE, 0xD9, 0xDA, 0xFF, 0x63, 0xD0, 0x20, 0x1A, 0x49,
    0xFE, 0x8B, 0x46, 0x70, 0x75, 0x16, 0x01, 0x28, 0x66, 0xC0, 0x24, 0xA0, 0x9C, 0x01, 0xDE, 0xBA,
    0x6E, 0x8B, 0xB0, 0xCE, 0xCB, 0xF5, 0xE6, 0x07, 0x00, 0x57, 0x64, 0xF3, 0x5A, 0x8D, 0x94, 0x23,
    0xD0, 0x00, 0xDC, 0x01, 0x78, 0xB8, 0x7D, 0xCE, 0xCD, 0x40, 0x33, 0xFD, 0xF1, 0x7E, 0x9C, 0x87,
    0x04, 0x65, 0x04, 0xB3, 0xDE, 0x65, 0x0E, 0xB0, 0x0B, 0x40, 0xC1, 0x4D, 0x30, 0xE1, 0x0E, 0x14,
    0xBF, 0x9E, 0x80, 0x3C, 0x00, 0x5D, 0x0F, 0xDC, 0xBE, 0xF6, 0x31, 0xF5, 0x05, 0x10, 0xB7, 0x87,
    0x96, 0xDB, 0x1E, 0x5A, 0x37, 0x0F, 0x87, 0x56, 0x58, 0x20, 0x30, 0x10, 0x1A, 0x08, 0x0E, 0x84,
    0x07, 0x02, 0x44, 0x89, 0x28, 0x12, 0x65, 0xF2, 0xE8, 0x43, 0xEB, 0xE4, 0xD1, 0x87, 0xD6, 0x93,
    0x2C, 0xDE, 0xBA, 0x3C, 0x50, 0x2D, 0x0F, 0x66, 0xDA, 0x60, 0x12, 0x99, 0x22, 0x95, 0x09, 0xE6,
    0x2A, 0x82, 0x7F, 0xCC, 0x5A, 0xA6, 0xC8, 0x69, 0x87, 0x0A, 0x4D, 0xD8, 0x41, 0xDB, 0x77, 0x48,
    0xB0, 0xE0, 0x70, 0x01, 0x27, 0x0C, 0x3B, 0x4C, 0xBE, 0xAF, 0xC9, 0x78, 0x82, 0xE2, 0xEE, 0xE5,
    0x6A, 0x95, 0x4A, 0xC7, 0x3F, 0x01, 0xA7, 0x77, 0x80, 0xC9, 0x72, 0x99, 0x36, 0x11, 0xBC, 0xBF,
    0x5D, 0x28, 0x97, 0xFC, 0x22, 0xF5, 0xE0, 0xC0, 0xF6, 0x2D, 0xB4, 0x38, 0x70, 0xA8, 0x9C, 0x8A,
    0x24, 0x68, 0xFF, 0x7C, 0x02, 0x2B, 0x5E, 0xED, 0x4F, 0x80, 0x13, 0x80, 0x04, 0x90, 0x17, 0x0F,
    0x2E, 0x47, 0x8A, 0x9C, 0x13, 0x36, 0x14, 0x89, 0x16, 0xDE, 0xE3, 0x14, 0xEE, 0x89, 0x24, 0x1C,
    0xE5, 0x84, 0xFD, 0x64, 0x37, 0x50, 0xE6, 0x3D, 0x9A, 0xDC, 0xC2, 0x96, 0xDC, 0x3C, 0xD8, 0x3D,
    0xC0, 0x19, 0x4F, 0x85, 0xD0, 0xDB, 0x65, 0x0F, 0xEF, 0xD4, 0xEA, 0xE1, 0x12, 0x53, 0xE1, 0x9F,
    0x22, 0x1C, 0x00, 0x48, 0x07, 0xB3, 0x7C, 0x5B, 0x83, 0x3E, 0x1D, 0x42, 0x00, 0x94, 0x11, 0x30,
    0xB3, 0x48, 0x64, 0xCB, 0xD3, 0x4F, 0x1B, 0xD3, 0xB5, 0x82, 0x28, 0x3C, 0x60, 0x83, 0x08, 0xC0,
    0xF7, 0x00, 0x5E, 0x06, 0x78, 0x0E, 0x00, 0x6E, 0x00, 0xBC, 0x08, 0xF0, 0x2A, 0x80, 0x02, 0x8B,
    0x4F, 0x7D, 0x36, 0x69, 0x06, 0x58, 0x73, 0xC0, 0x3A, 0xBD, 0xD7, 0x3C, 0x00, 0x93, 0x65, 0x5B,
    0x69, 0x6F, 0x44, 0x83, 0xCB, 0x23, 0xED, 0xD2, 0xBF, 0x90, 0xDF, 0xC2, 0x4C, 0x98, 0xA4, 0x36,
    0xCC, 0x04, 0xBA, 0x5E, 0x43, 0xE0, 0x68, 0x13, 0xA8, 0xB4, 0x41, 0x48, 0x6B, 0xFE, 0x44, 0xB2,
    0x7B, 0x0E, 0xE0, 0xD6, 0x46, 0xD0, 0x6A, 0x23, 0xF4, 0x85, 0x31, 0x70, 0x8E, 0x36, 0x7B, 0xE8,
    0x80, 0x04, 0xE7, 0x68, 0xB3, 0x87, 0x32, 0x41, 0x82, 0x67, 0x17, 0xFF, 0x8D, 0xEC, 0xD9, 0x69,
    0x28, 0x6B, 0xB1, 0xA7, 0x1D, 0xA0, 0x8B, 0x14, 0x53, 0xA4, 0x0A, 0xF7, 0xB8, 0x89, 0xD2, 0xB6,
    0x0B, 0x14, 0x7B, 0x20, 0xB1, 0xDD, 0xC5, 0x0C, 0xE5, 0xE4, 0x82, 0xF9, 0x28, 0x47, 0xF3, 0xDB,
    0x37, 0xA2, 0xD9, 0x9B, 0xA9, 0x9A, 0x4D, 0xAC, 0xA5, 0x36, 0x31, 0x5C, 0xDC, 0xA1, 0x1A, 0xAD,
    0x3C, 0xFF, 0x7A, 0x1B, 0x1C, 0xBF, 0xBB, 0x5F, 0xA7, 0x09, 0xEF, 0x61, 0x73, 0xA2, 0x4E, 0x80,
    0x7F, 0x02, 0x14, 0x45, 0x96, 0x9F, 0xBE, 0x78, 0xF0, 0xE1, 0xFD, 0x07, 0x9F, 0xF8, 0xEB, 0x40,
    0x71, 0x6C, 0xB9, 0xC9, 0x99, 0x36, 0x2F, 0xAB, 0xE5, 0x9B, 0x98, 0x98, 0x07, 0xF3, 0x71, 0x8E,
    0x26, 0x9B, 0x58, 0xA5, 0xD5, 0xF2, 0x78, 0x60, 0xD9, 0x3F, 0xDE, 0x32, 0x85, 0x87, 0x66, 0x7E,
    0x91, 0xD3, 0x3C, 0x13, 0x5D, 0x84, 0x9B, 0xDB, 0xAC, 0x10, 0x0E, 0x6A, 0xDD, 0x44, 0xB5, 0xAF,
    0x56, 0x6D, 0x90, 0x5B, 0x2C, 0xAF, 0xF6, 0x3C, 0x38, 0xB6, 0x0D, 0xB1, 0xFA, 0x39, 0x18, 0x9E,
    0x52, 0x1D, 0xA9, 0x1D, 0x8A, 0x1E, 0x9B, 0xBE, 0x76, 0x9A, 0xD3, 0x8F, 0xDA, 0xB8, 0x7E, 0xB5,
    0x92, 0x5C, 0xC8, 0x25, 0x8E, 0xCA, 0x49, 0x61, 0xEB, 0x55, 0x0D, 0xD4, 0x87, 0xFB, 0x96, 0xEC,
    0xAB, 0x3D, 0x78, 0x5D, 0x7B, 0xAF, 0x55, 0x47, 0xFF, 0x45, 0x05, 0xFA, 0xFC, 0xFD, 0xBE, 0xCB,
    0x83, 0x76, 0x80, 0x8B, 0xB8, 0x2D, 0xA6, 0x91, 0x7A, 0x60, 0x8B, 0xA9, 0xF1, 0xB4, 0xE0, 0xB6,
    0x6B, 0x4F, 0x33, 0x51, 0x80, 0x96, 0x08, 0xBF, 0x53, 0x3C, 0x5A, 0x22, 0xBC, 0xFA, 0x50, 0x65,
    0xD3, 0x70, 0x62, 0x42, 0x9B, 0x7B, 0xBB, 0xC0, 0x19, 0x9F, 0x33, 0xE0, 0xAB, 0x0F, 0x0C, 0xDE,
    0x85, 0x6A, 0x00, 0xDB, 0x23, 0xFD, 0xD2, 0xF4, 0x60, 0x33, 0x98, 0x3D, 0xC0, 0xFA, 0xB5, 0x10,
    0xFD, 0x5F, 0x00, 0x9F, 0x63, 0x2E, 0x54, 0x03, 0x9A, 0xFF, 0x98, 0x55, 0x73, 0xC4, 0x8D, 0x00,
    0xC0, 0x7B, 0xC0, 0x72, 0x58, 0xCA, 0xF9, 0xC2, 0xF0, 0xBB, 0xE8, 0xA2, 0x6C, 0x68, 0xAB, 0xB1,
    0x1E, 0x6C, 0x90, 0x3F, 0x8D, 0x6F, 0x71, 0xE8, 0x9F, 0x7D, 0x33, 0x15, 0xD2, 0xEB, 0xFB, 0x39,
    0xD3, 0x2E, 0x3F, 0xDE, 0xFD, 0x97, 0xF4, 0xDC, 0x06, 0x4C, 0xC4, 0xF5, 0x54, 0x17, 0x2A, 0xFD,
    0xAB, 0x06, 0x3A, 0xD5, 0x73, 0x8D, 0x62, 0xAF, 0x71, 0x24, 0x89, 0x44, 0x95, 0x42, 0xB5, 0x9C,
    0xA1, 0xD3, 0xE8, 0xCF, 0x35, 0xFE, 0xBD, 0x6A, 0xA2, 0x52, 0xAD, 0x47, 0x89, 0xCC, 0x06, 0x89,
    0xCD, 0x06, 0x89, 0xEE, 0x42, 0x41, 0x1D, 0x81, 0xF3, 0xAA, 0xB0, 0xFA, 0x81, 0x04, 0x14, 0x52,
    0x26, 0xD6, 0x3A, 0x1F, 0x00, 0x90, 0x70, 0xB0, 0x17, 0x49, 0x22, 0xCF, 0xF1, 0x7F, 0x61, 0xFB,
    0x71, 0xD1, 0x26, 0x54, 0x4C, 0x2C, 0x54, 0x66, 0xAA, 0xB1, 0x9C, 0xA8, 0x87, 0xCB, 0x2D, 0xFD,
    0x2A, 0xD5, 0x48, 0xE3, 0xEB, 0x81, 0x56, 0xE2, 0x71, 0x07, 0xD2, 0xF4, 0xB8, 0x7D, 0xEB, 0x69,
    0x26, 0x07, 0x05, 0x0E, 0xE0, 0xF5, 0xCB, 0x21, 0x23, 0x81, 0x8C, 0x3B, 0x3C, 0x18, 0x81, 0xEC,
    0xD9, 0x8A, 0x63, 0x19, 0x30, 0xD9, 0x83, 0xFD, 0x20, 0xC0, 0xA9, 0x19, 0x8E, 0xD7, 0xD7, 0x01,
    0x7E, 0xB8, 0x78, 0x94, 0x87, 0xE2, 0x10, 0x1A, 0x60, 0x07, 0x78, 0x64, 0x93, 0xD1, 0xF3, 0xD8,
    0xFD, 0xC5, 0x2A, 0xC5, 0xB6, 0x3F, 0x35, 0x93, 0x48, 0xBC, 0x94, 0xEA, 0xF8, 0x17, 0x0B, 0xD7,
    0xE7, 0xF7, 0x40, 0x17, 0x61, 0x7D, 0x70, 0xB9, 0x00, 0x79, 0xA4, 0xFC, 0x75, 0xA4, 0x0E, 0xEF,
    0x72, 0x83, 0x67, 0x40, 0xE3, 0xD7, 0x7B, 0x9B, 0x5B, 0x6A, 0xFC, 0xBD, 0x47, 0x9F, 0x64, 0x26,
    0x6E, 0xB7, 0xF6, 0x56, 0x0F, 0xDA, 0xD7, 0x76, 0xB7, 0xEB, 0xF4, 0x7C, 0x0D, 0x5E, 0x48, 0xE0,
    0x06, 0x14, 0x41, 0x97, 0x64, 0x72, 0x77, 0xB3, 0x4E, 0x32, 0x8F, 0x89, 0xBC, 0x26, 0x2C, 0x8A,
    0x28, 0xE1, 0xD6, 0xFA, 0xD9, 0x16, 0xD1, 0x87, 0x40, 0xF3, 0x7E, 0x04, 0xDA, 0x37, 0x07, 0xC0,
    0x75, 0x51, 0xF4, 0x53, 0xD5, 0xF7, 0x13, 0xD0, 0x15, 0xA2, 0xE7, 0xEB, 0x77, 0x68, 0x07, 0x24,
    0x9C, 0x57, 0x0D, 0x94, 0x89, 0x66, 0xD0, 0x49, 0x36, 0xCB, 0x24, 0x2B, 0xF7, 0x00, 0x00, 0xDC,
    0x52, 0x9D, 0x01, 0xA4, 0x57, 0x30, 0x01, 0xA0, 0xF2, 0xC7, 0xD5, 0x3B, 0xBB, 0x00, 0xC5, 0x31,
    0x6E, 0x15, 0x31, 0x4F, 0x39, 0xD9, 0xEC, 0x4D, 0xB4, 0x59, 0x0B, 0x45, 0x17, 0x62, 0x7B, 0xAA,
    0xF1, 0x0E, 0xD4, 0x61, 0x02, 0xFB, 0x33, 0x81, 0xF1, 0x0B, 0x91, 0x1C, 0xA1, 0xF9, 0x65, 0x04,
    0x27, 0xD1, 0x3A, 0x54, 0xCE, 0x85, 0xAA, 0x13, 0xAC, 0xED, 0x40, 0xA2, 0x9E, 0x01, 0x80, 0x67,
    0xB6, 0x3E, 0xA2, 0xC6, 0x25, 0xD2, 0x03, 0xC5, 0x3A, 0xAF, 0xB3, 0x77, 0x9F, 0xD9, 0xE5, 0xFB,
    0x9F, 0xAF, 0x4B, 0xB8, 0x0B, 0x90, 0x2E, 0x27, 0x4E, 0xAD, 0x53, 0x50, 0x83, 0x39, 0x4C, 0x48,
    0x32, 0x68, 0x87, 0x93, 0xAC, 0x12, 0xB1, 0xE3, 0x67, 0x4D, 0x5C, 0xFF, 0x7B, 0x67, 0xAF, 0x67,
    0x4F, 0x21, 0xBD, 0x9B, 0x6D, 0x77, 0x6C, 0x8F, 0x76, 0xC7, 0x77, 0x31, 0xF2, 0x5D, 0xC5, 0x7A,
    0xEE, 0xAC, 0x03, 0xE5, 0x12, 0xD5, 0x84, 0xF9, 0xAC, 0x47, 0x45, 0x4F, 0xEB, 0x71, 0xAC, 0xD7,
    0xEB, 0xE2, 0x8F, 0x74, 0x79, 0xE5, 0x89, 0x6E, 0xE0, 0xC6, 0xB5, 0x5A, 0x00, 0x28, 0x3C, 0x60,
    0xC6, 0x4B, 0x9A, 0x16, 0xE0, 0xDB, 0x87, 0x48, 0x73, 0xA4, 0x79, 0x32, 0x17, 0x8F, 0x3C, 0x64,
    0x4C, 0x1E, 0x8A, 0xEC, 0xB9, 0x45, 0xE1, 0xF5, 0xD3, 0xF0, 0x3D, 0x78, 0x19, 0x9E, 0x53, 0x97,
    0xFF, 0x10, 0x69, 0x97, 0x37, 0x22, 0x66, 0x32, 0x01, 0x13, 0x6B, 0x71, 0xF9, 0xB5, 0x2F, 0xC2,
    0xA5, 0x4B, 0xA7, 0xD5, 0xF4, 0xD0, 0xC4, 0x68, 0x3E, 0x1A, 0xCC, 0x47, 0xFE, 0x0B, 0x1F, 0x96,
    0x3A, 0xD0, 0xF6, 0x76, 0xC4, 0x79, 0x4D, 0xD0, 0xA5, 0xFF, 0xC3, 0x03, 0x7E, 0xEC, 0x3C, 0x7A,
    0x23, 0xB6, 0x7F, 0x11, 0x9D, 0x89, 0xAE, 0xE8, 0xFF, 0xE8, 0x80, 0x47, 0x68, 0x24, 0xFF, 0xB7,
    0x7B, 0xC0, 0x8D, 0xC0, 0x0E, 0xA8, 0x33, 0xF0, 0xF5, 0x27, 0x0F, 0xD8, 0xE4, 0x40, 0xF7, 0x59,
    0x10, 0xDF, 0x2A, 0xF2, 0x50, 0x66, 0xE9, 0xBA, 0x8B, 0xFC, 0x76, 0xB3, 0xF3, 0xE8, 0x32, 0x94,
    0xAD, 0xC8, 0xB5, 0x57, 0x2D, 0x27, 0x00, 0xAA, 0x01, 0x00, 0xAB, 0x2A, 0xCE, 0xB6, 0x9F, 0x6E,
    0xA2, 0xC9, 0x81, 0x36, 0x51, 0x2F, 0x1E, 0x93, 0x20, 0x4A, 0x2C, 0xDA, 0x54, 0x99, 0x62, 0x04,
    0xDB, 0xF5, 0xE5, 0x00, 0xB6, 0x09, 0x26, 0x80, 0xB5, 0x83, 0x34, 0x4D, 0x1D, 0xAB, 0x00, 0x2F,
    0x99, 0xA9, 0xEE, 0xE1, 0xA4, 0x4C, 0x16, 0x38, 0x61, 0x6D, 0x16, 0x69, 0x5E, 0xA5, 0xFB, 0x0E,
    0xF0, 0x0E, 0xEE, 0xEF, 0x80, 0x48, 0x93, 0xB4, 0xB1, 0xDA, 0x50, 0x27, 0x28, 0x47, 0xCC, 0x0C,
    0xCF, 0xFE, 0x46, 0xF1, 0xEE, 0xB4, 0xD7, 0x35, 0x45, 0x99, 0x19, 0x71, 0x89, 0xF5, 0x70, 0x67,
    0xCB, 0xE2, 0x2E, 0xBA, 0xE0, 0x3E, 0xCA, 0xB1, 0xFA, 0xF8, 0xF3, 0x6F, 0xA7, 0xBE, 0x9C, 0x96,
    0x8F, 0x46, 0xE6, 0x54, 0x95, 0x87, 0xAA, 0x44, 0xD5, 0x62, 0x40, 0x1B, 0x7F, 0x65, 0x1C, 0x9E,
    0x59, 0xBB, 0x98, 0xA0, 0x88, 0x20, 0x16, 0x4B, 0x40, 0x61, 0x9F, 0x21, 0xA6, 0xCC, 0x00, 0x42,
    0xC1, 0x6B, 0xB3, 0x3F, 0xDC, 0xBF, 0x17, 0x67, 0x5F, 0xEA, 0x39, 0xB4, 0x16, 0x5E, 0x1B, 0x20,
    0xFD, 0xFE, 0xC2, 0xAB, 0x20, 0x44, 0x18, 0x22, 0x10, 0x11, 0x8A, 0x08, 0x46, 0x84, 0x23, 0x02,
    0x12, 0x21, 0x89, 0xA0, 0x44, 0x58, 0xE2, 0x38, 0x12, 0xE1, 0x89, 0x00, 0x65, 0x25, 0x8A, 0xC7,
    0x7A, 0x00, 0x37, 0x00, 0xB4, 0x23, 0x40, 0x3D, 0x80, 0xB0, 0x55, 0x7D, 0x33, 0xD9, 0x48, 0x6B,
    0x53, 0x97, 0x98, 0x48, 0x63, 0x02, 0xB2, 0xDF, 0x43, 0xB1, 0x20, 0x4E, 0x92, 0xA8, 0x99, 0x54,
    0x63, 0x31, 0x8B, 0x96, 0x13, 0x54, 0xA3, 0x89, 0x50, 0x07, 0x51, 0x7B, 0xA8, 0x7D, 0x15, 0xA1,
    0xF5, 0x26, 0x6B, 0x8A, 0xCC, 0xE8, 0xD0, 0x7D, 0xD6, 0x70, 0x2C, 0x4F, 0x32, 0x1C, 0x46, 0x87,
    0x23, 0x3E, 0xC1, 0x70, 0xFC, 0xF5, 0x1F, 0x3A, 0xBF, 0xB5, 0xA1, 0xD0, 0x06, 0x33, 0x00, 0x50,
    0x05, 0x80, 0x95, 0xDA, 0x37, 0x17, 0x00, 0xDA, 0xE9, 0x73, 0xCD, 0xEF, 0xA6, 0x7F, 0x9D, 0xD6,
    0xBF, 0x87, 0x23, 0xE1, 0x00, 0x77, 0xBC, 0x8A, 0x15, 0x5E, 0x0F, 0x06, 0x8A, 0x0C, 0xC8, 0x46,
    0x5A, 0x42, 0x0B, 0xF0, 0xCA, 0xBA, 0x5B, 0x87, 0xDD, 0x02, 0xB5, 0x9E, 0xEC, 0x0B, 0xDB, 0x85,
    0x22, 0x09, 0xB8, 0xBD, 0x10, 0x5E, 0xEC, 0x08, 0xBB, 0x26, 0xC0, 0xCE, 0xA9, 0x78, 0xC8, 0x1D,
    0xB0, 0x88, 0xEC, 0x77, 0x50, 0xA4, 0x1D, 0x18, 0x95, 0xD8, 0x81, 0x8D, 0x0E, 0x9A, 0xD0, 0xF6,
    0x38, 0x6F, 0x87, 0x62, 0x8F, 0xD9, 0xFF, 0xF0, 0xE8, 0x64, 0x5F, 0x8A, 0x05, 0xC7, 0xAF, 0x28,
    0x41, 0xCE, 0xE1, 0xC2, 0xA7, 0x3A, 0x6C, 0x82, 0x99, 0x9C, 0x2F, 0x67, 0x87, 0x99, 0x77, 0x17,
    0xF7, 0x82, 0x99, 0xF6, 0x98, 0xB8, 0xA7, 0xBE, 0xB8, 0x6D, 0x38, 0xA7, 0x09, 0x0E, 0x47, 0xFB,
    0x4F, 0x89, 0x2A, 0x8F, 0x8F, 0x1C, 0xD4, 0x35, 0xC7, 0x07, 0x75, 0xD7, 0xEF, 0xEF, 0x5B, 0xFC,
    0x88, 0xAF, 0x17, 0x11, 0x9B, 0x03, 0x26, 0x03, 0x77, 0xB9, 0x3A, 0x9F, 0xDC, 0xBD, 0xED, 0x25,
    0x24, 0x87, 0x84, 0x93, 0x00, 0xFB, 0x8F, 0x11, 0x78, 0x49, 0x67, 0xD3, 0x33, 0x37, 0xE1, 0xD0,
    0x33, 0x6A, 0x1A, 0x75, 0xAD, 0xB6, 0x51, 0xDF, 0xA8, 0x71, 0xD4, 0x39, 0x6A, 0x1D, 0xA7, 0xAA,
    0xE6, 0x51, 0xF7, 0xAA, 0x7B, 0xD4, 0x3F, 0x0A, 0x40, 0x35, 0xA2, 0x08, 0x50, 0x06, 0x28, 0x04,
    0x94, 0x82, 0x62, 0x38, 0x7E, 0x6B, 0x41, 0x83, 0xD5, 0x58, 0x35, 0x54, 0x8D, 0x54, 0x03, 0xD5,
    0x38, 0x37, 0x28, 0x4A, 0x05, 0xC1, 0x82, 0x70, 0x41, 0xC0, 0x20, 0x64, 0x10, 0x34, 0xEC, 0x44,
    0x04, 0x0E, 0x42, 0x07, 0xC1, 0x83, 0xF0, 0x41, 0x00, 0x21, 0x84, 0x14, 0x91, 0x32, 0x5A, 0x21,
    0x6D, 0x08, 0x72, 0xCE, 0x7B, 0x61, 0x90, 0x73, 0x42, 0x21, 0xDC, 0x63, 0x11, 0xF3, 0x27, 0x46,
    0xF7, 0xE6, 0x27, 0xDA, 0x25, 0xB7, 0xEC, 0xB8, 0xD6, 0x1A, 0xB4, 0x71, 0x81, 0x46, 0x1A, 0xAF,
    0x87, 0x5F, 0x1D, 0xB8, 0xB5, 0x01, 0x76, 0x5B, 0xD3, 0xA1, 0xCD, 0x1E, 0xE8, 0x20, 0x01, 0x4E,
    0x9A, 0x32, 0xB4, 0xBD, 0x60, 0x0E, 0x76, 0x28, 0x67, 0x6C, 0x6F, 0xF6, 0x7F, 0xB5, 0xDC, 0xDF,
    0x79, 0x0D, 0x25, 0x43, 0xB1, 0x4D, 0xF9, 0x2E, 0xB2, 0xCB, 0xEF, 0x7F, 0x9A, 0xCC, 0x54, 0xE7,
    0x70, 0x5E, 0x0F, 0x26, 0xCB, 0x2C, 0xBC, 0xD0, 0x73, 0xE7, 0x25, 0x17, 0x3A, 0x4C, 0x32, 0xD3,
    0xEE, 0x42, 0xBB, 0x61, 0xC1, 0xE4, 0x45, 0xEC, 0xFF, 0xC6, 0xA3, 0x83, 0x27, 0x00, 0x22, 0x42,
    0x60, 0xE6, 0x96, 0xC3, 0x25, 0x62, 0xFB, 0xF3, 0xB4, 0xFB, 0xD5, 0x70, 0x01, 0xA1, 0xCD, 0x5E,
    0x28, 0x6C, 0x6F, 0x49, 0x51, 0x3F, 0xE6, 0xAD, 0xAD, 0x2E, 0x2F, 0xD0, 0xE6, 0x3C, 0x62, 0xA2,
    0x99, 0xD1, 0x1A, 0x42, 0x15, 0x49, 0xD8, 0x51, 0x24, 0xA8, 0x14, 0x49, 0xC7, 0x44, 0xD6, 0xA4,
    0x03, 0x2E, 0x67, 0x2E, 0x24, 0x82, 0x33, 0x11, 0xBA, 0x72, 0x86, 0xF3, 0x42, 0x67, 0x55, 0x82,
    0xC4, 0x22, 0xB2, 0xA3, 0x4C, 0x38, 0xFF, 0xEC, 0xE2, 0xDB, 0x61, 0x97, 0x63, 0x3D, 0xC1, 0x6D,
    0xA0, 0x63, 0x4B, 0x47, 0x55, 0xCF, 0x56, 0xD5, 0x1C, 0x77, 0x74, 0x1F, 0xE7, 0x50, 0xFD, 0xC7,
    0xF7, 0x83, 0xF9, 0x4F, 0xEB, 0xAB, 0x19, 0xEA, 0xE3, 0x32, 0x90, 0x86, 0xEF, 0x3E, 0x63, 0x9B,
    0x7E, 0x8D, 0x26, 0xD8, 0xF6, 0x35, 0xF3, 0xF1, 0xBE, 0xD5, 0x03, 0x05, 0x50, 0x2D, 0x75, 0xAC,
    0xB2, 0x4B, 0xBC, 0xFE, 0x4E, 0xE2, 0x34, 0x4C, 0x74, 0x3D, 0xEC, 0x80, 0xE5, 0xC9, 0xEA, 0x09,
    0x80, 0x62, 0x69, 0x3C, 0x9C, 0x02, 0x27, 0xC0, 0x4F, 0x01, 0x0F, 0xDB, 0xD9, 0xEE, 0x70, 0x07,
    0xF8, 0x68, 0x02, 0xF2, 0x08, 0xB8, 0xED, 0x6C, 0xF7, 0x3A, 0x51, 0xDC, 0xE0, 0x16, 0xB6, 0x88,
    0xD4, 0x1F, 0x68, 0x92, 0xA3, 0xDC, 0x03, 0x77, 0xAF, 0x66, 0x3C, 0x57, 0x3B, 0xDD, 0xF1, 0x56,
    0xBD, 0x3F, 0x5C, 0xBB, 0x57, 0x79, 0x02, 0xF7, 0xEF, 0xCB, 0x41, 0x61, 0xAC, 0x9C, 0x79, 0x49,
    0x04, 0xCA, 0xB4, 0x15, 0x33, 0x72, 0x0F, 0xB8, 0x09, 0xB0, 0x0B, 0xEB, 0x31, 0x39, 0x6E, 0x04,
    0x6C, 0x04, 0xCC, 0xC4, 0xCB, 0x22, 0x69, 0x95, 0xC8, 0x8E, 0x7A, 0xC4, 0x0D, 0x5D, 0x4F, 0x9D,
    0xF7, 0x1B, 0xD8, 0xE2, 0x6C, 0xB5, 0x10, 0xC0, 0x01, 0xD3, 0x36, 0x24, 0xB4, 0x09, 0x96, 0x9D,
    0xD7, 0x27, 0x73, 0x90, 0x27, 0xF3, 0x57, 0x04, 0x38, 0x66, 0x0F, 0x45, 0x1E, 0xC0, 0xCD, 0x60,
    0x12, 0xB0, 0xF0, 0x32, 0xA7, 0xDC, 0xD3, 0xFB, 0x1E, 0xEE, 0x6F, 0x66, 0x6C, 0x1E, 0x60, 0x3B,
    0x1F, 0x96, 0x88, 0xD6, 0x58, 0x53, 0x02, 0x33, 0xDE, 0x81, 0x82, 0x1B, 0x4F, 0xC7, 0xF0, 0x5D,
    0x74, 0x44, 0xAB, 0x0C, 0xCD, 0xF7, 0x3D, 0xF7, 0xAA, 0xC0, 0x19, 0xFE, 0x8A, 0x0C, 0x5F, 0xB7,
    0xA5, 0xEF, 0x01, 0xB8, 0xED, 0xD8, 0xB0, 0x12, 0xA9, 0x83, 0x04, 0xD0, 0x43, 0xBD, 0xBF, 0x0A,
    0x53, 0xEF, 0x00, 0x7B, 0xC0, 0x01, 0x0D, 0xD0, 0x42, 0xB3, 0xAC, 0xCB, 0x39, 0xFD, 0xAE, 0x60,
    0xCB, 0x08, 0xF6, 0xCD, 0x00, 0x26, 0xB3, 0xFE, 0x32, 0xCE, 0x9E, 0xC6, 0xE8, 0x3E, 0xEE, 0xBB,
    0x7B, 0x15, 0xA3, 0x2B, 0x27, 0x6E, 0xD1, 0x89, 0x9C, 0x14, 0xC9, 0x8C, 0xAF, 0x96, 0x73, 0x39,
    0x44, 0x33, 0x95, 0xE1, 0xCC, 0x44, 0x3C, 0xE6, 0x09, 0x4A, 0xC1, 0xFE, 0x31, 0xF5, 0xE0, 0x6F,
    0xE4, 0x33, 0xE8, 0x72, 0x04, 0x46, 0x50, 0x44, 0xEB, 0xDF, 0x3A, 0x80, 0x53, 0xC0, 0xA5, 0x4B,
    0x2C, 0x14, 0x60, 0xF5, 0x3A, 0xA5, 0xCC, 0xB3, 0xCD, 0xE9, 0xB3, 0x0E, 0x33, 0x6C, 0x38, 0xB8,
    0x72, 0x30, 0xD9, 0x97, 0x03, 0x26, 0x52, 0x24, 0x78, 0x08, 0x89, 0xDD, 0x84, 0x18, 0xC4, 0x17,
    0x1E, 0x26, 0xEB, 0xE1, 0xE4, 0xB5, 0xCB, 0xD1, 0x68, 0x2E, 0xCF, 0x47, 0xE1, 0x3A, 0xFD, 0x03,
    0x38, 0xB8, 0xC7, 0xAD, 0x89, 0x38, 0x12, 0x7B, 0x33, 0xD2, 0xE6, 0x3E, 0xE7, 0xF0, 0x7B, 0x2B,
    0x53, 0xAF, 0x41, 0x3A, 0xB8, 0x72, 0x92, 0xE0, 0x6F, 0x7E, 0x9E, 0x80, 0x5D, 0xCE, 0x91, 0xE7,
    0x77, 0x1F, 0xBE, 0xF5, 0x07, 0x06, 0x7C, 0x03, 0x4E, 0xF4, 0x9A, 0xA9, 0xF3, 0xE8, 0x72, 0x3C,
    0xAC, 0x4F, 0xE5, 0xDC, 0x3F, 0xF8, 0xD0, 0x4B, 0xD8, 0x12, 0xF3, 0xC1, 0x95, 0xB1, 0x7B, 0x84,
    0x3A, 0xFF, 0x1B, 0x80, 0xDD, 0x10, 0xA1, 0xC8, 0x79, 0x00, 0xF3, 0xE3, 0xDC, 0x1F, 0x95, 0x6F,
    0x5D, 0x1E, 0x6D, 0x0E, 0x2F, 0xE4, 0xBE, 0x5E, 0x7A, 0xDD, 0xFC, 0x61, 0x26, 0xD5, 0x48, 0x31,
    0x8A, 0x96, 0x03, 0x75, 0xC4, 0x04, 0x31, 0x23, 0x1A, 0x56, 0xAD, 0x7A, 0x9A, 0x40, 0xED, 0xC5,
    0x90, 0x15, 0x47, 0xAA, 0xAC, 0xFA, 0x92, 0xEA, 0x09, 0x74, 0xAA, 0x0E, 0xDE, 0x05, 0xD7, 0xEB,
    0x77, 0x7A, 0xD9, 0x05, 0x28, 0xF3, 0xC2, 0xE5, 0x1C, 0x58, 0xCF, 0x6F, 0xBF, 0xC5, 0x69, 0x4E,
    0xFC, 0xD4, 0x49, 0xB0, 0x00, 0xB8, 0xC8, 0x43, 0x17, 0x49, 0x46, 0xEF, 0x72, 0xAE, 0x46, 0x33,
    0xD5, 0xBA, 0xA7, 0x93, 0xBB, 0x8A, 0xB6, 0xAF, 0x87, 0x56, 0xCF, 0x86, 0x75, 0xE5, 0x1F, 0x1C,
    0xBF, 0x0A, 0xCE, 0x7C, 0x10, 0x5C, 0xB6, 0xD9, 0xA6, 0x3A, 0x15, 0x1E, 0x0F, 0xF7, 0xEF, 0xA3,
    0xEE, 0x41, 0x76, 0x70, 0x5F, 0x2A, 0xDF, 0x5F, 0xBD, 0xFF, 0x36, 0xED, 0xBA, 0xB3, 0xBB, 0x32,
    0xBF, 0x83, 0xF1, 0x40, 0xB4, 0x00, 0xDD, 0x02, 0xE0, 0x66, 0x14, 0xF2, 0x97, 0xCA, 0xFB, 0xD7,
    0xF8, 0xFF, 0x58, 0xA2, 0x66, 0x41, 0x93, 0x3D, 0xDC, 0xE5, 0xEA, 0x18, 0x54, 0x11, 0xC0, 0xED,
    0x01, 0x4E, 0x2C, 0xC0, 0xAB, 0xAA, 0x27, 0xAA, 0x6D, 0x02, 0xF8, 0xCA, 0xF8, 0xA5, 0xE2, 0x81,
    0x2E, 0x1F, 0x7A, 0xAC, 0xFC, 0xEA, 0x32, 0x68, 0x6B, 0x72, 0x0F, 0x7F, 0x7F, 0x85, 0x5C, 0x8A,
    0x33, 0xA1, 0x6C, 0x7F, 0x3E, 0x03, 0xED, 0x5F, 0x8E, 0xC0, 0x6B, 0xB6, 0x07, 0xE2, 0x1D, 0x00,
    0x7F, 0xEB, 0xCB, 0x45, 0xE4, 0xB6, 0xB4, 0x7B, 0xD7, 0x63, 0xA6, 0xD7, 0xA1, 0x1A, 0x26, 0xB0,
    0x66, 0x80, 0x1B, 0x05, 0x6C, 0x50, 0x44, 0x12, 0x46, 0x44, 0xB8, 0x20, 0x60, 0x8E, 0x0E, 0x73,
    0xAB, 0x88, 0xC0, 0x41, 0xE8, 0x20, 0x78, 0x10, 0x3E, 0x08, 0x20, 0x84, 0x10, 0x82, 0x08, 0x61,
    0x84, 0x40, 0x7A, 0xDA, 0xDE, 0xED, 0xC0, 0x56, 0xD3, 0x4D, 0x8F, 0x68, 0x8E, 0x00, 0x6E, 0xBC,
    0x92, 0x19, 0x51, 0x07, 0xB8, 0x03, 0xCC, 0xC0, 0x04, 0xA4, 0xB5, 0x03, 0x37, 0xC0, 0xB6, 0xC0,
    0x31, 0xE9, 0xA0, 0xF0, 0x00, 0xB4, 0x0D, 0x00, 0x3C, 0xAC, 0x7B, 0x00, 0xCE, 0x0A, 0x7F, 0xF4,
    0x76, 0x82, 0x19, 0x8A, 0x9C, 0xDA, 0xC5, 0x57, 0x23, 0xBB, 0x7F, 0x13, 0xF6, 0x23, 0x0D, 0x17,
    0x6D, 0x13, 0x79, 0x49, 0xE8, 0xB9, 0xC8, 0x89, 0xB4, 0x5D, 0xE4, 0x5D, 0x69, 0x3F, 0x8E, 0xCA,
    0xB6, 0xF8, 0x65, 0x2C, 0x85, 0xAE, 0x79, 0x3F, 0x1A, 0x2D, 0x6E, 0xBC, 0x11, 0x6B, 0x19, 0x78,
    0x6B, 0xA2, 0x85, 0x72, 0xFE, 0x8E, 0x89, 0x2F, 0x49, 0x7B, 0x62, 0xA6, 0x13, 0x69, 0x5F, 0x2D,
    0xA7, 0x77, 0xA1, 0x48, 0x17, 0xC6, 0x23, 0xDA, 0x7E, 0x32, 0x02, 0x4B, 0x28, 0x3E, 0x0D, 0x40,
    0x0E, 0x45, 0xEE, 0xA5, 0xD5, 0x4B, 0x65, 0x01, 0x48, 0xC7, 0x5B, 0x26, 0x32, 0xA0, 0xE9, 0x67,
    0x3D, 0x95, 0xD7, 0x63, 0xF9, 0xA3, 0x7F, 0xB4, 0xD4, 0x17, 0x6F, 0x17, 0x71, 0x17, 0x4C, 0x34,
    0x93, 0x50, 0xE5, 0x42, 0xED, 0xB4, 0x6A, 0xB4, 0xE1, 0x8E, 0xEA, 0x9F, 0x4E, 0x65, 0xB0, 0xE1,
    0xA3, 0xD9, 0x5C, 0xE8, 0x30, 0xD7, 0xD8, 0xF7, 0xC3, 0xFC, 0xF5, 0x0B, 0xF5, 0xF3, 0x09, 0xF6,
    0x03, 0xE6, 0x77, 0xB0, 0xFF, 0x42, 0x1A, 0xA9, 0x13, 0x39, 0x50, 0x4F, 0x64, 0xD0, 0xB2, 0x0C,
    0xC0, 0x76, 0xB4, 0x8C, 0x0B, 0x1A, 0x3A, 0x98, 0x0B, 0x2A, 0xD8, 0x7E, 0x5A, 0xD7, 0xC2, 0x00,
    0xBB, 0xFC, 0x67, 0x39, 0x75, 0x9F, 0xF0, 0x60, 0xB2, 0xA3, 0x4C, 0xE8, 0x48, 0x8B, 0x51, 0x96,
    0x33, 0x91, 0x22, 0x49, 0xDC, 0xA9, 0xEA, 0x61, 0xB1, 0x40, 0x77, 0x02, 0xB8, 0x49, 0x64, 0xFC,
    0x1F, 0x97, 0x4A, 0x0B, 0xF0, 0x7F, 0xF2, 0xD9, 0xBA, 0xAD, 0x3D, 0x7E, 0x5D, 0xA1, 0x87, 0xFA,
    0x67, 0x01, 0xDA, 0x72, 0xDC, 0x2A, 0xFD, 0xD0, 0x8E, 0x3C, 0xA4, 0x8D, 0x85, 0x56, 0x98, 0x16,
    0x09, 0xE1, 0x94, 0x22, 0x71, 0x07, 0x12, 0x27, 0xB0, 0xE7, 0x21, 0x74, 0x4C, 0xE0, 0x88, 0xE0,
    0x24, 0xB6, 0xF6, 0x8D, 0x80, 0xB0, 0x00, 0xFB, 0xAF, 0x22, 0x09, 0xA8, 0x7E, 0x77, 0x4C, 0x16,
    0x00, 0xEB, 0xD7, 0x99, 0x5F, 0x24, 0xC0, 0x5E, 0x16, 0x09, 0x77, 0x33, 0x80, 0x09, 0xEF, 0x80,
    0x1D, 0x12, 0xD8, 0x90, 0xA0, 0xF4, 0x3F, 0x00, 0xE0, 0xFA, 0xE1, 0x68, 0x72, 0x72, 0x3D, 0xF0,
    0x3A, 0x80, 0x5A, 0x08, 0x40, 0xC1, 0x96, 0x3C, 0xA5, 0xFE, 0x95, 0x73, 0x22, 0x89, 0x43, 0xFD,
    0x0A, 0x8C, 0xB8, 0x80, 0x27, 0x03, 0xE5, 0xE6, 0xDC, 0x8E, 0xDB, 0x98, 0x1F, 0xFD, 0xFF, 0x66,
    0xB8, 0xEC, 0x61, 0xDD, 0xF9, 0x98, 0xA0, 0x09, 0xA7, 0x19, 0xA8, 0x7B, 0xF7, 0xE1, 0xFD, 0x9D,
    0x97, 0xEA, 0xD8, 0xE3, 0xFF, 0x51, 0x5F, 0x97, 0x67, 0xF2, 0xC5, 0x1D, 0xAB, 0x58, 0x04, 0x1B,
    0x8A, 0x5E, 0xBC, 0x2D, 0x28, 0x5A, 0x73, 0xF9, 0x11, 0xCF, 0x5A, 0xAF, 0x7C, 0xDB, 0x44, 0x46,
    0x3B, 0x98, 0xA1, 0xCD, 0x39, 0xB8, 0x8B, 0x1B, 0x60, 0xAB, 0x24, 0x6C, 0x52, 0xF4, 0x00, 0xD7,
    0xEF, 0x93, 0x15, 0x76, 0x06, 0xCE, 0xB7, 0xD5, 0xEB, 0xD5, 0xF8, 0xD4, 0x37, 0x5B, 0xAC, 0x9F,
    0xC0, 0xFC, 0x6C, 0x58, 0x67, 0x3C, 0x0B, 0xC0, 0xDD, 0x6B, 0xF7, 0xA9, 0x69, 0xE7, 0xA4, 0x96,
    0x90, 0x1D, 0x60, 0x93, 0x88, 0x82, 0xF7, 0x07, 0x76, 0xD5, 0xAF, 0x18, 0x46, 0x1C, 0xA3, 0x96,
    0x61, 0x41, 0x1D, 0x8A, 0xEB, 0xC3, 0xF7, 0x7A, 0xD8, 0x81, 0x3A, 0x47, 0xAC, 0x23, 0xDE, 0x11,
    0xF3, 0x38, 0x11, 0xE0, 0xAB, 0x6F, 0x01, 0x59, 0x69, 0x25, 0xA8, 0x86, 0x7B, 0x60, 0xC3, 0x73,
    0x22, 0x97, 0x55, 0xD0, 0xF6, 0xE8, 0x5B, 0xF1, 0xE8, 0xFB, 0x4E, 0x87, 0x52, 0x4C, 0x1A, 0xC1,
    0xA3, 0x6F, 0x1B, 0xD5, 0xC7, 0x7B, 0x37, 0x91, 0x83, 0x5F, 0xFC, 0x1A, 0xF0, 0x42, 0x02, 0xDC,
    0x00, 0xFC, 0x37, 0x74, 0x95, 0x81, 0x87, 0xE6, 0x46, 0x18, 0xC6, 0x7F, 0xC9, 0xDC, 0x0A, 0x82,
    0x39, 0x5C, 0x41, 0xAB, 0x81, 0x03, 0xAA, 0x17, 0x28, 0xE0, 0x5B, 0x13, 0xFD, 0x07, 0x5A, 0x14,
    0x80, 0x1E, 0x00, 0x45, 0x01, 0x0A, 0xDD, 0x84, 0xFE, 0x37, 0x57, 0xB5, 0x45, 0xB1, 0xB8, 0xDD,
    0x6F, 0xE8, 0x1F, 0x70, 0x01, 0x05, 0x68, 0x00, 0x55, 0xE8, 0x9C, 0xA6, 0x2E, 0x6A, 0x92, 0x69,
    0xDE, 0x37, 0xE3, 0x63, 0xB9, 0x0E, 0x79, 0x9E, 0xF7, 0xC8, 0x3B, 0xF9, 0x7E, 0x8F, 0xE7, 0x2C,
    0x00, 0xCF, 0x55, 0x37, 0x38, 0x6F, 0x24, 0xEA, 0xED, 0x3C, 0x5E, 0xE3, 0xBC, 0x09, 0x27, 0x36,
    0x8A, 0x2D, 0x98, 0x08, 0xA9, 0xAB, 0x02, 0x6C, 0xD8, 0x09, 0xCE, 0x34, 0x5E, 0xD4, 0x1D, 0xDA,
    0x41, 0xA2, 0x07, 0x36, 0xD5, 0x95, 0x33, 0x14, 0x51, 0xD4, 0x1C, 0x1A, 0xE8, 0xC1, 0x06, 0x1C,
    0xB2, 0xD8, 0x0E, 0xB2, 0x62, 0xC7, 0x62, 0x05, 0xB3, 0x7E, 0x1B, 0x80, 0x73, 0x1A, 0x80, 0xE2,
    0x4B, 0x8E, 0xD3, 0x01, 0x66, 0x16, 0x59, 0xA8, 0xB7, 0x62, 0x26, 0x25, 0x1F, 0xCC, 0x5C, 0xBD,
    0xF3, 0x76, 0x34, 0x2B, 0x8D, 0x37, 0x33, 0xAE, 0x2B, 0x17, 0x9C, 0xBC, 0x71, 0x16, 0xD9, 0x64,
    0x61, 0xC5, 0x84, 0x5D, 0x2A, 0x11, 0xEB, 0x79, 0x90, 0xAF, 0x39, 0x1C, 0xB4, 0xBF, 0x45, 0xA8,
    0xD2, 0x04, 0x3C, 0x23, 0x9F, 0x97, 0xAA, 0xD1, 0xA5, 0xC9, 0xCE, 0xF1, 0x93, 0x34, 0xD4, 0xE1,
    0xB5, 0x70, 0x86, 0xD9, 0xCC, 0xF0, 0x6E, 0x32, 0x81, 0x22, 0xB1, 0x6B, 0x39, 0x52, 0x07, 0x8C,
    0xC7, 0x8E, 0xAA, 0x3E, 0x6B, 0x35, 0xC8, 0xF5, 0x75, 0x27, 0x3C, 0x16, 0x41, 0x12, 0x25, 0xEB,
    0x0B, 0xD5, 0x13, 0xF4, 0xA2, 0x32, 0xDF, 0x81, 0x1B, 0xCA, 0x00, 0x76, 0x3B, 0x7B, 0x28, 0xD3,
    0x06, 0x70, 0xD5, 0x71, 0x9C, 0x27, 0x22, 0xBD, 0x8A, 0x0B, 0xBC, 0x76, 0xBB, 0xC4, 0x6B, 0xB3,
    0xCB, 0x62, 0x42, 0x99, 0x7C, 0x35, 0x99, 0x99, 0x7A, 0x34, 0x01, 0xEB, 0x55, 0xAA, 0x5D, 0x86,
    0x7A, 0xA4, 0xED, 0xAC, 0xC7, 0x65, 0x52, 0x91, 0xBF, 0x76, 0x31, 0x6F, 0x76, 0x49, 0x36, 0x61,
    0x63, 0x1D, 0x29, 0x3A, 0x3A, 0xC8, 0xA7, 0x2B, 0x2E, 0x63, 0x68, 0x2F, 0xE3, 0x12, 0x2F, 0xA3,
    0x0B, 0x5C, 0x46, 0x7F, 0x19, 0xAF, 0x78, 0x74, 0xFA, 0x94, 0x3A, 0x6C, 0x4A, 0x69, 0xA0, 0x4D,
    0x69, 0xD6, 0xB1, 0xC3, 0x84, 0x62, 0xA5, 0x85, 0x8D, 0x7D, 0xC4, 0x71, 0xC2, 0x48, 0xEE, 0x81,
    0xD6, 0x9F, 0xB0, 0x82, 0x3E, 0xD1, 0xF8, 0xA7, 0x7A, 0xAF, 0xD5, 0x10, 0xE9, 0xBB, 0x63, 0x1C,
    0x91, 0x3A, 0xD0, 0xE8, 0x28, 0x5B, 0x1A, 0xAB, 0xD7, 0x2D, 0xCD, 0xD6, 0xEB, 0x56, 0xAE, 0xD0,
    0x99, 0x63, 0x6C, 0xBD, 0x6E, 0xD1, 0xCB, 0x3B, 0x66, 0x01, 0x78, 0x80, 0xFE, 0xD8, 0x62, 0x85,
    0x2D, 0x33, 0xC4, 0x5C, 0xC5, 0x9F, 0x65, 0xAC, 0x83, 0x6C, 0x05, 0xCA, 0x48, 0xEF, 0xCD, 0x42,
    0x11, 0xF8, 0x70, 0xBB, 0xDD, 0xB0, 0xFF, 0xBE, 0xBA, 0x9D, 0x38, 0xA7, 0x34, 0xD1, 0xA4, 0x94,
    0x2E, 0xF0, 0xCF, 0xC8, 0xC5, 0xE4, 0x53, 0x33, 0x1D, 0xE8, 0xD8, 0xAF, 0x33, 0x39, 0xB5, 0xD2,
    0x6A, 0x99, 0x63, 0xE6, 0xD6, 0x26, 0x2B, 0x36, 0x90, 0xA9, 0x9B, 0xB4, 0x65, 0x68, 0x97, 0x52,
    0x66, 0xBE, 0x26, 0x66, 0xE4, 0xCF, 0xCC, 0x9C, 0x89, 0x5F, 0xDA, 0x29, 0x03, 0xCB, 0x7A, 0xE6,
    0xED, 0xC9, 0xB8, 0xC4, 0x0B, 0xED, 0x4C, 0x86, 0xAD, 0xA7, 0xCC, 0x2A, 0x6F, 0x66, 0x54, 0xC7,
    0x47, 0x07, 0x29, 0x2B, 0xA7, 0x0B, 0xE8, 0xDD, 0xC1, 0x59, 0xA7, 0x14, 0x0E, 0x4C, 0x2B, 0x93,
    0x9E, 0x82, 0x2B, 0xA8, 0x13, 0x66, 0xBC, 0x06, 0x12, 0xBC, 0xCD, 0xF7, 0xA7, 0x09, 0xB8, 0xCF,
    0x5D, 0x88, 0xF0, 0x01, 0x87, 0x23, 0xE4, 0xB1, 0x94, 0x5B, 0xFA, 0xDB, 0xD9, 0xEC, 0x5E, 0x2E,
    0x26, 0x18, 0xDF, 0xFA, 0x2A, 0x98, 0x50, 0xE3, 0xB4, 0xA8, 0x57, 0xC4, 0x1D, 0xAB, 0x9A, 0x30,
    0x33, 0x8E, 0x5A, 0xFF, 0x2B, 0xF5, 0xC2, 0xD6, 0x78, 0x1E, 0xC4, 0x1D, 0xAC, 0xF2, 0x8F, 0x55,
    0xDC, 0x0D, 0xE5, 0x22, 0xDE, 0x77, 0x55, 0x28, 0x87, 0x95, 0x24, 0x77, 0x0C, 0x67, 0x73, 0xEE,
    0x1C, 0x16, 0x97, 0xDC, 0x96, 0x52, 0xA2, 0x59, 0xEC, 0x22, 0x5E, 0x74, 0x45, 0x97, 0xCB, 0xE8,
    0xA9, 0x52, 0xA4, 0xDD, 0x06, 0xCA, 0xF4, 0x07, 0x1A, 0x8D, 0x93, 0x3A, 0x8A, 0x43, 0x25, 0xDE,
    0x83, 0x9D, 0x14, 0x49, 0x7B, 0xC7, 0x9A, 0x3D, 0x92, 0x63, 0xD3, 0xFC, 0x29, 0x17, 0x5D, 0xD5,
    0x3B, 0x1C, 0xC8, 0x1D, 0x17, 0xEF, 0x91, 0xBB, 0xF4, 0x8A, 0x4E, 0x42, 0x5F, 0x29, 0x46, 0x3B,
    0x6A, 0xE2, 0xDE, 0xFA, 0x8B, 0x97, 0x11, 0xEB, 0x1B, 0xBF, 0x67, 0xFD, 0xEA, 0x3C, 0xB4, 0x83,
    0x24, 0x9D, 0xF4, 0xCE, 0x5C, 0xDA, 0x47, 0xFE, 0x90, 0x3D, 0x1E, 0x66, 0x66, 0xB5, 0xF2, 0x76,
    0x52, 0x37, 0xA9, 0xE3, 0xF1, 0xB9, 0x57, 0x5A, 0x36, 0x85, 0x65, 0x3D, 0x16, 0x9E, 0x1F, 0xA8,
    0x99, 0xF4, 0x00, 0x6D, 0x67, 0xE5, 0xCB, 0x66, 0x02, 0x8D, 0x9A, 0x40, 0x8A, 0xB9, 0x0E, 0xAA,
    0x09, 0x07, 0xD4, 0xA3, 0x9A, 0xF5, 0xF4, 0x6A, 0xCA, 0xB7, 0x9B, 0xE0, 0xB5, 0x9D, 0x52, 0x39,
    0xB2, 0x29, 0x9B, 0x3B, 0xD0, 0x6E, 0x0E, 0xB2, 0xFB, 0x47, 0x00, 0x87, 0x15, 0x8B, 0x9A, 0x09,
    0x87, 0x29, 0x4C, 0x71, 0xEB, 0xC5, 0xCC, 0x96, 0x03, 0x88, 0xC4, 0x6A, 0x26, 0x9A, 0xA0, 0xCF,
    0x4B, 0x13, 0xF4, 0x07, 0x51, 0x8F, 0x2E, 0x58, 0x2F, 0x4F, 0x25, 0xCF, 0xD4, 0x0C, 0xF5, 0xD8,
    0x76, 0xF2, 0xD1, 0xFC, 0xD0, 0x0C, 0x37, 0xB4, 0xDD, 0x3D, 0x8E, 0x78, 0x79, 0x6E, 0x48, 0xF3,
    0x1E, 0xCD, 0x18, 0x79, 0x42, 0x3C, 0xBE, 0x5F, 0xCE, 0x60, 0x82, 0xE2, 0x95, 0xE7, 0x01, 0xB3,
    0x02, 0xFD, 0x4C, 0x93, 0x7E, 0x4D, 0x2B, 0x6D, 0xA4, 0xDE, 0x3E, 0x4F, 0x0B, 0x26, 0x82, 0xA6,
    0x61, 0x92, 0x0E, 0x50, 0x25, 0x8A, 0x49, 0xEB, 0xD2, 0x0F, 0xE5, 0xA8, 0x7D, 0x69, 0xBC, 0xF1,
    0x5A, 0x18, 0x3B, 0x1A, 0xAF, 0x8D, 0xA9, 0x43, 0xA5, 0xC3, 0x0B, 0x33, 0xD7, 0x43, 0x11, 0xE1,
    0x54, 0x46, 0xAB, 0xE5, 0x39, 0xB1, 0x0F, 0x66, 0x96, 0x61, 0xDB, 0x87, 0x00, 0xDF, 0xD1, 0x7F,
    0xAC, 0xC3, 0x2F, 0xB8, 0x9F, 0xA8, 0x02, 0x04, 0x9A, 0x48, 0x3D, 0xCA, 0x60, 0x25, 0x50, 0x19,
    0x6A, 0x1D, 0xCA, 0x09, 0xB3, 0x20, 0xE5, 0xF9, 0x47, 0x2E, 0xD1, 0xF6, 0xE4, 0x1F, 0xF8, 0xB8,
    0x37, 0x32, 0x3C, 0x6E, 0x10, 0x31, 0x7B, 0xB9, 0x64, 0xBF, 0x0D, 0xFC, 0x4F, 0x8B, 0xE0, 0xFB,
    0x23, 0x0B, 0x9F, 0x8E, 0x28, 0xBA, 0x35, 0x27, 0xF1, 0x3C, 0x07, 0x91, 0x73, 0x20, 0xC7, 0xD0,
    0xCE, 0x47, 0x0A, 0xE2, 0x12, 0x82, 0x09, 0x9A, 0x81, 0xB8, 0x46, 0xB0, 0xBB, 0x26, 0x50, 0x4D,
    0x1A, 0x80, 0xC0, 0x29, 0xBF, 0xF5, 0x8A, 0x2F, 0x2E, 0xF4, 0xE2, 0x0A, 0xDF, 0x0C, 0x07, 0x7B,
    0xDB, 0x1D, 0xE8, 0x2E, 0x93, 0xBB, 0x0C, 0xEE, 0x32, 0xF7, 0xCD, 0x85, 0xED, 0xBD, 0x5E, 0xCE,
    0x5C, 0x8A, 0x96, 0x2B, 0x96, 0x3B, 0xF6, 0xE8, 0x34, 0x83, 0x5A, 0xEB, 0x0F, 0x1B, 0xDE, 0xF7,
    0x17, 0x0D, 0x17, 0x9C, 0xAF, 0x36, 0xDC, 0xDB, 0x14, 0x76, 0xAB, 0xFE, 0xFE, 0x21, 0xB0, 0x62,
    0x56, 0x33, 0x13, 0xA9, 0x16, 0xA9, 0x29, 0x75, 0x50, 0xB3, 0xA3, 0x09, 0xC5, 0x82, 0xB4, 0xB3,
    0x9C, 0x77, 0xAB, 0x47, 0x89, 0x63, 0xB0, 0x7E, 0x37, 0xC7, 0xC5, 0xAA, 0x49, 0xAD, 0x1E, 0xB9,
    0xA1, 0xF1, 0xD6, 0x73, 0x8F, 0x4D, 0xBB, 0x45, 0xEA, 0xB8, 0x1B, 0xD0, 0xB5, 0x9D, 0x18, 0x4E,
    0x35, 0x5B, 0x66, 0xCE, 0x88, 0xDF, 0x04, 0xB5, 0xF3, 0xA0, 0xF6, 0x84, 0xA7, 0x80, 0x2D, 0x02,
    0x50, 0xBF, 0xF1, 0x80, 0x49, 0x88, 0x46, 0x51, 0xBE, 0x82, 0x0B, 0x72, 0x27, 0xEA, 0x74, 0xAD,
    0xF7, 0xA2, 0x49, 0xB4, 0xFC, 0x5D, 0x97, 0x74, 0xD5, 0x7E, 0x31, 0x22, 0x55, 0x9E, 0x80, 0x53,
    0x15, 0x80, 0x3B, 0x23, 0x1A, 0x44, 0xCD, 0x28, 0x5A, 0xFD, 0xF9, 0x63, 0x00, 0x9B, 0xD2, 0x0C,
    0x6D, 0xAE, 0xB7, 0xB4, 0xFD, 0x0E, 0x76, 0x0D, 0xA2, 0x66, 0x12, 0x6D, 0x66, 0xAA, 0xD4, 0x9D,
    0x13, 0xFF, 0x95, 0x6F, 0x05, 0x90, 0x96, 0x5C, 0x67, 0xF8, 0x9B, 0x99, 0x7D, 0x7B, 0x93, 0x0E,
    0x99, 0x20, 0x4F, 0x68, 0xDA, 0xBD, 0x45, 0x81, 0x6C, 0x7A, 0xA1, 0x58, 0xBC, 0xF7, 0xCE, 0x64,
    0x03, 0x08, 0x7A, 0x91, 0x05, 0xA8, 0xA2, 0xA0, 0x68, 0x21, 0xD8, 0xF2, 0xD6, 0x5C, 0x59, 0x14,
    0xD0, 0x00, 0x50, 0x0A, 0x8A, 0xF6, 0x05, 0x09, 0xA0, 0xE5, 0xED, 0x9B, 0xB3, 0x0D, 0x8A, 0xC0,
    0xB4, 0x2D, 0x45, 0x91, 0x5B, 0x4D, 0x53, 0x92, 0x92, 0xA3, 0xBD, 0x95, 0x9B, 0x64, 0xE6, 0x9E,
    0xDE, 0xEF, 0x9B, 0xE3, 0xA7, 0x57, 0xB6, 0x4B, 0xDD, 0x6C, 0x5E, 0xF4, 0xB9, 0xF3, 0xDD, 0xC9,
    0xCD, 0x7B, 0x77, 0xCE, 0xF9, 0xE6, 0x9C, 0xFF, 0xFF, 0xFE, 0xEF, 0x9F, 0x75, 0xD1, 0x27, 0x8D,
    0x11, 0xA6, 0x00, 0xCE, 0x7B, 0x31, 0x4B, 0xF0, 0xC6, 0xB9, 0x52, 0xC7, 0xD7, 0xC1, 0xBC, 0x01,
    0x26, 0x0D, 0x30, 0x63, 0x8C, 0xBC, 0x29, 0x57, 0x28, 0x51, 0x34, 0x8A, 0x44, 0x84, 0x94, 0x1F,
    0xDC, 0x42, 0x99, 0x01, 0x4C, 0x0B, 0x60, 0x4E, 0x50, 0x42, 0x50, 0x36, 0x48, 0xA9, 0xE0, 0xE1,
    0xD7, 0x55, 0xF0, 0x54, 0xE8, 0x4C, 0xFA, 0x52, 0x0B, 0x9D, 0x50, 0x2D, 0x09, 0x3E, 0x01, 0xAF,
    0x98, 0x16, 0x8A, 0xAB, 0x09, 0x48, 0x80, 0xC6, 0xB6, 0xDC, 0x60, 0x37, 0x89, 0x90, 0x13, 0x9E,
    0xD9, 0xD4, 0xD4, 0xB2, 0x7E, 0x1C, 0x4A, 0x16, 0x66, 0xA3, 0xB0, 0x6A, 0x02, 0x87, 0x61, 0xA3,
    0xE0, 0xB0, 0x78, 0x88, 0x66, 0x8B, 0x7A, 0xBC, 0xB0, 0x1D, 0xBA, 0x7D, 0xB3, 0x74, 0x4D, 0x3B,
    0x06, 0x90, 0x67, 0x70, 0x92, 0xC4, 0x2B, 0x40, 0xE1, 0x4F, 0x81, 0xFC, 0x1F, 0x21, 0xDD, 0x5E,
    0xB4, 0x35, 0x52, 0x86, 0x06, 0x24, 0xE6, 0xA5, 0xE5, 0x25, 0xE5, 0xA9, 0xE4, 0x7B, 0xAE, 0x93,
    0x41, 0x3A, 0x5E, 0x32, 0x5E, 0x2A, 0xDE, 0x09, 0xA8, 0xE1, 0x25, 0xE1, 0x09, 0x83, 0x04, 0xBC,
    0xF4, 0x3B, 0x21, 0x48, 0xBD, 0x4B, 0x89, 0x48, 0xBB, 0x4B, 0xBA, 0x4B, 0xB9, 0x4B, 0xB8, 0x53,
    0xED, 0x18, 0xF9, 0x1C, 0x74, 0xFF, 0xC0, 0x9B, 0x0E, 0x50, 0xCA, 0x63, 0x2B, 0xE5, 0x83, 0x76,
    0xD1, 0x43, 0xA5, 0x7C, 0xF9, 0x70, 0x29, 0x7F, 0xA0, 0xF7, 0xB2, 0x5E, 0x03, 0x28, 0xFE, 0xC8,
    0xCF, 0x73, 0x0E, 0x0A, 0x88, 0xFF, 0xB9, 0x27, 0x28, 0xF4, 0xA3, 0xA7, 0xD0, 0xDF, 0x2C, 0x14,
    0xEB, 0x78, 0x19, 0x62, 0x40, 0xB6, 0x7C, 0x64, 0x42, 0x5F, 0x0B, 0x35, 0x54, 0x5B, 0x38, 0x65,
    0xE2, 0x74, 0x5C, 0x85, 0xD3, 0xA5, 0xFD, 0x7F, 0xF1, 0x76, 0x4E, 0xE8, 0x51, 0x8C, 0x90, 0xAF,
    0xB1, 0x2F, 0xF1, 0x9F, 0xD6, 0xE6, 0xF7, 0xCE, 0x16, 0x30, 0xE1, 0x3F, 0x25, 0xF6, 0xAE, 0x26,
    0xAA, 0x1E, 0x78, 0xF2, 0xCA, 0xE5, 0x61, 0x8C, 0x78, 0xEB, 0x25, 0x54, 0xB1, 0xD7, 0xBB, 0xB4,
    0xCD, 0x2B, 0x01, 0xD3, 0x37, 0x57, 0xA8, 0x6E, 0x06, 0x00, 0x46, 0x19, 0x19, 0x23, 0x61, 0xE4,
    0x8B, 0x74, 0x91, 0x2D, 0x92, 0x25, 0x19, 0x61, 0x12, 0x62, 0xEA, 0xC9, 0x13, 0x69, 0x22, 0x4B,
    0x24, 0x89, 0x1C, 0x25, 0x8A, 0x32, 0x02, 0x87, 0x6F, 0xA1, 0xF8, 0x9C, 0xA0, 0x24, 0x88, 0x97,
    0x4B, 0x88, 0xA1, 0x85, 0xE1, 0xCB, 0x4F, 0x5C, 0xAE, 0x95, 0x85, 0x9F, 0x41, 0xD7, 0x2D, 0x3B,
    0x85, 0x0F, 0xFE, 0x49, 0x95, 0x2D, 0x31, 0xBB, 0x1B, 0x30, 0x7B, 0x21, 0xE0, 0x71, 0x2C, 0xF6,
    0xC7, 0x15, 0xB3, 0x10, 0x70, 0x54, 0x74, 0x24, 0x4C, 0xAB, 0xA6, 0xEC, 0x2D, 0x0F, 0x5F, 0x7E,
    0xAE, 0x32, 0x3C, 0x86, 0xC2, 0x9F, 0x23, 0xFB, 0x70, 0x09, 0xC4, 0x85, 0x52, 0x6E, 0xF5, 0x3C,
    0xD7, 0xD5, 0xF6, 0xD8, 0xF2, 0x75, 0x15, 0xAF, 0xEE, 0x8D, 0xAB, 0x14, 0xA5, 0x1C, 0x60, 0x59,
    0xB9, 0xF4, 0xC4, 0xBC, 0xFB, 0x42, 0x70, 0x75, 0x75, 0x31, 0x66, 0xC8, 0x3C, 0xA4, 0x0D, 0x71,
    0x9D, 0xC1, 0x36, 0xA0, 0xE2, 0x1E, 0x7C, 0x73, 0xBF, 0x5C, 0x35, 0x01, 0x45, 0x1C, 0x50, 0x2E,
    0x9A, 0xFA, 0x71, 0xA9, 0xB5, 0xCA, 0x0E, 0x6A, 0xD5, 0x3C, 0xB6, 0xBE, 0x5A, 0xCE, 0x16, 0x6E,
    0xC1, 0x4C, 0xD0, 0xA0, 0x45, 0x8F, 0x36, 0x5F, 0xC1, 0xBD, 0xD8, 0x61, 0x1A, 0xC7, 0x3C, 0x64,
    0x3F, 0x51, 0x49, 0xE0, 0xEC, 0xCC, 0x3E, 0xC8, 0xC2, 0x89, 0x0A, 0x2C, 0x47, 0x0C, 0x44, 0xD4,
    0x57, 0x2E, 0x85, 0x60, 0x4A, 0x31, 0x6E, 0xBD, 0x7D, 0x1F, 0x67, 0x30, 0x7D, 0x21, 0xC0, 0x6D,
    0x8F, 0x99, 0xBE, 0xDE, 0x14, 0x13, 0x05, 0x13, 0xF5, 0x12, 0xE5, 0x12, 0x79, 0xA5, 0x58, 0xA2,
    0x56, 0xA2, 0x54, 0xA2, 0x52, 0xA2, 0x50, 0xA2, 0x4E, 0xA2, 0x4C, 0xA2, 0x4A, 0xA2, 0x48, 0xA2,
    0x46, 0xA2, 0x44, 0xB2, 0x62, 0x19, 0x29, 0x07, 0x93, 0x1B, 0xFB, 0x04, 0x13, 0x8B, 0x7D, 0x42,
    0x7D, 0x72, 0x99, 0xB8, 0xE9, 0x8D, 0x1B, 0xFE, 0x3A, 0xFA, 0x74, 0x7C, 0x67, 0xAF, 0xDC, 0x5C,
    0x3D, 0xFB, 0x39, 0xDF, 0x74, 0x39, 0xA4, 0xD4, 0x03, 0xFB, 0xA1, 0xDD, 0x13, 0x03, 0x55, 0x5E,
    0x7A, 0x2F, 0x3E, 0xF0, 0xDA, 0x14, 0x95, 0x5B, 0x28, 0x47, 0x5C, 0x73, 0xC8, 0x3A, 0x4E, 0xDF,
    0x41, 0xF9, 0x84, 0xB2, 0x49, 0xFB, 0xFC, 0x62, 0xA4, 0xD8, 0x0F, 0x7A, 0xAF, 0x30, 0xFE, 0xF9,
    0x71, 0x7A, 0xFF, 0x25, 0x39, 0x00, 0xB2, 0x8F, 0x5F, 0x5B, 0xF3, 0xBD, 0x10, 0x3F, 0x40, 0x55,
    0x93, 0x33, 0xEE, 0x56, 0xBE, 0x93, 0x2B, 0x26, 0x7D, 0x55, 0x8A, 0x4B, 0xA8, 0x9E, 0xAC, 0x3A,
    0x1C, 0x6F, 0xB9, 0xCA, 0x9A, 0xF7, 0x5E, 0xEB, 0x11, 0x63, 0x11, 0xA3, 0xC6, 0xFD, 0xE5, 0x33,
    0x6E, 0x48, 0xA7, 0xEF, 0x3E, 0x24, 0x69, 0xE9, 0x1E, 0x0E, 0x94, 0x45, 0xF1, 0xF5, 0xB7, 0x3F,
    0x08, 0xC5, 0xAA, 0xD8, 0x6C, 0x59, 0x5A, 0x66, 0x7D, 0x11, 0xA6, 0x5B, 0xAE, 0x8A, 0xE0, 0xEA,
    0x49, 0x28, 0x83, 0x43, 0xD5, 0x4D, 0x7D, 0x83, 0xEA, 0xD7, 0x91, 0x46, 0x6F, 0xA4, 0x0A, 0x9B,
    0xFD, 0x41, 0xC6, 0x8C, 0x47, 0xC2, 0x0B, 0x30, 0x42, 0x34, 0xD9, 0xDB, 0xCB, 0x49, 0xED, 0xE2,
    0xDD, 0x18, 0x51, 0x6D, 0xC0, 0xEB, 0xCE, 0x2D, 0x0F, 0x51, 0x65, 0x77, 0x98, 0x6C, 0x5E, 0x5F,
    0x63, 0xE6, 0x8B, 0x1E, 0x11, 0x59, 0x4F, 0x79, 0xBC, 0xE6, 0xB2, 0xA8, 0x25, 0xB4, 0x25, 0xAF,
    0x9D, 0xA0, 0x36, 0xDB, 0x13, 0x59, 0xEC, 0x5B, 0x01, 0x7F, 0xA1, 0xA5, 0xFE, 0x6E, 0xB8, 0x2D,
    0x1C, 0xBE, 0xD4, 0xBE, 0x23, 0x75, 0x53, 0xB1, 0x2E, 0x2F, 0xE2, 0x19, 0x8D, 0x6A, 0xB2, 0x94,
    0xD9, 0xFD, 0x19, 0xF5, 0xB8, 0xFB, 0x70, 0x83, 0x7C, 0x13, 0xAF, 0xD3, 0x44, 0x00, 0xAA, 0xC5,
    0x8C, 0x0B, 0xCD, 0x01, 0x6E, 0x84, 0x13, 0x02, 0x7D, 0x9E, 0x9B, 0x2B, 0xDE, 0x64, 0x4A, 0xEE,
    0x5F, 0x90, 0x59, 0x13, 0xF2, 0x91, 0xFA, 0x9D, 0xCC, 0x65, 0xA4, 0xB2, 0xF2, 0x59, 0x8F, 0x19,
    0x6E, 0x5D, 0xD4, 0x27, 0x88, 0xB1, 0x3B, 0x81, 0xBC, 0x06, 0x56, 0x7C, 0x1F, 0xB7, 0x1D, 0xF2,
    0x38, 0x98, 0x9F, 0x2A, 0xDD, 0x6B, 0x2E, 0xAA, 0x0B, 0x42, 0x0F, 0xD3, 0xBE, 0x46, 0xCA, 0xC8,
    0xCA, 0x48, 0x8B, 0x78, 0x81, 0x88, 0x81, 0x98, 0xE1, 0xF4, 0xC4, 0x8D, 0xFD, 0x39, 0xD9, 0x11,
    0x33, 0xC6, 0x0F, 0xDA, 0x84, 0xFC, 0x35, 0x51, 0x34, 0xBA, 0x81, 0x70, 0xD0, 0xCB, 0x13, 0x45,
    0x53, 0xE2, 0x49, 0x44, 0x19, 0x53, 0x2A, 0x1A, 0x26, 0xFE, 0x1C, 0x28, 0xFE, 0x12, 0x80, 0x4C,
    0xDB, 0x38, 0xCA, 0xE3, 0xFC, 0x4C, 0x39, 0xC4, 0x3D, 0xFE, 0xE1, 0x29, 0x1E, 0xC0, 0xE1, 0x93,
    0xA8, 0x15, 0x36, 0x54, 0x74, 0x39, 0xAD, 0xFE, 0x9E, 0x58, 0xAE, 0x60, 0x6D, 0x81, 0x54, 0xBD,
    0x35, 0xB2, 0xF9, 0x9A, 0xB5, 0xDC, 0x11, 0x59, 0x7C, 0x77, 0x98, 0x9F, 0x32, 0x46, 0x96, 0xAE,
    0x54, 0xAA, 0x98, 0x81, 0x78, 0x0E, 0x28, 0x9F, 0x03, 0xB3, 0x1F, 0x77, 0xA4, 0xB2, 0x09, 0xC4,
    0x4F, 0x84, 0x6F, 0xCA, 0x46, 0xCD, 0x88, 0x17, 0xD8, 0xA4, 0x9E, 0x85, 0xC6, 0x56, 0x0B, 0x65,
    0xE2, 0x4D, 0x3B, 0x16, 0x74, 0xD5, 0x9A, 0xAA, 0x39, 0x1F, 0x34, 0xCC, 0x79, 0x1A, 0xE5, 0x54,
    0xD7, 0x18, 0xD2, 0x10, 0x6D, 0x84, 0x15, 0xBF, 0x2A, 0x1B, 0x8C, 0x0B, 0x83, 0x6C, 0x2D, 0xB3,
    0xA2, 0x8A, 0x75, 0x11, 0xAA, 0x08, 0x6E, 0xB9, 0x2D, 0x54, 0x0B, 0x4C, 0x96, 0xC7, 0xD4, 0x03,
    0xE4, 0xF2, 0x37, 0xE4, 0xF2, 0x6D, 0x02, 0xB7, 0xEE, 0x94, 0xF7, 0xC7, 0x71, 0x84, 0x0E, 0x82,
    0x0B, 0xAA, 0x14, 0x47, 0x26, 0x67, 0x1D, 0x2D, 0x84, 0x64, 0xF2, 0x3C, 0xDA, 0x52, 0x8F, 0xB5,
    0x6A, 0x4A, 0x07, 0x27, 0x72, 0x91, 0xCC, 0xAF, 0x70, 0x9C, 0x66, 0xB5, 0x02, 0x87, 0xA1, 0x04,
    0xC3, 0x1A, 0x8F, 0x25, 0x1E, 0x2B, 0x3C, 0x16, 0x78, 0xAC, 0xEF, 0x58, 0xDE, 0xB1, 0xBA, 0x63,
    0x71, 0xC7, 0xDA, 0x6E, 0x50, 0x70, 0x96, 0x20, 0x50, 0x5D, 0xA7, 0xB2, 0xEE, 0x1E, 0x0D, 0xC3,
    0x94, 0xF6, 0x17, 0xE9, 0x3D, 0xCA, 0xD3, 0x51, 0xE9, 0x52, 0xA7, 0xF4, 0x75, 0xEB, 0xD6, 0x25,
    0x9C, 0x3B, 0x63, 0x2F, 0xD7, 0xFE, 0xE1, 0xAD, 0x1A, 0xF8, 0xAC, 0xB9, 0x90, 0x19, 0x24, 0x2F,
    0x48, 0x56, 0x90, 0x9C, 0x20, 0xAD, 0x53, 0xAB, 0x79, 0x5D, 0x8C, 0x1D, 0xC1, 0xA3, 0x39, 0x6B,
    0x01, 0x56, 0x96, 0x78, 0x75, 0xCC, 0x59, 0x0B, 0x65, 0x20, 0x00, 0xB2, 0x41, 0x3C, 0xD2, 0xE2,
    0x9D, 0xF2, 0xAA, 0x98, 0xAC, 0x41, 0x66, 0x52, 0x44, 0x20, 0xA8, 0x9B, 0x70, 0xCA, 0xCF, 0x36,
    0xEA, 0xA4, 0x50, 0x77, 0xBA, 0xBF, 0xB6, 0x1E, 0xA5, 0xB4, 0xE2, 0x61, 0xBD, 0x33, 0xA0, 0xB7,
    0x3E, 0x7D, 0x40, 0x55, 0x6A, 0x18, 0x79, 0x8E, 0x0A, 0x38, 0x62, 0xDC, 0xF8, 0x26, 0x82, 0x0D,
    0x01, 0x00, 0x4E, 0xA5, 0xD5, 0x38, 0x8A, 0x77, 0xC8, 0x20, 0x99, 0x67, 0x85, 0x4C, 0xE9, 0x66,
    0xA3, 0x22, 0x18, 0x50, 0x4A, 0x1C, 0x29, 0x12, 0x30, 0x8E, 0x36, 0xAA, 0x86, 0xDF, 0x8B, 0x10,
    0x83, 0x8C, 0x6C, 0x1C, 0xD5, 0xB5, 0x7C, 0x49, 0x8D, 0xE2, 0xF9, 0x69, 0xF2, 0xCB, 0x6C, 0xD7,
    0x72, 0xA0, 0x09, 0xE0, 0x04, 0x76, 0x67, 0xEF, 0x3D, 0x60, 0x2B, 0x33, 0x25, 0x1B, 0xA4, 0x95,
    0x51, 0x76, 0xE6, 0x20, 0x19, 0xCC, 0xCC, 0x3C, 0xE2, 0x6A, 0x79, 0x56, 0xBE, 0x48, 0xF7, 0x7F,
    0xD4, 0x3F, 0xD3, 0x34, 0xA5, 0x9D, 0x92, 0xAA, 0xD1, 0x14, 0xD3, 0xC9, 0x48, 0x8C, 0xF5, 0xC9,
    0xAC, 0x4D, 0x66, 0x5D, 0x32, 0x6B, 0x92, 0x59, 0x8F, 0xCC, 0x5A, 0x64, 0xD6, 0x21, 0xB3, 0x06,
    0x99, 0xF5, 0xC7, 0xAC, 0x3D, 0x66, 0xDD, 0x31, 0x6B, 0x8E, 0x59, 0x6F, 0xCC, 0x5A, 0x63, 0xD6,
    0x19, 0xB3, 0xC6, 0xD8, 0x4E, 0x5F, 0x0C, 0x5A, 0x83, 0xE9, 0x24, 0xEE, 0x58, 0xEE, 0xF7, 0x76,
    0x5C, 0xE9, 0xCB, 0xD4, 0x16, 0xB3, 0x0A, 0x4E, 0xE4, 0x8A, 0x6A, 0xAD, 0xDC, 0x4E, 0x32, 0x60,
    0xEF, 0x4A, 0x4D, 0xA4, 0x4B, 0x21, 0xFC, 0x37, 0xA5, 0x76, 0x68, 0x72, 0xA6, 0xB7, 0xBD, 0xB3,
    0x90, 0x4C, 0xFA, 0xDC, 0xE4, 0x07, 0x45, 0x85, 0x63, 0xA4, 0xA0, 0xAE, 0x78, 0x36, 0xBE, 0x3A,
    0x06, 0x9A, 0x22, 0xD9, 0x19, 0x3C, 0xD7, 0x1A, 0xE5, 0xB9, 0xD6, 0x68, 0x3A, 0x61, 0x95, 0x9D,
    0x4E, 0x4C, 0xB7, 0xF1, 0x3C, 0xD5, 0x09, 0x9E, 0x85, 0xA7, 0xDB, 0x9E, 0xDC, 0x67, 0x9C, 0x73,
    0x64, 0x48, 0x7D, 0x5D, 0xB2, 0xA4, 0x6D, 0xCB, 0x73, 0x72, 0x7B, 0xC1, 0x13, 0xD6, 0xFD, 0x03,
    0x3F, 0x94, 0xFC, 0xE0, 0x87, 0x0E, 0xE9, 0xA4, 0x01, 0x72, 0x9D, 0x0C, 0xA3, 0xBD, 0xEC, 0x7E,
    0xD4, 0x8F, 0x36, 0x5E, 0xC5, 0x31, 0xEF, 0xBA, 0xFE, 0x93, 0x78, 0x33, 0x72, 0x5E, 0x2C, 0x26,
    0xE1, 0xEE, 0x14, 0x24, 0x74, 0x89, 0xA8, 0xAA, 0xAD, 0x05, 0x5F, 0x0D, 0xB0, 0x11, 0xF2, 0x6B,
    0x84, 0x1B, 0x5D, 0x40, 0x9D, 0xC4, 0xAC, 0xD7, 0x94, 0xD7, 0xC4, 0x09, 0x5F, 0x9C, 0x51, 0x39,
    0x6E, 0xB6, 0x0E, 0xEA, 0x5F, 0x17, 0x6B, 0xE2, 0x8C, 0x1E, 0xD3, 0xFD, 0x8D, 0x26, 0xAB, 0x00,
    0xB3, 0xD9, 0x55, 0xAB, 0x17, 0xC2, 0xC1, 0xB6, 0x05, 0x9E, 0x56, 0x24, 0x10, 0xD3, 0x16, 0x7B,
    0xAD, 0x6F, 0x93, 0xDA, 0x38, 0xE7, 0xA9, 0xCB, 0x2E, 0x84, 0x15, 0xE7, 0x40, 0x6A, 0x56, 0xA5,
    0x5E, 0x55, 0x6A, 0x55, 0x8D, 0x9D, 0x2A, 0x6B, 0x54, 0xA9, 0x4F, 0x95, 0x9A, 0x75, 0xA9, 0x55,
    0x97, 0x1A, 0x75, 0xA9, 0x4D, 0x97, 0x9A, 0x74, 0xA9, 0x45, 0x97, 0x1A, 0x74, 0xA9, 0x3D, 0x97,
    0x9A, 0x73, 0xA9, 0x35, 0x97, 0x1A, 0x73, 0xA9, 0x2D, 0x97, 0x5A, 0x53, 0xA9, 0x33, 0x95, 0x1A,
    0x53, 0xDA, 0x5C, 0xE4, 0x66, 0x9C, 0xC3, 0x3A, 0x2D, 0xC2, 0x2B, 0xD6, 0x4A, 0x62, 0x1F, 0x89,
    0x4D, 0x24, 0x76, 0x90, 0xD8, 0x3E, 0x62, 0xEF, 0x88, 0x1A, 0x80, 0x7D, 0x21, 0x36, 0x85, 0xD8,
    0x2F, 0x72, 0xB0, 0xC3, 0xB3, 0x47, 0xC4, 0x06, 0x51, 0xAF, 0x4B, 0xC2, 0x2A, 0xEE, 0x14, 0x65,
    0xB2, 0x40, 0x2C, 0x6A, 0x58, 0x3B, 0x4B, 0xC4, 0x67, 0xCB, 0xDB, 0x00, 0x72, 0x7F, 0xC3, 0xCE,
    0xF9, 0xB9, 0xD5, 0x0F, 0xAD, 0x30, 0x5A, 0x99, 0x8E, 0x52, 0x5A, 0xB8, 0x2A, 0x89, 0x47, 0x4A,
    0x5B, 0xBB, 0x65, 0x3A, 0x83, 0xA0, 0xF6, 0x16, 0x97, 0xD0, 0x31, 0xD7, 0x06, 0xF3, 0xBE, 0x15,
    0xE8, 0x61, 0xB7, 0x40, 0x4F, 0xBB, 0x7A, 0x80, 0xC8, 0x91, 0x38, 0x1E, 0x6F, 0x7F, 0x11, 0x3D,
    0xCA, 0x9B, 0x1D, 0xAA, 0xAC, 0x43, 0xF9, 0x42, 0xA7, 0xFF, 0xC6, 0x0F, 0xF7, 0x5A, 0xB0, 0xDB,
    0xDA, 0x1F, 0x53, 0x57, 0x4A, 0xC4, 0x92, 0x37, 0xC4, 0xA4, 0x70, 0xA4, 0xDC, 0xBF, 0x68, 0x85,
    0xBC, 0x6D, 0x12, 0x0B, 0x33, 0x44, 0x67, 0x0E, 0x08, 0x47, 0xF6, 0xA8, 0x4B, 0x7B, 0xA1, 0xD6,
    0xA4, 0xC4, 0xD1, 0x6A, 0x27, 0x9D, 0x5C, 0xA7, 0x14, 0xBF, 0x4D, 0x29, 0x1E, 0x90, 0xA4, 0x78,
    0x49, 0x29, 0x7E, 0x8D, 0x52, 0xFC, 0x88, 0x52, 0x3C, 0xB4, 0x53, 0x9F, 0x75, 0xAD, 0xF3, 0x85,
    0x6F, 0x5D, 0x5D, 0x51, 0x8A, 0x5F, 0xA7, 0x14, 0xBF, 0x4D, 0x29, 0x1E, 0xB2, 0xBE, 0x2D, 0x7C,
    0xD1, 0xB7, 0xE5, 0x96, 0x30, 0xB6, 0x8C, 0x83, 0x3B, 0xA2, 0x14, 0x0F, 0x0C, 0x99, 0xCB, 0x6C,
    0xC0, 0x84, 0x52, 0xBC, 0xA2, 0x14, 0x7F, 0x4E, 0xCC, 0x58, 0xF8, 0x53, 0x88, 0x14, 0x51, 0x26,
    0x6C, 0xED, 0x9E, 0x97, 0x35, 0xF2, 0xF8, 0x53, 0xC0, 0x71, 0x22, 0x43, 0xDE, 0x63, 0xCB, 0x50,
    0x8F, 0x2D, 0x25, 0x03, 0xAA, 0xEE, 0x1A, 0x17, 0xDA, 0xD1, 0x06, 0x33, 0x1F, 0x36, 0x70, 0x77,
    0xB9, 0xDE, 0x5E, 0xAC, 0x7B, 0xB8, 0x6F, 0xE7, 0x5B, 0x38, 0x67, 0x3B, 0x32, 0x28, 0x06, 0x32,
    0xC6, 0xFF, 0x8B, 0xB9, 0x2E, 0xD2, 0xB4, 0x3A, 0x80, 0x19, 0x4F, 0x87, 0x23, 0x25, 0x63, 0xCB,
    0xF0, 0xAE, 0xD2, 0xD9, 0x7D, 0xA9, 0xD4, 0x40, 0x15, 0x8B, 0xF9, 0xE5, 0xF0, 0x17, 0xB3, 0xF9,
    0x4B, 0x2A, 0x32, 0xD0, 0x3B, 0xE0, 0xB4, 0xAA, 0x31, 0x2D, 0x3C, 0x32, 0xD4, 0x7B, 0xDC, 0x8A,
    0x1A, 0x33, 0x9A, 0x9E, 0xF8, 0xD1, 0x3D, 0x85, 0xA4, 0x27, 0xD4, 0x52, 0x39, 0xB8, 0x14, 0x0C,
    0x58, 0x40, 0xAA, 0xFE, 0xD4, 0xE1, 0x39, 0x04, 0x3E, 0xD2, 0xB5, 0xB7, 0xD9, 0x1F, 0x3C, 0x3F,
    0x07, 0xAA, 0xDF, 0xE9, 0x71, 0x13, 0x12, 0xB0, 0x3A, 0xE1, 0xE8, 0x2B, 0x66, 0x83, 0xCC, 0x64,
    0x16, 0x9F, 0x39, 0x21, 0xF0, 0x41, 0x89, 0x11, 0x26, 0x84, 0x6A, 0x89, 0x27, 0xB1, 0xDB, 0x76,
    0xA6, 0x2C, 0x71, 0x82, 0x07, 0xB7, 0x9D, 0x73, 0xCF, 0x89, 0xFA, 0xBC, 0x47, 0xE9, 0xF5, 0x34,
    0x8E, 0x9E, 0xC5, 0x39, 0xA8, 0xE7, 0x98, 0x84, 0x1E, 0xF9, 0xEA, 0xCE, 0xD8, 0xCE, 0x3B, 0x29,
    0x3D, 0x0E, 0xB2, 0x74, 0xA7, 0x07, 0xA0, 0x6D, 0xEB, 0x22, 0x4C, 0x99, 0x7E, 0x3C, 0x9F, 0x51,
    0x72, 0x35, 0x45, 0xDB, 0x06, 0xCD, 0x33, 0x6B, 0x19, 0xE6, 0x9B, 0xB9, 0x2E, 0xA0, 0xA3, 0xC5,
    0x15, 0xB8, 0xFA, 0x08, 0xD3, 0x4F, 0xD6, 0x98, 0xC4, 0x2E, 0x59, 0x44, 0xD9, 0xAF, 0x24, 0x88,
    0xD9, 0x9E, 0xFE, 0x89, 0x67, 0x46, 0xF5, 0xB2, 0x6F, 0x1E, 0xED, 0x34, 0x99, 0x13, 0x35, 0x88,
    0xE9, 0x76, 0x0C, 0x47, 0x59, 0xC7, 0x11, 0xEC, 0x6B, 0x8A, 0xDC, 0x2C, 0xF9, 0xEA, 0x62, 0xDC,
    0x2C, 0x27, 0xDC, 0xF9, 0x45, 0x97, 0x36, 0x8B, 0xB4, 0x22, 0x65, 0xA2, 0x52, 0x9D, 0x16, 0xE3,
    0x58, 0x93, 0xC1, 0xDA, 0xF6, 0x9E, 0x4A, 0x4F, 0x4A, 0xC8, 0xDA, 0xF6, 0x4D, 0x9A, 0xD2, 0x60,
    0xBE, 0xB5, 0xC2, 0x15, 0xC5, 0x1C, 0x75, 0xDC, 0x53, 0x07, 0xB5, 0xDB, 0x8E, 0xF3, 0xEE, 0xB2,
    0xBC, 0x1F, 0xF2, 0x70, 0x9A, 0x62, 0x46, 0xF4, 0x7C, 0x55, 0x7C, 0x31, 0xDD, 0xCF, 0xCC, 0xE0,
    0x53, 0x25, 0x79, 0x0E, 0xF4, 0xE9, 0x85, 0xB8, 0x42, 0xD3, 0x49, 0x77, 0x7C, 0x9F, 0xA1, 0xAE,
    0x43, 0xF9, 0x2E, 0xD3, 0xCB, 0x1B, 0xAC, 0xC6, 0x3F, 0xA3, 0x31, 0x33, 0xFE, 0x17, 0xB1, 0x2B,
    0xFF, 0x16, 0xB6, 0xD7, 0x19, 0x2F, 0xE3, 0x02, 0x5F, 0x05, 0x5F, 0x4C, 0xC2, 0x65, 0x87, 0xCA,
    0x86, 0x5F, 0x53, 0x81, 0x3B, 0x7B, 0x0D, 0xDC, 0x99, 0x19, 0x30, 0xEE, 0x9B, 0xF2, 0xCF, 0x3D,
    0x87, 0x75, 0x0F, 0x23, 0xE1, 0x38, 0xAE, 0x16, 0xDC, 0x37, 0xF5, 0xE7, 0xF0, 0x08, 0xC3, 0x18,
    0x26, 0x7B, 0x64, 0x6B, 0x86, 0xC9, 0x69, 0x8D, 0xE9, 0xC4, 0xE3, 0x00, 0xFB, 0x71, 0x72, 0x9E,
    0xB2, 0xC7, 0x95, 0xD8, 0xA9, 0xC2, 0xC9, 0x0F, 0x00, 0xBC, 0x51, 0x2C, 0x80, 0x79, 0x86, 0x47,
    0x3F, 0xD7, 0x07, 0xEC, 0xA0, 0x7D, 0xCC, 0x73, 0xE7, 0xC6, 0x9E, 0x7F, 0xFA, 0x8D, 0x6D, 0xE2,
    0x46, 0x3A, 0x8C, 0xE5, 0x94, 0xEA, 0x8D, 0x8C, 0x49, 0x19, 0x3D, 0xAA, 0x25, 0xC1, 0x23, 0xD5,
    0x6E, 0xBC, 0x3E, 0x6B, 0x27, 0xD9, 0x58, 0xA9, 0xAB, 0xE1, 0xF4, 0x2C, 0x26, 0x23, 0xFF, 0x45,
    0x46, 0x82, 0xC6, 0x8D, 0xB0, 0x21, 0xB4, 0x60, 0xE6, 0xAE, 0xB7, 0xEB, 0x74, 0xD6, 0xB5, 0x31,
    0x94, 0xAB, 0xC3, 0xAC, 0x96, 0x0B, 0x5C, 0xFE, 0x76, 0x3D, 0x0E, 0x66, 0x3D, 0xC3, 0x76, 0xCB,
    0x8D, 0x63, 0x58, 0xB6, 0x68, 0xFE, 0x19, 0xFD, 0xE4, 0xFD, 0x6F, 0xF9, 0xE2, 0xEF, 0x55, 0x4D,
    0xD7, 0xAB, 0xDC, 0xDD, 0x1C, 0xDC, 0x18, 0xB0, 0x43, 0xC2, 0x47, 0x6B, 0x15, 0xBB, 0xF7, 0xB3,
    0xB6, 0xFB, 0x89, 0x47, 0x3B, 0x45, 0xE5, 0x5E, 0xC7, 0xDF, 0xBA, 0x40, 0xD6, 0x55, 0xC8, 0xEA,
    0xBD, 0x4C, 0xCF, 0xC4, 0xCD, 0x8B, 0x4B, 0x40, 0x9D, 0x5E, 0x7A, 0x91, 0xFA, 0x1F, 0xE1, 0xF8,
    0xF2, 0x3D, 0x27, 0x92, 0xD5, 0x69, 0xF3, 0xAE, 0x4F, 0x80, 0xF3, 0x29, 0x30, 0xB3, 0xCD, 0xBB,
    0xA7, 0x3E, 0xFE, 0x55, 0xF2, 0x00, 0x37, 0x10, 0x2F, 0x1A, 0x62, 0x28, 0x89, 0x75, 0x76, 0x99,
    0x78, 0x80, 0x29, 0x9D, 0xF7, 0x97, 0xF8, 0x2A, 0x02, 0xAE, 0x60, 0xBE, 0x37, 0x0E, 0x92, 0xC7,
    0xB0, 0x02, 0xDC, 0xBB, 0x1B, 0x95, 0x0D, 0xC9, 0x50, 0x59, 0xE3, 0x1B, 0x04, 0x66, 0x09, 0xEB,
    0x80, 0xC8, 0xB8, 0x75, 0xAB, 0xE4, 0x2C, 0x23, 0x97, 0xD8, 0x73, 0x5A, 0x4C, 0x01, 0x20, 0x35,
    0x37, 0x08, 0x7D, 0x82, 0x80, 0x56, 0x56, 0x43, 0xD7, 0x2C, 0x50, 0xCA, 0x98, 0x39, 0xB4, 0xBE,
    0xD4, 0x1D, 0xC2, 0x9A, 0x10, 0x24, 0x2D, 0xED, 0x61, 0x9D, 0x19, 0xFD, 0x8B, 0xB6, 0xD6, 0x14,
    0x3C, 0xAB, 0xEA, 0xAB, 0x4A, 0x6F, 0xF4, 0x3D, 0x32, 0xE6, 0x73, 0xB7, 0x4E, 0x5E, 0xEF, 0x06,
    0x37, 0x70, 0x82, 0x53, 0x1D, 0xA7, 0x70, 0xAF, 0xAC, 0x65, 0x1E, 0xB1, 0x76, 0x20, 0x3D, 0xB9,
    0xD4, 0x25, 0x2B, 0x3B, 0x71, 0x8E, 0xC7, 0x90, 0x8A, 0x44, 0x47, 0x38, 0xCA, 0xFA, 0x62, 0x79,
    0x3B, 0x5F, 0xE7, 0x5D, 0x28, 0x56, 0xB9, 0x9F, 0x17, 0x01, 0x6A, 0x3C, 0x25, 0xD5, 0x5B, 0x75,
    0xFF, 0xCB, 0x93, 0x83, 0x4F, 0xC7, 0x39, 0xD0, 0x98, 0xCB, 0x88, 0xB9, 0x6C, 0x10, 0xED, 0x31,
    0x82, 0x6A, 0x75, 0x98, 0x33, 0x96, 0x01, 0x95, 0x5E, 0x27, 0xC8, 0xE3, 0x9A, 0x26, 0x41, 0x0F,
    0x70, 0xB1, 0x33, 0x04, 0x15, 0x96, 0x78, 0x2D, 0xEB, 0x8E, 0xAF, 0xE8, 0x8B, 0x58, 0x63, 0x4E,
    0xAE, 0x98, 0x87, 0x55, 0x17, 0xDD, 0x00, 0xBE, 0x86, 0xF4, 0x93, 0x71, 0xDD, 0x54, 0x1F, 0xB5,
    0x1E, 0x6E, 0x51, 0x05, 0x38, 0x72, 0x77, 0xCC, 0x2F, 0xFA, 0x4A, 0xAA, 0xA5, 0xCC, 0x00, 0x6C,
    0x59, 0x2D, 0xAF, 0x31, 0x8A, 0xA4, 0xEA, 0xF7, 0xA3, 0xD3, 0x06, 0x9B, 0xE3, 0xC2, 0xC0, 0x3C,
    0xC2, 0x0D, 0x12, 0xF3, 0x55, 0x48, 0x3E, 0x44, 0x39, 0xA4, 0xBF, 0x6F, 0x38, 0xCD, 0xEF, 0x02,
    0x80, 0xF4, 0xCA, 0xF4, 0x7D, 0x2E, 0xA1, 0x01, 0xA7, 0x68, 0x78, 0x24, 0x92, 0xE8, 0x7B, 0xAF,
    0x58, 0x27, 0xC8, 0x7D, 0x9D, 0xB2, 0x2E, 0x28, 0x82, 0x0E, 0x4E, 0xD9, 0xC4, 0x0C, 0x03, 0x9A,
    0xD2, 0x62, 0x8D, 0x49, 0x0F, 0x30, 0x79, 0x0E, 0x0A, 0x63, 0xD6, 0x8F, 0x48, 0x1D, 0x09, 0x60,
    0xF2, 0x96, 0x37, 0xB3, 0x9F, 0x7D, 0x89, 0x1D, 0xF3, 0xCC, 0x8C, 0xC0, 0x64, 0x03, 0xCA, 0x04,
    0x34, 0x0B, 0x50, 0x06, 0xA0, 0xD9, 0x7F, 0x32, 0xFF, 0xCC, 0xFA, 0x93, 0xF1, 0x97, 0x6C, 0x3F,
    0xC0, 0xA5, 0xB7, 0x24, 0xAA, 0xC8, 0x49, 0xB2, 0xFB, 0x92, 0xD9, 0x97, 0xAC, 0x3E, 0xA0, 0xB7,
    0x99, 0x0E, 0xE3, 0xC6, 0x19, 0x15, 0x16, 0x8D, 0xB2, 0x36, 0x79, 0x92, 0xAA, 0x53, 0xF4, 0xAF,
    0x4E, 0xF4, 0x0F, 0x4E, 0xC8, 0x85, 0x35, 0x2F, 0x1E, 0xDA, 0x6D, 0x74, 0x1E, 0xC5, 0xD6, 0x84,
    0x42, 0xF1, 0xE1, 0xDD, 0x00, 0xDA, 0x50, 0xA0, 0x0F, 0x85, 0x32, 0xC8, 0x72, 0x20, 0xF0, 0x11,
    0x65, 0xEE, 0x1A, 0xD0, 0x8C, 0x82, 0x83, 0x01, 0x81, 0x86, 0x14, 0xE8, 0x48, 0x21, 0x59, 0x52,
    0xA8, 0xF1, 0x6F, 0x95, 0x94, 0x01, 0x84, 0x64, 0xC9, 0x19, 0xC7, 0x7F, 0xD5, 0xAF, 0x77, 0x7B,
    0x93, 0x37, 0x33, 0xD5, 0x92, 0x19, 0xD6, 0x9A, 0x9D, 0x3A, 0x6E, 0xC3, 0x39, 0x3D, 0xD3, 0x8D,
    0x46, 0xA3, 0xBA, 0xAB, 0x10, 0x90, 0x40, 0x63, 0x26, 0x70, 0xB8, 0x01, 0xB0, 0x44, 0x5E, 0x18,
    0x2C, 0x36, 0xF7, 0x1E, 0x01, 0x40, 0x9A, 0x04, 0x48, 0x44, 0x63, 0x0F, 0x06, 0xF2, 0xB0, 0xB8,
    0x30, 0x3B, 0x5D, 0x80, 0x70, 0xC8, 0x0B, 0x40, 0xE0, 0x5E, 0x00, 0x12, 0xA8, 0xCB, 0x35, 0x3A,
    0xEE, 0x75, 0x57, 0x5E, 0x99, 0xC9, 0xDD, 0x2E, 0x81, 0x7B, 0x5D, 0xF5, 0x75, 0xBD, 0xEF, 0xFB,
    0x7F, 0xFF, 0xAA, 0xEF, 0xFB, 0xBE, 0x7A, 0x47, 0x18, 0x94, 0x4D, 0x5D, 0x52, 0x61, 0xC5, 0xBC,
    0xE7, 0xA5, 0x33, 0x7C, 0x86, 0x85, 0x23, 0x08, 0x24, 0xC1, 0xCA, 0xCF, 0xDD, 0x2C, 0xA9, 0xFA,
    0xAD, 0x75, 0x81, 0x6C, 0x0E, 0x66, 0xA1, 0x19, 0xAB, 0x35, 0xC2, 0x3E, 0xB9, 0x5E, 0x98, 0xE0,
    0x8F, 0x2E, 0xBE, 0x5D, 0x8C, 0x84, 0xD3, 0x3D, 0x67, 0x02, 0x72, 0x8B, 0x98, 0xC3, 0x9B, 0xDD,
    0xF6, 0xD9, 0x24, 0xB5, 0x5B, 0xE9, 0x1A, 0xE9, 0x9E, 0x3D, 0xC4, 0x54, 0x61, 0x5D, 0x6C, 0x84,
    0x1F, 0x56, 0x1A, 0x8D, 0xAA, 0xF2, 0x8D, 0xD7, 0x7E, 0xE0, 0x75, 0xBE, 0x4E, 0x0B, 0xCE, 0x8F,
    0x92, 0xF5, 0x4E, 0xFE, 0x6D, 0xA3, 0x92, 0x4A, 0x4B, 0xDB, 0xEF, 0xD2, 0xC7, 0xB6, 0x6C, 0x6A,
    0x18, 0xD9, 0xD2, 0x35, 0x91, 0x50, 0x4F, 0xAE, 0xCA, 0x12, 0x4E, 0xE4, 0xE9, 0x89, 0x1E, 0x68,
    0x3D, 0xFE, 0xE0, 0xFC, 0x88, 0x5B, 0xE5, 0x4C, 0xEA, 0xE4, 0xAF, 0x7D, 0x52, 0xAD, 0xB1, 0x87,
    0x2C, 0x49, 0xD6, 0x24, 0x9E, 0x5F, 0xFE, 0xC3, 0xBD, 0xE8, 0x15, 0x26, 0xA0, 0x1A, 0x84, 0x85,
    0x37, 0xA4, 0xA1, 0x50, 0xBF, 0x77, 0x5A, 0xC4, 0x58, 0x58, 0xA6, 0xD5, 0x29, 0x9A, 0x1B, 0x82,
    0x5D, 0x15, 0x06, 0xE8, 0x39, 0xE9, 0xA5, 0x4F, 0xBC, 0xF0, 0x1D, 0xA7, 0xAC, 0x06, 0x14, 0x79,
    0x11, 0xEC, 0x16, 0x8F, 0x47, 0xA3, 0x10, 0xFF, 0x07, 0xF3, 0xBF, 0xEC, 0x75, 0x62, 0xF6, 0xCE,
    0x13, 0x2F, 0xDD, 0x90, 0x97, 0xCC, 0xA1, 0xC4, 0x1B, 0xFF, 0x61, 0x25, 0x1C, 0xEC, 0xF3, 0x14,
    0xE3, 0x67, 0x8B, 0x09, 0x00, 0xAB, 0xE6, 0xF9, 0x0D, 0x13, 0xC6, 0x11, 0xC1, 0xB2, 0x83, 0x74,
    0xB2, 0x4E, 0xAA, 0x8E, 0x4B, 0x8B, 0x29, 0x20, 0x30, 0xBC, 0xC1, 0xE3, 0xB9, 0x61, 0x80, 0x28,
    0x12, 0x97, 0x14, 0xC6, 0xAF, 0xFC, 0xF3, 0x65, 0xF0, 0x92, 0x03, 0x9E, 0xD2, 0x71, 0x89, 0x33,
    0x1B, 0xB3, 0x4E, 0x49, 0x39, 0x9A, 0xAF, 0x9A, 0x8B, 0x73, 0xFA, 0xBC, 0xC6, 0xE3, 0x85, 0xFF,
    0xBA, 0x0A, 0xEE, 0x13, 0xBA, 0xC4, 0xC8, 0xE2, 0xCF, 0x94, 0xC6, 0x4B, 0xD7, 0x35, 0xAB, 0xBC,
    0xAB, 0x7B, 0xC5, 0xAD, 0x74, 0xED, 0xF8, 0xE0, 0xA1, 0x7D, 0x37, 0xF3, 0xC2, 0x4A, 0x27, 0x39,
    0x43, 0xF3, 0x1E, 0xD8, 0x96, 0xDE, 0x8B, 0x86, 0x1B, 0x9A, 0xD5, 0x3A, 0x54, 0x1D, 0x2F, 0x0B,
    0xC3, 0x0C, 0x83, 0x69, 0xE4, 0x06, 0xDD, 0x16, 0x20, 0x1B, 0x86, 0x80, 0x69, 0xA7, 0x66, 0xC8,
    0x98, 0x7D, 0x46, 0xEC, 0x01, 0xD4, 0x75, 0xFD, 0xEF, 0x2F, 0xAB, 0x55, 0x5E, 0x1C, 0xDE, 0x95,
    0x2E, 0x75, 0x33, 0x83, 0x6C, 0x90, 0x1E, 0x61, 0xE1, 0x1C, 0xB1, 0x23, 0x09, 0xC8, 0xDF, 0x14,
    0xD3, 0xC4, 0xB5, 0x80, 0xAC, 0x53, 0xBC, 0x5D, 0x9F, 0xCE, 0x06, 0x15, 0x98, 0xFD, 0xC2, 0x96,
    0x49, 0x31, 0x17, 0xB6, 0x63, 0x19, 0xAE, 0x07, 0x79, 0xD8, 0x78, 0x53, 0xF3, 0x80, 0xE7, 0xD7,
    0x36, 0x04, 0x77, 0x71, 0x61, 0x4D, 0xFB, 0xB7, 0x6A, 0x27, 0xC0, 0x83, 0x8B, 0x8B, 0xB9, 0x0A,
    0xC1, 0x3F, 0xB9, 0xBE, 0x5E, 0x02, 0xB4, 0xB6, 0x2A, 0xDA, 0x45, 0x81, 0x6C, 0xF6, 0xDB, 0x3E,
    0xCD, 0x86, 0x71, 0x6F, 0xA2, 0x65, 0x6B, 0x42, 0x03, 0x40, 0x68, 0x9F, 0x4D, 0x14, 0x1E, 0xBA,
    0xF0, 0x92, 0xDE, 0x86, 0xBC, 0x48, 0x36, 0x18, 0x87, 0x06, 0x00, 0x10, 0x00, 0xBD, 0x02, 0x90,
    0x00, 0x67, 0x00, 0x1A, 0x60, 0x0D, 0x08, 0x0F, 0x24, 0x0E, 0x48, 0xBF, 0x41, 0x68, 0x80, 0x17,
    0x00, 0x1E, 0x48, 0x2A, 0xA0, 0xE7, 0xBE, 0xA3, 0xFB, 0x84, 0x6F, 0x9F, 0x33, 0x14, 0x3D, 0x9B,
    0x92, 0xB3, 0x61, 0x40, 0x0F, 0x8D, 0x64, 0x46, 0x1E, 0x03, 0x21, 0x46, 0xA2, 0xBE, 0xA9, 0x41,
    0xCA, 0x04, 0x49, 0x1E, 0x76, 0xED, 0x6C, 0x00, 0xD4, 0x5F, 0xEB, 0xE9, 0xD6, 0x97, 0x59, 0x39,
    0xEF, 0xF7, 0x1F, 0xBD, 0x37, 0x8C, 0xF7, 0xD9, 0x8D, 0x1D, 0x60, 0xDB, 0x15, 0x53, 0x0C, 0x12,
    0x69, 0x15, 0x5B, 0x2C, 0xDF, 0x6F, 0x33, 0x17, 0x33, 0x18, 0x33, 0xF9, 0x76, 0x06, 0x0F, 0xDF,
    0xFA, 0x26, 0x70, 0xDE, 0x69, 0x7A, 0x5E, 0x16, 0x53, 0xFA, 0xB0, 0x80, 0x74, 0x2B, 0x51, 0x61,
    0xCB, 0x44, 0x6D, 0x40, 0x58, 0x98, 0xE5, 0xEA, 0xE9, 0xEB, 0x96, 0x0B, 0x50, 0x8E, 0xD3, 0xE1,
    0x1F, 0x31, 0xC6, 0x60, 0xB4, 0xE1, 0xF1, 0xE4, 0x7B, 0xD0, 0x87, 0x19, 0x6F, 0xD8, 0x12, 0x8A,
    0x59, 0x3C, 0xB7, 0x8D, 0xFD, 0x33, 0x45, 0xA1, 0x91, 0xB1, 0x7F, 0x90, 0x21, 0xF8, 0x38, 0x01,
    0x8E, 0xEE, 0x4A, 0x5C, 0x7F, 0x78, 0x7D, 0x5D, 0x80, 0xD6, 0x2F, 0x74, 0x79, 0xE5, 0xCB, 0x65,
    0x99, 0xBB, 0x95, 0x8B, 0x57, 0x21, 0xB1, 0x00, 0xBF, 0x75, 0x32, 0xC8, 0xB3, 0xB0, 0x9D, 0x98,
    0x0D, 0x5F, 0x5A, 0x80, 0x13, 0x30, 0x30, 0x44, 0x2C, 0x50, 0xDB, 0x41, 0x5B, 0xFA, 0x4B, 0x55,
    0x53, 0xC2, 0x06, 0xD6, 0x30, 0x87, 0xAD, 0xB0, 0xBD, 0xF0, 0x2F, 0x2B, 0x55, 0xA0, 0x2B, 0x5E,
    0x21, 0x96, 0x20, 0xC3, 0xC7, 0xCC, 0x56, 0x0D, 0xCF, 0x52, 0x8F, 0xE8, 0x72, 0xF2, 0x31, 0x79,
    0x88, 0xFD, 0xF8, 0xF8, 0x18, 0x00, 0x12, 0xA7, 0xBC, 0xAA, 0x64, 0x21, 0x51, 0xE4, 0x2E, 0xAF,
    0x4C, 0xB5, 0x8A, 0xB2, 0x2E, 0x01, 0x5A, 0xF9, 0x00, 0xEA, 0x4C, 0x7C, 0x71, 0x45, 0xC5, 0x5E,
    0xF1, 0x3E, 0x70, 0x4C, 0x62, 0xE1, 0x12, 0x96, 0x64, 0x25, 0xD4, 0xD5, 0x3D, 0xB2, 0x82, 0xAB,
    0xBA, 0xB4, 0xD0, 0xAF, 0xB3, 0x68, 0xAD, 0x88, 0x56, 0xD8, 0x23, 0x89, 0x5E, 0xF6, 0x87, 0x96,
    0x4C, 0xFC, 0xBD, 0xE5, 0x29, 0xF9, 0x49, 0x9F, 0x7B, 0xFE, 0x95, 0x33, 0xCE, 0xD4, 0x77, 0x3B,
    0x16, 0x6C, 0x18, 0x56, 0x69, 0x6D, 0x8A, 0x35, 0x96, 0xB4, 0x30, 0x56, 0x73, 0xC5, 0x4B, 0x66,
    0x74, 0x11, 0x9F, 0x21, 0x03, 0xE6, 0x4F, 0x6E, 0x92, 0xB8, 0x1F, 0x78, 0x9B, 0x78, 0xDA, 0x81,
    0xA5, 0x6F, 0xFF, 0xEC, 0x8D, 0x53, 0x45, 0x5E, 0x8F, 0x2A, 0xB2, 0x9E, 0x0F, 0x45, 0xB0, 0xCA,
    0x53, 0x2E, 0xD8, 0xD1, 0xC6, 0xE5, 0x57, 0xB6, 0x66, 0x49, 0x7D, 0x2B, 0xBC, 0xFA, 0x6A, 0x2D,
    0xBF, 0x6A, 0x6E, 0x7F, 0xFA, 0xF3, 0x5A, 0xCA, 0x7D, 0x14, 0xBD, 0x22, 0x29, 0x94, 0xFD, 0x84,
    0x4B, 0xC0, 0x60, 0xAC, 0xE1, 0x11, 0xF0, 0xA3, 0x6A, 0xFA, 0x97, 0x74, 0xB7, 0xAA, 0xDF, 0x7F,
    0xD9, 0xFB, 0x31, 0xC8, 0xCF, 0x2B, 0x13, 0xD6, 0x57, 0x13, 0xDD, 0x8E, 0xD9, 0x6E, 0xA3, 0xBE,
    0xA8, 0x07, 0x68, 0x8C, 0xCF, 0x3D, 0x35, 0xCE, 0x02, 0xF4, 0xEF, 0xE2, 0x98, 0x02, 0xA9, 0x93,
    0x35, 0x62, 0x47, 0xE7, 0xEE, 0xDA, 0xA9, 0xB0, 0x83, 0x25, 0xC0, 0xE5, 0x15, 0xD0, 0xA9, 0xCE,
    0x20, 0xB6, 0xDB, 0x7F, 0xEC, 0x47, 0x0D, 0xB4, 0x98, 0x0A, 0x1E, 0xAE, 0x5E, 0x41, 0xDB, 0x05,
    0xD7, 0xCB, 0x3C, 0x3A, 0xB5, 0x7D, 0x71, 0x31, 0x8F, 0xAF, 0xAF, 0x4C, 0xFB, 0xBA, 0x06, 0x80,
    0x27, 0x73, 0xE8, 0x90, 0x84, 0xB0, 0x40, 0x22, 0x3F, 0x5D, 0x85, 0x7F, 0x36, 0x68, 0x58, 0x05,
    0x4F, 0x1F, 0xB8, 0x20, 0x62, 0x5E, 0x01, 0x2A, 0xBA, 0x88, 0xF0, 0xE9, 0x47, 0x81, 0xB4, 0x82,
    0xD4, 0x4D, 0x01, 0x7C, 0x06, 0x10, 0x05, 0x45, 0xCB, 0xFF, 0xB3, 0x2A, 0x52, 0xFB, 0x28, 0x2A,
    0x20, 0x01, 0x00, 0xF1, 0xBB, 0x03, 0xAD, 0xF5, 0x78, 0x92, 0x65, 0x99, 0x9F, 0x4D, 0xA1, 0x53,
    0x0C, 0x7C, 0xE6, 0xBF, 0x76, 0x6B, 0xBC, 0x35, 0x05, 0x1C, 0x74, 0x0F, 0x07, 0x83, 0xC9, 0x78,
    0x34, 0x45, 0x2C, 0x5A, 0xE4, 0xF1, 0xF8, 0x38, 0xD3, 0xD9, 0x78, 0x58, 0xC1, 0x61, 0x77, 0x70,
    0xDC, 0x9A, 0x26, 0xE3, 0xAB, 0xD1, 0xBD, 0xE7, 0xD3, 0x72, 0xDC, 0xF7, 0xF8, 0x7B, 0x4F, 0x86,
    0xEC, 0x8B, 0x3F, 0xBC, 0xCB, 0xAE, 0x38, 0x60, 0xFF, 0xF2, 0xE4, 0xE6, 0x54, 0xEB, 0xC9, 0x78,
    0x3C, 0xCA, 0xB2, 0x29, 0x1C, 0x5E, 0x5E, 0x9E, 0xDD, 0xDE, 0x9C, 0x0E, 0x5A, 0x55, 0xD4, 0xB5,
    0xCA, 0xA8, 0x86, 0xC3, 0xC5, 0xAC, 0xD4, 0x4C, 0x18, 0x91, 0x51, 0xF2, 0x88, 0x53, 0x7E, 0xC5,
    0x98, 0x11, 0x25, 0xBE, 0x5D, 0xC5, 0xFD, 0xDB, 0xE3, 0xEC, 0xED, 0x3D, 0xDE, 0x1F, 0x1D, 0x38,
    0x69, 0xA1, 0xFB, 0x40, 0x4E, 0x7A, 0xCB, 0xC4, 0xF5, 0xDC, 0x71, 0x5D, 0xBE, 0xFE, 0x2F, 0xD4,
    0x7A, 0x0B, 0xA8, 0xE6, 0xC6, 0x79, 0xF6, 0x23, 0xCD, 0x7A, 0xF5, 0xFF, 0x11, 0x3F, 0xB3, 0x90,
    0x38, 0xF9, 0xDB, 0x6D, 0xAC, 0x02, 0x21, 0x14, 0x1C, 0x47, 0x01, 0x52, 0x48, 0xE1, 0xF3, 0x8E,
    0x1C, 0x03, 0x06, 0x4C, 0x9B, 0x05, 0x12, 0x6E, 0x2D, 0x38, 0x40, 0xB8, 0xB4, 0x05, 0x36, 0x40,
    0x80, 0x05, 0xCE, 0x1E, 0x29, 0x36, 0x60, 0xEE, 0x71, 0x81, 0x72, 0x2B, 0x10, 0x03, 0x29, 0x50,
    0x07, 0xF0, 0x42, 0x17, 0x30, 0xE5, 0x9C, 0xA3, 0x59, 0x2F, 0x10, 0xA0, 0xC0, 0xCA, 0x71, 0xDB,
    0x00, 0x01, 0xAC, 0x90, 0x84, 0x82, 0x0D, 0xEC, 0xD8, 0x96, 0xB1, 0xD6, 0x1E, 0x69, 0x3A, 0xCF,
    0x2B, 0x69, 0xBF, 0x73, 0xBA, 0x8D, 0x81, 0x64, 0xE3, 0xA4, 0xDA, 0xA3, 0xE7, 0xD1, 0xEA, 0x9C,
    0x6F, 0xE6, 0x9D, 0x77, 0xDE, 0xAB, 0xF4, 0x01, 0x0F, 0x55, 0x00, 0xB4, 0x8D, 0x90, 0x75, 0x11,
    0x52, 0x17, 0x01, 0x37, 0x08, 0x17, 0xB0, 0x1C, 0x75, 0x08, 0x33, 0xCA, 0x10, 0x26, 0x28, 0x87,
    0xDD, 0x02, 0x19, 0x21, 0xEF, 0xF1, 0x29, 0xE8, 0x6E, 0xFB, 0xBC, 0x40, 0x19, 0x66, 0xC0, 0x84,
    0x29, 0x02, 0xB0, 0x42, 0x4D, 0x38, 0x21, 0x4C, 0x40, 0x05, 0x8F, 0xD4, 0x46, 0x50, 0x36, 0xF5,
    0xD0, 0xF6, 0x62, 0x08, 0xA1, 0x69, 0x23, 0x00, 0xF8, 0xBF, 0x78, 0x01, 0x30, 0xCA, 0xAD, 0xF0,
    0x58, 0xCA, 0xB1, 0xF1, 0x31, 0x8B, 0x51, 0x46, 0x70, 0x86, 0xB0, 0x4B, 0x47, 0xD5, 0x5F, 0x55,
    0x43, 0xD2, 0x5D, 0x57, 0x2E, 0x25, 0x24, 0x16, 0xB9, 0x03, 0xD6, 0xD9, 0x6E, 0xFE, 0x20, 0x42,
    0x08, 0x1D, 0x8A, 0xB9, 0x1D, 0x51, 0x36, 0xA9, 0x87, 0xA9, 0x30, 0x73, 0xB6, 0x56, 0x80, 0x53,
    0x06, 0x4E, 0x39, 0x61, 0x42, 0xE2, 0x39, 0xDB, 0xF0, 0x99, 0x50, 0xB5, 0x5D, 0x1B, 0xDC, 0x0C,
    0x9C, 0x56, 0xBE, 0x48, 0x78, 0x04, 0x20, 0xE9, 0x09, 0xD5, 0x7E, 0xD1, 0x1E, 0x25, 0x41, 0x39,
    0x1C, 0xDD, 0x5B, 0xF4, 0x57, 0xB8, 0xE8, 0x2F, 0xFF, 0xF7, 0x45, 0x17, 0x84, 0xB2, 0xC1, 0xAF,
    0x5C, 0x34, 0xE0, 0x37, 0x48, 0x09, 0x17, 0xE7, 0x0A, 0x88, 0xB2, 0x9C, 0xD2, 0x71, 0x85, 0x6C,
    0x6E, 0x3B, 0x94, 0x56, 0x3B, 0xB4, 0xC8, 0x5C, 0xE2, 0xA1, 0x3A, 0x35, 0x00, 0xA7, 0x16, 0x5E,
    0x8A, 0xC0, 0x6F, 0xBE, 0x54, 0xC1, 0x44, 0xA5, 0xC1, 0xFC, 0xFD, 0x37, 0x64, 0xB2, 0x33, 0x50,
    0x11, 0x9A, 0xE5, 0x8F, 0xFF, 0x04, 0xDA, 0x61, 0x80, 0x0A, 0xC1, 0x71, 0xBA, 0x0A, 0x48, 0x2E,
    0x63, 0x39, 0x54, 0x70, 0x28, 0xDE, 0xF2, 0xA8, 0x11, 0xE0, 0x61, 0xE2, 0xB9, 0x13, 0xF1, 0x78,
    0x52, 0x43, 0x6D, 0x03, 0x18, 0x07, 0xE8, 0x19, 0x48, 0x43, 0x03, 0xD4, 0x1D, 0xA0, 0x1D, 0xA5,
    0xF9, 0x02, 0x94, 0x3B, 0x88, 0xE7, 0x31, 0xB2, 0xBE, 0x86, 0xB6, 0xE5, 0x2F, 0xDB, 0x2A, 0x0B,
    0x1E, 0x78, 0x58, 0x16, 0xD2, 0xA1, 0x9C, 0x1B, 0x50, 0x72, 0xE5, 0x40, 0x9D, 0x51, 0x65, 0x22,
    0xBF, 0xB6, 0x3C, 0x45, 0x5D, 0xA2, 0x2D, 0x83, 0xE5, 0xAC, 0x45, 0x53, 0xA2, 0xA8, 0x4D, 0x06,
    0x6A, 0x89, 0x4A, 0x6A, 0x83, 0x05, 0xCE, 0xE3, 0x05, 0xE8, 0x5B, 0x0E, 0x45, 0x3C, 0x73, 0x6E,
    0x13, 0x8F, 0xDF, 0xD2, 0x5C, 0x49, 0x08, 0xDC, 0x9A, 0x0F, 0x16, 0x95, 0xDF, 0xBF, 0xBF, 0xD5,
    0xFD, 0x9B, 0x3C, 0x9F, 0xD9, 0xDF, 0x84, 0x90, 0x8E, 0x54, 0xF1, 0x40, 0x70, 0x1B, 0x64, 0x04,
    0x8A, 0x77, 0x9F, 0xCB, 0x6C, 0x86, 0x23, 0x82, 0x3D, 0xEA, 0x21, 0xCA, 0xE6, 0x11, 0x82, 0x48,
    0x83, 0x36, 0x04, 0x0A, 0x04, 0x2D, 0x1F, 0x15, 0xB6, 0xE4, 0x02, 0x85, 0xF0, 0x63, 0xCB, 0x18,
    0xD8, 0x89, 0x7C, 0xC2, 0x24, 0x5C, 0x85, 0xE1, 0xD6, 0x61, 0x40, 0x1D, 0x28, 0x91, 0xC3, 0x9C,
    0x04, 0x20, 0x71, 0xB2, 0xE5, 0x48, 0x7B, 0x72, 0x03, 0x65, 0x93, 0xC8, 0x16, 0x99, 0x4D, 0x47,
    0xFE, 0x5F, 0x57, 0x6A, 0xE0, 0x48, 0x25, 0x05, 0x37, 0xC0, 0x21, 0x79, 0x86, 0xF1, 0xC8, 0x9C,
    0xF2, 0x34, 0x8B, 0x2B, 0xB4, 0x28, 0xD3, 0xA5, 0x8C, 0x0C, 0x78, 0xE8, 0xD4, 0x7E, 0x50, 0x87,
    0xDC, 0x93, 0x2B, 0x73, 0x25, 0x0A, 0xC8, 0x96, 0xE5, 0x0B, 0x13, 0x74, 0x27, 0x4A, 0x58, 0x57,
    0xDF, 0x09, 0x13, 0x8A, 0x95, 0x65, 0x1D, 0x05, 0xD7, 0xED, 0x80, 0x92, 0xCC, 0x70, 0xC2, 0x1F,
    0xD3, 0x90, 0x6B, 0xFE, 0x65, 0x4D, 0x4D, 0x69, 0x2B, 0xFE, 0x4D, 0x9E, 0x00, 0xCF, 0xFB, 0x9E,
    0x5C, 0x92, 0xB9, 0x9E, 0x2A, 0xF5, 0x50, 0x63, 0x32, 0x73, 0x6F, 0xE3, 0x88, 0x03, 0xF7, 0x97,
    0xB1, 0x66, 0x89, 0x33, 0x30, 0x82, 0x12, 0x69, 0x20, 0xA1, 0x06, 0x12, 0x6B, 0x88, 0x89, 0x5D,
    0x9D, 0x6E, 0x53, 0xF7, 0xCD, 0x7F, 0xC4, 0x1A, 0x70, 0x18, 0x71, 0x06, 0x6E, 0x99, 0xF2, 0x62,
    0x0C, 0x44, 0xEC, 0xB1, 0x96, 0xED, 0x3F, 0x91, 0xFD, 0x9F, 0xC4, 0x00, 0x24, 0x7E, 0xC4, 0xD0,
    0x93, 0x4D, 0xF4, 0xF7, 0x5C, 0xB6, 0x13, 0x5F, 0x27, 0xA8, 0x91, 0x98, 0xF5, 0x44, 0x5D, 0x11,
    0x1F, 0xC7, 0xE9, 0xE8, 0x2F, 0xFA, 0x0C, 0x23, 0xB5, 0xD9, 0xF6, 0xE0, 0x8E, 0x88, 0x26, 0x3D,
    0xB8, 0x0B, 0x62, 0xE9, 0xB9, 0xA5, 0x84, 0xA5, 0x68, 0xEE, 0x88, 0xF8, 0xAA, 0x13, 0xED, 0x2D,
    0x71, 0x98, 0x03, 0x9B, 0xCC, 0x11, 0x95, 0xD8, 0x54, 0x32, 0x89, 0x89, 0x05, 0xB1, 0xFE, 0xBA,
    0x02, 0xB8, 0xE9, 0x44, 0xDD, 0x21, 0x8D, 0xE8, 0xA8, 0x29, 0x35, 0x8B, 0x1F, 0x84, 0x6A, 0x13,
    0x13, 0xF0, 0x0B, 0x5D, 0x5A, 0xA8, 0x58, 0x28, 0x6B, 0x84, 0x92, 0x0A, 0xA7, 0xC5, 0x2D, 0x83,
    0xA3, 0xBC, 0x17, 0xC3, 0x0B, 0x14, 0x98, 0xBA, 0x50, 0x4E, 0x28, 0x73, 0x5C, 0x2F, 0x77, 0xBE,
    0x70, 0xA2, 0xD6, 0x9A, 0x64, 0xD3, 0xF7, 0x85, 0xF2, 0x7F, 0xED, 0xE9, 0x64, 0x97, 0x74, 0x47,
    0xD5, 0x8E, 0xDA, 0x52, 0xE6, 0x4E, 0x48, 0x57, 0x45, 0xA4, 0xFA, 0x40, 0x2C, 0xA3, 0x75, 0x62,
    0xE0, 0xC1, 0xC2, 0x20, 0x12, 0x84, 0x44, 0xED, 0xE2, 0xC4, 0xB3, 0xF8, 0x71, 0x16, 0x2E, 0x73,
    0x09, 0x86, 0x16, 0x94, 0x58, 0x55, 0x21, 0xEB, 0x34, 0x90, 0xDF, 0x3D, 0x5E, 0x82, 0x1E, 0xF0,
    0x07, 0xF7, 0xE4, 0x6D, 0xEA, 0xF9, 0xCA, 0x8C, 0x72, 0xD4, 0x0E, 0x99, 0xCD, 0x1C, 0x0D, 0xDF,
    0xA1, 0xA0, 0xA4, 0x3B, 0x0E, 0x78, 0x95, 0x83, 0x3B, 0x60, 0x62, 0x3A, 0x9C, 0x15, 0xE5, 0xD0,
    0x54, 0xE7, 0x23, 0x84, 0x03, 0x2A, 0x79, 0xA0, 0xD6, 0x1D, 0xC1, 0x12, 0x9A, 0x55, 0x3F, 0x9F,
    0x17, 0x7D, 0xF3, 0x97, 0xA6, 0x63, 0xB2, 0xD9, 0xD4, 0x63, 0x96, 0x80, 0x55, 0x06, 0x89, 0x59,
    0x4B, 0xD8, 0xDA, 0x22, 0xD7, 0xB2, 0xA5, 0x5B, 0xFC, 0x5A, 0x42, 0x18, 0x7F, 0x36, 0x2A, 0xC5,
    0x49, 0xB8, 0x7E, 0x09, 0x67, 0x72, 0x25, 0xC4, 0xA1, 0x17, 0x3A, 0x91, 0x2B, 0x4C, 0x72, 0x05,
    0xCF, 0x2B, 0x21, 0x89, 0x71, 0x42, 0x4C, 0xB6, 0x12, 0xE9, 0xE2, 0x41, 0x89, 0x43, 0xB7, 0x88,
    0x76, 0x66, 0x87, 0x77, 0x67, 0xE8, 0x8F, 0x17, 0x42, 0x51, 0x11, 0x4D, 0x43, 0x6C, 0x2D, 0x31,
    0x10, 0xD5, 0x1B, 0xC4, 0xEC, 0x36, 0x51, 0x6B, 0xE2, 0x23, 0x79, 0xC7, 0x4F, 0x4B, 0xA4, 0x7B,
    0x45, 0xEC, 0x4F, 0xCC, 0x55, 0x75, 0xC4, 0xEC, 0xCD, 0x1F, 0x46, 0xD4, 0x74, 0x47, 0x7C, 0x91,
    0x8A, 0x5E, 0x34, 0x0D, 0x31, 0x96, 0xC4, 0x89, 0xBF, 0xF4, 0xC4, 0x62, 0xA0, 0xD7, 0x84, 0x00,
    0x13, 0xEC, 0xD9, 0x64, 0x3C, 0x12, 0x6E, 0x50, 0x65, 0xD7, 0xA9, 0xAD, 0x6F, 0xDE, 0x97, 0x8C,
    0x19, 0xEA, 0xCC, 0x5B, 0x21, 0x02, 0x95, 0x66, 0xC4, 0xDA, 0xA0, 0x7B, 0x9C, 0x10, 0x26, 0xFE,
    0x97, 0x75, 0x87, 0x84, 0xBE, 0xD4, 0x23, 0x50, 0x29, 0x9E, 0x2A, 0x61, 0x92, 0x0B, 0xB3, 0x84,
    0x9D, 0x1E, 0xCA, 0xE5, 0x43, 0x04, 0xC5, 0x98, 0x97, 0x7A, 0xE4, 0x7D, 0x04, 0xDD, 0xA9, 0x11,
    0xDA, 0x2A, 0x17, 0xA1, 0xE8, 0x50, 0xC8, 0x1F, 0x13, 0x0C, 0x8C, 0x4C, 0xD4, 0xA3, 0x66, 0xE0,
    0x38, 0xA1, 0x70, 0x13, 0xAF, 0x3C, 0xEF, 0x31, 0x36, 0xA5, 0x1E, 0x75, 0x13, 0x27, 0x9A, 0x38,
    0x51, 0xFF, 0x71, 0x96, 0x17, 0x4B, 0x9C, 0xC3, 0xA3, 0x91, 0x5E, 0x04, 0x14, 0xC5, 0x81, 0x44,
    0x7C, 0x21, 0x49, 0x54, 0x99, 0xA5, 0x29, 0x8A, 0xF5, 0x93, 0x20, 0x54, 0x20, 0x23, 0x3D, 0x46,
    0x89, 0xB8, 0x4B, 0x22, 0xD3, 0xC1, 0x22, 0xD0, 0xB0, 0x88, 0xE4, 0x44, 0x28, 0xD5, 0x89, 0x29,
    0x2A, 0x6A, 0x80, 0x83, 0x08, 0x15, 0x8B, 0x84, 0x3B, 0x91, 0x51, 0x2F, 0xF1, 0xBC, 0x58, 0xA8,
    0x5C, 0x0A, 0x09, 0x03, 0x91, 0xE6, 0x71, 0x52, 0x87, 0x1D, 0xC9, 0xE2, 0x3B, 0x0B, 0x7D, 0x33,
    0x52, 0xD2, 0x7C, 0x8C, 0x05, 0xB0, 0x0E, 0x37, 0x43, 0x50, 0xA1, 0x43, 0x3E, 0x3F, 0xD1, 0x7E,
    0x20, 0xF5, 0xCE, 0x11, 0x47, 0x1D, 0x25, 0x2A, 0x17, 0x56, 0x49, 0xDA, 0x46, 0xD9, 0xE8, 0x46,
    0xD6, 0x68, 0xAA, 0x4B, 0x10, 0x51, 0x8D, 0xFC, 0x09, 0xD2, 0xCE, 0xC8, 0x9F, 0x00, 0xAE, 0xCE,
    0xAD, 0xDC, 0x91, 0x71, 0xA9, 0x5C, 0xCE, 0xC2, 0x0B, 0xDD, 0xFB, 0xD2, 0x8A, 0x64, 0xD6, 0x8B,
    0xE8, 0x08, 0x89, 0x97, 0x34, 0xA3, 0xBC, 0x1A, 0x44, 0xE7, 0xB9, 0x53, 0x4E, 0xD2, 0x42, 0xD9,
    0x29, 0x27, 0x3B, 0x54, 0x37, 0x19, 0x53, 0x2F, 0x92, 0x40, 0x73, 0x6A, 0x81, 0xC2, 0xE3, 0xCA,
    0x7B, 0x30, 0x3D, 0x4C, 0xA7, 0x42, 0x80, 0x1E, 0xB0, 0x1C, 0x9A, 0x56, 0xD5, 0xFE, 0x50, 0x52,
    0x5F, 0x60, 0x68, 0xA9, 0x91, 0xBA, 0x08, 0xB8, 0x40, 0x00, 0x5A, 0x82, 0x5F, 0xAB, 0x92, 0x3C,
    0x58, 0x7E, 0xA2, 0xDA, 0xA2, 0x97, 0xCC, 0x99, 0xAC, 0x36, 0x74, 0x8E, 0x57, 0xE2, 0x95, 0xD7,
    0xF8, 0x0B, 0xB1, 0x68, 0xF3, 0xCB, 0xD6, 0x22, 0xA7, 0x6E, 0xF1, 0x70, 0xF5, 0xFB, 0x19, 0xEA,
    0x81, 0xEB, 0xB0, 0xD2, 0x47, 0x29, 0xA1, 0xF9, 0x0A, 0x78, 0x04, 0x2F, 0xF4, 0xE9, 0xDF, 0xEF,
    0x3C, 0xF5, 0x3B, 0xCE, 0xF4, 0x6B, 0x3A, 0x68, 0x25, 0x39, 0x40, 0x53, 0x0B, 0x24, 0xF1, 0xFC,
    0x82, 0x1F, 0x62, 0x1C, 0x10, 0x27, 0xDB, 0x6D, 0x24, 0xE1, 0xE8, 0xAA, 0x2C, 0x13, 0x22, 0x30,
    0xE0, 0x84, 0x12, 0xB1, 0x3A, 0xA4, 0x8C, 0xB7, 0xE2, 0xCC, 0x93, 0x44, 0x18, 0x78, 0x71, 0x1C,
    0xA1, 0x12, 0x09, 0xE9, 0x50, 0xCA, 0x24, 0xE3, 0xC5, 0x24, 0x8D, 0x43, 0x31, 0x49, 0xBE, 0xA4,
    0xBB, 0x6C, 0x25, 0x65, 0x2D, 0xDD, 0xC7, 0x80, 0x32, 0x00, 0x8A, 0x51, 0x39, 0xB2, 0x9E, 0x20,
    0x5C, 0x50, 0x3F, 0x6D, 0x85, 0xC7, 0x23, 0xE7, 0x75, 0x85, 0x7F, 0x19, 0x01, 0x1D, 0xC5, 0x7A,
    0x77, 0x88, 0x5C, 0x58, 0xF5, 0xBA, 0x93, 0x8C, 0xA4, 0x6E, 0x45, 0x7E, 0x44, 0x5B, 0xCD, 0x45,
    0x3D, 0xAE, 0xED, 0x23, 0x5C, 0xD5, 0x4E, 0x77, 0xF1, 0x47, 0xB2, 0xD4, 0x0D, 0x2E, 0xE8, 0x20,
    0x73, 0xAE, 0xB0, 0xCC, 0x57, 0xEF, 0x76, 0x65, 0x64, 0xA7, 0xDE, 0xB7, 0xA6, 0x22, 0x07, 0x18,
    0x90, 0x67, 0x72, 0xC2, 0x7C, 0x50, 0x03, 0x17, 0x87, 0x74, 0x48, 0xA2, 0xED, 0xB4, 0x53, 0xE2,
    0xF4, 0xBA, 0x7F, 0x26, 0xF4, 0xDC, 0xC0, 0x47, 0x17, 0x93, 0x4A, 0xC5, 0xA4, 0x78, 0xB5, 0xCF,
    0xED, 0x24, 0x2A, 0x33, 0x23, 0x59, 0xDE, 0x20, 0x51, 0x8C, 0x62, 0xD1, 0x7F, 0xB9, 0x90, 0x01,
    0x8A, 0x85, 0x4C, 0x73, 0x3A, 0xB7, 0x93, 0x26, 0xB9, 0x01, 0xBF, 0x4F, 0xF1, 0xFB, 0xDC, 0x3E,
    0x57, 0x31, 0x63, 0x2E, 0x26, 0xD5, 0x63, 0x3D, 0xDA, 0x19, 0x5B, 0x5F, 0xA9, 0x18, 0x3F, 0x12,
    0x4F, 0xD5, 0x7B, 0xCA, 0x35, 0x33, 0xF6, 0xB4, 0x9C, 0xBE, 0xE5, 0x74, 0xC1, 0x08, 0x34, 0xC0,
    0xCC, 0x95, 0x4F, 0x86, 0x03, 0x47, 0x50, 0x02, 0x2E, 0x82, 0x76, 0xA6, 0x42, 0x61, 0x0B, 0x0B,
    0x53, 0x49, 0x26, 0x55, 0xD3, 0x33, 0x03, 0xAD, 0xA6, 0x91, 0xBE, 0x52, 0xC2, 0x75, 0x60, 0x85,
    0x43, 0x6A, 0x64, 0xF9, 0xE3, 0xFD, 0x15, 0x0E, 0xAF, 0xFE, 0xE7, 0x0A, 0xA7, 0xB0, 0x5B, 0xB7,
    0xF6, 0x6B, 0x56, 0x38, 0xC9, 0xA2, 0x85, 0xB5, 0x97, 0xAB, 0x83, 0xA5, 0x48, 0x93, 0xE8, 0xB5,
    0x63, 0x42, 0x77, 0x5B, 0x42, 0x4F, 0x98, 0xD0, 0x23, 0xE8, 0x8E, 0x60, 0x53, 0x82, 0x1A, 0x51,
    0xD8, 0x9C, 0x29, 0x8D, 0xB9, 0x3C, 0x04, 0x44, 0xF8, 0xC5, 0x6F, 0xB3, 0x8D, 0x17, 0xD8, 0x7A,
    0xCA, 0x5F, 0xA3, 0x8D, 0x3F, 0xF5, 0xB8, 0x24, 0xF1, 0xAA, 0xBF, 0x9A, 0x8E, 0x49, 0x7F, 0x5D,
    0x0D, 0xDB, 0xE3, 0x92, 0x8F, 0xEE, 0x39, 0x0B, 0x82, 0xA9, 0x3E, 0xA2, 0xA4, 0xF8, 0x4C, 0xB8,
    0x4C, 0x15, 0xB8, 0x8F, 0xBD, 0x4E, 0x46, 0xF2, 0x0D, 0x1A, 0x53, 0xBE, 0xA8, 0x35, 0x10, 0x1E,
    0xA6, 0x9E, 0x73, 0xE9, 0x05, 0xDB, 0xD7, 0x7C, 0x6D, 0x95, 0x4F, 0xC6, 0xCC, 0xE5, 0x4E, 0x0D,
    0x6A, 0xD4, 0x92, 0x2A, 0xC5, 0xBC, 0xBD, 0x69, 0x32, 0x62, 0xC5, 0xCD, 0x35, 0x95, 0xEE, 0x52,
    0xA2, 0x55, 0x82, 0x99, 0x2B, 0x6D, 0x61, 0x75, 0xAF, 0xFB, 0xB2, 0x8A, 0x23, 0x4C, 0xE6, 0xA9,
    0x19, 0x6B, 0x31, 0x96, 0xB4, 0xD2, 0xE9, 0xB4, 0xF7, 0xF2, 0x28, 0x3E, 0xF1, 0x92, 0x6C, 0x4C,
    0xB0, 0xB5, 0x47, 0x31, 0x37, 0xB5, 0x38, 0x74, 0x41, 0xB7, 0x90, 0x82, 0x25, 0x60, 0xA4, 0xE0,
    0xA9, 0x84, 0xDC, 0xE7, 0x25, 0x08, 0xDF, 0x96, 0x0F, 0x7B, 0x41, 0x47, 0xCC, 0x05, 0x8B, 0x91,
    0x78, 0xC9, 0x13, 0xDD, 0x24, 0xB5, 0x4E, 0x58, 0x2A, 0x08, 0xDE, 0x96, 0x1D, 0x3E, 0xE2, 0x66,
    0xA4, 0xD2, 0x1A, 0x17, 0x23, 0xEA, 0xF8, 0x13, 0xD2, 0x30, 0xFF, 0xFE, 0xF4, 0x0B, 0xA1, 0x43,
    0xBB, 0x10, 0xC4, 0x70, 0x84, 0xF4, 0x42, 0xF9, 0x42, 0x59, 0xB3, 0x50, 0x25, 0x74, 0x1E, 0x8C,
    0xE1, 0xF1, 0xE7, 0xE5, 0xB9, 0x7A, 0x79, 0xA6, 0x22, 0x74, 0x2F, 0x32, 0xDA, 0xFD, 0x4F, 0x21,
    0x3F, 0xE2, 0xEA, 0x14, 0x8C, 0x3F, 0xB4, 0x77, 0x62, 0x29, 0x0D, 0xBE, 0x9E, 0xE3, 0x47, 0x69,
    0xF2, 0x94, 0xE9, 0x0F, 0x5F, 0x10, 0x05, 0x42, 0x30, 0x11, 0x54, 0x83, 0xA0, 0xDB, 0xE3, 0x33,
    0x77, 0xB1, 0x3D, 0xBE, 0xA9, 0xC3, 0x8F, 0x83, 0x37, 0x92, 0xE3, 0xBF, 0xDB, 0x0E, 0x6B, 0x96,
    0x37, 0xCD, 0x1A, 0x94, 0xCD, 0x16, 0x96, 0xCD, 0xA6, 0xC4, 0x7A, 0x0B, 0xCD, 0x27, 0x5B, 0x70,
    0x9E, 0xB6, 0xF0, 0xEC, 0x21, 0xC9, 0x5E, 0x2E, 0x44, 0x9D, 0xC9, 0x7A, 0x01, 0x09, 0x18, 0x72,
    0x21, 0x75, 0xB0, 0x0C, 0x22, 0x4A, 0x96, 0x41, 0x0C, 0x20, 0x83, 0xC8, 0x85, 0x0C, 0x22, 0x3A,
    0x5E, 0xC6, 0x46, 0xBA, 0x5D, 0x88, 0x82, 0x83, 0x84, 0x6D, 0x39, 0xFA, 0xFF, 0x35, 0xC2, 0xFB,
    0x7B, 0xC2, 0xF7, 0x9B, 0xF0, 0x5B, 0x1C, 0x2C, 0xFA, 0x85, 0x91, 0x75, 0x0B, 0x43, 0xD9, 0x5F,
    0x79, 0x91, 0x56, 0x8C, 0x64, 0x0C, 0xB9, 0x73, 0x83, 0x1D, 0x97, 0x72, 0x95, 0xCB, 0xB8, 0x9E,
    0xF7, 0x11, 0xEE, 0x6B, 0xED, 0xBA, 0xAD, 0xCE, 0xAF, 0x6A, 0x1A, 0x4B, 0xB1, 0xEF, 0xEF, 0xCE,
    0xB6, 0x76, 0x85, 0x4D, 0xA4, 0xBF, 0x1B, 0x13, 0xE9, 0xEF, 0x46, 0x84, 0xB5, 0xBF, 0xEB, 0xE2,
    0x69, 0xE9, 0x54, 0xB8, 0xB2, 0x7F, 0x72, 0x28, 0x67, 0x26, 0xA7, 0xA8, 0x74, 0xF3, 0xAA, 0xE5,
    0xB4, 0xA7, 0xCE, 0xD0, 0x73, 0x4E, 0xCA, 0x20, 0x6A, 0xA3, 0x18, 0x8B, 0x5F, 0x69, 0x6B, 0x20,
    0xDC, 0x93, 0x29, 0x8F, 0x3C, 0x69, 0x8C, 0x4C, 0xD5, 0x51, 0xB4, 0x09, 0x10, 0xC1, 0xBC, 0xB0,
    0x69, 0xC4, 0xCB, 0x92, 0x90, 0x2E, 0x8A, 0xF4, 0x17, 0x27, 0x31, 0x82, 0x86, 0xBA, 0x10, 0x39,
    0x45, 0x48, 0x91, 0xF0, 0x23, 0x62, 0x79, 0xE8, 0xCF, 0x2A, 0x44, 0x5B, 0x42, 0x7F, 0x7F, 0xC3,
    0x5B, 0x6C, 0x0D, 0x6F, 0x72, 0xA6, 0xE1, 0x95, 0x23, 0x97, 0xDE, 0xE1, 0x2D, 0x49, 0xA0, 0xF5,
    0x6A, 0x6D, 0x8E, 0x9F, 0xB8, 0xB0, 0xCE, 0xD2, 0x9D, 0x82, 0x9C, 0x91, 0x40, 0x87, 0xB0, 0x6F,
    0x4C, 0xF7, 0x89, 0x0C, 0xE7, 0x80, 0x19, 0x3B, 0x40, 0x7A, 0x87, 0x81, 0x52, 0x74, 0x30, 0xFF,
    0x1E, 0x2A, 0xE4, 0x61, 0x64, 0x1C, 0x07, 0xCE, 0x94, 0xE1, 0x2A, 0x38, 0x59, 0xA6, 0x79, 0x73,
    0x96, 0x95, 0xCE, 0x30, 0x15, 0x73, 0xF4, 0xC0, 0x79, 0x33, 0xB7, 0x84, 0x8D, 0xBC, 0x2F, 0xAC,
    0x04, 0x91, 0xCE, 0x34, 0xC2, 0xB6, 0x06, 0x32, 0x72, 0x90, 0x28, 0x5B, 0x84, 0x59, 0xB8, 0x0C,
    0x7E, 0x69, 0x2C, 0x13, 0x72, 0x0F, 0x93, 0x92, 0x2D, 0x6A, 0x72, 0x69, 0x71, 0xC2, 0xFB, 0xA6,
    0xC2, 0x44, 0xAE, 0x01, 0x2F, 0x11, 0x8F, 0x3C, 0xD3, 0x1D, 0x52, 0x2F, 0x9A, 0x93, 0xA7, 0x85,
    0xBF, 0x6C, 0x1B, 0x56, 0x10, 0x4A, 0x84, 0xDE, 0xE4, 0x66, 0x27, 0x37, 0xAC, 0x29, 0x43, 0x4D,
    0x98, 0x44, 0x08, 0x4E, 0xD1, 0x25, 0x44, 0x69, 0xA5, 0x0B, 0xAB, 0x06, 0x5E, 0x2F, 0x1E, 0x49,
    0xCC, 0x5D, 0x16, 0x51, 0x85, 0x97, 0xB9, 0x71, 0x12, 0x44, 0xD3, 0x49, 0x5B, 0xAE, 0x96, 0xA8,
    0x9D, 0x78, 0xA1, 0x95, 0x42, 0x4F, 0x72, 0x82, 0xD4, 0x99, 0x4B, 0x95, 0x59, 0xB8, 0xF3, 0xAC,
    0x31, 0x9B, 0x32, 0x38, 0x4E, 0xFE, 0x57, 0x80, 0xB9, 0x23, 0x22, 0xB3, 0x62, 0x4E, 0x46, 0x64,
    0x2E, 0x1D, 0x96, 0xB9, 0x0A, 0x82, 0x69, 0x08, 0xC8, 0x7A, 0x71, 0x89, 0xCD, 0x16, 0x0C, 0xA1,
    0x8D, 0xF0, 0xD5, 0xDB, 0x16, 0x65, 0xF8, 0x5A, 0x80, 0x9E, 0x32, 0x0F, 0x5C, 0x46, 0x25, 0xDE,
    0x47, 0x28, 0x98, 0x02, 0x43, 0x64, 0x6A, 0xB0, 0x8D, 0x73, 0x26, 0xF3, 0xD2, 0x9C, 0x03, 0xB9,
    0xF4, 0xBB, 0x45, 0x00, 0x3E, 0x3B, 0x3F, 0xD3, 0xC1, 0x38, 0xCE, 0x61, 0xE3, 0xBC, 0x75, 0xF4,
    0x2D, 0xB4, 0xD4, 0x9A, 0x00, 0x55, 0x48, 0x18, 0x20, 0xBD, 0xBA, 0x04, 0x8F, 0xC3, 0x55, 0x82,
    0x0A, 0xC5, 0x6B, 0xD4, 0x96, 0xC4, 0x87, 0x4F, 0xC9, 0x84, 0x33, 0x10, 0xDA, 0x28, 0xB4, 0xEE,
    0xB4, 0xD5, 0x7D, 0x51, 0xE9, 0xCE, 0xA0, 0xB4, 0xF5, 0xF9, 0x19, 0xD4, 0xEE, 0xFC, 0x0F, 0x23,
    0x38, 0xAE, 0x87, 0xA9, 0x78, 0x4E, 0xB4, 0x6E, 0x18, 0x94, 0x71, 0x18, 0x29, 0x0B, 0x38, 0x48,
    0x3D, 0xB2, 0xC7, 0x86, 0xB2, 0x75, 0x95, 0xD0, 0x17, 0xB7, 0x34, 0x27, 0xBB, 0xDD, 0x21, 0x1B,
    0x23, 0xD9, 0x2D, 0xC1, 0xF1, 0x3C, 0x87, 0x16, 0x3B, 0x98, 0x30, 0x40, 0x73, 0x1B, 0x98, 0xF2,
    0xCF, 0xBF, 0xB0, 0x54, 0xC8, 0x17, 0x8C, 0x15, 0x93, 0xD9, 0x62, 0x01, 0x17, 0x83, 0x94, 0x0D,
    0x99, 0x4F, 0xE6, 0xD6, 0xE7, 0x7D, 0xE6, 0x0B, 0x96, 0x11, 0xF1, 0x5E, 0x0D, 0x35, 0xF2, 0xC9,
    0xAE, 0x87, 0x72, 0x1E, 0x59, 0x3C, 0xF3, 0x8E, 0x31, 0x67, 0x42, 0x59, 0x1D, 0xE2, 0x10, 0xE6,
    0xD9, 0x11, 0xF9, 0x36, 0x3E, 0x3B, 0x9A, 0xB9, 0xAD, 0x94, 0x2B, 0xAC, 0x8E, 0xFF, 0x8A, 0xA6,
    0xB0, 0x06, 0xA6, 0xA9, 0xD1, 0x62, 0xBE, 0xE8, 0xC5, 0x1C, 0xA6, 0xCB, 0x38, 0xF5, 0xDE, 0xE5,
    0x1C, 0x6A, 0x7C, 0x01, 0xE5, 0x87, 0x23, 0x32, 0x8E, 0x21, 0xEB, 0x6C, 0x32, 0x9B, 0x7B, 0xA8,
    0xE0, 0xB4, 0x35, 0x2D, 0xB2, 0xE7, 0x06, 0x6D, 0x7D, 0x89, 0xF3, 0xC9, 0xA8, 0x6F, 0xBA, 0x82,
    0x9F, 0x2C, 0x9E, 0x74, 0xE7, 0xC8, 0x65, 0xD6, 0x81, 0x6C, 0x24, 0x2B, 0x33, 0xE2, 0x91, 0x93,
    0x95, 0xD3, 0xE1, 0x9A, 0x26, 0x2B, 0x77, 0x54, 0x08, 0xF7, 0x9E, 0xBC, 0xCB, 0xAC, 0xD7, 0xF6,
    0x02, 0x8E, 0x74, 0x33, 0xEA, 0xEE, 0x3A, 0x8E, 0x4D, 0x3A, 0x64, 0xA1, 0x87, 0x19, 0x95, 0x4B,
    0xD9, 0x89, 0x55, 0xB8, 0xA7, 0x6F, 0x35, 0x07, 0x68, 0xCB, 0x87, 0x20, 0xDA, 0x2A, 0x14, 0xD4,
    0x39, 0x80, 0x6B, 0xD2, 0xEF, 0xA2, 0x1D, 0x00, 0x1C, 0x03, 0x30, 0x72, 0x5E, 0x8D, 0xA7, 0xC7,
    0x09, 0xDA, 0xA7, 0x3C, 0xCA, 0x55, 0x1F, 0xB5, 0xC3, 0x18, 0x4F, 0x9F, 0xB9, 0x64, 0xCC, 0xFA,
    0x74, 0xC8, 0x3B, 0xE5, 0xB4, 0x95, 0xB3, 0xD7, 0x36, 0xEB, 0x8A, 0x38, 0x6E, 0x59, 0x31, 0x92,
    0x96, 0xA2, 0x27, 0x83, 0x3B, 0x8D, 0x51, 0xDF, 0x6F, 0x4C, 0xD0, 0x73, 0x31, 0xEA, 0x31, 0xA9,
    0x50, 0xE1, 0x13, 0xF8, 0x12, 0x0C, 0x1C, 0xCC, 0x4F, 0x2C, 0x8A, 0xB0, 0x76, 0x1E, 0x0F, 0x66,
    0x6C, 0xE3, 0x74, 0x40, 0xED, 0xF4, 0x8C, 0xCC, 0x65, 0x6C, 0xD7, 0x74, 0x85, 0xAC, 0x7F, 0x1C,
    0xC8, 0x3B, 0x7A, 0xF5, 0xAD, 0x2E, 0x42, 0xB0, 0x5B, 0xD4, 0x7D, 0x4E, 0xDE, 0x96, 0x8E, 0xE0,
    0x42, 0x09, 0x33, 0xB8, 0xFD, 0xD4, 0x81, 0xE9, 0xE1, 0x91, 0x0F, 0x12, 0x31, 0xFA, 0x05, 0x70,
    0x35, 0xEF, 0x00, 0xE9, 0x35, 0xDD, 0x06, 0x49, 0x14, 0x0A, 0x2A, 0x4A, 0x15, 0xC1, 0xB0, 0x7A,
    0x8A, 0xA0, 0x11, 0xA1, 0xC0, 0x21, 0xB0, 0xC3, 0x31, 0x3E, 0xED, 0x39, 0x9A, 0x43, 0x3D, 0xD2,
    0x8D, 0xFB, 0x73, 0x52, 0x22, 0x67, 0x33, 0x50, 0x56, 0xC8, 0x02, 0x43, 0x86, 0x18, 0x78, 0x00,
    0xD0, 0x56, 0x8A, 0x14, 0xAA, 0x4C, 0xA8, 0xD1, 0x87, 0x40, 0xF2, 0x86, 0xDD, 0x79, 0x40, 0xDD,
    0xB6, 0x57, 0x17, 0x72, 0x91, 0xB2, 0xA7, 0x5F, 0xBD, 0xC9, 0x4E, 0x39, 0xFB, 0xC9, 0xB3, 0x03,
    0xF0, 0x88, 0xBA, 0x43, 0x7B, 0xDF, 0xA9, 0x49, 0xB9, 0x38, 0x9D, 0x1A, 0x23, 0xD1, 0xC9, 0x55,
    0xB0, 0xC6, 0xA6, 0x5D, 0x12, 0xAA, 0x73, 0xA0, 0x01, 0x50, 0x8A, 0xA3, 0x4D, 0xBF, 0xCA, 0x45,
    0x1B, 0xE9, 0x95, 0xBB, 0xA7, 0xE3, 0x10, 0xFA, 0x78, 0x76, 0x8B, 0x7E, 0xB7, 0xB3, 0x68, 0x0E,
    0xE3, 0x79, 0x0C, 0x1D, 0xBC, 0x14, 0xC6, 0x49, 0xB5, 0xF7, 0xFB, 0x4C, 0x3E, 0x57, 0xC6, 0x18,
    0xB2, 0xF8, 0x54, 0xEA, 0xE7, 0xC8, 0x67, 0xFD, 0x4A, 0x77, 0xCC, 0x5A, 0x54, 0xA9, 0x79, 0xD6,
    0x4B, 0x8E, 0xA2, 0x1D, 0x1A, 0x67, 0x6C, 0xFD, 0x76, 0x70, 0xD9, 0xBB, 0xCF, 0xB9, 0x28, 0xF4,
    0x90, 0x8D, 0x6C, 0xEC, 0xA2, 0x0C, 0x22, 0x4B, 0xD6, 0x6B, 0x9B, 0x77, 0x65, 0x73, 0x9F, 0x1C,
    0xF6, 0xB4, 0x1C, 0x2A, 0x64, 0x74, 0xB0, 0x92, 0x1A, 0xBC, 0x61, 0xD6, 0xF8, 0x5B, 0x57, 0x65,
    0x83, 0x96, 0x31, 0x63, 0x62, 0x28, 0x61, 0xDC, 0x21, 0x20, 0x1D, 0x96, 0x2A, 0xE9, 0x84, 0x40,
    0xE9, 0xD2, 0x11, 0x59, 0x9F, 0x39, 0xE4, 0xE3, 0x15, 0x0B, 0x1D, 0x26, 0xBE, 0x1F, 0xAA, 0xB6,
    0x02, 0x45, 0x3A, 0xB6, 0x7D, 0x5B, 0xD5, 0x11, 0xC6, 0xB3, 0x21, 0x6F, 0x0D, 0x05, 0x79, 0x65,
    0xB0, 0x0F, 0x4F, 0x7E, 0x3B, 0xEF, 0x0F, 0x05, 0x12, 0x4E, 0xB6, 0xA5, 0x17, 0x3D, 0xB8, 0xFA,
    0x76, 0x44, 0x54, 0xC0, 0x3B, 0xAF, 0x79, 0x44, 0x1D, 0x7C, 0x08, 0x8F, 0xA8, 0x06, 0x1F, 0x29,
    0x6A, 0x62, 0x8C, 0x44, 0x65, 0x48, 0x6E, 0xE0, 0x2E, 0x81, 0x2A, 0x89, 0x44, 0xAD, 0x44, 0x32,
    0x72, 0x5B, 0x28, 0xEF, 0x40, 0xF5, 0x44, 0x3A, 0xE4, 0x6F, 0x3B, 0x1C, 0xA3, 0xAC, 0xF2, 0xC0,
    0x98, 0x0B, 0x35, 0x43, 0x8E, 0xCB, 0x4C, 0x46, 0xBA, 0x51, 0x33, 0x35, 0xB3, 0xE4, 0x73, 0x64,
    0x16, 0xA6, 0x8A, 0x10, 0x3F, 0xCA, 0x62, 0x5E, 0x63, 0x81, 0xBC, 0x7B, 0x8C, 0xE1, 0x65, 0x47,
    0xB8, 0x41, 0x70, 0x40, 0xF2, 0x81, 0x15, 0x73, 0x24, 0x60, 0x0D, 0x10, 0x38, 0x20, 0x38, 0x69,
    0x86, 0xD6, 0x6E, 0xF0, 0xF3, 0x81, 0x8A, 0xF2, 0x84, 0x7E, 0xDF, 0x08, 0xE2, 0xFC, 0x8B, 0x44,
    0x33, 0x13, 0x3D, 0xD5, 0x95, 0xBA, 0x2F, 0xEE, 0xAB, 0xFE, 0x9E, 0x98, 0x4B, 0x43, 0x1D, 0xDE,
    0x70, 0x88, 0x91, 0x3A, 0x78, 0xD0, 0xB2, 0x66, 0x50, 0xC1, 0x06, 0x65, 0x53, 0xC2, 0xAC, 0xFF,
    0x6A, 0xC1, 0x99, 0x3D, 0x17, 0x26, 0x1C, 0xA3, 0x86, 0x67, 0x7C, 0x12, 0x9C, 0x88, 0x09, 0xCF,
    0x51, 0x0D, 0x38, 0x51, 0x03, 0x4B, 0xE0, 0xEF, 0x7B, 0x76, 0x50, 0xD2, 0x73, 0x26, 0x4F, 0xBE,
    0x5D, 0x01, 0xC8, 0x96, 0x09, 0x2D, 0xFD, 0x41, 0x13, 0x5F, 0x29, 0x78, 0xDB, 0x5F, 0xC2, 0xB6,
    0xCB, 0x12, 0x2D, 0xC5, 0x19, 0x75, 0x8F, 0xD6, 0x96, 0xEC, 0x79, 0xB6, 0xF0, 0xA1, 0xDE, 0xE9,
    0x23, 0xBC, 0x2F, 0xAF, 0x98, 0xB7, 0x1E, 0x1B, 0x92, 0x67, 0x03, 0x47, 0x6D, 0x2B, 0xA0, 0x90,
    0x80, 0xCC, 0xA1, 0x47, 0x79, 0x4E, 0xC2, 0x4A, 0xCC, 0xAA, 0xF9, 0x37, 0x89, 0x6D, 0xA1, 0x18,
    0xF5, 0x9C, 0x54, 0xC9, 0x9F, 0x83, 0x11, 0x05, 0x39, 0x23, 0x95, 0x5B, 0xDE, 0xEE, 0x0F, 0x00,
    0x3A, 0x98, 0x01, 0x47, 0xF1, 0xF4, 0x6A, 0xF5, 0x6B, 0xE5, 0x94, 0xDB, 0xFB, 0x36, 0x0D, 0xBD,
    0xEE, 0x14, 0x33, 0xC8, 0x5F, 0xDF, 0x7B, 0xA3, 0xDE, 0x2C, 0xA7, 0x0E, 0x58, 0xFD, 0x89, 0xF2,
    0xE1, 0x1A, 0x22, 0x31, 0x5E, 0x51, 0x4A, 0x78, 0x88, 0xE9, 0x31, 0x3B, 0x0A, 0x69, 0xCB, 0x09,
    0xC4, 0xF4, 0xD2, 0x7B, 0x16, 0x49, 0xB9, 0x23, 0x51, 0x74, 0xB1, 0xC8, 0xD2, 0x8A, 0x79, 0x99,
    0xA6, 0xB4, 0x91, 0x42, 0x53, 0x5B, 0xC4, 0x65, 0x7C, 0xF7, 0x0D, 0x0B, 0xAE, 0xE4, 0x7B, 0x01,
    0xC5, 0x98, 0x4F, 0x6A, 0x82, 0xE4, 0x81, 0xCB, 0xF8, 0xB8, 0xA6, 0xAD, 0x64, 0xDA, 0xB0, 0x4C,
    0xFB, 0xF4, 0xE9, 0xB7, 0xA0, 0x6A, 0x12, 0x2A, 0x46, 0x21, 0xD3, 0x9D, 0x7E, 0x6F, 0xF6, 0x25,
    0x6A, 0x28, 0x34, 0xF1, 0xB4, 0x25, 0xAE, 0x49, 0x67, 0xF3, 0x39, 0xAA, 0x4F, 0x8A, 0xBC, 0x1F,
    0xB0, 0xB3, 0xAD, 0xB2, 0xBE, 0xB4, 0x51, 0x26, 0xEA, 0x79, 0x3D, 0xF3, 0x9E, 0x15, 0x91, 0x1A,
    0xEA, 0x0A, 0x61, 0xA2, 0x39, 0x71, 0x75, 0xF9, 0x8C, 0x36, 0xA2, 0xBC, 0x01, 0xC0, 0x2C, 0x16,
    0x3F, 0xC9, 0x4E, 0xF8, 0x0D, 0xDF, 0x7C, 0x21, 0x62, 0x11, 0xA6, 0x74, 0x40, 0x59, 0xB5, 0xE2,
    0xE4, 0xE5, 0x2D, 0x62, 0xB1, 0xE0, 0x8F, 0x64, 0x99, 0xCF, 0x47, 0xAC, 0x0C, 0x5F, 0xBE, 0xBF,
    0x36, 0x67, 0xA1, 0x51, 0x61, 0x50, 0x41, 0x6A, 0xDB, 0x0B, 0x9C, 0x45, 0xCE, 0x8C, 0x67, 0x2F,
    0x5E, 0xC5, 0xB1, 0x39, 0xB2, 0x84, 0xB8, 0xA2, 0xA9, 0xAB, 0xB2, 0x2A, 0x4F, 0x47, 0x55, 0x5B,
    0x36, 0xA6, 0xD2, 0x3F, 0x9B, 0x11, 0xC7, 0x91, 0x51, 0x50, 0x0F, 0x67, 0x2B, 0x04, 0x06, 0x8B,
    0xED, 0xFC, 0x9B, 0x97, 0x3B, 0x84, 0xB0, 0xB7, 0x20, 0xA9, 0x10, 0x0E, 0x17, 0x1F, 0xCC, 0x1D,
    0x4C, 0xA8, 0x24, 0x91, 0x1B, 0xC7, 0x51, 0x6A, 0xA7, 0xE6, 0x59, 0x3C, 0xD9, 0x54, 0xCA, 0x2D,
    0x01, 0xEB, 0x24, 0xE2, 0x52, 0x69, 0xE9, 0x9B, 0x82, 0x61, 0xB8, 0x87, 0xE5, 0x93, 0x8E, 0x96,
    0x2F, 0x1D, 0xAC, 0x20, 0x88, 0x13, 0x0E, 0x93, 0x31, 0x19, 0x71, 0x8C, 0x39, 0xEF, 0xC1, 0x2A,
    0xA4, 0x02, 0x64, 0x16, 0x64, 0xE1, 0xAE, 0xBC, 0x22, 0x5C, 0xCA, 0xED, 0xC4, 0xF3, 0x51, 0x34,
    0x6D, 0x88, 0x31, 0x00, 0x10, 0xA8, 0xFF, 0x2E, 0x82, 0x0E, 0x63, 0x84, 0xFF, 0x1C, 0x20, 0xEA,
    0x94, 0x51, 0x31, 0x45, 0x50, 0x3E, 0xC2, 0xC5, 0x35, 0x49, 0x06, 0x3C, 0x44, 0x15, 0x12, 0x51,
    0xD8, 0x45, 0x77, 0xA9, 0x93, 0x08, 0x27, 0xF7, 0xF1, 0x80, 0x0A, 0xC1, 0xC7, 0x94, 0x85, 0xD1,
    0x9D, 0x9C, 0xFF, 0x3F, 0xE5, 0x5A, 0x1E, 0xDC, 0xD8, 0x00, 0x34, 0x03, 0xDD, 0x92, 0x8A, 0x18,
    0xF6, 0xA4, 0xAB, 0x4C, 0x46, 0xD6, 0x8D, 0x0F, 0x41, 0xB9, 0xD0, 0xA9, 0x77, 0x83, 0x53, 0x41,
    0xB9, 0xCC, 0xAF, 0x09, 0xB7, 0xDF, 0x27, 0xDC, 0xE2, 0xBE, 0xC4, 0x5F, 0x56, 0xC7, 0x30, 0x92,
    0x3F, 0x21, 0xE7, 0x31, 0x36, 0x09, 0x44, 0x37, 0x7F, 0xDB, 0x33, 0x48, 0x32, 0x60, 0x46, 0xC9,
    0x36, 0xAF, 0x38, 0x02, 0x12, 0x17, 0x4F, 0xDE, 0x7F, 0x10, 0x05, 0xFE, 0x47, 0x67, 0xDD, 0xF0,
    0x52, 0x23, 0x16, 0xF9, 0xD1, 0x59, 0x77, 0x5F, 0xF8, 0xE6, 0xD6, 0x54, 0x4C, 0x73, 0xDA, 0xFE,
    0x3F, 0x1A, 0xB4, 0x84, 0x52, 0x15, 0x96, 0x97, 0x3D, 0xC8, 0x97, 0x11, 0xBE, 0x8D, 0x23, 0xB8,
    0x78, 0xD2, 0x82, 0xDA, 0xA7, 0x1C, 0x4A, 0xFE, 0x5E, 0xEA, 0xD3, 0x25, 0xBF, 0xE0, 0x9B, 0xB2,
    0x30, 0x57, 0x3B, 0x16, 0x98, 0x79, 0xB7, 0x49, 0x55, 0x56, 0x06, 0xEB, 0x3F, 0x5F, 0xBA, 0x44,
    0xB6, 0xE3, 0xB6, 0x2D, 0x6F, 0x77, 0xC5, 0x6D, 0x7B, 0x3E, 0xC5, 0xAA, 0x0F, 0xC7, 0x9F, 0xCC,
    0xD1, 0x41, 0xF3, 0xFD, 0xD3, 0x34, 0x7A, 0x53, 0x59, 0xC1, 0xE0, 0xD4, 0x8F, 0x47, 0xE9, 0x90,
    0x60, 0x3D, 0x0C, 0xCF, 0x6A, 0xE1, 0xFF, 0x83, 0xED, 0x90, 0xD8, 0x5D, 0x30, 0x7E, 0x2F, 0xB2,
    0xAF, 0x9B, 0x2D, 0xD9, 0x75, 0x3B, 0xB7, 0xE7, 0x48, 0x38, 0x1D, 0xFB, 0xCB, 0x75, 0xA8, 0xB3,
    0x5B, 0x2B, 0x1F, 0x7F, 0x94, 0x61, 0xA4, 0x59, 0x5A, 0xE5, 0x6E, 0x4F, 0xB8, 0xAA, 0x2D, 0xE9,
    0xC6, 0x42, 0x6E, 0x25, 0x0E, 0x86, 0xA4, 0x33, 0x2F, 0xC9, 0xDB, 0x63, 0x13, 0xBC, 0x10, 0xB3,
    0x63, 0x56, 0x49, 0x25, 0xAD, 0x11, 0xA9, 0x42, 0x81, 0x63, 0xD2, 0x8E, 0xFF, 0x63, 0x49, 0x6C,
    0xD0, 0x32, 0x50, 0x98, 0x57, 0xE3, 0xA5, 0x95, 0xC2, 0xF0, 0x1C, 0xD6, 0x02, 0x09, 0x03, 0xF5,
    0xC4, 0x55, 0x64, 0x4E, 0xD6, 0x20, 0x98, 0xF5, 0xC4, 0xBC, 0xCB, 0x64, 0x35, 0x12, 0xDB, 0x42,
    0x08, 0x53, 0x8C, 0x6E, 0x2F, 0xBF, 0xD9, 0x36, 0xCC, 0x03, 0x4B, 0x44, 0xD3, 0x5D, 0xC4, 0x46,
    0x30, 0xDE, 0x61, 0xFB, 0xCA, 0xBA, 0x31, 0x1F, 0x58, 0x2B, 0xA4, 0xC1, 0x4B, 0x82, 0x7F, 0xD0,
    0xCE, 0x72, 0x7F, 0x75, 0x2A, 0x61, 0x7F, 0x7B, 0x42, 0x7F, 0xEF, 0x75, 0x43, 0x0F, 0xEC, 0x77,
    0xF4, 0x81, 0x37, 0x2A, 0x0F, 0x6F, 0xB1, 0x2B, 0x9E, 0xEA, 0x74, 0xEC, 0x7A, 0x40, 0x4D, 0x1B,
    0x5E, 0x54, 0xA0, 0x98, 0x11, 0xA6, 0x03, 0x20, 0x09, 0x6E, 0xFF, 0x34, 0xE8, 0x77, 0x56, 0x60,
    0xFE, 0x66, 0x2B, 0xFB, 0xDE, 0x98, 0x3C, 0x61, 0xD9, 0xBA, 0x89, 0xE6, 0xA4, 0x15, 0x9B, 0xD6,
    0x59, 0x3B, 0xAC, 0x07, 0x75, 0x6B, 0x90, 0xF7, 0x86, 0xDD, 0x44, 0xE1, 0xFE, 0x74, 0xE2, 0xB2,
    0x06, 0x9C, 0xA0, 0x6C, 0xF8, 0x08, 0x25, 0x52, 0x32, 0x80, 0xD6, 0x96, 0x2E, 0x75, 0xB9, 0x5A,
    0xA9, 0x13, 0xA2, 0x16, 0x68, 0x89, 0x4D, 0x24, 0xC3, 0xF5, 0x1B, 0xB4, 0x2C, 0x27, 0xCD, 0x13,
    0xC1, 0x1E, 0x00, 0xE5, 0x93, 0xB1, 0xA1, 0x8B, 0xF4, 0xF4, 0xD7, 0x5E, 0xE5, 0x2E, 0xFF, 0x85,
    0x7E, 0xDD, 0x46, 0x3A, 0xD0, 0x6F, 0x20, 0xD2, 0xA0, 0x27, 0x52, 0xAF, 0x47, 0xD9, 0xD9, 0xDC,
    0x91, 0x2A, 0x6E, 0x6F, 0xDE, 0xA8, 0x2E, 0x75, 0xC6, 0xA9, 0x5E, 0x8D, 0x9F, 0xA4, 0x7B, 0x8C,
    0xE9, 0x40, 0xC4, 0x18, 0x71, 0x80, 0x4F, 0x5D, 0xE2, 0xE0, 0x93, 0xF8, 0xFB, 0x88, 0x83, 0xB2,
    0xF0, 0x6A, 0xC8, 0x1B, 0x1C, 0xE9, 0x51, 0x03, 0x47, 0x8F, 0x8D, 0x3B, 0xE0, 0xDA, 0x55, 0x3F,
    0x02, 0x87, 0x6E, 0xEE, 0x01, 0x63, 0x83, 0x8D, 0x58, 0x05, 0x79, 0x9F, 0xE1, 0xA9, 0xD6, 0x60,
    0xCF, 0x3E, 0xBB, 0x14, 0x77, 0x1B, 0xE5, 0xDB, 0x2E, 0xAC, 0x6E, 0x77, 0xF8, 0x8A, 0xB6, 0x5F,
    0xD9, 0x1E, 0x1E, 0xC6, 0x02, 0x03, 0xE6, 0xF4, 0x77, 0x68, 0xE4, 0x61, 0x2E, 0xDB, 0xAD, 0xDC,
    0x61, 0xE2, 0x95, 0xE7, 0xBD, 0xED, 0x3B, 0x34, 0xD5, 0xC5, 0xF9, 0x65, 0xF9, 0x0E, 0x4D, 0x27,
    0xED, 0x10, 0x60, 0x62, 0x37, 0x04, 0xB0, 0x1B, 0xA4, 0x6D, 0x71, 0xC6, 0x6C, 0x14, 0x6F, 0x77,
    0x44, 0xDD, 0x09, 0xDA, 0x2C, 0x4C, 0x11, 0xF3, 0x0F, 0x42, 0xC5, 0x4D, 0x2D, 0xC4, 0xF7, 0xF4,
    0x19, 0xDC, 0xBC, 0x3D, 0x13, 0x6F, 0x4F, 0x56, 0x6F, 0x3F, 0xF3, 0xAD, 0x01, 0x9B, 0x84, 0x49,
    0x56, 0xA6, 0xE3, 0x38, 0x5C, 0x5C, 0x5D, 0x19, 0x0B, 0xE5, 0x44, 0xB8, 0x25, 0xE0, 0x14, 0x80,
    0xEE, 0x19, 0x34, 0x21, 0x83, 0x2E, 0x5C, 0x0A, 0xC7, 0x49, 0x39, 0x1A, 0xD5, 0x20, 0x83, 0x9B,
    0x8D, 0xD1, 0x02, 0xC2, 0x41, 0xB8, 0x5E, 0xF9, 0x64, 0xE5, 0x09, 0xAD, 0xB0, 0x47, 0xBD, 0xB2,
    0x69, 0xF0, 0x82, 0xBC, 0x8F, 0xEA, 0x55, 0xC7, 0xC7, 0x95, 0x39, 0xD3, 0x58, 0x4B, 0xF1, 0x66,
    0x60, 0x13, 0xDB, 0xB0, 0x6E, 0x24, 0xB6, 0xAD, 0x65, 0x27, 0x41, 0xE3, 0xCA, 0xFB, 0x35, 0x06,
    0x55, 0x79, 0xC7, 0x28, 0xCE, 0xB5, 0x2F, 0xB1, 0x70, 0x10, 0x74, 0x28, 0xAA, 0x63, 0x11, 0xE5,
    0x34, 0xD6, 0x38, 0x27, 0x71, 0xF8, 0x0B, 0x38, 0x46, 0x11, 0x13, 0xA3, 0x5F, 0xCA, 0x86, 0xAD,
    0x70, 0x28, 0x05, 0x8D, 0x60, 0x20, 0x24, 0xA1, 0x92, 0xEF, 0x85, 0x35, 0x11, 0xF3, 0xAF, 0xED,
    0xBF, 0x17, 0xB6, 0x13, 0xBC, 0xAA, 0xF9, 0x59, 0x79, 0x24, 0x92, 0x0A, 0xAA, 0xDB, 0x2C, 0xAD,
    0xB4, 0x26, 0x3E, 0x22, 0xB8, 0x2B, 0x9E, 0x1B, 0x80, 0x1B, 0xE5, 0x57, 0x47, 0xC0, 0x99, 0xD4,
    0x43, 0x75, 0x26, 0xF1, 0xC8, 0x2C, 0xB1, 0xEC, 0x0F, 0xB3, 0x80, 0x30, 0x1C, 0x97, 0xC1, 0x6E,
    0xFE, 0x2D, 0xC6, 0x4D, 0xF8, 0x33, 0xC2, 0xDB, 0x03, 0xB3, 0xCA, 0xC8, 0x64, 0xE2, 0x81, 0x3C,
    0x44, 0xD0, 0x84, 0xDD, 0xD1, 0xB5, 0x38, 0x2A, 0xBB, 0x35, 0x37, 0x1A, 0x28, 0x3B, 0x18, 0xE4,
    0xCF, 0x3A, 0x53, 0xC5, 0xD2, 0xAE, 0xB6, 0xED, 0x2D, 0x17, 0x7A, 0x31, 0xDD, 0x6C, 0xB5, 0x5E,
    0xCA, 0x49, 0x73, 0x2A, 0xC9, 0x6E, 0x89, 0x1B, 0x59, 0xE4, 0x77, 0x29, 0x6D, 0x8F, 0xE4, 0xE7,
    0x64, 0x0B, 0x75, 0x6B, 0xE1, 0xFC, 0xAB, 0x83, 0x98, 0xB4, 0x4E, 0xC7, 0x65, 0x8F, 0x39, 0xA5,
    0xD9, 0x18, 0x78, 0x67, 0x10, 0x4E, 0x5F, 0x77, 0x91, 0x6B, 0x7E, 0x4C, 0x5E, 0xBB, 0x69, 0xE5,
    0xE4, 0x5B, 0xAC, 0x45, 0xD6, 0xCB, 0x23, 0xE9, 0x5D, 0xDE, 0x19, 0xF2, 0x2B, 0xDC, 0x9B, 0xD4,
    0xC3, 0x45, 0x8E, 0x36, 0xFF, 0x94, 0xD7, 0x37, 0xF9, 0xE5, 0xDA, 0x3B, 0x73, 0xF1, 0x7C, 0x70,
    0xDC, 0x5B, 0x8B, 0x88, 0xF2, 0x94, 0x9C, 0x92, 0x29, 0x87, 0x7F, 0x96, 0xC2, 0x20, 0x4A, 0x95,
    0x77, 0xEA, 0x55, 0xFE, 0x2A, 0x7B, 0x62, 0xD9, 0xD5, 0x51, 0xD0, 0xA3, 0xA8, 0xBE, 0x33, 0x7A,
    0x98, 0xA8, 0x9F, 0x88, 0xE9, 0xAB, 0xEE, 0x18, 0x26, 0x7B, 0xCE, 0x1D, 0xE2, 0x30, 0xCA, 0x50,
    0xE3, 0xB8, 0x7E, 0xB2, 0x0B, 0x8D, 0x0F, 0xCF, 0xDF, 0xA2, 0x5E, 0x29, 0x77, 0xB5, 0x90, 0x98,
    0x20, 0xAE, 0x89, 0x65, 0x62, 0x90, 0x52, 0x62, 0xD1, 0xBA, 0xD5, 0x15, 0xA9, 0x7B, 0x1C, 0xE2,
    0xE5, 0x03, 0x29, 0xFD, 0xB0, 0x27, 0x5D, 0x0C, 0xBF, 0x20, 0x2D, 0x9F, 0x56, 0x71, 0xAF, 0x1A,
    0xEA, 0xCC, 0x2F, 0x55, 0x84, 0x90, 0xA9, 0x84, 0xEA, 0x64, 0x24, 0x4D, 0xA9, 0xD3, 0x1D, 0x12,
    0xAF, 0x48, 0x6A, 0x60, 0xCE, 0x44, 0xE1, 0x8A, 0xBB, 0xD9, 0x08, 0xBE, 0x10, 0x61, 0xA6, 0x55,
    0xF2, 0x02, 0x27, 0x13, 0x94, 0x30, 0x89, 0x64, 0x60, 0xC5, 0x88, 0x23, 0x49, 0x8D, 0x46, 0x1E,
    0x54, 0x17, 0x87, 0x10, 0xB3, 0xE2, 0x3C, 0x1F, 0x7E, 0xC8, 0x4D, 0x7B, 0xAE, 0xA7, 0xBA, 0xB3,
    0x2E, 0xA2, 0xCF, 0xAD, 0x47, 0x1A, 0xA7, 0x3D, 0x86, 0x72, 0x74, 0xF8, 0xA2, 0xAB, 0x3B, 0x53,
    0xD5, 0x4F, 0x04, 0x57, 0x58, 0x6E, 0x3D, 0x77, 0x4B, 0xDE, 0xB7, 0xF2, 0xC2, 0x2E, 0xEF, 0x41,
    0xA0, 0x2B, 0x28, 0x51, 0xF4, 0xA5, 0xED, 0xFB, 0xCB, 0xA3, 0xEC, 0xBF, 0x62, 0x80, 0xE4, 0xFD,
    0x74, 0xD4, 0x8D, 0x5C, 0x80, 0xA6, 0x25, 0x51, 0xED, 0x64, 0xC4, 0x6A, 0x03, 0x77, 0x57, 0x47,
    0xDF, 0xBE, 0xD7, 0x31, 0x97, 0x4F, 0x3B, 0x31, 0x83, 0xD1, 0x28, 0x27, 0x76, 0xE0, 0xE4, 0x82,
    0x6F, 0x6A, 0xE4, 0x82, 0x61, 0xEA, 0x50, 0x0D, 0x8B, 0x9B, 0x1F, 0xAF, 0x17, 0xF0, 0xE9, 0xB8,
    0x3C, 0x64, 0xF7, 0x11, 0x69, 0x0D, 0x59, 0xA8, 0x66, 0x44, 0x73, 0xE8, 0xF9, 0x8A, 0xBA, 0x31,
    0x2E, 0xA7, 0xAA, 0x8D, 0xD3, 0xA4, 0xCC, 0xE5, 0x1D, 0x5F, 0xBF, 0x38, 0x89, 0xE7, 0x59, 0x2F,
    0x41, 0x3C, 0xDE, 0xF2, 0x1A, 0xB2, 0x8E, 0xDD, 0xE2, 0xF2, 0x73, 0x25, 0x14, 0x7A, 0x14, 0x55,
    0xAD, 0xA5, 0x4F, 0xF4, 0xFA, 0xD9, 0x48, 0xE9, 0x58, 0x3C, 0x31, 0xC2, 0x64, 0xAE, 0x84, 0xC7,
    0xA1, 0xEE, 0x4C, 0xA4, 0xE3, 0xFA, 0x66, 0xDB, 0x04, 0xF8, 0x59, 0x85, 0xDE, 0x34, 0xC0, 0xB7,
    0x55, 0x4F, 0x3F, 0xA5, 0xE9, 0x1F, 0xAC, 0xEF, 0xBA, 0x53, 0x71, 0xB4, 0xBB, 0x6D, 0x03, 0xD3,
    0x30, 0x89, 0xF3, 0xE6, 0x25, 0xAA, 0xEC, 0x8F, 0x08, 0xA2, 0x33, 0xD1, 0x8E, 0xD8, 0xD1, 0xF9,
    0x97, 0xA9, 0xC5, 0xA5, 0x46, 0xF4, 0xF7, 0x22, 0x47, 0x4D, 0x30, 0xD5, 0x06, 0xF5, 0xF6, 0x8B,
    0x4C, 0x5E, 0x91, 0xF5, 0x4B, 0xDB, 0x56, 0xCA, 0x76, 0x43, 0x80, 0xED, 0xFB, 0x77, 0xC3, 0x88,
    0x82, 0xF6, 0x9D, 0xFC, 0x13, 0x1C, 0x96, 0x23, 0xC1, 0x39, 0x28, 0xDB, 0x22, 0x79, 0xE7, 0x3D,
    0x40, 0xCC, 0xA6, 0x81, 0x79, 0x6B, 0xC0, 0x31, 0xBC, 0xFC, 0xFB, 0xDC, 0x56, 0xF1, 0x73, 0x47,
    0x03, 0x15, 0xD1, 0x2C, 0x8B, 0x50, 0xFB, 0x93, 0x02, 0x9F, 0x0F, 0x4D, 0xC6, 0xCC, 0xF5, 0x6F,
    0xCB, 0x8C, 0x6C, 0x6B, 0xCC, 0x5F, 0x06, 0x5B, 0x84, 0x3B, 0x16, 0x48, 0x51, 0x3B, 0x13, 0x54,
    0x40, 0xE9, 0xCA, 0xBB, 0x19, 0xDF, 0x73, 0xE7, 0x0C, 0xFD, 0x79, 0xC7, 0x16, 0x5E, 0xC2, 0xFF,
    0x69, 0x62, 0xBF, 0x8C, 0x92, 0x95, 0x7E, 0x15, 0xC9, 0xC0, 0x70, 0x91, 0x0C, 0xAE, 0x52, 0x58,
    0x30, 0xAF, 0xD8, 0xC3, 0xD4, 0x73, 0xD6, 0x63, 0xED, 0x36, 0x73, 0x07, 0x1E, 0x0D, 0x3F, 0x00,
    0x0F, 0x2F, 0x98, 0x8C, 0x42, 0x6A, 0x58, 0xC8, 0x09, 0x3D, 0x33, 0x09, 0xD1, 0x61, 0xF7, 0xC7,
    0x75, 0x82, 0xBB, 0x07, 0xD4, 0x59, 0x4A, 0x6D, 0x2B, 0x2B, 0xF1, 0x81, 0xF9, 0xFF, 0x47, 0x31,
    0xFD, 0x67, 0xAF, 0xD2, 0xE7, 0x9A, 0xA3, 0x08, 0xD5, 0x2E, 0xEB, 0x35, 0xE3, 0x4F, 0xC1, 0x48,
    0x5D, 0x12, 0x2E, 0xE1, 0xCB, 0x7C, 0x7E, 0x75, 0xBD, 0xB0, 0x07, 0x70, 0x85, 0x3D, 0x4A, 0xE3,
    0x2A, 0x7C, 0xDE, 0xE8, 0xDE, 0x1F, 0x22, 0x63, 0x60, 0x49, 0x44, 0x48, 0x91, 0x63, 0x0F, 0x19,
    0x27, 0xCB, 0xCF, 0xBE, 0xB8, 0xDD, 0x7F, 0x19, 0x29, 0x9F, 0xDB, 0x0E, 0x86, 0x95, 0xCE, 0x4C,
    0x87, 0xF7, 0xC0, 0x44, 0xF3, 0x98, 0x69, 0x1E, 0x6D, 0x61, 0x23, 0x98, 0x9F, 0x76, 0x11, 0xC2,
    0x8C, 0x50, 0xBF, 0xD6, 0x86, 0xB9, 0x46, 0x3E, 0x4D, 0x2D, 0xDB, 0x94, 0x08, 0x4A, 0xC0, 0xD5,
    0x0C, 0xFA, 0x06, 0x10, 0xA5, 0xF2, 0x8B, 0x1E, 0xC9, 0x04, 0x35, 0x5D, 0x71, 0xFB, 0x2F, 0x23,
    0x71, 0x22, 0xEA, 0xC4, 0xAA, 0x21, 0x97, 0x67, 0xC3, 0x45, 0xBC, 0x32, 0x55, 0x3A, 0x9A, 0x6F,
    0xA9, 0xB1, 0x0D, 0x3F, 0x19, 0x43, 0x1E, 0x86, 0x09, 0x9F, 0x74, 0x13, 0x32, 0x47, 0xA7, 0x3B,
    0x81, 0xB4, 0xCD, 0x28, 0x7F, 0xEC, 0x91, 0xAD, 0xCF, 0x9A, 0xEB, 0xC0, 0xC7, 0xC2, 0x57, 0x66,
    0xA4, 0xC1, 0x6A, 0x87, 0xEC, 0xE7, 0x55, 0xEE, 0xC0, 0x52, 0xDB, 0xA1, 0x90, 0xC5, 0xEE, 0x04,
    0x0F, 0x04, 0x5D, 0xC4, 0x21, 0x11, 0x54, 0xB4, 0x8E, 0x31, 0xB3, 0x14, 0x5A, 0xCB, 0xEE, 0x15,
    0x82, 0x3B, 0xC1, 0x03, 0x41, 0x47, 0x9C, 0x04, 0x5B, 0x4B, 0xAC, 0x17, 0x24, 0xC0, 0xAC, 0x37,
    0xB2, 0xBE, 0x66, 0x9D, 0x93, 0xF7, 0xB8, 0x76, 0x5D, 0xA6, 0x50, 0x2E, 0x95, 0xD0, 0x63, 0x23,
    0xE4, 0x0D, 0xD2, 0x41, 0xD3, 0x28, 0x1E, 0x23, 0x70, 0x70, 0x7F, 0x63, 0x1B, 0x7A, 0x96, 0x2C,
    0x6B, 0x39, 0xFA, 0x3D, 0x57, 0xBA, 0x40, 0x78, 0x58, 0xDA, 0xEB, 0x82, 0x59, 0x0B, 0xF9, 0x6B,
    0x4B, 0x81, 0xC6, 0x30, 0x8A, 0xB1, 0x94, 0x9C, 0xBE, 0x36, 0x38, 0xBF, 0xEB, 0xC5, 0xE3, 0xEB,
    0xEC, 0x0E, 0xBC, 0xB4, 0xAD, 0xD2, 0x78, 0x3E, 0xC9, 0xF4, 0x6B, 0xF9, 0x91, 0x8A, 0xEB, 0xF8,
    0x6D, 0xE9, 0x67, 0x7F, 0x24, 0x61, 0x14, 0x86, 0x54, 0x7B, 0x32, 0x61, 0xB5, 0xDA, 0xB2, 0xA7,
    0x12, 0x16, 0x3F, 0x54, 0xDB, 0x77, 0x7D, 0xD4, 0x7B, 0x01, 0x45, 0xC5, 0xF4, 0x75, 0x37, 0xC0,
    0xB0, 0xE6, 0x53, 0x51, 0xFA, 0xC2, 0xB2, 0x42, 0x1C, 0x8B, 0x86, 0x69, 0x3C, 0x5E, 0x30, 0x18,
    0xD4, 0xFC, 0x60, 0xBC, 0x68, 0xC4, 0x94, 0xE3, 0x05, 0x5A, 0x8E, 0x90, 0x75, 0x05, 0x2F, 0xD8,
    0x29, 0xEE, 0xE4, 0xC2, 0xF2, 0xA2, 0x86, 0x38, 0x8B, 0x24, 0xBC, 0x1A, 0xE9, 0xDB, 0x3D, 0x73,
    0xD2, 0x84, 0xE4, 0x7D, 0xBB, 0x7C, 0x65, 0x0D, 0xA1, 0x42, 0x76, 0xF7, 0x4A, 0xB7, 0x04, 0x4A,
    0x29, 0x00, 0x8F, 0xB6, 0xC2, 0x75, 0x00, 0x4E, 0xC7, 0x09, 0xE9, 0xEE, 0x96, 0xA3, 0x5C, 0x39,
    0x99, 0x16, 0xCE, 0x83, 0xDB, 0x2E, 0x2A, 0x52, 0xE1, 0x73, 0x26, 0xD7, 0x10, 0x9E, 0xF6, 0xC9,
    0x4C, 0x61, 0x3D, 0x4E, 0x74, 0x97, 0xF7, 0x1E, 0x97, 0x0A, 0x9B, 0xB9, 0x63, 0x3C, 0x6E, 0x2A,
    0x7A, 0xE1, 0xCE, 0x30, 0x81, 0xE1, 0xA0, 0x45, 0x16, 0x69, 0x60, 0x0C, 0x2C, 0x2B, 0xBA, 0x53,
    0x5F, 0x3C, 0xDB, 0x45, 0xB2, 0xFA, 0x96, 0x9D, 0xD8, 0xC2, 0xDC, 0xC6, 0x09, 0xFD, 0xF4, 0x0D,
    0x98, 0x78, 0x91, 0x79, 0x94, 0xFF, 0x31, 0x52, 0x7B, 0x2C, 0x24, 0x95, 0x13, 0x5F, 0x53, 0x8B,
    0x6C, 0xBA, 0x12, 0xBA, 0x24, 0x08, 0x2F, 0x98, 0x3B, 0xA2, 0x09, 0x56, 0x68, 0xB9, 0x87, 0x17,
    0x09, 0xCA, 0x13, 0xC5, 0xE7, 0x73, 0x79, 0x39, 0x6F, 0x5E, 0x77, 0x93, 0xA8, 0xA2, 0x96, 0xDF,
    0x99, 0x8A, 0x1B, 0x55, 0x5A, 0xDD, 0x43, 0xBE, 0xB8, 0x48, 0x34, 0x96, 0x77, 0x4C, 0x45, 0xAC,
    0x39, 0xE0, 0x82, 0xDC, 0x0D, 0xD4, 0x20, 0xB6, 0x82, 0xD3, 0xFA, 0x6D, 0x5D, 0x23, 0x59, 0xA2,
    0x94, 0x82, 0x50, 0xBF, 0x36, 0xD4, 0xD5, 0xF6, 0xA5, 0xA4, 0x56, 0xD2, 0x57, 0x3E, 0x6E, 0xEF,
    0x22, 0xB6, 0xE3, 0x04, 0x90, 0x84, 0x83, 0x3A, 0x0C, 0x48, 0xBD, 0x9F, 0xB8, 0x80, 0x7A, 0x7D,
    0x17, 0xDE, 0x48, 0xD4, 0x8F, 0xD0, 0xAE, 0x9D, 0xB8, 0xC4, 0xFE, 0x9A, 0x30, 0x11, 0xA2, 0xA2,
    0xA5, 0xF0, 0xF8, 0x84, 0xEE, 0x99, 0xD5, 0x38, 0xD9, 0xB8, 0xE5, 0xC3, 0xCF, 0x42, 0x8E, 0x62,
    0x10, 0xAA, 0x97, 0x1A, 0xCB, 0x15, 0x9E, 0xF4, 0xAC, 0xFB, 0xD6, 0xA9, 0xCC, 0x00, 0x27, 0x98,
    0x74, 0x42, 0x1A, 0xFB, 0x43, 0x05, 0xAB, 0x03, 0x50, 0xDE, 0x71, 0xF5, 0x9D, 0x0E, 0x27, 0xA9,
    0x9B, 0x94, 0x4B, 0x7C, 0xE2, 0x5E, 0x91, 0x26, 0xB0, 0xBA, 0x90, 0x8E, 0xD4, 0x36, 0x5D, 0xB7,
    0x13, 0x2A, 0x2C, 0xA8, 0x85, 0x72, 0x21, 0x11, 0x43, 0x8D, 0x66, 0x99, 0x6A, 0x21, 0x57, 0x93,
    0xB2, 0x85, 0xF4, 0x4A, 0x1D, 0x89, 0x6A, 0x06, 0x2A, 0x26, 0xB8, 0x4A, 0x59, 0x04, 0x94, 0xB6,
    0x18, 0xD8, 0xEC, 0x87, 0x99, 0xBD, 0x86, 0x0A, 0xAE, 0xA4, 0x9A, 0x1E, 0x06, 0x2E, 0x63, 0x4B,
    0x19, 0x30, 0x62, 0x81, 0xEF, 0xD5, 0x5C, 0x55, 0xF7, 0xB3, 0x71, 0xBF, 0xA6, 0x05, 0x1D, 0x21,
    0x6F, 0x88, 0xE7, 0x4E, 0xF5, 0x66, 0x7D, 0x31, 0x22, 0x9D, 0x7D, 0x1D, 0x90, 0xF7, 0x07, 0x23,
    0x9F, 0xB0, 0x5C, 0x75, 0xBA, 0xD9, 0x7A, 0x1C, 0x62, 0x2D, 0x78, 0x2C, 0x35, 0xC8, 0x44, 0x6C,
    0x3C, 0x25, 0xAC, 0x88, 0x06, 0x0B, 0x1E, 0xE1, 0x4B, 0x7C, 0x6A, 0x2C, 0xCF, 0xEA, 0xCC, 0x4F,
    0xC3, 0xF7, 0x59, 0x1C, 0x3C, 0xFD, 0x5F, 0xDD, 0x5D, 0x0D, 0x88, 0xDD, 0x56, 0x76, 0x3E, 0x92,
    0x62, 0x6B, 0xE3, 0xD7, 0xF8, 0x1A, 0x68, 0xDA, 0x10, 0xA7, 0xD6, 0x02, 0x01, 0x02, 0x8C, 0xF3,
    0x02, 0x04, 0x58, 0xE0, 0x79, 0xA4, 0x6C, 0x81, 0x05, 0x0A, 0xC4, 0xD0, 0x98, 0x00, 0x4B, 0xD9,
    0x02, 0xE5, 0xAF, 0x3F, 0xEB, 0x00, 0x81, 0xBA, 0xC5, 0xF6, 0x53, 0x5A, 0xFE, 0x17, 0x5A, 0x03,
    0x6D, 0xF9, 0x59, 0x68, 0xC3, 0x7F, 0x3B, 0x01, 0x1C, 0x20, 0x40, 0x16, 0x66, 0x46, 0x97, 0x35,
    0x10, 0x20, 0xFC, 0x88, 0x96, 0x36, 0xD0, 0x40, 0xA3, 0x10, 0x77, 0x0B, 0x36, 0x30, 0x6A, 0x2B,
    0x6F, 0x64, 0xAF, 0xF4, 0x6E, 0x75, 0xBE, 0xA3, 0x33, 0x23, 0xBD, 0xBC, 0x19, 0x26, 0xB3, 0xE3,
    0x1D, 0xA7, 0xCA, 0xE8, 0xDC, 0x67, 0xC2, 0xCC, 0xDC, 0x73, 0x74, 0x75, 0xEF, 0xF9, 0xF9, 0xBE,
    0x33, 0x92, 0xC2, 0x7B, 0x43, 0xE6, 0xE6, 0xAC, 0x0C, 0x3C, 0x81, 0x17, 0x9E, 0x09, 0x49, 0xAE,
    0x27, 0x39, 0xDC, 0x27, 0x0F, 0x11, 0x88, 0x0F, 0x49, 0xB6, 0x7C, 0x85, 0x06, 0xD7, 0xE3, 0x4F,
    0x06, 0xC8, 0x95, 0xF5, 0xB0, 0x58, 0xD6, 0x8B, 0x0F, 0xFE, 0xA0, 0xE4, 0xA8, 0x8E, 0x8B, 0xA8,
    0xDE, 0xC0, 0x2F, 0x8C, 0xED, 0xC8, 0xF3, 0x83, 0xC8, 0xC6, 0x42, 0x3C, 0x44, 0x08, 0xAB, 0x91,
    0x5F, 0x08, 0xCD, 0xB2, 0x03, 0x69, 0x97, 0x57, 0x1F, 0x0A, 0x34, 0x10, 0x6E, 0x01, 0x87, 0xC4,
    0x41, 0x85, 0x62, 0x8B, 0xED, 0x64, 0xA2, 0xB9, 0xD1, 0x79, 0x5F, 0x90, 0x6B, 0x07, 0x77, 0xD6,
    0x4F, 0x29, 0xFA, 0x85, 0xA5, 0x90, 0x95, 0x8B, 0xF6, 0xC9, 0x82, 0xDE, 0x54, 0x5D, 0xFD, 0x42,
    0x08, 0x2D, 0xC6, 0x52, 0xF6, 0x0F, 0x89, 0x40, 0x14, 0xB0, 0x37, 0x17, 0xE4, 0xFF, 0x6F, 0x73,
    0x2E, 0xC8, 0xAF, 0xAF, 0xF3, 0x56, 0xB0, 0xC3, 0x5B, 0x56, 0x9F, 0xB9, 0x72, 0x15, 0x05, 0xFF,
    0xDD, 0x52, 0x90, 0xAF, 0xC1, 0x5B, 0x0A, 0x49, 0xAF, 0x4B, 0xCF, 0x6F, 0x2C, 0xE6, 0xAE, 0xD9,
    0xEC, 0x63, 0xED, 0xCB, 0x74, 0xB5, 0x99, 0xBA, 0x2C, 0xCE, 0xF9, 0x44, 0xFD, 0x4E, 0x53, 0x55,
    0x2F, 0xD3, 0x45, 0x5E, 0x33, 0x64, 0x90, 0xF1, 0xF2, 0xEF, 0xB2, 0x4B, 0x7D, 0xE9, 0xAA, 0x7B,
    0x85, 0x6E, 0xD0, 0xE0, 0xF2, 0x9D, 0x8C, 0xA0, 0x7D, 0xE0, 0x32, 0x4A, 0xA2, 0x7D, 0x86, 0xF7,
    0x51, 0xBD, 0x94, 0x64, 0x14, 0x56, 0x98, 0x12, 0x87, 0xC1, 0xE4, 0xFF, 0xE7, 0x26, 0xCF, 0xE3,
    0x07, 0xE4, 0xDB, 0x35, 0x62, 0xBF, 0x3F, 0xA1, 0xAF, 0x73, 0x99, 0x02, 0xC3, 0xA4, 0x98, 0x37,
    0x24, 0xBB, 0xF7, 0xC3, 0x1F, 0xE2, 0xC3, 0x4F, 0xAE, 0x16, 0x46, 0x5E, 0xE8, 0x09, 0x7D, 0xAD,
    0xEB, 0xF9, 0x84, 0x35, 0xEA, 0x66, 0xED, 0x4A, 0xA9, 0x7D, 0x78, 0x8F, 0xF0, 0xF2, 0x66, 0x14,
    0x60, 0x86, 0x6F, 0x87, 0xE3, 0x19, 0xC2, 0x70, 0x84, 0x54, 0x3D, 0x46, 0x44, 0x1D, 0xB8, 0xCE,
    0x6A, 0xB8, 0xF0, 0x94, 0xEC, 0x3F, 0xC3, 0x04, 0xAB, 0xA1, 0xA5, 0x93, 0x52, 0x4F, 0x24, 0xEA,
    0x4D, 0x7B, 0x46, 0x0F, 0x27, 0xA1, 0x34, 0x3C, 0x87, 0xC3, 0xF5, 0x0D, 0x00, 0xA7, 0x02, 0x2C,
    0xE8, 0x9A, 0x17, 0xA2, 0xFA, 0x37, 0xB5, 0xFE, 0x80, 0x92, 0x0E, 0x7D, 0xFD, 0x99, 0x0C, 0xDF,
    0x21, 0x35, 0x5D, 0x11, 0xF5, 0x1F, 0x5A, 0xDA, 0x94, 0xD9, 0x6E, 0xD1, 0xD7, 0xBF, 0xA0, 0xD9,
    0xA6, 0x68, 0x86, 0x22, 0xBF, 0xE0, 0x19, 0xEB, 0xDE, 0x53, 0xE7, 0xF0, 0x0D, 0x1A, 0xBC, 0x48,
    0x5C, 0x19, 0x2B, 0x65, 0x19, 0xEA, 0xC4, 0xAF, 0x43, 0x92, 0xEA, 0x3E, 0xF0, 0x31, 0x74, 0x1D,
    0x29, 0x61, 0xF0, 0x7D, 0x44, 0x20, 0x7E, 0xE9, 0x17, 0x3C, 0xD4, 0x48, 0xF5, 0xA3, 0xA4, 0x09,
    0x34, 0xEF, 0x28, 0xAB, 0xB6, 0x92, 0x8B, 0xE3, 0xD7, 0x78, 0x73, 0x81, 0xA6, 0xEB, 0xB9, 0x38,
    0x76, 0xC8, 0xC5, 0x89, 0x84, 0x8B, 0x33, 0x4D, 0xC1, 0xC5, 0x89, 0x93, 0x11, 0x17, 0x27, 0xA2,
    0x7D, 0xB9, 0x38, 0x8B, 0x5D, 0x2E, 0x4E, 0x36, 0xE6, 0xE2, 0xFC, 0x8D, 0x10, 0x27, 0x46, 0xE7,
    0x27, 0x26, 0xBF, 0xE7, 0x9A, 0xA4, 0x18, 0xA6, 0x4B, 0xEB, 0x41, 0x10, 0xCF, 0x53, 0x3A, 0x4B,
    0x71, 0x67, 0x9F, 0xF8, 0x4D, 0x06, 0x24, 0xA6, 0x8A, 0x4A, 0x62, 0xD4, 0x4C, 0x77, 0x37, 0x01,
    0x6E, 0xBF, 0x0E, 0x8B, 0x40, 0xD3, 0xCC, 0x52, 0xF1, 0x4D, 0x27, 0x82, 0x9A, 0x91, 0xE8, 0xA3,
    0xBB, 0x77, 0x6C, 0xDC, 0x01, 0x75, 0xB8, 0xF0, 0x6C, 0x9A, 0x89, 0xF3, 0x12, 0xFA, 0x63, 0x94,
    0x94, 0x61, 0x69, 0x1F, 0x34, 0xCA, 0x61, 0x48, 0xB5, 0x9A, 0x6E, 0xEE, 0x5C, 0xC3, 0xA2, 0x5A,
    0x46, 0xFD, 0xFF, 0xD2, 0x29, 0x57, 0x5A, 0x2A, 0x11, 0xF1, 0x31, 0x7E, 0xFB, 0xD1, 0xBB, 0x5A,
    0x2E, 0xD6, 0x1B, 0x40, 0xC2, 0xE9, 0x3D, 0x97, 0x88, 0x5A, 0x66, 0xEF, 0x4E, 0xA6, 0x36, 0xFA,
    0x3C, 0x23, 0x0E, 0xAA, 0x91, 0xFE, 0x57, 0x7A, 0x86, 0xDD, 0xA5, 0x67, 0xD4, 0xC2, 0x99, 0x30,
    0x05, 0x0B, 0xAB, 0x22, 0xBA, 0x73, 0x87, 0xFB, 0x3C, 0x7C, 0xC9, 0xCF, 0x32, 0xCB, 0x7B, 0x76,
    0xA7, 0xDB, 0xE1, 0x3D, 0x3B, 0x4C, 0xD9, 0x65, 0x4A, 0x0E, 0xA6, 0x67, 0x00, 0xF1, 0x13, 0x00,
    0xF1, 0x13, 0xEF, 0x21, 0x7E, 0xD2, 0x7D, 0x10, 0x3F, 0x35, 0x50, 0xD6, 0x40, 0xFC, 0xBC, 0xDF,
    0x74, 0xE2, 0xCF, 0x2B, 0x0A, 0x91, 0x74, 0xAB, 0xA6, 0x16, 0x45, 0xFD, 0x0E, 0xF1, 0xF3, 0x5D,
    0x54, 0xE0, 0x8A, 0x03, 0x10, 0x3F, 0x68, 0xAB, 0xA1, 0x6E, 0xDB, 0x4C, 0x5E, 0x3B, 0xA5, 0x7D,
    0x56, 0xCB, 0x07, 0x94, 0x29, 0xF6, 0x63, 0x7C, 0x26, 0x47, 0xA3, 0x7D, 0x06, 0xA9, 0xE0, 0xF1,
    0x0D, 0xBB, 0x2B, 0x78, 0xDC, 0xC0, 0xA1, 0x2E, 0xD5, 0xF7, 0xF5, 0x8E, 0x56, 0x9C, 0x66, 0x5A,
    0xB2, 0xE5, 0x49, 0xB7, 0xBB, 0x5C, 0xD5, 0xEB, 0x03, 0xAE, 0xAA, 0x29, 0xE8, 0xDC, 0xD2, 0xA4,
    0x4F, 0x67, 0xF7, 0x52, 0xA0, 0x83, 0x8F, 0x30, 0xE9, 0x1E, 0x46, 0x56, 0x32, 0x9B, 0x85, 0x1A,
    0x3F, 0xF7, 0x6A, 0xDF, 0xEA, 0x6A, 0x03, 0x53, 0xAD, 0xBB, 0xC3, 0x7C, 0x9F, 0x82, 0xE4, 0x21,
    0x26, 0x9A, 0x8F, 0xAD, 0xFB, 0xEF, 0x89, 0xD2, 0x45, 0xFF, 0xCE, 0x25, 0x70, 0xBD, 0x94, 0xBD,
    0x0B, 0xF0, 0x80, 0xA0, 0xBD, 0x2A, 0x81, 0x7C, 0xB1, 0x60, 0xCA, 0x5C, 0x99, 0x39, 0xE0, 0x79,
    0xF5, 0x87, 0x71, 0x49, 0x3E, 0x9D, 0xA0, 0x6E, 0xC5, 0xAB, 0x36, 0x5C, 0x5C, 0x2D, 0xE1, 0x67,
    0xA0, 0xB0, 0x7D, 0xA0, 0x42, 0x81, 0xBB, 0xDB, 0xDD, 0x8E, 0xC2, 0x7C, 0x6A, 0x0D, 0xFE, 0x93,
    0xEC, 0x7C, 0x94, 0x86, 0xC5, 0x34, 0x09, 0x8B, 0x78, 0xF0, 0x8C, 0xBE, 0xD5, 0xA9, 0x38, 0xA3,
    0x18, 0x78, 0x89, 0xF8, 0x3E, 0x43, 0x41, 0x58, 0xEB, 0x7C, 0xE2, 0x1A, 0x9F, 0x53, 0xFC, 0xA7,
    0xDD, 0x5D, 0xE3, 0xE8, 0x46, 0xB7, 0xBA, 0x68, 0xFD, 0x2A, 0x7D, 0x7B, 0x46, 0x37, 0xE8, 0xDA,
    0x33, 0xBC, 0xEE, 0x1A, 0xC2, 0x54, 0xA9, 0xF1, 0x72, 0x19, 0xB1, 0x93, 0x85, 0xEF, 0xD4, 0x13,
    0xF8, 0xF1, 0x3F, 0xAD, 0x04, 0xC5, 0xF2, 0xE5, 0x03, 0x3E, 0x0F, 0x60, 0x38, 0x1E, 0xDD, 0x9B,
    0x0F, 0x1C, 0xDC, 0x7C, 0x9E, 0x04, 0x21, 0x9D, 0x88, 0xFC, 0x6D, 0x6E, 0x24, 0x82, 0xC2, 0x64,
    0x05, 0xF2, 0x8E, 0xA4, 0x0D, 0x75, 0x53, 0x2E, 0xA5, 0xE3, 0x42, 0x50, 0x51, 0x54, 0x79, 0x2E,
    0xF7, 0x17, 0x49, 0x96, 0x33, 0x78, 0x42, 0xCF, 0xDA, 0xA9, 0x3A, 0x1E, 0xFD, 0x18, 0x62, 0xC4,
    0x2A, 0x55, 0xE6, 0x88, 0x8C, 0x83, 0x93, 0x21, 0x0F, 0x72, 0xDF, 0x25, 0xBE, 0xAB, 0xC2, 0x3C,
    0xDA, 0xB1, 0xC1, 0x3B, 0xCD, 0xC4, 0x5E, 0x0A, 0x8B, 0x53, 0xB4, 0x65, 0x6C, 0xC3, 0xBB, 0xE0,
    0xCD, 0x8E, 0x04, 0xC9, 0xDF, 0xBF, 0x6E, 0xB8, 0xF6, 0xD3, 0x8D, 0xD1, 0xF7, 0x72, 0x7C, 0x63,
    0xB6, 0x63, 0xC5, 0xE9, 0x74, 0x18, 0x9B, 0xD8, 0xC8, 0xB8, 0xCE, 0xE3, 0x39, 0xAF, 0x64, 0x1C,
    0x2C, 0x3B, 0xB8, 0x9B, 0xC6, 0x3E, 0x85, 0xAC, 0xB0, 0xC9, 0xD7, 0xA8, 0x9D, 0x52, 0x1D, 0xB8,
    0x86, 0x4F, 0xDB, 0x4E, 0x83, 0x5A, 0x22, 0xE8, 0x67, 0xDF, 0x26, 0xB9, 0xCA, 0xF1, 0x18, 0x14,
    0x23, 0x75, 0x7C, 0x97, 0x8E, 0x0F, 0x64, 0x09, 0xA8, 0xE3, 0x9F, 0x2D, 0x08, 0x90, 0x76, 0xE9,
    0x4A, 0x01, 0xC6, 0xC5, 0x5B, 0x2C, 0x7A, 0xB8, 0xFC, 0xBC, 0xDF, 0xBE, 0x9F, 0xCF, 0x0A, 0x8D,
    0x7B, 0x22, 0xA1, 0x03, 0xEB, 0xBE, 0x4E, 0x2D, 0xFD, 0x3A, 0x8B, 0xEB, 0xFC, 0xCF, 0x96, 0xFF,
    0x47, 0x46, 0x21, 0xD8, 0xB8, 0x8C, 0xC3, 0xC7, 0xE1, 0x9D, 0xA8, 0x35, 0x03, 0x08, 0xB6, 0xC0,
    0x6D, 0xFE, 0xE4, 0x14, 0xB7, 0xCB, 0x1A, 0x05, 0x8B, 0x2C, 0x51, 0xB4, 0x81, 0x9F, 0xE8, 0xBB,
    0x33, 0x17, 0x37, 0xCF, 0xD5, 0xEA, 0xE7, 0xD2, 0xAB, 0xDD, 0xDD, 0x8C, 0x80, 0xBB, 0x85, 0x1C,
    0xFA, 0x8C, 0xBA, 0x8B, 0xE4, 0xF6, 0xB3, 0x3E, 0x67, 0x2B, 0x8C, 0x3F, 0x1B, 0xE1, 0xF4, 0xCE,
    0x80, 0x49, 0xAF, 0x6A, 0x24, 0x5F, 0xDE, 0x62, 0xEC, 0x0E, 0x36, 0xB5, 0xB3, 0x30, 0xD2, 0x0C,
    0xF2, 0x1A, 0xDE, 0x3C, 0x56, 0x70, 0xFA, 0xA9, 0x84, 0x51, 0x25, 0xCB, 0xEF, 0x57, 0x2C, 0x85,
    0xEC, 0x4C, 0x2C, 0xB7, 0x69, 0x5B, 0xC3, 0x6F, 0x4C, 0x06, 0x32, 0x45, 0xC1, 0xCB, 0xF2, 0x6E,
    0x61, 0x1E, 0x08, 0x36, 0x9F, 0xF8, 0x12, 0xB9, 0x0E, 0x79, 0x09, 0x72, 0x0D, 0x72, 0x36, 0x90,
    0x02, 0x2B, 0xEA, 0x84, 0xEF, 0xB8, 0x08, 0xF6, 0x69, 0x1A, 0x94, 0x17, 0x02, 0x0A, 0x8B, 0x6B,
    0xBC, 0x0F, 0x96, 0x5C, 0x2F, 0x57, 0x36, 0x34, 0xB8, 0x9C, 0xA8, 0x3E, 0xC5, 0x49, 0x83, 0xD8,
    0x9C, 0xC5, 0x9C, 0xF8, 0xBB, 0x13, 0x46, 0x47, 0xDE, 0xE5, 0x7A, 0x79, 0x83, 0x1F, 0x2D, 0xCE,
    0x99, 0xB6, 0x6C, 0xDA, 0xDD, 0xC8, 0x9D, 0x85, 0x0A, 0x30, 0x4D, 0xD8, 0x80, 0xBD, 0x05, 0x58,
    0xFC, 0x16, 0x9A, 0xA8, 0x94, 0xCF, 0x51, 0x08, 0x7E, 0xB2, 0xF9, 0xE2, 0xA3, 0x94, 0x7F, 0x33,
    0xD3, 0xC6, 0xCC, 0x47, 0x7F, 0xC2, 0xA6, 0xF9, 0xF8, 0x3A, 0x78, 0x64, 0x30, 0x8A, 0x04, 0xFD,
    0xC8, 0xEC, 0xC6, 0x17, 0xD9, 0x10, 0xF3, 0x19, 0x08, 0x5B, 0x33, 0x50, 0x33, 0x67, 0xD3, 0x21,
    0xF8, 0xAB, 0x60, 0xD3, 0x4C, 0x84, 0xD2, 0xDB, 0xF6, 0x94, 0x5E, 0x66, 0xD3, 0xDA, 0x4E, 0xB8,
    0x22, 0x28, 0x83, 0xFF, 0xEA, 0xC4, 0x24, 0xB1, 0xE1, 0x17, 0x7F, 0x4F, 0x34, 0xF9, 0x64, 0x93,
    0xC8, 0x7C, 0x5C, 0xEE, 0x02, 0x04, 0x98, 0xB4, 0xF0, 0x57, 0xAC, 0xE6, 0xEF, 0xCD, 0x3B, 0xB1,
    0x06, 0x00, 0x89, 0x16, 0xE2, 0xB7, 0x38, 0xBB, 0xD1, 0x90, 0xBF, 0x58, 0xF5, 0xA0, 0xFF, 0xE8,
    0xD1, 0x6F, 0x77, 0x0F, 0xDA, 0xB9, 0xBF, 0x7E, 0x7C, 0x0F, 0xBA, 0xC6, 0x83, 0x5E, 0xA8, 0xDF,
    0xBE, 0x9B, 0xB0, 0x6A, 0xB4, 0xCB, 0xC3, 0x94, 0x05, 0x92, 0xE2, 0x88, 0xAF, 0x83, 0x63, 0x78,
    0xC2, 0xF9, 0xEE, 0x13, 0x3E, 0x87, 0xFD, 0x7B, 0x52, 0x9B, 0xFB, 0xEE, 0x56, 0xDC, 0x5C, 0xF0,
    0x1B, 0x7A, 0x78, 0xFD, 0x85, 0xA0, 0xF2, 0x8B, 0x57, 0xB1, 0xC8, 0x91, 0xBC, 0xC3, 0x53, 0xBF,
    0x80, 0x08, 0x07, 0xBA, 0xE7, 0x1F, 0xB0, 0xFC, 0xA4, 0x60, 0x29, 0x01, 0xCA, 0x27, 0x0D, 0x4E,
    0xF2, 0x56, 0x2A, 0xBD, 0x90, 0x12, 0x6B, 0x0A, 0xD9, 0x6A, 0x6A, 0x07, 0x60, 0xBE, 0xA2, 0x6F,
    0x14, 0x13, 0xBB, 0xC2, 0x47, 0xE3, 0x0B, 0xAF, 0xE9, 0xC4, 0xC4, 0xBD, 0x6D, 0xEC, 0xF4, 0x87,
    0xEF, 0x77, 0x86, 0xFD, 0x35, 0x8A, 0xDE, 0x29, 0x38, 0x15, 0x00, 0xC6, 0xB9, 0xC4, 0x02, 0x92,
    0x19, 0xE3, 0x42, 0x0D, 0xB0, 0x69, 0x20, 0xF7, 0x02, 0x6E, 0x84, 0x3D, 0x83, 0x0D, 0x93, 0xA5,
    0x8C, 0x76, 0x2C, 0xF9, 0x19, 0x8E, 0x49, 0xCA, 0xC1, 0x57, 0x48, 0xCA, 0xA6, 0x90, 0xC1, 0x2A,
    0x95, 0x4C, 0x32, 0x67, 0x64, 0x06, 0xEC, 0xE4, 0x7E, 0xA0, 0x21, 0xAF, 0xF0, 0x48, 0x24, 0xE5,
    0x72, 0x48, 0x16, 0x0B, 0x73, 0xF5, 0xB5, 0x57, 0x0C, 0x29, 0xED, 0xBD, 0xC8, 0xEB, 0xF2, 0x36,
    0x87, 0xBB, 0x07, 0x75, 0x08, 0x10, 0x8B, 0x30, 0xBF, 0x18, 0xEB, 0x89, 0x6A, 0xB6, 0x14, 0xB3,
    0x85, 0x2F, 0xA7, 0xAC, 0x18, 0x70, 0x52, 0x58, 0x6C, 0x71, 0x28, 0xDF, 0x50, 0x80, 0x77, 0xF5,
    0x77, 0x53, 0x3D, 0x77, 0xCC, 0xAE, 0x7B, 0x8F, 0x34, 0x51, 0x23, 0x39, 0x29, 0x31, 0x9B, 0x4B,
    0x61, 0xB7, 0x45, 0x96, 0xC0, 0x70, 0xB5, 0x49, 0xC4, 0x72, 0xA6, 0x37, 0x9D, 0x51, 0xDB, 0xA9,
    0xF1, 0xD4, 0x7A, 0x6A, 0x3E, 0xB5, 0x9F, 0x1A, 0x50, 0x2D, 0xA8, 0x26, 0x54, 0x1B, 0xAA, 0x11,
    0xD5, 0x8A, 0x6A, 0x46, 0xB5, 0xA3, 0x1A, 0x52, 0x2D, 0xA9, 0x7C, 0x6F, 0x20, 0xA2, 0xBA, 0x8F,
    0x78, 0xCC, 0x6C, 0x9C, 0xC0, 0x22, 0xE8, 0xB0, 0x6C, 0x1E, 0x3F, 0x85, 0x7D, 0xC4, 0x40, 0x62,
    0x21, 0x31, 0x91, 0xD8, 0x48, 0x8C, 0x24, 0x56, 0x12, 0x33, 0x89, 0x9D, 0x60, 0xA8, 0x94, 0x1A,
    0x05, 0x83, 0x2B, 0xC7, 0x5B, 0xB9, 0xEA, 0x8B, 0x44, 0x7B, 0x3B, 0x61, 0x84, 0x4F, 0x04, 0x62,
    0x96, 0x38, 0xB4, 0xAB, 0x7B, 0x3B, 0x59, 0x68, 0x0B, 0xDE, 0xE7, 0x3F, 0x25, 0x50, 0x9D, 0x77,
    0x3B, 0xE4, 0xB7, 0xBF, 0xEF, 0x30, 0x6E, 0x53, 0x0C, 0x0A, 0x68, 0xDB, 0x13, 0x0F, 0x1B, 0x9E,
    0x4B, 0xCB, 0x23, 0x08, 0x57, 0x5E, 0x3F, 0x22, 0x54, 0xF0, 0x1B, 0xE9, 0x32, 0xC5, 0xAC, 0x2D,
    0x26, 0x1D, 0xA1, 0xC7, 0x53, 0x6A, 0xF2, 0xB1, 0xBB, 0x21, 0x69, 0x0D, 0xB0, 0x4B, 0x85, 0x20,
    0x29, 0x63, 0x50, 0x63, 0x7C, 0x78, 0xB5, 0xE8, 0x3B, 0x76, 0x0C, 0xE0, 0x13, 0x28, 0x9C, 0x43,
    0xE2, 0xC4, 0x85, 0x82, 0x37, 0xE1, 0x3C, 0x6F, 0x11, 0xA9, 0x35, 0x7B, 0xE9, 0x1E, 0xB2, 0x65,
    0x9D, 0xB3, 0x51, 0xE2, 0x57, 0xA6, 0x88, 0x51, 0x7B, 0x65, 0xE9, 0x57, 0x90, 0x75, 0x67, 0xCD,
    0xDC, 0xAF, 0xB7, 0x38, 0x78, 0xAD, 0x04, 0x94, 0x3C, 0x26, 0xAF, 0x9E, 0xC6, 0x42, 0x8B, 0xE4,
    0x35, 0x03, 0x42, 0xD1, 0xDC, 0x43, 0xAF, 0x0E, 0xF5, 0x9F, 0x24, 0xBF, 0x35, 0x59, 0x6C, 0xF6,
    0xAE, 0xC3, 0x42, 0xDC, 0x04, 0x97, 0x87, 0x65, 0xE8, 0x4A, 0x53, 0x18, 0xDB, 0x44, 0x36, 0x4E,
    0x1B, 0x8E, 0x20, 0x1B, 0x4E, 0x2E, 0x37, 0x73, 0x6A, 0x59, 0x34, 0x5C, 0x36, 0x6B, 0x82, 0x26,
    0xF3, 0x9A, 0xA0, 0xEA, 0x44, 0x58, 0xCE, 0xBD, 0x86, 0xA7, 0xD8, 0x70, 0xED, 0xAC, 0xE5, 0xE0,
    0x8F, 0xFD, 0x83, 0x76, 0x0E, 0x1F, 0xFB, 0x51, 0x49, 0xDE, 0x77, 0xF1, 0x3B, 0x9F, 0xEA, 0x33,
    0x65, 0xAE, 0x6F, 0x87, 0x71, 0x8A, 0x4B, 0x19, 0x75, 0x9C, 0xB4, 0x9B, 0x71, 0x50, 0xAE, 0x67,
    0xDD, 0xBD, 0x98, 0x14, 0x37, 0x5B, 0x93, 0x6F, 0xB5, 0xC6, 0x36, 0xDD, 0xD8, 0x6C, 0x87, 0x5F,
    0x94, 0x71, 0xE0, 0x8A, 0xE8, 0x9F, 0x99, 0x83, 0xE2, 0x1A, 0x7A, 0x76, 0x52, 0x3F, 0xD6, 0xF4,
    0xDF, 0x1A, 0x47, 0xAA, 0x8C, 0x61, 0x75, 0x5A, 0xF7, 0x0B, 0x76, 0xFB, 0x28, 0x7A, 0x2A, 0x00,
    0x49, 0xDC, 0x65, 0x97, 0x1F, 0x21, 0xFD, 0xF7, 0x14, 0x90, 0x2F, 0x91, 0x82, 0x65, 0xAF, 0xF7,
    0x7E, 0xC6, 0x54, 0x26, 0x72, 0x7A, 0x5B, 0xB0, 0x9F, 0xAB, 0xF9, 0xF8, 0x7E, 0x5E, 0x06, 0x95,
    0x6F, 0x2F, 0x73, 0x66, 0x9D, 0x82, 0x03, 0xA9, 0xF8, 0xD3, 0xF4, 0x50, 0x7C, 0xFC, 0xB9, 0x1C,
    0x2A, 0x2C, 0x82, 0x82, 0x85, 0xD4, 0x74, 0x07, 0x02, 0x97, 0x52, 0x45, 0xE2, 0x7D, 0xA8, 0x22,
    0xED, 0x98, 0x2A, 0xE2, 0x2D, 0x53, 0x45, 0xA2, 0xC3, 0x52, 0x45, 0x52, 0x3E, 0xB7, 0x35, 0xB5,
    0xF6, 0x66, 0x82, 0x61, 0x32, 0x4A, 0xA1, 0xBD, 0x2C, 0xC3, 0x26, 0xE4, 0xB4, 0xC6, 0x70, 0x9E,
    0x19, 0xE5, 0xAF, 0xB9, 0x66, 0xFE, 0x88, 0x6E, 0x57, 0xBC, 0x51, 0xA4, 0x4C, 0xDF, 0xEC, 0x7B,
    0xFC, 0xD4, 0xC4, 0xC1, 0x04, 0x2B, 0xD6, 0x84, 0x29, 0x17, 0x86, 0xE1, 0xFD, 0xB0, 0x4E, 0x15,
    0x8B, 0xE2, 0x50, 0xED, 0xF8, 0x7E, 0x43, 0x9B, 0x17, 0xF0, 0xE1, 0x97, 0x67, 0xD6, 0xF4, 0xF8,
    0x7A, 0x0F, 0xF7, 0x24, 0xF7, 0x99, 0xE3, 0x90, 0x07, 0x05, 0x6F, 0x92, 0x86, 0xA1, 0xD3, 0x80,
    0x15, 0x06, 0x65, 0x4D, 0xFE, 0xFF, 0x94, 0xE4, 0xFD, 0xC2, 0x8A, 0x67, 0xB9, 0x1F, 0x32, 0xF6,
    0x21, 0x81, 0x7E, 0xF5, 0x4B, 0x2B, 0x71, 0x6A, 0xFE, 0xAF, 0x52, 0x4E, 0xE8, 0x3E, 0x5D, 0x79,
    0x8C, 0x4A, 0xF0, 0x2E, 0xF6, 0x87, 0x8B, 0x77, 0x57, 0x29, 0x71, 0x88, 0x2E, 0x07, 0x00, 0x5C,
    0xFC, 0x08, 0x36, 0xFF, 0x6C, 0xB9, 0xCB, 0x41, 0x08, 0x69, 0x06, 0x5D, 0x0E, 0xAA, 0x41, 0x97,
    0x83, 0x34, 0xC6, 0x0A, 0x58, 0xD1, 0xE5, 0xE0, 0x21, 0xBA, 0x1C, 0x0C, 0x7D, 0xF8, 0x78, 0xB0,
    0x5C, 0xA4, 0xD2, 0xF5, 0xC2, 0xC0, 0x9F, 0x27, 0x4E, 0xAD, 0x46, 0xB9, 0xC7, 0xB5, 0x55, 0xE1,
    0x4E, 0x77, 0xEC, 0x47, 0x22, 0x14, 0x41, 0x42, 0x97, 0xF4, 0xA9, 0x4C, 0x7F, 0x37, 0x72, 0x0A,
    0x79, 0x16, 0x86, 0x4D, 0x79, 0x29, 0x46, 0x71, 0x3B, 0x25, 0xBF, 0xC4, 0x59, 0x64, 0xD8, 0x21,
    0x0A, 0x1B, 0xFD, 0xD1, 0xE2, 0xC8, 0x5F, 0x63, 0xA1, 0xF9, 0x33, 0x89, 0x5A, 0x6F, 0xE2, 0x8D,
    0x5E, 0xC4, 0xAE, 0x88, 0x9D, 0x6B, 0xCF, 0xBB, 0x74, 0x16, 0x96, 0xB3, 0xA0, 0xA6, 0xB7, 0x3B,
    0x57, 0x2F, 0xA8, 0xA8, 0x34, 0x39, 0x53, 0x3A, 0x2E, 0x1B, 0x7B, 0x6E, 0xD0, 0xCF, 0x25, 0xB2,
    0xAC, 0x20, 0x2B, 0x2C, 0x21, 0xB2, 0x0E, 0xC8, 0x47, 0x62, 0xCD, 0xE2, 0x78, 0x87, 0x89, 0xC5,
    0xE3, 0x1D, 0xF6, 0x06, 0x92, 0xDE, 0x81, 0x7D, 0xF3, 0xC0, 0xBE, 0x7B, 0x20, 0x45, 0x8F, 0x36,
    0x36, 0x16, 0x09, 0x0D, 0x08, 0xF6, 0xD3, 0x83, 0x3C, 0xA6, 0x54, 0x06, 0x4D, 0x82, 0xE3, 0x98,
    0x5F, 0x87, 0x8C, 0x69, 0x6A, 0x6C, 0xB9, 0x4D, 0xB3, 0x4E, 0xB6, 0x2C, 0x8B, 0x06, 0xF9, 0x93,
    0x4E, 0x4E, 0x13, 0x4F, 0xD0, 0x69, 0x95, 0xFA, 0x02, 0xEB, 0x90, 0x5B, 0x78, 0xCA, 0x2D, 0x36,
    0x9C, 0x86, 0xFE, 0xB4, 0x60, 0xA4, 0xD6, 0x47, 0x9D, 0xCC, 0xDC, 0xF7, 0x38, 0x9F, 0xDA, 0x04,
    0x9D, 0xF4, 0x12, 0xB8, 0x50, 0x1A, 0xC3, 0x9B, 0x01, 0x3D, 0x66, 0x8B, 0xD4, 0x8F, 0x42, 0x9F,
    0x02, 0xB4, 0x64, 0x91, 0xDE, 0x90, 0xA8, 0x9C, 0xC3, 0x77, 0xC0, 0x17, 0x73, 0x52, 0x72, 0x7C,
    0xD9, 0xD1, 0x57, 0x04, 0x29, 0xB5, 0xD7, 0x39, 0x6F, 0xDE, 0xB7, 0x1D, 0xCE, 0xE9, 0x0C, 0x7D,
    0xA8, 0xB6, 0x05, 0x1F, 0x09, 0xF9, 0xD5, 0xFE, 0x10, 0x35, 0x4B, 0x26, 0xD5, 0x13, 0xB9, 0xBE,
    0x74, 0x0C, 0x69, 0x20, 0x27, 0x83, 0x29, 0x4F, 0x48, 0x25, 0xAE, 0xAC, 0xA0, 0x4D, 0x16, 0x92,
    0x04, 0xD5, 0x24, 0xA4, 0x5F, 0x77, 0x82, 0xF3, 0x1B, 0x29, 0xF6, 0x47, 0xC6, 0x42, 0xFC, 0xCC,
    0x71, 0x2A, 0xE6, 0x7E, 0x4E, 0xDE, 0x4F, 0xF0, 0x43, 0x97, 0x05, 0xA0, 0x4B, 0x2C, 0xE8, 0xF5,
    0x5D, 0xCB, 0x5C, 0xD0, 0x25, 0x27, 0x25, 0xC7, 0x12, 0x1B, 0xD9, 0x21, 0xDB, 0x65, 0xDC, 0x02,
    0x82, 0xA8, 0x64, 0x8F, 0xE9, 0xB5, 0x82, 0xBD, 0xC6, 0xBF, 0xB0, 0x31, 0x33, 0x53, 0xEC, 0x9C,
    0x7F, 0xD9, 0xCE, 0x5E, 0xBB, 0x8C, 0x28, 0x6F, 0xF0, 0xFB, 0x20, 0x3D, 0x48, 0x24, 0x87, 0x2F,
    0xAC, 0x6C, 0x97, 0xB1, 0x9A, 0x02, 0xF6, 0xF9, 0x9D, 0x72, 0xF2, 0x2F, 0x77, 0x4A, 0x73, 0xE7,
    0xA3, 0x22, 0xFC, 0xD2, 0x09, 0x05, 0xEC, 0x2A, 0x4F, 0xA6, 0xBB, 0xCF, 0x46, 0x29, 0x7D, 0x6B,
    0x4C, 0x01, 0x13, 0xD4, 0x2F, 0xFB, 0xC8, 0xE3, 0xDE, 0x1C, 0xBA, 0x41, 0x14, 0x6A, 0x7A, 0x95,
    0xD1, 0xA7, 0xAE, 0xD0, 0x9C, 0x53, 0x9C, 0xF7, 0x79, 0xF9, 0x0C, 0x72, 0x8E, 0xAF, 0x0C, 0xEF,
    0xC2, 0x42, 0x28, 0xFA, 0xFA, 0x05, 0xEF, 0xCF, 0xEF, 0xBE, 0x6A, 0x34, 0xFA, 0x69, 0x13, 0xF8,
    0x7B, 0x76, 0x19, 0x92, 0x3F, 0xDE, 0xB8, 0x63, 0x1B, 0x74, 0xE7, 0x60, 0xF0, 0xE5, 0xFE, 0x84,
    0x51, 0xE0, 0x33, 0x68, 0xEF, 0x56, 0x48, 0x7E, 0x1F, 0x0A, 0x26, 0x7B, 0x98, 0x90, 0x05, 0x00,
    0x21, 0x19, 0x00, 0xDF, 0x8C, 0x02, 0x6D, 0xA5, 0x4A, 0x01, 0xF7, 0x97, 0x97, 0xF2, 0x25, 0x36,
    0x51, 0xD9, 0xC4, 0xFC, 0xBC, 0xB8, 0x5C, 0xEE, 0x92, 0x2C, 0xF3, 0xAE, 0x22, 0xE7, 0x8B, 0x4A,
    0xDF, 0x15, 0xD9, 0xDC, 0x57, 0x4A, 0xC5, 0xBF, 0x24, 0xC4, 0xE8, 0xE8, 0xDC, 0xAF, 0x80, 0x6A,
    0x28, 0xF0, 0x94, 0x94, 0x2B, 0x43, 0x34, 0x81, 0x5F, 0x92, 0x31, 0xB8, 0x25, 0xB2, 0xC4, 0xF3,
    0x7F, 0x99, 0x13, 0x73, 0x37, 0x98, 0x8E, 0x75, 0x1D, 0xD4, 0x88, 0xEC, 0x7C, 0x4D, 0x91, 0xFC,
    0x3A, 0xFE, 0x8E, 0x85, 0xBA, 0x11, 0x40, 0xF2, 0xC2, 0x9D, 0x41, 0xF4, 0x0C, 0x98, 0x13, 0x72,
    0x44, 0x4F, 0x86, 0x7A, 0xF3, 0x42, 0x1B, 0x4C, 0x6A, 0x91, 0xE5, 0xC2, 0x38, 0xA1, 0x83, 0xEB,
    0xD8, 0x4D, 0xA0, 0x49, 0x85, 0x6A, 0x04, 0x96, 0x23, 0xC0, 0x1F, 0xEC, 0xA0, 0x4C, 0xF5, 0x95,
    0x4E, 0xC3, 0xA6, 0x58, 0xD1, 0x65, 0x38, 0x39, 0x7C, 0xA7, 0x61, 0x9C, 0x73, 0x6F, 0x69, 0x35,
    0xA9, 0x20, 0xB1, 0xCE, 0x8F, 0x35, 0x64, 0xC1, 0x9C, 0x95, 0xB0, 0xA6, 0xD7, 0x37, 0xBE, 0x53,
    0xE1, 0x1A, 0xDD, 0x12, 0x7F, 0xD0, 0xB7, 0x18, 0xB3, 0x1F, 0x24, 0x5A, 0xD4, 0xA4, 0x25, 0xC4,
    0xFD, 0x13, 0xD3, 0xFB, 0xE0, 0xE8, 0x69, 0x4E, 0x14, 0x83, 0xB0, 0xBA, 0xE3, 0xBF, 0xCD, 0x72,
    0x02, 0x28, 0x56, 0xB1, 0x49, 0xDB, 0x1A, 0xD1, 0x37, 0xA3, 0x0F, 0x3E, 0x24, 0x2F, 0x92, 0x86,
    0x97, 0xC9, 0x72, 0xB3, 0x23, 0x1C, 0x0E, 0xD2, 0x9C, 0x45, 0x9A, 0x84, 0x78, 0xEE, 0xC7, 0xB0,
    0xBE, 0xC3, 0x82, 0x7D, 0xE3, 0xB0, 0xC9, 0xCE, 0x16, 0xB8, 0x36, 0xCB, 0x9E, 0x7E, 0x41, 0xB1,
    0x36, 0x16, 0x12, 0x17, 0x60, 0xCE, 0x62, 0x8B, 0x45, 0x33, 0xC6, 0x76, 0x9E, 0x86, 0xF7, 0x86,
    0x23, 0x19, 0xBD, 0x0A, 0xEE, 0x37, 0x1A, 0xA2, 0x22, 0x52, 0x06, 0x5C, 0x15, 0x90, 0xE7, 0xC0,
    0x1A, 0x8B, 0x61, 0x8A, 0x21, 0x85, 0x9B, 0x3E, 0xE9, 0xC3, 0x6F, 0x1D, 0xE6, 0xD2, 0xB9, 0x7A,
    0x5B, 0xDE, 0xEE, 0x56, 0x06, 0xA8, 0xFB, 0x81, 0x0C, 0xB2, 0xAE, 0xBC, 0x42, 0xAA, 0x9B, 0x16,
    0x46, 0x08, 0x25, 0x76, 0x36, 0x09, 0x60, 0x63, 0x53, 0xBC, 0x88, 0x37, 0x90, 0x3A, 0x03, 0x71,
    0xF4, 0x61, 0x22, 0xAB, 0x2D, 0x5D, 0x11, 0x82, 0xCC, 0x64, 0xA8, 0x21, 0xFD, 0x72, 0x0C, 0x8D,
    0x23, 0x05, 0x6D, 0xC5, 0x99, 0xED, 0xF9, 0x6A, 0x25, 0x8B, 0x22, 0x4A, 0xC9, 0x5F, 0x6E, 0xD1,
    0x00, 0xB1, 0xCD, 0x8B, 0xB9, 0x95, 0x39, 0x7F, 0x9B, 0x67, 0xFC, 0xF3, 0xB2, 0x13, 0x9C, 0x7D,
    0x2D, 0x33, 0xA6, 0xED, 0xF2, 0x62, 0x2E, 0xD4, 0x31, 0x9B, 0xA4, 0x3A, 0x9D, 0xF5, 0x61, 0x1D,
    0xFD, 0x09, 0xC9, 0xC8, 0xF1, 0x90, 0x39, 0x2E, 0xF6, 0x2E, 0xA3, 0x8B, 0x6F, 0xE1, 0xD7, 0x61,
    0xBD, 0xC1, 0x2F, 0x45, 0x14, 0xEE, 0xDE, 0x6B, 0xA4, 0x5E, 0x74, 0x4B, 0x82, 0x01, 0x93, 0x1A,
    0x69, 0xB8, 0xA4, 0x55, 0x54, 0xAF, 0x1E, 0xF4, 0x4D, 0xB8, 0x09, 0xAF, 0x84, 0x45, 0x43, 0xA1,
    0x38, 0x54, 0x10, 0xA0, 0x65, 0xFB, 0xBD, 0x43, 0x35, 0x45, 0xAA, 0x6E, 0xD8, 0xE2, 0xC8, 0xD2,
    0xD3, 0x2C, 0xD6, 0x91, 0x20, 0x82, 0x63, 0x70, 0x1F, 0x6C, 0x8E, 0xFC, 0xE4, 0xCD, 0x86, 0x01,
    0xE9, 0xB7, 0x5B, 0xC3, 0x44, 0x26, 0xC9, 0x10, 0x8C, 0x3A, 0xA3, 0x19, 0xA5, 0x60, 0xAA, 0x43,
    0xFC, 0x78, 0x12, 0x99, 0x09, 0x3B, 0x74, 0x63, 0xFF, 0xB2, 0xD6, 0x0C, 0x88, 0x16, 0xAB, 0x4E,
    0xC2, 0xFF, 0x8E, 0x06, 0xFE, 0xF7, 0x82, 0x74, 0x46, 0xE4, 0xE7, 0x62, 0x29, 0xC8, 0x74, 0x1C,
    0xB0, 0xC0, 0xFF, 0xEE, 0xEE, 0x86, 0xBD, 0x6F, 0x76, 0xBE, 0xD9, 0xF7, 0x66, 0xD7, 0x9B, 0x17,
    0x0A, 0x3B, 0xDE, 0xEC, 0x77, 0x9B, 0xCE, 0xED, 0x86, 0xD7, 0x3D, 0x3C, 0x81, 0xBD, 0xEC, 0x2E,
    0xE8, 0x3E, 0x38, 0x98, 0x51, 0xFA, 0x96, 0x48, 0x72, 0x6D, 0xE0, 0x3E, 0xCC, 0xE1, 0x25, 0x97,
    0x68, 0x28, 0x1A, 0xF2, 0xE2, 0x11, 0x0F, 0x16, 0xE3, 0x94, 0x1D, 0x82, 0x8C, 0x68, 0xBD, 0xE2,
    0xD0, 0x31, 0x11, 0xA6, 0xCF, 0x34, 0x11, 0xA6, 0x4F, 0x94, 0x82, 0xE9, 0x13, 0x45, 0x36, 0xFC,
    0x51, 0x41, 0x74, 0xD1, 0x58, 0x63, 0x72, 0x90, 0x9A, 0xBA, 0x8F, 0x18, 0x67, 0x32, 0xE6, 0xE0,
    0xB5, 0x5E, 0x9B, 0x7C, 0x5E, 0x72, 0x5D, 0xFA, 0x83, 0xF0, 0x0B, 0x1B, 0x13, 0x1A, 0x8A, 0xA6,
    0x32, 0x3A, 0x92, 0x91, 0x81, 0x86, 0xE4, 0x17, 0x41, 0x03, 0x08, 0xCA, 0x03, 0xBF, 0x3C, 0x0D,
    0x0C, 0x8A, 0xDF, 0xE9, 0x56, 0x8D, 0xAB, 0x8D, 0x7E, 0x3E, 0x2E, 0x9A, 0x9A, 0x74, 0x8C, 0x4D,
    0xBA, 0x39, 0x74, 0x8D, 0xA4, 0x39, 0xCC, 0xA4, 0x6F, 0x0E, 0x93, 0xF5, 0xB8, 0x60, 0xE8, 0xE7,
    0x49, 0x73, 0x18, 0x7F, 0x27, 0x31, 0x37, 0x41, 0xD0, 0x9A, 0x6D, 0x11, 0x85, 0xAF, 0xDB, 0x0F,
    0x1B, 0x50, 0xB4, 0x4A, 0x0C, 0x77, 0x6C, 0x37, 0xAC, 0x99, 0x8F, 0x5F, 0xAB, 0xB9, 0x3B, 0xEA,
    0x4E, 0x50, 0x75, 0x9B, 0x1B, 0xB3, 0x58, 0xE9, 0xE7, 0xDC, 0x6D, 0xB1, 0x22, 0x3E, 0x55, 0x02,
    0x97, 0x67, 0x40, 0x74, 0xCA, 0x84, 0x7E, 0x73, 0x04, 0xDD, 0x8D, 0x48, 0x8B, 0x71, 0x03, 0xDE,
    0x42, 0x45, 0x8F, 0xD5, 0x93, 0x2A, 0x02, 0xD2, 0x72, 0x4C, 0xF0, 0x70, 0x93, 0x94, 0x60, 0xAA,
    0x0C, 0xD3, 0xE5, 0x06, 0xE6, 0x8A, 0x37, 0x17, 0xDF, 0xE0, 0x33, 0x96, 0x81, 0x34, 0x30, 0x7F,
    0x9D, 0x4D, 0x1D, 0x49, 0xC7, 0x6B, 0x6C, 0x46, 0x1F, 0x06, 0x07, 0x34, 0x30, 0x9F, 0x92, 0xCF,
    0x56, 0xC2, 0x8A, 0xFF, 0x10, 0xD3, 0x1A, 0x37, 0x30, 0x0F, 0x5D, 0x92, 0xA1, 0x8E, 0xB3, 0xBA,
    0x67, 0x11, 0x1E, 0xD7, 0x8B, 0x34, 0xBF, 0x5D, 0xF9, 0x35, 0xB7, 0xC4, 0x09, 0xFA, 0xA6, 0x38,
    0x52, 0xFC, 0x9F, 0x83, 0x94, 0x60, 0x80, 0x9F, 0x6E, 0x29, 0x4E, 0xB9, 0x91, 0x6F, 0x4B, 0x8E,
    0xB2, 0x20, 0x4B, 0x62, 0x17, 0xF7, 0xDC, 0x5A, 0xA0, 0xF9, 0xCB, 0x8B, 0x8A, 0xC7, 0xED, 0x25,
    0xDD, 0x7A, 0x8E, 0xE5, 0x13, 0xA2, 0x3D, 0x3A, 0x17, 0xCC, 0x4D, 0xDE, 0xDD, 0x96, 0x5E, 0x42,
    0xE7, 0x82, 0xE3, 0xD4, 0x1E, 0x79, 0x57, 0x90, 0xCE, 0x64, 0x0C, 0x76, 0xAC, 0xCF, 0xA3, 0x89,
    0x53, 0xC0, 0x1C, 0x2F, 0xC4, 0x02, 0x84, 0xE6, 0x0A, 0x2A, 0xAC, 0x35, 0xEF, 0xDF, 0xAA, 0xED,
    0xFE, 0xAD, 0x6A, 0x31, 0x1A, 0x92, 0x6F, 0xBF, 0xD4, 0x8F, 0x1F, 0xB2, 0x5E, 0xCC, 0x2F, 0x7E,
    0x4F, 0x10, 0xDE, 0xD0, 0x59, 0x3D, 0x0F, 0x76, 0x2A, 0x30, 0x0A, 0xC2, 0xC4, 0x10, 0x61, 0x13,
    0xBD, 0xD0, 0x97, 0x41, 0x2E, 0x31, 0x0C, 0x62, 0x7E, 0xAF, 0x3B, 0x27, 0xD9, 0x57, 0x47, 0x8C,
    0x1B, 0xB5, 0xEC, 0x51, 0xBA, 0xDB, 0x9F, 0xED, 0xF0, 0x7B, 0xB4, 0x60, 0x4A, 0x38, 0xF3, 0xDD,
    0x22, 0x8B, 0x5A, 0x41, 0xC2, 0xDD, 0x4C, 0x39, 0x19, 0x1F, 0xD9, 0x39, 0x99, 0x9F, 0x3A, 0x5A,
    0x10, 0x6F, 0x03, 0x2D, 0xA8, 0x47, 0x9D, 0xFE, 0x56, 0xE5, 0x36, 0x21, 0x38, 0xF3, 0x3E, 0x2B,
    0xC2, 0xCE, 0x0E, 0x7F, 0xC9, 0x7E, 0xF5, 0x02, 0x3D, 0xAE, 0x2F, 0xC3, 0x5B, 0x7D, 0x86, 0x5E,
    0x21, 0xAC, 0x34, 0x09, 0x24, 0xA2, 0xC5, 0x30, 0x80, 0x00, 0x3E, 0x66, 0x55, 0x3B, 0xF5, 0x15,
    0x40, 0x1E, 0x36, 0x6B, 0x7B, 0x70, 0x3B, 0x75, 0x1A, 0xB5, 0x53, 0x9F, 0xD8, 0xF3, 0x8B, 0x8D,
    0x4C, 0xDA, 0xA9, 0xAF, 0x51, 0x0E, 0x07, 0xDF, 0x75, 0xCE, 0x7D, 0xDC, 0xA8, 0x53, 0xDF, 0x07,
    0x6E, 0x19, 0x5A, 0x55, 0x70, 0xD0, 0x6D, 0xC1, 0xC4, 0x4D, 0x18, 0x10, 0xBF, 0xA0, 0xF9, 0xF9,
    0x1A, 0x9D, 0x9F, 0x17, 0x97, 0x97, 0xB3, 0xEF, 0x33, 0x8A, 0x96, 0x5A, 0x55, 0x10, 0x00, 0x64,
    0xF0, 0xAC, 0xA5, 0x58, 0x84, 0xE8, 0x54, 0xFD, 0xD4, 0x8A, 0x45, 0xCD, 0xA2, 0xE9, 0x3F, 0x9D,
    0x7A, 0xAF, 0x16, 0x7E, 0x80, 0xBB, 0x1B, 0x96, 0x61, 0xF7, 0xB9, 0x8C, 0x72, 0x26, 0xDC, 0xA5,
    0x80, 0xA7, 0x81, 0x80, 0xC5, 0x41, 0x23, 0xA1, 0x65, 0x64, 0x58, 0x91, 0x79, 0x90, 0x59, 0x0A,
    0x58, 0x75, 0x99, 0xFA, 0xBC, 0xC4, 0xBF, 0x26, 0xE9, 0x3C, 0x79, 0x1A, 0x15, 0x5B, 0xB3, 0x77,
    0x47, 0xCE, 0xFA, 0x2E, 0xB3, 0xA6, 0x98, 0xA6, 0x71, 0x2A, 0x8D, 0x86, 0x32, 0x76, 0xDD, 0xD9,
    0xFD, 0xF9, 0x9D, 0x7C, 0xF0, 0xB6, 0x5F, 0x33, 0x88, 0x57, 0x2C, 0x8B, 0x94, 0xE8, 0x0F, 0xCE,
    0x10, 0xAE, 0x93, 0xD0, 0xE7, 0x62, 0x90, 0xE2, 0x5D, 0xBC, 0x39, 0x7C, 0x1F, 0x8F, 0x4B, 0x4F,
    0x68, 0x8A, 0x4B, 0x14, 0xC5, 0x87, 0x69, 0xFF, 0xE1, 0xF7, 0x07, 0x5A, 0xFF, 0x3F, 0x8A, 0x6A,
    0x67, 0x92, 0x48, 0x64, 0x68, 0xD2, 0x68, 0x7C, 0xE9, 0x34, 0xE9, 0xF5, 0x04, 0x46, 0xB5, 0x81,
    0xFD, 0x80, 0x8B, 0x51, 0xA8, 0x61, 0x76, 0xC2, 0x4F, 0xD0, 0x9D, 0x84, 0x4E, 0xE4, 0x0F, 0x0A,
    0xCC, 0x26, 0x09, 0xB5, 0x1C, 0x19, 0x74, 0xF7, 0x8B, 0x6A, 0xB5, 0x63, 0xE9, 0x3A, 0x88, 0xF7,
    0x2A, 0x67, 0x61, 0x69, 0xBE, 0x91, 0x11, 0x1A, 0xB4, 0xD0, 0x2D, 0x39, 0x22, 0x52, 0xF5, 0x54,
    0x2A, 0xF5, 0x47, 0x0D, 0x50, 0x55, 0xC8, 0x8C, 0x85, 0x7B, 0x4A, 0xB4, 0x22, 0x5E, 0x60, 0x75,
    0x00, 0xC6, 0x5A, 0x00, 0x8C, 0x35, 0xD0, 0x64, 0xA1, 0x9A, 0x30, 0x3E, 0x54, 0x3B, 0xDA, 0x3A,
    0xA2, 0x19, 0xBB, 0x9E, 0xAF, 0x52, 0xB9, 0xFB, 0xF3, 0x35, 0xFE, 0x83, 0x27, 0x1C, 0xDE, 0x05,
    0x58, 0x2C, 0x55, 0x1C, 0x04, 0xDB, 0x52, 0xED, 0x36, 0x12, 0x7E, 0x2D, 0x1B, 0xF6, 0x0D, 0xDE,
    0xB0, 0xE7, 0xA8, 0xA2, 0xDF, 0x73, 0x9A, 0xC2, 0x23, 0xDA, 0xD8, 0x18, 0x56, 0xB0, 0xAF, 0x5C,
    0x79, 0xA2, 0xFF, 0xD8, 0xC1, 0x99, 0x8D, 0x77, 0x89, 0xE7, 0xF4, 0xEC, 0x95, 0xCB, 0xC7, 0x80,
    0x91, 0x6E, 0xA4, 0xC1, 0x08, 0xBD, 0x7F, 0x81, 0x60, 0xBB, 0x18, 0x43, 0x8D, 0x81, 0xDE, 0x7D,
    0x9A, 0xE4, 0x7A, 0xA2, 0x0D, 0x32, 0x49, 0x0A, 0x8A, 0xEE, 0x54, 0x60, 0x65, 0x9E, 0x91, 0x04,
    0xD9, 0xB1, 0x19, 0x06, 0x9B, 0x3D, 0xBC, 0x2F, 0x6C, 0xF7, 0xBA, 0xDF, 0x7F, 0x4D, 0x4A, 0x2E,
    0x04, 0xEB, 0x84, 0x22, 0x39, 0x8B, 0xA3, 0x50, 0x72, 0x7F, 0x8B, 0xE1, 0xB2, 0x93, 0xA2, 0xBB,
    0xB9, 0x83, 0x55, 0x4A, 0xB8, 0x86, 0x54, 0xDD, 0x70, 0x4C, 0xD5, 0xA5, 0xA0, 0xCE, 0xBA, 0x9B,
    0xF1, 0x73, 0xEC, 0xB2, 0xB4, 0x34, 0x19, 0x53, 0x75, 0xFF, 0x4D, 0xA9, 0xBA, 0x47, 0x52, 0xC7,
    0x75, 0xD7, 0xBC, 0xBB, 0x8F, 0xA8, 0xCE, 0xC1, 0xD3, 0x76, 0xAE, 0x76, 0xCE, 0x1D, 0x62, 0xDA,
    0xC7, 0xF7, 0x78, 0x54, 0x9F, 0xE3, 0x7D, 0x3C, 0xC7, 0xA0, 0xE7, 0x01, 0x67, 0xCD, 0x49, 0x34,
    0xA0, 0x5E, 0x7D, 0xD6, 0x1C, 0x4F, 0xFF, 0x3A, 0xF2, 0x37, 0xFE, 0x91, 0x28, 0xE4, 0x73, 0xCD,
    0xBB, 0xF2, 0xC6, 0x89, 0xFC, 0x99, 0x31, 0x3A, 0xBD, 0x81, 0xBF, 0x8E, 0xC9, 0x7E, 0x37, 0x36,
    0x58, 0xA9, 0x18, 0x6F, 0xD2, 0xB4, 0xF4, 0xE0, 0xF8, 0xA3, 0x55, 0xF3, 0x3A, 0x9B, 0xFA, 0x12,
    0x3A, 0x8E, 0x10, 0x81, 0x50, 0x34, 0xA7, 0x4A, 0x43, 0x87, 0x20, 0xE7, 0xAE, 0x51, 0xAC, 0x2C,
    0xE0, 0xA9, 0xFF, 0xA1, 0x35, 0xFF, 0x70, 0xAF, 0x17, 0xB9, 0xD5, 0x80, 0x7F, 0x5D, 0x0F, 0x2C,
    0xA3, 0x6B, 0x29, 0xAB, 0x85, 0x7B, 0x0A, 0x7E, 0xF8, 0x36, 0x8B, 0x2D, 0x22, 0x2F, 0x7D, 0x89,
    0x70, 0x9D, 0x88, 0x49, 0x8C, 0xA7, 0x7D, 0xB0, 0xB8, 0x55, 0x20, 0x9D, 0xF1, 0x64, 0x71, 0x9F,
    0x98, 0x71, 0xE8, 0xD4, 0x6B, 0x97, 0xB5, 0xA7, 0x20, 0xB0, 0x9F, 0x31, 0x7B, 0x6F, 0xDC, 0x18,
    0x8B, 0x2E, 0x9F, 0x8C, 0x85, 0xE8, 0x59, 0xB8, 0x85, 0x8B, 0x29, 0xF2, 0xBC, 0xC8, 0x24, 0xE4,
    0xE0, 0x84, 0x05, 0x40, 0x83, 0x79, 0x63, 0x6B, 0x89, 0xB9, 0xC4, 0x5E, 0x62, 0x30, 0xB1, 0x98,
    0x98, 0x4C, 0x6C, 0x26, 0x46, 0x13, 0xAB, 0x89, 0xD9, 0xC4, 0x6E, 0x30, 0x9C, 0x5A, 0x0E, 0xA6,
    0x83, 0xED, 0xD4, 0x78, 0xB0, 0x1E, 0xCC, 0x07, 0xFB, 0x89, 0x01, 0x55, 0x13, 0x98, 0x50, 0x6D,
    0xE8, 0xF3, 0x0A, 0xC3, 0xEA, 0x52, 0x39, 0x5E, 0x64, 0x74, 0xE2, 0x7F, 0x86, 0x62, 0x92, 0x94,
    0x64, 0xEE, 0x54, 0xB8, 0x4F, 0x0F, 0xCE, 0xF5, 0x63, 0x68, 0xB9, 0x7A, 0x30, 0xD7, 0xE5, 0x38,
    0x99, 0x44, 0xD3, 0x7C, 0xCC, 0x30, 0x80, 0x48, 0x07, 0x29, 0xDB, 0x83, 0x69, 0x2E, 0x72, 0x8F,
    0x79, 0x3B, 0x9A, 0xE6, 0xBB, 0x0B, 0x3A, 0xBF, 0x26, 0x68, 0x05, 0x85, 0xD3, 0x7F, 0x9F, 0xE3,
    0x03, 0x71, 0x4C, 0x56, 0xC5, 0xFB, 0x3B, 0x18, 0xCF, 0x78, 0xB0, 0xE8, 0xF8, 0xFA, 0xC6, 0xFC,
    0x85, 0x07, 0x9C, 0x42, 0x84, 0x73, 0x48, 0xA5, 0x9E, 0x45, 0x7A, 0xFD, 0x4A, 0x5A, 0xBF, 0xFE,
    0xEA, 0xE8, 0x5D, 0xE4, 0x0D, 0xBB, 0xD0, 0x90, 0xB7, 0x63, 0x95, 0x9A, 0xDC, 0xD0, 0x11, 0xC9,
    0x5F, 0xBA, 0x88, 0x5A, 0x2C, 0x20, 0xB9, 0xAF, 0x4B, 0x02, 0x3F, 0x2E, 0xE5, 0x95, 0x39, 0x79,
    0x78, 0x9B, 0x51, 0xA9, 0xA5, 0xC8, 0xB3, 0x8D, 0xFE, 0x50, 0x2C, 0xC3, 0xE3, 0x05, 0xB6, 0x2D,
    0xE0, 0x54, 0xB2, 0x98, 0xA9, 0x78, 0x19, 0x64, 0x12, 0x89, 0x77, 0x8F, 0x6A, 0x8F, 0xD8, 0xB9,
    0x85, 0xC8, 0xA3, 0xD8, 0x43, 0xFF, 0xA8, 0x11, 0x74, 0xB5, 0xFB, 0xEA, 0xEA, 0xBD, 0xE9, 0xAE,
    0xA0, 0xF3, 0x11, 0x14, 0x3E, 0x0C, 0x88, 0xEF, 0xFF, 0x00, 0xD5, 0xD9, 0x01, 0xA4, 0x2C, 0x59,
    0x7A, 0x07, 0xF0, 0x5F, 0x75, 0xDD, 0x37, 0xF5, 0x76, 0x6A, 0x67, 0xEB, 0xE1, 0x26, 0xC6, 0xCE,
    0xAC, 0x1E, 0xF2, 0xB0, 0x92, 0x35, 0x1D, 0x44, 0x0C, 0xEE, 0xBD, 0x55, 0x9B, 0x41, 0x00, 0xB9,
    0x18, 0x00, 0x84, 0xC0, 0x02, 0x19, 0x0C, 0x06, 0x33, 0xD3, 0xB5, 0x02, 0x80, 0x0C, 0x10, 0x40,
    0x06, 0x40, 0x82, 0x1D, 0xC0, 0x23, 0x6F, 0x5E, 0x55, 0x00, 0xC0, 0x54, 0x84, 0x00, 0x32, 0x0D,
    0x0C, 0x81, 0x1C, 0x49, 0xB3, 0x2D, 0x53, 0xDD, 0x27, 0xCE, 0xA1, 0xD3, 0xCC, 0x23, 0xBB, 0xB8,
    0xF7, 0xBE, 0x5E, 0x4E, 0xFD, 0x2F, 0xD0, 0xDD, 0xDF, 0xCF, 0x77, 0xEA, 0x54, 0x7D, 0x17, 0xCB,
    0x0E, 0xDA, 0x1E, 0xD6, 0x23, 0xC4, 0x94, 0x8B, 0x6F, 0x52, 0x96, 0x5F, 0xA7, 0x6C, 0xFE, 0x62,
    0xC2, 0xB2, 0xDE, 0xE0, 0xAA, 0x0A, 0x78, 0x56, 0x06, 0x84, 0x94, 0xE5, 0x94, 0xB2, 0xFA, 0x8F,
    0x7F, 0x0C, 0x34, 0x31, 0x6E, 0x59, 0x59, 0xEC, 0xB8, 0x52, 0xCC, 0x3C, 0x63, 0x26, 0xA4, 0x2C,
    0x37, 0x29, 0x97, 0x5B, 0x55, 0xEC, 0x86, 0xA8, 0x8D, 0x23, 0x00, 0xF0, 0x19, 0x88, 0xE0, 0x05,
    0xB8, 0x84, 0xFA, 0xF0, 0xD4, 0xFA, 0x57, 0xDB, 0xC5, 0xAE, 0x0C, 0x55, 0x28, 0x43, 0x33, 0x96,
    0x61, 0xD5, 0x57, 0x9B, 0x56, 0x3D, 0xAD, 0x35, 0xE3, 0x0B, 0xCD, 0xB8, 0xB7, 0x1C, 0xF7, 0xDA,
    0x7E, 0x6F, 0xDD, 0xED, 0x45, 0x43, 0x39, 0x74, 0x6D, 0x6C, 0x0F, 0xCB, 0x5D, 0xB3, 0x2B, 0xBA,
    0xA2, 0x03, 0x33, 0xF6, 0x98, 0xF1, 0x14, 0xD4, 0x5B, 0x68, 0xF7, 0xF0, 0xF4, 0x06, 0x5C, 0x43,
    0xB5, 0x83, 0xBA, 0x83, 0x06, 0xE0, 0x55, 0x4B, 0xC5, 0x4E, 0x19, 0x27, 0x8B, 0x72, 0x43, 0x35,
    0x32, 0x74, 0x04, 0x04, 0xEE, 0x52, 0xE9, 0x0F, 0xC1, 0xA7, 0xA8, 0xFF, 0x25, 0x60, 0xF5, 0xDF,
    0x3D, 0xBE, 0xDA, 0x62, 0x11, 0xAE, 0x52, 0x76, 0x8F, 0xCF, 0x44, 0xC4, 0x22, 0xA0, 0x1E, 0xD9,
    0x2F, 0x29, 0xE3, 0x53, 0x9A, 0xAF, 0x7B, 0x6E, 0xCA, 0x91, 0x27, 0x3A, 0x27, 0x99, 0x44, 0x23,
    0xD9, 0x48, 0x38, 0x92, 0x8E, 0xC4, 0x23, 0xF9, 0x48, 0x40, 0x92, 0x90, 0x44, 0x24, 0x19, 0x49,
    0x48, 0x92, 0x52, 0x66, 0x92, 0x9C, 0x24, 0x28, 0x59, 0x8A, 0x5F, 0x80, 0x6B, 0xD0, 0xD4, 0x13,
    0xAA, 0x55, 0x70, 0x9E, 0x54, 0xD5, 0x48, 0x39, 0x21, 0xEC, 0xF9, 0x83, 0x98, 0x99, 0xB2, 0x52,
    0x46, 0xBA, 0xBB, 0xE6, 0xA9, 0x02, 0xFC, 0xE0, 0x13, 0xF0, 0x31, 0xEA, 0x7F, 0xDD, 0x60, 0xF5,
    0x5F, 0x67, 0xEA, 0x02, 0x30, 0x74, 0x78, 0x7F, 0x44, 0xD5, 0xB3, 0xBF, 0xA6, 0x8C, 0x4F, 0x1E,
    0xB2, 0x99, 0xFC, 0xD8, 0x88, 0xE1, 0xDB, 0x94, 0xDF, 0xC6, 0x8E, 0xA2, 0xFF, 0x05, 0xD4, 0x13,
    0x9C, 0x6D, 0x63, 0x59, 0x6C, 0x7F, 0xA8, 0x8E, 0xCF, 0xBD, 0xB1, 0x0A, 0x2E, 0x8A, 0x8E, 0x3D,
    0xE5, 0xBD, 0x35, 0x58, 0x0E, 0x4D, 0x80, 0x36, 0xE7, 0x3C, 0xA3, 0x9C, 0xAE, 0x50, 0xB8, 0x00,
    0x9C, 0xFF, 0x99, 0x96, 0x53, 0x3C, 0x5A, 0x8D, 0x6E, 0xCA, 0xE9, 0x8E, 0xAD, 0x68, 0x31, 0x60,
    0x8D, 0x37, 0x81, 0x1F, 0x83, 0x4F, 0x41, 0x80, 0xF7, 0x7F, 0x89, 0x62, 0x6A, 0xE0, 0x30, 0xC3,
    0x7A, 0x0B, 0xAF, 0x77, 0x67, 0x62, 0x59, 0xE4, 0x0F, 0xA0, 0xE1, 0xF1, 0x4F, 0xDF, 0xD1, 0x08,
    0xEA, 0x38, 0x29, 0x63, 0xC7, 0xA5, 0x3B, 0xF4, 0xFA, 0x29, 0x68, 0x41, 0xC3, 0xF9, 0xDB, 0x58,
    0x4C, 0x99, 0x87, 0x8F, 0x79, 0xFC, 0xF6, 0x7D, 0xDA, 0x14, 0x9F, 0x43, 0xB3, 0x05, 0xEF, 0xC1,
    0xE2, 0x77, 0xA3, 0x7B, 0xDE, 0xC5, 0x30, 0x52, 0x8E, 0xAC, 0x3A, 0x8F, 0xDF, 0xBB, 0x37, 0xA5,
    0xFF, 0xE7, 0x1E, 0xDE, 0x15, 0xE7, 0xAD, 0x54, 0x6C, 0xDF, 0x50, 0xC5, 0xE7, 0x7E, 0xB4, 0xDA,
    0x7A, 0x5C, 0x74, 0x1E, 0xBB, 0x47, 0xA5, 0x62, 0xAC, 0x60, 0xB3, 0x84, 0x38, 0x43, 0x1B, 0xE0,
    0xD1, 0x99, 0x68, 0x00, 0x2E, 0xC1, 0x0B, 0x10, 0xC1, 0x1E, 0x3C, 0x81, 0xB7, 0x7D, 0xE1, 0x27,
    0x8B, 0x8D, 0x26, 0x8E, 0xAA, 0x88, 0xDB, 0xBB, 0x13, 0xBA, 0xA5, 0x98, 0x29, 0x67, 0x16, 0x3B,
    0xDC, 0x62, 0x1D, 0xE3, 0xDE, 0x2A, 0x45, 0x19, 0x5C, 0xE5, 0x50, 0xA5, 0x68, 0x36, 0x9E, 0x68,
    0x46, 0x72, 0x58, 0xA6, 0x58, 0xC5, 0x3D, 0x6D, 0x0E, 0x72, 0xB0, 0x86, 0x17, 0xB0, 0x87, 0xD9,
    0x62, 0x34, 0x2B, 0xC7, 0xC5, 0xAC, 0x1E, 0xDF, 0x3A, 0xFC, 0xC3, 0xD0, 0x0F, 0x31, 0x46, 0x40,
    0x01, 0xCD, 0xE4, 0x18, 0x23, 0x0A, 0xA8, 0xF7, 0x0C, 0x43, 0x57, 0x86, 0xE5, 0x58, 0x4F, 0xCB,
    0xB1, 0x19, 0x97, 0x63, 0xDB, 0xB5, 0x5D, 0xEB, 0x60, 0xFD, 0xD6, 0x4E, 0x8C, 0xBD, 0xC3, 0x2D,
    0x7B, 0xEC, 0x31, 0xB8, 0xD0, 0x76, 0x57, 0x96, 0xDF, 0xED, 0x54, 0x71, 0xE2, 0x92, 0xA2, 0xA3,
    0x9E, 0x68, 0x36, 0x34, 0x13, 0x05, 0x28, 0x0E, 0xA8, 0x62, 0xCF, 0x6B, 0xF5, 0x88, 0xA6, 0x47,
    0x44, 0xB1, 0xC1, 0x62, 0x84, 0x87, 0x64, 0x28, 0x0F, 0x34, 0xB1, 0x77, 0xD1, 0xF4, 0x2C, 0x3B,
    0xC5, 0x9E, 0xC5, 0x28, 0x5F, 0x77, 0x04, 0xC1, 0x6B, 0x1D, 0xDA, 0x70, 0xC5, 0x3F, 0xC5, 0xC0,
    0xB4, 0x9E, 0xF0, 0xE8, 0xA1, 0x4B, 0x7D, 0x0D, 0x6D, 0xF8, 0x13, 0xDF, 0xC5, 0x50, 0x8C, 0xC3,
    0xC8, 0xA3, 0x3B, 0x2C, 0x91, 0xE2, 0x0B, 0xA8, 0x26, 0x7C, 0xD5, 0x60, 0x11, 0xDF, 0x43, 0xFD,
    0x4D, 0x87, 0x55, 0x39, 0xE2, 0xA9, 0xCF, 0x71, 0x2A, 0x5A, 0xAE, 0x3A, 0x57, 0x7C, 0xCC, 0x2A,
    0x67, 0xAE, 0x5C, 0x33, 0x72, 0xCC, 0x65, 0xCE, 0x5C, 0xBD, 0x36, 0xE6, 0xC4, 0x31, 0xD7, 0x1C,
    0x09, 0xEC, 0x39, 0x22, 0x64, 0x05, 0x99, 0x41, 0x76, 0x90, 0x21, 0xA0, 0x3C, 0xB6, 0xFB, 0x7C,
    0x43, 0x79, 0x78, 0x87, 0xE6, 0x1B, 0x5C, 0x7F, 0xEF, 0x0D, 0x60, 0x2F, 0xD3, 0x48, 0x36, 0x12,
    0x8E, 0xA4, 0x23, 0xF1, 0x48, 0x3E, 0x19, 0x28, 0x0B, 0x65, 0x22, 0x7B, 0xC7, 0x48, 0x4A, 0x99,
    0x29, 0x3B, 0x65, 0xA8, 0x63, 0x33, 0xF4, 0x28, 0x27, 0x08, 0x5F, 0xE1, 0x4F, 0xA3, 0xCC, 0x94,
    0x95, 0x32, 0xD2, 0xC3, 0xF6, 0x45, 0xDD, 0x4B, 0x4C, 0x8A, 0x30, 0xF3, 0x57, 0x87, 0x2C, 0x91,
    0x21, 0xB2, 0xC3, 0xDD, 0xF5, 0xC7, 0xBA, 0x83, 0xBF, 0x1B, 0xA1, 0x4C, 0xF9, 0xD5, 0x0D, 0x16,
    0xF1, 0xE9, 0xF9, 0x76, 0x09, 0x88, 0xF0, 0xE7, 0x3D, 0xEA, 0x8E, 0xF9, 0xFA, 0xA1, 0xFB, 0x45,
    0xF1, 0xC5, 0x0F, 0xA9, 0x0F, 0x9F, 0xF0, 0xA3, 0xF5, 0x96, 0x37, 0x73, 0x03, 0x7D, 0x85, 0xC5,
    0x2B, 0xEE, 0x1C, 0xE5, 0xE6, 0x67, 0x9A, 0xF8, 0xCC, 0xCF, 0xD6, 0xC1, 0xE5, 0xA3, 0xA4, 0x43,
    0x79, 0x6F, 0x1D, 0x94, 0x33, 0xA2, 0x8C, 0xE4, 0x57, 0x29, 0x37, 0xE5, 0x74, 0xF4, 0x3F, 0x9F,
    0xB3, 0xD3, 0x07, 0x14, 0x07, 0xAA, 0x48, 0xF3, 0xB7, 0xDD, 0x49, 0xE2, 0x3E, 0xCF, 0xD5, 0xD4,
    0x74, 0x71, 0x54, 0xBE, 0xBF, 0x21, 0xA1, 0xAC, 0x3B, 0xB6, 0x08, 0x47, 0x9A, 0xD1, 0xEA, 0xD0,
    0x2B, 0xB7, 0x94, 0x41, 0x62, 0x91, 0x3F, 0x60, 0xCC, 0x57, 0x26, 0x59, 0xF5, 0xB4, 0x1D, 0x2D,
    0x5A, 0xAC, 0xC9, 0x18, 0x7B, 0xCC, 0x98, 0x59, 0xCC, 0xBC, 0x75, 0xE8, 0x0C, 0x71, 0x24, 0x76,
    0x65, 0x9C, 0x16, 0xE5, 0xA4, 0x1A, 0x0D, 0x9D, 0xC0, 0x06, 0xDA, 0x90, 0x56, 0x99, 0x57, 0xB5,
    0x51, 0x4F, 0x9A, 0x51, 0x5E, 0x96, 0x9D, 0x15, 0xAD, 0xE3, 0xDA, 0x5B, 0x6E, 0x15, 0xF7, 0xF4,
    0xF3, 0x90, 0xA9, 0x36, 0x34, 0x41, 0x26, 0x2B, 0x3A, 0xA0, 0x25, 0x6F, 0x48, 0x8F, 0x01, 0xCD,
    0x9C, 0x96, 0xBC, 0x8A, 0x9D, 0xC5, 0x56, 0xF9, 0x7F, 0x25, 0x4C, 0xEA, 0xF1, 0x54, 0x42, 0x13,
    0xBB, 0x6A, 0x4F, 0xE7, 0x92, 0xCF, 0x88, 0xBC, 0xE0, 0x12, 0xC0, 0x70, 0xA0, 0x3E, 0x0C, 0x93,
    0x76, 0x2C, 0x83, 0x83, 0x62, 0x2E, 0x67, 0xF6, 0x55, 0xE0, 0xD0, 0x6C, 0x18, 0x96, 0x23, 0x43,
    0x9B, 0xA3, 0x23, 0xAE, 0x71, 0x48, 0xB1, 0x1F, 0x28, 0xE6, 0x81, 0x32, 0x47, 0x58, 0xD3, 0x84,
    0x96, 0xE5, 0xB8, 0xEA, 0xB5, 0x5D, 0x33, 0x15, 0x7B, 0xE5, 0xFE, 0xAF, 0x03, 0x43, 0xEC, 0x29,
    0x6E, 0x51, 0x38, 0x75, 0xF4, 0xA9, 0x03, 0x51, 0x1F, 0x88, 0x71, 0x2C, 0xB7, 0x55, 0x68, 0xA6,
    0xD4, 0x6B, 0xE5, 0xB6, 0xED, 0x16, 0xBB, 0x56, 0xB9, 0x1B, 0x94, 0xBB, 0x83, 0x72, 0xBB, 0x57,
    0x86, 0xBD, 0x3A, 0xEC, 0xF3, 0xC3, 0xEA, 0x72, 0x6C, 0xB5, 0x56, 0xFF, 0x36, 0xAB, 0xE2, 0x86,
    0x4B, 0xDC, 0x4A, 0x12, 0xCA, 0x59, 0xE2, 0xE0, 0xF6, 0xB7, 0x7C, 0x7A, 0x7B, 0x78, 0x06, 0xB1,
    0x77, 0x1A, 0x97, 0x4F, 0xA7, 0x71, 0xF9, 0x97, 0xDC, 0x95, 0xC6, 0xF1, 0xDC, 0xD6, 0xF4, 0xC9,
    0xE5, 0x1A, 0xD5, 0xFC, 0x25, 0x96, 0x03, 0x7C, 0xDA, 0x74, 0xF8, 0x7C, 0x91, 0xF2, 0x24, 0x90,
    0x09, 0x64, 0x03, 0x19, 0x41, 0x56, 0x90, 0x19, 0x64, 0x07, 0x19, 0x42, 0x96, 0x90, 0x29, 0x64,
    0x0B, 0x19, 0x43, 0xD6, 0x90, 0x39, 0x72, 0x06, 0x19, 0x44, 0x16, 0x91, 0x49, 0x64, 0x93, 0x8C,
    0x22, 0xAB, 0x38, 0xB2, 0x90, 0x40, 0x34, 0x23, 0xFB, 0x77, 0x1D, 0x87, 0xE6, 0xDD, 0xCB, 0xA7,
    0xD6, 0x41, 0x06, 0x92, 0x84, 0x24, 0x22, 0xC9, 0x48, 0x42, 0x92, 0x94, 0x24, 0x26, 0xC9, 0x49,
    0x82, 0x92, 0xA4, 0x24, 0x2A, 0xC9, 0x4A, 0xC2, 0xCA, 0x5A, 0x99, 0x8B, 0x4B, 0x78, 0xFD, 0x88,
    0xA5, 0xFC, 0xE7, 0x1D, 0xBE, 0x9D, 0x33, 0xD6, 0xD1, 0x2A, 0x53, 0x3D, 0x78, 0xAB, 0x54, 0xFD,
    0x4B, 0xC3, 0xF1, 0xD3, 0xED, 0xF9, 0x0E, 0x5B, 0x65, 0x8F, 0xE2, 0xEF, 0xA1, 0xA1, 0xD8, 0x3D,
    0xA7, 0x9A, 0x6F, 0x5F, 0x7D, 0xF9, 0x2F, 0xCF, 0xC0, 0xEB, 0xEE, 0x38, 0x03, 0x7F, 0xE7, 0x01,
    0x7B, 0xC3, 0xE2, 0xF3, 0xA7, 0x2C, 0xF7, 0x5F, 0x72, 0x1D, 0x37, 0xFC, 0xF1, 0xEB, 0x5D, 0x62,
    0x42, 0x75, 0x0E, 0x5D, 0x62, 0x11, 0xDE, 0xD6, 0xC4, 0xE7, 0x7E, 0xD2, 0x06, 0x97, 0xC7, 0x49,
    0xF7, 0xBD, 0x75, 0xCB, 0x07, 0x28, 0xE7, 0xA3, 0xF5, 0x6A, 0x89, 0xE7, 0x75, 0x4F, 0x57, 0x74,
    0x67, 0x75, 0xA8, 0xF8, 0x00, 0xF1, 0x28, 0xD1, 0x9F, 0x24, 0xEE, 0xF3, 0xC0, 0xF1, 0xE8, 0x34,
    0x1F, 0xF2, 0x19, 0xD8, 0x42, 0x39, 0x41, 0xC1, 0x53, 0x70, 0xC8, 0x48, 0x31, 0x2B, 0x5D, 0x67,
    0xA6, 0xAB, 0xE4, 0x74, 0x08, 0xE5, 0x4C, 0xEC, 0x1E, 0xEA, 0x86, 0x9B, 0xFF, 0xD4, 0xE1, 0x68,
    0x77, 0x03, 0x5B, 0x1D, 0x5D, 0xB9, 0x45, 0xB9, 0x53, 0x1F, 0x8A, 0x6D, 0x92, 0x0A, 0xE5, 0xB6,
    0xFA, 0xF5, 0xD8, 0x4C, 0xE5, 0xFE, 0x37, 0xEE, 0xA7, 0xEA, 0x37, 0xEF, 0xA7, 0x8C, 0xA4, 0x19,
    0xA1, 0x0C, 0x50, 0xE4, 0xF4, 0x31, 0xB8, 0x3C, 0x2B, 0xA5, 0xFC, 0x63, 0x9B, 0x11, 0xE5, 0x06,
    0x45, 0x80, 0x67, 0x3A, 0x2E, 0xEF, 0x57, 0xA9, 0x38, 0x40, 0x15, 0x7B, 0xC7, 0xC7, 0x17, 0x4D,
    0x0F, 0x11, 0x8A, 0x0D, 0x2C, 0xC6, 0xB3, 0xB2, 0x12, 0x7B, 0xCA, 0x38, 0xB1, 0xC8, 0x58, 0xD5,
    0x84, 0xA1, 0x43, 0xD0, 0xF1, 0xE5, 0xFD, 0x82, 0xBD, 0x06, 0xD6, 0x9B, 0x8F, 0x48, 0x43, 0xA3,
    0xA4, 0x13, 0x47, 0x78, 0x74, 0x3E, 0x48, 0x2F, 0x4F, 0xD7, 0x36, 0xEB, 0xA9, 0xE3, 0xD1, 0xFD,
    0xD2, 0x70, 0x56, 0x04, 0x45, 0x07, 0xF5, 0x06, 0x9A, 0x00, 0xF5, 0x04, 0x05, 0x40, 0x87, 0x7B,
    0x15, 0x79, 0x02, 0x33, 0x8A, 0x14, 0x72, 0x3C, 0x41, 0x1B, 0x37, 0x4D, 0x1C, 0xFF, 0x28, 0xF6,
    0xF5, 0xA1, 0x4F, 0x24, 0x41, 0xB9, 0xCD, 0x19, 0x14, 0x9B, 0x94, 0x8B, 0x49, 0x1D, 0x94, 0xA3,
    0x66, 0xCA, 0x39, 0xCA, 0xA9, 0xEA, 0x2D, 0x47, 0x75, 0x67, 0xD5, 0x6B, 0x68, 0xBB, 0x9C, 0x72,
    0xF2, 0x6E, 0xCE, 0x2B, 0xD6, 0x39, 0x5B, 0x9E, 0xD1, 0xF6, 0x8B, 0x40, 0x73, 0x18, 0x46, 0x16,
    0xF1, 0x70, 0xBA, 0x33, 0x5E, 0x80, 0x16, 0x0C, 0x60, 0x0D, 0x2E, 0xA0, 0x0D, 0x9E, 0xB7, 0xC1,
    0x5C, 0xE6, 0x6B, 0xB1, 0xAB, 0x36, 0xE5, 0xB6, 0x9E, 0xD2, 0x48, 0x3F, 0x5D, 0x55, 0x68, 0xFA,
    0x7A, 0x5A, 0x75, 0xCD, 0xD8, 0xCA, 0x87, 0xD6, 0xD8, 0xFA, 0xCF, 0xB1, 0x2D, 0xBF, 0x1E, 0xDB,
    0xD8, 0xC4, 0x66, 0xAE, 0xE7, 0xA2, 0xD3, 0xB9, 0xF8, 0xDE, 0x3F, 0x61, 0x2F, 0xA0, 0xDA, 0xC1,
    0x32, 0xC2, 0x9B, 0x4B, 0xD0, 0x42, 0x72, 0xA0, 0x1A, 0x73, 0x02, 0xE7, 0x22, 0x65, 0xE8, 0x2D,
    0xBE, 0xDB, 0x28, 0xFE, 0x2C, 0x50, 0x6D, 0x58, 0x77, 0x7C, 0x84, 0x0F, 0xDD, 0x99, 0x15, 0xBF,
    0x77, 0xB2, 0x30, 0xC3, 0x22, 0x9C, 0x44, 0x1E, 0xF1, 0x97, 0x60, 0x4E, 0x22, 0xDB, 0x39, 0x89,
    0x84, 0xE7, 0x59, 0x64, 0x9B, 0x44, 0x7E, 0xBD, 0x49, 0x22, 0xF1, 0xC1, 0x44, 0x8A, 0x5B, 0x54,
    0x01, 0xCD, 0x88, 0x16, 0x9E, 0xB9, 0xA0, 0xB3, 0x86, 0x75, 0x46, 0x49, 0x2A, 0xD7, 0x89, 0x65,
    0x57, 0x86, 0x45, 0x1C, 0x13, 0x8C, 0x24, 0x23, 0xD1, 0x48, 0x36, 0x12, 0x8E, 0xA4, 0x23, 0xF1,
    0x48, 0x3E, 0x12, 0x90, 0x24, 0x24, 0x11, 0x49, 0x46, 0x32, 0x12, 0x1F, 0x80, 0xE1, 0x44, 0xA5,
    0xE9, 0xA1, 0x1C, 0x41, 0x77, 0x56, 0x4A, 0x39, 0x9B, 0x09, 0x65, 0x80, 0x1C, 0x9F, 0xB8, 0xE0,
    0xE2, 0x7E, 0x95, 0x7E, 0xCB, 0x3D, 0x76, 0x4E, 0x56, 0x86, 0x5E, 0xDE, 0x64, 0x79, 0x97, 0x51,
    0x6D, 0xB0, 0xEE, 0xF0, 0x91, 0x0B, 0x3E, 0xBC, 0x5F, 0xB0, 0x1F, 0x80, 0x61, 0x0A, 0x14, 0x31,
    0x4E, 0x94, 0xBF, 0x8C, 0x3D, 0x5C, 0x9E, 0x15, 0x52, 0x91, 0x72, 0xB9, 0x7B, 0x9B, 0x9B, 0x38,
    0xF3, 0x65, 0x1B, 0x2E, 0x28, 0xEE, 0x97, 0x86, 0xF3, 0xDA, 0x53, 0x60, 0xD5, 0x43, 0x3B, 0xC2,
    0xEA, 0x74, 0x9A, 0xC1, 0x05, 0xEE, 0x55, 0xE4, 0xF4, 0x05, 0x03, 0x7C, 0x06, 0x97, 0xC7, 0x1F,
    0xA8, 0x0A, 0x58, 0x6C, 0x61, 0x86, 0x2B, 0xB8, 0x00, 0x0C, 0xF1, 0xE7, 0x71, 0x5E, 0xFF, 0x8F,
    0x5F, 0x6D, 0x9B, 0x4D, 0xFA, 0xD6, 0x60, 0x95, 0x07, 0xF2, 0xCA, 0x9D, 0xA0, 0x98, 0xCB, 0x89,
    0xB9, 0xEA, 0x39, 0x34, 0x58, 0x5F, 0xA1, 0xDD, 0xA6, 0xD8, 0x38, 0x0E, 0xE8, 0x7B, 0x19, 0xF0,
    0xA5, 0x01, 0xFD, 0x01, 0xBF, 0x1F, 0x6F, 0x69, 0x63, 0xF8, 0xDE, 0x0B, 0x45, 0x40, 0x11, 0xE0,
    0x63, 0xB8, 0x04, 0xAC, 0x36, 0x9E, 0x5B, 0x85, 0x62, 0xAF, 0x0C, 0x0E, 0xCA, 0x9D, 0x1B, 0xC5,
    0xEC, 0x9A, 0xD9, 0x15, 0x7B, 0xCF, 0x59, 0xDB, 0xD2, 0x0A, 0xB4, 0xE5, 0xC4, 0xEA, 0x6F, 0x46,
    0x9A, 0xAF, 0xD1, 0xFC, 0x7B, 0x8A, 0x19, 0xD5, 0x16, 0x65, 0x40, 0x35, 0xA2, 0xE9, 0x70, 0x83,
    0x62, 0x46, 0x73, 0x7C, 0x8B, 0x1E, 0x76, 0x0F, 0x5B, 0x3E, 0xDC, 0x9E, 0x1E, 0xEF, 0x52, 0x04,
    0xE8, 0xEE, 0xB3, 0xF2, 0x8E, 0x9B, 0x2A, 0x15, 0x52, 0x07, 0x4D, 0xA8, 0x37, 0x43, 0xEC, 0x8B,
    0x6E, 0xD8, 0x9D, 0x3A, 0x36, 0x06, 0x8C, 0x01, 0x8B, 0x80, 0x76, 0xC4, 0x15, 0xBC, 0x07, 0x0F,
    0x2C, 0x34, 0x8C, 0x14, 0xDF, 0x05, 0xFC, 0x3C, 0xA0, 0xDC, 0xA0, 0xED, 0xF1, 0x31, 0x7C, 0xF8,
    0xCA, 0xBA, 0x84, 0x5B, 0x54, 0x87, 0x9A, 0x66, 0x38, 0x70, 0xD5, 0xCC, 0x28, 0xBA, 0x07, 0x17,
    0x2A, 0x7A, 0x2C, 0xE7, 0x37, 0x4E, 0x77, 0x5B, 0x14, 0xDD, 0xAB, 0x72, 0xF9, 0x5F, 0x9D, 0x97,
    0x3F, 0xAC, 0xDC, 0xC6, 0xB5, 0xC6, 0x7F, 0xE4, 0x5C, 0x3D, 0x0A, 0xE2, 0xB3, 0x46, 0x85, 0x0D,
    0xD8, 0x78, 0x92, 0xD8, 0xB8, 0x30, 0x9E, 0x75, 0x2F, 0x5F, 0x21, 0xE0, 0xA9, 0xE0, 0xEE, 0x4C,
    0xEC, 0x1E, 0x51, 0x11, 0xA7, 0x48, 0x9A, 0x94, 0x41, 0x1A, 0xB9, 0x30, 0x90, 0x14, 0x2B, 0x91,
    0x88, 0x91, 0x3A, 0x4D, 0xDA, 0x20, 0x2A, 0xEC, 0x22, 0x72, 0x61, 0x15, 0xB7, 0x50, 0x71, 0x25,
    0x8E, 0xA1, 0xC2, 0x2D, 0x9D, 0xB4, 0x36, 0x4C, 0x24, 0x81, 0x91, 0x04, 0x08, 0x32, 0x71, 0x98,
    0x84, 0x71, 0xB8, 0x7B, 0x32, 0xBB, 0x83, 0xD0, 0x2B, 0x45, 0x8E, 0xAE, 0xFD, 0x9D, 0xF9, 0x0E,
    0xB9, 0x73, 0xE6, 0xDF, 0x37, 0x20, 0xCF, 0x0E, 0xAF, 0xFB, 0x27, 0xE1, 0x36, 0x5C, 0xBD, 0x78,
    0xE9, 0x8D, 0xAC, 0xCB, 0xBA, 0x62, 0xF8, 0xFF, 0x0F, 0x95, 0x7B, 0x9A, 0xA5, 0x0D, 0xA4, 0x0E,
    0x5F, 0x4F, 0x32, 0x79, 0xFF, 0xA9, 0xF3, 0x3C, 0xCD, 0x6E, 0x03, 0xAA, 0xD1, 0x98, 0xB5, 0x11,
    0xAD, 0xD5, 0x8F, 0xD1, 0x4F, 0xB5, 0x73, 0x40, 0x2D, 0xB6, 0x15, 0x80, 0xFD, 0xFB, 0xEF, 0xDD,
    0xB9, 0xF3, 0x96, 0x88, 0x0C, 0x00, 0x26, 0xDC, 0xD4, 0x81, 0xF1, 0x7E, 0x87, 0xA1, 0x96, 0x78,
    0x05, 0xF8, 0x4F, 0xF5, 0xE0, 0xAB, 0xAF, 0x6A, 0xCF, 0xBD, 0xF6, 0x9A, 0x35, 0x22, 0xDD, 0xFF,
    0xDE, 0xB9, 0xD3, 0x00, 0xB4, 0x22, 0x4E, 0x44, 0x9A, 0xA4, 0xD3, 0xAE, 0xE2, 0x98, 0x09, 0x41,
    0xA8, 0x01, 0xDD, 0x14, 0x7D, 0xE1, 0x33, 0x9F, 0x76, 0xCA, 0x15, 0xDC, 0x03, 0xB4, 0x2D, 0xBB,
    0xB2, 0xD7, 0xBD, 0x72, 0xDB, 0x9A, 0x11, 0xC8, 0x9D, 0x09, 0x56, 0xB3, 0xA2, 0xE2, 0x88, 0xDC,
    0x61, 0x93, 0xEE, 0xA2, 0x76, 0x63, 0xA5, 0xDC, 0xB1, 0x66, 0xD2, 0x8D, 0x68, 0x1F, 0x4A, 0x9D,
    0x7B, 0x40, 0x37, 0x63, 0xF1, 0xAB, 0x75, 0xF1, 0xE9, 0x26, 0xF3, 0x0F, 0xD2, 0x2E, 0x34, 0xA9,
    0x8A, 0xD4, 0xDF, 0xD3, 0x0D, 0xA0, 0xED, 0x50, 0xFE, 0x72, 0x2A, 0x7F, 0xBD, 0xD6, 0xFD, 0x5A,
    0xB9, 0x10, 0xBA, 0x16, 0x42, 0xE3, 0x2E, 0x94, 0xBB, 0xD1, 0x3C, 0x9C, 0xCC, 0xFB, 0x53, 0x9D,
    0xF7, 0xAB, 0xBC, 0xA9, 0x54, 0x73, 0xA4, 0xBA, 0x50, 0x89, 0x05, 0x40, 0x3B, 0x74, 0x83, 0x06,
    0x0D, 0x97, 0xE1, 0x22, 0xB7, 0xEE, 0xB7, 0xAD, 0x6C, 0xAE, 0x57, 0xCF, 0x33, 0xC1, 0x44, 0x1A,
    0xCA, 0x88, 0xF2, 0xBB, 0xD2, 0xA3, 0xDC, 0xB6, 0x64, 0x0D, 0x99, 0x25, 0x07, 0x0D, 0xE7, 0xE1,
    0x19, 0xB8, 0x08, 0x07, 0x10, 0x61, 0x80, 0x25, 0x50, 0x45, 0x5E, 0xBF, 0xFA, 0x2C, 0x22, 0x53,
    0xB2, 0xF9, 0xEB, 0x04, 0x1E, 0xD4, 0xBF, 0xD8, 0x41, 0xEA, 0x02, 0x2D, 0xA8, 0xC0, 0xBC, 0x81,
    0xC2, 0x05, 0x36, 0xA0, 0xC1, 0xFC, 0xEC, 0x5D, 0x8C, 0x08, 0x2F, 0x5E, 0x39, 0x03, 0x15, 0xB0,
    0x02, 0xA6, 0x48, 0xAE, 0x43, 0xDA, 0x53, 0x6E, 0x30, 0x42, 0x2D, 0x36, 0x16, 0x23, 0x84, 0x92,
    0x8F, 0xDC, 0x86, 0x07, 0xD0, 0xF6, 0xB4, 0x1B, 0x5A, 0xE9, 0x5A, 0xB1, 0xED, 0x40, 0x6B, 0x39,
    0x06, 0xE0, 0x80, 0x9A, 0x96, 0x96, 0x2B, 0x1C, 0x70, 0x86, 0x1A, 0x63, 0x5B, 0xEA, 0xA6, 0xC5,
    0xD8, 0x2B, 0x5C, 0x62, 0xC1, 0x11, 0x05, 0xA1, 0xC6, 0x1A, 0x27, 0xB4, 0xC1, 0x3F, 0xC0, 0x84,
    0x18, 0x1C, 0x04, 0xD3, 0x18, 0x67, 0x1A, 0xC3, 0x01, 0xBB, 0x37, 0x80, 0xD3, 0xD8, 0xED, 0xDD,
    0xB3, 0x8F, 0x3E, 0x95, 0x9D, 0x83, 0x76, 0xF3, 0xB9, 0x9D, 0xEE, 0x8D, 0x6C, 0x37, 0x77, 0x89,
    0x76, 0xFA, 0x1E, 0x9C, 0x8F, 0x76, 0xCA, 0x1E, 0x33, 0xDA, 0x0E, 0x6D, 0x01, 0xF5, 0xA7, 0x81,
    0x12, 0x20, 0x77, 0x13, 0x15, 0x80, 0xB6, 0x27, 0x0C, 0x00, 0x25, 0x27, 0x69, 0x0F, 0x60, 0x98,
    0x32, 0x07, 0xB0, 0x64, 0xD2, 0x00, 0x2C, 0x18, 0x97, 0xF1, 0x26, 0xF1, 0xAB, 0xBC, 0xA7, 0x68,
    0x16, 0xCA, 0xFB, 0x5B, 0x13, 0xE2, 0x97, 0xD9, 0xC3, 0x0F, 0xFC, 0x42, 0xF5, 0x53, 0xF1, 0x6E,
    0xFE, 0xB0, 0x37, 0xB9, 0x5B, 0xA9, 0x51, 0x67, 0xCE, 0x68, 0xBB, 0x82, 0x85, 0x76, 0xA6, 0x60,
    0x05, 0x27, 0xBA, 0x31, 0x86, 0x13, 0x12, 0xAF, 0xED, 0xD2, 0x30, 0xA1, 0x3A, 0xCD, 0x6A, 0xC9,
    0x88, 0x6E, 0x34, 0xD3, 0x32, 0xF1, 0x14, 0x68, 0xEB, 0x8D, 0xEA, 0xA9, 0x08, 0x03, 0x15, 0xDA,
    0x31, 0xA2, 0xC4, 0xE6, 0x1B, 0x00, 0x2E, 0xC0, 0x75, 0x80, 0x7F, 0x57, 0xB4, 0x2F, 0x6A, 0x5F,
    0xD7, 0xBE, 0xB4, 0x7D, 0x75, 0xFB, 0x02, 0xF7, 0x35, 0xEE, 0xCB, 0xDC, 0x57, 0xCA, 0x0D, 0x3B,
    0x8B, 0x55, 0xFF, 0xE8, 0x67, 0xBD, 0xF9, 0x7B, 0x7E, 0x96, 0x5C, 0x30, 0xCC, 0xAA, 0x0D, 0xE3,
    0x2C, 0x3C, 0x0C, 0x38, 0x6B, 0x5F, 0x31, 0xCC, 0xF2, 0x4F, 0x12, 0x3F, 0xEF, 0xC0, 0x89, 0xF2,
    0xF3, 0x26, 0x9C, 0xA8, 0x6E, 0xDE, 0x87, 0x55, 0xEE, 0xE6, 0xAD, 0x58, 0x94, 0xCC, 0xBB, 0x51,
    0x4C, 0x7B, 0x1B, 0x62, 0xD1, 0xAE, 0xB4, 0x86, 0x05, 0x2B, 0x8E, 0xF1, 0x80, 0x7E, 0x38, 0x94,
    0xAF, 0x7A, 0x93, 0x75, 0x8B, 0xB0, 0x2E, 0x6D, 0x8F, 0x35, 0xFE, 0x12, 0xB1, 0xBE, 0x0E, 0x81,
    0xFB, 0x21, 0x32, 0x85, 0xD0, 0xB0, 0xD2, 0x5F, 0xF3, 0xC7, 0x3A, 0xED, 0xFC, 0x25, 0xE5, 0x00,
    0x0C, 0x86, 0x12, 0x6D, 0xB5, 0xCD, 0xAC, 0x6A, 0xC0, 0xE4, 0x9D, 0xC9, 0xFA, 0x52, 0x79, 0xFD,
    0x8A, 0x0F, 0x4D, 0x33, 0xEB, 0x55, 0x73, 0x97, 0x5D, 0xFD, 0x14, 0x02, 0x53, 0x88, 0x9C, 0x84,
    0x50, 0x15, 0x62, 0x8B, 0x10, 0x3C, 0x0C, 0xD1, 0xF3, 0x44, 0xE0, 0x49, 0x46, 0xD4, 0x84, 0xFA,
    0x03, 0x5A, 0xA3, 0x73, 0xBB, 0xD8, 0x26, 0xB7, 0x8E, 0x33, 0x1C, 0x32, 0x86, 0x11, 0x9D, 0xB1,
    0x06, 0x63, 0x75, 0x93, 0x39, 0xD5, 0xD1, 0x25, 0x56, 0xB9, 0xC4, 0x33, 0x72, 0x9F, 0x9A, 0x96,
    0x29, 0xB4, 0x68, 0x8E, 0xB8, 0x06, 0x14, 0xC0, 0x45, 0x4C, 0x93, 0xD9, 0x22, 0xF8, 0xC2, 0x66,
    0x4E, 0x73, 0x93, 0xC4, 0x93, 0x0C, 0xB0, 0x22, 0xEB, 0xA0, 0xA0, 0xB0, 0x90, 0xB9, 0x9B, 0x40,
    0x12, 0x9E, 0x03, 0x0C, 0x75, 0xA7, 0x9D, 0xA1, 0x6C, 0x8A, 0xE0, 0x6B, 0xA7, 0xDD, 0x41, 0xF2,
    0x17, 0x9F, 0x40, 0xD6, 0xAD, 0x80, 0xC2, 0x16, 0xC0, 0x4D, 0x32, 0x47, 0x32, 0x90, 0xF8, 0x50,
    0x7D, 0x8E, 0x9B, 0x14, 0x76, 0x3B, 0xFE, 0x21, 0xC6, 0x65, 0x16, 0x8A, 0x40, 0xEA, 0x74, 0xA2,
    0x55, 0x63, 0xE0, 0xC0, 0x5A, 0x79, 0xA6, 0x6C, 0xCB, 0x9E, 0x31, 0x77, 0xC9, 0xA0, 0x5D, 0x1A,
    0x74, 0x28, 0xAF, 0xAD, 0xEA, 0x35, 0xCA, 0x15, 0x81, 0x47, 0x64, 0x6E, 0x41, 0x66, 0x2B, 0x22,
    0xA0, 0xE0, 0x1E, 0xE6, 0x87, 0x13, 0xF5, 0x9B, 0x13, 0x26, 0x19, 0xE7, 0x5C, 0x9B, 0x8A, 0xA7,
    0xF8, 0x64, 0x8D, 0xA1, 0x66, 0x89, 0xA1, 0xFA, 0xAE, 0xB1, 0x67, 0x27, 0x03, 0x5B, 0x8E, 0x1B,
    0x08, 0x39, 0x37, 0x91, 0x9E, 0x54, 0x2C, 0x6A, 0x00, 0xE5, 0x88, 0x6C, 0x98, 0xA1, 0x2D, 0x18,
    0x17, 0x19, 0xF3, 0x1C, 0x18, 0x91, 0x69, 0xCB, 0x0B, 0x00, 0x17, 0xAE, 0x01, 0xDC, 0xBD, 0x0C,
    0x64, 0x2E, 0xFF, 0x0D, 0x49, 0x4B, 0x22, 0x22, 0x23, 0xE4, 0xB2, 0xB1, 0xC0, 0xB7, 0xDE, 0x02,
    0x4A, 0xD9, 0xCD, 0xF3, 0xF6, 0xB7, 0x37, 0xE8, 0x0E, 0xB4, 0xAB, 0x80, 0xA4, 0xBB, 0x0B, 0x10,
    0x9C, 0x72, 0x71, 0x26, 0x0D, 0x2C, 0x80, 0x0A, 0x18, 0x80, 0xF8, 0x47, 0x30, 0x87, 0xE7, 0xC5,
    0x74, 0x30, 0x78, 0xF0, 0x43, 0x08, 0xAF, 0x50, 0x6E, 0x11, 0x42, 0x05, 0x3A, 0xF8, 0x05, 0x99,
    0xAB, 0x76, 0x9D, 0x38, 0x98, 0x15, 0x00, 0x95, 0x06, 0xA0, 0xBE, 0x0C, 0x40, 0xF1, 0x61, 0x09,
    0x90, 0x8A, 0x00, 0xBC, 0x2B, 0x3F, 0x07, 0x90, 0xD6, 0x01, 0x0C, 0xDF, 0x1F, 0x01, 0xF0, 0xEB,
    0x78, 0x79, 0x09, 0x48, 0x12, 0xCF, 0x85, 0xB8, 0x96, 0x05, 0x5A, 0x39, 0x7C, 0x45, 0xF1, 0xD0,
    0x25, 0x53, 0x45, 0xF6, 0xB7, 0xDC, 0xD5, 0xAF, 0x9F, 0xD0, 0x8A, 0xCB, 0x65, 0x7A, 0x59, 0x7E,
    0xFF, 0x4A, 0xBB, 0x79, 0xCB, 0x88, 0x57, 0x22, 0x2C, 0x9E, 0xD9, 0xA8, 0xEE, 0xE3, 0x9E, 0xC3,
    0xD2, 0xA6, 0xBF, 0x18, 0x58, 0xE4, 0xA8, 0x20, 0xB9, 0x8A, 0x82, 0x22, 0x8C, 0xB8, 0x50, 0x6A,
    0x69, 0x5A, 0xB1, 0x22, 0x10, 0x63, 0x71, 0xD1, 0x25, 0x40, 0x05, 0x30, 0x00, 0x69, 0x0F, 0x64,
    0xBB, 0x20, 0xC0, 0x12, 0x60, 0x05, 0xE0, 0x21, 0x0A, 0xCE, 0xE7, 0xE0, 0x02, 0xE0, 0x1E, 0x90,
    0xF8, 0x27, 0x8F, 0x18, 0x51, 0x0A, 0x98, 0x2E, 0x90, 0xC8, 0x5B, 0xC0, 0x7D, 0x60, 0x8A, 0x4C,
    0x02, 0xD3, 0x91, 0xF8, 0x6C, 0xF8, 0x40, 0x71, 0x64, 0x9F, 0x35, 0xE4, 0x3D, 0x68, 0xC7, 0xCC,
    0xA2, 0x81, 0xD2, 0x82, 0x81, 0x99, 0x2D, 0x20, 0xBF, 0x05, 0x19, 0x89, 0xD0, 0xD2, 0x40, 0xBD,
    0xD7, 0xAA, 0x06, 0x1E, 0x00, 0xEB, 0xC7, 0x26, 0x8C, 0x93, 0x25, 0xE2, 0xE1, 0x9D, 0xC0, 0xAC,
    0x87, 0xBC, 0xDB, 0x9B, 0x2C, 0xB0, 0x6C, 0xC0, 0x58, 0xF6, 0x27, 0x7B, 0x79, 0x03, 0xF5, 0x04,
    0x7B, 0x8F, 0xBE, 0x91, 0xED, 0xD3, 0x9F, 0x6C, 0x6E, 0x38, 0x43, 0xAD, 0x7C, 0xE6, 0x97, 0x98,
    0xAC, 0x57, 0xBE, 0xC2, 0xBC, 0xEA, 0x94, 0x3F, 0x8B, 0xA1, 0x51, 0x1E, 0x4C, 0x54, 0xB7, 0x01,
    0xDD, 0x91, 0x4E, 0xBB, 0xE1, 0x75, 0x0F, 0x1B, 0x10, 0x28, 0xFC, 0x2E, 0xBA, 0x04, 0xE5, 0xA0,
    0x8A, 0x97, 0x6B, 0x90, 0x35, 0xF0, 0x06, 0x8F, 0x41, 0x03, 0x1E, 0x8C, 0x43, 0x4D, 0xF1, 0x32,
    0x82, 0xB1, 0x28, 0x0F, 0x07, 0x80, 0xDD, 0x5B, 0xDE, 0x3A, 0x2C, 0x8E, 0xC9, 0x50, 0x27, 0xD3,
    0x12, 0x93, 0x4E, 0xDB, 0x65, 0x0D, 0x67, 0x31, 0xCA, 0x13, 0xDD, 0x46, 0xF5, 0xA4, 0x93, 0xEA,
    0xD0, 0x7D, 0xE6, 0x10, 0x72, 0xB7, 0xCB, 0xE1, 0xCA, 0xA1, 0xD9, 0xB9, 0xAC, 0x41, 0x3F, 0x3A,
    0xF9, 0x02, 0xE3, 0x10, 0xA2, 0xB3, 0xAC, 0x39, 0x80, 0x0B, 0x10, 0x51, 0x53, 0x8A, 0xA5, 0x65,
    0x73, 0xA3, 0xA3, 0x55, 0x83, 0xF2, 0xAC, 0x95, 0x57, 0x03, 0x61, 0x8A, 0x74, 0x64, 0xA2, 0x49,
    0x07, 0x46, 0x50, 0x3E, 0x19, 0x20, 0xF7, 0xA9, 0x87, 0xC2, 0x29, 0x0F, 0x82, 0xEA, 0xC9, 0x07,
    0x94, 0xA3, 0xB4, 0x5B, 0x5F, 0x41, 0x16, 0xBD, 0xA5, 0x82, 0x7D, 0x14, 0x30, 0x80, 0x69, 0xD4,
    0x04, 0xF5, 0xCE, 0x1B, 0xD4, 0x00, 0x07, 0x60, 0xE3, 0x5A, 0x44, 0xA4, 0xAB, 0x45, 0x5C, 0x19,
    0x08, 0x59, 0x60, 0xDE, 0x30, 0xBF, 0xFD, 0x05, 0x50, 0xCE, 0x59, 0x20, 0x72, 0x05, 0xDC, 0x9B,
    0x33, 0xC2, 0x8E, 0x49, 0x60, 0xDA, 0xCF, 0xD9, 0x61, 0x46, 0x2B, 0x32, 0x92, 0x7D, 0x22, 0x6B,
    0x94, 0x13, 0x79, 0xCC, 0xD9, 0x47, 0x7E, 0x6E, 0xB6, 0x6E, 0xDA, 0xBA, 0x3E, 0x38, 0xCF, 0x57,
    0x75, 0x99, 0x1B, 0xA0, 0x75, 0xD2, 0xF0, 0x9C, 0x7D, 0x0D, 0x94, 0x88, 0x14, 0x22, 0x7F, 0x37,
    0xF2, 0x66, 0x17, 0xE8, 0x6A, 0x89, 0x34, 0x9F, 0xB3, 0xD7, 0x22, 0x92, 0xDC, 0xB9, 0x73, 0xA7,
    0x16, 0xE9, 0x4B, 0x91, 0x49, 0x75, 0xB2, 0x4E, 0x3B, 0x91, 0xC7, 0xB8, 0x51, 0xDD, 0x2E, 0xD1,
    0x8E, 0xF1, 0x73, 0x02, 0xD0, 0x8E, 0x4B, 0xBA, 0xC1, 0x7C, 0x1D, 0xF4, 0xC7, 0x85, 0x45, 0xA4,
    0xB9, 0x21, 0xBF, 0xB3, 0xAD, 0x74, 0xFC, 0x60, 0xB1, 0x86, 0xCA, 0xC0, 0xC9, 0x7F, 0x07, 0x02,
    0x80, 0xEA, 0xB4, 0x0F, 0xD6, 0x27, 0x3C, 0x0A, 0x6D, 0x8D, 0xAB, 0xDD, 0x03, 0x8E, 0xB9, 0x4A,
    0x85, 0xB6, 0xC9, 0x9C, 0x0F, 0x7A, 0x12, 0x79, 0x67, 0x43, 0xDE, 0x51, 0xB8, 0x12, 0x94, 0xAF,
    0x80, 0xE1, 0x3B, 0xC0, 0x8B, 0x7C, 0x19, 0x5C, 0x00, 0x9E, 0x5D, 0x01, 0xF7, 0x4A, 0x48, 0xBD,
    0xEE, 0xD0, 0x2E, 0xDD, 0x7C, 0x53, 0xC0, 0xC8, 0x00, 0x7C, 0x03, 0x22, 0x4A, 0xB8, 0xBA, 0x84,
    0x75, 0x05, 0xE5, 0xC9, 0x2D, 0x94, 0x48, 0xD2, 0xCA, 0xDB, 0xA9, 0x88, 0x4D, 0xFA, 0x3F, 0x0F,
    0xE0, 0x27, 0x52, 0xFF, 0x7F, 0x81, 0x90, 0xEC, 0x14, 0xA1, 0x95, 0xA3, 0x78, 0xBF, 0xD9, 0x25,
    0x5E, 0x5A, 0x71, 0x21, 0xE5, 0x5A, 0xF3, 0x47, 0xBF, 0x4D, 0xB6, 0xB0, 0x28, 0x2D, 0xD5, 0xB9,
    0x39, 0xC7, 0xE5, 0xCE, 0xEB, 0x0F, 0x7A, 0xFD, 0xD0, 0xFD, 0xD7, 0xAB, 0x8E, 0xCC, 0xA2, 0x41,
    0xC3, 0x21, 0x54, 0xBB, 0x72, 0x0C, 0x1E, 0x7A, 0xD2, 0x2E, 0x7E, 0xB7, 0xEC, 0xE2, 0x67, 0xB8,
    0x5C, 0xBA, 0x2A, 0x94, 0xA2, 0x01, 0xB2, 0x01, 0xAF, 0x37, 0xF8, 0x85, 0x7E, 0xAF, 0xAF, 0x94,
    0xB8, 0x0A, 0xB1, 0x30, 0x23, 0x13, 0xE9, 0xA1, 0x15, 0x11, 0xD4, 0x00, 0xFF, 0xE3, 0xB4, 0x05,
    0x7C, 0x05, 0x70, 0x8D, 0x88, 0x23, 0x38, 0x7B, 0x74, 0x96, 0xF2, 0x70, 0x49, 0xF1, 0xD3, 0xFB,
    0xA8, 0x8F, 0x3C, 0x3F, 0x69, 0x7F, 0xD4, 0x88, 0x88, 0xFB, 0xAC, 0x7D, 0xC7, 0xA5, 0xD2, 0xA3,
    0x3F, 0x9A, 0x30, 0x97, 0x0C, 0xCF, 0x1C, 0x5D, 0x04, 0x43, 0x44, 0x7C, 0x2F, 0x3A, 0x28, 0x62,
    0xBE, 0x25, 0x62, 0x01, 0x08, 0x91, 0x0F, 0x00, 0xF8, 0xA2, 0xF6, 0xF1, 0x38, 0xA6, 0xBB, 0xED,
    0x81, 0x4C, 0xBB, 0xED, 0x91, 0xAC, 0xB0, 0xDB, 0x43, 0x59, 0xC9, 0xF6, 0x58, 0xB6, 0x60, 0x7B,
    0x30, 0xAB, 0xD8, 0x1E, 0xCD, 0x5E, 0x07, 0x60, 0xFE, 0xBF, 0x18, 0x01, 0x35, 0x01, 0x6A, 0x60,
    0x0F, 0x47, 0x50, 0x60, 0x2C, 0xC6, 0xD5, 0x4D, 0x70, 0x26, 0x26, 0x62, 0x9E, 0xD6, 0x77, 0x01,
    0x4B, 0x04, 0xDA, 0xE8, 0x1E, 0xEC, 0x29, 0x64, 0xFE, 0xEB, 0xF2, 0x80, 0xF6, 0x40, 0xE6, 0x01,
    0x78, 0x7A, 0x5F, 0x43, 0x6D, 0x6B, 0x6B, 0xF8, 0x62, 0x1C, 0x11, 0x5B, 0x1C, 0x10, 0xA1, 0x3C,
    0x90, 0xCF, 0x4E, 0xF5, 0x3C, 0x11, 0xCF, 0xC3, 0x59, 0x5A, 0x30, 0x08, 0xD4, 0xB6, 0x85, 0x9A,
    0x97, 0xE0, 0x05, 0x9E, 0x08, 0xD5, 0x3F, 0x3A, 0xA8, 0x27, 0xE2, 0x4A, 0xE2, 0x2E, 0xD1, 0xA6,
    0xCE, 0x44, 0xB7, 0x48, 0xDD, 0x12, 0x52, 0xC7, 0x9E, 0xAB, 0x45, 0x84, 0x36, 0xB8, 0xC7, 0x03,
    0x2F, 0xA5, 0xEE, 0x85, 0x47, 0xFB, 0x1A, 0xC0, 0x60, 0x1A, 0xD3, 0x94, 0x40, 0xC4, 0x19, 0x8C,
    0x0D, 0x35, 0x76, 0x5E, 0x18, 0x97, 0x77, 0x2D, 0x8C, 0x3D, 0x00, 0x6A, 0x04, 0x61, 0x01, 0x1C,
    0xEC, 0xEE, 0x5B, 0x0E, 0x77, 0xDA, 0x5A, 0x84, 0x36, 0x5C, 0xE1, 0x70, 0x77, 0x5F, 0x73, 0x00,
    0x7B, 0x9F, 0x86, 0x5F, 0xE2, 0xB3, 0xF2, 0x7C, 0xB4, 0xD3, 0xF6, 0x30, 0x53, 0x39, 0x6A, 0x9F,
    0xF7, 0xB1, 0xE6, 0x34, 0x3D, 0xD2, 0x46, 0xB9, 0xBC, 0xD7, 0xBE, 0x1C, 0xCD, 0x74, 0xBA, 0x1E,
    0xCA, 0x69, 0x5F, 0x05, 0x68, 0x7F, 0xDA, 0x39, 0x5A, 0xF7, 0xE5, 0x94, 0xFF, 0x13, 0x75, 0x94,
    0x01, 0x84, 0x1D, 0xC7, 0x03, 0xC6, 0x7F, 0xBB, 0x13, 0xFF, 0xC5, 0xF8, 0x77, 0x02, 0x94, 0x68,
    0x6F, 0x00, 0x28, 0xB9, 0x2D, 0x0E, 0x87, 0xBD, 0x37, 0x03, 0x14, 0x90, 0x00, 0x00, 0x57, 0x00,
    0x2D, 0x72, 0x40, 0x43, 0xDE, 0xDD, 0x9B, 0x80, 0xA0, 0x08, 0x14, 0x80, 0x06, 0x05, 0x81, 0x3B,
    0x04, 0x87, 0x97, 0xBC, 0x69, 0x8A, 0x00, 0x0C, 0x42, 0x51, 0x74, 0xDB, 0x96, 0xA2, 0xC4, 0x54,
    0x26, 0xF2, 0xDA, 0xEE, 0xDD, 0x74, 0xE6, 0xFA, 0x44, 0x2E, 0xD4, 0xFB, 0x61, 0x66, 0x76, 0x76,
    0xBE, 0x6F, 0xBE, 0xFD, 0x3C, 0x56, 0x5E, 0xFC, 0x16, 0xD5, 0xDD, 0x64, 0x98, 0x66, 0x4C, 0x8F,
    0x99, 0xA6, 0x66, 0x3D, 0xB5, 0x69, 0x12, 0x71, 0x12, 0xE3, 0x52, 0x79, 0xB3, 0x40, 0xAD, 0x11,
    0xAE, 0xF3, 0xAD, 0x05, 0x83, 0x42, 0xB1, 0xC5, 0x75, 0x86, 0xFA, 0x63, 0xCF, 0xF5, 0xD0, 0x46,
    0x64, 0xA4, 0x8F, 0xDC, 0x19, 0x9B, 0xEF, 0x83, 0xB8, 0xEF, 0x95, 0xF2, 0x7B, 0xFB, 0xCF, 0x57,
    0x79, 0xA2, 0x07, 0x43, 0xB3, 0xB2, 0x22, 0x07, 0x91, 0x53, 0x41, 0x72, 0xF0, 0x1E, 0x57, 0xFF,
    0x0F, 0xFA, 0x9C, 0xED, 0x63, 0x4F, 0x37, 0x22, 0xE2, 0x89, 0x18, 0xD7, 0x32, 0xE4, 0x95, 0xEB,
    0xCF, 0x60, 0x11, 0xDA, 0xBF, 0xA2, 0xF4, 0x51, 0x39, 0x67, 0xC0, 0x64, 0xBB, 0xF8, 0xDA, 0x1F,
    0x16, 0x2B, 0x62, 0x9C, 0x77, 0x61, 0xAF, 0x18, 0xBA, 0x65, 0xE5, 0x44, 0x9F, 0xA3, 0xC9, 0x71,
    0xA7, 0x09, 0x07, 0xC2, 0xA3, 0x60, 0x0B, 0x06, 0x88, 0x34, 0x23, 0x75, 0xC1, 0xA2, 0x61, 0x00,
    0xA0, 0xC9, 0x41, 0xFE, 0x9C, 0x94, 0x9F, 0x94, 0x5F, 0xAB, 0xA7, 0xB1, 0xCB, 0xC5, 0x8C, 0x35,
    0xFB, 0x61, 0xD9, 0xC5, 0x7F, 0x2F, 0xB9, 0xD8, 0xF7, 0xFA, 0x0C, 0xB2, 0xEB, 0x4A, 0x10, 0xDF,
    0xC6, 0xDE, 0xA6, 0x9E, 0xD4, 0x37, 0x49, 0x3D, 0x2B, 0x9B, 0x23, 0x62, 0xBC, 0x22, 0xFD, 0xA0,
    0xDC, 0xEC, 0x08, 0x9D, 0xE0, 0x00, 0x4E, 0x36, 0x2C, 0x72, 0x5C, 0xE5, 0xC8, 0xC9, 0x3B, 0x2B,
    0x95, 0xCF, 0x1E, 0x3E, 0x00, 0x80, 0x32, 0xA8, 0x7B, 0x24, 0x3C, 0x41, 0x24, 0x94, 0x47, 0x5B,
    0x0C, 0x1C, 0xC2, 0x12, 0xA6, 0xCB, 0x1C, 0x82, 0x01, 0x65, 0x11, 0x1E, 0xA0, 0xF1, 0x34, 0x11,
    0x96, 0x30, 0x03, 0x43, 0xA5, 0x2F, 0x6C, 0xC6, 0x9B, 0x53, 0x26, 0xDA, 0x54, 0x53, 0x34, 0x8E,
    0x09, 0x2C, 0x2C, 0xB4, 0x57, 0x5F, 0x04, 0xF5, 0x74, 0xD4, 0x22, 0x6C, 0x0B, 0x3F, 0x14, 0x3A,
    0x37, 0x48, 0x77, 0x5B, 0xFE, 0x7A, 0x20, 0x46, 0x56, 0x41, 0xBC, 0xAE, 0x69, 0x68, 0x3B, 0x19,
    0x2A, 0x47, 0x4C, 0x8F, 0x0B, 0x4D, 0x3A, 0x14, 0x71, 0xD6, 0x05, 0x73, 0x5C, 0xE3, 0x45, 0x3A,
    0x16, 0x4E, 0x65, 0xFB, 0xBF, 0x8D, 0xD6, 0x65, 0xC7, 0x6B, 0xDE, 0x3F, 0xB3, 0x26, 0xBB, 0x4D,
    0xBC, 0xBF, 0x44, 0xE5, 0xD6, 0x5D, 0x93, 0x68, 0x23, 0x22, 0xA0, 0x1C, 0x33, 0x48, 0x08, 0xFF,
    0xA9, 0x66, 0x5C, 0x65, 0x9F, 0xB3, 0x07, 0xC8, 0xA3, 0x78, 0x35, 0x49, 0x3F, 0xB5, 0xAE, 0x9A,
    0xE6, 0x56, 0x20, 0x3B, 0xBA, 0x88, 0x88, 0x3B, 0x22, 0xCE, 0x45, 0x34, 0xC7, 0x5E, 0x9F, 0x43,
    0x93, 0xA8, 0x49, 0x45, 0x4C, 0xE4, 0x65, 0x14, 0xCF, 0x82, 0x92, 0x7E, 0x7B, 0xFF, 0xB9, 0xC9,
    0xE7, 0x28, 0x87, 0xB6, 0xB5, 0x21, 0x79, 0x6C, 0xF3, 0x24, 0x0A, 0x76, 0xB7, 0xE3, 0xAA, 0x82,
    0x62, 0x55, 0x1D, 0xD7, 0x2E, 0x15, 0x76, 0x45, 0x5C, 0x8A, 0xB8, 0xA8, 0xA7, 0x51, 0xFB, 0xFD,
    0xFA, 0xE2, 0xB3, 0xE2, 0x0C, 0x2C, 0x32, 0xAB, 0x7D, 0x3F, 0xC9, 0x0B, 0x94, 0x7F, 0xD3, 0x6F,
    0x9D, 0x53, 0x9F, 0xD3, 0x2E, 0xF1, 0x63, 0xE1, 0xE9, 0x1C, 0x0A, 0x06, 0xB8, 0x0D, 0xF5, 0x42,
    0x74, 0x1E, 0x05, 0x1F, 0xC2, 0xE6, 0x16, 0x7F, 0x4C, 0xB2, 0xBE, 0xBA, 0x94, 0x3F, 0x45, 0x91,
    0x5D, 0x9B, 0xBD, 0xBE, 0x1F, 0x67, 0x45, 0xB4, 0xBD, 0xB8, 0xC5, 0xBE, 0x97, 0xE7, 0xB4, 0xC5,
    0xEC, 0x8F, 0xDE, 0x88, 0x30, 0x13, 0x63, 0x09, 0xF6, 0x48, 0x8C, 0x46, 0x07, 0x9D, 0x3D, 0xCA,
    0x5F, 0xD5, 0x36, 0x1A, 0xFE, 0x9C, 0x30, 0x23, 0xEC, 0xC0, 0xEE, 0x06, 0x93, 0x53, 0xE1, 0xCD,
    0x94, 0x1D, 0xEA, 0x4A, 0x65, 0xFD, 0xD1, 0xC3, 0x6F, 0x00, 0xA0, 0x0C, 0xCA, 0x94, 0xD6, 0x61,
    0x2C, 0x13, 0x22, 0x52, 0x1B, 0x55, 0x66, 0x54, 0x66, 0xB0, 0x07, 0x87, 0x95, 0x4D, 0x65, 0x7A,
    0x50, 0x1E, 0x11, 0xC0, 0x82, 0xBB, 0x5C, 0xA7, 0x1E, 0xB4, 0xAD, 0xF4, 0x14, 0x36, 0xEF, 0x2F,
    0x69, 0xD6, 0x88, 0x88, 0xF6, 0x3C, 0x86, 0x9B, 0xC0, 0x93, 0x9B, 0xDD, 0x77, 0x41, 0x5F, 0x14,
    0x69, 0x2E, 0xFC, 0xA9, 0x74, 0x49, 0xD9, 0xD4, 0xB3, 0x3C, 0xBE, 0x69, 0xBE, 0x1C, 0x39, 0x47,
    0xDE, 0xB7, 0x5B, 0xD2, 0x0D, 0x8A, 0xE5, 0x21, 0x39, 0x90, 0xE0, 0x14, 0xF6, 0x3E, 0x40, 0x27,
    0x9A, 0xF2, 0xF4, 0x9E, 0xDF, 0x6E, 0xC3, 0xD0, 0x8E, 0xCB, 0x76, 0x5C, 0x8B, 0x90, 0x84, 0x4F,
    0x65, 0xB3, 0xAE, 0x4F, 0xA5, 0x9B, 0x8B, 0x10, 0x9B, 0x97, 0x9E, 0xBF, 0x61, 0x4E, 0x95, 0x7E,
    0x41, 0x77, 0x83, 0x2D, 0x65, 0xA7, 0x2E, 0xB4, 0x13, 0xEA, 0xD8, 0x5E, 0xE9, 0x3C, 0xC2, 0xF3,
    0xB9, 0x97, 0xBF, 0xFB, 0x59, 0x55, 0x61, 0x18, 0xE8, 0x47, 0xAE, 0x39, 0xA4, 0x67, 0xF3, 0xAD,
    0x6E, 0x38, 0x75, 0xA7, 0x14, 0xBE, 0x9A, 0x7C, 0xAB, 0xF0, 0xF6, 0x91, 0xFC, 0xEA, 0x44, 0xC4,
    0x4B, 0x3B, 0x3F, 0x59, 0x2B, 0x31, 0x2A, 0xC9, 0xD6, 0xC0, 0xF5, 0x88, 0x59, 0xD7, 0xD3, 0x86,
    0x6D, 0x1E, 0x29, 0x7B, 0xD2, 0x85, 0x6B, 0x4E, 0x7A, 0xE1, 0x3B, 0x27, 0xED, 0xBB, 0xFF, 0x71,
    0xC6, 0x2E, 0xD4, 0xDD, 0x84, 0xBE, 0xF3, 0xC3, 0x12, 0xF5, 0x34, 0x0D, 0x68, 0x11, 0x07, 0x8A,
    0xD6, 0x9C, 0xA2, 0xF6, 0x88, 0xA2, 0x17, 0x29, 0x8A, 0xB1, 0x9C, 0xC4, 0x2B, 0x4E, 0x14, 0x47,
    0x2C, 0x94, 0xD3, 0xFF, 0xED, 0x4A, 0x3F, 0x0B, 0xDD, 0x8B, 0x24, 0xE2, 0x69, 0xE7, 0xE7, 0xD2,
    0x9D, 0x2A, 0x92, 0x22, 0x2A, 0x11, 0x7A, 0xE9, 0xCC, 0x19, 0x03, 0x95, 0x39, 0xAC, 0xA8, 0x19,
    0x76, 0xF7, 0xBC, 0x12, 0x4E, 0x59, 0xBA, 0x04, 0xE7, 0xA0, 0xD8, 0x51, 0x0C, 0x0A, 0xBD, 0xA6,
    0x71, 0xC2, 0xE9, 0xD4, 0x3F, 0x78, 0xDB, 0xEF, 0x60, 0x7B, 0xFF, 0x0F, 0x75, 0xD7, 0x01, 0xA4,
    0x25, 0xD7, 0x1D, 0xC7, 0xF1, 0xEF, 0xCC, 0xC9, 0x66, 0xD2, 0x4E, 0xF6, 0x9D, 0x2D, 0x4D, 0x53,
    0x4D, 0x76, 0x07, 0x0A, 0xD2, 0x97, 0xCC, 0xAA, 0x0D, 0x0F, 0xF7, 0xBD, 0x33, 0x69, 0x50, 0x40,
    0x1F, 0xBA, 0x8A, 0x96, 0x02, 0x00, 0x76, 0xAB, 0x21, 0x45, 0xDE, 0x9B, 0x69, 0x17, 0x40, 0x23,
    0x4A, 0x15, 0x60, 0x51, 0xD4, 0x6E, 0xC9, 0xA3, 0x21, 0xAB, 0xF6, 0xDD, 0x7B, 0x76, 0x17, 0x41,
    0xB0, 0xD3, 0xA6, 0x51, 0x14, 0x3B, 0x15, 0x6D, 0xD9, 0x62, 0x4F, 0xB2, 0x93, 0x66, 0xB2, 0x7B,
    0xEE, 0xFC, 0x7B, 0xCE, 0xF1, 0xF6, 0x59, 0x6D, 0x7B, 0xCC, 0x7E, 0x7E, 0xCE, 0x1D, 0x66, 0xEF,
    0x7F, 0xFE, 0x73, 0xCE, 0x9D, 0x07, 0x00, 0xB5, 0x00, 0xEB, 0xDA, 0xA2, 0x06, 0x6D, 0xD1, 0x56,
    0x43, 0xDD, 0x00, 0x06, 0x60, 0x3F, 0x3B, 0x7F, 0xBE, 0x39, 0x2C, 0x44, 0xAC, 0xC7, 0xAB, 0xC0,
    0xA4, 0xEC, 0xF5, 0x6C, 0x54, 0xDD, 0x7E, 0xEE, 0xA0, 0xBE, 0x14, 0x08, 0x27, 0xA7, 0xE0, 0x40,
    0xA0, 0x07, 0x4A, 0x9B, 0x11, 0x2F, 0x13, 0xD9, 0x80, 0xFA, 0x97, 0x7B, 0x64, 0x22, 0x1E, 0x00,
    0xF8, 0xC4, 0xC2, 0x47, 0x1D, 0x48, 0x8F, 0x16, 0x4F, 0xFB, 0xFE, 0x9C, 0x3F, 0xBC, 0x6D, 0x8A,
    0x8F, 0xDE, 0x5C, 0xE8, 0x5B, 0x27, 0x31, 0xDF, 0x7E, 0x1E, 0x53, 0x6E, 0xB2, 0xBF, 0xB1, 0x60,
    0x7D, 0x72, 0x0B, 0xFF, 0xF4, 0x59, 0xFC, 0xE6, 0x45, 0xFC, 0xE2, 0x00, 0xBF, 0x35, 0x70, 0x78,
    0xAE, 0xC7, 0x5C, 0xBC, 0x69, 0xEB, 0x4F, 0xEE, 0xD8, 0x52, 0x04, 0x64, 0x84, 0x0F, 0x1A, 0xB2,
    0xF7, 0x20, 0x7F, 0x1F, 0xB2, 0x57, 0x00, 0x00, 0x90, 0x19, 0xF4, 0x03, 0xB1, 0x98, 0xA6, 0xB2,
    0x78, 0xB4, 0x55, 0x2E, 0xA0, 0x7B, 0x4E, 0x84, 0x00, 0x4C, 0x13, 0xD1, 0xA3, 0xD0, 0x16, 0x9F,
    0x09, 0xCB, 0xEC, 0x61, 0xC5, 0x3A, 0xF7, 0x4F, 0xE1, 0xD5, 0x44, 0xC0, 0x3D, 0xA2, 0xE8, 0x61,
    0x59, 0x5A, 0x30, 0xDA, 0x9E, 0xA5, 0xBE, 0x7D, 0xD3, 0xA1, 0x45, 0xFA, 0x58, 0x15, 0x70, 0x62,
    0x17, 0x30, 0xB1, 0xC0, 0xE7, 0x22, 0xF9, 0xC8, 0x75, 0x72, 0xC7, 0x02, 0xE5, 0xD8, 0x8A, 0x9C,
    0x42, 0x0D, 0x40, 0xD9, 0x03, 0xDA, 0x1E, 0x23, 0x6B, 0xA8, 0xEE, 0xFE, 0xE6, 0xB1, 0x9B, 0x9D,
    0x0A, 0x4A, 0xB0, 0x07, 0x70, 0x1D, 0xC0, 0x03, 0x85, 0xEC, 0x82, 0x11, 0x07, 0x00, 0x80, 0x11,
    0xC8, 0xE7, 0x95, 0xA5, 0xE8, 0x75, 0x8F, 0xEE, 0x8A, 0x9E, 0xAA, 0x51, 0x96, 0x1A, 0xC0, 0x1C,
    0x53, 0x03, 0x4A, 0xA4, 0x8F, 0x58, 0xD0, 0x16, 0xB2, 0x1F, 0x7E, 0x08, 0x5A, 0xA4, 0x83, 0xAA,
    0x23, 0x00, 0xB0, 0x0D, 0x30, 0x02, 0x4A, 0xC6, 0x33, 0xD4, 0xB1, 0x8C, 0xED, 0x5C, 0x06, 0xE0,
    0x04, 0x00, 0x3C, 0x95, 0x64, 0x91, 0x64, 0x2B, 0x89, 0x03, 0xE3, 0xCC, 0x0D, 0x19, 0x30, 0x1F,
    0xCB, 0x7D, 0x99, 0x28, 0xEE, 0x5F, 0x7A, 0xF8, 0x07, 0x8F, 0x5A, 0x2B, 0xC1, 0x53, 0x4C, 0x6A,
    0x8D, 0xA7, 0x74, 0x6A, 0xC2, 0xA3, 0x7B, 0xE5, 0xB2, 0x11, 0x6D, 0x0B, 0x97, 0xDA, 0x50, 0x86,
    0x39, 0x55, 0x97, 0x9A, 0x62, 0xE2, 0xC7, 0x03, 0x86, 0x3A, 0x7C, 0x8C, 0xC1, 0x74, 0x21, 0xF6,
    0x91, 0x4E, 0xF7, 0x1C, 0x66, 0xD2, 0x94, 0xD2, 0x79, 0x25, 0xA8, 0x19, 0x8A, 0x06, 0x76, 0x41,
    0x03, 0xC0, 0x26, 0x8F, 0x8F, 0x76, 0x50, 0xE2, 0xA8, 0x5D, 0xBE, 0x7A, 0x8B, 0x62, 0x64, 0x1B,
    0x4A, 0xCF, 0x02, 0xF4, 0x23, 0x7F, 0x02, 0x1B, 0xFB, 0xBC, 0x03, 0x67, 0x0C, 0x8E, 0x52, 0xC2,
    0xB0, 0xD9, 0xDE, 0x85, 0x0F, 0x3F, 0x85, 0x85, 0xBE, 0xD1, 0xA3, 0x25, 0x0C, 0xAA, 0x24, 0x07,
    0xEA, 0xBE, 0x05, 0xA7, 0xEE, 0x77, 0xC1, 0x5C, 0x1A, 0xB2, 0x01, 0x81, 0xBC, 0x8F, 0x2A, 0xCB,
    0x0A, 0xAA, 0x91, 0x7D, 0x58, 0xAD, 0xD9, 0x06, 0x8C, 0x4C, 0x00, 0xDF, 0x10, 0xE9, 0x00, 0x35,
    0xE9, 0x21, 0x46, 0x2C, 0x36, 0xC5, 0x08, 0x84, 0xD2, 0x27, 0xA0, 0x1C, 0xD4, 0x78, 0x0A, 0x74,
    0xAF, 0xC6, 0x73, 0xA4, 0x3B, 0x72, 0x10, 0x43, 0xFF, 0xD5, 0x41, 0x65, 0xCD, 0x1D, 0xB1, 0xD4,
    0xF7, 0x66, 0x13, 0xC2, 0xC8, 0xA0, 0x7A, 0x30, 0x50, 0xDA, 0x14, 0xDA, 0x42, 0x9B, 0x82, 0x25,
    0xE8, 0x0E, 0xD6, 0xA0, 0x1B, 0xF0, 0x50, 0x35, 0x3C, 0x2B, 0xBB, 0xE8, 0x3F, 0x63, 0x24, 0x56,
    0x07, 0x00, 0xE9, 0xC1, 0x99, 0x01, 0xE2, 0xE3, 0xD9, 0x03, 0xE4, 0x93, 0x1A, 0x01, 0xD4, 0x98,
    0xFB, 0x94, 0x2E, 0x3B, 0xCE, 0x4C, 0x7A, 0x8A, 0x90, 0xFA, 0x9F, 0x53, 0xFC, 0x9E, 0x93, 0x39,
    0x6A, 0xDD, 0x0E, 0x6F, 0xA0, 0x6D, 0x65, 0x77, 0x38, 0x8B, 0x96, 0x19, 0x03, 0x54, 0xE2, 0x30,
    0x43, 0xDA, 0x04, 0xD0, 0x33, 0x98, 0x57, 0x47, 0x72, 0xB1, 0x98, 0xDC, 0x13, 0x4F, 0x98, 0xCC,
    0x43, 0xE1, 0x58, 0xB2, 0xCE, 0x63, 0x9B, 0xD7, 0x88, 0x8A, 0xE9, 0x69, 0x55, 0xA8, 0x2B, 0x7C,
    0x59, 0xF3, 0xC1, 0x14, 0x0A, 0x16, 0x57, 0xBA, 0xD5, 0x0C, 0x00, 0x27, 0x9A, 0x74, 0xD9, 0x91,
    0x56, 0x4A, 0x79, 0x2B, 0x9B, 0xA8, 0x3F, 0xCF, 0x3C, 0x6A, 0xA2, 0xB0, 0x21, 0x0B, 0x4F, 0xD9,
    0xE1, 0xD1, 0xE1, 0x00, 0x4F, 0xE5, 0x79, 0x29, 0xE6, 0x22, 0x1C, 0x10, 0x1A, 0xEC, 0xB9, 0x16,
    0xD3, 0x85, 0x83, 0x17, 0xE6, 0x2B, 0x0F, 0xE6, 0xAB, 0x0F, 0xBA, 0x56, 0xD2, 0xB0, 0x2C, 0x8B,
    0xCE, 0x97, 0x1D, 0x2C, 0x35, 0x6B, 0x4D, 0xC8, 0x33, 0x1C, 0xBE, 0x04, 0xB4, 0x0B, 0x96, 0x8B,
    0xA3, 0xBC, 0x06, 0x98, 0x03, 0xF6, 0x5D, 0x4C, 0x47, 0x3B, 0xC4, 0xB4, 0xF1, 0x20, 0x65, 0x17,
    0x33, 0x1D, 0x5C, 0xB9, 0xF2, 0x16, 0x2F, 0x88, 0x08, 0xC6, 0x53, 0xD9, 0x40, 0xE1, 0x02, 0xEA,
    0x11, 0x27, 0xBE, 0x35, 0x1A, 0x5F, 0xFD, 0xEC, 0xFF, 0xD1, 0x71, 0x0C, 0xFB, 0x11, 0xEF, 0xAB,
    0xBB, 0x6F, 0x8F, 0xBE, 0x12, 0xB1, 0x00, 0x80, 0x12, 0x0B, 0x98, 0x48, 0xDD, 0xC0, 0x4A, 0xA6,
    0x23, 0x30, 0xC0, 0x77, 0x77, 0xA0, 0x94, 0x35, 0x98, 0x57, 0x3C, 0x78, 0x3C, 0xCA, 0xE1, 0x63,
    0xF3, 0x26, 0xB4, 0xCD, 0xC7, 0x80, 0x72, 0xD4, 0x5D, 0xC0, 0x34, 0x65, 0x44, 0x0F, 0x81, 0xBA,
    0x0F, 0x18, 0x4B, 0x6D, 0xEF, 0xF5, 0x68, 0xB9, 0x2D, 0x5D, 0x31, 0x17, 0x33, 0xEC, 0xD2, 0x00,
    0x40, 0x2B, 0xE2, 0x58, 0x45, 0x1E, 0x1F, 0x95, 0x00, 0x71, 0xC3, 0x51, 0x4E, 0xF7, 0x68, 0x5B,
    0x5A, 0x6A, 0x8A, 0x06, 0x03, 0x70, 0x08, 0xE0, 0x39, 0xDA, 0x57, 0xAA, 0x88, 0x72, 0x90, 0xC0,
    0x88, 0x87, 0x67, 0x3F, 0xDD, 0x4D, 0xD3, 0xFF, 0x22, 0xF3, 0x1C, 0x80, 0x5C, 0xED, 0xA1, 0x96,
    0x06, 0xB2, 0x5D, 0xA0, 0x95, 0x9B, 0xE2, 0xA8, 0xE7, 0x9F, 0x4A, 0x8F, 0x1A, 0x59, 0x83, 0x72,
    0xB9, 0x83, 0xC2, 0x95, 0x16, 0xF4, 0x50, 0x13, 0xB4, 0x3E, 0x7A, 0x6B, 0x00, 0xAA, 0xDB, 0x1D,
    0x69, 0xF1, 0x8E, 0x47, 0x62, 0x2A, 0x4B, 0x50, 0x0F, 0x40, 0x5B, 0x3A, 0x60, 0xA9, 0x46, 0x60,
    0xAD, 0x3C, 0xE0, 0xB3, 0x24, 0x33, 0xE4, 0x9E, 0x15, 0x3C, 0x37, 0x37, 0xA6, 0x67, 0x25, 0x56,
    0xBB, 0x74, 0x85, 0x3E, 0x62, 0x35, 0xBE, 0xB0, 0x2F, 0x66, 0x5E, 0xD9, 0x45, 0x3E, 0xA9, 0xEE,
    0xCB, 0x6A, 0xCC, 0x40, 0xB9, 0xCB, 0x01, 0x19, 0xA0, 0x5C, 0x43, 0x26, 0x3D, 0xE8, 0x7B, 0x16,
    0x4E, 0xE8, 0x3B, 0xC1, 0x6A, 0x06, 0x56, 0x16, 0x2A, 0x69, 0xE0, 0x45, 0x03, 0x90, 0x68, 0x01,
    0x66, 0xE0, 0x2B, 0x8F, 0x6F, 0xE5, 0xA7, 0x92, 0x70, 0x90, 0x44, 0x59, 0x00, 0xB2, 0x0B, 0x3D,
    0x00, 0x22, 0x33, 0x40, 0xDE, 0xEC, 0x95, 0x16, 0x00, 0xAF, 0x1C, 0x40, 0x36, 0x32, 0x02, 0xA9,
    0xDF, 0x47, 0xF9, 0x46, 0xCA, 0x81, 0x3D, 0x80, 0xB2, 0x67, 0x1B, 0x40, 0x5B, 0x76, 0xFE, 0x23,
    0xD3, 0xF9, 0xAA, 0xE3, 0x30, 0x6B, 0xA0, 0x06, 0x5F, 0x7B, 0x30, 0xE0, 0xAF, 0xD7, 0x31, 0xB3,
    0xD1, 0xE9, 0xE6, 0x6B, 0x7B, 0xA8, 0x8F, 0x9D, 0xEE, 0x7E, 0xEF, 0x29, 0xFF, 0x18, 0xE6, 0xFD,
    0x92, 0xFA, 0x55, 0xA7, 0x19, 0x3E, 0xFB, 0xDB, 0x5A, 0xF9, 0x1D, 0x4C, 0xB7, 0x1A, 0x8A, 0x3B,
    0x23, 0x00, 0xA5, 0x05, 0x00, 0xFD, 0x28, 0x3B, 0x00, 0xA8, 0x92, 0x60, 0x92, 0xB0, 0x93, 0x04,
    0xA8, 0x47, 0x58, 0x5E, 0x87, 0xF1, 0x0C, 0x99, 0xD3, 0x1C, 0xFF, 0x0B, 0x73, 0xA6, 0x4D, 0xF0,
    0x0B, 0xF0, 0xAF, 0xC1, 0xD2, 0x81, 0xE9, 0xC1, 0x58, 0x4E, 0x55, 0x96, 0x83, 0xAA, 0x67, 0x32,
    0x4E, 0xF9, 0x77, 0x9D, 0x6A, 0xEF, 0x4F, 0xBA, 0xBA, 0xE1, 0x4F, 0xEB, 0xC6, 0x2F, 0x0A, 0x0E,
    0x81, 0x7D, 0xC0, 0x50, 0x34, 0x06, 0xDD, 0xED, 0xA0, 0xED, 0x82, 0xE2, 0xE1, 0x94, 0x9A, 0x93,
    0xD6, 0x0B, 0x17, 0x44, 0x2C, 0x14, 0x4E, 0x3B, 0xD2, 0xEE, 0x8B, 0x92, 0x30, 0x9A, 0xFC, 0xED,
    0xBB, 0x57, 0x67, 0xE2, 0x6A, 0xF1, 0x3C, 0xB9, 0xBA, 0x7B, 0x75, 0x9D, 0x9A, 0x3F, 0x93, 0x16,
    0x4C, 0x90, 0xDA, 0x06, 0xAF, 0x0A, 0xD0, 0xCA, 0x00, 0x2C, 0x01, 0x58, 0x27, 0x3D, 0x40, 0x96,
    0xCC, 0x27, 0x00, 0x95, 0xAC, 0xD6, 0x0D, 0x20, 0xD2, 0xC3, 0xF1, 0x70, 0x40, 0x2B, 0x3D, 0xE9,
    0x45, 0xA9, 0xBE, 0x79, 0xCB, 0x23, 0xEA, 0x86, 0xCF, 0xBD, 0xB2, 0x53, 0xE1, 0x54, 0xD7, 0xE8,
    0xA1, 0x68, 0xA8, 0x6C, 0x09, 0xC6, 0xEA, 0x40, 0x13, 0x68, 0x39, 0x19, 0xA9, 0xC4, 0xAF, 0xA8,
    0x23, 0x8B, 0xCA, 0xAE, 0xD8, 0xAA, 0xBB, 0x96, 0xD7, 0x4C, 0x63, 0x38, 0x30, 0x18, 0xEB, 0x0C,
    0x7A, 0x70, 0x2D, 0x4A, 0x1E, 0xCC, 0xB0, 0x92, 0x11, 0xD4, 0x9F, 0x08, 0x58, 0x20, 0x6B, 0x00,
    0xA8, 0x52, 0x98, 0x0E, 0xA0, 0xB5, 0x00, 0x12, 0xCD, 0xEF, 0x44, 0xD5, 0xED, 0xA8, 0xFE, 0x4E,
    0x0F, 0x54, 0xE5, 0x40, 0x2E, 0x61, 0xF8, 0xE4, 0x04, 0x4E, 0x39, 0x50, 0x7D, 0xF0, 0xC9, 0xAB,
    0x77, 0xAF, 0x3E, 0xB8, 0xAC, 0x25, 0x0C, 0x47, 0x9D, 0x0A, 0x5E, 0xA4, 0xE2, 0xAF, 0x41, 0xD0,
    0x45, 0xD5, 0x10, 0xAD, 0x46, 0x0A, 0x69, 0x56, 0x82, 0x11, 0x0B, 0x00, 0x99, 0x4C, 0x50, 0x3E,
    0x10, 0xA8, 0x6C, 0xDD, 0x51, 0x37, 0xDA, 0x52, 0x11, 0x80, 0x84, 0xB1, 0xF1, 0xBA, 0x43, 0x82,
    0x4C, 0x46, 0xA8, 0xA4, 0xE3, 0x84, 0x7C, 0x7E, 0x1E, 0x13, 0x97, 0x61, 0xF5, 0xF9, 0xF9, 0xF3,
    0xE8, 0x01, 0xD0, 0x16, 0xA8, 0x22, 0xDA, 0x72, 0x0E, 0xED, 0xB2, 0xD4, 0x49, 0x07, 0x22, 0xCD,
    0xD1, 0x8B, 0x18, 0x00, 0x64, 0x03, 0xB0, 0x92, 0x86, 0x42, 0xA4, 0xC7, 0xDC, 0xBA, 0xED, 0x98,
    0xD5, 0x25, 0x97, 0xFB, 0xE2, 0xD5, 0xA1, 0x70, 0x65, 0x86, 0x1E, 0x34, 0x54, 0x36, 0x60, 0xEC,
    0x46, 0xA0, 0x39, 0x0D, 0x2D, 0x9B, 0x91, 0x05, 0xAC, 0xD8, 0x8A, 0x9C, 0x8B, 0x5C, 0x84, 0x96,
    0x03, 0x30, 0xB8, 0x80, 0x1D, 0x36, 0xD1, 0x1F, 0xF7, 0xD3, 0xD1, 0xFF, 0xBB, 0x92, 0x0E, 0x54,
    0x4F, 0xA0, 0x03, 0x32, 0x80, 0xBD, 0x74, 0x23, 0x8A, 0x48, 0xD9, 0x07, 0xB4, 0x25, 0x9B, 0x02,
    0xB1, 0x98, 0xA6, 0x0D, 0xA0, 0x5C, 0x4D, 0xC0, 0x40, 0x31, 0x04, 0xCA, 0x7E, 0x1F, 0xB4, 0x3D,
    0x8C, 0xF8, 0x40, 0x17, 0xA8, 0x9A, 0x40, 0x9D, 0x4D, 0x60, 0xF2, 0x31, 0xA0, 0x1C, 0xEC, 0x47,
    0x0E, 0xD5, 0x7A, 0x17, 0x8F, 0x0C, 0xC0, 0x33, 0x00, 0x00, 0x4A, 0x26, 0xA8, 0xFF, 0x2E, 0xB0,
    0xC4, 0x34, 0x78, 0xEA, 0x26, 0xF3, 0x54, 0x04, 0x20, 0xC1, 0x7C, 0xDC, 0x79, 0x33, 0x02, 0x5A,
    0x80, 0x4C, 0xD2, 0xDC, 0x01, 0xE5, 0x08, 0xA8, 0x89, 0x2F, 0x7C, 0xFD, 0x17, 0x13, 0x46, 0xFE,
    0x35, 0x72, 0xFF, 0xCD, 0xD7, 0x1D, 0x9F, 0xFD, 0xE0, 0xDD, 0x81, 0x76, 0x53, 0x2C, 0x95, 0xAC,
    0x41, 0xEF, 0x0D, 0x70, 0xF2, 0xE5, 0x1E, 0x9E, 0xFE, 0x91, 0x85, 0x22, 0xB6, 0x27, 0xD2, 0x71,
    0x3C, 0xAA, 0x30, 0xA5, 0xFE, 0xD5, 0xA7, 0x2D, 0x0B, 0xE5, 0x74, 0x64, 0x83, 0xD7, 0x8A, 0xE1,
    0x34, 0xA7, 0xCA, 0xFE, 0x09, 0xD0, 0x96, 0xC7, 0xA9, 0x1A, 0xC0, 0xC0, 0xE3, 0xEC, 0x03, 0x2C,
    0x81, 0x27, 0x8F, 0xB7, 0xCA, 0xB8, 0x5C, 0xF3, 0xD5, 0x7C, 0x05, 0x3C, 0xB0, 0x02, 0x5A, 0xB4,
    0x88, 0xFF, 0xE2, 0x15, 0xF9, 0x35, 0x2C, 0x01, 0x0F, 0x85, 0xA3, 0x16, 0x8B, 0x99, 0xC0, 0x34,
    0x50, 0x5B, 0xD0, 0x3D, 0x94, 0x0E, 0xD4, 0x08, 0xB9, 0x07, 0x66, 0xA0, 0xED, 0xA1, 0x4A, 0xBD,
    0xB3, 0x70, 0x61, 0x6E, 0xA0, 0x70, 0x1C, 0xFF, 0xE9, 0xB2, 0x0B, 0xFA, 0xFD, 0x3E, 0x30, 0x03,
    0xA6, 0x07, 0x25, 0xAF, 0x74, 0x14, 0xA6, 0xEE, 0xC0, 0x4C, 0xC0, 0xAA, 0xD9, 0x8E, 0x27, 0x85,
    0x93, 0x87, 0xB4, 0xE0, 0xD1, 0x47, 0x4C, 0x81, 0x6C, 0x64, 0x1B, 0xE5, 0xB8, 0x46, 0xB5, 0xFE,
    0xFE, 0xF0, 0x68, 0x07, 0x07, 0xF4, 0x04, 0xEC, 0x5C, 0x07, 0xDE, 0x39, 0x0D, 0xB8, 0x8D, 0x0C,
    0x0E, 0x2F, 0xC8, 0x94, 0x9E, 0x0A, 0x4A, 0x4F, 0x0D, 0x0B, 0x74, 0xC3, 0x16, 0x65, 0xC3, 0x39,
    0x4A, 0x78, 0xFD, 0xE7, 0x1A, 0x56, 0xB2, 0x0D, 0x0F, 0x64, 0x44, 0x0D, 0xEF, 0xD9, 0x54, 0x0F,
    0x7B, 0x91, 0x2F, 0x45, 0x32, 0x87, 0x83, 0x49, 0x3D, 0x2A, 0xA6, 0x16, 0x20, 0xDB, 0x05, 0xE0,
    0x32, 0x80, 0x03, 0xE8, 0x81, 0x3C, 0x90, 0xA7, 0x1F, 0xE7, 0x7F, 0xDC, 0x73, 0xB4, 0xEA, 0xD2,
    0x84, 0x2F, 0x1A, 0xAF, 0x5C, 0xC9, 0x3A, 0xB6, 0xE9, 0xB0, 0xEC, 0x03, 0xDA, 0x6E, 0x44, 0x4E,
    0xE3, 0xEB, 0x66, 0x13, 0x6F, 0x58, 0x1C, 0xB3, 0x95, 0x8F, 0xFB, 0x5C, 0x54, 0xEE, 0x90, 0x03,
    0xE5, 0x3C, 0x4E, 0x39, 0x8C, 0xCC, 0x50, 0x8B, 0xF4, 0xE9, 0xF5, 0x36, 0x90, 0xA5, 0x3D, 0xC0,
    0x53, 0xF4, 0x01, 0x6D, 0xB3, 0x29, 0xA0, 0x5C, 0xA0, 0x1C, 0xA8, 0x3A, 0x63, 0x95, 0xC8, 0x9A,
    0x42, 0xE6, 0x0E, 0x0C, 0x90, 0xD0, 0x32, 0x47, 0xD6, 0x80, 0xE7, 0x88, 0xCC, 0x93, 0x7E, 0x92,
    0x1F, 0xED, 0xBA, 0x64, 0xA7, 0x80, 0xF2, 0x1C, 0xB0, 0x71, 0x16, 0xA8, 0x05, 0xF2, 0x59, 0x2C,
    0xDA, 0xDF, 0xEB, 0xA9, 0x7F, 0xFB, 0x17, 0x4B, 0xBB, 0xF5, 0x5E, 0x83, 0x7F, 0xD9, 0x82, 0xFF,
    0xA6, 0x25, 0x9F, 0x7E, 0xDC, 0xA1, 0xDC, 0xEF, 0x9A, 0x00, 0xFC, 0x4F, 0xF2, 0x09, 0xC0, 0x03,
    0xB4, 0x00, 0x95, 0x85, 0x67, 0xBE, 0x37, 0x37, 0x98, 0x58, 0x50, 0x2B, 0x62, 0x81, 0xEC, 0x09,
    0xA0, 0xDC, 0x04, 0xF4, 0x02, 0x8C, 0xF8, 0x54, 0x6F, 0x5A, 0xBA, 0x96, 0xC2, 0x69, 0x4B, 0x39,
    0xE8, 0x1E, 0xDD, 0x47, 0xAC, 0xB6, 0x81, 0xDA, 0x12, 0xF7, 0x69, 0x8C, 0x4C, 0x91, 0x31, 0x90,
    0xAD, 0xA1, 0x65, 0x05, 0x4B, 0x0C, 0xAC, 0x23, 0x9E, 0x36, 0xB2, 0x22, 0xF3, 0xAC, 0x51, 0x93,
    0xF2, 0xA1, 0xDE, 0x55, 0x7A, 0xED, 0x6A, 0xE0, 0xF9, 0x03, 0x60, 0xD3, 0x01, 0x5F, 0xBD, 0x0C,
    0xFF, 0x06, 0x63, 0x60, 0x60, 0xA8, 0xFF, 0xEF, 0xB0, 0xFF, 0x3F, 0x03, 0x10, 0x00, 0x00, 0xD5,
    0x94, 0x01, 0x86, 0x1C, 0x5D, 0x18, 0x45, 0x4F, 0x75, 0xF9, 0xE7, 0xF1, 0x37, 0x29, 0x88, 0x08,
    0xD0, 0x0B, 0x08, 0x06, 0x20, 0x60, 0x5E, 0x2F, 0x22, 0xAB, 0x89, 0xC9, 0x4C, 0x27, 0x2B, 0x98,
    0x25, 0x04, 0x03, 0x59, 0xC4, 0xE8, 0xB7, 0x84, 0xB7, 0x84, 0x5A, 0xC2, 0x43, 0x85, 0x0A, 0xD5,
    0xF3, 0xA5, 0xAE, 0xAB, 0x98, 0x98, 0x05, 0x44, 0xE0, 0x3B, 0x74, 0xF3, 0xEE, 0x3D, 0x5C, 0x05,
    0xC0, 0xD5, 0x03, 0x70, 0x3F, 0xE5, 0x0B, 0xEC, 0x7E, 0x2E, 0x4B, 0x86, 0x7E, 0xFC, 0xDC, 0x56,
    0x0C, 0xA5, 0x6F, 0xEF, 0x85, 0x34, 0x02, 0x87, 0xD3, 0xBE, 0x42, 0x77, 0x8E, 0x08, 0x48, 0x21,
    0x40, 0xE6, 0x50, 0x8C, 0x23, 0x70, 0x47, 0x06, 0x78, 0x32, 0x96, 0x0D, 0x77, 0xC6, 0x13, 0xD0,
    0xCD, 0x2C, 0xC0, 0xAE, 0x21, 0xF4, 0x1B, 0xBA, 0x19, 0x48, 0xE3, 0x6E, 0x02, 0xF6, 0xB5, 0x6F,
    0x38, 0xFC, 0x25, 0x14, 0xCE, 0xF5, 0x71, 0x70, 0x9C, 0xC0, 0x17, 0x05, 0xF0, 0x61, 0xF9, 0xFF,
    0xA2, 0xDF, 0xEA, 0xA1, 0x61, 0x9F, 0x47, 0xDD, 0x73, 0x9C, 0x60, 0x37, 0x5D, 0x17, 0xE9, 0x0C,
    0x45, 0x4F, 0xBC, 0x41, 0x17, 0xE4, 0x82, 0x55, 0x4E, 0xA4, 0xD0, 0x25, 0xAF, 0x6F, 0xEB, 0x66,
    0x6B, 0xD8, 0xC2, 0xED, 0x5D, 0x5E, 0x97, 0xC5, 0x06, 0x16, 0x70, 0x71, 0x74, 0x27, 0xD4, 0x7E,
    0x56, 0xF9, 0x2E, 0x9A, 0x42, 0xE2, 0xA4, 0xFB, 0x76, 0x0B, 0xD4, 0xE3, 0x90, 0x01, 0xD5, 0x46,
    0xAD, 0x41, 0xA5, 0xC1, 0x9D, 0xBF, 0xBB, 0x73, 0x53, 0x67, 0x89, 0xF4, 0xE3, 0xBE, 0x21, 0xED,
    0x51, 0x77, 0x28, 0xEA, 0xBC, 0xDE, 0xEE, 0x7C, 0x59, 0x6F, 0x8A, 0xCB, 0xE1, 0xEF, 0x77, 0x86,
    0xEE, 0x07, 0x9E, 0x4E, 0x54, 0x6F, 0x67, 0x68, 0x1E, 0x8F, 0x5B, 0xF7, 0xED, 0xEA, 0x28, 0xA6,
    0x8A, 0xF7, 0x53, 0xC0, 0x03, 0x8A, 0x4A, 0x12, 0xA2, 0x28, 0x40, 0x66, 0xB6, 0x11, 0x65, 0x22,
    0xBB, 0x27, 0xFB, 0x69, 0x46, 0x9B, 0x95, 0x69, 0x4B, 0x39, 0x71, 0x67, 0x2B, 0x99, 0xF6, 0xE2,
    0xE6, 0xB7, 0x78, 0x4D, 0xA2, 0xE6, 0x44, 0x4C, 0x1E, 0x52, 0xAE, 0x5E, 0xF3, 0x7F, 0xDB, 0xA2,
    0x3C, 0x29, 0x7B, 0x9A, 0x1E, 0x95, 0x57, 0xF5, 0x62, 0x56, 0xF6, 0x7D, 0xDC, 0x7C, 0x17, 0xD8,
    0xFD, 0x5A, 0x7D, 0x67, 0xFB, 0xF6, 0x93, 0x7D, 0xB5, 0x55, 0x05, 0x88, 0xF2, 0xED, 0x9B, 0x7D,
    0xD3, 0x68, 0xDF, 0xA1, 0xFE, 0x43, 0xBE, 0xDE, 0x24, 0xE7, 0x00, 0xAD, 0x72, 0x28, 0x28, 0x25,
    0x55, 0xF4, 0xD8, 0x86, 0x02, 0xF6, 0xD1, 0xCB, 0xF7, 0x01, 0xE4, 0x5D, 0x08, 0x96, 0xB1, 0xCB,
    0xCB, 0x2F, 0xC3, 0xAB, 0x4F, 0x82, 0x35, 0xE8, 0xA6, 0xD7, 0x9F, 0x04, 0xCF, 0x54, 0xA9, 0xDD,
    0x8C, 0xD4, 0x88, 0x59, 0xA9, 0x9C, 0x9B, 0x20, 0x2D, 0xC1, 0x5A, 0xD8, 0x0A, 0x4B, 0xD9, 0x89,
    0x3F, 0x07, 0xFB, 0xEE, 0x01, 0xA9, 0xC4, 0xB3, 0x30, 0x8C, 0x83, 0x5B, 0x27, 0x21, 0xD3, 0x57,
    0x84, 0x64, 0xE8, 0xBF, 0xEB, 0xE0, 0x3E, 0x8E, 0x3C, 0x9F, 0xBF, 0x46, 0xD0, 0xB7, 0xA1, 0x1C,
    0x4E, 0xA4, 0x32, 0x94, 0x35, 0x6B, 0x5F, 0xAF, 0x94, 0x95, 0x1A, 0x42, 0x7F, 0x81, 0x1B, 0xE8,
    0xA2, 0x22, 0xA3, 0x3C, 0xDB, 0xC1, 0x62, 0x3C, 0x0B, 0x1F, 0xB9, 0x91, 0xC3, 0xED, 0x86, 0x5B,
    0x21, 0x7F, 0x9B, 0x89, 0x85, 0x21, 0x2A, 0x32, 0xFA, 0x84, 0x8C, 0x7E, 0x03, 0x62, 0x80, 0x83,
    0x12, 0x30, 0x09, 0x28, 0x49, 0x8E, 0x8D, 0x10, 0x04, 0x02, 0x28, 0x88, 0x7E, 0xB9, 0x80, 0x80,
    0x00, 0x3B, 0xA0, 0x04, 0x4B, 0x80, 0xB1, 0x01, 0x4B, 0xC2, 0x0E, 0x2C, 0xC4, 0x16, 0x1C, 0xA5,
    0x04, 0x4A, 0x20, 0x31, 0x96, 0xE0, 0x02, 0x83, 0x3B, 0xD6, 0x7F, 0x18, 0xEC, 0x6C, 0xF0, 0x0E,
    0x79, 0x5F, 0xCD, 0x50, 0xD6, 0x31, 0x97, 0x8D, 0xC4, 0x42, 0xDC, 0x73, 0xA1, 0x45, 0xBD, 0xB1,
    0x9B, 0x52, 0x6B, 0x1C, 0xAF, 0x39, 0x44, 0xD3, 0x7B, 0x0B, 0x59, 0x35, 0xE4, 0xC0, 0xD0, 0x41,
    0x0A, 0xCC, 0x23, 0x7C, 0x5B, 0xE2, 0x0B, 0x96, 0x9E, 0x74, 0x82, 0x33, 0xAC, 0x0D, 0x5C, 0x60,
    0xAA, 0xE0, 0x06, 0x92, 0x91, 0x24, 0x19, 0x59, 0xA5, 0x86, 0x9A, 0x49, 0xAA, 0xB6, 0x60, 0x92,
    0x9E, 0xC1, 0x64, 0xFC, 0x98, 0x8C, 0x85, 0x8C, 0x3B, 0x49, 0x8F, 0xFF, 0x8E, 0xEE, 0x07,
};

static const EpdGlyph notoserif_14_italicGlyphs[] = {
    { 0, 0, 0, 0, 0, 0, 0 }, // U+0000
    { 0, 0, 121, 0, 0, 0, 0 }, // U+000D
    { 0, 0, 121, 0, 0, 0, 0 }, // U+0020
    { 9, 22, 155, 1, 21, 50, 0 }, // !
    { 10, 8, 190, 3, 21, 20, 50 }, // "
    { 17, 21, 261, 0, 21, 90, 70 }, // #
    { 16, 26, 261, 0, 23, 104, 160 }, // $
    { 24, 23, 418, 1, 22, 138, 264 }, // %
    { 21, 23, 346, 1, 22, 121, 402 }, // &
    { 5, 8, 103, 3, 21, 10, 523 }, // '
    { 11, 27, 161, 1, 23, 75, 533 }, // (
    { 12, 26, 161, -2, 22, 78, 608 }, // )
    { 13, 13, 233, 3, 23, 43, 686 }, // *
    { 14, 13, 261, 1, 17, 46, 729 }, // +
    { 6, 9, 117, -1, 4, 14, 775 }, // ,
    { 9, 4, 145, 0, 10, 9, 789 }, // -
    { 5, 5, 117, 0, 4, 7, 798 }, // .
    { 15, 27, 134, -3, 23, 102, 805 }, // /
    { 15, 23, 261, 1, 22, 87, 907 }, // 0
    { 13, 21, 214, -1, 21, 69, 994 }, // 1
    { 16, 22, 261, -1, 22, 88, 1063 }, // 2
    { 17, 23, 261, -1, 22, 98, 1151 }, // 3
    { 17, 21, 261, -1, 21, 90, 1249 }, // 4
    { 16, 22, 261, 0, 21, 88, 1339 }, // 5
    { 16, 23, 261, 1, 22, 92, 1427 }, // 6
    { 15, 21, 261, 2, 21, 79, 1519 }, // 7
    { 16, 23, 261, 0, 22, 92, 1598 }, // 8
    { 15, 23, 261, 1, 22, 87, 1690 }, // 9
    { 8, 17, 133, 0, 16, 34, 1777 }, // :
    { 9, 21, 133, -1, 16, 48, 1811 }, // ;
    { 14, 15, 261, 1, 18, 53, 1859 }, // <
    { 14, 9, 261, 1, 15, 32, 1912 }, // =
    { 14, 15, 261, 1, 18, 53, 1944 }, // >
    { 13, 23, 233, 3, 22, 75, 1997 }, // ?
    { 25, 26, 430, 1, 21, 163, 2072 }, // @
    { 22, 21, 329, -2, 21, 116, 2235 }, // A
    { 20, 21, 305, -1, 21, 105, 2351 }, // B
    { 18, 23, 293, 1, 22, 104, 2456 }, // C
    { 22, 21, 338, -1, 21, 116, 2560 }, // D
    { 20, 21, 291, -1, 21, 105, 2676 }, // E
    { 20, 21, 275, -1, 21, 105, 2781 }, // F
    { 20, 23, 333, 1, 22, 115, 2886 }, // G
    { 26, 21, 370, -1, 21, 137, 3001 }, // H
    { 14, 21, 171, -1, 21, 74, 3138 }, // I
    { 18, 28, 167, -5, 21, 126, 3212 }, // J
    { 24, 21, 327, -1, 21, 126, 3338 }, // K
    { 18, 21, 291, -1, 21, 95, 3464 }, // L
    { 30, 21, 438, -1, 21, 158, 3559 }, // M
    { 26, 21, 356, -1, 21, 137, 3717 }, // N
    { 20, 23, 346, 1, 22, 115, 3854 }, // O
    { 19, 21, 289, -1, 21, 100, 3969 }, // P
    { 20, 29, 346, 1, 22, 145, 4069 }, // Q
    { 20, 21, 310, -1, 21, 105, 4214 }, // R
    { 17, 23, 254, 0, 22, 98, 4319 }, // S
    { 18, 21, 286, 2, 21, 95, 4417 }, // T
    { 22, 22, 341, 2, 21, 121, 4512 }, // U
    { 21, 21, 315, 2, 21, 111, 4633 }, // V
    { 31, 21, 488, 2, 21, 163, 4744 }, // W
    { 24, 21, 308, -2, 21, 126, 4907 }, // X
    { 19, 21, 292, 2, 21, 100, 5033 }, // Y
    { 20, 21, 282, -1, 21, 105, 5133 }, // Z
    { 13, 27, 168, 0, 23, 88, 5238 }, // [
    { 4, 27, 134, 3, 23, 27, 5326 }, // <backslash>
    { 13, 27, 168, -2, 23, 88, 5353 }, // ]
    { 14, 14, 261, 1, 21, 49, 5441 }, // ^
    { 15, 3, 214, -3, -2, 12, 5490 }, // _
    { 6, 6, 130, 4, 23, 9, 5502 }, // `
    { 16, 17, 270, 1, 16, 68, 5511 }, // a
    { 16, 24, 262, 0, 23, 96, 5579 }, // b
    { 14, 17, 227, 1, 16, 60, 5675 }, // c
    { 16, 24, 270, 1, 23, 96, 5735 }, // d
    { 13, 17, 230, 1, 16, 56, 5831 }, // e
    { 20, 30, 148, -5, 23, 150, 5887 }, // f
    { 20, 25, 260, -2, 18, 125, 6037 }, // g
    { 16, 24, 280, 1, 23, 96, 6162 }, // h
    { 8, 24, 142, 1, 23, 48, 6258 }, // i
    { 14, 30, 136, -5, 23, 105, 6306 }, // j
    { 17, 24, 266, 1, 23, 102, 6411 }, // k
    { 7, 24, 142, 2, 23, 42, 6513 }, // l
    { 25, 17, 418, 1, 16, 107, 6555 }, // m
    { 16, 17, 280, 1, 16, 68, 6662 }, // n
    { 15, 17, 268, 1, 16, 64, 6730 }, // o
    { 17, 23, 269, -1, 16, 98, 6794 }, // p
    { 15, 23, 261, 1, 16, 87, 6892 }, // q
    { 13, 16, 218, 1, 16, 52, 6979 }, // r
    { 13, 17, 217, 0, 16, 56, 7031 }, // s
    { 9, 21, 172, 2, 20, 48, 7087 }, // t
    { 16, 17, 280, 1, 16, 68, 7135 }, // u
    { 15, 17, 251, 0, 16, 64, 7203 }, // v
    { 23, 17, 382, 1, 16, 98, 7267 }, // w
    { 18, 16, 255, -1, 16, 72, 7365 }, // x
    { 20, 23, 246, -5, 16, 115, 7437 }, // y
    { 15, 16, 239, -1, 16, 60, 7552 }, // z
    { 14, 27, 200, 1, 23, 95, 7612 }, // {
    { 3, 30, 261, 7, 23, 23, 7707 }, // |
    { 13, 27, 200, -2, 23, 88, 7730 }, // }
    { 14, 6, 261, 1, 13, 21, 7818 }, // ~
    { 0, 0, 121, 0, 0, 0, 0 }, // U+00A0
    { 8, 22, 155, 0, 16, 44, 0 }, // U+00A1
    { 14, 21, 261, 2, 21, 74, 44 }, // U+00A2
    { 18, 23, 261, -1, 22, 104, 118 }, // U+00A3
    { 13, 13, 261, 2, 17, 43, 222 }, // U+00A4
    { 17, 21, 261, 2, 21, 90, 265 }, // U+00A5
    { 3, 30, 261, 7, 23, 23, 355 }, // U+00A6
    { 16, 27, 254, 0, 23, 108, 378 }, // U+00A7
    { 10, 4, 269, 5, 22, 10, 486 }, // U+00A8
    { 23, 23, 394, 1, 22, 133, 496 }, // U+00A9
    { 12, 10, 183, 1, 21, 30, 629 }, // U+00AA
    { 14, 12, 240, 1, 14, 42, 659 }, // U+00AB
    { 14, 9, 261, 1, 12, 32, 701 }, // U+00AC
    { 9, 4, 145, 0, 10, 9, 733 }, // U+00AD
    { 23, 23, 394, 1, 22, 133, 742 }, // U+00AE
    { 15, 2, 214, 2, 24, 8, 875 }, // U+00AF
    { 10, 10, 187, 3, 22, 25, 883 }, // U+00B0
    { 14, 17, 261, 1, 17, 60, 908 }, // U+00B1
    { 12, 14, 187, 1, 25, 42, 968 }, // U+00B2
    { 11, 14, 187, 2, 25, 39, 1010 }, // U+00B3
    { 7, 6, 123, 3, 23, 11, 1049 }, // U+00B4
    { 18, 23, 282, -1, 16, 104, 1060 }, // U+00B5
    { 17, 27, 288, 1, 23, 115, 1164 }, // U+00B6
    { 5, 5, 133, 2, 13, 7, 1279 }, // U+00B7
    { 7, 8, 155, 1, 1, 14, 1286 }, // U+00B8
    { 9, 13, 187, 2, 24, 30, 1300 }, // U+00B9
    { 11, 10, 185, 1, 21, 28, 1330 }, // U+00BA
    { 14, 12, 240, 0, 14, 42, 1358 }, // U+00BB
    { 23, 21, 407, 2, 21, 121, 1400 }, // U+00BC
    { 22, 21, 407, 2, 21, 116, 1521 }, // U+00BD
    { 24, 22, 407, 1, 22, 132, 1637 }, // U+00BE
    { 12, 22, 233, 0, 16, 66, 1769 }, // U+00BF
    { 22, 28, 329, -2, 28, 154, 1835 }, // U+00C0
    { 22, 28, 329, -2, 28, 154, 1989 }, // U+00C1
    { 22, 28, 329, -2, 28, 154, 2143 }, // U+00C2
    { 22, 27, 329, -2, 27, 149, 2297 }, // U+00C3
    { 22, 27, 329, -2, 27, 149, 2446 }, // U+00C4
    { 22, 26, 329, -2, 26, 143, 2595 }, // U+00C5
    { 31, 21, 444, -2, 21, 163, 2738 }, // U+00C6
    { 18, 29, 293, 1, 22, 131, 2901 }, // U+00C7
    { 20, 28, 291, -1, 28, 140, 3032 }, // U+00C8
    { 20, 28, 291, -1, 28, 140, 3172 }, // U+00C9
    { 20, 28, 291, -1, 28, 140, 3312 }, // U+00CA
    { 20, 27, 291, -1, 27, 135, 3452 }, // U+00CB
    { 14, 28, 171, -1, 28, 98, 3587 }, // U+00CC
    { 14, 28, 171, -1, 28, 98, 3685 }, // U+00CD
    { 14, 28, 171, -1, 28, 98, 3783 }, // U+00CE
    { 14, 27, 171, -1, 27, 95, 3881 }, // U+00CF
    { 22, 21, 338, -1, 21, 116, 3976 }, // U+00D0
    { 26, 27, 356, -1, 27, 176, 4092 }, // U+00D1
    { 20, 29, 346, 1, 28, 145, 4268 }, // U+00D2
    { 20, 29, 346, 1, 28, 145, 4413 }, // U+00D3
    { 20, 29, 346, 1, 28, 145, 4558 }, // U+00D4
    { 20, 28, 346, 1, 27, 140, 4703 }, // U+00D5
    { 20, 28, 346, 1, 27, 140, 4843 }, // U+00D6
    { 13, 13, 261, 2, 17, 43, 4983 }, // U+00D7
    { 20, 25, 346, 1, 23, 125, 5026 }, // U+00D8
    { 22, 29, 341, 2, 28, 160, 5151 }, // U+00D9
    { 22, 29, 341, 2, 28, 160, 5311 }, // U+00DA
    { 22, 29, 341, 2, 28, 160, 5471 }, // U+00DB
    { 22, 28, 341, 2, 27, 154, 5631 }, // U+00DC
    { 19, 28, 292, 2, 28, 133, 5785 }, // U+00DD
    { 19, 21, 282, -1, 21, 100, 5918 }, // U+00DE
    { 22, 30, 293, -4, 23, 165, 6018 }, // U+00DF
    { 16, 24, 270, 1, 23, 96, 6183 }, // U+00E0
    { 16, 24, 270, 1, 23, 96, 6279 }, // U+00E1
    { 16, 24, 270, 1, 23, 96, 6375 }, // U+00E2
    { 16, 23, 270, 1, 22, 92, 6471 }, // U+00E3
    { 16, 23, 270, 1, 22, 92, 6563 }, // U+00E4
    { 16, 25, 270, 1, 24, 100, 6655 }, // U+00E5
    { 23, 17, 379, 1, 16, 98, 6755 }, // U+00E6
    { 14, 23, 227, 1, 16, 81, 6853 }, // U+00E7
    { 13, 24, 230, 1, 23, 78, 6934 }, // U+00E8
    { 14, 24, 230, 1, 23, 84, 7012 }, // U+00E9
    { 14, 24, 230, 1, 23, 84, 7096 }, // U+00EA
    { 14, 23, 230, 1, 22, 81, 7180 }, // U+00EB
    { 8, 24, 142, 1, 23, 48, 7261 }, // U+00EC
    { 10, 24, 142, 1, 23, 60, 7309 }, // U+00ED
    { 9, 24, 142, 1, 23, 54, 7369 }, // U+00EE
    { 10, 23, 142, 1, 22, 58, 7423 }, // U+00EF
    { 15, 24, 268, 1, 23, 90, 7481 }, // U+00F0
    { 16, 23, 280, 1, 22, 92, 7571 }, // U+00F1
    { 15, 24, 268, 1, 23, 90, 7663 }, // U+00F2
    { 15, 24, 268, 1, 23, 90, 7753 }, // U+00F3
    { 15, 24, 268, 1, 23, 90, 7843 }, // U+00F4
    { 16, 23, 268, 1, 22, 92, 7933 }, // U+00F5
    { 15, 23, 268, 1, 22, 87, 8025 }, // U+00F6
    { 14, 15, 261, 1, 18, 53, 8112 }, // U+00F7
    { 17, 20, 268, 0, 18, 85, 8165 }, // U+00F8
    { 16, 24, 280, 1, 23, 96, 8250 }, // U+00F9
    { 16, 24, 280, 1, 23, 96, 8346 }, // U+00FA
    { 16, 24, 280, 1, 23, 96, 8442 }, // U+00FB
    { 16, 23, 280, 1, 22, 92, 8538 }, // U+00FC
    { 20, 30, 246, -5, 23, 150, 8630 }, // U+00FD
    { 17, 30, 262, -1, 23, 128, 8780 }, // U+00FE
    { 20, 29, 246, -5, 22, 145, 8908 }, // U+00FF
    { 22, 25, 329, -2, 25, 138, 0 }, // U+0100
    { 16, 21, 270, 1, 20, 84, 138 }, // U+0101
    { 22, 27, 329, -2, 27, 149, 222 }, // U+0102
    { 16, 23, 270, 1, 22, 92, 371 }, // U+0103
    { 22, 28, 329, -2, 21, 154, 463 }, // U+0104
    { 16, 23, 270, 1, 16, 92, 617 }, // U+0105
    { 19, 29, 293, 1, 28, 138, 709 }, // U+0106
    { 15, 24, 227, 1, 23, 90, 847 }, // U+0107
    { 18, 29, 293, 1, 28, 131, 937 }, // U+0108
    { 14, 24, 227, 1, 23, 84, 1068 }, // U+0109
    { 18, 29, 293, 1, 28, 131, 1152 }, // U+010A
    { 14, 24, 227, 1, 23, 84, 1283 }, // U+010B
    { 21, 29, 293, 1, 28, 153, 1367 }, // U+010C
    { 17, 24, 227, 1, 23, 102, 1520 }, // U+010D
    { 22, 28, 338, -1, 28, 154, 1622 }, // U+010E
    { 21, 24, 270, 1, 23, 126, 1776 }, // U+010F
    { 22, 21, 338, -1, 21, 116, 1902 }, // U+0110
    { 18, 24, 270, 1, 23, 108, 2018 }, // U+0111
    { 20, 25, 291, -1, 25, 125, 2126 }, // U+0112
    { 14, 21, 230, 1, 20, 74, 2251 }, // U+0113
    { 20, 27, 291, -1, 27, 135, 2325 }, // U+0114
    { 14, 23, 230, 1, 22, 81, 2460 }, // U+0115
    { 20, 27, 291, -1, 27, 135, 2541 }, // U+0116
    { 13, 24, 230, 1, 23, 78, 2676 }, // U+0117
    { 20, 28, 291, -1, 21, 140, 2754 }, // U+0118
    { 13, 23, 230, 1, 16, 75, 2894 }, // U+0119
    { 20, 28, 291, -1, 28, 140, 2969 }, // U+011A
    { 17, 24, 230, 1, 23, 102, 3109 }, // U+011B
    { 20, 29, 333, 1, 28, 145, 3211 }, // U+011C
    { 20, 30, 260, -2, 23, 150, 3356 }, // U+011D
    { 20, 28, 333, 1, 27, 140, 3506 }, // U+011E
    { 20, 29, 260, -2, 22, 145, 3646 }, // U+011F
    { 20, 29, 333, 1, 28, 145, 3791 }, // U+0120
    { 20, 30, 260, -2, 23, 150, 3936 }, // U+0121
    { 20, 29, 333, 1, 22, 145, 4086 }, // U+0122
    { 20, 30, 260, -2, 23, 150, 4231 }, // U+0123
    { 26, 28, 370, -1, 28, 182, 4381 }, // U+0124
    { 16, 30, 280, 1, 29, 120, 4563 }, // U+0125
    { 26, 21, 370, -1, 21, 137, 4683 }, // U+0126
    { 16, 24, 280, 1, 23, 96, 4820 }, // U+0127
    { 16, 27, 171, -1, 27, 108, 4916 }, // U+0128
    { 12, 23, 142, 0, 22, 69, 5024 }, // U+0129
    { 14, 25, 171, -1, 25, 88, 5093 }, // U+012A
    { 10, 21, 142, 1, 20, 53, 5181 }, // U+012B
    { 14, 27, 171, -1, 27, 95, 5234 }, // U+012C
    { 10, 23, 142, 1, 22, 58, 5329 }, // U+012D
    { 14, 28, 171, -1, 21, 98, 5387 }, // U+012E
    { 9, 30, 142, 0, 23, 68, 5485 }, // U+012F
    { 14, 28, 171, -1, 28, 98, 5553 }, // U+0130
    { 8, 17, 142, 1, 16, 34, 5651 }, // U+0131
    { 24, 28, 338, -1, 21, 168, 5685 }, // U+0132
    { 17, 30, 278, 1, 23, 128, 5853 }, // U+0133
    { 18, 35, 167, -5, 28, 158, 5981 }, // U+0134
    { 15, 30, 136, -5, 23, 113, 6139 }, // U+0135
    { 24, 28, 327, -1, 21, 168, 6252 }, // U+0136
    { 17, 30, 266, 1, 23, 128, 6420 }, // U+0137
    { 17, 17, 266, 1, 16, 73, 6548 }, // U+0138
    { 18, 28, 291, -1, 28, 126, 6621 }, // U+0139
    { 11, 30, 142, 2, 29, 83, 6747 }, // U+013A
    { 18, 28, 291, -1, 21, 126, 6830 }, // U+013B
    { 10, 30, 142, -1, 23, 75, 6956 }, // U+013C
    { 19, 21, 291, -1, 21, 100, 7031 }, // U+013D
    { 12, 24, 142, 2, 23, 72, 7131 }, // U+013E
    { 18, 21, 291, -1, 21, 95, 7203 }, // U+013F
    { 11, 24, 184, 2, 23, 66, 7298 }, // U+0140
    { 18, 21, 291, -1, 21, 95, 7364 }, // U+0141
    { 10, 24, 151, 0, 23, 60, 7459 }, // U+0142
    { 26, 28, 356, -1, 28, 182, 7519 }, // U+0143
    { 16, 24, 280, 1, 23, 96, 7701 }, // U+0144
    { 26, 28, 356, -1, 21, 182, 7797 }, // U+0145
    { 16, 23, 280, 1, 16, 92, 7979 }, // U+0146
    { 26, 28, 356, -1, 28, 182, 8071 }, // U+0147
    { 17, 24, 280, 1, 23, 102, 8253 }, // U+0148
    { 21, 22, 360, 1, 21, 116, 8355 }, // U+0149
    { 26, 28, 356, -1, 21, 182, 8471 }, // U+014A
    { 15, 23, 262, 1, 16, 87, 8653 }, // U+014B
    { 20, 26, 346, 1, 25, 130, 8740 }, // U+014C
    { 15, 21, 268, 1, 20, 79, 8870 }, // U+014D
    { 20, 28, 346, 1, 27, 140, 8949 }, // U+014E
    { 15, 23, 268, 1, 22, 87, 9089 }, // U+014F
    { 21, 29, 346, 1, 28, 153, 9176 }, // U+0150
    { 17, 24, 268, 1, 23, 102, 9329 }, // U+0151
    { 28, 23, 449, 1, 22, 161, 9431 }, // U+0152
    { 24, 17, 403, 1, 16, 102, 9592 }, // U+0153
    { 20, 28, 310, -1, 28, 140, 9694 }, // U+0154
    { 13, 23, 218, 1, 23, 75, 9834 }, // U+0155
    { 20, 28, 310, -1, 21, 140, 9909 }, // U+0156
    { 15, 23, 218, -1, 16, 87, 10049 }, // U+0157
    { 20, 28, 310, -1, 28, 140, 10136 }, // U+0158
    { 15, 23, 218, 1, 23, 87, 10276 }, // U+0159
    { 17, 29, 254, 0, 28, 124, 10363 }, // U+015A
    { 15, 24, 217, 0, 23, 90, 10487 }, // U+015B
    { 17, 29, 254, 0, 28, 124, 10577 }, // U+015C
    { 13, 24, 217, 0, 23, 78, 10701 }, // U+015D
    { 17, 29, 254, 0, 22, 124, 10779 }, // U+015E
    { 13, 23, 217, 0, 16, 75, 10903 }, // U+015F
    { 19, 29, 254, 0, 28, 138, 10978 }, // U+0160
    { 15, 24, 217, 0, 23, 90, 11116 }, // U+0161
    { 18, 28, 286, 2, 21, 126, 11206 }, // U+0162
    { 11, 27, 172, 0, 20, 75, 11332 }, // U+0163
    { 18, 28, 286, 2, 28, 126, 11407 }, // U+0164
    { 12, 24, 172, 2, 23, 72, 11533 }, // U+0165
    { 18, 21, 286, 2, 21, 95, 11605 }, // U+0166
    { 10, 21, 172, 1, 20, 53, 11700 }, // U+0167
    { 22, 28, 341, 2, 27, 154, 11753 }, // U+0168
    { 16, 23, 280, 1, 22, 92, 11907 }, // U+0169
    { 22, 26, 341, 2, 25, 143, 11999 }, // U+016A
    { 16, 21, 280, 1, 20, 84, 12142 }, // U+016B
    { 22, 28, 341, 2, 27, 154, 12226 }, // U+016C
    { 16, 23, 280, 1, 22, 92, 12380 }, // U+016D
    { 22, 30, 341, 2, 29, 165, 12472 }, // U+016E
    { 16, 25, 280, 1, 24, 100, 12637 }, // U+016F
    { 22, 29, 341, 2, 28, 160, 12737 }, // U+0170
    { 18, 24, 280, 1, 23, 108, 12897 }, // U+0171
    { 22, 28, 341, 2, 21, 154, 13005 }, // U+0172
    { 16, 23, 280, 1, 16, 92, 13159 }, // U+0173
    { 31, 28, 488, 2, 28, 217, 13251 }, // U+0174
    { 23, 24, 382, 1, 23, 138, 13468 }, // U+0175
    { 19, 28, 292, 2, 28, 133, 13606 }, // U+0176
    { 20, 30, 246, -5, 23, 150, 13739 }, // U+0177
    { 19, 27, 292, 2, 27, 129, 13889 }, // U+0178
    { 20, 28, 282, -1, 28, 140, 14018 }, // U+0179
    { 15, 23, 239, -1, 23, 87, 14158 }, // U+017A
    { 20, 28, 282, -1, 28, 140, 14245 }, // U+017B
    { 15, 23, 239, -1, 23, 87, 14385 }, // U+017C
    { 20, 28, 282, -1, 28, 140, 14472 }, // U+017D
    { 18, 23, 239, -1, 23, 104, 14612 }, // U+017E
    { 20, 30, 140, -5, 23, 150, 14716 }, // U+017F
    { 24, 24, 363, 1, 23, 144, 0 }, // U+01A0
    { 19, 20, 283, 1, 19, 95, 144 }, // U+01A1
    { 24, 24, 363, 2, 23, 144, 239 }, // U+01AF
    { 20, 20, 305, 1, 19, 100, 383 }, // U+01B0
    { 41, 28, 621, -1, 28, 287, 483 }, // U+01C4
    { 38, 23, 577, -1, 23, 219, 770 }, // U+01C5
    { 32, 24, 509, 1, 23, 192, 989 }, // U+01C6
    { 32, 28, 457, -1, 21, 224, 1181 }, // U+01C7
    { 28, 30, 427, -1, 23, 210, 1405 }, // U+01C8
    { 16, 30, 278, 2, 23, 120, 1615 }, // U+01C9
    { 36, 28, 523, -1, 21, 252, 1735 }, // U+01CA
    { 32, 30, 492, -1, 23, 240, 1987 }, // U+01CB
    { 25, 30, 415, 1, 23, 188, 2227 }, // U+01CC
    { 23, 28, 329, -2, 28, 161, 2415 }, // U+01CD
    { 17, 24, 270, 1, 23, 102, 2576 }, // U+01CE
    { 17, 28, 171, -1, 28, 119, 2678 }, // U+01CF
    { 13, 24, 142, 1, 23, 78, 2797 }, // U+01D0
    { 20, 29, 346, 1, 28, 145, 2875 }, // U+01D1
    { 17, 24, 268, 1, 23, 102, 3020 }, // U+01D2
    { 22, 29, 341, 2, 28, 160, 3122 }, // U+01D3
    { 17, 24, 280, 1, 23, 102, 3282 }, // U+01D4
    { 22, 31, 341, 2, 30, 171, 3384 }, // U+01D5
    { 16, 26, 280, 1, 25, 104, 3555 }, // U+01D6
    { 22, 32, 341, 2, 31, 176, 3659 }, // U+01D7
    { 16, 27, 280, 1, 26, 108, 3835 }, // U+01D8
    { 22, 32, 341, 2, 31, 176, 3943 }, // U+01D9
    { 16, 27, 280, 1, 26, 108, 4119 }, // U+01DA
    { 22, 32, 341, 2, 31, 176, 4227 }, // U+01DB
    { 16, 27, 280, 1, 26, 108, 4403 }, // U+01DC
    { 14, 17, 230, 0, 16, 60, 4511 }, // U+01DD
    { 22, 30, 329, -2, 30, 165, 4571 }, // U+01DE
    { 16, 26, 270, 1, 25, 104, 4736 }, // U+01DF
    { 22, 30, 329, -2, 30, 165, 4840 }, // U+01E0
    { 16, 26, 270, 1, 25, 104, 5005 }, // U+01E1
    { 31, 25, 444, -2, 25, 194, 5109 }, // U+01E2
    { 23, 21, 379, 1, 20, 121, 5303 }, // U+01E3
    { 20, 23, 333, 1, 22, 115, 5424 }, // U+01E4
    { 20, 25, 260, -2, 18, 125, 5539 }, // U+01E5
    { 21, 29, 333, 1, 28, 153, 5664 }, // U+01E6
    { 20, 30, 260, -2, 23, 150, 5817 }, // U+01E7
    { 24, 28, 327, -1, 28, 168, 5967 }, // U+01E8
    { 18, 30, 266, 1, 29, 135, 6135 }, // U+01E9
    { 20, 29, 346, 1, 22, 145, 6270 }, // U+01EA
    { 15, 23, 268, 1, 16, 87, 6415 }, // U+01EB
    { 20, 32, 346, 1, 25, 160, 6502 }, // U+01EC
    { 15, 27, 268, 1, 20, 102, 6662 }, // U+01ED
    { 19, 29, 281, 0, 28, 138, 6764 }, // U+01EE
    { 19, 30, 255, -2, 23, 143, 6902 }, // U+01EF
    { 19, 30, 136, -5, 23, 143, 7045 }, // U+01F0
    { 41, 21, 621, -1, 21, 216, 7188 }, // U+01F1
    { 36, 21, 577, -1, 21, 189, 7404 }, // U+01F2
    { 30, 24, 509, 1, 23, 180, 7593 }, // U+01F3
    { 20, 29, 333, 1, 28, 145, 7773 }, // U+01F4
    { 20, 30, 260, -2, 23, 150, 7918 }, // U+01F5
    { 33, 22, 485, -1, 21, 182, 8068 }, // U+01F6
    { 24, 29, 345, -3, 22, 174, 8250 }, // U+01F7
    { 26, 28, 356, -1, 28, 182, 8424 }, // U+01F8
    { 16, 24, 280, 1, 23, 96, 8606 }, // U+01F9
    { 22, 28, 329, -2, 28, 154, 8702 }, // U+01FA
    { 16, 30, 270, 1, 29, 120, 8856 }, // U+01FB
    { 31, 28, 444, -2, 28, 217, 8976 }, // U+01FC
    { 23, 24, 379, 1, 23, 138, 9193 }, // U+01FD
    { 20, 30, 346, 1, 28, 150, 9331 }, // U+01FE
    { 17, 25, 268, 0, 23, 107, 9481 }, // U+01FF
    { 22, 28, 329, -2, 28, 154, 9588 }, // U+0200
    { 16, 24, 270, 1, 23, 96, 9742 }, // U+0201
    { 22, 27, 329, -2, 27, 149, 9838 }, // U+0202
    { 16, 23, 270, 1, 22, 92, 9987 }, // U+0203
    { 20, 28, 291, -1, 28, 140, 10079 }, // U+0204
    { 13, 24, 230, 1, 23, 78, 10219 }, // U+0205
    { 20, 27, 291, -1, 27, 135, 10297 }, // U+0206
    { 14, 23, 230, 1, 22, 81, 10432 }, // U+0207
    { 14, 28, 171, -1, 28, 98, 10513 }, // U+0208
    { 12, 24, 142, -2, 23, 72, 10611 }, // U+0209
    { 15, 27, 171, -1, 27, 102, 10683 }, // U+020A
    { 11, 23, 142, 1, 22, 64, 10785 }, // U+020B
    { 20, 29, 346, 1, 28, 145, 10849 }, // U+020C
    { 15, 24, 268, 1, 23, 90, 10994 }, // U+020D
    { 20, 28, 346, 1, 27, 140, 11084 }, // U+020E
    { 15, 23, 268, 1, 22, 87, 11224 }, // U+020F
    { 20, 28, 310, -1, 28, 140, 11311 }, // U+0210
    { 13, 23, 218, 1, 23, 75, 11451 }, // U+0211
    { 20, 27, 310, -1, 27, 135, 11526 }, // U+0212
    { 13, 22, 218, 1, 22, 72, 11661 }, // U+0213
    { 22, 29, 341, 2, 28, 160, 11733 }, // U+0214
    { 16, 24, 280, 1, 23, 96, 11893 }, // U+0215
    { 22, 28, 341, 2, 27, 154, 11989 }, // U+0216
    { 16, 23, 280, 1, 22, 92, 12143 }, // U+0217
    { 17, 29, 254, 0, 22, 124, 12235 }, // U+0218
    { 13, 23, 217, 0, 16, 75, 12359 }, // U+0219
    { 18, 28, 286, 2, 21, 126, 12434 }, // U+021A
    { 11, 27, 172, 0, 20, 75, 12560 }, // U+021B
    { 18, 27, 281, -1, 22, 122, 12635 }, // U+021C
    { 16, 23, 219, -3, 16, 92, 12757 }, // U+021D
    { 26, 28, 370, -1, 28, 182, 12849 }, // U+021E
    { 18, 29, 280, 1, 28, 131, 13031 }, // U+021F
    { 6, 6, 0, -11, 23, 9, 0 }, // U+0300
    { 7, 6, 0, -7, 23, 11, 9 }, // U+0301
    { 10, 6, 0, -3, 23, 15, 20 }, // U+0302
    { 12, 5, 0, -13, 22, 15, 35 }, // U+0303
    { 10, 3, 0, -3, 20, 8, 50 }, // U+0304
    { 10, 3, 0, -2, 25, 8, 58 }, // U+0305
    { 10, 5, 0, -2, 22, 13, 66 }, // U+0306
    { 4, 5, 0, 1, 23, 5, 79 }, // U+0307
    { 9, 4, 0, -2, 22, 9, 84 }, // U+0308
    { 7, 7, 0, -10, 24, 13, 93 }, // U+0309
    { 8, 7, 0, -1, 24, 14, 106 }, // U+030A
    { 12, 6, 0, -2, 23, 18, 120 }, // U+030B
    { 10, 6, 0, 0, 23, 15, 138 }, // U+030C
    { 3, 6, 0, 1, 23, 5, 153 }, // U+030D
    { 8, 6, 0, -2, 23, 12, 158 }, // U+030E
    { 11, 6, 0, -12, 23, 17, 170 }, // U+030F
    { 9, 8, 0, -2, 25, 18, 187 }, // U+0310
    { 10, 5, 0, -3, 22, 13, 205 }, // U+0311
    { 6, 9, 0, -1, 21, 14, 218 }, // U+0312
    { 7, 9, 0, -2, 21, 16, 232 }, // U+0313
    { 5, 9, 0, 0, 21, 12, 248 }, // U+0314
    { 7, 9, 0, -2, 21, 16, 260 }, // U+0315
    { 6, 6, 0, -5, -1, 9, 276 }, // U+0316
    { 7, 6, 0, -6, -1, 11, 285 }, // U+0317
    { 7, 6, 0, -5, -1, 11, 296 }, // U+0318
    { 7, 6, 0, -6, -1, 11, 307 }, // U+0319
    { 8, 8, 146, 3, 23, 16, 318 }, // U+031A
    { 6, 8, 0, -2, 23, 12, 334 }, // U+031B
    { 5, 7, 0, -4, 0, 9, 346 }, // U+031C
    { 7, 5, 0, -6, -1, 9, 355 }, // U+031D
    { 7, 5, 0, -5, -1, 9, 364 }, // U+031E
    { 7, 6, 0, -6, -1, 11, 373 }, // U+031F
    { 7, 3, 0, -6, -2, 6, 384 }, // U+0320
    { 7, 8, 0, -6, 2, 14, 390 }, // U+0321
    { 6, 8, 0, -3, 2, 12, 404 }, // U+0322
    { 4, 5, 0, -13, -1, 5, 416 }, // U+0323
    { 10, 4, 0, -7, -2, 10, 421 }, // U+0324
    { 8, 7, 0, -6, -1, 14, 431 }, // U+0325
    { 6, 6, 0, -6, -1, 9, 445 }, // U+0326
    { 8, 8, 0, -5, 1, 16, 454 }, // U+0327
    { 8, 7, 0, -6, 0, 14, 470 }, // U+0328
    { 4, 6, 0, -4, 0, 6, 484 }, // U+0329
    { 13, 5, 0, -9, -2, 17, 490 }, // U+032A
    { 10, 5, 0, -7, -1, 13, 507 }, // U+032B
    { 10, 6, 0, -5, -1, 15, 520 }, // U+032C
    { 10, 6, 0, -8, -1, 15, 535 }, // U+032D
    { 9, 5, 0, -7, -2, 12, 550 }, // U+032E
    { 9, 5, 0, -7, -2, 12, 562 }, // U+032F
    { 12, 5, 0, -8, -1, 15, 574 }, // U+0330
    { 9, 3, 0, -7, -2, 7, 589 }, // U+0331
    { 14, 3, 0, -15, -2, 11, 596 }, // U+0332
    { 15, 6, 0, -16, -1, 23, 607 }, // U+0333
    { 12, 5, 0, -6, 11, 15, 630 }, // U+0334
    { 12, 3, 0, -6, 10, 9, 645 }, // U+0335
    { 19, 3, 0, -9, 10, 15, 654 }, // U+0336
    { 12, 8, 0, -6, 12, 24, 669 }, // U+0337
    { 17, 26, 0, -8, 23, 111, 693 }, // U+0338
    { 5, 7, 0, -5, 0, 9, 804 }, // U+0339
    { 13, 5, 0, -9, -2, 17, 813 }, // U+033A
    { 13, 6, 0, -9, -1, 20, 830 }, // U+033B
    { 10, 5, 0, -8, -1, 13, 850 }, // U+033C
    { 7, 6, 0, -1, 22, 11, 863 }, // U+033D
    { 6, 10, 0, 0, 26, 15, 874 }, // U+033E
    { 15, 6, 0, -4, 28, 23, 889 }, // U+033F
    { 6, 6, 0, -1, 23, 9, 912 }, // U+0340
    { 8, 6, 0, -1, 23, 12, 921 }, // U+0341
    { 13, 5, 0, -4, 22, 17, 933 }, // U+0342
    { 4, 7, 0, 1, 24, 7, 950 }, // U+0343
    { 13, 7, 0, -4, 23, 23, 957 }, // U+0344
    { 5, 5, 0, -1, -2, 7, 980 }, // U+0345
    { 13, 5, 0, -4, 22, 17, 987 }, // U+0346
    { 15, 6, 0, -10, -1, 23, 1004 }, // U+0347
    { 7, 6, 0, -6, 0, 11, 1027 }, // U+0348
    { 6, 5, 0, -5, -2, 8, 1038 }, // U+0349
    { 12, 7, 0, -4, 23, 21, 1046 }, // U+034A
    { 12, 11, 0, -3, 27, 33, 1067 }, // U+034B
    { 13, 8, 0, -4, 25, 26, 1100 }, // U+034C
    { 9, 6, 0, -7, -1, 14, 1126 }, // U+034D
    { 7, 7, 0, -6, 0, 13, 1140 }, // U+034E
    { 22, 21, 0, -11, 21, 116, 1153 }, // U+034F
    { 6, 7, 0, -1, 23, 11, 1269 }, // U+0350
    { 5, 7, 0, 0, 24, 9, 1280 }, // U+0351
    { 9, 8, 0, -2, 25, 18, 1289 }, // U+0352
    { 6, 6, 0, -5, -1, 9, 1307 }, // U+0353
    { 6, 6, 0, -5, -1, 9, 1316 }, // U+0354
    { 6, 6, 0, -5, -1, 9, 1325 }, // U+0355
    { 12, 6, 0, -8, -1, 18, 1334 }, // U+0356
    { 5, 7, 0, 0, 24, 9, 1352 }, // U+0357
    { 5, 5, 0, 4, 22, 7, 1361 }, // U+0358
    { 8, 8, 0, -4, 0, 16, 1368 }, // U+0359
    { 11, 6, 0, -8, -1, 17, 1384 }, // U+035A
    { 7, 6, 0, -1, 23, 11, 1401 }, // U+035B
    { 23, 6, 0, -13, 0, 35, 1412 }, // U+035C
    { 23, 6, 0, -8, 23, 35, 1447 }, // U+035D
    { 19, 3, 0, -7, 20, 15, 1482 }, // U+035E
    { 19, 3, 0, -12, -2, 15, 1497 }, // U+035F
    { 25, 5, 0, -10, 22, 32, 1512 }, // U+0360
    { 23, 6, 0, -9, 25, 35, 1544 }, // U+0361
    { 19, 6, 0, -12, -1, 29, 1579 }, // U+0362
    { 8, 8, 0, -1, 25, 16, 1608 }, // U+0363
    { 6, 8, 0, 0, 25, 12, 1624 }, // U+0364
    { 4, 10, 0, 1, 27, 10, 1636 }, // U+0365
    { 8, 8, 0, -1, 25, 16, 1646 }, // U+0366
    { 8, 8, 0, -1, 25, 16, 1662 }, // U+0367
    { 7, 8, 0, 0, 25, 14, 1678 }, // U+0368
    { 8, 10, 0, -1, 27, 20, 1692 }, // U+0369
    { 8, 10, 0, -1, 27, 20, 1712 }, // U+036A
    { 12, 8, 0, -3, 25, 24, 1732 }, // U+036B
    { 7, 7, 0, 0, 25, 13, 1756 }, // U+036C
    { 5, 9, 0, 1, 26, 12, 1769 }, // U+036D
    { 7, 8, 0, -1, 25, 14, 1781 }, // U+036E
    { 8, 7, 0, -1, 25, 14, 1795 }, // U+036F
    { 20, 28, 293, -1, 28, 140, 0 }, // U+0400
    { 20, 27, 293, -1, 27, 135, 140 }, // U+0401
    { 20, 21, 374, 2, 21, 105, 275 }, // U+0402
    { 20, 28, 263, -1, 28, 140, 380 }, // U+0403
    { 18, 23, 286, 1, 22, 104, 520 }, // U+0404
    { 16, 23, 257, 0, 22, 92, 624 }, // U+0405
    { 14, 21, 173, -1, 21, 74, 716 }, // U+0406
    { 15, 27, 173, -1, 27, 102, 790 }, // U+0407
    { 17, 28, 168, -4, 21, 119, 892 }, // U+0408
    { 29, 22, 450, -2, 21, 160, 1011 }, // U+0409
    { 30, 21, 475, -1, 21, 158, 1171 }, // U+040A
    { 21, 21, 398, 2, 21, 111, 1329 }, // U+040B
    { 23, 28, 329, -1, 28, 161, 1440 }, // U+040C
    { 27, 28, 377, -1, 28, 189, 1601 }, // U+040D
    { 20, 28, 303, 2, 27, 140, 1790 }, // U+040E
    { 26, 27, 367, -1, 21, 176, 1930 }, // U+040F
    { 22, 21, 329, -2, 21, 116, 2106 }, // U+0410
    { 19, 21, 294, -1, 21, 100, 2222 }, // U+0411
    { 19, 21, 306, -1, 21, 100, 2322 }, // U+0412
    { 20, 21, 263, -1, 21, 105, 2422 }, // U+0413
    { 27, 27, 346, -3, 21, 183, 2527 }, // U+0414
    { 20, 21, 293, -1, 21, 105, 2710 }, // U+0415
    { 34, 21, 457, -3, 21, 179, 2815 }, // U+0416
    { 17, 23, 278, 0, 22, 98, 2994 }, // U+0417
    { 27, 21, 377, -1, 21, 142, 3092 }, // U+0418
    { 27, 27, 377, -1, 27, 183, 3234 }, // U+0419
    { 23, 21, 329, -1, 21, 121, 3417 }, // U+041A
    { 25, 22, 342, -2, 21, 138, 3538 }, // U+041B
    { 31, 21, 446, -1, 21, 163, 3676 }, // U+041C
    { 26, 21, 372, -1, 21, 137, 3839 }, // U+041D
    { 20, 23, 345, 1, 22, 115, 3976 }, // U+041E
    { 26, 21, 367, -1, 21, 137, 4091 }, // U+041F
    { 19, 21, 285, -1, 21, 100, 4228 }, // U+0420
    { 18, 23, 286, 1, 22, 104, 4328 }, // U+0421
    { 18, 21, 291, 2, 21, 95, 4432 }, // U+0422
    { 20, 22, 303, 2, 21, 110, 4527 }, // U+0423
    { 24, 23, 401, 1, 22, 138, 4637 }, // U+0424
    { 24, 21, 310, -2, 21, 126, 4775 }, // U+0425
    { 26, 27, 367, -1, 21, 176, 4901 }, // U+0426
    { 21, 21, 353, 3, 21, 111, 5077 }, // U+0427
    { 34, 21, 501, -1, 21, 179, 5188 }, // U+0428
    { 34, 27, 501, -1, 21, 230, 5367 }, // U+0429
    { 18, 21, 335, 2, 21, 95, 5597 }, // U+042A
    { 30, 21, 427, -1, 21, 158, 5692 }, // U+042B
    { 18, 21, 289, -1, 21, 95, 5850 }, // U+042C
    { 18, 23, 293, 0, 22, 104, 5945 }, // U+042D
    { 30, 23, 476, -1, 22, 173, 6049 }, // U+042E
    { 23, 21, 302, -2, 21, 121, 6222 }, // U+042F
    { 17, 17, 266, 0, 16, 73, 6343 }, // U+0430
    { 17, 24, 271, 1, 23, 102, 6416 }, // U+0431
    { 14, 17, 247, 1, 16, 60, 6518 }, // U+0432
    { 13, 17, 211, 0, 16, 56, 6578 }, // U+0433
    { 15, 24, 268, 1, 23, 90, 6634 }, // U+0434
    { 13, 17, 230, 1, 16, 56, 6724 }, // U+0435
    { 29, 17, 429, -1, 16, 124, 6780 }, // U+0436
    { 13, 17, 224, 0, 16, 56, 6904 }, // U+0437
    { 16, 17, 277, 1, 16, 68, 6960 }, // U+0438
    { 16, 23, 277, 1, 22, 92, 7028 }, // U+0439
    { 17, 16, 271, 1, 16, 68, 7120 }, // U+043A
    { 19, 17, 275, -2, 16, 81, 7188 }, // U+043B
    { 26, 17, 383, -2, 16, 111, 7269 }, // U+043C
    { 16, 17, 278, 1, 16, 68, 7380 }, // U+043D
    { 15, 17, 268, 1, 16, 64, 7448 }, // U+043E
    { 16, 17, 279, 1, 16, 68, 7512 }, // U+043F
    { 17, 23, 266, -1, 16, 98, 7580 }, // U+0440
    { 14, 17, 228, 1, 16, 60, 7678 }, // U+0441
    { 25, 17, 418, 1, 16, 107, 7738 }, // U+0442
    { 18, 24, 253, -2, 16, 108, 7845 }, // U+0443
    { 21, 31, 356, 1, 23, 163, 7953 }, // U+0444
    { 18, 16, 248, -2, 16, 72, 8116 }, // U+0445
    { 16, 23, 277, 1, 16, 92, 8188 }, // U+0446
    { 16, 17, 262, 0, 16, 68, 8280 }, // U+0447
    { 25, 17, 415, 1, 16, 107, 8348 }, // U+0448
    { 25, 23, 415, 1, 16, 144, 8455 }, // U+0449
    { 14, 17, 243, 0, 16, 60, 8599 }, // U+044A
    { 21, 17, 357, 1, 16, 90, 8659 }, // U+044B
    { 13, 17, 245, 1, 16, 56, 8749 }, // U+044C
    { 14, 17, 233, 0, 16, 60, 8805 }, // U+044D
    { 22, 17, 373, 1, 16, 94, 8865 }, // U+044E
    { 18, 17, 266, -1, 16, 77, 8959 }, // U+044F
    { 13, 24, 230, 1, 23, 78, 9036 }, // U+0450
    { 14, 23, 230, 1, 22, 81, 9114 }, // U+0451
    { 15, 30, 261, 1, 23, 113, 9195 }, // U+0452
    { 14, 24, 211, 0, 23, 84, 9308 }, // U+0453
    { 14, 17, 228, 1, 16, 60, 9392 }, // U+0454
    { 13, 17, 211, 0, 16, 56, 9452 }, // U+0455
    { 8, 24, 138, 1, 23, 48, 9508 }, // U+0456
    { 10, 24, 138, 1, 23, 60, 9556 }, // U+0457
    { 13, 30, 132, -4, 23, 98, 9616 }, // U+0458
    { 25, 17, 378, -2, 16, 107, 9714 }, // U+0459
    { 22, 17, 380, 1, 16, 94, 9821 }, // U+045A
    { 16, 24, 279, 1, 23, 96, 9915 }, // U+045B
    { 17, 23, 271, 1, 23, 98, 10011 }, // U+045C
    { 16, 24, 277, 1, 23, 96, 10109 }, // U+045D
    { 18, 30, 253, -2, 22, 135, 10205 }, // U+045E
    { 16, 23, 277, 1, 16, 92, 10340 }, // U+045F
    { 27, 22, 449, 1, 22, 149, 10432 }, // U+0460
    { 23, 16, 373, 0, 16, 92, 10581 }, // U+0461
    { 18, 21, 286, -1, 21, 95, 10673 }, // U+0462
    { 22, 17, 375, 1, 16, 94, 10768 }, // U+0463
    { 29, 23, 425, -1, 22, 167, 10862 }, // U+0464
    { 22, 17, 358, 1, 16, 94, 11029 }, // U+0465
    { 21, 21, 323, -2, 21, 111, 11123 }, // U+0466
    { 18, 16, 269, -2, 16, 72, 11234 }, // U+0467
    { 30, 21, 484, -1, 21, 158, 11306 }, // U+0468
    { 22, 16, 374, 1, 16, 88, 11464 }, // U+0469
    { 25, 21, 367, -2, 21, 132, 11552 }, // U+046A
    { 22, 16, 328, -2, 16, 88, 11684 }, // U+046B
    { 34, 21, 529, -1, 21, 179, 11772 }, // U+046C
    { 25, 16, 424, 1, 16, 100, 11951 }, // U+046D
    { 18, 32, 281, -1, 25, 144, 12051 }, // U+046E
    { 16, 26, 222, -2, 20, 104, 12195 }, // U+046F
    { 25, 21, 386, 3, 21, 132, 12299 }, // U+0470
    { 19, 30, 330, 1, 23, 143, 12431 }, // U+0471
    { 20, 23, 346, 1, 22, 115, 12574 }, // U+0472
    { 15, 17, 268, 1, 16, 64, 12689 }, // U+0473
    { 21, 21, 324, 2, 21, 111, 12753 }, // U+0474
    { 19, 17, 274, 0, 16, 81, 12864 }, // U+0475
    { 21, 28, 324, 2, 28, 147, 12945 }, // U+0476
    { 19, 24, 274, 0, 23, 114, 13092 }, // U+0477
    { 33, 29, 553, 1, 22, 240, 13206 }, // U+0478
    { 28, 23, 467, 1, 16, 161, 13446 }, // U+0479
    { 21, 25, 365, 1, 23, 132, 13607 }, // U+047A
    { 17, 20, 296, 1, 18, 85, 13739 }, // U+047B
    { 27, 31, 458, 1, 30, 210, 13824 }, // U+047C
    { 21, 27, 368, 1, 26, 142, 14034 }, // U+047D
    { 27, 26, 449, 1, 26, 176, 14176 }, // U+047E
    { 23, 21, 373, 0, 21, 121, 14352 }, // U+047F
    { 18, 29, 293, 1, 22, 131, 14473 }, // U+0480
    { 14, 23, 227, 1, 16, 81, 14604 }, // U+0481
    { 16, 20, 284, 1, 19, 80, 14685 }, // U+0482
    { 12, 5, 0, -4, 21, 15, 14765 }, // U+0483
    { 12, 5, 0, -4, 22, 15, 14780 }, // U+0484
    { 4, 6, 0, 1, 23, 6, 14795 }, // U+0485
    { 5, 6, 0, 0, 23, 8, 14801 }, // U+0486
    { 12, 4, 0, -3, 26, 12, 14809 }, // U+0487
    { 36, 34, 0, -18, 25, 306, 14821 }, // U+0488
    { 36, 36, 0, -18, 26, 324, 15127 }, // U+0489
    { 26, 35, 375, -1, 28, 228, 15451 }, // U+048A
    { 16, 30, 280, 1, 23, 120, 15679 }, // U+048B
    { 18, 23, 286, -1, 23, 104, 15799 }, // U+048C
    { 14, 20, 246, 1, 19, 70, 15903 }, // U+048D
    { 19, 21, 289, -1, 21, 100, 15973 }, // U+048E
    { 17, 23, 269, -1, 16, 98, 16073 }, // U+048F
    { 20, 25, 254, -1, 25, 125, 16171 }, // U+0490
    { 13, 19, 208, 1, 19, 62, 16296 }, // U+0491
    { 20, 21, 262, -1, 21, 105, 16358 }, // U+0492
    { 14, 16, 214, 0, 16, 56, 16463 }, // U+0493
    { 20, 29, 307, -1, 21, 145, 16519 }, // U+0494
    { 14, 23, 242, 0, 16, 81, 16664 }, // U+0495
    { 32, 28, 479, -2, 21, 224, 16745 }, // U+0496
    { 30, 23, 471, 0, 16, 173, 16969 }, // U+0497
    { 17, 29, 281, 0, 22, 124, 17142 }, // U+0498
    { 14, 23, 222, 0, 16, 81, 17266 }, // U+0499
    { 23, 28, 346, -1, 21, 161, 17347 }, // U+049A
    { 17, 23, 282, 1, 16, 98, 17508 }, // U+049B
    { 24, 21, 341, -1, 21, 126, 17606 }, // U+049C
    { 18, 16, 296, 1, 16, 72, 17732 }, // U+049D
    { 23, 21, 327, -1, 21, 121, 17804 }, // U+049E
    { 17, 24, 282, 1, 23, 102, 17925 }, // U+049F
    { 24, 21, 366, 1, 21, 126, 18027 }, // U+04A0
    { 20, 16, 330, 1, 16, 80, 18153 }, // U+04A1
    { 26, 28, 370, -1, 21, 182, 18233 }, // U+04A2
    { 17, 23, 294, 1, 16, 98, 18415 }, // U+04A3
    { 29, 21, 410, -1, 21, 153, 18513 }, // U+04A4
    { 22, 17, 352, 1, 16, 94, 18666 }, // U+04A5
    { 30, 29, 492, -1, 21, 218, 18760 }, // U+04A6
    { 23, 23, 400, 1, 16, 133, 18978 }, // U+04A7
    { 20, 24, 341, 1, 22, 120, 19111 }, // U+04A8
    { 16, 17, 285, 1, 16, 68, 19231 }, // U+04A9
    { 18, 29, 293, 1, 22, 131, 19299 }, // U+04AA
    { 14, 23, 227, 1, 16, 81, 19430 }, // U+04AB
    { 18, 28, 286, 2, 21, 126, 19511 }, // U+04AC
    { 25, 23, 418, 1, 16, 144, 19637 }, // U+04AD
    { 19, 21, 292, 2, 21, 100, 19781 }, // U+04AE
    { 15, 23, 257, 1, 16, 87, 19881 }, // U+04AF
    { 19, 21, 292, 2, 21, 100, 19968 }, // U+04B0
    { 15, 23, 257, 1, 16, 87, 20068 }, // U+04B1
    { 24, 28, 308, -2, 21, 168, 20155 }, // U+04B2
    { 18, 23, 255, -1, 16, 104, 20323 }, // U+04B3
    { 26, 28, 416, 2, 21, 182, 20427 }, // U+04B4
    { 21, 23, 344, 0, 16, 121, 20609 }, // U+04B5
    { 22, 28, 353, 2, 21, 154, 20730 }, // U+04B6
    { 17, 23, 284, 1, 16, 98, 20884 }, // U+04B7
    { 21, 21, 353, 3, 21, 111, 20982 }, // U+04B8
    { 16, 17, 262, 0, 16, 68, 21093 }, // U+04B9
    { 22, 21, 353, -1, 21, 116, 21161 }, // U+04BA
    { 16, 24, 280, 1, 23, 96, 21277 }, // U+04BB
    { 22, 23, 372, 1, 22, 127, 21373 }, // U+04BC
    { 17, 17, 280, 0, 16, 73, 21500 }, // U+04BD
    { 22, 29, 372, 1, 22, 160, 21573 }, // U+04BE
    { 17, 23, 280, 0, 16, 98, 21733 }, // U+04BF
    { 14, 21, 171, -1, 21, 74, 21831 }, // U+04C0
    { 34, 27, 457, -3, 27, 230, 21905 }, // U+04C1
    { 29, 23, 429, -1, 22, 167, 22135 }, // U+04C2
    { 23, 29, 324, -1, 21, 167, 22302 }, // U+04C3
    { 17, 23, 286, 1, 16, 98, 22469 }, // U+04C4
    { 25, 28, 328, -2, 21, 175, 22567 }, // U+04C5
    { 19, 23, 300, 0, 16, 110, 22742 }, // U+04C6
    { 26, 28, 368, -1, 21, 182, 22852 }, // U+04C7
    { 17, 23, 288, 0, 16, 98, 23034 }, // U+04C8
    { 26, 28, 370, -1, 21, 182, 23132 }, // U+04C9
    { 17, 23, 294, 1, 16, 98, 23314 }, // U+04CA
    { 22, 28, 353, 2, 21, 154, 23412 }, // U+04CB
    { 16, 23, 284, 1, 16, 92, 23566 }, // U+04CC
    { 30, 28, 438, -1, 21, 210, 23658 }, // U+04CD
    { 26, 23, 420, 0, 16, 150, 23868 }, // U+04CE
    { 14, 21, 171, -1, 21, 74, 24018 }, // U+04CF
    { 22, 27, 329, -2, 27, 149, 24092 }, // U+04D0
    { 16, 23, 270, 1, 22, 92, 24241 }, // U+04D1
    { 22, 27, 329, -2, 27, 149, 24333 }, // U+04D2
    { 16, 23, 270, 1, 22, 92, 24482 }, // U+04D3
    { 31, 21, 444, -2, 21, 163, 24574 }, // U+04D4
    { 23, 17, 379, 1, 16, 98, 24737 }, // U+04D5
    { 20, 27, 291, -1, 27, 135, 24835 }, // U+04D6
    { 13, 23, 230, 1, 22, 75, 24970 }, // U+04D7
    { 19, 23, 312, 0, 22, 110, 25045 }, // U+04D8
    { 14, 17, 230, 0, 16, 60, 25155 }, // U+04D9
    { 19, 28, 312, 0, 27, 133, 25215 }, // U+04DA
    { 14, 23, 230, 0, 22, 81, 25348 }, // U+04DB
    { 34, 27, 457, -3, 27, 230, 25429 }, // U+04DC
    { 29, 23, 429, -1, 22, 167, 25659 }, // U+04DD
    { 17, 28, 278, 0, 27, 119, 25826 }, // U+04DE
    { 13, 23, 224, 0, 22, 75, 25945 }, // U+04DF
    { 18, 22, 281, 0, 21, 99, 26020 }, // U+04E0
    { 17, 23, 255, -2, 16, 98, 26119 }, // U+04E1
    { 27, 25, 377, -1, 25, 169, 26217 }, // U+04E2
    { 16, 21, 280, 1, 20, 84, 26386 }, // U+04E3
    { 27, 27, 377, -1, 27, 183, 26470 }, // U+04E4
    { 16, 23, 280, 1, 22, 92, 26653 }, // U+04E5
    { 20, 28, 346, 1, 27, 140, 26745 }, // U+04E6
    { 15, 23, 268, 1, 22, 87, 26885 }, // U+04E7
    { 20, 23, 346, 1, 22, 115, 26972 }, // U+04E8
    { 15, 17, 268, 1, 16, 64, 27087 }, // U+04E9
    { 20, 28, 346, 1, 27, 140, 27151 }, // U+04EA
    { 15, 23, 268, 1, 22, 87, 27291 }, // U+04EB
    { 18, 28, 293, 0, 27, 126, 27378 }, // U+04EC
    { 14, 23, 233, 0, 22, 81, 27504 }, // U+04ED
    { 20, 26, 303, 2, 25, 130, 27585 }, // U+04EE
    { 20, 27, 246, -5, 20, 135, 27715 }, // U+04EF
    { 20, 28, 303, 2, 27, 140, 27850 }, // U+04F0
    { 20, 29, 246, -5, 22, 145, 27990 }, // U+04F1
    { 20, 29, 303, 2, 28, 145, 28135 }, // U+04F2
    { 22, 30, 246, -5, 23, 165, 28280 }, // U+04F3
    { 21, 27, 353, 3, 27, 142, 28445 }, // U+04F4
    { 16, 23, 262, 0, 22, 92, 28587 }, // U+04F5
    { 20, 28, 262, -1, 21, 140, 28679 }, // U+04F6
    { 14, 23, 214, 0, 16, 81, 28819 }, // U+04F7
    { 30, 27, 427, -1, 27, 203, 28900 }, // U+04F8
    { 21, 23, 357, 1, 22, 121, 29103 }, // U+04F9
    { 20, 27, 262, -1, 21, 135, 29224 }, // U+04FA
    { 14, 22, 214, 0, 16, 77, 29359 }, // U+04FB
    { 24, 27, 308, -2, 21, 162, 29436 }, // U+04FC
    { 18, 22, 255, -1, 16, 99, 29598 }, // U+04FD
    { 24, 21, 308, -2, 21, 126, 29697 }, // U+04FE
    { 18, 16, 255, -1, 16, 72, 29823 }, // U+04FF
    { 22, 27, 329, -2, 21, 149, 0 }, // U+1EA0
    { 16, 22, 270, 1, 16, 88, 149 }, // U+1EA1
    { 22, 29, 329, -2, 29, 160, 237 }, // U+1EA2
    { 16, 25, 270, 1, 24, 100, 397 }, // U+1EA3
    { 24, 29, 329, -2, 29, 174, 497 }, // U+1EA4
    { 19, 25, 270, 1, 24, 119, 671 }, // U+1EA5
    { 22, 29, 329, -2, 29, 160, 790 }, // U+1EA6
    { 16, 25, 270, 1, 24, 100, 950 }, // U+1EA7
    { 23, 30, 329, -2, 30, 173, 1050 }, // U+1EA8
    { 17, 27, 270, 1, 26, 115, 1223 }, // U+1EA9
    { 22, 31, 329, -2, 31, 171, 1338 }, // U+1EAA
    { 16, 27, 270, 1, 26, 108, 1509 }, // U+1EAB
    { 22, 34, 329, -2, 28, 187, 1617 }, // U+1EAC
    { 16, 29, 270, 1, 23, 116, 1804 }, // U+1EAD
    { 22, 30, 329, -2, 30, 165, 1920 }, // U+1EAE
    { 16, 26, 270, 1, 25, 104, 2085 }, // U+1EAF
    { 22, 30, 329, -2, 30, 165, 2189 }, // U+1EB0
    { 16, 26, 270, 1, 25, 104, 2354 }, // U+1EB1
    { 22, 31, 329, -2, 31, 171, 2458 }, // U+1EB2
    { 16, 27, 270, 1, 26, 108, 2629 }, // U+1EB3
    { 22, 31, 329, -2, 31, 171, 2737 }, // U+1EB4
    { 16, 27, 270, 1, 26, 108, 2908 }, // U+1EB5
    { 22, 33, 329, -2, 27, 182, 3016 }, // U+1EB6
    { 16, 28, 270, 1, 22, 112, 3198 }, // U+1EB7
    { 20, 27, 291, -1, 21, 135, 3310 }, // U+1EB8
    { 13, 22, 230, 1, 16, 72, 3445 }, // U+1EB9
    { 20, 29, 291, -1, 29, 145, 3517 }, // U+1EBA
    { 13, 25, 230, 1, 24, 82, 3662 }, // U+1EBB
    { 20, 27, 291, -1, 27, 135, 3744 }, // U+1EBC
    { 15, 23, 230, 1, 22, 87, 3879 }, // U+1EBD
    { 23, 29, 291, -1, 29, 167, 3966 }, // U+1EBE
    { 18, 25, 230, 1, 24, 113, 4133 }, // U+1EBF
    { 20, 29, 291, -1, 29, 145, 4246 }, // U+1EC0
    { 14, 25, 230, 1, 24, 88, 4391 }, // U+1EC1
    { 21, 30, 291, -1, 30, 158, 4479 }, // U+1EC2
    { 17, 27, 230, 1, 26, 115, 4637 }, // U+1EC3
    { 20, 31, 291, -1, 31, 155, 4752 }, // U+1EC4
    { 15, 27, 230, 1, 26, 102, 4907 }, // U+1EC5
    { 20, 34, 291, -1, 28, 170, 5009 }, // U+1EC6
    { 14, 29, 230, 1, 23, 102, 5179 }, // U+1EC7
    { 14, 29, 171, -1, 29, 102, 5281 }, // U+1EC8
    { 10, 25, 142, 1, 24, 63, 5383 }, // U+1EC9
    { 14, 27, 171, -1, 21, 95, 5446 }, // U+1ECA
    { 9, 29, 142, 0, 23, 66, 5541 }, // U+1ECB
    { 20, 28, 346, 1, 22, 140, 5607 }, // U+1ECC
    { 15, 22, 268, 1, 16, 83, 5747 }, // U+1ECD
    { 20, 30, 346, 1, 29, 150, 5830 }, // U+1ECE
    { 15, 25, 268, 1, 24, 94, 5980 }, // U+1ECF
    { 22, 30, 346, 1, 29, 165, 6074 }, // U+1ED0
    { 18, 25, 268, 1, 24, 113, 6239 }, // U+1ED1
    { 20, 30, 346, 1, 29, 150, 6352 }, // U+1ED2
    { 15, 25, 268, 1, 24, 94, 6502 }, // U+1ED3
    { 20, 31, 346, 1, 30, 155, 6596 }, // U+1ED4
    { 17, 27, 268, 1, 26, 115, 6751 }, // U+1ED5
    { 20, 32, 346, 1, 31, 160, 6866 }, // U+1ED6
    { 16, 27, 268, 1, 26, 108, 7026 }, // U+1ED7
    { 20, 34, 346, 1, 28, 170, 7134 }, // U+1ED8
    { 15, 29, 268, 1, 23, 109, 7304 }, // U+1ED9
    { 24, 29, 363, 1, 28, 174, 7413 }, // U+1EDA
    { 19, 24, 283, 1, 23, 114, 7587 }, // U+1EDB
    { 24, 29, 363, 1, 28, 174, 7701 }, // U+1EDC
    { 19, 24, 283, 1, 23, 114, 7875 }, // U+1EDD
    { 24, 30, 363, 1, 29, 180, 7989 }, // U+1EDE
    { 19, 25, 283, 1, 24, 119, 8169 }, // U+1EDF
    { 24, 28, 363, 1, 27, 168, 8288 }, // U+1EE0
    { 19, 23, 283, 1, 22, 110, 8456 }, // U+1EE1
    { 24, 29, 363, 1, 23, 174, 8566 }, // U+1EE2
    { 19, 25, 283, 1, 19, 119, 8740 }, // U+1EE3
    { 22, 27, 341, 2, 21, 149, 8859 }, // U+1EE4
    { 16, 22, 280, 1, 16, 88, 9008 }, // U+1EE5
    { 22, 30, 341, 2, 29, 165, 9096 }, // U+1EE6
    { 16, 25, 280, 1, 24, 100, 9261 }, // U+1EE7
    { 24, 29, 363, 2, 28, 174, 9361 }, // U+1EE8
    { 20, 24, 305, 1, 23, 120, 9535 }, // U+1EE9
    { 24, 29, 363, 2, 28, 174, 9655 }, // U+1EEA
    { 20, 24, 305, 1, 23, 120, 9829 }, // U+1EEB
    { 24, 30, 363, 2, 29, 180, 9949 }, // U+1EEC
    { 20, 25, 305, 1, 24, 125, 10129 }, // U+1EED
    { 24, 28, 363, 2, 27, 168, 10254 }, // U+1EEE
    { 20, 23, 305, 1, 22, 115, 10422 }, // U+1EEF
    { 24, 29, 363, 2, 23, 174, 10537 }, // U+1EF0
    { 20, 25, 305, 1, 19, 125, 10711 }, // U+1EF1
    { 19, 28, 292, 2, 28, 133, 10836 }, // U+1EF2
    { 20, 30, 246, -5, 23, 150, 10969 }, // U+1EF3
    { 19, 27, 292, 2, 21, 129, 11119 }, // U+1EF4
    { 20, 23, 246, -5, 16, 115, 11248 }, // U+1EF5
    { 19, 29, 292, 2, 29, 138, 11363 }, // U+1EF6
    { 20, 31, 246, -5, 24, 155, 11501 }, // U+1EF7
    { 19, 27, 292, 2, 27, 129, 11656 }, // U+1EF8
    { 20, 29, 246, -5, 22, 145, 11785 }, // U+1EF9
    { 0, 0, 233, 0, 0, 0, 0 }, // U+2000
    { 0, 0, 467, 0, 0, 0, 0 }, // U+2001
    { 0, 0, 233, 0, 0, 0, 0 }, // U+2002
    { 0, 0, 467, 0, 0, 0, 0 }, // U+2003
    { 0, 0, 155, 0, 0, 0, 0 }, // U+2004
    { 0, 0, 117, 0, 0, 0, 0 }, // U+2005
    { 0, 0, 78, 0, 0, 0, 0 }, // U+2006
    { 0, 0, 261, 0, 0, 0, 0 }, // U+2007
    { 0, 0, 117, 0, 0, 0, 0 }, // U+2008
    { 0, 0, 77, 0, 0, 0, 0 }, // U+2009
    { 0, 0, 47, 0, 0, 0, 0 }, // U+200A
    { 0, 0, 0, 0, 0, 0, 0 }, // U+200B
    { 2, 23, 0, -1, 19, 12, 0 }, // U+200C
    { 8, 25, 0, -4, 21, 50, 12 }, // U+200D
    { 8, 25, 0, -1, 21, 50, 62 }, // U+200E
    { 8, 25, 0, -7, 21, 50, 112 }, // U+200F
    { 9, 4, 145, 0, 10, 9, 162 }, // U+2010
    { 9, 4, 145, 0, 10, 9, 171 }, // U+2011
    { 15, 3, 261, 1, 12, 12, 180 }, // U+2012
    { 16, 3, 233, -1, 9, 12, 192 }, // U+2013
    { 31, 3, 467, -1, 9, 24, 204 }, // U+2014
    { 31, 3, 467, -1, 9, 24, 228 }, // U+2015
    { 8, 30, 261, 5, 23, 60, 252 }, // U+2016
    { 14, 6, 192, -3, 0, 21, 312 }, // U+2017
    { 6, 9, 117, 3, 21, 14, 333 }, // U+2018
    { 6, 9, 117, 2, 21, 14, 347 }, // U+2019
    { 6, 9, 117, -1, 4, 14, 361 }, // U+201A
    { 6, 9, 117, 3, 21, 14, 375 }, // U+201B
    { 12, 9, 210, 3, 21, 27, 389 }, // U+201C
    { 12, 9, 210, 2, 21, 27, 416 }, // U+201D
    { 12, 9, 210, -1, 4, 27, 443 }, // U+201E
    { 11, 9, 210, 3, 21, 25, 470 }, // U+201F
    { 12, 27, 209, 2, 23, 81, 495 }, // U+2020
    { 16, 27, 209, -1, 23, 108, 576 }, // U+2021
    { 9, 9, 169, 1, 15, 21, 684 }, // U+2022
    { 10, 10, 233, 4, 15, 25, 705 }, // U+2023
    { 5, 5, 133, 2, 13, 7, 730 }, // U+2024
    { 13, 5, 250, 2, 13, 17, 737 }, // U+2025
    { 21, 5, 400, 1, 4, 27, 754 }, // U+2026
    { 5, 5, 117, 1, 10, 7, 781 }, // U+2027
    { 0, 0, 280, 0, 0, 0, 788 }, // U+2028
    { 0, 0, 280, 0, 0, 0, 788 }, // U+2029
    { 8, 22, 0, -1, 18, 44, 788 }, // U+202A
    { 8, 22, 0, -7, 18, 44, 832 }, // U+202B
    { 8, 25, 0, -4, 21, 50, 876 }, // U+202C
    { 8, 25, 0, -4, 21, 50, 926 }, // U+202D
    { 8, 25, 0, -4, 21, 50, 976 }, // U+202E
    { 0, 0, 77, 0, 0, 0, 1026 }, // U+202F
    { 36, 23, 599, 1, 22, 207, 1026 }, // U+2030
    { 47, 23, 780, 1, 22, 271, 1233 }, // U+2031
    { 5, 8, 103, 3, 21, 10, 1504 }, // U+2032
    { 11, 8, 190, 3, 21, 22, 1514 }, // U+2033
    { 16, 8, 278, 3, 21, 32, 1536 }, // U+2034
    { 5, 8, 103, 3, 21, 10, 1568 }, // U+2035
    { 10, 8, 190, 3, 21, 20, 1578 }, // U+2036
    { 16, 8, 278, 3, 21, 32, 1598 }, // U+2037
    { 10, 9, 187, -1, 2, 23, 1630 }, // U+2038
    { 8, 12, 155, 1, 14, 24, 1653 }, // U+2039
    { 8, 12, 155, 0, 14, 24, 1677 }, // U+203A
    { 22, 21, 382, 1, 21, 116, 1701 }, // U+203B
    { 15, 22, 261, 1, 21, 83, 1817 }, // U+203C
    { 13, 23, 233, 3, 22, 75, 1900 }, // U+203D
    { 15, 2, 214, 2, 24, 8, 1975 }, // U+203E
    { 23, 6, 0, -22, 0, 35, 1983 }, // U+203F
    { 23, 6, 0, -17, 25, 35, 2018 }, // U+2040
    { 14, 21, 210, -2, 21, 74, 2053 }, // U+2041
    { 28, 24, 467, 0, 23, 168, 2127 }, // U+2042
    { 9, 5, 169, 1, 13, 12, 2295 }, // U+2043
    { 18, 21, 29, -8, 21, 95, 2307 }, // U+2044
    { 13, 27, 168, 0, 23, 88, 2402 }, // U+2045
    { 13, 27, 168, -2, 23, 88, 2490 }, // U+2046
    { 27, 23, 456, 3, 22, 156, 2578 }, // U+2047
    { 20, 23, 367, 3, 22, 115, 2734 }, // U+2048
    { 23, 23, 364, 1, 22, 133, 2849 }, // U+2049
    { 14, 23, 261, 1, 17, 81, 2982 }, // U+204A
    { 17, 27, 288, 2, 23, 115, 3063 }, // U+204B
    { 16, 11, 279, 1, 16, 44, 3178 }, // U+204C
    { 16, 11, 279, 1, 16, 44, 3222 }, // U+204D
    { 13, 13, 233, 1, 17, 43, 3266 }, // U+204E
    { 6, 21, 133, 1, 16, 32, 3309 }, // U+204F
    { 19, 23, 341, 2, 22, 110, 3341 }, // U+2050
    { 16, 25, 233, 0, 23, 100, 3451 }, // U+2051
    { 10, 22, 154, 0, 21, 55, 3551 }, // U+2052
    { 14, 6, 261, 1, 13, 21, 3606 }, // U+2053
    { 23, 7, 0, -6, 0, 41, 3627 }, // U+2054
    { 13, 14, 252, 2, 17, 46, 3668 }, // U+2055
    { 14, 17, 287, 1, 16, 60, 3714 }, // U+2056
    { 22, 8, 366, 3, 21, 44, 3774 }, // U+2057
    { 17, 17, 331, 1, 16, 73, 3818 }, // U+2058
    { 17, 17, 331, 1, 16, 73, 3891 }, // U+2059
    { 5, 23, 134, 2, 22, 29, 3964 }, // U+205A
    { 17, 23, 331, 2, 22, 98, 3993 }, // U+205B
    { 17, 16, 325, 1, 16, 68, 4091 }, // U+205C
    { 5, 23, 134, 2, 22, 29, 4159 }, // U+205D
    { 5, 23, 134, 2, 22, 29, 4188 }, // U+205E
    { 0, 0, 104, 0, 0, 0, 4217 }, // U+205F
    { 0, 0, 280, 0, 0, 0, 4217 }, // U+2060
    { 0, 0, 280, 0, 0, 0, 4217 }, // U+2061
    { 0, 0, 280, 0, 0, 0, 4217 }, // U+2062
    { 0, 0, 280, 0, 0, 0, 4217 }, // U+2063
    { 0, 0, 280, 0, 0, 0, 4217 }, // U+2064
    { 0, 0, 280, 0, 0, 0, 4217 }, // U+2066
    { 0, 0, 280, 0, 0, 0, 4217 }, // U+2067
    { 0, 0, 280, 0, 0, 0, 4217 }, // U+2068
    { 0, 0, 280, 0, 0, 0, 4217 }, // U+2069
    { 8, 25, 0, -4, 21, 50, 4217 }, // U+206A
    { 8, 25, 0, -4, 21, 50, 4267 }, // U+206B
    { 8, 25, 0, -4, 21, 50, 4317 }, // U+206C
    { 8, 25, 0, -4, 21, 50, 4367 }, // U+206D
    { 8, 25, 0, -4, 21, 50, 4417 }, // U+206E
    { 8, 25, 0, -4, 21, 50, 4467 }, // U+206F
    { 11, 13, 187, 2, 24, 36, 0 }, // U+2070
    { 6, 14, 92, 2, 22, 21, 36 }, // U+2071
    { 12, 13, 187, 1, 24, 39, 57 }, // U+2074
    { 11, 13, 187, 2, 24, 36, 96 }, // U+2075
    { 11, 13, 187, 2, 24, 36, 132 }, // U+2076
    { 11, 13, 187, 3, 24, 36, 168 }, // U+2077
    { 11, 14, 187, 2, 25, 39, 204 }, // U+2078
    { 11, 13, 187, 2, 24, 36, 243 }, // U+2079
    { 10, 10, 183, 2, 22, 25, 279 }, // U+207A
    { 10, 2, 183, 2, 18, 5, 304 }, // U+207B
    { 10, 6, 183, 2, 20, 15, 309 }, // U+207C
    { 9, 18, 116, 3, 26, 41, 324 }, // U+207D
    { 9, 18, 117, -1, 26, 41, 365 }, // U+207E
    { 11, 10, 182, 2, 18, 28, 406 }, // U+207F
    { 12, 13, 187, -1, 10, 39, 434 }, // U+2080
    { 9, 13, 187, -1, 10, 30, 473 }, // U+2081
    { 11, 14, 187, -1, 11, 39, 503 }, // U+2082
    { 11, 14, 187, -1, 11, 39, 542 }, // U+2083
    { 12, 13, 187, -2, 10, 39, 581 }, // U+2084
    { 11, 13, 187, -1, 10, 36, 620 }, // U+2085
    { 10, 13, 187, 0, 10, 33, 656 }, // U+2086
    { 11, 13, 187, 0, 10, 36, 689 }, // U+2087
    { 11, 14, 187, -1, 11, 39, 725 }, // U+2088
    { 10, 13, 187, 0, 10, 33, 764 }, // U+2089
    { 11, 10, 183, -1, 8, 28, 797 }, // U+208A
    { 11, 2, 183, -1, 4, 6, 825 }, // U+208B
    { 11, 6, 183, -1, 6, 17, 831 }, // U+208C
    { 9, 18, 117, 0, 12, 41, 848 }, // U+208D
    { 9, 18, 117, -4, 12, 41, 889 }, // U+208E
    { 11, 10, 175, -1, 7, 28, 930 }, // U+2090
    { 9, 10, 149, -1, 7, 23, 958 }, // U+2091
    { 10, 10, 174, -1, 7, 25, 981 }, // U+2092
    { 12, 10, 166, -2, 7, 30, 1006 }, // U+2093
    { 10, 10, 149, -2, 7, 25, 1036 }, // U+2094
    { 11, 14, 182, -1, 11, 39, 1061 }, // U+2095
    { 11, 14, 173, -1, 11, 39, 1100 }, // U+2096
    { 6, 14, 92, -1, 11, 21, 1139 }, // U+2097
    { 17, 10, 272, -1, 7, 43, 1160 }, // U+2098
    { 11, 10, 182, -1, 7, 28, 1203 }, // U+2099
    { 11, 14, 175, -2, 7, 39, 1231 }, // U+209A
    { 9, 10, 141, -2, 7, 23, 1270 }, // U+209B
    { 7, 12, 112, -1, 9, 21, 1293 }, // U+209C
    { 18, 22, 298, 1, 22, 99, 0 }, // U+20A0
    { 16, 26, 261, 1, 23, 104, 99 }, // U+20A1
    { 18, 23, 281, 1, 22, 104, 203 }, // U+20A2
    { 20, 21, 261, -2, 21, 105, 307 }, // U+20A3
    { 18, 23, 261, -1, 22, 104, 412 }, // U+20A4
    { 25, 24, 418, 1, 20, 150, 516 }, // U+20A5
    { 23, 21, 323, -1, 21, 121, 666 }, // U+20A6
    { 25, 22, 382, -2, 21, 138, 787 }, // U+20A7
    { 31, 22, 477, -2, 21, 171, 925 }, // U+20A8
    { 32, 21, 488, 1, 21, 168, 1096 }, // U+20A9
    { 20, 18, 416, 3, 18, 90, 1264 }, // U+20AA
    { 19, 28, 270, 0, 23, 133, 1354 }, // U+20AB
    { 18, 23, 261, 0, 22, 104, 1487 }, // U+20AC
    { 22, 21, 303, -1, 21, 116, 1591 }, // U+20AD
    { 18, 21, 261, 1, 21, 95, 1707 }, // U+20AE
    { 29, 30, 467, -1, 24, 218, 1802 }, // U+20AF
    { 16, 29, 261, -2, 22, 116, 2020 }, // U+20B0
    { 21, 21, 289, -1, 21, 111, 2136 }, // U+20B1
    { 20, 26, 333, 1, 23, 130, 2247 }, // U+20B2
    { 24, 21, 329, -2, 21, 126, 2377 }, // U+20B3
    { 18, 23, 257, -1, 22, 104, 2503 }, // U+20B4
    { 18, 26, 293, 1, 23, 117, 2607 }, // U+20B5
    { 17, 22, 257, 1, 21, 94, 2724 }, // U+20B6
    { 17, 25, 261, 0, 22, 107, 2818 }, // U+20B7
    { 17, 21, 261, 1, 21, 90, 2925 }, // U+20B8
    { 16, 21, 261, 1, 21, 84, 3015 }, // U+20B9
    { 17, 21, 261, -1, 21, 90, 3099 }, // U+20BA
    { 17, 23, 305, 2, 22, 98, 3189 }, // U+20BB
    { 20, 20, 367, 1, 20, 100, 3287 }, // U+20BC
    { 19, 21, 275, -1, 21, 100, 3387 }, // U+20BD
    { 18, 24, 261, 0, 24, 108, 3487 }, // U+20BE
    { 18, 27, 261, -2, 24, 122, 3595 }, // U+20BF
    { 9, 4, 145, 0, 10, 9, 0 }, // U+2212
    { 28, 30, 288, -5, 23, 210, 0 }, // U+FB00
    { 22, 30, 277, -5, 23, 165, 210 }, // U+FB01
    { 23, 30, 277, -5, 23, 173, 375 }, // U+FB02
    { 31, 30, 416, -5, 23, 233, 548 }, // U+FB03
    { 31, 30, 415, -5, 23, 233, 781 }, // U+FB04
    { 25, 30, 307, -5, 23, 188, 1014 }, // U+FB05
    { 25, 24, 388, 0, 23, 150, 1202 }, // U+FB06
    { 27, 28, 467, 1, 23, 189, 0 }, // U+FFFD
};

static const EpdUnicodeInterval notoserif_14_italicIntervals[] = {
    { 0x0, 0x0, 0x0 },
    { 0xD, 0xD, 0x1 },
    { 0x20, 0x7E, 0x2 },
    { 0xA0, 0x17F, 0x61 },
    { 0x1A0, 0x1A1, 0x141 },
    { 0x1AF, 0x1B0, 0x143 },
    { 0x1C4, 0x21F, 0x145 },
    { 0x300, 0x36F, 0x1A1 },
    { 0x400, 0x4FF, 0x211 },
    { 0x1EA0, 0x1EF9, 0x311 },
    { 0x2000, 0x2064, 0x36B },
    { 0x2066, 0x2071, 0x3D0 },
    { 0x2074, 0x208E, 0x3DC },
    { 0x2090, 0x209C, 0x3F7 },
    { 0x20A0, 0x20BF, 0x404 },
    { 0x2212, 0x2212, 0x424 },
    { 0xFB00, 0xFB06, 0x425 },
    { 0xFFFD, 0xFFFD, 0x42C },
};

static const EpdFontGroup notoserif_14_italicGroups[] = {
    { 0, 3689, 8477, 97, 0 },
    { 3689, 3109, 9667, 96, 97 },
    { 6798, 4101, 15915, 128, 193 },
    { 10899, 4192, 13869, 96, 321 },
    { 15091, 1260, 2038, 112, 417 },
    { 16351, 10699, 32070, 256, 529 },
    { 27050, 2132, 12458, 90, 785 },
    { 29182, 2048, 4908, 111, 875 },
    { 31230, 894, 1495, 42, 986 },
    { 32124, 2070, 4004, 32, 1028 },
    { 34194, 13, 12, 1, 1060 },
    { 34207, 478, 1428, 7, 1061 },
    { 34685, 130, 196, 1, 1068 },
};

static const uint16_t notoserif_14_italicKernLeftCodepoints[] = {
    0x0022, 0x0026, 0x0027, 0x0028, 0x002A, 0x002C, 0x002D, 0x002E, 0x0041, 0x0042, 0x0043, 0x0044,
    0x0045, 0x0046, 0x0047, 0x004A, 0x004B, 0x004C, 0x004E, 0x004F, 0x0050, 0x0051, 0x0052, 0x0053,
    0x0054, 0x0055, 0x0056, 0x0057, 0x0058, 0x0059, 0x005B, 0x005F, 0x0061, 0x0062, 0x0063, 0x0065,
    0x0066, 0x0068, 0x006B, 0x006D, 0x006E, 0x006F, 0x0070, 0x0071, 0x0072, 0x0073, 0x0076, 0x0077,
    0x0079, 0x007A, 0x007B, 0x00A1, 0x00AB, 0x00BF, 0x00C0, 0x00C1, 0x00C2, 0x00C3, 0x00C4, 0x00C5,
    0x00C6, 0x00C7, 0x00C8, 0x00C9, 0x00CA, 0x00CB, 0x00D0, 0x00D1, 0x00D2, 0x00D3, 0x00D4, 0x00D5,
    0x00D6, 0x00D8, 0x00D9, 0x00DA, 0x00DB, 0x00DC, 0x00DD, 0x00DE, 0x00DF, 0x00E0, 0x00E1, 0x00E2,
    0x00E3, 0x00E4, 0x00E5, 0x00E6, 0x00E7, 0x00E8, 0x00E9, 0x00EA, 0x00EB, 0x00F0, 0x00F1, 0x00F2,
    0x00F3, 0x00F4, 0x00F5, 0x00F6, 0x00F8, 0x00F9, 0x00FA, 0x00FB, 0x00FC, 0x00FD, 0x00FE, 0x00FF,
    0x0100, 0x0101, 0x0102, 0x0103, 0x0104, 0x0105, 0x0106, 0x0107, 0x0108, 0x0109, 0x010A, 0x010B,
    0x010C, 0x010D, 0x010E, 0x010F, 0x0110, 0x0112, 0x0113, 0x0114, 0x0115, 0x0116, 0x0117, 0x0118,
    0x0119, 0x011A, 0x011B, 0x011C, 0x011E, 0x0120, 0x0122, 0x0125, 0x0127, 0x0132, 0x0134, 0x0136,
    0x0137, 0x0138, 0x0139, 0x013B, 0x013D, 0x013E, 0x0141, 0x0143, 0x0144, 0x0145, 0x0146, 0x0147,
    0x0148, 0x0149, 0x014A, 0x014B, 0x014C, 0x014D, 0x014E, 0x014F, 0x0150, 0x0151, 0x0152, 0x0153,
    0x0154, 0x0155, 0x0156, 0x0157, 0x0158, 0x0159, 0x015A, 0x015B, 0x015C, 0x015D, 0x015E, 0x015F,
    0x0160, 0x0161, 0x0162, 0x0164, 0x0166, 0x0168, 0x0169, 0x016A, 0x016B, 0x016C, 0x016D, 0x016E,
    0x016F, 0x0170, 0x0171, 0x0172, 0x0173, 0x0174, 0x0175, 0x0176, 0x0177, 0x0178, 0x017A, 0x017C,
    0x017E, 0x01A0, 0x01A1, 0x01AF, 0x01B0, 0x01FA, 0x01FB, 0x01FC, 0x01FD, 0x01FE, 0x01FF, 0x0218,
    0x0219, 0x021A, 0x0400, 0x0401, 0x0402, 0x0403, 0x0404, 0x0405, 0x0406, 0x0407, 0x0408, 0x0409,
    0x040A, 0x040B, 0x040C, 0x040D, 0x040E, 0x040F, 0x0410, 0x0411, 0x0412, 0x0413, 0x0414, 0x0415,
    0x0416, 0x0417, 0x0418, 0x0419, 0x041A, 0x041B, 0x041C, 0x041D, 0x041E, 0x041F, 0x0420, 0x0421,
    0x0422, 0x0423, 0x0424, 0x0425, 0x0426, 0x0427, 0x0428, 0x0429, 0x042A, 0x042B, 0x042C, 0x042D,
    0x042E, 0x042F, 0x0430, 0x0431, 0x0432, 0x0433, 0x0434, 0x0435, 0x0436, 0x0437, 0x0438, 0x0439,
    0x043A, 0x043B, 0x043C, 0x043D, 0x043E, 0x043F, 0x0440, 0x0441, 0x0442, 0x0443, 0x0444, 0x0445,
    0x0446, 0x0447, 0x0448, 0x0449, 0x044A, 0x044B, 0x044C, 0x044D, 0x044E, 0x044F, 0x0450, 0x0451,
    0x0452, 0x0453, 0x0454, 0x0455, 0x0456, 0x0457, 0x0458, 0x0459, 0x045A, 0x045B, 0x045C, 0x045D,
    0x045E, 0x045F, 0x0460, 0x0461, 0x0462, 0x0464, 0x0465, 0x0466, 0x0468, 0x046A, 0x046C, 0x046E,
    0x046F, 0x0470, 0x0471, 0x0472, 0x0473, 0x0474, 0x0475, 0x0476, 0x0477, 0x0478, 0x0479, 0x047A,
    0x047B, 0x047C, 0x047D, 0x047E, 0x047F, 0x0480, 0x0481, 0x048A, 0x048B, 0x048C, 0x048E, 0x048F,
    0x0490, 0x0491, 0x0492, 0x0493, 0x0494, 0x0496, 0x0497, 0x0498, 0x0499, 0x049A, 0x049B, 0x049C,
    0x049D, 0x049E, 0x049F, 0x04A0, 0x04A1, 0x04A2, 0x04A3, 0x04A4, 0x04A6, 0x04AA, 0x04AB, 0x04AC,
    0x04AD, 0x04AE, 0x04AF, 0x04B0, 0x04B1, 0x04B2, 0x04B3, 0x04B4, 0x04B5, 0x04B6, 0x04B7, 0x04B8,
    0x04B9, 0x04BA, 0x04BB, 0x04BC, 0x04BD, 0x04BE, 0x04BF, 0x04C1, 0x04C2, 0x04C3, 0x04C5, 0x04C6,
    0x04C7, 0x04C9, 0x04CA, 0x04CC, 0x04CD, 0x04CE, 0x04D0, 0x04D1, 0x04D2, 0x04D3, 0x04D4, 0x04D5,
    0x04D6, 0x04D7, 0x04D8, 0x04D9, 0x04DA, 0x04DB, 0x04DC, 0x04DD, 0x04DE, 0x04DF, 0x04E0, 0x04E1,
    0x04E2, 0x04E3, 0x04E4, 0x04E5, 0x04E6, 0x04E7, 0x04E8, 0x04E9, 0x04EA, 0x04EB, 0x04EC, 0x04ED,
    0x04EE, 0x04EF, 0x04F0, 0x04F1, 0x04F2, 0x04F3, 0x04F4, 0x04F5, 0x04F6, 0x04F7, 0x04F8, 0x04F9,
    0x04FA, 0x04FB, 0x04FC, 0x04FD, 0x04FE, 0x04FF, 0x1EA0, 0x1EA1, 0x1EA2, 0x1EA3, 0x1EA4, 0x1EA5,
    0x1EA6, 0x1EA7, 0x1EA8, 0x1EA9, 0x1EAA, 0x1EAB, 0x1EAC, 0x1EAD, 0x1EAE, 0x1EAF, 0x1EB0, 0x1EB1,
    0x1EB2, 0x1EB3, 0x1EB4, 0x1EB5, 0x1EB6, 0x1EB7, 0x1EB8, 0x1EB9, 0x1EBA, 0x1EBB, 0x1EBC, 0x1EBD,
    0x1EBE, 0x1EBF, 0x1EC0, 0x1EC1, 0x1EC2, 0x1EC3, 0x1EC4, 0x1EC5, 0x1EC6, 0x1EC7, 0x1ECC, 0x1ECD,
    0x1ECE, 0x1ECF, 0x1ED0, 0x1ED1, 0x1ED2, 0x1ED3, 0x1ED4, 0x1ED5, 0x1ED6, 0x1ED7, 0x1ED8, 0x1ED9,
    0x1EDA, 0x1EDB, 0x1EDC, 0x1EDD, 0x1EDE, 0x1EDF, 0x1EE0, 0x1EE1, 0x1EE2, 0x1EE3, 0x1EE4, 0x1EE5,
    0x1EE6, 0x1EE7, 0x1EE8, 0x1EE9, 0x1EEA, 0x1EEB, 0x1EEC, 0x1EED, 0x1EEE, 0x1EEF, 0x1EF0, 0x1EF1,
    0x1EF2, 0x1EF3, 0x1EF4, 0x1EF5, 0x1EF6, 0x1EF7, 0x1EF8, 0x1EF9, 0x2013, 0x2014, 0x2015, 0x2018,
    0x2019, 0x201A, 0x201C, 0x201D, 0x201E, 0x2039, 0x207D, 0x208D, 0x2090, 0x2092, 0xFB00,
};

static const uint8_t notoserif_14_italicKernLeftClassIds[] = {
      1,   2,   1,   3,   4,   5,   6,   5,   7,   8,   9,  10,  11,  12,  13,  14,
     15,  16,  17,  10,  18,  10,  19,  20,  21,  22,  23,  24,  25,  26,   3,  27,
     28,  29,  30,  30,  31,  28,  32,  28,  28,  29,  29,  33,  34,  35,  36,  37,
     38,  39,   3,  40,  41,  42,  43,  43,  43,  43,  43,  43,  11,   9,  11,  11,
     11,  11,  10,  17,  10,  10,  10,  10,  10,  10,  22,  22,  22,  22,  26,  10,
     35,  28,  28,  28,  28,  28,  28,  30,  30,  30,  30,  30,  30,  29,  28,  29,
     29,  29,  29,  29,  29,  28,  28,  28,  28,  38,  29,  38,   7,  28,  43,  28,
     43,  28,   9,  30,   9,  30,   9,  30,   9,  30,  10,  44,  10,  11,  30,  11,
     30,  11,  30,  11,  30,  11,  30,  13,  13,  13,  13,  28,  28,  14,  14,  15,
     32,  32,  16,  16,  45,  44,  16,  17,  28,  17,  28,  17,  28,  28,  14,  28,
     10,  29,  10,  29,  10,  29,  11,  30,  19,  34,  19,  34,  19,  34,  20,  35,
     20,  35,  20,  35,  20,  35,  21,  21,  21,  22,  28,  22,  28,  22,  28,  22,
     28,  22,  28,  22,  28,  24,  37,  26,  38,  26,  39,  39,  39,  46,  47,  48,
     49,   7,  28,  11,  30,  10,  29,  20,  35,  21,  50,  50,  51,  52,  53,  54,
     55,  55,  56,  57,  57,  58,  59,  55,  60,  55,  61,  62,  63,  52,  64,  50,
     59,  63,  55,  55,  59,  55,  55,  55,  65,  55,  66,  53,  52,  60,  67,  68,
     64,  55,  55,  64,  57,  55,  57,  65,  65,  55,  69,  70,  71,  72,  73,  74,
     75,  71,  69,  69,  76,  69,  69,  69,  77,  78,  77,  79,  78,  80,  77,  76,
     81,  69,  69,  81,  82,  69,  82,  77,  77,  69,  74,  74,  83,  72,  79,  84,
     69,  85,  86,  82,  82,  78,  76,  69,  80,  69,  65,  87,  57,  53,  72,  61,
     61,  88,  88,  63,  72,  89,  90,  65,  71,  60,  90,  60,  90,  91,  80,  65,
     71,  65,  71,  65,  87,  53,  72,  64,  81,  57,  66,  71,  92,  93,  92,  93,
     58,  59,  79,  63,  72,  59,  79,  59,  79,  59,  79,  59,  79,  64,  81,  92,
     58,  53,  72,  92,  81,  89,  90,  89,  90,  68,  76,  64,  81,  64,  81,  55,
     69,  58,  82,  94,  74,  94,  74,  59,  79,  58,  64,  81,  56,  64,  81,  81,
     64,  81,  61,  81,  61,  81,  50,  74,  50,  74,  65,  71,  65,  71,  59,  79,
     63,  71,  63,  95,  55,  81,  55,  81,  65,  71,  65,  71,  65,  71,  65,  77,
     60,  80,  60,  80,  60,  80,  55,  69,  92,  93,  55,  69,  92,  93,  68,  76,
     68,  96,  43,  28,  43,  28,  43,  28,  43,  28,  43,  28,  43,  28,  43,  28,
     43,  28,  43,  28,  43,  28,  43,  28,  43,  28,  11,  30,  11,  30,  11,  30,
     11,  30,  11,  30,  11,  30,  11,  30,  11,  30,  10,  29,  10,  29,  10,  29,
     10,  29,  10,  29,  10,  29,  10,  97,  46,  47,  46,  47,  46,  47,  46,  47,
     46,  47,  22,  28,  22,  28,  48,  49,  48,  49,  48,  49,  48,  49,  48,  49,
     26,  38,  26,  38,  26,  38,  26,  38,   6,   6,   6,  98,  99,   5,  98,  99,
      5,  41, 100, 101, 102, 103,  31,
};

static const uint16_t notoserif_14_italicKernRightCodepoints[] = {
    0x0022, 0x0026, 0x0027, 0x0029, 0x002A, 0x002C, 0x002D, 0x002E, 0x003A, 0x003B, 0x003F, 0x0041,
    0x0042, 0x0043, 0x0044, 0x0045, 0x0046, 0x0047, 0x0048, 0x0049, 0x004A, 0x004B, 0x004C, 0x004D,
    0x004E, 0x004F, 0x0050, 0x0051, 0x0052, 0x0053, 0x0054, 0x0055, 0x0056, 0x0057, 0x0058, 0x0059,
    0x005A, 0x005C, 0x005D, 0x005F, 0x0061, 0x0062, 0x0063, 0x0064, 0x0065, 0x0067, 0x0068, 0x0069,
    0x006B, 0x006C, 0x006D, 0x006E, 0x006F, 0x0070, 0x0071, 0x0072, 0x0073, 0x0074, 0x0075, 0x0076,
    0x0077, 0x0078, 0x0079, 0x007A, 0x007D, 0x00A9, 0x00AE, 0x00BB, 0x00C0, 0x00C1, 0x00C2, 0x00C3,
    0x00C4, 0x00C5, 0x00C6, 0x00C7, 0x00C8, 0x00C9, 0x00CA, 0x00CB, 0x00CC, 0x00CD, 0x00CE, 0x00CF,
    0x00D0, 0x00D1, 0x00D2, 0x00D3, 0x00D4, 0x00D5, 0x00D6, 0x00D8, 0x00D9, 0x00DA, 0x00DB, 0x00DC,
    0x00DD, 0x00DE, 0x00E0, 0x00E1, 0x00E2, 0x00E3, 0x00E4, 0x00E5, 0x00E6, 0x00E7, 0x00E8, 0x00E9,
    0x00EA, 0x00EB, 0x00EC, 0x00ED, 0x00EE, 0x00EF, 0x00F0, 0x00F1, 0x00F2, 0x00F3, 0x00F4, 0x00F5,
    0x00F6, 0x00F8, 0x00F9, 0x00FA, 0x00FB, 0x00FC, 0x00FD, 0x00FE, 0x00FF, 0x0100, 0x0101, 0x0102,
    0x0103, 0x0104, 0x0105, 0x0106, 0x0107, 0x0108, 0x0109, 0x010A, 0x010B, 0x010C, 0x010D, 0x010E,
    0x010F, 0x0110, 0x0111, 0x0112, 0x0113, 0x0114, 0x0115, 0x0116, 0x0117, 0x0118, 0x0119, 0x011A,
    0x011B, 0x011C, 0x011D, 0x011E, 0x011F, 0x0120, 0x0121, 0x0122, 0x0123, 0x0124, 0x0125, 0x0126,
    0x0127, 0x0128, 0x0129, 0x012A, 0x012B, 0x012C, 0x012D, 0x012E, 0x012F, 0x0130, 0x0132, 0x0133,
    0x0134, 0x0136, 0x0137, 0x0138, 0x0139, 0x013A, 0x013B, 0x013C, 0x013D, 0x013E, 0x013F, 0x0140,
    0x0141, 0x0142, 0x0143, 0x0144, 0x0145, 0x0146, 0x0147, 0x0148, 0x0149, 0x014A, 0x014B, 0x014C,
    0x014D, 0x014E, 0x014F, 0x0150, 0x0151, 0x0152, 0x0153, 0x0154, 0x0155, 0x0156, 0x0157, 0x0158,
    0x0159, 0x015A, 0x015B, 0x015C, 0x015D, 0x015E, 0x015F, 0x0160, 0x0161, 0x0163, 0x0165, 0x0167,
    0x0168, 0x0169, 0x016A, 0x016B, 0x016C, 0x016D, 0x016E, 0x016F, 0x0170, 0x0171, 0x0172, 0x0173,
    0x0174, 0x0175, 0x0176, 0x0177, 0x0178, 0x0179, 0x017A, 0x017B, 0x017C, 0x017D, 0x017E, 0x01A0,
    0x01A1, 0x01AF, 0x01B0, 0x01FA, 0x01FB, 0x01FC, 0x01FD, 0x01FE, 0x01FF, 0x0218, 0x0219, 0x021B,
    0x021E, 0x0400, 0x0401, 0x0402, 0x0403, 0x0404, 0x0405, 0x0406, 0x0407, 0x0408, 0x0409, 0x040A,
    0x040B, 0x040C, 0x040D, 0x040E, 0x040F, 0x0410, 0x0411, 0x0412, 0x0413, 0x0414, 0x0415, 0x0416,
    0x0417, 0x0418, 0x0419, 0x041A, 0x041B, 0x041C, 0x041D, 0x041E, 0x041F, 0x0420, 0x0421, 0x0422,
    0x0423, 0x0424, 0x0425, 0x0426, 0x0427, 0x0428, 0x0429, 0x042A, 0x042B, 0x042C, 0x042D, 0x042E,
    0x042F, 0x0430, 0x0431, 0x0432, 0x0433, 0x0434, 0x0435, 0x0436, 0x0437, 0x0438, 0x0439, 0x043A,
    0x043B, 0x043C, 0x043D, 0x043E, 0x043F, 0x0440, 0x0441, 0x0442, 0x0443, 0x0444, 0x0445, 0x0446,
    0x0447, 0x0448, 0x0449, 0x044A, 0x044B, 0x044C, 0x044D, 0x044E, 0x044F, 0x0450, 0x0451, 0x0452,
    0x0453, 0x0454, 0x0455, 0x0456, 0x0457, 0x0458, 0x0459, 0x045A, 0x045B, 0x045C, 0x045D, 0x045E,
    0x045F, 0x0460, 0x0461, 0x0466, 0x046A, 0x046E, 0x0470, 0x0471, 0x0472, 0x0473, 0x0474, 0x0475,
    0x0476, 0x0477, 0x0478, 0x0479, 0x047A, 0x047B, 0x047C, 0x047D, 0x047E, 0x047F, 0x0480, 0x0481,
    0x048B, 0x048F, 0x0496, 0x0497, 0x0498, 0x0499, 0x049F, 0x04A0, 0x04A1, 0x04A8, 0x04A9, 0x04AA,
    0x04AB, 0x04AC, 0x04AE, 0x04AF, 0x04B0, 0x04B1, 0x04B2, 0x04B3, 0x04B4, 0x04B5, 0x04B6, 0x04B7,
    0x04B8, 0x04B9, 0x04C1, 0x04C2, 0x04C5, 0x04C6, 0x04CB, 0x04CC, 0x04CE, 0x04D0, 0x04D1, 0x04D2,
    0x04D3, 0x04D4, 0x04D5, 0x04D7, 0x04D9, 0x04DB, 0x04DC, 0x04DD, 0x04DE, 0x04DF, 0x04E0, 0x04E2,
    0x04E3, 0x04E4, 0x04E5, 0x04E6, 0x04E7, 0x04E8, 0x04E9, 0x04EA, 0x04EB, 0x04EC, 0x04ED, 0x04EE,
    0x04EF, 0x04F0, 0x04F1, 0x04F2, 0x04F3, 0x04F4, 0x04F5, 0x04F8, 0x04F9, 0x04FC, 0x04FD, 0x04FE,
    0x1EA0, 0x1EA1, 0x1EA2, 0x1EA3, 0x1EA4, 0x1EA5, 0x1EA6, 0x1EA7, 0x1EA8, 0x1EA9, 0x1EAA, 0x1EAB,
    0x1EAC, 0x1EAD, 0x1EAE, 0x1EAF, 0x1EB0, 0x1EB1, 0x1EB2, 0x1EB3, 0x1EB4, 0x1EB5, 0x1EB6, 0x1EB7,
    0x1EB8, 0x1EB9, 0x1EBA, 0x1EBB, 0x1EBC, 0x1EBD, 0x1EBE, 0x1EBF, 0x1EC0, 0x1EC1, 0x1EC2, 0x1EC3,
    0x1EC4, 0x1EC5, 0x1EC6, 0x1EC7, 0x1EC9, 0x1ECB, 0x1ECC, 0x1ECD, 0x1ECE, 0x1ECF, 0x1ED0, 0x1ED1,
    0x1ED2, 0x1ED3, 0x1ED4, 0x1ED5, 0x1ED6, 0x1ED7, 0x1ED8, 0x1ED9, 0x1EDA, 0x1EDB, 0x1EDC, 0x1EDD,
    0x1EDE, 0x1EDF, 0x1EE0, 0x1EE1, 0x1EE2, 0x1EE3, 0x1EE4, 0x1EE5, 0x1EE6, 0x1EE7, 0x1EE8, 0x1EE9,
    0x1EEA, 0x1EEB, 0x1EEC, 0x1EED, 0x1EEE, 0x1EEF, 0x1EF0, 0x1EF1, 0x1EF2, 0x1EF3, 0x1EF4, 0x1EF5,
    0x1EF6, 0x1EF7, 0x1EF8, 0x1EF9, 0x2013, 0x2014, 0x2015, 0x2018, 0x2019, 0x201A, 0x201C, 0x201D,
    0x201E, 0x2026, 0x203A, 0x207E, 0x208E,
};

static const uint8_t notoserif_14_italicKernRightClassIds[] = {
      1,   2,   1,   3,   4,   5,   6,   7,   8,   8,   9,  10,  11,  12,  11,  11,
     11,  12,  11,  11,  11,  11,  11,  11,  11,  12,  11,  12,  11,  13,  14,  15,
     16,  17,  18,  19,  20,  21,   3,  22,  23,  24,  25,  25,  25,  26,  24,  27,
     24,  28,  29,  29,  25,  29,  25,  29,  30,  31,  32,  33,  34,  35,  36,  37,
      3,  38,  38,  39,  10,  10,  10,  10,  10,  10,  40,  12,  11,  11,  11,  11,
     11,  11,  11,  11,  11,  11,  12,  12,  12,  12,  12,  12,  15,  15,  15,  15,
     19,  11,  23,  23,  23,  23,  23,  23,  23,  25,  25,  25,  25,  25,  27,  27,
     27,  27,  25,  29,  25,  25,  25,  25,  25,  25,  32,  32,  32,  32,  36,  24,
     36,  10,  23,  10,  23,  10,  23,  12,  25,  12,  25,  12,  25,  12,  25,  11,
     25,  11,  25,  11,  25,  11,  25,  11,  25,  11,  25,  11,  25,  12,  25,  12,
     25,  12,  25,  12,  25,  11,  24,  11,  24,  11,  27,  11,  27,  11,  27,  11,
     27,  11,  11,  27,  11,  11,  24,  29,  11,  28,  11,  28,  11,  28,  11,  28,
     11,  28,  11,  29,  11,  29,  11,  29,  41,  11,  29,  12,  25,  12,  25,  12,
     25,  12,  25,  11,  29,  11,  29,  11,  29,  13,  30,  13,  30,  13,  30,  13,
     30,  31,  31,  31,  15,  32,  15,  32,  15,  32,  15,  32,  15,  32,  15,  32,
     17,  34,  19,  36,  19,  20,  37,  20,  37,  20,  37,  12,  25,  15,  32,  10,
     23,  40,  23,  12,  25,  13,  30,  31,  11,  42,  42,  43,  42,  44,  45,  42,
     42,  46,  47,  42,  43,  42,  42,  48,  42,  49,  42,  42,  42,  50,  42,  51,
     52,  42,  42,  42,  47,  42,  42,  44,  42,  42,  44,  43,  48,  53,  54,  42,
     55,  42,  42,  43,  42,  42,  52,  42,  56,  57,  58,  57,  59,  60,  57,  61,
     62,  63,  63,  64,  65,  65,  64,  57,  64,  66,  57,  64,  67,  57,  68,  63,
     69,  63,  63,  70,  63,  63,  61,  64,  71,  57,  57,  72,  59,  57,  73,  74,
     75,  76,  65,  64,  72,  64,  63,  67,  63,  77,  78,  49,  79,  52,  80,  63,
     77,  81,  80,  82,  80,  82,  77,  81,  77,  81,  77,  81,  77,  78,  77,  81,
     63,  66,  51,  61,  52,  61,  72,  83,  70,  77,  81,  77,  81,  83,  80,  82,
     80,  82,  54,  68,  83,  70,  55,  69,  55,  69,  51,  61,  50,  65,  55,  69,
     84,  49,  81,  49,  81,  85,  81,  81,  81,  81,  51,  61,  52,  61,  52,  42,
     63,  42,  63,  77,  81,  77,  81,  77,  81,  52,  61,  48,  67,  48,  67,  48,
     67,  55,  69,  42,  63,  54,  68,  54,  10,  23,  10,  23,  10,  23,  10,  23,
     10,  23,  10,  23,  10,  23,  10,  23,  10,  23,  10,  23,  10,  23,  10,  23,
     11,  25,  11,  25,  11,  25,  11,  25,  11,  25,  11,  25,  11,  25,  11,  25,
     86,  86,  12,  25,  12,  25,  12,  25,  12,  25,  12,  25,  12,  25,  12,  25,
     12,  25,  12,  25,  12,  25,  12,  25,  12,  25,  15,  32,  15,  32,  15,  32,
     15,  32,  15,  32,  15,  32,  15,  32,  19,  36,  19,  36,  19,  36,  19,  36,
      6,   6,   6,  87,   4,  88,  87,   4,  88,  88,  39,  89,  90,
};

static const uint16_t notoserif_14_italicKernRowOffsets[] = {
        0,     8,    13,    23,    35,    56,    63,    81,    92,    93,   104,   107,   116,   121,   125,   132,
      141,   145,   151,   161,   170,   181,   187,   198,   210,   217,   231,   245,   252,   257,   260,   265,
      267,   269,   280,   284,   290,   296,   300,   305,   309,   314,   319,   337,   352,   355,   371,   382,
      401,   405,   412,   433,   459,   463,   472,   474,   482,   503,   534,   556,   587,   613,   635,   656,
      671,   691,   711,   737,   755,   773,   792,   807,   818,   830,   835,   845,   858,   877,   897,   906,
      926,   954,   969,   975,   982,  1001,  1004,  1005,  1008,  1010,  1011,  1014,  1023,  1031,  1035,  1037,
     1038,  1039,  1056,  1080,  1081,  1082,  1084,  1085,
};

static const uint8_t notoserif_14_italicKernSparseCols[] = {
      9,  25,  26,  39,  48,  49,  64,  84,  13,  14,  15,  16,  18,  43,  45,  46,
     47,  49,  52,  64,  68,  74,  75,   1,   4,   6,   9,  39,  47,  48,  49,  64,
     80,  84,  87,  11,  13,  14,  15,  16,  18,  32,  33,  35,  42,  43,  46,  47,
     49,  52,  54,  66,  68,  69,  76,  82,  42,  47,  48,  49,  53,  54,  67,   0,
      1,   3,  11,  13,  14,  15,  16,  18,  24,  25,  31,  32,  33,  35,  37,  40,
     86,   3,   9,  13,  15,  16,  17,  18,  19,  33,  35,  39,   1,   0,   4,   6,
      9,  13,  15,  16,  17,  18,  39,  87,  15,  16,  18,   1,   4,   6,   9,  22,
     24,  25,  39,  87,  13,  15,  16,  18,  39,   4,   6,   9,  87,   1,  11,  24,
     25,  31,  33,  35,   0,   3,  13,  14,  15,  16,  18,  32,  86,   1,   4,   6,
     87,   1,   4,   6,   9,  39,  87,   1,   3,  11,  13,  14,  15,  16,  18,  33,
     35,   9,  13,  15,  16,  17,  18,  33,  35,  39,   1,   4,   6,   9,  11,  22,
     24,  25,  39,  40,  87,   1,   4,   6,   9,  39,  87,   1,   4,   6,   9,  11,
     22,  24,  25,  29,  39,  87,   1,   4,   6,   9,  11,  22,  24,  25,  29,  34,
     39,  87,  11,  12,  24,  25,  33,  35,  37,   1,   4,   6,   9,  11,  12,  22,
     24,  25,  29,  34,  36,  39,  87,  42,  43,  45,  47,  49,  52,  54,  56,  57,
     59,  66,  68,  69,  75,   0,  13,  15,  16,  18,  35,  86,  13,  15,  16,  18,
     35,  15,  16,  18,   0,   2,   3,  20,  86,  24,  25,  16,  18,   3,   4,   6,
     15,  16,  17,  18,  22,  24,  25,  87,   0,  15,  16,  18,   4,   6,  15,  16,
     18,  87,   4,   6,  15,  16,  18,  87,   4,   6,  16,  87,   3,  15,  16,  18,
     86,  13,  14,  15,  18,  42,  47,  48,  52,  54,  13,  14,  15,  16,  18,   0,
      1,   3,  11,  13,  14,  15,  16,  18,  24,  25,  31,  32,  33,  35,  37,  40,
     86,   0,   2,   3,   8,  10,  13,  14,  15,  16,  17,  18,  19,  23,  27,  86,
      3,  13,  15,   4,   6,   9,  13,  15,  16,  18,  22,  24,  25,  29,  30,  33,
     34,  35,  87,   3,   4,   6,  26,  28,  30,  31,  33,  35,  85,  87,   4,   6,
      9,  11,  14,  15,  18,  22,  23,  24,  25,  28,  29,  30,  31,  33,  35,  36,
     87,   3,  26,  28,  85,  42,  47,  52,  64,  69,  70,  83,   0,   2,   3,   7,
     21,  42,  45,  47,  48,  49,  50,  52,  53,  54,  55,  64,  66,  67,  68,  82,
     86,   3,   4,   5,   6,   7,  21,  38,  43,  44,  46,  48,  49,  52,  55,  56,
     58,  59,  62,  64,  66,  68,  70,  72,  73,  74,  87,  47,  52,  64,  67,  42,
     47,  48,  49,  52,  53,  54,  78,  82,  52,  64,  46,  48,  49,  52,  62,  64,
     73,  74,   0,   2,   3,   7,  21,  42,  45,  47,  48,  49,  50,  52,  53,  54,
     55,  64,  66,  67,  68,  82,  86,   0,   2,   3,   5,   7,  38,  42,  43,  44,
     45,  47,  51,  52,  54,  56,  58,  59,  61,  62,  64,  66,  68,  73,  74,  75,
     76,  77,  79,  81,  82,  86,   5,  38,  43,  44,  46,  49,  51,  52,  54,  56,
     57,  59,  62,  66,  68,  69,  73,  74,  76,  80,  83,  86,   2,   3,   4,   5,
      6,   7,  20,  21,  38,  43,  44,  46,  48,  49,  52,  55,  56,  58,  59,  60,
     61,  62,  63,  64,  67,  70,  72,  73,  74,  80,  87,   0,   3,   5,  38,  42,
     43,  44,  47,  51,  52,  54,  56,  57,  59,  62,  64,  66,  68,  69,  72,  73,
     74,  76,  82,  83,  86,   3,   7,  21,  42,  44,  45,  47,  48,  49,  50,  52,
     53,  54,  55,  64,  65,  66,  67,  68,  69,  70,  86,   3,   7,  21,  42,  44,
     47,  48,  49,  50,  52,  53,  54,  64,  67,  69,  70,  78,  82,  83,  84,  86,
      2,  21,  43,  45,  52,  56,  58,  59,  61,  62,  64,  69,  70,  73,  75,   2,
      4,   6,   7,  21,  42,  45,  46,  47,  48,  49,  50,  53,  54,  55,  64,  67,
     78,  82,  87,   2,   4,   6,   7,  21,  38,  46,  47,  48,  49,  50,  51,  53,
     54,  55,  64,  66,  67,  70,  87,   2,   3,   4,   6,   7,  21,  38,  41,  42,
     44,  45,  46,  47,  48,  49,  50,  51,  53,  54,  55,  64,  67,  70,  78,  86,
     87,   5,  38,  43,  44,  52,  54,  56,  58,  59,  62,  64,  66,  68,  69,  73,
     74,  76,  83,   4,   6,  41,  42,  46,  47,  48,  49,  50,  53,  54,  55,  60,
     64,  67,  68,  69,  87,   4,   6,  21,  42,  47,  48,  50,  53,  54,  60,  61,
     64,  66,  67,  68,  69,  70,  75,  87,   3,   4,   6,  42,  47,  54,  62,  64,
     66,  67,  68,  73,  74,  82,  87,   3,   4,   6,  42,  47,  54,  64,  67,  70,
     82,  87,   4,   6,  21,  47,  48,  50,  53,  54,  64,  67,  70,  87,  42,  47,
     54,  64,  67,  42,  47,  54,  55,  56,  59,  64,  66,  67,  80,   5,  42,  43,
     46,  47,  49,  51,  52,  54,  56,  57,  58,  59,   4,   6,  21,  42,  47,  48,
     50,  53,  54,  60,  61,  64,  66,  67,  68,  69,  70,  75,  87,   3,   4,   6,
     41,  42,  46,  47,  48,  49,  50,  53,  54,  55,  60,  64,  66,  67,  68,  86,
     87,  42,  47,  54,  55,  56,  59,  64,  67,  80,   2,   4,   6,  21,  42,  46,
     47,  48,  49,  50,  51,  53,  54,  58,  60,  61,  64,  67,  70,  87,   2,   3,
      4,   6,  21,  38,  41,  42,  45,  46,  47,  48,  49,  50,  52,  53,  54,  55,
     60,  64,  67,  68,  69,  70,  72,  75,  86,  87,   0,   3,  42,  46,  47,  52,
     54,  62,  66,  68,  69,  70,  73,  74,  86,  42,  47,  54,  64,  68,  86,   4,
      6,  42,  47,  54,  67,  87,   4,   6,  41,  42,  46,  47,  48,  49,  50,  53,
     54,  55,  60,  64,  67,  68,  69,  71,  87,  54,  64,  70,  64,  54,  69,  83,
     49,  64,  64,   4,   6,  87,   4,   6,  43,  48,  49,  64,  76,  80,  87,   3,
      4,   6,  48,  49,  64,  80,  87,  47,  49,  64,  78,   3,  86,  80,  35,   9,
     26,  35,  39,  46,  48,  49,  62,  64,  66,  68,  71,  73,  74,  75,  80,  84,
      9,  22,  24,  25,  29,  39,  46,  47,  48,  49,  56,  59,  62,  63,  64,  65,
     66,  68,  69,  71,  73,  74,  75,  84,  88,  89,   0,  35,  35,
};

static const int8_t notoserif_14_italicKernSparseValues[] = {
     -37,  -19,    9,  -56,  -37,  -37,  -28,  -56,  -19,   -5,  -23,  -19,  -21,   -9,   14,   -9,
       9,    5,   -9,   -9,   -5,   14,   19,   -9,  -56,  -56,  -23,  -37,   -9,  -23,  -33,  -23,
     -23,  -37,  -56,   -9,  -33,   -5,  -42,  -37,  -33,  -23,   -9,   -9,  -28,   -9,    5,   -9,
       9,  -14,  -61,   -9,  -33,  -33,   -9,  -33,  -19,   -9,   -5,   -5,   -5,  -19,   -9,  -37,
      -9,  -33,   -9,  -28,   -9,  -37,  -33,  -33,   -9,   -9,   -9,  -28,  -14,  -23,  -23,  -23,
     -42,   -9,   -9,   -9,  -19,  -14,   -9,  -19,   -9,   -5,   -9,  -14,   -9,  -14,   -9,  -19,
      -9,   -9,   -9,   -9,   -9,  -14,  -23,   -9,   -9,   -9,   -9,  -19,  -37,  -37,  -33,  -19,
     -19,  -19,  -51,  -37,   -9,   -9,   -9,   -9,   -9,   -9,   -9,   -9,   -9,   -9,   -9,   -9,
      -9,   -9,  -14,  -14,  -28,  -37,  -33,   -9,  -37,  -23,  -28,  -14,  -42,   -9,   -9,   -9,
      -9,   -9,  -56,  -56,  -23,  -37,  -56,   -9,   -9,   -9,   -9,   -5,  -14,  -14,  -14,   -9,
      -9,   -9,   -9,   -9,   -9,   -9,   -9,   -5,   -9,   -9,   -9,  -42,  -42,  -28,   -9,  -14,
     -14,  -14,  -37,   23,  -42,   -9,   -9,   -9,   -9,   -9,   -9,  -14,  -51,  -51,  -37,   -9,
     -28,  -28,  -28,  -19,  -61,  -51,  -14,  -42,  -42,  -28,   -9,  -23,  -28,  -28,  -14,   -9,
     -61,  -42,   -9,   -5,   -5,   -5,  -14,  -23,  -19,  -14,  -37,  -37,  -33,  -14,   -9,  -28,
     -33,  -33,  -28,   -5,   -5,  -42,  -37,  -19,   -9,   28,  -14,   23,  -19,  -51,   -9,   -9,
      -9,   19,  -37,   -9,   28,  -19,   -9,  -23,  -19,  -23,   -9,  -19,  -14,  -28,  -28,  -33,
      -9,  -23,  -23,  -33,   37,   42,   37,   47,   28,   -9,   -9,  -19,   -9,   14,  -79,  -79,
     -14,  -19,  -23,  -14,   -9,   -9,   -9,  -79,   -9,  -14,  -14,  -23,  -23,  -33,  -14,   -9,
     -14,  -33,  -33,  -33,   -9,   -9,  -14,  -33,  -42,  -42,   -9,  -42,   -9,  -19,  -14,  -14,
      -9,   -9,   -5,  -23,  -28,  -23,  -19,   -9,   -5,  -19,  -14,   -5,  -23,  -23,  -23,  -37,
      -9,  -33,   -9,  -28,   -9,  -37,  -33,  -33,   -9,   -9,   -9,  -23,  -14,  -23,  -23,  -23,
     -42,   14,   33,   19,   14,   23,   33,   33,   42,   33,   33,   47,   37,   42,   42,   14,
     -14,  -14,  -23,  -14,  -14,  -19,    9,    9,    9,    9,   -9,   -9,   -9,   -9,   -9,   -9,
      -9,   -9,  -14,    9,   -5,   -5,    5,    9,   14,    9,   14,   14,    5,   -5,  -14,  -14,
     -28,   -9,    5,   14,   14,  -23,    5,  -28,  -28,  -14,  -28,   -9,  -14,   -9,   -9,  -14,
     -14,    9,    5,    9,    5,   -9,   -9,   -7,   -9,   -9,   -9,   -9,  -79,   -9,  -37,   -5,
      -5,  -37,   -7, -112,   -5,   -5,   -5,   -9,   -9,  -28,   -5,   -7,   -5,   -5,  -14,  -33,
     -70,   14,  -28,  -19,  -28,  -14,  -19,  -23,   -9,   -5,  -14,  -28,  -19,  -12,   -7,  -14,
      -5,  -14,    9,  -28,   19,    5,  -14,   -7,    9,    9,  -28,   -5,   -5,   -5,   -5,   -5,
      -5,   -5,   -5,  -12,   -5,  -14,   -9,   -9,   -5,   -9,   -9,   -9,   -7,   -9,   14,   -9,
      14,   14,  -47,   -9,  -23,   -5,   -5,  -37,   -7,  -56,   -5,   -5,   -5,   -9,   -9,  -28,
      -5,   -7,   -5,   -5,  -14,  -19,  -42,  -56,  -19,  -33,   -9,   -9,  -23,  -42,  -28,  -19,
     -14,  -65,  -19,  -37,  -61,   -9,   -5,   -9,   -5,   -9,   -9,  -19,  -23,   -9,   -9,   -9,
      -5,   -9,  -23,  -14,  -33,  -47,   -9,  -14,  -14,   -5,    5,    9,   -5,  -23,   -9,   -9,
      -5,   -9,   -5,   -5,  -14,  -14,   -5,   -2,   -5,   -9,  -14,   -9,    5,   19,  -51,   -9,
     -51,   -9,    9,  -37,  -19,  -23,   -5,  -28,  -61,  -37,  -28,  -19,  -23,  -14,  -37,  -19,
      -5,   -5,   -9,  -56,   -5,   -9,  -14,   -5,   14,  -19,  -51,  -37,  -33,   -5,   -9,  -28,
     -14,   -5,  -37,   -5,  -23,  -56,  -14,   -9,  -14,   -9,   -5,  -28,  -33,  -19,   -5,   -9,
      -9,   -9,  -28,  -19,  -42,   -5,   -9,   -5,  -12,   -5,  -14,  -14,   -5,   -9,   -5,   -9,
      -5,  -19,   -5,   -9,   -5,   -7,  -12,   -9,   -5,   -9,   -9,   -5,   -9,   -5,  -16,   -5,
     -23,   -5,   -7,   -7,   -5,   -5,  -23,   -9,   -5,   -9,   -5,   -9,   -9,   -9,  -14,   -9,
       5,   14,   -5,    9,   -9,   -7,   -5,   -7,   -5,   -5,   -9,   -5,   -5,   -5,    5,   -9,
      -9,   -9,   -9,   -9,   -9,   -7,   -7,  -35,   -9,  -16,   -9,   -9,   -5,   -5,  -19,   -5,
      -9,   -9,   -9,   -9,  -56,  -56,   -9,  -19,   -5,  -23,   -9,  -23,  -33,  -19,   -7,  -19,
     -12,   -5,  -23,   14,   -5,   -5,  -56,   -9,   -5,  -14,  -14,  -14,  -19,   -5,   -5,  -19,
      -9,   -9,  -14,  -42,  -14,  -23,  -19,   -9,  -19,  -14,  -14,  -19,   -9,   -2,   -9,  -14,
     -14,   -9,   -9,   -9,   -5,  -19,   -9,   -7,   -5,   -7,   -2,   -5,   -5,   -7,  -19,   -2,
       9,   -9,  -14,   14,   14,    9,   -9,   23,  -19,   21,   19,   28,   19,  -23,   23,    5,
      14,    7,   -5,   -7,   14,   -9,   -9,   -9,  -19,  -47,   -9,   -5,   -7,  -16,   -5,   -5,
      -9,   -7,  -16,   -7,   -2,   -5,   -5,   -9,   -5,   -5,   -5,  -14,  -33,  -23,   -7,   -7,
      -5,   -7,   -7,   -7,   -7,   -9,   -5,    9,   -9,   -9,   -5,  -23,   -9,  -14,   -5,   -5,
      -9,   -9,   -9,   -9,   -9,  -23,   -9,   -5,   -5,   -7,  -14,   -7,   -7,   -9,   -5,  -19,
      -9,   -5,   -5,   -5,  -19,   -7,    2,   -5,   -5,   -5,    5,   -2,   -9,  -14,   -7,   -5,
       5,  -23,    5,   -5,   -5,  -23,   -9,   -2,   -5,   -9,   -9,   -9,   -9,  -19,  -33,   -9,
      -5,   -7,  -16,   -5,   -5,   -9,   -7,  -16,   -7,   -2,   -5,   -5,   -9,   14,    9,    9,
      12,  -19,   23,  -14,   21,   21,   28,   21,  -28,   23,    5,   14,   -5,    7,   -9,  -14,
       9,   -5,  -19,   -7,    2,   -5,   -5,   -5,   -2,   -9,   -5,   -9,   -9,   -9,   -5,   -7,
     -14,   -9,   -9,   -5,   -9,   -5,  -14,   -5,   -9,   -5,  -33,  -16,   -5,   -9,   19,   -9,
       9,    9,   37,    7,   14,   -9,   14,   26,   -7,   26,   26,   33,   -5,   28,  -23,   30,
       9,   19,   12,   -5,   -7,    7,    5,   14,   -9,    9,  -33,  -28,  -33,    5,  -33,   -5,
     -51,   -5,  -16,  -21,  -23,   -5,   -5,   -5,  -28,   -9,  -47,  -26,  -14,   -5,   -9,   -9,
      -9,   -9,  -23,  -23,   -7,   -9,   14,   14,    9,  -12,   23,  -12,   21,   19,   28,   19,
     -24,   23,    5,   14,    7,   -5,   -7,    5,   14,   -9,  -23,   -9,  -19,   -9,  -14,  -14,
     -28,  -33,  -33,  -42,  -42,  -42,  -33,  -33,   -9,  -28,  -28,  -28,   -9,   -9,  -33,   14,
     -33,  -33,  -28,  -19,  -28,  -19,  -33,   -9,  -23,  -19,   -9,   -9,   -9,   -9,   -9,  -33,
       5,    9,  -65,  -14,  -33,  -28,    9,  -14,   33,   19,   14,   23,   23,   14,  -19,  -65,
     -42,   -5,   -5,   -5,  -23,  -65,  -19,    9,  -33,  -28,   -5,   -5,   19,   19,   -9,   19,
      23,   28,   23,   23,   19,   19,    9,  -65,   30,   33,  -14,   -7,   -7,
};

static const EpdLigaturePair notoserif_14_italicLigaturePairs[] = {
    { 0x00660066, 0xFB00 }, // f f -> U+FB00
    { 0x00660069, 0xFB01 }, // f i -> U+FB01
    { 0x0066006C, 0xFB02 }, // f l -> U+FB02
    { 0xFB000069, 0xFB03 }, // U+FB00 i -> U+FB03
    { 0xFB00006C, 0xFB04 }, // U+FB00 l -> U+FB04
};

static const EpdFontData notoserif_14_italic = {
    notoserif_14_italicBitmaps,
    notoserif_14_italicGlyphs,
    notoserif_14_italicIntervals,
    18,
    40,
    32,
    -9,
    true,
    notoserif_14_italicGroups,
    13,
    nullptr,
    nullptr,  // kernLeftClasses: built-in fonts use the split arrays below
    nullptr,  // kernRightClasses
    notoserif_14_italicKernLeftCodepoints,
    notoserif_14_italicKernLeftClassIds,
    notoserif_14_italicKernRightCodepoints,
    notoserif_14_italicKernRightClassIds,
    nullptr,  // kernMatrix: built-in fonts use the sparse form below
    notoserif_14_italicKernRowOffsets,
    notoserif_14_italicKernSparseCols,
    notoserif_14_italicKernSparseValues,
    551,
    557,
    103,
    90,
    notoserif_14_italicLigaturePairs,
    5,
};
