/**
 * generated by fontconvert.py
 * name: notoserif_14_regular
 * size: 14
 * mode: 2-bit  compressed: true
 * Command used: fontconvert.py notoserif_14_regular 14 ../builtinFonts/source/NotoSerif/NotoSerif-Regular.ttf --2bit --compress --pnum --zopfli
 */
#pragma once
#include "EpdFontData.h"

static const uint8_t notoserif_14_regularBitmaps[29791] = {
    0xAD, 0x98, 0x01, 0xA4, 0x25, 0x59, 0x7A, 0xC7, 0x7F, 0x75, 0xCF, 0xF6, 0x14, 0x29, 0xE6, 0x34,
    0xF2, 0x40, 0x67, 0xBA, 0x16, 0x10, 0xAB, 0x67, 0x2A, 0x08, 0x66, 0xB9, 0xF7, 0x9D, 0xDA, 0x2C,
    0x16, 0x41, 0x0F, 0xBA, 0x41, 0xD0, 0x41, 0x20, 0x24, 0x5E, 0x30, 0x68, 0xBC, 0xE9, 0xAA, 0x08,
    0x02, 0xC8, 0x40, 0x02, 0x21, 0x16, 0x01, 0x6F, 0xD1, 0x8B, 0x0E, 0x83, 0xD7, 0xAF, 0xCE, 0x4C,
    0x23, 0x58, 0x74, 0x25, 0xBB, 0x00, 0x4C, 0x25, 0x19, 0x13, 0xD9, 0x11, 0x73, 0x76, 0xA7, 0x26,
    0x53, 0xD3, 0x7D, 0xAA, 0xBE, 0x9C, 0xCF, 0xBD, 0xF7, 0x75, 0x77, 0x7B, 0x66, 0xDF, 0xCC, 0x6C,
    0xDD, 0xEF, 0xFF, 0xFB, 0xEE, 0xFD, 0xEA, 0x9C, 0x73, 0x4E, 0x9D, 0x73, 0xCE, 0xF7, 0xCA, 0x5B,
    0x96, 0x65, 0x9E, 0x1F, 0x9E, 0x9E, 0x1E, 0x1F, 0x1F, 0xAF, 0xD3, 0x05, 0xC7, 0x22, 0x33, 0x8D,
    0xF5, 0xCE, 0xFA, 0x43, 0xEB, 0x37, 0x85, 0xDF, 0xE4, 0x7E, 0x6D, 0xDA, 0x1B, 0xA6, 0x05, 0xB0,
    0x04, 0x6C, 0x36, 0x70, 0x7D, 0xD5, 0xF3, 0xBA, 0xF1, 0xAC, 0xB7, 0x2A, 0x45, 0x24, 0x69, 0xE6,
    0x6E, 0x51, 0xF3, 0xC0, 0x42, 0xD8, 0xEB, 0x3A, 0x4E, 0x64, 0x6A, 0x44, 0xA2, 0xF1, 0x6B, 0xB6,
    0xBA, 0x4B, 0xDE, 0x3E, 0xA0, 0xA8, 0x03, 0xDA, 0x1C, 0x00, 0x76, 0xA7, 0x6E, 0x22, 0x97, 0x0E,
    0xFB, 0xB8, 0x6C, 0xAB, 0x9B, 0x3A, 0x08, 0x5B, 0x57, 0x37, 0xA1, 0x7C, 0x0C, 0x56, 0xC0, 0x48,
    0xAB, 0x65, 0xF4, 0x47, 0x52, 0xE3, 0xB1, 0xD6, 0xAF, 0x6D, 0xD1, 0x1F, 0x27, 0xDD, 0xB3, 0x5A,
    0xBE, 0x6C, 0x4B, 0x59, 0x58, 0xC9, 0x00, 0x96, 0x67, 0xBA, 0xC2, 0xEE, 0x2A, 0x16, 0x08, 0x54,
    0x37, 0xFD, 0x6A, 0xE0, 0x30, 0xF7, 0xC6, 0x73, 0x6C, 0x86, 0xA2, 0xE5, 0xD4, 0x04, 0x0B, 0xD1,
    0x84, 0x37, 0x50, 0xAE, 0x51, 0xBE, 0x87, 0xC6, 0x43, 0xD5, 0xBE, 0x63, 0xFE, 0x73, 0x90, 0xD1,
    0x15, 0x8F, 0x1E, 0x85, 0xD3, 0xF2, 0xFE, 0x1F, 0xFF, 0x6D, 0xBF, 0x31, 0xB3, 0x2D, 0xBC, 0x83,
    0x37, 0xAC, 0x72, 0xAD, 0xE4, 0x3D, 0x25, 0x41, 0xB9, 0x1A, 0x0A, 0x7F, 0x88, 0xF1, 0xA6, 0x3F,
    0xA6, 0x68, 0x4D, 0x88, 0x58, 0x90, 0xC0, 0xF3, 0x43, 0xE9, 0x66, 0xC0, 0xCC, 0x4D, 0x0D, 0x79,
    0xAA, 0x04, 0x45, 0x5F, 0x9C, 0x33, 0x1F, 0x34, 0x62, 0x42, 0xD9, 0xC2, 0x2A, 0x9E, 0x81, 0x56,
    0xBF, 0x72, 0x8B, 0x4C, 0x5A, 0xBB, 0x60, 0xA5, 0xB7, 0x3D, 0xEE, 0x47, 0xA3, 0xAD, 0x39, 0xCB,
    0x66, 0x0B, 0x91, 0xE6, 0xA6, 0xB2, 0xFC, 0x5F, 0x65, 0x11, 0x95, 0xAB, 0xC4, 0x05, 0x04, 0x5C,
    0x9D, 0x8B, 0xA7, 0xFC, 0xB2, 0xBB, 0xF9, 0x39, 0x46, 0x26, 0x9D, 0xC6, 0x03, 0x80, 0xC6, 0x1D,
    0x6E, 0x36, 0xEB, 0x1B, 0x00, 0x14, 0xE0, 0x60, 0xC2, 0x04, 0xAC, 0x57, 0xAB, 0x6A, 0x1C, 0x3B,
    0x6B, 0x5E, 0xB6, 0xFD, 0xAD, 0x9A, 0xB2, 0xD5, 0xC2, 0x79, 0xAF, 0x15, 0x89, 0x50, 0xC2, 0x0A,
    0xE0, 0x4D, 0xA8, 0xF4, 0x69, 0x58, 0x6D, 0xE3, 0x0F, 0x5F, 0xAC, 0xA6, 0xD6, 0x3E, 0x67, 0xCF,
    0x75, 0x76, 0x0F, 0x22, 0xD9, 0x7E, 0x24, 0x87, 0xF0, 0x5D, 0x00, 0x60, 0xB3, 0xD5, 0x9B, 0xEB,
    0xEB, 0xC8, 0x5F, 0x08, 0xA5, 0x4C, 0x20, 0x35, 0x47, 0xB2, 0xD0, 0xDD, 0xE8, 0xF8, 0xC3, 0xF5,
    0xAB, 0x7A, 0x1F, 0xAD, 0x42, 0x01, 0xD8, 0x17, 0x75, 0x70, 0xE7, 0x76, 0xED, 0x44, 0x86, 0xEF,
    0xDD, 0x3F, 0x69, 0xB1, 0xF0, 0xB2, 0x6C, 0x5B, 0xF5, 0x55, 0x28, 0xC2, 0x6A, 0x30, 0xBE, 0xA8,
    0x37, 0x5C, 0x05, 0x68, 0xA4, 0x4E, 0x06, 0x54, 0xB8, 0x36, 0x7D, 0x00, 0x80, 0xA2, 0xC6, 0xA2,
    0x76, 0x1D, 0x5E, 0x87, 0xB5, 0x1A, 0x77, 0x21, 0xEC, 0x2C, 0xEB, 0x31, 0x7E, 0x67, 0xE7, 0x65,
    0x5F, 0x7D, 0xB1, 0xEC, 0x03, 0x08, 0xF0, 0x63, 0x00, 0xA0, 0x1B, 0x31, 0x8B, 0x60, 0xFB, 0xB2,
    0xB5, 0xDE, 0xFA, 0xAA, 0xCE, 0x07, 0x87, 0x09, 0xAA, 0x66, 0xAB, 0x51, 0xD5, 0xA9, 0x7F, 0xA6,
    0xE0, 0xF6, 0x4A, 0xE5, 0x4B, 0xAF, 0x35, 0xCB, 0xD6, 0x7C, 0xD9, 0x81, 0x4C, 0x70, 0xA5, 0x06,
    0xEB, 0xA1, 0xF1, 0xAC, 0xC4, 0x53, 0x7D, 0xE8, 0x69, 0x4A, 0xCF, 0xEF, 0x26, 0xF1, 0x0D, 0x74,
    0xA5, 0xF9, 0x9C, 0x4A, 0xC4, 0x03, 0xAC, 0x64, 0xC4, 0x3E, 0x59, 0xA8, 0x5A, 0x57, 0x3B, 0x4A,
    0xEF, 0xB0, 0xFE, 0x77, 0xB0, 0xBB, 0xC2, 0x55, 0x0D, 0x0E, 0x38, 0x05, 0x46, 0x30, 0x03, 0x58,
    0x0D, 0x03, 0xC7, 0x90, 0x05, 0x30, 0x9E, 0xC1, 0xC2, 0x70, 0x78, 0xFB, 0x4F, 0x06, 0x5D, 0x14,
    0xD5, 0xB6, 0xDD, 0x29, 0xB5, 0x2B, 0x54, 0x6D, 0xE5, 0xB5, 0xCD, 0xEA, 0xBC, 0x5D, 0x95, 0x03,
    0x1E, 0x42, 0x35, 0x40, 0x33, 0x43, 0xD6, 0xB5, 0x50, 0xF6, 0x50, 0x04, 0xC8, 0x93, 0x4C, 0xF8,
    0xBD, 0xE4, 0xD7, 0xD8, 0x41, 0xC7, 0x54, 0x7D, 0x2C, 0x14, 0x32, 0xC1, 0x01, 0x80, 0x03, 0x3A,
    0x40, 0xC0, 0x7C, 0x0A, 0x45, 0x03, 0xD6, 0xC1, 0x3A, 0xE9, 0x6E, 0x92, 0xCE, 0xA2, 0x77, 0xE4,
    0xAD, 0xC3, 0xE2, 0xD8, 0x24, 0xBD, 0x73, 0xBB, 0xF9, 0x7B, 0x49, 0xD7, 0x41, 0xF2, 0xE0, 0xD8,
    0xA9, 0xE6, 0x4A, 0xF7, 0x0B, 0xAC, 0x44, 0x2B, 0x0B, 0xA5, 0x08, 0xE5, 0x49, 0xC7, 0x0D, 0x6C,
    0xD2, 0x2B, 0xAC, 0xE1, 0x5C, 0x9B, 0x13, 0x70, 0x32, 0xF2, 0xFD, 0x7C, 0x06, 0x1A, 0xC0, 0xB5,
    0x50, 0x9D, 0x4F, 0xE8, 0x55, 0xAA, 0x36, 0xE0, 0xEA, 0x48, 0x47, 0xF7, 0x93, 0x48, 0x25, 0x03,
    0xDC, 0x02, 0x00, 0xDC, 0x42, 0x36, 0x37, 0xAD, 0x09, 0xBA, 0xA6, 0xB9, 0xAE, 0x6A, 0xED, 0x80,
    0xBD, 0x9A, 0x6B, 0x03, 0x8D, 0x6E, 0xFC, 0xDE, 0xB5, 0x0D, 0xD6, 0x37, 0x14, 0x43, 0x52, 0x70,
    0xE4, 0x3B, 0x15, 0x83, 0xD5, 0x9D, 0xD4, 0x97, 0x5E, 0xF7, 0x03, 0xDD, 0x76, 0x3F, 0x88, 0x48,
    0x9F, 0xE4, 0x97, 0x93, 0xFB, 0x3E, 0x60, 0xDB, 0x81, 0x92, 0xB7, 0x70, 0xC0, 0xE1, 0x6E, 0xBD,
    0x22, 0x30, 0xC2, 0x2A, 0x80, 0x49, 0xCA, 0x7B, 0xB6, 0xD3, 0xDF, 0x42, 0x09, 0x2F, 0x17, 0xCD,
    0x46, 0x00, 0xC8, 0x64, 0xA2, 0xF8, 0xBC, 0xA3, 0x6C, 0xCB, 0x56, 0xD7, 0xED, 0x79, 0x55, 0xBE,
    0xAC, 0xED, 0xF4, 0x0E, 0x46, 0x02, 0xC8, 0x44, 0xFE, 0xDF, 0xBA, 0xBE, 0x8D, 0xDE, 0x1B, 0x1E,
    0x62, 0x42, 0x4C, 0x9A, 0x93, 0xCE, 0x92, 0xB4, 0x7C, 0xD9, 0x37, 0xB5, 0x91, 0x08, 0x07, 0xFB,
    0xB6, 0x07, 0x8A, 0xA7, 0x51, 0xEB, 0xE0, 0xA8, 0x6A, 0x7D, 0xDE, 0xB3, 0xA4, 0x05, 0xDB, 0xAB,
    0xD2, 0xF7, 0xA1, 0x49, 0x72, 0xDE, 0x0D, 0x56, 0xA4, 0x5F, 0xC9, 0xDF, 0xED, 0x07, 0xAD, 0x3A,
    0xDF, 0x8F, 0x6B, 0x4E, 0xA9, 0xFE, 0x71, 0xC4, 0x8A, 0xD7, 0x79, 0x66, 0x43, 0x87, 0xD0, 0xF0,
    0xF2, 0xF5, 0x2C, 0x6E, 0xEB, 0xCA, 0x3B, 0x5F, 0x7A, 0x5E, 0xBA, 0x4A, 0x5C, 0x8A, 0x5B, 0x6F,
    0xBC, 0x69, 0x4B, 0x4E, 0xA9, 0x01, 0xDE, 0x02, 0x33, 0x80, 0xF3, 0xAC, 0x66, 0xA8, 0x06, 0xB2,
    0x05, 0x4A, 0x8D, 0xA0, 0x3F, 0xD1, 0x30, 0x54, 0x3D, 0x98, 0x19, 0x2D, 0x07, 0xF9, 0xB0, 0xAD,
    0x07, 0xBB, 0x33, 0xD0, 0xF3, 0xDC, 0xF5, 0xBD, 0x93, 0x93, 0x56, 0xE3, 0x07, 0xB7, 0x6F, 0xD7,
    0x57, 0x81, 0x0D, 0xE0, 0xB4, 0x7A, 0x04, 0x1A, 0xAD, 0x3E, 0x01, 0x5D, 0x0B, 0x76, 0xD0, 0x80,
    0xDE, 0x38, 0xEF, 0xBE, 0x87, 0x43, 0x9E, 0xE5, 0xCE, 0x5C, 0x06, 0xAA, 0x8F, 0x67, 0x9C, 0x7E,
    0x28, 0xDB, 0x37, 0x9E, 0xCD, 0x4D, 0x92, 0xAB, 0xA1, 0x83, 0x55, 0x84, 0x32, 0x80, 0x03, 0xD6,
    0xC0, 0x0D, 0xD5, 0x0B, 0x13, 0x73, 0x7E, 0x84, 0x9E, 0x4D, 0xDB, 0x2B, 0xF2, 0x11, 0x1A, 0x17,
    0xA9, 0x75, 0x44, 0x14, 0x03, 0x54, 0x2D, 0x8C, 0xF0, 0x10, 0x58, 0x93, 0x8D, 0xFC, 0x39, 0xD7,
    0x31, 0x43, 0x21, 0x93, 0xA5, 0xF0, 0xEE, 0x07, 0xA3, 0xC5, 0xB6, 0x31, 0x0B, 0x45, 0x5D, 0x66,
    0xD3, 0x2A, 0x39, 0x67, 0x82, 0x49, 0xEE, 0x30, 0xB9, 0xC1, 0xD6, 0x9B, 0x7C, 0x30, 0xBD, 0x25,
    0xB9, 0xDC, 0xAB, 0x1B, 0x0A, 0x7F, 0x9D, 0x4D, 0xBA, 0xE3, 0xD7, 0xC9, 0x05, 0x37, 0x8C, 0x1C,
    0x22, 0x41, 0x06, 0x1C, 0x9A, 0x7F, 0x28, 0x6B, 0x00, 0xAC, 0x57, 0x62, 0x02, 0xBC, 0x02, 0xD9,
    0x0C, 0xF7, 0x00, 0xF7, 0xE4, 0xFE, 0x88, 0x0E, 0x73, 0xA9, 0x79, 0x76, 0x1D, 0xC2, 0xF9, 0x43,
    0x48, 0x8D, 0xD2, 0x03, 0xD9, 0x87, 0x4A, 0xF3, 0xB3, 0x41, 0xF9, 0x28, 0x00, 0xC5, 0x0F, 0x47,
    0xC0, 0xAE, 0x26, 0xA0, 0x24, 0x02, 0x1B, 0x66, 0x60, 0x4D, 0x03, 0xDC, 0x3B, 0xE9, 0x00, 0x11,
    0x69, 0x21, 0x50, 0x7A, 0x56, 0x3D, 0x76, 0x9B, 0xF5, 0x07, 0x72, 0x4F, 0xAE, 0x67, 0x0C, 0x33,
    0x72, 0xF4, 0x0B, 0xCA, 0x19, 0x89, 0x74, 0xE2, 0x45, 0x16, 0x38, 0x12, 0x09, 0xE9, 0xB6, 0xD1,
    0xCD, 0x8F, 0x82, 0x59, 0xB1, 0x9C, 0x7F, 0xD3, 0x58, 0xAA, 0x68, 0x44, 0xBC, 0xA2, 0x4F, 0x3F,
    0x57, 0x1A, 0xA3, 0x53, 0x38, 0x14, 0xF5, 0x8B, 0x20, 0xD7, 0x06, 0xEE, 0x3C, 0xB9, 0x3F, 0xED,
    0x86, 0x04, 0x50, 0x48, 0xA0, 0xFB, 0x64, 0x36, 0x13, 0x5D, 0x31, 0xE0, 0xAC, 0x67, 0xA3, 0xCB,
    0xE3, 0xEA, 0x24, 0xA0, 0xB9, 0x40, 0x8E, 0xDD, 0xFD, 0x5D, 0xAA, 0xB2, 0x81, 0xDC, 0x44, 0x2A,
    0x44, 0x12, 0x25, 0xC0, 0x2D, 0xED, 0xA0, 0xD6, 0x87, 0x98, 0xC8, 0x43, 0x26, 0x68, 0xF7, 0x6D,
    0x82, 0xED, 0x13, 0x8A, 0x90, 0x90, 0x2B, 0xCC, 0xA8, 0x98, 0x2E, 0xC6, 0xEE, 0x6E, 0xD8, 0xD7,
    0xD0, 0xBA, 0x38, 0x9F, 0x07, 0x44, 0x1F, 0x22, 0xA2, 0x0F, 0xA1, 0x88, 0x47, 0x49, 0x29, 0x7C,
    0x6C, 0x02, 0xEB, 0x9D, 0xBE, 0x93, 0xC4, 0xB9, 0x44, 0xDA, 0x24, 0xAF, 0xDF, 0x2F, 0x90, 0x55,
    0xA5, 0xFA, 0xE5, 0x9D, 0x27, 0x27, 0xA2, 0xD7, 0xA5, 0xDA, 0x54, 0x69, 0x9B, 0x4F, 0x4E, 0xDA,
    0x8B, 0xDB, 0x85, 0x3C, 0xE9, 0xCE, 0x5C, 0xF3, 0xEC, 0xE0, 0xE6, 0x32, 0x43, 0xF3, 0x4B, 0xF1,
    0xAB, 0x48, 0xD5, 0xEB, 0xF2, 0xF7, 0xD6, 0x53, 0xF8, 0xCA, 0x03, 0xAE, 0x56, 0x00, 0x34, 0x2F,
    0x23, 0x93, 0xA8, 0x88, 0x0E, 0x4D, 0x64, 0x35, 0x9A, 0x35, 0x13, 0xAC, 0xA2, 0x08, 0x09, 0x26,
    0x26, 0x20, 0xBF, 0xEC, 0x3C, 0xA5, 0x4E, 0x3D, 0x07, 0xDA, 0x6D, 0xDB, 0x89, 0x3F, 0x5A, 0xEA,
    0x6A, 0x69, 0x73, 0x9D, 0x53, 0x4C, 0xE2, 0xF8, 0x9B, 0x28, 0x22, 0x7B, 0x6A, 0xE4, 0x72, 0xCC,
    0x95, 0xE9, 0x61, 0x29, 0xE7, 0x5A, 0xC4, 0xEB, 0x36, 0x96, 0x36, 0x75, 0xAD, 0xF1, 0xAF, 0x63,
    0x79, 0xD0, 0x46, 0x44, 0xBC, 0x95, 0x49, 0x53, 0x47, 0x03, 0xEE, 0x9B, 0x1B, 0x0D, 0xCC, 0x64,
    0x91, 0x2A, 0xD0, 0xB4, 0x3A, 0x21, 0x32, 0xA5, 0x41, 0x75, 0x63, 0xBE, 0x3B, 0x13, 0x1B, 0x12,
    0xC6, 0x04, 0xD3, 0x27, 0xD8, 0x36, 0xE1, 0x0D, 0x12, 0x8E, 0x13, 0x7E, 0x15, 0x13, 0x3E, 0x5B,
    0x12, 0xA4, 0xAB, 0x31, 0xD1, 0x79, 0x2D, 0x12, 0x12, 0xF2, 0x09, 0xB3, 0x3B, 0x9A, 0xA2, 0x68,
    0x5A, 0x6D, 0x6F, 0x48, 0x03, 0xB7, 0xB3, 0x88, 0x5F, 0xE9, 0xC6, 0x24, 0xF5, 0x43, 0x0A, 0x63,
    0xBE, 0x9E, 0xB2, 0x24, 0xFB, 0xDC, 0xA6, 0xAC, 0xCE, 0x37, 0x65, 0x84, 0x5C, 0xFA, 0xA3, 0x19,
    0xAC, 0xB4, 0xB9, 0x80, 0x8D, 0x18, 0x81, 0x6A, 0x4A, 0xAE, 0x66, 0x93, 0xDC, 0x87, 0x9E, 0xEF,
    0x27, 0xF7, 0xD8, 0xF3, 0x2F, 0x93, 0xA6, 0x29, 0x7E, 0x35, 0x69, 0x9E, 0xCA, 0xFE, 0x43, 0x5D,
    0x30, 0xEF, 0x27, 0xF7, 0xC1, 0xA4, 0xCE, 0xF8, 0x98, 0xFF, 0xB5, 0xBA, 0xD9, 0x66, 0xEA, 0x9A,
    0xAD, 0x73, 0xAF, 0x6D, 0xDD, 0xB1, 0x3A, 0x5F, 0x46, 0x75, 0xDE, 0x8E, 0xC9, 0xE5, 0xBE, 0xD0,
    0xFC, 0x72, 0xE7, 0x23, 0x33, 0xE4, 0x4B, 0x2D, 0xD1, 0xF8, 0x4A, 0x7A, 0x09, 0x38, 0xA9, 0x8F,
    0x46, 0xAE, 0x2D, 0xE4, 0x91, 0x2C, 0x60, 0x04, 0x94, 0xB5, 0xF2, 0x53, 0xAF, 0x7C, 0x3C, 0x28,
    0xFF, 0x75, 0x54, 0x7E, 0x10, 0x95, 0x7E, 0x41, 0xD9, 0xA0, 0x74, 0x5E, 0x69, 0x07, 0x65, 0x1E,
    0x94, 0x26, 0x2A, 0x59, 0x94, 0x34, 0x4A, 0x5C, 0x20, 0xF7, 0xD8, 0x90, 0xFA, 0xA7, 0x08, 0x88,
    0xA6, 0x41, 0x00, 0xA0, 0x94, 0x01, 0xE4, 0x27, 0x33, 0x66, 0xC2, 0xD5, 0x76, 0xD8, 0x9E, 0x8A,
    0x3C, 0x38, 0x5D, 0x4B, 0x57, 0xA7, 0xB0, 0x83, 0x55, 0x6C, 0x20, 0xBB, 0x10, 0x4E, 0xEF, 0x6E,
    0xCB, 0x69, 0x26, 0x2E, 0xB5, 0xAE, 0xED, 0x35, 0xD9, 0x8C, 0xA4, 0x88, 0xFC, 0xC3, 0xC2, 0x36,
    0xA7, 0x71, 0x0B, 0x44, 0x16, 0x4D, 0x6A, 0x43, 0x1E, 0x34, 0x37, 0x65, 0x51, 0x93, 0x71, 0xD2,
    0xF2, 0x9C, 0xE2, 0x36, 0x9E, 0x3E, 0x4F, 0x3A, 0x6F, 0x64, 0xBE, 0x64, 0x62, 0xF8, 0xED, 0x3E,
    0x46, 0x78, 0xE1, 0x31, 0xAA, 0x17, 0x1E, 0xA3, 0x03, 0x68, 0x38, 0xCF, 0x37, 0x1E, 0xB0, 0x03,
    0xE8, 0xAA, 0x01, 0x47, 0xED, 0xFE, 0xEF, 0xCF, 0xA0, 0x39, 0x7A, 0x7A, 0xE9, 0xEF, 0xCF, 0x05,
    0x7F, 0x84, 0x02, 0x9A, 0x5F, 0x13, 0x16, 0xD2, 0xCF, 0x46, 0xB1, 0x3D, 0x2A, 0x7D, 0x42, 0x11,
    0xF6, 0x47, 0x25, 0x9B, 0xD9, 0xA6, 0xEE, 0x19, 0xD7, 0xEB, 0x01, 0x1F, 0x01, 0xB2, 0xFD, 0x0B,
    0x7D, 0x5D, 0xB5, 0x0E, 0xDB, 0xDE, 0xC3, 0x72, 0x0F, 0x70, 0xAA, 0x16, 0xCA, 0x11, 0x0A, 0xA9,
    0xC9, 0x64, 0x84, 0x4A, 0xB4, 0xC2, 0xEE, 0x25, 0xD9, 0xF6, 0xBF, 0x4F, 0xD1, 0x9F, 0x26, 0x69,
    0xEA, 0x4B, 0xF5, 0x5A, 0xF7, 0x6F, 0x1D, 0x85, 0x96, 0x3B, 0x80, 0x46, 0x44, 0xBC, 0xA2, 0x3F,
    0x36, 0x93, 0xE9, 0xDF, 0x36, 0xD3, 0xAA, 0x7F, 0x60, 0xA6, 0xAC, 0xBF, 0x6A, 0x26, 0x6A, 0x12,
    0xF8, 0x56, 0xB8, 0xB6, 0xD4, 0xA0, 0x73, 0xD4, 0x89, 0x77, 0xA2, 0x99, 0x2E, 0x45, 0xCC, 0x48,
    0xA6, 0xCF, 0x0B, 0xBF, 0x15, 0x8E, 0x3B, 0x66, 0x03, 0xAB, 0x88, 0xE9, 0x41, 0x28, 0x3C, 0x34,
    0x4F, 0x04, 0xB0, 0x32, 0x01, 0x1C, 0x00, 0x22, 0x34, 0xD2, 0x3D, 0xA1, 0xFA, 0x52, 0xD3, 0xD3,
    0x90, 0x27, 0x78, 0xCD, 0xA5, 0xDE, 0x4C, 0xD8, 0x3A, 0x8B, 0x58, 0x88, 0x94, 0xB0, 0xB0, 0x81,
    0x86, 0x35, 0x38, 0xEE, 0x26, 0xB4, 0x23, 0x94, 0x3E, 0x80, 0x7D, 0x7F, 0x80, 0xE2, 0xBF, 0xBC,
    0x66, 0x3C, 0xC5, 0x17, 0x2D, 0xAC, 0x04, 0x40, 0xC1, 0xA2, 0x38, 0x05, 0x91, 0x3A, 0x6F, 0x8D,
    0x8C, 0x47, 0x0B, 0xD6, 0x67, 0xDD, 0x50, 0x04, 0xEC, 0x40, 0x89, 0x49, 0x3E, 0xA8, 0x1F, 0xA9,
    0x02, 0x1B, 0x1D, 0xAE, 0x1B, 0x59, 0x93, 0x45, 0x36, 0x31, 0x79, 0x22, 0x77, 0x23, 0xEF, 0xC1,
    0xC2, 0x4F, 0x23, 0x01, 0x1A, 0xC2, 0x99, 0x7A, 0x47, 0x70, 0x99, 0xFA, 0x3F, 0xEA, 0x9D, 0x3E,
    0x60, 0xF5, 0xC8, 0x57, 0x3F, 0xF4, 0x60, 0x1F, 0xF9, 0xF2, 0x91, 0x57, 0xDF, 0xDA, 0x9F, 0xB5,
    0x60, 0x3F, 0xA9, 0xED, 0x63, 0x20, 0x17, 0xF2, 0x0F, 0x01, 0x23, 0x6A, 0x60, 0x16, 0xCC, 0x0C,
    0xAC, 0xA2, 0x1A, 0x10, 0xB5, 0x4F, 0x1A, 0x69, 0x65, 0xAC, 0x52, 0xA2, 0x1F, 0x4C, 0xA4, 0x82,
    0x99, 0x0D, 0x74, 0x3A, 0x00, 0xD7, 0x06, 0xD8, 0x36, 0xFD, 0xB4, 0x05, 0x23, 0xB0, 0xAB, 0xB9,
    0x00, 0x99, 0xA0, 0x31, 0xBD, 0x7B, 0xB3, 0x87, 0x32, 0x0F, 0xB0, 0x36, 0x11, 0x46, 0x66, 0x56,
    0x81, 0x4E, 0x57, 0xC1, 0xB5, 0xD5, 0x98, 0x75, 0xA3, 0x44, 0x23, 0xD1, 0x89, 0x97, 0x39, 0x75,
    0x74, 0x34, 0x99, 0x89, 0xBC, 0x5F, 0x45, 0x72, 0xCF, 0x82, 0x85, 0x86, 0xEB, 0xDA, 0xDB, 0x1A,
    0xAC, 0x7F, 0x00, 0x45, 0x08, 0x60, 0x7E, 0xDD, 0x43, 0xF6, 0xD4, 0x03, 0x02, 0xD0, 0x7C, 0x25,
    0x3A, 0xE0, 0x15, 0x79, 0x17, 0x4A, 0x89, 0x34, 0x22, 0x93, 0xEA, 0x98, 0x22, 0xDC, 0xC5, 0xF6,
    0x6F, 0xE3, 0xFC, 0x55, 0x1A, 0x60, 0xD9, 0x3E, 0x80, 0x19, 0xC1, 0x06, 0x28, 0xBD, 0x76, 0xBB,
    0xAD, 0x3D, 0x83, 0x89, 0x90, 0x07, 0x74, 0x99, 0x6E, 0x54, 0x9E, 0xB5, 0xAB, 0x59, 0xCB, 0xC9,
    0x49, 0x14, 0x91, 0x08, 0x6E, 0x71, 0xAD, 0xE3, 0x6B, 0x7C, 0xFE, 0xC7, 0xCD, 0x40, 0x50, 0xE3,
    0x2E, 0xAC, 0xD5, 0xB8, 0x01, 0xD7, 0xC1, 0xAA, 0x51, 0xD4, 0xE4, 0x2D, 0xC6, 0xAB, 0xAD, 0x7A,
    0x18, 0xF6, 0xA5, 0x1F, 0xC0, 0x7A, 0x6F, 0xAF, 0x81, 0xDD, 0xDB, 0x2B, 0x80, 0xC4, 0x3C, 0x66,
    0x97, 0xFE, 0xAC, 0xE2, 0xFD, 0x28, 0x13, 0x05, 0x60, 0x6B, 0xA8, 0x3C, 0xB8, 0x1E, 0x1E, 0x68,
    0x3F, 0x81, 0x6C, 0x38, 0xC6, 0xF8, 0x35, 0xB9, 0x2F, 0xB1, 0x58, 0x4A, 0x8A, 0x76, 0xA3, 0x11,
    0x56, 0xC3, 0x55, 0xA8, 0x9D, 0xC8, 0x98, 0x34, 0x01, 0xDC, 0xA2, 0xA3, 0xAA, 0x0B, 0x9F, 0x0D,
    0x5C, 0x5D, 0xC9, 0x80, 0x7D, 0x3A, 0x53, 0x7A, 0x47, 0x59, 0x3B, 0xF2, 0x74, 0x87, 0x9D, 0x56,
    0x22, 0x75, 0xF9, 0x51, 0x95, 0xA2, 0x55, 0x7D, 0x96, 0xF4, 0x10, 0xA7, 0xAA, 0x1B, 0xA4, 0x76,
    0x9F, 0x3E, 0xEE, 0xAD, 0xD8, 0xC0, 0x5B, 0x00, 0x40, 0x17, 0x80, 0x42, 0x61, 0x2E, 0x84, 0xF8,
    0x74, 0xC6, 0x64, 0xC4, 0x48, 0x16, 0x31, 0x91, 0x46, 0x97, 0xCE, 0xBD, 0xF8, 0xD2, 0x5E, 0x9D,
    0xC3, 0x29, 0x1C, 0x5A, 0x64, 0x57, 0x78, 0x66, 0xA6, 0xFC, 0x44, 0x22, 0xDD, 0xBF, 0xCB, 0xB0,
    0x4B, 0x00, 0xDD, 0x48, 0x2E, 0x7A, 0x26, 0xF7, 0x0B, 0xF5, 0x46, 0x12, 0xDC, 0x03, 0xCE, 0x76,
    0xBA, 0xF7, 0xC2, 0xCB, 0x7B, 0x46, 0xD9, 0x17, 0x75, 0x21, 0x42, 0x26, 0x11, 0xAE, 0xD4, 0xEC,
    0x2E, 0x09, 0x80, 0xBD, 0x78, 0xF4, 0xC8, 0xA3, 0x40, 0x21, 0x5F, 0x04, 0x6C, 0xEF, 0x74, 0x68,
    0x36, 0x81, 0x22, 0xD0, 0x90, 0x07, 0xEE, 0x69, 0x91, 0xB3, 0x1D, 0x76, 0x3F, 0x1B, 0x85, 0x23,
    0x57, 0xD8, 0x40, 0xE5, 0xCB, 0x80, 0x95, 0x2F, 0x66, 0x56, 0xF2, 0xF3, 0xFD, 0x7F, 0x19, 0xBB,
    0x01, 0x23, 0x33, 0xD6, 0xEB, 0xEC, 0x3E, 0xFB, 0xEF, 0x40, 0x73, 0xFB, 0x8E, 0xE6, 0x6F, 0xDF,
    0x9D, 0x9C, 0xB4, 0x2F, 0x8E, 0x1D, 0xAC, 0xCF, 0xDB, 0xFC, 0xF9, 0xB1, 0x67, 0xFF, 0x0C, 0x95,
    0xD4, 0x9C, 0x5A, 0xCF, 0x64, 0xDB, 0x6C, 0x84, 0xD5, 0x4E, 0x4E, 0x46, 0x95, 0x7E, 0xBF, 0xBC,
    0xA6, 0x6D, 0x82, 0x6F, 0x24, 0x00, 0xFC, 0x19, 0xCD, 0x17, 0xB3, 0x59, 0xE4, 0x61, 0xDE, 0xBB,
    0xEF, 0x58, 0x5F, 0xB6, 0xD6, 0x3F, 0xFF, 0x29, 0xD3, 0x12, 0x35, 0x3A, 0x16, 0xB2, 0x8F, 0x6B,
    0x8C, 0x87, 0x3C, 0xC9, 0x88, 0xB0, 0xD2, 0x57, 0x05, 0x91, 0x50, 0xA5, 0x56, 0x37, 0x30, 0x1D,
    0xAB, 0xC8, 0x82, 0x2E, 0x74, 0x99, 0x5E, 0xD5, 0x57, 0x32, 0x5D, 0x72, 0xCF, 0xB4, 0x98, 0x2F,
    0x24, 0x60, 0x16, 0x13, 0x49, 0x96, 0x10, 0x78, 0x78, 0x8E, 0xB3, 0xCB, 0xA0, 0x9C, 0xE9, 0xDA,
    0x4E, 0xDA, 0x6E, 0xD7, 0xAE, 0x19, 0xD5, 0x78, 0x17, 0x00, 0xD0, 0x05, 0x4D, 0x91, 0x4B, 0xD8,
    0xB5, 0xB9, 0x6E, 0xC4, 0x03, 0x31, 0x8B, 0x44, 0xFE, 0x14, 0xA0, 0x8C, 0x65, 0xE4, 0x37, 0x7E,
    0xB2, 0xC9, 0x84, 0xAA, 0x6F, 0xEA, 0x4B, 0x3D, 0x73, 0x29, 0x7B, 0x98, 0x90, 0x50, 0x78, 0xFD,
    0x79, 0xFE, 0x6E, 0x1E, 0x12, 0x3E, 0x9B, 0x12, 0x24, 0x26, 0xC4, 0x4E, 0x6F, 0xB8, 0xF6, 0xE5,
    0xB7, 0x8E, 0x72, 0x46, 0xEA, 0x4E, 0x5A, 0xE7, 0x01, 0x09, 0x68, 0xFC, 0x1B, 0x99, 0x36, 0x24,
    0xDE, 0x0D, 0x9D, 0xAF, 0x02, 0x55, 0x3A, 0xBE, 0x32, 0x63, 0x64, 0x25, 0xBE, 0xC3, 0x44, 0x04,
    0x87, 0x99, 0xD0, 0x64, 0x62, 0x46, 0x9D, 0xEA, 0xF6, 0x9B, 0xBA, 0x6B, 0xBA, 0x48, 0xE5, 0xD0,
    0xA4, 0x86, 0x43, 0x19, 0x53, 0x7F, 0x3D, 0xEE, 0x33, 0x99, 0xF6, 0xC9, 0x42, 0xD7, 0x72, 0xDA,
    0x65, 0x8C, 0x4B, 0x23, 0xB5, 0xE9, 0xDE, 0x4D, 0x2D, 0xBA, 0x40, 0xA7, 0x69, 0x47, 0xB0, 0xBE,
    0xF4, 0x29, 0xEF, 0xF5, 0xBA, 0x0F, 0x55, 0x7A, 0x56, 0x53, 0xCB, 0xA3, 0x4A, 0xBF, 0x37, 0x1A,
    0x57, 0x91, 0x0F, 0xBA, 0xC3, 0xF3, 0xCF, 0x9B, 0x7A, 0x7F, 0xD6, 0xBA, 0x5E, 0x3C, 0xCD, 0xB7,
    0x4D, 0x60, 0xE6, 0xA9, 0x44, 0xCC, 0xAF, 0x65, 0xC0, 0x84, 0x83, 0x8B, 0x77, 0x40, 0x39, 0x03,
    0x69, 0xED, 0x00, 0x79, 0x5F, 0xEA, 0x42, 0xFE, 0x4F, 0xEA, 0x6F, 0x99, 0x77, 0x82, 0xE6, 0x9D,
    0x00, 0x07, 0x17, 0xEF, 0x38, 0xF4, 0xA5, 0x1C, 0x32, 0x91, 0xD6, 0xF5, 0x52, 0xA7, 0x89, 0xF7,
    0xE6, 0xA9, 0xED, 0x4D, 0x2C, 0xBC, 0x89, 0x60, 0xA6, 0xA4, 0xF1, 0x2B, 0xA5, 0x67, 0x03, 0x27,
    0x03, 0x2B, 0x69, 0xCB, 0x4F, 0xC3, 0x26, 0x1B, 0x4F, 0x09, 0xA7, 0xBC, 0xDB, 0x80, 0x1B, 0xB0,
    0x42, 0x26, 0x03, 0xE5, 0xC8, 0x2A, 0xFE, 0x01, 0x71, 0xE4, 0x34, 0x32, 0x35, 0x3F, 0x0A, 0x95,
    0x78, 0x6E, 0x41, 0x0D, 0x03, 0xD9, 0x80, 0x19, 0x28, 0xA5, 0xEF, 0xA4, 0xCF, 0x07, 0xBE, 0xCA,
    0xB6, 0x7B, 0x73, 0x7E, 0x0B, 0x19, 0xB8, 0x42, 0x13, 0x8A, 0x59, 0xF1, 0xEC, 0x0D, 0xFD, 0xEC,
    0x92, 0xD8, 0xD5, 0x58, 0x45, 0xB3, 0x80, 0x48, 0xF3, 0x2E, 0x6E, 0x76, 0x81, 0xAC, 0x06, 0x99,
    0x73, 0x69, 0x45, 0x61, 0x07, 0x4E, 0xB1, 0x3D, 0x77, 0xB5, 0xDF, 0x80, 0x51, 0xAC, 0xA6, 0x55,
    0x0F, 0xD1, 0x78, 0x45, 0x0B, 0x67, 0x05, 0xE0, 0xAC, 0xE2, 0x35, 0xA0, 0x3C, 0x05, 0x6C, 0x54,
    0x8C, 0xA0, 0xF5, 0x90, 0xC8, 0x8F, 0x8D, 0x78, 0x89, 0xD9, 0x98, 0x9C, 0xD5, 0x69, 0x5D, 0x63,
    0x7B, 0x75, 0x14, 0x43, 0xFE, 0x90, 0xB7, 0xF5, 0x04, 0x3B, 0xB4, 0x83, 0x57, 0xD5, 0xAD, 0xC6,
    0xD7, 0xCB, 0x1F, 0x0C, 0x64, 0x71, 0x6D, 0x3F, 0xD0, 0x6E, 0xDE, 0xB4, 0x8F, 0xD4, 0xFD, 0x34,
    0xFF, 0x79, 0x0B, 0xEF, 0x04, 0xF3, 0x09, 0x70, 0x38, 0x18, 0x01, 0x9C, 0xCF, 0x16, 0xA0, 0xF2,
    0xCC, 0x80, 0x6D, 0x89, 0xD0, 0x48, 0x29, 0x38, 0x85, 0x99, 0xCC, 0xB0, 0x1B, 0xEB, 0x99, 0x05,
    0xDC, 0x5F, 0x02, 0x76, 0xDA, 0x8D, 0x4B, 0xD7, 0x16, 0xEC, 0x0C, 0xDC, 0x70, 0xC0, 0xDB, 0xA5,
    0x87, 0x50, 0x0C, 0x98, 0xDE, 0x8C, 0x1C, 0x8D, 0xD7, 0x16, 0xB6, 0xEF, 0x7A, 0x31, 0x97, 0xBA,
    0x53, 0xD8, 0x81, 0x88, 0xED, 0x19, 0xD1, 0xA9, 0x48, 0xC8, 0x02, 0x29, 0xBD, 0xED, 0xE7, 0xE3,
    0x61, 0xDE, 0xEE, 0xA7, 0x42, 0x51, 0xFE, 0xD3, 0x7E, 0x2A, 0x72, 0x85, 0x19, 0x81, 0x55, 0xD8,
    0x43, 0x6B, 0x51, 0x78, 0xC0, 0xD6, 0x40, 0x03, 0x5C, 0x8B, 0x80, 0x1B, 0x14, 0x22, 0x2A, 0x8E,
    0x59, 0xF8, 0xAB, 0x2C, 0xF2, 0x5D, 0x13, 0xC0, 0x0E, 0xBB, 0x17, 0x3D, 0x60, 0x81, 0x14, 0x66,
    0x1B, 0x36, 0x29, 0x9C, 0xD7, 0xAE, 0xB6, 0x75, 0x27, 0x82, 0x24, 0x01, 0x54, 0x81, 0x0E, 0xE2,
    0xC5, 0x96, 0x4D, 0xE4, 0xE9, 0x7E, 0xCB, 0xD1, 0xA0, 0x03, 0xD3, 0xB6, 0x2E, 0xB4, 0x19, 0xDC,
    0x40, 0x11, 0x08, 0x5F, 0x75, 0x01, 0x9D, 0x27, 0xD7, 0xCD, 0x41, 0x96, 0x2C, 0xBE, 0x6C, 0x24,
    0xEB, 0xA0, 0x0C, 0xDA, 0xDA, 0x0C, 0x1A, 0x7C, 0xC9, 0xB4, 0xAE, 0x4E, 0xFB, 0x40, 0x57, 0xA3,
    0x1D, 0x56, 0x73, 0x36, 0xAC, 0xCB, 0xBF, 0xF1, 0x6F, 0xE6, 0xE2, 0xEF, 0x22, 0x00, 0xFC, 0x3F,
    0xCD, 0x99, 0x31, 0x8C, 0xDD, 0x46, 0x7A, 0xC7, 0x7F, 0xE4, 0x68, 0xC5, 0xC0, 0xC4, 0x79, 0x5C,
    0x78, 0xE1, 0x0B, 0x84, 0x13, 0x91, 0xC0, 0x85, 0x11, 0x44, 0x7A, 0x4D, 0x0A, 0x15, 0x6F, 0x77,
    0x26, 0xA7, 0x22, 0x45, 0x0A, 0x6F, 0x21, 0x21, 0xE5, 0xBA, 0x48, 0xAF, 0x14, 0x2E, 0x14, 0x60,
    0x6F, 0xC9, 0x8B, 0x7A, 0x58, 0x4D, 0x52, 0x06, 0x2A, 0x52, 0xC9, 0x40, 0xEC, 0x42, 0x85, 0x8A,
    0xDD, 0x7D, 0x73, 0x56, 0xE1, 0x22, 0x85, 0x88, 0xF8, 0x02, 0x77, 0x31, 0x91, 0x73, 0x10, 0xE0,
    0x5C, 0x68, 0x7C, 0xA6, 0x71, 0x3C, 0x69, 0xF8, 0xBE, 0xCC, 0x70, 0xDF, 0xBE, 0xAC, 0x1C, 0x5D,
    0xA2, 0xF3, 0xAD, 0x20, 0x71, 0xE7, 0xFF, 0x1B, 0x72, 0xDE, 0xCC, 0xFF, 0xFB, 0x38, 0x1E, 0x12,
    0x43, 0x6B, 0x4F, 0x64, 0x84, 0x2B, 0xF3, 0xF9, 0x7C, 0x6F, 0x6F, 0xEF, 0xE0, 0xE0, 0xE0, 0x70,
    0x1C, 0x97, 0xCB, 0x6B, 0x68, 0x98, 0x54, 0x77, 0x28, 0x59, 0xA2, 0x1F, 0x1A, 0x6B, 0xF4, 0xAC,
    0x31, 0x5A, 0x73, 0xA4, 0x61, 0x8C, 0x0A, 0xA7, 0x94, 0xAE, 0xF7, 0xA3, 0x4C, 0xD2, 0x07, 0xCA,
    0x6A, 0xB9, 0x41, 0x9E, 0x8C, 0xAB, 0xDB, 0xAC, 0xBD, 0x00, 0xEA, 0x25, 0x6A, 0x5C, 0xB8, 0xA2,
    0xD5, 0x4E, 0xBB, 0x32, 0xAA, 0x68, 0xB4, 0x83, 0x13, 0x15, 0x2D, 0xBC, 0xF5, 0xED, 0x0E, 0x22,
    0x81, 0xAC, 0x07, 0x06, 0x20, 0xAC, 0x34, 0x00, 0x1E, 0x54, 0xCB, 0x39, 0x2D, 0xDD, 0x4D, 0x23,
    0xD2, 0x5F, 0x39, 0x2F, 0x2D, 0x6C, 0xF0, 0x26, 0x34, 0x5B, 0xB3, 0xCF, 0x5C, 0x25, 0xD2, 0x94,
    0xAD, 0x41, 0x4F, 0x7F, 0x45, 0x73, 0x11, 0xD5, 0xA4, 0x3A, 0x5D, 0x95, 0xCE, 0xA0, 0x45, 0xEC,
    0x76, 0xFD, 0xB9, 0xFB, 0x21, 0x59, 0x23, 0xA3, 0x16, 0xEA, 0xA1, 0x58, 0xA2, 0x3B, 0x7A, 0xCA,
    0x0E, 0x8F, 0xF2, 0x79, 0x4B, 0x3E, 0x28, 0x07, 0xA1, 0xB0, 0x70, 0xA8, 0x01, 0xF3, 0x23, 0x60,
    0x36, 0x07, 0xF4, 0x00, 0x85, 0x88, 0x27, 0xFF, 0xF0, 0xF1, 0x6D, 0x50, 0x1E, 0xF2, 0x8F, 0x1E,
    0xDF, 0x99, 0xDA, 0xA6, 0xCB, 0x15, 0x8A, 0x84, 0xDD, 0xDF, 0x40, 0x26, 0xE2, 0xC0, 0xFF, 0xCF,
    0xF1, 0x1E, 0x00, 0x1F, 0x9F, 0x6A, 0x01, 0x50, 0xD2, 0xA1, 0x3F, 0x1F, 0xD8, 0x26, 0x30, 0x67,
    0x2F, 0xEA, 0x0A, 0xDB, 0x80, 0x69, 0xA0, 0x1A, 0xC0, 0x48, 0xC3, 0x3D, 0xF1, 0xF8, 0x6A, 0x64,
    0xC8, 0x84, 0x23, 0x8C, 0x35, 0xAD, 0xB6, 0xD5, 0xA8, 0x6D, 0x21, 0x0F, 0x61, 0x31, 0x42, 0x19,
    0x80, 0x11, 0xD8, 0xE6, 0x4F, 0xB9, 0xC8, 0x3C, 0x6A, 0x3B, 0xD2, 0xFC, 0x74, 0x40, 0x4B, 0x07,
    0xD7, 0xE1, 0x66, 0x49, 0xA8, 0x5C, 0x2C, 0x6F, 0xBF, 0xC6, 0xEA, 0xC8, 0x65, 0x09, 0x98, 0xC7,
    0x8B, 0x0E, 0x02, 0x59, 0x40, 0xB5, 0x60, 0xD0, 0xB6, 0x0E, 0xBA, 0xA9, 0xD4, 0xB7, 0xB5, 0x72,
    0xF3, 0xD2, 0x55, 0x79, 0x37, 0xD7, 0xCD, 0x1F, 0xE0, 0x6F, 0x56, 0x80, 0x7F, 0x7F, 0x96, 0x78,
    0x6F, 0xB6, 0x3E, 0x5F, 0xB5, 0xC7, 0x3E, 0x13, 0x9D, 0xCA, 0xBA, 0x8B, 0xAA, 0xAF, 0x94, 0xD3,
    0x56, 0x42, 0xD9, 0xA8, 0x36, 0x63, 0x46, 0x36, 0x40, 0x00, 0xF3, 0x9F, 0x1F, 0xF9, 0x69, 0x1A,
    0x01, 0x36, 0x2C, 0x54, 0x23, 0x66, 0xC6, 0x5C, 0x5B, 0x62, 0x44, 0x69, 0x0E, 0x75, 0x13, 0x62,
    0xA9, 0x9A, 0xE5, 0xC2, 0x99, 0x4F, 0x3B, 0xDE, 0x3C, 0x0F, 0xF7, 0x2A, 0x32, 0x3F, 0xA7, 0x68,
    0x07, 0xF4, 0x03, 0x8F, 0x79, 0xB7, 0xC3, 0xE8, 0x96, 0x2A, 0x9E, 0x97, 0x3F, 0x1B, 0xC8, 0xFD,
    0x1E, 0xF4, 0x97, 0xE1, 0x4A, 0xC9, 0xE6, 0xF5, 0xEB, 0xD6, 0x88, 0x74, 0x7F, 0x72, 0xF7, 0xC3,
    0x0E, 0xB2, 0x67, 0x88, 0x06, 0xA8, 0xC5, 0xC6, 0x02, 0xFF, 0xDF, 0x3C, 0xEC, 0x4A, 0x17, 0xB3,
    0x2A, 0x1E, 0x8F, 0x71, 0x1E, 0x72, 0x3F, 0xCB, 0xBB, 0xC8, 0x0A, 0x7F, 0x73, 0xE2, 0xFB, 0xB9,
    0xDF, 0xC6, 0xDF, 0xCB, 0x65, 0x48, 0xE7, 0x4F, 0xFC, 0xD4, 0xDE, 0xE3, 0x63, 0x9F, 0x83, 0x89,
    0xE6, 0x78, 0x1E, 0x6E, 0x39, 0xBD, 0xBB, 0xD4, 0x4F, 0x9A, 0xE4, 0xF9, 0xDB, 0xE7, 0xC1, 0x88,
    0x0C, 0x49, 0x80, 0x1E, 0x31, 0x62, 0xF7, 0x0A, 0x77, 0x5F, 0xB9, 0x5E, 0xB5, 0x07, 0xCA, 0x6D,
    0x6B, 0x57, 0x09, 0x79, 0x0F, 0x25, 0xA0, 0x9F, 0xD6, 0xE6, 0xEE, 0xEA, 0x9E, 0x3F, 0xBA, 0xDB,
    0xA0, 0xE1, 0x3B, 0x5A, 0x1F, 0x46, 0xA4, 0x4D, 0xFD, 0x98, 0x26, 0x7D, 0x7F, 0x66, 0x0F, 0xB4,
    0x7B, 0x5B, 0x3B, 0x62, 0xA9, 0x2C, 0xDB, 0x70, 0x9F, 0xBC, 0x45, 0x5B, 0xB7, 0x95, 0x3B, 0x11,
    0xB7, 0x10, 0x77, 0xDC, 0xF3, 0x70, 0x66, 0x83, 0x76, 0x7F, 0x36, 0x75, 0xCB, 0x03, 0xE5, 0x08,
    0x95, 0xA3, 0x74, 0x77, 0xCA, 0xD6, 0x6B, 0x77, 0xB4, 0xB0, 0xB3, 0x81, 0x6C, 0x47, 0x77, 0x55,
    0xB3, 0xCD, 0x3D, 0x92, 0x93, 0x6E, 0x0C, 0xDA, 0x3D, 0x8F, 0x6A, 0xAA, 0x28, 0xE3, 0xEA, 0xA6,
    0x76, 0xB5, 0x3C, 0xE9, 0xF7, 0xE5, 0x93, 0x70, 0xF0, 0x26, 0x1C, 0x70, 0xAC, 0x43, 0x60, 0xE1,
    0xC0, 0x44, 0xCD, 0x2C, 0x00, 0x68, 0x11, 0x31, 0xF2, 0xB9, 0x5F, 0xC8, 0x2D, 0x27, 0xDF, 0x51,
    0x6A, 0x33, 0x51, 0xB3, 0xA8, 0x22, 0x8A, 0xE2, 0x77, 0x94, 0xBE, 0xE5, 0x91, 0x5B, 0xC2, 0x75,
    0xAE, 0x9F, 0xC3, 0x58, 0xD3, 0x18, 0x7B, 0x91, 0x8C, 0x82, 0xD2, 0x67, 0x81, 0x03, 0x42, 0xDD,
    0x9B, 0x96, 0x9E, 0xB2, 0x47, 0x7A, 0xFE, 0xB8, 0x27, 0x7F, 0x56, 0x79, 0x6B, 0xB4, 0x46, 0x1A,
    0x3D, 0x62, 0x6E, 0x34, 0xA1, 0x70, 0x41, 0x75, 0xEB, 0x72, 0x50, 0xB8, 0xD8, 0x58, 0x8E, 0xBC,
    0xBD, 0x01, 0x5B, 0x45, 0x83, 0x56, 0x6D, 0x5C, 0xC6, 0x3D, 0xCA, 0x07, 0xF2, 0x50, 0x93, 0x05,
    0x83, 0xF2, 0x23, 0x65, 0x5A, 0xEE, 0x57, 0x3B, 0x2E, 0x17, 0x2E, 0xAD, 0x6C, 0xE8, 0x39, 0x8E,
    0x8B, 0x67, 0xD1, 0xA3, 0x5A, 0xFE, 0x28, 0xD2, 0x91, 0xF5, 0x68, 0x3B, 0x91, 0xC4, 0xAD, 0x89,
    0xF3, 0x89, 0x7D, 0xE9, 0x22, 0x7D, 0x15, 0xA9, 0x5A, 0xE3, 0xDE, 0x1A, 0xAF, 0x3A, 0x71, 0x46,
    0x1E, 0xFE, 0xF9, 0x17, 0x0E, 0xB4, 0xFA, 0x20, 0x72, 0x4B, 0xEB, 0xC8, 0xF9, 0xC5, 0xDD, 0x7F,
    0x83, 0xDE, 0x88, 0x80, 0x47, 0xBB, 0xE4, 0x9E, 0xE8, 0xA8, 0xBE, 0x4C, 0xEE, 0x8B, 0x40, 0x4F,
    0xD6, 0x51, 0xA6, 0xB8, 0x29, 0x7A, 0xE1, 0x62, 0xF4, 0x55, 0xDC, 0xEA, 0x54, 0xDC, 0xBD, 0x89,
    0x7D, 0x62, 0xF6, 0xB5, 0x74, 0x31, 0xEE, 0x67, 0x5F, 0x87, 0xAC, 0x2F, 0x3E, 0x75, 0xE1, 0xAD,
    0xF1, 0xDD, 0x1F, 0x37, 0xC1, 0xC8, 0x17, 0x10, 0x48, 0xDD, 0x07, 0xD8, 0x23, 0xF7, 0x30, 0xD9,
    0x65, 0x9E, 0x8A, 0xE4, 0x7E, 0xFF, 0x75, 0x0A, 0x97, 0x77, 0x17, 0xD1, 0xB6, 0x94, 0x25, 0x15,
    0xA5, 0x8C, 0x00, 0x50, 0x8D, 0xE0, 0xD3, 0x72, 0x54, 0x2D, 0x41, 0x3B, 0xE5, 0x88, 0x8B, 0xB2,
    0xB4, 0x50, 0x59, 0x0D, 0x79, 0xE0, 0x12, 0x94, 0x23, 0x73, 0xA0, 0x72, 0xF7, 0x80, 0xD2, 0xF9,
    0x19, 0x77, 0xCA, 0x7F, 0x6D, 0x6B, 0xBC, 0x7E, 0xE0, 0x84, 0xA3, 0xC5, 0x5F, 0x5E, 0x15, 0x66,
    0x83, 0x2E, 0x6A, 0xE0, 0xD2, 0xEB, 0x06, 0x98, 0xCF, 0x13, 0xEF, 0xFF, 0x6D, 0x7D, 0x0D, 0xBC,
    0x48, 0x20, 0xEF, 0x30, 0xA0, 0x5C, 0x62, 0xD9, 0x50, 0xDF, 0x46, 0x93, 0x8B, 0xE7, 0x22, 0x18,
    0x4B, 0xDD, 0x60, 0xE0, 0x1C, 0x00, 0x3F, 0x80, 0x1F, 0x91, 0xDA, 0x2F, 0x93, 0x2D, 0x29, 0x7B,
    0x66, 0x8E, 0x1A, 0x46, 0x08, 0xA9, 0xFC, 0x30, 0x60, 0x0E, 0x31, 0x86, 0xA5, 0x96, 0xC0, 0x3F,
    0x37, 0xD3, 0x73, 0x0E, 0xBA, 0x05, 0x50, 0x1E, 0x80, 0x61, 0xE2, 0x1C, 0x98, 0x4C, 0xD7, 0xC7,
    0xF6, 0xC4, 0x7A, 0xA2, 0xD8, 0x89, 0x0E, 0xC8, 0xBE, 0x48, 0x54, 0xFF, 0xD2, 0x25, 0x3E, 0xF0,
    0x40, 0x79, 0xB5, 0x07, 0x74, 0x3E, 0x00, 0x15, 0x01, 0xD8, 0x62, 0x9C, 0x2C, 0x6B, 0x60, 0xFF,
    0xEE, 0x02, 0x10, 0x91, 0x06, 0x3C, 0x95, 0x23, 0x3F, 0xF9, 0x0F, 0x5B, 0x76, 0x14, 0x8E, 0xC2,
    0xA3, 0x1B, 0x54, 0xCF, 0x8D, 0x9F, 0x53, 0x8D, 0x48, 0xE0, 0xF8, 0xB1, 0xBF, 0x06, 0xA4, 0x66,
    0xA0, 0xE8, 0x80, 0xD4, 0x6B, 0xB2, 0x06, 0x78, 0xE3, 0x95, 0xC9, 0x73, 0x13, 0x80, 0x85, 0x05,
    0x32, 0x99, 0x22, 0xFE, 0xA2, 0x03, 0xB4, 0xED, 0x81, 0x73, 0xBC, 0xF9, 0x8A, 0xE4, 0x99, 0x35,
    0x00, 0x3A, 0xBC, 0x0E, 0x5C, 0x96, 0x00, 0x5C, 0xA9, 0x06, 0x80, 0xCC, 0xBE, 0x22, 0x19, 0x16,
    0xD6, 0x03, 0xFA, 0x93, 0x21, 0xF1, 0x67, 0x89, 0xE7, 0xED, 0x1D, 0x00, 0x78, 0x45, 0x32, 0xA4,
    0x06, 0xC8, 0xA5, 0x05, 0x94, 0xF3, 0x89, 0x8D, 0x5F, 0x9F, 0xE7, 0xE2, 0x00, 0x16, 0xCF, 0x9F,
    0x5B, 0x38, 0xCB, 0xDC, 0x8C, 0x88, 0xB4, 0x70, 0x21, 0x56, 0x1D, 0xA8, 0x47, 0x8D, 0xEA, 0xA0,
    0x9C, 0x35, 0x59, 0x07, 0x7A, 0xD6, 0xD0, 0xC1, 0x3C, 0x56, 0xF6, 0xB8, 0x02, 0xFC, 0xE9, 0x4A,
    0xB9, 0x99, 0x8C, 0x50, 0x34, 0x53, 0xA5, 0x99, 0x1A, 0xAB, 0xBB, 0x8B, 0x86, 0xC9, 0x39, 0x55,
    0x37, 0x31, 0xA9, 0xF2, 0xD3, 0x6F, 0x79, 0x97, 0xAA, 0x2B, 0xCA, 0xA5, 0xEA, 0x66, 0xE9, 0xD2,
    0x6F, 0x43, 0xFD, 0xF3, 0x6C, 0xF1, 0xCB, 0x0F, 0x7B, 0x09, 0x85, 0x88, 0xF4, 0x00, 0x94, 0xE2,
    0x59, 0x7C, 0x35, 0xAA, 0x81, 0x45, 0xD9, 0x61, 0xB4, 0x63, 0x2B, 0x0D, 0x37, 0x36, 0x0A, 0xA8,
    0x9F, 0x21, 0xC3, 0xEA, 0x77, 0x07, 0x55, 0x94, 0xF6, 0x14, 0x2A, 0x30, 0x43, 0x24, 0x52, 0x3C,
    0xF4, 0xC0, 0x72, 0xD5, 0x4B, 0x37, 0x51, 0x96, 0x52, 0xA0, 0x0C, 0x70, 0xED, 0xE4, 0x27, 0x40,
    0x3B, 0x50, 0x2D, 0x60, 0x01, 0x10, 0x91, 0x70, 0x23, 0xAA, 0xF0, 0xEC, 0x29, 0xCF, 0x7C, 0xA5,
    0x73, 0x51, 0xAC, 0x25, 0xD2, 0x44, 0xB9, 0x74, 0xFE, 0x0C, 0xE9, 0xA4, 0xC2, 0x53, 0xED, 0x3E,
    0xBE, 0x2B, 0xE9, 0x80, 0xCD, 0x55, 0xB0, 0x00, 0x59, 0xEA, 0xE4, 0x20, 0xE3, 0xC5, 0xC5, 0xCB,
    0x76, 0xA0, 0xF4, 0x50, 0x05, 0xD8, 0xDE, 0x86, 0x5E, 0x5B, 0x6C, 0x66, 0x5F, 0x58, 0xBC, 0x7B,
    0x1A, 0xC2, 0xCC, 0x4E, 0x7A, 0xEF, 0x35, 0xE0, 0xC5, 0xDD, 0xDB, 0x35, 0x58, 0x80, 0x01, 0xED,
    0xC8, 0x3B, 0xD8, 0x01, 0x88, 0x1E, 0x37, 0x96, 0xB6, 0xF0, 0xA8, 0xDF, 0xA5, 0x14, 0x9E, 0xDD,
    0x11, 0x11, 0xC7, 0x26, 0x18, 0x18, 0xE1, 0x78, 0x9F, 0xC2, 0x19, 0x78, 0x66, 0x3B, 0x94, 0x3D,
    0x55, 0x48, 0xF3, 0xDF, 0x6B, 0x9B, 0x66, 0xFF, 0xF7, 0xF6, 0x7C, 0x5F, 0x13, 0x66, 0xE9, 0x93,
    0xE3, 0xAF, 0x5F, 0x83, 0xB3, 0x48, 0x52, 0x44, 0x2C, 0x37, 0x44, 0x06, 0x0A, 0x9F, 0x09, 0xCA,
    0x63, 0x9A, 0x08, 0xDD, 0x46, 0x94, 0x3E, 0xF5, 0x4C, 0x50, 0x7D, 0xC2, 0xB0, 0x90, 0x41, 0x0D,
    0x22, 0x41, 0x0D, 0xD3, 0xE5, 0x1A, 0x7D, 0x82, 0x9F, 0x46, 0x9C, 0x8C, 0x35, 0xAE, 0xF0, 0x08,
    0xBB, 0x8F, 0x3F, 0x0A, 0xAB, 0x57, 0x54, 0x76, 0x1B, 0x40, 0x07, 0x0D, 0x54, 0x32, 0x02, 0x73,
    0x1D, 0x00, 0xD8, 0x61, 0x75, 0x88, 0xC7, 0x88, 0xBD, 0xD1, 0x73, 0x61, 0x49, 0x11, 0xC8, 0x3C,
    0x4A, 0x20, 0xD1, 0x26, 0x3E, 0x72, 0x89, 0x0F, 0xBB, 0xC4, 0x4F, 0xFB, 0xC4, 0x4F, 0x42, 0xA2,
    0x5B, 0x4E, 0xAC, 0x27, 0x1A, 0x97, 0xA8, 0xBB, 0xC4, 0xC2, 0x27, 0xAA, 0x90, 0xC8, 0x72, 0x62,
    0x3D, 0xD1, 0x78, 0x0A, 0x87, 0xF6, 0xEC, 0x7E, 0x49, 0xE9, 0x91, 0x25, 0xCA, 0xC3, 0x86, 0x05,
    0xB4, 0x83, 0xE9, 0x0A, 0x7A, 0x80, 0xF9, 0x53, 0xBB, 0x9D, 0x4A, 0x3A, 0x90, 0x0F, 0x47, 0xD4,
    0x80, 0xB1, 0xBA, 0x43, 0x3B, 0xED, 0x28, 0xBC, 0x69, 0x50, 0xDE, 0xD8, 0xD8, 0x6C, 0x98, 0x76,
    0xC6, 0x64, 0xCF, 0xC4, 0xF4, 0xEB, 0xD4, 0x2F, 0x8D, 0xE8, 0xAB, 0x34, 0x56, 0xB7, 0x69, 0xCA,
    0x7A, 0x4C, 0x83, 0xFC, 0xC3, 0x12, 0x66, 0xE2, 0x81, 0x6B, 0xC0, 0xF4, 0x14, 0xA3, 0x3B, 0xA0,
    0x6A, 0x80, 0x6D, 0x80, 0xFB, 0x00, 0x3B, 0x2F, 0x29, 0xA1, 0x09, 0x02, 0x28, 0xB1, 0x10, 0xB7,
    0xCA, 0xA0, 0x33, 0x0F, 0xE7, 0x78, 0xE3, 0xA5, 0x24, 0x74, 0xDE, 0x02, 0xA6, 0x9F, 0xC3, 0xBE,
    0x0C, 0xF0, 0xB1, 0xF1, 0x40, 0x66, 0x5F, 0x4A, 0x2E, 0x3A, 0x6B, 0x61, 0x76, 0xCB, 0x47, 0x5C,
    0x8D, 0x78, 0xED, 0x78, 0xC1, 0xF3, 0x32, 0x72, 0x79, 0x03, 0xE8, 0xD1, 0xFC, 0x84, 0x6D, 0x2A,
    0x3B, 0x50, 0x7C, 0xD6, 0x91, 0x49, 0x03, 0x35, 0x20, 0x16, 0xF5, 0x5F, 0x2D, 0xFA, 0xA7, 0x3D,
    0xDB, 0xB1, 0xC7, 0x40, 0x15, 0xFB, 0x6F, 0x70, 0x72, 0x28, 0x47, 0x25, 0x5F, 0xD9, 0x98, 0xAB,
    0xAC, 0x73, 0x35, 0x29, 0xD7, 0x5F, 0xC7, 0x5C, 0xB3, 0x5F, 0xC4, 0x5C, 0xD5, 0x83, 0xC1, 0x50,
    0xFC, 0x5D, 0xA8, 0xD1, 0x59, 0xC4, 0xA5, 0x84, 0x79, 0xC2, 0xC7, 0x09, 0x3E, 0xE6, 0xAA, 0x5C,
    0xCC, 0xF5, 0x2F, 0x9A, 0x98, 0xEB, 0x07, 0x29, 0xD7, 0x7F, 0x4F, 0xB9, 0x86, 0x94, 0xEB, 0x70,
    0x92, 0x6B, 0xFE, 0x48, 0x3C, 0xCA, 0x5D, 0x03, 0x58, 0xAF, 0x74, 0x94, 0x9F, 0xCE, 0x03, 0x00,
    0x3F, 0x99, 0xA8, 0x27, 0x66, 0x9C, 0x1C, 0x0B, 0x71, 0x66, 0x7A, 0xE5, 0x5D, 0x58, 0x5A, 0xD5,
    0x93, 0xF9, 0x69, 0xD0, 0x99, 0xB0, 0x5F, 0x31, 0xEB, 0xC8, 0x03, 0xAA, 0x05, 0xA1, 0x74, 0x50,
    0x3F, 0x16, 0x40, 0xCB, 0x00, 0xB0, 0x09, 0xAC, 0x3F, 0x3A, 0x86, 0xEF, 0x7E, 0x74, 0x5C, 0x06,
    0xE0, 0xCD, 0x57, 0x2C, 0xDB, 0x8D, 0x89, 0xC6, 0x01, 0x2C, 0x3A, 0x20, 0xFB, 0xB6, 0x07, 0x94,
    0x9B, 0x03, 0x19, 0xE7, 0x5E, 0xA9, 0x6C, 0xF3, 0xF6, 0x0A, 0xA0, 0xFC, 0xB8, 0x66, 0xD6, 0xBC,
    0x03, 0xC0, 0xAB, 0xB8, 0x06, 0x54, 0x7F, 0xB2, 0x02, 0x74, 0x03, 0x6C, 0x9D, 0xFE, 0xE6, 0x34,
    0xE2, 0x64, 0x9C, 0x2D, 0xED, 0x8D, 0x41, 0x0D, 0x14, 0x6D, 0xF4, 0x2B, 0x1C, 0x4B, 0x34, 0xD4,
    0x5C, 0x04, 0xD3, 0xCC, 0x41, 0xBB, 0x7B, 0x50, 0x7A, 0x0F, 0xEA, 0x57, 0x2D, 0x64, 0x4F, 0x1C,
    0x20, 0x00, 0xF5, 0xFF, 0x89, 0x05, 0x70, 0x5E, 0x6E, 0x43, 0x25, 0x01, 0x11, 0x47, 0x9C, 0x0D,
    0x8A, 0xF5, 0x8E, 0xEA, 0x37, 0x51, 0xD2, 0x2A, 0x5F, 0xF4, 0xCA, 0x67, 0x41, 0x79, 0xC6, 0xA8,
    0x65, 0xD2, 0xEA, 0x3C, 0xB6, 0xE5, 0x51, 0xA5, 0x9F, 0x76, 0x5F, 0x8F, 0xFF, 0x69, 0x1A, 0x97,
    0xC6, 0xEF, 0x8E, 0x16, 0x59, 0x7F, 0x57, 0x6B, 0x69, 0xA1, 0xFE, 0xF1, 0x00, 0x81, 0x03, 0xB2,
    0x81, 0x6D, 0xF2, 0x1E, 0x73, 0x0C, 0xD3, 0xE7, 0x12, 0x31, 0x13, 0x54, 0xBF, 0x4D, 0xC4, 0xC1,
    0x1A, 0x75, 0x82, 0x69, 0x23, 0xF4, 0x18, 0xA1, 0xC4, 0xAA, 0x1E, 0xE3, 0x22, 0xCA, 0x4E, 0xF5,
    0x7F, 0xA3, 0xBC, 0xEA, 0xBD, 0x8A, 0x67, 0xBD, 0x6A, 0x2F, 0xF4, 0x63, 0xE5, 0xEA, 0xDE, 0x08,
    0x90, 0xED, 0xA4, 0x82, 0x1A, 0x80, 0x00, 0x6C, 0x03, 0xDA, 0xAE, 0x1F, 0xFF, 0x5C, 0x3A, 0xF4,
    0x93, 0x91, 0xCA, 0x19, 0x2A, 0x6B, 0x28, 0x98, 0x59, 0x56, 0xCA, 0x45, 0x6C, 0xF5, 0xE5, 0xCC,
    0x9A, 0x78, 0x7E, 0x14, 0x75, 0x88, 0x99, 0x54, 0x23, 0xD6, 0x3C, 0x7A, 0xD8, 0x6A, 0xD1, 0x9E,
    0x1D, 0x56, 0xF7, 0x15, 0x38, 0xBE, 0x61, 0x07, 0x1A, 0x38, 0x77, 0x86, 0xFE, 0x1B, 0x80, 0x71,
    0xB0, 0xE8, 0xA6, 0xC7, 0x2C, 0x3D, 0x64, 0x19, 0xE7, 0xCE, 0xCC, 0x3F, 0x49, 0x2D, 0x95, 0xD5,
    0x0B, 0xE1, 0x07, 0xC5, 0x98, 0x1A, 0xCE, 0xCC, 0x5B, 0xB9, 0x9B, 0x14, 0x3E, 0x50, 0x74, 0x81,
    0xBC, 0x79, 0x1B, 0xE0, 0xEC, 0xF2, 0x9E, 0x35, 0x20, 0x9E, 0xAC, 0xBB, 0x42, 0xD6, 0xCE, 0xC1,
    0xDF, 0x9C, 0xAE, 0xB9, 0xD0, 0x9C, 0x55, 0x8C, 0xE4, 0x31, 0x1B, 0xA2, 0xCB, 0x52, 0x24, 0xF9,
    0x78, 0xED, 0xA2, 0x93, 0x2B, 0xBB, 0xE8, 0xE5, 0x94, 0xE7, 0x84, 0x7F, 0xFF, 0x57, 0x3E, 0x97,
    0x78, 0xF8, 0xE8, 0xF9, 0xCB, 0xBB, 0x77, 0xCC, 0x94, 0x5A, 0xF4, 0x75, 0x10, 0x5D, 0x8F, 0xD9,
    0x62, 0x6B, 0x9E, 0xF8, 0xAC, 0x33, 0x8F, 0xFE, 0x43, 0xC4, 0x69, 0xB1, 0xB5, 0xC0, 0xF1, 0xF2,
    0x5C, 0xF4, 0x14, 0xB2, 0x44, 0x3B, 0xC3, 0xF1, 0xDF, 0xE5, 0x28, 0xD8, 0x07, 0x8E, 0x56, 0xDA,
    0x7F, 0xEA, 0x1B, 0x35, 0xA3, 0x6A, 0x4B, 0x5B, 0x8A, 0x90, 0x49, 0x00, 0x6D, 0xA3, 0x5A, 0x50,
    0x1E, 0xE8, 0x21, 0xF3, 0x20, 0x49, 0x6E, 0xB2, 0xCF, 0x03, 0x90, 0x64, 0x80, 0xB2, 0x61, 0xBD,
    0x9F, 0x59, 0x74, 0x28, 0x19, 0xA7, 0xB8, 0x33, 0x5B, 0x35, 0xEB, 0xFF, 0x2F, 0x7D, 0x7D, 0xD7,
    0xD5, 0x22, 0x6E, 0x71, 0xF7, 0x6E, 0xF3, 0x74, 0x5C, 0xD0, 0xAE, 0x68, 0x8A, 0x93, 0xB8, 0x1B,
    0xF6, 0xB7, 0xAD, 0xFE, 0xB3, 0xF3, 0xDF, 0x04, 0x8C, 0x03, 0xE9, 0xC8, 0xBE, 0xF6, 0x28, 0xB7,
    0x97, 0x56, 0xFF, 0x99, 0xF9, 0x4F, 0x2B, 0xB4, 0x7B, 0x6A, 0x85, 0x9E, 0x99, 0xF7, 0x26, 0x18,
    0xA8, 0x1C, 0x45, 0x0B, 0x1E, 0xDE, 0x00, 0x30, 0x1E, 0xD3, 0xA3, 0x9E, 0xA3, 0x5C, 0x18, 0x6D,
    0x2D, 0x2E, 0x19, 0xCD, 0x1C, 0x06, 0x02, 0x99, 0x27, 0xB3, 0xDF, 0xC7, 0x24, 0xDB, 0xA1, 0x18,
    0xD0, 0x01, 0x63, 0xD8, 0x2B, 0x9B, 0x1D, 0xEC, 0xF7, 0x30, 0xB9, 0x59, 0xDA, 0xA0, 0x5D, 0x2C,
    0x6F, 0x9F, 0x07, 0xBE, 0x4F, 0x1A, 0x00, 0xAA, 0x2B, 0x6C, 0x26, 0x35, 0x54, 0x03, 0xCC, 0x7A,
    0x08, 0x87, 0xD0, 0x1A, 0x40, 0x37, 0xD4, 0x5F, 0x39, 0x25, 0xD2, 0xE9, 0xB6, 0xF2, 0xC6, 0x96,
    0xDE, 0xA0, 0x7C, 0x8D, 0xEA, 0xF7, 0xA3, 0x8E, 0x8E, 0x6B, 0x9F, 0x64, 0x8E, 0xD5, 0x55, 0x8D,
    0x76, 0xE5, 0xB7, 0xB5, 0x5D, 0x4D, 0xF8, 0xE9, 0xDD, 0x7B, 0x2D, 0x3D, 0xF8, 0xA7, 0x76, 0xEF,
    0xA6, 0x5B, 0xB4, 0x98, 0x6F, 0x64, 0x40, 0x49, 0x16, 0x50, 0x81, 0xE8, 0x39, 0x90, 0x02, 0x60,
    0x9E, 0x1B, 0x17, 0x46, 0xCC, 0xED, 0x5A, 0x9C, 0xF1, 0xD9, 0x0E, 0x64, 0x01, 0x38, 0x04, 0x66,
    0x40, 0xE1, 0x80, 0x93, 0x47, 0xAB, 0x47, 0x89, 0xA0, 0x5D, 0xE5, 0x66, 0xB6, 0x6C, 0x57, 0x19,
    0x4F, 0xD9, 0x1F, 0x9D, 0xBA, 0x9B, 0x7A, 0x7D, 0x37, 0x45, 0xA7, 0x9D, 0x76, 0xC5, 0xE9, 0xBB,
    0x61, 0x13, 0x58, 0xB2, 0x7E, 0xBC, 0xCA, 0x06, 0x36, 0x38, 0x3B, 0xFF, 0xA4, 0x59, 0x0B, 0xB5,
    0x87, 0x61, 0x40, 0xB5, 0x5B, 0x64, 0x6C, 0x9C, 0x9D, 0xFF, 0x7B, 0xA0, 0x44, 0x35, 0xE5, 0x42,
    0xD0, 0xC5, 0x12, 0xD8, 0x39, 0x33, 0xEF, 0xF4, 0xC2, 0x4F, 0xBD, 0xD3, 0xA8, 0xEC, 0xF6, 0x3B,
    0x00, 0x67, 0x97, 0xF7, 0x6B, 0x40, 0xE5, 0x8E, 0x55, 0x72, 0x72, 0x9C, 0xFA, 0xE7, 0xD5, 0xBB,
    0x0D, 0x27, 0xC7, 0xF9, 0xFF, 0xD5, 0xB7, 0x63, 0xF1, 0xEB, 0xB4, 0x8A, 0x9B, 0xE3, 0x1C, 0x66,
    0xAD, 0xC1, 0x78, 0xC3, 0x37, 0x7E, 0x3F, 0x7E, 0xEB, 0x1C, 0xA9, 0x07, 0xFD, 0x51, 0x19, 0x73,
    0x78, 0x3D, 0xE6, 0x30, 0x8F, 0xF1, 0xEF, 0x45, 0xF9, 0x29, 0x87, 0x69, 0x25, 0x6B, 0x09, 0x5C,
    0x4A, 0x39, 0xAC, 0x77, 0x85, 0x86, 0x55, 0x04, 0x8A, 0x04, 0xFC, 0xE9, 0x0D, 0x61, 0xED, 0xCB,
    0x31, 0x61, 0x89, 0xF2, 0x4C, 0x38, 0x7A, 0x4E, 0xAC, 0x46, 0xE4, 0x41, 0x2D, 0x41, 0xA4, 0xBE,
    0x8D, 0x19, 0xCD, 0xC9, 0xEB, 0x65, 0x4A, 0x60, 0x8A, 0x69, 0x00, 0xF6, 0xD6, 0x71, 0xED, 0x8B,
    0x8D, 0x7B, 0x0D, 0x50, 0x01, 0x28, 0x04, 0xD0, 0xEF, 0x36, 0xB0, 0xA5, 0x1C, 0xBC, 0x81, 0x7D,
    0x91, 0x71, 0x2F, 0x29, 0x07, 0xA6, 0xEC, 0x56, 0xF8, 0xC3, 0xBC, 0x01, 0xE0, 0xC5, 0x4F, 0xB1,
    0x69, 0x80, 0x7D, 0x80, 0x01, 0xC8, 0xBB, 0xD3, 0xDF, 0xA5, 0x12, 0x0A, 0xB1, 0x8B, 0x04, 0xDD,
    0x11, 0xD0, 0x2D, 0x7D, 0xF2, 0xF3, 0x11, 0x99, 0x27, 0x1B, 0x54, 0x0B, 0x41, 0x39, 0x38, 0x2C,
    0x1A, 0x30, 0x9A, 0x15, 0xAA, 0x7F, 0x04, 0x74, 0x00, 0x8A, 0x04, 0xD5, 0x03, 0xB9, 0x3F, 0x41,
    0x1A, 0x45, 0xE9, 0x00, 0x6D, 0x81, 0x1A, 0xB8, 0x10, 0x00, 0xD3, 0xAD, 0x1F, 0x20, 0x0F, 0x94,
    0x09, 0xEA, 0x99, 0x10, 0x87, 0xFA, 0x46, 0xFA, 0x93, 0x77, 0xE8, 0xFA, 0xF5, 0xE9, 0x57, 0xB0,
    0x11, 0xB3, 0x35, 0xCC, 0x84, 0x55, 0x97, 0xA9, 0xF3, 0xC8, 0x88, 0x7A, 0x22, 0x01, 0xF5, 0x2B,
    0xE9, 0x50, 0x7E, 0xF3, 0xD9, 0x81, 0xAA, 0x11, 0x58, 0x48, 0x03, 0xCC, 0x0B, 0x0B, 0x47, 0x3A,
    0xDD, 0x6A, 0xC2, 0x3B, 0xE7, 0x2D, 0xF0, 0x12, 0xA7, 0xE9, 0xBF, 0x01, 0xCD, 0x9A, 0x31, 0x90,
    0x1C, 0xC7, 0x75, 0xF7, 0x7F, 0x33, 0x7D, 0x87, 0x29, 0xD5, 0x7C, 0x9F, 0x1A, 0x01, 0xAE, 0x1C,
    0x50, 0xA5, 0x71, 0xA0, 0xC0, 0x81, 0x81, 0x55, 0xA0, 0x40, 0xE5, 0xBA, 0x63, 0xB7, 0xAC, 0xC0,
    0x55, 0x4E, 0x7C, 0x01, 0x14, 0x43, 0x81, 0x73, 0x28, 0x60, 0xC0, 0xE0, 0x88, 0x99, 0x3C, 0x31,
    0x22, 0x87, 0x2E, 0x06, 0x0E, 0x2C, 0x30, 0x10, 0x03, 0x06, 0xAC, 0x32, 0x0E, 0xDB, 0x26, 0x02,
    0x05, 0x0C, 0x38, 0x36, 0xED, 0x72, 0xA8, 0x51, 0x91, 0xE5, 0x40, 0x0C, 0xD8, 0x24, 0x47, 0xC5,
    0x31, 0xD8, 0xBB, 0xCF, 0xF3, 0xD0, 0xB5, 0x7B, 0x67, 0x14, 0x0C, 0x02, 0xC0, 0x2D, 0x81, 0x41,
    0xBF, 0x5F, 0xDF, 0xCE, 0xCE, 0xF4, 0x7B, 0xFF, 0xD7, 0x3D, 0x3D, 0xDB, 0x33, 0xC0, 0xCA, 0x08,
    0x33, 0x27, 0x1E, 0xD9, 0x5E, 0x57, 0xD0, 0x2A, 0x10, 0x8F, 0x32, 0x00, 0xC5, 0xEF, 0x94, 0xE6,
    0xC3, 0x41, 0x79, 0x3F, 0x02, 0xF5, 0xCF, 0x47, 0xC0, 0x96, 0x13, 0xD0, 0x90, 0x80, 0x23, 0x56,
    0xC0, 0x21, 0x2D, 0x70, 0xEB, 0xCE, 0x12, 0x10, 0x91, 0x0E, 0x22, 0x4D, 0xA0, 0xEC, 0xB1, 0x01,
    0x13, 0xA8, 0x07, 0xAA, 0x40, 0x15, 0xB1, 0x1D, 0x66, 0xE4, 0xE6, 0xBF, 0xD3, 0xAC, 0x90, 0xC4,
    0x52, 0x42, 0x25, 0x09, 0xB5, 0xCD, 0x56, 0xCA, 0x80, 0xFD, 0x66, 0x45, 0x13, 0x1C, 0x8D, 0x77,
    0x54, 0x2C, 0x3C, 0x64, 0x2B, 0x45, 0x7C, 0xF3, 0xE9, 0xC2, 0x3B, 0x16, 0xFE, 0xDE, 0x6C, 0xA7,
    0xB8, 0x87, 0xD6, 0x22, 0xDE, 0x7D, 0xFE, 0x51, 0x6F, 0xC5, 0x46, 0x8E, 0x81, 0xEF, 0xF3, 0x63,
    0xC0, 0x12, 0x81, 0x4A, 0x94, 0xA5, 0x04, 0x80, 0x2B, 0xAF, 0x88, 0x6A, 0xE3, 0x7F, 0x80, 0x09,
    0x87, 0x94, 0x32, 0x81, 0x44, 0xD8, 0xBF, 0x28, 0xF5, 0x2F, 0x5B, 0x19, 0x50, 0x44, 0x80, 0xBA,
    0x53, 0x5A, 0x05, 0x8B, 0x4C, 0xAF, 0xB4, 0xA2, 0x34, 0xEB, 0x0B, 0xD0, 0x7A, 0x92, 0x7D, 0x99,
    0x1E, 0xAA, 0xD9, 0x4C, 0x04, 0x23, 0x01, 0xD4, 0x8A, 0x63, 0xA8, 0x23, 0xD8, 0x00, 0x0E, 0x78,
    0x13, 0x72, 0x72, 0xA0, 0x96, 0xC8, 0xF2, 0xB3, 0x95, 0x99, 0x58, 0xD6, 0x03, 0xCE, 0x06, 0x8E,
    0x16, 0x1D, 0x38, 0x0F, 0x0E, 0x68, 0x1F, 0x63, 0x0E, 0xF2, 0xF7, 0x01, 0x4D, 0x04, 0x36, 0x52,
    0x99, 0xC4, 0x02, 0x91, 0x99, 0x12, 0xE1, 0x3A, 0xA8, 0x15, 0x29, 0xC7, 0x51, 0x07, 0xB0, 0xC0,
    0x1E, 0x00, 0xB0, 0x1C, 0xA9, 0x64, 0x8D, 0x0D, 0x8E, 0xFC, 0xEF, 0x1A, 0x0E, 0xB8, 0x05, 0xDC,
    0x23, 0xDB, 0x2D, 0xCE, 0xFB, 0x2A, 0x68, 0xFA, 0xDA, 0xD7, 0x22, 0x14, 0x92, 0x60, 0xDF, 0x93,
    0x7D, 0x08, 0x18, 0xF1, 0x54, 0xBF, 0x0D, 0xD8, 0x22, 0xB2, 0xC7, 0xE5, 0x9D, 0x6A, 0xDA, 0xCF,
    0x07, 0xD0, 0x46, 0x98, 0x26, 0x4C, 0x7F, 0x44, 0xC1, 0xDE, 0x05, 0x6A, 0x02, 0x38, 0x05, 0x24,
    0x9F, 0xC1, 0x8F, 0x00, 0x76, 0xDC, 0x4F, 0x80, 0x0D, 0xB0, 0xC8, 0x07, 0x71, 0x09, 0x80, 0x8B,
    0xD3, 0x74, 0x85, 0x63, 0xAE, 0x95, 0x03, 0xF6, 0xA3, 0x80, 0x11, 0x28, 0x56, 0xC0, 0xF5, 0x9D,
    0x6A, 0xD2, 0x3E, 0x31, 0xFD, 0x21, 0x8C, 0x53, 0xEE, 0x2B, 0x17, 0x34, 0x96, 0x8B, 0xD3, 0x74,
    0xCC, 0x8C, 0x93, 0x5A, 0xB3, 0xB6, 0x00, 0xEC, 0x0A, 0x30, 0x13, 0xF9, 0x3A, 0x03, 0x40, 0x44,
    0x3C, 0x37, 0x45, 0x26, 0xAA, 0x58, 0x08, 0x26, 0xE2, 0xBA, 0x19, 0xB6, 0x9F, 0x51, 0xC7, 0x19,
    0x95, 0xC2, 0x8C, 0x8A, 0xE9, 0xFF, 0xC2, 0xA8, 0x88, 0xF9, 0x8C, 0x7C, 0x2E, 0x2E, 0x54, 0x11,
    0xE1, 0xC6, 0x83, 0xDF, 0xA4, 0x3C, 0x17, 0x6D, 0xFC, 0xC5, 0x04, 0x36, 0x46, 0x30, 0x5F, 0x28,
    0xBE, 0x0C, 0xFA, 0x97, 0x07, 0x13, 0x41, 0xEE, 0x47, 0x6A, 0xF9, 0x5A, 0x9B, 0x70, 0x11, 0xE7,
    0xED, 0x0C, 0xEA, 0x48, 0x4B, 0x15, 0xB9, 0x85, 0x89, 0xDC, 0xDB, 0x20, 0x7F, 0x6C, 0x15, 0x8E,
    0x4A, 0x61, 0x23, 0x8B, 0xD0, 0x44, 0xAC, 0x7C, 0xBD, 0xA2, 0x94, 0x8F, 0xA5, 0xE3, 0xE0, 0x59,
    0x05, 0x2E, 0x65, 0x32, 0x93, 0x48, 0x7A, 0x21, 0x81, 0x80, 0x55, 0x98, 0x08, 0x56, 0xBD, 0x2B,
    0xF2, 0xC7, 0x83, 0x19, 0x46, 0x3E, 0x89, 0xD8, 0xF5, 0x37, 0x39, 0x5C, 0x0D, 0x3C, 0x4B, 0xA0,
    0xDD, 0xCA, 0xDA, 0x0A, 0x54, 0x3C, 0x5E, 0xA0, 0xD9, 0x0A, 0x44, 0x5B, 0x3F, 0x1F, 0x80, 0x48,
    0xBA, 0x39, 0x5B, 0x15, 0x39, 0x31, 0x91, 0xC3, 0x6C, 0xEC, 0xCD, 0xC6, 0xD6, 0x44, 0xBA, 0xD9,
    0x82, 0x89, 0xF0, 0x18, 0xB3, 0x6A, 0x55, 0xA4, 0xB9, 0xF1, 0xE0, 0x8E, 0xE8, 0x66, 0x24, 0x51,
    0xC9, 0x8A, 0xED, 0xB6, 0x1C, 0x30, 0xB2, 0xC2, 0x06, 0x9D, 0xEA, 0x9B, 0xCE, 0x61, 0x83, 0x5A,
    0xFB, 0x8B, 0x1B, 0xA1, 0x15, 0x09, 0xCB, 0x3B, 0x77, 0xBA, 0xFF, 0x3D, 0x38, 0xC1, 0x86, 0xAA,
    0xAB, 0xCE, 0x0F, 0xCE, 0xDE, 0x40, 0xB4, 0xB0, 0x14, 0x58, 0x24, 0x28, 0xFC, 0xEE, 0xE2, 0xDF,
    0xDE, 0xB8, 0x13, 0x2C, 0x23, 0xEC, 0x5F, 0xA0, 0x0E, 0xC8, 0x8E, 0xAB, 0x98, 0xEB, 0xA2, 0xDB,
    0x99, 0x0E, 0x00, 0x9A, 0x0E, 0x5C, 0x80, 0x45, 0xB7, 0xD1, 0x71, 0x61, 0x5A, 0x76, 0x13, 0xB3,
    0xE9, 0xC1, 0x02, 0x0E, 0x78, 0x9D, 0x5C, 0x2F, 0x56, 0x50, 0xAF, 0x5E, 0x38, 0xE6, 0x4A, 0x9B,
    0xEE, 0xC0, 0x02, 0x8D, 0x7E, 0xF9, 0x1F, 0x50, 0x0B, 0xF0, 0x6B, 0xF0, 0x05, 0x44, 0x0B, 0x47,
    0x6F, 0xC1, 0x62, 0x02, 0x1B, 0x77, 0x3A, 0xC6, 0x0A, 0xF6, 0xD0, 0x31, 0x56, 0xFC, 0x71, 0x44,
    0x75, 0xE1, 0xC2, 0x05, 0x8F, 0xB3, 0x03, 0x80, 0xD6, 0x03, 0x12, 0xC0, 0x7C, 0x15, 0xA1, 0xEE,
    0xDE, 0x87, 0x7D, 0xAE, 0x00, 0x40, 0xBE, 0x46, 0xDB, 0x3F, 0x48, 0x28, 0x13, 0x8B, 0xBE, 0x8A,
    0xD8, 0xDE, 0x06, 0xEA, 0xB0, 0x08, 0x68, 0xA3, 0x0A, 0x80, 0xF6, 0x11, 0xA8, 0x8F, 0x87, 0x70,
    0x60, 0x07, 0xE7, 0xB1, 0xF3, 0x19, 0x33, 0xAC, 0xA2, 0x8E, 0x33, 0x4C, 0x9A, 0x81, 0xFC, 0x61,
    0x19, 0x68, 0x44, 0x3C, 0x1C, 0xF8, 0x1C, 0x54, 0xA3, 0x42, 0x23, 0xA4, 0x44, 0x39, 0x5C, 0xA3,
    0xF0, 0x05, 0xC0, 0xDF, 0xD2, 0x7E, 0xBD, 0x32, 0x6B, 0x39, 0xAD, 0x7A, 0xB7, 0x67, 0x43, 0xD3,
    0xD9, 0x70, 0xFE, 0x5F, 0xE3, 0x4D, 0x7C, 0xE8, 0x8F, 0xE2, 0xBF, 0x3C, 0x26, 0x40, 0xA5, 0x82,
    0x44, 0x28, 0x45, 0x86, 0x4A, 0x24, 0x2E, 0x28, 0xC7, 0x23, 0x98, 0x4E, 0x50, 0x2B, 0xA2, 0xC3,
    0xC4, 0x66, 0xF6, 0x5E, 0xCA, 0x04, 0x15, 0x3F, 0x81, 0xDA, 0xBF, 0x09, 0x46, 0x22, 0x14, 0xD2,
    0x03, 0x07, 0xBC, 0x8C, 0x1C, 0x94, 0xDD, 0xFF, 0xA7, 0xEC, 0xAF, 0x81, 0x24, 0x68, 0x47, 0xCD,
    0xC9, 0xEE, 0xF5, 0x03, 0x80, 0x43, 0xD1, 0x6D, 0x44, 0x7D, 0x0F, 0x80, 0x97, 0x92, 0x04, 0x00,
    0xDD, 0xBB, 0xB5, 0x12, 0x80, 0x5D, 0x27, 0xE2, 0xE5, 0x48, 0xDD, 0xDF, 0xE6, 0xFE, 0x75, 0xC5,
    0x89, 0xE2, 0x3D, 0xC5, 0xF1, 0x06, 0x11, 0xCC, 0x40, 0x9E, 0xF5, 0xC2, 0x77, 0x34, 0x22, 0x0E,
    0x00, 0x68, 0x3B, 0xA5, 0x04, 0xC8, 0xB3, 0x43, 0x9E, 0x1E, 0xD8, 0xDF, 0xAE, 0x67, 0x10, 0xE9,
    0x96, 0x12, 0x6E, 0xAE, 0xFD, 0x62, 0xDD, 0x55, 0x11, 0x33, 0x61, 0x66, 0x8E, 0xDF, 0x46, 0x11,
    0xD9, 0x32, 0x62, 0x9E, 0x8E, 0x95, 0x92, 0x1B, 0x2B, 0x9A, 0x95, 0xD7, 0x39, 0x4E, 0x42, 0xCE,
    0x8F, 0x49, 0x40, 0xBD, 0x06, 0xEC, 0x0D, 0x0F, 0x87, 0xAA, 0xF6, 0x32, 0x1E, 0x00, 0x96, 0x11,
    0xA8, 0x15, 0xE6, 0xB1, 0x90, 0x0E, 0xF3, 0xB5, 0x44, 0xCC, 0xDA, 0x24, 0xE6, 0x32, 0x23, 0x72,
    0xBA, 0xC5, 0xBD, 0xA7, 0x41, 0xB3, 0x62, 0x39, 0xA7, 0xA1, 0x5B, 0xC6, 0x27, 0xA7, 0x43, 0x74,
    0x0B, 0xEF, 0x3C, 0xB8, 0xF3, 0xCE, 0xBA, 0xDB, 0x45, 0x3A, 0x1E, 0x27, 0xB8, 0x95, 0x94, 0xB1,
    0x11, 0x7C, 0x00, 0xE6, 0x4B, 0x19, 0x30, 0xF2, 0xF9, 0x84, 0x49, 0x45, 0xD2, 0x28, 0x57, 0xCF,
    0x2B, 0xF8, 0x12, 0xB8, 0xF8, 0xD3, 0x7F, 0x96, 0x18, 0xDD, 0x40, 0x1E, 0xCA, 0x32, 0xBC, 0x26,
    0xB7, 0x8B, 0x04, 0xCF, 0x52, 0x8A, 0xC4, 0x9F, 0x88, 0x77, 0x12, 0x2F, 0x79, 0x5C, 0x3C, 0x6C,
    0x65, 0x8C, 0x2E, 0x52, 0x78, 0xC0, 0x26, 0xEC, 0x0A, 0x9E, 0xA2, 0x5C, 0x92, 0xE3, 0x46, 0xB4,
    0x0F, 0x44, 0xC2, 0x76, 0x78, 0xCE, 0x9D, 0xA1, 0x99, 0x7A, 0x96, 0x52, 0x45, 0x4D, 0xAB, 0x48,
    0x10, 0xF1, 0xDB, 0x1F, 0xC2, 0x2E, 0xE2, 0x46, 0xCC, 0x53, 0x94, 0xD7, 0x56, 0xBE, 0x95, 0xF0,
    0xB6, 0xF1, 0xEF, 0xD5, 0xB3, 0x22, 0x9A, 0x44, 0x71, 0x7C, 0x01, 0xC1, 0x9C, 0x35, 0xB8, 0xD2,
    0x06, 0x9F, 0x23, 0xA4, 0x17, 0x0C, 0xA0, 0x1C, 0xA8, 0x3B, 0x1A, 0x58, 0xC0, 0xC2, 0x63, 0x85,
    0x6A, 0x0D, 0x6C, 0x06, 0xE5, 0x08, 0xB7, 0x79, 0xBE, 0x5C, 0x31, 0x62, 0x02, 0xB6, 0xC3, 0x7A,
    0x6C, 0xC0, 0x8A, 0x2F, 0x05, 0xC8, 0xDE, 0x95, 0x45, 0xC7, 0x85, 0x74, 0xE8, 0xB3, 0x67, 0xEC,
    0xEF, 0x64, 0xBA, 0xB9, 0xFE, 0x6B, 0xF9, 0xB4, 0x8A, 0x2C, 0x31, 0x91, 0xF6, 0x82, 0x50, 0xCD,
    0xD0, 0xA0, 0x5A, 0x0D, 0xAB, 0x05, 0x38, 0xC3, 0x3D, 0xC5, 0x0A, 0x28, 0x12, 0xB0, 0x88, 0xC0,
    0xD2, 0x93, 0x13, 0x42, 0x32, 0x23, 0x2B, 0x35, 0x6E, 0xF3, 0x23, 0xB6, 0x09, 0xB7, 0xC9, 0x8D,
    0x56, 0xF7, 0xAB, 0x9D, 0x3E, 0xAD, 0xCD, 0x2A, 0x4F, 0x67, 0x99, 0xA7, 0x80, 0x5A, 0x3A, 0xB3,
    0x72, 0xCC, 0x9E, 0x9D, 0xE7, 0x40, 0xDD, 0x17, 0x12, 0xCC, 0x27, 0x83, 0xF5, 0xE3, 0x1E, 0x57,
    0x00, 0x2B, 0xD3, 0x25, 0xF9, 0x94, 0x16, 0xDC, 0x0B, 0x94, 0x16, 0x56, 0x2A, 0x72, 0x11, 0x69,
    0x3B, 0x38, 0xC6, 0x24, 0xEA, 0x35, 0xCD, 0x0D, 0x7F, 0x58, 0x85, 0x3C, 0x85, 0x37, 0x49, 0x0B,
    0xCF, 0x5E, 0x8A, 0x09, 0x13, 0x59, 0xF4, 0xB4, 0x1E, 0x91, 0x4E, 0xBB, 0xD1, 0x2F, 0xC7, 0x2A,
    0xE2, 0xBC, 0x89, 0x1C, 0x31, 0x63, 0x9C, 0x61, 0xFA, 0x19, 0xB6, 0x9B, 0x71, 0x8D, 0x19, 0x27,
    0x60, 0xBE, 0x48, 0x60, 0xBE, 0x5A, 0x83, 0x91, 0xA5, 0xC7, 0x24, 0x17, 0xF4, 0x90, 0x38, 0xA3,
    0xD2, 0x36, 0x4D, 0x9A, 0x81, 0x28, 0xDA, 0x4E, 0xDB, 0x1B, 0x6E, 0xAC, 0xB0, 0x2B, 0xBD, 0x40,
    0x04, 0x00, 0xB8, 0x42, 0x4E, 0x28, 0x24, 0xC5, 0xA8, 0x88, 0x8A, 0x8E, 0xA7, 0xBB, 0x2B, 0x35,
    0xB2, 0x81, 0x89, 0x33, 0xEA, 0xA0, 0x1F, 0xB7, 0xF1, 0x45, 0x8D, 0x6F, 0x02, 0x23, 0x09, 0x4C,
    0x5A, 0x82, 0x89, 0x4E, 0x25, 0x58, 0x15, 0x53, 0xC7, 0x1C, 0x64, 0xB3, 0x42, 0xFC, 0x52, 0x3A,
    0x17, 0x00, 0x80, 0x63, 0xD0, 0xAC, 0x40, 0x19, 0x01, 0x33, 0x28, 0x02, 0x50, 0x7A, 0x68, 0xD5,
    0x5B, 0x7B, 0x71, 0x2E, 0xF3, 0x13, 0xC3, 0x0E, 0x1C, 0x90, 0xA0, 0x18, 0xA0, 0xF0, 0xDB, 0x6B,
    0x98, 0xB9, 0x33, 0xF2, 0xFA, 0xF6, 0xD9, 0xAC, 0x98, 0xCD, 0x6E, 0xAC, 0x8A, 0x2C, 0x36, 0x8B,
    0x25, 0xF5, 0xE7, 0x3C, 0xF7, 0x60, 0xC2, 0xF4, 0x14, 0x00, 0x48, 0x44, 0x23, 0x7B, 0xAE, 0xA2,
    0x52, 0x24, 0xEC, 0x24, 0x54, 0x00, 0x8E, 0xC9, 0x07, 0x0E, 0x50, 0x05, 0xA8, 0x3D, 0x5C, 0xBA,
    0xA0, 0xA0, 0x73, 0xF3, 0xBA, 0xA7, 0xA7, 0x0A, 0xDA, 0xF4, 0x3E, 0x9A, 0x74, 0xBD, 0x02, 0xC6,
    0x2A, 0x16, 0xD1, 0xC4, 0x32, 0xCC, 0xD6, 0x5D, 0x80, 0x12, 0x89, 0xA9, 0x8E, 0xA3, 0x89, 0xD1,
    0x7C, 0x11, 0xCC, 0x17, 0x7E, 0x27, 0x29, 0x2E, 0xA6, 0x39, 0xD8, 0x34, 0xD7, 0xB3, 0xF1, 0xCB,
    0xA7, 0x09, 0xEC, 0xE9, 0xD2, 0x78, 0x6A, 0xA2, 0x98, 0xB8, 0x36, 0xF1, 0x47, 0xCF, 0x11, 0xD8,
    0x4F, 0x31, 0x5F, 0x8D, 0x18, 0xE9, 0x30, 0x09, 0x6C, 0x84, 0x65, 0x84, 0x4F, 0xBE, 0x3D, 0xB0,
    0x76, 0xA4, 0x1A, 0x29, 0x1F, 0x5F, 0xBA, 0x52, 0x67, 0x11, 0xCC, 0xC4, 0x62, 0xE4, 0x2F, 0x1E,
    0xF9, 0x76, 0xE2, 0xB5, 0xB5, 0xDE, 0x94, 0x80, 0xEB, 0x00, 0x66, 0x54, 0xD6, 0x83, 0xD2, 0x76,
    0xCA, 0x23, 0x05, 0x97, 0xD9, 0x6C, 0x12, 0x71, 0xE2, 0x6F, 0x8E, 0xF3, 0x89, 0x54, 0x89, 0x22,
    0x62, 0x04, 0x94, 0x5E, 0xF9, 0x79, 0x50, 0x7E, 0x34, 0x28, 0x7F, 0x3B, 0x2A, 0x3F, 0x48, 0xCA,
    0xB0, 0x46, 0xD9, 0xA2, 0x74, 0x41, 0x69, 0x07, 0x65, 0x15, 0x95, 0x26, 0x29, 0x59, 0x2B, 0x69,
    0x95, 0xB8, 0x48, 0x15, 0xB0, 0x91, 0x1B, 0x9F, 0x52, 0x47, 0x64, 0x8D, 0x89, 0x9B, 0xA7, 0xC2,
    0xB6, 0x07, 0x9A, 0x6E, 0xB3, 0xC0, 0x19, 0x15, 0x5E, 0x01, 0xB8, 0x61, 0xD9, 0xE3, 0xBE, 0x92,
    0x09, 0x23, 0x45, 0xC2, 0x24, 0xEE, 0xA9, 0xF8, 0x56, 0xB5, 0xB9, 0xA7, 0xC6, 0x6B, 0x2B, 0xDC,
    0xED, 0x56, 0xEF, 0xEE, 0x2F, 0x5B, 0x30, 0x00, 0xEC, 0x2B, 0x70, 0xE7, 0x78, 0xA8, 0xE0, 0x4D,
    0x05, 0xBF, 0xDC, 0x81, 0xEE, 0xF3, 0xF7, 0x9D, 0xB4, 0x45, 0x04, 0x8A, 0x01, 0xA0, 0x03, 0x0A,
    0xF6, 0x00, 0x13, 0x4E, 0x80, 0xF2, 0xCB, 0x08, 0x20, 0xBD, 0xD2, 0x05, 0xE5, 0xC1, 0xAB, 0x32,
    0x6A, 0xAE, 0x70, 0x19, 0x9A, 0x32, 0x42, 0xFD, 0x61, 0x00, 0x23, 0x40, 0xB1, 0x06, 0xB8, 0xBE,
    0xA3, 0x51, 0xB3, 0xD8, 0x2C, 0x76, 0x95, 0x41, 0xD9, 0x28, 0xA9, 0x3A, 0x65, 0xAD, 0xEE, 0xB8,
    0x36, 0xFB, 0x1B, 0x19, 0x8D, 0x94, 0x09, 0x6F, 0x12, 0x2B, 0xD4, 0xE5, 0x2D, 0x72, 0x5B, 0x98,
    0xF8, 0xD4, 0xD4, 0xE3, 0xB3, 0x73, 0x9E, 0x61, 0xCC, 0x46, 0xE5, 0xFD, 0xF3, 0xE9, 0x16, 0x94,
    0xCE, 0x2B, 0x17, 0x39, 0xDD, 0x39, 0xD1, 0xA3, 0xB2, 0x4C, 0x4A, 0x44, 0x89, 0x53, 0xB2, 0x38,
    0x97, 0x6E, 0xA3, 0xE9, 0xA6, 0x8C, 0x00, 0x6C, 0xB9, 0x19, 0x2E, 0xA5, 0x12, 0x13, 0x94, 0x0B,
    0x25, 0xF7, 0x72, 0xD6, 0x35, 0xE9, 0x9A, 0x73, 0x4D, 0xB9, 0x66, 0x5C, 0xC5, 0x7C, 0x9B, 0xA9,
    0x54, 0x15, 0x0A, 0x6C, 0xEC, 0xD6, 0xD9, 0xEF, 0xCD, 0x7A, 0x04, 0x1B, 0x68, 0x24, 0xC2, 0x42,
    0x71, 0xB6, 0x35, 0x32, 0x80, 0xBC, 0xB3, 0xD2, 0x44, 0x3B, 0x6F, 0x87, 0xFC, 0x30, 0xA5, 0xCA,
    0xBF, 0x3B, 0x9C, 0xC7, 0x4C, 0x0E, 0xCA, 0xD4, 0x42, 0xF1, 0x58, 0x3C, 0xFC, 0x36, 0x1F, 0xD7,
    0x61, 0xC6, 0x46, 0xCF, 0xB5, 0x3D, 0xB6, 0xD7, 0xA8, 0x3A, 0xE4, 0xEF, 0xD7, 0x1B, 0x97, 0xD7,
    0xC1, 0xC8, 0x7A, 0x36, 0x39, 0xFF, 0x0A, 0x50, 0x3F, 0x63, 0x43, 0x13, 0x16, 0xBE, 0xEE, 0x1D,
    0x26, 0xAA, 0xDD, 0x9A, 0xED, 0x1E, 0x66, 0x54, 0xD3, 0xBF, 0x5B, 0xDD, 0xAF, 0x46, 0x35, 0x68,
    0x7C, 0xD5, 0x1F, 0x5B, 0xBF, 0x7D, 0xC2, 0xFA, 0xFF, 0xF8, 0x15, 0x58, 0xE2, 0x0C, 0xE9, 0xC1,
    0x48, 0x07, 0x5C, 0x79, 0x29, 0xFA, 0xF2, 0x83, 0xC5, 0xAB, 0xE7, 0x1F, 0x2C, 0x5E, 0x9C, 0x4E,
    0xAE, 0x1F, 0x80, 0x99, 0x96, 0x50, 0xC5, 0x04, 0xF6, 0x83, 0x08, 0x0B, 0x13, 0xE0, 0x4A, 0xF1,
    0x52, 0xC4, 0x72, 0xF0, 0xB3, 0x63, 0xDC, 0xDF, 0x0C, 0x9C, 0x36, 0x81, 0xC9, 0x61, 0xFA, 0xBB,
    0x14, 0xFE, 0xF8, 0x02, 0x05, 0x6F, 0x44, 0xCD, 0x5B, 0x37, 0xCB, 0x9A, 0xAB, 0xA0, 0xD7, 0x03,
    0x75, 0xB0, 0x03, 0x2D, 0x46, 0xC5, 0x69, 0xE5, 0x3A, 0x5A, 0x0A, 0xEF, 0x3C, 0x2D, 0xE0, 0xD0,
    0x4A, 0x6D, 0x53, 0xC9, 0x74, 0xBE, 0x42, 0xED, 0xFC, 0x91, 0x9B, 0xF3, 0x3A, 0xAD, 0x68, 0x82,
    0x56, 0x2A, 0x5B, 0x2B, 0x33, 0xD2, 0x52, 0xC6, 0x59, 0xBA, 0xDC, 0xF9, 0x4D, 0x64, 0xA1, 0xB1,
    0x44, 0x95, 0x9F, 0x45, 0x96, 0xD2, 0x19, 0x11, 0x2B, 0x71, 0x16, 0xBA, 0x2C, 0xD2, 0x2C, 0x35,
    0x71, 0xEA, 0x30, 0x89, 0x76, 0xE6, 0x84, 0x9B, 0x45, 0xFE, 0xF7, 0x2F, 0xDA, 0x59, 0xAE, 0x88,
    0xCC, 0x7C, 0x70, 0xE7, 0xD7, 0xF3, 0x9E, 0x11, 0x5A, 0xFD, 0x16, 0x3D, 0x52, 0x59, 0x25, 0xF6,
    0x66, 0xF9, 0xC2, 0xD5, 0x39, 0x01, 0x8D, 0xA4, 0x42, 0x52, 0x25, 0x51, 0x93, 0x70, 0x00, 0x6A,
    0xB0, 0x54, 0x24, 0xC0, 0x44, 0xA0, 0x0A, 0xC0, 0xB6, 0xDB, 0x45, 0xD6, 0x70, 0x53, 0x64, 0xA0,
    0x8A, 0xF9, 0x69, 0x58, 0x52, 0xAC, 0x14, 0xEB, 0x2D, 0x56, 0x9B, 0x2F, 0x4C, 0xD4, 0x70, 0xBA,
    0x19, 0x6B, 0xB4, 0x0F, 0x14, 0x2E, 0x3C, 0xB2, 0xCC, 0x98, 0x51, 0xAC, 0xC8, 0x6F, 0x4B, 0x57,
    0xB8, 0x5E, 0x24, 0xD8, 0x31, 0x5F, 0xC4, 0x53, 0x0E, 0xC2, 0x06, 0xF8, 0xE1, 0xF6, 0x52, 0xD3,
    0x43, 0xFC, 0x3C, 0x73, 0x05, 0xF3, 0x8D, 0xED, 0x4D, 0xAA, 0x83, 0x49, 0xE4, 0x43, 0xC7, 0x27,
    0xDB, 0xBC, 0x3A, 0xC6, 0xC9, 0xF0, 0x5D, 0x8A, 0xD8, 0x2E, 0xD4, 0x4C, 0xDC, 0x22, 0x6C, 0x6E,
    0x45, 0xE5, 0x05, 0x68, 0x79, 0x74, 0xF1, 0x61, 0x42, 0x6E, 0xFC, 0x12, 0x80, 0x2F, 0x80, 0xD8,
    0x00, 0x27, 0x27, 0x80, 0x1B, 0x01, 0x1B, 0x81, 0x7D, 0xFF, 0x5D, 0xF7, 0xE7, 0x3E, 0x57, 0xF4,
    0x69, 0x73, 0x7E, 0xEE, 0x2C, 0x01, 0x5A, 0x0F, 0x07, 0x17, 0xD3, 0x9F, 0x79, 0x42, 0x4C, 0x67,
    0x63, 0xA5, 0x39, 0x1B, 0x2B, 0x85, 0x4C, 0xD8, 0x07, 0xC2, 0xC2, 0x2F, 0x3A, 0x87, 0xED, 0x6E,
    0x61, 0xB9, 0x05, 0x38, 0xB5, 0x0E, 0x9A, 0x11, 0x6A, 0xF1, 0x14, 0x32, 0xC2, 0x42, 0xA0, 0x90,
    0x0E, 0x16, 0x01, 0x6C, 0xFF, 0x67, 0xD4, 0xFD, 0xDD, 0xD9, 0x12, 0x36, 0xCC, 0xE7, 0x75, 0xEE,
    0x5F, 0x97, 0xD4, 0x32, 0xE6, 0xB8, 0x8B, 0x63, 0xEC, 0x40, 0xD3, 0xF1, 0x3A, 0xBC, 0x0F, 0x1E,
    0xA0, 0x94, 0xAE, 0xF9, 0x3C, 0x1E, 0x15, 0xE3, 0x5D, 0xE2, 0x5D, 0x6E, 0xB7, 0xE0, 0x06, 0xAC,
    0x50, 0xC8, 0xA0, 0x8E, 0xCA, 0xF4, 0x63, 0xD2, 0xC8, 0xDD, 0xC4, 0xD4, 0xFE, 0x55, 0x5C, 0x48,
    0x78, 0xF4, 0xBF, 0xE2, 0x8C, 0x23, 0xA6, 0x3F, 0xA4, 0x60, 0x6F, 0xB7, 0xB1, 0x5F, 0x01, 0xD1,
    0x60, 0xAB, 0xFF, 0xEC, 0x6D, 0x11, 0xF7, 0xB8, 0xFC, 0x5C, 0xB1, 0xEF, 0x2E, 0xC6, 0xAB, 0xE4,
    0x9C, 0x54, 0xC3, 0xD9, 0xDA, 0x50, 0xFA, 0xD9, 0xFC, 0xB3, 0x87, 0x39, 0xC2, 0x1A, 0x9C, 0xCF,
    0x8F, 0x23, 0x6B, 0xA1, 0x4E, 0x6C, 0x5E, 0xC5, 0xF2, 0xE8, 0xAB, 0xD8, 0x1D, 0x26, 0xFD, 0x0A,
    0x97, 0x9B, 0x32, 0xD6, 0x1F, 0x06, 0x23, 0x9E, 0x35, 0x5C, 0xE7, 0xF9, 0x92, 0xDE, 0x8A, 0x48,
    0x50, 0xF4, 0x27, 0x66, 0x32, 0xFD, 0x1B, 0x66, 0x2A, 0xFB, 0xF7, 0xCC, 0x54, 0xF4, 0x97, 0xCD,
    0x84, 0x67, 0x06, 0x2F, 0x02, 0x5D, 0x93, 0x82, 0xC8, 0x00, 0xA8, 0x15, 0x2B, 0x80, 0x56, 0xD1,
    0x6C, 0x60, 0x45, 0x31, 0x01, 0x1E, 0x06, 0x8A, 0x01, 0x33, 0xD0, 0x48, 0xBF, 0x94, 0xBE, 0x1A,
    0x78, 0x52, 0xC9, 0x2B, 0xF2, 0xD5, 0x31, 0x32, 0x70, 0x94, 0x7B, 0x25, 0x60, 0xFA, 0xB9, 0xE4,
    0x85, 0x32, 0x97, 0xF1, 0x70, 0x58, 0x05, 0x68, 0x1A, 0xC0, 0xAE, 0x01, 0x93, 0x00, 0x8E, 0x15,
    0xF0, 0x5D, 0xEA, 0x07, 0x12, 0x8C, 0xF8, 0xC8, 0xEF, 0xFB, 0xE2, 0xF7, 0xFE, 0x79, 0x54, 0xEE,
    0x3F, 0x47, 0xC0, 0xB5, 0xC8, 0x8A, 0x4B, 0xEF, 0xAC, 0xFF, 0xE9, 0xD9, 0x02, 0x7E, 0x72, 0x6F,
    0xB4, 0x12, 0x16, 0x0F, 0xBA, 0x27, 0xC4, 0x09, 0xB7, 0x01, 0xEA, 0x55, 0x0D, 0xD8, 0xA5, 0x00,
    0x3F, 0xA8, 0x13, 0xE7, 0x73, 0xCF, 0x52, 0x82, 0x7B, 0xF8, 0xC4, 0x7E, 0x76, 0x6A, 0x46, 0x0A,
    0x6D, 0x01, 0x2E, 0x84, 0x63, 0xA6, 0xC6, 0x5F, 0x26, 0x4C, 0x0F, 0x42, 0x1D, 0xA0, 0x7D, 0x20,
    0x80, 0x95, 0x09, 0xE0, 0x60, 0xBB, 0x1C, 0x6F, 0x87, 0x5F, 0xC1, 0x37, 0x12, 0xA1, 0x6F, 0xFB,
    0xCD, 0x4E, 0xA0, 0x8D, 0xF5, 0x4A, 0x71, 0x76, 0xF3, 0xBA, 0xF7, 0x94, 0x58, 0x67, 0x94, 0xC9,
    0xAC, 0x41, 0xA4, 0xBD, 0x8D, 0x5B, 0x6D, 0xDE, 0x59, 0x19, 0x49, 0x9B, 0x37, 0xC9, 0x00, 0xAF,
    0x54, 0x3A, 0x5A, 0x09, 0x19, 0xC0, 0x6E, 0x93, 0xC0, 0x0F, 0x94, 0xE1, 0x50, 0x29, 0x23, 0x80,
    0x0C, 0xCA, 0xFD, 0x57, 0x2B, 0x21, 0x3F, 0x29, 0x42, 0x7E, 0x6B, 0xCC, 0x42, 0x3A, 0xB0, 0x02,
    0x70, 0xBC, 0xD3, 0xD4, 0xB0, 0xE8, 0x94, 0x12, 0x81, 0x32, 0xBC, 0x07, 0x98, 0xF0, 0x06, 0x50,
    0xF6, 0x71, 0xBB, 0x9F, 0x6B, 0xFE, 0x95, 0x4A, 0x53, 0x39, 0x91, 0x93, 0xC3, 0xD5, 0xFA, 0xE1,
    0xA4, 0x3B, 0xE3, 0xAA, 0xF5, 0x79, 0x1F, 0xC5, 0xA7, 0xBB, 0x4D, 0xD8, 0xC1, 0xBE, 0x56, 0x4B,
    0x1B, 0x80, 0xE4, 0x3C, 0x94, 0xF1, 0x2D, 0xA0, 0x0A, 0x23, 0x50, 0xF0, 0x6A, 0xA5, 0xAA, 0x38,
    0xFE, 0x05, 0x98, 0xB8, 0x02, 0xFB, 0x6F, 0x13, 0x34, 0x3F, 0x1F, 0xE0, 0xC8, 0x76, 0x70, 0x79,
    0xA7, 0xD3, 0x8E, 0x4E, 0xD9, 0x5A, 0x3A, 0xD5, 0x3E, 0x41, 0xE4, 0xA2, 0x58, 0x66, 0x26, 0x25,
    0x89, 0x72, 0x00, 0xA1, 0x0A, 0xE0, 0x1E, 0x2C, 0x3D, 0xD4, 0x92, 0x00, 0x1A, 0xAF, 0x3C, 0x54,
    0x30, 0x29, 0x18, 0x15, 0x24, 0x05, 0x32, 0x2A, 0x17, 0x71, 0x17, 0xE2, 0x7F, 0xB6, 0x5D, 0x79,
    0x5A, 0x0F, 0x34, 0x00, 0xB6, 0x53, 0x08, 0x60, 0x14, 0xDB, 0x35, 0x8C, 0x8D, 0xC0, 0x66, 0x75,
    0x03, 0xDC, 0xBD, 0xAB, 0x84, 0xD8, 0x28, 0xC1, 0x17, 0x9C, 0x6D, 0x22, 0xBE, 0xEA, 0x8C, 0x8C,
    0x37, 0xD7, 0xD8, 0x50, 0x2C, 0x87, 0x3A, 0x62, 0x07, 0x1A, 0xCC, 0x5C, 0x47, 0xAD, 0x47, 0x55,
    0x74, 0x44, 0x99, 0xB4, 0xBD, 0x43, 0x8A, 0xC4, 0x51, 0x9A, 0x6B, 0x12, 0x6F, 0x26, 0xDE, 0x87,
    0x35, 0xEF, 0x26, 0x54, 0x33, 0xF1, 0x9E, 0xD6, 0x8E, 0xE8, 0x0A, 0xAD, 0xFF, 0xB2, 0x77, 0xA6,
    0x87, 0xC5, 0xFD, 0xB0, 0xF8, 0x79, 0x00, 0x7B, 0x3F, 0x34, 0xF7, 0x1F, 0xD6, 0x9D, 0xFD, 0xB0,
    0x03, 0xFB, 0x99, 0xB7, 0x1F, 0x01, 0x95, 0x50, 0xFD, 0x0E, 0x30, 0xA2, 0x05, 0xCC, 0x1A, 0xB3,
    0x02, 0xCA, 0xA4, 0x05, 0x48, 0x14, 0xE7, 0x6F, 0xBA, 0x26, 0x29, 0xA9, 0xD7, 0x4A, 0x7D, 0x93,
    0x0A, 0x79, 0x72, 0x03, 0x2E, 0xE3, 0xCF, 0x84, 0x25, 0xDE, 0x36, 0x12, 0x24, 0x15, 0xE3, 0x5C,
    0xD9, 0x60, 0x34, 0x6A, 0xDB, 0x6B, 0x45, 0x3D, 0x54, 0xA7, 0xBC, 0x81, 0x89, 0xD6, 0x11, 0xE7,
    0xEA, 0xFB, 0x5A, 0x95, 0xE3, 0xD5, 0xE6, 0x67, 0x03, 0x45, 0x3A, 0xB4, 0x1F, 0x04, 0x48, 0x3F,
    0xB5, 0xF7, 0xB5, 0x7A, 0xB7, 0xFA, 0xB8, 0x83, 0xB7, 0xA2, 0xF9, 0x0C, 0x78, 0x7D, 0x30, 0x02,
    0xB8, 0x50, 0xAC, 0x81, 0x45, 0x60, 0x95, 0xFB, 0x21, 0x6D, 0xAF, 0x0C, 0x01, 0x0A, 0x09, 0x60,
    0x3E, 0x1E, 0xC0, 0xFA, 0x08, 0x79, 0x39, 0x01, 0x38, 0x09, 0xB2, 0x5A, 0xAC, 0xFD, 0xCD, 0xC9,
    0x4C, 0x54, 0x7D, 0x99, 0xA8, 0x02, 0x6B, 0x2C, 0xB4, 0xFC, 0x10, 0x5C, 0x77, 0x08, 0x56, 0x27,
    0xCB, 0x3A, 0x46, 0x30, 0x5F, 0xF6, 0x50, 0x7C, 0x13, 0x00, 0x01, 0x68, 0x9F, 0x88, 0x25, 0x70,
    0x49, 0x6E, 0x43, 0x23, 0x09, 0x8A, 0x63, 0xA0, 0x9A, 0x00, 0x9B, 0x00, 0xE7, 0x80, 0x93, 0x3A,
    0xC0, 0x31, 0x7E, 0x93, 0x9E, 0x4A, 0xFC, 0x52, 0x61, 0x07, 0x12, 0xB6, 0x67, 0xC4, 0x44, 0xE2,
    0x8C, 0x22, 0x52, 0x4C, 0xA6, 0x87, 0x64, 0x02, 0x9C, 0x56, 0x1D, 0x38, 0x4B, 0x06, 0xCD, 0x3F,
    0x6C, 0x1A, 0xAD, 0x14, 0x66, 0x04, 0xCA, 0xB8, 0x81, 0x9E, 0x45, 0xBD, 0x1D, 0xA6, 0x2D, 0xF0,
    0x5A, 0x02, 0xDC, 0x00, 0x50, 0x75, 0xEF, 0x82, 0xFD, 0x97, 0xA4, 0x98, 0xA0, 0xF4, 0x6F, 0x03,
    0xF0, 0x5D, 0x27, 0x87, 0x03, 0x60, 0x95, 0xE7, 0x7B, 0x33, 0xE4, 0x50, 0xF7, 0xB6, 0xBF, 0xA5,
    0x27, 0xB5, 0x13, 0xEA, 0xF8, 0x26, 0xB6, 0x7F, 0x03, 0x17, 0x2E, 0xD3, 0x02, 0x6B, 0x28, 0x53,
    0xD6, 0x6B, 0x23, 0x34, 0x41, 0x43, 0xCA, 0x2D, 0xAF, 0xC0, 0x24, 0xA8, 0x22, 0xD8, 0x81, 0x3F,
    0x5F, 0x04, 0x0E, 0x9D, 0xE7, 0x50, 0xEE, 0xDC, 0x49, 0x22, 0x92, 0xE0, 0x7A, 0x3E, 0xAF, 0x52,
    0x5F, 0x1D, 0x1C, 0xC1, 0xD9, 0x88, 0x10, 0x35, 0x4E, 0x58, 0xF3, 0xAB, 0x22, 0xF1, 0xA7, 0x26,
    0x37, 0x92, 0xDB, 0xCF, 0x6E, 0x8B, 0x04, 0x79, 0xB7, 0xA1, 0x09, 0x95, 0x77, 0xDE, 0xFA, 0xA5,
    0x08, 0x32, 0x1B, 0x90, 0xDB, 0xAD, 0x63, 0xB6, 0xA2, 0x03, 0x76, 0xA9, 0xE5, 0xDC, 0xC2, 0xCF,
    0x79, 0xF8, 0x1E, 0xC0, 0x05, 0x69, 0xF1, 0x05, 0xC4, 0x26, 0x3F, 0x9A, 0x71, 0x39, 0x36, 0xF6,
    0xFD, 0xCE, 0xB4, 0xE4, 0x35, 0xEF, 0x49, 0x7E, 0x55, 0x24, 0x3D, 0xB8, 0x00, 0x07, 0x17, 0xA4,
    0xE5, 0xD2, 0x3F, 0x82, 0x13, 0x48, 0x0B, 0x5F, 0x46, 0x8B, 0x89, 0xBC, 0xB0, 0x35, 0x2B, 0x8F,
    0xC8, 0xC0, 0xFF, 0x00, 0xDD, 0x9A, 0x01, 0xA4, 0x25, 0x59, 0x7A, 0xC7, 0x7F, 0x75, 0xCF, 0x7B,
    0x53, 0x91, 0x62, 0x4E, 0xA3, 0x9B, 0xA5, 0x25, 0x15, 0x2C, 0x36, 0xC9, 0xEE, 0xD4, 0x20, 0x58,
    0xBC, 0xD7, 0xA7, 0x62, 0xB1, 0x58, 0x78, 0xE8, 0x11, 0x04, 0xBD, 0x08, 0x00, 0x1D, 0x04, 0x83,
    0xB7, 0xAF, 0xCA, 0x0E, 0x00, 0xA6, 0x21, 0x01, 0x10, 0x04, 0xD1, 0x83, 0x09, 0x16, 0x13, 0xDE,
    0xBC, 0x7B, 0x26, 0x83, 0x60, 0x30, 0xB5, 0xD9, 0x05, 0x42, 0xB6, 0x92, 0x4C, 0x06, 0xBD, 0xE8,
    0x93, 0xED, 0x9A, 0xF4, 0x9D, 0x9E, 0x73, 0xEF, 0x97, 0x73, 0xEA, 0x73, 0xDF, 0x7B, 0x3D, 0x3D,
    0xD3, 0xE9, 0xCE, 0xBC, 0x9E, 0x79, 0xF6, 0xCC, 0xFD, 0xFE, 0xFF, 0x33, 0x55, 0xD5, 0x55, 0xE7,
    0xFB, 0x7F, 0x75, 0xAA, 0xBE, 0x53, 0xDF, 0x03, 0x58, 0xB4, 0x19, 0xED, 0x40, 0x2D, 0xA3, 0x1D,
    0x91, 0xB7, 0xD6, 0x66, 0x30, 0x2B, 0xDC, 0x0F, 0xBC, 0x1D, 0xB1, 0xBF, 0xC2, 0x7A, 0xCA, 0x15,
    0xAE, 0xC7, 0x04, 0x5C, 0x4B, 0xDE, 0x05, 0x8B, 0x48, 0x07, 0xC5, 0x97, 0xA2, 0x1E, 0xB3, 0x3D,
    0xBE, 0xC7, 0x4C, 0xD4, 0x9E, 0x32, 0x60, 0x87, 0xFC, 0x33, 0x53, 0xDE, 0x88, 0xFC, 0xCD, 0x06,
    0x68, 0x24, 0x00, 0xDC, 0xCC, 0x00, 0x45, 0x86, 0xDA, 0x2B, 0x2C, 0xA7, 0xCA, 0x1B, 0x91, 0xD2,
    0x5B, 0x5F, 0x7F, 0x48, 0xD3, 0x56, 0xF9, 0xE2, 0x26, 0x28, 0x1C, 0x65, 0x38, 0xC1, 0x4C, 0x0A,
    0xF3, 0xFF, 0x76, 0x19, 0x9C, 0x42, 0x39, 0x62, 0x7D, 0x1E, 0xFD, 0x27, 0x5D, 0x4B, 0x21, 0x11,
    0xD8, 0x6D, 0xD1, 0x76, 0x27, 0x83, 0x99, 0x96, 0xE2, 0xDD, 0x83, 0xD5, 0xED, 0x4D, 0x7B, 0x3D,
    0x4C, 0x66, 0xA2, 0x08, 0xC1, 0x04, 0x78, 0x30, 0x64, 0x14, 0x32, 0x86, 0xFF, 0x2F, 0x4E, 0x8A,
    0x14, 0x63, 0x16, 0xC2, 0x0C, 0x20, 0x54, 0x1E, 0xBA, 0x47, 0x02, 0x58, 0x59, 0x01, 0x5C, 0x43,
    0xDB, 0xCE, 0x8C, 0x9D, 0x22, 0x5D, 0xA8, 0xD6, 0x4D, 0xC6, 0x4D, 0x8D, 0x09, 0x6C, 0xF6, 0x32,
    0x2E, 0x83, 0xBA, 0xFB, 0xAC, 0xB8, 0xD9, 0xE2, 0x22, 0x9A, 0x84, 0x88, 0x74, 0x77, 0xC0, 0xAD,
    0x5D, 0x80, 0xA2, 0x65, 0xDB, 0xAE, 0xB0, 0xED, 0xEF, 0x1B, 0x8F, 0x36, 0x7B, 0x6B, 0xBB, 0xAD,
    0xDA, 0x28, 0x83, 0x89, 0x6C, 0xDB, 0x01, 0xE7, 0x9A, 0x88, 0xB4, 0xD8, 0x84, 0xDC, 0x16, 0x59,
    0x69, 0xAF, 0x0C, 0x85, 0x60, 0x29, 0xE2, 0x1C, 0x87, 0xDE, 0x62, 0x56, 0xB9, 0x67, 0x87, 0x97,
    0xA9, 0xB2, 0x17, 0x09, 0x77, 0xB0, 0x43, 0xEE, 0x95, 0x01, 0x9C, 0xC7, 0xA8, 0x60, 0x1D, 0x73,
    0x6F, 0x05, 0x9B, 0x6D, 0x6F, 0x11, 0xB7, 0x3D, 0x33, 0x6D, 0x7B, 0x36, 0x6C, 0x7B, 0xB5, 0xD7,
    0x5E, 0xBE, 0x9D, 0xB4, 0x17, 0x58, 0x82, 0x5E, 0x83, 0x35, 0xE8, 0x75, 0x4D, 0xA4, 0x6C, 0xF3,
    0x58, 0x7C, 0x19, 0xA8, 0xDA, 0x04, 0x42, 0xBE, 0xB9, 0xB9, 0xF5, 0xE8, 0xED, 0x48, 0x73, 0xEF,
    0xEE, 0x32, 0xFB, 0xD1, 0xE3, 0x12, 0xA2, 0xAD, 0x2D, 0x94, 0x09, 0x56, 0x7D, 0xE4, 0x27, 0x3F,
    0x51, 0x17, 0x69, 0x56, 0xEA, 0x21, 0x36, 0xA8, 0x83, 0x14, 0xAD, 0x5E, 0x87, 0xED, 0xA5, 0xAD,
    0xC8, 0x90, 0xBD, 0xDB, 0x76, 0xCC, 0x64, 0x69, 0xFC, 0x3C, 0xE6, 0x97, 0x71, 0xCC, 0x9D, 0xDF,
    0x61, 0x7D, 0xE6, 0xA3, 0x76, 0x32, 0xAA, 0x87, 0x03, 0xEA, 0x56, 0xE3, 0xD1, 0x8D, 0xEE, 0xCC,
    0x29, 0xBD, 0xD6, 0x22, 0x32, 0xCC, 0x2E, 0x25, 0x18, 0x4B, 0xF5, 0x68, 0x31, 0xCE, 0x0E, 0xD5,
    0x22, 0xE3, 0xD6, 0x9F, 0x01, 0x0D, 0x59, 0x0B, 0x12, 0x38, 0x2C, 0xFD, 0x3C, 0xEC, 0xA6, 0x41,
    0x4F, 0xB3, 0x56, 0x36, 0x51, 0xB9, 0x38, 0x50, 0x06, 0x90, 0xF7, 0x83, 0x11, 0x09, 0x95, 0x3C,
    0x0C, 0x65, 0x62, 0x3B, 0xB8, 0x50, 0x7A, 0x3B, 0xBA, 0xD6, 0x86, 0x8A, 0xC6, 0x3B, 0xAA, 0xF0,
    0x12, 0x8E, 0x8E, 0x32, 0xC0, 0x46, 0xA7, 0x5F, 0x11, 0x39, 0xD1, 0x01, 0x2B, 0xDB, 0x51, 0xB7,
    0xD7, 0x7E, 0x3B, 0x33, 0x71, 0xF9, 0xF8, 0x0D, 0xAF, 0x3A, 0x6C, 0x28, 0x22, 0x7F, 0xD9, 0xF8,
    0x3A, 0x98, 0x40, 0xB0, 0xF2, 0x70, 0x6D, 0x45, 0xC2, 0x42, 0x7E, 0x21, 0x6F, 0x26, 0xDE, 0xCE,
    0x8D, 0xEC, 0x87, 0x95, 0x98, 0xE6, 0x28, 0x2F, 0xC9, 0x47, 0x65, 0x00, 0x1C, 0xE6, 0x82, 0xA9,
    0x50, 0xB2, 0x4F, 0x50, 0x19, 0x68, 0x70, 0xE9, 0x3E, 0xB9, 0x2B, 0x38, 0x44, 0x24, 0x13, 0xC0,
    0x17, 0xD3, 0x89, 0x52, 0x9C, 0xB1, 0x99, 0x74, 0x57, 0xCF, 0xB9, 0x16, 0xB3, 0x3F, 0xAC, 0xB3,
    0x3B, 0xC4, 0xD9, 0x9B, 0x6F, 0xAB, 0xDE, 0x67, 0x68, 0xE3, 0x19, 0xF2, 0xAC, 0x58, 0xCC, 0x68,
    0x1F, 0xC7, 0x79, 0xF4, 0x71, 0x1E, 0x7C, 0x94, 0xD4, 0x74, 0x60, 0x5F, 0x86, 0x66, 0xCA, 0xD8,
    0x8C, 0x19, 0x5D, 0x9B, 0x51, 0x02, 0xB1, 0x0A, 0x45, 0x3E, 0x5B, 0xB6, 0x1F, 0x27, 0x43, 0xCD,
    0x46, 0x35, 0x9E, 0xCB, 0xEA, 0x75, 0x1E, 0x87, 0x8F, 0xC0, 0x39, 0x2B, 0x56, 0x7A, 0xD6, 0x66,
    0x80, 0xAE, 0x95, 0x80, 0x93, 0x1F, 0xA5, 0x80, 0x4F, 0x5C, 0xDF, 0xE4, 0x88, 0x47, 0x8A, 0x80,
    0x6B, 0x8D, 0x40, 0x62, 0x8C, 0xB4, 0xCA, 0xF7, 0xBD, 0xF2, 0x87, 0xA3, 0xF2, 0x3F, 0x4F, 0xCA,
    0xFF, 0x14, 0x95, 0xFD, 0x06, 0xE5, 0x0E, 0x65, 0xE7, 0x95, 0xED, 0xA8, 0x5C, 0x06, 0x65, 0x13,
    0x95, 0xD9, 0x28, 0xD3, 0x29, 0xE3, 0x32, 0x97, 0x1E, 0x9B, 0xF9, 0xD6, 0x47, 0x54, 0x99, 0x65,
    0x83, 0xC9, 0xAC, 0xED, 0xCB, 0xB8, 0x53, 0x22, 0x2A, 0xFD, 0xF1, 0xC4, 0x17, 0xDC, 0x0B, 0x10,
    0x67, 0x6F, 0xDB, 0xF5, 0xEC, 0x2C, 0x51, 0x7D, 0xFD, 0xB6, 0xBA, 0xAA, 0x9E, 0xA2, 0x8E, 0xDA,
    0x98, 0xFD, 0x4C, 0xA4, 0x6E, 0x46, 0xF5, 0x32, 0xAA, 0x93, 0x51, 0x7D, 0x8C, 0xEA, 0x62, 0x54,
    0x0F, 0xA3, 0x3A, 0x18, 0xD5, 0xBF, 0x44, 0x6C, 0x94, 0x3A, 0x25, 0x97, 0x48, 0x7D, 0x8B, 0xEA,
    0x5A, 0x54, 0xCF, 0x74, 0xC4, 0x4F, 0xA3, 0x85, 0x3A, 0xD3, 0x04, 0x75, 0xA9, 0xE5, 0x5C, 0xB3,
    0xBD, 0xEE, 0xF3, 0x33, 0xD5, 0x4A, 0x2F, 0xF1, 0x78, 0x73, 0xE3, 0x72, 0x28, 0xA4, 0x77, 0x0F,
    0x64, 0x55, 0x88, 0x37, 0x52, 0x44, 0x6A, 0x6F, 0x22, 0x27, 0x58, 0x6F, 0x56, 0x74, 0x99, 0x26,
    0xDC, 0x57, 0xA0, 0xEB, 0x6B, 0xDC, 0x1D, 0xEB, 0x3B, 0xF1, 0x2E, 0x58, 0x1D, 0xC4, 0xE3, 0x54,
    0xF7, 0x3A, 0x4E, 0x1D, 0xBC, 0xD3, 0x61, 0xAE, 0x33, 0x66, 0x29, 0xD8, 0x65, 0x07, 0x28, 0xFD,
    0x3B, 0x80, 0x79, 0x10, 0x00, 0xC4, 0x67, 0xEC, 0xFA, 0xF3, 0xAF, 0x6D, 0x80, 0x1B, 0xE7, 0xE2,
    0x2D, 0xED, 0xE9, 0x91, 0xC5, 0xAF, 0x32, 0x9A, 0x0F, 0xC6, 0x8C, 0xEF, 0x07, 0xA0, 0xFA, 0xC1,
    0x04, 0xD8, 0xC5, 0x0A, 0xA8, 0x89, 0xC0, 0x3E, 0x6B, 0x60, 0x8F, 0x0E, 0x38, 0xBA, 0xBB, 0x04,
    0x7D, 0x0B, 0x11, 0xB2, 0x70, 0x8B, 0x01, 0xEB, 0x31, 0x9E, 0x6A, 0xA4, 0xD4, 0xD4, 0x69, 0x4E,
    0xA3, 0x6E, 0xFF, 0x92, 0x7A, 0x8D, 0x44, 0x96, 0xE2, 0x0B, 0x76, 0x30, 0xC3, 0x1E, 0x7C, 0x32,
    0xC1, 0x72, 0x04, 0xE7, 0x61, 0x17, 0x8D, 0x92, 0x8C, 0xD8, 0xCF, 0xD6, 0xD4, 0xDE, 0x51, 0xB7,
    0x8E, 0x72, 0x76, 0x56, 0x6D, 0x21, 0xD2, 0xD6, 0x1F, 0x35, 0xAD, 0x4B, 0xFD, 0x93, 0x64, 0xEF,
    0xE2, 0x66, 0xEB, 0x90, 0xD6, 0xDD, 0xFF, 0x70, 0xB0, 0x62, 0x03, 0x07, 0xD0, 0x16, 0xED, 0xCA,
    0xB6, 0x37, 0x6E, 0x60, 0x23, 0xD5, 0xA4, 0x6F, 0x07, 0x44, 0xFA, 0xF4, 0xF4, 0x2A, 0x03, 0xE6,
    0x79, 0x7E, 0x65, 0xE0, 0xD6, 0x1A, 0x11, 0x7F, 0x40, 0x7B, 0x58, 0xF9, 0xA6, 0xC1, 0xAE, 0x31,
    0x2B, 0x3D, 0xE7, 0x3C, 0xD3, 0x26, 0xCC, 0x33, 0xFC, 0xAE, 0xAF, 0xDB, 0x4E, 0x3C, 0x3B, 0x5C,
    0x01, 0x5B, 0x04, 0x28, 0x3F, 0xF0, 0x3A, 0x55, 0x40, 0xCE, 0xA5, 0x91, 0xE4, 0x74, 0x96, 0x9C,
    0xCD, 0xCE, 0x19, 0x68, 0x6B, 0xB7, 0xC9, 0x60, 0x98, 0x33, 0xD9, 0x39, 0x31, 0x9D, 0x73, 0xD4,
    0x0E, 0x8A, 0x2F, 0x84, 0x79, 0xAF, 0x1E, 0x97, 0x85, 0x9F, 0xD3, 0xD7, 0x39, 0x7B, 0x9D, 0xB3,
    0x0D, 0xCD, 0x5D, 0x1B, 0x09, 0x7A, 0xC9, 0x82, 0x5D, 0x16, 0xE3, 0x3E, 0xC4, 0x08, 0x4E, 0x1F,
    0x66, 0xA7, 0xD9, 0xE6, 0x72, 0xC2, 0x88, 0x60, 0x7D, 0xED, 0x9B, 0xB6, 0x1A, 0x1C, 0x26, 0x64,
    0x3B, 0x4A, 0x96, 0x33, 0xD7, 0x6C, 0xB9, 0xDF, 0xA1, 0xDB, 0x73, 0xE6, 0x9A, 0xC7, 0x9A, 0xF3,
    0xD6, 0x42, 0xA2, 0x9E, 0x27, 0x87, 0x1A, 0x0D, 0xB6, 0x86, 0x5B, 0x03, 0xAE, 0x21, 0xD7, 0xA0,
    0x6B, 0xCB, 0x29, 0xED, 0x1C, 0xA1, 0xEB, 0x9B, 0x36, 0xA7, 0x9F, 0x4F, 0x26, 0xA7, 0x2F, 0x3E,
    0xA5, 0xD5, 0xAC, 0x72, 0xAF, 0xF4, 0x50, 0xDF, 0x6A, 0xD1, 0x34, 0xD2, 0xC4, 0xF3, 0xC9, 0x63,
    0xCE, 0x71, 0x33, 0xCC, 0xCF, 0x9C, 0x19, 0x4E, 0x9E, 0x11, 0x36, 0x0A, 0x9A, 0xD6, 0xE6, 0xAC,
    0x56, 0x93, 0xDA, 0x73, 0x39, 0xAD, 0x91, 0x35, 0xB0, 0xB8, 0xFB, 0xF7, 0x67, 0x5B, 0x86, 0x43,
    0xA0, 0x0C, 0x9A, 0xEE, 0x1C, 0x03, 0xB4, 0x57, 0x2E, 0x8F, 0x62, 0x19, 0x5E, 0x6B, 0xA1, 0x93,
    0x41, 0x7B, 0xDA, 0x6E, 0xCC, 0x87, 0xDA, 0x01, 0xED, 0xC1, 0x0B, 0xD6, 0xEE, 0xEA, 0xE7, 0x73,
    0x01, 0x33, 0x64, 0xB4, 0x2D, 0xB0, 0xF0, 0xDF, 0x57, 0x05, 0x15, 0x75, 0xCB, 0xA5, 0x52, 0x90,
    0xDF, 0xED, 0xB7, 0xAF, 0x1C, 0x07, 0x70, 0x98, 0x21, 0x00, 0xFB, 0xE5, 0x2C, 0x63, 0x82, 0xA3,
    0x0C, 0xDF, 0x5A, 0xB4, 0x2F, 0x52, 0xC6, 0xED, 0x44, 0xDD, 0xCF, 0xFD, 0x47, 0x13, 0x40, 0x37,
    0xEA, 0x3B, 0xF1, 0x54, 0x34, 0xA3, 0x37, 0xE2, 0xA5, 0x94, 0xF1, 0xC7, 0xF4, 0xB0, 0x9F, 0xF7,
    0x59, 0x01, 0xCA, 0x79, 0x8C, 0x93, 0xCA, 0xB8, 0xBD, 0x1B, 0xBF, 0x0E, 0x19, 0x0F, 0xCE, 0x92,
    0x62, 0xE2, 0x8C, 0xFB, 0x33, 0x5A, 0x9E, 0x90, 0xF1, 0xDD, 0x4B, 0x28, 0xE3, 0x1F, 0x9E, 0xE6,
    0x46, 0xD6, 0x9F, 0xCE, 0xA4, 0xF0, 0x98, 0x8C, 0xEE, 0xC5, 0xCB, 0xB8, 0x90, 0x81, 0x5A, 0x56,
    0xDC, 0x28, 0x36, 0xBC, 0x8A, 0x03, 0x9A, 0x5E, 0x47, 0xA4, 0xB6, 0x14, 0xF1, 0xCB, 0xBB, 0x6F,
    0xFB, 0x9C, 0x79, 0x75, 0xC9, 0x72, 0x42, 0xE0, 0x5A, 0x87, 0xFD, 0x38, 0x62, 0x24, 0x9C, 0xCF,
    0x74, 0xAC, 0xC4, 0x3C, 0xC7, 0xEE, 0xFE, 0x1D, 0xDB, 0x56, 0xF9, 0x09, 0xB0, 0xEF, 0xC5, 0x8C,
    0x7E, 0x05, 0x14, 0x5C, 0xB9, 0x24, 0x89, 0xD1, 0x6B, 0x37, 0x29, 0x25, 0x92, 0x99, 0x59, 0xFE,
    0x63, 0xCA, 0x10, 0x67, 0x86, 0x8B, 0x4B, 0x90, 0xD0, 0x90, 0xAB, 0x36, 0x8F, 0x7D, 0xCB, 0x71,
    0xE7, 0xF0, 0x06, 0x97, 0x53, 0x15, 0x6A, 0x38, 0x75, 0x7A, 0xE7, 0x02, 0x55, 0xC1, 0xA8, 0x20,
    0xA5, 0xAC, 0x79, 0xA2, 0x39, 0x11, 0x19, 0xE0, 0x7A, 0xA2, 0x11, 0xCC, 0xFD, 0xDE, 0x24, 0xAA,
    0x9A, 0xBE, 0x48, 0x64, 0x9B, 0x9E, 0x44, 0x7B, 0x89, 0x5A, 0x25, 0x20, 0x9C, 0x27, 0xE3, 0x1B,
    0x59, 0x43, 0xD9, 0xCF, 0x64, 0x99, 0x37, 0xD6, 0x77, 0x97, 0xBD, 0x9E, 0x39, 0xD3, 0xEB, 0xB8,
    0x4C, 0x61, 0xDE, 0xB7, 0x18, 0x33, 0x7D, 0xDF, 0xF8, 0x4C, 0xAF, 0x57, 0x3E, 0xEF, 0x5B, 0x75,
    0xBF, 0x2C, 0x96, 0xF7, 0xDE, 0x9A, 0x24, 0x96, 0x22, 0x32, 0x69, 0xBE, 0x90, 0x70, 0xC3, 0x59,
    0x53, 0x29, 0x9A, 0x55, 0x12, 0x63, 0x23, 0x42, 0x3D, 0x2F, 0x24, 0x92, 0x20, 0xBE, 0x1A, 0x4B,
    0xFD, 0x94, 0xB3, 0xC5, 0xBF, 0xFE, 0xB3, 0xB0, 0x90, 0xD4, 0x42, 0x92, 0xE6, 0xDE, 0xDD, 0xBF,
    0x75, 0xF3, 0x65, 0x93, 0x3C, 0x1E, 0x92, 0x38, 0x8A, 0x03, 0x6D, 0xC7, 0x67, 0xA1, 0x18, 0xDD,
    0xFD, 0xFF, 0x10, 0xF1, 0x56, 0xDA, 0x4E, 0xE0, 0x40, 0x9F, 0x72, 0xA7, 0x4A, 0x75, 0xF7, 0xC4,
    0x2F, 0x22, 0xCD, 0x30, 0x7F, 0x27, 0xB5, 0x9E, 0xCA, 0xE7, 0xB3, 0xE0, 0xDA, 0x0C, 0x00, 0xDD,
    0xE7, 0xA1, 0x90, 0x38, 0x83, 0x83, 0xFC, 0x69, 0x06, 0xEB, 0x1B, 0x5F, 0xC9, 0xDA, 0xFA, 0x74,
    0xC2, 0x2A, 0x60, 0xBD, 0x89, 0x09, 0x90, 0x7B, 0x4B, 0x4F, 0x2D, 0xD2, 0xC2, 0xB5, 0x16, 0xE0,
    0x2F, 0xA0, 0x7B, 0xB8, 0xC6, 0x6C, 0xE4, 0x5D, 0xCA, 0xC1, 0xED, 0x90, 0x9C, 0xEB, 0x35, 0x43,
    0x3E, 0x0F, 0x75, 0x3B, 0xE7, 0xA5, 0xF9, 0x0A, 0x09, 0xFE, 0xA7, 0x05, 0xE3, 0x81, 0x32, 0x83,
    0x11, 0x81, 0x45, 0x8E, 0x65, 0x29, 0x12, 0x68, 0x58, 0x4C, 0xEC, 0xF3, 0xDA, 0x9A, 0xC3, 0xBC,
    0xE7, 0x90, 0x62, 0xC2, 0x61, 0x46, 0xEA, 0x7B, 0xCB, 0x9E, 0x85, 0xAC, 0xD0, 0x65, 0x95, 0xAE,
    0xAA, 0x74, 0x51, 0x25, 0x7E, 0xBB, 0xA4, 0xBA, 0xC6, 0x0B, 0x10, 0x62, 0xEB, 0xC5, 0x97, 0x0A,
    0x51, 0xB4, 0x05, 0x45, 0x78, 0xE5, 0x2C, 0x6B, 0xAF, 0x47, 0xD8, 0x55, 0x81, 0xB2, 0x3E, 0x59,
    0x9E, 0xAC, 0x4E, 0x16, 0xC7, 0xFA, 0xF3, 0xFF, 0xD5, 0xAD, 0x09, 0xF3, 0xF5, 0x28, 0x3E, 0x6E,
    0x31, 0x5E, 0x35, 0x31, 0x22, 0x59, 0x91, 0x31, 0x0B, 0x92, 0xF5, 0xD8, 0x87, 0xD5, 0xE1, 0x6C,
    0xC5, 0x9C, 0xD9, 0x27, 0x29, 0xFC, 0xAC, 0x84, 0x2E, 0x5F, 0xDA, 0x00, 0xE6, 0x17, 0x03, 0x14,
    0xE2, 0x01, 0xE1, 0x9C, 0x10, 0x22, 0xBD, 0xE4, 0x0F, 0xD3, 0xCB, 0xA9, 0x9C, 0xBF, 0x7E, 0x04,
    0xF6, 0x49, 0x30, 0x25, 0x30, 0x43, 0x02, 0xDB, 0x27, 0x78, 0x85, 0x04, 0x87, 0x09, 0xFE, 0x3B,
    0x66, 0x49, 0x37, 0x09, 0x64, 0xD9, 0x62, 0xA2, 0xF3, 0xF9, 0x90, 0x90, 0xA0, 0x5C, 0x25, 0x30,
    0x31, 0x01, 0x92, 0xA1, 0xEB, 0xF3, 0xF9, 0xC6, 0x5B, 0x6B, 0xEC, 0x5A, 0xC4, 0x2F, 0x84, 0x83,
    0xA2, 0x85, 0x77, 0xAA, 0x1E, 0x9C, 0x03, 0x6C, 0x04, 0xCA, 0x09, 0xCE, 0x6E, 0xCE, 0x65, 0x00,
    0xAA, 0x0C, 0xE6, 0x0B, 0xA1, 0x96, 0x2D, 0x98, 0x90, 0xA0, 0xF2, 0x09, 0xEA, 0xD3, 0xA1, 0x85,
    0x3C, 0xB4, 0x15, 0xFA, 0x4C, 0x30, 0x71, 0x99, 0x40, 0xD7, 0x60, 0x36, 0xFB, 0x51, 0x05, 0x1D,
    0x5F, 0xBD, 0x46, 0xDA, 0xA5, 0xF4, 0xCE, 0x7F, 0xDD, 0xAB, 0xB7, 0x39, 0x7B, 0x08, 0x9C, 0xBF,
    0xB5, 0xCB, 0x11, 0x30, 0x1A, 0x14, 0xFF, 0xD5, 0xD7, 0x6F, 0x75, 0x0B, 0x7B, 0xC0, 0x0A, 0x98,
    0x80, 0x08, 0x48, 0x80, 0x26, 0x40, 0x3D, 0x77, 0x32, 0x00, 0x5C, 0x3A, 0xDF, 0x8D, 0x6C, 0x66,
    0x03, 0x2E, 0x66, 0x2D, 0x6B, 0x4F, 0xB5, 0x50, 0x8B, 0x7A, 0xCE, 0xAC, 0x85, 0xCE, 0xC6, 0x1A,
    0x8E, 0x8F, 0xC1, 0x4D, 0x60, 0x75, 0x36, 0xAA, 0x24, 0x12, 0x66, 0xBB, 0xF7, 0xB6, 0xFF, 0x2E,
    0x96, 0x6F, 0xB1, 0x07, 0x04, 0x30, 0x83, 0x9E, 0x73, 0x1F, 0x90, 0x15, 0x2C, 0xA5, 0x57, 0x61,
    0xCB, 0x09, 0x4C, 0xCC, 0x4A, 0x5C, 0x4D, 0x76, 0x98, 0xFA, 0x59, 0xCF, 0x25, 0x36, 0xB8, 0xFF,
    0x5A, 0xFA, 0x2A, 0xFB, 0x74, 0xAD, 0x9D, 0x9F, 0x48, 0xA5, 0x3F, 0x66, 0xF1, 0x9B, 0x00, 0x32,
    0x80, 0xEB, 0x4F, 0xE7, 0x60, 0x23, 0xD2, 0x3B, 0x11, 0x9F, 0x8C, 0x3D, 0xF6, 0x93, 0x4D, 0xB0,
    0x18, 0x55, 0xA7, 0x1A, 0xF5, 0x63, 0xD3, 0xEA, 0x75, 0x0B, 0x01, 0xDC, 0x36, 0xB1, 0x1A, 0xA0,
    0x52, 0x4B, 0xFD, 0x3F, 0xC1, 0xFA, 0x48, 0xDD, 0xAF, 0xE9, 0xE8, 0x7E, 0x1D, 0xB1, 0x32, 0x70,
    0x85, 0x76, 0xDF, 0x78, 0x7B, 0xAB, 0xAD, 0x64, 0x1E, 0xE5, 0x4D, 0x80, 0x3A, 0xE6, 0x1F, 0xCF,
    0xFF, 0x2B, 0xF2, 0x24, 0xA7, 0x19, 0xE8, 0xDA, 0xDF, 0xBE, 0x82, 0x8C, 0x7A, 0x04, 0xA8, 0x43,
    0x80, 0xFA, 0x03, 0xA8, 0x3B, 0xC0, 0xE5, 0x2E, 0xBF, 0x68, 0x93, 0xA0, 0x6C, 0x95, 0x31, 0x4F,
    0xE7, 0x4B, 0x52, 0x7E, 0x81, 0xE2, 0xA6, 0x0E, 0x4A, 0x6F, 0x67, 0x6C, 0x8B, 0xCE, 0x36, 0xAE,
    0x7C, 0x23, 0xEF, 0xEC, 0x04, 0xC0, 0x06, 0x2D, 0x1B, 0x8C, 0x50, 0xF5, 0xB0, 0xC3, 0x0B, 0x7F,
    0x67, 0x8B, 0xF4, 0x4B, 0xF1, 0x90, 0xDE, 0xC9, 0xCD, 0xA6, 0x87, 0x52, 0xE7, 0x85, 0xDE, 0x28,
    0xCF, 0xC3, 0x39, 0xE5, 0xFC, 0xA3, 0xBB, 0x77, 0x66, 0x76, 0x32, 0xCE, 0xDB, 0x17, 0x91, 0x99,
    0x79, 0x26, 0x5E, 0xAC, 0x8A, 0x48, 0x99, 0xC3, 0x6D, 0x26, 0x6E, 0xAD, 0x41, 0xFE, 0x3C, 0x20,
    0xE2, 0x69, 0xA4, 0x07, 0x80, 0xB3, 0x37, 0x77, 0xB7, 0xA1, 0xF9, 0x8D, 0x88, 0x37, 0x9F, 0x0D,
    0x75, 0x30, 0x82, 0x99, 0x4C, 0xC4, 0xC4, 0x04, 0xF9, 0x5F, 0x7F, 0x1E, 0x16, 0x19, 0xCC, 0x2A,
    0xC3, 0x94, 0xA0, 0x0C, 0x09, 0xEC, 0x30, 0x4F, 0x84, 0x04, 0x1D, 0x66, 0x2A, 0x62, 0x82, 0x32,
    0x24, 0x70, 0x3D, 0xE6, 0xB3, 0x35, 0x18, 0x19, 0x40, 0xA5, 0x98, 0x9E, 0x84, 0x7A, 0xD3, 0x42,
    0x16, 0x6E, 0xFB, 0x28, 0xAF, 0xC2, 0xB9, 0x1A, 0xC2, 0xF1, 0x8C, 0xAF, 0xCC, 0x58, 0xB0, 0x6D,
    0x5A, 0x14, 0xD1, 0x9A, 0x88, 0x96, 0x44, 0x8C, 0x40, 0xC6, 0x36, 0xA1, 0x16, 0x7E, 0xB4, 0xEC,
    0xA3, 0xD5, 0x10, 0x2D, 0x86, 0x18, 0xBF, 0x99, 0xB1, 0x9B, 0xD1, 0xF9, 0x8C, 0x76, 0xCC, 0x58,
    0x86, 0x8C, 0x26, 0x66, 0x64, 0x33, 0x63, 0x37, 0xA3, 0x0B, 0x5A, 0xDE, 0xD1, 0xE2, 0x8E, 0x96,
    0x76, 0x74, 0x9C, 0xD8, 0xE1, 0x74, 0x2A, 0xAE, 0x32, 0xEC, 0x65, 0xD8, 0x39, 0x57, 0xC0, 0x20,
    0x97, 0x2F, 0x30, 0x92, 0x05, 0x99, 0xA7, 0xDD, 0x6A, 0xD6, 0x07, 0xF7, 0xCC, 0x30, 0x17, 0x29,
    0xE6, 0x12, 0x85, 0xEA, 0xA7, 0xEF, 0x5E, 0xB0, 0xED, 0xE9, 0x05, 0x39, 0xCA, 0xB0, 0x10, 0x0F,
    0x18, 0x1F, 0x80, 0xB2, 0xCF, 0xA8, 0x7D, 0xDD, 0xCE, 0x32, 0x03, 0x1A, 0xFA, 0xA4, 0x0D, 0x2C,
    0x3E, 0x18, 0x20, 0x69, 0x13, 0x80, 0xEA, 0x8D, 0xF0, 0x94, 0x65, 0xE4, 0x52, 0x64, 0xBB, 0x8C,
    0x2C, 0x46, 0x5D, 0x40, 0x66, 0xCF, 0xCD, 0xE9, 0x02, 0x32, 0x3C, 0xB6, 0x80, 0x84, 0xB5, 0x86,
    0xB5, 0xF4, 0xF0, 0x32, 0xB0, 0x0B, 0x59, 0x4A, 0xC2, 0x3B, 0x14, 0xC3, 0x1E, 0xC5, 0xB8, 0x07,
    0x8F, 0x26, 0x70, 0xC3, 0x05, 0x2E, 0x26, 0x4F, 0x93, 0x00, 0xD7, 0x2B, 0x3D, 0x56, 0x8C, 0x1A,
    0x67, 0x2A, 0xDA, 0x4B, 0xBD, 0xC2, 0x84, 0xD7, 0xCE, 0xC6, 0xBC, 0x38, 0xFF, 0x6D, 0x35, 0x03,
    0x3B, 0x5F, 0xF7, 0x9A, 0x53, 0xC1, 0x8E, 0xDB, 0x4A, 0xD8, 0x0D, 0x80, 0x77, 0x32, 0xA8, 0xE2,
    0xC6, 0x53, 0xCB, 0xAF, 0x5B, 0xE4, 0x2D, 0x39, 0x4D, 0x42, 0x9D, 0xB7, 0x9E, 0x87, 0xC1, 0xF5,
    0xC5, 0x7F, 0x06, 0xD7, 0x9A, 0xF7, 0x57, 0x8E, 0xF2, 0xA7, 0xB1, 0xC3, 0x16, 0x09, 0xBE, 0x97,
    0x61, 0x2F, 0xC3, 0x3F, 0x64, 0x08, 0x45, 0x74, 0xC6, 0x2F, 0xA2, 0xFB, 0x61, 0x6F, 0x56, 0xEE,
    0xCD, 0x9C, 0x84, 0xFE, 0x1B, 0x65, 0xB0, 0x11, 0x3B, 0x98, 0xD5, 0x36, 0x09, 0x5D, 0xDC, 0x97,
    0x80, 0xF1, 0x37, 0xD9, 0xB6, 0xDC, 0xD3, 0xF4, 0x82, 0xD2, 0x83, 0x3D, 0x95, 0x66, 0x64, 0xF9,
    0xD0, 0x1B, 0x91, 0x5E, 0xF3, 0xCE, 0x66, 0x70, 0xB8, 0xE0, 0x78, 0x10, 0x8E, 0xD2, 0x60, 0x4E,
    0xCC, 0xFB, 0xD3, 0x49, 0x95, 0xF2, 0xCE, 0x97, 0x4D, 0xE8, 0xF6, 0x4C, 0x70, 0x3F, 0x4B, 0x16,
    0x34, 0xEF, 0xAC, 0x52, 0xDE, 0x69, 0x25, 0xF2, 0x3D, 0xBD, 0x85, 0xE0, 0xE0, 0x5A, 0xC6, 0xE8,
    0x40, 0x3F, 0x07, 0x43, 0x53, 0x66, 0xAC, 0xDE, 0x0B, 0x40, 0xD1, 0x5E, 0x92, 0x0F, 0x58, 0x37,
    0xAF, 0xC1, 0x49, 0xED, 0x71, 0xD5, 0x80, 0x4D, 0x17, 0x31, 0xC3, 0x0A, 0xDA, 0xAB, 0x17, 0x38,
    0xAB, 0xBA, 0x16, 0x30, 0x32, 0x02, 0xE5, 0xC7, 0x01, 0xB0, 0xBC, 0x0E, 0xEC, 0x72, 0x49, 0x14,
    0xA0, 0xE9, 0x29, 0x24, 0x60, 0x1E, 0x45, 0x4C, 0xBF, 0x47, 0xC1, 0xCE, 0x85, 0x79, 0x7F, 0xAD,
    0x68, 0xA9, 0xD3, 0xC0, 0xAB, 0x9F, 0x4F, 0x5A, 0x0E, 0x5A, 0xBD, 0x02, 0x57, 0x77, 0x41, 0x87,
    0x19, 0x6F, 0x27, 0x2B, 0x03, 0x87, 0x26, 0xB0, 0xA7, 0xC6, 0x4E, 0x32, 0x4E, 0x4D, 0xA4, 0x4F,
    0xE6, 0xE7, 0xFE, 0x93, 0x66, 0xB3, 0x95, 0x81, 0x3A, 0xFF, 0xE5, 0x45, 0x6E, 0x1A, 0xCD, 0x1E,
    0x67, 0x3D, 0xF6, 0x8D, 0x80, 0xF1, 0xD3, 0x69, 0x34, 0x59, 0x8E, 0x18, 0x59, 0xA3, 0x1F, 0x5F,
    0xEB, 0xDE, 0x61, 0x7D, 0xB6, 0xEE, 0xB5, 0x5B, 0xBE, 0x9B, 0x3F, 0xCF, 0xDE, 0xED, 0x8F, 0x34,
    0x0A, 0xB8, 0x6C, 0x2D, 0x58, 0x5F, 0xF6, 0xA5, 0x08, 0xDB, 0xEA, 0x60, 0xD6, 0x11, 0x17, 0x61,
    0xB3, 0x84, 0x50, 0x41, 0x5B, 0xBC, 0x30, 0x5F, 0x72, 0x5C, 0xD8, 0xC6, 0xC5, 0x7F, 0x57, 0xE3,
    0x72, 0x41, 0x7E, 0x5C, 0xDB, 0x6D, 0x9D, 0xF5, 0xF5, 0x1B, 0xA1, 0x7C, 0x6F, 0x5A, 0x84, 0x43,
    0x0E, 0x76, 0xF4, 0xBB, 0x5C, 0xB1, 0xFC, 0x94, 0xDA, 0x63, 0x9F, 0xE7, 0x57, 0xFB, 0xA2, 0x9B,
    0x8C, 0x48, 0x3E, 0xE7, 0x8F, 0xC6, 0x34, 0x87, 0xF2, 0x14, 0x0A, 0x7B, 0x5C, 0x99, 0x87, 0x2B,
    0x1E, 0x19, 0xB0, 0xCF, 0xF0, 0xBB, 0xFD, 0x49, 0x21, 0x52, 0x7E, 0x84, 0xDB, 0x70, 0x74, 0x9B,
    0x50, 0xB6, 0x07, 0xC5, 0x05, 0x54, 0xC1, 0x9F, 0x3C, 0xE1, 0xF3, 0x96, 0xC0, 0x8B, 0x83, 0xAB,
    0xBA, 0xD6, 0x87, 0x77, 0xEB, 0x16, 0x5C, 0xE5, 0xC1, 0xFE, 0x34, 0x40, 0xD1, 0x1E, 0x7C, 0x13,
    0x25, 0xF0, 0x24, 0x34, 0xCE, 0x9E, 0x3D, 0xAE, 0x8A, 0xB0, 0x87, 0xAA, 0x7D, 0x41, 0x25, 0x70,
    0x4E, 0x80, 0x52, 0xB2, 0x9B, 0xFF, 0x3A, 0xC2, 0xCB, 0x04, 0xFD, 0x90, 0xF6, 0x0D, 0xF8, 0x4A,
    0x7D, 0x07, 0x64, 0x45, 0xF1, 0xE9, 0x31, 0xC6, 0xFF, 0x3E, 0x45, 0x7B, 0x71, 0x7E, 0x66, 0x1D,
    0xB5, 0x36, 0x94, 0x26, 0x02, 0xA4, 0xA9, 0x00, 0x45, 0x38, 0x04, 0x9D, 0x0E, 0x00, 0x22, 0x9B,
    0x79, 0x35, 0x3C, 0x52, 0x06, 0x5D, 0xB7, 0xC6, 0x0C, 0xEB, 0x0C, 0x9B, 0x53, 0x58, 0x6F, 0x77,
    0x24, 0xCA, 0xB3, 0x3C, 0xC1, 0x86, 0x7C, 0xF1, 0x0C, 0xCE, 0x7F, 0xEE, 0x0B, 0x5C, 0x82, 0x62,
    0x4D, 0x19, 0x90, 0x7C, 0x8B, 0xBA, 0x21, 0xA7, 0x0C, 0xD3, 0xF9, 0x98, 0x96, 0x7E, 0x3A, 0x1F,
    0xD3, 0x7C, 0x48, 0xEB, 0x1E, 0xE4, 0x95, 0x45, 0x5E, 0xCF, 0x57, 0xDE, 0x44, 0x4D, 0x63, 0xCD,
    0xF4, 0x54, 0xCB, 0xB7, 0x2F, 0x4E, 0x46, 0x7D, 0x68, 0xE1, 0x22, 0xFA, 0xD8, 0x22, 0x58, 0xA0,
    0x2D, 0xBE, 0x6E, 0x17, 0xF5, 0x79, 0x36, 0xB1, 0xF8, 0x74, 0xFB, 0x3C, 0xBB, 0x18, 0xF7, 0x34,
    0x8E, 0x1A, 0x48, 0x8D, 0xA4, 0x86, 0x92, 0xFC, 0x60, 0xD3, 0x60, 0x5E, 0xA2, 0x7A, 0xE5, 0xEE,
    0x9F, 0x1E, 0x40, 0xF9, 0xEF, 0x71, 0x5B, 0x4E, 0x8D, 0x0D, 0xB0, 0x6F, 0x7B, 0xD8, 0x2D, 0x5E,
    0x68, 0x9D, 0x57, 0xD3, 0x6B, 0x24, 0x40, 0x7E, 0xA5, 0x64, 0xF4, 0x7B, 0x40, 0xC1, 0xA5, 0xD2,
    0x87, 0x85, 0xD6, 0xF9, 0x00, 0xF7, 0xB6, 0x67, 0x4E, 0xF7, 0xB9, 0xC2, 0x8B, 0x95, 0x06, 0x0A,
    0x59, 0x61, 0x1F, 0x09, 0x4D, 0xDB, 0xF4, 0x0E, 0xDB, 0x1F, 0x61, 0x39, 0x02, 0x5C, 0xB6, 0x1E,
    0xEA, 0x09, 0x2A, 0x69, 0x29, 0x64, 0x82, 0x46, 0xA0, 0x90, 0x1E, 0x1A, 0x0F, 0x76, 0xF8, 0x0E,
    0xD5, 0x70, 0x9C, 0x2C, 0x62, 0xFD, 0x11, 0xB6, 0x77, 0x3F, 0x5F, 0x52, 0xC9, 0x84, 0xC6, 0x1B,
    0xCD, 0x99, 0x1C, 0xB0, 0x0F, 0xEC, 0x01, 0x7F, 0x00, 0x0B, 0xE9, 0xEB, 0xFB, 0x61, 0xBF, 0x98,
    0x8E, 0x09, 0xC7, 0xDC, 0xE9, 0xC0, 0x8D, 0x58, 0xA1, 0x90, 0x31, 0x5F, 0x6B, 0x11, 0x5F, 0x25,
    0x4E, 0x1C, 0x47, 0x56, 0xDD, 0x0F, 0x43, 0x23, 0x9E, 0x9B, 0x70, 0x15, 0x22, 0xAC, 0x28, 0x02,
    0x8B, 0x81, 0xA2, 0xA7, 0x13, 0x11, 0x9F, 0x61, 0x38, 0x34, 0x2B, 0x33, 0xFC, 0x95, 0x59, 0x2D,
    0x86, 0x9F, 0x99, 0x55, 0x31, 0x5C, 0x31, 0x2B, 0x5A, 0x12, 0xF0, 0x95, 0x20, 0xDD, 0x06, 0x20,
    0x32, 0xA2, 0x8D, 0x83, 0xC7, 0xCB, 0x11, 0x1E, 0x28, 0x7B, 0x60, 0x01, 0xD0, 0xC2, 0x48, 0x31,
    0xCE, 0x85, 0x28, 0x19, 0x96, 0x32, 0x94, 0x23, 0x4F, 0xFB, 0xE9, 0x9B, 0x7A, 0x7D, 0x80, 0x8C,
    0xEC, 0xCE, 0xCE, 0x1D, 0x41, 0xCE, 0x10, 0x21, 0x40, 0x8F, 0xA6, 0xA0, 0x1B, 0xEC, 0xA7, 0x4B,
    0xEF, 0xFA, 0x2A, 0x38, 0xCC, 0x74, 0x03, 0xB3, 0xFA, 0xBD, 0x64, 0x3A, 0x82, 0x32, 0xCC, 0x11,
    0x58, 0xAC, 0x61, 0x99, 0x6C, 0x6A, 0xBC, 0x6E, 0xCB, 0xFB, 0x17, 0x11, 0x8A, 0xA8, 0xBC, 0x7D,
    0xA0, 0x54, 0xF9, 0xF8, 0x01, 0xA4, 0xC5, 0x46, 0x5E, 0x92, 0x01, 0x37, 0xC1, 0x77, 0x80, 0x52,
    0x7A, 0xDC, 0xFD, 0x89, 0x23, 0x22, 0xC7, 0xAC, 0x39, 0xE4, 0x04, 0x98, 0xA7, 0xA7, 0xDE, 0x90,
    0xF5, 0xC8, 0x42, 0x3C, 0xE6, 0x5F, 0x56, 0xBA, 0x1D, 0xF7, 0x39, 0xEB, 0x80, 0xB5, 0x5E, 0xAA,
    0x1E, 0x29, 0xA4, 0xA5, 0x9B, 0xE0, 0x1F, 0xE1, 0x39, 0xFE, 0xC4, 0x51, 0x3F, 0x7C, 0xE9, 0x67,
    0xAF, 0xF2, 0xF4, 0x3B, 0xE9, 0xF4, 0x7F, 0xA1, 0x88, 0x28, 0xEA, 0x96, 0x67, 0xC3, 0x72, 0xC6,
    0x5B, 0x6B, 0xEA, 0x75, 0x9B, 0x73, 0x46, 0xF1, 0x5C, 0xE1, 0x00, 0xF6, 0xCD, 0x00, 0xF6, 0xCD,
    0x1E, 0x4A, 0x41, 0xFD, 0x81, 0x9B, 0xCF, 0x58, 0x9E, 0x92, 0x1E, 0xF3, 0x50, 0x02, 0x66, 0x33,
    0x7F, 0xFA, 0x22, 0x41, 0xE0, 0x5D, 0x85, 0x67, 0x9D, 0xAA, 0xF5, 0x9A, 0x65, 0xBF, 0x4C, 0x4A,
    0x84, 0xFF, 0x05, 0x85, 0x94, 0x01, 0x64, 0x2C, 0xDD, 0x15, 0xC7, 0x7F, 0xB3, 0x93, 0x64, 0x3F,
    0xD9, 0x7C, 0xB9, 0x43, 0x13, 0x55, 0xDD, 0x74, 0x42, 0x1F, 0x9E, 0x76, 0xBF, 0x6C, 0x90, 0x4F,
    0xB7, 0xED, 0xEE, 0xDE, 0x0B, 0xA0, 0xD0, 0x45, 0x9E, 0x02, 0xBE, 0x0F, 0xC0, 0x07, 0x16, 0x8B,
    0x94, 0xDD, 0xCC, 0x00, 0x00, 0x16, 0x00, 0x45, 0x50, 0x10, 0xA5, 0x5B, 0x9E, 0x8A, 0xDA, 0xF7,
    0xE6, 0xF2, 0x00, 0xE0, 0x02, 0xA5, 0xD0, 0x4B, 0x0B, 0x14, 0xEF, 0x56, 0x17, 0x5B, 0x66, 0x73,
    0x7B, 0x6F, 0x77, 0xBD, 0xA4, 0xD1, 0xEA, 0xFF, 0x9C, 0xB9, 0xCE, 0x39, 0xF7, 0x9C, 0x3B, 0x67,
    0xFE, 0x67, 0x66, 0x4E, 0x91, 0xE4, 0xBA, 0xA9, 0x71, 0x64, 0xC9, 0x48, 0xD8, 0xBC, 0x1C, 0xF2,
    0x80, 0x22, 0x19, 0xD1, 0x5C, 0x23, 0x6A, 0xA4, 0xE4, 0xA1, 0x55, 0x8E, 0x50, 0x07, 0x8A, 0xEE,
    0xAA, 0x3F, 0xF4, 0xEB, 0x45, 0xD7, 0x91, 0x28, 0xE9, 0x75, 0xE1, 0x0D, 0xE0, 0x23, 0xFC, 0x55,
    0xA2, 0xFB, 0xA9, 0xEE, 0xFA, 0x52, 0x78, 0x18, 0xC1, 0xCC, 0xBF, 0x3F, 0xE9, 0xA4, 0x65, 0x21,
    0x8C, 0x14, 0xFA, 0x75, 0x43, 0x15, 0xC6, 0xAF, 0xCA, 0x25, 0x6B, 0x61, 0x05, 0x82, 0x96, 0x95,
    0xF5, 0xE4, 0x6C, 0x71, 0x7C, 0xF3, 0x85, 0xAC, 0x9B, 0x26, 0x19, 0x5D, 0x37, 0x5D, 0x2D, 0x3E,
    0xAC, 0xBA, 0xA9, 0xE9, 0x0B, 0x95, 0xED, 0x31, 0x4A, 0x54, 0xB8, 0xA9, 0x94, 0xB1, 0x81, 0xE6,
    0x2A, 0x36, 0x83, 0x0B, 0xB8, 0x03, 0xB7, 0x83, 0x5D, 0x9C, 0xEE, 0x2B, 0x29, 0x8C, 0xF8, 0xE0,
    0x52, 0xB3, 0x4E, 0x5C, 0x9F, 0x58, 0x46, 0xB2, 0xA2, 0xB1, 0xE6, 0xDC, 0x95, 0xA1, 0x19, 0xF9,
    0x5B, 0x2D, 0x7C, 0x74, 0x83, 0x06, 0x23, 0xB8, 0x21, 0x98, 0xA1, 0x98, 0xB7, 0xF4, 0x19, 0x7D,
    0xA6, 0x14, 0xAA, 0xD0, 0xB2, 0xDC, 0x47, 0x28, 0xA9, 0xA5, 0x11, 0x26, 0xD5, 0xA9, 0x16, 0x21,
    0x0E, 0x39, 0x52, 0x57, 0xBA, 0xA0, 0x1F, 0x44, 0x90, 0x1A, 0xFE, 0x4B, 0xCE, 0x35, 0x15, 0x5D,
    0xD5, 0xD2, 0x89, 0x7D, 0xA2, 0xEE, 0x2D, 0x8A, 0xC4, 0x34, 0x4C, 0x61, 0x7E, 0x68, 0x12, 0x03,
    0x13, 0x6E, 0x28, 0xCC, 0x6D, 0x39, 0x21, 0x03, 0xFC, 0xE6, 0x9B, 0x77, 0x9C, 0xED, 0xA4, 0x7D,
    0x40, 0xAE, 0x73, 0xDD, 0xD2, 0xCD, 0x32, 0x67, 0x0D, 0x24, 0xF2, 0xC1, 0xB9, 0x59, 0x7E, 0x80,
    0x08, 0x52, 0x59, 0xEF, 0xEE, 0xEF, 0xBC, 0x13, 0xEC, 0x04, 0xEF, 0x2A, 0x2B, 0x38, 0xE4, 0xF4,
    0x5A, 0xD6, 0xA7, 0xD7, 0x64, 0xB8, 0xAD, 0xFC, 0xD4, 0x49, 0xD3, 0x55, 0x8A, 0x9D, 0xCB, 0xA3,
    0x2E, 0x74, 0x5E, 0xEE, 0xC9, 0xAA, 0xD8, 0x7B, 0x3E, 0x80, 0x48, 0x79, 0xAF, 0x73, 0xF3, 0xC5,
    0x70, 0x29, 0xDC, 0x89, 0x9C, 0x2E, 0xDD, 0x3C, 0x21, 0x55, 0x4D, 0x97, 0xD4, 0x4C, 0x59, 0xCA,
    0xB5, 0xB4, 0xA9, 0xC9, 0x19, 0x32, 0x40, 0x22, 0xEB, 0x56, 0xED, 0x22, 0x0A, 0xBF, 0x09, 0x3A,
    0x65, 0x30, 0xE1, 0xEC, 0x92, 0x23, 0xC0, 0x59, 0xF7, 0x3B, 0x67, 0xA5, 0xD7, 0xFB, 0xFB, 0x64,
    0xA8, 0xC0, 0x68, 0xFE, 0x95, 0x6A, 0x3D, 0x92, 0xD6, 0x24, 0xBF, 0x86, 0x51, 0x34, 0x82, 0x2B,
    0xBE, 0x62, 0xD0, 0xD4, 0xE7, 0x94, 0x40, 0xAF, 0xA1, 0x83, 0x9D, 0x7B, 0xD5, 0xDC, 0x00, 0x84,
    0x35, 0xD8, 0x21, 0x12, 0xE2, 0x89, 0x22, 0x5F, 0xB5, 0xA5, 0x5F, 0x5E, 0x75, 0x57, 0x24, 0xE5,
    0xA7, 0x77, 0x4A, 0x7A, 0xAF, 0xE3, 0xC5, 0x0B, 0xFB, 0xF4, 0xCD, 0x1B, 0x15, 0xED, 0x1F, 0xDC,
    0xDF, 0x97, 0xB1, 0x76, 0xDD, 0x1E, 0xFA, 0x3A, 0xD6, 0x06, 0x27, 0x66, 0xD6, 0x41, 0xD9, 0x15,
    0x45, 0x27, 0x2C, 0xA0, 0x48, 0x2D, 0x5D, 0x9D, 0x6C, 0x10, 0x96, 0x0A, 0x26, 0x7C, 0x42, 0x9F,
    0xA8, 0x0F, 0xE0, 0x48, 0x1C, 0xA9, 0x8E, 0xDA, 0x2A, 0x11, 0x90, 0xFF, 0x9F, 0xCD, 0xC1, 0xD3,
    0x66, 0x84, 0xAA, 0x2F, 0x84, 0x98, 0xAD, 0xC6, 0x7C, 0x1E, 0x98, 0x9A, 0x31, 0x0B, 0xAC, 0x85,
    0x56, 0xB6, 0xF4, 0x85, 0x60, 0xD0, 0xAD, 0x0D, 0xC8, 0x8F, 0xFA, 0x97, 0xFF, 0xB4, 0x6E, 0xE1,
    0x46, 0xD9, 0x28, 0x53, 0x7F, 0x70, 0x52, 0x77, 0xCB, 0xC2, 0x8E, 0xCD, 0xFE, 0xED, 0xCA, 0x2D,
    0x87, 0x22, 0xAF, 0x89, 0x4F, 0x17, 0x9F, 0x32, 0x3E, 0xED, 0x73, 0x06, 0xAE, 0x29, 0xC8, 0xCB,
    0xA6, 0x4E, 0xB6, 0xDF, 0x6A, 0x98, 0xFA, 0x80, 0x15, 0x8A, 0x17, 0x4C, 0xEC, 0x21, 0x91, 0xA5,
    0x50, 0x2D, 0x06, 0x64, 0xF0, 0x1A, 0x0A, 0x6E, 0x6E, 0x7B, 0xF5, 0x74, 0x53, 0x3F, 0xBC, 0x7B,
    0xB5, 0x08, 0x3E, 0x72, 0x2B, 0x46, 0x94, 0x2F, 0x26, 0xFC, 0xBF, 0xC8, 0x7E, 0xFE, 0xE1, 0x15,
    0xA6, 0x30, 0x49, 0x10, 0x0C, 0x90, 0xFC, 0x9C, 0x7C, 0xF3, 0xEF, 0x7B, 0x17, 0x2B, 0xFE, 0xAE,
    0x76, 0xA4, 0xCE, 0xE2, 0xDA, 0x98, 0x7F, 0x96, 0x6F, 0x3A, 0x71, 0x4B, 0x38, 0x5E, 0xC7, 0x60,
    0xD4, 0x93, 0x97, 0xED, 0xBE, 0x74, 0xF7, 0xE2, 0xCB, 0x23, 0x7D, 0xFC, 0x97, 0x1C, 0x1E, 0x12,
    0x81, 0x40, 0xEA, 0x5C, 0x09, 0xA2, 0x14, 0xBA, 0x30, 0xD2, 0x54, 0x71, 0xB5, 0x0B, 0x80, 0xB0,
    0xEE, 0x83, 0x1D, 0x27, 0x7F, 0x9E, 0x60, 0x38, 0x2A, 0xBF, 0x0F, 0xB4, 0x49, 0x15, 0x7C, 0x0D,
    0x77, 0x8C, 0x17, 0x60, 0xCD, 0x2E, 0xD3, 0xC0, 0xC4, 0x2E, 0x14, 0x64, 0x76, 0x1C, 0x77, 0x0D,
    0x71, 0x17, 0x8E, 0x48, 0x63, 0x95, 0xFA, 0x96, 0x62, 0x9C, 0xFC, 0x69, 0x42, 0xC8, 0xFF, 0x59,
    0xC6, 0xEE, 0xFC, 0x4A, 0x4B, 0x2D, 0xED, 0xF6, 0x8E, 0x25, 0x6B, 0xBA, 0xA6, 0xE9, 0x64, 0x19,
    0x89, 0x3F, 0x1E, 0x2E, 0xDC, 0x83, 0x4C, 0x9E, 0xFF, 0x5F, 0xCE, 0x5D, 0x19, 0xDC, 0x64, 0x05,
    0x23, 0xC2, 0x74, 0x6D, 0x9C, 0x6E, 0x15, 0xA6, 0xCB, 0x79, 0xC3, 0x15, 0xE5, 0x23, 0x5D, 0x1D,
    0xA7, 0xF7, 0x9F, 0xC7, 0xCC, 0xB1, 0x8F, 0x89, 0xCB, 0xFF, 0xB2, 0xCA, 0xFF, 0x51, 0xBF, 0x6F,
    0x4D, 0xAD, 0x10, 0x6F, 0x97, 0xC7, 0xE2, 0xA2, 0x56, 0xBC, 0x7B, 0xDC, 0xBC, 0x82, 0x54, 0xFF,
    0xE4, 0x37, 0xDD, 0x75, 0xB1, 0xF9, 0xD1, 0xAF, 0x52, 0xDD, 0xFA, 0xA3, 0x95, 0xBE, 0xEE, 0xF7,
    0xFB, 0xBD, 0x7E, 0xA0, 0x76, 0x29, 0xFE, 0xE6, 0x7A, 0x5C, 0x51, 0xB9, 0xCA, 0x36, 0x74, 0xA3,
    0x54, 0x00, 0xD9, 0xB6, 0xED, 0x01, 0xD0, 0xD4, 0xC2, 0x42, 0x45, 0xE2, 0xBD, 0x5F, 0xC1, 0x77,
    0xFD, 0xA3, 0x62, 0x8B, 0x39, 0xC0, 0xD7, 0x37, 0x40, 0xC3, 0x74, 0x15, 0xE4, 0xE1, 0xEB, 0x54,
    0xDF, 0xDE, 0x40, 0xE5, 0xBD, 0x85, 0xA4, 0xFA, 0x2B, 0x7C, 0x73, 0x7F, 0x7F, 0x3F, 0xF7, 0x01,
    0xEE, 0x4D, 0xC0, 0xE8, 0xC9, 0x25, 0x22, 0xF1, 0x21, 0xA5, 0x2D, 0xE2, 0xC1, 0xCB, 0x21, 0xDD,
    0x10, 0xBE, 0x82, 0xDC, 0x97, 0x44, 0x44, 0xCB, 0x2B, 0x1A, 0x21, 0x7B, 0xCD, 0xB6, 0x87, 0x6D,
    0x3F, 0xDB, 0xDE, 0xB6, 0x7D, 0x02, 0x0D, 0xC2, 0xC9, 0xBF, 0x28, 0x7D, 0x80, 0xA9, 0xC2, 0xA2,
    0x81, 0x94, 0x08, 0x0E, 0xD5, 0x97, 0x26, 0xB3, 0x17, 0x2E, 0xA2, 0x78, 0x0B, 0x07, 0xEA, 0xC7,
    0x6E, 0x3C, 0xAE, 0xDC, 0x82, 0xAB, 0x2C, 0xB7, 0xD0, 0xE6, 0x33, 0x4E, 0xE8, 0xD0, 0xDE, 0x49,
    0x11, 0x32, 0xBE, 0x74, 0xEE, 0xD2, 0x5E, 0xD9, 0xAB, 0xC5, 0xB8, 0x6B, 0xE0, 0xFA, 0x84, 0x7E,
    0x87, 0x4E, 0x7B, 0xA7, 0xED, 0x0E, 0xE2, 0x23, 0xC4, 0x93, 0xFA, 0x8B, 0xCB, 0x6C, 0xCC, 0x25,
    0xBD, 0x2C, 0x77, 0x90, 0x38, 0xC6, 0xDF, 0x19, 0xFF, 0xDE, 0xD9, 0x85, 0x19, 0x9B, 0x85, 0x73,
    0x72, 0x09, 0x53, 0xE8, 0x04, 0x9D, 0x73, 0x31, 0x0D, 0xB5, 0x4F, 0x7A, 0x2B, 0x38, 0x99, 0xDF,
    0x31, 0x2C, 0x62, 0x38, 0x46, 0x8E, 0x3E, 0x5D, 0xB7, 0x79, 0xDC, 0xBB, 0x58, 0xEC, 0x1A, 0x42,
    0xAA, 0x13, 0x06, 0xCC, 0xE8, 0xED, 0x24, 0x07, 0x4E, 0x4F, 0xE9, 0x7F, 0xCE, 0xD1, 0x11, 0xC7,
    0xAF, 0x68, 0x5E, 0x92, 0x5A, 0x1A, 0x3A, 0x06, 0xBF, 0xD7, 0xA7, 0x39, 0x8E, 0x76, 0xEA, 0x38,
    0xEA, 0x31, 0x93, 0xFC, 0x0B, 0xCC, 0x98, 0x01, 0xA4, 0x2D, 0x49, 0x7E, 0xC6, 0xBF, 0xEE, 0x9A,
    0xBC, 0x8E, 0x34, 0x5B, 0x83, 0x59, 0x62, 0x87, 0xE9, 0xC1, 0x20, 0xD8, 0xB7, 0x0D, 0x83, 0xC1,
    0x79, 0xA9, 0x4E, 0x16, 0x41, 0xF0, 0x06, 0xB3, 0x21, 0x81, 0xB7, 0x00, 0x10, 0x07, 0x1E, 0xAE,
    0x78, 0xA6, 0x5B, 0x02, 0x00, 0x0F, 0x02, 0x02, 0x10, 0x98, 0x37, 0x08, 0x0C, 0x36, 0xBC, 0xBD,
    0x5D, 0x3B, 0xC3, 0xC2, 0x62, 0x9A, 0xCC, 0x0A, 0x90, 0x74, 0x64, 0x86, 0x98, 0xB5, 0x5E, 0x25,
    0xE9, 0x95, 0xBE, 0x77, 0xAA, 0xFB, 0xCB, 0xFF, 0x5F, 0x7D, 0xEE, 0xBD, 0xE7, 0xCD, 0x9B, 0x6B,
    0xDE, 0xEC, 0xEC, 0x7B, 0x33, 0xE5, 0x7C, 0xBF, 0xEF, 0xDC, 0xAA, 0xAE, 0x7F, 0x57, 0xD5, 0xA9,
    0xAA, 0xAE, 0xBE, 0xD0, 0xB4, 0x8A, 0x9C, 0xC8, 0x76, 0x80, 0x19, 0x00, 0xDC, 0x87, 0x26, 0x92,
    0x71, 0x2F, 0x2A, 0x02, 0xEE, 0x99, 0x80, 0xDD, 0x41, 0x7F, 0x28, 0xC2, 0xA5, 0x48, 0x9F, 0x14,
    0x80, 0xCF, 0x29, 0x13, 0xD9, 0x83, 0xAA, 0x8A, 0x5B, 0xC2, 0x8F, 0x6F, 0x00, 0xD1, 0xFA, 0x2C,
    0x56, 0x1E, 0xEF, 0x95, 0x0D, 0x80, 0x67, 0x76, 0x2F, 0x27, 0x1A, 0x90, 0x28, 0xC1, 0x26, 0x33,
    0xE0, 0xC4, 0x4C, 0xD9, 0x88, 0xBB, 0x89, 0xAF, 0x9B, 0x09, 0x03, 0x20, 0xC4, 0x15, 0xBF, 0x77,
    0x5F, 0xF8, 0x19, 0x17, 0x21, 0x3F, 0x65, 0x07, 0x33, 0xA3, 0xF6, 0x5A, 0x6A, 0x83, 0xB2, 0x4C,
    0x2C, 0x8E, 0x58, 0x26, 0xDA, 0x51, 0x59, 0x79, 0xBC, 0xBC, 0xFC, 0x09, 0x01, 0xF2, 0x5F, 0x66,
    0x00, 0xDF, 0x15, 0xB5, 0xA2, 0x08, 0xE4, 0xDA, 0x4C, 0x0F, 0x64, 0x97, 0xBD, 0x9D, 0x0F, 0xBD,
    0x8D, 0x47, 0xBD, 0x7D, 0x43, 0x84, 0xAF, 0xAA, 0x6A, 0x69, 0xA0, 0x3D, 0x4C, 0xC9, 0x32, 0xA0,
    0xFF, 0xD5, 0x62, 0x66, 0xB0, 0x1C, 0xE1, 0xAC, 0xC7, 0xAD, 0xBA, 0x03, 0x5C, 0x23, 0x02, 0xD0,
    0xAA, 0x1E, 0xBC, 0x83, 0x9E, 0x44, 0xFB, 0xA3, 0x1F, 0xA5, 0xBF, 0x1D, 0x0E, 0xE5, 0x1E, 0xA8,
    0x44, 0x36, 0xA0, 0x34, 0x11, 0x35, 0x48, 0x21, 0x03, 0xF0, 0x16, 0x34, 0x65, 0x9C, 0x61, 0xCF,
    0x89, 0xBA, 0xA9, 0xBC, 0x83, 0xF5, 0x6F, 0xA3, 0x6C, 0x2E, 0xEB, 0x6B, 0xDD, 0x19, 0x28, 0xE8,
    0x01, 0x46, 0xC0, 0x12, 0x00, 0x35, 0x77, 0x00, 0xEC, 0xF8, 0x47, 0x28, 0xC2, 0x43, 0x14, 0xE3,
    0x43, 0x94, 0x43, 0x0B, 0xEB, 0xDD, 0x2F, 0x7B, 0x94, 0x9C, 0xD3, 0x10, 0x91, 0xDD, 0x7E, 0x6D,
    0x74, 0x34, 0xBF, 0xE2, 0xA7, 0x5A, 0x40, 0xFA, 0xD7, 0xFE, 0x00, 0xB1, 0xEA, 0xE4, 0x73, 0x62,
    0xA1, 0xE9, 0x6B, 0x07, 0xB4, 0x9C, 0x6F, 0xF0, 0x63, 0xB4, 0x80, 0xFB, 0x1A, 0x9F, 0x16, 0xF8,
    0x29, 0x10, 0x51, 0x07, 0xB4, 0x1D, 0x0C, 0x25, 0x01, 0x59, 0x4F, 0x9E, 0x01, 0xB0, 0xB0, 0xFE,
    0xA9, 0x4D, 0xDA, 0x82, 0x57, 0xC4, 0xD8, 0xA9, 0xF9, 0x2A, 0xE0, 0xA6, 0x98, 0x99, 0x70, 0x4B,
    0x2C, 0x8F, 0xD8, 0x89, 0x65, 0x97, 0x76, 0x6F, 0xB3, 0x39, 0x95, 0xE5, 0x21, 0x5D, 0xD9, 0xAB,
    0xD9, 0xC0, 0x01, 0x2D, 0xE9, 0xFB, 0xCE, 0x90, 0x0B, 0x5E, 0xB8, 0x1C, 0x2C, 0xB2, 0x81, 0x0C,
    0x58, 0xBF, 0x42, 0xE7, 0x74, 0xB9, 0x4D, 0xAB, 0xE2, 0x29, 0x8D, 0x92, 0xD6, 0xCD, 0x38, 0xA6,
    0x4C, 0x33, 0x27, 0x43, 0xDC, 0x6C, 0xD9, 0x6C, 0x7D, 0xCC, 0x96, 0xAB, 0x4B, 0x4A, 0xA9, 0x50,
    0x2D, 0xD8, 0x93, 0x81, 0xF4, 0x24, 0x9B, 0xAF, 0xB9, 0x6C, 0x7F, 0xC5, 0x06, 0x66, 0x86, 0xDB,
    0x96, 0xED, 0x31, 0x87, 0x6B, 0xF9, 0xF2, 0xD2, 0xD8, 0xDF, 0x80, 0x1C, 0x2C, 0x81, 0xEC, 0x4D,
    0x20, 0x75, 0x4E, 0xEB, 0x01, 0xB5, 0x08, 0x3B, 0xC5, 0x8B, 0xB8, 0x1A, 0xB3, 0x59, 0x46, 0xAC,
    0x9D, 0xE4, 0x2A, 0xD7, 0x98, 0x80, 0x5B, 0x10, 0x4C, 0x02, 0x33, 0x0A, 0xCA, 0x4E, 0x50, 0x43,
    0x70, 0x4F, 0xC0, 0xA8, 0x58, 0x04, 0x81, 0x0A, 0xE7, 0x05, 0x55, 0xBA, 0x2E, 0xD5, 0x88, 0x02,
    0x50, 0xD1, 0x76, 0x82, 0x7A, 0xAC, 0x16, 0xD8, 0x85, 0xF4, 0x39, 0xB1, 0xA5, 0x32, 0x28, 0x4D,
    0x22, 0x62, 0xE2, 0x1F, 0x27, 0xDE, 0x00, 0xAE, 0x9A, 0xE4, 0x38, 0x48, 0x9B, 0x6A, 0x76, 0x45,
    0x40, 0x9E, 0x82, 0x66, 0x89, 0x26, 0xD1, 0x26, 0xBA, 0xC4, 0x7F, 0x56, 0xE6, 0xFF, 0xAD, 0x2C,
    0x7E, 0xA6, 0xAC, 0x32, 0xE5, 0x2E, 0x31, 0x28, 0xFF, 0x77, 0x50, 0xB2, 0x51, 0x2E, 0x50, 0xCE,
    0x89, 0x21, 0x31, 0xC5, 0xAF, 0x16, 0xBC, 0xBC, 0x36, 0xA4, 0x77, 0x1C, 0xF1, 0x1D, 0xBC, 0x01,
    0x38, 0xBC, 0x2D, 0xF0, 0x0B, 0x60, 0x39, 0x03, 0xF8, 0xCB, 0xE6, 0xA2, 0x6D, 0x60, 0xEC, 0x57,
    0xEC, 0x67, 0xDD, 0x5A, 0x7C, 0x21, 0xE8, 0x24, 0x9E, 0xD5, 0x58, 0x15, 0xB0, 0x62, 0x07, 0xB4,
    0x0A, 0xD7, 0xBD, 0x07, 0xD4, 0x3E, 0x00, 0x76, 0x18, 0x81, 0xF2, 0x7F, 0x3C, 0x60, 0xFE, 0x4F,
    0x90, 0x53, 0x43, 0x51, 0x84, 0x53, 0xC5, 0x4E, 0xF1, 0x13, 0xD1, 0x3F, 0x04, 0x20, 0xE3, 0x08,
    0x80, 0x9D, 0xE0, 0xA5, 0x8B, 0x09, 0xED, 0x65, 0x24, 0x0E, 0x7B, 0xC0, 0xB3, 0xFF, 0x54, 0x24,
    0x17, 0x50, 0x93, 0x07, 0x54, 0x80, 0x43, 0xE2, 0xD1, 0x6F, 0x75, 0x33, 0xF1, 0xF7, 0x8F, 0x72,
    0xDA, 0x44, 0x36, 0x89, 0x5E, 0x90, 0xFF, 0xBB, 0xD2, 0xFC, 0x62, 0x54, 0x7E, 0x10, 0x84, 0xE5,
    0x0F, 0x27, 0xA1, 0xCD, 0x67, 0x61, 0x85, 0x28, 0xBC, 0x85, 0x45, 0xB8, 0x4B, 0x95, 0x4F, 0x1F,
    0xF4, 0x42, 0x92, 0x1D, 0x10, 0x50, 0x79, 0xE4, 0x43, 0x9A, 0xEA, 0x1E, 0xE5, 0x88, 0xC2, 0xEB,
    0x1C, 0xB6, 0x9D, 0xCE, 0xF0, 0xFD, 0x47, 0x69, 0x6F, 0x8B, 0xE8, 0xD3, 0x0A, 0x9B, 0xF6, 0xE4,
    0x2C, 0x85, 0xBA, 0x50, 0x4F, 0x0E, 0x8F, 0x9D, 0xD7, 0x3E, 0xF7, 0xA0, 0xED, 0xCC, 0x79, 0x3F,
    0x99, 0x90, 0x45, 0xB3, 0x2D, 0xDA, 0xF6, 0x48, 0xFD, 0x96, 0x67, 0x62, 0x95, 0x16, 0x2D, 0x1B,
    0x72, 0x45, 0x5A, 0xC1, 0x28, 0x0E, 0xF3, 0x79, 0x51, 0xAC, 0x97, 0x58, 0x14, 0x51, 0x60, 0xA6,
    0x14, 0x5C, 0xA1, 0x63, 0xB7, 0xCD, 0xD3, 0x56, 0xE1, 0x12, 0x9A, 0xC7, 0xB1, 0x05, 0xA8, 0xC8,
    0x98, 0xBA, 0xF9, 0x4C, 0x9E, 0x9B, 0x39, 0x35, 0xB4, 0x6E, 0xCD, 0x6B, 0x03, 0xAB, 0x83, 0xF6,
    0x54, 0xFC, 0x4E, 0xE2, 0x2B, 0x89, 0x37, 0x13, 0x77, 0x4F, 0xF0, 0xBD, 0xC4, 0xA0, 0xCC, 0x47,
    0xA5, 0xF1, 0xCA, 0x96, 0x92, 0x1A, 0x05, 0x3D, 0x1B, 0xA0, 0xF5, 0x11, 0x80, 0xF5, 0xB3, 0xB0,
    0xF4, 0x93, 0xD0, 0xF8, 0x90, 0xF8, 0x63, 0x61, 0xDE, 0x3C, 0x8B, 0xB3, 0x51, 0x45, 0xC3, 0xB5,
    0xA4, 0x2F, 0xD7, 0xBC, 0x3F, 0x2B, 0xD8, 0x20, 0xA2, 0xF2, 0xD9, 0x04, 0xDC, 0x12, 0x37, 0x03,
    0x60, 0xC5, 0xCB, 0x4E, 0x1B, 0x54, 0xF9, 0x0A, 0x80, 0x19, 0x2B, 0x9F, 0xD6, 0xDD, 0x54, 0xA5,
    0x26, 0x62, 0x57, 0xBD, 0x3F, 0xAA, 0x3B, 0x32, 0x39, 0x49, 0xCD, 0xCF, 0x96, 0xEA, 0x83, 0x08,
    0xC0, 0xC4, 0xCA, 0xAF, 0x69, 0xF3, 0xAA, 0x7C, 0x0F, 0xC0, 0x0E, 0x95, 0x77, 0x1E, 0x70, 0x1A,
    0x6F, 0x04, 0x7A, 0x8D, 0x1F, 0x80, 0x55, 0x5C, 0xE7, 0x4C, 0xBA, 0xBF, 0xFC, 0x11, 0xB2, 0x76,
    0x42, 0x3F, 0xB4, 0xDE, 0x50, 0xFF, 0x02, 0x80, 0x82, 0x0B, 0xEA, 0xF3, 0xDE, 0x3B, 0xD8, 0xF1,
    0x6D, 0x09, 0xA8, 0x83, 0xFB, 0x82, 0x48, 0x83, 0x6B, 0x60, 0xC0, 0x35, 0x68, 0x67, 0xA0, 0x5D,
    0x01, 0xD4, 0xC3, 0x96, 0x6F, 0x66, 0x51, 0x7C, 0x49, 0x74, 0x4F, 0xBE, 0x2F, 0x30, 0x53, 0x2F,
    0xF9, 0xEE, 0x93, 0xD6, 0x97, 0x5C, 0x80, 0xEF, 0x36, 0xDF, 0xF4, 0xA6, 0x59, 0xE2, 0xFB, 0x00,
    0xAA, 0xC6, 0x29, 0x87, 0x5E, 0x58, 0x32, 0x0A, 0xF1, 0x57, 0xCD, 0xB7, 0x63, 0x5B, 0x7F, 0x6E,
    0xCF, 0x39, 0x43, 0x49, 0x48, 0x4B, 0x10, 0xB0, 0x28, 0x43, 0xE2, 0xF8, 0x65, 0x7C, 0xE5, 0x88,
    0x37, 0x13, 0x6F, 0x25, 0xEE, 0x8E, 0x78, 0x2F, 0x71, 0x56, 0xE6, 0x41, 0xD9, 0x07, 0xD8, 0x11,
    0x1C, 0xB0, 0x3F, 0x43, 0xDF, 0x65, 0x64, 0xB3, 0x9D, 0x84, 0xB6, 0xE6, 0x87, 0xFD, 0x0A, 0x94,
    0xBC, 0x5F, 0x10, 0xB0, 0x69, 0xAC, 0x92, 0x3D, 0xF2, 0xB8, 0x29, 0xF6, 0xA1, 0xC7, 0x4E, 0x6D,
    0xC0, 0x89, 0xD8, 0x2F, 0x02, 0x82, 0xD8, 0x07, 0x07, 0x9B, 0xB3, 0x51, 0xEC, 0x67, 0xD1, 0x78,
    0x31, 0x7F, 0xB0, 0xB5, 0x6C, 0xD4, 0x5A, 0x0B, 0x35, 0x77, 0x3B, 0x59, 0xFD, 0xEB, 0x64, 0x36,
    0x6E, 0x36, 0x27, 0x2B, 0x82, 0x58, 0xF5, 0xB1, 0x09, 0x05, 0x1B, 0x46, 0x33, 0x56, 0x0C, 0x64,
    0xD7, 0xD2, 0x5F, 0xFE, 0xFA, 0x66, 0x86, 0x11, 0x4E, 0x5F, 0x46, 0x92, 0x07, 0xA6, 0x9C, 0xA7,
    0xE7, 0x7C, 0xF5, 0xEB, 0xF7, 0xF4, 0x48, 0xA9, 0xE2, 0x08, 0xF0, 0xDD, 0x55, 0xAF, 0x71, 0x9D,
    0x1D, 0xD3, 0x3A, 0x46, 0x11, 0x5C, 0x27, 0x39, 0x4E, 0x4F, 0x5A, 0x0E, 0xC8, 0x63, 0x0B, 0x64,
    0x1B, 0x7A, 0x45, 0x7B, 0x89, 0x54, 0x9A, 0xAE, 0x4B, 0x35, 0x2A, 0x9D, 0x14, 0x76, 0x90, 0x28,
    0x12, 0xAF, 0xF6, 0xE0, 0x5F, 0x10, 0xA8, 0x39, 0x01, 0x78, 0x0B, 0xA0, 0x26, 0xBF, 0x17, 0x3C,
    0xB7, 0x67, 0xF7, 0x72, 0x38, 0xF5, 0xA7, 0xCF, 0x8A, 0x3D, 0x39, 0x16, 0xA1, 0x98, 0xA5, 0xE8,
    0xE2, 0xC9, 0xC7, 0xAB, 0x27, 0x1E, 0x96, 0x2D, 0xBF, 0x98, 0x0C, 0x39, 0x18, 0xAE, 0x5F, 0xE1,
    0xA5, 0xEC, 0xDD, 0xC5, 0xCC, 0xE8, 0xAF, 0x7B, 0x29, 0x53, 0xF5, 0x9B, 0x3F, 0xF5, 0x4B, 0x59,
    0x3A, 0x21, 0x27, 0xEC, 0xF2, 0xD9, 0x0C, 0x27, 0xB9, 0xCC, 0xC0, 0xBB, 0x8A, 0xD7, 0xF3, 0x19,
    0x03, 0x04, 0xF8, 0xAD, 0x11, 0x01, 0x9D, 0x09, 0x40, 0xCF, 0xF0, 0x9C, 0x0F, 0x70, 0xC8, 0xE4,
    0xC5, 0x14, 0x30, 0xA4, 0x10, 0xD5, 0xA8, 0xBC, 0xF3, 0x91, 0xC0, 0x91, 0x13, 0xF2, 0xF5, 0xF6,
    0xCF, 0x09, 0x1B, 0xAC, 0x77, 0xBE, 0xF6, 0xD6, 0xDB, 0xD1, 0x35, 0xD6, 0x9B, 0xD0, 0x42, 0x38,
    0xF5, 0xCA, 0x39, 0x31, 0x26, 0xCE, 0x5B, 0xFE, 0x76, 0xCD, 0x76, 0xFD, 0x56, 0xD7, 0xA4, 0x38,
    0x68, 0xC9, 0x70, 0x11, 0x1F, 0xD5, 0x20, 0xC8, 0xB9, 0x0A, 0xB3, 0x07, 0xEF, 0x68, 0x61, 0xC7,
    0xA9, 0x5E, 0x9B, 0x7E, 0x4C, 0x43, 0x8F, 0x05, 0xB7, 0x80, 0x5E, 0xDB, 0xED, 0xBA, 0x00, 0x54,
    0x1F, 0x78, 0xC0, 0x7E, 0xD6, 0x01, 0x86, 0x5A, 0x71, 0x11, 0x80, 0x09, 0x8D, 0xE6, 0x79, 0xA0,
    0xBC, 0x3D, 0x02, 0x55, 0x3A, 0x10, 0x98, 0x08, 0x4C, 0x58, 0x90, 0x05, 0xF4, 0x30, 0x03, 0xA4,
    0xF9, 0x53, 0xD6, 0x4F, 0x5C, 0x0C, 0xE3, 0x37, 0x73, 0x66, 0x65, 0xA7, 0x38, 0x9C, 0x57, 0x13,
    0x6D, 0xA2, 0x79, 0x82, 0x59, 0xD7, 0xA6, 0x2D, 0xA1, 0x4E, 0x6F, 0xD6, 0xBA, 0x0F, 0x4D, 0x5F,
    0xBA, 0x97, 0x28, 0xF3, 0xA8, 0xC4, 0x9A, 0xC8, 0x73, 0x0A, 0x6B, 0x7E, 0x26, 0xCC, 0xDE, 0x31,
    0x42, 0xE0, 0x5A, 0x4E, 0x4A, 0x5D, 0x44, 0xD8, 0x16, 0xE7, 0xDF, 0x71, 0x4E, 0x5B, 0xE1, 0x9F,
    0x72, 0xDC, 0x36, 0x43, 0x97, 0x9A, 0x21, 0xAE, 0xD7, 0x7E, 0x33, 0x3E, 0xA3, 0xA2, 0xA6, 0xB5,
    0x49, 0xF6, 0x2D, 0x6D, 0xA7, 0x7A, 0x75, 0x68, 0x5F, 0xE2, 0xE5, 0xB6, 0x54, 0x1F, 0xBC, 0x38,
    0xB8, 0x39, 0x78, 0x7E, 0xF0, 0xEC, 0xE0, 0xE8, 0x1C, 0xD9, 0xC1, 0x71, 0x6D, 0xB0, 0xD3, 0xB9,
    0x7C, 0xA2, 0xB8, 0xAB, 0x78, 0x5D, 0x81, 0x23, 0xF0, 0x4C, 0xC1, 0x01, 0xBA, 0x89, 0x0A, 0x10,
    0x15, 0xAB, 0xA2, 0x7F, 0x1C, 0xEB, 0x45, 0xA9, 0x89, 0xB8, 0x43, 0x8E, 0x20, 0x57, 0x51, 0x07,
    0xA6, 0x49, 0x86, 0x7F, 0x4A, 0x4B, 0x01, 0x22, 0xF3, 0x14, 0xC6, 0xB3, 0xCD, 0x38, 0xA6, 0xCC,
    0x22, 0x26, 0xC3, 0xB2, 0x59, 0xBF, 0x59, 0xFB, 0x45, 0xD6, 0x1F, 0x5F, 0x69, 0xB4, 0x5E, 0x45,
    0x86, 0x3B, 0x0B, 0xB6, 0x33, 0x7A, 0x27, 0x1F, 0x68, 0x7B, 0x8A, 0x6B, 0x76, 0x7A, 0xBD, 0xB5,
    0xDE, 0x57, 0x6F, 0xAA, 0x71, 0x34, 0xE4, 0x17, 0xBC, 0x2F, 0x2D, 0xC7, 0xEF, 0x4B, 0x48, 0x43,
    0x35, 0xA3, 0x3E, 0x67, 0x97, 0x0E, 0xB5, 0x7A, 0x4C, 0x83, 0x89, 0x2F, 0x20, 0x8B, 0x00, 0x16,
    0xD1, 0x2A, 0x22, 0x5A, 0x6E, 0x02, 0x54, 0xEB, 0x41, 0xF1, 0x25, 0x64, 0xE9, 0x50, 0xAB, 0xCB,
    0xAB, 0x87, 0x1D, 0xDC, 0x27, 0x7D, 0x73, 0xF8, 0x77, 0xDA, 0xD1, 0xC9, 0xB1, 0x64, 0xD0, 0x96,
    0xBB, 0x4F, 0x75, 0xA8, 0x25, 0x70, 0xED, 0xA5, 0x0D, 0x01, 0xE5, 0x60, 0x42, 0x19, 0xA0, 0xDF,
    0xD3, 0xFF, 0x3F, 0xC4, 0x3C, 0x72, 0x69, 0x7B, 0xE5, 0x91, 0x89, 0xD5, 0x1E, 0x88, 0x86, 0x3C,
    0xB6, 0xE0, 0x92, 0xA5, 0xB2, 0xAB, 0x2B, 0xB7, 0x7A, 0x29, 0xCA, 0x2C, 0x31, 0x47, 0x8D, 0x99,
    0xEE, 0x30, 0x1A, 0xBD, 0x5F, 0xE5, 0xAB, 0x05, 0xED, 0xDF, 0x13, 0xA4, 0xB7, 0x9C, 0x00, 0x6C,
    0x0D, 0xCC, 0x7A, 0x4A, 0x21, 0xF9, 0x5F, 0x68, 0x3B, 0xD7, 0x61, 0x85, 0x6B, 0xB2, 0xF8, 0x24,
    0xB0, 0x28, 0xDA, 0x46, 0x50, 0x9D, 0xF7, 0x0D, 0x0C, 0x29, 0x98, 0xE5, 0x4F, 0x1B, 0x34, 0xCF,
    0x0B, 0x5C, 0x27, 0xE8, 0x21, 0x58, 0x05, 0x26, 0x0A, 0xAA, 0x90, 0xF5, 0x1F, 0x39, 0x5F, 0x32,
    0xE6, 0x1C, 0x61, 0xCF, 0x17, 0xD4, 0x9D, 0x4B, 0xA7, 0xEC, 0x12, 0x75, 0x83, 0x83, 0x72, 0xB2,
    0xA9, 0xCE, 0x24, 0xB8, 0x7C, 0x3F, 0x15, 0x2D, 0x70, 0x49, 0x3D, 0xD8, 0xB8, 0x47, 0x1F, 0x0E,
    0x96, 0x36, 0xE0, 0x4D, 0x68, 0x7A, 0x15, 0xB8, 0x11, 0xA0, 0x83, 0x49, 0x7A, 0xFD, 0xB5, 0xED,
    0x08, 0x54, 0x00, 0x76, 0xAA, 0x76, 0xC5, 0xDF, 0x9C, 0xB5, 0xBE, 0xF5, 0xE5, 0xD8, 0xC3, 0x04,
    0xD1, 0x74, 0x8A, 0x7C, 0x3E, 0x45, 0x16, 0x2F, 0xD4, 0xCA, 0xDF, 0x0E, 0xF9, 0xE4, 0xA0, 0x43,
    0x56, 0x8C, 0xC5, 0xB4, 0xF7, 0xE0, 0x0A, 0xFC, 0x5E, 0x83, 0x9E, 0x1F, 0x8B, 0xD8, 0xD8, 0xB1,
    0x92, 0x12, 0x3B, 0x14, 0x63, 0x29, 0xD2, 0xAB, 0xAA, 0xAE, 0xE0, 0x82, 0x42, 0xCA, 0xB6, 0x7C,
    0x13, 0x2E, 0x54, 0x8E, 0x65, 0xD8, 0x9F, 0xF7, 0x9E, 0x5C, 0xB5, 0x6E, 0x92, 0x1D, 0x2D, 0x8A,
    0xA4, 0x52, 0x94, 0x8B, 0x70, 0xAD, 0x4A, 0xD1, 0xFE, 0x0C, 0x20, 0xBD, 0xC6, 0x67, 0x97, 0x80,
    0x5D, 0x1E, 0x21, 0x98, 0x15, 0xD3, 0x01, 0x6F, 0x28, 0xEE, 0x2A, 0xDE, 0x53, 0x84, 0x4B, 0x8C,
    0x02, 0x33, 0x28, 0xBC, 0x60, 0xFF, 0xE9, 0xBB, 0x6B, 0xB7, 0xED, 0x30, 0x40, 0xE5, 0x23, 0x50,
    0xF8, 0x19, 0x52, 0x16, 0x0E, 0xC8, 0xFD, 0x8B, 0x00, 0x1A, 0xF4, 0x23, 0x8A, 0xF3, 0x05, 0xD6,
    0xBB, 0xC6, 0x29, 0x45, 0xA7, 0xB0, 0x83, 0xE4, 0x8C, 0x24, 0x47, 0x3E, 0x78, 0xD0, 0x2D, 0x00,
    0x4E, 0xAF, 0x4E, 0x41, 0x4D, 0xE5, 0x8D, 0x2F, 0x57, 0x36, 0x19, 0x97, 0x6D, 0xC4, 0x26, 0x46,
    0x17, 0xFB, 0xD0, 0x0B, 0x4B, 0x6F, 0x07, 0xEB, 0xF3, 0xD1, 0xFA, 0x0A, 0x98, 0xAC, 0xDF, 0x01,
    0x3B, 0xAB, 0xF7, 0xAB, 0xEC, 0xFB, 0x03, 0x60, 0xC9, 0x11, 0x70, 0x64, 0x00, 0x5A, 0xFB, 0x7E,
    0x04, 0x16, 0xEB, 0x17, 0xE4, 0xD1, 0xFA, 0x3E, 0xFD, 0x16, 0xAE, 0xB3, 0x5A, 0xD7, 0xB7, 0x7E,
    0x3F, 0xD9, 0x99, 0x60, 0xCC, 0x97, 0x92, 0x5D, 0xFB, 0x28, 0xC4, 0x2C, 0xCE, 0x88, 0xAF, 0x21,
    0x02, 0xBA, 0xC8, 0x0C, 0x3B, 0xC3, 0x90, 0x56, 0xE7, 0xE9, 0x8B, 0x68, 0x03, 0xDA, 0x88, 0x85,
    0x7F, 0x16, 0x6B, 0x8E, 0x78, 0x0B, 0xBD, 0x54, 0x1A, 0x12, 0x6C, 0xC0, 0xA2, 0x63, 0x1C, 0x05,
    0x99, 0xA2, 0x54, 0xD4, 0x8A, 0x87, 0x82, 0xFF, 0x1C, 0x05, 0x8F, 0x3A, 0xC1, 0x02, 0xC1, 0xA4,
    0x18, 0x05, 0xA5, 0x62, 0x3F, 0xE5, 0x6C, 0xB8, 0x5A, 0x8E, 0x32, 0xE2, 0xDB, 0x3A, 0x03, 0x96,
    0x52, 0xE0, 0xE8, 0x81, 0xEC, 0x2D, 0xA4, 0xF4, 0x3B, 0xBF, 0x5B, 0xBF, 0x54, 0x2B, 0x12, 0xAC,
    0x4C, 0x2F, 0x9D, 0x45, 0x8D, 0xE0, 0x07, 0x10, 0xDC, 0x53, 0x04, 0x01, 0x13, 0x66, 0xC1, 0x7F,
    0x44, 0xCD, 0xEB, 0x15, 0xAE, 0x13, 0xD8, 0x01, 0x3A, 0x1F, 0x25, 0x9E, 0x59, 0xA0, 0x13, 0xB2,
    0x39, 0x9E, 0x52, 0xC7, 0xB3, 0xE9, 0x89, 0x79, 0x75, 0xF2, 0xE4, 0xBC, 0xCA, 0x15, 0x77, 0xF4,
    0xDD, 0x80, 0xBE, 0x94, 0x60, 0xDA, 0xF5, 0x74, 0x26, 0xEC, 0x03, 0xC0, 0xD0, 0x47, 0x64, 0x0C,
    0xE9, 0xBD, 0x0C, 0x52, 0x6C, 0x56, 0x14, 0x3D, 0xEC, 0x29, 0x8A, 0xB6, 0xB1, 0x6F, 0xA3, 0xB8,
    0xE3, 0x6F, 0x0A, 0x6F, 0x0F, 0x3B, 0xE1, 0x9F, 0x87, 0x13, 0xE1, 0x0F, 0x43, 0x50, 0xCE, 0xA3,
    0xB0, 0xA1, 0xBF, 0x60, 0xD9, 0xB5, 0xCD, 0x29, 0xF6, 0x83, 0xCB, 0x79, 0x9F, 0xF1, 0x07, 0x56,
    0x22, 0x2F, 0x96, 0x43, 0x82, 0x0D, 0xDB, 0x38, 0x3D, 0x09, 0x32, 0xE1, 0x89, 0x82, 0xE3, 0x41,
    0x2D, 0x0E, 0x83, 0x8A, 0x7E, 0x46, 0xB1, 0x12, 0xD6, 0xEB, 0x2C, 0x2F, 0x82, 0xAE, 0xFD, 0x53,
    0x98, 0x69, 0x41, 0x3E, 0x1F, 0x4B, 0xF3, 0x5A, 0x98, 0x54, 0x5E, 0x77, 0x76, 0xB0, 0x53, 0x7B,
    0x35, 0xD3, 0x49, 0xFA, 0x04, 0x9B, 0x6E, 0xF3, 0x95, 0x51, 0x8E, 0x59, 0x6A, 0xD3, 0x2A, 0x6D,
    0xAA, 0xE8, 0xF9, 0xB7, 0xEC, 0xC0, 0x0F, 0x39, 0xC1, 0xFE, 0xDA, 0x48, 0x69, 0xC0, 0xAA, 0x68,
    0xB5, 0xED, 0x0E, 0xE5, 0x70, 0x40, 0x73, 0x89, 0x43, 0x41, 0xD8, 0xD0, 0xA3, 0x8C, 0x12, 0xAF,
    0x7C, 0xC4, 0x19, 0xE5, 0xBF, 0x72, 0x90, 0x8B, 0x5F, 0x82, 0x00, 0xC7, 0xB0, 0x8A, 0xFD, 0x24,
    0x20, 0x05, 0xE8, 0x27, 0x94, 0xE7, 0xD4, 0xCD, 0x5A, 0x37, 0xE1, 0xAE, 0x85, 0x4D, 0x8B, 0x7B,
    0x39, 0xD6, 0xE3, 0x0B, 0x1E, 0xB5, 0x2F, 0x3A, 0xBB, 0x12, 0x39, 0x63, 0x1A, 0x06, 0x47, 0x4E,
    0xA2, 0x28, 0x2B, 0xFB, 0xE1, 0x89, 0xAC, 0xF1, 0xBB, 0xA2, 0x57, 0xAD, 0x4C, 0x0B, 0xEB, 0x71,
    0xBD, 0x86, 0xD4, 0x8C, 0x8C, 0x44, 0x1F, 0x0B, 0x76, 0x09, 0x76, 0xC4, 0x43, 0x08, 0x7E, 0x02,
    0x13, 0x10, 0x36, 0x64, 0x31, 0x1F, 0x80, 0x68, 0x3C, 0x70, 0xAA, 0x70, 0x65, 0x23, 0xB8, 0x0D,
    0xC0, 0xFE, 0x9B, 0x22, 0x0A, 0x0A, 0x85, 0x99, 0x05, 0x79, 0x10, 0x40, 0xA1, 0xB5, 0xA0, 0x15,
    0x60, 0x3B, 0x69, 0x66, 0xAB, 0x5F, 0x16, 0xC5, 0x2C, 0xC8, 0x1A, 0x5C, 0x24, 0x17, 0x05, 0xB9,
    0x02, 0x5F, 0x00, 0xDD, 0x3F, 0x72, 0xA6, 0xFD, 0x3B, 0xD6, 0xBE, 0xEE, 0x62, 0x19, 0x9C, 0x2E,
    0xFC, 0x16, 0x31, 0x9F, 0x57, 0xC8, 0x78, 0x2F, 0x07, 0x60, 0xFB, 0x76, 0x2A, 0x05, 0x51, 0x2F,
    0x99, 0x5C, 0x93, 0x1E, 0xBD, 0xD1, 0x0E, 0x66, 0x59, 0x7A, 0x9D, 0x2D, 0x33, 0x90, 0x2D, 0xD7,
    0xDC, 0xA8, 0xA0, 0x76, 0x8B, 0x01, 0x29, 0xB5, 0xAC, 0x08, 0xA7, 0x30, 0xB3, 0x19, 0x2F, 0xBA,
    0x6F, 0x01, 0xB8, 0xBF, 0xBE, 0xE8, 0x43, 0x11, 0x2E, 0x3A, 0x9D, 0xFA, 0xF5, 0x7D, 0x27, 0xB8,
    0x5B, 0x79, 0x20, 0x3D, 0xE8, 0x75, 0x89, 0xEE, 0xA7, 0x97, 0x57, 0x30, 0x3A, 0x7A, 0x5D, 0x38,
    0x1B, 0x6C, 0xC8, 0x7E, 0xAB, 0x99, 0xAA, 0xD8, 0x9F, 0x3F, 0x58, 0xBB, 0x8B, 0xF3, 0x69, 0xA5,
    0x30, 0x97, 0xC8, 0x15, 0x99, 0x02, 0x4D, 0x4B, 0x4B, 0xDF, 0xAE, 0x82, 0x74, 0x82, 0x34, 0xD7,
    0x62, 0xB9, 0x11, 0x01, 0x52, 0xF0, 0xBD, 0x7F, 0xBC, 0x6E, 0x4C, 0x6A, 0x5D, 0xF6, 0x35, 0xED,
    0xA5, 0xD9, 0x60, 0xB6, 0x9D, 0xD2, 0x84, 0xAF, 0x6F, 0xA5, 0x9A, 0xF6, 0xEC, 0xDD, 0xF3, 0x07,
    0x6C, 0xA8, 0xE9, 0xB9, 0xDD, 0x6F, 0xBD, 0xCF, 0x94, 0x46, 0x68, 0xB2, 0x9B, 0x99, 0xCD, 0xF2,
    0xCD, 0xB2, 0xCD, 0x70, 0xB0, 0xC6, 0x71, 0x01, 0x1C, 0x63, 0x7A, 0x8C, 0x02, 0x27, 0x8A, 0xBB,
    0x8A, 0x57, 0x15, 0xB0, 0xBF, 0x6C, 0x04, 0x5C, 0xF5, 0x5B, 0xDB, 0xA5, 0xBD, 0x4D, 0x31, 0x08,
    0x4A, 0x85, 0x55, 0x54, 0x1E, 0xED, 0xA7, 0x6C, 0x72, 0x32, 0xA2, 0x27, 0xF4, 0x01, 0xB3, 0x2A,
    0x6D, 0x00, 0xD6, 0x74, 0xFE, 0xF8, 0xE9, 0xE3, 0xFC, 0xCD, 0x9B, 0x4A, 0xB2, 0x11, 0x7E, 0xB2,
    0xF7, 0x9A, 0x5F, 0x06, 0xA5, 0xF9, 0x1C, 0xCB, 0xD1, 0x8E, 0xAB, 0xF4, 0xAD, 0xFF, 0x39, 0x3B,
    0x72, 0xD5, 0x5D, 0x9B, 0x40, 0xAF, 0xCD, 0x09, 0x8F, 0x9F, 0x70, 0x34, 0xA6, 0x46, 0xD4, 0x78,
    0x1A, 0xED, 0xFF, 0xAB, 0xFB, 0x16, 0x10, 0x3D, 0xAE, 0xF3, 0xEC, 0x67, 0xE6, 0x58, 0x1E, 0xC7,
    0xC3, 0xEF, 0x23, 0xF8, 0x6D, 0xFE, 0xFC, 0xFF, 0xC6, 0x1E, 0x03, 0x01, 0x4C, 0x22, 0x7B, 0x0C,
    0x04, 0xD0, 0xDF, 0xEE, 0x6A, 0xC6, 0x11, 0x60, 0xEE, 0x16, 0x10, 0x13, 0x20, 0xC0, 0x1A, 0x08,
    0x50, 0x1A, 0x5A, 0x19, 0x10, 0xA0, 0xC2, 0x7A, 0x67, 0x1C, 0x03, 0x01, 0x0A, 0x44, 0x85, 0xA4,
    0x5C, 0x0A, 0xAD, 0x81, 0x40, 0x8B, 0x0C, 0x95, 0x00, 0x15, 0x52, 0xAA, 0xDD, 0x39, 0xB6, 0x01,
    0x73, 0x6B, 0x3D, 0xA9, 0x5A, 0x02, 0x04, 0xC8, 0xB4, 0x76, 0x12, 0xB0, 0x0B, 0x3A, 0x8E, 0x47,
    0xF6, 0x68, 0x3D, 0xF3, 0xBD, 0x3D, 0xEF, 0x7B, 0xE6, 0x9B, 0xFD, 0xBE, 0xAD, 0x77, 0xA5, 0x8D,
    0x57, 0x5E, 0xE7, 0x58, 0xEF, 0xF3, 0xCC, 0x77, 0xD9, 0x6F, 0xE6, 0x5C, 0xE6, 0xCC, 0x79, 0x6F,
    0xC7, 0xCB, 0xAB, 0x27, 0xDD, 0xCC, 0x57, 0x4F, 0x31, 0xE5, 0x70, 0x0F, 0x7B, 0xF4, 0xE2, 0x31,
    0x1D, 0xF0, 0xD5, 0x5D, 0xDB, 0x0B, 0x82, 0xCB, 0x15, 0x14, 0xD1, 0xF4, 0xFA, 0xA4, 0x13, 0x8B,
    0x2D, 0x74, 0xE8, 0x31, 0x7B, 0xD6, 0x22, 0xA3, 0x52, 0x9E, 0xC9, 0xD5, 0x80, 0xAA, 0x71, 0x18,
    0xEF, 0xF0, 0x03, 0x34, 0x29, 0xD3, 0x3C, 0x6A, 0x32, 0xF0, 0x0A, 0x6E, 0x1B, 0xBC, 0x96, 0x1B,
    0x58, 0x15, 0x6A, 0x7A, 0x46, 0xEA, 0xA1, 0x3C, 0xFA, 0x77, 0x26, 0xE4, 0xBA, 0x45, 0x4D, 0xC1,
    0xED, 0xD8, 0xF0, 0x34, 0xE9, 0x56, 0x23, 0x4D, 0x05, 0x9A, 0x85, 0xE2, 0x47, 0xC3, 0x09, 0x99,
    0x29, 0x06, 0x76, 0xDB, 0x6A, 0xCB, 0x2B, 0x9E, 0xE5, 0xFF, 0xA2, 0xDB, 0xDA, 0x04, 0x44, 0x06,
    0xC5, 0xBA, 0x41, 0xAF, 0x8D, 0x72, 0x12, 0x59, 0x31, 0x75, 0x98, 0xC2, 0x14, 0xED, 0x0C, 0x34,
    0x0B, 0xCE, 0x8D, 0xB3, 0xD0, 0x30, 0x7A, 0x34, 0xE3, 0x72, 0x9A, 0xA6, 0x8E, 0x62, 0x55, 0xA6,
    0xCC, 0x45, 0x70, 0x6D, 0x58, 0xC2, 0xF2, 0xAB, 0xE0, 0x72, 0x54, 0xBF, 0xCD, 0x25, 0x6B, 0x81,
    0xC8, 0x89, 0x6A, 0x65, 0x80, 0x8A, 0x84, 0x2D, 0x9C, 0x3C, 0x82, 0xF0, 0x16, 0xD9, 0xF0, 0x93,
    0x9B, 0x7D, 0x38, 0xC3, 0x10, 0xF6, 0xD8, 0x0C, 0x3B, 0x64, 0x61, 0xBB, 0xBF, 0x28, 0x27, 0x2B,
    0x03, 0xB2, 0x8C, 0x8C, 0xEF, 0x5A, 0x2F, 0x67, 0x9C, 0xBC, 0xE4, 0xA7, 0x86, 0xB8, 0x95, 0xA7,
    0x08, 0x37, 0x5A, 0x64, 0xE5, 0x50, 0xDA, 0x6C, 0x75, 0xF2, 0x01, 0x7F, 0xE6, 0x75, 0xF7, 0x41,
    0x0F, 0x46, 0xBA, 0x5C, 0x82, 0xA8, 0xBE, 0xE3, 0x83, 0x31, 0xA2, 0x32, 0xBD, 0x69, 0x37, 0x82,
    0xF6, 0x3A, 0xDA, 0x1E, 0xE7, 0x2A, 0x20, 0x6B, 0xA0, 0xF9, 0xF3, 0x06, 0x49, 0x87, 0xB0, 0x7F,
    0x1A, 0xD7, 0x2D, 0xAE, 0xF7, 0xE8, 0xB7, 0x23, 0x9B, 0x92, 0xF1, 0x71, 0x1C, 0x41, 0x07, 0xD5,
    0x8B, 0x95, 0xEF, 0x1C, 0x7C, 0x49, 0x5B, 0xA4, 0x9D, 0xB8, 0x02, 0x0E, 0xFC, 0x17, 0x76, 0x6C,
    0x11, 0x94, 0xB5, 0x28, 0xDB, 0x30, 0xFD, 0xBF, 0x07, 0xC2, 0xDF, 0xF9, 0x47, 0x82, 0x4E, 0xF5,
    0xEE, 0xE5, 0x39, 0xFF, 0xD7, 0x69, 0xA7, 0xBA, 0xE0, 0x80, 0xFF, 0xC2, 0x36, 0x6C, 0xF9, 0xB6,
    0x29, 0xCC, 0x4C, 0x94, 0x16, 0x8C, 0xC8, 0x9E, 0xB0, 0x7D, 0xD0, 0x4D, 0x02, 0x38, 0x2D, 0xDE,
    0xC6, 0x8B, 0xEA, 0xD6, 0xF9, 0x06, 0xD7, 0x44, 0x39, 0xB5, 0x0E, 0x5B, 0x8F, 0x21, 0xA3, 0x5D,
    0xAF, 0x95, 0x8D, 0x2C, 0x19, 0xA7, 0x64, 0xD6, 0x15, 0x2A, 0x9A, 0x79, 0x2B, 0x24, 0x2F, 0x89,
    0xC9, 0x38, 0xD4, 0x0E, 0xB5, 0x0D, 0x65, 0xDD, 0x1B, 0x74, 0x9F, 0x8A, 0x24, 0x4B, 0xDE, 0x9D,
    0xD7, 0x66, 0x57, 0x2C, 0xBF, 0x13, 0xF6, 0x8C, 0x58, 0xC2, 0xB8, 0x09, 0xDD, 0xFB, 0xBC, 0x18,
    0xBB, 0x62, 0x79, 0x35, 0x46, 0xE5, 0x34, 0xAE, 0x11, 0x31, 0x84, 0x0C, 0x19, 0xF5, 0x0C, 0x83,
    0xBC, 0xF4, 0xA3, 0x5B, 0x86, 0x37, 0x78, 0x7C, 0x83, 0x07, 0x38, 0xDF, 0xC5, 0xAC, 0x50, 0x82,
    0x35, 0xCA, 0x3B, 0x82, 0x62, 0xE0, 0xB1, 0x5E, 0xF3, 0x60, 0xB7, 0xA3, 0x81, 0x20, 0x9B, 0x3F,
    0x01, 0x03, 0xEF, 0x65, 0xE4, 0x23, 0x8C, 0xE5, 0xA8, 0xB5, 0x01, 0x3F, 0xE8, 0x0A, 0x86, 0xB4,
    0x14, 0xFF, 0xE6, 0xFC, 0xBC, 0x38, 0x79, 0x8F, 0x14, 0x1A, 0x5C, 0x55, 0x25, 0x82, 0x56, 0x16,
    0x36, 0xBA, 0x16, 0x33, 0xAE, 0x04, 0x75, 0x48, 0x39, 0xB6, 0xE5, 0xE0, 0xD1, 0xAD, 0x91, 0x72,
    0x6F, 0xB5, 0x8D, 0xE5, 0x32, 0xE4, 0xE4, 0x0C, 0x01, 0x03, 0x1A, 0x86, 0x1C, 0xF3, 0xA2, 0x2D,
    0xB2, 0x32, 0x6A, 0x8B, 0x1E, 0x99, 0x89, 0xFB, 0xBF, 0x1D, 0xD8, 0xC7, 0xDA, 0x83, 0xB8, 0xD6,
    0x2F, 0x81, 0xDD, 0xA1, 0x58, 0xE3, 0x2F, 0x08, 0x19, 0xD5, 0x61, 0x55, 0x9C, 0xB1, 0x8E, 0x74,
    0x1D, 0x0A, 0x35, 0x6A, 0x70, 0xED, 0x13, 0xDB, 0x68, 0x26, 0x2D, 0xA4, 0x2B, 0xA1, 0x47, 0xB3,
    0xA0, 0x81, 0xEA, 0x56, 0xB3, 0xB3, 0x6C, 0x01, 0x3A, 0x9D, 0xBD, 0x52, 0x02, 0xBD, 0x4D, 0xDF,
    0x86, 0xA3, 0x46, 0xFF, 0x8B, 0x23, 0x32, 0xD2, 0x54, 0x55, 0x29, 0x0D, 0xC0, 0xFA, 0x83, 0x50,
    0x54, 0x23, 0x45, 0x0A, 0x55, 0x93, 0x49, 0xF3, 0xD8, 0x3E, 0xD7, 0x68, 0xB1, 0x49, 0x69, 0xC3,
    0xDA, 0x9F, 0xFB, 0xD0, 0x7B, 0x5D, 0x04, 0x83, 0x06, 0x5B, 0x61, 0xAB, 0x0C, 0x32, 0xD5, 0x7B,
    0x8C, 0x73, 0xA4, 0xCF, 0x6D, 0x69, 0x40, 0xFF, 0xF3, 0x99, 0x27, 0x1D, 0xFE, 0x57, 0xB6, 0x0A,
    0xC4, 0x5D, 0x2A, 0x86, 0xB8, 0xA4, 0x66, 0xD4, 0x39, 0xD8, 0x2B, 0x83, 0x90, 0x6E, 0xCB, 0x84,
    0xE9, 0x20, 0x31, 0xDE, 0x45, 0xED, 0x4D, 0xFD, 0x3F, 0x4D, 0x8C, 0xC5, 0x8B, 0x89, 0xB9, 0x2A,
    0x1F, 0x38, 0x78, 0xEF, 0x92, 0x03, 0x9A, 0xF1, 0xCB, 0xD4, 0x88, 0x4B, 0xDA, 0x81, 0x12, 0x68,
    0x27, 0xE0, 0x97, 0x91, 0x45, 0x6A, 0x74, 0x1D, 0x54, 0xEF, 0xB1, 0x2D, 0xC0, 0x3F, 0x98, 0x51,
    0x2C, 0x3C, 0x96, 0xF6, 0x4A, 0x41, 0x2D, 0xBE, 0x3E, 0xFB, 0xC9, 0xFF, 0xFC, 0x8C, 0x66, 0x39,
    0xFF, 0x80, 0x3B, 0x1E, 0x9C, 0x14, 0x0B, 0x32, 0xAC, 0xDC, 0xFE, 0x4E, 0x57, 0x10, 0xD5, 0xBB,
    0x46, 0xBC, 0x90, 0x3A, 0x36, 0xE2, 0x25, 0x3B, 0x24, 0x91, 0x03, 0xC8, 0x4A, 0x25, 0x8E, 0x42,
    0x47, 0x61, 0x0B, 0x0D, 0x99, 0xD3, 0xE0, 0x28, 0xF2, 0x14, 0x7B, 0xD2, 0x0D, 0x93, 0xC4, 0x19,
    0x78, 0x2A, 0xC7, 0x37, 0x99, 0xEC, 0x22, 0x45, 0x9E, 0x54, 0xEB, 0xA9, 0x17, 0x0A, 0x06, 0xA8,
    0x9C, 0x2D, 0xB5, 0xB9, 0xCE, 0xD7, 0x07, 0x64, 0x24, 0x46, 0xBC, 0x68, 0xAC, 0xF5, 0x23, 0x72,
    0x4F, 0xC5, 0x33, 0xC6, 0x82, 0x6A, 0xD5, 0x05, 0x3D, 0xFF, 0x80, 0x13, 0xC1, 0xB0, 0x56, 0x2D,
    0x3F, 0xEB, 0x1C, 0xD6, 0x0E, 0x77, 0x03, 0xC4, 0xC6, 0x77, 0xE6, 0x9F, 0x46, 0x96, 0x51, 0x59,
    0x9C, 0x54, 0x6D, 0xD8, 0xE3, 0xEA, 0xCA, 0x00, 0x22, 0x5B, 0x88, 0x9B, 0x01, 0xDE, 0x21, 0x88,
    0x35, 0x7F, 0xCF, 0x0A, 0x92, 0xA0, 0x7C, 0x16, 0xBE, 0xED, 0x23, 0x65, 0x6A, 0x87, 0xD1, 0x2B,
    0xD6, 0xA1, 0x56, 0x82, 0xE2, 0xBD, 0x4A, 0xA9, 0xC7, 0x38, 0x8D, 0xE2, 0x62, 0x5F, 0x38, 0x6C,
    0xFB, 0xCC, 0xA1, 0xED, 0xB3, 0x12, 0x41, 0xD3, 0xB3, 0x13, 0xD2, 0xF4, 0xBA, 0x66, 0x8C, 0xD9,
    0x99, 0xC5, 0x83, 0x4E, 0xE7, 0x3D, 0xF7, 0x42, 0xDD, 0xC7, 0x03, 0xC8, 0x7D, 0x93, 0x80, 0x70,
    0x52, 0x81, 0xE4, 0x5E, 0xD3, 0x2F, 0x39, 0x78, 0x34, 0x73, 0xB0, 0xCA, 0x70, 0x31, 0x29, 0xFD,
    0xB3, 0xDC, 0x47, 0x91, 0xBC, 0x75, 0xC3, 0x42, 0xBD, 0x75, 0xA3, 0x45, 0xF4, 0xEC, 0xCF, 0x7A,
    0xE8, 0xA8, 0xEE, 0x91, 0x44, 0xF5, 0x0C, 0xC5, 0xB3, 0x35, 0x95, 0xF4, 0xD6, 0x0D, 0x32, 0xDC,
    0x09, 0xB1, 0x81, 0x58, 0x93, 0xB5, 0x63, 0xAE, 0x7F, 0xDA, 0xF8, 0x7B, 0x38, 0xB3, 0x9E, 0xFF,
    0xA0, 0xF5, 0x7C, 0xAD, 0xF7, 0x6C, 0x3D, 0x07, 0xCD, 0xB6, 0xB0, 0x32, 0x99, 0x63, 0x5A, 0xE8,
    0x57, 0x32, 0xFC, 0xBE, 0x4E, 0x7E, 0x28, 0x9C, 0x24, 0x3F, 0x6C, 0x98, 0xD7, 0x92, 0x1F, 0x58,
    0xE6, 0xD5, 0xE4, 0x95, 0x96, 0xF9, 0x62, 0xF2, 0xFD, 0x9E, 0xD9, 0x26, 0xE5, 0x9C, 0x79, 0x5D,
    0xAA, 0x1C, 0x57, 0x58, 0x1F, 0xE2, 0x2E, 0x79, 0x59, 0xBC, 0x41, 0xB3, 0xE4, 0x07, 0xDC, 0x03,
    0x25, 0x5F, 0xA6, 0x23, 0xDD, 0x48, 0xFD, 0x53, 0xE9, 0x28, 0xAC, 0xB5, 0x42, 0x17, 0x7B, 0x21,
    0x7B, 0x5D, 0xA8, 0x99, 0x5F, 0xD0, 0x48, 0x25, 0x77, 0x6F, 0xF2, 0x9C, 0x71, 0xA4, 0x93, 0xE7,
    0x6A, 0x47, 0x8F, 0x26, 0x67, 0xAD, 0xA3, 0x55, 0x4F, 0x1B, 0xC9, 0x37, 0x3B, 0xAC, 0xDC, 0x1A,
    0x92, 0xB3, 0x33, 0x14, 0x1F, 0x53, 0xF2, 0x1C, 0x21, 0x5C, 0x18, 0x21, 0xE8, 0x81, 0x0D, 0x79,
    0x5E, 0xB4, 0xFC, 0xC0, 0x50, 0x0D, 0x78, 0x51, 0x6C, 0xE4, 0x0E, 0x07, 0x10, 0xF4, 0xE2, 0x39,
    0x1C, 0xE4, 0xE1, 0x48, 0x3B, 0x98, 0x5B, 0xF7, 0x2A, 0xFD, 0x66, 0x0B, 0x0C, 0xFA, 0xF5, 0x5E,
    0x82, 0x8B, 0x7B, 0x84, 0x0E, 0x67, 0x7C, 0x0D, 0xA6, 0xF0, 0x96, 0x3E, 0xC4, 0x93, 0xBD, 0x2F,
    0x95, 0x55, 0xB1, 0x6E, 0x29, 0xA0, 0x41, 0xF5, 0x7C, 0xF6, 0x5A, 0xCE, 0xDE, 0x20, 0xE8, 0xA5,
    0x83, 0x36, 0xC1, 0xE7, 0x4A, 0x73, 0x3E, 0x97, 0x98, 0x13, 0x39, 0x72, 0xC2, 0xAF, 0xC1, 0x1D,
    0x52, 0x55, 0xE5, 0x08, 0xBB, 0x33, 0x9A, 0x5B, 0xFC, 0x8C, 0x66, 0x57, 0xC7, 0x99, 0xC8, 0x42,
    0xD7, 0x67, 0x94, 0x43, 0x93, 0xF1, 0x03, 0xFA, 0x65, 0xCA, 0x67, 0x98, 0x29, 0x6A, 0x8A, 0x52,
    0x9C, 0xF8, 0x44, 0x46, 0x42, 0x2C, 0xE5, 0x40, 0xBC, 0x42, 0x48, 0x72, 0xC8, 0xF7, 0x71, 0x66,
    0x1E, 0x4C, 0x79, 0x5D, 0x0E, 0x54, 0x1B, 0x58, 0x39, 0x90, 0xA7, 0x90, 0x1C, 0x64, 0x3A, 0xF7,
    0x07, 0xE9, 0xDF, 0x63, 0x1E, 0x72, 0x79, 0x69, 0x3C, 0x20, 0x3F, 0x40, 0xF4, 0x9B, 0x96, 0xE4,
    0x20, 0x7B, 0xC5, 0x66, 0xFE, 0x40, 0xD9, 0x4C, 0x4E, 0x51, 0x88, 0xD9, 0xDE, 0x3B, 0xB0, 0xB5,
    0x1C, 0x0C, 0x62, 0xB3, 0xF7, 0xC1, 0x5D, 0xB1, 0x8F, 0xD9, 0x92, 0x79, 0x60, 0x7D, 0x58, 0xB1,
    0x2B, 0x83, 0x1A, 0xE0, 0x1D, 0xCB, 0x25, 0xA1, 0xA0, 0x3F, 0xE7, 0xA1, 0x56, 0xD0, 0x0F, 0x1D,
    0x95, 0xAA, 0xE3, 0x49, 0x10, 0xAA, 0x0D, 0x3B, 0xAC, 0x3A, 0xC2, 0x16, 0x2C, 0x53, 0xA6, 0x6A,
    0x26, 0xFD, 0xF6, 0x38, 0x26, 0x1B, 0x4F, 0xBD, 0xDC, 0xE3, 0x7D, 0x26, 0xDD, 0xD0, 0x67, 0xB9,
    0x10, 0x4F, 0xA9, 0x59, 0xD9, 0x6B, 0x26, 0xF4, 0xB1, 0x5D, 0xB9, 0x35, 0x8B, 0x06, 0xD5, 0x15,
    0x1F, 0xF7, 0x9A, 0x5E, 0x9E, 0x05, 0xB5, 0x2E, 0xD1, 0x66, 0xAE, 0x51, 0x5A, 0x31, 0x01, 0x84,
    0x34, 0x20, 0xB9, 0x5D, 0x99, 0x2C, 0xD7, 0x36, 0xE3, 0xE6, 0xE6, 0xF1, 0xE4, 0x18, 0x22, 0xBA,
    0x91, 0x45, 0xC5, 0x6B, 0x03, 0xC4, 0x9C, 0x8E, 0xA2, 0x86, 0x77, 0xD3, 0xF4, 0x40, 0x38, 0x8A,
    0x62, 0x69, 0xE5, 0x49, 0xF8, 0x3D, 0x89, 0xED, 0x45, 0x56, 0xCF, 0xD7, 0xFC, 0xF7, 0x37, 0xD9,
    0xEB, 0x55, 0xAF, 0x89, 0xFA, 0xE0, 0xB2, 0x74, 0x36, 0x02, 0xDC, 0xC7, 0xD1, 0x1A, 0x08, 0x3E,
    0xD8, 0x01, 0x2A, 0x83, 0x45, 0x17, 0x42, 0x8A, 0x0C, 0x0F, 0x4E, 0xDA, 0xC2, 0x80, 0x80, 0x2C,
    0x40, 0xFD, 0xF8, 0x3A, 0x29, 0x9D, 0x18, 0xCF, 0x59, 0x8E, 0xFB, 0x67, 0xE2, 0x31, 0xC8, 0x7E,
    0xE4, 0xF5, 0x8A, 0x35, 0xFE, 0x85, 0x6F, 0x73, 0x78, 0xE9, 0x27, 0x35, 0x10, 0x94, 0x95, 0xCD,
    0x66, 0x11, 0x9D, 0xB7, 0x69, 0x17, 0xCF, 0x22, 0x1B, 0xD9, 0xD8, 0x2A, 0xC6, 0xE6, 0xCE, 0xC8,
    0x81, 0x13, 0x0E, 0x4D, 0xD0, 0x47, 0xDC, 0xAD, 0x14, 0xD9, 0x0A, 0x48, 0x65, 0x18, 0x04, 0xD5,
    0x2C, 0x87, 0xB4, 0xC0, 0xA7, 0xE2, 0xFA, 0x6D, 0x46, 0x9E, 0x38, 0xC6, 0xA2, 0x0F, 0x80, 0xC2,
    0x6A, 0x65, 0x1C, 0xF0, 0x85, 0x69, 0xC5, 0x80, 0x8E, 0xE1, 0xA7, 0x0C, 0x1B, 0x0C, 0xAB, 0x13,
    0x9C, 0x66, 0xB8, 0xC8, 0x70, 0x8D, 0xC1, 0x86, 0x9D, 0x0E, 0x1B, 0xCC, 0x74, 0x6C, 0xBC, 0xEF,
    0xCA, 0x47, 0x83, 0x26, 0x77, 0x3A, 0xE5, 0x52, 0xBC, 0xC9, 0x20, 0x21, 0xBC, 0xB9, 0x6E, 0xBC,
    0x95, 0xC1, 0xC7, 0x9B, 0xD8, 0x85, 0x78, 0x93, 0xA4, 0x0C, 0xFA, 0x82, 0x06, 0x77, 0xF4, 0x32,
    0x51, 0x5F, 0x20, 0xBE, 0xBD, 0x5F, 0xBC, 0x49, 0x64, 0x75, 0x33, 0xC6, 0x9B, 0x94, 0xA0, 0xBF,
    0x9C, 0x71, 0x73, 0xD9, 0xF1, 0xF1, 0x52, 0x49, 0xA0, 0x0C, 0x5B, 0x2D, 0x78, 0x3D, 0x52, 0xF3,
    0x10, 0x63, 0xD9, 0xFC, 0xAE, 0xB2, 0x15, 0xFD, 0xA2, 0xAD, 0x62, 0x6A, 0x37, 0xF1, 0xBF, 0xAD,
    0x58, 0x68, 0x45, 0xA2, 0x46, 0x34, 0xEE, 0x5B, 0x6C, 0xA5, 0xF5, 0x5A, 0x18, 0xD7, 0xB0, 0x42,
    0xB5, 0xC3, 0x31, 0x0E, 0xDA, 0x42, 0xFD, 0x66, 0x1E, 0x76, 0xE9, 0x10, 0xE2, 0x24, 0xE6, 0xCB,
    0x92, 0xF0, 0xCF, 0x5E, 0x34, 0xC8, 0x99, 0x60, 0x21, 0xE1, 0x0F, 0x19, 0x2C, 0x63, 0xC9, 0x98,
    0xBC, 0xDE, 0x38, 0xD4, 0x6F, 0x18, 0x87, 0xF1, 0x3B, 0x8C, 0xEA, 0xC3, 0x92, 0xF1, 0xE3, 0xDC,
    0xE1, 0x18, 0x0C, 0xEC, 0x71, 0x10, 0xBC, 0xCE, 0xAF, 0x79, 0x49, 0xE7, 0xA0, 0xA8, 0x75, 0x83,
    0xDB, 0xBC, 0x3E, 0xE1, 0xFB, 0x39, 0xE4, 0xBB, 0x5B, 0x19, 0x84, 0x9D, 0x03, 0xF4, 0x71, 0xEE,
    0x40, 0x63, 0x6E, 0xE2, 0x7B, 0x94, 0x41, 0x42, 0xCF, 0xF8, 0x17, 0x74, 0xC7, 0x30, 0x79, 0x70,
    0xBF, 0x25, 0x1A, 0xC2, 0x20, 0x6B, 0xF5, 0xCC, 0x5B, 0x7D, 0x5E, 0x91, 0x65, 0x83, 0x0F, 0xFA,
    0xCB, 0xE7, 0x8B, 0xF6, 0x63, 0xAE, 0xF7, 0x89, 0x67, 0xCE, 0x01, 0xF1, 0xBF, 0x76, 0x80, 0xB2,
    0x3D, 0x80, 0x4E, 0x1E, 0xCB, 0x3C, 0x4F, 0xDE, 0x17, 0x40, 0xCA, 0xD1, 0x37, 0xCD, 0x54, 0x58,
    0x97, 0x96, 0x42, 0x57, 0x5A, 0x61, 0xD5, 0x8E, 0x97, 0xA6, 0x6B, 0x64, 0xCC, 0x48, 0x0C, 0xFF,
    0x93, 0x3A, 0x42, 0xBF, 0x45, 0x75, 0xC6, 0x63, 0x52, 0xFF, 0x5C, 0x0E, 0x78, 0xE2, 0x22, 0x44,
    0x75, 0x01, 0xC4, 0x3C, 0xA4, 0xCC, 0x78, 0x10, 0x97, 0x72, 0x90, 0x94, 0x1A, 0x72, 0xA0, 0xCD,
    0x78, 0x10, 0xD7, 0x4F, 0x22, 0xE3, 0x2B, 0x61, 0x2F, 0x31, 0xFF, 0x4E, 0xAD, 0xEC, 0x86, 0xFC,
    0xB2, 0x09, 0xBA, 0x6B, 0xE3, 0xB9, 0x7A, 0x3B, 0x9E, 0x7D, 0x53, 0x56, 0x00, 0xDB, 0x12, 0xD3,
    0x11, 0xD0, 0x77, 0x3A, 0xBF, 0x0E, 0x4E, 0xA9, 0x16, 0xDD, 0xC4, 0x8F, 0x7B, 0x3D, 0x55, 0x65,
    0x64, 0xAC, 0x8D, 0x8C, 0x7E, 0x64, 0x65, 0x3D, 0xA3, 0xAA, 0x3D, 0x87, 0xA3, 0x41, 0x3F, 0xA3,
    0x90, 0x63, 0x9F, 0x48, 0x58, 0x9B, 0xC4, 0x3D, 0x79, 0xD9, 0x8B, 0x1A, 0xDF, 0x68, 0x59, 0x8B,
    0x80, 0xFA, 0x80, 0xBB, 0x3B, 0x93, 0x7E, 0xB9, 0x88, 0x4D, 0xC7, 0x9B, 0xE0, 0xCB, 0xE1, 0xF9,
    0xDE, 0x73, 0xFA, 0x4C, 0x23, 0xEF, 0xEB, 0x37, 0x0D, 0x0A, 0xCF, 0xF2, 0xFD, 0xE8, 0xFD, 0x1C,
    0x7C, 0x87, 0x29, 0x82, 0xDC, 0xF5, 0x7C, 0x42, 0xBE, 0xD3, 0xB8, 0x6D, 0xE5, 0x6E, 0xEB, 0xE1,
    0xED, 0x41, 0x1D, 0x7C, 0xB1, 0x9E, 0x42, 0xBB, 0x1C, 0xC7, 0x90, 0x18, 0xA1, 0x07, 0x89, 0xD1,
    0xF7, 0xE2, 0x14, 0x7F, 0x5D, 0xE5, 0x0E, 0x62, 0xEA, 0xF8, 0x50, 0xD6, 0x50, 0x7D, 0xA6, 0x9B,
    0x79, 0x12, 0x8F, 0x81, 0x78, 0xC9, 0xE1, 0x3D, 0xCF, 0xA8, 0x7C, 0x74, 0x96, 0xB7, 0xBF, 0xEC,
    0x8B, 0xFE, 0x3B, 0xFE, 0xFB, 0xFE, 0x6F, 0xB5, 0xC3, 0x7E, 0xFC, 0x4D, 0xD5, 0x9F, 0xD1, 0x8D,
    0x3F, 0x97, 0x4C, 0x84, 0xD3, 0x35, 0xE0, 0x0C, 0xC3, 0x7C, 0x76, 0x2E, 0x64, 0xFD, 0x53, 0xEB,
    0x1B, 0xEF, 0xB4, 0x69, 0x89, 0x9E, 0x7B, 0xD1, 0x49, 0xB6, 0xE9, 0x64, 0xDB, 0x8B, 0x1C, 0x17,
    0x4E, 0xE4, 0xB3, 0x1C, 0x83, 0x7E, 0xE3, 0x2F, 0xFA, 0x88, 0xC8, 0xA2, 0xA2, 0x92, 0x4F, 0x86,
    0xF0, 0xD2, 0x6E, 0x65, 0x33, 0xE7, 0x5C, 0x17, 0x7B, 0xFD, 0xC0, 0xF4, 0xF8, 0xF5, 0x3F, 0x62,
    0xC2, 0x96, 0x20, 0x4E, 0x79, 0x3A, 0xED, 0xA9, 0xC6, 0x6E, 0x29, 0xFA, 0x80, 0x1D, 0x12, 0x33,
    0x52, 0x3B, 0x3D, 0xAB, 0xF4, 0x3C, 0x23, 0x6A, 0xA3, 0x23, 0x93, 0x94, 0x89, 0xB9, 0x0F, 0x62,
    0xC5, 0x93, 0x51, 0x2E, 0x83, 0x3C, 0x6E, 0x3C, 0xD9, 0x82, 0x29, 0x3A, 0x90, 0xC6, 0x6F, 0xFA,
    0x3F, 0xB7, 0x59, 0xC9, 0xD4, 0xA4, 0x06, 0x27, 0xBD, 0xD9, 0xB8, 0x65, 0xFD, 0xB4, 0x55, 0x6C,
    0x30, 0x50, 0x44, 0x37, 0x69, 0xC6, 0x76, 0x5D, 0x45, 0xAD, 0xE8, 0xCE, 0x3C, 0x23, 0x85, 0xEF,
    0xFA, 0x87, 0x43, 0xED, 0x70, 0xED, 0x3C, 0x39, 0xFC, 0xC6, 0x93, 0xD5, 0x6E, 0x10, 0x7D, 0x22,
    0xF8, 0xBF, 0x04, 0xAF, 0x61, 0xB9, 0x04, 0x54, 0x56, 0x6C, 0x17, 0xFB, 0x2D, 0xF5, 0x48, 0x9E,
    0xF9, 0xB0, 0x39, 0x83, 0x0C, 0xBF, 0x35, 0x99, 0x74, 0x40, 0x9A, 0x6F, 0xCA, 0xB3, 0x7B, 0x6B,
    0x17, 0xCD, 0x02, 0x96, 0xFC, 0x69, 0x5A, 0x66, 0x8C, 0x79, 0x86, 0x07, 0x90, 0xB9, 0x57, 0x29,
    0x36, 0xA1, 0x3F, 0xA2, 0x5F, 0xF7, 0x08, 0xDD, 0x6F, 0x8A, 0x4D, 0xC5, 0x5B, 0x55, 0x88, 0xCA,
    0x5D, 0xFA, 0xCA, 0x43, 0x11, 0x7C, 0xF9, 0x22, 0x2B, 0xE3, 0x88, 0x89, 0xEC, 0x1C, 0xD5, 0x37,
    0x4D, 0x8D, 0xC5, 0x72, 0xAF, 0x55, 0x75, 0x29, 0xB1, 0x64, 0xAC, 0xDD, 0x31, 0x38, 0xB2, 0x38,
    0x38, 0x38, 0x12, 0xAA, 0xF7, 0xA1, 0x62, 0x7E, 0x72, 0x3E, 0xCF, 0x9F, 0x2C, 0x4B, 0x20, 0xCF,
    0xFA, 0x19, 0x1C, 0x45, 0x8E, 0x58, 0x25, 0xF0, 0xFF, 0x3D, 0x25, 0xBF, 0xC7, 0x3D, 0xBD, 0x3D,
    0xCA, 0xE6, 0x9E, 0xF3, 0x24, 0xD2, 0x50, 0xEC, 0x4D, 0x1C, 0xD5, 0xFD, 0x70, 0x1F, 0x99, 0x7C,
    0x2B, 0xAA, 0x16, 0x0F, 0x4A, 0xF5, 0x37, 0x39, 0x12, 0x02, 0x02, 0x27, 0xE0, 0x3B, 0xEB, 0xC3,
    0xFE, 0xA4, 0xAA, 0x37, 0x58, 0x75, 0xC8, 0x6E, 0xF2, 0x6F, 0x8E, 0xFA, 0x2C, 0xB5, 0x6E, 0xDA,
    0x1C, 0xA0, 0xEA, 0x53, 0x5E, 0x31, 0xC4, 0xBC, 0xAC, 0x7E, 0xED, 0xF2, 0x50, 0x50, 0x7F, 0xC6,
    0x47, 0x46, 0x06, 0x1C, 0xFD, 0xE0, 0x5E, 0x16, 0x35, 0x8F, 0xF4, 0x53, 0xB3, 0xEE, 0x62, 0x82,
    0xD3, 0x55, 0xFA, 0x64, 0xCB, 0x5D, 0x99, 0x51, 0xB9, 0x56, 0x0C, 0x2F, 0x06, 0x03, 0x16, 0xCA,
    0x6E, 0x0A, 0xD1, 0xFC, 0x91, 0xA5, 0x83, 0x06, 0xE3, 0xCD, 0xF2, 0xEA, 0x72, 0x67, 0x97, 0xF0,
    0x95, 0xA3, 0x96, 0x5F, 0xCD, 0x10, 0xFE, 0xEA, 0x3A, 0xDF, 0x6C, 0xEB, 0x08, 0x0D, 0xCF, 0x18,
    0x2F, 0xAA, 0x1C, 0x87, 0x29, 0xBA, 0x11, 0x8A, 0x9B, 0xA2, 0x1F, 0x1D, 0xA1, 0xB7, 0xFF, 0x94,
    0x19, 0xFF, 0x78, 0xBE, 0xD1, 0xCC, 0xB0, 0x31, 0x0E, 0x55, 0xFE, 0x9F, 0xAC, 0x07, 0xDC, 0x55,
    0x93, 0x2C, 0x1B, 0x06, 0x04, 0x3B, 0xB2, 0xFA, 0xAE, 0xA0, 0xE4, 0x0A, 0x2F, 0x44, 0xCB, 0x57,
    0xF8, 0xF0, 0xC8, 0x8A, 0x4A, 0x61, 0xE8, 0xB9, 0x61, 0xE5, 0x21, 0x58, 0x61, 0xDC, 0x37, 0x19,
    0xC1, 0x03, 0xC1, 0x4F, 0x7D, 0x34, 0x4E, 0x33, 0xF5, 0x4B, 0x82, 0x0F, 0xCE, 0x9F, 0x91, 0x3A,
    0xE7, 0x83, 0x2F, 0x03, 0x31, 0x9B, 0xD6, 0x83, 0xD9, 0xE8, 0x5D, 0x4B, 0xBA, 0x31, 0x7E, 0xB1,
    0x32, 0x0E, 0xBA, 0xF9, 0x0F, 0x58, 0xDC, 0x75, 0xF9, 0xB3, 0xF9, 0x04, 0x3D, 0x6F, 0xBA, 0x26,
    0x19, 0x0F, 0x06, 0x5C, 0xF7, 0x57, 0xBB, 0x85, 0xC3, 0x17, 0xCD, 0x70, 0x7D, 0xAC, 0x99, 0x9A,
    0x8D, 0x4F, 0xCA, 0xB4, 0x1B, 0x03, 0x3F, 0xAB, 0x12, 0x99, 0xD4, 0xE0, 0xAB, 0xE2, 0xFE, 0xB2,
    0xF3, 0x65, 0x81, 0x3F, 0xD8, 0xD8, 0xBB, 0x3E, 0x40, 0x3B, 0xF2, 0x38, 0x8E, 0xC2, 0xFC, 0x09,
    0xB1, 0x7E, 0x9E, 0x61, 0x34, 0x9B, 0x0E, 0x23, 0x92, 0xEF, 0xFE, 0x71, 0x79, 0xCC, 0xD9, 0x0C,
    0xE7, 0x24, 0x9B, 0xC1, 0x57, 0x43, 0x30, 0x10, 0x54, 0xB5, 0xA0, 0x61, 0x8C, 0x05, 0xF5, 0x78,
    0xA5, 0x9F, 0x6B, 0xFC, 0xCD, 0x64, 0xB6, 0x0D, 0xCD, 0xFC, 0x72, 0x62, 0x06, 0x99, 0x1F, 0x13,
    0x4C, 0x45, 0xD9, 0x65, 0xF1, 0xFE, 0xD5, 0x8E, 0x8F, 0x97, 0x65, 0xE7, 0x27, 0x3E, 0x19, 0x48,
    0x94, 0xCA, 0x60, 0x1E, 0x93, 0x38, 0x5B, 0x8C, 0x60, 0xE7, 0x24, 0xCD, 0xF5, 0x9D, 0xAA, 0x61,
    0xDD, 0x3E, 0xB4, 0x47, 0x67, 0xB6, 0xDC, 0x8D, 0xA0, 0x57, 0xED, 0xA7, 0x9F, 0xFB, 0xAA, 0x7B,
    0x6F, 0xCD, 0x49, 0x62, 0xD5, 0x4E, 0x65, 0xFC, 0x75, 0x06, 0xEC, 0xB4, 0x7E, 0x75, 0xB1, 0x0E,
    0x91, 0x93, 0xF5, 0x31, 0x82, 0xBE, 0xAA, 0xC9, 0xA0, 0xF8, 0x50, 0x52, 0x1A, 0xB8, 0x5F, 0x7B,
    0x14, 0x62, 0x73, 0x58, 0xCE, 0x19, 0x4B, 0x27, 0xC8, 0x04, 0xD8, 0xE0, 0xE4, 0xA0, 0x7F, 0xAC,
    0x80, 0x1A, 0xE2, 0x81, 0x93, 0x43, 0x7B, 0x28, 0x7E, 0x5C, 0x2B, 0xFB, 0xC8, 0x35, 0x31, 0x8D,
    0x31, 0xDC, 0xC7, 0x00, 0x0F, 0xB2, 0x56, 0xAA, 0xC6, 0xB9, 0xE2, 0x05, 0x27, 0x57, 0xFD, 0x78,
    0x09, 0x2C, 0x11, 0xD9, 0xF3, 0x4E, 0xC4, 0xB6, 0xF0, 0x19, 0x64, 0xB1, 0x5A, 0x7E, 0x96, 0x8F,
    0x73, 0xEE, 0xE8, 0x82, 0x88, 0x85, 0xAB, 0x75, 0x18, 0xE1, 0xAC, 0x55, 0x14, 0x3E, 0x55, 0x76,
    0xB6, 0x42, 0xC4, 0xCD, 0x93, 0xA2, 0x87, 0x1E, 0xE5, 0x84, 0x13, 0xCC, 0xE5, 0x6B, 0xB3, 0xBF,
    0x43, 0x41, 0x03, 0x1F, 0xEF, 0x2B, 0x81, 0x93, 0xFF, 0x43, 0xE7, 0x90, 0x51, 0x8B, 0xC2, 0xDB,
    0xAD, 0x8C, 0x6A, 0x23, 0x27, 0xCA, 0xCB, 0x34, 0x44, 0x6A, 0x27, 0xCD, 0x81, 0xD7, 0x44, 0xC4,
    0x86, 0x6B, 0xA2, 0x5E, 0x2C, 0x5B, 0x53, 0x83, 0x0B, 0x3C, 0xCC, 0x80, 0x45, 0xF8, 0xE8, 0x47,
    0x18, 0xF3, 0x02, 0x6F, 0x55, 0x92, 0x2C, 0x34, 0x38, 0x40, 0xC5, 0x90, 0x95, 0x6A, 0x34, 0xC9,
    0x6B, 0x0F, 0x62, 0x6B, 0x73, 0xCD, 0xA8, 0x6B, 0xA2, 0xDA, 0x6B, 0xA8, 0x1E, 0x82, 0x06, 0x69,
    0xB9, 0x9B, 0x35, 0x18, 0xCE, 0x58, 0xF7, 0xA9, 0xC8, 0x88, 0xF3, 0xE7, 0xC0, 0x0A, 0x29, 0xEA,
    0xE4, 0xF4, 0xAA, 0xE5, 0x68, 0x0C, 0xFE, 0x0F, 0xFD, 0x28, 0x83, 0xAB, 0xD0, 0x96, 0xAB, 0xD0,
    0xD6, 0xA8, 0x7E, 0xF6, 0x78, 0xC1, 0x89, 0x0D, 0x3A, 0x99, 0x1F, 0xE8, 0x8A, 0xE1, 0x47, 0x25,
    0x87, 0x9B, 0xDA, 0x70, 0x40, 0xD1, 0xDE, 0x4F, 0x8D, 0x26, 0xBC, 0xB4, 0x81, 0x02, 0xC9, 0x3A,
    0x1E, 0xD7, 0xC8, 0xB0, 0xFA, 0x00, 0x10, 0x3B, 0xF6, 0xBE, 0xB6, 0x6C, 0xBC, 0xD7, 0x33, 0x3F,
    0xF1, 0xD8, 0x4C, 0x95, 0xCC, 0x17, 0x32, 0xED, 0xE7, 0xDB, 0xE2, 0x4F, 0x98, 0x82, 0x31, 0x2E,
    0x3F, 0xBA, 0x5D, 0xAC, 0x5B, 0xBF, 0xE2, 0x56, 0x62, 0xD9, 0x36, 0x19, 0x77, 0x12, 0xD8, 0x99,
    0x4E, 0x8E, 0x69, 0x54, 0x40, 0x7A, 0x66, 0x03, 0xC5, 0xAC, 0xEB, 0x29, 0x64, 0xAB, 0x68, 0x02,
    0xBA, 0xA4, 0x66, 0x39, 0xE5, 0x3C, 0xCF, 0xD0, 0x5C, 0x3F, 0xBA, 0x53, 0xBC, 0xF7, 0x32, 0xCB,
    0x69, 0x53, 0xCA, 0x8B, 0xBC, 0xB0, 0x29, 0x3D, 0x43, 0xE6, 0xA5, 0xEB, 0xAA, 0x55, 0x3F, 0x37,
    0x4F, 0x3F, 0x15, 0x5A, 0x1D, 0xE4, 0xD0, 0xA1, 0x65, 0xDD, 0x4A, 0xBD, 0x61, 0x57, 0x1D, 0x05,
    0xBF, 0xB5, 0x52, 0x51, 0xF2, 0x46, 0x9F, 0x4F, 0x76, 0xC8, 0x51, 0x16, 0x4A, 0xE4, 0xF0, 0x2C,
    0xB4, 0xBA, 0x66, 0x17, 0x9B, 0x95, 0x6C, 0xA6, 0xD0, 0xAA, 0x0E, 0xB1, 0x55, 0x6D, 0xD0, 0xA3,
    0xA8, 0xD9, 0xEC, 0x7E, 0x89, 0x93, 0xBF, 0xF3, 0xD4, 0x2E, 0xA9, 0x75, 0xCB, 0x74, 0x75, 0x89,
    0x5E, 0xC4, 0x54, 0xEE, 0xC6, 0x56, 0x68, 0xF6, 0xB3, 0x15, 0x3E, 0xEC, 0x64, 0xC3, 0x1D, 0xFB,
    0x2C, 0x41, 0x6D, 0x5D, 0x40, 0xB5, 0x89, 0xC5, 0x2B, 0x54, 0xFA, 0x76, 0x0A, 0xAC, 0xBF, 0x84,
    0x15, 0x27, 0x59, 0x2D, 0x21, 0x19, 0x31, 0x95, 0xD9, 0xFB, 0xED, 0x36, 0xFA, 0xEB, 0xE8, 0x9F,
    0x18, 0x03, 0x45, 0xDB, 0x88, 0x8C, 0x22, 0xCB, 0xC7, 0xD8, 0xFC, 0x06, 0x8A, 0x0E, 0x9B, 0x3D,
    0x86, 0xEA, 0xD9, 0x8E, 0xD5, 0xEF, 0x0D, 0xE0, 0x29, 0x40, 0xCB, 0xD4, 0x7E, 0x25, 0x0F, 0x88,
    0x55, 0x71, 0xA2, 0x52, 0xDB, 0x79, 0x8A, 0xDD, 0x2D, 0xCB, 0xA6, 0x89, 0xC7, 0x1D, 0x88, 0xB7,
    0x06, 0x0E, 0x1E, 0x62, 0x58, 0x65, 0xB8, 0xE0, 0xE0, 0x03, 0x3B, 0x4F, 0xB1, 0xBB, 0xC5, 0x01,
    0xD1, 0xD6, 0x67, 0x53, 0x35, 0x0E, 0x7C, 0xF4, 0x7A, 0xE7, 0xC0, 0x3F, 0xFB, 0xC8, 0x5B, 0x99,
    0xD7, 0x07, 0xA4, 0x2D, 0x91, 0x91, 0x95, 0x26, 0x04, 0xD2, 0x7D, 0xAD, 0x6F, 0x85, 0xAB, 0x50,
    0x5E, 0xD0, 0xCB, 0x64, 0x54, 0xE7, 0xFA, 0x57, 0xB5, 0xFA, 0x99, 0x52, 0xB5, 0x8F, 0x81, 0xE7,
    0x52, 0x06, 0x39, 0x79, 0xE7, 0x60, 0x87, 0xF8, 0x65, 0x66, 0x1C, 0xE8, 0xDA, 0x41, 0x6C, 0x21,
    0xF7, 0x8C, 0xB8, 0x71, 0x56, 0xB8, 0x1F, 0x2B, 0x32, 0xD9, 0x74, 0x77, 0x63, 0x17, 0xAE, 0x2E,
    0x03, 0x57, 0x3F, 0xEA, 0xD8, 0xBD, 0xD5, 0xB3, 0xDA, 0xC3, 0xC9, 0xAD, 0xF6, 0x61, 0x57, 0x85,
    0xDA, 0x4D, 0xD5, 0x37, 0x8C, 0x83, 0x9F, 0xE7, 0x0E, 0x7E, 0x09, 0x07, 0x03, 0x43, 0x87, 0x31,
    0x0A, 0xFC, 0x63, 0xE2, 0x4F, 0x7F, 0x61, 0xF9, 0x7B, 0xAD, 0x83, 0x9F, 0xF5, 0x0E, 0xEA, 0xD9,
    0x94, 0x4C, 0x2C, 0x6A, 0x54, 0x52, 0xBB, 0xEA, 0xEB, 0xDB, 0x92, 0x61, 0xE8, 0xEA, 0x96, 0xD4,
    0x0E, 0x2A, 0xAB, 0x3A, 0x6E, 0xE7, 0xF6, 0x15, 0xF3, 0x82, 0xBA, 0xF5, 0x1B, 0x9E, 0x70, 0x6E,
    0xC2, 0x41, 0x2F, 0xBF, 0x0C, 0x7E, 0x4E, 0x18, 0x7E, 0xAF, 0x71, 0xF0, 0x8E, 0x65, 0xE8, 0xC5,
    0xBA, 0xC3, 0x40, 0xDE, 0x93, 0xEE, 0xEA, 0xA6, 0xBB, 0x3D, 0xFD, 0xF6, 0xBD, 0x9D, 0xB3, 0xE6,
    0x71, 0xA2, 0x37, 0x8F, 0xBA, 0xDF, 0xA2, 0x7E, 0x72, 0x33, 0x22, 0x62, 0x50, 0x0C, 0x19, 0x59,
    0x01, 0x79, 0x29, 0xC0, 0xC6, 0xF5, 0x80, 0xE7, 0xB6, 0xCF, 0xD6, 0x6F, 0x25, 0xE7, 0xF8, 0xD8,
    0x82, 0x08, 0x69, 0x5D, 0x5C, 0x99, 0x81, 0xEC, 0x35, 0xDD, 0x84, 0x1F, 0xD9, 0x17, 0x75, 0xAD,
    0x4C, 0x09, 0x5D, 0x6B, 0xC0, 0xE1, 0x43, 0x82, 0xAB, 0x82, 0x17, 0x04, 0x2D, 0xE3, 0x6F, 0x0C,
    0x23, 0xF5, 0x8C, 0xBF, 0x22, 0x3F, 0x6B, 0xE5, 0x8C, 0x89, 0x61, 0xD4, 0x0D, 0x63, 0x64, 0x19,
    0x55, 0xCF, 0x18, 0x30, 0x36, 0x20, 0x09, 0x8B, 0xC9, 0xEA, 0x90, 0x08, 0xBA, 0x2B, 0x68, 0x08,
    0x06, 0x38, 0x8C, 0x09, 0xD7, 0xB4, 0x49, 0xD6, 0xF1, 0xA2, 0x36, 0xAB, 0x5F, 0x02, 0xB4, 0xB9,
    0x06, 0x87, 0xDE, 0x5A, 0xF8, 0x96, 0x3F, 0x97, 0x1C, 0xDF, 0xEC, 0x19, 0xCD, 0x20, 0x58, 0x08,
    0x66, 0x25, 0x63, 0x62, 0x18, 0xB5, 0xE5, 0x06, 0x54, 0x83, 0x68, 0x7F, 0x92, 0xD2, 0x51, 0xF9,
    0xA4, 0xCA, 0xD9, 0x3D, 0x4F, 0xAA, 0x8C, 0x04, 0x5D, 0x67, 0x26, 0x63, 0x52, 0x65, 0xBD, 0x9B,
    0x77, 0x13, 0x09, 0x2A, 0xC1, 0x50, 0x30, 0x10, 0x84, 0x47, 0x14, 0xF4, 0x7D, 0x1A, 0xF8, 0x6E,
    0x1C, 0x54, 0xE7, 0x1D, 0xD1, 0x7A, 0x2F, 0xF0, 0xE5, 0x08, 0xC8, 0xCB, 0x4F, 0x81, 0xC4, 0xAC,
    0xF0, 0x43, 0xA9, 0xA0, 0x37, 0x65, 0xCE, 0x83, 0xC0, 0x19, 0x86, 0xA7, 0x18, 0x1E, 0x63, 0x78,
    0x68, 0x02, 0x48, 0xD3, 0x10, 0xA4, 0x6D, 0x2A, 0x7F, 0xF1, 0x1A, 0x6A, 0x81, 0x62, 0x4F, 0xD8,
    0x87, 0x88, 0x68, 0x22, 0x79, 0xF3, 0x50, 0x14, 0x09, 0x49, 0x6B, 0x0D, 0x39, 0x7C, 0x0E, 0xAA,
    0xB4, 0x02, 0x59, 0xD7, 0x0C, 0x0E, 0xA5, 0x1D, 0xAC, 0xD4, 0xED, 0x45, 0xC1, 0xA7, 0x05, 0x21,
    0x28, 0xA7, 0xF5, 0xE8, 0xDF, 0xD9, 0x07, 0x13, 0x03, 0x6E, 0x93, 0x77, 0xE1, 0x1B, 0x85, 0xB8,
    0x00, 0x90, 0x9C, 0x53, 0xC8, 0x45, 0x8C, 0x5E, 0xF2, 0xC3, 0xF3, 0xCE, 0x25, 0xCF, 0x44, 0xB9,
    0xF0, 0xAD, 0xCA, 0x0A, 0x37, 0x51, 0xEF, 0x19, 0xB3, 0x91, 0xB3, 0x39, 0xE7, 0x9E, 0x53, 0xE3,
    0x39, 0x31, 0x91, 0xB0, 0x36, 0xEB, 0x83, 0xBB, 0x27, 0x1C, 0x13, 0xBD, 0x4E, 0x34, 0xB7, 0x68,
    0x4E, 0x9C, 0xE5, 0x5E, 0x5F, 0xC8, 0xC6, 0x81, 0x54, 0x31, 0xC7, 0x3C, 0x85, 0x88, 0x66, 0x77,
    0xDE, 0xCE, 0xBB, 0x53, 0x78, 0x5C, 0xFD, 0x50, 0x37, 0x91, 0xCC, 0x18, 0x9E, 0x70, 0x00, 0x51,
    0xE9, 0xA9, 0x13, 0xC2, 0xCC, 0x53, 0x96, 0x0B, 0x25, 0x46, 0x48, 0xCF, 0x69, 0x65, 0x08, 0xAA,
    0x5A, 0x1B, 0x6E, 0xD6, 0x5E, 0xFB, 0xEB, 0x5C, 0xA4, 0xFB, 0x3D, 0x69, 0x24, 0xA2, 0xD7, 0x94,
    0x99, 0x7C, 0x22, 0x0A, 0x3C, 0x42, 0xAA, 0x27, 0xEF, 0x8F, 0x61, 0xEF, 0x8F, 0x19, 0x03, 0x8F,
    0x1B, 0x06, 0xA3, 0x28, 0xCF, 0x4A, 0x4D, 0x75, 0x96, 0x67, 0x67, 0x6D, 0xC6, 0x1A, 0x47, 0x81,
    0x6D, 0x4E, 0x39, 0x9E, 0x05, 0x0E, 0x86, 0x45, 0xC8, 0x30, 0x73, 0x90, 0x57, 0x61, 0x9F, 0x95,
    0x05, 0x7B, 0x7F, 0xDC, 0x5F, 0xE8, 0x3A, 0x7D, 0xBB, 0x56, 0xAD, 0xA6, 0x12, 0xF4, 0x57, 0xE2,
    0xFD, 0xA1, 0x2B, 0xC0, 0xB7, 0xD2, 0x19, 0xA6, 0xB9, 0x55, 0xA6, 0x47, 0x5D, 0x8B, 0x99, 0xEF,
    0x04, 0x90, 0xA1, 0xB2, 0xC8, 0xC2, 0x5B, 0x3D, 0x36, 0x39, 0xEE, 0x74, 0x33, 0x6A, 0x36, 0xB1,
    0x1D, 0x3B, 0x90, 0xA3, 0x2C, 0xB2, 0xDB, 0xEC, 0x5D, 0x1D, 0x1C, 0xB4, 0x3D, 0xF7, 0x51, 0x8B,
    0xE8, 0xB6, 0xB8, 0xAD, 0xB8, 0xE7, 0x83, 0x67, 0xE8, 0x28, 0x0D, 0x5B, 0xD1, 0x72, 0xD6, 0x6F,
    0x37, 0x86, 0x21, 0xA6, 0x5E, 0x39, 0x0C, 0x2B, 0x40, 0x0D, 0x00, 0xCE, 0xE1, 0xF0, 0x86, 0xAD,
    0x00, 0x49, 0x1D, 0xE7, 0x31, 0x91, 0xB7, 0xAE, 0xEB, 0xDC, 0xAB, 0x9F, 0x61, 0xE3, 0xD7, 0x5E,
    0x5F, 0xB7, 0xFE, 0x42, 0x4E, 0xF8, 0x61, 0x63, 0x18, 0xEA, 0x0D, 0xD5, 0xA9, 0xFA, 0x82, 0xEA,
    0xC2, 0xFA, 0x9A, 0xEA, 0x82, 0xFA, 0xA4, 0xEA, 0x90, 0xC3, 0x01, 0xEE, 0x04, 0xED, 0x7E, 0xD0,
    0xCD, 0x33, 0x8D, 0x7D, 0xA4, 0x72, 0xC2, 0xA0, 0x18, 0x42, 0x06, 0x2C, 0x83, 0xB7, 0xAF, 0xF6,
    0x05, 0xD1, 0xB0, 0x11, 0xD7, 0x6B, 0x17, 0xE2, 0xFA, 0xD1, 0xAB, 0xB1, 0xB3, 0x86, 0xC5, 0x35,
    0x0E, 0x96, 0x29, 0xF4, 0xB2, 0xF4, 0x96, 0x2E, 0xED, 0x24, 0x1A, 0x45, 0x8D, 0x22, 0x8A, 0x3E,
    0x0D, 0xA9, 0x4B, 0xC3, 0xED, 0x54, 0x87, 0x88, 0xAD, 0xAE, 0x91, 0xC1, 0x4C, 0xFC, 0xA1, 0x3C,
    0x59, 0x66, 0xE5, 0xEA, 0xF8, 0x18, 0x8A, 0xAD, 0x05, 0xAF, 0x38, 0x80, 0xE0, 0x13, 0x33, 0x5F,
    0x59, 0x15, 0x07, 0x42, 0xC5, 0x37, 0x01, 0x49, 0xB4, 0x51, 0x0F, 0x1A, 0x22, 0x2A, 0x05, 0x7C,
    0x10, 0x5A, 0x8D, 0x8B, 0x88, 0xA6, 0x20, 0xB4, 0xB0, 0x1B, 0x83, 0xD0, 0x18, 0x4A, 0x60, 0x3B,
    0xE6, 0x6B, 0xF3, 0x0E, 0xAA, 0xC9, 0x37, 0xD5, 0x33, 0xB4, 0x53, 0xA0, 0xFE, 0x7E, 0xB0, 0x3E,
    0x40, 0xAA, 0x7D, 0x04, 0x75, 0x7B, 0xA4, 0xE2, 0x70, 0x67, 0x22, 0x39, 0xFA, 0xFC, 0xEA, 0xA6,
    0x24, 0x32, 0xE3, 0xB5, 0x9D, 0x72, 0xFF, 0xBA, 0x1D, 0x32, 0x51, 0xBB, 0x9F, 0x3F, 0x0B, 0x03,
    0x02, 0xBF, 0xC7, 0x9F, 0x3E, 0x57, 0xEF, 0x4D, 0xD4, 0x0E, 0xF7, 0x24, 0x6A, 0xF7, 0x8A, 0x68,
    0xFE, 0x37, 0xC8, 0x0E, 0x58, 0x45, 0x1F, 0x55, 0x6E, 0x45, 0x4E, 0x7D, 0x26, 0x33, 0xA3, 0xDE,
    0x2F, 0x17, 0x42, 0x00, 0x28, 0xE4, 0x96, 0x30, 0x4C, 0xE9, 0xAC, 0xDC, 0x88, 0x9B, 0x0D, 0xD5,
    0xE2, 0x42, 0xDC, 0x70, 0x20, 0xEC, 0x35, 0x4F, 0x27, 0xE3, 0xE6, 0x3E, 0x47, 0x7C, 0x23, 0x1C,
    0x39, 0xF9, 0xCD, 0xEF, 0x38, 0x34, 0xF1, 0xB5, 0x21, 0x0F, 0x76, 0x73, 0xCA, 0x91, 0x7A, 0x8A,
    0x3C, 0x29, 0x4F, 0xA1, 0xA7, 0x60, 0x89, 0xE4, 0xB6, 0xBE, 0x21, 0x37, 0xF6, 0x3B, 0xD4, 0x6F,
    0x24, 0xDF, 0xB7, 0x99, 0xB9, 0x90, 0x94, 0x36, 0xCD, 0xAF, 0x0A, 0xB2, 0x1E, 0x76, 0x68, 0x2C,
    0x51, 0xFC, 0xFB, 0xF3, 0xC5, 0xBB, 0x63, 0x2C, 0x0A, 0x17, 0x8F, 0xAB, 0x0B, 0x78, 0x6A, 0x01,
    0xBF, 0x22, 0x88, 0x85, 0x54, 0xF7, 0xF2, 0xAE, 0x52, 0xDD, 0x05, 0xC3, 0x6E, 0x34, 0x3C, 0x26,
    0x16, 0xA0, 0xF7, 0xFD, 0x0A, 0xFD, 0x86, 0x65, 0xBB, 0xE1, 0xDD, 0xA7, 0xBA, 0xBB, 0xF3, 0xEE,
    0xB6, 0x5B, 0x24, 0xA8, 0x04, 0x43, 0xC1, 0x60, 0x42, 0x7F, 0x9D, 0x9A, 0xAC, 0x40, 0x34, 0xEE,
    0xB2, 0xB4, 0xF5, 0x29, 0x30, 0x40, 0x0D, 0xE7, 0x07, 0x80, 0x86, 0x2D, 0x20, 0xBD, 0xE4, 0x00,
    0xD8, 0x85, 0x61, 0xF7, 0xC6, 0x9D, 0xDC, 0xDC, 0xC1, 0xBE, 0x3A, 0x1B, 0xEE, 0x6E, 0x17, 0x80,
    0x2F, 0x09, 0x6A, 0xC6, 0x8E, 0x31, 0xEC, 0x19, 0x31, 0x13, 0x24, 0x5A, 0xD8, 0x05, 0xE0, 0x8A,
    0x0F, 0xDA, 0xDB, 0x07, 0xF7, 0xEE, 0x02, 0x70, 0x40, 0xDE, 0xCF, 0xAB, 0x0C, 0x76, 0x0E, 0xC3,
    0x47, 0x53, 0xDE, 0x4F, 0xEB, 0x00, 0x76, 0x82, 0x73, 0x8B, 0x79, 0x3F, 0x7E, 0x7D, 0x74, 0x7E,
    0x21, 0x68, 0x46, 0xDD, 0x01, 0x69, 0x86, 0xF9, 0x0A, 0x73, 0xC6, 0x66, 0x14, 0xC9, 0x75, 0x66,
    0x8C, 0xEC, 0x1D, 0xD0, 0x6F, 0xAC, 0xE7, 0x57, 0x75, 0xE4, 0x43, 0x01, 0xE7, 0x69, 0x8D, 0x88,
    0xF7, 0x9F, 0xC0, 0xA9, 0x64, 0x5D, 0xD7, 0x42, 0xCD, 0xFC, 0x16, 0x49, 0xFD, 0x72, 0xE7, 0x6E,
    0xDF, 0x0D, 0x24, 0x03, 0xAA, 0xB2, 0x62, 0xD5, 0x17, 0x63, 0x89, 0xE5, 0x49, 0x5B, 0xBC, 0x3F,
    0x88, 0xC9, 0xAF, 0x90, 0xB3, 0xA5, 0xC6, 0x2F, 0x3C, 0xE5, 0x5F, 0xB3, 0xEA, 0x5E, 0xC6, 0x12,
    0x2E, 0x19, 0x09, 0x2A, 0x5B, 0x54, 0xEF, 0x5D, 0x7E, 0xCD, 0xA6, 0x24, 0xFD, 0x57, 0xFC, 0xF8,
    0xF9, 0xE7, 0xCF, 0x41, 0xBC, 0xB8, 0x8C, 0xD3, 0x90, 0xD5, 0x1E, 0x1B, 0x8C, 0xEA, 0xAA, 0x41,
    0xC8, 0x0B, 0x92, 0x3D, 0xFE, 0xEF, 0x47, 0x18, 0xAA, 0xC6, 0xAB, 0xC4, 0xB2, 0x5E, 0x79, 0x82,
    0xF7, 0x94, 0xBC, 0x9E, 0xB9, 0xE3, 0x9E, 0x61, 0xBB, 0x7A, 0x7E, 0xDD, 0xC8, 0xC6, 0x26, 0x01,
    0xE7, 0x87, 0x60, 0x53, 0xCE, 0x33, 0xC1, 0xE8, 0x83, 0x8E, 0x4A, 0x44, 0x3E, 0x35, 0x7E, 0x8C,
    0x0B, 0xB8, 0xE7, 0xD5, 0x4B, 0xEE, 0xA6, 0x7A, 0x81, 0xEF, 0xDA, 0x8A, 0x01, 0x6B, 0xFB, 0x4C,
    0x38, 0x38, 0xDA, 0x26, 0x08, 0x7C, 0x18, 0x9A, 0x0F, 0x3F, 0x67, 0x90, 0x66, 0x98, 0x20, 0xFA,
    0x4C, 0x1B, 0x63, 0x4A, 0x60, 0xA0, 0x0F, 0x74, 0x55, 0xE6, 0x31, 0xDF, 0xC2, 0x26, 0xF5, 0x6C,
    0x8B, 0xC9, 0xF4, 0x06, 0x2C, 0xF7, 0x02, 0xF0, 0x7B, 0xB3, 0xC5, 0x58, 0x68, 0xB4, 0x9C, 0x5D,
    0x97, 0x62, 0x1F, 0x71, 0x18, 0xD0, 0x6C, 0xB9, 0x3A, 0xF7, 0x3A, 0xEB, 0xFC, 0x90, 0x76, 0xC0,
    0x76, 0x5C, 0x16, 0xA9, 0xDB, 0xE7, 0xC5, 0x52, 0x4E, 0xB9, 0x83, 0x51, 0x8B, 0x94, 0x2E, 0x73,
    0xA0, 0x3C, 0x88, 0x5A, 0xBD, 0x3E, 0x38, 0x20, 0x32, 0x4B, 0x13, 0xCC, 0x45, 0xEF, 0x89, 0xD2,
    0xC6, 0x41, 0x56, 0xA2, 0x5A, 0x0A, 0x8D, 0x2B, 0xC4, 0xE0, 0x4B, 0xDF, 0x64, 0x63, 0x60, 0x24,
    0x46, 0xA5, 0x30, 0x57, 0xED, 0x1A, 0x37, 0xD0, 0x45, 0x07, 0xB7, 0xEC, 0xDC, 0x60, 0x4F, 0x57,
    0xE4, 0x41, 0xE0, 0x95, 0x43, 0x86, 0x45, 0x5B, 0xC5, 0xCA, 0xE0, 0xA0, 0x22, 0xB3, 0x68, 0xA6,
    0xC7, 0x03, 0x0C, 0x6B, 0x48, 0xC7, 0x1D, 0x23, 0xD3, 0xF7, 0xC7, 0x8D, 0x63, 0x8F, 0x75, 0x17,
    0x30, 0x0E, 0x6F, 0x41, 0x54, 0x7A, 0xBF, 0xAE, 0xE0, 0x82, 0x13, 0xF8, 0xCC, 0x92, 0x0B, 0xF4,
    0xE8, 0x12, 0xDC, 0xF3, 0x79, 0x82, 0xBB, 0x77, 0xFB, 0xE5, 0xF3, 0xD3, 0x26, 0xD3, 0x49, 0xD7,
    0x20, 0xE5, 0x38, 0x8C, 0x56, 0x8C, 0xF3, 0x21, 0x83, 0x5D, 0x3C, 0x29, 0x4D, 0xC9, 0x9D, 0x3B,
    0xC5, 0x49, 0xBD, 0x3F, 0xF8, 0xC0, 0xCD, 0xA3, 0x31, 0x5A, 0x8D, 0xA3, 0xA6, 0x58, 0x1C, 0x35,
    0x49, 0xC9, 0x90, 0x4B, 0x60, 0x99, 0x1F, 0x35, 0x99, 0x1F, 0x35, 0x35, 0x8E, 0xC7, 0x9E, 0x37,
    0x9C, 0x13, 0x03, 0x95, 0xC5, 0xA4, 0x99, 0x86, 0x0B, 0xEE, 0xE4, 0x48, 0x50, 0x97, 0x82, 0xF0,
    0xE5, 0xC8, 0x77, 0x18, 0x18, 0x97, 0xFF, 0xCA, 0xCC, 0x21, 0x2E, 0x27, 0xB7, 0xF1, 0xB1, 0xAF,
    0x64, 0x89, 0x0C, 0x63, 0xBE, 0xBB, 0xEA, 0xB6, 0xFB, 0xE0, 0x91, 0xAE, 0x64, 0xCF, 0x8D, 0x2B,
    0x59, 0x9F, 0xDB, 0x33, 0xD9, 0x38, 0x1F, 0x5D, 0x06, 0x59, 0x33, 0xC8, 0xE8, 0xE1, 0xDF, 0xD3,
    0x54, 0x4E, 0xBB, 0xFD, 0x41, 0x92, 0x18, 0x29, 0xC7, 0x9A, 0xA3, 0x5F, 0x1A, 0xFC, 0xFF, 0x4E,
    0x36, 0xFD, 0xFB, 0x87, 0x4E, 0x76, 0x65, 0xFD, 0xC0, 0xD1, 0x9B, 0x36, 0xF8, 0x0F, 0x21, 0xF5,
    0xBA, 0xA3, 0x37, 0x3A, 0x21, 0xD3, 0x47, 0x2F, 0x33, 0x0D, 0x3A, 0x60, 0x2A, 0x3C, 0x65, 0x8F,
    0x7A, 0xDA, 0x10, 0x4A, 0x7A, 0x21, 0xDD, 0x3A, 0x8A, 0x4C, 0x6C, 0xC3, 0x1E, 0xEB, 0xEF, 0xAA,
    0x26, 0x62, 0x35, 0x4F, 0x99, 0x94, 0xEC, 0x62, 0x46, 0xB6, 0x32, 0x8B, 0x14, 0x7B, 0xD2, 0xB9,
    0x50, 0x22, 0x78, 0xEF, 0xF7, 0xC4, 0x58, 0x0C, 0x98, 0x68, 0x0E, 0x08, 0x98, 0x38, 0x82, 0x85,
    0x85, 0xC6, 0x45, 0x99, 0x6B, 0xAF, 0x33, 0xBE, 0xDE, 0x43, 0xC2, 0xAD, 0xA6, 0xA5, 0x22, 0x70,
    0xD0, 0xA6, 0xB9, 0xC1, 0x21, 0x37, 0xCD, 0xDD, 0xFC, 0x5D, 0x36, 0xCD, 0x8D, 0xCA, 0x53, 0x3E,
    0x79, 0xB9, 0xAE, 0xFC, 0x46, 0x97, 0x8F, 0xC8, 0x05, 0xF8, 0xFC, 0x80, 0x4F, 0x38, 0x92, 0xCF,
    0x6F, 0x31, 0x14, 0xED, 0xDD, 0x62, 0xE8, 0xDD, 0x74, 0xDA, 0x62, 0x68, 0x0B, 0x99, 0x48, 0xB1,
    0x77, 0x8B, 0xA1, 0x28, 0xB7, 0x12, 0x00, 0xDD, 0x31, 0xBE, 0xCE, 0x78, 0x7F, 0xEE, 0x63, 0x6A,
    0xBE, 0x20, 0xB5, 0x97, 0xE4, 0x6E, 0xBB, 0x9C, 0xDC, 0x7D, 0x64, 0xB5, 0x1F, 0x37, 0xFA, 0xC6,
    0x8A, 0xA3, 0x06, 0x50, 0x37, 0x4B, 0xE5, 0x28, 0x4E, 0xCB, 0xC0, 0x91, 0x4E, 0x4B, 0x38, 0x5A,
    0x75, 0x94, 0x7B, 0x72, 0xC5, 0x2E, 0x12, 0xDF, 0x3A, 0x03, 0x3F, 0xB9, 0x85, 0x34, 0xE4, 0xCD,
    0xE4, 0x72, 0xB5, 0x10, 0x8A, 0x79, 0x11, 0x19, 0x93, 0x95, 0xCF, 0xC2, 0x86, 0xE9, 0xB4, 0x32,
    0x4C, 0x17, 0x63, 0xC3, 0x9F, 0x75, 0xC5, 0xBF, 0xB9, 0xB4, 0xBE, 0xD7, 0x5A, 0xEA, 0x23, 0x7E,
    0x20, 0xB8, 0x6A, 0xA5, 0x9D, 0xAB, 0xD8, 0x8C, 0x88, 0xAB, 0x66, 0xB5, 0x71, 0x95, 0x33, 0x71,
    0x13, 0xF9, 0x15, 0xD6, 0x1C, 0x7F, 0xFC, 0x6D, 0x1B, 0x8A, 0xBE, 0xE0, 0xAA, 0xF9, 0xDE, 0xE5,
    0x57, 0x33, 0xF9, 0xF9, 0x6D, 0x51, 0x15, 0x5C, 0x45, 0x3D, 0xD6, 0xC8, 0x0B, 0x7C, 0x62, 0x83,
    0x26, 0xBB, 0xF9, 0x9F, 0xB2, 0x0B, 0x56, 0x5E, 0x10, 0x70, 0x4E, 0x4C, 0xF2, 0x4D, 0x9C, 0xF3,
    0x6A, 0x50, 0x75, 0x89, 0x01, 0x11, 0x70, 0xE2, 0xDC, 0x41, 0xFF, 0x23, 0x84, 0xFB, 0xF6, 0xEE,
    0xCF, 0xBC, 0xCF, 0x66, 0xBF, 0x2C, 0x9A, 0x85, 0x1D, 0xA0, 0xEB, 0x3B, 0x97, 0x89, 0x8B, 0x2A,
    0x9F, 0xF4, 0xC3, 0xB7, 0x29, 0x16, 0x87, 0xAF, 0xA8, 0x20, 0x8A, 0x06, 0xF9, 0x2C, 0xCD, 0x93,
    0x72, 0x9E, 0xA1, 0x5F, 0x38, 0xE5, 0x43, 0xB6, 0x8A, 0x77, 0xAA, 0xC7, 0xDE, 0x60, 0x48, 0x6D,
    0xA2, 0x32, 0xF2, 0x36, 0xE3, 0x85, 0x05, 0x72, 0x45, 0x39, 0x24, 0x1A, 0x59, 0x97, 0x51, 0x8F,
    0x07, 0x00, 0x82, 0x7C, 0x7F, 0x31, 0x0B, 0x13, 0xBA, 0x16, 0xF8, 0xDA, 0xE5, 0xCB, 0x57, 0x9A,
    0x8A, 0xBB, 0xBB, 0x7A, 0xFE, 0xF9, 0xF5, 0xA6, 0xE0, 0xF7, 0x04, 0x32, 0x70, 0x7B, 0x4B, 0xB8,
    0x41, 0x89, 0x2C, 0xE7, 0x00, 0x4A, 0xEF, 0xD5, 0x50, 0xB3, 0x75, 0x3B, 0xE5, 0xF1, 0x7A, 0x7F,
    0x41, 0x42, 0x1D, 0xCE, 0x04, 0x33, 0x3C, 0x8D, 0x0C, 0xA3, 0x49, 0xD7, 0xCC, 0xA5, 0x92, 0x4B,
    0xBF, 0x62, 0xB6, 0xB9, 0x2A, 0x63, 0xE5, 0x64, 0xFB, 0x81, 0x5F, 0xF3, 0x2C, 0x39, 0x66, 0x41,
    0xAF, 0x46, 0x39, 0xDB, 0xE5, 0xCC, 0x08, 0x4F, 0xDC, 0xEF, 0xAB, 0x72, 0x1C, 0xF5, 0x51, 0xE5,
    0x35, 0xE8, 0xBA, 0x47, 0xEC, 0x24, 0x2C, 0x5F, 0x80, 0x2F, 0x47, 0x54, 0x4F, 0x04, 0xF5, 0x2A,
    0x93, 0x6C, 0x40, 0xE4, 0x79, 0x53, 0x38, 0xB8, 0xF4, 0x04, 0xC6, 0xF2, 0xFB, 0xA8, 0xB4, 0x41,
    0xA2, 0x4E, 0xC2, 0x36, 0x9B, 0x10, 0xAF, 0xFE, 0x5F, 0x48, 0xF9, 0xBC, 0x94, 0xB6, 0xA0, 0x39,
    0x05, 0x35, 0x26, 0x07, 0xE1, 0xD2, 0x97, 0xC1, 0xE5, 0x5E, 0xEE, 0x57, 0xAD, 0x83, 0x3A, 0x7D,
    0xC5, 0xBA, 0x7F, 0x0F, 0x06, 0x97, 0x20, 0xE5, 0xF0, 0x9B, 0x95, 0xC9, 0xEE, 0x86, 0x22, 0xEF,
    0x5D, 0x31, 0xA7, 0xA0, 0xF1, 0x65, 0xAC, 0xFA, 0xC7, 0xBC, 0x74, 0x6E, 0xEE, 0x55, 0x0E, 0xEA,
    0xC6, 0x50, 0xB8, 0xD4, 0xB2, 0xA9, 0xE3, 0x53, 0xC2, 0x64, 0xBA, 0xC5, 0x30, 0x19, 0xBE, 0xB8,
    0x54, 0xA2, 0x3B, 0xC9, 0x38, 0xC1, 0x2A, 0xD6, 0x9C, 0xB4, 0xDE, 0x87, 0x13, 0x99, 0xDD, 0xED,
    0xF2, 0xC4, 0xCF, 0xD3, 0x8D, 0x46, 0xF4, 0x6C, 0x61, 0xAF, 0xA6, 0x58, 0x84, 0x8F, 0xBF, 0xC1,
    0x26, 0x10, 0x70, 0x7E, 0x6A, 0x81, 0xE2, 0xFD, 0xDE, 0x07, 0xED, 0xFA, 0x50, 0xD2, 0x98, 0x71,
    0xA1, 0x1C, 0xF7, 0x06, 0xDE, 0x05, 0x19, 0x78, 0x00, 0xEE, 0xD5, 0x5E, 0x06, 0xCA, 0x5C, 0x90,
    0x28, 0xEA, 0x7E, 0xC2, 0xB0, 0xFC, 0xEE, 0x17, 0xAA, 0x15, 0x56, 0x59, 0x6B, 0xDE, 0xD4, 0x66,
    0x84, 0x27, 0xC2, 0xFC, 0x5E, 0xB6, 0x87, 0x66, 0xA5, 0xC7, 0xDD, 0x02, 0x0E, 0xCE, 0x3A, 0x18,
    0xEF, 0x84, 0xC3, 0x66, 0x0F, 0x02, 0xC1, 0x1E, 0x38, 0x20, 0x7B, 0x70, 0xDC, 0xAD, 0x3A, 0x5B,
    0xCE, 0x1E, 0x94, 0x89, 0x95, 0x27, 0x55, 0x27, 0x9B, 0x0B, 0x93, 0xE9, 0x01, 0x59, 0x85, 0xFE,
    0xDB, 0x2D, 0x0B, 0x1F, 0x1F, 0x94, 0x55, 0xF8, 0x3B, 0x54, 0x87, 0x88, 0x04, 0xEE, 0x5C, 0x9D,
    0x43, 0x26, 0x43, 0x3A, 0xA9, 0x88, 0x5A, 0x96, 0x3B, 0x5E, 0xB6, 0x0E, 0x9A, 0xB1, 0x7B, 0x12,
    0x86, 0x07, 0xE1, 0xBB, 0xE7, 0x38, 0xEA, 0x33, 0xCE, 0xCE, 0x22, 0x98, 0xBA, 0xE7, 0x48, 0xEA,
    0xB9, 0xCF, 0x6F, 0xDF, 0xBB, 0x4D, 0x5D, 0x1F, 0x0A, 0x6B, 0x64, 0x67, 0xAD, 0x8C, 0xF9, 0x07,
    0x83, 0x12, 0x63, 0x39, 0x92, 0x0D, 0xAC, 0xA4, 0xC5, 0x04, 0xA6, 0xF2, 0x79, 0xEF, 0xF8, 0x2D,
    0x73, 0x68, 0xC5, 0x30, 0x15, 0x5E, 0x8B, 0xE7, 0x15, 0x83, 0x16, 0x23, 0x65, 0x8D, 0x76, 0xBE,
    0x4D, 0x4B, 0x60, 0x11, 0x74, 0x6A, 0xEE, 0x45, 0xDE, 0x8A, 0x4A, 0xEF, 0x40, 0xF6, 0x90, 0xFC,
    0xF5, 0xF2, 0x36, 0x2D, 0xAD, 0x83, 0xD0, 0xCE, 0x41, 0xD5, 0x4B, 0xE1, 0xF5, 0x85, 0x93, 0x15,
    0x31, 0x9D, 0x37, 0x0E, 0xA6, 0xB9, 0x45, 0x40, 0xE6, 0x96, 0xE3, 0x6B, 0x12, 0x99, 0x55, 0xB7,
    0x17, 0x67, 0xD5, 0x63, 0x6E, 0x1C, 0xC9, 0x0C, 0x96, 0x7B, 0x53, 0xD9, 0x9E, 0xD5, 0x55, 0xBE,
    0xC7, 0xF9, 0x1C, 0x0F, 0x07, 0xC7, 0xD3, 0x42, 0xC1, 0xB9, 0xE7, 0x81, 0xC8, 0x0E, 0x7C, 0x2D,
    0x2D, 0x90, 0x9C, 0x65, 0xCB, 0xAF, 0x2E, 0x81, 0x93, 0x27, 0x8E, 0xB1, 0x99, 0xC2, 0xFA, 0x34,
    0xC6, 0xCB, 0x82, 0x12, 0x0C, 0x58, 0x63, 0x5E, 0x2C, 0xC7, 0xBB, 0x97, 0x3A, 0x4E, 0x71, 0x65,
    0x0B, 0x6D, 0x04, 0xF6, 0x8E, 0xAC, 0xA3, 0xDE, 0x5B, 0x71, 0x41, 0x9B, 0xBD, 0xBE, 0xA0, 0xCD,
    0x3E, 0xFC, 0x99, 0x52, 0x27, 0x52, 0x27, 0x51, 0xED, 0x7B, 0x22, 0xAC, 0x47, 0x3B, 0x28, 0xCB,
    0xC1, 0x51, 0xFE, 0x07, 0xC9, 0xCA, 0xCC, 0xA7, 0x2D, 0x40, 0x4F, 0xBF, 0xEB, 0x25, 0xF0, 0xE2,
    0xCB, 0xE9, 0x38, 0x67, 0x1A, 0xB4, 0x61, 0xDA, 0x62, 0x62, 0xCD, 0x11, 0x7B, 0xCB, 0x17, 0x70,
    0x1B, 0xF3, 0x71, 0x60, 0xAA, 0xA5, 0x81, 0xB9, 0xAC, 0x00, 0xDE, 0xF3, 0xED, 0x1A, 0xEF, 0x45,
    0x9E, 0x0A, 0x70, 0x6D, 0x37, 0x55, 0xE7, 0x0F, 0xAD, 0xBF, 0x0D, 0x93, 0xF2, 0x33, 0xE6, 0xAF,
    0x58, 0x00, 0x0B, 0xF2, 0x4F, 0x8D, 0xCF, 0xE6, 0x4B, 0x71, 0x8F, 0x43, 0x8D, 0xCA, 0x29, 0xD4,
    0x68, 0x98, 0x9C, 0xC5, 0x02, 0xAB, 0x4E, 0x1E, 0xEA, 0xA7, 0xF8, 0xA1, 0xE6, 0x88, 0xA3, 0x8C,
    0xC4, 0x88, 0xB8, 0x04, 0xC1, 0xCD, 0x72, 0x9E, 0x3E, 0xBA, 0x75, 0xB8, 0x4A, 0xC7, 0x44, 0x64,
    0x04, 0x0E, 0x5D, 0xE9, 0xFE, 0xE0, 0x6A, 0x9D, 0x58, 0x1F, 0xBE, 0x05, 0x4D, 0x62, 0xBB, 0xEF,
    0xEF, 0x6A, 0x63, 0xDA, 0xFF, 0x06, 0xD5, 0xD7, 0x47, 0x90, 0x23, 0x47, 0x7A, 0x36, 0xE0, 0xA7,
    0x90, 0x68, 0x62, 0xB9, 0xF8, 0x97, 0xD9, 0xBF, 0x62, 0xBD, 0xC3, 0x45, 0xDE, 0x41, 0xDE, 0x36,
    0xA7, 0x2A, 0xC8, 0x93, 0x7C, 0xCB, 0x1F, 0x67, 0x8F, 0xD2, 0x89, 0xBA, 0x47, 0x93, 0xA8, 0x93,
    0xBC, 0xE9, 0x8B, 0xBC, 0xBD, 0xCA, 0x7B, 0xAF, 0x21, 0x52, 0xDE, 0x4B, 0x25, 0x7B, 0x5D, 0xC8,
    0x7B, 0x29, 0x25, 0x82, 0x12, 0xC4, 0x01, 0x90, 0x9A, 0xAA, 0x40, 0x0C, 0xE4, 0xED, 0xA0, 0xA7,
    0x17, 0x81, 0xEF, 0x2D, 0x78, 0xD4, 0xF7, 0x54, 0x55, 0x66, 0x24, 0x77, 0xC0, 0x02, 0x94, 0x06,
    0x4A, 0x42, 0xF5, 0xCE, 0x84, 0xF0, 0xCB, 0x2B, 0x84, 0x9F, 0xCE, 0x98, 0x3E, 0xBB, 0x46, 0x1C,
    0x6D, 0x30, 0xB3, 0xC5, 0xD3, 0x76, 0xB8, 0xB0, 0xC0, 0x0B, 0xDF, 0xB6, 0x44, 0x29, 0xA5, 0x25,
    0x9B, 0x25, 0xA3, 0x4E, 0x4C, 0x42, 0x32, 0x5D, 0x99, 0x24, 0x93, 0x2C, 0xB6, 0xC2, 0xDA, 0x73,
    0xBF, 0x6D, 0xB6, 0x53, 0xB6, 0x96, 0x25, 0x01, 0x8C, 0x41, 0x0D, 0x96, 0x60, 0x01, 0xC6, 0x18,
    0x95, 0x95, 0x78, 0x7F, 0x67, 0x96, 0x6A, 0xB3, 0xA6, 0x36, 0x31, 0x6F, 0x1C, 0x6A, 0x54, 0x4A,
    0x33, 0xFB, 0xC3, 0x79, 0x53, 0x9B, 0x37, 0x2F, 0x3E, 0xA8, 0x7B, 0xEA, 0xA1, 0x16, 0x4A, 0x53,
    0xFF, 0xCD, 0xAF, 0x77, 0xB1, 0xC4, 0xEC, 0x12, 0x63, 0xD4, 0x0D, 0x75, 0x3B, 0x6C, 0x9D, 0xC1,
    0xB2, 0x41, 0x28, 0x1D, 0x46, 0xCF, 0x64, 0x08, 0x2B, 0xA8, 0x13, 0x5C, 0x38, 0x26, 0x3C, 0x66,
    0xA9, 0x65, 0xE2, 0x7E, 0xA6, 0xCD, 0x8C, 0x32, 0xB3, 0x8E, 0xB7, 0xE3, 0x35, 0x78, 0x54, 0x4A,
    0x54, 0xDF, 0x02, 0xA1, 0xC3, 0x9D, 0xD8, 0xA0, 0x7C, 0x23, 0xC2, 0xFD, 0x0E, 0xD3, 0x94, 0xF1,
    0xA4, 0x77, 0xBF, 0x25, 0x22, 0x6C, 0x06, 0x8A, 0xF9, 0x17, 0x24, 0x8B, 0xDF, 0xE5, 0x95, 0x2C,
    0x74, 0x57, 0x2A, 0xE3, 0x47, 0x26, 0xF2, 0x44, 0x0B, 0x21, 0x83, 0xF5, 0x1D, 0x78, 0xFF, 0xD2,
    0xDE, 0x56, 0x91, 0x9F, 0xC0, 0x1D, 0xC4, 0x4F, 0x58, 0x19, 0xDD, 0x5D, 0x73, 0xE7, 0x27, 0x58,
    0xCF, 0x68, 0x2A, 0x60, 0xB9, 0x11, 0xF6, 0xA5, 0x99, 0xE4, 0x98, 0x26, 0x5D, 0x4C, 0x55, 0x9A,
    0x76, 0x1C, 0x6A, 0x59, 0xBA, 0xC9, 0x3F, 0x4E, 0xBB, 0x98, 0xA6, 0xDD, 0xBC, 0x7D, 0x50, 0x4D,
    0x1C, 0xEA, 0x81, 0x5E, 0x17, 0xEF, 0xBF, 0xB4, 0x0E, 0xE5, 0xA7, 0xB7, 0x5E, 0x0B, 0x96, 0xE0,
    0xAB, 0x13, 0x84, 0x84, 0x3B, 0x33, 0x28, 0x5F, 0x73, 0x5B, 0x5D, 0x80, 0x3A, 0xF1, 0xFF, 0x57,
    0x54, 0x9D, 0xF9, 0x57, 0x34, 0x16, 0xBF, 0x73, 0x92, 0x33, 0x46, 0x75, 0xFD, 0x46, 0x4C, 0xF7,
    0x57, 0x88, 0x8B, 0x35, 0xFE, 0xDF, 0xE8, 0xFA, 0x28, 0x70, 0x7B, 0xCF, 0x1E, 0x9B, 0xA7, 0x84,
    0x72, 0xCF, 0xE4, 0x13, 0xB6, 0xCE, 0x5C, 0x32, 0x6F, 0x59, 0x74, 0xA7, 0x51, 0xF2, 0x3A, 0xB0,
    0x6C, 0x50, 0x95, 0x84, 0xF0, 0x07, 0x2B, 0xC4, 0x66, 0x8D, 0xB1, 0xD7, 0x02, 0xDC, 0xFE, 0xF9,
    0xC9, 0x19, 0xEA, 0xC4, 0x72, 0xA5, 0x7A, 0x79, 0x2D, 0xA4, 0x8B, 0x83, 0xD5, 0x29, 0xE7, 0xAE,
    0xD1, 0x35, 0x4C, 0x3A, 0x88, 0x30, 0x7E, 0xFF, 0x73, 0x44, 0x3F, 0x80, 0xC9, 0xFD, 0xFC, 0x70,
    0x66, 0xF3, 0xB9, 0x6E, 0x8B, 0xE5, 0x9A, 0x90, 0x99, 0x24, 0xA3, 0x8F, 0x7F, 0xD5, 0xE0, 0x34,
    0x2A, 0x1B, 0x4A, 0xE6, 0xCC, 0xA3, 0xF3, 0x1A, 0xFD, 0x8B, 0x41, 0xFB, 0x5D, 0xC2, 0xA6, 0xCA,
    0x1C, 0x7E, 0xE9, 0xB4, 0x36, 0xDE, 0xDD, 0xB1, 0xBF, 0xD0, 0xC2, 0xAC, 0xC1, 0xF8, 0xE2, 0x96,
    0x0B, 0xF9, 0x40, 0xD4, 0x89, 0xAA, 0x63, 0x9A, 0x8C, 0x3E, 0xF9, 0x84, 0x4A, 0xD5, 0xF5, 0x5B,
    0x8F, 0x63, 0xF8, 0x73, 0xC7, 0x31, 0x7C, 0xEC, 0xB6, 0x2B, 0x6D, 0x5E, 0x2D, 0x94, 0xBF, 0x36,
    0xF9, 0x92, 0xAD, 0x91, 0x4B, 0xA3, 0xE6, 0x84, 0x4A, 0x4F, 0xF9, 0x20, 0x44, 0x19, 0x93, 0x92,
    0x31, 0x2A, 0x09, 0x5E, 0xEB, 0x5D, 0x67, 0xF4, 0x0E, 0xCD, 0x5B, 0xFF, 0x1D, 0xA1, 0xD3, 0x8D,
    0xDC, 0xA5, 0x94, 0xED, 0x73, 0x0F, 0x6A, 0x92, 0x5D, 0x85, 0xEC, 0xE2, 0x50, 0xE3, 0x90, 0x79,
    0x58, 0xA5, 0xB4, 0x0F, 0x2A, 0x85, 0xCC, 0xBF, 0x53, 0xB1, 0xAF, 0x49, 0x36, 0xBB, 0xFB, 0xCA,
    0xB7, 0x95, 0xFE, 0x06, 0xAA, 0x46, 0x6F, 0x21, 0x66, 0xC3, 0xB6, 0x6A, 0x58, 0xAE, 0x84, 0xB2,
    0x13, 0x53, 0xBF, 0xA7, 0xB3, 0xB6, 0x16, 0x53, 0x5F, 0x8B, 0xCF, 0xBC, 0x9B, 0x16, 0xA5, 0xA4,
    0xE5, 0xB7, 0x7D, 0x5B, 0xFB, 0x02, 0x16, 0xA8, 0x51, 0x37, 0xC4, 0x34, 0x69, 0x27, 0xA5, 0xA8,
    0xCA, 0x96, 0xB3, 0x86, 0x31, 0xE6, 0x87, 0x1E, 0xFA, 0xED, 0x19, 0xA6, 0x6B, 0xEA, 0x3D, 0xEF,
    0x3E, 0x47, 0xCD, 0x68, 0x4B, 0x48, 0x86, 0x72, 0xA2, 0x1E, 0x17, 0x1D, 0x25, 0xD3, 0xAE, 0xA9,
    0x32, 0xB1, 0x23, 0xE2, 0x29, 0xF0, 0x68, 0x7A, 0x7D, 0x13, 0x4A, 0x5A, 0x8D, 0xFE, 0xA6, 0x74,
    0x21, 0x95, 0x96, 0xF1, 0xE9, 0xFA, 0xB9, 0x66, 0xB2, 0x9F, 0x88, 0xCB, 0xE2, 0x35, 0xD3, 0x1D,
    0x2E, 0x1F, 0x5D, 0x1F, 0xBC, 0x19, 0x4F, 0x0B, 0xAB, 0xB5, 0xF8, 0x72, 0xA7, 0xBE, 0xC7, 0x4F,
    0x44, 0xAE, 0x47, 0xCD, 0xC9, 0xFA, 0x61, 0x4D, 0x38, 0xAC, 0xC6, 0x7E, 0x89, 0xBF, 0xCF, 0x42,
    0xBA, 0x52, 0x19, 0x3F, 0xB2, 0xBE, 0x3E, 0x07, 0x35, 0xE2, 0xB3, 0x2B, 0xA3, 0x5F, 0x5F, 0xBB,
    0x89, 0xBE, 0x1E, 0xAE, 0xA9, 0xA6, 0xFD, 0x9A, 0x2A, 0xF3, 0xF4, 0x4F, 0x90, 0x8F, 0x6B, 0x2A,
    0xF3, 0x0D, 0xA5, 0x34, 0x21, 0xF7, 0x2B, 0xA7, 0xC9, 0x2A, 0xA6, 0x90, 0xFB, 0x9A, 0xFD, 0xCE,
    0x67, 0xE7, 0x59, 0x29, 0x79, 0xFE, 0xE7, 0xDF, 0xF6, 0x2D, 0xB3, 0x96, 0x59, 0x22, 0xF6, 0xD5,
    0x11, 0x72, 0xB5, 0xAA, 0x4A, 0x49, 0x16, 0x85, 0xEA, 0x12, 0xD3, 0xCC, 0x93, 0x57, 0xB8, 0x10,
    0x7E, 0x2F, 0x8B, 0x2F, 0xB7, 0x37, 0xD1, 0x1B, 0x50, 0x27, 0xDE, 0xAD, 0x63, 0x74, 0x58, 0x17,
    0xFD, 0xEC, 0x49, 0x8E, 0x9D, 0x37, 0x55, 0xAD, 0xE5, 0x9F, 0x24, 0xFF, 0x50, 0x1A, 0xE9, 0x7D,
    0x08, 0x2B, 0xE2, 0xCD, 0x1C, 0x43, 0xEB, 0x61, 0x65, 0x63, 0x7A, 0xF7, 0x9F, 0xAF, 0x6C, 0xD2,
    0x69, 0xFA, 0xAC, 0x2E, 0x99, 0x66, 0x66, 0x5B, 0xEE, 0xDC, 0x61, 0x1D, 0x1B, 0x4D, 0xD5, 0x70,
    0xC3, 0x63, 0xFF, 0xEB, 0x50, 0x27, 0xCA, 0x4A, 0xF5, 0xB7, 0xC7, 0x3E, 0x71, 0xB2, 0x79, 0x61,
    0xBA, 0x56, 0xEF, 0xBC, 0xFB, 0x9C, 0xDA, 0x68, 0x2B, 0xA4, 0xFE, 0x8E, 0x52, 0xDA, 0xE7, 0xF6,
    0xCD, 0x24, 0x0B, 0xFF, 0x93, 0xFB, 0x24, 0xBB, 0xBB, 0x53, 0x4A, 0x9A, 0x6E, 0xCD, 0x96, 0x5E,
    0x15, 0x99, 0x1B, 0x6D, 0x55, 0x9D, 0x2A, 0x41, 0x9D, 0xD5, 0x6B, 0xE1, 0xBF, 0x71, 0x7F, 0xCB,
    0xAE, 0x59, 0x94, 0xF4, 0x7F, 0xDC, 0x0D, 0x68, 0x0C, 0xAF, 0xF4, 0xA9, 0x81, 0x90, 0x0F, 0x7F,
    0xE1, 0x1A, 0xFF, 0x9B, 0xBD, 0x82, 0xC6, 0xE1, 0x77, 0x32, 0x0D, 0x60, 0x56, 0x56, 0x94, 0x6F,
    0xDF, 0x09, 0x1B, 0x75, 0x13, 0x57, 0x62, 0x8A, 0xC9, 0x24, 0xD7, 0xAD, 0x90, 0xEB, 0x46, 0xD8,
    0x0C, 0x13, 0xEF, 0x82, 0xEA, 0xDF, 0x8D, 0xE1, 0xDD, 0xE1, 0x73, 0xFD, 0x37, 0xD6, 0xB3, 0xFE,
    0xBB, 0xB1, 0x13, 0xBB, 0xB0, 0x56, 0xB7, 0xCA, 0x57, 0xED, 0x99, 0x97, 0x8C, 0xCF, 0x80, 0x73,
    0xD8, 0xC1, 0xFE, 0xE1, 0xA3, 0xD7, 0x62, 0xB9, 0x16, 0x4A, 0x11, 0xD3, 0x2C, 0xCD, 0x9B, 0x69,
    0x57, 0x0B, 0xB9, 0xAF, 0x17, 0x84, 0xFC, 0xA2, 0xB0, 0xEE, 0xAB, 0x7F, 0xBC, 0x38, 0xBC, 0x5E,
    0xEB, 0x87, 0xC0, 0x98, 0x26, 0x2F, 0x2F, 0x9A, 0xE3, 0x25, 0x81, 0x98, 0x8E, 0x63, 0x60, 0x85,
    0x6A, 0x8F, 0x50, 0x12, 0x21, 0x24, 0x4C, 0x12, 0x16, 0x2D, 0xAE, 0xE0, 0xA3, 0x3C, 0x16, 0x86,
    0x7A, 0x45, 0xD9, 0x70, 0x79, 0x85, 0x2D, 0x31, 0x13, 0x31, 0x85, 0x47, 0xA4, 0xC1, 0xE8, 0xFA,
    0x00, 0x72, 0x6F, 0x46, 0x55, 0x3E, 0x8A, 0xF0, 0x37, 0x89, 0xF8, 0xCC, 0x8A, 0x37, 0x7A, 0xC7,
    0x63, 0xE9, 0x9C, 0x9F, 0xA0, 0x5A, 0x9B, 0xFD, 0x74, 0xA7, 0xFE, 0x7D, 0x76, 0x6B, 0x61, 0xF5,
    0xB4, 0xCA, 0xD9, 0x23, 0xEB, 0xFC, 0xD5, 0x2D, 0x26, 0x1D, 0xAA, 0x7C, 0x0F, 0x1F, 0x5E, 0x3C,
    0xEC, 0x3C, 0x3F, 0xB6, 0xCE, 0x9F, 0xC7, 0x1C, 0xD3, 0x2F, 0xC8, 0xAA, 0xAF, 0xD8, 0x50, 0x3F,
    0xCF, 0xE6, 0x38, 0x68, 0x9B, 0xEF, 0x18, 0x06, 0xE4, 0x49, 0x9E, 0x76, 0xA3, 0x75, 0x4C, 0xB6,
    0x7D, 0xCD, 0x5A, 0xDB, 0x79, 0x6B, 0xD7, 0x57, 0xFF, 0x78, 0x36, 0xBC, 0xDE, 0x57, 0xB5, 0x09,
    0x39, 0xE4, 0x6A, 0x77, 0xB7, 0x3B, 0x4E, 0xF0, 0xF6, 0xF0, 0xCD, 0x0D, 0xA6, 0x0D, 0xF7, 0xEE,
    0x50, 0x95, 0x77, 0xBF, 0x1D, 0x07, 0x1E, 0xF3, 0x8E, 0xF3, 0x8C, 0x6C, 0xF6, 0xCB, 0xAD, 0xFA,
    0xF7, 0x4E, 0x72, 0x02, 0x18, 0xB5, 0xEF, 0x4E, 0xDC, 0xFD, 0x00, 0x1F, 0xB8, 0xCC, 0xBC, 0xF7,
    0x13, 0x2D, 0xEE, 0xA1, 0x2A, 0x6E, 0x83, 0xC5, 0x8F, 0x4C, 0x84, 0xF2, 0x37, 0xC2, 0x2F, 0x0F,
    0xAB, 0x67, 0x66, 0x89, 0x7A, 0x75, 0x12, 0x8B, 0x03, 0x7E, 0x41, 0x28, 0x0D, 0x93, 0x9F, 0x4F,
    0xC4, 0x2A, 0x33, 0x76, 0x7E, 0xBB, 0xA6, 0x80, 0xB3, 0x86, 0x79, 0xC7, 0x22, 0xB3, 0xD9, 0x08,
    0xDD, 0x51, 0xE2, 0x64, 0xD3, 0x83, 0xEA, 0x12, 0xE2, 0x0A, 0x66, 0x2D, 0xDC, 0x01, 0x3F, 0x02,
    0x2E, 0x8D, 0x1A, 0x88, 0x5D, 0x8F, 0x14, 0x57, 0xBD, 0x52, 0xE8, 0x7A, 0xA6, 0x67, 0x53, 0xEF,
    0xF4, 0x4E, 0x3D, 0xD4, 0xC6, 0x20, 0x65, 0x20, 0x30, 0x68, 0x58, 0x50, 0xFD, 0xC7, 0x39, 0x7C,
    0xE6, 0xF0, 0xF9, 0xC1, 0xCC, 0x80, 0x66, 0x50, 0x33, 0xB0, 0x19, 0xDC, 0x0E, 0x70, 0x07, 0x39,
    0xAF, 0x83, 0x3D, 0x6C, 0x11, 0x32, 0xA6, 0x6D, 0xC5, 0x99, 0x59, 0xA2, 0x8F, 0xE5, 0x7A, 0x9A,
    0x42, 0x29, 0x93, 0x14, 0xD3, 0xEC, 0xD7, 0x3D, 0xB0, 0xDA, 0xE8, 0x41, 0x86, 0xD0, 0x13, 0xE9,
    0xAD, 0x86, 0x18, 0x9E, 0x5A, 0x3C, 0x7C, 0xB7, 0x47, 0xD3, 0xAB, 0xE9, 0xD9, 0xF4, 0x6E, 0x03,
    0xDC, 0x21, 0xC4, 0x04, 0x21, 0x83, 0x35, 0xB8, 0x00, 0xE3, 0x5B, 0xA5, 0x54, 0x5D, 0xA2, 0xDA,
    0xC2, 0x3D, 0x98, 0xC3, 0x24, 0x55, 0x68, 0x4E, 0xAA, 0x54, 0xED, 0x21, 0x94, 0x84, 0x10, 0x12,
    0x4C, 0x12, 0x2C, 0x5A, 0xB8, 0x02, 0x1F, 0x75, 0xAB, 0xAC, 0xD4, 0x2B, 0x94, 0x0D, 0x2E, 0xAF,
    0x60, 0x8B, 0x98, 0x11, 0x55, 0x4C, 0x9D, 0x14, 0xEC, 0x89, 0x06, 0xEA, 0xF5, 0x05, 0x5E, 0x28,
    0x1B, 0x7C, 0x4F, 0x9D, 0xA1, 0x6A, 0x6E, 0x15, 0xD2, 0x3B, 0x10, 0x4A, 0x68, 0x4D, 0x97, 0x85,
    0x38, 0xD9, 0x57, 0xB8, 0x3C, 0x29, 0x0D, 0x6E, 0x15, 0x81, 0x73, 0xB0, 0x03, 0xFB, 0xE3, 0x63,
    0xAF, 0x05, 0x2A, 0x38, 0xED, 0xD5, 0x05, 0xF1, 0xF0, 0x0F, 0x87, 0x47, 0x15, 0x96, 0x25, 0xD5,
    0xC3, 0x82, 0xEB, 0x2D, 0xFB, 0x26, 0xAC, 0x55, 0x59, 0xC8, 0x3C, 0x92, 0x5C, 0x1F, 0xB2, 0x5A,
    0xF5, 0x66, 0xA1, 0xA3, 0x98, 0x26, 0x16, 0xAF, 0x14, 0xC4, 0xB2, 0x81, 0xD7, 0x81, 0x31, 0xA8,
    0xC1, 0xE2, 0xF8, 0xD8, 0x18, 0x8B, 0x3C, 0xDD, 0xF5, 0xB1, 0x17, 0xB2, 0x21, 0x5E, 0xFC, 0x6F,
    0xC6, 0xE1, 0x1B, 0xA3, 0x6D, 0xD8, 0x53, 0xCA, 0xE2, 0x5A, 0xBD, 0xAB, 0xB3, 0xAA, 0x81, 0x73,
    0x54, 0x5B, 0x8C, 0xB6, 0x87, 0x47, 0x9C, 0xC3, 0xBC, 0x85, 0x92, 0x21, 0x6D, 0xC0, 0xFA, 0x38,
    0xC9, 0x45, 0xC7, 0x74, 0x5B, 0xFC, 0xC2, 0x1E, 0xB1, 0xB4, 0x8C, 0xA7, 0x09, 0xB1, 0xC5, 0x1E,
    0xF2, 0xC3, 0x38, 0x9D, 0xA4, 0xCF, 0x80, 0xB0, 0x81, 0xC9, 0x0A, 0x62, 0x0B, 0x1F, 0x08, 0x5E,
    0xCB, 0x35, 0x84, 0x75, 0x4F, 0xF5, 0xD2, 0xA6, 0xA7, 0xCA, 0xEB, 0x81, 0x2A, 0x87, 0xCC, 0x4B,
    0x5D, 0x9F, 0xE5, 0xA6, 0xA8, 0x9C, 0x35, 0x30, 0x4B, 0x50, 0x83, 0x2B, 0x90, 0x8D, 0xD1, 0x58,
    0x80, 0xC5, 0x80, 0x35, 0x1F, 0xB4, 0x66, 0x43, 0xF3, 0x17, 0x7D, 0x2E, 0xF3, 0x40, 0xE2, 0xBF,
    0x9B, 0xFB, 0x43, 0x1E, 0xE4, 0x06, 0x3A, 0x83, 0x9D, 0x03, 0x5E, 0x75, 0x09, 0x21, 0x43, 0xB5,
    0x05, 0xCF, 0x83, 0x08, 0xAA, 0xDB, 0xA5, 0x37, 0x84, 0xDA, 0x91, 0x70, 0x92, 0x8E, 0x7A, 0xCE,
    0x6F, 0x56, 0xEF, 0xBF, 0x7F, 0xB1, 0xDE, 0x26, 0xC3, 0xB0, 0x77, 0xB8, 0x5A, 0x0F, 0x97, 0x2B,
    0xB1, 0x85, 0xFD, 0x51, 0x52, 0xBE, 0x71, 0xC9, 0x6B, 0x98, 0xEE, 0xA6, 0x88, 0xCB, 0x82, 0xB7,
    0x4E, 0xB7, 0xE0, 0xF2, 0x56, 0xE9, 0x9D, 0x81, 0xC5, 0xEA, 0xF3, 0x70, 0xBF, 0x64, 0x74, 0x8B,
    0x6E, 0x8C, 0xB3, 0x1B, 0x17, 0xE3, 0x04, 0x32, 0x27, 0x9A, 0x44, 0x8F, 0xDB, 0x9B, 0x56, 0x3A,
    0x3F, 0x8E, 0x6C, 0xA3, 0xED, 0xF1, 0xB1, 0x73, 0x38, 0x6B, 0x10, 0x57, 0x08, 0x19, 0xB6, 0xF0,
    0x01, 0x70, 0x06, 0xA8, 0x4B, 0x2A, 0xBB, 0xF9, 0xBE, 0x79, 0x6E, 0x13, 0x36, 0x26, 0xDD, 0x68,
    0x6B, 0x92, 0xEC, 0x45, 0x16, 0xDE, 0x4E, 0xDD, 0x5E, 0x10, 0xD3, 0x0F, 0x30, 0xCD, 0x99, 0xF0,
    0x77, 0x1D, 0xD5, 0xFD, 0x84, 0x02, 0x8B, 0xFF, 0x34, 0x96, 0x78, 0xA2, 0x5C, 0x33, 0x2B, 0x5B,
    0x3E, 0x03, 0x96, 0x30, 0x6F, 0x18, 0x90, 0x8D, 0x56, 0x70, 0x0E, 0x28, 0xDB, 0x49, 0x69, 0x96,
    0x7D, 0xC4, 0x95, 0xAD, 0xD8, 0x59, 0x0B, 0x59, 0x6F, 0x56, 0x65, 0xD5, 0x26, 0x74, 0x6C, 0x43,
    0xE2, 0xDE, 0xA4, 0xA5, 0x8E, 0x0E, 0x31, 0xFB, 0x26, 0xC4, 0x2D, 0x26, 0x5B, 0x84, 0x35, 0x46,
    0xF9, 0x10, 0x42, 0x87, 0x69, 0x42, 0x6C, 0xB0, 0xC0, 0x5B, 0xB6, 0xA8, 0x57, 0x37, 0xDA, 0x3E,
    0x30, 0x3E, 0xBE, 0xFB, 0xF0, 0xD1, 0x6B, 0x4F, 0xD7, 0xF9, 0x39, 0xD3, 0x9F, 0xDC, 0x10, 0x9F,
    0xD9, 0xB2, 0xA8, 0xB6, 0x7D, 0xE7, 0x97, 0x43, 0xE7, 0x58, 0x22, 0x94, 0x8E, 0xD1, 0xB3, 0x2B,
    0x84, 0xC1, 0x23, 0xE1, 0xC2, 0x21, 0xDC, 0xA8, 0x50, 0xDC, 0x60, 0xBE, 0xC4, 0x6B, 0x67, 0x50,
    0x63, 0xB4, 0xC5, 0x28, 0xA1, 0x4A, 0x8F, 0xEF, 0x2C, 0x51, 0x5D, 0x23, 0x6E, 0x23, 0xB3, 0xB2,
    0xE3, 0x22, 0x6E, 0xE1, 0xF2, 0xA6, 0x85, 0x9E, 0x84, 0x65, 0xF7, 0x3D, 0xC3, 0xD0, 0xAC, 0x4A,
    0xCB, 0x84, 0xB3, 0xC7, 0xE7, 0xF2, 0x4F, 0x9D, 0x97, 0x01, 0x84, 0x25, 0x57, 0xD6, 0xC7, 0x7F,
    0x55, 0x77, 0xE6, 0xAB, 0x98, 0x92, 0xDC, 0xC1, 0x84, 0xF9, 0x24, 0xE9, 0x82, 0x20, 0x56, 0x4F,
    0xD7, 0x62, 0x76, 0x77, 0x50, 0xAF, 0x6F, 0x6D, 0x02, 0x08, 0x12, 0x24, 0x0B, 0x60, 0x01, 0xD8,
    0x65, 0x06, 0x83, 0xC6, 0x6B, 0x55, 0x36, 0x08, 0x88, 0x0D, 0x00, 0x60, 0x00, 0xD1, 0x8B, 0x04,
    0x83, 0xB6, 0x7A, 0x52, 0x37, 0x33, 0x08, 0x82, 0xD4, 0x0A, 0x82, 0x5D, 0xD4, 0x66, 0x09, 0x6B,
    0xE1, 0x6E, 0xB6, 0x96, 0x67, 0xB7, 0x5E, 0x9D, 0xBD, 0xF5, 0xAE, 0xF7, 0x52, 0xB3, 0xDB, 0xBB,
    0xE9, 0xCE, 0xFF, 0x9C, 0x73, 0xEA, 0xBC, 0x73, 0xCE, 0x3D, 0xB7, 0xFF, 0x57, 0x5D, 0xAF, 0xDF,
    0x9B, 0xEE, 0x3C, 0x3C, 0x80, 0xDB, 0x2F, 0xBE, 0x74, 0x3F, 0x69, 0x93, 0x36, 0xEB, 0x7F, 0xF2,
    0x07, 0x65, 0xBF, 0x4B, 0xE2, 0x1A, 0x62, 0x8B, 0xAB, 0x06, 0x19, 0x9C, 0xFB, 0xC6, 0x3A, 0xBE,
    0x4B, 0x1E, 0x00, 0xAA, 0xD6, 0x98, 0xB5, 0x11, 0xAD, 0xD5, 0xAF, 0xD1, 0xDF, 0x29, 0xD7, 0x80,
    0x4A, 0x4A, 0xAF, 0xC0, 0x3C, 0x3E, 0x39, 0x39, 0x79, 0x20, 0x22, 0x0E, 0xC0, 0x88, 0x8C, 0xDE,
    0x24, 0xC4, 0x1B, 0xF4, 0xDB, 0x27, 0xC0, 0xFF, 0xCA, 0x83, 0x7B, 0xF8, 0x7D, 0xE5, 0xF9, 0xB7,
    0xDF, 0x2E, 0xFD, 0x3C, 0xFB, 0x83, 0x93, 0x93, 0x1A, 0x60, 0x8A, 0x27, 0xE3, 0xFD, 0xA4, 0x7D,
    0x89, 0x82, 0x25, 0x55, 0x59, 0x59, 0x53, 0x5F, 0x45, 0xD7, 0x79, 0x97, 0xB9, 0xD4, 0xC5, 0xAD,
    0xB2, 0xBA, 0x5C, 0x70, 0x7D, 0xCA, 0xB4, 0xF9, 0x94, 0xE9, 0x94, 0x4D, 0x37, 0x99, 0x0C, 0x63,
    0x2B, 0x5B, 0x51, 0x78, 0xD1, 0xA8, 0x16, 0x78, 0xFF, 0xD9, 0xA4, 0x3D, 0x7B, 0x29, 0x6E, 0x0B,
    0x65, 0x97, 0x89, 0xAD, 0x5E, 0x77, 0xD5, 0x67, 0x83, 0x79, 0x67, 0x75, 0x95, 0x37, 0x75, 0xBD,
    0xCA, 0xFF, 0xB4, 0xCE, 0xBE, 0x19, 0x53, 0xF7, 0x71, 0xDC, 0x2E, 0x94, 0x2D, 0x74, 0xE9, 0x16,
    0x89, 0xBD, 0x0E, 0xBA, 0xEE, 0xF3, 0x2F, 0xD6, 0xF9, 0x54, 0x1A, 0xE3, 0x6E, 0x2A, 0xA5, 0x65,
    0x3F, 0x95, 0x22, 0xB2, 0xD8, 0x99, 0x4F, 0x57, 0xD5, 0x67, 0xAB, 0x2A, 0xED, 0x8A, 0xA4, 0xF6,
    0x63, 0x35, 0x4E, 0xB5, 0x0B, 0x02, 0x86, 0x8D, 0x9E, 0xC1, 0x29, 0x1C, 0xC1, 0x7D, 0xC6, 0xDF,
    0x0E, 0x22, 0xC3, 0xFB, 0x47, 0x37, 0x19, 0x38, 0x47, 0x4F, 0x77, 0x9D, 0x1B, 0xBD, 0x0D, 0x3F,
    0xDC, 0xEA, 0xF5, 0xA7, 0x07, 0x1E, 0xF1, 0xE6, 0xFD, 0x1B, 0x7E, 0x94, 0x1F, 0xC8, 0xD9, 0x36,
    0x7F, 0x34, 0xEB, 0x3F, 0xDD, 0x35, 0x6F, 0x37, 0xBD, 0x7D, 0x93, 0xA3, 0x59, 0xFE, 0x2D, 0xFE,
    0xAF, 0xC3, 0xAC, 0xA9, 0x84, 0x46, 0x90, 0x8D, 0xF7, 0xB1, 0xCF, 0xA4, 0x3D, 0x2D, 0xAC, 0x41,
    0x5A, 0x64, 0x8D, 0x88, 0x95, 0x11, 0xE9, 0x18, 0xA1, 0x03, 0xE0, 0x0A, 0xA6, 0x34, 0xB5, 0x29,
    0xF7, 0xB8, 0xEA, 0xC5, 0xC7, 0xD6, 0xD4, 0xDE, 0xFC, 0x73, 0x8F, 0x6B, 0x2C, 0x38, 0x20, 0x43,
    0xA8, 0xFC, 0xE7, 0xE0, 0x2B, 0x8C, 0xEF, 0x62, 0x83, 0x1C, 0x53, 0x7B, 0x01, 0x36, 0xAF, 0x39,
    0x17, 0x91, 0x07, 0x9B, 0x17, 0x1C, 0x7D, 0x21, 0xB9, 0x06, 0xCD, 0xF8, 0xAD, 0x5C, 0xEC, 0xDA,
    0x35, 0xE3, 0x47, 0x04, 0xB9, 0xF8, 0x0A, 0x9E, 0x0B, 0x72, 0xC1, 0x15, 0x5B, 0xA4, 0x23, 0x38,
    0x80, 0xFC, 0x0D, 0x1B, 0x77, 0x00, 0x87, 0x89, 0xEF, 0x00, 0x58, 0xAA, 0x2E, 0xAD, 0x01, 0xCE,
    0x94, 0xD3, 0x00, 0x0C, 0xCA, 0x1D, 0x6C, 0x83, 0x62, 0x1B, 0x9C, 0x42, 0xE8, 0x71, 0x79, 0xCD,
    0xDD, 0xF2, 0x58, 0x7D, 0xD5, 0x49, 0xAF, 0xC4, 0x99, 0xE4, 0xC9, 0x13, 0x77, 0x96, 0xD8, 0x55,
    0xF6, 0xE1, 0xEB, 0xEF, 0xB6, 0x0B, 0x6D, 0x07, 0xB5, 0xD6, 0xA9, 0x35, 0xBA, 0x3E, 0x83, 0x03,
    0x3D, 0x05, 0xC7, 0x50, 0xF8, 0x20, 0x9B, 0x82, 0xD3, 0x6D, 0xE0, 0x36, 0xA5, 0x47, 0xC4, 0x5D,
    0x6A, 0x0F, 0xB5, 0x3D, 0x43, 0x59, 0xD5, 0x2E, 0xFD, 0x72, 0xD2, 0x5A, 0xB9, 0x41, 0xFD, 0xD1,
    0xA1, 0x41, 0x5C, 0x24, 0x2D, 0xC0, 0x55, 0x78, 0x9E, 0x1D, 0xE6, 0x8C, 0xE6, 0xA4, 0xE6, 0xBC,
    0xE6, 0xD4, 0xE6, 0xEC, 0xE6, 0x04, 0xE7, 0x1C, 0xE7, 0x34, 0xE7, 0x4C, 0xF9, 0x98, 0x1D, 0x59,
    0x25, 0xED, 0xE1, 0x96, 0xAF, 0x7E, 0xEC, 0x76, 0x94, 0xB3, 0x72, 0xB5, 0x63, 0x9D, 0x33, 0xEC,
    0x88, 0x1B, 0x86, 0x2D, 0xF7, 0x10, 0x9F, 0xEE, 0xE2, 0xDD, 0x09, 0xF8, 0x78, 0x77, 0x08, 0x39,
    0xAB, 0xDD, 0x39, 0xE8, 0x9F, 0xF6, 0xBB, 0xA3, 0x48, 0x9F, 0x7C, 0x7B, 0x1A, 0x4A, 0xEC, 0xEE,
    0x40, 0xB8, 0x41, 0x66, 0xF3, 0xD2, 0x70, 0x48, 0xE1, 0xE5, 0x1E, 0x90, 0x3D, 0x71, 0xF9, 0x6B,
    0xCE, 0xA8, 0xCE, 0x1F, 0x44, 0x91, 0xD6, 0x85, 0xE6, 0x9E, 0x26, 0xE4, 0x2B, 0x5F, 0x78, 0xE4,
    0x2B, 0x83, 0x2F, 0xAD, 0x7C, 0xCD, 0xF9, 0x62, 0x77, 0x4F, 0x47, 0x16, 0xA0, 0xC2, 0x90, 0xA3,
    0x4B, 0xBF, 0xE5, 0xE6, 0x00, 0x2B, 0xDD, 0x9A, 0xA4, 0xCB, 0x95, 0xD3, 0xAF, 0x3A, 0xDF, 0xAA,
    0xAC, 0xD7, 0xFB, 0x4C, 0xF9, 0xDF, 0x0D, 0xBE, 0x30, 0xF8, 0xCA, 0x99, 0x2F, 0x2D, 0x7C, 0xED,
    0xD0, 0x17, 0xB5, 0xAF, 0x6A, 0x02, 0x70, 0xC4, 0x0E, 0x35, 0x90, 0x2E, 0xD1, 0x19, 0x7B, 0x9A,
    0x22, 0xA9, 0x8F, 0x94, 0xE5, 0x06, 0x0F, 0x23, 0x97, 0xB4, 0x7A, 0xBA, 0xB5, 0x64, 0x36, 0xB5,
    0xBE, 0xAD, 0xE7, 0xCE, 0xCB, 0x2C, 0xD0, 0xA4, 0x56, 0xB9, 0x78, 0x88, 0x06, 0xE5, 0xD2, 0x56,
    0x97, 0x07, 0xDC, 0x01, 0x32, 0xE0, 0x45, 0x4C, 0x9D, 0x94, 0x99, 0xF7, 0x59, 0x99, 0x58, 0xCD,
    0x31, 0x91, 0x23, 0xEA, 0x61, 0x49, 0xD2, 0x42, 0x46, 0x56, 0x42, 0x62, 0x8F, 0x81, 0xE8, 0xAF,
    0x3D, 0x18, 0xAA, 0x69, 0x07, 0xF2, 0x3A, 0xB3, 0x3E, 0xB6, 0xDA, 0x5E, 0x89, 0xFE, 0xEE, 0x22,
    0x7C, 0xF7, 0x12, 0x7C, 0x77, 0x06, 0x1C, 0x93, 0xD8, 0x69, 0x48, 0xE4, 0x7C, 0xFA, 0x1A, 0xC7,
    0x3E, 0x3D, 0xCD, 0xBF, 0x85, 0xB1, 0x49, 0x39, 0x35, 0xC1, 0xA8, 0x5C, 0xD0, 0xF5, 0x46, 0x1F,
    0x79, 0xBE, 0x1B, 0x5D, 0x06, 0x55, 0x5D, 0x11, 0x07, 0x6D, 0x8B, 0xA8, 0x65, 0x83, 0x65, 0xDC,
    0x49, 0xD2, 0x7B, 0xF5, 0xFD, 0x04, 0xA4, 0xE2, 0x30, 0x5F, 0x8F, 0x08, 0xA6, 0x1E, 0xD0, 0x76,
    0x69, 0x74, 0x7B, 0xC5, 0x1B, 0x46, 0x5B, 0x4C, 0x66, 0x39, 0x34, 0x25, 0x87, 0x23, 0x98, 0x1E,
    0x7C, 0xC8, 0x02, 0xB8, 0x05, 0xEC, 0xB3, 0x03, 0x07, 0x40, 0x05, 0x34, 0x25, 0x98, 0xDD, 0x17,
    0xE1, 0x6A, 0xB2, 0x12, 0xE0, 0xFA, 0x47, 0x00, 0xDD, 0x02, 0x48, 0xAC, 0xEE, 0xA0, 0x21, 0x0A,
    0xDF, 0x8E, 0x2F, 0xC8, 0x58, 0x32, 0x07, 0x99, 0x48, 0x49, 0x2C, 0x7E, 0x29, 0xA1, 0x33, 0xAC,
    0x0A, 0x13, 0xC2, 0x34, 0xD0, 0x04, 0x9B, 0x6A, 0x05, 0xD0, 0x03, 0x0E, 0x54, 0xEB, 0xCD, 0x82,
    0x2E, 0x43, 0xD9, 0x4C, 0x56, 0xC2, 0x3F, 0x2D, 0xFC, 0xAD, 0xF5, 0x65, 0xE7, 0xCB, 0xBD, 0x2F,
    0x17, 0x68, 0x16, 0x5E, 0x34, 0x3E, 0x2A, 0x7B, 0x12, 0xCB, 0x0E, 0x03, 0x1B, 0x9C, 0x01, 0xE0,
    0x8E, 0x0A, 0x20, 0x1A, 0x7F, 0x3C, 0x02, 0xDC, 0x95, 0x1E, 0x20, 0x1E, 0x01, 0x68, 0x64, 0x05,
    0xB0, 0xFE, 0xD1, 0x3A, 0x74, 0xEE, 0xCF, 0xD6, 0x85, 0x29, 0x39, 0x28, 0x07, 0x19, 0xC4, 0x1D,
    0xC5, 0x9E, 0x56, 0x9F, 0x74, 0xAE, 0x7A, 0xAF, 0x79, 0x77, 0xF5, 0xFB, 0xFE, 0x05, 0x59, 0x47,
    0x8D, 0xB4, 0x34, 0x35, 0xE9, 0x8A, 0x5C, 0x46, 0x4F, 0xB9, 0x33, 0xEF, 0x55, 0xAF, 0xF5, 0x5F,
    0xF6, 0xC5, 0x5E, 0xEA, 0x3B, 0x3F, 0x22, 0x87, 0xD8, 0x81, 0xD9, 0x4C, 0x69, 0x04, 0x99, 0x69,
    0x20, 0x9A, 0xD6, 0x81, 0xE8, 0x01, 0x50, 0x00, 0xA7, 0x80, 0x9B, 0x76, 0xFB, 0x5E, 0x65, 0x30,
    0xA3, 0xA9, 0x0D, 0xE7, 0xC8, 0x60, 0x3E, 0x38, 0x37, 0xFF, 0x67, 0xB3, 0x06, 0x19, 0x92, 0x21,
    0x3A, 0x47, 0x9A, 0xE1, 0x17, 0xE7, 0x64, 0xE3, 0xE1, 0xC3, 0x41, 0x56, 0x04, 0x24, 0xD2, 0x51,
    0x09, 0xF9, 0xD7, 0xEB, 0x68, 0xBC, 0xDB, 0x1A, 0x8C, 0x72, 0xCA, 0x19, 0xB2, 0x77, 0x5C, 0xB4,
    0x3A, 0x40, 0x3F, 0xEE, 0x18, 0x40, 0x5B, 0x18, 0x20, 0xB7, 0x44, 0x03, 0x98, 0x12, 0xD5, 0x43,
    0x03, 0xA9, 0x23, 0x0E, 0xF9, 0xCC, 0x11, 0x09, 0x18, 0x36, 0xA5, 0x02, 0x62, 0x0B, 0xFB, 0xCC,
    0x1F, 0x4F, 0x63, 0x01, 0xAA, 0xDD, 0x0E, 0x41, 0x40, 0x3B, 0xA8, 0x20, 0x71, 0xCC, 0x91, 0x48,
    0xC7, 0xE0, 0xFF, 0x38, 0x06, 0x83, 0x99, 0x5C, 0x56, 0x0F, 0x07, 0x68, 0x3B, 0x10, 0x5C, 0x3E,
    0x39, 0x53, 0x0E, 0xD0, 0x30, 0x10, 0x0F, 0x9C, 0x91, 0x39, 0xEF, 0x0C, 0xDE, 0x15, 0x70, 0xCA,
    0x3E, 0x1C, 0x05, 0x37, 0xDF, 0xDC, 0x17, 0x1A, 0xA2, 0x35, 0x42, 0x34, 0x52, 0xC1, 0xC0, 0x0E,
    0x23, 0xB2, 0x66, 0x54, 0xEB, 0xAA, 0x1E, 0x75, 0x97, 0xB6, 0x6B, 0x6D, 0x95, 0x5B, 0x27, 0xDE,
    0x3D, 0x02, 0xE5, 0xCE, 0x08, 0x2E, 0x75, 0x4B, 0xD0, 0xD6, 0xBB, 0xAA, 0x5C, 0xA2, 0x06, 0x0A,
    0x92, 0x76, 0x72, 0xF5, 0xCC, 0xB1, 0xC3, 0x92, 0xB4, 0x46, 0xC8, 0xDA, 0xE0, 0xD6, 0x68, 0xCB,
    0x06, 0xD7, 0x01, 0x11, 0x69, 0x2B, 0x11, 0x9B, 0x7B, 0x83, 0x24, 0xBC, 0x18, 0xBB, 0x3B, 0x94,
    0x01, 0xF9, 0xEE, 0xAA, 0x05, 0x5B, 0x02, 0xA7, 0xDB, 0x6B, 0x17, 0x2C, 0x0A, 0xEF, 0xD5, 0xEE,
    0x0A, 0x02, 0x84, 0xD9, 0x4E, 0x7F, 0x29, 0x83, 0x7A, 0x2C, 0xA3, 0x37, 0x99, 0x5B, 0xC8, 0x6D,
    0x6A, 0x2B, 0x6F, 0xAD, 0x7A, 0xDC, 0x72, 0x19, 0xD3, 0x8F, 0x1D, 0xF2, 0x58, 0x78, 0xDB, 0x4B,
    0x2A, 0xB2, 0x36, 0x22, 0xAB, 0x4A, 0x12, 0x2B, 0x92, 0xD4, 0x73, 0x6B, 0xBC, 0x19, 0x49, 0x26,
    0x7E, 0x43, 0x7C, 0x72, 0xF2, 0x81, 0x88, 0xD8, 0xBB, 0x22, 0x7D, 0x12, 0xF6, 0x9E, 0x6C, 0x1D,
    0x2C, 0x7C, 0x4E, 0xBD, 0xF9, 0x1E, 0xE7, 0xFF, 0xF7, 0x2F, 0x01, 0x58, 0x04, 0xBB, 0x53, 0xEC,
    0x21, 0xBF, 0x14, 0x32, 0x59, 0x81, 0x94, 0xDC, 0x95, 0x91, 0x66, 0xBF, 0xE1, 0x76, 0xF1, 0x5C,
    0xE8, 0x39, 0x9C, 0x1E, 0x82, 0x50, 0xF1, 0xEF, 0x38, 0xA0, 0x29, 0xA5, 0x5C, 0xF3, 0x90, 0x3B,
    0x3E, 0x4E, 0x2C, 0x61, 0x32, 0xB9, 0x74, 0x44, 0xF2, 0x9B, 0x91, 0xB4, 0x25, 0xB3, 0x39, 0x84,
    0x6F, 0xFB, 0xFE, 0xE7, 0xC0, 0xCB, 0x5C, 0x06, 0xD7, 0x81, 0x1B, 0x4B, 0xE0, 0x34, 0x87, 0xD8,
    0x69, 0x8B, 0xB6, 0xF1, 0xF8, 0x33, 0x01, 0x23, 0x3D, 0xF0, 0x16, 0x5C, 0x96, 0xCC, 0x65, 0xFB,
    0xB3, 0x57, 0xAD, 0x79, 0x62, 0xF3, 0x4F, 0xEB, 0x6B, 0x29, 0x68, 0xD8, 0x83, 0x62, 0xA3, 0x47,
    0xE0, 0x26, 0x8D, 0x5A, 0x94, 0x9D, 0x34, 0x2D, 0xD1, 0x4C, 0x7A, 0xEB, 0x19, 0x0A, 0xC3, 0x1D,
    0xC3, 0x43, 0x03, 0x90, 0x3A, 0x5C, 0xBE, 0x8E, 0xBA, 0x22, 0x7B, 0xC7, 0xDE, 0x49, 0xC4, 0x1E,
    0x21, 0x04, 0x5C, 0x0D, 0xA7, 0x25, 0x35, 0xB1, 0xFC, 0x43, 0x56, 0xE8, 0x16, 0x2A, 0x0A, 0x40,
    0x59, 0x07, 0xE0, 0x08, 0xD0, 0xBE, 0x57, 0x3F, 0x83, 0xD6, 0x19, 0xFA, 0xF3, 0x43, 0xE2, 0xB1,
    0xE7, 0xAD, 0xEA, 0x93, 0x5A, 0x44, 0xDA, 0x8F, 0x9B, 0xBF, 0xB4, 0x88, 0x23, 0xF9, 0xFC, 0x98,
    0xEC, 0x0D, 0xC3, 0x35, 0xFD, 0x2C, 0x64, 0x10, 0x90, 0x58, 0xD0, 0x1D, 0xC1, 0x5A, 0x66, 0xF4,
    0x1B, 0x40, 0x80, 0x8A, 0x1D, 0xCE, 0xED, 0xCF, 0x3E, 0xFD, 0x6A, 0xF5, 0x28, 0x7F, 0xFD, 0x0B,
    0x37, 0x18, 0xFD, 0xC4, 0x0D, 0x87, 0xFA, 0xB5, 0xD6, 0x15, 0x5A, 0x7D, 0xE2, 0x8A, 0xBD, 0xE4,
    0x57, 0xED, 0xBD, 0xFD, 0x74, 0x7B, 0x31, 0x54, 0x17, 0xB8, 0x12, 0x9C, 0x72, 0xCC, 0xB0, 0x80,
    0x03, 0x1A, 0xA8, 0x4A, 0x99, 0x5C, 0x05, 0x86, 0x80, 0xF3, 0xD7, 0x5E, 0x6C, 0x59, 0xFC, 0x3D,
    0xB7, 0xAC, 0x10, 0x84, 0x05, 0xFF, 0x1D, 0xB7, 0x68, 0x10, 0x2A, 0xAE, 0x10, 0xA0, 0xDC, 0xD3,
    0x3B, 0x75, 0x9C, 0x8B, 0x9B, 0xF0, 0x0C, 0x0D, 0x18, 0x36, 0x7B, 0x4E, 0xBB, 0xF3, 0x0A, 0xFC,
    0x3F, 0x3B, 0x5C, 0x84, 0xF5, 0x7E, 0x6C, 0x6F, 0x35, 0xCA, 0x56, 0xE2, 0xED, 0x58, 0xD9, 0x43,
    0x94, 0x65, 0x6B, 0x8D, 0x04, 0xCC, 0x73, 0xAF, 0x28, 0x7B, 0x73, 0xDE, 0xFF, 0x9F, 0x04, 0x6F,
    0xD0, 0x20, 0xDE, 0x5E, 0x39, 0x87, 0xE0, 0xBC, 0xFB, 0xCA, 0x26, 0x6E, 0x7C, 0x15, 0x6E, 0x12,
    0xD6, 0xDC, 0x7C, 0xBA, 0x7B, 0xF6, 0xB3, 0xE9, 0x12, 0x3F, 0xB9, 0x9E, 0x0B, 0x72, 0xD1, 0x15,
    0x66, 0xC8, 0x57, 0xDA, 0xA5, 0x5D, 0xC8, 0x5C, 0x64, 0x45, 0x5C, 0x2B, 0x9B, 0x76, 0xDA, 0xE5,
    0x2B, 0x33, 0x5C, 0x6C, 0x85, 0xB2, 0xDA, 0x15, 0x1E, 0xDA, 0x5D, 0x74, 0x8F, 0xC6, 0x5E, 0x8E,
    0xF9, 0xBF, 0x00, 0xED, 0x93, 0x01, 0x84, 0x24, 0x47, 0x14, 0x86, 0xBF, 0xED, 0x92, 0x14, 0xA9,
    0xC8, 0x0B, 0x10, 0x88, 0x2B, 0x22, 0x88, 0x48, 0xD2, 0x87, 0xC5, 0x62, 0x66, 0xAA, 0x80, 0x00,
    0x0E, 0x04, 0xC0, 0x02, 0x10, 0x98, 0x03, 0x1C, 0x76, 0xB7, 0x9B, 0x03, 0x40, 0x20, 0x00, 0xDC,
    0x22, 0xE0, 0xE0, 0x82, 0xC5, 0x62, 0x76, 0xE7, 0x11, 0x40, 0xA0, 0x05, 0x01, 0x48, 0x13, 0xC0,
    0x4A, 0x52, 0xE8, 0x30, 0xE8, 0x9E, 0x4A, 0xCD, 0x8C, 0x5B, 0xB9, 0x73, 0x21, 0x20, 0x20, 0xFE,
    0x4F, 0xEB, 0xDF, 0xFF, 0x53, 0xDD, 0xDE, 0x2B, 0xC0, 0x4D, 0x84, 0xD3, 0x78, 0xEE, 0x74, 0xB4,
    0xDD, 0x68, 0xFA, 0xD1, 0xA4, 0x97, 0xF4, 0x2B, 0xAB, 0x73, 0xD1, 0xFA, 0x05, 0x76, 0xE4, 0x1D,
    0x84, 0xB7, 0x80, 0x06, 0x79, 0x45, 0xBE, 0x6D, 0x7A, 0x7C, 0x24, 0x44, 0x72, 0xAC, 0xFE, 0x88,
    0xE6, 0x59, 0x14, 0x1F, 0x3F, 0xF3, 0x71, 0xBE, 0xFC, 0x76, 0x9D, 0xC7, 0x5D, 0x54, 0x68, 0xBA,
    0xA3, 0x9C, 0x42, 0x6E, 0x0B, 0x27, 0x46, 0x8F, 0x89, 0x0F, 0x21, 0x4C, 0x2C, 0xD6, 0x8A, 0xEB,
    0xB0, 0xFD, 0x63, 0xDB, 0x0F, 0x4E, 0x6F, 0xD7, 0x6D, 0x3D, 0x01, 0x98, 0x1C, 0xE5, 0x99, 0x06,
    0xA3, 0xF3, 0x8A, 0x15, 0xE4, 0xCC, 0x56, 0x76, 0xDF, 0xB7, 0x32, 0xFD, 0xB9, 0xE9, 0x83, 0x55,
    0xFF, 0xA2, 0x35, 0x13, 0x4D, 0xEE, 0xD6, 0xB9, 0xFB, 0xDE, 0xE8, 0xA5, 0x69, 0x71, 0x20, 0xF0,
    0x39, 0xCC, 0xE0, 0x09, 0x24, 0x8E, 0x12, 0x46, 0x77, 0x00, 0xB2, 0x25, 0x78, 0x3D, 0x73, 0x7A,
    0x63, 0x35, 0x3C, 0x6A, 0xFD, 0x84, 0xCB, 0x84, 0x46, 0x47, 0x77, 0xF8, 0xE1, 0x3E, 0x9C, 0x6A,
    0xE9, 0x00, 0x32, 0x12, 0x1A, 0x56, 0xD2, 0x8E, 0x52, 0xD2, 0xDD, 0xA1, 0xCD, 0x69, 0xE7, 0x73,
    0x87, 0x53, 0x44, 0x1F, 0x4B, 0x3C, 0xBF, 0xA5, 0x1E, 0xE0, 0x18, 0x4E, 0x38, 0x10, 0xF2, 0x50,
    0xB8, 0xB7, 0x25, 0x2A, 0x76, 0xCF, 0xE6, 0xD3, 0xE7, 0xDF, 0x01, 0x40, 0x79, 0x29, 0x96, 0x4F,
    0x8E, 0x06, 0xDB, 0x49, 0x5B, 0x13, 0x8A, 0x16, 0x7B, 0x85, 0xBD, 0x7C, 0x14, 0x35, 0x89, 0x15,
    0x5C, 0x72, 0x81, 0x57, 0xD7, 0x99, 0x64, 0x52, 0xF5, 0x37, 0x15, 0xDF, 0x89, 0x06, 0xAE, 0x81,
    0x26, 0xA8, 0xFC, 0x9C, 0x24, 0x26, 0xA1, 0x30, 0xDC, 0xE3, 0xDB, 0x4D, 0xD3, 0x5F, 0xFC, 0xFB,
    0xA1, 0x32, 0xE0, 0x06, 0xF2, 0xC0, 0x47, 0x03, 0xD5, 0x9B, 0xF8, 0x60, 0x8A, 0x65, 0x64, 0x80,
    0x9F, 0xB8, 0xA8, 0xE3, 0x4A, 0xF4, 0x63, 0x51, 0x0A, 0x3E, 0xB2, 0x80, 0x6B, 0xAA, 0x0E, 0x89,
    0x65, 0x4C, 0x9A, 0xB3, 0xAE, 0xB3, 0x1E, 0x9A, 0x37, 0x75, 0x1C, 0x45, 0x8F, 0xF7, 0xB5, 0x6A,
    0xC4, 0x4D, 0xE0, 0x15, 0xA7, 0x97, 0xAE, 0x4B, 0x52, 0xA6, 0x1C, 0xEB, 0x0D, 0xFF, 0xEF, 0xCC,
    0x7F, 0xBC, 0x33, 0x76, 0x42, 0x1E, 0xC5, 0xF7, 0x6C, 0x8B, 0xD1, 0x2A, 0x6B, 0xFD, 0xA5, 0xCE,
    0x8C, 0xCE, 0xAC, 0xCE, 0xBD, 0xCA, 0xAF, 0xC9, 0x0D, 0xCC, 0xCF, 0xB9, 0x12, 0x92, 0x90, 0x33,
    0x7F, 0x7E, 0x45, 0x82, 0x2B, 0x58, 0x78, 0x64, 0xC4, 0x6D, 0x98, 0x2F, 0xB9, 0x72, 0x6D, 0x32,
    0x7A, 0xCF, 0x95, 0x6D, 0x67, 0xB2, 0x4B, 0x9B, 0x1F, 0x87, 0xFA, 0x69, 0x67, 0x7F, 0xA0, 0xFA,
    0x0D, 0x36, 0x30, 0x52, 0xFD, 0x82, 0xB5, 0xFA, 0xC0, 0xF4, 0xF9, 0x9B, 0xD1, 0x6E, 0xF8, 0x62,
    0xC9, 0xFB, 0x56, 0x31, 0x3B, 0x42, 0xDE, 0x9D, 0x5B, 0xF0, 0x12, 0xED, 0xC4, 0xD7, 0x50, 0x83,
    0x1C, 0x08, 0x51, 0xEE, 0xFA, 0xFD, 0x56, 0xBF, 0xC6, 0xB0, 0xEE, 0xB6, 0xAF, 0x34, 0xDD, 0x20,
    0xA6, 0x17, 0x87, 0x7C, 0x88, 0x9C, 0x21, 0x5B, 0x44, 0x10, 0xAB, 0x62, 0xD2, 0xBA, 0x5B, 0x3D,
    0x67, 0x89, 0xBC, 0x51, 0xEB, 0x7E, 0x51, 0x3F, 0x1D, 0xF0, 0x77, 0xBF, 0xDF, 0x20, 0xED, 0x20,
    0x08, 0xE9, 0x1F, 0x1E, 0xB1, 0xA4, 0x4D, 0xBF, 0x95, 0xEE, 0xA2, 0x6E, 0xFD, 0x5D, 0x92, 0xF6,
    0xF5, 0xBB, 0x56, 0x1A, 0x4D, 0x7F, 0x7B, 0x53, 0xB7, 0x75, 0x49, 0x77, 0xED, 0x6B, 0xE1, 0x6C,
    0xCF, 0x93, 0x9D, 0xFD, 0x29, 0x49, 0xA3, 0x02, 0x07, 0xD6, 0x1D, 0x76, 0x98, 0xCF, 0x4F, 0xDE,
    0x9D, 0xE3, 0xFB, 0x6A, 0xA4, 0x7E, 0x28, 0xB3, 0x07, 0x7E, 0xF3, 0x36, 0x42, 0x93, 0x96, 0x97,
    0x9E, 0x97, 0x92, 0x22, 0x9B, 0xFE, 0x02, 0x95, 0x96, 0x01, 0x84, 0x27, 0xD7, 0x1D, 0xC7, 0x3F,
    0x33, 0xEF, 0xAE, 0x23, 0x19, 0x77, 0xEF, 0x90, 0x13, 0x6C, 0xD2, 0x09, 0x82, 0x88, 0xBD, 0x0C,
    0x1C, 0xFE, 0x6D, 0x77, 0xF7, 0x8D, 0x06, 0x51, 0x9C, 0x2C, 0xB2, 0x0E, 0xC1, 0x01, 0x50, 0xB8,
    0x23, 0x5B, 0x82, 0xCB, 0xCD, 0x48, 0x01, 0x45, 0x53, 0x0A, 0x80, 0x94, 0x40, 0xB6, 0x34, 0x57,
    0x0E, 0x55, 0x77, 0x3B, 0xAF, 0x29, 0x82, 0xE2, 0x86, 0x14, 0x68, 0xB9, 0xD1, 0x36, 0x45, 0xAE,
    0xF4, 0x5D, 0x6E, 0xCE, 0xCD, 0xDE, 0xBD, 0x99, 0x5F, 0xDF, 0xDB, 0xFF, 0xDE, 0xDE, 0x6D, 0x92,
    0x0B, 0x9D, 0xFF, 0x7D, 0x3E, 0xDF, 0xFF, 0x7B, 0xEF, 0xF7, 0xE6, 0x76, 0xE6, 0xFD, 0x3D, 0x0F,
    0x80, 0x44, 0x06, 0xC8, 0xBF, 0x98, 0xA0, 0x64, 0x03, 0x0C, 0xAF, 0xC0, 0x7B, 0x00, 0xD7, 0xA3,
    0xFC, 0xF1, 0xAD, 0x2D, 0x7C, 0x21, 0xD2, 0xF8, 0xD4, 0x65, 0xCD, 0x8D, 0xC4, 0x29, 0xBB, 0x91,
    0xB8, 0xA4, 0x32, 0x89, 0x03, 0xFD, 0x8F, 0x01, 0x12, 0x11, 0x0F, 0xE9, 0x00, 0x24, 0xEE, 0x09,
    0x75, 0x41, 0x49, 0x87, 0xBA, 0x77, 0xBE, 0xA3, 0x10, 0xB1, 0x00, 0x70, 0xB5, 0x83, 0x3B, 0x96,
    0x54, 0x2C, 0xB5, 0xF8, 0x74, 0xFE, 0x5C, 0xF2, 0x3B, 0x7F, 0x6E, 0xF5, 0xA7, 0x9F, 0xD5, 0xE6,
    0xE7, 0x7F, 0x79, 0xC5, 0xBC, 0xFE, 0x4B, 0x8C, 0x7A, 0x93, 0x3A, 0x3B, 0x49, 0x9D, 0x9F, 0xA0,
    0xD6, 0x2F, 0x50, 0x9F, 0x5C, 0xC5, 0x9C, 0x5B, 0xC3, 0xFC, 0x7D, 0x41, 0xF1, 0x9F, 0xB3, 0x89,
    0xF6, 0x97, 0xB4, 0x9A, 0xEF, 0xEC, 0x22, 0xE2, 0x31, 0xD2, 0x70, 0xA9, 0x83, 0xDF, 0x5B, 0xF8,
    0x4D, 0x00, 0x20, 0x17, 0x47, 0x7B, 0x7B, 0x52, 0x23, 0x6D, 0xDE, 0x63, 0xB4, 0x65, 0xBD, 0x6C,
    0xC0, 0x54, 0x01, 0xA0, 0xD6, 0x5F, 0x4D, 0x75, 0xF6, 0x50, 0x6A, 0xFC, 0x46, 0x80, 0x9A, 0x11,
    0x13, 0xA9, 0x02, 0x76, 0xA4, 0x08, 0x68, 0x37, 0x66, 0x6A, 0x1A, 0x4B, 0x44, 0x3C, 0xA5, 0x38,
    0x78, 0x0B, 0x11, 0x71, 0x17, 0x03, 0xCA, 0x11, 0xB9, 0x16, 0xD8, 0x0E, 0x9C, 0x0A, 0x70, 0x04,
    0x91, 0x46, 0x3D, 0xD8, 0xA9, 0x1E, 0xB5, 0x5B, 0x71, 0x91, 0x23, 0x35, 0xC5, 0x54, 0x71, 0xF8,
    0x4A, 0xEA, 0x19, 0x35, 0xB5, 0x36, 0xEB, 0xB4, 0xD5, 0x36, 0x0F, 0x64, 0x8D, 0xB6, 0xF0, 0x88,
    0xAC, 0x83, 0x5A, 0x46, 0xDA, 0x00, 0x03, 0x9C, 0x9E, 0x36, 0x11, 0xF1, 0xE0, 0x81, 0x11, 0x70,
    0xA0, 0x3A, 0x8E, 0x69, 0xE9, 0xDF, 0x35, 0x22, 0xC3, 0xE2, 0x7B, 0xD2, 0xC1, 0x71, 0x00, 0x5E,
    0x8E, 0x82, 0xED, 0x65, 0xB8, 0x65, 0xF4, 0x60, 0xFA, 0xF6, 0x53, 0x71, 0x94, 0x77, 0xE5, 0xBE,
    0x4C, 0x28, 0x49, 0xC5, 0xB6, 0x28, 0x8F, 0x60, 0x88, 0xEF, 0x8D, 0xB2, 0x52, 0x03, 0xBB, 0x14,
    0xCD, 0x37, 0x62, 0x26, 0x46, 0xB2, 0x0C, 0x75, 0x24, 0xF2, 0x65, 0x89, 0x8E, 0xB1, 0x32, 0xBD,
    0xD8, 0x36, 0x45, 0x5F, 0x8B, 0x6F, 0x5D, 0xE1, 0x61, 0x71, 0xB0, 0xFC, 0x47, 0xFE, 0x92, 0x2A,
    0xCA, 0x0C, 0x89, 0x0C, 0x85, 0xA7, 0xED, 0xD3, 0x09, 0x4D, 0x2A, 0x44, 0x55, 0x51, 0x36, 0xE8,
    0x56, 0x17, 0xF4, 0x37, 0xA7, 0x11, 0x11, 0xF1, 0xE7, 0xFF, 0x3D, 0x5D, 0x78, 0x2B, 0xED, 0x26,
    0x4D, 0x1B, 0x9B, 0xFB, 0x4A, 0xBB, 0xE2, 0x26, 0x69, 0xA7, 0x6F, 0x05, 0x65, 0x12, 0xA4, 0xA2,
    0x92, 0x28, 0x84, 0x95, 0x81, 0x1A, 0x23, 0x98, 0xA0, 0x09, 0x28, 0x45, 0x3A, 0x50, 0x63, 0x36,
    0x40, 0x3A, 0xA6, 0x3E, 0x9A, 0xA5, 0xA7, 0xA5, 0x8F, 0x45, 0xFB, 0x13, 0x44, 0xBF, 0x18, 0x6B,
    0xC6, 0xF5, 0xE0, 0xEC, 0x2B, 0x19, 0xD2, 0x59, 0x3E, 0x0B, 0x96, 0x3D, 0xDE, 0x8B, 0xA3, 0x4F,
    0x75, 0xA8, 0xF7, 0xB0, 0xC1, 0xCA, 0xBC, 0x89, 0xF9, 0x75, 0x2D, 0x8E, 0xC2, 0x03, 0x24, 0x9B,
    0x22, 0x7B, 0x00, 0x17, 0x97, 0x8B, 0xAF, 0x5C, 0xE6, 0x88, 0x11, 0x26, 0xC5, 0x48, 0x3C, 0x31,
    0xF0, 0x89, 0x74, 0x31, 0xF4, 0xED, 0x31, 0x76, 0x96, 0x78, 0xE5, 0x94, 0xDB, 0xE0, 0x72, 0x98,
    0xD0, 0x19, 0x5E, 0x52, 0x22, 0x95, 0x69, 0x50, 0xE2, 0x29, 0x46, 0x94, 0x9B, 0xC8, 0xA4, 0x51,
    0xAE, 0x86, 0x36, 0xD4, 0x99, 0x86, 0x3C, 0x4C, 0x28, 0x2C, 0x4C, 0xCA, 0xE9, 0xFE, 0x05, 0x36,
    0xE2, 0x7F, 0xB4, 0x16, 0x43, 0xF9, 0x75, 0x2E, 0x5F, 0x98, 0x12, 0xA9, 0xDF, 0xF7, 0x22, 0xB6,
    0xBE, 0x29, 0x3D, 0x00, 0x6F, 0x61, 0xA4, 0x4B, 0x7A, 0x64, 0x5A, 0x89, 0x77, 0xE2, 0x62, 0x7C,
    0x33, 0x6A, 0x24, 0xB3, 0x84, 0xF4, 0x31, 0x27, 0x72, 0x8F, 0xAE, 0xD8, 0x45, 0x4F, 0x68, 0xA8,
    0xD1, 0x57, 0x62, 0x1A, 0x4E, 0x1A, 0x5E, 0x0B, 0x59, 0xAD, 0x1A, 0xD6, 0x78, 0xB5, 0xFD, 0x72,
    0x37, 0xFC, 0xFB, 0xD8, 0xC8, 0xF2, 0x42, 0x77, 0xDB, 0xDA, 0x5E, 0x83, 0xBC, 0xBF, 0x9A, 0x5B,
    0x07, 0xCA, 0xB9, 0xAC, 0xDF, 0xCF, 0x5E, 0xDD, 0xE9, 0x43, 0xDE, 0xEB, 0xD4, 0x5D, 0x0B, 0xC9,
    0x6C, 0x93, 0xFB, 0x21, 0x11, 0x8B, 0xC4, 0x94, 0x06, 0xA9, 0x80, 0x16, 0x5A, 0x00, 0x03, 0x35,
    0xEC, 0xEC, 0x7C, 0xC0, 0xAB, 0x22, 0x82, 0xF1, 0x14, 0x36, 0x28, 0x73, 0x41, 0xEA, 0x91, 0x8E,
    0xFF, 0x78, 0x30, 0xBE, 0x78, 0xFF, 0x69, 0x6A, 0x78, 0xAC, 0x2B, 0x51, 0xDE, 0x17, 0x5F, 0x7E,
    0x32, 0xF8, 0xC7, 0x1B, 0x14, 0xE2, 0x00, 0x1D, 0xA5, 0x82, 0xB4, 0x48, 0x45, 0xD4, 0xB2, 0x79,
    0x3A, 0x48, 0xC9, 0x3F, 0x1D, 0x7A, 0x7E, 0xE8, 0x28, 0x6D, 0xE1, 0x30, 0xE8, 0xA8, 0xCC, 0x51,
    0xC7, 0x92, 0x2B, 0x51, 0xBB, 0x87, 0xDF, 0xA2, 0xE2, 0x68, 0x94, 0x3E, 0x98, 0xA1, 0xE5, 0xFE,
    0x84, 0x92, 0xCF, 0xA5, 0xE1, 0x34, 0x00, 0x40, 0xB1, 0xDC, 0x69, 0x64, 0xE2, 0xF1, 0x95, 0x4B,
    0x83, 0xF9, 0xC4, 0xE1, 0xD5, 0x98, 0xBA, 0x64, 0x50, 0x8E, 0x3E, 0xEB, 0x21, 0xEF, 0x40, 0x07,
    0x5A, 0xF1, 0x48, 0x40, 0xDB, 0x65, 0x5B, 0xC4, 0x51, 0x7C, 0xB1, 0x49, 0xDE, 0x43, 0xE6, 0x40,
    0x05, 0xD2, 0x11, 0x98, 0x38, 0x8B, 0xB9, 0xED, 0xC8, 0xA5, 0x83, 0xE7, 0x30, 0xD2, 0x9B, 0x99,
    0x15, 0xF9, 0xA0, 0x9C, 0x48, 0x3C, 0x71, 0x6A, 0x70, 0x15, 0xBD, 0x4E, 0xF4, 0x10, 0xAD, 0xFA,
    0xE8, 0xBC, 0x89, 0x2E, 0x80, 0x56, 0x44, 0xEC, 0x81, 0x91, 0xFF, 0x76, 0x04, 0x6B, 0x47, 0xAC,
    0xF4, 0xD1, 0xC9, 0x1C, 0x8D, 0x10, 0x6D, 0x6C, 0x74, 0xD1, 0x13, 0xEF, 0x3F, 0xF2, 0xBC, 0x54,
    0x4A, 0x2A, 0x23, 0x8E, 0xD6, 0xD6, 0x22, 0x12, 0x25, 0xDD, 0x65, 0x35, 0xAA, 0x6E, 0x3B, 0x3C,
    0x5B, 0x77, 0x4D, 0x8D, 0x49, 0x77, 0x4A, 0x8D, 0x54, 0xA8, 0xF1, 0x25, 0x50, 0x0F, 0x86, 0x20,
    0x69, 0x20, 0xF3, 0x40, 0x3B, 0x82, 0xBA, 0xBB, 0x37, 0x90, 0x28, 0xE9, 0x41, 0x4D, 0x80, 0x89,
    0x7D, 0x0F, 0x83, 0xD2, 0xD7, 0x83, 0x50, 0x87, 0x5A, 0x99, 0x2B, 0x90, 0x58, 0x07, 0xC7, 0x38,
    0xB2, 0xFF, 0x25, 0xFD, 0x32, 0xDF, 0xEE, 0xA2, 0x69, 0x45, 0x2A, 0x20, 0xF9, 0xC0, 0x64, 0xCB,
    0x8E, 0xF7, 0x70, 0x00, 0x78, 0x3C, 0x00, 0x23, 0x6B, 0x00, 0xE9, 0xC0, 0x06, 0xB0, 0x5C, 0xC8,
    0x27, 0x32, 0xEB, 0x97, 0x99, 0xDB, 0x65, 0xEA, 0x27, 0x32, 0xD9, 0x0C, 0xD9, 0x70, 0x45, 0xCF,
    0x50, 0x54, 0x5C, 0x5F, 0x0F, 0x2A, 0xC1, 0xFF, 0x21, 0xB7, 0xCF, 0xD6, 0xA4, 0xC3, 0x90, 0xD9,
    0x1F, 0xCE, 0x28, 0x17, 0xF2, 0xAA, 0x41, 0xFF, 0x69, 0xCC, 0x9B, 0x4B, 0xF7, 0xBF, 0x68, 0xD3,
    0xA9, 0xA4, 0xEC, 0xEA, 0x41, 0xDD, 0xF6, 0x00, 0xA8, 0x2E, 0x1A, 0x32, 0xBB, 0xCC, 0xFC, 0x20,
    0xF5, 0xA3, 0xAC, 0x96, 0x59, 0x2E, 0x03, 0x30, 0x0E, 0xE6, 0xEB, 0x24, 0xEE, 0x0C, 0xA9, 0xFB,
    0x3E, 0x11, 0x15, 0x33, 0xB4, 0x93, 0x61, 0x0D, 0xFC, 0x22, 0x70, 0x15, 0x26, 0x07, 0xB5, 0x05,
    0xD3, 0x04, 0x2C, 0xAE, 0xB4, 0xC9, 0x60, 0x7A, 0xE5, 0xEF, 0xBB, 0xAC, 0xFE, 0x7C, 0xD0, 0xE5,
    0xA7, 0x7E, 0x55, 0x87, 0xE2, 0x67, 0xF1, 0xC0, 0x0D, 0x60, 0x83, 0x2C, 0xA0, 0x59, 0x47, 0xDB,
    0xCB, 0x64, 0x0F, 0x07, 0x12, 0xE9, 0x8C, 0xCC, 0xB0, 0x22, 0xE2, 0x48, 0xBC, 0xF2, 0xE0, 0x99,
    0x90, 0xB8, 0xB6, 0x3F, 0x9D, 0x77, 0xA4, 0xC1, 0x53, 0xF3, 0xDB, 0xF8, 0x4D, 0x62, 0x1F, 0x9E,
    0x58, 0xA2, 0x46, 0x98, 0xDB, 0x0E, 0x64, 0x06, 0x3C, 0xDF, 0xAE, 0x24, 0xEA, 0x79, 0xD9, 0x04,
    0x23, 0x03, 0xC0, 0x0B, 0x51, 0xAB, 0x40, 0x26, 0x13, 0xD4, 0xB3, 0xD8, 0xD4, 0xAF, 0x96, 0x5D,
    0xE6, 0x56, 0x75, 0xA7, 0xED, 0x6A, 0x6E, 0x4B, 0xBB, 0x0A, 0xA6, 0x8A, 0x22, 0xA8, 0xFE, 0xBA,
    0xCE, 0x88, 0xDF, 0x57, 0x18, 0xD5, 0x7D, 0xA8, 0xD3, 0x61, 0x46, 0x90, 0x8E, 0xCA, 0x5D, 0x90,
    0xF2, 0x41, 0xC8, 0xDC, 0x5A, 0x0A, 0x91, 0x0A, 0xCE, 0x04, 0x58, 0x3D, 0xFC, 0x21, 0xAD, 0x47,
    0xD1, 0x46, 0x21, 0x51, 0x89, 0x34, 0x80, 0xBA, 0x69, 0x0F, 0x9D, 0xFD, 0xA2, 0x07, 0xF4, 0xFE,
    0x4E, 0x71, 0xE1, 0xFC, 0xBD, 0x2D, 0x24, 0x5E, 0x15, 0xEB, 0x89, 0x07, 0xD6, 0x08, 0x8E, 0x6F,
    0x66, 0xE7, 0x51, 0xBF, 0xC3, 0x54, 0xA4, 0x1D, 0xA5, 0x45, 0x59, 0xB4, 0x25, 0x0B, 0xEE, 0xD0,
    0x0D, 0xDA, 0x71, 0xF1, 0xAF, 0x5C, 0xD8, 0x43, 0x3C, 0x22, 0x00, 0xD0, 0x4E, 0xF1, 0xA0, 0xD0,
    0xE8, 0x2E, 0x1E, 0x15, 0x94, 0xCB, 0x02, 0xB0, 0x64, 0x6B, 0xEB, 0xC2, 0x3D, 0x11, 0x11, 0x72,
    0xA9, 0x68, 0xE3, 0x14, 0x99, 0x3F, 0x99, 0x77, 0x3E, 0x2E, 0x7A, 0x28, 0x2D, 0x98, 0x8A, 0x0F,
    0xCB, 0x8A, 0xA1, 0x68, 0x18, 0xE3, 0x5C, 0xB5, 0x57, 0x38, 0x5A, 0x69, 0x48, 0x36, 0x81, 0xB3,
    0xC0, 0xE2, 0xE0, 0xE0, 0x24, 0x93, 0x1A, 0x17, 0x6D, 0xDE, 0x2F, 0x8C, 0xB6, 0x8B, 0x70, 0x70,
    0x5A, 0x60, 0xAA, 0x00, 0x0B, 0xEA, 0x6F, 0xC1, 0x70, 0x30, 0x6E, 0x17, 0x14, 0x01, 0xED, 0x16,
    0x99, 0xF2, 0x8B, 0x27, 0x0E, 0x4E, 0x97, 0x81, 0x05, 0x70, 0x8A, 0x64, 0xD0, 0x0D, 0xE9, 0x50,
    0x7C, 0x43, 0x46, 0x44, 0xAA, 0x7D, 0xC5, 0x26, 0xFF, 0xA7, 0xB4, 0x3D, 0xD4, 0xBD, 0x70, 0x03,
    0x25, 0x16, 0x78, 0xEE, 0xC8, 0xD1, 0x2A, 0x2E, 0xB0, 0x6E, 0x94, 0x2B, 0x2A, 0xD5, 0x15, 0x15,
    0x14, 0x16, 0x74, 0x0F, 0xD9, 0x04, 0xA9, 0xF4, 0xB1, 0x0E, 0x32, 0xB1, 0x50, 0x3B, 0x58, 0x9E,
    0x0C, 0x9E, 0x79, 0xF9, 0x57, 0xA3, 0x91, 0x61, 0x7C, 0xE7, 0xE6, 0x0F, 0x86, 0x77, 0x6E, 0xFE,
    0xC8, 0x99, 0x9B, 0xC6, 0xE6, 0x32, 0xA1, 0x6E, 0x2D, 0xC2, 0x62, 0x2F, 0x48, 0x7F, 0x72, 0x16,
    0x23, 0x32, 0x05, 0x3C, 0x00, 0x40, 0x6C, 0x6F, 0xBC, 0x7D, 0xEF, 0xC6, 0x5A, 0xD6, 0x9F, 0x59,
    0x64, 0xFD, 0xC9, 0xB3, 0x81, 0x53, 0x59, 0x7F, 0x8C, 0xAC, 0xE7, 0xBB, 0x71, 0xC4, 0xB5, 0x66,
    0xB9, 0x35, 0x8E, 0xAF, 0xCA, 0x83, 0x8F, 0x50, 0x03, 0x24, 0x1E, 0xF0, 0xEC, 0xF7, 0xED, 0xC8,
    0x47, 0xE0, 0x21, 0xF5, 0xB1, 0x1E, 0x23, 0x16, 0xB3, 0x07, 0xE5, 0xC1, 0xB3, 0xE4, 0x0E, 0x94,
    0x3F, 0x98, 0x22, 0x40, 0xDD, 0x40, 0x39, 0x40, 0xEE, 0x31, 0xD2, 0xC7, 0xFD, 0x1E, 0x3C, 0x07,
    0x3C, 0x13, 0x98, 0x40, 0x7A, 0xB2, 0x10, 0xB5, 0x7F, 0x91, 0x0F, 0x67, 0x0F, 0xD2, 0x50, 0xF8,
    0xC4, 0xDD, 0xF0, 0xCA, 0x57, 0x3E, 0x9D, 0xF1, 0x98, 0x40, 0x19, 0x78, 0x2D, 0xB0, 0x16, 0xB8,
    0x9E, 0xC9, 0x79, 0x67, 0x44, 0x2A, 0x00, 0xF4, 0x00, 0x6C, 0x5C, 0x07, 0xDE, 0x3D, 0x19, 0xA5,
    0x93, 0x8A, 0x8D, 0x0B, 0x32, 0x53, 0x8A, 0x48, 0x93, 0x09, 0x59, 0x47, 0x4E, 0xE2, 0x82, 0x78,
    0xA4, 0x6D, 0xDB, 0x93, 0xCB, 0x5D, 0x4B, 0x7E, 0xAB, 0x6D, 0x28, 0x4E, 0xAC, 0x43, 0x0D, 0x24,
    0x0F, 0x2B, 0xE0, 0x8D, 0x06, 0x50, 0x36, 0xB5, 0xA4, 0x2E, 0xEB, 0x40, 0xC4, 0x42, 0x29, 0xB0,
    0xFC, 0xA1, 0x5E, 0x02, 0xD8, 0x3E, 0xD4, 0x35, 0xE2, 0xA0, 0x23, 0x99, 0xFF, 0x38, 0x93, 0xB9,
    0x6D, 0xD3, 0x68, 0xBB, 0xAD, 0x6D, 0x59, 0x6D, 0xE7, 0xBD, 0x89, 0xA7, 0xF3, 0xC7, 0xBA, 0x72,
    0x44, 0xC3, 0x53, 0x25, 0x32, 0x71, 0x51, 0xE2, 0xF1, 0x2B, 0x7E, 0x12, 0xAF, 0x1C, 0x5F, 0x23,
    0x1D, 0x94, 0xCB, 0x5D, 0x2B, 0xD2, 0xB4, 0xF2, 0x2F, 0xBE, 0xF3, 0x94, 0xBF, 0xF7, 0xC4, 0x29,
    0x9F, 0xEC, 0xDC, 0xA1, 0x7E, 0x07, 0xB4, 0xD2, 0xA3, 0xE4, 0xCD, 0x09, 0xFD, 0xD9, 0x39, 0x43,
    0xF9, 0xC6, 0x39, 0x6D, 0x4D, 0xB6, 0x54, 0x66, 0x77, 0xA3, 0x6E, 0xA8, 0x13, 0x29, 0x37, 0x00,
    0x76, 0xA3, 0xAE, 0x44, 0x99, 0xA8, 0x32, 0x4A, 0x5B, 0x20, 0xEB, 0x80, 0x64, 0x00, 0x4E, 0xB7,
    0x5B, 0x5B, 0xB4, 0x22, 0xB2, 0x14, 0x97, 0x3A, 0xF8, 0x59, 0x87, 0xC8, 0x10, 0x1F, 0x07, 0xDD,
    0x95, 0x56, 0x77, 0x3A, 0x70, 0xF8, 0xB1, 0x4B, 0x4C, 0xA5, 0x65, 0x62, 0x9F, 0xAE, 0x38, 0x18,
    0xCF, 0x9C, 0xEE, 0xD4, 0x01, 0x59, 0x20, 0x0F, 0x84, 0xD1, 0x2F, 0xA5, 0x11, 0x99, 0xE2, 0x7D,
    0x97, 0x9C, 0xAA, 0xA0, 0x1D, 0xC8, 0x1F, 0x08, 0x85, 0x35, 0x8D, 0xA1, 0x68, 0x6A, 0x34, 0xBB,
    0xC0, 0xF4, 0x35, 0x62, 0x5F, 0x0D, 0x18, 0xA0, 0xB4, 0x59, 0xA3, 0x67, 0x21, 0x15, 0x0F, 0xC7,
    0x2B, 0x00, 0x6A, 0x91, 0x08, 0x00, 0xFF, 0x03, 0xB3, 0xFF, 0xFF, 0xFF, 0x03, 0x0C, 0x03, 0x00,
    0xB4, 0xD1, 0x21, 0x88, 0xDC, 0x40, 0x14, 0xC6, 0xF1, 0xFF, 0x24, 0x5C, 0x23, 0x4E, 0x8C, 0xBF,
    0x15, 0xB1, 0x75, 0x57, 0x0F, 0xED, 0x4C, 0x55, 0x3D, 0x9C, 0xF7, 0xD4, 0xD4, 0xAB, 0x04, 0xEA,
    0x61, 0xBD, 0xAE, 0xA8, 0xAB, 0x87, 0x83, 0x4B, 0xA9, 0xE7, 0x02, 0x2D, 0xD4, 0xC6, 0x9B, 0x8E,
    0x18, 0x91, 0x83, 0xC9, 0xBD, 0xBE, 0xD7, 0xA1, 0x81, 0x2B, 0x55, 0x7B, 0x6C, 0xC4, 0xEF, 0x9B,
    0x1D, 0x96, 0x79, 0x1F, 0x33, 0x00, 0x57, 0x11, 0x2F, 0xAD, 0x64, 0xDE, 0x7C, 0xB8, 0xFF, 0x5A,
    0x28, 0xFE, 0x7E, 0xCC, 0xAC, 0x17, 0xD7, 0x11, 0x97, 0x51, 0x1B, 0x93, 0x20, 0xFA, 0xC5, 0x6A,
    0xDD, 0x79, 0x96, 0x2B, 0x21, 0x72, 0x78, 0x7C, 0x7B, 0xF7, 0x83, 0x41, 0x7E, 0x8A, 0x00, 0x5F,
    0x8E, 0xE0, 0x65, 0x83, 0x80, 0x40, 0xD1, 0x60, 0xE5, 0xA5, 0x95, 0x80, 0xC6, 0xB0, 0xE1, 0x46,
    0x2D, 0x70, 0x0A, 0x36, 0xF5, 0xCF, 0xD0, 0x41, 0xBE, 0x4B, 0x81, 0xF7, 0xD1, 0x46, 0xCA, 0x93,
    0x91, 0x8A, 0xCB, 0x4A, 0x63, 0x04, 0x59, 0x8D, 0x52, 0x7F, 0x9E, 0xC2, 0xBF, 0x23, 0xE1, 0xF0,
    0x80, 0x4D, 0x75, 0x22, 0x33, 0x7A, 0xE7, 0xDF, 0x92, 0x4F, 0xD8, 0xAD, 0x4F, 0xAD, 0xE6, 0x7A,
    0xE1, 0xC7, 0x76, 0xAC, 0x37, 0x0F, 0x34, 0x35, 0x09, 0x62, 0x5F, 0xFA, 0x9B, 0x75, 0xBF, 0x3D,
    0x43, 0x5A, 0xDD, 0x36, 0xD7, 0x97, 0x39, 0x6C, 0xD1, 0xDE, 0xA6, 0x04, 0x99, 0x00, 0x5E, 0x7C,
    0x52, 0xBC, 0x20, 0x92, 0xFE, 0xD7, 0xBB, 0x1F, 0x35, 0xDD, 0xD3, 0xF3, 0x6A, 0xDF, 0x8F, 0x7B,
    0x9E, 0xB9, 0x77, 0xAA, 0xBD, 0xFB, 0x8D, 0xBD, 0x77, 0xF3, 0x19, 0xB0, 0x05, 0xA5, 0xD6, 0x2B,
    0x68, 0xEE, 0x38, 0xA3, 0x93, 0xDC, 0xA6, 0x5E, 0xD6, 0xBA, 0x77, 0x1A, 0xFD, 0x16, 0xEF, 0x6E,
    0x44, 0x96, 0x50, 0x00, 0x17, 0xE1, 0xEA, 0x68, 0x0B, 0x79, 0x54, 0xBB, 0xA5, 0x9F, 0xC0, 0x4F,
    0x97, 0xB3, 0xD9, 0xED, 0x5E, 0x4E, 0x7E, 0xA6, 0x91, 0xE5, 0x5A, 0xA6, 0xFE, 0x57, 0x12, 0x99,
    0x5E, 0xBB, 0xAC, 0xFF, 0xB9, 0x25, 0x99, 0x1C, 0xD5, 0x01, 0xD4, 0xB0, 0x98, 0x5E, 0x4C, 0x27,
    0x8B, 0x4A, 0x9F, 0xCD, 0xA6, 0xA8, 0xAF, 0x30, 0x33, 0xB7, 0x6A, 0x61, 0xED, 0x12, 0xC3, 0xBB,
    0xD4, 0x3E, 0x44, 0x3D, 0xD6, 0xC9, 0xCC, 0x0D, 0xFC, 0x9E, 0x28, 0x03, 0x00, 0x62, 0x80, 0x83,
    0x12, 0x30, 0x09, 0x28, 0x49, 0x8E, 0x8D, 0x10, 0x04, 0x02, 0x28, 0x88, 0x7E, 0xB9, 0x80, 0x80,
    0x00, 0x3B, 0xA0, 0x04, 0x4B, 0x80, 0xB1, 0x01, 0x4B, 0xC2, 0x0E, 0x2C, 0xC4, 0x16, 0x1C, 0xA5,
    0x04, 0x4A, 0x20, 0x31, 0x96, 0xE0, 0x02, 0x83, 0x3B, 0xD6, 0x7F, 0x18, 0xEC, 0x6C, 0xF0, 0x0E,
    0x79, 0x5F, 0xCD, 0x50, 0xD6, 0x31, 0x97, 0x8D, 0xC4, 0x42, 0xDC, 0x73, 0xA1, 0x45, 0xBD, 0xB1,
    0x9B, 0x52, 0x6B, 0x1C, 0xAF, 0x39, 0x44, 0xD3, 0x7B, 0x0B, 0x59, 0x35, 0xE4, 0xC0, 0xD0, 0x41,
    0x0A, 0xCC, 0x23, 0x7C, 0x5B, 0xE2, 0x0B, 0x96, 0x9E, 0x74, 0x82, 0x33, 0xAC, 0x0D, 0x5C, 0x60,
    0xAA, 0xE0, 0x06, 0x92, 0x91, 0x24, 0x19, 0x59, 0xA5, 0x86, 0x9A, 0x49, 0xAA, 0xB6, 0x60, 0x92,
    0x9E, 0xC1, 0x64, 0xFC, 0x98, 0x8C, 0x85, 0x8C, 0x3B, 0x49, 0x8F, 0xFF, 0x8E, 0xEE, 0x07,
};

static const EpdGlyph notoserif_14_regularGlyphs[] = {
    { 0, 0, 0, 0, 0, 0, 0 }, // U+0000
    { 0, 0, 121, 0, 0, 0, 0 }, // U+000D
    { 0, 0, 121, 0, 0, 0, 0 }, // U+0020
    { 4, 22, 155, 3, 21, 22, 0 }, // !
    { 10, 8, 190, 1, 21, 20, 22 }, // "
    { 16, 21, 261, 0, 21, 84, 42 }, // #
    { 14, 26, 261, 1, 23, 91, 126 }, // $
    { 24, 23, 418, 1, 22, 138, 217 }, // %
    { 21, 23, 346, 1, 22, 121, 355 }, // &
    { 4, 8, 103, 1, 21, 8, 476 }, // '
    { 9, 27, 161, 1, 23, 61, 484 }, // (
    { 9, 27, 161, 0, 23, 61, 545 }, // )
    { 13, 12, 233, 1, 23, 39, 606 }, // *
    { 14, 13, 261, 1, 17, 46, 645 }, // +
    { 6, 9, 117, 0, 4, 14, 691 }, // ,
    { 9, 4, 145, 0, 10, 9, 705 }, // -
    { 5, 5, 117, 1, 4, 7, 714 }, // .
    { 9, 27, 134, 0, 23, 61, 721 }, // /
    { 15, 23, 270, 1, 22, 87, 782 }, // 0
    { 13, 21, 214, 0, 21, 69, 869 }, // 1
    { 14, 22, 231, 0, 22, 77, 938 }, // 2
    { 14, 23, 239, 0, 22, 81, 1015 }, // 3
    { 16, 21, 258, 0, 21, 84, 1096 }, // 4
    { 13, 22, 239, 1, 21, 72, 1180 }, // 5
    { 14, 23, 257, 1, 22, 81, 1252 }, // 6
    { 14, 21, 240, 1, 21, 74, 1333 }, // 7
    { 14, 23, 260, 1, 22, 81, 1407 }, // 8
    { 14, 23, 257, 1, 22, 81, 1488 }, // 9
    { 5, 17, 133, 2, 16, 22, 1569 }, // :
    { 6, 21, 133, 1, 16, 32, 1591 }, // ;
    { 14, 15, 261, 1, 18, 53, 1623 }, // <
    { 14, 9, 261, 1, 15, 32, 1676 }, // =
    { 14, 15, 261, 1, 18, 53, 1708 }, // >
    { 13, 23, 221, 0, 22, 75, 1761 }, // ?
    { 25, 26, 430, 1, 21, 163, 1836 }, // @
    { 21, 21, 329, 0, 21, 111, 1999 }, // A
    { 17, 21, 305, 1, 21, 90, 2110 }, // B
    { 16, 23, 287, 1, 22, 92, 2200 }, // C
    { 19, 21, 339, 1, 21, 100, 2292 }, // D
    { 16, 21, 291, 1, 21, 84, 2392 }, // E
    { 15, 21, 275, 1, 21, 79, 2476 }, // F
    { 20, 23, 333, 1, 22, 115, 2555 }, // G
    { 22, 21, 370, 1, 21, 116, 2670 }, // H
    { 9, 21, 171, 1, 21, 48, 2786 }, // I
    { 11, 28, 167, -1, 21, 77, 2834 }, // J
    { 20, 21, 327, 1, 21, 105, 2911 }, // K
    { 16, 21, 291, 1, 21, 84, 3016 }, // L
    { 26, 21, 438, 1, 21, 137, 3100 }, // M
    { 21, 21, 356, 1, 21, 111, 3237 }, // N
    { 19, 23, 346, 1, 22, 110, 3348 }, // O
    { 16, 21, 282, 1, 21, 84, 3458 }, // P
    { 19, 29, 346, 1, 22, 138, 3542 }, // Q
    { 19, 21, 306, 1, 21, 100, 3680 }, // R
    { 14, 23, 254, 1, 22, 81, 3780 }, // S
    { 18, 21, 286, 0, 21, 95, 3861 }, // T
    { 21, 22, 335, 0, 21, 116, 3956 }, // U
    { 20, 21, 315, 0, 21, 105, 4072 }, // V
    { 31, 21, 489, 0, 21, 163, 4177 }, // W
    { 20, 21, 308, 0, 21, 105, 4340 }, // X
    { 20, 21, 292, -1, 21, 105, 4445 }, // Y
    { 16, 21, 276, 1, 21, 84, 4550 }, // Z
    { 8, 27, 168, 2, 23, 54, 4634 }, // [
    { 9, 27, 134, 0, 23, 61, 4688 }, // <backslash>
    { 7, 27, 168, 1, 23, 48, 4749 }, // ]
    { 14, 14, 261, 1, 21, 49, 4797 }, // ^
    { 15, 3, 214, -1, -2, 12, 4846 }, // _
    { 6, 6, 128, 1, 23, 9, 4858 }, // `
    { 15, 17, 263, 1, 16, 64, 4867 }, // a
    { 17, 24, 287, 0, 23, 102, 4931 }, // b
    { 13, 17, 230, 1, 16, 56, 5033 }, // c
    { 17, 24, 287, 1, 23, 102, 5089 }, // d
    { 14, 17, 250, 1, 16, 60, 5191 }, // e
    { 13, 23, 172, 0, 23, 75, 5251 }, // f
    { 16, 24, 251, 0, 17, 96, 5326 }, // g
    { 18, 23, 296, 0, 23, 104, 5422 }, // h
    { 9, 23, 149, 0, 23, 52, 5526 }, // i
    { 8, 30, 140, -1, 23, 60, 5578 }, // j
    { 18, 23, 273, 0, 23, 104, 5638 }, // k
    { 9, 23, 145, 0, 23, 52, 5742 }, // l
    { 27, 16, 441, 0, 16, 108, 5794 }, // m
    { 18, 16, 301, 0, 16, 72, 5902 }, // n
    { 15, 17, 269, 1, 16, 64, 5974 }, // o
    { 17, 23, 287, 0, 16, 98, 6038 }, // p
    { 17, 23, 287, 1, 16, 98, 6136 }, // q
    { 14, 16, 220, 0, 16, 56, 6234 }, // r
    { 11, 17, 211, 1, 16, 47, 6290 }, // s
    { 10, 21, 164, 0, 20, 53, 6337 }, // t
    { 18, 17, 296, 0, 16, 77, 6390 }, // u
    { 17, 16, 270, 0, 16, 68, 6467 }, // v
    { 26, 16, 402, 0, 16, 104, 6535 }, // w
    { 17, 16, 270, 0, 16, 68, 6639 }, // x
    { 17, 23, 264, 0, 16, 98, 6707 }, // y
    { 13, 16, 239, 1, 16, 52, 6805 }, // z
    { 11, 27, 200, 1, 23, 75, 6857 }, // {
    { 3, 30, 261, 7, 23, 23, 6932 }, // |
    { 11, 27, 200, 1, 23, 75, 6955 }, // }
    { 14, 6, 261, 1, 13, 21, 7030 }, // ~
    { 0, 0, 121, 0, 0, 0, 0 }, // U+00A0
    { 4, 22, 155, 3, 16, 22, 0 }, // U+00A1
    { 13, 21, 261, 2, 21, 69, 22 }, // U+00A2
    { 15, 23, 261, 1, 22, 87, 91 }, // U+00A3
    { 14, 13, 261, 1, 17, 46, 178 }, // U+00A4
    { 17, 21, 261, 0, 21, 90, 224 }, // U+00A5
    { 3, 30, 261, 7, 23, 23, 314 }, // U+00A6
    { 13, 27, 254, 2, 23, 88, 337 }, // U+00A7
    { 9, 4, 269, 4, 22, 9, 425 }, // U+00A8
    { 23, 23, 394, 1, 22, 133, 434 }, // U+00A9
    { 10, 10, 178, 1, 21, 25, 567 }, // U+00AA
    { 13, 12, 240, 1, 14, 39, 592 }, // U+00AB
    { 14, 9, 261, 1, 12, 32, 631 }, // U+00AC
    { 9, 4, 145, 0, 10, 9, 663 }, // U+00AD
    { 23, 23, 394, 1, 22, 133, 672 }, // U+00AE
    { 15, 2, 214, -1, 24, 8, 805 }, // U+00AF
    { 10, 10, 187, 1, 22, 25, 813 }, // U+00B0
    { 14, 17, 261, 1, 17, 60, 838 }, // U+00B1
    { 10, 14, 187, 1, 25, 35, 898 }, // U+00B2
    { 10, 14, 187, 1, 25, 35, 933 }, // U+00B3
    { 6, 6, 128, 1, 23, 9, 968 }, // U+00B4
    { 15, 23, 287, 2, 16, 87, 977 }, // U+00B5
    { 16, 27, 288, 1, 23, 108, 1064 }, // U+00B6
    { 5, 5, 117, 1, 13, 7, 1172 }, // U+00B7
    { 7, 8, 155, 1, 1, 14, 1179 }, // U+00B8
    { 9, 13, 187, 1, 24, 30, 1193 }, // U+00B9
    { 10, 10, 185, 1, 21, 25, 1223 }, // U+00BA
    { 13, 12, 240, 1, 14, 39, 1248 }, // U+00BB
    { 24, 21, 392, 0, 21, 126, 1287 }, // U+00BC
    { 24, 21, 392, 0, 21, 126, 1413 }, // U+00BD
    { 23, 22, 392, 1, 22, 127, 1539 }, // U+00BE
    { 12, 22, 221, 1, 16, 66, 1666 }, // U+00BF
    { 21, 28, 329, 0, 28, 147, 1732 }, // U+00C0
    { 21, 28, 329, 0, 28, 147, 1879 }, // U+00C1
    { 21, 28, 329, 0, 28, 147, 2026 }, // U+00C2
    { 21, 27, 329, 0, 27, 142, 2173 }, // U+00C3
    { 21, 27, 329, 0, 27, 142, 2315 }, // U+00C4
    { 21, 26, 329, 0, 26, 137, 2457 }, // U+00C5
    { 27, 21, 444, 0, 21, 142, 2594 }, // U+00C6
    { 16, 29, 287, 1, 22, 116, 2736 }, // U+00C7
    { 16, 28, 291, 1, 28, 112, 2852 }, // U+00C8
    { 16, 28, 291, 1, 28, 112, 2964 }, // U+00C9
    { 16, 28, 291, 1, 28, 112, 3076 }, // U+00CA
    { 16, 27, 291, 1, 27, 108, 3188 }, // U+00CB
    { 9, 28, 171, 1, 28, 63, 3296 }, // U+00CC
    { 9, 28, 171, 1, 28, 63, 3359 }, // U+00CD
    { 9, 28, 171, 1, 28, 63, 3422 }, // U+00CE
    { 9, 27, 171, 1, 27, 61, 3485 }, // U+00CF
    { 19, 21, 339, 1, 21, 100, 3546 }, // U+00D0
    { 21, 27, 356, 1, 27, 142, 3646 }, // U+00D1
    { 19, 29, 346, 1, 28, 138, 3788 }, // U+00D2
    { 19, 29, 346, 1, 28, 138, 3926 }, // U+00D3
    { 19, 29, 346, 1, 28, 138, 4064 }, // U+00D4
    { 19, 28, 346, 1, 27, 133, 4202 }, // U+00D5
    { 19, 28, 346, 1, 27, 133, 4335 }, // U+00D6
    { 13, 13, 261, 2, 17, 43, 4468 }, // U+00D7
    { 19, 25, 346, 1, 23, 119, 4511 }, // U+00D8
    { 21, 29, 335, 0, 28, 153, 4630 }, // U+00D9
    { 21, 29, 335, 0, 28, 153, 4783 }, // U+00DA
    { 21, 29, 335, 0, 28, 153, 4936 }, // U+00DB
    { 21, 28, 335, 0, 27, 147, 5089 }, // U+00DC
    { 20, 28, 292, -1, 28, 140, 5236 }, // U+00DD
    { 16, 21, 282, 1, 21, 84, 5376 }, // U+00DE
    { 18, 24, 302, 0, 23, 108, 5460 }, // U+00DF
    { 15, 24, 263, 1, 23, 90, 5568 }, // U+00E0
    { 15, 24, 263, 1, 23, 90, 5658 }, // U+00E1
    { 15, 24, 263, 1, 23, 90, 5748 }, // U+00E2
    { 15, 23, 263, 1, 22, 87, 5838 }, // U+00E3
    { 15, 23, 263, 1, 22, 87, 5925 }, // U+00E4
    { 15, 25, 263, 1, 24, 94, 6012 }, // U+00E5
    { 23, 17, 393, 1, 16, 98, 6106 }, // U+00E6
    { 13, 23, 230, 1, 16, 75, 6204 }, // U+00E7
    { 14, 24, 250, 1, 23, 84, 6279 }, // U+00E8
    { 14, 24, 250, 1, 23, 84, 6363 }, // U+00E9
    { 14, 24, 250, 1, 23, 84, 6447 }, // U+00EA
    { 14, 23, 250, 1, 22, 81, 6531 }, // U+00EB
    { 9, 23, 149, 0, 23, 52, 6612 }, // U+00EC
    { 10, 23, 149, 0, 23, 58, 6664 }, // U+00ED
    { 9, 23, 149, 0, 23, 52, 6722 }, // U+00EE
    { 9, 22, 149, 0, 22, 50, 6774 }, // U+00EF
    { 15, 24, 269, 1, 23, 90, 6824 }, // U+00F0
    { 18, 22, 301, 0, 22, 99, 6914 }, // U+00F1
    { 15, 24, 269, 1, 23, 90, 7013 }, // U+00F2
    { 15, 24, 269, 1, 23, 90, 7103 }, // U+00F3
    { 15, 24, 269, 1, 23, 90, 7193 }, // U+00F4
    { 15, 23, 269, 1, 22, 87, 7283 }, // U+00F5
    { 15, 23, 269, 1, 22, 87, 7370 }, // U+00F6
    { 14, 15, 261, 1, 18, 53, 7457 }, // U+00F7
    { 15, 19, 269, 1, 17, 72, 7510 }, // U+00F8
    { 18, 24, 296, 0, 23, 108, 7582 }, // U+00F9
    { 18, 24, 296, 0, 23, 108, 7690 }, // U+00FA
    { 18, 24, 296, 0, 23, 108, 7798 }, // U+00FB
    { 18, 23, 296, 0, 22, 104, 7906 }, // U+00FC
    { 17, 30, 264, 0, 23, 128, 8010 }, // U+00FD
    { 17, 30, 287, 0, 23, 128, 8138 }, // U+00FE
    { 17, 29, 264, 0, 22, 124, 8266 }, // U+00FF
    { 21, 25, 329, 0, 25, 132, 0 }, // U+0100
    { 15, 21, 263, 1, 20, 79, 132 }, // U+0101
    { 21, 27, 329, 0, 27, 142, 211 }, // U+0102
    { 15, 23, 263, 1, 22, 87, 353 }, // U+0103
    { 21, 28, 329, 0, 21, 147, 440 }, // U+0104
    { 15, 23, 263, 1, 16, 87, 587 }, // U+0105
    { 16, 29, 287, 1, 28, 116, 674 }, // U+0106
    { 13, 24, 230, 1, 23, 78, 790 }, // U+0107
    { 16, 29, 287, 1, 28, 116, 868 }, // U+0108
    { 13, 24, 230, 1, 23, 78, 984 }, // U+0109
    { 16, 29, 287, 1, 28, 116, 1062 }, // U+010A
    { 13, 24, 230, 1, 23, 78, 1178 }, // U+010B
    { 16, 29, 287, 1, 28, 116, 1256 }, // U+010C
    { 13, 24, 230, 1, 23, 78, 1372 }, // U+010D
    { 19, 28, 339, 1, 28, 133, 1450 }, // U+010E
    { 19, 24, 287, 1, 23, 114, 1583 }, // U+010F
    { 19, 21, 339, 1, 21, 100, 1697 }, // U+0110
    { 17, 24, 287, 1, 23, 102, 1797 }, // U+0111
    { 16, 25, 291, 1, 25, 100, 1899 }, // U+0112
    { 14, 21, 250, 1, 20, 74, 1999 }, // U+0113
    { 16, 27, 291, 1, 27, 108, 2073 }, // U+0114
    { 14, 23, 250, 1, 22, 81, 2181 }, // U+0115
    { 16, 27, 291, 1, 27, 108, 2262 }, // U+0116
    { 14, 24, 250, 1, 23, 84, 2370 }, // U+0117
    { 16, 28, 291, 1, 21, 112, 2454 }, // U+0118
    { 14, 23, 250, 1, 16, 81, 2566 }, // U+0119
    { 16, 28, 291, 1, 28, 112, 2647 }, // U+011A
    { 14, 24, 250, 1, 23, 84, 2759 }, // U+011B
    { 20, 29, 333, 1, 28, 145, 2843 }, // U+011C
    { 16, 30, 251, 0, 23, 120, 2988 }, // U+011D
    { 20, 28, 333, 1, 27, 140, 3108 }, // U+011E
    { 16, 29, 251, 0, 22, 116, 3248 }, // U+011F
    { 20, 29, 333, 1, 28, 145, 3364 }, // U+0120
    { 16, 30, 251, 0, 23, 120, 3509 }, // U+0121
    { 20, 29, 333, 1, 22, 145, 3629 }, // U+0122
    { 16, 30, 251, 0, 23, 120, 3774 }, // U+0123
    { 22, 28, 370, 1, 28, 154, 3894 }, // U+0124
    { 18, 29, 296, 0, 29, 131, 4048 }, // U+0125
    { 22, 21, 370, 1, 21, 116, 4179 }, // U+0126
    { 18, 23, 296, 0, 23, 104, 4295 }, // U+0127
    { 11, 27, 171, 0, 27, 75, 4399 }, // U+0128
    { 11, 22, 149, -1, 22, 61, 4474 }, // U+0129
    { 9, 25, 171, 1, 25, 57, 4535 }, // U+012A
    { 9, 20, 149, 0, 20, 45, 4592 }, // U+012B
    { 9, 27, 171, 1, 27, 61, 4637 }, // U+012C
    { 9, 22, 149, 0, 22, 50, 4698 }, // U+012D
    { 9, 28, 171, 1, 21, 63, 4748 }, // U+012E
    { 9, 30, 149, 0, 23, 68, 4811 }, // U+012F
    { 9, 28, 171, 1, 28, 63, 4879 }, // U+0130
    { 9, 16, 149, 0, 16, 36, 4942 }, // U+0131
    { 19, 28, 325, 1, 21, 133, 4978 }, // U+0132
    { 16, 30, 289, 0, 23, 120, 5111 }, // U+0133
    { 11, 35, 167, -1, 28, 97, 5231 }, // U+0134
    { 10, 30, 140, -1, 23, 75, 5328 }, // U+0135
    { 20, 28, 327, 1, 21, 140, 5403 }, // U+0136
    { 18, 30, 273, 0, 23, 135, 5543 }, // U+0137
    { 18, 16, 273, 0, 16, 72, 5678 }, // U+0138
    { 16, 28, 291, 1, 28, 112, 5750 }, // U+0139
    { 9, 29, 145, 0, 29, 66, 5862 }, // U+013A
    { 16, 28, 291, 1, 21, 112, 5928 }, // U+013B
    { 9, 30, 145, 0, 23, 68, 6040 }, // U+013C
    { 16, 21, 291, 1, 21, 84, 6108 }, // U+013D
    { 11, 23, 145, 0, 23, 64, 6192 }, // U+013E
    { 16, 21, 291, 1, 21, 84, 6256 }, // U+013F
    { 12, 23, 173, 0, 23, 69, 6340 }, // U+0140
    { 16, 21, 291, 1, 21, 84, 6409 }, // U+0141
    { 10, 23, 151, 0, 23, 58, 6493 }, // U+0142
    { 21, 28, 356, 1, 28, 147, 6551 }, // U+0143
    { 18, 23, 301, 0, 23, 104, 6698 }, // U+0144
    { 21, 28, 356, 1, 21, 147, 6802 }, // U+0145
    { 18, 23, 301, 0, 16, 104, 6949 }, // U+0146
    { 21, 28, 356, 1, 28, 147, 7053 }, // U+0147
    { 18, 23, 301, 0, 23, 104, 7200 }, // U+0148
    { 22, 21, 364, 0, 21, 116, 7304 }, // U+0149
    { 21, 28, 356, 1, 21, 147, 7420 }, // U+014A
    { 16, 23, 296, 0, 16, 92, 7567 }, // U+014B
    { 19, 26, 346, 1, 25, 124, 7659 }, // U+014C
    { 15, 21, 269, 1, 20, 79, 7783 }, // U+014D
    { 19, 28, 346, 1, 27, 133, 7862 }, // U+014E
    { 15, 23, 269, 1, 22, 87, 7995 }, // U+014F
    { 19, 29, 346, 1, 28, 138, 8082 }, // U+0150
    { 15, 24, 269, 1, 23, 90, 8220 }, // U+0151
    { 26, 23, 448, 1, 22, 150, 8310 }, // U+0152
    { 24, 17, 422, 1, 16, 102, 8460 }, // U+0153
    { 19, 28, 306, 1, 28, 133, 8562 }, // U+0154
    { 14, 23, 220, 0, 23, 81, 8695 }, // U+0155
    { 19, 28, 306, 1, 21, 133, 8776 }, // U+0156
    { 14, 23, 220, 0, 16, 81, 8909 }, // U+0157
    { 19, 28, 306, 1, 28, 133, 8990 }, // U+0158
    { 14, 23, 220, 0, 23, 81, 9123 }, // U+0159
    { 14, 29, 254, 1, 28, 102, 9204 }, // U+015A
    { 11, 24, 211, 1, 23, 66, 9306 }, // U+015B
    { 14, 29, 254, 1, 28, 102, 9372 }, // U+015C
    { 11, 24, 211, 1, 23, 66, 9474 }, // U+015D
    { 14, 29, 254, 1, 22, 102, 9540 }, // U+015E
    { 11, 23, 211, 1, 16, 64, 9642 }, // U+015F
    { 14, 29, 254, 1, 28, 102, 9706 }, // U+0160
    { 11, 24, 211, 1, 23, 66, 9808 }, // U+0161
    { 18, 28, 286, 0, 21, 126, 9874 }, // U+0162
    { 10, 27, 164, 0, 20, 68, 10000 }, // U+0163
    { 18, 28, 286, 0, 28, 126, 10068 }, // U+0164
    { 11, 24, 164, 0, 23, 66, 10194 }, // U+0165
    { 18, 21, 286, 0, 21, 95, 10260 }, // U+0166
    { 10, 21, 164, 0, 20, 53, 10355 }, // U+0167
    { 21, 28, 335, 0, 27, 147, 10408 }, // U+0168
    { 18, 23, 296, 0, 22, 104, 10555 }, // U+0169
    { 21, 26, 335, 0, 25, 137, 10659 }, // U+016A
    { 18, 21, 296, 0, 20, 95, 10796 }, // U+016B
    { 21, 28, 335, 0, 27, 147, 10891 }, // U+016C
    { 18, 23, 296, 0, 22, 104, 11038 }, // U+016D
    { 21, 30, 335, 0, 29, 158, 11142 }, // U+016E
    { 18, 25, 296, 0, 24, 113, 11300 }, // U+016F
    { 21, 29, 335, 0, 28, 153, 11413 }, // U+0170
    { 18, 24, 296, 0, 23, 108, 11566 }, // U+0171
    { 21, 28, 338, 0, 21, 147, 11674 }, // U+0172
    { 18, 23, 296, 0, 16, 104, 11821 }, // U+0173
    { 31, 28, 489, 0, 28, 217, 11925 }, // U+0174
    { 26, 23, 402, 0, 23, 150, 12142 }, // U+0175
    { 20, 28, 292, -1, 28, 140, 12292 }, // U+0176
    { 17, 30, 264, 0, 23, 128, 12432 }, // U+0177
    { 20, 27, 292, -1, 27, 135, 12560 }, // U+0178
    { 16, 28, 276, 1, 28, 112, 12695 }, // U+0179
    { 13, 23, 239, 1, 23, 75, 12807 }, // U+017A
    { 16, 28, 276, 1, 28, 112, 12882 }, // U+017B
    { 13, 23, 239, 1, 23, 75, 12994 }, // U+017C
    { 16, 28, 276, 1, 28, 112, 13069 }, // U+017D
    { 13, 23, 239, 1, 23, 75, 13181 }, // U+017E
    { 13, 23, 166, 0, 23, 75, 13256 }, // U+017F
    { 22, 24, 363, 1, 23, 132, 0 }, // U+01A0
    { 18, 20, 283, 1, 19, 90, 132 }, // U+01A1
    { 23, 24, 363, 0, 23, 138, 222 }, // U+01AF
    { 21, 20, 316, 0, 19, 105, 360 }, // U+01B0
    { 37, 28, 616, 1, 28, 259, 465 }, // U+01C4
    { 34, 23, 578, 1, 23, 196, 724 }, // U+01C5
    { 31, 24, 525, 1, 23, 186, 920 }, // U+01C6
    { 27, 28, 457, 1, 21, 189, 1106 }, // U+01C7
    { 24, 30, 431, 1, 23, 180, 1295 }, // U+01C8
    { 16, 30, 285, 0, 23, 120, 1475 }, // U+01C9
    { 31, 28, 523, 1, 21, 217, 1595 }, // U+01CA
    { 28, 30, 496, 1, 23, 210, 1812 }, // U+01CB
    { 25, 30, 441, 0, 23, 188, 2022 }, // U+01CC
    { 21, 28, 329, 0, 28, 147, 2210 }, // U+01CD
    { 15, 24, 263, 1, 23, 90, 2357 }, // U+01CE
    { 9, 28, 171, 1, 28, 63, 2447 }, // U+01CF
    { 9, 23, 149, 0, 23, 52, 2510 }, // U+01D0
    { 19, 29, 346, 1, 28, 138, 2562 }, // U+01D1
    { 15, 24, 269, 1, 23, 90, 2700 }, // U+01D2
    { 21, 29, 335, 0, 28, 153, 2790 }, // U+01D3
    { 18, 24, 296, 0, 23, 108, 2943 }, // U+01D4
    { 21, 31, 335, 0, 30, 163, 3051 }, // U+01D5
    { 18, 26, 296, 0, 25, 117, 3214 }, // U+01D6
    { 21, 32, 335, 0, 31, 168, 3331 }, // U+01D7
    { 18, 27, 296, 0, 26, 122, 3499 }, // U+01D8
    { 21, 32, 335, 0, 31, 168, 3621 }, // U+01D9
    { 18, 27, 296, 0, 26, 122, 3789 }, // U+01DA
    { 21, 32, 335, 0, 31, 168, 3911 }, // U+01DB
    { 18, 27, 296, 0, 26, 122, 4079 }, // U+01DC
    { 13, 17, 250, 1, 16, 56, 4201 }, // U+01DD
    { 21, 30, 329, 0, 30, 158, 4257 }, // U+01DE
    { 15, 26, 263, 1, 25, 98, 4415 }, // U+01DF
    { 21, 29, 329, 0, 29, 153, 4513 }, // U+01E0
    { 15, 26, 263, 1, 25, 98, 4666 }, // U+01E1
    { 27, 25, 444, 0, 25, 169, 4764 }, // U+01E2
    { 23, 21, 393, 1, 20, 121, 4933 }, // U+01E3
    { 20, 23, 333, 1, 22, 115, 5054 }, // U+01E4
    { 17, 24, 251, 0, 17, 102, 5169 }, // U+01E5
    { 20, 29, 333, 1, 28, 145, 5271 }, // U+01E6
    { 16, 30, 251, 0, 23, 120, 5416 }, // U+01E7
    { 20, 28, 327, 1, 28, 140, 5536 }, // U+01E8
    { 18, 29, 273, 0, 29, 131, 5676 }, // U+01E9
    { 19, 29, 346, 1, 22, 138, 5807 }, // U+01EA
    { 15, 23, 269, 1, 16, 87, 5945 }, // U+01EB
    { 19, 32, 346, 1, 25, 152, 6032 }, // U+01EC
    { 15, 27, 269, 1, 20, 102, 6184 }, // U+01ED
    { 15, 29, 281, 1, 28, 109, 6286 }, // U+01EE
    { 14, 30, 255, 1, 23, 105, 6395 }, // U+01EF
    { 10, 30, 140, -1, 23, 75, 6500 }, // U+01F0
    { 37, 21, 616, 1, 21, 195, 6575 }, // U+01F1
    { 34, 21, 578, 1, 21, 179, 6770 }, // U+01F2
    { 31, 24, 525, 1, 23, 186, 6949 }, // U+01F3
    { 20, 29, 333, 1, 28, 145, 7135 }, // U+01F4
    { 16, 30, 251, 0, 23, 120, 7280 }, // U+01F5
    { 30, 22, 497, 1, 21, 165, 7400 }, // U+01F6
    { 20, 29, 324, 0, 22, 145, 7565 }, // U+01F7
    { 21, 28, 356, 1, 28, 147, 7710 }, // U+01F8
    { 18, 23, 301, 0, 23, 104, 7857 }, // U+01F9
    { 21, 28, 329, 0, 28, 147, 7961 }, // U+01FA
    { 15, 29, 263, 1, 28, 109, 8108 }, // U+01FB
    { 27, 28, 444, 0, 28, 189, 8217 }, // U+01FC
    { 23, 24, 393, 1, 23, 138, 8406 }, // U+01FD
    { 19, 30, 346, 1, 28, 143, 8544 }, // U+01FE
    { 15, 25, 269, 1, 23, 94, 8687 }, // U+01FF
    { 21, 28, 329, 0, 28, 147, 8781 }, // U+0200
    { 15, 24, 263, 1, 23, 90, 8928 }, // U+0201
    { 21, 27, 329, 0, 27, 142, 9018 }, // U+0202
    { 15, 23, 263, 1, 22, 87, 9160 }, // U+0203
    { 16, 28, 291, 1, 28, 112, 9247 }, // U+0204
    { 14, 24, 250, 1, 23, 84, 9359 }, // U+0205
    { 16, 27, 291, 1, 27, 108, 9443 }, // U+0206
    { 14, 23, 250, 1, 22, 81, 9551 }, // U+0207
    { 12, 28, 171, -2, 28, 84, 9632 }, // U+0208
    { 12, 23, 149, -3, 23, 69, 9716 }, // U+0209
    { 9, 27, 171, 1, 27, 61, 9785 }, // U+020A
    { 9, 22, 149, 0, 22, 50, 9846 }, // U+020B
    { 19, 29, 346, 1, 28, 138, 9896 }, // U+020C
    { 15, 24, 269, 1, 23, 90, 10034 }, // U+020D
    { 19, 28, 346, 1, 27, 133, 10124 }, // U+020E
    { 15, 23, 269, 1, 22, 87, 10257 }, // U+020F
    { 19, 28, 306, 1, 28, 133, 10344 }, // U+0210
    { 14, 23, 220, 0, 23, 81, 10477 }, // U+0211
    { 19, 27, 306, 1, 27, 129, 10558 }, // U+0212
    { 14, 22, 220, 0, 22, 77, 10687 }, // U+0213
    { 21, 29, 335, 0, 28, 153, 10764 }, // U+0214
    { 18, 24, 296, 0, 23, 108, 10917 }, // U+0215
    { 21, 28, 335, 0, 27, 147, 11025 }, // U+0216
    { 18, 23, 296, 0, 22, 104, 11172 }, // U+0217
    { 14, 29, 254, 1, 22, 102, 11276 }, // U+0218
    { 11, 23, 211, 1, 16, 64, 11378 }, // U+0219
    { 18, 28, 286, 0, 21, 126, 11442 }, // U+021A
    { 10, 27, 164, 0, 20, 68, 11568 }, // U+021B
    { 15, 27, 282, 1, 22, 102, 11636 }, // U+021C
    { 13, 23, 231, 1, 16, 75, 11738 }, // U+021D
    { 22, 28, 370, 1, 28, 154, 11813 }, // U+021E
    { 18, 29, 296, 0, 29, 131, 11967 }, // U+021F
    { 7, 6, 0, -13, 23, 11, 0 }, // U+0300
    { 6, 6, 0, -9, 23, 9, 11 }, // U+0301
    { 9, 6, 0, -13, 23, 14, 20 }, // U+0302
    { 11, 5, 0, -15, 22, 14, 34 }, // U+0303
    { 10, 3, 0, -5, 20, 8, 48 }, // U+0304
    { 12, 2, 0, -6, 24, 6, 56 }, // U+0305
    { 10, 5, 0, -5, 22, 13, 62 }, // U+0306
    { 4, 5, 0, -2, 23, 5, 75 }, // U+0307
    { 10, 4, 0, -5, 22, 10, 80 }, // U+0308
    { 7, 7, 0, -12, 24, 13, 90 }, // U+0309
    { 8, 7, 0, -4, 24, 14, 103 }, // U+030A
    { 12, 6, 0, -5, 23, 18, 117 }, // U+030B
    { 9, 6, 0, -13, 23, 14, 135 }, // U+030C
    { 2, 6, 0, -1, 23, 3, 149 }, // U+030D
    { 6, 6, 0, -3, 23, 9, 152 }, // U+030E
    { 12, 6, 0, -16, 23, 18, 161 }, // U+030F
    { 10, 8, 0, -5, 25, 20, 179 }, // U+0310
    { 10, 5, 0, -5, 22, 13, 199 }, // U+0311
    { 6, 9, 0, -3, 21, 14, 212 }, // U+0312
    { 6, 9, 0, -3, 21, 14, 226 }, // U+0313
    { 6, 9, 0, -3, 21, 14, 240 }, // U+0314
    { 6, 9, 0, -3, 21, 14, 254 }, // U+0315
    { 6, 6, 0, -3, -1, 9, 268 }, // U+0316
    { 6, 6, 0, -3, -1, 9, 277 }, // U+0317
    { 6, 6, 0, -3, -1, 9, 286 }, // U+0318
    { 6, 6, 0, -3, -1, 9, 295 }, // U+0319
    { 8, 8, 161, 0, 23, 16, 304 }, // U+031A
    { 5, 8, 0, -3, 23, 10, 320 }, // U+031B
    { 4, 7, 0, -2, 0, 7, 330 }, // U+031C
    { 6, 5, 0, -3, -1, 8, 337 }, // U+031D
    { 6, 5, 0, -3, -1, 8, 345 }, // U+031E
    { 6, 6, 0, -3, -1, 9, 353 }, // U+031F
    { 8, 3, 0, -4, -2, 6, 362 }, // U+0320
    { 6, 8, 0, -6, 2, 12, 368 }, // U+0321
    { 6, 8, 0, 0, 2, 12, 380 }, // U+0322
    { 4, 5, 0, -11, -1, 5, 392 }, // U+0323
    { 10, 4, 0, -5, -2, 10, 397 }, // U+0324
    { 8, 6, 0, -4, -1, 12, 407 }, // U+0325
    { 4, 6, 0, -2, -1, 6, 419 }, // U+0326
    { 8, 8, 0, -4, 1, 16, 425 }, // U+0327
    { 8, 7, 0, -4, 0, 14, 441 }, // U+0328
    { 2, 5, 0, -1, -1, 3, 455 }, // U+0329
    { 12, 5, 0, -6, -2, 15, 458 }, // U+032A
    { 10, 5, 0, -5, -1, 13, 473 }, // U+032B
    { 10, 6, 0, -5, -1, 15, 486 }, // U+032C
    { 10, 6, 0, -5, -1, 15, 501 }, // U+032D
    { 10, 5, 0, -5, -1, 13, 516 }, // U+032E
    { 10, 5, 0, -5, -1, 13, 529 }, // U+032F
    { 12, 5, 0, -6, -1, 15, 542 }, // U+0330
    { 10, 3, 0, -5, -2, 8, 557 }, // U+0331
    { 14, 3, 0, -7, -2, 11, 565 }, // U+0332
    { 14, 6, 0, -7, -1, 21, 576 }, // U+0333
    { 12, 5, 0, -6, 11, 15, 597 }, // U+0334
    { 12, 3, 0, -6, 10, 9, 612 }, // U+0335
    { 20, 3, 0, -10, 10, 15, 621 }, // U+0336
    { 10, 8, 0, -5, 12, 20, 636 }, // U+0337
    { 12, 26, 0, -6, 23, 78, 656 }, // U+0338
    { 4, 7, 0, -2, 0, 7, 734 }, // U+0339
    { 12, 5, 0, -6, -2, 15, 741 }, // U+033A
    { 12, 6, 0, -6, -1, 18, 756 }, // U+033B
    { 10, 5, 0, -5, -1, 13, 774 }, // U+033C
    { 6, 6, 0, -3, 23, 9, 787 }, // U+033D
    { 4, 10, 0, -2, 26, 10, 796 }, // U+033E
    { 14, 6, 0, -7, 28, 21, 806 }, // U+033F
    { 6, 6, 0, -4, 23, 9, 827 }, // U+0340
    { 6, 6, 0, -2, 23, 9, 836 }, // U+0341
    { 12, 5, 0, -6, 22, 15, 845 }, // U+0342
    { 5, 7, 0, -3, 24, 9, 860 }, // U+0343
    { 12, 7, 0, -5, 23, 21, 869 }, // U+0344
    { 6, 5, 0, 1, -2, 8, 890 }, // U+0345
    { 12, 5, 0, -6, 22, 15, 898 }, // U+0346
    { 14, 6, 0, -7, -1, 21, 913 }, // U+0347
    { 6, 6, 0, -3, 0, 9, 934 }, // U+0348
    { 6, 5, 0, -3, -2, 8, 943 }, // U+0349
    { 12, 7, 0, -6, 23, 21, 951 }, // U+034A
    { 12, 11, 0, -6, 27, 33, 972 }, // U+034B
    { 12, 10, 0, -6, 26, 30, 1005 }, // U+034C
    { 10, 6, 0, -5, -1, 15, 1035 }, // U+034D
    { 6, 7, 0, -3, 0, 11, 1050 }, // U+034E
    { 22, 21, 0, -11, 21, 116, 1061 }, // U+034F
    { 6, 7, 0, -3, 23, 11, 1177 }, // U+0350
    { 4, 7, 0, -2, 24, 7, 1188 }, // U+0351
    { 10, 8, 0, -5, 25, 20, 1195 }, // U+0352
    { 6, 6, 0, -3, -1, 9, 1215 }, // U+0353
    { 6, 7, 0, -3, -1, 11, 1224 }, // U+0354
    { 6, 7, 0, -3, -1, 11, 1235 }, // U+0355
    { 12, 6, 0, -6, -1, 18, 1246 }, // U+0356
    { 4, 7, 0, -2, 24, 7, 1264 }, // U+0357
    { 4, 5, 0, 3, 23, 5, 1271 }, // U+0358
    { 8, 7, 0, -4, 0, 14, 1276 }, // U+0359
    { 12, 6, 0, -6, -1, 18, 1290 }, // U+035A
    { 6, 6, 0, -3, 23, 9, 1308 }, // U+035B
    { 22, 7, 0, -11, 0, 39, 1317 }, // U+035C
    { 22, 6, 0, -11, 23, 33, 1356 }, // U+035D
    { 18, 3, 0, -9, 20, 14, 1389 }, // U+035E
    { 18, 3, 0, -9, -2, 14, 1403 }, // U+035F
    { 24, 4, 0, -12, 22, 24, 1417 }, // U+0360
    { 22, 7, 0, -11, 25, 39, 1441 }, // U+0361
    { 18, 6, 0, -9, -1, 27, 1480 }, // U+0362
    { 7, 8, 0, -3, 25, 14, 1507 }, // U+0363
    { 7, 8, 0, -3, 25, 14, 1521 }, // U+0364
    { 5, 9, 0, -2, 27, 12, 1535 }, // U+0365
    { 7, 8, 0, -3, 25, 14, 1547 }, // U+0366
    { 9, 8, 0, -4, 25, 18, 1561 }, // U+0367
    { 6, 8, 0, -3, 25, 12, 1579 }, // U+0368
    { 8, 10, 0, -3, 27, 20, 1591 }, // U+0369
    { 9, 9, 0, -4, 27, 21, 1611 }, // U+036A
    { 13, 7, 0, -6, 25, 23, 1632 }, // U+036B
    { 7, 7, 0, -3, 25, 13, 1655 }, // U+036C
    { 5, 9, 0, -2, 26, 12, 1668 }, // U+036D
    { 9, 7, 0, -4, 25, 16, 1680 }, // U+036E
    { 9, 7, 0, -4, 25, 16, 1696 }, // U+036F
    { 16, 28, 293, 1, 28, 112, 0 }, // U+0400
    { 16, 27, 293, 1, 27, 108, 112 }, // U+0401
    { 22, 21, 369, 0, 21, 116, 220 }, // U+0402
    { 15, 28, 263, 1, 28, 105, 336 }, // U+0403
    { 16, 23, 286, 1, 22, 92, 441 }, // U+0404
    { 14, 23, 257, 1, 22, 81, 533 }, // U+0405
    { 9, 21, 173, 1, 21, 48, 614 }, // U+0406
    { 9, 27, 173, 1, 27, 61, 662 }, // U+0407
    { 11, 28, 168, -1, 21, 77, 723 }, // U+0408
    { 27, 22, 450, 0, 21, 149, 800 }, // U+0409
    { 28, 21, 475, 1, 21, 147, 949 }, // U+040A
    { 24, 21, 398, 0, 21, 126, 1096 }, // U+040B
    { 20, 28, 329, 1, 28, 140, 1222 }, // U+040C
    { 22, 28, 377, 1, 28, 154, 1362 }, // U+040D
    { 20, 28, 303, 0, 27, 140, 1516 }, // U+040E
    { 21, 27, 367, 1, 21, 142, 1656 }, // U+040F
    { 21, 21, 329, 0, 21, 111, 1798 }, // U+0410
    { 16, 21, 294, 1, 21, 84, 1909 }, // U+0411
    { 17, 21, 306, 1, 21, 90, 1993 }, // U+0412
    { 15, 21, 263, 1, 21, 79, 2083 }, // U+0413
    { 21, 27, 346, 0, 21, 142, 2162 }, // U+0414
    { 16, 21, 293, 1, 21, 84, 2304 }, // U+0415
    { 30, 21, 457, -1, 21, 158, 2388 }, // U+0416
    { 15, 23, 278, 1, 22, 87, 2546 }, // U+0417
    { 22, 21, 377, 1, 21, 116, 2633 }, // U+0418
    { 22, 27, 377, 1, 27, 149, 2749 }, // U+0419
    { 20, 21, 329, 1, 21, 105, 2898 }, // U+041A
    { 21, 22, 342, 0, 21, 116, 3003 }, // U+041B
    { 26, 21, 446, 1, 21, 137, 3119 }, // U+041C
    { 22, 21, 372, 1, 21, 116, 3256 }, // U+041D
    { 19, 23, 345, 1, 22, 110, 3372 }, // U+041E
    { 21, 21, 367, 1, 21, 111, 3482 }, // U+041F
    { 16, 21, 285, 1, 21, 84, 3593 }, // U+0420
    { 16, 23, 286, 1, 22, 92, 3677 }, // U+0421
    { 18, 21, 291, 0, 21, 95, 3769 }, // U+0422
    { 20, 22, 303, 0, 21, 110, 3864 }, // U+0423
    { 23, 23, 401, 1, 22, 133, 3974 }, // U+0424
    { 20, 21, 310, 0, 21, 105, 4107 }, // U+0425
    { 21, 27, 367, 1, 21, 142, 4212 }, // U+0426
    { 21, 21, 353, 0, 21, 111, 4354 }, // U+0427
    { 30, 21, 501, 1, 21, 158, 4465 }, // U+0428
    { 30, 27, 501, 1, 21, 203, 4623 }, // U+0429
    { 20, 21, 335, 0, 21, 105, 4826 }, // U+042A
    { 25, 21, 427, 1, 21, 132, 4931 }, // U+042B
    { 16, 21, 289, 1, 21, 84, 5063 }, // U+042C
    { 16, 23, 293, 1, 22, 92, 5147 }, // U+042D
    { 28, 23, 476, 1, 22, 161, 5239 }, // U+042E
    { 20, 21, 307, -1, 21, 105, 5400 }, // U+042F
    { 15, 17, 266, 1, 16, 64, 5505 }, // U+0430
    { 15, 24, 272, 1, 23, 90, 5569 }, // U+0431
    { 14, 16, 258, 1, 16, 56, 5659 }, // U+0432
    { 13, 16, 222, 1, 16, 52, 5715 }, // U+0433
    { 17, 22, 288, 0, 16, 94, 5767 }, // U+0434
    { 14, 17, 250, 1, 16, 60, 5861 }, // U+0435
    { 24, 16, 373, 0, 16, 96, 5921 }, // U+0436
    { 12, 17, 222, 1, 16, 51, 6017 }, // U+0437
    { 18, 16, 315, 1, 16, 72, 6068 }, // U+0438
    { 18, 22, 315, 1, 22, 99, 6140 }, // U+0439
    { 17, 16, 276, 1, 16, 68, 6239 }, // U+043A
    { 17, 17, 286, 0, 16, 73, 6307 }, // U+043B
    { 22, 16, 385, 1, 16, 88, 6380 }, // U+043C
    { 18, 16, 313, 1, 16, 72, 6468 }, // U+043D
    { 15, 17, 270, 1, 16, 64, 6540 }, // U+043E
    { 18, 16, 308, 1, 16, 72, 6604 }, // U+043F
    { 17, 23, 297, 1, 16, 98, 6676 }, // U+0440
    { 13, 17, 230, 1, 16, 56, 6774 }, // U+0441
    { 15, 16, 247, 0, 16, 60, 6830 }, // U+0442
    { 17, 24, 266, 0, 16, 102, 6890 }, // U+0443
    { 19, 31, 338, 1, 23, 148, 6992 }, // U+0444
    { 17, 16, 270, 0, 16, 68, 7140 }, // U+0445
    { 18, 22, 308, 1, 16, 99, 7208 }, // U+0446
    { 18, 16, 295, 0, 16, 72, 7307 }, // U+0447
    { 26, 16, 440, 1, 16, 104, 7379 }, // U+0448
    { 26, 22, 440, 1, 16, 143, 7483 }, // U+0449
    { 18, 16, 289, 0, 16, 72, 7626 }, // U+044A
    { 22, 16, 383, 1, 16, 88, 7698 }, // U+044B
    { 14, 16, 251, 1, 16, 56, 7786 }, // U+044C
    { 13, 17, 231, 1, 16, 56, 7842 }, // U+044D
    { 22, 17, 386, 1, 16, 94, 7898 }, // U+044E
    { 16, 16, 266, 0, 16, 64, 7992 }, // U+044F
    { 14, 24, 250, 1, 23, 84, 8056 }, // U+0450
    { 14, 23, 250, 1, 22, 81, 8140 }, // U+0451
    { 16, 30, 282, 0, 23, 120, 8221 }, // U+0452
    { 13, 23, 222, 1, 23, 75, 8341 }, // U+0453
    { 13, 17, 230, 1, 16, 56, 8416 }, // U+0454
    { 12, 17, 211, 1, 16, 51, 8472 }, // U+0455
    { 10, 23, 161, 0, 23, 58, 8523 }, // U+0456
    { 10, 23, 161, 0, 23, 58, 8581 }, // U+0457
    { 7, 30, 151, 0, 23, 53, 8639 }, // U+0458
    { 23, 17, 368, 0, 16, 98, 8692 }, // U+0459
    { 24, 16, 396, 1, 16, 96, 8790 }, // U+045A
    { 19, 23, 308, 0, 23, 110, 8886 }, // U+045B
    { 17, 23, 276, 1, 23, 98, 8996 }, // U+045C
    { 18, 23, 315, 1, 23, 104, 9094 }, // U+045D
    { 17, 30, 266, 0, 22, 128, 9198 }, // U+045E
    { 18, 22, 308, 1, 16, 99, 9326 }, // U+045F
    { 28, 22, 458, 0, 22, 154, 9425 }, // U+0460
    { 23, 16, 379, 0, 16, 92, 9579 }, // U+0461
    { 19, 21, 311, 0, 21, 100, 9671 }, // U+0462
    { 16, 23, 278, 0, 23, 92, 9771 }, // U+0463
    { 25, 23, 425, 1, 22, 144, 9863 }, // U+0464
    { 23, 17, 371, 0, 16, 98, 10007 }, // U+0465
    { 21, 21, 323, 0, 21, 111, 10105 }, // U+0466
    { 18, 16, 275, 0, 16, 72, 10216 }, // U+0467
    { 30, 21, 489, 1, 21, 158, 10288 }, // U+0468
    { 25, 16, 388, 0, 16, 100, 10446 }, // U+0469
    { 23, 21, 367, 0, 21, 121, 10546 }, // U+046A
    { 21, 16, 328, 0, 16, 84, 10667 }, // U+046B
    { 33, 21, 531, 1, 21, 174, 10751 }, // U+046C
    { 28, 16, 441, 0, 16, 112, 10925 }, // U+046D
    { 16, 32, 281, 1, 25, 128, 11037 }, // U+046E
    { 14, 26, 228, 0, 20, 91, 11165 }, // U+046F
    { 24, 21, 386, 0, 21, 126, 11256 }, // U+0470
    { 19, 30, 324, 0, 23, 143, 11382 }, // U+0471
    { 19, 23, 346, 1, 22, 110, 11525 }, // U+0472
    { 15, 17, 269, 1, 16, 64, 11635 }, // U+0473
    { 21, 21, 324, 0, 21, 111, 11699 }, // U+0474
    { 18, 16, 274, 0, 16, 72, 11810 }, // U+0475
    { 21, 28, 324, 0, 28, 147, 11882 }, // U+0476
    { 18, 23, 274, 0, 23, 104, 12029 }, // U+0477
    { 35, 29, 574, 1, 22, 254, 12133 }, // U+0478
    { 30, 23, 487, 1, 16, 173, 12387 }, // U+0479
    { 21, 25, 365, 1, 23, 132, 12560 }, // U+047A
    { 16, 20, 297, 1, 18, 80, 12692 }, // U+047B
    { 26, 31, 458, 1, 30, 202, 12772 }, // U+047C
    { 21, 27, 368, 1, 26, 142, 12974 }, // U+047D
    { 28, 26, 458, 0, 26, 182, 13116 }, // U+047E
    { 23, 21, 379, 0, 21, 121, 13298 }, // U+047F
    { 16, 29, 287, 1, 22, 116, 13419 }, // U+0480
    { 13, 23, 230, 1, 16, 75, 13535 }, // U+0481
    { 16, 20, 284, 1, 19, 80, 13610 }, // U+0482
    { 12, 5, 0, -6, 21, 15, 13690 }, // U+0483
    { 12, 5, 0, -6, 22, 15, 13705 }, // U+0484
    { 4, 6, 0, -2, 23, 6, 13720 }, // U+0485
    { 4, 6, 0, -2, 23, 6, 13726 }, // U+0486
    { 12, 4, 0, -6, 26, 12, 13732 }, // U+0487
    { 36, 34, 0, -18, 25, 306, 13744 }, // U+0488
    { 36, 36, 0, -18, 26, 324, 14050 }, // U+0489
    { 23, 34, 378, 1, 27, 196, 14374 }, // U+048A
    { 18, 29, 315, 1, 22, 131, 14570 }, // U+048B
    { 16, 23, 282, 1, 23, 92, 14701 }, // U+048C
    { 16, 19, 278, 0, 19, 76, 14793 }, // U+048D
    { 16, 21, 282, 1, 21, 84, 14869 }, // U+048E
    { 17, 23, 287, 0, 16, 98, 14953 }, // U+048F
    { 15, 25, 254, 1, 25, 94, 15051 }, // U+0490
    { 13, 19, 208, 0, 19, 62, 15145 }, // U+0491
    { 16, 21, 262, 0, 21, 84, 15207 }, // U+0492
    { 13, 16, 214, 0, 16, 52, 15291 }, // U+0493
    { 18, 29, 307, 1, 21, 131, 15343 }, // U+0494
    { 16, 23, 256, 0, 16, 92, 15474 }, // U+0495
    { 30, 28, 483, 0, 21, 210, 15566 }, // U+0496
    { 27, 23, 429, 0, 16, 156, 15776 }, // U+0497
    { 15, 29, 281, 1, 22, 109, 15932 }, // U+0498
    { 12, 23, 228, 1, 16, 69, 16041 }, // U+0499
    { 20, 28, 346, 1, 21, 140, 16110 }, // U+049A
    { 19, 23, 300, 0, 16, 110, 16250 }, // U+049B
    { 20, 21, 341, 1, 21, 105, 16360 }, // U+049C
    { 19, 16, 301, 0, 16, 76, 16465 }, // U+049D
    { 19, 21, 327, 1, 21, 100, 16541 }, // U+049E
    { 18, 23, 287, 0, 23, 104, 16641 }, // U+049F
    { 23, 21, 366, 0, 21, 121, 16745 }, // U+04A0
    { 21, 16, 330, 0, 16, 84, 16866 }, // U+04A1
    { 22, 28, 370, 1, 21, 154, 16950 }, // U+04A2
    { 20, 23, 321, 0, 16, 115, 17104 }, // U+04A3
    { 25, 21, 410, 1, 21, 132, 17219 }, // U+04A4
    { 23, 16, 365, 0, 16, 92, 17351 }, // U+04A5
    { 29, 29, 492, 1, 21, 211, 17443 }, // U+04A6
    { 26, 23, 414, 0, 16, 150, 17654 }, // U+04A7
    { 20, 24, 345, 1, 22, 120, 17804 }, // U+04A8
    { 17, 17, 291, 1, 16, 73, 17924 }, // U+04A9
    { 16, 29, 287, 1, 22, 116, 17997 }, // U+04AA
    { 13, 23, 230, 1, 16, 75, 18113 }, // U+04AB
    { 18, 28, 286, 0, 21, 126, 18188 }, // U+04AC
    { 16, 23, 255, 0, 16, 92, 18314 }, // U+04AD
    { 20, 21, 292, -1, 21, 105, 18406 }, // U+04AE
    { 17, 23, 270, 0, 16, 98, 18511 }, // U+04AF
    { 20, 21, 292, -1, 21, 105, 18609 }, // U+04B0
    { 17, 23, 270, 0, 16, 98, 18714 }, // U+04B1
    { 20, 28, 330, 0, 21, 140, 18812 }, // U+04B2
    { 18, 23, 286, 0, 16, 104, 18952 }, // U+04B3
    { 26, 28, 417, 0, 21, 182, 19056 }, // U+04B4
    { 24, 23, 380, 0, 16, 138, 19238 }, // U+04B5
    { 22, 28, 353, 0, 21, 154, 19376 }, // U+04B6
    { 18, 23, 299, 0, 16, 104, 19530 }, // U+04B7
    { 21, 21, 353, 0, 21, 111, 19634 }, // U+04B8
    { 18, 16, 295, 0, 16, 72, 19745 }, // U+04B9
    { 21, 21, 353, 1, 21, 111, 19817 }, // U+04BA
    { 18, 23, 296, 0, 23, 104, 19928 }, // U+04BB
    { 22, 23, 377, 0, 22, 127, 20032 }, // U+04BC
    { 18, 17, 298, 0, 16, 77, 20159 }, // U+04BD
    { 22, 29, 377, 0, 22, 160, 20236 }, // U+04BE
    { 18, 23, 298, 0, 16, 104, 20396 }, // U+04BF
    { 9, 21, 171, 1, 21, 48, 20500 }, // U+04C0
    { 30, 27, 457, -1, 27, 203, 20548 }, // U+04C1
    { 24, 22, 373, 0, 22, 132, 20751 }, // U+04C2
    { 19, 29, 324, 1, 21, 138, 20883 }, // U+04C3
    { 18, 23, 286, 0, 16, 104, 21021 }, // U+04C4
    { 21, 28, 341, 0, 21, 147, 21125 }, // U+04C5
    { 17, 23, 286, 0, 16, 98, 21272 }, // U+04C6
    { 22, 28, 365, 1, 21, 154, 21370 }, // U+04C7
    { 20, 23, 317, 0, 16, 115, 21524 }, // U+04C8
    { 22, 28, 370, 1, 21, 154, 21639 }, // U+04C9
    { 18, 23, 313, 1, 16, 104, 21793 }, // U+04CA
    { 21, 28, 353, 0, 21, 147, 21897 }, // U+04CB
    { 18, 23, 299, 0, 16, 104, 22044 }, // U+04CC
    { 26, 28, 438, 1, 21, 182, 22148 }, // U+04CD
    { 23, 23, 385, 1, 16, 133, 22330 }, // U+04CE
    { 9, 21, 171, 1, 21, 48, 22463 }, // U+04CF
    { 21, 27, 329, 0, 27, 142, 22511 }, // U+04D0
    { 15, 23, 263, 1, 22, 87, 22653 }, // U+04D1
    { 21, 27, 329, 0, 27, 142, 22740 }, // U+04D2
    { 15, 23, 263, 1, 22, 87, 22882 }, // U+04D3
    { 27, 21, 444, 0, 21, 142, 22969 }, // U+04D4
    { 23, 17, 393, 1, 16, 98, 23111 }, // U+04D5
    { 16, 27, 291, 1, 27, 108, 23209 }, // U+04D6
    { 14, 23, 250, 1, 22, 81, 23317 }, // U+04D7
    { 18, 23, 322, 1, 22, 104, 23398 }, // U+04D8
    { 13, 17, 250, 1, 16, 56, 23502 }, // U+04D9
    { 18, 28, 322, 1, 27, 126, 23558 }, // U+04DA
    { 13, 23, 250, 1, 22, 75, 23684 }, // U+04DB
    { 30, 27, 457, -1, 27, 203, 23759 }, // U+04DC
    { 24, 22, 373, 0, 22, 132, 23962 }, // U+04DD
    { 15, 28, 278, 1, 27, 105, 24094 }, // U+04DE
    { 12, 23, 222, 1, 22, 69, 24199 }, // U+04DF
    { 15, 22, 281, 1, 21, 83, 24268 }, // U+04E0
    { 14, 23, 255, 1, 16, 81, 24351 }, // U+04E1
    { 22, 25, 377, 1, 25, 138, 24432 }, // U+04E2
    { 18, 20, 315, 1, 20, 90, 24570 }, // U+04E3
    { 22, 27, 377, 1, 27, 149, 24660 }, // U+04E4
    { 18, 22, 315, 1, 22, 99, 24809 }, // U+04E5
    { 19, 28, 346, 1, 27, 133, 24908 }, // U+04E6
    { 15, 23, 269, 1, 22, 87, 25041 }, // U+04E7
    { 19, 23, 346, 1, 22, 110, 25128 }, // U+04E8
    { 15, 17, 269, 1, 16, 64, 25238 }, // U+04E9
    { 19, 28, 346, 1, 27, 133, 25302 }, // U+04EA
    { 15, 23, 269, 1, 22, 87, 25435 }, // U+04EB
    { 16, 28, 293, 1, 27, 112, 25522 }, // U+04EC
    { 13, 23, 231, 1, 22, 75, 25634 }, // U+04ED
    { 20, 26, 303, 0, 25, 130, 25709 }, // U+04EE
    { 17, 27, 264, 0, 20, 115, 25839 }, // U+04EF
    { 20, 28, 303, 0, 27, 140, 25954 }, // U+04F0
    { 17, 29, 264, 0, 22, 124, 26094 }, // U+04F1
    { 20, 29, 303, 0, 28, 145, 26218 }, // U+04F2
    { 17, 30, 264, 0, 23, 128, 26363 }, // U+04F3
    { 21, 27, 353, 0, 27, 142, 26491 }, // U+04F4
    { 18, 22, 295, 0, 22, 99, 26633 }, // U+04F5
    { 15, 28, 262, 1, 21, 105, 26732 }, // U+04F6
    { 13, 23, 214, 0, 16, 75, 26837 }, // U+04F7
    { 25, 27, 427, 1, 27, 169, 26912 }, // U+04F8
    { 22, 22, 383, 1, 22, 121, 27081 }, // U+04F9
    { 16, 27, 262, 0, 21, 108, 27202 }, // U+04FA
    { 13, 22, 214, 0, 16, 72, 27310 }, // U+04FB
    { 20, 27, 308, 0, 21, 135, 27382 }, // U+04FC
    { 17, 22, 270, 0, 16, 94, 27517 }, // U+04FD
    { 20, 21, 308, 0, 21, 105, 27611 }, // U+04FE
    { 17, 16, 270, 0, 16, 68, 27716 }, // U+04FF
    { 21, 27, 329, 0, 21, 142, 0 }, // U+1EA0
    { 15, 22, 263, 1, 16, 83, 142 }, // U+1EA1
    { 21, 29, 329, 0, 29, 153, 225 }, // U+1EA2
    { 15, 25, 263, 1, 24, 94, 378 }, // U+1EA3
    { 21, 29, 329, 0, 29, 153, 472 }, // U+1EA4
    { 15, 25, 263, 1, 24, 94, 625 }, // U+1EA5
    { 21, 29, 329, 0, 29, 153, 719 }, // U+1EA6
    { 16, 25, 263, 0, 24, 100, 872 }, // U+1EA7
    { 21, 30, 329, 0, 30, 158, 972 }, // U+1EA8
    { 15, 27, 263, 1, 26, 102, 1130 }, // U+1EA9
    { 21, 31, 329, 0, 31, 163, 1232 }, // U+1EAA
    { 15, 27, 263, 1, 26, 102, 1395 }, // U+1EAB
    { 21, 34, 329, 0, 28, 179, 1497 }, // U+1EAC
    { 15, 29, 263, 1, 23, 109, 1676 }, // U+1EAD
    { 21, 30, 329, 0, 30, 158, 1785 }, // U+1EAE
    { 15, 26, 263, 1, 25, 98, 1943 }, // U+1EAF
    { 21, 30, 329, 0, 30, 158, 2041 }, // U+1EB0
    { 15, 26, 263, 1, 25, 98, 2199 }, // U+1EB1
    { 21, 31, 329, 0, 31, 163, 2297 }, // U+1EB2
    { 15, 27, 263, 1, 26, 102, 2460 }, // U+1EB3
    { 21, 31, 329, 0, 31, 163, 2562 }, // U+1EB4
    { 15, 27, 263, 1, 26, 102, 2725 }, // U+1EB5
    { 21, 33, 329, 0, 27, 174, 2827 }, // U+1EB6
    { 15, 28, 263, 1, 22, 105, 3001 }, // U+1EB7
    { 16, 27, 291, 1, 21, 108, 3106 }, // U+1EB8
    { 14, 22, 250, 1, 16, 77, 3214 }, // U+1EB9
    { 16, 29, 291, 1, 29, 116, 3291 }, // U+1EBA
    { 14, 25, 250, 1, 24, 88, 3407 }, // U+1EBB
    { 16, 27, 291, 1, 27, 108, 3495 }, // U+1EBC
    { 14, 23, 250, 1, 22, 81, 3603 }, // U+1EBD
    { 16, 29, 291, 1, 29, 116, 3684 }, // U+1EBE
    { 15, 25, 250, 1, 24, 94, 3800 }, // U+1EBF
    { 16, 29, 291, 1, 29, 116, 3894 }, // U+1EC0
    { 15, 25, 250, 0, 24, 94, 4010 }, // U+1EC1
    { 16, 30, 291, 1, 30, 120, 4104 }, // U+1EC2
    { 14, 27, 250, 1, 26, 95, 4224 }, // U+1EC3
    { 16, 31, 291, 1, 31, 124, 4319 }, // U+1EC4
    { 14, 27, 250, 1, 26, 95, 4443 }, // U+1EC5
    { 16, 34, 291, 1, 28, 136, 4538 }, // U+1EC6
    { 14, 29, 250, 1, 23, 102, 4674 }, // U+1EC7
    { 9, 29, 171, 1, 29, 66, 4776 }, // U+1EC8
    { 9, 24, 149, 0, 24, 54, 4842 }, // U+1EC9
    { 9, 27, 171, 1, 21, 61, 4896 }, // U+1ECA
    { 9, 29, 149, 0, 23, 66, 4957 }, // U+1ECB
    { 19, 28, 346, 1, 22, 133, 5023 }, // U+1ECC
    { 15, 22, 269, 1, 16, 83, 5156 }, // U+1ECD
    { 19, 30, 346, 1, 29, 143, 5239 }, // U+1ECE
    { 15, 25, 269, 1, 24, 94, 5382 }, // U+1ECF
    { 19, 30, 346, 1, 29, 143, 5476 }, // U+1ED0
    { 16, 25, 269, 1, 24, 100, 5619 }, // U+1ED1
    { 19, 30, 346, 1, 29, 143, 5719 }, // U+1ED2
    { 16, 25, 269, 0, 24, 100, 5862 }, // U+1ED3
    { 19, 31, 346, 1, 30, 148, 5962 }, // U+1ED4
    { 15, 27, 269, 1, 26, 102, 6110 }, // U+1ED5
    { 19, 32, 346, 1, 31, 152, 6212 }, // U+1ED6
    { 15, 27, 269, 1, 26, 102, 6364 }, // U+1ED7
    { 19, 34, 346, 1, 28, 162, 6466 }, // U+1ED8
    { 15, 29, 269, 1, 23, 109, 6628 }, // U+1ED9
    { 22, 29, 363, 1, 28, 160, 6737 }, // U+1EDA
    { 18, 24, 283, 1, 23, 108, 6897 }, // U+1EDB
    { 22, 29, 363, 1, 28, 160, 7005 }, // U+1EDC
    { 18, 24, 283, 1, 23, 108, 7165 }, // U+1EDD
    { 22, 30, 363, 1, 29, 165, 7273 }, // U+1EDE
    { 18, 25, 283, 1, 24, 113, 7438 }, // U+1EDF
    { 22, 28, 363, 1, 27, 154, 7551 }, // U+1EE0
    { 18, 23, 283, 1, 22, 104, 7705 }, // U+1EE1
    { 22, 29, 363, 1, 23, 160, 7809 }, // U+1EE2
    { 18, 25, 283, 1, 19, 113, 7969 }, // U+1EE3
    { 21, 27, 335, 0, 21, 142, 8082 }, // U+1EE4
    { 18, 22, 296, 0, 16, 99, 8224 }, // U+1EE5
    { 21, 30, 335, 0, 29, 158, 8323 }, // U+1EE6
    { 18, 25, 296, 0, 24, 113, 8481 }, // U+1EE7
    { 23, 29, 363, 0, 28, 167, 8594 }, // U+1EE8
    { 21, 24, 316, 0, 23, 126, 8761 }, // U+1EE9
    { 23, 29, 363, 0, 28, 167, 8887 }, // U+1EEA
    { 21, 24, 316, 0, 23, 126, 9054 }, // U+1EEB
    { 23, 30, 363, 0, 29, 173, 9180 }, // U+1EEC
    { 21, 25, 316, 0, 24, 132, 9353 }, // U+1EED
    { 23, 28, 363, 0, 27, 161, 9485 }, // U+1EEE
    { 21, 23, 316, 0, 22, 121, 9646 }, // U+1EEF
    { 23, 29, 363, 0, 23, 167, 9767 }, // U+1EF0
    { 21, 25, 316, 0, 19, 132, 9934 }, // U+1EF1
    { 20, 28, 292, -1, 28, 140, 10066 }, // U+1EF2
    { 17, 30, 264, 0, 23, 128, 10206 }, // U+1EF3
    { 20, 27, 292, -1, 21, 135, 10334 }, // U+1EF4
    { 17, 23, 264, 0, 16, 98, 10469 }, // U+1EF5
    { 20, 29, 292, -1, 29, 145, 10567 }, // U+1EF6
    { 17, 31, 264, 0, 24, 132, 10712 }, // U+1EF7
    { 20, 27, 292, -1, 27, 135, 10844 }, // U+1EF8
    { 17, 29, 264, 0, 22, 124, 10979 }, // U+1EF9
    { 0, 0, 233, 0, 0, 0, 0 }, // U+2000
    { 0, 0, 467, 0, 0, 0, 0 }, // U+2001
    { 0, 0, 233, 0, 0, 0, 0 }, // U+2002
    { 0, 0, 467, 0, 0, 0, 0 }, // U+2003
    { 0, 0, 155, 0, 0, 0, 0 }, // U+2004
    { 0, 0, 117, 0, 0, 0, 0 }, // U+2005
    { 0, 0, 78, 0, 0, 0, 0 }, // U+2006
    { 0, 0, 261, 0, 0, 0, 0 }, // U+2007
    { 0, 0, 117, 0, 0, 0, 0 }, // U+2008
    { 0, 0, 77, 0, 0, 0, 0 }, // U+2009
    { 0, 0, 47, 0, 0, 0, 0 }, // U+200A
    { 0, 0, 0, 0, 0, 0, 0 }, // U+200B
    { 2, 23, 0, -1, 19, 12, 0 }, // U+200C
    { 8, 25, 0, -4, 21, 50, 12 }, // U+200D
    { 8, 25, 0, -1, 21, 50, 62 }, // U+200E
    { 8, 25, 0, -7, 21, 50, 112 }, // U+200F
    { 9, 4, 145, 0, 10, 9, 162 }, // U+2010
    { 9, 4, 145, 0, 10, 9, 171 }, // U+2011
    { 15, 3, 261, 1, 12, 12, 180 }, // U+2012
    { 16, 3, 233, -1, 9, 12, 192 }, // U+2013
    { 31, 3, 467, -1, 9, 24, 204 }, // U+2014
    { 31, 3, 467, -1, 9, 24, 228 }, // U+2015
    { 7, 30, 261, 5, 23, 53, 252 }, // U+2016
    { 14, 6, 192, -1, 0, 21, 305 }, // U+2017
    { 6, 9, 117, 1, 21, 14, 326 }, // U+2018
    { 6, 9, 117, 0, 21, 14, 340 }, // U+2019
    { 6, 9, 117, 0, 4, 14, 354 }, // U+201A
    { 6, 9, 117, 1, 21, 14, 368 }, // U+201B
    { 12, 9, 210, 1, 21, 27, 382 }, // U+201C
    { 12, 9, 210, 0, 21, 27, 409 }, // U+201D
    { 12, 9, 210, 0, 4, 27, 436 }, // U+201E
    { 12, 9, 210, 1, 21, 27, 463 }, // U+201F
    { 12, 27, 209, 1, 23, 81, 490 }, // U+2020
    { 12, 27, 209, 1, 23, 81, 571 }, // U+2021
    { 9, 9, 169, 1, 15, 21, 652 }, // U+2022
    { 10, 10, 233, 3, 15, 25, 673 }, // U+2023
    { 5, 5, 117, 1, 13, 7, 698 }, // U+2024
    { 13, 5, 250, 1, 13, 17, 705 }, // U+2025
    { 21, 5, 400, 2, 4, 27, 722 }, // U+2026
    { 5, 5, 117, 1, 11, 7, 749 }, // U+2027
    { 0, 0, 280, 0, 0, 0, 756 }, // U+2028
    { 0, 0, 280, 0, 0, 0, 756 }, // U+2029
    { 8, 22, 0, -1, 18, 44, 756 }, // U+202A
    { 8, 22, 0, -7, 18, 44, 800 }, // U+202B
    { 8, 25, 0, -4, 21, 50, 844 }, // U+202C
    { 8, 25, 0, -4, 21, 50, 894 }, // U+202D
    { 8, 25, 0, -4, 21, 50, 944 }, // U+202E
    { 0, 0, 77, 0, 0, 0, 994 }, // U+202F
    { 36, 23, 603, 1, 22, 207, 994 }, // U+2030
    { 47, 23, 787, 1, 22, 271, 1201 }, // U+2031
    { 5, 8, 88, 0, 21, 10, 1472 }, // U+2032
    { 11, 8, 175, 0, 21, 22, 1482 }, // U+2033
    { 16, 8, 263, 0, 21, 32, 1504 }, // U+2034
    { 5, 8, 88, 0, 21, 10, 1536 }, // U+2035
    { 11, 8, 175, 0, 21, 22, 1546 }, // U+2036
    { 16, 8, 263, 0, 21, 32, 1568 }, // U+2037
    { 10, 9, 187, 1, 2, 23, 1600 }, // U+2038
    { 7, 12, 155, 1, 14, 21, 1623 }, // U+2039
    { 7, 12, 155, 1, 14, 21, 1644 }, // U+203A
    { 22, 21, 382, 1, 21, 116, 1665 }, // U+203B
    { 11, 22, 261, 3, 21, 61, 1781 }, // U+203C
    { 14, 23, 252, 1, 22, 81, 1842 }, // U+203D
    { 15, 2, 214, -1, 24, 8, 1923 }, // U+203E
    { 22, 7, 0, -11, 0, 39, 1931 }, // U+203F
    { 22, 7, 0, -11, 25, 39, 1970 }, // U+2040
    { 14, 21, 210, 0, 21, 74, 2009 }, // U+2041
    { 27, 23, 467, 1, 23, 156, 2083 }, // U+2042
    { 9, 5, 169, 1, 13, 12, 2239 }, // U+2043
    { 14, 21, 29, -6, 21, 74, 2251 }, // U+2044
    { 8, 27, 168, 2, 23, 54, 2325 }, // U+2045
    { 7, 27, 168, 1, 23, 48, 2379 }, // U+2046
    { 27, 23, 446, 0, 22, 156, 2427 }, // U+2047
    { 20, 23, 358, 0, 22, 115, 2583 }, // U+2048
    { 19, 23, 354, 3, 22, 110, 2698 }, // U+2049
    { 14, 23, 261, 1, 17, 81, 2808 }, // U+204A
    { 16, 27, 288, 1, 23, 108, 2889 }, // U+204B
    { 16, 11, 279, 1, 16, 44, 2997 }, // U+204C
    { 16, 11, 279, 1, 16, 44, 3041 }, // U+204D
    { 13, 12, 233, 1, 17, 39, 3085 }, // U+204E
    { 5, 21, 133, 2, 16, 27, 3124 }, // U+204F
    { 19, 23, 341, 1, 22, 110, 3151 }, // U+2050
    { 13, 24, 233, 1, 23, 78, 3261 }, // U+2051
    { 10, 22, 154, 0, 21, 55, 3339 }, // U+2052
    { 14, 6, 261, 1, 13, 21, 3394 }, // U+2053
    { 22, 7, 0, -11, 0, 39, 3415 }, // U+2054
    { 14, 14, 252, 1, 17, 49, 3454 }, // U+2055
    { 14, 17, 287, 2, 16, 60, 3503 }, // U+2056
    { 20, 8, 323, 0, 21, 40, 3563 }, // U+2057
    { 17, 17, 331, 2, 16, 73, 3603 }, // U+2058
    { 17, 17, 331, 2, 16, 73, 3676 }, // U+2059
    { 5, 23, 134, 2, 22, 29, 3749 }, // U+205A
    { 17, 23, 331, 2, 22, 98, 3778 }, // U+205B
    { 16, 16, 325, 2, 16, 64, 3876 }, // U+205C
    { 5, 23, 134, 2, 22, 29, 3940 }, // U+205D
    { 5, 23, 134, 2, 22, 29, 3969 }, // U+205E
    { 0, 0, 104, 0, 0, 0, 3998 }, // U+205F
    { 0, 0, 280, 0, 0, 0, 3998 }, // U+2060
    { 0, 0, 280, 0, 0, 0, 3998 }, // U+2061
    { 0, 0, 280, 0, 0, 0, 3998 }, // U+2062
    { 0, 0, 280, 0, 0, 0, 3998 }, // U+2063
    { 0, 0, 280, 0, 0, 0, 3998 }, // U+2064
    { 0, 0, 0, 0, 0, 0, 3998 }, // U+2066
    { 0, 0, 0, 0, 0, 0, 3998 }, // U+2067
    { 0, 0, 0, 0, 0, 0, 3998 }, // U+2068
    { 0, 0, 0, 0, 0, 0, 3998 }, // U+2069
    { 8, 25, 0, -4, 21, 50, 3998 }, // U+206A
    { 8, 25, 0, -4, 21, 50, 4048 }, // U+206B
    { 8, 25, 0, -4, 21, 50, 4098 }, // U+206C
    { 8, 25, 0, -4, 21, 50, 4148 }, // U+206D
    { 8, 25, 0, -4, 21, 50, 4198 }, // U+206E
    { 8, 25, 0, -4, 21, 50, 4248 }, // U+206F
    { 10, 14, 187, 1, 25, 35, 0 }, // U+2070
    { 6, 14, 97, 0, 22, 21, 35 }, // U+2071
    { 12, 13, 187, 0, 24, 39, 56 }, // U+2074
    { 10, 13, 187, 1, 24, 33, 95 }, // U+2075
    { 10, 14, 187, 1, 25, 35, 128 }, // U+2076
    { 10, 13, 187, 1, 24, 33, 163 }, // U+2077
    { 10, 14, 187, 1, 25, 35, 196 }, // U+2078
    { 10, 14, 187, 1, 25, 35, 231 }, // U+2079
    { 11, 10, 183, 0, 22, 28, 266 }, // U+207A
    { 11, 2, 183, 0, 18, 6, 294 }, // U+207B
    { 11, 6, 183, 0, 20, 17, 300 }, // U+207C
    { 7, 18, 117, 1, 26, 32, 317 }, // U+207D
    { 7, 18, 117, -1, 26, 32, 349 }, // U+207E
    { 12, 10, 196, 0, 18, 30, 381 }, // U+207F
    { 10, 14, 187, 1, 11, 35, 411 }, // U+2080
    { 9, 13, 187, 1, 10, 30, 446 }, // U+2081
    { 10, 14, 187, 1, 11, 35, 476 }, // U+2082
    { 10, 14, 187, 1, 11, 35, 511 }, // U+2083
    { 12, 13, 187, 0, 10, 39, 546 }, // U+2084
    { 10, 13, 187, 1, 10, 33, 585 }, // U+2085
    { 10, 14, 187, 1, 11, 35, 618 }, // U+2086
    { 10, 13, 187, 1, 10, 33, 653 }, // U+2087
    { 10, 14, 187, 1, 11, 35, 686 }, // U+2088
    { 10, 14, 187, 1, 11, 35, 721 }, // U+2089
    { 11, 10, 183, 0, 8, 28, 756 }, // U+208A
    { 11, 2, 183, 0, 4, 6, 784 }, // U+208B
    { 11, 6, 183, 0, 6, 17, 790 }, // U+208C
    { 7, 18, 117, 1, 12, 32, 807 }, // U+208D
    { 7, 18, 117, -1, 12, 32, 839 }, // U+208E
    { 10, 10, 171, 0, 7, 25, 871 }, // U+2090
    { 9, 10, 162, 1, 7, 23, 896 }, // U+2091
    { 9, 10, 175, 1, 7, 23, 919 }, // U+2092
    { 11, 10, 175, 0, 7, 28, 942 }, // U+2093
    { 10, 10, 162, 0, 7, 25, 970 }, // U+2094
    { 12, 14, 193, 0, 11, 42, 995 }, // U+2095
    { 12, 14, 177, 0, 11, 42, 1037 }, // U+2096
    { 6, 14, 94, 0, 11, 21, 1079 }, // U+2097
    { 18, 10, 287, 0, 7, 45, 1100 }, // U+2098
    { 12, 10, 196, 0, 7, 30, 1145 }, // U+2099
    { 11, 14, 186, 0, 7, 39, 1175 }, // U+209A
    { 8, 10, 137, 0, 7, 20, 1214 }, // U+209B
    { 7, 12, 107, 0, 9, 21, 1234 }, // U+209C
    { 18, 22, 309, 1, 22, 99, 0 }, // U+20A0
    { 16, 25, 287, 1, 23, 100, 99 }, // U+20A1
    { 16, 23, 287, 1, 22, 92, 199 }, // U+20A2
    { 15, 21, 261, 1, 21, 79, 291 }, // U+20A3
    { 15, 23, 261, 1, 22, 87, 370 }, // U+20A4
    { 27, 24, 441, 0, 20, 162, 457 }, // U+20A5
    { 20, 21, 309, 0, 21, 105, 619 }, // U+20A6
    { 23, 22, 382, 0, 21, 127, 724 }, // U+20A7
    { 28, 22, 477, 1, 21, 154, 851 }, // U+20A8
    { 32, 21, 489, -1, 21, 168, 1005 }, // U+20A9
    { 20, 18, 416, 3, 18, 90, 1173 }, // U+20AA
    { 17, 28, 287, 1, 23, 119, 1263 }, // U+20AB
    { 15, 23, 261, 1, 22, 87, 1382 }, // U+20AC
    { 21, 21, 327, 0, 21, 111, 1469 }, // U+20AD
    { 18, 21, 261, 0, 21, 95, 1580 }, // U+20AE
    { 29, 30, 467, 0, 24, 218, 1675 }, // U+20AF
    { 16, 29, 261, -1, 22, 116, 1893 }, // U+20B0
    { 18, 21, 282, 0, 21, 95, 2009 }, // U+20B1
    { 20, 26, 333, 1, 23, 130, 2104 }, // U+20B2
    { 21, 21, 329, 0, 21, 111, 2234 }, // U+20B3
    { 16, 23, 254, 0, 22, 92, 2345 }, // U+20B4
    { 16, 26, 287, 1, 23, 104, 2437 }, // U+20B5
    { 17, 22, 277, 0, 21, 94, 2541 }, // U+20B6
    { 15, 25, 261, 0, 22, 94, 2635 }, // U+20B7
    { 16, 21, 261, 0, 21, 84, 2729 }, // U+20B8
    { 15, 21, 261, 1, 21, 79, 2813 }, // U+20B9
    { 16, 21, 261, 0, 21, 84, 2892 }, // U+20BA
    { 18, 23, 305, 0, 22, 104, 2976 }, // U+20BB
    { 19, 20, 367, 2, 20, 95, 3080 }, // U+20BC
    { 16, 21, 275, 1, 21, 84, 3175 }, // U+20BD
    { 18, 23, 314, 1, 23, 104, 3259 }, // U+20BE
    { 14, 26, 261, 1, 23, 91, 3363 }, // U+20BF
    { 13, 21, 230, 1, 16, 69, 3454 }, // U+20C0
    { 14, 3, 270, 1, 12, 11, 0 }, // U+2212
    { 23, 23, 330, 0, 23, 133, 0 }, // U+FB00
    { 19, 23, 309, 0, 23, 110, 133 }, // U+FB01
    { 19, 23, 309, 0, 23, 110, 243 }, // U+FB02
    { 29, 23, 468, 0, 23, 167, 353 }, // U+FB03
    { 29, 23, 467, 0, 23, 167, 520 }, // U+FB04
    { 19, 24, 312, 0, 23, 114, 687 }, // U+FB05
    { 22, 24, 369, 1, 23, 132, 801 }, // U+FB06
    { 27, 28, 467, 1, 23, 189, 0 }, // U+FFFD
};

static const EpdUnicodeInterval notoserif_14_regularIntervals[] = {
    { 0x0, 0x0, 0x0 },
    { 0xD, 0xD, 0x1 },
    { 0x20, 0x7E, 0x2 },
    { 0xA0, 0x17F, 0x61 },
    { 0x1A0, 0x1A1, 0x141 },
    { 0x1AF, 0x1B0, 0x143 },
    { 0x1C4, 0x21F, 0x145 },
    { 0x300, 0x36F, 0x1A1 },
    { 0x400, 0x4FF, 0x211 },
    { 0x1EA0, 0x1EF9, 0x311 },
    { 0x2000, 0x2064, 0x36B },
    { 0x2066, 0x2071, 0x3D0 },
    { 0x2074, 0x208E, 0x3DC },
    { 0x2090, 0x209C, 0x3F7 },
    { 0x20A0, 0x20C0, 0x404 },
    { 0x2212, 0x2212, 0x425 },
    { 0xFB00, 0xFB06, 0x426 },
    { 0xFFFD, 0xFFFD, 0x42D },
};

static const EpdFontGroup notoserif_14_regularGroups[] = {
    { 0, 3216, 7835, 97, 0 },
    { 3216, 2844, 9272, 96, 97 },
    { 6060, 3400, 14560, 128, 193 },
    { 9460, 3503, 13107, 96, 321 },
    { 12963, 1122, 1945, 112, 417 },
    { 14085, 8977, 29918, 256, 529 },
    { 23062, 2001, 12086, 90, 785 },
    { 25063, 1788, 4653, 111, 875 },
    { 26851, 612, 1431, 42, 986 },
    { 27463, 1857, 3735, 33, 1028 },
    { 29320, 8, 12, 1, 1061 },
    { 29328, 333, 1000, 7, 1062 },
    { 29661, 130, 196, 1, 1069 },
};

static const uint16_t notoserif_14_regularKernLeftCodepoints[] = {
    0x0022, 0x0026, 0x0027, 0x002A, 0x002C, 0x002E, 0x0040, 0x0041, 0x0042, 0x0044, 0x0045, 0x0046,
    0x0047, 0x004B, 0x004C, 0x004E, 0x004F, 0x0050, 0x0051, 0x0052, 0x0053, 0x0054, 0x0055, 0x0056,
    0x0057, 0x0058, 0x0059, 0x0061, 0x0062, 0x0065, 0x0066, 0x0067, 0x0068, 0x006B, 0x006D, 0x006E,
    0x006F, 0x0070, 0x0072, 0x0073, 0x0076, 0x0077, 0x0079, 0x00A1, 0x00BF, 0x00C0, 0x00C1, 0x00C2,
    0x00C3, 0x00C4, 0x00C5, 0x00C6, 0x00C8, 0x00C9, 0x00CA, 0x00CB, 0x00D0, 0x00D1, 0x00D2, 0x00D3,
    0x00D4, 0x00D5, 0x00D6, 0x00D8, 0x00D9, 0x00DA, 0x00DB, 0x00DC, 0x00DD, 0x00DE, 0x00DF, 0x00E0,
    0x00E1, 0x00E2, 0x00E3, 0x00E4, 0x00E5, 0x00E6, 0x00E8, 0x00E9, 0x00EA, 0x00EB, 0x00F0, 0x00F1,
    0x00F2, 0x00F3, 0x00F4, 0x00F5, 0x00F6, 0x00F8, 0x00FD, 0x00FE, 0x00FF, 0x0100, 0x0102, 0x0104,
    0x010E, 0x010F, 0x0110, 0x0112, 0x0113, 0x0114, 0x0115, 0x0116, 0x0117, 0x0118, 0x0119, 0x011A,
    0x011B, 0x011C, 0x011E, 0x0120, 0x0122, 0x0125, 0x0127, 0x0129, 0x0136, 0x0137, 0x0138, 0x0139,
    0x013B, 0x013E, 0x0141, 0x0143, 0x0144, 0x0145, 0x0146, 0x0147, 0x0148, 0x0149, 0x014B, 0x014C,
    0x014D, 0x014E, 0x014F, 0x0150, 0x0151, 0x0152, 0x0153, 0x0154, 0x0155, 0x0156, 0x0157, 0x0158,
    0x0159, 0x015A, 0x015B, 0x015C, 0x015D, 0x015E, 0x015F, 0x0160, 0x0161, 0x0162, 0x0164, 0x0165,
    0x0166, 0x0168, 0x016A, 0x016C, 0x016E, 0x0170, 0x0172, 0x0174, 0x0175, 0x0176, 0x0177, 0x0178,
    0x01A0, 0x01A1, 0x01AF, 0x01B0, 0x01FA, 0x01FC, 0x01FD, 0x01FE, 0x01FF, 0x0218, 0x0219, 0x021A,
    0x0402, 0x0409, 0x040A, 0x040E, 0x0423, 0x042A, 0x042C, 0x0431, 0x043E, 0x0440, 0x0444, 0x044D,
    0x044E, 0x0457, 0x0460, 0x0462, 0x0465, 0x0466, 0x0468, 0x046A, 0x046C, 0x046E, 0x046F, 0x0472,
    0x0473, 0x0474, 0x0476, 0x0478, 0x0479, 0x047A, 0x047B, 0x047C, 0x047D, 0x047E, 0x0481, 0x048C,
    0x048D, 0x048E, 0x048F, 0x0490, 0x0491, 0x0493, 0x0494, 0x0496, 0x0497, 0x0498, 0x0499, 0x049A,
    0x049B, 0x049C, 0x049D, 0x049E, 0x049F, 0x04A0, 0x04A1, 0x04A3, 0x04A4, 0x04A5, 0x04A6, 0x04A8,
    0x04AB, 0x04AC, 0x04AD, 0x04B2, 0x04B3, 0x04B5, 0x04B7, 0x04BA, 0x04BC, 0x04BD, 0x04BE, 0x04BF,
    0x04C3, 0x04C6, 0x04D0, 0x04D1, 0x04D2, 0x04D3, 0x04D4, 0x04D5, 0x04D6, 0x04D7, 0x04D8, 0x04D9,
    0x04DA, 0x04DB, 0x04E0, 0x04E6, 0x04E7, 0x04E8, 0x04E9, 0x04EA, 0x04EB, 0x04ED, 0x04EE, 0x04EF,
    0x04F0, 0x04F1, 0x04F2, 0x04F3, 0x04F6, 0x04F7, 0x04FB, 0x04FC, 0x04FD, 0x04FE, 0x04FF, 0x1EA0,
    0x1EA1, 0x1EA2, 0x1EA3, 0x1EA4, 0x1EA5, 0x1EA6, 0x1EA7, 0x1EA8, 0x1EA9, 0x1EAA, 0x1EAB, 0x1EAC,
    0x1EAD, 0x1EAE, 0x1EAF, 0x1EB0, 0x1EB1, 0x1EB2, 0x1EB3, 0x1EB4, 0x1EB5, 0x1EB6, 0x1EB7, 0x1EB8,
    0x1EB9, 0x1EBA, 0x1EBB, 0x1EBC, 0x1EBD, 0x1EBE, 0x1EBF, 0x1EC0, 0x1EC1, 0x1EC2, 0x1EC3, 0x1EC4,
    0x1EC5, 0x1EC6, 0x1EC7, 0x1ECC, 0x1ECD, 0x1ECE, 0x1ECF, 0x1ED0, 0x1ED1, 0x1ED2, 0x1ED3, 0x1ED4,
    0x1ED5, 0x1ED6, 0x1ED7, 0x1ED8, 0x1ED9, 0x1EDA, 0x1EDB, 0x1EDC, 0x1EDD, 0x1EDE, 0x1EDF, 0x1EE0,
    0x1EE1, 0x1EE2, 0x1EE3, 0x1EE4, 0x1EE6, 0x1EE8, 0x1EE9, 0x1EEA, 0x1EEB, 0x1EEC, 0x1EED, 0x1EEE,
    0x1EEF, 0x1EF0, 0x1EF1, 0x1EF2, 0x1EF3, 0x1EF4, 0x1EF5, 0x1EF6, 0x1EF7, 0x1EF8, 0x1EF9, 0x2018,
    0x2019, 0x201A, 0x201C, 0x201D, 0x201E, 0x2026, 0x207D, 0x208D, 0xFB00,
};

static const uint8_t notoserif_14_regularKernLeftClassIds[] = {
      1,   2,   1,   3,   4,   4,   5,   6,   7,   8,   9,  10,  11,  12,  13,  14,
      8,   3,   8,  15,  16,  17,  18,  19,  20,  21,  22,  23,  24,  25,  26,  27,
     23,  28,  23,  23,  24,  24,  29,  30,  31,  32,  33,  34,  35,  36,  36,  36,
     36,  36,  36,   9,   9,   9,   9,   9,   8,  14,   8,   8,   8,   8,   8,   8,
     18,  18,  18,  18,  22,   8,  24,  23,  23,  23,  23,  23,  23,  25,  25,  25,
     25,  25,  24,  23,  24,  24,  24,  24,  24,  24,  33,  24,  33,   6,  36,  36,
      8,  37,   8,   9,  25,   9,  25,   9,  25,   9,  25,   9,  25,  11,  11,  11,
     11,  23,  23,  38,  12,  28,  28,  13,  13,  37,  13,  14,  23,  14,  23,  14,
     23,  23,  23,   8,  24,   8,  24,   8,  24,   9,  25,  15,  29,  15,  29,  15,
     29,  16,  30,  16,  30,  16,  30,  16,  30,  17,  17,  39,  17,  18,  18,  18,
     18,  18,  18,  20,  32,  22,  33,  22,  40,  41,  42,  43,   6,   9,  25,   8,
     24,  16,  30,  17,  44,  45,  45,  46,  46,  45,  45,  47,  48,  48,  49,  49,
     49,  50,  51,  52,  53,  54,  54,  55,  55,  56,  24,  51,  48,  57,  57,  33,
     58,  51,  48,  51,  24,  51,  53,  52,  24,  59,  48,  60,  61,  61,  62,  55,
     63,  56,  48,  55,  63,  55,  63,  55,  63,  55,  63,  64,  60,  61,  62,  51,
     53,  60,  61,  65,  63,  64,  64,  62,  51,  48,  51,  48,  62,  64,  54,  23,
     54,  23,  66,  48,  66,  48,  51,  48,  51,  48,  56,  51,  48,  51,  48,  51,
     48,  48,  46,  58,  46,  58,  46,  58,  60,  61,  61,  65,  63,  65,  63,  36,
     23,  36,  23,  36,  23,  36,  23,  36,  23,  36,  23,  36,  23,  36,  23,  36,
     23,  36,  23,  36,  23,  36,  23,   9,  25,   9,  25,   9,  25,   9,  25,   9,
     25,   9,  25,   9,  25,   9,  25,   8,  24,   8,  24,   8,  24,   8,  24,   8,
     24,   8,  24,   8,  24,  40,  41,  40,  41,  40,  41,  40,  41,  40,  41,  18,
     18,  42,  43,  42,  43,  42,  43,  42,  43,  42,  43,  22,  33,  22,  33,  22,
     33,  22,  33,  67,  68,   4,  67,  68,   4,   4,  69,  70,  26,
};

static const uint16_t notoserif_14_regularKernRightCodepoints[] = {
    0x0021, 0x0022, 0x0026, 0x0027, 0x0029, 0x002A, 0x002C, 0x002E, 0x003A, 0x003B, 0x003F, 0x0040,
    0x0041, 0x0042, 0x0043, 0x0044, 0x0045, 0x0046, 0x0047, 0x0048, 0x0049, 0x004A, 0x004B, 0x004C,
    0x004D, 0x004E, 0x004F, 0x0050, 0x0051, 0x0052, 0x0053, 0x0054, 0x0055, 0x0056, 0x0057, 0x0058,
    0x0059, 0x005A, 0x005D, 0x0061, 0x0062, 0x0063, 0x0064, 0x0065, 0x0067, 0x0068, 0x0069, 0x006B,
    0x006C, 0x006D, 0x006E, 0x006F, 0x0070, 0x0071, 0x0072, 0x0073, 0x0074, 0x0075, 0x0076, 0x0077,
    0x0078, 0x0079, 0x007A, 0x007D, 0x00AB, 0x00B7, 0x00BB, 0x00C0, 0x00C1, 0x00C2, 0x00C3, 0x00C4,
    0x00C5, 0x00C6, 0x00C7, 0x00C8, 0x00C9, 0x00CA, 0x00CB, 0x00CC, 0x00CD, 0x00CE, 0x00CF, 0x00D0,
    0x00D1, 0x00D2, 0x00D3, 0x00D4, 0x00D5, 0x00D6, 0x00D8, 0x00D9, 0x00DA, 0x00DB, 0x00DC, 0x00DD,
    0x00DE, 0x00E0, 0x00E1, 0x00E2, 0x00E3, 0x00E4, 0x00E5, 0x00E6, 0x00E7, 0x00E8, 0x00E9, 0x00EA,
    0x00EB, 0x00EC, 0x00ED, 0x00EE, 0x00EF, 0x00F0, 0x00F1, 0x00F2, 0x00F3, 0x00F4, 0x00F5, 0x00F6,
    0x00F8, 0x00F9, 0x00FA, 0x00FB, 0x00FC, 0x00FD, 0x00FE, 0x00FF, 0x0100, 0x0101, 0x0102, 0x0103,
    0x0104, 0x0105, 0x0106, 0x0107, 0x0108, 0x0109, 0x010A, 0x010B, 0x010C, 0x010D, 0x010E, 0x010F,
    0x0110, 0x0111, 0x0112, 0x0113, 0x0114, 0x0115, 0x0116, 0x0117, 0x0118, 0x0119, 0x011A, 0x011B,
    0x011C, 0x011D, 0x011E, 0x011F, 0x0120, 0x0121, 0x0122, 0x0123, 0x0124, 0x0125, 0x0126, 0x0127,
    0x0128, 0x0129, 0x012A, 0x012B, 0x012C, 0x012D, 0x012E, 0x012F, 0x0130, 0x0132, 0x0133, 0x0134,
    0x0136, 0x0137, 0x0138, 0x0139, 0x013A, 0x013B, 0x013C, 0x013D, 0x013E, 0x013F, 0x0140, 0x0141,
    0x0142, 0x0143, 0x0144, 0x0145, 0x0146, 0x0147, 0x0148, 0x014A, 0x014B, 0x014C, 0x014D, 0x014E,
    0x014F, 0x0150, 0x0151, 0x0152, 0x0153, 0x0154, 0x0155, 0x0156, 0x0157, 0x0158, 0x015A, 0x015B,
    0x015C, 0x015D, 0x015E, 0x015F, 0x0160, 0x0161, 0x0162, 0x0163, 0x0164, 0x0165, 0x0166, 0x0167,
    0x0168, 0x0169, 0x016A, 0x016B, 0x016C, 0x016D, 0x016E, 0x016F, 0x0170, 0x0171, 0x0172, 0x0173,
    0x0174, 0x0175, 0x0176, 0x0177, 0x0178, 0x0179, 0x017A, 0x017B, 0x017C, 0x017D, 0x017E, 0x01A0,
    0x01A1, 0x01AF, 0x01B0, 0x01FA, 0x01FB, 0x01FC, 0x01FD, 0x01FE, 0x01FF, 0x0218, 0x0219, 0x021A,
    0x021B, 0x0402, 0x040B, 0x040E, 0x0416, 0x0422, 0x0423, 0x0425, 0x0427, 0x042A, 0x042F, 0x0431,
    0x0436, 0x0443, 0x0445, 0x0447, 0x0451, 0x0456, 0x045E, 0x0460, 0x0462, 0x0466, 0x046A, 0x046E,
    0x0472, 0x0473, 0x0478, 0x0479, 0x047A, 0x047B, 0x047C, 0x047D, 0x047E, 0x0480, 0x0481, 0x0496,
    0x0498, 0x0499, 0x04A0, 0x04A1, 0x04A8, 0x04A9, 0x04AA, 0x04AB, 0x04AC, 0x04AD, 0x04B2, 0x04B4,
    0x04B5, 0x04B6, 0x04B7, 0x04B8, 0x04B9, 0x04C1, 0x04C2, 0x04CB, 0x04CC, 0x04D0, 0x04D2, 0x04D4,
    0x04D5, 0x04D7, 0x04D8, 0x04D9, 0x04DA, 0x04DC, 0x04DD, 0x04E0, 0x04E1, 0x04E6, 0x04E7, 0x04E8,
    0x04E9, 0x04EA, 0x04EB, 0x04EE, 0x04EF, 0x04F0, 0x04F1, 0x04F2, 0x04F3, 0x04F4, 0x04F5, 0x04FC,
    0x04FE, 0x1EA0, 0x1EA1, 0x1EA2, 0x1EA3, 0x1EA4, 0x1EA5, 0x1EA6, 0x1EA7, 0x1EA8, 0x1EA9, 0x1EAA,
    0x1EAB, 0x1EAC, 0x1EAD, 0x1EAE, 0x1EAF, 0x1EB0, 0x1EB1, 0x1EB2, 0x1EB3, 0x1EB4, 0x1EB5, 0x1EB6,
    0x1EB7, 0x1EB8, 0x1EB9, 0x1EBA, 0x1EBB, 0x1EBC, 0x1EBD, 0x1EBE, 0x1EBF, 0x1EC0, 0x1EC1, 0x1EC2,
    0x1EC3, 0x1EC4, 0x1EC5, 0x1EC6, 0x1EC7, 0x1EC9, 0x1ECB, 0x1ECC, 0x1ECD, 0x1ECE, 0x1ECF, 0x1ED0,
    0x1ED1, 0x1ED2, 0x1ED3, 0x1ED4, 0x1ED5, 0x1ED6, 0x1ED7, 0x1ED8, 0x1ED9, 0x1EDA, 0x1EDB, 0x1EDC,
    0x1EDD, 0x1EDE, 0x1EDF, 0x1EE0, 0x1EE1, 0x1EE2, 0x1EE3, 0x1EE4, 0x1EE5, 0x1EE6, 0x1EE7, 0x1EE8,
    0x1EE9, 0x1EEA, 0x1EEB, 0x1EEC, 0x1EED, 0x1EEE, 0x1EEF, 0x1EF0, 0x1EF1, 0x1EF2, 0x1EF3, 0x1EF4,
    0x1EF5, 0x1EF6, 0x1EF7, 0x1EF8, 0x1EF9, 0x2018, 0x2019, 0x201A, 0x201C, 0x201D, 0x201E, 0x2026,
    0x2039, 0x203A, 0x207E, 0x208E,
};

static const uint8_t notoserif_14_regularKernRightClassIds[] = {
      1,   2,   3,   2,   4,   5,   6,   7,   8,   8,   9,  10,  11,  12,  13,  12,
     12,  12,  13,  12,  12,  14,  12,  12,  12,  12,  13,  12,  13,  12,  15,  16,
     17,  18,  19,  20,  21,  22,   4,  23,  24,  25,  25,  25,  26,  24,  27,  24,
     24,  27,  27,  25,  27,  25,  27,  28,  29,  30,  31,  32,  33,  34,  35,   4,
     36,  37,  36,  11,  11,  11,  11,  11,  11,  38,  13,  12,  12,  12,  12,  12,
     12,  12,  12,  12,  12,  13,  13,  13,  13,  13,  13,  17,  17,  17,  17,  21,
     12,  23,  23,  23,  23,  23,  23,  23,  25,  25,  25,  25,  25,  39,  27,  39,
     39,  25,  27,  25,  25,  25,  25,  25,  25,  30,  30,  30,  30,  34,  24,  34,
     11,  23,  11,  23,  11,  23,  13,  25,  13,  25,  13,  25,  13,  25,  12,  25,
     12,  25,  12,  25,  12,  25,  12,  25,  12,  25,  12,  25,  13,  25,  13,  25,
     13,  25,  13,  25,  12,  24,  12,  24,  12,  40,  12,  39,  12,  39,  12,  27,
     12,  12,  27,  14,  12,  24,  27,  12,  24,  12,  24,  12,  24,  12,  24,  12,
     24,  12,  27,  12,  27,  12,  27,  12,  27,  13,  25,  13,  25,  13,  25,  13,
     25,  12,  27,  12,  27,  12,  15,  28,  15,  28,  15,  28,  15,  28,  16,  29,
     16,  29,  16,  29,  17,  30,  17,  30,  17,  30,  17,  30,  17,  30,  17,  30,
     19,  32,  21,  34,  21,  22,  35,  22,  35,  22,  35,  13,  25,  17,  30,  11,
     23,  38,  23,  13,  25,  15,  28,  16,  29,  41,  41,  42,  41,  41,  42,  41,
     43,  41,  44,  45,  46,  47,  46,  48,  49,  50,  47,  51,  16,  52,  53,  54,
     51,  55,  51,  55,  51,  55,  51,  25,  51,  51,  55,  53,  54,  56,  57,  58,
     51,  55,  51,  55,  57,  58,  53,  57,  58,  59,  60,  43,  48,  41,  46,  59,
     60,  52,  52,  38,  61,  55,  51,  61,  51,  41,  46,  54,  35,  51,  55,  51,
     55,  51,  55,  42,  62,  42,  62,  42,  62,  43,  48,  53,  53,  11,  23,  11,
     23,  11,  23,  11,  23,  11,  23,  11,  23,  11,  23,  11,  23,  11,  23,  11,
     23,  11,  23,  11,  23,  12,  25,  12,  25,  12,  25,  12,  25,  12,  25,  12,
     25,  12,  25,  12,  25,  27,  27,  13,  25,  13,  25,  13,  25,  13,  25,  13,
     25,  13,  25,  13,  25,  13,  25,  13,  25,  13,  25,  13,  25,  13,  25,  17,
     30,  17,  30,  17,  30,  17,  30,  17,  30,  17,  30,  17,  30,  21,  34,  21,
     34,  21,  34,  21,  34,  63,   5,   7,  63,   5,   7,   7,  36,  36,  64,  65,
};

static const uint16_t notoserif_14_regularKernRowOffsets[] = {
        0,     5,    10,    16,    32,    34,    50,    64,    77,    80,    89,    95,   101,   113,   114,   125,
      137,   148,   153,   165,   176,   180,   194,   199,   205,   208,   213,   214,   216,   220,   222,   225,
      228,   231,   234,   239,   255,   271,   272,   276,   295,   304,   320,   326,   335,   336,   338,   343,
      346,   350,   352,   359,   365,   366,   384,   398,   407,   421,   423,   427,   441,   445,   452,   456,
      457,   468,   469,   472,   479,   480,   481,
};

static const uint8_t notoserif_14_regularKernSparseCols[] = {
     10,  24,  25,  37,  51,   8,  15,  17,  18,  20,   2,   5,   6,  10,  37,  51,
      8,  12,  15,  16,  17,  18,  20,  30,  31,  33,  50,  56,  57,  58,  59,  61,
     10,  20,   1,   4,   8,  12,  15,  16,  17,  18,  20,  24,  25,  29,  30,  31,
     33,  62,   4,   8,  10,  15,  17,  18,  19,  20,  21,  31,  33,  37,  51,  56,
      5,   6,   8,  10,  15,  17,  18,  19,  20,  37,  51,  52,  56,  17,  18,  20,
      2,   5,   6,   9,  10,  22,  24,  25,  37,   8,  15,  17,  18,  20,  37,  12,
     24,  25,  29,  31,  33,   1,   4,   8,  15,  17,  18,  20,  30,  31,  33,  36,
     62,  35,   4,   8,  12,  15,  16,  17,  18,  20,  30,  31,  33,   8,  10,  15,
     17,  18,  19,  20,  31,  33,  37,  51,  56,   2,   5,   6,   9,  10,  12,  22,
     24,  25,  27,  37,   5,   6,   9,  10,  37,   2,   5,   6,   9,  10,  12,  22,
     24,  25,  27,  37,  51,   5,   6,   9,  10,  12,  22,  24,  25,  27,  34,  37,
     12,  14,  31,  33,   2,   5,   6,   9,  10,  12,  14,  22,  24,  25,  27,  34,
     37,  51,   1,  33,  58,  59,  61,  17,  18,  20,  33,  58,  61,  17,  18,  20,
      1,   3,   4,  38,  39,  18,  24,  25,   4,   5,   6,  22,  20,  58,   5,   6,
     10,   5,   6,  10,   5,   6,  10,  17,  18,  20,   8,  15,  17,  18,  20,   1,
      4,   8,  12,  15,  16,  17,  18,  20,  24,  25,  29,  30,  31,  33,  62,   0,
      1,   3,   4,   8,  11,  13,  15,  16,  17,  18,  19,  20,  21,  23,  62,  39,
      1,   3,   8,  23,   5,   6,   7,   8,  10,  15,  17,  18,  20,  22,  24,  25,
     26,  27,  28,  30,  31,  32,  33,   4,   5,   6,  26,  28,  29,  30,  31,  33,
      5,   6,   7,  10,  12,  22,  24,  25,  26,  27,  28,  29,  30,  31,  33,  34,
      4,   5,   6,  26,  28,  30,   1,   8,  15,  42,  45,  46,  47,  56,  62,  56,
     48,  49,  40,  41,  56,  58,  59,  56,  58,  59,  42,  56,  58,  59,  42,  62,
      5,   6,  37,  51,  52,  56,  58,   1,   4,  56,  58,  59,  62,  58,   1,   4,
      8,  12,  15,  17,  20,  24,  25,  29,  31,  33,  50,  56,  57,  58,  59,  62,
     12,  24,  25,  29,  31,  33,  44,  50,  53,  54,  57,  58,  59,  61,   5,   6,
     31,  33,  37,  51,  52,  57,  58,   5,   6,  12,  22,  24,  25,  27,  37,  50,
     51,  53,  54,  55,  60,   5,   6,   5,   6,  37,  51,   5,   6,  12,  22,  24,
     25,  27,  37,  43,  50,  51,  54,  55,  60,   4,   5,   6,  51,   1,   4,   8,
     15,  56,  58,  61,  24,  25,  54,  60,   3,  12,  24,  25,  29,  31,  33,  50,
     53,  57,  58,  61,  57,  10,  37,  51,  10,  12,  22,  24,  25,  27,  39,  63,
     64,
};

static const int8_t notoserif_14_regularKernSparseValues[] = {
     -37,   -9,  -28,  -56,  -37,  -14,  -14,  -19,  -19,  -14,   -5,  -56,  -56,  -23,  -37,  -23,
     -42,   -9,  -42,   -9,  -51,  -42,  -37,  -33,  -28,  -23,   -9,  -42,  -33,  -37,  -23,  -23,
     -14,   -5,  -37,  -33,  -28,   -9,  -28,   -9,  -37,  -33,  -33,   -9,   -9,   -9,  -28,  -14,
     -23,  -33,   -9,   -9,   -9,   -9,  -19,  -14,   -9,  -19,   -9,   -5,   -9,  -14,   -9,   -9,
      -9,   -9,   -9,   -9,   -9,   -9,   -9,   -9,  -14,  -23,   -9,   -9,   -9,   -9,   -9,   -9,
      -9,  -56,  -56,  -19,  -33,  -19,  -19,  -19,  -51,   -9,   -9,   -9,   -9,   -9,   -9,   -9,
      -9,   -9,   -9,  -14,  -14,  -28,  -37,  -33,  -33,  -23,  -23,  -28,   -9,   -5,  -14,   -9,
     -37,   -5,   -9,   -9,   -9,   -9,   -5,  -14,  -14,  -14,   -5,   -5,   -9,   -9,   -9,   -9,
      -9,   -9,   -9,   -9,   -5,   -9,   -9,   -9,   -9,   -5,  -42,  -42,  -14,  -28,   -9,  -14,
     -23,  -23,   -2,  -37,   -9,   -9,   -5,   -9,  -19,  -14,  -51,  -51,  -23,  -37,   -9,  -28,
     -28,  -28,  -19,  -61,  -37,  -42,  -42,  -23,  -33,   -9,  -33,  -28,  -28,  -23,  -14,  -61,
      -9,   -5,  -14,  -23,   -5,  -37,  -37,  -19,  -33,  -14,   -9,  -28,  -33,  -33,  -28,   -9,
     -42,  -33,  -19,   -9,  -14,   -9,   -9,  -28,  -28,  -33,   -9,  -14,   -9,  -28,  -28,  -28,
      37,   42,   37,   19,   19,   -9,   -9,   -9,   14,  -61,  -61,   -9,  -28,   -9,  -23,  -33,
     -28,  -33,  -33,  -14,  -42,  -42,  -23,  -14,   -9,  -14,   -9,   -9,  -23,  -23,  -23,  -37,
     -33,  -28,   -9,  -28,   -9,  -37,  -33,  -33,   -9,   -9,   -9,  -23,  -14,  -23,  -33,    9,
      23,   37,   19,   51,   23,   28,   23,   33,   37,   33,   33,   47,   19,   42,    5,   28,
       9,   23,    9,   19,   -9,   -9,   -5,    9,  -19,    9,    9,    9,    9,   -9,   -9,   -9,
      -5,   -9,   -5,   -9,   -9,   -9,   -9,    9,   -9,   -9,    9,   14,    9,   14,   14,   14,
      -9,   -9,   -5,  -28,   -9,  -23,  -23,  -23,  -14,  -28,   -5,  -14,   -9,   -9,   -9,  -14,
       9,   -5,   -5,    9,   14,   14,  -19,   -5,   -5,  -19,   -5,  -19,  -14,  -14,  -23,  -14,
     -26,  -14,   -9,   -5,  -14,  -14,   -5,  -14,  -14,   -5,  -14,  -14,  -14,   -5,   -5,   -5,
      -9,   -9,  -23,   -9,   -9,   -9,   -9,  -14,  -23,  -14,  -14,   -9,  -14,  -14,  -37,  -33,
     -28,   -9,  -28,  -37,  -33,   -9,   -9,   -9,  -14,  -23,   -9,  -28,  -19,  -42,  -19,  -33,
      -9,   -9,   -9,   -9,  -14,  -14,   -9,   -9,   -9,   -9,  -14,   -9,   -9,   -9,   -9,   -9,
      -5,   -9,  -14,   -9,   -9,   -9,  -19,  -47,  -47,   -9,  -28,  -28,  -28,  -19,  -61,   -9,
     -47,   -9,  -19,  -14,  -19,  -42,  -42,  -56,  -56,  -37,  -23,  -42,  -42,   -9,  -14,  -14,
     -14,   -5,  -37,   -9,   -9,  -28,  -14,  -14,  -14,   14,  -33,  -33,  -14,  -28,  -33,  -33,
     -33,  -33,  -33,  -14,   -9,   -9,   -9,   -9,    9,   -9,   -9,   -9,   -9,  -14,  -23,   -9,
      -9,  -19,   -9,  -14,   -9,  -33,  -65,  -33,  -47,   -9,  -14,  -19,  -19,  -23,    5,   23,
      23,
};

static const EpdLigaturePair notoserif_14_regularLigaturePairs[] = {
    { 0x00660066, 0xFB00 }, // f f -> U+FB00
    { 0x00660069, 0xFB01 }, // f i -> U+FB01
    { 0x0066006C, 0xFB02 }, // f l -> U+FB02
    { 0xFB000069, 0xFB03 }, // U+FB00 i -> U+FB03
    { 0xFB00006C, 0xFB04 }, // U+FB00 l -> U+FB04
};

static const EpdFontData notoserif_14_regular = {
    notoserif_14_regularBitmaps,
    notoserif_14_regularGlyphs,
    notoserif_14_regularIntervals,
    18,
    40,
    32,
    -9,
    true,
    notoserif_14_regularGroups,
    13,
    nullptr,
    nullptr,  // kernLeftClasses: built-in fonts use the split arrays below
    nullptr,  // kernRightClasses
    notoserif_14_regularKernLeftCodepoints,
    notoserif_14_regularKernLeftClassIds,
    notoserif_14_regularKernRightCodepoints,
    notoserif_14_regularKernRightClassIds,
    nullptr,  // kernMatrix: built-in fonts use the sparse form below
    notoserif_14_regularKernRowOffsets,
    notoserif_14_regularKernSparseCols,
    notoserif_14_regularKernSparseValues,
    381,
    448,
    70,
    65,
    notoserif_14_regularLigaturePairs,
    5,
};
