/**
 * generated by fontconvert.py
 * name: notoserif_16_bold
 * size: 16
 * mode: 2-bit  compressed: true
 * Command used: fontconvert.py notoserif_16_bold 16 ../builtinFonts/source/NotoSerif/NotoSerif-Bold.ttf --2bit --compress --pnum --zopfli
 */
#pragma once
#include "EpdFontData.h"

static const uint8_t notoserif_16_boldBitmaps[36484] = {
    0xBD, 0x99, 0x3F, 0xAC, 0xE5, 0xC6, 0x75, 0xC6, 0x3F, 0x92, 0x5A, 0x33, 0xF1, 0x0D, 0x30, 0x2A,
    0xAC, 0x20, 0x89, 0x80, 0xB0, 0x0E, 0x5C, 0xB0, 0x75, 0xE1, 0xDD, 0x19, 0x3B, 0x40, 0x1A, 0x17,
    0xD9, 0x00, 0xFB, 0xE2, 0xC2, 0xC5, 0x36, 0x69, 0xE2, 0x14, 0xDB, 0xA6, 0x58, 0x69, 0x28, 0xA7,
    0x70, 0xE1, 0xC2, 0x6A, 0xD2, 0xAB, 0x48, 0x11, 0x6C, 0xA3, 0xD6, 0x08, 0x9E, 0xC3, 0x81, 0x5C,
    0xB8, 0x70, 0x61, 0x46, 0x81, 0x2B, 0x17, 0xA2, 0x64, 0x3B, 0x01, 0xEC, 0x62, 0x27, 0x16, 0x05,
    0x51, 0xBB, 0x43, 0x7E, 0x99, 0x73, 0xE6, 0xBE, 0xBD, 0xEF, 0x3D, 0xAC, 0x56, 0x6B, 0x61, 0x6D,
    0x3E, 0xCE, 0xEF, 0xE3, 0x92, 0xF3, 0xE7, 0x9C, 0x33, 0x87, 0x33, 0x77, 0xEF, 0x1D, 0xE3, 0x18,
    0x7D, 0xB4, 0x17, 0x7F, 0xB3, 0x9D, 0xFB, 0xA9, 0x0F, 0x5D, 0xFE, 0x33, 0xFA, 0xF7, 0x05, 0x07,
    0x00, 0xFD, 0x64, 0xA3, 0x97, 0x7A, 0x73, 0x85, 0xF1, 0xBF, 0x38, 0x68, 0x09, 0x74, 0x3E, 0x17,
    0x1B, 0x08, 0x2D, 0xC3, 0x08, 0xEB, 0x5E, 0x47, 0x8F, 0x5B, 0xF8, 0x63, 0xFC, 0x19, 0x60, 0x86,
    0x73, 0x41, 0xCA, 0x70, 0x2B, 0xD0, 0x61, 0x01, 0xFA, 0x2A, 0x02, 0xB6, 0x8E, 0x78, 0xC5, 0x7F,
    0xF3, 0x23, 0x67, 0x49, 0x06, 0x05, 0xEE, 0xB7, 0x01, 0x38, 0x3F, 0x64, 0x24, 0x93, 0xB1, 0x9A,
    0x01, 0x58, 0x8C, 0x43, 0x15, 0x3B, 0x80, 0x24, 0x0B, 0xBE, 0xF9, 0x91, 0x3F, 0x43, 0x33, 0xDD,
    0x04, 0xDA, 0x70, 0x1F, 0x38, 0x04, 0x19, 0x22, 0xA4, 0xCB, 0xE3, 0x00, 0x62, 0x72, 0x3D, 0x5F,
    0xA0, 0x63, 0xEE, 0x85, 0x5C, 0xD0, 0x3E, 0xFA, 0x4D, 0x82, 0xF9, 0xED, 0x2F, 0x12, 0xBA, 0x77,
    0x3F, 0x48, 0xE8, 0x3F, 0x78, 0x7F, 0x41, 0xFF, 0xDB, 0x59, 0x6A, 0x64, 0x18, 0x46, 0xA0, 0xE5,
    0x0E, 0xA9, 0x3C, 0x01, 0x3D, 0x57, 0xA0, 0xE1, 0x06, 0xD4, 0x24, 0x0E, 0xF5, 0x2F, 0x08, 0x5B,
    0xCF, 0x84, 0xFF, 0xBA, 0xE0, 0x3B, 0x19, 0xF6, 0xDD, 0x0F, 0x36, 0x74, 0x8F, 0xA4, 0x67, 0x6D,
    0xF1, 0xE5, 0x55, 0x87, 0xBC, 0x82, 0x6A, 0xC2, 0x93, 0xA3, 0xE1, 0x04, 0x71, 0xD0, 0x70, 0x81,
    0xB8, 0x67, 0xDF, 0x49, 0xB0, 0x00, 0xBC, 0xDB, 0x71, 0x0B, 0x00, 0x41, 0xA4, 0xA3, 0xAE, 0x45,
    0xEB, 0x58, 0xB4, 0x99, 0x8B, 0x4A, 0x73, 0x51, 0x13, 0xFE, 0x11, 0x18, 0xC1, 0xFE, 0xC0, 0x19,
    0x76, 0xD8, 0x6C, 0xFF, 0xBF, 0x2B, 0xFA, 0x1F, 0xA5, 0x73, 0xFB, 0x46, 0x12, 0x4F, 0xD2, 0x08,
    0xA2, 0xFA, 0xCF, 0xAF, 0x47, 0x82, 0x00, 0x9A, 0xA3, 0x1E, 0xA6, 0xA2, 0x26, 0x14, 0xED, 0x5C,
    0x51, 0x8B, 0xA2, 0xAF, 0x61, 0xC4, 0x0E, 0x20, 0xC1, 0x7E, 0x27, 0x01, 0xD5, 0x82, 0xEE, 0x37,
    0xAB, 0x34, 0x47, 0xCB, 0xA3, 0x23, 0x5F, 0x52, 0xEA, 0x71, 0xE0, 0x22, 0x62, 0xB9, 0x8B, 0x30,
    0xD0, 0x89, 0x38, 0x1B, 0x80, 0xEA, 0x8A, 0x80, 0xC1, 0x0F, 0x22, 0x13, 0x33, 0xE1, 0x3F, 0x4E,
    0xA5, 0xDD, 0x7C, 0xE3, 0x0C, 0x30, 0x84, 0xA5, 0xC3, 0xC8, 0x60, 0x89, 0x76, 0x67, 0xB4, 0x01,
    0xDD, 0xEA, 0x93, 0x75, 0xB0, 0xB1, 0xA3, 0x05, 0x7C, 0x6C, 0x49, 0x60, 0x9C, 0x2B, 0x6E, 0x00,
    0x67, 0x8C, 0x09, 0x18, 0x23, 0xFA, 0x5D, 0x9E, 0xC1, 0x70, 0x80, 0x5D, 0xB3, 0xCC, 0xE8, 0x88,
    0x91, 0x2B, 0x0E, 0x64, 0xB2, 0x9C, 0x40, 0x4E, 0x26, 0x4B, 0x75, 0x07, 0x00, 0xC6, 0x29, 0xFF,
    0x05, 0x1F, 0xAC, 0xFC, 0x0D, 0xD6, 0xF5, 0x39, 0x49, 0x21, 0xE5, 0x87, 0x68, 0x12, 0xBA, 0x08,
    0x1F, 0xB2, 0xB9, 0x0D, 0x71, 0xD8, 0x61, 0xF2, 0x8D, 0x84, 0x3E, 0x49, 0xBF, 0x72, 0x2E, 0x57,
    0x4F, 0xB9, 0x29, 0x4F, 0x8D, 0x9E, 0xED, 0x8E, 0x86, 0x00, 0x07, 0xF8, 0x20, 0xFD, 0x34, 0x49,
    0x02, 0x89, 0x97, 0x06, 0x20, 0xE9, 0x6D, 0x1B, 0xA5, 0x5A, 0xB3, 0xA3, 0xA6, 0x03, 0x03, 0x38,
    0x89, 0xF5, 0x3E, 0xC2, 0xC6, 0x53, 0x77, 0x57, 0x46, 0xD2, 0xA7, 0xE3, 0xAC, 0x95, 0x43, 0x4D,
    0x69, 0x6B, 0x56, 0xD8, 0x19, 0x74, 0x58, 0x81, 0x01, 0xC0, 0x0D, 0x07, 0x74, 0x01, 0x2F, 0x9B,
    0x80, 0x9B, 0xE6, 0x9D, 0xD9, 0x7F, 0xFF, 0xFB, 0x91, 0x1C, 0xD7, 0x57, 0xC9, 0xA1, 0x1A, 0x57,
    0x78, 0x72, 0x19, 0xDF, 0xBB, 0xB7, 0x58, 0xF3, 0xDD, 0xF8, 0x15, 0x13, 0x26, 0xA9, 0xAB, 0xE5,
    0x86, 0x4E, 0xFF, 0x53, 0x0B, 0xC9, 0x24, 0xE5, 0xEC, 0xEE, 0xCF, 0xEE, 0x3C, 0xB5, 0x8E, 0xAE,
    0x05, 0xDD, 0x64, 0xA3, 0x5D, 0xEC, 0x6A, 0xD6, 0x26, 0x36, 0xD1, 0x04, 0xEF, 0x7E, 0x50, 0x26,
    0xF3, 0xE2, 0x9C, 0x00, 0x1B, 0x38, 0x33, 0x72, 0xF6, 0xE1, 0x06, 0x50, 0x39, 0x34, 0x33, 0xDA,
    0x20, 0xB9, 0x6F, 0xF2, 0x39, 0xC0, 0x00, 0x3D, 0x60, 0x21, 0x59, 0x7F, 0x13, 0x38, 0xD7, 0x40,
    0xAD, 0xC0, 0x82, 0x3A, 0xA2, 0x89, 0x52, 0xBD, 0x99, 0x2E, 0x55, 0x77, 0x4F, 0xAD, 0x7E, 0x3A,
    0xFA, 0xF2, 0x86, 0x47, 0x34, 0xD4, 0x29, 0x69, 0x36, 0x74, 0x6B, 0x43, 0xF4, 0x4B, 0x86, 0x8D,
    0x35, 0x07, 0x1B, 0x2B, 0x06, 0x85, 0x7F, 0x26, 0xEC, 0x09, 0xA5, 0x59, 0xC3, 0xD2, 0x95, 0x76,
    0xDA, 0x6E, 0x26, 0x95, 0x81, 0x60, 0x39, 0x00, 0xD5, 0x6D, 0x00, 0x35, 0x33, 0x8C, 0xC0, 0x67,
    0x68, 0xA6, 0xFA, 0x0F, 0x33, 0xEC, 0x8F, 0x32, 0xFA, 0x26, 0x03, 0x2F, 0x06, 0x07, 0x4A, 0x21,
    0x9D, 0x02, 0x3A, 0xF4, 0x8E, 0x8E, 0x94, 0x09, 0x89, 0x0C, 0x5D, 0x62, 0x30, 0x89, 0x83, 0x49,
    0xD6, 0x99, 0xF4, 0x05, 0x98, 0x04, 0x74, 0x2B, 0x60, 0xC5, 0xDC, 0x09, 0x60, 0x50, 0x5B, 0x5B,
    0xB9, 0x2D, 0xB7, 0x02, 0x40, 0xA0, 0x59, 0xD1, 0x99, 0x19, 0xBD, 0x1D, 0xE0, 0x79, 0xED, 0x80,
    0x1E, 0x23, 0x07, 0x71, 0x6B, 0x85, 0x49, 0x66, 0x47, 0x1F, 0x5B, 0x42, 0xE3, 0xD2, 0xCF, 0x4D,
    0xB6, 0x65, 0xBA, 0x64, 0xE0, 0x96, 0x61, 0x16, 0xE0, 0x4F, 0x19, 0x00, 0x4B, 0x27, 0x58, 0x01,
    0x74, 0xA5, 0xCA, 0x20, 0x16, 0x97, 0xE5, 0xE0, 0x86, 0xA0, 0x87, 0xC4, 0x19, 0x75, 0x46, 0xC8,
    0x5D, 0xD9, 0xA5, 0x23, 0x3A, 0x19, 0xA8, 0x21, 0x25, 0x53, 0x25, 0xBA, 0xEA, 0x01, 0x6C, 0xCA,
    0x18, 0x05, 0xCC, 0x68, 0x1E, 0x66, 0xB4, 0xEF, 0x65, 0x98, 0xBB, 0x19, 0x7D, 0x97, 0x71, 0x53,
    0x90, 0x32, 0xAA, 0x98, 0xD1, 0xCC, 0x19, 0x87, 0x90, 0x61, 0x5C, 0x86, 0x45, 0xC6, 0xEB, 0x0F,
    0xC6, 0xFD, 0xAD, 0x91, 0x64, 0x54, 0x40, 0xEE, 0x5D, 0x86, 0xCD, 0x30, 0x64, 0x54, 0xE4, 0xB2,
    0xE4, 0xB2, 0x4A, 0xE9, 0xA4, 0x00, 0x6B, 0x0F, 0xFC, 0x20, 0x97, 0x97, 0x2D, 0x80, 0x5B, 0x52,
    0xBE, 0xFD, 0x26, 0x2C, 0xE9, 0x72, 0x99, 0x5F, 0x82, 0x5F, 0x4B, 0x3F, 0x66, 0xCB, 0x65, 0xBF,
    0x98, 0xAD, 0xAF, 0xE6, 0x6B, 0xC9, 0xC8, 0x1D, 0x7D, 0xE2, 0x30, 0x46, 0x4B, 0x06, 0xC3, 0x0D,
    0x78, 0xC5, 0xA1, 0x1C, 0xB2, 0x80, 0x63, 0x64, 0x42, 0xCD, 0x86, 0x68, 0x53, 0x45, 0x98, 0x15,
    0x94, 0x29, 0x4A, 0x3A, 0x75, 0x47, 0xCC, 0x19, 0xFE, 0xFD, 0xFF, 0xC8, 0x10, 0x1B, 0x47, 0x8E,
    0x09, 0xA3, 0x4C, 0xC5, 0x38, 0x35, 0x82, 0x9A, 0xCE, 0xCF, 0x15, 0x07, 0xAB, 0x88, 0x47, 0xB8,
    0x2E, 0xD6, 0x9A, 0xBB, 0x44, 0xBB, 0x1F, 0x52, 0xD9, 0x06, 0x61, 0x19, 0xA0, 0x8B, 0xA2, 0x27,
    0x79, 0x15, 0x3B, 0x7E, 0x88, 0x3A, 0xE1, 0x1C, 0x8D, 0xA0, 0x5D, 0xF1, 0x32, 0x4C, 0x04, 0x0A,
    0xFA, 0x09, 0x25, 0x6D, 0x30, 0x0E, 0x19, 0x04, 0x50, 0x09, 0x9A, 0x4D, 0x90, 0x00, 0xB1, 0xFC,
    0xA2, 0xAE, 0xC0, 0x4A, 0x03, 0x1F, 0x32, 0x78, 0xD1, 0xA0, 0x11, 0x94, 0xC3, 0x73, 0x40, 0x23,
    0x06, 0x99, 0xD4, 0x6E, 0xE8, 0xCA, 0xBB, 0x5A, 0x09, 0x70, 0x71, 0xB5, 0xD6, 0x44, 0xB7, 0xE5,
    0xFE, 0x0D, 0x7F, 0xBA, 0x94, 0xB4, 0xD0, 0x66, 0x18, 0x65, 0xD3, 0xDD, 0x24, 0xFD, 0x63, 0x47,
    0x67, 0xE7, 0x86, 0x61, 0x0C, 0x95, 0x00, 0x97, 0x61, 0x67, 0x70, 0xD0, 0x55, 0xE0, 0x40, 0xAA,
    0xFB, 0x53, 0xF1, 0xBC, 0x1C, 0xE3, 0x86, 0xD2, 0xA9, 0xD9, 0xFA, 0x08, 0x1B, 0x4D, 0x42, 0xEE,
    0x2A, 0xC1, 0x6B, 0x4C, 0x43, 0x06, 0x43, 0x5D, 0xE0, 0x8E, 0x21, 0xCE, 0xB0, 0x4B, 0x4B, 0xD7,
    0x91, 0x74, 0x2D, 0x77, 0x3A, 0x8C, 0xEF, 0x5E, 0x7B, 0x59, 0x77, 0xBC, 0x24, 0xE1, 0xF8, 0x4B,
    0x1C, 0x12, 0xAC, 0x84, 0xC3, 0x06, 0x3B, 0xC1, 0x90, 0x0E, 0x2D, 0x13, 0x2E, 0x26, 0xDF, 0x86,
    0x31, 0x32, 0x8E, 0xB2, 0xDF, 0x5D, 0x3D, 0x4E, 0x4F, 0x26, 0x5D, 0xAD, 0x63, 0x9F, 0x6C, 0xEA,
    0x93, 0x89, 0xB8, 0x76, 0x98, 0xD9, 0x2E, 0xF2, 0xE4, 0x90, 0xAA, 0xB5, 0x8E, 0x87, 0xD9, 0x0E,
    0xFF, 0x0C, 0x3D, 0x5E, 0x02, 0x70, 0xBF, 0xBC, 0xEA, 0x3E, 0xA2, 0xA1, 0x43, 0xBF, 0xA0, 0xE6,
    0x80, 0x7E, 0x05, 0x18, 0x74, 0x3E, 0xE4, 0x96, 0x3E, 0x82, 0x5D, 0x80, 0x96, 0xD0, 0xBA, 0x62,
    0xB3, 0x2E, 0xB1, 0xF8, 0xA3, 0x07, 0x0F, 0x1E, 0xFC, 0xFB, 0xC5, 0x96, 0x80, 0x6B, 0x07, 0xC9,
    0xF5, 0xE2, 0x99, 0x03, 0xB0, 0x00, 0xA0, 0x2B, 0x3D, 0xB4, 0x3B, 0x80, 0x71, 0x3E, 0xAE, 0x07,
    0x9C, 0x80, 0x2E, 0x69, 0xBF, 0x72, 0xB3, 0x2D, 0x7B, 0x76, 0x4B, 0x1D, 0x56, 0xDB, 0xAC, 0x00,
    0x06, 0x94, 0xA3, 0xE5, 0x0E, 0x4B, 0x4E, 0xD9, 0xF7, 0x85, 0x93, 0x49, 0x63, 0xC8, 0x53, 0x13,
    0xCC, 0x0E, 0x68, 0xD9, 0x4A, 0x5F, 0x56, 0xBC, 0x88, 0x68, 0xC4, 0xA1, 0x84, 0x27, 0x5B, 0x9B,
    0xC9, 0xE5, 0x8B, 0xEE, 0x72, 0x18, 0x81, 0x31, 0x6A, 0x55, 0x55, 0x3B, 0x95, 0xED, 0x0F, 0xB8,
    0xB7, 0x6B, 0xB5, 0xEE, 0xE8, 0x19, 0x67, 0x89, 0x8D, 0x86, 0xCB, 0xCC, 0x25, 0xCF, 0x9B, 0x05,
    0xF0, 0x52, 0x29, 0x01, 0x1B, 0x5E, 0xFD, 0xE5, 0xCB, 0xAF, 0xA3, 0x59, 0x2B, 0x32, 0x5A, 0xB4,
    0xF1, 0xB0, 0x76, 0xB1, 0x87, 0x99, 0xFA, 0xD9, 0xCC, 0x1D, 0xBA, 0x60, 0x43, 0x37, 0x75, 0xAE,
    0x0F, 0xCC, 0xA5, 0x73, 0xD6, 0x11, 0xF9, 0x0E, 0x6C, 0x75, 0xD4, 0x5A, 0xB4, 0x87, 0x6D, 0x76,
    0xF8, 0xC1, 0xC2, 0xD6, 0x3B, 0x46, 0x77, 0x53, 0xEF, 0xD3, 0x9D, 0xC3, 0x82, 0x35, 0xDF, 0x58,
    0x60, 0xDD, 0xF8, 0xF0, 0xFB, 0x0F, 0x67, 0xF4, 0xA1, 0xDF, 0x5B, 0x3A, 0x98, 0x50, 0xBD, 0x89,
    0x7F, 0x28, 0x26, 0x01, 0x62, 0x52, 0xD1, 0x6A, 0xCB, 0x68, 0x8F, 0x6F, 0x96, 0x07, 0xD0, 0xED,
    0x7F, 0x77, 0x2F, 0xC9, 0x03, 0x92, 0x01, 0x00, 0xBE, 0xC0, 0x5F, 0x8A, 0xC0, 0xA4, 0x22, 0xBB,
    0x4A, 0x4F, 0x15, 0x4B, 0x27, 0x72, 0x8B, 0x83, 0xC8, 0x79, 0x69, 0x91, 0x38, 0x49, 0x07, 0x8B,
    0x84, 0x09, 0x4D, 0xB4, 0x2A, 0xB3, 0xCC, 0x10, 0xDA, 0x49, 0x62, 0x0C, 0x13, 0x8C, 0xCA, 0xA0,
    0xBD, 0xF5, 0xEE, 0x40, 0xED, 0x8B, 0x22, 0x9E, 0x94, 0xDE, 0x36, 0x34, 0x0C, 0x1A, 0xB1, 0x2C,
    0xD5, 0x0A, 0x70, 0x46, 0xA3, 0xB1, 0x57, 0xF1, 0x0B, 0x8C, 0x48, 0x02, 0x19, 0x4C, 0x2E, 0x47,
    0xB1, 0xE4, 0x27, 0xA5, 0xAB, 0x19, 0x35, 0x7F, 0x35, 0x4A, 0xFB, 0xC9, 0xEC, 0x4A, 0x0A, 0x0F,
    0x47, 0x3A, 0xE5, 0xE9, 0x7E, 0x27, 0x35, 0x1F, 0x31, 0x02, 0x3A, 0xBE, 0x70, 0x3D, 0xD5, 0x6F,
    0x38, 0x28, 0x43, 0x66, 0x7D, 0xE4, 0xF4, 0xE4, 0xBA, 0x39, 0x72, 0xA8, 0x72, 0x3F, 0xD4, 0xD1,
    0x57, 0xE5, 0x00, 0x3D, 0x74, 0xAD, 0x28, 0x09, 0x32, 0x2E, 0x1D, 0x6B, 0x0E, 0x0D, 0x5B, 0xA2,
    0xA1, 0xD9, 0x50, 0x6D, 0x32, 0xF2, 0xAC, 0x61, 0xB1, 0x27, 0xAC, 0x4F, 0x41, 0xBA, 0x82, 0x4E,
    0x20, 0x9E, 0x55, 0xBA, 0x3B, 0x34, 0x9C, 0x60, 0xC1, 0xFD, 0x5B, 0x3B, 0x7A, 0x19, 0xA8, 0x21,
    0x27, 0xDD, 0xF6, 0x2C, 0xB9, 0xBB, 0x62, 0x93, 0x44, 0xC4, 0x13, 0x4F, 0x2C, 0x06, 0xA3, 0xD0,
    0xAE, 0xCA, 0x24, 0xEC, 0x36, 0xA1, 0xD9, 0x95, 0x7C, 0x26, 0xF7, 0x53, 0xFD, 0x3E, 0x9D, 0x7A,
    0xF0, 0xB1, 0xF4, 0x5C, 0x46, 0xA9, 0x38, 0xDD, 0xBB, 0x1C, 0x11, 0xA7, 0xDC, 0x0B, 0xC5, 0x9E,
    0xBF, 0xD7, 0xB9, 0xC1, 0xEB, 0xCA, 0x5B, 0x4A, 0xAB, 0x7C, 0x45, 0x89, 0x6B, 0x7C, 0xF4, 0xA0,
    0xCC, 0xCD, 0xA4, 0x0C, 0xE5, 0xFE, 0x33, 0x69, 0xC2, 0x65, 0x56, 0x99, 0x3E, 0xC8, 0xE8, 0x1C,
    0x4E, 0xDC, 0x04, 0xBB, 0x5A, 0xA3, 0xC6, 0xA8, 0x2D, 0x02, 0xAB, 0x96, 0x08, 0x70, 0x1D, 0x3A,
    0xBC, 0x5A, 0xC2, 0x5F, 0x9D, 0x39, 0xBD, 0xF7, 0x6C, 0x54, 0x8C, 0x9A, 0x99, 0xA1, 0xE0, 0xE2,
    0x18, 0xB9, 0x02, 0x46, 0x43, 0xE3, 0xD7, 0x86, 0x53, 0xC5, 0x80, 0x71, 0x6E, 0x08, 0xD8, 0xD9,
    0xEC, 0x99, 0xFA, 0xAE, 0xFC, 0x15, 0xFA, 0x4C, 0xC0, 0x5E, 0xE6, 0x7A, 0x85, 0x37, 0xCE, 0xEE,
    0x64, 0x5A, 0xEE, 0x36, 0xA1, 0xE7, 0x96, 0x59, 0x31, 0x66, 0x6A, 0x72, 0x9F, 0x5E, 0x83, 0x96,
    0xC2, 0x92, 0xB8, 0x18, 0x57, 0x61, 0x47, 0x66, 0x56, 0xE4, 0x06, 0xA0, 0x3A, 0x53, 0x2B, 0x65,
    0x33, 0x2D, 0xB2, 0xD6, 0x8C, 0xE8, 0x59, 0x82, 0xB9, 0x3D, 0xBF, 0xE8, 0x6C, 0xBD, 0x2D, 0x42,
    0xF2, 0x24, 0xF2, 0xEC, 0x73, 0x48, 0xA5, 0x46, 0x5C, 0xB3, 0x2C, 0xCB, 0x20, 0x45, 0x2C, 0x04,
    0xA7, 0x17, 0x52, 0x64, 0xA0, 0xE3, 0x27, 0xB1, 0xC1, 0x90, 0xB3, 0x14, 0x8C, 0xBA, 0x51, 0xFC,
    0x9E, 0xCA, 0x92, 0x4B, 0x04, 0xC6, 0xE2, 0x43, 0xCB, 0x00, 0xEE, 0x00, 0x67, 0x9D, 0x87, 0x6F,
    0x70, 0x17, 0xF9, 0x5E, 0x16, 0xF1, 0x92, 0xB3, 0x56, 0xA2, 0x53, 0x49, 0x10, 0x69, 0x16, 0x15,
    0x33, 0xA9, 0x58, 0xA7, 0xB2, 0x43, 0xE4, 0xDD, 0xA4, 0xF2, 0xF3, 0x22, 0xDC, 0x8B, 0x50, 0xE5,
    0x31, 0x83, 0xC8, 0x07, 0x2C, 0xED, 0x18, 0x55, 0x7C, 0x52, 0xB1, 0x9B, 0x8A, 0xE1, 0x51, 0x06,
    0x91, 0xA6, 0x84, 0xA7, 0xE2, 0xA2, 0x11, 0x1A, 0x4B, 0x90, 0xBA, 0x32, 0x07, 0x80, 0x52, 0xAD,
    0xD4, 0x46, 0x2F, 0x98, 0xB5, 0x13, 0xB6, 0xE1, 0xFA, 0x3B, 0xDD, 0x3D, 0xF5, 0x9D, 0x96, 0xB8,
    0x32, 0xE5, 0x53, 0xB5, 0xE6, 0x06, 0x8C, 0x74, 0x20, 0x71, 0xA5, 0x3C, 0xA6, 0xAB, 0x1F, 0x13,
    0x78, 0xC4, 0xD0, 0x88, 0xAE, 0x59, 0x7F, 0xAE, 0x3A, 0x1F, 0x7E, 0x22, 0x3A, 0x46, 0xA3, 0x6A,
    0xA3, 0xF9, 0x86, 0xEA, 0xDA, 0x1D, 0x44, 0xFB, 0x64, 0x55, 0x4D, 0xBA, 0x59, 0x74, 0xBF, 0xAF,
    0xDA, 0x32, 0xA9, 0x36, 0x5C, 0x8E, 0x1A, 0x55, 0xAB, 0xA3, 0x82, 0x93, 0x68, 0x02, 0x43, 0xD6,
    0x2A, 0xC1, 0x07, 0x43, 0x58, 0x06, 0xEB, 0x28, 0xF6, 0x4E, 0x16, 0xAA, 0x03, 0x2C, 0xA3, 0xE5,
    0x24, 0x22, 0x11, 0xAD, 0x37, 0x80, 0xA9, 0xEC, 0x87, 0x7B, 0x11, 0x1E, 0x25, 0x20, 0xA9, 0xC1,
    0x2A, 0xE3, 0xA2, 0x62, 0x93, 0x8A, 0xA1, 0x4A, 0x4B, 0x27, 0xD2, 0x30, 0x88, 0x80, 0x51, 0xC5,
    0xAF, 0x2A, 0xFD, 0xA6, 0x62, 0xA8, 0xD2, 0x14, 0xA9, 0x8A, 0xE0, 0x28, 0x36, 0x89, 0xA9, 0xE8,
    0x12, 0x2C, 0x67, 0x1C, 0x44, 0xCA, 0x57, 0x13, 0xE5, 0xA8, 0x75, 0xE2, 0x7B, 0xDD, 0x31, 0xD5,
    0x6F, 0xDD, 0x0A, 0x43, 0x4B, 0x60, 0x2C, 0x6B, 0x58, 0x2C, 0x9F, 0xB4, 0xAC, 0x30, 0x09, 0xFB,
    0x24, 0xA9, 0xDF, 0x6D, 0x97, 0xB8, 0x17, 0x5E, 0xB9, 0xAF, 0x35, 0x0B, 0x4B, 0x0F, 0x66, 0xCB,
    0x8C, 0x07, 0xED, 0x59, 0x37, 0xE5, 0x00, 0xCE, 0x32, 0x90, 0x25, 0x13, 0xCA, 0xAE, 0xA7, 0xDB,
    0x1E, 0xAE, 0x7E, 0x12, 0x78, 0x7F, 0x4C, 0xA7, 0xBD, 0xBE, 0xBD, 0xBE, 0xA7, 0x5F, 0xA3, 0xD3,
    0x3A, 0xA7, 0x25, 0xD3, 0xA7, 0xD3, 0x9E, 0xF3, 0xC9, 0xF3, 0x65, 0xAC, 0x2E, 0xF6, 0x65, 0xA1,
    0x2F, 0x7C, 0xBE, 0x58, 0x6D, 0x7F, 0xC0, 0x58, 0xD5, 0xE2, 0x91, 0xB4, 0xCC, 0x80, 0xD9, 0x95,
    0x14, 0x1E, 0x94, 0x4D, 0x31, 0x9A, 0x8B, 0xD0, 0x32, 0xA8, 0xED, 0xC3, 0xD5, 0x4F, 0x13, 0xEF,
    0xFB, 0xD3, 0xA7, 0xA9, 0x2B, 0x31, 0xAC, 0x85, 0xD7, 0x3F, 0x1D, 0x69, 0x4D, 0x40, 0x3E, 0x95,
    0x5D, 0xDF, 0xC3, 0x39, 0x0B, 0xC7, 0x28, 0xB4, 0x49, 0xD8, 0x6F, 0x97, 0xE7, 0xEB, 0x38, 0x53,
    0xBA, 0xF8, 0x44, 0x4B, 0x62, 0xA4, 0xB0, 0x58, 0x0A, 0x78, 0x4E, 0x68, 0xC8, 0x04, 0x23, 0x29,
    0x6F, 0xE7, 0x26, 0x23, 0x57, 0x86, 0x0F, 0xD8, 0xE1, 0x67, 0xBC, 0x05, 0x2F, 0x6E, 0xD8, 0x5D,
    0x20, 0x63, 0x19, 0xD2, 0x49, 0x8B, 0x08, 0x90, 0x49, 0xFF, 0x5D, 0xBE, 0x9C, 0x10, 0xEF, 0xC3,
    0x8D, 0xF2, 0x5D, 0x02, 0x18, 0x08, 0x8C, 0x81, 0x4E, 0x10, 0x40, 0xE7, 0x63, 0xB3, 0x97, 0xB9,
    0x6B, 0xC9, 0xA1, 0xE4, 0xD9, 0x48, 0x71, 0xA5, 0x90, 0x67, 0xFC, 0xE8, 0xDE, 0x94, 0x24, 0xCC,
    0xCA, 0x66, 0x2E, 0xFC, 0x41, 0x66, 0x3D, 0x21, 0x13, 0x78, 0x81, 0x8C, 0xC2, 0xEB, 0x89, 0x36,
    0x92, 0x15, 0xE9, 0x8A, 0x0C, 0x0D, 0x67, 0x98, 0x08, 0x99, 0x89, 0x76, 0x42, 0xF5, 0x07, 0x91,
    0x43, 0x40, 0x59, 0x9E, 0xCB, 0x17, 0xAB, 0x83, 0x04, 0xBE, 0x22, 0x34, 0xCA, 0xC7, 0xFF, 0x5A,
    0xCC, 0x10, 0xBD, 0x03, 0x0D, 0x7F, 0xC3, 0xAD, 0xD0, 0x70, 0x40, 0x1F, 0x5A, 0x3A, 0x74, 0x83,
    0xE4, 0x8B, 0x15, 0xBB, 0x33, 0x91, 0xF9, 0x9A, 0x7A, 0x9D, 0xA4, 0x4B, 0xA1, 0x8D, 0xD5, 0x92,
    0xB9, 0x36, 0x51, 0xF2, 0x5D, 0x68, 0x52, 0x3B, 0x65, 0xEE, 0x32, 0x6C, 0x4B, 0x61, 0xC3, 0xCE,
    0x09, 0xBD, 0x8E, 0x59, 0xF6, 0xBE, 0x74, 0xA2, 0x5F, 0x85, 0x36, 0x9E, 0xD8, 0xCD, 0x6A, 0x0F,
    0x3A, 0x34, 0xDC, 0xE5, 0xC2, 0x0E, 0xF9, 0xC2, 0x88, 0x0D, 0xF9, 0x9C, 0x25, 0x0D, 0xBD, 0x6C,
    0x38, 0x62, 0xDB, 0x18, 0xD5, 0xC8, 0x00, 0x46, 0x58, 0x75, 0x9B, 0x0B, 0x2C, 0x34, 0xEB, 0x93,
    0x5E, 0xC4, 0x86, 0x49, 0xCC, 0x1E, 0x63, 0xF3, 0x70, 0xC7, 0x39, 0x60, 0x17, 0xD9, 0x53, 0xCA,
    0xAB, 0xF9, 0x23, 0x96, 0x75, 0x35, 0x5F, 0xBC, 0xB1, 0x00, 0x5D, 0xEA, 0xBE, 0xC6, 0x77, 0xC4,
    0x8B, 0xCD, 0x82, 0xFF, 0x2D, 0x17, 0xB4, 0xE0, 0x2F, 0x66, 0xF1, 0xE5, 0x35, 0xF8, 0x0F, 0x27,
    0x40, 0xBA, 0xB3, 0x8F, 0x43, 0xB9, 0xE8, 0x19, 0x80, 0x9A, 0x2B, 0x3A, 0x0E, 0x25, 0x09, 0x0C,
    0x51, 0x2E, 0xCA, 0x4B, 0x31, 0xCE, 0x68, 0xA8, 0x6E, 0x06, 0x34, 0x9B, 0xE6, 0x46, 0xCD, 0xED,
    0x42, 0x1A, 0x31, 0x76, 0x86, 0x1A, 0xEF, 0x00, 0x9F, 0xE0, 0x01, 0xF4, 0x1B, 0x92, 0x4E, 0x93,
    0xC4, 0x13, 0x2D, 0x7F, 0x3C, 0x41, 0x46, 0x7B, 0x2F, 0x68, 0xCF, 0x14, 0xC2, 0x6F, 0x2A, 0x76,
    0xBB, 0xFA, 0xDF, 0xC0, 0xA1, 0x54, 0x09, 0xD2, 0x20, 0x52, 0x9A, 0x1F, 0xA6, 0x71, 0x05, 0xD0,
    0x05, 0x9B, 0xA4, 0x46, 0xB1, 0x6F, 0x83, 0xAC, 0x15, 0x75, 0x42, 0x23, 0x79, 0x22, 0x12, 0xCB,
    0x97, 0xF5, 0x04, 0x2F, 0x24, 0x1D, 0x98, 0x28, 0xC9, 0x90, 0x24, 0xF2, 0x7E, 0x6E, 0x35, 0xFE,
    0x8D, 0x10, 0xD5, 0xF1, 0x3F, 0x09, 0x9A, 0x03, 0x7E, 0x29, 0x31, 0x6C, 0x34, 0x6E, 0xED, 0x9C,
    0x79, 0x9C, 0xF7, 0xBB, 0x0E, 0xA8, 0x8B, 0xC1, 0xDC, 0x84, 0x63, 0x12, 0xDA, 0xE5, 0xB3, 0xA9,
    0x35, 0x7B, 0x32, 0x1E, 0x69, 0x49, 0xA6, 0x82, 0x9F, 0x9D, 0x8D, 0x49, 0x27, 0x56, 0xF2, 0x72,
    0xB6, 0xE2, 0xC3, 0xAD, 0xE2, 0x56, 0xBF, 0x67, 0xA8, 0x9F, 0x5C, 0xCA, 0xDA, 0xAF, 0x0E, 0xE2,
    0xC0, 0x01, 0xA5, 0x86, 0x3E, 0xD4, 0x8C, 0x2B, 0x0F, 0x27, 0x58, 0xF5, 0x4B, 0x1E, 0x5A, 0x69,
    0x3E, 0xDA, 0x84, 0x9A, 0xA7, 0xE3, 0xEC, 0xEC, 0x36, 0x19, 0xB9, 0xBF, 0xC9, 0x08, 0xCE, 0x2F,
    0xE2, 0x8C, 0x90, 0xDE, 0x18, 0x5F, 0x39, 0x73, 0xB7, 0x81, 0x04, 0x49, 0xC9, 0xFB, 0xC0, 0x4D,
    0x48, 0x44, 0x2D, 0xD0, 0x01, 0xC6, 0xC1, 0x0C, 0x30, 0x01, 0x6D, 0x40, 0x33, 0xE9, 0x57, 0xE7,
    0x11, 0x55, 0x04, 0x16, 0x60, 0x3D, 0xB6, 0x39, 0x35, 0xE8, 0x2F, 0x35, 0x38, 0x5C, 0x34, 0x00,
    0xCE, 0xCE, 0x1C, 0x39, 0xFF, 0x13, 0x67, 0xBC, 0xB8, 0xF3, 0x6D, 0xCE, 0xE4, 0x9C, 0x7B, 0x46,
    0x5D, 0x52, 0x2C, 0xE3, 0x20, 0x30, 0x6B, 0x46, 0x7F, 0x9E, 0x71, 0xEB, 0x56, 0xC6, 0x79, 0x9F,
    0x91, 0xCC, 0x80, 0x2A, 0x9A, 0x90, 0xAB, 0x35, 0x13, 0xDA, 0x29, 0xD7, 0x36, 0xA1, 0x5A, 0xD0,
    0x39, 0xE8, 0x9B, 0xF9, 0x5A, 0xB1, 0xFF, 0x4B, 0xC0, 0x0D, 0xBC, 0x72, 0x76, 0x76, 0xA6, 0x73,
    0x3C, 0x08, 0xDC, 0xB7, 0xDF, 0x3A, 0xFD, 0xC0, 0x82, 0xD1, 0xC1, 0x04, 0x5D, 0xA5, 0x2A, 0x72,
    0xC2, 0xE1, 0xF8, 0xB5, 0xF5, 0x06, 0xB3, 0x1C, 0x76, 0x1C, 0x62, 0x4B, 0xE0, 0xB6, 0x00, 0x82,
    0xBF, 0x18, 0x99, 0x95, 0x44, 0xC7, 0x6F, 0x11, 0x76, 0x69, 0x09, 0x2F, 0x55, 0xC6, 0x02, 0x43,
    0x78, 0x81, 0x5D, 0x3D, 0xD1, 0xF3, 0x43, 0xE6, 0xDB, 0xEF, 0x30, 0x22, 0xF7, 0x9E, 0x8D, 0xC0,
    0xC5, 0xEE, 0x83, 0x7B, 0xCA, 0xE6, 0xD3, 0x79, 0x5B, 0xF8, 0xB7, 0x0C, 0x99, 0x9E, 0x31, 0xF3,
    0x13, 0x9F, 0x32, 0x27, 0xB3, 0x65, 0x06, 0xB3, 0x0B, 0x5B, 0x4A, 0xCD, 0xC2, 0xE6, 0x53, 0xD8,
    0x0A, 0x43, 0xA1, 0xB6, 0x9A, 0xCD, 0x86, 0x56, 0x7B, 0xF3, 0xBB, 0x65, 0xC4, 0xA8, 0xEF, 0x1F,
    0xA0, 0x26, 0x56, 0x19, 0x5E, 0xF6, 0x60, 0xE6, 0x00, 0x98, 0xAD, 0x5B, 0xDB, 0xCD, 0xC6, 0x26,
    0xE5, 0x12, 0x7D, 0x04, 0xA4, 0x8C, 0xA7, 0xA2, 0xFF, 0xB6, 0x52, 0x16, 0xFC, 0x49, 0x9F, 0x70,
    0xD3, 0xF0, 0x6F, 0x52, 0x43, 0xAE, 0x18, 0x39, 0xA1, 0x2A, 0x3E, 0xBB, 0x4C, 0xCB, 0x29, 0xF3,
    0x55, 0x25, 0x9E, 0xCE, 0x1B, 0xC2, 0x8A, 0x6B, 0x66, 0xCB, 0x3D, 0xD3, 0xF0, 0x6E, 0x66, 0x9F,
    0xF4, 0x25, 0x5A, 0x2A, 0x61, 0x44, 0xA6, 0x57, 0x8E, 0x9F, 0x42, 0x7F, 0xA2, 0x6C, 0x1E, 0x42,
    0xED, 0xC1, 0xEC, 0x77, 0x75, 0xCD, 0xA4, 0xA5, 0x8C, 0x92, 0xA9, 0xBF, 0x86, 0x1D, 0x7F, 0x8F,
    0xF1, 0x1A, 0x67, 0x2E, 0x10, 0xA7, 0xCB, 0x8F, 0x37, 0x36, 0x1E, 0x31, 0xF8, 0x58, 0x67, 0x90,
    0x0C, 0xA3, 0xE2, 0xD1, 0x83, 0x07, 0x4E, 0x9C, 0x87, 0x17, 0x58, 0xC5, 0x8A, 0x2F, 0xA2, 0xCB,
    0x2D, 0x61, 0xF8, 0xAF, 0x84, 0x84, 0x4F, 0x3A, 0x9D, 0x35, 0xA0, 0x19, 0xE3, 0x9B, 0x30, 0xDC,
    0x60, 0x3F, 0x26, 0x18, 0xA4, 0xA4, 0x5C, 0x50, 0x1D, 0x8B, 0x27, 0xA7, 0x5C, 0xE6, 0x2F, 0xF3,
    0xD7, 0x43, 0xB9, 0xF7, 0xFC, 0x45, 0x7C, 0xF3, 0x64, 0x90, 0x22, 0x23, 0xB9, 0xEC, 0x90, 0xD1,
    0xEF, 0xFA, 0xD7, 0x86, 0x7C, 0xB4, 0x9A, 0x64, 0xD2, 0x5B, 0x66, 0x69, 0x37, 0xF4, 0xB1, 0xD9,
    0x05, 0x2C, 0xE8, 0x16, 0xFD, 0x81, 0xF0, 0x90, 0xD0, 0xEE, 0xF7, 0xD6, 0xE3, 0x66, 0xCD, 0xED,
    0xF8, 0xD2, 0x19, 0x05, 0xF9, 0x96, 0x40, 0x1D, 0x62, 0xA8, 0x33, 0xA6, 0x3E, 0x63, 0x1E, 0x65,
    0x9B, 0x24, 0xD0, 0x0B, 0xEC, 0xA4, 0xBF, 0x62, 0xFA, 0xE5, 0x55, 0xA2, 0x23, 0xA5, 0xAB, 0xDD,
    0xFD, 0x6E, 0xB9, 0x7E, 0xE7, 0x7A, 0xAE, 0xEF, 0x5C, 0x33, 0x67, 0xAB, 0x1B, 0x48, 0xA7, 0x34,
    0xC2, 0xE1, 0x73, 0x51, 0xF2, 0xDE, 0x33, 0x19, 0x4E, 0x85, 0xF2, 0xEB, 0x2D, 0x9D, 0xBE, 0x21,
    0x43, 0x45, 0x3C, 0x39, 0x46, 0xBA, 0x91, 0x43, 0x2B, 0xF7, 0x3F, 0xFB, 0x6C, 0x25, 0xE6, 0x69,
    0x64, 0x42, 0xEF, 0xC0, 0x09, 0x65, 0xFD, 0xF6, 0x01, 0x17, 0x47, 0x2F, 0xC1, 0x9A, 0xAB, 0xCF,
    0xB3, 0x0E, 0x4E, 0x7A, 0x06, 0xB1, 0x9F, 0x60, 0x02, 0xA7, 0xDF, 0x2D, 0x9E, 0xCA, 0x37, 0xC8,
    0x27, 0x1C, 0x6C, 0x54, 0x0E, 0xC2, 0x1D, 0x99, 0xFF, 0xB2, 0x0A, 0xBF, 0x17, 0x85, 0xF7, 0x94,
    0x5C, 0x95, 0x9B, 0xF0, 0x21, 0xB5, 0x0E, 0xA5, 0xFE, 0x77, 0x38, 0x49, 0x2B, 0x46, 0xA1, 0xD7,
    0x78, 0xDA, 0x63, 0x3C, 0xC3, 0xC8, 0x54, 0x71, 0xCA, 0xB6, 0x8D, 0x1C, 0xEE, 0x3D, 0x3B, 0x62,
    0xCF, 0x1F, 0x4F, 0xE0, 0x8E, 0xE4, 0x31, 0x2C, 0x4D, 0xBE, 0xB7, 0xC9, 0x85, 0xE5, 0x6F, 0xA9,
    0xC6, 0xEC, 0x24, 0x19, 0x34, 0x37, 0x58, 0xA9, 0x61, 0xA1, 0xDB, 0xC1, 0x59, 0x67, 0x79, 0xC3,
    0x18, 0xCB, 0xA4, 0xBF, 0xD0, 0x0B, 0xC9, 0x1F, 0xB9, 0x28, 0xC9, 0x33, 0xF2, 0x74, 0xA1, 0xA6,
    0x16, 0x3B, 0xD5, 0xC8, 0x88, 0xF6, 0xF7, 0x9D, 0xBA, 0x32, 0x20, 0xBC, 0x3A, 0xCC, 0x04, 0xB3,
    0x35, 0x44, 0x97, 0xC0, 0x60, 0x17, 0x81, 0xE4, 0xA0, 0x8F, 0x18, 0x63, 0x86, 0x8F, 0xE3, 0x13,
    0x78, 0x81, 0x3E, 0xB0, 0x19, 0xB3, 0x56, 0xD6, 0x66, 0xDA, 0x41, 0x4D, 0x6E, 0xA7, 0xE5, 0xAA,
    0x1C, 0x7E, 0x33, 0x1C, 0xBC, 0xF8, 0x94, 0xF7, 0x0A, 0x59, 0x4B, 0xA6, 0x2E, 0x35, 0xA5, 0xFE,
    0x70, 0x60, 0x46, 0x9B, 0xE1, 0x9E, 0x0E, 0xAD, 0xA2, 0xB6, 0x0B, 0x72, 0xB3, 0xC5, 0x67, 0x8C,
    0x8C, 0x0D, 0xEF, 0x4A, 0x56, 0x7F, 0xED, 0xDF, 0x90, 0xEB, 0xE1, 0x0A, 0x06, 0xA0, 0x13, 0xF7,
    0x8A, 0x29, 0x02, 0x54, 0x90, 0x43, 0xD7, 0xEA, 0x96, 0xCC, 0x34, 0xBC, 0xC7, 0xF8, 0x39, 0x77,
    0x04, 0xFB, 0x94, 0x1D, 0xA1, 0xCB, 0x6C, 0xC9, 0x8B, 0x7D, 0x47, 0x76, 0x84, 0x67, 0xED, 0x50,
    0x68, 0xB9, 0x64, 0x8E, 0x64, 0xA6, 0x57, 0xE2, 0x36, 0xEC, 0x6E, 0xA8, 0x93, 0x1F, 0x5A, 0x7A,
    0xF1, 0x2E, 0x0A, 0x26, 0xEF, 0x1A, 0x86, 0xAF, 0x20, 0x43, 0xBD, 0x7B, 0x4E, 0x04, 0xED, 0xB8,
    0x40, 0xCC, 0x91, 0x8C, 0x47, 0x47, 0x06, 0x9B, 0xFF, 0x46, 0xD7, 0x05, 0x0E, 0x66, 0x10, 0x5B,
    0xC6, 0x1D, 0xB0, 0x5C, 0xD0, 0x53, 0x83, 0x13, 0x74, 0xF6, 0x6A, 0xC6, 0xAF, 0xC2, 0xC6, 0x0D,
    0x26, 0xEE, 0xB9, 0xD0, 0xD9, 0xE0, 0x49, 0xD7, 0x31, 0x01, 0xB2, 0x0D, 0xDB, 0x63, 0x19, 0x1D,
    0x2A, 0x3A, 0xE9, 0x77, 0xF0, 0xB9, 0xE4, 0x6D, 0xC7, 0xC9, 0x2C, 0x3C, 0x7F, 0x09, 0xA8, 0xF9,
    0x3F, 0x03, 0xA8, 0x69, 0x3F, 0xC8, 0x16, 0x6A, 0xF9, 0x75, 0xA6, 0x23, 0x5B, 0x3A, 0xCD, 0x7E,
    0xD7, 0x29, 0xCD, 0x73, 0xB3, 0x13, 0x0E, 0xCA, 0x60, 0x13, 0x6A, 0x25, 0xF8, 0x98, 0x5B, 0x26,
    0xDF, 0xE3, 0x84, 0x9E, 0xDF, 0xE0, 0x5C, 0xB6, 0x6C, 0x72, 0xB1, 0x3C, 0xD2, 0x10, 0xCD, 0x82,
    0x36, 0x33, 0xEA, 0xCA, 0x3E, 0x41, 0x52, 0x50, 0x37, 0x48, 0x13, 0x00, 0x4E, 0x46, 0xBC, 0x8E,
    0xBD, 0x6E, 0xD7, 0xB7, 0x84, 0xCB, 0x57, 0x33, 0xFB, 0x74, 0x9E, 0x69, 0xD2, 0x2A, 0xDC, 0xA3,
    0xCE, 0xB0, 0xB0, 0xE1, 0xAC, 0xD4, 0x0D, 0x55, 0x68, 0x99, 0x9A, 0xD9, 0x70, 0x16, 0x8D, 0x59,
    0x5B, 0x86, 0xC3, 0x02, 0xAA, 0xE5, 0x2B, 0xC4, 0x52, 0xB1, 0x3A, 0x01, 0x6A, 0xF1, 0xA2, 0xBA,
    0x57, 0x11, 0x18, 0x27, 0xCF, 0x26, 0xAB, 0x9F, 0x1F, 0xB1, 0x99, 0x64, 0xF4, 0x85, 0xDF, 0x95,
    0x0E, 0xFF, 0x2F, 0xF2, 0x27, 0x59, 0xBB, 0x8F, 0xE7, 0xF1, 0xA7, 0x03, 0x60, 0x1E, 0x07, 0xFB,
    0x10, 0x59, 0x19, 0x2C, 0x01, 0x1C, 0x38, 0xF4, 0xBB, 0xDA, 0x00, 0x93, 0x2E, 0x69, 0xBD, 0xE3,
    0xB0, 0x02, 0x96, 0x9B, 0xA7, 0x2B, 0x6C, 0x18, 0xCD, 0x02, 0x64, 0x4A, 0xFF, 0x4B, 0x37, 0x00,
    0x5D, 0xB2, 0xDA, 0x47, 0x69, 0x19, 0x33, 0xC1, 0x59, 0xB9, 0xC8, 0x1D, 0xBD, 0xAF, 0x5F, 0x77,
    0xA2, 0xFF, 0x6B, 0x06, 0xE0, 0x75, 0x7D, 0x9C, 0xE0, 0x17, 0xB4, 0x99, 0x1B, 0x46, 0xFE, 0x98,
    0x9C, 0x78, 0xE4, 0xCC, 0x4D, 0xD1, 0x11, 0x26, 0x9A, 0x1D, 0x26, 0xB4, 0xCC, 0x68, 0x88, 0xCE,
    0x65, 0xCF, 0x2D, 0xC0, 0x70, 0x2B, 0x63, 0xBA, 0x0F, 0xF8, 0x98, 0xD4, 0x4B, 0xA0, 0xFF, 0x28,
    0x02, 0x86, 0x8A, 0x09, 0x68, 0x9F, 0xBC, 0x08, 0x35, 0x01, 0x40, 0xB1, 0x03, 0xA8, 0xD4, 0x4A,
    0xC1, 0x21, 0x66, 0xD8, 0x19, 0x78, 0x55, 0x63, 0x2E, 0x0F, 0x6F, 0xBD, 0xA9, 0x41, 0xD1, 0x24,
    0x16, 0xFC, 0xFA, 0x6D, 0xA2, 0x47, 0x97, 0x32, 0xEC, 0x82, 0x3F, 0x57, 0xBB, 0xEB, 0xD2, 0xB3,
    0xCE, 0xA1, 0x4E, 0xAA, 0xCE, 0x72, 0x06, 0x27, 0x7D, 0x78, 0x28, 0xE6, 0x9A, 0x0D, 0x66, 0xB0,
    0xDB, 0x99, 0x97, 0x9C, 0xE7, 0x30, 0x0A, 0xF4, 0xB5, 0xE8, 0x18, 0xE0, 0x77, 0xA7, 0x7D, 0x31,
    0x3C, 0xB3, 0x54, 0xB9, 0xB4, 0x1C, 0xA0, 0x09, 0x29, 0xD3, 0x4B, 0xF5, 0x49, 0xEF, 0xE3, 0x99,
    0x65, 0x2A, 0x0D, 0x2C, 0x07, 0x5C, 0x7C, 0xDA, 0x4E, 0x9F, 0x75, 0xC8, 0x2B, 0xCB, 0x04, 0xBC,
    0x5D, 0x46, 0x51, 0x47, 0xAB, 0x67, 0x14, 0x68, 0x89, 0x40, 0xCF, 0x41, 0xE3, 0x6D, 0x8B, 0x57,
    0xD5, 0xB3, 0xDB, 0x49, 0xBF, 0xDA, 0x3F, 0x09, 0x70, 0xC5, 0xE9, 0x68, 0x37, 0x18, 0xD7, 0x71,
    0xE8, 0x9C, 0x7D, 0x3B, 0xF6, 0x78, 0xAD, 0xDD, 0x3C, 0xCE, 0xC1, 0x2D, 0xA3, 0x5F, 0xF1, 0x25,
    0x54, 0x0E, 0xFF, 0x0F, 0xD5, 0x9A, 0x3D, 0x8C, 0xE6, 0xC6, 0x7D, 0xC6, 0x1F, 0x72, 0x74, 0x47,
    0x41, 0x74, 0x30, 0x17, 0x40, 0x97, 0xC0, 0x72, 0xC1, 0x26, 0x45, 0xA2, 0x04, 0x61, 0x93, 0xF2,
    0x6E, 0x87, 0xCA, 0x01, 0x49, 0xE1, 0x42, 0x67, 0x40, 0x17, 0x17, 0x2A, 0xD4, 0xA8, 0x08, 0xD4,
    0x9C, 0xCB, 0x14, 0xDA, 0x23, 0xE3, 0x94, 0x29, 0x7C, 0x8D, 0x93, 0x36, 0x85, 0x02, 0x44, 0x9B,
    0xC2, 0x29, 0x52, 0xA8, 0x58, 0x89, 0x23, 0xB9, 0x70, 0x4B, 0x20, 0x51, 0x1D, 0x16, 0x32, 0x02,
    0xB8, 0xF1, 0x38, 0x47, 0x27, 0x94, 0x6E, 0xC8, 0x27, 0xF3, 0x80, 0x2F, 0xE1, 0xDD, 0xC5, 0x9E,
    0x2D, 0x0B, 0xC2, 0x4A, 0x3B, 0xFB, 0xCE, 0xEF, 0x99, 0x77, 0xDE, 0xF9, 0xF8, 0x3F, 0x43, 0x0E,
    0xDF, 0x0F, 0x2E, 0x50, 0x0F, 0x6D, 0xE8, 0x43, 0x1B, 0xDC, 0x98, 0x01, 0xC8, 0x60, 0xBD, 0xFE,
    0xAA, 0xF4, 0x57, 0xFB, 0x7A, 0x70, 0x83, 0x1B, 0xD3, 0x5F, 0xD0, 0x5F, 0x1B, 0x52, 0xCB, 0x09,
    0x78, 0x0F, 0x00, 0x4E, 0xD5, 0x78, 0x49, 0x70, 0x9C, 0x91, 0x93, 0x44, 0xC1, 0x0F, 0xD8, 0xD8,
    0x78, 0xCA, 0xAE, 0x9E, 0x4F, 0x09, 0x37, 0x9D, 0x2E, 0x70, 0xE1, 0x14, 0x97, 0x63, 0x12, 0xE6,
    0x84, 0x3A, 0x9E, 0x1A, 0xD8, 0xE5, 0xD4, 0xA2, 0xE0, 0x42, 0x0D, 0xB5, 0x68, 0xD0, 0x00, 0x20,
    0xEE, 0x13, 0x09, 0x5B, 0x2A, 0x39, 0x03, 0x2D, 0x89, 0x8C, 0xDF, 0xA7, 0x37, 0x44, 0xC2, 0x82,
    0xDE, 0x0B, 0x48, 0xF8, 0x03, 0x98, 0x15, 0x80, 0x61, 0x42, 0x2E, 0x38, 0x32, 0xA8, 0xC3, 0x84,
    0x97, 0xF9, 0xB3, 0x7F, 0x02, 0xDC, 0x80, 0x84, 0x71, 0xC7, 0xF6, 0xD4, 0x27, 0xB4, 0x00, 0xB0,
    0x3E, 0xC6, 0xF7, 0x0C, 0xF9, 0x0F, 0xA1, 0x26, 0x19, 0x5C, 0xC2, 0x70, 0x84, 0x87, 0xEC, 0x6E,
    0x01, 0xAF, 0x41, 0xE9, 0x0F, 0x81, 0xE1, 0x51, 0xFB, 0x64, 0xD2, 0xB0, 0xF6, 0x97, 0xBD, 0xD7,
    0x5A, 0xD5, 0x30, 0x83, 0x83, 0x19, 0x95, 0x55, 0xAE, 0xBA, 0x54, 0x3B, 0x3A, 0xEF, 0xC8, 0xB1,
    0xEF, 0x9F, 0x4E, 0x77, 0x32, 0x68, 0x2A, 0x90, 0x23, 0x67, 0x32, 0x70, 0xAE, 0x89, 0x7A, 0xB0,
    0x84, 0xED, 0x0A, 0xA2, 0x52, 0xB4, 0x0E, 0x19, 0xFD, 0x1D, 0x80, 0xFE, 0x14, 0xE8, 0xC7, 0x09,
    0x70, 0xBF, 0x08, 0x40, 0xFD, 0x64, 0x00, 0x2C, 0x3D, 0x6E, 0xBC, 0xC1, 0x8F, 0x1B, 0x4B, 0xD2,
    0x17, 0x09, 0x9D, 0xBA, 0xE0, 0xC6, 0x77, 0xF9, 0xC3, 0x8B, 0x75, 0x1B, 0x4A, 0x76, 0x00, 0x19,
    0x37, 0xBC, 0x16, 0xCF, 0x26, 0x28, 0x5D, 0xAC, 0xBB, 0xD1, 0x20, 0xE7, 0x0A, 0xBB, 0xD2, 0xD7,
    0xDE, 0x0D, 0xAE, 0x4B, 0xF1, 0x37, 0xD6, 0xA7, 0xDC, 0x38, 0xAF, 0xA3, 0xA5, 0x28, 0x1A, 0xD4,
    0x9C, 0xF0, 0x88, 0x44, 0xB4, 0x1C, 0x16, 0x30, 0x10, 0xD5, 0xDC, 0x0F, 0x26, 0xBA, 0x98, 0xA7,
    0xAA, 0x8F, 0xA2, 0x21, 0x27, 0xB4, 0x1C, 0x51, 0xD0, 0xCB, 0x06, 0x60, 0x43, 0x85, 0x22, 0x38,
    0x98, 0xD0, 0xA6, 0xEC, 0x7C, 0x39, 0xB8, 0xA9, 0xF6, 0x96, 0xDC, 0x5E, 0x4E, 0xCC, 0x23, 0xEF,
    0xE9, 0xD1, 0x9B, 0xF8, 0x1C, 0xEE, 0x63, 0x4F, 0x3D, 0x47, 0xC8, 0x08, 0xB9, 0x1D, 0xAA, 0x76,
    0x00, 0x16, 0xA0, 0x98, 0x60, 0x42, 0xF6, 0x01, 0x22, 0x4A, 0x5F, 0x33, 0x38, 0xD8, 0x8E, 0x7F,
    0x39, 0x55, 0x4D, 0x9D, 0xCF, 0x98, 0xAC, 0x3F, 0x32, 0x01, 0x43, 0xE9, 0xEF, 0x16, 0x01, 0x30,
    0xFE, 0x8E, 0x1D, 0x93, 0x0C, 0x97, 0xCA, 0xDD, 0x52, 0x4D, 0xD4, 0x01, 0x28, 0x7C, 0x6D, 0x66,
    0xFC, 0x99, 0xF5, 0xB6, 0x59, 0xB3, 0xC9, 0xCA, 0x38, 0x15, 0x73, 0x28, 0xD6, 0x26, 0x22, 0x8B,
    0x80, 0x99, 0xA0, 0x08, 0x1E, 0xEA, 0x68, 0x6C, 0x21, 0x81, 0x9C, 0x24, 0x99, 0xCE, 0x8B, 0x9C,
    0x13, 0xEC, 0xD3, 0x05, 0x76, 0x20, 0x6E, 0x7A, 0x02, 0x6F, 0x51, 0xA1, 0xC3, 0x0D, 0x29, 0xFB,
    0x94, 0x3F, 0x4C, 0x99, 0xEC, 0xEC, 0xE2, 0x86, 0x4C, 0x1E, 0xEF, 0x66, 0x01, 0xD1, 0x04, 0x33,
    0xDB, 0xA1, 0x0C, 0xCE, 0xD7, 0x23, 0x9B, 0xF6, 0xC7, 0x04, 0xFF, 0x6E, 0x81, 0xB2, 0xCA, 0xAA,
    0xD3, 0x6B, 0x6A, 0xA3, 0xB6, 0xEA, 0xF3, 0xE0, 0xC1, 0x83, 0xFB, 0x24, 0xA3, 0x32, 0x80, 0x67,
    0xE5, 0x37, 0x1D, 0xC7, 0xFD, 0x31, 0x3C, 0x63, 0x45, 0x87, 0xC3, 0x8A, 0xCA, 0x9A, 0xF9, 0xC5,
    0x83, 0x46, 0x2B, 0xFA, 0x13, 0xB2, 0x73, 0xB0, 0xAF, 0xF0, 0x47, 0xC1, 0x36, 0x35, 0x8E, 0xF3,
    0x39, 0xAD, 0x28, 0x8E, 0xB3, 0x58, 0xF8, 0xBB, 0x49, 0xE6, 0xB4, 0xA2, 0xA9, 0x72, 0x4A, 0x6B,
    0x88, 0xF6, 0xE1, 0x68, 0x24, 0x84, 0xE4, 0x91, 0x93, 0xE0, 0xB8, 0xF2, 0x46, 0x1D, 0xEC, 0x58,
    0xF8, 0xD4, 0xDD, 0x04, 0xAD, 0x68, 0x3A, 0xC0, 0xB6, 0xB1, 0x3F, 0xE1, 0xC8, 0x16, 0x9A, 0xE8,
    0xF6, 0x99, 0x15, 0xED, 0x50, 0x3F, 0x63, 0x45, 0x6F, 0x27, 0xAB, 0x70, 0x24, 0x3B, 0xA1, 0xC1,
    0x2D, 0x14, 0xEC, 0x74, 0xC0, 0xFF, 0x71, 0x4E, 0x07, 0x3F, 0x42, 0x8F, 0xF7, 0x11, 0xD3, 0xD3,
    0x54, 0x59, 0xD2, 0x23, 0x75, 0xBA, 0x01, 0xC0, 0xFA, 0x4B, 0xF3, 0xBE, 0x68, 0x0F, 0xDE, 0xF8,
    0xF8, 0xB5, 0x4B, 0xDB, 0xDC, 0x6C, 0xA0, 0x94, 0x66, 0x7D, 0x6D, 0x6F, 0x9B, 0xBD, 0x8B, 0x9A,
    0x43, 0xFB, 0x6A, 0xE8, 0x8B, 0xE9, 0xA8, 0x98, 0x50, 0x04, 0xD8, 0xA0, 0xC6, 0x0E, 0x88, 0x28,
    0xC6, 0xE7, 0xAB, 0xE6, 0x4F, 0xFA, 0x93, 0x53, 0xAA, 0x75, 0x04, 0x90, 0xDA, 0x57, 0x67, 0xDB,
    0x97, 0x21, 0xB9, 0x33, 0x44, 0xDE, 0x07, 0x98, 0x98, 0x1E, 0xFF, 0x66, 0xE2, 0x64, 0xE2, 0xFA,
    0xA3, 0xE0, 0xD8, 0x65, 0xF7, 0x91, 0x9D, 0x74, 0x86, 0x8D, 0x5D, 0x50, 0x05, 0x38, 0x8F, 0xF7,
    0x01, 0x17, 0x32, 0xFA, 0x2F, 0x80, 0x49, 0x98, 0xF2, 0x84, 0xD9, 0x24, 0xC4, 0x32, 0x81, 0x3D,
    0x07, 0xC7, 0xD8, 0x2E, 0x77, 0xFB, 0x60, 0x97, 0x47, 0x69, 0x83, 0xE3, 0x11, 0x00, 0xB4, 0x10,
    0x1A, 0x61, 0x48, 0x70, 0x51, 0x98, 0x01, 0x79, 0x03, 0xA0, 0x33, 0xCC, 0xCA, 0xBD, 0x4B, 0xF8,
    0xC4, 0x71, 0x72, 0xE8, 0x39, 0x1D, 0x81, 0xE7, 0xD1, 0x0B, 0xAD, 0xE0, 0x84, 0x4A, 0x28, 0x04,
    0x64, 0x5F, 0x0A, 0x8A, 0xC9, 0x35, 0xE8, 0x27, 0x17, 0xD1, 0x06, 0x37, 0xBF, 0x84, 0x7E, 0xE0,
    0xC8, 0xC0, 0xA1, 0xEE, 0xB2, 0x06, 0xC6, 0xA3, 0x98, 0x51, 0x50, 0x3E, 0xE0, 0x9A, 0xDF, 0x25,
    0xDA, 0x15, 0xED, 0x04, 0xBC, 0x08, 0x10, 0x25, 0xD1, 0x12, 0x77, 0x08, 0x3C, 0xE3, 0xF1, 0x7B,
    0x7C, 0xEC, 0x28, 0xC7, 0x86, 0x03, 0x2A, 0x46, 0xED, 0x4E, 0xF4, 0x0D, 0xB1, 0xB1, 0xEF, 0x28,
    0x6D, 0x88, 0xB6, 0x23, 0xDC, 0x7F, 0x2F, 0x28, 0x39, 0x01, 0xB7, 0x81, 0xF7, 0xCC, 0x80, 0x47,
    0xF9, 0x04, 0xD7, 0x2D, 0xA8, 0x86, 0x1E, 0x76, 0x72, 0xBE, 0x88, 0x75, 0x30, 0xB4, 0x93, 0xB2,
    0xCA, 0xAA, 0xD3, 0x6B, 0x6A, 0xA3, 0xB6, 0xEA, 0xA3, 0xB8, 0x00, 0xE4, 0x0B, 0x50, 0x7A, 0xD8,
    0x24, 0xD6, 0x63, 0x4D, 0x52, 0x03, 0xFF, 0x9E, 0xC4, 0x01, 0x48, 0x72, 0xBA, 0x49, 0x94, 0x20,
    0x0F, 0x12, 0x98, 0x4D, 0x52, 0x37, 0x89, 0xF5, 0x37, 0x9A, 0x24, 0x35, 0x9C, 0x4F, 0xE2, 0xD0,
    0xFB, 0x6F, 0xF1, 0xF1, 0x69, 0x46, 0xDF, 0x32, 0x44, 0xF3, 0x73, 0x8F, 0xD4, 0xCD, 0x3E, 0x4C,
    0x62, 0xC2, 0x9F, 0xD6, 0x5E, 0xB3, 0xDD, 0x91, 0x58, 0x1F, 0x24, 0xB5, 0x21, 0x35, 0x9B, 0x44,
    0xB3, 0x3D, 0x68, 0xFF, 0x53, 0xB3, 0xC1, 0x79, 0xCD, 0x96, 0xF5, 0x9F, 0x68, 0x36, 0xC3, 0x08,
    0x25, 0xEC, 0x51, 0x67, 0x2B, 0x60, 0x3B, 0xD8, 0x24, 0x35, 0xD0, 0x27, 0x71, 0xC0, 0xDF, 0x24,
    0x51, 0xB8, 0x49, 0xA2, 0x44, 0x03, 0x48, 0xCC, 0x26, 0xA5, 0x97, 0xC0, 0x6E, 0x52, 0x67, 0xEF,
    0x4A, 0x5C, 0xC5, 0x31, 0xC9, 0xA9, 0xFB, 0xFB, 0xE9, 0xF7, 0xF9, 0x38, 0x3A, 0x13, 0x1D, 0xFF,
    0x37, 0x24, 0x51, 0xB8, 0x99, 0x99, 0xA1, 0x6E, 0x45, 0x80, 0xBA, 0xD9, 0x41, 0xB3, 0xC1, 0x35,
    0x29, 0x6F, 0x53, 0xBC, 0x0F, 0x13, 0x9E, 0x57, 0xD1, 0x76, 0xBF, 0x83, 0x7C, 0x42, 0x7B, 0xA2,
    0x1A, 0xF4, 0x5C, 0x50, 0x0E, 0x49, 0xF6, 0xA8, 0x35, 0x17, 0xA0, 0x8D, 0xA8, 0x71, 0xD2, 0x66,
    0x44, 0xD5, 0x20, 0x6D, 0x48, 0x38, 0x40, 0x9B, 0xF2, 0x18, 0xD0, 0xC6, 0x54, 0xF3, 0x7A, 0xC8,
    0x26, 0xC0, 0x50, 0xE3, 0x68, 0x93, 0x16, 0x03, 0x00, 0x13, 0xAD, 0x87, 0xA4, 0x6A, 0x6E, 0x23,
    0x6D, 0x58, 0x07, 0x62, 0x32, 0xF1, 0x38, 0x27, 0xD2, 0xC6, 0x8D, 0x05, 0xE1, 0xF8, 0xB7, 0x93,
    0xED, 0x91, 0xDD, 0x37, 0xE1, 0x6E, 0x0F, 0xA0, 0x18, 0xDE, 0x93, 0x58, 0x1F, 0x24, 0xD5, 0x3D,
    0x2F, 0x71, 0x96, 0x9C, 0x80, 0xE3, 0x4D, 0x62, 0xF6, 0x80, 0xF7, 0xA1, 0xD9, 0x08, 0xCD, 0x76,
    0x93, 0x8F, 0x53, 0x37, 0x58, 0x06, 0x1C, 0x52, 0x1E, 0x35, 0x12, 0x15, 0xDC, 0x0E, 0x98, 0x35,
    0x01, 0xF7, 0x71, 0x2E, 0xCD, 0xF2, 0x18, 0xF7, 0x1E, 0x95, 0xC0, 0x20, 0x17, 0x0D, 0x60, 0xD7,
    0x73, 0x1B, 0xDA, 0x4D, 0x42, 0xC8, 0xA7, 0x04, 0xC3, 0xF4, 0x34, 0xC1, 0xC6, 0x92, 0x28, 0xC8,
    0x05, 0xDA, 0xC2, 0x40, 0xF6, 0xCF, 0x00, 0x5E, 0xD8, 0xD6, 0xAC, 0xA0, 0x88, 0x8C, 0x5E, 0x02,
    0x37, 0x88, 0xB0, 0x61, 0xAB, 0x9D, 0xC5, 0x0B, 0xC9, 0xC6, 0x4D, 0x56, 0x11, 0x35, 0x45, 0x38,
    0x36, 0x92, 0x23, 0x76, 0x92, 0xD3, 0x6D, 0xB4, 0xC8, 0x41, 0x83, 0x4C, 0x7D, 0x90, 0xB1, 0xE0,
    0x82, 0x64, 0x54, 0x84, 0x28, 0x86, 0x3A, 0x42, 0xEB, 0x67, 0xA3, 0xA4, 0xD3, 0x68, 0xA8, 0x9B,
    0x92, 0xD0, 0x58, 0x94, 0xB4, 0xA4, 0x46, 0x5B, 0x60, 0x34, 0x5A, 0x04, 0x92, 0x28, 0x20, 0x8E,
    0xD0, 0xB1, 0xEB, 0x03, 0x24, 0xED, 0x04, 0x2B, 0x89, 0x20, 0xBD, 0x4D, 0xF9, 0x20, 0x00, 0x5E,
    0xFA, 0x17, 0x60, 0x5F, 0x11, 0xA0, 0x1F, 0x36, 0x9F, 0x22, 0x4C, 0x14, 0x51, 0x0E, 0xD7, 0xD8,
    0xDF, 0x4D, 0xD9, 0x53, 0x9C, 0x67, 0x03, 0x64, 0xED, 0x13, 0xF3, 0x58, 0x6C, 0xB1, 0x64, 0xF3,
    0xF5, 0xF5, 0xF7, 0x47, 0xFB, 0x89, 0xF9, 0xB6, 0xA6, 0xE5, 0x1A, 0x35, 0x11, 0x39, 0x4B, 0xBE,
    0xCF, 0xA0, 0x53, 0x18, 0x75, 0x77, 0x7D, 0xFD, 0xED, 0xD7, 0x00, 0x3B, 0x6E, 0x57, 0xA0, 0x20,
    0x59, 0x2A, 0xC9, 0xE1, 0x19, 0x6E, 0x65, 0xB8, 0xC6, 0xFE, 0x1A, 0x28, 0xD9, 0x45, 0x84, 0xA3,
    0x88, 0xB7, 0x6D, 0x07, 0x49, 0xE9, 0x25, 0x77, 0xB6, 0x67, 0x8E, 0x97, 0x3A, 0xC2, 0xE7, 0x72,
    0x24, 0x91, 0xA3, 0xF2, 0xA2, 0xA3, 0xE5, 0x4B, 0x77, 0x54, 0x32, 0xA5, 0x88, 0x33, 0x05, 0xF4,
    0xFC, 0xF8, 0xBB, 0x2A, 0xE0, 0x29, 0x3D, 0x54, 0xC8, 0x9F, 0x1C, 0x0A, 0xE6, 0x3F, 0xE8, 0x71,
    0x0A, 0xC0, 0xFE, 0x98, 0x1E, 0x2F, 0xAA, 0x70, 0x6F, 0xBF, 0xC8, 0x9A, 0x43, 0xE1, 0x78, 0x2F,
    0x44, 0xC3, 0x9F, 0x9D, 0x34, 0x72, 0x66, 0x48, 0x7A, 0x99, 0x52, 0xA1, 0xD1, 0x81, 0x3A, 0xB4,
    0xB1, 0xE4, 0x56, 0xA8, 0xF7, 0x82, 0x3B, 0xF9, 0xD7, 0xAD, 0x70, 0x8A, 0x43, 0x9B, 0x08, 0x15,
    0x2A, 0xD9, 0x50, 0xA1, 0xDE, 0x0B, 0x0E, 0x76, 0x2B, 0x10, 0x64, 0xC3, 0x94, 0xCE, 0x14, 0xB6,
    0x94, 0x91, 0x03, 0x2A, 0xB9, 0xEA, 0xA7, 0x8A, 0x39, 0x3B, 0xC3, 0x82, 0x30, 0xB4, 0x0B, 0xB2,
    0xA5, 0x8A, 0xC0, 0x58, 0x27, 0xC0, 0xFD, 0x0A, 0xF3, 0x25, 0x88, 0xE7, 0x50, 0x09, 0x3A, 0xAA,
    0x59, 0x49, 0xA0, 0x34, 0x1C, 0xE0, 0xC0, 0xF5, 0xF5, 0x55, 0x1E, 0x14, 0x2B, 0x07, 0xC0, 0x0E,
    0x48, 0x98, 0x84, 0x25, 0x01, 0x14, 0x7A, 0x00, 0xDF, 0x51, 0x89, 0x51, 0xCF, 0x02, 0xF0, 0xF2,
    0x3B, 0x90, 0xF7, 0x28, 0x16, 0xEB, 0x99, 0x4B, 0xB9, 0xF3, 0x62, 0x31, 0xE0, 0x5C, 0x72, 0x24,
    0xD7, 0x03, 0x73, 0xFE, 0xF4, 0xAF, 0x56, 0x80, 0x03, 0x1E, 0x41, 0x3C, 0x82, 0xE8, 0x20, 0xDE,
    0x86, 0x88, 0x0B, 0xFC, 0xEC, 0xA4, 0x4B, 0x54, 0x78, 0xA2, 0xDF, 0xEA, 0x7F, 0x2D, 0xAD, 0x3F,
    0xCB, 0x2C, 0xB1, 0xF5, 0x9A, 0x9D, 0xDD, 0x46, 0x20, 0xD3, 0x98, 0x30, 0x14, 0xCB, 0x05, 0x07,
    0xD3, 0x7B, 0xFC, 0xC7, 0xF8, 0xBA, 0xC7, 0xAF, 0x21, 0x91, 0x71, 0x84, 0x4C, 0x28, 0x72, 0xFB,
    0x24, 0x42, 0xE1, 0xF7, 0x89, 0x8F, 0x50, 0x35, 0x5F, 0xEF, 0xF8, 0xB7, 0x64, 0x07, 0xD7, 0x00,
    0x55, 0xE8, 0xFD, 0x4E, 0x3B, 0xAA, 0x26, 0xC3, 0x73, 0x5F, 0xEF, 0xF5, 0x7F, 0x59, 0x3F, 0x62,
    0xC5, 0x6D, 0x8F, 0xE4, 0x3C, 0x9C, 0x36, 0xA5, 0x3F, 0x1B, 0x6F, 0xA7, 0x9C, 0x33, 0x68, 0xBC,
    0x2F, 0x25, 0x67, 0x0C, 0x1A, 0xB7, 0xD1, 0xB8, 0xC8, 0x4F, 0x1A, 0x14, 0x04, 0x6C, 0x04, 0xEA,
    0x00, 0xB4, 0x1D, 0x10, 0x71, 0x75, 0xF3, 0xBF, 0xD5, 0x6D, 0xD7, 0x69, 0x4E, 0xB0, 0xFF, 0x13,
    0x51, 0xFB, 0x16, 0x47, 0xA8, 0xBA, 0x2B, 0x9B, 0x1F, 0x40, 0xE5, 0x7B, 0xB8, 0x81, 0xCA, 0x4D,
    0xED, 0xA9, 0x93, 0xE6, 0xCA, 0xFC, 0xA7, 0xBC, 0x36, 0x48, 0xE4, 0xAC, 0xF3, 0xB1, 0xA5, 0x5A,
    0x18, 0xFA, 0x44, 0x30, 0x88, 0x6E, 0x86, 0x18, 0xC5, 0x6A, 0x11, 0xED, 0x0A, 0x91, 0x2F, 0xF1,
    0xB3, 0xC7, 0x96, 0x8E, 0x1C, 0x2D, 0x6B, 0x72, 0xB0, 0xDC, 0xEA, 0xF7, 0x36, 0x7B, 0xFB, 0x3A,
    0x8A, 0x4E, 0x44, 0x1B, 0x44, 0x8A, 0x86, 0x3A, 0x1F, 0x1F, 0xF2, 0x30, 0xBB, 0xD8, 0x00, 0x78,
    0x41, 0x00, 0xFA, 0x50, 0x25, 0x66, 0x5C, 0x7B, 0x00, 0x86, 0x5C, 0x24, 0x43, 0x1F, 0x01, 0xE4,
    0x9D, 0x1D, 0x71, 0x21, 0x39, 0x76, 0x29, 0x07, 0xC7, 0x41, 0xA2, 0xD5, 0xCA, 0x17, 0x80, 0x11,
    0x88, 0x00, 0xD7, 0x4D, 0x78, 0x10, 0x2F, 0x99, 0x39, 0x42, 0xD2, 0x4F, 0x90, 0xB8, 0x08, 0x89,
    0x25, 0x24, 0x05, 0x1B, 0x89, 0xA1, 0x97, 0x80, 0x41, 0x82, 0x76, 0x96, 0xA0, 0x5E, 0x24, 0xB0,
    0x94, 0xC0, 0x6C, 0x92, 0x6D, 0x82, 0x4D, 0xE4, 0x36, 0x8B, 0x40, 0x15, 0xE1, 0x38, 0xA2, 0x94,
    0x04, 0x98, 0xB8, 0x7F, 0x3D, 0x2A, 0x28, 0x66, 0xEC, 0x24, 0xED, 0x20, 0xDA, 0x20, 0x66, 0x13,
    0xCE, 0xA7, 0x9C, 0x6A, 0x54, 0x93, 0x1A, 0x7B, 0x2A, 0x09, 0xC3, 0x2E, 0xA3, 0xD7, 0x00, 0xFD,
    0x68, 0x57, 0xC0, 0x85, 0x2A, 0x26, 0xCE, 0x4E, 0x8C, 0x62, 0x1D, 0xDD, 0x0C, 0x54, 0xCB, 0x19,
    0xAE, 0x1B, 0xCF, 0xD6, 0x6F, 0x2D, 0x37, 0x6E, 0x23, 0xD8, 0x25, 0x31, 0x94, 0xD4, 0xC8, 0x69,
    0x16, 0xD0, 0x83, 0xA3, 0x26, 0x72, 0x64, 0xC4, 0xE1, 0x6D, 0x15, 0x37, 0xEE, 0x43, 0x49, 0x17,
    0x0E, 0x1D, 0x25, 0x91, 0x1E, 0xFB, 0x17, 0xCC, 0x72, 0x12, 0x6D, 0x77, 0x3D, 0x5C, 0xBC, 0xF0,
    0x8E, 0xE8, 0xA2, 0xD8, 0x33, 0x21, 0x5B, 0xDA, 0x0E, 0x30, 0x93, 0x1D, 0x00, 0xEB, 0x4D, 0xB8,
    0x16, 0x2E, 0xFE, 0x5A, 0x48, 0x8D, 0x22, 0x60, 0xF9, 0xD9, 0x24, 0x32, 0x00, 0xB5, 0x51, 0x9B,
    0x6F, 0xA2, 0x6D, 0xAE, 0x83, 0x8B, 0x2D, 0x99, 0x50, 0x79, 0xC0, 0x46, 0x37, 0xEE, 0x2C, 0x26,
    0xD5, 0xA0, 0xC9, 0x70, 0x0D, 0x5C, 0x3C, 0x0F, 0x74, 0x47, 0x30, 0xC1, 0x75, 0x36, 0xE8, 0x9E,
    0x8D, 0x99, 0x09, 0x30, 0xAA, 0x3B, 0x20, 0x37, 0x9C, 0x61, 0xE2, 0x0A, 0x9B, 0x5A, 0x38, 0x9F,
    0x5A, 0xC0, 0x84, 0x6F, 0x00, 0x1E, 0xD8, 0x53, 0x05, 0x39, 0xFB, 0x00, 0x72, 0x16, 0xE5, 0xCC,
    0x52, 0xCE, 0x72, 0x39, 0x83, 0xA1, 0x9C, 0x95, 0x94, 0x33, 0xDB, 0xCA, 0x99, 0x93, 0x33, 0xDC,
    0x95, 0x33, 0x44, 0x39, 0x40, 0x10, 0x4D, 0x90, 0xA7, 0xC2, 0x8B, 0xB6, 0x53, 0x4D, 0x85, 0xC4,
    0x78, 0x04, 0x39, 0x3B, 0x85, 0x9C, 0xCD, 0x72, 0xC6, 0x00, 0x39, 0x1B, 0x20, 0x67, 0xFE, 0xA2,
    0xB3, 0x56, 0xCE, 0x10, 0xE5, 0x0C, 0xCA, 0xD0, 0xBB, 0xF5, 0xD9, 0x5F, 0x75, 0xDA, 0x51, 0x44,
    0x35, 0x9D, 0xFD, 0xF1, 0x03, 0xC7, 0xB8, 0x98, 0x7A, 0x32, 0x23, 0x9B, 0x4D, 0xBA, 0x64, 0x03,
    0x36, 0x20, 0x79, 0x42, 0x31, 0x20, 0xBB, 0x12, 0x29, 0xFD, 0xFE, 0x71, 0x08, 0x7D, 0x40, 0xDD,
    0x01, 0x6E, 0xCD, 0x08, 0xC0, 0xCA, 0xA9, 0x1C, 0x71, 0x84, 0xF4, 0x35, 0xF1, 0x0B, 0xFE, 0xC6,
    0x73, 0xED, 0x6C, 0xE6, 0x27, 0x9B, 0x15, 0x36, 0x92, 0x8A, 0x5E, 0xE2, 0x7E, 0x10, 0x24, 0x8B,
    0x99, 0xD5, 0x62, 0xC2, 0xE9, 0x75, 0xB7, 0xB9, 0x27, 0xCA, 0x11, 0xC0, 0x22, 0x9E, 0x95, 0xAD,
    0xF2, 0x45, 0x34, 0xD7, 0xDF, 0xE6, 0x6F, 0xF5, 0x9E, 0x4C, 0xC6, 0x92, 0x91, 0x5C, 0x2C, 0xA3,
    0xA5, 0x47, 0x3B, 0x16, 0x89, 0xCE, 0x1B, 0x11, 0xD9, 0xE1, 0xFB, 0x48, 0x40, 0x04, 0xDA, 0x69,
    0xFB, 0x48, 0x63, 0x02, 0x60, 0x97, 0x62, 0x4C, 0xA4, 0x82, 0x32, 0x7C, 0xA3, 0x01, 0x72, 0x12,
    0x00, 0xB8, 0x88, 0x7D, 0x14, 0xDD, 0xF4, 0x1B, 0xB9, 0xB5, 0xAC, 0xC9, 0x70, 0xA0, 0x23, 0x3B,
    0x88, 0x5E, 0x43, 0x86, 0xB3, 0xDF, 0x7A, 0x1E, 0x8B, 0x7A, 0x19, 0x7C, 0xCA, 0x49, 0xF5, 0x75,
    0x14, 0x2D, 0xC5, 0xF2, 0xC0, 0x26, 0xB1, 0x38, 0xC3, 0xAD, 0xDE, 0x6E, 0x5C, 0x44, 0x37, 0x27,
    0x92, 0xA3, 0xB8, 0x22, 0xF1, 0xA7, 0xD8, 0x67, 0xC9, 0x34, 0xE3, 0xB9, 0x18, 0x80, 0x87, 0x9F,
    0x26, 0x94, 0xD4, 0xEB, 0xEE, 0xD3, 0x87, 0xEA, 0x3B, 0x18, 0x8D, 0xE3, 0x0D, 0x91, 0xB3, 0xCB,
    0x0F, 0xEF, 0x39, 0x8D, 0x61, 0x93, 0xB1, 0x6B, 0xD9, 0x38, 0xF1, 0x15, 0xB2, 0xF9, 0x63, 0xDE,
    0x5B, 0x01, 0xC3, 0x6F, 0x47, 0xF1, 0xD5, 0x8D, 0x0B, 0x54, 0xC3, 0x2E, 0xF1, 0x1E, 0x27, 0x18,
    0xB5, 0x84, 0x51, 0x2F, 0x9F, 0x58, 0x30, 0x24, 0xA2, 0x4F, 0xBC, 0xD7, 0xD4, 0x53, 0x6A, 0xDF,
    0x59, 0xD1, 0xDB, 0x90, 0x38, 0xD6, 0x81, 0xA9, 0x2F, 0x3D, 0x53, 0x2F, 0x85, 0x8E, 0x1B, 0xCD,
    0xB6, 0x7B, 0x0D, 0xFD, 0x7E, 0x81, 0xAA, 0x02, 0xF6, 0xAB, 0xD3, 0xFB, 0xC2, 0x7E, 0x6A, 0x64,
    0xE4, 0x20, 0x1F, 0x33, 0x6C, 0xB4, 0x0B, 0xEC, 0x54, 0xAE, 0x28, 0x43, 0x41, 0xE0, 0xBE, 0x00,
    0xE1, 0xA5, 0x9E, 0x49, 0x49, 0x54, 0x7C, 0x9D, 0x70, 0x53, 0x41, 0xB4, 0x6A, 0xD2, 0x6F, 0xB0,
    0x44, 0x2B, 0xB8, 0xB9, 0x25, 0x6A, 0x3E, 0x61, 0xAA, 0xFE, 0x88, 0x01, 0xDB, 0x89, 0xF7, 0x82,
    0x2E, 0x96, 0x6E, 0xDE, 0xDF, 0x10, 0xD8, 0x1C, 0xC2, 0x28, 0xC6, 0xAB, 0x0C, 0x23, 0x7F, 0x37,
    0xC1, 0x32, 0xA1, 0xA6, 0x07, 0xDA, 0x37, 0x46, 0x60, 0x31, 0x13, 0x4C, 0x40, 0xBC, 0xC2, 0x30,
    0xBE, 0x29, 0x70, 0x3C, 0x82, 0xE1, 0xBA, 0x24, 0x30, 0xA2, 0xF4, 0x9C, 0x70, 0xB3, 0xA9, 0xFC,
    0x55, 0x1E, 0x14, 0xA5, 0x58, 0x04, 0x18, 0xDA, 0x79, 0x43, 0xB6, 0xA4, 0xA7, 0xB8, 0x85, 0xE6,
    0xAA, 0xC3, 0x28, 0xD6, 0x84, 0x9A, 0x1D, 0x70, 0x54, 0x78, 0xE0, 0x8E, 0x49, 0x50, 0x69, 0xAB,
    0x4B, 0x33, 0x5E, 0x61, 0x40, 0xD9, 0x7D, 0x6D, 0x9D, 0x8C, 0xA9, 0x66, 0x41, 0x49, 0xA5, 0x2E,
    0xCD, 0xC4, 0xB1, 0x1F, 0xD2, 0x5C, 0xF4, 0x2E, 0x68, 0xB6, 0xC6, 0x4D, 0xD0, 0x7C, 0xF5, 0x0C,
    0x24, 0xA9, 0xA2, 0xE6, 0x24, 0x63, 0x41, 0x4A, 0x34, 0xEF, 0xC9, 0xC9, 0x3B, 0x9A, 0x19, 0xD0,
    0xDC, 0x92, 0x5E, 0xFD, 0x24, 0x96, 0x1E, 0xDF, 0x53, 0x04, 0x03, 0x42, 0x8A, 0xA1, 0x5F, 0x5E,
    0x0F, 0x35, 0x97, 0x9A, 0x1C, 0xB4, 0xC9, 0x49, 0xE0, 0x36, 0x14, 0x04, 0xE4, 0xB7, 0xE5, 0x60,
    0xC8, 0x64, 0xD5, 0x2E, 0xD5, 0x5C, 0x2C, 0x2E, 0x98, 0x98, 0x72, 0x68, 0x03, 0xA0, 0xDC, 0x9F,
    0xC9, 0x7A, 0xEE, 0x94, 0x27, 0x7C, 0xA3, 0x8E, 0xB8, 0x6B, 0xF9, 0x17, 0xD1, 0x90, 0x33, 0x7A,
    0x0E, 0x30, 0x9F, 0x6C, 0x9B, 0xCE, 0x10, 0x80, 0xF3, 0x50, 0xBE, 0xD5, 0x76, 0x70, 0xD4, 0xD6,
    0xDC, 0x3E, 0xB8, 0x65, 0xF4, 0xD8, 0x86, 0x81, 0x9D, 0xF6, 0xBB, 0x7E, 0x78, 0x24, 0x1C, 0x96,
    0x46, 0xF1, 0x78, 0x18, 0x72, 0x82, 0x22, 0x42, 0x35, 0x1B, 0xC2, 0x85, 0x03, 0xBA, 0x36, 0xE4,
    0x09, 0x24, 0x7D, 0x4F, 0xE1, 0xB3, 0x93, 0x93, 0xA6, 0x0F, 0xFB, 0x98, 0x4E, 0x48, 0x73, 0xBD,
    0x80, 0x2A, 0xF5, 0x84, 0xE5, 0x0F, 0x09, 0x79, 0xD3, 0xA0, 0xA3, 0xDC, 0xFE, 0xFA, 0x6B, 0xC5,
    0x95, 0x85, 0x71, 0xF9, 0xB5, 0x22, 0x8B, 0xFB, 0xB5, 0xE2, 0x0A, 0x57, 0x43, 0x49, 0xBB, 0x32,
    0xBF, 0x7C, 0x93, 0x5E, 0x4D, 0x18, 0xFB, 0x6F, 0x80, 0xE5, 0x02, 0x64, 0x97, 0xFC, 0x06, 0x58,
    0x73, 0x48, 0x79, 0x44, 0x96, 0x32, 0x7E, 0xCB, 0x9C, 0x31, 0xA0, 0x22, 0x51, 0x93, 0xC0, 0xCD,
    0x93, 0x64, 0x40, 0x11, 0xB5, 0x1E, 0x2B, 0xF2, 0x09, 0x5B, 0xEA, 0xD9, 0xF4, 0xEC, 0x0A, 0x76,
    0xE6, 0x73, 0x3C, 0x0A, 0xFA, 0x96, 0xB1, 0x67, 0xC4, 0x49, 0x87, 0x9C, 0x03, 0x0A, 0x06, 0xE8,
    0x27, 0x63, 0xD7, 0x11, 0xC7, 0xA8, 0x9B, 0x2F, 0x3B, 0x6A, 0x25, 0xD7, 0xAD, 0x70, 0x1F, 0x72,
    0xCB, 0x7E, 0xC5, 0x73, 0xB8, 0x85, 0x2F, 0x7D, 0x1E, 0x45, 0x9E, 0xAD, 0x78, 0x0F, 0x19, 0x9F,
    0xCE, 0x40, 0xC5, 0x01, 0x48, 0x6E, 0x01, 0xC7, 0x00, 0x1C, 0xDB, 0x08, 0xDC, 0x37, 0x2B, 0x90,
    0x7D, 0x87, 0x40, 0x4F, 0x7A, 0xC3, 0x04, 0xBB, 0x18, 0x0E, 0xF5, 0x0C, 0x8E, 0x2E, 0x80, 0x21,
    0xA1, 0xD7, 0xC5, 0xA3, 0x0D, 0xFD, 0x79, 0xB4, 0x82, 0x5E, 0x1D, 0x12, 0xE8, 0xAB, 0x19, 0x5B,
    0xDF, 0x0B, 0x27, 0x43, 0xC2, 0xE3, 0x04, 0xD8, 0xD5, 0x8C, 0x9A, 0xF9, 0xE7, 0x83, 0x5E, 0x53,
    0x14, 0xB1, 0x22, 0x80, 0x37, 0xF3, 0x88, 0x5F, 0xA5, 0xD4, 0xDE, 0xD1, 0xD2, 0x27, 0x2A, 0xC8,
    0x82, 0x2B, 0x75, 0x1A, 0x8F, 0x2E, 0x26, 0xFA, 0x2A, 0x8A, 0x56, 0xEC, 0xBE, 0x10, 0xBD, 0x5D,
    0xD1, 0x32, 0x5A, 0x0E, 0x1B, 0x3F, 0xCF, 0x07, 0x1E, 0xC5, 0x24, 0x37, 0x9B, 0x2F, 0x39, 0x44,
    0x15, 0x41, 0xEF, 0x26, 0x21, 0x80, 0x63, 0x7B, 0xC9, 0x12, 0xB5, 0x07, 0xF4, 0xC1, 0x25, 0x8C,
    0x6A, 0xAC, 0xF0, 0x0F, 0x4B, 0x94, 0x93, 0xCB, 0xF9, 0x8B, 0x98, 0x2E, 0x1F, 0x36, 0xEE, 0xDB,
    0xAB, 0xF7, 0x09, 0x2B, 0x00, 0x13, 0xAE, 0x32, 0x8C, 0x8B, 0x17, 0xB1, 0x1F, 0x84, 0xED, 0x5B,
    0x5B, 0x1E, 0x70, 0x7A, 0x85, 0x61, 0xBC, 0x04, 0x00, 0x1C, 0x1D, 0x72, 0xAE, 0x1F, 0x6C, 0x13,
    0x15, 0x87, 0x0F, 0x3C, 0xC3, 0x55, 0x1E, 0x14, 0x40, 0xF6, 0x27, 0x64, 0x2C, 0xE3, 0x06, 0xAC,
    0xE9, 0xA9, 0xAE, 0xA5, 0x57, 0x18, 0xC6, 0x4D, 0x00, 0x95, 0x07, 0xEA, 0x61, 0xD3, 0xB2, 0xC1,
    0xD9, 0x44, 0x32, 0x2A, 0xEB, 0x5F, 0x03, 0xB1, 0xA5, 0x67, 0xF5, 0xC9, 0x14, 0xB0, 0x6D, 0xD0,
    0x92, 0x30, 0x9A, 0x65, 0x0B, 0x78, 0xCE, 0x15, 0xAB, 0x11, 0xAC, 0x02, 0xAE, 0x14, 0xF0, 0x91,
    0x62, 0x3D, 0x15, 0xA6, 0x14, 0xEB, 0x93, 0x90, 0xF0, 0x7F, 0x3E, 0x05, 0xCC, 0x26, 0x05, 0xCC,
    0x73, 0x01, 0x6B, 0x28, 0x61, 0x84, 0xFD, 0xF0, 0xF0, 0x6F, 0x8E, 0xC0, 0xC9, 0x63, 0xB1, 0x0D,
    0x62, 0x35, 0x8B, 0x66, 0x11, 0x41, 0x01, 0x55, 0x87, 0x73, 0xC9, 0xF1, 0xCF, 0x19, 0x0F, 0x2C,
    0xD8, 0x68, 0xBB, 0xB3, 0xA9, 0xA2, 0x68, 0x3F, 0x37, 0x2B, 0xB1, 0x13, 0xE9, 0x5D, 0x44, 0x2E,
    0x02, 0x7C, 0xCA, 0x25, 0x91, 0xFF, 0xC5, 0x01, 0x35, 0xBF, 0xCD, 0x11, 0x7A, 0x07, 0x54, 0x3A,
    0x7B, 0x9F, 0x73, 0xBD, 0x78, 0x9F, 0xF3, 0x11, 0xBE, 0xFA, 0x08, 0xDF, 0xEA, 0x44, 0x86, 0xFD,
    0x4E, 0xA6, 0x6E, 0x28, 0x25, 0xD6, 0xBE, 0x4D, 0xD4, 0x4D, 0xA5, 0xAF, 0x7E, 0x0D, 0xF7, 0xDB,
    0x4D, 0x80, 0x1B, 0xD9, 0xEC, 0xDC, 0x6A, 0x74, 0xDB, 0xE9, 0x2B, 0x8F, 0xF0, 0xE6, 0x49, 0x82,
    0x5D, 0x13, 0xEA, 0x29, 0xC1, 0x0D, 0x09, 0xC4, 0xC5, 0xFB, 0x22, 0xE4, 0xC8, 0x85, 0x42, 0x45,
    0xD8, 0x90, 0xDA, 0x5B, 0x5F, 0x30, 0x41, 0x1B, 0xA4, 0xC9, 0xD9, 0x39, 0x80, 0xFE, 0x28, 0x61,
    0x78, 0x1B, 0x68, 0x43, 0x04, 0x5C, 0x98, 0x80, 0xFA, 0x97, 0x01, 0xB0, 0x14, 0xF6, 0x77, 0x57,
    0x45, 0x07, 0xE4, 0x04, 0x00, 0x01, 0x9A, 0x3B, 0x8B, 0x09, 0x46, 0x28, 0x03, 0xB4, 0x4A, 0xC0,
    0xB7, 0xD4, 0xD6, 0xE9, 0xC5, 0x23, 0xED, 0x95, 0xDB, 0x0F, 0x12, 0x5A, 0x36, 0x40, 0x2D, 0x98,
    0x67, 0xE3, 0x55, 0x76, 0x86, 0x2D, 0x83, 0xE1, 0xA7, 0xFD, 0x6C, 0x38, 0x54, 0xD1, 0x6C, 0x3B,
    0xB1, 0x2B, 0x99, 0x50, 0x24, 0x34, 0xCF, 0x80, 0x9A, 0xA8, 0xF1, 0x2A, 0xA4, 0x6E, 0x53, 0x9B,
    0xD0, 0x6B, 0xA8, 0x37, 0xE8, 0x0D, 0x5F, 0x79, 0xF3, 0xB2, 0x29, 0x37, 0x57, 0x3D, 0x23, 0x40,
    0x61, 0x4B, 0xAE, 0x5B, 0x80, 0xF6, 0x23, 0x42, 0xD0, 0xD3, 0x15, 0xFA, 0x14, 0xF3, 0xB5, 0x5A,
    0xD3, 0xFF, 0x07, 0xD5, 0x9B, 0x31, 0x8C, 0xE5, 0xC6, 0x79, 0xC7, 0xFF, 0xE4, 0xE0, 0x44, 0xE4,
    0x5E, 0x80, 0x31, 0x10, 0xBB, 0xB0, 0x54, 0xB0, 0x8D, 0x2F, 0x80, 0xD9, 0xA6, 0x70, 0x34, 0x74,
    0x0A, 0xBB, 0x70, 0x61, 0x05, 0xB8, 0x4B, 0x0A, 0x17, 0x6A, 0x5C, 0x04, 0x69, 0xAE, 0x07, 0x6C,
    0x93, 0xB6, 0x02, 0xB8, 0x50, 0xE1, 0x6B, 0xD2, 0x5F, 0xA1, 0xE2, 0xBC, 0x8D, 0x53, 0xAA, 0xB8,
    0x84, 0x03, 0xBB, 0x54, 0x11, 0x3A, 0x82, 0x91, 0x22, 0x45, 0xE8, 0x38, 0x4E, 0x00, 0x35, 0x9A,
    0xC4, 0x34, 0xC2, 0x9C, 0x86, 0xFC, 0x87, 0xDF, 0x37, 0x7C, 0xEF, 0xB8, 0x1B, 0xE5, 0xAC, 0x95,
    0xF6, 0xF6, 0xF6, 0x06, 0xCB, 0xDF, 0xFF, 0xBD, 0xC7, 0xF7, 0x86, 0xF3, 0xFD, 0xBF, 0x21, 0x39,
    0x1C, 0x72, 0x91, 0x91, 0x3D, 0x70, 0x41, 0x2E, 0x14, 0x1B, 0x93, 0x2C, 0x2A, 0x15, 0x55, 0x1C,
    0x6B, 0x91, 0xD7, 0xD9, 0x8A, 0x3C, 0xA6, 0x17, 0x89, 0xA9, 0x96, 0xB1, 0x0B, 0x00, 0x4C, 0x70,
    0x2A, 0x83, 0x1B, 0x01, 0x14, 0x7D, 0x15, 0xA5, 0x12, 0x6F, 0x55, 0x5A, 0xAD, 0xAD, 0xAA, 0x0F,
    0xD4, 0xBA, 0x28, 0xD2, 0x90, 0x52, 0xDB, 0x0C, 0x23, 0xB5, 0x45, 0x60, 0x95, 0x6C, 0x02, 0x38,
    0xC0, 0x04, 0xA0, 0x0B, 0x2A, 0xCD, 0x08, 0x2B, 0x12, 0x41, 0x7A, 0x4B, 0xFA, 0x4D, 0x40, 0x06,
    0xEC, 0xA0, 0x25, 0xBB, 0xBB, 0x05, 0x75, 0x20, 0x27, 0xD8, 0x68, 0x67, 0xD8, 0xF1, 0xB0, 0xE0,
    0x10, 0x0A, 0x02, 0x6F, 0x08, 0x20, 0x78, 0xB5, 0xE3, 0xAA, 0x24, 0x4A, 0x7E, 0x8B, 0x70, 0x63,
    0x41, 0x34, 0x61, 0x45, 0x97, 0x60, 0x89, 0x46, 0xE0, 0xA6, 0x86, 0xA8, 0xF8, 0x1B, 0x86, 0x82,
    0x3F, 0x65, 0xC0, 0x5D, 0xDD, 0xC6, 0x03, 0x3C, 0x04, 0x90, 0x07, 0x69, 0x1D, 0xB2, 0xB9, 0x14,
    0x91, 0xC6, 0xED, 0x6C, 0x3A, 0x4C, 0x78, 0x59, 0x7D, 0xCD, 0xDA, 0x35, 0x40, 0x23, 0xC1, 0xE5,
    0x73, 0x39, 0x6C, 0x81, 0x39, 0xA6, 0xA0, 0xAE, 0xC9, 0xE6, 0x97, 0xC8, 0x2E, 0xCD, 0xF6, 0x20,
    0x84, 0xAB, 0x55, 0x3A, 0x25, 0x96, 0x24, 0xDC, 0xE4, 0x03, 0x95, 0x86, 0x2A, 0xE5, 0xF2, 0xFC,
    0x3D, 0x3C, 0x88, 0x27, 0xEE, 0xD4, 0x92, 0x59, 0x1C, 0x12, 0x80, 0x3F, 0x16, 0x50, 0x7C, 0xD0,
    0xF7, 0x77, 0x1E, 0x42, 0xA3, 0xD4, 0xC0, 0x61, 0x16, 0x09, 0x68, 0x54, 0xCF, 0xB0, 0x2B, 0xDA,
    0xD4, 0x92, 0x8C, 0xE8, 0xC6, 0x92, 0x39, 0x5B, 0xC3, 0x82, 0x30, 0xB4, 0xB3, 0xEC, 0x02, 0x11,
    0x18, 0xD4, 0x68, 0xF7, 0x14, 0xD3, 0xC7, 0x20, 0x9E, 0x43, 0x29, 0xB0, 0xE2, 0x85, 0xE4, 0xE3,
    0x60, 0xD8, 0xC3, 0x81, 0xCB, 0xB7, 0x16, 0x54, 0x64, 0x84, 0x91, 0x4D, 0xE2, 0xD6, 0x1B, 0x58,
    0x4D, 0x78, 0x04, 0xB8, 0x31, 0xA5, 0x86, 0x80, 0x99, 0x00, 0x8D, 0x0F, 0xC9, 0xC7, 0x86, 0xBD,
    0x21, 0x57, 0x0B, 0xED, 0x5C, 0x4E, 0xC5, 0xEC, 0x82, 0x89, 0xEB, 0x12, 0x9A, 0x00, 0xC8, 0xD2,
    0xED, 0x16, 0x79, 0xEF, 0x64, 0x19, 0xF1, 0xFB, 0x55, 0xC4, 0x9F, 0x58, 0x7E, 0x2D, 0x1A, 0xC9,
    0x40, 0xC7, 0x5E, 0xEB, 0x4A, 0x7E, 0x34, 0xD2, 0x5C, 0xCE, 0x80, 0x89, 0x1D, 0x70, 0x08, 0x95,
    0x87, 0x6D, 0x8B, 0xE1, 0xA6, 0x18, 0x72, 0xFB, 0x91, 0x76, 0x22, 0xDD, 0x1D, 0xE8, 0xBC, 0x89,
    0x87, 0x50, 0x0C, 0xD9, 0xF8, 0x7C, 0x0C, 0x11, 0xA7, 0x2F, 0x36, 0xB7, 0x0C, 0xD0, 0x72, 0x53,
    0x0C, 0xC9, 0x07, 0xC0, 0xC6, 0x64, 0x8A, 0x9D, 0x81, 0x43, 0x84, 0x94, 0xE7, 0x62, 0xC8, 0xED,
    0x3A, 0x7F, 0x00, 0xDB, 0x5B, 0x0F, 0x33, 0x35, 0x35, 0xC0, 0x05, 0x40, 0xA3, 0x6D, 0x0E, 0x37,
    0xC5, 0x90, 0xB5, 0x85, 0xEF, 0x98, 0xD1, 0x04, 0x2C, 0x65, 0x0F, 0xC7, 0x16, 0x25, 0xC5, 0xA0,
    0xE7, 0x63, 0xC8, 0x2B, 0x6D, 0xF6, 0x10, 0x28, 0xC2, 0x21, 0x00, 0xD9, 0xEC, 0xFC, 0xF1, 0xF8,
    0x02, 0x37, 0x0B, 0xED, 0x84, 0x73, 0xC5, 0x91, 0x4B, 0x2D, 0xE4, 0x84, 0x9C, 0xBF, 0x6E, 0x08,
    0x48, 0x63, 0xFC, 0x4A, 0x30, 0x08, 0xDD, 0xA4, 0x8C, 0xC2, 0x72, 0x16, 0xDA, 0x45, 0xC9, 0x67,
    0x72, 0x79, 0xFA, 0xFD, 0x2A, 0x0A, 0x9D, 0xB2, 0x09, 0x42, 0x0A, 0x0D, 0x7D, 0xC6, 0xFE, 0x3E,
    0xD3, 0xD6, 0x95, 0x35, 0x80, 0x2F, 0xDC, 0xAB, 0xEF, 0x69, 0xC3, 0x7A, 0x02, 0x78, 0x8D, 0xBD,
    0x64, 0x14, 0xFC, 0x79, 0x54, 0x79, 0x7F, 0x4C, 0x32, 0xA8, 0xF4, 0x2B, 0x6E, 0xA9, 0x64, 0x9C,
    0x44, 0x0A, 0x2E, 0x22, 0x96, 0x6F, 0x8A, 0x54, 0xD1, 0x88, 0xB8, 0x31, 0x53, 0x09, 0x10, 0x69,
    0x92, 0x74, 0xCF, 0x90, 0xE6, 0x9C, 0xB8, 0x90, 0xA9, 0xA4, 0xCA, 0xEC, 0xF2, 0x26, 0x03, 0x70,
    0x20, 0x1D, 0x75, 0xB3, 0x22, 0xB8, 0x55, 0x7F, 0x56, 0x33, 0x5F, 0xE5, 0x93, 0x07, 0x96, 0x8E,
    0x1C, 0x2C, 0x2B, 0xB2, 0xBF, 0x32, 0x33, 0x93, 0x97, 0x62, 0xA5, 0x12, 0x4F, 0x69, 0x48, 0x26,
    0x1E, 0x3F, 0x51, 0x2F, 0x33, 0x8E, 0x2B, 0x93, 0x93, 0xC9, 0x48, 0x0D, 0x5D, 0x7D, 0xD0, 0x6D,
    0x9E, 0xD8, 0x5D, 0xE4, 0x7E, 0xAD, 0x7C, 0x5F, 0x38, 0x19, 0x69, 0xBB, 0xBA, 0xA6, 0xA6, 0x1D,
    0x3D, 0x4B, 0x96, 0x59, 0xF2, 0x02, 0xCF, 0x77, 0x4E, 0x2E, 0x89, 0xE2, 0xE7, 0x9F, 0x2F, 0xDA,
    0xCA, 0xEF, 0x29, 0x5F, 0x57, 0x3A, 0xE5, 0x17, 0x94, 0xB8, 0xC0, 0x27, 0x67, 0xED, 0x4A, 0xB2,
    0x57, 0xFA, 0xF4, 0xF9, 0x33, 0x69, 0xFD, 0x9E, 0x1A, 0xAD, 0x77, 0x24, 0xD9, 0x26, 0x7E, 0xFC,
    0x30, 0xF7, 0x8D, 0x15, 0x0D, 0xBD, 0x18, 0x39, 0x42, 0xF6, 0x61, 0x94, 0x93, 0x21, 0x5C, 0xD8,
    0xD0, 0x36, 0x21, 0x5F, 0x21, 0x6D, 0xE8, 0x14, 0x4F, 0xCE, 0xCE, 0x6A, 0x3D, 0xC7, 0x37, 0x02,
    0xA7, 0x98, 0x70, 0x5B, 0x12, 0x5C, 0xC2, 0xF2, 0x6F, 0x28, 0x55, 0x45, 0xA9, 0x74, 0x48, 0xC7,
    0x07, 0xDC, 0xC6, 0x2B, 0xB5, 0x8E, 0x98, 0x84, 0xFF, 0xD6, 0x41, 0x3B, 0xFA, 0xCA, 0x9C, 0x51,
    0x7D, 0xEA, 0x6F, 0xB6, 0x6F, 0x3A, 0x4A, 0xCF, 0x43, 0x1E, 0x80, 0xE5, 0xB5, 0x15, 0x5A, 0xB7,
    0x63, 0x0B, 0x14, 0x11, 0xD7, 0x68, 0x23, 0xCA, 0x5A, 0xD8, 0x0D, 0x42, 0x86, 0xA7, 0x74, 0xFE,
    0x86, 0x77, 0xBC, 0x7C, 0xD4, 0x53, 0x8D, 0x80, 0x09, 0x3B, 0xEF, 0xAE, 0xC9, 0xC0, 0x1B, 0x68,
    0xCB, 0x71, 0xB8, 0xEF, 0x52, 0x5E, 0x05, 0x58, 0x76, 0xE4, 0x07, 0xC2, 0x86, 0xC2, 0x72, 0xB9,
    0x3A, 0x8F, 0x6E, 0xA1, 0x8C, 0x17, 0x3D, 0x0A, 0x40, 0xD6, 0x49, 0x3B, 0x22, 0x00, 0xA3, 0xD7,
    0x3B, 0xE1, 0x84, 0xE5, 0x1D, 0xC0, 0x70, 0x92, 0x46, 0x8E, 0xC0, 0x1D, 0xDC, 0x6E, 0x81, 0xCA,
    0xBB, 0x95, 0x36, 0x10, 0xB2, 0x2E, 0x3E, 0xED, 0x8D, 0xCD, 0x0D, 0xDF, 0x9D, 0x65, 0x3C, 0x03,
    0x33, 0x49, 0x8C, 0x2C, 0x8F, 0x7B, 0x72, 0xA9, 0xFD, 0xF2, 0x7A, 0x77, 0x67, 0x19, 0x79, 0x6B,
    0x62, 0x4F, 0x17, 0xA3, 0xAC, 0x3C, 0x90, 0xC7, 0x43, 0x00, 0xCC, 0x90, 0x4D, 0x38, 0x5F, 0x3A,
    0xC9, 0x80, 0x25, 0x59, 0xA3, 0x91, 0xD3, 0x52, 0x46, 0x8F, 0x6E, 0x30, 0x04, 0xDC, 0x60, 0x97,
    0x95, 0x5E, 0x02, 0xF8, 0x12, 0xAA, 0xA8, 0x35, 0xEE, 0x39, 0x9D, 0xE3, 0xAD, 0x7B, 0x77, 0x57,
    0x3A, 0x2E, 0x2E, 0xA2, 0xE2, 0xBC, 0x32, 0x63, 0x58, 0x09, 0xF6, 0xA5, 0xD2, 0x2E, 0xC2, 0x82,
    0xC2, 0x9C, 0xEA, 0x64, 0x37, 0x09, 0x4B, 0xCD, 0x44, 0x46, 0xEA, 0x35, 0xE0, 0xBD, 0x14, 0x84,
    0xC6, 0xA0, 0x21, 0x68, 0x04, 0x1A, 0xC0, 0xA9, 0xFD, 0x59, 0xBD, 0x9A, 0x69, 0x03, 0x3A, 0x76,
    0x93, 0x21, 0x9F, 0x4C, 0x36, 0xDA, 0xF8, 0xD0, 0x8E, 0xC5, 0x8C, 0x2A, 0x98, 0x45, 0xC0, 0x84,
    0x72, 0x34, 0x0B, 0xEC, 0x74, 0x88, 0x28, 0x96, 0xFB, 0x93, 0x6C, 0x64, 0xD8, 0xAE, 0x9B, 0xC4,
    0x4C, 0xAB, 0x20, 0x1F, 0x0A, 0xD4, 0x4C, 0xFA, 0x5C, 0x5A, 0x53, 0xAD, 0x18, 0x3A, 0x0F, 0x37,
    0x10, 0xA8, 0x04, 0xAE, 0x67, 0x8B, 0xC6, 0x37, 0xE3, 0x6B, 0x94, 0x06, 0x4B, 0x55, 0x4B, 0x7D,
    0x9C, 0x6C, 0xD1, 0xE9, 0x08, 0x64, 0x3A, 0x1F, 0x01, 0xD2, 0x9F, 0xBC, 0x3F, 0x4C, 0xB8, 0xF9,
    0x7E, 0x4B, 0x10, 0xCF, 0x98, 0x52, 0xB9, 0x51, 0x7E, 0xEB, 0x85, 0x94, 0xEE, 0x54, 0xA7, 0x5E,
    0x6E, 0x67, 0x60, 0x7F, 0x41, 0x75, 0xF3, 0xFD, 0xD6, 0x20, 0x52, 0x0C, 0xE5, 0x9C, 0x22, 0x38,
    0x59, 0x7D, 0xA3, 0xFC, 0xBE, 0xD9, 0x2E, 0x6E, 0xE5, 0x30, 0x42, 0x43, 0x55, 0xF6, 0xC2, 0xD2,
    0x0B, 0x9D, 0x00, 0x9F, 0x57, 0xDE, 0x3E, 0x7D, 0xD0, 0x09, 0xA4, 0x0A, 0x13, 0x15, 0x37, 0xCD,
    0xEF, 0xEC, 0x0C, 0x52, 0x0C, 0x5B, 0x11, 0xCB, 0x5E, 0xC4, 0xBD, 0x17, 0x44, 0xBA, 0x2C, 0x8A,
    0x4C, 0xF8, 0x1E, 0x2E, 0x14, 0x47, 0x1A, 0x72, 0x4C, 0x32, 0xE5, 0x0C, 0xA8, 0xD4, 0x41, 0xD8,
    0xF9, 0x52, 0xF2, 0xE4, 0xEC, 0x27, 0x22, 0x24, 0x77, 0x22, 0xEB, 0x2E, 0x2F, 0x99, 0x36, 0xE2,
    0x42, 0xCB, 0xD2, 0xE4, 0x15, 0x9A, 0x49, 0xC8, 0x94, 0x06, 0xAA, 0x71, 0x95, 0x07, 0xCA, 0xB6,
    0xE8, 0xE5, 0xFA, 0x4C, 0x63, 0x55, 0x03, 0xEE, 0x2B, 0xCD, 0xFF, 0xCF, 0xBB, 0xC2, 0x6F, 0xD2,
    0xAF, 0x6C, 0x18, 0x56, 0x2E, 0x9C, 0x56, 0x0E, 0x2E, 0xAE, 0xF4, 0xA5, 0xD2, 0x0A, 0xDB, 0x4F,
    0x45, 0x6F, 0x17, 0x34, 0x8C, 0x96, 0x7D, 0xE2, 0x27, 0xF0, 0xF9, 0x8E, 0x98, 0xB8, 0xBC, 0xD3,
    0x51, 0x4A, 0xDC, 0xDE, 0x5D, 0xB7, 0xCF, 0xCF, 0xF6, 0x90, 0x64, 0x90, 0xB5, 0x1C, 0x76, 0x9F,
    0x7F, 0x4E, 0xF8, 0xF6, 0xCE, 0x49, 0xEE, 0x9D, 0xAC, 0x94, 0x57, 0xE2, 0x61, 0xFE, 0x00, 0x28,
    0x67, 0xE3, 0x1D, 0x3F, 0xF4, 0x24, 0xDB, 0xA9, 0x22, 0x1E, 0xE6, 0xD3, 0xBE, 0x2F, 0xB7, 0xB2,
    0x88, 0xBB, 0x60, 0x7F, 0x25, 0x8B, 0x98, 0xE4, 0xC8, 0x5A, 0xEA, 0xCD, 0xD2, 0xF6, 0x7B, 0xD9,
    0x7E, 0x47, 0xFA, 0x58, 0x9E, 0xDF, 0x7E, 0xC5, 0x7E, 0x5D, 0x06, 0x64, 0x62, 0xCF, 0x25, 0x17,
    0xD9, 0x4E, 0x49, 0xA2, 0x22, 0x61, 0xB9, 0xA0, 0xE4, 0x22, 0x7A, 0x6D, 0xB1, 0x75, 0x0C, 0xE9,
    0x0F, 0x5A, 0x3A, 0xD6, 0x1D, 0xDB, 0x82, 0xAD, 0xF9, 0x04, 0x7F, 0x05, 0x7D, 0xC3, 0xD8, 0x31,
    0x7E, 0x11, 0xB7, 0xE1, 0xE0, 0x50, 0xFE, 0x5C, 0x1A, 0x2F, 0x29, 0x1C, 0x81, 0xAE, 0xBD, 0xB6,
    0x20, 0xBE, 0x8D, 0x3F, 0x8C, 0x88, 0xCD, 0xD7, 0x27, 0xC7, 0x20, 0xFD, 0x65, 0xC1, 0x67, 0x89,
    0xE6, 0x79, 0xB7, 0x16, 0xD6, 0x03, 0x0D, 0x80, 0x08, 0xE4, 0x11, 0x30, 0xA2, 0x7C, 0x04, 0x70,
    0x86, 0x9E, 0x0F, 0xFF, 0x0E, 0x86, 0x75, 0x6A, 0x54, 0x46, 0x00, 0x9F, 0x29, 0x1A, 0x38, 0x64,
    0x11, 0x26, 0xE0, 0x10, 0x60, 0x57, 0x2E, 0x0F, 0x25, 0x3B, 0x5D, 0xC0, 0x97, 0xB1, 0xDD, 0x7D,
    0x18, 0x52, 0x2B, 0x3B, 0x0F, 0x29, 0xD7, 0x95, 0xB3, 0x4F, 0x9D, 0x9B, 0xB7, 0xC9, 0xB0, 0xCA,
    0x8F, 0x56, 0x91, 0xB6, 0xB9, 0x05, 0x69, 0x46, 0xEF, 0x05, 0x89, 0x04, 0x25, 0x22, 0x71, 0x25,
    0x69, 0x57, 0x91, 0xB2, 0x89, 0xDB, 0x64, 0x4A, 0x32, 0xAA, 0x30, 0x08, 0x0D, 0xBD, 0x48, 0x43,
    0xA8, 0x0C, 0x90, 0xDC, 0xE3, 0xDD, 0x94, 0x7E, 0x68, 0xDC, 0x75, 0x62, 0x46, 0xE4, 0xCB, 0xC7,
    0x0E, 0x56, 0x6B, 0x72, 0x65, 0xBB, 0xB2, 0x60, 0x7B, 0x20, 0xC4, 0xB0, 0xAB, 0x60, 0x41, 0xBF,
    0xB2, 0x61, 0x5C, 0xD9, 0x29, 0x01, 0xFC, 0x5F, 0x1E, 0x94, 0x76, 0x16, 0x36, 0x51, 0x3F, 0x1E,
    0x84, 0xD2, 0xD8, 0x57, 0x1F, 0xA6, 0xE8, 0x39, 0xEB, 0x4D, 0xA7, 0x43, 0x28, 0xBD, 0x6D, 0xCD,
    0x80, 0xAD, 0x58, 0x72, 0x90, 0x05, 0x5D, 0x14, 0x7B, 0x9E, 0xD3, 0x32, 0x02, 0x6E, 0x9B, 0xF6,
    0x67, 0x2F, 0x51, 0x81, 0x0B, 0xA0, 0x8D, 0x3C, 0xAB, 0x35, 0x03, 0x05, 0x03, 0xCA, 0x5F, 0x45,
    0xB8, 0x7A, 0xC1, 0x63, 0x54, 0x97, 0x38, 0xAC, 0x5F, 0x66, 0xE9, 0xB7, 0xC5, 0x8B, 0xBF, 0xB0,
    0x04, 0x18, 0xD3, 0x47, 0x8E, 0xFC, 0x06, 0x17, 0x91, 0xB7, 0x57, 0xC9, 0x19, 0x8E, 0x3F, 0x60,
    0xAD, 0x12, 0x21, 0x62, 0x46, 0x15, 0xDB, 0xAB, 0xB8, 0x5A, 0x65, 0x81, 0xC8, 0x3F, 0x46, 0x95,
    0x7F, 0x4E, 0xC2, 0x25, 0x09, 0x55, 0x3E, 0xA2, 0x17, 0xF9, 0x57, 0xA6, 0xDF, 0x31, 0xA8, 0x34,
    0x51, 0xC5, 0xCD, 0x2A, 0x96, 0x9B, 0xB4, 0x22, 0x26, 0xED, 0xA8, 0x19, 0x47, 0xED, 0xD3, 0x5D,
    0xDA, 0x5D, 0x4B, 0xB6, 0xB8, 0x50, 0xB6, 0x0E, 0x69, 0x62, 0x92, 0x51, 0xA5, 0x08, 0x2A, 0x07,
    0xAF, 0x72, 0x0B, 0xB8, 0xE4, 0xF0, 0x4C, 0xF9, 0x7D, 0xF2, 0xC4, 0xD6, 0x05, 0x65, 0x2B, 0x5C,
    0xB0, 0xF2, 0xAD, 0x49, 0xF8, 0x76, 0x10, 0xDE, 0x57, 0x72, 0x52, 0xCE, 0xC2, 0x0F, 0xA9, 0xDF,
    0x61, 0xBB, 0xF2, 0x07, 0xEC, 0x57, 0xB6, 0x0C, 0xC2, 0x26, 0xAE, 0xF4, 0x6E, 0x1B, 0x5A, 0xF8,
    0x8E, 0x31, 0x13, 0x53, 0xF6, 0xA5, 0x1C, 0x84, 0x95, 0x17, 0xBA, 0x56, 0x29, 0xC0, 0x77, 0x94,
    0x9F, 0xD7, 0x28, 0xBE, 0x4A, 0xAE, 0x94, 0xB6, 0x15, 0xBF, 0xAB, 0x6D, 0x83, 0x90, 0xA3, 0x32,
    0x2A, 0x17, 0x5D, 0xCB, 0x5A, 0x5B, 0xE8, 0x35, 0xC6, 0x41, 0x5B, 0x38, 0x6A, 0xDB, 0x66, 0x69,
    0x5B, 0xA9, 0x6D, 0xCB, 0xD9, 0xA7, 0x1B, 0xB7, 0x5B, 0x5F, 0xCD, 0x92, 0x35, 0xF3, 0xD3, 0x2B,
    0x97, 0xF2, 0x62, 0x42, 0x24, 0x4D, 0x1B, 0xB5, 0x17, 0x69, 0x52, 0xAF, 0x98, 0x79, 0x2D, 0x2C,
    0xBC, 0xD0, 0xEE, 0x58, 0x7E, 0xEC, 0x7C, 0xEB, 0x59, 0x9A, 0x6E, 0x2D, 0xA7, 0x34, 0xBB, 0x4E,
    0x20, 0x9B, 0x52, 0x7F, 0xE8, 0xD8, 0x6A, 0x5F, 0x30, 0x57, 0xBC, 0x14, 0xF4, 0xE2, 0x21, 0x3A,
    0xC6, 0x9B, 0xE7, 0xC7, 0xB9, 0xE2, 0xFC, 0x8E, 0x02, 0xFC, 0xBD, 0x32, 0x2A, 0xDF, 0x80, 0xF8,
    0x24, 0x36, 0xDD, 0x7F, 0xE6, 0x89, 0xF1, 0x12, 0xE3, 0x80, 0x54, 0x88, 0x6C, 0x86, 0xD1, 0x01,
    0x81, 0xE9, 0x91, 0xD5, 0xEA, 0x0F, 0x13, 0xC5, 0xA5, 0x2C, 0xEA, 0x75, 0xF4, 0x24, 0x34, 0x41,
    0x98, 0xB7, 0xD7, 0xEA, 0xD2, 0x1A, 0xF5, 0xDD, 0x8E, 0x6F, 0xC5, 0xFB, 0xEB, 0x62, 0xF8, 0x56,
    0x30, 0x7C, 0xBB, 0x37, 0xFC, 0x91, 0xBF, 0x31, 0xBD, 0x23, 0x9B, 0x84, 0x05, 0x85, 0x87, 0x1D,
    0xCD, 0xFC, 0x59, 0xE3, 0xDE, 0x0E, 0x92, 0xF7, 0x05, 0xE6, 0x92, 0x78, 0x57, 0x0F, 0x29, 0x2B,
    0x7E, 0xC8, 0x7A, 0x7D, 0x25, 0xF8, 0xC1, 0xF2, 0xEC, 0x9F, 0xA9, 0x1D, 0xEA, 0x87, 0x1A, 0x72,
    0x39, 0x47, 0xFE, 0x56, 0xF8, 0x4F, 0x41, 0xC8, 0x5E, 0xB8, 0x9C, 0x86, 0x35, 0x99, 0x7E, 0x60,
    0x95, 0x4E, 0xF9, 0x95, 0x4F, 0xE9, 0xC8, 0xB3, 0xFB, 0xFF, 0x5F, 0x1B, 0x3E, 0x36, 0x8C, 0x86,
    0x41, 0x2E, 0x1C, 0xD9, 0x3A, 0xFD, 0xFB, 0x83, 0x0B, 0x5F, 0xDB, 0xF5, 0xFF, 0xFC, 0x6C, 0xFF,
    0xFC, 0x55, 0x39, 0xA9, 0xB8, 0x5E, 0x85, 0x4A, 0xC9, 0xED, 0x85, 0xE2, 0xD8, 0xC2, 0x31, 0x38,
    0xF6, 0x22, 0xE2, 0x4B, 0x2E, 0x89, 0x8E, 0x40, 0xD4, 0xA8, 0x55, 0xB8, 0x89, 0x17, 0x99, 0x38,
    0xA8, 0x74, 0xA3, 0x8A, 0x8B, 0x2A, 0x96, 0x2A, 0x05, 0x6B, 0x11, 0x43, 0x2F, 0x02, 0x06, 0x95,
    0x66, 0x52, 0xA9, 0x66, 0x15, 0x4B, 0x15, 0x93, 0x24, 0x4B, 0x82, 0x4D, 0x5C, 0x44, 0x16, 0x81,
    0x32, 0xC2, 0x71, 0xC0, 0x41, 0x24, 0x6C, 0xE7, 0xE0, 0xB3, 0x07, 0xEA, 0xBE, 0x5F, 0x69, 0xB8,
    0x9B, 0xF4, 0xEC, 0x85, 0x0E, 0xBB, 0xA2, 0xB7, 0xA1, 0x2C, 0xFD, 0x4A, 0xF9, 0x79, 0xF1, 0x9C,
    0x27, 0x41, 0x5E, 0x16, 0x0F, 0x2F, 0x96, 0x8C, 0x2A, 0x79, 0x54, 0x31, 0x53, 0x92, 0xA0, 0x52,
    0x78, 0x95, 0xAC, 0x7E, 0x21, 0x8E, 0xE2, 0x5C, 0xA9, 0x52, 0x86, 0xBD, 0xB2, 0x16, 0x36, 0xFB,
    0x73, 0x89, 0xF2, 0x1D, 0xDC, 0x11, 0x59, 0x30, 0x8B, 0xB8, 0x9F, 0x4D, 0x22, 0x96, 0x41, 0xA4,
    0xA0, 0x17, 0xC9, 0x59, 0xBF, 0xB4, 0xBD, 0xFF, 0x55, 0xBC, 0xD2, 0x02, 0xA5, 0xAF, 0x3C, 0x50,
    0x8C, 0xFB, 0xBB, 0x81, 0xA3, 0xD0, 0x0D, 0x2F, 0xAE, 0xF7, 0x5B, 0x9F, 0xAC, 0x0C, 0x49, 0xC6,
    0x24, 0x93, 0x4A, 0x99, 0xC4, 0x8C, 0xFA, 0x28, 0x87, 0xF9, 0x0D, 0x43, 0x17, 0x51, 0xBC, 0xCF,
    0x27, 0x24, 0x9A, 0xD6, 0xF1, 0x43, 0xFA, 0xC7, 0xA8, 0x98, 0xD3, 0x23, 0x3D, 0xB4, 0x72, 0x55,
    0xE2, 0x22, 0xC4, 0x39, 0xD2, 0x73, 0x49, 0xC2, 0x4B, 0xE4, 0xFA, 0xA3, 0x63, 0xAE, 0x83, 0x4A,
    0xF3, 0x71, 0xB9, 0x36, 0x6C, 0x45, 0xF2, 0xF3, 0xB9, 0x76, 0x51, 0xA5, 0x9C, 0x55, 0x0E, 0xE7,
    0x72, 0x8D, 0x4D, 0x9A, 0x24, 0x55, 0xCA, 0xB5, 0x4D, 0xB9, 0x36, 0x22, 0x41, 0x3E, 0xD1, 0xB2,
    0xC9, 0xB4, 0x97, 0x6C, 0xDC, 0xEF, 0xA0, 0x56, 0x25, 0xA3, 0x4F, 0x92, 0x32, 0x9F, 0x12, 0xAF,
    0x79, 0xD7, 0xB4, 0x6B, 0xD6, 0x25, 0xE9, 0x02, 0xBB, 0xA2, 0xBD, 0x04, 0xE4, 0x17, 0x92, 0xE2,
    0x04, 0x00, 0x4F, 0x51, 0x0A, 0x2A, 0x81, 0xE6, 0x3B, 0x3D, 0xEC, 0xE4, 0x57, 0x4C, 0x50, 0xB7,
    0xCF, 0x73, 0x5F, 0x72, 0xB2, 0x05, 0x2A, 0x52, 0xFC, 0x18, 0xD3, 0x05, 0x7D, 0x46, 0x5F, 0x10,
    0xE8, 0xD2, 0x9D, 0x93, 0x20, 0x95, 0xBB, 0xC9, 0x09, 0xA3, 0xB0, 0x8A, 0xD2, 0x9B, 0xCA, 0x79,
    0xC7, 0x65, 0xC7, 0x39, 0x31, 0x7D, 0x33, 0x31, 0xD5, 0x60, 0x67, 0xA9, 0xED, 0xA0, 0x35, 0x1B,
    0xB6, 0xA0, 0x07, 0x07, 0xD9, 0x90, 0x3B, 0x5E, 0xAF, 0xF4, 0xD8, 0x1E, 0x57, 0x25, 0xC3, 0x1E,
    0xA7, 0xFD, 0x08, 0x8D, 0xA4, 0x86, 0x8C, 0xB0, 0xB3, 0xA1, 0x84, 0x4D, 0xEF, 0x46, 0x41, 0x00,
    0x87, 0x26, 0xA0, 0x0B, 0x2B, 0x9A, 0xD0, 0x9D, 0xD0, 0x08, 0x74, 0x85, 0x5B, 0x31, 0xE8, 0x97,
    0xF5, 0x67, 0x5A, 0x41, 0x4E, 0xCE, 0xFB, 0xBB, 0xD3, 0x79, 0x9B, 0xB7, 0x40, 0xD1, 0x17, 0x3D,
    0x60, 0xFE, 0xE7, 0xBE, 0x3F, 0xFA, 0x83, 0x6E, 0x81, 0xD8, 0x3C, 0xE2, 0x65, 0x70, 0xEF, 0x21,
    0xBE, 0x0D, 0x4C, 0x18, 0x81, 0xE5, 0x1B, 0x61, 0x0B, 0xAF, 0xD2, 0xF4, 0xCF, 0xB8, 0x3E, 0x33,
    0x65, 0x42, 0xE6, 0x6C, 0xA5, 0x7B, 0x9F, 0x62, 0xE0, 0x5B, 0x71, 0xE5, 0x62, 0x03, 0x60, 0xA6,
    0xCA, 0xAF, 0x1C, 0xDC, 0x4B, 0x61, 0xE6, 0x2B, 0x8F, 0xEE, 0xB4, 0xB0, 0x63, 0xE7, 0xB7, 0xDB,
    0x62, 0x3F, 0x8B, 0x00, 0x8B, 0x00, 0x4C, 0xD6, 0x5F, 0x9F, 0x99, 0x7B, 0x93, 0x28, 0x0E, 0x55,
    0xAA, 0x51, 0x8D, 0xFA, 0xC5, 0x5F, 0xC4, 0x34, 0xFA, 0x44, 0x2C, 0x08, 0x55, 0xBB, 0x24, 0x2D,
    0xA3, 0xEA, 0x5D, 0x97, 0x14, 0x27, 0x9D, 0x76, 0xFA, 0xC1, 0x59, 0x52, 0xB2, 0xDD, 0xB4, 0xDE,
    0xAF, 0x57, 0x8D, 0xE7, 0xB5, 0xDC, 0xD4, 0xCE, 0xAA, 0xD5, 0x81, 0xAA, 0x6E, 0x85, 0xAA, 0xDA,
    0xD9, 0x82, 0x70, 0xD4, 0x02, 0xB3, 0x69, 0x32, 0x35, 0x05, 0x95, 0x6C, 0xEB, 0x2B, 0xF6, 0xB2,
    0x7A, 0x22, 0x27, 0x35, 0x6F, 0x39, 0xCC, 0xEA, 0x5F, 0x34, 0x84, 0xB8, 0x32, 0x1A, 0xD6, 0x4E,
    0x7C, 0xCA, 0xE9, 0x1B, 0xD1, 0x4C, 0x35, 0x3D, 0x86, 0xB2, 0x53, 0x79, 0x18, 0x45, 0x4D, 0x05,
    0x04, 0x9D, 0xA8, 0x5B, 0x75, 0x14, 0x1D, 0xC1, 0x88, 0x42, 0xEB, 0x9D, 0x61, 0x75, 0x3B, 0xFC,
    0x45, 0xA7, 0x19, 0x53, 0xA7, 0xB5, 0x1D, 0x21, 0xB5, 0xEB, 0x1E, 0x4E, 0xC3, 0xDB, 0x7C, 0x3F,
    0xBC, 0x9D, 0x76, 0x83, 0x1F, 0x3C, 0xEB, 0x91, 0xDC, 0x5F, 0x36, 0xDB, 0x85, 0x5A, 0xBD, 0xD2,
    0xD0, 0x9F, 0x98, 0xEF, 0x68, 0x36, 0xB6, 0xC7, 0x4B, 0xBA, 0x5F, 0x77, 0xF1, 0xE2, 0x43, 0x3F,
    0x1C, 0x84, 0x5D, 0x10, 0xBA, 0x28, 0xAC, 0x66, 0xA1, 0xA5, 0x50, 0x1D, 0x96, 0x7A, 0x74, 0xFE,
    0x2C, 0x38, 0x12, 0x1D, 0x85, 0x52, 0xDD, 0x9D, 0x77, 0x92, 0x0D, 0x00, 0xFD, 0x16, 0x41, 0x71,
    0xF1, 0xBF, 0x12, 0xDE, 0x80, 0x5B, 0x2C, 0x75, 0x5C, 0xE2, 0x0B, 0x36, 0xF4, 0x86, 0x41, 0xD0,
    0x37, 0xB5, 0xA1, 0xFF, 0x63, 0xAC, 0xB8, 0xCC, 0x55, 0xA1, 0x17, 0x1B, 0xA9, 0xB8, 0x89, 0x8E,
    0xEC, 0x8B, 0x0D, 0xCA, 0x41, 0x58, 0xEE, 0x06, 0xB2, 0xAF, 0x0B, 0xF0, 0xF9, 0xE7, 0x6F, 0xCF,
    0xAE, 0xF0, 0x08, 0x1D, 0x6C, 0xE4, 0xA3, 0x8E, 0x29, 0x4E, 0x63, 0xFD, 0x2F, 0x1D, 0x9F, 0x3B,
    0xAB, 0xA5, 0xD5, 0xCB, 0xC5, 0xE7, 0xCE, 0xBA, 0xFE, 0x66, 0x77, 0xC4, 0xFC, 0x01, 0x1E, 0x21,
    0x8F, 0x66, 0x04, 0x28, 0x76, 0x3B, 0xA9, 0xCF, 0x12, 0xC0, 0x61, 0xBE, 0x9E, 0x8E, 0x08, 0xDC,
    0xFE, 0xF1, 0x71, 0x9C, 0xE4, 0x02, 0xB6, 0x3B, 0x4F, 0x4B, 0x72, 0x79, 0x5F, 0x1A, 0xF6, 0xDB,
    0x11, 0x7C, 0x92, 0xB6, 0x0C, 0x66, 0x85, 0xCF, 0x88, 0xC6, 0x63, 0x41, 0x33, 0xE0, 0x21, 0x1A,
    0x3D, 0x94, 0x2C, 0x02, 0x31, 0xC4, 0x92, 0x35, 0xCC, 0x36, 0x4C, 0x89, 0xFA, 0xFE, 0x38, 0xA9,
    0x72, 0xA0, 0xBF, 0x85, 0x8C, 0xDE, 0x01, 0xF4, 0x94, 0x6D, 0xB2, 0x16, 0x78, 0xB0, 0x6E, 0x82,
    0x59, 0xD2, 0x69, 0xAE, 0x20, 0xDB, 0xE3, 0x11, 0xF1, 0xAF, 0x1E, 0x02, 0xDA, 0x00, 0xA0, 0x88,
    0xA9, 0x6B, 0x56, 0x35, 0xA4, 0xE8, 0x50, 0x5D, 0xEF, 0xD5, 0xD2, 0x3B, 0xEF, 0x7C, 0x57, 0x97,
    0x9E, 0xAD, 0x6D, 0xD9, 0xA7, 0x71, 0x89, 0xE3, 0x28, 0xD5, 0x49, 0x6D, 0x5E, 0xCF, 0x18, 0x39,
    0xC3, 0x57, 0xE0, 0xC2, 0xAC, 0xFD, 0xC5, 0x06, 0xD6, 0xCE, 0x37, 0x64, 0x5D, 0x32, 0x02, 0xF7,
    0x6A, 0x39, 0xA5, 0x61, 0xCB, 0x81, 0x93, 0xED, 0x77, 0x6F, 0xF6, 0xC8, 0x62, 0x11, 0xC4, 0x8F,
    0x78, 0x63, 0x0C, 0xB9, 0xF3, 0x40, 0xBB, 0x78, 0xCE, 0x88, 0x62, 0x5C, 0x60, 0x7B, 0x57, 0x57,
    0xB0, 0xFE, 0xB9, 0x18, 0xF2, 0x42, 0xA3, 0x2D, 0xFA, 0xE3, 0xC5, 0x7E, 0x41, 0x6D, 0x47, 0xBD,
    0x1D, 0x8D, 0x3E, 0xD7, 0x69, 0xAB, 0xF4, 0xEC, 0x75, 0xC5, 0x41, 0xCB, 0x36, 0x5C, 0x9F, 0x2A,
    0x36, 0xE9, 0xBE, 0x70, 0xF6, 0xF5, 0x08, 0xA3, 0x86, 0x7B, 0x3C, 0x7B, 0xA7, 0xBD, 0x21, 0x3D,
    0xE4, 0x0E, 0x5E, 0x69, 0x4B, 0xEF, 0xDA, 0x43, 0x60, 0x3A, 0x24, 0x32, 0x40, 0xB6, 0xF9, 0x3C,
    0x7A, 0x48, 0x47, 0x92, 0x7D, 0x22, 0xEF, 0xF1, 0xB7, 0xF7, 0xFB, 0x08, 0x0E, 0x85, 0xD2, 0x0C,
    0x89, 0xEF, 0xAE, 0xCC, 0x7B, 0xAC, 0x04, 0xAE, 0x90, 0xE1, 0x44, 0x47, 0xFA, 0x23, 0xF5, 0x76,
    0xBA, 0xE4, 0x50, 0x39, 0x0A, 0x4D, 0x14, 0xE6, 0x42, 0xC9, 0x25, 0x34, 0x9B, 0xD0, 0x7C, 0x6A,
    0x7F, 0xD2, 0xA5, 0xAB, 0x91, 0xB1, 0x16, 0x5F, 0xDA, 0x66, 0x5D, 0xFE, 0x88, 0x1F, 0xD4, 0x86,
    0x35, 0x3E, 0xF9, 0xE2, 0x91, 0xF3, 0xDF, 0x5B, 0x90, 0x5E, 0x0F, 0x1E, 0x87, 0x1E, 0xB0, 0xE3,
    0x76, 0x47, 0x56, 0x53, 0x09, 0xFC, 0x19, 0x01, 0xF1, 0xAD, 0x0B, 0xA7, 0xB3, 0x57, 0xFB, 0x09,
    0xCF, 0x5E, 0x37, 0xCF, 0x67, 0xDC, 0x05, 0xF2, 0x39, 0xB9, 0x6B, 0x02, 0xDC, 0xD7, 0x07, 0xB8,
    0x6F, 0x7A, 0x34, 0xE7, 0x7C, 0xF4, 0x97, 0xF3, 0xB1, 0xDD, 0x7C, 0x7C, 0x72, 0xF4, 0xD1, 0x23,
    0x7B, 0xE3, 0x0A, 0x62, 0xCF, 0x49, 0x8E, 0x30, 0xC2, 0x4F, 0xE7, 0xC0, 0x6E, 0x52, 0xDE, 0x5F,
    0xAA, 0xCF, 0x38, 0x52, 0x96, 0x4F, 0xD4, 0x67, 0x24, 0x56, 0xE0, 0xF6, 0x96, 0xF0, 0x50, 0xAD,
    0xCC, 0xB8, 0x74, 0x48, 0xF7, 0x54, 0x45, 0x7A, 0x4E, 0x7A, 0x2D, 0x6E, 0x7B, 0x5C, 0x28, 0x1D,
    0x99, 0x91, 0x75, 0x92, 0xD6, 0x70, 0x80, 0x4D, 0x47, 0xAC, 0xA2, 0x47, 0x76, 0x2D, 0x72, 0xF0,
    0xDB, 0xE3, 0xF6, 0xDA, 0xBF, 0x2B, 0x31, 0x6B, 0xC9, 0x08, 0xC0, 0x92, 0x51, 0x43, 0xE1, 0x00,
    0xD1, 0xBB, 0xCA, 0x07, 0x42, 0xBB, 0x18, 0x3D, 0x88, 0x7E, 0xD8, 0x03, 0x8D, 0x5A, 0xFB, 0xB8,
    0x64, 0x0D, 0x7C, 0x3B, 0x8B, 0x17, 0x07, 0x6F, 0x7F, 0xCA, 0xB8, 0xB1, 0x60, 0xED, 0xA2, 0x18,
    0x58, 0x2A, 0xED, 0x27, 0x66, 0x29, 0x6C, 0x95, 0xDE, 0x45, 0xE4, 0x4A, 0xF0, 0x23, 0xF1, 0x96,
    0xFC, 0x17, 0xF6, 0xA8, 0xF8, 0x0D, 0x0E, 0x29, 0x0D, 0xD2, 0xA0, 0x51, 0xA4, 0x13, 0xD1, 0x77,
    0x2F, 0xBB, 0xE7, 0x96, 0xCB, 0x9E, 0x2F, 0xDE, 0x61, 0x9D, 0x8E, 0xD9, 0x26, 0x64, 0xD2, 0x94,
    0x8C, 0x1A, 0x3D, 0x88, 0x54, 0xF4, 0x22, 0x66, 0xC6, 0xCB, 0x6E, 0xFB, 0xEF, 0xE9, 0x2E, 0x5D,
    0xA2, 0x5C, 0x69, 0x7F, 0xD9, 0xAD, 0x3C, 0xA4, 0xBD, 0x99, 0x93, 0xC6, 0xDB, 0xBF, 0xF8, 0x44,
    0x6C, 0xC5, 0xCE, 0x2A, 0x8E, 0x2A, 0x5F, 0xB1, 0x5E, 0xE4, 0x3B, 0x85, 0x88, 0xBC, 0xDB, 0xAD,
    0xB3, 0x2F, 0x7F, 0x5A, 0xB6, 0x42, 0x7F, 0x1A, 0x10, 0x14, 0x7E, 0x52, 0x3E, 0x56, 0x4E, 0xA7,
    0xCF, 0xC1, 0x1B, 0x90, 0xA2, 0xFC, 0x91, 0x8C, 0xFB, 0x61, 0x63, 0xE3, 0x45, 0x02, 0x75, 0x30,
    0xFC, 0x53, 0xCD, 0x43, 0x63, 0x46, 0x91, 0x78, 0xE8, 0x5F, 0xFA, 0xA4, 0x9C, 0x7D, 0xED, 0xD1,
    0x4A, 0xDA, 0x09, 0x30, 0x73, 0x19, 0x80, 0x62, 0x74, 0x1E, 0xB0, 0x7D, 0x07, 0xA0, 0xAC, 0xA7,
    0x17, 0x9D, 0x08, 0x47, 0xD6, 0xA4, 0x5F, 0xA5, 0x5D, 0x25, 0x67, 0xC0, 0x61, 0xD4, 0x00, 0x4D,
    0x78, 0xEE, 0x32, 0x00, 0x1C, 0x92, 0x04, 0x48, 0xAE, 0x9B, 0x51, 0x7D, 0x75, 0xAC, 0xBB, 0x1A,
    0x38, 0x90, 0x73, 0x32, 0x34, 0x40, 0x74, 0xDE, 0x3F, 0x07, 0x66, 0x7B, 0x95, 0xD2, 0xAB, 0x54,
    0x49, 0xCA, 0x27, 0xE9, 0x2C, 0x9C, 0x32, 0x90, 0xB3, 0xBF, 0x76, 0x47, 0xD3, 0x85, 0x7C, 0x14,
    0x98, 0x49, 0x39, 0xEE, 0x5E, 0xF3, 0x91, 0x36, 0x2B, 0x02, 0x1A, 0xAB, 0x4E, 0x06, 0xB4, 0x2A,
    0x62, 0x41, 0x52, 0xC3, 0x49, 0x15, 0xF6, 0xBF, 0x66, 0x6C, 0xC1, 0x35, 0xAA, 0x78, 0x1D, 0xB6,
    0xC5, 0xC7, 0x14, 0x32, 0xA2, 0x84, 0xE1, 0x42, 0x09, 0xB5, 0x35, 0x5C, 0xF4, 0x1E, 0xA4, 0x87,
    0xD3, 0xA9, 0xD9, 0xA6, 0x47, 0xE9, 0x0D, 0x5B, 0xE9, 0xAF, 0x65, 0x6B, 0xE8, 0xC1, 0x00, 0xA7,
    0x9D, 0x99, 0x23, 0x1C, 0x74, 0x7A, 0x28, 0xEA, 0x8B, 0x60, 0x18, 0xF1, 0x5D, 0xE9, 0xD9, 0xE6,
    0xC3, 0x05, 0x8F, 0x01, 0x37, 0x1E, 0xDE, 0x23, 0xD2, 0x4C, 0xFA, 0xCF, 0x98, 0x6E, 0x94, 0xAE,
    0x2F, 0xBE, 0x3F, 0x02, 0x65, 0x2C, 0xBF, 0xCA, 0x9F, 0x06, 0xC0, 0xCE, 0x0E, 0x7C, 0x5F, 0x5E,
    0xD0, 0x81, 0xBF, 0x1A, 0x80, 0x82, 0xDF, 0x45, 0xF3, 0x9B, 0x1E, 0x90, 0xEA, 0xDC, 0x47, 0x3E,
    0xBD, 0xD0, 0x33, 0x60, 0xCE, 0x09, 0x25, 0xDB, 0x14, 0xB0, 0x25, 0x90, 0x92, 0xAF, 0x2F, 0xBA,
    0x01, 0x86, 0xEA, 0x8D, 0x3F, 0x9E, 0x27, 0x6F, 0xBF, 0xA3, 0x02, 0x17, 0x93, 0x36, 0x4C, 0xBA,
    0x38, 0x9F, 0xDC, 0xB5, 0x83, 0xE8, 0xC1, 0xE7, 0x01, 0x17, 0x0B, 0x1C, 0xA3, 0x19, 0x2C, 0x07,
    0xD1, 0xB0, 0x6A, 0x41, 0x7F, 0x18, 0x41, 0xCD, 0xEB, 0x84, 0x88, 0x5C, 0x73, 0x1A, 0x01, 0xCD,
    0xE7, 0xA8, 0xBA, 0x64, 0x01, 0xE8, 0xFA, 0x86, 0x46, 0xAF, 0x31, 0x9F, 0xD0, 0x48, 0x27, 0x0A,
    0x23, 0x7F, 0xE8, 0x57, 0xFD, 0xCF, 0xC0, 0xF7, 0x56, 0x2D, 0xFF, 0x7B, 0xE8, 0xFE, 0xA1, 0x05,
    0xEC, 0x47, 0xDE, 0x7D, 0x88, 0x55, 0xE9, 0x1D, 0xA5, 0x19, 0x6C, 0xAB, 0x74, 0xE5, 0x03, 0x1B,
    0x77, 0x9A, 0x2F, 0x38, 0x4C, 0xE9, 0x3E, 0x49, 0x0A, 0x66, 0xF7, 0x3F, 0x27, 0x1D, 0xA0, 0x0F,
    0xB0, 0x02, 0xB6, 0x2D, 0x86, 0x8B, 0x79, 0x3D, 0xE8, 0xA4, 0xB5, 0x65, 0x94, 0x8C, 0x36, 0x12,
    0x01, 0x9C, 0x37, 0x42, 0x64, 0xDB, 0xFF, 0x97, 0x06, 0x44, 0xED, 0x4D, 0x9A, 0x1B, 0xA3, 0xF9,
    0x90, 0x7A, 0x2C, 0xAD, 0xFA, 0xFE, 0x66, 0x2D, 0xA6, 0xF3, 0xB4, 0x45, 0x74, 0x51, 0xE8, 0xC6,
    0xDF, 0x4D, 0xFD, 0x66, 0x45, 0x86, 0x23, 0xB3, 0x33, 0x0D, 0xCA, 0x6F, 0xBB, 0x58, 0xF5, 0xDE,
    0x08, 0x34, 0x59, 0x04, 0xA2, 0xB4, 0x64, 0xD7, 0xEE, 0x81, 0xB3, 0xA2, 0x24, 0x6C, 0xB0, 0x0B,
    0xAC, 0x2F, 0xB8, 0xC2, 0x10, 0x65, 0x9D, 0xB3, 0x75, 0x62, 0xB5, 0xB4, 0xBD, 0xFF, 0x0E, 0xD0,
    0x84, 0xA8, 0x0E, 0x03, 0xD5, 0x6F, 0xB5, 0x13, 0x29, 0x7A, 0xA0, 0x38, 0x4D, 0x05, 0xE6, 0xDA,
    0x7C, 0x85, 0xD8, 0x9B, 0xA9, 0xB7, 0x51, 0x8D, 0xDB, 0x6E, 0xC1, 0xBF, 0x46, 0xBF, 0x4D, 0x3E,
    0xBC, 0xFE, 0x00, 0xA7, 0x62, 0x92, 0xAF, 0xD1, 0x0D, 0x47, 0x16, 0xA3, 0x7C, 0x82, 0x3A, 0xC3,
    0xCD, 0x76, 0x1A, 0xB9, 0x58, 0x6D, 0x79, 0xBC, 0x93, 0xEF, 0xFA, 0xA3, 0x01, 0xD3, 0x85, 0x39,
    0x60, 0xC6, 0x84, 0x5F, 0xDC, 0xEB, 0xA2, 0xEE, 0xC2, 0x0E, 0x39, 0x07, 0x07, 0x23, 0x0E, 0x6B,
    0x05, 0xD5, 0x72, 0xEC, 0x73, 0x1C, 0x81, 0x8C, 0x41, 0x73, 0xA8, 0xBD, 0x35, 0x6D, 0x22, 0xAD,
    0x6C, 0xA4, 0xE6, 0xB4, 0xB2, 0x87, 0xD3, 0xF8, 0x65, 0xA5, 0x93, 0x9F, 0x77, 0x7A, 0xD4, 0x7B,
    0x5A, 0xB6, 0xFF, 0x8B, 0xAD, 0xE2, 0xE9, 0xCE, 0x43, 0xBB, 0x0D, 0x6D, 0xCD, 0x80, 0x5D, 0xB1,
    0x24, 0xEB, 0x52, 0xF1, 0xC1, 0x4F, 0x88, 0x0A, 0x65, 0x5C, 0xE1, 0x46, 0x7C, 0x71, 0xBB, 0x8C,
    0x55, 0xE3, 0xF4, 0xC2, 0xE9, 0x58, 0x9D, 0xD3, 0xEA, 0x7A, 0x5D, 0x79, 0x48, 0xDD, 0xC6, 0xCE,
    0xB0, 0xAD, 0x9B, 0xEF, 0x35, 0x6D, 0x43, 0xB2, 0xED, 0x04, 0xC0, 0x97, 0x6B, 0xFD, 0xA2, 0x60,
    0x38, 0xA2, 0xF3, 0x90, 0x72, 0x23, 0x1C, 0x7A, 0x17, 0x5B, 0x6C, 0x05, 0x6B, 0xC5, 0xE9, 0xC1,
    0xE6, 0x6B, 0x72, 0xE8, 0x2F, 0x71, 0x1B, 0x70, 0x75, 0x03, 0x94, 0xF2, 0x20, 0x77, 0x21, 0xB1,
    0x99, 0xE4, 0x95, 0xBF, 0x01, 0x0E, 0x65, 0x0F, 0xD7, 0x16, 0x66, 0x31, 0x8F, 0x40, 0xF3, 0xCD,
    0xB0, 0x5D, 0x20, 0x59, 0xB1, 0xC9, 0xF0, 0x9A, 0x1C, 0xCA, 0xBA, 0x07, 0x28, 0x19, 0xD1, 0xFC,
    0x07, 0x41, 0xCF, 0x8C, 0x6D, 0xCC, 0xAF, 0xEC, 0x99, 0x61, 0x0F, 0x69, 0xB3, 0x2C, 0xFF, 0x0B,
    0xBC, 0xD5, 0x21, 0xAC, 0xE5, 0x44, 0x18, 0x05, 0xE0, 0x33, 0x9D, 0x6C, 0x9A, 0x6C, 0xC5, 0x28,
    0x14, 0xA2, 0x1A, 0x75, 0xBD, 0x9A, 0x26, 0x48, 0x04, 0x2B, 0x76, 0x83, 0x40, 0xAC, 0xC5, 0xAD,
    0x4F, 0x48, 0x5A, 0x87, 0x17, 0xF8, 0xD5, 0xE0, 0x93, 0x75, 0x1D, 0xAF, 0x1A, 0x10, 0x48, 0x4A,
    0x02, 0x9A, 0x21, 0x54, 0x34, 0x30, 0xED, 0x61, 0x3A, 0xF3, 0x4F, 0xBB, 0xEF, 0xBE, 0xDD, 0x90,
    0x90, 0x0D, 0x23, 0xFE, 0xF3, 0xDD, 0x26, 0xD3, 0xDB, 0x39, 0xB9, 0xAF, 0x0F, 0xC7, 0xAA, 0xE6,
    0x14, 0x4D, 0x40, 0x45, 0x0E, 0x26, 0xE0, 0x46, 0xAE, 0xF1, 0x13, 0x97, 0x86, 0x55, 0xD0, 0x1C,
    0x14, 0x5D, 0xA8, 0x09, 0x8C, 0xBF, 0x78, 0xB3, 0x03, 0x96, 0x53, 0x1B, 0x8E, 0x80, 0x3D, 0x22,
    0xA4, 0xB8, 0xC5, 0x58, 0x81, 0x76, 0x7B, 0x57, 0xEC, 0x77, 0x17, 0x65, 0x83, 0x44, 0xBA, 0xD9,
    0x0A, 0xB3, 0xC5, 0xF0, 0x68, 0x08, 0x8C, 0x33, 0x34, 0x07, 0xD0, 0x01, 0x9C, 0x6B, 0x02, 0xB0,
    0x64, 0x88, 0xA1, 0xC9, 0x29, 0x06, 0x9E, 0x3C, 0x43, 0x5E, 0x36, 0xCD, 0xD1, 0x01, 0xCF, 0x41,
    0x87, 0x9E, 0x73, 0xEF, 0x34, 0x19, 0x8C, 0x33, 0x9B, 0xA6, 0x71, 0x6D, 0x00, 0x7F, 0x87, 0x5D,
    0xC0, 0x00, 0xEB, 0x31, 0x7A, 0xF4, 0x65, 0x0A, 0xAE, 0x8F, 0xD7, 0x45, 0x1B, 0xE7, 0x9C, 0x76,
    0x39, 0xB4, 0xE1, 0x98, 0xC7, 0xDD, 0x80, 0x8A, 0xDC, 0x80, 0xE3, 0x5B, 0x00, 0xA8, 0xE7, 0x28,
    0xEB, 0x4D, 0x8E, 0x8A, 0x18, 0x49, 0xC5, 0x1F, 0x25, 0x7F, 0x20, 0x34, 0x67, 0x98, 0x69, 0x84,
    0xA2, 0x43, 0x3D, 0x59, 0xC9, 0xAF, 0x73, 0xFE, 0xB4, 0xE4, 0xA4, 0xCB, 0xF9, 0x2B, 0x72, 0x4E,
    0x1F, 0x36, 0x1B, 0x07, 0x80, 0x13, 0x4C, 0x4A, 0x8F, 0xF6, 0x48, 0xBB, 0x2B, 0xC6, 0x80, 0xC9,
    0x47, 0x82, 0x22, 0x67, 0xE0, 0xE1, 0xB1, 0xDA, 0x21, 0x85, 0x9D, 0x73, 0x78, 0xCB, 0x4F, 0x19,
    0x6E, 0x39, 0x1A, 0x5F, 0xB3, 0xB3, 0xA1, 0x9E, 0x34, 0xBB, 0x36, 0xD6, 0x1D, 0xC3, 0xEC, 0xC4,
    0x11, 0x5C, 0x52, 0x04, 0xFC, 0x5B, 0xB4, 0x6F, 0xC7, 0x60, 0x63, 0x54, 0x74, 0x7D, 0x0C, 0xF0,
    0xEF, 0xF4, 0x54, 0x23, 0x7F, 0xE6, 0x04, 0xDC, 0xF8, 0x19, 0x67, 0x40, 0x3D, 0xC3, 0xB5, 0xD4,
    0x6B, 0x7C, 0x75, 0x3A, 0x54, 0xA1, 0x18, 0xFD, 0xE7, 0xFE, 0xB4, 0xA5, 0x3B, 0x6D, 0xD8, 0x9D,
    0xD6, 0x3B, 0xDE, 0xBB, 0x2C, 0xB9, 0x77, 0x50, 0x24, 0x39, 0x47, 0x73, 0x15, 0x57, 0xFC, 0xAD,
    0x27, 0xD4, 0xFE, 0xE2, 0x0B, 0x4E, 0xE0, 0xA4, 0xE9, 0x54, 0x40, 0x4D, 0x17, 0x0D, 0x7A, 0xB5,
    0xC0, 0x10, 0x87, 0xED, 0xAA, 0x3C, 0xEC, 0x96, 0x1D, 0x2A, 0x8F, 0x3E, 0x24, 0xB7, 0x5B, 0x6A,
    0x3F, 0xD9, 0xEC, 0x40, 0xC5, 0x39, 0x9B, 0x80, 0xA6, 0x13, 0xCB, 0x73, 0x8A, 0x5B, 0xE2, 0xB4,
    0x0D, 0x97, 0xC7, 0x45, 0xBC, 0x43, 0xD1, 0xA3, 0xDC, 0x5F, 0xD3, 0x65, 0xDF, 0x02, 0x1A, 0x0E,
    0xD9, 0x36, 0xA4, 0x2D, 0xCB, 0xE1, 0x3E, 0x3D, 0x99, 0x4A, 0x66, 0x7A, 0xB2, 0xEA, 0xF0, 0xB1,
    0x8F, 0x1E, 0x7A, 0x51, 0x9C, 0x5E, 0x11, 0xD5, 0x71, 0xB7, 0x25, 0x9F, 0x5D, 0x93, 0x64, 0x72,
    0x97, 0x5D, 0xCA, 0xFD, 0x04, 0x4F, 0x3B, 0xA1, 0x1D, 0x6C, 0x97, 0x5B, 0x83, 0xF9, 0x63, 0x43,
    0xDE, 0x08, 0x1D, 0x47, 0xEE, 0x2C, 0x3D, 0xA3, 0x7C, 0x0D, 0xC6, 0x7C, 0x52, 0xB9, 0x4F, 0x2E,
    0xEC, 0x62, 0xA8, 0x48, 0xFA, 0x7C, 0x1C, 0x5D, 0x68, 0x76, 0xBD, 0x7F, 0xC7, 0x29, 0x91, 0xDA,
    0x6B, 0x0E, 0xC2, 0xA9, 0x21, 0x32, 0xAB, 0xC1, 0x84, 0xAB, 0xA9, 0xF5, 0xE4, 0xE8, 0xAF, 0x9E,
    0xDC, 0x55, 0x53, 0x57, 0x5A, 0x32, 0x3C, 0x4B, 0x6A, 0x03, 0x50, 0x3A, 0x5A, 0xE0, 0xE5, 0x21,
    0x39, 0x27, 0x6A, 0x3A, 0x45, 0x57, 0xF9, 0x5C, 0x90, 0xE6, 0xB7, 0x5F, 0xFA, 0x7C, 0x4C, 0x43,
    0x32, 0xB1, 0xCB, 0x04, 0x3E, 0x7A, 0xD1, 0xE1, 0x75, 0xAC, 0x07, 0xB0, 0x9C, 0xB0, 0xA9, 0x10,
    0xF5, 0x71, 0x94, 0xFD, 0x66, 0x91, 0x53, 0xB6, 0x9C, 0x45, 0x0D, 0x9D, 0x48, 0x13, 0xA2, 0xB4,
    0x9E, 0x14, 0x29, 0xAE, 0x9C, 0x1A, 0x92, 0xAE, 0xE6, 0xCE, 0xC9, 0x1C, 0x32, 0x7C, 0x19, 0xF5,
    0xD7, 0xF7, 0xEC, 0x6E, 0x41, 0x47, 0x39, 0xB3, 0xC3, 0x2E, 0x2A, 0x2A, 0x5E, 0x80, 0xF5, 0xE0,
    0xF4, 0xF4, 0x88, 0xFE, 0x10, 0xC0, 0x19, 0x63, 0x52, 0x45, 0x27, 0xD2, 0x84, 0xC8, 0x6C, 0x45,
    0x71, 0xAB, 0xEC, 0x88, 0x53, 0xC4, 0x49, 0x4F, 0xD6, 0xAB, 0x74, 0xFE, 0xA8, 0xE3, 0xDB, 0x6A,
    0xA2, 0x71, 0x66, 0x7F, 0x49, 0x6F, 0xF6, 0x17, 0xAF, 0x5C, 0x43, 0x5A, 0x5A, 0xF2, 0xE8, 0x67,
    0x15, 0xE1, 0xC9, 0xF9, 0xCB, 0x20, 0x07, 0x68, 0x72, 0x49, 0xA8, 0x23, 0x2A, 0xFA, 0x74, 0x5D,
    0x8E, 0x6A, 0xB6, 0xFF, 0x1D, 0x55, 0x27, 0xA8, 0x9D, 0xC0, 0x3C, 0x42, 0x7B, 0x40, 0x45, 0xF4,
    0x07, 0x2C, 0x49, 0x0E, 0x6F, 0x23, 0x2F, 0x13, 0xEE, 0xD1, 0x16, 0xD8, 0x82, 0xDE, 0xE7, 0xAC,
    0x38, 0x95, 0x4A, 0x3A, 0xC1, 0x02, 0x59, 0xCD, 0x80, 0xF3, 0x05, 0xCB, 0xE8, 0x7E, 0xC9, 0x69,
    0xA5, 0xAD, 0xDB, 0x0C, 0xD9, 0xFD, 0xCE, 0x6C, 0xE8, 0x53, 0x1A, 0x2E, 0x29, 0x31, 0x4A, 0xDA,
    0xFF, 0x94, 0x55, 0x97, 0xB3, 0x76, 0x39, 0xCD, 0x5D, 0xB6, 0x31, 0x53, 0x35, 0x31, 0x73, 0x21,
    0x57, 0x22, 0xAD, 0x33, 0xFD, 0xC3, 0xEC, 0x25, 0xE5, 0xE1, 0x6B, 0x3A, 0x69, 0x04, 0x39, 0xE7,
    0xF8, 0xB7, 0x03, 0xBC, 0xC1, 0xC8, 0x41, 0x13, 0xAF, 0x38, 0xD4, 0xEC, 0x74, 0x99, 0xD5, 0x8E,
    0x38, 0x81, 0xFB, 0x49, 0x5E, 0xB3, 0x49, 0x53, 0x7F, 0x88, 0x59, 0xD3, 0xC5, 0xD9, 0x33, 0xC4,
    0x39, 0xA6, 0x09, 0xE0, 0xF1, 0x6C, 0xD2, 0xCC, 0xBF, 0x88, 0x3E, 0xA4, 0xCB, 0xB3, 0xFC, 0x7F,
    0xB1, 0x1C, 0x60, 0xF9, 0x27, 0x19, 0x2C, 0x27, 0x51, 0x45, 0x8F, 0x6A, 0x43, 0xCB, 0x0E, 0x0C,
    0x40, 0x7E, 0xFF, 0x70, 0x3F, 0xC5, 0x4B, 0x4E, 0xB4, 0x72, 0x2E, 0x1A, 0x97, 0x22, 0x1B, 0x8A,
    0x0C, 0x8B, 0x62, 0x4D, 0x22, 0x4D, 0x27, 0x02, 0x7D, 0x51, 0xBF, 0x16, 0xDD, 0xB6, 0x22, 0xC3,
    0x22, 0x7D, 0x4A, 0x9D, 0xC2, 0x25, 0x9B, 0xA4, 0x02, 0xD0, 0x26, 0x59, 0xCE, 0x68, 0x44, 0x1E,
    0x3A, 0x49, 0xD6, 0x3B, 0xB5, 0x9F, 0x0A, 0x45, 0xB6, 0x48, 0xD1, 0x8B, 0x6E, 0x74, 0x45, 0x2B,
    0xCA, 0xAA, 0xA7, 0xF3, 0x5A, 0x6E, 0xD4, 0x5B, 0x29, 0x34, 0x42, 0xFA, 0x34, 0x5E, 0xEA, 0x44,
    0x6A, 0x53, 0xC0, 0x13, 0x0E, 0x41, 0x33, 0xE4, 0x2A, 0x23, 0xA4, 0x49, 0x1B, 0xA4, 0xC8, 0x5B,
    0x84, 0xA1, 0x20, 0xD6, 0x98, 0xA1, 0xE9, 0x32, 0x40, 0x2F, 0xE8, 0x57, 0xC1, 0x6D, 0x13, 0x18,
    0x0A, 0x74, 0x81, 0x2A, 0xC0, 0x09, 0x7B, 0x20, 0x97, 0x17, 0x91, 0xBA, 0xCB, 0xF0, 0xD0, 0x07,
    0x90, 0xD7, 0x63, 0xD8, 0xB5, 0x60, 0x79, 0xDF, 0xEB, 0xE4, 0xC6, 0x4E, 0xB0, 0xDC, 0x15, 0x56,
    0x3A, 0xB4, 0xE1, 0x61, 0x1A, 0x8F, 0xC7, 0xEB, 0xF9, 0x31, 0x2C, 0x0D, 0x9D, 0xCE, 0xAF, 0x71,
    0xAF, 0x19, 0x6A, 0xEE, 0x5C, 0x61, 0x83, 0xE6, 0x9C, 0x8E, 0xA0, 0xE9, 0x5A, 0x49, 0x93, 0x73,
    0xF8, 0x40, 0xE9, 0xCC, 0x1E, 0xB3, 0x67, 0x30, 0x9C, 0xAE, 0x44, 0x5A, 0xF7, 0x69, 0x57, 0xC9,
    0xE5, 0x41, 0x25, 0x15, 0xDD, 0x55, 0x88, 0xF4, 0x51, 0x0D, 0xF8, 0xA7, 0x9D, 0xEB, 0x07, 0x96,
    0xA3, 0x38, 0xDE, 0x7D, 0xB7, 0x25, 0x5D, 0xD5, 0xBB, 0x60, 0x7E, 0x01, 0x54, 0xFD, 0x2C, 0x82,
    0x4D, 0x1C, 0x80, 0xEC, 0xF2, 0xA5, 0x0E, 0x90, 0x66, 0xCB, 0x84, 0x04, 0x28, 0x10, 0x76, 0x40,
    0xE2, 0x80, 0x80, 0x22, 0x91, 0xF3, 0x02, 0x76, 0x0D, 0x21, 0x89, 0x1C, 0x38, 0x86, 0x40, 0x81,
    0x78, 0x0E, 0x48, 0x1C, 0x38, 0x10, 0xEC, 0x00, 0x81, 0xD3, 0xB3, 0x29, 0x22, 0x27, 0x07, 0x55,
    0x76, 0x40, 0xA2, 0x71, 0xB1, 0x2E, 0x6F, 0x49, 0xB3, 0xDB, 0xDE, 0xEF, 0x9B, 0xAE, 0x77, 0xAB,
    0x3F, 0xB6, 0x04, 0x16, 0x8F, 0xF7, 0x84, 0xA7, 0xD8, 0xAF, 0xE7, 0xDD, 0xED, 0xCD, 0xCE, 0x76,
    0xCF, 0x9F, 0xFE, 0xBA, 0x07, 0x5D, 0xC3, 0x6C, 0xEC, 0x56, 0xBC, 0x67, 0x2C, 0xA9, 0x9A, 0x5A,
    0x9B, 0x7C, 0xE3, 0x7C, 0x44, 0xCE, 0x0B, 0x3F, 0xA4, 0x18, 0xAD, 0xC9, 0xF9, 0xCA, 0x7D, 0x31,
    0xFF, 0xFC, 0x46, 0x7E, 0x5E, 0xA2, 0x21, 0x16, 0x5D, 0x1B, 0xF1, 0xA0, 0xE8, 0x29, 0x76, 0xEC,
    0xDB, 0x8A, 0xAF, 0x80, 0x4D, 0x85, 0xA2, 0x61, 0x6B, 0x9B, 0x6A, 0x6D, 0x74, 0x06, 0xA2, 0x56,
    0x2E, 0xF4, 0xE6, 0xB9, 0x25, 0x11, 0x30, 0x81, 0x9E, 0x5B, 0x76, 0x11, 0xB1, 0x31, 0x53, 0xD4,
    0x9D, 0x38, 0x88, 0x24, 0xDC, 0xFC, 0x35, 0x98, 0x58, 0x5E, 0x95, 0xEB, 0xB2, 0x4C, 0x45, 0x27,
    0xA2, 0x6E, 0x67, 0xDE, 0x2E, 0x67, 0xDD, 0x7A, 0x10, 0x14, 0xF3, 0xE6, 0x17, 0x4A, 0x57, 0x03,
    0xDE, 0x4A, 0x72, 0x83, 0xB8, 0x6E, 0x3D, 0x0A, 0xDC, 0x77, 0x91, 0x4B, 0x00, 0x01, 0x9C, 0x6B,
    0x75, 0x92, 0xAA, 0x52, 0xEA, 0x4B, 0x2A, 0xBE, 0x5B, 0xA9, 0xD4, 0xB8, 0xA5, 0xCD, 0xE0, 0x54,
    0x6A, 0x80, 0xEF, 0x6B, 0x95, 0x8D, 0x7E, 0xA5, 0xD3, 0xC7, 0x1F, 0x6B, 0x94, 0xCB, 0xE6, 0x09,
    0xFA, 0xC6, 0x8B, 0xFB, 0x1C, 0xEF, 0xD1, 0x9B, 0xB7, 0x17, 0xE6, 0x0E, 0x75, 0x83, 0x6B, 0x69,
    0xCE, 0xEF, 0x23, 0xB8, 0xF8, 0x0C, 0xAF, 0x5A, 0xA1, 0xDD, 0xEB, 0x72, 0x4E, 0x6A, 0x69, 0x65,
    0xF3, 0x49, 0x12, 0x87, 0x39, 0xC5, 0xEF, 0x69, 0x24, 0x33, 0xDF, 0x76, 0xBA, 0x76, 0xB2, 0x98,
    0x2E, 0xF9, 0x7A, 0x17, 0x9F, 0x53, 0x2A, 0x5E, 0x59, 0x45, 0x0E, 0x9A, 0x89, 0x74, 0xC8, 0x2A,
    0xAE, 0xA3, 0xC8, 0x32, 0xF9, 0x60, 0x8B, 0x8C, 0x88, 0x1F, 0x80, 0x65, 0x2F, 0x77, 0x14, 0xB2,
    0x69, 0x21, 0x99, 0x16, 0x72, 0x69, 0xC9, 0x54, 0x9A, 0x4C, 0x7A, 0x47, 0x22, 0x1D, 0x33, 0xF5,
    0xF5, 0xC0, 0x94, 0xD9, 0x70, 0x66, 0xC8, 0x33, 0x1C, 0x0D, 0x67, 0x9F, 0xDB, 0x9D, 0xC4, 0xDC,
    0x42, 0xE6, 0xCE, 0x99, 0x3A, 0x1B, 0x73, 0x26, 0x71, 0x36, 0xDE, 0x6C, 0xB4, 0x19, 0xAC, 0x79,
    0x09, 0xDE, 0x94, 0x09, 0x53, 0xEB, 0xA2, 0x0D, 0x1A, 0x72, 0x8E, 0xD5, 0x38, 0x5F, 0x0E, 0x48,
    0x72, 0xC1, 0xA4, 0x33, 0xF5, 0x25, 0x0B, 0xF6, 0x1D, 0x00, 0x4E, 0x31, 0x69, 0x32, 0xE9, 0x72,
    0x7B, 0x04, 0xB5, 0x41, 0x1B, 0x49, 0x9F, 0x79, 0x33, 0x7F, 0xC6, 0x06, 0x48, 0x9D, 0xD9, 0x28,
    0xC7, 0x24, 0xF8, 0xDB, 0xD3, 0x93, 0x30, 0x07, 0x59, 0xEA, 0xE7, 0x23, 0x75, 0xC8, 0x7E, 0x8A,
    0xD3, 0xC6, 0xF6, 0xD8, 0xBB, 0x0B, 0x79, 0xB5, 0x56, 0x59, 0x34, 0x64, 0xD7, 0x51, 0x96, 0x99,
    0xEC, 0x2E, 0x8E, 0x45, 0xAC, 0x8D, 0xAA, 0x05, 0xCE, 0xCF, 0x4D, 0x73, 0x44, 0xA5, 0x9D, 0x6A,
    0xDA, 0x13, 0x69, 0xE3, 0xD1, 0xAF, 0x90, 0x26, 0xF9, 0xAA, 0xC6, 0x0D, 0x7F, 0x4E, 0x9C, 0x6D,
    0x9D, 0x18, 0xFB, 0xB3, 0x69, 0x32, 0x2B, 0x5E, 0x7F, 0xA6, 0xC9, 0x90, 0xFC, 0x9A, 0xFC, 0x98,
    0xE8, 0x1E, 0x1A, 0x79, 0x7F, 0x43, 0x0C, 0x3E, 0xC9, 0x92, 0x68, 0x94, 0x5A, 0xC1, 0xA8, 0x8D,
    0x50, 0x1B, 0x9F, 0x6E, 0x35, 0xCE, 0x44, 0x9D, 0x85, 0x95, 0xB1, 0xE8, 0x20, 0x74, 0x95, 0x66,
    0xE2, 0x83, 0x22, 0x9E, 0x76, 0xB3, 0x1C, 0x1C, 0xBE, 0xC7, 0xAF, 0x46, 0x43, 0x2B, 0xB2, 0xAE,
    0x9E, 0x9D, 0xD0, 0x07, 0x3D, 0xC2, 0x0D, 0xF1, 0xAC, 0x3C, 0xFD, 0xDD, 0x1B, 0x8A, 0x7D, 0xDF,
    0xEF, 0x4E, 0x65, 0xA4, 0xF0, 0x81, 0xE2, 0x43, 0xA2, 0x5C, 0x23, 0x0E, 0x8F, 0xA9, 0xD9, 0x44,
    0xCC, 0xED, 0x47, 0x35, 0xBF, 0x95, 0xE3, 0xD7, 0x9B, 0xEA, 0xA4, 0x1B, 0xEF, 0x92, 0x50, 0x0E,
    0xD9, 0x08, 0xFE, 0x9D, 0xF9, 0x3A, 0xB7, 0xD2, 0xB9, 0x79, 0x3F, 0xB8, 0xD7, 0x78, 0xB4, 0xE8,
    0x69, 0x37, 0xDE, 0x46, 0x3C, 0xBE, 0xFA, 0x53, 0xA6, 0x49, 0x1D, 0xBF, 0xDF, 0x2F, 0x82, 0x07,
    0x34, 0xD2, 0xCC, 0x78, 0x86, 0xEB, 0xEA, 0xC7, 0xDF, 0xB9, 0xF1, 0x16, 0x2F, 0xDA, 0x7E, 0x5E,
    0x59, 0xB4, 0x99, 0xA2, 0x34, 0x1A, 0x1B, 0xBF, 0x0F, 0x33, 0xAF, 0xDE, 0xEE, 0x99, 0xBC, 0xEB,
    0x80, 0x16, 0x72, 0xAD, 0x4F, 0xFA, 0xB2, 0x49, 0xA7, 0xC7, 0xE2, 0x73, 0x51, 0xFC, 0x67, 0x6D,
    0x92, 0x0B, 0x60, 0xEC, 0xFF, 0x9F, 0xC9, 0x7B, 0x91, 0xA1, 0x02, 0x34, 0xAF, 0x1E, 0xFE, 0x4E,
    0x1B, 0x55, 0x35, 0x80, 0x2F, 0x55, 0xB5, 0xB1, 0x50, 0xF1, 0x19, 0xD6, 0x83, 0x94, 0xA9, 0x44,
    0xD7, 0xE9, 0xCB, 0x6A, 0x95, 0x9B, 0x47, 0x35, 0xCE, 0x84, 0x69, 0xCE, 0x4A, 0xE2, 0x08, 0x59,
    0x8E, 0xAE, 0x83, 0x18, 0x28, 0x24, 0x15, 0xF1, 0xB4, 0xD2, 0x0E, 0x39, 0x3C, 0xBC, 0xCA, 0x57,
    0x35, 0x60, 0xF9, 0xFD, 0x72, 0x2B, 0xCB, 0x61, 0x1D, 0xF3, 0x7B, 0x2E, 0x50, 0x93, 0x5F, 0x2E,
    0x9A, 0xE3, 0x63, 0x21, 0xA6, 0xF5, 0x99, 0xD8, 0xCA, 0xBE, 0x14, 0xDD, 0x1D, 0x0A, 0x1E, 0x2C,
    0xE1, 0x65, 0x99, 0x84, 0xC7, 0xC4, 0x06, 0x72, 0xD5, 0x76, 0x45, 0xBC, 0xA0, 0x41, 0xD1, 0x1F,
    0x1F, 0x13, 0x9C, 0x7B, 0x93, 0xEC, 0xD7, 0xFE, 0x93, 0xFB, 0x96, 0xB5, 0x4E, 0x25, 0xED, 0x2B,
    0xBC, 0xF7, 0xB3, 0x5F, 0xB0, 0x72, 0x5B, 0x83, 0xA0, 0xB2, 0xFC, 0xCA, 0x2A, 0xC5, 0xA7, 0x1A,
    0xE4, 0x06, 0x5E, 0xEB, 0x13, 0x0D, 0xF2, 0x04, 0x2A, 0xCF, 0xA9, 0x05, 0x10, 0x0B, 0xAB, 0xBC,
    0x6E, 0x15, 0x44, 0x79, 0xBE, 0x3C, 0xAC, 0x60, 0x9C, 0x42, 0x55, 0x03, 0xCC, 0x83, 0x4A, 0x05,
    0xCB, 0xD8, 0x3D, 0x8E, 0x5F, 0xD0, 0xC4, 0x56, 0xF1, 0xD3, 0xE4, 0x67, 0xE5, 0x86, 0xD8, 0x3D,
    0x89, 0x95, 0x52, 0x8A, 0xC8, 0xCA, 0xC6, 0x2A, 0xE2, 0xC5, 0xE5, 0x8A, 0x8A, 0x6A, 0xA5, 0x28,
    0x47, 0x15, 0x92, 0x98, 0x41, 0x28, 0x46, 0xB1, 0xBF, 0xAC, 0x30, 0x85, 0x75, 0x86, 0xC9, 0xA5,
    0x8F, 0x75, 0xE0, 0x6B, 0x33, 0xE1, 0xEA, 0x74, 0xD7, 0x6E, 0x27, 0x63, 0x80, 0x5C, 0xE5, 0xBC,
    0x5A, 0x47, 0x83, 0x6C, 0x7A, 0x9A, 0xA4, 0x4C, 0x30, 0x8A, 0x22, 0x20, 0xA3, 0x10, 0x30, 0xCC,
    0xE1, 0xE1, 0x35, 0x9A, 0x46, 0xB2, 0x71, 0x84, 0xE6, 0xA9, 0x20, 0x9C, 0x06, 0xF9, 0x15, 0x4C,
    0xB4, 0x95, 0xE8, 0xFB, 0xBA, 0x1D, 0x5E, 0x8A, 0x1B, 0x1D, 0x36, 0x8A, 0xD0, 0x3D, 0xB4, 0x20,
    0xF2, 0xA4, 0x58, 0x84, 0xDE, 0xCC, 0xD3, 0x67, 0x6D, 0x54, 0x52, 0xF7, 0x85, 0x6E, 0x17, 0x1A,
    0x48, 0x22, 0x45, 0x7C, 0x26, 0xA9, 0x1C, 0xC4, 0xCF, 0x58, 0xFC, 0xC5, 0xCF, 0xB1, 0xBF, 0x03,
    0x37, 0x3A, 0x4C, 0xE8, 0x75, 0xF4, 0x09, 0x24, 0x87, 0x6B, 0xF2, 0x2E, 0x63, 0x99, 0x16, 0xAA,
    0xEA, 0x46, 0xE0, 0x8A, 0xB1, 0xFF, 0x65, 0x4E, 0x9C, 0xB5, 0x3D, 0xB0, 0x54, 0x25, 0x67, 0xD7,
    0xC1, 0x36, 0x5B, 0x88, 0x6A, 0x52, 0x96, 0x8B, 0xD2, 0x6A, 0xDB, 0x17, 0xAA, 0xB7, 0x7A, 0x97,
    0x5C, 0x7A, 0xD7, 0x75, 0xAB, 0x41, 0x36, 0xB1, 0x18, 0x01, 0x9A, 0xA1, 0xEC, 0xA6, 0x3F, 0x1D,
    0x12, 0xD6, 0xAB, 0xF1, 0x4A, 0x6F, 0xFB, 0x16, 0x9A, 0xE2, 0x12, 0xEB, 0x08, 0xAA, 0xEF, 0x02,
    0x54, 0x38, 0x1E, 0x96, 0x78, 0x1E, 0xEC, 0xBE, 0x6B, 0x83, 0xF8, 0x9D, 0x8A, 0x6A, 0xCA, 0x50,
    0x49, 0x1B, 0xEA, 0x1D, 0x54, 0xAF, 0x9A, 0xD3, 0xE1, 0x64, 0xCC, 0xD7, 0x27, 0x4C, 0x9C, 0x4A,
    0xCA, 0xF6, 0xBC, 0x06, 0x0B, 0x70, 0xCE, 0x69, 0xF3, 0x23, 0xD7, 0xE8, 0x99, 0x17, 0x2F, 0x1F,
    0x69, 0x14, 0xDA, 0x4D, 0x88, 0x47, 0x50, 0xA3, 0xDB, 0x92, 0xE8, 0x46, 0xE0, 0x43, 0x68, 0x94,
    0xA1, 0x30, 0x06, 0xC2, 0x2C, 0x0C, 0x56, 0xE7, 0xD0, 0x04, 0x17, 0xBC, 0xE3, 0xD7, 0xB7, 0x6C,
    0x00, 0x7E, 0xAB, 0x8D, 0xD4, 0xA1, 0xEE, 0x9E, 0x52, 0x74, 0x18, 0x4D, 0x8D, 0x95, 0xE9, 0xFB,
    0x48, 0xE1, 0x8C, 0x52, 0x98, 0xCA, 0x4D, 0xE7, 0xF7, 0x55, 0xBA, 0x78, 0xD5, 0xE7, 0x75, 0x84,
    0x78, 0x7B, 0x12, 0x08, 0x36, 0x59, 0x82, 0x55, 0x2B, 0x8A, 0x24, 0x10, 0x45, 0x47, 0xE1, 0xB6,
    0x14, 0xBE, 0xA2, 0x60, 0x63, 0x4A, 0x76, 0x2E, 0xFA, 0x97, 0x2C, 0x74, 0xCC, 0x42, 0x29, 0x6E,
    0x6B, 0x80, 0xF8, 0x42, 0xF3, 0xEF, 0x34, 0x52, 0xD4, 0x89, 0xC2, 0x0F, 0x14, 0x4E, 0x4D, 0x34,
    0x10, 0x39, 0x0A, 0x15, 0x17, 0xDA, 0x31, 0x50, 0xD5, 0xE6, 0x58, 0x55, 0xA9, 0x8D, 0x9C, 0x97,
    0xB3, 0x8D, 0x20, 0x8D, 0x32, 0xE1, 0x3A, 0x66, 0xF7, 0x83, 0xCF, 0x34, 0x02, 0xBE, 0x43, 0x0E,
    0x91, 0x6F, 0xCE, 0xED, 0xE6, 0x0A, 0xB1, 0x78, 0x00, 0xFE, 0x5A, 0xF5, 0x08, 0x1B, 0x1F, 0x89,
    0x0D, 0x70, 0x94, 0x09, 0xDF, 0xEA, 0x81, 0x6F, 0x47, 0xE0, 0x15, 0xA2, 0xF6, 0xC4, 0x01, 0x78,
    0x53, 0x79, 0x8F, 0xE2, 0xFE, 0x37, 0x99, 0x1D, 0x6C, 0x34, 0x02, 0xEB, 0xEC, 0x62, 0x8D, 0xC2,
    0x88, 0x6C, 0x68, 0x35, 0x2D, 0x74, 0x7B, 0x42, 0x83, 0x5B, 0x46, 0x04, 0x7D, 0x05, 0x6C, 0x01,
    0x32, 0x12, 0x35, 0xE3, 0x97, 0xC0, 0x5A, 0x81, 0xE5, 0xF8, 0xED, 0xC7, 0xB8, 0x38, 0x76, 0x5D,
    0x60, 0x76, 0xDC, 0xBA, 0x65, 0xB5, 0x5B, 0x8D, 0x65, 0x3A, 0x56, 0xDA, 0xB0, 0xF3, 0xE1, 0x4E,
    0x64, 0x79, 0x4C, 0x94, 0xDC, 0x9A, 0x83, 0x62, 0x35, 0x91, 0xE3, 0x52, 0xFC, 0xF6, 0x01, 0x8A,
    0xB7, 0xE3, 0x23, 0x0C, 0x83, 0x32, 0xF4, 0xB8, 0xB1, 0x30, 0xE8, 0xDD, 0x41, 0x47, 0x4B, 0xB8,
    0xCF, 0x41, 0x5C, 0x23, 0x09, 0x5E, 0x41, 0x37, 0x01, 0x9F, 0xC4, 0x87, 0x0C, 0xE6, 0x66, 0x82,
    0xD4, 0x03, 0x06, 0x91, 0x83, 0xF7, 0x51, 0xCD, 0x73, 0x86, 0x5E, 0xA2, 0xEF, 0xCE, 0x02, 0x6A,
    0x80, 0x12, 0x2A, 0xF1, 0x51, 0x03, 0x5F, 0x7A, 0xA9, 0x01, 0x6B, 0x24, 0xD3, 0xE4, 0x22, 0x67,
    0x2E, 0x3F, 0x64, 0xAC, 0xD6, 0x3A, 0xD9, 0x00, 0x82, 0xD5, 0xD8, 0xC9, 0x45, 0x12, 0x27, 0x45,
    0x9C, 0xC0, 0x85, 0x7B, 0x3A, 0xB9, 0x06, 0x94, 0x39, 0x6D, 0x9C, 0x58, 0x15, 0x3B, 0x86, 0xB2,
    0x00, 0x48, 0x86, 0x2D, 0x61, 0x81, 0x3F, 0x3D, 0xA1, 0x59, 0x4C, 0x10, 0xC8, 0x85, 0xCA, 0x81,
    0x8C, 0x0A, 0x8B, 0xB6, 0xC8, 0x2B, 0x16, 0x83, 0x2F, 0x3F, 0xDD, 0xC7, 0xE0, 0xE5, 0x11, 0xC5,
    0xE0, 0xEF, 0xBD, 0xB6, 0x76, 0x05, 0x2E, 0x7F, 0xCC, 0x97, 0x72, 0x3B, 0xFC, 0xDF, 0xE1, 0x9D,
    0x07, 0x1D, 0xDE, 0xC9, 0xFA, 0x61, 0xC9, 0xB7, 0xB0, 0x64, 0xED, 0xB0, 0x58, 0x83, 0x2C, 0x8F,
    0xFD, 0x31, 0x9D, 0x5C, 0xBC, 0x6E, 0x21, 0xEC, 0x98, 0x8E, 0x95, 0x07, 0xD4, 0x1E, 0xA7, 0x63,
    0x3A, 0x2C, 0xE7, 0x49, 0x82, 0x49, 0x9D, 0x97, 0xD9, 0xA5, 0x18, 0xF6, 0xC9, 0xE2, 0xB2, 0x39,
    0x0D, 0x2E, 0xAE, 0xBD, 0x44, 0x1B, 0x6D, 0x0D, 0x2B, 0x18, 0xDC, 0xEF, 0x00, 0xCD, 0xC9, 0x72,
    0x71, 0xBD, 0xEA, 0x73, 0x5C, 0xE4, 0x51, 0x7B, 0x8B, 0x35, 0x3A, 0xAC, 0x16, 0x6D, 0xA0, 0xBD,
    0xFF, 0xFB, 0xDA, 0xAD, 0xC3, 0xF7, 0x87, 0xB3, 0x88, 0x13, 0xE8, 0x54, 0x06, 0xAE, 0xD5, 0xAC,
    0x9D, 0x69, 0xC7, 0x4B, 0x76, 0x9F, 0x4F, 0xF2, 0x8D, 0x6B, 0xFB, 0xE9, 0xEB, 0x3B, 0x2E, 0x64,
    0x8C, 0x95, 0xD1, 0xD9, 0x15, 0x68, 0x04, 0xB5, 0x06, 0x36, 0x15, 0x2B, 0x34, 0x11, 0x8B, 0x1F,
    0x10, 0xFF, 0xAD, 0xC7, 0x92, 0xBB, 0x5D, 0x3D, 0xD1, 0x6E, 0x78, 0xC0, 0xBA, 0x2B, 0x14, 0xB3,
    0x01, 0x7B, 0x87, 0x8F, 0xE4, 0xD9, 0x1D, 0xB1, 0x37, 0xD4, 0x86, 0x58, 0x89, 0x61, 0x47, 0x8C,
    0xC0, 0x9A, 0xD8, 0xEE, 0x80, 0x1A, 0x26, 0x5C, 0x6A, 0x33, 0x61, 0xA1, 0x8C, 0x1A, 0x0E, 0x40,
    0xDF, 0x01, 0x39, 0xAB, 0x5E, 0xE0, 0xAA, 0xAD, 0x1D, 0x70, 0x9C, 0x39, 0xD1, 0xD5, 0xFD, 0xD0,
    0xCE, 0x29, 0xB5, 0x3A, 0x10, 0x47, 0x8E, 0xA4, 0xC3, 0x46, 0x6C, 0xBE, 0x58, 0x58, 0x74, 0x1E,
    0x4F, 0x1A, 0xED, 0x2D, 0xE5, 0xEE, 0x62, 0x07, 0x58, 0xEC, 0xF8, 0x8A, 0x1D, 0x5E, 0x11, 0x3B,
    0xBA, 0xA2, 0x63, 0x16, 0x6A, 0x22, 0x40, 0xF4, 0xBA, 0xA3, 0x68, 0x3B, 0x0A, 0x9F, 0x28, 0x9C,
    0x52, 0xF0, 0xA8, 0x8A, 0x40, 0x3B, 0x10, 0xA2, 0x91, 0xA2, 0xEE, 0x29, 0x36, 0x03, 0x85, 0x53,
    0x8A, 0x22, 0x8B, 0x45, 0x16, 0x62, 0xC2, 0x27, 0xB1, 0x63, 0x29, 0x76, 0x28, 0xC5, 0x8E, 0xA4,
    0xC8, 0xB9, 0xEB, 0xFB, 0x30, 0x99, 0xF9, 0x43, 0x1A, 0xF6, 0x31, 0xEF, 0x3B, 0x62, 0x97, 0x97,
    0xED, 0xE0, 0xC8, 0x84, 0xF8, 0x79, 0x3E, 0x34, 0xC2, 0x23, 0x23, 0x13, 0x86, 0x92, 0xE8, 0x80,
    0xCD, 0x37, 0xC2, 0xE0, 0x8C, 0x7E, 0x6C, 0x33, 0xEE, 0x4F, 0x80, 0xB4, 0x39, 0x3C, 0x6D, 0x84,
    0xB0, 0xA7, 0x38, 0x53, 0xCD, 0xFF, 0xB2, 0xF9, 0x74, 0x21, 0xCF, 0xFF, 0xD7, 0xD6, 0x61, 0x26,
    0x7C, 0xCB, 0x5B, 0x4B, 0x95, 0x99, 0xF0, 0x59, 0x58, 0x9C, 0x2F, 0x29, 0xEF, 0xEC, 0xF9, 0xD0,
    0x65, 0xAC, 0x67, 0x71, 0xBE, 0xD5, 0x8E, 0x9D, 0xC0, 0xF9, 0x72, 0x0A, 0xAA, 0x6A, 0x53, 0xB9,
    0x7B, 0x03, 0x7C, 0x58, 0xD0, 0x02, 0x04, 0x17, 0xF4, 0x6E, 0x1F, 0xD9, 0x8B, 0xF7, 0x8F, 0xEC,
    0xD1, 0x1C, 0x36, 0xA4, 0xB4, 0x32, 0x7F, 0x76, 0x51, 0xA1, 0x07, 0x7C, 0x22, 0x3E, 0xF3, 0x2F,
    0x04, 0x91, 0x67, 0x8B, 0x09, 0x2E, 0x00, 0xFC, 0x3B, 0xC1, 0x88, 0xF1, 0xE2, 0xDA, 0xBF, 0x09,
    0xF4, 0x25, 0x04, 0xFA, 0xFA, 0x47, 0x1A, 0xE8, 0x93, 0xF3, 0xD7, 0x28, 0xAC, 0xAF, 0xF3, 0x6C,
    0xF6, 0x52, 0x81, 0x7B, 0x3B, 0x90, 0x09, 0x7D, 0xBF, 0x62, 0x80, 0x5C, 0x22, 0x6C, 0x09, 0xB1,
    0xA9, 0x34, 0x4B, 0xD9, 0x36, 0x14, 0x1F, 0xC8, 0x09, 0x0D, 0x0C, 0x9A, 0x37, 0xD0, 0x46, 0x33,
    0xAA, 0xED, 0xA5, 0x24, 0x0D, 0xDC, 0x4D, 0x67, 0xA5, 0x24, 0x4B, 0xFD, 0x90, 0x3A, 0x4C, 0x60,
    0xA9, 0x8E, 0x2C, 0x75, 0x49, 0x96, 0x5A, 0x28, 0xBC, 0x81, 0xB5, 0x82, 0xA5, 0xBA, 0x1A, 0xCB,
    0x97, 0x27, 0x4B, 0xBD, 0x40, 0x96, 0x9A, 0xC8, 0x46, 0x23, 0xB0, 0x88, 0xE0, 0xA7, 0xAB, 0x00,
    0x74, 0x0D, 0x3E, 0x29, 0xC9, 0x52, 0x2F, 0x92, 0xA5, 0xDE, 0x20, 0x4B, 0xED, 0xC1, 0x52, 0x35,
    0x92, 0xA5, 0x6E, 0xB9, 0xD6, 0x87, 0xBB, 0x59, 0x6A, 0x4D, 0x96, 0x9A, 0x98, 0x93, 0xB1, 0x9C,
    0xF9, 0x01, 0x13, 0xFD, 0x36, 0xA5, 0x2C, 0x77, 0x37, 0xEE, 0xD7, 0xB0, 0x05, 0x56, 0x30, 0x57,
    0xE1, 0x97, 0x8C, 0x87, 0x18, 0x21, 0xED, 0x97, 0x50, 0x79, 0x01, 0x70, 0xE0, 0x66, 0x25, 0x08,
    0xE9, 0x45, 0x70, 0xD1, 0x1B, 0x80, 0xAE, 0x8E, 0xF5, 0x57, 0x71, 0x82, 0x7F, 0x86, 0x36, 0x7A,
    0xAD, 0xDA, 0x9D, 0xD7, 0x39, 0x21, 0x65, 0x53, 0x80, 0x9D, 0xB8, 0x8F, 0x2E, 0xC3, 0x4F, 0x44,
    0x39, 0x3C, 0xE0, 0x8C, 0xD1, 0x3F, 0x26, 0x08, 0xFF, 0xF1, 0x08, 0xE1, 0x62, 0x2B, 0x24, 0x65,
    0x9B, 0x3C, 0xDC, 0xD6, 0xE1, 0xB4, 0xE6, 0x85, 0x5E, 0x7D, 0xF3, 0xBA, 0x88, 0xFF, 0x42, 0xF1,
    0x4E, 0x5A, 0xC9, 0xAA, 0xF7, 0x68, 0x04, 0x11, 0x83, 0x8B, 0x45, 0x3C, 0xCE, 0x24, 0xC4, 0xE2,
    0xEA, 0x5C, 0x4F, 0x6D, 0xD6, 0x8C, 0xB6, 0x79, 0x15, 0x2F, 0x22, 0xC4, 0x6E, 0x71, 0x7A, 0xD3,
    0x6F, 0x5C, 0xE4, 0x4B, 0xAD, 0xD0, 0x50, 0xB0, 0xF0, 0x4A, 0xBF, 0x8C, 0xB2, 0x88, 0xD2, 0x1D,
    0x9F, 0x9A, 0xCF, 0x5E, 0x3F, 0xDF, 0x80, 0x25, 0x78, 0xBA, 0xDB, 0x74, 0x89, 0xEB, 0xB7, 0x18,
    0x49, 0x08, 0x43, 0xDE, 0x20, 0xEF, 0x09, 0xCF, 0xEA, 0x98, 0x11, 0x7C, 0xF3, 0xE7, 0x74, 0xEB,
    0xE5, 0x0D, 0xE2, 0x45, 0xA2, 0x27, 0x3E, 0x49, 0x94, 0x39, 0xD2, 0x97, 0x6D, 0x26, 0x54, 0xDD,
    0x12, 0x83, 0x7D, 0xFE, 0x9F, 0xD0, 0x85, 0x39, 0xDA, 0x81, 0x75, 0x2E, 0xAB, 0x19, 0xF3, 0x68,
    0xFD, 0x54, 0xB1, 0x28, 0xAB, 0xE4, 0xD1, 0xBA, 0x48, 0x08, 0xE7, 0xBC, 0x51, 0xC4, 0xFD, 0xA2,
    0x4C, 0x25, 0x67, 0x67, 0xD1, 0x0D, 0x6E, 0x90, 0xB2, 0x67, 0xF0, 0xC3, 0xA0, 0xA9, 0xE3, 0x72,
    0x02, 0x74, 0xA9, 0x25, 0xDC, 0x3A, 0x3C, 0xAC, 0x5A, 0xEA, 0x02, 0xE0, 0x09, 0xBD, 0x1C, 0x80,
    0xCE, 0x96, 0xE2, 0xF4, 0xB7, 0xCA, 0xA8, 0xD7, 0xFC, 0x1C, 0x9C, 0x9C, 0xDB, 0x1F, 0x82, 0x5E,
    0x29, 0xC7, 0xCC, 0x6D, 0x26, 0x91, 0x2A, 0x3F, 0xE1, 0x46, 0xDC, 0xC9, 0x56, 0xA3, 0x8D, 0x46,
    0x35, 0x45, 0x89, 0xB6, 0x11, 0x3B, 0x2E, 0x47, 0xE3, 0x31, 0xAA, 0xF1, 0xFC, 0x9B, 0xEF, 0x89,
    0xFF, 0xBB, 0x8A, 0xEB, 0xDA, 0xA6, 0x48, 0x9B, 0x20, 0xE3, 0x3A, 0x8A, 0x5F, 0xEE, 0x27, 0xB9,
    0xEA, 0xC8, 0x6B, 0xCD, 0x6E, 0x54, 0x8F, 0xE4, 0x62, 0xFC, 0x48, 0x07, 0xB4, 0x7B, 0xF4, 0xFC,
    0x68, 0xCF, 0x1F, 0xEE, 0x7A, 0x7E, 0x0B, 0x7A, 0xA2, 0x0D, 0x63, 0x8F, 0xC5, 0xD7, 0xBB, 0xF8,
    0x9C, 0x5A, 0x93, 0xB4, 0xD3, 0xF5, 0x83, 0xCC, 0x14, 0xD7, 0x08, 0x9D, 0xDE, 0x1E, 0x65, 0x53,
    0x79, 0xF9, 0x89, 0x94, 0xC7, 0x76, 0xD6, 0x56, 0x5E, 0x86, 0x06, 0xBD, 0xC6, 0xFA, 0x66, 0x97,
    0x24, 0xF5, 0xF2, 0xDA, 0xD1, 0xEB, 0xB5, 0xDA, 0xAC, 0xB4, 0x29, 0x1E, 0xE2, 0xBF, 0x95, 0x86,
    0x5A, 0x53, 0xAB, 0xC9, 0x76, 0x44, 0x7D, 0x9B, 0xDB, 0xF3, 0x27, 0xE4, 0xEB, 0x51, 0xB9, 0x1B,
    0xFA, 0x60, 0x9B, 0xE1, 0xC9, 0x3F, 0x51, 0x0B, 0xDB, 0xD3, 0xF8, 0xB4, 0xBE, 0xD0, 0xFC, 0xB4,
    0x3F, 0x07, 0xC0, 0xF1, 0x9D, 0xA8, 0x95, 0xB3, 0x57, 0xF7, 0x87, 0x91, 0x95, 0xDC, 0xC1, 0xFC,
    0xDE, 0xF5, 0x76, 0xC2, 0x50, 0x6C, 0x4F, 0x81, 0x32, 0x45, 0xAE, 0x1D, 0xB1, 0x1C, 0x7C, 0xD8,
    0xDE, 0x8C, 0x22, 0x69, 0xD1, 0x89, 0x44, 0xE9, 0x8F, 0x4F, 0x99, 0xCB, 0xEB, 0xE7, 0xAF, 0xC2,
    0xEB, 0xDD, 0x90, 0x86, 0xB9, 0x9E, 0xE3, 0x93, 0x8B, 0xF3, 0x56, 0xB9, 0xE5, 0x6F, 0xEE, 0xF3,
    0x3F, 0x8D, 0x5A, 0x48, 0x75, 0xA9, 0x9F, 0xD7, 0x0C, 0x57, 0xAD, 0xB5, 0xB2, 0x70, 0xAA, 0x1A,
    0x2E, 0x67, 0x58, 0x18, 0x36, 0xBC, 0x53, 0x44, 0xFF, 0xDA, 0xA6, 0xBB, 0x17, 0x67, 0xDD, 0x01,
    0xDB, 0x08, 0xF4, 0x09, 0xB8, 0x19, 0x80, 0x4E, 0x81, 0x58, 0x4B, 0x2C, 0xE6, 0x19, 0x17, 0x0C,
    0x6F, 0x4A, 0xAB, 0xC0, 0xB5, 0x9E, 0xFF, 0xCD, 0xA1, 0xC8, 0x86, 0x63, 0xB2, 0xAB, 0x03, 0xC6,
    0xE4, 0x56, 0x64, 0x44, 0xF6, 0x77, 0x03, 0x5D, 0x5A, 0xB9, 0x24, 0x7E, 0x74, 0x0A, 0xE2, 0x0E,
    0xB3, 0xD7, 0x08, 0x9C, 0x44, 0xC0, 0xB6, 0xAE, 0x0A, 0x0D, 0x3F, 0x95, 0x09, 0x18, 0x1C, 0x79,
    0x48, 0x08, 0x74, 0x6D, 0x08, 0x1C, 0x8E, 0x15, 0xB0, 0x25, 0x71, 0x53, 0x65, 0xD2, 0x56, 0x2B,
    0x7A, 0x46, 0x61, 0xC2, 0x66, 0x15, 0x4E, 0xB4, 0x06, 0xEF, 0xBB, 0xB1, 0xF5, 0xB6, 0xB1, 0x1D,
    0x8F, 0x06, 0xB9, 0xB0, 0x98, 0x4B, 0xCD, 0x95, 0x91, 0x51, 0xAA, 0xE4, 0xA9, 0xB8, 0xC1, 0xD2,
    0xE2, 0xCB, 0xD3, 0x7E, 0xB4, 0xF0, 0xE0, 0xDA, 0xAB, 0x48, 0x84, 0xF3, 0xB5, 0x8A, 0x91, 0x0C,
    0x59, 0x57, 0x8C, 0x8D, 0x7E, 0xC4, 0xB8, 0x40, 0x78, 0xFD, 0x04, 0x9C, 0xBC, 0x7E, 0x99, 0x68,
    0xC7, 0x75, 0xBD, 0x25, 0xEA, 0x6F, 0x76, 0x10, 0x49, 0x12, 0x44, 0x27, 0x37, 0x4E, 0xFD, 0xE9,
    0xEA, 0x73, 0x15, 0x50, 0x3B, 0xCE, 0xD8, 0x81, 0x54, 0x48, 0x81, 0x61, 0x53, 0x4D, 0x28, 0xAE,
    0xFA, 0xEE, 0x0D, 0xC1, 0xE9, 0xB8, 0xB5, 0x95, 0xBF, 0xC7, 0xD4, 0xDB, 0x15, 0x13, 0x84, 0x85,
    0x4A, 0x1D, 0x64, 0x94, 0x7A, 0x27, 0xEF, 0x4A, 0xCD, 0xE1, 0x33, 0x02, 0xF0, 0x7E, 0xCE, 0xF2,
    0x5F, 0xCC, 0x45, 0x27, 0xFE, 0x6D, 0xA7, 0x2B, 0xE0, 0xCC, 0x9C, 0x91, 0x85, 0x65, 0x37, 0x15,
    0xE1, 0x01, 0xAD, 0x00, 0x41, 0xB4, 0xAA, 0x99, 0x13, 0x50, 0xED, 0x41, 0x91, 0x1A, 0xDB, 0x9E,
    0x58, 0x5C, 0x04, 0x40, 0x73, 0x9B, 0xA3, 0xCC, 0xEA, 0x45, 0x7C, 0xF1, 0x84, 0xC5, 0x20, 0x11,
    0x56, 0x2E, 0x15, 0xA9, 0x52, 0x1F, 0xDA, 0xAA, 0x0C, 0xDA, 0xB8, 0x86, 0xBB, 0xD9, 0x88, 0x2E,
    0x75, 0x68, 0x15, 0x8D, 0x06, 0x6E, 0x38, 0x4B, 0x8D, 0xCF, 0x8A, 0x8F, 0x83, 0xB8, 0x38, 0x92,
    0x3A, 0xFB, 0x50, 0xAB, 0x56, 0x25, 0xBA, 0xCA, 0x24, 0x95, 0x1D, 0xF2, 0xAF, 0x2B, 0xE6, 0xDC,
    0x39, 0xDC, 0xFA, 0x1C, 0xE0, 0x68, 0x15, 0xAB, 0x5D, 0x46, 0x7D, 0x51, 0xFF, 0x71, 0x65, 0x9B,
    0xB0, 0xB1, 0x12, 0x8B, 0x5D, 0xC6, 0x3F, 0x4C, 0xB8, 0xCC, 0xF9, 0x25, 0x79, 0x84, 0x18, 0x8F,
    0xD0, 0xAB, 0x06, 0xC3, 0x3B, 0x8B, 0x0F, 0xC4, 0x06, 0xD8, 0x02, 0x64, 0x20, 0xF6, 0x44, 0x6A,
    0xD3, 0x57, 0xF9, 0x6A, 0x11, 0xFB, 0xAA, 0xA4, 0x54, 0xD2, 0x80, 0xE6, 0x47, 0xFA, 0x65, 0xF5,
    0xF5, 0xBC, 0xF1, 0x20, 0x4B, 0xFD, 0x5B, 0x23, 0x39, 0xEF, 0xD0, 0x1C, 0x0D, 0x97, 0xCD, 0x96,
    0xDD, 0xE0, 0x33, 0x6A, 0xD3, 0xDD, 0x91, 0x19, 0x5B, 0x04, 0xBD, 0x41, 0x0A, 0x36, 0x69, 0xA5,
    0x8D, 0x8F, 0x18, 0x7C, 0x3B, 0xD1, 0x9D, 0xDF, 0x4E, 0xE0, 0x00, 0x62, 0x99, 0x24, 0x80, 0xE3,
    0xA0, 0xE9, 0xED, 0xA8, 0x80, 0xC7, 0x00, 0xFD, 0xE1, 0x6A, 0x9F, 0xDF, 0xA7, 0x2A, 0x32, 0x67,
    0xE9, 0x66, 0x60, 0x5F, 0xE8, 0x6E, 0xDE, 0x4A, 0x9D, 0x30, 0xF2, 0x76, 0x72, 0x56, 0x47, 0x73,
    0x73, 0x3C, 0x94, 0xFA, 0x7F, 0x72, 0x34, 0x7C, 0x54, 0x10, 0x97, 0xF3, 0xC1, 0xC7, 0xB6, 0xD9,
    0xA4, 0xBA, 0x2A, 0x93, 0x17, 0x97, 0x16, 0x42, 0x77, 0xAA, 0x03, 0x2F, 0x62, 0x9A, 0xAE, 0x1E,
    0x84, 0xAF, 0xBC, 0xF3, 0x51, 0xF8, 0x9D, 0x1B, 0x30, 0x69, 0x67, 0xD7, 0xC0, 0x28, 0x3F, 0x63,
    0x0A, 0x9C, 0x4B, 0xF2, 0x94, 0x76, 0x1C, 0x86, 0x1F, 0x56, 0xD9, 0xD9, 0x7A, 0x26, 0xDB, 0x25,
    0x41, 0xD8, 0x3F, 0x51, 0xE0, 0x68, 0x62, 0xCB, 0x7B, 0x48, 0xA1, 0xF7, 0x3B, 0x6A, 0x05, 0x2A,
    0x97, 0x45, 0x6F, 0x99, 0x2B, 0x4B, 0x0B, 0x3D, 0xBC, 0x60, 0x86, 0x0A, 0x62, 0x2A, 0x26, 0xEC,
    0xBB, 0x6F, 0x20, 0x16, 0xEC, 0xC4, 0x5D, 0x3D, 0x7B, 0xE4, 0x47, 0xAD, 0x2E, 0x03, 0x5F, 0x20,
    0x85, 0xAC, 0x99, 0xF1, 0xFA, 0x76, 0x73, 0x1D, 0xFF, 0x02, 0x9D, 0x94, 0x55, 0xBC, 0xE4, 0x48,
    0x15, 0xC6, 0xFF, 0x49, 0x66, 0x26, 0x70, 0x7B, 0x87, 0xC2, 0xD6, 0xA5, 0x70, 0x46, 0x7F, 0xC1,
    0xF5, 0x76, 0x57, 0xD6, 0x5E, 0xB0, 0x69, 0x46, 0x5E, 0x70, 0x77, 0x77, 0xB9, 0x97, 0x04, 0x7F,
    0x64, 0xFD, 0x95, 0xFB, 0x88, 0xBB, 0xD3, 0x43, 0x0A, 0x77, 0x08, 0xEE, 0x10, 0xDC, 0xA1, 0x80,
    0x3C, 0x64, 0x7F, 0x54, 0xE7, 0x6C, 0xAA, 0xBB, 0xEF, 0xBA, 0x7F, 0xDF, 0xA9, 0x53, 0xD2, 0x25,
    0x9D, 0x63, 0xFB, 0xB6, 0x30, 0x1D, 0xCA, 0x13, 0x0B, 0x14, 0x25, 0x23, 0x1B, 0xBF, 0x27, 0x4F,
    0x25, 0xAC, 0x64, 0x2E, 0x2C, 0x78, 0xE0, 0x3D, 0x39, 0x89, 0x58, 0x52, 0x71, 0xA8, 0xDF, 0x7B,
    0x4C, 0xDE, 0x33, 0x23, 0x83, 0x2D, 0x18, 0x49, 0xE4, 0xB4, 0xFC, 0xDD, 0x19, 0x91, 0x7A, 0x3C,
    0x12, 0xBB, 0x87, 0x1E, 0x11, 0xB7, 0x94, 0x63, 0x03, 0x64, 0x40, 0x25, 0xD2, 0xEF, 0x61, 0xCF,
    0x26, 0x9B, 0xE6, 0x32, 0x9F, 0x49, 0x37, 0x92, 0x26, 0x92, 0x5C, 0xE7, 0x55, 0x23, 0x4E, 0x9C,
    0xB1, 0x04, 0x98, 0xB3, 0x7D, 0xF5, 0xC5, 0x7E, 0x90, 0xE2, 0x6C, 0xBF, 0x83, 0xDB, 0xAF, 0x5D,
    0x50, 0xF9, 0xCB, 0xE5, 0x29, 0x86, 0x22, 0xF1, 0x69, 0x9D, 0xDA, 0x28, 0x87, 0xAC, 0xAB, 0xFA,
    0x56, 0x3B, 0xD5, 0xEA, 0xAA, 0xCF, 0x3A, 0x88, 0xDF, 0x7D, 0xDA, 0x05, 0x23, 0x6F, 0x6A, 0xE5,
    0x24, 0xCF, 0x3E, 0xDF, 0x63, 0x92, 0x8E, 0x59, 0x5A, 0xB3, 0x97, 0xB5, 0xDC, 0xE4, 0x05, 0xEA,
    0xB7, 0x73, 0x52, 0xE9, 0x88, 0xC5, 0x81, 0x58, 0xEE, 0xBC, 0x19, 0xB0, 0xE7, 0xE8, 0x89, 0xDE,
    0x6C, 0xF3, 0x19, 0xA7, 0x3E, 0xEF, 0x4D, 0xEF, 0xC2, 0xFC, 0x40, 0xD0, 0x4E, 0x48, 0x3B, 0x63,
    0x23, 0xAF, 0x6A, 0xDE, 0x90, 0x38, 0xEE, 0x0C, 0x42, 0x2C, 0x65, 0x2C, 0x39, 0xC2, 0x8C, 0x49,
    0xC1, 0xDC, 0x88, 0x57, 0xE2, 0x22, 0xC9, 0x79, 0x2E, 0xA9, 0xD4, 0x4A, 0xDA, 0x61, 0x65, 0xC2,
    0x6C, 0x83, 0x31, 0x2F, 0x49, 0x9D, 0xB6, 0xC3, 0x18, 0x41, 0xAC, 0x34, 0xD2, 0x18, 0xBB, 0x13,
    0x9D, 0x17, 0x4D, 0xE5, 0x0A, 0x67, 0x5C, 0xEA, 0x92, 0x46, 0xD9, 0x8A, 0x8E, 0x1C, 0x5D, 0x16,
    0xB5, 0x34, 0x52, 0x8B, 0xED, 0xD9, 0xC0, 0xA0, 0x9A, 0xD8, 0x71, 0xFB, 0x2C, 0x2F, 0xEA, 0xEB,
    0xEE, 0x0D, 0x1E, 0xF2, 0xA8, 0x39, 0xB1, 0x80, 0xB1, 0x8C, 0x2C, 0xEF, 0x29, 0x63, 0xB1, 0xC1,
    0x49, 0x1D, 0xA6, 0x66, 0x02, 0x34, 0x51, 0x53, 0x0D, 0x8C, 0x06, 0xC2, 0x87, 0xF8, 0x18, 0x61,
    0xF6, 0xB1, 0xA1, 0x87, 0x63, 0xC7, 0x72, 0x11, 0x3B, 0xC8, 0x89, 0x4F, 0xB6, 0x8C, 0xAE, 0x29,
    0xBB, 0x4A, 0x5D, 0x16, 0xCD, 0xF2, 0xC5, 0x51, 0x5D, 0x95, 0x1E, 0x88, 0xB2, 0xAA, 0x75, 0x5D,
    0xA1, 0xA3, 0x3C, 0xB1, 0x81, 0xC5, 0xDC, 0xF8, 0x13, 0x8F, 0x16, 0xF3, 0xFD, 0x7F, 0x49, 0xEC,
    0x36, 0xF7, 0xFF, 0xA5, 0x98, 0x9F, 0xFC, 0xC3, 0x30, 0xAA, 0xFA, 0xAA, 0xE7, 0x14, 0xC6, 0x4B,
    0x3E, 0xD0, 0x17, 0xDE, 0xB4, 0x6B, 0xE5, 0x3D, 0xD8, 0x58, 0xD1, 0x3C, 0xC1, 0xCC, 0xB5, 0x8F,
    0xB7, 0xC0, 0xD8, 0xE0, 0xEC, 0xCA, 0x65, 0xE5, 0xD5, 0x9D, 0x6D, 0x16, 0xCE, 0x8E, 0x72, 0xB3,
    0x72, 0x6D, 0x97, 0x15, 0x73, 0xDD, 0xEA, 0xC6, 0x58, 0x53, 0x1A, 0x66, 0x1C, 0x25, 0x62, 0x54,
    0xAA, 0x56, 0xCD, 0x11, 0xAA, 0xC7, 0x8A, 0x78, 0x71, 0x69, 0x63, 0xCA, 0x8A, 0x1E, 0x41, 0xFE,
    0x56, 0x88, 0x96, 0x3D, 0x9B, 0x01, 0x77, 0x96, 0x05, 0xFA, 0xF7, 0x54, 0x0E, 0x35, 0xC8, 0x05,
    0xEC, 0x7A, 0xC9, 0x43, 0x76, 0xBF, 0x62, 0xFD, 0x8C, 0x89, 0xCC, 0xF4, 0x6F, 0x5A, 0x60, 0xCA,
    0xCE, 0x39, 0x85, 0x79, 0x53, 0x70, 0x61, 0x2A, 0x75, 0x22, 0x96, 0x05, 0x16, 0xC6, 0xAC, 0x87,
    0xC5, 0xE1, 0xA7, 0x9E, 0x62, 0xD8, 0x06, 0x0C, 0x1E, 0x35, 0xF8, 0xA5, 0xBF, 0x13, 0x29, 0xB7,
    0x77, 0x96, 0x61, 0x9B, 0x74, 0x06, 0x3F, 0x6C, 0x60, 0x89, 0x91, 0x8F, 0x9B, 0x4C, 0xDE, 0xDE,
    0x18, 0x11, 0x7B, 0x3C, 0x93, 0xF2, 0x53, 0x49, 0x4F, 0x80, 0x88, 0x5B, 0xC9, 0x75, 0x5B, 0xC8,
    0x8D, 0x29, 0xC0, 0xD5, 0xE7, 0xD1, 0x05, 0xA0, 0xFA, 0xA4, 0x31, 0xF2, 0xEF, 0xBA, 0x10, 0xB1,
    0x33, 0x25, 0xF9, 0x33, 0x22, 0xCF, 0x30, 0xAE, 0x2B, 0x91, 0x26, 0xF4, 0x12, 0xE0, 0x96, 0xBA,
    0x0A, 0xBA, 0x81, 0x38, 0x07, 0x6D, 0x89, 0xC4, 0xA2, 0xE6, 0x50, 0x35, 0xA4, 0x3D, 0x18, 0x07,
    0x26, 0x87, 0xDB, 0x10, 0x10, 0x03, 0xA9, 0x05, 0x15, 0x5A, 0x0E, 0x19, 0x30, 0x01, 0x36, 0x00,
    0x0F, 0xB4, 0x10, 0x3B, 0x48, 0x9A, 0x5B, 0xB5, 0xCD, 0xAC, 0xB6, 0xCD, 0x56, 0xDB, 0xEE, 0x01,
    0xE4, 0x5D, 0xAF, 0x55, 0x36, 0x6F, 0x6B, 0xD2, 0xA5, 0x47, 0xE4, 0x3D, 0x32, 0xE0, 0x3D, 0xEF,
    0x79, 0xCF, 0xBE, 0xF7, 0xBC, 0xA7, 0x0C, 0xC6, 0x7A, 0x08, 0xF1, 0x95, 0x2D, 0xCC, 0x43, 0x53,
    0x3F, 0x70, 0x46, 0xFC, 0x43, 0xC6, 0x67, 0xBC, 0xE4, 0xC0, 0x6E, 0x02, 0xD6, 0xD7, 0x33, 0x3F,
    0x72, 0xCA, 0x99, 0xD9, 0x81, 0x3D, 0x30, 0xB2, 0xA6, 0x5C, 0x67, 0x8C, 0x41, 0xD9, 0xD4, 0x26,
    0x36, 0xB3, 0x13, 0x82, 0xE9, 0xB6, 0xCD, 0x08, 0x5C, 0x63, 0x7E, 0x73, 0xB2, 0xE7, 0x86, 0xCC,
    0xAE, 0x31, 0xD6, 0x34, 0xBA, 0x19, 0x5E, 0x29, 0x1F, 0xC2, 0x02, 0xAA, 0x06, 0xE5, 0x30, 0xFA,
    0xEF, 0x75, 0xF5, 0xCE, 0xEF, 0xBA, 0xEA, 0x83, 0x87, 0x9C, 0xC9, 0x46, 0x0D, 0x07, 0x41, 0xEC,
    0x82, 0x4D, 0xE5, 0xB2, 0xFA, 0xBA, 0xA1, 0x78, 0x63, 0x6E, 0xBF, 0x66, 0x3D, 0x12, 0x17, 0x18,
    0x2F, 0x08, 0x25, 0xD1, 0x11, 0x87, 0x92, 0xEF, 0x39, 0x23, 0x7F, 0x5F, 0x44, 0xD8, 0xA7, 0x8C,
    0xE4, 0x4F, 0xD9, 0x3C, 0x0E, 0xEB, 0x2C, 0xA1, 0x73, 0x30, 0x35, 0x14, 0x0D, 0x18, 0x0B, 0x6B,
    0xD1, 0x05, 0xE9, 0x3C, 0x69, 0xB4, 0x48, 0xBD, 0x88, 0x48, 0x2D, 0xCC, 0x98, 0x82, 0xB1, 0xCB,
    0x3D, 0x45, 0x0D, 0x59, 0x79, 0x83, 0x5F, 0x7D, 0x43, 0xEB, 0x3B, 0x22, 0xCE, 0x48, 0x72, 0x23,
    0xB6, 0x92, 0x66, 0xF2, 0x5E, 0x7B, 0x42, 0xC2, 0x02, 0x89, 0x55, 0x2E, 0xEB, 0xD2, 0x7A, 0x49,
    0xA9, 0x87, 0x71, 0x78, 0xD8, 0xA7, 0xE2, 0x00, 0xD4, 0xB6, 0x7E, 0xFA, 0xD7, 0x51, 0x53, 0xFE,
    0xFB, 0x0E, 0x76, 0x72, 0x3B, 0xF8, 0x10, 0x2B, 0xFD, 0x12, 0xD8, 0xCD, 0xD6, 0x30, 0x50, 0x6B,
    0xAB, 0x9D, 0x35, 0xA4, 0xCA, 0x35, 0x90, 0x1E, 0x5A, 0xAD, 0x84, 0xCD, 0x8A, 0x97, 0x0C, 0x1A,
    0x6E, 0x0B, 0x4F, 0x01, 0x05, 0x8E, 0x29, 0xFF, 0x39, 0xC4, 0x4E, 0xC7, 0x47, 0xBF, 0x83, 0xBA,
    0xFA, 0x5B, 0x57, 0xFF, 0x0F, 0xF7, 0xC1, 0xA0, 0xBA, 0xC8, 0x8F, 0xBC, 0xC9, 0x1F, 0x00, 0xB0,
    0x28, 0x6E, 0x95, 0x26, 0x92, 0x7C, 0x91, 0xC9, 0xDE, 0xE0, 0x67, 0x4C, 0xE8, 0x89, 0x25, 0x8F,
    0xA5, 0x8C, 0x04, 0xF6, 0x2C, 0xA3, 0xAE, 0x53, 0x21, 0xEA, 0xFC, 0x9E, 0x87, 0x70, 0x02, 0x3E,
    0x73, 0x26, 0x37, 0x2E, 0xF2, 0x9C, 0x01, 0xD7, 0xBE, 0x74, 0xCA, 0x29, 0x1C, 0x67, 0x8C, 0x69,
    0x0B, 0xD2, 0x4E, 0xD0, 0xED, 0xFF, 0xCB, 0x2A, 0xFE, 0xBD, 0xFD, 0x50, 0xF2, 0x85, 0x86, 0x45,
    0x12, 0xF4, 0x2D, 0xA3, 0xD2, 0xB8, 0xA2, 0x35, 0x6D, 0xD6, 0x00, 0x8E, 0x03, 0xFF, 0x2B, 0x8D,
    0xD8, 0xC4, 0x33, 0xE8, 0x61, 0x8C, 0x63, 0xF4, 0xA6, 0xC6, 0x88, 0x6F, 0x37, 0xB5, 0x5B, 0x57,
    0x83, 0x14, 0x32, 0xD7, 0x3F, 0x69, 0xE1, 0x2C, 0x0E, 0x12, 0x22, 0x83, 0xD7, 0xF0, 0x31, 0xD8,
    0x00, 0x48, 0xEA, 0x2C, 0x07, 0x74, 0xA9, 0x5A, 0x88, 0x84, 0x58, 0xFE, 0x78, 0xAC, 0xEA, 0xC0,
    0x88, 0x88, 0x0D, 0x2B, 0xD2, 0xB2, 0x8D, 0xD5, 0x01, 0x03, 0xA0, 0xAC, 0x6A, 0x80, 0x8A, 0x44,
    0x2E, 0x89, 0x5E, 0xEC, 0xA1, 0x10, 0x91, 0x9A, 0x10, 0x9C, 0x1D, 0xDB, 0x90, 0x2B, 0x41, 0xC0,
    0x89, 0x43, 0x80, 0x1E, 0x95, 0x2B, 0x11, 0xC9, 0xE5, 0xC0, 0x58, 0x89, 0xCC, 0x61, 0x96, 0xC9,
    0x80, 0x0F, 0x7A, 0x93, 0xA7, 0x22, 0xE2, 0x36, 0x16, 0x37, 0x59, 0x80, 0xE8, 0x28, 0x70, 0xD2,
    0x7B, 0x2E, 0x01, 0x46, 0xCB, 0x12, 0x55, 0x89, 0x48, 0x4F, 0x22, 0x7F, 0x3C, 0xFB, 0xF1, 0x62,
    0x55, 0x0B, 0x68, 0x67, 0x16, 0x5B, 0xFD, 0x1E, 0x02, 0x16, 0xFA, 0xF6, 0x00, 0x0F, 0x90, 0x01,
    0x3E, 0xA8, 0xFE, 0x79, 0x43, 0xB1, 0x98, 0x41, 0x30, 0x79, 0x80, 0xEE, 0x58, 0x1F, 0xB3, 0x63,
    0x8C, 0x9E, 0xB3, 0x31, 0x66, 0x36, 0xA6, 0x10, 0xD6, 0x76, 0x32, 0xEA, 0x26, 0x93, 0x75, 0x5D,
    0xC8, 0x06, 0x93, 0x48, 0xF7, 0xD1, 0x96, 0xCA, 0x55, 0x0E, 0x26, 0x57, 0xE5, 0x36, 0xB3, 0xFA,
    0xC4, 0xA9, 0xEA, 0x18, 0x1B, 0x66, 0x9A, 0x99, 0xCA, 0x67, 0x8A, 0x0D, 0x4D, 0x76, 0x9C, 0xF8,
    0x02, 0x0A, 0x6D, 0xF5, 0xE8, 0x2A, 0x51, 0x87, 0xAC, 0x92, 0x26, 0xBE, 0x70, 0x9A, 0xB5, 0xB3,
    0x59, 0x77, 0x97, 0x8E, 0x0E, 0xBF, 0xC3, 0x74, 0xBB, 0x2E, 0xA0, 0x07, 0x13, 0x24, 0x13, 0x66,
    0x05, 0xDE, 0xD0, 0x05, 0x09, 0x03, 0x23, 0xE5, 0xDA, 0xF9, 0x79, 0x01, 0x1A, 0x14, 0xA8, 0x0A,
    0xF5, 0x1B, 0xAB, 0x1E, 0x69, 0x55, 0xBA, 0x12, 0xF3, 0xD5, 0xE6, 0xC4, 0xB3, 0xA7, 0x9F, 0x13,
    0x53, 0x9A, 0x27, 0xFF, 0xC2, 0x1A, 0xF5, 0xE6, 0xFA, 0xEA, 0xAD, 0x38, 0xF4, 0x03, 0x77, 0xEC,
    0xFC, 0xB3, 0xA7, 0xA6, 0x18, 0xCE, 0xA1, 0xCE, 0x43, 0xE5, 0x28, 0x82, 0x98, 0x9A, 0x13, 0xA7,
    0xC4, 0x28, 0x0A, 0xA7, 0xD9, 0xA6, 0x72, 0xF1, 0x05, 0xE6, 0x27, 0x4E, 0xBD, 0xC9, 0xAA, 0x2F,
    0xE6, 0xE9, 0x17, 0x49, 0xFE, 0x4E, 0x3C, 0x07, 0x0F, 0x53, 0xCC, 0xBF, 0x9B, 0x61, 0x31, 0x59,
    0x4C, 0xE3, 0x9E, 0x54, 0xE5, 0x99, 0x6E, 0x4E, 0x3C, 0x71, 0x7A, 0x05, 0xDC, 0x9B, 0x31, 0xB0,
    0xE5, 0x56, 0x79, 0xC7, 0x3F, 0x5D, 0x61, 0xDF, 0xC4, 0x77, 0x32, 0x87, 0x22, 0x4E, 0x66, 0x60,
    0x12, 0xF5, 0x99, 0x64, 0xD4, 0xA6, 0xC0, 0x7B, 0x44, 0xB6, 0xA0, 0xA0, 0xD8, 0x2D, 0x76, 0xA1,
    0xA0, 0x70, 0x4F, 0x8A, 0x6D, 0x29, 0xCC, 0x4A, 0x0C, 0x05, 0x05, 0x45, 0x28, 0x02, 0x94, 0x50,
    0x50, 0x90, 0xE7, 0xC2, 0x29, 0x29, 0x76, 0x2D, 0x61, 0x17, 0x2E, 0x5C, 0x58, 0x19, 0x86, 0x50,
    0x50, 0x58, 0x61, 0x4C, 0x26, 0x63, 0x0A, 0x4E, 0x6C, 0xED, 0x20, 0x2F, 0x47, 0xFA, 0xE7, 0xFC,
    0xBF, 0x4F, 0xBA, 0xF7, 0xBD, 0xE7, 0xE7, 0x9D, 0x35, 0x06, 0xDB, 0x8E, 0xE6, 0xDD, 0xFF, 0xEF,
    0xBB, 0x57, 0x47, 0x47, 0x47, 0xE7, 0x7C, 0xFA, 0xF4, 0x9D, 0x73, 0xEF, 0x13, 0xDB, 0xFC, 0x44,
    0x75, 0x91, 0x9A, 0x83, 0x2A, 0x6D, 0x43, 0x2D, 0x3A, 0x6A, 0x56, 0x51, 0xB5, 0x20, 0x80, 0x79,
    0xD5, 0x1D, 0x1E, 0x9E, 0x2D, 0x22, 0xE8, 0xE5, 0xAE, 0xEA, 0xB5, 0x73, 0xFA, 0x97, 0xAA, 0x72,
    0x49, 0x81, 0xEE, 0xA2, 0xF2, 0xF3, 0x47, 0xAA, 0xEB, 0x54, 0x1B, 0x6A, 0xD1, 0x64, 0xF8, 0xF5,
    0xED, 0xBA, 0xE1, 0xD9, 0xB1, 0xEA, 0xBE, 0xF9, 0x5B, 0xB6, 0x32, 0xF8, 0x4E, 0xA4, 0x0C, 0x75,
    0xBF, 0xD9, 0x87, 0xAE, 0x58, 0xDB, 0xFC, 0x71, 0x6D, 0x79, 0x4D, 0xED, 0x45, 0x31, 0x48, 0xFB,
    0x26, 0x1E, 0xB6, 0x83, 0xDC, 0x17, 0xF4, 0xFB, 0x41, 0xEE, 0x25, 0xE4, 0x47, 0x7C, 0x2D, 0x61,
    0xD7, 0x1F, 0xEB, 0x3E, 0xE1, 0xE9, 0x8A, 0xF8, 0x2D, 0x66, 0x82, 0x75, 0x26, 0x2C, 0x5F, 0x41,
    0xAF, 0x45, 0x10, 0x14, 0xAD, 0xC1, 0x8F, 0x86, 0xE9, 0x02, 0x46, 0x45, 0x1D, 0xB6, 0x03, 0x32,
    0x84, 0x3D, 0x3A, 0xF1, 0x80, 0x83, 0x28, 0x46, 0x11, 0x79, 0xF2, 0x2C, 0x89, 0xE3, 0x49, 0x4A,
    0xBE, 0xAD, 0xBB, 0x24, 0x10, 0x91, 0xDD, 0x28, 0xA7, 0x4D, 0x1B, 0x10, 0x54, 0x1C, 0xBE, 0xFB,
    0x6C, 0xC8, 0x51, 0xE5, 0x94, 0x1D, 0x25, 0xA3, 0x88, 0x8A, 0x7C, 0x60, 0x39, 0xAC, 0x83, 0xB0,
    0x8A, 0x6D, 0x3B, 0x5E, 0x7D, 0x09, 0x4C, 0x82, 0xA1, 0x9C, 0x53, 0xB9, 0x03, 0x0E, 0x8B, 0xE4,
    0x8B, 0x8B, 0x92, 0xC7, 0x32, 0x4A, 0xD6, 0xAB, 0x8B, 0x7B, 0xBD, 0x00, 0x4A, 0xFB, 0xE0, 0xF6,
    0x4D, 0x69, 0x81, 0xB0, 0x4A, 0xD8, 0x76, 0x78, 0x95, 0x89, 0x12, 0x93, 0x14, 0x73, 0x12, 0xF6,
    0xC6, 0x5F, 0xE4, 0xE8, 0xE4, 0x6E, 0x96, 0x3A, 0x38, 0x8A, 0x07, 0x46, 0xD9, 0xAB, 0x1F, 0x3C,
    0x71, 0x53, 0x6C, 0xAB, 0xD1, 0x4B, 0x0E, 0x44, 0x71, 0xD3, 0x01, 0x52, 0x0E, 0x3B, 0x88, 0xEF,
    0x04, 0xEC, 0xAE, 0x45, 0xEA, 0x41, 0x6E, 0xAE, 0xD5, 0x43, 0x65, 0x64, 0xA5, 0xA8, 0x78, 0x44,
    0x10, 0x69, 0x31, 0xF3, 0xBA, 0xA0, 0xD5, 0xD0, 0x7B, 0x29, 0x19, 0x3A, 0x2F, 0xD2, 0x76, 0x60,
    0x97, 0xA3, 0xA2, 0xD5, 0x09, 0xAA, 0x3A, 0xE4, 0xB0, 0x2B, 0x3D, 0x35, 0x00, 0x88, 0x40, 0x74,
    0xE8, 0xD8, 0xEB, 0xEF, 0xFF, 0xEF, 0x80, 0xCE, 0x6A, 0xF8, 0x87, 0x6C, 0xC0, 0xF5, 0x88, 0x6F,
    0xC5, 0xA4, 0xD7, 0xB2, 0x20, 0xDC, 0xFE, 0x68, 0x95, 0x3B, 0xA0, 0x77, 0xEA, 0xEB, 0x91, 0xBD,
    0xFC, 0xA7, 0x7B, 0xD1, 0x9F, 0xD5, 0x99, 0x7B, 0x29, 0xD0, 0x48, 0xBB, 0x88, 0xB4, 0x03, 0xFB,
    0x13, 0xC0, 0x72, 0xA2, 0xB8, 0x87, 0xCF, 0xA3, 0x4B, 0xDC, 0xF7, 0x39, 0x9A, 0x47, 0xF0, 0xD0,
    0xBD, 0x9B, 0x78, 0x43, 0xC4, 0x91, 0xA8, 0x94, 0xBF, 0xC1, 0xA0, 0x6C, 0xEA, 0xD1, 0xE8, 0xA3,
    0xB1, 0x88, 0x52, 0x34, 0x89, 0x6E, 0x96, 0x52, 0xB9, 0x88, 0xAF, 0xEC, 0x7D, 0x2B, 0xBA, 0x7F,
    0x07, 0xB2, 0x8C, 0x58, 0x48, 0x3F, 0x22, 0x26, 0xFE, 0x02, 0x03, 0x7D, 0x99, 0xF5, 0xD7, 0x03,
    0x39, 0xC9, 0x13, 0xA7, 0x40, 0x76, 0x03, 0x18, 0x36, 0x23, 0x88, 0xEC, 0x92, 0xD4, 0x51, 0x64,
    0xBD, 0xB7, 0xDF, 0xBF, 0x31, 0x6C, 0x86, 0x6E, 0xFD, 0x66, 0xC4, 0x75, 0x57, 0x89, 0xB5, 0x70,
    0x8E, 0xCE, 0x8C, 0xDD, 0x66, 0x50, 0x57, 0x63, 0xB8, 0x64, 0x64, 0x49, 0x2F, 0x16, 0xCE, 0xD1,
    0x64, 0x08, 0xE2, 0xE7, 0x3B, 0x58, 0x1B, 0x8F, 0x69, 0x33, 0x1A, 0x59, 0x03, 0xA2, 0x71, 0x90,
    0x2D, 0x24, 0x6E, 0x31, 0xD1, 0xA2, 0xE1, 0x89, 0xA7, 0xB0, 0x28, 0x50, 0x55, 0x9E, 0x22, 0xA3,
    0x85, 0xC6, 0xA8, 0xD4, 0x61, 0xB2, 0xE0, 0xD8, 0xE9, 0xFE, 0x0C, 0x83, 0x52, 0x10, 0x8C, 0xED,
    0xFB, 0x20, 0xAF, 0x81, 0xF4, 0x40, 0xD5, 0xA2, 0x23, 0x1B, 0x52, 0xE4, 0xA9, 0x1F, 0x0B, 0xB7,
    0x32, 0x2A, 0xEA, 0xA0, 0x40, 0x43, 0xDD, 0xCD, 0x54, 0x61, 0xC3, 0x2F, 0x6D, 0x1E, 0xF8, 0x22,
    0x96, 0x15, 0x3A, 0x96, 0x18, 0xAC, 0x6D, 0xA2, 0x88, 0x8A, 0x3C, 0x28, 0x5C, 0xAF, 0xF0, 0x95,
    0xE2, 0x45, 0x21, 0xFE, 0x23, 0x2A, 0xB0, 0x18, 0xB0, 0xA2, 0x23, 0x7E, 0x66, 0xE8, 0x11, 0x0C,
    0xA3, 0xC2, 0x47, 0x45, 0xB9, 0x28, 0x1C, 0x14, 0x7B, 0x74, 0x44, 0x8E, 0x5E, 0xAF, 0x10, 0xA3,
    0x5E, 0x60, 0x8D, 0x8A, 0x38, 0xA0, 0x92, 0x75, 0x3B, 0x40, 0xB1, 0x43, 0xA3, 0xAC, 0x7B, 0x45,
    0x11, 0x14, 0x79, 0x54, 0xF0, 0x29, 0xBA, 0x6D, 0x40, 0xDC, 0x03, 0x7D, 0xC2, 0x41, 0x23, 0x40,
    0x27, 0xF5, 0xAC, 0x91, 0xDC, 0x4F, 0x57, 0x00, 0x8A, 0x9D, 0xE1, 0x60, 0x28, 0x6A, 0xC5, 0x5D,
    0x4F, 0x7C, 0x3E, 0x2A, 0xAE, 0x07, 0xC5, 0x8D, 0x4E, 0x51, 0x8B, 0x22, 0x1A, 0x82, 0xA1, 0x27,
    0xAE, 0x3C, 0xD1, 0x01, 0x8D, 0xF8, 0x78, 0xA9, 0x65, 0x62, 0x5B, 0x1E, 0x72, 0x06, 0xE7, 0x90,
    0xC7, 0xA4, 0xD3, 0x3E, 0xE9, 0x81, 0x6E, 0x2A, 0x99, 0x15, 0xC9, 0x6E, 0x5E, 0xB8, 0xAE, 0x59,
    0x0F, 0x9E, 0x0B, 0x9E, 0x6C, 0x60, 0x0F, 0x96, 0x5D, 0x9E, 0xD4, 0x0B, 0x3D, 0xCC, 0x6B, 0x1C,
    0xBA, 0x2F, 0x52, 0x4F, 0xC2, 0x98, 0x17, 0xB3, 0x51, 0xA4, 0x58, 0x38, 0x94, 0x0E, 0xF4, 0x84,
    0x1C, 0xDF, 0xEE, 0xA8, 0xAF, 0x35, 0x5A, 0x9F, 0x1C, 0xD5, 0xCF, 0x27, 0x3F, 0x72, 0x23, 0xF5,
    0x10, 0xA8, 0x3A, 0xFC, 0x1E, 0x9D, 0x6A, 0xA5, 0xAA, 0x9D, 0x1F, 0x8F, 0x59, 0x9A, 0x05, 0xDA,
    0x6E, 0x05, 0x7B, 0x1B, 0x76, 0xD9, 0x6D, 0xF8, 0xA8, 0x70, 0x20, 0x46, 0x81, 0x6E, 0xDD, 0x0A,
    0x11, 0xBF, 0x08, 0x37, 0x37, 0x29, 0xF6, 0x41, 0x91, 0x6F, 0xB8, 0xE2, 0x6E, 0x71, 0x51, 0x51,
    0xCC, 0x0A, 0x8F, 0xF3, 0x68, 0x51, 0x11, 0x0B, 0x3A, 0xE2, 0x81, 0x62, 0x17, 0x30, 0x68, 0x5D,
    0x6D, 0xD0, 0x68, 0xAE, 0x4F, 0x76, 0x47, 0x87, 0x21, 0xB4, 0x73, 0x8B, 0x4A, 0xF3, 0x1A, 0x2F,
    0x0E, 0x04, 0x40, 0xB4, 0x96, 0x4A, 0xCD, 0xB7, 0xBF, 0xCC, 0x6A, 0x26, 0xD9, 0x25, 0x30, 0xD7,
    0xC1, 0xA0, 0xED, 0x42, 0x60, 0x63, 0x79, 0x45, 0x2E, 0x01, 0x51, 0x80, 0x46, 0xBB, 0xDC, 0xE0,
    0xB7, 0xA8, 0x86, 0xC8, 0x3C, 0xF3, 0x85, 0xA8, 0x37, 0xF1, 0xBB, 0xF5, 0x6B, 0xAA, 0x72, 0xD4,
    0x41, 0x15, 0x8B, 0x2A, 0x58, 0xF3, 0x7F, 0xB5, 0x5A, 0xD2, 0x2D, 0xAA, 0xA0, 0xEE, 0x57, 0xAD,
    0xCE, 0xE9, 0x69, 0x6F, 0x31, 0x4B, 0xCA, 0x33, 0xD7, 0xB3, 0xF7, 0xD4, 0x59, 0x2B, 0xFB, 0x1F,
    0x55, 0x66, 0xA3, 0xF8, 0x1E, 0x46, 0x0E, 0x8B, 0x8F, 0xD4, 0x62, 0xA6, 0xBA, 0xE5, 0x9C, 0xCE,
    0xD4, 0x22, 0x52, 0x7D, 0x10, 0x3E, 0xD7, 0x9A, 0xA4, 0x58, 0x2A, 0x2A, 0x74, 0x48, 0xCB, 0x48,
    0x3D, 0x80, 0xBA, 0x5F, 0x9F, 0xF2, 0xCD, 0x25, 0xDD, 0x43, 0x6B, 0x03, 0xC7, 0xBE, 0x8D, 0x96,
    0x1B, 0x52, 0x97, 0x8F, 0x30, 0x4F, 0x04, 0x94, 0x2B, 0xDC, 0x83, 0x2F, 0x21, 0xD0, 0xC3, 0x32,
    0x74, 0x09, 0xFD, 0x55, 0xE8, 0x14, 0x7B, 0xC3, 0xE1, 0x02, 0xDC, 0x8A, 0xC6, 0x50, 0x29, 0x0A,
    0x51, 0x94, 0x06, 0x6F, 0x78, 0xC6, 0x70, 0xCF, 0x10, 0x15, 0xBB, 0x51, 0x91, 0x07, 0x05, 0x74,
    0xAB, 0x36, 0x68, 0xEA, 0x57, 0x59, 0x18, 0xA8, 0xE2, 0x39, 0x14, 0xD5, 0x44, 0xB8, 0x6A, 0x34,
    0x7C, 0x2C, 0x27, 0x36, 0xD4, 0x5F, 0x01, 0xB1, 0xC6, 0x50, 0xE3, 0x2D, 0x33, 0xF6, 0x10, 0xA7,
    0x1E, 0x26, 0x74, 0x08, 0x0D, 0x65, 0xBE, 0x49, 0x86, 0x63, 0xD7, 0xF5, 0xC9, 0xF0, 0x1C, 0xB3,
    0x90, 0x0C, 0x3E, 0xD0, 0xB2, 0x78, 0x40, 0xA6, 0x17, 0xFC, 0xE2, 0x01, 0x16, 0x08, 0xFC, 0x17,
    0xE1, 0xD4, 0x68, 0x01, 0xA8, 0xB1, 0xA6, 0x27, 0x92, 0x9F, 0x8C, 0x6F, 0x43, 0x6F, 0x62, 0x87,
    0x03, 0xF4, 0x69, 0x55, 0x2C, 0xE9, 0x70, 0x1D, 0x88, 0x78, 0xC0, 0x4E, 0x33, 0x0B, 0x66, 0xE6,
    0x3C, 0x1E, 0x3C, 0x57, 0xCB, 0x41, 0xD0, 0xB3, 0xD3, 0xA1, 0x3B, 0x26, 0xED, 0x8B, 0xB6, 0x13,
    0x49, 0x1B, 0x20, 0xD3, 0x00, 0x3F, 0x61, 0xDC, 0xF1, 0x0C, 0xAD, 0x85, 0xA9, 0x0C, 0x18, 0xA4,
    0x00, 0x20, 0x7E, 0x62, 0x66, 0xDB, 0xA7, 0x8A, 0x39, 0x84, 0x43, 0xDD, 0x24, 0x29, 0xAA, 0x24,
    0x6B, 0x5F, 0x99, 0x0B, 0x41, 0xE4, 0x29, 0x1E, 0xEA, 0xD0, 0x53, 0xD8, 0x40, 0x6D, 0x93, 0x36,
    0x43, 0x6A, 0x95, 0xF1, 0x6F, 0x98, 0xB7, 0xB6, 0xB4, 0x20, 0xD2, 0x06, 0x34, 0x82, 0xC0, 0x5E,
    0xD3, 0x58, 0x22, 0x7B, 0x60, 0x14, 0x79, 0xE2, 0xD6, 0x27, 0xEE, 0x49, 0x2A, 0x79, 0x60, 0xD8,
    0xD4, 0x67, 0x29, 0x11, 0xF7, 0xC4, 0x1E, 0x20, 0x44, 0xCB, 0xF1, 0x79, 0xFA, 0xC9, 0xCB, 0x14,
    0x3E, 0x29, 0x19, 0x5B, 0x06, 0x6E, 0x62, 0xD0, 0xF9, 0x0E, 0xDB, 0xB9, 0xD7, 0xE8, 0x76, 0x35,
    0x0E, 0x8F, 0x88, 0x75, 0x8F, 0x42, 0xD1, 0x28, 0x4A, 0x83, 0xAF, 0x14, 0xAD, 0x10, 0x3B, 0x28,
    0xB0, 0x18, 0xA2, 0x76, 0x37, 0x26, 0xA9, 0x01, 0xA9, 0x07, 0xC5, 0x3A, 0xB3, 0xF1, 0x74, 0x8C,
    0x02, 0xB3, 0xC7, 0xC2, 0x37, 0xF3, 0x0E, 0x20, 0x3B, 0x21, 0x6B, 0x54, 0x89, 0x8D, 0x40, 0xD9,
    0xC9, 0xEF, 0x12, 0x67, 0x74, 0xD9, 0xDB, 0x89, 0x11, 0x43, 0x6E, 0x0C, 0xF9, 0xCF, 0xC8, 0x3A,
    0x1C, 0x5E, 0x26, 0xFD, 0xE4, 0x8C, 0xD1, 0x5D, 0x27, 0x8B, 0xB9, 0xCC, 0x49, 0xB7, 0x78, 0x23,
    0x9E, 0x51, 0xEE, 0x11, 0xC9, 0x24, 0xD3, 0xCA, 0x51, 0x99, 0x21, 0x28, 0x05, 0x83, 0xB1, 0xED,
    0x12, 0xB3, 0x28, 0x75, 0xB7, 0x67, 0xA0, 0xEB, 0x7D, 0xD3, 0x62, 0x4E, 0x2C, 0x05, 0x98, 0xAF,
    0x48, 0xBD, 0xA2, 0xF9, 0xD1, 0x68, 0x08, 0x8F, 0x87, 0x37, 0xCF, 0x5A, 0x02, 0xC0, 0x09, 0xDC,
    0xF7, 0xFE, 0xA1, 0xEE, 0xDB, 0x4E, 0x97, 0x92, 0xC2, 0xF3, 0x4B, 0x26, 0xE2, 0x35, 0xB9, 0xC5,
    0xE0, 0x60, 0x77, 0x53, 0xE7, 0x16, 0x7D, 0x1B, 0x19, 0x9D, 0xBC, 0xCE, 0xD4, 0xFD, 0x94, 0x34,
    0x9A, 0xD6, 0x23, 0xD3, 0xD2, 0xD6, 0x34, 0x24, 0x9D, 0x4D, 0xED, 0x93, 0x5A, 0xF5, 0x7C, 0x79,
    0xAB, 0xA1, 0xD0, 0xDA, 0xAC, 0xE6, 0x5C, 0xFD, 0x41, 0x23, 0xAF, 0x9E, 0x3D, 0x6A, 0x48, 0xE8,
    0x45, 0x57, 0x32, 0x2E, 0x25, 0x89, 0x29, 0x43, 0xB8, 0xFD, 0x31, 0x48, 0x5F, 0x1B, 0xC1, 0x78,
    0xA9, 0x0F, 0xAD, 0xDB, 0x2C, 0xCF, 0xDA, 0xE1, 0xF7, 0x18, 0xF5, 0xEE, 0x8C, 0xA7, 0x5C, 0xEC,
    0x70, 0x45, 0xA6, 0x46, 0x3D, 0x9C, 0xCF, 0xD7, 0x58, 0xFE, 0xD7, 0x7A, 0x2C, 0xD0, 0x53, 0x67,
    0x79, 0x8C, 0x07, 0xB0, 0xCD, 0x40, 0xF5, 0xEC, 0x9D, 0xE9, 0x1F, 0xBE, 0x0A, 0x16, 0x2E, 0xCA,
    0x07, 0x58, 0x05, 0xF3, 0x00, 0x30, 0xAC, 0xFA, 0x73, 0x3C, 0xB8, 0x33, 0x78, 0x69, 0x43, 0x1E,
    0xBE, 0xAE, 0xFA, 0x9C, 0xEA, 0xE7, 0x92, 0xEE, 0x06, 0x3B, 0xCF, 0x1F, 0x5B, 0x35, 0x50, 0x96,
    0xA7, 0x2E, 0xF9, 0x78, 0x4E, 0xCF, 0x44, 0x9E, 0xBE, 0x7D, 0x9B, 0xD0, 0x50, 0x4D, 0x7E, 0x16,
    0x0F, 0x89, 0x6D, 0x06, 0xF0, 0x24, 0x00, 0x1D, 0x19, 0x9B, 0x25, 0xE5, 0x78, 0x07, 0xFF, 0x8D,
    0x49, 0x1C, 0x2C, 0xFA, 0xFB, 0x68, 0x3E, 0xE4, 0x27, 0x0D, 0xFC, 0x4D, 0x3B, 0x2A, 0x3B, 0x84,
    0x73, 0xDC, 0x5D, 0x24, 0x3F, 0xDF, 0xCA, 0x6D, 0xC7, 0x6D, 0xF5, 0x6C, 0xF5, 0x6E, 0xE7, 0x59,
    0xCF, 0x7B, 0x6A, 0x07, 0xDB, 0xA5, 0xF8, 0x2B, 0x3C, 0xB8, 0xD0, 0xEE, 0xCF, 0x9C, 0x9D, 0xD9,
    0xBB, 0x1D, 0xE6, 0x0D, 0x39, 0x1F, 0x41, 0x03, 0xBB, 0x55, 0x53, 0xBA, 0x3A, 0x8A, 0xB7, 0xDE,
    0x8A, 0xEA, 0x3E, 0x3B, 0x9D, 0x87, 0xE1, 0x5B, 0x3A, 0x2B, 0xC3, 0xEB, 0xDD, 0xA9, 0x43, 0xA5,
    0x9E, 0x15, 0xDE, 0x50, 0x42, 0xE1, 0xD1, 0x10, 0xE6, 0xE0, 0x79, 0x50, 0xA7, 0x3F, 0x0C, 0xF5,
    0x94, 0x50, 0x74, 0x3E, 0x9E, 0x26, 0x6E, 0xB3, 0xCE, 0x31, 0x77, 0x9A, 0xC7, 0xC9, 0x81, 0x08,
    0xD2, 0xEA, 0x4D, 0x2A, 0x50, 0x7C, 0x6C, 0xA7, 0xC5, 0xE1, 0xF2, 0xB4, 0x98, 0x5B, 0x6B, 0x28,
    0x0C, 0xCE, 0x70, 0x30, 0xEC, 0x0D, 0xB9, 0xC2, 0x92, 0x08, 0xA7, 0x99, 0x09, 0x08, 0x5E, 0x7F,
    0x3B, 0x09, 0xE1, 0xC3, 0xFB, 0xC0, 0xCE, 0x90, 0xA1, 0x27, 0x04, 0xEF, 0x3C, 0x89, 0x84, 0x1A,
    0x20, 0x9C, 0x41, 0xBE, 0xFA, 0x1D, 0x4F, 0x88, 0x3C, 0x06, 0xDA, 0x89, 0xCA, 0xBE, 0x56, 0x68,
    0xCE, 0x74, 0x07, 0xF8, 0x81, 0x0D, 0x47, 0x0D, 0xBC, 0x9E, 0x2C, 0x66, 0x4E, 0xFC, 0x9B, 0xB6,
    0xA5, 0xB8, 0x3A, 0x7C, 0x82, 0x2C, 0xCE, 0x7C, 0xF0, 0xE0, 0x76, 0xAB, 0x59, 0x97, 0x6D, 0xDD,
    0xC9, 0xFA, 0xFF, 0x7B, 0xBD, 0x0F, 0xAA, 0xE3, 0x55, 0xF6, 0x27, 0x4B, 0xD6, 0xAD, 0x3E, 0x5A,
    0xEE, 0x68, 0x1D, 0x8E, 0xD6, 0xFE, 0x68, 0xE5, 0x57, 0x58, 0x59, 0x55, 0x03, 0x10, 0x31, 0x6D,
    0x7F, 0x43, 0xE7, 0xB9, 0x9F, 0x53, 0xEF, 0x9D, 0xD3, 0xAF, 0xA9, 0xCA, 0x45, 0xC5, 0x1B, 0xAA,
    0x68, 0x74, 0xCD, 0x22, 0x88, 0x86, 0x3A, 0x6A, 0x19, 0xA9, 0x6E, 0x56, 0x5D, 0x54, 0x71, 0xB2,
    0xED, 0xF3, 0x22, 0x1E, 0xCB, 0xFF, 0x27, 0x23, 0x87, 0xD6, 0x63, 0xCB, 0x38, 0xB4, 0x6A, 0x60,
    0x23, 0x47, 0x50, 0x72, 0x5B, 0xE1, 0xD6, 0x9B, 0x86, 0xCC, 0x1E, 0x87, 0x98, 0x56, 0xA2, 0x27,
    0x99, 0x32, 0x90, 0x4C, 0x1A, 0x8C, 0x0E, 0xC6, 0xC3, 0xCA, 0x3D, 0x3E, 0x7F, 0x25, 0x0F, 0xB8,
    0x58, 0xBE, 0x88, 0x3B, 0x74, 0x19, 0xD3, 0x88, 0xDC, 0xC6, 0xA3, 0xB7, 0xF6, 0xCE, 0xC7, 0x76,
    0x8B, 0x29, 0xDB, 0xFE, 0x78, 0xE9, 0x05, 0x5B, 0xAB, 0xCA, 0x77, 0x1F, 0x20, 0xB9, 0xD1, 0x56,
    0x5D, 0x58, 0x8C, 0xD2, 0x2D, 0xB3, 0xA5, 0x28, 0x9D, 0x83, 0xA5, 0xE3, 0xDA, 0x41, 0xD0, 0xB5,
    0x9D, 0xB4, 0xC1, 0x77, 0xE2, 0xC7, 0x83, 0x4E, 0xB8, 0xC4, 0xA4, 0x5C, 0x93, 0x8F, 0xA7, 0xCE,
    0xDA, 0x99, 0x87, 0x98, 0xE8, 0x67, 0x9B, 0x94, 0x56, 0xF8, 0xA9, 0x24, 0x53, 0x9D, 0x24, 0x68,
    0x58, 0x45, 0xC7, 0x4A, 0xC3, 0x1E, 0x9A, 0x62, 0x6A, 0x86, 0xA9, 0x59, 0xCA, 0x69, 0xF3, 0x60,
    0xBA, 0xBB, 0x98, 0xE1, 0x81, 0xB0, 0x4E, 0xE4, 0xEC, 0x3A, 0x75, 0x25, 0x6B, 0x5D, 0x7D, 0xB3,
    0x71, 0x66, 0x46, 0xAC, 0x86, 0x16, 0x18, 0x04, 0x9A, 0x4B, 0xB5, 0x61, 0x35, 0x6A, 0x1A, 0xF5,
    0xA8, 0xE9, 0x13, 0x80, 0x91, 0xCD, 0xA1, 0x11, 0x2E, 0x19, 0x7D, 0x6B, 0xBB, 0x4E, 0x85, 0x7B,
    0x4F, 0x23, 0x5C, 0xA8, 0x90, 0xA7, 0xA0, 0x51, 0x68, 0x63, 0xAC, 0x19, 0x36, 0xDC, 0x39, 0x44,
    0x33, 0xE8, 0x90, 0x71, 0xBD, 0xEF, 0xD4, 0x78, 0x1A, 0x7B, 0xA0, 0x12, 0x4B, 0x32, 0xF4, 0x4A,
    0xEF, 0x00, 0x7C, 0x32, 0x52, 0x3D, 0xBE, 0xCF, 0x47, 0xC3, 0x98, 0xD3, 0xB3, 0x87, 0xA4, 0xE9,
    0x70, 0xD5, 0x2E, 0xE9, 0x4E, 0xD5, 0x3E, 0xB1, 0xBD, 0xD2, 0x06, 0xAA, 0x5F, 0xA8, 0x07, 0x20,
    0xE9, 0x4E, 0x35, 0xC7, 0xCB, 0xFA, 0x09, 0x3F, 0x77, 0xAA, 0x3E, 0xAA, 0x4E, 0x54, 0x04, 0xD6,
    0xA3, 0x35, 0xEC, 0xD1, 0xE9, 0x02, 0x86, 0x70, 0x82, 0x34, 0x59, 0x6A, 0x5B, 0x09, 0x6B, 0xE9,
    0xC4, 0xB1, 0x7F, 0x8A, 0xA9, 0x88, 0x52, 0x06, 0x37, 0x8B, 0x0B, 0xBC, 0xBA, 0xEF, 0x24, 0x11,
    0xA1, 0x7C, 0xE6, 0x85, 0x85, 0x03, 0xB6, 0x48, 0x89, 0x64, 0xD5, 0x63, 0xFA, 0x0C, 0x81, 0x32,
    0x1C, 0x25, 0x14, 0x69, 0xC7, 0xDC, 0x42, 0x3C, 0xDE, 0xC6, 0xE0, 0xF0, 0x12, 0x82, 0xDC, 0x5A,
    0xBD, 0x8B, 0x77, 0xDC, 0x9D, 0xDE, 0x12, 0xD3, 0x3A, 0x09, 0x1B, 0x6E, 0x6B, 0xF8, 0x0E, 0x3F,
    0x12, 0x29, 0x07, 0x0E, 0x3E, 0x4B, 0x5E, 0x3B, 0x60, 0x90, 0xE7, 0x6A, 0xCC, 0x72, 0x7F, 0xA1,
    0x1F, 0x4E, 0x62, 0xF9, 0xD2, 0x90, 0xA4, 0x0D, 0x1A, 0xF4, 0x30, 0x6C, 0xD2, 0x52, 0x6A, 0x7E,
    0xE6, 0xB9, 0xD7, 0xB3, 0x5C, 0x31, 0x0A, 0x3A, 0x17, 0xE9, 0x2B, 0x7A, 0x7D, 0x35, 0x07, 0x39,
    0xBB, 0x45, 0x03, 0xEF, 0x50, 0xD8, 0xA3, 0xDF, 0xD5, 0x39, 0xA4, 0x9F, 0x2E, 0x4A, 0xE0, 0x8E,
    0x5E, 0x0F, 0x4B, 0x42, 0xAB, 0xF2, 0x63, 0x12, 0x17, 0x2F, 0x48, 0x91, 0xA4, 0xA9, 0x27, 0x56,
    0x35, 0xB4, 0xEC, 0x12, 0x5A, 0x95, 0x4A, 0xAA, 0xA0, 0xAE, 0x58, 0xEE, 0xA2, 0x3C, 0xF9, 0x78,
    0xEB, 0xA3, 0x0D, 0xA5, 0xD3, 0x96, 0x8A, 0xB4, 0x14, 0x8E, 0x32, 0x56, 0x15, 0x7F, 0x5B, 0xFD,
    0x55, 0xD0, 0x6F, 0x7A, 0xED, 0x9C, 0x3E, 0x73, 0x4E, 0x9F, 0x53, 0xBD, 0xA7, 0x1A, 0x55, 0x27,
    0xEA, 0x2E, 0x50, 0x73, 0xD5, 0xC3, 0x40, 0x05, 0xB7, 0x6A, 0xD5, 0x8A, 0x4B, 0x9C, 0xB3, 0x2D,
    0x6D, 0xDA, 0xCA, 0xA6, 0x2D, 0x6C, 0xAA, 0x06, 0x55, 0x75, 0x17, 0xA9, 0xD5, 0xE7, 0x30, 0x8A,
    0x8B, 0x8E, 0xEE, 0x92, 0x43, 0x7C, 0x92, 0xAA, 0x4E, 0xD2, 0xD0, 0xD1, 0x3A, 0xF0, 0x5B, 0x5C,
    0x00, 0xB4, 0xCE, 0xCE, 0x2A, 0x5B, 0x7F, 0x3B, 0x4E, 0x66, 0x7C, 0x90, 0x27, 0x18, 0x22, 0x0A,
    0x71, 0xA9, 0xC3, 0x59, 0x55, 0x64, 0xA5, 0xC3, 0x36, 0x4E, 0xFF, 0x82, 0x58, 0xA3, 0xDA, 0x98,
    0xCF, 0x19, 0x06, 0x26, 0xF4, 0x33, 0x07, 0xB6, 0xD3, 0x6B, 0xEF, 0xBC, 0xE6, 0x60, 0xE8, 0xD8,
    0xDC, 0x7D, 0xC0, 0x4B, 0x6C, 0x6A, 0x3E, 0xE3, 0x17, 0xA4, 0x03, 0xA0, 0x17, 0x90, 0x08, 0x9D,
    0x31, 0xE1, 0x15, 0x54, 0x3C, 0x37, 0x5E, 0xB6, 0xC5, 0x19, 0x74, 0x18, 0xD8, 0xD5, 0x8C, 0x46,
    0xB2, 0x47, 0x05, 0x26, 0xAE, 0x05, 0x18, 0x68, 0x16, 0x41, 0x74, 0xFC, 0xEB, 0x31, 0x24, 0x66,
    0x18, 0xB8, 0x12, 0x72, 0xB0, 0x95, 0x25, 0x3D, 0x00, 0xE2, 0xC7, 0x3A, 0xBD, 0x9E, 0xD0, 0xB4,
    0xAA, 0x1E, 0x24, 0x43, 0x23, 0x3C, 0x21, 0x12, 0xF5, 0x02, 0xFD, 0xF4, 0x29, 0x29, 0xE2, 0xD7,
    0xD3, 0x6B, 0x91, 0x32, 0xD2, 0x89, 0x6A, 0xA0, 0x2F, 0xD8, 0x98, 0xDB, 0x95, 0xD4, 0x18, 0x81,
    0x60, 0xBA, 0x3D, 0xF9, 0x1A, 0x5B, 0xE3, 0x37, 0x2D, 0x54, 0x5B, 0xEA, 0x3F, 0x81, 0x7A, 0xE3,
    0x75, 0x6A, 0x7B, 0x83, 0x3A, 0x3B, 0x6A, 0x50, 0xED, 0xCE, 0x1D, 0xD5, 0x1C, 0x9F, 0xA6, 0x56,
    0x73, 0x8B, 0x29, 0xA9, 0x64, 0xD5, 0xA7, 0x18, 0x8E, 0xBB, 0x82, 0xFD, 0xD6, 0x79, 0xEA, 0x50,
    0x27, 0x75, 0x1A, 0x95, 0xB2, 0x76, 0x92, 0x0B, 0xDB, 0x87, 0xD9, 0x36, 0xB5, 0x45, 0x95, 0x7B,
    0xFD, 0xC0, 0x92, 0xBE, 0xE2, 0x51, 0xF7, 0x85, 0x2B, 0x85, 0x13, 0xF5, 0x0B, 0x81, 0xFA, 0x03,
    0x55, 0x4C, 0xAA, 0x91, 0x7A, 0x03, 0xBA, 0x17, 0x2C, 0x7F, 0x1D, 0x1D, 0xCB, 0x43, 0x6B, 0x58,
    0xF3, 0x8C, 0xC8, 0x9A, 0x0B, 0x34, 0x2D, 0xA6, 0xF4, 0x36, 0x57, 0x0F, 0x37, 0x5D, 0xEF, 0xA3,
    0x52, 0xDA, 0xE1, 0x2A, 0xF5, 0xEF, 0xD2, 0x6B, 0xAA, 0x77, 0x55, 0x67, 0xEA, 0x2E, 0x52, 0x61,
    0x3A, 0x8A, 0x26, 0x90, 0x0E, 0x90, 0xB6, 0x4B, 0x5A, 0xD9, 0xC2, 0x59, 0xAD, 0xED, 0x00, 0xB1,
    0x07, 0x72, 0x44, 0x71, 0x18, 0x0C, 0x5D, 0x4E, 0x6F, 0x4A, 0xF8, 0x3D, 0xE4, 0x73, 0x09, 0x6F,
    0xA3, 0xBA, 0xA7, 0xE8, 0xC6, 0x84, 0x80, 0x9F, 0x06, 0xC5, 0xDB, 0x03, 0x51, 0xFF, 0xAE, 0x23,
    0x3C, 0x14, 0x25, 0x84, 0x70, 0x2B, 0x66, 0x45, 0x1E, 0x33, 0xE6, 0x17, 0xF9, 0x54, 0x00, 0x2D,
    0xB2, 0x90, 0x70, 0x69, 0x1C, 0x8B, 0x45, 0x47, 0x41, 0x17, 0xBE, 0x2E, 0x6B, 0xFA, 0xBE, 0x87,
    0x0A, 0x98, 0x5E, 0x5D, 0xC6, 0xB4, 0x51, 0xED, 0x8A, 0x4B, 0x3E, 0x26, 0x9F, 0xBE, 0xF0, 0x4B,
    0x9B, 0x98, 0x43, 0x4A, 0x06, 0x61, 0xAF, 0x4F, 0xDF, 0x20, 0xAD, 0xC6, 0x6E, 0x8D, 0xD8, 0x97,
    0x45, 0x77, 0xB4, 0x14, 0x2D, 0xEC, 0xB7, 0xD8, 0x6D, 0x55, 0x49, 0x7B, 0x8A, 0x09, 0x00, 0x06,
    0xD3, 0xD4, 0xE2, 0x3B, 0xDA, 0xA6, 0xE2, 0x83, 0x6A, 0x43, 0xD5, 0x6C, 0xB4, 0xC6, 0x03, 0x0D,
    0xE6, 0xEF, 0x24, 0x15, 0xBD, 0xA0, 0x76, 0x76, 0x7C, 0x36, 0x2F, 0xB5, 0x2E, 0xA7, 0xCC, 0x2D,
    0x4B, 0x0E, 0x96, 0x9F, 0x1E, 0x40, 0xCD, 0xA9, 0xCD, 0x63, 0xFC, 0xD8, 0x26, 0x95, 0x39, 0x1E,
    0xD5, 0x6B, 0x0D, 0x53, 0xCD, 0xDA, 0x58, 0x73, 0x8E, 0x42, 0x7D, 0x57, 0x6E, 0xD9, 0x43, 0xE0,
    0x6A, 0x6D, 0x92, 0xB6, 0x58, 0x4E, 0xCB, 0xD2, 0xC2, 0x68, 0xA6, 0x4F, 0xAA, 0xE8, 0xE2, 0x61,
    0xF1, 0x63, 0xBE, 0xF8, 0x90, 0xCF, 0x6D, 0xC8, 0x47, 0x8E, 0x07, 0x86, 0x4B, 0xAF, 0xB0, 0xC6,
    0xA5, 0x51, 0xFE, 0xCC, 0x47, 0xB9, 0xE6, 0xF0, 0xA5, 0x79, 0x0F, 0x4C, 0xAC, 0x83, 0xDD, 0xAB,
    0x53, 0x4A, 0x95, 0x17, 0xBF, 0x82, 0x2F, 0x87, 0x7B, 0x7B, 0x64, 0x14, 0x09, 0x3F, 0xA1, 0x48,
    0x12, 0x79, 0x6C, 0x39, 0x50, 0x58, 0xB7, 0x0A, 0x10, 0x3C, 0x56, 0x75, 0xA8, 0xF2, 0x91, 0x85,
    0x72, 0x9D, 0x6D, 0xEF, 0x7B, 0xD9, 0x59, 0x3C, 0x4F, 0xDA, 0x24, 0x0D, 0x85, 0x3E, 0x1A, 0x3C,
    0x75, 0x7A, 0x46, 0x57, 0x68, 0xEE, 0x25, 0x75, 0x71, 0xD2, 0x6A, 0x43, 0xD2, 0x5C, 0x75, 0xC7,
    0x6B, 0xE2, 0x61, 0x27, 0xAD, 0x2B, 0xAA, 0xA7, 0xC8, 0x35, 0xD5, 0x7B, 0x94, 0x5D, 0x64, 0xB3,
    0xDA, 0xD1, 0x2A, 0xA0, 0xBD, 0xCE, 0x4C, 0xCE, 0xFD, 0x1C, 0x22, 0xBB, 0x7D, 0x8B, 0xC8, 0x11,
    0xF5, 0x5D, 0xAB, 0x90, 0xC2, 0xE0, 0xDE, 0x1B, 0xC5, 0xF6, 0x03, 0x04, 0xA0, 0x93, 0x3D, 0x6E,
    0x70, 0x9D, 0xB5, 0x88, 0xFA, 0x44, 0xF4, 0xA3, 0x8B, 0x7B, 0x48, 0x1D, 0x34, 0x5D, 0x68, 0x15,
    0x0D, 0x06, 0xC7, 0x49, 0xC1, 0x95, 0x58, 0x8B, 0xAC, 0x07, 0x78, 0x85, 0x55, 0x36, 0xCB, 0x1E,
    0x2E, 0xFA, 0xC9, 0x4E, 0xD4, 0xEB, 0x69, 0x17, 0x3D, 0xFD, 0xFC, 0xC8, 0x06, 0x9E, 0x8A, 0xE4,
    0x40, 0x38, 0xC2, 0x63, 0xA9, 0xD1, 0x98, 0x32, 0x52, 0x4F, 0x22, 0x49, 0x07, 0x5D, 0x0E, 0xEE,
    0x78, 0xD5, 0x5E, 0xBB, 0x2A, 0x1E, 0xFB, 0x5A, 0x56, 0x1D, 0x8F, 0x5D, 0xE4, 0x5E, 0x45, 0x52,
    0x7F, 0x5D, 0xE7, 0x81, 0x02, 0x8B, 0x86, 0xA3, 0x1C, 0x92, 0xCE, 0xD2, 0xE2, 0x15, 0xA0, 0x87,
    0xAA, 0xDD, 0x53, 0xA6, 0x1A, 0x91, 0xF5, 0x8E, 0xFB, 0xE3, 0xDD, 0xB9, 0x1A, 0x0D, 0x42, 0xAB,
    0xAA, 0xEB, 0x53, 0xAA, 0x7B, 0xD5, 0x5C, 0x75, 0xA7, 0x9A, 0xA9, 0x4A, 0x68, 0xF1, 0x16, 0xD0,
    0x41, 0xD5, 0xA1, 0xF2, 0x91, 0xBE, 0xC8, 0x56, 0x25, 0x9D, 0xAE, 0xD4, 0x46, 0xF5, 0xA1, 0x39,
    0x33, 0xB5, 0x40, 0x9D, 0x54, 0xC4, 0xBF, 0x5B, 0xAD, 0xCB, 0xD0, 0x99, 0xD6, 0xF8, 0x1D, 0x50,
    0x23, 0x6E, 0xE4, 0xF5, 0x53, 0x58, 0xE7, 0x68, 0x81, 0xE1, 0x4F, 0xC4, 0x86, 0x6C, 0x6A, 0xE8,
    0x16, 0xDB, 0x95, 0x1F, 0x71, 0x7B, 0xAA, 0xCB, 0xED, 0x11, 0xDD, 0xF6, 0x2B, 0x65, 0xE3, 0x73,
    0x2B, 0x3F, 0x77, 0x99, 0xB5, 0x8E, 0xB1, 0xE9, 0x8B, 0xCF, 0x82, 0xF7, 0xB7, 0x5B, 0x8E, 0xFA,
    0x13, 0x55, 0x59, 0x15, 0x18, 0x55, 0xC1, 0x4F, 0xF6, 0xE8, 0xF8, 0xF9, 0xAA, 0xBD, 0xEA, 0x70,
    0xCE, 0xEE, 0xAC, 0x8C, 0xDE, 0x5D, 0x42, 0x1D, 0xA5, 0x46, 0x94, 0x03, 0xD0, 0x6C, 0xD4, 0x94,
    0xBC, 0x1D, 0x2D, 0x0E, 0xD7, 0xC1, 0xA2, 0xB2, 0xBF, 0x8A, 0x98, 0x56, 0xA2, 0x53, 0x7E, 0x03,
    0x83, 0xB2, 0xF2, 0x61, 0xE5, 0xF8, 0x1E, 0x0C, 0xF5, 0x5A, 0xBE, 0x0D, 0xEA, 0xD7, 0xAF, 0x82,
    0x99, 0x0B, 0x26, 0xA7, 0xBE, 0x14, 0x45, 0x54, 0x72, 0x74, 0x94, 0x86, 0x52, 0x5D, 0x14, 0x4C,
    0x76, 0x5E, 0xAD, 0x44, 0x6B, 0xA4, 0x8C, 0x17, 0x25, 0xE8, 0xDE, 0x9A, 0xE5, 0x58, 0xB9, 0xC8,
    0xA7, 0xEC, 0x66, 0xF7, 0x40, 0x83, 0xAE, 0x1D, 0x98, 0xC6, 0xB7, 0x52, 0xC6, 0x3F, 0xD7, 0xF0,
    0xE7, 0xF8, 0x9A, 0x05, 0xB0, 0x97, 0xBD, 0x8F, 0x96, 0xD9, 0x96, 0xD3, 0xA2, 0x93, 0xFA, 0xB6,
    0x6F, 0x81, 0xAA, 0x60, 0xE3, 0x6E, 0x8B, 0x6E, 0x99, 0x26, 0x91, 0x3B, 0xCC, 0x44, 0xA1, 0x2D,
    0xEA, 0xEA, 0xC1, 0x66, 0x06, 0x5D, 0x39, 0x32, 0x6D, 0xD4, 0x59, 0xD4, 0x75, 0xC8, 0x86, 0x39,
    0xC7, 0xF7, 0x13, 0x96, 0x1C, 0xB8, 0x80, 0x2F, 0x18, 0xAE, 0x9F, 0x10, 0x89, 0x8A, 0x60, 0x65,
    0x4C, 0xEC, 0xDA, 0xDE, 0x33, 0xCD, 0x29, 0xF5, 0x92, 0xA6, 0x3D, 0x66, 0x9B, 0x69, 0x57, 0x22,
    0x25, 0x80, 0x1D, 0x00, 0xEC, 0x39, 0xA9, 0xD3, 0x54, 0xC9, 0xC5, 0x24, 0x05, 0x45, 0x2D, 0x1D,
    0x7F, 0xEE, 0xD5, 0xE1, 0xEF, 0xA4, 0xA6, 0x60, 0xE0, 0xDB, 0x8E, 0xED, 0xAE, 0xF8, 0xD0, 0xE6,
    0x11, 0x73, 0x86, 0x1E, 0xCC, 0xAE, 0xD0, 0x97, 0xC0, 0xEE, 0x4C, 0x6C, 0x99, 0x49, 0x34, 0x23,
    0x94, 0x22, 0x1C, 0x7F, 0x62, 0x77, 0x5F, 0x6C, 0xFB, 0x30, 0xA6, 0x49, 0xBA, 0xED, 0xA2, 0x1B,
    0x24, 0x9F, 0x5D, 0x58, 0x25, 0x3A, 0xA6, 0x63, 0xD9, 0x87, 0xD8, 0x8C, 0xA7, 0x6F, 0xAF, 0xA7,
    0x90, 0x92, 0x92, 0x53, 0xFE, 0x1A, 0x3F, 0xBF, 0x69, 0x37, 0xAB, 0x07, 0x06, 0xFD, 0x8C, 0x72,
    0x2B, 0xC9, 0xB7, 0xD9, 0xB1, 0x2D, 0x93, 0x52, 0x30, 0x31, 0x1F, 0x34, 0x0A, 0x15, 0x14, 0x1D,
    0xD5, 0xC7, 0x13, 0x16, 0xF6, 0x4C, 0x7D, 0x6A, 0x8A, 0x88, 0x5C, 0x92, 0x92, 0xE2, 0xC3, 0x9A,
    0x29, 0x38, 0xDE, 0x21, 0xFB, 0x1F, 0xF2, 0xDB, 0x91, 0x1F, 0x6F, 0x5F, 0xA2, 0xD9, 0xEF, 0x79,
    0x38, 0x6E, 0xD3, 0x69, 0x29, 0xD4, 0xB6, 0x3F, 0xD9, 0x6C, 0xFE, 0x3D, 0xF3, 0xB6, 0xC8, 0xEF,
    0xDF, 0x8E, 0x79, 0x1B, 0xA2, 0xBD, 0x1E, 0xDC, 0xBA, 0x22, 0x6F, 0xFB, 0xDE, 0x85, 0xBC, 0x4D,
    0x32, 0x5E, 0xE2, 0x22, 0xBC, 0xCD, 0x38, 0xB9, 0x6B, 0x2B, 0xD7, 0xA1, 0x72, 0x8D, 0xAE, 0x10,
    0x2E, 0x7A, 0x23, 0x4A, 0x09, 0x6C, 0xAB, 0x2E, 0xBA, 0x98, 0xF6, 0xF7, 0xE2, 0x43, 0x14, 0x17,
    0x96, 0xF4, 0x42, 0xE5, 0xFB, 0x1A, 0x68, 0x0A, 0xCC, 0x76, 0xCF, 0xDC, 0x97, 0x2D, 0x63, 0x6D,
    0x32, 0x9C, 0xEF, 0x91, 0xAA, 0xD6, 0x98, 0xFE, 0x78, 0xD9, 0x2E, 0x23, 0x56, 0x8B, 0x58, 0x64,
    0x83, 0x7F, 0x25, 0xB6, 0xBF, 0x8C, 0xF5, 0xAB, 0xD1, 0x7F, 0x73, 0xFA, 0x80, 0xB5, 0x49, 0x59,
    0xE9, 0x82, 0xC5, 0xC0, 0xBF, 0xBA, 0x93, 0x6D, 0x2B, 0xD0, 0xA7, 0x3F, 0xF9, 0x03, 0xFF, 0x3A,
    0xD1, 0x67, 0x60, 0x01, 0x41, 0x14, 0x9B, 0xC1, 0x00, 0xB2, 0x81, 0x33, 0xC5, 0x21, 0xA1, 0xE4,
    0x2E, 0x45, 0xF7, 0x2E, 0x78, 0x01, 0x16, 0x03, 0x06, 0x82, 0x6B, 0x89, 0xD7, 0x2C, 0xCE, 0xDC,
    0xB5, 0x48, 0x33, 0x2B, 0x76, 0x51, 0x01, 0xA2, 0x88, 0x18, 0xB5, 0x24, 0x42, 0xC1, 0xE3, 0xDA,
    0x2E, 0x61, 0xD9, 0x7E, 0x72, 0x61, 0x29, 0xD3, 0x89, 0x96, 0x3C, 0x91, 0x4D, 0x61, 0xAC, 0xDE,
    0x83, 0x00, 0x96, 0xCA, 0x88, 0x29, 0xF1, 0xCD, 0x76, 0x79, 0x01, 0xB6, 0x3F, 0x89, 0x72, 0x87,
    0x4E, 0x99, 0x29, 0xF5, 0xBD, 0xD6, 0x9B, 0x44, 0xA7, 0x42, 0x05, 0xEC, 0xBC, 0x88, 0xA2, 0xD3,
    0x21, 0xF4, 0x7A, 0x8B, 0x6F, 0x3F, 0xE6, 0x2C, 0x55, 0x73, 0x2A, 0x6F, 0xF3, 0x84, 0x76, 0x7B,
    0x34, 0x0F, 0xF6, 0xB9, 0xEA, 0x2D, 0xEA, 0x0D, 0x74, 0x49, 0x6D, 0x22, 0xBC, 0x60, 0x4C, 0xDA,
    0x7B, 0x9B, 0x40, 0x52, 0x1B, 0x77, 0xD2, 0xEA, 0x31, 0x54, 0x4B, 0xEA, 0xB2, 0x42, 0xAD, 0xCB,
    0x33, 0x2D, 0x95, 0xA3, 0x73, 0xD6, 0xE8, 0x39, 0xA9, 0xFB, 0xE5, 0xF4, 0xE5, 0xAF, 0xEF, 0xA8,
    0x77, 0xE5, 0xE2, 0xF6, 0x61, 0x2E, 0x3A, 0xC8, 0xDF, 0xFD, 0xE8, 0x34, 0x95, 0xB0, 0xA6, 0x65,
    0xA8, 0x4E, 0x6D, 0xDB, 0xF7, 0x1F, 0xDD, 0xE2, 0x8B, 0x64, 0x3A, 0xFD, 0xF1, 0x95, 0xAF, 0x8E,
    0x0B, 0x43, 0x7D, 0x9B, 0xB4, 0x00, 0xF4, 0xF1, 0xF6, 0x86, 0x5C, 0xD8, 0x3E, 0xFE, 0x13, 0xB9,
    0x0F, 0x65, 0xBA, 0x31, 0xB4, 0xAA, 0x92, 0xE1, 0x9C, 0x8F, 0x95, 0xAA, 0x45, 0x45, 0x75, 0x72,
    0x52, 0xDD, 0x3E, 0x2D, 0x87, 0x59, 0x38, 0xF7, 0x9F, 0xC5, 0x6B, 0x44, 0x4B, 0xB6, 0x65, 0x45,
    0x7B, 0x34, 0x5F, 0xD6, 0x9F, 0x03, 0x08, 0xFF, 0x82, 0x30, 0x7C, 0x98, 0x11, 0x68, 0xD4, 0x93,
    0xB4, 0x6A, 0x78, 0x4E, 0x28, 0xC5, 0x37, 0x52, 0x46, 0xB5, 0x2B, 0x71, 0xB3, 0xDA, 0x9A, 0xF1,
    0xAE, 0x06, 0xC4, 0x2F, 0x74, 0x76, 0x4E, 0x3B, 0x21, 0xEA, 0xAC, 0x15, 0x56, 0xE3, 0x1B, 0xBF,
    0xC7, 0x6E, 0x64, 0x6F, 0xBF, 0xFC, 0x36, 0xAE, 0x07, 0x3A, 0xE1, 0x2B, 0xBF, 0xC2, 0xAB, 0x74,
    0x3E, 0xBC, 0xFE, 0x53, 0xBC, 0xD6, 0xD1, 0x40, 0x03, 0xD8, 0x5D, 0x2E, 0x58, 0x68, 0xD4, 0x8B,
    0xD8, 0x54, 0x98, 0x4E, 0x3D, 0xAE, 0x86, 0xDF, 0x26, 0x5A, 0x7A, 0xE1, 0x7A, 0xC1, 0xEA, 0xDF,
    0x6D, 0x27, 0x10, 0x40, 0x7C, 0x2F, 0xA8, 0xFE, 0x99, 0x99, 0xA6, 0xB4, 0xCD, 0x0E, 0x5D, 0x11,
    0xD8, 0x6E, 0x74, 0x6E, 0x62, 0xF8, 0x6E, 0x07, 0xE6, 0x1F, 0x74, 0x8D, 0x7D, 0x14, 0x4F, 0xE6,
    0x0B, 0x59, 0x4C, 0x39, 0xE4, 0x19, 0x3A, 0x48, 0xE2, 0x3D, 0xF2, 0x00, 0xAE, 0x3D, 0x1F, 0x62,
    0x81, 0x9F, 0xF2, 0x1E, 0x5C, 0xAE, 0xB5, 0x2F, 0x6B, 0x74, 0x89, 0xF5, 0x2F, 0x3A, 0x32, 0x78,
    0x5D, 0xBD, 0x44, 0xEF, 0xB5, 0xAD, 0x8C, 0x5B, 0x4A, 0x71, 0xFA, 0xD0, 0x47, 0xDC, 0x54, 0x1C,
    0x9A, 0x6D, 0x51, 0xE2, 0xE9, 0x67, 0x61, 0xFF, 0x5D, 0x86, 0xB0, 0xEA, 0xBD, 0x03, 0x76, 0xAA,
    0x12, 0xE4, 0xD3, 0x49, 0x6F, 0x5A, 0x49, 0x2A, 0x66, 0x55, 0x74, 0xFC, 0x04, 0x81, 0xEA, 0xE3,
    0x49, 0xCB, 0x55, 0x2F, 0x7D, 0xCE, 0x9E, 0x72, 0xD0, 0xEF, 0x81, 0x00, 0x34, 0xBB, 0x24, 0x93,
    0x85, 0xCF, 0x96, 0xED, 0xB8, 0x43, 0xC9, 0x1F, 0x29, 0xDA, 0xAE, 0x1A, 0xE8, 0x1F, 0x55, 0x0E,
    0x68, 0x28, 0x81, 0xA1, 0x2B, 0x6E, 0xD1, 0xDB, 0xCD, 0x9B, 0xBC, 0xEB, 0xFB, 0x89, 0xE3, 0xE6,
    0x01, 0x0D, 0x33, 0x34, 0xB4, 0x1E, 0xBD, 0x05, 0x8B, 0x79, 0x6F, 0x4E, 0x58, 0x07, 0xAA, 0xFD,
    0xB5, 0x54, 0x9E, 0xAF, 0xAE, 0xD4, 0x10, 0xF9, 0x47, 0x49, 0x86, 0xF6, 0x0F, 0x0D, 0x77, 0xD9,
    0x78, 0xF3, 0x05, 0x9C, 0xFD, 0x98, 0x06, 0xB7, 0x65, 0x33, 0xE6, 0xAB, 0x0B, 0x9B, 0x71, 0xA1,
    0xC2, 0x1C, 0xD5, 0x66, 0x74, 0xF4, 0x2D, 0xFD, 0x39, 0x9A, 0xEC, 0xAC, 0x3D, 0xA3, 0x38, 0x7D,
    0xEB, 0xF1, 0x3D, 0x74, 0x1E, 0xD0, 0xB1, 0xB1, 0xCB, 0x69, 0x31, 0xCA, 0xBA, 0x90, 0xB3, 0xF2,
    0x96, 0xB4, 0x96, 0x23, 0xB5, 0x88, 0x8C, 0xDC, 0x7B, 0xC6, 0x43, 0xF6, 0x4C, 0x55, 0x4C, 0x7B,
    0x82, 0x39, 0x97, 0xC1, 0xF2, 0x60, 0xD1, 0xB0, 0x4A, 0x68, 0xDB, 0x4F, 0xD0, 0x0F, 0x4F, 0x45,
    0xBC, 0x81, 0xE9, 0x98, 0xFD, 0xE4, 0xFE, 0x19, 0x0D, 0xD3, 0x5F, 0x8A, 0x35, 0xE3, 0x3D, 0xA6,
    0x16, 0x91, 0xA7, 0xB5, 0x46, 0x9C, 0xC2, 0xD3, 0x01, 0x16, 0x1A, 0x60, 0x71, 0xC2, 0xE0, 0x5B,
    0x2D, 0x77, 0xAD, 0x0E, 0xC4, 0x3D, 0xAF, 0x88, 0x7E, 0xE2, 0xB1, 0xA3, 0x3D, 0xCE, 0x83, 0x9B,
    0x89, 0x87, 0x2F, 0x40, 0x2B, 0x01, 0xE1, 0x00, 0xFA, 0x40, 0xF1, 0x83, 0xB7, 0x58, 0x8D, 0x2F,
    0xC2, 0x86, 0x41, 0xE4, 0x7E, 0x11, 0x58, 0x5B, 0x2C, 0x82, 0x1F, 0x25, 0x9B, 0x12, 0x62, 0xAA,
    0xA4, 0x08, 0x85, 0xC1, 0x2D, 0xE2, 0x08, 0x54, 0x98, 0x8B, 0xD0, 0x62, 0xC4, 0x52, 0x04, 0x7D,
    0xBC, 0x59, 0x53, 0xD6, 0x90, 0x7C, 0x5A, 0xE9, 0xD9, 0xBF, 0x76, 0x5A, 0xEF, 0x29, 0xAE, 0x53,
    0xBD, 0x3A, 0xA0, 0x87, 0xCE, 0x88, 0xC1, 0x73, 0x3E, 0x5C, 0xEA, 0x20, 0xD9, 0x5B, 0x8B, 0x1F,
    0x25, 0x7F, 0x6B, 0x29, 0xA2, 0xEC, 0x5F, 0x5A, 0xDC, 0x2C, 0xEE, 0xA5, 0xE5, 0x00, 0x29, 0x92,
    0x8D, 0x0A, 0x69, 0x2F, 0x82, 0xEA, 0xA8, 0x23, 0xB6, 0x63, 0x7F, 0xA8, 0xA5, 0x43, 0x4D, 0x17,
    0x5C, 0xE3, 0x39, 0xC5, 0x61, 0xD8, 0xAC, 0x36, 0xAC, 0x56, 0x79, 0x4C, 0xDA, 0x7D, 0x19, 0x57,
    0xEB, 0xEB, 0x6E, 0xB3, 0xA2, 0x5B, 0x56, 0x6B, 0x3A, 0x40, 0x5D, 0xF1, 0xEC, 0xF9, 0x87, 0xCF,
    0xF3, 0x24, 0xB0, 0xAD, 0xBB, 0x60, 0x75, 0xE2, 0x5E, 0x1B, 0xD1, 0x6F, 0x56, 0x1B, 0xD4, 0x2A,
    0x6F, 0x8C, 0xDE, 0x2C, 0xEF, 0x46, 0x3F, 0xA9, 0x75, 0xD7, 0x8D, 0x65, 0x54, 0x2B, 0xBA, 0xD1,
    0xCD, 0x47, 0x0B, 0xB4, 0x76, 0x93, 0x1B, 0x0F, 0x60, 0x10, 0xDA, 0x47, 0x5A, 0xF6, 0x93, 0x92,
    0x74, 0x2C, 0xE2, 0xC9, 0xA2, 0x23, 0xB2, 0x9D, 0xF4, 0x8C, 0x62, 0xB1, 0xCB, 0xF4, 0x50, 0x2F,
    0x4A, 0x6C, 0x94, 0x11, 0x9D, 0x72, 0x42, 0x4F, 0xEE, 0x42, 0x1D, 0xC8, 0x3C, 0xB0, 0x4F, 0xC1,
    0x2D, 0x9E, 0x63, 0x55, 0xD4, 0xBF, 0x04, 0xE9, 0xFD, 0xCF, 0x94, 0xCF, 0x24, 0x36, 0x89, 0xF7,
    0x7C, 0x8F, 0x2E, 0x31, 0x26, 0x0E, 0x29, 0x41, 0x20, 0x43, 0x8D, 0x67, 0x91, 0xF6, 0xA3, 0x5D,
    0x29, 0x25, 0xA0, 0xE3, 0xE6, 0xC9, 0x20, 0x52, 0x2C, 0x67, 0x67, 0x2F, 0xF4, 0xEC, 0xF5, 0x64,
    0x37, 0x6B, 0xC3, 0x44, 0xEC, 0x52, 0xC9, 0x3A, 0xE4, 0x81, 0xF4, 0xD3, 0xA1, 0x27, 0xDD, 0xCC,
    0x62, 0x2C, 0xE8, 0x09, 0xD9, 0xC3, 0x12, 0x1B, 0x6D, 0x9E, 0xB9, 0x29, 0x2A, 0x5D, 0x49, 0xFC,
    0x5F, 0x1D, 0xAF, 0xE0, 0x43, 0x3B, 0xB0, 0x1A, 0x5A, 0x22, 0xE8, 0x13, 0x47, 0x56, 0xEF, 0x83,
    0x3D, 0x5A, 0xBD, 0xA5, 0x2C, 0x7C, 0x2A, 0x40, 0x0E, 0xA4, 0x3E, 0x75, 0x13, 0x77, 0xE8, 0x30,
    0x1D, 0x00, 0xC1, 0x84, 0x3E, 0xB1, 0xD2, 0x85, 0x7A, 0x60, 0x94, 0x0D, 0x7E, 0x39, 0x7B, 0x21,
    0xB0, 0x4D, 0xE2, 0xF4, 0xB9, 0xB0, 0x35, 0xDD, 0x5A, 0xFE, 0x76, 0x20, 0x4A, 0xB0, 0xDD, 0x85,
    0xDD, 0x37, 0xB5, 0x5D, 0x35, 0x5E, 0x46, 0xC9, 0x25, 0xD5, 0x6F, 0x42, 0x93, 0xCA, 0x1C, 0x6E,
    0x56, 0xEC, 0x6D, 0xA9, 0x41, 0x17, 0x5F, 0x0F, 0xE0, 0xF9, 0x47, 0x8F, 0x81, 0xA7, 0xF7, 0x08,
    0xE5, 0xE4, 0x01, 0x71, 0xD0, 0x53, 0x9F, 0x4C, 0xF5, 0x5F, 0x87, 0xB3, 0xB3, 0xE7, 0x59, 0xB1,
    0x0D, 0xA5, 0xEB, 0xD4, 0xCC, 0xE8, 0x57, 0x95, 0x9A, 0x7C, 0x96, 0xDF, 0xDD, 0x7C, 0x78, 0x92,
    0x68, 0x26, 0xD7, 0x3E, 0xC2, 0x6A, 0xEE, 0xA1, 0x1D, 0x6C, 0x77, 0xC4, 0xEB, 0x8D, 0xF9, 0xF1,
    0xD9, 0x19, 0x50, 0xD1, 0xC4, 0x29, 0xAC, 0x5E, 0x74, 0xE5, 0xA5, 0xD8, 0x3C, 0xD8, 0xC5, 0xE2,
    0xE8, 0xC2, 0x63, 0xC1, 0x18, 0xA2, 0x66, 0x28, 0x46, 0x67, 0x66, 0x3B, 0x14, 0xE3, 0x61, 0x51,
    0x13, 0x5D, 0x31, 0xE6, 0xA0, 0x99, 0x99, 0x59, 0x59, 0x04, 0x2E, 0xC6, 0xE3, 0xCF, 0x80, 0xCB,
    0x49, 0x30, 0xD0, 0x93, 0x67, 0x5D, 0xD0, 0x9C, 0x69, 0x8E, 0x34, 0x8B, 0x59, 0x57, 0x5A, 0x74,
    0x9C, 0x5B, 0x44, 0xB3, 0xE8, 0xD9, 0xFC, 0x91, 0xF4, 0xEA, 0xDB, 0xE8, 0x25, 0x9A, 0xC5, 0x20,
    0x6B, 0x96, 0x8B, 0x3A, 0x48, 0x5A, 0xD6, 0x8B, 0x59, 0x3B, 0xCC, 0x6A, 0xE9, 0x36, 0x1D, 0x2D,
    0xAB, 0xC5, 0x45, 0xCF, 0x1F, 0x90, 0x6B, 0xDC, 0xF6, 0x01, 0xDD, 0xB6, 0x92, 0x86, 0x7E, 0xB3,
    0xEC, 0x4E, 0x41, 0x4F, 0x5B, 0x93, 0xF1, 0xAE, 0x0D, 0xEA, 0x24, 0x37, 0x70, 0x1D, 0x8B, 0x63,
    0x22, 0x7E, 0x83, 0xCD, 0xDF, 0xA1, 0xC9, 0x6E, 0xCA, 0x4D, 0xC9, 0x62, 0x3E, 0x8B, 0xB4, 0x8C,
    0x17, 0x1E, 0xFF, 0xAA, 0x8E, 0x63, 0x5F, 0x32, 0x1D, 0x00, 0xA6, 0x52, 0xEA, 0x8E, 0xF4, 0xCD,
    0x81, 0xD7, 0xDE, 0x33, 0x63, 0xD1, 0x29, 0x27, 0xFD, 0x96, 0x62, 0x4E, 0x26, 0xB7, 0x5B, 0xC6,
    0x07, 0x7E, 0xD4, 0x5E, 0xFE, 0xE7, 0x11, 0xAF, 0x32, 0x5E, 0x14, 0x7E, 0xC6, 0x5A, 0x3E, 0xCB,
    0x41, 0xC0, 0xC2, 0xB3, 0x7D, 0x47, 0x0A, 0xDD, 0xD5, 0x99, 0xDC, 0x69, 0x7C, 0xB7, 0xB7, 0xC9,
    0x60, 0xD8, 0x53, 0xE4, 0xAB, 0x37, 0x73, 0x9E, 0x32, 0x13, 0x6E, 0xAE, 0x73, 0x21, 0x1F, 0x53,
    0x65, 0x33, 0xFE, 0x9D, 0x89, 0x61, 0xAE, 0x8B, 0x6E, 0x08, 0x7E, 0xF0, 0x93, 0xEF, 0xCA, 0x58,
    0xA6, 0x57, 0x56, 0xF9, 0x49, 0xCF, 0xF5, 0x3C, 0x3A, 0xCD, 0xE1, 0xEC, 0x3E, 0x9F, 0xB6, 0x85,
    0x3C, 0x7B, 0x15, 0x91, 0x5F, 0xFA, 0xEE, 0x74, 0x25, 0x6B, 0x96, 0xFA, 0x0D, 0x11, 0x5E, 0xC0,
    0x22, 0xBB, 0x1F, 0x42, 0xEA, 0x58, 0xFF, 0x16, 0x4B, 0x09, 0xCC, 0xD9, 0xBF, 0xD9, 0x52, 0x6C,
    0x8B, 0x03, 0x30, 0x60, 0x51, 0x06, 0x30, 0xA6, 0xD7, 0xB3, 0x60, 0xC8, 0xCD, 0x3D, 0xBA, 0xF7,
    0xCB, 0x1D, 0xAA, 0x72, 0xCA, 0xD0, 0xA4, 0xBF, 0x72, 0xE2, 0x63, 0xC0, 0x56, 0xF1, 0x44, 0xEA,
    0xA1, 0x9C, 0x0E, 0xB3, 0x48, 0xB9, 0xDC, 0x99, 0xDB, 0xCD, 0x0F, 0x7A, 0x61, 0x97, 0xFD, 0x5F,
    0x79, 0x57, 0x00, 0x71, 0x49, 0x96, 0x9D, 0x4F, 0x55, 0x4D, 0x77, 0xD9, 0xAD, 0x95, 0x3B, 0xC8,
    0x10, 0x8B, 0xD4, 0x02, 0xD6, 0xCA, 0x6C, 0x05, 0x41, 0x30, 0xDD, 0xB7, 0xC6, 0xB2, 0xC1, 0xC2,
    0x40, 0xCF, 0x62, 0x31, 0x8B, 0x20, 0xD9, 0xA0, 0x17, 0xC1, 0x88, 0xEE, 0xA9, 0x27, 0x83, 0x60,
    0xB1, 0x1B, 0x22, 0x09, 0xB0, 0x8B, 0x41, 0xD2, 0x4B, 0x66, 0xB0, 0x68, 0xFC, 0xB3, 0x55, 0xDD,
    0x2D, 0x16, 0x41, 0x2A, 0x89, 0x05, 0x8B, 0xA9, 0xD8, 0x91, 0xB0, 0xC1, 0x14, 0x53, 0x93, 0x54,
    0x4F, 0xDF, 0xAA, 0x93, 0x3A, 0xDF, 0xB9, 0xF5, 0xEA, 0x55, 0xBF, 0xF7, 0xBF, 0xF9, 0xFF, 0xE9,
    0x3F, 0x3D, 0x7F, 0x67, 0x4B, 0xBF, 0xEF, 0x3B, 0xFD, 0xFE, 0x7A, 0xF5, 0x6E, 0x9D, 0x77, 0xEB,
    0xD6, 0xBD, 0xE7, 0x9C, 0x73, 0x4A, 0x57, 0x22, 0xF2, 0xF9, 0xA3, 0x6C, 0x1D, 0x48, 0xDA, 0x2B,
    0x6C, 0xBC, 0x53, 0x80, 0x5E, 0x01, 0x76, 0x67, 0xC3, 0x62, 0xA4, 0x2E, 0x23, 0xCB, 0xD4, 0xD9,
    0x2A, 0x12, 0xAC, 0x05, 0x4D, 0x23, 0x18, 0xB5, 0x0B, 0x86, 0xC0, 0x60, 0x0F, 0x43, 0x60, 0xD4,
    0x84, 0x82, 0x15, 0xC9, 0x67, 0x27, 0xAC, 0xBA, 0x4C, 0xD2, 0x56, 0x3E, 0x1A, 0x67, 0xA7, 0x51,
    0xA8, 0x11, 0x98, 0x57, 0xBA, 0xF3, 0xB4, 0x6D, 0x95, 0x20, 0x90, 0xE1, 0x38, 0x2C, 0x37, 0x20,
    0x0D, 0x18, 0x8A, 0x99, 0x34, 0x0A, 0x87, 0x30, 0xAE, 0x92, 0xED, 0xAD, 0xA0, 0x13, 0x94, 0xE0,
    0xFF, 0x3F, 0xA2, 0x54, 0xAE, 0xE0, 0x0A, 0x38, 0x96, 0xA3, 0x1D, 0x5F, 0x9B, 0x58, 0xF2, 0xC1,
    0x11, 0x09, 0x74, 0x25, 0x1D, 0x74, 0x4F, 0xFD, 0x94, 0x1E, 0xC1, 0x0C, 0x13, 0x4A, 0x52, 0x16,
    0x95, 0x08, 0x3F, 0x82, 0x75, 0x34, 0xDE, 0x26, 0x08, 0x44, 0x4B, 0x82, 0x00, 0x21, 0xCE, 0xA7,
    0xC0, 0x5A, 0x98, 0x07, 0x8C, 0xA1, 0x39, 0xEC, 0xAC, 0xB6, 0xC3, 0x88, 0x3F, 0x47, 0xE9, 0x48,
    0xFE, 0x59, 0x5B, 0xC2, 0x6D, 0x33, 0x4E, 0x50, 0xB4, 0xBF, 0xED, 0xFF, 0x60, 0x01, 0x1D, 0x95,
    0x0D, 0x3E, 0x96, 0xC8, 0x01, 0xC2, 0x75, 0xF8, 0x8E, 0x7C, 0x67, 0xC0, 0xA0, 0x84, 0x2B, 0x99,
    0xD7, 0xA7, 0x72, 0xDA, 0x39, 0xD9, 0xF7, 0x74, 0x9E, 0x1A, 0xC2, 0x28, 0x7B, 0xB2, 0xDC, 0xBB,
    0xB8, 0xA1, 0x1E, 0x46, 0xCC, 0x50, 0xAF, 0xCC, 0x08, 0xD4, 0x47, 0x30, 0xE9, 0xB8, 0xB8, 0xC2,
    0x9A, 0xD4, 0x80, 0x06, 0x03, 0xF3, 0x01, 0xA7, 0x6A, 0xBF, 0xC8, 0x08, 0x54, 0x08, 0x05, 0xAC,
    0x56, 0x5D, 0x76, 0xBB, 0x54, 0x74, 0x07, 0xE2, 0x6B, 0xD3, 0x25, 0x33, 0x16, 0x8E, 0x84, 0x4A,
    0x50, 0xB3, 0x38, 0x90, 0x13, 0x1A, 0xB7, 0xE2, 0x0B, 0x36, 0x15, 0x56, 0xE5, 0x1B, 0x92, 0xA1,
    0x57, 0xF3, 0x88, 0xD0, 0xCA, 0xEB, 0x38, 0xD0, 0x35, 0xC1, 0xEE, 0x04, 0xEB, 0x2A, 0x35, 0x68,
    0x76, 0x82, 0xA3, 0x2E, 0x7A, 0x05, 0x23, 0xA8, 0x3D, 0xDC, 0x59, 0x35, 0xDF, 0xF9, 0x3A, 0x52,
    0xDC, 0x8B, 0x07, 0x1A, 0x01, 0xDF, 0xB0, 0x06, 0xBF, 0x17, 0x1B, 0xAC, 0x9C, 0x53, 0xEC, 0x78,
    0xB2, 0x9F, 0xE4, 0xFE, 0xAC, 0x68, 0xF4, 0xF3, 0x6F, 0x7D, 0x67, 0x23, 0xCE, 0x22, 0x2B, 0xE1,
    0x9D, 0xA3, 0x81, 0x61, 0x3A, 0x96, 0x76, 0x64, 0xF7, 0x30, 0xE5, 0xA8, 0xD4, 0x50, 0xF0, 0x59,
    0xE8, 0x7E, 0xB5, 0x85, 0xCB, 0x52, 0x2B, 0x63, 0xF6, 0xEA, 0xD6, 0xE0, 0x45, 0x6C, 0x9A, 0x82,
    0x8B, 0x4D, 0xAF, 0x5B, 0x88, 0x3A, 0xAF, 0xDC, 0x3A, 0x9D, 0xF9, 0x97, 0xCC, 0x0F, 0x18, 0x57,
    0x2F, 0x7F, 0xB8, 0x15, 0xCB, 0xB6, 0x74, 0x64, 0x2B, 0x8D, 0x45, 0xB4, 0x93, 0x48, 0x22, 0x16,
    0x9D, 0xD9, 0x11, 0x07, 0xBA, 0xE6, 0xC5, 0x98, 0xE9, 0xC4, 0x8B, 0x11, 0x93, 0x23, 0xFD, 0x58,
    0xC8, 0x9B, 0x8E, 0xF4, 0x60, 0xC4, 0xF7, 0x5B, 0x88, 0x3C, 0x89, 0x0F, 0x1A, 0xFD, 0xE2, 0x86,
    0x8A, 0x5F, 0x56, 0x73, 0x73, 0xEC, 0x23, 0xAC, 0x7C, 0xA7, 0xCF, 0xC0, 0xAE, 0xEF, 0x23, 0x2F,
    0x7D, 0x8A, 0x5B, 0xEA, 0xBC, 0x68, 0x31, 0xCA, 0xC6, 0x03, 0xF4, 0xC3, 0xB9, 0xBA, 0x41, 0x74,
    0x48, 0xF0, 0xE2, 0x6E, 0xE2, 0xB8, 0x4F, 0xC9, 0xD8, 0x0F, 0x45, 0xF6, 0x76, 0x14, 0xCD, 0xB4,
    0x58, 0x7E, 0xC6, 0x61, 0x11, 0x1B, 0x90, 0x7A, 0x3D, 0x74, 0xA4, 0x91, 0x69, 0x36, 0x96, 0xC1,
    0x0E, 0x12, 0x56, 0xBE, 0xE2, 0xD0, 0x74, 0x72, 0x32, 0x7C, 0x7F, 0x92, 0x3A, 0xB9, 0xFB, 0x6A,
    0xD8, 0x0C, 0x21, 0x32, 0x10, 0x15, 0x2A, 0x24, 0x1E, 0xA5, 0x2D, 0xDA, 0xA4, 0x22, 0x3F, 0xF0,
    0x98, 0x8A, 0x4A, 0x91, 0xB2, 0xDE, 0xE4, 0x2A, 0x19, 0x97, 0x91, 0xFE, 0xD5, 0x0C, 0xD7, 0x49,
    0x3F, 0x11, 0x8F, 0xD7, 0xD0, 0x29, 0x65, 0x24, 0x3C, 0x21, 0x3D, 0x72, 0x08, 0x97, 0xB0, 0xF3,
    0xE6, 0x1B, 0xF8, 0xB1, 0x08, 0x92, 0x1F, 0xB9, 0x6A, 0x6D, 0xA9, 0x9E, 0x9E, 0xAE, 0x08, 0x97,
    0x13, 0xB5, 0xF9, 0x2C, 0xF1, 0x2C, 0x04, 0xC3, 0x56, 0x4B, 0x6E, 0xAB, 0x8E, 0x16, 0xEC, 0x57,
    0x8F, 0xFA, 0xC7, 0xF7, 0x95, 0xC3, 0x6E, 0xD9, 0x57, 0x53, 0x60, 0x75, 0x9A, 0xAB, 0xF9, 0x07,
    0x48, 0xF2, 0xBB, 0xDF, 0x15, 0x1A, 0xBE, 0x91, 0x3A, 0x78, 0x47, 0xCD, 0x20, 0x92, 0x37, 0x57,
    0x50, 0xAC, 0xA4, 0x99, 0xE7, 0xEA, 0xEE, 0x16, 0xAA, 0x0E, 0x93, 0xDB, 0xA1, 0x8D, 0x7E, 0xDC,
    0x1F, 0x4C, 0x0F, 0x3D, 0xCE, 0x5F, 0x14, 0xF1, 0xBD, 0x06, 0xF3, 0xD0, 0x47, 0x03, 0xD7, 0xEA,
    0x87, 0x23, 0xE8, 0xA4, 0xDB, 0x89, 0x4D, 0x88, 0x3A, 0x90, 0xDF, 0x4E, 0x70, 0x06, 0xBE, 0x06,
    0x8F, 0x86, 0x86, 0x8E, 0xEF, 0xC2, 0x4E, 0x8C, 0x5B, 0x83, 0x15, 0xC8, 0xFA, 0x62, 0x02, 0x37,
    0x41, 0xEA, 0xCA, 0x2D, 0x14, 0x1E, 0x32, 0x87, 0x5D, 0xB0, 0x33, 0x16, 0x0F, 0x38, 0x00, 0x0E,
    0x45, 0x56, 0x03, 0x35, 0xF4, 0x8B, 0x56, 0x95, 0xB3, 0xEC, 0xE0, 0x05, 0xE6, 0x8F, 0x67, 0x81,
    0xC1, 0x61, 0x9B, 0x7A, 0xA1, 0x39, 0xB9, 0x49, 0xBA, 0x8D, 0x9E, 0xE9, 0xA7, 0xB3, 0xF0, 0xE2,
    0x2C, 0xDC, 0xF5, 0x1C, 0xD4, 0xB4, 0xDA, 0x12, 0x2C, 0x15, 0x6A, 0x0D, 0xDF, 0xD1, 0xE2, 0x03,
    0x6F, 0x32, 0x3C, 0x9B, 0x31, 0x13, 0x7F, 0x6D, 0x0C, 0xC4, 0x34, 0x31, 0x09, 0xDE, 0x31, 0x59,
    0x06, 0x93, 0x20, 0x33, 0xD8, 0x3F, 0xA4, 0x2F, 0xFB, 0x4C, 0x3F, 0x22, 0x11, 0x7A, 0x08, 0xB6,
    0x9B, 0x85, 0x7E, 0x16, 0xDC, 0x19, 0x84, 0x7E, 0x3E, 0x4E, 0xE7, 0x05, 0x4C, 0x92, 0xE9, 0xF7,
    0x10, 0xFB, 0x31, 0xC0, 0xEB, 0x8E, 0x81, 0x92, 0x06, 0x52, 0x6F, 0x80, 0xD6, 0x10, 0x08, 0xF8,
    0xE1, 0xCD, 0x0F, 0x1E, 0x16, 0xF0, 0x23, 0x4D, 0xAD, 0xE6, 0x5E, 0x9D, 0xC5, 0x25, 0x57, 0xEA,
    0x61, 0xF5, 0x49, 0xC2, 0x8A, 0x48, 0xC8, 0xD3, 0x91, 0x4F, 0x05, 0xEB, 0x47, 0xC0, 0xDB, 0xA1,
    0xF2, 0xEB, 0x69, 0x52, 0xAF, 0xAE, 0xF5, 0xD4, 0x73, 0xBC, 0x51, 0xCE, 0x80, 0x68, 0xD6, 0xB2,
    0xE1, 0x4B, 0x74, 0x6E, 0x91, 0xA7, 0xC8, 0xEA, 0xE3, 0x1A, 0x7E, 0x79, 0x97, 0xB6, 0xF0, 0x08,
    0x77, 0xA6, 0x65, 0x42, 0xC8, 0x4C, 0x6D, 0xB1, 0xA8, 0xBC, 0x4A, 0x9F, 0x9B, 0x58, 0xAD, 0x2A,
    0x65, 0xED, 0xB9, 0x29, 0x1F, 0xE3, 0x62, 0xC5, 0x5C, 0xC3, 0xC7, 0x89, 0xCF, 0x93, 0x11, 0x96,
    0x2E, 0x54, 0x21, 0x55, 0xEF, 0x55, 0x7E, 0x98, 0xC2, 0x56, 0xF6, 0xD0, 0xFB, 0x3D, 0x6B, 0xCB,
    0xB5, 0x5C, 0xCD, 0xF2, 0x0F, 0x56, 0x27, 0x4D, 0x1D, 0x53, 0xB3, 0x1C, 0xDE, 0xF9, 0xE8, 0xDD,
    0xD7, 0x08, 0x5B, 0xFD, 0xFB, 0x09, 0x18, 0xDB, 0xAF, 0x83, 0x45, 0x98, 0xA6, 0x05, 0xEB, 0x66,
    0x27, 0x6F, 0x9A, 0x7E, 0xF2, 0x55, 0xFD, 0x79, 0x7F, 0xF7, 0x0B, 0x11, 0x2D, 0xDB, 0x25, 0xB5,
    0x1C, 0xEF, 0x66, 0x42, 0xA4, 0x70, 0x80, 0x75, 0xA9, 0x2C, 0x1D, 0x61, 0x17, 0x80, 0x8D, 0x20,
    0x18, 0x64, 0xC4, 0xD3, 0x1B, 0xBA, 0x5D, 0xA0, 0x3F, 0x00, 0x6E, 0x05, 0xA9, 0x00, 0xCC, 0x54,
    0x31, 0xEB, 0x34, 0x42, 0x2B, 0x1F, 0xE5, 0x94, 0x31, 0x96, 0xC1, 0xF0, 0x51, 0x9F, 0xE6, 0x46,
    0xD6, 0x94, 0x72, 0x1E, 0x15, 0x34, 0x1E, 0x52, 0x9D, 0xC8, 0x83, 0x19, 0xC4, 0xA6, 0x29, 0x06,
    0xCD, 0xE9, 0x05, 0xF3, 0x9F, 0xBC, 0xCA, 0xE5, 0x85, 0xFF, 0x5B, 0x79, 0x75, 0xEA, 0x18, 0x37,
    0xFC, 0xF5, 0x0A, 0x81, 0x4A, 0xA5, 0xB7, 0x50, 0xD0, 0xB1, 0x17, 0xFD, 0x8E, 0xF7, 0xC7, 0x3C,
    0x47, 0xB2, 0x7A, 0x7C, 0x59, 0x16, 0x06, 0x62, 0x57, 0x89, 0x71, 0x55, 0x97, 0x02, 0xD9, 0x30,
    0xE7, 0x57, 0xBA, 0xB4, 0xFE, 0xAD, 0xC0, 0x85, 0x95, 0x95, 0x3E, 0x95, 0x3D, 0x6A, 0xE6, 0x95,
    0x71, 0xD1, 0xCC, 0x63, 0xED, 0x20, 0xDF, 0xD9, 0xA7, 0x52, 0x65, 0x23, 0x20, 0x4A, 0xE4, 0xFD,
    0xB0, 0xDA, 0xB9, 0xDA, 0xB1, 0xD6, 0x4D, 0x35, 0x87, 0xA9, 0xB2, 0x53, 0x2C, 0x82, 0x25, 0x6C,
    0x3A, 0xCE, 0x64, 0x23, 0xDD, 0xD4, 0xC0, 0x98, 0xAA, 0xEC, 0xA3, 0xFA, 0xCF, 0x28, 0xAC, 0x6F,
    0xB3, 0xEB, 0x6C, 0x7C, 0x9B, 0x6D, 0xEA, 0xEA, 0xF8, 0xA1, 0xB4, 0xE3, 0x7D, 0x78, 0x24, 0x5D,
    0xC8, 0x6D, 0x4F, 0x57, 0x35, 0x00, 0xEC, 0xAD, 0x1D, 0x6F, 0xB1, 0xB2, 0x6F, 0xB1, 0xDF, 0xEE,
    0x46, 0x5B, 0xF1, 0x9D, 0xC0, 0x8B, 0xCB, 0x16, 0xFC, 0x60, 0x7B, 0x10, 0x4D, 0x81, 0x34, 0xEC,
    0x43, 0x1E, 0xFC, 0x41, 0x3A, 0x7C, 0xFC, 0x96, 0xAC, 0xD7, 0xDF, 0xC1, 0xD9, 0x7C, 0x97, 0x6A,
    0x7A, 0xF2, 0xCD, 0x8C, 0xCA, 0xC9, 0x08, 0x53, 0xA1, 0x6F, 0xF3, 0x6D, 0x9F, 0x72, 0x78, 0x2D,
    0xAE, 0xDF, 0x09, 0x6B, 0x88, 0x7F, 0x1A, 0x34, 0xF4, 0xE4, 0x5B, 0xF8, 0x16, 0xF0, 0xEF, 0xB6,
    0xA7, 0x99, 0x72, 0x7E, 0xE0, 0x34, 0x5F, 0x97, 0xD3, 0xFC, 0x51, 0x70, 0xCA, 0x69, 0x5E, 0xED,
    0x95, 0xFD, 0x41, 0xFC, 0x56, 0x2C, 0xAA, 0xFE, 0xC9, 0xA2, 0xEA, 0x6F, 0x07, 0x1B, 0xF0, 0x6A,
    0x7D, 0x1B, 0xB4, 0xB3, 0x14, 0x1D, 0x90, 0x92, 0x06, 0x14, 0x6F, 0x27, 0x8F, 0xA6, 0x92, 0x7F,
    0xDE, 0x99, 0x2A, 0xD3, 0xFA, 0x61, 0xDE, 0x3D, 0x75, 0xDE, 0x6B, 0xA8, 0x55, 0xC5, 0x06, 0x48,
    0xDB, 0x18, 0x9D, 0xD7, 0xF5, 0x4E, 0xF3, 0x69, 0xB7, 0x31, 0xF7, 0x4C, 0x3C, 0xAA, 0x24, 0x6E,
    0x5F, 0x95, 0x4A, 0xA6, 0x72, 0x6F, 0x2E, 0x1B, 0xD0, 0xA7, 0xDD, 0x70, 0xFD, 0x7D, 0x55, 0x00,
    0x65, 0x58, 0xF0, 0x73, 0x14, 0xDB, 0x82, 0x5F, 0x76, 0x83, 0x85, 0x53, 0xD8, 0x42, 0x0D, 0x16,
    0x27, 0x0F, 0xB7, 0x32, 0x24, 0xAF, 0x38, 0xA9, 0xD3, 0xB6, 0xA4, 0xAB, 0xEA, 0x66, 0x16, 0x29,
    0xDF, 0x4A, 0x4A, 0x41, 0x8B, 0xF5, 0x5C, 0xD4, 0x45, 0x70, 0x02, 0xB8, 0x58, 0x28, 0x62, 0x38,
    0x5F, 0x17, 0xF7, 0xC6, 0xB3, 0x53, 0x20, 0xA4, 0xD3, 0x96, 0x1D, 0x2A, 0x65, 0x95, 0xD4, 0xBB,
    0xCA, 0x48, 0x95, 0xAC, 0xA7, 0xDC, 0x27, 0x4F, 0xA4, 0x3E, 0x79, 0x22, 0xBB, 0x14, 0xC9, 0x13,
    0x1D, 0xFC, 0xF7, 0xDD, 0x12, 0xDE, 0x1A, 0x01, 0xE3, 0x66, 0x39, 0x91, 0x14, 0x68, 0x15, 0x73,
    0xBA, 0x91, 0x1F, 0xC9, 0x2A, 0xB4, 0x38, 0x16, 0x10, 0xEF, 0x1C, 0xC3, 0x8F, 0xFF, 0x6A, 0x37,
    0xFF, 0xD0, 0x61, 0x25, 0xB8, 0xCA, 0x3C, 0xDC, 0x4C, 0x18, 0xED, 0xE1, 0xB6, 0x18, 0x96, 0x64,
    0x29, 0x20, 0xD8, 0x90, 0x5B, 0xC1, 0x31, 0xA7, 0xE0, 0x4E, 0xFE, 0x14, 0xDD, 0xA0, 0x96, 0xF9,
    0xE1, 0x52, 0x1E, 0xE2, 0xDF, 0xCB, 0x5E, 0xCB, 0x73, 0x1D, 0xCF, 0xA0, 0x94, 0xC2, 0x30, 0x78,
    0xFF, 0x17, 0xDF, 0x1F, 0xA5, 0x10, 0xCC, 0x07, 0x6E, 0xC2, 0x7F, 0xF5, 0xE5, 0x21, 0xAA, 0xA5,
    0x3C, 0x44, 0x0A, 0x4C, 0x2A, 0xC1, 0xE8, 0x1C, 0xE5, 0x21, 0x8A, 0xC1, 0x48, 0xA8, 0xA9, 0x15,
    0xBB, 0xEF, 0xC3, 0xB2, 0x8F, 0x64, 0x75, 0x8D, 0x0E, 0x80, 0x89, 0xE1, 0x04, 0xF1, 0x04, 0xF9,
    0x69, 0xF0, 0xE6, 0xF7, 0x26, 0xF8, 0xD9, 0x7B, 0xA3, 0x64, 0x00, 0x4A, 0x81, 0x14, 0x01, 0x44,
    0xD7, 0xBD, 0x26, 0x13, 0xCA, 0x97, 0xDF, 0x46, 0x79, 0xD0, 0x66, 0x82, 0xB0, 0x5E, 0xA6, 0x13,
    0xE9, 0xB6, 0xAC, 0x45, 0x21, 0x20, 0x1B, 0x5C, 0x7F, 0x5B, 0x88, 0x04, 0x92, 0x56, 0x34, 0xA5,
    0x10, 0x4E, 0x59, 0xC6, 0xB9, 0x9E, 0xC6, 0xC5, 0x83, 0xAA, 0x46, 0x75, 0x02, 0xF0, 0x11, 0x1D,
    0xB7, 0xFC, 0x7A, 0xCD, 0x11, 0x05, 0xAE, 0x64, 0xC6, 0x4B, 0x3A, 0x59, 0x74, 0xEE, 0x57, 0x85,
    0x33, 0x2D, 0x7D, 0x45, 0x2E, 0x07, 0x98, 0xCE, 0xE9, 0x9B, 0x83, 0x7C, 0x3D, 0xE0, 0xB6, 0xC0,
    0xB5, 0x2D, 0xD0, 0x1A, 0x60, 0xE8, 0x00, 0x7C, 0xDA, 0x73, 0x2A, 0x99, 0x59, 0x21, 0xE6, 0x4D,
    0x89, 0x25, 0xB4, 0x40, 0xB6, 0x85, 0x2B, 0x3E, 0xBE, 0x18, 0x5E, 0x15, 0x81, 0x23, 0x1D, 0xBF,
    0xF2, 0xBF, 0x5C, 0x29, 0x80, 0x93, 0xF1, 0xA8, 0xE7, 0xA4, 0x27, 0xA5, 0xE7, 0xB2, 0xE0, 0x8B,
    0xC7, 0x32, 0x8B, 0x47, 0x20, 0x7A, 0x75, 0x53, 0x8C, 0xB4, 0xBD, 0x76, 0x7D, 0xB9, 0x50, 0x6E,
    0x05, 0x8B, 0x4E, 0xD0, 0xBA, 0x5D, 0x44, 0xE9, 0x50, 0x27, 0xA7, 0x38, 0xA3, 0x8F, 0x89, 0x0F,
    0x30, 0xE3, 0x4C, 0x73, 0x2A, 0xB0, 0x36, 0x90, 0x9D, 0xEB, 0x00, 0xAE, 0x29, 0x98, 0x09, 0x66,
    0x0B, 0x72, 0xA5, 0xE6, 0x22, 0xA8, 0x26, 0x07, 0x4C, 0xFA, 0x41, 0x2D, 0xD6, 0x54, 0xC0, 0xE4,
    0xFB, 0x57, 0xFD, 0x20, 0x80, 0x75, 0xAA, 0x5E, 0xFA, 0xFD, 0xF6, 0xD2, 0x07, 0x0C, 0x18, 0x2C,
    0x0B, 0x1E, 0xCC, 0x58, 0x0A, 0x10, 0x91, 0xC2, 0x40, 0x29, 0x89, 0xBD, 0x0C, 0xCB, 0x0E, 0xF1,
    0xF3, 0xD8, 0x86, 0x9B, 0x79, 0xFE, 0xDD, 0xCB, 0x1A, 0x46, 0x1A, 0x55, 0xD4, 0x7A, 0xE3, 0x08,
    0xA4, 0xEB, 0xAB, 0x9D, 0xAE, 0x7D, 0x29, 0x85, 0xED, 0xF0, 0x5E, 0xF3, 0x5C, 0x52, 0x4D, 0x42,
    0x4A, 0x39, 0xC9, 0x45, 0x45, 0xD7, 0xF5, 0x6E, 0xC9, 0xEA, 0x2C, 0xE9, 0x27, 0xA1, 0x47, 0xB4,
    0x7A, 0xC4, 0xA1, 0x2E, 0x8B, 0x22, 0x8E, 0xD4, 0x69, 0xFA, 0x80, 0xD3, 0x8D, 0x5F, 0x1D, 0x73,
    0xBD, 0x2E, 0x95, 0x36, 0xFD, 0x49, 0x1D, 0xFB, 0x11, 0xE3, 0x12, 0x95, 0x53, 0xD1, 0x82, 0x4D,
    0x72, 0x40, 0x86, 0xEF, 0x34, 0xE2, 0x09, 0x7C, 0x9D, 0x1E, 0x8B, 0xDA, 0x87, 0x70, 0x51, 0x7A,
    0xB3, 0x9C, 0xC1, 0x3F, 0xAC, 0x51, 0x2A, 0x46, 0xE3, 0x43, 0x76, 0xDC, 0x88, 0x20, 0x39, 0x19,
    0xBA, 0x25, 0xB3, 0x10, 0x40, 0x58, 0x45, 0x2B, 0xDF, 0x9E, 0x85, 0x6B, 0xA7, 0x0A, 0x70, 0x04,
    0x30, 0xD9, 0xA6, 0x74, 0xC2, 0xDC, 0xFE, 0xB4, 0x94, 0xC4, 0xE5, 0x47, 0x93, 0x6E, 0xF2, 0xE9,
    0x4F, 0x55, 0x43, 0x89, 0x78, 0x74, 0x51, 0x32, 0xCE, 0xC2, 0x9C, 0x4A, 0x9D, 0x6D, 0x4F, 0x84,
    0xDF, 0x28, 0xFE, 0x47, 0x23, 0x0B, 0x74, 0xA8, 0x34, 0x5A, 0x14, 0x1B, 0x16, 0x1B, 0xAE, 0xBD,
    0x87, 0x58, 0x4E, 0x6E, 0x62, 0xE9, 0x37, 0x2B, 0xCF, 0x30, 0xCE, 0x4C, 0x32, 0xC6, 0x37, 0x3C,
    0xC4, 0x28, 0x67, 0xC2, 0x0D, 0xDA, 0x31, 0x92, 0x6E, 0x33, 0xBF, 0xE1, 0xF9, 0xFA, 0x27, 0xF0,
    0x8B, 0xC0, 0xB5, 0xCF, 0xAF, 0x3A, 0xAF, 0xCF, 0x0F, 0xEB, 0xB8, 0x5D, 0x9F, 0xDF, 0xE7, 0x26,
    0xE8, 0x0A, 0x01, 0x06, 0xE4, 0x04, 0x7F, 0x25, 0x23, 0xEE, 0xBD, 0xCA, 0x96, 0x82, 0x71, 0x31,
    0x3A, 0xC8, 0x20, 0x60, 0x01, 0xB9, 0x07, 0xC3, 0xFE, 0x37, 0x52, 0x83, 0xCA, 0x95, 0xFC, 0x3C,
    0x3E, 0x3E, 0x04, 0xE6, 0x5F, 0x27, 0x33, 0xB0, 0xBE, 0x9C, 0x58, 0xED, 0x64, 0xB4, 0xC2, 0x44,
    0x25, 0xAD, 0x75, 0x44, 0x0F, 0x31, 0x90, 0xEA, 0xCB, 0x3A, 0x5D, 0x14, 0x5E, 0x21, 0xF5, 0x64,
    0xF7, 0x20, 0xEB, 0xE0, 0xCC, 0x66, 0xB8, 0x8B, 0xC3, 0xEE, 0x25, 0xA1, 0xA8, 0x79, 0x5E, 0x28,
    0xA9, 0x48, 0xC8, 0xE4, 0xA0, 0x8C, 0x40, 0x2F, 0x29, 0xF5, 0xA0, 0x07, 0x2D, 0x88, 0x7B, 0x25,
    0xD6, 0x37, 0x59, 0x3F, 0xC7, 0x2D, 0xA8, 0xE8, 0x40, 0xD6, 0x81, 0xD2, 0x9D, 0xE0, 0x20, 0x5C,
    0xCF, 0x4A, 0x15, 0x61, 0xD4, 0x69, 0xD1, 0x24, 0xAD, 0x9B, 0x86, 0xB5, 0xC8, 0x12, 0x3E, 0x49,
    0x56, 0x29, 0x53, 0x32, 0x47, 0x88, 0x4A, 0xB9, 0x94, 0xF3, 0x09, 0x13, 0xE4, 0xBE, 0xA7, 0x1F,
    0x20, 0xE7, 0x25, 0xCE, 0x27, 0x54, 0x53, 0x48, 0x27, 0xF8, 0x66, 0x23, 0xF8, 0x81, 0x0E, 0x30,
    0x2D, 0x70, 0x10, 0xFC, 0x3E, 0xE3, 0xAF, 0xB8, 0x89, 0xFC, 0x39, 0x57, 0x1A, 0xEA, 0x29, 0x88,
    0x7C, 0x90, 0xCA, 0x4A, 0x30, 0x6A, 0x9F, 0x22, 0xD2, 0x48, 0x57, 0xC4, 0x54, 0x00, 0x0D, 0x30,
    0x06, 0x46, 0x07, 0x50, 0xCE, 0x29, 0x1C, 0x55, 0xF7, 0x9C, 0x8B, 0xD2, 0x2D, 0xBC, 0xA1, 0x74,
    0xDB, 0x90, 0x50, 0x1F, 0x08, 0x05, 0xD0, 0xDA, 0x3F, 0x47, 0x0D, 0x28, 0xAE, 0x40, 0x26, 0x07,
    0x59, 0x02, 0x3D, 0x56, 0xB3, 0xAE, 0xC6, 0x9B, 0xDC, 0x82, 0xAC, 0x03, 0xA5, 0x03, 0xC8, 0x30,
    0x48, 0xD5, 0xFC, 0x8F, 0xA1, 0x5F, 0xE0, 0x73, 0x0B, 0xD2, 0xB2, 0x8B, 0x64, 0x07, 0xDF, 0xA4,
    0x4A, 0x08, 0xFB, 0x40, 0x87, 0x18, 0x17, 0x27, 0x0C, 0x51, 0x8A, 0x3E, 0x7E, 0x24, 0xE3, 0xAE,
    0xB9, 0x57, 0x47, 0xFC, 0x0F, 0x96, 0x68, 0xC2, 0xDB, 0xC0, 0x5E, 0x90, 0x1B, 0xA0, 0x03, 0xE2,
    0x36, 0xF6, 0x36, 0x57, 0xF2, 0x57, 0x6E, 0x04, 0x51, 0x69, 0xE7, 0x6F, 0x7D, 0x70, 0xA6, 0x4E,
    0x6C, 0x39, 0x47, 0xF8, 0x54, 0x87, 0xE8, 0x29, 0x8D, 0xB1, 0x00, 0x5A, 0xA7, 0x9D, 0x51, 0xFB,
    0xE2, 0x57, 0xF8, 0x57, 0x53, 0x57, 0xB4, 0xCC, 0x49, 0x45, 0x2F, 0xF0, 0xCF, 0x4D, 0xAE, 0xFD,
    0x10, 0xDD, 0x10, 0xD8, 0x6B, 0x27, 0xDC, 0x2D, 0x94, 0xE1, 0x7B, 0xA0, 0x76, 0x40, 0xED, 0x7F,
    0xDA, 0xFD, 0xB4, 0xF7, 0x69, 0xE7, 0xF3, 0x7D, 0x0F, 0x58, 0x69, 0xCF, 0xD3, 0x8E, 0x27, 0x98,
    0xB0, 0x0F, 0x7E, 0xC6, 0xBA, 0xEB, 0x26, 0x30, 0x5A, 0xD0, 0xCF, 0x01, 0x0B, 0xE0, 0xF6, 0xFD,
    0x90, 0x71, 0xEB, 0xC2, 0x61, 0xCF, 0xD2, 0xDF, 0xBA, 0xA5, 0xBF, 0xFD, 0x85, 0xEF, 0x6F, 0x95,
    0xEC, 0xC9, 0xF5, 0xD2, 0xDF, 0x8A, 0x7E, 0xE9, 0x6F, 0x1A, 0xFC, 0x1C, 0x6A, 0x26, 0x0F, 0xA5,
    0x5D, 0x29, 0x54, 0xB8, 0xF2, 0xAF, 0x51, 0xDC, 0xEE, 0xDD, 0x40, 0x3C, 0x1E, 0xAF, 0xBB, 0x89,
    0xE2, 0xEA, 0xF9, 0x3E, 0x40, 0x50, 0xEE, 0x4F, 0xBC, 0xBF, 0x6B, 0xA2, 0xEB, 0x4A, 0x27, 0x4A,
    0x1D, 0xE8, 0x67, 0x0D, 0x88, 0x3B, 0x25, 0xD6, 0x37, 0xB9, 0x12, 0xBA, 0xE7, 0xAB, 0xA5, 0x70,
    0x0B, 0xB2, 0xBD, 0x92, 0x03, 0x99, 0x11, 0x94, 0x30, 0x48, 0xAE, 0x5D, 0x28, 0x11, 0x73, 0x77,
    0xA9, 0xF1, 0x5E, 0x32, 0x2F, 0x36, 0x97, 0x12, 0xB7, 0xD5, 0x8D, 0x50, 0xCC, 0x55, 0x19, 0x72,
    0x6D, 0x3E, 0xA8, 0x4E, 0x42, 0xAE, 0x6C, 0xB4, 0x99, 0x48, 0x9A, 0x24, 0xD4, 0x13, 0x2C, 0x93,
    0x2D, 0xE8, 0xBD, 0x0A, 0xC4, 0x9D, 0xD2, 0x00, 0xFA, 0x27, 0x06, 0xE1, 0xA7, 0x0D, 0xB5, 0x81,
    0xA8, 0xAA, 0x05, 0x2A, 0xBC, 0xBF, 0x02, 0x31, 0x1E, 0x08, 0x11, 0x2F, 0xFC, 0xDD, 0x9C, 0x45,
    0xD7, 0x4A, 0x7D, 0xC8, 0x2D, 0xF9, 0x0A, 0xEA, 0x66, 0x38, 0x17, 0x7D, 0x7C, 0xE7, 0x6D, 0xA1,
    0x69, 0x5B, 0x08, 0x7F, 0x3B, 0x3F, 0x05, 0xDA, 0x88, 0x75, 0xCB, 0xF4, 0x6E, 0xAD, 0x14, 0x2A,
    0xD1, 0x41, 0xBA, 0xEB, 0xA9, 0x44, 0x98, 0xD9, 0x84, 0xCC, 0xBD, 0x84, 0x3A, 0xCE, 0x36, 0xE5,
    0xD3, 0x91, 0x79, 0xC1, 0xE3, 0x7B, 0xFA, 0xAB, 0xB3, 0xC4, 0xD5, 0xE9, 0x1B, 0x67, 0x80, 0x11,
    0xD0, 0x37, 0xF0, 0x00, 0xEA, 0xD9, 0xB0, 0x67, 0xAF, 0xF0, 0x31, 0xEE, 0xFD, 0xA9, 0xCF, 0xEC,
    0x1E, 0xE3, 0xBB, 0x9E, 0x69, 0x9F, 0x55, 0xF1, 0xAA, 0xF2, 0x85, 0xF1, 0xF7, 0x27, 0x60, 0xFF,
    0x1B, 0xCC, 0x3F, 0x82, 0xE7, 0x9E, 0xA0, 0x55, 0x79, 0x39, 0x9E, 0x08, 0x7A, 0x0D, 0x9C, 0xAA,
    0x65, 0x4D, 0x27, 0x4A, 0xB4, 0x25, 0xE6, 0x85, 0xF4, 0xCD, 0xE3, 0x04, 0x25, 0x93, 0x6A, 0x99,
    0xBC, 0x9A, 0x2D, 0xCF, 0x69, 0xAD, 0x8B, 0x24, 0x8B, 0xB0, 0x9B, 0xE3, 0x5C, 0x53, 0x3F, 0x75,
    0x17, 0x2C, 0x31, 0x37, 0x5B, 0x69, 0xF4, 0x92, 0x8B, 0x27, 0x54, 0x09, 0xB6, 0x64, 0x95, 0xAC,
    0x9B, 0x25, 0x33, 0x6E, 0x25, 0x9E, 0xA5, 0x58, 0x25, 0x9D, 0x9D, 0x6E, 0x25, 0xFF, 0x8C, 0x01,
    0x91, 0x2C, 0xF3, 0x1F, 0x30, 0xB7, 0x2A, 0x7D, 0x0F, 0x52, 0x4E, 0xBA, 0xC5, 0xBC, 0x75, 0x91,
    0xA8, 0x14, 0xB5, 0xB3, 0x19, 0x34, 0x91, 0xFC, 0x35, 0x95, 0xE0, 0xFD, 0xF0, 0xBB, 0xA3, 0xD1,
    0xFE, 0x5E, 0x03, 0x49, 0x14, 0x09, 0xF6, 0x01, 0xC1, 0x9A, 0x1F, 0xBC, 0x70, 0xCC, 0x1B, 0x69,
    0xAB, 0x26, 0x94, 0x9C, 0x91, 0xE5, 0x83, 0xCA, 0x23, 0x58, 0x56, 0xA1, 0x60, 0xE2, 0x4A, 0xB9,
    0x6C, 0x94, 0x8B, 0x56, 0xD9, 0x62, 0xDE, 0x37, 0x4E, 0x5C, 0x88, 0xE3, 0x48, 0xA6, 0xB8, 0x3C,
    0x80, 0x09, 0xDB, 0x9A, 0xEF, 0x52, 0x21, 0x1C, 0xE2, 0x22, 0x80, 0xE7, 0x5C, 0x4B, 0xA5, 0x4F,
    0x7A, 0x9A, 0x2D, 0x6C, 0x60, 0x2C, 0xDC, 0xFD, 0x16, 0x94, 0xDC, 0x2C, 0x71, 0x4E, 0xE5, 0x43,
    0x7A, 0x07, 0xA3, 0xDF, 0xAC, 0xC5, 0x3F, 0xC6, 0xAA, 0xC7, 0x70, 0x8B, 0x1F, 0x8C, 0x07, 0x2C,
    0xD8, 0x1E, 0xE8, 0x4D, 0xF5, 0x3E, 0x16, 0x4D, 0x12, 0x2D, 0x27, 0x24, 0xE1, 0x73, 0x3D, 0x34,
    0x69, 0xFB, 0x64, 0x45, 0x31, 0xC8, 0xC5, 0xD8, 0xC5, 0xE1, 0x03, 0xE9, 0x44, 0xF7, 0x65, 0xD8,
    0x0F, 0xF8, 0x01, 0xA2, 0x19, 0xF8, 0x3F, 0x35, 0x8F, 0x86, 0x9D, 0xDA, 0x40, 0x5B, 0x5D, 0xE3,
    0x54, 0x5F, 0xC2, 0x7C, 0x5F, 0x63, 0x77, 0xF0, 0xAE, 0xF8, 0x0C, 0x89, 0x34, 0xC5, 0x29, 0x41,
    0xD3, 0xFD, 0x44, 0x2B, 0x7F, 0xDE, 0x3B, 0x85, 0x91, 0x9A, 0xD8, 0x88, 0xFF, 0x56, 0xD6, 0xB3,
    0x8D, 0x84, 0xB7, 0x16, 0x4D, 0x79, 0x5F, 0x92, 0x4C, 0xF9, 0x1E, 0x6F, 0xCA, 0x46, 0xB0, 0x50,
    0x6C, 0x05, 0x6D, 0x3B, 0xFD, 0x95, 0xB2, 0xCE, 0xFE, 0x52, 0xE6, 0xBC, 0xD9, 0x87, 0x92, 0x2B,
    0xFF, 0x0D, 0xD6, 0x54, 0xF9, 0xF6, 0xDB, 0x94, 0x0A, 0x4D, 0xDF, 0xFA, 0x32, 0x37, 0x4F, 0xC1,
    0xB1, 0x13, 0x48, 0x8F, 0x4D, 0x60, 0x94, 0x14, 0xC7, 0xCE, 0x28, 0x6A, 0x70, 0x3E, 0x46, 0x2A,
    0xAD, 0xE7, 0xC4, 0xF4, 0xA8, 0xD7, 0xDF, 0xD9, 0x43, 0x81, 0x23, 0xB6, 0xAA, 0x97, 0x27, 0x70,
    0xEC, 0x7C, 0x41, 0x62, 0xD1, 0x0D, 0x7F, 0xDD, 0x45, 0x73, 0x76, 0x60, 0xDC, 0x61, 0xA2, 0xAF,
    0x0B, 0xA4, 0x52, 0x5F, 0xE9, 0xA8, 0x9A, 0x0E, 0x72, 0xBD, 0x1A, 0x6A, 0x45, 0xBE, 0x31, 0xD5,
    0x05, 0xAD, 0x9D, 0xC4, 0x76, 0x01, 0xA3, 0x46, 0xF1, 0xEE, 0x84, 0x61, 0xAD, 0xC1, 0x17, 0x17,
    0x8E, 0xFB, 0xB6, 0xB0, 0x02, 0x68, 0x76, 0x30, 0x01, 0xC6, 0x3B, 0x18, 0x55, 0x6A, 0x3E, 0x2C,
    0x00, 0x11, 0x47, 0xED, 0x6D, 0x59, 0x6B, 0xDF, 0x8A, 0x38, 0xE8, 0x26, 0xA0, 0x16, 0x4B, 0xB5,
    0x33, 0x43, 0xA2, 0xA6, 0x46, 0xE7, 0x81, 0x92, 0xED, 0x0F, 0x43, 0x87, 0x01, 0x96, 0x64, 0xC7,
    0x3C, 0x18, 0x76, 0x30, 0x74, 0xA3, 0x7C, 0xA9, 0xDD, 0x96, 0x2F, 0xD5, 0xAA, 0xEE, 0x2D, 0x39,
    0x58, 0xE5, 0x51, 0x6B, 0x37, 0x42, 0x64, 0x48, 0x8C, 0x3C, 0x54, 0x8D, 0x7F, 0x7D, 0x4D, 0x2B,
    0x6E, 0x2D, 0x21, 0x2E, 0xDE, 0xAB, 0xDA, 0x7D, 0x32, 0x62, 0xCF, 0x8C, 0xB9, 0xF5, 0x88, 0x59,
    0x83, 0x47, 0xC3, 0xB4, 0x93, 0x95, 0x45, 0x71, 0x8D, 0x1B, 0x0C, 0x5C, 0x7C, 0xA6, 0x9A, 0xD7,
    0x6E, 0x65, 0x93, 0x69, 0x40, 0xC1, 0x36, 0xDE, 0x29, 0xEB, 0x6F, 0x4D, 0x68, 0x76, 0xE2, 0x9D,
    0x92, 0x51, 0x23, 0x9D, 0x14, 0xD5, 0x74, 0x59, 0x7D, 0x22, 0xEA, 0x9E, 0x96, 0x47, 0x20, 0xD3,
    0xFF, 0xA5, 0xAE, 0x5E, 0x28, 0x1E, 0x22, 0x20, 0x10, 0x25, 0x62, 0x80, 0x97, 0x47, 0x57, 0xAF,
    0x4A, 0x52, 0x64, 0x88, 0xA5, 0x58, 0xF0, 0x63, 0xFE, 0xD5, 0xE6, 0x4C, 0xBA, 0xFA, 0xA4, 0x82,
    0xAD, 0x85, 0xBA, 0x59, 0x9D, 0xDA, 0x89, 0x34, 0x1C, 0xED, 0x67, 0xF5, 0x93, 0x14, 0x6C, 0xAD,
    0xCB, 0xF3, 0x14, 0x6C, 0xCD, 0x19, 0xA4, 0xFE, 0xBA, 0x52, 0x29, 0x53, 0x32, 0x87, 0x28, 0xF1,
    0xA4, 0x95, 0x46, 0x72, 0x45, 0x71, 0x6E, 0x74, 0x44, 0x13, 0xD6, 0xF2, 0x1B, 0x19, 0xD8, 0xBA,
    0xAE, 0xEF, 0xD5, 0x1B, 0x69, 0x1E, 0xAB, 0x37, 0x92, 0x60, 0xB6, 0x9F, 0x45, 0xC8, 0xF9, 0xC0,
    0x9F, 0x11, 0x7E, 0x10, 0x4F, 0xB8, 0xAA, 0x37, 0x82, 0xCF, 0x59, 0xA0, 0x01, 0x26, 0xA7, 0xAE,
    0xC1, 0x4B, 0x6F, 0x04, 0xA6, 0xAD, 0xC0, 0xDF, 0xE4, 0xBF, 0x71, 0xF2, 0xB3, 0x4C, 0x90, 0x4B,
    0x4E, 0x2C, 0x84, 0x93, 0x59, 0xB8, 0x25, 0xC2, 0xDD, 0x49, 0x78, 0x49, 0x04, 0x4C, 0x6C, 0x3E,
    0x3B, 0x21, 0xE6, 0x8D, 0x0A, 0xAC, 0xDB, 0x22, 0xE8, 0x16, 0xCE, 0x02, 0x15, 0xB3, 0x60, 0x67,
    0x21, 0x9B, 0x85, 0x74, 0x4F, 0x30, 0x18, 0x5A, 0x0D, 0x96, 0xBE, 0x9E, 0x8D, 0xB3, 0x01, 0xB7,
    0x92, 0x69, 0x83, 0x0C, 0xE8, 0x5B, 0xC6, 0xA5, 0x39, 0x57, 0xC2, 0x46, 0xB3, 0x17, 0x1C, 0x5D,
    0x08, 0xFB, 0xE2, 0x8D, 0x11, 0x63, 0xCB, 0x67, 0x26, 0x6C, 0x33, 0x5B, 0xCF, 0x99, 0xE7, 0xD4,
    0xB3, 0xD9, 0xE3, 0x82, 0x07, 0xAD, 0x9B, 0x31, 0x0A, 0xC5, 0x5A, 0xD9, 0x1E, 0x45, 0x78, 0x5B,
    0x50, 0x71, 0x9C, 0xC2, 0x15, 0x05, 0xF3, 0xB3, 0xF8, 0xBA, 0xDD, 0xEA, 0xBB, 0xA9, 0x52, 0x50,
    0xBE, 0xEF, 0x9F, 0x27, 0x75, 0x8C, 0x4A, 0x25, 0xEE, 0xB6, 0xD5, 0x77, 0x71, 0x80, 0x5A, 0xF7,
    0x51, 0x32, 0x4A, 0xB1, 0x52, 0x74, 0x98, 0x4A, 0xB8, 0x16, 0x15, 0x0D, 0x57, 0x88, 0x4B, 0x22,
    0x33, 0x02, 0x87, 0x83, 0xB8, 0x29, 0x04, 0xFD, 0x52, 0xF5, 0xBD, 0x09, 0xED, 0x80, 0xC5, 0x0F,
    0xAD, 0x70, 0xF4, 0xA1, 0x11, 0x4B, 0xBA, 0xF3, 0xFE, 0x4A, 0x2F, 0x00, 0xD2, 0x01, 0xFC, 0x34,
    0xC5, 0x8E, 0x5F, 0x01, 0xDD, 0x6B, 0x17, 0x0A, 0x95, 0x02, 0xFE, 0x17, 0x21, 0xE2, 0x8F, 0xFF,
    0xFB, 0x40, 0xB1, 0xE3, 0x3F, 0xC1, 0xDF, 0x28, 0x38, 0x42, 0xF4, 0xCA, 0x69, 0xC5, 0x8E, 0xCF,
    0x56, 0xFF, 0x27, 0xDD, 0xC1, 0x1F, 0x02, 0x79, 0xAF, 0xFE, 0x4F, 0x6A, 0x17, 0xFC, 0x8D, 0x83,
    0xF5, 0x7F, 0x7C, 0x3D, 0x6E, 0x3F, 0x66, 0x86, 0xEC, 0x7B, 0x40, 0x7D, 0x06, 0xD2, 0xE7, 0x47,
    0xFE, 0x17, 0x8F, 0x42, 0xDE, 0xC7, 0x38, 0xFE, 0xF8, 0xB1, 0x07, 0x47, 0xF6, 0x2B, 0x72, 0x67,
    0x21, 0xF5, 0xD4, 0xF8, 0x27, 0xBB, 0xD5, 0x13, 0x7D, 0x7F, 0xA2, 0x23, 0xD6, 0xAD, 0x7D, 0x3C,
    0x90, 0xD4, 0x2F, 0xFA, 0x69, 0x7C, 0x52, 0x3F, 0x50, 0x53, 0xF5, 0x3F, 0x15, 0xC2, 0xC5, 0x8D,
    0xD4, 0x7E, 0xC5, 0x5D, 0xC7, 0x7A, 0xBD, 0x3C, 0xA3, 0x24, 0x73, 0x09, 0xE3, 0xDA, 0xF2, 0xB1,
    0x4B, 0x28, 0x6C, 0x89, 0xE2, 0xA8, 0x57, 0x22, 0x16, 0x77, 0x53, 0x11, 0xAB, 0x11, 0x3E, 0x11,
    0xEA, 0xD9, 0x08, 0xB9, 0xF2, 0x3D, 0xBE, 0x71, 0xA3, 0x70, 0xBA, 0x9A, 0x76, 0x57, 0x95, 0xC8,
    0x67, 0xA1, 0xAE, 0x29, 0x06, 0xE1, 0xB4, 0x41, 0xD5, 0x36, 0x04, 0xF9, 0xBB, 0x84, 0xAE, 0x8D,
    0x19, 0xC5, 0x7F, 0x94, 0x0D, 0x9A, 0xE4, 0x8B, 0xB3, 0xF5, 0x3B, 0x19, 0xA8, 0x2F, 0xE8, 0xC1,
    0x3A, 0xB4, 0x9C, 0xD5, 0x86, 0x56, 0x65, 0x11, 0x13, 0xD7, 0x25, 0xCA, 0x82, 0xC9, 0x8A, 0xC3,
    0x7A, 0xD4, 0x2A, 0x56, 0x29, 0x90, 0x6E, 0x4E, 0xD9, 0x78, 0x3F, 0xDA, 0xBF, 0x36, 0xD1, 0x24,
    0x98, 0xD6, 0xA2, 0x9A, 0x82, 0x69, 0xB6, 0x2E, 0x36, 0x47, 0x7C, 0x73, 0xC2, 0x83, 0xAF, 0x77,
    0x73, 0x8A, 0xB6, 0xD2, 0xC1, 0x6B, 0x2B, 0xDC, 0xD1, 0x96, 0x50, 0xFB, 0xDC, 0x31, 0x6D, 0xFD,
    0xF0, 0x02, 0xB4, 0xF5, 0xA5, 0x95, 0xB6, 0x6A, 0xD5, 0x56, 0xBE, 0x68, 0xCB, 0xE8, 0xBE, 0x3E,
    0x49, 0x36, 0x70, 0x20, 0x3A, 0x4C, 0xE7, 0xD7, 0xAB, 0x3D, 0x9F, 0x5E, 0x2B, 0xA2, 0x5D, 0xBD,
    0x1A, 0xE8, 0x35, 0xF0, 0x26, 0x7D, 0x1F, 0x49, 0x01, 0xDC, 0xB9, 0x8D, 0xA6, 0x8A, 0x7A, 0x99,
    0xCB, 0x2B, 0xD4, 0xAB, 0xF4, 0x42, 0x5E, 0x81, 0x2F, 0x1F, 0x2C, 0xC7, 0x85, 0x43, 0x3C, 0xF7,
    0x05, 0x7F, 0x42, 0xA7, 0x0A, 0x77, 0x91, 0x17, 0xC6, 0xD8, 0x6D, 0xF3, 0x1E, 0xC0, 0xF0, 0x96,
    0x1C, 0xDA, 0xFE, 0xFF, 0x3E, 0x04, 0xEA, 0x8A, 0x2F, 0xE6, 0x67, 0xC9, 0x82, 0xCB, 0xDC, 0x6E,
    0xF4, 0xA7, 0xE3, 0xD9, 0xEF, 0x2A, 0x04, 0xF7, 0xD6, 0xFE, 0x76, 0xD9, 0x2A, 0xCE, 0x9E, 0xE6,
    0x03, 0x51, 0x77, 0x9C, 0x7A, 0xE3, 0x26, 0x3C, 0xEE, 0x03, 0x19, 0x81, 0xDE, 0xEF, 0x31, 0x08,
    0xC6, 0xF0, 0x72, 0x04, 0x73, 0x78, 0xB1, 0x60, 0xD1, 0x09, 0xDA, 0x1E, 0xE8, 0x14, 0x03, 0xAE,
    0xD5, 0xA5, 0xEF, 0xF1, 0x98, 0x4B, 0xBF, 0x5A, 0xB9, 0xF4, 0xFB, 0x95, 0x4B, 0x7F, 0xC7, 0xFF,
    0x46, 0x8F, 0xFB, 0xDF, 0x12, 0x3A, 0xE8, 0x0F, 0x01, 0x32, 0x6F, 0x80, 0xAD, 0x26, 0x1A, 0x08,
    0x1A, 0x16, 0x8C, 0x3C, 0x6E, 0x7C, 0x75, 0x6C, 0x9C, 0x4B, 0xC1, 0xFD, 0x84, 0xF8, 0x16, 0xD8,
    0xCC, 0x80, 0x28, 0x84, 0x8D, 0x8C, 0x15, 0xBB, 0x89, 0x05, 0x2B, 0x03, 0x87, 0xA7, 0xF8, 0x7F,
    0x52, 0xB4, 0x10, 0xB9, 0x1B, 0x97, 0xFC, 0x51, 0x4C, 0x62, 0xED, 0x02, 0x5D, 0xD9, 0x99, 0xEF,
    0x5A, 0xDA, 0xA5, 0x9F, 0x2A, 0x0D, 0xC0, 0x60, 0x1E, 0x19, 0xE8, 0xA9, 0x94, 0xBB, 0xDD, 0x94,
    0x95, 0xF1, 0x8D, 0x4B, 0x7D, 0x9B, 0x16, 0x1C, 0x81, 0x4E, 0x87, 0x2C, 0xDF, 0xAA, 0xCB, 0xE9,
    0x81, 0x11, 0xB2, 0xCC, 0x5B, 0x5A, 0xD5, 0xFF, 0xCC, 0x1C, 0x12, 0x14, 0x6C, 0x8F, 0xA8, 0x3A,
    0x2B, 0x7A, 0xD4, 0xE0, 0x80, 0xB4, 0x43, 0x4F, 0x83, 0x49, 0x18, 0x1D, 0xA9, 0x25, 0x61, 0x4D,
    0x55, 0xE8, 0x0B, 0x76, 0x40, 0xF8, 0x0D, 0xD0, 0x5F, 0x63, 0xED, 0xBB, 0x7B, 0x18, 0xEF, 0xF9,
    0x63, 0xA2, 0x63, 0x58, 0x4D, 0x08, 0x6F, 0x29, 0xA1, 0xB6, 0x05, 0xEE, 0x61, 0x0B, 0xE6, 0x82,
    0x49, 0x95, 0x8C, 0xC8, 0x18, 0x76, 0x13, 0xB6, 0x19, 0xB2, 0x36, 0x7C, 0x52, 0x52, 0xEE, 0xAF,
    0xCC, 0xCB, 0xEE, 0x0A, 0x73, 0x9E, 0x76, 0xDD, 0x5D, 0xC1, 0x2A, 0x70, 0x33, 0x06, 0x2D, 0x51,
    0xC0, 0x20, 0x5B, 0x3D, 0xD5, 0xB2, 0xC7, 0x68, 0x0D, 0x50, 0xCD, 0x0D, 0xF5, 0xD2, 0x94, 0x0C,
    0xE8, 0x6F, 0x41, 0x97, 0x7B, 0x3D, 0x8A, 0x87, 0x33, 0x2D, 0xD4, 0x91, 0xB6, 0x5F, 0x29, 0x57,
    0xA2, 0x53, 0xE8, 0xA9, 0xAC, 0x47, 0xDB, 0x2D, 0x8E, 0xBA, 0x1A, 0x05, 0xB6, 0x7B, 0xD8, 0x28,
    0xFA, 0x74, 0x2F, 0x8B, 0xBC, 0x40, 0x70, 0xA8, 0xA1, 0x72, 0x39, 0x31, 0xD3, 0xEA, 0xF5, 0x88,
    0xF3, 0xF0, 0xD1, 0xC4, 0x1F, 0x73, 0x15, 0x09, 0xF7, 0x13, 0xFF, 0x02, 0xDC, 0xC0, 0xE8, 0xD4,
    0x97, 0xAD, 0x01, 0xDB, 0xD6, 0x7C, 0x03, 0xDC, 0xA7, 0x89, 0x70, 0xE6, 0x2C, 0xD8, 0xB8, 0x6B,
    0xCA, 0xE3, 0x2D, 0x70, 0xCC, 0x0E, 0x1C, 0x71, 0xE7, 0xB9, 0x05, 0x07, 0x9E, 0x7D, 0x88, 0xA9,
    0xD3, 0xB2, 0x37, 0x78, 0x62, 0x9D, 0x91, 0x3E, 0x5F, 0xD9, 0x9C, 0x79, 0xB4, 0x5C, 0x6B, 0x31,
    0xB9, 0x75, 0x2D, 0x54, 0xB7, 0xE6, 0xA8, 0xF7, 0xDC, 0x2A, 0x27, 0x9E, 0x4D, 0xEB, 0x2B, 0x8E,
    0x93, 0x70, 0x3C, 0xB1, 0xAF, 0x39, 0xEE, 0xB9, 0x22, 0x5F, 0x75, 0x9C, 0x7C, 0xD9, 0x71, 0x42,
    0xDD, 0x71, 0xE5, 0xAA, 0x13, 0xD6, 0xCA, 0xE3, 0xE4, 0x4B, 0x8F, 0x13, 0x6A, 0x8F, 0x83, 0x2D,
    0x2B, 0x67, 0x4C, 0x60, 0x33, 0xF3, 0xA0, 0x8C, 0x02, 0xE4, 0xE4, 0x2B, 0x90, 0x93, 0x2F, 0x41,
    0xFE, 0x98, 0xE9, 0xE9, 0x8D, 0xC3, 0xA7, 0x13, 0x3E, 0x76, 0x5A, 0x71, 0xFB, 0x14, 0x66, 0xD3,
    0xAF, 0x04, 0xF9, 0xF6, 0x99, 0xD2, 0x14, 0xFB, 0x38, 0xF7, 0xC1, 0xC0, 0x37, 0x33, 0x17, 0x13,
    0x1E, 0x73, 0xDA, 0xDB, 0x8C, 0x53, 0x1A, 0xD7, 0xE6, 0x55, 0xEC, 0x79, 0x9D, 0x37, 0x42, 0x93,
    0x42, 0x85, 0x9C, 0xDA, 0xCD, 0x51, 0x9A, 0x43, 0x14, 0x08, 0x6A, 0x2C, 0xBE, 0xAF, 0xCE, 0x9C,
    0x96, 0x74, 0x00, 0x6D, 0x70, 0xB4, 0x2C, 0x4F, 0x76, 0x9E, 0x75, 0x5C, 0xE8, 0xB2, 0x12, 0xE1,
    0x31, 0xD0, 0x14, 0xB2, 0x66, 0xD4, 0x46, 0x06, 0xE7, 0x0F, 0x48, 0x6A, 0x4D, 0x09, 0x39, 0x82,
    0x41, 0x83, 0x2B, 0x4F, 0xF4, 0x7C, 0x90, 0x4B, 0xF4, 0x7E, 0xA7, 0x6B, 0x84, 0x68, 0x48, 0x9C,
    0xDE, 0xA0, 0x96, 0x93, 0xD2, 0xE2, 0x91, 0xCC, 0xB5, 0x3E, 0x82, 0x03, 0x75, 0xA6, 0x8D, 0xD4,
    0x06, 0x49, 0xDA, 0x98, 0x27, 0xFD, 0x08, 0x90, 0xC0, 0x17, 0x4B, 0x9E, 0x18, 0x41, 0x1C, 0xDF,
    0x62, 0x9D, 0xE8, 0x15, 0xB2, 0x4B, 0xA9, 0x60, 0x98, 0x0A, 0x01, 0xDB, 0x17, 0x4C, 0x19, 0x7F,
    0xC8, 0x6D, 0xBC, 0xFB, 0xD4, 0x8F, 0xA5, 0x44, 0x29, 0xA1, 0x34, 0xA9, 0xD0, 0x90, 0x82, 0xF0,
    0x3F, 0x94, 0x2A, 0x7D, 0x66, 0xD5, 0x8C, 0xCD, 0xC5, 0x72, 0xD1, 0x99, 0x5E, 0x21, 0x18, 0x62,
    0x94, 0xC3, 0x7F, 0xAA, 0x6A, 0x4E, 0xFC, 0x42, 0x6B, 0x11, 0xA8, 0xE4, 0x9F, 0x7F, 0x13, 0xC2,
    0x23, 0x9F, 0xB8, 0x1F, 0x7E, 0xE8, 0x85, 0xE8, 0xDF, 0x7C, 0x46, 0xBF, 0x91, 0x85, 0xC9, 0x6F,
    0x8A, 0xF0, 0x35, 0x7F, 0x2E, 0x36, 0xF2, 0xC2, 0xED, 0x59, 0x70, 0x52, 0xD1, 0x25, 0x17, 0x05,
    0x23, 0xE2, 0x56, 0x54, 0x2C, 0x42, 0x2E, 0xDA, 0xF5, 0xFB, 0x18, 0x66, 0x15, 0xB2, 0x59, 0xB0,
    0x77, 0x7E, 0xAC, 0xC2, 0x09, 0xF9, 0x7D, 0x1C, 0x84, 0x54, 0xB4, 0x29, 0x42, 0x36, 0x0B, 0x96,
    0x8C, 0x0A, 0x4C, 0xFE, 0x21, 0x24, 0x8B, 0x80, 0xCC, 0xCF, 0x2B, 0xB9, 0x68, 0xEF, 0x3E, 0x0F,
    0x7A, 0x6A, 0x72, 0x23, 0x36, 0xDC, 0x94, 0xB5, 0x96, 0x5B, 0x6A, 0x45, 0x8B, 0xB9, 0xED, 0xA0,
    0xC7, 0xAC, 0xF7, 0x09, 0xC9, 0xA2, 0x4B, 0xCD, 0xFB, 0x10, 0x12, 0x7D, 0xDE, 0xB9, 0xF3, 0x96,
    0xAE, 0x50, 0x54, 0xA7, 0x04, 0xAD, 0xE6, 0x42, 0x32, 0x2A, 0x7E, 0x57, 0x34, 0x5B, 0x53, 0x3B,
    0xE9, 0xB6, 0x1C, 0xBE, 0xD5, 0x66, 0x3C, 0x64, 0x2C, 0x71, 0xFF, 0x72, 0xA6, 0x62, 0x72, 0x90,
    0x46, 0x9C, 0xB3, 0x58, 0x22, 0xFA, 0xD7, 0xA8, 0x28, 0x51, 0x1B, 0xAF, 0xEE, 0x3F, 0xFC, 0xD9,
    0x02, 0x5F, 0x38, 0x9C, 0x66, 0x71, 0x47, 0x13, 0x20, 0xEA, 0xF3, 0x3E, 0xFC, 0xD9, 0x23, 0xC6,
    0xE2, 0x6A, 0xF7, 0xE1, 0xCF, 0x67, 0x1A, 0x11, 0x5E, 0xD1, 0x44, 0x2D, 0x0D, 0x48, 0x13, 0xFF,
    0xB3, 0x66, 0x57, 0xDA, 0x56, 0x41, 0x9C, 0xEE, 0xE1, 0x04, 0x28, 0x1E, 0x0D, 0x90, 0x52, 0xC1,
    0xFA, 0x6C, 0x4A, 0x01, 0x0B, 0xE8, 0xE9, 0xF3, 0x94, 0x0E, 0x47, 0x2A, 0x16, 0xA3, 0xA7, 0xF4,
    0xF3, 0x32, 0xCF, 0xF0, 0xDB, 0x8C, 0xD4, 0xA5, 0xC2, 0xD1, 0x17, 0xE6, 0x2B, 0x3E, 0x61, 0x6F,
    0x50, 0x02, 0x2E, 0x8B, 0xBA, 0x60, 0x3E, 0xDF, 0xD5, 0x43, 0x2D, 0x1F, 0xDE, 0x78, 0x15, 0xCF,
    0x68, 0x0A, 0x80, 0x21, 0xD6, 0xD5, 0x8A, 0x08, 0x0B, 0xF7, 0x33, 0x8F, 0x04, 0xF1, 0xD1, 0x3A,
    0x8F, 0x83, 0x1F, 0x1D, 0x8A, 0x4D, 0x17, 0xEB, 0x19, 0xE6, 0xC5, 0x98, 0x22, 0x23, 0xA2, 0xC2,
    0xFE, 0xBC, 0x74, 0x74, 0x4D, 0x3E, 0xF9, 0x65, 0x6D, 0x4F, 0xA4, 0xA0, 0x29, 0x14, 0xDF, 0x99,
    0xBA, 0xF8, 0x86, 0x99, 0x3D, 0x94, 0x0D, 0x2A, 0xC5, 0x2D, 0xCA, 0x4A, 0x24, 0xCD, 0x1E, 0xA1,
    0x30, 0xB8, 0x85, 0x71, 0xBE, 0xBB, 0x20, 0xF6, 0x4F, 0xD7, 0x29, 0x1F, 0xF0, 0x16, 0xED, 0xCB,
    0xD2, 0x8E, 0xE7, 0xE8, 0x79, 0xC2, 0x76, 0xC9, 0x35, 0xA5, 0xE9, 0xFB, 0x46, 0x5C, 0x84, 0xB6,
    0x55, 0x88, 0x3A, 0x09, 0x71, 0xC8, 0x75, 0x30, 0x7F, 0xAA, 0xCA, 0xC4, 0x36, 0x46, 0x1D, 0x38,
    0xE0, 0xC4, 0x2D, 0x82, 0xFF, 0x53, 0x3F, 0x87, 0x14, 0xFD, 0xBA, 0xD9, 0xC4, 0xE6, 0x2D, 0xAD,
    0x4A, 0xB0, 0x6D, 0x38, 0xDF, 0xE5, 0xCC, 0xBF, 0x1F, 0xD0, 0x73, 0xCF, 0x80, 0x4D, 0x6C, 0xF9,
    0xA5, 0xF1, 0xE3, 0x02, 0xF0, 0xDF, 0xE5, 0x97, 0xFD, 0xEC, 0x9F, 0x05, 0xAF, 0x13, 0x71, 0xBB,
    0x31, 0x6D, 0x51, 0xC9, 0x4B, 0xE4, 0x20, 0x57, 0xF5, 0x5E, 0xF4, 0x63, 0xA4, 0x70, 0xE7, 0x5D,
    0x83, 0xB8, 0xDF, 0x9D, 0xDC, 0x68, 0xBB, 0x09, 0x4C, 0x3D, 0x1B, 0xAD, 0x87, 0xB9, 0xDE, 0x86,
    0xD9, 0x9A, 0xB6, 0x3F, 0xFF, 0xB6, 0x88, 0x3A, 0x4E, 0x94, 0x5A, 0xB2, 0xEC, 0xEA, 0xE9, 0x39,
    0x0C, 0x21, 0x57, 0xD9, 0xFA, 0x44, 0x51, 0x86, 0x52, 0xA0, 0x52, 0x49, 0xBF, 0x3C, 0x70, 0x64,
    0x10, 0xB2, 0x47, 0xA6, 0xDA, 0xFB, 0xF2, 0x44, 0x20, 0x55, 0x2D, 0x3B, 0x88, 0xB3, 0xAA, 0x03,
    0x01, 0x52, 0xA8, 0x01, 0x88, 0x7E, 0xB7, 0x80, 0x4D, 0x30, 0x41, 0x85, 0x91, 0x20, 0x1D, 0x74,
    0x3C, 0x09, 0xE6, 0x70, 0xF7, 0x66, 0x9F, 0x96, 0xED, 0x19, 0x7A, 0x32, 0xFF, 0x04, 0x44, 0x0B,
    0x7E, 0x86, 0x55, 0xA1, 0xB1, 0x61, 0x50, 0x13, 0x39, 0x1A, 0x4D, 0xB7, 0x50, 0x88, 0x37, 0x71,
    0xBD, 0x3D, 0xB3, 0x9A, 0xD6, 0xCD, 0x34, 0x36, 0xC7, 0x8A, 0x59, 0xEE, 0x6C, 0x82, 0xB8, 0x68,
    0x31, 0x12, 0x7E, 0xE6, 0xBA, 0x8F, 0xDA, 0x14, 0x91, 0x11, 0xB6, 0x99, 0x31, 0xEE, 0xE4, 0x9D,
    0xE5, 0xEE, 0x7A, 0x86, 0x4A, 0x70, 0xE5, 0x91, 0x4A, 0x70, 0xE2, 0x13, 0xDC, 0xC1, 0x51, 0x71,
    0xF5, 0x3E, 0xF6, 0x04, 0x9E, 0xBF, 0x12, 0x1C, 0xB6, 0xE1, 0xD8, 0x30, 0xBD, 0x2A, 0x16, 0xE7,
    0xB4, 0x6C, 0x92, 0x2F, 0x16, 0x27, 0xD0, 0x62, 0xC8, 0xA1, 0x52, 0x0B, 0xC3, 0x95, 0x5B, 0x28,
    0x3C, 0x94, 0x2D, 0xCA, 0x30, 0x61, 0x67, 0x7C, 0x0C, 0x07, 0xD0, 0xDC, 0x00, 0x3F, 0xD5, 0x7C,
    0xD2, 0x62, 0x79, 0x50, 0xC2, 0xE4, 0x32, 0x2C, 0x07, 0x4C, 0x9D, 0x46, 0xE0, 0x05, 0xA9, 0xE8,
    0x0C, 0xE7, 0x5F, 0xFA, 0xF3, 0x9F, 0x1E, 0xEB, 0x8B, 0x62, 0x79, 0x80, 0xF3, 0x9F, 0xFF, 0xF9,
    0x3B, 0xD3, 0xE5, 0xD0, 0xD4, 0x39, 0x3A, 0xD3, 0x53, 0x54, 0x26, 0x9A, 0x11, 0x72, 0xE2, 0x26,
    0x30, 0xD2, 0x8C, 0x78, 0x69, 0xC6, 0x65, 0x79, 0x84, 0xAE, 0xD4, 0x40, 0xCA, 0x5A, 0xAE, 0xE4,
    0x65, 0xEA, 0x22, 0xF7, 0xE3, 0xD9, 0xC5, 0x3F, 0xE7, 0x07, 0x5E, 0xBE, 0x15, 0x2E, 0xDB, 0x65,
    0x7D, 0xC6, 0xBF, 0x65, 0xB7, 0xC0, 0xAA, 0xB9, 0x0D, 0x0F, 0x80, 0x94, 0xF5, 0xA9, 0xB7, 0x46,
    0xBA, 0xBD, 0x41, 0x8A, 0x6D, 0x1E, 0xF2, 0x06, 0xF3, 0x10, 0x2C, 0xDB, 0x6F, 0xC9, 0x84, 0x10,
    0x8E, 0x44, 0xA9, 0xA5, 0xF3, 0x11, 0x9A, 0x0B, 0x40, 0x70, 0x83, 0x4F, 0x01, 0xF3, 0xF1, 0x77,
    0x80, 0x71, 0xF6, 0xCA, 0x45, 0x02, 0x68, 0xAA, 0xF5, 0x75, 0x60, 0x35, 0x85, 0xF5, 0xFA, 0x0F,
    0x68, 0xBB, 0x45, 0xB8, 0x34, 0x93, 0xE3, 0x17, 0xEB, 0x25, 0x56, 0x30, 0xB6, 0x42, 0x0C, 0xBA,
    0xFC, 0xE6, 0xE0, 0xA1, 0x0C, 0x1D, 0x16, 0xB6, 0x97, 0x4C, 0xDF, 0x5F, 0xF9, 0xCB, 0x3B, 0xDB,
    0x7A, 0x99, 0x6C, 0xFA, 0xD9, 0x48, 0x19, 0x75, 0x56, 0x62, 0x6A, 0xAA, 0xDB, 0xCF, 0x84, 0xBE,
    0xC3, 0xBF, 0xFF, 0xE2, 0x8F, 0xB4, 0x2A, 0xA6, 0xE9, 0xCA, 0x0D, 0x65, 0xF5, 0x28, 0x8F, 0xE5,
    0xEB, 0xE5, 0xE9, 0xEC, 0xCD, 0x25, 0xD3, 0xF7, 0x7A, 0x56, 0x39, 0xAC, 0x67, 0x95, 0xE6, 0xF4,
    0x59, 0xE5, 0xF9, 0x03, 0x0B, 0xF7, 0x29, 0x54, 0x0A, 0xB8, 0x16, 0x22, 0x7E, 0x78, 0xF5, 0x40,
    0x60, 0xE1, 0x77, 0x7E, 0xE0, 0xA3, 0x06, 0x8F, 0xD3, 0xE1, 0xC0, 0xC2, 0xD5, 0x3A, 0x1B, 0xAB,
    0x6B, 0x20, 0x56, 0xD8, 0x87, 0xD6, 0xD7, 0x4F, 0xF3, 0x41, 0x84, 0xA7, 0xD5, 0xBB, 0xB8, 0xB6,
    0x85, 0x17, 0x2F, 0xB6, 0x86, 0xC7, 0x46, 0xC1, 0x57, 0x2A, 0xB2, 0x02, 0xA9, 0x80, 0xD9, 0x83,
    0xC3, 0x25, 0x1F, 0xD6, 0x75, 0x1F, 0xCE, 0x08, 0xF1, 0xBA, 0x24, 0x06, 0x45, 0x02, 0x04, 0x78,
    0x77, 0x5B, 0xE0, 0xE0, 0xDA, 0x1A, 0x96, 0x5E, 0xA9, 0xCE, 0x64, 0xF4, 0x47, 0xE5, 0x1E, 0xEF,
    0x0F, 0x49, 0x7B, 0xBA, 0xE5, 0x08, 0x27, 0x59, 0x30, 0xCF, 0x1C, 0xAA, 0x9F, 0xB2, 0x21, 0x9F,
    0x8C, 0x0A, 0x0E, 0xCE, 0xC2, 0xDC, 0x7B, 0xE6, 0x1A, 0xFC, 0x88, 0x3B, 0x70, 0x9D, 0x39, 0x65,
    0xC3, 0xCA, 0x89, 0xE7, 0x98, 0x5F, 0x3E, 0xC8, 0x09, 0xAF, 0xF7, 0xC7, 0xB3, 0x9D, 0xF0, 0xB4,
    0xFF, 0x48, 0x2D, 0x81, 0xB5, 0xB6, 0x77, 0xD0, 0xE8, 0x39, 0x5A, 0x2D, 0x86, 0x74, 0x39, 0x24,
    0x9C, 0x82, 0x75, 0x49, 0x74, 0xC4, 0x3C, 0x74, 0xC9, 0x1E, 0x92, 0xF8, 0xD4, 0xEB, 0xBA, 0xD4,
    0x0A, 0xC8, 0x49, 0xF2, 0x10, 0x4F, 0x10, 0xBE, 0x56, 0x6D, 0xC7, 0x4A, 0x3F, 0x38, 0x5E, 0x7C,
    0xE9, 0x17, 0x26, 0xDD, 0x8F, 0xC8, 0x2C, 0x30, 0xBD, 0x3E, 0x57, 0x88, 0xC0, 0x02, 0x0E, 0x16,
    0xB9, 0x67, 0x26, 0xB3, 0xE4, 0xF4, 0x0A, 0x0E, 0x38, 0x27, 0x9C, 0x15, 0x68, 0x00, 0x49, 0x6D,
    0x5F, 0x1E, 0x0A, 0xCE, 0x05, 0xF7, 0x32, 0x4B, 0xD2, 0xCD, 0xE1, 0x27, 0xD9, 0x36, 0x07, 0x9F,
    0x64, 0x9B, 0xC1, 0xFF, 0xF5, 0xC6, 0xC1, 0xCC, 0x92, 0x86, 0x81, 0x7B, 0x19, 0x24, 0x35, 0xC9,
    0x2F, 0xAD, 0x6A, 0xAA, 0x80, 0x68, 0xEB, 0x70, 0x51, 0xEA, 0xBE, 0xC1, 0xE3, 0x0D, 0xF8, 0xBE,
    0xA0, 0xDA, 0x3B, 0x25, 0xDF, 0xC9, 0x2F, 0x46, 0xDD, 0xC4, 0xA0, 0x73, 0x68, 0x2F, 0x66, 0x9E,
    0x08, 0x78, 0x5E, 0xED, 0xD5, 0x0C, 0xFC, 0x5F, 0xDD, 0x5B, 0x01, 0xA4, 0x26, 0xD7, 0xD9, 0x7E,
    0x66, 0x26, 0x7B, 0xE7, 0xB7, 0x13, 0xCE, 0x8F, 0x0D, 0x92, 0x1F, 0x03, 0x3F, 0x88, 0xDF, 0x3F,
    0x00, 0x90, 0xEC, 0x99, 0x6E, 0x00, 0x85, 0x8B, 0x4D, 0xA1, 0x65, 0x21, 0xA8, 0x2A, 0x05, 0x80,
    0x64, 0x67, 0x28, 0x8A, 0xA2, 0x97, 0x2A, 0x50, 0xBA, 0x08, 0x36, 0x57, 0x69, 0x11, 0x5A, 0xDC,
    0x64, 0x8E, 0x14, 0x00, 0x9D, 0xA6, 0x34, 0x28, 0x3A, 0x49, 0x1B, 0x01, 0xEC, 0x21, 0xB3, 0xFA,
    0x49, 0xCE, 0xCC, 0xD3, 0x7D, 0xDF, 0xF3, 0x7D, 0x3B, 0xDF, 0x77, 0x93, 0x64, 0x23, 0x92, 0x7B,
    0xBF, 0xEF, 0x1E, 0xB9, 0xCF, 0x73, 0xBF, 0x33, 0x73, 0x4F, 0xCE, 0xFB, 0x3C, 0xEF, 0xBC, 0xE7,
    0x38, 0xDF, 0x2C, 0x60, 0x02, 0xA4, 0x99, 0x59, 0xA9, 0xA2, 0x92, 0x65, 0x2D, 0x74, 0x93, 0xAD,
    0xD0, 0x19, 0x9D, 0x50, 0x60, 0x0F, 0x20, 0x19, 0x3B, 0x0F, 0x20, 0xF3, 0x56, 0x69, 0xB0, 0x23,
    0x80, 0xBC, 0xAF, 0x64, 0x18, 0xE3, 0x8C, 0x52, 0xAB, 0xA3, 0x55, 0x75, 0x41, 0x1D, 0x8B, 0x42,
    0x0D, 0x29, 0xA3, 0x4D, 0xC8, 0x64, 0xB4, 0x00, 0xD0, 0x21, 0x59, 0x01, 0x1C, 0x90, 0x79, 0xA0,
    0xF3, 0x4A, 0xCD, 0x08, 0x23, 0x14, 0x40, 0x3A, 0x43, 0xBA, 0x35, 0xE1, 0x5C, 0x33, 0xA3, 0x52,
    0x15, 0x94, 0x6C, 0xD8, 0xFE, 0x54, 0x0C, 0x82, 0xC9, 0x6D, 0x20, 0x21, 0x7B, 0x14, 0xE4, 0x0A,
    0x26, 0x98, 0x09, 0x66, 0x2C, 0x66, 0x14, 0x3E, 0x27, 0x70, 0x2C, 0x00, 0x81, 0xE7, 0x3A, 0x22,
    0x27, 0x89, 0x92, 0xDF, 0x27, 0xEC, 0x98, 0x13, 0x8D, 0xDC, 0xD2, 0x45, 0x30, 0x44, 0x23, 0x60,
    0x57, 0x0D, 0x51, 0xF1, 0x63, 0xFA, 0x9C, 0xEF, 0xD0, 0xE3, 0x36, 0x36, 0xAD, 0x58, 0x01, 0x28,
    0xA7, 0x0D, 0xA8, 0x02, 0xB9, 0x87, 0x7E, 0xDE, 0x16, 0xF3, 0x85, 0xCA, 0x41, 0x7B, 0x23, 0x59,
    0xED, 0x4C, 0x27, 0x28, 0xF9, 0x48, 0x03, 0x96, 0x76, 0x28, 0xCE, 0x1C, 0xBD, 0xAE, 0x43, 0xC9,
    0xA4, 0x9A, 0x16, 0xF8, 0x5F, 0x8D, 0xAF, 0x6A, 0x45, 0x7D, 0x00, 0xD9, 0x28, 0xA0, 0xE1, 0xD5,
    0x17, 0xE7, 0x4A, 0x3E, 0x28, 0x19, 0x91, 0xE5, 0xDA, 0xED, 0xB2, 0x16, 0xD9, 0xF9, 0xA2, 0xEA,
    0x17, 0x85, 0x9B, 0xF5, 0x52, 0x36, 0xEA, 0xF4, 0x92, 0x1A, 0xC7, 0x87, 0xA7, 0xBB, 0x36, 0xD5,
    0x56, 0x03, 0x2D, 0xE6, 0xB2, 0x46, 0xC9, 0x1F, 0x03, 0xF6, 0x37, 0x3D, 0x30, 0x65, 0xA3, 0x5C,
    0xD2, 0x50, 0x2E, 0x44, 0x77, 0x9D, 0xBA, 0x8A, 0x12, 0xC9, 0x5E, 0x53, 0x33, 0xCC, 0x1D, 0xE2,
    0x4B, 0x74, 0xBF, 0x7D, 0x98, 0xBA, 0xEB, 0xC3, 0x6B, 0xE4, 0xF7, 0xEC, 0x03, 0xE9, 0xFA, 0x03,
    0x07, 0xC0, 0x7C, 0x34, 0xCA, 0x95, 0x49, 0xC6, 0xB4, 0x58, 0xB7, 0x97, 0xF5, 0x7F, 0x38, 0x22,
    0x25, 0x67, 0x64, 0xCC, 0x58, 0x67, 0x53, 0xCA, 0x36, 0x0D, 0x09, 0x1D, 0x6E, 0x08, 0x40, 0xE0,
    0xE8, 0x77, 0x74, 0x09, 0x49, 0x97, 0xF3, 0x6F, 0x74, 0x66, 0x4A, 0xE8, 0x4A, 0xB9, 0xA5, 0x8A,
    0x90, 0xD1, 0x95, 0x02, 0x66, 0x2E, 0xE9, 0x0A, 0x06, 0x86, 0x84, 0xBE, 0x0B, 0x78, 0x06, 0x3B,
    0x8D, 0x8A, 0xE9, 0x03, 0xA7, 0x5C, 0x38, 0xCD, 0xFE, 0x2A, 0x66, 0xFF, 0x0B, 0x8B, 0x9A, 0x57,
    0x23, 0xFB, 0x9F, 0x07, 0x00, 0xFD, 0xED, 0x4F, 0x3D, 0x80, 0xDC, 0xA1, 0x98, 0x2B, 0x79, 0x04,
    0x7E, 0x70, 0x69, 0x8F, 0x00, 0x36, 0x86, 0xB0, 0x3F, 0x13, 0x31, 0xC8, 0x95, 0x0C, 0xFA, 0x1E,
    0x3D, 0x80, 0xA3, 0xBA, 0x6A, 0xA1, 0x8E, 0x08, 0xA2, 0x9C, 0x71, 0xB5, 0x1C, 0xB1, 0xED, 0xFF,
    0x01, 0x9C, 0xCE, 0x62, 0xD8, 0x99, 0xD3, 0x49, 0x24, 0x00, 0x8A, 0x19, 0x80, 0x61, 0xFD, 0xAD,
    0xDA, 0x52, 0x7C, 0xC6, 0x96, 0x62, 0xCB, 0x96, 0xA3, 0xFB, 0x4A, 0x66, 0x47, 0x73, 0xEA, 0x82,
    0x9C, 0x86, 0x3C, 0xCA, 0x24, 0xA1, 0xEE, 0xB6, 0x43, 0xDD, 0x1C, 0x55, 0x83, 0x92, 0x1D, 0x95,
    0x9A, 0x55, 0xFC, 0xE4, 0x97, 0x25, 0x11, 0xE9, 0x1B, 0x6A, 0x89, 0xC6, 0xE4, 0x80, 0xE6, 0xCE,
    0xB0, 0xEB, 0xCB, 0x7E, 0xEC, 0x9F, 0x50, 0xB6, 0x4A, 0x76, 0x7B, 0x61, 0xF9, 0x8E, 0xD7, 0x7D,
    0x84, 0xCF, 0xF4, 0x96, 0xF9, 0x8E, 0xC6, 0xD3, 0xD1, 0x6D, 0x19, 0x94, 0x1C, 0x1F, 0xAC, 0x87,
    0xBA, 0xB0, 0xBC, 0x0D, 0x00, 0x23, 0x90, 0xBE, 0xFF, 0xCE, 0x80, 0x64, 0xCC, 0x7B, 0x80, 0x6A,
    0x13, 0x6B, 0x95, 0xEB, 0x22, 0x1D, 0xBA, 0xBB, 0xCC, 0x4B, 0xE3, 0x57, 0xBA, 0x35, 0x5C, 0x61,
    0x0F, 0x3A, 0xE8, 0xB0, 0xBA, 0x80, 0x8A, 0x07, 0xEF, 0x5E, 0xBA, 0x07, 0xF9, 0xB8, 0x2D, 0xE2,
    0x53, 0x2F, 0xEE, 0x3C, 0x0E, 0x6B, 0x2B, 0x7E, 0x7A, 0xC5, 0xAC, 0xD0, 0x49, 0xEB, 0xE8, 0x4F,
    0xBF, 0x0A, 0x00, 0x02, 0xE9, 0x08, 0xA4, 0x1F, 0x5C, 0xFE, 0x33, 0xF1, 0x94, 0x22, 0x9A, 0xDE,
    0x0B, 0x91, 0x42, 0xC9, 0xC3, 0xA8, 0xD6, 0x49, 0x59, 0x63, 0x69, 0x3E, 0x1B, 0x84, 0xA6, 0xD2,
    0x41, 0x25, 0x69, 0xB7, 0x56, 0x7E, 0x1C, 0xA2, 0x2D, 0x55, 0x7D, 0x0F, 0xE0, 0xBF, 0x7D, 0x14,
    0x39, 0x1D, 0xBA, 0x16, 0xB1, 0xDD, 0x4B, 0x5B, 0x60, 0xCC, 0xDD, 0xDA, 0x16, 0x4B, 0xA8, 0x2D,
    0x17, 0xB5, 0xC8, 0xAB, 0xF4, 0xB8, 0x07, 0x20, 0x8D, 0x55, 0x29, 0x99, 0xCA, 0xB5, 0x3B, 0x6E,
    0x51, 0x72, 0x99, 0xD1, 0xD2, 0xAE, 0xEC, 0x09, 0x48, 0xD2, 0x26, 0x27, 0xC8, 0x44, 0x8D, 0x74,
    0x2A, 0x87, 0x73, 0xBE, 0xEC, 0xC9, 0x22, 0xAF, 0xD2, 0xCC, 0x6B, 0x4C, 0xF9, 0xE1, 0xF7, 0x66,
    0x80, 0x3D, 0xEE, 0x2A, 0xDE, 0x54, 0xB4, 0x8A, 0xCF, 0x28, 0xE2, 0x1C, 0x7E, 0x72, 0xDA, 0x02,
    0x24, 0x7B, 0x45, 0x17, 0xFB, 0xBF, 0x14, 0x8D, 0xDB, 0xC6, 0x84, 0x3D, 0x1A, 0x67, 0x29, 0xC6,
    0x44, 0xC4, 0x4E, 0xB3, 0x4E, 0x90, 0xFE, 0x3C, 0x56, 0xAD, 0x96, 0x55, 0xF5, 0xD4, 0x21, 0x23,
    0x47, 0x98, 0xC9, 0x4C, 0x28, 0x57, 0x19, 0x61, 0xFD, 0x1A, 0xDA, 0xC6, 0xA7, 0x8F, 0x40, 0x66,
    0xD6, 0x29, 0x7C, 0x72, 0x7A, 0x5A, 0x6B, 0xEA, 0x34, 0x02, 0x56, 0x61, 0x85, 0xEB, 0x22, 0x49,
    0x09, 0xC3, 0x5F, 0x51, 0x86, 0x0A, 0x32, 0xE8, 0x10, 0xAD, 0x89, 0x2D, 0xD3, 0x8C, 0xE2, 0x06,
    0x0A, 0x81, 0x54, 0x2D, 0xD4, 0xC1, 0x52, 0xCA, 0xF5, 0xA4, 0x9F, 0x20, 0x4D, 0x31, 0x0D, 0x82,
    0xC6, 0x2B, 0xD6, 0x8A, 0x88, 0x6D, 0xFF, 0x14, 0xDF, 0x39, 0x3F, 0x72, 0x8F, 0xCF, 0x8F, 0xDC,
    0xF6, 0xF9, 0x51, 0xAA, 0x91, 0x1C, 0x5F, 0x90, 0xE8, 0xC9, 0x49, 0x2C, 0x07, 0x52, 0xBB, 0x2D,
    0x1F, 0xF4, 0x40, 0xA3, 0xA1, 0x9E, 0x95, 0xAC, 0x81, 0x57, 0x12, 0x15, 0x17, 0xFB, 0x2B, 0xE8,
    0xB3, 0x7A, 0xE3, 0x70, 0x13, 0x19, 0xE7, 0x29, 0x46, 0x57, 0x38, 0x8E, 0x38, 0xAA, 0x55, 0x5A,
    0x5C, 0x5C, 0xEE, 0xDE, 0x7D, 0x9C, 0x92, 0x2F, 0xDF, 0x1A, 0xC5, 0xD0, 0x7F, 0x3A, 0x20, 0xA3,
    0x58, 0x6A, 0xFE, 0x22, 0xDD, 0xB6, 0xB6, 0x35, 0x70, 0x03, 0xD7, 0xF6, 0x56, 0xCC, 0xCF, 0x9E,
    0xB2, 0x61, 0xFB, 0x94, 0x2D, 0xD7, 0xA2, 0x1D, 0x2E, 0x4E, 0xD6, 0xB2, 0x5E, 0xF6, 0xE1, 0x99,
    0x7F, 0x59, 0x3E, 0x3D, 0x94, 0x6B, 0xC8, 0xA3, 0xAC, 0xEF, 0x1F, 0x8C, 0xAC, 0xBB, 0x87, 0x68,
    0xAD, 0x1C, 0xA2, 0xF5, 0x5F, 0x70, 0x88, 0x26, 0xE9, 0x54, 0xD2, 0x03, 0xA4, 0x24, 0xF4, 0x4B,
    0xAC, 0xF3, 0x19, 0x94, 0xA5, 0x36, 0xC2, 0x50, 0x06, 0x74, 0x43, 0x49, 0xD2, 0x57, 0x0A, 0xF3,
    0xE9, 0xE9, 0x89, 0xAE, 0x85, 0xA5, 0x80, 0x51, 0x98, 0x91, 0xB6, 0x39, 0xEB, 0xDC, 0x65, 0xFC,
    0xB0, 0x71, 0x20, 0x29, 0x83, 0xAE, 0x24, 0x39, 0x11, 0xDB, 0x52, 0x34, 0xFF, 0x3F, 0x3A, 0x7A,
    0x76, 0x3E, 0x73, 0x1F, 0x1E, 0x4E, 0xE6, 0xEE, 0x9E, 0x90, 0xB9, 0xDD, 0x13, 0xB2, 0x4B, 0x4B,
    0x5F, 0x24, 0x31, 0x7F, 0xA7, 0xC2, 0xA9, 0x64, 0x35, 0xF0, 0x5A, 0x43, 0x00, 0xAF, 0xC4, 0x15,
    0x4D, 0x13, 0x3A, 0x91, 0xBB, 0x77, 0xEB, 0x04, 0xF6, 0x5C, 0xED, 0x27, 0x9C, 0x7E, 0xE9, 0xCA,
    0x61, 0xEF, 0x88, 0xE4, 0xD9, 0x13, 0x25, 0x0F, 0x5F, 0x4F, 0xF2, 0xF0, 0x45, 0x92, 0x43, 0xA2,
    0xDD, 0x15, 0xF5, 0xE3, 0xA0, 0xBB, 0x9B, 0x4E, 0x6B, 0x74, 0x59, 0x63, 0x69, 0x07, 0xBD, 0x25,
    0xFB, 0x9C, 0x63, 0xAD, 0x24, 0xEC, 0x1E, 0x6B, 0x5D, 0xFA, 0xAE, 0x4D, 0x02, 0x14, 0x17, 0xB2,
    0x77, 0x02, 0x90, 0x84, 0xB8, 0xC3, 0xA9, 0x7A, 0xA0, 0x92, 0xBA, 0xF3, 0xD8, 0x82, 0x56, 0x7E,
    0x52, 0x7A, 0x95, 0xE8, 0x9B, 0xF8, 0x49, 0xE8, 0xF5, 0x81, 0x93, 0x71, 0x93, 0xFB, 0x30, 0x74,
    0xE5, 0x9D, 0xFE, 0xBF, 0x8A, 0x01, 0xA6, 0x47, 0xE7, 0x44, 0x9F, 0x55, 0xDC, 0x62, 0xA1, 0x63,
    0xDD, 0xB1, 0xCD, 0xD9, 0x66, 0x5F, 0xE1, 0xBF, 0x9C, 0xAE, 0x61, 0xE8, 0x18, 0xBE, 0xED, 0x39,
    0x63, 0xD3, 0x1A, 0x07, 0x70, 0x58, 0xFF, 0xF4, 0x71, 0x19, 0x79, 0x0B, 0x19, 0xEB, 0x38, 0xA1,
    0x84, 0xD0, 0xF6, 0xF5, 0x23, 0x81, 0xB6, 0x84, 0xD0, 0x7E, 0x97, 0xB1, 0xC6, 0x84, 0x75, 0x4B,
    0x75, 0x26, 0x15, 0xB9, 0x02, 0x38, 0x16, 0x7A, 0x4F, 0x42, 0x97, 0x13, 0xE8, 0x06, 0x33, 0x4B,
    0x7E, 0x94, 0x41, 0x12, 0xC4, 0x0A, 0x06, 0xC1, 0x2A, 0xD8, 0x15, 0x50, 0x4E, 0x5B, 0x38, 0x47,
    0xDC, 0xE9, 0xD7, 0x3B, 0x23, 0xC6, 0x11, 0xCC, 0x24, 0xA3, 0x15, 0x3A, 0x72, 0xC6, 0x16, 0x74,
    0xE0, 0x90, 0x53, 0xB3, 0x43, 0xD2, 0x86, 0xD4, 0x6F, 0x37, 0x8F, 0xCF, 0xAF, 0x5D, 0x36, 0x2C,
    0x58, 0x29, 0x16, 0x43, 0x5C, 0x44, 0x63, 0x8E, 0x6A, 0xB6, 0x9A, 0x29, 0x23, 0xCA, 0x00, 0x3A,
    0x3B, 0x0A, 0x78, 0x70, 0x68, 0x3C, 0x3A, 0xFF, 0x08, 0x1A, 0xDF, 0x6D, 0x20, 0x7E, 0xD4, 0x0B,
    0xF6, 0x11, 0x0C, 0x7A, 0xB3, 0xFE, 0x99, 0x0E, 0x90, 0x92, 0xD3, 0x67, 0x13, 0x7F, 0xDA, 0xA4,
    0xBB, 0x11, 0xC8, 0x05, 0xE2, 0xD9, 0x7A, 0xA5, 0xD8, 0x51, 0xF0, 0x4D, 0x2B, 0x88, 0x88, 0x9D,
    0x40, 0xB6, 0x52, 0xEC, 0x15, 0x1D, 0xF6, 0x5B, 0xF1, 0xE4, 0x3E, 0x00, 0xA3, 0x33, 0xFB, 0x89,
    0x03, 0x9E, 0x36, 0xFD, 0x66, 0x2F, 0xA3, 0x27, 0x22, 0x2A, 0xFB, 0x28, 0x70, 0xFC, 0x15, 0xA4,
    0xEF, 0xBE, 0x19, 0xE9, 0x0B, 0x27, 0x58, 0x3A, 0x99, 0xA2, 0xD5, 0x14, 0x10, 0x45, 0xA9, 0x85,
    0x27, 0x58, 0x27, 0x79, 0x50, 0x78, 0xE0, 0x5A, 0x8D, 0xE3, 0x83, 0x48, 0xE7, 0x4C, 0x04, 0x2C,
    0x7A, 0xE4, 0x34, 0x35, 0x0C, 0x7F, 0xBB, 0xF5, 0xFD, 0x51, 0xBA, 0x14, 0xF4, 0x0B, 0x10, 0x37,
    0xF3, 0x4B, 0x7E, 0xE2, 0x4C, 0xA7, 0x58, 0x4A, 0x68, 0xBB, 0xE2, 0xFA, 0xC3, 0x11, 0x77, 0x16,
    0xB0, 0x02, 0xE6, 0x67, 0x04, 0xD2, 0x3F, 0xB3, 0xDD, 0x15, 0xF7, 0xEC, 0xE2, 0xC4, 0x5D, 0xEC,
    0x9E, 0x15, 0x1F, 0x08, 0xC2, 0xD4, 0x32, 0xDD, 0x46, 0xB3, 0xF8, 0x4D, 0x15, 0xFA, 0xBF, 0x0F,
    0x2F, 0x8B, 0x97, 0xFD, 0xF7, 0x2F, 0xD7, 0xDF, 0x50, 0xE7, 0x2C, 0x25, 0x95, 0x7F, 0x7D, 0x69,
    0xA9, 0x0C, 0xDC, 0x88, 0x8A, 0x39, 0x0F, 0x14, 0xA4, 0x07, 0xCC, 0xCF, 0x65, 0xCE, 0xD7, 0xD1,
    0x21, 0xCE, 0x5C, 0x35, 0xC7, 0x61, 0x56, 0x8E, 0x6A, 0xB3, 0x0B, 0x4F, 0xE5, 0x52, 0xD6, 0x37,
    0x9B, 0x5D, 0x78, 0xCE, 0x58, 0xAF, 0x2F, 0x51, 0xF8, 0xEB, 0xAF, 0x2F, 0xD2, 0x76, 0xD4, 0x23,
    0xEA, 0xA6, 0x95, 0x2A, 0x67, 0x7A, 0xC0, 0xB8, 0xCC, 0x43, 0xDB, 0xE1, 0xEF, 0x34, 0xCE, 0xEF,
    0xC2, 0x7F, 0xE1, 0x45, 0xF0, 0xD5, 0x52, 0x57, 0xF6, 0x62, 0x33, 0x82, 0xE7, 0xEF, 0x29, 0x75,
    0x5E, 0x89, 0x6E, 0xA9, 0x41, 0x28, 0x46, 0x25, 0xD3, 0x3E, 0x36, 0x63, 0x88, 0xFD, 0x41, 0x6D,
    0x31, 0x41, 0x7D, 0x29, 0x82, 0x1A, 0x93, 0x86, 0xE8, 0x4C, 0x50, 0x6B, 0xDE, 0xF7, 0xEA, 0x0D,
    0x7B, 0x95, 0x96, 0x88, 0xEE, 0x20, 0xCA, 0x8D, 0xE8, 0xC0, 0xE7, 0xD1, 0x7C, 0xBE, 0x53, 0xFF,
    0x60, 0x43, 0xD1, 0x27, 0x44, 0xA3, 0x10, 0x9D, 0xC2, 0xDA, 0xAA, 0xE8, 0xD5, 0xC6, 0xAC, 0xE8,
    0xD6, 0x62, 0xD7, 0x75, 0x31, 0x03, 0x26, 0x3A, 0xE5, 0x05, 0x3B, 0x27, 0x18, 0x8B, 0xAD, 0x87,
    0x45, 0xEC, 0x13, 0x4B, 0xE8, 0x44, 0xBE, 0xC6, 0x89, 0x29, 0x46, 0x45, 0x35, 0xAA, 0xEF, 0x03,
    0x88, 0xD4, 0x41, 0xFE, 0x5E, 0x7D, 0x58, 0x63, 0x73, 0xFE, 0xE3, 0xD2, 0xA9, 0xFE, 0x40, 0x0D,
    0x8A, 0xC6, 0x46, 0x8F, 0xA3, 0x47, 0xD1, 0x24, 0x71, 0x69, 0x99, 0xA0, 0x3A, 0x23, 0x7D, 0x6C,
    0x95, 0x9B, 0x7E, 0x2B, 0xCF, 0x90, 0x8C, 0x87, 0x6E, 0x44, 0x7A, 0x0A, 0xED, 0x72, 0xAA, 0xB6,
    0xF6, 0x97, 0x5E, 0xBB, 0x82, 0x20, 0xDE, 0xBA, 0x7C, 0x23, 0xE2, 0xF6, 0x3C, 0xD6, 0xA6, 0x65,
    0x83, 0x8E, 0x35, 0x75, 0x8A, 0xD9, 0x2A, 0x52, 0x1F, 0xC9, 0x1D, 0xAC, 0x1F, 0x71, 0x03, 0x1F,
    0x57, 0x04, 0xDD, 0xC2, 0x6F, 0xF6, 0xF0, 0x30, 0xD1, 0xA2, 0x56, 0x30, 0x7A, 0x33, 0xAA, 0x06,
    0xC7, 0x97, 0xEA, 0xCD, 0x0F, 0x05, 0x24, 0xB0, 0xA0, 0xB3, 0xFE, 0x64, 0x54, 0xA2, 0x97, 0xD9,
    0x67, 0x1A, 0xD7, 0xB3, 0x68, 0xEA, 0x43, 0xAF, 0x56, 0xCF, 0x09, 0x80, 0x83, 0x15, 0x11, 0xE6,
    0xB7, 0xF5, 0x72, 0x00, 0x72, 0xC7, 0x11, 0xF2, 0xF5, 0x45, 0x7F, 0xB9, 0x0F, 0xC9, 0xA1, 0xCB,
    0xBB, 0xBB, 0x7A, 0xC3, 0x7E, 0xD1, 0x57, 0xC7, 0xDA, 0x2E, 0x5F, 0xEA, 0x65, 0x01, 0xD7, 0x20,
    0x01, 0xA3, 0x98, 0x2B, 0xEA, 0x22, 0xDE, 0x91, 0x09, 0x59, 0x47, 0x6A, 0x33, 0x0E, 0x12, 0x5A,
    0x4A, 0x87, 0xBC, 0x47, 0x72, 0x21, 0x54, 0xB8, 0xCD, 0x19, 0xA6, 0x44, 0x57, 0xB5, 0x80, 0x9D,
    0x13, 0xEA, 0x5C, 0xD5, 0x80, 0x84, 0x1A, 0xD1, 0x4E, 0x48, 0x40, 0xBE, 0xF3, 0xC6, 0x81, 0x61,
    0xA4, 0x49, 0x29, 0x1D, 0xD5, 0xBE, 0x5B, 0x0C, 0x6B, 0xCC, 0x59, 0xDB, 0x80, 0x8C, 0x75, 0xA9,
    0x68, 0xBE, 0x32, 0x96, 0x82, 0xAD, 0xA2, 0xB3, 0x01, 0xA9, 0x22, 0xF8, 0xA9, 0x28, 0x4D, 0xFE,
    0x83, 0x3D, 0x2A, 0x7E, 0x97, 0xC3, 0xEE, 0xFB, 0x41, 0xB6, 0x17, 0x6C, 0xBC, 0x9A, 0x3F, 0x2E,
    0xBF, 0x97, 0x4E, 0xD0, 0xEC, 0xFE, 0x8B, 0x86, 0xF2, 0xC9, 0xFF, 0xA2, 0x21, 0x12, 0x70, 0x88,
    0x6E, 0xFD, 0x48, 0x02, 0xCA, 0xE8, 0xC5, 0xB1, 0x8F, 0x56, 0x12, 0xCD, 0x2D, 0x41, 0x64, 0xE3,
    0xB2, 0x7E, 0x5B, 0x01, 0xDC, 0x54, 0xBC, 0xA1, 0x88, 0xCB, 0xF2, 0xEF, 0xB9, 0xFB, 0x91, 0xED,
    0x18, 0xB9, 0xEB, 0x95, 0x34, 0xC0, 0x65, 0xA7, 0x81, 0x42, 0xBB, 0x63, 0xFB, 0x63, 0xA4, 0x94,
    0xD1, 0x9C, 0xBF, 0xAE, 0xF9, 0x5D, 0x42, 0xED, 0xE9, 0xBB, 0xB5, 0x7A, 0x76, 0xCD, 0xAF, 0x46,
    0x7E, 0x6F, 0x8C, 0x4C, 0x17, 0xF9, 0x5F, 0x88, 0xDC, 0x7F, 0xA3, 0xAC, 0x76, 0xA9, 0x5F, 0xCA,
    0x5E, 0xF3, 0x2C, 0x3A, 0x16, 0x2D, 0x9B, 0xB0, 0x78, 0xB6, 0xF5, 0x88, 0x9D, 0xB6, 0x50, 0xDF,
    0x94, 0x8A, 0x79, 0xFB, 0x6D, 0x19, 0xEB, 0x94, 0xEE, 0x2E, 0xAF, 0x96, 0x0E, 0x91, 0xBC, 0xE5,
    0x4B, 0x0C, 0x55, 0xA4, 0xC2, 0xAB, 0x67, 0x79, 0xAF, 0x26, 0x18, 0x27, 0x8E, 0xCC, 0x84, 0x10,
    0x47, 0xA5, 0x80, 0x27, 0x51, 0xB9, 0x4D, 0xAD, 0x0D, 0x10, 0xFF, 0x9A, 0x80, 0x8D, 0x81, 0xE8,
    0xD4, 0xC1, 0xB5, 0x85, 0x1B, 0x0F, 0xD3, 0xD3, 0x5A, 0x48, 0xA3, 0xD7, 0xD6, 0x0C, 0x91, 0xCB,
    0x71, 0xD7, 0x44, 0xBC, 0x76, 0xA5, 0x4D, 0x3C, 0x3D, 0xC1, 0x52, 0x7A, 0x50, 0xAE, 0xB6, 0x96,
    0x02, 0x80, 0x8A, 0xE2, 0xE0, 0x7E, 0x9A, 0xA8, 0x55, 0x72, 0x29, 0x93, 0x4B, 0x9D, 0xC4, 0x86,
    0x6D, 0x8D, 0xA5, 0x54, 0x2E, 0x45, 0x32, 0xF1, 0x57, 0xD2, 0xCC, 0x58, 0x47, 0x63, 0x21, 0x8D,
    0x95, 0x74, 0x29, 0xA5, 0x52, 0x4B, 0x97, 0x62, 0x0A, 0xAB, 0x88, 0x9B, 0xEA, 0x2E, 0x6E, 0xEC,
    0x9F, 0xB5, 0xD7, 0x23, 0xA1, 0xF3, 0x55, 0x0C, 0x75, 0xEE, 0x62, 0x6C, 0x9C, 0x94, 0x7B, 0xC6,
    0xE8, 0x5A, 0xD3, 0x5F, 0xE5, 0xE7, 0x33, 0x39, 0xC1, 0xF2, 0x8E, 0x54, 0x7C, 0x49, 0x6A, 0xF3,
    0x96, 0x54, 0x7C, 0x4D, 0x4A, 0xDF, 0x93, 0xDA, 0xC3, 0xE7, 0xF3, 0x2A, 0x9B, 0xB2, 0xBB, 0xBD,
    0x54, 0x7B, 0xD6, 0xCC, 0xDD, 0xBA, 0x94, 0x8E, 0x58, 0xB7, 0x7D, 0x76, 0x48, 0x37, 0xA3, 0xDB,
    0xCB, 0x40, 0x37, 0x6E, 0x7F, 0x52, 0x49, 0x70, 0xF4, 0x86, 0x60, 0x46, 0x41, 0xD0, 0x2D, 0xB1,
    0x14, 0xF1, 0xAE, 0x15, 0x76, 0x1A, 0x19, 0x0A, 0x06, 0x72, 0x32, 0x0C, 0x86, 0x0E, 0xCD, 0x20,
    0x4E, 0x5A, 0x97, 0x09, 0x22, 0x59, 0xBF, 0xE1, 0xE0, 0x11, 0x80, 0x66, 0x94, 0x3F, 0xB6, 0x21,
    0xF3, 0x22, 0x5C, 0x3E, 0x88, 0x8C, 0x62, 0x47, 0xC6, 0x3B, 0xB5, 0x44, 0x41, 0x00, 0x88, 0x46,
    0x74, 0x41, 0xD0, 0x8E, 0x4F, 0x46, 0xBD, 0xB3, 0x22, 0xFD, 0x06, 0x75, 0xAF, 0xD2, 0x79, 0xE9,
    0x1D, 0x1F, 0x3B, 0x47, 0x81, 0xAA, 0xDE, 0x99, 0xF7, 0xC0, 0x49, 0xA1, 0x24, 0x8C, 0x37, 0x33,
    0x8C, 0xCB, 0x09, 0xF1, 0x04, 0x65, 0x9D, 0xB2, 0xB5, 0x12, 0xBD, 0xCC, 0xBD, 0x7F, 0x55, 0x14,
    0x0A, 0xE2, 0xE5, 0x08, 0x54, 0x0F, 0x65, 0xF6, 0x54, 0xE8, 0xA1, 0x69, 0x2B, 0x3E, 0x68, 0xDE,
    0x03, 0x50, 0x98, 0x01, 0x24, 0x41, 0xF7, 0x16, 0x51, 0xB7, 0x28, 0xE1, 0xFF, 0xC8, 0xBD, 0x56,
    0x2E, 0xDE, 0x3C, 0xD9, 0x47, 0xE5, 0x76, 0x5A, 0x35, 0x2C, 0x77, 0x36, 0xAB, 0xE5, 0x77, 0xD3,
    0x5F, 0x98, 0x76, 0xD6, 0xA1, 0xF0, 0xF4, 0xB0, 0x03, 0xFD, 0x23, 0xED, 0x3A, 0x6F, 0x67, 0x54,
    0xAD, 0x6A, 0x07, 0xD8, 0x55, 0x74, 0x51, 0xF0, 0xF7, 0x56, 0x10, 0x11, 0x29, 0x90, 0xEB, 0xD5,
    0xCC, 0x2D, 0x88, 0xBD, 0x54, 0x5C, 0x9E, 0xB5, 0x5C, 0xB4, 0x30, 0x7F, 0xF7, 0x40, 0x9A, 0x49,
    0x9F, 0x42, 0xD5, 0xC7, 0x4D, 0x35, 0xF0, 0x82, 0xC0, 0x8D, 0xBD, 0xC9, 0x5A, 0xE0, 0x15, 0x40,
    0xFF, 0x78, 0x25, 0x83, 0x7D, 0x3A, 0x02, 0x65, 0x8C, 0x48, 0x07, 0x7D, 0x16, 0xCD, 0x9E, 0xD7,
    0x87, 0xA3, 0x1A, 0xF2, 0xBF, 0x32, 0x35, 0xC8, 0x4E, 0x46, 0x25, 0x32, 0xDF, 0x04, 0xA4, 0x6D,
    0x31, 0xEC, 0x55, 0x7D, 0xF8, 0x0F, 0xB5, 0x59, 0x01, 0xA4, 0x25, 0xD7, 0x19, 0xFE, 0xE6, 0xCE,
    0xBE, 0x1D, 0x32, 0xE2, 0x04, 0xD9, 0x48, 0x77, 0x31, 0x00, 0x55, 0x9A, 0x01, 0x08, 0xDE, 0xEE,
    0x39, 0x09, 0x00, 0xE4, 0x61, 0xAF, 0x45, 0x90, 0xA0, 0xD0, 0x16, 0x1B, 0x0A, 0xB0, 0x6F, 0x67,
    0xA2, 0x08, 0x8A, 0x3C, 0x04, 0x00, 0x01, 0x68, 0xD1, 0x04, 0xC5, 0xAA, 0x27, 0x73, 0x9A, 0xA7,
    0x8A, 0xA8, 0x4C, 0x1B, 0x15, 0xC0, 0x3B, 0x15, 0x01, 0x41, 0xFF, 0x36, 0x13, 0x19, 0xC9, 0xB9,
    0xF7, 0xEF, 0x7C, 0x66, 0xEE, 0xDC, 0x77, 0xF7, 0x6D, 0x5F, 0xF6, 0xED, 0xEA, 0x7F, 0xCE, 0xF9,
    0xF6, 0x3F, 0xFF, 0xFF, 0x9D, 0xFF, 0xFC, 0xE7, 0xBF, 0xCE, 0xDC, 0xB9, 0xFB, 0xE4, 0x7F, 0xC9,
    0xC1, 0x5B, 0xCF, 0xEE, 0xEF, 0x1B, 0x49, 0xBD, 0x11, 0x1B, 0x7F, 0xF5, 0xD7, 0xD4, 0x3F, 0x5E,
    0x4B, 0x1C, 0x3C, 0x20, 0xC0, 0x3E, 0x54, 0xF1, 0xCD, 0x21, 0xA4, 0x83, 0xB4, 0x10, 0x3C, 0x79,
    0x3F, 0x00, 0xE0, 0x91, 0x7A, 0x18, 0xC0, 0xAA, 0x2F, 0xEE, 0xF8, 0xEC, 0xC4, 0x27, 0x27, 0x34,
    0x3D, 0x79, 0x4F, 0x9C, 0xD5, 0xB0, 0xE9, 0xED, 0x59, 0xFD, 0xDA, 0x72, 0xB9, 0x44, 0xA3, 0xAA,
    0x8E, 0xE0, 0x30, 0x8B, 0x55, 0x55, 0x21, 0x08, 0x29, 0x07, 0x3B, 0x76, 0x4A, 0x3F, 0x2B, 0xF4,
    0x53, 0x0E, 0xCE, 0xBB, 0xB0, 0x91, 0x83, 0x3D, 0x17, 0x8D, 0xFF, 0x7F, 0xF7, 0x6B, 0x63, 0x12,
    0x91, 0x03, 0x00, 0x86, 0xF9, 0xED, 0x79, 0xFE, 0x62, 0x12, 0xF3, 0x50, 0x38, 0x0B, 0xEB, 0xAD,
    0xD8, 0xCE, 0x76, 0x85, 0x24, 0xCE, 0x8C, 0x7A, 0x5F, 0xF4, 0x69, 0x97, 0x4A, 0xD6, 0x56, 0xF5,
    0x31, 0x28, 0x45, 0x3B, 0xDA, 0x4D, 0x9F, 0x4A, 0x2A, 0xB9, 0xAF, 0xDC, 0x03, 0x00, 0x79, 0x5B,
    0xD2, 0x2A, 0x36, 0x58, 0x57, 0xC2, 0xF8, 0xB4, 0xC7, 0x31, 0xAE, 0xE0, 0x45, 0xBC, 0x9F, 0xC4,
    0x4C, 0xF2, 0x50, 0xD6, 0x85, 0x3B, 0x84, 0x45, 0x84, 0xF5, 0x0A, 0x2B, 0xEA, 0x6D, 0xA7, 0x2D,
    0x47, 0x21, 0x95, 0x4F, 0xDC, 0x1E, 0x8C, 0xB7, 0x5B, 0x7B, 0xAF, 0xA1, 0xE8, 0xAB, 0x90, 0x76,
    0xA6, 0x4D, 0xC5, 0xF8, 0xAC, 0x2D, 0x5C, 0xF5, 0xF6, 0x1A, 0xC7, 0x0B, 0xC1, 0x46, 0x8A, 0xB6,
    0x72, 0x67, 0xF9, 0xA6, 0xB7, 0xE4, 0x7A, 0x8E, 0xDC, 0x5B, 0x54, 0xAF, 0x44, 0x3C, 0x58, 0x04,
    0x60, 0xCC, 0xCE, 0x95, 0xD2, 0x8C, 0x5C, 0xAE, 0x09, 0x5A, 0x5B, 0xB7, 0x42, 0x89, 0x08, 0xE3,
    0x6F, 0x21, 0xED, 0x8B, 0x00, 0x06, 0xBF, 0x82, 0xE7, 0x70, 0xCD, 0x01, 0xD6, 0x6F, 0x47, 0x59,
    0x03, 0x85, 0x03, 0x0C, 0xB0, 0x7E, 0xED, 0x86, 0xA8, 0x2A, 0x87, 0xAC, 0xDF, 0x78, 0x5D, 0xE8,
    0x23, 0x07, 0x55, 0xCB, 0x41, 0xFD, 0xFC, 0xDA, 0xD2, 0x01, 0x05, 0x07, 0x00, 0x73, 0xC1, 0xE0,
    0xBE, 0x3B, 0x7B, 0x3E, 0xBC, 0xDF, 0x8D, 0xDD, 0xFD, 0xAC, 0x9F, 0xF3, 0x9A, 0xC6, 0x8E, 0x8F,
    0xE3, 0xBD, 0x22, 0x79, 0x73, 0xB3, 0x5E, 0xFF, 0xD5, 0x88, 0x23, 0xA7, 0x78, 0xE8, 0x7C, 0x40,
    0xA6, 0x75, 0xA1, 0xC1, 0xAA, 0x58, 0xED, 0xAC, 0xF6, 0xEC, 0x54, 0xA4, 0x50, 0xC9, 0xD5, 0xE3,
    0x67, 0xE4, 0x7C, 0x08, 0x34, 0x43, 0x17, 0x34, 0x3A, 0x74, 0x69, 0xB4, 0x6B, 0xB4, 0x6E, 0x7A,
    0x34, 0x35, 0x1E, 0x80, 0x72, 0x1D, 0x4D, 0xAB, 0x41, 0x45, 0xDB, 0xB2, 0xBE, 0x8E, 0xC5, 0x51,
    0xD3, 0x9A, 0xA8, 0xA1, 0x88, 0x2A, 0x65, 0xD4, 0x41, 0x2F, 0xEB, 0x4C, 0x30, 0x8A, 0xF5, 0xE9,
    0x0A, 0x65, 0xDB, 0x48, 0xA6, 0xA8, 0x84, 0x9B, 0xA0, 0x91, 0x46, 0x72, 0xCE, 0x6C, 0x3B, 0xF8,
    0x6C, 0xD8, 0xE3, 0x75, 0x4F, 0x40, 0x2E, 0x83, 0x6A, 0xA8, 0xFC, 0x60, 0x02, 0xF8, 0x2C, 0x59,
    0x42, 0xF0, 0xB4, 0xFD, 0x60, 0xBA, 0xB1, 0xFE, 0xDA, 0x1D, 0x8F, 0xF4, 0xA9, 0x7B, 0xE2, 0x74,
    0x47, 0x1E, 0xFF, 0x29, 0xA9, 0xFA, 0xCD, 0x32, 0x60, 0x6C, 0x97, 0x5B, 0xB7, 0x7C, 0x03, 0xF9,
    0xD8, 0x2E, 0xB3, 0x0E, 0x5B, 0x49, 0xB5, 0x45, 0xEE, 0x41, 0x31, 0xDA, 0xC1, 0xD4, 0xA0, 0xD8,
    0x8F, 0x23, 0x2C, 0x28, 0xA8, 0xDC, 0x1A, 0xB7, 0x46, 0x55, 0xA1, 0x88, 0x5B, 0xB5, 0x9F, 0xD5,
    0x85, 0xCC, 0x6A, 0x1A, 0x66, 0x35, 0xF7, 0xB3, 0x6A, 0xFC, 0xCF, 0x81, 0xEB, 0x47, 0x68, 0xA0,
    0x65, 0xAE, 0x01, 0x1A, 0x61, 0xEB, 0x95, 0x2D, 0x3F, 0xEF, 0xD3, 0x95, 0xA2, 0x3C, 0x89, 0xC7,
    0xF6, 0xED, 0x68, 0xC4, 0x7A, 0xA3, 0x12, 0x1B, 0xA8, 0x91, 0xD2, 0x27, 0x1F, 0xBD, 0x2A, 0x0A,
    0x2D, 0x42, 0xD9, 0x02, 0x29, 0xD5, 0xB2, 0x2D, 0x02, 0xEF, 0xF1, 0xAC, 0x1A, 0x3F, 0xAB, 0x85,
    0x23, 0x97, 0x2A, 0x2C, 0xE6, 0x65, 0x87, 0x68, 0xB0, 0x66, 0x5C, 0x20, 0x62, 0xD8, 0x22, 0x17,
    0x5B, 0x23, 0xE9, 0x50, 0x7C, 0xC5, 0x8D, 0x19, 0x16, 0x99, 0xB6, 0xD0, 0xE9, 0x54, 0xD7, 0x80,
    0xBD, 0xA9, 0x38, 0xE7, 0x0B, 0xB4, 0x5B, 0xA3, 0xDD, 0x32, 0xED, 0x56, 0x6A, 0xB7, 0x58, 0xBB,
    0xF5, 0xDA, 0x2D, 0xD9, 0x6E, 0xD5, 0x76, 0x0B, 0xB7, 0x53, 0xBB, 0xAB, 0x47, 0x48, 0x7E, 0xBB,
    0x2D, 0xDF, 0x0A, 0x46, 0xFD, 0x5C, 0xC1, 0xC6, 0xD9, 0x53, 0x99, 0x8A, 0x98, 0x89, 0xF5, 0x9A,
    0xC6, 0xB9, 0x8E, 0x45, 0xAB, 0x8B, 0x38, 0x95, 0xD2, 0x88, 0xF9, 0xF7, 0x7A, 0xB1, 0x02, 0xD2,
    0x69, 0xF6, 0x9F, 0x55, 0xB2, 0x9E, 0x0A, 0x5A, 0x6C, 0x66, 0xC6, 0x9F, 0x9D, 0x15, 0x6E, 0x5A,
    0xC7, 0x19, 0x2C, 0xC6, 0xD9, 0x3F, 0x19, 0x65, 0x2A, 0x2E, 0x77, 0x48, 0xE3, 0x54, 0xDF, 0xAC,
    0xB3, 0xBE, 0x49, 0xFB, 0x4D, 0x89, 0xD7, 0x0D, 0x86, 0xCC, 0x36, 0x55, 0x6E, 0x22, 0xB3, 0x3E,
    0x5B, 0xE8, 0xDB, 0x30, 0x6B, 0x13, 0x8B, 0xBE, 0x14, 0xDB, 0x5A, 0x6F, 0x5D, 0x05, 0xD0, 0x32,
    0xD8, 0x68, 0xA5, 0x9D, 0x1E, 0xFA, 0xE8, 0xA5, 0x9F, 0x8C, 0x89, 0x43, 0xD6, 0xC4, 0x23, 0x73,
    0xE6, 0x92, 0x3D, 0xF1, 0xB9, 0x82, 0x6D, 0x14, 0xCB, 0x2F, 0xAC, 0x98, 0xC7, 0x34, 0x0E, 0xD9,
    0xAF, 0x51, 0xD1, 0x42, 0x1B, 0xAD, 0xB4, 0xD3, 0x43, 0x1F, 0xBD, 0xF4, 0x93, 0x31, 0x71, 0xC8,
    0x1A, 0x79, 0x64, 0xCE, 0x5C, 0xB2, 0x27, 0x3E, 0xDB, 0xD9, 0xCD, 0x7E, 0x02, 0x40, 0x6B, 0x24,
    0xEA, 0x91, 0x6A, 0x40, 0xF6, 0xAD, 0xC0, 0x7C, 0xD1, 0xA3, 0xF8, 0x53, 0x84, 0x75, 0x23, 0x75,
    0x05, 0x5B, 0xE3, 0x26, 0x62, 0xDA, 0xE7, 0x52, 0x86, 0xCA, 0x6B, 0xAD, 0x75, 0xE5, 0xCB, 0x90,
    0x4B, 0xDA, 0x23, 0xE2, 0xE6, 0x03, 0xDC, 0x1F, 0x18, 0x45, 0x6B, 0xBA, 0x2C, 0xA6, 0x9A, 0x6A,
    0x16, 0x4D, 0x57, 0xB4, 0xB6, 0xBE, 0x8F, 0x07, 0x00, 0x4C, 0x0B, 0xEC, 0xC3, 0x0A, 0xA4, 0x81,
    0xED, 0xD2, 0x68, 0xBD, 0xED, 0x8C, 0x18, 0x56, 0xC1, 0xA7, 0x31, 0x81, 0x02, 0x0A, 0x7E, 0x30,
    0xD6, 0x1B, 0x01, 0x78, 0x09, 0xF0, 0xA3, 0x34, 0x6A, 0x72, 0xD4, 0x78, 0x8D, 0x26, 0x6A, 0x6B,
    0x65, 0xC2, 0x95, 0x7A, 0x5A, 0x5E, 0x1A, 0xBC, 0x8B, 0x30, 0x32, 0xA7, 0x55, 0x8C, 0xC0, 0x0E,
    0x85, 0x91, 0x22, 0xB0, 0xAE, 0x03, 0x7F, 0xDA, 0x71, 0xDC, 0x1D, 0xE0, 0x9D, 0x6B, 0xA4, 0xEA,
    0x1A, 0xB1, 0x5D, 0x35, 0xBE, 0x00, 0xEC, 0xB6, 0x50, 0x72, 0x08, 0x2F, 0x6A, 0xE9, 0x4D, 0x28,
    0xBC, 0x69, 0x87, 0xB1, 0xD3, 0xAE, 0xBA, 0xAB, 0x0E, 0x93, 0x90, 0x67, 0xA7, 0x58, 0x1C, 0x5C,
    0x9B, 0x20, 0x01, 0x05, 0x0B, 0xD5, 0x23, 0x94, 0xAA, 0x11, 0x4D, 0x9F, 0xA9, 0xD3, 0x00, 0xF5,
    0xCD, 0x9F, 0x6F, 0x6B, 0x28, 0x3F, 0x8D, 0x2A, 0x30, 0x13, 0x04, 0xE4, 0xBD, 0x7A, 0xE4, 0xDF,
    0x69, 0x8D, 0xEC, 0xFB, 0x35, 0x90, 0x69, 0x07, 0xA4, 0xEA, 0x06, 0xE8, 0x30, 0x80, 0x6C, 0x20,
    0x39, 0xC2, 0x59, 0x31, 0xB4, 0x95, 0x71, 0x07, 0x4C, 0x47, 0x9E, 0x03, 0xF8, 0x2A, 0x07, 0xAB,
    0xAA, 0x35, 0xC1, 0xDD, 0x03, 0x83, 0xB4, 0xA5, 0x03, 0x50, 0xD4, 0x64, 0x25, 0x8A, 0x85, 0x7E,
    0xB9, 0x6C, 0x7A, 0x80, 0x0C, 0x4F, 0x0B, 0x37, 0x9E, 0xE5, 0x85, 0xDF, 0xBD, 0x07, 0x20, 0x57,
    0x55, 0x16, 0x4D, 0x55, 0xD7, 0x48, 0xF5, 0xCB, 0x57, 0x5E, 0x57, 0xCF, 0xE5, 0x28, 0xC4, 0x82,
    0x7B, 0xC5, 0x1F, 0x83, 0x42, 0x14, 0x20, 0xE5, 0xF0, 0x80, 0xE1, 0x00, 0x40, 0xCE, 0x3E, 0x80,
    0x78, 0xDE, 0xCD, 0x61, 0x05, 0xB8, 0x29, 0x40, 0x8C, 0x80, 0xEC, 0x0F, 0x6E, 0x3B, 0xB8, 0x0D,
    0x0C, 0x0B, 0x3D, 0x68, 0xC3, 0x6C, 0xB0, 0x42, 0x22, 0x03, 0x6C, 0x1F, 0x78, 0xA6, 0x05, 0x85,
    0x11, 0x28, 0x3F, 0x35, 0x5E, 0xC0, 0xBD, 0x3E, 0xF9, 0x84, 0x89, 0xA1, 0xFA, 0x5E, 0x23, 0xC6,
    0xD4, 0x59, 0x30, 0x24, 0xCD, 0x0A, 0x94, 0x6A, 0x7A, 0x8D, 0xB5, 0x9F, 0x9F, 0x8E, 0xFF, 0x9A,
    0x13, 0xAE, 0xC3, 0x8B, 0xC6, 0xBF, 0x79, 0x26, 0x2E, 0x3F, 0x73, 0x23, 0x63, 0xF4, 0x3C, 0x60,
    0xDF, 0xF8, 0xF0, 0x6C, 0xD6, 0x7E, 0x68, 0x5F, 0xFB, 0x8D, 0x94, 0x27, 0x27, 0x7D, 0xF3, 0x55,
    0xD5, 0xD9, 0x6F, 0x4F, 0x63, 0xA9, 0x1A, 0x6E, 0xB0, 0x62, 0xAC, 0x60, 0xB5, 0xC2, 0xDD, 0x61,
    0x3E, 0xD8, 0xFA, 0xE6, 0x74, 0xF0, 0x7F, 0x7D, 0x1A, 0xAD, 0x79, 0x47, 0xCA, 0x5F, 0x9F, 0x74,
    0x2F, 0x1B, 0xDF, 0x3E, 0x9B, 0xB7, 0x6F, 0x8D, 0x67, 0x0E, 0x8C, 0x0F, 0x18, 0x41, 0xA5, 0x6D,
    0xA5, 0xE1, 0x4C, 0xE7, 0xE6, 0xC7, 0x63, 0xA9, 0x16, 0x53, 0xA9, 0xF2, 0xA9, 0x4C, 0x25, 0x00,
    0xFB, 0xD4, 0xEE, 0xE1, 0x95, 0x5A, 0x55, 0x74, 0x7D, 0xA4, 0x02, 0x0D, 0x17, 0xF6, 0xEF, 0x8E,
    0x54, 0x85, 0x78, 0x31, 0x4D, 0xC0, 0x68, 0xFC, 0x5D, 0xE1, 0x96, 0x4B, 0xA7, 0x1A, 0x7E, 0x39,
    0x39, 0x2E, 0xEA, 0xBF, 0xD0, 0xA0, 0xC4, 0x1F, 0x66, 0x7E, 0xA0, 0x64, 0x0E, 0x91, 0xB1, 0x91,
    0x4C, 0xD7, 0x48, 0x54, 0x6B, 0x58, 0xD5, 0x36, 0xE7, 0xE7, 0xC9, 0x9B, 0x5C, 0xAC, 0xCC, 0x1A,
    0xCA, 0x77, 0xB6, 0x98, 0x2A, 0x1A, 0x6F, 0x56, 0x45, 0x97, 0x6A, 0x5D, 0x7A, 0xB3, 0xCE, 0x24,
    0x55, 0x0F, 0x0C, 0x7E, 0x8C, 0xCA, 0x8A, 0x4A, 0x0D, 0x14, 0x71, 0xBA, 0x63, 0xB6, 0x07, 0x8C,
    0x02, 0x50, 0x19, 0xEF, 0x10, 0xDD, 0xF3, 0x24, 0x23, 0xA5, 0xF0, 0xE3, 0x55, 0x1C, 0x15, 0x01,
    0x60, 0x36, 0xCA, 0x33, 0x6E, 0xBA, 0x96, 0xE7, 0xC5, 0x7A, 0x20, 0xE7, 0xAA, 0x46, 0xB8, 0xDD,
    0xBC, 0xC3, 0x59, 0x8B, 0x6D, 0x01, 0xD3, 0x03, 0xD8, 0x03, 0x00, 0x77, 0xF6, 0x98, 0x66, 0xCD,
    0x33, 0x9A, 0x35, 0x0F, 0x68, 0xD6, 0x3C, 0x9D, 0x59, 0xF1, 0x68, 0x66, 0xC5, 0x73, 0x99, 0xC8,
    0x43, 0xE5, 0xC4, 0x55, 0x16, 0x19, 0x8D, 0x68, 0xFB, 0x74, 0x40, 0x95, 0xB4, 0xE7, 0x29, 0x06,
    0x2C, 0x23, 0x13, 0x2F, 0xFC, 0x06, 0x85, 0x99, 0x2F, 0x04, 0x4C, 0xFB, 0xFD, 0x87, 0xB3, 0xCD,
    0x22, 0x1A, 0x61, 0x85, 0x54, 0x58, 0xB0, 0x86, 0x08, 0xDB, 0xD2, 0xBE, 0xB7, 0xCD, 0x8E, 0x6F,
    0xC1, 0x74, 0x32, 0xBB, 0x4A, 0x98, 0x9D, 0x15, 0x66, 0x37, 0xE0, 0x90, 0x9D, 0x15, 0x66, 0x67,
    0x05, 0x18, 0x30, 0x30, 0x3B, 0x62, 0x19, 0xCB, 0x96, 0xD9, 0x95, 0x1E, 0x50, 0x29, 0x3C, 0xF8,
    0x06, 0xEF, 0x99, 0x9D, 0x19, 0xD0, 0x13, 0x8B, 0x11, 0x6B, 0x5C, 0x75, 0x78, 0x06, 0x3B, 0x52,
    0xB6, 0xCC, 0xCE, 0x0A, 0x33, 0xAA, 0x04, 0x4A, 0xA4, 0x6E, 0x03, 0xB3, 0x4B, 0xC0, 0xEC, 0x5E,
    0x06, 0x5E, 0x70, 0x95, 0xAA, 0xD6, 0xCD, 0x0C, 0x76, 0x00, 0x57, 0x0C, 0x80, 0x54, 0xD7, 0x15,
    0x00, 0xDC, 0x22, 0x1C, 0x12, 0xE2, 0x0C, 0xAC, 0xFE, 0x62, 0xF7, 0x39, 0x9B, 0x05, 0x00, 0x79,
    0x3B, 0x7E, 0xCE, 0x23, 0x30, 0xB3, 0xF1, 0x26, 0xC1, 0xCE, 0x70, 0x9F, 0x70, 0xCC, 0x8B, 0xB5,
    0xBC, 0x0D, 0xE5, 0x96, 0x77, 0x07, 0x08, 0xA9, 0x54, 0x2A, 0x8B, 0x01, 0x3A, 0x42, 0xFF, 0x08,
    0x90, 0x19, 0x5A, 0x82, 0x5B, 0xC8, 0x21, 0xAF, 0xED, 0xBD, 0x27, 0x86, 0x94, 0x01, 0x32, 0xA9,
    0x1C, 0x54, 0xAA, 0x0E, 0x0D, 0x01, 0x94, 0x54, 0x55, 0x3B, 0xD6, 0xE0, 0x7D, 0xAB, 0xE1, 0x10,
    0x95, 0x86, 0x7B, 0xD0, 0x5D, 0x68, 0x08, 0x15, 0xC1, 0xAA, 0x7C, 0x04, 0xA3, 0xAA, 0x92, 0x10,
    0x40, 0x51, 0xD5, 0x35, 0x78, 0x2C, 0x9F, 0x8A, 0xD5, 0xB0, 0x18, 0x40, 0x66, 0xE8, 0x66, 0x18,
    0x6D, 0xA4, 0xB4, 0x9B, 0x0F, 0xA0, 0x07, 0xF6, 0xC6, 0xCB, 0xF3, 0x9C, 0xF1, 0xB8, 0x69, 0x3E,
    0x0E, 0xD5, 0xBB, 0xEF, 0x8A, 0x6A, 0xD3, 0xDF, 0x18, 0x08, 0x49, 0xD3, 0xA3, 0x52, 0xED, 0x9A,
    0xD3, 0xBB, 0x1D, 0x1F, 0x95, 0x7C, 0x4C, 0x92, 0x0B, 0x0E, 0x58, 0xDF, 0x88, 0x4A, 0x23, 0xD6,
    0xE3, 0x21, 0x29, 0xBD, 0x15, 0xFA, 0x1A, 0x7F, 0x1F, 0x16, 0x45, 0x9D, 0x75, 0xF8, 0x03, 0xB6,
    0xF7, 0x46, 0x6B, 0x30, 0x6C, 0xC4, 0x42, 0x8F, 0x32, 0x75, 0xA6, 0x03, 0xCA, 0xB6, 0xF4, 0x40,
    0xD6, 0x59, 0x00, 0x49, 0x7C, 0x9E, 0xBC, 0xDB, 0x78, 0x6A, 0xA9, 0x08, 0x91, 0xF9, 0xA5, 0x9D,
    0x11, 0xA0, 0x08, 0xA9, 0xBA, 0x85, 0xD6, 0x68, 0x54, 0x57, 0x40, 0xAE, 0xDA, 0xF2, 0x5A, 0x1F,
    0xE0, 0xC9, 0xAB, 0xF0, 0x84, 0xEB, 0x8A, 0xD6, 0xC2, 0xCA, 0x2D, 0x54, 0x72, 0x3C, 0x8C, 0x08,
    0x2B, 0x3D, 0xF6, 0x5E, 0xDD, 0x7C, 0xF9, 0x06, 0x20, 0x6F, 0xA7, 0x2F, 0xE0, 0x7A, 0xFA, 0x71,
    0x0D, 0x8E, 0xF1, 0x62, 0xC4, 0x71, 0x24, 0xDD, 0x44, 0x17, 0x45, 0xF6, 0x77, 0xF5, 0xE6, 0x64,
    0x1C, 0x85, 0x53, 0x00, 0xCF, 0x4F, 0xD5, 0x5E, 0xC1, 0xB8, 0x42, 0xEB, 0xC2, 0xD9, 0x0F, 0xA4,
    0xC4, 0x61, 0xB6, 0xAA, 0x70, 0x0C, 0x5D, 0x0D, 0x50, 0xF6, 0x03, 0x29, 0x71, 0xAC, 0xF8, 0x6D,
    0x90, 0xCA, 0xA2, 0x80, 0xB5, 0xD1, 0x80, 0x54, 0x8F, 0x70, 0x37, 0xC2, 0x04, 0x5A, 0xB8, 0x33,
    0xD3, 0x99, 0x5E, 0x50, 0xF8, 0xEB, 0x01, 0xF9, 0xC0, 0x79, 0xE7, 0x6F, 0xC3, 0x86, 0x9F, 0x89,
    0xF9, 0xFA, 0x53, 0x59, 0xA8, 0xD6, 0xCF, 0x55, 0xAB, 0x2B, 0x3A, 0xC9, 0x1F, 0xAB, 0xD5, 0xEF,
    0xA1, 0x8A, 0xEC, 0xDB, 0xD3, 0xD6, 0x7C, 0xF1, 0x49, 0x97, 0xFF, 0xE5, 0xB3, 0x90, 0xE4, 0xC1,
    0xF1, 0xDE, 0x6E, 0x44, 0x19, 0x4D, 0x6B, 0x82, 0x1F, 0xB5, 0xD1, 0x36, 0x3D, 0xB2, 0x51, 0xB5,
    0x34, 0xC8, 0x06, 0x1A, 0xAE, 0x2C, 0x49, 0xBA, 0x20, 0x40, 0xA2, 0x00, 0x0F, 0x6F, 0xD6, 0x53,
    0x8B, 0xF3, 0x6B, 0xFD, 0xFC, 0x62, 0xCF, 0x66, 0xDB, 0xA9, 0xF9, 0xA9, 0xB9, 0xB1, 0x55, 0x18,
    0xDB, 0xC3, 0x52, 0xD5, 0x44, 0x6D, 0x41, 0x0C, 0x5B, 0xBD, 0xF1, 0xC4, 0x3D, 0x00, 0xD7, 0x1D,
    0xF0, 0x12, 0xAA, 0x00, 0xA8, 0x57, 0x41, 0xB2, 0xC1, 0xD1, 0x52, 0xD4, 0xC0, 0xAD, 0x1F, 0x8C,
    0x56, 0x79, 0xE2, 0x95, 0x9D, 0xAF, 0xA7, 0xC6, 0x35, 0xB2, 0x8D, 0xD9, 0x08, 0xD1, 0xB6, 0x80,
    0xD6, 0x7B, 0x13, 0xF7, 0x3A, 0x28, 0xEA, 0xE7, 0x68, 0xC4, 0xD9, 0x52, 0xBA, 0x73, 0xD1, 0x92,
    0x0B, 0xA2, 0x5D, 0x70, 0xAD, 0x67, 0x39, 0xCB, 0x6A, 0xF7, 0xB6, 0xA7, 0xF2, 0x17, 0x9D, 0xEA,
    0xD1, 0x52, 0x5C, 0xA2, 0x6A, 0xB3, 0x5C, 0xA2, 0x8E, 0xA5, 0x3B, 0x4E, 0xC5, 0xFA, 0x68, 0xFA,
    0x8A, 0x60, 0x09, 0xA5, 0x8B, 0xBC, 0x62, 0x11, 0xD8, 0x42, 0xA5, 0xAA, 0x91, 0x10, 0xAF, 0x2D,
    0x57, 0xCB, 0x83, 0xAD, 0xA3, 0x40, 0x5C, 0x04, 0x2E, 0xEB, 0xAA, 0x6D, 0x14, 0x17, 0x33, 0x79,
    0x54, 0xA5, 0x0A, 0x57, 0x05, 0x15, 0x95, 0x2A, 0x14, 0xF5, 0xA3, 0x2B, 0xC5, 0x59, 0x33, 0xF8,
    0xCB, 0x7A, 0x64, 0x73, 0x66, 0xFD, 0x39, 0x4F, 0xBD, 0xF5, 0xA8, 0xDE, 0xF9, 0x47, 0xEA, 0xC7,
    0x76, 0xC9, 0xFF, 0x04, 0x7A, 0x23, 0xE4, 0x63, 0xBB, 0xDC, 0x3A, 0x1B, 0x6D, 0x34, 0x92, 0x07,
    0xCE, 0x1F, 0x7F, 0x1D, 0x90, 0xB8, 0xD4, 0xE7, 0xC1, 0x48, 0xD9, 0xDB, 0x78, 0x99, 0x1D, 0x17,
    0xB5, 0x91, 0x9B, 0xF7, 0xBA, 0x62, 0xFC, 0x93, 0xC0, 0x25, 0x32, 0xF5, 0x77, 0xFC, 0x93, 0x54,
    0xE6, 0xBF, 0xED, 0x53, 0x31, 0x8C, 0x1C, 0x35, 0x14, 0x7D, 0x33, 0x8E, 0x18, 0xD0, 0x16, 0xBF,
    0x61, 0x91, 0xA0, 0x19, 0xEA, 0x08, 0x70, 0x9B, 0xE2, 0x72, 0x36, 0xA4, 0x17, 0x14, 0xB7, 0x4A,
    0x2F, 0x41, 0xB3, 0x0D, 0x0D, 0x6D, 0x34, 0xD3, 0x5D, 0x9B, 0xBE, 0xA2, 0x08, 0xD2, 0x65, 0x29,
    0x72, 0xBD, 0x4E, 0xD8, 0x0A, 0xBD, 0x34, 0x11, 0x05, 0xED, 0x04, 0x24, 0x28, 0x28, 0xF6, 0x4B,
    0xE7, 0xA0, 0x11, 0xF1, 0xCC, 0xE7, 0xCF, 0x8E, 0x82, 0x72, 0xE4, 0x22, 0x21, 0x51, 0x82, 0xFD,
    0x9F, 0x67, 0x65, 0xFF, 0x6F, 0x3F, 0x3F, 0xBF, 0xC5, 0x4D, 0x0F, 0x23, 0x09, 0xF4, 0x7B, 0x86,
    0x8D, 0x02, 0x17, 0xC3, 0x0C, 0xEF, 0x62, 0xD3, 0x5E, 0xC5, 0x3C, 0x27, 0xA8, 0x3B, 0x01, 0x3D,
    0xCF, 0x5A, 0xC3, 0xC0, 0x1A, 0xA0, 0x8E, 0x7A, 0x8A, 0xC0, 0xC6, 0x87, 0x9E, 0xAE, 0x76, 0x0E,
    0x79, 0x7B, 0x86, 0xE2, 0x33, 0x60, 0xC5, 0x00, 0x29, 0x9C, 0xE2, 0x39, 0xA3, 0xB8, 0x64, 0x98,
    0xEF, 0x19, 0x64, 0x18, 0x1F, 0x29, 0x1A, 0x91, 0x36, 0x88, 0xC4, 0xF5, 0xDD, 0x67, 0x80, 0x49,
    0x40, 0x3D, 0x01, 0x41, 0x3C, 0x96, 0xE6, 0x84, 0x97, 0x38, 0xC2, 0xF9, 0x11, 0x70, 0x3C, 0x69,
    0x01, 0xDF, 0xAA, 0x07, 0x98, 0xAC, 0x71, 0x61, 0x72, 0xAE, 0xB2, 0x3C, 0xD2, 0x84, 0x58, 0x9C,
    0x00, 0xEF, 0x79, 0xA5, 0x46, 0x8F, 0x07, 0xEB, 0x93, 0x83, 0x6F, 0x80, 0x10, 0xBC, 0x08, 0x8B,
    0x19, 0xA6, 0x22, 0x87, 0x22, 0x37, 0x45, 0x76, 0x65, 0xAE, 0x7F, 0xE4, 0x4A, 0x22, 0xDE, 0x06,
    0x00, 0x91, 0xBC, 0x04, 0x23, 0xF5, 0x25, 0xC3, 0x74, 0xA0, 0x08, 0x6A, 0xE1, 0x80, 0x06, 0xC8,
    0x28, 0xB3, 0xB2, 0x3A, 0x5C, 0x02, 0x98, 0xF5, 0xAA, 0x24, 0x83, 0x7A, 0x81, 0x5D, 0xB4, 0x82,
    0xE5, 0x09, 0x24, 0x03, 0x4A, 0xD1, 0x62, 0x99, 0x60, 0x7F, 0x10, 0xEF, 0xDA, 0xD0, 0x3A, 0x55,
    0xCC, 0xE9, 0x68, 0x7F, 0x11, 0xAD, 0x19, 0x0E, 0x7A, 0xE1, 0x0C, 0x24, 0xD1, 0x9D, 0x72, 0x63,
    0x92, 0xB2, 0x11, 0xE5, 0x84, 0xDC, 0xDC, 0xC9, 0x56, 0x72, 0xF9, 0x4D, 0x46, 0x31, 0x1F, 0x75,
    0xCB, 0xF0, 0x6D, 0x8A, 0x56, 0x0E, 0xDA, 0xCD, 0xCD, 0x5E, 0xC5, 0xCD, 0xB0, 0xF3, 0x4E, 0x35,
    0x53, 0xF8, 0xBF, 0xAF, 0xE1, 0x2D, 0x5D, 0xDF, 0xFD, 0xB5, 0xBE, 0x7C, 0x15, 0x78, 0xA9, 0xBD,
    0x98, 0x5B, 0x6F, 0x36, 0xC0, 0x0D, 0xDC, 0x33, 0x03, 0xF5, 0xCA, 0xD4, 0x07, 0xC8, 0x95, 0x1E,
    0xE0, 0x5A, 0x1B, 0x89, 0xCB, 0x8C, 0x0F, 0x81, 0x16, 0x19, 0x4D, 0x4B, 0x7D, 0xC5, 0x26, 0x9B,
    0x5C, 0xE6, 0x22, 0x17, 0xE3, 0xDC, 0x4B, 0xFD, 0xAD, 0x33, 0x89, 0xD8, 0xC6, 0xEF, 0xD0, 0x03,
    0x58, 0x7F, 0xF2, 0x00, 0xCD, 0x7E, 0x02, 0x0D, 0x02, 0x62, 0xE7, 0xA9, 0xBF, 0x16, 0x6D, 0x93,
    0x1D, 0x6F, 0xCF, 0x6E, 0x7E, 0xFD, 0x6F, 0x3D, 0x38, 0x3F, 0xA3, 0x60, 0x25, 0x68, 0x04, 0x47,
    0x02, 0xBC, 0x26, 0xDE, 0x91, 0xFB, 0x4E, 0x06, 0x00, 0xC5, 0x43, 0x58, 0xE9, 0x9A, 0x4F, 0x39,
    0x54, 0xE9, 0xB8, 0x4A, 0xA8, 0x18, 0xA4, 0x11, 0xE1, 0x80, 0x8C, 0xAA, 0x7F, 0xB3, 0xF6, 0x1F,
    0x84, 0xDD, 0xC5, 0x62, 0x8A, 0x25, 0xBF, 0x7E, 0x39, 0x7F, 0xC5, 0xB0, 0x9D, 0x11, 0x94, 0x81,
    0x17, 0x0F, 0x9E, 0x9B, 0x9C, 0x4C, 0x9E, 0x66, 0x0F, 0xB6, 0xFA, 0x66, 0xFF, 0x3D, 0xCF, 0xFF,
    0xEF, 0xF9, 0xD5, 0x04, 0xB7, 0xEF, 0xDC, 0x8A, 0xDF, 0x5D, 0xB1, 0xCA, 0x66, 0x85, 0xC3, 0x8A,
    0xA7, 0x15, 0x8F, 0xC4, 0x52, 0xB3, 0xBB, 0x1C, 0xDF, 0xF0, 0x27, 0xE5, 0x74, 0xF0, 0x5D, 0xC5,
    0x62, 0xD2, 0x74, 0x77, 0x10, 0x19, 0x26, 0x40, 0x23, 0xE0, 0x7D, 0xF7, 0x84, 0x49, 0x3A, 0x7C,
    0x81, 0x52, 0xBC, 0xDD, 0xAB, 0x50, 0x83, 0xAA, 0x34, 0x21, 0x8F, 0x18, 0x27, 0x0D, 0x55, 0xAC,
    0xCC, 0xEE, 0x4E, 0x5A, 0x72, 0xB6, 0x0F, 0xB7, 0x6D, 0x33, 0x86, 0x58, 0xA5, 0xDB, 0x28, 0xF3,
    0x57, 0x80, 0xF4, 0x80, 0x8B, 0x0A, 0x06, 0x2E, 0x07, 0x98, 0x38, 0x82, 0x5A, 0xF1, 0x72, 0x29,
    0xBC, 0xFE, 0x78, 0xE3, 0x57, 0x23, 0x9C, 0xC4, 0x73, 0x62, 0x54, 0x0C, 0x93, 0x76, 0xDF, 0xCE,
    0x47, 0x8F, 0xCA, 0xA1, 0xE2, 0x86, 0xFA, 0x5A, 0x3D, 0xFB, 0xE0, 0xB0, 0x45, 0xAD, 0xA0, 0x17,
    0xF8, 0x75, 0x00, 0x89, 0x80, 0x52, 0x78, 0xFD, 0x7F, 0x98, 0xF5, 0xC5, 0xB3, 0xE3, 0xF5, 0xC9,
    0xDA, 0xBF, 0x52, 0xFF, 0x74, 0xD7, 0xD2, 0x53, 0x89, 0xD4, 0x5F, 0x80, 0x7E, 0x62, 0xD0, 0x6F,
    0x11, 0x24, 0xBD, 0x22, 0x81, 0x7E, 0x5E, 0xBC, 0x44, 0x1C, 0xDA, 0x30, 0x5A, 0xAD, 0x87, 0xD6,
    0xD7, 0x3D, 0x5D, 0xDF, 0x39, 0x8C, 0xEB, 0x93, 0xED, 0xE9, 0xA0, 0xDB, 0x37, 0x7B, 0x09, 0x79,
    0xE6, 0xF4, 0x38, 0x63, 0x3E, 0x7D, 0x84, 0xF2, 0x58, 0x46, 0x7F, 0xED, 0xA8, 0x39, 0x13, 0x66,
    0x8E, 0x12, 0x67, 0x96, 0x1B, 0xE8, 0x3E, 0xBA, 0xCB, 0x3F, 0xBF, 0xD7, 0xF6, 0x34, 0x2D, 0xF9,
    0x9A, 0xAB, 0xD0, 0xFB, 0xD8, 0x05, 0xDD, 0xF2, 0x3D, 0xCC, 0xA5, 0xC6, 0xD3, 0x7E, 0x02, 0x3D,
    0xB9, 0x0F, 0xEA, 0x96, 0xFB, 0x7F, 0x99, 0x80, 0x30, 0x02, 0xF3, 0x9B, 0x3F, 0x8A, 0xC7, 0x26,
    0xBA, 0xC2, 0xBB, 0x04, 0x15, 0xBB, 0x94, 0xEE, 0x46, 0xCD, 0x47, 0x86, 0xEF, 0x55, 0x9D, 0x3B,
    0x68, 0x5F, 0x76, 0x30, 0x1D, 0xEC, 0x1F, 0x08, 0xA2, 0xF5, 0xAF, 0x44, 0x0F, 0x7A, 0x86, 0x4A,
    0x3C, 0x3E, 0xC7, 0x9F, 0x9D, 0xD7, 0x01, 0xA4, 0x26, 0xC7, 0x01, 0x07, 0xF0, 0xFF, 0x7C, 0xE3,
    0x6C, 0x65, 0xAB, 0x13, 0x38, 0x2D, 0xA9, 0x6E, 0x10, 0xE8, 0x69, 0xB2, 0x00, 0xC5, 0xBB, 0x9B,
    0x6D, 0x0B, 0x08, 0xFA, 0x70, 0x2F, 0x45, 0x70, 0x00, 0x04, 0x52, 0x40, 0x70, 0xC9, 0x6E, 0x53,
    0x40, 0x91, 0x40, 0x0B, 0xD0, 0x20, 0xD0, 0x17, 0x04, 0x8A, 0xA0, 0x35, 0x73, 0x79, 0x9A, 0xE0,
    0x68, 0xB6, 0xA9, 0x53, 0x04, 0xD9, 0x44, 0x40, 0x83, 0x9B, 0xE4, 0xF6, 0xDC, 0xDE, 0xDD, 0xEC,
    0xFC, 0x3B, 0x33, 0x3B, 0xDF, 0xBB, 0x7B, 0xB9, 0x54, 0xD3, 0x8C, 0x7B, 0xBF, 0xFF, 0xFF, 0x9B,
    0x99, 0xEF, 0xBB, 0x79, 0x8C, 0x6F, 0x3D, 0x6C, 0xA3, 0xE7, 0x08, 0x48, 0x72, 0x01, 0x94, 0xAF,
    0x3D, 0xA0, 0x9D, 0x4C, 0x8E, 0x72, 0x02, 0x8C, 0x05, 0x00, 0x16, 0x5F, 0x38, 0x3E, 0x7E, 0x93,
    0xD6, 0x90, 0x0B, 0x6D, 0x1D, 0x9E, 0x5B, 0x8C, 0xAD, 0x56, 0x2C, 0x7A, 0x8C, 0x7A, 0xED, 0xA2,
    0x50, 0x3E, 0x29, 0x49, 0x1E, 0x0F, 0xE8, 0x49, 0x5A, 0xE0, 0xF9, 0x70, 0xD4, 0x01, 0x69, 0xFE,
    0x21, 0x9F, 0xCE, 0x5E, 0xCA, 0xFE, 0x15, 0x69, 0xEB, 0x0A, 0x98, 0xAC, 0xF8, 0x59, 0x07, 0xC8,
    0x13, 0x0B, 0x54, 0xEF, 0x0F, 0x40, 0x73, 0xB3, 0x43, 0x4D, 0xBA, 0xBC, 0x67, 0xC7, 0x8F, 0x15,
    0x6B, 0xFE, 0xA8, 0xA5, 0x5A, 0x9F, 0xBE, 0xC8, 0xD6, 0x1F, 0x1C, 0xAC, 0x7A, 0x39, 0x38, 0x38,
    0xD4, 0xF3, 0xC1, 0x55, 0xF4, 0xF3, 0x4B, 0x7F, 0x86, 0x99, 0x67, 0x17, 0x71, 0x0E, 0x7D, 0xE6,
    0xEE, 0x17, 0x13, 0x74, 0xF8, 0x74, 0x84, 0x66, 0xFC, 0xCC, 0x26, 0x52, 0x2B, 0xBE, 0x6F, 0x5B,
    0x49, 0xBE, 0x1A, 0x40, 0xD2, 0xA3, 0x21, 0x1D, 0x54, 0x7F, 0x17, 0x68, 0x1A, 0x00, 0xCF, 0x3C,
    0x1D, 0xB9, 0x78, 0x80, 0x32, 0x04, 0x39, 0xA6, 0x2D, 0x1E, 0x66, 0x6E, 0xB8, 0x63, 0x27, 0x59,
    0x11, 0x3B, 0x2A, 0x0F, 0xB1, 0x36, 0x1E, 0x98, 0x74, 0x04, 0x7A, 0x49, 0xCC, 0xC7, 0x3F, 0x5F,
    0xFA, 0x99, 0x1F, 0xB0, 0x9F, 0x35, 0x23, 0xCD, 0x6C, 0x22, 0xEE, 0xAA, 0x5E, 0x1A, 0x87, 0x0D,
    0x1F, 0x69, 0x13, 0x2A, 0x34, 0x4E, 0xD4, 0x6C, 0x5C, 0x2D, 0x79, 0xD3, 0x69, 0x90, 0xF7, 0x03,
    0x34, 0xE9, 0x51, 0x91, 0x23, 0x70, 0xEE, 0x10, 0x24, 0x69, 0x33, 0x35, 0x8F, 0x7A, 0x2B, 0x09,
    0x75, 0x4A, 0x9D, 0x10, 0x5D, 0x04, 0x78, 0x04, 0xFA, 0xC4, 0xF2, 0xD5, 0x05, 0x92, 0x43, 0xC2,
    0x42, 0xB2, 0x3B, 0xFB, 0x8E, 0x21, 0xAF, 0x6E, 0x94, 0x51, 0x73, 0x01, 0xFA, 0x3C, 0xF9, 0x2A,
    0xAD, 0x24, 0x22, 0x01, 0xC6, 0xCA, 0x15, 0x3D, 0x62, 0x7B, 0x2A, 0x51, 0x3E, 0x40, 0x24, 0x34,
    0x39, 0x6F, 0x5C, 0xE0, 0xBD, 0x37, 0x00, 0x3D, 0x01, 0x17, 0x4C, 0x6C, 0x69, 0x2E, 0xB5, 0x37,
    0x01, 0x6D, 0x11, 0xE9, 0x22, 0xE1, 0x75, 0xFC, 0x5A, 0x92, 0x7F, 0x70, 0x0D, 0x49, 0xA7, 0x23,
    0xD3, 0x25, 0xB4, 0x1C, 0x1E, 0x07, 0x2E, 0x23, 0x8F, 0xD8, 0xB6, 0x31, 0x97, 0xDC, 0xB9, 0x52,
    0xE4, 0xB4, 0xE5, 0xE5, 0xEA, 0x5A, 0x07, 0x68, 0x2A, 0x7E, 0xC0, 0x35, 0x15, 0x4D, 0x92, 0x03,
    0x24, 0x03, 0xCB, 0xEF, 0x39, 0x69, 0x0A, 0x8E, 0xB1, 0xD8, 0x26, 0x80, 0x53, 0x2A, 0x6A, 0x85,
    0x71, 0xB1, 0x0C, 0xCA, 0x7F, 0x9B, 0xD2, 0xEC, 0x8B, 0xFE, 0x6A, 0xB1, 0x26, 0xA4, 0xD2, 0xD3,
    0x93, 0xA3, 0x61, 0x2C, 0xEB, 0x56, 0x00, 0x79, 0x7A, 0xF4, 0xB1, 0x94, 0xDA, 0x96, 0xA2, 0x06,
    0x9C, 0x19, 0x9A, 0x03, 0x74, 0x3A, 0xF7, 0x18, 0xC3, 0xED, 0xE8, 0x20, 0x3C, 0x40, 0x0F, 0xA4,
    0x58, 0xB7, 0x60, 0x09, 0x9B, 0xE2, 0x2E, 0xA7, 0x14, 0x9E, 0x73, 0x0C, 0xE6, 0xE1, 0x4A, 0x60,
    0xA9, 0xD8, 0x79, 0x9C, 0x5F, 0x7F, 0xC5, 0x1B, 0xEB, 0x61, 0x99, 0x34, 0xFB, 0x35, 0xB4, 0xAB,
    0x47, 0x0C, 0xC5, 0x1C, 0x72, 0x0B, 0xB1, 0x05, 0x4A, 0x68, 0x9F, 0x0F, 0xD0, 0xF8, 0x74, 0x2A,
    0xD4, 0x29, 0x1C, 0x64, 0x0A, 0x2E, 0x00, 0x52, 0xD2, 0x02, 0x90, 0xFC, 0x1B, 0x1D, 0x00, 0xD0,
    0xB6, 0xCB, 0x96, 0xCA, 0x97, 0x5C, 0xB7, 0xAC, 0xC3, 0x3E, 0x77, 0x5D, 0xCE, 0xB5, 0xB6, 0xDB,
    0x3E, 0x55, 0x52, 0xE7, 0x6C, 0x67, 0xDE, 0x00, 0x78, 0x8D, 0x1F, 0x95, 0x1B, 0xFB, 0x2C, 0xD9,
    0x81, 0xFC, 0x0C, 0x26, 0xAF, 0xE3, 0x1B, 0x67, 0x6F, 0xB1, 0xE3, 0x08, 0xE8, 0x11, 0x9A, 0x1C,
    0x22, 0x36, 0xA6, 0x85, 0xA2, 0x2D, 0x57, 0x28, 0xCD, 0xDF, 0xCD, 0x35, 0x35, 0x4E, 0xB9, 0xED,
    0x78, 0xCD, 0x78, 0xE4, 0x41, 0xDB, 0xAC, 0xFB, 0xA6, 0xB8, 0x6F, 0x35, 0x81, 0xF3, 0xFB, 0x56,
    0xD3, 0x97, 0xA6, 0xC9, 0xD2, 0x08, 0x0E, 0xF9, 0x37, 0x17, 0x01, 0x3A, 0xB5, 0xC6, 0xEF, 0x08,
    0x0D, 0xF0, 0x06, 0xA7, 0x1D, 0x07, 0x00, 0x24, 0x3B, 0xC1, 0x65, 0x6B, 0x89, 0x31, 0xF2, 0x2E,
    0x2D, 0xF4, 0xF6, 0x79, 0x1C, 0xA1, 0xC8, 0xD4, 0x8C, 0x03, 0x0C, 0x6D, 0x6C, 0x7A, 0x06, 0xAA,
    0xDC, 0x5A, 0x8F, 0x19, 0x26, 0x35, 0x15, 0xE4, 0x02, 0x9D, 0x5A, 0x45, 0xE9, 0x63, 0x13, 0x1C,
    0x25, 0x4F, 0x08, 0xD3, 0x69, 0x12, 0xF4, 0x64, 0x40, 0x6A, 0xAD, 0xD7, 0x9C, 0x51, 0xC6, 0x11,
    0xF2, 0x5C, 0x3D, 0x81, 0x1C, 0x52, 0x53, 0x0E, 0xA4, 0x95, 0x74, 0x68, 0x66, 0xA8, 0x05, 0x82,
    0x13, 0x5A, 0x8F, 0xCA, 0x01, 0xB1, 0xE9, 0xD8, 0x26, 0x80, 0x0E, 0x7A, 0xCD, 0x77, 0xB7, 0x77,
    0x78, 0x85, 0x50, 0xB1, 0xE9, 0x19, 0x6B, 0x69, 0x1E, 0x33, 0xD1, 0x0C, 0x48, 0x6F, 0x74, 0x1C,
    0x5A, 0x40, 0xB3, 0x8C, 0xA1, 0xDF, 0x37, 0x7B, 0xE1, 0x6D, 0xBE, 0xF5, 0x6F, 0x73, 0x8F, 0xC7,
    0x1D, 0x2A, 0x56, 0xB6, 0x75, 0x7F, 0x01, 0x20, 0xF9, 0xAC, 0x6D, 0x9C, 0xCF, 0xED, 0xB5, 0x41,
    0xCD, 0x0B, 0x00, 0xC1, 0x0F, 0xA0, 0xD6, 0x7C, 0x64, 0xDE, 0x44, 0x15, 0x5C, 0x6E, 0x01, 0x92,
    0xB9, 0x99, 0x35, 0xB6, 0x29, 0x35, 0xED, 0xB1, 0xE3, 0x58, 0x9A, 0xA0, 0x4D, 0x2D, 0x5D, 0xC2,
    0xAD, 0x35, 0x0E, 0xE0, 0x00, 0x18, 0x72, 0x41, 0x3F, 0xC6, 0xE0, 0xB0, 0xC5, 0x14, 0xC3, 0x42,
    0xBB, 0x1C, 0xCD, 0x9C, 0x43, 0x2D, 0x0F, 0xE2, 0x84, 0xDF, 0x3C, 0x80, 0x7D, 0xD8, 0x1C, 0x66,
    0x0B, 0xA6, 0x20, 0x89, 0x1C, 0xEB, 0x16, 0x13, 0x80, 0xF3, 0x47, 0x5D, 0x54, 0x73, 0x8C, 0x3E,
    0x91, 0xC5, 0x03, 0x25, 0xC9, 0x62, 0x99, 0x39, 0x97, 0x14, 0x9C, 0xA3, 0x15, 0x43, 0x54, 0xF1,
    0x4A, 0x54, 0x7B, 0x99, 0x74, 0x22, 0xDA, 0x3B, 0x9C, 0x6A, 0xCE, 0x7A, 0x76, 0xB5, 0xEC, 0xD7,
    0x8B, 0x8C, 0x36, 0xE1, 0x0A, 0x1D, 0x6A, 0x52, 0x13, 0x82, 0x4B, 0x14, 0xE7, 0x3A, 0xEC, 0x87,
    0x38, 0x3A, 0x3A, 0x3A, 0x84, 0x22, 0xD3, 0x9E, 0x6C, 0x19, 0x0C, 0x48, 0xD3, 0x16, 0x7A, 0x36,
    0x0E, 0xC6, 0x6A, 0x07, 0x0E, 0x8D, 0x13, 0x84, 0x1A, 0x25, 0xF1, 0x3D, 0x44, 0xB0, 0xA1, 0x49,
    0xB7, 0x51, 0x11, 0xD8, 0xD0, 0xE4, 0xB0, 0x51, 0x95, 0x7D, 0x05, 0xC1, 0x21, 0x4A, 0x8B, 0x27,
    0xD1, 0x4F, 0x48, 0xD7, 0xED, 0x79, 0xB7, 0xFD, 0x47, 0x82, 0x44, 0x7E, 0x2E, 0x6A, 0xF2, 0x59,
    0x86, 0x14, 0xBF, 0x8B, 0xB1, 0xA3, 0x03, 0x27, 0x80, 0x23, 0xD8, 0xE5, 0xF0, 0x48, 0x21, 0xE7,
    0x1C, 0x6A, 0xCC, 0xA1, 0xBB, 0x1C, 0x01, 0x29, 0x3E, 0xF4, 0xD1, 0x23, 0x7E, 0xBE, 0x1E, 0x5D,
    0x06, 0xD3, 0xF0, 0xFB, 0x00, 0xEF, 0xD3, 0x02, 0xE0, 0xA7, 0xDC, 0xDE, 0x47, 0x97, 0xA3, 0xF7,
    0x39, 0xF4, 0x9A, 0x43, 0xB1, 0xC4, 0x90, 0x42, 0x72, 0x84, 0xA0, 0x13, 0xDB, 0xD3, 0xAF, 0x33,
    0xEC, 0x62, 0x0C, 0x0D, 0x07, 0x43, 0x92, 0xE3, 0x26, 0x8F, 0x78, 0xFB, 0xC5, 0xD1, 0x83, 0x53,
    0x95, 0x95, 0xD3, 0xE6, 0x3B, 0xD1, 0xDD, 0x08, 0xF0, 0x13, 0x87, 0x28, 0x37, 0x87, 0xE4, 0x12,
    0xA9, 0x38, 0x45, 0xFB, 0xB4, 0x2A, 0x42, 0x5E, 0x9D, 0xCA, 0xEA, 0x7C, 0xBA, 0x6A, 0x92, 0x22,
    0x24, 0x31, 0x66, 0x41, 0x77, 0xAA, 0x26, 0x6D, 0xF1, 0xEC, 0x78, 0x67, 0x5F, 0xE4, 0xBC, 0x6F,
    0xCA, 0x95, 0x22, 0xFA, 0xB2, 0xBB, 0x22, 0xC3, 0xD6, 0xFA, 0xFB, 0x34, 0x63, 0x6E, 0x2F, 0xD5,
    0xAB, 0x2A, 0x6F, 0x51, 0xBE, 0xF2, 0x5B, 0x6B, 0x16, 0x59, 0x36, 0x6A, 0xB7, 0xE3, 0xBE, 0x09,
    0x76, 0xDB, 0x9B, 0x27, 0x70, 0xC8, 0xCD, 0x8C, 0x28, 0x27, 0xA1, 0x7D, 0xA4, 0x89, 0xD3, 0xB6,
    0xE3, 0x20, 0xB6, 0x26, 0x99, 0x5E, 0x98, 0x31, 0x37, 0x49, 0x49, 0x5F, 0x9A, 0xFA, 0x92, 0x40,
    0x15, 0xE2, 0x3F, 0x3D, 0xB2, 0xAB, 0xB8, 0x22, 0x3D, 0x3E, 0x38, 0x68, 0x7A, 0xA8, 0xA5, 0x8F,
    0xED, 0x65, 0xE5, 0xA1, 0x1D, 0x2D, 0xBB, 0xAB, 0x8A, 0x88, 0x39, 0x12, 0xDA, 0x90, 0x04, 0xE9,
    0xD1, 0x84, 0x8A, 0xB3, 0x20, 0x27, 0xE4, 0x21, 0x09, 0x3C, 0xD2, 0xC2, 0xBE, 0x55, 0xEB, 0xBE,
    0x29, 0xFF, 0x68, 0x7B, 0xEC, 0xCD, 0x64, 0xD9, 0x49, 0x0B, 0x34, 0x74, 0x80, 0x3E, 0xF1, 0x00,
    0x7F, 0x93, 0xE8, 0x32, 0xEB, 0xFE, 0xE5, 0xBB, 0x89, 0x93, 0x8C, 0x03, 0xCC, 0xCD, 0x88, 0xE6,
    0x98, 0xB0, 0x40, 0x4B, 0xE0, 0x49, 0x15, 0x80, 0x03, 0x45, 0x20, 0xD4, 0x84, 0xA0, 0xA2, 0x95,
    0x24, 0x6D, 0x15, 0x99, 0xD4, 0xCD, 0xB5, 0x77, 0xED, 0x6B, 0x8B, 0x9E, 0x75, 0xE5, 0x5A, 0xBF,
    0xCA, 0xFC, 0x9C, 0xED, 0xD4, 0x0A, 0x3C, 0x5E, 0xAF, 0x90, 0x4E, 0xAE, 0xA8, 0x66, 0xE9, 0x51,
    0xFB, 0x88, 0x0C, 0x6A, 0xC6, 0x8E, 0x9C, 0x80, 0x36, 0x94, 0x87, 0x76, 0x94, 0x36, 0x4E, 0x7E,
    0x42, 0x97, 0x6F, 0xB5, 0xC7, 0x0B, 0xBC, 0x67, 0x38, 0x30, 0x8D, 0x31, 0xF6, 0xB7, 0x39, 0x6C,
    0xD7, 0x7C, 0xEB, 0x7C, 0x70, 0x91, 0xED, 0xB6, 0x1F, 0xFC, 0x07, 0x5D, 0x94, 0x1C, 0x92, 0x33,
    0xA2, 0x23, 0xFE, 0x97, 0xE2, 0x6B, 0x6E, 0xA4, 0x70, 0x0F, 0x34, 0x5C, 0x00, 0x45, 0xB2, 0x43,
    0x7F, 0xEF, 0x16, 0x47, 0xC1, 0x6B, 0xCE, 0x4C, 0x92, 0xC2, 0xE9, 0x49, 0x85, 0xA8, 0x55, 0x5E,
    0xB8, 0x1F, 0xA3, 0x8D, 0x02, 0xFA, 0x61, 0x97, 0x33, 0xDE, 0x3E, 0xBA, 0x1C, 0x25, 0x83, 0xF6,
    0xD1, 0x35, 0xFA, 0x05, 0x5D, 0xD4, 0x71, 0x6C, 0xB2, 0x2A, 0x24, 0x2B, 0x26, 0x77, 0xBC, 0x16,
    0x85, 0xB9, 0x97, 0x6C, 0xC8, 0x68, 0x7A, 0x13, 0x80, 0xDD, 0xED, 0x87, 0x4E, 0x38, 0x25, 0x9B,
    0x39, 0x09, 0xED, 0x1F, 0x8E, 0x3E, 0xE4, 0x20, 0x73, 0xDC, 0xC9, 0x21, 0xBE, 0x64, 0x07, 0x40,
    0x3A, 0xDA, 0x14, 0x53, 0x8E, 0xCA, 0x9A, 0x11, 0xE8, 0x99, 0x46, 0x67, 0x72, 0x0C, 0xE7, 0xFB,
    0xDF, 0xF7, 0x77, 0x8F, 0x00, 0x8D, 0xD6, 0x23, 0x85, 0x8A, 0x51, 0xD6, 0x4A, 0xC0, 0xA3, 0x22,
    0x20, 0x16, 0x48, 0x76, 0x90, 0x2E, 0xC6, 0x90, 0x62, 0x47, 0x0B, 0x95, 0x5E, 0x4D, 0x20, 0xAD,
    0x26, 0x53, 0xF4, 0x24, 0xCA, 0x68, 0x38, 0x47, 0x49, 0x22, 0x6D, 0xED, 0x2D, 0x24, 0xD1, 0x38,
    0xC8, 0x15, 0x6A, 0x86, 0xF0, 0x50, 0x0B, 0xF0, 0x03, 0x34, 0x51, 0x40, 0x2F, 0xB8, 0x70, 0x7C,
    0xCC, 0xB0, 0x9D, 0xAE, 0xD3, 0x49, 0xA0, 0x8D, 0x15, 0xE7, 0xC9, 0x70, 0x74, 0x66, 0x5E, 0xD1,
    0x02, 0x50, 0x01, 0xA2, 0x83, 0xF2, 0x90, 0x73, 0xD6, 0xA3, 0xCE, 0x4A, 0x9F, 0x5E, 0x0A, 0xA6,
    0xCF, 0x44, 0x4F, 0x3A, 0xA0, 0x26, 0x3B, 0x00, 0xE7, 0x0F, 0x23, 0x90, 0x36, 0x73, 0xE6, 0x6F,
    0xAB, 0x3B, 0x1F, 0x73, 0xC7, 0xDF, 0x9E, 0xB0, 0xA2, 0x3C, 0xA1, 0x5A, 0xE5, 0xB5, 0xB5, 0xF1,
    0xD2, 0x4E, 0x6D, 0x04, 0xFA, 0x01, 0xCB, 0xD7, 0xE0, 0xCF, 0xD0, 0x24, 0x54, 0x90, 0x56, 0xD4,
    0x94, 0xB6, 0x96, 0xFC, 0xA7, 0xD5, 0x20, 0x3F, 0x0A, 0x68, 0xCB, 0x9F, 0x45, 0x23, 0x50, 0x8D,
    0x0F, 0x1D, 0x43, 0xF9, 0x7A, 0xFD, 0xEF, 0x90, 0xA4, 0xCF, 0x34, 0xEB, 0x95, 0x70, 0x39, 0xCF,
    0x7D, 0x2B, 0x18, 0xA9, 0xF8, 0x27, 0xE5, 0x25, 0x57, 0xE5, 0xC1, 0x15, 0x0F, 0x9E, 0xB3, 0x0D,
    0x17, 0x80, 0x24, 0xE4, 0x2A, 0x69, 0xD5, 0x8C, 0x88, 0x83, 0x49, 0xE8, 0xAE, 0x59, 0xF0, 0x14,
    0x54, 0x00, 0xA0, 0x68, 0x81, 0x9A, 0x2B, 0xCA, 0xAF, 0x41, 0x7A, 0xA0, 0x21, 0x01, 0x41, 0xDA,
    0x54, 0xC7, 0x54, 0x27, 0x00, 0xDA, 0x35, 0x37, 0x4D, 0xEB, 0x2E, 0xDD, 0xE7, 0x95, 0xE9, 0xA7,
    0xB7, 0xAE, 0xFF, 0xD1, 0x1E, 0xDC, 0xBA, 0x6E, 0xAC, 0xBE, 0x75, 0x9D, 0x50, 0xA4, 0x2F, 0x5F,
    0x08, 0x77, 0x3E, 0x1E, 0x80, 0x5B, 0xD7, 0x0B, 0x9A, 0xA4, 0xCB, 0xC4, 0x9B, 0x70, 0xFC, 0x06,
    0x00, 0x94, 0xB9, 0xCC, 0xE7, 0x7C, 0xDB, 0x69, 0x49, 0xE9, 0x2E, 0x4A, 0xEE, 0xDC, 0xCB, 0x92,
    0xC2, 0x5D, 0x95, 0x84, 0x43, 0x04, 0xFF, 0x1F, 0x15, 0xBB, 0x72, 0xFA, 0x84, 0x21, 0xB9, 0x21,
    0xFA, 0x15, 0x80, 0x62, 0xA4, 0x4E, 0x17, 0xEF, 0x79, 0xDE, 0xD8, 0x16, 0xFA, 0x44, 0x9A, 0x2B,
    0xAB, 0x7A, 0x05, 0x9E, 0xE0, 0x02, 0x18, 0x5A, 0xA0, 0xF7, 0x65, 0x0A, 0x0D, 0x23, 0x8A, 0x03,
    0x20, 0xD3, 0xC2, 0x8E, 0x0E, 0x00, 0x17, 0x94, 0x3D, 0xED, 0xF6, 0x01, 0x0E, 0x10, 0x11, 0x4D,
    0x62, 0xA3, 0xEC, 0xB3, 0x99, 0x27, 0x23, 0xEF, 0xBB, 0x08, 0x13, 0x01, 0x90, 0x1C, 0x1F, 0x47,
    0xCF, 0x77, 0x1D, 0x42, 0x9A, 0x3B, 0x4C, 0x73, 0x3B, 0x4E, 0xE7, 0xA0, 0x69, 0xB5, 0x25, 0xAD,
    0x71, 0x6F, 0xD0, 0xF6, 0x0E, 0xB4, 0x72, 0x3E, 0xC5, 0xED, 0xA9, 0x26, 0xC1, 0xB1, 0xB1, 0x9A,
    0x24, 0x22, 0xF3, 0x99, 0xA7, 0x87, 0x66, 0xF2, 0xD2, 0x8B, 0x43, 0xF4, 0x6A, 0x6D, 0x93, 0xF2,
    0xBD, 0xD0, 0x41, 0x93, 0x9C, 0xB3, 0x2B, 0x14, 0xF9, 0x16, 0x21, 0xDE, 0xB2, 0xD0, 0xDB, 0x85,
    0xED, 0xF6, 0xFE, 0xFD, 0x87, 0x49, 0xBE, 0xD2, 0x20, 0xCA, 0x57, 0xA2, 0x77, 0xE8, 0x01, 0xF5,
    0xE1, 0x89, 0x03, 0xF4, 0x28, 0x3A, 0x80, 0x13, 0x00, 0x7C, 0xE9, 0xF0, 0x5D, 0x40, 0xCC, 0x78,
    0x06, 0x40, 0x80, 0x89, 0x1A, 0x86, 0xA8, 0xA6, 0x8F, 0xD6, 0x74, 0x51, 0x9C, 0x4F, 0x3C, 0x96,
    0x80, 0xEA, 0xBE, 0xEA, 0x8B, 0x9F, 0x45, 0xDA, 0xF2, 0xE5, 0xC8, 0x05, 0x92, 0xEA, 0x97, 0x01,
    0xCA, 0xAB, 0x5F, 0x10, 0x8D, 0x53, 0x1D, 0xAD, 0xDE, 0x9C, 0x54, 0x67, 0xB2, 0xFD, 0xD8, 0x8F,
    0xAA, 0xD3, 0xD3, 0x23, 0xBA, 0x6F, 0xA2, 0x26, 0x3F, 0x43, 0x84, 0x9D, 0xE4, 0x7B, 0x1C, 0xD3,
    0x17, 0x98, 0x8B, 0xE8, 0x25, 0xE1, 0x23, 0x6D, 0x61, 0x3F, 0x37, 0xE7, 0x2D, 0xDF, 0xE7, 0xBF,
    0x62, 0x27, 0x03, 0x22, 0xAF, 0x23, 0xCE, 0x61, 0x43, 0x33, 0x9A, 0x29, 0x73, 0x7B, 0xE4, 0xD9,
    0x55, 0xE0, 0xF0, 0x30, 0x02, 0xE7, 0x1E, 0x78, 0x3B, 0x5A, 0xBE, 0xC3, 0x0C, 0xE9, 0x20, 0x83,
    0xBB, 0xBF, 0x42, 0x2D, 0xEE, 0x0B, 0xA2, 0x71, 0xCE, 0x71, 0xD0, 0xA3, 0x73, 0xBD, 0xD5, 0xD6,
    0x39, 0x6D, 0xFB, 0xE4, 0x60, 0xA2, 0x97, 0x60, 0x2C, 0x80, 0x62, 0x9F, 0xD5, 0x0F, 0xD9, 0x4E,
    0x49, 0xE5, 0x92, 0x72, 0x49, 0x8A, 0x35, 0xD9, 0x93, 0x0C, 0x30, 0x51, 0x9E, 0x11, 0x17, 0x0F,
    0xB0, 0x61, 0x18, 0x00, 0x92, 0x0E, 0x6A, 0xED, 0xFD, 0xFE, 0x4B, 0xA6, 0x0A, 0x11, 0xC9, 0x53,
    0x42, 0x9A, 0xF3, 0x11, 0xB5, 0x40, 0x05, 0x33, 0x41, 0x91, 0x43, 0x62, 0x4E, 0x0B, 0xEB, 0x7E,
    0xDF, 0x6E, 0xA3, 0x4B, 0x0C, 0xA7, 0x6D, 0xBF, 0xAA, 0x56, 0x18, 0x72, 0x01, 0xC9, 0xE1, 0xA1,
    0x13, 0xE0, 0x27, 0x09, 0x74, 0x80, 0xE1, 0x28, 0x49, 0x1F, 0xCF, 0x10, 0xF4, 0x2C, 0x83, 0x76,
    0x72, 0x35, 0x4E, 0xCE, 0x74, 0x00, 0xA7, 0xB3, 0x3F, 0x69, 0xCE, 0x38, 0x40, 0xCF, 0xF8, 0x8E,
    0xF6, 0xB8, 0xA4, 0xF8, 0xDC, 0x5A, 0x91, 0x4B, 0xFA, 0x0C, 0x88, 0xCB, 0xD8, 0x8F, 0x9E, 0xF4,
    0xFB, 0x9F, 0xFF, 0x00, 0x0B, 0x0D, 0x0D, 0x0D, 0xF9, 0xFF, 0xFF, 0xFF, 0x1F, 0x10, 0x5E, 0xB5,
    0x6A, 0xD5, 0x0A, 0x00, 0xC5, 0x91, 0x21, 0x8C, 0x13, 0x41, 0x18, 0x85, 0x5F, 0x3B, 0xB9, 0x54,
    0x54, 0xAC, 0xAA, 0x42, 0xD4, 0xE7, 0x44, 0xBD, 0x9A, 0x09, 0xF8, 0x04, 0x73, 0xDE, 0x83, 0xC0,
    0x27, 0x24, 0x3B, 0xE0, 0x05, 0xDE, 0x0B, 0x00, 0x81, 0x57, 0x3B, 0xDC, 0xF9, 0x64, 0x4F, 0xE0,
    0xAB, 0xAB, 0x4E, 0x90, 0x70, 0x0D, 0x3B, 0xFB, 0x31, 0xF3, 0x4F, 0x53, 0xC0, 0x17, 0x48, 0x66,
    0xDF, 0xF7, 0xDA, 0xD9, 0xEC, 0xFF, 0xDE, 0x8C, 0xB4, 0x91, 0x3E, 0xBF, 0xD3, 0x8A, 0xC7, 0x35,
    0x59, 0x9E, 0xEC, 0xBF, 0xA3, 0xFE, 0x7E, 0x1E, 0x6E, 0x11, 0x69, 0xE2, 0xCB, 0x54, 0x10, 0x48,
    0x5A, 0x90, 0x16, 0x0D, 0xCB, 0x82, 0x1E, 0x80, 0xF1, 0x84, 0x6B, 0x0E, 0x9F, 0x38, 0xC4, 0xD3,
    0xDE, 0x45, 0xE1, 0x18, 0x5D, 0x9B, 0x57, 0x56, 0x6C, 0x48, 0xD2, 0x93, 0x39, 0x4A, 0x0E, 0xB2,
    0xB4, 0xCD, 0x3D, 0x92, 0xDF, 0x77, 0x48, 0x24, 0xD7, 0xF4, 0xB1, 0xAA, 0xA4, 0x85, 0xA9, 0xC5,
    0x8C, 0xA6, 0xC9, 0xB2, 0x26, 0xFB, 0xFA, 0x05, 0xB4, 0xC5, 0xB3, 0x58, 0xD9, 0x74, 0xAE, 0xD9,
    0x6E, 0x82, 0x1C, 0x90, 0x2C, 0x5B, 0xB2, 0x6C, 0xC9, 0xB2, 0x9D, 0xF5, 0xD7, 0x17, 0x7A, 0xB8,
    0x6D, 0x6A, 0xD9, 0xDE, 0xFE, 0x85, 0x6C, 0x9E, 0x6C, 0x3A, 0x4B, 0x9B, 0x1A, 0x2F, 0xA8, 0xDE,
    0xF7, 0x0A, 0x26, 0xA9, 0xEC, 0xED, 0x8E, 0x3D, 0xAA, 0x77, 0xDE, 0x8F, 0xED, 0x0C, 0x27, 0xD2,
    0xCA, 0x4C, 0xB0, 0x93, 0x3C, 0xDD, 0xBC, 0xDA, 0x95, 0x9C, 0xCF, 0x13, 0x88, 0x67, 0x63, 0xA7,
    0x5A, 0x56, 0x3C, 0x8D, 0xFE, 0x27, 0xA6, 0x15, 0x6C, 0x1D, 0x6D, 0x4D, 0xCD, 0x0C, 0x64, 0xE9,
    0x45, 0xD0, 0xF5, 0xF1, 0x46, 0xEA, 0xAC, 0x29, 0x51, 0xFE, 0x47, 0xDE, 0xCD, 0x43, 0x31, 0xC3,
    0x58, 0x9A, 0xAE, 0x89, 0xAD, 0xA9, 0x33, 0x23, 0x33, 0xD6, 0xF4, 0x8F, 0x11, 0xAD, 0xE0, 0xDD,
    0x6F, 0xA6, 0x35, 0x7D, 0xF6, 0xDF, 0x9A, 0x66, 0x5F, 0x56, 0x6D, 0x3A, 0x7B, 0xF3, 0xD2, 0x70,
    0x94, 0x6A, 0x4F, 0xF6, 0x05, 0xFE, 0xF8, 0x2A, 0x17, 0x90, 0xD6, 0x18, 0x5C, 0xC1, 0x92, 0x58,
    0xE1, 0xCE, 0x58, 0x37, 0xF4, 0x50, 0x41, 0xC3, 0x4B, 0x3E, 0x56, 0xAC, 0xD0, 0xE5, 0xE0, 0x0C,
    0xC9, 0x71, 0x08, 0xC0, 0x53, 0x6C, 0x58, 0x18, 0x08, 0x92, 0x74, 0xF5, 0xBC, 0xC8, 0xD2, 0x52,
    0x6B, 0x87, 0xFD, 0xC7, 0x57, 0x1E, 0xA4, 0x05, 0xF2, 0x53, 0xD9, 0x9A, 0xB5, 0xAD, 0xC8, 0xEA,
    0x0A, 0x16, 0xED, 0xD7, 0x95, 0xED, 0x39, 0x78, 0x03, 0xD3, 0x16, 0xEE, 0x0A, 0x7C, 0xF2, 0xF7,
    0xC3, 0xFC, 0x7E, 0x08, 0xDB, 0xB1, 0xBC, 0x42, 0xEC, 0x62, 0xC5, 0x28, 0x15, 0x0C, 0xB3, 0xC1,
    0xF3, 0xAD, 0x62, 0x0B, 0x15, 0x0E, 0x52, 0x81, 0x7A, 0xF6, 0x36, 0x81, 0x87, 0x82, 0xD7, 0xF2,
    0x15, 0x65, 0x5A, 0x05, 0x27, 0x44, 0x9F, 0x3A, 0x3E, 0xF4, 0x10, 0xD6, 0xE4, 0x8E, 0x49, 0xCB,
    0xF2, 0x6C, 0x82, 0xCA, 0xF3, 0x13, 0x44, 0xCB, 0x31, 0x15, 0xC3, 0x20, 0x00, 0x84, 0xE1, 0x4B,
    0x19, 0x32, 0x22, 0x01, 0x09, 0x48, 0x20, 0x4E, 0x2A, 0x05, 0x24, 0xD4, 0x51, 0x23, 0x01, 0x09,
    0x48, 0x60, 0xE8, 0x40, 0xFB, 0x52, 0xAE, 0x07, 0x0C, 0x4D, 0x86, 0xE3, 0xF1, 0xFD, 0xE0, 0xFF,
    0xED, 0x69, 0xAD, 0x2B, 0x6B, 0x63, 0x9B, 0xB3, 0xB1, 0x2F, 0x26, 0xD3, 0x64, 0xB2, 0x4C, 0x7E,
    0xDC, 0xDB, 0xE0, 0x6B, 0x43, 0x1F, 0x5C, 0x6D, 0x0E, 0x49, 0x5C, 0xF5, 0x17, 0xF1, 0xE5, 0xAB,
    0x6D, 0x7A, 0x4D, 0x56, 0xDB, 0xB1, 0x6B, 0x8B, 0x63, 0x72, 0xDA, 0x33, 0xB0, 0x44, 0x6D, 0x8A,
    0x6C, 0x81, 0xFC, 0xDE, 0xC8, 0x97, 0x55, 0xE6, 0xC9, 0x6C, 0x74, 0x7E, 0x92, 0x07, 0xC8, 0x26,
    0x02, 0x14, 0xE8, 0x0A, 0x50, 0x20, 0x06, 0x0C, 0x3F, 0x83, 0x01, 0xE6, 0x20, 0x56, 0x70, 0x7A,
    0xB1, 0x82, 0x1C, 0xC4, 0x0A, 0xDE, 0x93, 0x15, 0x4C, 0x56, 0x20, 0x5E, 0xC1, 0x5A, 0x73, 0xFC,
    0x86, 0xE4, 0x69, 0x00,
};

static const EpdGlyph notoserif_16_boldGlyphs[] = {
    { 0, 0, 0, 0, 0, 0, 0 }, // U+0000
    { 0, 0, 139, 0, 0, 0, 0 }, // U+000D
    { 0, 0, 139, 0, 0, 0, 0 }, // U+0020
    { 7, 25, 204, 3, 24, 44, 0 }, // !
    { 13, 10, 271, 2, 24, 33, 44 }, // "
    { 17, 24, 301, 1, 24, 102, 77 }, // #
    { 17, 29, 301, 1, 26, 124, 179 }, // $
    { 29, 26, 483, 1, 25, 189, 303 }, // %
    { 26, 26, 427, 1, 25, 169, 492 }, // &
    { 6, 10, 155, 2, 24, 15, 661 }, // '
    { 12, 31, 214, 1, 26, 93, 676 }, // (
    { 11, 31, 214, 1, 26, 86, 769 }, // )
    { 15, 14, 268, 1, 26, 53, 855 }, // *
    { 15, 16, 301, 2, 20, 60, 908 }, // +
    { 7, 12, 157, 1, 6, 21, 968 }, // ,
    { 10, 4, 165, 0, 11, 10, 989 }, // -
    { 6, 7, 157, 2, 6, 11, 999 }, // .
    { 10, 31, 154, 0, 26, 78, 1010 }, // /
    { 17, 26, 310, 1, 25, 111, 1088 }, // 0
    { 17, 24, 270, 0, 24, 102, 1199 }, // 1
    { 16, 25, 283, 1, 25, 100, 1301 }, // 2
    { 18, 26, 287, 0, 25, 117, 1401 }, // 3
    { 19, 24, 296, 0, 24, 114, 1518 }, // 4
    { 16, 25, 283, 1, 24, 100, 1632 }, // 5
    { 17, 26, 299, 1, 25, 111, 1732 }, // 6
    { 17, 24, 289, 1, 24, 102, 1843 }, // 7
    { 18, 26, 309, 1, 25, 117, 1945 }, // 8
    { 17, 26, 299, 1, 25, 111, 2062 }, // 9
    { 6, 20, 162, 2, 19, 30, 2173 }, // :
    { 7, 25, 162, 1, 19, 44, 2203 }, // ;
    { 15, 18, 301, 2, 21, 68, 2247 }, // <
    { 15, 10, 301, 2, 17, 38, 2315 }, // =
    { 15, 18, 301, 2, 21, 68, 2353 }, // >
    { 16, 26, 293, 1, 25, 104, 2421 }, // ?
    { 29, 29, 491, 1, 24, 211, 2525 }, // @
    { 26, 24, 402, 0, 24, 156, 2736 }, // A
    { 22, 24, 358, 0, 24, 132, 2892 }, // B
    { 20, 26, 357, 1, 25, 130, 3024 }, // C
    { 24, 24, 409, 0, 24, 144, 3154 }, // D
    { 21, 24, 348, 0, 24, 126, 3298 }, // E
    { 20, 24, 331, 0, 24, 120, 3424 }, // F
    { 24, 26, 411, 1, 25, 156, 3544 }, // G
    { 27, 24, 437, 0, 24, 162, 3700 }, // H
    { 13, 24, 214, 0, 24, 78, 3862 }, // I
    { 14, 32, 211, -1, 24, 112, 3940 }, // J
    { 25, 24, 391, 0, 24, 150, 4052 }, // K
    { 21, 24, 349, 0, 24, 126, 4202 }, // L
    { 31, 24, 508, 0, 24, 186, 4328 }, // M
    { 26, 24, 420, 0, 24, 156, 4514 }, // N
    { 24, 26, 420, 1, 25, 156, 4670 }, // O
    { 21, 24, 340, 0, 24, 126, 4826 }, // P
    { 24, 33, 420, 1, 25, 198, 4952 }, // Q
    { 24, 24, 380, 0, 24, 144, 5150 }, // R
    { 18, 26, 309, 1, 25, 117, 5294 }, // S
    { 22, 24, 348, 0, 24, 132, 5411 }, // T
    { 25, 25, 398, 0, 24, 157, 5543 }, // U
    { 24, 24, 372, 0, 24, 144, 5700 }, // V
    { 36, 24, 569, 0, 24, 216, 5844 }, // W
    { 25, 24, 391, 0, 24, 150, 6060 }, // X
    { 24, 24, 370, 0, 24, 144, 6210 }, // Y
    { 20, 24, 356, 1, 24, 120, 6354 }, // Z
    { 10, 31, 221, 3, 26, 78, 6474 }, // [
    { 10, 31, 154, 0, 26, 78, 6552 }, // <backslash>
    { 10, 31, 221, 1, 26, 78, 6630 }, // ]
    { 17, 16, 298, 1, 24, 68, 6708 }, // ^
    { 17, 3, 245, -1, -2, 13, 6776 }, // _
    { 9, 6, 178, 1, 26, 14, 6789 }, // `
    { 18, 20, 320, 1, 19, 90, 6803 }, // a
    { 21, 27, 346, 0, 26, 142, 6893 }, // b
    { 16, 20, 281, 1, 19, 80, 7035 }, // c
    { 21, 27, 346, 1, 26, 142, 7115 }, // d
    { 17, 20, 305, 1, 19, 85, 7257 }, // e
    { 16, 26, 217, 0, 26, 104, 7342 }, // f
    { 19, 28, 299, 0, 20, 133, 7446 }, // g
    { 22, 26, 356, 0, 26, 143, 7579 }, // h
    { 12, 26, 188, 0, 26, 78, 7722 }, // i
    { 10, 34, 184, -1, 26, 85, 7800 }, // j
    { 22, 26, 340, 0, 26, 143, 7885 }, // k
    { 12, 26, 188, 0, 26, 78, 8028 }, // l
    { 33, 19, 526, 0, 19, 157, 8106 }, // m
    { 22, 19, 356, 0, 19, 105, 8263 }, // n
    { 18, 20, 327, 1, 19, 90, 8368 }, // o
    { 20, 27, 344, 0, 19, 135, 8458 }, // p
    { 21, 27, 346, 1, 19, 142, 8593 }, // q
    { 17, 19, 279, 0, 19, 81, 8735 }, // r
    { 14, 20, 256, 1, 19, 70, 8816 }, // s
    { 13, 23, 216, 0, 22, 75, 8886 }, // t
    { 22, 19, 356, 0, 18, 105, 8961 }, // u
    { 21, 18, 323, 0, 18, 95, 9066 }, // v
    { 30, 18, 456, -1, 18, 135, 9161 }, // w
    { 22, 18, 344, 0, 18, 99, 9296 }, // x
    { 20, 26, 309, 0, 18, 130, 9395 }, // y
    { 17, 18, 282, 0, 18, 77, 9525 }, // z
    { 13, 31, 236, 1, 26, 101, 9602 }, // {
    { 3, 34, 301, 8, 26, 26, 9703 }, // |
    { 13, 31, 236, 1, 26, 101, 9729 }, // }
    { 17, 8, 301, 1, 16, 34, 9830 }, // ~
    { 0, 0, 139, 0, 0, 0, 0 }, // U+00A0
    { 7, 25, 204, 3, 19, 44, 0 }, // U+00A1
    { 17, 24, 301, 1, 24, 102, 44 }, // U+00A2
    { 18, 26, 298, 0, 25, 117, 146 }, // U+00A3
    { 15, 16, 301, 2, 20, 60, 263 }, // U+00A4
    { 19, 24, 301, 0, 24, 114, 323 }, // U+00A5
    { 3, 34, 301, 8, 26, 26, 437 }, // U+00A6
    { 15, 30, 290, 2, 26, 113, 463 }, // U+00A7
    { 12, 6, 308, 4, 26, 18, 576 }, // U+00A8
    { 26, 26, 451, 1, 25, 169, 594 }, // U+00A9
    { 14, 12, 224, 0, 24, 42, 763 }, // U+00AA
    { 15, 14, 295, 2, 16, 53, 805 }, // U+00AB
    { 15, 10, 301, 2, 14, 38, 858 }, // U+00AC
    { 10, 4, 165, 0, 11, 10, 896 }, // U+00AD
    { 26, 26, 451, 1, 25, 169, 906 }, // U+00AE
    { 17, 3, 245, -1, 28, 13, 1075 }, // U+00AF
    { 11, 12, 213, 1, 25, 33, 1088 }, // U+00B0
    { 15, 20, 301, 2, 20, 75, 1121 }, // U+00B1
    { 11, 16, 213, 1, 28, 44, 1196 }, // U+00B2
    { 11, 16, 213, 1, 28, 44, 1240 }, // U+00B3
    { 9, 6, 178, 1, 26, 14, 1284 }, // U+00B4
    { 20, 26, 355, 2, 18, 130, 1298 }, // U+00B5
    { 19, 30, 334, 1, 26, 143, 1428 }, // U+00B6
    { 6, 6, 157, 2, 15, 9, 1571 }, // U+00B7
    { 9, 9, 178, 1, 1, 21, 1580 }, // U+00B8
    { 11, 16, 213, 1, 28, 44, 1601 }, // U+00B9
    { 13, 12, 233, 1, 24, 39, 1645 }, // U+00BA
    { 15, 14, 295, 2, 16, 53, 1684 }, // U+00BB
    { 28, 26, 448, 0, 25, 182, 1737 }, // U+00BC
    { 28, 26, 448, 0, 25, 182, 1919 }, // U+00BD
    { 27, 26, 448, 1, 25, 176, 2101 }, // U+00BE
    { 17, 25, 293, 1, 18, 107, 2277 }, // U+00BF
    { 26, 32, 402, 0, 32, 208, 2384 }, // U+00C0
    { 26, 32, 402, 0, 32, 208, 2592 }, // U+00C1
    { 26, 32, 402, 0, 32, 208, 2800 }, // U+00C2
    { 26, 32, 402, 0, 32, 208, 3008 }, // U+00C3
    { 26, 32, 402, 0, 32, 208, 3216 }, // U+00C4
    { 26, 30, 402, 0, 30, 195, 3424 }, // U+00C5
    { 33, 24, 530, 0, 24, 198, 3619 }, // U+00C6
    { 20, 33, 357, 1, 25, 165, 3817 }, // U+00C7
    { 21, 32, 348, 0, 32, 168, 3982 }, // U+00C8
    { 21, 32, 348, 0, 32, 168, 4150 }, // U+00C9
    { 21, 32, 348, 0, 32, 168, 4318 }, // U+00CA
    { 21, 32, 348, 0, 32, 168, 4486 }, // U+00CB
    { 13, 32, 214, 0, 32, 104, 4654 }, // U+00CC
    { 13, 32, 214, 0, 32, 104, 4758 }, // U+00CD
    { 13, 32, 214, 0, 32, 104, 4862 }, // U+00CE
    { 13, 32, 214, 0, 32, 104, 4966 }, // U+00CF
    { 24, 24, 409, 0, 24, 144, 5070 }, // U+00D0
    { 26, 32, 420, 0, 32, 208, 5214 }, // U+00D1
    { 24, 33, 420, 1, 32, 198, 5422 }, // U+00D2
    { 24, 33, 420, 1, 32, 198, 5620 }, // U+00D3
    { 24, 33, 420, 1, 32, 198, 5818 }, // U+00D4
    { 24, 33, 420, 1, 32, 198, 6016 }, // U+00D5
    { 24, 33, 420, 1, 32, 198, 6214 }, // U+00D6
    { 15, 14, 301, 2, 19, 53, 6412 }, // U+00D7
    { 24, 28, 420, 1, 26, 168, 6465 }, // U+00D8
    { 25, 33, 398, 0, 32, 207, 6633 }, // U+00D9
    { 25, 33, 398, 0, 32, 207, 6840 }, // U+00DA
    { 25, 33, 398, 0, 32, 207, 7047 }, // U+00DB
    { 25, 33, 398, 0, 32, 207, 7254 }, // U+00DC
    { 24, 32, 370, 0, 32, 192, 7461 }, // U+00DD
    { 21, 24, 340, 0, 24, 126, 7653 }, // U+00DE
    { 23, 27, 376, 0, 26, 156, 7779 }, // U+00DF
    { 18, 27, 320, 1, 26, 122, 7935 }, // U+00E0
    { 18, 27, 320, 1, 26, 122, 8057 }, // U+00E1
    { 18, 27, 320, 1, 26, 122, 8179 }, // U+00E2
    { 18, 27, 320, 1, 26, 122, 8301 }, // U+00E3
    { 18, 27, 320, 1, 26, 122, 8423 }, // U+00E4
    { 18, 29, 320, 1, 28, 131, 8545 }, // U+00E5
    { 27, 20, 467, 1, 19, 135, 8676 }, // U+00E6
    { 16, 27, 281, 1, 19, 108, 8811 }, // U+00E7
    { 17, 27, 305, 1, 26, 115, 8919 }, // U+00E8
    { 17, 27, 305, 1, 26, 115, 9034 }, // U+00E9
    { 17, 27, 305, 1, 26, 115, 9149 }, // U+00EA
    { 17, 27, 305, 1, 26, 115, 9264 }, // U+00EB
    { 13, 26, 188, -1, 26, 85, 9379 }, // U+00EC
    { 12, 26, 188, 0, 26, 78, 9464 }, // U+00ED
    { 13, 26, 188, -1, 26, 85, 9542 }, // U+00EE
    { 13, 26, 188, -1, 26, 85, 9627 }, // U+00EF
    { 18, 27, 327, 1, 26, 122, 9712 }, // U+00F0
    { 22, 26, 356, 0, 26, 143, 9834 }, // U+00F1
    { 18, 27, 327, 1, 26, 122, 9977 }, // U+00F2
    { 18, 27, 327, 1, 26, 122, 10099 }, // U+00F3
    { 18, 27, 327, 1, 26, 122, 10221 }, // U+00F4
    { 18, 27, 327, 1, 26, 122, 10343 }, // U+00F5
    { 18, 27, 327, 1, 26, 122, 10465 }, // U+00F6
    { 15, 18, 301, 2, 21, 68, 10587 }, // U+00F7
    { 18, 22, 327, 1, 20, 99, 10655 }, // U+00F8
    { 22, 27, 356, 0, 26, 149, 10754 }, // U+00F9
    { 22, 27, 356, 0, 26, 149, 10903 }, // U+00FA
    { 22, 27, 356, 0, 26, 149, 11052 }, // U+00FB
    { 22, 27, 356, 0, 26, 149, 11201 }, // U+00FC
    { 20, 34, 309, 0, 26, 170, 11350 }, // U+00FD
    { 20, 34, 344, 0, 26, 170, 11520 }, // U+00FE
    { 20, 34, 309, 0, 26, 170, 11690 }, // U+00FF
    { 26, 29, 402, 0, 29, 189, 0 }, // U+0100
    { 18, 24, 320, 1, 23, 108, 189 }, // U+0101
    { 26, 32, 402, 0, 32, 208, 297 }, // U+0102
    { 18, 27, 320, 1, 26, 122, 505 }, // U+0103
    { 26, 32, 402, 0, 24, 208, 627 }, // U+0104
    { 18, 27, 320, 1, 19, 122, 835 }, // U+0105
    { 20, 33, 357, 1, 32, 165, 957 }, // U+0106
    { 16, 27, 281, 1, 26, 108, 1122 }, // U+0107
    { 20, 33, 357, 1, 32, 165, 1230 }, // U+0108
    { 16, 27, 281, 1, 26, 108, 1395 }, // U+0109
    { 20, 33, 357, 1, 32, 165, 1503 }, // U+010A
    { 16, 27, 281, 1, 26, 108, 1668 }, // U+010B
    { 20, 33, 357, 1, 32, 165, 1776 }, // U+010C
    { 16, 27, 281, 1, 26, 108, 1941 }, // U+010D
    { 24, 32, 409, 0, 32, 192, 2049 }, // U+010E
    { 25, 27, 346, 1, 26, 169, 2241 }, // U+010F
    { 24, 24, 409, 0, 24, 144, 2410 }, // U+0110
    { 21, 27, 346, 1, 26, 142, 2554 }, // U+0111
    { 21, 29, 348, 0, 29, 153, 2696 }, // U+0112
    { 17, 24, 305, 1, 23, 102, 2849 }, // U+0113
    { 21, 32, 348, 0, 32, 168, 2951 }, // U+0114
    { 17, 27, 305, 1, 26, 115, 3119 }, // U+0115
    { 21, 31, 348, 0, 31, 163, 3234 }, // U+0116
    { 17, 27, 305, 1, 26, 115, 3397 }, // U+0117
    { 21, 32, 348, 0, 24, 168, 3512 }, // U+0118
    { 17, 27, 304, 1, 19, 115, 3680 }, // U+0119
    { 21, 32, 348, 0, 32, 168, 3795 }, // U+011A
    { 17, 27, 305, 1, 26, 115, 3963 }, // U+011B
    { 24, 33, 411, 1, 32, 198, 4078 }, // U+011C
    { 19, 34, 299, 0, 26, 162, 4276 }, // U+011D
    { 24, 33, 411, 1, 32, 198, 4438 }, // U+011E
    { 19, 34, 299, 0, 26, 162, 4636 }, // U+011F
    { 24, 33, 411, 1, 32, 198, 4798 }, // U+0120
    { 19, 34, 299, 0, 26, 162, 4996 }, // U+0121
    { 24, 33, 411, 1, 25, 198, 5158 }, // U+0122
    { 19, 34, 299, 0, 26, 162, 5356 }, // U+0123
    { 27, 32, 437, 0, 32, 216, 5518 }, // U+0124
    { 22, 32, 356, 0, 32, 176, 5734 }, // U+0125
    { 27, 24, 437, 0, 24, 162, 5910 }, // U+0126
    { 22, 26, 356, 0, 26, 143, 6072 }, // U+0127
    { 14, 32, 214, 0, 32, 112, 6215 }, // U+0128
    { 14, 26, 188, -1, 26, 91, 6327 }, // U+0129
    { 13, 29, 214, 0, 29, 95, 6418 }, // U+012A
    { 12, 23, 188, 0, 23, 69, 6513 }, // U+012B
    { 13, 32, 214, 0, 32, 104, 6582 }, // U+012C
    { 12, 26, 188, 0, 26, 78, 6686 }, // U+012D
    { 13, 32, 214, 0, 24, 104, 6764 }, // U+012E
    { 12, 34, 188, 0, 26, 102, 6868 }, // U+012F
    { 13, 32, 214, 0, 32, 104, 6970 }, // U+0130
    { 12, 18, 188, 0, 18, 54, 7074 }, // U+0131
    { 26, 32, 426, 0, 24, 208, 7128 }, // U+0132
    { 21, 34, 372, 0, 26, 179, 7336 }, // U+0133
    { 14, 40, 211, -1, 32, 140, 7515 }, // U+0134
    { 13, 34, 184, -1, 26, 111, 7655 }, // U+0135
    { 25, 32, 391, 0, 24, 200, 7766 }, // U+0136
    { 22, 34, 340, 0, 26, 187, 7966 }, // U+0137
    { 22, 18, 340, 0, 18, 99, 8153 }, // U+0138
    { 21, 32, 349, 0, 32, 168, 8252 }, // U+0139
    { 13, 32, 188, 0, 32, 104, 8420 }, // U+013A
    { 21, 32, 349, 0, 24, 168, 8524 }, // U+013B
    { 12, 34, 188, 0, 26, 102, 8692 }, // U+013C
    { 21, 24, 349, 0, 24, 126, 8794 }, // U+013D
    { 16, 26, 188, 0, 26, 104, 8920 }, // U+013E
    { 21, 24, 349, 0, 24, 126, 9024 }, // U+013F
    { 17, 26, 250, 0, 26, 111, 9150 }, // U+0140
    { 21, 24, 349, 0, 24, 126, 9261 }, // U+0141
    { 12, 26, 188, 0, 26, 78, 9387 }, // U+0142
    { 26, 32, 420, 0, 32, 208, 9465 }, // U+0143
    { 22, 26, 356, 0, 26, 143, 9673 }, // U+0144
    { 26, 32, 420, 0, 24, 208, 9816 }, // U+0145
    { 22, 27, 356, 0, 19, 149, 10024 }, // U+0146
    { 26, 32, 420, 0, 32, 208, 10173 }, // U+0147
    { 22, 26, 356, 0, 26, 143, 10381 }, // U+0148
    { 28, 24, 456, 0, 24, 168, 10524 }, // U+0149
    { 26, 32, 420, 0, 24, 208, 10692 }, // U+014A
    { 20, 27, 356, 0, 19, 135, 10900 }, // U+014B
    { 24, 30, 420, 1, 29, 180, 11035 }, // U+014C
    { 18, 24, 327, 1, 23, 108, 11215 }, // U+014D
    { 24, 33, 420, 1, 32, 198, 11323 }, // U+014E
    { 18, 27, 327, 1, 26, 122, 11521 }, // U+014F
    { 24, 33, 420, 1, 32, 198, 11643 }, // U+0150
    { 18, 27, 327, 1, 26, 122, 11841 }, // U+0151
    { 32, 26, 543, 1, 25, 208, 11963 }, // U+0152
    { 29, 20, 499, 1, 19, 145, 12171 }, // U+0153
    { 24, 32, 380, 0, 32, 192, 12316 }, // U+0154
    { 17, 26, 279, 0, 26, 111, 12508 }, // U+0155
    { 24, 32, 380, 0, 24, 192, 12619 }, // U+0156
    { 17, 27, 279, 0, 19, 115, 12811 }, // U+0157
    { 24, 32, 380, 0, 32, 192, 12926 }, // U+0158
    { 17, 26, 279, 0, 26, 111, 13118 }, // U+0159
    { 18, 33, 309, 1, 32, 149, 13229 }, // U+015A
    { 14, 27, 256, 1, 26, 95, 13378 }, // U+015B
    { 18, 33, 309, 1, 32, 149, 13473 }, // U+015C
    { 14, 27, 256, 1, 26, 95, 13622 }, // U+015D
    { 18, 33, 309, 1, 25, 149, 13717 }, // U+015E
    { 14, 27, 256, 1, 19, 95, 13866 }, // U+015F
    { 18, 33, 309, 1, 32, 149, 13961 }, // U+0160
    { 14, 27, 256, 1, 26, 95, 14110 }, // U+0161
    { 22, 32, 348, 0, 24, 176, 14205 }, // U+0162
    { 13, 30, 216, 0, 22, 98, 14381 }, // U+0163
    { 22, 32, 348, 0, 32, 176, 14479 }, // U+0164
    { 16, 27, 216, 0, 26, 108, 14655 }, // U+0165
    { 22, 24, 348, 0, 24, 132, 14763 }, // U+0166
    { 13, 23, 216, 0, 22, 75, 14895 }, // U+0167
    { 25, 33, 398, 0, 32, 207, 14970 }, // U+0168
    { 22, 27, 356, 0, 26, 149, 15177 }, // U+0169
    { 25, 30, 398, 0, 29, 188, 15326 }, // U+016A
    { 22, 24, 356, 0, 23, 132, 15514 }, // U+016B
    { 25, 33, 398, 0, 32, 207, 15646 }, // U+016C
    { 22, 27, 356, 0, 26, 149, 15853 }, // U+016D
    { 25, 35, 398, 0, 34, 219, 16002 }, // U+016E
    { 22, 29, 356, 0, 28, 160, 16221 }, // U+016F
    { 25, 33, 398, 0, 32, 207, 16381 }, // U+0170
    { 22, 27, 356, 0, 26, 149, 16588 }, // U+0171
    { 25, 32, 404, 0, 24, 200, 16737 }, // U+0172
    { 22, 26, 356, 0, 18, 143, 16937 }, // U+0173
    { 36, 32, 569, 0, 32, 288, 17080 }, // U+0174
    { 30, 26, 456, -1, 26, 195, 17368 }, // U+0175
    { 24, 32, 370, 0, 32, 192, 17563 }, // U+0176
    { 20, 34, 309, 0, 26, 170, 17755 }, // U+0177
    { 24, 32, 370, 0, 32, 192, 17925 }, // U+0178
    { 20, 32, 356, 1, 32, 160, 18117 }, // U+0179
    { 17, 26, 282, 0, 26, 111, 18277 }, // U+017A
    { 20, 32, 356, 1, 32, 160, 18388 }, // U+017B
    { 17, 26, 282, 0, 26, 111, 18548 }, // U+017C
    { 20, 32, 356, 1, 32, 160, 18659 }, // U+017D
    { 17, 26, 282, 0, 26, 111, 18819 }, // U+017E
    { 16, 26, 209, 0, 26, 104, 18930 }, // U+017F
    { 28, 27, 450, 1, 26, 189, 0 }, // U+01A0
    { 22, 22, 357, 1, 21, 121, 189 }, // U+01A1
    { 29, 27, 455, 0, 26, 196, 310 }, // U+01AF
    { 26, 22, 415, 0, 21, 143, 506 }, // U+01B0
    { 47, 32, 765, 0, 32, 376, 649 }, // U+01C4
    { 43, 26, 692, 0, 26, 280, 1025 }, // U+01C5
    { 38, 27, 628, 1, 26, 257, 1305 }, // U+01C6
    { 35, 32, 545, 0, 24, 280, 1562 }, // U+01C7
    { 31, 34, 533, 0, 26, 264, 1842 }, // U+01C8
    { 21, 34, 372, 0, 26, 179, 2106 }, // U+01C9
    { 39, 32, 617, 0, 24, 312, 2285 }, // U+01CA
    { 35, 34, 605, 0, 26, 298, 2597 }, // U+01CB
    { 31, 34, 540, 0, 26, 264, 2895 }, // U+01CC
    { 26, 32, 402, 0, 32, 208, 3159 }, // U+01CD
    { 18, 27, 320, 1, 26, 122, 3367 }, // U+01CE
    { 13, 32, 214, 0, 32, 104, 3489 }, // U+01CF
    { 13, 26, 188, -1, 26, 85, 3593 }, // U+01D0
    { 24, 33, 420, 1, 32, 198, 3678 }, // U+01D1
    { 18, 27, 327, 1, 26, 122, 3876 }, // U+01D2
    { 25, 33, 398, 0, 32, 207, 3998 }, // U+01D3
    { 22, 27, 356, 0, 26, 149, 4205 }, // U+01D4
    { 25, 35, 398, 0, 34, 219, 4354 }, // U+01D5
    { 22, 30, 356, 0, 29, 165, 4573 }, // U+01D6
    { 25, 37, 398, 0, 36, 232, 4738 }, // U+01D7
    { 22, 31, 356, 0, 30, 171, 4970 }, // U+01D8
    { 25, 37, 398, 0, 36, 232, 5141 }, // U+01D9
    { 22, 31, 356, 0, 30, 171, 5373 }, // U+01DA
    { 25, 37, 398, 0, 36, 232, 5544 }, // U+01DB
    { 22, 31, 356, 0, 30, 171, 5776 }, // U+01DC
    { 17, 20, 305, 1, 19, 85, 5947 }, // U+01DD
    { 26, 34, 402, 0, 34, 221, 6032 }, // U+01DE
    { 18, 30, 320, 1, 29, 135, 6253 }, // U+01DF
    { 26, 34, 402, 0, 34, 221, 6388 }, // U+01E0
    { 18, 30, 320, 1, 29, 135, 6609 }, // U+01E1
    { 33, 29, 530, 0, 29, 240, 6744 }, // U+01E2
    { 27, 24, 467, 1, 23, 162, 6984 }, // U+01E3
    { 24, 26, 411, 1, 25, 156, 7146 }, // U+01E4
    { 20, 28, 299, 0, 20, 140, 7302 }, // U+01E5
    { 24, 33, 411, 1, 32, 198, 7442 }, // U+01E6
    { 19, 34, 299, 0, 26, 162, 7640 }, // U+01E7
    { 25, 32, 391, 0, 32, 200, 7802 }, // U+01E8
    { 22, 32, 340, 0, 32, 176, 8002 }, // U+01E9
    { 24, 33, 420, 1, 25, 198, 8178 }, // U+01EA
    { 18, 27, 327, 1, 19, 122, 8376 }, // U+01EB
    { 24, 37, 420, 1, 29, 222, 8498 }, // U+01EC
    { 18, 31, 327, 1, 23, 140, 8720 }, // U+01ED
    { 19, 33, 329, 1, 32, 157, 8860 }, // U+01EE
    { 18, 34, 298, 0, 26, 153, 9017 }, // U+01EF
    { 13, 34, 184, -1, 26, 111, 9170 }, // U+01F0
    { 47, 24, 765, 0, 24, 282, 9281 }, // U+01F1
    { 43, 24, 692, 0, 24, 258, 9563 }, // U+01F2
    { 38, 27, 628, 1, 26, 257, 9821 }, // U+01F3
    { 24, 33, 411, 1, 32, 198, 10078 }, // U+01F4
    { 19, 34, 299, 0, 26, 162, 10276 }, // U+01F5
    { 38, 25, 610, 0, 24, 238, 10438 }, // U+01F6
    { 23, 33, 389, 0, 25, 190, 10676 }, // U+01F7
    { 26, 32, 420, 0, 32, 208, 10866 }, // U+01F8
    { 22, 26, 356, 0, 26, 143, 11074 }, // U+01F9
    { 26, 32, 402, 0, 32, 208, 11217 }, // U+01FA
    { 18, 33, 320, 1, 32, 149, 11425 }, // U+01FB
    { 33, 32, 530, 0, 32, 264, 11574 }, // U+01FC
    { 27, 27, 467, 1, 26, 183, 11838 }, // U+01FD
    { 24, 34, 420, 1, 32, 204, 12021 }, // U+01FE
    { 18, 28, 327, 1, 26, 126, 12225 }, // U+01FF
    { 26, 32, 402, 0, 32, 208, 12351 }, // U+0200
    { 18, 27, 320, 1, 26, 122, 12559 }, // U+0201
    { 26, 32, 402, 0, 32, 208, 12681 }, // U+0202
    { 18, 27, 320, 1, 26, 122, 12889 }, // U+0203
    { 21, 32, 348, 0, 32, 168, 13011 }, // U+0204
    { 17, 27, 305, 1, 26, 115, 13179 }, // U+0205
    { 21, 32, 348, 0, 32, 168, 13294 }, // U+0206
    { 17, 27, 305, 1, 26, 115, 13462 }, // U+0207
    { 16, 32, 214, -3, 32, 128, 13577 }, // U+0208
    { 16, 26, 188, -4, 26, 104, 13705 }, // U+0209
    { 13, 32, 214, 0, 32, 104, 13809 }, // U+020A
    { 12, 26, 188, 0, 26, 78, 13913 }, // U+020B
    { 24, 33, 420, 1, 32, 198, 13991 }, // U+020C
    { 18, 27, 327, 1, 26, 122, 14189 }, // U+020D
    { 24, 33, 420, 1, 32, 198, 14311 }, // U+020E
    { 18, 27, 327, 1, 26, 122, 14509 }, // U+020F
    { 24, 32, 378, 0, 32, 192, 14631 }, // U+0210
    { 17, 26, 279, 0, 26, 111, 14823 }, // U+0211
    { 24, 32, 378, 0, 32, 192, 14934 }, // U+0212
    { 17, 26, 279, 0, 26, 111, 15126 }, // U+0213
    { 25, 33, 398, 0, 32, 207, 15237 }, // U+0214
    { 22, 27, 356, 0, 26, 149, 15444 }, // U+0215
    { 25, 33, 398, 0, 32, 207, 15593 }, // U+0216
    { 22, 27, 356, 0, 26, 149, 15800 }, // U+0217
    { 18, 33, 309, 1, 25, 149, 15949 }, // U+0218
    { 14, 27, 256, 1, 19, 95, 16098 }, // U+0219
    { 22, 32, 348, 0, 24, 176, 16193 }, // U+021A
    { 13, 30, 216, 0, 22, 98, 16369 }, // U+021B
    { 19, 31, 328, 1, 25, 148, 16467 }, // U+021C
    { 16, 27, 288, 1, 19, 108, 16615 }, // U+021D
    { 27, 32, 437, 0, 32, 216, 16723 }, // U+021E
    { 22, 32, 356, 0, 32, 176, 16939 }, // U+021F
    { 10, 6, 0, -16, 26, 15, 0 }, // U+0300
    { 9, 6, 0, -11, 26, 14, 15 }, // U+0301
    { 13, 6, 0, -16, 26, 20, 29 }, // U+0302
    { 14, 6, 0, -18, 26, 21, 49 }, // U+0303
    { 10, 3, 0, -5, 23, 8, 70 }, // U+0304
    { 16, 3, 0, -8, 28, 12, 78 }, // U+0305
    { 12, 6, 0, -6, 26, 18, 90 }, // U+0306
    { 6, 6, 0, -3, 26, 9, 108 }, // U+0307
    { 12, 6, 0, -6, 26, 18, 117 }, // U+0308
    { 8, 9, 0, -14, 28, 18, 135 }, // U+0309
    { 8, 9, 0, -4, 28, 18, 153 }, // U+030A
    { 14, 6, 0, -7, 26, 21, 171 }, // U+030B
    { 13, 6, 0, -17, 26, 20, 192 }, // U+030C
    { 4, 7, 0, -2, 26, 7, 212 }, // U+030D
    { 8, 7, 0, -4, 26, 14, 219 }, // U+030E
    { 14, 6, 0, -19, 26, 21, 233 }, // U+030F
    { 12, 10, 0, -6, 30, 30, 254 }, // U+0310
    { 12, 6, 0, -6, 26, 18, 284 }, // U+0311
    { 7, 11, 0, -3, 24, 20, 302 }, // U+0312
    { 7, 11, 0, -3, 24, 20, 322 }, // U+0313
    { 6, 11, 0, -3, 24, 17, 342 }, // U+0314
    { 6, 11, 0, -3, 24, 17, 359 }, // U+0315
    { 10, 6, 0, -5, -2, 15, 376 }, // U+0316
    { 10, 6, 0, -5, -2, 15, 391 }, // U+0317
    { 6, 7, 0, -3, -1, 11, 406 }, // U+0318
    { 6, 7, 0, -3, -1, 11, 417 }, // U+0319
    { 10, 10, 197, 0, 26, 25, 428 }, // U+031A
    { 6, 9, 0, -3, 26, 14, 453 }, // U+031B
    { 4, 8, 0, -2, 0, 8, 467 }, // U+031C
    { 8, 6, 0, -4, -1, 12, 475 }, // U+031D
    { 8, 6, 0, -4, -1, 12, 487 }, // U+031E
    { 8, 7, 0, -4, -1, 14, 499 }, // U+031F
    { 8, 2, 0, -4, -3, 4, 513 }, // U+0320
    { 8, 9, 0, -4, 2, 18, 517 }, // U+0321
    { 8, 9, 0, -4, 2, 18, 535 }, // U+0322
    { 6, 6, 0, -13, -1, 9, 553 }, // U+0323
    { 12, 6, 0, -6, -1, 18, 562 }, // U+0324
    { 8, 8, 0, -4, 0, 16, 580 }, // U+0325
    { 6, 6, 0, -3, -2, 9, 596 }, // U+0326
    { 8, 9, 0, -4, 1, 18, 605 }, // U+0327
    { 8, 8, 0, -4, 0, 16, 623 }, // U+0328
    { 4, 7, 0, -2, -1, 7, 639 }, // U+0329
    { 12, 6, 0, -6, -2, 18, 646 }, // U+032A
    { 12, 5, 0, -6, -2, 15, 664 }, // U+032B
    { 12, 7, 0, -6, -1, 21, 679 }, // U+032C
    { 12, 7, 0, -6, -1, 21, 700 }, // U+032D
    { 12, 7, 0, -6, -1, 21, 721 }, // U+032E
    { 12, 7, 0, -6, -1, 21, 742 }, // U+032F
    { 14, 7, 0, -7, -1, 25, 763 }, // U+0330
    { 10, 3, 0, -5, -3, 8, 788 }, // U+0331
    { 14, 3, 0, -7, -3, 11, 796 }, // U+0332
    { 14, 7, 0, -7, -1, 25, 807 }, // U+0333
    { 14, 6, 0, -7, 13, 21, 832 }, // U+0334
    { 14, 3, 0, -7, 11, 11, 853 }, // U+0335
    { 22, 3, 0, -11, 11, 17, 864 }, // U+0336
    { 14, 9, 0, -7, 14, 32, 881 }, // U+0337
    { 14, 29, 0, -7, 26, 102, 913 }, // U+0338
    { 4, 8, 0, -2, 0, 8, 1015 }, // U+0339
    { 12, 6, 0, -6, -2, 18, 1023 }, // U+033A
    { 14, 7, 0, -7, -1, 25, 1041 }, // U+033B
    { 12, 5, 0, -6, -2, 15, 1066 }, // U+033C
    { 8, 7, 0, -4, 26, 14, 1081 }, // U+033D
    { 6, 11, 0, -3, 30, 17, 1095 }, // U+033E
    { 14, 7, 0, -7, 32, 25, 1112 }, // U+033F
    { 10, 6, 0, -6, 26, 15, 1137 }, // U+0340
    { 10, 6, 0, -4, 26, 15, 1152 }, // U+0341
    { 14, 6, 0, -7, 26, 21, 1167 }, // U+0342
    { 6, 7, 0, -3, 27, 11, 1188 }, // U+0343
    { 14, 8, 0, -7, 27, 28, 1199 }, // U+0344
    { 7, 6, 0, 2, -2, 11, 1227 }, // U+0345
    { 12, 6, 0, -6, 26, 18, 1238 }, // U+0346
    { 14, 7, 0, -7, -1, 25, 1256 }, // U+0347
    { 8, 7, 0, -4, -2, 14, 1281 }, // U+0348
    { 6, 6, 0, -3, -2, 9, 1295 }, // U+0349
    { 14, 9, 0, -7, 27, 32, 1304 }, // U+034A
    { 14, 14, 0, -7, 33, 49, 1336 }, // U+034B
    { 14, 12, 0, -7, 31, 42, 1385 }, // U+034C
    { 10, 7, 0, -5, -1, 18, 1427 }, // U+034D
    { 8, 8, 0, -4, 0, 16, 1445 }, // U+034E
    { 24, 24, 0, -12, 24, 144, 1461 }, // U+034F
    { 8, 8, 0, -4, 26, 16, 1605 }, // U+0350
    { 4, 9, 0, -2, 28, 9, 1621 }, // U+0351
    { 12, 10, 0, -6, 29, 30, 1630 }, // U+0352
    { 8, 7, 0, -4, -1, 14, 1660 }, // U+0353
    { 8, 8, 0, -4, -1, 16, 1674 }, // U+0354
    { 8, 8, 0, -4, -1, 16, 1690 }, // U+0355
    { 14, 7, 0, -7, -1, 25, 1706 }, // U+0356
    { 4, 9, 0, -2, 28, 9, 1731 }, // U+0357
    { 7, 6, 0, 2, 26, 11, 1740 }, // U+0358
    { 10, 7, 0, -5, -1, 18, 1751 }, // U+0359
    { 12, 7, 0, -6, -1, 21, 1769 }, // U+035A
    { 8, 8, 0, -4, 27, 16, 1790 }, // U+035B
    { 26, 7, 0, -13, -1, 46, 1806 }, // U+035C
    { 26, 7, 0, -13, 26, 46, 1852 }, // U+035D
    { 20, 3, 0, -10, 23, 15, 1898 }, // U+035E
    { 20, 3, 0, -10, -2, 15, 1913 }, // U+035F
    { 28, 6, 0, -14, 26, 42, 1928 }, // U+0360
    { 28, 7, 0, -14, 28, 49, 1970 }, // U+0361
    { 20, 7, 0, -10, -1, 35, 2019 }, // U+0362
    { 9, 8, 0, -4, 28, 18, 2054 }, // U+0363
    { 8, 8, 0, -4, 28, 16, 2072 }, // U+0364
    { 6, 11, 0, -3, 31, 17, 2088 }, // U+0365
    { 9, 8, 0, -4, 28, 18, 2105 }, // U+0366
    { 10, 8, 0, -5, 28, 20, 2123 }, // U+0367
    { 7, 8, 0, -3, 28, 14, 2143 }, // U+0368
    { 9, 11, 0, -4, 31, 25, 2157 }, // U+0369
    { 10, 11, 0, -5, 31, 28, 2182 }, // U+036A
    { 15, 8, 0, -7, 28, 30, 2210 }, // U+036B
    { 9, 8, 0, -4, 28, 18, 2240 }, // U+036C
    { 7, 10, 0, -3, 30, 18, 2258 }, // U+036D
    { 10, 8, 0, -5, 28, 20, 2276 }, // U+036E
    { 11, 8, 0, -5, 28, 22, 2296 }, // U+036F
    { 21, 32, 348, 0, 32, 168, 0 }, // U+0400
    { 21, 31, 348, 0, 31, 163, 168 }, // U+0401
    { 27, 24, 439, 0, 24, 162, 331 }, // U+0402
    { 19, 32, 318, 1, 32, 152, 493 }, // U+0403
    { 20, 26, 351, 1, 25, 130, 645 }, // U+0404
    { 18, 26, 310, 1, 25, 117, 775 }, // U+0405
    { 12, 24, 210, 1, 24, 72, 892 }, // U+0406
    { 12, 31, 210, 1, 31, 93, 964 }, // U+0407
    { 14, 32, 211, -1, 24, 112, 1057 }, // U+0408
    { 32, 25, 519, 0, 24, 200, 1169 }, // U+0409
    { 34, 24, 551, 0, 24, 204, 1369 }, // U+040A
    { 29, 24, 474, 0, 24, 174, 1573 }, // U+040B
    { 25, 32, 389, 0, 32, 200, 1747 }, // U+040C
    { 26, 32, 439, 1, 32, 208, 1947 }, // U+040D
    { 24, 33, 373, 0, 32, 198, 2155 }, // U+040E
    { 25, 31, 429, 1, 24, 194, 2353 }, // U+040F
    { 25, 24, 399, 0, 24, 150, 2547 }, // U+0410
    { 21, 24, 340, 0, 24, 126, 2697 }, // U+0411
    { 21, 24, 370, 1, 24, 126, 2823 }, // U+0412
    { 19, 24, 318, 1, 24, 114, 2949 }, // U+0413
    { 25, 31, 401, 0, 24, 194, 3063 }, // U+0414
    { 21, 24, 348, 0, 24, 126, 3257 }, // U+0415
    { 35, 24, 552, 0, 24, 210, 3383 }, // U+0416
    { 19, 26, 331, 1, 25, 124, 3593 }, // U+0417
    { 26, 24, 439, 1, 24, 156, 3717 }, // U+0418
    { 26, 32, 439, 1, 32, 208, 3873 }, // U+0419
    { 25, 24, 389, 0, 24, 150, 4081 }, // U+041A
    { 25, 25, 400, 0, 24, 157, 4231 }, // U+041B
    { 32, 24, 517, 0, 24, 192, 4388 }, // U+041C
    { 26, 24, 434, 1, 24, 156, 4580 }, // U+041D
    { 24, 26, 412, 1, 25, 156, 4736 }, // U+041E
    { 25, 24, 429, 1, 24, 150, 4892 }, // U+041F
    { 21, 24, 340, 0, 24, 126, 5042 }, // U+0420
    { 20, 26, 351, 1, 25, 130, 5168 }, // U+0421
    { 22, 24, 358, 0, 24, 132, 5298 }, // U+0422
    { 24, 25, 373, 0, 24, 150, 5430 }, // U+0423
    { 30, 26, 503, 1, 25, 195, 5580 }, // U+0424
    { 25, 24, 390, 0, 24, 150, 5775 }, // U+0425
    { 25, 31, 430, 1, 24, 194, 5925 }, // U+0426
    { 26, 24, 419, 0, 24, 156, 6119 }, // U+0427
    { 38, 24, 608, 0, 24, 228, 6275 }, // U+0428
    { 38, 31, 611, 0, 24, 295, 6503 }, // U+0429
    { 24, 24, 394, 0, 24, 144, 6798 }, // U+042A
    { 32, 24, 525, 0, 24, 192, 6942 }, // U+042B
    { 21, 24, 340, 0, 24, 126, 7134 }, // U+042C
    { 20, 26, 351, 1, 25, 130, 7260 }, // U+042D
    { 35, 26, 575, 0, 25, 228, 7390 }, // U+042E
    { 24, 24, 373, -1, 24, 144, 7618 }, // U+042F
    { 18, 20, 316, 1, 19, 90, 7762 }, // U+0430
    { 18, 27, 323, 1, 26, 122, 7852 }, // U+0431
    { 20, 18, 323, 0, 18, 90, 7974 }, // U+0432
    { 17, 18, 268, 0, 18, 77, 8064 }, // U+0433
    { 21, 24, 333, 0, 18, 126, 8141 }, // U+0434
    { 17, 20, 301, 1, 19, 85, 8267 }, // U+0435
    { 30, 18, 471, 0, 18, 135, 8352 }, // U+0436
    { 15, 20, 270, 1, 19, 75, 8487 }, // U+0437
    { 23, 18, 362, 0, 18, 104, 8562 }, // U+0438
    { 23, 26, 362, 0, 26, 150, 8666 }, // U+0439
    { 21, 18, 331, 0, 18, 95, 8816 }, // U+043A
    { 21, 19, 333, 0, 18, 100, 8911 }, // U+043B
    { 28, 18, 454, 0, 18, 126, 9011 }, // U+043C
    { 22, 18, 359, 0, 18, 99, 9137 }, // U+043D
    { 18, 20, 323, 1, 19, 90, 9236 }, // U+043E
    { 22, 18, 354, 0, 18, 99, 9326 }, // U+043F
    { 21, 27, 344, 0, 19, 142, 9425 }, // U+0440
    { 16, 20, 279, 1, 19, 80, 9567 }, // U+0441
    { 19, 18, 296, 0, 18, 86, 9647 }, // U+0442
    { 21, 27, 323, 0, 18, 142, 9733 }, // U+0443
    { 25, 34, 432, 1, 26, 213, 9875 }, // U+0444
    { 22, 18, 346, 0, 18, 99, 10088 }, // U+0445
    { 22, 24, 357, 0, 18, 132, 10187 }, // U+0446
    { 22, 18, 352, 0, 18, 99, 10319 }, // U+0447
    { 31, 18, 506, 0, 18, 140, 10418 }, // U+0448
    { 32, 24, 508, 0, 18, 192, 10558 }, // U+0449
    { 22, 18, 354, 0, 18, 99, 10750 }, // U+044A
    { 29, 18, 467, 0, 18, 131, 10849 }, // U+044B
    { 19, 18, 304, 0, 18, 86, 10980 }, // U+044C
    { 16, 20, 279, 1, 19, 80, 11066 }, // U+044D
    { 28, 20, 460, 0, 19, 140, 11146 }, // U+044E
    { 20, 18, 325, 0, 18, 90, 11286 }, // U+044F
    { 17, 27, 301, 1, 26, 115, 11376 }, // U+0450
    { 17, 27, 301, 1, 26, 115, 11491 }, // U+0451
    { 20, 34, 336, 0, 26, 170, 11606 }, // U+0452
    { 17, 26, 269, 0, 26, 111, 11776 }, // U+0453
    { 16, 20, 279, 1, 19, 80, 11887 }, // U+0454
    { 14, 20, 256, 1, 19, 70, 11967 }, // U+0455
    { 12, 26, 188, 0, 26, 78, 12037 }, // U+0456
    { 12, 26, 188, 0, 26, 78, 12115 }, // U+0457
    { 10, 34, 177, -1, 26, 85, 12193 }, // U+0458
    { 28, 19, 445, 0, 18, 133, 12278 }, // U+0459
    { 29, 18, 471, 0, 18, 131, 12411 }, // U+045A
    { 22, 26, 352, 0, 26, 143, 12542 }, // U+045B
    { 21, 26, 334, 0, 26, 137, 12685 }, // U+045C
    { 23, 26, 362, 0, 26, 150, 12822 }, // U+045D
    { 21, 35, 323, 0, 26, 184, 12972 }, // U+045E
    { 22, 24, 354, 0, 18, 132, 13156 }, // U+045F
    { 33, 25, 548, 0, 25, 207, 13288 }, // U+0460
    { 29, 19, 479, 0, 19, 138, 13495 }, // U+0461
    { 24, 24, 382, 0, 24, 144, 13633 }, // U+0462
    { 20, 26, 322, 0, 26, 130, 13777 }, // U+0463
    { 34, 26, 550, 0, 25, 221, 13907 }, // U+0464
    { 28, 20, 457, 0, 19, 140, 14128 }, // U+0465
    { 27, 24, 423, 0, 24, 162, 14268 }, // U+0466
    { 23, 18, 356, 0, 18, 104, 14430 }, // U+0467
    { 39, 24, 623, 0, 24, 234, 14534 }, // U+0468
    { 32, 18, 511, 0, 18, 144, 14768 }, // U+0469
    { 31, 24, 491, 0, 24, 186, 14912 }, // U+046A
    { 27, 18, 424, 0, 18, 122, 15098 }, // U+046B
    { 44, 24, 693, 0, 24, 264, 15220 }, // U+046C
    { 37, 18, 584, 0, 18, 167, 15484 }, // U+046D
    { 19, 37, 329, 1, 29, 176, 15651 }, // U+046E
    { 16, 31, 282, 1, 23, 124, 15827 }, // U+046F
    { 32, 24, 521, 0, 24, 192, 15951 }, // U+0470
    { 22, 34, 378, 0, 26, 187, 16143 }, // U+0471
    { 24, 26, 420, 1, 25, 156, 16330 }, // U+0472
    { 19, 20, 331, 1, 19, 95, 16486 }, // U+0473
    { 26, 24, 396, 0, 24, 156, 16581 }, // U+0474
    { 22, 19, 341, 0, 19, 105, 16737 }, // U+0475
    { 26, 32, 396, 0, 32, 208, 16842 }, // U+0476
    { 22, 26, 342, 0, 26, 143, 17050 }, // U+0477
    { 43, 33, 695, 1, 25, 355, 17193 }, // U+0478
    { 37, 27, 600, 1, 19, 250, 17548 }, // U+0479
    { 25, 29, 441, 1, 26, 182, 17798 }, // U+047A
    { 19, 22, 343, 1, 20, 105, 17980 }, // U+047B
    { 35, 37, 599, 1, 36, 324, 18085 }, // U+047C
    { 30, 32, 514, 1, 31, 240, 18409 }, // U+047D
    { 33, 30, 548, 0, 30, 248, 18649 }, // U+047E
    { 29, 24, 479, 0, 24, 174, 18897 }, // U+047F
    { 20, 33, 357, 1, 25, 165, 19071 }, // U+0480
    { 16, 27, 281, 1, 19, 108, 19236 }, // U+0481
    { 18, 22, 325, 1, 21, 99, 19344 }, // U+0482
    { 14, 7, 0, -7, 25, 25, 19443 }, // U+0483
    { 14, 6, 0, -7, 26, 21, 19468 }, // U+0484
    { 4, 6, 0, -2, 26, 6, 19489 }, // U+0485
    { 4, 6, 0, -2, 26, 6, 19495 }, // U+0486
    { 14, 5, 0, -7, 30, 18, 19501 }, // U+0487
    { 42, 38, 0, -21, 28, 399, 19519 }, // U+0488
    { 40, 40, 0, -20, 29, 400, 19918 }, // U+0489
    { 27, 38, 440, 1, 31, 257, 20318 }, // U+048A
    { 23, 33, 362, 0, 26, 190, 20575 }, // U+048B
    { 21, 26, 340, 0, 26, 137, 20765 }, // U+048C
    { 20, 22, 322, 0, 22, 110, 20902 }, // U+048D
    { 21, 24, 340, 0, 24, 126, 21012 }, // U+048E
    { 20, 27, 344, 0, 19, 135, 21138 }, // U+048F
    { 18, 29, 292, 0, 29, 131, 21273 }, // U+0490
    { 15, 23, 244, 0, 23, 87, 21404 }, // U+0491
    { 20, 24, 315, 0, 24, 120, 21491 }, // U+0492
    { 17, 18, 271, 0, 18, 77, 21611 }, // U+0493
    { 23, 33, 383, 0, 24, 190, 21688 }, // U+0494
    { 20, 26, 328, 0, 18, 130, 21878 }, // U+0495
    { 36, 31, 577, 0, 24, 279, 22008 }, // U+0496
    { 32, 26, 511, 0, 19, 208, 22287 }, // U+0497
    { 19, 33, 329, 1, 25, 157, 22495 }, // U+0498
    { 16, 27, 282, 1, 19, 108, 22652 }, // U+0499
    { 25, 31, 403, 0, 24, 194, 22760 }, // U+049A
    { 22, 26, 354, 0, 19, 143, 22954 }, // U+049B
    { 26, 24, 403, 0, 24, 156, 23097 }, // U+049C
    { 23, 19, 358, 0, 19, 110, 23253 }, // U+049D
    { 24, 24, 384, 0, 24, 144, 23363 }, // U+049E
    { 22, 26, 342, 0, 26, 143, 23507 }, // U+049F
    { 28, 24, 443, 0, 24, 168, 23650 }, // U+04A0
    { 26, 19, 410, 0, 19, 124, 23818 }, // U+04A1
    { 27, 31, 437, 0, 24, 210, 23942 }, // U+04A2
    { 23, 25, 368, 0, 18, 144, 24152 }, // U+04A3
    { 31, 24, 495, 0, 24, 186, 24296 }, // U+04A4
    { 27, 18, 436, 0, 18, 122, 24482 }, // U+04A5
    { 37, 33, 601, 0, 24, 306, 24604 }, // U+04A6
    { 31, 26, 498, 0, 18, 202, 24910 }, // U+04A7
    { 27, 27, 452, 1, 25, 183, 25112 }, // U+04A8
    { 22, 20, 381, 1, 19, 110, 25295 }, // U+04A9
    { 20, 33, 357, 1, 25, 165, 25405 }, // U+04AA
    { 16, 27, 281, 1, 19, 108, 25570 }, // U+04AB
    { 22, 31, 348, 0, 24, 171, 25678 }, // U+04AC
    { 19, 25, 302, 0, 18, 119, 25849 }, // U+04AD
    { 24, 24, 370, 0, 24, 144, 25968 }, // U+04AE
    { 21, 26, 323, 0, 18, 137, 26112 }, // U+04AF
    { 24, 24, 370, 0, 24, 144, 26249 }, // U+04B0
    { 21, 26, 323, 0, 18, 137, 26393 }, // U+04B1
    { 25, 31, 402, 0, 24, 194, 26530 }, // U+04B2
    { 22, 25, 344, 0, 18, 138, 26724 }, // U+04B3
    { 33, 31, 529, 0, 24, 256, 26862 }, // U+04B4
    { 29, 25, 463, 0, 18, 182, 27118 }, // U+04B5
    { 26, 31, 416, 0, 24, 202, 27300 }, // U+04B6
    { 23, 25, 363, 0, 18, 144, 27502 }, // U+04B7
    { 26, 24, 417, 0, 24, 156, 27646 }, // U+04B8
    { 22, 18, 352, 0, 18, 99, 27802 }, // U+04B9
    { 26, 24, 416, 0, 24, 156, 27901 }, // U+04BA
    { 22, 26, 356, 0, 26, 143, 28057 }, // U+04BB
    { 27, 26, 456, 0, 25, 176, 28200 }, // U+04BC
    { 23, 20, 376, 0, 19, 115, 28376 }, // U+04BD
    { 27, 32, 456, 0, 25, 216, 28491 }, // U+04BE
    { 23, 26, 375, 0, 19, 150, 28707 }, // U+04BF
    { 13, 24, 214, 0, 24, 78, 28857 }, // U+04C0
    { 35, 32, 552, 0, 32, 280, 28935 }, // U+04C1
    { 30, 26, 471, 0, 26, 195, 29215 }, // U+04C2
    { 24, 33, 388, 0, 24, 198, 29410 }, // U+04C3
    { 21, 27, 352, 0, 19, 142, 29608 }, // U+04C4
    { 25, 31, 400, 0, 24, 194, 29750 }, // U+04C5
    { 21, 25, 333, 0, 18, 132, 29944 }, // U+04C6
    { 27, 33, 437, 0, 24, 223, 30076 }, // U+04C7
    { 23, 27, 368, 0, 18, 156, 30299 }, // U+04C8
    { 27, 31, 437, 0, 24, 210, 30455 }, // U+04C9
    { 23, 25, 359, 0, 18, 144, 30665 }, // U+04CA
    { 26, 31, 416, 0, 24, 202, 30809 }, // U+04CB
    { 23, 25, 363, 0, 18, 144, 31011 }, // U+04CC
    { 32, 31, 517, 0, 24, 248, 31155 }, // U+04CD
    { 29, 25, 454, 0, 18, 182, 31403 }, // U+04CE
    { 13, 24, 214, 0, 24, 78, 31585 }, // U+04CF
    { 26, 32, 402, 0, 32, 208, 31663 }, // U+04D0
    { 18, 27, 320, 1, 26, 122, 31871 }, // U+04D1
    { 26, 32, 402, 0, 32, 208, 31993 }, // U+04D2
    { 18, 27, 320, 1, 26, 122, 32201 }, // U+04D3
    { 33, 24, 530, 0, 24, 198, 32323 }, // U+04D4
    { 27, 20, 467, 1, 19, 135, 32521 }, // U+04D5
    { 21, 32, 348, 0, 32, 168, 32656 }, // U+04D6
    { 17, 27, 305, 1, 26, 115, 32824 }, // U+04D7
    { 22, 26, 388, 1, 25, 143, 32939 }, // U+04D8
    { 17, 20, 305, 1, 19, 85, 33082 }, // U+04D9
    { 22, 33, 388, 1, 32, 182, 33167 }, // U+04DA
    { 17, 27, 305, 1, 26, 115, 33349 }, // U+04DB
    { 35, 32, 552, 0, 32, 280, 33464 }, // U+04DC
    { 30, 26, 471, 0, 26, 195, 33744 }, // U+04DD
    { 19, 33, 334, 1, 32, 157, 33939 }, // U+04DE
    { 15, 27, 270, 1, 26, 102, 34096 }, // U+04DF
    { 19, 25, 329, 1, 24, 119, 34198 }, // U+04E0
    { 18, 26, 298, 0, 18, 117, 34317 }, // U+04E1
    { 26, 29, 439, 1, 29, 189, 34434 }, // U+04E2
    { 23, 23, 362, 0, 23, 133, 34623 }, // U+04E3
    { 26, 32, 439, 1, 32, 208, 34756 }, // U+04E4
    { 23, 26, 362, 0, 26, 150, 34964 }, // U+04E5
    { 24, 33, 420, 1, 32, 198, 35114 }, // U+04E6
    { 18, 27, 327, 1, 26, 122, 35312 }, // U+04E7
    { 24, 26, 420, 1, 25, 156, 35434 }, // U+04E8
    { 18, 20, 327, 1, 19, 90, 35590 }, // U+04E9
    { 24, 33, 420, 1, 32, 198, 35680 }, // U+04EA
    { 18, 27, 327, 1, 26, 122, 35878 }, // U+04EB
    { 20, 33, 351, 1, 32, 165, 36000 }, // U+04EC
    { 16, 27, 279, 1, 26, 108, 36165 }, // U+04ED
    { 24, 30, 373, 0, 29, 180, 36273 }, // U+04EE
    { 20, 31, 309, 0, 23, 155, 36453 }, // U+04EF
    { 24, 33, 373, 0, 32, 198, 36608 }, // U+04F0
    { 20, 34, 309, 0, 26, 170, 36806 }, // U+04F1
    { 24, 33, 373, 0, 32, 198, 36976 }, // U+04F2
    { 20, 34, 309, 0, 26, 170, 37174 }, // U+04F3
    { 26, 32, 417, 0, 32, 208, 37344 }, // U+04F4
    { 22, 26, 352, 0, 26, 143, 37552 }, // U+04F5
    { 20, 31, 315, 0, 24, 155, 37695 }, // U+04F6
    { 17, 25, 271, 0, 18, 107, 37850 }, // U+04F7
    { 32, 32, 525, 0, 32, 256, 37957 }, // U+04F8
    { 29, 26, 467, 0, 26, 189, 38213 }, // U+04F9
    { 20, 31, 315, 0, 24, 155, 38402 }, // U+04FA
    { 17, 25, 271, 0, 18, 107, 38557 }, // U+04FB
    { 25, 31, 391, 0, 24, 194, 38664 }, // U+04FC
    { 22, 25, 344, 0, 18, 138, 38858 }, // U+04FD
    { 25, 24, 390, 0, 24, 150, 38996 }, // U+04FE
    { 22, 18, 344, 0, 18, 99, 39146 }, // U+04FF
    { 26, 31, 402, 0, 24, 202, 0 }, // U+1EA0
    { 18, 26, 320, 1, 19, 117, 202 }, // U+1EA1
    { 26, 33, 402, 0, 33, 215, 319 }, // U+1EA2
    { 18, 29, 320, 1, 28, 131, 534 }, // U+1EA3
    { 26, 33, 402, 0, 33, 215, 665 }, // U+1EA4
    { 19, 29, 320, 1, 28, 138, 880 }, // U+1EA5
    { 26, 33, 402, 0, 33, 215, 1018 }, // U+1EA6
    { 19, 29, 320, 0, 28, 138, 1233 }, // U+1EA7
    { 26, 35, 402, 0, 35, 228, 1371 }, // U+1EA8
    { 18, 30, 320, 1, 29, 135, 1599 }, // U+1EA9
    { 26, 36, 402, 0, 36, 234, 1734 }, // U+1EAA
    { 18, 31, 320, 1, 30, 140, 1968 }, // U+1EAB
    { 26, 39, 402, 0, 32, 254, 2108 }, // U+1EAC
    { 18, 33, 320, 1, 26, 149, 2362 }, // U+1EAD
    { 26, 34, 402, 0, 34, 221, 2511 }, // U+1EAE
    { 18, 30, 320, 1, 29, 135, 2732 }, // U+1EAF
    { 26, 34, 402, 0, 34, 221, 2867 }, // U+1EB0
    { 18, 30, 320, 1, 29, 135, 3088 }, // U+1EB1
    { 26, 35, 402, 0, 35, 228, 3223 }, // U+1EB2
    { 18, 31, 320, 1, 30, 140, 3451 }, // U+1EB3
    { 26, 36, 402, 0, 36, 234, 3591 }, // U+1EB4
    { 18, 31, 320, 1, 30, 140, 3825 }, // U+1EB5
    { 26, 39, 402, 0, 32, 254, 3965 }, // U+1EB6
    { 18, 33, 320, 1, 26, 149, 4219 }, // U+1EB7
    { 21, 31, 348, 0, 24, 163, 4368 }, // U+1EB8
    { 17, 26, 305, 1, 19, 111, 4531 }, // U+1EB9
    { 21, 33, 348, 0, 33, 174, 4642 }, // U+1EBA
    { 17, 29, 305, 1, 28, 124, 4816 }, // U+1EBB
    { 21, 32, 348, 0, 32, 168, 4940 }, // U+1EBC
    { 17, 27, 305, 1, 26, 115, 5108 }, // U+1EBD
    { 21, 33, 348, 0, 33, 174, 5223 }, // U+1EBE
    { 19, 29, 305, 1, 28, 138, 5397 }, // U+1EBF
    { 21, 33, 348, 0, 33, 174, 5535 }, // U+1EC0
    { 18, 29, 305, 0, 28, 131, 5709 }, // U+1EC1
    { 21, 35, 348, 0, 35, 184, 5840 }, // U+1EC2
    { 18, 30, 305, 1, 29, 135, 6024 }, // U+1EC3
    { 21, 36, 348, 0, 36, 189, 6159 }, // U+1EC4
    { 17, 31, 305, 1, 30, 132, 6348 }, // U+1EC5
    { 21, 39, 348, 0, 32, 205, 6480 }, // U+1EC6
    { 17, 33, 305, 1, 26, 141, 6685 }, // U+1EC7
    { 13, 33, 214, 0, 33, 108, 6826 }, // U+1EC8
    { 12, 28, 188, 0, 28, 84, 6934 }, // U+1EC9
    { 13, 31, 214, 0, 24, 101, 7018 }, // U+1ECA
    { 12, 33, 188, 0, 26, 99, 7119 }, // U+1ECB
    { 24, 32, 420, 1, 25, 192, 7218 }, // U+1ECC
    { 18, 26, 327, 1, 19, 117, 7410 }, // U+1ECD
    { 24, 34, 420, 1, 33, 204, 7527 }, // U+1ECE
    { 18, 29, 327, 1, 28, 131, 7731 }, // U+1ECF
    { 24, 34, 420, 1, 33, 204, 7862 }, // U+1ED0
    { 19, 29, 327, 1, 28, 138, 8066 }, // U+1ED1
    { 24, 34, 420, 1, 33, 204, 8204 }, // U+1ED2
    { 18, 29, 327, 1, 28, 131, 8408 }, // U+1ED3
    { 24, 36, 420, 1, 35, 216, 8539 }, // U+1ED4
    { 18, 30, 327, 1, 29, 135, 8755 }, // U+1ED5
    { 24, 37, 420, 1, 36, 222, 8890 }, // U+1ED6
    { 18, 31, 327, 1, 30, 140, 9112 }, // U+1ED7
    { 24, 39, 420, 1, 32, 234, 9252 }, // U+1ED8
    { 18, 33, 327, 1, 26, 149, 9486 }, // U+1ED9
    { 28, 33, 450, 1, 32, 231, 9635 }, // U+1EDA
    { 22, 27, 357, 1, 26, 149, 9866 }, // U+1EDB
    { 28, 33, 450, 1, 32, 231, 10015 }, // U+1EDC
    { 22, 27, 357, 1, 26, 149, 10246 }, // U+1EDD
    { 28, 34, 450, 1, 33, 238, 10395 }, // U+1EDE
    { 22, 29, 357, 1, 28, 160, 10633 }, // U+1EDF
    { 28, 33, 450, 1, 32, 231, 10793 }, // U+1EE0
    { 22, 27, 357, 1, 26, 149, 11024 }, // U+1EE1
    { 28, 33, 450, 1, 26, 231, 11173 }, // U+1EE2
    { 22, 28, 357, 1, 21, 154, 11404 }, // U+1EE3
    { 25, 31, 398, 0, 24, 194, 11558 }, // U+1EE4
    { 22, 25, 356, 0, 18, 138, 11752 }, // U+1EE5
    { 25, 34, 398, 0, 33, 213, 11890 }, // U+1EE6
    { 22, 29, 356, 0, 28, 160, 12103 }, // U+1EE7
    { 29, 33, 455, 0, 32, 240, 12263 }, // U+1EE8
    { 26, 27, 415, 0, 26, 176, 12503 }, // U+1EE9
    { 29, 33, 455, 0, 32, 240, 12679 }, // U+1EEA
    { 26, 27, 415, 0, 26, 176, 12919 }, // U+1EEB
    { 29, 34, 455, 0, 33, 247, 13095 }, // U+1EEC
    { 26, 29, 415, 0, 28, 189, 13342 }, // U+1EED
    { 29, 33, 455, 0, 32, 240, 13531 }, // U+1EEE
    { 26, 27, 415, 0, 26, 176, 13771 }, // U+1EEF
    { 29, 33, 455, 0, 26, 240, 13947 }, // U+1EF0
    { 26, 28, 415, 0, 21, 182, 14187 }, // U+1EF1
    { 24, 32, 370, 0, 32, 192, 14369 }, // U+1EF2
    { 20, 34, 309, 0, 26, 170, 14561 }, // U+1EF3
    { 24, 31, 370, 0, 24, 186, 14731 }, // U+1EF4
    { 20, 26, 309, 0, 18, 130, 14917 }, // U+1EF5
    { 24, 33, 370, 0, 33, 198, 15047 }, // U+1EF6
    { 20, 36, 309, 0, 28, 180, 15245 }, // U+1EF7
    { 24, 32, 370, 0, 32, 192, 15425 }, // U+1EF8
    { 20, 34, 309, 0, 26, 170, 15617 }, // U+1EF9
    { 0, 0, 267, 0, 0, 0, 0 }, // U+2000
    { 0, 0, 533, 0, 0, 0, 0 }, // U+2001
    { 0, 0, 267, 0, 0, 0, 0 }, // U+2002
    { 0, 0, 533, 0, 0, 0, 0 }, // U+2003
    { 0, 0, 178, 0, 0, 0, 0 }, // U+2004
    { 0, 0, 133, 0, 0, 0, 0 }, // U+2005
    { 0, 0, 89, 0, 0, 0, 0 }, // U+2006
    { 0, 0, 301, 0, 0, 0, 0 }, // U+2007
    { 0, 0, 157, 0, 0, 0, 0 }, // U+2008
    { 0, 0, 89, 0, 0, 0, 0 }, // U+2009
    { 0, 0, 53, 0, 0, 0, 0 }, // U+200A
    { 0, 0, 0, 0, 0, 0, 0 }, // U+200B
    { 2, 26, 0, -1, 21, 13, 0 }, // U+200C
    { 8, 28, 0, -4, 23, 56, 13 }, // U+200D
    { 9, 28, 0, -1, 23, 63, 69 }, // U+200E
    { 9, 28, 0, -8, 23, 63, 132 }, // U+200F
    { 10, 4, 165, 0, 11, 10, 195 }, // U+2010
    { 10, 4, 165, 0, 11, 10, 205 }, // U+2011
    { 17, 4, 301, 1, 14, 17, 215 }, // U+2012
    { 18, 4, 267, -1, 11, 18, 232 }, // U+2013
    { 35, 4, 533, -1, 11, 35, 250 }, // U+2014
    { 35, 3, 533, -1, 10, 27, 285 }, // U+2015
    { 9, 34, 298, 5, 26, 77, 312 }, // U+2016
    { 15, 7, 219, -1, 0, 27, 389 }, // U+2017
    { 7, 11, 149, 1, 24, 20, 416 }, // U+2018
    { 7, 11, 149, 1, 24, 20, 436 }, // U+2019
    { 7, 12, 157, 1, 6, 21, 456 }, // U+201A
    { 7, 11, 149, 1, 24, 20, 477 }, // U+201B
    { 14, 11, 261, 1, 24, 39, 497 }, // U+201C
    { 14, 11, 261, 1, 24, 39, 536 }, // U+201D
    { 14, 12, 261, 1, 6, 42, 575 }, // U+201E
    { 14, 11, 261, 1, 24, 39, 617 }, // U+201F
    { 14, 30, 255, 1, 26, 105, 656 }, // U+2020
    { 14, 30, 255, 1, 26, 105, 761 }, // U+2021
    { 11, 12, 213, 1, 18, 33, 866 }, // U+2022
    { 11, 12, 267, 3, 18, 33, 899 }, // U+2023
    { 6, 6, 157, 2, 15, 9, 932 }, // U+2024
    { 16, 6, 307, 2, 15, 24, 941 }, // U+2025
    { 27, 7, 487, 2, 6, 48, 965 }, // U+2026
    { 6, 7, 157, 2, 14, 11, 1013 }, // U+2027
    { 0, 0, 320, 0, 0, 0, 1024 }, // U+2028
    { 0, 0, 320, 0, 0, 0, 1024 }, // U+2029
    { 9, 26, 0, -1, 21, 59, 1024 }, // U+202A
    { 9, 26, 0, -8, 21, 59, 1083 }, // U+202B
    { 8, 28, 0, -4, 23, 56, 1142 }, // U+202C
    { 8, 28, 0, -4, 23, 56, 1198 }, // U+202D
    { 8, 28, 0, -4, 23, 56, 1254 }, // U+202E
    { 0, 0, 89, 0, 0, 0, 1310 }, // U+202F
    { 42, 26, 699, 1, 25, 273, 1310 }, // U+2030
    { 56, 26, 923, 1, 25, 364, 1583 }, // U+2031
    { 8, 9, 134, 0, 24, 18, 1947 }, // U+2032
    { 16, 9, 262, 0, 24, 36, 1965 }, // U+2033
    { 24, 9, 390, 0, 24, 54, 2001 }, // U+2034
    { 8, 9, 134, 0, 24, 18, 2055 }, // U+2035
    { 16, 9, 262, 0, 24, 36, 2073 }, // U+2036
    { 24, 9, 390, 0, 24, 54, 2109 }, // U+2037
    { 13, 10, 235, 1, 2, 33, 2163 }, // U+2038
    { 8, 14, 188, 2, 16, 28, 2196 }, // U+2039
    { 8, 14, 188, 2, 16, 28, 2224 }, // U+203A
    { 24, 24, 437, 2, 24, 144, 2252 }, // U+203B
    { 15, 25, 335, 3, 24, 94, 2396 }, // U+203C
    { 18, 26, 328, 1, 25, 117, 2490 }, // U+203D
    { 17, 3, 245, -1, 28, 13, 2607 }, // U+203E
    { 26, 7, 0, -13, -1, 46, 2620 }, // U+203F
    { 28, 7, 0, -14, 28, 49, 2666 }, // U+2040
    { 15, 24, 240, 0, 24, 90, 2715 }, // U+2041
    { 32, 26, 533, 1, 26, 208, 2805 }, // U+2042
    { 10, 6, 193, 1, 15, 15, 3013 }, // U+2043
    { 16, 24, 33, -7, 24, 96, 3028 }, // U+2044
    { 10, 31, 221, 3, 26, 78, 3124 }, // U+2045
    { 10, 31, 221, 1, 26, 78, 3202 }, // U+2046
    { 33, 26, 568, 1, 25, 215, 3280 }, // U+2047
    { 24, 26, 450, 1, 25, 156, 3495 }, // U+2048
    { 24, 26, 453, 3, 25, 156, 3651 }, // U+2049
    { 17, 25, 325, 1, 19, 107, 3807 }, // U+204A
    { 19, 30, 334, 1, 26, 143, 3914 }, // U+204B
    { 19, 13, 329, 1, 19, 62, 4057 }, // U+204C
    { 19, 13, 329, 1, 19, 62, 4119 }, // U+204D
    { 15, 14, 268, 1, 19, 53, 4181 }, // U+204E
    { 7, 25, 162, 2, 19, 44, 4234 }, // U+204F
    { 24, 26, 411, 1, 25, 156, 4278 }, // U+2050
    { 15, 28, 268, 1, 26, 105, 4434 }, // U+2051
    { 13, 25, 215, 0, 24, 82, 4539 }, // U+2052
    { 17, 8, 298, 1, 16, 34, 4621 }, // U+2053
    { 26, 7, 0, -13, 0, 46, 4655 }, // U+2054
    { 16, 16, 288, 1, 20, 64, 4701 }, // U+2055
    { 17, 20, 336, 2, 19, 85, 4765 }, // U+2056
    { 32, 9, 517, 0, 24, 72, 4850 }, // U+2057
    { 22, 20, 408, 2, 19, 110, 4922 }, // U+2058
    { 22, 20, 408, 2, 19, 110, 5032 }, // U+2059
    { 6, 26, 162, 2, 25, 39, 5142 }, // U+205A
    { 22, 26, 408, 2, 25, 143, 5181 }, // U+205B
    { 19, 18, 372, 2, 18, 86, 5324 }, // U+205C
    { 6, 26, 162, 2, 25, 39, 5410 }, // U+205D
    { 6, 26, 162, 2, 25, 39, 5449 }, // U+205E
    { 0, 0, 118, 0, 0, 0, 5488 }, // U+205F
    { 0, 0, 320, 0, 0, 0, 5488 }, // U+2060
    { 0, 0, 320, 0, 0, 0, 5488 }, // U+2061
    { 0, 0, 320, 0, 0, 0, 5488 }, // U+2062
    { 0, 0, 320, 0, 0, 0, 5488 }, // U+2063
    { 0, 0, 320, 0, 0, 0, 5488 }, // U+2064
    { 0, 0, 0, 0, 0, 0, 5488 }, // U+2066
    { 0, 0, 0, 0, 0, 0, 5488 }, // U+2067
    { 0, 0, 0, 0, 0, 0, 5488 }, // U+2068
    { 0, 0, 0, 0, 0, 0, 5488 }, // U+2069
    { 8, 28, 0, -4, 23, 56, 5488 }, // U+206A
    { 8, 28, 0, -4, 23, 56, 5544 }, // U+206B
    { 8, 28, 0, -4, 23, 56, 5600 }, // U+206C
    { 8, 29, 0, -4, 24, 58, 5656 }, // U+206D
    { 8, 28, 0, -4, 23, 56, 5714 }, // U+206E
    { 8, 28, 0, -4, 23, 56, 5770 }, // U+206F
    { 13, 16, 213, 0, 28, 52, 0 }, // U+2070
    { 8, 16, 122, 0, 25, 32, 52 }, // U+2071
    { 13, 16, 213, 0, 28, 52, 84 }, // U+2074
    { 11, 16, 213, 1, 28, 44, 136 }, // U+2075
    { 11, 16, 213, 1, 28, 44, 180 }, // U+2076
    { 11, 16, 213, 1, 28, 44, 224 }, // U+2077
    { 13, 16, 213, 0, 28, 52, 268 }, // U+2078
    { 11, 16, 213, 1, 28, 44, 320 }, // U+2079
    { 13, 13, 213, 0, 26, 43, 364 }, // U+207A
    { 13, 3, 213, 0, 21, 10, 407 }, // U+207B
    { 13, 8, 213, 0, 23, 26, 417 }, // U+207C
    { 8, 21, 133, 2, 30, 42, 443 }, // U+207D
    { 8, 21, 133, -1, 30, 42, 485 }, // U+207E
    { 14, 12, 231, 0, 21, 42, 527 }, // U+207F
    { 13, 16, 213, 0, 12, 52, 569 }, // U+2080
    { 11, 16, 213, 1, 12, 44, 621 }, // U+2081
    { 11, 16, 213, 1, 12, 44, 665 }, // U+2082
    { 11, 16, 213, 1, 12, 44, 709 }, // U+2083
    { 13, 16, 213, 0, 12, 52, 753 }, // U+2084
    { 11, 16, 213, 1, 12, 44, 805 }, // U+2085
    { 11, 16, 213, 1, 12, 44, 849 }, // U+2086
    { 11, 16, 213, 1, 12, 44, 893 }, // U+2087
    { 13, 16, 213, 0, 12, 52, 937 }, // U+2088
    { 11, 16, 213, 1, 12, 44, 989 }, // U+2089
    { 13, 13, 213, 0, 10, 43, 1033 }, // U+208A
    { 13, 3, 213, 0, 5, 10, 1076 }, // U+208B
    { 13, 8, 213, 0, 7, 26, 1086 }, // U+208C
    { 8, 21, 133, 2, 14, 42, 1112 }, // U+208D
    { 8, 21, 133, -1, 14, 42, 1154 }, // U+208E
    { 12, 12, 208, 1, 8, 36, 1196 }, // U+2090
    { 11, 12, 198, 1, 8, 33, 1232 }, // U+2091
    { 12, 12, 213, 1, 8, 36, 1265 }, // U+2092
    { 14, 12, 224, 0, 8, 42, 1301 }, // U+2093
    { 11, 12, 198, 1, 8, 33, 1343 }, // U+2094
    { 14, 16, 231, 0, 12, 56, 1376 }, // U+2095
    { 14, 16, 221, 0, 12, 56, 1432 }, // U+2096
    { 8, 16, 122, 0, 12, 32, 1488 }, // U+2097
    { 21, 12, 342, 0, 8, 63, 1520 }, // U+2098
    { 14, 12, 231, 0, 8, 42, 1583 }, // U+2099
    { 13, 16, 223, 0, 8, 52, 1625 }, // U+209A
    { 10, 12, 166, 0, 8, 30, 1677 }, // U+209B
    { 9, 14, 141, 0, 10, 32, 1707 }, // U+209C
    { 24, 25, 411, 1, 25, 150, 0 }, // U+20A0
    { 20, 28, 357, 1, 26, 140, 150 }, // U+20A1
    { 20, 26, 357, 1, 25, 130, 290 }, // U+20A2
    { 17, 24, 301, 1, 24, 102, 420 }, // U+20A3
    { 18, 26, 301, 0, 25, 117, 522 }, // U+20A4
    { 33, 28, 526, 0, 23, 231, 639 }, // U+20A5
    { 26, 24, 420, 0, 24, 156, 870 }, // U+20A6
    { 29, 25, 480, 0, 24, 182, 1026 }, // U+20A7
    { 38, 25, 615, 0, 24, 238, 1208 }, // U+20A8
    { 37, 24, 569, -1, 24, 222, 1446 }, // U+20A9
    { 26, 20, 476, 2, 20, 130, 1668 }, // U+20AA
    { 21, 31, 346, 1, 26, 163, 1798 }, // U+20AB
    { 19, 26, 298, 0, 25, 124, 1961 }, // U+20AC
    { 25, 24, 391, 0, 24, 150, 2085 }, // U+20AD
    { 22, 24, 348, 0, 24, 132, 2235 }, // U+20AE
    { 37, 35, 590, 0, 28, 324, 2367 }, // U+20AF
    { 20, 33, 339, 0, 25, 165, 2691 }, // U+20B0
    { 22, 24, 340, 0, 24, 132, 2856 }, // U+20B1
    { 24, 29, 411, 1, 26, 174, 2988 }, // U+20B2
    { 25, 24, 402, 0, 24, 150, 3162 }, // U+20B3
    { 21, 26, 309, -1, 25, 137, 3312 }, // U+20B4
    { 20, 29, 357, 1, 26, 145, 3449 }, // U+20B5
    { 20, 25, 316, 0, 24, 125, 3594 }, // U+20B6
    { 18, 28, 301, 0, 25, 126, 3719 }, // U+20B7
    { 19, 24, 301, 0, 24, 114, 3845 }, // U+20B8
    { 17, 24, 298, 1, 24, 102, 3959 }, // U+20B9
    { 19, 24, 301, 0, 24, 114, 4061 }, // U+20BA
    { 21, 26, 348, 0, 25, 137, 4175 }, // U+20BB
    { 22, 23, 419, 2, 23, 127, 4312 }, // U+20BC
    { 19, 24, 315, 0, 24, 114, 4439 }, // U+20BD
    { 21, 26, 373, 1, 26, 137, 4553 }, // U+20BE
    { 17, 29, 301, 1, 26, 124, 4690 }, // U+20BF
    { 16, 25, 281, 1, 19, 100, 4814 }, // U+20C0
    { 16, 4, 306, 2, 14, 16, 0 }, // U+2212
    { 28, 26, 406, 0, 26, 182, 0 }, // U+FB00
    { 24, 26, 383, 0, 26, 156, 182 }, // U+FB01
    { 24, 26, 383, 0, 26, 156, 338 }, // U+FB02
    { 36, 26, 573, 0, 26, 234, 494 }, // U+FB03
    { 36, 26, 573, 0, 26, 234, 728 }, // U+FB04
    { 25, 27, 402, 0, 26, 169, 962 }, // U+FB05
    { 28, 27, 463, 1, 26, 189, 1131 }, // U+FB06
    { 31, 32, 533, 1, 26, 248, 0 }, // U+FFFD
};

static const EpdUnicodeInterval notoserif_16_boldIntervals[] = {
    { 0x0, 0x0, 0x0 },
    { 0xD, 0xD, 0x1 },
    { 0x20, 0x7E, 0x2 },
    { 0xA0, 0x17F, 0x61 },
    { 0x1A0, 0x1A1, 0x141 },
    { 0x1AF, 0x1B0, 0x143 },
    { 0x1C4, 0x21F, 0x145 },
    { 0x300, 0x36F, 0x1A1 },
    { 0x400, 0x4FF, 0x211 },
    { 0x1EA0, 0x1EF9, 0x311 },
    { 0x2000, 0x2064, 0x36B },
    { 0x2066, 0x2071, 0x3D0 },
    { 0x2074, 0x208E, 0x3DC },
    { 0x2090, 0x209C, 0x3F7 },
    { 0x20A0, 0x20C0, 0x404 },
    { 0x2212, 0x2212, 0x425 },
    { 0xFB00, 0xFB06, 0x426 },
    { 0xFFFD, 0xFFFD, 0x42D },
};

static const EpdFontGroup notoserif_16_boldGroups[] = {
    { 0, 3988, 10762, 97, 0 },
    { 3988, 3439, 12862, 96, 97 },
    { 7427, 4141, 20555, 128, 193 },
    { 11568, 4218, 18334, 96, 321 },
    { 15786, 1378, 2537, 112, 417 },
    { 17164, 10988, 41678, 256, 529 },
    { 28152, 2542, 16969, 90, 785 },
    { 30694, 2236, 6295, 111, 875 },
    { 32930, 770, 1966, 42, 986 },
    { 33700, 2208, 5290, 33, 1028 },
    { 35908, 16, 16, 1, 1061 },
    { 35924, 418, 1340, 7, 1062 },
    { 36342, 142, 256, 1, 1069 },
};

static const uint16_t notoserif_16_boldKernLeftCodepoints[] = {
    0x0022, 0x0026, 0x0027, 0x002A, 0x002C, 0x002E, 0x0040, 0x0041, 0x0042, 0x0044, 0x0045, 0x0046,
    0x0047, 0x004B, 0x004C, 0x004E, 0x004F, 0x0050, 0x0051, 0x0052, 0x0053, 0x0054, 0x0055, 0x0056,
    0x0057, 0x0058, 0x0059, 0x0061, 0x0062, 0x0065, 0x0066, 0x0067, 0x0068, 0x006B, 0x006D, 0x006E,
    0x006F, 0x0070, 0x0072, 0x0073, 0x0076, 0x0077, 0x0079, 0x00A1, 0x00BF, 0x00C0, 0x00C1, 0x00C2,
    0x00C3, 0x00C4, 0x00C5, 0x00C6, 0x00C8, 0x00C9, 0x00CA, 0x00CB, 0x00D0, 0x00D1, 0x00D2, 0x00D3,
    0x00D4, 0x00D5, 0x00D6, 0x00D8, 0x00D9, 0x00DA, 0x00DB, 0x00DC, 0x00DD, 0x00DE, 0x00DF, 0x00E0,
    0x00E1, 0x00E2, 0x00E3, 0x00E4, 0x00E5, 0x00E6, 0x00E8, 0x00E9, 0x00EA, 0x00EB, 0x00F0, 0x00F1,
    0x00F2, 0x00F3, 0x00F4, 0x00F5, 0x00F6, 0x00F8, 0x00FD, 0x00FE, 0x00FF, 0x0100, 0x0102, 0x0104,
    0x010E, 0x010F, 0x0110, 0x0112, 0x0113, 0x0114, 0x0115, 0x0116, 0x0117, 0x0118, 0x0119, 0x011A,
    0x011B, 0x011C, 0x011E, 0x0120, 0x0122, 0x0125, 0x0127, 0x0129, 0x0136, 0x0137, 0x0138, 0x0139,
    0x013B, 0x013E, 0x0141, 0x0143, 0x0144, 0x0145, 0x0146, 0x0147, 0x0148, 0x0149, 0x014B, 0x014C,
    0x014D, 0x014E, 0x014F, 0x0150, 0x0151, 0x0152, 0x0153, 0x0154, 0x0155, 0x0156, 0x0157, 0x0158,
    0x0159, 0x015A, 0x015B, 0x015C, 0x015D, 0x015E, 0x015F, 0x0160, 0x0161, 0x0162, 0x0164, 0x0165,
    0x0166, 0x0168, 0x016A, 0x016C, 0x016E, 0x0170, 0x0172, 0x0174, 0x0175, 0x0176, 0x0177, 0x0178,
    0x01A0, 0x01A1, 0x01AF, 0x01B0, 0x01FA, 0x01FC, 0x01FD, 0x01FE, 0x01FF, 0x0218, 0x0219, 0x021A,
    0x0402, 0x0409, 0x040A, 0x040E, 0x0423, 0x042A, 0x042C, 0x0431, 0x043E, 0x0440, 0x0444, 0x044D,
    0x044E, 0x0457, 0x0460, 0x0462, 0x0465, 0x0466, 0x0468, 0x046A, 0x046C, 0x046E, 0x046F, 0x0472,
    0x0473, 0x0474, 0x0476, 0x0478, 0x0479, 0x047A, 0x047B, 0x047C, 0x047D, 0x047E, 0x0481, 0x048C,
    0x048D, 0x048E, 0x048F, 0x0490, 0x0491, 0x0493, 0x0494, 0x0496, 0x0497, 0x0498, 0x0499, 0x049A,
    0x049B, 0x049C, 0x049D, 0x049E, 0x049F, 0x04A0, 0x04A1, 0x04A3, 0x04A4, 0x04A5, 0x04A6, 0x04A8,
    0x04AB, 0x04AC, 0x04AD, 0x04B2, 0x04B3, 0x04B5, 0x04B7, 0x04BA, 0x04BC, 0x04BD, 0x04BE, 0x04BF,
    0x04C3, 0x04C6, 0x04D0, 0x04D1, 0x04D2, 0x04D3, 0x04D4, 0x04D5, 0x04D6, 0x04D7, 0x04D8, 0x04D9,
    0x04DA, 0x04DB, 0x04E0, 0x04E6, 0x04E7, 0x04E8, 0x04E9, 0x04EA, 0x04EB, 0x04ED, 0x04EE, 0x04EF,
    0x04F0, 0x04F1, 0x04F2, 0x04F3, 0x04F6, 0x04F7, 0x04FB, 0x04FC, 0x04FD, 0x04FE, 0x04FF, 0x1EA0,
    0x1EA1, 0x1EA2, 0x1EA3, 0x1EA4, 0x1EA5, 0x1EA6, 0x1EA7, 0x1EA8, 0x1EA9, 0x1EAA, 0x1EAB, 0x1EAC,
    0x1EAD, 0x1EAE, 0x1EAF, 0x1EB0, 0x1EB1, 0x1EB2, 0x1EB3, 0x1EB4, 0x1EB5, 0x1EB6, 0x1EB7, 0x1EB8,
    0x1EB9, 0x1EBA, 0x1EBB, 0x1EBC, 0x1EBD, 0x1EBE, 0x1EBF, 0x1EC0, 0x1EC1, 0x1EC2, 0x1EC3, 0x1EC4,
    0x1EC5, 0x1EC6, 0x1EC7, 0x1ECC, 0x1ECD, 0x1ECE, 0x1ECF, 0x1ED0, 0x1ED1, 0x1ED2, 0x1ED3, 0x1ED4,
    0x1ED5, 0x1ED6, 0x1ED7, 0x1ED8, 0x1ED9, 0x1EDA, 0x1EDB, 0x1EDC, 0x1EDD, 0x1EDE, 0x1EDF, 0x1EE0,
    0x1EE1, 0x1EE2, 0x1EE3, 0x1EE4, 0x1EE6, 0x1EE8, 0x1EE9, 0x1EEA, 0x1EEB, 0x1EEC, 0x1EED, 0x1EEE,
    0x1EEF, 0x1EF0, 0x1EF1, 0x1EF2, 0x1EF3, 0x1EF4, 0x1EF5, 0x1EF6, 0x1EF7, 0x1EF8, 0x1EF9, 0x2018,
    0x2019, 0x201A, 0x201C, 0x201D, 0x201E, 0x2026, 0x207D, 0x208D, 0xFB00,
};

static const uint8_t notoserif_16_boldKernLeftClassIds[] = {
      1,   2,   1,   3,   4,   4,   5,   6,   7,   8,   9,  10,  11,  12,  13,  14,
      8,   3,   8,  15,  16,  17,  18,  19,  20,  21,  22,  23,  24,  25,  26,  27,
     23,  28,  23,  23,  24,  24,  29,  30,  31,  32,  33,  34,  35,  36,  36,  36,
     36,  36,  36,   9,   9,   9,   9,   9,   8,  14,   8,   8,   8,   8,   8,   8,
     18,  18,  18,  18,  22,   8,  24,  23,  23,  23,  23,  23,  23,  25,  25,  25,
     25,  25,  24,  23,  24,  24,  24,  24,  24,  24,  33,  24,  33,   6,  36,  36,
      8,  37,   8,   9,  25,   9,  25,   9,  25,   9,  25,   9,  25,  11,  11,  11,
     11,  23,  23,  38,  12,  28,  28,  13,  13,  37,  13,  14,  23,  14,  23,  14,
     23,  23,  23,   8,  24,   8,  24,   8,  24,   9,  25,  15,  29,  15,  29,  15,
     29,  16,  30,  16,  30,  16,  30,  16,  30,  17,  17,  39,  17,  18,  18,  18,
     18,  18,  18,  20,  32,  22,  33,  22,  40,  41,  42,  43,   6,   9,  25,   8,
     24,  16,  30,  17,  44,  45,  45,  46,  46,  45,  45,  47,  48,  48,  49,  49,
     49,  50,  51,  52,  53,  54,  54,  55,  55,  56,  24,  51,  48,  57,  57,  33,
     58,  51,  48,  51,  24,  51,  53,  52,  24,  59,  48,  60,  61,  61,  62,  55,
     63,  56,  48,  55,  63,  55,  63,  55,  63,  55,  63,  64,  60,  61,  62,  51,
     53,  60,  61,  65,  63,  64,  64,  62,  51,  48,  51,  48,  62,  64,  54,  23,
     54,  23,  66,  48,  66,  48,  51,  48,  51,  48,  56,  51,  48,  51,  48,  51,
     48,  48,  46,  58,  46,  58,  46,  58,  60,  61,  61,  65,  63,  65,  63,  36,
     23,  36,  23,  36,  23,  36,  23,  36,  23,  36,  23,  36,  23,  36,  23,  36,
     23,  36,  23,  36,  23,  36,  23,   9,  25,   9,  25,   9,  25,   9,  25,   9,
     25,   9,  25,   9,  25,   9,  25,   8,  24,   8,  24,   8,  24,   8,  24,   8,
     24,   8,  24,   8,  24,  40,  41,  40,  41,  40,  41,  40,  41,  40,  41,  18,
     18,  42,  43,  42,  43,  42,  43,  42,  43,  42,  43,  22,  33,  22,  33,  22,
     33,  22,  33,  67,  68,   4,  67,  68,   4,   4,  69,  70,  26,
};

static const uint16_t notoserif_16_boldKernRightCodepoints[] = {
    0x0021, 0x0022, 0x0026, 0x0027, 0x0029, 0x002A, 0x002C, 0x002E, 0x003A, 0x003B, 0x003F, 0x0040,
    0x0041, 0x0042, 0x0043, 0x0044, 0x0045, 0x0046, 0x0047, 0x0048, 0x0049, 0x004A, 0x004B, 0x004C,
    0x004D, 0x004E, 0x004F, 0x0050, 0x0051, 0x0052, 0x0053, 0x0054, 0x0055, 0x0056, 0x0057, 0x0058,
    0x0059, 0x005A, 0x005D, 0x0061, 0x0062, 0x0063, 0x0064, 0x0065, 0x0067, 0x0068, 0x0069, 0x006B,
    0x006C, 0x006D, 0x006E, 0x006F, 0x0070, 0x0071, 0x0072, 0x0073, 0x0074, 0x0075, 0x0076, 0x0077,
    0x0078, 0x0079, 0x007A, 0x007D, 0x00AB, 0x00B7, 0x00BB, 0x00C0, 0x00C1, 0x00C2, 0x00C3, 0x00C4,
    0x00C5, 0x00C6, 0x00C7, 0x00C8, 0x00C9, 0x00CA, 0x00CB, 0x00CC, 0x00CD, 0x00CE, 0x00CF, 0x00D0,
    0x00D1, 0x00D2, 0x00D3, 0x00D4, 0x00D5, 0x00D6, 0x00D8, 0x00D9, 0x00DA, 0x00DB, 0x00DC, 0x00DD,
    0x00DE, 0x00E0, 0x00E1, 0x00E2, 0x00E3, 0x00E4, 0x00E5, 0x00E6, 0x00E7, 0x00E8, 0x00E9, 0x00EA,
    0x00EB, 0x00EC, 0x00ED, 0x00EE, 0x00EF, 0x00F0, 0x00F1, 0x00F2, 0x00F3, 0x00F4, 0x00F5, 0x00F6,
    0x00F8, 0x00F9, 0x00FA, 0x00FB, 0x00FC, 0x00FD, 0x00FE, 0x00FF, 0x0100, 0x0101, 0x0102, 0x0103,
    0x0104, 0x0105, 0x0106, 0x0107, 0x0108, 0x0109, 0x010A, 0x010B, 0x010C, 0x010D, 0x010E, 0x010F,
    0x0110, 0x0111, 0x0112, 0x0113, 0x0114, 0x0115, 0x0116, 0x0117, 0x0118, 0x0119, 0x011A, 0x011B,
    0x011C, 0x011D, 0x011E, 0x011F, 0x0120, 0x0121, 0x0122, 0x0123, 0x0124, 0x0125, 0x0126, 0x0127,
    0x0128, 0x0129, 0x012A, 0x012B, 0x012C, 0x012D, 0x012E, 0x012F, 0x0130, 0x0132, 0x0133, 0x0134,
    0x0136, 0x0137, 0x0138, 0x0139, 0x013A, 0x013B, 0x013C, 0x013D, 0x013E, 0x013F, 0x0140, 0x0141,
    0x0142, 0x0143, 0x0144, 0x0145, 0x0146, 0x0147, 0x0148, 0x014A, 0x014B, 0x014C, 0x014D, 0x014E,
    0x014F, 0x0150, 0x0151, 0x0152, 0x0153, 0x0154, 0x0155, 0x0156, 0x0157, 0x0158, 0x015A, 0x015B,
    0x015C, 0x015D, 0x015E, 0x015F, 0x0160, 0x0161, 0x0162, 0x0163, 0x0164, 0x0165, 0x0166, 0x0167,
    0x0168, 0x0169, 0x016A, 0x016B, 0x016C, 0x016D, 0x016E, 0x016F, 0x0170, 0x0171, 0x0172, 0x0173,
    0x0174, 0x0175, 0x0176, 0x0177, 0x0178, 0x0179, 0x017A, 0x017B, 0x017C, 0x017D, 0x017E, 0x01A0,
    0x01A1, 0x01AF, 0x01B0, 0x01FA, 0x01FB, 0x01FC, 0x01FD, 0x01FE, 0x01FF, 0x0218, 0x0219, 0x021A,
    0x021B, 0x0402, 0x040B, 0x040E, 0x0416, 0x0422, 0x0423, 0x0425, 0x0427, 0x042A, 0x042F, 0x0431,
    0x0436, 0x0443, 0x0445, 0x0447, 0x0451, 0x0456, 0x0457, 0x045E, 0x0460, 0x0462, 0x0466, 0x046A,
    0x046E, 0x0472, 0x0473, 0x0478, 0x0479, 0x047A, 0x047B, 0x047C, 0x047D, 0x047E, 0x0480, 0x0481,
    0x0496, 0x0498, 0x0499, 0x04A0, 0x04A1, 0x04A8, 0x04A9, 0x04AA, 0x04AB, 0x04AC, 0x04AD, 0x04B2,
    0x04B4, 0x04B5, 0x04B6, 0x04B7, 0x04B8, 0x04B9, 0x04C1, 0x04C2, 0x04CB, 0x04CC, 0x04D0, 0x04D2,
    0x04D4, 0x04D5, 0x04D7, 0x04D8, 0x04D9, 0x04DA, 0x04DC, 0x04DD, 0x04E0, 0x04E1, 0x04E6, 0x04E7,
    0x04E8, 0x04E9, 0x04EA, 0x04EB, 0x04EE, 0x04EF, 0x04F0, 0x04F1, 0x04F2, 0x04F3, 0x04F4, 0x04F5,
    0x04FC, 0x04FE, 0x1EA0, 0x1EA1, 0x1EA2, 0x1EA3, 0x1EA4, 0x1EA5, 0x1EA6, 0x1EA7, 0x1EA8, 0x1EA9,
    0x1EAA, 0x1EAB, 0x1EAC, 0x1EAD, 0x1EAE, 0x1EAF, 0x1EB0, 0x1EB1, 0x1EB2, 0x1EB3, 0x1EB4, 0x1EB5,
    0x1EB6, 0x1EB7, 0x1EB8, 0x1EB9, 0x1EBA, 0x1EBB, 0x1EBC, 0x1EBD, 0x1EBE, 0x1EBF, 0x1EC0, 0x1EC1,
    0x1EC2, 0x1EC3, 0x1EC4, 0x1EC5, 0x1EC6, 0x1EC7, 0x1EC9, 0x1ECB, 0x1ECC, 0x1ECD, 0x1ECE, 0x1ECF,
    0x1ED0, 0x1ED1, 0x1ED2, 0x1ED3, 0x1ED4, 0x1ED5, 0x1ED6, 0x1ED7, 0x1ED8, 0x1ED9, 0x1EDA, 0x1EDB,
    0x1EDC, 0x1EDD, 0x1EDE, 0x1EDF, 0x1EE0, 0x1EE1, 0x1EE2, 0x1EE3, 0x1EE4, 0x1EE5, 0x1EE6, 0x1EE7,
    0x1EE8, 0x1EE9, 0x1EEA, 0x1EEB, 0x1EEC, 0x1EED, 0x1EEE, 0x1EEF, 0x1EF0, 0x1EF1, 0x1EF2, 0x1EF3,
    0x1EF4, 0x1EF5, 0x1EF6, 0x1EF7, 0x1EF8, 0x1EF9, 0x2018, 0x2019, 0x201A, 0x201C, 0x201D, 0x201E,
    0x2026, 0x2039, 0x203A, 0x207E, 0x208E,
};

static const uint8_t notoserif_16_boldKernRightClassIds[] = {
      1,   2,   3,   2,   4,   5,   6,   7,   8,   8,   9,  10,  11,  12,  13,  12,
     12,  12,  13,  12,  12,  14,  12,  12,  12,  12,  13,  12,  13,  12,  15,  16,
     17,  18,  19,  20,  21,  22,   4,  23,  24,  25,  25,  25,  26,  24,  27,  24,
     24,  27,  27,  25,  27,  25,  27,  28,  29,  30,  31,  32,  33,  34,  35,   4,
     36,  37,  36,  11,  11,  11,  11,  11,  11,  38,  13,  12,  12,  12,  12,  12,
     12,  12,  12,  12,  12,  13,  13,  13,  13,  13,  13,  17,  17,  17,  17,  21,
     12,  23,  23,  23,  23,  23,  23,  23,  25,  25,  25,  25,  25,  39,  27,  39,
     39,  25,  27,  25,  25,  25,  25,  25,  25,  30,  30,  30,  30,  34,  24,  34,
     11,  23,  11,  23,  11,  23,  13,  25,  13,  25,  13,  25,  13,  25,  12,  25,
     12,  25,  12,  25,  12,  25,  12,  25,  12,  25,  12,  25,  13,  25,  13,  25,
     13,  25,  13,  25,  12,  24,  12,  24,  12,  40,  12,  39,  12,  39,  12,  27,
     12,  12,  27,  14,  12,  24,  27,  12,  24,  12,  24,  12,  24,  12,  24,  12,
     24,  12,  27,  12,  27,  12,  27,  12,  27,  13,  25,  13,  25,  13,  25,  13,
     25,  12,  27,  12,  27,  12,  15,  28,  15,  28,  15,  28,  15,  28,  16,  29,
     16,  29,  16,  29,  17,  30,  17,  30,  17,  30,  17,  30,  17,  30,  17,  30,
     19,  32,  21,  34,  21,  22,  35,  22,  35,  22,  35,  13,  25,  17,  30,  11,
     23,  38,  23,  13,  25,  15,  28,  16,  29,  41,  41,  42,  41,  41,  42,  41,
     43,  41,  44,  45,  46,  47,  46,  48,  49,  50,  51,  47,  52,  16,  53,  54,
     55,  52,  56,  52,  56,  52,  56,  52,  25,  52,  52,  56,  54,  55,  57,  58,
     59,  52,  56,  52,  56,  58,  59,  54,  58,  59,  60,  61,  43,  48,  41,  46,
     60,  61,  53,  53,  38,  62,  56,  52,  62,  52,  41,  46,  55,  35,  52,  56,
     52,  56,  52,  56,  42,  63,  42,  63,  42,  63,  43,  48,  54,  54,  11,  23,
     11,  23,  11,  23,  11,  23,  11,  23,  11,  23,  11,  23,  11,  23,  11,  23,
     11,  23,  11,  23,  11,  23,  12,  25,  12,  25,  12,  25,  12,  25,  12,  25,
     12,  25,  12,  25,  12,  25,  27,  27,  13,  25,  13,  25,  13,  25,  13,  25,
     13,  25,  13,  25,  13,  25,  13,  25,  13,  25,  13,  25,  13,  25,  13,  25,
     17,  30,  17,  30,  17,  30,  17,  30,  17,  30,  17,  30,  17,  30,  21,  34,
     21,  34,  21,  34,  21,  34,  64,   5,   7,  64,   5,   7,   7,  36,  36,  65,
     66,
};

static const uint16_t notoserif_16_boldKernRowOffsets[] = {
        0,     5,    10,    16,    32,    34,    50,    64,    77,    80,    89,    95,   101,   113,   114,   125,
      137,   148,   153,   165,   176,   180,   194,   199,   205,   208,   213,   214,   216,   220,   222,   225,
      228,   231,   234,   239,   255,   271,   272,   278,   297,   306,   322,   328,   338,   339,   342,   349,
      352,   356,   358,   365,   371,   372,   390,   404,   413,   427,   429,   433,   447,   451,   458,   462,
      463,   474,   475,   478,   485,   486,   487,
};

static const uint8_t notoserif_16_boldKernSparseCols[] = {
     10,  24,  25,  37,  52,   8,  15,  17,  18,  20,   2,   5,   6,  10,  37,  52,
      8,  12,  15,  16,  17,  18,  20,  30,  31,  33,  51,  57,  58,  59,  60,  62,
     10,  20,   1,   4,   8,  12,  15,  16,  17,  18,  20,  24,  25,  29,  30,  31,
     33,  63,   4,   8,  10,  15,  17,  18,  19,  20,  21,  31,  33,  37,  52,  57,
      5,   6,   8,  10,  15,  17,  18,  19,  20,  37,  52,  53,  57,  17,  18,  20,
      2,   5,   6,   9,  10,  22,  24,  25,  37,   8,  15,  17,  18,  20,  37,  12,
     24,  25,  29,  31,  33,   1,   4,   8,  15,  17,  18,  20,  30,  31,  33,  36,
     63,  35,   4,   8,  12,  15,  16,  17,  18,  20,  30,  31,  33,   8,  10,  15,
     17,  18,  19,  20,  31,  33,  37,  52,  57,   2,   5,   6,   9,  10,  12,  22,
     24,  25,  27,  37,   5,   6,   9,  10,  37,   2,   5,   6,   9,  10,  12,  22,
     24,  25,  27,  37,  52,   5,   6,   9,  10,  12,  22,  24,  25,  27,  34,  37,
     12,  14,  31,  33,   2,   5,   6,   9,  10,  12,  14,  22,  24,  25,  27,  34,
     37,  52,   1,  33,  59,  60,  62,  17,  18,  20,  33,  59,  62,  17,  18,  20,
      1,   3,   4,  38,  39,  18,  24,  25,   4,   5,   6,  22,  20,  59,   5,   6,
     10,   5,   6,  10,   5,   6,  10,  17,  18,  20,   8,  15,  17,  18,  20,   1,
      4,   8,  12,  15,  16,  17,  18,  20,  24,  25,  29,  30,  31,  33,  63,   0,
      1,   3,   4,   8,  11,  13,  15,  16,  17,  18,  19,  20,  21,  23,  63,  39,
      0,   1,   3,   8,  23,  63,   5,   6,   7,   8,  10,  15,  17,  18,  20,  22,
     24,  25,  26,  27,  28,  30,  31,  32,  33,   4,   5,   6,  26,  28,  29,  30,
     31,  33,   5,   6,   7,  10,  12,  22,  24,  25,  26,  27,  28,  29,  30,  31,
     33,  34,   4,   5,   6,  26,  28,  30,   1,   8,  15,  41,  42,  45,  46,  47,
     57,  63,  57,  48,  49,  50,   8,  15,  40,  41,  57,  59,  60,  57,  59,  60,
     42,  57,  59,  60,  42,  63,   5,   6,  37,  52,  53,  57,  59,   1,   4,  57,
     59,  60,  63,  59,   1,   4,   8,  12,  15,  17,  20,  24,  25,  29,  31,  33,
     51,  57,  58,  59,  60,  63,  12,  24,  25,  29,  31,  33,  44,  51,  54,  55,
     58,  59,  60,  62,   5,   6,  31,  33,  37,  52,  53,  58,  59,   5,   6,  12,
     22,  24,  25,  27,  37,  51,  52,  54,  55,  56,  61,   5,   6,   5,   6,  37,
     52,   5,   6,  12,  22,  24,  25,  27,  37,  43,  51,  52,  55,  56,  61,   4,
      5,   6,  52,   1,   4,   8,  15,  57,  59,  62,  24,  25,  55,  61,   3,  12,
     24,  25,  29,  31,  33,  51,  54,  58,  59,  62,  58,  10,  37,  52,  10,  12,
     22,  24,  25,  27,  39,  64,  65,
};

static const int8_t notoserif_16_boldKernSparseValues[] = {
     -43,  -11,  -32,  -64,  -43,  -16,  -16,  -21,  -21,  -16,   -5,  -64,  -64,  -27,  -43,  -27,
     -48,  -11,  -48,  -11,  -59,  -48,  -43,  -37,  -32,  -27,  -11,  -48,  -37,  -43,  -27,  -27,
     -16,   -5,  -43,  -37,  -32,  -11,  -32,  -11,  -43,  -37,  -37,  -11,  -11,  -11,  -32,  -16,
     -27,  -37,  -11,  -11,  -11,  -11,  -21,  -16,  -11,  -21,  -11,   -5,  -11,  -16,  -11,  -11,
     -11,  -11,  -11,  -11,  -11,  -11,  -11,  -11,  -16,  -27,  -11,  -11,  -11,  -11,  -11,  -11,
     -11,  -64,  -64,  -21,  -37,  -21,  -21,  -21,  -59,  -11,  -11,  -11,  -11,  -11,  -11,  -11,
     -11,  -11,  -11,  -16,  -16,  -32,  -43,  -37,  -37,  -27,  -27,  -32,  -11,   -5,  -16,  -11,
     -43,   -5,  -11,  -11,  -11,  -11,   -5,  -16,  -16,  -16,   -5,   -5,  -11,  -11,  -11,  -11,
     -11,  -11,  -11,  -11,   -5,  -11,  -11,  -11,  -11,   -5,  -48,  -48,  -16,  -32,  -11,  -16,
     -20,  -20,   -3,  -43,  -11,  -11,   -5,  -11,  -21,  -16,  -59,  -59,  -27,  -43,  -11,  -32,
     -32,  -32,  -21,  -69,  -43,  -48,  -48,  -27,  -37,  -11,  -34,  -32,  -32,  -27,  -16,  -69,
     -11,   -5,  -16,  -27,   -5,  -43,  -43,  -21,  -37,  -16,  -11,  -32,  -37,  -37,  -32,  -11,
     -48,  -37,  -21,  -11,  -16,  -11,  -11,  -32,  -32,  -37,  -11,  -16,  -11,  -32,  -32,  -32,
      43,   48,   43,   21,   21,  -11,  -11,  -11,   16,  -76,  -76,  -11,  -32,  -11,  -27,  -37,
     -32,  -37,  -37,  -16,  -48,  -48,  -27,  -16,  -11,  -16,  -11,  -11,  -27,  -27,  -27,  -43,
     -37,  -32,  -11,  -32,  -11,  -43,  -37,  -37,  -11,  -11,  -11,  -27,  -16,  -27,  -37,   33,
      42,   67,   21,   69,   27,   32,   27,   37,   43,   37,   37,   53,   21,   48,   14,   32,
      12,   23,   45,   20,   22,    3,  -11,  -11,   -5,   11,  -21,   11,   11,   11,   11,  -11,
     -11,  -11,   -5,  -11,   -5,  -11,  -11,  -11,  -11,   11,  -11,  -11,   11,   16,   11,   16,
      16,   16,  -11,  -11,   -5,  -32,  -11,  -27,  -27,  -27,  -16,  -32,   -5,  -16,  -11,  -11,
     -11,  -16,   11,   -5,   -5,   11,   16,   16,  -30,   -2,   -2,  -28,  -21,   -5,  -21,  -16,
     -16,  -11,  -16,  -29,  -10,    1,   -9,   -9,  -11,   -5,  -16,  -16,   -5,  -16,  -16,   -5,
     -16,  -16,  -16,   -5,   -5,   -2,  -11,  -11,  -27,  -11,  -11,  -11,  -11,  -16,  -27,  -16,
     -16,  -11,  -16,  -16,  -43,  -37,  -32,  -11,  -32,  -43,  -37,  -11,  -11,  -11,  -16,  -27,
     -11,  -32,  -21,  -48,  -21,  -37,  -11,  -11,  -11,  -11,  -16,  -16,  -11,  -11,  -11,  -11,
     -16,  -11,  -11,  -11,  -11,  -11,   -5,  -11,  -16,  -11,  -11,  -11,  -21,  -53,  -53,  -11,
     -32,  -32,  -32,  -21,  -69,  -11,  -53,  -11,  -21,  -16,  -21,  -48,  -48,  -64,  -64,  -43,
     -27,  -48,  -48,  -11,  -16,  -16,  -16,   -5,  -43,  -11,  -11,  -32,  -16,  -16,  -16,   16,
     -37,  -37,  -16,  -32,  -37,  -37,  -37,  -37,  -37,  -16,  -11,  -11,  -11,  -11,   11,  -11,
     -11,  -11,  -11,  -16,  -27,  -11,  -11,  -21,  -11,  -16,  -11,  -37,  -75,  -37,  -53,  -11,
     -16,  -21,  -21,  -27,    5,   42,   42,
};

static const EpdLigaturePair notoserif_16_boldLigaturePairs[] = {
    { 0x00660066, 0xFB00 }, // f f -> U+FB00
    { 0x00660069, 0xFB01 }, // f i -> U+FB01
    { 0x0066006C, 0xFB02 }, // f l -> U+FB02
    { 0xFB000069, 0xFB03 }, // U+FB00 i -> U+FB03
    { 0xFB00006C, 0xFB04 }, // U+FB00 l -> U+FB04
};

static const EpdFontData notoserif_16_bold = {
    notoserif_16_boldBitmaps,
    notoserif_16_boldGlyphs,
    notoserif_16_boldIntervals,
    18,
    45,
    36,
    -10,
    true,
    notoserif_16_boldGroups,
    13,
    nullptr,
    nullptr,  // kernLeftClasses: built-in fonts use the split arrays below
    nullptr,  // kernRightClasses
    notoserif_16_boldKernLeftCodepoints,
    notoserif_16_boldKernLeftClassIds,
    notoserif_16_boldKernRightCodepoints,
    notoserif_16_boldKernRightClassIds,
    nullptr,  // kernMatrix: built-in fonts use the sparse form below
    notoserif_16_boldKernRowOffsets,
    notoserif_16_boldKernSparseCols,
    notoserif_16_boldKernSparseValues,
    381,
    449,
    70,
    66,
    notoserif_16_boldLigaturePairs,
    5,
};
