/**
 * generated by fontconvert.py
 * name: notosans_18_bold
 * size: 18
 * mode: 2-bit  compressed: true
 * Command used: fontconvert.py notosans_18_bold 18 ../builtinFonts/source/AtkinsonHyperlegibleNext/AtkinsonHyperlegibleNext-Bold.otf ../builtinFonts/source/NotoSansHebrew/NotoSansHebrew-Regular.ttf ../builtinFonts/source/NotoSansArabic/NotoSansArabic-Regular.ttf --2bit --compress --pnum --zopfli
 */
#pragma once
#include "EpdFontData.h"

static const uint8_t notosans_18_boldBitmaps[12774] = {
    0xBD, 0x99, 0x47, 0xB0, 0xF4, 0x38, 0x57, 0x86, 0x4F, 0xB7, 0x29, 0x5C, 0xF5, 0x37, 0x94, 0xC8,
    0x19, 0xCC, 0x96, 0xE8, 0x25, 0x19, 0x99, 0x9C, 0x33, 0x6C, 0xC8, 0x5B, 0xF2, 0xBE, 0x08, 0xEE,
    0x62, 0x76, 0xC4, 0xD9, 0x90, 0x73, 0x86, 0x4B, 0xDA, 0x17, 0xC1, 0x9E, 0xF9, 0x03, 0x19, 0x4C,
    0xCE, 0x60, 0x72, 0xE6, 0x13, 0xFC, 0x9E, 0x1A, 0x0F, 0x23, 0xFB, 0x45, 0xEF, 0x2B, 0xB7, 0xAB,
    0xA7, 0xEB, 0xBB, 0xDF, 0xE4, 0xF1, 0xB5, 0x9F, 0xE3, 0x6B, 0x1F, 0x1D, 0x1D, 0x1D, 0x4B, 0xC7,
    0x92, 0xDB, 0xCF, 0x37, 0x7F, 0x53, 0xFA, 0x0B, 0x3E, 0xD4, 0xE9, 0xAF, 0x4A, 0x7F, 0xAF, 0x7B,
    0xDC, 0xD2, 0xE6, 0x06, 0x3F, 0x23, 0xF2, 0xCF, 0xCF, 0x6E, 0xEC, 0xFE, 0x01, 0x4D, 0xF7, 0x87,
    0xB0, 0x96, 0xC7, 0x1F, 0xA4, 0xE3, 0x49, 0x98, 0xE7, 0xF1, 0xC4, 0x76, 0xF4, 0xAB, 0xD9, 0x01,
    0x7D, 0x15, 0xCD, 0x8E, 0x38, 0xD7, 0xB3, 0x59, 0x81, 0xC6, 0x4F, 0x14, 0xE6, 0xC3, 0x45, 0x38,
    0x70, 0x8B, 0x59, 0xCC, 0x9B, 0xA8, 0x24, 0xA6, 0x2C, 0x92, 0x4E, 0x34, 0xF4, 0x76, 0x23, 0xAA,
    0x78, 0xC0, 0x2E, 0x5A, 0x69, 0x0E, 0x9D, 0x44, 0xBF, 0x09, 0x5C, 0x09, 0xEA, 0x84, 0x12, 0x66,
    0x49, 0x9C, 0xD6, 0x24, 0xBA, 0x51, 0x02, 0x83, 0x5B, 0x28, 0x7A, 0x17, 0xD5, 0xC4, 0xFE, 0x86,
    0x07, 0x50, 0xAB, 0xA6, 0x17, 0x46, 0x3F, 0xAD, 0x48, 0x44, 0xF6, 0xBA, 0x77, 0x70, 0xBF, 0xC5,
    0x06, 0xBA, 0x27, 0x16, 0xAB, 0xA3, 0xEB, 0x1B, 0xAB, 0x16, 0x96, 0x72, 0xF8, 0x0C, 0x11, 0x89,
    0x25, 0x68, 0xA1, 0x50, 0x3B, 0xE4, 0xA6, 0x2E, 0xC9, 0x73, 0x60, 0x48, 0x5A, 0x7F, 0x8B, 0xC0,
    0xBA, 0x12, 0xDF, 0x86, 0x3C, 0x4E, 0xAE, 0xEF, 0x82, 0x8F, 0x3C, 0xAF, 0xF1, 0x19, 0xAF, 0xC7,
    0x90, 0xEB, 0x2A, 0xC9, 0xE6, 0x90, 0xB0, 0x98, 0x79, 0x60, 0x64, 0x54, 0xD7, 0x87, 0xFA, 0xDC,
    0x4E, 0xA6, 0xAD, 0xC8, 0x35, 0x6F, 0x9E, 0x9C, 0xA2, 0xCA, 0x0D, 0xE6, 0xE6, 0xA4, 0xF2, 0x4C,
    0x17, 0xF4, 0x10, 0x92, 0xFB, 0x93, 0x75, 0xA9, 0x14, 0xCE, 0x2E, 0x1E, 0xD0, 0x98, 0xA1, 0x39,
    0x45, 0x16, 0xD2, 0x15, 0x17, 0x73, 0x70, 0xE6, 0x6A, 0x52, 0xE8, 0xDA, 0xE0, 0x47, 0x93, 0x9D,
    0x80, 0xDE, 0x64, 0xF9, 0x49, 0x18, 0x02, 0xDB, 0x54, 0xAC, 0x27, 0x56, 0xD8, 0xCD, 0x2E, 0xD6,
    0xC0, 0x99, 0x61, 0x0B, 0x1E, 0x90, 0x47, 0x03, 0xC6, 0x2E, 0xC8, 0x14, 0xCE, 0xB5, 0x9E, 0xFD,
    0x01, 0xE6, 0x26, 0xB3, 0x72, 0xD9, 0x4E, 0xDC, 0xCC, 0x93, 0x60, 0xF4, 0x0A, 0x7D, 0x02, 0xBD,
    0xC2, 0x53, 0x8A, 0xFB, 0xD9, 0x64, 0xA7, 0x80, 0x82, 0xD6, 0xA8, 0x29, 0x25, 0xE3, 0xA0, 0xAD,
    0x1B, 0x89, 0x99, 0xA7, 0x25, 0xEB, 0x95, 0xD2, 0xE6, 0xE5, 0xC4, 0x5B, 0x93, 0x8F, 0xF9, 0x49,
    0x67, 0x71, 0x8A, 0x2A, 0xE4, 0x28, 0xDA, 0x50, 0xB1, 0xA0, 0x8F, 0xF2, 0x4E, 0x4F, 0x44, 0x8D,
    0x6A, 0x54, 0x3C, 0xDA, 0x9D, 0x1D, 0x80, 0x78, 0x04, 0x2D, 0xA3, 0x80, 0x39, 0x3C, 0xC0, 0xAF,
    0xC1, 0xFC, 0x5A, 0xE2, 0xC1, 0x62, 0x3E, 0xDD, 0x41, 0x64, 0xBC, 0x81, 0x89, 0xC2, 0x23, 0x58,
    0x3B, 0x9B, 0xC3, 0x60, 0x7E, 0xB1, 0x0A, 0xC1, 0x3C, 0xFE, 0x83, 0x2A, 0x0E, 0xDC, 0xD4, 0x0D,
    0x1E, 0xE0, 0x6C, 0x1D, 0x8D, 0x8D, 0x76, 0xC2, 0x20, 0x57, 0xBA, 0xA1, 0xE5, 0x5F, 0xEF, 0xB7,
    0x3F, 0xF3, 0x93, 0x25, 0x87, 0x30, 0x1C, 0xD1, 0x17, 0x68, 0x0A, 0xD8, 0x69, 0x65, 0xB7, 0xAF,
    0xA2, 0xD5, 0x33, 0x6F, 0xFA, 0xB0, 0xED, 0xED, 0x73, 0x77, 0xBF, 0xEF, 0x53, 0xD2, 0xA4, 0xBE,
    0x8B, 0x2C, 0x5B, 0xB2, 0xEA, 0x26, 0x59, 0x33, 0x0C, 0xD6, 0xF1, 0x36, 0x46, 0xA9, 0xCD, 0x54,
    0x70, 0x9B, 0x02, 0x87, 0xA9, 0x51, 0x27, 0xAB, 0x8D, 0xD7, 0x46, 0x6F, 0xAA, 0xE4, 0x5D, 0x0C,
    0x59, 0x39, 0x95, 0x2A, 0x40, 0x0B, 0x4E, 0x4E, 0xFA, 0x99, 0x5A, 0x7C, 0x00, 0x75, 0xBF, 0x1F,
    0x1F, 0x5C, 0x3F, 0xC9, 0xC1, 0x39, 0x02, 0x08, 0xEA, 0x1C, 0x08, 0x76, 0xC0, 0x6C, 0x05, 0x63,
    0x33, 0xC1, 0xDC, 0xD8, 0xDA, 0xB1, 0xFF, 0x70, 0xCB, 0x1B, 0x9A, 0xE7, 0xC1, 0x97, 0xDF, 0xE1,
    0xDF, 0x7F, 0x46, 0xA3, 0xFC, 0x06, 0x2F, 0xA0, 0x6C, 0x39, 0xD6, 0xD1, 0x2F, 0xED, 0xDA, 0xAE,
    0x3E, 0xBA, 0x58, 0x4C, 0x65, 0x70, 0xA3, 0xEB, 0xE9, 0xE7, 0xDD, 0xDD, 0x1D, 0xAE, 0xB6, 0x53,
    0xF0, 0xD1, 0xAF, 0x2D, 0x7C, 0x52, 0x3C, 0x05, 0xB3, 0x13, 0x47, 0xD2, 0xA2, 0xFC, 0x63, 0x75,
    0x3A, 0xFC, 0xA4, 0xCE, 0xCA, 0x78, 0x32, 0x16, 0x0C, 0xC6, 0x51, 0xBD, 0xB4, 0x49, 0xC7, 0x43,
    0xD4, 0xE7, 0x2B, 0xF5, 0xF1, 0x4A, 0xFD, 0x6C, 0xBB, 0xFA, 0x7A, 0xAB, 0xAE, 0x0C, 0xF4, 0x4C,
    0x62, 0xA5, 0x81, 0xD4, 0x01, 0x93, 0x1D, 0x95, 0x03, 0x0A, 0xFC, 0x63, 0x0B, 0x73, 0x38, 0x9F,
    0x70, 0x76, 0xEC, 0x26, 0x7D, 0x8D, 0x31, 0x19, 0xF4, 0x98, 0x0C, 0x23, 0xFB, 0x2E, 0x82, 0x7F,
    0x76, 0x25, 0x67, 0x34, 0x08, 0xED, 0xD4, 0xF6, 0xA4, 0x1F, 0xBB, 0x44, 0x37, 0x75, 0xC1, 0x4F,
    0x65, 0xE4, 0xDD, 0x62, 0x25, 0x0D, 0x89, 0xD1, 0x5A, 0x8C, 0xA9, 0x76, 0x8F, 0x9E, 0x0F, 0x33,
    0x51, 0x55, 0x14, 0x18, 0x5B, 0x6C, 0xF5, 0xCA, 0x87, 0xCD, 0x9F, 0xCD, 0xB7, 0x23, 0x4C, 0x43,
    0xE3, 0x9D, 0x80, 0xEE, 0x6A, 0xB7, 0xD3, 0x4B, 0xD9, 0x47, 0xD6, 0x40, 0x83, 0x60, 0xED, 0x40,
    0xA8, 0xF0, 0x51, 0x98, 0x7D, 0xE4, 0x60, 0x9B, 0x12, 0x98, 0x56, 0x08, 0xBF, 0xA3, 0x9B, 0xE8,
    0x08, 0x93, 0x0A, 0x0B, 0x3B, 0xFA, 0xE5, 0xC1, 0x4B, 0xCC, 0x12, 0xBC, 0x5E, 0xF3, 0x12, 0x53,
    0x53, 0x49, 0xCF, 0x6B, 0xA6, 0x08, 0xE0, 0xEE, 0xEE, 0xA7, 0x01, 0x20, 0xDE, 0x20, 0x7B, 0x00,
    0xA0, 0x29, 0x13, 0x86, 0x0A, 0x0C, 0xCB, 0x9A, 0x6C, 0xB5, 0xAC, 0xFC, 0x14, 0x58, 0xF9, 0xDB,
    0x58, 0xB5, 0x57, 0xDE, 0xCE, 0x6C, 0x7F, 0xA0, 0xBF, 0x03, 0x61, 0x44, 0x43, 0x8C, 0xAC, 0x6F,
    0xBE, 0xE8, 0x55, 0x8B, 0xE9, 0xF9, 0x3E, 0x9E, 0x50, 0x85, 0x84, 0x8E, 0xF6, 0x3C, 0x92, 0x65,
    0xD5, 0xA1, 0xDA, 0x0E, 0x09, 0x26, 0x0F, 0x64, 0x99, 0x04, 0x59, 0x88, 0x4E, 0xAC, 0x44, 0x2F,
    0x82, 0x2C, 0xC4, 0x13, 0xFC, 0xCC, 0x5A, 0x48, 0x3F, 0x91, 0x18, 0x13, 0x8F, 0xE8, 0x13, 0x4B,
    0xE4, 0x91, 0x4E, 0x7A, 0xB0, 0xBA, 0xFB, 0x68, 0x46, 0x9D, 0xFB, 0xE8, 0x00, 0xC4, 0x5B, 0xAC,
    0x77, 0x77, 0x3F, 0xAE, 0x78, 0x08, 0xB5, 0xBC, 0x7B, 0x0A, 0xB9, 0xA2, 0x86, 0x18, 0x89, 0xC9,
    0xE3, 0xA3, 0x10, 0x4F, 0x33, 0xF3, 0xE2, 0x97, 0x9A, 0x83, 0xD9, 0x73, 0xF1, 0x99, 0x09, 0xA7,
    0x90, 0xC0, 0xEC, 0xB6, 0x28, 0xE2, 0x8E, 0xC5, 0x0A, 0x30, 0xB0, 0x57, 0x71, 0xE9, 0x14, 0x48,
    0xE4, 0xA7, 0x8C, 0x69, 0x7F, 0x2B, 0x8F, 0x2D, 0xDB, 0xD9, 0xB8, 0x46, 0x26, 0x39, 0x8E, 0xC8,
    0x4A, 0xAC, 0x63, 0xBD, 0x48, 0x1D, 0xBD, 0x38, 0x89, 0x31, 0xF1, 0xF7, 0x3B, 0x24, 0x9A, 0x03,
    0xFD, 0x3A, 0xA1, 0xF1, 0x34, 0x75, 0xBE, 0x66, 0x25, 0x32, 0x8D, 0x52, 0x8D, 0x7B, 0x81, 0xA1,
    0x5D, 0xEC, 0x28, 0x0B, 0x96, 0x83, 0x96, 0xDF, 0x77, 0x47, 0xCC, 0xEA, 0xBC, 0x88, 0x37, 0xF8,
    0xF2, 0xBB, 0xBB, 0x6E, 0xEF, 0x31, 0x08, 0x1B, 0x0A, 0xF4, 0x1B, 0x1C, 0x1A, 0x82, 0x1A, 0xCB,
    0xAE, 0x36, 0xED, 0x6A, 0xC3, 0xAE, 0x76, 0xBE, 0xA8, 0xAD, 0xBB, 0xDA, 0xBC, 0xAB, 0x29, 0x59,
    0x28, 0x46, 0x27, 0xA8, 0x36, 0x20, 0xB1, 0x55, 0xA8, 0xF0, 0x2C, 0x06, 0x4E, 0xC6, 0xDA, 0xC0,
    0xD1, 0xEA, 0xC5, 0x9A, 0x29, 0x78, 0x9B, 0x04, 0xB4, 0xE4, 0xFF, 0xB1, 0xA6, 0x2E, 0xEB, 0x6F,
    0xDD, 0x19, 0xF9, 0xA1, 0xAF, 0xE6, 0x71, 0x6E, 0xC1, 0x2A, 0x4F, 0xE9, 0x64, 0xA2, 0x3F, 0x5D,
    0x10, 0x75, 0xDE, 0xCE, 0xA4, 0x5F, 0xD9, 0x12, 0x9F, 0xEC, 0x40, 0xA5, 0x16, 0x59, 0x98, 0x2E,
    0x36, 0x4F, 0xF4, 0x95, 0xE5, 0x79, 0x81, 0x05, 0x94, 0x22, 0x80, 0xBE, 0x62, 0x6D, 0x7C, 0xE4,
    0x41, 0xAF, 0xB6, 0xE4, 0x4B, 0x3D, 0x77, 0x83, 0x55, 0x84, 0x8B, 0xDD, 0x98, 0xCE, 0xD2, 0x35,
    0xCE, 0x4B, 0xAD, 0x0D, 0x1E, 0x1F, 0x8F, 0x40, 0xEB, 0x63, 0xC9, 0xB2, 0x07, 0x20, 0x4F, 0x0F,
    0x18, 0xFE, 0x3D, 0x78, 0xFE, 0x12, 0xBC, 0xC3, 0x1E, 0xBC, 0xD3, 0xA5, 0xB7, 0xDD, 0xA4, 0xF5,
    0x7D, 0xBB, 0xBD, 0x73, 0xBF, 0x9E, 0x0B, 0x5E, 0x6F, 0x10, 0x7F, 0xFB, 0x06, 0xD1, 0xF6, 0x1E,
    0xCC, 0x88, 0x97, 0x34, 0x75, 0x44, 0x82, 0x4F, 0x28, 0x19, 0xCA, 0x16, 0x38, 0x97, 0x9A, 0x2A,
    0x68, 0xA2, 0xA4, 0x70, 0x2F, 0xB6, 0x9D, 0xE9, 0x9A, 0xEE, 0x4A, 0x4F, 0x25, 0x54, 0x56, 0x56,
    0x64, 0x4F, 0x96, 0x55, 0x87, 0x46, 0xEB, 0x0D, 0xDE, 0xF7, 0x2E, 0x6D, 0xC6, 0x4D, 0x67, 0x0F,
    0x53, 0xF9, 0x61, 0x63, 0x6D, 0xC2, 0x44, 0xA0, 0x49, 0xB8, 0xA9, 0x51, 0x7D, 0xF9, 0xA0, 0xD3,
    0xDC, 0x8F, 0x08, 0x9E, 0xE9, 0x1A, 0xEF, 0xEE, 0x6D, 0x51, 0xD9, 0xCD, 0xCA, 0x74, 0xB1, 0xAC,
    0x3A, 0xF2, 0xC3, 0x06, 0xF8, 0x62, 0x42, 0x7E, 0x5E, 0xD1, 0xE3, 0x27, 0x91, 0x22, 0x66, 0x15,
    0xCA, 0x70, 0x35, 0xF8, 0xFD, 0xBA, 0xE5, 0x6A, 0x97, 0x87, 0xCF, 0x68, 0xC7, 0x9C, 0x41, 0xE5,
    0x40, 0x6F, 0x57, 0xAA, 0xA7, 0xD5, 0xAE, 0xB7, 0x62, 0xBE, 0xDC, 0xA8, 0x88, 0x9A, 0x7E, 0x54,
    0xBB, 0xB2, 0xEE, 0xDA, 0xBB, 0x63, 0x34, 0xDA, 0x87, 0x86, 0xD8, 0x36, 0x0B, 0x9F, 0xAC, 0x62,
    0x73, 0x9A, 0x74, 0x58, 0xA1, 0xFE, 0xD2, 0xBB, 0xC0, 0x72, 0x63, 0xD5, 0x97, 0x98, 0xCB, 0xE0,
    0xCF, 0x1E, 0xB1, 0x98, 0xBC, 0x01, 0xF1, 0x10, 0xBB, 0x23, 0x3E, 0x3A, 0x5A, 0x5C, 0x8B, 0x78,
    0x4C, 0x62, 0xD9, 0x44, 0x39, 0x6F, 0xA2, 0xC8, 0xF7, 0x78, 0xB9, 0x2B, 0x56, 0x87, 0xD3, 0xE4,
    0x59, 0x1F, 0x92, 0x15, 0xA0, 0x45, 0x5F, 0xF5, 0xD5, 0x72, 0x5A, 0x2C, 0xD5, 0xD0, 0x98, 0xA9,
    0x3E, 0x79, 0x74, 0x96, 0xF4, 0xCB, 0xE1, 0xEB, 0xE4, 0x31, 0x74, 0x7D, 0x13, 0x6F, 0xF9, 0xAB,
    0xBA, 0x5B, 0x23, 0xEB, 0x64, 0xDD, 0x64, 0x8A, 0x02, 0x9B, 0x50, 0xC3, 0x8E, 0x40, 0xA0, 0x51,
    0x60, 0x92, 0xF0, 0x51, 0xB1, 0xAF, 0x29, 0xDC, 0xEA, 0x56, 0xA5, 0xC0, 0x1C, 0xE6, 0x78, 0x92,
    0x98, 0x0B, 0x0D, 0xC0, 0xA0, 0x41, 0x81, 0x70, 0xC0, 0xA0, 0xA4, 0x91, 0x5F, 0x61, 0xB8, 0x08,
    0xE6, 0x52, 0xEC, 0x13, 0x57, 0x8A, 0x94, 0xC2, 0x56, 0xAB, 0x57, 0x05, 0xD7, 0x47, 0x8A, 0xA6,
    0xD5, 0x0B, 0xB6, 0xC7, 0xAC, 0x21, 0xA6, 0x34, 0x61, 0x89, 0x18, 0xC5, 0x28, 0xAE, 0x29, 0xAD,
    0xFC, 0x2C, 0x40, 0xFB, 0x15, 0xC9, 0x72, 0x89, 0xA7, 0x7C, 0x2E, 0xB6, 0xEB, 0x95, 0xFE, 0x20,
    0xCE, 0x22, 0x0C, 0x4F, 0x7D, 0x5E, 0x87, 0x33, 0x02, 0xAB, 0xA1, 0x6B, 0xE2, 0x11, 0x03, 0xCF,
    0xC5, 0x93, 0xEA, 0xC5, 0xC6, 0x86, 0x58, 0x8C, 0x9C, 0xC8, 0xB5, 0x51, 0xD8, 0xCE, 0x0C, 0x09,
    0x66, 0x9E, 0x02, 0x76, 0x50, 0x35, 0xB9, 0xB1, 0x0E, 0xA3, 0x5E, 0xC0, 0x8D, 0xF9, 0x91, 0xFD,
    0xF0, 0x5D, 0xD8, 0x34, 0x96, 0x11, 0x31, 0x8B, 0x93, 0x18, 0x6E, 0x89, 0x69, 0xD3, 0xD9, 0xF5,
    0xBD, 0x48, 0x3B, 0x6F, 0x6D, 0xD9, 0x66, 0xB6, 0x5F, 0xAA, 0xAE, 0x23, 0x39, 0xC8, 0x87, 0x46,
    0xCF, 0x7B, 0x1B, 0x80, 0x0A, 0x18, 0x89, 0xB3, 0x38, 0x89, 0x8B, 0xA8, 0x58, 0x79, 0xF4, 0x8A,
    0xC0, 0x98, 0x78, 0x40, 0x48, 0xB4, 0xCC, 0x6E, 0x22, 0xDB, 0x99, 0xF4, 0x99, 0x71, 0x3F, 0xE7,
    0xF5, 0x5D, 0x07, 0x61, 0x2F, 0x9B, 0xED, 0xB4, 0xF7, 0x44, 0x2C, 0xFB, 0xF0, 0x8F, 0x46, 0x22,
    0x3E, 0x14, 0x6C, 0xFC, 0x43, 0x01, 0x84, 0x87, 0xE3, 0x11, 0x25, 0x10, 0xEF, 0x43, 0x78, 0x28,
    0x58, 0xEC, 0x5E, 0xBC, 0xC4, 0x62, 0x37, 0xD8, 0x7A, 0x8C, 0x9D, 0x90, 0xDF, 0x27, 0x50, 0x3E,
    0xBC, 0x1A, 0x1B, 0x93, 0x39, 0x8C, 0x86, 0x98, 0x9F, 0xF1, 0x59, 0x0F, 0xFC, 0x2D, 0xF4, 0xF4,
    0x55, 0x38, 0x0B, 0x4C, 0x59, 0x84, 0x8B, 0x68, 0x81, 0x5B, 0x31, 0x65, 0x31, 0xDB, 0xFB, 0xFE,
    0x22, 0x54, 0xEE, 0x04, 0xF3, 0x9B, 0xD0, 0xAA, 0x5D, 0x29, 0xAD, 0x86, 0xEA, 0xEB, 0x90, 0x87,
    0x24, 0xEC, 0x98, 0x85, 0x75, 0x40, 0xCC, 0x2B, 0xE2, 0x90, 0xC4, 0xA1, 0x63, 0x6F, 0xD7, 0x23,
    0x0F, 0x2F, 0x91, 0xDC, 0xEE, 0xE5, 0xCB, 0xB1, 0xDC, 0x02, 0xC3, 0xF5, 0x41, 0x37, 0x5F, 0xEE,
    0x71, 0x6B, 0x53, 0xE3, 0xEF, 0x95, 0xC6, 0x61, 0x4C, 0x68, 0x43, 0x42, 0x37, 0x59, 0x3B, 0x7B,
    0x2D, 0xAA, 0xF0, 0x00, 0xC1, 0x5D, 0x3E, 0xC9, 0x34, 0x07, 0x75, 0x93, 0x0A, 0x83, 0xED, 0x83,
    0xAB, 0xD2, 0x80, 0xF5, 0xB0, 0x44, 0xB0, 0x08, 0xE7, 0x66, 0x2C, 0xD3, 0xAB, 0xB8, 0x25, 0x22,
    0x26, 0xBE, 0x19, 0x61, 0x9B, 0x99, 0x19, 0x2D, 0x89, 0xBD, 0x38, 0x8A, 0x41, 0x8C, 0xA4, 0x4A,
    0x45, 0x97, 0x94, 0x10, 0x4A, 0xF4, 0xBB, 0x4D, 0xC3, 0x4C, 0xB6, 0x0B, 0x59, 0x83, 0x74, 0x39,
    0x55, 0x5E, 0xA7, 0x0B, 0x7B, 0x95, 0x71, 0xFF, 0xC0, 0xD3, 0x22, 0x17, 0x14, 0x05, 0xC5, 0x28,
    0xA1, 0xBC, 0x2D, 0xE1, 0x28, 0x26, 0x09, 0x8D, 0x27, 0x09, 0xFF, 0x2C, 0xF0, 0xF4, 0x62, 0xFE,
    0x3F, 0x80, 0x37, 0xAF, 0xD6, 0xFE, 0x65, 0x12, 0xB0, 0xEE, 0xB7, 0x80, 0xFF, 0x85, 0x21, 0x89,
    0x80, 0x33, 0x3E, 0x85, 0xE2, 0x49, 0x9C, 0x92, 0xE8, 0x5E, 0x2F, 0xE1, 0xFF, 0x70, 0x91, 0x78,
    0x3A, 0x4A, 0x40, 0xA2, 0xC2, 0x4C, 0xE1, 0x10, 0xAE, 0x44, 0x89, 0x91, 0xA2, 0x40, 0x7F, 0x25,
    0x8E, 0x38, 0x27, 0x01, 0xA5, 0x50, 0x34, 0x62, 0x2F, 0x0E, 0x62, 0x10, 0x67, 0x31, 0x8A, 0x2B,
    0xF9, 0x1F, 0x20, 0xFF, 0x01, 0xE7, 0xC4, 0xBF, 0x43, 0x9F, 0x38, 0x22, 0x90, 0xAD, 0xE8, 0x23,
    0xE9, 0x16, 0x11, 0x64, 0x81, 0x36, 0xF1, 0x08, 0x24, 0x5A, 0x66, 0x27, 0x7A, 0xB1, 0x12, 0x9D,
    0x58, 0x8A, 0x05, 0x9F, 0xFF, 0xD7, 0x80, 0xDF, 0x5F, 0xCB, 0x3D, 0x21, 0xB1, 0x97, 0x5C, 0x25,
    0xA4, 0x68, 0x4E, 0xB9, 0xD6, 0x2A, 0x9C, 0x99, 0x32, 0x94, 0x3C, 0xE8, 0x8D, 0x69, 0x6E, 0x2E,
    0x31, 0x74, 0x79, 0xA1, 0x8A, 0xC9, 0xF6, 0x5E, 0x71, 0x2B, 0xB6, 0x7B, 0x9B, 0xE6, 0x56, 0x6E,
    0xB3, 0xB2, 0xD9, 0xDC, 0x6A, 0xD8, 0xEA, 0xDB, 0x6A, 0xDF, 0x7C, 0x91, 0x67, 0xFB, 0x17, 0xCF,
    0xCD, 0x6B, 0x00, 0x8B, 0x88, 0xE1, 0x7A, 0x56, 0x20, 0x6E, 0xB3, 0x82, 0xB3, 0xFA, 0x83, 0x3A,
    0xED, 0x15, 0x4B, 0x91, 0x77, 0xA5, 0x49, 0xDC, 0xCE, 0x13, 0x68, 0x99, 0xF5, 0xBE, 0x78, 0xBE,
    0x4A, 0x21, 0x7D, 0x2B, 0x93, 0xF0, 0x59, 0xA0, 0xE7, 0xBD, 0x03, 0xFE, 0x47, 0x21, 0xED, 0x56,
    0x8C, 0xA9, 0x5C, 0x0D, 0x85, 0xF4, 0x04, 0x85, 0xF4, 0x88, 0x1C, 0xD2, 0xEE, 0x3A, 0xA4, 0x72,
    0x86, 0xA4, 0x29, 0x8A, 0xA8, 0x90, 0x56, 0xA0, 0xD7, 0x43, 0xB9, 0xCD, 0x1F, 0xB7, 0x76, 0x34,
    0x7B, 0x80, 0x31, 0x3E, 0x2A, 0xC0, 0x25, 0x6E, 0x03, 0x7C, 0x12, 0xEB, 0x3D, 0xC0, 0x37, 0x13,
    0x81, 0x9E, 0x8C, 0xB6, 0x67, 0x2C, 0x87, 0xF3, 0x9E, 0x7B, 0x8E, 0x5B, 0xEE, 0x89, 0xA4, 0x7F,
    0x48, 0xEE, 0x09, 0xB7, 0xDF, 0xCD, 0x97, 0xFD, 0xBB, 0xF9, 0x0A, 0xF4, 0x0E, 0xF4, 0xA7, 0x5A,
    0xEC, 0x30, 0x5B, 0x9D, 0xD7, 0xE9, 0x2B, 0xC9, 0x3A, 0x48, 0xBE, 0xC9, 0x4A, 0x50, 0xEC, 0x0B,
    0x48, 0x7D, 0x00, 0x90, 0x5B, 0x0A, 0x21, 0x8B, 0xE8, 0x51, 0x1E, 0x45, 0x4E, 0x64, 0x27, 0xB2,
    0xDE, 0x3C, 0x6E, 0x0A, 0x0C, 0xB9, 0xAE, 0xDB, 0xEF, 0xE6, 0x81, 0x65, 0xD6, 0x6C, 0x12, 0xD3,
    0x7D, 0x34, 0x6B, 0x69, 0xF7, 0x35, 0x27, 0x78, 0x8C, 0xAF, 0x01, 0x0F, 0x18, 0xBA, 0xC9, 0x8E,
    0xEA, 0xCB, 0x1A, 0xDE, 0x7C, 0x76, 0xB5, 0x62, 0x95, 0x17, 0xFC, 0xC5, 0x3E, 0xB4, 0x47, 0x46,
    0x7E, 0xC9, 0x4B, 0x3C, 0xA7, 0x15, 0x46, 0xBD, 0x90, 0x3E, 0xD6, 0x0B, 0xE9, 0xC0, 0x7B, 0x24,
    0xF3, 0x6B, 0x93, 0x58, 0xE0, 0x9C, 0xEC, 0x27, 0xB3, 0x69, 0x3F, 0x8A, 0x86, 0xB1, 0xD4, 0x2D,
    0x29, 0x8B, 0x7E, 0xAE, 0x54, 0x9C, 0xA6, 0xAA, 0xE8, 0x67, 0x33, 0xB7, 0xB4, 0xAA, 0xA2, 0x0B,
    0x7A, 0xFC, 0xA3, 0xD1, 0x89, 0xFE, 0xC2, 0x03, 0xD4, 0x3B, 0x00, 0xDB, 0xD9, 0xAE, 0x5A, 0xCC,
    0xD5, 0x50, 0x13, 0x66, 0xF3, 0xB0, 0x54, 0x8B, 0x8F, 0x3C, 0x39, 0xC1, 0x78, 0xC2, 0xE6, 0x24,
    0xF3, 0x9C, 0xD3, 0x39, 0xA4, 0x1A, 0xAC, 0x43, 0x9F, 0xE8, 0x56, 0xE3, 0xD0, 0xE3, 0x30, 0xE7,
    0x49, 0xCD, 0x21, 0x66, 0x68, 0x39, 0x34, 0x0B, 0x1C, 0xE0, 0x83, 0x9F, 0xD3, 0xC9, 0x47, 0xF3,
    0x84, 0xFD, 0xF9, 0xF5, 0xA8, 0x83, 0x3E, 0x9D, 0xBC, 0x7E, 0x75, 0x13, 0xDD, 0xC3, 0xEB, 0xA3,
    0x9B, 0xE9, 0x21, 0xFE, 0x32, 0xBA, 0x48, 0xF7, 0xF0, 0x20, 0x9E, 0x74, 0xD2, 0x61, 0x2E, 0x57,
    0x9E, 0x78, 0x4C, 0x85, 0x7C, 0xF6, 0x8C, 0x08, 0x9A, 0xCB, 0x89, 0xC6, 0x45, 0x38, 0xEA, 0x44,
    0x0B, 0x84, 0x55, 0x27, 0x83, 0x61, 0xD1, 0x49, 0xCF, 0x81, 0x95, 0xD7, 0xBE, 0x5D, 0x64, 0x21,
    0x0D, 0x0C, 0x5E, 0x67, 0xFB, 0xA8, 0x47, 0x27, 0xC3, 0x01, 0xEC, 0xF1, 0x31, 0x9D, 0x31, 0x10,
    0x2E, 0x8F, 0x8C, 0x3A, 0x2F, 0x73, 0x65, 0xB2, 0x80, 0xEC, 0x1C, 0x80, 0xB0, 0x2F, 0x18, 0x69,
    0xAE, 0x97, 0x50, 0x30, 0x19, 0x0D, 0x0A, 0xA9, 0xE4, 0x02, 0xFB, 0xC4, 0xB7, 0x42, 0x0B, 0x29,
    0xCA, 0x34, 0x62, 0xA9, 0x95, 0xF9, 0x94, 0x76, 0x2B, 0xF2, 0xFC, 0x77, 0x73, 0xA9, 0x06, 0x95,
    0x9B, 0x76, 0x95, 0xF3, 0x88, 0xFA, 0xCF, 0xF3, 0xD9, 0xAE, 0xBA, 0xD7, 0x45, 0x0D, 0x6C, 0x4C,
    0x1C, 0xF4, 0x74, 0x37, 0x1D, 0xA5, 0x6C, 0x4E, 0x1A, 0xF0, 0x6D, 0xAC, 0x54, 0xD1, 0xE2, 0x73,
    0xFB, 0x3B, 0x39, 0xB1, 0xBB, 0x34, 0xA8, 0x0D, 0x17, 0x3F, 0x49, 0x1A, 0xE6, 0x56, 0xC7, 0x97,
    0x2F, 0xBC, 0xBA, 0xFC, 0x7D, 0xDC, 0xFA, 0x98, 0xE5, 0x27, 0x42, 0xDF, 0xD5, 0x46, 0x16, 0xCE,
    0x37, 0x17, 0x39, 0x37, 0xDF, 0xDC, 0xF4, 0x50, 0x6C, 0x1F, 0x79, 0x53, 0x39, 0x16, 0xF7, 0x72,
    0xC4, 0xBE, 0xF7, 0xF6, 0x4A, 0xED, 0xD7, 0x66, 0x3D, 0x5F, 0xD8, 0x53, 0x8E, 0x82, 0xE3, 0xB1,
    0x30, 0xE8, 0x74, 0x95, 0x47, 0x63, 0x47, 0x3A, 0xAB, 0x63, 0xC8, 0xBF, 0x59, 0xBC, 0xAC, 0x02,
    0xD5, 0x5E, 0x00, 0x08, 0xFB, 0x6E, 0xFE, 0x15, 0xDB, 0xAF, 0xCD, 0xEA, 0xD3, 0x8E, 0xBE, 0xFA,
    0x69, 0xB8, 0xE8, 0x55, 0x6E, 0x35, 0xA6, 0xED, 0x6B, 0x5A, 0xF7, 0x60, 0xE1, 0x00, 0x86, 0x1D,
    0xF1, 0x98, 0x7E, 0x5C, 0x43, 0x7F, 0x5A, 0xF3, 0xCF, 0x83, 0x3E, 0xD4, 0xB3, 0xF9, 0xF9, 0xDD,
    0x7E, 0xD8, 0x5E, 0xF7, 0xE3, 0x1E, 0x80, 0xDD, 0x80, 0x1F, 0xD6, 0x94, 0x78, 0x7A, 0xAB, 0x46,
    0x2B, 0x27, 0x33, 0x76, 0x73, 0xFD, 0xEC, 0x5A, 0xD2, 0x7E, 0x0B, 0x5A, 0xDD, 0xDE, 0x3A, 0x63,
    0xFE, 0xC8, 0xF1, 0xCB, 0x0A, 0x42, 0xFE, 0x88, 0x5E, 0x27, 0x7C, 0x4D, 0xFE, 0x8A, 0x36, 0x53,
    0x6F, 0x76, 0x58, 0xBB, 0x99, 0xF3, 0x0B, 0xAE, 0x2D, 0x12, 0x38, 0xC3, 0x4C, 0x68, 0xA3, 0x5F,
    0x0E, 0x88, 0x7E, 0xFF, 0xCA, 0x5E, 0x02, 0x9F, 0x11, 0xAD, 0x9B, 0x15, 0xDD, 0xE7, 0x47, 0x37,
    0x19, 0xFE, 0x14, 0x30, 0x3C, 0xD8, 0xBA, 0xD4, 0x08, 0x7C, 0x9F, 0x56, 0x1D, 0x98, 0xF3, 0x5C,
    0x56, 0x18, 0xAD, 0x8E, 0x18, 0xAC, 0x5A, 0xD0, 0x13, 0x83, 0xD5, 0x8B, 0xAE, 0x5D, 0x54, 0xDA,
    0x98, 0x4B, 0xE0, 0x0B, 0x10, 0x64, 0x25, 0xDB, 0xFB, 0x35, 0x60, 0xFB, 0x82, 0xA8, 0x8F, 0xB9,
    0x97, 0x5F, 0xC5, 0x4D, 0x8B, 0xA2, 0x1A, 0xDF, 0xC5, 0x89, 0xAF, 0x75, 0x4D, 0x3B, 0xDB, 0x7B,
    0xDF, 0xAE, 0x14, 0x30, 0xEE, 0x67, 0x3B, 0xBA, 0xED, 0x47, 0x92, 0x5F, 0x35, 0x8F, 0xEF, 0xC4,
    0xB0, 0x2F, 0xAD, 0xB2, 0x65, 0xCD, 0xC0, 0x4C, 0xBD, 0xE7, 0xD1, 0xA8, 0xA3, 0x5B, 0x8E, 0xC0,
    0xB7, 0x73, 0x19, 0xF0, 0x60, 0xA9, 0x00, 0x2C, 0x3E, 0xF9, 0xB2, 0xB4, 0x8B, 0xB5, 0x4B, 0xAA,
    0xC3, 0x2F, 0x9C, 0x0C, 0x11, 0xEE, 0x3E, 0x54, 0x4B, 0x1B, 0x73, 0x1E, 0x6A, 0x57, 0xFA, 0xB2,
    0xD2, 0x17, 0x94, 0xC4, 0x01, 0xF8, 0x35, 0x58, 0xCD, 0xBA, 0x4E, 0xEA, 0xE0, 0xDB, 0x94, 0xA6,
    0x91, 0xBB, 0xFC, 0x8D, 0x2A, 0xF0, 0x09, 0x4E, 0x6D, 0xB2, 0x12, 0xBB, 0x64, 0x2F, 0xA6, 0x6F,
    0x57, 0x5F, 0x12, 0x41, 0x37, 0xAE, 0xB0, 0x37, 0xBF, 0x9D, 0x72, 0xA3, 0xDF, 0xDF, 0xEA, 0xAD,
    0xD1, 0x7A, 0x37, 0x30, 0xE7, 0x63, 0x65, 0x1D, 0x23, 0xD1, 0x2B, 0x5D, 0xE7, 0xCF, 0xDC, 0xFD,
    0x11, 0xFF, 0xA4, 0x41, 0x76, 0x7D, 0xB0, 0xC4, 0xF5, 0xC1, 0x6B, 0x2F, 0xF5, 0x50, 0xEF, 0x3C,
    0x02, 0xDF, 0x7C, 0x15, 0x41, 0x46, 0x21, 0x07, 0xA5, 0x9B, 0xAC, 0x7E, 0x44, 0xF0, 0xA6, 0x3D,
    0x78, 0x29, 0x14, 0xB9, 0xAC, 0x23, 0x8E, 0xC0, 0xEF, 0xF1, 0x01, 0xE4, 0xA7, 0x14, 0x33, 0x94,
    0x0F, 0x92, 0x72, 0x74, 0x49, 0x79, 0xBA, 0x6E, 0x7B, 0x9E, 0xE6, 0xFD, 0xE3, 0x8B, 0xE9, 0xE5,
    0xAB, 0xED, 0x1F, 0xB2, 0x7A, 0xF6, 0xD4, 0x1E, 0x73, 0xFE, 0x42, 0x98, 0x31, 0x62, 0xDC, 0x31,
    0xBC, 0x58, 0xD8, 0x3B, 0x98, 0xA1, 0xD1, 0x44, 0x66, 0x48, 0xFB, 0x91, 0x2E, 0xDA, 0xBE, 0xB5,
    0xE8, 0xF7, 0xFD, 0xF0, 0xA2, 0x12, 0xF1, 0xA1, 0xB1, 0x8A, 0x63, 0xCC, 0xDA, 0x48, 0xFA, 0xD9,
    0xDC, 0x68, 0xFB, 0xE6, 0xE7, 0x97, 0xBC, 0xBF, 0x23, 0x66, 0x60, 0xCA, 0x2B, 0x6F, 0x2C, 0x0A,
    0xD4, 0x0B, 0x43, 0x81, 0x80, 0x81, 0x4B, 0x82, 0xA1, 0x82, 0x61, 0x68, 0xE3, 0x16, 0xBE, 0x3F,
    0xA4, 0xC3, 0x0F, 0xD0, 0x18, 0xB0, 0xD8, 0x05, 0x10, 0x7A, 0x62, 0x34, 0x44, 0xEA, 0x85, 0x8E,
    0x25, 0xBC, 0xF2, 0x28, 0x1A, 0x0C, 0x25, 0xFA, 0xCD, 0xA8, 0x61, 0xF6, 0x93, 0xBD, 0x9C, 0x9D,
    0x2D, 0x5B, 0x3F, 0xD3, 0x63, 0x4A, 0xBB, 0xCB, 0x33, 0x10, 0xEB, 0xC2, 0x81, 0xD5, 0xFE, 0x1A,
    0xBB, 0x59, 0xA4, 0x87, 0x68, 0x01, 0x43, 0xDE, 0x1A, 0xAC, 0x5F, 0xC2, 0xBD, 0xC7, 0x5C, 0x60,
    0x2A, 0x92, 0xA4, 0xF6, 0x91, 0xD2, 0x30, 0x1E, 0xD0, 0xD3, 0xED, 0xE1, 0x5A, 0x0E, 0xAF, 0xAC,
    0x64, 0x76, 0xA4, 0x73, 0x2B, 0x3D, 0x7B, 0xB5, 0xFA, 0xA6, 0xF2, 0x10, 0xB6, 0x3C, 0x74, 0x76,
    0x09, 0x23, 0x93, 0x6F, 0x50, 0xB7, 0xD2, 0xCF, 0xD5, 0xCF, 0x4D, 0x78, 0x2B, 0x46, 0x42, 0x67,
    0x7B, 0xC2, 0x93, 0x9E, 0x4A, 0xA8, 0xAC, 0xAC, 0xC8, 0x9E, 0x2C, 0xAB, 0x8E, 0x4B, 0x63, 0x60,
    0xF8, 0xDB, 0x87, 0xBE, 0x4E, 0xDA, 0x88, 0xF1, 0xEA, 0x75, 0x52, 0x5F, 0x5E, 0x27, 0xC4, 0xFE,
    0x3A, 0x21, 0x1E, 0xFE, 0x3A, 0xE1, 0x8B, 0x8A, 0x83, 0xF9, 0xFE, 0xEE, 0x99, 0x6C, 0x90, 0x07,
    0xE6, 0x26, 0x2D, 0x0D, 0xF8, 0x06, 0x77, 0x90, 0x87, 0xCC, 0x50, 0x14, 0x4C, 0x32, 0x9C, 0x6B,
    0xF2, 0xCC, 0xD4, 0x34, 0x09, 0xF7, 0xFC, 0x82, 0x9A, 0x7A, 0x3F, 0xEC, 0x56, 0x64, 0x73, 0xAF,
    0xE1, 0x94, 0xEB, 0x3B, 0xF0, 0xDD, 0x22, 0x5F, 0xDC, 0x9A, 0x04, 0x6F, 0x6F, 0x02, 0x57, 0xA2,
    0xC8, 0xE2, 0x48, 0x41, 0xE5, 0x2C, 0xEC, 0x57, 0xF0, 0xD8, 0x92, 0x12, 0x61, 0x32, 0x04, 0x68,
    0x8F, 0xAC, 0x99, 0xFB, 0xA8, 0x7D, 0xB8, 0x77, 0x37, 0x97, 0x70, 0x00, 0x56, 0xB6, 0x1B, 0x3D,
    0x7D, 0x1A, 0xEA, 0xE5, 0xA0, 0x5F, 0xF7, 0x3F, 0xC2, 0x7C, 0x54, 0x25, 0x8F, 0x53, 0x2D, 0xF1,
    0x44, 0xBD, 0x23, 0xF5, 0xF2, 0x52, 0xF7, 0xD0, 0x25, 0xE8, 0xF9, 0x3D, 0x6E, 0x7E, 0x66, 0xCA,
    0x99, 0xB4, 0x5C, 0xAF, 0x81, 0xED, 0x1B, 0xA6, 0x2C, 0x5B, 0x85, 0x51, 0xBF, 0x48, 0xDD, 0xBE,
    0x12, 0x3A, 0xA0, 0xDF, 0x8F, 0x17, 0xF5, 0x7A, 0x79, 0xA6, 0xD1, 0x9C, 0x9D, 0x47, 0xC7, 0xEE,
    0xB0, 0x8D, 0x8D, 0x97, 0x82, 0x43, 0xC2, 0x48, 0x84, 0xE2, 0x82, 0xE5, 0x6B, 0x30, 0xB4, 0x8C,
    0x84, 0xC7, 0xCA, 0x84, 0x13, 0xBB, 0xE1, 0xB8, 0x4D, 0x3B, 0xDD, 0xEA, 0x27, 0xAE, 0x27, 0x99,
    0x58, 0xEB, 0x84, 0xD9, 0x2D, 0xD6, 0x06, 0x07, 0x7D, 0xBC, 0x50, 0xA2, 0xFB, 0x28, 0xA6, 0xF3,
    0x6F, 0x64, 0xD3, 0x5F, 0x8F, 0xC6, 0x12, 0xCC, 0xF0, 0x1F, 0x09, 0x6D, 0xEE, 0x4E, 0x91, 0x98,
    0xB7, 0xEF, 0x0B, 0x8E, 0x38, 0x61, 0xCC, 0xD3, 0xC9, 0x96, 0x2B, 0x5B, 0x17, 0x7D, 0x12, 0x3D,
    0x97, 0xAC, 0x49, 0x70, 0xF0, 0x94, 0x49, 0xCC, 0x55, 0x3C, 0x61, 0xF0, 0xC1, 0x45, 0x87, 0x31,
    0xD5, 0xB7, 0xA4, 0x92, 0x5D, 0x70, 0xAB, 0x7B, 0x10, 0x30, 0x96, 0xA8, 0x7E, 0x2D, 0xB0, 0xD6,
    0xFA, 0xF5, 0x13, 0x85, 0x7F, 0xFD, 0x33, 0x14, 0xDD, 0x63, 0xE0, 0x42, 0x19, 0x1F, 0x9D, 0x13,
    0xEA, 0x21, 0x0B, 0xBB, 0x88, 0x45, 0x8B, 0x0F, 0xF9, 0xB3, 0x58, 0x47, 0xB1, 0xBF, 0x2F, 0xA2,
    0x83, 0x75, 0x53, 0x89, 0x33, 0xC3, 0xF1, 0x7A, 0xC6, 0xF9, 0x59, 0x34, 0xD6, 0x02, 0x5B, 0x03,
    0x1C, 0x53, 0x64, 0x29, 0xB7, 0xAF, 0x26, 0xC0, 0x6A, 0xD9, 0x9A, 0x13, 0xF8, 0x91, 0x99, 0xBD,
    0xC4, 0x13, 0x18, 0x19, 0x1A, 0xF6, 0x0A, 0x1F, 0xDB, 0xD9, 0x2A, 0x74, 0x4A, 0x08, 0xF3, 0x96,
    0x15, 0xA6, 0x2A, 0x1A, 0x9B, 0x91, 0x57, 0xEE, 0x4C, 0xEB, 0x5A, 0xCF, 0x3F, 0x86, 0xF3, 0x31,
    0x07, 0xEE, 0xD7, 0x88, 0xBF, 0xE5, 0x3A, 0x5C, 0xE6, 0x33, 0xA6, 0x3D, 0x7A, 0xDB, 0x2C, 0xC6,
    0x8A, 0x8C, 0x33, 0x61, 0xBC, 0xC6, 0x23, 0x12, 0x33, 0x11, 0x88, 0x86, 0x46, 0x80, 0xFE, 0x06,
    0xEF, 0xF8, 0x79, 0x2D, 0xCB, 0xB5, 0x97, 0x9F, 0x89, 0x8B, 0x6C, 0xB9, 0xDF, 0x56, 0x52, 0x37,
    0x97, 0x68, 0xA5, 0x5B, 0x3F, 0xEF, 0xF3, 0x94, 0x73, 0x87, 0x1B, 0xA8, 0x6F, 0x56, 0xDB, 0xAC,
    0xAA, 0x65, 0xD7, 0x7C, 0xAA, 0xE1, 0xF0, 0xBB, 0xFF, 0xC8, 0x45, 0xBC, 0x0E, 0xAD, 0x66, 0xB2,
    0xCC, 0xDD, 0x5C, 0xF7, 0x1F, 0x55, 0x3E, 0xD9, 0x37, 0xD5, 0xE3, 0x55, 0xAF, 0x0A, 0xDD, 0x9D,
    0x31, 0xBC, 0x62, 0x7F, 0x93, 0x59, 0x7E, 0xA0, 0x8D, 0x46, 0xDA, 0x3B, 0xD3, 0xA7, 0x47, 0x1E,
    0xC3, 0xF6, 0x13, 0x11, 0x1A, 0xAD, 0x60, 0x8B, 0x4D, 0x76, 0x34, 0x10, 0x78, 0xFF, 0x91, 0xE5,
    0x69, 0x1F, 0x3A, 0x9A, 0x5C, 0xEF, 0x64, 0xFB, 0xE6, 0x9A, 0x62, 0x35, 0x17, 0x1C, 0x26, 0x3F,
    0x7A, 0x0D, 0x4D, 0x3D, 0xC1, 0xFF, 0x00, 0xCE, 0xDD, 0xB9, 0x5E, 0xCD, 0x37, 0xF6, 0x99, 0x76,
    0xA0, 0xE6, 0xFF, 0x03, 0xDD, 0x5A, 0x31, 0xAC, 0xE5, 0xC6, 0x75, 0x3D, 0x24, 0xB3, 0xA2, 0x61,
    0x26, 0x19, 0x15, 0x32, 0x10, 0xD8, 0x02, 0x98, 0x5A, 0x08, 0xC0, 0x14, 0x69, 0xE3, 0xA1, 0xAC,
    0x22, 0xA5, 0x54, 0x44, 0x48, 0xE1, 0xC2, 0x69, 0xA3, 0x66, 0x7B, 0x20, 0x16, 0x99, 0xB8, 0x47,
    0xB6, 0x72, 0x8A, 0x14, 0x51, 0xE1, 0x22, 0xDE, 0x3A, 0x65, 0x24, 0x52, 0xDE, 0x42, 0x65, 0x28,
    0x07, 0x48, 0x4A, 0x51, 0xB0, 0x9D, 0x42, 0x2E, 0x34, 0x88, 0x18, 0x80, 0x8E, 0x86, 0x3C, 0xE1,
    0x3D, 0x24, 0xFF, 0xBE, 0x87, 0xBF, 0x56, 0x14, 0x09, 0xD2, 0xD7, 0x6A, 0xF8, 0x79, 0xCE, 0x3C,
    0xBE, 0x99, 0x3B, 0xE7, 0xDE, 0x99, 0x19, 0xCC, 0x7F, 0x43, 0x37, 0xFA, 0x99, 0xD1, 0x2E, 0x3F,
    0xBB, 0x01, 0x4A, 0x6E, 0x2C, 0x43, 0x19, 0xAA, 0xED, 0xF2, 0x76, 0x4D, 0x7E, 0xDE, 0xAE, 0x78,
    0x79, 0x01, 0x11, 0xB8, 0x00, 0xC7, 0x1E, 0x20, 0x23, 0x32, 0x92, 0x70, 0x24, 0xFB, 0x8A, 0xE4,
    0xE0, 0x97, 0xC8, 0xBE, 0x99, 0xE3, 0x9F, 0x80, 0x21, 0xE2, 0x12, 0x46, 0xE5, 0xAE, 0x60, 0x2B,
    0xF7, 0x2C, 0xB6, 0x1A, 0x6F, 0xC1, 0xEA, 0x8E, 0xB2, 0x22, 0x7B, 0xB2, 0x8C, 0x92, 0x03, 0xAE,
    0xDB, 0x3D, 0x52, 0xCE, 0x19, 0x40, 0x43, 0xF6, 0x6A, 0x3E, 0xA0, 0x20, 0x19, 0xE1, 0xF8, 0xAB,
    0x6E, 0x45, 0x69, 0x72, 0x50, 0x2E, 0xC8, 0x06, 0x43, 0xD3, 0xBA, 0x0A, 0x69, 0x58, 0xB0, 0x06,
    0x90, 0x99, 0x7A, 0x90, 0x5C, 0x4E, 0xEC, 0xD4, 0x22, 0xFC, 0x04, 0xC3, 0x59, 0xA8, 0x7C, 0x13,
    0x0C, 0x69, 0x98, 0xB0, 0x97, 0x05, 0xE0, 0x1B, 0xF0, 0xE4, 0x07, 0xAB, 0xD5, 0x22, 0xE1, 0x85,
    0x95, 0x61, 0xEB, 0xEA, 0x67, 0xA8, 0xDA, 0x78, 0xB6, 0xC4, 0x2B, 0x98, 0xFD, 0xBF, 0xF2, 0x17,
    0xD1, 0x91, 0x9C, 0x4C, 0xE9, 0x60, 0xD0, 0xE7, 0xFC, 0x1B, 0x06, 0x17, 0xE1, 0x83, 0x9B, 0x51,
    0x06, 0x37, 0xC1, 0x4D, 0x3B, 0x44, 0x94, 0xA1, 0x58, 0xE0, 0x43, 0xC6, 0x7F, 0x3F, 0x0A, 0x9B,
    0x6B, 0xC1, 0x6C, 0x47, 0xFF, 0x3D, 0xF6, 0xF1, 0xF7, 0x00, 0xFC, 0xF1, 0x1E, 0x9C, 0xDA, 0x2F,
    0x80, 0x5F, 0x51, 0x11, 0xE8, 0xCC, 0xFB, 0x16, 0x9C, 0x90, 0x5B, 0x08, 0x03, 0xB6, 0x3B, 0x57,
    0x17, 0x4D, 0xF6, 0x1C, 0x4D, 0x2C, 0x69, 0x2E, 0x2D, 0x56, 0x07, 0x8E, 0x5D, 0x94, 0x27, 0x72,
    0x2B, 0x23, 0x07, 0x79, 0x27, 0xF7, 0x40, 0xCA, 0x6D, 0x8A, 0xBB, 0x2B, 0x42, 0x15, 0xF1, 0x98,
    0x5E, 0xEB, 0xD6, 0x87, 0x9F, 0x5C, 0xE4, 0xA0, 0x87, 0x2D, 0x87, 0xDF, 0x7E, 0xBD, 0x5A, 0xE3,
    0x2A, 0x71, 0xF8, 0xA4, 0x0B, 0x29, 0x27, 0xB3, 0xAB, 0xC6, 0x78, 0x33, 0x02, 0x36, 0x7C, 0x97,
    0x13, 0x0A, 0xC2, 0x07, 0xC3, 0x2D, 0x4C, 0x72, 0x1F, 0x99, 0x8A, 0xA7, 0xA4, 0xE5, 0xE5, 0xAF,
    0x93, 0x50, 0x0D, 0x56, 0xF8, 0xB9, 0xE3, 0x84, 0x26, 0x14, 0x8C, 0x1B, 0xA2, 0x23, 0x7C, 0x84,
    0xDB, 0x90, 0x6D, 0x46, 0x94, 0x9C, 0x37, 0x2C, 0xC8, 0x97, 0x69, 0x16, 0xB8, 0x02, 0x9E, 0x8C,
    0x66, 0x9A, 0xA3, 0x62, 0x34, 0xC0, 0x3E, 0xDC, 0x8C, 0x90, 0xE7, 0xE1, 0x27, 0xE4, 0xAB, 0x61,
    0xC1, 0x77, 0xA5, 0x4A, 0x25, 0xA5, 0x13, 0x9E, 0xAB, 0x8A, 0x8F, 0xC0, 0x77, 0xF1, 0xD7, 0x1D,
    0xD8, 0x81, 0x5B, 0x06, 0x28, 0x64, 0x0D, 0x94, 0xC8, 0x42, 0x55, 0xCC, 0x44, 0x19, 0x01, 0xD6,
    0x48, 0x88, 0x54, 0x43, 0xB3, 0xCD, 0x42, 0xCA, 0xD6, 0xF5, 0x6E, 0x28, 0x39, 0xE7, 0xA3, 0xEB,
    0x1B, 0xAE, 0x59, 0xA8, 0x6A, 0xFE, 0x9C, 0xC9, 0xE4, 0x13, 0xE2, 0x0D, 0x44, 0x9F, 0xAE, 0xC0,
    0x46, 0xD9, 0x62, 0xF4, 0x5D, 0xD1, 0xF9, 0xE9, 0xFC, 0x2E, 0x21, 0x5E, 0x41, 0xAC, 0x6A, 0xBE,
    0xBD, 0x26, 0xD3, 0x61, 0x65, 0xB7, 0x19, 0xB2, 0x90, 0xB1, 0x77, 0xFD, 0xD1, 0x1E, 0x08, 0x24,
    0xBC, 0xD1, 0xE2, 0x76, 0x65, 0x89, 0x74, 0x1E, 0xAA, 0x53, 0x8E, 0x8E, 0xD1, 0x7D, 0x1C, 0xF1,
    0xE2, 0x92, 0x74, 0xAB, 0xE3, 0xEA, 0x7F, 0xB3, 0xFA, 0xB7, 0x57, 0xCF, 0xB5, 0x22, 0xF3, 0xA5,
    0x83, 0xE3, 0x4B, 0xEC, 0x51, 0xAD, 0x8E, 0x2D, 0x9A, 0x58, 0x11, 0x60, 0xF0, 0x11, 0x19, 0x47,
    0x0D, 0xD6, 0x9F, 0x31, 0xC0, 0xD1, 0xFA, 0xCA, 0x2F, 0x8E, 0x80, 0x5F, 0x1D, 0x6B, 0x38, 0xDA,
    0x0C, 0xCD, 0xF9, 0x36, 0x03, 0x52, 0x06, 0xCE, 0x00, 0x27, 0x1F, 0x01, 0xAF, 0x71, 0x5C, 0xB2,
    0x60, 0xBB, 0x5B, 0x7E, 0xE1, 0xE1, 0x96, 0x8E, 0x19, 0x78, 0x1B, 0xD5, 0xF5, 0x9F, 0x01, 0x3F,
    0x65, 0x8F, 0xD4, 0x59, 0x20, 0x47, 0xEB, 0x11, 0x32, 0x5A, 0x8F, 0xF0, 0xE8, 0x11, 0x58, 0x8F,
    0x80, 0x20, 0xE2, 0x46, 0xC9, 0x4E, 0x5C, 0xB6, 0x1E, 0x01, 0x39, 0xEF, 0x9F, 0x7A, 0x51, 0x35,
    0x8A, 0x5C, 0x50, 0x8F, 0x64, 0xD1, 0x7A, 0x84, 0xA9, 0x7A, 0x84, 0xE0, 0x9F, 0x8D, 0x59, 0x78,
    0x0E, 0xDF, 0xBA, 0xE8, 0x91, 0xFA, 0xB2, 0x47, 0x0E, 0x65, 0xB8, 0xE8, 0x11, 0x39, 0xBE, 0x1A,
    0x50, 0x00, 0xB6, 0x28, 0x38, 0xA1, 0x64, 0x84, 0xFF, 0x4F, 0xA2, 0xA9, 0x1B, 0x74, 0xF0, 0xB5,
    0xDD, 0x96, 0xB7, 0x67, 0x25, 0xA3, 0xCA, 0x80, 0x3D, 0x9E, 0x04, 0xBB, 0xB5, 0x6B, 0x78, 0x72,
    0xE1, 0xD7, 0x6A, 0x28, 0xA9, 0x57, 0x9E, 0x58, 0xED, 0xFE, 0x03, 0x64, 0x5A, 0xAA, 0x89, 0xF2,
    0x7D, 0x22, 0xE9, 0x09, 0x80, 0x80, 0x8D, 0xCD, 0x3C, 0x02, 0xE5, 0x04, 0x74, 0x36, 0xA9, 0x21,
    0x0F, 0x3D, 0x79, 0x73, 0x27, 0x1C, 0xE1, 0x18, 0x35, 0xF7, 0x9F, 0xE9, 0xCF, 0xB1, 0x19, 0xF7,
    0xE5, 0xDA, 0x1F, 0x9F, 0xD1, 0xD5, 0x79, 0xDB, 0xD5, 0xFE, 0x5D, 0xA2, 0xE2, 0x8A, 0x82, 0x11,
    0xE8, 0x5A, 0xC0, 0xF7, 0x50, 0xAF, 0xE5, 0x01, 0x65, 0x8F, 0xD7, 0xAD, 0x20, 0x19, 0xB4, 0x76,
    0x38, 0x7E, 0xC0, 0x07, 0x9E, 0x3D, 0xD1, 0x19, 0xF0, 0x09, 0xD0, 0x19, 0x78, 0x83, 0xD2, 0x20,
    0x37, 0x40, 0x67, 0x50, 0x7D, 0x01, 0x50, 0x0E, 0xCD, 0xC4, 0x68, 0x57, 0x33, 0x95, 0x43, 0xD6,
    0xE7, 0x7D, 0x11, 0xE1, 0xED, 0x6A, 0xD8, 0xC5, 0x26, 0xE0, 0xF5, 0x84, 0x5E, 0x17, 0x6E, 0x5F,
    0x7F, 0x65, 0xEE, 0xE6, 0x9C, 0xE0, 0xB8, 0xC0, 0xBF, 0x4F, 0xF8, 0xDE, 0xEE, 0x6E, 0xE7, 0x81,
    0x28, 0x8F, 0xB0, 0x24, 0x1C, 0xAE, 0x67, 0x9B, 0xE6, 0x62, 0xAA, 0x79, 0x79, 0x35, 0xDB, 0x2A,
    0xBA, 0x63, 0xB6, 0x0D, 0xC2, 0x7E, 0xAF, 0x76, 0x3D, 0x9B, 0x07, 0xAD, 0xBE, 0x8F, 0x38, 0x5E,
    0xCD, 0x66, 0x74, 0xFB, 0xC8, 0x78, 0x46, 0xBD, 0x53, 0xAB, 0x97, 0xB2, 0x15, 0x62, 0x17, 0x77,
    0xAE, 0x02, 0x00, 0x02, 0x7E, 0xDC, 0x99, 0xBD, 0x38, 0x25, 0xC4, 0xF9, 0x22, 0xB6, 0xE2, 0x62,
    0x1F, 0x76, 0x6E, 0x86, 0x62, 0x36, 0x66, 0x5B, 0x1A, 0x67, 0xD4, 0x30, 0x40, 0x11, 0x41, 0xE3,
    0x72, 0xCA, 0xC4, 0x3E, 0x14, 0x1F, 0x19, 0xB3, 0x2F, 0x1F, 0xCD, 0x12, 0xD1, 0xBC, 0x34, 0x4B,
    0x04, 0xC9, 0xDE, 0xAC, 0x8A, 0xAB, 0x20, 0x96, 0x88, 0x2C, 0xEE, 0x22, 0xB2, 0xD9, 0x44, 0x88,
    0xBF, 0x50, 0x3F, 0x9A, 0xDD, 0x8F, 0xBF, 0x25, 0xE5, 0x47, 0x6E, 0x3A, 0x5E, 0x2D, 0x62, 0x1E,
    0x7C, 0xBF, 0xCF, 0x07, 0x63, 0x1F, 0x76, 0xA6, 0xDD, 0x12, 0x61, 0x16, 0x25, 0xA2, 0x9A, 0x76,
    0x11, 0xEC, 0x25, 0x22, 0x5F, 0x21, 0x11, 0xCE, 0xEC, 0xB0, 0x17, 0xA7, 0x84, 0x38, 0xA1, 0x89,
    0xB3, 0x7C, 0x04, 0x32, 0xA2, 0x22, 0x15, 0xB2, 0xA2, 0xE7, 0xDE, 0x14, 0xB8, 0x37, 0x95, 0x1E,
    0x0E, 0xF8, 0x68, 0x4D, 0x89, 0x33, 0xD9, 0x3D, 0x1C, 0x48, 0xB8, 0xFB, 0x8B, 0xAE, 0x36, 0x7F,
    0xCB, 0x9E, 0x60, 0x7F, 0xAF, 0xF6, 0x64, 0x4A, 0xF8, 0xD1, 0x31, 0xE6, 0x0B, 0xBA, 0x31, 0xE1,
    0xE8, 0xE2, 0x06, 0xEA, 0x88, 0x5C, 0xDC, 0x0C, 0x4E, 0xCC, 0xD6, 0xBF, 0x37, 0x4A, 0x04, 0xDD,
    0x68, 0x22, 0x92, 0x68, 0x6C, 0xFD, 0x46, 0x89, 0xD8, 0x99, 0xBD, 0x58, 0x22, 0xCA, 0x71, 0x17,
    0xE1, 0x46, 0x13, 0x21, 0xD6, 0xBD, 0xF7, 0x3C, 0xE3, 0x15, 0xE8, 0x99, 0x1B, 0x70, 0x99, 0xFC,
    0x74, 0x42, 0xB7, 0x41, 0xA2, 0xDD, 0x80, 0x41, 0xA7, 0x6D, 0x84, 0x62, 0x34, 0x03, 0x95, 0x1C,
    0x5F, 0x4E, 0x1B, 0xCD, 0x84, 0x62, 0xF4, 0x11, 0xE5, 0xEA, 0xF9, 0x63, 0x2E, 0x25, 0xC9, 0xA8,
    0x4D, 0x59, 0x42, 0x1E, 0x8B, 0x2B, 0xD2, 0x09, 0x96, 0xB2, 0x65, 0x27, 0x8A, 0xB4, 0x5D, 0x94,
    0xE7, 0xA2, 0x6F, 0xFE, 0x04, 0xB7, 0x53, 0x45, 0x91, 0x67, 0x6B, 0xD4, 0xEC, 0x35, 0x78, 0x92,
    0xF9, 0x96, 0xDE, 0x6C, 0xD2, 0x26, 0x91, 0xDF, 0x77, 0x6E, 0x95, 0x91, 0x5B, 0xB5, 0xB5, 0x2D,
    0xA3, 0xA3, 0x19, 0x89, 0x85, 0x68, 0xCE, 0xCC, 0x5A, 0x17, 0xB4, 0xC9, 0x35, 0x99, 0x83, 0x96,
    0xCE, 0x63, 0x3B, 0x72, 0xD2, 0x8C, 0xDC, 0x28, 0xC2, 0x9D, 0xF4, 0xF0, 0x61, 0xB7, 0xA2, 0x5A,
    0xA1, 0x0D, 0x50, 0x34, 0xAA, 0x9B, 0x08, 0x2D, 0x76, 0xF3, 0xB9, 0x65, 0xCE, 0x76, 0x5F, 0xDC,
    0x2C, 0xF2, 0x3B, 0x75, 0x01, 0x12, 0xDA, 0x8A, 0xFE, 0xE9, 0xE9, 0x77, 0x33, 0x9B, 0x00, 0xB5,
    0x7B, 0xA1, 0x3A, 0xA1, 0xDC, 0xCC, 0x17, 0x17, 0xD5, 0x99, 0xE9, 0x4F, 0x9F, 0x7A, 0x37, 0xBB,
    0xF6, 0x0F, 0x24, 0x62, 0x5A, 0x25, 0x82, 0x8B, 0x89, 0xF8, 0x2F, 0x9A, 0x96, 0x7B, 0x75, 0x35,
    0x3C, 0xF5, 0xFE, 0xBD, 0x82, 0xDA, 0x44, 0xC4, 0x62, 0xDE, 0x5B, 0x97, 0x08, 0x8A, 0x8A, 0x45,
    0x94, 0xCE, 0x59, 0x78, 0xEA, 0xDD, 0xCC, 0xE3, 0x21, 0xB7, 0xBE, 0x94, 0x5B, 0x0E, 0x46, 0xB1,
    0x18, 0x0F, 0xBA, 0x78, 0xD8, 0xB1, 0x3F, 0x2B, 0x88, 0xFA, 0x8B, 0x87, 0x37, 0xFF, 0x0B, 0xCA,
    0xBF, 0x93, 0x9A, 0x19, 0xD6, 0xA6, 0x97, 0x7F, 0x2C, 0x45, 0x8B, 0xDC, 0xAC, 0x0E, 0xFF, 0x62,
    0x6E, 0xD6, 0xFC, 0x24, 0x45, 0x5D, 0x48, 0x77, 0x37, 0xC1, 0x11, 0x09, 0xFF, 0xE7, 0xE1, 0x2D,
    0x37, 0x8B, 0x0B, 0x37, 0x97, 0x8D, 0xE4, 0x5F, 0xB5, 0xDC, 0xB8, 0x59, 0xDC, 0x76, 0x13, 0xA5,
    0xEA, 0x48, 0xF1, 0x91, 0xE9, 0xCE, 0x0C, 0x8F, 0x4C, 0x7A, 0x66, 0x32, 0xA1, 0xD4, 0x36, 0x7B,
    0xA6, 0x94, 0x7A, 0x49, 0x3D, 0x32, 0xCD, 0x99, 0x61, 0xF0, 0x72, 0x34, 0xE5, 0x68, 0x19, 0xB5,
    0xB7, 0x67, 0x0A, 0xB6, 0xCA, 0x48, 0x96, 0x32, 0x7E, 0xC1, 0x5E, 0xAB, 0xE1, 0xD1, 0xC4, 0xA9,
    0x21, 0x39, 0x33, 0xD9, 0x99, 0x29, 0xF8, 0xC1, 0xC3, 0xCE, 0xF2, 0x8E, 0xBB, 0xE8, 0xE8, 0x6F,
    0x32, 0xF1, 0xC8, 0x70, 0x3E, 0x32, 0x66, 0xB1, 0xB5, 0x3A, 0x9C, 0x77, 0xE3, 0xBB, 0xC1, 0x61,
    0x8F, 0x9B, 0xE3, 0x98, 0x30, 0x96, 0xAC, 0xE1, 0x47, 0x33, 0xF2, 0xFC, 0xA9, 0x42, 0xC8, 0x59,
    0x38, 0x09, 0xC3, 0x2D, 0x9C, 0x1E, 0x97, 0xE9, 0xA2, 0xA1, 0xDF, 0x71, 0x05, 0xBE, 0x81, 0x4A,
    0x36, 0x1D, 0x47, 0x30, 0xE6, 0x64, 0xC7, 0x90, 0xAA, 0x5D, 0x05, 0xB7, 0x86, 0x3B, 0x23, 0xDD,
    0x9A, 0x67, 0xFD, 0xE5, 0xCF, 0x29, 0xAD, 0x8C, 0xD8, 0xA3, 0xE7, 0x84, 0x9E, 0x8A, 0xB3, 0xB5,
    0xF3, 0xA6, 0x5A, 0xAC, 0x0D, 0x86, 0xF3, 0x37, 0x14, 0x4D, 0xB8, 0xEB, 0x55, 0x53, 0x81, 0x7A,
    0x12, 0x48, 0xF8, 0x13, 0x81, 0x0C, 0x4F, 0x84, 0x4F, 0xAA, 0xF1, 0xE4, 0x36, 0x00, 0xA8, 0xB7,
    0xD6, 0xD3, 0xA5, 0x4A, 0x8E, 0x8E, 0x00, 0x1E, 0x7E, 0x85, 0x44, 0x2E, 0x00, 0xB4, 0x76, 0x68,
    0xDB, 0xD4, 0x7C, 0x18, 0x91, 0xF0, 0x25, 0x5A, 0x20, 0x1F, 0xD6, 0x5F, 0x15, 0x91, 0xCF, 0xE1,
    0x59, 0x80, 0xC9, 0x8A, 0x8C, 0x3F, 0xE2, 0x06, 0x8F, 0x88, 0xD4, 0x44, 0xE2, 0x2D, 0xC4, 0xAF,
    0x4A, 0x24, 0xCB, 0x56, 0xBB, 0x62, 0xED, 0x59, 0xDC, 0x02, 0x64, 0xAC, 0x81, 0xD7, 0x5A, 0x9C,
    0xA9, 0x21, 0x87, 0xCB, 0x5B, 0xE6, 0x3E, 0xE7, 0x7D, 0xCB, 0x26, 0xAA, 0x1A, 0xE8, 0x7A, 0xA4,
    0xEC, 0x91, 0x1F, 0xFF, 0xE2, 0xBE, 0xF0, 0xE0, 0xCB, 0xD5, 0x50, 0x8C, 0xFB, 0x02, 0x40, 0x22,
    0x23, 0x7B, 0x17, 0x7D, 0x78, 0xE1, 0xC1, 0x37, 0x6F, 0x76, 0x6D, 0x25, 0x39, 0x5D, 0xDE, 0x2A,
    0xFB, 0xF9, 0xEE, 0x5B, 0x36, 0xEF, 0xE1, 0x1E, 0x7C, 0xDF, 0xF4, 0x4D, 0xE0, 0xD0, 0x05, 0x8E,
    0xCD, 0xC8, 0xBE, 0xEC, 0x7D, 0xFD, 0x65, 0xC6, 0x21, 0x23, 0xD9, 0x02, 0x46, 0xCB, 0x4E, 0xEC,
    0x77, 0x0A, 0x3B, 0xC5, 0x8D, 0xDA, 0x84, 0x34, 0x42, 0xB5, 0x93, 0x63, 0x6B, 0x94, 0xB1, 0x3F,
    0xA8, 0x23, 0x43, 0xCA, 0xE1, 0x82, 0x92, 0x9B, 0x4F, 0xF7, 0xF9, 0xC1, 0x1B, 0x1B, 0x5D, 0x55,
    0x10, 0x15, 0x3B, 0x95, 0xAC, 0x6F, 0x5A, 0x50, 0x7B, 0xA2, 0x69, 0xA7, 0xFE, 0x52, 0x99, 0xD6,
    0xDE, 0x05, 0x0F, 0x00, 0xC7, 0x47, 0x01, 0xF0, 0xA4, 0xE1, 0xDF, 0x71, 0x04, 0xBE, 0x85, 0xAE,
    0xC6, 0x65, 0x22, 0x2D, 0xE6, 0x64, 0x2D, 0xEC, 0x85, 0x83, 0x30, 0x08, 0x67, 0x61, 0x14, 0xAE,
    0x86, 0xBF, 0xA6, 0xE1, 0x2F, 0xD8, 0x6E, 0xF8, 0x3E, 0xFB, 0x0D, 0x47, 0x06, 0xC3, 0x46, 0xE8,
    0xA3, 0xA1, 0x5B, 0x84, 0x34, 0xCC, 0xD8, 0x6C, 0x98, 0x92, 0x1B, 0x62, 0xC7, 0x4E, 0xE8, 0x85,
    0xA5, 0xD0, 0x09, 0x73, 0x61, 0xC6, 0x08, 0xFC, 0x25, 0x2C, 0x65, 0x71, 0x27, 0x8A, 0x52, 0xF6,
    0xE2, 0x2E, 0x88, 0x5C, 0xC4, 0xED, 0x74, 0x9F, 0x36, 0x41, 0x72, 0x05, 0x03, 0x5E, 0xA1, 0xC1,
    0x55, 0x37, 0x39, 0x06, 0x90, 0x28, 0xD5, 0x4D, 0xB5, 0x27, 0xE0, 0xCC, 0x0B, 0x58, 0xB8, 0x1B,
    0xD1, 0xD0, 0xCD, 0xD6, 0x56, 0xE0, 0xFE, 0x5F, 0x1F, 0xAD, 0xB5, 0x5B, 0xB4, 0x7F, 0x77, 0x94,
    0x3C, 0xEA, 0x1D, 0x56, 0x0E, 0x9B, 0x47, 0x0B, 0x6A, 0xEF, 0xEC, 0xB4, 0x53, 0xCB, 0xA9, 0x2C,
    0x27, 0xD7, 0xC7, 0xAA, 0x71, 0xED, 0xF6, 0xE9, 0xA0, 0x9F, 0x45, 0x1C, 0x0D, 0x33, 0x7E, 0xED,
    0x9C, 0x7E, 0x43, 0x98, 0x2F, 0xA2, 0x92, 0xB5, 0x51, 0x77, 0x6C, 0x9C, 0x7F, 0x30, 0x2B, 0x0E,
    0x19, 0xBF, 0x76, 0x3D, 0xFD, 0x3B, 0x06, 0x1C, 0x1A, 0x40, 0x35, 0x1E, 0xBB, 0xE2, 0x42, 0x15,
    0xBE, 0x5E, 0xDE, 0x26, 0x31, 0x9B, 0xB4, 0x77, 0x2A, 0xF6, 0x7D, 0xAE, 0x5B, 0xE5, 0x8A, 0x5B,
    0x34, 0xD4, 0xF7, 0xC1, 0xFE, 0xCA, 0x76, 0x7D, 0x2D, 0xBC, 0x4D, 0x6B, 0x7C, 0x03, 0x45, 0x0F,
    0x8F, 0x2A, 0xC0, 0xC4, 0x64, 0x1C, 0x4A, 0x3A, 0xB6, 0x2A, 0x95, 0x1C, 0x1B, 0xF6, 0x11, 0xA8,
    0xD8, 0x02, 0x5E, 0x9E, 0xC9, 0x2F, 0x79, 0xF5, 0x8F, 0x84, 0x5F, 0x73, 0xF6, 0x7E, 0x4E, 0xD8,
    0xBB, 0x11, 0x0D, 0xB2, 0x16, 0xCF, 0xEF, 0xB6, 0x7F, 0x77, 0x8F, 0x88, 0xDF, 0xDB, 0x25, 0x60,
    0x18, 0x9F, 0x10, 0x11, 0xBF, 0x47, 0x84, 0x8A, 0x48, 0x46, 0x45, 0xA4, 0xF8, 0x48, 0x11, 0x29,
    0x7F, 0x2E, 0xAF, 0xFD, 0x8B, 0x8A, 0xC1, 0x0A, 0xA3, 0x2C, 0x8A, 0x8A, 0x60, 0x34, 0x95, 0xBD,
    0x22, 0xE2, 0x6B, 0x45, 0x64, 0x55, 0x44, 0x18, 0xF7, 0x88, 0x84, 0x3D, 0x22, 0xFD, 0xAD, 0x88,
    0x88, 0xF4, 0xB5, 0x22, 0xE2, 0xDE, 0x51, 0x44, 0x32, 0x34, 0xEA, 0xC7, 0x52, 0x53, 0xDA, 0x8F,
    0xC2, 0xC9, 0xB0, 0x5C, 0x2E, 0xD6, 0xB2, 0x8B, 0x6D, 0x95, 0x12, 0x03, 0xC0, 0xF1, 0x4B, 0xC0,
    0x84, 0x43, 0x37, 0x21, 0x55, 0x7C, 0xE4, 0x9F, 0xB9, 0x57, 0x91, 0x34, 0xEF, 0x48, 0xF3, 0xFD,
    0xEC, 0xED, 0x11, 0x28, 0x28, 0xD1, 0xA8, 0xE4, 0x0D, 0x7B, 0x00, 0xA9, 0xB0, 0xA0, 0x5C, 0x8A,
    0x80, 0xB6, 0x67, 0x4F, 0x91, 0x2F, 0x55, 0x7B, 0x6A, 0x44, 0x46, 0xD3, 0xEF, 0x48, 0x00, 0xB6,
    0xC1, 0x02, 0x1E, 0xD6, 0x2F, 0xBC, 0xF1, 0xF4, 0xF8, 0x72, 0x4F, 0x0B, 0xAA, 0xEF, 0x1B, 0xFD,
    0x6E, 0x62, 0xFA, 0x19, 0x38, 0x9C, 0xBE, 0x54, 0xAD, 0xAF, 0x9F, 0xA6, 0x31, 0x96, 0x8F, 0xA2,
    0x32, 0x88, 0x9A, 0x9D, 0x38, 0x5C, 0x4C, 0x9A, 0x67, 0x6E, 0xFF, 0x70, 0xFA, 0xC5, 0x9F, 0xF3,
    0x9B, 0x61, 0x51, 0x15, 0x3F, 0x3F, 0x31, 0xE0, 0xC9, 0x48, 0xFE, 0x44, 0xC8, 0x56, 0x38, 0x09,
    0x17, 0x21, 0xF7, 0xBD, 0x79, 0xBD, 0x61, 0xC1, 0xDE, 0x1C, 0xBA, 0xC0, 0x5C, 0x58, 0xB2, 0xDD,
    0x4B, 0x1A, 0xAC, 0xC2, 0x28, 0x1C, 0x0C, 0x97, 0x4F, 0x68, 0x57, 0x88, 0xFB, 0xC7, 0x3E, 0x7F,
    0x06, 0xDC, 0x79, 0x88, 0xCF, 0x1A, 0x7E, 0xB1, 0xC9, 0xDE, 0x4D, 0xD8, 0x90, 0x01, 0x9D, 0x90,
    0x86, 0xB9, 0xE1, 0xD8, 0x11, 0x86, 0x8B, 0x90, 0xBD, 0x30, 0x6C, 0xF8, 0x1D, 0xC6, 0x0D, 0xE1,
    0x57, 0x43, 0x47, 0xC3, 0x9C, 0xF5, 0x86, 0xD9, 0x81, 0xAD, 0x3D, 0x11, 0x3A, 0x3D, 0xA9, 0xAC,
    0xCC, 0xAF, 0x69, 0x48, 0x46, 0xE1, 0xB4, 0x61, 0xC3, 0x41, 0x3D, 0x65, 0xA0, 0x31, 0xD1, 0x9F,
    0x03, 0xA3, 0x9A, 0x6F, 0x76, 0x4F, 0x2B, 0x2E, 0x53, 0xCE, 0x09, 0x68, 0x48, 0xA4, 0x24, 0xFB,
    0x9C, 0xE4, 0x58, 0x28, 0x80, 0xFF, 0x72, 0x1C, 0x6D, 0xCC, 0xAA, 0x6D, 0x2E, 0xCF, 0xA8, 0xC8,
    0x39, 0xE5, 0x06, 0x8E, 0x6B, 0x37, 0x57, 0xAC, 0xFD, 0xEC, 0x23, 0x36, 0x98, 0xE1, 0xE3, 0x06,
    0x4D, 0xF4, 0x4B, 0xC2, 0xE8, 0x49, 0x46, 0x67, 0x90, 0x93, 0x2F, 0x47, 0x74, 0x33, 0x2C, 0xFD,
    0x50, 0x23, 0xE5, 0x1C, 0x9D, 0x4E, 0x2A, 0x83, 0x09, 0x6C, 0xEF, 0x46, 0x50, 0x73, 0x2E, 0xCE,
    0x85, 0x35, 0xE9, 0x3F, 0x5E, 0x00, 0xBE, 0xCD, 0x3A, 0x79, 0x88, 0xD7, 0xDA, 0xBB, 0x10, 0x54,
    0x4E, 0x69, 0x8D, 0x86, 0x65, 0x0F, 0x6B, 0x28, 0x59, 0x3C, 0x6B, 0xFC, 0x79, 0x1E, 0xEF, 0x24,
    0x38, 0x1E, 0x6F, 0x29, 0x1A, 0x2D, 0xF8, 0x33, 0xF6, 0x3B, 0x74, 0x2D, 0x6D, 0x47, 0xFA, 0xDC,
    0xDD, 0xF4, 0x56, 0x57, 0x03, 0x19, 0x03, 0xE0, 0xAC, 0xC9, 0xF2, 0xDF, 0x22, 0x50, 0xF5, 0x27,
    0xE8, 0xA3, 0xBE, 0x50, 0x11, 0xB0, 0xFE, 0xB2, 0xF5, 0xE5, 0x1C, 0x53, 0xFE, 0x12, 0x6A, 0xAC,
    0x22, 0x81, 0x94, 0x4A, 0x3D, 0x72, 0xB1, 0x16, 0x23, 0x50, 0xFB, 0x2B, 0x6B, 0x9C, 0x70, 0xD1,
    0xA2, 0xE9, 0x23, 0x8A, 0x15, 0x80, 0x65, 0x32, 0xC2, 0x0C, 0xFC, 0xE6, 0xD5, 0xBF, 0x20, 0x50,
    0x50, 0x09, 0xC9, 0xCE, 0x3C, 0x1F, 0x10, 0x25, 0x1F, 0x48, 0x3B, 0x4C, 0x5C, 0x84, 0xBC, 0x78,
    0x9C, 0x69, 0x88, 0xDF, 0x07, 0x4C, 0x28, 0x7F, 0xD5, 0x4D, 0xF0, 0x54, 0x9A, 0xE1, 0xC8, 0x48,
    0x6A, 0x35, 0xE1, 0xE8, 0xC9, 0x1A, 0x68, 0xD6, 0xE3, 0xD5, 0xA7, 0x82, 0xED, 0xED, 0x37, 0xEF,
    0xFE, 0x9E, 0xA3, 0x8F, 0xE8, 0xEA, 0x66, 0xC2, 0x1F, 0x5E, 0xFE, 0x1A, 0x36, 0xDE, 0x40, 0xB8,
    0x82, 0x66, 0xDE, 0xCA, 0xF9, 0x15, 0xAC, 0x2B, 0x7E, 0xF8, 0xA4, 0x37, 0xEF, 0x7A, 0x20, 0x09,
    0xE7, 0x4F, 0x8F, 0x99, 0x4C, 0xB8, 0x00, 0xDC, 0x2B, 0x47, 0x6D, 0xA2, 0x71, 0x1C, 0x33, 0xAB,
    0xB3, 0xB5, 0x70, 0x59, 0x09, 0x2F, 0x7D, 0xE6, 0x5C, 0xB2, 0xE2, 0x32, 0x15, 0x1C, 0x80, 0x8E,
    0x8B, 0x34, 0xD7, 0x6A, 0xAD, 0xE4, 0x8B, 0x0C, 0x16, 0x94, 0xA9, 0x09, 0x28, 0x63, 0x17, 0xE0,
    0x22, 0xFF, 0xFB, 0xD5, 0x1F, 0x44, 0x92, 0x5C, 0x2E, 0x60, 0xBC, 0xD1, 0x3C, 0xED, 0x61, 0xFC,
    0x23, 0x54, 0xFC, 0x31, 0x07, 0xB3, 0x12, 0x32, 0xF5, 0x5A, 0xC7, 0xF5, 0xE6, 0x9D, 0x9D, 0x37,
    0xCF, 0x77, 0x78, 0x72, 0x03, 0x17, 0x2F, 0x16, 0xAE, 0x3B, 0x11, 0xF4, 0x96, 0x82, 0xD8, 0x1F,
    0x27, 0xCD, 0x9E, 0x11, 0x36, 0x41, 0xEB, 0x54, 0x0B, 0xD7, 0x1D, 0x08, 0x6A, 0x4C, 0x91, 0x29,
    0x48, 0xF8, 0x88, 0xAD, 0x00, 0xAC, 0x09, 0x3C, 0xB7, 0x5D, 0x77, 0x20, 0xC8, 0x6B, 0x00, 0x35,
    0xA3, 0x5E, 0x9A, 0x5B, 0xAE, 0x06, 0x4E, 0xC3, 0xFE, 0xE6, 0x2F, 0x61, 0x8F, 0x4F, 0xFF, 0x87,
    0x1F, 0x22, 0x21, 0x32, 0xCD, 0x5B, 0x1F, 0xD4, 0xF7, 0x9F, 0xDB, 0x66, 0x1E, 0x80, 0xEA, 0xFC,
    0xDD, 0xB4, 0xEB, 0x5D, 0xAC, 0xA6, 0x6F, 0xBF, 0x71, 0xBD, 0x69, 0xCB, 0x19, 0xAF, 0xEE, 0xFD,
    0xB5, 0xB9, 0xCF, 0x76, 0xBB, 0xA1, 0xEC, 0x7D, 0xF0, 0xA3, 0x9F, 0xBA, 0xE0, 0x43, 0x13, 0xCA,
    0xD1, 0xF7, 0x09, 0xEE, 0xE1, 0x32, 0x39, 0xCE, 0x57, 0x37, 0xFC, 0xE7, 0xB8, 0x95, 0xFC, 0x2F,
    0x8B, 0x0D, 0x78, 0xBF, 0xDE, 0x60, 0xC5, 0x0E, 0xDF, 0x26, 0x6B, 0xCB, 0xF6, 0xC7, 0x8F, 0x38,
    0x91, 0x01, 0xF8, 0x67, 0xAB, 0xF2, 0x6C, 0x15, 0x21, 0x27, 0x2B, 0xBA, 0x25, 0x21, 0xDF, 0x5B,
    0x0A, 0x92, 0x6B, 0x69, 0xE0, 0xF9, 0x3D, 0xB2, 0x89, 0xF0, 0x64, 0x40, 0x65, 0x50, 0xAE, 0x1B,
    0x38, 0xC1, 0x62, 0x1F, 0xA3, 0x7D, 0x11, 0xAD, 0xC8, 0x64, 0x85, 0x83, 0x23, 0x39, 0xE4, 0xB4,
    0xD6, 0xC8, 0x05, 0xF8, 0x0E, 0x07, 0xC0, 0xC6, 0x25, 0xD8, 0xBE, 0x89, 0x8C, 0x5C, 0xB5, 0x2E,
    0xC2, 0x8D, 0xCD, 0x88, 0xCB, 0xD4, 0x4D, 0xE0, 0x3B, 0x5C, 0xC1, 0x0F, 0xC9, 0x9A, 0x24, 0x7B,
    0xF2, 0xFB, 0x1B, 0xCC, 0x29, 0x07, 0x06, 0xEC, 0x30, 0x72, 0xBC, 0x81, 0xE1, 0xFF, 0x0B, 0x78,
    0x1D, 0x30, 0x19, 0x06, 0x26, 0xCA, 0x3F, 0x3E, 0xD0, 0x5A, 0x6E, 0x2F, 0x74, 0x3C, 0x66, 0x4D,
    0xEB, 0x48, 0x8E, 0xB6, 0x38, 0xDB, 0xAC, 0x69, 0x62, 0x33, 0xC1, 0x47, 0xF3, 0xDC, 0xDC, 0x77,
    0x82, 0x95, 0xA3, 0xC1, 0x55, 0x5C, 0x16, 0x95, 0x53, 0x0D, 0xD5, 0x95, 0x15, 0xD9, 0x93, 0x65,
    0xB5, 0x71, 0x79, 0x78, 0x55, 0x2C, 0xEA, 0x84, 0x73, 0x11, 0xEE, 0xEA, 0xBB, 0x11, 0x74, 0x71,
    0x50, 0x15, 0xCE, 0x83, 0xAA, 0x1F, 0x1D, 0x07, 0x55, 0x77, 0x21, 0xA8, 0x1A, 0x9F, 0x01, 0xB8,
    0x54, 0x6D, 0x6A, 0x5F, 0x64, 0xB1, 0x23, 0x92, 0x57, 0x8A, 0xE9, 0x4E, 0x82, 0xF3, 0x16, 0x16,
    0x1D, 0xDB, 0xE9, 0x6C, 0xAC, 0x4E, 0x2D, 0x2E, 0x3A, 0x2F, 0xD3, 0xC9, 0xD9, 0x9D, 0xF4, 0x56,
    0x77, 0xBE, 0xA0, 0x94, 0xDD, 0x40, 0xA2, 0xF1, 0xFD, 0x3A, 0x2E, 0xD2, 0x6B, 0xDB, 0x6B, 0x9C,
    0x3F, 0xED, 0x48, 0xF2, 0x1A, 0x88, 0x8B, 0xF4, 0xA7, 0x06, 0x6C, 0xAF, 0x4C, 0x19, 0xA0, 0xBB,
    0x70, 0x2B, 0x80, 0x64, 0x34, 0x19, 0xE1, 0xC6, 0xAD, 0xC9, 0x47, 0x70, 0x73, 0x2B, 0x63, 0xB4,
    0xA7, 0x0B, 0x43, 0xF5, 0xDE, 0xCA, 0xE0, 0x5F, 0x5E, 0x39, 0xAE, 0x6E, 0xE5, 0x47, 0x71, 0x83,
    0x8F, 0x83, 0x5B, 0xC8, 0xA1, 0x5C, 0x3A, 0xB6, 0x3E, 0x7A, 0xA2, 0xD9, 0xE0, 0x74, 0xAB, 0x34,
    0xB7, 0xBC, 0xB9, 0x55, 0x99, 0x5B, 0xFA, 0x05, 0x36, 0x99, 0x74, 0x5A, 0x62, 0xC0, 0xDD, 0xC9,
    0x73, 0xC2, 0x16, 0x06, 0xD7, 0x89, 0x03, 0x38, 0x7C, 0x16, 0x48, 0x36, 0x18, 0x0D, 0x42, 0x76,
    0xC2, 0x72, 0x5F, 0x27, 0x4B, 0x1C, 0x3C, 0x57, 0x0E, 0x8E, 0xB1, 0x1B, 0xD2, 0xE3, 0x3F, 0x7C,
    0x2D, 0x17, 0xD3, 0xA9, 0xA3, 0x1B, 0x4D, 0x56, 0x0D, 0xA4, 0xF1, 0x6E, 0x04, 0x65, 0xD3, 0xF9,
    0x3F, 0x5D, 0xC3, 0x16, 0x09, 0xBB, 0x51, 0x2F, 0xC4, 0xE8, 0xAD, 0xA6, 0xBB, 0x10, 0x94, 0x4D,
    0x79, 0x40, 0x11, 0x5D, 0x84, 0x5B, 0xCB, 0x0D, 0x4C, 0x4B, 0x16, 0x8B, 0x49, 0xAF, 0xF0, 0xDC,
    0x85, 0xA0, 0x4F, 0xBB, 0xBC, 0x2A, 0x75, 0x9A, 0x6F, 0xF3, 0x31, 0xE9, 0xA6, 0x32, 0xA2, 0x0B,
    0x6E, 0x05, 0x83, 0x23, 0x38, 0xE4, 0x4C, 0xD9, 0xDB, 0xB9, 0x78, 0x9B, 0xF2, 0x11, 0x01, 0xBE,
    0x63, 0xF0, 0xDE, 0x0A, 0x34, 0x8C, 0x80, 0xDF, 0x61, 0x02, 0x4A, 0x86, 0xE3, 0x90, 0xBF, 0xB8,
    0x98, 0x97, 0xAD, 0x81, 0xA9, 0xA0, 0xDD, 0xD1, 0x60, 0x36, 0x08, 0x06, 0xB5, 0xA2, 0xF1, 0x7F,
    0x43, 0x37, 0x81, 0xFF, 0x41, 0x82, 0x1F, 0x92, 0x3D, 0x49, 0x8E, 0xE4, 0x3F, 0x30, 0x30, 0x82,
    0x33, 0x03, 0x9A, 0xB8, 0x81, 0x8F, 0x1C, 0x51, 0x45, 0x0E, 0xA8, 0x16, 0xF6, 0x28, 0x17, 0x0E,
    0x06, 0x7A, 0xA6, 0x6F, 0x05, 0xAA, 0xC1, 0xEF, 0x33, 0xC8, 0x8A, 0xEC, 0xC9, 0xB2, 0xDA, 0xF8,
    0xAD, 0x0A, 0x3E, 0xED, 0xFA, 0x77, 0xF7, 0xE1, 0xFC, 0x5F, 0xDD, 0x9B, 0x3F, 0x8C, 0xE6, 0xC6,
    0x79, 0xC6, 0x1F, 0x92, 0xB6, 0x18, 0x88, 0x08, 0x46, 0x45, 0x04, 0x04, 0x0E, 0x10, 0xA6, 0x14,
    0x0E, 0x01, 0xD8, 0x03, 0x09, 0x86, 0x89, 0x4B, 0x17, 0xB9, 0x00, 0xDE, 0xCA, 0x85, 0x9B, 0x34,
    0x71, 0x8A, 0xEB, 0x01, 0xDB, 0x24, 0xA0, 0x32, 0x45, 0xAE, 0x8A, 0xDB, 0x03, 0xE2, 0xC2, 0x5A,
    0x17, 0xEE, 0x01, 0x4B, 0xA4, 0xAD, 0xE2, 0x8A, 0x14, 0x62, 0xE0, 0x22, 0x45, 0x8A, 0x30, 0x70,
    0xD2, 0xD8, 0xC5, 0x4D, 0x60, 0x06, 0xA1, 0xA0, 0x21, 0x9F, 0xCC, 0xFB, 0xCE, 0xC7, 0xEF, 0xE3,
    0x7E, 0xBB, 0xAB, 0x93, 0xEE, 0x4E, 0x7B, 0xB7, 0x19, 0x70, 0x7E, 0xEF, 0xEC, 0x47, 0xCE, 0xBF,
    0x67, 0x86, 0x33, 0xC3, 0x21, 0x17, 0xE9, 0xE5, 0xE5, 0x13, 0x00, 0x19, 0x39, 0x9D, 0x99, 0xDB,
    0x5C, 0x45, 0x35, 0x96, 0xAD, 0x98, 0x86, 0xBD, 0x18, 0x6E, 0x66, 0x0C, 0x4C, 0x49, 0xB7, 0x4F,
    0xCC, 0xFA, 0x60, 0x0A, 0x56, 0x62, 0xCC, 0x6A, 0xD6, 0x60, 0x4A, 0x6F, 0x28, 0x89, 0xF8, 0x42,
    0xCD, 0x9C, 0x49, 0x6A, 0x9D, 0xCB, 0x24, 0x19, 0xBA, 0x84, 0x03, 0x12, 0x8E, 0xA0, 0x93, 0x44,
    0xB8, 0x99, 0x19, 0xB9, 0x18, 0x0F, 0xB3, 0x99, 0xCB, 0xCB, 0x6E, 0x45, 0xB5, 0x02, 0x86, 0xB0,
    0x5E, 0x4C, 0xDD, 0x04, 0x93, 0xB3, 0xE7, 0x0C, 0x48, 0x6A, 0x0D, 0x89, 0x1D, 0x1E, 0x5C, 0x5E,
    0x22, 0xBA, 0x9C, 0x53, 0xFC, 0x2D, 0x25, 0xD9, 0x4B, 0xC2, 0x63, 0x41, 0xC9, 0xF1, 0xE7, 0xB0,
    0x93, 0x96, 0x29, 0xA0, 0x0A, 0x78, 0xC4, 0x19, 0x15, 0x39, 0xA7, 0x0C, 0x30, 0x5C, 0xBB, 0xB9,
    0x62, 0x6D, 0x67, 0xEB, 0x11, 0x30, 0xC3, 0xFA, 0x80, 0xC6, 0xDB, 0x25, 0xA1, 0xB7, 0x52, 0x2C,
    0x23, 0xC8, 0xC9, 0xBF, 0xF2, 0xE8, 0x24, 0x8D, 0xD4, 0x67, 0xA2, 0x46, 0x42, 0x23, 0x06, 0xE4,
    0x10, 0xE5, 0xAB, 0xC5, 0xBC, 0x35, 0xDF, 0x7B, 0x85, 0x2D, 0x7E, 0x08, 0xD8, 0x5F, 0xAC, 0x40,
    0x49, 0xBD, 0x60, 0x02, 0x92, 0x58, 0x58, 0xDC, 0xA9, 0xD6, 0xF7, 0x4F, 0x3A, 0x88, 0xA9, 0xC5,
    0x98, 0x59, 0x88, 0xCA, 0xA9, 0xB1, 0xD1, 0x54, 0x1C, 0xF4, 0x5C, 0x34, 0x29, 0xFB, 0x3B, 0x12,
    0xB2, 0x92, 0xA4, 0xD8, 0x4A, 0x96, 0x5A, 0x42, 0x85, 0x0F, 0x54, 0x54, 0x02, 0x3C, 0x16, 0x14,
    0x93, 0xB0, 0x9C, 0x85, 0x8D, 0xC3, 0xD6, 0xEE, 0xD9, 0x8A, 0x33, 0xD7, 0x48, 0x6A, 0x05, 0x39,
    0x4B, 0x90, 0x44, 0x12, 0xC0, 0x21, 0xCA, 0x67, 0x38, 0x26, 0xF4, 0x25, 0x6B, 0xD8, 0xD1, 0xAE,
    0xC0, 0x1F, 0xC2, 0x7A, 0x8D, 0xA3, 0xE4, 0xAC, 0x9C, 0x94, 0xEE, 0x1A, 0x27, 0xE5, 0x7C, 0xBA,
    0xDE, 0x2A, 0x25, 0x9D, 0xDF, 0x47, 0x4C, 0x33, 0xA6, 0x9F, 0x6B, 0x5E, 0xA9, 0x70, 0xD0, 0x32,
    0xD4, 0x30, 0xD4, 0xFA, 0x74, 0xB1, 0x05, 0xFC, 0x56, 0xF0, 0x62, 0xD1, 0x2E, 0x20, 0x29, 0x8E,
    0x72, 0xBA, 0xC6, 0xCE, 0x15, 0x52, 0x11, 0x89, 0x27, 0x65, 0xD7, 0xA6, 0xEE, 0x2B, 0xFE, 0x88,
    0xA3, 0xF5, 0xE8, 0xEA, 0x66, 0xC6, 0x9F, 0x68, 0xC1, 0xF6, 0x18, 0x63, 0x68, 0x8F, 0x6E, 0x8E,
    0x05, 0xFD, 0x08, 0x96, 0xFF, 0xC8, 0xC1, 0x6C, 0x6D, 0x19, 0x53, 0x46, 0x29, 0x79, 0x20, 0xD3,
    0xAA, 0x19, 0xAF, 0x5C, 0x4E, 0xE1, 0x7C, 0x16, 0xE2, 0xE1, 0x7D, 0x12, 0x57, 0x8A, 0x9F, 0x4A,
    0x28, 0x63, 0xBB, 0x75, 0x79, 0x4A, 0x52, 0x7F, 0x80, 0xD7, 0x22, 0xEE, 0xDB, 0x4F, 0xD2, 0x0F,
    0xA4, 0xA1, 0x45, 0xD1, 0x84, 0x9D, 0xDB, 0x44, 0x44, 0xB9, 0x42, 0xA5, 0xBF, 0x6F, 0xFD, 0x37,
    0x63, 0xC2, 0x16, 0x7C, 0xBA, 0x00, 0x56, 0xD2, 0x2C, 0x38, 0x1C, 0xEE, 0x5E, 0xBC, 0xF7, 0x5A,
    0x24, 0x4E, 0x2E, 0xF1, 0x40, 0x72, 0xFA, 0x05, 0x03, 0xED, 0x67, 0x8B, 0x66, 0x3D, 0x05, 0x26,
    0x1C, 0xB4, 0xB2, 0xB8, 0xEA, 0x48, 0x8E, 0x4A, 0xB6, 0xCA, 0x49, 0xB9, 0x28, 0x59, 0xD3, 0xC1,
    0xB2, 0x0F, 0xCC, 0x39, 0x06, 0x26, 0x74, 0x81, 0x88, 0xEC, 0x26, 0x61, 0x33, 0x0B, 0x6D, 0xA4,
    0x3F, 0x85, 0x1B, 0x65, 0xBC, 0x86, 0xEE, 0x18, 0x37, 0xA6, 0xD3, 0xB0, 0x8F, 0xE9, 0x9F, 0xF2,
    0x9A, 0x4E, 0x65, 0xF8, 0xCF, 0x4D, 0xB2, 0x5E, 0xEF, 0x40, 0xE3, 0xD4, 0x94, 0xD1, 0x54, 0x83,
    0x1A, 0xDB, 0x5F, 0x31, 0x75, 0x34, 0x32, 0x46, 0x9A, 0x45, 0xEA, 0xCA, 0x7F, 0x58, 0xB4, 0xDF,
    0x3C, 0x5B, 0xA0, 0x62, 0x6B, 0xFB, 0xFC, 0x48, 0xCD, 0x82, 0x66, 0x11, 0x29, 0x25, 0x24, 0xB2,
    0x96, 0xD1, 0x98, 0xE7, 0x9B, 0x52, 0xE2, 0x79, 0xD8, 0x43, 0x2A, 0x2B, 0xB4, 0x19, 0xD6, 0x98,
    0x03, 0x81, 0x3C, 0x9A, 0x84, 0x7C, 0x4A, 0x00, 0x95, 0x88, 0xAF, 0xED, 0xDD, 0x46, 0xB3, 0x44,
    0xC3, 0xFE, 0xCA, 0xFC, 0xE5, 0x83, 0x69, 0x13, 0x52, 0x0C, 0xAA, 0x68, 0x0C, 0x5B, 0x31, 0x19,
    0xFB, 0x83, 0xE9, 0xB4, 0x0F, 0x0E, 0x3B, 0x93, 0x1C, 0xFF, 0x7A, 0xC4, 0xDF, 0x3C, 0x09, 0x66,
    0x1F, 0x21, 0x9A, 0x22, 0x9A, 0x92, 0xF5, 0x31, 0x07, 0xCD, 0x4F, 0xCD, 0xB4, 0x2F, 0xCB, 0x72,
    0x2C, 0xA7, 0x0A, 0x79, 0x46, 0x4B, 0xCE, 0x57, 0xA9, 0xBF, 0xAB, 0xD6, 0x2A, 0x75, 0x54, 0x3A,
    0x0A, 0x1D, 0x75, 0x8E, 0x32, 0x47, 0x95, 0x55, 0x3A, 0xA5, 0xB9, 0x9D, 0xF1, 0x9A, 0xA8, 0x6E,
    0x14, 0x37, 0x6A, 0x1B, 0xA5, 0xCD, 0x95, 0x2A, 0xEC, 0xA6, 0xEB, 0xE5, 0xE5, 0x4F, 0x00, 0x72,
    0xD9, 0xE1, 0xCC, 0x69, 0x65, 0x6F, 0x84, 0x03, 0x70, 0x23, 0x48, 0x77, 0x33, 0x6E, 0x8F, 0x71,
    0x4B, 0x1E, 0xE8, 0x48, 0xEC, 0xF0, 0xBD, 0xCB, 0x0F, 0x8E, 0x23, 0xC1, 0x20, 0xBF, 0x2D, 0xAA,
    0x78, 0xAD, 0xF7, 0x70, 0xC9, 0xBF, 0xA0, 0x93, 0x25, 0xC2, 0xD4, 0x38, 0x94, 0xBE, 0x73, 0x30,
    0x9E, 0xFF, 0x73, 0xF1, 0x5D, 0x4D, 0x6A, 0x39, 0xE1, 0x34, 0x26, 0x34, 0x53, 0x1C, 0x09, 0xFE,
    0x14, 0xD5, 0x36, 0x12, 0xB8, 0x4C, 0x9B, 0xB3, 0xE3, 0x2A, 0x79, 0x8C, 0x87, 0x41, 0x3E, 0x61,
    0x40, 0xB6, 0x9B, 0x02, 0x00, 0x60, 0x79, 0x73, 0x64, 0xC2, 0x47, 0x5A, 0x48, 0x5D, 0xF3, 0xF4,
    0x8A, 0xB3, 0x29, 0xEA, 0x6E, 0x55, 0x7B, 0xDD, 0x6A, 0xC4, 0xD5, 0x1C, 0xEB, 0xDB, 0x97, 0x80,
    0xAF, 0x54, 0x88, 0xF7, 0xAE, 0x09, 0xC1, 0x28, 0x84, 0x9E, 0x97, 0xCB, 0x9B, 0x5E, 0x30, 0x6C,
    0x4B, 0x7B, 0x45, 0xCE, 0x3A, 0x4C, 0xE3, 0x97, 0x75, 0xC2, 0x6F, 0x12, 0x68, 0x9E, 0xE9, 0xD4,
    0xE3, 0xB4, 0x87, 0xBD, 0x51, 0x9D, 0x2B, 0x65, 0x2D, 0x4D, 0xFB, 0x2B, 0x4A, 0xF9, 0x66, 0x20,
    0x17, 0x01, 0x12, 0xD6, 0xA7, 0xC9, 0xF9, 0xAE, 0x6F, 0xC9, 0xCC, 0xE5, 0x81, 0xC8, 0x7C, 0x29,
    0x26, 0x91, 0x93, 0xA7, 0x85, 0x70, 0xE9, 0x85, 0x37, 0x2C, 0x80, 0x24, 0x32, 0x0F, 0x03, 0xB1,
    0x4C, 0xF1, 0xBB, 0xC9, 0x63, 0x82, 0xE1, 0x08, 0xFA, 0xB8, 0x64, 0x69, 0x75, 0xFD, 0xF2, 0x35,
    0x2D, 0x86, 0x46, 0x8E, 0x86, 0x53, 0x34, 0x6E, 0x33, 0x0D, 0x79, 0x6E, 0xA6, 0x68, 0x66, 0x3C,
    0xF8, 0x19, 0x35, 0x5E, 0x41, 0xD8, 0x83, 0x21, 0x60, 0x88, 0x8A, 0x75, 0xF0, 0x9A, 0x5F, 0x77,
    0x18, 0x91, 0x89, 0x34, 0x1A, 0x74, 0xA4, 0x57, 0x99, 0xE9, 0x08, 0x24, 0xDD, 0x5A, 0x4B, 0x71,
    0xF1, 0x51, 0xC0, 0x2F, 0x65, 0xAA, 0x88, 0x0F, 0xA8, 0x2E, 0xDE, 0xEA, 0x3B, 0x57, 0xCD, 0x90,
    0x34, 0xFE, 0x7E, 0xD1, 0x19, 0xA4, 0x14, 0x45, 0x65, 0xDC, 0x5F, 0x1A, 0x99, 0x08, 0xBA, 0x09,
    0xD5, 0x42, 0x07, 0x73, 0x33, 0x26, 0x94, 0xF1, 0x3A, 0x1B, 0xDA, 0x2A, 0xC6, 0x35, 0x82, 0x94,
    0xFC, 0x44, 0x66, 0x1F, 0x9D, 0xBB, 0x8C, 0x8F, 0x50, 0x79, 0x3D, 0xAC, 0x37, 0xE1, 0xE2, 0xE9,
    0x4A, 0xE3, 0x10, 0x28, 0x74, 0xD1, 0x91, 0x3B, 0x9C, 0x96, 0xFB, 0xA8, 0xA2, 0x29, 0xA3, 0x31,
    0x93, 0x9A, 0xA4, 0xFE, 0xFF, 0xD2, 0x38, 0x68, 0x04, 0xC7, 0x81, 0x37, 0xD9, 0x0F, 0xBC, 0x6F,
    0x6C, 0x0B, 0xDD, 0x67, 0xC1, 0x37, 0x97, 0xB8, 0xDD, 0x2A, 0x0B, 0x29, 0xE3, 0x8F, 0xD1, 0x64,
    0xD1, 0x74, 0x5E, 0x8D, 0x1D, 0xD4, 0x94, 0x62, 0x38, 0x6D, 0xB3, 0x81, 0x9C, 0xCB, 0x8F, 0x0F,
    0xCD, 0x71, 0xC2, 0xFC, 0xC1, 0x9B, 0xDA, 0x64, 0x46, 0xED, 0x66, 0x1E, 0xF1, 0xF2, 0xF2, 0x67,
    0x7C, 0x42, 0x75, 0xEE, 0xAA, 0x29, 0x79, 0x71, 0xF1, 0x5D, 0x3E, 0xDC, 0x22, 0x9C, 0x19, 0x71,
    0xCF, 0x31, 0x72, 0xE5, 0xCB, 0x1A, 0x70, 0x00, 0x4E, 0xBC, 0x79, 0xED, 0xCB, 0x31, 0x9E, 0xED,
    0xA6, 0xC0, 0x7F, 0xE5, 0x1A, 0x48, 0xB2, 0x56, 0xF6, 0x81, 0xDF, 0x11, 0xCE, 0x29, 0x07, 0xD0,
    0xE1, 0xC0, 0xF1, 0xEA, 0x31, 0xBC, 0x30, 0xBF, 0x71, 0x79, 0x59, 0x57, 0x64, 0xBB, 0xF9, 0xAB,
    0xC3, 0x11, 0x87, 0xBD, 0x97, 0x9C, 0x5F, 0xD2, 0x9F, 0xA7, 0x29, 0x3E, 0x1E, 0x0F, 0xB6, 0x05,
    0x6D, 0xC3, 0xFE, 0x78, 0xC8, 0x28, 0xF2, 0x85, 0x8F, 0xBB, 0x28, 0xAE, 0x2E, 0x7D, 0xCD, 0x14,
    0x37, 0xF8, 0xAC, 0x8B, 0x5B, 0x7B, 0x26, 0xF8, 0x94, 0xBD, 0x0C, 0x74, 0xAC, 0xF5, 0x59, 0x69,
    0x08, 0x87, 0xFC, 0xD2, 0x41, 0xDC, 0x4B, 0x54, 0x2B, 0x91, 0xD4, 0x6A, 0x33, 0x49, 0x7E, 0x56,
    0x1F, 0x9E, 0x0D, 0x7B, 0x49, 0xF9, 0xEB, 0x00, 0x6C, 0x0F, 0x74, 0xA3, 0x96, 0x53, 0x97, 0x54,
    0x55, 0x7B, 0xA7, 0x4D, 0xF7, 0x52, 0x0D, 0x05, 0x49, 0xF2, 0x73, 0x02, 0x72, 0xBC, 0x96, 0x40,
    0xDE, 0xC6, 0x80, 0xD4, 0x48, 0x03, 0x29, 0x87, 0x84, 0x63, 0x0C, 0x67, 0xB1, 0xF0, 0x64, 0x17,
    0x03, 0x96, 0x24, 0x24, 0x50, 0x92, 0x8B, 0x06, 0x72, 0x72, 0xDA, 0x9A, 0xA0, 0x96, 0xB9, 0x2F,
    0xA9, 0xC1, 0xDA, 0xCC, 0x21, 0xA6, 0xF5, 0x19, 0x07, 0xBB, 0x28, 0x52, 0xF6, 0x95, 0x47, 0x87,
    0xC2, 0x9D, 0xAF, 0xCF, 0xE4, 0xC4, 0x19, 0x12, 0x01, 0x5E, 0x0D, 0xE2, 0xEC, 0xF5, 0x6E, 0x17,
    0xD0, 0x70, 0x16, 0x38, 0xC1, 0x10, 0xB0, 0xE2, 0xB8, 0xA1, 0x52, 0xB2, 0x0F, 0xB4, 0x44, 0x20,
    0xBD, 0x56, 0xDC, 0x05, 0x1A, 0xD5, 0xC4, 0x12, 0x81, 0xF4, 0x81, 0xBF, 0x93, 0xD8, 0xFC, 0x4C,
    0xA2, 0x93, 0xAC, 0x95, 0xBD, 0x72, 0x54, 0x3A, 0xA5, 0x17, 0x6A, 0x2C, 0x6F, 0x58, 0x83, 0x2E,
    0x67, 0x7F, 0x4C, 0x13, 0x9C, 0x85, 0xCD, 0x22, 0xAC, 0x28, 0x34, 0x9A, 0x7B, 0xB6, 0x6D, 0x11,
    0x1D, 0x27, 0x3A, 0x65, 0xD3, 0x2B, 0x9D, 0xD0, 0x4C, 0x27, 0x56, 0x0E, 0xDB, 0x5E, 0x7C, 0xB2,
    0x06, 0x70, 0xF8, 0xA2, 0xC8, 0xE8, 0x38, 0x14, 0xEC, 0xA5, 0x15, 0xC1, 0xA1, 0xF1, 0x01, 0x52,
    0xAE, 0x5F, 0x49, 0x29, 0x9F, 0xB1, 0xBE, 0xB2, 0x2B, 0x40, 0x45, 0x1F, 0xAB, 0x48, 0xAF, 0x55,
    0xE8, 0x24, 0x86, 0x5D, 0x03, 0x0C, 0x6B, 0xE9, 0x02, 0xFD, 0x21, 0x51, 0xA9, 0xDB, 0xC9, 0xE5,
    0xF1, 0x05, 0x85, 0x04, 0x8F, 0xC8, 0xB8, 0x2D, 0x24, 0x2A, 0x9D, 0x1D, 0x04, 0x5D, 0x0D, 0x24,
    0xCB, 0xB6, 0x7E, 0x2C, 0x7B, 0xF9, 0x1D, 0xD7, 0x5D, 0xD5, 0xBF, 0x26, 0x48, 0xFD, 0x4F, 0x90,
    0x51, 0x88, 0xB2, 0x8A, 0x30, 0x4E, 0x06, 0xA0, 0x0F, 0x71, 0x70, 0xB6, 0xFD, 0x4A, 0x0E, 0x3A,
    0xE0, 0x2B, 0x07, 0x49, 0x77, 0x13, 0xBE, 0x54, 0x63, 0xDA, 0xE9, 0xE5, 0x8E, 0x19, 0x76, 0x7D,
    0x68, 0x39, 0x85, 0xC3, 0x70, 0x4A, 0xE3, 0xB0, 0xF2, 0x0E, 0xD2, 0x05, 0x39, 0x75, 0xA1, 0xCD,
    0x36, 0x21, 0xEC, 0x02, 0x33, 0x02, 0x30, 0x22, 0x4D, 0x35, 0x04, 0xD8, 0xFE, 0x08, 0xF9, 0xAD,
    0x41, 0x40, 0x27, 0xF8, 0xC1, 0x57, 0x2B, 0x4D, 0x05, 0x3B, 0xD9, 0xDE, 0x4E, 0x4D, 0xF0, 0x5D,
    0x6D, 0x27, 0x22, 0x7A, 0x7F, 0xF0, 0x78, 0x31, 0x3F, 0x43, 0x74, 0x80, 0xE5, 0xA4, 0xDE, 0x04,
    0x2F, 0x5A, 0xE8, 0x9D, 0xFE, 0x79, 0xFC, 0x3D, 0xE5, 0xF7, 0x85, 0x1F, 0x7B, 0x21, 0xF7, 0x1C,
    0x84, 0xAB, 0xB4, 0xA3, 0x56, 0xCB, 0x6A, 0x2C, 0x5E, 0xE3, 0x3F, 0xDD, 0x90, 0x32, 0xC9, 0xFE,
    0x36, 0xE6, 0xC4, 0x2D, 0xC7, 0x5B, 0x39, 0x9B, 0x9C, 0xD4, 0x63, 0x29, 0x39, 0x5A, 0x62, 0x3B,
    0xCE, 0xAE, 0xFC, 0xAF, 0x8C, 0x0C, 0x47, 0xA2, 0x33, 0x0B, 0x00, 0xD3, 0x9F, 0xD6, 0xEE, 0x87,
    0x22, 0xB4, 0xC7, 0xF5, 0xFE, 0x37, 0x9E, 0xE0, 0x8A, 0x23, 0x75, 0xDB, 0x9C, 0xB5, 0xB2, 0x57,
    0x0E, 0x4A, 0xA7, 0x9C, 0x95, 0x5E, 0xB9, 0x0A, 0x7F, 0x4B, 0xE1, 0xAF, 0xD9, 0x06, 0xFE, 0x07,
    0xFB, 0xC0, 0x91, 0x4E, 0xD8, 0x28, 0xAD, 0x17, 0x9A, 0x45, 0x49, 0x61, 0xC6, 0x26, 0x30, 0x25,
    0x03, 0x11, 0xD9, 0x29, 0xAD, 0xB2, 0x54, 0x1A, 0x65, 0xAE, 0xCC, 0x54, 0x72, 0xB7, 0x0D, 0xD4,
    0x56, 0xD0, 0xB9, 0x6D, 0x93, 0xCE, 0xE3, 0x8A, 0xEB, 0x26, 0xF0, 0x29, 0x57, 0x19, 0x77, 0x59,
    0xAB, 0xA4, 0xBA, 0xFE, 0xD5, 0xE5, 0x2F, 0x1D, 0x22, 0x46, 0x8E, 0x47, 0x0C, 0x5F, 0x1A, 0x6F,
    0xA8, 0x42, 0x7B, 0x57, 0xBA, 0xD3, 0x86, 0x41, 0xB6, 0xA3, 0x11, 0x1E, 0x66, 0xC4, 0xAE, 0xBE,
    0x1B, 0xBD, 0x10, 0xDD, 0x3B, 0x3A, 0xE6, 0x09, 0x18, 0x9F, 0xF3, 0xF7, 0xDB, 0x8A, 0x76, 0x91,
    0x42, 0xCB, 0xA5, 0xDF, 0x6B, 0xDF, 0x7E, 0x02, 0x58, 0x67, 0x47, 0xA0, 0x58, 0xB5, 0x85, 0x29,
    0x27, 0xD1, 0x4C, 0xC2, 0x72, 0xB8, 0x0F, 0xDD, 0xD5, 0xF8, 0x7C, 0x09, 0xB6, 0x9A, 0x00, 0x29,
    0x0E, 0x2C, 0x01, 0x14, 0xAA, 0xFD, 0xE3, 0xBB, 0xEE, 0xAE, 0xB2, 0xDC, 0xC9, 0x5D, 0x33, 0x2A,
    0x9D, 0xD2, 0x2B, 0x57, 0xE1, 0x0F, 0xA9, 0xE1, 0xA6, 0x17, 0x56, 0xA3, 0xD0, 0x38, 0x61, 0xEE,
    0x85, 0xE9, 0x2A, 0x04, 0x95, 0xB6, 0x17, 0x56, 0xA3, 0xD0, 0x38, 0x61, 0xE6, 0x85, 0xE9, 0x2A,
    0x04, 0x95, 0xF6, 0xA9, 0xB0, 0xFA, 0xB5, 0xD0, 0xFC, 0xAF, 0x30, 0xA3, 0x30, 0x51, 0x22, 0xD2,
    0x2A, 0x4B, 0xA5, 0x71, 0x3A, 0x1B, 0x2A, 0x0B, 0xA5, 0x19, 0x85, 0x76, 0x3F, 0x94, 0x42, 0x38,
    0x61, 0x73, 0x7F, 0x0B, 0xF8, 0x92, 0x13, 0x7C, 0x27, 0xD2, 0xAD, 0xDF, 0x61, 0xCD, 0x11, 0x4D,
    0xCF, 0x16, 0xB6, 0x27, 0x50, 0x0A, 0x4C, 0xC4, 0xFA, 0x12, 0xC0, 0xCD, 0x28, 0x05, 0xB6, 0x3F,
    0x6E, 0x40, 0x23, 0x4E, 0x32, 0xC9, 0x4D, 0xDF, 0x4F, 0x25, 0x17, 0x17, 0x0F, 0x71, 0xEE, 0x12,
    0x72, 0x94, 0x74, 0xA8, 0x13, 0x48, 0x47, 0xA9, 0x65, 0xCA, 0x41, 0x06, 0xB5, 0x7C, 0xD1, 0x9B,
    0xD4, 0x38, 0xBD, 0x63, 0x2B, 0xB9, 0x8C, 0x9A, 0x97, 0x98, 0x36, 0x98, 0xA6, 0x6E, 0x6A, 0xCD,
    0xBE, 0x83, 0x1A, 0x3E, 0xDF, 0x74, 0xD1, 0x1C, 0xE2, 0xC5, 0x54, 0x5A, 0x4D, 0xB3, 0x8B, 0x8B,
    0x46, 0xC6, 0xFC, 0x16, 0xED, 0xA2, 0x46, 0x5F, 0xFF, 0xE9, 0xFA, 0x58, 0x9F, 0x52, 0xE2, 0x7A,
    0xED, 0xF4, 0xB9, 0x0C, 0xBE, 0xFE, 0xED, 0xF8, 0xB6, 0xEB, 0xC7, 0x52, 0x0F, 0x1F, 0x81, 0x8B,
    0x0B, 0xF9, 0x55, 0x5C, 0xF2, 0x81, 0xA4, 0x1F, 0x37, 0xC0, 0x16, 0x18, 0x69, 0x9C, 0xCA, 0x49,
    0xBE, 0x3D, 0x8C, 0x6B, 0x6A, 0x14, 0x8E, 0x40, 0x36, 0x09, 0xE6, 0x35, 0xC0, 0x9F, 0x41, 0x4F,
    0x74, 0x40, 0x3E, 0xD9, 0x1A, 0xC6, 0x49, 0xB4, 0xB1, 0x74, 0x68, 0xFA, 0x82, 0x3F, 0x65, 0x9D,
    0xC6, 0x37, 0xA7, 0xBA, 0x6F, 0xAE, 0x39, 0x26, 0x53, 0x36, 0xEA, 0xC8, 0x12, 0xDF, 0xCA, 0x7A,
    0x2B, 0xC6, 0x3A, 0xAA, 0x72, 0xBF, 0x64, 0x2D, 0x8B, 0xF9, 0x6C, 0xC6, 0x35, 0xF7, 0x88, 0x8F,
    0x25, 0xDA, 0x69, 0xE3, 0xAE, 0x07, 0xAE, 0xBC, 0x03, 0x35, 0x74, 0x20, 0xF5, 0x15, 0x76, 0xC5,
    0x3A, 0x6E, 0xB2, 0xF5, 0xD6, 0xEB, 0x34, 0xDE, 0xA8, 0x19, 0x3A, 0xDD, 0xD6, 0x72, 0x9C, 0xB0,
    0xBD, 0x88, 0xC6, 0x35, 0x13, 0xCF, 0x1D, 0xAE, 0x3C, 0xC4, 0x3B, 0xA4, 0x72, 0x48, 0xF3, 0x90,
    0x43, 0xCC, 0x6F, 0xCB, 0x3D, 0x96, 0xE5, 0x58, 0xB2, 0x9C, 0x5C, 0x4F, 0xA5, 0xC6, 0xCF, 0x13,
    0x59, 0xC3, 0xC8, 0x2D, 0xBA, 0x1A, 0x2F, 0x95, 0x9E, 0xA4, 0xCA, 0x3D, 0x9A, 0x7A, 0xBD, 0xF6,
    0x16, 0x81, 0x5C, 0x34, 0xD1, 0xD6, 0x04, 0x8C, 0xF2, 0x8A, 0xDF, 0x59, 0x8F, 0xC6, 0x37, 0x53,
    0x7C, 0x3D, 0x5E, 0x9E, 0x36, 0xDB, 0x56, 0x8E, 0x02, 0x77, 0xC0, 0xA2, 0x67, 0xF5, 0x3A, 0x8D,
    0xA1, 0x71, 0x35, 0x15, 0x4D, 0x4F, 0x53, 0x8E, 0x79, 0xA0, 0xDB, 0xF2, 0x35, 0xE4, 0x6F, 0x49,
    0x12, 0x68, 0x18, 0x1D, 0x12, 0x6E, 0xA1, 0xEC, 0x18, 0x32, 0x1C, 0xE2, 0x1F, 0xBA, 0x31, 0x4A,
    0x6E, 0x5F, 0x3A, 0xD8, 0x18, 0xF2, 0x40, 0xA5, 0x21, 0x11, 0xCC, 0x68, 0xA8, 0x9B, 0xB7, 0x10,
    0x27, 0x09, 0xA9, 0x46, 0x4E, 0xF2, 0xBF, 0x3D, 0x74, 0xBC, 0x6E, 0x3A, 0x4F, 0x25, 0xE6, 0x51,
    0xC6, 0xD0, 0x12, 0xF3, 0x8D, 0x7F, 0x77, 0x12, 0x92, 0xF2, 0xA5, 0xE7, 0x65, 0x4E, 0x84, 0x67,
    0x75, 0x3B, 0xD5, 0xF7, 0xA4, 0x81, 0x4A, 0xD2, 0x2C, 0x50, 0xE9, 0xF3, 0xED, 0x85, 0xF6, 0xA3,
    0xB8, 0x19, 0xAC, 0xCE, 0x43, 0xA4, 0xE4, 0x54, 0x52, 0x8A, 0xD1, 0xE9, 0x0E, 0x4D, 0x33, 0xC3,
    0x4A, 0x1E, 0x3D, 0x9D, 0x96, 0x43, 0x03, 0x86, 0x17, 0x17, 0x87, 0x00, 0xC9, 0x81, 0xE3, 0x16,
    0x70, 0xBB, 0x80, 0x66, 0xAB, 0xB1, 0xE2, 0x34, 0x79, 0x14, 0x51, 0x53, 0x6E, 0x63, 0x5E, 0x9F,
    0x3E, 0x5A, 0x60, 0xF6, 0xED, 0xD0, 0xA8, 0x32, 0x01, 0x05, 0x39, 0xC6, 0x32, 0x77, 0x0B, 0x34,
    0xA2, 0x92, 0xF5, 0x71, 0xF7, 0x37, 0xE6, 0x60, 0x27, 0xE8, 0xF4, 0x7C, 0x3E, 0xFF, 0x72, 0x51,
    0x72, 0x54, 0x7A, 0xE5, 0xAA, 0x64, 0x2C, 0x55, 0x1B, 0x98, 0xC7, 0x07, 0xF2, 0x1D, 0x0B, 0x65,
    0xC5, 0x36, 0x5E, 0x79, 0xFE, 0xDD, 0x45, 0x2F, 0xD4, 0x46, 0xB4, 0x14, 0x1A, 0xB6, 0xC7, 0xC7,
    0xFE, 0x94, 0x0E, 0x72, 0x78, 0xA1, 0xBD, 0xE1, 0xB1, 0xDF, 0x01, 0x1E, 0xD9, 0x8A, 0x62, 0x41,
    0xE9, 0x61, 0xC7, 0xDD, 0x97, 0x5B, 0x1F, 0xF2, 0xFD, 0x85, 0x9F, 0x2C, 0x7C, 0xB6, 0x90, 0x7A,
    0x68, 0x22, 0xA7, 0x0D, 0xD1, 0xE1, 0xD6, 0xA3, 0xE1, 0x5A, 0x07, 0x70, 0x16, 0x10, 0x0D, 0xFE,
    0x88, 0xBD, 0xCC, 0x77, 0x82, 0x72, 0x0C, 0x30, 0xEE, 0x3A, 0xCA, 0xE1, 0x70, 0x49, 0xCA, 0xBA,
    0x39, 0xEC, 0xF0, 0x8C, 0x82, 0x1E, 0x4D, 0x38, 0x19, 0x60, 0x5C, 0x40, 0x36, 0x0B, 0x7C, 0x00,
    0x28, 0xE8, 0xDA, 0x63, 0xCA, 0x9A, 0xD4, 0x14, 0x90, 0xF9, 0x80, 0x74, 0xC5, 0xCE, 0x7D, 0x24,
    0x58, 0x05, 0xBA, 0xB4, 0x98, 0x03, 0x32, 0x27, 0x18, 0x8E, 0x2F, 0x86, 0x1E, 0xD4, 0x56, 0x46,
    0x1A, 0x13, 0x7C, 0xF3, 0x59, 0x6B, 0x97, 0xD8, 0x8E, 0x76, 0x94, 0xE4, 0x0F, 0xBE, 0xFD, 0x72,
    0x3E, 0xBA, 0x38, 0x15, 0x96, 0x5B, 0x7C, 0x00, 0x7F, 0x2E, 0xE3, 0x52, 0xFC, 0x1C, 0xED, 0xF8,
    0xCD, 0x4F, 0xCF, 0xC0, 0xEA, 0xB3, 0xF5, 0xDA, 0x37, 0x3F, 0xF5, 0x7D, 0xE8, 0x45, 0xD6, 0x95,
    0xB3, 0xF1, 0x8D, 0xAC, 0xFD, 0x6A, 0xBD, 0x39, 0xCA, 0x09, 0x48, 0xDB, 0xFD, 0x00, 0x3B, 0x98,
    0xD9, 0x0E, 0xC6, 0x73, 0x30, 0x6B, 0xF0, 0xDC, 0x7C, 0x0F, 0x43, 0x44, 0xBF, 0x1E, 0xFC, 0xF2,
    0x5C, 0x2F, 0xEE, 0x2D, 0x65, 0xD5, 0x0B, 0xBB, 0xE1, 0xF8, 0x36, 0x25, 0x8F, 0xC3, 0xD3, 0x7C,
    0x6D, 0x1D, 0xB1, 0xCA, 0xD5, 0x71, 0x97, 0x6C, 0x1B, 0xE7, 0x09, 0xC3, 0x95, 0xEC, 0x0D, 0x45,
    0xAF, 0x72, 0x91, 0x7E, 0x51, 0x79, 0x8D, 0xBF, 0x0A, 0x45, 0x03, 0xE1, 0x5A, 0x4B, 0xBA, 0x62,
    0x24, 0xD6, 0x14, 0xD7, 0x21, 0x3A, 0x76, 0x1E, 0xE6, 0xFC, 0x41, 0xA2, 0xD0, 0x69, 0x21, 0x84,
    0xA0, 0x4B, 0x26, 0x61, 0x75, 0x50, 0xB4, 0xCE, 0x38, 0xC4, 0xBC, 0x72, 0x92, 0xAC, 0x93, 0xED,
    0xB3, 0x26, 0x3A, 0x89, 0xB3, 0xE2, 0xF8, 0x31, 0xE5, 0x22, 0x39, 0x0A, 0xAA, 0x79, 0x7B, 0x79,
    0xDF, 0x61, 0xEF, 0x8C, 0x7E, 0x49, 0xCB, 0x15, 0x39, 0xB5, 0xE8, 0xE4, 0x50, 0x2D, 0x09, 0x47,
    0x3B, 0x87, 0x7E, 0x65, 0xBD, 0xD6, 0xF2, 0xB1, 0x5C, 0x16, 0x58, 0xC8, 0x75, 0xA9, 0x5C, 0x17,
    0xB3, 0x4A, 0xBA, 0x00, 0x5D, 0x49, 0x3F, 0x86, 0x9D, 0x4B, 0x07, 0x3B, 0x69, 0x73, 0x56, 0x64,
    0x9C, 0xAE, 0x7A, 0x4D, 0x19, 0x25, 0xC7, 0x57, 0x20, 0x59, 0x71, 0xAB, 0x64, 0x8F, 0xA2, 0x64,
    0xD5, 0x73, 0x24, 0x1B, 0x0D, 0xD7, 0xEE, 0xBA, 0x64, 0xE3, 0x51, 0xB2, 0x52, 0x00, 0x3B, 0x2B,
    0x17, 0x21, 0x28, 0xF8, 0xEB, 0x55, 0x48, 0x0F, 0x95, 0xF0, 0xC5, 0x45, 0x6B, 0x76, 0xA2, 0x71,
    0xC2, 0x43, 0xD8, 0xB9, 0xB8, 0x2A, 0x5A, 0x71, 0x26, 0x1A, 0xA6, 0xAD, 0x27, 0x26, 0xCF, 0xDC,
    0x61, 0xB1, 0x9E, 0x18, 0xB7, 0x7D, 0x5C, 0xB8, 0xEE, 0x1E, 0xDB, 0x9A, 0x5B, 0x1E, 0xDB, 0xFA,
    0xFB, 0xD6, 0x75, 0x33, 0x26, 0xAC, 0xC1, 0x7F, 0xD6, 0x5F, 0x27, 0x5D, 0xA8, 0x6D, 0xEF, 0x46,
    0xFF, 0xE6, 0xB5, 0x74, 0xDD, 0x4E, 0x87, 0xB5, 0xDB, 0x18, 0x37, 0xB4, 0x5F, 0x07, 0x4D, 0x2D,
    0xAC, 0xF6, 0x9D, 0x76, 0xBD, 0xA5, 0xD3, 0xEA, 0xFD, 0xD7, 0x6A, 0x4F, 0xDA, 0xFB, 0x8E, 0xEC,
    0xF7, 0x5E, 0x7E, 0xFB, 0x62, 0xFE, 0x53, 0x69, 0xB8, 0x1E, 0x9B, 0xAF, 0x82, 0xCF, 0x7B, 0xC0,
    0x1C, 0xF6, 0x3E, 0xFE, 0x98, 0x92, 0x2B, 0xF0, 0x4E, 0x17, 0x57, 0x67, 0x95, 0xFB, 0xD2, 0x1D,
    0xF5, 0x4D, 0x55, 0x5D, 0x5C, 0xE2, 0x81, 0x6C, 0xE7, 0xF3, 0x09, 0x17, 0xDF, 0x72, 0x29, 0x3F,
    0x19, 0x5E, 0xB9, 0xBA, 0x5D, 0xF0, 0x65, 0xF0, 0xF2, 0xB2, 0x57, 0x6F, 0x93, 0xF6, 0x2A, 0xAF,
    0x39, 0xBD, 0xAF, 0xC7, 0x3B, 0x60, 0xA2, 0xAF, 0xBD, 0x53, 0x7D, 0x26, 0x8B, 0xCF, 0x54, 0x86,
    0x7D, 0xC5, 0xED, 0xB3, 0xA9, 0x15, 0xD9, 0xF1, 0x79, 0x4A, 0x5A, 0xFC, 0xF0, 0x61, 0xA9, 0xDB,
    0x41, 0xFF, 0xEF, 0xE9, 0xE4, 0x74, 0xB5, 0xF7, 0x22, 0x48, 0x02, 0x46, 0x81, 0xCB, 0x36, 0x2C,
    0x8F, 0xF4, 0x45, 0x27, 0x07, 0x4B, 0x5D, 0x1F, 0xF8, 0x6E, 0x48, 0x75, 0x70, 0xFA, 0x33, 0x14,
    0xB5, 0x2C, 0x99, 0x4C, 0x60, 0xF5, 0x1B, 0x02, 0x30, 0x52, 0xB2, 0xB8, 0x76, 0x05, 0xDE, 0xC5,
    0x55, 0xD7, 0x69, 0xCF, 0xE4, 0x9D, 0xB1, 0xEA, 0x3B, 0x65, 0x53, 0x23, 0x3E, 0xB9, 0xA3, 0xA9,
    0xAB, 0x11, 0x20, 0x8C, 0x47, 0xBE, 0x20, 0xE7, 0x67, 0x9C, 0x37, 0x4D, 0xAB, 0x38, 0x6D, 0x5D,
    0xD4, 0x01, 0x4E, 0x96, 0x81, 0x13, 0xBE, 0x0F, 0xF0, 0xA7, 0x1E, 0xB0, 0x74, 0x87, 0x91, 0x13,
    0xDF, 0xC6, 0xCE, 0xD9, 0x1A, 0xB9, 0x7B, 0x71, 0x14, 0x02, 0xE3, 0x6C, 0x2B, 0xE8, 0x51, 0xB9,
    0x6A, 0x44, 0xE3, 0xCC, 0xFA, 0x77, 0x74, 0x39, 0xF9, 0x3B, 0x97, 0x90, 0xDF, 0x74, 0xF8, 0xFA,
    0xC3, 0xE3, 0x4C, 0x99, 0x72, 0x0E, 0xCC, 0xE9, 0x03, 0xCD, 0x7F, 0xAF, 0xC2, 0xBE, 0x39, 0x86,
    0xF5, 0x77, 0xBD, 0x46, 0xAF, 0x7F, 0xA3, 0x3B, 0x6F, 0xA0, 0x14, 0xD3, 0x72, 0xDB, 0x1C, 0x5B,
    0xCB, 0x00, 0x6F, 0x06, 0x0D, 0xE9, 0x6F, 0xA7, 0xED, 0xC6, 0xBB, 0xEE, 0xD5, 0x78, 0x1B, 0xEF,
    0x1D, 0x37, 0x9E, 0xF8, 0x71, 0x60, 0xC6, 0x6F, 0x05, 0x16, 0x4B, 0xE9, 0x81, 0xD2, 0xD9, 0xE1,
    0x9E, 0x8D, 0x14, 0xC8, 0x5C, 0x31, 0xC0, 0xCC, 0x95, 0x43, 0x35, 0x35, 0x0E, 0x8D, 0x63, 0x0F,
    0xBE, 0x4F, 0xA4, 0x4B, 0xAE, 0xBD, 0xE5, 0xAE, 0x25, 0x7E, 0x03, 0xC4, 0xC2, 0x8D, 0x62, 0xC5,
    0xED, 0x82, 0x15, 0x42, 0x2F, 0xCC, 0x17, 0x0D, 0xC7, 0x5B, 0x4B, 0x89, 0x66, 0xFE, 0x6A, 0x35,
    0xE2, 0x90, 0xF2, 0x5F, 0xA4, 0x20, 0x66, 0xDA, 0x5E, 0xE7, 0x5B, 0x41, 0x25, 0xCA, 0x19, 0x41,
    0xCA, 0x7E, 0xFF, 0x4F, 0x3D, 0x66, 0x39, 0x7D, 0x36, 0xA9, 0x36, 0x61, 0x37, 0x8A, 0x8D, 0xFF,
    0x10, 0xA4, 0x3D, 0xFA, 0xC7, 0xE9, 0x07, 0xB8, 0xC9, 0x35, 0x13, 0x2A, 0xAA, 0x34, 0x73, 0x7C,
    0x03, 0x57, 0x5B, 0x2F, 0x81, 0x82, 0xD0, 0x40, 0x6D, 0x88, 0xD2, 0x4B, 0xCA, 0x86, 0x92, 0x51,
    0xC7, 0x3E, 0xD0, 0xAC, 0x20, 0xFB, 0xF0, 0xBB, 0xA1, 0x04, 0x2A, 0x8F, 0x9C, 0x60, 0x33, 0x58,
    0x51, 0x39, 0xA1, 0x75, 0x76, 0x0E, 0x81, 0xBF, 0x94, 0x80, 0x93, 0xF7, 0x8E, 0xAC, 0x5C, 0xE3,
    0x90, 0xF2, 0xE3, 0xD5, 0x4C, 0x9D, 0x93, 0x9B, 0xCA, 0x9B, 0x59, 0x14, 0xE7, 0xBF, 0x79, 0xE3,
    0xA5, 0x36, 0x7C, 0xE6, 0x0B, 0x0D, 0x74, 0x9C, 0xF3, 0x55, 0x02, 0x96, 0x53, 0x16, 0xA7, 0x66,
    0xD1, 0x89, 0xF5, 0x16, 0x50, 0x25, 0x5C, 0xAA, 0x01, 0x23, 0x62, 0xAE, 0x88, 0xB2, 0x70, 0xD1,
    0x40, 0x0F, 0xC6, 0x57, 0xD2, 0x3D, 0x3A, 0x7F, 0xDA, 0x5F, 0x90, 0x3A, 0x8A, 0x31, 0x74, 0x62,
    0xAC, 0x5E, 0x94, 0xC8, 0x4D, 0x00, 0xC8, 0x47, 0xD7, 0x2D, 0x6E, 0xD6, 0xC7, 0x65, 0x6C, 0x65,
    0x3B, 0x36, 0x93, 0xFA, 0xDA, 0xF8, 0xF9, 0x8A, 0xF5, 0xB9, 0x08, 0x56, 0xFA, 0x82, 0x83, 0x75,
    0xC6, 0x1B, 0x8E, 0x8D, 0x33, 0x8B, 0xA1, 0xEB, 0x9C, 0x59, 0xCD, 0x33, 0xC7, 0x31, 0x67, 0xF9,
    0xD4, 0xB1, 0xCF, 0x58, 0x7D, 0x3C, 0x89, 0xB1, 0x1F, 0x7F, 0x2A, 0xA6, 0x7B, 0x9F, 0x6C, 0x13,
    0x06, 0x69, 0x08, 0x90, 0x49, 0x34, 0xD8, 0xCC, 0x02, 0x34, 0xAB, 0x96, 0xDF, 0x2E, 0x5A, 0x7A,
    0xDD, 0xB0, 0x3C, 0x7D, 0x41, 0x5B, 0x79, 0x35, 0x1D, 0x85, 0x19, 0xF5, 0xD1, 0xDA, 0xF8, 0x72,
    0xD2, 0x17, 0xA0, 0x6F, 0xFD, 0x04, 0x67, 0x4E, 0x12, 0x2A, 0x59, 0xEB, 0x76, 0xC9, 0x2A, 0xED,
    0x2C, 0x69, 0xEA, 0xE6, 0xC1, 0x84, 0x5C, 0x8A, 0xE3, 0x10, 0x7C, 0xAE, 0xFA, 0x4F, 0xF2, 0x3B,
    0x1A, 0x5F, 0x12, 0x92, 0xBB, 0x8D, 0x62, 0x76, 0x51, 0x4A, 0x3A, 0xCD, 0x8F, 0xC3, 0xEE, 0xE3,
    0x6A, 0x52, 0x28, 0x09, 0xC7, 0x92, 0xBD, 0x0A, 0xF3, 0xA1, 0x66, 0xD3, 0x6A, 0x2B, 0xE9, 0x07,
    0xF0, 0xDA, 0x42, 0xDA, 0x3E, 0xF5, 0xF9, 0x5A, 0x42, 0xF7, 0x73, 0x67, 0x81, 0x47, 0x33, 0x95,
    0x1E, 0xA2, 0xBD, 0x6E, 0x8E, 0x80, 0x43, 0xCE, 0x54, 0xEA, 0xF7, 0x3E, 0xDB, 0x54, 0x07, 0x70,
    0x3E, 0x15, 0xFC, 0xFB, 0x0A, 0x34, 0xAA, 0x6E, 0xC4, 0x24, 0xF2, 0x38, 0xED, 0x46, 0xB1, 0xC3,
    0x20, 0x8B, 0x68, 0x05, 0x5A, 0x73, 0xF1, 0x5E, 0x30, 0x0B, 0x9C, 0x40, 0x4B, 0x52, 0x27, 0x62,
    0x8A, 0xE9, 0xB0, 0x5D, 0xAF, 0x1B, 0x02, 0xA5, 0x14, 0xE5, 0xD8, 0x20, 0xB9, 0x2B, 0xC6, 0x7B,
    0xDF, 0x20, 0xB0, 0x4A, 0xB6, 0x9A, 0x5D, 0xAD, 0x45, 0x38, 0xED, 0xA2, 0x3E, 0x38, 0xBB, 0x69,
    0xAC, 0xCE, 0x42, 0xB7, 0x11, 0x40, 0x73, 0x7A, 0x8C, 0x92, 0xBA, 0x6E, 0x8B, 0xAA, 0x2A, 0x9E,
    0x5C, 0xB4, 0x32, 0xF3, 0xD9, 0x49, 0x4B, 0x6D, 0xEE, 0xCF, 0x3D, 0x19, 0xDF, 0x38, 0xDE, 0x42,
    0x20, 0x1B, 0x25, 0xC2, 0x71, 0x20, 0xD5, 0x21, 0x54, 0xB2, 0xBC, 0xE1, 0x85, 0x4A, 0x23, 0x31,
    0xCE, 0xF0, 0xEE, 0x45, 0xC3, 0x36, 0x16, 0x3E, 0xA1, 0xD7, 0x02, 0xC4, 0xFC, 0x63, 0xF6, 0xE7,
    0x3F, 0xD5, 0x40, 0xB7, 0x5E, 0x5C, 0xD4, 0x24, 0x39, 0x9C, 0x01, 0xF8, 0x5A, 0xCC, 0xA6, 0x15,
    0xB2, 0x57, 0x0E, 0xA7, 0xB0, 0xAD, 0xEF, 0x85, 0xA2, 0x59, 0xEC, 0xF5, 0x57, 0x50, 0xA8, 0x98,
    0xF5, 0x9D, 0x2B, 0x7A, 0x89, 0x07, 0x8F, 0x81, 0x6E, 0x60, 0xBF, 0xED, 0xD1, 0xE6, 0x5A, 0xA9,
    0x84, 0xE3, 0xFD, 0x51, 0xB4, 0x9C, 0x8B, 0x05, 0x19, 0xAD, 0xDB, 0x2F, 0x7D, 0x4D, 0x7C, 0xD3,
    0x7E, 0xD7, 0x8A, 0xFE, 0x1F, 0xC5, 0x91, 0x81, 0x69, 0x84, 0x40, 0x14, 0x44, 0xDF, 0x2A, 0x20,
    0x20, 0x60, 0x09, 0x76, 0x10, 0x2B, 0x08, 0x6B, 0x67, 0xB9, 0x12, 0xAE, 0x23, 0xB7, 0x04, 0x4B,
    0xB8, 0x12, 0x04, 0x04, 0x0C, 0xB8, 0x3B, 0xD9, 0x41, 0x08, 0x97, 0x83, 0x40, 0x00, 0x20, 0x1F,
    0xE6, 0x09, 0x3A, 0x33, 0xAB, 0x5F, 0x82, 0x0A, 0x30, 0x49, 0x1B, 0x48, 0xCA, 0xB4, 0x95, 0x62,
    0x50, 0x91, 0xD2, 0x20, 0x3A, 0xA5, 0x31, 0x13, 0x0E, 0xA6, 0x13, 0x60, 0x2C, 0xE6, 0xA0, 0x1B,
    0x66, 0x99, 0xA1, 0x93, 0x2F, 0x4E, 0xED, 0xB0, 0x38, 0x4B, 0x5F, 0x99, 0x70, 0xE9, 0xEA, 0x88,
    0xAB, 0x69, 0x4C, 0xD0, 0x16, 0x76, 0x73, 0x3A, 0xCD, 0xA8, 0xB9, 0xD5, 0x7A, 0x9D, 0xD5, 0xA9,
    0xCE, 0x1C, 0x2A, 0x32, 0x44, 0x69, 0x73, 0xA6, 0xF0, 0x3D, 0xDD, 0x6A, 0xC6, 0xC3, 0xEC, 0x4E,
    0xB3, 0x35, 0xE9, 0xCD, 0x70, 0xB5, 0x2F, 0x33, 0x30, 0x68, 0x25, 0x48, 0x05, 0x37, 0xA6, 0xA1,
    0x62, 0x9D, 0x72, 0xD0, 0xA3, 0x46, 0xDF, 0x89, 0x76, 0x4F, 0xBA, 0xDB, 0x56, 0xD9, 0xDB, 0xD7,
    0xD8, 0x77, 0x1D, 0x19, 0x96, 0x0A, 0x58, 0x76, 0xEE, 0xC4, 0x63, 0xDC, 0x88, 0x7B, 0xCC, 0x7E,
    0x5D, 0x49, 0x9B, 0xAB, 0x92, 0x9B, 0x61, 0xD4, 0x83, 0x6B, 0x78, 0x03, 0x1A, 0x25, 0x20, 0xAE,
    0x86, 0x1F, 0x7C, 0x24, 0xF7, 0x7B, 0x39, 0xC7, 0xB5, 0x13, 0xED, 0xBF, 0xB1, 0x9A, 0x37, 0xF8,
    0x0F, 0x3E, 0xCF, 0xB8, 0x99, 0xD3, 0xF9, 0xBA, 0xDC, 0xE1, 0x65, 0xB9, 0x41, 0x37, 0x7F, 0xEC,
    0x0F, 0x2D, 0x52, 0x7A, 0x96, 0xEF, 0xFD, 0x4D, 0x9F, 0xFE, 0xDD, 0x09, 0x6B, 0xA9, 0x1A, 0xAB,
    0x3C, 0xCC, 0xD0, 0xEF, 0x30, 0x66, 0x68, 0x05, 0x4D, 0x81, 0x2E, 0x83, 0x0E, 0x88, 0x37, 0xBE,
    0x00, 0x25, 0xCE, 0x01, 0x66, 0xED, 0x40, 0x14, 0x87, 0xF1, 0x2F, 0x89, 0x27, 0xBC, 0xCB, 0x1B,
    0xF0, 0x00, 0xA4, 0x00, 0x2E, 0xCC, 0x0E, 0x7A, 0xB2, 0x94, 0xEE, 0x64, 0x06, 0x80, 0xA2, 0x77,
    0x11, 0x17, 0xDA, 0x3D, 0x54, 0x46, 0xBB, 0x81, 0x2C, 0x21, 0x4B, 0x38, 0xB8, 0x08, 0x32, 0xF9,
    0x37, 0x51, 0x7E, 0x38, 0xE7, 0xE3, 0x70, 0x0C, 0x52, 0x21, 0x39, 0x71, 0xA5, 0xAF, 0xB0, 0xC3,
    0x33, 0x88, 0x4E, 0x84, 0x9D, 0xF8, 0xC0, 0x32, 0x84, 0x19, 0x6C, 0x05, 0x89, 0x5E, 0x2A, 0xC3,
    0x6A, 0x7E, 0xBD, 0xFD, 0xBD, 0x77, 0x95, 0x5B, 0xD0, 0xB7, 0x9B, 0xE4, 0xF6, 0xA6, 0xE5, 0x3F,
    0xD3, 0x98, 0xA4, 0x5F, 0xD7, 0x8F, 0x77, 0xE3, 0xD3, 0xBE, 0x6A, 0xD4, 0x16, 0xE4, 0x8D, 0xF2,
    0x50, 0xCC, 0x93, 0x9B, 0xC7, 0xB9, 0x61, 0x28, 0x31, 0x9B, 0x4F, 0x73, 0x72, 0x1D, 0x45, 0x4B,
    0x9C, 0xAD, 0x34, 0xFC, 0xA1, 0xDD, 0x09, 0x2A, 0xA6, 0xC5, 0x5E, 0x3D, 0x75, 0xA7, 0x63, 0x38,
    0xD6, 0x23, 0xB6, 0xE7, 0x6B, 0x6C, 0xA8, 0xDB, 0x3B, 0x5D, 0x6A, 0xA8, 0xC3, 0x16, 0x1F, 0x69,
    0xB1, 0x3C, 0x8D, 0xE6, 0xC3, 0x1A, 0xB6, 0x34, 0x77, 0xD2, 0xC8, 0x54, 0x21, 0x3A, 0xB4, 0x99,
    0xB6, 0x12, 0x84, 0x2D, 0xA4, 0x72, 0x32, 0x67, 0x58, 0x69, 0x47, 0x78, 0xA1, 0xDF, 0x69, 0x35,
    0xA2, 0x7C, 0x68, 0x84, 0x55, 0xC2, 0x72, 0x9E, 0x74, 0x85, 0x4B, 0x26, 0x54, 0xFE, 0x69, 0xC4,
    0xF2, 0x53, 0x1A, 0x4D, 0x0C, 0x0F, 0x9A, 0x3B, 0x61, 0xC7, 0x1C, 0x2B, 0xA4, 0x19, 0x53, 0x8E,
    0xCA, 0xBD, 0xF2, 0x0F, 0xAD, 0xCF, 0x01, 0x66, 0xC4, 0x50, 0x10, 0xC6, 0xF1, 0x7F, 0x13, 0x2C,
    0x5D, 0xBC, 0x23, 0xE4, 0x08, 0x7B, 0x84, 0x97, 0x93, 0x35, 0xA1, 0x17, 0xE9, 0x4D, 0x5E, 0x29,
    0x0A, 0xB0, 0x37, 0xE8, 0x1E, 0x61, 0xF0, 0xB0, 0x98, 0xE4, 0xEB, 0x7E, 0x02, 0x2C, 0x80, 0xFD,
    0x98, 0xDF, 0xC4, 0x48, 0x32, 0x86, 0x31, 0x70, 0xCE, 0x79, 0x34, 0x59, 0x46, 0xAD, 0x38, 0xED,
    0x66, 0x79, 0xFF, 0xE2, 0x39, 0x4A, 0x98, 0x34, 0xD7, 0x0D, 0xEA, 0xCE, 0x45, 0xD0, 0x92, 0xA2,
    0x15, 0x75, 0x4E, 0xFA, 0x1E, 0x15, 0x3C, 0xEA, 0xF1, 0x04, 0xEA, 0x9E, 0xB3, 0xE4, 0x24, 0xA0,
    0x6E, 0xFE, 0x86, 0xA2, 0x96, 0x78, 0x9F, 0x02, 0xEF, 0xD3, 0x15, 0x78, 0x93, 0xDF, 0x07, 0xC9,
    0xFA, 0xC7, 0xCE, 0x25, 0x5F, 0xD0, 0x3E, 0x8C, 0x66, 0xE3, 0x4D, 0x35, 0x80, 0x92, 0xC0, 0xB0,
    0xF1, 0x9C, 0xD6, 0xA9, 0x59, 0xEF, 0x26, 0x59, 0xFA, 0x94, 0xB4, 0x28, 0x3B, 0x8A, 0x22, 0x74,
    0x3D, 0x69, 0xF0, 0x7D, 0x9F, 0x5A, 0x07, 0xFD, 0x08, 0xF4, 0x6B, 0xFE, 0x76, 0x58, 0x94, 0x50,
    0x0F, 0x3A, 0x4C, 0x0A, 0x28, 0xBA, 0xC1, 0xD9, 0x67, 0x8D, 0x07, 0xAB, 0xC1, 0x33, 0x57, 0x9A,
    0xBB, 0x09, 0x33, 0xC3, 0x3F, 0xAC, 0x51, 0xC1, 0x8D, 0xDB, 0x40, 0x0C, 0x1C, 0x7B, 0x81, 0xE8,
    0xA1, 0xC7, 0x96, 0xE0, 0x4F, 0xFE, 0x6A, 0xE0, 0x0E, 0x2B, 0x20, 0x0D, 0xA4, 0x8E, 0x6B, 0x42,
    0x2A, 0x21, 0x75, 0xB8, 0x09, 0x11, 0x49, 0x03, 0x2E, 0x41, 0x25, 0x10, 0x88, 0x02, 0x38, 0xC0,
    0x5A, 0x93, 0x1D, 0xAC, 0x4E, 0x49, 0x2E, 0x70, 0x1E, 0x4E, 0x08, 0x91, 0xF6, 0x2C, 0xB9, 0x33,
    0x4B, 0xD2, 0xFF, 0x62, 0xEF, 0x0F, 0xE3, 0x73, 0x63, 0x31, 0x22, 0x64, 0xC0, 0x15, 0x23, 0xF1,
    0xF4, 0xD5, 0xE0, 0x78, 0xFC, 0x03, 0x14, 0x9F, 0x80, 0x08, 0xD2, 0xFC, 0x04, 0x7F, 0x82, 0x2F,
    0xF0, 0x8F, 0x8F, 0x53, 0x56, 0x0B, 0x86, 0x28, 0x62, 0xD1, 0x3E, 0x07, 0x8B, 0xC1, 0xC2, 0x17,
    0x3B, 0x7C, 0x30, 0x84, 0x47, 0x3F, 0x60, 0xE2, 0x4C, 0x7A, 0xF9, 0x5E, 0xCE, 0x9F, 0x26, 0xFA,
    0x44, 0xFD, 0x79, 0x39, 0x9F, 0xCF, 0x25, 0x43, 0xF6, 0x6F, 0x42, 0x49, 0xC8, 0xC6, 0x02, 0x64,
    0x76, 0xEF, 0xF7, 0x98, 0xC3, 0xD2, 0x78, 0x9C, 0xA3, 0x75, 0x9E, 0xF2, 0x70, 0x1B, 0xD6, 0x74,
    0x4B, 0xB9, 0x9D, 0xDB, 0x0D, 0x0D, 0x42, 0x3F, 0x6B, 0xAC, 0x99, 0xBB, 0x9C, 0x74, 0xBE, 0xA6,
    0x1C, 0x7F, 0x39, 0x07, 0x0A, 0xD3, 0x35, 0x2C, 0xC1, 0x1B, 0x6F, 0xCB, 0x99, 0x4E, 0x4F, 0xE2,
    0x2C, 0x3C, 0x62, 0x12, 0xD7, 0x54, 0xB8, 0xC5, 0x27, 0x7E, 0x29, 0xC4, 0xDF, 0x72, 0xC3, 0x6B,
    0x4E, 0x7A, 0x6F, 0x79, 0xAC, 0x1B, 0x9B, 0xB9, 0x95, 0xB6, 0xD4, 0x6B, 0xFD, 0x5A, 0xEB, 0x63,
    0xD6, 0x3B, 0xF4, 0x92, 0x66, 0xAB, 0x8F, 0xAA, 0x37, 0xC8, 0x8E, 0x1C, 0xEF, 0x07, 0xCD, 0x60,
    0x7D, 0x13, 0x10, 0x6A, 0xF6, 0xDF, 0xC3, 0x63, 0xE2, 0xF6, 0xBF, 0x1E, 0x39, 0xCC, 0x08, 0xBC,
    0x21, 0x92, 0x38, 0x91, 0x96, 0xAA, 0x5F, 0x36, 0xB7, 0xAE, 0x78, 0xC9, 0xF5, 0x0D, 0x09, 0xF0,
    0x0A, 0xBC, 0xEB, 0xD1, 0x3A, 0x56, 0x74, 0x96, 0x72, 0xA1, 0x9F, 0x3C, 0xAD, 0x91, 0xC6, 0x3C,
    0x30, 0xEA, 0x67, 0x43, 0x5B, 0x6E, 0xAB, 0xC4, 0xB0, 0x60, 0xB7, 0xC0, 0x55, 0xA1, 0x82, 0x48,
    0x1A, 0xDA, 0x5C, 0x81, 0x34, 0x11, 0xAF, 0x15, 0x0C, 0xDF, 0x27, 0x47, 0xF2, 0x0A, 0x68, 0x71,
    0xC1, 0x64, 0x1B, 0x18, 0x63, 0x3E, 0xB0, 0xDF, 0x40, 0xDF, 0x66, 0x91, 0xED, 0x99, 0x98, 0xB1,
    0xDF, 0xB9, 0x9E, 0x5E, 0x75, 0x07, 0x1F, 0x3C, 0xCD, 0xD8, 0x75, 0x9C, 0x86, 0xFD, 0x05, 0x9F,
    0x09, 0x3A, 0xC0, 0x05, 0x0D, 0x19, 0xD6, 0x96, 0x2B, 0x9A, 0xE2, 0x98, 0xAE, 0x31, 0x77, 0xE4,
    0xA8, 0xB9, 0x00, 0xE8, 0xFC, 0x75, 0x38, 0x22, 0xBC, 0x70, 0x9E, 0x9C, 0x3E, 0x39, 0x24, 0xC5,
    0xB1, 0x73, 0x9A, 0xE4, 0x02, 0x0F, 0x44, 0x5C, 0xD8, 0xC7, 0x02, 0x9A, 0x5B, 0x05, 0xEA, 0xAA,
    0xB8, 0x80, 0xD7, 0x4C, 0x72, 0x14, 0x2E, 0xA7, 0x75, 0x0E, 0x75, 0xC6, 0x6F, 0x85, 0xAB, 0xB8,
    0x9A, 0xC0, 0xA6, 0x63, 0x1A, 0x93, 0xB6, 0xD2, 0x17, 0x1F, 0xA1, 0x31, 0x35, 0xBC, 0x15, 0x5F,
    0x51, 0x6D, 0x9A, 0x8B, 0xBB, 0x4A, 0x80, 0x74, 0x83, 0xF6, 0x73, 0xA0, 0x23, 0xD0, 0x10, 0xD9,
    0xA3, 0xD3, 0x71, 0xAE, 0xAE, 0x92, 0x96, 0x23, 0x82, 0x5E, 0x4F, 0x69, 0xE6, 0x7A, 0x27, 0x72,
    0xCF, 0xC7, 0x9A, 0x17, 0x87, 0x9A, 0xDF, 0xF3, 0x95, 0x3F, 0xDF, 0xE5, 0x97, 0xD5, 0x49, 0xD7,
    0x11, 0xD3, 0x00, 0x1C, 0x89, 0x62, 0x61, 0x55, 0xAC, 0x3B, 0x51, 0xA7, 0x1A, 0xDC, 0x5E, 0xA2,
    0xEE, 0x34, 0x23, 0xC5, 0xBA, 0xF6, 0xBA, 0xEF, 0xBA, 0x68, 0x8E, 0x7B, 0x89, 0x3A, 0xDF, 0x25,
    0x7C, 0xBF, 0x7F, 0x60, 0xFF, 0xA7, 0xC4, 0xFE, 0x8A, 0x6E, 0x4C, 0x36, 0x5C, 0xD2, 0x25, 0x19,
    0x76, 0x4B, 0x96, 0xEC, 0x74, 0x89, 0x73, 0xF4, 0xC6, 0x83, 0x1F, 0x17, 0x64, 0xFC, 0x58, 0x08,
    0x00, 0x9D, 0x8D, 0xB1, 0x6D, 0xC3, 0x30, 0x14, 0x44, 0x9F, 0x2C, 0x24, 0x2A, 0x53, 0xA5, 0xE6,
    0x08, 0x19, 0xC1, 0x9A, 0x22, 0xEB, 0xC4, 0x9B, 0x49, 0x23, 0x78, 0x84, 0x8C, 0xC0, 0x42, 0x85,
    0x0A, 0x92, 0x97, 0x7F, 0x20, 0xC0, 0x22, 0xEA, 0xDC, 0xBC, 0x03, 0x8E, 0xFC, 0xF7, 0x24, 0x3D,
    0xD8, 0x82, 0x27, 0x01, 0x55, 0xD4, 0x98, 0x64, 0x72, 0xC7, 0x4C, 0xAB, 0xF9, 0x11, 0xBC, 0xE5,
    0xD7, 0xF8, 0x86, 0x09, 0xCD, 0x9C, 0x8B, 0x99, 0x82, 0x92, 0xB2, 0xA9, 0xA7, 0xD9, 0x80, 0x9B,
    0x8E, 0x20, 0x77, 0x69, 0x85, 0x49, 0xD2, 0x2F, 0x2C, 0x11, 0x67, 0xF8, 0x23, 0xAA, 0x9F, 0xD6,
    0xA4, 0x88, 0xC2, 0x12, 0xE5, 0x76, 0x30, 0xAD, 0xA0, 0x0C, 0x90, 0xE4, 0x33, 0x1F, 0x0B, 0xD8,
    0x7A, 0x4C, 0xDA, 0xB9, 0xC4, 0x97, 0x94, 0xBB, 0xE6, 0xD9, 0x7F, 0x3E, 0xA0, 0xAF, 0x30, 0x36,
    0xC3, 0x30, 0x9F, 0xC3, 0x67, 0x7B, 0x83, 0x39, 0xA2, 0x78, 0x66, 0x0C, 0xF8, 0xF2, 0x5D, 0x47,
    0xD7, 0xB6, 0x81, 0x1A, 0x28, 0x7C, 0x7E, 0xAB, 0x62, 0x1D, 0x5E, 0xF8, 0xFF, 0xC5, 0x1D, 0xF0,
    0xD3, 0xF0, 0x67, 0x23, 0x1B, 0x7B, 0xD4, 0xD5, 0x2A, 0x1B, 0x54, 0xAC, 0xE9, 0xF7, 0xFB, 0xB5,
    0x4C, 0x2E, 0x17, 0xE5, 0x3F, 0xCD, 0x93, 0x21, 0x90, 0xD4, 0x40, 0x10, 0x45, 0x7F, 0xF6, 0xAA,
    0x58, 0x91, 0xA2, 0x46, 0xA1, 0x10, 0xF1, 0x08, 0xE2, 0xD5, 0xC4, 0x2B, 0x0C, 0x85, 0xB7, 0x67,
    0x4E, 0xA3, 0x66, 0xF1, 0x02, 0xBC, 0x41, 0xB3, 0xDE, 0x52, 0x13, 0xBC, 0x89, 0x01, 0x1D, 0x71,
    0x9E, 0x11, 0x11, 0x0B, 0x4C, 0xE6, 0xD3, 0xDD, 0xB9, 0x9A, 0x3A, 0xB6, 0x76, 0x11, 0x28, 0x52,
    0xD7, 0xEF, 0xA6, 0xD2, 0xFF, 0xF7, 0xEF, 0xAD, 0xD9, 0x6D, 0x38, 0x03, 0x0D, 0x79, 0x50, 0x9C,
    0x14, 0x04, 0x6E, 0xC9, 0x11, 0x68, 0x39, 0x01, 0x60, 0x12, 0xF8, 0x93, 0xC0, 0x65, 0xF4, 0x7C,
    0x9F, 0x41, 0xFE, 0x5A, 0x6F, 0x48, 0x16, 0xA7, 0xE8, 0xF9, 0x8E, 0xF4, 0x19, 0x9E, 0x22, 0xEA,
    0x18, 0x12, 0x9C, 0xA1, 0x6C, 0x58, 0xC4, 0xE6, 0xC5, 0x98, 0xFD, 0x2A, 0x53, 0x3A, 0x7E, 0x63,
    0x52, 0xDB, 0xAC, 0x03, 0x0E, 0x88, 0x2C, 0x9A, 0x33, 0xCB, 0x81, 0xE4, 0x70, 0x81, 0x13, 0x76,
    0xC2, 0x11, 0xCD, 0x7F, 0xCB, 0x2B, 0x9B, 0x87, 0x72, 0x3C, 0x1E, 0xE1, 0x57, 0xC8, 0xE3, 0x38,
    0x08, 0x6F, 0x38, 0x0A, 0x1B, 0x26, 0x21, 0x42, 0x56, 0xF6, 0xE5, 0xBC, 0x8D, 0x47, 0x6D, 0x75,
    0xD7, 0x33, 0x53, 0xD5, 0xA8, 0x5E, 0xBD, 0xB5, 0xD9, 0x9C, 0x35, 0xAB, 0xD3, 0x76, 0xB8, 0xB6,
    0xE1, 0xAD, 0x34, 0x3F, 0xD9, 0xF1, 0x0C, 0x6A, 0xED, 0x6C, 0x80, 0x3F, 0xD5, 0xE8, 0x86, 0xA3,
    0x65, 0x1C, 0x2C, 0xC3, 0x96, 0xDF, 0x76, 0x5C, 0xAA, 0x64, 0x67, 0x92, 0xBD, 0x2D, 0xE0, 0x8A,
    0x35, 0x4D, 0x12, 0x92, 0x92, 0x53, 0xDD, 0xB1, 0xFD, 0x97, 0x88, 0x36, 0xF9, 0xEC, 0x4B, 0xA0,
    0x2F, 0x3E, 0xB7, 0x36, 0xD1, 0x59, 0xB7, 0xCB, 0xE7, 0x4A, 0x9F, 0x6A, 0x2A, 0x62, 0xCD, 0x16,
    0x8E, 0x35, 0x64, 0xF7, 0x10, 0x35, 0x18, 0x61, 0x6B, 0xA3, 0x6E, 0xE6, 0x56, 0x04, 0x8E, 0x32,
    0x3E, 0x72, 0xEE, 0x94, 0xA9, 0x57, 0x2E, 0x7E, 0x11, 0x66, 0x9F, 0x34, 0x3A, 0x28, 0x4B, 0x9C,
    0xD5, 0xC9, 0x49, 0xA7, 0xE8, 0xC8, 0x9D, 0x11, 0xE4, 0xC1, 0x68, 0x57, 0x41, 0x54, 0x76, 0x45,
    0x70, 0x37, 0x21, 0xCC, 0xA2, 0x5F, 0xE5, 0x0F, 0x8E, 0xFC, 0x28, 0x3A, 0x4F, 0x7D, 0x46, 0x9F,
    0x02, 0xE7, 0x38, 0x85, 0xD1, 0xC9, 0xAB, 0x59, 0xFF, 0xC1, 0xCF, 0x3E, 0x79, 0x4E, 0x61, 0x7A,
    0x90, 0x6C, 0x86, 0xC3, 0x5E, 0xED, 0x05, 0x88, 0xF3, 0xF6, 0x11, 0x7B, 0x01, 0x33, 0xF4, 0xDD,
    0x5E, 0xCA, 0xAD, 0x19, 0xEE, 0x84, 0x3F, 0xAA, 0xFB, 0x5B, 0x2D, 0x97, 0xAB, 0x7F, 0x5C, 0xA9,
    0x96, 0xBF, 0x4B, 0x88, 0x9C, 0xA4, 0x46, 0x78, 0x6E, 0xE3, 0xF1, 0x0A, 0x4F, 0xD1, 0xF2, 0xD0,
    0x4D, 0x3D, 0x4B, 0xB4, 0x75, 0xC7, 0xA0, 0x88, 0x5F, 0xC8, 0xA1, 0x1F, 0xDA, 0x0C, 0x7B, 0x6E,
    0x8A, 0xE8, 0x3A, 0xCE, 0x9D, 0x4A, 0xE2, 0xB4, 0x49, 0xBE, 0xAB, 0x78, 0x88, 0x1C, 0xF6, 0xD8,
    0x74, 0x6E, 0x15, 0x78, 0x3D, 0xC6, 0xF4, 0xE2, 0x78, 0xE4, 0x4F, 0x9D, 0xC7, 0x33, 0x00, 0x4C,
    0xDB, 0x8D, 0x3E, 0x7B, 0xC3, 0xAF, 0xAF, 0x2F, 0x49, 0xEC, 0xA2, 0xED, 0x9E, 0x1D, 0xEB, 0xD7,
    0x44, 0x9E, 0x97, 0x52, 0x1D, 0x81, 0xE7, 0x24, 0x5A, 0x92, 0x4F, 0xA4, 0x4A, 0x10, 0x7C, 0x88,
    0x2C, 0x03, 0xA2, 0x3A, 0xEC, 0x64, 0xEF, 0x54, 0x51, 0x54, 0x4B, 0x75, 0xD9, 0x20, 0x05, 0xEE,
    0xAE, 0xFE, 0x86, 0xDE, 0x6A, 0x3B, 0x2E, 0x0A, 0xDE, 0x2B, 0x38, 0xDB, 0xA8, 0xC9, 0x82, 0xD0,
    0x44, 0x52, 0x37, 0xA7, 0x9D, 0x6A, 0xF8, 0x7D, 0x24, 0x17, 0x11, 0x9F, 0xC4, 0xF1, 0x03, 0xC0,
    0x67, 0x29, 0x5C, 0xCD, 0xF8, 0x0D,
};

static const EpdGlyph notosans_18_boldGlyphs[] = {
    { 0, 0, 0, 0, 0, 0, 0 }, // U+0000
    { 0, 0, 156, 0, 0, 0, 0 }, // U+000D
    { 0, 0, 188, 0, 0, 0, 0 }, // U+0020
    { 8, 26, 182, 2, 25, 52, 0 }, // !
    { 13, 9, 236, 1, 25, 30, 52 }, // "
    { 27, 25, 461, 1, 25, 169, 82 }, // #
    { 22, 33, 367, 0, 29, 182, 251 }, // $
    { 35, 27, 582, 1, 26, 237, 433 }, // %
    { 26, 27, 435, 1, 26, 176, 670 }, // &
    { 6, 9, 127, 1, 25, 14, 846 }, // '
    { 11, 33, 202, 1, 27, 91, 860 }, // (
    { 10, 33, 202, 1, 27, 83, 951 }, // )
    { 15, 14, 291, 2, 25, 53, 1034 }, // *
    { 20, 19, 356, 1, 19, 95, 1087 }, // +
    { 8, 13, 164, 1, 6, 26, 1182 }, // ,
    { 12, 5, 224, 1, 12, 15, 1208 }, // -
    { 8, 7, 164, 1, 6, 14, 1223 }, // .
    { 16, 30, 265, 0, 27, 120, 1237 }, // /
    { 22, 27, 396, 1, 26, 149, 1357 }, // 0
    { 12, 25, 265, 1, 25, 75, 1506 }, // 1
    { 20, 26, 348, 1, 26, 130, 1581 }, // 2
    { 20, 27, 360, 1, 26, 135, 1711 }, // 3
    { 23, 25, 374, 0, 25, 144, 1846 }, // 4
    { 20, 26, 365, 1, 25, 130, 1990 }, // 5
    { 21, 27, 376, 1, 26, 142, 2120 }, // 6
    { 20, 25, 323, 0, 25, 125, 2262 }, // 7
    { 21, 27, 374, 1, 26, 142, 2387 }, // 8
    { 19, 26, 342, 1, 26, 124, 2529 }, // 9
    { 8, 20, 164, 1, 19, 40, 2653 }, // :
    { 8, 26, 164, 1, 19, 52, 2693 }, // ;
    { 19, 21, 342, 1, 20, 100, 2745 }, // <
    { 20, 11, 367, 1, 15, 55, 2845 }, // =
    { 19, 21, 342, 1, 20, 100, 2900 }, // >
    { 20, 27, 329, 0, 26, 135, 3000 }, // ?
    { 28, 27, 469, 1, 23, 189, 3135 }, // @
    { 26, 25, 408, 0, 25, 163, 3324 }, // A
    { 22, 25, 386, 2, 25, 138, 3487 }, // B
    { 24, 27, 395, 1, 26, 162, 3625 }, // C
    { 23, 25, 413, 2, 25, 144, 3787 }, // D
    { 20, 25, 359, 2, 25, 125, 3931 }, // E
    { 18, 25, 340, 2, 25, 113, 4056 }, // F
    { 25, 27, 431, 1, 26, 169, 4169 }, // G
    { 23, 25, 421, 2, 25, 144, 4338 }, // H
    { 14, 25, 256, 1, 25, 88, 4482 }, // I
    { 19, 26, 338, 0, 25, 124, 4570 }, // J
    { 23, 25, 399, 2, 25, 144, 4694 }, // K
    { 19, 25, 331, 2, 25, 119, 4838 }, // L
    { 28, 25, 515, 2, 25, 175, 4957 }, // M
    { 23, 25, 431, 2, 25, 144, 5132 }, // N
    { 26, 27, 449, 1, 26, 176, 5276 }, // O
    { 21, 25, 378, 2, 25, 132, 5452 }, // P
    { 28, 29, 455, 1, 26, 203, 5584 }, // Q
    { 22, 25, 391, 2, 25, 138, 5787 }, // R
    { 22, 27, 367, 0, 26, 149, 5925 }, // S
    { 23, 25, 365, 0, 25, 144, 6074 }, // T
    { 22, 26, 412, 2, 25, 143, 6218 }, // U
    { 24, 25, 388, 0, 25, 150, 6361 }, // V
    { 33, 25, 532, 0, 25, 207, 6511 }, // W
    { 26, 25, 412, 0, 25, 163, 6718 }, // X
    { 25, 25, 392, 0, 25, 157, 6881 }, // Y
    { 21, 25, 371, 1, 25, 132, 7038 }, // Z
    { 10, 33, 205, 2, 27, 83, 7170 }, // [
    { 16, 30, 265, 0, 27, 120, 7253 }, // <backslash>
    { 10, 33, 206, 1, 27, 83, 7373 }, // ]
    { 19, 14, 350, 1, 25, 67, 7456 }, // ^
    { 17, 5, 241, -1, 0, 22, 7523 }, // _
    { 10, 7, 187, 1, 30, 18, 7545 }, // `
    { 20, 21, 332, 0, 20, 105, 7563 }, // a
    { 20, 28, 358, 2, 27, 140, 7668 }, // b
    { 18, 21, 307, 1, 20, 95, 7808 }, // c
    { 20, 28, 358, 1, 27, 140, 7903 }, // d
    { 20, 21, 338, 1, 20, 105, 8043 }, // e
    { 13, 28, 220, 0, 28, 91, 8148 }, // f
    { 20, 28, 356, 1, 20, 140, 8239 }, // g
    { 18, 27, 343, 2, 27, 122, 8379 }, // h
    { 10, 29, 181, 0, 29, 73, 8501 }, // i
    { 12, 35, 155, -3, 29, 105, 8574 }, // j
    { 19, 27, 335, 2, 27, 129, 8679 }, // k
    { 11, 27, 192, 1, 27, 75, 8808 }, // l
    { 30, 20, 530, 2, 20, 150, 8883 }, // m
    { 18, 20, 343, 2, 20, 90, 9033 }, // n
    { 20, 21, 346, 1, 20, 105, 9123 }, // o
    { 20, 26, 358, 2, 20, 130, 9228 }, // p
    { 25, 27, 360, 1, 20, 169, 9358 }, // q
    { 12, 21, 226, 2, 21, 63, 9527 }, // r
    { 19, 21, 306, 0, 20, 100, 9590 }, // s
    { 13, 24, 226, 0, 24, 78, 9690 }, // t
    { 18, 20, 341, 2, 19, 90, 9768 }, // u
    { 20, 19, 320, 0, 19, 95, 9858 }, // v
    { 28, 19, 445, 0, 19, 133, 9953 }, // w
    { 20, 19, 325, 0, 19, 95, 10086 }, // x
    { 20, 25, 314, 0, 19, 125, 10181 }, // y
    { 18, 19, 304, 1, 19, 86, 10306 }, // z
    { 14, 33, 230, 0, 27, 116, 10392 }, // {
    { 6, 38, 153, 2, 32, 57, 10508 }, // |
    { 13, 33, 230, 1, 27, 108, 10565 }, // }
    { 18, 10, 322, 1, 15, 45, 10673 }, // ~
    { 0, 0, 188, 0, 0, 0, 0 }, // U+00A0
    { 8, 27, 182, 2, 20, 54, 0 }, // U+00A1
    { 18, 28, 307, 1, 23, 126, 54 }, // U+00A2
    { 21, 27, 381, 2, 26, 142, 180 }, // U+00A3
    { 20, 19, 356, 1, 22, 95, 322 }, // U+00A4
    { 25, 25, 392, 0, 25, 157, 417 }, // U+00A5
    { 6, 38, 153, 2, 32, 57, 574 }, // U+00A6
    { 21, 33, 334, 0, 26, 174, 631 }, // U+00A7
    { 12, 4, 351, 5, 28, 12, 805 }, // U+00A8
    { 27, 27, 479, 1, 26, 183, 817 }, // U+00A9
    { 12, 11, 235, 1, 26, 33, 1000 }, // U+00AA
    { 22, 16, 391, 1, 17, 88, 1033 }, // U+00AB
    { 21, 14, 370, 1, 16, 74, 1121 }, // U+00AC
    { 27, 27, 479, 1, 26, 183, 1195 }, // U+00AE
    { 20, 3, 300, -1, 32, 15, 1378 }, // U+00AF
    { 13, 12, 238, 1, 26, 39, 1393 }, // U+00B0
    { 20, 19, 367, 1, 19, 95, 1432 }, // U+00B1
    { 13, 15, 242, 1, 30, 49, 1527 }, // U+00B2
    { 13, 15, 245, 1, 30, 49, 1576 }, // U+00B3
    { 10, 6, 187, 1, 29, 15, 1625 }, // U+00B4
    { 18, 31, 313, 1, 25, 140, 1640 }, // U+00B6
    { 8, 7, 178, 2, 13, 14, 1780 }, // U+00B7
    { 8, 9, 137, 0, 0, 18, 1794 }, // U+00B8
    { 8, 15, 172, 1, 29, 30, 1812 }, // U+00B9
    { 13, 11, 242, 1, 26, 36, 1842 }, // U+00BA
    { 22, 16, 391, 1, 17, 88, 1878 }, // U+00BB
    { 29, 25, 508, 1, 25, 182, 1966 }, // U+00BC
    { 29, 25, 512, 1, 25, 182, 2148 }, // U+00BD
    { 32, 26, 554, 1, 26, 208, 2330 }, // U+00BE
    { 20, 27, 317, 0, 20, 135, 2538 }, // U+00BF
    { 26, 33, 408, 0, 33, 215, 2673 }, // U+00C0
    { 26, 33, 408, 0, 33, 215, 2888 }, // U+00C1
    { 26, 33, 408, 0, 33, 215, 3103 }, // U+00C2
    { 26, 32, 408, 0, 32, 208, 3318 }, // U+00C3
    { 26, 33, 408, 0, 33, 215, 3526 }, // U+00C4
    { 26, 33, 408, 0, 33, 215, 3741 }, // U+00C5
    { 36, 25, 581, 0, 25, 225, 3956 }, // U+00C6
    { 24, 34, 395, 1, 26, 204, 4181 }, // U+00C7
    { 20, 33, 359, 2, 33, 165, 4385 }, // U+00C8
    { 20, 33, 359, 2, 33, 165, 4550 }, // U+00C9
    { 20, 33, 359, 2, 33, 165, 4715 }, // U+00CA
    { 20, 33, 359, 2, 33, 165, 4880 }, // U+00CB
    { 14, 33, 256, 1, 33, 116, 5045 }, // U+00CC
    { 14, 33, 256, 1, 33, 116, 5161 }, // U+00CD
    { 16, 33, 256, 0, 33, 132, 5277 }, // U+00CE
    { 14, 33, 256, 1, 33, 116, 5409 }, // U+00CF
    { 26, 25, 425, 0, 25, 163, 5525 }, // U+00D0
    { 23, 32, 431, 2, 32, 184, 5688 }, // U+00D1
    { 26, 35, 449, 1, 34, 228, 5872 }, // U+00D2
    { 26, 35, 449, 1, 34, 228, 6100 }, // U+00D3
    { 26, 35, 449, 1, 34, 228, 6328 }, // U+00D4
    { 26, 34, 449, 1, 33, 221, 6556 }, // U+00D5
    { 26, 34, 449, 1, 33, 221, 6777 }, // U+00D6
    { 18, 17, 322, 1, 18, 77, 6998 }, // U+00D7
    { 26, 27, 449, 1, 26, 176, 7075 }, // U+00D8
    { 22, 34, 412, 2, 33, 187, 7251 }, // U+00D9
    { 22, 34, 412, 2, 33, 187, 7438 }, // U+00DA
    { 22, 34, 412, 2, 33, 187, 7625 }, // U+00DB
    { 22, 34, 412, 2, 33, 187, 7812 }, // U+00DC
    { 25, 33, 392, 0, 33, 207, 7999 }, // U+00DD
    { 21, 25, 378, 2, 25, 132, 8206 }, // U+00DE
    { 21, 27, 374, 2, 26, 142, 8338 }, // U+00DF
    { 20, 29, 332, 0, 28, 145, 8480 }, // U+00E0
    { 20, 29, 332, 0, 28, 145, 8625 }, // U+00E1
    { 20, 29, 332, 0, 28, 145, 8770 }, // U+00E2
    { 20, 28, 332, 0, 27, 140, 8915 }, // U+00E3
    { 20, 29, 332, 0, 28, 145, 9055 }, // U+00E4
    { 20, 32, 332, 0, 31, 160, 9200 }, // U+00E5
    { 33, 21, 527, 0, 20, 174, 9360 }, // U+00E6
    { 18, 28, 307, 1, 20, 126, 9534 }, // U+00E7
    { 20, 29, 338, 1, 28, 145, 9660 }, // U+00E8
    { 20, 29, 338, 1, 28, 145, 9805 }, // U+00E9
    { 20, 29, 338, 1, 28, 145, 9950 }, // U+00EA
    { 20, 29, 338, 1, 28, 145, 10095 }, // U+00EB
    { 10, 28, 181, 0, 28, 70, 10240 }, // U+00EC
    { 12, 28, 181, 0, 28, 84, 10310 }, // U+00ED
    { 16, 28, 181, -2, 28, 112, 10394 }, // U+00EE
    { 14, 28, 190, -1, 28, 98, 10506 }, // U+00EF
    { 20, 30, 353, 1, 29, 150, 10604 }, // U+00F0
    { 18, 27, 343, 2, 27, 122, 10754 }, // U+00F1
    { 20, 29, 346, 1, 28, 145, 10876 }, // U+00F2
    { 20, 29, 346, 1, 28, 145, 11021 }, // U+00F3
    { 20, 29, 346, 1, 28, 145, 11166 }, // U+00F4
    { 20, 28, 346, 1, 27, 140, 11311 }, // U+00F5
    { 20, 29, 346, 1, 28, 145, 11451 }, // U+00F6
    { 20, 21, 356, 1, 20, 105, 11596 }, // U+00F7
    { 20, 23, 346, 1, 21, 115, 11701 }, // U+00F8
    { 18, 29, 341, 2, 28, 131, 11816 }, // U+00F9
    { 18, 29, 341, 2, 28, 131, 11947 }, // U+00FA
    { 18, 29, 341, 2, 28, 131, 12078 }, // U+00FB
    { 18, 29, 341, 2, 28, 131, 12209 }, // U+00FC
    { 20, 34, 314, 0, 28, 170, 12340 }, // U+00FD
    { 20, 33, 358, 2, 27, 165, 12510 }, // U+00FE
    { 20, 34, 314, 0, 28, 170, 12675 }, // U+00FF
    { 26, 32, 408, 0, 32, 208, 0 }, // U+0100
    { 20, 26, 332, 0, 25, 130, 208 }, // U+0101
    { 26, 32, 408, 0, 32, 208, 338 }, // U+0102
    { 20, 28, 332, 0, 27, 140, 546 }, // U+0103
    { 26, 32, 408, 0, 25, 208, 686 }, // U+0104
    { 20, 27, 332, 0, 20, 135, 894 }, // U+0105
    { 24, 35, 395, 1, 34, 210, 1029 }, // U+0106
    { 18, 29, 307, 1, 28, 131, 1239 }, // U+0107
    { 24, 34, 395, 1, 33, 204, 1370 }, // U+010A
    { 18, 29, 307, 1, 28, 131, 1574 }, // U+010B
    { 24, 35, 395, 1, 34, 210, 1705 }, // U+010C
    { 18, 29, 307, 1, 28, 131, 1915 }, // U+010D
    { 23, 33, 413, 2, 33, 190, 2046 }, // U+010E
    { 26, 29, 418, 1, 28, 189, 2236 }, // U+010F
    { 26, 25, 425, 0, 25, 163, 2425 }, // U+0110
    { 23, 28, 358, 1, 27, 161, 2588 }, // U+0111
    { 20, 32, 359, 2, 32, 160, 2749 }, // U+0112
    { 20, 26, 338, 1, 25, 130, 2909 }, // U+0113
    { 20, 33, 359, 2, 33, 165, 3039 }, // U+0116
    { 20, 29, 338, 1, 28, 145, 3204 }, // U+0117
    { 20, 32, 359, 2, 25, 160, 3349 }, // U+0118
    { 20, 27, 338, 1, 20, 135, 3509 }, // U+0119
    { 20, 33, 359, 2, 33, 165, 3644 }, // U+011A
    { 20, 29, 338, 1, 28, 145, 3809 }, // U+011B
    { 25, 34, 431, 1, 33, 213, 3954 }, // U+011E
    { 20, 35, 356, 1, 27, 175, 4167 }, // U+011F
    { 25, 34, 431, 1, 33, 213, 4342 }, // U+0120
    { 20, 36, 356, 1, 28, 180, 4555 }, // U+0121
    { 25, 35, 431, 1, 26, 219, 4735 }, // U+0122
    { 20, 38, 356, 1, 30, 190, 4954 }, // U+0123
    { 26, 25, 421, 0, 25, 163, 5144 }, // U+0126
    { 22, 27, 343, -2, 27, 149, 5307 }, // U+0127
    { 14, 32, 256, 1, 32, 112, 5456 }, // U+012A
    { 12, 25, 181, 0, 25, 75, 5568 }, // U+012B
    { 14, 32, 256, 1, 25, 112, 5643 }, // U+012E
    { 10, 36, 181, 0, 29, 90, 5755 }, // U+012F
    { 14, 33, 256, 1, 33, 116, 5845 }, // U+0130
    { 10, 19, 181, 0, 19, 48, 5961 }, // U+0131
    { 34, 26, 593, 1, 25, 221, 6009 }, // U+0132
    { 20, 35, 337, 0, 29, 175, 6230 }, // U+0133
    { 23, 34, 399, 2, 25, 196, 6405 }, // U+0136
    { 19, 36, 335, 2, 27, 171, 6601 }, // U+0137
    { 18, 36, 321, 2, 36, 162, 6772 }, // U+0139
    { 9, 37, 151, 2, 37, 84, 6934 }, // U+013A
    { 19, 34, 331, 2, 25, 162, 7018 }, // U+013B
    { 11, 36, 192, 1, 27, 99, 7180 }, // U+013C
    { 19, 26, 331, 2, 26, 124, 7279 }, // U+013D
    { 13, 28, 220, 1, 28, 91, 7403 }, // U+013E
    { 22, 25, 349, 0, 25, 138, 7494 }, // U+0141
    { 12, 27, 210, 0, 27, 81, 7632 }, // U+0142
    { 23, 33, 431, 2, 33, 190, 7713 }, // U+0143
    { 18, 28, 343, 2, 28, 126, 7903 }, // U+0144
    { 23, 34, 431, 2, 25, 196, 8029 }, // U+0145
    { 18, 29, 343, 2, 20, 131, 8225 }, // U+0146
    { 23, 33, 431, 2, 33, 190, 8356 }, // U+0147
    { 18, 28, 343, 2, 28, 126, 8546 }, // U+0148
    { 22, 35, 456, 3, 27, 193, 8672 }, // U+014A
    { 18, 30, 371, 3, 21, 135, 8865 }, // U+014B
    { 25, 34, 469, 2, 33, 213, 9000 }, // U+014C
    { 19, 27, 363, 2, 26, 129, 9213 }, // U+014D
    { 26, 35, 449, 1, 34, 228, 9342 }, // U+0150
    { 20, 29, 346, 1, 28, 145, 9570 }, // U+0151
    { 37, 27, 615, 1, 26, 250, 9715 }, // U+0152
    { 34, 21, 562, 1, 20, 179, 9965 }, // U+0153
    { 22, 33, 391, 2, 33, 182, 10144 }, // U+0154
    { 12, 28, 226, 2, 28, 84, 10326 }, // U+0155
    { 20, 36, 373, 3, 27, 180, 10410 }, // U+0156
    { 13, 30, 248, 2, 21, 98, 10590 }, // U+0157
    { 22, 33, 391, 2, 33, 182, 10688 }, // U+0158
    { 16, 28, 226, 0, 28, 112, 10870 }, // U+0159
    { 22, 35, 367, 0, 34, 193, 10982 }, // U+015A
    { 19, 29, 306, 0, 28, 138, 11175 }, // U+015B
    { 22, 34, 367, 0, 26, 187, 11313 }, // U+015E
    { 19, 28, 306, 0, 20, 133, 11500 }, // U+015F
    { 22, 35, 367, 0, 34, 193, 11633 }, // U+0160
    { 19, 29, 306, 0, 28, 138, 11826 }, // U+0161
    { 23, 33, 365, 0, 25, 190, 11964 }, // U+0162
    { 13, 32, 226, 0, 24, 104, 12154 }, // U+0163
    { 23, 33, 365, 0, 33, 190, 12258 }, // U+0164
    { 16, 30, 226, 0, 30, 120, 12448 }, // U+0165
    { 22, 33, 412, 2, 32, 182, 12568 }, // U+016A
    { 18, 26, 341, 2, 25, 117, 12750 }, // U+016B
    { 21, 36, 439, 3, 35, 189, 12867 }, // U+016C
    { 18, 29, 371, 2, 28, 131, 13056 }, // U+016D
    { 22, 35, 412, 2, 34, 193, 13187 }, // U+016E
    { 18, 31, 341, 2, 30, 140, 13380 }, // U+016F
    { 22, 35, 412, 2, 34, 193, 13520 }, // U+0170
    { 18, 29, 341, 2, 28, 131, 13713 }, // U+0171
    { 22, 32, 412, 2, 25, 176, 13844 }, // U+0172
    { 18, 26, 341, 2, 19, 117, 14020 }, // U+0173
    { 33, 33, 532, 0, 33, 273, 14137 }, // U+0174
    { 28, 28, 445, 0, 28, 196, 14410 }, // U+0175
    { 25, 33, 392, 0, 33, 207, 14606 }, // U+0176
    { 20, 34, 314, 0, 28, 170, 14813 }, // U+0177
    { 25, 33, 392, 0, 33, 207, 14983 }, // U+0178
    { 21, 33, 371, 1, 33, 174, 15190 }, // U+0179
    { 18, 28, 304, 1, 28, 126, 15364 }, // U+017A
    { 21, 33, 371, 1, 33, 174, 15490 }, // U+017B
    { 18, 28, 304, 1, 28, 126, 15664 }, // U+017C
    { 21, 33, 371, 1, 33, 174, 15790 }, // U+017D
    { 18, 28, 304, 1, 28, 126, 15964 }, // U+017E
    { 22, 35, 367, 0, 26, 193, 0 }, // U+0218
    { 19, 29, 306, 0, 20, 138, 193 }, // U+0219
    { 23, 34, 365, 0, 25, 196, 331 }, // U+021A
    { 13, 33, 226, 0, 24, 108, 527 }, // U+021B
    { 9, 6, 0, 1, 28, 14, 0 }, // U+0300
    { 9, 6, 0, 1, 28, 14, 14 }, // U+0301
    { 15, 6, 0, 1, 28, 23, 28 }, // U+0302
    { 15, 5, 0, 1, 26, 19, 51 }, // U+0303
    { 12, 4, 0, 1, 25, 12, 70 }, // U+0304
    { 12, 5, 0, 1, 26, 15, 82 }, // U+0306
    { 7, 6, 0, 1, 28, 11, 97 }, // U+0307
    { 14, 6, 0, 1, 28, 21, 108 }, // U+0308
    { 11, 10, 0, 1, 30, 28, 129 }, // U+030A
    { 16, 6, 0, 1, 28, 24, 157 }, // U+030B
    { 15, 6, 0, 1, 28, 23, 181 }, // U+030C
    { 9, 8, 0, 1, 29, 18, 204 }, // U+0312
    { 9, 8, 0, 1, -1, 18, 222 }, // U+0326
    { 9, 9, 0, 1, 1, 21, 240 }, // U+0327
    { 9, 8, 0, 1, 1, 18, 261 }, // U+0328
    { 0, 0, 0, 0, 0, 0, 279 }, // U+034F
    { 25, 33, 392, 0, 33, 207, 0 }, // U+1EF2
    { 20, 34, 314, 0, 28, 170, 207 }, // U+1EF3
    { 0, 0, 94, 0, 0, 0, 0 }, // U+2009
    { 0, 0, 0, 0, 0, 0, 0 }, // U+200B
    { 2, 28, 0, -1, 26, 14, 0 }, // U+200C
    { 10, 28, 0, -5, 26, 70, 14 }, // U+200D
    { 9, 29, 0, -1, 27, 66, 84 }, // U+200E
    { 9, 29, 0, -8, 27, 66, 150 }, // U+200F
    { 10, 3, 193, 1, 12, 8, 216 }, // U+2010
    { 10, 4, 193, 1, 12, 10, 224 }, // U+2011
    { 17, 5, 301, 1, 12, 22, 234 }, // U+2013
    { 29, 5, 499, 1, 12, 37, 256 }, // U+2014
    { 8, 12, 163, 1, 25, 24, 293 }, // U+2018
    { 8, 12, 163, 1, 26, 24, 317 }, // U+2019
    { 8, 13, 163, 1, 6, 26, 341 }, // U+201A
    { 16, 12, 290, 1, 25, 48, 367 }, // U+201C
    { 16, 12, 290, 1, 26, 48, 415 }, // U+201D
    { 16, 13, 290, 1, 6, 52, 463 }, // U+201E
    { 20, 25, 350, 1, 25, 125, 515 }, // U+2020
    { 20, 25, 352, 1, 25, 125, 640 }, // U+2021
    { 14, 13, 263, 1, 16, 46, 765 }, // U+2022
    { 27, 7, 471, 1, 6, 48, 811 }, // U+2026
    { 0, 0, 78, 0, 0, 0, 859 }, // U+202F
    { 51, 27, 841, 1, 26, 345, 859 }, // U+2030
    { 13, 16, 238, 1, 17, 52, 1204 }, // U+2039
    { 13, 16, 238, 1, 17, 52, 1256 }, // U+203A
    { 23, 25, 371, 0, 25, 144, 1308 }, // U+2044
    { 7, 20, 206, 2, 19, 35, 1452 }, // U+204F
    { 24, 23, 475, 3, 23, 138, 0 }, // U+20AA
    { 25, 27, 407, 0, 26, 169, 138 }, // U+20AC
    { 20, 25, 375, 2, 25, 125, 307 }, // U+20B9
    { 20, 27, 358, 1, 26, 135, 0 }, // U+2202
    { 21, 31, 365, 1, 25, 163, 135 }, // U+220F
    { 21, 31, 367, 1, 25, 163, 298 }, // U+2211
    { 20, 5, 356, 1, 12, 25, 461 }, // U+2212
    { 24, 25, 386, 0, 25, 150, 486 }, // U+2215
    { 8, 7, 166, 1, 13, 14, 636 }, // U+2219
    { 24, 31, 413, 1, 25, 186, 650 }, // U+221A
    { 26, 12, 452, 1, 16, 78, 836 }, // U+221E
    { 16, 33, 289, 1, 26, 132, 914 }, // U+222B
    { 18, 15, 320, 1, 17, 68, 1046 }, // U+2248
    { 20, 19, 367, 1, 19, 95, 1114 }, // U+2260
    { 20, 20, 355, 1, 20, 100, 1209 }, // U+2264
    { 20, 20, 355, 1, 20, 100, 1309 }, // U+2265
};

static const EpdUnicodeInterval notosans_18_boldIntervals[] = {
    { 0x0, 0x0, 0x0 },
    { 0xD, 0xD, 0x1 },
    { 0x20, 0x7E, 0x2 },
    { 0xA0, 0xAC, 0x61 },
    { 0xAE, 0xB4, 0x6E },
    { 0xB6, 0x107, 0x75 },
    { 0x10A, 0x113, 0xC7 },
    { 0x116, 0x11B, 0xD1 },
    { 0x11E, 0x123, 0xD7 },
    { 0x126, 0x127, 0xDD },
    { 0x12A, 0x12B, 0xDF },
    { 0x12E, 0x133, 0xE1 },
    { 0x136, 0x137, 0xE7 },
    { 0x139, 0x13E, 0xE9 },
    { 0x141, 0x148, 0xEF },
    { 0x14A, 0x14D, 0xF7 },
    { 0x150, 0x15B, 0xFB },
    { 0x15E, 0x165, 0x107 },
    { 0x16A, 0x17E, 0x10F },
    { 0x218, 0x21B, 0x124 },
    { 0x300, 0x304, 0x128 },
    { 0x306, 0x308, 0x12D },
    { 0x30A, 0x30C, 0x130 },
    { 0x312, 0x312, 0x133 },
    { 0x326, 0x328, 0x134 },
    { 0x34F, 0x34F, 0x137 },
    { 0x1EF2, 0x1EF3, 0x138 },
    { 0x2009, 0x2009, 0x13A },
    { 0x200B, 0x2011, 0x13B },
    { 0x2013, 0x2014, 0x142 },
    { 0x2018, 0x201A, 0x144 },
    { 0x201C, 0x201E, 0x147 },
    { 0x2020, 0x2022, 0x14A },
    { 0x2026, 0x2026, 0x14D },
    { 0x202F, 0x2030, 0x14E },
    { 0x2039, 0x203A, 0x150 },
    { 0x2044, 0x2044, 0x152 },
    { 0x204F, 0x204F, 0x153 },
    { 0x20AA, 0x20AA, 0x154 },
    { 0x20AC, 0x20AC, 0x155 },
    { 0x20B9, 0x20B9, 0x156 },
    { 0x2202, 0x2202, 0x157 },
    { 0x220F, 0x220F, 0x158 },
    { 0x2211, 0x2212, 0x159 },
    { 0x2215, 0x2215, 0x15B },
    { 0x2219, 0x221A, 0x15C },
    { 0x221E, 0x221E, 0x15E },
    { 0x222B, 0x222B, 0x15F },
    { 0x2248, 0x2248, 0x160 },
    { 0x2260, 0x2260, 0x161 },
    { 0x2264, 0x2265, 0x162 },
};

static const EpdFontGroup notosans_18_boldGroups[] = {
    { 0, 3732, 11373, 97, 0 },
    { 3732, 3334, 13597, 94, 97 },
    { 7066, 3819, 17218, 101, 191 },
    { 10885, 252, 691, 4, 292 },
    { 11137, 227, 320, 16, 296 },
    { 11364, 177, 401, 2, 312 },
    { 11541, 540, 1614, 26, 314 },
    { 12081, 180, 452, 3, 340 },
    { 12261, 513, 1468, 13, 343 },
};

static const uint16_t notosans_18_boldKernLeftCodepoints[] = {
    0x0020, 0x0022, 0x0026, 0x0027, 0x0028, 0x002A, 0x002B, 0x002C, 0x002D, 0x002E, 0x002F, 0x0030,
    0x0032, 0x0033, 0x0034, 0x0035, 0x0036, 0x0037, 0x0038, 0x0039, 0x003A, 0x003B, 0x003F, 0x0040,
    0x0041, 0x0042, 0x0043, 0x0044, 0x0045, 0x0046, 0x0047, 0x0049, 0x004A, 0x004B, 0x004C, 0x004F,
    0x0050, 0x0051, 0x0052, 0x0053, 0x0054, 0x0055, 0x0056, 0x0057, 0x0058, 0x0059, 0x005A, 0x005B,
    0x005C, 0x005D, 0x005F, 0x0061, 0x0062, 0x0063, 0x0065, 0x0066, 0x0067, 0x0068, 0x006A, 0x006B,
    0x006C, 0x006D, 0x006E, 0x006F, 0x0070, 0x0071, 0x0072, 0x0073, 0x0074, 0x0075, 0x0076, 0x0077,
    0x0078, 0x0079, 0x007A, 0x007B, 0x007C, 0x00A1, 0x00A2, 0x00A6, 0x00A7, 0x00AB, 0x00B0, 0x00B6,
    0x00BB, 0x00BF, 0x00C0, 0x00C1, 0x00C2, 0x00C3, 0x00C4, 0x00C5, 0x00C6, 0x00C7, 0x00C8, 0x00C9,
    0x00CA, 0x00CB, 0x00CC, 0x00CD, 0x00CE, 0x00CF, 0x00D0, 0x00D2, 0x00D3, 0x00D4, 0x00D5, 0x00D6,
    0x00D8, 0x00D9, 0x00DA, 0x00DB, 0x00DC, 0x00DD, 0x00DE, 0x00DF, 0x00E0, 0x00E1, 0x00E2, 0x00E3,
    0x00E4, 0x00E5, 0x00E6, 0x00E7, 0x00E8, 0x00E9, 0x00EA, 0x00EB, 0x00EE, 0x00EF, 0x00F0, 0x00F1,
    0x00F2, 0x00F3, 0x00F4, 0x00F5, 0x00F6, 0x00F8, 0x00F9, 0x00FA, 0x00FB, 0x00FC, 0x00FD, 0x00FE,
    0x00FF, 0x0100, 0x0101, 0x0102, 0x0103, 0x0104, 0x0105, 0x0106, 0x0107, 0x010A, 0x010B, 0x010C,
    0x010D, 0x010E, 0x010F, 0x0110, 0x0111, 0x0112, 0x0113, 0x0116, 0x0117, 0x0118, 0x0119, 0x011A,
    0x011B, 0x011E, 0x011F, 0x0120, 0x0121, 0x0122, 0x0123, 0x0126, 0x0127, 0x012A, 0x012E, 0x012F,
    0x0130, 0x0132, 0x0133, 0x0136, 0x0137, 0x013B, 0x013C, 0x013D, 0x013E, 0x0141, 0x0142, 0x0144,
    0x0146, 0x0148, 0x0150, 0x0151, 0x0152, 0x0153, 0x0154, 0x0155, 0x0157, 0x0158, 0x0159, 0x015A,
    0x015B, 0x015E, 0x015F, 0x0160, 0x0161, 0x0162, 0x0163, 0x0164, 0x0165, 0x016A, 0x016B, 0x016E,
    0x016F, 0x0170, 0x0171, 0x0172, 0x0173, 0x0174, 0x0175, 0x0176, 0x0177, 0x0178, 0x0179, 0x017A,
    0x017B, 0x017C, 0x017D, 0x017E, 0x0218, 0x0219, 0x021A, 0x021B, 0x1EF2, 0x1EF3, 0x2013, 0x2014,
    0x2018, 0x2019, 0x201A, 0x201C, 0x201D, 0x201E, 0x2026, 0x2039, 0x203A,
};

static const uint8_t notosans_18_boldKernLeftClassIds[] = {
      1,   2,   3,   2,   4,   5,   6,   7,   8,   9,  10,  11,  12,  13,  14,  15,
     16,  17,  18,  19,  20,  20,  21,  22,  23,  24,  25,  26,  27,  28,  29,  30,
     31,  32,  33,  26,  34,  35,  36,  37,  38,  31,  39,  40,  41,  42,  43,  44,
     45,  46,  47,  48,  49,  50,  51,  52,  53,  54,  55,  56,  57,  54,  54,  49,
     49,  58,  59,  60,  61,  62,  63,  63,  64,  63,  65,  44,  66,  67,  50,  66,
     68,  69,  70,  71,  72,  73,  23,  23,  23,  23,  23,  23,  27,  25,  27,  27,
     27,  27,  30,  30,  30,  30,  26,  26,  26,  26,  26,  26,  26,  31,  31,  31,
     31,  42,  74,  75,  48,  48,  48,  48,  48,  48,  51,  50,  51,  51,  51,  51,
     76,  77,  78,  54,  49,  49,  49,  49,  49,  49,  62,  62,  62,  62,  63,  49,
     63,  23,  48,  23,  48,  79,  80,  25,  50,  25,  50,  25,  50,  26,  81,  26,
     82,  27,  51,  27,  51,  83,  51,  27,  51,  29,  53,  29,  53,  29,  53,  84,
     54,  30,  85,  86,  30,  31,  55,  32,  56,  33,  87,  33,  88,  33,  57,  54,
     54,  54,  26,  49,  27,  51,  36,  59,  89,  36,  59,  37,  60,  37,  60,  37,
     60,  38,  90,  38,  91,  31,  62,  31,  62,  31,  62,  31,  92,  40,  63,  42,
     63,  42,  43,  65,  43,  65,  43,  65,  37,  60,  38,  93,  42,  63,   8,   8,
     94,  95,   9,  94,  95,   9,   9,  69,  72,
};

static const uint16_t notosans_18_boldKernRightCodepoints[] = {
    0x0020, 0x0021, 0x0022, 0x0023, 0x0025, 0x0026, 0x0027, 0x0029, 0x002A, 0x002B, 0x002C, 0x002D,
    0x002E, 0x002F, 0x0030, 0x0031, 0x0032, 0x0033, 0x0034, 0x0035, 0x0036, 0x0037, 0x0038, 0x0039,
    0x003A, 0x003B, 0x003F, 0x0040, 0x0041, 0x0042, 0x0043, 0x0045, 0x0046, 0x0047, 0x0048, 0x0049,
    0x004A, 0x004F, 0x0051, 0x0053, 0x0054, 0x0055, 0x0056, 0x0057, 0x0058, 0x0059, 0x005A, 0x005B,
    0x005C, 0x005D, 0x005F, 0x0061, 0x0062, 0x0063, 0x0064, 0x0065, 0x0066, 0x0067, 0x0068, 0x0069,
    0x006A, 0x006B, 0x006C, 0x006D, 0x006E, 0x006F, 0x0070, 0x0071, 0x0072, 0x0073, 0x0074, 0x0075,
    0x0076, 0x0077, 0x0078, 0x0079, 0x007A, 0x007C, 0x007D, 0x00A1, 0x00A2, 0x00A5, 0x00A6, 0x00A7,
    0x00AB, 0x00B0, 0x00B6, 0x00B7, 0x00BB, 0x00BF, 0x00C0, 0x00C1, 0x00C2, 0x00C3, 0x00C4, 0x00C5,
    0x00C6, 0x00C7, 0x00C8, 0x00C9, 0x00CA, 0x00CB, 0x00CC, 0x00CD, 0x00CE, 0x00CF, 0x00D2, 0x00D3,
    0x00D4, 0x00D5, 0x00D6, 0x00D8, 0x00D9, 0x00DA, 0x00DB, 0x00DC, 0x00DD, 0x00E0, 0x00E1, 0x00E2,
    0x00E3, 0x00E4, 0x00E5, 0x00E6, 0x00E7, 0x00E8, 0x00E9, 0x00EA, 0x00EB, 0x00EC, 0x00ED, 0x00EE,
    0x00EF, 0x00F0, 0x00F1, 0x00F2, 0x00F3, 0x00F4, 0x00F5, 0x00F6, 0x00F8, 0x00F9, 0x00FA, 0x00FB,
    0x00FC, 0x00FD, 0x00FE, 0x00FF, 0x0100, 0x0101, 0x0102, 0x0103, 0x0104, 0x0105, 0x0106, 0x0107,
    0x010A, 0x010B, 0x010C, 0x010D, 0x010F, 0x0111, 0x0112, 0x0113, 0x0116, 0x0117, 0x0118, 0x0119,
    0x011A, 0x011B, 0x011E, 0x011F, 0x0120, 0x0121, 0x0122, 0x0123, 0x0127, 0x012A, 0x012B, 0x012E,
    0x012F, 0x0130, 0x0131, 0x0132, 0x0133, 0x0137, 0x013C, 0x013E, 0x0142, 0x0144, 0x0146, 0x0148,
    0x014D, 0x0150, 0x0151, 0x0152, 0x0153, 0x0155, 0x0159, 0x015A, 0x015B, 0x015E, 0x015F, 0x0160,
    0x0161, 0x0162, 0x0163, 0x0164, 0x0165, 0x016A, 0x016B, 0x016E, 0x016F, 0x0170, 0x0171, 0x0172,
    0x0173, 0x0174, 0x0175, 0x0176, 0x0177, 0x0178, 0x0179, 0x017A, 0x017B, 0x017C, 0x017D, 0x017E,
    0x0218, 0x0219, 0x021A, 0x021B, 0x1EF2, 0x1EF3, 0x2013, 0x2014, 0x2018, 0x2019, 0x201A, 0x201C,
    0x201D, 0x201E, 0x2022, 0x2026, 0x2030, 0x2039, 0x203A, 0x220F, 0x2211, 0x222B,
};

static const uint8_t notosans_18_boldKernRightClassIds[] = {
      1,   2,   3,   4,   5,   6,   3,   7,   8,   9,  10,  11,  12,  13,  14,  15,
     16,  17,  18,  19,  20,  21,  22,  23,  24,  25,  26,  27,  28,  29,  30,  29,
     29,  30,  29,  31,  32,  30,  30,  33,  34,  35,  36,  37,  38,  39,  40,  41,
     42,  43,  44,  45,  46,  47,  47,  47,  48,  49,  46,  50,  51,  46,  46,  52,
     52,  47,  53,  47,  52,  54,  55,  56,  57,  57,  58,  57,  59,  41,  43,  60,
     47,  61,  41,  60,  62,  63,  64,  65,  66,  67,  28,  28,  28,  28,  28,  28,
     68,  30,  29,  29,  29,  29,  31,  31,  31,  31,  30,  30,  30,  30,  30,  30,
     35,  35,  35,  35,  39,  45,  45,  69,  70,  71,  45,  45,  47,  47,  47,  47,
     72,  73,  50,  74,  75,  47,  52,  47,  47,  76,  77,  78,  47,  56,  56,  56,
     56,  57,  79,  57,  28,  80,  28,  81,  28,  45,  30,  47,  30,  47,  30,  47,
     47,  47,  29,  47,  29,  47,  29,  47,  29,  47,  30,  49,  30,  49,  30,  49,
     82,  31,  83,  31,  84,  31,  50,  31,  50,  46,  46,  46,  46,  52,  52,  52,
     85,  30,  47,  30,  47,  52,  52,  33,  54,  33,  54,  33,  54,  34,  55,  34,
     55,  35,  56,  35,  56,  35,  56,  35,  56,  37,  57,  39,  57,  39,  40,  59,
     40,  59,  40,  59,  33,  54,  34,  55,  39,  57,  11,  11,  86,  87,  88,  86,
     87,  88,  89,  12,   5,  62,  66,  90,  90,  91,
};

static const uint16_t notosans_18_boldKernRowOffsets[] = {
        0,     6,    30,    37,    54,    73,    75,    95,   114,   133,   163,   165,   168,   169,   176,   182,
      185,   198,   205,   208,   218,   219,   222,   254,   265,   271,   289,   298,   316,   324,   338,   345,
      371,   396,   428,   447,   472,   488,   540,   588,   625,   649,   698,   705,   709,   722,   723,   724,
      749,   787,   815,   834,   869,   872,   886,   887,   917,   943,   963,   997,  1010,  1028,  1030,  1065,
     1078,  1089,  1090,  1095,  1096,  1104,  1106,  1107,  1118,  1150,  1159,  1161,  1171,  1175,  1178,  1211,
     1237,  1285,  1286,  1296,  1298,  1313,  1314,  1341,  1391,  1392,  1411,  1431,  1434,  1453,  1476,  1502,
};

static const uint8_t notosans_18_boldKernSparseCols[] = {
     27,  33,  35,  36,  38,  56,  14,  17,  20,  21,  27,  31,  32,  33,  35,  36,
     44,  46,  47,  53,  54,  68,  69,  70,  71,  75,  76,  77,  79,  80,  32,  33,
     34,  35,  36,  38,  56,  13,  27,  29,  31,  44,  46,  48,  50,  68,  69,  70,
     71,  75,  76,  77,  79,  80,   9,  11,  27,  31,  33,  44,  46,  47,  67,  68,
     69,  70,  71,  75,  76,  77,  79,  80,  87,  14,  17,   7,  14,  27,  29,  33,
     34,  35,  36,  37,  38,  46,  50,  54,  56,  71,  75,  76,  77,  85,  86,  13,
     17,  18,  27,  29,  31,  33,  35,  36,  37,  38,  46,  48,  54,  56,  71,  75,
     76,  77,   7,  14,  27,  29,  33,  34,  35,  36,  37,  38,  46,  54,  56,  71,
     75,  76,  77,  85,  86,  12,  17,  20,  27,  29,  31,  32,  33,  38,  44,  46,
     47,  48,  51,  52,  53,  55,  56,  57,  67,  68,  69,  70,  71,  75,  76,  77,
     78,  79,  80,   6,  10,  16,  17,  21,  12,   2,   8,  10,  14,  15,  17,  22,
     12,  14,  16,  18,  19,  22,  12,  14,  20,   2,   4,   9,  11,  12,  14,  16,
     17,  20,  21,  42,  62,  87,   2,   4,  12,  14,  15,  20,  22,  12,  15,  17,
     27,  33,  35,  36,  38,  46,  71,  75,  76,  77,  27,  33,  38,  54,   0,   1,
      2,   6,   7,   9,  10,  11,  12,  25,  27,  29,  32,  33,  34,  35,  36,  37,
     38,  41,  46,  47,  54,  55,  56,  71,  75,  76,  77,  85,  86,  87,   7,  12,
     35,  36,  37,  38,  46,  71,  75,  76,  77,  27,  29,  33,  36,  37,  39,   6,
      9,  10,  11,  12,  25,  27,  30,  33,  35,  36,  37,  38,  39,  41,  58,  67,
     87,  29,  32,  33,  46,  56,  71,  75,  76,  77,   9,  11,  12,  27,  29,  31,
     44,  67,  68,  69,  70,  72,  73,  74,  79,  80,  82,  87,   7,  25,  33,  35,
     36,  37,  38,  86,  29,  44,  46,  48,  56,  68,  69,  70,  71,  75,  76,  77,
     79,  80,   9,  11,  12,  27,  48,  67,  87,   0,  25,  27,  29,  34,  35,  36,
     37,  38,  46,  48,  49,  55,  56,  61,  65,  71,  72,  73,  74,  75,  76,  77,
     82,  83,  86,   2,   7,  25,  27,  29,  32,  33,  34,  35,  36,  38,  46,  49,
     61,  71,  72,  73,  74,  75,  76,  77,  82,  83,  85,  86,   0,   9,  11,  12,
     27,  31,  33,  35,  37,  38,  44,  46,  49,  56,  61,  67,  68,  69,  70,  71,
     72,  73,  74,  75,  76,  77,  79,  80,  82,  83,  85,  87,   6,   9,  10,  11,
     12,  25,  27,  30,  33,  35,  36,  37,  38,  39,  41,  50,  58,  67,  87,   9,
     10,  11,  23,  24,  27,  29,  31,  33,  34,  37,  38,  44,  46,  67,  68,  69,
     70,  71,  75,  76,  77,  79,  80,  87,   2,  10,  12,  25,  27,  31,  33,  35,
     36,  38,  52,  54,  56,  67,  78,  85,   0,   2,   5,   7,   9,  10,  11,  12,
     23,  24,  25,  26,  27,  29,  31,  32,  33,  35,  36,  37,  38,  41,  44,  46,
     48,  51,  52,  53,  55,  56,  57,  58,  61,  65,  67,  68,  69,  70,  71,  72,
     73,  74,  75,  76,  77,  78,  79,  80,  81,  82,  86,  87,   0,   2,   5,   9,
     10,  11,  12,  23,  24,  26,  27,  29,  31,  32,  33,  35,  37,  38,  44,  46,
     48,  49,  51,  52,  53,  55,  56,  57,  61,  65,  67,  68,  69,  70,  71,  72,
     73,  74,  75,  76,  77,  78,  79,  80,  81,  82,  83,  87,   0,   2,   5,   9,
     10,  11,  12,  23,  24,  27,  29,  31,  32,  33,  36,  38,  44,  46,  48,  55,
     61,  67,  68,  69,  70,  71,  72,  73,  74,  75,  76,  77,  79,  80,  81,  82,
     87,   9,  10,  11,  25,  27,  29,  33,  35,  38,  44,  46,  56,  61,  68,  69,
     70,  71,  75,  76,  77,  79,  80,  85,  87,   0,   5,   9,  10,  11,  12,  23,
     24,  25,  26,  27,  29,  31,  32,  33,  35,  36,  37,  38,  41,  44,  46,  48,
     51,  52,  53,  55,  56,  57,  58,  61,  65,  67,  68,  69,  70,  71,  72,  73,
     74,  75,  76,  77,  78,  79,  80,  81,  82,  87,  29,  46,  61,  71,  75,  76,
     77,  17,  20,  48,  50,  29,  33,  34,  36,  38,  49,  50,  56,  72,  73,  74,
     82,  83,  50,  50,   2,   6,  10,  25,  33,  38,  41,  46,  47,  49,  53,  54,
     55,  56,  71,  72,  73,  74,  75,  76,  77,  82,  83,  85,  86,   2,   6,   9,
     10,  11,  12,  23,  24,  25,  27,  33,  35,  36,  37,  38,  41,  46,  47,  49,
     53,  54,  56,  57,  58,  61,  65,  71,  72,  73,  74,  75,  76,  77,  82,  83,
     85,  86,  87,   2,   6,  25,  33,  41,  44,  45,  46,  47,  49,  54,  68,  69,
     70,  71,  72,  73,  74,  75,  76,  77,  79,  80,  81,  82,  83,  85,  86,   2,
      9,  11,  12,  25,  26,  33,  35,  36,  38,  41,  47,  48,  54,  56,  58,  85,
     86,  87,   2,   7,   9,  10,  11,  12,  25,  26,  44,  46,  47,  48,  49,  53,
     54,  56,  57,  68,  69,  70,  71,  72,  73,  74,  75,  76,  77,  79,  80,  81,
     82,  83,  85,  86,  87,  33,  41,  50,  25,  33,  41,  47,  49,  54,  56,  72,
     73,  74,  82,  83,  85,  86,  50,   5,   9,  10,  11,  23,  24,  26,  33,  44,
     46,  49,  54,  56,  57,  61,  68,  69,  70,  71,  72,  73,  74,  75,  76,  77,
     79,  80,  82,  83,  87,   9,  11,  41,  44,  45,  46,  48,  49,  54,  56,  68,
     69,  70,  71,  72,  73,  74,  75,  76,  77,  79,  80,  81,  82,  83,  87,   6,
      9,  12,  24,  33,  40,  41,  42,  43,  50,  52,  56,  59,  66,  78,  83,  86,
     87,  89,  90,   0,   2,   9,  11,  44,  45,  46,  47,  48,  49,  51,  52,  54,
     55,  56,  68,  69,  70,  71,  72,  73,  74,  75,  76,  77,  78,  79,  80,  81,
     82,  83,  85,  86,  87,   2,  25,  33,  41,  46,  47,  56,  57,  71,  75,  76,
     77,  85,   2,  10,  25,  26,  46,  49,  56,  58,  71,  72,  73,  74,  75,  76,
     77,  82,  83,  86,  33,  41,   0,   9,  10,  11,  12,  27,  33,  35,  37,  38,
     41,  44,  46,  47,  48,  49,  53,  54,  56,  68,  69,  70,  71,  72,  73,  74,
     75,  76,  77,  79,  80,  82,  83,  85,  87,  33,  35,  38,  46,  47,  48,  53,
     57,  71,  75,  76,  77,  86,  10,  33,  38,  46,  47,  54,  56,  71,  75,  76,
     77,  50,  33,  35,  36,  38,  50,  50,  33,  35,  38,  46,  71,  75,  76,  77,
     14,  20,  81,  33,  35,  36,  37,  38,  39,  46,  71,  75,  76,  77,  28,  29,
     31,  33,  34,  35,  36,  38,  44,  46,  47,  48,  49,  51,  55,  56,  68,  69,
     70,  71,  72,  73,  74,  75,  76,  77,  79,  80,  82,  83,  85,  86,   6,  10,
     12,  25,  27,  35,  37,  41,  67,  41,  56,   2,  25,  42,  45,  62,  63,  78,
     81,  86,  89,  42,  45,  60,  81,   9,  11,  87,   0,   1,   2,   6,   7,   9,
     10,  11,  12,  25,  27,  29,  32,  33,  34,  35,  36,  37,  38,  41,  46,  47,
     50,  54,  55,  56,  71,  75,  76,  77,  85,  86,  87,   2,   6,  10,  25,  33,
     38,  41,  46,  47,  49,  50,  53,  54,  55,  56,  71,  72,  73,  74,  75,  76,
     77,  82,  83,  85,  86,   2,   3,   5,   6,   9,  10,  11,  12,  26,  41,  42,
     43,  44,  46,  47,  48,  49,  50,  51,  52,  53,  55,  56,  57,  58,  60,  61,
     64,  65,  68,  69,  70,  71,  72,  73,  74,  75,  76,  77,  78,  79,  80,  82,
     83,  85,  86,  87,  88,  25,  29,  32,  33,  46,  50,  56,  71,  75,  76,  77,
     73,  81,  29,  44,  46,  48,  50,  56,  68,  69,  70,  71,  75,  76,  77,  79,
     80,  50,   9,  11,  41,  44,  45,  46,  48,  49,  50,  54,  56,  68,  69,  70,
     71,  72,  73,  74,  75,  76,  77,  79,  80,  81,  82,  83,  87,   2,   3,   5,
      6,   7,   9,  10,  11,  12,  23,  24,  26,  41,  42,  43,  44,  46,  47,  48,
     49,  51,  52,  53,  54,  55,  56,  57,  58,  60,  61,  64,  65,  68,  69,  70,
     71,  72,  73,  74,  75,  76,  77,  78,  79,  80,  82,  83,  85,  87,  88,  84,
      2,  10,  25,  26,  46,  49,  50,  56,  58,  71,  72,  73,  74,  75,  76,  77,
     82,  83,  86,   2,  10,  25,  26,  41,  42,  46,  49,  56,  58,  71,  72,  73,
     74,  75,  76,  77,  82,  83,  86,  33,  41,  50,   2,  10,  25,  26,  46,  49,
     50,  56,  58,  71,  72,  73,  74,  75,  76,  77,  82,  83,  86,   9,  11,  27,
     31,  33,  44,  46,  47,  53,  54,  56,  66,  67,  68,  69,  70,  71,  75,  76,
     77,  79,  80,  87,   9,  11,  27,  29,  31,  33,  44,  46,  47,  48,  51,  53,
     54,  57,  66,  67,  68,  69,  70,  71,  75,  76,  77,  79,  80,  87,
};

static const int8_t notosans_18_boldKernSparseValues[] = {
      -6,  -12,  -12,  -12,  -18,  -11,    7,  -39,   19,  -12,  -35,  -73,   -5,   18,   12,   12,
     -11,  -18,   18,  -17,   23,  -11,  -11,  -11,  -18,  -18,  -18,  -18,  -11,  -11,  -18,  -31,
      -8,  -30,  -13,  -42,   -8,  -12,  -12,  -12,  -10,  -12,  -24,  -10,   41,  -12,  -12,  -12,
     -24,  -24,  -24,  -24,  -12,  -12,  -51,  -51,  -42,  -42,   12,  -12,  -12,   13,  -66,  -12,
     -12,  -12,  -12,  -12,  -12,  -12,  -12,  -12,  -51,  -18,   17,  -51,  -18,    6,  -18,  -47,
     -24,  -29,  -18,    6,  -46,   -6,   17,  -17,  -24,   -6,   -6,   -6,   -6,  -39,  -40,   12,
      34,    6,  -11,   11,   24,  -24,  -18,   -1,  -12,  -25,    8,   12,   -6,   -6,    8,    8,
       8,    8,  -51,  -18,    6,  -18,  -47,  -24,  -29,  -18,    6,  -46,   -6,  -17,  -24,   -6,
      -6,   -6,   -6,  -39,  -40,  -80,  -30,   30,  -50,  -24,  -61,  -18,   14,   12,  -30,  -41,
       1,  -29,  -23,  -18,  -35,  -24,  -12,  -24,  -46,  -30,  -30,  -30,  -41,  -41,  -41,  -41,
     -18,  -30,  -30,  -12,   12,   -1,   -3,   -6,  -18,  -19,   12,   12,   -5,   -2,    6,  -13,
     -13,  -12,  -12,   -2,   -5,   -1,  -18,  -17,   -5,   19,   18,  -18,  -18,  -30,   12,    6,
     -25,   18,  -12,    6,   25,  -18,  -12,  -15,  -11,  -12,   -6,   -6,   -8,  -30,  -12,   -1,
       6,  -18,  -12,   -6,  -23,   -3,   -3,   -3,   -3,   -3,  -35,  -24,  -13,   -3,   -6,   -6,
     -35,  -12,  -42,    6,  -11,    6,   11,  -35,   14,  -17,  -11,  -40,  -18,  -29,  -23,   11,
     -40,  -50,  -10,  -11,  -20,   -7,  -23,  -10,  -10,  -10,  -10,  -42,  -42,    6,  -12,  -12,
     -11,   -6,  -12,  -12,    7,    7,    7,    7,    7,   -6,   -9,    7,    6,  -11,    6,  -12,
     -18,   11,  -18,  -24,  -29,  -17,  -11,  -12,  -12,   -6,  -28,  -26,  -13,  -24,   -1,  -28,
     -18,  -11,   -3,    6,  -10,   -6,  -10,  -10,  -10,  -10,  -31,  -31,  -37,  -30,   -2,  -21,
      -6,  -48,   -6,   -6,   -6,    2,   13,   13,   -6,   -6,   13,  -31,  -12,  -24,  -17,  -12,
     -11,   -5,  -31,  -12,  -11,   -2,  -15,  -17,  -12,   -2,   -2,   -2,  -15,  -15,  -15,  -15,
      -2,   -2,  -24,  -24,  -18,  -18,   -3,  -23,  -24,  -12,  -23,   11,  -32,  -13,    1,   -2,
       8,    7,  -28,  -23,  -17,  -17,  -29,  -29,  -12,  -28,  -17,  -17,  -17,  -28,  -28,  -28,
     -17,  -17,  -22,  -44,  -42,  -46,    5,  -18,   -6,  -52,  -12,  -42,  -30,  -53,   -3,  -10,
     -24,   -3,  -10,  -10,  -10,   -3,   -3,   -3,  -10,  -10,  -68,  -61,  -18,  -36,  -36,  -41,
     -30,  -64,    6,    2,  -17,  -13,   -5,   -1,   12,   12,  -12,  -69,   -5,   -5,   -5,   -1,
      12,   12,   12,   -1,   -1,   -1,   -5,   -5,   12,   12,    6,  -36,  -12,  -18,   11,  -18,
     -18,  -29,    2,  -11,  -12,  -12,   -6,  -17,  -26,  -10,  -24,   25,   -1,   -8,  -18,   -5,
     -13,   -5,   -5,   -5,   10,   -6,  -16,   -6,   -6,    7,  -20,   -2,   -7,   -6,   -2,   -2,
      -2,   -7,   -7,   -7,   -7,   -2,   -2,   -5,   -5,   17,  -12,   -7,   -8,    3,   -4,   -9,
      -2,  -13,   -7,   -7,  -13,  -20,   -7,  -12,  -12,   18,  -19,   12,  -47,  -24,  -47,  -60,
     -18,  -18,   12,  -24,  -40,  -13,  -59,   -5,    9,   12,   12,    1,   13,   14,  -37,  -48,
     -42,  -28,  -24,  -29,  -24,  -17,  -25,  -24,  -53,  -35,  -63,  -55,  -50,  -51,  -48,   24,
      26,   26,  -73,  -77,  -73,  -24,  -56,  -66,   18,   15,   18,  -47,  -12,   12,  -22,  -28,
     -18,  -28,  -35,  -12,  -12,   -6,  -29,  -12,  -40,   -7,   12,   12,    3,   17,  -29,  -23,
     -17,   -2,  -19,  -13,  -22,  -12,   -6,  -16,  -34,  -22,  -47,  -46,  -47,  -52,  -23,   -2,
       8,   14,  -23,  -23,  -23,  -13,  -29,  -29,   10,    2,   -2,  -28,  -12,   12,   -2,  -18,
      -1,  -18,  -18,   -7,   -7,  -23,   -6,  -39,   -4,   12,    5,   14,   -4,  -22,  -17,   -7,
     -18,  -46,   -4,   -4,   -4,  -22,    8,   14,   19,  -22,  -22,  -22,   -4,   -4,   10,   14,
     -18,    6,  -12,    6,  -11,   11,  -28,    1,    3,    8,   -6,  -28,  -16,  -28,   -6,   -6,
      -6,  -28,  -28,  -28,  -28,   -6,   -6,  -22,    6,  -18,  -30,  -46,  -25,  -46,  -45,  -23,
     -23,  -11,  -13,  -40,  -26,  -73,  -16,   13,   17,   14,    8,   23,   12,  -40,  -46,  -46,
     -29,  -30,  -34,  -24,  -22,  -22,  -23,  -52,  -39,  -92,  -40,  -68,  -68,  -81,    8,    8,
      19,  -46,  -46,  -86,  -30,  -40,  -40,   10,   19,  -46,  -18,   -8,  -18,   -8,   -8,   -8,
      -8,   -7,   18,   -5,   42,  -24,  -60,  -18,  -18,  -45,  -11,   52,  -18,  -11,  -11,  -11,
     -11,  -11,   24,   50,  -24,  -12,   -6,  -25,  -30,  -17,  -28,   -4,   -5,   -5,   -4,   -7,
      -5,  -11,   -4,   -5,   -5,   -5,   -4,   -4,   -4,   -5,   -5,   -3,  -18,   -1,  -12,   -6,
       8,   -6,  -15,   -3,   -3,  -24,  -10,  -48,  -23,  -22,  -28,  -46,  -41,    1,    1,   -8,
      -5,   -1,  -11,  -17,  -10,  -12,  -12,    1,   -8,   -8,   -8,    1,    1,    1,   -8,   -8,
     -13,   -1,   -6,   -4,  -12,  -12,  -37,  -14,    1,   12,  -10,   12,    5,   12,    1,    1,
       1,  -10,    5,    5,    5,  -10,  -10,  -10,    1,    1,   12,    5,    5,    5,    6,  -18,
      -2,   -2,  -12,  -29,    6,  -43,  -23,  -22,  -46,  -35,   -1,    3,   -1,   -8,   -5,  -11,
      -6,   -2,   18,   19,  -24,  -18,  -24,  -18,    6,  -12,  -10,  -14,    8,  -11,    6,   -7,
       7,    2,   -5,  -10,  -10,  -10,  -14,    6,   24,   25,  -14,  -14,  -14,  -10,  -10,   15,
      25,    6,   17,   20,  -24,  -28,  -23,   22,  -23,  -30,  -22,   -1,   -5,   -4,  -11,   -5,
      -5,   -5,   -5,   -5,  -18,  -18,   22,  -12,   -5,  -23,   -5,   -5,   -5,  -18,  -25,   -8,
     -20,   -6,   -6,    5,   15,  -12,   -8,   -8,   -8,  -20,   -6,   -6,   -6,  -20,  -20,  -20,
      -8,   -8,   -6,   -6,   -5,    6,    6,  -12,    5,   -6,   -8,  -10,  -13,  -11,  -11,    5,
       5,    5,   -8,  -13,  -13,  -13,   -8,   -8,   -8,    5,    5,   -6,  -13,  -13,    6,   42,
      24,   52,   24,  -28,   20,  -23,   58,   68,   93,   20,   18,   15,   40,   20,   38,   -5,
      19,   30,   27,  -12,   25,  -42,  -42,   -6,    6,  -10,   18,   -4,   11,    6,    6,   15,
       6,    4,   -6,   -6,   -6,  -10,   11,   11,   11,  -10,  -10,  -10,    6,   -6,   -6,    6,
      11,   11,   13,   24,  -42,  -12,  -24,  -29,  -20,    1,    1,   -5,   -8,    1,    1,    1,
       1,  -13,    2,   -6,   -6,  -10,   -8,    1,   -2,   -1,   -8,    1,    1,    1,   -8,   -8,
      -8,    1,    1,    7,  -28,  -23,  -11,  -33,   -6,  -33,  -18,  -23,  -17,   -6,  -16,  -22,
     -12,  -11,  -11,   10,   -8,    8,   -5,   10,   15,  -11,  -11,  -11,  -11,    8,    8,    8,
     -11,  -11,  -11,  -11,  -11,    8,    8,   12,  -33,  -25,  -16,  -22,  -17,    2,  -11,   -7,
      15,  -17,  -17,  -17,  -17,   -5,   -9,  -24,  -23,   -9,    6,    6,    6,   -9,   -9,   -9,
      -9,   30,  -18,  -23,  -12,  -30,   29,   15,  -35,  -22,  -39,  -12,  -12,  -12,  -12,  -12,
      13,   30,   15,  -53,  -34,  -18,  -28,  -52,  -18,   -2,   -2,   -2,   -2,   -2,  -18,  -25,
     -28,  -42,   -7,  -33,  -34,  -62,  -21,  -24,  -22,  -17,  -18,  -17,  -22,  -29,  -21,  -21,
     -21,  -24,  -18,  -18,  -18,  -24,  -24,  -24,  -21,  -21,  -18,  -26,  -22,  -22,  -30,   11,
     -23,  -17,  -16,  -18,  -24,  -11,  -40,  -17,   -8,   22,   27,   20,   15,   17,   10,   10,
      15,   20,   15,   10,   16,   23,   16,  -17,  -17,  -17,   -6,   -6,  -35,  -12,  -42,    6,
     -11,    6,   11,  -35,   14,  -17,  -11,  -40,  -18,  -29,  -23,   11,  -40,  -50,  -10,  -11,
      48,  -20,   -7,  -23,  -10,  -10,  -10,  -10,  -42,  -42,    6,  -24,  -12,   -6,  -25,  -30,
     -17,  -28,   -4,   -5,   -5,   34,   -4,   -7,   -5,  -11,   -4,   -5,   -5,   -5,   -4,   -4,
      -4,   -5,   -5,   -3,  -18,    6,   -3,  -49,    3,  -60,  -41,  -60,  -60,  -48,   18,    3,
     -60,  -38,  -40,  -11,  -19,  -10,   -2,  -17,  -17,  -28,  -17,   -8,  -11,   -1,   23,  -60,
     -37,  -60,  -38,  -38,  -38,  -40,  -10,  -10,  -10,  -40,  -40,  -40,  -17,  -38,  -38,  -10,
     -10,  -15,    4,  -60,  -60,   22,  -11,   -3,    6,  -10,   31,   -6,  -10,  -10,  -10,  -10,
      18,   23,  -11,   -2,  -15,  -17,   25,  -12,   -2,   -2,   -2,  -15,  -15,  -15,  -15,   -2,
      -2,   25,    6,    6,  -12,    5,   -6,   -8,  -10,  -13,   29,  -11,  -11,    5,    5,    5,
      -8,  -13,  -13,  -13,   -8,   -8,   -8,    5,    5,   -6,  -13,  -13,    6,    6,   -3,  -28,
       3,   -3,  -28,  -28,  -28,  -28,  -13,  -13,  -27,   18,    3,  -18,  -22,  -28,  -11,  -26,
     -10,  -12,  -11,  -26,   -1,  -13,  -10,  -15,  -20,   23,  -28,  -28,  -28,  -22,  -22,  -22,
     -28,  -10,  -10,  -10,  -28,  -28,  -28,  -11,  -22,  -22,  -10,  -10,  -13,  -28,  -28,  -12,
       2,   -6,   -6,  -10,   -8,    1,   28,   -2,   -1,   -8,    1,    1,    1,   -8,   -8,   -8,
       1,    1,    7,    2,   -6,   -6,  -10,   13,    8,   -8,    1,   -2,   -1,   -8,    1,    1,
       1,   -8,   -8,   -8,    1,    1,    7,  -28,  -23,   25,    2,   -6,   -6,  -10,   -8,    1,
      25,   -2,   -1,   -8,    1,    1,    1,   -8,   -8,   -8,    1,    1,    7,  -51,  -51,  -42,
     -53,   12,  -12,  -25,   18,  -19,   18,    7,  -36,  -66,  -12,  -12,  -12,  -25,  -25,  -25,
     -25,  -12,  -12,  -51,  -51,  -51,  -42,  -25,  -79,   18,  -23,  -24,   17,  -20,   -2,  -26,
       5,  -10,  -36,  -66,  -23,  -23,  -23,  -24,  -24,  -24,  -24,  -23,  -23,  -51,
};

static const EpdFontData notosans_18_bold = {
    notosans_18_boldBitmaps,
    notosans_18_boldGlyphs,
    notosans_18_boldIntervals,
    51,
    45,
    30,
    -10,
    true,
    notosans_18_boldGroups,
    9,
    nullptr,
    nullptr,  // kernLeftClasses: built-in fonts use the split arrays below
    nullptr,  // kernRightClasses
    notosans_18_boldKernLeftCodepoints,
    notosans_18_boldKernLeftClassIds,
    notosans_18_boldKernRightCodepoints,
    notosans_18_boldKernRightClassIds,
    nullptr,  // kernMatrix: built-in fonts use the sparse form below
    notosans_18_boldKernRowOffsets,
    notosans_18_boldKernSparseCols,
    notosans_18_boldKernSparseValues,
    249,
    250,
    95,
    91,
    nullptr,
    0,
};
