/**
 * generated by fontconvert.py
 * name: notosans_14_regular
 * size: 14
 * mode: 2-bit  compressed: true
 * Command used: fontconvert.py notosans_14_regular 14 ../builtinFonts/source/NotoSans/NotoSans-Regular.ttf --2bit --compress --pnum --zopfli
 */
#pragma once
#include "EpdFontData.h"

static const uint8_t notosans_14_regularBitmaps[27756] = {
    0xAD, 0x98, 0x01, 0x84, 0x25, 0x47, 0x1A, 0xC7, 0xFF, 0xDD, 0x75, 0xBB, 0xCD, 0x35, 0x6A, 0x91,
    0x75, 0x5C, 0xD0, 0x87, 0xE0, 0x44, 0x2E, 0x0D, 0x41, 0xC2, 0xBC, 0xAE, 0xCA, 0x1D, 0x20, 0xC8,
    0x3A, 0x3B, 0x17, 0x72, 0x08, 0xC0, 0xC9, 0x91, 0x01, 0x58, 0xCC, 0x9B, 0x6E, 0x02, 0x08, 0x6E,
    0x83, 0x00, 0x10, 0xC0, 0x99, 0x43, 0x0E, 0x8B, 0x1C, 0xEF, 0x4D, 0xD7, 0xDD, 0x02, 0x82, 0x34,
    0x11, 0x00, 0xA9, 0xB8, 0x2C, 0x77, 0x07, 0x29, 0xB6, 0x57, 0x7A, 0x93, 0xEA, 0xFE, 0xEE, 0xAB,
    0xEA, 0x7E, 0x9B, 0x9D, 0xC9, 0xEC, 0xDC, 0xE4, 0x92, 0x7A, 0xFD, 0xFF, 0x75, 0x77, 0xD5, 0xF7,
    0x55, 0xD5, 0xD7, 0x55, 0xD5, 0xEF, 0xD5, 0x3B, 0x99, 0xB6, 0x9C, 0x0E, 0x0F, 0x0F, 0xF7, 0x62,
    0x02, 0x7E, 0x39, 0xD1, 0xF4, 0x54, 0x25, 0x8D, 0x92, 0x86, 0x59, 0xE5, 0x66, 0xC5, 0x47, 0x66,
    0xF6, 0xB2, 0xE6, 0x39, 0xA1, 0x21, 0xBA, 0xE7, 0x01, 0x61, 0x56, 0x00, 0x67, 0x01, 0x79, 0x80,
    0x6C, 0x0E, 0x19, 0xFA, 0x43, 0x48, 0x22, 0x72, 0x45, 0xC0, 0x95, 0x83, 0xDF, 0x3D, 0xB8, 0x81,
    0xE7, 0x13, 0x07, 0xAC, 0x52, 0xC6, 0x9E, 0xB0, 0x01, 0x1D, 0x6A, 0x2E, 0x35, 0x11, 0xE8, 0x73,
    0x03, 0x38, 0xD9, 0x04, 0x68, 0x24, 0x4E, 0x02, 0xA9, 0x2B, 0x00, 0x61, 0x4B, 0xCC, 0x89, 0xB3,
    0xA3, 0x0E, 0xFE, 0x85, 0x8C, 0x3D, 0x0A, 0x96, 0x92, 0x2F, 0x37, 0x15, 0xE7, 0xAD, 0x58, 0x2A,
    0xE8, 0x4B, 0x0D, 0x49, 0x0D, 0x12, 0x1A, 0xC1, 0x17, 0x06, 0xF2, 0xC0, 0x42, 0xFE, 0xC6, 0x41,
    0xFE, 0xDA, 0x85, 0xF3, 0x0B, 0xF2, 0x15, 0x57, 0x07, 0x3F, 0x9A, 0x90, 0x7C, 0x70, 0xFB, 0xDB,
    0x3A, 0x73, 0x2C, 0x29, 0xF7, 0xDC, 0x36, 0x4A, 0x82, 0xE8, 0xB8, 0xD6, 0x26, 0x37, 0x38, 0xCC,
    0x8D, 0x04, 0x36, 0x99, 0x51, 0x4C, 0x61, 0x0E, 0x01, 0x2F, 0xCC, 0x10, 0xAE, 0xFF, 0xEE, 0x42,
    0xFE, 0xDD, 0xCF, 0x47, 0xB6, 0xF9, 0xE8, 0x23, 0xD2, 0x95, 0x7C, 0xF5, 0xD5, 0x77, 0xB8, 0x5F,
    0x65, 0x29, 0x6C, 0xE6, 0x57, 0x55, 0x08, 0xD5, 0xAF, 0x12, 0xA6, 0x0B, 0x14, 0x36, 0x30, 0x33,
    0x21, 0x5F, 0x36, 0x6C, 0x83, 0x12, 0x45, 0x68, 0x26, 0xF6, 0x74, 0x03, 0x41, 0x08, 0xE9, 0x1A,
    0x96, 0x54, 0x7B, 0x46, 0x4A, 0xC4, 0x14, 0x7D, 0x69, 0x00, 0xEE, 0xC8, 0xB7, 0xEC, 0x02, 0x85,
    0x2B, 0x1B, 0x20, 0x1D, 0xA2, 0x27, 0xF9, 0xE8, 0xD5, 0x31, 0x04, 0x59, 0xFC, 0x01, 0xF2, 0xAB,
    0x01, 0x1E, 0xCA, 0x4C, 0x18, 0xA0, 0xA0, 0xEE, 0x3A, 0xAC, 0x21, 0xEF, 0x3B, 0x6C, 0xB9, 0xDC,
    0x30, 0x41, 0x1A, 0x0A, 0x09, 0x5F, 0xAB, 0xAE, 0x20, 0x07, 0x49, 0xF4, 0x89, 0xE7, 0xB2, 0x09,
    0x04, 0x5C, 0xD1, 0x00, 0x2A, 0x55, 0x55, 0xAB, 0xD5, 0xDE, 0x73, 0x18, 0x52, 0x27, 0xAC, 0x34,
    0xB2, 0x51, 0x50, 0xA8, 0xD8, 0xD7, 0x9F, 0xFA, 0x6C, 0x38, 0xA7, 0x82, 0x42, 0x09, 0xD9, 0x48,
    0x23, 0x6C, 0xEA, 0xF0, 0x61, 0x85, 0x42, 0x87, 0x6B, 0xE1, 0x92, 0x7E, 0x31, 0x5A, 0xA3, 0x8A,
    0x66, 0x2A, 0x9E, 0xD7, 0xD8, 0x84, 0xFC, 0xA4, 0x17, 0x2E, 0xE3, 0xBA, 0x0B, 0xFD, 0x2B, 0xC4,
    0x54, 0x6A, 0xA0, 0x60, 0x49, 0x44, 0x6D, 0x65, 0x66, 0xC3, 0x24, 0x6A, 0x89, 0x2C, 0x94, 0x01,
    0xC8, 0x21, 0x79, 0xD0, 0x43, 0x38, 0x0F, 0xD9, 0xD5, 0x48, 0xCC, 0x0B, 0xC0, 0x95, 0x65, 0x7E,
    0x9C, 0xD1, 0xF5, 0x37, 0xDE, 0xBB, 0xC1, 0x7E, 0x2E, 0xE8, 0xBC, 0xF2, 0xA0, 0x9F, 0xEA, 0x72,
    0x89, 0xEA, 0x10, 0x1B, 0xDC, 0x01, 0x8D, 0x34, 0xEE, 0xDF, 0x8C, 0xF3, 0x1E, 0xE8, 0x91, 0x3A,
    0x08, 0x87, 0xAC, 0x83, 0x34, 0xE1, 0x28, 0x34, 0x14, 0x50, 0x81, 0x4D, 0xE1, 0xBF, 0x53, 0xDE,
    0xA0, 0x44, 0x28, 0x5F, 0xC5, 0xF2, 0x98, 0xDA, 0x01, 0x82, 0x08, 0xD2, 0x29, 0x53, 0x18, 0x69,
    0x14, 0x5B, 0x07, 0x55, 0xEC, 0xB8, 0x46, 0xD2, 0x2F, 0x1A, 0xD8, 0x7C, 0x08, 0xE7, 0x5D, 0x5E,
    0x28, 0xDF, 0xD9, 0x16, 0x0D, 0x8F, 0xB6, 0x2D, 0x4D, 0xA8, 0x07, 0xE4, 0xE7, 0xB1, 0x29, 0x1A,
    0xB4, 0x8D, 0xA0, 0x46, 0x7E, 0xD9, 0xA8, 0x57, 0x9B, 0xE7, 0x64, 0x83, 0xEF, 0x75, 0xC4, 0xA9,
    0xD5, 0xA3, 0xA4, 0x89, 0xAB, 0x69, 0xF5, 0x8B, 0x28, 0x0C, 0x20, 0xCF, 0x28, 0x8C, 0x82, 0x42,
    0x0C, 0x54, 0xF4, 0x80, 0xB4, 0x80, 0x6A, 0x80, 0x09, 0x48, 0x07, 0x20, 0xB7, 0x40, 0xD9, 0x00,
    0xED, 0xFE, 0xFE, 0x8D, 0x30, 0x40, 0x41, 0x00, 0x90, 0xD1, 0x00, 0x45, 0x84, 0xBA, 0xA9, 0xCD,
    0x33, 0xB1, 0x9E, 0xAC, 0x9B, 0x95, 0xB3, 0xC2, 0x7D, 0x8B, 0x94, 0x06, 0xD6, 0x08, 0xBC, 0x4E,
    0xCD, 0x5C, 0xB1, 0x70, 0xA7, 0x95, 0xBB, 0x01, 0xCA, 0x10, 0x91, 0xAE, 0xD9, 0x16, 0xFB, 0xC0,
    0xEC, 0x0B, 0x15, 0x50, 0x07, 0x10, 0x43, 0x7C, 0xC5, 0xC8, 0x3F, 0x62, 0xC8, 0x57, 0x18, 0x2A,
    0x67, 0x6C, 0x18, 0x49, 0xCF, 0x10, 0x96, 0x21, 0x0D, 0xA3, 0x00, 0xA3, 0x0A, 0x68, 0x89, 0x68,
    0xC6, 0xF5, 0xFD, 0x37, 0x3E, 0x05, 0x38, 0xEF, 0x2C, 0x24, 0x51, 0xC3, 0x32, 0xF2, 0x3F, 0xC7,
    0x5A, 0x6A, 0xA0, 0xC0, 0xAC, 0x72, 0x27, 0xB2, 0x31, 0x40, 0x79, 0x4C, 0xE6, 0xFC, 0xCE, 0x07,
    0xE5, 0xDD, 0x4B, 0xA8, 0x4D, 0xB0, 0x2B, 0x97, 0x00, 0x62, 0x92, 0x14, 0xFA, 0x60, 0xC4, 0x14,
    0x42, 0x9C, 0x43, 0x2A, 0x01, 0x28, 0x56, 0xC5, 0x5A, 0x95, 0x23, 0xD6, 0xDC, 0x7E, 0x6D, 0x8B,
    0xAE, 0xD6, 0xC2, 0x9D, 0x3C, 0x36, 0x4F, 0x2A, 0x96, 0xE2, 0xFB, 0xA2, 0x11, 0x4E, 0x72, 0xB9,
    0x60, 0x3B, 0xB4, 0x63, 0x9C, 0x0F, 0xCB, 0x00, 0xF4, 0xC7, 0xC7, 0x7F, 0xD9, 0xB5, 0x6F, 0x96,
    0xDA, 0x97, 0x41, 0x5C, 0xB3, 0x3C, 0x90, 0x0C, 0x4B, 0x17, 0x2D, 0x20, 0xCF, 0x98, 0x6C, 0x67,
    0x93, 0x74, 0x31, 0x89, 0x89, 0x46, 0x64, 0xDC, 0x4E, 0x68, 0xAF, 0xE4, 0xFE, 0x28, 0xCC, 0xE2,
    0x6B, 0x2B, 0x3B, 0x69, 0x32, 0xDF, 0x02, 0xE4, 0xA3, 0xB2, 0x87, 0xD4, 0x14, 0xA6, 0xB0, 0x71,
    0x7E, 0xC7, 0x3E, 0x63, 0x08, 0x0A, 0x7D, 0x56, 0x26, 0x77, 0xE1, 0x99, 0xA6, 0x34, 0xC5, 0xFE,
    0x86, 0x94, 0x50, 0x8F, 0x9C, 0xEF, 0x39, 0xD2, 0x46, 0x41, 0x9A, 0x23, 0x08, 0xBB, 0x61, 0xDF,
    0x0D, 0xD2, 0xA8, 0x6D, 0x6C, 0x2B, 0x73, 0xAA, 0x29, 0xD9, 0x77, 0x72, 0x29, 0xFD, 0xD3, 0xE1,
    0x27, 0xBB, 0xCE, 0x67, 0xCB, 0x64, 0x52, 0x1A, 0xC9, 0x04, 0x49, 0x03, 0xCB, 0x20, 0xB9, 0x01,
    0x60, 0x4B, 0x74, 0x88, 0x25, 0x2D, 0x0B, 0x39, 0xEF, 0xA4, 0x93, 0x2E, 0x33, 0x38, 0x93, 0xAE,
    0x36, 0x21, 0x0A, 0xD9, 0x14, 0x28, 0x51, 0x61, 0x0F, 0x00, 0x7E, 0x01, 0xA4, 0x3D, 0x50, 0x3A,
    0xA4, 0xA4, 0x51, 0xF6, 0xF3, 0xC9, 0x01, 0x2D, 0x58, 0x1D, 0x90, 0x4F, 0x00, 0xEA, 0x1E, 0xC8,
    0x48, 0x47, 0xBB, 0x68, 0x8F, 0x6B, 0xD7, 0x79, 0x21, 0xD4, 0x44, 0x2E, 0x08, 0x8F, 0xA5, 0x67,
    0x8F, 0x8F, 0xDF, 0xDF, 0xE5, 0xC7, 0xEE, 0xB1, 0xEA, 0x50, 0xCF, 0xB8, 0xAB, 0x70, 0x5C, 0x72,
    0xB2, 0xB9, 0x5D, 0x41, 0x9A, 0xEB, 0x8F, 0xED, 0xB4, 0x76, 0xB6, 0xD7, 0x88, 0xA9, 0xA0, 0xAE,
    0x25, 0x5F, 0xBD, 0x3C, 0x02, 0xEA, 0xB1, 0x63, 0x8B, 0xD4, 0x43, 0x3A, 0xA8, 0x06, 0x47, 0xCB,
    0x7B, 0x09, 0x0E, 0x4B, 0x7A, 0x3F, 0x14, 0x0A, 0x8F, 0xC4, 0x03, 0xA1, 0xF9, 0x92, 0x34, 0xC2,
    0x98, 0x0E, 0x40, 0xF9, 0xE0, 0x2A, 0x01, 0x13, 0x20, 0x4D, 0x7C, 0xAC, 0xF3, 0x03, 0x1A, 0xF8,
    0x71, 0x90, 0x39, 0x2C, 0x40, 0x64, 0xF6, 0xAA, 0xB4, 0x17, 0x66, 0xB5, 0x27, 0xAC, 0x30, 0xD5,
    0x5E, 0x66, 0x32, 0xF3, 0xFC, 0x61, 0xBE, 0x30, 0x37, 0x2B, 0xA6, 0x34, 0x7B, 0x87, 0x82, 0x79,
    0xB8, 0x27, 0x7A, 0xF5, 0x79, 0xBF, 0x02, 0x0D, 0x64, 0x4B, 0x94, 0x9D, 0xD2, 0xB2, 0x01, 0xE6,
    0x55, 0x0F, 0x88, 0x21, 0x3E, 0xD9, 0xF6, 0xDF, 0x07, 0x0E, 0x90, 0x44, 0x16, 0xC0, 0x1F, 0xBF,
    0x60, 0xC0, 0xB3, 0xD2, 0x00, 0x31, 0x31, 0x32, 0x62, 0xC8, 0xCF, 0x34, 0xE3, 0x4F, 0x06, 0x28,
    0x72, 0x86, 0x12, 0x16, 0xA8, 0x84, 0x03, 0x36, 0x29, 0xC3, 0x63, 0x40, 0xFC, 0x4E, 0x11, 0x44,
    0x63, 0x00, 0x21, 0xFF, 0xFA, 0xB8, 0x8D, 0xAF, 0xE7, 0xA6, 0x68, 0xF8, 0xAC, 0x42, 0xAB, 0x0C,
    0xE1, 0xB6, 0x01, 0x71, 0xDA, 0x2B, 0x7A, 0x08, 0x45, 0x64, 0xD4, 0x71, 0xEB, 0x2A, 0x88, 0xA1,
    0x42, 0xE2, 0x2B, 0x20, 0x88, 0xAF, 0xD3, 0xBE, 0x42, 0x6E, 0xB9, 0x5C, 0xB3, 0x1A, 0xB5, 0x7F,
    0xE0, 0x96, 0xF2, 0x91, 0xB5, 0x5D, 0x34, 0x86, 0x3C, 0x2E, 0xEB, 0xD9, 0x86, 0x6D, 0x27, 0xCC,
    0x29, 0xA3, 0x11, 0xA8, 0xD9, 0x35, 0xA1, 0xF7, 0xEA, 0x18, 0x28, 0xA4, 0x65, 0x14, 0x86, 0xA1,
    0x74, 0x00, 0x4E, 0xE1, 0x28, 0xA0, 0xC6, 0x77, 0x0B, 0x4A, 0xC3, 0x90, 0x1D, 0x23, 0xEF, 0x19,
    0x82, 0xF4, 0xCF, 0x81, 0x10, 0x1F, 0x8A, 0xD8, 0xDA, 0x75, 0x0D, 0x45, 0x03, 0x18, 0xD4, 0x81,
    0x03, 0x19, 0xC0, 0x3D, 0x9F, 0x18, 0xA8, 0x03, 0x4A, 0xC3, 0x90, 0x11, 0x1D, 0x23, 0xB7, 0x8C,
    0xEC, 0x34, 0x38, 0x6F, 0x29, 0x95, 0x66, 0xF1, 0x88, 0xBE, 0xE9, 0x08, 0xB5, 0xDF, 0x0E, 0x4B,
    0xCD, 0xFC, 0xA8, 0x18, 0xD4, 0x44, 0x1D, 0x1F, 0xEB, 0x0A, 0xC0, 0x79, 0xE2, 0xF2, 0x59, 0xFB,
    0xFB, 0x78, 0xA2, 0x0D, 0x97, 0xED, 0xEA, 0xBA, 0xB0, 0xCE, 0x73, 0xEA, 0x8D, 0xF7, 0x17, 0x6B,
    0x49, 0x29, 0x91, 0x0E, 0x2E, 0x0E, 0xF4, 0xE9, 0x81, 0x11, 0x1E, 0xD0, 0xD2, 0x5D, 0x3C, 0x06,
    0x82, 0x5C, 0x84, 0x42, 0xF2, 0x1A, 0x03, 0xE9, 0x8C, 0xD2, 0x30, 0x64, 0xC7, 0xC8, 0x7A, 0x86,
    0x20, 0x9D, 0x39, 0xB4, 0x44, 0x6E, 0x99, 0xB5, 0x3C, 0x06, 0xF1, 0xE9, 0x5D, 0x16, 0x8A, 0x88,
    0x16, 0xEC, 0xEF, 0xBF, 0x61, 0xBE, 0x97, 0x2F, 0x7B, 0x4D, 0xB9, 0xCD, 0xBB, 0x8B, 0x3F, 0xED,
    0x44, 0x84, 0x42, 0xFF, 0xD0, 0x43, 0x01, 0x35, 0xEA, 0x11, 0xF5, 0x80, 0x67, 0x63, 0x8C, 0x23,
    0x23, 0x1D, 0x18, 0xB9, 0x63, 0x14, 0x86, 0x51, 0x83, 0xE1, 0x19, 0xC2, 0x31, 0xA4, 0x61, 0x28,
    0xCD, 0x20, 0x00, 0x8A, 0x1A, 0xC6, 0x67, 0x86, 0x91, 0x85, 0x52, 0xE1, 0x19, 0x18, 0x03, 0x54,
    0x40, 0x69, 0x18, 0xD2, 0x32, 0x44, 0xCF, 0x80, 0x0F, 0x68, 0x03, 0x7E, 0x14, 0x2D, 0xF3, 0xCC,
    0x44, 0x19, 0xA0, 0xB0, 0xAA, 0x03, 0x94, 0x53, 0x6E, 0xC7, 0xD6, 0xAD, 0x7A, 0xE0, 0x1B, 0xB7,
    0xF2, 0x48, 0xEE, 0xBB, 0xD5, 0x06, 0x82, 0x59, 0x41, 0x7C, 0xE2, 0x56, 0x0A, 0xF9, 0x5D, 0xB7,
    0x2A, 0xB4, 0x7C, 0xDB, 0xAD, 0xA4, 0x91, 0xC2, 0xAD, 0x72, 0x53, 0x32, 0x45, 0x57, 0x05, 0xBA,
    0x43, 0x66, 0xEA, 0x3C, 0x13, 0x43, 0x1F, 0x38, 0xB9, 0xC0, 0xDA, 0x06, 0x2A, 0x13, 0x58, 0x46,
    0xCA, 0xF8, 0x1D, 0x09, 0xD1, 0x29, 0x13, 0xD0, 0x05, 0x38, 0x46, 0xE5, 0x19, 0x7B, 0x63, 0x80,
    0x62, 0xAC, 0x4A, 0xC3, 0x90, 0x1D, 0x43, 0x38, 0x46, 0x3A, 0x30, 0x30, 0x06, 0xD4, 0x01, 0xE5,
    0xDB, 0x0C, 0x79, 0x97, 0x91, 0xDD, 0x67, 0x88, 0x6F, 0x18, 0xA0, 0x80, 0x3A, 0x40, 0x05, 0xC8,
    0x0E, 0x31, 0xE5, 0x34, 0x00, 0x2D, 0x91, 0x16, 0xF4, 0x6E, 0xDB, 0xE5, 0x3D, 0x32, 0xC7, 0x45,
    0x89, 0x2F, 0x1B, 0xC0, 0x2B, 0x00, 0x47, 0x01, 0x2A, 0xA2, 0x0E, 0x38, 0x7A, 0x74, 0xA5, 0x4E,
    0xE1, 0x28, 0x78, 0x8C, 0xD2, 0xB0, 0x6F, 0xEE, 0x90, 0xF5, 0x62, 0xD2, 0xB5, 0x05, 0x11, 0x35,
    0x28, 0x42, 0x1B, 0xB8, 0x0E, 0x28, 0xFA, 0x82, 0x45, 0x50, 0xC7, 0x64, 0x2A, 0x48, 0x57, 0x41,
    0x9C, 0x23, 0x69, 0xD5, 0xEB, 0xF3, 0x2E, 0x4B, 0x91, 0xBD, 0xC4, 0x0A, 0xFE, 0xF1, 0xC3, 0xF0,
    0xE7, 0x84, 0xA1, 0x97, 0x30, 0x7E, 0xE6, 0x19, 0xA0, 0x00, 0x65, 0x76, 0x2F, 0xEB, 0x6C, 0x58,
    0x42, 0xD3, 0x17, 0x87, 0x56, 0x98, 0x68, 0x43, 0x03, 0xD4, 0xF1, 0x80, 0x0A, 0x9E, 0xA5, 0x82,
    0x34, 0xFB, 0xB0, 0x5F, 0x1E, 0xEC, 0xFA, 0xE5, 0xCB, 0x63, 0x02, 0x80, 0x84, 0x26, 0x2D, 0x89,
    0x4C, 0x79, 0xEF, 0xC0, 0xC4, 0xFE, 0x2D, 0x52, 0x41, 0x1A, 0x28, 0x5C, 0x08, 0x5E, 0x03, 0x34,
    0x84, 0x0B, 0x00, 0xB5, 0x99, 0x47, 0x57, 0xB8, 0x45, 0x36, 0xDC, 0xFF, 0x8D, 0xF3, 0x5B, 0x22,
    0xEC, 0x7E, 0x0F, 0xD3, 0x92, 0xDE, 0xFC, 0xE0, 0xEB, 0x63, 0x64, 0x16, 0x3F, 0x86, 0xD6, 0x80,
    0x6C, 0xB6, 0x0C, 0xF3, 0x7F, 0x62, 0xFD, 0x08, 0x47, 0x8C, 0x46, 0x01, 0xA5, 0x2E, 0x1B, 0xD4,
    0x90, 0xFD, 0xD5, 0xF8, 0x5D, 0xDD, 0x03, 0x2D, 0x19, 0xC4, 0x1F, 0x6A, 0x1E, 0xC8, 0xBA, 0xE8,
    0x56, 0x05, 0xCC, 0xC6, 0x1A, 0x8A, 0xAF, 0x67, 0x6C, 0x91, 0x77, 0xF0, 0x10, 0x2E, 0x19, 0x18,
    0xA9, 0x43, 0xD8, 0x2C, 0x02, 0x3E, 0xB3, 0xF3, 0x08, 0xE3, 0x28, 0x40, 0x15, 0x0D, 0x50, 0x2A,
    0x00, 0xB2, 0x0E, 0x18, 0x19, 0xB9, 0x67, 0x88, 0x88, 0x7E, 0xB7, 0x59, 0x1B, 0x8E, 0x90, 0x8C,
    0x48, 0x06, 0x05, 0x31, 0xCD, 0x3F, 0x63, 0x69, 0xFE, 0x25, 0xFB, 0xE5, 0xBC, 0xC9, 0xFA, 0xB8,
    0xC9, 0x3A, 0x69, 0xE4, 0xC7, 0x46, 0x86, 0xCF, 0x3B, 0x8C, 0xBC, 0x2B, 0x44, 0x27, 0x9B, 0xCC,
    0x2A, 0x36, 0xD0, 0xEC, 0x12, 0xBD, 0xDC, 0x3A, 0xFE, 0x0E, 0xEF, 0x37, 0x18, 0x2A, 0x60, 0xF0,
    0xF0, 0x6B, 0xC0, 0x0F, 0xD8, 0x78, 0x60, 0x74, 0x58, 0x79, 0xA0, 0x76, 0x50, 0x03, 0xA0, 0x2C,
    0x4A, 0x07, 0xA8, 0x2E, 0x0E, 0x72, 0x69, 0x20, 0x1D, 0x50, 0xF0, 0xA9, 0x43, 0x08, 0x16, 0x6A,
    0x09, 0xD6, 0x23, 0xB3, 0x69, 0x0F, 0x11, 0xA2, 0x5B, 0x02, 0x2B, 0xF4, 0x32, 0x9D, 0xA5, 0x67,
    0xE4, 0x03, 0x23, 0xEB, 0x77, 0xB7, 0x65, 0x8D, 0xE5, 0xCD, 0x1B, 0x8C, 0xD3, 0x3E, 0xB3, 0x10,
    0x4E, 0xB8, 0xB9, 0xAA, 0xA2, 0xC1, 0x09, 0x14, 0xF8, 0x18, 0x43, 0x63, 0x1E, 0x28, 0xF5, 0x11,
    0xA0, 0x42, 0xDE, 0x96, 0x33, 0xE0, 0xE7, 0x9F, 0x7B, 0xC2, 0x05, 0xF4, 0xEC, 0x03, 0xCF, 0x3E,
    0xD8, 0xAA, 0xDD, 0xAA, 0x2A, 0x3D, 0x43, 0xF6, 0x8C, 0xCC, 0x31, 0xC4, 0xE5, 0xD0, 0x12, 0xF5,
    0x41, 0x6F, 0xC6, 0x2D, 0x88, 0xEC, 0x62, 0xA4, 0x50, 0x00, 0x46, 0x20, 0xF1, 0xB3, 0x91, 0xB4,
    0xDF, 0x66, 0x4F, 0xE7, 0x67, 0x2F, 0xFB, 0xC9, 0x21, 0xA8, 0xF5, 0xE4, 0xC7, 0x9B, 0x1E, 0x97,
    0xFB, 0x4C, 0x7F, 0x26, 0xDF, 0x0E, 0x1B, 0x60, 0x8D, 0xF9, 0xF9, 0xC6, 0xCD, 0xAE, 0x41, 0x66,
    0x20, 0x2C, 0x44, 0x98, 0x3E, 0x80, 0x07, 0xD8, 0xA2, 0x3A, 0x63, 0xD1, 0x85, 0xE2, 0xD4, 0x01,
    0x43, 0x3D, 0xD6, 0xE3, 0xF5, 0x2D, 0xD6, 0x97, 0xFB, 0x3C, 0xCB, 0xD6, 0xCA, 0x43, 0x62, 0xDE,
    0x0B, 0x2B, 0x03, 0xD4, 0x16, 0xE8, 0xB9, 0x2D, 0xE7, 0x21, 0xEC, 0x1E, 0x32, 0xA3, 0x20, 0x1B,
    0x09, 0xFE, 0xF0, 0x95, 0x30, 0x7B, 0x71, 0x87, 0x83, 0xFE, 0x1A, 0x70, 0x2D, 0xEC, 0x0C, 0x14,
    0x91, 0x0B, 0xE7, 0x9B, 0x68, 0xA1, 0x74, 0x1C, 0x99, 0x1B, 0x68, 0x7B, 0x48, 0x22, 0xE4, 0xF7,
    0xEA, 0x06, 0xEC, 0x37, 0x2B, 0x37, 0xB8, 0x72, 0x60, 0x04, 0x91, 0x29, 0xA6, 0x0F, 0x8C, 0xE2,
    0xFB, 0x2D, 0xE7, 0xFB, 0xA8, 0xC2, 0xD4, 0x68, 0x8D, 0xA2, 0xAF, 0x8C, 0xA4, 0xBB, 0x06, 0x37,
    0x11, 0xD3, 0xE6, 0x49, 0x2A, 0x07, 0x6C, 0x89, 0xD0, 0xDE, 0xAB, 0x4D, 0xAB, 0x73, 0xDB, 0x42,
    0xB8, 0x2D, 0x6B, 0x13, 0x67, 0x75, 0x12, 0x15, 0xAE, 0xB7, 0x48, 0xDD, 0x09, 0xE7, 0xB7, 0xC8,
    0x5C, 0x6B, 0x0A, 0x73, 0x42, 0xA4, 0x3F, 0xAC, 0xC3, 0x70, 0x6A, 0xA0, 0x8E, 0xEB, 0x19, 0xF2,
    0xE1, 0x5B, 0x28, 0x97, 0xA1, 0x0B, 0x3A, 0x62, 0xAD, 0x59, 0xDB, 0x70, 0x3E, 0xF3, 0xAA, 0x93,
    0xF6, 0x2A, 0x32, 0x22, 0x60, 0xD9, 0x05, 0x2E, 0x69, 0x38, 0x57, 0xAD, 0x1D, 0x04, 0x8D, 0x83,
    0x7C, 0x50, 0x0F, 0xA5, 0xC9, 0xC2, 0xAA, 0x65, 0x25, 0x61, 0x11, 0xC7, 0x5D, 0xE5, 0x16, 0x08,
    0xE7, 0x78, 0xAF, 0x90, 0x0E, 0x4A, 0x8B, 0xA1, 0xE8, 0xE4, 0x90, 0xD3, 0x34, 0x24, 0xD4, 0x0F,
    0xB8, 0x02, 0xA0, 0xEE, 0xE7, 0x3E, 0xF6, 0xB5, 0x29, 0x1A, 0xD9, 0xA9, 0xE5, 0x35, 0x5E, 0xEF,
    0xBF, 0x16, 0x77, 0x63, 0x2D, 0x6B, 0xBD, 0xFB, 0xFD, 0xB0, 0x0C, 0xA1, 0x74, 0x49, 0xC7, 0x3E,
    0x1D, 0xDA, 0x65, 0x3B, 0xC9, 0x52, 0x1E, 0xE4, 0xE3, 0x3B, 0x68, 0x39, 0x72, 0xB2, 0x2D, 0xB9,
    0xD7, 0x1E, 0xDC, 0xE0, 0xEB, 0xCB, 0x1C, 0x1C, 0xCC, 0x1D, 0x41, 0xFE, 0x9C, 0x60, 0x70, 0x26,
    0x18, 0x3C, 0x0A, 0x46, 0x9E, 0x0E, 0x66, 0x00, 0x82, 0xD2, 0x1E, 0x10, 0x4E, 0xDE, 0x3E, 0xE8,
    0x24, 0x51, 0x93, 0x91, 0xFF, 0x9F, 0x03, 0xBD, 0x21, 0xD2, 0xED, 0x83, 0x38, 0xD0, 0xDD, 0xA3,
    0x81, 0xBE, 0xA4, 0x9E, 0xF1, 0xE3, 0x8B, 0xC0, 0xE1, 0xE6, 0x74, 0xC2, 0x33, 0xF0, 0x18, 0xC1,
    0x25, 0xE0, 0x42, 0x6C, 0x2E, 0xF1, 0xF1, 0xBF, 0xF5, 0xD4, 0xB7, 0xDD, 0x85, 0x7D, 0x45, 0xA1,
    0x37, 0xA8, 0xB1, 0x49, 0x3C, 0x36, 0xC2, 0x61, 0x23, 0x0D, 0x36, 0x8A, 0xF3, 0x3D, 0xD0, 0x06,
    0x11, 0x4B, 0x35, 0x9C, 0xDF, 0xCD, 0xE5, 0x29, 0xDB, 0x61, 0x62, 0x29, 0xF6, 0x0B, 0xC6, 0xE7,
    0xA6, 0x5B, 0x65, 0x2F, 0x48, 0x6F, 0x89, 0x4A, 0x72, 0xED, 0xBD, 0x76, 0xFA, 0x7D, 0xDF, 0x86,
    0x31, 0xF6, 0x27, 0x90, 0x16, 0x7E, 0x1B, 0x1C, 0xFD, 0xE6, 0x07, 0xF0, 0x56, 0xE9, 0x1F, 0x7F,
    0xC4, 0xF6, 0xFB, 0x3E, 0x62, 0xD4, 0x03, 0x04, 0xFB, 0xCB, 0x87, 0x07, 0x5D, 0x61, 0x84, 0x53,
    0x71, 0x3E, 0xC3, 0x1F, 0xB1, 0xD6, 0xAC, 0xED, 0x72, 0xAE, 0x58, 0x8A, 0x55, 0x6A, 0xD1, 0x4B,
    0x2B, 0x1D, 0xFB, 0x18, 0xB4, 0x53, 0x5C, 0x8B, 0xB7, 0xE6, 0x61, 0xC6, 0xDC, 0x07, 0x79, 0xC1,
    0x7A, 0x16, 0xCB, 0x7A, 0xCE, 0x5D, 0xDB, 0x95, 0x71, 0x3D, 0x6F, 0xEA, 0x11, 0x9B, 0x44, 0x3F,
    0x71, 0x58, 0x4E, 0x4D, 0xDD, 0xE6, 0xC2, 0x75, 0x78, 0xC1, 0xD4, 0x3D, 0x5F, 0xB7, 0x0A, 0xBB,
    0x21, 0x7B, 0x32, 0xDD, 0x6E, 0x0D, 0x5A, 0xE0, 0x04, 0xD8, 0x5C, 0x78, 0xA4, 0xF4, 0x45, 0x41,
    0x5E, 0xBD, 0xBB, 0x99, 0x6F, 0x6B, 0x40, 0x59, 0x48, 0xD2, 0x68, 0x1D, 0x32, 0x1F, 0x2B, 0x50,
    0x7C, 0xDC, 0xC1, 0xD8, 0x92, 0xAF, 0xC9, 0xE2, 0x26, 0xA0, 0x91, 0x76, 0x10, 0xF1, 0x28, 0xE2,
    0xAA, 0x7D, 0xFA, 0xDE, 0x8D, 0xAC, 0xC3, 0x13, 0x0F, 0x1B, 0x97, 0x2C, 0x39, 0xF0, 0x71, 0x45,
    0x6F, 0xD8, 0xCF, 0x43, 0xD8, 0xCB, 0x29, 0xB7, 0x5B, 0x48, 0x5B, 0xEB, 0xDA, 0x2A, 0xFA, 0xC6,
    0xE6, 0xF4, 0x89, 0xC5, 0x53, 0xC0, 0xC0, 0x87, 0x8F, 0x4F, 0x6C, 0xF7, 0xDF, 0x59, 0xDE, 0x49,
    0x13, 0x3F, 0x4D, 0xD6, 0x95, 0x31, 0x37, 0x75, 0xEB, 0x68, 0x05, 0xCF, 0xDA, 0xF6, 0x80, 0x72,
    0xAC, 0xF9, 0x5B, 0x31, 0xCE, 0xB3, 0x7E, 0x8D, 0xA2, 0x4B, 0xFA, 0x8A, 0x33, 0x83, 0xBD, 0x72,
    0x5C, 0x0F, 0xD6, 0x4E, 0x58, 0x5E, 0x34, 0x43, 0xCE, 0x75, 0x0D, 0x5E, 0x32, 0xFB, 0x43, 0x69,
    0xF2, 0x7F, 0xB8, 0x4A, 0x6A, 0xDE, 0xD6, 0xA8, 0x12, 0xE2, 0x7E, 0x57, 0x2A, 0x08, 0xFE, 0x5A,
    0xE0, 0xF1, 0x21, 0x23, 0x47, 0x80, 0x74, 0xEE, 0x99, 0xC8, 0x98, 0x2D, 0xC4, 0x00, 0x85, 0xA4,
    0x2F, 0x1B, 0xE1, 0x24, 0xF7, 0x8A, 0x6B, 0x6D, 0xE2, 0xFC, 0x1B, 0x3D, 0xA0, 0x7A, 0xA0, 0x70,
    0x51, 0xF1, 0x9A, 0xF3, 0x42, 0x59, 0xB0, 0x09, 0x6D, 0x05, 0x1F, 0xB5, 0xFC, 0x77, 0xBD, 0x5D,
    0x4A, 0x82, 0x8A, 0x25, 0xBE, 0x9C, 0xE3, 0x13, 0x76, 0x8E, 0x2F, 0xF4, 0x1C, 0x7E, 0x33, 0xAF,
    0xE6, 0xD5, 0x12, 0x5F, 0x61, 0x1F, 0xFB, 0xAF, 0xB9, 0x79, 0xF4, 0xF5, 0x91, 0x7A, 0x80, 0x7A,
    0x96, 0x01, 0x6A, 0x1A, 0x6B, 0x9A, 0xAE, 0xEF, 0x8F, 0x98, 0x5F, 0xBF, 0xD2, 0x04, 0x4B, 0x05,
    0x78, 0xA4, 0x3D, 0xB2, 0x98, 0xA1, 0xA2, 0x17, 0xC5, 0x84, 0xD4, 0x85, 0xEE, 0xAA, 0x0E, 0x5B,
    0xC0, 0x9F, 0x73, 0x3C, 0xDD, 0xA3, 0x66, 0x17, 0x0B, 0x31, 0x9C, 0x6F, 0x80, 0x93, 0x79, 0x56,
    0x39, 0x24, 0x7F, 0xC5, 0xDE, 0x45, 0x09, 0x15, 0x42, 0x43, 0x4F, 0xB3, 0xE5, 0x93, 0xEA, 0x52,
    0xB7, 0x21, 0x7B, 0x14, 0xDC, 0xE6, 0xF9, 0x06, 0xE9, 0x80, 0xD2, 0x41, 0x19, 0xBC, 0x84, 0x98,
    0xCA, 0x09, 0x2F, 0xB4, 0xF4, 0x75, 0x7F, 0x27, 0x27, 0xA7, 0xF1, 0x96, 0xFE, 0x2F, 0xC5, 0x99,
    0x31, 0x8C, 0xE5, 0x36, 0x7A, 0xC7, 0x7F, 0x12, 0xE7, 0xAD, 0x0E, 0x11, 0x1C, 0x6E, 0xB1, 0x13,
    0x18, 0x41, 0x70, 0x72, 0xE1, 0x62, 0x81, 0xE4, 0xAC, 0xD6, 0xC5, 0x9B, 0x47, 0x19, 0x2E, 0x53,
    0xDC, 0x03, 0x32, 0x83, 0x2B, 0x52, 0x38, 0x75, 0x8A, 0x73, 0xE3, 0x62, 0x8B, 0x9D, 0x91, 0x80,
    0x14, 0x29, 0xE3, 0x14, 0xD7, 0xBB, 0x0C, 0x36, 0xC5, 0x5E, 0xB1, 0x45, 0x0A, 0x3D, 0x8B, 0x89,
    0xCB, 0x6B, 0x84, 0x04, 0xAE, 0x4F, 0x48, 0x72, 0x8D, 0x9B, 0xE3, 0x21, 0x5A, 0x9C, 0x6C, 0xF3,
    0xBD, 0x2F, 0xA4, 0x9E, 0x30, 0x33, 0xB0, 0xD7, 0x3E, 0x3B, 0x19, 0xEF, 0x4A, 0xFC, 0xFF, 0xF8,
    0x40, 0x8A, 0x7F, 0x7E, 0x92, 0xF8, 0x24, 0x82, 0xBA, 0x14, 0xD9, 0xC1, 0xDB, 0xEB, 0xB0, 0x3D,
    0x0E, 0x5B, 0xBB, 0xDB, 0xED, 0xF7, 0x87, 0x73, 0x00, 0x74, 0x75, 0x54, 0x39, 0xA1, 0x44, 0xD0,
    0x87, 0x8E, 0xC2, 0x82, 0xE1, 0xA8, 0x2B, 0xE0, 0xF2, 0x96, 0xAE, 0x58, 0xEA, 0x2A, 0x28, 0xFA,
    0x94, 0x5C, 0x84, 0x24, 0x88, 0xA2, 0xBF, 0xF1, 0x5A, 0x01, 0x00, 0x99, 0x0C, 0x18, 0xF1, 0x74,
    0xEF, 0x3C, 0xC3, 0x03, 0xD3, 0xD7, 0xF5, 0x27, 0x9F, 0x5F, 0x60, 0x44, 0xAA, 0xA8, 0xDB, 0xE5,
    0xC9, 0x08, 0xA9, 0x03, 0x15, 0x54, 0x7C, 0x7A, 0x71, 0x11, 0xEA, 0x25, 0xEA, 0x75, 0xB0, 0x9B,
    0xFA, 0xF7, 0xAE, 0x10, 0xB1, 0xF9, 0x60, 0x2A, 0x5D, 0x69, 0x5B, 0xA0, 0xAE, 0xA5, 0xC9, 0x6C,
    0x28, 0xA9, 0xF4, 0x41, 0x1A, 0x23, 0x32, 0xAC, 0xEF, 0xBD, 0xD3, 0x73, 0x8C, 0xDD, 0x60, 0x60,
    0x43, 0x51, 0xE1, 0xD1, 0x96, 0x89, 0xAC, 0x57, 0x0E, 0xE5, 0xB2, 0x9E, 0x64, 0xD4, 0x16, 0x7C,
    0xA8, 0xE2, 0xCC, 0x00, 0xE6, 0x12, 0xD0, 0x1E, 0x32, 0x11, 0x17, 0xB1, 0x44, 0x12, 0x70, 0xBB,
    0x2C, 0xF9, 0xD9, 0xF3, 0xED, 0x4D, 0xC5, 0x82, 0xF5, 0xCD, 0x06, 0xF0, 0xD5, 0x92, 0xD3, 0x8A,
    0x4C, 0xF6, 0x14, 0x72, 0xC0, 0xF0, 0x23, 0x36, 0x80, 0x01, 0x8A, 0xD9, 0xB8, 0x42, 0xCB, 0x88,
    0x49, 0xF7, 0x9C, 0x61, 0x58, 0x53, 0x60, 0x82, 0x4A, 0x5B, 0xA2, 0xF7, 0x3B, 0x12, 0x19, 0x21,
    0xF7, 0x40, 0xB7, 0xB4, 0x2A, 0xF9, 0x80, 0x9A, 0x5A, 0x3C, 0xA5, 0x0C, 0x00, 0xDC, 0x4F, 0x68,
    0x75, 0xE3, 0x75, 0xF3, 0xE6, 0x3D, 0x96, 0x4D, 0xC9, 0x1E, 0x30, 0x9F, 0x75, 0x96, 0xC4, 0x93,
    0x8E, 0xA8, 0x1E, 0xCE, 0xD0, 0x55, 0x39, 0x6A, 0xDE, 0x4A, 0xC4, 0x67, 0x76, 0xAD, 0xDC, 0xEB,
    0xCA, 0xBE, 0xAD, 0x2D, 0xC9, 0xF0, 0x4C, 0x37, 0xE0, 0x7E, 0xA9, 0xAB, 0x40, 0xA7, 0x89, 0xBF,
    0x67, 0x3E, 0x9B, 0x4B, 0x1E, 0xCD, 0xC7, 0xAC, 0xB3, 0xE1, 0x44, 0xD9, 0xB7, 0x54, 0x6C, 0xAB,
    0xE9, 0x26, 0x5D, 0x65, 0x3D, 0x6C, 0x48, 0xA6, 0x98, 0xA8, 0x7F, 0xF3, 0x7E, 0x0F, 0x99, 0x1C,
    0x00, 0x56, 0x15, 0x00, 0x5A, 0xD0, 0x4F, 0x2D, 0x2A, 0xA6, 0x5C, 0xAC, 0xF9, 0xAB, 0xD0, 0xA9,
    0x5D, 0xE7, 0xD6, 0x88, 0xCD, 0x7F, 0x67, 0x79, 0xE3, 0x1E, 0xF8, 0xA2, 0x51, 0xCE, 0xA0, 0xAD,
    0xA7, 0x7C, 0xD7, 0x71, 0x95, 0xF7, 0x78, 0x6D, 0x31, 0x99, 0xA3, 0xF8, 0xD7, 0x89, 0x6C, 0xD8,
    0x85, 0xE8, 0x0D, 0x84, 0xEE, 0x00, 0x4E, 0x2F, 0x2E, 0xB6, 0x9D, 0x88, 0x8B, 0x02, 0x5E, 0xA4,
    0xAD, 0xEC, 0x65, 0x7F, 0x71, 0xFE, 0x07, 0x2E, 0xC4, 0xBB, 0xD2, 0x6B, 0x8E, 0x27, 0xB3, 0x56,
    0xC3, 0x2E, 0x5C, 0x08, 0xD5, 0x6F, 0xC2, 0x85, 0x08, 0x0C, 0x27, 0xAF, 0xFA, 0x16, 0xE7, 0x94,
    0x4C, 0xF1, 0xB7, 0x0C, 0xB8, 0x67, 0xEA, 0xDF, 0x1D, 0xEE, 0x91, 0xEA, 0xA7, 0x70, 0x21, 0x54,
    0xFF, 0x38, 0x5E, 0x88, 0xDE, 0x64, 0x56, 0xAB, 0xBE, 0xF8, 0xE9, 0x1F, 0xBE, 0x10, 0x2C, 0x43,
    0xF9, 0x40, 0xAC, 0xA1, 0x94, 0xD8, 0xE9, 0x63, 0xDC, 0xBF, 0xE0, 0x1E, 0x27, 0x6E, 0xA3, 0x86,
    0x42, 0x6C, 0xBA, 0x87, 0x7B, 0x80, 0xAE, 0xBE, 0xA6, 0xBF, 0x7D, 0xFA, 0xD9, 0x47, 0xF1, 0x8C,
    0xEB, 0xA0, 0x17, 0xD5, 0x93, 0x07, 0x01, 0xE1, 0x98, 0x31, 0x2A, 0xDB, 0x63, 0xA4, 0x0A, 0x17,
    0x1A, 0x65, 0xC9, 0x2C, 0xBA, 0xA1, 0x84, 0x96, 0xD4, 0x91, 0x5B, 0x4A, 0xA8, 0xC5, 0x86, 0x94,
    0xEF, 0xA9, 0xA5, 0x7A, 0xFB, 0x78, 0x58, 0x6E, 0xEF, 0x75, 0xE8, 0x03, 0xC9, 0x7B, 0x16, 0xD5,
    0x87, 0x54, 0x65, 0xB6, 0x0B, 0x87, 0x1D, 0x00, 0x92, 0x6D, 0xEE, 0xB4, 0x35, 0xB4, 0x6C, 0x79,
    0x8C, 0x1A, 0x5A, 0x94, 0xFB, 0x6E, 0xCA, 0xDC, 0xC7, 0x68, 0xD7, 0x55, 0x66, 0xBE, 0x65, 0x3B,
    0xF9, 0x4F, 0xD7, 0x9E, 0x42, 0xCB, 0x8B, 0x05, 0x90, 0x8A, 0x78, 0x2D, 0x87, 0xB6, 0x94, 0x71,
    0x6D, 0x16, 0xD5, 0x41, 0xDD, 0xA2, 0x7A, 0x91, 0x59, 0xA4, 0x83, 0x54, 0x10, 0xA7, 0xCF, 0xD6,
    0xF0, 0xC1, 0x77, 0xD5, 0x5F, 0x3C, 0x3C, 0xC8, 0xE1, 0x41, 0x8E, 0xAE, 0x8A, 0x01, 0x87, 0xEB,
    0x5C, 0xD7, 0x24, 0x4E, 0xBB, 0xDA, 0x4D, 0xEE, 0xBE, 0xE3, 0xAB, 0x3B, 0x28, 0x41, 0xFF, 0xD6,
    0x9E, 0x25, 0x6E, 0xCD, 0x4D, 0x7A, 0x4B, 0x0D, 0x5A, 0x6C, 0x7A, 0xE0, 0xCD, 0x94, 0xE3, 0xC0,
    0x55, 0x0E, 0x7D, 0x33, 0x70, 0x2B, 0x7C, 0x61, 0xE7, 0x01, 0xDE, 0xC7, 0x01, 0x3E, 0xCE, 0x03,
    0xBC, 0xD5, 0x0D, 0x00, 0x78, 0x18, 0xC9, 0x3C, 0xA9, 0xA3, 0x6C, 0x51, 0x96, 0x9F, 0xAC, 0x89,
    0x75, 0x6B, 0x0A, 0x22, 0xCF, 0x66, 0xB6, 0x33, 0x5D, 0xA4, 0x1A, 0x7E, 0x1C, 0x98, 0xD9, 0x3A,
    0x50, 0x57, 0x12, 0x58, 0xAA, 0xC8, 0x75, 0xF6, 0x14, 0x98, 0x74, 0x09, 0x89, 0x3B, 0x0B, 0x54,
    0xFD, 0xA3, 0x40, 0x6D, 0x0F, 0xDD, 0x87, 0x14, 0x89, 0xC8, 0xC0, 0x86, 0x8B, 0xBA, 0xA2, 0x85,
    0x12, 0x5C, 0x64, 0x32, 0xA1, 0x7A, 0x72, 0x4F, 0x66, 0x31, 0x1E, 0x5D, 0xB1, 0x6E, 0x29, 0x81,
    0x96, 0xF5, 0xCC, 0x29, 0x32, 0x71, 0x91, 0xAA, 0x8F, 0xD4, 0xFF, 0xB6, 0x0F, 0x2C, 0x4A, 0x69,
    0x68, 0x37, 0x3F, 0xC9, 0x2C, 0x6D, 0x1B, 0x2D, 0x3E, 0x18, 0x51, 0x16, 0xE5, 0xC8, 0x6C, 0x4C,
    0xBA, 0x8A, 0xE9, 0x0C, 0x4A, 0x18, 0x61, 0x4D, 0x6C, 0x3C, 0xC5, 0xB2, 0xC4, 0x61, 0xC4, 0xAA,
    0x3E, 0xB0, 0x07, 0x80, 0xE2, 0x00, 0x6F, 0x51, 0x4B, 0xC3, 0x9A, 0x37, 0x72, 0xCB, 0x04, 0x99,
    0x8D, 0x5D, 0x6A, 0x1B, 0x63, 0x93, 0x90, 0xA3, 0x85, 0x82, 0x58, 0xB2, 0x01, 0x54, 0xDF, 0x66,
    0x4D, 0xA0, 0xD3, 0x76, 0x9B, 0x7F, 0x32, 0x18, 0x2B, 0xF2, 0xF7, 0xB6, 0xB3, 0xE5, 0x5E, 0xBF,
    0xF3, 0xA5, 0x85, 0x52, 0xFD, 0x2A, 0x70, 0xAD, 0xFF, 0x32, 0x70, 0xFA, 0x71, 0x6E, 0x49, 0x9C,
    0x79, 0xFA, 0xDF, 0xA8, 0xDE, 0xC8, 0x44, 0x6E, 0x4F, 0xDF, 0xEB, 0xD1, 0x90, 0x5B, 0x36, 0x33,
    0x75, 0x03, 0x85, 0x3D, 0x4A, 0x5B, 0xAE, 0xB7, 0xAC, 0x62, 0xAE, 0x8B, 0x2A, 0x81, 0x0E, 0x52,
    0x0F, 0xDA, 0x41, 0xD9, 0x80, 0x01, 0x2E, 0x81, 0xC7, 0x4B, 0x6E, 0xF8, 0x23, 0x4A, 0x11, 0x72,
    0x39, 0xC0, 0xCF, 0x3F, 0x84, 0x55, 0xC5, 0x62, 0x98, 0x39, 0x20, 0x19, 0x59, 0x8E, 0xE6, 0x04,
    0x96, 0xCD, 0x73, 0x34, 0x45, 0x2D, 0x0F, 0x05, 0xD0, 0xBF, 0xAE, 0x02, 0xFE, 0xC1, 0x42, 0x91,
    0x07, 0x18, 0x35, 0xC0, 0x46, 0x39, 0x68, 0xD3, 0x00, 0xCF, 0x14, 0x9D, 0x3C, 0x4A, 0x64, 0x1F,
    0x21, 0xE4, 0x5F, 0x3C, 0xE9, 0xD0, 0x96, 0xA2, 0x29, 0x9A, 0x90, 0x1B, 0xC8, 0xFB, 0x00, 0xE5,
    0x76, 0x11, 0x1E, 0x92, 0x09, 0x56, 0x5B, 0x40, 0xF7, 0x80, 0xA9, 0x80, 0x2B, 0x80, 0x09, 0x60,
    0xFB, 0xF2, 0x63, 0x39, 0x07, 0x94, 0x07, 0x72, 0x01, 0x8A, 0x68, 0x7F, 0x19, 0x4D, 0xB7, 0x6C,
    0x5F, 0x76, 0x2C, 0x2B, 0xDE, 0x04, 0xE3, 0x1E, 0x81, 0x88, 0x03, 0x67, 0x06, 0xA8, 0x12, 0x5E,
    0x76, 0x18, 0x27, 0x54, 0x60, 0xB2, 0x7E, 0xC1, 0x6B, 0x69, 0x03, 0xF0, 0xD2, 0xC3, 0x48, 0xAF,
    0x6F, 0x8A, 0xCE, 0x9A, 0x00, 0x15, 0xF1, 0xD3, 0x2A, 0xF6, 0xFB, 0x92, 0x22, 0x20, 0x13, 0x11,
    0x0B, 0xFA, 0x98, 0x15, 0xBF, 0xFD, 0xEC, 0x49, 0x03, 0x46, 0x5B, 0x80, 0xAB, 0x63, 0xE6, 0x8F,
    0xD9, 0x34, 0x67, 0xCA, 0xDD, 0xCE, 0xB4, 0xD5, 0x22, 0x0D, 0x4B, 0x56, 0xA2, 0x3F, 0xBD, 0x00,
    0x33, 0x5B, 0xD1, 0x1D, 0xB3, 0xC3, 0x93, 0xA7, 0x16, 0xD2, 0x11, 0x6D, 0x41, 0xB9, 0x39, 0xCB,
    0x86, 0x98, 0x05, 0xC5, 0x06, 0x55, 0x8C, 0x4E, 0xC4, 0x1A, 0xE6, 0x0C, 0x00, 0x32, 0xD9, 0x43,
    0x2D, 0x52, 0x25, 0xF2, 0x8B, 0x1A, 0x35, 0x01, 0x7A, 0x00, 0x0A, 0x0B, 0x98, 0x2A, 0x02, 0x6E,
    0xE3, 0x0A, 0xA0, 0xE6, 0xEB, 0x15, 0xA5, 0x05, 0x74, 0x0F, 0xE4, 0x23, 0xA0, 0xA4, 0xFA, 0x53,
    0x10, 0x11, 0x28, 0xE4, 0x00, 0x5C, 0x56, 0x40, 0x0B, 0xD0, 0x55, 0x40, 0x6E, 0x17, 0x28, 0x69,
    0x02, 0xF6, 0x90, 0x6C, 0x97, 0x5B, 0xB1, 0x5F, 0x2C, 0xB5, 0x85, 0xA4, 0x62, 0x99, 0x60, 0x34,
    0xB3, 0x9E, 0x3C, 0xA9, 0x36, 0xC0, 0x8B, 0x14, 0xEA, 0x8F, 0xBA, 0xB8, 0xE0, 0x9B, 0x8E, 0x09,
    0x75, 0xD7, 0x5E, 0x70, 0x0E, 0x89, 0x07, 0xE5, 0x8E, 0x7D, 0x15, 0xC0, 0x03, 0x7E, 0xB8, 0xFE,
    0x4E, 0x01, 0x63, 0x41, 0x06, 0xD4, 0xEF, 0x26, 0xB4, 0xBD, 0x64, 0xC5, 0xEA, 0x87, 0xEB, 0xAF,
    0xBA, 0x8F, 0x1A, 0xFC, 0xAC, 0xB4, 0x79, 0x13, 0xE0, 0x07, 0xEB, 0xEB, 0x9C, 0x0E, 0x53, 0x69,
    0xAB, 0x1C, 0x5B, 0x10, 0x91, 0x43, 0x3E, 0xE4, 0xFD, 0xB7, 0xEF, 0xDD, 0x41, 0x84, 0x53, 0xA8,
    0xC1, 0x93, 0x3A, 0x32, 0xBB, 0x5C, 0x0C, 0x11, 0xE4, 0x40, 0x3E, 0x90, 0xF7, 0xDF, 0x2F, 0x75,
    0x07, 0x44, 0x60, 0x8B, 0xF2, 0x68, 0xC1, 0x14, 0x4D, 0x9B, 0x0D, 0xC7, 0x87, 0xAF, 0x11, 0x6B,
    0xA4, 0x49, 0x27, 0xD2, 0xF1, 0xFB, 0xA5, 0x32, 0x9E, 0xA0, 0x3D, 0x49, 0xD8, 0xE4, 0xD6, 0x68,
    0xFB, 0x7A, 0x5A, 0x01, 0xFF, 0x7F, 0x43, 0x25, 0xD2, 0x2C, 0x8F, 0x90, 0x2F, 0xFE, 0x59, 0x1A,
    0xE5, 0x28, 0x87, 0x80, 0xCC, 0x05, 0xA4, 0x3E, 0x80, 0x19, 0xFB, 0x88, 0x8F, 0xFF, 0xFC, 0x8B,
    0x7F, 0xE2, 0xCA, 0x88, 0x5F, 0x30, 0x97, 0x5D, 0xD7, 0xFA, 0xA5, 0xC5, 0xB1, 0x6D, 0xD9, 0xAB,
    0xE7, 0x7F, 0x2D, 0xCD, 0xEC, 0x1C, 0x10, 0xDF, 0xD6, 0xBC, 0x01, 0xF5, 0xF0, 0x6C, 0x79, 0x13,
    0x0C, 0x75, 0x7F, 0xEB, 0x4D, 0x60, 0x40, 0xF5, 0xC6, 0x46, 0xF4, 0x11, 0x2E, 0x60, 0xE3, 0x03,
    0xD6, 0xFB, 0x08, 0x13, 0x70, 0x56, 0xDA, 0x00, 0xDD, 0x07, 0x28, 0x17, 0x90, 0x4E, 0x01, 0xEC,
    0x23, 0xEA, 0x88, 0xF2, 0xEF, 0x02, 0xF4, 0x27, 0x01, 0xD9, 0xFF, 0x04, 0xA8, 0x2F, 0x03, 0x90,
    0x88, 0x3A, 0xC2, 0x44, 0xE8, 0x9E, 0x64, 0x0B, 0x28, 0x07, 0x24, 0xFE, 0xFA, 0x39, 0x52, 0x00,
    0x24, 0x2C, 0x5B, 0x2E, 0x13, 0x74, 0x22, 0x95, 0x92, 0x7F, 0xEC, 0xFA, 0x7C, 0x24, 0x73, 0xB1,
    0xA1, 0x2F, 0x1B, 0xF0, 0x06, 0xB8, 0x8A, 0x30, 0x33, 0xEA, 0x88, 0xAB, 0xEB, 0x5F, 0x86, 0xDB,
    0xB8, 0x8A, 0x2D, 0xF6, 0xDA, 0x92, 0xF8, 0xDC, 0x91, 0x8D, 0xEA, 0x50, 0xD5, 0x03, 0x22, 0xD2,
    0x50, 0xC8, 0x04, 0x9C, 0x02, 0xCB, 0xEB, 0x7A, 0x04, 0xF2, 0x01, 0xD0, 0x0D, 0xB0, 0x01, 0x78,
    0xF0, 0x4A, 0x02, 0x5A, 0xD0, 0x55, 0x90, 0x88, 0x85, 0xEC, 0xBF, 0x1C, 0xE8, 0xC6, 0xC3, 0x09,
    0x0F, 0x5E, 0x49, 0x40, 0x49, 0xB3, 0x02, 0xED, 0x35, 0x94, 0xB2, 0x87, 0xB5, 0x9E, 0xE0, 0x01,
    0xD5, 0xAB, 0x89, 0x85, 0xFB, 0x90, 0xDB, 0x09, 0x74, 0x44, 0x5A, 0x7D, 0x04, 0xC0, 0xAB, 0x88,
    0xE5, 0x47, 0xD0, 0x18, 0xD4, 0x50, 0x5A, 0x6D, 0x73, 0x67, 0x48, 0xBD, 0x87, 0xCE, 0x41, 0x69,
    0xC1, 0x38, 0x38, 0x78, 0x94, 0xEB, 0xD0, 0xB6, 0xB4, 0x86, 0x7C, 0xF8, 0x33, 0x52, 0xCB, 0xB2,
    0xFD, 0x4D, 0x0C, 0x75, 0x8A, 0xA1, 0xBA, 0x18, 0xEA, 0x90, 0x8F, 0xE8, 0x18, 0xAA, 0x89, 0xA1,
    0xB6, 0xDE, 0xC0, 0x14, 0x42, 0x55, 0xCE, 0x18, 0x72, 0x6B, 0x6A, 0x8A, 0x2A, 0x84, 0x6A, 0x62,
    0xA8, 0x1E, 0x63, 0x92, 0x31, 0x40, 0x0D, 0x01, 0xDA, 0x86, 0x50, 0x9F, 0xC6, 0x50, 0x0F, 0x31,
    0x54, 0xCF, 0x12, 0x6A, 0x16, 0x43, 0xD5, 0xBF, 0x96, 0x89, 0x8C, 0x53, 0x98, 0x85, 0x69, 0x80,
    0x65, 0x36, 0x01, 0x30, 0xDD, 0x1E, 0xE4, 0x97, 0xA0, 0x9B, 0x5D, 0xAC, 0xFF, 0x3F, 0xE2, 0xF2,
    0x1A, 0x57, 0xD1, 0xCA, 0x40, 0x59, 0x95, 0x0D, 0x35, 0x7A, 0xBC, 0x37, 0x3F, 0x83, 0x46, 0xE8,
    0xC4, 0x42, 0xB2, 0xBD, 0x5E, 0x32, 0x28, 0x2D, 0x60, 0xAE, 0x67, 0x80, 0x0E, 0x48, 0xAA, 0x57,
    0x11, 0xD0, 0x82, 0x6C, 0x02, 0xF4, 0x1E, 0x30, 0x65, 0x05, 0x3E, 0xEF, 0x61, 0xCB, 0xF6, 0x95,
    0x04, 0x74, 0x3F, 0x01, 0x2E, 0xB5, 0x5D, 0xF0, 0x30, 0x03, 0xE0, 0x15, 0xDD, 0xAD, 0xD3, 0x0A,
    0x30, 0x11, 0x7B, 0x20, 0x99, 0x00, 0xD5, 0xDF, 0xBE, 0x5B, 0x3E, 0x1A, 0x5C, 0x81, 0xC1, 0xC0,
    0x8E, 0xC2, 0xE2, 0x99, 0xA7, 0x01, 0xCA, 0x45, 0x2C, 0x8B, 0x90, 0x0D, 0xEC, 0x0C, 0xCB, 0xFF,
    0xAE, 0xF4, 0x80, 0x1E, 0x81, 0xCC, 0x01, 0xEA, 0xBB, 0x61, 0xC3, 0x8D, 0xCC, 0x79, 0x90, 0xF8,
    0x20, 0x69, 0x36, 0xD4, 0xFD, 0x86, 0xCC, 0x6D, 0x50, 0x5F, 0x51, 0x2C, 0x2B, 0x7B, 0x23, 0x52,
    0xCD, 0xC7, 0x3E, 0xA9, 0xD8, 0xC0, 0x6D, 0xDD, 0x5A, 0xB9, 0x0C, 0xC7, 0x54, 0x85, 0xBD, 0x24,
    0xEF, 0xDB, 0x59, 0xDA, 0xB6, 0x98, 0xAA, 0x65, 0x4F, 0xAB, 0x1C, 0x6D, 0xD6, 0x1F, 0xA5, 0x46,
    0xDA, 0x44, 0x68, 0xA9, 0x6D, 0x8B, 0x76, 0x2D, 0xA9, 0x6F, 0x21, 0xAA, 0x9D, 0xF5, 0x30, 0xF1,
    0xAD, 0x91, 0xB1, 0x2D, 0xA4, 0x87, 0x73, 0x92, 0x65, 0x82, 0xC9, 0x7C, 0xDA, 0x15, 0xE4, 0x37,
    0x33, 0x5A, 0xBA, 0x11, 0x2D, 0x42, 0xFE, 0x9B, 0xBA, 0x01, 0x6D, 0x8F, 0xCA, 0x2D, 0xAB, 0xF7,
    0xAD, 0x12, 0xB1, 0xC5, 0xE1, 0xA9, 0x35, 0xE4, 0x76, 0x87, 0xB6, 0x7E, 0x56, 0x61, 0x6B, 0x3A,
    0x6B, 0xE4, 0xF7, 0x56, 0xCB, 0x27, 0x96, 0x73, 0x60, 0x86, 0x07, 0x35, 0x42, 0xB6, 0xAC, 0x56,
    0x9F, 0x70, 0x77, 0xFE, 0xAB, 0x0A, 0x8C, 0x85, 0xCE, 0x91, 0x8C, 0x9E, 0xAC, 0x37, 0xAC, 0x58,
    0xDD, 0x9D, 0xFF, 0x36, 0xAD, 0x94, 0x64, 0x4D, 0xF4, 0xD1, 0x6A, 0xCF, 0x09, 0xF7, 0xEF, 0xCE,
    0x3B, 0xCE, 0x7E, 0xDD, 0xE3, 0xA0, 0x4B, 0x92, 0x0F, 0x1F, 0x02, 0xDC, 0x9D, 0x77, 0x79, 0xBC,
    0x26, 0xB8, 0x0F, 0x82, 0x1E, 0xC1, 0x73, 0x07, 0x66, 0x80, 0xD5, 0xDD, 0xF5, 0x91, 0xC8, 0x90,
    0xEF, 0xD1, 0xE2, 0x6B, 0x69, 0xF4, 0x2F, 0xBA, 0xFD, 0x7B, 0x03, 0x94, 0x4E, 0x39, 0xD0, 0x7D,
    0x32, 0xCE, 0x8E, 0x3E, 0xF8, 0x7D, 0x7A, 0xE1, 0x33, 0x09, 0x9B, 0x2F, 0xBF, 0x78, 0x2A, 0x32,
    0x99, 0x58, 0xCE, 0x6E, 0xA6, 0xA7, 0xE8, 0x23, 0x8D, 0x83, 0x9A, 0x83, 0xE7, 0x97, 0x46, 0x9C,
    0x88, 0xD3, 0x62, 0x4B, 0x19, 0x38, 0x27, 0xA6, 0x7A, 0xFE, 0xD3, 0xA3, 0x3F, 0xFF, 0x39, 0xE5,
    0x0B, 0xBE, 0x91, 0xEC, 0x5E, 0xF0, 0x8D, 0x44, 0x0F, 0xF7, 0x08, 0x7D, 0x82, 0x1C, 0x40, 0xC7,
    0x02, 0xA0, 0x18, 0x20, 0x71, 0x40, 0x50, 0x17, 0x24, 0xCD, 0xF5, 0xE0, 0xA4, 0x06, 0x8A, 0x0A,
    0x32, 0x0B, 0x54, 0x00, 0x50, 0x8F, 0xC7, 0x7E, 0xC7, 0xDA, 0x16, 0x8D, 0xEE, 0xCD, 0xF2, 0xAF,
    0xAD, 0x2F, 0x7E, 0xE6, 0xEA, 0x65, 0x01, 0xFC, 0x12, 0xD8, 0x2C, 0xFD, 0x96, 0x0D, 0x68, 0x97,
    0xF4, 0xA1, 0x4D, 0x4F, 0x27, 0x96, 0x64, 0x0B, 0x5C, 0x00, 0x7B, 0x48, 0x47, 0xC8, 0x06, 0xD0,
    0x0D, 0xAC, 0xB8, 0x3B, 0xFF, 0xDB, 0xA3, 0x7F, 0xBA, 0x1E, 0xFD, 0x77, 0xE7, 0x5F, 0x9D, 0xA0,
    0xDC, 0x59, 0xD0, 0x15, 0xF4, 0x0F, 0x81, 0xBB, 0x8B, 0xFD, 0x14, 0xD3, 0xCC, 0x8F, 0xE1, 0x89,
    0x07, 0x90, 0xB8, 0xF4, 0x5B, 0xF7, 0xDB, 0xEB, 0xDF, 0xF0, 0x98, 0xF6, 0x5B, 0x77, 0xCE, 0x41,
    0x50, 0xD2, 0xE8, 0x5F, 0xF5, 0x26, 0x19, 0x1F, 0xF0, 0x80, 0xB9, 0x15, 0xED, 0xF7, 0x48, 0x27,
    0x09, 0x97, 0xDA, 0x86, 0xF4, 0x30, 0xAB, 0x00, 0x20, 0x71, 0xA4, 0xDF, 0x27, 0x31, 0xF7, 0xAA,
    0x2C, 0xDD, 0x53, 0x8B, 0x3E, 0x40, 0xE1, 0x41, 0x3A, 0x98, 0x0A, 0x0B, 0x79, 0x0F, 0xCA, 0x51,
    0x3F, 0x77, 0x4A, 0x64, 0xD2, 0x9F, 0xBF, 0xEF, 0xCB, 0x46, 0x79, 0x03, 0xFE, 0x2A, 0xE8, 0x12,
    0xDA, 0x5D, 0x50, 0xC8, 0xBD, 0x99, 0x95, 0x8E, 0xBA, 0xCF, 0x5D, 0x26, 0x62, 0x91, 0xC3, 0xF1,
    0xD6, 0x6F, 0x53, 0xB2, 0x43, 0x5E, 0x69, 0x11, 0xFE, 0x38, 0xBB, 0x79, 0x38, 0x3D, 0x2A, 0x3D,
    0xAD, 0x48, 0xD5, 0x3D, 0xAF, 0x6D, 0x57, 0xE5, 0x43, 0x87, 0x72, 0xBB, 0xA0, 0xF6, 0x3B, 0x8A,
    0x73, 0xE0, 0xE3, 0x5B, 0x4B, 0x1C, 0x6A, 0x00, 0xB6, 0x00, 0x50, 0x4F, 0xA8, 0xE0, 0x1D, 0xE2,
    0xED, 0x8F, 0x0B, 0xEB, 0xC9, 0x74, 0x2B, 0x66, 0xBF, 0x5B, 0xF2, 0xCD, 0x12, 0x77, 0x59, 0xA9,
    0x51, 0x0F, 0x3A, 0x9E, 0xA3, 0xA5, 0x3B, 0x2C, 0x2F, 0x97, 0x53, 0xA0, 0x03, 0x96, 0xA5, 0x8D,
    0xCC, 0xC2, 0x8A, 0xBB, 0xF3, 0x5F, 0x05, 0x69, 0x07, 0x66, 0x9A, 0x5B, 0x28, 0x57, 0x54, 0x49,
    0xD8, 0xEF, 0xCC, 0xFF, 0x4D, 0x9A, 0x54, 0xDE, 0xB5, 0xB1, 0x2C, 0x7B, 0x47, 0x48, 0x78, 0x70,
    0x77, 0xB1, 0xDF, 0x3F, 0x81, 0x71, 0x69, 0xF9, 0xD1, 0x6B, 0x00, 0x77, 0xE7, 0xAD, 0x9B, 0x9B,
    0xA5, 0xF6, 0x7B, 0x70, 0xEB, 0x7B, 0xDE, 0x18, 0xE4, 0x00, 0x80, 0x17, 0x1E, 0x47, 0x3D, 0x8D,
    0xC1, 0xCB, 0x85, 0xFE, 0x87, 0xC2, 0x6A, 0x67, 0x30, 0x93, 0xA1, 0xF5, 0x57, 0xC9, 0xE8, 0x2F,
    0x95, 0xF3, 0x3B, 0x6D, 0xFD, 0x65, 0x51, 0xF9, 0xCD, 0x06, 0x6F, 0x3C, 0xBE, 0x74, 0xA1, 0x7F,
    0x17, 0x76, 0x11, 0x6B, 0xE4, 0xC0, 0x6B, 0xAB, 0xEA, 0x66, 0xF9, 0x6C, 0x07, 0x18, 0xB8, 0x3D,
    0xD9, 0x68, 0x51, 0xBD, 0x47, 0x0D, 0xDF, 0x4D, 0xF9, 0xB0, 0x43, 0x0F, 0x75, 0x55, 0x0F, 0x46,
    0xBE, 0x1C, 0x72, 0xF9, 0x8F, 0x81, 0x07, 0xC0, 0xED, 0xE5, 0xB2, 0xBC, 0x87, 0xA2, 0x82, 0x13,
    0xEE, 0xCE, 0x7F, 0x05, 0x18, 0x0B, 0xE2, 0x48, 0x9F, 0x4F, 0xE4, 0x76, 0xC3, 0x8A, 0xD5, 0xDD,
    0xF9, 0x57, 0xF7, 0xAF, 0x3F, 0xED, 0x25, 0xCB, 0x72, 0xD8, 0x9D, 0x79, 0x73, 0xBA, 0xBC, 0x8A,
    0x26, 0x50, 0xB7, 0x5F, 0x45, 0xD0, 0xC2, 0xB4, 0x9B, 0xC7, 0x93, 0x72, 0x51, 0x45, 0x95, 0xF7,
    0xDA, 0x6A, 0x9B, 0x5B, 0xDD, 0xA8, 0xA1, 0x9C, 0x4B, 0x93, 0x71, 0xB3, 0x4C, 0x23, 0x3D, 0x9C,
    0x8D, 0x60, 0x1C, 0x14, 0xD1, 0xC7, 0x1E, 0x55, 0x34, 0xD7, 0xEF, 0xE5, 0xD4, 0x83, 0x8C, 0x41,
    0x76, 0xF1, 0xFF, 0x26, 0x95, 0x13, 0xAD, 0x08, 0x5F, 0x7F, 0x4E, 0xA5, 0x63, 0x4B, 0xB2, 0x28,
    0x1D, 0x77, 0xA4, 0xEE, 0x63, 0x94, 0xEB, 0xC8, 0x5C, 0x67, 0x0B, 0xFB, 0xB1, 0x48, 0xD5, 0xD6,
    0x7B, 0xDA, 0xA4, 0xFA, 0x46, 0x6F, 0xAA, 0x13, 0xD2, 0x65, 0x9A, 0xCD, 0x87, 0xAF, 0x03, 0x3F,
    0xFC, 0xB9, 0xFE, 0x2F, 0xC5, 0x9A, 0x01, 0xA4, 0x25, 0x59, 0x7A, 0xC7, 0x7F, 0x55, 0x67, 0x6E,
    0xD7, 0xEC, 0x94, 0xC9, 0x69, 0xF4, 0xB3, 0xD9, 0x24, 0x52, 0x41, 0x23, 0x92, 0xDD, 0x29, 0x58,
    0x04, 0xEF, 0xDD, 0x73, 0x22, 0x08, 0x02, 0x57, 0xF4, 0xCB, 0x62, 0x30, 0x03, 0x88, 0x45, 0x3A,
    0x80, 0xC1, 0x7B, 0xB7, 0x2E, 0x8B, 0x20, 0x48, 0x2F, 0x09, 0x00, 0x8B, 0xC5, 0xEA, 0xC5, 0x04,
    0x8D, 0x09, 0xF7, 0xCE, 0x3D, 0xB2, 0x58, 0x04, 0x53, 0xAC, 0x18, 0xC0, 0x56, 0x64, 0x07, 0x02,
    0x73, 0xB2, 0xA9, 0xB6, 0x35, 0xB3, 0x75, 0xEF, 0x97, 0xF3, 0xE9, 0x9A, 0xF7, 0xA6, 0xA7, 0xB7,
    0xDF, 0x76, 0x77, 0xBF, 0xD7, 0xEF, 0xD6, 0xF9, 0xFF, 0xCF, 0xAD, 0x73, 0x4E, 0x7D, 0xF7, 0xFB,
    0x7F, 0xE7, 0xD6, 0xA9, 0x73, 0x8E, 0xC2, 0x49, 0x47, 0xA2, 0x08, 0x07, 0xC7, 0x0B, 0x00, 0x80,
    0x11, 0xC8, 0x95, 0xCC, 0x1E, 0x28, 0x04, 0xB0, 0x3F, 0xF7, 0x89, 0xFE, 0x29, 0x40, 0x55, 0x26,
    0x72, 0xA6, 0x83, 0xB9, 0x89, 0xB0, 0xCE, 0x13, 0x8D, 0x0C, 0x64, 0x3D, 0x23, 0x46, 0x64, 0xA7,
    0x24, 0x94, 0x9F, 0xDF, 0xDF, 0x62, 0x03, 0xD5, 0xAA, 0x5A, 0xA5, 0xDC, 0x41, 0xD9, 0x26, 0x32,
    0x71, 0xA3, 0x34, 0x42, 0x36, 0x18, 0xD9, 0xA3, 0xC8, 0x8E, 0xEF, 0x00, 0xC0, 0xB6, 0xC7, 0xEA,
    0xA5, 0x9F, 0x34, 0x2B, 0xF4, 0x5A, 0x05, 0x65, 0x60, 0x76, 0x37, 0x24, 0x9B, 0xA1, 0xDA, 0xBF,
    0x1F, 0x5C, 0x3A, 0xDF, 0xA4, 0xF2, 0x51, 0x41, 0x15, 0x1A, 0xB6, 0xC1, 0xC9, 0xAF, 0x82, 0x95,
    0x9F, 0x04, 0xD4, 0xCC, 0xB7, 0xF9, 0x01, 0x1C, 0x66, 0x51, 0x55, 0xA9, 0x05, 0xF1, 0xA0, 0x15,
    0xAF, 0x58, 0x1A, 0x6F, 0x60, 0xC2, 0x5B, 0x18, 0x19, 0x41, 0x22, 0xCC, 0xB8, 0x3C, 0x89, 0xAF,
    0x4A, 0x04, 0xA0, 0x66, 0x28, 0x57, 0x80, 0xE5, 0x8C, 0xFE, 0x59, 0x69, 0x04, 0xB2, 0x7B, 0x2F,
    0xAF, 0x47, 0x8D, 0x57, 0xC0, 0xE1, 0x04, 0xB7, 0x80, 0x3A, 0x42, 0xBE, 0x82, 0x6C, 0x01, 0xA8,
    0x08, 0x6C, 0x0B, 0xD4, 0x1E, 0x38, 0x02, 0xB8, 0x09, 0x00, 0xAA, 0x7D, 0x07, 0x8D, 0x88, 0xCF,
    0xE4, 0x5F, 0x1A, 0xCC, 0x00, 0xD8, 0x0E, 0xA8, 0x02, 0xE0, 0xBC, 0x12, 0x8F, 0xD1, 0x12, 0xA0,
    0xE1, 0xC9, 0x8A, 0x3A, 0x4C, 0x3F, 0x43, 0xD9, 0x03, 0x46, 0xFC, 0xEF, 0x81, 0x06, 0x8A, 0x4A,
    0xF6, 0xC0, 0x81, 0x07, 0x8E, 0x81, 0x1D, 0xE4, 0x3D, 0x14, 0x1D, 0xD8, 0xD5, 0x79, 0xC7, 0x36,
    0x1A, 0x57, 0xC1, 0x7E, 0xF6, 0x77, 0x6A, 0x0A, 0x87, 0x02, 0x96, 0xC0, 0x29, 0xB0, 0x99, 0xF2,
    0x25, 0x53, 0x9D, 0x57, 0x4F, 0x6F, 0x50, 0x88, 0x80, 0xEC, 0x61, 0xE6, 0x81, 0x5B, 0x00, 0x02,
    0x18, 0xD1, 0x30, 0x7E, 0x1C, 0xA1, 0x66, 0xD0, 0xF2, 0x5B, 0xD7, 0x22, 0x58, 0x9D, 0x72, 0x01,
    0xB6, 0x91, 0x6C, 0x18, 0x29, 0x5A, 0xC7, 0x8C, 0xD9, 0x25, 0x0A, 0xFE, 0xDD, 0xC9, 0xC5, 0x89,
    0x0E, 0x01, 0xE0, 0x5A, 0xB4, 0xDE, 0x80, 0xF3, 0x3F, 0xB0, 0x07, 0xB8, 0x3C, 0x9D, 0xDA, 0x7F,
    0x68, 0x4F, 0x6A, 0x9F, 0x4E, 0xBD, 0x8B, 0x80, 0xD6, 0x5C, 0x87, 0x58, 0xED, 0x44, 0xED, 0x4C,
    0xED, 0x54, 0xED, 0x5C, 0x5C, 0x50, 0x47, 0x2F, 0x4F, 0xF0, 0x22, 0x4B, 0x34, 0x94, 0x7A, 0xB9,
    0x03, 0xAA, 0x1D, 0x50, 0xF4, 0x4C, 0xB7, 0x34, 0x80, 0x93, 0x41, 0x49, 0x5A, 0xDC, 0xFD, 0xED,
    0xC0, 0x9C, 0x7C, 0x9F, 0x88, 0x46, 0xA9, 0x0E, 0x89, 0x6C, 0x50, 0x6A, 0x13, 0x95, 0x5D, 0xA2,
    0xE2, 0x71, 0xD2, 0x32, 0xAD, 0x9D, 0xDA, 0xD5, 0x4A, 0x8D, 0x5A, 0xD9, 0xE1, 0x8E, 0xB7, 0xC3,
    0x64, 0x59, 0x3E, 0xE3, 0xEC, 0xA3, 0x52, 0x27, 0x8A, 0xC0, 0x67, 0x51, 0x69, 0x05, 0x0C, 0xB0,
    0xED, 0x06, 0x8C, 0xEC, 0x06, 0xEC, 0xC3, 0x66, 0xA0, 0x0E, 0xC5, 0x80, 0xC3, 0x28, 0x65, 0x03,
    0x4B, 0xA5, 0x53, 0x18, 0xD8, 0xC0, 0xF4, 0x4D, 0xCB, 0x70, 0xE4, 0x89, 0xBC, 0x19, 0xA8, 0x5A,
    0x3B, 0x50, 0xCA, 0x7E, 0x20, 0x93, 0x7E, 0x80, 0x19, 0x68, 0x0C, 0x57, 0xD3, 0x78, 0xFB, 0xF9,
    0x8F, 0x65, 0x65, 0x22, 0x75, 0x97, 0xA8, 0x88, 0x89, 0xF2, 0x31, 0x11, 0x4A, 0xEC, 0x94, 0x3E,
    0xFC, 0xD3, 0xCF, 0x7F, 0xC4, 0xD2, 0xC9, 0x38, 0x91, 0xD1, 0xB2, 0xB3, 0xDA, 0x71, 0xBA, 0x02,
    0xBD, 0x96, 0xBA, 0x35, 0x0F, 0xDF, 0x4E, 0xF6, 0xA6, 0x91, 0xFC, 0xDE, 0xB9, 0xC0, 0x89, 0xAC,
    0xFE, 0x70, 0x25, 0x12, 0x98, 0xFD, 0xCD, 0xCE, 0x03, 0x03, 0x34, 0x2A, 0x50, 0xC6, 0x21, 0xF5,
    0xEA, 0xF6, 0x25, 0x04, 0xEE, 0xBE, 0x2C, 0xB0, 0x90, 0x51, 0x8B, 0xA6, 0xC7, 0x37, 0x1A, 0xF2,
    0x95, 0xC2, 0xDD, 0xBF, 0xEF, 0xE7, 0xC0, 0x93, 0x40, 0xDB, 0x3C, 0xC2, 0xF1, 0x31, 0x4F, 0x69,
    0xA3, 0x75, 0x67, 0xB6, 0x1E, 0x4D, 0x11, 0x84, 0x2C, 0x95, 0x01, 0xD0, 0xF4, 0x7A, 0x8E, 0xED,
    0x9B, 0x50, 0xAD, 0x6C, 0xEB, 0x30, 0x71, 0x9E, 0xD0, 0x1C, 0x7F, 0x27, 0x36, 0x22, 0x71, 0x9B,
    0x70, 0xCA, 0x64, 0x07, 0xA8, 0x57, 0x60, 0x63, 0xD6, 0xA6, 0x6B, 0x5A, 0xB6, 0x12, 0xC8, 0x16,
    0x14, 0xBC, 0x49, 0xB9, 0x3A, 0xD2, 0x78, 0x90, 0x49, 0x84, 0x03, 0xAE, 0xCE, 0x7F, 0xAF, 0xF3,
    0x80, 0x6A, 0x9A, 0x07, 0xF4, 0x30, 0xF3, 0x97, 0xA6, 0x83, 0xAF, 0x01, 0xB5, 0x57, 0x80, 0x05,
    0xB8, 0x3A, 0x1D, 0x4F, 0x1F, 0x1D, 0x5F, 0x5A, 0xC7, 0xD5, 0xF8, 0xCB, 0x21, 0xD0, 0x43, 0x16,
    0x21, 0x57, 0x7C, 0x06, 0x88, 0x87, 0x6F, 0x5C, 0x82, 0xCF, 0x77, 0x51, 0xFB, 0xF0, 0x01, 0xD0,
    0x03, 0xBB, 0x15, 0x34, 0x01, 0x6E, 0x78, 0x1D, 0x58, 0x6D, 0x58, 0x62, 0xFE, 0x77, 0x00, 0xE9,
    0xA6, 0x81, 0xF5, 0xEA, 0xFA, 0xE5, 0xE2, 0x81, 0xFC, 0xE5, 0xFB, 0x06, 0x0E, 0x40, 0xAD, 0xA2,
    0x72, 0xC0, 0xFC, 0xB2, 0x07, 0x1B, 0x4E, 0x39, 0x9F, 0x07, 0x90, 0x8B, 0x78, 0x75, 0x28, 0x22,
    0xFF, 0x99, 0x66, 0x7D, 0x23, 0x78, 0x1B, 0x2F, 0x7E, 0x72, 0x19, 0x89, 0x4A, 0xD1, 0x91, 0x7D,
    0x27, 0x11, 0xF9, 0x23, 0xAA, 0x43, 0x22, 0xDB, 0x26, 0x2A, 0xFA, 0x44, 0x46, 0x7C, 0x11, 0x51,
    0x37, 0xB1, 0x22, 0xDD, 0xF9, 0x94, 0xA4, 0xD2, 0xC0, 0xF6, 0x30, 0x6E, 0x30, 0xB1, 0x26, 0xF3,
    0x99, 0x07, 0x60, 0xDB, 0x3D, 0xD0, 0x41, 0x4E, 0x07, 0x71, 0x1D, 0xE2, 0x74, 0x84, 0xD3, 0xD0,
    0x2C, 0x61, 0x38, 0x4D, 0xD8, 0x4C, 0xB9, 0x9E, 0xEB, 0xD0, 0xA6, 0x23, 0x9B, 0x6D, 0xED, 0xA0,
    0x03, 0xB7, 0x0E, 0x6B, 0xCC, 0x18, 0x40, 0x91, 0xF7, 0x60, 0xA2, 0xBD, 0x77, 0xB7, 0xD5, 0xC1,
    0x54, 0x07, 0x3A, 0xDE, 0xE0, 0x0F, 0xA0, 0xF4, 0x87, 0x60, 0xF4, 0x54, 0x07, 0x0E, 0x38, 0xE0,
    0x3A, 0x62, 0x90, 0xAF, 0x0A, 0x4C, 0xB0, 0x64, 0xB2, 0x87, 0xED, 0xA0, 0x31, 0xE1, 0xCA, 0xF5,
    0xF3, 0x35, 0x80, 0xDA, 0x4F, 0x7A, 0xB0, 0x00, 0x5C, 0x8B, 0x7E, 0x72, 0x7F, 0x3E, 0x18, 0x15,
    0x2B, 0x80, 0xAB, 0xD7, 0x7F, 0x0D, 0x32, 0x99, 0x01, 0xD8, 0x15, 0x50, 0x01, 0xBC, 0x05, 0x70,
    0x08, 0x70, 0x1B, 0x60, 0x01, 0x79, 0x07, 0x66, 0x0A, 0x84, 0xB6, 0x9B, 0x5D, 0x7D, 0x20, 0xA6,
    0x45, 0xD9, 0x08, 0xD8, 0x3D, 0xE0, 0x6A, 0x0F, 0x63, 0xD1, 0xC2, 0x02, 0xAD, 0x01, 0xA6, 0x49,
    0xD9, 0xB3, 0x91, 0x13, 0x91, 0x89, 0x8E, 0x8F, 0xDF, 0x09, 0xCF, 0x75, 0x2D, 0x77, 0xCE, 0xD7,
    0x4B, 0x2B, 0xB0, 0xFF, 0xD1, 0x82, 0xCB, 0xFA, 0x2F, 0xAF, 0x97, 0x00, 0x60, 0x7D, 0x31, 0xD5,
    0x43, 0x22, 0xED, 0xDA, 0xED, 0xC3, 0x26, 0xB0, 0xF5, 0x65, 0xCB, 0x16, 0x13, 0xD9, 0x28, 0xAD,
    0x9F, 0x97, 0x4C, 0x07, 0x23, 0x5F, 0xE6, 0xB7, 0x1F, 0x1E, 0x1F, 0xEF, 0x16, 0xA2, 0x9F, 0xA8,
    0x24, 0xDD, 0x93, 0x6D, 0x4C, 0x2A, 0x3E, 0xE3, 0xD4, 0x7E, 0x2A, 0x7F, 0x6E, 0x06, 0x28, 0x83,
    0x02, 0xDE, 0x4F, 0xB3, 0x4A, 0x91, 0x1D, 0x77, 0xFF, 0xE7, 0x47, 0x53, 0xD9, 0x01, 0xE5, 0x4F,
    0xA5, 0x2B, 0x3F, 0x95, 0xB1, 0x1C, 0xB3, 0xB1, 0x8C, 0x2C, 0xCB, 0x0E, 0x57, 0xB6, 0x09, 0xE1,
    0xB7, 0x23, 0xF7, 0xAF, 0x57, 0xC3, 0x37, 0x9D, 0x8C, 0xEF, 0x55, 0xF1, 0x66, 0xE6, 0x01, 0x2B,
    0xD1, 0x4A, 0xC7, 0x87, 0xB0, 0x79, 0xBE, 0x54, 0x4A, 0x97, 0xAE, 0x4D, 0x06, 0xEB, 0xFE, 0x30,
    0x19, 0x7C, 0x50, 0x4F, 0x06, 0x39, 0x81, 0xF5, 0x73, 0xA4, 0x46, 0xDA, 0xAD, 0xB4, 0x07, 0xC7,
    0x1E, 0x70, 0xFA, 0x47, 0x5A, 0xE5, 0x03, 0x79, 0xFF, 0x7C, 0xA9, 0xD6, 0x87, 0x69, 0xD8, 0x4A,
    0x10, 0x09, 0xC7, 0x6A, 0x8A, 0x2C, 0x92, 0x3F, 0x4F, 0xFA, 0x7B, 0xDA, 0x0F, 0x4C, 0x9B, 0x8C,
    0x54, 0x42, 0xB6, 0xE0, 0xE5, 0x9D, 0xF9, 0x41, 0x16, 0x7A, 0x13, 0xD4, 0xE0, 0x5E, 0x0D, 0xBE,
    0x80, 0x4B, 0x22, 0xB2, 0x2F, 0xBB, 0xB2, 0xBD, 0xF8, 0xD8, 0xEE, 0x45, 0xF8, 0x20, 0x8B, 0x26,
    0xA4, 0xE3, 0x93, 0x5C, 0xF8, 0xDB, 0xDC, 0xDB, 0x60, 0x5B, 0xB3, 0x02, 0x28, 0x42, 0x79, 0xE1,
    0x61, 0x57, 0x6F, 0x71, 0x98, 0x8E, 0xF9, 0xC2, 0xC5, 0x1B, 0x3E, 0xF7, 0xC9, 0x62, 0x67, 0x02,
    0xF0, 0x1C, 0xBF, 0x7E, 0xB2, 0x7E, 0xFC, 0x23, 0x92, 0x45, 0xD9, 0xE7, 0x7D, 0xD9, 0x25, 0xB4,
    0x2F, 0x87, 0x6D, 0xB2, 0x23, 0x92, 0xF7, 0x68, 0x40, 0x30, 0x09, 0x45, 0xA4, 0x94, 0x36, 0xC1,
    0x93, 0xFF, 0x90, 0xDB, 0xBC, 0x3B, 0x32, 0xEE, 0x18, 0xFF, 0x8C, 0x07, 0x00, 0x70, 0x42, 0xBF,
    0x66, 0x7C, 0xF6, 0xC4, 0x79, 0x1A, 0xF8, 0xCB, 0x1E, 0x89, 0xC8, 0x8A, 0x19, 0xB8, 0x80, 0xC4,
    0xFC, 0xE1, 0x50, 0x86, 0xF9, 0x34, 0x55, 0xAA, 0xFC, 0xCB, 0x26, 0x07, 0x0D, 0xCD, 0x8E, 0x66,
    0xE0, 0x4F, 0x3C, 0xDC, 0x01, 0xD1, 0x91, 0x2F, 0x8D, 0x7B, 0x2E, 0xEB, 0xA7, 0x31, 0x4F, 0xEF,
    0x9F, 0x17, 0x4A, 0x23, 0x7F, 0x3D, 0x22, 0x3D, 0xDB, 0x96, 0x39, 0xEC, 0x12, 0xE5, 0x43, 0xA2,
    0x32, 0x26, 0xAA, 0x42, 0xA2, 0x86, 0x44, 0x63, 0x22, 0x13, 0x13, 0xD9, 0x90, 0xC8, 0xF9, 0x44,
    0x02, 0x38, 0x59, 0x25, 0xFA, 0x79, 0x48, 0x54, 0x68, 0xAD, 0xD1, 0x76, 0xEC, 0x94, 0x9C, 0x52,
    0xAD, 0x06, 0x6C, 0x97, 0xC8, 0xF4, 0x89, 0x18, 0x95, 0xB6, 0x00, 0x40, 0xE6, 0x01, 0xD3, 0x4E,
    0x03, 0x17, 0x76, 0xA5, 0x04, 0xF0, 0x3A, 0x00, 0xB0, 0x7E, 0x2A, 0x2A, 0xBF, 0xA6, 0x61, 0x9D,
    0x8D, 0xAC, 0x75, 0xF4, 0xB5, 0x81, 0xB5, 0x83, 0xF5, 0x08, 0x5B, 0x85, 0x24, 0xB8, 0x55, 0x2A,
    0x6F, 0x1F, 0xD5, 0xE7, 0xA9, 0x1D, 0xFB, 0x04, 0xE7, 0xD7, 0xA8, 0x02, 0xE0, 0x16, 0x30, 0x07,
    0x4E, 0x26, 0xA3, 0x11, 0xB8, 0xA7, 0xA7, 0x95, 0xDF, 0xD0, 0xB0, 0x61, 0x64, 0x63, 0xFA, 0x47,
    0x36, 0xD4, 0xD6, 0x16, 0x36, 0x5F, 0xD8, 0x7E, 0x7F, 0xC5, 0x26, 0x95, 0x6F, 0xF4, 0x59, 0x91,
    0xA5, 0x76, 0xEC, 0x13, 0x5C, 0xBA, 0xCE, 0x86, 0x6C, 0x01, 0xA9, 0x98, 0x54, 0x4D, 0xED, 0xE1,
    0x08, 0xB8, 0x09, 0x00, 0xCC, 0x2F, 0x09, 0xD3, 0x4A, 0x20, 0x28, 0xB2, 0x45, 0x19, 0x6D, 0x70,
    0xAC, 0x59, 0x00, 0xB0, 0x7E, 0x8E, 0xE3, 0x2A, 0xFC, 0x01, 0x60, 0x36, 0x75, 0x67, 0x05, 0xBC,
    0x05, 0x1C, 0x02, 0xB7, 0x01, 0xEA, 0xE7, 0x38, 0x60, 0x96, 0x8C, 0x54, 0xD4, 0x1C, 0x72, 0x9B,
    0x79, 0xFA, 0x3E, 0xA7, 0xF2, 0x73, 0x6A, 0xE6, 0x1C, 0x25, 0x1C, 0x5E, 0x82, 0xAF, 0x6B, 0xB7,
    0x3E, 0x5A, 0x9F, 0xAC, 0x1F, 0xAC, 0xDF, 0xBD, 0x8C, 0x68, 0xBD, 0xCB, 0x3C, 0x1B, 0x12, 0x46,
    0xE6, 0xC4, 0x67, 0xF5, 0xE0, 0xC9, 0xE3, 0xF6, 0x7A, 0x4C, 0xC7, 0x7B, 0x4F, 0xD6, 0x98, 0x8E,
    0x0B, 0x70, 0x13, 0xF3, 0x5F, 0x11, 0x23, 0x7D, 0xC2, 0x8A, 0x72, 0x84, 0xA6, 0x03, 0xC5, 0xD7,
    0xBF, 0xDA, 0xF6, 0xE1, 0xF1, 0xC2, 0x88, 0x8C, 0x0A, 0xC0, 0xC4, 0xA7, 0xA4, 0x5F, 0xAA, 0x25,
    0x9D, 0xA2, 0x8E, 0xB8, 0xA8, 0xE9, 0xEB, 0x4F, 0x69, 0x39, 0x2D, 0x45, 0xEC, 0xD9, 0x74, 0x78,
    0x03, 0xD0, 0x03, 0x78, 0x00, 0xC0, 0x81, 0x69, 0x5D, 0x50, 0x6A, 0x95, 0x62, 0xA2, 0xF9, 0x98,
    0xE8, 0x70, 0xA7, 0xE4, 0x12, 0x1D, 0xD5, 0x21, 0x91, 0x6D, 0x13, 0x99, 0x98, 0x28, 0x1F, 0x12,
    0xB1, 0x53, 0x6A, 0x94, 0xEA, 0xEF, 0x25, 0xB2, 0x3F, 0x49, 0x54, 0xFC, 0x5F, 0x22, 0xF3, 0xEB,
    0x44, 0x88, 0x52, 0xA3, 0xE4, 0x94, 0x6C, 0x0B, 0x77, 0x20, 0x1B, 0x55, 0x16, 0x94, 0x2D, 0x54,
    0x1E, 0x5E, 0x03, 0x80, 0xF7, 0xEA, 0x11, 0x9D, 0xF0, 0xE9, 0x7C, 0x6F, 0xEB, 0xCB, 0x4E, 0x67,
    0x7B, 0x9B, 0x84, 0xF5, 0x33, 0xE2, 0x15, 0x8A, 0x38, 0x1B, 0xA3, 0x18, 0x01, 0x06, 0x20, 0x8B,
    0x40, 0xDE, 0x02, 0x99, 0x7F, 0x79, 0x2D, 0x30, 0x19, 0xB2, 0x21, 0xC1, 0x43, 0x05, 0x1C, 0x01,
    0xB7, 0x99, 0xE6, 0xF4, 0x6B, 0xD3, 0x41, 0xFD, 0x8E, 0x56, 0x0B, 0x60, 0x46, 0xB4, 0xE6, 0x55,
    0xF7, 0xE7, 0x8C, 0x19, 0x65, 0x98, 0x93, 0x9E, 0xA9, 0x20, 0x5F, 0x6C, 0x75, 0x5C, 0x4E, 0x7F,
    0xD6, 0x8F, 0x2F, 0xDD, 0xE6, 0x00, 0x27, 0x00, 0x6B, 0xB5, 0xDC, 0xAB, 0xE9, 0x85, 0xDA, 0x46,
    0x8D, 0xBF, 0xCC, 0xDA, 0xE0, 0x4B, 0xD1, 0xEA, 0x1E, 0x8F, 0xD6, 0xFE, 0x2C, 0x5A, 0x55, 0x48,
    0x64, 0xBB, 0x2F, 0xA2, 0x95, 0x8D, 0x89, 0xD8, 0x2B, 0x39, 0xA5, 0x4A, 0x03, 0x55, 0xFE, 0x77,
    0x22, 0xA3, 0xD1, 0xCA, 0x24, 0x11, 0xDB, 0xF3, 0x40, 0x29, 0x95, 0x2D, 0x60, 0x94, 0x8A, 0x00,
    0xD8, 0x44, 0x95, 0xF8, 0x44, 0x7B, 0xE0, 0x8D, 0x7B, 0x2F, 0x1D, 0x2F, 0xBE, 0x8A, 0xCC, 0xB6,
    0x18, 0x09, 0xE4, 0x02, 0x56, 0x06, 0xA5, 0x11, 0x66, 0xD3, 0xCE, 0x30, 0x94, 0x5A, 0xB6, 0x15,
    0xF1, 0x46, 0xBE, 0xBF, 0x6D, 0xCB, 0x9E, 0x22, 0xDA, 0x96, 0x6C, 0xAC, 0x57, 0x30, 0x3A, 0x60,
    0xA9, 0xE4, 0x94, 0x5C, 0xA3, 0xB4, 0x3C, 0xFB, 0xE6, 0x1E, 0xA3, 0xA5, 0x5E, 0xB1, 0xB3, 0x01,
    0x5D, 0xBD, 0x50, 0xF4, 0x66, 0xEF, 0x9B, 0x0E, 0x79, 0xB4, 0xE5, 0x3D, 0x00, 0x07, 0x90, 0x8B,
    0xA0, 0xE0, 0x6C, 0xD3, 0x78, 0xC0, 0x88, 0x78, 0xFB, 0xD9, 0xDD, 0xB6, 0x0A, 0xDA, 0x09, 0xD9,
    0xE0, 0x60, 0x5C, 0x26, 0x9C, 0x26, 0x6C, 0xA6, 0x7C, 0x9E, 0xA0, 0xE5, 0xB5, 0x37, 0xBD, 0xED,
    0x6C, 0x4C, 0xD7, 0x04, 0xB6, 0x7B, 0xC8, 0x3C, 0xBC, 0xC9, 0x1F, 0x83, 0xE5, 0x44, 0xB5, 0xF4,
    0x60, 0xA4, 0x05, 0x0E, 0xB8, 0x16, 0x7D, 0x2B, 0xE3, 0xF3, 0xD6, 0x82, 0x08, 0x34, 0x1A, 0x67,
    0x7F, 0x79, 0x3A, 0x59, 0x1C, 0x80, 0x89, 0x3B, 0x28, 0xDA, 0x01, 0xEC, 0xF7, 0x22, 0xBC, 0x55,
    0x06, 0xB8, 0x35, 0xBB, 0x06, 0xB1, 0x8A, 0xA4, 0x6E, 0x69, 0x83, 0x5A, 0xCE, 0xE3, 0x09, 0x26,
    0x44, 0x32, 0x2E, 0x53, 0x30, 0x93, 0xA8, 0xF4, 0xF1, 0x2A, 0x6B, 0x12, 0x76, 0xFF, 0x3E, 0x49,
    0x9A, 0x03, 0x6C, 0x3B, 0xED, 0x8F, 0x6A, 0xA6, 0x78, 0x32, 0x5B, 0x82, 0x13, 0xF9, 0x72, 0x76,
    0x7C, 0xFC, 0x9B, 0x5B, 0x4E, 0x56, 0x6C, 0x40, 0xB3, 0x32, 0xA2, 0x99, 0x0A, 0x4F, 0x17, 0x20,
    0xFA, 0xF1, 0x54, 0x8F, 0x32, 0x54, 0x3E, 0x34, 0x3A, 0x27, 0x57, 0x9D, 0x85, 0x8C, 0xA4, 0x2D,
    0x9D, 0x8F, 0x3E, 0x91, 0x64, 0xA5, 0x48, 0xE4, 0x1D, 0x66, 0x87, 0x0D, 0x73, 0xB2, 0x31, 0x65,
    0xA7, 0xB0, 0x4B, 0x5B, 0x28, 0x1B, 0xD4, 0xCE, 0x94, 0x69, 0xE1, 0x08, 0x68, 0x48, 0x00, 0x47,
    0xAE, 0x59, 0x0A, 0x84, 0xA0, 0xC2, 0xAA, 0x4F, 0xDB, 0x22, 0x7D, 0x97, 0xBF, 0xD2, 0x98, 0xCB,
    0x2E, 0x13, 0x81, 0x99, 0xD7, 0x04, 0x77, 0x80, 0x11, 0x4C, 0x0F, 0x65, 0x0B, 0xF6, 0xFC, 0xF1,
    0xE9, 0xE4, 0x17, 0x09, 0xE2, 0xDD, 0x7D, 0x09, 0x73, 0x6C, 0x9C, 0x63, 0x9E, 0x04, 0x55, 0xD0,
    0x36, 0x4E, 0x06, 0xDC, 0xFD, 0x81, 0x39, 0x63, 0x82, 0x53, 0xF8, 0xB9, 0xFA, 0x4C, 0xA9, 0xED,
    0x7A, 0xF5, 0x7D, 0x0E, 0x7B, 0xFD, 0xCD, 0x2A, 0xE0, 0x60, 0x43, 0xD6, 0x83, 0x07, 0x78, 0xAF,
    0xEA, 0xD6, 0xD2, 0x7D, 0xB8, 0xBF, 0xB7, 0x0D, 0x6C, 0xE1, 0xC3, 0x8B, 0xD7, 0x30, 0x57, 0xE4,
    0x18, 0x40, 0xE6, 0xA1, 0x68, 0xA1, 0x9C, 0x9E, 0x91, 0x16, 0x78, 0x1D, 0xFE, 0xB0, 0x18, 0x6A,
    0x37, 0xD4, 0xDB, 0x1F, 0xD6, 0x91, 0x3A, 0x68, 0xDF, 0xD6, 0x5C, 0x94, 0x80, 0x19, 0xD8, 0x15,
    0x15, 0xCC, 0xE1, 0x10, 0xFE, 0x08, 0xCE, 0x1F, 0x6C, 0xE3, 0x13, 0x0F, 0xB6, 0xAB, 0x10, 0xB4,
    0x60, 0xB1, 0x36, 0x9D, 0x7B, 0x67, 0x65, 0x05, 0x33, 0xC2, 0xE2, 0x05, 0x22, 0x7D, 0xE1, 0xBB,
    0x10, 0x99, 0xEC, 0xBD, 0x15, 0x09, 0xF5, 0x27, 0x77, 0x83, 0x03, 0x96, 0x13, 0x9C, 0xC2, 0x43,
    0x15, 0xA1, 0x14, 0x0F, 0x32, 0xE8, 0x17, 0xA0, 0x09, 0x60, 0x5B, 0x30, 0x71, 0x42, 0xA7, 0xE7,
    0xFF, 0x96, 0xCA, 0xB7, 0x22, 0x34, 0xDA, 0xEE, 0x18, 0xC8, 0x16, 0x14, 0x11, 0x1B, 0xA8, 0x3D,
    0xA7, 0x70, 0x13, 0x20, 0x97, 0x5F, 0x54, 0x32, 0xBA, 0xEF, 0xAF, 0xD5, 0x2F, 0x68, 0xC0, 0x75,
    0x58, 0xBD, 0x93, 0x23, 0xC5, 0xA8, 0x4A, 0x70, 0xE0, 0x1E, 0xB0, 0xDB, 0xCA, 0xD8, 0x48, 0xC7,
    0x9D, 0x0B, 0x5E, 0x6B, 0xB8, 0x42, 0xDF, 0x6F, 0x81, 0x60, 0x24, 0x94, 0x1F, 0x77, 0x35, 0x83,
    0x2E, 0xD6, 0x5F, 0xC4, 0xF7, 0xAB, 0xF3, 0x51, 0x0D, 0x1C, 0x01, 0x2E, 0x80, 0x69, 0x15, 0x64,
    0x12, 0x12, 0x5E, 0xC0, 0xCD, 0x13, 0x34, 0x6D, 0x3D, 0x65, 0xA0, 0x08, 0xBA, 0x76, 0xD8, 0x5F,
    0xF0, 0xCA, 0xC1, 0xD5, 0x05, 0x3D, 0x45, 0xB9, 0x66, 0xB0, 0x1F, 0x77, 0x46, 0x02, 0xA2, 0xE7,
    0x2F, 0x16, 0x74, 0x99, 0x3E, 0xDF, 0x7D, 0xFF, 0xF3, 0xFB, 0x14, 0x1D, 0x97, 0x02, 0x13, 0x14,
    0x50, 0x0C, 0xC0, 0x09, 0x70, 0x08, 0xF5, 0xA8, 0xDE, 0x80, 0x27, 0x6F, 0x31, 0x9A, 0xA8, 0xA4,
    0xDB, 0x4A, 0xFC, 0xFD, 0x4F, 0x16, 0x45, 0xCB, 0x53, 0x53, 0x87, 0x89, 0x18, 0x89, 0xA4, 0xF4,
    0x2D, 0xCF, 0x11, 0x34, 0x2B, 0x4C, 0x48, 0x29, 0x97, 0x90, 0xEF, 0xC9, 0x7C, 0xE6, 0xF3, 0xDE,
    0x06, 0x36, 0x2A, 0x6D, 0x04, 0x1B, 0x49, 0x85, 0x00, 0x57, 0x23, 0x0E, 0x98, 0x3A, 0xA6, 0xC5,
    0x17, 0x21, 0x6F, 0xAD, 0x37, 0xED, 0x1B, 0x7A, 0xA6, 0x82, 0x48, 0x8A, 0x48, 0x92, 0xD4, 0xF7,
    0xDF, 0x8E, 0x6E, 0xB2, 0x24, 0x89, 0x14, 0x33, 0xFF, 0x4C, 0x3E, 0x17, 0xA2, 0x5B, 0xCC, 0x12,
    0x6F, 0xBC, 0xFF, 0xF9, 0xBD, 0x67, 0xF0, 0xF9, 0xA2, 0xA0, 0x97, 0x2D, 0x8D, 0x74, 0x29, 0x3D,
    0x2D, 0xE8, 0xEA, 0xD3, 0x37, 0x78, 0x17, 0xB6, 0x6D, 0x24, 0x13, 0xE9, 0xC8, 0xC3, 0x36, 0x90,
    0xF9, 0x19, 0x00, 0x70, 0x0A, 0x76, 0xB5, 0x49, 0x14, 0x5E, 0x90, 0x4E, 0xCF, 0x68, 0xA9, 0xA6,
    0x1C, 0xD4, 0xBE, 0x5E, 0xD1, 0x60, 0xFB, 0x1B, 0x3B, 0x8C, 0x48, 0x0F, 0x5B, 0x09, 0x90, 0x2D,
    0x80, 0x45, 0x4E, 0xB1, 0x2F, 0xF5, 0x9E, 0xE2, 0x77, 0x8A, 0x1D, 0xAF, 0x71, 0x13, 0x80, 0x35,
    0xA6, 0x1D, 0x31, 0xDD, 0xB3, 0xA1, 0xEC, 0x36, 0xD8, 0xAE, 0xF1, 0x4D, 0xE7, 0xE4, 0xD7, 0x5D,
    0x29, 0x3F, 0xEB, 0xB8, 0xC5, 0xF4, 0x2B, 0xA2, 0xA4, 0x5B, 0xE5, 0xD7, 0xA0, 0xAE, 0x90, 0x9D,
    0x42, 0xDF, 0x3B, 0xB9, 0x3C, 0x55, 0x69, 0xBF, 0x1D, 0xA2, 0x49, 0xD4, 0xC8, 0x0A, 0xEA, 0x3D,
    0x53, 0x28, 0xAF, 0x41, 0x1F, 0x6F, 0x52, 0xAC, 0x8E, 0x9E, 0x78, 0x77, 0xF4, 0x52, 0x74, 0x9A,
    0x1E, 0xB0, 0x3B, 0xE0, 0x5B, 0x16, 0xF8, 0xA6, 0x52, 0x55, 0x03, 0x76, 0x04, 0xB8, 0x1E, 0xC5,
    0xA4, 0x1A, 0x55, 0x4A, 0xF7, 0xAF, 0x09, 0x0F, 0xE0, 0x61, 0x84, 0xA6, 0xBD, 0x5C, 0xE5, 0xB3,
    0x3F, 0x5F, 0x40, 0xFD, 0x0F, 0x1D, 0x38, 0x1B, 0x60, 0xAC, 0x21, 0x8B, 0x87, 0x80, 0xBF, 0x79,
    0x3D, 0xA2, 0xEF, 0x1C, 0xC0, 0xE8, 0x74, 0x45, 0x4D, 0x11, 0x7A, 0xEC, 0x5F, 0xB4, 0xBC, 0x96,
    0x5D, 0x96, 0xE0, 0x57, 0xA6, 0xA6, 0x85, 0xEC, 0xED, 0x00, 0x58, 0x80, 0x0A, 0xA0, 0x06, 0xA8,
    0xEE, 0x01, 0xB6, 0x07, 0xB2, 0x7B, 0x97, 0xA0, 0x67, 0x7A, 0x4D, 0x98, 0xA3, 0xAF, 0xBE, 0x26,
    0x7C, 0x0F, 0x98, 0xA6, 0x45, 0x7B, 0x00, 0x0A, 0xF1, 0x00, 0xF6, 0xA3, 0x00, 0x30, 0xCF, 0x23,
    0xC0, 0x2D, 0xA6, 0x4E, 0x06, 0xD6, 0x30, 0xC2, 0xB0, 0x24, 0xDB, 0x91, 0x0D, 0x0E, 0xB3, 0xC7,
    0xC4, 0x94, 0x09, 0xBA, 0x11, 0x64, 0x3E, 0x4D, 0x59, 0xB5, 0x2A, 0x3F, 0x5A, 0x15, 0xAD, 0x0D,
    0xC9, 0x8A, 0xD5, 0xE3, 0x1F, 0x13, 0x95, 0x6D, 0x65, 0x5A, 0xBB, 0x2A, 0x3A, 0x97, 0x1A, 0xF8,
    0x74, 0x49, 0x4A, 0x98, 0x78, 0x9A, 0xF5, 0x8E, 0xBC, 0x5F, 0x33, 0xCC, 0x61, 0x18, 0x1F, 0xAD,
    0x38, 0x07, 0xD6, 0x23, 0xEC, 0x22, 0x47, 0x23, 0x34, 0x11, 0x37, 0x80, 0xEB, 0xD4, 0x63, 0x5C,
    0x4B, 0x15, 0xA1, 0x0E, 0xD8, 0x08, 0x55, 0xCA, 0x5A, 0xA6, 0x99, 0x10, 0x75, 0x0B, 0xDA, 0x1E,
    0x60, 0x1C, 0x01, 0xD3, 0xD5, 0x40, 0xC6, 0xEC, 0xDC, 0x79, 0x1B, 0xE8, 0x4F, 0xA9, 0xDA, 0xAC,
    0x9F, 0xE3, 0x3A, 0xF5, 0xC1, 0xC5, 0xE4, 0x38, 0xA7, 0xD1, 0x74, 0x95, 0x5F, 0x0F, 0x65, 0x72,
    0x75, 0x18, 0x6D, 0xE2, 0xFE, 0x24, 0x39, 0xFD, 0xEF, 0x71, 0x6E, 0xBD, 0xF9, 0x59, 0x74, 0xB5,
    0xEE, 0x17, 0xD5, 0x0E, 0xF3, 0xAB, 0x60, 0x93, 0x76, 0x09, 0x76, 0x07, 0xE2, 0xCB, 0x11, 0x84,
    0x22, 0xF1, 0x16, 0x33, 0x4C, 0x7F, 0x4D, 0xF5, 0x8C, 0x7A, 0x04, 0x4E, 0x1D, 0x64, 0xBD, 0x0D,
    0xE7, 0x2F, 0xD9, 0x30, 0x42, 0xED, 0x97, 0xE0, 0x70, 0xB0, 0x51, 0x05, 0x23, 0x36, 0x98, 0x88,
    0x89, 0x4A, 0xDA, 0x98, 0xB1, 0x5A, 0xC1, 0xC6, 0x01, 0x6E, 0x39, 0x99, 0xC2, 0xF6, 0x40, 0x11,
    0x01, 0xF3, 0x8C, 0xA4, 0x41, 0xD1, 0x90, 0x68, 0x40, 0x86, 0x11, 0xD3, 0xB9, 0xB3, 0x50, 0xAC,
    0x61, 0xD8, 0x3C, 0xEA, 0xBE, 0xA8, 0xA8, 0x7C, 0xD9, 0xAA, 0xE6, 0xA4, 0x7E, 0xA5, 0x41, 0xD3,
    0x52, 0x8D, 0x10, 0xE3, 0x1A, 0xED, 0x0B, 0x8E, 0x7A, 0x70, 0x1A, 0xF0, 0x0E, 0xD4, 0x43, 0x85,
    0x3A, 0x39, 0xCD, 0x37, 0xF3, 0x11, 0xA4, 0x07, 0x09, 0xC0, 0x4D, 0x50, 0x09, 0x7E, 0xA2, 0x6F,
    0xBF, 0x01, 0x00, 0xAF, 0x5A, 0x3E, 0x07, 0xC0, 0x1E, 0xF2, 0x41, 0x0B, 0x1E, 0x5B, 0x62, 0x6D,
    0x45, 0x7A, 0xC5, 0x77, 0xEF, 0xFF, 0x58, 0x2B, 0x5A, 0xD4, 0x0F, 0x1C, 0xB0, 0x83, 0x6C, 0x9C,
    0xDA, 0x77, 0xE7, 0xC5, 0xFB, 0xDF, 0x5C, 0xBC, 0x3D, 0x3E, 0x5E, 0x88, 0xC8, 0xA0, 0xD0, 0xAE,
    0x2F, 0xE3, 0xB4, 0x33, 0x71, 0x02, 0x0B, 0x80, 0x46, 0x76, 0x8D, 0xEC, 0x0F, 0x8E, 0xF5, 0x56,
    0xC1, 0x68, 0xAD, 0x46, 0xCD, 0xC1, 0x48, 0xDE, 0x53, 0x4C, 0xCD, 0x59, 0x82, 0xE8, 0x47, 0xC8,
    0x39, 0x8F, 0x6F, 0xE1, 0x81, 0x2B, 0x74, 0xF8, 0x36, 0x6C, 0x60, 0x07, 0x87, 0xC0, 0x8B, 0x78,
    0x9B, 0x31, 0xD3, 0x5B, 0x0C, 0x86, 0x47, 0xB7, 0x29, 0x75, 0x0B, 0x33, 0x7F, 0x55, 0x1E, 0xEB,
    0xB2, 0xCF, 0x65, 0xBD, 0xFD, 0x69, 0x67, 0x64, 0x85, 0xC0, 0x9D, 0x17, 0x0A, 0xF1, 0x1D, 0x4A,
    0x59, 0xD5, 0x82, 0x83, 0x53, 0x58, 0xBF, 0x50, 0xFA, 0x7F, 0xD5, 0x9A, 0x3F, 0x8C, 0xE4, 0x46,
    0x76, 0x87, 0x3F, 0xB2, 0xB6, 0x8F, 0x01, 0x61, 0x50, 0xC1, 0x6C, 0x62, 0xC1, 0xA6, 0x03, 0x07,
    0xC6, 0x19, 0x36, 0x1D, 0x3A, 0xD8, 0xEB, 0xE2, 0xE1, 0x02, 0x05, 0x0E, 0x3C, 0x36, 0x76, 0x7C,
    0xE1, 0x29, 0x70, 0x60, 0x28, 0xB0, 0x52, 0x05, 0x3B, 0x43, 0x1A, 0xCA, 0xE1, 0x15, 0x60, 0x3B,
    0xBE, 0xF0, 0x3C, 0x0A, 0xF6, 0x02, 0x05, 0x3A, 0xA0, 0x47, 0x5D, 0x92, 0x02, 0x07, 0x0A, 0x4C,
    0x40, 0x50, 0x2C, 0x1A, 0x96, 0x60, 0x5B, 0xC9, 0xD1, 0x36, 0x05, 0x53, 0x3A, 0x76, 0x3F, 0xF3,
    0x3D, 0x72, 0x7A, 0x66, 0x21, 0x6B, 0xB1, 0x7B, 0x9A, 0xFD, 0x63, 0x82, 0xF5, 0xFD, 0xD8, 0x43,
    0x36, 0x59, 0xEF, 0x15, 0xAB, 0xEA, 0xD5, 0xEB, 0xE1, 0xB0, 0xC5, 0x03, 0xA9, 0x0C, 0xAE, 0x63,
    0x2B, 0xF2, 0xA3, 0xCE, 0xC9, 0x9F, 0x6D, 0x3F, 0x6D, 0xD2, 0x9E, 0x44, 0xCA, 0xAC, 0x21, 0x1A,
    0x29, 0x6A, 0x18, 0xF1, 0xC0, 0x7B, 0x46, 0xBF, 0xB0, 0x32, 0x9E, 0x5D, 0x3B, 0xF6, 0x3C, 0xCC,
    0xB3, 0xE5, 0xBB, 0x59, 0xD0, 0xFB, 0xA4, 0x1D, 0x49, 0x87, 0xDB, 0x97, 0x55, 0x0B, 0x22, 0x52,
    0x42, 0x2E, 0x03, 0xC0, 0x6D, 0xAE, 0x36, 0xD7, 0x01, 0x49, 0x4B, 0x35, 0xA4, 0x8D, 0x13, 0xF9,
    0xD3, 0x90, 0x7D, 0xF5, 0xBA, 0x90, 0xD7, 0x6E, 0xC0, 0x13, 0x29, 0x18, 0x39, 0x53, 0x9C, 0x2A,
    0x2E, 0x0E, 0x47, 0x6B, 0x85, 0x57, 0x14, 0xA5, 0xEB, 0xC9, 0xDA, 0xAC, 0xC3, 0x89, 0x04, 0xD8,
    0xEE, 0x81, 0xA8, 0xE4, 0xA1, 0xA7, 0x9C, 0x42, 0xF6, 0x66, 0x7B, 0x31, 0xF1, 0xA3, 0xA0, 0xFC,
    0xD4, 0x28, 0x28, 0x7B, 0x63, 0x78, 0x02, 0x9E, 0x5E, 0xE3, 0xD9, 0xC4, 0x1A, 0x0F, 0x45, 0xA9,
    0xF6, 0x57, 0x7A, 0xC3, 0x78, 0x07, 0x4E, 0xCC, 0xDA, 0xAD, 0x04, 0x20, 0x3A, 0xE6, 0x6A, 0x8B,
    0x46, 0x20, 0xEE, 0xDF, 0xC5, 0x7D, 0xDC, 0x8D, 0xB8, 0x7F, 0x6B, 0x27, 0x48, 0x98, 0xB0, 0x67,
    0x42, 0xFB, 0x28, 0x24, 0x8A, 0xB4, 0xE5, 0x82, 0xAC, 0xA5, 0x52, 0xD7, 0x7A, 0xF9, 0x55, 0x4B,
    0x2A, 0x1F, 0xB7, 0x70, 0x74, 0x78, 0x00, 0xAB, 0xC5, 0xEE, 0xB6, 0x30, 0x85, 0x61, 0x9C, 0x95,
    0xAA, 0x9B, 0x95, 0xA2, 0x99, 0x95, 0xD5, 0x35, 0x57, 0x79, 0x19, 0xB4, 0xCA, 0xD2, 0x7B, 0x91,
    0x66, 0x3E, 0x38, 0xDF, 0x0E, 0xBC, 0x76, 0xFE, 0x76, 0xB7, 0x26, 0xDE, 0x03, 0x59, 0xB3, 0x86,
    0x0A, 0xC8, 0xC3, 0x1A, 0x8A, 0x00, 0x9E, 0xB5, 0x39, 0x82, 0x9D, 0x1D, 0xD8, 0x4B, 0xB4, 0x46,
    0x6B, 0xE9, 0x3A, 0xD6, 0xD6, 0xBA, 0x59, 0xBB, 0x1C, 0xE4, 0x61, 0x39, 0xF0, 0x2C, 0xD7, 0xEC,
    0x99, 0xBF, 0xA5, 0x4E, 0xB1, 0xFB, 0xB8, 0x0E, 0xEC, 0xCE, 0x59, 0x0B, 0xF6, 0xAC, 0x3C, 0xE8,
    0x41, 0xBC, 0xC3, 0x03, 0xFE, 0x64, 0x3B, 0xB0, 0x3D, 0x39, 0x39, 0xB6, 0x1A, 0x8A, 0xC8, 0xE0,
    0xE5, 0x2B, 0xEC, 0x00, 0x80, 0xA3, 0xC5, 0x0D, 0x79, 0x39, 0x9A, 0x31, 0xE9, 0xC7, 0x9D, 0x5D,
    0x19, 0x4B, 0x30, 0x53, 0x10, 0x66, 0x4B, 0x8E, 0x98, 0x0D, 0x59, 0x9E, 0xE6, 0x65, 0x6F, 0x8F,
    0xF7, 0x22, 0xAA, 0xCD, 0xED, 0x93, 0xFD, 0x5C, 0x41, 0xC6, 0xB9, 0xC6, 0xAE, 0x9B, 0x35, 0x6D,
    0x17, 0x9B, 0xC2, 0x7C, 0xDE, 0x2F, 0x56, 0x5F, 0x98, 0x86, 0xD9, 0xF8, 0x42, 0xCD, 0xB0, 0xFB,
    0x67, 0x61, 0xAE, 0x7B, 0x5E, 0xCF, 0x55, 0xF7, 0x70, 0xE9, 0xDB, 0xCB, 0x8A, 0x63, 0xEF, 0xAB,
    0xBD, 0xB1, 0x83, 0xEB, 0x72, 0x53, 0xC6, 0x0B, 0x4C, 0xFD, 0x30, 0x6B, 0xD6, 0xCD, 0xBA, 0x2A,
    0x4D, 0x15, 0x6C, 0xDB, 0x21, 0x11, 0x69, 0x9C, 0xEC, 0x86, 0x74, 0xD2, 0xEC, 0xCB, 0x6A, 0x88,
    0x4E, 0x7E, 0x12, 0x8A, 0x90, 0x0C, 0x90, 0xD7, 0x1E, 0x37, 0xA9, 0xB7, 0x8E, 0x64, 0xDD, 0x48,
    0x35, 0xEE, 0x39, 0x85, 0x01, 0xD7, 0x71, 0xA1, 0x9A, 0x85, 0xF9, 0x73, 0x51, 0xDA, 0xF9, 0x09,
    0x78, 0xE2, 0x81, 0x11, 0x7C, 0xE9, 0xA6, 0xFA, 0x40, 0xDE, 0x64, 0x43, 0xD2, 0x42, 0x2A, 0xFB,
    0x21, 0x13, 0x69, 0x23, 0xE9, 0x4D, 0x59, 0xC1, 0xE2, 0x3F, 0x06, 0xC5, 0x78, 0xD3, 0xF0, 0x27,
    0x27, 0x13, 0x44, 0xC2, 0x8C, 0xC5, 0x72, 0x33, 0x47, 0x0D, 0xC0, 0x89, 0x21, 0x40, 0xF4, 0x33,
    0x00, 0x5E, 0x5D, 0xEB, 0xD9, 0x09, 0xB1, 0x82, 0x4E, 0xC1, 0x01, 0xBD, 0x9E, 0xFD, 0x75, 0x31,
    0xD5, 0x65, 0x82, 0xC8, 0xFB, 0x33, 0x80, 0xE8, 0x61, 0xC4, 0x8A, 0x57, 0x3A, 0x88, 0xA4, 0x55,
    0xD4, 0xC0, 0x86, 0x57, 0x37, 0x8C, 0xB6, 0xBF, 0xB3, 0x01, 0xDB, 0x7B, 0xFD, 0xF8, 0xD8, 0x3B,
    0x57, 0xFB, 0xC0, 0x2B, 0x3D, 0xD2, 0x21, 0xB5, 0x07, 0xD7, 0xB8, 0xD6, 0x87, 0x59, 0x9A, 0x59,
    0x3A, 0x93, 0xF5, 0x68, 0x72, 0x67, 0x37, 0x8B, 0x37, 0xF9, 0x41, 0x11, 0x4C, 0xB2, 0xC6, 0xC4,
    0x75, 0x26, 0xF1, 0x60, 0xC2, 0x6E, 0x96, 0x6A, 0x96, 0xE2, 0x4D, 0x93, 0xEC, 0x43, 0x93, 0xE4,
    0xBF, 0x4D, 0xDC, 0xAF, 0x4C, 0x90, 0x59, 0xAA, 0x59, 0xFC, 0x2C, 0xD9, 0x24, 0x00, 0x2C, 0x92,
    0x36, 0x26, 0x59, 0x30, 0x4A, 0x6D, 0xB2, 0x57, 0xF2, 0xBD, 0x9F, 0x9A, 0x10, 0x97, 0x66, 0x43,
    0xDA, 0xF8, 0xA0, 0xB2, 0xD8, 0x10, 0xCC, 0x06, 0x30, 0x1B, 0xC0, 0x6C, 0x48, 0x82, 0xD9, 0x90,
    0x34, 0x6A, 0x83, 0x4A, 0xD6, 0x98, 0xB8, 0xCE, 0x24, 0x1E, 0x4C, 0xD8, 0xCD, 0x52, 0xA9, 0xA8,
    0x0D, 0x2A, 0x6A, 0xC3, 0x24, 0x6A, 0xC3, 0x24, 0x6A, 0x83, 0x0A, 0x32, 0x4B, 0x35, 0x8B, 0x9F,
    0x25, 0x9B, 0x04, 0x80, 0xFF, 0x53, 0xD2, 0xA0, 0x8C, 0x72, 0x93, 0x54, 0x4A, 0x3B, 0xB5, 0x5B,
    0x2C, 0x51, 0x66, 0xCD, 0x15, 0x5D, 0xE0, 0xDA, 0xF6, 0x46, 0x31, 0x92, 0x84, 0x8D, 0x48, 0x99,
    0x86, 0xED, 0x97, 0x55, 0x98, 0x58, 0xA6, 0xED, 0x44, 0x5C, 0x97, 0x86, 0x0B, 0xE3, 0xE6, 0x3B,
    0x10, 0xE0, 0x9B, 0xCC, 0x94, 0xAB, 0x42, 0x99, 0x59, 0x75, 0xD3, 0x1D, 0x1C, 0x73, 0x0C, 0xA7,
    0xD6, 0xA5, 0xFF, 0x36, 0xA8, 0x1D, 0x80, 0x1B, 0x01, 0xEE, 0x72, 0xB9, 0xD9, 0xDC, 0xA4, 0x70,
    0x7B, 0x20, 0x11, 0x74, 0xB2, 0x2C, 0x27, 0xE8, 0x37, 0x72, 0xBD, 0xB9, 0x77, 0x2D, 0xAC, 0xF5,
    0x2E, 0x9B, 0x78, 0xC2, 0xC8, 0x40, 0xD4, 0x4F, 0xE2, 0x44, 0x76, 0x0A, 0x21, 0xFD, 0xFA, 0x7C,
    0xAB, 0x35, 0xC8, 0xEB, 0xBC, 0x9E, 0xD4, 0x43, 0xDA, 0x4C, 0x70, 0xDD, 0x85, 0x62, 0x84, 0x68,
    0x58, 0xB1, 0x22, 0x69, 0x3C, 0x71, 0x3F, 0xC2, 0xB6, 0x03, 0x1F, 0xAE, 0x66, 0xA2, 0x6D, 0x4F,
    0xA6, 0xB7, 0xF9, 0xBC, 0xAA, 0xCD, 0x12, 0x2B, 0x69, 0x60, 0xF5, 0x7A, 0xD0, 0x29, 0x3E, 0xDF,
    0x3F, 0x08, 0x1E, 0xF5, 0x5D, 0x16, 0x46, 0x2B, 0x79, 0xA8, 0xD8, 0x06, 0x2F, 0xFF, 0x13, 0x32,
    0xF9, 0x30, 0x70, 0xD7, 0x4C, 0xDD, 0xB8, 0xD6, 0xE7, 0x75, 0x26, 0x66, 0xE2, 0x31, 0x80, 0x97,
    0xE0, 0xA5, 0x8E, 0x75, 0x10, 0x7C, 0xB2, 0xBD, 0x90, 0xDA, 0x4B, 0x38, 0xE2, 0xC8, 0x47, 0x7D,
    0xF6, 0x51, 0xE3, 0xA4, 0x46, 0x2E, 0x9D, 0x76, 0x0F, 0x36, 0x4F, 0xB2, 0xDF, 0xE2, 0x08, 0xB2,
    0x7A, 0x84, 0xE4, 0x5F, 0x6D, 0xB0, 0x08, 0xC0, 0xB6, 0xBC, 0x1E, 0x17, 0xA5, 0xCB, 0x2C, 0x5C,
    0x3A, 0x79, 0x6B, 0x6B, 0xC1, 0x59, 0x67, 0xD3, 0xAA, 0x85, 0x57, 0x16, 0x69, 0x29, 0xBC, 0xA1,
    0x52, 0x9C, 0x1D, 0x8E, 0xFC, 0x43, 0x38, 0xD3, 0x6F, 0xEC, 0x2C, 0x1E, 0xD3, 0x70, 0xAC, 0x9F,
    0xA3, 0x31, 0x11, 0xA9, 0x97, 0x58, 0xEC, 0xF6, 0x3C, 0xF3, 0xD8, 0xAC, 0x33, 0x9E, 0x82, 0x1F,
    0x20, 0xEB, 0xAE, 0x5A, 0xA2, 0x1A, 0x70, 0x22, 0xE5, 0x14, 0x94, 0x35, 0x79, 0x70, 0x9D, 0xCE,
    0x24, 0x1E, 0xC6, 0x33, 0xEC, 0xEA, 0xF1, 0x62, 0xD1, 0xF5, 0x5C, 0xAF, 0x51, 0x43, 0x31, 0x8D,
    0xC4, 0xB4, 0x95, 0x2C, 0x0E, 0x8B, 0xCA, 0xE5, 0xAD, 0x1B, 0xD3, 0x06, 0x7C, 0x51, 0x42, 0xB6,
    0x03, 0x92, 0xE1, 0x7A, 0x50, 0x74, 0xAA, 0x0E, 0xB1, 0xC8, 0xEA, 0xD7, 0xC4, 0xE9, 0x01, 0x16,
    0x8D, 0x59, 0x30, 0x66, 0xB1, 0x58, 0xD6, 0x7F, 0xCF, 0xDE, 0xC9, 0x7E, 0x09, 0xC4, 0xF4, 0x91,
    0xFA, 0xEA, 0xA5, 0x61, 0x4D, 0xFC, 0xE5, 0x00, 0x72, 0xF9, 0xEA, 0x61, 0xDB, 0x06, 0xD7, 0x68,
    0xA8, 0xF5, 0x78, 0x25, 0x6D, 0x35, 0x0E, 0xD3, 0x30, 0x4C, 0xA3, 0x30, 0x0B, 0xC2, 0x8E, 0x58,
    0x9E, 0x24, 0x8A, 0xD7, 0xCE, 0x6B, 0xE6, 0xED, 0xF7, 0x12, 0xE0, 0x22, 0x0B, 0x70, 0x4F, 0xF1,
    0x52, 0xF4, 0x5C, 0x4C, 0x8F, 0xCF, 0x7F, 0x46, 0x22, 0x3B, 0x2B, 0x73, 0xD4, 0x71, 0x84, 0x6B,
    0x37, 0x56, 0xA2, 0xFA, 0x77, 0x6F, 0xCE, 0x05, 0x64, 0x35, 0xE0, 0x4B, 0x35, 0xFA, 0x30, 0x3F,
    0x86, 0x17, 0xC6, 0x0F, 0xF0, 0x57, 0x73, 0x18, 0xEE, 0x3A, 0xD0, 0x7A, 0xFC, 0xE1, 0x53, 0xF4,
    0x45, 0xEF, 0x5A, 0x38, 0xCB, 0x03, 0xE4, 0x02, 0x24, 0x23, 0x10, 0xFF, 0xF4, 0x85, 0xF1, 0x45,
    0x56, 0xE6, 0x24, 0xDD, 0x8E, 0x48, 0x3A, 0xA8, 0xB4, 0x96, 0xE5, 0xD3, 0xF3, 0xC5, 0x29, 0x80,
    0x3F, 0x4C, 0x50, 0xAE, 0x03, 0xF8, 0xF9, 0x8B, 0xD3, 0x3F, 0xEE, 0x83, 0xEB, 0x81, 0x71, 0xA9,
    0x66, 0x5A, 0x3F, 0x35, 0x5F, 0xA4, 0xD2, 0xE0, 0x65, 0x87, 0xFF, 0x07, 0x01, 0xF2, 0x30, 0x87,
    0x4D, 0xAE, 0x05, 0xD7, 0xDD, 0x3E, 0xF9, 0x71, 0xB7, 0x15, 0xB1, 0xA2, 0x11, 0xC2, 0x99, 0xCD,
    0x95, 0x59, 0x28, 0x82, 0xAF, 0x33, 0xD9, 0x13, 0x4B, 0x0F, 0x2B, 0xC0, 0x4B, 0xA3, 0xE8, 0xE0,
    0xFB, 0xE7, 0xF7, 0x99, 0xB7, 0xDF, 0x8A, 0x6B, 0xF0, 0x49, 0xB3, 0xE0, 0x16, 0xCF, 0x7A, 0x6E,
    0x8F, 0xCF, 0xFF, 0x11, 0x27, 0xFB, 0xA9, 0xEC, 0xB0, 0xAD, 0x3E, 0xC2, 0x75, 0xF7, 0xE6, 0x55,
    0xB8, 0x7A, 0xF0, 0x86, 0xE6, 0x78, 0x6E, 0x9F, 0x94, 0x66, 0xBD, 0xA2, 0x65, 0xD9, 0xDE, 0x51,
    0x8C, 0x07, 0xBC, 0xFA, 0xDC, 0xAD, 0xCF, 0xCA, 0xB9, 0x79, 0xB3, 0x1A, 0x22, 0x6E, 0xCE, 0x7A,
    0x7B, 0x8A, 0x89, 0xA8, 0x44, 0x27, 0x27, 0x5C, 0x6D, 0x89, 0x88, 0xE8, 0x6D, 0x67, 0xC9, 0x7F,
    0xF9, 0x85, 0xCE, 0x44, 0x5E, 0x9F, 0x02, 0x67, 0xB3, 0x8C, 0xB3, 0x0C, 0x4B, 0x4F, 0xBC, 0x2E,
    0x59, 0xC8, 0x44, 0xEA, 0x4B, 0x29, 0xC8, 0x3E, 0x39, 0x01, 0x6F, 0xB7, 0x62, 0x3B, 0xCB, 0xFE,
    0xFC, 0x41, 0x80, 0xB8, 0xB7, 0x9A, 0xBB, 0xCE, 0x24, 0x69, 0x17, 0x5B, 0xF4, 0x0B, 0xA5, 0x7A,
    0x48, 0x24, 0x78, 0x4C, 0x88, 0x45, 0x60, 0x21, 0x57, 0x75, 0x8D, 0xA4, 0x4D, 0x77, 0x64, 0x32,
    0x56, 0x52, 0x67, 0x7F, 0xBF, 0xDD, 0xFD, 0xA4, 0x85, 0xA2, 0x73, 0x9D, 0xE5, 0x04, 0x7A, 0xBB,
    0xD9, 0x38, 0xB9, 0xE5, 0x93, 0x93, 0x51, 0x4D, 0x92, 0xB1, 0xF8, 0xFA, 0x81, 0xC8, 0xE0, 0xED,
    0x41, 0x17, 0xC6, 0x91, 0xBC, 0x51, 0xFA, 0x0E, 0x2A, 0xF6, 0x23, 0x3F, 0xF7, 0xD2, 0x89, 0x74,
    0x99, 0x84, 0x42, 0x5A, 0xEE, 0xA2, 0x3B, 0xCC, 0x0F, 0x2F, 0xD5, 0x8C, 0x0E, 0xF9, 0x64, 0x72,
    0xF4, 0x08, 0x65, 0xD6, 0x9A, 0xB9, 0x80, 0x2F, 0x15, 0x5C, 0x21, 0x3A, 0x39, 0x3E, 0xC3, 0x49,
    0x67, 0xF0, 0xE0, 0x14, 0xF1, 0x04, 0x27, 0x52, 0xD4, 0x13, 0xA6, 0x0A, 0xBE, 0xFD, 0x55, 0xDA,
    0x13, 0x77, 0x4E, 0xCA, 0xC4, 0x12, 0x6A, 0x9D, 0xDA, 0xDA, 0xC0, 0xED, 0x12, 0xB6, 0xED, 0x3B,
    0x38, 0x19, 0x07, 0x74, 0x5D, 0x4E, 0x51, 0x27, 0x03, 0xB6, 0x22, 0x5F, 0x13, 0x0D, 0xF3, 0x9A,
    0xFB, 0x02, 0x96, 0xA3, 0x33, 0x85, 0x27, 0x5A, 0x2E, 0xC9, 0x43, 0x3A, 0xE8, 0x9D, 0x06, 0x62,
    0x19, 0x06, 0xF8, 0xCD, 0x72, 0x02, 0x0C, 0xD6, 0xAE, 0x0B, 0xCC, 0xE9, 0xF7, 0x73, 0x7B, 0x62,
    0x58, 0x66, 0xF4, 0x15, 0xAB, 0x65, 0xB8, 0x73, 0xFF, 0xD5, 0x03, 0xD2, 0x02, 0x3E, 0x00, 0xB7,
    0x79, 0x84, 0x0F, 0x3A, 0x20, 0xFF, 0x86, 0x0F, 0x16, 0x5C, 0xF7, 0x41, 0xF4, 0xE3, 0xC5, 0x07,
    0x8A, 0x22, 0x4C, 0xC8, 0x9A, 0x09, 0xC9, 0x37, 0x7D, 0xD0, 0xAA, 0x0F, 0x96, 0xD8, 0xB2, 0x28,
    0x2D, 0x52, 0xF4, 0x3D, 0xE4, 0xED, 0x21, 0xB6, 0x54, 0xFF, 0xA8, 0x7B, 0xD4, 0x3B, 0x9A, 0xB1,
    0x50, 0xC3, 0xD5, 0x03, 0xEA, 0x0A, 0xF5, 0xC9, 0xC5, 0xA2, 0xFA, 0xD9, 0x13, 0x0F, 0x9A, 0x8D,
    0xC8, 0x9A, 0x6C, 0xD0, 0x2C, 0x84, 0x66, 0x20, 0x58, 0x31, 0x80, 0x96, 0xB8, 0xB7, 0x17, 0xF7,
    0xFE, 0xEB, 0x8D, 0xBE, 0xAE, 0x89, 0x8C, 0xF6, 0x5C, 0x5C, 0x97, 0xD7, 0x73, 0xAC, 0x8A, 0x1F,
    0x80, 0xAC, 0xBB, 0x9E, 0x17, 0x5C, 0xC3, 0x6E, 0x42, 0x3C, 0x4C, 0x48, 0xBB, 0x09, 0x96, 0x9A,
    0xAA, 0x98, 0x30, 0x2E, 0x83, 0xC0, 0x3A, 0x0B, 0x13, 0x7C, 0x39, 0x41, 0x00, 0x2F, 0xF5, 0x84,
    0x4F, 0xC3, 0x84, 0x44, 0xCF, 0x3A, 0xBD, 0x8E, 0x9D, 0xC2, 0x2B, 0x8A, 0x30, 0xC1, 0x32, 0x5D,
    0xAE, 0x9F, 0xC0, 0xA8, 0xD8, 0xCE, 0x09, 0x29, 0x6F, 0xAF, 0xF2, 0x47, 0x0D, 0x38, 0xBD, 0x0B,
    0xF2, 0xF0, 0xA2, 0x6B, 0x99, 0x54, 0x1E, 0x8D, 0xBC, 0x9C, 0x50, 0xC1, 0x26, 0x1A, 0x27, 0xD8,
    0x28, 0x95, 0x85, 0x09, 0x9E, 0x09, 0x23, 0xB0, 0x35, 0x88, 0xC2, 0xD7, 0x7A, 0xB6, 0xB9, 0xBC,
    0x2E, 0x1E, 0x27, 0xB0, 0x57, 0xF8, 0x72, 0x42, 0x16, 0x9E, 0xF5, 0x42, 0xA3, 0x00, 0xB8, 0xA3,
    0x78, 0x57, 0xD1, 0x2B, 0x76, 0x35, 0x73, 0xC4, 0xC1, 0xF7, 0xCA, 0xEF, 0xBE, 0xD4, 0x48, 0x1A,
    0x9B, 0xAE, 0xC9, 0x80, 0x9C, 0x49, 0xFF, 0x0E, 0xB2, 0x01, 0xA2, 0xFB, 0x93, 0xCA, 0xA0, 0x18,
    0x61, 0x75, 0x72, 0x97, 0x67, 0x6D, 0x7B, 0x5E, 0x02, 0x3F, 0x00, 0xB8, 0x77, 0x68, 0xCE, 0xB3,
    0x12, 0xF0, 0xED, 0x6C, 0x7B, 0x2C, 0x62, 0x65, 0x19, 0x16, 0x9F, 0xAA, 0x2F, 0x1E, 0xB5, 0xFA,
    0xA9, 0x44, 0x5A, 0xED, 0xC0, 0xAF, 0x9D, 0x3F, 0x68, 0xC0, 0x97, 0xB0, 0x9B, 0xE3, 0xA1, 0x4C,
    0x3F, 0x02, 0x23, 0x38, 0x69, 0xA7, 0x22, 0xF0, 0x17, 0xA2, 0x0F, 0xE9, 0xE6, 0x0B, 0xA2, 0xC1,
    0x8A, 0x1D, 0x27, 0x5D, 0x4F, 0xD1, 0xA8, 0xFD, 0x95, 0x8C, 0x70, 0x82, 0x3D, 0x53, 0x47, 0x25,
    0xF7, 0x9F, 0x03, 0x48, 0x0B, 0x3E, 0x1C, 0x46, 0x24, 0x6F, 0xD7, 0x49, 0xF8, 0xFE, 0xF9, 0xB6,
    0x86, 0x0A, 0x38, 0x84, 0xE5, 0x87, 0x67, 0xC6, 0xFB, 0x12, 0x27, 0x03, 0xD1, 0xDB, 0xC2, 0xFC,
    0xE5, 0x65, 0xB6, 0xC1, 0x59, 0x31, 0x83, 0xED, 0x6F, 0x45, 0xD8, 0xFD, 0x50, 0x10, 0x19, 0x29,
    0xA4, 0xE1, 0x66, 0x16, 0xEC, 0x87, 0x7D, 0xE4, 0xCF, 0x47, 0xA4, 0x67, 0xDB, 0xFC, 0xFF, 0xCE,
    0x93, 0x5B, 0xE5, 0x01, 0x3B, 0x03, 0x58, 0xD5, 0x81, 0xA5, 0xE6, 0x2F, 0x54, 0x5E, 0x7C, 0xD9,
    0x86, 0x27, 0xD0, 0x17, 0x26, 0x2F, 0x0E, 0xDC, 0x3D, 0xC4, 0x9C, 0xDD, 0x65, 0x9C, 0x91, 0x03,
    0x1C, 0x3D, 0x97, 0xE9, 0x78, 0x02, 0x20, 0x57, 0x4B, 0xDF, 0xD4, 0xFA, 0xFE, 0x53, 0x9F, 0x8E,
    0x6D, 0x32, 0x7C, 0x34, 0x07, 0xE3, 0x78, 0x9D, 0x5E, 0xE4, 0x8A, 0x27, 0x27, 0xCB, 0xDF, 0x1F,
    0x83, 0xDB, 0xA4, 0x9F, 0xE8, 0xA5, 0x5B, 0x1F, 0xB2, 0xCF, 0xC7, 0x0A, 0xEE, 0x4C, 0x9F, 0xEE,
    0x54, 0xD3, 0xDF, 0xBF, 0x4A, 0x47, 0x1F, 0x18, 0x7D, 0x69, 0x83, 0xBC, 0xD7, 0xB2, 0xBE, 0x2A,
    0x67, 0x53, 0xD9, 0xE8, 0xDD, 0x34, 0x3C, 0x58, 0xDB, 0x0B, 0xAE, 0xBD, 0xD9, 0x97, 0xEB, 0x68,
    0xCF, 0x3A, 0xEB, 0xF1, 0x12, 0xF0, 0x3B, 0xF0, 0xD6, 0xF3, 0xBE, 0xBD, 0x70, 0x9B, 0xA5, 0x29,
    0xAD, 0xC3, 0x10, 0x77, 0x00, 0x9B, 0xEB, 0x2F, 0x80, 0x65, 0xC1, 0x7D, 0x50, 0x34, 0x8A, 0x6E,
    0x82, 0x65, 0xBF, 0xEF, 0xEC, 0x14, 0x1E, 0x67, 0x79, 0x6F, 0xCB, 0x7A, 0x5B, 0xCE, 0x5B, 0x33,
    0xDE, 0x13, 0xD8, 0x29, 0x2A, 0x45, 0xF1, 0xA6, 0x65, 0xBA, 0x2D, 0xCF, 0x6D, 0x59, 0xEE, 0x09,
    0x88, 0xA2, 0x52, 0x78, 0x45, 0xD6, 0xD8, 0xF2, 0x76, 0x5C, 0xF2, 0x31, 0x9E, 0xB9, 0xED, 0xA3,
    0xF2, 0x90, 0xA2, 0xD6, 0x04, 0xB5, 0xA6, 0xA7, 0x35, 0x39, 0xBD, 0xC5, 0xD9, 0xB2, 0x73, 0xF3,
    0x98, 0x65, 0x49, 0x7C, 0x17, 0x35, 0x70, 0x7A, 0x98, 0xDE, 0xFF, 0x12, 0x70, 0x02, 0x64, 0x7F,
    0x52, 0x4E, 0x70, 0xF5, 0x84, 0x64, 0x42, 0x22, 0x80, 0xDB, 0x5D, 0x9E, 0x4D, 0x3F, 0x45, 0xD7,
    0x60, 0xF5, 0x61, 0x0D, 0xD6, 0xC0, 0x64, 0x28, 0x6C, 0xA2, 0x1E, 0x06, 0x46, 0x75, 0xDB, 0x06,
    0x27, 0xB2, 0xB7, 0x55, 0x0D, 0xD9, 0x17, 0xE7, 0xDB, 0x32, 0xAB, 0xC9, 0x42, 0x71, 0x58, 0x7E,
    0x9D, 0x1E, 0x96, 0x5F, 0x44, 0xB2, 0xCC, 0x59, 0x35, 0x5C, 0xBA, 0x7F, 0xDB, 0x41, 0xF7, 0x06,
    0x74, 0x7F, 0x0C, 0x7D, 0x0F, 0xBE, 0x83, 0xD5, 0x4D, 0x2E, 0xC5, 0x0E, 0xD3, 0xD9, 0xCE, 0x18,
    0x0F, 0xD7, 0x7F, 0x0E, 0x59, 0x6A, 0xB2, 0xE2, 0x45, 0x5E, 0x9F, 0x1D, 0x4C, 0xD8, 0x1A, 0x47,
    0xEC, 0x69, 0x60, 0xBE, 0xB0, 0xDA, 0x3F, 0xF3, 0x15, 0x9B, 0xC2, 0xF5, 0x4B, 0xE7, 0x99, 0xBD,
    0xB8, 0xBE, 0xD6, 0x77, 0x5E, 0x25, 0x95, 0x61, 0xB0, 0x21, 0x4E, 0x43, 0xB8, 0x36, 0xED, 0xC9,
    0x74, 0x00, 0xF4, 0x1A, 0xC2, 0x6D, 0x46, 0x0F, 0xC3, 0x99, 0xC7, 0x75, 0x5E, 0x9B, 0xCF, 0x57,
    0xE4, 0xA5, 0x3F, 0xC3, 0xE3, 0x2B, 0x7D, 0xB2, 0x8F, 0xFA, 0x09, 0xAE, 0x9D, 0x90, 0x05, 0xCE,
    0x8A, 0x07, 0xB0, 0xCB, 0xF6, 0x1A, 0xC2, 0x8D, 0x97, 0x21, 0x9C, 0xD6, 0xBE, 0xCE, 0x3E, 0x95,
    0x81, 0xC4, 0x5C, 0x63, 0xD8, 0x5E, 0x05, 0x28, 0xC9, 0xB5, 0xC1, 0xB3, 0x1A, 0x7A, 0xA7, 0x06,
    0x7C, 0xF5, 0x7A, 0x9B, 0x87, 0xAC, 0xF3, 0xF8, 0xC1, 0xB3, 0x19, 0xCF, 0xA2, 0x7E, 0x3C, 0x75,
    0xDD, 0x78, 0x91, 0x85, 0xF1, 0x34, 0x2F, 0xC7, 0xF5, 0x9A, 0xD1, 0x8F, 0x8C, 0x93, 0xBB, 0xFA,
    0xA9, 0xAE, 0x9D, 0xF9, 0x5F, 0xF6, 0xFC, 0xC6, 0xAA, 0x24, 0x3A, 0xBE, 0xBB, 0xBC, 0xC4, 0x0C,
    0x1E, 0xB8, 0x67, 0x79, 0x03, 0x7D, 0x48, 0x44, 0xF9, 0x8C, 0x73, 0x18, 0xB7, 0x57, 0x25, 0x5E,
    0x2F, 0x79, 0xB3, 0x23, 0x79, 0xBF, 0x27, 0xEA, 0xEE, 0xC1, 0xF1, 0xAD, 0x9B, 0xEB, 0x30, 0xD1,
    0x2F, 0x80, 0x4C, 0x02, 0x78, 0x0D, 0x35, 0xEF, 0xD0, 0xC1, 0x4B, 0x1C, 0x3F, 0x63, 0x33, 0x79,
    0xF9, 0x3E, 0xC8, 0x80, 0xFB, 0x7A, 0x87, 0x0B, 0x19, 0x11, 0xAB, 0x1B, 0x33, 0xF1, 0xEE, 0x0A,
    0xAA, 0x2C, 0x50, 0x24, 0x0D, 0xD9, 0x07, 0x3A, 0xAC, 0xBF, 0x0B, 0xC7, 0x47, 0x87, 0x98, 0xD7,
    0xCA, 0xF9, 0x79, 0xF9, 0x6D, 0x73, 0x87, 0x17, 0x99, 0xCB, 0xC9, 0x09, 0xDF, 0x72, 0x8D, 0x9E,
    0x3B, 0xDC, 0x6B, 0x6E, 0xB2, 0x86, 0xEC, 0xC3, 0x8E, 0x24, 0x2C, 0x4D, 0xF6, 0xD2, 0xD2, 0x64,
    0x55, 0xAF, 0x3E, 0x21, 0xEB, 0xAB, 0x90, 0xD7, 0x59, 0xE3, 0x75, 0x4E, 0x9B, 0x4A, 0x35, 0xA5,
    0x19, 0xAB, 0x25, 0xCD, 0x78, 0x7A, 0x79, 0xCF, 0x65, 0x20, 0xCF, 0xBA, 0xA8, 0x71, 0x73, 0x40,
    0x16, 0x88, 0x8E, 0xED, 0x8F, 0x91, 0xF4, 0x93, 0xAF, 0x46, 0xD2, 0xF2, 0x0F, 0x58, 0x71, 0xEB,
    0xA9, 0xD9, 0x32, 0xB7, 0xCB, 0x78, 0xBD, 0x5D, 0x6E, 0xCC, 0x8E, 0xBB, 0x2B, 0x6D, 0x96, 0xE2,
    0x95, 0x66, 0x6A, 0x14, 0x4D, 0xE9, 0x5A, 0x93, 0x38, 0x19, 0x9D, 0x0C, 0x7A, 0x7D, 0x51, 0x3E,
    0xD1, 0x1E, 0xCB, 0xE0, 0x64, 0xBC, 0x7B, 0x9B, 0xF7, 0xF2, 0xE0, 0xD3, 0x30, 0x39, 0xDF, 0x35,
    0xC3, 0xD2, 0xCC, 0x39, 0x14, 0x4F, 0xB0, 0xC7, 0x03, 0xB9, 0x94, 0xFE, 0x41, 0x78, 0x27, 0x6A,
    0x8E, 0x29, 0xBF, 0xFB, 0xCF, 0x95, 0xF1, 0xBF, 0x53, 0x08, 0xD5, 0x83, 0xD0, 0xC5, 0x61, 0xBE,
    0x61, 0xD4, 0x11, 0x3F, 0xC9, 0xCE, 0x64, 0x18, 0x1A, 0x26, 0x2D, 0x53, 0x53, 0xF6, 0xA3, 0x16,
    0x92, 0xD0, 0x01, 0xE5, 0x4B, 0xCF, 0xE3, 0xB7, 0x4A, 0x7D, 0xC9, 0xF3, 0x7F, 0xEA, 0x48, 0x3F,
    0xE8, 0x2D, 0xF4, 0xA0, 0x5F, 0xC3, 0xD1, 0xEA, 0xE6, 0x7E, 0xAB, 0xE4, 0xAF, 0x27, 0x38, 0xE9,
    0x20, 0xFB, 0x62, 0x98, 0xC0, 0x1D, 0xFB, 0xC1, 0xF6, 0x79, 0xD8, 0x6A, 0xB3, 0x5E, 0xB5, 0x83,
    0xFD, 0x96, 0xB8, 0x49, 0xCB, 0xA8, 0x8C, 0x6E, 0xCC, 0xCE, 0xA3, 0xCB, 0xF1, 0xFD, 0x95, 0x96,
    0xF4, 0xFD, 0x8E, 0xB8, 0xBD, 0x77, 0x6D, 0x70, 0xFA, 0x6C, 0x2A, 0x52, 0xFA, 0x73, 0x09, 0x6B,
    0x32, 0xEB, 0x60, 0xDF, 0x2C, 0x79, 0xB0, 0x6B, 0x64, 0xC0, 0x9F, 0x0F, 0xAC, 0x19, 0xA7, 0xE2,
    0xB1, 0x20, 0xD9, 0x56, 0x80, 0xA9, 0x5E, 0xD7, 0xAF, 0x89, 0xB4, 0x1E, 0xFB, 0xA3, 0x15, 0x5E,
    0x3B, 0x5D, 0x9B, 0x7E, 0xD0, 0xC5, 0x97, 0x9D, 0x2E, 0xF9, 0x9B, 0x7D, 0xFA, 0xCF, 0xFB, 0xF4,
    0x97, 0xFF, 0x91, 0x8E, 0xA4, 0x9D, 0x9A, 0x9B, 0x86, 0x47, 0xED, 0xBC, 0x5C, 0x13, 0xD9, 0x68,
    0x3D, 0x92, 0xD4, 0xBF, 0x4D, 0xC4, 0xEA, 0xA9, 0x55, 0x38, 0x7E, 0xF7, 0xD0, 0x19, 0xDB, 0x97,
    0x28, 0x81, 0x37, 0xF2, 0x76, 0x23, 0xED, 0x7B, 0xFB, 0xFB, 0xDB, 0xC0, 0x16, 0xDE, 0x83, 0xCD,
    0x23, 0xF7, 0xD5, 0x0F, 0x8F, 0x21, 0xFD, 0x97, 0xE1, 0xA1, 0x39, 0xFD, 0x4E, 0x56, 0xC2, 0xAD,
    0xA8, 0x7C, 0x1E, 0xBF, 0x6D, 0x69, 0x37, 0x39, 0xB4, 0xF9, 0x07, 0xDA, 0xE6, 0x1B, 0x6D, 0xF3,
    0x9B, 0xFB, 0x6D, 0x2F, 0xFE, 0x0C, 0x28, 0x04, 0x74, 0xCC, 0x81, 0xCE, 0x4D, 0x38, 0xE6, 0xB9,
    0xD8, 0xCA, 0xEF, 0x5F, 0x9B, 0xAC, 0xEC, 0x55, 0xB9, 0x75, 0x73, 0x76, 0x02, 0x91, 0xEC, 0x4B,
    0x8D, 0xDD, 0x8A, 0xCF, 0x5F, 0x0F, 0xD6, 0x9F, 0x97, 0xE2, 0xB5, 0x94, 0x90, 0x77, 0x90, 0x4A,
    0x09, 0x32, 0xE8, 0xC1, 0x92, 0xE6, 0xCC, 0x1A, 0x70, 0xDD, 0x52, 0x5A, 0xFD, 0xFC, 0x0B, 0xAA,
    0xB0, 0x15, 0xA1, 0xD2, 0xEB, 0x4E, 0x80, 0xD5, 0x92, 0x2E, 0x2C, 0x96, 0x8C, 0xE1, 0x1D, 0xE0,
    0x77, 0x20, 0x96, 0xCF, 0x72, 0x19, 0xFD, 0x5B, 0x9B, 0xF9, 0xDD, 0xAA, 0xC0, 0xB7, 0x64, 0x52,
    0xB2, 0xED, 0x48, 0x46, 0x7B, 0x1B, 0x3D, 0xF8, 0x77, 0xD8, 0x6D, 0x65, 0xAC, 0xE6, 0x10, 0x5A,
    0x9B, 0xDB, 0x6E, 0x72, 0x0F, 0x7A, 0xB8, 0x8F, 0x2C, 0xDB, 0x6B, 0x0F, 0xBE, 0x3E, 0x27, 0x69,
    0xB9, 0x91, 0x62, 0xDB, 0xF1, 0x95, 0x4D, 0x2E, 0x40, 0x5A, 0xCE, 0x86, 0x94, 0xC4, 0x0D, 0xCE,
    0xF6, 0x5C, 0x13, 0x8B, 0xDD, 0xCB, 0x9F, 0x1F, 0x27, 0x0D, 0xDF, 0xBA, 0x5B, 0x22, 0xCC, 0x49,
    0xC7, 0xB4, 0xAF, 0x4A, 0x56, 0x50, 0x80, 0x37, 0x27, 0xBC, 0x0B, 0xAF, 0x2E, 0xEB, 0xA6, 0x81,
    0x4A, 0xA4, 0x94, 0xB2, 0x08, 0x7F, 0x44, 0xDA, 0x5E, 0x79, 0x34, 0x59, 0x72, 0x86, 0x55, 0x4D,
    0xBE, 0x23, 0x96, 0xA9, 0xEC, 0xA6, 0xE3, 0xF2, 0x21, 0xAF, 0xF7, 0x0F, 0x5F, 0x9F, 0x37, 0xB0,
    0x0D, 0x24, 0x62, 0x6F, 0x4B, 0x25, 0x35, 0x93, 0xB0, 0x3B, 0xE4, 0x66, 0x5A, 0x0A, 0xD9, 0x91,
    0xBF, 0xB5, 0xBD, 0x0C, 0x26, 0x96, 0x52, 0x94, 0xB0, 0x85, 0x74, 0xB4, 0x01, 0x29, 0xDA, 0x0B,
    0x94, 0x76, 0x3E, 0x3C, 0x5C, 0x72, 0xAD, 0x0F, 0xB8, 0xDD, 0x24, 0x3A, 0x2D, 0x07, 0xFC, 0x00,
    0x6B, 0xB8, 0xFC, 0xAF, 0x98, 0xE4, 0xF0, 0x5F, 0x31, 0x7B, 0xC0, 0x8D, 0x2C, 0xEF, 0x2F, 0x2C,
    0x59, 0xBE, 0xC7, 0x85, 0x17, 0x91, 0x05, 0x27, 0x53, 0xAA, 0xEB, 0x89, 0xBE, 0x7B, 0x53, 0xBF,
    0x50, 0x14, 0x03, 0x96, 0x46, 0x40, 0xF3, 0x08, 0x6C, 0xCB, 0xB4, 0x61, 0x6B, 0xF9, 0x34, 0xC5,
    0xE6, 0x49, 0xF1, 0xBF, 0x8D, 0x93, 0x3F, 0x6C, 0x1C, 0xC5, 0x17, 0xC7, 0x3F, 0x7B, 0x6B, 0x27,
    0xF1, 0xEF, 0x12, 0xCF, 0xEA, 0x87, 0x0D, 0x29, 0x12, 0x2F, 0x12, 0x48, 0x44, 0xC8, 0xD6, 0x1A,
    0xE9, 0x8A, 0x03, 0xED, 0xDD, 0x8C, 0x52, 0x50, 0xD0, 0xB0, 0x85, 0x5D, 0xC7, 0x2D, 0x20, 0xC1,
    0x16, 0x2E, 0xAC, 0xE8, 0x7C, 0x7B, 0x0A, 0xBD, 0x70, 0x5F, 0xB9, 0xA0, 0x72, 0x8A, 0x5C, 0xE1,
    0x22, 0x48, 0x17, 0xDF, 0x48, 0xE9, 0xA5, 0x15, 0x0D, 0x88, 0x86, 0x45, 0x20, 0x90, 0x48, 0x33,
    0xC5, 0x81, 0x8E, 0xE8, 0xCE, 0xC3, 0x8C, 0x37, 0x8E, 0x31, 0x45, 0xC4, 0xFB, 0xBE, 0x1B, 0xCF,
    0xBC, 0xBF, 0xE3, 0x37, 0xDF, 0x5D, 0x45, 0x12, 0xEB, 0xAB, 0x55, 0x60, 0x88, 0x82, 0x2C, 0x34,
    0xA2, 0x4C, 0x54, 0x87, 0x08, 0x32, 0xC2, 0x19, 0xC2, 0x92, 0xDC, 0xD3, 0xA3, 0xB0, 0xCA, 0xC8,
    0x02, 0x75, 0x2D, 0x9E, 0x6E, 0x48, 0x3B, 0x6B, 0xC7, 0x93, 0x08, 0x55, 0xD8, 0xD2, 0xE9, 0xEA,
    0xB6, 0x92, 0xD6, 0x6A, 0xFF, 0x7B, 0xF7, 0xE8, 0x68, 0x90, 0x53, 0xEE, 0x85, 0xA5, 0xB4, 0xDA,
    0x25, 0x92, 0x71, 0xA7, 0x7F, 0x92, 0x2E, 0x04, 0x74, 0x9B, 0x5A, 0x0A, 0x7D, 0xB3, 0xA1, 0xAC,
    0xB2, 0x3A, 0xAC, 0x5C, 0x80, 0x4E, 0x49, 0x69, 0x56, 0x72, 0x96, 0xAE, 0xB7, 0x37, 0x3A, 0xBD,
    0x78, 0x12, 0xA8, 0x20, 0xDB, 0x12, 0xDF, 0x4E, 0xC5, 0x97, 0xC6, 0x85, 0xF6, 0x62, 0xB2, 0x05,
    0x5C, 0x4F, 0xD7, 0x59, 0xDE, 0x1B, 0x08, 0xEB, 0xEF, 0xE2, 0xCE, 0xA4, 0x5E, 0x60, 0xD4, 0xAD,
    0xB1, 0xB7, 0xB1, 0xBA, 0xA8, 0xA4, 0x28, 0xC5, 0x53, 0x13, 0x96, 0xD3, 0xC0, 0xA4, 0x44, 0x0B,
    0x1C, 0xD2, 0x98, 0x7A, 0xCD, 0x0F, 0x2F, 0xDD, 0xA5, 0xF1, 0x98, 0xD8, 0x2A, 0xF9, 0x48, 0x1F,
    0x07, 0x55, 0x84, 0x0A, 0x75, 0x53, 0x0B, 0x1D, 0xAB, 0x04, 0xE9, 0xB0, 0x8A, 0x70, 0x27, 0x7F,
    0x96, 0x74, 0x49, 0x59, 0xA1, 0xF0, 0x76, 0x62, 0x25, 0x06, 0x4D, 0x1D, 0xEA, 0x40, 0x9D, 0xFB,
    0x93, 0xDA, 0xCF, 0x16, 0x63, 0xA4, 0xB3, 0x86, 0x86, 0x2C, 0xC8, 0x44, 0x15, 0x6B, 0xC9, 0x88,
    0x0C, 0x54, 0x60, 0x5E, 0x37, 0xD6, 0x7C, 0x66, 0x02, 0xE7, 0x89, 0x98, 0xF0, 0x97, 0xB2, 0xE6,
    0xF4, 0x60, 0xE2, 0x7D, 0x58, 0x5B, 0x58, 0xC4, 0x4B, 0x10, 0x9A, 0xD0, 0x34, 0xAB, 0x44, 0x5B,
    0x7E, 0x61, 0x49, 0x1E, 0x0F, 0x8F, 0xE5, 0x52, 0xA8, 0x3D, 0xE4, 0x4C, 0xCE, 0xC0, 0xAF, 0xF5,
    0x19, 0xA0, 0xB6, 0xD7, 0x96, 0x62, 0x5E, 0xCC, 0xC1, 0xB5, 0x36, 0xE7, 0x78, 0xC3, 0xC8, 0x4A,
    0x0E, 0x32, 0x26, 0x2F, 0x31, 0x57, 0x63, 0x9D, 0x68, 0xBA, 0x45, 0x97, 0x7F, 0x3E, 0xC2, 0xE5,
    0xB1, 0x2F, 0xCA, 0x4E, 0x6F, 0x72, 0x20, 0x88, 0x49, 0xCA, 0x86, 0x2B, 0x63, 0x2B, 0x3B, 0x08,
    0x10, 0xAA, 0x43, 0x4A, 0x8F, 0x7E, 0x26, 0xAB, 0x2B, 0xAA, 0x1E, 0xBB, 0x7B, 0xF9, 0xC2, 0xCE,
    0x7B, 0x74, 0x6A, 0x5D, 0x61, 0x25, 0x62, 0x61, 0x98, 0x2E, 0x77, 0x4E, 0xF6, 0x13, 0x3B, 0x05,
    0xEA, 0xF7, 0x72, 0x7C, 0xB9, 0x78, 0xAF, 0x0B, 0x12, 0x0D, 0x6A, 0x12, 0xE5, 0xBC, 0xEA, 0x51,
    0x1A, 0x9E, 0x62, 0xEB, 0xAE, 0xD1, 0x9E, 0xA3, 0x58, 0x70, 0x41, 0xB1, 0x4F, 0x8F, 0x8E, 0x0E,
    0xC6, 0xD6, 0x56, 0xFE, 0xEF, 0xEA, 0xF6, 0x05, 0xE5, 0x00, 0x3C, 0xED, 0xCE, 0xE9, 0x17, 0xA8,
    0x25, 0x31, 0xBD, 0xED, 0xF2, 0x53, 0x97, 0xCF, 0x25, 0x66, 0xBA, 0x34, 0x97, 0x38, 0xB6, 0x4E,
    0xAA, 0xC2, 0xAF, 0x25, 0x40, 0x53, 0x53, 0xE8, 0x70, 0x4E, 0x52, 0x21, 0x61, 0x85, 0x5A, 0xBA,
    0xE0, 0x49, 0x06, 0x13, 0x02, 0x43, 0xE8, 0xB4, 0xF4, 0x91, 0x62, 0x40, 0x0C, 0x12, 0x3A, 0xDE,
    0xC9, 0x14, 0xCE, 0x9D, 0x57, 0xBD, 0x13, 0x01, 0x89, 0x77, 0xD2, 0x83, 0xC7, 0xB0, 0x33, 0x5A,
    0x13, 0x6B, 0xA3, 0x9D, 0x36, 0xEB, 0xF5, 0xC0, 0xFA, 0x47, 0x4F, 0xDC, 0xFC, 0x56, 0xB7, 0xB7,
    0x9C, 0x8E, 0xED, 0xE9, 0x37, 0xDB, 0x9F, 0x0F, 0x59, 0x76, 0xEA, 0xF6, 0xCE, 0x1E, 0xA0, 0xDC,
    0x14, 0xF7, 0x4F, 0xF6, 0xDD, 0x44, 0x81, 0x48, 0xFD, 0x69, 0x0A, 0x9D, 0x0C, 0x8A, 0xF2, 0x0F,
    0x03, 0x81, 0x9C, 0x4F, 0x46, 0xDD, 0xB8, 0x98, 0xF1, 0xAA, 0xFF, 0x7E, 0x8B, 0x82, 0xC4, 0xD1,
    0xB5, 0x61, 0xC8, 0xD8, 0x0A, 0x27, 0xCD, 0x4A, 0x0C, 0xBA, 0xAC, 0xF0, 0xAF, 0xA9, 0x76, 0x91,
    0x8E, 0xFB, 0x57, 0xB5, 0x60, 0x01, 0x24, 0x51, 0x11, 0xED, 0x8F, 0x66, 0xFB, 0xB3, 0xD9, 0x1D,
    0x93, 0x93, 0x91, 0xD2, 0x71, 0x90, 0x3A, 0xD6, 0xBE, 0x95, 0x9B, 0x54, 0xD9, 0x3F, 0x7A, 0x58,
    0xF6, 0x08, 0xCF, 0x7E, 0x7B, 0x34, 0xCA, 0x57, 0x5D, 0xE1, 0xD2, 0xA7, 0xA9, 0xEA, 0xAF, 0xC0,
    0x83, 0x05, 0x1A, 0x1F, 0x5F, 0x8B, 0xE7, 0x67, 0xB7, 0xB0, 0x26, 0xFA, 0x49, 0x01, 0xA4, 0xB0,
    0xEF, 0xD7, 0x66, 0x79, 0x3B, 0x99, 0xA7, 0x9D, 0xF1, 0x6C, 0xB7, 0x69, 0x5E, 0x1A, 0x6B, 0x91,
    0xA5, 0x19, 0xDB, 0xCA, 0x8D, 0x42, 0x41, 0xA2, 0xCF, 0xF6, 0x63, 0x9D, 0x2D, 0x12, 0x3C, 0x50,
    0xCD, 0xA7, 0x95, 0xAB, 0x26, 0xAC, 0x09, 0x1F, 0x68, 0xBC, 0x08, 0xA4, 0xFE, 0xC2, 0x51, 0xD9,
    0xA3, 0xD0, 0x45, 0x29, 0xCB, 0xB1, 0x5F, 0xAB, 0x21, 0x80, 0x5B, 0x17, 0xDD, 0x9A, 0x07, 0x3F,
    0xEE, 0x52, 0x72, 0x7D, 0xF0, 0x16, 0x70, 0x8B, 0x50, 0xC1, 0x0E, 0x1C, 0x92, 0x0F, 0xA1, 0x2A,
    0x5F, 0x44, 0x96, 0xB0, 0x5B, 0x0D, 0x15, 0x44, 0x55, 0xEE, 0xBD, 0x25, 0xDE, 0x0B, 0xD7, 0x09,
    0x7D, 0x96, 0x7A, 0x4D, 0x91, 0x07, 0x3F, 0xEC, 0xE2, 0xE2, 0x3F, 0x8A, 0x78, 0x51, 0x7F, 0xAC,
    0xA5, 0x96, 0x55, 0xDD, 0x11, 0x8E, 0x29, 0x06, 0xCD, 0x32, 0x2E, 0x4F, 0xD8, 0x41, 0x74, 0x77,
    0x77, 0x3B, 0x31, 0xC1, 0xD7, 0x78, 0xAE, 0x5B, 0xFD, 0x38, 0x28, 0x77, 0xCC, 0x41, 0x63, 0x4A,
    0x30, 0x81, 0x0C, 0x78, 0x4F, 0x8F, 0x2B, 0xA9, 0x0B, 0xDD, 0xAF, 0x22, 0x85, 0x4B, 0x1A, 0x73,
    0x42, 0xA2, 0x5D, 0x14, 0x05, 0x71, 0x29, 0xCA, 0x42, 0x1D, 0x93, 0x73, 0x58, 0xDC, 0x35, 0xE2,
    0xE7, 0x69, 0xF3, 0xB7, 0x51, 0xF1, 0xD5, 0xFA, 0xF1, 0xF2, 0xF2, 0x5E, 0x5F, 0x88, 0xA4, 0xC7,
    0x4D, 0x29, 0x37, 0x42, 0xFD, 0xCE, 0xF7, 0x72, 0xD6, 0xAC, 0xE2, 0xC9, 0xD2, 0x0E, 0x90, 0x3C,
    0x9B, 0xEE, 0x5B, 0x4F, 0x24, 0xA7, 0x7D, 0xFB, 0x24, 0xFE, 0x6E, 0xD2, 0xA6, 0xC5, 0xD8, 0x8C,
    0xAB, 0x86, 0x6E, 0x0C, 0x52, 0x80, 0x34, 0x01, 0x98, 0x0A, 0x03, 0xC2, 0x34, 0xEC, 0xEF, 0x0F,
    0xED, 0x80, 0xC4, 0xDA, 0x29, 0x04, 0x8F, 0x4E, 0x15, 0xFF, 0x25, 0xC6, 0x7F, 0x4B, 0x95, 0x75,
    0x62, 0x2E, 0x76, 0x7C, 0xA2, 0xE0, 0x5A, 0xD3, 0xDA, 0x03, 0x97, 0xFD, 0xCC, 0xBA, 0xE0, 0x94,
    0xC0, 0x3D, 0x5A, 0x04, 0x6C, 0xE1, 0xB6, 0xCF, 0x15, 0xBE, 0xC6, 0x8C, 0xBA, 0x5E, 0x5D, 0xBB,
    0xEE, 0x53, 0xF7, 0x04, 0x68, 0xE0, 0x25, 0x2C, 0xAD, 0x97, 0x69, 0x51, 0x57, 0xF6, 0x96, 0x01,
    0x78, 0xB9, 0xA2, 0x3E, 0x30, 0xE4, 0x89, 0x31, 0xB9, 0x63, 0x46, 0xEE, 0xCF, 0x5D, 0x33, 0x6C,
    0xD9, 0x89, 0x33, 0x12, 0x1B, 0xD8, 0x7C, 0x33, 0xCA, 0xCF, 0xE4, 0x8A, 0xBA, 0x6F, 0xAA, 0x56,
    0xD9, 0x2E, 0xDB, 0xC3, 0x3C, 0x29, 0x41, 0x45, 0x55, 0xAB, 0x86, 0xD9, 0x95, 0x13, 0x68, 0x1C,
    0xAC, 0x1D, 0xB6, 0xD8, 0x74, 0x48, 0x11, 0x06, 0x68, 0xD1, 0xFA, 0x5F, 0xEB, 0xFE, 0xC4, 0xE5,
    0x38, 0xB8, 0x98, 0x63, 0xA8, 0x1C, 0x7E, 0x55, 0xA7, 0xC6, 0xB8, 0xAC, 0x1A, 0x1F, 0xDE, 0x1D,
    0x3C, 0x77, 0xE7, 0xBC, 0x55, 0xE5, 0xED, 0x73, 0x6D, 0xFD, 0x5F, 0xF5, 0x55, 0xCE, 0x39, 0xDE,
    0xE6, 0x7D, 0x4E, 0x68, 0xE1, 0xD1, 0x26, 0x56, 0x10, 0x2D, 0xB4, 0x6F, 0xDC, 0xBA, 0x75, 0xA3,
    0xDD, 0xDC, 0x0C, 0x4D, 0x43, 0x67, 0x51, 0x3E, 0x5C, 0xD3, 0x42, 0x09, 0xDD, 0xAE, 0x86, 0x9B,
    0x7F, 0x03, 0xC4, 0x9A, 0x01, 0xA4, 0x25, 0x59, 0x7A, 0xC7, 0xBF, 0xAA, 0x9A, 0xDE, 0x62, 0x4B,
    0xD4, 0x22, 0x13, 0x68, 0xDC, 0x60, 0x40, 0x48, 0x0A, 0x82, 0x60, 0xDE, 0x3D, 0x35, 0x59, 0xD2,
    0x08, 0x76, 0x45, 0xDF, 0x69, 0x32, 0xA4, 0x03, 0x60, 0x22, 0x1A, 0x82, 0x84, 0x77, 0xEF, 0x2D,
    0xBB, 0x58, 0x40, 0x3A, 0x62, 0x41, 0xB0, 0x8B, 0xC5, 0x7A, 0x8D, 0x86, 0x60, 0x97, 0xBA, 0xAF,
    0x2A, 0x3B, 0x58, 0x40, 0x4A, 0xB2, 0x9B, 0x00, 0xA6, 0x76, 0x77, 0x5A, 0x48, 0x30, 0x67, 0x33,
    0xD5, 0x93, 0xEA, 0x9E, 0x53, 0xF7, 0xE4, 0xFF, 0xFF, 0xEA, 0xBC, 0x77, 0xFB, 0xBD, 0x7E, 0xDD,
    0xD3, 0xAD, 0xA7, 0x67, 0xEB, 0xF5, 0xF7, 0xFB, 0xEA, 0x9E, 0x73, 0xCE, 0xA9, 0x73, 0xCE, 0xF9,
    0xCE, 0x77, 0x4E, 0x9D, 0xEA, 0xE8, 0x9B, 0x22, 0xB1, 0x13, 0x91, 0x1D, 0xA4, 0x80, 0xE4, 0xAD,
    0x48, 0x54, 0x0A, 0x2F, 0xE3, 0x7D, 0xA5, 0x72, 0x72, 0x52, 0x2E, 0xF1, 0xFB, 0x2A, 0x41, 0xFC,
    0x2C, 0xAB, 0x95, 0x3C, 0x33, 0x0D, 0xE2, 0xCE, 0xCA, 0x92, 0xEA, 0x2F, 0x25, 0xB1, 0x4E, 0x25,
    0xEE, 0xFE, 0x59, 0x70, 0xBD, 0xB6, 0x67, 0x79, 0xEF, 0x9D, 0x28, 0xDE, 0x6F, 0x4E, 0x7E, 0x88,
    0x38, 0x91, 0x67, 0xA0, 0x78, 0xA4, 0xA5, 0xB7, 0x84, 0x45, 0x58, 0xE2, 0x00, 0x51, 0xEC, 0x88,
    0x4D, 0x40, 0xF8, 0xC9, 0x88, 0x74, 0x14, 0x93, 0x7A, 0x4B, 0x54, 0x22, 0x72, 0x73, 0x96, 0x64,
    0x14, 0x49, 0x7B, 0xED, 0x45, 0xED, 0xCD, 0xDF, 0x3E, 0x6F, 0x9D, 0x0A, 0x5A, 0xC7, 0x5A, 0x7E,
    0x11, 0x12, 0xAE, 0xCC, 0x4F, 0x22, 0x5B, 0xEF, 0xCB, 0xD8, 0x7F, 0x77, 0xCB, 0x4A, 0xE1, 0xD9,
    0x1D, 0xB0, 0x68, 0x01, 0x53, 0x5E, 0x68, 0x26, 0x92, 0xD9, 0x80, 0x93, 0x93, 0xBB, 0x97, 0x3B,
    0xA1, 0xA8, 0xCE, 0xF2, 0x66, 0x03, 0x90, 0xF8, 0xF2, 0xBA, 0xB0, 0xF7, 0x50, 0x96, 0xDF, 0x23,
    0xE0, 0x4D, 0xD1, 0x2B, 0xF2, 0xFB, 0x32, 0x47, 0x57, 0x15, 0x0F, 0xEE, 0xB4, 0xCC, 0xB7, 0x09,
    0x62, 0xC2, 0xF3, 0x16, 0x96, 0x95, 0xC2, 0x8D, 0x1F, 0x79, 0xC3, 0xC7, 0xB6, 0x73, 0xB9, 0x89,
    0x0D, 0xD2, 0xF3, 0xF7, 0x8F, 0x11, 0xDE, 0xA0, 0xF4, 0x2D, 0xD3, 0xAD, 0xD0, 0xA4, 0xAB, 0xAE,
    0x37, 0xDE, 0x58, 0x1E, 0x99, 0xCD, 0xD1, 0xDB, 0x22, 0xCC, 0xF6, 0xA2, 0x7F, 0xB2, 0x28, 0x5F,
    0xF5, 0x9F, 0x41, 0xB5, 0x65, 0x3B, 0xC9, 0x76, 0x94, 0xDF, 0x2B, 0x75, 0xFC, 0x3A, 0x39, 0xA8,
    0x93, 0xFB, 0x54, 0x4B, 0xC9, 0xA8, 0x8E, 0x2E, 0xA8, 0xF5, 0xAC, 0x8E, 0xCF, 0x95, 0x87, 0x69,
    0xD5, 0x50, 0xBE, 0xA7, 0x7A, 0xDC, 0x38, 0xAA, 0x2E, 0x9A, 0xC4, 0x31, 0xC9, 0x76, 0x56, 0xE6,
    0x92, 0x1A, 0x55, 0x45, 0x03, 0xD5, 0x74, 0xCB, 0x4A, 0xF6, 0xE0, 0x3D, 0xE7, 0x7B, 0x96, 0x62,
    0x7D, 0x4B, 0x55, 0x06, 0xC3, 0x5A, 0xB2, 0xE3, 0x5F, 0x5E, 0xD1, 0x10, 0x9B, 0x13, 0x34, 0xD3,
    0xE3, 0xDA, 0xCF, 0xCA, 0xB7, 0x1A, 0xB7, 0xB0, 0xAA, 0x92, 0x59, 0xC5, 0x83, 0xAA, 0x68, 0x7C,
    0x52, 0x25, 0x73, 0x60, 0xAA, 0x49, 0x56, 0x4D, 0x47, 0x85, 0x2A, 0xA9, 0x1A, 0xE5, 0xC5, 0x67,
    0xDD, 0xF5, 0x79, 0xD6, 0x75, 0x84, 0xE5, 0xC3, 0x0E, 0xB3, 0xAE, 0x26, 0xD6, 0x9F, 0x03, 0x35,
    0xC9, 0xBD, 0xA0, 0x5A, 0xC1, 0xA8, 0x2A, 0x91, 0x6B, 0xE7, 0xFD, 0xE2, 0x96, 0x12, 0x8F, 0x4B,
    0x6D, 0x48, 0x8E, 0xA6, 0x15, 0xD5, 0x52, 0x0C, 0xC2, 0x9D, 0x2C, 0xE3, 0x41, 0x96, 0x29, 0x1E,
    0xE8, 0xDB, 0x59, 0xDE, 0xB3, 0xB2, 0x4C, 0x86, 0x39, 0x4E, 0x1A, 0x88, 0x29, 0xE7, 0x3C, 0x19,
    0xF2, 0x6A, 0x63, 0x1D, 0xA4, 0x91, 0x37, 0xCB, 0xE0, 0x1F, 0xD1, 0x74, 0x00, 0xC3, 0xA3, 0x43,
    0x7C, 0x98, 0xE6, 0xB2, 0x64, 0x3C, 0x50, 0x68, 0x9F, 0x10, 0x1E, 0x88, 0x3F, 0x03, 0x92, 0xFF,
    0x02, 0xF2, 0x9F, 0x02, 0x8B, 0x1B, 0x80, 0xC9, 0x00, 0x07, 0x44, 0x03, 0x90, 0x58, 0x20, 0x6B,
    0x81, 0xBC, 0x02, 0x0C, 0xC6, 0xFD, 0xA8, 0x06, 0x96, 0x23, 0x60, 0x2C, 0xD1, 0x11, 0x2D, 0x21,
    0x00, 0x9E, 0x08, 0xC7, 0x8D, 0x7C, 0x78, 0xD6, 0x3F, 0xB1, 0xE9, 0xEA, 0x84, 0x7E, 0x20, 0xF3,
    0xB5, 0xE3, 0x44, 0xDB, 0x22, 0x5D, 0x6F, 0x4A, 0x54, 0x08, 0x55, 0x5E, 0x54, 0x79, 0xA7, 0xA3,
    0x4A, 0x0C, 0xE2, 0x44, 0x1C, 0x31, 0xA1, 0x2B, 0xC4, 0x24, 0x16, 0xB8, 0xD1, 0xA1, 0x94, 0x7F,
    0x6D, 0x81, 0x0F, 0x2B, 0xCE, 0x7E, 0x09, 0x60, 0x32, 0x89, 0x08, 0x26, 0xBB, 0x76, 0x47, 0x1F,
    0xC6, 0x64, 0x7B, 0x86, 0x7F, 0x33, 0x34, 0xBA, 0x7A, 0x2D, 0x80, 0x33, 0xBF, 0x4D, 0x4F, 0xEE,
    0x67, 0x68, 0x0D, 0x2E, 0x23, 0xEA, 0xCF, 0x2A, 0x19, 0x13, 0xC9, 0x1E, 0x48, 0xBD, 0xB0, 0x1D,
    0x25, 0xF0, 0xF7, 0xA8, 0xEA, 0x22, 0x03, 0x4C, 0xD2, 0x87, 0x0E, 0xAB, 0x63, 0xC0, 0xC9, 0x88,
    0x01, 0x84, 0x4A, 0xBC, 0x9F, 0x08, 0x8F, 0xC9, 0x79, 0xD2, 0x88, 0xF6, 0xD5, 0xA2, 0x82, 0xD6,
    0x7E, 0x06, 0x12, 0xBB, 0x23, 0x1C, 0xED, 0x8C, 0xD6, 0x4A, 0xC1, 0xF4, 0xA9, 0xAE, 0x5E, 0xA1,
    0xEE, 0x06, 0x5F, 0xCF, 0xD9, 0x94, 0x5B, 0x35, 0x3F, 0x4E, 0x22, 0xE4, 0x55, 0x51, 0x73, 0x4A,
    0x2D, 0x67, 0x0D, 0xA7, 0x0C, 0xE7, 0x8B, 0xF1, 0x8F, 0x34, 0xBD, 0x39, 0x69, 0x98, 0x9E, 0xE9,
    0x68, 0x6E, 0x94, 0x71, 0xCE, 0x9B, 0xF5, 0x4C, 0x0B, 0x41, 0x87, 0xDC, 0xB1, 0x21, 0x7E, 0x82,
    0xEC, 0x82, 0x4C, 0x0C, 0x43, 0xDC, 0x80, 0x34, 0x48, 0xBB, 0x7F, 0x3D, 0xEB, 0xCD, 0xC2, 0xFB,
    0xE1, 0x9C, 0x27, 0xF7, 0xC0, 0x42, 0xA2, 0x2B, 0x69, 0x9E, 0xCB, 0xA5, 0x72, 0xAD, 0xAC, 0x95,
    0x8E, 0x8C, 0x46, 0x32, 0xB1, 0xE4, 0xED, 0x87, 0xAB, 0x77, 0x1F, 0x95, 0xB3, 0x57, 0x9A, 0xC9,
    0xB1, 0xCD, 0xAE, 0xE0, 0x8F, 0xC0, 0xB4, 0x7D, 0x1D, 0xBB, 0x07, 0xFC, 0x1E, 0x24, 0xED, 0x8B,
    0x52, 0x46, 0x9D, 0x43, 0x50, 0xA6, 0x4C, 0x2D, 0xD4, 0x06, 0xA3, 0x02, 0xE5, 0xD4, 0x8A, 0x92,
    0x81, 0x4B, 0xC5, 0xC8, 0x45, 0xBF, 0x28, 0x47, 0x24, 0x43, 0xE2, 0x91, 0x0B, 0x61, 0x4A, 0xCF,
    0xAA, 0x4A, 0xAD, 0xF1, 0xE7, 0xD3, 0xB6, 0xE4, 0x22, 0xAB, 0x49, 0x8C, 0x8C, 0x59, 0x3F, 0x67,
    0xB7, 0x12, 0x8F, 0x32, 0x46, 0x4E, 0x12, 0x16, 0x7D, 0x2A, 0x79, 0x07, 0x65, 0xB8, 0x7E, 0x8F,
    0x80, 0x11, 0xA8, 0xBC, 0x9B, 0xA8, 0xD4, 0xDC, 0xA5, 0xF0, 0xA3, 0x70, 0xDD, 0x5C, 0xBE, 0xD3,
    0x84, 0x75, 0x95, 0x25, 0xA5, 0x90, 0x0C, 0xF7, 0x2C, 0x7C, 0x8B, 0x67, 0x3A, 0x95, 0xE8, 0x5D,
    0xBA, 0x85, 0xBC, 0xA7, 0xFD, 0x5E, 0x94, 0xCC, 0x8E, 0xB2, 0xED, 0x50, 0xB5, 0xB2, 0xD1, 0xF5,
    0xF7, 0x4B, 0x75, 0x5D, 0xF4, 0x1A, 0xC7, 0x9C, 0x8E, 0xE6, 0x7B, 0x6C, 0x02, 0x37, 0x0B, 0xD1,
    0x0F, 0xBE, 0x6C, 0x0F, 0xFA, 0x5A, 0x56, 0x08, 0xCE, 0xBF, 0x80, 0x93, 0x7B, 0xBD, 0x20, 0xAE,
    0x97, 0xA3, 0x73, 0xAC, 0x89, 0xE3, 0x73, 0xD4, 0x17, 0xE1, 0xAE, 0xC0, 0x08, 0x44, 0x03, 0x70,
    0xCB, 0x02, 0xBE, 0x27, 0x5A, 0x40, 0xD7, 0x1B, 0x43, 0xD7, 0xD6, 0x9B, 0x0E, 0x77, 0xD6, 0xD8,
    0x33, 0x36, 0xF6, 0x68, 0x10, 0xF9, 0xCC, 0x1E, 0x61, 0xF8, 0x3F, 0xB1, 0x47, 0x28, 0x1A, 0x44,
    0x45, 0xFE, 0xDD, 0x1E, 0x19, 0xC9, 0x3E, 0xB0, 0x47, 0x8B, 0x32, 0xFF, 0xB6, 0x3D, 0x82, 0x45,
    0x27, 0xF6, 0x28, 0x6B, 0x0B, 0x30, 0xE9, 0x96, 0xA4, 0x3D, 0x06, 0x63, 0xEB, 0x40, 0x19, 0x07,
    0x72, 0x6F, 0xC9, 0x6D, 0x4F, 0x9A, 0x96, 0x2C, 0x94, 0x79, 0x99, 0x58, 0x1D, 0xA8, 0x17, 0x05,
    0xDD, 0x77, 0x00, 0x5C, 0x7A, 0xFB, 0x52, 0x79, 0xCF, 0xF6, 0xB9, 0x83, 0xA8, 0xDD, 0x27, 0x1E,
    0x86, 0x8F, 0xB1, 0xC9, 0x2D, 0xA2, 0x92, 0xA1, 0xA8, 0xE8, 0xFA, 0x90, 0xE0, 0x80, 0x9D, 0x6E,
    0x49, 0x0F, 0xD0, 0x30, 0x62, 0x22, 0x9C, 0xE6, 0xD0, 0xBC, 0x19, 0x4B, 0x49, 0xF6, 0xDC, 0xA0,
    0x86, 0x7D, 0xEE, 0x30, 0xEF, 0x73, 0x0F, 0x4B, 0x0E, 0x1C, 0xCA, 0xFD, 0xEA, 0x35, 0x2E, 0x70,
    0xFE, 0xA3, 0xE0, 0xA7, 0x0F, 0xEB, 0xC5, 0xD3, 0x92, 0x77, 0xE6, 0xCF, 0x7D, 0x3B, 0xFB, 0xF5,
    0xFE, 0x75, 0xBC, 0x17, 0x10, 0x9B, 0x33, 0x5C, 0xFD, 0x5E, 0xD0, 0x3E, 0xEF, 0xBD, 0xC0, 0x87,
    0xEB, 0xFD, 0xFB, 0x8F, 0x4F, 0xD4, 0x15, 0xBD, 0xBA, 0x7C, 0xA9, 0x7B, 0x98, 0xC3, 0x55, 0x94,
    0xE7, 0x8C, 0x9A, 0x8F, 0x44, 0x4D, 0xAE, 0xD3, 0xED, 0x81, 0x93, 0x7C, 0x28, 0xDE, 0xF1, 0x62,
    0xAA, 0xA2, 0x34, 0x95, 0x41, 0x9A, 0xBC, 0xDD, 0x28, 0x77, 0x60, 0xD6, 0xD5, 0x60, 0xDA, 0xCD,
    0xF7, 0x73, 0xB8, 0x51, 0xCE, 0xE9, 0x35, 0x6F, 0x28, 0x47, 0xCB, 0xD4, 0xF2, 0x2F, 0x3D, 0x51,
    0xBE, 0x0A, 0x31, 0xFC, 0x61, 0x4A, 0x68, 0x34, 0xD9, 0x49, 0x6A, 0x39, 0xFF, 0x07, 0xD6, 0x9B,
    0x46, 0x2B, 0x9B, 0x45, 0x85, 0x34, 0x86, 0x43, 0xE2, 0x00, 0x0E, 0x2C, 0xA2, 0xCF, 0x7E, 0x16,
    0x5B, 0xC0, 0xB0, 0x30, 0x26, 0x8E, 0x86, 0xB4, 0x47, 0x8B, 0x13, 0x3B, 0x17, 0x85, 0x9C, 0xA7,
    0x2C, 0xDE, 0xC8, 0x8E, 0x76, 0xF0, 0x5A, 0xB7, 0x6D, 0x77, 0x7E, 0xC6, 0xE9, 0x33, 0x29, 0x04,
    0xD7, 0xFA, 0x0A, 0xBC, 0xCD, 0x11, 0xFC, 0x3C, 0x39, 0x85, 0x98, 0xEE, 0xBA, 0x5B, 0x78, 0xEF,
    0x12, 0xBF, 0x67, 0x23, 0x9F, 0x2B, 0xBA, 0xB9, 0x48, 0x3B, 0xA8, 0xF1, 0x37, 0xA0, 0xCC, 0xEA,
    0xDD, 0x69, 0xF5, 0x5E, 0x67, 0x3C, 0xAF, 0xA0, 0xB8, 0x7C, 0x71, 0x04, 0x7E, 0x43, 0xCA, 0xAC,
    0x6E, 0x3D, 0x5A, 0xDD, 0xFE, 0xB9, 0xF1, 0x7A, 0x05, 0x25, 0x7A, 0x99, 0xE7, 0xA8, 0x3F, 0xD0,
    0x44, 0x8A, 0xF7, 0x1B, 0x0D, 0x7F, 0x26, 0xFC, 0x47, 0x84, 0x07, 0xEE, 0x79, 0x4E, 0xD0, 0x2C,
    0x4C, 0x50, 0xBE, 0x2F, 0x5E, 0x80, 0x86, 0xA5, 0x56, 0xDF, 0x19, 0x99, 0xA3, 0x04, 0xC6, 0x79,
    0xDF, 0xF5, 0x02, 0x30, 0xBE, 0x27, 0x3C, 0x70, 0xCF, 0xB7, 0x08, 0xCB, 0x7B, 0x20, 0xB1, 0x67,
    0x88, 0xC3, 0x5D, 0x40, 0x66, 0x0D, 0x9E, 0xD3, 0x86, 0x1C, 0x7E, 0x98, 0x4B, 0x79, 0x9E, 0xF0,
    0x01, 0x4C, 0xCD, 0xE2, 0x59, 0xFA, 0xC1, 0x01, 0xC7, 0xC3, 0xE1, 0x3E, 0xB3, 0x2C, 0x96, 0xE9,
    0x58, 0xA8, 0x84, 0x2D, 0x99, 0x4E, 0xEA, 0x92, 0x9B, 0xB2, 0x70, 0x80, 0x12, 0x5E, 0x47, 0x64,
    0x22, 0xB6, 0x87, 0xCE, 0x52, 0x1F, 0x30, 0x23, 0xC6, 0x3B, 0xB8, 0x3C, 0xED, 0x88, 0xA7, 0x33,
    0x5F, 0x95, 0x0E, 0xF2, 0x63, 0x69, 0xFA, 0xB9, 0x64, 0x3D, 0x26, 0x91, 0x15, 0xE4, 0xB0, 0x51,
    0x6A, 0xF8, 0x44, 0x6E, 0x30, 0x2D, 0xD4, 0xE2, 0xE1, 0x75, 0xA7, 0x1B, 0x13, 0xF1, 0x50, 0x93,
    0xE8, 0x16, 0xC5, 0xE9, 0x44, 0x8F, 0x07, 0x5D, 0x4C, 0x13, 0x7B, 0xAE, 0x32, 0xD8, 0xE6, 0x13,
    0xAA, 0x37, 0xB7, 0xF4, 0x57, 0x88, 0x0B, 0x29, 0x43, 0xBE, 0x50, 0xCA, 0x79, 0x99, 0x46, 0xF4,
    0x09, 0x45, 0x9F, 0x3A, 0xA8, 0x6C, 0x7E, 0xBA, 0xF0, 0xF5, 0x2C, 0x38, 0x53, 0x86, 0xE1, 0xB7,
    0x4F, 0xFC, 0x49, 0x43, 0x5B, 0xC8, 0xDB, 0x8B, 0x92, 0xF5, 0x62, 0x92, 0x51, 0x4C, 0xE4, 0xC3,
    0x8E, 0x3C, 0xFF, 0xEF, 0x46, 0xB7, 0xBA, 0xFC, 0x9B, 0x10, 0xEE, 0x10, 0x6F, 0x35, 0x9D, 0xA6,
    0xA7, 0x33, 0x8C, 0xFD, 0xA0, 0xCB, 0x4D, 0xFE, 0xDD, 0xA6, 0x64, 0xA5, 0xCE, 0xE5, 0x77, 0xEE,
    0xB7, 0x29, 0x4F, 0xA3, 0xF6, 0xF7, 0x5B, 0x43, 0x5F, 0x8C, 0x30, 0xA7, 0x52, 0xB4, 0x8D, 0x70,
    0x9C, 0xFE, 0xAF, 0xCD, 0xFD, 0xB7, 0x5B, 0xB9, 0x19, 0x6A, 0xF7, 0x15, 0x3D, 0x02, 0xB3, 0x31,
    0x8C, 0x36, 0x1D, 0xE6, 0x52, 0x16, 0xEC, 0x7E, 0x44, 0x1D, 0x6D, 0xD1, 0x2E, 0x94, 0xB5, 0xED,
    0x32, 0xDB, 0x94, 0xC9, 0xD0, 0x04, 0xF7, 0xB3, 0x83, 0xAC, 0x21, 0x1B, 0x88, 0x51, 0x89, 0xC6,
    0x45, 0x95, 0xD8, 0xBC, 0xCF, 0xFB, 0x04, 0xE9, 0x85, 0x2E, 0xEE, 0x1A, 0x87, 0xE8, 0xAE, 0x34,
    0xB8, 0x3F, 0x3D, 0xF1, 0x65, 0x0D, 0x6F, 0x5B, 0xA3, 0x74, 0xEA, 0xDD, 0xAA, 0x41, 0xF8, 0x08,
    0xD9, 0xF3, 0x5C, 0xA3, 0x65, 0xF8, 0x41, 0xF4, 0x14, 0x0C, 0x71, 0x03, 0xAB, 0xD5, 0x78, 0x7B,
    0x7A, 0xF2, 0xFD, 0x5A, 0xE4, 0x45, 0xFE, 0xC9, 0x56, 0x17, 0x13, 0x62, 0x7F, 0x02, 0x38, 0x06,
    0x1E, 0x30, 0x9E, 0x63, 0x20, 0x2C, 0x10, 0x13, 0x09, 0x91, 0x76, 0x00, 0x1A, 0x3F, 0xE9, 0xDA,
    0xDD, 0x2B, 0x50, 0x44, 0x72, 0x19, 0xA2, 0xD7, 0x76, 0x90, 0x84, 0x9D, 0xFF, 0xD1, 0xB6, 0x9A,
    0x17, 0xB6, 0xB4, 0x5F, 0xA3, 0x9C, 0xD3, 0xD5, 0x2D, 0xD4, 0xD8, 0x5B, 0x0F, 0x61, 0x7D, 0x76,
    0x4F, 0x1C, 0x03, 0xE6, 0x7D, 0xAC, 0x03, 0xA3, 0x86, 0xC1, 0xCE, 0x95, 0x1C, 0xCB, 0xA3, 0x01,
    0xF3, 0x16, 0x7F, 0x25, 0xCB, 0xC8, 0xCB, 0x0D, 0x4A, 0xC9, 0x4B, 0xD6, 0x3D, 0xFF, 0xBA, 0xE5,
    0xE2, 0x76, 0xA3, 0x0F, 0x07, 0xB1, 0x81, 0xA7, 0x8B, 0xEF, 0x58, 0x8D, 0x1D, 0x42, 0xCA, 0x0C,
    0xB9, 0xB6, 0xA2, 0x25, 0x94, 0x73, 0x69, 0xA7, 0x60, 0x6A, 0x53, 0x9D, 0xBC, 0x93, 0x2C, 0xBE,
    0xEB, 0xC3, 0x72, 0xBA, 0x28, 0xB5, 0x36, 0xAB, 0x3D, 0xEA, 0x3E, 0x40, 0x26, 0x36, 0xE4, 0x82,
    0xF1, 0xFC, 0xA1, 0x98, 0x4A, 0x27, 0x72, 0x78, 0x05, 0x3A, 0x46, 0xE9, 0x18, 0x30, 0xB4, 0xC5,
    0x40, 0x1A, 0xC8, 0x67, 0xB6, 0x8E, 0x3F, 0xB1, 0x35, 0x36, 0xCF, 0x75, 0xFE, 0x81, 0xAD, 0x17,
    0x89, 0xAD, 0x97, 0x90, 0x1A, 0x32, 0x24, 0xB6, 0xB1, 0x90, 0x16, 0x52, 0x41, 0x50, 0xBF, 0xB4,
    0xFA, 0x7D, 0x49, 0xBA, 0x23, 0x49, 0x1E, 0x3B, 0x11, 0x6F, 0xC3, 0x61, 0xD4, 0xAB, 0x97, 0x7B,
    0x2C, 0x79, 0x85, 0xBC, 0x52, 0xCB, 0x06, 0x82, 0xC1, 0xE5, 0x10, 0x72, 0x04, 0xD1, 0x8C, 0xC6,
    0x8B, 0x4A, 0xBD, 0x68, 0xA5, 0xCE, 0x7A, 0xC4, 0x0D, 0x4C, 0x13, 0xD2, 0x9A, 0x52, 0x47, 0xD9,
    0xFB, 0x11, 0xE2, 0xD4, 0x4C, 0x06, 0x44, 0x5A, 0x71, 0xD1, 0x13, 0x12, 0x07, 0x49, 0xCE, 0xA4,
    0x17, 0xF7, 0x8D, 0x4E, 0x9C, 0x6F, 0x21, 0x22, 0xEE, 0x6B, 0xB3, 0x6B, 0xCA, 0x50, 0x21, 0xC9,
    0x51, 0x33, 0x29, 0x2C, 0x1D, 0x38, 0xEA, 0x29, 0x1B, 0xBB, 0xB3, 0xB2, 0xB7, 0xF5, 0x28, 0x9F,
    0xA2, 0xFA, 0xF1, 0xFF, 0xDA, 0xFA, 0x28, 0xF9, 0xA5, 0xAD, 0x4D, 0xF6, 0x13, 0xB4, 0x2A, 0xFF,
    0x16, 0x9A, 0xF7, 0x61, 0x6C, 0xEB, 0xCC, 0x03, 0xC9, 0x04, 0xC4, 0x0E, 0x90, 0x31, 0x46, 0x9B,
    0x92, 0x8E, 0xAF, 0x3D, 0x4F, 0x4B, 0xDA, 0xC3, 0xA6, 0x28, 0xFC, 0xFD, 0x4C, 0x91, 0xED, 0x48,
    0x2F, 0x5A, 0xE6, 0x0F, 0xEF, 0xB4, 0x45, 0x95, 0x5A, 0x1E, 0x55, 0x6E, 0xC2, 0x64, 0x75, 0x2A,
    0x61, 0xE2, 0x86, 0x09, 0x6B, 0x4A, 0xD8, 0x4F, 0x97, 0xF7, 0xE9, 0x85, 0x09, 0xEB, 0x39, 0xF9,
    0xBA, 0x53, 0x9C, 0xE7, 0xD6, 0x92, 0xBD, 0xB4, 0xFC, 0x6D, 0x81, 0xE9, 0xC5, 0xC9, 0xFB, 0x10,
    0x93, 0xB8, 0xCC, 0xFB, 0x53, 0x9E, 0x15, 0x41, 0x6A, 0xD4, 0xA5, 0x96, 0x48, 0x85, 0xF7, 0x0C,
    0x63, 0x5C, 0xC3, 0x2E, 0xEC, 0x8A, 0xF6, 0x14, 0xF5, 0xAE, 0xB7, 0x93, 0xD4, 0x51, 0xC9, 0x99,
    0x79, 0xA5, 0x08, 0xE2, 0x13, 0xFA, 0xC6, 0x47, 0x77, 0xA4, 0xE0, 0x74, 0x08, 0xBB, 0xF3, 0x5D,
    0x88, 0x77, 0x90, 0xCB, 0x73, 0x6E, 0xD1, 0x47, 0x5C, 0x0D, 0x44, 0x28, 0xA1, 0x7D, 0x1E, 0x82,
    0x73, 0xD8, 0x4A, 0x0A, 0x91, 0x97, 0x95, 0x1F, 0x89, 0x8C, 0x68, 0xC3, 0xA8, 0x2B, 0x2A, 0x64,
    0x81, 0xAD, 0x2D, 0x67, 0x6F, 0xD6, 0xE6, 0x55, 0xD2, 0x17, 0x1A, 0x1A, 0x69, 0xAF, 0xD3, 0x21,
    0x39, 0x11, 0xBE, 0x79, 0x1A, 0xCB, 0x8A, 0x1C, 0xA6, 0xD9, 0xA2, 0x3C, 0xAF, 0xFC, 0x2D, 0x24,
    0xD1, 0xD7, 0x38, 0x04, 0x87, 0xAB, 0x7E, 0x1E, 0x16, 0xBE, 0x17, 0x5D, 0x24, 0xB2, 0x69, 0x6A,
    0xDA, 0x45, 0x5B, 0x67, 0xD6, 0xD0, 0xC0, 0xB7, 0xB4, 0xF0, 0x1D, 0xE1, 0x02, 0xC2, 0xCF, 0x0D,
    0x81, 0x24, 0x18, 0xEE, 0xAA, 0xC6, 0x78, 0xC3, 0x06, 0xE9, 0xA1, 0x7D, 0x35, 0x7B, 0xC9, 0x68,
    0x5F, 0x7E, 0xCE, 0x23, 0x75, 0x17, 0x51, 0xA6, 0x3D, 0x5B, 0x79, 0xB0, 0x29, 0x37, 0xB7, 0xAA,
    0xE8, 0x54, 0x78, 0xCF, 0x30, 0xC6, 0x31, 0x0D, 0xD3, 0x22, 0x0F, 0x47, 0x78, 0x38, 0x96, 0xB4,
    0x7D, 0x59, 0x2B, 0xDA, 0x41, 0x1A, 0x54, 0x92, 0xC2, 0x81, 0xBC, 0x24, 0x72, 0x24, 0xB1, 0x7A,
    0xDB, 0xCB, 0x72, 0x36, 0x2A, 0xC5, 0xE3, 0xC6, 0xEA, 0x2A, 0xDC, 0xFC, 0xA3, 0x15, 0x49, 0x9E,
    0x92, 0x5A, 0xF2, 0x92, 0xDE, 0x7C, 0x81, 0x19, 0xF0, 0x85, 0x10, 0x5E, 0xC9, 0xF3, 0x0A, 0x3C,
    0x96, 0x05, 0xE7, 0x32, 0x63, 0xFB, 0x57, 0xE7, 0x4E, 0x8A, 0x8A, 0x1E, 0x80, 0xD7, 0x4C, 0xE1,
    0x65, 0xAE, 0x26, 0xA7, 0x09, 0xE0, 0x89, 0xF7, 0xAF, 0x7A, 0xD1, 0xD8, 0xFA, 0x9E, 0xD8, 0x8B,
    0x6C, 0x56, 0x4D, 0x89, 0xB0, 0x45, 0x0B, 0xE4, 0x01, 0xFA, 0x73, 0x13, 0x21, 0x82, 0x49, 0x00,
    0x2B, 0xC7, 0x42, 0x07, 0x03, 0xD8, 0xAB, 0xD0, 0xF8, 0x9E, 0x98, 0x30, 0xCF, 0x57, 0x9E, 0x61,
    0xC5, 0xD7, 0x81, 0xC5, 0xB7, 0xCF, 0x60, 0xBE, 0x6E, 0x77, 0x91, 0x67, 0x12, 0x17, 0x12, 0x1F,
    0x3F, 0x63, 0x7E, 0x23, 0x12, 0x32, 0x09, 0xCA, 0x11, 0x14, 0xA3, 0x9B, 0x05, 0x15, 0xDE, 0x47,
    0x5E, 0xE3, 0x98, 0xA6, 0x40, 0xBD, 0xF8, 0xBA, 0xF8, 0x77, 0xB7, 0x87, 0xB0, 0x2D, 0x3C, 0x3D,
    0x37, 0x8E, 0x85, 0xF7, 0x14, 0xDE, 0x07, 0x59, 0x42, 0x9C, 0xDC, 0x4D, 0xE9, 0xEE, 0xAD, 0xEE,
    0x0F, 0xF5, 0xAC, 0x4D, 0xB2, 0xBD, 0xD4, 0xF8, 0xD9, 0xD5, 0xF1, 0xFE, 0xBD, 0x81, 0xCB, 0x87,
    0xAB, 0xB3, 0x4E, 0x76, 0x5C, 0x40, 0x8C, 0xA2, 0xF1, 0x01, 0xFA, 0x33, 0x20, 0x43, 0xE7, 0xCC,
    0x89, 0x13, 0x97, 0x8C, 0x35, 0xCB, 0x44, 0xF5, 0x74, 0xA3, 0x87, 0x52, 0x51, 0x1C, 0xBF, 0x6A,
    0x15, 0x8F, 0xEF, 0xF7, 0x5C, 0xCC, 0x97, 0x41, 0x0C, 0xA5, 0xC3, 0x14, 0x42, 0x5C, 0x04, 0x11,
    0x97, 0xA2, 0x1B, 0xD2, 0x3E, 0x43, 0xD8, 0xA2, 0x9D, 0xE3, 0x27, 0x88, 0xEE, 0xC8, 0xA6, 0x50,
    0xEF, 0x1C, 0x65, 0x26, 0xF4, 0x0A, 0xE5, 0x17, 0xB6, 0xE1, 0xE0, 0x15, 0xDB, 0x23, 0xE4, 0xDA,
    0x48, 0x64, 0xF5, 0x0B, 0xE2, 0x17, 0x5A, 0x76, 0xD6, 0xAA, 0x20, 0x68, 0x80, 0x8C, 0x72, 0xFB,
    0xC1, 0x37, 0x43, 0xD8, 0x4A, 0xB2, 0x9F, 0xFA, 0x3E, 0xFB, 0xD8, 0x8F, 0xD9, 0x14, 0xB9, 0xCC,
    0xCA, 0x06, 0x62, 0xB2, 0x2E, 0x48, 0xFB, 0x7C, 0xE1, 0x23, 0x2F, 0x8E, 0xE8, 0x6A, 0x12, 0x69,
    0x1C, 0xA4, 0xE7, 0xB3, 0xF3, 0x4E, 0x8A, 0x92, 0xC1, 0xA3, 0x8E, 0x82, 0xBC, 0xF4, 0xB6, 0xF1,
    0xB0, 0xB2, 0xFC, 0x05, 0x6C, 0xED, 0xE2, 0xCA, 0x42, 0x37, 0xE9, 0x21, 0x9F, 0xB7, 0xB2, 0xA4,
    0xFC, 0xCC, 0xE0, 0x9A, 0xD5, 0xA8, 0xDB, 0x4E, 0xD9, 0x23, 0x55, 0x2F, 0xB9, 0x97, 0xC8, 0x5B,
    0xC9, 0x9C, 0x8E, 0xEB, 0x91, 0xC8, 0xFA, 0x23, 0x71, 0xE8, 0x9E, 0xAD, 0xEF, 0xA2, 0x9B, 0xF2,
    0x96, 0x9B, 0x8E, 0x61, 0x8A, 0xF5, 0xC5, 0xEB, 0xAD, 0xDF, 0x5D, 0xBB, 0xB5, 0x7B, 0xFB, 0x6F,
    0x44, 0x8F, 0xF1, 0xB3, 0xE7, 0xFE, 0xC9, 0x5B, 0xE2, 0x50, 0xF2, 0x1F, 0x85, 0x3D, 0x55, 0xFD,
    0x02, 0x7F, 0xEE, 0xCF, 0x9C, 0x1F, 0x9A, 0x4E, 0x07, 0x49, 0x02, 0xF7, 0xF7, 0xC8, 0x21, 0x22,
    0x2D, 0x19, 0x9D, 0x11, 0xA3, 0xAB, 0x1C, 0x63, 0x1B, 0x3D, 0x7A, 0xD7, 0x81, 0x83, 0x6C, 0x13,
    0xD2, 0x04, 0xF6, 0xE0, 0xE6, 0x1B, 0x6D, 0x34, 0x7E, 0xC5, 0xF9, 0x16, 0x29, 0x07, 0x2F, 0xCC,
    0xF5, 0xB5, 0x50, 0xA5, 0xB4, 0x15, 0xA1, 0x4B, 0x7F, 0x36, 0xB1, 0xD5, 0x78, 0xFC, 0x03, 0x51,
    0xC7, 0xD6, 0x2A, 0x2D, 0xC3, 0x93, 0x91, 0x14, 0x77, 0x60, 0xA4, 0x21, 0xD7, 0x19, 0x8B, 0xD9,
    0x4F, 0xEE, 0x2F, 0x59, 0x9D, 0xA3, 0xC0, 0xEA, 0x6E, 0x86, 0xB0, 0x37, 0x69, 0x75, 0x16, 0x56,
    0xE7, 0xB2, 0x49, 0x26, 0xB5, 0xB8, 0xFE, 0xC5, 0x2C, 0x8E, 0x22, 0x9C, 0x8E, 0xB1, 0xD3, 0x35,
    0xE3, 0xF2, 0x7F, 0x5E, 0x78, 0xD5, 0xED, 0x27, 0x27, 0x4C, 0xE4, 0x82, 0x95, 0x2D, 0x42, 0x23,
    0xA2, 0xF2, 0x0B, 0xD9, 0x1A, 0xC7, 0x5D, 0x0E, 0x16, 0x58, 0xDA, 0x79, 0xDC, 0x39, 0xAA, 0x71,
    0x8A, 0xBC, 0xDE, 0xAD, 0xCB, 0x2B, 0x2C, 0xF2, 0x2A, 0x4F, 0x6D, 0xB5, 0xF4, 0x11, 0xB0, 0xAC,
    0xD8, 0x42, 0x8D, 0x5A, 0x37, 0x09, 0xCA, 0x3D, 0xA5, 0x30, 0xF9, 0x27, 0x36, 0xA8, 0x92, 0xBD,
    0x70, 0xA3, 0x12, 0x7B, 0x61, 0xD3, 0x12, 0x2F, 0x68, 0x5D, 0x97, 0x7A, 0xB8, 0x34, 0x04, 0x7F,
    0x58, 0xA1, 0x9D, 0x16, 0x5F, 0x3F, 0x17, 0x65, 0x6C, 0x17, 0x59, 0xA7, 0x5B, 0xE0, 0xB9, 0x8C,
    0xA5, 0x7E, 0xD0, 0x5C, 0x1F, 0x47, 0x9C, 0xBC, 0x06, 0x33, 0x6A, 0x44, 0x2D, 0x60, 0xE8, 0x1C,
    0x78, 0xCB, 0x79, 0x2C, 0x99, 0xD5, 0x63, 0xE2, 0xF3, 0xD1, 0x2F, 0x65, 0xA8, 0x61, 0x03, 0xD1,
    0xB0, 0x06, 0x63, 0xFD, 0x5A, 0x12, 0x5B, 0x03, 0x26, 0x81, 0x85, 0xE4, 0x5D, 0xD2, 0x2F, 0xCA,
    0xBC, 0xCF, 0xB8, 0x19, 0xB2, 0x39, 0xB8, 0xB4, 0xA8, 0x41, 0xE7, 0x46, 0xF6, 0xB5, 0xE5, 0x16,
    0xFC, 0x53, 0x7B, 0x5C, 0x8B, 0xF8, 0xCE, 0xE0, 0x79, 0xDB, 0x76, 0x61, 0xE9, 0x59, 0xF2, 0x2E,
    0xAC, 0xD3, 0x9B, 0x33, 0x78, 0x76, 0x90, 0x62, 0xD5, 0xAC, 0xCA, 0x43, 0x44, 0xC0, 0xD6, 0x8F,
    0x84, 0x2F, 0xB9, 0x9E, 0x77, 0x08, 0xCB, 0x2C, 0x90, 0x10, 0x71, 0xB8, 0x23, 0x34, 0x82, 0x49,
    0x5A, 0x4D, 0xAC, 0xD9, 0xA2, 0xF0, 0xCD, 0x3E, 0x40, 0x77, 0x84, 0x9E, 0xF8, 0xAB, 0xFD, 0x0F,
    0x35, 0xEC, 0x02, 0x1E, 0xDE, 0x04, 0xBC, 0x1F, 0x09, 0xCF, 0x30, 0xD3, 0x02, 0xF9, 0x45, 0x6C,
    0x2B, 0x8D, 0x05, 0x86, 0x27, 0x8E, 0x65, 0x32, 0x3F, 0x52, 0x21, 0x06, 0x2A, 0xF1, 0xAB, 0x53,
    0xA8, 0xDC, 0xCA, 0x1B, 0x50, 0xEC, 0x56, 0x28, 0x23, 0x4F, 0xAA, 0xDD, 0xAC, 0x1C, 0x95, 0x51,
    0xCF, 0x70, 0xAE, 0x56, 0xD3, 0x6A, 0x55, 0x32, 0xEE, 0x42, 0xCA, 0xAD, 0x5C, 0x28, 0xA5, 0x55,
    0x95, 0xF7, 0xAA, 0xD2, 0xBD, 0xFC, 0x35, 0x14, 0xAA, 0x34, 0x41, 0x49, 0xE1, 0x99, 0x35, 0xBC,
    0xDD, 0xC6, 0x9E, 0x73, 0xCD, 0x63, 0x62, 0x6C, 0xFF, 0xC3, 0xD6, 0x2C, 0xB4, 0x8E, 0x07, 0x20,
    0xB1, 0x01, 0x0D, 0x9F, 0xAA, 0x08, 0x61, 0x44, 0x4C, 0x88, 0x23, 0x7C, 0xF9, 0x56, 0x2D, 0x86,
    0x05, 0x64, 0x67, 0x9F, 0x4A, 0xE6, 0x3A, 0x79, 0x48, 0xE4, 0x4B, 0x41, 0x73, 0x5B, 0xE0, 0x7F,
    0x80, 0xEC, 0x03, 0xCE, 0xA4, 0x0F, 0x38, 0xA5, 0xDE, 0xE1, 0xDC, 0x12, 0x17, 0x0E, 0x2C, 0xF4,
    0xB3, 0xE8, 0xFE, 0xB4, 0x91, 0x78, 0x38, 0xE6, 0x5E, 0xF2, 0x98, 0x06, 0x7B, 0x4C, 0x1B, 0x3E,
    0x4E, 0xAC, 0xA2, 0x10, 0x18, 0xA7, 0x41, 0x85, 0xDD, 0x0E, 0xD8, 0x39, 0x40, 0xCF, 0x0D, 0x51,
    0xDE, 0x48, 0x38, 0xC0, 0x1C, 0x01, 0x4B, 0x03, 0xD4, 0x05, 0xE0, 0xF2, 0x8A, 0x6D, 0x6E, 0x25,
    0xD1, 0xF3, 0xFA, 0x5F, 0xFD, 0xCA, 0xA2, 0x02, 0xBF, 0x1C, 0x50, 0x81, 0xDE, 0x61, 0x93, 0xD6,
    0xD7, 0x74, 0xDE, 0x4B, 0x59, 0x27, 0x3D, 0x2A, 0x42, 0x53, 0x5D, 0x8A, 0xF0, 0x24, 0x1D, 0xCA,
    0xB4, 0xB3, 0xEA, 0x55, 0x35, 0x56, 0xD5, 0x14, 0xBE, 0x53, 0x3B, 0xAA, 0xC4, 0xAA, 0x4A, 0xFB,
    0x0D, 0x15, 0x0C, 0x3C, 0x8C, 0x53, 0x79, 0x18, 0xA7, 0xED, 0xED, 0xEF, 0xB5, 0x88, 0xDB, 0xE4,
    0x37, 0x7A, 0x28, 0x9E, 0x66, 0xA8, 0xFA, 0xE3, 0x91, 0xDF, 0x12, 0x79, 0x6E, 0xB1, 0xE4, 0xF1,
    0x05, 0x86, 0x24, 0xD5, 0xF3, 0x8B, 0xE5, 0x7C, 0x04, 0xB2, 0x5C, 0x40, 0x15, 0xD5, 0x12, 0x13,
    0xA1, 0x44, 0xCB, 0xB5, 0x8D, 0x35, 0x1B, 0x49, 0x3A, 0xB2, 0x38, 0x22, 0x97, 0x86, 0xAC, 0x17,
    0x24, 0x5B, 0xAA, 0x43, 0xA4, 0xEC, 0xA5, 0xD6, 0xC6, 0xD6, 0xD9, 0x07, 0xBF, 0x18, 0xA4, 0x66,
    0x73, 0x91, 0x8E, 0xED, 0xAD, 0xB5, 0xC1, 0xF5, 0x86, 0x2D, 0xAE, 0xB5, 0xC9, 0xB9, 0xA7, 0xB9,
    0xCF, 0xCC, 0x1E, 0x9F, 0xDC, 0x73, 0x92, 0x0C, 0xEA, 0xEF, 0x9D, 0x7A, 0x3B, 0x83, 0x3F, 0xC1,
    0xDD, 0x0E, 0x4C, 0x7F, 0x31, 0x82, 0xF1, 0x67, 0x88, 0x0C, 0x5F, 0x79, 0xF4, 0x89, 0xF1, 0x64,
    0x16, 0x96, 0xAE, 0x08, 0x19, 0xB3, 0xDE, 0x68, 0xC6, 0x33, 0xEE, 0xD0, 0x9F, 0x46, 0x9E, 0xFC,
    0x2B, 0x64, 0x0B, 0xE2, 0xFC, 0x0B, 0x44, 0x7B, 0xD9, 0x61, 0x44, 0x95, 0x3E, 0x3E, 0xE1, 0xE0,
    0xD3, 0x20, 0x76, 0x34, 0xAE, 0x42, 0x3F, 0x5C, 0x7F, 0x5C, 0xD2, 0xFE, 0x06, 0x0E, 0x20, 0xB7,
    0x87, 0x23, 0xF3, 0x8C, 0xA8, 0x34, 0x3F, 0x98, 0x17, 0x32, 0x66, 0x78, 0xC4, 0x98, 0xF4, 0x6B,
    0xC0, 0x3A, 0x19, 0xA3, 0x61, 0x29, 0x9E, 0x85, 0xCD, 0xAA, 0x85, 0xC2, 0x69, 0xEA, 0x7C, 0x3A,
    0xB9, 0xD1, 0x89, 0x16, 0x39, 0x28, 0x6E, 0x3D, 0xA1, 0x30, 0x04, 0xAD, 0x8E, 0xAA, 0x11, 0x2A,
    0xB3, 0x0B, 0x03, 0xD8, 0xCD, 0x6A, 0xE4, 0x00, 0xFE, 0xE7, 0xAF, 0x27, 0x0E, 0x20, 0x1A, 0x07,
    0xE5, 0xE8, 0x67, 0x55, 0xC1, 0x91, 0x45, 0x83, 0xAA, 0xC4, 0xEA, 0x37, 0x66, 0xAA, 0xA4, 0xC7,
    0x38, 0xF2, 0x66, 0x49, 0xEF, 0x17, 0xCF, 0x4A, 0xC6, 0xE3, 0x8C, 0x35, 0xAA, 0x73, 0x9D, 0x40,
    0x6C, 0x65, 0x59, 0x47, 0xA3, 0xF0, 0xCD, 0x74, 0x1D, 0x0F, 0x60, 0x71, 0xA3, 0x03, 0xF3, 0x8F,
    0xE7, 0x01, 0x1C, 0x94, 0x7B, 0xCE, 0x32, 0xBE, 0xB3, 0x66, 0xAD, 0xCB, 0x91, 0x17, 0x6C, 0xEB,
    0x45, 0xE9, 0xD2, 0xAE, 0x36, 0xE2, 0xB8, 0xF8, 0x09, 0x8F, 0x4C, 0x38, 0x01, 0xC7, 0x04, 0x5B,
    0x68, 0x19, 0x0B, 0xAB, 0x0D, 0x58, 0x0C, 0x34, 0xF8, 0x72, 0xC1, 0x2D, 0x78, 0x9F, 0x0D, 0xBF,
    0x35, 0x2F, 0xB1, 0x4F, 0x48, 0x3C, 0x72, 0x35, 0x8B, 0x91, 0x26, 0xF1, 0xFB, 0x32, 0x5A, 0x35,
    0x36, 0x9C, 0x49, 0x4F, 0x90, 0x4D, 0x90, 0xDD, 0x9C, 0xF6, 0xFA, 0x88, 0x74, 0x7D, 0x8E, 0xDA,
    0x98, 0x07, 0x4F, 0xEC, 0x3F, 0x51, 0x49, 0x34, 0xC6, 0x45, 0xCD, 0xE3, 0x5A, 0x70, 0x5D, 0xC3,
    0x5F, 0xDE, 0x6E, 0xAB, 0xE4, 0xD7, 0x53, 0x29, 0xBE, 0x97, 0xC3, 0x99, 0x5B, 0x23, 0xF3, 0x6A,
    0x99, 0x57, 0xAA, 0x57, 0xFB, 0x79, 0xB5, 0xBC, 0xE2, 0xCC, 0x0D, 0xBF, 0xAB, 0x34, 0x1C, 0x9E,
    0x37, 0x37, 0x0F, 0x15, 0xDE, 0xA2, 0xE7, 0xD0, 0x16, 0x7D, 0x07, 0x58, 0x0B, 0xFE, 0x76, 0xC0,
    0xEE, 0x99, 0x58, 0x13, 0x1B, 0xC2, 0x00, 0x4E, 0x51, 0x54, 0xEB, 0x78, 0xCC, 0xFB, 0x75, 0x6E,
    0x13, 0xB5, 0x56, 0x75, 0x34, 0x5F, 0xF1, 0x77, 0x45, 0x10, 0x7B, 0x35, 0xC2, 0x5B, 0xC2, 0x73,
    0xF0, 0xA3, 0xD8, 0xA6, 0xAD, 0x0B, 0x48, 0xFA, 0x73, 0xD8, 0x67, 0xA2, 0x26, 0xD6, 0x31, 0x6C,
    0xC5, 0x60, 0xE9, 0x6D, 0x8B, 0x7F, 0xB3, 0x0D, 0xED, 0x7E, 0x12, 0x7D, 0x1B, 0xA2, 0xE1, 0x3F,
    0xFF, 0x91, 0xE1, 0xCA, 0xCE, 0x3E, 0x2A, 0x24, 0xFE, 0x1F, 0x9A, 0x2E, 0x1B, 0x24, 0xB5, 0xFC,
    0xA4, 0x87, 0x56, 0x86, 0xCF, 0xDC, 0x1B, 0xC2, 0x28, 0xB6, 0x1E, 0xD7, 0x8C, 0x13, 0x4C, 0x83,
    0x43, 0x84, 0xA6, 0x63, 0x8E, 0x49, 0xF3, 0x66, 0x56, 0xD2, 0x21, 0xD9, 0x97, 0xDB, 0x5E, 0x68,
    0xA9, 0x5C, 0x0B, 0x82, 0x17, 0x0F, 0xA7, 0x69, 0x38, 0x6D, 0xEA, 0xE8, 0x93, 0x0D, 0xB7, 0x4E,
    0xE1, 0xC8, 0x1B, 0xE5, 0xBA, 0x06, 0xB2, 0xC6, 0x3D, 0xC3, 0x0C, 0xA4, 0x28, 0x93, 0x21, 0xEF,
    0xD8, 0xD1, 0xF4, 0x43, 0x7B, 0xDD, 0xCE, 0xD1, 0xE4, 0xA6, 0x1D, 0x2A, 0xBE, 0x47, 0x8A, 0xFC,
    0x67, 0x40, 0x21, 0x45, 0xF8, 0x8E, 0xB9, 0x21, 0xF4, 0xD4, 0x39, 0xFC, 0x3F, 0x17, 0xCE, 0x1A,
    0x3C, 0x03, 0xF7, 0x74, 0xC7, 0x00, 0x7D, 0xC0, 0x46, 0xDD, 0x10, 0x6D, 0xA8, 0x50, 0x63, 0x6A,
    0x04, 0xF0, 0x40, 0x36, 0x01, 0x89, 0x0B, 0x18, 0x91, 0xD2, 0x49, 0xE4, 0x37, 0x92, 0x3C, 0x34,
    0x28, 0xB3, 0xA0, 0x77, 0xA9, 0xF0, 0x87, 0xCD, 0x0E, 0x7E, 0x85, 0x1D, 0xDF, 0x5A, 0x0F, 0xDF,
    0xC4, 0xD1, 0x8D, 0x86, 0xBD, 0x1D, 0xA5, 0xE8, 0x51, 0xD7, 0x9B, 0xA2, 0x3E, 0x7D, 0xDE, 0x01,
    0xAA, 0x5F, 0x95, 0x82, 0x7B, 0xF7, 0x6B, 0x61, 0x57, 0xFA, 0xE5, 0xB5, 0xE5, 0xCD, 0x6B, 0x28,
    0xF5, 0x4F, 0x7B, 0x5D, 0x28, 0x93, 0x1E, 0x2D, 0xE3, 0x9B, 0xEA, 0xD7, 0xDE, 0x40, 0xEC, 0xAB,
    0xB7, 0xF3, 0x70, 0x2D, 0x7C, 0xF8, 0x85, 0x61, 0x54, 0x9D, 0xEC, 0xFF, 0xC4, 0xEB, 0x4D, 0x66,
    0xF5, 0x74, 0x51, 0x67, 0x66, 0xDE, 0x85, 0xCF, 0xFD, 0x89, 0x1D, 0x50, 0xA8, 0xD1, 0x4E, 0xD2,
    0xA7, 0xE8, 0x19, 0xA6, 0xDE, 0x44, 0x23, 0x6B, 0xB2, 0xD4, 0x1B, 0xE4, 0xD9, 0xF0, 0x86, 0x4E,
    0x9A, 0x37, 0xEA, 0xA8, 0x35, 0x0D, 0x9D, 0xB5, 0xE6, 0xE2, 0x12, 0xA4, 0xE5, 0xE8, 0x59, 0x49,
    0x89, 0x1B, 0x2E, 0xA9, 0x79, 0xAB, 0xEF, 0x39, 0x83, 0xE4, 0xBA, 0xD1, 0x3C, 0x45, 0xD3, 0xA7,
    0xC8, 0xCF, 0x4B, 0x30, 0x27, 0x8A, 0x2E, 0xC9, 0x05, 0xEB, 0x8C, 0x58, 0x7D, 0x33, 0xD1, 0xB5,
    0x5A, 0x2F, 0x23, 0x97, 0x6F, 0x5C, 0xD0, 0x37, 0xCE, 0x6E, 0xBC, 0x3D, 0xBB, 0x61, 0xA6, 0xED,
    0xFC, 0x1D, 0x84, 0xD6, 0xBD, 0x63, 0x1D, 0x61, 0xE1, 0xFA, 0x42, 0xA0, 0x9B, 0x57, 0x08, 0x1B,
    0x50, 0xA5, 0x08, 0xE3, 0x27, 0x73, 0x6D, 0x91, 0xCB, 0xA0, 0xD7, 0x3A, 0x98, 0x05, 0xF2, 0x40,
    0x23, 0x15, 0x7F, 0x73, 0xD1, 0x59, 0x42, 0xF3, 0xA5, 0xC1, 0x50, 0xD7, 0x4E, 0x38, 0x13, 0x64,
    0x89, 0xA6, 0xF4, 0xB9, 0x65, 0xC7, 0xEB, 0x8C, 0x58, 0x58, 0xD1, 0x59, 0xC1, 0x1E, 0x8D, 0x82,
    0xFB, 0xE3, 0x95, 0x57, 0x17, 0xEB, 0x1E, 0x74, 0x14, 0x6A, 0xEE, 0x87, 0x59, 0x37, 0x2D, 0xF9,
    0xD5, 0x39, 0x09, 0xEF, 0xD3, 0xD9, 0x91, 0xB2, 0xE8, 0xC8, 0x37, 0x1F, 0x0F, 0x92, 0x8E, 0x5F,
    0x8D, 0x9D, 0x16, 0xBF, 0xD5, 0x3E, 0x32, 0xA5, 0xBE, 0xA5, 0xB7, 0xBA, 0x82, 0x5F, 0xE0, 0x46,
    0xB9, 0x24, 0x2F, 0xC7, 0x22, 0xFD, 0x9C, 0x77, 0x2E, 0x27, 0x1D, 0xAE, 0xA1, 0x22, 0xB1, 0xDF,
    0x7E, 0x38, 0xE8, 0xB3, 0x3A, 0xD1, 0xB7, 0xCE, 0x50, 0x07, 0xF5, 0xEB, 0xE1, 0x4A, 0x06, 0xA0,
    0x40, 0x14, 0x17, 0x0D, 0xC9, 0x3E, 0xF3, 0x4E, 0x16, 0xFF, 0x72, 0x77, 0xCF, 0xE6, 0x18, 0xA2,
    0x28, 0x37, 0x6C, 0xEB, 0x5A, 0x77, 0x13, 0x04, 0xEF, 0xAA, 0x25, 0x8B, 0x60, 0x12, 0x9A, 0xD8,
    0x56, 0xF2, 0x4F, 0x3E, 0x75, 0xEC, 0x2D, 0xCB, 0x87, 0x55, 0x28, 0x74, 0x64, 0x4F, 0x7C, 0xFF,
    0x49, 0xAB, 0x9D, 0x48, 0xEE, 0x37, 0xA9, 0xDE, 0x4E, 0xB5, 0x2E, 0x6F, 0xD5, 0xF3, 0x5B, 0xE9,
    0xA4, 0x94, 0xA3, 0x59, 0x1D, 0xCF, 0xEA, 0x49, 0x9B, 0x2F, 0x26, 0x69, 0x46, 0xDA, 0xD3, 0x3B,
    0xDE, 0xC3, 0xBE, 0xAE, 0x4B, 0xBF, 0x6D, 0xF3, 0x5E, 0x4D, 0x5E, 0x87, 0x43, 0xDF, 0xA4, 0x66,
    0x3B, 0xE6, 0xE5, 0x2E, 0xAA, 0x8D, 0xAA, 0x3A, 0xA8, 0xA5, 0x3E, 0xA1, 0x46, 0x1C, 0xCD, 0xE1,
    0xA2, 0x2A, 0x4A, 0xA8, 0x18, 0xB6, 0x0F, 0xC5, 0x23, 0x67, 0xA8, 0xBC, 0x4F, 0xA6, 0xD4, 0x57,
    0xDB, 0x36, 0xF2, 0xBC, 0xD8, 0x84, 0x6F, 0xF9, 0x51, 0x3F, 0x3F, 0x5E, 0x93, 0xB0, 0x22, 0x4A,
    0xEC, 0x1F, 0x81, 0xC9, 0x03, 0x6F, 0xC1, 0x9F, 0x7C, 0x47, 0x6B, 0x46, 0x48, 0xA2, 0x8C, 0xBB,
    0x83, 0xC1, 0xBC, 0x21, 0xE7, 0x57, 0xD3, 0xA7, 0x68, 0x8D, 0xB7, 0xB9, 0xEF, 0xF2, 0x07, 0xDF,
    0x4F, 0xDF, 0x1B, 0x8A, 0xEA, 0xBC, 0xD6, 0xB5, 0x72, 0xB3, 0x21, 0xCD, 0x3A, 0x10, 0xA5, 0x99,
    0x8D, 0xD2, 0x90, 0x1B, 0xE5, 0xAE, 0xA8, 0x78, 0xAC, 0x97, 0xF7, 0x0B, 0x97, 0x0E, 0x29, 0x0F,
    0x5A, 0xAD, 0xF8, 0xF1, 0xFF, 0xAB, 0x39, 0x63, 0x18, 0xB9, 0x8D, 0xAB, 0x8F, 0x3F, 0x92, 0xD6,
    0x11, 0x9F, 0x89, 0xCF, 0x74, 0x21, 0xC3, 0xB2, 0xFC, 0x7D, 0xE6, 0x57, 0xA8, 0x10, 0xFC, 0x39,
    0xD8, 0x14, 0x2E, 0x54, 0xE8, 0x76, 0x68, 0x1B, 0xA9, 0x5C, 0xE4, 0x0A, 0x2B, 0x2E, 0x54, 0xD8,
    0x45, 0x8A, 0x44, 0x01, 0xA2, 0x14, 0x29, 0x64, 0xE0, 0xEE, 0xC8, 0x20, 0x3D, 0x70, 0x95, 0xDB,
    0xA8, 0x70, 0x61, 0x9F, 0x8A, 0xB8, 0x74, 0xB1, 0x77, 0x1C, 0x43, 0x3D, 0xC2, 0x20, 0x51, 0x1D,
    0x02, 0x89, 0x53, 0xA8, 0x09, 0x83, 0xE3, 0xC1, 0x84, 0x44, 0xEE, 0x64, 0xFE, 0x6F, 0x86, 0xCB,
    0xBD, 0xF5, 0xEE, 0xDE, 0x9D, 0xB4, 0xB7, 0x71, 0xE6, 0xF6, 0xFD, 0x66, 0x8F, 0xE4, 0x92, 0xF3,
    0x48, 0x72, 0x66, 0xF8, 0xE6, 0xBD, 0x89, 0x54, 0x8C, 0xD7, 0xE7, 0x2D, 0x32, 0x6F, 0x0F, 0x7D,
    0x75, 0xF1, 0xE5, 0x0F, 0xDF, 0xA2, 0x3E, 0x7D, 0xCF, 0xDF, 0x57, 0x89, 0x7B, 0x11, 0x96, 0x2F,
    0xF9, 0x1E, 0xCE, 0x8F, 0x43, 0x6B, 0x7B, 0x9B, 0xE5, 0xE4, 0xAB, 0xB1, 0x19, 0xC0, 0x74, 0xD4,
    0xA3, 0xBB, 0x31, 0x57, 0xF6, 0x61, 0x71, 0xAA, 0xF3, 0x15, 0xBE, 0x9D, 0x1E, 0x94, 0x11, 0x1B,
    0xDB, 0x31, 0x85, 0x00, 0xBD, 0x0E, 0x78, 0xCB, 0x70, 0x77, 0x3C, 0x3B, 0x8E, 0xC4, 0xB2, 0x6B,
    0x7B, 0x40, 0x07, 0x36, 0xDF, 0x3D, 0x61, 0xEE, 0x7C, 0x81, 0xDD, 0x47, 0x09, 0xC2, 0x95, 0xD3,
    0x22, 0x41, 0x72, 0xE1, 0x5E, 0x9A, 0xD3, 0x0D, 0x58, 0x83, 0x7E, 0x6C, 0x7C, 0xAA, 0x50, 0x99,
    0xA3, 0x83, 0xE8, 0x1E, 0x35, 0x2F, 0x7B, 0xF9, 0xF6, 0x26, 0xAC, 0xC9, 0x7F, 0x21, 0xE2, 0x27,
    0x58, 0xA5, 0x5C, 0xD1, 0xB9, 0xFF, 0x6C, 0xF4, 0xAF, 0xDE, 0xE2, 0xAA, 0x31, 0xE8, 0x2F, 0xCF,
    0x9B, 0xFB, 0x4D, 0xC2, 0x5D, 0x8D, 0xCB, 0xC4, 0x55, 0x67, 0x56, 0x27, 0xE3, 0x26, 0x49, 0xF1,
    0x98, 0xBF, 0x41, 0x82, 0x36, 0xE9, 0x26, 0x2E, 0x20, 0xDD, 0x6B, 0x87, 0x37, 0xAB, 0x18, 0x06,
    0x2E, 0xB5, 0xB7, 0x73, 0xB7, 0xBD, 0xC7, 0x6A, 0x70, 0x0D, 0x42, 0xB6, 0x9D, 0xE5, 0xB4, 0x19,
    0xD8, 0x3A, 0xEB, 0x9A, 0x1B, 0x53, 0x9F, 0x6C, 0x8D, 0x96, 0xA4, 0xA6, 0xAD, 0x70, 0x34, 0x5C,
    0x79, 0x0F, 0x16, 0xE8, 0x2F, 0xC9, 0x89, 0x2F, 0x93, 0xC6, 0xFF, 0xD1, 0x59, 0x92, 0xBF, 0xC7,
    0xD9, 0xCF, 0x71, 0x5B, 0xF2, 0xD5, 0x91, 0x9F, 0xEC, 0xF0, 0xF2, 0x4F, 0xF3, 0xFB, 0x2F, 0x11,
    0x41, 0xB3, 0x82, 0xCE, 0x95, 0x92, 0xDC, 0xD6, 0xFF, 0x7D, 0xC1, 0x6E, 0xA0, 0x60, 0xBF, 0x26,
    0x8A, 0x5F, 0xC6, 0x8D, 0xAC, 0xC1, 0xE6, 0x77, 0xAB, 0x69, 0xDB, 0xD5, 0x76, 0x99, 0xFD, 0x72,
    0xD3, 0x3B, 0xA9, 0x29, 0x16, 0xF5, 0x37, 0xBF, 0x4D, 0x15, 0xD9, 0x54, 0x32, 0x5F, 0xEA, 0xBA,
    0x9D, 0x21, 0xBB, 0x5F, 0xA7, 0xB6, 0xC1, 0xC2, 0x58, 0x97, 0xA7, 0xC5, 0x55, 0xB1, 0x1D, 0x4B,
    0xAA, 0xBB, 0xDF, 0xF0, 0x8D, 0x9E, 0xD2, 0x69, 0xE9, 0x06, 0xD3, 0x4B, 0xBB, 0xF3, 0xD3, 0x52,
    0xD0, 0x9D, 0x28, 0x5B, 0x98, 0xD7, 0x25, 0x9D, 0x39, 0xB1, 0xEA, 0xBF, 0xB2, 0x25, 0x70, 0xBB,
    0x5B, 0x30, 0xAA, 0xC9, 0x9A, 0xB5, 0x53, 0x13, 0x3A, 0x42, 0xD7, 0xB0, 0x22, 0xEC, 0x34, 0x0D,
    0x38, 0x77, 0xCA, 0xFE, 0x6E, 0x35, 0xC9, 0x9B, 0x39, 0x72, 0xC5, 0x7B, 0xAB, 0x09, 0xBB, 0xCB,
    0x6E, 0x63, 0x73, 0xA1, 0xA0, 0xA6, 0xFB, 0x05, 0x75, 0x69, 0x13, 0x55, 0x34, 0x18, 0x31, 0x05,
    0x53, 0x81, 0x0E, 0xD3, 0x3B, 0x02, 0x83, 0xBF, 0x82, 0xD1, 0x43, 0x50, 0x78, 0xE0, 0x21, 0xE8,
    0x34, 0xA0, 0x57, 0x82, 0x41, 0x01, 0x46, 0x12, 0xE4, 0x0A, 0xF9, 0xE6, 0x21, 0xB8, 0xD9, 0x80,
    0xA2, 0x64, 0x16, 0xE4, 0x1D, 0x93, 0x90, 0x78, 0xE4, 0x05, 0x69, 0x4E, 0x75, 0x18, 0x86, 0xCC,
    0x11, 0xB3, 0x01, 0x1C, 0x70, 0xD2, 0x78, 0xC2, 0xCA, 0x49, 0xA8, 0xBA, 0xC8, 0x1B, 0x67, 0xB1,
    0x7D, 0x0B, 0xBB, 0x14, 0x4F, 0x6E, 0x02, 0x76, 0x00, 0x09, 0x2B, 0x8D, 0x08, 0x10, 0xC0, 0x48,
    0xC3, 0xA9, 0x34, 0xBC, 0x52, 0x23, 0x90, 0x1A, 0x61, 0xAA, 0x21, 0x48, 0x63, 0x04, 0xD4, 0x1A,
    0x59, 0x09, 0xE4, 0x80, 0x24, 0x25, 0x33, 0xF3, 0x34, 0xF3, 0x13, 0x49, 0xD1, 0xA4, 0x7C, 0x43,
    0x60, 0x07, 0xB8, 0x3E, 0x55, 0x17, 0xBD, 0x7A, 0xBC, 0x85, 0x96, 0xBE, 0xB2, 0xF0, 0xE7, 0x55,
    0x57, 0x4A, 0xA5, 0x40, 0xAD, 0x55, 0xBF, 0x3D, 0xC6, 0xB2, 0x04, 0x18, 0xC4, 0x1A, 0x51, 0xDA,
    0x41, 0xC4, 0x58, 0x81, 0x4D, 0x5A, 0xDE, 0x18, 0x48, 0xAD, 0x71, 0xBC, 0x97, 0x0C, 0x66, 0x44,
    0x2D, 0xD1, 0xA3, 0x18, 0xFF, 0xCF, 0x97, 0x47, 0x5B, 0x1C, 0x98, 0xA5, 0xA5, 0x09, 0xA4, 0x33,
    0x3E, 0x69, 0x14, 0x77, 0x5B, 0xBD, 0xBC, 0xD6, 0x92, 0x5B, 0x2F, 0xDD, 0x58, 0xEC, 0xAB, 0x7C,
    0x26, 0xAA, 0xA3, 0x1A, 0x3A, 0xEF, 0x56, 0x43, 0xFF, 0x61, 0x39, 0xF4, 0x54, 0x29, 0x6E, 0xB3,
    0x93, 0x33, 0x41, 0x86, 0xDC, 0xE3, 0xF1, 0x16, 0x46, 0x23, 0x9C, 0xF4, 0x1D, 0x08, 0x8A, 0x6C,
    0xA1, 0xEF, 0x80, 0x5B, 0x1E, 0x6A, 0x63, 0x78, 0xA6, 0x8D, 0x31, 0x59, 0xAE, 0xAC, 0xEF, 0x80,
    0xA2, 0x91, 0xF3, 0xBE, 0x1C, 0x91, 0xA7, 0x85, 0x68, 0x56, 0xBA, 0xDB, 0x60, 0x4A, 0x50, 0x2E,
    0x96, 0x2E, 0x72, 0x65, 0x15, 0x82, 0x7A, 0xC8, 0x2D, 0x27, 0x1F, 0x3B, 0x10, 0x75, 0x6B, 0xEB,
    0x8C, 0x03, 0x51, 0x9E, 0x52, 0x0D, 0xCB, 0x93, 0xFD, 0xCF, 0x71, 0xFD, 0xE7, 0xC9, 0xFF, 0x3F,
    0xF9, 0x02, 0x63, 0xB3, 0x10, 0xFC, 0x7F, 0xAA, 0xC0, 0xB4, 0x10, 0x40, 0x1E, 0xEF, 0xCF, 0x5E,
    0x6E, 0x0C, 0x5F, 0xB2, 0x44, 0xB8, 0xEC, 0x92, 0xE6, 0xCA, 0x59, 0x4E, 0x93, 0xB8, 0x13, 0x93,
    0x0D, 0xB2, 0x41, 0xD4, 0x00, 0x6E, 0x87, 0x2E, 0x60, 0xE7, 0x50, 0x8B, 0x98, 0x95, 0xA9, 0x16,
    0xB7, 0xE5, 0x8A, 0x6B, 0x2F, 0x42, 0x41, 0x72, 0x33, 0x98, 0xB6, 0xC5, 0xC3, 0xCE, 0xB0, 0x7C,
    0xE9, 0x21, 0xBC, 0x39, 0xC3, 0xC4, 0x29, 0xAF, 0x3B, 0xF8, 0xB0, 0xD5, 0xFF, 0x27, 0x5A, 0x44,
    0xEF, 0x5B, 0x66, 0x85, 0x8C, 0xA4, 0xC6, 0xED, 0x49, 0x90, 0xF7, 0x0E, 0x9A, 0xFC, 0x46, 0x4B,
    0x4E, 0x48, 0x6C, 0x10, 0x87, 0x4F, 0xB1, 0xCE, 0x0E, 0xB9, 0x87, 0xC3, 0xD1, 0x26, 0xF8, 0x23,
    0x87, 0x4D, 0x5C, 0x44, 0x87, 0xDC, 0x51, 0xC3, 0xF8, 0xF5, 0x2E, 0xB1, 0xD9, 0x96, 0x5F, 0x50,
    0x8F, 0x8E, 0xD8, 0x66, 0x6E, 0xCC, 0x32, 0x64, 0x32, 0xF7, 0xE9, 0x53, 0x3C, 0xAB, 0xFE, 0xD1,
    0x51, 0xD5, 0x6F, 0x29, 0xD8, 0x55, 0x9B, 0x5A, 0xBD, 0x17, 0x49, 0x6E, 0x0D, 0x57, 0x1B, 0xF2,
    0xF9, 0x08, 0x7C, 0x3C, 0x6A, 0xB7, 0xF8, 0xE8, 0x49, 0x39, 0xE6, 0xB2, 0x94, 0x84, 0xE4, 0x9D,
    0x9E, 0x39, 0xF7, 0x87, 0x14, 0x52, 0x20, 0x07, 0x71, 0x04, 0x67, 0xEA, 0x3C, 0x62, 0x65, 0x22,
    0xD4, 0x77, 0x4D, 0x84, 0x6D, 0x44, 0xC4, 0x03, 0x35, 0xBF, 0x13, 0x93, 0xB7, 0xA4, 0x00, 0xB4,
    0x4B, 0x12, 0x5E, 0x8B, 0x2D, 0xF1, 0x2B, 0x36, 0x54, 0x46, 0x30, 0x4A, 0x62, 0x6F, 0xCD, 0x21,
    0x45, 0xB6, 0x39, 0xA2, 0xE5, 0xFC, 0xE9, 0x85, 0x85, 0xDD, 0xDC, 0x45, 0x79, 0xED, 0xD0, 0xB7,
    0x97, 0x9B, 0xD6, 0x10, 0xBB, 0x7F, 0x8D, 0xE8, 0xB9, 0xFD, 0xD9, 0x12, 0x5B, 0x31, 0xFB, 0xD2,
    0xEC, 0xFF, 0x23, 0xEC, 0x3B, 0x25, 0xBA, 0x62, 0xEC, 0xDB, 0x1A, 0x5E, 0xAD, 0x11, 0x14, 0x1A,
    0x03, 0x69, 0x46, 0x15, 0x86, 0x4E, 0x63, 0x62, 0xE4, 0x60, 0xA0, 0xD6, 0x10, 0xB1, 0x06, 0x8E,
    0xC3, 0xED, 0xF7, 0x50, 0x01, 0x22, 0xC5, 0xDA, 0x02, 0xDB, 0x55, 0x1A, 0xD4, 0x02, 0x09, 0x10,
    0x49, 0x0D, 0xFF, 0x38, 0x1E, 0x92, 0xCB, 0xB1, 0xA4, 0x4A, 0x42, 0xBD, 0x45, 0xD8, 0x48, 0xE1,
    0x38, 0xC2, 0xE3, 0x84, 0x8E, 0x1D, 0x53, 0x84, 0x5D, 0x45, 0x98, 0xE1, 0xB8, 0xAC, 0xD2, 0x02,
    0x3B, 0x78, 0xAB, 0x45, 0xC4, 0xBC, 0x8E, 0xB7, 0xA1, 0x46, 0x4B, 0x02, 0x7F, 0x0B, 0x9C, 0xD2,
    0x39, 0xE2, 0xEC, 0xCD, 0xAA, 0x77, 0x1D, 0xEA, 0xDD, 0x44, 0x11, 0x37, 0xA1, 0x9E, 0x28, 0x81,
    0xA5, 0xEA, 0x89, 0x02, 0x80, 0x7A, 0x37, 0x5B, 0x60, 0x4A, 0x3D, 0x36, 0x27, 0x37, 0x04, 0xF5,
    0x88, 0x15, 0xB8, 0xA6, 0x15, 0xF8, 0x44, 0x17, 0x2A, 0x29, 0xB5, 0x48, 0x2D, 0x56, 0x81, 0x5A,
    0x4B, 0x63, 0x15, 0x48, 0x62, 0x5E, 0xC7, 0xDB, 0xDC, 0x6B, 0xB4, 0xE0, 0x41, 0xE6, 0xE6, 0x3F,
    0x04, 0x06, 0xE9, 0xED, 0x63, 0x12, 0xA4, 0x54, 0xDC, 0x68, 0xBC, 0x8B, 0xA0, 0x1F, 0xAF, 0xD4,
    0xD0, 0x3A, 0xC3, 0x04, 0xA1, 0x91, 0x10, 0x3F, 0xD1, 0x16, 0xC7, 0x99, 0x46, 0x21, 0xE2, 0x6E,
    0x93, 0x00, 0x1B, 0x7B, 0xD5, 0x24, 0x6A, 0x28, 0x03, 0x44, 0xDC, 0xED, 0x3E, 0x28, 0xA7, 0x1B,
    0x47, 0x8C, 0x3F, 0xC3, 0xF8, 0xDC, 0xFB, 0x2B, 0x38, 0x65, 0x20, 0xFD, 0x22, 0x90, 0x91, 0x84,
    0xDD, 0x26, 0x90, 0x0D, 0xC2, 0x84, 0x28, 0xF8, 0x83, 0x44, 0x1C, 0xB7, 0x96, 0x54, 0x7F, 0xCF,
    0xF5, 0xB2, 0xCA, 0xAC, 0xE3, 0x6D, 0xD0, 0xC7, 0xF0, 0xF5, 0xEF, 0x9C, 0x06, 0xAF, 0x3A, 0x07,
    0xA4, 0x14, 0xCE, 0xCA, 0x7E, 0x86, 0x13, 0xC4, 0xD1, 0x6B, 0x60, 0x42, 0xA0, 0xAD, 0x1F, 0xC0,
    0x30, 0x07, 0x45, 0x0C, 0x8E, 0x09, 0x6C, 0x98, 0x19, 0x73, 0x20, 0xC1, 0xB0, 0x04, 0xBD, 0x1A,
    0xA4, 0x96, 0x29, 0x62, 0x90, 0x0D, 0x6A, 0x76, 0xFF, 0x4E, 0x03, 0x52, 0x46, 0x89, 0x22, 0x5F,
    0x66, 0x8A, 0xA2, 0xF4, 0x4E, 0x86, 0xE3, 0x0D, 0xA8, 0xD1, 0xE0, 0xB0, 0x58, 0x6C, 0x3F, 0x10,
    0x6C, 0x09, 0x98, 0x40, 0xC4, 0x58, 0x91, 0x77, 0x9B, 0x50, 0x03, 0x08, 0x20, 0x92, 0x1A, 0xFE,
    0x05, 0x47, 0x35, 0xFD, 0x19, 0x68, 0x19, 0xB4, 0xCC, 0x2A, 0x7D, 0x7D, 0x9B, 0x1C, 0xF6, 0xD7,
    0x5D, 0x82, 0x4C, 0x29, 0xC6, 0xC2, 0x4D, 0x2A, 0x40, 0xA5, 0x0C, 0xD4, 0x05, 0x8B, 0xF0, 0x22,
    0xA1, 0x40, 0xAA, 0xE8, 0xF9, 0x78, 0x0F, 0x94, 0xB4, 0x9C, 0xAC, 0xB8, 0x25, 0xEB, 0xCF, 0xCB,
    0xCF, 0x4F, 0xAD, 0xAB, 0x6A, 0x50, 0x4A, 0xE0, 0xC9, 0xE7, 0xE7, 0xD7, 0x75, 0x06, 0x28, 0x11,
    0x11, 0x67, 0x36, 0xD0, 0xFD, 0xDC, 0x01, 0xF2, 0x77, 0x62, 0xCE, 0x54, 0xCB, 0x59, 0x17, 0x19,
    0x3F, 0xB0, 0x91, 0xF1, 0x35, 0x67, 0xD4, 0x98, 0xEC, 0xC0, 0x64, 0xBB, 0x26, 0x13, 0x73, 0xB3,
    0xCE, 0x66, 0xC2, 0xE9, 0x60, 0xDA, 0x6C, 0xE9, 0x71, 0x96, 0x47, 0xA5, 0x6D, 0x60, 0x39, 0x1B,
    0x83, 0x9D, 0x03, 0x27, 0x51, 0x06, 0xC2, 0x73, 0xC4, 0x78, 0x97, 0x2C, 0xA2, 0xAA, 0x98, 0x0A,
    0xFC, 0x26, 0x91, 0x58, 0x1E, 0x16, 0xA0, 0x57, 0xF6, 0x74, 0x2B, 0xD0, 0xB1, 0x24, 0x9D, 0x0C,
    0xDD, 0x12, 0xF4, 0x98, 0x3E, 0x78, 0xC3, 0xD8, 0x2A, 0x54, 0x6A, 0x9F, 0x9D, 0xE9, 0x14, 0x71,
    0x39, 0x15, 0xE8, 0x8D, 0x7F, 0x14, 0xA3, 0x59, 0xB3, 0x1D, 0x4E, 0xF8, 0x06, 0xA7, 0x1E, 0x07,
    0xF3, 0x87, 0x7F, 0x6F, 0xB8, 0x22, 0x38, 0xD0, 0x1C, 0x60, 0xAC, 0x93, 0x6D, 0x83, 0xBB, 0x3D,
    0x67, 0xFE, 0x60, 0x34, 0x1C, 0xA4, 0xC6, 0x7B, 0x3F, 0xFC, 0xBA, 0xD1, 0xFB, 0xF4, 0xBF, 0x2D,
    0xF5, 0xFE, 0xDF, 0x53, 0x39, 0x8E, 0xA5, 0xFE, 0x88, 0xE3, 0x72, 0x4F, 0xFF, 0x15, 0x1F, 0x64,
    0xB3, 0x18, 0x8C, 0x40, 0x38, 0x1C, 0x85, 0xC7, 0x1C, 0x5C, 0x0B, 0x6B, 0x3A, 0x09, 0x54, 0xFC,
    0x6A, 0x8C, 0x41, 0x37, 0x41, 0x3B, 0xB0, 0xE7, 0x1C, 0xA0, 0xF5, 0xDF, 0x01, 0x86, 0xF8, 0x57,
    0x38, 0x15, 0x8E, 0xD7, 0xB4, 0x14, 0x16, 0x66, 0xE0, 0x43, 0xFF, 0x9A, 0xEF, 0xE3, 0x4B, 0x71,
    0x96, 0x12, 0x27, 0xBF, 0x8B, 0x9F, 0x73, 0x10, 0x3F, 0xE7, 0xD5, 0xCB, 0x4C, 0x38, 0x62, 0xB9,
    0x09, 0x47, 0xCE, 0x9A, 0x70, 0xAE, 0x9E, 0x88, 0x9F, 0x3B, 0x88, 0x3B, 0x3B, 0x66, 0xD8, 0xC1,
    0xC1, 0x7E, 0x5C, 0xAC, 0xA4, 0x8F, 0xA7, 0x1D, 0xB6, 0x7E, 0x79, 0x0E, 0x13, 0xCE, 0x86, 0x75,
    0xD8, 0x1A, 0xF7, 0xDE, 0x75, 0xB8, 0xC8, 0x8E, 0x96, 0x57, 0xB5, 0x88, 0x9C, 0xBB, 0x19, 0xCA,
    0xA6, 0xFD, 0xE7, 0x8E, 0xDC, 0x3B, 0xD6, 0xA2, 0x8C, 0x90, 0x98, 0x23, 0x57, 0x27, 0xEE, 0xD6,
    0x77, 0xB2, 0xC7, 0xE7, 0x70, 0x47, 0x8E, 0xB5, 0xD4, 0x46, 0x68, 0x9E, 0xDC, 0xA7, 0xC6, 0x5A,
    0x9C, 0x05, 0x3F, 0x8E, 0xB8, 0x42, 0xB8, 0x87, 0xB8, 0xCF, 0x07, 0x54, 0xA6, 0x0F, 0x98, 0xDA,
    0x20, 0x50, 0xB1, 0x8B, 0xBD, 0xB2, 0x49, 0xAE, 0xEA, 0x6E, 0x76, 0xEF, 0x6C, 0xB0, 0x4E, 0x45,
    0xD5, 0xC4, 0xF3, 0x96, 0x9D, 0x8A, 0xF0, 0x17, 0xA5, 0x7E, 0x21, 0x78, 0xA9, 0x5B, 0xEE, 0x10,
    0xB1, 0x5B, 0x1C, 0x86, 0x6F, 0xCA, 0xDE, 0x73, 0x38, 0x94, 0xCB, 0xE4, 0xF9, 0x95, 0x70, 0x3E,
    0x3C, 0xE6, 0xB7, 0xD9, 0x92, 0xF1, 0x2C, 0x4A, 0x84, 0x5A, 0x89, 0xC1, 0xA9, 0x4A, 0x60, 0xEE,
    0x17, 0xC8, 0x3C, 0x25, 0xB8, 0x25, 0x9D, 0x8A, 0x5D, 0x2C, 0xDC, 0x99, 0xD8, 0xC5, 0x78, 0x3A,
    0x76, 0x31, 0xA8, 0x51, 0xF4, 0x3E, 0x76, 0x11, 0x3A, 0x71, 0x9F, 0x0C, 0x1B, 0xBB, 0xDF, 0x8D,
    0x5D, 0xDC, 0x12, 0x28, 0x48, 0x4B, 0x14, 0x2D, 0x1D, 0x3D, 0x75, 0xEE, 0xC3, 0xB5, 0x0B, 0x16,
    0xEE, 0x30, 0x67, 0x73, 0x6E, 0xCA, 0x36, 0xFE, 0x16, 0x5D, 0x86, 0x0A, 0x3F, 0x66, 0xC1, 0x77,
    0x2C, 0xC3, 0x3A, 0x6C, 0xA3, 0xD5, 0xCF, 0x51, 0x75, 0x09, 0x72, 0x16, 0xDD, 0xC1, 0xAF, 0x61,
    0xB8, 0xDE, 0x2B, 0xC9, 0x66, 0xFB, 0xBF, 0x7F, 0xFC, 0x85, 0xF5, 0x96, 0x5B, 0x53, 0xF6, 0xE8,
    0xD6, 0x87, 0xC7, 0x3A, 0x63, 0xBF, 0x87, 0x2E, 0x43, 0x0A, 0x4F, 0xCF, 0x5E, 0x8C, 0x13, 0xA5,
    0x7E, 0xC3, 0x8D, 0xE8, 0xD7, 0x15, 0x26, 0x66, 0x31, 0x3E, 0x39, 0xCE, 0x73, 0xD0, 0x05, 0xFB,
    0x3E, 0x00, 0x1F, 0x6C, 0x29, 0x37, 0x62, 0xF6, 0xB0, 0x6F, 0xCE, 0x83, 0x84, 0x9C, 0x31, 0x89,
    0xA7, 0xF0, 0xD7, 0x55, 0x1A, 0x8E, 0xFA, 0x1B, 0x1B, 0x1E, 0xE6, 0x41, 0x6C, 0x01, 0x25, 0x70,
    0xCA, 0xFD, 0xF1, 0x15, 0x79, 0x39, 0x3A, 0xCA, 0xF3, 0x25, 0x2A, 0x92, 0x4F, 0xE1, 0xDE, 0xFA,
    0xB4, 0xF0, 0xD5, 0x7B, 0xB3, 0x26, 0x06, 0x05, 0x59, 0x74, 0x7F, 0x40, 0xBD, 0x66, 0x9E, 0xB8,
    0xF1, 0xB0, 0xF1, 0x24, 0x4B, 0xAB, 0x25, 0xF1, 0xBE, 0x1E, 0x0B, 0xAD, 0x0E, 0x54, 0x72, 0x32,
    0xAD, 0x91, 0x27, 0x4F, 0x0A, 0xD1, 0x44, 0xBE, 0x22, 0x1F, 0x9D, 0xEE, 0x5E, 0xAE, 0x68, 0xF9,
    0x41, 0x27, 0x91, 0x4C, 0x32, 0x74, 0x41, 0x9F, 0x4A, 0x5F, 0xBD, 0x2F, 0x49, 0x2F, 0x9B, 0x08,
    0x19, 0xE1, 0x53, 0x73, 0x0A, 0xDC, 0xC3, 0x98, 0x7D, 0x3D, 0x80, 0x06, 0x2D, 0x83, 0xC2, 0x0A,
    0x71, 0x3E, 0x20, 0x8D, 0x16, 0x89, 0x31, 0x76, 0xC5, 0xD6, 0xD8, 0x95, 0xF7, 0xC6, 0xAE, 0xB3,
    0x09, 0x51, 0x3F, 0x09, 0x00, 0xB7, 0xCA, 0x44, 0xBA, 0x59, 0xCE, 0x24, 0xDA, 0xE5, 0xB0, 0xC0,
    0x4B, 0x9E, 0xA9, 0x27, 0xDC, 0x7A, 0x13, 0x55, 0x64, 0x73, 0x73, 0x40, 0x9A, 0x3B, 0x02, 0x64,
    0x0F, 0x9F, 0x26, 0x62, 0xBA, 0x99, 0x76, 0x8F, 0xF8, 0xDC, 0x14, 0xD6, 0x12, 0xDB, 0x4F, 0x6E,
    0xD3, 0x02, 0xF4, 0x6A, 0xD0, 0x51, 0xE9, 0x46, 0xC9, 0xC7, 0xD2, 0x84, 0x11, 0x90, 0xC8, 0xCC,
    0xFF, 0x93, 0x54, 0x6C, 0xB9, 0x42, 0x97, 0x23, 0x49, 0x2F, 0xA3, 0xE2, 0xD8, 0x86, 0x09, 0x77,
    0x1B, 0xF5, 0xE9, 0x2E, 0x9C, 0xC8, 0x71, 0xC0, 0xD2, 0x07, 0xE8, 0x60, 0x26, 0xA6, 0x3E, 0xE6,
    0x83, 0x38, 0x39, 0xF9, 0xBC, 0x43, 0x7E, 0x7E, 0x9D, 0x2D, 0x3A, 0xAB, 0x7A, 0x4E, 0xA7, 0x9E,
    0x38, 0xB3, 0x7A, 0x83, 0x73, 0xA8, 0x27, 0xE2, 0x65, 0x91, 0x16, 0x57, 0x69, 0xB5, 0xCA, 0x67,
    0x6C, 0x23, 0xC9, 0x6D, 0xE9, 0x66, 0xB1, 0x11, 0x73, 0x35, 0x1B, 0x14, 0x41, 0xBE, 0xFC, 0x2F,
    0x1B, 0xA3, 0x38, 0x3C, 0xA5, 0x08, 0xA1, 0x8B, 0x87, 0x8C, 0xA7, 0x15, 0xB1, 0x13, 0x8B, 0xF4,
    0x53, 0x8B, 0x20, 0x7D, 0x1F, 0xE7, 0x74, 0x41, 0xD4, 0x20, 0x21, 0x6E, 0x10, 0x7C, 0xD2, 0xF4,
    0x1E, 0x0C, 0x97, 0xC8, 0xA6, 0x0B, 0x0F, 0x9E, 0x3C, 0xC5, 0x20, 0xE4, 0xF7, 0x06, 0x21, 0xEA,
    0x2C, 0x26, 0x76, 0x84, 0x13, 0x76, 0x86, 0xBB, 0x30, 0x87, 0x38, 0xD8, 0x01, 0x25, 0x80, 0x30,
    0xCE, 0x95, 0x0B, 0xE6, 0xF2, 0x60, 0x0C, 0x26, 0x1D, 0x68, 0x45, 0x74, 0xCD, 0x6F, 0x4C, 0xEC,
    0x0D, 0x09, 0xFB, 0x40, 0xC0, 0xB2, 0x12, 0x8F, 0x28, 0x99, 0x6F, 0x1A, 0x52, 0xA9, 0x09, 0xA7,
    0x7D, 0xA0, 0x26, 0x2E, 0xE6, 0x46, 0xFC, 0xBC, 0x13, 0x62, 0x09, 0x3A, 0x3F, 0xEE, 0xD4, 0xD9,
    0xCB, 0xC8, 0x55, 0x6D, 0xEF, 0x1B, 0x62, 0xFA, 0x48, 0xA1, 0xE1, 0xE3, 0x07, 0x60, 0xEA, 0x81,
    0x31, 0x18, 0x31, 0x07, 0xD4, 0x53, 0x4C, 0x71, 0xC8, 0xDC, 0x64, 0xEE, 0x30, 0x47, 0xCC, 0x66,
    0x8A, 0x35, 0xE8, 0x96, 0x20, 0x3E, 0xC7, 0x31, 0xCF, 0x22, 0x91, 0xAA, 0x54, 0x93, 0x2E, 0x4F,
    0xFC, 0xBE, 0x05, 0x73, 0x87, 0xD9, 0x4C, 0xF1, 0x33, 0x9C, 0x8B, 0xCA, 0x62, 0xF7, 0x81, 0xC6,
    0xB6, 0xA3, 0x31, 0x9A, 0xA0, 0x99, 0xA0, 0x06, 0x2A, 0x0D, 0x0E, 0x57, 0xF0, 0x18, 0x85, 0x71,
    0x50, 0xAE, 0x49, 0xA5, 0x8E, 0x92, 0x63, 0xD2, 0x98, 0xBC, 0xF2, 0x73, 0xAD, 0x70, 0x72, 0xAC,
    0xE6, 0x3A, 0xAD, 0x73, 0x32, 0x17, 0x46, 0x34, 0xB9, 0x01, 0x32, 0x7B, 0x03, 0x58, 0x7D, 0x65,
    0x77, 0x03, 0x38, 0x18, 0x0A, 0x99, 0x23, 0x88, 0xAB, 0x52, 0x10, 0xFC, 0xBF, 0x50, 0x88, 0xC5,
    0xB3, 0xE2, 0x17, 0xF4, 0xF6, 0x00, 0xFD, 0x94, 0xB8, 0x7B, 0x97, 0x5D, 0x83, 0x9D, 0x67, 0x0C,
    0x34, 0x93, 0x91, 0x3A, 0x7C, 0x73, 0xAA, 0x13, 0xDD, 0xF1, 0x8D, 0xBD, 0xD5, 0xD9, 0x79, 0x24,
    0xB0, 0xE8, 0x02, 0x8F, 0x80, 0x9F, 0x21, 0x1B, 0x36, 0x67, 0x10, 0x74, 0xBA, 0xC4, 0x53, 0xD3,
    0x3F, 0xB1, 0x3D, 0xAE, 0x19, 0x71, 0x0E, 0xE1, 0x1B, 0x67, 0x45, 0x7E, 0x57, 0x36, 0xD2, 0x67,
    0xEB, 0x63, 0xF9, 0x5A, 0x32, 0x96, 0xF9, 0x1D, 0x89, 0xEB, 0x76, 0xD2, 0x23, 0x32, 0xB3, 0x1E,
    0xE1, 0xD3, 0x65, 0x59, 0x49, 0x66, 0xE2, 0x23, 0x32, 0x33, 0x1F, 0x91, 0x99, 0xFA, 0x88, 0xCC,
    0xDC, 0x47, 0x64, 0x26, 0x3F, 0x22, 0x33, 0xFB, 0x11, 0x99, 0xE9, 0x8F, 0xC8, 0xCC, 0x7F, 0x44,
    0x98, 0x00, 0x89, 0xB3, 0x72, 0x1B, 0x99, 0x5B, 0x36, 0xC8, 0xA8, 0xAE, 0x38, 0x1B, 0x97, 0x9C,
    0x25, 0x05, 0x67, 0x42, 0x7A, 0xC7, 0xC4, 0xF3, 0x20, 0xA9, 0x98, 0x27, 0x42, 0x3A, 0x39, 0x97,
    0xC6, 0xD0, 0x64, 0xA3, 0x69, 0x1B, 0x8F, 0x63, 0xB3, 0xCF, 0x28, 0xC1, 0x0D, 0x92, 0xC5, 0x24,
    0xF2, 0x4C, 0x1A, 0x64, 0xB9, 0x56, 0x55, 0xE5, 0x87, 0xA5, 0xF3, 0x6D, 0x3E, 0xAA, 0xBC, 0xA3,
    0x7C, 0xD4, 0x78, 0x7F, 0xCA, 0x47, 0xDB, 0xC1, 0xC3, 0x7C, 0x34, 0x0C, 0x7F, 0x9B, 0x8F, 0x06,
    0x91, 0x97, 0x8F, 0xC2, 0x04, 0x68, 0x35, 0xFC, 0x46, 0xC3, 0xAB, 0x3D, 0x05, 0x2F, 0xD3, 0xF1,
    0xC4, 0x03, 0x6A, 0x7B, 0x72, 0xB4, 0x7A, 0x12, 0xC1, 0x70, 0xFF, 0x1C, 0x0D, 0x28, 0xDA, 0x4F,
    0xE8, 0x8F, 0xB6, 0x33, 0x9F, 0x99, 0x92, 0x6B, 0x7D, 0xB3, 0xEB, 0x79, 0xF2, 0x0D, 0xD8, 0xB5,
    0x4D, 0x30, 0x4F, 0x56, 0x75, 0x83, 0xD6, 0xF8, 0x8E, 0xAA, 0x1A, 0x66, 0x2D, 0xEB, 0x9B, 0x00,
    0x09, 0x24, 0x5D, 0xBA, 0x2B, 0xE1, 0x6F, 0x17, 0x61, 0xF2, 0x07, 0x0A, 0xA6, 0x26, 0x7F, 0x88,
    0x64, 0x32, 0x99, 0xFC, 0xE1, 0xA1, 0x99, 0xFC, 0xE1, 0x05, 0x47, 0x43, 0xF8, 0xB9, 0xC5, 0x6B,
    0x6E, 0x4A, 0x48, 0x6B, 0x56, 0x11, 0x5E, 0x1C, 0x08, 0x0A, 0xC5, 0x32, 0x47, 0x5E, 0x27, 0xA4,
    0x95, 0xA9, 0xC8, 0xFD, 0x12, 0xFC, 0xD4, 0x64, 0xD1, 0x3F, 0x1E, 0xEF, 0xA7, 0x44, 0xC2, 0xF4,
    0xFE, 0x76, 0x4D, 0xD6, 0x98, 0xAC, 0xB6, 0x3E, 0x70, 0xD3, 0x19, 0xFB, 0xE8, 0xA7, 0x5D, 0x36,
    0xC0, 0xFB, 0x66, 0xD7, 0x93, 0xA0, 0xCC, 0x64, 0x63, 0x36, 0x42, 0xBA, 0x68, 0x5D, 0xF0, 0x33,
    0xCE, 0xFC, 0xC2, 0x96, 0x17, 0x3F, 0x88, 0xA1, 0x39, 0x2A, 0x4A, 0xE2, 0xCC, 0x51, 0x45, 0xD0,
    0xEA, 0x6F, 0x4D, 0xA2, 0x52, 0x3D, 0x75, 0x47, 0xFB, 0x11, 0x7A, 0x54, 0x25, 0x37, 0xB4, 0xB9,
    0x53, 0x19, 0xC3, 0x87, 0x56, 0xF1, 0xD1, 0xAD, 0xC6, 0xE7, 0x1E, 0xAC, 0x0E, 0x26, 0x55, 0xAA,
    0x36, 0xB6, 0xFE, 0x03, 0xA6, 0x56, 0x34, 0x07, 0xF1, 0x88, 0x27, 0x34, 0x6E, 0xE8, 0x4B, 0xA1,
    0x4A, 0x05, 0x07, 0x38, 0x39, 0x50, 0x08, 0x22, 0xD5, 0x9F, 0x4B, 0xF1, 0x65, 0x0A, 0x24, 0xCF,
    0xBB, 0xC0, 0x3E, 0x33, 0x74, 0xF5, 0xE2, 0xE6, 0x2F, 0x76, 0xF3, 0x08, 0x26, 0x92, 0xD9, 0x80,
    0x33, 0x1B, 0x56, 0xAA, 0x28, 0xAC, 0x12, 0x89, 0x89, 0xAA, 0x84, 0x8D, 0xD0, 0x4E, 0x74, 0xA7,
    0x38, 0xB1, 0x0D, 0xD6, 0x4E, 0xB7, 0x3F, 0xDB, 0x31, 0x0F, 0x4B, 0x27, 0xE7, 0x78, 0x95, 0x4C,
    0xC9, 0xC9, 0x7B, 0xC0, 0x06, 0x16, 0x84, 0x1C, 0xA9, 0xF1, 0xCD, 0xAB, 0x6A, 0xE2, 0xAC, 0x14,
    0x16, 0x93, 0xA6, 0x83, 0x9F, 0xEE, 0x9A, 0x2F, 0xE6, 0x9B, 0xBA, 0xC3, 0x0F, 0x07, 0x6D, 0x65,
    0xB0, 0x8B, 0x65, 0xD6, 0x4B, 0x97, 0x60, 0xFD, 0x34, 0x8E, 0x77, 0x41, 0x81, 0xA0, 0x51, 0xE9,
    0xB7, 0x8E, 0x8A, 0x8D, 0x6B, 0x9F, 0x50, 0x85, 0x71, 0xAC, 0x0D, 0x54, 0xCE, 0x76, 0x6E, 0xF1,
    0xA9, 0xB2, 0xC6, 0xCD, 0x20, 0xB7, 0xD5, 0x71, 0xF9, 0x8A, 0x8D, 0x88, 0x85, 0x1C, 0x70, 0x1C,
    0x2D, 0xF7, 0x41, 0xE5, 0x40, 0x8A, 0x14, 0xA1, 0x02, 0xAE, 0xC2, 0x23, 0xDA, 0x3F, 0x5A, 0x52,
    0x03, 0xBF, 0xFE, 0x9F, 0xFE, 0xD1, 0x5A, 0xBB, 0x3E, 0xFC, 0x7C, 0x15, 0x23, 0x7E, 0xDC, 0x9C,
    0xF4, 0x1A, 0xD9, 0xB4, 0x1A, 0x3D, 0x59, 0xD1, 0x4E, 0x55, 0xAB, 0xEC, 0x8C, 0xBA, 0xDF, 0xDF,
    0xD7, 0x0C, 0x9C, 0x19, 0x1B, 0xC7, 0x6E, 0xD9, 0x9D, 0x9F, 0xB5, 0xBD, 0x66, 0xC0, 0x7B, 0x2D,
    0x90, 0x35, 0xB4, 0x24, 0x37, 0xFE, 0x98, 0x90, 0x2E, 0x72, 0x4A, 0x4B, 0xBE, 0x19, 0x72, 0xD8,
    0x21, 0x1B, 0x72, 0xD3, 0xB7, 0xA9, 0x4B, 0xAB, 0x98, 0x2B, 0x26, 0x31, 0x73, 0x94, 0x94, 0x77,
    0x78, 0x2E, 0x68, 0x5C, 0xB4, 0x96, 0x6F, 0x65, 0x2E, 0xBE, 0x30, 0x0D, 0x8A, 0xA7, 0x0A, 0xF3,
    0xB6, 0xFC, 0x13, 0x05, 0x9D, 0x4A, 0xB3, 0x81, 0x53, 0xB3, 0xF0, 0x77, 0xBF, 0xAC, 0x68, 0x80,
    0x32, 0xA7, 0x1C, 0x1A, 0x87, 0xFA, 0x96, 0xBF, 0x2B, 0xF9, 0xE6, 0x7E, 0x96, 0x42, 0x6F, 0xA2,
    0x3E, 0x28, 0xB7, 0xDB, 0xAF, 0x3B, 0x8E, 0xC9, 0x43, 0x68, 0xE2, 0x03, 0x65, 0x1F, 0x27, 0x5B,
    0x0F, 0xF7, 0xFD, 0x28, 0x7B, 0xDE, 0x06, 0xB2, 0x7D, 0x47, 0xB1, 0x1B, 0xEF, 0x00, 0x45, 0x48,
    0x0C, 0x0A, 0xA2, 0x57, 0x6E, 0xC5, 0x6B, 0x9E, 0x6F, 0xD3, 0x47, 0x58, 0x17, 0x4C, 0x78, 0xB7,
    0x3E, 0x58, 0x49, 0xE4, 0xAF, 0x79, 0x18, 0x87, 0xDC, 0x32, 0x03, 0x57, 0xAC, 0x8B, 0xE7, 0x9A,
    0xD5, 0xEA, 0x2B, 0x9C, 0x51, 0xF7, 0x40, 0xAD, 0x46, 0x3D, 0xFD, 0xB0, 0x40, 0x87, 0x0A, 0xA8,
    0x89, 0xDC, 0x98, 0xBD, 0xFB, 0x96, 0x45, 0x07, 0xE5, 0x8B, 0xA2, 0x83, 0x80, 0xDD, 0xC9, 0xB7,
    0xF3, 0x47, 0x07, 0x71, 0x40, 0x4A, 0x25, 0x4C, 0x35, 0x7C, 0xFF, 0xBF, 0xC9, 0xA4, 0x99, 0xA8,
    0x21, 0x5D, 0x76, 0xDE, 0xC2, 0x46, 0x0D, 0xED, 0x74, 0xF3, 0xEF, 0xCC, 0x46, 0x0D, 0x15, 0x27,
    0xA3, 0x86, 0xFE, 0x43, 0x83, 0x9D, 0x16, 0x5E, 0x9E, 0xF5, 0xEB, 0x33, 0x73, 0x79, 0xFE, 0x8B,
    0x6C, 0x5A, 0x89, 0x9E, 0x50, 0x13, 0x75, 0xB6, 0x55, 0xB3, 0xAF, 0xB5, 0xD7, 0x3F, 0xF1, 0x1D,
    0x1E, 0x78, 0xF4, 0xDD, 0x59, 0xFE, 0xB7, 0x6F, 0x74, 0x57, 0x32, 0x45, 0xCA, 0x4C, 0xD5, 0xB8,
    0xFE, 0x59, 0xD4, 0x71, 0x66, 0x58, 0x9C, 0x5B, 0xB7, 0x2E, 0x7C, 0x06, 0x83, 0xC5, 0x75, 0xE7,
    0xFA, 0xF5, 0xA6, 0xF8, 0x05, 0x72, 0xAD, 0x4B, 0x2D, 0xED, 0xF1, 0x1B, 0xD1, 0xC5, 0xEB, 0x4F,
    0x1F, 0x5C, 0xB2, 0x5D, 0x4B, 0xB7, 0x84, 0xBA, 0x39, 0x9E, 0xE3, 0xF7, 0x0A, 0x9C, 0x98, 0x7F,
    0xCB, 0xC5, 0xA7, 0x4B, 0xEF, 0x6C, 0xC1, 0x97, 0x92, 0xFB, 0x94, 0x3B, 0x08, 0x51, 0xD9, 0x24,
    0x8A, 0x2F, 0x77, 0xB6, 0x84, 0x1A, 0x91, 0x6B, 0x62, 0xE9, 0x89, 0x18, 0x9E, 0x72, 0x22, 0xFA,
    0x89, 0x5E, 0x5C, 0x7B, 0x22, 0x94, 0xEC, 0x4F, 0x3E, 0x84, 0xF6, 0xAE, 0x50, 0x97, 0x2E, 0x62,
    0x66, 0x56, 0xF3, 0xEA, 0xBB, 0xC3, 0xE2, 0xD8, 0x0B, 0xBD, 0x8A, 0xF9, 0xAD, 0x56, 0xE5, 0xD9,
    0x2C, 0xB6, 0xFA, 0xE8, 0x49, 0x77, 0x8E, 0x38, 0xF7, 0xCF, 0x33, 0xD7, 0x4E, 0x96, 0xE3, 0xE3,
    0x9F, 0xFC, 0xB8, 0xE9, 0xF2, 0x86, 0x63, 0x7D, 0x73, 0xA1, 0xDA, 0x77, 0xB6, 0xF9, 0x35, 0xC0,
    0xCA, 0x27, 0xC1, 0x5A, 0x99, 0xA7, 0xF7, 0xF1, 0xFC, 0x21, 0xD8, 0x0D, 0x98, 0x23, 0x1B, 0x74,
    0xA7, 0x9F, 0xC3, 0x03, 0xBC, 0x35, 0x42, 0x9B, 0xBD, 0xBC, 0xD8, 0x18, 0x13, 0x6E, 0x50, 0xD0,
    0x73, 0xFA, 0x36, 0x24, 0xCF, 0xE8, 0xDB, 0xE0, 0x01, 0xBF, 0x28, 0xBA, 0xA0, 0xD0, 0x24, 0x7E,
    0x46, 0xDF, 0x06, 0x39, 0xDF, 0xB7, 0x61, 0x63, 0x6C, 0x0A, 0xE8, 0x97, 0x73, 0xD5, 0x2B, 0xE7,
    0xA8, 0x17, 0xA1, 0x90, 0x4A, 0xB5, 0x06, 0x14, 0xB6, 0x67, 0x51, 0x8F, 0xA0, 0x1E, 0xE1, 0x97,
    0x72, 0x89, 0x02, 0xD8, 0x65, 0x09, 0x59, 0xA0, 0x00, 0xF7, 0x60, 0xFE, 0x05, 0xCD, 0xDA, 0x01,
    0x84, 0x6C, 0x59, 0x7E, 0xC7, 0xF1, 0xCF, 0xAD, 0xF3, 0x7A, 0x2A, 0xF3, 0x6A, 0xCD, 0x79, 0xE8,
    0xC7, 0x06, 0x3B, 0x17, 0x06, 0x31, 0xB2, 0xA9, 0x45, 0x10, 0xF4, 0xEB, 0x7B, 0x65, 0x11, 0x82,
    0xA4, 0xC3, 0x7B, 0x82, 0x60, 0x07, 0x00, 0x18, 0x58, 0xC0, 0xEB, 0xEE, 0x22, 0x80, 0x48, 0xA6,
    0x03, 0x00, 0x3C, 0xC0, 0x98, 0x25, 0x13, 0x04, 0x0F, 0xFD, 0xD2, 0x27, 0x1E, 0x42, 0x82, 0x5C,
    0xBB, 0x16, 0xC0, 0x5C, 0x22, 0x09, 0x81, 0x39, 0xBB, 0x5B, 0x4C, 0x4D, 0xE6, 0x76, 0x9D, 0xBC,
    0xBA, 0x4A, 0xD1, 0xCC, 0x8C, 0xB1, 0xBA, 0xDE, 0xEB, 0x2A, 0xFF, 0xDF, 0x3D, 0xDD, 0x55, 0x75,
    0xDA, 0xF7, 0x7B, 0xFE, 0x7D, 0x8E, 0xDB, 0x9A, 0x01, 0x93, 0x01, 0x61, 0x8D, 0x69, 0x41, 0xFC,
    0xAC, 0x25, 0x7E, 0x94, 0xA8, 0x67, 0x89, 0x26, 0xF4, 0x1C, 0x87, 0xCC, 0xE5, 0x24, 0x33, 0x58,
    0xA9, 0x96, 0x06, 0xA1, 0x94, 0xEB, 0x4D, 0x14, 0xB3, 0xFF, 0xFB, 0xE4, 0x4A, 0x4C, 0xEA, 0x45,
    0xBD, 0x10, 0x53, 0xC3, 0xAC, 0x6B, 0x08, 0xF9, 0xC5, 0x26, 0x06, 0xAA, 0x15, 0x00, 0x0C, 0x37,
    0x03, 0xAE, 0x96, 0xE2, 0x66, 0xA2, 0xFF, 0x3A, 0x5F, 0x10, 0xD3, 0x58, 0x66, 0xC9, 0xC1, 0x87,
    0x29, 0x94, 0x92, 0xEA, 0xF5, 0xA7, 0xA9, 0x31, 0x4B, 0x2F, 0xC4, 0x34, 0x8C, 0x55, 0xA7, 0x73,
    0x57, 0xA9, 0x29, 0x5F, 0xA4, 0x58, 0x5E, 0x26, 0x8F, 0x01, 0x71, 0x41, 0x9D, 0x88, 0x2D, 0x10,
    0x46, 0xB2, 0x02, 0xB1, 0x45, 0x84, 0x35, 0xE4, 0x5D, 0xE0, 0xF5, 0x69, 0x68, 0x12, 0x4D, 0x46,
    0xA6, 0xCA, 0xC4, 0x8E, 0x88, 0x77, 0x6E, 0x55, 0xC4, 0xFD, 0xC5, 0xD6, 0xC5, 0xEA, 0x98, 0xB0,
    0xFE, 0x29, 0xF1, 0xF3, 0x96, 0x66, 0x9A, 0x78, 0xCF, 0xC5, 0xEB, 0x86, 0x66, 0xC5, 0x24, 0x9B,
    0xBF, 0x4C, 0xCE, 0xFF, 0x9B, 0x2F, 0x97, 0x42, 0x77, 0xA4, 0x72, 0xEF, 0xD6, 0xA0, 0xEF, 0x43,
    0x4C, 0x08, 0xDD, 0xC7, 0xF8, 0xCD, 0xDA, 0x9B, 0x85, 0x7E, 0x8A, 0x06, 0xF1, 0x4F, 0xB2, 0xC9,
    0x47, 0x2B, 0x8E, 0x4F, 0x59, 0xC6, 0x56, 0x5B, 0xB5, 0x60, 0x3E, 0xCE, 0x95, 0x26, 0x5F, 0xFE,
    0xA4, 0x27, 0x64, 0x63, 0x4D, 0xB2, 0xEA, 0xAF, 0xB2, 0x52, 0xF2, 0xB4, 0xFC, 0x2C, 0xC7, 0x34,
    0xC9, 0xF3, 0x36, 0xE4, 0xC6, 0xA6, 0xA6, 0xB9, 0x4E, 0xF3, 0x1C, 0xCB, 0x75, 0x0E, 0x25, 0x67,
    0x0F, 0xC1, 0x03, 0x58, 0x43, 0x84, 0x9A, 0x6A, 0x75, 0x44, 0xB8, 0xFE, 0xD1, 0x06, 0x1F, 0xC7,
    0x6F, 0x06, 0x9F, 0xB7, 0x5A, 0x62, 0xC6, 0x3F, 0x52, 0x65, 0xF5, 0xCB, 0x85, 0xE6, 0x3F, 0xB9,
    0x5E, 0x0A, 0xFD, 0x23, 0x95, 0x83, 0xDB, 0x6B, 0xF8, 0xB7, 0xDA, 0x0F, 0x98, 0x7F, 0x99, 0x79,
    0x74, 0xD5, 0xF1, 0xA3, 0xFB, 0x2D, 0x3E, 0x46, 0xD8, 0x75, 0xC1, 0x3C, 0x74, 0xBC, 0xE7, 0xD9,
    0xEB, 0xD6, 0xB0, 0xBA, 0x2F, 0x94, 0x7F, 0x30, 0xFD, 0x9B, 0xC1, 0xC4, 0x09, 0xF5, 0x82, 0xA6,
    0xDF, 0xFD, 0x0A, 0xDC, 0xAA, 0x86, 0x31, 0xC2, 0xF5, 0x96, 0x47, 0xBD, 0x41, 0x39, 0x0D, 0x99,
    0x13, 0x27, 0xC0, 0x5D, 0xD9, 0xEE, 0x0F, 0x5A, 0x9A, 0xC4, 0x55, 0x56, 0x2D, 0x07, 0xD3, 0xAE,
    0x71, 0x70, 0xAB, 0x26, 0x50, 0xB7, 0xCC, 0x17, 0xE3, 0x15, 0xB8, 0xDF, 0xDA, 0x7E, 0xF5, 0x08,
    0x87, 0xFF, 0x74, 0xC2, 0x91, 0x9E, 0xF9, 0xA7, 0x89, 0x58, 0x16, 0x54, 0x1F, 0x7B, 0xED, 0x9E,
    0x96, 0x84, 0xCC, 0x34, 0x99, 0xFC, 0xE9, 0xDB, 0x42, 0xFA, 0xA1, 0x50, 0x06, 0x4A, 0xE6, 0xC0,
    0x6D, 0x19, 0xB9, 0xB1, 0x3F, 0xF6, 0x78, 0x90, 0x77, 0xF4, 0x3F, 0x1B, 0xE9, 0xDB, 0x37, 0x41,
    0x5F, 0x65, 0x0C, 0x78, 0x64, 0xBF, 0xF4, 0xD5, 0xC5, 0x16, 0x88, 0x77, 0xE0, 0xE9, 0x9D, 0x51,
    0xE0, 0x5D, 0xD4, 0x89, 0xAA, 0x1B, 0xA9, 0x26, 0x7F, 0x36, 0x6A, 0x30, 0xD9, 0x69, 0x68, 0x6F,
    0x7B, 0x9F, 0x5C, 0xDE, 0xD8, 0x27, 0x1F, 0x68, 0x39, 0xAA, 0x7A, 0x9A, 0x4F, 0xDF, 0xA0, 0x86,
    0xE7, 0xE3, 0x3E, 0x29, 0x6C, 0xF7, 0xC9, 0x89, 0xDF, 0xD9, 0x5F, 0x37, 0xFC, 0xA1, 0x67, 0x1B,
    0xE4, 0xCC, 0xBC, 0x74, 0x5B, 0x64, 0x8F, 0xDD, 0xA9, 0x2D, 0x32, 0xB4, 0xF7, 0x85, 0x54, 0x6F,
    0x05, 0x2C, 0x6F, 0xB7, 0x0F, 0x60, 0x8E, 0x06, 0x73, 0xA0, 0x29, 0x65, 0x31, 0xD6, 0x27, 0x9F,
    0xB4, 0xC7, 0xF8, 0xBA, 0x6A, 0x4A, 0x31, 0xD6, 0x93, 0x27, 0xBE, 0xE1, 0x3D, 0x9B, 0xD7, 0x76,
    0x73, 0x81, 0xDD, 0xCF, 0x6A, 0x99, 0x03, 0xCE, 0x97, 0x1B, 0x4B, 0xE2, 0xF2, 0x3C, 0xD5, 0x8B,
    0xD8, 0x35, 0x42, 0x3E, 0x16, 0xF2, 0xF9, 0x93, 0xBF, 0xCC, 0xE7, 0xA5, 0xE4, 0xAB, 0x57, 0x75,
    0x6A, 0x3B, 0x1F, 0xE6, 0x0B, 0x62, 0xAE, 0xBA, 0x50, 0x4A, 0xE7, 0xAA, 0x24, 0xD5, 0x09, 0x8C,
    0xD8, 0x62, 0x67, 0xBC, 0xC2, 0x46, 0xC9, 0x79, 0x4F, 0x95, 0x99, 0x64, 0xEA, 0xC4, 0xBB, 0xF8,
    0xC1, 0x1E, 0x19, 0xEB, 0x9E, 0x7A, 0x85, 0xA7, 0xB8, 0x64, 0x9A, 0x99, 0x2E, 0x98, 0xB6, 0xB7,
    0xC7, 0x7A, 0x31, 0x31, 0x5D, 0x47, 0xB1, 0x14, 0x3F, 0x98, 0x0E, 0xEE, 0x39, 0xD9, 0x1F, 0xCF,
    0xC9, 0xA4, 0x0D, 0x65, 0xBA, 0x88, 0xA5, 0x88, 0x61, 0xED, 0x9E, 0x07, 0xB7, 0xC7, 0xC1, 0x33,
    0x42, 0x36, 0x9F, 0x25, 0x57, 0xFF, 0xA1, 0xFA, 0x2A, 0x9B, 0xA6, 0x95, 0xFB, 0xBE, 0xBF, 0x3F,
    0x1E, 0x2E, 0xB1, 0x12, 0x5F, 0xF6, 0x9A, 0x5F, 0xB7, 0x86, 0xC1, 0x24, 0x1F, 0xAB, 0xDA, 0x83,
    0x5B, 0xE3, 0xFA, 0x18, 0x4F, 0x31, 0xBF, 0xBF, 0x30, 0xFD, 0x49, 0xE6, 0x6C, 0x60, 0xD9, 0xA8,
    0x16, 0x6F, 0x81, 0x58, 0x4A, 0x3F, 0xD6, 0xFF, 0x7E, 0x72, 0x11, 0x17, 0x7C, 0x6D, 0x95, 0x92,
    0xC6, 0xFA, 0xE5, 0x93, 0xF6, 0x9B, 0xDE, 0x33, 0xBE, 0xB6, 0x9D, 0xEB, 0x18, 0x35, 0x66, 0x2F,
    0xB3, 0xEA, 0xA3, 0x81, 0xA6, 0xE1, 0x72, 0x96, 0x9C, 0x54, 0x2D, 0xA8, 0xAF, 0x29, 0x25, 0x85,
    0xEB, 0x3A, 0x4F, 0xFB, 0xB0, 0x8C, 0xC9, 0x10, 0x17, 0x86, 0xFA, 0x97, 0x4F, 0x86, 0xBA, 0x94,
    0x61, 0xFE, 0xAA, 0xEA, 0x76, 0x3B, 0x6F, 0x62, 0xD6, 0x13, 0x06, 0x3F, 0x55, 0xCA, 0xD2, 0xBC,
    0x64, 0x1E, 0xE3, 0x1E, 0xE6, 0x09, 0x3D, 0x93, 0xCE, 0x3C, 0xB6, 0xAE, 0xFE, 0x4D, 0xF5, 0xC5,
    0xFE, 0xD7, 0xED, 0x6B, 0xEE, 0x1F, 0xD2, 0xB8, 0x7E, 0xD7, 0xAB, 0xDD, 0xFD, 0xC3, 0x6D, 0xAD,
    0x5F, 0xF5, 0xEC, 0x7B, 0xA6, 0xEB, 0xA7, 0xE2, 0x87, 0x2B, 0x6F, 0x57, 0x17, 0xBC, 0x8F, 0xAB,
    0xF4, 0x7A, 0xFA, 0xF3, 0xF9, 0xD4, 0xA4, 0x7C, 0x2E, 0xFC, 0xEB, 0x78, 0xF0, 0x11, 0x13, 0x4D,
    0xB6, 0xE3, 0xBC, 0xC5, 0x3E, 0x75, 0x80, 0x26, 0x51, 0xB2, 0xF0, 0xAB, 0x95, 0x59, 0x3A, 0x73,
    0xE0, 0xE0, 0xF5, 0xEF, 0xFF, 0x07, 0x9B, 0x71, 0xC7, 0x79, 0x56, 0xAD, 0x06, 0xA1, 0x6B, 0x54,
    0x0E, 0xF6, 0x7A, 0x36, 0xC4, 0x3E, 0x0E, 0x8E, 0x1C, 0x85, 0x21, 0x74, 0x21, 0x51, 0x4A, 0x59,
    0xCF, 0xFA, 0x59, 0xF7, 0xED, 0xCF, 0xAB, 0x75, 0x29, 0xE7, 0xA9, 0xC9, 0x72, 0x95, 0x63, 0x17,
    0xBD, 0x83, 0xDA, 0xFC, 0x5B, 0x9F, 0xDF, 0x7D, 0x66, 0x98, 0xA6, 0xD8, 0x8F, 0x77, 0xE8, 0xC3,
    0xF5, 0x1F, 0xF1, 0xF4, 0xF2, 0xE6, 0x83, 0xCB, 0xEB, 0x4B, 0xC0, 0xAC, 0xAC, 0xB8, 0x2A, 0xA5,
    0x0D, 0xE5, 0xEF, 0xAF, 0xBA, 0xD9, 0xD2, 0x34, 0xC7, 0x4E, 0x35, 0x6C, 0x0C, 0x0C, 0x0D, 0xCE,
    0x1A, 0x34, 0x63, 0x9C, 0xA3, 0x39, 0xDB, 0x8D, 0x9A, 0x1B, 0x71, 0x36, 0x5F, 0x70, 0x1D, 0x93,
    0x6A, 0x98, 0x65, 0xD3, 0x65, 0x58, 0xB7, 0xE7, 0xBD, 0x32, 0x1E, 0x66, 0x65, 0x85, 0x87, 0x00,
    0x9A, 0x9B, 0x01, 0xE7, 0x2B, 0xA1, 0x94, 0x36, 0x7E, 0xF9, 0x61, 0x57, 0xA7, 0x90, 0x1B, 0xD5,
    0xAA, 0x61, 0x38, 0x63, 0x38, 0x65, 0x78, 0xB1, 0xBD, 0x1E, 0x33, 0x34, 0x0C, 0xF3, 0x36, 0x2C,
    0x63, 0x1F, 0x73, 0x28, 0x25, 0xB9, 0x5A, 0x53, 0xB5, 0x5F, 0xBB, 0x3E, 0x5C, 0xB5, 0x9B, 0xE8,
    0x30, 0xC9, 0xB6, 0x51, 0x27, 0xFC, 0x01, 0xFC, 0xD0, 0x1B, 0xD1, 0x10, 0x33, 0x71, 0xC0, 0x11,
    0x9E, 0x12, 0x96, 0x84, 0x44, 0x58, 0xDC, 0xA6, 0x8D, 0xEA, 0x19, 0x42, 0xCF, 0x71, 0x5C, 0x50,
    0xFE, 0x8E, 0xF0, 0xC5, 0xA8, 0x66, 0xC9, 0x7D, 0xBF, 0xF7, 0x46, 0xC8, 0x39, 0xC5, 0x20, 0xFE,
    0x3C, 0x9B, 0xFF, 0x7A, 0xE1, 0x74, 0x50, 0xE5, 0xB9, 0xAA, 0xAD, 0x6E, 0x8D, 0x7C, 0x72, 0x81,
    0x90, 0x61, 0xF5, 0x3E, 0x7E, 0xBF, 0x24, 0x26, 0x5F, 0xF4, 0x6F, 0x96, 0xFC, 0x12, 0x8F, 0x10,
    0x63, 0x67, 0xF2, 0xE1, 0x92, 0xD3, 0x4B, 0x55, 0xAE, 0x6F, 0x95, 0x1C, 0xF7, 0xA0, 0x49, 0x98,
    0x74, 0x08, 0x89, 0xE3, 0xD8, 0x52, 0xFE, 0x96, 0xF0, 0xD5, 0x76, 0xF5, 0xBD, 0xFD, 0x66, 0x1C,
    0x30, 0x69, 0x99, 0x2E, 0x71, 0x84, 0xE7, 0xE2, 0xCF, 0x3B, 0xF3, 0x5F, 0xED, 0xA5, 0x0B, 0x54,
    0x17, 0xDF, 0x67, 0xB6, 0x7E, 0x4A, 0xDC, 0xE8, 0xFE, 0xDE, 0xE4, 0x02, 0xEF, 0x43, 0x59, 0xDC,
    0x05, 0x17, 0xA7, 0xA1, 0x55, 0x3E, 0x37, 0x79, 0xB9, 0x56, 0xB5, 0x87, 0xCC, 0x3A, 0xE6, 0xD9,
    0xE8, 0xE2, 0xD6, 0xFB, 0xE2, 0x21, 0x5C, 0xB5, 0x54, 0x25, 0x11, 0x7E, 0x93, 0x89, 0x8B, 0x4B,
    0xEE, 0x39, 0xBC, 0x5B, 0xE7, 0xC0, 0x41, 0x4B, 0xCC, 0x34, 0xAB, 0x91, 0x31, 0xE4, 0xBA, 0xAD,
    0x5E, 0x3D, 0xF7, 0x7B, 0x46, 0x54, 0x27, 0x10, 0x32, 0xC4, 0x0E, 0xEA, 0x16, 0x1E, 0x81, 0x07,
    0x80, 0xC9, 0x6A, 0x23, 0x29, 0xE4, 0x8D, 0xA5, 0x1F, 0xE7, 0x50, 0xFE, 0xE2, 0xEA, 0xB3, 0xD1,
    0x53, 0x69, 0x47, 0x51, 0x46, 0x53, 0x1A, 0xFC, 0xF3, 0x98, 0xCD, 0x36, 0x47, 0x47, 0xCE, 0xD8,
    0x8D, 0x1B, 0x37, 0xF3, 0x6C, 0xFB, 0xD9, 0x51, 0x9A, 0x8D, 0xB5, 0x6C, 0xD4, 0x66, 0xE3, 0xAD,
    0xB5, 0x15, 0xE7, 0xA1, 0x5D, 0xAE, 0x51, 0x0D, 0x08, 0xD9, 0x96, 0xE4, 0xC0, 0x38, 0x9E, 0xF6,
    0xCE, 0x57, 0xB3, 0x2E, 0x94, 0xF2, 0xE7, 0xE9, 0x95, 0xAA, 0xA2, 0x5E, 0x84, 0x95, 0x46, 0xB5,
    0x09, 0x83, 0x8D, 0x2E, 0x1B, 0x4F, 0x5E, 0xEC, 0x46, 0x1B, 0x65, 0x1A, 0x06, 0x1B, 0x69, 0x36,
    0xD6, 0x8C, 0xDA, 0x46, 0x6F, 0xAA, 0xD6, 0x4D, 0x49, 0xD5, 0x00, 0xCE, 0x40, 0x0D, 0xAA, 0xBB,
    0x65, 0xE9, 0x31, 0xAC, 0xA1, 0xB9, 0xF9, 0x27, 0x4A, 0x27, 0x7B, 0xB5, 0xA4, 0x8C, 0x59, 0x12,
    0x84, 0xCE, 0x2E, 0x9B, 0x05, 0x1C, 0x19, 0xF3, 0x6E, 0xB9, 0x9A, 0xF7, 0xA8, 0x57, 0xF0, 0x14,
    0x2E, 0x31, 0xCD, 0x98, 0x2D, 0x30, 0x6D, 0xF7, 0xDB, 0x56, 0x8B, 0x03, 0xC4, 0x21, 0x62, 0x5E,
    0xAE, 0x71, 0x14, 0x57, 0x38, 0xD4, 0xDE, 0x29, 0x49, 0xEF, 0x59, 0x98, 0x94, 0x1F, 0x27, 0x23,
    0xC0, 0xEC, 0x8F, 0x0B, 0x95, 0xC3, 0xBD, 0xAA, 0xC1, 0x9D, 0x52, 0x00, 0x38, 0x06, 0xCD, 0x6E,
    0x7C, 0xF3, 0xB1, 0x7F, 0x23, 0xB3, 0x84, 0xD8, 0xD9, 0x8E, 0xE0, 0x94, 0xB8, 0x78, 0x41, 0x4C,
    0xBF, 0x65, 0x9C, 0xEE, 0xE2, 0x8C, 0xB8, 0x68, 0x98, 0xB7, 0xF3, 0x85, 0x73, 0x71, 0xF9, 0xD6,
    0xB5, 0x50, 0xCA, 0x92, 0xAB, 0x92, 0xA8, 0x4E, 0xEC, 0x40, 0x6F, 0x04, 0x5C, 0x0A, 0xDD, 0x20,
    0xF4, 0xDF, 0xAD, 0x66, 0xFD, 0x0B, 0xB1, 0x3F, 0x7F, 0x25, 0xBB, 0x29, 0x5F, 0xF5, 0xB3, 0xF2,
    0x8B, 0xDE, 0x21, 0xA0, 0x61, 0x57, 0x30, 0x5D, 0x62, 0xB6, 0x86, 0xDA, 0x36, 0xAA, 0x6B, 0x54,
    0x19, 0x55, 0xF7, 0x66, 0x34, 0x9C, 0x7F, 0xCB, 0x3F, 0x1D, 0xDC, 0x9A, 0x8D, 0x83, 0xD6, 0x6E,
    0xF7, 0x3C, 0x03, 0x83, 0x9D, 0xF3, 0x5D, 0x53, 0x84, 0x7C, 0x4A, 0xFC, 0xEB, 0x7E, 0x43, 0xF1,
    0xEF, 0x23, 0xCB, 0x67, 0x63, 0x16, 0x9B, 0x5C, 0x8E, 0x99, 0x7C, 0xF7, 0x3C, 0x65, 0x97, 0xA3,
    0x0A, 0xA3, 0x0B, 0xA3, 0x0C, 0x71, 0x39, 0xB9, 0xB6, 0xD1, 0xB1, 0xB2, 0xF5, 0x61, 0x14, 0xC2,
    0x63, 0x4C, 0x76, 0xC7, 0x72, 0x4C, 0x98, 0xC3, 0xA1, 0x6A, 0xC0, 0x64, 0xF9, 0x5C, 0xF8, 0x45,
    0x1E, 0x84, 0xFF, 0xD9, 0x60, 0x97, 0x34, 0x08, 0x6B, 0x1B, 0x01, 0xDF, 0x16, 0xD3, 0xDE, 0xC6,
    0x8F, 0x8D, 0x20, 0x1B, 0x43, 0x36, 0x8A, 0x8C, 0x8E, 0x1C, 0xC2, 0x43, 0x76, 0x92, 0x62, 0xB2,
    0xF3, 0x63, 0x09, 0x0E, 0xEF, 0x94, 0xA5, 0x31, 0x46, 0x49, 0xAE, 0x6F, 0x1E, 0xD0, 0x55, 0xBB,
    0x57, 0x4B, 0x61, 0x05, 0xD3, 0x02, 0x22, 0xBB, 0x5C, 0x43, 0x95, 0x41, 0x7F, 0xA7, 0x5C, 0x69,
    0x12, 0x9A, 0x0C, 0x19, 0x55, 0x46, 0xEC, 0x10, 0xE1, 0x1D, 0x7B, 0x15, 0xF6, 0xBB, 0x3E, 0x40,
    0xE9, 0x32, 0x55, 0x29, 0x3D, 0x93, 0x74, 0x95, 0xA8, 0xDA, 0x83, 0xBB, 0x25, 0xE9, 0x62, 0xC2,
    0x74, 0x3D, 0x23, 0x96, 0xC2, 0xBB, 0xD3, 0x6B, 0xEE, 0x39, 0xD9, 0xAB, 0x1A, 0xEE, 0x96, 0x02,
    0x60, 0x92, 0x21, 0x2C, 0x77, 0xE3, 0x9B, 0x8F, 0xFD, 0x1B, 0x69, 0x6E, 0x06, 0x78, 0x08, 0x0D,
    0xD4, 0x09, 0xB3, 0x0E, 0x55, 0x86, 0x13, 0xC0, 0xC0, 0xBC, 0x3D, 0xA3, 0xD1, 0xF0, 0x42, 0x9D,
    0x0C, 0x62, 0x0A, 0x59, 0xC8, 0x9B, 0x58, 0xC6, 0xC4, 0x50, 0x2F, 0x78, 0xD1, 0xA0, 0x39, 0xC3,
    0x7C, 0x30, 0xEA, 0x65, 0x9A, 0x11, 0xBE, 0x63, 0x3C, 0xC6, 0x80, 0x06, 0xF5, 0x82, 0x69, 0x87,
    0x16, 0x5C, 0xB2, 0x7A, 0xA1, 0x5A, 0x35, 0x42, 0xDE, 0x54, 0xDD, 0xCE, 0xBA, 0x98, 0x62, 0x9A,
    0xA5, 0xB8, 0x08, 0xFD, 0x7C, 0xFC, 0x6E, 0xB5, 0x3C, 0x66, 0xB8, 0xE4, 0x72, 0xE0, 0xD1, 0x92,
    0x26, 0x53, 0xF7, 0xC4, 0x34, 0xD6, 0x38, 0x67, 0x83, 0x33, 0x26, 0x03, 0x65, 0x49, 0x49, 0xAF,
    0x13, 0x10, 0x80, 0xD0, 0xEF, 0x3E, 0xDB, 0x73, 0xCB, 0x88, 0x71, 0xE1, 0xAC, 0x4E, 0x93, 0x21,
    0x2E, 0xB6, 0x88, 0xCC, 0x7A, 0xC4, 0x01, 0x8E, 0xC7, 0xD8, 0x1D, 0x85, 0x1D, 0x42, 0x7A, 0xED,
    0x6B, 0xDD, 0x74, 0xCC, 0x97, 0x78, 0x8E, 0x15, 0xB3, 0x4C, 0x6C, 0x99, 0xD9, 0xFB, 0x7A, 0x3B,
    0x74, 0x41, 0xF9, 0x97, 0x5E, 0x28, 0x25, 0x09, 0xA9, 0x2C, 0x54, 0xEE, 0xBD, 0x76, 0x05, 0x1F,
    0x54, 0x6D, 0x28, 0x21, 0xCD, 0x4A, 0x69, 0x63, 0x58, 0x3B, 0xF0, 0x60, 0xEF, 0xE8, 0xFF, 0x0F,
    0xB5, 0x97, 0x3D, 0x8C, 0x24, 0xC5, 0x15, 0xC7, 0x7F, 0xDD, 0xC5, 0xB9, 0xE1, 0x5A, 0xA2, 0x2E,
    0x18, 0x2C, 0x90, 0x0C, 0x7D, 0x01, 0x96, 0xD6, 0xE8, 0x56, 0xED, 0x80, 0xC0, 0xB6, 0x66, 0xA6,
    0x1A, 0x1C, 0x3A, 0xB8, 0x0D, 0x58, 0x39, 0x97, 0xC8, 0x1C, 0x90, 0x5C, 0x70, 0x96, 0xE6, 0xB6,
    0xDB, 0xDE, 0xD0, 0xC1, 0x91, 0x47, 0x17, 0x10, 0x6D, 0xE2, 0x0B, 0x08, 0xB0, 0x34, 0xBB, 0x53,
    0xE7, 0x0B, 0x08, 0x08, 0xDC, 0xC8, 0x01, 0x99, 0xDD, 0xF8, 0x23, 0x76, 0xC9, 0x0C, 0x72, 0x5B,
    0xAE, 0x99, 0xE7, 0x2A, 0x97, 0xD8, 0x5B, 0x76, 0xC1, 0xBB, 0x27, 0xC4, 0x7B, 0xF5, 0xFF, 0xD7,
    0xAB, 0xF7, 0xD1, 0xFD, 0xDE, 0xAA, 0x67, 0xB6, 0x07, 0x72, 0x8B, 0x6B, 0xBD, 0x78, 0xE7, 0xFE,
    0x69, 0x1D, 0x97, 0xE9, 0x03, 0x40, 0x75, 0x1A, 0xB3, 0x31, 0xA2, 0xB5, 0xBA, 0x8F, 0xBE, 0x54,
    0xAF, 0xCB, 0x46, 0x36, 0xFB, 0x6F, 0x25, 0x3E, 0x3A, 0x3A, 0x7A, 0x4F, 0x44, 0xC6, 0x95, 0xC8,
    0x3A, 0xEC, 0x5D, 0xC4, 0xFE, 0xFE, 0x3E, 0x22, 0x51, 0xBC, 0xA4, 0x6D, 0x3F, 0x4A, 0x28, 0xF9,
    0x2A, 0x27, 0xB0, 0x50, 0xFD, 0xB7, 0xB1, 0x80, 0x17, 0xF6, 0xF7, 0x1B, 0x23, 0x62, 0x23, 0x00,
    0x5E, 0x3B, 0x3A, 0xEA, 0xA2, 0x1D, 0xF7, 0xA2, 0xD3, 0x9D, 0x6E, 0x6A, 0x0C, 0x2D, 0x27, 0x4C,
    0xA8, 0xBA, 0xBA, 0x33, 0x18, 0xE6, 0x2C, 0x58, 0xB2, 0x87, 0xB6, 0x51, 0xAB, 0x98, 0xC1, 0x94,
    0x09, 0xC7, 0x1C, 0x10, 0xE3, 0x15, 0xBA, 0x29, 0x6D, 0xD6, 0x14, 0x9D, 0xD3, 0xBF, 0x72, 0xFA,
    0xA7, 0xAE, 0x56, 0x83, 0x29, 0xED, 0x81, 0xB6, 0x27, 0xDA, 0x4E, 0xAE, 0x35, 0xD5, 0xA1, 0xAB,
    0x0F, 0x9D, 0x29, 0xA2, 0x73, 0xAE, 0xED, 0x42, 0x77, 0x4B, 0xCD, 0xDE, 0x35, 0xF4, 0xA3, 0x51,
    0xFF, 0x7E, 0xD4, 0x8F, 0x5D, 0x15, 0x4B, 0xFA, 0x79, 0x61, 0xA7, 0xBA, 0x9B, 0x5C, 0xE3, 0xB8,
    0x8A, 0xB5, 0x26, 0xAC, 0xA2, 0xAF, 0xD4, 0xA0, 0xDF, 0x74, 0x65, 0xE7, 0xB2, 0x66, 0x0F, 0x00,
    0x93, 0xC0, 0x1C, 0x98, 0x25, 0xFC, 0xE4, 0xDE, 0x2F, 0x30, 0x22, 0x98, 0x13, 0x81, 0x5B, 0x24,
    0xEC, 0x3E, 0x89, 0x33, 0x3F, 0x07, 0x73, 0x11, 0xE7, 0xAE, 0x9D, 0xB0, 0x0B, 0xAD, 0x48, 0x13,
    0x71, 0x63, 0x37, 0xFB, 0xEA, 0xDA, 0x39, 0x7C, 0x7F, 0xF7, 0xBB, 0xA7, 0x79, 0xEC, 0x72, 0x21,
    0x2F, 0xC3, 0xB8, 0xD5, 0x28, 0x3E, 0x6A, 0xBB, 0xAE, 0x7A, 0xE0, 0x75, 0x30, 0x04, 0x37, 0x66,
    0x8B, 0x11, 0xCC, 0x1A, 0xD3, 0xF1, 0x23, 0x00, 0x5E, 0xA4, 0x65, 0x15, 0x30, 0x61, 0x87, 0x57,
    0xB7, 0x6C, 0x84, 0x6D, 0xE0, 0x09, 0x93, 0x1D, 0xDE, 0xE6, 0x41, 0x30, 0x73, 0x2F, 0xD9, 0x46,
    0xF9, 0x2D, 0x3E, 0xF7, 0x13, 0x6E, 0xB2, 0xB7, 0xB3, 0x95, 0xED, 0x24, 0x3E, 0xE1, 0x8E, 0xAB,
    0xE8, 0x03, 0xE2, 0xB3, 0x8D, 0xBE, 0x92, 0x5E, 0x87, 0xD5, 0xF6, 0x89, 0x2A, 0x7B, 0x99, 0xE6,
    0x5D, 0xAC, 0x78, 0x48, 0xD2, 0xAB, 0x57, 0xF0, 0x7C, 0xD2, 0xAB, 0x56, 0x24, 0x29, 0x3D, 0x99,
    0x03, 0x6A, 0x41, 0xF5, 0xC0, 0x4C, 0x77, 0xA5, 0x05, 0x16, 0xA5, 0xD5, 0x00, 0xCB, 0xC2, 0x1A,
    0xE2, 0xAE, 0xEC, 0x02, 0xC0, 0x2B, 0x3B, 0xA6, 0xF3, 0x23, 0x97, 0xE2, 0x8F, 0x3F, 0xDD, 0x50,
    0xF5, 0x8B, 0xF2, 0xA3, 0x8F, 0xA4, 0x59, 0x8D, 0x73, 0x7D, 0xFB, 0xF6, 0x6F, 0xEC, 0xB8, 0xAC,
    0xA4, 0xAE, 0xD5, 0xA7, 0x6E, 0x5E, 0xF8, 0xD9, 0x3C, 0xFF, 0xCC, 0xD5, 0xE0, 0x67, 0xD9, 0x67,
    0x43, 0x05, 0x2E, 0xED, 0x6A, 0x48, 0x7B, 0x61, 0x43, 0x3C, 0xEC, 0xBA, 0xAB, 0xD5, 0x5F, 0x5C,
    0x4D, 0x4D, 0xA5, 0x7A, 0x37, 0x63, 0x86, 0x16, 0x2B, 0x9E, 0x25, 0x4A, 0x30, 0x0E, 0xE0, 0x06,
    0x59, 0x03, 0x9C, 0x6F, 0x9D, 0xD4, 0xFD, 0x00, 0x00, 0x73, 0xDD, 0x15, 0x16, 0x00, 0x96, 0x61,
    0x86, 0x54, 0x80, 0x2F, 0x6C, 0x0D, 0x90, 0x26, 0x98, 0x3D, 0x31, 0x97, 0x4F, 0x4C, 0x07, 0x90,
    0x46, 0x1A, 0xB6, 0x94, 0x03, 0x2B, 0x16, 0xE5, 0x87, 0x1F, 0x8A, 0x35, 0x5E, 0x49, 0x6F, 0xAA,
    0xFB, 0xF7, 0x3F, 0x19, 0x36, 0x6D, 0xF9, 0x89, 0xAB, 0xA4, 0xD2, 0xB9, 0x5B, 0x57, 0xBA, 0x5B,
    0x87, 0xF1, 0x6A, 0x9C, 0xD3, 0xB7, 0x9B, 0x11, 0x96, 0x35, 0x9F, 0x3B, 0x7D, 0x1F, 0x0F, 0xEB,
    0x64, 0xB2, 0x24, 0x77, 0xA7, 0x5E, 0x65, 0x93, 0xD9, 0x78, 0x74, 0x57, 0x65, 0xB1, 0xAC, 0x1B,
    0xA9, 0x08, 0x1F, 0x78, 0x5F, 0xEB, 0x47, 0x8E, 0x39, 0xA5, 0xF4, 0xED, 0x56, 0x89, 0x63, 0x41,
    0x2E, 0x4D, 0x3D, 0x66, 0x62, 0x01, 0x26, 0x64, 0x4D, 0xA4, 0xB5, 0x72, 0x85, 0x0D, 0xB5, 0xCC,
    0x58, 0xF0, 0x30, 0x9C, 0x67, 0xCA, 0x85, 0xD1, 0xD6, 0xFA, 0xD0, 0x55, 0x61, 0x2C, 0xDD, 0x2C,
    0x34, 0x0F, 0x6F, 0x45, 0xBF, 0xEE, 0x42, 0xA4, 0x26, 0xC4, 0x66, 0x84, 0xE8, 0x92, 0x10, 0x77,
    0xCC, 0xF4, 0x9B, 0x03, 0x0B, 0xAD, 0x6C, 0xC8, 0x2A, 0x1A, 0x96, 0xCC, 0xA9, 0x08, 0xA9, 0x36,
    0x1F, 0x70, 0xDC, 0x59, 0x1A, 0xE6, 0x55, 0x53, 0x69, 0xAB, 0x0F, 0x7B, 0xF5, 0xC8, 0xE5, 0xC3,
    0x1A, 0x37, 0xE5, 0xCE, 0xAD, 0xA5, 0xD1, 0x5D, 0x88, 0xFC, 0xCC, 0x52, 0xE9, 0xC7, 0x03, 0xFA,
    0xF0, 0x63, 0x47, 0x88, 0x8F, 0x84, 0x8C, 0x29, 0x21, 0xE7, 0x15, 0x42, 0x96, 0x86, 0x09, 0x2C,
    0x60, 0x03, 0x82, 0xFA, 0xB0, 0x51, 0x8F, 0xAD, 0xCE, 0x7B, 0x1D, 0xE2, 0xBC, 0x3F, 0x65, 0xCA,
    0x4D, 0xBC, 0x72, 0xDA, 0xD6, 0xCD, 0x01, 0x1E, 0x43, 0x65, 0x8B, 0x21, 0x5F, 0x33, 0xC2, 0xAB,
    0xF1, 0x8C, 0x4E, 0xE7, 0x98, 0xD3, 0xC7, 0x9C, 0x25, 0x49, 0xE0, 0x59, 0xAA, 0x8E, 0x6E, 0x4E,
    0x6D, 0x55, 0x5F, 0x75, 0x55, 0x17, 0x33, 0xAF, 0x61, 0xC8, 0x46, 0xF0, 0x70, 0x80, 0x72, 0x10,
    0xDD, 0x50, 0x0C, 0x06, 0x42, 0xC0, 0xC3, 0x3D, 0x5A, 0xA7, 0x86, 0x55, 0xA8, 0x2A, 0xDC, 0x09,
    0x66, 0x50, 0x6E, 0xC2, 0x66, 0xA4, 0x41, 0xB9, 0x03, 0x40, 0xDB, 0xAA, 0x03, 0x13, 0x2A, 0xC0,
    0x93, 0xAD, 0x83, 0x3B, 0xD6, 0x68, 0xAB, 0x9B, 0xAA, 0x31, 0xA1, 0xAA, 0xEC, 0xBF, 0x47, 0xD5,
    0xE5, 0x16, 0xBE, 0x03, 0x9C, 0x28, 0xB7, 0x55, 0xEE, 0xF8, 0xCC, 0x5A, 0xA4, 0x95, 0xBB, 0xE9,
    0xE9, 0xCA, 0xC2, 0x1A, 0xC2, 0x02, 0x80, 0x9D, 0xEC, 0xDD, 0xAD, 0x5A, 0x4B, 0x31, 0x86, 0xC2,
    0x09, 0x1D, 0x40, 0x29, 0x03, 0xAD, 0x78, 0x7E, 0xBC, 0x3E, 0x21, 0x5B, 0xD7, 0xB0, 0xAE, 0x12,
    0x5C, 0x1D, 0x30, 0x0F, 0xF0, 0xF0, 0x2F, 0x07, 0x62, 0x03, 0x00, 0x0F, 0x8C, 0x09, 0xA7, 0x72,
    0x23, 0xF9, 0xB3, 0x00, 0x7C, 0x3A, 0x03, 0x18, 0x11, 0x09, 0xD8, 0x02, 0xF0, 0x3A, 0xE4, 0x76,
    0x0A, 0xAA, 0xD3, 0xA0, 0x29, 0x7A, 0x96, 0x20, 0xBF, 0x75, 0x50, 0x49, 0x43, 0x92, 0x3A, 0x58,
    0xD9, 0x36, 0xF8, 0x42, 0x74, 0x41, 0xCC, 0x23, 0x56, 0xD8, 0x1F, 0x42, 0x66, 0x49, 0x72, 0x07,
    0x1C, 0xD9, 0x10, 0xBC, 0x14, 0x36, 0xE5, 0xB0, 0x0B, 0x53, 0xB8, 0x4B, 0x8C, 0x8C, 0x28, 0x8F,
    0xFA, 0x13, 0xE5, 0x6D, 0x74, 0xD9, 0xEC, 0x2A, 0x3B, 0x55, 0xF6, 0x6E, 0xC8, 0x3F, 0x23, 0xCA,
    0x41, 0x32, 0x86, 0x0B, 0x46, 0x0F, 0x40, 0x7C, 0xA2, 0x96, 0x00, 0x54, 0x22, 0xFE, 0xCB, 0x06,
    0x7A, 0x0D, 0xC9, 0x95, 0x52, 0x60, 0x6E, 0x48, 0xE2, 0xEB, 0x0E, 0x80, 0xCC, 0x6B, 0x4B, 0x1A,
    0xFB, 0x3A, 0x00, 0xF1, 0x88, 0x07, 0x74, 0x07, 0x8C, 0x80, 0x6E, 0xCE, 0x1A, 0x6B, 0xF8, 0xA5,
    0xCE, 0x9D, 0x7A, 0x77, 0x5D, 0xB1, 0x12, 0x71, 0x85, 0x88, 0xD0, 0x7E, 0x61, 0x60, 0x2C, 0xE4,
    0x1E, 0x68, 0x1D, 0x14, 0x02, 0x8C, 0x23, 0xE8, 0x3F, 0x74, 0x28, 0xB7, 0x01, 0x53, 0xF6, 0x94,
    0xCE, 0x40, 0xAB, 0x1C, 0x59, 0x3F, 0x85, 0x97, 0x95, 0xE5, 0x54, 0xD2, 0x6B, 0x0C, 0x30, 0x05,
    0x46, 0xC8, 0x5C, 0x1A, 0xB4, 0xB4, 0xA0, 0x81, 0x39, 0xB0, 0x48, 0x4D, 0xE4, 0x31, 0x64, 0x53,
    0x9B, 0x35, 0x30, 0x03, 0xFC, 0xD7, 0x57, 0x88, 0x17, 0xBF, 0xD9, 0xF3, 0x9C, 0xD7, 0xE8, 0xBF,
    0xE8, 0xDD, 0xBE, 0x27, 0x7E, 0x35, 0xB6, 0x9B, 0x76, 0xF3, 0xC2, 0x31, 0xF7, 0xCE, 0x6B, 0xF4,
    0x5F, 0xF4, 0xBE, 0x16, 0xBC, 0xC6, 0x93, 0xA4, 0x92, 0xBE, 0x94, 0x81, 0x95, 0x78, 0x23, 0x9E,
    0xF9, 0x1B, 0x9B, 0xF9, 0x1B, 0x02, 0x18, 0x30, 0x69, 0xAB, 0xBE, 0xB4, 0xD5, 0xC0, 0x31, 0xB4,
    0x90, 0x7B, 0x32, 0x0F, 0xDA, 0x51, 0x38, 0x30, 0x1D, 0x95, 0x85, 0x83, 0x54, 0xE6, 0x61, 0x99,
    0x86, 0x1F, 0x01, 0x17, 0xB7, 0xF3, 0xF2, 0x00, 0xDE, 0x86, 0xDC, 0x83, 0x07, 0xE5, 0xC9, 0x36,
    0x90, 0xA5, 0x13, 0x7B, 0x70, 0xF3, 0x4C, 0x7B, 0x7D, 0x68, 0x4E, 0xF7, 0xA1, 0x35, 0xDD, 0x83,
    0x29, 0x9F, 0x90, 0x25, 0xD1, 0x71, 0x61, 0xC9, 0x7D, 0x20, 0xED, 0x02, 0x99, 0x4E, 0x59, 0x0E,
    0x08, 0xE4, 0x23, 0xAD, 0x23, 0xB9, 0x48, 0x67, 0x6F, 0x9E, 0x77, 0xB9, 0x47, 0x0F, 0x2A, 0x90,
    0xCB, 0xA2, 0xC5, 0x1E, 0x59, 0x03, 0xC0, 0x49, 0x2E, 0x23, 0xDB, 0x4A, 0x84, 0x63, 0xFD, 0x6E,
    0x6B, 0x8F, 0x41, 0x47, 0x2A, 0x23, 0x15, 0x76, 0x01, 0x3A, 0x52, 0x15, 0xA9, 0x65, 0x4A, 0xEE,
    0x03, 0x95, 0x2E, 0x90, 0xB6, 0x81, 0x6A, 0x02, 0xCD, 0x23, 0xCD, 0x38, 0x23, 0x3B, 0xBC, 0x04,
    0x5B, 0x5A, 0x10, 0xDA, 0x86, 0x2D, 0x06, 0x26, 0x3C, 0x0B, 0x22, 0xE2, 0x22, 0xF6, 0xF7, 0x7F,
    0xEE, 0x48, 0x0F, 0x43, 0x07, 0x06, 0xB8, 0x07, 0x78, 0xD2, 0xE3, 0x33, 0x80, 0xB6, 0x50, 0x37,
    0x60, 0x92, 0x3B, 0x1B, 0x41, 0x39, 0x80, 0xF4, 0xFA, 0x75, 0xB0, 0x92, 0xE1, 0xAE, 0x91, 0x75,
    0x80, 0xBF, 0x04, 0x31, 0xC7, 0x05, 0x74, 0x77, 0x67, 0x7B, 0xDC, 0x9D, 0x72, 0x25, 0xDC, 0xB9,
    0x05, 0xBC, 0x23, 0xBE, 0x10, 0xF1, 0x5A, 0x36, 0x0B, 0x23, 0xE3, 0x34, 0xA2, 0x0D, 0x58, 0x9D,
    0x22, 0x9D, 0xBF, 0x88, 0x55, 0x01, 0x65, 0xC8, 0xCF, 0x02, 0x82, 0x9F, 0x95, 0x88, 0xFD, 0x5D,
    0x2B, 0xEE, 0xFD, 0xD0, 0x43, 0x80, 0xFF, 0x3F, 0x18, 0x3F, 0x30, 0xE2, 0x42, 0x7E, 0xBF, 0x92,
    0x2D, 0x40, 0x9A, 0xBD, 0x0A, 0xD0, 0x10, 0x71, 0xAC, 0x8B, 0x41, 0x44, 0x62, 0xCE, 0x80, 0xB1,
    0x20, 0x8E, 0xEC, 0xF3, 0x35, 0xCA, 0x79, 0x74, 0xDF, 0x92, 0xD9, 0xD7, 0x81, 0x03, 0x04, 0x61,
    0xC6, 0x79, 0xF9, 0x01, 0x6D, 0x7A, 0x29, 0x6F, 0xE2, 0xAB, 0x90, 0xB2, 0x57, 0xF9, 0xAE, 0xFC,
    0x96, 0xE4, 0x92, 0xAF, 0xF1, 0x6F, 0x30, 0x3C, 0xDF, 0xA4, 0xF6, 0x98, 0x51, 0x70, 0xDB, 0xDC,
    0xBD, 0xAA, 0x7A, 0x0A, 0x8B, 0xEE, 0xD0, 0x50, 0xC3, 0x0C, 0x16, 0xE0, 0x61, 0x4D, 0xEE, 0x50,
    0x03, 0x31, 0x18, 0x56, 0x43, 0xCD, 0xDE, 0x3C, 0x1F, 0x17, 0xCA, 0xFB, 0x7C, 0x84, 0xBD, 0x5C,
    0xFE, 0x06, 0xB9, 0xD5, 0x22, 0x31, 0xC7, 0xBC, 0xB1, 0x92, 0xBF, 0xB7, 0x7C, 0x40, 0xB6, 0x92,
    0x0D, 0x0F, 0x09, 0xFB, 0x10, 0xE8, 0x3D, 0xA0, 0x15, 0x4B, 0xFE, 0xEF, 0x62, 0x44, 0x77, 0xCC,
    0x79, 0xF9, 0xF4, 0xCF, 0x7E, 0x13, 0xB2, 0x8E, 0xDC, 0x82, 0xEA, 0x51, 0x87, 0xBD, 0x2B, 0xFE,
    0xFA, 0x47, 0x97, 0xFD, 0xE7, 0xCF, 0x36, 0x54, 0xF0, 0xC2, 0x3B, 0x9B, 0xB7, 0x4E, 0xFF, 0x19,
    0x9A, 0x2D, 0xC8, 0x3F, 0x3A, 0xF5, 0xD9, 0x27, 0x43, 0xF1, 0xF8, 0x63, 0x97, 0xA9, 0xBE, 0x89,
    0x35, 0x49, 0x9E, 0x81, 0xF4, 0xC1, 0xE9, 0xD2, 0x1E, 0xCF, 0x17, 0x65, 0x0E, 0xAC, 0x80, 0x16,
    0x98, 0xF0, 0x75, 0x52, 0x03, 0xA6, 0x4B, 0x78, 0x8E, 0x6C, 0x7D, 0xAF, 0x2A, 0xAC, 0x72, 0xDE,
    0x68, 0x5B, 0x3C, 0x72, 0x8B, 0x1A, 0x7D, 0x38, 0x8C, 0x33, 0xAA, 0x70, 0x58, 0x32, 0xD3, 0xCA,
    0x3A, 0x16, 0xAF, 0x14, 0xBF, 0x1E, 0x78, 0x78, 0xAB, 0x54, 0x36, 0xF5, 0x02, 0x98, 0x86, 0x74,
    0x9D, 0x64, 0x27, 0xFF, 0x25, 0x32, 0x07, 0x4A, 0xBB, 0x02, 0xF4, 0xD0, 0x46, 0xEE, 0x27, 0x40,
    0xD6, 0x70, 0x89, 0xD4, 0x9C, 0xBF, 0xD7, 0x73, 0xA7, 0xF7, 0x6B, 0x81, 0xB2, 0x5F, 0x01, 0xDA,
    0xFD, 0xCF, 0x1E, 0x2E, 0xEB, 0xE3, 0xDA, 0x85, 0xFE, 0xEB, 0x68, 0xC3, 0xD3, 0xF4, 0xDF, 0xA7,
    0xFE, 0x5F, 0x04, 0xF2, 0x06, 0xB3, 0x6A, 0x83, 0x75, 0x46, 0x9E, 0x69, 0x57, 0xED, 0x33, 0xA8,
    0x01, 0x28, 0x1C, 0x24, 0xCA, 0x07, 0xBE, 0x5E, 0x42, 0xFD, 0x75, 0x5A, 0x30, 0xDD, 0x2A, 0xD2,
    0xFC, 0x92, 0xAE, 0x1A, 0x40, 0xA5, 0x2B, 0x93, 0xAC, 0xE4, 0xE3, 0x25, 0x00, 0xEA, 0x53, 0x56,
    0x7D, 0xCD, 0x1A, 0xED, 0xEA, 0xDC, 0x53, 0x46, 0x46, 0xD9, 0x9A, 0x87, 0x29, 0xFA, 0x25, 0x3E,
    0x3A, 0x5A, 0x1D, 0x1D, 0x75, 0x12, 0xC5, 0x26, 0xBE, 0x98, 0x93, 0x77, 0x35, 0x0F, 0xE2, 0x75,
    0xD4, 0x88, 0x8E, 0x4C, 0xD1, 0xD7, 0xF9, 0xFA, 0xDC, 0xD5, 0x5E, 0x01, 0x26, 0x5B, 0xD9, 0xEE,
    0x00, 0xDC, 0x13, 0x39, 0x06, 0xD8, 0x09, 0x8E, 0x09, 0xC7, 0x22, 0x0B, 0x6E, 0x6C, 0x45, 0xA6,
    0xA4, 0x8C, 0x1D, 0x89, 0xEE, 0x33, 0x3F, 0x1F, 0x9F, 0xE2, 0xA7, 0xE7, 0xF3, 0x49, 0xAF, 0x5A,
    0x61, 0x7C, 0x3D, 0x6A, 0x57, 0x0E, 0xC9, 0x73, 0x95, 0x8A, 0xBC, 0x53, 0xB6, 0x1C, 0xC2, 0xA0,
    0xA3, 0xF1, 0x57, 0xAB, 0x50, 0x56, 0xBB, 0x69, 0x10, 0xED, 0xAE, 0x7A, 0x8F, 0x95, 0x7D, 0xBA,
    0xC9, 0xFF, 0x0B, 0xEC, 0x52, 0x81, 0x66, 0x5C, 0x41, 0x14, 0x3D, 0xF3, 0x86, 0x8C, 0x7A, 0x74,
    0x02, 0x05, 0xCA, 0xFB, 0x81, 0xA6, 0xAF, 0x80, 0x94, 0xB7, 0x99, 0xF9, 0x83, 0xA2, 0x0A, 0x60,
    0xF3, 0x07, 0x49, 0x6A, 0x11, 0xAC, 0xEE, 0xFB, 0x8B, 0xA2, 0x5F, 0xD0, 0x2D, 0x0A, 0xD3, 0x58,
    0x2C, 0x73, 0xFF, 0xA0, 0xEF, 0x13, 0x06, 0xA0, 0xA0, 0x83, 0xC5, 0xAA, 0xDD, 0x77, 0x7B, 0xA7,
    0x49, 0x34, 0x8D, 0xAA, 0x42, 0x81, 0x9E, 0x39, 0xBB, 0x7B, 0xE7, 0xCE, 0xBD, 0xCE, 0x9C, 0xBD,
    0xA3, 0x77, 0xB0, 0xEC, 0x5D, 0x4D, 0x9D, 0x1E, 0xE6, 0x3A, 0xAD, 0xAB, 0x7C, 0x4D, 0x89, 0x25,
    0x73, 0x62, 0xA8, 0xE1, 0xDE, 0x8C, 0x10, 0x1C, 0xAE, 0x9E, 0x61, 0x16, 0x6E, 0x70, 0x0E, 0x0B,
    0x38, 0x20, 0x42, 0x31, 0xF4, 0x67, 0xD8, 0x17, 0x68, 0x2C, 0x3A, 0x0B, 0xE6, 0x2C, 0x84, 0xF5,
    0xB0, 0x10, 0x4A, 0x77, 0xCB, 0x74, 0x04, 0x4C, 0x80, 0x0E, 0x70, 0x7B, 0x38, 0xEE, 0x61, 0x08,
    0x7A, 0x10, 0x1E, 0x1A, 0x92, 0xAD, 0x1B, 0x51, 0x10, 0x7B, 0xC3, 0xD4, 0xF8, 0x9B, 0xCA, 0x37,
    0xEC, 0xE3, 0x47, 0x5A, 0xEB, 0x34, 0x57, 0x79, 0x5E, 0xE5, 0x89, 0x4E, 0x0D, 0x93, 0x61, 0x08,
    0x1C, 0x0F, 0x0B, 0x4E, 0xD0, 0x04, 0x43, 0x45, 0xA8, 0x41, 0xE9, 0x99, 0x03, 0x5B, 0x20, 0x43,
    0x97, 0x13, 0xD4, 0xA2, 0xB0, 0x2F, 0xEA, 0xE2, 0xA0, 0xD3, 0xE4, 0x0C, 0x59, 0x46, 0x3D, 0xA2,
    0x3D, 0xA3, 0x62, 0xB4, 0x2A, 0xE6, 0x1C, 0x53, 0xCD, 0x10, 0x98, 0x1D, 0x5A, 0xF6, 0x13, 0x23,
    0x72, 0xC3, 0xAA, 0x4A, 0x6B, 0x9D, 0xDD, 0x34, 0x37, 0x63, 0x52, 0x2F, 0x07, 0x68, 0x82, 0xED,
    0x1B, 0x46, 0xBB, 0x85, 0x40, 0x79, 0x4D, 0x65, 0x31, 0x7F, 0xF8, 0x52, 0x7E, 0xAB, 0x1E, 0x60,
    0x5E, 0xBE, 0x67, 0x01, 0xB0, 0x5C, 0x96, 0x6F, 0xD5, 0x8B, 0x18, 0x1A, 0x4C, 0xD0, 0xFD, 0xB2,
    0x8E, 0x24, 0x67, 0xA5, 0x1F, 0x38, 0x95, 0xDD, 0x53, 0x58, 0xD9, 0x99, 0x5E, 0xD3, 0xF5, 0x32,
    0x54, 0xF7, 0x92, 0xC1, 0xA4, 0x18, 0xC1, 0x6B, 0xC6, 0x0F, 0xF7, 0xB4, 0xAA, 0x28, 0x54, 0xC3,
    0x5D, 0x9E, 0x2B, 0xFA, 0xFB, 0x99, 0xA9, 0x6C, 0xF3, 0x22, 0x6F, 0xF3, 0x61, 0xC6, 0xBD, 0x65,
    0xCA, 0x24, 0x7C, 0x57, 0xD3, 0xED, 0xFF, 0xD8, 0xA3, 0x05, 0xD6, 0xA8, 0x32, 0x24, 0x27, 0xE1,
    0x82, 0x49, 0x58, 0xEF, 0x25, 0xF0, 0xC7, 0xD7, 0x65, 0x35, 0x1D, 0x44, 0xD8, 0x11, 0x6A, 0x7A,
    0x33, 0x3F, 0x6F, 0x28, 0x4A, 0x59, 0x91, 0xC2, 0xBF, 0x7C, 0x10, 0xFF, 0x1F, 0x44, 0x35, 0xC2,
    0x7E, 0xA5, 0x22, 0x5E, 0xD1, 0x01, 0x53, 0xFB, 0xB6, 0x98, 0x10, 0x9E, 0x9C, 0x91, 0xDD, 0x90,
    0xD9, 0xC0, 0x45, 0x5C, 0xD6, 0x3E, 0x97, 0x9B, 0xD0, 0xB7, 0xA5, 0xCF, 0xC0, 0x0A, 0x70, 0xEF,
    0x7C, 0xCD, 0x30, 0x5B, 0x38, 0xC6, 0x4A, 0x53, 0xAE, 0x86, 0xAC, 0x92, 0x50, 0x82, 0x50, 0x7A,
    0xBD, 0x8C, 0xF7, 0x58, 0x91, 0x18, 0xB5, 0x16, 0x7A, 0x07, 0xB5, 0x85, 0xDA, 0x94, 0x40, 0xB6,
    0x92, 0xBC, 0xAC, 0x86, 0x5A, 0x7A, 0xA3, 0x2F, 0xBA, 0x2A, 0x3D, 0x7A, 0x95, 0x1D, 0xE7, 0x4E,
    0x25, 0xD1, 0x6D, 0xA6, 0xBD, 0xD9, 0xE3, 0x14, 0x08, 0xB7, 0xFC, 0xB4, 0x47, 0xE4, 0xDF, 0x3F,
    0xD9, 0x99, 0xA2, 0xBB, 0x95, 0xC1, 0xF8, 0xD0, 0x22, 0xAC, 0x70, 0x95, 0x10, 0x09, 0x31, 0x21,
    0x6C, 0x10, 0x3A, 0x04, 0x8B, 0x99, 0xE9, 0x4F, 0xC3, 0x1D, 0xCC, 0x2E, 0xF6, 0x36, 0x45, 0x8E,
    0xBB, 0xB5, 0x19, 0x3A, 0x71, 0xF0, 0x44, 0xAE, 0x7D, 0x74, 0xFF, 0x33, 0xD3, 0xF4, 0xF8, 0x62,
    0xFC, 0x93, 0xFA, 0x45, 0xB9, 0x5B, 0x5F, 0x4E, 0x55, 0x0A, 0xC8, 0x42, 0x09, 0x64, 0xB6, 0x71,
    0x4A, 0x57, 0x23, 0x02, 0x7E, 0x52, 0x4C, 0xB9, 0x88, 0x0E, 0x98, 0x00, 0x4D, 0x82, 0x1A, 0x01,
    0x0B, 0xD4, 0xFE, 0xF9, 0x19, 0xDC, 0x0E, 0x0F, 0xF0, 0x10, 0x8B, 0x4D, 0xDC, 0x7C, 0x9F, 0x1C,
    0x03, 0x02, 0xF2, 0x4F, 0x60, 0xFF, 0x02, 0x00, 0x9D, 0xD4, 0x01, 0xA4, 0x1D, 0xD9, 0x19, 0x07,
    0xF0, 0xFF, 0x99, 0x93, 0xD7, 0x21, 0x17, 0x67, 0xB1, 0xDB, 0xB0, 0xC5, 0x00, 0xA0, 0x6D, 0x06,
    0x00, 0xCD, 0xBB, 0x67, 0x22, 0x80, 0xA2, 0x29, 0x79, 0x2D, 0x16, 0x59, 0x00, 0xAB, 0xA4, 0x14,
    0x8A, 0x77, 0xDF, 0x4C, 0x1B, 0x2C, 0x40, 0x00, 0x28, 0x04, 0x8B, 0xF6, 0x2D, 0x02, 0x8B, 0xC5,
    0xBD, 0x99, 0xD3, 0xF7, 0xB0, 0x28, 0x32, 0x76, 0xAD, 0x00, 0x72, 0x2A, 0x49, 0x4B, 0x16, 0x39,
    0x95, 0x49, 0x32, 0x79, 0xEF, 0xCC, 0x7C, 0xFD, 0xBE, 0x73, 0x47, 0xDE, 0xA6, 0x4D, 0x57, 0xDB,
    0x2F, 0xEF, 0xFF, 0x9B, 0x39, 0xDF, 0x9C, 0xF3, 0x66, 0x32, 0x6F, 0x66, 0xC0, 0x95, 0x91, 0x87,
    0xA1, 0x00, 0xDB, 0x5C, 0xC5, 0x01, 0x80, 0x88, 0x39, 0xD9, 0xE1, 0x27, 0x51, 0x53, 0x8C, 0xFA,
    0x84, 0xB7, 0x1D, 0xD6, 0x1C, 0xCB, 0x29, 0xE9, 0xE4, 0x76, 0x4E, 0xD4, 0xE3, 0x07, 0x27, 0xB7,
    0xC1, 0xE3, 0x37, 0x43, 0x03, 0x27, 0x42, 0x2A, 0xF3, 0x01, 0xFA, 0x4B, 0x8F, 0x9C, 0x3C, 0x5A,
    0x8A, 0x9A, 0xBE, 0x89, 0x86, 0x3E, 0xEE, 0x8A, 0x7B, 0x3F, 0x6D, 0xAC, 0x31, 0x15, 0x07, 0xAB,
    0xC2, 0x60, 0x7D, 0xB1, 0xC0, 0x7A, 0xF7, 0x22, 0xD6, 0x97, 0x76, 0xB1, 0xB9, 0x74, 0x09, 0x07,
    0xFB, 0x97, 0x60, 0x3F, 0xDF, 0x87, 0x0D, 0x9F, 0xC3, 0x84, 0x1E, 0xF9, 0xF8, 0x8F, 0xCF, 0x32,
    0xA2, 0x9E, 0x13, 0xF4, 0x91, 0x87, 0x3E, 0xEE, 0xA0, 0x6F, 0x3A, 0xA4, 0x2A, 0xC8, 0x83, 0x68,
    0xD0, 0xA3, 0x0A, 0x26, 0x00, 0x86, 0xDB, 0xB6, 0xE2, 0x00, 0x58, 0x72, 0x56, 0xFA, 0x8B, 0x7E,
    0xA5, 0x9F, 0x72, 0xA6, 0xAB, 0x2B, 0x1D, 0x20, 0x59, 0x6A, 0x0F, 0x3B, 0xA7, 0xB8, 0xE9, 0x61,
    0xBE, 0xF2, 0xC8, 0x4F, 0xFD, 0x87, 0x8A, 0xE4, 0x26, 0x90, 0x07, 0xAE, 0x41, 0xF3, 0x7E, 0x2E,
    0x39, 0x39, 0xBC, 0x9D, 0x77, 0xC0, 0x5B, 0xF3, 0x78, 0xAF, 0xE2, 0x39, 0x3E, 0xC5, 0x9F, 0xF5,
    0xDB, 0x74, 0x49, 0x01, 0x17, 0x1E, 0x57, 0x6F, 0xCC, 0x4F, 0x25, 0xF7, 0xC2, 0x52, 0x44, 0x7D,
    0xF9, 0xB3, 0xD7, 0x37, 0x7A, 0x38, 0x8B, 0x25, 0xAA, 0x24, 0x6A, 0x1E, 0x97, 0xF3, 0xF8, 0xFB,
    0xE3, 0x1E, 0x54, 0x0F, 0x64, 0x01, 0xD0, 0x9C, 0xE2, 0xEB, 0xBD, 0x3D, 0xEE, 0x93, 0x04, 0xDC,
    0x6E, 0x18, 0x2C, 0x92, 0x46, 0x40, 0x09, 0xFC, 0xB6, 0xEC, 0x2D, 0x55, 0x1B, 0xA2, 0x9A, 0x42,
    0xFB, 0xB8, 0x9D, 0x3E, 0xE8, 0x5B, 0x98, 0xA0, 0xE2, 0x5D, 0x18, 0x8F, 0xB8, 0x81, 0x71, 0x88,
    0xEB, 0x37, 0xB4, 0xDF, 0xB2, 0x4D, 0x92, 0x98, 0x25, 0xF5, 0x3D, 0x71, 0x91, 0x34, 0x86, 0x45,
    0x01, 0xA9, 0xDD, 0xE4, 0x7E, 0xF2, 0x1D, 0x21, 0x0F, 0x08, 0x58, 0x04, 0xC5, 0x0C, 0x42, 0x14,
    0x46, 0x81, 0x84, 0x07, 0x4C, 0x4B, 0x44, 0x15, 0x87, 0x9A, 0xE2, 0xFE, 0xDF, 0x9E, 0x63, 0x71,
    0xEC, 0x03, 0xAE, 0xDF, 0x7F, 0xF1, 0x0A, 0xA9, 0x77, 0xE3, 0x09, 0x4D, 0xD5, 0xC2, 0xED, 0xF3,
    0x64, 0xB7, 0x14, 0xAC, 0x50, 0x08, 0x46, 0x58, 0x08, 0x3A, 0x80, 0x26, 0x00, 0x44, 0x1E, 0x98,
    0xEE, 0xF4, 0x40, 0x54, 0x91, 0xC1, 0x46, 0x38, 0x10, 0x96, 0x86, 0x59, 0x09, 0xEB, 0x92, 0x8F,
    0x8E, 0x34, 0x8E, 0x77, 0x9E, 0xD1, 0x48, 0xD4, 0x95, 0xA0, 0x11, 0xDC, 0xC3, 0x7F, 0xA6, 0x68,
    0x18, 0x43, 0x4C, 0x4E, 0xE0, 0xBA, 0xDA, 0x4E, 0x2C, 0x78, 0x31, 0xE4, 0x7C, 0x81, 0x8D, 0x6A,
    0x10, 0x11, 0xB7, 0xE6, 0x93, 0x58, 0x92, 0x63, 0xED, 0x07, 0x0D, 0xBB, 0x06, 0xA2, 0x0E, 0x2C,
    0x91, 0x3F, 0x10, 0x2B, 0xEB, 0x30, 0xB5, 0x95, 0x19, 0x10, 0x8D, 0xD3, 0x84, 0xB8, 0x70, 0xA8,
    0x5D, 0xD4, 0x1E, 0x86, 0x95, 0xFF, 0x96, 0xFC, 0x4E, 0x16, 0xF1, 0xB6, 0x61, 0x37, 0xBC, 0x24,
    0xC2, 0xD6, 0xE9, 0xD4, 0xAA, 0xC2, 0x3E, 0xD6, 0xD8, 0xDF, 0xC7, 0xC4, 0xEF, 0x0B, 0x08, 0x71,
    0xC9, 0x0C, 0x4B, 0x45, 0xE8, 0xCB, 0xEC, 0x29, 0x42, 0xA9, 0x1F, 0x5C, 0x0E, 0x85, 0xFE, 0xCB,
    0xEF, 0x83, 0xB9, 0xF2, 0xC5, 0x71, 0xB8, 0xF1, 0xF4, 0xE9, 0x37, 0x03, 0x71, 0x8D, 0xD7, 0x1F,
    0xDC, 0xFF, 0xFB, 0xA3, 0xFC, 0xDE, 0x95, 0x87, 0x4E, 0xDF, 0xCB, 0x5E, 0x32, 0x8A, 0x79, 0x80,
    0xD3, 0x46, 0x13, 0xA8, 0xCA, 0x26, 0x10, 0xD4, 0x88, 0x16, 0x88, 0xA8, 0x05, 0x9B, 0x9E, 0xE1,
    0xFD, 0x96, 0xF8, 0x44, 0x9B, 0xBD, 0xB6, 0x5A, 0xCB, 0x03, 0xC2, 0xE4, 0xDD, 0x7A, 0x7D, 0x5E,
    0xFB, 0xF5, 0xBA, 0xF8, 0xDF, 0xE8, 0x18, 0x20, 0x32, 0x6A, 0x60, 0x16, 0x61, 0x5D, 0x10, 0x39,
    0x66, 0xC2, 0x5C, 0x18, 0x66, 0x0C, 0x51, 0x03, 0x39, 0x8A, 0x9D, 0x5F, 0x8C, 0xD5, 0xB6, 0x57,
    0xFB, 0xF4, 0x4D, 0x19, 0x60, 0x5E, 0xB5, 0x03, 0x4A, 0x97, 0x0F, 0xB0, 0xD0, 0x82, 0x1A, 0x70,
    0x20, 0xAC, 0x64, 0xDE, 0x86, 0x91, 0xBD, 0xB9, 0x67, 0x91, 0x31, 0x15, 0xCF, 0x2B, 0x3A, 0x33,
    0x60, 0x41, 0xE3, 0x00, 0x45, 0xFD, 0x00, 0xEC, 0x60, 0xAE, 0xEF, 0x1D, 0x1E, 0xFE, 0x51, 0xCE,
    0x38, 0xC9, 0xDE, 0x9F, 0xE6, 0xA6, 0xA2, 0x08, 0x69, 0x02, 0xF6, 0x51, 0x0D, 0xDC, 0xC5, 0xFC,
    0x96, 0x66, 0x3D, 0xA3, 0x03, 0x73, 0xE1, 0xF9, 0x1E, 0x50, 0x13, 0x39, 0xA1, 0xD9, 0xBE, 0xDB,
    0xB9, 0x47, 0xEA, 0xCD, 0xE8, 0x80, 0x19, 0x15, 0x19, 0x4C, 0x82, 0xED, 0xDE, 0x07, 0x0A, 0x39,
    0x9C, 0xD1, 0x08, 0x60, 0xA7, 0x82, 0x7C, 0x86, 0x84, 0x91, 0x51, 0x03, 0xA3, 0x03, 0x63, 0x1C,
    0x63, 0xC1, 0x6C, 0x98, 0xBF, 0x0E, 0xCC, 0xC3, 0x00, 0xB4, 0x44, 0x11, 0x24, 0x5C, 0xA0, 0xE7,
    0xD7, 0xA0, 0x43, 0x9C, 0xA7, 0xA4, 0xC9, 0xF3, 0xB2, 0xDC, 0x33, 0xBA, 0x67, 0x10, 0x85, 0x5A,
    0xB0, 0x15, 0xAF, 0x25, 0x24, 0x3E, 0xFA, 0xF4, 0xE4, 0x70, 0xBE, 0xB6, 0x19, 0xCF, 0xBC, 0x0C,
    0x0C, 0x39, 0x66, 0x04, 0x50, 0x04, 0xA6, 0x0D, 0xB7, 0xA0, 0x4F, 0x9F, 0x05, 0xE8, 0xE3, 0x74,
    0x60, 0x02, 0x60, 0x02, 0x53, 0xA7, 0xB9, 0xC2, 0x57, 0x8C, 0xD2, 0x0C, 0x5E, 0x33, 0x57, 0x41,
    0x03, 0x0B, 0x4B, 0xB2, 0x14, 0xCB, 0xEA, 0xC6, 0xF6, 0x90, 0x8E, 0xE2, 0x2E, 0x46, 0x16, 0xFB,
    0xB0, 0x2C, 0xE2, 0xBC, 0x41, 0xB9, 0xFD, 0x7B, 0x17, 0xBC, 0x51, 0x7D, 0xDA, 0x64, 0x21, 0x35,
    0x75, 0x80, 0x45, 0xDD, 0xC8, 0x46, 0x53, 0xAF, 0x3D, 0x0E, 0xCC, 0x49, 0xCC, 0x3B, 0xC4, 0xA2,
    0x59, 0x2F, 0x9C, 0x8A, 0x16, 0x2B, 0xE3, 0xF2, 0x60, 0xB1, 0x6F, 0x5C, 0xD9, 0x2D, 0x11, 0xCD,
    0x1F, 0xA8, 0xAA, 0xB3, 0xA1, 0xA0, 0x88, 0x96, 0x42, 0x49, 0x0D, 0x88, 0xC3, 0x35, 0xBC, 0x2B,
    0xA2, 0x4F, 0xAA, 0x20, 0x22, 0x9B, 0x2F, 0x6D, 0xDE, 0xF8, 0xED, 0xA6, 0xC3, 0x5C, 0xB5, 0x97,
    0xC7, 0x26, 0xDD, 0x6D, 0x7E, 0x9A, 0xF9, 0x00, 0x47, 0xB6, 0x32, 0x0E, 0x03, 0xAF, 0x0E, 0xC0,
    0x0B, 0x0E, 0x75, 0x40, 0xEB, 0x00, 0x5B, 0xA1, 0xB2, 0x40, 0x57, 0x57, 0x3A, 0x90, 0xCB, 0x5F,
    0xBC, 0xEC, 0x0C, 0x1D, 0x87, 0xC2, 0x1E, 0x85, 0x65, 0x81, 0x7E, 0x7D, 0x1E, 0x11, 0x48, 0x59,
    0x73, 0xF6, 0xB7, 0xDB, 0xCB, 0x3C, 0x6E, 0x03, 0xC7, 0x69, 0x1A, 0x00, 0x4D, 0x54, 0x41, 0x3F,
    0x6E, 0x3B, 0xE8, 0x2E, 0x7F, 0xFD, 0xB5, 0x64, 0x74, 0x87, 0x01, 0x89, 0x1B, 0x27, 0x9F, 0x4E,
    0xA9, 0xD7, 0xE4, 0x9D, 0x0E, 0xDC, 0x2B, 0xBB, 0x79, 0x19, 0x45, 0x40, 0x3F, 0x02, 0xD3, 0x7D,
    0x17, 0x73, 0x19, 0x4E, 0x26, 0xEB, 0x2C, 0x51, 0x00, 0x3D, 0xBD, 0xE1, 0x74, 0x34, 0xA8, 0x4C,
    0x30, 0x40, 0xE1, 0x18, 0x5B, 0x09, 0x78, 0x83, 0x03, 0x18, 0x0A, 0x09, 0x1E, 0xFE, 0x52, 0xC8,
    0xB6, 0x94, 0x8E, 0x31, 0x1D, 0x93, 0xF7, 0x8C, 0xA6, 0xEB, 0xDB, 0xCB, 0x0F, 0x30, 0x44, 0x1E,
    0x28, 0xAA, 0xF9, 0x94, 0xD8, 0xE1, 0xE8, 0x5E, 0x88, 0x4C, 0x2E, 0x98, 0x49, 0x68, 0x99, 0xB2,
    0x64, 0xAC, 0x69, 0x80, 0x03, 0xE3, 0x40, 0x5C, 0x5E, 0xE8, 0xD4, 0xA0, 0x03, 0x74, 0xC8, 0x7A,
    0xB4, 0x32, 0x4C, 0x07, 0x78, 0xC2, 0x5D, 0x30, 0x16, 0x65, 0xC5, 0x58, 0xA0, 0x68, 0x18, 0xE3,
    0x36, 0x42, 0x9C, 0xDF, 0x4C, 0x28, 0x22, 0x2C, 0x78, 0x4D, 0xFE, 0xF8, 0x7A, 0x50, 0xD0, 0x03,
    0x80, 0x39, 0xAA, 0xA7, 0xB9, 0x90, 0x51, 0x83, 0x7A, 0x80, 0xA6, 0x0A, 0x32, 0x6E, 0x39, 0xE9,
    0x4A, 0xE6, 0x94, 0x0D, 0x60, 0x7A, 0x35, 0xE4, 0x44, 0x03, 0x88, 0x3C, 0xD4, 0x55, 0xCC, 0xB5,
    0xE4, 0xE4, 0x34, 0xA6, 0xB7, 0xBF, 0x52, 0x74, 0xB7, 0x86, 0x1E, 0x76, 0x01, 0xE3, 0x99, 0xC2,
    0x31, 0xB6, 0x12, 0xF0, 0x06, 0x07, 0x82, 0x7D, 0x0B, 0xA5, 0x63, 0x4C, 0xC7, 0x2C, 0x7A, 0x46,
    0xD3, 0xEA, 0x7D, 0x80, 0x88, 0x80, 0x82, 0xA6, 0xF9, 0x6C, 0xD8, 0x15, 0xCE, 0x71, 0x2A, 0x05,
    0x28, 0xBF, 0x90, 0x8F, 0x89, 0x99, 0x59, 0x10, 0x51, 0x53, 0x33, 0xEE, 0x87, 0x27, 0xED, 0x93,
    0x4A, 0xFB, 0xA2, 0xC2, 0x7F, 0x8F, 0x69, 0x04, 0x27, 0x90, 0xD3, 0x3E, 0x7D, 0x16, 0xF0, 0x2E,
    0xE6, 0x32, 0xD4, 0x03, 0x35, 0x8D, 0x50, 0xD3, 0x65, 0x79, 0x0D, 0x80, 0x7F, 0x63, 0x60, 0x14,
    0x55, 0x6C, 0x3D, 0xA4, 0x15, 0x0D, 0xDB, 0x86, 0xF9, 0x0F, 0x0D, 0x4C, 0x17, 0x8B, 0x9B, 0xDE,
    0xD6, 0x44, 0xD1, 0xFE, 0xA6, 0x1B, 0x2E, 0xD9, 0x9F, 0xB8, 0xF0, 0xA3, 0x65, 0xE9, 0xC2, 0x8F,
    0x63, 0x4E, 0x27, 0x6D, 0xD0, 0x72, 0xF5, 0xDA, 0x3D, 0xFF, 0x15, 0x34, 0x1F, 0x80, 0xAA, 0xDE,
    0x39, 0x87, 0x96, 0x68, 0xE4, 0x4C, 0x1F, 0xCD, 0x1F, 0xEA, 0xF7, 0xF6, 0xF6, 0xAE, 0xC9, 0x58,
    0x82, 0xBC, 0xC3, 0xFF, 0x93, 0xF9, 0xB5, 0x6A, 0xB2, 0x71, 0xFE, 0x03, 0x17, 0xCD, 0xEB, 0x1E,
    0x4C, 0x03, 0x94, 0x15, 0x14, 0x01, 0x14, 0x39, 0x3C, 0xB4, 0x48, 0x2D, 0x18, 0xB7, 0x7D, 0xAA,
    0x74, 0x98, 0x3F, 0xEF, 0xE3, 0xD9, 0x03, 0xA2, 0xA4, 0xD7, 0x4B, 0x14, 0xA7, 0xAE, 0x14, 0x11,
    0x34, 0x75, 0xE9, 0x46, 0xB4, 0x7D, 0x59, 0xA9, 0x53, 0x42, 0x46, 0x1E, 0x76, 0xC4, 0xB9, 0xB6,
    0x87, 0xFD, 0x39, 0x87, 0xE7, 0x2F, 0x39, 0x2B, 0x4E, 0xE4, 0x75, 0x9C, 0x3C, 0xF0, 0xDA, 0x4E,
    0xD6, 0x2A, 0xEA, 0x71, 0x56, 0x26, 0x0D, 0xEC, 0x28, 0xAE, 0x4B, 0x71, 0x30, 0xE2, 0x3A, 0x59,
    0xDF, 0x79, 0x72, 0x78, 0x0B, 0xE5, 0xF6, 0x51, 0x16, 0x1D, 0xE4, 0x81, 0x08, 0x22, 0xD8, 0xCB,
    0x4A, 0xFC, 0xD9, 0xC7, 0x8E, 0x6D, 0x29, 0xB0, 0xAF, 0x46, 0x62, 0xBB, 0x5F, 0x97, 0x0E, 0xD6,
    0x81, 0x8B, 0x3A, 0xF1, 0x59, 0x10, 0x31, 0xE1, 0x43, 0xB6, 0xA6, 0xC0, 0x9A, 0x24, 0xDE, 0x13,
    0x4A, 0x01, 0xF6, 0xBB, 0xCC, 0xDA, 0x47, 0x6C, 0x2B, 0x37, 0x52, 0x13, 0xC9, 0x49, 0x7A, 0xAB,
    0x23, 0x0A, 0x67, 0xD1, 0xC2, 0x56, 0x16, 0xDB, 0x7F, 0x65, 0xB5, 0x64, 0x4D, 0x93, 0x74, 0xAB,
    0xD9, 0x9D, 0x24, 0xDE, 0xAA, 0xA6, 0x09, 0x9A, 0x28, 0xE8, 0x93, 0x3B, 0x51, 0x7B, 0x8C, 0x9C,
    0x9A, 0x63, 0xBF, 0x95, 0xBB, 0xDA, 0x67, 0xB1, 0x25, 0xEA, 0xE5, 0x0E, 0xDC, 0x99, 0x3E, 0x01,
    0xF7, 0x52, 0xB8, 0x95, 0x92, 0xA7, 0xF1, 0x59, 0xA0, 0x7E, 0x77, 0x0B, 0xD0, 0x47, 0x32, 0x3C,
    0x65, 0x4A, 0x1A, 0x01, 0x3A, 0xA5, 0x46, 0xD3, 0x11, 0x79, 0xF3, 0xF0, 0xE8, 0x61, 0x30, 0xC7,
    0x47, 0x3E, 0x96, 0x57, 0x18, 0xCB, 0xF3, 0x56, 0xC2, 0x52, 0xB0, 0x56, 0xFF, 0xB9, 0xB3, 0x16,
    0x5C, 0x67, 0x14, 0x0D, 0x63, 0x1C, 0x93, 0x07, 0x26, 0x8B, 0x0C, 0xEA, 0xAF, 0xF7, 0xAE, 0x1A,
    0x22, 0x1A, 0x12, 0xD9, 0x97, 0x1D, 0xB2, 0x87, 0xDB, 0x58, 0xF2, 0x9C, 0x09, 0xF6, 0x90, 0xAA,
    0x25, 0x4A, 0xB7, 0x84, 0xF9, 0x97, 0xD4, 0xB0, 0x14, 0x39, 0x23, 0xEC, 0x5E, 0xDB, 0x6C, 0x7B,
    0x0B, 0xBF, 0x44, 0x1E, 0x52, 0xD2, 0xBE, 0xE9, 0xF8, 0x98, 0xB3, 0x44, 0xB0, 0xD4, 0xBF, 0xFE,
    0xDD, 0x72, 0x1E, 0xD4, 0xAF, 0x34, 0x91, 0x79, 0xB5, 0xB1, 0x0D, 0x2C, 0x70, 0x00, 0x6C, 0x80,
    0x98, 0x7E, 0xD6, 0x69, 0xDF, 0xA6, 0x9F, 0xA2, 0x3B, 0xBF, 0x20, 0x52, 0x34, 0x62, 0x27, 0xBD,
    0xB9, 0xE9, 0xDD, 0xE2, 0xD7, 0xEC, 0x9F, 0x13, 0x0D, 0x0D, 0x0D, 0xD8, 0xFF, 0xFF, 0xFF, 0x07,
    0x10, 0x06, 0x00, 0xBD, 0x90, 0x81, 0x66, 0xF4, 0x50, 0x10, 0x85, 0xCF, 0xEE, 0x22, 0x08, 0x02,
    0xD6, 0x0F, 0x08, 0xFC, 0x00, 0xF4, 0x05, 0xCA, 0xBD, 0x8F, 0xB0, 0x65, 0x6B, 0x1F, 0xA3, 0x2F,
    0xD0, 0x4A, 0x5F, 0xA1, 0xEF, 0x52, 0xC0, 0x6D, 0x73, 0x15, 0x60, 0x61, 0xA1, 0x00, 0xE4, 0x11,
    0x82, 0x5D, 0x52, 0x9D, 0xEC, 0xE9, 0xDC, 0x49, 0xD4, 0x06, 0xA5, 0xB5, 0x5A, 0xCC, 0x37, 0x32,
    0x93, 0x9C, 0x39, 0x39, 0x98, 0xAD, 0xB0, 0x04, 0x9C, 0x2C, 0x18, 0x41, 0x29, 0x18, 0x67, 0x1D,
    0xCA, 0x88, 0x45, 0x0B, 0x87, 0x09, 0x73, 0x36, 0xF5, 0x11, 0x35, 0xDF, 0x49, 0x6C, 0x0E, 0x57,
    0xD5, 0xF5, 0x64, 0x7B, 0x3E, 0x93, 0x13, 0x38, 0xF9, 0x0F, 0x4A, 0xAF, 0x1E, 0x7A, 0x9D, 0x5E,
    0x6A, 0xE9, 0xD6, 0x6E, 0xDF, 0xD6, 0x6C, 0xC3, 0xE6, 0xB0, 0x0A, 0xFA, 0xFC, 0xE3, 0x1A, 0xB5,
    0x03, 0x28, 0x41, 0xB5, 0x27, 0x3B, 0xD5, 0x0E, 0xE7, 0x6A, 0x2F, 0x31, 0x44, 0xF8, 0xE2, 0x2D,
    0xC3, 0xED, 0xCE, 0x42, 0x2C, 0x76, 0xF6, 0x67, 0x8B, 0x68, 0x0D, 0xB0, 0x36, 0x06, 0x99, 0x45,
    0x4B, 0x32, 0x8F, 0x16, 0x65, 0x3E, 0xBC, 0xF2, 0x3B, 0xED, 0xD4, 0xE0, 0x36, 0x0E, 0x06, 0xA3,
    0x19, 0xFC, 0xE2, 0x03, 0x33, 0x98, 0xFF, 0x9D, 0x41, 0x73, 0x97, 0x71, 0x0F, 0x94, 0x3C, 0x02,
    0xCE, 0x57, 0x1E, 0x77, 0x28, 0x3D, 0xC2, 0x09, 0x2A, 0xC6, 0x30, 0xA7, 0x02, 0x37, 0xAF, 0xDE,
    0x66, 0xDF, 0x47, 0x71, 0x9F, 0x10, 0x15, 0x79, 0x12, 0x98, 0x33, 0x02, 0x76, 0x14, 0xAB, 0x84,
    0x82, 0x5E, 0xE9, 0xD8, 0x28, 0x9F, 0xB2, 0x56, 0x29, 0xB3, 0xBD, 0xB2, 0xFB, 0xE4, 0x9C, 0x92,
    0xB1, 0x2B, 0x29, 0x17, 0x14, 0xF7, 0x10, 0xFE, 0xBD, 0xAD, 0x03, 0xA0, 0xF3, 0x81, 0x95, 0xD1,
    0x35, 0xCA, 0xA4, 0xA5, 0x44, 0xDD, 0x26, 0x66, 0x83, 0xCE, 0xB3, 0xD1, 0x8D, 0xEC, 0xF0, 0x88,
    0x1E, 0x82, 0x9A, 0x02, 0x4A, 0xC5, 0x06, 0x4E, 0xB0, 0x56, 0x09, 0xFF, 0x01, 0x62, 0x80, 0x83,
    0x12, 0x30, 0xC9, 0x08, 0x28, 0x49, 0x0E, 0x2C, 0x18, 0x06, 0x02, 0x28, 0x0C, 0x3F, 0x09, 0x82,
    0x43, 0xBA, 0x41, 0x46, 0xE8, 0x08, 0xB9, 0x4D, 0x3A, 0x4A, 0x06, 0x2A, 0xBA, 0x40, 0xAB, 0x19,
    0xE1, 0x46, 0x68, 0x37, 0x08, 0x0E, 0xC1, 0x5D, 0xFE, 0xBE, 0x4B, 0x1F, 0xCF, 0x8F, 0xAF, 0x9E,
    0x19, 0x88, 0x2D, 0x13, 0xA9, 0x65, 0x21, 0x37, 0xE2, 0x5E, 0x1B, 0x7D, 0x34, 0x47, 0xD3, 0xAA,
    0x31, 0x99, 0xBE, 0xFB, 0x98, 0x4D, 0xD4, 0x50, 0x35, 0x40, 0x09, 0xC4, 0x09, 0xF6, 0x91, 0xB4,
    0x40, 0x9A, 0xC9, 0x6F, 0x88, 0x50, 0xAE, 0xD0, 0xC3, 0x16, 0x38, 0x02, 0xAC, 0x1D, 0xDC, 0x40,
    0x32, 0x52, 0x24, 0x23, 0x9B, 0x14, 0x8E, 0x81, 0x55, 0xEA, 0x4A, 0x8F, 0xBC, 0x57, 0x6F, 0x32,
    0x3E, 0x4C, 0xC6, 0x46, 0x46, 0x74, 0xEE, 0xF9, 0xCF, 0xC5, 0xFF, 0x01,
};

static const EpdGlyph notosans_14_regularGlyphs[] = {
    { 0, 0, 0, 0, 0, 0, 0 }, // U+0000
    { 0, 0, 121, 0, 0, 0, 0 }, // U+000D
    { 0, 0, 121, 0, 0, 0, 0 }, // U+0020
    { 4, 22, 126, 2, 21, 22, 0 }, // !
    { 9, 8, 190, 1, 21, 18, 22 }, // "
    { 19, 21, 302, 0, 21, 100, 40 }, // #
    { 15, 25, 267, 1, 23, 94, 140 }, // $
    { 22, 23, 388, 1, 22, 127, 234 }, // %
    { 21, 23, 342, 1, 22, 121, 361 }, // &
    { 4, 8, 105, 1, 21, 8, 482 }, // '
    { 7, 26, 140, 1, 21, 46, 490 }, // (
    { 8, 26, 140, 0, 21, 52, 536 }, // )
    { 14, 14, 257, 1, 23, 49, 588 }, // *
    { 15, 15, 267, 1, 18, 57, 637 }, // +
    { 5, 8, 125, 1, 4, 10, 694 }, // ,
    { 8, 3, 150, 1, 9, 6, 704 }, // -
    { 4, 5, 125, 2, 4, 5, 710 }, // .
    { 11, 21, 174, 0, 21, 58, 715 }, // /
    { 15, 23, 273, 1, 22, 87, 773 }, // 0
    { 9, 21, 206, 0, 21, 48, 860 }, // 1
    { 14, 22, 259, 1, 22, 77, 908 }, // 2
    { 15, 23, 267, 1, 22, 87, 985 }, // 3
    { 17, 21, 267, 0, 21, 90, 1072 }, // 4
    { 15, 22, 267, 1, 21, 83, 1162 }, // 5
    { 15, 23, 267, 1, 22, 87, 1245 }, // 6
    { 15, 21, 239, 0, 21, 79, 1332 }, // 7
    { 15, 23, 275, 1, 22, 87, 1411 }, // 8
    { 15, 23, 267, 1, 22, 87, 1498 }, // 9
    { 4, 18, 125, 2, 17, 18, 1585 }, // :
    { 6, 21, 125, 0, 17, 32, 1603 }, // ;
    { 15, 15, 267, 1, 18, 57, 1635 }, // <
    { 14, 9, 267, 1, 15, 32, 1692 }, // =
    { 15, 15, 267, 1, 18, 57, 1724 }, // >
    { 12, 23, 203, 0, 22, 69, 1781 }, // ?
    { 24, 24, 420, 1, 21, 144, 1850 }, // @
    { 19, 21, 298, 0, 21, 100, 1994 }, // A
    { 16, 21, 303, 2, 21, 84, 2094 }, // B
    { 17, 23, 295, 1, 22, 98, 2178 }, // C
    { 18, 21, 341, 2, 21, 95, 2276 }, // D
    { 13, 21, 260, 2, 21, 69, 2371 }, // E
    { 13, 21, 242, 2, 21, 69, 2440 }, // F
    { 19, 23, 340, 1, 22, 110, 2509 }, // G
    { 17, 21, 346, 2, 21, 90, 2619 }, // H
    { 8, 21, 158, 1, 21, 42, 2709 }, // I
    { 9, 27, 127, -3, 21, 61, 2751 }, // J
    { 17, 21, 289, 2, 21, 90, 2812 }, // K
    { 13, 21, 245, 2, 21, 69, 2902 }, // L
    { 22, 21, 423, 2, 21, 116, 2971 }, // M
    { 18, 21, 355, 2, 21, 95, 3087 }, // N
    { 20, 23, 365, 1, 22, 115, 3182 }, // O
    { 15, 21, 282, 2, 21, 79, 3297 }, // P
    { 20, 27, 365, 1, 22, 135, 3376 }, // Q
    { 16, 21, 290, 2, 21, 84, 3511 }, // R
    { 14, 23, 256, 1, 22, 81, 3595 }, // S
    { 16, 21, 260, 0, 21, 84, 3676 }, // T
    { 17, 22, 341, 2, 21, 94, 3760 }, // U
    { 18, 21, 280, 0, 21, 95, 3854 }, // V
    { 27, 21, 434, 0, 21, 142, 3949 }, // W
    { 17, 21, 274, 0, 21, 90, 4091 }, // X
    { 17, 21, 264, 0, 21, 90, 4181 }, // Y
    { 15, 21, 267, 1, 21, 79, 4271 }, // Z
    { 7, 26, 154, 2, 21, 46, 4350 }, // [
    { 11, 21, 174, 0, 21, 58, 4396 }, // <backslash>
    { 8, 26, 154, 0, 21, 52, 4454 }, // ]
    { 15, 14, 267, 1, 21, 53, 4506 }, // ^
    { 15, 3, 207, -1, -2, 12, 4559 }, // _
    { 7, 6, 131, 1, 23, 11, 4571 }, // `
    { 13, 17, 262, 1, 16, 56, 4582 }, // a
    { 15, 24, 287, 2, 23, 90, 4638 }, // b
    { 13, 17, 224, 1, 16, 56, 4728 }, // c
    { 15, 24, 287, 1, 23, 90, 4784 }, // d
    { 14, 17, 263, 1, 16, 60, 4874 }, // e
    { 12, 23, 161, 0, 23, 69, 4934 }, // f
    { 15, 23, 287, 1, 16, 87, 5003 }, // g
    { 14, 23, 288, 2, 23, 81, 5090 }, // h
    { 4, 22, 120, 2, 22, 22, 5171 }, // i
    { 8, 29, 120, -2, 22, 58, 5193 }, // j
    { 14, 23, 249, 2, 23, 81, 5251 }, // k
    { 4, 23, 120, 2, 23, 23, 5332 }, // l
    { 23, 16, 436, 2, 16, 92, 5355 }, // m
    { 14, 16, 288, 2, 16, 56, 5447 }, // n
    { 16, 17, 282, 1, 16, 68, 5503 }, // o
    { 15, 23, 287, 2, 16, 87, 5571 }, // p
    { 15, 23, 287, 1, 16, 87, 5658 }, // q
    { 10, 16, 193, 2, 16, 40, 5745 }, // r
    { 12, 17, 224, 1, 16, 51, 5785 }, // s
    { 10, 21, 168, 0, 20, 53, 5836 }, // t
    { 14, 17, 288, 2, 16, 60, 5889 }, // u
    { 15, 16, 237, 0, 16, 60, 5949 }, // v
    { 23, 16, 367, 0, 16, 92, 6009 }, // w
    { 15, 16, 247, 0, 16, 60, 6101 }, // x
    { 15, 23, 238, 0, 16, 87, 6161 }, // y
    { 12, 16, 219, 1, 16, 48, 6248 }, // z
    { 11, 26, 177, 0, 21, 72, 6296 }, // {
    { 4, 31, 257, 6, 23, 31, 6368 }, // |
    { 11, 26, 177, 0, 21, 72, 6399 }, // }
    { 15, 5, 267, 1, 13, 19, 6471 }, // ~
    { 0, 0, 121, 0, 0, 0, 0 }, // U+00A0
    { 4, 22, 126, 2, 16, 22, 0 }, // U+00A1
    { 13, 23, 267, 2, 22, 75, 22 }, // U+00A2
    { 16, 22, 267, 0, 22, 88, 97 }, // U+00A3
    { 14, 14, 267, 1, 17, 49, 185 }, // U+00A4
    { 17, 21, 267, 0, 21, 90, 234 }, // U+00A5
    { 4, 31, 257, 6, 23, 31, 324 }, // U+00A6
    { 13, 24, 239, 1, 23, 78, 355 }, // U+00A7
    { 9, 4, 271, 4, 22, 9, 433 }, // U+00A8
    { 22, 23, 388, 1, 22, 127, 442 }, // U+00A9
    { 9, 11, 167, 0, 22, 25, 569 }, // U+00AA
    { 13, 13, 238, 1, 14, 43, 594 }, // U+00AB
    { 15, 9, 267, 1, 12, 34, 637 }, // U+00AC
    { 8, 3, 150, 1, 9, 6, 671 }, // U+00AD
    { 22, 23, 388, 1, 22, 127, 677 }, // U+00AE
    { 16, 3, 233, -1, 25, 12, 804 }, // U+00AF
    { 10, 10, 200, 1, 22, 25, 816 }, // U+00B0
    { 15, 18, 267, 1, 18, 68, 841 }, // U+00B1
    { 9, 13, 163, 0, 25, 30, 909 }, // U+00B2
    { 10, 14, 163, 0, 25, 35, 939 }, // U+00B3
    { 7, 6, 131, 1, 23, 11, 974 }, // U+00B4
    { 14, 23, 291, 2, 16, 81, 985 }, // U+00B5
    { 16, 27, 306, 1, 23, 108, 1066 }, // U+00B6
    { 4, 5, 125, 2, 13, 5, 1174 }, // U+00B7
    { 7, 7, 105, 0, 0, 13, 1179 }, // U+00B8
    { 6, 13, 163, 1, 25, 20, 1192 }, // U+00B9
    { 11, 11, 175, 0, 22, 31, 1212 }, // U+00BA
    { 13, 13, 238, 1, 14, 43, 1243 }, // U+00BB
    { 22, 21, 348, 0, 21, 116, 1286 }, // U+00BC
    { 22, 21, 360, 0, 21, 116, 1402 }, // U+00BD
    { 23, 22, 365, 0, 22, 127, 1518 }, // U+00BE
    { 13, 22, 203, 0, 16, 72, 1645 }, // U+00BF
    { 19, 28, 298, 0, 28, 133, 1717 }, // U+00C0
    { 19, 28, 298, 0, 28, 133, 1850 }, // U+00C1
    { 19, 28, 298, 0, 28, 133, 1983 }, // U+00C2
    { 19, 27, 298, 0, 27, 129, 2116 }, // U+00C3
    { 19, 27, 298, 0, 27, 129, 2245 }, // U+00C4
    { 19, 26, 298, 0, 26, 124, 2374 }, // U+00C5
    { 25, 21, 411, -1, 21, 132, 2498 }, // U+00C6
    { 17, 29, 295, 1, 22, 124, 2630 }, // U+00C7
    { 13, 28, 260, 2, 28, 91, 2754 }, // U+00C8
    { 13, 28, 260, 2, 28, 91, 2845 }, // U+00C9
    { 13, 28, 260, 2, 28, 91, 2936 }, // U+00CA
    { 13, 27, 260, 2, 27, 88, 3027 }, // U+00CB
    { 8, 28, 158, 1, 28, 56, 3115 }, // U+00CC
    { 9, 28, 158, 1, 28, 63, 3171 }, // U+00CD
    { 10, 28, 158, 0, 28, 70, 3234 }, // U+00CE
    { 10, 27, 158, 0, 27, 68, 3304 }, // U+00CF
    { 20, 21, 341, 0, 21, 105, 3372 }, // U+00D0
    { 18, 27, 355, 2, 27, 122, 3477 }, // U+00D1
    { 20, 29, 365, 1, 28, 145, 3599 }, // U+00D2
    { 20, 29, 365, 1, 28, 145, 3744 }, // U+00D3
    { 20, 29, 365, 1, 28, 145, 3889 }, // U+00D4
    { 20, 28, 365, 1, 27, 140, 4034 }, // U+00D5
    { 20, 28, 365, 1, 27, 140, 4174 }, // U+00D6
    { 14, 14, 267, 1, 17, 49, 4314 }, // U+00D7
    { 20, 23, 365, 1, 22, 115, 4363 }, // U+00D8
    { 17, 29, 341, 2, 28, 124, 4478 }, // U+00D9
    { 17, 29, 341, 2, 28, 124, 4602 }, // U+00DA
    { 17, 29, 341, 2, 28, 124, 4726 }, // U+00DB
    { 17, 28, 341, 2, 27, 119, 4850 }, // U+00DC
    { 17, 28, 264, 0, 28, 119, 4969 }, // U+00DD
    { 15, 21, 282, 2, 21, 79, 5088 }, // U+00DE
    { 16, 24, 295, 2, 23, 96, 5167 }, // U+00DF
    { 13, 24, 262, 1, 23, 78, 5263 }, // U+00E0
    { 13, 24, 262, 1, 23, 78, 5341 }, // U+00E1
    { 13, 24, 262, 1, 23, 78, 5419 }, // U+00E2
    { 13, 23, 262, 1, 22, 75, 5497 }, // U+00E3
    { 13, 23, 262, 1, 22, 75, 5572 }, // U+00E4
    { 13, 25, 262, 1, 24, 82, 5647 }, // U+00E5
    { 23, 17, 403, 1, 16, 98, 5729 }, // U+00E6
    { 13, 23, 224, 1, 16, 75, 5827 }, // U+00E7
    { 14, 24, 263, 1, 23, 84, 5902 }, // U+00E8
    { 14, 24, 263, 1, 23, 84, 5986 }, // U+00E9
    { 14, 24, 263, 1, 23, 84, 6070 }, // U+00EA
    { 14, 23, 263, 1, 22, 81, 6154 }, // U+00EB
    { 7, 23, 120, -1, 23, 41, 6235 }, // U+00EC
    { 7, 23, 120, 2, 23, 41, 6276 }, // U+00ED
    { 11, 23, 120, -2, 23, 64, 6317 }, // U+00EE
    { 9, 22, 120, -1, 22, 50, 6381 }, // U+00EF
    { 16, 24, 282, 1, 23, 96, 6431 }, // U+00F0
    { 14, 22, 288, 2, 22, 77, 6527 }, // U+00F1
    { 16, 24, 282, 1, 23, 96, 6604 }, // U+00F2
    { 16, 24, 282, 1, 23, 96, 6700 }, // U+00F3
    { 16, 24, 282, 1, 23, 96, 6796 }, // U+00F4
    { 16, 23, 282, 1, 22, 92, 6892 }, // U+00F5
    { 16, 23, 282, 1, 22, 92, 6984 }, // U+00F6
    { 15, 14, 267, 1, 17, 53, 7076 }, // U+00F7
    { 16, 18, 282, 1, 17, 72, 7129 }, // U+00F8
    { 14, 24, 288, 2, 23, 84, 7201 }, // U+00F9
    { 14, 24, 288, 2, 23, 84, 7285 }, // U+00FA
    { 14, 24, 288, 2, 23, 84, 7369 }, // U+00FB
    { 14, 23, 288, 2, 22, 81, 7453 }, // U+00FC
    { 15, 30, 238, 0, 23, 113, 7534 }, // U+00FD
    { 15, 30, 287, 2, 23, 113, 7647 }, // U+00FE
    { 15, 29, 238, 0, 22, 109, 7760 }, // U+00FF
    { 19, 25, 298, 0, 25, 119, 0 }, // U+0100
    { 13, 21, 262, 1, 20, 69, 119 }, // U+0101
    { 19, 27, 298, 0, 27, 129, 188 }, // U+0102
    { 13, 23, 262, 1, 22, 75, 317 }, // U+0103
    { 19, 28, 298, 0, 21, 133, 392 }, // U+0104
    { 14, 23, 262, 1, 16, 81, 525 }, // U+0105
    { 17, 29, 295, 1, 28, 124, 606 }, // U+0106
    { 13, 24, 224, 1, 23, 78, 730 }, // U+0107
    { 17, 29, 295, 1, 28, 124, 808 }, // U+0108
    { 13, 24, 224, 1, 23, 78, 932 }, // U+0109
    { 17, 28, 295, 1, 27, 119, 1010 }, // U+010A
    { 13, 23, 224, 1, 22, 75, 1129 }, // U+010B
    { 17, 29, 295, 1, 28, 124, 1204 }, // U+010C
    { 13, 24, 224, 1, 23, 78, 1328 }, // U+010D
    { 18, 28, 341, 2, 28, 126, 1406 }, // U+010E
    { 20, 24, 287, 1, 23, 120, 1532 }, // U+010F
    { 20, 21, 341, 0, 21, 105, 1652 }, // U+0110
    { 17, 24, 288, 1, 23, 102, 1757 }, // U+0111
    { 13, 25, 260, 2, 25, 82, 1859 }, // U+0112
    { 14, 21, 263, 1, 20, 74, 1941 }, // U+0113
    { 13, 27, 260, 2, 27, 88, 2015 }, // U+0114
    { 14, 23, 263, 1, 22, 81, 2103 }, // U+0115
    { 13, 27, 260, 2, 27, 88, 2184 }, // U+0116
    { 14, 23, 263, 1, 22, 81, 2272 }, // U+0117
    { 13, 28, 260, 2, 21, 91, 2353 }, // U+0118
    { 14, 23, 263, 1, 16, 81, 2444 }, // U+0119
    { 13, 28, 260, 2, 28, 91, 2525 }, // U+011A
    { 14, 24, 263, 1, 23, 84, 2616 }, // U+011B
    { 19, 29, 340, 1, 28, 138, 2700 }, // U+011C
    { 15, 30, 287, 1, 23, 113, 2838 }, // U+011D
    { 19, 28, 340, 1, 27, 133, 2951 }, // U+011E
    { 15, 29, 287, 1, 22, 109, 3084 }, // U+011F
    { 19, 28, 340, 1, 27, 133, 3193 }, // U+0120
    { 15, 29, 287, 1, 22, 109, 3326 }, // U+0121
    { 19, 29, 340, 1, 22, 138, 3435 }, // U+0122
    { 15, 30, 287, 1, 23, 113, 3573 }, // U+0123
    { 17, 28, 346, 2, 28, 119, 3686 }, // U+0124
    { 18, 30, 288, -2, 30, 135, 3805 }, // U+0125
    { 22, 21, 346, 0, 21, 116, 3940 }, // U+0126
    { 16, 23, 288, 0, 23, 92, 4056 }, // U+0127
    { 12, 27, 158, -1, 27, 81, 4148 }, // U+0128
    { 12, 22, 120, -2, 22, 66, 4229 }, // U+0129
    { 10, 25, 158, 0, 25, 63, 4295 }, // U+012A
    { 10, 20, 120, -1, 20, 50, 4358 }, // U+012B
    { 10, 27, 158, 0, 27, 68, 4408 }, // U+012C
    { 10, 22, 120, -1, 22, 55, 4476 }, // U+012D
    { 8, 28, 158, 1, 21, 56, 4531 }, // U+012E
    { 6, 29, 120, 0, 22, 44, 4587 }, // U+012F
    { 8, 27, 158, 1, 27, 54, 4631 }, // U+0130
    { 4, 16, 120, 2, 16, 16, 4685 }, // U+0131
    { 15, 27, 286, 1, 21, 102, 4701 }, // U+0132
    { 11, 29, 241, 2, 22, 80, 4803 }, // U+0133
    { 12, 34, 127, -3, 28, 102, 4883 }, // U+0134
    { 11, 30, 120, -2, 23, 83, 4985 }, // U+0135
    { 17, 28, 289, 2, 21, 119, 5068 }, // U+0136
    { 14, 30, 249, 2, 23, 105, 5187 }, // U+0137
    { 14, 16, 249, 2, 16, 56, 5292 }, // U+0138
    { 13, 28, 245, 2, 28, 91, 5348 }, // U+0139
    { 7, 30, 120, 2, 30, 53, 5439 }, // U+013A
    { 13, 28, 245, 2, 21, 91, 5492 }, // U+013B
    { 5, 30, 120, 1, 23, 38, 5583 }, // U+013C
    { 13, 21, 245, 2, 21, 69, 5621 }, // U+013D
    { 8, 23, 120, 2, 23, 46, 5690 }, // U+013E
    { 13, 21, 245, 2, 21, 69, 5736 }, // U+013F
    { 8, 23, 125, 2, 23, 46, 5805 }, // U+0140
    { 15, 21, 245, 0, 21, 79, 5851 }, // U+0141
    { 9, 23, 120, -1, 23, 52, 5930 }, // U+0142
    { 18, 28, 355, 2, 28, 126, 5982 }, // U+0143
    { 14, 23, 288, 2, 23, 81, 6108 }, // U+0144
    { 18, 28, 355, 2, 21, 126, 6189 }, // U+0145
    { 14, 23, 288, 2, 16, 81, 6315 }, // U+0146
    { 18, 28, 355, 2, 28, 126, 6396 }, // U+0147
    { 14, 23, 288, 2, 23, 81, 6522 }, // U+0148
    { 18, 21, 321, 0, 21, 95, 6603 }, // U+0149
    { 18, 27, 355, 2, 21, 122, 6698 }, // U+014A
    { 14, 23, 288, 2, 16, 81, 6820 }, // U+014B
    { 20, 26, 365, 1, 25, 130, 6901 }, // U+014C
    { 16, 21, 282, 1, 20, 84, 7031 }, // U+014D
    { 20, 28, 365, 1, 27, 140, 7115 }, // U+014E
    { 16, 23, 282, 1, 22, 92, 7255 }, // U+014F
    { 20, 29, 365, 1, 28, 145, 7347 }, // U+0150
    { 16, 24, 282, 1, 23, 96, 7492 }, // U+0151
    { 25, 23, 433, 1, 22, 144, 7588 }, // U+0152
    { 26, 17, 442, 1, 16, 111, 7732 }, // U+0153
    { 16, 28, 290, 2, 28, 112, 7843 }, // U+0154
    { 10, 23, 193, 2, 23, 58, 7955 }, // U+0155
    { 16, 28, 290, 2, 21, 112, 8013 }, // U+0156
    { 11, 23, 193, 1, 16, 64, 8125 }, // U+0157
    { 16, 28, 290, 2, 28, 112, 8189 }, // U+0158
    { 10, 23, 193, 2, 23, 58, 8301 }, // U+0159
    { 14, 29, 256, 1, 28, 102, 8359 }, // U+015A
    { 12, 24, 224, 1, 23, 72, 8461 }, // U+015B
    { 14, 29, 256, 1, 28, 102, 8533 }, // U+015C
    { 12, 24, 224, 1, 23, 72, 8635 }, // U+015D
    { 14, 29, 256, 1, 22, 102, 8707 }, // U+015E
    { 12, 23, 224, 1, 16, 69, 8809 }, // U+015F
    { 14, 29, 256, 1, 28, 102, 8878 }, // U+0160
    { 12, 24, 224, 1, 23, 72, 8980 }, // U+0161
    { 16, 28, 260, 0, 21, 112, 9052 }, // U+0162
    { 10, 27, 168, 0, 20, 68, 9164 }, // U+0163
    { 16, 28, 260, 0, 28, 112, 9232 }, // U+0164
    { 14, 24, 168, 0, 23, 84, 9344 }, // U+0165
    { 16, 21, 260, 0, 21, 84, 9428 }, // U+0166
    { 10, 21, 168, 0, 20, 53, 9512 }, // U+0167
    { 17, 28, 341, 2, 27, 119, 9565 }, // U+0168
    { 14, 23, 288, 2, 22, 81, 9684 }, // U+0169
    { 17, 26, 341, 2, 25, 111, 9765 }, // U+016A
    { 14, 21, 288, 2, 20, 74, 9876 }, // U+016B
    { 17, 28, 341, 2, 27, 119, 9950 }, // U+016C
    { 14, 23, 288, 2, 22, 81, 10069 }, // U+016D
    { 17, 30, 341, 2, 29, 128, 10150 }, // U+016E
    { 14, 25, 288, 2, 24, 88, 10278 }, // U+016F
    { 17, 29, 341, 2, 28, 124, 10366 }, // U+0170
    { 14, 24, 288, 2, 23, 84, 10490 }, // U+0171
    { 17, 28, 341, 2, 21, 119, 10574 }, // U+0172
    { 14, 23, 288, 2, 16, 81, 10693 }, // U+0173
    { 27, 28, 434, 0, 28, 189, 10774 }, // U+0174
    { 23, 23, 367, 0, 23, 133, 10963 }, // U+0175
    { 17, 28, 264, 0, 28, 119, 11096 }, // U+0176
    { 15, 30, 238, 0, 23, 113, 11215 }, // U+0177
    { 17, 27, 264, 0, 27, 115, 11328 }, // U+0178
    { 15, 28, 267, 1, 28, 105, 11443 }, // U+0179
    { 12, 23, 219, 1, 23, 69, 11548 }, // U+017A
    { 15, 27, 267, 1, 27, 102, 11617 }, // U+017B
    { 12, 22, 219, 1, 22, 66, 11719 }, // U+017C
    { 15, 28, 267, 1, 28, 105, 11785 }, // U+017D
    { 12, 23, 219, 1, 23, 69, 11890 }, // U+017E
    { 9, 23, 152, 2, 23, 52, 11959 }, // U+017F
    { 23, 24, 366, 1, 23, 138, 0 }, // U+01A0
    { 18, 20, 288, 1, 19, 90, 138 }, // U+01A1
    { 22, 24, 364, 2, 23, 132, 228 }, // U+01AF
    { 19, 20, 315, 2, 19, 95, 360 }, // U+01B0
    { 35, 28, 603, 2, 28, 245, 455 }, // U+01C4
    { 32, 23, 560, 2, 23, 184, 700 }, // U+01C5
    { 30, 24, 506, 1, 23, 180, 884 }, // U+01C6
    { 19, 27, 372, 2, 21, 129, 1064 }, // U+01C7
    { 19, 29, 365, 2, 22, 138, 1193 }, // U+01C8
    { 11, 30, 241, 2, 23, 83, 1331 }, // U+01C9
    { 26, 27, 482, 2, 21, 176, 1414 }, // U+01CA
    { 26, 29, 475, 2, 22, 189, 1590 }, // U+01CB
    { 22, 29, 409, 2, 22, 160, 1779 }, // U+01CC
    { 19, 28, 298, 0, 28, 133, 1939 }, // U+01CD
    { 13, 24, 262, 1, 23, 78, 2072 }, // U+01CE
    { 10, 28, 158, 0, 28, 70, 2150 }, // U+01CF
    { 11, 23, 120, -2, 23, 64, 2220 }, // U+01D0
    { 20, 29, 365, 1, 28, 145, 2284 }, // U+01D1
    { 16, 24, 282, 1, 23, 96, 2429 }, // U+01D2
    { 17, 29, 341, 2, 28, 124, 2525 }, // U+01D3
    { 14, 24, 288, 2, 23, 84, 2649 }, // U+01D4
    { 17, 31, 341, 2, 30, 132, 2733 }, // U+01D5
    { 14, 26, 288, 2, 25, 91, 2865 }, // U+01D6
    { 17, 32, 341, 2, 31, 136, 2956 }, // U+01D7
    { 14, 27, 288, 2, 26, 95, 3092 }, // U+01D8
    { 17, 32, 341, 2, 31, 136, 3187 }, // U+01D9
    { 14, 27, 288, 2, 26, 95, 3323 }, // U+01DA
    { 17, 32, 341, 2, 31, 136, 3418 }, // U+01DB
    { 14, 27, 288, 2, 26, 95, 3554 }, // U+01DC
    { 14, 17, 263, 1, 16, 60, 3649 }, // U+01DD
    { 19, 30, 298, 0, 30, 143, 3709 }, // U+01DE
    { 13, 26, 262, 1, 25, 85, 3852 }, // U+01DF
    { 19, 30, 298, 0, 30, 143, 3937 }, // U+01E0
    { 13, 26, 262, 1, 25, 85, 4080 }, // U+01E1
    { 25, 25, 411, -1, 25, 157, 4165 }, // U+01E2
    { 23, 21, 403, 1, 20, 121, 4322 }, // U+01E3
    { 20, 23, 340, 1, 22, 115, 4443 }, // U+01E4
    { 17, 23, 287, 1, 16, 98, 4558 }, // U+01E5
    { 19, 29, 340, 1, 28, 138, 4656 }, // U+01E6
    { 15, 30, 287, 1, 23, 113, 4794 }, // U+01E7
    { 17, 28, 289, 2, 28, 119, 4907 }, // U+01E8
    { 18, 30, 249, -2, 30, 135, 5026 }, // U+01E9
    { 20, 29, 365, 1, 22, 145, 5161 }, // U+01EA
    { 16, 23, 282, 1, 16, 92, 5306 }, // U+01EB
    { 20, 32, 365, 1, 25, 160, 5398 }, // U+01EC
    { 16, 27, 282, 1, 20, 108, 5558 }, // U+01ED
    { 15, 29, 273, 1, 28, 109, 5666 }, // U+01EE
    { 14, 30, 232, 0, 23, 105, 5775 }, // U+01EF
    { 11, 30, 120, -2, 23, 83, 5880 }, // U+01F0
    { 35, 21, 603, 2, 21, 184, 5963 }, // U+01F1
    { 32, 21, 560, 2, 21, 168, 6147 }, // U+01F2
    { 30, 24, 506, 1, 23, 180, 6315 }, // U+01F3
    { 19, 29, 340, 1, 28, 138, 6495 }, // U+01F4
    { 15, 30, 287, 1, 23, 113, 6633 }, // U+01F5
    { 23, 22, 438, 2, 21, 127, 6746 }, // U+01F6
    { 16, 29, 309, 2, 22, 116, 6873 }, // U+01F7
    { 18, 28, 355, 2, 28, 126, 6989 }, // U+01F8
    { 14, 23, 288, 2, 23, 81, 7115 }, // U+01F9
    { 19, 28, 299, 0, 28, 133, 7196 }, // U+01FA
    { 13, 29, 262, 1, 28, 95, 7329 }, // U+01FB
    { 25, 28, 411, -1, 28, 175, 7424 }, // U+01FC
    { 23, 24, 403, 1, 23, 138, 7599 }, // U+01FD
    { 20, 29, 365, 1, 28, 145, 7737 }, // U+01FE
    { 16, 24, 282, 1, 23, 96, 7882 }, // U+01FF
    { 19, 28, 298, 0, 28, 133, 7978 }, // U+0200
    { 13, 24, 262, 1, 23, 78, 8111 }, // U+0201
    { 19, 27, 298, 0, 27, 129, 8189 }, // U+0202
    { 13, 23, 262, 1, 22, 75, 8318 }, // U+0203
    { 13, 28, 260, 2, 28, 91, 8393 }, // U+0204
    { 14, 24, 263, 1, 23, 84, 8484 }, // U+0205
    { 13, 27, 260, 2, 27, 88, 8568 }, // U+0206
    { 14, 23, 263, 1, 22, 81, 8656 }, // U+0207
    { 11, 28, 158, -2, 28, 77, 8737 }, // U+0208
    { 11, 23, 120, -3, 23, 64, 8814 }, // U+0209
    { 10, 27, 158, 0, 27, 68, 8878 }, // U+020A
    { 10, 22, 120, -1, 22, 55, 8946 }, // U+020B
    { 20, 29, 365, 1, 28, 145, 9001 }, // U+020C
    { 16, 24, 282, 1, 23, 96, 9146 }, // U+020D
    { 20, 28, 365, 1, 27, 140, 9242 }, // U+020E
    { 16, 23, 282, 1, 22, 92, 9382 }, // U+020F
    { 16, 28, 290, 2, 28, 112, 9474 }, // U+0210
    { 12, 23, 193, 0, 23, 69, 9586 }, // U+0211
    { 16, 27, 290, 2, 27, 108, 9655 }, // U+0212
    { 10, 22, 193, 2, 22, 55, 9763 }, // U+0213
    { 17, 29, 341, 2, 28, 124, 9818 }, // U+0214
    { 14, 24, 288, 2, 23, 84, 9942 }, // U+0215
    { 17, 28, 341, 2, 27, 119, 10026 }, // U+0216
    { 14, 23, 288, 2, 22, 81, 10145 }, // U+0217
    { 14, 29, 256, 1, 22, 102, 10226 }, // U+0218
    { 12, 23, 224, 1, 16, 69, 10328 }, // U+0219
    { 16, 28, 260, 0, 21, 112, 10397 }, // U+021A
    { 10, 27, 168, 0, 20, 68, 10509 }, // U+021B
    { 15, 28, 268, 1, 22, 105, 10577 }, // U+021C
    { 14, 23, 232, 0, 16, 81, 10682 }, // U+021D
    { 17, 28, 346, 2, 28, 119, 10763 }, // U+021E
    { 18, 30, 288, -2, 30, 135, 10882 }, // U+021F
    { 7, 6, 0, -15, 23, 11, 0 }, // U+0300
    { 7, 6, 0, -10, 23, 11, 11 }, // U+0301
    { 10, 6, 0, -5, 23, 15, 22 }, // U+0302
    { 12, 5, 0, -15, 22, 15, 37 }, // U+0303
    { 10, 3, 0, -5, 20, 8, 52 }, // U+0304
    { 14, 3, 0, -7, 25, 11, 60 }, // U+0305
    { 10, 5, 0, -5, 22, 13, 71 }, // U+0306
    { 4, 4, 0, -2, 22, 4, 84 }, // U+0307
    { 10, 4, 0, -5, 22, 10, 88 }, // U+0308
    { 6, 7, 0, -11, 24, 11, 98 }, // U+0309
    { 8, 7, 0, -4, 24, 14, 109 }, // U+030A
    { 11, 6, 0, -4, 23, 17, 123 }, // U+030B
    { 10, 6, 0, -5, 23, 15, 140 }, // U+030C
    { 4, 6, 0, -2, 23, 6, 155 }, // U+030D
    { 8, 6, 0, -4, 23, 12, 161 }, // U+030E
    { 12, 6, 0, -16, 23, 18, 173 }, // U+030F
    { 10, 8, 0, -5, 25, 20, 191 }, // U+0310
    { 10, 5, 0, -5, 22, 13, 211 }, // U+0311
    { 6, 8, 0, -3, 21, 12, 224 }, // U+0312
    { 6, 8, 0, -3, 21, 12, 236 }, // U+0313
    { 6, 8, 0, -3, 21, 12, 248 }, // U+0314
    { 6, 8, 0, -3, 21, 12, 260 }, // U+0315
    { 6, 6, 0, -3, -1, 9, 272 }, // U+0316
    { 6, 6, 0, -3, -1, 9, 281 }, // U+0317
    { 6, 7, 0, -3, 0, 11, 290 }, // U+0318
    { 6, 7, 0, -3, 0, 11, 301 }, // U+0319
    { 8, 8, 146, 0, 23, 16, 312 }, // U+031A
    { 7, 7, 0, -3, 23, 13, 328 }, // U+031B
    { 4, 7, 0, -2, 0, 7, 341 }, // U+031C
    { 8, 6, 0, -4, -1, 12, 348 }, // U+031D
    { 8, 6, 0, -4, -1, 12, 360 }, // U+031E
    { 8, 7, 0, -4, 0, 14, 372 }, // U+031F
    { 8, 3, 0, -4, -3, 6, 386 }, // U+0320
    { 6, 9, 0, -6, 2, 14, 392 }, // U+0321
    { 6, 9, 0, 0, 2, 14, 406 }, // U+0322
    { 4, 5, 0, -11, -1, 5, 420 }, // U+0323
    { 10, 4, 0, -5, -2, 10, 425 }, // U+0324
    { 8, 7, 0, -4, 0, 14, 435 }, // U+0325
    { 4, 6, 0, -2, -1, 6, 449 }, // U+0326
    { 6, 7, 0, -3, 0, 11, 455 }, // U+0327
    { 6, 8, 0, -3, 1, 12, 466 }, // U+0328
    { 4, 6, 0, -2, 0, 6, 478 }, // U+0329
    { 12, 6, 0, -6, -1, 18, 484 }, // U+032A
    { 12, 5, 0, -6, -1, 15, 502 }, // U+032B
    { 10, 6, 0, -5, 0, 15, 517 }, // U+032C
    { 10, 6, 0, -5, -1, 15, 532 }, // U+032D
    { 10, 5, 0, -5, -1, 13, 547 }, // U+032E
    { 10, 5, 0, -5, -1, 13, 560 }, // U+032F
    { 12, 5, 0, -6, -1, 15, 573 }, // U+0330
    { 10, 3, 0, -5, -2, 8, 588 }, // U+0331
    { 14, 3, 0, -7, -2, 11, 596 }, // U+0332
    { 14, 7, 0, -7, 0, 25, 607 }, // U+0333
    { 12, 5, 0, -6, 10, 15, 632 }, // U+0334
    { 14, 3, 0, -7, 10, 11, 647 }, // U+0335
    { 22, 3, 0, -11, 10, 17, 658 }, // U+0336
    { 10, 7, 0, -5, 12, 18, 675 }, // U+0337
    { 12, 25, 0, -6, 23, 75, 693 }, // U+0338
    { 4, 7, 0, -2, 0, 7, 768 }, // U+0339
    { 12, 6, 0, -6, -1, 18, 775 }, // U+033A
    { 12, 7, 0, -6, 0, 21, 793 }, // U+033B
    { 12, 5, 0, -6, -1, 15, 814 }, // U+033C
    { 6, 7, 0, -3, 23, 11, 829 }, // U+033D
    { 4, 10, 0, -2, 26, 10, 840 }, // U+033E
    { 14, 7, 0, -7, 29, 25, 850 }, // U+033F
    { 7, 6, 0, -5, 23, 11, 875 }, // U+0340
    { 7, 6, 0, -2, 23, 11, 886 }, // U+0341
    { 12, 5, 0, -6, 22, 15, 897 }, // U+0342
    { 5, 6, 0, -3, 23, 8, 912 }, // U+0343
    { 11, 6, 0, -5, 23, 17, 920 }, // U+0344
    { 6, 5, 0, -2, -2, 8, 937 }, // U+0345
    { 14, 6, 0, -7, 23, 21, 945 }, // U+0346
    { 14, 7, 0, -7, 0, 25, 966 }, // U+0347
    { 8, 6, 0, -4, 0, 12, 991 }, // U+0348
    { 6, 6, 0, -3, -1, 9, 1003 }, // U+0349
    { 12, 7, 0, -6, 23, 21, 1012 }, // U+034A
    { 12, 11, 0, -6, 27, 33, 1033 }, // U+034B
    { 10, 9, 0, -5, 26, 23, 1066 }, // U+034C
    { 12, 6, 0, -6, -1, 18, 1089 }, // U+034D
    { 6, 7, 0, -3, 0, 11, 1107 }, // U+034E
    { 22, 21, 0, -11, 21, 116, 1118 }, // U+034F
    { 6, 7, 0, -3, 24, 11, 1234 }, // U+0350
    { 4, 7, 0, -2, 24, 7, 1245 }, // U+0351
    { 10, 8, 0, -5, 25, 20, 1252 }, // U+0352
    { 6, 7, 0, -3, 0, 11, 1272 }, // U+0353
    { 6, 6, 0, -3, -1, 9, 1283 }, // U+0354
    { 6, 6, 0, -3, -1, 9, 1292 }, // U+0355
    { 12, 6, 0, -6, -1, 18, 1301 }, // U+0356
    { 4, 7, 0, -2, 24, 7, 1319 }, // U+0357
    { 4, 4, 0, 3, 22, 4, 1326 }, // U+0358
    { 8, 6, 0, -4, -1, 12, 1330 }, // U+0359
    { 12, 7, 0, -6, 0, 21, 1342 }, // U+035A
    { 6, 6, 0, -3, 23, 9, 1363 }, // U+035B
    { 24, 6, 0, -12, -1, 36, 1372 }, // U+035C
    { 24, 6, 0, -12, 23, 36, 1408 }, // U+035D
    { 18, 2, 0, -9, 20, 9, 1444 }, // U+035E
    { 18, 2, 0, -9, -2, 9, 1453 }, // U+035F
    { 24, 5, 0, -12, 22, 30, 1462 }, // U+0360
    { 24, 6, 0, -12, 25, 36, 1492 }, // U+0361
    { 23, 6, 0, -11, -1, 35, 1528 }, // U+0362
    { 6, 8, 0, -3, 25, 12, 1563 }, // U+0363
    { 7, 8, 0, -3, 25, 14, 1575 }, // U+0364
    { 2, 9, 0, -1, 27, 5, 1589 }, // U+0365
    { 7, 8, 0, -3, 25, 14, 1594 }, // U+0366
    { 7, 8, 0, -3, 25, 14, 1608 }, // U+0367
    { 6, 8, 0, -3, 25, 12, 1622 }, // U+0368
    { 7, 10, 0, -3, 27, 18, 1634 }, // U+0369
    { 7, 9, 0, -3, 27, 16, 1652 }, // U+036A
    { 11, 7, 0, -5, 25, 20, 1668 }, // U+036B
    { 5, 7, 0, -2, 25, 9, 1688 }, // U+036C
    { 5, 9, 0, -2, 26, 12, 1697 }, // U+036D
    { 8, 7, 0, -4, 25, 14, 1709 }, // U+036E
    { 7, 7, 0, -3, 25, 13, 1723 }, // U+036F
    { 13, 28, 260, 2, 28, 91, 0 }, // U+0400
    { 13, 27, 260, 2, 27, 88, 91 }, // U+0401
    { 20, 22, 334, 0, 21, 110, 179 }, // U+0402
    { 13, 28, 238, 2, 28, 91, 289 }, // U+0403
    { 17, 23, 298, 1, 22, 98, 380 }, // U+0404
    { 14, 23, 256, 1, 22, 81, 478 }, // U+0405
    { 4, 21, 133, 2, 21, 21, 559 }, // U+0406
    { 8, 27, 133, 0, 27, 54, 580 }, // U+0407
    { 9, 27, 127, -3, 21, 61, 634 }, // U+0408
    { 28, 22, 471, 0, 21, 154, 695 }, // U+0409
    { 27, 21, 479, 2, 21, 142, 849 }, // U+040A
    { 20, 21, 334, 0, 21, 105, 991 }, // U+040B
    { 16, 28, 292, 2, 28, 112, 1096 }, // U+040C
    { 18, 28, 353, 2, 28, 126, 1208 }, // U+040D
    { 18, 28, 288, 0, 27, 126, 1334 }, // U+040E
    { 17, 26, 341, 2, 21, 111, 1460 }, // U+040F
    { 19, 21, 298, 0, 21, 100, 1571 }, // U+0410
    { 15, 21, 287, 2, 21, 79, 1671 }, // U+0411
    { 16, 21, 303, 2, 21, 84, 1750 }, // U+0412
    { 13, 21, 238, 2, 21, 69, 1834 }, // U+0413
    { 21, 26, 340, 0, 21, 137, 1903 }, // U+0414
    { 13, 21, 260, 2, 21, 69, 2040 }, // U+0415
    { 27, 21, 422, 0, 21, 142, 2109 }, // U+0416
    { 15, 23, 269, 1, 22, 87, 2251 }, // U+0417
    { 18, 21, 353, 2, 21, 95, 2338 }, // U+0418
    { 18, 27, 353, 2, 27, 122, 2433 }, // U+0419
    { 16, 21, 292, 2, 21, 84, 2555 }, // U+041A
    { 18, 22, 326, 0, 21, 99, 2639 }, // U+041B
    { 22, 21, 423, 2, 21, 116, 2738 }, // U+041C
    { 17, 21, 347, 2, 21, 90, 2854 }, // U+041D
    { 20, 23, 355, 1, 22, 115, 2944 }, // U+041E
    { 17, 21, 342, 2, 21, 90, 3059 }, // U+041F
    { 15, 21, 282, 2, 21, 79, 3149 }, // U+0420
    { 17, 23, 299, 1, 22, 98, 3228 }, // U+0421
    { 16, 21, 260, 0, 21, 84, 3326 }, // U+0422
    { 18, 22, 288, 0, 21, 99, 3410 }, // U+0423
    { 22, 23, 381, 1, 22, 127, 3509 }, // U+0424
    { 17, 21, 274, 0, 21, 90, 3636 }, // U+0425
    { 20, 26, 345, 2, 21, 130, 3726 }, // U+0426
    { 15, 21, 314, 2, 21, 79, 3856 }, // U+0427
    { 26, 21, 483, 2, 21, 137, 3935 }, // U+0428
    { 28, 26, 479, 2, 21, 182, 4072 }, // U+0429
    { 19, 21, 320, 0, 21, 100, 4254 }, // U+042A
    { 20, 21, 396, 2, 21, 105, 4354 }, // U+042B
    { 15, 21, 283, 2, 21, 79, 4459 }, // U+042C
    { 17, 23, 302, 1, 22, 98, 4538 }, // U+042D
    { 26, 23, 466, 2, 22, 150, 4636 }, // U+042E
    { 16, 21, 298, 0, 21, 84, 4786 }, // U+042F
    { 13, 17, 260, 1, 16, 56, 4870 }, // U+0430
    { 16, 24, 279, 1, 23, 96, 4926 }, // U+0431
    { 14, 16, 263, 2, 16, 56, 5022 }, // U+0432
    { 11, 16, 204, 2, 16, 44, 5078 }, // U+0433
    { 18, 21, 283, 0, 16, 95, 5122 }, // U+0434
    { 14, 17, 257, 1, 16, 60, 5217 }, // U+0435
    { 22, 16, 354, 0, 16, 88, 5277 }, // U+0436
    { 13, 17, 228, 0, 16, 56, 5365 }, // U+0437
    { 14, 16, 290, 2, 16, 56, 5421 }, // U+0438
    { 14, 22, 290, 2, 22, 77, 5477 }, // U+0439
    { 14, 16, 248, 2, 16, 56, 5554 }, // U+043A
    { 15, 17, 274, 0, 16, 64, 5610 }, // U+043B
    { 18, 16, 358, 2, 16, 72, 5674 }, // U+043C
    { 14, 16, 287, 2, 16, 56, 5746 }, // U+043D
    { 15, 17, 277, 1, 16, 64, 5802 }, // U+043E
    { 14, 16, 283, 2, 16, 56, 5866 }, // U+043F
    { 15, 23, 284, 2, 16, 87, 5922 }, // U+0440
    { 13, 17, 230, 1, 16, 56, 6009 }, // U+0441
    { 14, 16, 217, 0, 16, 56, 6065 }, // U+0442
    { 15, 23, 238, 0, 16, 87, 6121 }, // U+0443
    { 20, 30, 344, 1, 23, 150, 6208 }, // U+0444
    { 15, 16, 239, 0, 16, 60, 6358 }, // U+0445
    { 16, 21, 286, 2, 16, 84, 6418 }, // U+0446
    { 14, 16, 275, 1, 16, 56, 6502 }, // U+0447
    { 22, 16, 417, 2, 16, 88, 6558 }, // U+0448
    { 24, 21, 419, 2, 16, 126, 6646 }, // U+0449
    { 17, 16, 291, 0, 16, 68, 6772 }, // U+044A
    { 18, 16, 354, 2, 16, 72, 6840 }, // U+044B
    { 13, 16, 254, 2, 16, 52, 6912 }, // U+044C
    { 13, 17, 231, 1, 16, 56, 6964 }, // U+044D
    { 20, 17, 373, 2, 16, 85, 7020 }, // U+044E
    { 14, 16, 269, 1, 16, 56, 7105 }, // U+044F
    { 14, 24, 257, 1, 23, 84, 7161 }, // U+0450
    { 14, 23, 257, 1, 22, 81, 7245 }, // U+0451
    { 16, 30, 289, 0, 23, 120, 7326 }, // U+0452
    { 11, 23, 204, 2, 23, 64, 7446 }, // U+0453
    { 13, 17, 230, 1, 16, 56, 7510 }, // U+0454
    { 12, 17, 218, 1, 16, 51, 7566 }, // U+0455
    { 4, 22, 120, 2, 22, 22, 7617 }, // U+0456
    { 7, 22, 120, 0, 22, 39, 7639 }, // U+0457
    { 8, 29, 120, -2, 22, 58, 7678 }, // U+0458
    { 24, 17, 401, 0, 16, 102, 7736 }, // U+0459
    { 23, 16, 415, 2, 16, 92, 7838 }, // U+045A
    { 16, 23, 290, 0, 23, 92, 7930 }, // U+045B
    { 14, 23, 248, 2, 23, 81, 8022 }, // U+045C
    { 14, 23, 290, 2, 23, 81, 8103 }, // U+045D
    { 15, 29, 238, 0, 22, 109, 8184 }, // U+045E
    { 14, 21, 283, 2, 16, 74, 8293 }, // U+045F
    { 27, 22, 429, 0, 21, 149, 8367 }, // U+0460
    { 23, 16, 368, 0, 16, 92, 8516 }, // U+0461
    { 19, 21, 315, 0, 21, 100, 8608 }, // U+0462
    { 17, 19, 296, 0, 19, 81, 8708 }, // U+0463
    { 25, 23, 430, 2, 22, 144, 8789 }, // U+0464
    { 19, 17, 346, 2, 16, 81, 8933 }, // U+0465
    { 20, 21, 319, 0, 21, 105, 9014 }, // U+0466
    { 17, 16, 267, 0, 16, 68, 9119 }, // U+0467
    { 26, 21, 434, 2, 21, 137, 9187 }, // U+0468
    { 21, 16, 364, 2, 16, 84, 9324 }, // U+0469
    { 21, 21, 340, 0, 21, 111, 9408 }, // U+046A
    { 19, 16, 299, 0, 16, 76, 9519 }, // U+046B
    { 27, 21, 459, 2, 21, 142, 9595 }, // U+046C
    { 23, 16, 396, 2, 16, 92, 9737 }, // U+046D
    { 16, 32, 274, 0, 25, 128, 9829 }, // U+046E
    { 13, 26, 229, 0, 20, 85, 9957 }, // U+046F
    { 20, 21, 375, 2, 21, 105, 10042 }, // U+0470
    { 18, 30, 355, 2, 23, 135, 10147 }, // U+0471
    { 20, 23, 365, 1, 22, 115, 10282 }, // U+0472
    { 16, 17, 282, 1, 16, 68, 10397 }, // U+0473
    { 20, 21, 296, 0, 21, 105, 10465 }, // U+0474
    { 16, 16, 241, 0, 16, 64, 10570 }, // U+0475
    { 20, 28, 296, 0, 28, 140, 10634 }, // U+0476
    { 16, 23, 241, 0, 23, 92, 10774 }, // U+0477
    { 35, 29, 569, 1, 22, 254, 10866 }, // U+0478
    { 31, 23, 511, 1, 16, 179, 11120 }, // U+0479
    { 22, 25, 383, 1, 23, 138, 11299 }, // U+047A
    { 17, 20, 308, 1, 18, 85, 11437 }, // U+047B
    { 28, 32, 479, 1, 31, 224, 11522 }, // U+047C
    { 24, 27, 422, 1, 26, 162, 11746 }, // U+047D
    { 27, 27, 429, 0, 26, 183, 11908 }, // U+047E
    { 23, 21, 368, 0, 21, 121, 12091 }, // U+047F
    { 17, 29, 300, 1, 22, 124, 12212 }, // U+0480
    { 13, 23, 230, 1, 16, 75, 12336 }, // U+0481
    { 16, 20, 284, 1, 19, 80, 12411 }, // U+0482
    { 12, 5, 0, -14, 21, 15, 12491 }, // U+0483
    { 12, 5, 0, -14, 22, 15, 12506 }, // U+0484
    { 5, 6, 0, -11, 23, 8, 12521 }, // U+0485
    { 4, 6, 0, -10, 23, 6, 12529 }, // U+0486
    { 12, 4, 0, -6, 26, 12, 12535 }, // U+0487
    { 34, 31, 0, -17, 23, 264, 12547 }, // U+0488
    { 34, 33, 0, -17, 24, 281, 12811 }, // U+0489
    { 21, 33, 366, 2, 27, 174, 13092 }, // U+048A
    { 17, 29, 308, 2, 23, 124, 13266 }, // U+048B
    { 17, 21, 287, 0, 21, 90, 13390 }, // U+048C
    { 16, 23, 277, 0, 23, 92, 13480 }, // U+048D
    { 15, 21, 286, 2, 21, 79, 13572 }, // U+048E
    { 15, 23, 287, 2, 16, 87, 13651 }, // U+048F
    { 13, 26, 248, 2, 26, 85, 13738 }, // U+0490
    { 11, 21, 204, 2, 21, 58, 13823 }, // U+0491
    { 15, 21, 247, 0, 21, 79, 13881 }, // U+0492
    { 13, 16, 203, 0, 16, 52, 13960 }, // U+0493
    { 16, 29, 304, 2, 21, 116, 14012 }, // U+0494
    { 13, 24, 249, 2, 16, 78, 14128 }, // U+0495
    { 26, 27, 422, 0, 21, 176, 14206 }, // U+0496
    { 23, 22, 372, 0, 16, 127, 14382 }, // U+0497
    { 15, 29, 269, 1, 22, 109, 14509 }, // U+0498
    { 13, 23, 228, 0, 16, 75, 14618 }, // U+0499
    { 18, 27, 313, 2, 21, 122, 14693 }, // U+049A
    { 14, 22, 260, 2, 16, 77, 14815 }, // U+049B
    { 17, 21, 292, 2, 21, 90, 14892 }, // U+049C
    { 14, 16, 247, 2, 16, 56, 14982 }, // U+049D
    { 18, 21, 292, 0, 21, 95, 15038 }, // U+049E
    { 16, 23, 249, 0, 23, 92, 15133 }, // U+049F
    { 21, 21, 323, 0, 21, 111, 15225 }, // U+04A0
    { 19, 16, 291, 0, 16, 76, 15336 }, // U+04A1
    { 20, 27, 352, 2, 21, 135, 15412 }, // U+04A2
    { 17, 22, 307, 2, 16, 94, 15547 }, // U+04A3
    { 22, 21, 380, 2, 21, 116, 15641 }, // U+04A4
    { 20, 16, 344, 2, 16, 80, 15757 }, // U+04A5
    { 28, 29, 493, 2, 21, 203, 15837 }, // U+04A6
    { 23, 24, 403, 2, 16, 138, 16040 }, // U+04A7
    { 21, 24, 364, 1, 22, 126, 16178 }, // U+04A8
    { 17, 17, 300, 1, 16, 73, 16304 }, // U+04A9
    { 17, 29, 295, 1, 22, 124, 16377 }, // U+04AA
    { 13, 23, 224, 1, 16, 75, 16501 }, // U+04AB
    { 16, 27, 260, 0, 21, 108, 16576 }, // U+04AC
    { 14, 22, 222, 0, 16, 77, 16684 }, // U+04AD
    { 17, 21, 264, 0, 21, 90, 16761 }, // U+04AE
    { 15, 23, 237, 0, 16, 87, 16851 }, // U+04AF
    { 17, 21, 264, 0, 21, 90, 16938 }, // U+04B0
    { 15, 23, 237, 0, 16, 87, 17028 }, // U+04B1
    { 18, 27, 295, 0, 21, 122, 17115 }, // U+04B2
    { 16, 22, 258, 0, 16, 88, 17237 }, // U+04B3
    { 25, 27, 402, 0, 21, 169, 17325 }, // U+04B4
    { 21, 22, 338, 0, 16, 116, 17494 }, // U+04B5
    { 19, 27, 328, 2, 21, 129, 17610 }, // U+04B6
    { 16, 22, 290, 2, 16, 88, 17739 }, // U+04B7
    { 16, 21, 326, 2, 21, 84, 17827 }, // U+04B8
    { 14, 16, 283, 2, 16, 56, 17911 }, // U+04B9
    { 17, 21, 326, 2, 21, 90, 17967 }, // U+04BA
    { 14, 23, 288, 2, 23, 81, 18057 }, // U+04BB
    { 24, 23, 396, 0, 22, 138, 18138 }, // U+04BC
    { 18, 17, 310, 0, 16, 77, 18276 }, // U+04BD
    { 24, 28, 396, 0, 22, 168, 18353 }, // U+04BE
    { 18, 22, 310, 0, 16, 99, 18521 }, // U+04BF
    { 8, 21, 158, 1, 21, 42, 18620 }, // U+04C0
    { 27, 27, 422, 0, 27, 183, 18662 }, // U+04C1
    { 22, 22, 354, 0, 22, 121, 18845 }, // U+04C2
    { 17, 29, 325, 2, 21, 124, 18966 }, // U+04C3
    { 14, 24, 261, 2, 16, 84, 19090 }, // U+04C4
    { 21, 27, 336, 0, 21, 142, 19174 }, // U+04C5
    { 18, 22, 274, 0, 16, 99, 19316 }, // U+04C6
    { 17, 29, 341, 2, 21, 124, 19415 }, // U+04C7
    { 15, 24, 290, 2, 16, 90, 19539 }, // U+04C8
    { 20, 27, 353, 2, 21, 135, 19629 }, // U+04C9
    { 17, 22, 309, 2, 16, 94, 19764 }, // U+04CA
    { 16, 27, 326, 2, 21, 108, 19858 }, // U+04CB
    { 14, 22, 286, 2, 16, 77, 19966 }, // U+04CC
    { 25, 27, 428, 2, 21, 169, 20043 }, // U+04CD
    { 20, 22, 352, 2, 16, 110, 20212 }, // U+04CE
    { 8, 21, 158, 1, 21, 42, 20322 }, // U+04CF
    { 19, 27, 298, 0, 27, 129, 20364 }, // U+04D0
    { 13, 23, 262, 1, 22, 75, 20493 }, // U+04D1
    { 19, 27, 298, 0, 27, 129, 20568 }, // U+04D2
    { 13, 23, 262, 1, 22, 75, 20697 }, // U+04D3
    { 25, 21, 411, -1, 21, 132, 20772 }, // U+04D4
    { 23, 17, 403, 1, 16, 98, 20904 }, // U+04D5
    { 13, 27, 260, 2, 27, 88, 21002 }, // U+04D6
    { 14, 23, 263, 1, 22, 81, 21090 }, // U+04D7
    { 19, 23, 345, 1, 22, 110, 21171 }, // U+04D8
    { 14, 17, 263, 1, 16, 60, 21281 }, // U+04D9
    { 19, 28, 345, 1, 27, 133, 21341 }, // U+04DA
    { 14, 23, 263, 1, 22, 81, 21474 }, // U+04DB
    { 27, 27, 422, 0, 27, 183, 21555 }, // U+04DC
    { 22, 22, 354, 0, 22, 121, 21738 }, // U+04DD
    { 15, 28, 269, 1, 27, 105, 21859 }, // U+04DE
    { 13, 23, 228, 0, 22, 75, 21964 }, // U+04DF
    { 15, 22, 273, 1, 21, 83, 22039 }, // U+04E0
    { 14, 23, 232, 0, 16, 81, 22122 }, // U+04E1
    { 18, 25, 353, 2, 25, 113, 22203 }, // U+04E2
    { 14, 20, 290, 2, 20, 70, 22316 }, // U+04E3
    { 18, 27, 353, 2, 27, 122, 22386 }, // U+04E4
    { 14, 22, 290, 2, 22, 77, 22508 }, // U+04E5
    { 20, 28, 365, 1, 27, 140, 22585 }, // U+04E6
    { 16, 23, 282, 1, 22, 92, 22725 }, // U+04E7
    { 20, 23, 365, 1, 22, 115, 22817 }, // U+04E8
    { 16, 17, 282, 1, 16, 68, 22932 }, // U+04E9
    { 20, 28, 365, 1, 27, 140, 23000 }, // U+04EA
    { 16, 23, 282, 1, 22, 92, 23140 }, // U+04EB
    { 17, 28, 302, 1, 27, 119, 23232 }, // U+04EC
    { 13, 23, 231, 1, 22, 75, 23351 }, // U+04ED
    { 18, 26, 288, 0, 25, 117, 23426 }, // U+04EE
    { 15, 27, 238, 0, 20, 102, 23543 }, // U+04EF
    { 18, 28, 288, 0, 27, 126, 23645 }, // U+04F0
    { 15, 29, 238, 0, 22, 109, 23771 }, // U+04F1
    { 18, 29, 288, 0, 28, 131, 23880 }, // U+04F2
    { 15, 30, 238, 0, 23, 113, 24011 }, // U+04F3
    { 15, 27, 314, 2, 27, 102, 24124 }, // U+04F4
    { 14, 22, 275, 1, 22, 77, 24226 }, // U+04F5
    { 13, 27, 247, 2, 21, 88, 24303 }, // U+04F6
    { 10, 22, 202, 2, 16, 55, 24391 }, // U+04F7
    { 20, 27, 396, 2, 27, 135, 24446 }, // U+04F8
    { 18, 22, 354, 2, 22, 99, 24581 }, // U+04F9
    { 15, 27, 247, 0, 21, 102, 24680 }, // U+04FA
    { 13, 22, 203, 0, 16, 72, 24782 }, // U+04FB
    { 18, 27, 295, 0, 21, 122, 24854 }, // U+04FC
    { 16, 22, 257, 0, 16, 88, 24976 }, // U+04FD
    { 17, 21, 274, 0, 21, 90, 25064 }, // U+04FE
    { 15, 16, 247, 0, 16, 60, 25154 }, // U+04FF
    { 19, 27, 298, 0, 21, 129, 0 }, // U+1EA0
    { 13, 22, 262, 1, 16, 72, 129 }, // U+1EA1
    { 19, 29, 298, 0, 29, 138, 201 }, // U+1EA2
    { 13, 25, 262, 1, 24, 82, 339 }, // U+1EA3
    { 19, 29, 298, 0, 29, 138, 421 }, // U+1EA4
    { 15, 25, 262, 1, 24, 94, 559 }, // U+1EA5
    { 19, 29, 298, 0, 29, 138, 653 }, // U+1EA6
    { 14, 25, 262, 0, 24, 88, 791 }, // U+1EA7
    { 19, 31, 298, 0, 31, 148, 879 }, // U+1EA8
    { 15, 27, 262, 1, 26, 102, 1027 }, // U+1EA9
    { 19, 31, 298, 0, 31, 148, 1129 }, // U+1EAA
    { 13, 27, 262, 1, 26, 88, 1277 }, // U+1EAB
    { 19, 34, 298, 0, 28, 162, 1365 }, // U+1EAC
    { 13, 29, 262, 1, 23, 95, 1527 }, // U+1EAD
    { 19, 30, 298, 0, 30, 143, 1622 }, // U+1EAE
    { 13, 26, 262, 1, 25, 85, 1765 }, // U+1EAF
    { 19, 30, 298, 0, 30, 143, 1850 }, // U+1EB0
    { 13, 26, 262, 1, 25, 85, 1993 }, // U+1EB1
    { 19, 31, 298, 0, 31, 148, 2078 }, // U+1EB2
    { 13, 27, 262, 1, 26, 88, 2226 }, // U+1EB3
    { 19, 31, 298, 0, 31, 148, 2314 }, // U+1EB4
    { 13, 27, 262, 1, 26, 88, 2462 }, // U+1EB5
    { 19, 33, 298, 0, 27, 157, 2550 }, // U+1EB6
    { 13, 28, 262, 1, 22, 91, 2707 }, // U+1EB7
    { 13, 27, 260, 2, 21, 88, 2798 }, // U+1EB8
    { 14, 22, 263, 1, 16, 77, 2886 }, // U+1EB9
    { 13, 29, 260, 2, 29, 95, 2963 }, // U+1EBA
    { 14, 25, 263, 1, 24, 88, 3058 }, // U+1EBB
    { 13, 27, 260, 2, 27, 88, 3146 }, // U+1EBC
    { 14, 23, 263, 1, 22, 81, 3234 }, // U+1EBD
    { 15, 29, 260, 2, 29, 109, 3315 }, // U+1EBE
    { 16, 25, 263, 1, 24, 100, 3424 }, // U+1EBF
    { 14, 29, 260, 1, 29, 102, 3524 }, // U+1EC0
    { 15, 25, 263, 0, 24, 94, 3626 }, // U+1EC1
    { 14, 31, 260, 2, 31, 109, 3720 }, // U+1EC2
    { 15, 27, 263, 1, 26, 102, 3829 }, // U+1EC3
    { 13, 31, 260, 2, 31, 101, 3931 }, // U+1EC4
    { 14, 27, 263, 1, 26, 95, 4032 }, // U+1EC5
    { 13, 34, 260, 2, 28, 111, 4127 }, // U+1EC6
    { 14, 29, 263, 1, 23, 102, 4238 }, // U+1EC7
    { 8, 29, 158, 1, 29, 58, 4340 }, // U+1EC8
    { 7, 24, 120, 1, 24, 42, 4398 }, // U+1EC9
    { 8, 27, 158, 1, 21, 54, 4440 }, // U+1ECA
    { 4, 28, 120, 2, 22, 28, 4494 }, // U+1ECB
    { 20, 28, 365, 1, 22, 140, 4522 }, // U+1ECC
    { 16, 22, 282, 1, 16, 88, 4662 }, // U+1ECD
    { 20, 30, 365, 1, 29, 150, 4750 }, // U+1ECE
    { 16, 25, 282, 1, 24, 100, 4900 }, // U+1ECF
    { 20, 30, 365, 1, 29, 150, 5000 }, // U+1ED0
    { 16, 25, 282, 1, 24, 100, 5150 }, // U+1ED1
    { 20, 30, 365, 1, 29, 150, 5250 }, // U+1ED2
    { 16, 25, 282, 1, 24, 100, 5400 }, // U+1ED3
    { 20, 32, 365, 1, 31, 160, 5500 }, // U+1ED4
    { 16, 27, 282, 1, 26, 108, 5660 }, // U+1ED5
    { 20, 32, 365, 1, 31, 160, 5768 }, // U+1ED6
    { 16, 27, 282, 1, 26, 108, 5928 }, // U+1ED7
    { 20, 34, 365, 1, 28, 170, 6036 }, // U+1ED8
    { 16, 29, 282, 1, 23, 116, 6206 }, // U+1ED9
    { 23, 29, 366, 1, 28, 167, 6322 }, // U+1EDA
    { 18, 24, 288, 1, 23, 108, 6489 }, // U+1EDB
    { 23, 29, 366, 1, 28, 167, 6597 }, // U+1EDC
    { 18, 24, 288, 1, 23, 108, 6764 }, // U+1EDD
    { 23, 30, 366, 1, 29, 173, 6872 }, // U+1EDE
    { 18, 25, 288, 1, 24, 113, 7045 }, // U+1EDF
    { 23, 28, 366, 1, 27, 161, 7158 }, // U+1EE0
    { 18, 23, 288, 1, 22, 104, 7319 }, // U+1EE1
    { 23, 29, 366, 1, 23, 167, 7423 }, // U+1EE2
    { 18, 25, 288, 1, 19, 113, 7590 }, // U+1EE3
    { 17, 27, 341, 2, 21, 115, 7703 }, // U+1EE4
    { 14, 22, 288, 2, 16, 77, 7818 }, // U+1EE5
    { 17, 30, 341, 2, 29, 128, 7895 }, // U+1EE6
    { 14, 25, 288, 2, 24, 88, 8023 }, // U+1EE7
    { 22, 29, 364, 2, 28, 160, 8111 }, // U+1EE8
    { 19, 24, 315, 2, 23, 114, 8271 }, // U+1EE9
    { 22, 29, 364, 2, 28, 160, 8385 }, // U+1EEA
    { 19, 24, 315, 2, 23, 114, 8545 }, // U+1EEB
    { 22, 30, 364, 2, 29, 165, 8659 }, // U+1EEC
    { 19, 25, 315, 2, 24, 119, 8824 }, // U+1EED
    { 22, 28, 364, 2, 27, 154, 8943 }, // U+1EEE
    { 19, 23, 315, 2, 22, 110, 9097 }, // U+1EEF
    { 22, 29, 364, 2, 23, 160, 9207 }, // U+1EF0
    { 19, 25, 315, 2, 19, 119, 9367 }, // U+1EF1
    { 17, 28, 264, 0, 28, 119, 9486 }, // U+1EF2
    { 15, 30, 238, 0, 23, 113, 9605 }, // U+1EF3
    { 17, 27, 264, 0, 21, 115, 9718 }, // U+1EF4
    { 15, 23, 238, 0, 16, 87, 9833 }, // U+1EF5
    { 17, 29, 264, 0, 29, 124, 9920 }, // U+1EF6
    { 15, 31, 238, 0, 24, 117, 10044 }, // U+1EF7
    { 17, 27, 264, 0, 27, 115, 10161 }, // U+1EF8
    { 15, 29, 238, 0, 22, 109, 10276 }, // U+1EF9
    { 0, 0, 233, 0, 0, 0, 0 }, // U+2000
    { 0, 0, 467, 0, 0, 0, 0 }, // U+2001
    { 0, 0, 233, 0, 0, 0, 0 }, // U+2002
    { 0, 0, 467, 0, 0, 0, 0 }, // U+2003
    { 0, 0, 155, 0, 0, 0, 0 }, // U+2004
    { 0, 0, 117, 0, 0, 0, 0 }, // U+2005
    { 0, 0, 78, 0, 0, 0, 0 }, // U+2006
    { 0, 0, 267, 0, 0, 0, 0 }, // U+2007
    { 0, 0, 125, 0, 0, 0, 0 }, // U+2008
    { 0, 0, 77, 0, 0, 0, 0 }, // U+2009
    { 0, 0, 47, 0, 0, 0, 0 }, // U+200A
    { 0, 0, 0, 0, 0, 0, 0 }, // U+200B
    { 0, 0, 0, 0, 0, 0, 0 }, // U+200C
    { 0, 0, 0, 0, 0, 0, 0 }, // U+200D
    { 8, 25, 0, -1, 21, 50, 0 }, // U+200E
    { 8, 25, 0, -7, 21, 50, 50 }, // U+200F
    { 8, 3, 150, 1, 9, 6, 100 }, // U+2010
    { 8, 3, 150, 1, 9, 6, 106 }, // U+2011
    { 15, 3, 267, 1, 12, 12, 112 }, // U+2012
    { 13, 3, 233, 1, 9, 10, 124 }, // U+2013
    { 27, 3, 467, 1, 9, 21, 134 }, // U+2014
    { 27, 3, 467, 1, 9, 21, 155 }, // U+2015
    { 10, 31, 257, 3, 23, 78, 176 }, // U+2016
    { 14, 7, 192, -1, 0, 25, 254 }, // U+2017
    { 5, 8, 82, 0, 21, 10, 279 }, // U+2018
    { 5, 8, 82, 0, 21, 10, 289 }, // U+2019
    { 6, 8, 117, 0, 4, 12, 299 }, // U+201A
    { 5, 8, 82, 0, 21, 10, 311 }, // U+201B
    { 11, 8, 168, 0, 21, 22, 321 }, // U+201C
    { 11, 8, 168, 0, 21, 22, 343 }, // U+201D
    { 11, 8, 194, 0, 4, 22, 365 }, // U+201E
    { 11, 8, 168, 0, 21, 22, 387 }, // U+201F
    { 13, 23, 239, 1, 23, 75, 409 }, // U+2020
    { 13, 23, 239, 1, 23, 75, 484 }, // U+2021
    { 7, 8, 175, 2, 15, 14, 559 }, // U+2022
    { 9, 10, 172, 1, 16, 23, 573 }, // U+2023
    { 5, 5, 233, 5, 4, 7, 596 }, // U+2024
    { 12, 5, 250, 2, 4, 15, 603 }, // U+2025
    { 19, 5, 369, 2, 4, 24, 618 }, // U+2026
    { 4, 5, 125, 2, 10, 5, 642 }, // U+2027
    { 0, 0, 280, 0, 0, 0, 647 }, // U+2028
    { 0, 0, 280, 0, 0, 0, 647 }, // U+2029
    { 8, 22, 0, -1, 18, 44, 647 }, // U+202A
    { 8, 22, 0, -7, 18, 44, 691 }, // U+202B
    { 8, 25, 0, -4, 21, 50, 735 }, // U+202C
    { 8, 25, 0, -4, 21, 50, 785 }, // U+202D
    { 8, 25, 0, -4, 21, 50, 835 }, // U+202E
    { 0, 0, 77, 0, 0, 0, 885 }, // U+202F
    { 32, 23, 549, 1, 22, 184, 885 }, // U+2030
    { 43, 23, 721, 1, 22, 248, 1069 }, // U+2031
    { 7, 8, 108, 1, 21, 14, 1317 }, // U+2032
    { 12, 8, 190, 1, 21, 24, 1331 }, // U+2033
    { 17, 8, 273, 1, 21, 34, 1355 }, // U+2034
    { 7, 8, 108, -1, 21, 14, 1389 }, // U+2035
    { 12, 8, 205, -1, 21, 24, 1403 }, // U+2036
    { 17, 8, 281, -1, 21, 34, 1427 }, // U+2037
    { 12, 10, 186, 0, 3, 30, 1461 }, // U+2038
    { 7, 13, 145, 1, 14, 23, 1491 }, // U+2039
    { 7, 13, 145, 1, 14, 23, 1514 }, // U+203A
    { 22, 23, 391, 1, 22, 127, 1537 }, // U+203B
    { 11, 22, 233, 2, 21, 61, 1664 }, // U+203C
    { 13, 23, 207, 0, 22, 75, 1725 }, // U+203D
    { 16, 3, 233, -1, 25, 12, 1800 }, // U+203E
    { 18, 7, 284, 0, 0, 32, 1812 }, // U+203F
    { 18, 8, 284, 0, 24, 36, 1844 }, // U+2040
    { 11, 19, 175, 0, 12, 53, 1880 }, // U+2041
    { 33, 28, 522, 0, 23, 231, 1933 }, // U+2042
    { 8, 3, 150, 1, 9, 6, 2164 }, // U+2043
    { 16, 21, 61, -6, 21, 84, 2170 }, // U+2044
    { 7, 26, 151, 2, 21, 46, 2254 }, // U+2045
    { 8, 26, 151, 0, 21, 52, 2300 }, // U+2046
    { 25, 23, 399, 0, 22, 144, 2352 }, // U+2047
    { 18, 23, 317, 0, 22, 104, 2496 }, // U+2048
    { 18, 23, 318, 2, 22, 104, 2600 }, // U+2049
    { 15, 16, 267, 1, 16, 60, 2704 }, // U+204A
    { 16, 27, 306, 2, 23, 108, 2764 }, // U+204B
    { 16, 15, 298, 1, 16, 60, 2872 }, // U+204C
    { 16, 15, 298, 2, 16, 60, 2932 }, // U+204D
    { 14, 14, 257, 1, 8, 49, 2992 }, // U+204E
    { 6, 21, 111, 1, 17, 32, 3041 }, // U+204F
    { 18, 31, 282, 0, 24, 140, 3073 }, // U+2050
    { 14, 29, 257, 1, 23, 102, 3213 }, // U+2051
    { 11, 23, 174, 0, 22, 64, 3315 }, // U+2052
    { 25, 5, 467, 2, 11, 32, 3379 }, // U+2053
    { 18, 7, 282, 0, 0, 32, 3411 }, // U+2054
    { 16, 16, 267, 0, 15, 64, 3443 }, // U+2055
    { 13, 23, 241, 1, 22, 75, 3507 }, // U+2056
    { 22, 8, 346, 1, 21, 44, 3582 }, // U+2057
    { 22, 23, 384, 1, 22, 127, 3626 }, // U+2058
    { 22, 23, 387, 1, 22, 127, 3753 }, // U+2059
    { 4, 23, 103, 1, 22, 23, 3880 }, // U+205A
    { 17, 23, 305, 1, 22, 98, 3903 }, // U+205B
    { 22, 23, 372, 1, 22, 127, 4001 }, // U+205C
    { 4, 22, 125, 2, 21, 22, 4128 }, // U+205D
    { 4, 23, 125, 2, 22, 23, 4150 }, // U+205E
    { 0, 0, 104, 0, 0, 0, 4173 }, // U+205F
    { 0, 0, 280, 0, 0, 0, 4173 }, // U+2060
    { 0, 0, 280, 0, 0, 0, 4173 }, // U+2061
    { 0, 0, 280, 0, 0, 0, 4173 }, // U+2062
    { 0, 0, 280, 0, 0, 0, 4173 }, // U+2063
    { 0, 0, 280, 0, 0, 0, 4173 }, // U+2064
    { 0, 0, 0, 0, 0, 0, 4173 }, // U+2066
    { 0, 0, 0, 0, 0, 0, 4173 }, // U+2067
    { 0, 0, 0, 0, 0, 0, 4173 }, // U+2068
    { 0, 0, 0, 0, 0, 0, 4173 }, // U+2069
    { 8, 25, 0, -4, 21, 50, 4173 }, // U+206A
    { 8, 25, 0, -4, 21, 50, 4223 }, // U+206B
    { 8, 25, 0, -4, 21, 50, 4273 }, // U+206C
    { 8, 25, 0, -4, 21, 50, 4323 }, // U+206D
    { 8, 25, 0, -4, 21, 50, 4373 }, // U+206E
    { 8, 25, 0, -4, 21, 50, 4423 }, // U+206F
    { 10, 14, 163, 0, 25, 35, 0 }, // U+2070
    { 3, 14, 78, 1, 22, 11, 35 }, // U+2071
    { 10, 13, 163, 0, 25, 33, 46 }, // U+2074
    { 10, 14, 163, 0, 25, 35, 79 }, // U+2075
    { 10, 14, 163, 0, 25, 35, 114 }, // U+2076
    { 10, 13, 163, 0, 25, 33, 149 }, // U+2077
    { 10, 14, 163, 0, 25, 35, 182 }, // U+2078
    { 10, 14, 163, 0, 25, 35, 217 }, // U+2079
    { 8, 9, 158, 1, 22, 18, 252 }, // U+207A
    { 8, 3, 158, 1, 19, 6, 270 }, // U+207B
    { 8, 6, 158, 1, 20, 12, 276 }, // U+207C
    { 6, 17, 105, 1, 27, 26, 288 }, // U+207D
    { 5, 17, 105, 0, 27, 22, 314 }, // U+207E
    { 10, 10, 188, 1, 18, 25, 336 }, // U+207F
    { 10, 14, 163, 0, 9, 35, 361 }, // U+2080
    { 6, 13, 163, 1, 9, 20, 396 }, // U+2081
    { 9, 13, 163, 0, 9, 30, 416 }, // U+2082
    { 10, 14, 163, 0, 9, 35, 446 }, // U+2083
    { 10, 13, 163, 0, 9, 33, 481 }, // U+2084
    { 10, 14, 163, 0, 9, 35, 514 }, // U+2085
    { 10, 14, 163, 0, 9, 35, 549 }, // U+2086
    { 10, 13, 163, 0, 9, 33, 584 }, // U+2087
    { 10, 14, 163, 0, 9, 35, 617 }, // U+2088
    { 10, 14, 163, 0, 9, 35, 652 }, // U+2089
    { 8, 9, 158, 1, 6, 18, 687 }, // U+208A
    { 8, 3, 158, 1, 3, 6, 705 }, // U+208B
    { 8, 6, 158, 1, 4, 12, 711 }, // U+208C
    { 6, 17, 105, 1, 11, 26, 723 }, // U+208D
    { 5, 17, 105, 0, 11, 22, 749 }, // U+208E
    { 10, 10, 170, 0, 7, 25, 771 }, // U+2090
    { 9, 10, 171, 1, 7, 23, 796 }, // U+2091
    { 10, 10, 183, 1, 7, 25, 819 }, // U+2092
    { 10, 10, 161, 0, 7, 25, 844 }, // U+2093
    { 10, 10, 171, 0, 7, 25, 869 }, // U+2094
    { 10, 14, 188, 1, 11, 35, 894 }, // U+2095
    { 9, 14, 162, 1, 11, 32, 929 }, // U+2096
    { 3, 14, 78, 1, 11, 11, 961 }, // U+2097
    { 16, 10, 284, 1, 7, 40, 972 }, // U+2098
    { 10, 10, 188, 1, 7, 25, 1012 }, // U+2099
    { 10, 14, 187, 1, 7, 35, 1037 }, // U+209A
    { 9, 10, 145, 0, 7, 23, 1072 }, // U+209B
    { 7, 12, 110, 0, 9, 21, 1095 }, // U+209C
    { 15, 22, 267, 1, 22, 83, 0 }, // U+20A0
    { 16, 25, 267, 1, 23, 100, 83 }, // U+20A1
    { 15, 23, 267, 1, 22, 87, 183 }, // U+20A2
    { 15, 21, 267, 1, 21, 79, 270 }, // U+20A3
    { 16, 22, 267, 0, 22, 88, 349 }, // U+20A4
    { 23, 24, 436, 2, 20, 138, 437 }, // U+20A5
    { 17, 21, 267, 0, 21, 90, 575 }, // U+20A6
    { 20, 22, 362, 2, 21, 110, 665 }, // U+20A7
    { 22, 22, 389, 2, 21, 121, 775 }, // U+20A8
    { 20, 21, 313, 0, 21, 105, 896 }, // U+20A9
    { 19, 21, 373, 2, 21, 100, 1001 }, // U+20AA
    { 17, 28, 288, 1, 23, 119, 1101 }, // U+20AB
    { 17, 23, 267, 0, 22, 98, 1220 }, // U+20AC
    { 17, 21, 267, 0, 21, 90, 1318 }, // U+20AD
    { 17, 21, 267, 0, 21, 90, 1408 }, // U+20AE
    { 28, 29, 453, 0, 22, 203, 1498 }, // U+20AF
    { 16, 29, 267, 0, 22, 116, 1701 }, // U+20B0
    { 17, 21, 267, 0, 21, 90, 1817 }, // U+20B1
    { 19, 26, 340, 1, 23, 124, 1907 }, // U+20B2
    { 18, 21, 284, 0, 21, 95, 2031 }, // U+20B3
    { 16, 23, 256, 0, 22, 92, 2126 }, // U+20B4
    { 17, 26, 295, 1, 23, 111, 2218 }, // U+20B5
    { 18, 21, 290, 0, 20, 95, 2329 }, // U+20B6
    { 20, 25, 339, 0, 22, 125, 2424 }, // U+20B7
    { 16, 21, 255, 0, 21, 84, 2549 }, // U+20B8
    { 13, 21, 267, 2, 21, 69, 2633 }, // U+20B9
    { 16, 22, 267, 0, 21, 88, 2702 }, // U+20BA
    { 23, 23, 365, 0, 22, 133, 2790 }, // U+20BB
    { 21, 21, 378, 1, 21, 111, 2923 }, // U+20BC
    { 16, 21, 272, 0, 21, 84, 3034 }, // U+20BD
    { 20, 23, 360, 1, 23, 115, 3118 }, // U+20BE
    { 14, 27, 267, 2, 24, 95, 3233 }, // U+20BF
    { 12, 21, 230, 1, 16, 63, 3328 }, // U+20C0
    { 15, 3, 267, 1, 12, 12, 0 }, // U+2212
    { 22, 23, 321, 0, 23, 127, 0 }, // U+FB00
    { 16, 23, 281, 0, 23, 92, 127 }, // U+FB01
    { 16, 23, 281, 0, 23, 92, 219 }, // U+FB02
    { 26, 23, 442, 0, 23, 150, 311 }, // U+FB03
    { 26, 23, 442, 0, 23, 150, 461 }, // U+FB04
    { 17, 24, 314, 2, 23, 102, 611 }, // U+FB05
    { 23, 24, 392, 1, 23, 138, 713 }, // U+FB06
    { 27, 28, 467, 1, 23, 189, 0 }, // U+FFFD
};

static const EpdUnicodeInterval notosans_14_regularIntervals[] = {
    { 0x0, 0x0, 0x0 },
    { 0xD, 0xD, 0x1 },
    { 0x20, 0x7E, 0x2 },
    { 0xA0, 0x17F, 0x61 },
    { 0x1A0, 0x1A1, 0x141 },
    { 0x1AF, 0x1B0, 0x143 },
    { 0x1C4, 0x21F, 0x145 },
    { 0x300, 0x36F, 0x1A1 },
    { 0x400, 0x4FF, 0x211 },
    { 0x1EA0, 0x1EF9, 0x311 },
    { 0x2000, 0x2064, 0x36B },
    { 0x2066, 0x2071, 0x3D0 },
    { 0x2074, 0x208E, 0x3DC },
    { 0x2090, 0x209C, 0x3F7 },
    { 0x20A0, 0x20C0, 0x404 },
    { 0x2212, 0x2212, 0x425 },
    { 0xFB00, 0xFB06, 0x426 },
    { 0xFFFD, 0xFFFD, 0x42D },
};

static const EpdFontGroup notosans_14_regularGroups[] = {
    { 0, 2862, 7056, 97, 0 },
    { 2862, 2662, 8689, 96, 97 },
    { 5524, 3238, 13305, 128, 193 },
    { 8762, 3274, 11954, 96, 321 },
    { 12036, 1118, 1924, 112, 417 },
    { 13154, 8043, 27313, 256, 529 },
    { 21197, 1987, 11259, 90, 785 },
    { 23184, 1875, 4839, 111, 875 },
    { 25059, 565, 1349, 42, 986 },
    { 25624, 1711, 3619, 33, 1028 },
    { 27335, 12, 12, 1, 1061 },
    { 27347, 282, 908, 7, 1062 },
    { 27629, 127, 196, 1, 1069 },
};

static const uint16_t notosans_14_regularKernLeftCodepoints[] = {
    0x0022, 0x0026, 0x0027, 0x0028, 0x002C, 0x002D, 0x002E, 0x003A, 0x0041, 0x0042, 0x0043, 0x0044,
    0x0045, 0x0046, 0x004B, 0x004C, 0x004F, 0x0050, 0x0051, 0x0052, 0x0054, 0x0055, 0x0056, 0x0057,
    0x0058, 0x0059, 0x005A, 0x005B, 0x005F, 0x0061, 0x0062, 0x0063, 0x0065, 0x0066, 0x0068, 0x006D,
    0x006E, 0x006F, 0x0070, 0x0072, 0x0074, 0x0076, 0x0077, 0x0078, 0x0079, 0x007B, 0x00A1, 0x00AB,
    0x00BB, 0x00BF, 0x00C0, 0x00C1, 0x00C2, 0x00C3, 0x00C4, 0x00C5, 0x00C6, 0x00C7, 0x00C8, 0x00C9,
    0x00CA, 0x00CB, 0x00D0, 0x00D2, 0x00D3, 0x00D4, 0x00D5, 0x00D6, 0x00D8, 0x00D9, 0x00DA, 0x00DB,
    0x00DC, 0x00DD, 0x00DE, 0x00E0, 0x00E1, 0x00E2, 0x00E3, 0x00E4, 0x00E5, 0x00E6, 0x00E8, 0x00E9,
    0x00EA, 0x00EB, 0x00EE, 0x00EF, 0x00F0, 0x00F2, 0x00F3, 0x00F4, 0x00F5, 0x00F6, 0x00F8, 0x00FD,
    0x00FE, 0x00FF, 0x0100, 0x0101, 0x0102, 0x0103, 0x0104, 0x0105, 0x0106, 0x0108, 0x010A, 0x010C,
    0x010E, 0x010F, 0x0110, 0x0112, 0x0113, 0x0114, 0x0115, 0x0116, 0x0117, 0x0118, 0x0119, 0x011A,
    0x011B, 0x0125, 0x0129, 0x012B, 0x012E, 0x0136, 0x0138, 0x0139, 0x013B, 0x013D, 0x013E, 0x013F,
    0x0141, 0x0144, 0x0146, 0x0149, 0x014B, 0x014C, 0x014D, 0x014E, 0x014F, 0x0150, 0x0151, 0x0152,
    0x0153, 0x0155, 0x0157, 0x0159, 0x0162, 0x0163, 0x0164, 0x0165, 0x0166, 0x0167, 0x0168, 0x016A,
    0x016C, 0x016E, 0x0170, 0x0172, 0x0174, 0x0175, 0x0176, 0x0177, 0x0178, 0x0179, 0x017B, 0x017D,
    0x01A0, 0x01A1, 0x01AF, 0x01B0, 0x01FA, 0x01FB, 0x01FC, 0x01FD, 0x01FE, 0x020B, 0x021A, 0x021B,
    0x0400, 0x0401, 0x0402, 0x0403, 0x0404, 0x0405, 0x0409, 0x040A, 0x040B, 0x040C, 0x040E, 0x0410,
    0x0411, 0x0412, 0x0413, 0x0414, 0x0415, 0x0416, 0x0417, 0x041A, 0x041E, 0x0420, 0x0421, 0x0422,
    0x0423, 0x0424, 0x0425, 0x0426, 0x0429, 0x042A, 0x042C, 0x042D, 0x042E, 0x0430, 0x0431, 0x0432,
    0x0433, 0x0434, 0x0435, 0x0436, 0x0437, 0x0438, 0x0439, 0x043A, 0x043B, 0x043C, 0x043D, 0x043E,
    0x043F, 0x0440, 0x0441, 0x0442, 0x0443, 0x0444, 0x0445, 0x0446, 0x0447, 0x0448, 0x0449, 0x044A,
    0x044B, 0x044C, 0x044D, 0x044E, 0x044F, 0x0450, 0x0451, 0x0452, 0x0453, 0x0454, 0x0455, 0x0457,
    0x0458, 0x0459, 0x045A, 0x045B, 0x045C, 0x045D, 0x045E, 0x045F, 0x0460, 0x0461, 0x0462, 0x0463,
    0x0464, 0x0465, 0x0466, 0x0467, 0x0468, 0x0469, 0x046E, 0x0471, 0x0472, 0x0473, 0x0474, 0x0475,
    0x0476, 0x0477, 0x0478, 0x0479, 0x047A, 0x047B, 0x047C, 0x047D, 0x047E, 0x047F, 0x0480, 0x048A,
    0x048B, 0x048C, 0x048D, 0x048E, 0x048F, 0x0490, 0x0491, 0x0492, 0x0493, 0x0496, 0x0497, 0x0498,
    0x0499, 0x049A, 0x049B, 0x049C, 0x049D, 0x049E, 0x049F, 0x04A0, 0x04A1, 0x04A2, 0x04A3, 0x04A4,
    0x04A5, 0x04A9, 0x04AA, 0x04AB, 0x04AC, 0x04AD, 0x04AE, 0x04AF, 0x04B0, 0x04B1, 0x04B2, 0x04B3,
    0x04B4, 0x04B5, 0x04B6, 0x04B7, 0x04BC, 0x04BD, 0x04BE, 0x04BF, 0x04C1, 0x04C2, 0x04C5, 0x04C6,
    0x04C9, 0x04CA, 0x04CD, 0x04CE, 0x04D0, 0x04D1, 0x04D2, 0x04D3, 0x04D4, 0x04D5, 0x04D6, 0x04D7,
    0x04D8, 0x04D9, 0x04DA, 0x04DB, 0x04DC, 0x04DD, 0x04DE, 0x04DF, 0x04E3, 0x04E5, 0x04E6, 0x04E7,
    0x04E8, 0x04E9, 0x04EA, 0x04EB, 0x04EC, 0x04ED, 0x04EE, 0x04EF, 0x04F0, 0x04F1, 0x04F2, 0x04F3,
    0x04F5, 0x04F6, 0x04F7, 0x04F9, 0x04FA, 0x04FB, 0x04FC, 0x04FD, 0x04FE, 0x04FF, 0x1EA0, 0x1EA1,
    0x1EA2, 0x1EA3, 0x1EA4, 0x1EA5, 0x1EA6, 0x1EA7, 0x1EA8, 0x1EA9, 0x1EAA, 0x1EAB, 0x1EAC, 0x1EAD,
    0x1EAE, 0x1EAF, 0x1EB0, 0x1EB1, 0x1EB2, 0x1EB3, 0x1EB4, 0x1EB5, 0x1EB6, 0x1EB7, 0x1EB8, 0x1EB9,
    0x1EBA, 0x1EBB, 0x1EBC, 0x1EBD, 0x1EBE, 0x1EBF, 0x1EC0, 0x1EC1, 0x1EC2, 0x1EC3, 0x1EC4, 0x1EC5,
    0x1EC6, 0x1EC7, 0x1ECC, 0x1ECD, 0x1ECE, 0x1ECF, 0x1ED0, 0x1ED1, 0x1ED2, 0x1ED3, 0x1ED4, 0x1ED5,
    0x1ED6, 0x1ED7, 0x1ED8, 0x1ED9, 0x1EDA, 0x1EDB, 0x1EDC, 0x1EDD, 0x1EDE, 0x1EDF, 0x1EE0, 0x1EE1,
    0x1EE2, 0x1EE3, 0x1EE4, 0x1EE6, 0x1EE8, 0x1EE9, 0x1EEA, 0x1EEB, 0x1EEC, 0x1EED, 0x1EEE, 0x1EEF,
    0x1EF0, 0x1EF1, 0x1EF2, 0x1EF3, 0x1EF4, 0x1EF5, 0x1EF6, 0x1EF7, 0x1EF8, 0x1EF9, 0x2013, 0x2014,
    0x2015, 0x2018, 0x2019, 0x201A, 0x201C, 0x201D, 0x201E, 0x2039, 0x203A, 0xFB00,
};

static const uint8_t notosans_14_regularKernLeftClassIds[] = {
      1,   2,   1,   3,   4,   5,   4,   6,   7,   8,   9,  10,  11,  12,   9,  13,
     10,  14,  10,  15,  16,  17,  18,  18,   9,  19,  20,   3,  21,  22,  23,  24,
     23,  25,  22,  22,  22,  23,  23,  26,  24,  27,  27,  28,  27,   3,  29,  30,
     31,  32,   7,   7,   7,   7,   7,   7,  11,   9,  11,  11,  11,  11,  10,  10,
     10,  10,  10,  10,  10,  17,  17,  17,  17,  19,  14,  22,  22,  22,  22,  22,
     22,  23,  23,  23,  23,  23,  33,  33,  23,  23,  23,  23,  23,  23,  23,  27,
     23,  27,   7,  22,   7,  22,  34,  22,   9,   9,   9,   9,  10,  35,  10,  11,
     23,  11,  23,  11,  23,  11,  23,  11,  23,  22,  36,  33,  37,   9,  28,  13,
     13,  13,  35,  13,  13,  22,  22,  22,  22,  10,  23,  10,  23,  10,  23,  11,
     23,  26,  26,  26,  16,  24,  16,  38,  16,  24,  17,  17,  17,  17,  17,  17,
     18,  27,  19,  27,  19,  20,  20,  20,  39,  40,  41,  42,   7,  22,  11,  23,
     10,  33,  16,  24,  43,  43,  44,  45,  46,  47,  48,  48,  44,  49,  50,  51,
     52,  53,  45,  54,  43,  49,  53,  49,  55,  56,  46,  45,  50,  57,  49,  54,
     54,  48,  48,  55,  55,  58,  59,  60,  61,  62,  63,  64,  60,  65,  65,  64,
     65,  65,  65,  63,  65,  63,  66,  61,  67,  63,  64,  62,  65,  65,  62,  68,
     65,  68,  63,  63,  65,  63,  63,  69,  61,  66,  70,  71,  72,  68,  68,  73,
     64,  65,  67,  65,  55,  74,  75,  68,  46,  66,  51,  76,  51,  76,  77,  63,
     55,  63,  50,  74,  50,  74,  67,  67,  55,  63,  55,  63,  55,  74,  46,  54,
     62,  75,  68,  56,  63,  78,  79,  80,  81,  82,  83,  77,  60,  82,  83,  49,
     64,  49,  64,  49,  64,  54,  62,  80,  79,  63,  46,  66,  78,  79,  84,  85,
     84,  85,  82,  83,  54,  62,  54,  62,  86,  87,  86,  87,  49,  64,  54,  62,
     54,  62,  54,  62,  51,  58,  51,  58,  43,  87,  43,  87,  55,  63,  55,  63,
     49,  64,  77,  60,  65,  65,  55,  63,  55,  63,  55,  63,  55,  63,  50,  67,
     50,  67,  50,  67,  65,  78,  79,  65,  80,  81,  82,  83,  49,  83,   7,  22,
      7,  22,   7,  22,   7,  22,   7,  22,   7,  22,   7,  22,   7,  22,   7,  22,
      7,  22,   7,  22,   7,  22,  11,  23,  11,  23,  11,  23,  11,  23,  11,  23,
     11,  23,  11,  23,  11,  23,  10,  23,  10,  23,  10,  23,  10,  23,  10,  23,
     10,  23,  10,  23,  39,  40,  39,  40,  39,  40,  39,  40,  39,  40,  17,  17,
     41,  42,  41,  42,  41,  42,  41,  42,  41,  42,  19,  27,  19,  27,  19,  27,
     19,  27,   5,   5,   5,   1,   1,   4,   1,   1,   4,  30,  31,  25,
};

static const uint16_t notosans_14_regularKernRightCodepoints[] = {
    0x0021, 0x0022, 0x0026, 0x0027, 0x0029, 0x002C, 0x002D, 0x002E, 0x003A, 0x003B, 0x003F, 0x0041,
    0x0043, 0x0047, 0x0049, 0x004A, 0x004F, 0x0051, 0x0054, 0x0055, 0x0056, 0x0057, 0x0058, 0x0059,
    0x005A, 0x005D, 0x0061, 0x0062, 0x0063, 0x0064, 0x0065, 0x0066, 0x0067, 0x0068, 0x006A, 0x006B,
    0x006C, 0x006D, 0x006E, 0x006F, 0x0070, 0x0071, 0x0072, 0x0073, 0x0074, 0x0075, 0x0076, 0x0077,
    0x0078, 0x0079, 0x007A, 0x007D, 0x00AB, 0x00BB, 0x00C0, 0x00C1, 0x00C2, 0x00C3, 0x00C4, 0x00C5,
    0x00C6, 0x00C7, 0x00D2, 0x00D3, 0x00D4, 0x00D5, 0x00D6, 0x00D8, 0x00D9, 0x00DA, 0x00DB, 0x00DC,
    0x00DD, 0x00E0, 0x00E1, 0x00E2, 0x00E3, 0x00E4, 0x00E5, 0x00E6, 0x00E7, 0x00E8, 0x00E9, 0x00EA,
    0x00EB, 0x00F2, 0x00F3, 0x00F4, 0x00F5, 0x00F6, 0x00F8, 0x00F9, 0x00FA, 0x00FB, 0x00FC, 0x00FD,
    0x00FE, 0x00FF, 0x0100, 0x0101, 0x0102, 0x0103, 0x0104, 0x0105, 0x0106, 0x0107, 0x0108, 0x0109,
    0x010A, 0x010B, 0x010C, 0x010D, 0x010F, 0x0111, 0x0113, 0x0115, 0x0117, 0x0119, 0x011B, 0x011C,
    0x011D, 0x011E, 0x011F, 0x0120, 0x0121, 0x0122, 0x0123, 0x0125, 0x0127, 0x0129, 0x0137, 0x0138,
    0x013A, 0x013C, 0x013E, 0x0140, 0x0144, 0x0146, 0x014B, 0x014C, 0x014D, 0x014E, 0x014F, 0x0150,
    0x0151, 0x0152, 0x0153, 0x0155, 0x0157, 0x015B, 0x015F, 0x0162, 0x0163, 0x0164, 0x0165, 0x0166,
    0x0167, 0x0168, 0x0169, 0x016A, 0x016B, 0x016C, 0x016D, 0x016E, 0x016F, 0x0170, 0x0171, 0x0172,
    0x0173, 0x0174, 0x0175, 0x0176, 0x0177, 0x0178, 0x0179, 0x017A, 0x017B, 0x017C, 0x017D, 0x017E,
    0x01A0, 0x01A1, 0x01AF, 0x01B0, 0x01FA, 0x01FB, 0x01FC, 0x01FD, 0x01FE, 0x01FF, 0x0219, 0x021A,
    0x021B, 0x0402, 0x0404, 0x0405, 0x0408, 0x0409, 0x040B, 0x040E, 0x0410, 0x0414, 0x0416, 0x0417,
    0x041B, 0x041E, 0x0421, 0x0422, 0x0423, 0x0424, 0x0425, 0x0427, 0x042A, 0x042D, 0x042F, 0x0430,
    0x0431, 0x0432, 0x0433, 0x0434, 0x0435, 0x0436, 0x0437, 0x0438, 0x0439, 0x043A, 0x043B, 0x043C,
    0x043D, 0x043E, 0x043F, 0x0440, 0x0441, 0x0442, 0x0443, 0x0444, 0x0445, 0x0446, 0x0447, 0x0448,
    0x0449, 0x044A, 0x044B, 0x044C, 0x044D, 0x044E, 0x044F, 0x0450, 0x0451, 0x0452, 0x0453, 0x0454,
    0x0455, 0x0457, 0x0458, 0x0459, 0x045A, 0x045B, 0x045C, 0x045D, 0x045E, 0x045F, 0x0460, 0x0461,
    0x0462, 0x0465, 0x0466, 0x0467, 0x0469, 0x046D, 0x046E, 0x0470, 0x0472, 0x0473, 0x0474, 0x0475,
    0x0476, 0x0477, 0x0478, 0x0479, 0x047A, 0x047B, 0x047C, 0x047D, 0x047E, 0x047F, 0x0480, 0x0481,
    0x048B, 0x048C, 0x048D, 0x048F, 0x0491, 0x0492, 0x0495, 0x0496, 0x0497, 0x0498, 0x0499, 0x049B,
    0x049D, 0x049F, 0x04A0, 0x04A1, 0x04A3, 0x04A5, 0x04A7, 0x04A8, 0x04A9, 0x04AA, 0x04AB, 0x04AC,
    0x04AD, 0x04AE, 0x04AF, 0x04B0, 0x04B1, 0x04B2, 0x04B3, 0x04B4, 0x04B5, 0x04B6, 0x04B7, 0x04B8,
    0x04B9, 0x04BB, 0x04BC, 0x04BD, 0x04BE, 0x04BF, 0x04C1, 0x04C2, 0x04C4, 0x04C5, 0x04C6, 0x04C8,
    0x04CA, 0x04CB, 0x04CC, 0x04CE, 0x04D0, 0x04D1, 0x04D2, 0x04D3, 0x04D4, 0x04D5, 0x04D7, 0x04D8,
    0x04D9, 0x04DA, 0x04DB, 0x04DC, 0x04DD, 0x04DE, 0x04DF, 0x04E3, 0x04E5, 0x04E6, 0x04E7, 0x04E8,
    0x04E9, 0x04EA, 0x04EB, 0x04EC, 0x04ED, 0x04EE, 0x04EF, 0x04F0, 0x04F1, 0x04F2, 0x04F3, 0x04F4,
    0x04F5, 0x04F7, 0x04F9, 0x04FA, 0x04FC, 0x04FD, 0x04FE, 0x04FF, 0x1EA0, 0x1EA1, 0x1EA2, 0x1EA3,
    0x1EA4, 0x1EA5, 0x1EA6, 0x1EA7, 0x1EA8, 0x1EA9, 0x1EAA, 0x1EAB, 0x1EAC, 0x1EAD, 0x1EAE, 0x1EAF,
    0x1EB0, 0x1EB1, 0x1EB2, 0x1EB3, 0x1EB4, 0x1EB5, 0x1EB6, 0x1EB7, 0x1EB9, 0x1EBB, 0x1EBD, 0x1EBF,
    0x1EC1, 0x1EC3, 0x1EC5, 0x1EC7, 0x1ECC, 0x1ECD, 0x1ECE, 0x1ECF, 0x1ED0, 0x1ED1, 0x1ED2, 0x1ED3,
    0x1ED4, 0x1ED5, 0x1ED6, 0x1ED7, 0x1ED8, 0x1ED9, 0x1EDA, 0x1EDB, 0x1EDC, 0x1EDD, 0x1EDE, 0x1EDF,
    0x1EE0, 0x1EE1, 0x1EE2, 0x1EE3, 0x1EE4, 0x1EE5, 0x1EE6, 0x1EE7, 0x1EE8, 0x1EE9, 0x1EEA, 0x1EEB,
    0x1EEC, 0x1EED, 0x1EEE, 0x1EEF, 0x1EF0, 0x1EF1, 0x1EF2, 0x1EF4, 0x1EF5, 0x1EF6, 0x1EF7, 0x1EF8,
    0x1EF9, 0x2013, 0x2014, 0x2015, 0x2018, 0x2019, 0x201A, 0x201C, 0x201D, 0x201E, 0x2026, 0x2039,
    0x203A, 0xFB00, 0xFB01, 0xFB02, 0xFB03, 0xFB04,
};

static const uint8_t notosans_14_regularKernRightClassIds[] = {
      1,   2,   3,   2,   4,   5,   6,   5,   7,   7,   8,   9,  10,  10,  11,  12,
     10,  10,  13,  14,  15,  15,  16,  17,  18,   4,  19,  20,  21,  21,  21,  22,
     23,  20,  24,  20,  20,  25,  25,  21,  25,  21,  25,  26,  22,  25,  27,  27,
     27,  27,  28,   4,  29,  30,   9,   9,   9,   9,   9,   9,  31,  10,  10,  10,
     10,  10,  10,  10,  14,  14,  14,  14,  17,  21,  19,  19,  19,  19,  19,  19,
     21,  21,  21,  21,  21,  21,  21,  21,  21,  21,  21,  25,  25,  25,  25,  27,
     20,  27,   9,  19,   9,  19,   9,  19,  10,  21,  10,  21,  10,  21,  10,  21,
     21,  21,  21,  21,  21,  21,  21,  10,  23,  10,  23,  10,  23,  10,  23,  20,
     32,  33,  20,  25,  20,  20,  20,  20,  25,  25,  25,  10,  21,  10,  21,  10,
     21,  10,  21,  25,  25,  26,  26,  13,  22,  13,  22,  13,  22,  14,  25,  14,
     25,  14,  25,  14,  25,  14,  25,  14,  25,  15,  27,  17,  27,  17,  18,  28,
     18,  28,  18,  28,  10,  21,  14,  25,   9,  19,  31,  19,  10,  21,  26,  13,
     22,  34,  35,  36,  37,  38,  34,  39,  40,  41,  42,  43,  38,  35,  35,  34,
     39,  44,  42,  45,  34,  43,  46,  47,  48,  49,  49,  50,  51,  52,  53,  49,
     49,  49,  54,  49,  49,  51,  49,  49,  51,  55,  56,  51,  52,  49,  57,  49,
     49,  55,  49,  49,  53,  49,  58,  51,  51,  59,  49,  51,  60,  61,  62,  54,
     49,  59,  49,  49,  56,  49,  63,  64,  65,  66,  40,  50,  66,  66,  43,  45,
     63,  47,  67,  64,  67,  64,  63,  47,  63,  47,  63,  47,  63,  64,  63,  47,
     66,  65,  59,  66,  66,  65,  66,  42,  52,  43,  53,  66,  66,  59,  68,  55,
     66,  66,  66,  63,  47,  63,  47,  34,  55,  69,  70,  69,  70,  42,  52,  68,
     55,  45,  57,  45,  57,  66,  71,  72,  71,  72,  42,  52,  66,  73,  50,  66,
     66,  45,  57,  66,  40,  74,  40,  74,  40,  74,  47,  75,  74,  75,  74,  42,
     52,  43,  53,  49,  49,  63,  47,  63,  47,  63,  47,  43,  53,  39,  56,  39,
     56,  39,  56,  45,  57,  66,  49,  65,  42,  52,  42,  52,   9,  19,   9,  19,
      9,  19,   9,  19,   9,  19,   9,  19,   9,  19,   9,  19,   9,  19,   9,  19,
      9,  19,   9,  19,  21,  21,  21,  21,  21,  21,  21,  21,  10,  21,  10,  21,
     10,  21,  10,  21,  10,  21,  10,  21,  10,  21,  10,  21,  10,  21,  10,  21,
     10,  21,  10,  21,  14,  25,  14,  25,  14,  25,  14,  25,  14,  25,  14,  25,
     14,  25,  17,  17,  27,  17,  27,  17,  27,   6,   6,   6,  76,   2,   5,  76,
      2,   5,   5,  29,  30,  22,  22,  22,  22,  22,
};

static const uint16_t notosans_14_regularKernRowOffsets[] = {
        0,    29,    32,    37,    54,    61,    66,    72,    73,    75,    82,    83,    87,    93,   100,   101,
      117,   119,   130,   143,   145,   146,   147,   150,   151,   154,   159,   162,   163,   167,   173,   182,
      186,   187,   193,   200,   202,   203,   208,   214,   217,   227,   230,   231,   244,   269,   275,   277,
      288,   303,   332,   351,   353,   357,   369,   385,   402,   420,   426,   437,   445,   456,   468,   479,
      491,   493,   497,   509,   527,   533,   537,   541,   543,   548,   550,   557,   565,   568,   593,   600,
      616,   619,   624,   626,   638,   640,   643,   646,
};

static const uint8_t notosans_14_regularKernSparseCols[] = {
      8,  12,  14,  16,  18,  20,  22,  24,  25,  30,  32,  33,  37,  38,  39,  40,
     41,  43,  46,  49,  52,  53,  54,  55,  58,  60,  67,  72,  73,  12,  14,  16,
     11,  23,  36,  43,  61,   9,  12,  13,  14,  16,  33,  36,  38,  43,  44,  54,
     56,  62,  66,  67,  68,  70,  12,  33,  38,  41,  51,  54,  67,  33,  41,  43,
     44,  56,   1,   9,  11,  12,  14,  16,   4,   9,  28,   4,   8,  12,  14,  15,
     16,  17,  11,   3,   4,   7,   8,   1,   9,  12,  13,  14,  16,   2,   4,   8,
     15,  17,  28,  30,  28,   2,   4,   5,   7,   8,   9,  12,  18,  20,  22,  24,
     25,  26,  27,  28,  29,   4,   8,   4,   7,   8,   9,  18,  20,  22,  24,  25,
     28,  29,   2,   4,   7,   8,   9,  18,  20,  22,  24,  25,  27,  28,  29,   9,
     28,  11,   1,   1,  26,  27,   1,   1,   3,   4,   1,   4,  18,  20,  22,   1,
      4,   7,  20,  11,  12,  14,  16,  12,  14,  16,  33,  39,  67,  12,  14,  15,
     16,  33,  38,  41,  44,  67,  11,  12,  14,  16,   3,   1,   9,  11,  12,  14,
     16,   0,   1,   3,   7,  19,  31,  75,   3,  32,  11,   0,   1,   3,   7,  75,
      8,  10,  12,  14,  15,  16,  19,  21,  26,   8,   9,  10,  12,  14,  15,  16,
     18,  20,  22,  19,  21,  26,  36,   1,  33,  38,  44,  54,  55,  56,  64,  66,
     67,  68,  69,  75,   1,   4,   5,   6,  29,  33,  34,  37,  39,  40,  43,  46,
     47,  48,  49,  50,  51,  52,  53,  54,  55,  56,  57,  59,  67,  28,  34,  43,
     56,  62,  70,   4,  43,   1,   4,  33,  38,  44,  51,  54,  55,  57,  67,  75,
      1,   5,   6,  28,  34,  43,  44,  46,  47,  50,  54,  55,  56,  62,  70,   1,
      4,   5,   6,  28,  29,  34,  35,  37,  39,  40,  43,  45,  46,  47,  48,  49,
     50,  51,  52,  53,  56,  57,  58,  59,  62,  70,  71,  72,   1,  29,  33,  34,
     36,  38,  43,  44,  50,  54,  55,  56,  64,  66,  67,  68,  70,  74,  75,  51,
     55,   3,  51,  56,  57,   4,  36,  37,  40,  43,  44,  49,  53,  54,  55,  56,
     61,   4,  33,  37,  38,  39,  40,  41,  42,  49,  51,  53,  57,  66,  67,  68,
     72,   4,   5,   6,  28,  29,  37,  38,  39,  40,  41,  43,  46,  49,  50,  53,
     57,  72,   1,   3,   4,   6,  33,  35,  37,  38,  39,  40,  41,  42,  45,  49,
     51,  53,  57,  67,   1,  33,  38,  51,  54,  55,  33,  38,  39,  41,  45,  49,
     51,  54,  55,  56,  57,   3,  33,  38,  41,  45,  51,  54,  55,   1,   4,   5,
     37,  39,  40,  41,  49,  50,  53,  75,   1,   4,  33,  36,  37,  40,  44,  49,
     53,  54,  56,  61,  33,  38,  39,  41,  45,  49,  51,  54,  55,  56,  57,   5,
     33,  34,  38,  43,  44,  46,  50,  56,  57,  71,  75,  33,  58,   1,  33,  50,
     57,   1,   4,  37,  39,  40,  41,  46,  49,  50,  53,  57,  75,   1,   6,  33,
     38,  39,  41,  43,  44,  45,  51,  54,  55,  56,  57,  63,  69,  71,  75,   1,
     33,  36,  54,  55,  61,  33,  38,  45,  57,   1,  33,  58,  60,  36,  61,   1,
     33,  36,  54,  55,   4,  49,   1,  33,  44,  54,  66,  67,  68,   1,  46,  54,
     55,  56,  63,  69,  71,   4,  66,  68,   4,   5,  28,  29,  33,  34,  37,  39,
     40,  43,  46,  49,  51,  52,  54,  55,  56,  62,  63,  65,  69,  70,  71,  72,
     73,   4,   5,  39,  46,  49,  50,  53,   4,   5,  33,  39,  46,  49,  51,  52,
     56,  58,  62,  65,  67,  70,  71,  72,   4,  46,  49,  54,  56,  62,  70,  71,
     46,  56,   4,  39,  46,  49,  56,  58,  62,  65,  71,  72,  73,  74,   4,  49,
     33,  66,  68,   1,  51,  55,
};

static const int8_t notosans_14_regularKernSparseValues[] = {
     -33,    9,    9,    5,  -19,  -28,  -14,  -14,  -14,  -37,   33,    9,  -14,    9,  -33,  -28,
       9,   -5,  -19,  -33,    9,  -23,   14,    9,   14,   14,    9,  -28,   -9,  -28,   -9,  -14,
      42,   19,   47,  -14,   28,  -23,  -33,   -9,  -28,  -28,  -23,   28,   -9,  -19,  -37,  -19,
     -28,  -23,  -28,  -33,  -28,  -28,  -19,  -19,   -9,   -5,   -5,   -9,  -19,  -14,   -5,   -5,
      -5,   -5,  -33,   -9,   23,  -33,  -19,  -28,   -5,   -9,   -9,  -19,   -9,  -14,   -5,   -9,
      -5,   -5,   28,    9,  -28,    9,   -9,  -37,   -9,   -9,   -5,   -9,  -14,   -5,  -61,  -23,
      -9,   -5,   -9,  -14,   -5,   -9,  -28,  -19,    9,  -33,   -9,    9,  -37,  -33,  -33,  -23,
     -28,   -9,  -19,  -28,  -14,   -9,   -5,  -23,    9,  -19,   -5,   -9,   -9,   -5,   -5,   -5,
     -14,   -5,  -14,  -28,    9,  -28,   -9,  -23,  -23,  -23,  -14,  -19,   -9,  -37,  -14,   -5,
      -9,   44,   -5,   -5,   -9,   -5,    9,   28,   19,   -9,   19,  -75,   -9,   -9,   -5,   19,
     -19,    9,   -9,   23,   -9,   -5,  -14,  -14,   -5,  -14,  -14,   -5,   -5,  -28,  -14,   -9,
     -37,  -28,   -9,   -9,   -9,  -19,   47,  -19,  -14,  -19,   23,  -33,   -9,   51,  -33,  -19,
     -28,   23,   23,   42,   42,   14,   33,   33,   23,   61,   23,   33,   51,   56,   51,   33,
      -9,    9,   28,   33,   23,   28,    9,   19,   23,  -14,   -5,    9,   33,   33,   23,   28,
     -14,   -9,   -9,    9,   23,   23,   23,  -33,  -23,   -9,  -14,   -9,   -9,   -9,   -9,  -19,
     -28,  -23,   -9,  -14,    9,  -23,  -19,  -14,  -14,    9,   -9,  -12,  -33,  -12,  -16,  -19,
      -9,  -14,  -19,  -19,   -5,   -5,  -14,   -5,   -9,  -14,  -19,   -9,    5,   -9,   -9,  -14,
      -9,   -9,   -9,   -9,   -5,  -42,   -5,  -28,   -9,  -14,   -9,   -9,   -9,   -9,  -14,  -28,
       9,   -5,   -5,   -9,   -9,  -19,   -5,   -5,   -9,   -9,   -5,   -5,   -9,   -9,  -23,    9,
     -33,   -9,   -5,  -23,   -9,  -19,   -9,  -42,  -56,  -47,  -14,  -14,  -23,  -19,   -5,  -47,
     -28,  -14,   -9,  -23,   -9,  -23,   23,  -14,   -5,   -9,  -14,  -23,  -33,   -5,  -33,   -9,
      23,  -14,  -16,  -28,   -5,  -14,   -9,  -14,   -9,  -19,  -23,  -28,  -23,   -5,  -19,   -5,
      -5,  -12,   -5,   -7,   -5,   14,   42,   14,   19,   -5,  -12,   14,   14,   -5,   14,   -9,
      33,  -19,   -9,   -5,  -19,   -9,   -5,   -9,   -5,   -5,   -7,   -5,   -5,   -5,   -5,   -5,
      -9,  -61,   -5,   -5,   -9,   -5,  -28,   -9,  -23,  -28,   -9,   -5,  -12,  -23,   -5,  -19,
      -5,  -28,   -5,  -14,  -19,   -5,  -16,   -5,  -12,  -14,  -16,  -14,  -19,  -14,   -5,  -12,
      -7,   -7,   -5,   -9,   -5,  -19,  -19,   -9,   -5,   -5,  -28,  -19,   -5,  -14,   -9,   -5,
      -9,   -5,  -14,   -5,   -5,   -5,  -14,   -5,   -5,   -5,   -9,   -5,   -5,   14,  -19,   -9,
      -9,  -14,  -14,   -5,  -19,   -5,  -14,   19,   -5,    9,  -14,   47,    9,   14,   -7,    9,
      12,   -7,  -14,   28,  -19,  -19,   -5,   -9,   -9,   -5,   -9,   -5,  -14,   -5,   -5,   -5,
      -5,   -7,   -5,   -7,   -5,   -9,   -9,   -9,   -5,   -9,   14,  -14,   -2,    9,   -9,   -5,
      -5,    9,  -19,   -9,   -9,  -14,   -5,   -5,  -23,  -14,  -23,  -14,   19,  -37,   -5,  -28,
      -9,   -5,   -5,   -5,  -33,   -9,   -9,  -28,  -21,  -19,   -9,   -9,  -14,   -9,  -14,   -5,
     -19,   37,  -14,  -23,    9,   -9,  -14,   -5,   -9,   14,    9,   14,    5,   14,    9,   -5,
     -19,   19,  -14,  -23,  -19,   -9,  -19,  -19,  -19,   -9,  -14,   -9,  -14,  -33,   -9,  -23,
     -14,  -14,   -9,   -9,   -9,  -19,   -5,   -5,  -28,  -19,  -28,  -14,    9,   -9,  -19,  -33,
     -23,  -16,  -33,  -28,   -9,   -9,  -19,  -19,  -23,   -9,   -9,  -23,  -19,  -23,  -33,  -23,
     -37,  -23,   -9,  -14,   -5,  -19,   -5,  -14,  -23,   -9,    9,  -28,  -19,  -23,   -9,   -9,
     -23,    9,   -9,  -14,    9,   -9,  -14,  -19,  -14,   -9,  -14,   -9,  -23,   -9,  -23,   -9,
      -5,   -5,  -28,  -28,  -23,  -23,  -19,    9,   -9,  -14,  -19,  -19,  -19,   -5,  -19,   -5,
      -9,   -5,   -5,   -5,   -9,   -5,
};

static const EpdLigaturePair notosans_14_regularLigaturePairs[] = {
    { 0x00660066, 0xFB00 }, // f f -> U+FB00
    { 0x00660069, 0xFB01 }, // f i -> U+FB01
    { 0x0066006C, 0xFB02 }, // f l -> U+FB02
    { 0xFB000069, 0xFB03 }, // U+FB00 i -> U+FB03
    { 0xFB00006C, 0xFB04 }, // U+FB00 l -> U+FB04
};

static const EpdFontData notosans_14_regular = {
    notosans_14_regularBitmaps,
    notosans_14_regularGlyphs,
    notosans_14_regularIntervals,
    18,
    40,
    32,
    -9,
    true,
    notosans_14_regularGroups,
    13,
    nullptr,
    nullptr,  // kernLeftClasses: built-in fonts use the split arrays below
    nullptr,  // kernRightClasses
    notosans_14_regularKernLeftCodepoints,
    notosans_14_regularKernLeftClassIds,
    notosans_14_regularKernRightCodepoints,
    notosans_14_regularKernRightClassIds,
    nullptr,  // kernMatrix: built-in fonts use the sparse form below
    notosans_14_regularKernRowOffsets,
    notosans_14_regularKernSparseCols,
    notosans_14_regularKernSparseValues,
    478,
    474,
    87,
    76,
    notosans_14_regularLigaturePairs,
    5,
};
