/**
 * generated by fontconvert.py
 * name: notoserif_12_regular
 * size: 12
 * mode: 2-bit  compressed: true
 * Command used: fontconvert.py notoserif_12_regular 12 ../builtinFonts/source/NotoSerif/NotoSerif-Regular.ttf --2bit --compress --pnum --zopfli
 */
#pragma once
#include "EpdFontData.h"

static const uint8_t notoserif_12_regularBitmaps[24694] = {
    0x9D, 0x98, 0x01, 0x84, 0x25, 0x5B, 0x7A, 0xC7, 0x7F, 0x55, 0xE7, 0x4D, 0x4A, 0xB6, 0xBC, 0x3E,
    0x83, 0x79, 0x12, 0x99, 0x99, 0x14, 0x04, 0xAB, 0xD3, 0xF3, 0xEE, 0x62, 0xD0, 0x6C, 0xDD, 0x7B,
    0x6A, 0x5F, 0x24, 0xC1, 0x22, 0x8D, 0x4C, 0x1E, 0x82, 0x59, 0x00, 0x13, 0x32, 0x4D, 0x1A, 0x2F,
    0xDC, 0xEE, 0xAA, 0x44, 0x08, 0x20, 0x0D, 0x11, 0x04, 0x3B, 0x80, 0xCD, 0x04, 0xD3, 0x91, 0xC1,
    0x92, 0x9A, 0xAE, 0x93, 0x1D, 0x04, 0x8B, 0x29, 0x2B, 0x09, 0xAC, 0x78, 0x15, 0x59, 0x09, 0xEF,
    0x85, 0x77, 0x76, 0x5F, 0x8D, 0xD4, 0xCC, 0x9E, 0x7B, 0xBF, 0x9C, 0xA3, 0x7B, 0xAE, 0xDE, 0xDD,
    0xE9, 0x7D, 0x9D, 0xDC, 0xF3, 0xFD, 0x7F, 0x75, 0x6E, 0xD5, 0x77, 0xCE, 0x39, 0x9F, 0xEF, 0x3B,
    0x97, 0xBA, 0x47, 0x47, 0x8B, 0xC5, 0x7C, 0x3E, 0x2F, 0xE3, 0x67, 0x07, 0x8E, 0xBA, 0x05, 0xAD,
    0x69, 0xCD, 0x72, 0x51, 0xDE, 0xD9, 0xBD, 0xBD, 0x7B, 0x0B, 0x28, 0xF5, 0x99, 0x76, 0xB7, 0xE0,
    0xE0, 0x36, 0x9C, 0xEC, 0x30, 0x13, 0xE9, 0x7F, 0xE5, 0xF5, 0xE9, 0x31, 0xC3, 0x2E, 0x49, 0x7F,
    0x40, 0x6A, 0x4F, 0x50, 0xD6, 0xF1, 0x07, 0x9F, 0xBC, 0xAE, 0x6A, 0x91, 0x26, 0xFB, 0x5A, 0x4F,
    0x9E, 0x5A, 0xB4, 0x7A, 0xA3, 0x06, 0xCA, 0x68, 0x4A, 0x06, 0xFD, 0x6C, 0x32, 0x65, 0x3B, 0x2F,
    0x3F, 0x5A, 0x94, 0xD7, 0x4D, 0x89, 0xF6, 0x28, 0x81, 0x7A, 0xC0, 0x4C, 0x94, 0xFE, 0xA0, 0x9C,
    0xFB, 0xB2, 0x6C, 0xCB, 0xD6, 0x1C, 0x8D, 0xB9, 0x34, 0x94, 0x44, 0xDB, 0x05, 0x00, 0xF4, 0xC4,
    0x2D, 0x98, 0xCF, 0x29, 0xA1, 0x2D, 0x78, 0x0A, 0x93, 0xC6, 0x45, 0x7E, 0xD0, 0x47, 0xFE, 0x86,
    0x8D, 0xFC, 0x7A, 0x15, 0xA9, 0x73, 0xC7, 0xB2, 0xB8, 0xB3, 0x58, 0x12, 0xC2, 0x0B, 0xCE, 0x7A,
    0x7C, 0x1A, 0x9C, 0xC1, 0x8D, 0xBA, 0x22, 0xED, 0x23, 0x95, 0x8D, 0xCC, 0xAB, 0x78, 0x5F, 0x13,
    0x7C, 0xB8, 0x43, 0x39, 0x87, 0x92, 0x62, 0x02, 0x48, 0x2A, 0x00, 0xA0, 0x9E, 0x20, 0x9D, 0x8E,
    0x40, 0x0D, 0x45, 0x40, 0xAF, 0xDF, 0xF4, 0xDC, 0x02, 0x58, 0x79, 0xA0, 0xEB, 0xB7, 0x8F, 0x53,
    0x69, 0x4C, 0xAF, 0x5F, 0xF4, 0x25, 0x33, 0x35, 0x96, 0x18, 0x56, 0x07, 0x2C, 0x30, 0x8E, 0x39,
    0xDA, 0xB1, 0x40, 0x39, 0x66, 0x64, 0x1E, 0xFD, 0x83, 0x23, 0x53, 0xA5, 0x32, 0x16, 0x23, 0xD7,
    0x80, 0xB6, 0x5D, 0x96, 0xBB, 0xBB, 0x70, 0x8B, 0x31, 0x4C, 0xDD, 0x14, 0x18, 0x16, 0x1C, 0xD2,
    0x86, 0xE6, 0xF1, 0xF1, 0xCA, 0x21, 0x73, 0x0C, 0x33, 0x74, 0x93, 0xD9, 0x64, 0xA4, 0x84, 0x7D,
    0x16, 0xE4, 0x56, 0x0D, 0x89, 0x63, 0xDA, 0xB8, 0x3D, 0xE3, 0xD9, 0x66, 0xD8, 0x94, 0x38, 0x35,
    0xE4, 0x76, 0xC6, 0x01, 0xC0, 0x08, 0x8E, 0x6F, 0xFF, 0x9D, 0x93, 0xCE, 0x65, 0x2B, 0x66, 0x72,
    0xBC, 0xFA, 0x7B, 0xB7, 0xEF, 0xBE, 0x81, 0x83, 0x47, 0x70, 0x03, 0x4A, 0x36, 0x56, 0xCB, 0x2A,
    0xD8, 0xC5, 0x3B, 0xD1, 0x81, 0x59, 0x65, 0xAC, 0xB6, 0xCA, 0x66, 0xDC, 0x61, 0x9F, 0xDA, 0x77,
    0x9E, 0x58, 0x30, 0x47, 0xB0, 0x43, 0xC9, 0x2E, 0x77, 0x39, 0xC1, 0x31, 0x24, 0x7D, 0x1A, 0x9C,
    0x54, 0x93, 0x55, 0x39, 0x9A, 0x2D, 0x6E, 0x9D, 0x3F, 0xDE, 0xC7, 0xE1, 0x00, 0x80, 0x54, 0x2C,
    0xF9, 0x7F, 0x39, 0x0A, 0x3C, 0x86, 0x79, 0x68, 0x0B, 0x96, 0x18, 0xDA, 0x20, 0xCF, 0x8C, 0x8B,
    0x8A, 0xF7, 0xE2, 0xB3, 0xE8, 0x13, 0x59, 0xD0, 0xA2, 0xBF, 0xE7, 0x88, 0x73, 0x70, 0x03, 0x58,
    0x90, 0xAC, 0xC9, 0xD7, 0xD4, 0x0B, 0xBE, 0xBC, 0x80, 0x2F, 0xB4, 0xAE, 0x32, 0xE2, 0x81, 0x4C,
    0x6C, 0xF1, 0x57, 0xCE, 0xE0, 0xE7, 0xF8, 0x5B, 0xB4, 0xE0, 0x61, 0x22, 0x71, 0xA8, 0x1E, 0xDD,
    0xF0, 0x3E, 0x2C, 0xC1, 0xA1, 0x6C, 0xA2, 0xD1, 0x25, 0x45, 0x2D, 0xEB, 0x60, 0xC4, 0x81, 0x7D,
    0xF1, 0xAF, 0x93, 0xC1, 0x87, 0x2C, 0xDD, 0xE6, 0x10, 0x5A, 0x18, 0xC9, 0x06, 0xA4, 0xE2, 0xC9,
    0x08, 0x2B, 0x30, 0x67, 0xB6, 0x8B, 0x29, 0x79, 0x66, 0x7E, 0x6B, 0xD2, 0xD2, 0xF3, 0xBB, 0x90,
    0x8C, 0xA0, 0x26, 0xC8, 0x83, 0xDE, 0x0D, 0x2A, 0x83, 0x4E, 0x82, 0x86, 0x09, 0x65, 0x27, 0x72,
    0x26, 0xB6, 0x82, 0xCA, 0xA0, 0x3F, 0xBE, 0xB7, 0xAA, 0x44, 0x64, 0x80, 0x89, 0x8D, 0x52, 0x0F,
    0x46, 0xEC, 0x4C, 0x9C, 0x11, 0x57, 0x72, 0xB2, 0xCB, 0x57, 0x76, 0xE1, 0x2E, 0xD1, 0xBE, 0xBA,
    0xA2, 0x16, 0x4B, 0xE6, 0x48, 0x26, 0xF0, 0x67, 0xF6, 0x88, 0xC9, 0x29, 0xB7, 0xBA, 0xDF, 0x1B,
    0xA9, 0x92, 0x3D, 0x00, 0xC4, 0xA9, 0x7F, 0xF7, 0xBA, 0x2A, 0x67, 0x94, 0x0B, 0xCE, 0x77, 0xDF,
    0x76, 0x8D, 0x7C, 0x3A, 0xAE, 0xF1, 0x9E, 0xC3, 0x96, 0xC5, 0x92, 0xC5, 0x9C, 0x45, 0x88, 0xAE,
    0xA0, 0xD5, 0xDF, 0x1B, 0x53, 0xE9, 0xB9, 0x81, 0xC8, 0x4A, 0xC4, 0x3B, 0x5A, 0xCB, 0x68, 0x71,
    0xA4, 0x0E, 0xD5, 0xA3, 0x2C, 0xB9, 0x45, 0x57, 0x14, 0xB0, 0x80, 0x12, 0x5A, 0x98, 0xD8, 0x3C,
    0x07, 0x94, 0xD8, 0xE2, 0x4F, 0xDD, 0x02, 0xBF, 0x64, 0x19, 0x2C, 0x64, 0xDA, 0x54, 0xA3, 0xFE,
    0x9F, 0x5E, 0x49, 0x95, 0xC9, 0x30, 0xCB, 0xC2, 0xFD, 0x53, 0x8F, 0xF1, 0xCC, 0x02, 0x5B, 0xE6,
    0x26, 0xF1, 0x79, 0x5C, 0x11, 0x20, 0x93, 0xAA, 0xF8, 0xEB, 0x7E, 0x91, 0xB8, 0x16, 0xEF, 0x69,
    0x3D, 0x4B, 0xCF, 0x61, 0xB0, 0x43, 0x56, 0xE6, 0xFB, 0xAB, 0x7C, 0x7D, 0x08, 0x4B, 0xCE, 0x73,
    0x37, 0x7E, 0x45, 0xB9, 0x79, 0x61, 0x0B, 0x21, 0x44, 0xFA, 0x6B, 0xDE, 0xB7, 0x00, 0x70, 0xDD,
    0x7B, 0xCF, 0x2F, 0x62, 0x30, 0xCC, 0xB8, 0xF8, 0x79, 0x07, 0x43, 0x5D, 0xCD, 0x62, 0x99, 0xB2,
    0xA4, 0x07, 0x80, 0x77, 0x61, 0x45, 0x3E, 0xD0, 0x91, 0x3B, 0x4C, 0x45, 0x4D, 0xFC, 0xC6, 0x1A,
    0xF4, 0x40, 0xE2, 0xE1, 0x36, 0x00, 0x74, 0xB2, 0x7A, 0xEF, 0x5E, 0xC8, 0x28, 0x40, 0xE8, 0x6C,
    0xBE, 0xEE, 0x73, 0x71, 0x48, 0x1F, 0x87, 0xB0, 0x42, 0x9F, 0x4F, 0x58, 0xC3, 0x53, 0x00, 0x80,
    0x5C, 0x1A, 0xF3, 0xDB, 0x6E, 0xCE, 0x54, 0xE2, 0xDF, 0xC1, 0x13, 0x6D, 0x42, 0x39, 0x0A, 0xCB,
    0x11, 0xEC, 0xBF, 0x31, 0xE0, 0x3A, 0x78, 0x12, 0x1F, 0x09, 0xC0, 0xC3, 0x35, 0x90, 0xAD, 0x9F,
    0x0C, 0x60, 0x2A, 0x26, 0xA2, 0xDD, 0x41, 0x0D, 0x09, 0x9A, 0xDC, 0xD6, 0x92, 0x55, 0x3A, 0x19,
    0x8D, 0x6A, 0xDE, 0x57, 0xFD, 0x5C, 0xD9, 0x52, 0xDB, 0x32, 0xB2, 0x0A, 0x5C, 0x16, 0x2C, 0x55,
    0xB3, 0x9C, 0xD1, 0x66, 0x55, 0xE0, 0xA4, 0x59, 0x16, 0xC9, 0xF4, 0xAB, 0x2C, 0xF5, 0xF7, 0x43,
    0xE2, 0x4B, 0xB5, 0xD2, 0x03, 0x0B, 0x00, 0x0A, 0x00, 0x72, 0x4B, 0xD2, 0xA0, 0x26, 0x8A, 0x06,
    0x6A, 0x99, 0x80, 0xE4, 0x71, 0x15, 0xE9, 0x00, 0x35, 0x46, 0x78, 0x20, 0x6B, 0x01, 0xBD, 0x00,
    0xB6, 0x0C, 0xB0, 0x53, 0x54, 0x10, 0xD6, 0x85, 0x83, 0x08, 0x97, 0xF5, 0xF0, 0xF2, 0x43, 0x47,
    0x22, 0xE2, 0x50, 0x36, 0x99, 0x50, 0x0D, 0x9E, 0x1C, 0x5A, 0x34, 0x1C, 0x31, 0xAB, 0xE8, 0x2A,
    0x71, 0x59, 0x2C, 0xEC, 0x57, 0xDC, 0x7C, 0xDD, 0x59, 0xE5, 0xDE, 0xD6, 0x0A, 0xAB, 0x64, 0x8D,
    0x7A, 0x79, 0xBF, 0x57, 0x2E, 0x0D, 0xDF, 0xF1, 0x3F, 0xA9, 0x74, 0xCC, 0x5E, 0xDE, 0x1F, 0x8C,
    0x48, 0x05, 0x40, 0x2D, 0xA4, 0xAF, 0x1E, 0xDA, 0xDC, 0x66, 0x43, 0x51, 0xA9, 0xDE, 0x90, 0x54,
    0x0B, 0xE0, 0x10, 0x78, 0x76, 0xAE, 0xD5, 0xF9, 0xF5, 0x14, 0x30, 0xE7, 0x9A, 0x35, 0xA0, 0xFB,
    0xA4, 0x57, 0xEB, 0x27, 0x96, 0x4E, 0x20, 0xA9, 0x30, 0xB2, 0x26, 0x6C, 0xEC, 0xC9, 0x40, 0x58,
    0xC5, 0x07, 0x70, 0x1A, 0x61, 0x22, 0x66, 0x55, 0x40, 0xD1, 0x04, 0x68, 0xFB, 0xB3, 0x08, 0x0F,
    0xA2, 0xCB, 0x1B, 0xE7, 0xA3, 0x80, 0xC4, 0x93, 0xBD, 0x7C, 0xE8, 0x88, 0x1B, 0x8D, 0x18, 0x6E,
    0xBE, 0xFE, 0xDB, 0x18, 0xCD, 0x1B, 0xED, 0x05, 0xB1, 0x91, 0x48, 0x88, 0xF8, 0x5E, 0xEC, 0x5F,
    0xD4, 0x8D, 0xA0, 0xDD, 0xA0, 0x8F, 0xB2, 0x97, 0xBF, 0x37, 0x19, 0x91, 0xF1, 0x0B, 0xE7, 0x79,
    0xFD, 0x37, 0x67, 0x73, 0x39, 0xDE, 0xAA, 0x6C, 0x02, 0x23, 0x16, 0x00, 0x98, 0x49, 0x4F, 0xB2,
    0xFE, 0xFD, 0x91, 0xBC, 0x4F, 0x3C, 0xBA, 0x61, 0xC2, 0xC0, 0x5E, 0x04, 0x1C, 0x01, 0x3C, 0xBB,
    0x80, 0x6B, 0xF7, 0x02, 0xB4, 0x54, 0x47, 0x04, 0x67, 0x03, 0xD3, 0x19, 0x8A, 0x26, 0x40, 0xF7,
    0x01, 0x6A, 0xFD, 0x9B, 0x13, 0xD4, 0x32, 0x00, 0x7B, 0x60, 0x24, 0x11, 0x7F, 0xF3, 0x15, 0xF5,
    0x3F, 0x2B, 0x87, 0x6E, 0x2E, 0x87, 0x88, 0x34, 0x21, 0xF8, 0xFB, 0xCD, 0xCF, 0xF7, 0xCB, 0x26,
    0x66, 0xBD, 0x91, 0x0F, 0xC4, 0x1B, 0x21, 0xCC, 0xAB, 0xDC, 0x55, 0x2D, 0x9B, 0x30, 0x52, 0x69,
    0xB1, 0xBF, 0xB0, 0xAE, 0xF0, 0xFC, 0x7F, 0x6C, 0x22, 0x71, 0xDC, 0x1C, 0xA8, 0x63, 0x2E, 0x95,
    0xD8, 0xB0, 0xFE, 0x1A, 0xE5, 0x18, 0x03, 0xD2, 0x21, 0x20, 0x6B, 0x02, 0x0A, 0x02, 0xCA, 0x08,
    0x17, 0xF0, 0xF9, 0x18, 0x20, 0x3E, 0xC0, 0x77, 0x01, 0xCE, 0x44, 0x17, 0xDD, 0x47, 0x67, 0x17,
    0xA0, 0x7C, 0x00, 0x6B, 0xE2, 0xEE, 0x9A, 0xB8, 0x3F, 0x67, 0x84, 0x18, 0x18, 0xCA, 0x5D, 0x4D,
    0x9B, 0x0A, 0xD9, 0x54, 0xC9, 0xBD, 0xB3, 0x2A, 0xF1, 0x60, 0xA6, 0x9B, 0x81, 0x5D, 0xA8, 0x6F,
    0x10, 0x94, 0x90, 0x7C, 0x86, 0xFA, 0xB8, 0x52, 0x1F, 0xA3, 0x5E, 0x58, 0xF5, 0x4D, 0xD4, 0x77,
    0x6D, 0x56, 0xA0, 0x9E, 0xF7, 0x3A, 0xD2, 0x6D, 0x05, 0x7E, 0xC7, 0xED, 0x04, 0xDA, 0xA9, 0x8C,
    0xF4, 0x77, 0x23, 0x97, 0x27, 0x91, 0x0B, 0x17, 0x69, 0xFA, 0xC8, 0xC2, 0x16, 0x64, 0xBD, 0x6E,
    0x8C, 0x35, 0x3E, 0x47, 0x26, 0xE3, 0x90, 0xF1, 0xE6, 0x44, 0x38, 0xAD, 0x1E, 0x8D, 0x12, 0xF2,
    0x80, 0x2A, 0x8F, 0xCB, 0x04, 0xFC, 0x93, 0x0B, 0x78, 0x3E, 0x06, 0x58, 0x1F, 0x51, 0x47, 0x98,
    0xAF, 0x07, 0xE8, 0xEF, 0x06, 0x64, 0x9F, 0x06, 0x28, 0x09, 0x20, 0x82, 0x8E, 0x6C, 0xC0, 0x60,
    0x56, 0x68, 0x00, 0xA0, 0x5E, 0x83, 0x7A, 0x75, 0xBF, 0x47, 0xDB, 0x74, 0xA4, 0xA8, 0xF0, 0x18,
    0x38, 0x64, 0x01, 0x86, 0x67, 0x1B, 0xF8, 0x0D, 0x36, 0xF7, 0x88, 0x2E, 0x67, 0xCE, 0x33, 0xF0,
    0x68, 0x9B, 0x8C, 0xA8, 0xA9, 0xE8, 0xA1, 0x13, 0x20, 0xA9, 0xC0, 0xC4, 0x5F, 0xA2, 0x97, 0x5D,
    0xA3, 0x5C, 0x3E, 0x28, 0xF7, 0xB6, 0x96, 0xF5, 0xCA, 0x3D, 0x6C, 0x94, 0xF8, 0x2B, 0x9C, 0xA7,
    0x2B, 0xEE, 0x75, 0x75, 0xE5, 0xBD, 0xDE, 0x7C, 0xB3, 0x57, 0xE5, 0xDE, 0x20, 0x99, 0x00, 0x3C,
    0x80, 0x19, 0x80, 0xCC, 0x11, 0x83, 0x88, 0x51, 0xD8, 0x58, 0x59, 0x43, 0x80, 0x72, 0x6F, 0x41,
    0x1F, 0x50, 0x34, 0xE7, 0x05, 0xE9, 0x22, 0x5C, 0x1D, 0x61, 0xAA, 0x00, 0x6D, 0x03, 0x72, 0x17,
    0xA0, 0x46, 0xB2, 0x29, 0x59, 0x61, 0xA4, 0xAA, 0x1B, 0x20, 0x13, 0x3B, 0xFB, 0xF3, 0x71, 0x8E,
    0x6F, 0xF9, 0x76, 0x0B, 0xC1, 0x4C, 0xB0, 0x81, 0x5C, 0x48, 0x64, 0x40, 0x4F, 0x24, 0x1E, 0x0E,
    0xF7, 0x99, 0x8F, 0x94, 0x9E, 0xF6, 0x28, 0x75, 0x85, 0x58, 0xF6, 0xA8, 0x45, 0xFC, 0xE9, 0x93,
    0x4F, 0xFC, 0x53, 0x6D, 0xCB, 0x93, 0xA0, 0x6F, 0x68, 0xFB, 0xCB, 0x68, 0xCB, 0x95, 0x55, 0x0C,
    0x24, 0xB2, 0xA6, 0x5B, 0x2B, 0x19, 0x8A, 0x91, 0xBA, 0xCA, 0x7A, 0xEE, 0x10, 0x70, 0xEB, 0xFF,
    0x8C, 0x1D, 0xD4, 0x40, 0x89, 0x1A, 0x59, 0x82, 0x7C, 0xE8, 0xC0, 0x48, 0x03, 0xEC, 0x81, 0x78,
    0x25, 0xB6, 0xEE, 0x93, 0xD3, 0x4A, 0x5B, 0x4A, 0x02, 0x3E, 0x22, 0x1B, 0x70, 0x28, 0x17, 0x90,
    0xBA, 0xA4, 0x87, 0x49, 0x59, 0xF0, 0x11, 0x6D, 0x56, 0xC1, 0x42, 0x03, 0x26, 0x62, 0x76, 0x1B,
    0xD0, 0xCB, 0x88, 0x09, 0xC8, 0xC6, 0x4D, 0xAA, 0x06, 0x10, 0xCF, 0x01, 0xE2, 0x66, 0x3F, 0xC0,
    0xF3, 0xF0, 0x58, 0x5B, 0x3C, 0x9A, 0xBC, 0x4F, 0x56, 0x6C, 0xA1, 0x06, 0x25, 0xDC, 0x41, 0x39,
    0xF5, 0x19, 0x25, 0xA9, 0x53, 0xF7, 0xAB, 0x92, 0x64, 0xCA, 0x75, 0x73, 0x00, 0x5E, 0x6B, 0xEB,
    0xC0, 0x6F, 0xE5, 0xF1, 0x72, 0x78, 0x5B, 0xF5, 0x03, 0x98, 0x1D, 0xF5, 0xA3, 0x1E, 0x4C, 0x99,
    0x7E, 0x6E, 0x61, 0xB6, 0x9B, 0xC4, 0x8B, 0x3E, 0xE1, 0xC7, 0x15, 0x68, 0x87, 0x00, 0xB9, 0xA3,
    0x86, 0x18, 0xEF, 0x02, 0xBA, 0x95, 0x16, 0x8A, 0x51, 0x4D, 0x28, 0x97, 0xF6, 0xA4, 0x67, 0x31,
    0x68, 0xA0, 0xBE, 0x0D, 0xCC, 0x5A, 0x40, 0x3B, 0x20, 0x8B, 0x50, 0x23, 0xA0, 0x3D, 0xB0, 0x73,
    0x0A, 0x7C, 0x64, 0x00, 0x57, 0x58, 0x52, 0xAB, 0x7B, 0x32, 0xAB, 0x1C, 0x85, 0x55, 0x3E, 0x46,
    0x23, 0x95, 0x91, 0x4C, 0x6C, 0x31, 0x26, 0x82, 0x72, 0x2C, 0x49, 0x47, 0x4E, 0xC0, 0xE3, 0xE0,
    0x48, 0x59, 0x30, 0xAA, 0x01, 0xFD, 0x17, 0x04, 0xFC, 0x1B, 0xA0, 0x3C, 0x44, 0x9F, 0x00, 0x77,
    0x09, 0xA2, 0x0B, 0x46, 0x2C, 0x33, 0x91, 0x7E, 0xF6, 0xF8, 0x89, 0x2D, 0x99, 0x35, 0x25, 0x86,
    0x1B, 0xAC, 0x20, 0xF1, 0xA0, 0x1C, 0xE4, 0x03, 0x68, 0x0B, 0xA6, 0x82, 0x1A, 0xF0, 0x90, 0x4E,
    0xA0, 0x1C, 0x7B, 0xBA, 0x27, 0x6E, 0xD6, 0x99, 0xBF, 0xFC, 0xD0, 0x19, 0x11, 0xD7, 0xB9, 0x53,
    0xDA, 0x2B, 0xB4, 0x67, 0x74, 0xEE, 0xBD, 0x3D, 0x87, 0x63, 0x9F, 0xBB, 0x94, 0xA1, 0xDD, 0x62,
    0x0B, 0x4D, 0x4E, 0x56, 0xA9, 0x46, 0xD9, 0xD4, 0x26, 0x3D, 0x03, 0x8E, 0x13, 0x0E, 0xD8, 0xA5,
    0x64, 0x07, 0xCC, 0x94, 0x4E, 0x5C, 0xA1, 0x25, 0x93, 0x99, 0xDE, 0xDB, 0x63, 0x17, 0x4A, 0x58,
    0xC3, 0x67, 0xA4, 0xCF, 0x1B, 0xF5, 0xDC, 0xE6, 0xC9, 0xA0, 0x71, 0x77, 0x38, 0x28, 0x29, 0x0F,
    0xB8, 0xB3, 0xC7, 0x35, 0x23, 0xD2, 0x6C, 0x3F, 0x7E, 0x5C, 0x81, 0xC7, 0xA0, 0x49, 0x6D, 0xBA,
    0xA6, 0x90, 0xC1, 0xA4, 0xEE, 0x7D, 0xC6, 0x77, 0x18, 0x61, 0x4A, 0x65, 0x9A, 0xFD, 0xCB, 0x74,
    0xC8, 0xE4, 0xCF, 0x4C, 0x4D, 0xF5, 0x1F, 0xFA, 0x62, 0xEA, 0x92, 0x8A, 0xEE, 0xFC, 0xB8, 0x64,
    0x17, 0xF5, 0x9D, 0x89, 0xEC, 0x85, 0x54, 0xD9, 0xA4, 0x6D, 0xE6, 0xD4, 0x10, 0x7F, 0xC4, 0x32,
    0x9B, 0xFE, 0xA4, 0xE2, 0xBD, 0x21, 0x28, 0xF4, 0xF4, 0xFA, 0xA1, 0xED, 0x5E, 0x08, 0xB0, 0x07,
    0xE1, 0x24, 0x84, 0x3C, 0x27, 0xE3, 0x1C, 0xB7, 0xE4, 0xB8, 0x05, 0xFF, 0xC6, 0x5A, 0x38, 0x04,
    0xC3, 0x5D, 0xFD, 0x89, 0x53, 0xD2, 0x73, 0x03, 0x94, 0x00, 0x35, 0x60, 0x36, 0x4A, 0x5E, 0x19,
    0xB4, 0x74, 0x98, 0xAF, 0x09, 0x0B, 0xEA, 0x0B, 0x2F, 0x7D, 0x1B, 0x6D, 0x5E, 0xF8, 0x0C, 0x42,
    0xF1, 0xE9, 0x67, 0x55, 0x26, 0x33, 0xC7, 0x75, 0xE0, 0x94, 0x5C, 0xFA, 0xB0, 0xF8, 0x02, 0xBF,
    0xA4, 0x6D, 0x69, 0x45, 0xFC, 0xFA, 0xF1, 0xB7, 0xCE, 0x16, 0x9F, 0x83, 0xE1, 0xCB, 0xFA, 0x3F,
    0xC7, 0xF3, 0xC5, 0x93, 0x8A, 0x7A, 0x4A, 0x5C, 0xAB, 0xDC, 0xAE, 0x1A, 0x08, 0xF6, 0xEB, 0xAF,
    0x1B, 0x23, 0x36, 0xF6, 0x2F, 0xB7, 0x78, 0x4A, 0xA4, 0x01, 0xE0, 0xF4, 0x77, 0xAC, 0x12, 0xB1,
    0xBA, 0x19, 0x2B, 0x8D, 0xA7, 0xA0, 0x25, 0x4A, 0x57, 0x9E, 0xFC, 0x1F, 0x1D, 0xA9, 0xF4, 0xA8,
    0x3F, 0x03, 0x4D, 0xD0, 0xE3, 0x63, 0x94, 0xAC, 0xC8, 0x45, 0x98, 0x07, 0x8F, 0x25, 0xBA, 0x69,
    0x89, 0xD7, 0x02, 0x73, 0x2F, 0xF8, 0xCB, 0x70, 0x79, 0x26, 0x3E, 0x16, 0xB2, 0xA9, 0xB0, 0xD9,
    0x90, 0xDB, 0xAC, 0xCF, 0x6C, 0x66, 0xD5, 0x65, 0xEA, 0x75, 0xC8, 0x48, 0xE7, 0x95, 0x57, 0x36,
    0x1F, 0x54, 0x0F, 0xB0, 0xDD, 0x98, 0x3E, 0xE4, 0xEA, 0x67, 0x5A, 0xEE, 0x3A, 0x49, 0x9C, 0x72,
    0xA9, 0x03, 0xF8, 0xD2, 0xA3, 0x22, 0xF4, 0x92, 0x4B, 0x5B, 0xEA, 0xD4, 0x50, 0xD8, 0xA3, 0xB7,
    0xEF, 0xD1, 0x3E, 0x38, 0xCE, 0x6C, 0x37, 0x64, 0xD6, 0x84, 0xFE, 0x32, 0xC8, 0x91, 0x3D, 0xB7,
    0xA1, 0x82, 0x82, 0x64, 0x20, 0xFB, 0xD1, 0x48, 0x66, 0x7D, 0xD0, 0x51, 0x90, 0xA9, 0xF4, 0xA0,
    0xFB, 0xB8, 0x47, 0xB1, 0xDA, 0x66, 0x3F, 0xB7, 0xE9, 0x41, 0xD6, 0xDB, 0x1F, 0xC4, 0x13, 0x63,
    0x5E, 0x48, 0x21, 0x64, 0x53, 0x31, 0xCE, 0x1A, 0xE5, 0x72, 0xA7, 0x6D, 0xAC, 0xCA, 0xDC, 0x86,
    0x48, 0xEC, 0x15, 0x18, 0x3C, 0x73, 0x17, 0xC6, 0x0D, 0xF5, 0x5A, 0xF9, 0xDC, 0x87, 0x39, 0x31,
    0xB1, 0xBE, 0x7D, 0x98, 0x27, 0x56, 0xF2, 0x10, 0x5A, 0x7F, 0xB9, 0xE2, 0xD8, 0x30, 0x72, 0xCD,
    0x69, 0x45, 0x2E, 0x8E, 0x19, 0x9E, 0xC5, 0xE6, 0xFF, 0x88, 0x9F, 0xFA, 0x2F, 0x22, 0xA8, 0xC4,
    0x60, 0x62, 0x9E, 0xFF, 0x64, 0x42, 0xC9, 0x00, 0x37, 0xE0, 0x41, 0x58, 0xB3, 0x0B, 0x6B, 0xE6,
    0x57, 0x3C, 0x53, 0x59, 0x38, 0x53, 0xE1, 0x0C, 0x92, 0xD9, 0xBD, 0x20, 0x36, 0xD2, 0x03, 0x74,
    0x1E, 0x92, 0x57, 0x5F, 0x3A, 0xD6, 0xF2, 0x4D, 0x77, 0xF5, 0x63, 0x22, 0x64, 0x62, 0xE0, 0x7A,
    0x10, 0x17, 0x55, 0x57, 0x68, 0x71, 0xDB, 0x1F, 0x8C, 0xE6, 0xC5, 0x2A, 0xFB, 0xEF, 0x43, 0xE5,
    0x4A, 0xE5, 0x88, 0xC5, 0xDE, 0xFF, 0xB4, 0xE5, 0x0E, 0x23, 0xC4, 0x74, 0x74, 0x55, 0x9B, 0xDB,
    0x31, 0xAB, 0x7C, 0x1C, 0x8E, 0x19, 0xC9, 0x04, 0x6A, 0x4B, 0x6E, 0x4F, 0x94, 0x75, 0xCA, 0x7A,
    0xDD, 0x98, 0x35, 0x49, 0x15, 0x4D, 0xD9, 0x68, 0xC5, 0x27, 0x74, 0x82, 0xB6, 0x97, 0x5A, 0x6E,
    0xC9, 0x06, 0x94, 0x54, 0xDC, 0x60, 0xBB, 0xD9, 0x6E, 0x6A, 0x5B, 0xDB, 0x3C, 0xB4, 0xCB, 0xCB,
    0x3D, 0xB6, 0x90, 0xDE, 0x50, 0x4E, 0x6A, 0xF5, 0x0F, 0x0E, 0xF9, 0x8F, 0x15, 0xD7, 0xE0, 0xC1,
    0xA3, 0xED, 0x47, 0x32, 0x9A, 0xB1, 0x88, 0x05, 0x64, 0xB3, 0x2A, 0xCC, 0x81, 0xEA, 0xB7, 0x50,
    0xEE, 0x16, 0xA9, 0x2B, 0x61, 0xBA, 0x0B, 0xFE, 0x04, 0x96, 0x0E, 0x16, 0x3D, 0x18, 0x0B, 0x45,
    0xC3, 0xE3, 0x47, 0xD7, 0x78, 0x70, 0x2C, 0x4E, 0xD3, 0xF5, 0x45, 0x53, 0x34, 0x9A, 0x10, 0x83,
    0x7D, 0x17, 0x6D, 0xBF, 0xDA, 0xDF, 0x22, 0xB3, 0x7F, 0x34, 0x94, 0xA8, 0xFE, 0x87, 0x6E, 0x17,
    0xE5, 0xFA, 0x71, 0x9F, 0xF4, 0x87, 0x76, 0x72, 0xF0, 0xB9, 0x6D, 0x07, 0xF8, 0x71, 0x35, 0xB7,
    0x20, 0x98, 0xC0, 0x9A, 0x59, 0x03, 0xF1, 0x94, 0xB3, 0xFD, 0xAD, 0x07, 0xC7, 0xB5, 0x97, 0x21,
    0x1F, 0xDE, 0x3F, 0x5B, 0x3B, 0xAE, 0x6B, 0xFA, 0xB8, 0x1E, 0x68, 0x0B, 0xC6, 0xC1, 0xC9, 0x44,
    0xD2, 0x3F, 0x43, 0x59, 0x43, 0x61, 0x8D, 0x15, 0x27, 0x63, 0x8C, 0x41, 0x9C, 0x71, 0x45, 0x88,
    0x4F, 0xDB, 0xBC, 0x0A, 0x44, 0x0D, 0x5B, 0xA4, 0x6E, 0x07, 0xC6, 0x38, 0xCF, 0x2E, 0x2C, 0x4F,
    0x60, 0xE1, 0x60, 0xD6, 0x83, 0xB6, 0x41, 0x4D, 0x50, 0x15, 0x04, 0x2C, 0x80, 0x16, 0x7E, 0xC9,
    0x81, 0xB1, 0xB0, 0xFD, 0xF8, 0x51, 0x27, 0xEE, 0xA9, 0x72, 0x27, 0xDA, 0x52, 0x54, 0x18, 0xF0,
    0x24, 0x23, 0xCA, 0xA1, 0xE3, 0x8D, 0xBB, 0x86, 0xBB, 0xEB, 0xC7, 0xA3, 0xC8, 0x48, 0xDD, 0x24,
    0xD3, 0x25, 0xAF, 0x41, 0x7D, 0x78, 0x48, 0x57, 0x85, 0xCE, 0xDB, 0x1D, 0x92, 0x11, 0xBA, 0x86,
    0x04, 0x77, 0xD9, 0x47, 0x40, 0x5B, 0x54, 0xFF, 0xB6, 0x9F, 0x56, 0x07, 0x52, 0xD1, 0x55, 0x69,
    0x9C, 0xEB, 0x2D, 0x0E, 0xB9, 0x8D, 0xCF, 0xAF, 0x03, 0x50, 0xF4, 0x5B, 0x8B, 0xE9, 0xF6, 0xBE,
    0x59, 0x9E, 0xE4, 0xE3, 0x75, 0xAA, 0xFF, 0x05, 0xCD, 0x98, 0x01, 0xA4, 0x64, 0xD7, 0x1D, 0xC6,
    0x7F, 0xF7, 0x9E, 0x6C, 0x6E, 0x9A, 0xDB, 0x37, 0xA7, 0x78, 0x2B, 0x91, 0xDD, 0x75, 0x43, 0x8B,
    0xD7, 0xED, 0xEC, 0xDE, 0xE2, 0x61, 0xE8, 0x9D, 0xB9, 0x77, 0x13, 0x04, 0xA1, 0x5D, 0xBA, 0x2F,
    0x45, 0xD5, 0x2E, 0x0A, 0x6D, 0xE9, 0xA6, 0xF5, 0x50, 0xCC, 0x7B, 0x73, 0xDB, 0xA2, 0x80, 0x2C,
    0x00, 0x45, 0x17, 0x41, 0x6C, 0x90, 0x41, 0x55, 0xE8, 0xEC, 0x9B, 0x93, 0x3C, 0x04, 0xA5, 0xB9,
    0x9B, 0x15, 0x01, 0xE5, 0x12, 0x52, 0xB2, 0xC8, 0x11, 0xB3, 0x7A, 0x37, 0x3D, 0x33, 0xA7, 0xE7,
    0xCC, 0x9B, 0xD9, 0x7D, 0x2B, 0xD9, 0x4D, 0x76, 0xF7, 0xE5, 0xE9, 0x3D, 0xE7, 0xFB, 0xCD, 0xDC,
    0x3B, 0xE7, 0xFC, 0xBF, 0xEF, 0xCC, 0xB1, 0x73, 0xEF, 0xBE, 0xB5, 0xC1, 0xB8, 0xCB, 0x63, 0xD9,
    0xFC, 0xE8, 0x76, 0xBB, 0xBD, 0xDE, 0xF6, 0x77, 0x59, 0x81, 0x16, 0xD8, 0x3A, 0xFA, 0xC4, 0xC8,
    0x1F, 0xF6, 0xD2, 0x56, 0x96, 0xB7, 0xE8, 0xED, 0xEB, 0xEE, 0x34, 0x6D, 0x21, 0xFF, 0x79, 0x42,
    0x58, 0xC3, 0xB8, 0xA6, 0x85, 0xEF, 0x40, 0x60, 0x35, 0xF1, 0x35, 0x83, 0xA4, 0x4F, 0x42, 0x46,
    0xCA, 0xB7, 0x48, 0x00, 0xE9, 0x55, 0xC2, 0xD8, 0xAA, 0xB9, 0x44, 0x05, 0x61, 0xED, 0xA4, 0x9D,
    0x2A, 0x10, 0x0A, 0xE4, 0xAD, 0xB0, 0xC8, 0xAD, 0xE5, 0xAF, 0xC9, 0x14, 0x38, 0x0B, 0xD0, 0xF9,
    0x45, 0x3B, 0xB7, 0x46, 0x9E, 0xD1, 0x27, 0xD8, 0x6C, 0xD3, 0x71, 0xFD, 0x38, 0x9B, 0x12, 0x9D,
    0xDA, 0x26, 0xDB, 0xCA, 0x00, 0xAB, 0x07, 0x7A, 0x50, 0x25, 0x95, 0x54, 0x12, 0xA9, 0x5A, 0x88,
    0xFA, 0x38, 0x42, 0x67, 0x30, 0x79, 0x19, 0x8C, 0x86, 0xAE, 0xE2, 0xF1, 0xF1, 0xC7, 0xC4, 0x76,
    0x06, 0xB2, 0xF0, 0xAF, 0xCB, 0xF7, 0x7B, 0xCA, 0x15, 0x7E, 0x0D, 0xFA, 0xF6, 0x01, 0xB0, 0xEF,
    0x34, 0xB4, 0x4A, 0x7E, 0xA0, 0x13, 0xF4, 0x69, 0xDF, 0x49, 0x0A, 0xE4, 0x84, 0xC4, 0x16, 0xD9,
    0x58, 0x67, 0xB1, 0xE9, 0x62, 0xF2, 0xB2, 0x2B, 0x9B, 0x53, 0xC2, 0xF6, 0xC9, 0x27, 0x44, 0x1A,
    0x9A, 0x6F, 0x92, 0x9D, 0xA2, 0x93, 0x32, 0x94, 0x37, 0xEA, 0xD0, 0x16, 0x6B, 0x2B, 0xA3, 0xBC,
    0x9F, 0xB2, 0x38, 0x12, 0x5B, 0xC1, 0xEC, 0xA5, 0x29, 0x51, 0xE5, 0xFC, 0x25, 0x3B, 0xCF, 0xAB,
    0x2C, 0xBE, 0x51, 0xE9, 0xCE, 0xE9, 0xB0, 0x1E, 0xBE, 0x9C, 0x51, 0x74, 0x86, 0x7D, 0xC8, 0xF4,
    0x68, 0x89, 0xF9, 0xA9, 0xFB, 0x80, 0x4E, 0x27, 0xE7, 0xC2, 0x66, 0x26, 0xFF, 0x5D, 0x69, 0x19,
    0x58, 0x51, 0x45, 0x0A, 0x59, 0x06, 0xD3, 0x33, 0x53, 0x48, 0x6D, 0x0D, 0x9C, 0x03, 0x69, 0x48,
    0x13, 0xBE, 0x21, 0x09, 0xC7, 0xA4, 0xE7, 0xC9, 0x24, 0x59, 0x42, 0x6E, 0xD5, 0xE3, 0x67, 0x0A,
    0x2E, 0x3D, 0x1B, 0x2A, 0x1D, 0xED, 0xAA, 0x44, 0xAA, 0x3C, 0x65, 0x2B, 0x27, 0x77, 0xFE, 0x2F,
    0x28, 0xF1, 0x56, 0x4D, 0x3D, 0x1C, 0xD8, 0xA9, 0xEB, 0xB0, 0xB2, 0xBF, 0x0F, 0xCC, 0xD8, 0xDC,
    0x23, 0xF7, 0xD1, 0x73, 0x42, 0x65, 0xAE, 0xB0, 0xEE, 0xC8, 0xE7, 0x5D, 0x6E, 0xB7, 0x43, 0x9D,
    0xA1, 0x7C, 0xAE, 0xCE, 0xB4, 0xFC, 0xB3, 0x72, 0xB0, 0x2E, 0xB7, 0xFC, 0x91, 0xCB, 0x2D, 0x5F,
    0x54, 0x1D, 0x37, 0xA4, 0xDA, 0xCC, 0xD2, 0x6B, 0x8D, 0x96, 0x27, 0x2F, 0xBF, 0xFE, 0x85, 0xB9,
    0x4F, 0x5E, 0xB9, 0xE2, 0xB7, 0x5E, 0x41, 0x32, 0xD9, 0xBE, 0xAA, 0xA5, 0x6F, 0xFD, 0x6E, 0xDE,
    0x84, 0x25, 0xAB, 0x90, 0xDD, 0xE9, 0x8B, 0x9C, 0xFB, 0xAE, 0xF8, 0x01, 0xBE, 0xC0, 0x6B, 0x63,
    0x3B, 0x3D, 0x56, 0xED, 0x98, 0x49, 0xF7, 0xD9, 0x1E, 0x19, 0x7D, 0xB4, 0x50, 0x2D, 0xB1, 0x75,
    0xDE, 0xDA, 0x8D, 0x8D, 0x63, 0x97, 0x76, 0x8C, 0xEE, 0x5E, 0xE8, 0x32, 0x92, 0xF5, 0x11, 0x43,
    0x5E, 0xA6, 0xBA, 0x37, 0x36, 0xCF, 0x94, 0x20, 0xCB, 0x9C, 0x3E, 0x35, 0x3F, 0x77, 0x6D, 0x84,
    0xB9, 0xAF, 0x96, 0x6D, 0x1A, 0x1A, 0xEC, 0x5F, 0xAE, 0xF2, 0xDF, 0x69, 0x5A, 0xE8, 0xB3, 0xA0,
    0x81, 0x09, 0x30, 0x05, 0x2C, 0xD0, 0x05, 0x12, 0x6B, 0xEB, 0xC1, 0x74, 0x1B, 0x6B, 0xDA, 0x9F,
    0xD3, 0xC0, 0x29, 0x77, 0x0A, 0xFA, 0x6D, 0x68, 0x7F, 0x35, 0x05, 0xA3, 0xB4, 0x10, 0x26, 0xAD,
    0xE6, 0xFF, 0x58, 0x69, 0x21, 0x55, 0xA8, 0x03, 0xFD, 0xAB, 0x7A, 0x5C, 0x52, 0xC6, 0x95, 0xAD,
    0x7E, 0x5C, 0x89, 0x7D, 0xED, 0xE2, 0xAD, 0xA3, 0xE7, 0xA2, 0x29, 0xA9, 0x2C, 0xBA, 0x91, 0xCA,
    0xC4, 0xBC, 0x47, 0xAA, 0x17, 0x2B, 0x69, 0x09, 0x5E, 0xE5, 0xD9, 0x55, 0xB2, 0x13, 0x24, 0xB2,
    0x90, 0x7F, 0x52, 0xD1, 0x87, 0x5A, 0x7C, 0xAA, 0xE3, 0xDD, 0x5A, 0xC6, 0xAA, 0x2B, 0x59, 0xCF,
    0xE0, 0x12, 0x40, 0x5C, 0xD3, 0x82, 0x71, 0x4D, 0x1B, 0xBE, 0x5D, 0x93, 0x81, 0xA8, 0x19, 0xCE,
    0xA9, 0x3D, 0x43, 0xE5, 0x29, 0xE6, 0x8C, 0xB9, 0xEC, 0x28, 0x85, 0x26, 0xBD, 0xD5, 0x8E, 0x34,
    0x47, 0x37, 0xB2, 0x96, 0x06, 0x86, 0x5D, 0x4F, 0xFD, 0x1B, 0xC7, 0x50, 0x5D, 0x73, 0x14, 0xBB,
    0xD6, 0x96, 0xC4, 0x04, 0x1A, 0xE4, 0x9C, 0x6D, 0xE2, 0x29, 0xC0, 0x91, 0x8D, 0x3B, 0xBE, 0xED,
    0xB9, 0x6F, 0xE6, 0x7C, 0xEF, 0xE3, 0xE8, 0x29, 0xE3, 0xDA, 0xB1, 0xDD, 0xBB, 0xEA, 0x7C, 0xB3,
    0x7E, 0xEE, 0x7C, 0x87, 0xDF, 0x49, 0x01, 0x4D, 0xCF, 0x3B, 0xCE, 0x43, 0x2B, 0x34, 0xC4, 0xFE,
    0x15, 0x89, 0x14, 0xD0, 0xA6, 0xFB, 0x53, 0xC8, 0xB0, 0x16, 0x60, 0x63, 0x83, 0x63, 0xDE, 0x77,
    0xC7, 0xD0, 0x46, 0x77, 0xC9, 0xB8, 0xD0, 0xF5, 0xA6, 0x23, 0x34, 0xD2, 0x5B, 0x1E, 0x31, 0x42,
    0x41, 0x1E, 0x43, 0x99, 0xCA, 0xB0, 0xD4, 0xBD, 0xB6, 0x54, 0x63, 0x93, 0x25, 0xEA, 0x99, 0x72,
    0xF8, 0x03, 0x05, 0xFA, 0x3F, 0x8A, 0xF0, 0xAD, 0x77, 0x94, 0x5B, 0xDB, 0x0B, 0x8A, 0x58, 0xDA,
    0x19, 0x92, 0x48, 0xD1, 0xF6, 0xC8, 0x48, 0x27, 0xC0, 0xD1, 0x73, 0x3C, 0x01, 0xF9, 0xBC, 0xA7,
    0x00, 0x3C, 0x06, 0xC7, 0xE1, 0x04, 0x9C, 0x22, 0x30, 0x7E, 0xCD, 0x49, 0x49, 0x0E, 0x3D, 0xDF,
    0xD7, 0x7B, 0xF4, 0x53, 0x8C, 0xBC, 0xD1, 0x04, 0xD6, 0x47, 0x03, 0x72, 0x00, 0x59, 0x02, 0x42,
    0x01, 0x68, 0x16, 0x47, 0xA0, 0x01, 0x31, 0xF1, 0x30, 0x40, 0x34, 0x02, 0x64, 0x0F, 0x68, 0xE5,
    0x40, 0x3B, 0x29, 0x20, 0x93, 0x0A, 0x36, 0x3D, 0x74, 0x54, 0xC1, 0xCD, 0x9F, 0x68, 0x02, 0x6B,
    0x35, 0x42, 0x05, 0x0D, 0xA2, 0xC4, 0xD9, 0xC3, 0x08, 0x09, 0xDB, 0xA4, 0x05, 0xE3, 0xC2, 0xEA,
    0xC8, 0x2E, 0x0D, 0x7C, 0x01, 0x7A, 0x00, 0x6F, 0x02, 0x54, 0x87, 0xE4, 0x2B, 0x1A, 0x20, 0x32,
    0x80, 0x4C, 0x80, 0x4C, 0x14, 0x5F, 0xBB, 0xEF, 0x11, 0x80, 0xBC, 0x56, 0xF0, 0x37, 0xEB, 0x70,
    0x36, 0xE7, 0x6B, 0xB7, 0x3C, 0xFE, 0x24, 0x90, 0xCB, 0x12, 0x7A, 0xB2, 0x00, 0x38, 0x9C, 0x6F,
    0x77, 0xF1, 0xC5, 0x9E, 0x07, 0x56, 0x62, 0xA0, 0x25, 0x81, 0x78, 0x0A, 0x88, 0xE6, 0xFE, 0x96,
    0xE5, 0x43, 0x59, 0x5A, 0xEB, 0x79, 0xF1, 0xB3, 0xD7, 0x1D, 0x7B, 0x1A, 0xC7, 0xDF, 0x6A, 0x86,
    0xF0, 0xA9, 0xE6, 0x02, 0xC1, 0xDB, 0x1A, 0x10, 0x73, 0xC6, 0xA1, 0xA7, 0x0C, 0xAD, 0x85, 0x76,
    0x78, 0x73, 0x03, 0xBA, 0xCE, 0x03, 0xC6, 0xD6, 0xB3, 0x0E, 0x1D, 0x85, 0x72, 0x5C, 0x15, 0xA5,
    0x63, 0x26, 0xF1, 0x4C, 0x8B, 0xE8, 0xE6, 0x86, 0xB1, 0x3A, 0xB7, 0xD6, 0x00, 0x30, 0xB0, 0x84,
    0xB7, 0x2E, 0xAA, 0x58, 0x45, 0x75, 0x52, 0x88, 0x2A, 0x27, 0x28, 0x7A, 0xC0, 0x16, 0x70, 0x75,
    0xA1, 0xE9, 0xE2, 0x75, 0x07, 0xC8, 0x17, 0x4A, 0x4B, 0x90, 0x55, 0x50, 0x89, 0xD9, 0x1B, 0xCA,
    0x39, 0x82, 0x28, 0x21, 0xD2, 0x40, 0x03, 0xBC, 0x09, 0xCF, 0x4C, 0x20, 0xAD, 0x80, 0xC5, 0xE4,
    0x1C, 0x88, 0x0B, 0x08, 0x15, 0x00, 0xCE, 0xBF, 0x3E, 0xE6, 0xD6, 0x28, 0x34, 0x4B, 0x9D, 0x75,
    0xE2, 0xB6, 0xAC, 0x45, 0xB8, 0x35, 0x09, 0xCD, 0x7E, 0xAD, 0x3A, 0x75, 0x9C, 0x7E, 0x17, 0xDD,
    0x7C, 0xA9, 0x71, 0x35, 0x26, 0x77, 0x0C, 0x26, 0x20, 0x2A, 0x88, 0x8A, 0x83, 0xAF, 0x2F, 0x6B,
    0x48, 0x26, 0x90, 0xF5, 0x61, 0xD8, 0x3A, 0xD8, 0xFA, 0x2F, 0xAF, 0x81, 0xE9, 0x41, 0xD3, 0x05,
    0x38, 0xE8, 0xEC, 0x39, 0xC8, 0x12, 0xA1, 0xA0, 0xDE, 0xAB, 0xCC, 0xB1, 0x5B, 0x08, 0xFD, 0x55,
    0x7B, 0xD4, 0x90, 0xDB, 0x02, 0x20, 0x87, 0x11, 0x68, 0x42, 0xF5, 0x48, 0x75, 0x84, 0x46, 0x1A,
    0x92, 0xD3, 0x74, 0xA2, 0x87, 0xAF, 0xB3, 0xF6, 0x24, 0xBD, 0x84, 0x6E, 0x02, 0x3C, 0x7C, 0x91,
    0xDC, 0xCE, 0xE0, 0xD8, 0x67, 0x6F, 0xD4, 0x08, 0x1D, 0x1A, 0x07, 0x76, 0x3C, 0x72, 0x8F, 0xB4,
    0x70, 0x48, 0x4A, 0x07, 0xA9, 0x72, 0xAB, 0xA5, 0x7A, 0xEA, 0xE6, 0x59, 0xA9, 0xE6, 0xA7, 0xCB,
    0x0F, 0xD2, 0x62, 0x39, 0x78, 0xDB, 0x21, 0x30, 0x44, 0x37, 0x2F, 0x6A, 0xBF, 0x73, 0x05, 0x04,
    0x4E, 0xC8, 0x66, 0x1D, 0x4E, 0x8C, 0x35, 0xAC, 0x4A, 0xB5, 0x08, 0xAA, 0xB1, 0x93, 0x63, 0x0D,
    0xE7, 0x2B, 0x61, 0x90, 0x08, 0x4B, 0xEC, 0x50, 0x38, 0xBC, 0xAB, 0x1C, 0xDE, 0xD1, 0x0E, 0xBB,
    0x13, 0x07, 0x65, 0x3C, 0x06, 0x1E, 0xF9, 0x8B, 0x0E, 0xF2, 0x1F, 0x0E, 0xD1, 0x0D, 0x07, 0x61,
    0x1D, 0x98, 0x63, 0x4C, 0x54, 0x93, 0x93, 0x4F, 0x91, 0x2C, 0xEA, 0xDF, 0xBE, 0x05, 0x45, 0xEA,
    0xAE, 0xDB, 0xCF, 0x60, 0x06, 0xE2, 0xD6, 0xF9, 0x0A, 0xA9, 0xC2, 0x89, 0x1F, 0x61, 0xC8, 0x61,
    0x8B, 0x1E, 0xE4, 0x5C, 0xBD, 0x0D, 0x33, 0xC7, 0xDD, 0xD7, 0xFC, 0x90, 0xBD, 0xC1, 0x29, 0x18,
    0xA4, 0x0A, 0x26, 0x88, 0x26, 0xA9, 0x60, 0x6C, 0x59, 0x2C, 0x15, 0x00, 0xB6, 0x01, 0x1A, 0x20,
    0xAC, 0x01, 0x51, 0x1E, 0xA6, 0x79, 0xA4, 0x01, 0xD9, 0x00, 0xDD, 0x2E, 0xB0, 0x19, 0x1F, 0x92,
    0xF9, 0x2A, 0xC0, 0x78, 0xB7, 0x84, 0x1B, 0x16, 0x28, 0xAF, 0x1E, 0x92, 0xEF, 0xDA, 0x0A, 0x30,
    0xCA, 0x81, 0x7E, 0x0A, 0xC0, 0x21, 0xF9, 0x42, 0x87, 0x76, 0x8F, 0x91, 0xFC, 0x83, 0x16, 0x37,
    0x14, 0x16, 0x76, 0x08, 0x6D, 0x19, 0xEF, 0xD6, 0x29, 0x4D, 0x46, 0x06, 0x00, 0xEB, 0x3E, 0x87,
    0xF6, 0x39, 0x6A, 0xA4, 0x12, 0x3E, 0x47, 0xEC, 0x73, 0xB4, 0x7C, 0x8E, 0xB6, 0xB7, 0xEB, 0x78,
    0x68, 0x1F, 0xA1, 0x72, 0x10, 0xCA, 0x9D, 0x46, 0x85, 0x83, 0xF4, 0x39, 0x8E, 0x3B, 0xE4, 0x1D,
    0x9F, 0x43, 0x63, 0x90, 0xF5, 0x32, 0x87, 0xB0, 0x16, 0xE4, 0x9D, 0x4D, 0x97, 0x25, 0x10, 0x29,
    0x20, 0xD0, 0x0B, 0x5B, 0x00, 0xC6, 0x33, 0x61, 0xEB, 0x64, 0xC2, 0xA0, 0x88, 0x2A, 0x4E, 0xE1,
    0x70, 0xFC, 0x81, 0xD1, 0x46, 0xD4, 0x64, 0x88, 0x09, 0x7D, 0xB0, 0xFE, 0xB6, 0x9A, 0xDB, 0x12,
    0x38, 0xCB, 0xF2, 0x48, 0xCA, 0xBB, 0x1E, 0xF5, 0xEA, 0x43, 0x35, 0x37, 0x80, 0xB0, 0x40, 0xFC,
    0x4A, 0x01, 0x2B, 0xA1, 0x3A, 0x1C, 0xF3, 0x27, 0xC3, 0x12, 0xE4, 0x8B, 0xCA, 0xE1, 0x05, 0x07,
    0xF8, 0x7F, 0xF8, 0xC6, 0x73, 0x1B, 0x59, 0x95, 0x4C, 0x02, 0x8B, 0xD0, 0xF4, 0x09, 0x27, 0x0C,
    0xC1, 0xA0, 0x61, 0x5B, 0x28, 0xC8, 0x85, 0xCF, 0xFC, 0x0A, 0x0E, 0xFF, 0x02, 0x84, 0x01, 0x3F,
    0xC6, 0x41, 0xDF, 0x03, 0xF3, 0x21, 0xB9, 0x55, 0x4E, 0xA5, 0xBF, 0xB3, 0x20, 0xB4, 0xD3, 0xCD,
    0x02, 0x61, 0xBD, 0x47, 0xA2, 0x84, 0xFE, 0xC2, 0x56, 0x0B, 0x9D, 0x2A, 0x61, 0xA7, 0x7E, 0xFC,
    0x5C, 0x51, 0xB3, 0x5C, 0x04, 0x90, 0x4E, 0xC1, 0xF8, 0x5B, 0x87, 0x50, 0xA2, 0x76, 0xAD, 0x12,
    0xFA, 0x7B, 0x55, 0xAC, 0xF3, 0xCA, 0x6A, 0xF1, 0x9E, 0x46, 0x5C, 0xAF, 0x9D, 0x34, 0xE2, 0xBD,
    0x06, 0x51, 0xD9, 0x52, 0x54, 0xA9, 0x16, 0x55, 0x68, 0x44, 0xC5, 0x48, 0x5C, 0x2F, 0x33, 0x71,
    0x5D, 0x65, 0xF1, 0xF5, 0xAA, 0x19, 0x5F, 0xB3, 0x35, 0x1C, 0x01, 0x88, 0xAB, 0x79, 0xDE, 0x37,
    0xE1, 0x38, 0x40, 0x38, 0x23, 0xB1, 0x75, 0x1E, 0xEA, 0xD3, 0x4C, 0x1E, 0x63, 0x02, 0x4D, 0x68,
    0x9B, 0xF4, 0xFD, 0x66, 0x8B, 0xC6, 0xEC, 0x75, 0xD1, 0x0C, 0x7E, 0x6D, 0x92, 0x66, 0x1C, 0x14,
    0x2C, 0xE6, 0xCB, 0x92, 0x53, 0xB0, 0xFE, 0x50, 0xD3, 0x67, 0x04, 0x16, 0xF1, 0x8E, 0x92, 0x54,
    0x0F, 0x3A, 0xDD, 0x75, 0x77, 0x7B, 0x74, 0x37, 0xC7, 0xA7, 0xE5, 0x03, 0xCF, 0x8D, 0xC2, 0x52,
    0xEE, 0xD6, 0xF2, 0x8F, 0x15, 0x3C, 0x78, 0xEC, 0x55, 0x02, 0x5B, 0x88, 0x5D, 0x25, 0x9E, 0x53,
    0xE2, 0x03, 0x85, 0x7D, 0xD0, 0x0A, 0x6E, 0x70, 0x70, 0x95, 0xC4, 0x7E, 0x62, 0x55, 0x1E, 0x5A,
    0xE1, 0xA6, 0x18, 0x3F, 0xC9, 0x60, 0xA0, 0xC1, 0x84, 0xD6, 0x5A, 0x93, 0xBE, 0x3F, 0xBB, 0xF2,
    0xAA, 0x9B, 0x8C, 0xBF, 0xBC, 0x84, 0x98, 0xF1, 0xFD, 0xC1, 0xC5, 0x8B, 0x1F, 0xE9, 0xC4, 0x44,
    0x56, 0xB9, 0x42, 0xAB, 0xB0, 0x53, 0x48, 0xAB, 0xD3, 0x60, 0xD2, 0x45, 0xF7, 0xB9, 0x34, 0x02,
    0xB3, 0xEC, 0x23, 0xD8, 0x82, 0x9C, 0x75, 0xF9, 0xB1, 0x16, 0xB6, 0xA2, 0x03, 0x39, 0x48, 0x45,
    0xAC, 0x82, 0x37, 0x0A, 0x17, 0x18, 0x88, 0x6A, 0x02, 0x0D, 0xFD, 0xC5, 0xEE, 0xB3, 0x43, 0x6C,
    0x2B, 0x57, 0xAD, 0x87, 0xE9, 0x33, 0x1A, 0x31, 0x72, 0x51, 0x66, 0x57, 0x5E, 0xDB, 0xAB, 0xD6,
    0x85, 0x9C, 0x35, 0xF9, 0xD1, 0xC4, 0x57, 0x5B, 0x05, 0x20, 0x9A, 0xEF, 0xFE, 0x69, 0x58, 0x7F,
    0xA8, 0xE9, 0x53, 0xC2, 0xBD, 0xDD, 0x0F, 0xAA, 0x07, 0x9D, 0xFE, 0xB8, 0xDF, 0xC1, 0x6A, 0xBE,
    0x83, 0x0F, 0x61, 0xBD, 0x4D, 0x42, 0xA4, 0x02, 0x05, 0x27, 0xCB, 0xBC, 0x8A, 0x2A, 0xF1, 0xB9,
    0x16, 0xEB, 0xB1, 0x9D, 0x0F, 0x6C, 0xC2, 0x5A, 0x94, 0x5F, 0x36, 0x4E, 0xD6, 0x89, 0xCE, 0xFA,
    0xC3, 0xD6, 0xFD, 0xC7, 0x6D, 0x3E, 0x6D, 0x7A, 0xA6, 0x0B, 0x5F, 0xEA, 0x4A, 0x54, 0xAE, 0x23,
    0x3E, 0xD3, 0x90, 0x97, 0x60, 0x15, 0xE1, 0xDB, 0x1A, 0x68, 0x60, 0xA7, 0x8F, 0xB4, 0x33, 0x52,
    0xC6, 0x74, 0xC9, 0x19, 0xCD, 0x95, 0x62, 0x16, 0xF2, 0xEF, 0xFB, 0xF4, 0x5C, 0xCB, 0x48, 0x7E,
    0xDF, 0xE0, 0xD7, 0xCB, 0x2A, 0x4E, 0x8B, 0x47, 0x8C, 0x1B, 0xF6, 0xF6, 0x03, 0xC6, 0xC9, 0xE7,
    0x1A, 0xF2, 0x77, 0x6D, 0x11, 0x19, 0xA9, 0x84, 0x8E, 0xAA, 0xC5, 0x0F, 0xCA, 0x3D, 0x15, 0x6B,
    0xA1, 0x07, 0x33, 0x31, 0x03, 0x10, 0x1A, 0x82, 0x09, 0xD0, 0x07, 0x56, 0x96, 0x5B, 0x50, 0x10,
    0x5B, 0xED, 0x93, 0xCC, 0x13, 0xF4, 0xEF, 0xCA, 0x76, 0x27, 0x5F, 0x46, 0xEE, 0x5A, 0x17, 0x39,
    0xCF, 0x57, 0xEF, 0x65, 0x5B, 0x16, 0x8D, 0x15, 0x48, 0xA0, 0x7D, 0x40, 0x35, 0xC7, 0x80, 0x2D,
    0x10, 0xD7, 0x15, 0x11, 0xFA, 0x91, 0x6B, 0x06, 0x05, 0xC4, 0xA6, 0x43, 0x6B, 0xAC, 0x79, 0x22,
    0xAE, 0x1E, 0xB9, 0x5E, 0x78, 0xA6, 0x22, 0xDE, 0xD5, 0x73, 0xC1, 0xC1, 0xAC, 0x39, 0x83, 0xAD,
    0x39, 0x01, 0x58, 0xFE, 0x8D, 0x19, 0x80, 0xB5, 0xFD, 0x1F, 0x1D, 0x81, 0x9D, 0x9F, 0x39, 0x27,
    0xB3, 0x70, 0x9A, 0xD1, 0x17, 0x96, 0x51, 0xE4, 0xCE, 0x5A, 0x4E, 0x99, 0xD3, 0xA6, 0x73, 0xD2,
    0x29, 0xB9, 0x72, 0x4E, 0xE5, 0x9E, 0x53, 0xE2, 0x9C, 0xB2, 0x85, 0x13, 0x06, 0xE8, 0x01, 0xF2,
    0xCE, 0xB3, 0xFA, 0xC9, 0xF2, 0x64, 0x39, 0x50, 0x03, 0x15, 0xBB, 0x16, 0x29, 0x71, 0x0F, 0xF9,
    0x16, 0x2B, 0x51, 0xCB, 0x4A, 0x4C, 0xFF, 0xAE, 0xB1, 0x1F, 0x4E, 0x39, 0xC2, 0xBE, 0xA2, 0xCB,
    0xFF, 0x86, 0x73, 0x30, 0x35, 0x65, 0x0D, 0x89, 0x86, 0xAC, 0x0F, 0x7A, 0xE5, 0xD1, 0x6B, 0x6E,
    0x3E, 0x0D, 0xA6, 0xB7, 0x27, 0x38, 0xB8, 0x75, 0x87, 0x1A, 0x84, 0x82, 0x16, 0x00, 0xFC, 0xF2,
    0xF2, 0xC9, 0xCB, 0x56, 0xE7, 0x3A, 0x71, 0x73, 0xA4, 0x8A, 0x0B, 0x47, 0x44, 0xDD, 0x22, 0xD4,
    0x6D, 0x98, 0x64, 0x60, 0x3A, 0xD0, 0x1F, 0x42, 0x4F, 0x43, 0x5A, 0x81, 0x54, 0x4E, 0xA5, 0x53,
    0xE1, 0x04, 0xF4, 0x80, 0x11, 0x3C, 0xA5, 0x21, 0x57, 0x30, 0x76, 0x92, 0x4E, 0xD1, 0x7E, 0xBD,
    0xDD, 0x10, 0xF9, 0x5F, 0x81, 0x46, 0xAA, 0x48, 0x8B, 0x3A, 0xAA, 0x84, 0x8E, 0x54, 0x78, 0xB7,
    0xFC, 0xB5, 0xDA, 0xC9, 0xBD, 0x8B, 0x66, 0x17, 0x95, 0x1B, 0x4F, 0xA4, 0xCE, 0xDE, 0x55, 0x47,
    0xD6, 0x30, 0x36, 0xC0, 0xE5, 0x35, 0x98, 0x8C, 0x9C, 0xFA, 0xC0, 0xD7, 0xB3, 0x8E, 0xFF, 0x01,
    0xBD, 0xD9, 0x01, 0xA4, 0x25, 0x59, 0x7A, 0xC0, 0xF1, 0xDF, 0xBD, 0x27, 0x3D, 0x35, 0x9B, 0xDA,
    0xF4, 0x59, 0x34, 0x1B, 0x7A, 0x67, 0x2F, 0xAC, 0x58, 0x93, 0x9E, 0xBD, 0x8B, 0x41, 0xC7, 0xDE,
    0xD7, 0x55, 0x33, 0x11, 0x8B, 0x60, 0x1B, 0x99, 0x1D, 0x04, 0xB3, 0x00, 0x06, 0x99, 0x21, 0x23,
    0x16, 0xAF, 0xFB, 0xDE, 0x10, 0x82, 0x20, 0x0F, 0x02, 0xC0, 0x20, 0x88, 0x0E, 0xBA, 0x31, 0x18,
    0xF2, 0xBA, 0xDF, 0xC9, 0x0E, 0x06, 0x83, 0xA9, 0x64, 0x13, 0xB0, 0x22, 0xC5, 0x66, 0xB3, 0xC9,
    0x6C, 0x64, 0xCF, 0xEE, 0xDE, 0xB1, 0xB7, 0x77, 0xEB, 0xBD, 0x93, 0x7A, 0xDD, 0x57, 0xEB, 0xC9,
    0x6E, 0x77, 0xCF, 0xEB, 0xEE, 0x6E, 0xF5, 0x7D, 0xFF, 0xBA, 0xF7, 0x28, 0xF7, 0xFC, 0xBF, 0xEF,
    0xA8, 0xBA, 0xA5, 0x4A, 0x53, 0x5A, 0xE6, 0xC7, 0x00, 0x93, 0x8C, 0xB0, 0x46, 0x18, 0x50, 0xED,
    0x23, 0x5E, 0xC0, 0xE9, 0x06, 0xE7, 0x66, 0x2D, 0x8B, 0x98, 0x78, 0xEB, 0x18, 0xB9, 0xEA, 0xF8,
    0xF8, 0xD5, 0x6C, 0x52, 0x4A, 0x16, 0xD2, 0x64, 0x23, 0xAC, 0x0C, 0x6A, 0xF6, 0x45, 0x2E, 0x9B,
    0xB7, 0x0E, 0xDA, 0x92, 0xAB, 0x92, 0x63, 0xE9, 0xEA, 0xD2, 0x61, 0x7A, 0x64, 0x56, 0xFA, 0x66,
    0x9A, 0xBF, 0x62, 0xFD, 0x1B, 0xD6, 0x6C, 0xA6, 0x65, 0x33, 0xFF, 0xD7, 0xCD, 0x25, 0x9B, 0xE1,
    0x76, 0x84, 0xCD, 0xF2, 0x4F, 0x86, 0xD9, 0xE6, 0x60, 0xD2, 0xF2, 0xA5, 0x80, 0x45, 0x8D, 0x58,
    0x50, 0x6D, 0x3C, 0x69, 0xD1, 0x53, 0xF6, 0xEA, 0x97, 0xBB, 0x50, 0x92, 0x23, 0x27, 0xD4, 0x7D,
    0x82, 0x56, 0xD8, 0x81, 0x6C, 0x3B, 0xC9, 0x34, 0x43, 0x49, 0x58, 0xA6, 0x13, 0x48, 0xBE, 0xDC,
    0x89, 0xCC, 0x98, 0x11, 0x07, 0xD5, 0x00, 0x5C, 0xC0, 0xC0, 0x24, 0x13, 0x56, 0xC0, 0xB2, 0x98,
    0xDE, 0x7C, 0x23, 0xD5, 0xA9, 0xEA, 0x67, 0x6D, 0xE8, 0x1A, 0x93, 0xF6, 0x02, 0x2E, 0xE1, 0xFA,
    0x36, 0x0F, 0xB7, 0xFB, 0x1B, 0x68, 0xB6, 0x39, 0x5F, 0x11, 0xBB, 0x49, 0x17, 0x8E, 0xAE, 0x26,
    0x07, 0x85, 0x49, 0x0B, 0xEA, 0x4E, 0x6C, 0xED, 0xF0, 0x22, 0xB8, 0xD1, 0xC6, 0x92, 0xE7, 0x93,
    0xF5, 0x8E, 0xBC, 0x6B, 0x6F, 0x9F, 0x61, 0x1B, 0xF6, 0xB9, 0x44, 0xE3, 0xC5, 0xF8, 0x51, 0x0E,
    0xA5, 0x73, 0x06, 0xA8, 0x32, 0x71, 0xC3, 0xCE, 0x0E, 0x6F, 0xD5, 0x4F, 0x44, 0xF1, 0x80, 0xD2,
    0x86, 0xEF, 0xA6, 0x5A, 0x7F, 0x62, 0xC5, 0xD0, 0x13, 0xF2, 0xED, 0x3D, 0x8F, 0x5F, 0x6F, 0x87,
    0xCB, 0xB7, 0xE8, 0xE1, 0xDA, 0xF7, 0xCE, 0x17, 0xB9, 0xB0, 0x4F, 0xCC, 0x54, 0xDD, 0xE3, 0xF7,
    0xA3, 0x7E, 0xA9, 0x0F, 0x3F, 0x4A, 0x0A, 0x97, 0x1E, 0x4E, 0xD1, 0xF9, 0x88, 0xF9, 0x2E, 0xE2,
    0x1A, 0x21, 0x03, 0x9A, 0x72, 0xC4, 0xD9, 0x5F, 0x5C, 0xED, 0x85, 0x3C, 0x1D, 0x46, 0xB8, 0x71,
    0x8C, 0xE6, 0x18, 0xF3, 0x76, 0xC4, 0x6C, 0x35, 0x22, 0xA6, 0x5F, 0xC5, 0x6C, 0xB5, 0x3D, 0x44,
    0x63, 0xC4, 0xE5, 0x11, 0x93, 0x41, 0xF5, 0xF1, 0x1B, 0x59, 0x53, 0x4A, 0x4B, 0x28, 0x33, 0x96,
    0x2F, 0xD0, 0x2C, 0x68, 0x5E, 0xA4, 0x31, 0xB9, 0xD9, 0x88, 0xE5, 0x40, 0xF3, 0x52, 0x71, 0xC1,
    0xD2, 0xAE, 0xC6, 0xBE, 0xC6, 0x60, 0x9B, 0xDB, 0xEF, 0xC7, 0xE3, 0x8D, 0x62, 0xF6, 0xA3, 0x1F,
    0xB7, 0x55, 0x99, 0x67, 0x9F, 0xFB, 0xF4, 0xA6, 0x4D, 0xC9, 0x31, 0x7D, 0xFE, 0xE3, 0x8B, 0x27,
    0x32, 0xC5, 0x12, 0x0D, 0x4D, 0xC9, 0x34, 0x68, 0x54, 0xA5, 0x19, 0x0D, 0x8A, 0x46, 0x71, 0xE9,
    0xBE, 0xA6, 0x07, 0xE6, 0xA3, 0x69, 0xBD, 0x35, 0x55, 0x8E, 0x38, 0x38, 0x04, 0x4D, 0x29, 0xFD,
    0xD9, 0x5F, 0xFC, 0x7D, 0x0E, 0xD9, 0x36, 0x5D, 0x1C, 0xD3, 0x9D, 0x2C, 0x45, 0xF8, 0xF8, 0x15,
    0x21, 0xBB, 0x3B, 0xCF, 0x8C, 0x79, 0x7E, 0xCC, 0x6F, 0x57, 0x1F, 0x7F, 0x73, 0xD3, 0x94, 0xB2,
    0x8E, 0xA5, 0xAF, 0x4B, 0x07, 0x37, 0x8C, 0x1F, 0xC6, 0xB5, 0xBF, 0x60, 0xD8, 0xB5, 0xBF, 0x6F,
    0xBF, 0x94, 0xE1, 0xE8, 0xCA, 0xDF, 0x0D, 0xEC, 0xB3, 0x43, 0xE3, 0xCB, 0xF1, 0x3F, 0xD7, 0xDB,
    0xB5, 0xDF, 0x7B, 0x96, 0x6B, 0xE7, 0x68, 0x06, 0x62, 0xFF, 0x58, 0x8D, 0x9E, 0xB1, 0x57, 0xBF,
    0xB4, 0xBD, 0x98, 0x9F, 0xD8, 0x2B, 0x24, 0xAA, 0x9E, 0xD0, 0xC1, 0x63, 0xF5, 0xB2, 0xCB, 0x75,
    0xC7, 0x74, 0x52, 0xAF, 0xC7, 0xE7, 0xA0, 0x6E, 0x59, 0x60, 0x77, 0x9B, 0x4D, 0x66, 0x96, 0x4F,
    0x20, 0x33, 0x63, 0xC1, 0xEE, 0xED, 0xD1, 0xAC, 0xEA, 0x41, 0x7E, 0x81, 0x9D, 0x0D, 0xB3, 0x4C,
    0x4C, 0x8F, 0xB7, 0x6F, 0x1C, 0xFF, 0x39, 0x7F, 0x6F, 0xA5, 0x70, 0xFD, 0xE4, 0x4B, 0x0A, 0xC2,
    0x06, 0xD5, 0x80, 0x38, 0xC3, 0x22, 0xB4, 0x80, 0x79, 0xE9, 0x4C, 0x8E, 0xFE, 0x78, 0xAD, 0xEE,
    0x26, 0x83, 0xB8, 0xB2, 0xD1, 0x70, 0x51, 0x03, 0x97, 0xE1, 0xFA, 0x5D, 0x38, 0xF5, 0xCA, 0x88,
    0x58, 0xDA, 0xCB, 0x26, 0x83, 0x86, 0xCD, 0x6D, 0xCC, 0x56, 0x23, 0x62, 0x37, 0x22, 0x1C, 0xFD,
    0xC1, 0x86, 0x65, 0xE9, 0x71, 0x11, 0xD0, 0xA0, 0x24, 0xD3, 0xEF, 0xF7, 0x42, 0x7B, 0x0D, 0xB8,
    0xF1, 0x8D, 0x14, 0x4A, 0x49, 0x71, 0xB5, 0x6E, 0xA3, 0xC1, 0xCC, 0xFE, 0xAD, 0x8C, 0xED, 0xA0,
    0xFE, 0xC7, 0x6C, 0x5A, 0x3A, 0xE1, 0x2F, 0x88, 0x88, 0x57, 0xF6, 0x84, 0x72, 0xA8, 0x2E, 0xC5,
    0x8E, 0xD8, 0xEE, 0x8A, 0xAB, 0xFD, 0x5B, 0xFB, 0x99, 0xE6, 0x95, 0x41, 0x5D, 0x7A, 0xCE, 0x4C,
    0xF1, 0x42, 0x8D, 0x58, 0xB6, 0xE5, 0x3E, 0x8D, 0xFA, 0x82, 0x6F, 0x09, 0xE9, 0xB6, 0xAF, 0x83,
    0xF6, 0xC9, 0xD4, 0x66, 0x8D, 0xC9, 0x06, 0xD6, 0xE0, 0xE9, 0xD4, 0xE6, 0x02, 0x9A, 0xED, 0x9E,
    0x27, 0x54, 0xDB, 0x53, 0xA8, 0xC3, 0xDB, 0x98, 0x66, 0x84, 0x0E, 0x21, 0x61, 0x0A, 0x10, 0x5A,
    0x22, 0x66, 0x98, 0x3F, 0xC9, 0x22, 0x1D, 0x61, 0x52, 0x10, 0xDE, 0x4F, 0xD4, 0x7A, 0xA0, 0x29,
    0x93, 0x32, 0x9C, 0xBD, 0x69, 0xF9, 0x2F, 0x21, 0x8B, 0xAB, 0x7B, 0xA3, 0x94, 0xB2, 0x1A, 0xAF,
    0x17, 0xAF, 0xAD, 0xEE, 0x7F, 0x5C, 0xB5, 0x31, 0xEF, 0x9A, 0xF2, 0x72, 0x19, 0x40, 0xEC, 0x98,
    0x67, 0x16, 0xBB, 0xF4, 0xCF, 0x81, 0x83, 0x44, 0x4C, 0x54, 0x77, 0xE7, 0x77, 0x36, 0xAA, 0x7F,
    0x2F, 0xAA, 0xCD, 0x2C, 0x55, 0x7D, 0x9D, 0xAA, 0xAE, 0x4A, 0x55, 0x0A, 0xF7, 0xCA, 0x2E, 0xF6,
    0x21, 0x1F, 0x0C, 0x61, 0xF8, 0x75, 0xF6, 0x4D, 0x29, 0x65, 0xF8, 0xDD, 0x5F, 0x5C, 0xB9, 0xFA,
    0x5F, 0x8F, 0x62, 0x7F, 0xB7, 0x65, 0x29, 0x9D, 0xBA, 0xDB, 0x9A, 0x7E, 0x70, 0xA4, 0xFA, 0xDF,
    0x83, 0x55, 0x95, 0xE3, 0xD6, 0xB2, 0x7A, 0xA0, 0xE5, 0x29, 0x9A, 0x7F, 0x4A, 0x3F, 0x2F, 0x69,
    0x6F, 0x09, 0x4D, 0x31, 0x2A, 0x87, 0xFC, 0x69, 0xA3, 0xDA, 0x68, 0x4A, 0x7B, 0x8A, 0xA6, 0xEF,
    0xFE, 0xAC, 0xA4, 0x8B, 0x0D, 0xFC, 0xE6, 0xDB, 0xE2, 0xDA, 0x64, 0xCD, 0xBD, 0x63, 0x3A, 0x98,
    0x97, 0xD4, 0x14, 0x4D, 0x79, 0xF8, 0x79, 0xCB, 0x61, 0x19, 0x78, 0x7E, 0xD5, 0x74, 0x55, 0x17,
    0x7E, 0x65, 0xAB, 0xF3, 0x41, 0xF9, 0x52, 0xB0, 0x88, 0x66, 0x47, 0xAA, 0xCD, 0xC3, 0x4F, 0xB3,
    0xF7, 0xEC, 0xB5, 0x73, 0xCD, 0x10, 0xFB, 0xFB, 0x4F, 0xF5, 0x70, 0xBF, 0x3D, 0xE9, 0x55, 0x49,
    0x6C, 0x6F, 0xC5, 0xA1, 0x30, 0x46, 0xAA, 0xFB, 0xD0, 0x71, 0xFF, 0xD9, 0xA6, 0x5D, 0x34, 0x33,
    0x13, 0x87, 0x6A, 0x98, 0x66, 0x21, 0x1B, 0xC9, 0xC3, 0x17, 0x79, 0xFF, 0xD2, 0xE6, 0x25, 0x9D,
    0xBD, 0x59, 0x1D, 0x0A, 0x79, 0xB2, 0x7E, 0x74, 0x54, 0x9B, 0x11, 0x4D, 0x79, 0x69, 0x8D, 0xC9,
    0x1D, 0x4C, 0x33, 0x42, 0xC6, 0x2C, 0xE1, 0x88, 0x90, 0xAA, 0x54, 0xF7, 0x31, 0x8D, 0x16, 0x09,
    0x6E, 0x37, 0xE5, 0xD8, 0x74, 0x99, 0xAA, 0x71, 0x2C, 0x74, 0xD5, 0x03, 0xB3, 0xCE, 0x55, 0x3A,
    0x28, 0x77, 0x9F, 0xD0, 0x75, 0x22, 0xAE, 0x58, 0x32, 0xD9, 0x80, 0x41, 0x28, 0xAA, 0x0F, 0x56,
    0xA7, 0x27, 0x09, 0xB1, 0xA4, 0x67, 0x8E, 0x5A, 0x83, 0x87, 0x89, 0x8D, 0x49, 0x76, 0xB6, 0xB7,
    0x6C, 0x21, 0x64, 0x71, 0xF0, 0x95, 0x1D, 0x2F, 0xD6, 0xDB, 0x13, 0x63, 0x96, 0x4D, 0xB3, 0xC9,
    0xA7, 0x8B, 0x69, 0x16, 0x7A, 0xB3, 0xE4, 0x32, 0x4D, 0x09, 0xC7, 0x6B, 0xE0, 0x48, 0xC8, 0xD6,
    0x23, 0xA6, 0xFD, 0x88, 0x6A, 0x35, 0x62, 0x66, 0xC4, 0xE2, 0x18, 0x99, 0xF0, 0xB3, 0x35, 0xA1,
    0x0C, 0x84, 0xE1, 0x80, 0x90, 0x9B, 0xD5, 0x88, 0xD8, 0x8D, 0xA8, 0xF2, 0x88, 0x30, 0x8C, 0x70,
    0x74, 0x6B, 0xD5, 0x57, 0x4D, 0x69, 0x63, 0x06, 0xFC, 0x2D, 0xAC, 0x21, 0x63, 0xD2, 0x1D, 0x63,
    0x75, 0x8F, 0x4B, 0x62, 0x7A, 0x7D, 0x6F, 0xEC, 0x6A, 0x5F, 0xA5, 0x46, 0x95, 0x76, 0xC7, 0xCC,
    0xAA, 0xF7, 0x92, 0xEA, 0xC3, 0x31, 0x4B, 0xAF, 0xFA, 0xE9, 0x5A, 0x95, 0x86, 0x31, 0x2F, 0x8F,
    0xD9, 0xB4, 0xB1, 0x8F, 0xDD, 0xF1, 0xC5, 0x06, 0x4C, 0x57, 0xDB, 0x25, 0x68, 0x89, 0x78, 0x96,
    0xD7, 0x57, 0xAF, 0xEF, 0x2D, 0xC7, 0xDF, 0xAB, 0x1F, 0xE6, 0xF7, 0xE6, 0x2D, 0x3B, 0x58, 0xA3,
    0x03, 0x9A, 0xC2, 0xD8, 0x2A, 0x21, 0x7F, 0xEA, 0xDC, 0xDE, 0x5B, 0xDA, 0xDE, 0x5F, 0xBE, 0xB2,
    0xBD, 0xBF, 0x74, 0xDD, 0x3A, 0x74, 0x15, 0x4A, 0x8A, 0xA9, 0xBA, 0xEF, 0x16, 0xFB, 0x72, 0xF4,
    0x18, 0x67, 0x66, 0xBA, 0x47, 0xD8, 0x5E, 0xDB, 0x6B, 0x9C, 0xFA, 0xB4, 0x16, 0x4C, 0x57, 0x75,
    0x8A, 0x6D, 0xF4, 0xAC, 0xA6, 0x84, 0xEE, 0xEC, 0xCD, 0x90, 0x42, 0x0E, 0xAB, 0x90, 0xAB, 0x87,
    0x36, 0x2A, 0xEF, 0x75, 0xF1, 0xBD, 0x54, 0xBD, 0xDF, 0x56, 0x1F, 0xA8, 0xD2, 0xA7, 0x8A, 0xD8,
    0x2B, 0x47, 0x0F, 0x58, 0x8C, 0xD0, 0x8D, 0x52, 0xF9, 0x78, 0xFF, 0x40, 0x81, 0x24, 0xDE, 0x6B,
    0xAE, 0xEF, 0xF4, 0xD5, 0x7B, 0x79, 0x8C, 0x13, 0x0A, 0x5C, 0x13, 0x7E, 0xDE, 0x09, 0x47, 0x84,
    0xCC, 0x3C, 0xF3, 0xB5, 0xFB, 0x08, 0x2C, 0xFB, 0xBA, 0x0F, 0x77, 0x6F, 0x3F, 0x0C, 0x47, 0x21,
    0xCF, 0xFB, 0xAF, 0xDD, 0x19, 0xA9, 0xD7, 0xCB, 0x02, 0xA8, 0x3B, 0xC4, 0x16, 0x3B, 0xF0, 0x26,
    0xA0, 0xC9, 0xCA, 0xFA, 0xEC, 0xC6, 0x6B, 0x5D, 0x18, 0x44, 0xA1, 0xA8, 0x47, 0xB4, 0x23, 0x3E,
    0x4C, 0x23, 0xDE, 0xCF, 0x23, 0xDE, 0x5B, 0x8F, 0x48, 0xC3, 0x31, 0x96, 0xC7, 0x68, 0xFE, 0x70,
    0x44, 0xFC, 0x60, 0x44, 0xF5, 0xA3, 0x11, 0xA1, 0x8C, 0x70, 0x0B, 0x07, 0xAA, 0x5E, 0xA3, 0x39,
    0x14, 0x01, 0x97, 0x31, 0x30, 0xE9, 0x09, 0x2B, 0xF0, 0xFC, 0xCB, 0x1B, 0xCD, 0x87, 0xA5, 0xAD,
    0x86, 0x98, 0x42, 0xAE, 0xBA, 0x5B, 0xA6, 0xDD, 0xBD, 0xB3, 0xCE, 0x21, 0x2F, 0x8F, 0xC2, 0xD1,
    0x93, 0x36, 0xF5, 0x65, 0xD8, 0x85, 0x77, 0x21, 0xC3, 0xDE, 0xC3, 0xFB, 0x82, 0xC9, 0xF6, 0x8C,
    0x09, 0x89, 0xAA, 0xE5, 0x19, 0x80, 0xEA, 0xA5, 0x9E, 0xF0, 0xC3, 0x84, 0x02, 0x97, 0x9F, 0xCE,
    0x7A, 0x9C, 0x8F, 0xCC, 0x77, 0x89, 0x6B, 0x42, 0x7E, 0xA4, 0xF5, 0xD8, 0x81, 0x03, 0x68, 0x20,
    0x42, 0x7C, 0xFD, 0x99, 0xB5, 0xC5, 0xC1, 0xD5, 0x22, 0xC7, 0xF5, 0xBC, 0x15, 0x53, 0x4C, 0xB6,
    0xA8, 0x1F, 0x84, 0x59, 0x57, 0x77, 0xCA, 0x50, 0x0F, 0xBF, 0xB6, 0x07, 0x3F, 0x5E, 0x7D, 0xA2,
    0x07, 0xDF, 0xD9, 0x7C, 0xB2, 0x07, 0xF3, 0xBF, 0xBA, 0xD3, 0x83, 0x5F, 0x8E, 0x98, 0xDE, 0xE9,
    0x81, 0xA5, 0xAA, 0x37, 0xBF, 0xD3, 0x83, 0x1A, 0xE2, 0x27, 0x71, 0x09, 0xD3, 0xF5, 0xC3, 0x74,
    0xA2, 0x1F, 0x3B, 0xD1, 0x73, 0x2B, 0xBB, 0xDB, 0x59, 0x27, 0x66, 0x2D, 0x87, 0x2C, 0x8B, 0x11,
    0x47, 0x60, 0xFB, 0x29, 0xDC, 0x7C, 0xAD, 0x13, 0xD3, 0x74, 0x6D, 0xD6, 0x1A, 0x34, 0x5C, 0x72,
    0x81, 0xC6, 0xF5, 0x3B, 0x18, 0xB6, 0xB8, 0x7B, 0xEC, 0x02, 0xCD, 0xED, 0x83, 0xE7, 0x0C, 0x62,
    0x9A, 0xAC, 0x85, 0xCD, 0xAC, 0xE3, 0xA0, 0x60, 0xD2, 0x52, 0x97, 0xAC, 0x2A, 0x3D, 0x70, 0xA3,
    0xBD, 0xF5, 0x7D, 0x6E, 0x70, 0xC1, 0x85, 0xED, 0x33, 0xC2, 0xB9, 0xE1, 0xAE, 0x3C, 0xFE, 0xBE,
    0xD0, 0x68, 0xEC, 0x88, 0x7F, 0xBE, 0x11, 0x4A, 0xCF, 0x19, 0x7C, 0xF5, 0x19, 0x9C, 0x8F, 0x68,
    0x06, 0xD4, 0xEB, 0xA7, 0xE3, 0x3F, 0xF5, 0x2D, 0x61, 0xD5, 0x0B, 0x25, 0x71, 0xE0, 0xD1, 0xEB,
    0x00, 0xF1, 0xFD, 0x9E, 0x59, 0x4C, 0xEC, 0xCC, 0x71, 0xED, 0xFC, 0xD3, 0x29, 0x06, 0x0C, 0x97,
    0x4D, 0xF2, 0x20, 0xFC, 0x73, 0x56, 0x87, 0xD5, 0x63, 0x2A, 0xC8, 0xB2, 0x94, 0x92, 0x46, 0xF3,
    0x8F, 0xAE, 0xA6, 0x98, 0xAA, 0x2E, 0xA4, 0x59, 0x5B, 0x75, 0x93, 0xD4, 0xA8, 0x3A, 0xAB, 0x0B,
    0xC7, 0x74, 0xFD, 0x2E, 0x0E, 0xAA, 0x72, 0x78, 0xCC, 0x1F, 0xFC, 0xD1, 0x27, 0xC6, 0x6F, 0x1F,
    0xD9, 0x1C, 0xF3, 0x73, 0xF3, 0x63, 0x5E, 0x8B, 0x69, 0x64, 0x0E, 0x9B, 0xB3, 0x3F, 0x78, 0x35,
    0x3B, 0x28, 0xA5, 0x64, 0x93, 0xF6, 0xB6, 0xF3, 0x7C, 0x4F, 0x5D, 0x7E, 0x52, 0x06, 0x73, 0xA5,
    0x3B, 0xF6, 0x6E, 0xD2, 0xFC, 0xD8, 0xBD, 0x9D, 0xB5, 0xC7, 0xB6, 0xB1, 0x1D, 0xCC, 0x4B, 0x59,
    0x8D, 0xBC, 0x72, 0xC5, 0x48, 0x8C, 0xE3, 0x2D, 0x0B, 0x4D, 0xA2, 0x19, 0x59, 0x8D, 0xB5, 0xFC,
    0xFC, 0xE6, 0x81, 0x50, 0xBA, 0x83, 0x0D, 0x67, 0x4C, 0x00, 0x0C, 0x98, 0x64, 0x84, 0x84, 0x1A,
    0xA0, 0x29, 0x37, 0x39, 0xFB, 0xF1, 0x41, 0x12, 0x72, 0xD5, 0x8F, 0x08, 0xF9, 0xD7, 0xA0, 0x1B,
    0x31, 0x5B, 0x6D, 0x6F, 0x30, 0xF3, 0x2D, 0x2C, 0x8F, 0xD1, 0xB4, 0x23, 0x62, 0x1A, 0x51, 0xDF,
    0x3A, 0xEE, 0xD6, 0x4D, 0xFE, 0xA1, 0xA6, 0xB4, 0xCB, 0x15, 0xC4, 0xB4, 0x7D, 0xDF, 0xF3, 0xE6,
    0xED, 0x8B, 0xE0, 0xBA, 0xF9, 0xF0, 0xB0, 0xFA, 0x9F, 0x4B, 0x21, 0x2F, 0x42, 0x16, 0x7A, 0xA1,
    0xFB, 0xFF, 0x51, 0x67, 0x4D, 0x79, 0xC2, 0x56, 0x4C, 0xF6, 0x3E, 0xF1, 0xF0, 0xA3, 0x6A, 0xF1,
    0xCC, 0x89, 0x0C, 0x31, 0x5D, 0xA9, 0x92, 0x7A, 0x25, 0xF2, 0x19, 0x80, 0xBC, 0xC0, 0x62, 0x8D,
    0x59, 0x46, 0x4C, 0x4F, 0xA3, 0xCF, 0x31, 0xA4, 0xF0, 0x61, 0x3B, 0x3D, 0x62, 0x70, 0xD2, 0x2A,
    0xC4, 0x64, 0x76, 0x67, 0x8D, 0x54, 0x25, 0xCD, 0xFF, 0x72, 0xBD, 0x63, 0xD8, 0xF7, 0xEE, 0x3E,
    0x63, 0x34, 0x34, 0xBD, 0xBA, 0x98, 0x94, 0x5E, 0xDC, 0x98, 0x0C, 0x5C, 0x7A, 0xD3, 0xCE, 0xDA,
    0x62, 0xB0, 0x7F, 0x79, 0x9A, 0x67, 0x25, 0xB9, 0x08, 0x1A, 0x76, 0xC9, 0x26, 0x09, 0xA6, 0x1B,
    0xCD, 0x41, 0xBB, 0x5F, 0xA7, 0x75, 0xD5, 0x0E, 0x2C, 0x5B, 0xCD, 0x5A, 0x55, 0x58, 0x26, 0x75,
    0xBA, 0x16, 0x52, 0x0E, 0x69, 0x88, 0xAB, 0xE6, 0xC8, 0xA4, 0x05, 0xE3, 0x87, 0xD2, 0x86, 0xF7,
    0x53, 0xAD, 0x7F, 0x44, 0x93, 0xB0, 0x51, 0x1D, 0x8A, 0x33, 0xE7, 0xC2, 0xEA, 0xA4, 0x26, 0x0F,
    0x3F, 0xF5, 0x3B, 0xDC, 0x20, 0x12, 0x4D, 0xDF, 0x10, 0x86, 0x13, 0xCC, 0x1B, 0x92, 0xE9, 0x86,
    0x5D, 0x16, 0x3E, 0x33, 0x88, 0x19, 0x8E, 0xDF, 0x5A, 0x7C, 0x2F, 0x29, 0x5C, 0x7F, 0xD4, 0xA5,
    0x59, 0xD4, 0x6D, 0xBC, 0xAC, 0x1A, 0x84, 0x7C, 0xE2, 0xA5, 0x59, 0x96, 0x32, 0xDC, 0xB8, 0xFA,
    0xD1, 0xF0, 0x4E, 0x4C, 0x8B, 0x6B, 0x63, 0x7E, 0x2B, 0xA6, 0xDF, 0x16, 0x93, 0x4F, 0x9D, 0xB3,
    0xDE, 0xA4, 0x1C, 0x11, 0x50, 0x65, 0xAC, 0x6F, 0xE7, 0xEF, 0x64, 0x9A, 0xCE, 0xA4, 0x15, 0xD2,
    0x71, 0xCC, 0x3E, 0x72, 0x50, 0xC4, 0x74, 0xCF, 0xA8, 0x93, 0xAA, 0x17, 0x4A, 0xEB, 0x1D, 0x0E,
    0x99, 0x11, 0x4D, 0x97, 0xC2, 0x00, 0xE4, 0x73, 0x2C, 0xD6, 0x77, 0xBF, 0x74, 0x78, 0x8C, 0xF2,
    0x9D, 0x90, 0x26, 0x5F, 0x6F, 0xC3, 0x07, 0x27, 0x54, 0x3D, 0xF3, 0x40, 0x87, 0x67, 0xAE, 0x7E,
    0xB4, 0x8A, 0xA5, 0xA4, 0x07, 0x39, 0xDC, 0xAB, 0x51, 0xF3, 0xFF, 0xB6, 0x3C, 0xBA, 0xE7, 0xEC,
    0x26, 0x30, 0xCF, 0x99, 0xDF, 0x2B, 0x1D, 0x5F, 0x9D, 0xAF, 0x80, 0x83, 0xA3, 0x50, 0xFA, 0xD9,
    0xDA, 0xB2, 0xAD, 0x3A, 0x2F, 0x18, 0xF1, 0x85, 0x13, 0xE3, 0x9C, 0xD0, 0x5B, 0x08, 0x6B, 0xBB,
    0x94, 0x57, 0x33, 0x4D, 0x59, 0xE1, 0x22, 0xCE, 0xA0, 0xFC, 0xBE, 0xE9, 0xF7, 0x8A, 0x69, 0x3B,
    0xDC, 0x79, 0x8C, 0xB3, 0x4C, 0xCB, 0x54, 0xA7, 0xFA, 0x3E, 0x4F, 0x53, 0x8F, 0xB7, 0x3A, 0x85,
    0x3E, 0x76, 0xE1, 0xF0, 0x1F, 0xB2, 0xF2, 0xFD, 0x43, 0xA7, 0x10, 0x4B, 0xDA, 0xE2, 0x69, 0xD8,
    0x97, 0x43, 0xCA, 0x63, 0xB0, 0xFE, 0xEC, 0x64, 0xC5, 0xE9, 0x70, 0x4B, 0x1D, 0xD3, 0x43, 0x4F,
    0xC7, 0x7F, 0xEF, 0xB3, 0xE4, 0xED, 0x0B, 0xD5, 0x59, 0xFF, 0xE8, 0x75, 0xB8, 0x88, 0x70, 0x84,
    0x58, 0x23, 0x86, 0x96, 0xFA, 0x1B, 0x08, 0x4F, 0xAB, 0xA2, 0x49, 0x4B, 0x93, 0x79, 0xEB, 0x3C,
    0x6F, 0x2E, 0x38, 0xFF, 0xED, 0xC7, 0x54, 0x19, 0xB6, 0xFF, 0xB6, 0xDF, 0xCD, 0xC4, 0xAF, 0x27,
    0x9E, 0x8B, 0x4F, 0xA9, 0x28, 0x88, 0x1F, 0x26, 0x4D, 0x6C, 0xED, 0xEE, 0x90, 0xDF, 0x7A, 0xE4,
    0x82, 0x96, 0x65, 0x5A, 0xF2, 0xEC, 0x63, 0xCB, 0x36, 0xF4, 0xBE, 0x68, 0xC4, 0xE9, 0x13, 0xE3,
    0x39, 0x21, 0x3B, 0x67, 0xBA, 0xB6, 0xA0, 0x7C, 0x33, 0x33, 0x2F, 0x09, 0x6B, 0x4C, 0x3B, 0x84,
    0x74, 0x07, 0x05, 0xCA, 0xA3, 0x38, 0x47, 0x2C, 0xF0, 0x2E, 0x36, 0x58, 0xF6, 0xCC, 0x7B, 0x00,
    0x06, 0xEE, 0x4C, 0xA4, 0xFA, 0x60, 0x05, 0xA7, 0x27, 0x09, 0x40, 0x19, 0xBC, 0xA5, 0xE4, 0xF9,
    0x7F, 0x18, 0xBC, 0xB1, 0x17, 0x93, 0x41, 0x54, 0x77, 0x93, 0xC3, 0x5B, 0xC5, 0x84, 0xE2, 0x05,
    0x21, 0x87, 0x1F, 0x5B, 0x98, 0xE6, 0xF0, 0x5A, 0xBB, 0x30, 0xD9, 0xD4, 0x71, 0xF5, 0x16, 0x43,
    0x8C, 0x29, 0x33, 0x9C, 0xAE, 0x53, 0xE6, 0xD2, 0x73, 0xA1, 0xEB, 0x69, 0xCE, 0x85, 0x9F, 0x76,
    0x34, 0x8B, 0xE9, 0xCF, 0x12, 0xF3, 0xF3, 0x93, 0xE3, 0x5D, 0xBC, 0xE6, 0x97, 0x2D, 0x31, 0x2B,
    0xA8, 0xB3, 0x25, 0xAA, 0xCE, 0x05, 0x00, 0xE6, 0x09, 0x9A, 0x0E, 0xD6, 0x19, 0xD3, 0xB4, 0x00,
    0xB8, 0xF2, 0xF6, 0x29, 0xAF, 0xEF, 0x95, 0x1C, 0x1D, 0x74, 0xB3, 0xD5, 0x6C, 0x15, 0xC5, 0x55,
    0x93, 0x7E, 0x4B, 0x4C, 0x5F, 0xEB, 0xBE, 0xA0, 0x4A, 0x7F, 0xDA, 0x2F, 0x84, 0xEE, 0x27, 0xF9,
    0xBC, 0x90, 0xBB, 0xF5, 0x9B, 0xA6, 0x3F, 0x49, 0x9B, 0xCC, 0xCF, 0xD2, 0x7E, 0x6F, 0x9C, 0x78,
    0x27, 0x51, 0x34, 0x89, 0xA5, 0xF9, 0x8A, 0x1D, 0xB1, 0x7D, 0xC0, 0x8B, 0xEC, 0xA6, 0x54, 0x25,
    0xCD, 0xD6, 0x93, 0x22, 0x64, 0xBB, 0xA6, 0x6B, 0xD7, 0x18, 0x64, 0x2E, 0x87, 0x44, 0x13, 0x56,
    0xC4, 0xBF, 0x46, 0xFC, 0x37, 0x84, 0x01, 0xD3, 0xF5, 0x31, 0xF2, 0x3D, 0x10, 0x06, 0x34, 0x25,
    0x01, 0x31, 0xD1, 0x64, 0xDE, 0x5D, 0xD3, 0x9D, 0x03, 0xAF, 0xBF, 0xFD, 0xFC, 0xDB, 0x25, 0x37,
    0x79, 0x96, 0xEA, 0x14, 0x53, 0xDD, 0x8E, 0x14, 0xFA, 0xD3, 0xA6, 0xF9, 0x1C, 0xEB, 0x05, 0xC3,
    0x79, 0x76, 0xAF, 0x71, 0x21, 0x33, 0xEF, 0x88, 0x89, 0xB8, 0x22, 0xB6, 0x44, 0x5C, 0xC0, 0x3E,
    0x9F, 0xCF, 0x34, 0x09, 0x9F, 0xA9, 0xD0, 0xC4, 0xC4, 0x3C, 0xAE, 0xC0, 0x53, 0x29, 0xCD, 0x40,
    0xC8, 0x54, 0x89, 0xD3, 0xC0, 0xBC, 0x94, 0x6E, 0x7E, 0xE5, 0x6A, 0x5A, 0x98, 0xAF, 0x16, 0x1A,
    0x67, 0x1C, 0x32, 0xD9, 0x1E, 0x57, 0xF7, 0xDB, 0x76, 0xB4, 0x2C, 0x31, 0x30, 0xDD, 0x10, 0xB2,
    0x8B, 0xB1, 0x93, 0x67, 0x49, 0x6E, 0xFE, 0xE6, 0xD5, 0xDC, 0x94, 0x92, 0x21, 0x26, 0x73, 0x16,
    0x5C, 0x83, 0xE7, 0xAF, 0xBC, 0x7D, 0x50, 0xF2, 0x3B, 0x21, 0x5F, 0xBB, 0x7D, 0x1F, 0xDE, 0x30,
    0x98, 0xAC, 0x85, 0xEC, 0xD6, 0xC0, 0x8B, 0x8D, 0x17, 0x8F, 0xAE, 0xAC, 0x4B, 0x59, 0xAB, 0x12,
    0x31, 0x51, 0x27, 0x3C, 0x66, 0xAF, 0x7D, 0x06, 0xC7, 0x74, 0x42, 0x29, 0xC8, 0x0B, 0x16, 0x6B,
    0xE6, 0x99, 0x98, 0x1E, 0xAF, 0x18, 0x71, 0x9A, 0xC2, 0x87, 0xAB, 0x49, 0x61, 0x38, 0xA1, 0xDB,
    0x29, 0x0E, 0xD6, 0xD3, 0x3C, 0x84, 0xEE, 0x5A, 0x95, 0x4E, 0xF2, 0xF8, 0xBA, 0xF8, 0x3F, 0xCD,
    0x99, 0x31, 0xAC, 0x1C, 0xC7, 0x79, 0xC7, 0x7F, 0xBB, 0x63, 0x69, 0x12, 0x6E, 0xC4, 0x61, 0xC1,
    0x00, 0x41, 0x28, 0x69, 0x53, 0x1A, 0x04, 0xE9, 0x53, 0xA1, 0x82, 0xC5, 0xDD, 0x9B, 0xA5, 0x82,
    0xC0, 0x85, 0x0A, 0xA9, 0x08, 0xED, 0xC2, 0x08, 0xE4, 0xD6, 0x2A, 0x4C, 0x21, 0x60, 0xA1, 0xE2,
    0x1E, 0x6F, 0x15, 0x05, 0x50, 0xCB, 0x54, 0x29, 0xA3, 0x42, 0x85, 0xF3, 0x54, 0x88, 0x85, 0x0A,
    0x02, 0x39, 0xF2, 0x26, 0x64, 0xA1, 0x22, 0x05, 0x37, 0x4E, 0x9C, 0x14, 0x2A, 0xB4, 0x48, 0x00,
    0x17, 0x56, 0x00, 0x4F, 0xAC, 0x25, 0xB2, 0x54, 0xE6, 0xDD, 0x97, 0x99, 0xDD, 0x7B, 0x47, 0x86,
    0xF2, 0x83, 0x48, 0x91, 0x7C, 0xF2, 0xDC, 0x7E, 0xBF, 0x3F, 0x6E, 0xDF, 0x11, 0xFB, 0xFF, 0x6E,
    0x66, 0x6F, 0xBF, 0xF9, 0x08, 0x50, 0x01, 0xCA, 0xB3, 0x58, 0x2B, 0xAF, 0xEE, 0xBE, 0xD1, 0x78,
    0xE3, 0xF2, 0xAE, 0x2D, 0x2B, 0xA4, 0xB6, 0xB0, 0xCB, 0x0E, 0x58, 0xAE, 0x6F, 0x11, 0xB6, 0xD8,
    0x9E, 0x1B, 0x3F, 0x32, 0x7C, 0x78, 0x02, 0x01, 0xE3, 0xB2, 0x0E, 0xD5, 0x97, 0x0D, 0xAC, 0x04,
    0xC8, 0x2A, 0x00, 0x3C, 0xE4, 0x3D, 0x37, 0xAA, 0xBE, 0x10, 0x7F, 0x75, 0xC2, 0x7E, 0xB3, 0x83,
    0x65, 0x8E, 0x65, 0xC9, 0x84, 0x70, 0x2F, 0x86, 0xF7, 0x53, 0x2C, 0x96, 0x19, 0xE6, 0x9D, 0x1E,
    0x25, 0x2D, 0x9C, 0x04, 0x80, 0x13, 0x00, 0x61, 0xB5, 0x56, 0x61, 0xBF, 0xEC, 0x98, 0x4F, 0x75,
    0xC3, 0x99, 0x84, 0xD2, 0x47, 0xBC, 0x48, 0xC4, 0xF3, 0x0F, 0x89, 0x33, 0xA8, 0x96, 0x29, 0xAA,
    0x63, 0x0E, 0xF2, 0x43, 0x0F, 0x56, 0x6A, 0xE0, 0x75, 0x00, 0x74, 0x0D, 0x18, 0x77, 0xBA, 0x3E,
    0xFD, 0x9E, 0x5B, 0xB8, 0xC5, 0x2D, 0x57, 0xB8, 0xE2, 0xD3, 0x4A, 0x3B, 0x15, 0x88, 0x70, 0x87,
    0x40, 0x27, 0x14, 0x0E, 0xD5, 0x9A, 0x06, 0xB5, 0xFF, 0x0F, 0x1E, 0xE4, 0x3F, 0xF7, 0xE1, 0x19,
    0x1E, 0x18, 0x26, 0x6F, 0x06, 0x55, 0x9F, 0xD5, 0x83, 0x66, 0xC2, 0x38, 0x96, 0x1C, 0x0C, 0x2B,
    0x6B, 0x32, 0x91, 0xF5, 0xA9, 0x2F, 0x3F, 0x6A, 0xB3, 0x2F, 0xF7, 0xF6, 0x95, 0xCF, 0x43, 0xDE,
    0x64, 0x41, 0x79, 0x6E, 0xE4, 0x4E, 0xF9, 0xA8, 0x36, 0xAB, 0x8B, 0x36, 0xEA, 0xA4, 0xC2, 0xB8,
    0xA8, 0x65, 0x8D, 0xAD, 0xA2, 0x1A, 0xC7, 0x82, 0x51, 0xC3, 0xA8, 0x79, 0x3F, 0x6A, 0xC4, 0xF0,
    0xB9, 0x64, 0x2F, 0xFD, 0xBB, 0xD2, 0x25, 0xB5, 0x58, 0xB2, 0xA8, 0x97, 0xB9, 0x41, 0xA1, 0x7C,
    0x16, 0x08, 0x18, 0x7D, 0xE7, 0x62, 0x5C, 0x0F, 0x17, 0x2E, 0x5A, 0x91, 0x4A, 0x89, 0x08, 0xF7,
    0x8F, 0xB3, 0x45, 0x95, 0xFC, 0x61, 0x7E, 0x4A, 0xF2, 0x87, 0x0A, 0x24, 0x7F, 0xE4, 0x1D, 0xC9,
    0x1F, 0x90, 0xD4, 0xB2, 0xB7, 0x57, 0xA7, 0xEB, 0x9C, 0x17, 0x69, 0xD2, 0x75, 0xDF, 0x69, 0x07,
    0x0B, 0xE6, 0xA6, 0x9B, 0x6C, 0xFC, 0xED, 0x3C, 0xE0, 0x73, 0xE3, 0x4F, 0xB5, 0xA3, 0x3F, 0x33,
    0xFA, 0x4B, 0x19, 0x0E, 0xFE, 0x76, 0x68, 0x37, 0xFE, 0xDA, 0xE4, 0x2F, 0x5F, 0x7F, 0xD8, 0x6E,
    0xFC, 0xB5, 0x6C, 0x86, 0x12, 0xCE, 0xEA, 0x1A, 0x16, 0x98, 0xBF, 0x03, 0x2C, 0x2A, 0x0C, 0x92,
    0xF5, 0x83, 0x00, 0xD9, 0xDD, 0x64, 0xEC, 0x8A, 0x91, 0x15, 0x22, 0xAD, 0x3D, 0x2F, 0x44, 0x5B,
    0x3B, 0x2C, 0x32, 0x57, 0x56, 0x73, 0x2C, 0x58, 0x96, 0x49, 0x02, 0x01, 0x4B, 0xD6, 0x0D, 0xA2,
    0xFC, 0x20, 0xC6, 0x0D, 0x7F, 0x2B, 0x2B, 0xD2, 0x27, 0x2D, 0x57, 0x2D, 0x42, 0xC0, 0x97, 0x9F,
    0xFF, 0xFA, 0xFC, 0xFA, 0x43, 0xAF, 0x65, 0xF2, 0x85, 0x88, 0xE7, 0xC4, 0x66, 0x0A, 0x61, 0x25,
    0xA7, 0xEE, 0x42, 0xD9, 0x29, 0x0F, 0xAA, 0xFD, 0xC6, 0x3C, 0x39, 0xF0, 0xDC, 0x7D, 0x7C, 0x5B,
    0xC5, 0xAF, 0xE0, 0x42, 0xAF, 0xD2, 0x17, 0xD0, 0xA9, 0x16, 0x60, 0xC3, 0x06, 0x40, 0x3B, 0x00,
    0x33, 0x70, 0x01, 0xA0, 0x7A, 0x00, 0x4C, 0x6D, 0x25, 0xD2, 0x25, 0x57, 0x26, 0x4D, 0x0E, 0x70,
    0x8F, 0x6F, 0x56, 0x89, 0xE2, 0x12, 0xCD, 0xD7, 0xF3, 0xE4, 0xC0, 0x73, 0xF7, 0xF1, 0x6D, 0xE3,
    0x92, 0x2B, 0xE3, 0x92, 0xAB, 0xF1, 0xEA, 0x1B, 0xD6, 0xF7, 0x58, 0x02, 0x70, 0x19, 0x40, 0x75,
    0x88, 0x2B, 0x9C, 0x89, 0x2F, 0x3D, 0x04, 0x8C, 0xF1, 0x66, 0xA5, 0xDD, 0x6A, 0x73, 0xAE, 0xF8,
    0xDA, 0x30, 0x6D, 0xE1, 0x64, 0x5D, 0x38, 0x48, 0x61, 0x52, 0xD4, 0x60, 0x2A, 0x58, 0x40, 0xDE,
    0x63, 0x3D, 0xD2, 0xC9, 0xFE, 0xA9, 0x9E, 0x37, 0x9A, 0x8B, 0x9D, 0x0A, 0x98, 0x94, 0x80, 0x50,
    0x0C, 0x52, 0x0D, 0x72, 0xDB, 0x0D, 0xF2, 0x89, 0x1F, 0xE4, 0x56, 0x37, 0x88, 0x0B, 0xA3, 0x2C,
    0x46, 0xB1, 0xAF, 0x0E, 0x62, 0xFE, 0x69, 0x10, 0xFD, 0xF9, 0x20, 0x4A, 0x06, 0x61, 0x23, 0xAB,
    0x28, 0xBA, 0xC5, 0x46, 0xB1, 0xFB, 0x98, 0x4D, 0xFE, 0xBF, 0x5D, 0xCA, 0x0A, 0x20, 0xBB, 0x01,
    0x80, 0xEE, 0x18, 0x4F, 0x8E, 0x76, 0x6D, 0x35, 0xD8, 0x2D, 0x19, 0xEC, 0xC2, 0x60, 0x17, 0x06,
    0xBB, 0x7B, 0x24, 0xBB, 0x99, 0x30, 0xD8, 0x9D, 0x30, 0xD8, 0x2D, 0x49, 0x76, 0x07, 0x59, 0x24,
    0x49, 0x76, 0x93, 0x24, 0xBB, 0x25, 0xC9, 0xEE, 0x20, 0x4A, 0x06, 0x61, 0x23, 0xAB, 0x28, 0x83,
    0xDD, 0x92, 0xC1, 0x6E, 0x09, 0xC0, 0x03, 0x32, 0x19, 0x88, 0x1D, 0x98, 0x85, 0x41, 0xB4, 0xE7,
    0xDE, 0x42, 0x2B, 0xEE, 0x2D, 0xBA, 0xED, 0x38, 0xFD, 0x4A, 0xCF, 0xE9, 0xDA, 0xDE, 0x96, 0x6A,
    0xE1, 0x74, 0x48, 0x13, 0xA9, 0xBC, 0x6E, 0xA2, 0x81, 0x56, 0xB5, 0x91, 0xCD, 0xC3, 0xB2, 0xF0,
    0xCA, 0xC7, 0x94, 0xD6, 0x6A, 0xAD, 0x1C, 0x40, 0xE2, 0xF6, 0xBA, 0x0F, 0x2E, 0x73, 0xC2, 0x40,
    0x78, 0x41, 0xD7, 0x8C, 0x3F, 0x01, 0x2A, 0x00, 0x59, 0xCF, 0x66, 0x64, 0x1E, 0x50, 0xDD, 0xC1,
    0x1F, 0xF4, 0x12, 0x30, 0x3B, 0xC0, 0x71, 0x0B, 0x9C, 0x29, 0x2B, 0x98, 0x1A, 0x07, 0x97, 0x12,
    0xA2, 0x61, 0xB8, 0xF3, 0x43, 0x4F, 0x26, 0xE2, 0x51, 0x2E, 0xEB, 0x51, 0x35, 0x81, 0x02, 0x96,
    0x18, 0xB8, 0xCC, 0xA4, 0x62, 0x55, 0x89, 0xD7, 0xE2, 0x81, 0xE2, 0x7C, 0xA3, 0x3E, 0x75, 0x08,
    0x5C, 0x07, 0xC8, 0xD7, 0x94, 0xD2, 0xDA, 0xDC, 0x7F, 0x8F, 0xEE, 0x3B, 0x74, 0xD0, 0xE7, 0xD2,
    0x4F, 0x7E, 0xD1, 0xEF, 0xD2, 0x87, 0xF1, 0x50, 0xFD, 0xE2, 0xA7, 0xA1, 0xEC, 0x57, 0x59, 0x05,
    0xE9, 0xBA, 0x98, 0x19, 0x45, 0x40, 0x79, 0x00, 0x2B, 0xC4, 0xDB, 0x54, 0xF9, 0x87, 0x3D, 0x74,
    0x8F, 0x95, 0x0A, 0x3E, 0x7E, 0x71, 0x67, 0x69, 0x92, 0xF3, 0xF4, 0xF5, 0x37, 0xBA, 0x51, 0x5F,
    0x79, 0x15, 0x7E, 0x25, 0x00, 0x70, 0xCE, 0x00, 0x93, 0x39, 0x60, 0x3A, 0x40, 0x79, 0x36, 0x63,
    0xB1, 0x86, 0x54, 0x0F, 0x90, 0xEA, 0x01, 0xCA, 0x8A, 0xC0, 0x93, 0xAD, 0x07, 0xD0, 0xB5, 0x27,
    0xFF, 0x1F, 0x07, 0xC9, 0xF3, 0x0E, 0xE3, 0xB8, 0x51, 0x51, 0x88, 0x67, 0x42, 0x60, 0x87, 0x9D,
    0x47, 0xAE, 0x0F, 0xC0, 0x28, 0x07, 0xFA, 0x76, 0x05, 0xF9, 0xFA, 0xFE, 0xF5, 0xB0, 0x5A, 0x2B,
    0x69, 0xCB, 0x8E, 0x45, 0xA5, 0x1B, 0xCE, 0xDE, 0xAB, 0x05, 0x9E, 0x5C, 0xCD, 0x00, 0xFE, 0x0C,
    0x4C, 0x7B, 0x28, 0xFD, 0xF6, 0x0E, 0x8F, 0x15, 0x44, 0xBD, 0x70, 0x0B, 0x57, 0x0C, 0xBF, 0x54,
    0xEA, 0x90, 0x48, 0xAF, 0xC2, 0xA5, 0xB2, 0x21, 0x55, 0x0D, 0x43, 0xD1, 0xF0, 0x0C, 0x60, 0xC4,
    0xC1, 0xB1, 0xBD, 0xFA, 0x20, 0xB5, 0xEF, 0xBB, 0x88, 0x57, 0xD3, 0xB9, 0xBC, 0x3A, 0x9A, 0xAC,
    0x64, 0x1F, 0x56, 0x01, 0x00, 0xBA, 0x29, 0xF4, 0x33, 0xB8, 0x7A, 0xE6, 0xF1, 0x33, 0xC3, 0xB8,
    0x84, 0x0A, 0x98, 0x01, 0x5C, 0x02, 0x8C, 0x76, 0x50, 0xA6, 0xF4, 0x8C, 0x72, 0x47, 0x93, 0x1E,
    0xBB, 0x40, 0x0F, 0xB9, 0x07, 0x55, 0x6F, 0x52, 0xDC, 0x4D, 0xFA, 0xF8, 0x29, 0x1E, 0xCF, 0x1D,
    0xE8, 0xCF, 0xB6, 0x0B, 0xF1, 0x1A, 0x9B, 0xC4, 0xCC, 0x91, 0xA6, 0xD8, 0xBE, 0x00, 0xF3, 0xE5,
    0xB8, 0x26, 0x0B, 0x07, 0x1F, 0x3F, 0xC1, 0x14, 0x8D, 0x03, 0x74, 0x42, 0xE6, 0x01, 0xDE, 0xFA,
    0x76, 0x52, 0x0C, 0x9B, 0x89, 0x2C, 0x01, 0x5D, 0x8D, 0x29, 0x86, 0xD9, 0x13, 0x49, 0x31, 0xBF,
    0xCB, 0x44, 0xDC, 0x54, 0xFB, 0x13, 0x59, 0x07, 0x01, 0x96, 0xF1, 0x10, 0x09, 0xEB, 0xBD, 0x10,
    0x08, 0x4B, 0xC2, 0x2C, 0xF3, 0x93, 0xEF, 0xB7, 0x85, 0xD4, 0x9C, 0xD8, 0x58, 0xFA, 0xE3, 0xBD,
    0x0A, 0xBE, 0x03, 0x60, 0x4D, 0xBD, 0xC1, 0xEF, 0x3F, 0xFB, 0xD4, 0x9F, 0x3E, 0x46, 0x9A, 0x42,
    0x1A, 0xC0, 0xBC, 0xDB, 0x98, 0x5B, 0xAD, 0x7E, 0xC5, 0x3D, 0xF2, 0x03, 0x68, 0x22, 0xD5, 0x98,
    0xC3, 0x66, 0xF8, 0x03, 0xBF, 0xF8, 0xA3, 0xB3, 0xCF, 0x1C, 0x96, 0x30, 0xE5, 0x91, 0xED, 0x6F,
    0xAC, 0x0F, 0x59, 0x6C, 0x86, 0xA4, 0x0B, 0x73, 0xF1, 0xCB, 0x0F, 0x23, 0x77, 0x3C, 0x91, 0x7F,
    0xE9, 0xB9, 0x0A, 0xBF, 0xF1, 0xFC, 0x98, 0xEC, 0xE6, 0x90, 0xCC, 0xC0, 0x22, 0x4F, 0x34, 0xB9,
    0x08, 0x9C, 0xC9, 0xEF, 0x5C, 0x80, 0x59, 0xF4, 0x0D, 0x2B, 0x49, 0x6C, 0xF3, 0x48, 0xE5, 0x22,
    0x4F, 0xAA, 0x3A, 0x72, 0x6A, 0x48, 0x9C, 0x54, 0xB1, 0xD6, 0x0D, 0xE2, 0xAD, 0x48, 0xC0, 0x88,
    0x63, 0xC4, 0xE8, 0x3C, 0xBB, 0x4E, 0x29, 0xBF, 0x16, 0x67, 0x73, 0x51, 0xD1, 0x7F, 0x48, 0x19,
    0x04, 0x02, 0xF4, 0x84, 0x5C, 0x44, 0xC2, 0xE4, 0x17, 0xEB, 0xBD, 0x0F, 0x62, 0x26, 0x0C, 0xA7,
    0x37, 0x50, 0x6B, 0x5E, 0x5A, 0x5C, 0xBC, 0xF8, 0x4B, 0x5F, 0x06, 0x2D, 0x2E, 0xAB, 0xB6, 0xCF,
    0xB5, 0x89, 0x34, 0x64, 0xEB, 0x1F, 0x75, 0x14, 0x4D, 0x16, 0x30, 0x35, 0x3D, 0x16, 0x5E, 0xC7,
    0x6E, 0x4B, 0xE9, 0xEB, 0xF7, 0xE1, 0x99, 0x0B, 0x11, 0x46, 0xAA, 0xCB, 0x64, 0x01, 0x0B, 0x09,
    0x0B, 0xA9, 0xCB, 0xFA, 0x0F, 0xF7, 0x31, 0x0D, 0x3D, 0x6A, 0xFD, 0x67, 0x3D, 0x2C, 0xA4, 0xBD,
    0xEF, 0xE9, 0x75, 0xE3, 0x35, 0xA7, 0x44, 0x9C, 0xA9, 0xBB, 0xCA, 0x10, 0x28, 0x59, 0x0E, 0x61,
    0xAA, 0x40, 0xF1, 0x8F, 0x9E, 0x5C, 0x1A, 0xD4, 0x5F, 0x83, 0x01, 0xCC, 0xDE, 0x15, 0x94, 0xEC,
    0x53, 0x88, 0x30, 0xC3, 0x54, 0xF3, 0x63, 0x1F, 0xB5, 0x4B, 0x23, 0xED, 0x9C, 0x12, 0x7B, 0x21,
    0x50, 0x6C, 0xF7, 0x63, 0x67, 0x75, 0x05, 0xE6, 0xE2, 0xC1, 0x82, 0xC9, 0x3B, 0x9E, 0x48, 0x42,
    0xFD, 0x88, 0xB2, 0xA6, 0x3F, 0x34, 0x21, 0xE5, 0x3C, 0xD9, 0x17, 0x0D, 0xAC, 0x6A, 0xB0, 0x4F,
    0x20, 0x49, 0x4C, 0x9D, 0x3E, 0xF9, 0xD5, 0x24, 0x8D, 0x72, 0xA0, 0xBE, 0x5A, 0x73, 0x58, 0x51,
    0x92, 0x76, 0x5A, 0x6B, 0x94, 0xA7, 0x8B, 0xC8, 0xDB, 0x08, 0x5D, 0x47, 0x94, 0x44, 0x4C, 0x13,
    0x7C, 0xC4, 0x17, 0x5D, 0x84, 0x84, 0x88, 0xB0, 0x4A, 0xE7, 0x6C, 0x1D, 0x61, 0x9A, 0x08, 0xED,
    0x23, 0x54, 0x88, 0x60, 0x3D, 0x14, 0x78, 0xB5, 0x95, 0xCA, 0x78, 0x00, 0xDA, 0x29, 0xEC, 0x7A,
    0xB0, 0xCD, 0xB6, 0xDC, 0x58, 0x6D, 0xB6, 0x3F, 0xFA, 0xFF, 0xC5, 0x9B, 0x57, 0xB4, 0x5B, 0xB5,
    0xDA, 0x59, 0xB4, 0x9B, 0xC7, 0xF0, 0xE8, 0x5B, 0x0E, 0x7D, 0x3B, 0x86, 0xB4, 0xE8, 0xDF, 0x74,
    0x68, 0x17, 0x62, 0x5C, 0x8E, 0x61, 0x2B, 0xD3, 0x9A, 0x66, 0x15, 0x54, 0x78, 0xDA, 0x75, 0xA0,
    0x6A, 0x00, 0x03, 0x50, 0x6E, 0xF7, 0x18, 0x65, 0x00, 0x74, 0x78, 0x8C, 0x42, 0x70, 0x0E, 0x78,
    0x50, 0x0D, 0xA8, 0x16, 0x72, 0xA9, 0xC7, 0x05, 0xB0, 0x90, 0x4D, 0x32, 0xDF, 0x6A, 0x5A, 0x29,
    0x25, 0x9D, 0x6C, 0xF2, 0xF8, 0x29, 0xE6, 0xED, 0x03, 0x29, 0x1E, 0xB2, 0xE6, 0xAD, 0x48, 0x8C,
    0x35, 0x33, 0xAE, 0xF1, 0x72, 0xE6, 0x41, 0x39, 0x30, 0xC0, 0x14, 0xE8, 0x20, 0x97, 0x16, 0x7E,
    0xB0, 0x0F, 0x58, 0x60, 0x52, 0x41, 0x59, 0xBF, 0x14, 0xA3, 0x67, 0x52, 0x05, 0x2C, 0xAB, 0xF3,
    0xFB, 0x94, 0xE2, 0xE1, 0xCF, 0x0F, 0x16, 0x7B, 0x5C, 0xEA, 0xB9, 0x40, 0x00, 0x38, 0xBD, 0xF7,
    0x81, 0x95, 0x60, 0xC5, 0xBF, 0x9C, 0x37, 0x7F, 0xA2, 0x6B, 0x4A, 0x98, 0x82, 0x27, 0xBF, 0x3B,
    0xDE, 0x4C, 0x1D, 0x84, 0xC1, 0xF2, 0x6C, 0x38, 0xE6, 0x9E, 0xD0, 0x65, 0xDD, 0xFA, 0x47, 0xED,
    0x44, 0x36, 0x5B, 0x9E, 0x72, 0x46, 0xD1, 0xA3, 0x3C, 0xC0, 0xB1, 0xF7, 0x29, 0x3D, 0xB9, 0x27,
    0x7B, 0xB8, 0x23, 0xF7, 0xA8, 0x96, 0xD2, 0x71, 0xF9, 0x77, 0xAF, 0x63, 0x96, 0xFC, 0x00, 0x24,
    0x3F, 0x00, 0xC9, 0x0F, 0xF0, 0xED, 0x75, 0xC8, 0x94, 0x6C, 0xD6, 0xFE, 0x40, 0xEC, 0x3D, 0x39,
    0xF2, 0xD6, 0x18, 0xF7, 0x5D, 0x74, 0x17, 0xA0, 0x03, 0x32, 0x77, 0x74, 0x0F, 0x07, 0xD4, 0xA6,
    0x1E, 0x36, 0xC0, 0x99, 0xA7, 0xF3, 0x70, 0xB0, 0x92, 0x49, 0x20, 0xED, 0xE1, 0x17, 0xFF, 0xCA,
    0x30, 0x7D, 0xF5, 0xC3, 0x89, 0x88, 0xBC, 0x2B, 0x9D, 0xBA, 0x73, 0xE1, 0x8D, 0x77, 0x56, 0x57,
    0x86, 0x93, 0x96, 0xAF, 0x13, 0x67, 0xD1, 0x3D, 0xBA, 0x5D, 0x62, 0xA5, 0xCA, 0xA5, 0x03, 0xEE,
    0x35, 0x9E, 0x57, 0x37, 0xA5, 0xA5, 0xBC, 0x2D, 0x01, 0xBD, 0xCF, 0x1A, 0xD5, 0x0D, 0xD3, 0x96,
    0xD0, 0x32, 0xA9, 0x54, 0x33, 0xC2, 0x0E, 0xE0, 0x00, 0xBB, 0x09, 0x21, 0x22, 0xEF, 0x22, 0x74,
    0x1B, 0x51, 0xD6, 0x11, 0xD7, 0x41, 0x7D, 0xEE, 0x23, 0x84, 0x88, 0x36, 0xA1, 0x39, 0x80, 0x6E,
    0x01, 0x33, 0x56, 0x4E, 0x1C, 0x0C, 0xE3, 0xB6, 0x9D, 0x85, 0x8E, 0xFB, 0xBE, 0xEE, 0xA1, 0xCD,
    0x35, 0x34, 0xB9, 0x54, 0xC0, 0xA0, 0x84, 0x22, 0xA2, 0x2A, 0x86, 0xE6, 0xD6, 0xD8, 0xDA, 0x1A,
    0x1A, 0x5B, 0xCA, 0x85, 0x84, 0x45, 0x82, 0x7D, 0x75, 0x68, 0x68, 0x0D, 0xED, 0xAC, 0x08, 0x25,
    0x11, 0x0C, 0x58, 0xA1, 0x5B, 0xEC, 0xD0, 0xC4, 0xDA, 0x2E, 0xAE, 0xF1, 0xEB, 0x74, 0x40, 0xBB,
    0x6D, 0x49, 0xA5, 0x86, 0x94, 0x0E, 0x66, 0x6C, 0x46, 0xB5, 0xF1, 0xD5, 0x1C, 0x1E, 0xA9, 0xF5,
    0x94, 0x1A, 0x4F, 0x50, 0x6E, 0xB7, 0xAA, 0x1E, 0xE0, 0x0A, 0xA0, 0x03, 0x70, 0xDC, 0x00, 0xCF,
    0x15, 0x80, 0x31, 0x07, 0xE7, 0x54, 0x9F, 0x10, 0x00, 0x33, 0xBB, 0x57, 0x1A, 0x03, 0x53, 0x53,
    0x6F, 0x4B, 0xE3, 0x16, 0x44, 0xD2, 0x9A, 0x92, 0x0E, 0xE5, 0x08, 0xE8, 0x8A, 0xF0, 0x60, 0x55,
    0x8C, 0x6E, 0x30, 0x15, 0x53, 0x38, 0x01, 0x82, 0xFA, 0x77, 0xA7, 0xFE, 0xCA, 0xA9, 0x5B, 0x2E,
    0x93, 0x8A, 0x93, 0x8F, 0x5A, 0x1E, 0x6F, 0x17, 0xFE, 0x76, 0x4E, 0x28, 0x01, 0x38, 0xC7, 0xB7,
    0x51, 0x30, 0xC3, 0xD6, 0x47, 0x09, 0x30, 0x05, 0xB8, 0xCA, 0x53, 0xAA, 0x9F, 0xB9, 0x0C, 0xD0,
    0x03, 0x79, 0x0B, 0xA8, 0x1A, 0x80, 0x97, 0x61, 0xB1, 0xF6, 0xA9, 0x10, 0x68, 0x31, 0x4E, 0xA5,
    0x42, 0xA0, 0x08, 0x58, 0x8E, 0xA7, 0x42, 0xE0, 0x8C, 0xE5, 0x3A, 0xE7, 0x12, 0xBC, 0x25, 0xD0,
    0x44, 0x28, 0x17, 0xDF, 0xEA, 0x2A, 0xC2, 0x60, 0xD9, 0x79, 0x3E, 0xC2, 0x9E, 0x4B, 0x85, 0x80,
    0x27, 0x60, 0xDA, 0x83, 0x42, 0x40, 0x89, 0x80, 0xD9, 0x7E, 0xE9, 0x45, 0x33, 0x2E, 0xC4, 0xB3,
    0xE3, 0x15, 0xE1, 0x19, 0xB8, 0xF1, 0x17, 0x14, 0x12, 0x36, 0xCF, 0xFE, 0x35, 0x73, 0x25, 0x2C,
    0x75, 0x7C, 0x77, 0x3C, 0xC6, 0x34, 0xC6, 0xA5, 0x09, 0x4B, 0x3F, 0xC1, 0x3A, 0x8B, 0xAD, 0x87,
    0x67, 0x7F, 0x9A, 0x6B, 0xA6, 0x07, 0xF9, 0xA8, 0xFF, 0xEE, 0x80, 0x7E, 0x09, 0x4C, 0x87, 0xFD,
    0x57, 0x71, 0x14, 0xFD, 0xCD, 0xB0, 0xCB, 0x6C, 0x82, 0x31, 0x95, 0x7A, 0xF7, 0xD1, 0xB7, 0x97,
    0xD9, 0x07, 0x80, 0x11, 0xE0, 0xC5, 0x37, 0x92, 0x13, 0x55, 0x3D, 0x75, 0xC7, 0x7F, 0x8F, 0x92,
    0xBA, 0x78, 0xCF, 0x1D, 0xA7, 0x79, 0x64, 0xBB, 0x80, 0xF9, 0xA4, 0x41, 0xFD, 0xDC, 0x83, 0xEF,
    0xE0, 0xDC, 0xF4, 0xA0, 0x9A, 0x6A, 0x4F, 0xC5, 0xFB, 0x43, 0x79, 0x0E, 0xE2, 0xF5, 0x18, 0x6C,
    0x43, 0x84, 0xF8, 0xCB, 0xBD, 0x7D, 0xBF, 0x89, 0x93, 0x31, 0xCE, 0xC5, 0x78, 0x5B, 0xDF, 0xF9,
    0x41, 0x6F, 0x45, 0x3A, 0x00, 0x5B, 0x82, 0x79, 0xCD, 0xA1, 0x6F, 0x35, 0x64, 0x8D, 0x07, 0x80,
    0x49, 0x4D, 0x2E, 0x1D, 0x85, 0xDB, 0xC5, 0xD4, 0x96, 0x92, 0xC9, 0xF0, 0x1A, 0xAA, 0xB8, 0xBD,
    0x3D, 0x2C, 0x30, 0x01, 0x4C, 0x05, 0xC6, 0x1D, 0x43, 0xDD, 0xBD, 0x0E, 0xD2, 0x0D, 0x8B, 0x8A,
    0x63, 0x57, 0xC0, 0xF6, 0x70, 0x6D, 0x0E, 0xED, 0x73, 0x4F, 0xD6, 0xEF, 0x4F, 0x50, 0xE2, 0xF4,
    0xDF, 0xBA, 0x82, 0x06, 0x48, 0x85, 0x8F, 0x34, 0x93, 0xAC, 0xDB, 0x21, 0xCC, 0x59, 0x2E, 0x37,
    0x5D, 0x91, 0x9F, 0x05, 0x58, 0xC2, 0x0C, 0x2C, 0xDF, 0x35, 0xBF, 0xEC, 0x94, 0x34, 0x9C, 0x04,
    0xB0, 0x69, 0xD9, 0x38, 0x7D, 0xCB, 0x8D, 0x79, 0x2A, 0xF1, 0xD9, 0xEA, 0x0A, 0x96, 0x87, 0x3D,
    0x16, 0xB5, 0x92, 0x0E, 0x58, 0xEE, 0xB0, 0x53, 0x62, 0x0A, 0xA7, 0x6E, 0x3A, 0x20, 0xFF, 0x19,
    0x6A, 0x1F, 0x76, 0x61, 0x76, 0xF8, 0xB1, 0xA2, 0x10, 0x9F, 0xB7, 0x98, 0x7D, 0x66, 0x25, 0x2F,
    0xEB, 0x6F, 0xDE, 0x5B, 0x2F, 0xAE, 0xD8, 0xFE, 0xDA, 0xBC, 0xFD, 0x83, 0x87, 0xE8, 0xAC, 0xAB,
    0xFF, 0xF0, 0x90, 0xF9, 0x1E, 0x98, 0x4F, 0x81, 0xE7, 0x8F, 0x1F, 0x5D, 0x67, 0x7D, 0x66, 0xA1,
    0x34, 0x15, 0xC5, 0xBB, 0x8E, 0xDC, 0xB5, 0x8F, 0xDF, 0x59, 0x7F, 0xB6, 0x05, 0x26, 0x01, 0x98,
    0x7D, 0x0F, 0x78, 0xA9, 0x38, 0xA2, 0x5C, 0xDE, 0x84, 0x5C, 0x1C, 0xEA, 0xE7, 0x2D, 0x9A, 0xF7,
    0x1F, 0x3F, 0x0F, 0x80, 0xF2, 0x35, 0x07, 0xC5, 0xAD, 0x06, 0xD4, 0x3F, 0x7B, 0xC0, 0x5F, 0xDA,
    0xEE, 0xD6, 0xEF, 0xC2, 0xA9, 0x3B, 0x2B, 0x87, 0xF2, 0xBA, 0x8D, 0x50, 0xFE, 0xB7, 0xA0, 0x89,
    0x28, 0xEB, 0xCD, 0x6E, 0xDD, 0x0F, 0x58, 0x24, 0xD8, 0x2A, 0xC2, 0xB8, 0x88, 0x62, 0xF8, 0x5C,
    0x87, 0xEE, 0xB3, 0xFD, 0xB4, 0x68, 0x16, 0x35, 0xB0, 0x63, 0xD3, 0x8C, 0xC4, 0x09, 0x49, 0xF3,
    0x91, 0x0A, 0x91, 0xCE, 0xDE, 0xDE, 0xD7, 0xFF, 0xB5, 0xAB, 0xFC, 0x54, 0x79, 0x54, 0x2A, 0xAE,
    0x1E, 0x3C, 0x0A, 0x8F, 0x15, 0x28, 0xAE, 0x00, 0xB6, 0x63, 0xBC, 0xAB, 0x49, 0x8B, 0xEF, 0x69,
    0xDB, 0xFD, 0x09, 0xB9, 0x38, 0xF5, 0x6F, 0x8D, 0xE6, 0x11, 0xBD, 0x02, 0x10, 0xE6, 0x9B, 0x25,
    0x88, 0x31, 0x15, 0xE8, 0x3F, 0x3D, 0xAA, 0x66, 0x3E, 0x98, 0x4F, 0x1C, 0xEA, 0x5F, 0x3C, 0x99,
    0xEF, 0xE0, 0xD2, 0x13, 0xE8, 0x70, 0x73, 0x0D, 0xD0, 0x72, 0xF0, 0x9F, 0x2F, 0xCF, 0x65, 0x47,
    0x94, 0x4B, 0x51, 0x8F, 0x73, 0xDE, 0xCF, 0xD3, 0x8C, 0x3F, 0x81, 0x3C, 0xD0, 0xE2, 0x26, 0xEF,
    0x75, 0x33, 0xC2, 0x92, 0x6B, 0x4B, 0x88, 0x87, 0x05, 0xDB, 0x52, 0x08, 0x99, 0xB4, 0x98, 0x9E,
    0x2C, 0xC0, 0xEE, 0x5B, 0xCC, 0x3A, 0xA6, 0x81, 0xE5, 0xE5, 0xDC, 0x97, 0xE2, 0x92, 0x99, 0xEF,
    0xC2, 0x12, 0x3A, 0xF0, 0x50, 0x93, 0xF7, 0xD8, 0x55, 0xB5, 0x2C, 0x5C, 0xA7, 0xAB, 0x00, 0x8B,
    0x2A, 0xF9, 0xD4, 0x02, 0x0B, 0x47, 0xE1, 0xAE, 0x2A, 0xE7, 0x95, 0x0B, 0xA6, 0xB6, 0x6B, 0xB2,
    0x8A, 0xEC, 0x7D, 0x94, 0x47, 0x39, 0x54, 0x4D, 0x0E, 0x0B, 0x91, 0x70, 0xE3, 0xA3, 0x5F, 0x85,
    0x8F, 0x8D, 0x9B, 0x5E, 0x8D, 0xF1, 0x63, 0xE3, 0xFE, 0x08, 0xE3, 0x78, 0xE8, 0x28, 0x5B, 0x32,
    0x59, 0x03, 0xC0, 0xB3, 0x35, 0x98, 0x14, 0xC0, 0x71, 0xE0, 0xF7, 0x48, 0x57, 0x54, 0x2E, 0x1D,
    0xE5, 0xAF, 0x58, 0x09, 0xC6, 0x1D, 0x7A, 0x14, 0x0E, 0xDD, 0xA2, 0x86, 0x32, 0x9A, 0x0F, 0xA0,
    0x1B, 0x9A, 0x09, 0xEE, 0xE0, 0x17, 0x54, 0x8B, 0xC7, 0xFE, 0xCD, 0x3E, 0xBB, 0x58, 0xE6, 0x4C,
    0xAA, 0x69, 0x0C, 0x98, 0x00, 0x3B, 0x90, 0xF7, 0x43, 0xB2, 0xEA, 0x7F, 0xA3, 0xB2, 0xD8, 0xB6,
    0x4C, 0x36, 0x0E, 0xEB, 0xF1, 0xBD, 0x05, 0xF6, 0x41, 0x77, 0xB0, 0x72, 0x4C, 0x7A, 0xD8, 0x49,
    0x9E, 0xFB, 0x34, 0xC7, 0x41, 0x37, 0x9D, 0xF2, 0x6F, 0x8D, 0xF7, 0x52, 0xE1, 0xB0, 0xE8, 0x35,
    0xCF, 0x16, 0x0E, 0x35, 0xB6, 0x35, 0xBA, 0x44, 0xE5, 0x93, 0xC3, 0xD2, 0x65, 0x6B, 0x16, 0x2D,
    0x3D, 0x9B, 0x51, 0x9C, 0x6F, 0x40, 0x7D, 0xEA, 0x00, 0xD9, 0x6E, 0x81, 0x61, 0xDC, 0x6B, 0x0E,
    0x3B, 0xCD, 0x61, 0x4F, 0x78, 0x38, 0x44, 0xA4, 0x4E, 0x3B, 0xCB, 0xE1, 0xED, 0xE1, 0xD0, 0x3D,
    0x93, 0xC6, 0xCA, 0x2B, 0x12, 0x00, 0xF8, 0xF8, 0x05, 0x98, 0x2D, 0xC1, 0x78, 0x28, 0x9A, 0xC3,
    0x5B, 0x8D, 0x37, 0x7B, 0xF4, 0x67, 0x82, 0xEE, 0x4B, 0xA7, 0xDB, 0xC2, 0xE9, 0x26, 0xAD, 0x47,
    0x75, 0x58, 0x34, 0xA6, 0x55, 0x3E, 0xB5, 0x1A, 0xFF, 0x0F, 0x85, 0x92, 0x01, 0x84, 0x5C, 0x47,
    0x18, 0xC7, 0x7F, 0xEF, 0xDE, 0xED, 0x6D, 0xB2, 0x6F, 0x6F, 0xE7, 0x48, 0xCA, 0xB5, 0xBD, 0xBB,
    0x3D, 0x04, 0xE9, 0x75, 0x73, 0x6F, 0x71, 0xD8, 0xB6, 0x6F, 0x6F, 0xA6, 0x00, 0xA0, 0x8B, 0x46,
    0x55, 0x61, 0x4B, 0x42, 0xA4, 0xCA, 0x86, 0x53, 0xA1, 0x7B, 0xD9, 0x47, 0x00, 0xE0, 0x40, 0x29,
    0x70, 0x68, 0x49, 0x03, 0x7D, 0xB8, 0x12, 0x75, 0xC9, 0x9B, 0x6A, 0x28, 0x8A, 0x4E, 0x15, 0x00,
    0xA6, 0x6D, 0x81, 0xA2, 0x83, 0x4B, 0xBA, 0x8D, 0x77, 0x37, 0x7D, 0xBB, 0x97, 0x4B, 0x4F, 0x5A,
    0xFA, 0xFF, 0x7F, 0x33, 0x66, 0xBE, 0xBF, 0x99, 0xF7, 0xBD, 0xFF, 0x37, 0x70, 0x9F, 0x98, 0x28,
    0x0D, 0x34, 0x08, 0xDD, 0x24, 0x61, 0x00, 0x08, 0x13, 0xBB, 0x64, 0x68, 0x97, 0x2B, 0x20, 0xAD,
    0x7D, 0xDD, 0xEB, 0x7E, 0xAC, 0xF2, 0xA3, 0xD1, 0xE1, 0xDA, 0xDD, 0x3B, 0xD2, 0x17, 0xFD, 0xB3,
    0x5B, 0xCB, 0xB2, 0x10, 0x2E, 0x79, 0xB0, 0xCD, 0xC6, 0x62, 0x21, 0xF7, 0x37, 0xA1, 0x96, 0x4A,
    0xB7, 0xBA, 0x17, 0xB8, 0xC8, 0x44, 0x04, 0x54, 0x18, 0x19, 0xE7, 0x4C, 0xF6, 0xC8, 0x49, 0x0D,
    0x80, 0xF8, 0xDE, 0xC4, 0x22, 0x4D, 0xD6, 0xC9, 0x3A, 0x80, 0x6B, 0x75, 0xC7, 0x4D, 0x27, 0xB4,
    0x2B, 0x41, 0x66, 0x8F, 0x09, 0x40, 0xB1, 0x4D, 0x37, 0x46, 0x08, 0x15, 0xDE, 0xD6, 0xA1, 0xAE,
    0x9A, 0x73, 0x0F, 0xB3, 0x86, 0x2C, 0x9A, 0x07, 0x30, 0xB7, 0x23, 0x8B, 0xED, 0xED, 0xAC, 0x11,
    0xE8, 0x28, 0x5D, 0x22, 0x41, 0x22, 0xD3, 0x58, 0x81, 0x50, 0xB1, 0x6E, 0xEA, 0x50, 0x87, 0xA9,
    0x20, 0x01, 0x9A, 0x65, 0x5E, 0xAA, 0x84, 0x16, 0x82, 0x50, 0xFF, 0x5B, 0x07, 0x49, 0x93, 0xAA,
    0xC6, 0x80, 0xD0, 0x42, 0x75, 0x19, 0x40, 0xF4, 0xA5, 0x8F, 0x02, 0xEC, 0x13, 0x6F, 0x95, 0x3F,
    0xB8, 0xBC, 0xC7, 0xC6, 0x94, 0xED, 0x00, 0x91, 0x0A, 0x5D, 0x4D, 0x23, 0xB6, 0x59, 0xA0, 0xB2,
    0x99, 0x65, 0x37, 0x57, 0x6A, 0x08, 0x9A, 0x2A, 0xB7, 0x30, 0x32, 0x23, 0x23, 0x10, 0x00, 0x4F,
    0x73, 0x82, 0x1A, 0xB9, 0x9D, 0x68, 0x33, 0x7A, 0xC2, 0x50, 0xE7, 0x5A, 0x02, 0x76, 0x4A, 0x87,
    0x4F, 0x25, 0x17, 0x8A, 0xE2, 0xCA, 0x89, 0x69, 0x52, 0x3F, 0x72, 0xCE, 0x4D, 0x4C, 0x7A, 0xA5,
    0x3B, 0xCC, 0x7A, 0x30, 0x8F, 0xD0, 0xA1, 0x9D, 0x71, 0x1F, 0x98, 0x7C, 0x5A, 0xEE, 0x3D, 0xC6,
    0xE4, 0x36, 0xB6, 0xB8, 0x12, 0x2F, 0x5C, 0x56, 0xB9, 0xB7, 0xF7, 0xDF, 0xB1, 0x19, 0xB6, 0xCF,
    0xCE, 0x9B, 0xC1, 0xB7, 0xB7, 0xBD, 0xBF, 0x78, 0xAD, 0x57, 0x19, 0x26, 0xF1, 0x58, 0xB8, 0x99,
    0x74, 0x26, 0x15, 0x2E, 0x1E, 0x0F, 0x93, 0x5E, 0x65, 0x61, 0xF6, 0xC4, 0xB6, 0x40, 0xC5, 0xE3,
    0xCD, 0xFD, 0xAC, 0x01, 0x35, 0xA5, 0xA4, 0x33, 0x37, 0xBC, 0x5E, 0x68, 0x02, 0xDE, 0x5F, 0xFF,
    0x02, 0x18, 0xF9, 0x49, 0x4F, 0x8F, 0xE7, 0x67, 0xDB, 0x69, 0xD7, 0xCD, 0x47, 0xD3, 0xAE, 0x8F,
    0xBC, 0x29, 0x23, 0xF7, 0xFE, 0xC8, 0x97, 0x20, 0x48, 0x11, 0x9A, 0x43, 0x22, 0x8B, 0x84, 0x0B,
    0x1C, 0x63, 0x03, 0x32, 0x70, 0x04, 0x86, 0x50, 0x13, 0xA6, 0x44, 0x20, 0x60, 0x19, 0x12, 0xE8,
    0xFC, 0x8F, 0xD8, 0xDB, 0x6F, 0x34, 0x2E, 0xED, 0x01, 0x19, 0xB6, 0x8C, 0xDC, 0xDB, 0xE9, 0x07,
    0xED, 0x57, 0x97, 0x27, 0xDB, 0xAF, 0xEF, 0x4E, 0x32, 0xE7, 0xCF, 0xE7, 0xFE, 0xA7, 0xEF, 0xBE,
    0xB9, 0xBD, 0x9A, 0x4A, 0x2D, 0x94, 0xD4, 0x6D, 0xBD, 0x3C, 0x74, 0xC3, 0xAE, 0xE8, 0x6E, 0x1D,
    0x57, 0x0F, 0x9C, 0x2C, 0x24, 0x22, 0x0D, 0x35, 0xF6, 0xE4, 0x39, 0x67, 0x9C, 0xFE, 0x9D, 0xE1,
    0x7E, 0x2B, 0xD9, 0x05, 0xE8, 0x72, 0x71, 0x7B, 0xB7, 0x3B, 0x1C, 0x77, 0xB3, 0x03, 0xFA, 0x9C,
    0x67, 0x58, 0x52, 0xAA, 0x98, 0xE7, 0x4C, 0x7E, 0xCE, 0x99, 0x53, 0x6F, 0xD5, 0xBF, 0x17, 0x55,
    0x81, 0x4A, 0x07, 0xE9, 0x26, 0x97, 0xBF, 0xFF, 0x87, 0x0A, 0x52, 0x70, 0xD3, 0xE8, 0x11, 0x5B,
    0x23, 0xBD, 0x1E, 0x48, 0xF5, 0x34, 0xB3, 0xFB, 0x4F, 0x19, 0x57, 0x63, 0xF5, 0xAC, 0x1E, 0x38,
    0xB3, 0x2A, 0x8B, 0xD1, 0xE1, 0xD2, 0x06, 0x80, 0x40, 0x6A, 0xC1, 0x84, 0x3E, 0x2C, 0x84, 0x7B,
    0x32, 0x73, 0xA7, 0xE6, 0x2C, 0x90, 0xD9, 0xB3, 0x8F, 0xC9, 0x78, 0x77, 0xAE, 0x07, 0xBB, 0x25,
    0x67, 0x52, 0x16, 0xF9, 0x59, 0xB1, 0x38, 0xF8, 0x05, 0xCE, 0x64, 0xBF, 0x42, 0x3D, 0x2B, 0xB7,
    0xB3, 0x59, 0x29, 0xB4, 0xA0, 0xAC, 0x1B, 0xAE, 0x56, 0x76, 0xB0, 0xF3, 0x7F, 0x92, 0x4D, 0x2F,
    0x78, 0x14, 0xBC, 0x5D, 0x71, 0xD3, 0x4B, 0xE1, 0x26, 0x4D, 0x1D, 0x99, 0x4D, 0xFA, 0xCC, 0x76,
    0xB7, 0x06, 0xC9, 0x32, 0x34, 0x0F, 0x64, 0x91, 0x35, 0xCE, 0x3D, 0xAC, 0x9A, 0x50, 0x4F, 0x2C,
    0x6E, 0x4E, 0x2D, 0x86, 0x19, 0x23, 0xD5, 0x2D, 0x22, 0xCD, 0xCE, 0xE9, 0x53, 0xB6, 0x4A, 0xFE,
    0x56, 0xDA, 0xFC, 0x41, 0x3F, 0xF8, 0xD0, 0xD8, 0x8E, 0x5B, 0x18, 0xCE, 0xCF, 0x27, 0x5B, 0xDD,
    0x5B, 0x5D, 0x02, 0x75, 0xEE, 0xA1, 0x2C, 0x22, 0xBB, 0xB9, 0x1F, 0xEA, 0xD8, 0xA7, 0xAF, 0x3D,
    0xD6, 0x03, 0x67, 0xCA, 0xB9, 0x5C, 0x2F, 0xD2, 0x41, 0x9A, 0x57, 0x75, 0xA8, 0x61, 0x01, 0x98,
    0xED, 0x00, 0x2D, 0xA1, 0x08, 0x5C, 0x78, 0xF4, 0x49, 0xAE, 0x19, 0xF9, 0xBF, 0x00, 0xFE, 0x43,
    0xBD, 0x5B, 0xAA, 0xB1, 0x1F, 0x33, 0xC5, 0xC8, 0xFB, 0xC3, 0xD3, 0xA3, 0x7A, 0xA4, 0x38, 0x1B,
    0x7B, 0xAF, 0x86, 0x5B, 0xA5, 0x76, 0xD0, 0x83, 0xEB, 0x8A, 0x39, 0xBF, 0x03, 0xDE, 0x7B, 0xA2,
    0xDF, 0x78, 0xD9, 0x5E, 0x02, 0x6E, 0xB6, 0x81, 0x3A, 0xC7, 0x68, 0x97, 0x07, 0x8B, 0xBC, 0x1C,
    0x93, 0x35, 0xC0, 0xBA, 0x5E, 0xD5, 0x2F, 0x99, 0x81, 0xB9, 0x61, 0x2E, 0xF5, 0x57, 0x74, 0x7B,
    0x57, 0xBA, 0x36, 0x9D, 0x5E, 0x94, 0xB2, 0x44, 0xB2, 0x54, 0x62, 0x6D, 0x5D, 0xB7, 0xB3, 0x41,
    0x89, 0xB6, 0xAD, 0xA9, 0x56, 0xA7, 0xDE, 0x9A, 0x70, 0x3E, 0xA9, 0x7E, 0xFA, 0x86, 0xFA, 0x51,
    0x19, 0x0C, 0x99, 0x5A, 0x01, 0x02, 0x8B, 0x95, 0x36, 0xB3, 0xBB, 0x25, 0x07, 0x76, 0xE5, 0x0A,
    0xB4, 0xA8, 0xD3, 0x70, 0xF5, 0x8B, 0xC7, 0x27, 0xD6, 0x5E, 0xFC, 0xF8, 0x77, 0xDD, 0x19, 0x98,
    0x8D, 0xA7, 0x61, 0xAF, 0x5D, 0xE8, 0xAF, 0xDB, 0xF9, 0x85, 0x3A, 0x13, 0xAE, 0xC1, 0xE2, 0xAD,
    0x4E, 0x89, 0xDA, 0xBD, 0xBD, 0x76, 0xBF, 0xA5, 0xEB, 0xA9, 0x60, 0x8E, 0xA1, 0x5B, 0xD2, 0x11,
    0x51, 0xDA, 0xB6, 0x9F, 0x7F, 0xF6, 0x37, 0xCD, 0x9C, 0x0F, 0xA8, 0x1C, 0x47, 0x9E, 0xDF, 0x3F,
    0xDD, 0x65, 0xAB, 0x73, 0x6E, 0x5B, 0x25, 0xC0, 0x97, 0xDB, 0xAC, 0xE4, 0xED, 0x03, 0x16, 0x70,
    0x14, 0x79, 0xDB, 0x80, 0x21, 0x02, 0xE6, 0x4D, 0xF5, 0xAE, 0x81, 0x05, 0x42, 0xB0, 0x80, 0xD5,
    0x39, 0x60, 0x88, 0x0C, 0x84, 0x7F, 0x4E, 0x88, 0x44, 0x78, 0x80, 0x21, 0xEF, 0x69, 0x7A, 0xCF,
    0x90, 0x03, 0x0E, 0xB0, 0x0E, 0x2E, 0x17, 0xFE, 0xDF, 0x03, 0x0C, 0x78, 0xDF, 0x06, 0xFC, 0x00,
    0x87, 0xF8, 0x60, 0x9E, 0xA6, 0x6C, 0xC1, 0x1D, 0x10, 0x12, 0xF7, 0xB1, 0xD1, 0x1A, 0x58, 0x82,
    0xFB, 0x6E, 0xF7, 0xF6, 0x38, 0xDF, 0x81, 0x2B, 0xBB, 0xAD, 0xDB, 0x96, 0xB6, 0x66, 0x7E, 0xA9,
    0xEA, 0x99, 0x37, 0xAB, 0x27, 0x3F, 0xD9, 0xB2, 0xFE, 0xEC, 0xA5, 0xA7, 0xBF, 0x9F, 0xDF, 0xF4,
    0x9F, 0xA9, 0xFA, 0x55, 0x77, 0x75, 0xFD, 0xE9, 0xAE, 0x9E, 0xE4, 0x1C, 0x24, 0x1D, 0x30, 0x05,
    0xBE, 0x01, 0x64, 0x00, 0x20, 0x22, 0xF5, 0xC5, 0x4F, 0xDE, 0xB1, 0xDA, 0xAA, 0x95, 0xD2, 0x5A,
    0x5B, 0x58, 0x4B, 0x3C, 0xFA, 0xFA, 0x77, 0x56, 0xCB, 0x6B, 0x9D, 0x0B, 0x6A, 0xB5, 0x4D, 0xDA,
    0xE2, 0xFA, 0x2B, 0xAD, 0x88, 0xB4, 0x69, 0xB3, 0x89, 0x72, 0x1E, 0xD5, 0x4E, 0x81, 0x87, 0x1B,
    0xF6, 0x44, 0xC4, 0x33, 0x79, 0xE7, 0x13, 0xCF, 0xA6, 0xB6, 0x23, 0x2E, 0x69, 0x7B, 0x26, 0xE2,
    0xD4, 0xB0, 0xF7, 0x01, 0xFE, 0xF4, 0x66, 0x80, 0x88, 0x45, 0xB7, 0xB9, 0x23, 0x44, 0xD5, 0x07,
    0xE0, 0x0F, 0xA3, 0x0F, 0x48, 0x1D, 0x45, 0x73, 0xB2, 0x49, 0x65, 0x61, 0x2A, 0x00, 0x94, 0x83,
    0xCC, 0x82, 0x06, 0x4E, 0xAD, 0x3D, 0xAF, 0x2E, 0x7E, 0x32, 0xAB, 0xB4, 0xCD, 0x82, 0xC7, 0x6A,
    0x25, 0xB8, 0x57, 0x15, 0x2D, 0x88, 0x00, 0x00, 0x13, 0x41, 0xDD, 0xBC, 0x68, 0x43, 0x58, 0x6D,
    0x51, 0xA9, 0xC6, 0x90, 0x30, 0x06, 0xF6, 0x57, 0x12, 0x71, 0x51, 0xEB, 0xE5, 0xCB, 0x80, 0x01,
    0xCA, 0x1A, 0x74, 0x93, 0x34, 0x6A, 0xF1, 0x8E, 0x65, 0x26, 0x90, 0x54, 0x00, 0x99, 0x34, 0xE5,
    0x7F, 0xE9, 0x36, 0xF0, 0x53, 0xB6, 0xA6, 0x9C, 0xD8, 0x07, 0x53, 0x51, 0x76, 0xE4, 0x52, 0x31,
    0x73, 0xE4, 0x1E, 0x3C, 0x8C, 0x2F, 0x31, 0xEE, 0xD8, 0xF0, 0x6C, 0x4D, 0xD2, 0xAE, 0x90, 0x86,
    0xEF, 0x20, 0xF3, 0x8B, 0x9D, 0xB6, 0x77, 0xFF, 0x14, 0xAD, 0xCC, 0xF7, 0x46, 0x7E, 0xBB, 0x1B,
    0x01, 0xF7, 0xB4, 0xB7, 0x96, 0xE6, 0x98, 0x54, 0x78, 0xEE, 0x6F, 0x4E, 0x3A, 0x4E, 0xB6, 0x4C,
    0x2A, 0x32, 0x11, 0xB1, 0x24, 0x57, 0x77, 0xE7, 0x15, 0x8C, 0xE8, 0x39, 0x8A, 0x67, 0x57, 0x94,
    0x45, 0xE4, 0x62, 0xD6, 0xB2, 0x49, 0x9F, 0x76, 0x91, 0x78, 0xF6, 0x06, 0x3A, 0xD6, 0x4C, 0xDB,
    0xC8, 0x0B, 0x36, 0xEE, 0x23, 0x36, 0x9D, 0x5F, 0x6C, 0x67, 0x94, 0x22, 0x9C, 0x00, 0x60, 0xF0,
    0x9D, 0x8B, 0x5D, 0x74, 0x7F, 0xC8, 0x1B, 0x77, 0xE7, 0xF5, 0xF3, 0xF3, 0x90, 0x43, 0x25, 0xBA,
    0x18, 0xD7, 0x64, 0x5D, 0x24, 0x7E, 0xE0, 0xFE, 0xC0, 0xCB, 0x07, 0x5C, 0xAF, 0xF1, 0x45, 0x9B,
    0xCC, 0x5F, 0x71, 0x31, 0x16, 0xA9, 0x87, 0xDC, 0xBB, 0xCC, 0xBE, 0xCB, 0xFC, 0xBB, 0xCC, 0xC0,
    0xAB, 0x1C, 0x8C, 0xB6, 0xB0, 0xE6, 0x9F, 0xCE, 0x59, 0xE5, 0x62, 0xF4, 0x4F, 0x72, 0x17, 0x68,
    0xD5, 0xC0, 0x74, 0x60, 0xF2, 0x59, 0x76, 0x50, 0x34, 0x89, 0x27, 0x95, 0x45, 0x22, 0x35, 0x00,
    0x60, 0x00, 0xA6, 0x00, 0x0E, 0x50, 0x16, 0xD6, 0xA9, 0x0E, 0x89, 0x56, 0x3E, 0x06, 0xDB, 0x06,
    0xE4, 0x75, 0xC0, 0xD7, 0x08, 0x18, 0x45, 0xB8, 0x80, 0x6B, 0x36, 0x40, 0x9A, 0x80, 0x1F, 0xB9,
    0x80, 0x0F, 0x86, 0x03, 0xB1, 0x88, 0x30, 0x11, 0x85, 0x0D, 0xD0, 0x2E, 0x40, 0xF5, 0x14, 0x2D,
    0x0B, 0x64, 0x8E, 0xB1, 0xFC, 0x26, 0x40, 0x59, 0x01, 0xB9, 0x05, 0xD2, 0x06, 0xE0, 0xD2, 0x3A,
    0x5E, 0x25, 0xEE, 0x62, 0x97, 0xCC, 0xAE, 0x68, 0x8B, 0xE1, 0x00, 0x12, 0xA0, 0x22, 0xF2, 0x49,
    0xC0, 0x73, 0x26, 0xE0, 0xF5, 0x80, 0xF7, 0x5B, 0x13, 0xDD, 0x08, 0xF8, 0x90, 0x00, 0x1F, 0xE1,
    0x22, 0xEC, 0x01, 0x8A, 0x98, 0x6B, 0x86, 0x40, 0x19, 0x29, 0x0B, 0xD3, 0xAC, 0x01, 0x23, 0x16,
    0x8E, 0xDD, 0x04, 0x00, 0xC4, 0xE7, 0x52, 0x4D, 0x7E, 0x92, 0xCC, 0xD1, 0x96, 0x77, 0xC9, 0x5B,
    0x1C, 0xCA, 0xD1, 0x92, 0x76, 0xA9, 0x05, 0xAF, 0x02, 0xF6, 0xB3, 0x0A, 0x8C, 0x06, 0xCA, 0x7F,
    0x09, 0xE8, 0xBF, 0x8B, 0xE8, 0x01, 0xE5, 0x56, 0x58, 0xA6, 0x23, 0xB3, 0xA0, 0xA4, 0x82, 0x74,
    0x0E, 0x70, 0x62, 0x48, 0x51, 0x3E, 0xA4, 0x48, 0x2A, 0x6D, 0xD9, 0xE6, 0x81, 0x51, 0x5C, 0x3F,
    0x3F, 0x43, 0xC2, 0xE4, 0xC8, 0x3C, 0x90, 0x3A, 0x80, 0x35, 0x68, 0x80, 0x64, 0xF0, 0xAA, 0x8B,
    0xF0, 0x40, 0x3E, 0x05, 0xF4, 0x18, 0x38, 0x6E, 0x80, 0x33, 0x45, 0x05, 0x23, 0x6D, 0x61, 0x33,
    0xC2, 0x65, 0x0D, 0xDC, 0x78, 0xD9, 0x91, 0x88, 0x38, 0x94, 0x4D, 0x7A, 0x54, 0x8D, 0x27, 0x87,
    0x29, 0x1A, 0x2E, 0x53, 0x56, 0xCC, 0x2A, 0x71, 0x99, 0xB8, 0x5F, 0x15, 0x76, 0x79, 0x90, 0x5A,
    0x09, 0x06, 0xFD, 0x4D, 0x85, 0x96, 0x05, 0xDA, 0x9A, 0x7A, 0x79, 0xE1, 0x67, 0xED, 0xAF, 0x94,
    0x37, 0x43, 0x51, 0xF0, 0x43, 0x41, 0xA4, 0x0F, 0xEA, 0xB8, 0xF8, 0x89, 0x10, 0xD6, 0x1C, 0x51,
    0x60, 0x4C, 0x56, 0xC5, 0xFD, 0x10, 0x4F, 0x13, 0xF3, 0xF5, 0x61, 0xE5, 0x4D, 0x71, 0x7D, 0x66,
    0x45, 0xE6, 0x0F, 0xAD, 0xF0, 0x55, 0x22, 0xD2, 0x86, 0x52, 0x45, 0x2A, 0x46, 0x6C, 0xC3, 0x19,
    0xB6, 0x60, 0x74, 0x04, 0xCE, 0x46, 0xBC, 0x10, 0x71, 0x29, 0xC2, 0x1D, 0x20, 0x69, 0x02, 0x94,
    0x8D, 0xA8, 0x03, 0x2E, 0xFC, 0xE7, 0xF3, 0x8B, 0x73, 0xC3, 0x49, 0x5A, 0x40, 0xEE, 0x7A, 0x48,
    0x9D, 0x03, 0x96, 0xD8, 0x01, 0x76, 0x1E, 0x56, 0x8D, 0x57, 0xFA, 0x42, 0x3E, 0x10, 0x9B, 0x77,
    0xD9, 0x9C, 0x05, 0x38, 0x7A, 0xBA, 0xA1, 0x20, 0x4C, 0x5A, 0xF8, 0x1A, 0xBD, 0xB2, 0xA0, 0xAB,
    0x5E, 0x03, 0xCA, 0xF6, 0xCF, 0x01, 0xB8, 0xFE, 0x75, 0x20, 0x11, 0xF1, 0x80, 0xFA, 0xFB, 0xF9,
    0x02, 0xD0, 0x4D, 0x6F, 0x80, 0xC2, 0xF6, 0x85, 0x05, 0x43, 0xAF, 0x5B, 0xB8, 0x4A, 0xAF, 0x1C,
    0x89, 0xA7, 0x4F, 0x3D, 0xAA, 0xA3, 0x67, 0x41, 0xD1, 0xA6, 0x73, 0x4C, 0x3D, 0xA9, 0x4B, 0xB1,
    0xDA, 0x01, 0xE4, 0xD2, 0x62, 0xFE, 0xC8, 0x33, 0x65, 0x12, 0x64, 0xF8, 0x7A, 0x10, 0x83, 0xA6,
    0x90, 0x76, 0x20, 0x16, 0x5E, 0xF1, 0xC0, 0x64, 0xB5, 0xBE, 0xA8, 0x9E, 0x0F, 0xEA, 0x29, 0xF1,
    0x18, 0x26, 0xDF, 0xF4, 0x14, 0xD2, 0xC2, 0xD3, 0x8F, 0xFE, 0xFA, 0xDF, 0x56, 0xED, 0xE1, 0xEB,
    0xFF, 0x51, 0x46, 0xF9, 0xE8, 0x0A, 0xD1, 0x4C, 0x44, 0x9A, 0x83, 0xFC, 0xEA, 0xB9, 0x13, 0x67,
    0x0F, 0x63, 0x73, 0x8D, 0xBD, 0x08, 0x77, 0x80, 0xB4, 0x0D, 0xB8, 0x60, 0x03, 0xC4, 0x26, 0x0B,
    0x66, 0xD1, 0x91, 0x13, 0x00, 0xE2, 0x20, 0x1E, 0x13, 0x12, 0x39, 0xA7, 0x3D, 0x6A, 0x81, 0x9E,
    0xA2, 0xAE, 0xA2, 0x2F, 0x93, 0x8D, 0xD1, 0x06, 0x1D, 0x58, 0x56, 0x4F, 0x05, 0xEA, 0xFA, 0x4C,
    0xA4, 0x1D, 0x05, 0x66, 0xCD, 0x0B, 0x81, 0xCA, 0xED, 0x0D, 0x6C, 0x03, 0x93, 0x9B, 0x36, 0x10,
    0x19, 0x38, 0xAB, 0x23, 0x0D, 0x63, 0x8A, 0xDA, 0x0C, 0x25, 0xCA, 0x73, 0xC3, 0x41, 0xCA, 0x96,
    0xE5, 0xE3, 0xFA, 0xF0, 0x8F, 0x8F, 0x86, 0xC8, 0x22, 0x56, 0xB1, 0x97, 0xEF, 0xBA, 0xCB, 0xFA,
    0xF0, 0xCF, 0xAA, 0x21, 0x50, 0x00, 0x98, 0x2C, 0x40, 0xDD, 0xBC, 0xD0, 0xA0, 0x6D, 0xDA, 0x51,
    0x82, 0xC7, 0xC0, 0xE5, 0xF0, 0xC1, 0xB0, 0xBF, 0x86, 0x1F, 0x70, 0x78, 0xDD, 0xB0, 0xCB, 0xB0,
    0x73, 0x09, 0x7E, 0x59, 0x85, 0xAA, 0xEE, 0x64, 0x0B, 0x33, 0xA9, 0x20, 0x09, 0x12, 0x91, 0xE0,
    0xFD, 0x27, 0xBB, 0x0F, 0xAD, 0x74, 0x6F, 0x91, 0xA1, 0xF2, 0x75, 0x22, 0x3F, 0x39, 0x28, 0x22,
    0x57, 0xC5, 0x69, 0x1E, 0xD5, 0x04, 0x0D, 0x4B, 0xC3, 0xFA, 0x1F, 0x0A, 0x5A, 0xBA, 0x07, 0x6E,
    0x57, 0xFA, 0xA5, 0xEE, 0xA9, 0x5D, 0x19, 0xDB, 0x28, 0xB1, 0x85, 0xB2, 0x99, 0xDB, 0xD1, 0xA5,
    0xDC, 0x9E, 0x09, 0x3A, 0x45, 0x6E, 0xB9, 0x67, 0x2D, 0x1D, 0x7B, 0xD4, 0xD5, 0x2E, 0x8F, 0x9F,
    0xAF, 0x56, 0x57, 0x16, 0x1E, 0x28, 0xE5, 0x27, 0x43, 0x29, 0x5F, 0xE9, 0x66, 0x9A, 0xB7, 0x86,
    0x69, 0xDA, 0x5D, 0x66, 0x8A, 0xF7, 0x07, 0x98, 0xAF, 0xE1, 0x87, 0x0D, 0xC3, 0x2E, 0xC3, 0xCE,
    0xC3, 0xCF, 0x86, 0x00, 0xC0, 0x03, 0xB9, 0x34, 0x70, 0x6C, 0xB7, 0x66, 0x32, 0xD7, 0x42, 0xD1,
    0xA9, 0x1E, 0xE5, 0xD2, 0x96, 0x74, 0x28, 0x6B, 0xBD, 0x06, 0x26, 0xCF, 0x00, 0xE5, 0x14, 0xD0,
    0x0E, 0xC8, 0xD6, 0xF5, 0xB1, 0xF6, 0xC0, 0x73, 0x57, 0x81, 0xB3, 0x06, 0x70, 0xDA, 0x92, 0x36,
    0x79, 0x4B, 0x66, 0x95, 0xA3, 0xB0, 0xCA, 0x23, 0x5D, 0x29, 0xD5, 0x23, 0x68, 0x34, 0x5C, 0x1D,
    0xEA, 0xA3, 0xB5, 0x37, 0x49, 0x04, 0x6B, 0x70, 0x69, 0x26, 0x99, 0xB8, 0x22, 0x5E, 0x87, 0xAA,
    0xC5, 0x10, 0x30, 0x3E, 0x1A, 0x2E, 0x20, 0x9D, 0x1F, 0x5B, 0x80, 0x48, 0xC0, 0x13, 0x6F, 0x8D,
    0x01, 0xEE, 0x80, 0x01, 0x98, 0x55, 0x90, 0xC5, 0x2B, 0xDC, 0x48, 0x29, 0xF6, 0x62, 0x77, 0xB2,
    0xCF, 0xE6, 0xCB, 0x66, 0x6A, 0xFF, 0x28, 0x4D, 0x71, 0xFD, 0xE5, 0x1B, 0xBF, 0x33, 0x47, 0x86,
    0xC9, 0xFE, 0xC3, 0xC4, 0x5E, 0xAD, 0x62, 0x07, 0xA0, 0x58, 0x1A, 0x75, 0xC8, 0xA4, 0x4B, 0x93,
    0xD8, 0x89, 0x78, 0x98, 0xCC, 0x1A, 0xD8, 0xD4, 0x35, 0x5C, 0xD2, 0xD5, 0x0A, 0xDC, 0x06, 0x69,
    0x03, 0xFE, 0x76, 0x1E, 0x17, 0x4D, 0x84, 0xB6, 0x47, 0xA2, 0xA8, 0x4C, 0x85, 0xF9, 0xE1, 0x9C,
    0x54, 0xA4, 0x45, 0xE6, 0x14, 0x31, 0xE5, 0x64, 0xF3, 0xB8, 0x91, 0x9E, 0xBB, 0x52, 0xBA, 0xC8,
    0x4F, 0x24, 0xD2, 0x16, 0x36, 0x32, 0x1F, 0x98, 0xB5, 0x77, 0x32, 0x6F, 0x22, 0xB5, 0xED, 0x09,
    0xAD, 0xB9, 0x74, 0x8E, 0xC4, 0x1C, 0x6B, 0x65, 0x0E, 0x17, 0xBB, 0xBB, 0xB4, 0xB4, 0xA4, 0x43,
    0xAF, 0x5B, 0x7B, 0xF9, 0xE7, 0xB4, 0x0C, 0x3B, 0x58, 0x5D, 0x60, 0xEB, 0x06, 0x05, 0x65, 0xF5,
    0xF5, 0xC3, 0xA1, 0x35, 0x88, 0x34, 0x9C, 0xBF, 0xD0, 0x0C, 0xDF, 0x57, 0xEB, 0x9F, 0x47, 0xD7,
    0xCB, 0x06, 0xC5, 0x65, 0x66, 0xDF, 0xEA, 0x29, 0xA4, 0x81, 0xEF, 0xB0, 0xAE, 0xE3, 0x99, 0xF5,
    0xC1, 0xBF, 0xEC, 0xC6, 0xA4, 0x0A, 0x71, 0x55, 0x59, 0x88, 0xD3, 0x10, 0xDB, 0x92, 0xDB, 0x24,
    0x9D, 0xB6, 0x1E, 0xFC, 0x21, 0xCA, 0xC0, 0x1F, 0x0E, 0xB4, 0x9F, 0xE5, 0x3E, 0xF4, 0x31, 0x84,
    0xD4, 0x2D, 0x43, 0x2B, 0xDA, 0xBC, 0x2D, 0x6B, 0x99, 0x27, 0x32, 0x07, 0x78, 0x7C, 0xC8, 0xF8,
    0x52, 0x33, 0x89, 0xA7, 0xCC, 0xA7, 0x8E, 0xB4, 0x0B, 0x50, 0xEE, 0x10, 0x12, 0x1F, 0xC0, 0xD5,
    0x88, 0x42, 0x5C, 0x3C, 0xBF, 0xF1, 0xDB, 0xEF, 0x06, 0x98, 0xB8, 0x6E, 0xFF, 0x60, 0x17, 0xD5,
    0x05, 0xE8, 0x36, 0xF3, 0x98, 0xDA, 0x48, 0x9D, 0x2E, 0x28, 0xA4, 0x0D, 0xBB, 0x8C, 0xE9, 0x1E,
    0xA3, 0x83, 0x3E, 0x95, 0xDE, 0xFC, 0x4D, 0xBF, 0x4F, 0xEF, 0xC3, 0x9C, 0xF4, 0x5E, 0xF5, 0x93,
    0x8B, 0xBE, 0xF4, 0xB3, 0xA4, 0x02, 0x12, 0xA0, 0x58, 0xD6, 0x00, 0xE2, 0xD1, 0x37, 0xA1, 0x04,
    0x46, 0xC0, 0xA6, 0xB4, 0xFC, 0xF7, 0xEB, 0x1E, 0x61, 0x8C, 0xA7, 0x0C, 0x2A, 0x2A, 0x8F, 0xAE,
    0x0F, 0x34, 0x0D, 0xCB, 0x23, 0x4A, 0x0C, 0x66, 0x58, 0xA3, 0xC4, 0xC1, 0xD3, 0xB0, 0xFB, 0xBD,
    0x4A, 0xA4, 0x0B, 0x6B, 0x74, 0xBD, 0x3D, 0xCC, 0xD3, 0xE0, 0xB9, 0x96, 0x6E, 0xF8, 0x6E, 0x96,
    0x73, 0x79, 0xDD, 0x8B, 0xB8, 0xDD, 0xDD, 0x9D, 0x61, 0xCF, 0x30, 0x87, 0xBC, 0xFD, 0x82, 0xAE,
    0xF9, 0xEC, 0x5C, 0x36, 0xC8, 0x9C, 0x63, 0x61, 0xD7, 0x5C, 0xA4, 0xC3, 0xE9, 0x3A, 0xA8, 0x5A,
    0xAB, 0x0D, 0x6A, 0x74, 0x95, 0x58, 0x5D, 0xA5, 0x41, 0x2A, 0x28, 0xAB, 0x74, 0x55, 0x9C, 0xBF,
    0x70, 0x45, 0x44, 0xFA, 0x39, 0x49, 0xDF, 0xC1, 0xEB, 0x0E, 0xCE, 0x46, 0x9D, 0x83, 0xA7, 0x93,
    0xAB, 0x68, 0x69, 0x0D, 0xFD, 0x08, 0x3F, 0x65, 0xDB, 0xB3, 0x2D, 0x32, 0x5F, 0xEC, 0x7E, 0xCF,
    0x83, 0x87, 0x29, 0x18, 0x4E, 0x15, 0x3F, 0xED, 0x95, 0xB4, 0x3C, 0xCD, 0x6B, 0xBF, 0xBB, 0xFB,
    0x9F, 0xBE, 0x27, 0x3F, 0x90, 0x3F, 0x5B, 0xE8, 0x3A, 0x1C, 0x71, 0x65, 0xB7, 0x94, 0xC5, 0x6D,
    0x69, 0xD8, 0xDC, 0x3A, 0x03, 0x63, 0x99, 0xC2, 0x4C, 0x16, 0xE0, 0xB7, 0x0C, 0x2A, 0x6C, 0xB0,
    0xAA, 0x0D, 0xD0, 0x61, 0x3F, 0x67, 0x2A, 0x49, 0xFD, 0x5C, 0x89, 0x9D, 0xA5, 0x0B, 0x4A, 0x69,
    0xC7, 0xA9, 0x1B, 0xD1, 0x41, 0x47, 0xEA, 0x92, 0x77, 0xEA, 0x44, 0x1A, 0x92, 0x0E, 0xFC, 0xB3,
    0xF8, 0x11, 0xDE, 0x28, 0xB7, 0xBC, 0xBB, 0xB2, 0xBB, 0x73, 0xFA, 0x2D, 0x71, 0x13, 0x3F, 0xD4,
    0xE2, 0x75, 0x54, 0x19, 0x24, 0x56, 0xBF, 0xF1, 0xB1, 0xD5, 0x6F, 0x86, 0xE5, 0x69, 0x90, 0x0B,
    0x5A, 0x6D, 0x2F, 0x6D, 0xD1, 0x48, 0x37, 0xF3, 0x34, 0xA7, 0x50, 0xAD, 0x21, 0xBD, 0xB9, 0x0F,
    0x93, 0x0E, 0xE0, 0xBE, 0xC3, 0xDA, 0xDD, 0xD9, 0xAD, 0xC5, 0x49, 0xA3, 0xED, 0x06, 0xBA, 0x7E,
    0x17, 0xFD, 0xDD, 0x16, 0xFD, 0x46, 0x8D, 0xFE, 0x14, 0xB4, 0x58, 0xF4, 0xEF, 0xC7, 0x65, 0xB7,
    0xCA, 0x09, 0x57, 0x29, 0xAD, 0xA9, 0xA5, 0xCB, 0xDD, 0x5D, 0xCF, 0x53, 0x54, 0xBB, 0x54, 0xD2,
    0x2C, 0xCF, 0x53, 0x6E, 0x8B, 0x4A, 0x2A, 0x63, 0x17, 0x48, 0x77, 0x02, 0xD8, 0xAD, 0x43, 0x65,
    0x21, 0x2D, 0xA6, 0xD7, 0x0E, 0x63, 0x75, 0xC7, 0xAC, 0x3E, 0xEE, 0xF9, 0xB4, 0x3E, 0xBE, 0x9F,
    0x7E, 0x58, 0x1F, 0x37, 0x2A, 0xA0, 0xCC, 0x5E, 0xAA, 0x8F, 0x07, 0xC7, 0x03, 0xFE, 0x67, 0x40,
    0xE6, 0x83, 0xD3, 0xAA, 0x0F, 0xA9, 0xFA, 0x96, 0x0B, 0x8E, 0xB7, 0x4E, 0x82, 0xE7, 0xAF, 0xC5,
    0x14, 0xF7, 0xEB, 0x14, 0x1F, 0x28, 0xF6, 0xA5, 0x44, 0x0E, 0xAD, 0x3B, 0x74, 0xF4, 0xAE, 0x56,
    0xE4, 0xD2, 0x51, 0x32, 0x65, 0x03, 0x13, 0xB8, 0xCC, 0xF1, 0x87, 0x15, 0xB7, 0x1A, 0xC6, 0x6C,
    0x50, 0xD4, 0x9E, 0x4C, 0xDA, 0x65, 0x8E, 0xDF, 0xDD, 0x7D, 0x4B, 0x44, 0xBA, 0x65, 0x98, 0x5F,
    0xFC, 0x29, 0x43, 0xAC, 0xD2, 0x49, 0x7F, 0xFA, 0xBB, 0x73, 0xCC, 0x87, 0x62, 0x33, 0x9F, 0x3B,
    0xE5, 0xD2, 0x4E, 0x39, 0x7A, 0xD5, 0xE2, 0x55, 0xB3, 0x52, 0xBB, 0x92, 0x4B, 0x7A, 0x15, 0xB6,
    0x2A, 0xB9, 0xD8, 0xAA, 0x8F, 0xA4, 0x52, 0xCD, 0x09, 0x54, 0xC3, 0x5A, 0xB9, 0x03, 0xB3, 0x80,
    0xE4, 0x6A, 0xA5, 0xC5, 0x19, 0xFA, 0x6D, 0x7A, 0xCF, 0x39, 0x0F, 0xEB, 0xF9, 0x20, 0x67, 0x7F,
    0xA5, 0xF8, 0x69, 0x97, 0x0D, 0x39, 0xFB, 0xF4, 0xEE, 0x6E, 0x35, 0x11, 0xA9, 0x5F, 0x2F, 0xB3,
    0xFA, 0x52, 0xA9, 0x6C, 0x14, 0x25, 0x1C, 0x29, 0x03, 0x4C, 0x2A, 0x94, 0x38, 0x5E, 0xDB, 0xF9,
    0xEA, 0x8E, 0x38, 0xE3, 0x0A, 0x9B, 0xC5, 0x92, 0xBA, 0xCA, 0xAD, 0x46, 0xB5, 0x9A, 0xD4, 0x3D,
    0x03, 0xDD, 0x08, 0xFC, 0x59, 0xD8, 0xDA, 0x83, 0xB1, 0x83, 0x72, 0x5D, 0x00, 0x43, 0x56, 0x81,
    0x06, 0xBE, 0x06, 0x6C, 0x41, 0xD1, 0x83, 0x6E, 0x21, 0x01, 0x98, 0xAD, 0x0A, 0x6B, 0x75, 0x9B,
    0x2E, 0xDE, 0x24, 0x13, 0x69, 0x8A, 0x37, 0x3E, 0xE8, 0xC7, 0xCA, 0x4E, 0xA7, 0xCA, 0x8E, 0xBD,
    0xB2, 0xE6, 0x4E, 0x6D, 0x2B, 0xBB, 0x61, 0x94, 0xF5, 0xFA, 0x07, 0x1F, 0xB9, 0x54, 0xA4, 0x26,
    0x6B, 0x0F, 0x87, 0xA3, 0x1D, 0xCC, 0x04, 0x80, 0xD3, 0x6F, 0xBF, 0x76, 0x65, 0xE2, 0xA5, 0xCD,
    0xDA, 0x6F, 0x90, 0xBA, 0xE8, 0xEB, 0x1E, 0x98, 0x06, 0x8A, 0x7A, 0xE9, 0xA3, 0x71, 0xB0, 0xD7,
    0x93, 0x34, 0xFB, 0x28, 0x6B, 0x28, 0xAC, 0xB1, 0xE2, 0xA4, 0x5B, 0x66, 0xAA, 0x59, 0xA7, 0xED,
    0x3D, 0x9E, 0xE0, 0xEB, 0x43, 0xF1, 0xE3, 0x21, 0x09, 0x62, 0x0B, 0x18, 0xAD, 0xF4, 0xF4, 0x6B,
    0x6F, 0x9D, 0x7E, 0x6B, 0xD2, 0x2F, 0x33, 0x68, 0x7E, 0x87, 0x54, 0x57, 0xD8, 0x44, 0xC4, 0xF2,
    0x9B, 0x87, 0x9A, 0xEA, 0x0D, 0x48, 0xBC, 0x24, 0xFF, 0x60, 0xF7, 0x8A, 0x38, 0xF9, 0xCB, 0x78,
    0x59, 0x2E, 0x0B, 0xDD, 0x92, 0xF1, 0x97, 0x66, 0x79, 0xFD, 0xE2, 0xF9, 0x49, 0x25, 0x71, 0x6A,
    0x1F, 0x41, 0x98, 0x0E, 0x20, 0x1B, 0x98, 0x0C, 0xE4, 0x76, 0x9E, 0x3B, 0xBD, 0x7B, 0x85, 0x89,
    0xB4, 0xBC, 0x6E, 0xE0, 0xD2, 0x78, 0x29, 0xA2, 0x8C, 0x58, 0xCC, 0x2B, 0x8E, 0x31, 0xFE, 0x90,
    0x26, 0x2F, 0x3B, 0x25, 0x62, 0x77, 0xDF, 0x22, 0x5C, 0x63, 0x3D, 0xD2, 0x69, 0x8B, 0xB6, 0x43,
    0xDD, 0x70, 0x1B, 0xC4, 0x05, 0xFC, 0xD0, 0xC7, 0x45, 0xF3, 0x19, 0x84, 0xCA, 0xA6, 0xB4, 0x22,
    0x4E, 0xFA, 0x10, 0x8A, 0xF4, 0x68, 0x7B, 0x5B, 0x0D, 0x23, 0x6E, 0xF8, 0x9D, 0xB9, 0xA3, 0x6A,
    0x4A, 0xE7, 0x14, 0xD2, 0x0C, 0x25, 0xB6, 0x87, 0x69, 0x9C, 0xCF, 0xEF, 0xA7, 0x32, 0x87, 0x2D,
    0x98, 0x0E, 0x25, 0x76, 0x67, 0xB2, 0xB6, 0x90, 0x9A, 0x73, 0xEC, 0xEE, 0x1C, 0xEB, 0x11, 0x67,
    0xA4, 0xD6, 0xB6, 0x57, 0x8D, 0xFE, 0x5D, 0x97, 0x3A, 0xFD, 0x46, 0x9B, 0x74, 0x01, 0xF4, 0xFA,
    0xD3, 0x26, 0x40, 0x22, 0xDE, 0x18, 0xD0, 0x12, 0x36, 0xB8, 0xC4, 0xE9, 0xEF, 0x3A, 0xE5, 0x4A,
    0xEB, 0xB5, 0x8D, 0x4D, 0x24, 0x80, 0x73, 0xF0, 0xD5, 0xDD, 0x3A, 0x1B, 0x6E, 0x10, 0x6F, 0x53,
    0xB0, 0x45, 0x19, 0x54, 0x54, 0x5B, 0xE8, 0x66, 0x0B, 0x25, 0x1E, 0xE6, 0xD3, 0x58, 0xCD, 0x90,
    0xB5, 0x61, 0x9D, 0xDD, 0xC2, 0x54, 0xC2, 0x5C, 0x49, 0x03, 0x64, 0x2D, 0x89, 0x1B, 0xFC, 0x7B,
    0x06, 0xE0, 0x4B, 0x55, 0x73, 0xC7, 0xD2, 0x5A, 0x5F, 0x6B, 0xA2, 0x7F, 0x7C, 0xE9, 0xDF, 0x4E,
    0x1A, 0xC8, 0x57, 0xD7, 0xDA, 0x44, 0x1C, 0xEA, 0xE0, 0xFA, 0xFB, 0x48, 0x50, 0x9F, 0xCE, 0xAC,
    0x72, 0x79, 0x90, 0x6A, 0x87, 0x4F, 0x73, 0xB4, 0xF2, 0xB0, 0x7D, 0xB2, 0x50, 0x2D, 0xAC, 0xD5,
    0x40, 0x66, 0xA1, 0xA8, 0x60, 0x1F, 0x18, 0xBE, 0x8D, 0xE1, 0x3D, 0x68, 0x00, 0xEE, 0xB9, 0xED,
    0x70, 0x44, 0xA9, 0x38, 0x3F, 0x8F, 0xC8, 0xD1, 0xA5, 0xE2, 0xB1, 0x1E, 0x23, 0xD5, 0x7B, 0xB9,
    0xED, 0x54, 0xDD, 0xC3, 0xAC, 0xC2, 0x74, 0x64, 0x02, 0x13, 0x4B, 0xD6, 0x38, 0x15, 0xE6, 0x78,
    0xC2, 0xCC, 0x82, 0xA4, 0x42, 0xB5, 0x31, 0x5D, 0x00, 0xA7, 0xAF, 0x98, 0x56, 0x1D, 0xF1, 0xC9,
    0xBB, 0x89, 0x6C, 0x7C, 0x63, 0x6C, 0x36, 0xC6, 0x5F, 0xB4, 0xD7, 0x17, 0x87, 0xB5, 0xFE, 0x34,
    0xB9, 0x2D, 0xAB, 0xA1, 0x4D, 0x74, 0x85, 0x5C, 0xC4, 0x81, 0x33, 0x1C, 0x01, 0x69, 0x68, 0xCD,
    0xCB, 0x5D, 0x00, 0x3E, 0x69, 0x0C, 0x53, 0x65, 0x03, 0xF2, 0x00, 0x2F, 0xD5, 0xE4, 0xE5, 0x6E,
    0xA1, 0x64, 0x75, 0x43, 0x27, 0x94, 0x6F, 0x3B, 0xC4, 0x82, 0x0E, 0x6D, 0x8B, 0xE1, 0x82, 0xAA,
    0x6E, 0x87, 0x88, 0x34, 0xFA, 0x93, 0xD9, 0xDF, 0xFA, 0xB8, 0xB8, 0x1D, 0x31, 0x8E, 0x30, 0xC3,
    0xB7, 0xD2, 0x96, 0x7F, 0xE4, 0xC5, 0x89, 0xB4, 0x93, 0x16, 0xF2, 0xE1, 0xF4, 0xAD, 0x33, 0xC2,
    0xA0, 0x75, 0x46, 0xE8, 0xF2, 0x46, 0xB9, 0xCF, 0x4D, 0x5A, 0xCC, 0x08, 0x5D, 0xC8, 0x08, 0x0B,
    0x00, 0xD2, 0x6E, 0x55, 0x82, 0x57, 0xF0, 0x14, 0x00, 0xDC, 0x6F, 0xC3, 0x04, 0x20, 0xE9, 0x81,
    0x2D, 0xA0, 0x00, 0x54, 0xF5, 0x40, 0x0D, 0x24, 0xEC, 0x57, 0x50, 0xED, 0xF8, 0x50, 0x63, 0xEB,
    0x51, 0xD4, 0x8C, 0xF7, 0x51, 0xF3, 0x58, 0x11, 0xE9, 0x29, 0x2D, 0xE8, 0x55, 0xB8, 0x39, 0x70,
    0x8C, 0xD5, 0x54, 0x5A, 0xE5, 0xD2, 0x7E, 0x16, 0xA4, 0xFC, 0x8B, 0x3D, 0x9E, 0xED, 0xC4, 0xAF,
    0xCA, 0xDA, 0xAB, 0x8C, 0x83, 0x0C, 0xCF, 0x05, 0x19, 0x46, 0x91, 0xB1, 0x85, 0x5F, 0x4D, 0xEC,
    0x88, 0xA2, 0x16, 0xBB, 0x89, 0xB6, 0x1F, 0x5B, 0x87, 0xFE, 0xE0, 0xCF, 0x9A, 0x96, 0xFC, 0xDA,
    0x8B, 0x7F, 0x69, 0xC9, 0x7E, 0xA4, 0x7E, 0x5E, 0xA3, 0xE6, 0xEA, 0x97, 0xA0, 0x7C, 0xBA, 0x80,
    0xB4, 0x4F, 0x3C, 0x24, 0x8E, 0x8E, 0xAF, 0xB0, 0xC3, 0x9E, 0xD0, 0xE3, 0x0B, 0x3B, 0x65, 0x2B,
    0xB3, 0x1B, 0x8C, 0x94, 0x33, 0x8C, 0x52, 0x57, 0x72, 0x96, 0x4E, 0x57, 0x9B, 0xF8, 0xA2, 0x76,
    0x4C, 0x8D, 0x6D, 0x19, 0xFD, 0xF3, 0x6B, 0x96, 0xF1, 0xCF, 0xFF, 0xBA, 0xA2, 0xBC, 0x26, 0x50,
    0xBC, 0xEF, 0x41, 0x57, 0x8E, 0x5C, 0x1C, 0x89, 0x9C, 0x83, 0x31, 0xFC, 0xE6, 0xE5, 0xF3, 0xCC,
    0x44, 0xD8, 0x1B, 0xEB, 0xA0, 0xEC, 0xA0, 0xEE, 0xA8, 0x31, 0xAF, 0x74, 0xAB, 0x3A, 0xE3, 0x72,
    0x90, 0x59, 0x6A, 0xF8, 0xEE, 0x59, 0xBC, 0xDC, 0xE5, 0x22, 0xF5, 0x6C, 0x5D, 0x50, 0x1D, 0xD6,
    0x44, 0x2C, 0xFF, 0xF6, 0x56, 0x7D, 0x78, 0xFD, 0xAD, 0x3F, 0x44, 0x49, 0x6C, 0x6A, 0x69, 0xFB,
    0xAB, 0x82, 0x2A, 0x6B, 0xF2, 0xF6, 0xA2, 0x1D, 0xDA, 0xFB, 0x00, 0x18, 0xA1, 0x90, 0xFA, 0xE4,
    0x4D, 0xAE, 0x5E, 0x68, 0x63, 0x9F, 0x4D, 0xC5, 0x4F, 0x93, 0x04, 0x6A, 0x4B, 0x35, 0x90, 0xC0,
    0x3A, 0xB2, 0x88, 0x1C, 0x4E, 0x8D, 0xBA, 0x31, 0xB9, 0x7E, 0x6E, 0xB9, 0x26, 0x72, 0xB9, 0xCF,
    0x6D, 0xCC, 0x1C, 0x27, 0x94, 0x53, 0x1D, 0x2E, 0xEB, 0x91, 0xEF, 0xB7, 0x46, 0xAA, 0x52, 0x2A,
    0x80, 0x73, 0xA1, 0x05, 0xC3, 0xA4, 0x9E, 0xCC, 0x95, 0x74, 0x59, 0xAB, 0x6B, 0xAF, 0x9A, 0x92,
    0xA9, 0x6A, 0x0C, 0xBF, 0xAD, 0x9A, 0x71, 0xF4, 0x7A, 0xB6, 0x5B, 0xC7, 0x48, 0xEC, 0xB0, 0xB8,
    0x82, 0x89, 0x28, 0xEA, 0x27, 0x73, 0xA7, 0x6F, 0xF9, 0xD9, 0x22, 0x15, 0x07, 0x3C, 0x7E, 0xF0,
    0x18, 0x68, 0x40, 0xBF, 0x7E, 0x0C, 0xB4, 0x01, 0x3C, 0x63, 0x80, 0x51, 0x09, 0x9C, 0x8D, 0xBE,
    0xCF, 0xC4, 0xC2, 0x2F, 0x7E, 0xD9, 0xC0, 0x8F, 0x7F, 0xEC, 0x48, 0xAF, 0xFD, 0xA5, 0x43, 0x5D,
    0x6B, 0x7B, 0xB2, 0x17, 0x5B, 0x8F, 0x56, 0xED, 0x7E, 0x84, 0xC1, 0xA8, 0x76, 0x52, 0xC9, 0xB5,
    0x1F, 0x4B, 0xC3, 0xB1, 0x0A, 0xB4, 0x85, 0xB2, 0x59, 0x66, 0xF6, 0x4B, 0x41, 0xCE, 0xC3, 0x2D,
    0x8F, 0x92, 0x05, 0xEA, 0x82, 0x21, 0x2F, 0x8A, 0xEA, 0x78, 0xA1, 0xED, 0xA9, 0x22, 0xB7, 0x1B,
    0x45, 0xEE, 0xA4, 0x28, 0xBC, 0x11, 0xD8, 0x82, 0x70, 0x3C, 0xF1, 0x4B, 0xCF, 0x16, 0x83, 0x51,
    0x9F, 0x2E, 0xCD, 0x9B, 0x55, 0x34, 0x99, 0xB6, 0xD1, 0xE8, 0x7C, 0x30, 0xC7, 0x55, 0x8B, 0x5A,
    0x36, 0x3C, 0xD4, 0x8D, 0xF3, 0xDB, 0xB7, 0x82, 0x71, 0x6C, 0x76, 0x3E, 0x1A, 0x77, 0x60, 0xB6,
    0x83, 0x49, 0x9B, 0xCE, 0x04, 0xA3, 0x6C, 0x57, 0x2E, 0x8D, 0xAE, 0xB3, 0x5E, 0x87, 0xA5, 0xC6,
    0xC8, 0xC4, 0x75, 0xD2, 0x85, 0x43, 0xFB, 0x6F, 0x60, 0x32, 0xC7, 0x43, 0xD6, 0xA6, 0x31, 0xEA,
    0x66, 0x88, 0xB9, 0xC9, 0x5E, 0xAA, 0x02, 0x75, 0x8C, 0xF7, 0xD6, 0x3B, 0xEF, 0x04, 0x8A, 0x48,
    0x8B, 0x6A, 0xCE, 0xFE, 0xCC, 0x05, 0xEE, 0xB9, 0x2E, 0xD0, 0x39, 0x8F, 0xFA, 0xF3, 0xC6, 0x4D,
    0xC9, 0x7F, 0xD0, 0xBA, 0x19, 0xB3, 0x8F, 0xDD, 0xFF, 0x15, 0xAB, 0x44, 0x56, 0x48, 0x3A, 0x34,
    0x78, 0x36, 0xC0, 0xF0, 0x1E, 0xE8, 0xDA, 0x41, 0x7E, 0xCD, 0x82, 0x12, 0xA0, 0x94, 0x1E, 0x16,
    0xFB, 0x57, 0x49, 0xBA, 0x65, 0x47, 0xB2, 0xA8, 0x02, 0xB4, 0xCD, 0x9A, 0x65, 0x6F, 0x32, 0x6B,
    0x56, 0x5D, 0xCA, 0x85, 0xEA, 0x16, 0xB9, 0x58, 0x49, 0x77, 0x77, 0xDF, 0x26, 0x13, 0x19, 0x52,
    0xD8, 0xB1, 0x7C, 0x9E, 0x33, 0xCE, 0x6A, 0xD0, 0x17, 0x86, 0xF0, 0x2A, 0x12, 0xF9, 0xA5, 0x43,
    0xFD, 0x85, 0xEB, 0xC9, 0xDF, 0x77, 0x53, 0xF4, 0xFB, 0x6E, 0x9B, 0xE2, 0xBB, 0xCE, 0x60, 0x54,
    0x57, 0xD6, 0x73, 0xBD, 0xD0, 0xAD, 0x91, 0x24, 0xA6, 0x25, 0x1C, 0xF2, 0xA5, 0x55, 0x0E, 0x8F,
    0xB2, 0xD1, 0x1A, 0x34, 0xD1, 0xEA, 0x7A, 0x63, 0xB0, 0xB9, 0x7D, 0x6F, 0xB0, 0xCA, 0xB9, 0xC1,
    0x22, 0x83, 0xEF, 0x61, 0x9A, 0x13, 0x0F, 0xFD, 0x6C, 0x32, 0xA9, 0x86, 0xDF, 0x1B, 0x6D, 0x97,
    0x36, 0x8F, 0x36, 0x89, 0xCD, 0xA4, 0x60, 0x83, 0xEF, 0xCA, 0xDD, 0x66, 0xB3, 0xD6, 0x24, 0x3D,
    0xF1, 0x0C, 0x4C, 0xAA, 0x39, 0x46, 0x66, 0x2F, 0x8A, 0x33, 0xF5, 0xE9, 0xB7, 0x43, 0xB7, 0x24,
    0xE4, 0xEF, 0x89, 0x88, 0x0D, 0x7B, 0x90, 0xD7, 0xAA, 0xD1, 0xF5, 0xD7, 0x50, 0x8D, 0x6A, 0x46,
    0x81, 0x49, 0xE7, 0x50, 0xB7, 0x76, 0x65, 0x75, 0xCE, 0x51, 0x8D, 0x29, 0x74, 0xD8, 0x67, 0xAB,
    0xC8, 0xAD, 0x6A, 0x7C, 0x11, 0xF7, 0xEB, 0x0B, 0xE5, 0xF2, 0x1F, 0x38, 0xF3, 0xCD, 0x7E, 0xF6,
    0x71, 0x23, 0xED, 0xD5, 0x84, 0x13, 0x28, 0xEB, 0xE1, 0xE7, 0x0D, 0x4C, 0x56, 0xCF, 0xA3, 0xFE,
    0xC0, 0xB3, 0x8D, 0x61, 0xBA, 0x2A, 0xE7, 0x18, 0xB4, 0x0D, 0x69, 0x4F, 0x2A, 0x96, 0xE4, 0xFB,
    0x1E, 0x98, 0x00, 0x65, 0x05, 0x45, 0x3D, 0x68, 0xF8, 0x6E, 0xE0, 0x15, 0x8F, 0x96, 0x06, 0x53,
    0xC1, 0x36, 0x70, 0x99, 0x59, 0x65, 0xA2, 0xBF, 0x8B, 0x6F, 0xD7, 0x00, 0x8F, 0xB3, 0x93, 0xBD,
    0xD1, 0xA5, 0x42, 0x22, 0x14, 0x9F, 0x86, 0x64, 0xBA, 0xE7, 0xE8, 0x97, 0xBD, 0x7E, 0x25, 0x36,
    0x3D, 0xE8, 0xF5, 0xAF, 0xE6, 0xCC, 0xE5, 0x52, 0x9B, 0x8A, 0x11, 0x8C, 0x52, 0x6F, 0x64, 0x71,
    0xEC, 0x0F, 0x9F, 0x9C, 0xBD, 0x2F, 0x8D, 0xD4, 0xE5, 0x70, 0x64, 0xB4, 0x35, 0xF4, 0x77, 0x65,
    0x1E, 0xD8, 0x91, 0x35, 0x21, 0x12, 0x96, 0x47, 0x36, 0xED, 0x4C, 0xDE, 0xC0, 0x4C, 0xA4, 0x82,
    0x63, 0xB3, 0xB7, 0x00, 0x0C, 0x77, 0x72, 0x52, 0x01, 0x4A, 0x1C, 0xC0, 0xE6, 0x67, 0xF4, 0x5A,
    0xBD, 0xF9, 0xF5, 0x89, 0xDD, 0xDC, 0xCF, 0xED, 0xA6, 0xC9, 0xEC, 0xA6, 0x5E, 0x29, 0x5F, 0x6B,
    0xB9, 0x7C, 0x5C, 0x35, 0x9B, 0xA7, 0x94, 0xDB, 0xDC, 0x42, 0x66, 0x6E, 0x28, 0x84, 0x79, 0xF7,
    0xC8, 0xF0, 0x8E, 0x7A, 0xD2, 0x52, 0x54, 0x78, 0x0C, 0x6C, 0x33, 0x66, 0xFD, 0x54, 0x45, 0x2A,
    0x83, 0xC8, 0xCD, 0x19, 0xF3, 0x44, 0x84, 0x7D, 0x1E, 0x5B, 0x6E, 0x18, 0x76, 0x19, 0x76, 0xBE,
    0xFD, 0x49, 0x4B, 0x7F, 0x72, 0x48, 0x27, 0x90, 0x54, 0xB0, 0xEC, 0xBF, 0x3B, 0x4A, 0x3C, 0x63,
    0xC6, 0x6C, 0xAD, 0xFA, 0xF0, 0x32, 0x37, 0xCC, 0x2F, 0x0A, 0x3E, 0x29, 0x87, 0xE5, 0xA1, 0x56,
    0x63, 0x03, 0xFD, 0xDD, 0x1E, 0x75, 0xF0, 0x54, 0x31, 0x06, 0x39, 0x69, 0x30, 0xAD, 0xB6, 0xBC,
    0x57, 0x05, 0x38, 0xB2, 0x96, 0x16, 0xE5, 0x52, 0x4B, 0xEA, 0x94, 0x85, 0x5E, 0xD5, 0xE0, 0xB3,
    0x0A, 0xA6, 0x1A, 0x18, 0x47, 0x98, 0xA7, 0x80, 0xF2, 0x0C, 0xA0, 0xA7, 0x11, 0xFD, 0xFA, 0x5E,
    0xFE, 0x80, 0x36, 0x36, 0x09, 0x78, 0x4B, 0x3A, 0xE5, 0x0B, 0xAB, 0xFF, 0x95, 0xB6, 0x9A, 0xDC,
    0x3E, 0xC3, 0x90, 0x93, 0xDD, 0x88, 0xD4, 0xBD, 0x00, 0xFD, 0x1E, 0x78, 0x07, 0x5B, 0x0D, 0x18,
    0xBB, 0x54, 0x51, 0x03, 0x40, 0xD2, 0x79, 0x60, 0x3A, 0x02, 0x36, 0x0A, 0x40, 0x67, 0x15, 0xC0,
    0xA3, 0xF4, 0x17, 0x40, 0xFF, 0xBE, 0x25, 0xBB, 0xD6, 0x92, 0x38, 0x07, 0x97, 0xCE, 0x02, 0x0F,
    0x98, 0x0E, 0x80, 0x99, 0x07, 0x88, 0x4F, 0x99, 0x6A, 0x80, 0x58, 0xB0, 0x01, 0x94, 0xCB, 0xA8,
    0x31, 0x24, 0xDD, 0xEE, 0x95, 0xD3, 0x57, 0xC6, 0xE0, 0x63, 0x43, 0x72, 0x1F, 0xBC, 0xA9, 0x74,
    0x15, 0xAD, 0xAE, 0x34, 0x3E, 0x5A, 0x7B, 0x7C, 0xB0, 0x99, 0x3D, 0x43, 0x5C, 0xAF, 0xDA, 0xD1,
    0x60, 0x53, 0x77, 0x96, 0xCB, 0xE0, 0xE9, 0xF6, 0x30, 0xD0, 0xE3, 0x1D, 0x25, 0xA9, 0x63, 0xBB,
    0x59, 0xC6, 0x63, 0x2C, 0xB1, 0xC0, 0xA3, 0xB4, 0x20, 0x73, 0xD0, 0xAB, 0x87, 0x73, 0x1A, 0x00,
    0xF8, 0xDA, 0xCA, 0x8E, 0x56, 0xB6, 0x1F, 0xC8, 0x49, 0xB7, 0x72, 0xBD, 0x06, 0xAE, 0x7E, 0x6B,
    0xB7, 0xDE, 0xAD, 0x73, 0xF9, 0xB9, 0x58, 0xB1, 0x25, 0xFE, 0x32, 0x65, 0xCC, 0x66, 0x66, 0x18,
    0x0A, 0x60, 0x4A, 0x46, 0x4C, 0x29, 0x75, 0x7D, 0x16, 0x1F, 0x8C, 0xDD, 0x8B, 0x46, 0x35, 0x6E,
    0x30, 0xAE, 0x89, 0xDB, 0x92, 0x9F, 0xD9, 0x21, 0xEF, 0xFD, 0xC2, 0x0E, 0xD9, 0x6F, 0x56, 0x0D,
    0x39, 0xD0, 0x30, 0x64, 0xC2, 0x31, 0xF0, 0xF4, 0xCA, 0x81, 0xB5, 0xE9, 0x60, 0x3D, 0x7E, 0x83,
    0x0B, 0x16, 0x80, 0xC5, 0xC0, 0x73, 0x80, 0xEA, 0x80, 0x52, 0x6A, 0x52, 0x11, 0x47, 0xDE, 0xEC,
    0x78, 0x8A, 0x1A, 0x83, 0x81, 0xA2, 0x0A, 0xD0, 0xF6, 0x72, 0xC4, 0xFE, 0x1A, 0xF3, 0xF5, 0xB7,
    0xED, 0x88, 0x71, 0xC4, 0xB0, 0x73, 0x51, 0x61, 0xD0, 0xF6, 0xDC, 0x14, 0x25, 0xD2, 0xC1, 0x44,
    0x6A, 0x50, 0x3D, 0xC0, 0x0E, 0xA0, 0x81, 0x49, 0x43, 0x26, 0x73, 0x8A, 0x97, 0xCA, 0x6A, 0x3C,
    0x74, 0x3B, 0x33, 0x3B, 0x45, 0xB5, 0x7E, 0xA5, 0xE9, 0x52, 0xCD, 0x06, 0x99, 0x8D, 0x41, 0xE9,
    0x4F, 0x67, 0xA4, 0xD2, 0x43, 0x59, 0xC3, 0xE3, 0x00, 0x97, 0x01, 0x12, 0xB9, 0x09, 0xA8, 0xF7,
    0xA5, 0x06, 0xF2, 0xF7, 0x01, 0x32, 0x0B, 0xA0, 0x6A, 0x80, 0xE3, 0xAC, 0x27, 0x69, 0x4C, 0x4F,
    0xF6, 0xD7, 0xEE, 0xEA, 0x04, 0x5D, 0xB9, 0x3E, 0x3A, 0xBA, 0xF3, 0x7C, 0x16, 0x08, 0xAA, 0xBD,
    0x1C, 0xE9, 0xB6, 0x07, 0xEE, 0x7F, 0x2E, 0x97, 0x7B, 0x1A, 0x20, 0x0B, 0x54, 0xE8, 0xA6, 0xB0,
    0xF1, 0x93, 0xDF, 0x92, 0x5B, 0x42, 0x1A, 0xDB, 0xFD, 0xD1, 0xBF, 0xA4, 0x02, 0xD3, 0x02, 0x33,
    0x69, 0xA0, 0x7D, 0x27, 0x40, 0x1D, 0x1E, 0x30, 0xA3, 0x2A, 0x00, 0x20, 0xED, 0xD3, 0x0E, 0x2D,
    0x85, 0x30, 0xCE, 0xB7, 0x75, 0xBD, 0x95, 0x9D, 0x8A, 0x47, 0x02, 0xD5, 0xF8, 0x80, 0xF6, 0x0E,
    0x0C, 0x1B, 0xB6, 0x20, 0xB3, 0x63, 0x5A, 0x6D, 0x8B, 0xDF, 0x9B, 0x97, 0x64, 0x72, 0x71, 0x0E,
    0x27, 0xA8, 0x58, 0x8E, 0xA7, 0x81, 0x1B, 0x7F, 0xD5, 0x00, 0x55, 0x55, 0xFD, 0x03, 0xB4, 0xCF,
    0x29, 0x64, 0x1E, 0x30, 0x9B, 0xC2, 0x93, 0x4F, 0x3E, 0x09, 0xC0, 0x43, 0x6A, 0xB3, 0x03, 0x30,
    0x11, 0xD2, 0xF0, 0x58, 0x39, 0xFF, 0xD5, 0x63, 0xE5, 0x6A, 0x0C, 0x6C, 0x03, 0xFB, 0x2B, 0xCD,
    0x57, 0xF6, 0x2A, 0x60, 0x0E, 0x3D, 0x56, 0x06, 0xB5, 0xF8, 0xAF, 0x30, 0x3B, 0xB8, 0x89, 0x76,
    0x9B, 0x92, 0x39, 0x68, 0xB1, 0x0C, 0x1D, 0xFB, 0x32, 0xE9, 0x36, 0x70, 0x5B, 0x5C, 0x99, 0x1E,
    0xBE, 0xD7, 0xB9, 0x0D, 0x06, 0xF4, 0x27, 0xB5, 0x12, 0x4B, 0x61, 0xD1, 0x87, 0x67, 0xFE, 0x11,
    0x30, 0x86, 0x66, 0x44, 0xE2, 0x3B, 0x30, 0x0E, 0xB2, 0x1E, 0x72, 0xA9, 0xD0, 0xDA, 0xBE, 0x3E,
    0x86, 0xC9, 0x14, 0x74, 0x0F, 0x43, 0x53, 0xF0, 0xD3, 0x86, 0xFC, 0x83, 0x06, 0x7D, 0x7B, 0x46,
    0x4D, 0x9B, 0x89, 0xB4, 0x33, 0xB1, 0x67, 0x81, 0xC7, 0x48, 0xC5, 0xCE, 0x6E, 0x35, 0x7F, 0xC2,
    0xCE, 0xD3, 0xDB, 0xEF, 0x8D, 0x9E, 0x78, 0x7A, 0xFB, 0x1B, 0xA3, 0x9D, 0xB2, 0x65, 0x22, 0xCD,
    0x5E, 0xD1, 0x02, 0xF9, 0x15, 0x00, 0x30, 0xFD, 0xD2, 0x6E, 0x8E, 0x96, 0xF6, 0xD5, 0xE8, 0xC8,
    0x7A, 0x9A, 0x59, 0xC8, 0xE6, 0x24, 0xE2, 0x40, 0x0B, 0xA9, 0xBD, 0x04, 0xA7, 0x54, 0xC5, 0x17,
    0x4C, 0x49, 0xB5, 0x64, 0xD9, 0x01, 0x14, 0xFD, 0xC6, 0x14, 0x60, 0x3C, 0xBD, 0xF4, 0x24, 0xC0,
    0xF3, 0x4F, 0xF1, 0x45, 0xD3, 0x3F, 0x01, 0xD8, 0x01, 0x69, 0x20, 0x5F, 0x90, 0xFC, 0x95, 0x1B,
    0x1A, 0x92, 0x69, 0xFD, 0x3C, 0x3C, 0x79, 0x28, 0xFE, 0xC2, 0x2D, 0xAD, 0xF1, 0x4B, 0xBB, 0x77,
    0x8A, 0x43, 0x93, 0xAA, 0x97, 0x36, 0x5B, 0x59, 0x5D, 0xAD, 0x2C, 0x83, 0x2B, 0x14, 0x00, 0x43,
    0xE6, 0xE5, 0x12, 0x8C, 0x81, 0xBC, 0x83, 0x02, 0x98, 0x58, 0xD0, 0x76, 0xB9, 0x2E, 0xE3, 0x73,
    0xA7, 0x6A, 0xE0, 0xB9, 0xC1, 0x5D, 0x58, 0x30, 0x71, 0x00, 0xE2, 0xD2, 0xC1, 0x1E, 0x73, 0xDC,
    0xCB, 0xF4, 0xE4, 0xAA, 0x00, 0x32, 0xAC, 0x6E, 0x02, 0x57, 0x24, 0xC2, 0xB1, 0x4A, 0x5B, 0x92,
    0x16, 0x5D, 0x2B, 0xBB, 0xF4, 0x3F, 0xB1, 0x70, 0xF7, 0xDA, 0x02, 0x00, 0xCE, 0x28, 0x0B, 0x1B,
    0xAA, 0x01, 0xF3, 0x8E, 0x85, 0x6C, 0xF1, 0xA8, 0x47, 0x0F, 0xF9, 0xB5, 0x0F, 0x9B, 0x00, 0xEE,
    0x00, 0x69, 0x0B, 0x50, 0xD1, 0x7C, 0xE5, 0xA1, 0x3D, 0x0C, 0x5A, 0x45, 0x74, 0x16, 0x78, 0x17,
    0x70, 0x90, 0x04, 0x51, 0xA9, 0xC0, 0x03, 0xFD, 0xD6, 0x8D, 0x73, 0x18, 0x71, 0xEB, 0xE5, 0xB5,
    0x86, 0xFE, 0xEE, 0xAC, 0x8E, 0x0D, 0x7E, 0xE5, 0xEE, 0xFC, 0x64, 0x6D, 0x76, 0xE3, 0xA2, 0x35,
    0x32, 0x07, 0x1E, 0xBC, 0x4F, 0x6E, 0xE4, 0x26, 0x27, 0x87, 0xB8, 0xF2, 0x23, 0xE2, 0xFA, 0x79,
    0xD0, 0x7F, 0x6C, 0x94, 0x9B, 0xD4, 0x4A, 0x84, 0xB0, 0x26, 0xEC, 0x97, 0x1C, 0x4A, 0x43, 0xD6,
    0x83, 0x11, 0xCB, 0x6B, 0xDF, 0xEA, 0x99, 0x7D, 0x28, 0x55, 0xDE, 0x6B, 0x9B, 0x39, 0xD5, 0x66,
    0x4D, 0xF0, 0xD4, 0xA6, 0x87, 0xD5, 0xBC, 0x18, 0xBC, 0xFF, 0xB1, 0xCB, 0x42, 0x98, 0xD9, 0x62,
    0x62, 0xB3, 0x0F, 0x85, 0xCC, 0xBE, 0x5C, 0x85, 0x6D, 0x36, 0xB3, 0x10, 0xA5, 0xDB, 0x83, 0x76,
    0x4F, 0x6A, 0x41, 0x0D, 0x32, 0x22, 0xF6, 0xE4, 0xAD, 0xDD, 0x21, 0xDE, 0xFB, 0xD0, 0xDA, 0x47,
    0x38, 0x01, 0x67, 0xC3, 0x7C, 0x7A, 0xB7, 0x9F, 0x48, 0x97, 0x35, 0xA8, 0xBB, 0xCF, 0xB9, 0x63,
    0x26, 0x18, 0x91, 0xE6, 0xE4, 0xAD, 0xEF, 0xB7, 0xCA, 0x71, 0xA0, 0x2B, 0xB7, 0x07, 0x3D, 0x11,
    0xC7, 0x3F, 0xBB, 0x75, 0xE5, 0x0B, 0xA3, 0x3E, 0xBD, 0xFB, 0xF6, 0x44, 0x7C, 0xD6, 0x8C, 0x54,
    0x73, 0x46, 0x35, 0xA7, 0x54, 0x13, 0x7E, 0xC5, 0x44, 0xEE, 0x23, 0xC6, 0x21, 0x73, 0x88, 0xD4,
    0xCA, 0x69, 0x17, 0x2B, 0x3D, 0xE5, 0xF0, 0x41, 0xDB, 0x41, 0xE3, 0x20, 0x93, 0xF5, 0x18, 0x23,
    0x76, 0x0C, 0x44, 0x6D, 0x27, 0x0E, 0x9F, 0xBA, 0xA4, 0x4B, 0xE6, 0xF1, 0x32, 0x90, 0x8A, 0xE4,
    0x5C, 0xF4, 0x86, 0xE0, 0x0E, 0xC1, 0x1F, 0x82, 0x43, 0x04, 0x8F, 0x56, 0x99, 0xA5, 0x42, 0x89,
    0x47, 0x35, 0x93, 0x20, 0x5D, 0x2F, 0x33, 0x4D, 0x6E, 0x73, 0x97, 0xD9, 0x99, 0x64, 0xEB, 0x01,
    0x47, 0x89, 0x0D, 0xDB, 0x5A, 0xBD, 0xBC, 0x50, 0x66, 0x0E, 0x53, 0x9B, 0x05, 0x0B, 0x66, 0x6D,
    0xD1, 0x29, 0xE1, 0xF9, 0x77, 0xC3, 0x36, 0x0D, 0x23, 0xD5, 0x9E, 0x02, 0x9E, 0x52, 0xED, 0x59,
    0x20, 0x57, 0xED, 0x25, 0x40, 0xBD, 0xD8, 0xB6, 0x10, 0x6F, 0x88, 0x58, 0x20, 0x11, 0x89, 0x46,
    0x8B, 0xF4, 0x80, 0x51, 0xAD, 0x07, 0x2E, 0xAB, 0xD6, 0x00, 0x5E, 0xB5, 0x65, 0x45, 0xD2, 0xAB,
    0x76, 0xE8, 0x1B, 0xAB, 0x36, 0x6F, 0xC8, 0x5B, 0xD5, 0x2A, 0x47, 0x19, 0x3C, 0x4A, 0xE6, 0x08,
    0x26, 0x44, 0x6A, 0x01, 0xD0, 0x87, 0x06, 0x82, 0x24, 0x4B, 0xC3, 0x61, 0x53, 0x7D, 0x95, 0xDD,
    0x9D, 0x27, 0xAA, 0x89, 0x15, 0x67, 0x9A, 0xFF, 0xE6, 0x8A, 0xEA, 0x46, 0x7B, 0xE2, 0xAC, 0x4E,
    0x6D, 0xC5, 0x33, 0x3A, 0xAB, 0x40, 0x6B, 0x0D, 0xE4, 0xB2, 0x00, 0xCC, 0xE0, 0x99, 0xD7, 0x43,
    0xEF, 0x50, 0x27, 0x1D, 0xCA, 0x69, 0x3C, 0x79, 0xA3, 0xB9, 0x4C, 0x69, 0xCB, 0xDA, 0x34, 0x82,
    0x38, 0xDD, 0x03, 0xB0, 0xE4, 0xEB, 0x03, 0xCF, 0x7E, 0x86, 0x27, 0xE0, 0xFE, 0x7A, 0xD0, 0xCF,
    0x07, 0xF5, 0xE1, 0xBB, 0xC7, 0x30, 0xFB, 0xE6, 0x9C, 0x42, 0xDC, 0xB0, 0x3B, 0x83, 0x9F, 0x15,
    0xE8, 0x1A, 0x04, 0x78, 0x16, 0x8E, 0xF5, 0x4C, 0x66, 0xB5, 0xCF, 0x9A, 0x70, 0xF4, 0x87, 0xDC,
    0x64, 0xB5, 0x0C, 0x15, 0x73, 0xCC, 0xE6, 0xCE, 0x0D, 0xB3, 0xD7, 0xD6, 0x08, 0x89, 0x1B, 0x5C,
    0x1D, 0xC5, 0x59, 0x79, 0x92, 0x2B, 0x18, 0x61, 0x32, 0xDC, 0xCE, 0xA8, 0x95, 0x53, 0xD7, 0xAA,
    0x98, 0x54, 0x94, 0x7B, 0x2A, 0x62, 0x14, 0x71, 0x29, 0xC2, 0x05, 0x48, 0x1B, 0xE1, 0x03, 0x9C,
    0x89, 0x28, 0xAB, 0x00, 0x6D, 0x03, 0x56, 0xF7, 0x2B, 0x02, 0x86, 0x3B, 0x14, 0x2C, 0x30, 0x52,
    0x99, 0xF5, 0xD0, 0x28, 0xD6, 0x60, 0x6F, 0x8D, 0x13, 0xAF, 0xBD, 0x9D, 0xEC, 0x4C, 0xE6, 0xDA,
    0x67, 0xED, 0x73, 0x5B, 0xAA, 0xD9, 0x3C, 0xA1, 0x1A, 0x87, 0xFA, 0x81, 0x45, 0x49, 0x1D, 0xE4,
    0x50, 0x8D, 0x0F, 0xBA, 0x1C, 0x64, 0x82, 0x0A, 0x9B, 0x3B, 0xDD, 0xCD, 0x96, 0x37, 0xBA, 0xC7,
    0xAB, 0x5A, 0xE5, 0xF8, 0x6D, 0x7A, 0xCC, 0x08, 0xA5, 0x3D, 0x79, 0x13, 0x69, 0x82, 0x1B, 0x7F,
    0x6E, 0x63, 0x79, 0x85, 0xFA, 0xD9, 0xEF, 0x83, 0xFA, 0xF9, 0xFF, 0x8A, 0xF8, 0xBB, 0x88, 0x2E,
    0xE0, 0x97, 0x11, 0x22, 0x71, 0xF1, 0xE3, 0x3A, 0xE0, 0x43, 0x1B, 0x70, 0xCD, 0x85, 0x9D, 0xDF,
    0xE8, 0x50, 0x0E, 0x1F, 0xB1, 0x4F, 0xD6, 0xC7, 0xAC, 0x2D, 0x95, 0x76, 0xAF, 0xBD, 0xCD, 0x5B,
    0x93, 0xB9, 0x5A, 0x64, 0xAD, 0xFE, 0xD7, 0xEA, 0xA3, 0x33, 0x8F, 0xA9, 0x1F, 0x9D, 0x45, 0xFD,
    0xC8, 0xA1, 0xA4, 0x0D, 0xF2, 0xE1, 0xFB, 0x24, 0xC8, 0x54, 0xEA, 0xA3, 0x78, 0xC5, 0xE8, 0x26,
    0x77, 0x2A, 0x78, 0x8A, 0xDC, 0x71, 0x64, 0x8D, 0xBC, 0x14, 0x8B, 0xFD, 0xFB, 0x3D, 0xB2, 0x3E,
    0x7A, 0x24, 0x04, 0x8F, 0x4A, 0x7B, 0xE8, 0x09, 0xD2, 0xFA, 0x09, 0x6E, 0xB2, 0x13, 0x62, 0xF7,
    0xAA, 0x39, 0xEA, 0x78, 0x76, 0x47, 0x1D, 0x4F, 0x17, 0x8E, 0xA7, 0x8F, 0x85, 0x61, 0xF7, 0x27,
    0x93, 0xA6, 0xF0, 0x7B, 0x25, 0xA3, 0xB3, 0x94, 0xEC, 0x11, 0xD0, 0x04, 0xA4, 0x36, 0x40, 0x55,
    0x01, 0x9A, 0x80, 0xAB, 0x11, 0xD2, 0x04, 0x28, 0x17, 0x90, 0xF4, 0x01, 0xF8, 0x88, 0x49, 0x84,
    0x61, 0x59, 0xE7, 0x4E, 0x6A, 0xED, 0x94, 0x74, 0xE9, 0x3C, 0x3C, 0xBA, 0xFC, 0x2A, 0x33, 0x69,
    0x67, 0x76, 0xCF, 0x24, 0xBF, 0xB0, 0xAF, 0x1A, 0x65, 0x2B, 0x8C, 0x06, 0xCC, 0x33, 0x11, 0xF3,
    0x08, 0xA9, 0x03, 0x74, 0x13, 0xA0, 0x5C, 0x40, 0xDA, 0x05, 0xE0, 0x61, 0x52, 0xCD, 0xAA, 0x4C,
    0x5C, 0x39, 0xDC, 0x71, 0xF3, 0xE1, 0xBC, 0x4E, 0xFE, 0xF7, 0x70, 0x6F, 0xED, 0xEE, 0x10, 0x91,
    0x3A, 0xDC, 0x56, 0xBB, 0x30, 0x2C, 0xDE, 0x1D, 0x59, 0x4F, 0xD9, 0x18, 0xF9, 0x96, 0x78, 0x20,
    0x59, 0xB7, 0x0A, 0x38, 0x03, 0x70, 0xEA, 0xA0, 0x99, 0xC3, 0x63, 0xA7, 0xDF, 0x7E, 0x62, 0xB7,
    0x0A, 0x19, 0x54, 0xEA, 0xAC, 0x4D, 0x7A, 0x54, 0x43, 0x77, 0x3B, 0x6E, 0xED, 0x06, 0x88, 0x1C,
    0x5A, 0xB7, 0x46, 0xEE, 0xD4, 0x9C, 0xD9, 0xA2, 0x58, 0x16, 0x70, 0x11, 0xEA, 0x08, 0x40, 0x4C,
    0x9B, 0x34, 0x31, 0x71, 0x1F, 0xB5, 0x83, 0x73, 0xB7, 0xB3, 0x1A, 0xC8, 0x21, 0xC6, 0x34, 0x32,
    0x24, 0x72, 0x58, 0xF3, 0x45, 0x1C, 0xD2, 0xCA, 0x32, 0xB1, 0x31, 0x3D, 0x6F, 0xC7, 0xF4, 0xF8,
    0x90, 0x9E, 0xEE, 0x4C, 0xF4, 0xF3, 0x54, 0xC4, 0x63, 0xF7, 0x96, 0x1E, 0xBF, 0x4C, 0x8F, 0x11,
    0x11, 0x07, 0xA1, 0x46, 0x9E, 0x5D, 0x01, 0xE5, 0x30, 0xDC, 0xB3, 0x91, 0x7A, 0x69, 0xFA, 0xC1,
    0x20, 0x4B, 0x53, 0x56, 0x83, 0xD1, 0x76, 0x30, 0x79, 0x33, 0x18, 0xD5, 0xAE, 0x4C, 0xD6, 0x33,
    0xA9, 0x54, 0x6B, 0xE4, 0x45, 0x59, 0x3D, 0xED, 0x23, 0x6B, 0x00, 0xC8, 0x2D, 0xF0, 0x35, 0xB4,
    0x85, 0x21, 0x14, 0xA0, 0xFC, 0xF3, 0x39, 0x40, 0x2E, 0x1D, 0x00, 0x4F, 0x13, 0xC7, 0x6C, 0xEC,
    0xC2, 0x44, 0x44, 0x20, 0x8B, 0x41, 0xA3, 0x8E, 0xE2, 0xAD, 0x2B, 0x91, 0x32, 0x8F, 0x74, 0xA6,
    0x8A, 0xD4, 0x36, 0x32, 0x6B, 0x22, 0x55, 0x9B, 0xBB, 0xAC, 0x53, 0xED, 0x6C, 0x61, 0x64, 0xE9,
    0xC4, 0x8A, 0x0D, 0xD0, 0x66, 0x16, 0x12, 0xA7, 0x6B, 0x60, 0x3E, 0x01, 0x98, 0xF4, 0xC0, 0xF0,
    0xC5, 0x83, 0xBA, 0xF9, 0xEF, 0x58, 0x3A, 0x59, 0x54, 0x79, 0x8D, 0x61, 0xD6, 0x33, 0x4E, 0xBA,
    0x29, 0xFB, 0xCA, 0x99, 0x25, 0xE6, 0x11, 0x3E, 0x5B, 0x2E, 0xAE, 0x30, 0x8E, 0x30, 0xCA, 0x8D,
    0xE3, 0x75, 0x36, 0x45, 0xDB, 0x45, 0x87, 0xEA, 0x4D, 0x0B, 0x33, 0xF9, 0xA9, 0x25, 0xF9, 0xA6,
    0xD4, 0x00, 0x70, 0xB1, 0x22, 0x13, 0x4B, 0x51, 0xC1, 0x98, 0xF7, 0xD8, 0xCA, 0x84, 0xA9, 0x7E,
    0xC9, 0xFA, 0x22, 0xB3, 0xBE, 0xCC, 0x9A, 0x69, 0x99, 0xD9, 0x69, 0xF8, 0xBE, 0xA1, 0xDF, 0xB4,
    0x46, 0x7F, 0x58, 0xE9, 0x1F, 0x2C, 0x96, 0x37, 0x40, 0x1E, 0x3F, 0xD9, 0x3C, 0x60, 0x97, 0xF3,
    0xF0, 0x48, 0xE6, 0xE1, 0x28, 0xB4, 0x80, 0x5B, 0x4A, 0x07, 0x1D, 0xAB, 0xB8, 0x87, 0x2E, 0xE7,
    0x0B, 0xFA, 0x13, 0xA7, 0xA4, 0x61, 0x04, 0xFA, 0x60, 0x16, 0xF8, 0x3A, 0x13, 0x11, 0x7F, 0x35,
    0x8C, 0x8C, 0x7E, 0x57, 0xDB, 0xD1, 0x5E, 0xD0, 0xAB, 0xDA, 0x7E, 0x85, 0x2F, 0xF9, 0x36, 0x4A,
    0x22, 0x8B, 0x95, 0xE7, 0xDF, 0xB8, 0xA3, 0xC2, 0x18, 0x32, 0x47, 0x3D, 0x13, 0xB1, 0xEF, 0x16,
    0xA9, 0xDD, 0x2B, 0x12, 0xFB, 0x6A, 0x81, 0xA5, 0x80, 0xBB, 0xCA, 0x34, 0xCB, 0x62, 0x9A, 0xA8,
    0xD1, 0x1D, 0x02, 0x23, 0x99, 0xD8, 0x38, 0xE2, 0x17, 0xE5, 0xD8, 0x22, 0xED, 0xD8, 0x03, 0x8F,
    0x83, 0xCB, 0xCA, 0x82, 0x51, 0x35, 0xE8, 0x37, 0x09, 0xF8, 0x3F, 0x80, 0xF2, 0x40, 0xDA, 0x45,
    0xB8, 0xBB, 0x40, 0x79, 0x56, 0x0D, 0xEC, 0x9D, 0xD3, 0x3B, 0xD2, 0x99, 0xEE, 0x57, 0x0F, 0x4A,
    0x73, 0x54, 0x73, 0x1C, 0xE5, 0x4E, 0x2D, 0x87, 0xE5, 0xF4, 0x2F, 0x80, 0xDF, 0x83, 0x2D, 0x07,
    0xE3, 0x66, 0x7D, 0x37, 0x11, 0x5D, 0x1D, 0x96, 0xB1, 0xA4, 0xE2, 0xEF, 0xDB, 0xD3, 0x7F, 0x7C,
    0xA3, 0x02, 0x11, 0xF7, 0xF0, 0x3D, 0xCD, 0x64, 0x31, 0xD8, 0x3B, 0x3D, 0x9D, 0xDD, 0x3E, 0x24,
    0xBC, 0xB9, 0xF7, 0x21, 0xE1, 0x67, 0xAE, 0x02, 0xAF, 0x1B, 0xC0, 0x15, 0x96, 0xD4, 0xEA, 0x66,
    0x3D, 0x24, 0x7C, 0x8E, 0xB8, 0x52, 0x2C, 0x50, 0x1C, 0x2E, 0x8F, 0x93, 0x35, 0xA8, 0x0E, 0x06,
    0x3E, 0xE5, 0xF7, 0x3E, 0xF0, 0xA9, 0x11, 0x77, 0x64, 0xE6, 0x38, 0x03, 0x30, 0x11, 0xF9, 0x50,
    0x9A, 0xAB, 0xB3, 0x77, 0x3E, 0x90, 0xEA, 0xDD, 0x52, 0x59, 0xCF, 0x5E, 0xE0, 0x94, 0x57, 0xCB,
    0xA4, 0x9E, 0x42, 0x09, 0x0F, 0x48, 0x73, 0xFE, 0xFC, 0x02, 0x25, 0x61, 0x6A, 0x01, 0xF2, 0x81,
    0xE9, 0x40, 0xEE, 0xE4, 0x90, 0xF7, 0xBF, 0x77, 0xFA, 0x7B, 0x33, 0x11, 0xB3, 0x78, 0x77, 0x43,
    0x2B, 0xB7, 0x17, 0xD0, 0xBE, 0xBA, 0x71, 0x4C, 0xB5, 0x6C, 0xF0, 0x85, 0x58, 0xA0, 0xBA, 0x4C,
    0xC2, 0x04, 0x60, 0x00, 0xF4, 0x1A, 0xF9, 0x1A, 0xC9, 0x9D, 0x23, 0xE0, 0xEF, 0x0A, 0xC7, 0x84,
    0x74, 0x7E, 0x52, 0x40, 0xC4, 0xC0, 0xB1, 0x2B, 0x01, 0x70, 0x14, 0x56, 0x23, 0xE0, 0x09, 0xBC,
    0xA3, 0x51, 0xF9, 0xFC, 0x1A, 0xA1, 0x65, 0x79, 0xFA, 0xED, 0x99, 0x9F, 0xCC, 0xE3, 0x50, 0xE8,
    0xDC, 0x66, 0x76, 0xAD, 0xC8, 0x1B, 0x33, 0xAB, 0xE4, 0xAF, 0x2D, 0xFF, 0x34, 0xB3, 0x70, 0x20,
    0xDD, 0x81, 0x2C, 0x80, 0xCB, 0x47, 0xB5, 0x2C, 0x3F, 0x67, 0x24, 0xFF, 0xAB, 0x11, 0x7B, 0x07,
    0x70, 0x01, 0xE9, 0xFC, 0xEF, 0xD7, 0x23, 0xF9, 0xBB, 0x31, 0xB0, 0x77, 0x18, 0xAF, 0xDE, 0x9E,
    0x8E, 0x23, 0x87, 0xB6, 0x5D, 0x7B, 0x73, 0x90, 0xFA, 0xC5, 0x1F, 0x2F, 0x87, 0xB6, 0xFD, 0xD6,
    0x9B, 0x16, 0x15, 0xF5, 0xD2, 0x7A, 0x68, 0x9B, 0x11, 0x96, 0x4F, 0x7D, 0x51, 0xEE, 0x28, 0x3C,
    0x5E, 0xA1, 0x7E, 0x36, 0xF4, 0x15, 0x7F, 0x38, 0x47, 0x75, 0xC3, 0x31, 0x5E, 0xA2, 0x3C, 0x02,
    0x86, 0x58, 0xCB, 0xD6, 0xB1, 0x8E, 0xED, 0x67, 0x07, 0x23, 0x2C, 0x6E, 0xD7, 0x07, 0x3D, 0xD9,
    0xC7, 0x42, 0xD6, 0x17, 0x36, 0x6B, 0x73, 0x9B, 0x35, 0x99, 0xCD, 0xAC, 0xBA, 0x9B, 0x1A, 0xDD,
    0x2A, 0x37, 0xF3, 0xCA, 0x03, 0x00, 0x93, 0x39, 0xC3, 0xCB, 0x32, 0xC3, 0x80, 0x77, 0x8A, 0x65,
    0x75, 0x9F, 0x74, 0xAF, 0x8F, 0xA1, 0xEF, 0xF7, 0xC1, 0xFB, 0x88, 0x89, 0x88, 0xF8, 0x3C, 0xA0,
    0x67, 0x0E, 0xB0, 0xBF, 0xBE, 0x0B, 0x6E, 0xD6, 0xEF, 0xB7, 0xEA, 0x06, 0x47, 0xA8, 0x71, 0x6E,
    0x7B, 0x61, 0x68, 0x7D, 0x6B, 0xD3, 0x28, 0xF7, 0xC2, 0x16, 0x5D, 0xE7, 0xE9, 0xFB, 0x7E, 0x08,
    0xCE, 0x1F, 0x5B, 0xEC, 0xBE, 0x45, 0x0F, 0x78, 0x60, 0x0A, 0x8C, 0x79, 0x9E, 0xF2, 0xA7, 0x8E,
    0x4C, 0x2C, 0x3C, 0xCD, 0x23, 0xF7, 0x4F, 0x3B, 0x40, 0x35, 0x11, 0x16, 0x48, 0xD7, 0x80, 0x07,
    0x70, 0xFC, 0x60, 0x80, 0xE4, 0x59, 0xE0, 0x85, 0x95, 0x4E, 0x60, 0x24, 0x66, 0x08, 0xE5, 0xEE,
    0x75, 0xCE, 0x86, 0x71, 0x5B, 0x70, 0x2A, 0xAD, 0x01, 0x36, 0x54, 0x0B, 0x60, 0x2E, 0x58, 0x80,
    0x7C, 0xC1, 0x7A, 0xFA, 0x07, 0x7E, 0x1F, 0x32, 0xA3, 0x05, 0x8D, 0x0B, 0xF8, 0x28, 0x20, 0x95,
    0x1A, 0x80, 0x87, 0x34, 0xCE, 0xFC, 0xDE, 0x3B, 0xBF, 0x8B, 0x08, 0x69, 0x51, 0x2E, 0xEB, 0x03,
    0x98, 0x1F, 0xBE, 0xA4, 0x74, 0x75, 0xD0, 0xB9, 0xD0, 0x43, 0xA7, 0xB1, 0x06, 0x8A, 0x0A, 0x28,
    0xE1, 0x75, 0x0C, 0x78, 0xA2, 0x43, 0xDF, 0xEE, 0x60, 0x59, 0xF7, 0x9C, 0x83, 0xD7, 0xDE, 0x4E,
    0xAF, 0x4C, 0xE6, 0xBA, 0xCF, 0xDA, 0x8D, 0xD7, 0x55, 0xB3, 0x77, 0x42, 0x35, 0xCD, 0xAA, 0xC7,
    0xD6, 0xAF, 0x6E, 0xDB, 0xE5, 0xCB, 0xE6, 0x67, 0x43, 0x17, 0xE4, 0x73, 0x87, 0x9F, 0x2D, 0xF0,
    0x30, 0xA8, 0x67, 0x33, 0x59, 0x8E, 0x7F, 0xBE, 0x7A, 0xC1, 0x52, 0xCE, 0x79, 0x64, 0x2F, 0x31,
    0xBA, 0x13, 0x40, 0x0B, 0x24, 0xEB, 0xBC, 0x3C, 0x20, 0xAF, 0x81, 0xC7, 0xB9, 0xCF, 0x31, 0xEC,
    0xFD, 0x09, 0xD8, 0x04, 0xDC, 0x52, 0x69, 0xBB, 0x0C, 0x35, 0xA9, 0x1E, 0x72, 0x8F, 0xEF, 0xE8,
    0x93, 0xF2, 0x3C, 0xEB, 0x93, 0xF2, 0x72, 0x07, 0x85, 0xD4, 0x3C, 0x58, 0x8F, 0x2F, 0x60, 0xB6,
    0x08, 0x80, 0x01, 0x89, 0x83, 0xDF, 0x4E, 0x03, 0x3A, 0xD5, 0xC2, 0xE2, 0x82, 0x85, 0x72, 0x01,
    0x8F, 0xAC, 0x37, 0xBB, 0x00, 0x78, 0x6A, 0xDD, 0x91, 0x1D, 0xAD, 0xEF, 0x49, 0x39, 0x80, 0x73,
    0xF7, 0x3D, 0xCA, 0x7F, 0x7D, 0x2B, 0x9B, 0xBD, 0xDB, 0x6F, 0x65, 0x3F, 0xA2, 0xBA, 0x3D, 0x17,
    0x17, 0xD0, 0x12, 0x50, 0x47, 0x70, 0x08, 0xC0, 0x97, 0xAF, 0xDB, 0x8B, 0x16, 0x86, 0x72, 0x00,
    0x70, 0x77, 0x08, 0x8C, 0x0F, 0xEA, 0x4F, 0x06, 0xCE, 0x1A, 0xB5, 0x00, 0x41, 0x09, 0xC9, 0xA7,
    0xA8, 0x8F, 0x2B, 0xF5, 0x31, 0xEA, 0x43, 0xAB, 0xFE, 0x18, 0xF5, 0x3F, 0x6C, 0x56, 0xA0, 0xAE,
    0x35, 0x3A, 0xD2, 0x1D, 0x0F, 0xFC, 0xC0, 0x9D, 0x09, 0xB4, 0xFD, 0x28, 0xD2, 0xBF, 0x10, 0xB9,
    0xB5, 0x17, 0x39, 0x76, 0x91, 0xA6, 0x89, 0x2C, 0x6C, 0x41, 0xD6, 0xE8, 0xDA, 0x58, 0xE3, 0x73,
    0xC4, 0xB3, 0x3E, 0x31, 0x6C, 0x0E, 0x74, 0x6B, 0x1E, 0xB4, 0xD4, 0xAA, 0x87, 0xF3, 0x4E, 0x07,
    0xC0, 0xD9, 0xBB, 0x3E, 0xEA, 0xB8, 0xCF, 0xAA, 0xE2, 0x59, 0x55, 0xC1, 0x56, 0x66, 0x57, 0xB5,
    0xC4, 0xBA, 0x8E, 0xB8, 0xF3, 0xDF, 0x11, 0xB2, 0x87, 0xF6, 0xEF, 0x08, 0x4F, 0xD0, 0x14, 0x89,
    0x0B, 0xE5, 0xFE, 0xB2, 0xD4, 0x5F, 0xBF, 0xA8, 0xF5, 0x8D, 0xDB, 0x5E, 0xD4, 0x2A, 0xAF, 0x0F,
    0xC3, 0x94, 0x97, 0xB3, 0xEA, 0x27, 0xFF, 0xDE, 0x17, 0xFD, 0x2C, 0xA9, 0xE0, 0xD4, 0x13, 0x80,
    0xD1, 0x35, 0x8C, 0x75, 0x05, 0xF0, 0xC8, 0xDD, 0xCD, 0xE2, 0x98, 0xF0, 0x76, 0x39, 0x26, 0xFC,
    0x4B, 0xBB, 0x8B, 0x88, 0x38, 0xB8, 0x78, 0xEB, 0xFB, 0x81, 0x63, 0x47, 0xE0, 0x7F, 0x70, 0xEC,
    0xC1, 0xCF, 0x1C, 0xAF, 0x92, 0x7C, 0x30, 0x38, 0x3D, 0x30, 0x4F, 0x23, 0x75, 0x2A, 0x02, 0x67,
    0xD2, 0x1B, 0xE7, 0x61, 0x23, 0xF8, 0x07, 0x33, 0x89, 0x6C, 0xD3, 0x40, 0x65, 0x03, 0x9F, 0x56,
    0x75, 0xE0, 0x48, 0x13, 0x59, 0x56, 0xD9, 0x8D, 0xF3, 0x5E, 0x9C, 0x11, 0xF1, 0xE9, 0x22, 0xD9,
    0xA7, 0x90, 0x4F, 0xC5, 0x9A, 0x54, 0x54, 0x70, 0xCF, 0x47, 0x07, 0x3D, 0x1E, 0x7A, 0x7C, 0x2A,
    0x22, 0xBE, 0xBC, 0x1E, 0x9A, 0x20, 0xC1, 0x51, 0x86, 0xD5, 0x2B, 0xA8, 0x05, 0xCF, 0x4F, 0x2E,
    0x5E, 0xFC, 0xA9, 0x2B, 0x7C, 0x26, 0x36, 0xA9, 0x78, 0x1A, 0x76, 0x9E, 0x22, 0x75, 0x05, 0xCC,
    0x27, 0x50, 0xF6, 0x00, 0x18, 0x91, 0xF6, 0x64, 0x48, 0x86, 0x72, 0x1C, 0xE8, 0x5C, 0x10, 0x6B,
    0x89, 0xA0, 0x82, 0xDB, 0x87, 0xD6, 0x45, 0x77, 0x1D, 0x67, 0x83, 0x5E, 0xCF, 0x6E, 0xFC, 0x4E,
    0x6F, 0x44, 0xBA, 0x78, 0xF6, 0x59, 0x9F, 0x7D, 0xB8, 0x4A, 0x2E, 0x4D, 0x99, 0x74, 0x63, 0xFC,
    0x16, 0xD3, 0x29, 0x53, 0x11, 0xBF, 0xD8, 0x7D, 0xDB, 0xC3, 0x14, 0x36, 0xC0, 0xF0, 0xAC, 0xFE,
    0x69, 0xA7, 0xA4, 0x89, 0x7E, 0x01, 0xA9, 0xF4, 0x68, 0x11, 0x9E, 0xA3, 0xB0, 0x90, 0xAD, 0x62,
    0x4A, 0x3A, 0xC0, 0x47, 0xCD, 0x44, 0xBC, 0x04, 0x79, 0xF0, 0xD3, 0xA0, 0x6D, 0x92, 0x7E, 0x8C,
    0x72, 0x26, 0xA8, 0xA8, 0xB5, 0xCD, 0xDB, 0x09, 0x89, 0xF4, 0xF0, 0x38, 0xA4, 0x37, 0x29, 0xC5,
    0x8E, 0x32, 0x77, 0x22, 0xE9, 0x60, 0x88, 0x72, 0x15, 0xBF, 0xF7, 0xF8, 0x29, 0x7E, 0x23, 0x71,
    0xE5, 0xB7, 0xDB, 0x5C, 0x6A, 0x4E, 0xC0, 0xCE, 0xD7, 0x49, 0xBA, 0x29, 0xB8, 0x20, 0x78, 0xE8,
    0xCE, 0x3C, 0x91, 0xD6, 0xFA, 0xF7, 0xAC, 0xFE, 0xB6, 0x05, 0xF8, 0xB2, 0xBE, 0xF1, 0x84, 0xAA,
    0x00, 0x0A, 0x6D, 0x07, 0x93, 0x0F, 0x06, 0xFE, 0xBF, 0x69, 0xF0, 0xA9, 0x6F, 0xD6, 0xA0, 0xAF,
    0x0D, 0x83, 0x3D, 0x5B, 0x00, 0x1E, 0x66, 0x83, 0x2F, 0xAD, 0x1B, 0xB2, 0x10, 0x78, 0x36, 0x5C,
    0x4A, 0xF0, 0xB0, 0xFF, 0x6F, 0xE3, 0x8E, 0x32, 0xE0, 0x4B, 0xBD, 0xC7, 0x68, 0x44, 0x82, 0x16,
    0x6C, 0xF0, 0x1E, 0x2F, 0x24, 0x0E, 0x86, 0x23, 0x0D, 0x8C, 0x80, 0x0E, 0x52, 0x69, 0xE1, 0x77,
    0xE6, 0x80, 0xF9, 0xFC, 0xA7, 0x44, 0xDF, 0x89, 0xFD, 0xFB, 0xB7, 0x8C, 0x78, 0x23, 0xEE, 0x85,
    0xB4, 0xF9, 0xED, 0xAC, 0xA6, 0x80, 0x11, 0xB8, 0x98, 0x59, 0x52, 0x69, 0x50, 0xCB, 0x9C, 0xB2,
    0x05, 0x1B, 0xC3, 0xBC, 0xE5, 0xF0, 0x5D, 0xD2, 0x2D, 0x5E, 0x69, 0x4B, 0x59, 0xB5, 0x50, 0x0B,
    0xA9, 0x1F, 0xF9, 0x5F, 0x08, 0x89, 0x27, 0xE8, 0xC1, 0x9E, 0xB5, 0xFF, 0x46, 0x56, 0x41, 0xA9,
    0xED, 0x0A, 0xC0, 0x23, 0x77, 0x7B, 0xE7, 0x59, 0xE8, 0xA6, 0x41, 0x5B, 0x00, 0x0F, 0xE6, 0xFE,
    0xB3, 0x4F, 0x01, 0x53, 0x03, 0x6C, 0x95, 0x00, 0x70, 0xAF, 0xA3, 0x3F, 0x8F, 0xFE, 0x9F, 0x8D,
    0xBB, 0x8F, 0xFE, 0x2C, 0x6E, 0x1F, 0xFD, 0x99, 0x7E, 0xB3, 0x21, 0xBF, 0xE6, 0x06, 0x01, 0xC0,
    0xDD, 0x47, 0x84, 0xFA, 0xB5, 0xEE, 0x36, 0x22, 0xF4, 0x4B, 0xFA, 0x2C, 0x61, 0x62, 0x71, 0xFE,
    0xFC, 0x64, 0x58, 0x7C, 0xF0, 0x11, 0xAB, 0x22, 0x51, 0x9F, 0xEF, 0xDF, 0xB3, 0xBF, 0x01, 0x6C,
    0xDD, 0x79, 0x9C, 0x1F, 0xB9, 0xCF, 0xB1, 0xBC, 0xC9, 0x0F, 0x97, 0x37, 0x0F, 0x94, 0x8E, 0x3B,
    0xC2, 0x7B, 0xE8, 0xAF, 0xF7, 0x1F, 0x8B, 0x75, 0x4B, 0xA3, 0xDF, 0xB0, 0x00, 0xF0, 0xA5, 0xDE,
    0xEA, 0x63, 0x22, 0x04, 0x2C, 0x7E, 0x3D, 0xFF, 0x03, 0x76, 0x7B, 0xE1, 0x31, 0xDC, 0x75, 0x76,
    0xC6, 0x15, 0xCB, 0x3B, 0x68, 0xAB, 0x17, 0x89, 0x8E, 0x93, 0xBA, 0x33, 0x9F, 0xF3, 0x22, 0xD1,
    0xC1, 0xDD, 0x66, 0x60, 0x0C, 0x4C, 0xE1, 0xB7, 0x1C, 0x18, 0x7B, 0x90, 0x5B, 0xB6, 0x4B, 0x60,
    0x14, 0x01, 0xBF, 0xA6, 0x34, 0xC5, 0x92, 0xA5, 0xDF, 0x5A, 0x97, 0x2C, 0x8F, 0x24, 0x6D, 0xC0,
    0xAA, 0x82, 0xD5, 0x2F, 0xD9, 0xD5, 0x48, 0xE9, 0xCD, 0xD1, 0xAF, 0x29, 0x81, 0x00, 0xFA, 0x4D,
    0x8B, 0x29, 0x2A, 0xB6, 0x36, 0xC0, 0x6D, 0x3E, 0x9A, 0x44, 0x86, 0x36, 0x12, 0xE8, 0x7F, 0x61,
    0x61, 0xDD, 0x4E, 0x02, 0xE0, 0xD1, 0xFD, 0x2B, 0x0B, 0xAF, 0xC6, 0x73, 0xB7, 0x1D, 0x34, 0xE2,
    0x60, 0xBA, 0xDF, 0x57, 0x97, 0x57, 0x4D, 0xE8, 0x56, 0xB9, 0x64, 0x3D, 0x0E, 0xE8, 0xBE, 0x06,
    0x3D, 0x95, 0x76, 0x75, 0x1A, 0x82, 0xD2, 0x95, 0xE0, 0x88, 0x11, 0x49, 0x9F, 0x9D, 0xF3, 0x8E,
    0x99, 0x80, 0x01, 0x0D, 0xF9, 0x30, 0x67, 0x90, 0x40, 0x52, 0xEF, 0x00, 0xEA, 0x2F, 0xBA, 0xC8,
    0xD6, 0x71, 0x68, 0xFA, 0x75, 0xFE, 0x45, 0x4A, 0x38, 0xC9, 0xD5, 0xD0, 0x82, 0x5D, 0x61, 0x3D,
    0x3D, 0x9C, 0x77, 0x9F, 0x1F, 0xD6, 0xF0, 0x2F, 0xD4, 0x6D, 0x92, 0x0A, 0x2E, 0x73, 0xEF, 0x43,
    0xC2, 0x2A, 0xD4, 0x30, 0xE7, 0x20, 0x30, 0x7F, 0x74, 0xCF, 0xC3, 0x6A, 0x40, 0xAD, 0xF1, 0xED,
    0x0A, 0x10, 0x80, 0x7D, 0xEE, 0xF3, 0x51, 0x58, 0xBF, 0xBE, 0x45, 0xCD, 0x63, 0xEF, 0x2E, 0x9D,
    0xD2, 0xCD, 0xBD, 0xBA, 0xAF, 0x45, 0x3C, 0x8F, 0xBF, 0x72, 0xF3, 0xDC, 0x17, 0xBB, 0xEF, 0x07,
    0xF7, 0xAB, 0xBB, 0x79, 0xA9, 0x45, 0xEC, 0xE3, 0x17, 0xAE, 0x57, 0x77, 0xFB, 0xA7, 0x82, 0xFF,
    0x07, 0xC5, 0xDA, 0x01, 0xA4, 0x24, 0xE7, 0x1D, 0x00, 0xF0, 0xDF, 0xCC, 0x77, 0xEF, 0x26, 0xCD,
    0xF6, 0xEE, 0x3B, 0x3C, 0x92, 0x34, 0x75, 0x7B, 0x38, 0x9C, 0x73, 0xD7, 0x0D, 0x0E, 0x69, 0xED,
    0xDB, 0x19, 0x0D, 0x0A, 0xC8, 0x41, 0x1B, 0x40, 0x21, 0x68, 0x8B, 0x0A, 0x82, 0xD0, 0x77, 0x77,
    0xD3, 0x16, 0x45, 0xD1, 0x53, 0x00, 0x70, 0x08, 0x2A, 0x85, 0x43, 0x10, 0xBA, 0x97, 0x37, 0x1A,
    0x04, 0x85, 0x21, 0xAA, 0x88, 0xEA, 0x6A, 0x28, 0x84, 0x9A, 0xC4, 0x1E, 0x9B, 0x76, 0xDE, 0x9B,
    0xCE, 0x38, 0x7B, 0x1E, 0x27, 0xA7, 0x77, 0xFB, 0xDE, 0x3B, 0xDF, 0xFE, 0xFF, 0xF6, 0xDB, 0x7D,
    0x3B, 0xEF, 0xFF, 0x9B, 0xEF, 0xDB, 0xFF, 0x8C, 0xE7, 0x49, 0x1A, 0x84, 0x25, 0x42, 0x8B, 0x6C,
    0x8E, 0x38, 0xC3, 0xD9, 0x1C, 0x57, 0xC6, 0x05, 0xD3, 0x58, 0xF1, 0xF6, 0x90, 0x9A, 0xAC, 0xE6,
    0xFE, 0x1B, 0x8D, 0xA4, 0xEB, 0x1A, 0xA1, 0x4A, 0x56, 0x42, 0xA9, 0x35, 0x62, 0x2E, 0x72, 0xD3,
    0xA4, 0xB0, 0x57, 0x74, 0x4D, 0xD6, 0x35, 0x80, 0xDB, 0x48, 0x9B, 0x75, 0x72, 0x87, 0xF4, 0xC0,
    0xB8, 0x5B, 0xE4, 0x69, 0xF3, 0x1D, 0xCB, 0x53, 0x96, 0xAC, 0xD2, 0x6E, 0x35, 0xF9, 0xEB, 0xEA,
    0x86, 0x55, 0xFB, 0xE0, 0x11, 0x56, 0xB7, 0x7E, 0xDE, 0x8E, 0x57, 0x7B, 0x49, 0xC1, 0x45, 0x5A,
    0x5A, 0x2E, 0x92, 0x2E, 0x11, 0x0F, 0x70, 0x2A, 0xC2, 0x4D, 0x58, 0x42, 0x0D, 0x38, 0x46, 0xCE,
    0x4F, 0x84, 0xAE, 0x48, 0xB3, 0x4A, 0x2C, 0xDC, 0xE0, 0x1A, 0xE7, 0x9E, 0x90, 0xC2, 0x8B, 0xB0,
    0x3B, 0x40, 0x1A, 0xB2, 0xB6, 0x20, 0x8E, 0x71, 0x29, 0x14, 0xC7, 0x5E, 0xBE, 0x2D, 0x44, 0x76,
    0xA7, 0x74, 0x17, 0x84, 0x8F, 0x2B, 0x51, 0x0D, 0x83, 0x62, 0x60, 0xE8, 0x1D, 0x7A, 0x88, 0x41,
    0xC2, 0x4A, 0x6F, 0xD1, 0x63, 0xF4, 0x1A, 0xED, 0x3A, 0xC2, 0x4A, 0x2F, 0xD2, 0x93, 0x0C, 0xA6,
    0xD3, 0x05, 0xB2, 0x0A, 0xC9, 0x97, 0x4B, 0xBC, 0xD0, 0x3A, 0x39, 0xD4, 0x75, 0xEC, 0xE2, 0xFC,
    0x98, 0x34, 0xAF, 0xF8, 0x62, 0xF8, 0xC4, 0x35, 0x60, 0xAF, 0x94, 0x75, 0x2B, 0xB1, 0x9A, 0x1B,
    0x95, 0x3B, 0x12, 0x3B, 0x98, 0xB1, 0x77, 0x60, 0x74, 0xFF, 0xA6, 0x71, 0x31, 0x93, 0x5B, 0xC7,
    0x81, 0xF1, 0xA7, 0x7B, 0xB2, 0x83, 0x49, 0xE5, 0x3A, 0x84, 0x1A, 0xA7, 0xDF, 0x87, 0x6B, 0xA4,
    0xF7, 0x6B, 0xB2, 0x93, 0x94, 0xF1, 0xAE, 0x64, 0x9F, 0x33, 0x76, 0xDF, 0xD1, 0x9D, 0xEB, 0x57,
    0x2B, 0xAA, 0x79, 0xE2, 0x0D, 0x87, 0xF1, 0x67, 0x15, 0xB3, 0xAE, 0xE0, 0xC2, 0x4B, 0x48, 0x97,
    0x4E, 0xDC, 0x22, 0x2C, 0xEF, 0xC6, 0xAE, 0xFE, 0xE6, 0xA8, 0xB4, 0x4B, 0x67, 0x13, 0x4E, 0x58,
    0x39, 0x5C, 0xFF, 0x74, 0xD3, 0xFA, 0x37, 0x68, 0x64, 0x70, 0x20, 0x79, 0xE8, 0xD9, 0xA4, 0xB5,
    0x39, 0x05, 0x3B, 0xF0, 0x3E, 0xB6, 0x7F, 0x85, 0xAB, 0x71, 0xDD, 0xEE, 0xD2, 0xA5, 0x93, 0x50,
    0xC6, 0xD2, 0x79, 0x5B, 0xD7, 0x8A, 0x51, 0x5A, 0x87, 0xAE, 0x72, 0xE0, 0x89, 0x49, 0x5B, 0x10,
    0x0B, 0x84, 0x0A, 0xDB, 0xBF, 0x7F, 0x06, 0x8C, 0x50, 0xD3, 0xD8, 0xBA, 0xB8, 0x01, 0x83, 0x75,
    0x79, 0xA6, 0x0F, 0x97, 0xE4, 0xCF, 0x27, 0x6E, 0xD9, 0xE7, 0x75, 0x8F, 0x2E, 0xC9, 0xE6, 0x4D,
    0x60, 0x3B, 0x3D, 0x69, 0xCB, 0xBA, 0x09, 0x2C, 0xCE, 0x64, 0xE5, 0x96, 0x0D, 0x38, 0x17, 0x03,
    0xA6, 0x23, 0xC4, 0x0E, 0xD9, 0xCA, 0x33, 0xFB, 0xFE, 0x6F, 0xB9, 0x3D, 0xFA, 0xFE, 0xDA, 0xB1,
    0xC1, 0x97, 0x3F, 0xEF, 0xBA, 0xC5, 0xCB, 0xFF, 0xF9, 0x63, 0x13, 0x1A, 0xEB, 0xB8, 0xDE, 0x87,
    0x87, 0xD1, 0x75, 0xC2, 0xFD, 0x1F, 0xAE, 0xE7, 0xEB, 0xD8, 0xEE, 0xE3, 0xD5, 0x3E, 0xDE, 0xC9,
    0xEE, 0xFF, 0x68, 0xD5, 0x1F, 0x63, 0x09, 0xD2, 0x82, 0x41, 0x38, 0xC4, 0xF0, 0xFC, 0x43, 0xA3,
    0xAE, 0x9E, 0x24, 0xCB, 0x99, 0x76, 0xD7, 0x7C, 0x6E, 0xDE, 0x75, 0xED, 0xC1, 0x7B, 0x7F, 0x68,
    0x99, 0xB3, 0x43, 0xEE, 0x52, 0xFC, 0xD7, 0x32, 0x74, 0xB5, 0x6D, 0x87, 0x8B, 0x32, 0xAA, 0x99,
    0xB4, 0x9C, 0x9B, 0x92, 0xCC, 0x09, 0x0B, 0x42, 0x09, 0x47, 0x57, 0xF0, 0x70, 0x4F, 0x55, 0xA6,
    0xA1, 0x32, 0x2A, 0xCD, 0xB8, 0xC6, 0xB9, 0x27, 0xAC, 0x78, 0x1B, 0xDD, 0xAF, 0x4B, 0x9F, 0x77,
    0x92, 0xF2, 0xDE, 0x91, 0x56, 0x97, 0x14, 0xE2, 0xEA, 0x95, 0xAB, 0x7B, 0xCD, 0x76, 0xAC, 0x78,
    0xC2, 0xBA, 0x78, 0x13, 0x8D, 0xEC, 0x93, 0x4A, 0xFC, 0x82, 0xE9, 0x2E, 0x77, 0xCE, 0x1E, 0x69,
    0x7D, 0x6C, 0x61, 0xCC, 0x7C, 0x2A, 0x19, 0x6E, 0xE9, 0xFE, 0x52, 0x3A, 0x9B, 0xD4, 0xC0, 0x87,
    0x86, 0x6A, 0xF5, 0xE5, 0x9A, 0x69, 0xED, 0x9A, 0x0F, 0x43, 0x5F, 0xB2, 0xBE, 0x66, 0x2D, 0xE6,
    0xD8, 0x61, 0xA8, 0x5B, 0x5F, 0xB8, 0xA1, 0x72, 0xDB, 0xBC, 0x84, 0x88, 0xF0, 0x71, 0xCD, 0xEB,
    0xCD, 0xB1, 0xD4, 0xFE, 0xF0, 0xCE, 0x6D, 0x42, 0x7A, 0xAB, 0xE2, 0xCB, 0x85, 0x50, 0xBD, 0x0D,
    0x4C, 0x4A, 0x69, 0xB7, 0x34, 0xAA, 0x6E, 0x88, 0x65, 0x6E, 0x6C, 0x32, 0x0C, 0xFD, 0xE7, 0xE4,
    0xEF, 0xBD, 0x27, 0xC7, 0x04, 0xB1, 0x20, 0x56, 0xCF, 0x0B, 0x5F, 0xDD, 0x63, 0x7D, 0x3A, 0x8C,
    0x4A, 0xBE, 0xB5, 0xC0, 0x42, 0xF6, 0xB7, 0xF2, 0xF8, 0xCE, 0xFD, 0xBB, 0xD2, 0x96, 0x33, 0xE6,
    0xEF, 0x24, 0xDD, 0xB9, 0xFE, 0xD4, 0x0F, 0x67, 0xFE, 0x89, 0x37, 0x49, 0x42, 0xFE, 0x5B, 0xFE,
    0x7B, 0x40, 0xF9, 0x26, 0x59, 0x4D, 0x3C, 0x9E, 0x13, 0x8E, 0x6C, 0xD9, 0xC4, 0xE1, 0x26, 0xAC,
    0x30, 0x97, 0x74, 0x9E, 0xB6, 0x66, 0xC4, 0x05, 0xE3, 0xE5, 0x50, 0x27, 0x77, 0xCF, 0xC2, 0xF1,
    0xF6, 0x30, 0xEC, 0x4B, 0x1F, 0xDC, 0x67, 0x25, 0x35, 0x4F, 0xDF, 0xD5, 0xD2, 0x85, 0xB8, 0xEF,
    0xB9, 0xF3, 0xDC, 0x90, 0x2C, 0x25, 0x15, 0xE4, 0x9D, 0x97, 0xBF, 0x12, 0x9A, 0xFF, 0xF7, 0x91,
    0xAD, 0xE4, 0x5D, 0x71, 0xFA, 0xF6, 0x64, 0xB5, 0x3D, 0x35, 0x0F, 0x8B, 0x50, 0x26, 0x2E, 0x97,
    0x79, 0x9D, 0xD5, 0xE1, 0x91, 0x31, 0x6A, 0xF6, 0xBA, 0xA7, 0x3B, 0x3E, 0xDC, 0x7E, 0xF0, 0x8A,
    0xE1, 0x49, 0x35, 0x5A, 0x84, 0x1A, 0x8F, 0xFD, 0x55, 0xA4, 0x65, 0xD6, 0xBF, 0x9B, 0x96, 0xC0,
    0xAD, 0x03, 0xC2, 0x57, 0x3F, 0xAE, 0xC5, 0x2A, 0x5D, 0x1A, 0x17, 0x5A, 0x39, 0x37, 0xCC, 0xC8,
    0xDD, 0x7B, 0x98, 0xDA, 0x75, 0x3A, 0xF4, 0xDA, 0x8C, 0xDC, 0xF0, 0xC3, 0x26, 0xB4, 0x62, 0x95,
    0x2C, 0x85, 0xD5, 0xB8, 0x66, 0xAF, 0x43, 0x52, 0x20, 0x29, 0x11, 0x9A, 0x75, 0x1A, 0xA6, 0x3E,
    0x2C, 0x8C, 0xBA, 0xC6, 0x44, 0x6B, 0x66, 0x66, 0x57, 0x6E, 0x3E, 0xCC, 0x0E, 0xC5, 0x30, 0x9F,
    0x0E, 0x47, 0xB7, 0x23, 0xFE, 0x72, 0x25, 0x74, 0x0B, 0xB6, 0xF1, 0x22, 0x66, 0x43, 0xE0, 0x12,
    0xB2, 0x05, 0xC6, 0x2D, 0x4E, 0x4D, 0x61, 0x8E, 0xB0, 0x40, 0xA8, 0xA0, 0x38, 0x7E, 0xE1, 0x4F,
    0x49, 0xBA, 0x8A, 0xD7, 0x2A, 0xB2, 0x8A, 0x1C, 0x53, 0xD8, 0x50, 0xCA, 0x45, 0x58, 0x12, 0xFE,
    0x59, 0x13, 0xEF, 0x63, 0x67, 0x07, 0x6F, 0x8D, 0xC0, 0xF1, 0xCB, 0x86, 0x2C, 0x16, 0x76, 0xAE,
    0x32, 0x5C, 0x3D, 0x3E, 0xA9, 0x64, 0x16, 0x1B, 0xCB, 0x9E, 0x87, 0x58, 0x22, 0x7C, 0xB4, 0xC0,
    0xEB, 0xCB, 0x93, 0x96, 0x6D, 0x63, 0x8A, 0xD8, 0xE3, 0xD2, 0xBC, 0xE2, 0x7E, 0x23, 0xA9, 0xA6,
    0xC0, 0xE4, 0xB6, 0xB4, 0x6B, 0x8D, 0xAA, 0x5C, 0x2C, 0x63, 0x39, 0x16, 0xAB, 0xC9, 0x30, 0x3B,
    0x14, 0xC3, 0x3C, 0x8A, 0x55, 0x3F, 0x8A, 0xB0, 0xB8, 0x49, 0xB7, 0x3A, 0x74, 0x6D, 0x71, 0xB6,
    0x81, 0x86, 0xF0, 0x59, 0x45, 0x3C, 0x71, 0x1E, 0x6F, 0xE2, 0xDF, 0x88, 0xEC, 0x4C, 0xE9, 0xCE,
    0x1D, 0xD9, 0xE2, 0x01, 0xF9, 0xC7, 0xF8, 0x45, 0x87, 0xEB, 0x97, 0x10, 0x16, 0x9E, 0x8D, 0x93,
    0xB0, 0x7A, 0x6B, 0xB0, 0xF8, 0x46, 0x56, 0xB2, 0x83, 0xCE, 0x11, 0x5B, 0xB3, 0x06, 0x71, 0xB5,
    0xC6, 0xBD, 0x3D, 0xE2, 0x99, 0x75, 0x4E, 0xD8, 0x43, 0x57, 0x78, 0x80, 0x6C, 0x70, 0xC4, 0x1D,
    0x15, 0xB8, 0x09, 0x2B, 0xA4, 0x0B, 0x84, 0x52, 0x81, 0xD0, 0xF4, 0xE8, 0xD0, 0x0C, 0xE8, 0x66,
    0x40, 0x2F, 0x7A, 0x74, 0x57, 0x1E, 0x25, 0x1A, 0x06, 0xEE, 0xA8, 0x22, 0xE2, 0x8A, 0x86, 0x74,
    0xD5, 0x03, 0x57, 0x3D, 0xF0, 0xEE, 0xC4, 0x7E, 0x3D, 0x93, 0x3F, 0xCD, 0x8E, 0x85, 0x71, 0x81,
    0xAC, 0x82, 0xFA, 0xE4, 0x40, 0x83, 0x27, 0x59, 0x62, 0x17, 0x67, 0x36, 0x06, 0x3D, 0xFE, 0x9A,
    0x57, 0x50, 0x6C, 0xA0, 0xDA, 0xE8, 0x9A, 0xB7, 0xB9, 0x6C, 0x08, 0x7B, 0x1F, 0x95, 0x7C, 0xDE,
    0xA1, 0xBC, 0x77, 0x32, 0xAB, 0x34, 0xC4, 0xA8, 0x7D, 0xD5, 0xD9, 0xBD, 0xC6, 0x73, 0xA3, 0x7A,
    0x73, 0x07, 0x1B, 0x14, 0xBE, 0x79, 0x93, 0xD8, 0x10, 0xF0, 0x68, 0x53, 0xD8, 0x3B, 0xE8, 0xDF,
    0x19, 0x2F, 0xDD, 0x2A, 0xB2, 0xDA, 0x55, 0x7D, 0xFA, 0xF6, 0x13, 0xA7, 0x2B, 0xC2, 0xC2, 0x54,
    0x58, 0xDA, 0xA5, 0x7B, 0xA3, 0x21, 0xEF, 0x4A, 0x5C, 0x87, 0x3B, 0x48, 0x97, 0xEB, 0xE4, 0x0E,
    0x97, 0xCB, 0xCB, 0xE5, 0xAD, 0xEA, 0x56, 0x35, 0xEA, 0x47, 0x56, 0x85, 0xAF, 0x89, 0x61, 0x8C,
    0xAA, 0xB0, 0x88, 0x75, 0xD8, 0xFF, 0x53, 0xA3, 0xFB, 0x6C, 0xDF, 0x16, 0xD2, 0x92, 0x51, 0xCD,
    0x10, 0xC3, 0xF3, 0xE4, 0x03, 0x84, 0x0E, 0xC9, 0xA8, 0xC0, 0x18, 0x3E, 0x80, 0xBB, 0xE0, 0xF8,
    0x85, 0xA7, 0x6F, 0x93, 0xAF, 0xD8, 0x9E, 0xE2, 0xD0, 0xDF, 0x4A, 0x92, 0x0D, 0xA5, 0xC0, 0xB8,
    0xC4, 0xEC, 0x21, 0x6A, 0xE1, 0x1C, 0xB4, 0x3D, 0xAA, 0xDD, 0xEF, 0x51, 0xBB, 0xD3, 0xA1, 0xBA,
    0x21, 0x8D, 0x9B, 0x3E, 0x9D, 0x3F, 0x2A, 0x14, 0xD0, 0xC2, 0x12, 0xA1, 0x46, 0x26, 0x2B, 0x11,
    0xAB, 0x9E, 0xF5, 0x9B, 0xAA, 0x77, 0x7D, 0x34, 0xC0, 0x3E, 0x2D, 0x7A, 0x45, 0x6B, 0xA0, 0x7C,
    0x4D, 0xCA, 0x2A, 0x03, 0xD0, 0x20, 0x34, 0x10, 0x19, 0x8C, 0x87, 0x90, 0xB1, 0x44, 0x56, 0x21,
    0x69, 0xE0, 0xDA, 0x49, 0x2A, 0x5B, 0x98, 0x41, 0x84, 0x50, 0x1E, 0x83, 0xF2, 0x71, 0xBB, 0xF4,
    0x64, 0xA8, 0xC3, 0x2E, 0x95, 0xAF, 0xB0, 0x7D, 0xE8, 0xCA, 0xB2, 0xF6, 0x26, 0x47, 0xED, 0x85,
    0x49, 0xD3, 0xF0, 0xDD, 0xAE, 0xE6, 0x95, 0x49, 0x79, 0x32, 0xCA, 0x6D, 0xE8, 0x5E, 0x23, 0xFD,
    0xB4, 0x23, 0x2D, 0xDA, 0xE3, 0xD9, 0xB1, 0x1B, 0x60, 0x36, 0x6B, 0x9D, 0x38, 0x06, 0x51, 0x5A,
    0x62, 0x54, 0xAF, 0xD3, 0x30, 0x05, 0x26, 0x05, 0x62, 0x85, 0x74, 0x71, 0xB8, 0xA5, 0xE6, 0x5D,
    0xD6, 0x55, 0xE3, 0x65, 0xD2, 0x09, 0x8D, 0x5D, 0xE9, 0xD2, 0x5D, 0x5A, 0x0D, 0x37, 0x43, 0x45,
    0x1E, 0x4A, 0xE2, 0xEF, 0x10, 0xFF, 0x8E, 0xD0, 0x3E, 0x74, 0x34, 0x5F, 0x93, 0x42, 0x8B, 0xBC,
    0xAB, 0x40, 0xB2, 0xC2, 0x2E, 0xC6, 0x08, 0x05, 0xF8, 0xD9, 0x9D, 0xCB, 0x77, 0xBA, 0x26, 0x6F,
    0xC6, 0x3D, 0x22, 0x56, 0xA3, 0xA2, 0xCF, 0xBD, 0xE5, 0xAC, 0xB4, 0xB9, 0xC2, 0x72, 0x4A, 0xFB,
    0x2A, 0xBB, 0x77, 0x99, 0x35, 0x4C, 0x6A, 0x62, 0x45, 0x2C, 0x89, 0x05, 0x11, 0x33, 0xCC, 0x79,
    0xA1, 0x21, 0xAF, 0x8E, 0x5B, 0x80, 0xDB, 0x8F, 0xAC, 0xDD, 0x66, 0x84, 0xD3, 0xCC, 0x62, 0x65,
    0x1E, 0xAB, 0x17, 0x9A, 0xD3, 0x03, 0xE1, 0x71, 0xFF, 0x11, 0xB1, 0x38, 0xFE, 0x75, 0x7A, 0xBE,
    0xE0, 0x56, 0xC3, 0x85, 0x86, 0xA4, 0x21, 0x56, 0x8C, 0x90, 0x1C, 0xFD, 0x5A, 0xD9, 0x82, 0x49,
    0xB3, 0xE0, 0x7B, 0x5D, 0xC5, 0x85, 0x49, 0x71, 0xEC, 0xBC, 0x6D, 0x92, 0xEE, 0x07, 0xC2, 0x3F,
    0x0E, 0xA4, 0x49, 0x8B, 0xA3, 0x67, 0xFD, 0x0F, 0x95, 0x96, 0x31, 0x6C, 0x23, 0xC7, 0x15, 0x86,
    0xBF, 0xE5, 0x2A, 0x5E, 0xE7, 0xD6, 0xC7, 0x51, 0x61, 0x37, 0xF1, 0x59, 0x7B, 0x45, 0x0A, 0xC1,
    0x10, 0xB3, 0x42, 0xA2, 0x00, 0x8C, 0xB1, 0xE4, 0xAE, 0xE3, 0xE2, 0x0A, 0x17, 0xA7, 0xC2, 0xAA,
    0x7D, 0x85, 0x7B, 0xB3, 0x10, 0x10, 0x16, 0x3C, 0x6A, 0x93, 0x14, 0x69, 0x55, 0xA5, 0x16, 0x90,
    0x14, 0x81, 0x9A, 0x30, 0x88, 0x0A, 0xC3, 0xA1, 0xB4, 0x93, 0x5C, 0x91, 0xD2, 0xDB, 0xA5, 0xCC,
    0x06, 0x71, 0x9F, 0x29, 0xD6, 0xC0, 0x1A, 0x19, 0x71, 0x32, 0x03, 0x72, 0x71, 0x14, 0x2F, 0x39,
    0x2A, 0xEF, 0xFD, 0xEF, 0x9F, 0xD1, 0x9B, 0x7F, 0x66, 0xDE, 0x13, 0x89, 0xE5, 0x5E, 0xBC, 0x6A,
    0xC0, 0xAC, 0x4A, 0xA5, 0x20, 0x95, 0x5F, 0x56, 0x0F, 0x78, 0x9D, 0x03, 0xF8, 0x19, 0x55, 0xA1,
    0x2E, 0xCA, 0xDF, 0x64, 0x17, 0xBC, 0xCE, 0x01, 0x42, 0x0E, 0x48, 0x9B, 0x47, 0xFB, 0xC1, 0x3E,
    0xAF, 0x77, 0xCE, 0x74, 0xA1, 0x5B, 0x36, 0xCE, 0x16, 0xEF, 0x5F, 0x5E, 0x9E, 0xA7, 0xC6, 0x28,
    0x00, 0x3B, 0xB7, 0x76, 0x91, 0x1A, 0x67, 0x0A, 0xF8, 0x9F, 0x49, 0xF5, 0x7F, 0xDB, 0xFB, 0x97,
    0xBF, 0x4B, 0xCD, 0x02, 0x68, 0x27, 0x74, 0xF2, 0x88, 0x3E, 0x23, 0xAE, 0x29, 0x48, 0x81, 0x88,
    0x54, 0x46, 0xD2, 0x97, 0x7E, 0x26, 0x18, 0x03, 0x10, 0x67, 0xA9, 0x14, 0x36, 0x13, 0xD0, 0x63,
    0xC4, 0x90, 0x02, 0xC3, 0x15, 0x47, 0xF4, 0x08, 0x72, 0xB7, 0xFF, 0x22, 0x0A, 0x64, 0xBF, 0xCB,
    0xE8, 0x11, 0xD7, 0x71, 0x56, 0xC4, 0x32, 0x15, 0x12, 0xB0, 0xC9, 0xF4, 0x2B, 0x15, 0xFD, 0x55,
    0xF9, 0x52, 0xF9, 0x59, 0x29, 0x7C, 0x39, 0xDE, 0x63, 0x69, 0xF1, 0xC7, 0xA5, 0x5D, 0x12, 0x2F,
    0xDC, 0x52, 0xE0, 0xC9, 0x5E, 0x98, 0xD9, 0xBD, 0x43, 0x91, 0xDB, 0xBD, 0x26, 0x95, 0x57, 0x3D,
    0x8E, 0x1E, 0x62, 0x93, 0xC1, 0xCF, 0x2B, 0x80, 0xB9, 0x03, 0x63, 0x07, 0x8E, 0xF8, 0xC9, 0x8F,
    0xAF, 0x52, 0x53, 0xEF, 0xF6, 0x77, 0x5D, 0x52, 0x5B, 0x6C, 0x08, 0xD6, 0x70, 0xD8, 0x62, 0x0E,
    0x93, 0xD5, 0xEA, 0xF0, 0xCB, 0xDA, 0x6E, 0x67, 0xDC, 0xEE, 0x6D, 0x65, 0x1C, 0xAD, 0x8E, 0xB2,
    0x27, 0x5B, 0x81, 0xBD, 0xC5, 0x65, 0xC6, 0xAB, 0xC3, 0x1F, 0xE4, 0xA9, 0x32, 0x7A, 0xE9, 0x67,
    0x75, 0x54, 0x3E, 0x83, 0x1B, 0x28, 0x2A, 0x8A, 0x05, 0x85, 0xA1, 0x50, 0x14, 0x30, 0x03, 0x60,
    0xFF, 0xAC, 0x18, 0xEC, 0x73, 0x51, 0x78, 0xDA, 0x62, 0x40, 0xBD, 0x0B, 0xA0, 0x7D, 0x15, 0x96,
    0xDA, 0xAF, 0x45, 0xA5, 0x3B, 0x76, 0x06, 0x00, 0xD3, 0x62, 0x0A, 0x14, 0xF5, 0x05, 0xDB, 0x1C,
    0xE0, 0xAC, 0x61, 0x7F, 0xAB, 0x73, 0x72, 0x6C, 0x54, 0xEB, 0x62, 0xCB, 0x97, 0xDB, 0x69, 0x25,
    0xCE, 0xEF, 0xA7, 0xE5, 0xD0, 0xF9, 0x76, 0x6D, 0x6B, 0xA2, 0xE1, 0x11, 0xC0, 0x60, 0x40, 0x02,
    0x30, 0x8F, 0xB8, 0x02, 0x68, 0x04, 0x6A, 0x39, 0xFE, 0xB4, 0x5C, 0x8E, 0x1F, 0xC9, 0xE5, 0xF8,
    0x71, 0xB6, 0x1C, 0x45, 0xA8, 0x30, 0x4C, 0xA2, 0xDE, 0x70, 0xE2, 0xFF, 0x4D, 0x0E, 0x06, 0xC9,
    0x3C, 0x0A, 0xFF, 0xA2, 0x44, 0x7D, 0x65, 0x97, 0x3E, 0x54, 0xA0, 0x6A, 0xF1, 0x34, 0x53, 0x74,
    0xCA, 0xE5, 0xE8, 0xCB, 0xE5, 0x18, 0x66, 0xCB, 0x75, 0x61, 0xAF, 0x12, 0xBF, 0x50, 0xF4, 0x48,
    0x86, 0xFE, 0x8B, 0x92, 0x84, 0xA8, 0xF1, 0x4C, 0x0E, 0x78, 0x19, 0x6F, 0xF3, 0x6A, 0x89, 0xEB,
    0x55, 0xAE, 0x15, 0xBA, 0x56, 0xEB, 0x5A, 0xB9, 0x6B, 0x15, 0xAF, 0x15, 0xBD, 0x56, 0xB7, 0xA8,
    0x5E, 0x96, 0x3E, 0xA1, 0xAD, 0xBE, 0x19, 0xD2, 0x36, 0x50, 0xC7, 0xB4, 0x3D, 0xA8, 0x88, 0xB6,
    0x0D, 0x37, 0xF5, 0x65, 0x3B, 0x6D, 0x9B, 0xB1, 0xD3, 0xB6, 0x1F, 0xB7, 0xCD, 0xB6, 0x34, 0xB0,
    0x2D, 0x4D, 0x12, 0xDA, 0xAE, 0xE2, 0x9A, 0xB6, 0x31, 0x4B, 0x31, 0x29, 0xAE, 0x91, 0x53, 0x66,
    0x40, 0x2C, 0x64, 0x2A, 0xB2, 0x81, 0x20, 0xD9, 0xE3, 0xF4, 0x80, 0x59, 0x02, 0x2E, 0xF9, 0xA2,
    0x4C, 0xC5, 0x13, 0x39, 0x10, 0xA1, 0x4C, 0xF6, 0x84, 0x5D, 0x10, 0x76, 0xE5, 0x21, 0x00, 0xCF,
    0x19, 0x12, 0x23, 0xAC, 0x07, 0xEE, 0xAF, 0x98, 0x61, 0x64, 0xF5, 0x99, 0x08, 0x72, 0xE1, 0xCB,
    0xA0, 0x23, 0x71, 0x49, 0x91, 0x0F, 0xA3, 0x50, 0xC6, 0xF6, 0x7F, 0x20, 0x82, 0x5F, 0x4A, 0xE1,
    0xFF, 0xB9, 0xB4, 0x2B, 0x15, 0x00, 0xF8, 0xD2, 0x2F, 0x85, 0xEA, 0xCE, 0x92, 0xA4, 0x7F, 0x30,
    0xEB, 0x72, 0xDE, 0x91, 0x81, 0x8C, 0x48, 0x79, 0x6E, 0x43, 0x64, 0xBE, 0xA4, 0x7A, 0xEC, 0x0A,
    0x47, 0xE4, 0x41, 0xE5, 0xAB, 0x50, 0x0A, 0x7A, 0x1C, 0x01, 0x35, 0x24, 0x68, 0xAF, 0x8C, 0x69,
    0x02, 0x19, 0x4A, 0x22, 0x3A, 0x8A, 0x09, 0x4C, 0x3C, 0x05, 0x51, 0x20, 0x79, 0x3B, 0xF8, 0x3B,
    0xF9, 0x73, 0x4F, 0xFB, 0xEA, 0xDA, 0xD1, 0x7E, 0xF0, 0x2F, 0xAF, 0xC4, 0x96, 0x01, 0x13, 0xAB,
    0xB4, 0xAA, 0x39, 0x56, 0x15, 0x13, 0x51, 0xDB, 0xB6, 0x3C, 0xDD, 0x29, 0xA1, 0x86, 0x69, 0x58,
    0x4E, 0x43, 0x39, 0x74, 0x90, 0x83, 0x60, 0x85, 0xC4, 0xBF, 0x83, 0x03, 0x3F, 0x07, 0x00, 0xAB,
    0x2C, 0x44, 0x65, 0x95, 0x00, 0x10, 0x99, 0xBC, 0x78, 0xA2, 0x34, 0xBA, 0xFE, 0xED, 0xFC, 0x71,
    0xF3, 0x9C, 0x66, 0x4E, 0xA3, 0xF9, 0xA6, 0xC6, 0x94, 0xDC, 0xC0, 0xCC, 0x81, 0x11, 0x00, 0xBB,
    0xA0, 0xF1, 0xB4, 0xE5, 0xD5, 0xA3, 0x3A, 0x4B, 0x8D, 0x91, 0x36, 0xCB, 0x4E, 0x1F, 0x38, 0x10,
    0x19, 0x9E, 0xF2, 0x17, 0xBF, 0x2E, 0x24, 0x67, 0xE6, 0x5B, 0x96, 0xF6, 0x86, 0x39, 0x07, 0x63,
    0x0C, 0xE1, 0xD7, 0xBC, 0x5B, 0xF5, 0x80, 0xF1, 0x21, 0xF0, 0x16, 0xF4, 0x41, 0x41, 0x85, 0x2F,
    0xF1, 0x73, 0x04, 0x74, 0x21, 0x71, 0x40, 0xC3, 0x02, 0xFF, 0x2B, 0xFC, 0x5F, 0xB9, 0x4F, 0xA4,
    0xEB, 0x55, 0x09, 0xAA, 0xCF, 0x58, 0x91, 0x40, 0x98, 0x03, 0x5E, 0x90, 0x01, 0xC1, 0x0B, 0x91,
    0x59, 0xFE, 0x77, 0x61, 0x99, 0xB8, 0x02, 0x3C, 0x73, 0x0B, 0x84, 0xFF, 0x8C, 0x73, 0xF0, 0x9F,
    0x7C, 0x04, 0x2B, 0xFD, 0x67, 0x6F, 0x64, 0x9F, 0xC1, 0x17, 0x0E, 0x47, 0xA7, 0x87, 0x47, 0xA7,
    0xA3, 0xE2, 0x87, 0xCD, 0xCD, 0x8F, 0x9A, 0xC8, 0x94, 0x16, 0x9D, 0x05, 0x16, 0x67, 0x7F, 0xAA,
    0x2D, 0x92, 0xC3, 0x7A, 0x32, 0x52, 0xBB, 0xA7, 0x60, 0xE1, 0xF4, 0xB4, 0x0F, 0x44, 0x80, 0x04,
    0xC6, 0xA0, 0xF0, 0x5C, 0xD1, 0x04, 0xAE, 0x68, 0xF6, 0xB6, 0xA4, 0x0B, 0x75, 0xC3, 0x7C, 0xC3,
    0x6F, 0xCE, 0x8B, 0x6A, 0x33, 0x77, 0x6D, 0x95, 0xEF, 0x1C, 0xA7, 0x4D, 0xA7, 0x61, 0xC3, 0xBF,
    0xD7, 0xC4, 0xAF, 0xE4, 0xBC, 0x26, 0x6D, 0xDE, 0x39, 0x06, 0x80, 0xD0, 0xE4, 0x16, 0xE9, 0x13,
    0x65, 0x31, 0xA0, 0xB1, 0x48, 0xD0, 0x09, 0xF3, 0x1D, 0xF4, 0xCE, 0xCB, 0x9F, 0x8F, 0xC6, 0xC1,
    0x57, 0x0E, 0x91, 0x74, 0x98, 0xE2, 0x30, 0xDA, 0xC4, 0xCA, 0x76, 0x1D, 0xD0, 0x0E, 0x9E, 0x03,
    0x2C, 0x01, 0x40, 0x7B, 0x6D, 0xE4, 0x6E, 0x8D, 0x72, 0x7B, 0x63, 0x94, 0x25, 0xE8, 0x28, 0xB3,
    0x57, 0x8A, 0x0C, 0x4B, 0x40, 0x63, 0xC9, 0x57, 0x96, 0x22, 0x69, 0x69, 0x8A, 0xA5, 0xD1, 0x5D,
    0x6A, 0x2F, 0x02, 0x4D, 0x94, 0x7B, 0x9A, 0x58, 0xBA, 0x59, 0x46, 0x6B, 0x4C, 0x3B, 0xA6, 0x62,
    0x2A, 0xFE, 0xA1, 0x19, 0x8A, 0x3C, 0xB5, 0x44, 0xCC, 0xC0, 0x73, 0x04, 0xE9, 0x92, 0x12, 0xD0,
    0x96, 0x02, 0x65, 0x29, 0xCA, 0x2D, 0xBD, 0xC7, 0x92, 0x0E, 0x78, 0x8B, 0xD6, 0x76, 0x60, 0x4A,
    0x0A, 0x85, 0xA3, 0xA1, 0xA3, 0xD6, 0x16, 0x97, 0xDA, 0x18, 0x1D, 0x1B, 0xDD, 0x7E, 0x5E, 0x57,
    0xA0, 0x56, 0xF0, 0x2A, 0x3A, 0x12, 0xDF, 0x81, 0x20, 0x27, 0xCC, 0x10, 0xAC, 0xF0, 0x5D, 0x8C,
    0x31, 0x44, 0x9F, 0x1A, 0x29, 0x84, 0x71, 0x51, 0xDA, 0xA8, 0x56, 0x63, 0x9B, 0x43, 0x88, 0x4F,
    0x6C, 0x70, 0xAF, 0xF8, 0x5C, 0x94, 0x98, 0x50, 0x11, 0x1A, 0x93, 0xA7, 0x36, 0x8C, 0x4E, 0x30,
    0xBA, 0x7F, 0x27, 0x0A, 0x9B, 0xB3, 0x6B, 0xD2, 0x3B, 0x39, 0xC9, 0x8C, 0x69, 0x28, 0x8C, 0xBB,
    0xC3, 0xE4, 0x36, 0xE4, 0x46, 0xE4, 0xAE, 0xBE, 0x93, 0x93, 0x63, 0xA8, 0x41, 0xF1, 0xC5, 0x1F,
    0x94, 0x29, 0x54, 0x70, 0x4B, 0x6C, 0xCE, 0x6F, 0xFF, 0xA8, 0x46, 0xEA, 0x19, 0x0A, 0x2E, 0x6C,
    0x1F, 0xA9, 0xF5, 0x98, 0xBB, 0x96, 0x66, 0xD6, 0x49, 0x38, 0x40, 0xE4, 0x9E, 0x04, 0x80, 0x62,
    0x01, 0xC1, 0x37, 0x9F, 0x56, 0x44, 0xD0, 0x90, 0x40, 0x8F, 0x19, 0x84, 0xDC, 0xD7, 0x9E, 0xC1,
    0x1B, 0x8C, 0x61, 0x8F, 0x18, 0xE6, 0x84, 0x5F, 0xBF, 0xAB, 0xC0, 0x98, 0x0C, 0xBC, 0x8C, 0x2D,
    0x55, 0xB2, 0x4D, 0x10, 0x87, 0x69, 0x37, 0x7E, 0x44, 0x42, 0x9F, 0x11, 0x8A, 0xAA, 0x23, 0xDD,
    0x9B, 0x5D, 0x88, 0xE0, 0x21, 0x07, 0x24, 0xF3, 0x53, 0xAD, 0x34, 0x00, 0x51, 0xD9, 0x1D, 0x36,
    0xEF, 0x8D, 0xD2, 0xC9, 0x2C, 0xAC, 0x77, 0xC9, 0xE0, 0x04, 0x38, 0x33, 0xB7, 0x04, 0xDF, 0x7E,
    0xF8, 0xB9, 0xDC, 0x03, 0xAE, 0x8E, 0xA0, 0xFD, 0xB9, 0xFC, 0x3E, 0x3B, 0x09, 0xBD, 0xBE, 0x8A,
    0x3E, 0x50, 0xBE, 0xC9, 0x16, 0x8B, 0x6B, 0x63, 0x6E, 0x3B, 0x06, 0xF1, 0xB3, 0xF2, 0x07, 0x7D,
    0xF5, 0x66, 0x72, 0x4C, 0xDF, 0x89, 0xE0, 0xD6, 0x81, 0x49, 0xFB, 0x88, 0x5C, 0xA1, 0xB5, 0xB9,
    0x5B, 0x75, 0x4C, 0x1C, 0x3D, 0x7D, 0x9A, 0xA7, 0x71, 0x24, 0xB2, 0xC1, 0x30, 0x8E, 0x48, 0x92,
    0xA4, 0xC7, 0x69, 0x3F, 0x49, 0x98, 0x8D, 0x8E, 0xFA, 0x2C, 0xED, 0x01, 0x90, 0x66, 0x36, 0x72,
    0x88, 0x00, 0x60, 0x17, 0x2F, 0xD3, 0x04, 0x95, 0x26, 0x54, 0x1A, 0xBF, 0xA4, 0xB5, 0x78, 0xA5,
    0xB3, 0xE3, 0xB2, 0xDC, 0x4E, 0x6E, 0x75, 0xCA, 0xE9, 0xE6, 0xAD, 0xEE, 0x3B, 0x40, 0xBC, 0x79,
    0x1E, 0xAC, 0x9D, 0x57, 0x01, 0xA0, 0xB5, 0x76, 0x79, 0xE0, 0xEE, 0x9F, 0x31, 0x2F, 0xEF, 0xD8,
    0xE1, 0x8E, 0x8D, 0xE9, 0x48, 0x77, 0x86, 0x8B, 0x31, 0xBE, 0x64, 0xC3, 0x36, 0xEB, 0x7B, 0xFC,
    0xA6, 0xED, 0xA3, 0x1B, 0x94, 0xBA, 0x1B, 0x56, 0xA7, 0xDD, 0x4E, 0x4E, 0x17, 0x5C, 0x5C, 0xFE,
    0xFE, 0xD2, 0x7D, 0x5D, 0x2B, 0x37, 0x6F, 0x43, 0x77, 0x7D, 0xE9, 0x74, 0x8D, 0x1D, 0xDB, 0x62,
    0x4E, 0xB5, 0x1E, 0xB7, 0xB5, 0xFD, 0x37, 0x72, 0xAF, 0x6F, 0x0F, 0x70, 0x7E, 0xCF, 0xD7, 0xC2,
    0x43, 0xE7, 0xF7, 0xD1, 0x16, 0x55, 0x2A, 0xE3, 0xDC, 0xEA, 0xB6, 0x38, 0x60, 0x59, 0x10, 0xE7,
    0xA9, 0xDC, 0x7E, 0x2E, 0x08, 0x3E, 0x90, 0x4A, 0xA5, 0x72, 0xDB, 0xC9, 0xF0, 0x09, 0x0B, 0xEE,
    0xDB, 0xDB, 0x7F, 0x00, 0xED, 0x92, 0x01, 0x64, 0x1C, 0x41, 0x18, 0x85, 0xDF, 0xED, 0x5C, 0x72,
    0x91, 0x6D, 0x77, 0x82, 0x04, 0x92, 0xEC, 0x4E, 0x00, 0x45, 0xDA, 0x29, 0x82, 0x2D, 0xB3, 0xBB,
    0x93, 0x96, 0x42, 0x21, 0x34, 0x07, 0xB4, 0x49, 0x00, 0x75, 0x68, 0x82, 0x16, 0xD8, 0xF4, 0x86,
    0x02, 0xC0, 0x01, 0x10, 0xB4, 0x38, 0x10, 0xDA, 0x42, 0x50, 0xDC, 0xDD, 0x0D, 0x00, 0x60, 0x01,
    0x00, 0x8B, 0x54, 0x01, 0x5D, 0x1C, 0x36, 0x6C, 0x4D, 0x67, 0x93, 0xEB, 0xB9, 0xB6, 0x10, 0x00,
    0xD4, 0xFB, 0x76, 0xFC, 0x66, 0xDF, 0xFE, 0xFE, 0x79, 0xB3, 0x8D, 0x3E, 0xA8, 0x01, 0xA7, 0x2A,
    0x6E, 0xE9, 0xA8, 0xA5, 0x05, 0xA9, 0x57, 0x4B, 0xEC, 0x6A, 0x46, 0x25, 0x35, 0xB0, 0x86, 0x25,
    0x04, 0x68, 0x62, 0x15, 0xEF, 0xE0, 0xCD, 0x69, 0xAC, 0x71, 0x0F, 0xA8, 0xD0, 0xA8, 0x40, 0x06,
    0xA0, 0x02, 0x9B, 0x02, 0x3B, 0x02, 0x63, 0x93, 0xE3, 0x14, 0x10, 0x70, 0x8C, 0x6C, 0xB4, 0xE5,
    0xDA, 0x7E, 0x52, 0xBD, 0x7D, 0x79, 0xD2, 0x3C, 0xC1, 0xB8, 0x5C, 0x49, 0xC0, 0x8F, 0x58, 0x91,
    0x8C, 0xAB, 0xF5, 0x9E, 0x73, 0xC9, 0x46, 0x22, 0x18, 0x34, 0xAF, 0xF6, 0x4C, 0x55, 0xF2, 0x92,
    0x0D, 0x98, 0xE0, 0xAC, 0x72, 0x7A, 0xED, 0xB6, 0x31, 0xDF, 0x0E, 0xD4, 0x26, 0x6C, 0x33, 0x14,
    0xC8, 0x1D, 0x4D, 0xB4, 0x2B, 0x17, 0xE0, 0xE6, 0x88, 0x07, 0xA8, 0x38, 0xAA, 0x07, 0xE8, 0xA6,
    0x60, 0x05, 0xF8, 0x4F, 0x94, 0x09, 0x26, 0x14, 0x25, 0x45, 0x77, 0x88, 0xC5, 0x1E, 0x9C, 0x4B,
    0xD0, 0x11, 0x22, 0x0A, 0x41, 0x95, 0x70, 0xEB, 0x23, 0x50, 0xA3, 0xF1, 0x4C, 0x83, 0xCA, 0x90,
    0x81, 0x57, 0xB5, 0x07, 0x96, 0x7C, 0x4A, 0x62, 0xF4, 0xAC, 0xAE, 0xF7, 0x51, 0xEF, 0xCC, 0x56,
    0x00, 0x6B, 0x6D, 0x79, 0x5D, 0x37, 0x72, 0x9B, 0x06, 0x22, 0x08, 0xA4, 0x33, 0x45, 0x48, 0x40,
    0x25, 0xC9, 0xB1, 0x02, 0x5C, 0xD4, 0xB5, 0x6A, 0x69, 0x92, 0x91, 0x7C, 0xAA, 0x8C, 0xE8, 0xFA,
    0x9B, 0x14, 0x7B, 0x58, 0xB5, 0xC9, 0x19, 0x50, 0xA2, 0xBD, 0x3F, 0xE9, 0xBE, 0x2F, 0x6E, 0x93,
    0x3E, 0x94, 0x9B, 0x99, 0xEC, 0x79, 0x46, 0xE6, 0x74, 0x7C, 0xB5, 0xB6, 0xBF, 0x91, 0x8D, 0xAA,
    0x49, 0xB4, 0x15, 0x5F, 0x4F, 0x55, 0xD4, 0x1D, 0x4F, 0x0F, 0x8D, 0x69, 0xB7, 0x37, 0x7A, 0xA3,
    0xAA, 0x88, 0x8E, 0x22, 0x0C, 0x68, 0xBE, 0x50, 0x21, 0x51, 0xBC, 0x88, 0x6D, 0xE2, 0xEA, 0x56,
    0xB7, 0xF5, 0xFF, 0xB6, 0xDC, 0x09, 0xB6, 0xB7, 0xB1, 0xE4, 0x01, 0x07, 0xE0, 0x9F, 0x11, 0x7A,
    0x08, 0x03, 0xC4, 0x5F, 0xB0, 0xFC, 0x14, 0xAD, 0x89, 0x7F, 0x5F, 0xD0, 0xE8, 0x30, 0x3E, 0x17,
    0x10, 0xA0, 0x9F, 0x9C, 0x7E, 0xAB, 0x84, 0x4F, 0x21, 0x5A, 0x32, 0x24, 0xEA, 0x06, 0xE1, 0x82,
    0xBE, 0x86, 0xD3, 0xC7, 0xF8, 0x58, 0x33, 0x0F, 0xEE, 0x0B, 0x90, 0x02, 0x28, 0x40, 0x52, 0xDC,
    0x0D, 0x70, 0xCA, 0xD4, 0xF9, 0xBA, 0xA2, 0x79, 0x98, 0xC2, 0x03, 0x4D, 0x4C, 0x48, 0x85, 0x17,
    0xA4, 0x4E, 0x6F, 0x08, 0xF8, 0x37, 0x0C, 0xC1, 0x0E, 0x65, 0x40, 0x94, 0x4F, 0xF4, 0x8C, 0x84,
    0x64, 0x9D, 0xC7, 0x73, 0x1E, 0xAE, 0x7D, 0x0A, 0x3F, 0x84, 0x5F, 0x80, 0x4D, 0x10, 0x08, 0xF8,
    0x0C, 0x89, 0xAB, 0x3B, 0xBB, 0xD6, 0xE3, 0xFF, 0xA3, 0xAE, 0xEC, 0xC8, 0x74, 0xC8, 0x15, 0xFB,
    0xF0, 0x3D, 0xA3, 0x44, 0xE7, 0x1E, 0xD1, 0xC5, 0xFC, 0xC3, 0x9F, 0x64, 0x13, 0xDB, 0xBE, 0x9F,
    0x8E, 0xC0, 0xCE, 0xD4, 0x5F, 0xBF, 0xA9, 0x7D, 0xD9, 0xD9, 0xFD, 0x38, 0x18, 0x82, 0x9F, 0xA9,
    0xC0, 0x0E, 0xE3, 0x5C, 0x43, 0x34, 0xB3, 0xFC, 0x90, 0xFE, 0xAB, 0xE9, 0x48, 0x63, 0x05, 0x7B,
    0xA8, 0x37, 0x3B, 0x5B, 0x09, 0xDC, 0x02, 0x5F, 0x1F, 0x8A, 0x47, 0x17, 0xCB, 0xAA, 0x89, 0x3B,
    0xE8, 0xEA, 0x48, 0x6E, 0xE3, 0xB7, 0x98, 0x5C, 0x54, 0xBF, 0x00, 0x85, 0x96, 0x01, 0x84, 0x1F,
    0xD9, 0x1D, 0xC7, 0x3F, 0x33, 0xEF, 0x72, 0x83, 0x69, 0xEF, 0x05, 0x17, 0x77, 0x64, 0xD3, 0x01,
    0x20, 0xDD, 0x9A, 0xD3, 0x86, 0x4B, 0xF8, 0xEF, 0xBE, 0xD7, 0xA4, 0x05, 0xAA, 0x89, 0x12, 0x87,
    0x22, 0x05, 0x90, 0x22, 0x29, 0x45, 0xF1, 0xDF, 0x9D, 0x91, 0xD0, 0x43, 0x55, 0xC1, 0x1D, 0x38,
    0x7A, 0x28, 0xAD, 0x1C, 0x12, 0x84, 0xC2, 0x7F, 0x77, 0x5E, 0x12, 0x04, 0xA1, 0x99, 0x36, 0x4D,
    0x0F, 0x87, 0x9B, 0x70, 0xE9, 0x91, 0x94, 0x7D, 0xB9, 0x9B, 0x5C, 0x26, 0xC9, 0xFC, 0xFF, 0xBF,
    0xBE, 0x67, 0x37, 0xB7, 0xDB, 0xF6, 0x4E, 0x67, 0xE7, 0xF3, 0xF9, 0xBE, 0xDF, 0xEF, 0x8D, 0xB7,
    0x18, 0xEF, 0xFD, 0x07, 0x40, 0x89, 0xA3, 0x38, 0xE1, 0x99, 0x24, 0x1D, 0x33, 0x60, 0x04, 0x86,
    0x03, 0xA7, 0x4F, 0x0D, 0x46, 0xFC, 0xA0, 0xEB, 0x2B, 0x33, 0x5D, 0xBF, 0x31, 0xD1, 0x35, 0xE5,
    0xC9, 0x9A, 0x4C, 0xC4, 0xA1, 0x1D, 0x84, 0x7A, 0x87, 0x49, 0xA8, 0xA7, 0x54, 0x32, 0xA2, 0x7E,
    0x0B, 0xEA, 0x47, 0x50, 0x2E, 0x48, 0xA5, 0x71, 0xFA, 0x23, 0xD3, 0x95, 0x3F, 0x7E, 0xB3, 0x35,
    0xDF, 0xFC, 0x6E, 0xBD, 0xFE, 0x8D, 0xF3, 0x6C, 0x2C, 0x5D, 0x61, 0x63, 0xD9, 0xB3, 0x71, 0xB4,
    0x63, 0xE3, 0x48, 0xCB, 0xFA, 0x1B, 0x0E, 0xF3, 0x0B, 0x47, 0xF9, 0x99, 0xB3, 0xFA, 0xF3, 0x0B,
    0xAD, 0x12, 0x71, 0xC8, 0x1C, 0x6E, 0x42, 0x72, 0x2B, 0xF0, 0x43, 0x00, 0xA0, 0x12, 0xD2, 0xA7,
    0xE7, 0x5C, 0xEE, 0xB2, 0xAE, 0xB0, 0xAA, 0x35, 0x24, 0x76, 0x15, 0x58, 0x23, 0x61, 0xC3, 0x9C,
    0x6B, 0x37, 0xF4, 0x93, 0x76, 0x9E, 0x5F, 0xAF, 0x37, 0x72, 0xC7, 0x66, 0xC0, 0xEC, 0x50, 0xFE,
    0xC6, 0xA1, 0x3F, 0xBA, 0xD6, 0x2A, 0xD9, 0x72, 0x34, 0x02, 0x89, 0x45, 0x44, 0x38, 0xF3, 0xA0,
    0x41, 0x3B, 0x4D, 0x58, 0x2F, 0x90, 0x06, 0xD8, 0xE5, 0xC1, 0x1F, 0xC8, 0x65, 0xF8, 0xB2, 0x16,
    0xB1, 0x5C, 0x7E, 0xB0, 0x3B, 0x5F, 0xB4, 0x20, 0x02, 0x00, 0x89, 0x78, 0xF2, 0xBF, 0x8E, 0x68,
    0xA6, 0x14, 0x4C, 0x28, 0xD9, 0x1F, 0x12, 0x74, 0xA4, 0x06, 0x11, 0xC7, 0x6B, 0xF7, 0x2D, 0xAA,
    0xDB, 0x1E, 0xA7, 0x1E, 0xD2, 0x16, 0x94, 0x03, 0xFD, 0x34, 0xB5, 0x46, 0x84, 0xAB, 0xC5, 0x1C,
    0x38, 0x05, 0x90, 0x01, 0xA0, 0x01, 0x58, 0x82, 0xC3, 0xC7, 0x87, 0xD5, 0x01, 0x73, 0x5B, 0x2A,
    0x21, 0x1B, 0x8A, 0xBE, 0xAC, 0x95, 0xCF, 0xBD, 0x76, 0xAA, 0xCB, 0xDA, 0xDC, 0xA9, 0x56, 0xB9,
    0xE8, 0x2C, 0x3A, 0xD4, 0xD1, 0xDA, 0x45, 0x17, 0x2E, 0xDA, 0xB8, 0xE8, 0x37, 0xE3, 0x8C, 0xFF,
    0xDC, 0xE7, 0x5D, 0xB5, 0xB8, 0x33, 0xE6, 0x23, 0xA9, 0x03, 0x50, 0x35, 0xD1, 0x00, 0xA6, 0xD5,
    0x0B, 0x0A, 0xFF, 0x72, 0x8F, 0xEA, 0xE9, 0x50, 0x63, 0xD4, 0x3C, 0xAA, 0x09, 0x7A, 0x6D, 0xEB,
    0x9D, 0xC7, 0x48, 0xB8, 0xAC, 0x7A, 0xBB, 0xEB, 0x78, 0xEB, 0xC3, 0xC7, 0x2F, 0xCA, 0x7A, 0xEC,
    0x50, 0xF5, 0x7A, 0x94, 0x89, 0x2A, 0xA2, 0x74, 0x47, 0xDE, 0xAA, 0x0E, 0x33, 0x06, 0x55, 0xD2,
    0x41, 0xF1, 0xC5, 0x02, 0x94, 0x2F, 0x6D, 0x90, 0x76, 0xFF, 0xA9, 0x1B, 0xF5, 0x8E, 0x8A, 0x93,
    0x7F, 0x57, 0x8F, 0x36, 0x9B, 0xB9, 0x12, 0xAF, 0x43, 0xC9, 0x57, 0x29, 0x77, 0x79, 0x4F, 0xD6,
    0x56, 0x52, 0xAB, 0x05, 0xC0, 0x7E, 0x23, 0x03, 0xC0, 0xC1, 0xC7, 0x8D, 0x85, 0xED, 0x35, 0x63,
    0xA8, 0x6E, 0x3B, 0x7C, 0xFE, 0x09, 0xB1, 0x6A, 0x16, 0x31, 0x5A, 0x5F, 0x10, 0x5A, 0xD7, 0xBD,
    0x0E, 0x51, 0xA6, 0x1E, 0x94, 0xF4, 0xCC, 0x41, 0x3D, 0x1A, 0xA8, 0x3A, 0x94, 0x1F, 0xD1, 0xF3,
    0x10, 0xEB, 0x20, 0x21, 0x0C, 0x14, 0x56, 0xF9, 0xE2, 0x9A, 0x8B, 0xFF, 0x5C, 0xDF, 0x69, 0xB5,
    0xCD, 0x06, 0xF5, 0x85, 0x2F, 0x31, 0xF2, 0xFD, 0x79, 0x33, 0x02, 0xB0, 0x8F, 0x50, 0x71, 0x08,
    0x33, 0xE6, 0x4F, 0x31, 0x1C, 0xFC, 0x44, 0x79, 0x0C, 0xCA, 0xA5, 0x3D, 0x95, 0x55, 0x35, 0x03,
    0x4D, 0x9D, 0x5B, 0x46, 0x9E, 0x3B, 0x0D, 0x33, 0x3E, 0x8C, 0xB1, 0x96, 0xDC, 0xE8, 0x0E, 0x61,
    0x24, 0x5E, 0xE3, 0xE1, 0xE6, 0x83, 0x87, 0xCF, 0x36, 0xFF, 0x44, 0x71, 0xC2, 0xF6, 0x47, 0x41,
    0xBF, 0xCD, 0xF0, 0x4B, 0xD0, 0xB7, 0x99, 0x79, 0xC8, 0xFF, 0xC2, 0xD4, 0x83, 0xFA, 0x17, 0xAB,
    0x2D, 0xA8, 0x11, 0xE3, 0x20, 0x1D, 0x29, 0x1C, 0x24, 0x3D, 0xBA, 0xA6, 0x92, 0x5E, 0xF9, 0xB5,
    0xD3, 0x8D, 0xF2, 0xD3, 0xB0, 0x44, 0x90, 0xBE, 0x18, 0x75, 0xC3, 0x4F, 0x8B, 0xA8, 0xF2, 0xBF,
    0x94, 0x47, 0xA1, 0xBA, 0x17, 0xCA, 0xDD, 0xB4, 0x3C, 0x7D, 0xAE, 0x9E, 0x96, 0x32, 0x07, 0x25,
    0x40, 0x05, 0x18, 0x30, 0xE2, 0x63, 0x46, 0x32, 0x31, 0x14, 0x0F, 0x05, 0x83, 0xB0, 0x16, 0x3C,
    0x0B, 0x8C, 0x7B, 0x88, 0xF5, 0x34, 0x60, 0x68, 0x28, 0x1F, 0x6E, 0xD9, 0x5C, 0x4A, 0xCF, 0x7E,
    0x00, 0x30, 0x22, 0xEE, 0xF0, 0xA5, 0x4B, 0xF5, 0x76, 0x31, 0xC2, 0xD3, 0x0A, 0xD5, 0x15, 0x36,
    0x73, 0x7A, 0xF7, 0x04, 0xB1, 0x20, 0xD2, 0x72, 0x39, 0x3C, 0x56, 0x00, 0x22, 0x35, 0xE7, 0xEE,
    0xEE, 0xCC, 0x39, 0xC8, 0x02, 0xCA, 0xA7, 0x30, 0x3F, 0x03, 0x66, 0x0E, 0x89, 0xC5, 0x88, 0x12,
    0x77, 0xF0, 0x29, 0xF1, 0xCD, 0xD2, 0xC7, 0xE9, 0x2E, 0x28, 0xAB, 0x83, 0x0A, 0x82, 0x26, 0x51,
    0x1E, 0x44, 0x64, 0xE4, 0x2D, 0x59, 0x9C, 0x42, 0x8D, 0x4D, 0xEC, 0x99, 0x3A, 0x48, 0xB7, 0x41,
    0x99, 0x0F, 0x52, 0x63, 0x10, 0x0B, 0xB2, 0x01, 0x53, 0x1B, 0xB1, 0xDA, 0x57, 0x22, 0xE3, 0xE6,
    0xE5, 0x07, 0xE3, 0x55, 0xED, 0x26, 0x57, 0x02, 0x3F, 0xD3, 0xEE, 0x75, 0xF4, 0x35, 0xD0, 0x5B,
    0x16, 0x3D, 0x40, 0xE5, 0xC8, 0xE4, 0x26, 0xA9, 0x16, 0xD0, 0x1D, 0x48, 0xA8, 0x3F, 0x76, 0xA0,
    0x77, 0x28, 0x3A, 0x12, 0x59, 0x00, 0xC0, 0xEE, 0x46, 0x43, 0x03, 0xF0, 0xF2, 0xA6, 0x05, 0xD2,
    0x67, 0xCF, 0x7A, 0x20, 0x49, 0xFC, 0x0A, 0x80, 0xEA, 0x34, 0x40, 0xE6, 0xB4, 0x05, 0xE2, 0x3E,
    0x06, 0x74, 0x9D, 0xB9, 0x18, 0x56, 0xC5, 0x28, 0x88, 0x41, 0x49, 0x6C, 0xB2, 0x4A, 0x1E, 0x63,
    0x05, 0x7D, 0x73, 0x01, 0x13, 0xF4, 0xEF, 0xB4, 0x65, 0x4A, 0xB1, 0xAC, 0x9C, 0x19, 0x58, 0x9D,
    0x28, 0x77, 0x65, 0x60, 0x36, 0xC9, 0xDC, 0x15, 0x39, 0xE1, 0x2B, 0x8D, 0xB9, 0x20, 0xB6, 0x99,
    0x03, 0xD0, 0x03, 0x80, 0x07, 0x20, 0xD9, 0x0E, 0xD5, 0x6D, 0x47, 0x0B, 0x00, 0x20, 0x16, 0xF5,
    0xA9, 0x23, 0x73, 0x2D, 0x79, 0xDD, 0x91, 0xC7, 0xBC, 0x16, 0xEA, 0xEB, 0x0E, 0x75, 0xA7, 0x46,
    0x3D, 0x81, 0x74, 0x01, 0xC9, 0x08, 0x76, 0x24, 0x71, 0x73, 0xD4, 0x23, 0x21, 0x7B, 0x72, 0x99,
    0x57, 0x2A, 0x5D, 0x2F, 0xAF, 0x68, 0x77, 0x64, 0x29, 0x77, 0xA0, 0x5A, 0x5E, 0x52, 0x1D, 0xCB,
    0x21, 0x57, 0x94, 0xA3, 0xF8, 0x7D, 0x4D, 0xB6, 0xC0, 0x48, 0x1F, 0xB7, 0x2C, 0x71, 0xBF, 0x7E,
    0xF0, 0xEC, 0xF2, 0xD0, 0x88, 0x0C, 0x71, 0x9B, 0xC6, 0x8C, 0xC4, 0xBE, 0xF2, 0x15, 0x4A, 0xE2,
    0x8B, 0xE5, 0x7F, 0xC8, 0x06, 0x30, 0xE2, 0x80, 0x1A, 0xA0, 0x03, 0x4A, 0x69, 0x49, 0x16, 0x0F,
    0x7B, 0xF2, 0x36, 0x9E, 0xC5, 0x75, 0x3B, 0x60, 0x68, 0x4F, 0x45, 0xC1, 0x7A, 0xD4, 0xC6, 0x1E,
    0xDD, 0x3D, 0x1D, 0xB4, 0x25, 0x76, 0x9D, 0xF0, 0xB0, 0xA1, 0x1D, 0xB6, 0x55, 0xD4, 0x41, 0xBA,
    0x0D, 0x52, 0x8B, 0xFB, 0x03, 0x54, 0xD2, 0x01, 0x11, 0x5A, 0x20, 0xF5, 0x80, 0x8A, 0x52, 0x03,
    0x90, 0x8F, 0x80, 0x9E, 0x02, 0x87, 0x56, 0x81, 0x89, 0x81, 0xB3, 0x9B, 0xCD, 0xA5, 0xBA, 0x11,
    0x91, 0x16, 0xAF, 0x1D, 0x07, 0x1E, 0xFF, 0xF4, 0xBE, 0x95, 0x58, 0x2A, 0xA7, 0x3C, 0xAA, 0x4E,
    0x7A, 0x72, 0x18, 0xD1, 0x51, 0xA5, 0x45, 0x10, 0xAF, 0xC5, 0x01, 0xA4, 0xD2, 0xA1, 0xEF, 0x8D,
    0x68, 0x6B, 0xD0, 0x14, 0x24, 0x01, 0x28, 0x39, 0x7B, 0xA9, 0x89, 0x2B, 0xB6, 0x54, 0x3D, 0x3F,
    0x97, 0x07, 0x75, 0x5C, 0xAD, 0x74, 0x60, 0x88, 0xE4, 0x01, 0x6D, 0x8B, 0x40, 0xDE, 0x56, 0x24,
    0x32, 0xC2, 0x3E, 0x20, 0xA9, 0x21, 0x75, 0x50, 0x09, 0xE9, 0xF3, 0x2D, 0x97, 0x5F, 0xBF, 0xD9,
    0x15, 0xC7, 0x6F, 0xB4, 0x26, 0xBD, 0x66, 0x57, 0x43, 0x7F, 0x2D, 0xB0, 0xB1, 0xC3, 0x7C, 0x27,
    0x37, 0x03, 0x66, 0x87, 0xF2, 0x82, 0x43, 0xFF, 0x6D, 0xCF, 0x4F, 0x66, 0xE8, 0x45, 0x54, 0x3B,
    0x43, 0x75, 0xE3, 0x97, 0x7C, 0xFB, 0xD9, 0xE2, 0x7D, 0x23, 0xE2, 0xE3, 0xF8, 0xFF, 0x33, 0x0B,
    0xAC, 0x07, 0x4C, 0x0F, 0x89, 0x85, 0x60, 0xE9, 0xC9, 0xEF, 0xCD, 0x29, 0x30, 0x94, 0x7C, 0x2B,
    0xF8, 0xA5, 0x90, 0x50, 0x38, 0xC8, 0x07, 0x48, 0xC5, 0x81, 0x89, 0x83, 0x05, 0x60, 0x00, 0x5D,
    0x7F, 0xE7, 0x8F, 0x27, 0xEB, 0x6A, 0xF3, 0xB6, 0xFD, 0xF3, 0xB1, 0x8F, 0x31, 0xC7, 0xE6, 0x68,
    0xF1, 0x64, 0xAB, 0x8E, 0xEC, 0x98, 0x23, 0xC1, 0xB2, 0xF7, 0xBC, 0x89, 0x63, 0xD3, 0x6C, 0xB9,
    0x23, 0x3A, 0x71, 0xE7, 0x35, 0x11, 0x87, 0x86, 0xAF, 0xA5, 0xB0, 0x60, 0x1C, 0xA9, 0x8C, 0x34,
    0x22, 0xF6, 0x40, 0xF3, 0x0E, 0x68, 0x07, 0x79, 0x4B, 0x25, 0x42, 0x84, 0xAC, 0xDD, 0xEE, 0x55,
    0x96, 0x66, 0x00, 0x03, 0x94, 0x2F, 0xCE, 0x29, 0x0F, 0xAA, 0x87, 0x64, 0x04, 0x04, 0x28, 0x3B,
    0x8C, 0x58, 0x0E, 0xCE, 0x41, 0x79, 0x48, 0x23, 0x9F, 0x79, 0x52, 0xB1, 0xE4, 0x1E, 0x9A, 0x47,
    0x9E, 0xE3, 0x52, 0x93, 0xF7, 0xFB, 0x68, 0x7C, 0xE9, 0x7E, 0xE2, 0x0B, 0x97, 0x7A, 0xD5, 0xA6,
    0x3E, 0x09, 0xA4, 0x4E, 0x79, 0xE5, 0xB2, 0xA1, 0xC0, 0xC8, 0x00, 0x40, 0xD1, 0xC1, 0xD1, 0xAB,
    0x70, 0xFE, 0x28, 0xFC, 0x6A, 0x55, 0x6A, 0x23, 0xE2, 0xF3, 0x39, 0x33, 0x96, 0x89, 0x7F, 0x87,
    0x58, 0xFE, 0xC1, 0x12, 0xE5, 0xD6, 0x32, 0xA5, 0xF4, 0x4C, 0xBE, 0xD7, 0x32, 0x82, 0x7A, 0x0F,
    0x78, 0x85, 0x57, 0xD1, 0x4C, 0x50, 0xCF, 0x07, 0x12, 0xF1, 0xB0, 0x0F, 0x54, 0xBD, 0x4B, 0x35,
    0x0F, 0x53, 0xE2, 0xF4, 0xC5, 0x8B, 0xDE, 0xA8, 0xBA, 0x5F, 0x51, 0xF5, 0x38, 0x55, 0xF5, 0x6C,
    0xA6, 0xEA, 0xE9, 0xA8, 0xEA, 0x95, 0xAF, 0x43, 0xA4, 0xE3, 0xCC, 0x3F, 0xE6, 0x68, 0x57, 0x92,
    0x3B, 0xED, 0xF6, 0x50, 0xE7, 0xA1, 0x57, 0xDC, 0x9D, 0x23, 0xD2, 0x7D, 0xE5, 0x67, 0x94, 0xDE,
    0xFB, 0x19, 0xB5, 0xD4, 0x6D, 0x63, 0x7A, 0x94, 0x88, 0xD5, 0xEF, 0x7D, 0xDA, 0x9A, 0xA5, 0x7B,
    0x7E, 0xB2, 0xD4, 0x0D, 0xB3, 0xC0, 0xB8, 0xD4, 0x5D, 0x1D, 0x5F, 0x82, 0x11, 0x98, 0x01, 0x53,
    0x60, 0x15, 0x28, 0x80, 0xDC, 0x41, 0xE2, 0x41, 0x44, 0xBA, 0x08, 0xBF, 0x86, 0x5B, 0x88, 0xD4,
    0xD5, 0xC3, 0xBE, 0xB0, 0x63, 0x61, 0x67, 0x85, 0xDD, 0x88, 0x0E, 0xE3, 0xE3, 0x7D, 0x21, 0xAE,
    0x78, 0x37, 0xF4, 0xD7, 0x0A, 0x6B, 0xF6, 0xDC, 0xEB, 0xE5, 0xBB, 0xA3, 0x48, 0xC7, 0x2D, 0xC2,
    0x9D, 0x6C, 0x5A, 0x2D, 0xDE, 0x30, 0xAC, 0x31, 0x8C, 0x9C, 0x1A, 0x61, 0xEF, 0x3D, 0x03, 0xC3,
    0xEB, 0xC5, 0x3F, 0xFB, 0x4C, 0x3A, 0x5E, 0x05, 0x10, 0xE9, 0xCF, 0x5E, 0x7A, 0xFF, 0xDF, 0xAB,
    0xFF, 0xFF, 0x7F, 0xFF, 0xFF, 0xFF, 0x0C, 0x0C, 0x0C, 0x00, 0xAD, 0x90, 0x21, 0x68, 0xC3, 0x40,
    0x14, 0x40, 0xDF, 0xE5, 0x18, 0x11, 0x11, 0x35, 0xF3, 0xF1, 0x4C, 0xD4, 0x43, 0xDB, 0x3B, 0xAF,
    0x2A, 0x36, 0xEF, 0xBD, 0xDD, 0xD6, 0x32, 0x0F, 0xAD, 0x57, 0xD5, 0x9D, 0x99, 0x67, 0xB0, 0x30,
    0x2F, 0xEA, 0x55, 0xEC, 0xDC, 0x89, 0x13, 0x69, 0x39, 0xFA, 0xF7, 0x2F, 0x67, 0xCA, 0x5C, 0xE9,
    0x02, 0x79, 0xB9, 0x1C, 0xFF, 0x78, 0x2F, 0x01, 0x8C, 0x67, 0x1A, 0x5D, 0xE2, 0x98, 0x86, 0x45,
    0x15, 0xE6, 0x61, 0x66, 0xFB, 0x2A, 0x30, 0xE2, 0xE1, 0xF4, 0x7E, 0x5A, 0x3B, 0x11, 0x39, 0x94,
    0xBD, 0x6B, 0xD0, 0x84, 0x7A, 0x60, 0x25, 0x4E, 0x3A, 0xCC, 0x23, 0x90, 0x17, 0x0C, 0x4D, 0xA0,
    0x0A, 0xB6, 0xD7, 0x11, 0x83, 0x02, 0xD4, 0xB1, 0xDF, 0xA2, 0x8E, 0xC0, 0x0D, 0x0E, 0x0F, 0x4B,
    0x60, 0x2A, 0x01, 0x52, 0x71, 0x04, 0x2E, 0xBF, 0xE3, 0x2D, 0xA8, 0xE3, 0xFB, 0x56, 0x07, 0x3C,
    0x65, 0x4B, 0x6C, 0xA5, 0x87, 0x63, 0x7A, 0xB6, 0xD9, 0x34, 0x8B, 0x26, 0x8F, 0x2A, 0x7C, 0x39,
    0xC1, 0xF8, 0xDF, 0xF6, 0x3B, 0x35, 0xEA, 0x15, 0xCB, 0xE6, 0x8D, 0x8F, 0x61, 0xEC, 0xA8, 0xD2,
    0x58, 0xB2, 0x91, 0x0E, 0x60, 0x49, 0x69, 0x89, 0xB9, 0xE5, 0xC5, 0xC6, 0xD2, 0x12, 0x73, 0xCB,
    0xC5, 0xF1, 0xDC, 0xB2, 0x8D, 0x63, 0x4B, 0xFF, 0x3F, 0x2D, 0xF1, 0x6F, 0xCB, 0x9D, 0x07, 0x56,
    0x09, 0x4C, 0x68, 0xC1, 0x1E, 0x26, 0x1D, 0xB6, 0x53, 0xD4, 0x05, 0xED, 0x8F, 0x42, 0xA4, 0xBC,
    0x5E, 0x85, 0x49, 0xDF, 0xF4, 0x88, 0x58, 0x01, 0xB8, 0x2F, 0x37, 0xB5, 0x1A, 0x69, 0x4D, 0x84,
    0x05, 0x09, 0xE6, 0xA4, 0xB2, 0xAA, 0xC4, 0x9C, 0x77, 0xEE, 0x6B, 0x23, 0xE1, 0xB3, 0xE9, 0x12,
    0xB1, 0xF6, 0x89, 0x04, 0x9A, 0xE9, 0x15, 0x2E, 0x2A, 0x6A, 0x51, 0xB0, 0xEA, 0x14, 0x79, 0xE4,
    0xC3, 0x2A, 0x42, 0x46, 0x9A, 0xAC, 0x5F, 0x71, 0x67, 0x5C, 0x30, 0x1E, 0xE3, 0x7F, 0x01, 0x14,
    0x8B, 0x87, 0x0D, 0x02, 0x50, 0x08, 0x44, 0x2F, 0xB1, 0x57, 0x26, 0x32, 0x38, 0x99, 0x6D, 0x32,
    0x36, 0x92, 0x54, 0x1B, 0xDF, 0xA7, 0x74, 0xB8, 0x22, 0x4D, 0xD4, 0x61, 0xD1, 0xD3, 0xB3, 0x27,
    0xF5, 0x1F, 0x13, 0x68, 0xF8, 0xD8, 0xC4, 0x61, 0x73, 0x4B, 0x69, 0x58, 0x94, 0x26, 0xDC, 0x03,
    0x19, 0x04, 0xE1, 0x70, 0x25, 0x81, 0x05, 0xE5, 0x3C, 0x9D, 0x34, 0x9E, 0x10, 0x13, 0x46, 0x9B,
    0x81, 0x92, 0xFC, 0x45, 0x4A, 0x96, 0x1E, 0xD2, 0x24, 0xCF, 0x92, 0xF4, 0xAD, 0xDF, 0x20, 0x76,
    0xC1, 0xEC, 0x85, 0xB8, 0x01, 0x00,
};

static const EpdGlyph notoserif_12_regularGlyphs[] = {
    { 0, 0, 0, 0, 0, 0, 0 }, // U+0000
    { 0, 0, 104, 0, 0, 0, 0 }, // U+000D
    { 0, 0, 104, 0, 0, 0, 0 }, // U+0020
    { 4, 19, 133, 2, 18, 19, 0 }, // !
    { 8, 7, 163, 1, 18, 14, 19 }, // "
    { 14, 18, 224, 0, 18, 63, 33 }, // #
    { 12, 21, 224, 1, 19, 63, 96 }, // $
    { 21, 20, 358, 1, 19, 105, 159 }, // %
    { 19, 20, 297, 0, 19, 95, 264 }, // &
    { 4, 7, 88, 1, 18, 7, 359 }, // '
    { 7, 23, 138, 1, 19, 41, 366 }, // (
    { 8, 23, 138, 0, 19, 46, 407 }, // )
    { 11, 10, 200, 1, 19, 28, 453 }, // *
    { 12, 12, 224, 1, 15, 36, 481 }, // +
    { 5, 8, 100, 0, 4, 10, 517 }, // ,
    { 8, 3, 124, 0, 8, 6, 527 }, // -
    { 4, 5, 100, 1, 4, 5, 533 }, // .
    { 8, 23, 115, 0, 19, 46, 538 }, // /
    { 13, 20, 232, 1, 19, 65, 584 }, // 0
    { 11, 18, 184, 0, 18, 50, 649 }, // 1
    { 12, 19, 198, 0, 19, 57, 699 }, // 2
    { 12, 20, 204, 0, 19, 60, 756 }, // 3
    { 14, 18, 221, 0, 18, 63, 816 }, // 4
    { 11, 19, 204, 1, 18, 53, 879 }, // 5
    { 12, 20, 220, 1, 19, 60, 932 }, // 6
    { 12, 18, 206, 1, 18, 54, 992 }, // 7
    { 12, 20, 223, 1, 19, 60, 1046 }, // 8
    { 12, 20, 220, 1, 19, 60, 1106 }, // 9
    { 4, 15, 114, 2, 14, 15, 1166 }, // :
    { 5, 18, 114, 1, 14, 23, 1181 }, // ;
    { 12, 14, 224, 1, 16, 42, 1204 }, // <
    { 12, 8, 224, 1, 13, 24, 1246 }, // =
    { 12, 14, 224, 1, 16, 42, 1270 }, // >
    { 11, 20, 190, 0, 19, 55, 1312 }, // ?
    { 21, 22, 368, 1, 18, 116, 1367 }, // @
    { 18, 18, 282, 0, 18, 81, 1483 }, // A
    { 15, 18, 262, 0, 18, 68, 1564 }, // B
    { 14, 20, 246, 1, 19, 70, 1632 }, // C
    { 17, 18, 291, 0, 18, 77, 1702 }, // D
    { 15, 18, 249, 0, 18, 68, 1779 }, // E
    { 14, 18, 236, 0, 18, 63, 1847 }, // F
    { 17, 20, 286, 1, 19, 85, 1910 }, // G
    { 19, 18, 317, 0, 18, 86, 1995 }, // H
    { 9, 18, 147, 0, 18, 41, 2081 }, // I
    { 10, 24, 143, -1, 18, 60, 2122 }, // J
    { 18, 18, 280, 0, 18, 81, 2182 }, // K
    { 15, 18, 249, 0, 18, 68, 2263 }, // L
    { 23, 18, 375, 0, 18, 104, 2331 }, // M
    { 19, 18, 305, 0, 18, 86, 2435 }, // N
    { 17, 20, 297, 1, 19, 85, 2521 }, // O
    { 15, 18, 242, 0, 18, 68, 2606 }, // P
    { 17, 25, 297, 1, 19, 107, 2674 }, // Q
    { 17, 18, 262, 0, 18, 77, 2781 }, // R
    { 12, 20, 218, 1, 19, 60, 2858 }, // S
    { 15, 18, 245, 0, 18, 68, 2918 }, // T
    { 18, 19, 287, 0, 18, 86, 2986 }, // U
    { 17, 18, 270, 0, 18, 77, 3072 }, // V
    { 26, 18, 419, 0, 18, 117, 3149 }, // W
    { 17, 18, 264, 0, 18, 77, 3266 }, // X
    { 17, 18, 250, -1, 18, 77, 3343 }, // Y
    { 14, 18, 237, 0, 18, 63, 3420 }, // Z
    { 7, 23, 144, 2, 19, 41, 3483 }, // [
    { 8, 23, 115, 0, 19, 46, 3524 }, // <backslash>
    { 7, 23, 144, 0, 19, 41, 3570 }, // ]
    { 12, 12, 224, 1, 18, 36, 3611 }, // ^
    { 13, 2, 184, -1, -2, 7, 3647 }, // _
    { 5, 5, 110, 1, 20, 7, 3654 }, // `
    { 12, 15, 225, 1, 14, 45, 3661 }, // a
    { 14, 20, 246, 0, 19, 70, 3706 }, // b
    { 11, 15, 197, 1, 14, 42, 3776 }, // c
    { 14, 20, 246, 1, 19, 70, 3818 }, // d
    { 12, 15, 214, 1, 14, 45, 3888 }, // e
    { 11, 20, 148, 0, 20, 55, 3933 }, // f
    { 14, 21, 215, 0, 15, 74, 3988 }, // g
    { 16, 19, 254, 0, 19, 76, 4062 }, // h
    { 8, 19, 128, 0, 19, 38, 4138 }, // i
    { 7, 25, 120, -1, 19, 44, 4176 }, // j
    { 15, 19, 234, 0, 19, 72, 4220 }, // k
    { 8, 19, 124, 0, 19, 38, 4292 }, // l
    { 23, 14, 378, 0, 14, 81, 4330 }, // m
    { 16, 14, 258, 0, 14, 56, 4411 }, // n
    { 13, 15, 231, 1, 14, 49, 4467 }, // o
    { 14, 20, 246, 0, 14, 70, 4516 }, // p
    { 14, 20, 246, 1, 14, 70, 4586 }, // q
    { 12, 14, 188, 0, 14, 42, 4656 }, // r
    { 10, 15, 180, 1, 14, 38, 4698 }, // s
    { 9, 18, 141, 0, 17, 41, 4736 }, // t
    { 16, 15, 254, 0, 14, 60, 4777 }, // u
    { 15, 14, 232, 0, 14, 53, 4837 }, // v
    { 22, 14, 345, 0, 14, 77, 4890 }, // w
    { 15, 14, 231, 0, 14, 53, 4967 }, // x
    { 15, 20, 226, 0, 14, 75, 5020 }, // y
    { 11, 14, 204, 1, 14, 39, 5095 }, // z
    { 9, 23, 171, 1, 19, 52, 5134 }, // {
    { 2, 25, 224, 6, 19, 13, 5186 }, // |
    { 9, 23, 171, 1, 19, 52, 5199 }, // }
    { 12, 6, 224, 1, 12, 18, 5251 }, // ~
    { 0, 0, 104, 0, 0, 0, 0 }, // U+00A0
    { 4, 19, 133, 2, 14, 19, 0 }, // U+00A1
    { 12, 18, 224, 1, 18, 54, 19 }, // U+00A2
    { 13, 20, 224, 1, 19, 65, 73 }, // U+00A3
    { 12, 12, 224, 1, 15, 36, 138 }, // U+00A4
    { 14, 18, 224, 0, 18, 63, 174 }, // U+00A5
    { 2, 25, 224, 6, 19, 13, 237 }, // U+00A6
    { 12, 22, 218, 1, 19, 66, 250 }, // U+00A7
    { 8, 4, 231, 3, 19, 8, 316 }, // U+00A8
    { 19, 20, 338, 1, 19, 95, 324 }, // U+00A9
    { 10, 9, 153, 0, 18, 23, 419 }, // U+00AA
    { 11, 10, 206, 1, 12, 28, 442 }, // U+00AB
    { 12, 7, 224, 1, 10, 21, 470 }, // U+00AC
    { 8, 3, 124, 0, 8, 6, 491 }, // U+00AD
    { 19, 20, 338, 1, 19, 95, 497 }, // U+00AE
    { 13, 2, 184, -1, 21, 7, 592 }, // U+00AF
    { 8, 9, 160, 1, 19, 18, 599 }, // U+00B0
    { 12, 15, 224, 1, 15, 45, 617 }, // U+00B1
    { 8, 12, 160, 1, 21, 24, 662 }, // U+00B2
    { 8, 12, 160, 1, 21, 24, 686 }, // U+00B3
    { 5, 5, 110, 1, 20, 7, 710 }, // U+00B4
    { 13, 20, 246, 2, 14, 65, 717 }, // U+00B5
    { 14, 22, 247, 1, 19, 77, 782 }, // U+00B6
    { 4, 4, 100, 1, 11, 4, 859 }, // U+00B7
    { 6, 7, 133, 1, 1, 11, 863 }, // U+00B8
    { 8, 12, 160, 1, 21, 24, 874 }, // U+00B9
    { 10, 9, 159, 0, 18, 23, 898 }, // U+00BA
    { 11, 10, 206, 1, 12, 28, 921 }, // U+00BB
    { 21, 20, 336, 0, 19, 105, 949 }, // U+00BC
    { 21, 20, 336, 0, 19, 105, 1054 }, // U+00BD
    { 20, 20, 336, 1, 19, 100, 1159 }, // U+00BE
    { 12, 19, 190, 0, 14, 57, 1259 }, // U+00BF
    { 18, 24, 282, 0, 24, 108, 1316 }, // U+00C0
    { 18, 24, 282, 0, 24, 108, 1424 }, // U+00C1
    { 18, 24, 282, 0, 24, 108, 1532 }, // U+00C2
    { 18, 23, 282, 0, 23, 104, 1640 }, // U+00C3
    { 18, 23, 282, 0, 23, 104, 1744 }, // U+00C4
    { 18, 23, 282, 0, 23, 104, 1848 }, // U+00C5
    { 23, 18, 380, 0, 18, 104, 1952 }, // U+00C6
    { 14, 25, 246, 1, 19, 88, 2056 }, // U+00C7
    { 15, 24, 249, 0, 24, 90, 2144 }, // U+00C8
    { 15, 24, 249, 0, 24, 90, 2234 }, // U+00C9
    { 15, 24, 249, 0, 24, 90, 2324 }, // U+00CA
    { 15, 23, 249, 0, 23, 87, 2414 }, // U+00CB
    { 9, 24, 147, 0, 24, 54, 2501 }, // U+00CC
    { 9, 24, 147, 0, 24, 54, 2555 }, // U+00CD
    { 9, 24, 147, 0, 24, 54, 2609 }, // U+00CE
    { 9, 23, 147, 0, 23, 52, 2663 }, // U+00CF
    { 17, 18, 291, 0, 18, 77, 2715 }, // U+00D0
    { 19, 23, 305, 0, 23, 110, 2792 }, // U+00D1
    { 17, 25, 297, 1, 24, 107, 2902 }, // U+00D2
    { 17, 25, 297, 1, 24, 107, 3009 }, // U+00D3
    { 17, 25, 297, 1, 24, 107, 3116 }, // U+00D4
    { 17, 24, 297, 1, 23, 102, 3223 }, // U+00D5
    { 17, 24, 297, 1, 23, 102, 3325 }, // U+00D6
    { 12, 12, 224, 1, 15, 36, 3427 }, // U+00D7
    { 17, 20, 297, 1, 19, 85, 3463 }, // U+00D8
    { 18, 25, 287, 0, 24, 113, 3548 }, // U+00D9
    { 18, 25, 287, 0, 24, 113, 3661 }, // U+00DA
    { 18, 25, 287, 0, 24, 113, 3774 }, // U+00DB
    { 18, 24, 287, 0, 23, 108, 3887 }, // U+00DC
    { 17, 24, 250, -1, 24, 102, 3995 }, // U+00DD
    { 15, 18, 242, 0, 18, 68, 4097 }, // U+00DE
    { 16, 21, 259, 0, 20, 84, 4165 }, // U+00DF
    { 12, 21, 225, 1, 20, 63, 4249 }, // U+00E0
    { 12, 21, 225, 1, 20, 63, 4312 }, // U+00E1
    { 12, 21, 225, 1, 20, 63, 4375 }, // U+00E2
    { 12, 20, 225, 1, 19, 60, 4438 }, // U+00E3
    { 12, 20, 225, 1, 19, 60, 4498 }, // U+00E4
    { 12, 22, 225, 1, 21, 66, 4558 }, // U+00E5
    { 19, 15, 336, 1, 14, 72, 4624 }, // U+00E6
    { 11, 20, 197, 1, 14, 55, 4696 }, // U+00E7
    { 12, 21, 214, 1, 20, 63, 4751 }, // U+00E8
    { 12, 21, 214, 1, 20, 63, 4814 }, // U+00E9
    { 12, 21, 214, 1, 20, 63, 4877 }, // U+00EA
    { 12, 20, 214, 1, 19, 60, 4940 }, // U+00EB
    { 8, 20, 128, 0, 20, 40, 5000 }, // U+00EC
    { 8, 20, 128, 0, 20, 40, 5040 }, // U+00ED
    { 8, 20, 128, 0, 20, 40, 5080 }, // U+00EE
    { 8, 19, 128, 0, 19, 38, 5120 }, // U+00EF
    { 13, 21, 231, 1, 20, 69, 5158 }, // U+00F0
    { 16, 19, 258, 0, 19, 76, 5227 }, // U+00F1
    { 13, 21, 231, 1, 20, 69, 5303 }, // U+00F2
    { 13, 21, 231, 1, 20, 69, 5372 }, // U+00F3
    { 13, 21, 231, 1, 20, 69, 5441 }, // U+00F4
    { 13, 20, 231, 1, 19, 65, 5510 }, // U+00F5
    { 13, 20, 231, 1, 19, 65, 5575 }, // U+00F6
    { 12, 14, 224, 1, 16, 42, 5640 }, // U+00F7
    { 13, 16, 231, 1, 15, 52, 5682 }, // U+00F8
    { 16, 21, 254, 0, 20, 84, 5734 }, // U+00F9
    { 16, 21, 254, 0, 20, 84, 5818 }, // U+00FA
    { 16, 21, 254, 0, 20, 84, 5902 }, // U+00FB
    { 16, 20, 254, 0, 19, 80, 5986 }, // U+00FC
    { 15, 26, 226, 0, 20, 98, 6066 }, // U+00FD
    { 14, 25, 246, 0, 19, 88, 6164 }, // U+00FE
    { 15, 25, 226, 0, 19, 94, 6252 }, // U+00FF
    { 18, 21, 282, 0, 21, 95, 0 }, // U+0100
    { 12, 18, 225, 1, 17, 54, 95 }, // U+0101
    { 18, 23, 282, 0, 23, 104, 149 }, // U+0102
    { 12, 20, 225, 1, 19, 60, 253 }, // U+0103
    { 18, 24, 282, 0, 18, 108, 313 }, // U+0104
    { 12, 20, 225, 1, 14, 60, 421 }, // U+0105
    { 14, 25, 246, 1, 24, 88, 481 }, // U+0106
    { 11, 21, 197, 1, 20, 58, 569 }, // U+0107
    { 14, 25, 246, 1, 24, 88, 627 }, // U+0108
    { 11, 21, 197, 1, 20, 58, 715 }, // U+0109
    { 14, 24, 246, 1, 23, 84, 773 }, // U+010A
    { 11, 20, 197, 1, 19, 55, 857 }, // U+010B
    { 14, 25, 246, 1, 24, 88, 912 }, // U+010C
    { 11, 21, 197, 1, 20, 58, 1000 }, // U+010D
    { 17, 24, 291, 0, 24, 102, 1058 }, // U+010E
    { 16, 20, 246, 1, 19, 80, 1160 }, // U+010F
    { 17, 18, 291, 0, 18, 77, 1240 }, // U+0110
    { 14, 20, 246, 1, 19, 70, 1317 }, // U+0111
    { 15, 21, 249, 0, 21, 79, 1387 }, // U+0112
    { 12, 18, 214, 1, 17, 54, 1466 }, // U+0113
    { 15, 23, 249, 0, 23, 87, 1520 }, // U+0114
    { 12, 20, 214, 1, 19, 60, 1607 }, // U+0115
    { 15, 23, 249, 0, 23, 87, 1667 }, // U+0116
    { 12, 20, 214, 1, 19, 60, 1754 }, // U+0117
    { 15, 24, 249, 0, 18, 90, 1814 }, // U+0118
    { 12, 20, 214, 1, 14, 60, 1904 }, // U+0119
    { 15, 24, 249, 0, 24, 90, 1964 }, // U+011A
    { 12, 21, 214, 1, 20, 63, 2054 }, // U+011B
    { 17, 25, 286, 1, 24, 107, 2117 }, // U+011C
    { 14, 26, 215, 0, 20, 91, 2224 }, // U+011D
    { 17, 24, 286, 1, 23, 102, 2315 }, // U+011E
    { 14, 25, 215, 0, 19, 88, 2417 }, // U+011F
    { 17, 24, 286, 1, 23, 102, 2505 }, // U+0120
    { 14, 25, 215, 0, 19, 88, 2607 }, // U+0121
    { 17, 25, 286, 1, 19, 107, 2695 }, // U+0122
    { 14, 26, 215, 0, 20, 91, 2802 }, // U+0123
    { 19, 24, 317, 0, 24, 114, 2893 }, // U+0124
    { 16, 25, 254, 0, 25, 100, 3007 }, // U+0125
    { 19, 18, 317, 0, 18, 86, 3107 }, // U+0126
    { 16, 19, 254, 0, 19, 76, 3193 }, // U+0127
    { 10, 23, 147, 0, 23, 58, 3269 }, // U+0128
    { 10, 19, 128, -1, 19, 48, 3327 }, // U+0129
    { 9, 21, 147, 0, 21, 48, 3375 }, // U+012A
    { 8, 17, 128, 0, 17, 34, 3423 }, // U+012B
    { 9, 23, 147, 0, 23, 52, 3457 }, // U+012C
    { 8, 19, 128, 0, 19, 38, 3509 }, // U+012D
    { 9, 24, 147, 0, 18, 54, 3547 }, // U+012E
    { 8, 25, 128, 0, 19, 50, 3601 }, // U+012F
    { 9, 23, 147, 0, 23, 52, 3651 }, // U+0130
    { 8, 14, 128, 0, 14, 28, 3703 }, // U+0131
    { 17, 24, 278, 0, 18, 102, 3731 }, // U+0132
    { 14, 25, 248, 0, 19, 88, 3833 }, // U+0133
    { 10, 30, 143, -1, 24, 75, 3921 }, // U+0134
    { 9, 26, 120, -1, 20, 59, 3996 }, // U+0135
    { 18, 24, 280, 0, 18, 108, 4055 }, // U+0136
    { 15, 25, 234, 0, 19, 94, 4163 }, // U+0137
    { 15, 14, 234, 0, 14, 53, 4257 }, // U+0138
    { 15, 24, 249, 0, 24, 90, 4310 }, // U+0139
    { 8, 25, 124, 0, 25, 50, 4400 }, // U+013A
    { 15, 24, 249, 0, 18, 90, 4450 }, // U+013B
    { 8, 25, 124, 0, 19, 50, 4540 }, // U+013C
    { 15, 18, 249, 0, 18, 68, 4590 }, // U+013D
    { 10, 19, 124, 0, 19, 48, 4658 }, // U+013E
    { 15, 18, 249, 0, 18, 68, 4706 }, // U+013F
    { 10, 19, 148, 0, 19, 48, 4774 }, // U+0140
    { 15, 18, 249, 0, 18, 68, 4822 }, // U+0141
    { 8, 19, 130, 0, 19, 38, 4890 }, // U+0142
    { 19, 24, 305, 0, 24, 114, 4928 }, // U+0143
    { 16, 20, 258, 0, 20, 80, 5042 }, // U+0144
    { 19, 24, 305, 0, 18, 114, 5122 }, // U+0145
    { 16, 20, 258, 0, 14, 80, 5236 }, // U+0146
    { 19, 24, 305, 0, 24, 114, 5316 }, // U+0147
    { 16, 20, 258, 0, 20, 80, 5430 }, // U+0148
    { 19, 18, 312, 0, 18, 86, 5510 }, // U+0149
    { 19, 24, 305, 0, 18, 114, 5596 }, // U+014A
    { 14, 20, 254, 0, 14, 70, 5710 }, // U+014B
    { 17, 22, 297, 1, 21, 94, 5780 }, // U+014C
    { 13, 18, 231, 1, 17, 59, 5874 }, // U+014D
    { 17, 24, 297, 1, 23, 102, 5933 }, // U+014E
    { 13, 20, 231, 1, 19, 65, 6035 }, // U+014F
    { 17, 25, 297, 1, 24, 107, 6100 }, // U+0150
    { 13, 21, 231, 1, 20, 69, 6207 }, // U+0151
    { 22, 20, 384, 1, 19, 110, 6276 }, // U+0152
    { 21, 15, 362, 1, 14, 79, 6386 }, // U+0153
    { 17, 24, 262, 0, 24, 102, 6465 }, // U+0154
    { 12, 20, 188, 0, 20, 60, 6567 }, // U+0155
    { 17, 24, 262, 0, 18, 102, 6627 }, // U+0156
    { 12, 20, 188, 0, 14, 60, 6729 }, // U+0157
    { 17, 24, 262, 0, 24, 102, 6789 }, // U+0158
    { 12, 20, 188, 0, 20, 60, 6891 }, // U+0159
    { 12, 25, 218, 1, 24, 75, 6951 }, // U+015A
    { 10, 21, 180, 1, 20, 53, 7026 }, // U+015B
    { 12, 25, 218, 1, 24, 75, 7079 }, // U+015C
    { 10, 21, 180, 1, 20, 53, 7154 }, // U+015D
    { 12, 25, 218, 1, 19, 75, 7207 }, // U+015E
    { 10, 20, 180, 1, 14, 50, 7282 }, // U+015F
    { 12, 25, 218, 1, 24, 75, 7332 }, // U+0160
    { 10, 21, 180, 1, 20, 53, 7407 }, // U+0161
    { 15, 24, 245, 0, 18, 90, 7460 }, // U+0162
    { 9, 23, 141, 0, 17, 52, 7550 }, // U+0163
    { 15, 24, 245, 0, 24, 90, 7602 }, // U+0164
    { 10, 20, 141, 0, 19, 50, 7692 }, // U+0165
    { 15, 18, 245, 0, 18, 68, 7742 }, // U+0166
    { 9, 18, 141, 0, 17, 41, 7810 }, // U+0167
    { 18, 24, 287, 0, 23, 108, 7851 }, // U+0168
    { 16, 20, 254, 0, 19, 80, 7959 }, // U+0169
    { 18, 22, 287, 0, 21, 99, 8039 }, // U+016A
    { 16, 18, 254, 0, 17, 72, 8138 }, // U+016B
    { 18, 24, 287, 0, 23, 108, 8210 }, // U+016C
    { 16, 20, 254, 0, 19, 80, 8318 }, // U+016D
    { 18, 26, 287, 0, 25, 117, 8398 }, // U+016E
    { 16, 22, 254, 0, 21, 88, 8515 }, // U+016F
    { 18, 25, 287, 0, 24, 113, 8603 }, // U+0170
    { 16, 21, 254, 0, 20, 84, 8716 }, // U+0171
    { 18, 24, 290, 0, 18, 108, 8800 }, // U+0172
    { 16, 20, 254, 0, 14, 80, 8908 }, // U+0173
    { 26, 24, 419, 0, 24, 156, 8988 }, // U+0174
    { 22, 20, 345, 0, 20, 110, 9144 }, // U+0175
    { 17, 24, 250, -1, 24, 102, 9254 }, // U+0176
    { 15, 26, 226, 0, 20, 98, 9356 }, // U+0177
    { 17, 23, 250, -1, 23, 98, 9454 }, // U+0178
    { 14, 24, 237, 0, 24, 84, 9552 }, // U+0179
    { 11, 20, 204, 1, 20, 55, 9636 }, // U+017A
    { 14, 23, 237, 0, 23, 81, 9691 }, // U+017B
    { 11, 19, 204, 1, 19, 53, 9772 }, // U+017C
    { 14, 24, 237, 0, 24, 84, 9825 }, // U+017D
    { 11, 20, 204, 1, 20, 55, 9909 }, // U+017E
    { 11, 20, 142, 0, 20, 55, 9964 }, // U+017F
    { 19, 21, 311, 1, 20, 100, 0 }, // U+01A0
    { 15, 17, 243, 1, 16, 64, 100 }, // U+01A1
    { 20, 21, 311, 0, 20, 105, 164 }, // U+01AF
    { 18, 17, 270, 0, 16, 77, 269 }, // U+01B0
    { 32, 24, 528, 0, 24, 192, 346 }, // U+01C4
    { 30, 20, 495, 0, 20, 150, 538 }, // U+01C5
    { 26, 21, 450, 1, 20, 137, 688 }, // U+01C6
    { 24, 24, 392, 0, 18, 144, 825 }, // U+01C7
    { 21, 25, 369, 0, 19, 132, 969 }, // U+01C8
    { 13, 25, 244, 0, 19, 82, 1101 }, // U+01C9
    { 28, 24, 448, 0, 18, 168, 1183 }, // U+01CA
    { 25, 25, 425, 0, 19, 157, 1351 }, // U+01CB
    { 22, 25, 378, 0, 19, 138, 1508 }, // U+01CC
    { 18, 24, 282, 0, 24, 108, 1646 }, // U+01CD
    { 12, 21, 225, 1, 20, 63, 1754 }, // U+01CE
    { 9, 24, 147, 0, 24, 54, 1817 }, // U+01CF
    { 8, 20, 128, 0, 20, 40, 1871 }, // U+01D0
    { 17, 25, 297, 1, 24, 107, 1911 }, // U+01D1
    { 13, 21, 231, 1, 20, 69, 2018 }, // U+01D2
    { 18, 25, 287, 0, 24, 113, 2087 }, // U+01D3
    { 16, 21, 254, 0, 20, 84, 2200 }, // U+01D4
    { 18, 26, 287, 0, 25, 117, 2284 }, // U+01D5
    { 16, 22, 254, 0, 21, 88, 2401 }, // U+01D6
    { 18, 27, 287, 0, 26, 122, 2489 }, // U+01D7
    { 16, 23, 254, 0, 22, 92, 2611 }, // U+01D8
    { 18, 27, 287, 0, 26, 122, 2703 }, // U+01D9
    { 16, 23, 254, 0, 22, 92, 2825 }, // U+01DA
    { 18, 27, 287, 0, 26, 122, 2917 }, // U+01DB
    { 16, 23, 254, 0, 22, 92, 3039 }, // U+01DC
    { 11, 15, 214, 1, 14, 42, 3131 }, // U+01DD
    { 18, 25, 282, 0, 25, 113, 3173 }, // U+01DE
    { 12, 22, 225, 1, 21, 66, 3286 }, // U+01DF
    { 18, 25, 282, 0, 25, 113, 3352 }, // U+01E0
    { 12, 22, 225, 1, 21, 66, 3465 }, // U+01E1
    { 23, 21, 380, 0, 21, 121, 3531 }, // U+01E2
    { 19, 18, 336, 1, 17, 86, 3652 }, // U+01E3
    { 17, 20, 286, 1, 19, 85, 3738 }, // U+01E4
    { 14, 21, 215, 0, 15, 74, 3823 }, // U+01E5
    { 17, 25, 286, 1, 24, 107, 3897 }, // U+01E6
    { 14, 26, 215, 0, 20, 91, 4004 }, // U+01E7
    { 18, 24, 280, 0, 24, 108, 4095 }, // U+01E8
    { 15, 25, 234, 0, 25, 94, 4203 }, // U+01E9
    { 17, 25, 297, 1, 19, 107, 4297 }, // U+01EA
    { 13, 20, 231, 1, 14, 65, 4404 }, // U+01EB
    { 17, 27, 297, 1, 21, 115, 4469 }, // U+01EC
    { 13, 23, 231, 1, 17, 75, 4584 }, // U+01ED
    { 13, 25, 241, 1, 24, 82, 4659 }, // U+01EE
    { 12, 26, 219, 1, 20, 78, 4741 }, // U+01EF
    { 9, 26, 120, -1, 20, 59, 4819 }, // U+01F0
    { 32, 18, 528, 0, 18, 144, 4878 }, // U+01F1
    { 30, 18, 495, 0, 18, 135, 5022 }, // U+01F2
    { 26, 20, 450, 1, 19, 130, 5157 }, // U+01F3
    { 17, 25, 286, 1, 24, 107, 5287 }, // U+01F4
    { 14, 26, 215, 0, 20, 91, 5394 }, // U+01F5
    { 27, 19, 426, 0, 18, 129, 5485 }, // U+01F6
    { 17, 25, 278, 0, 19, 107, 5614 }, // U+01F7
    { 19, 24, 305, 0, 24, 114, 5721 }, // U+01F8
    { 16, 20, 258, 0, 20, 80, 5835 }, // U+01F9
    { 18, 24, 282, 0, 24, 108, 5915 }, // U+01FA
    { 12, 25, 225, 1, 24, 75, 6023 }, // U+01FB
    { 23, 24, 380, 0, 24, 138, 6098 }, // U+01FC
    { 19, 21, 336, 1, 20, 100, 6236 }, // U+01FD
    { 17, 25, 297, 1, 24, 107, 6336 }, // U+01FE
    { 13, 21, 231, 1, 20, 69, 6443 }, // U+01FF
    { 18, 24, 282, 0, 24, 108, 6512 }, // U+0200
    { 12, 21, 225, 1, 20, 63, 6620 }, // U+0201
    { 18, 23, 282, 0, 23, 104, 6683 }, // U+0202
    { 12, 20, 225, 1, 19, 60, 6787 }, // U+0203
    { 15, 24, 249, 0, 24, 90, 6847 }, // U+0204
    { 13, 21, 214, 0, 20, 69, 6937 }, // U+0205
    { 15, 23, 249, 0, 23, 87, 7006 }, // U+0206
    { 12, 20, 214, 1, 19, 60, 7093 }, // U+0207
    { 11, 24, 147, -2, 24, 66, 7153 }, // U+0208
    { 10, 20, 128, -2, 20, 50, 7219 }, // U+0209
    { 9, 23, 147, 0, 23, 52, 7269 }, // U+020A
    { 8, 19, 128, 0, 19, 38, 7321 }, // U+020B
    { 17, 25, 297, 1, 24, 107, 7359 }, // U+020C
    { 13, 21, 231, 1, 20, 69, 7466 }, // U+020D
    { 17, 24, 297, 1, 23, 102, 7535 }, // U+020E
    { 13, 20, 231, 1, 19, 65, 7637 }, // U+020F
    { 17, 24, 262, 0, 24, 102, 7702 }, // U+0210
    { 12, 20, 188, 0, 20, 60, 7804 }, // U+0211
    { 17, 23, 262, 0, 23, 98, 7864 }, // U+0212
    { 12, 19, 188, 0, 19, 57, 7962 }, // U+0213
    { 18, 25, 287, 0, 24, 113, 8019 }, // U+0214
    { 16, 21, 254, 0, 20, 84, 8132 }, // U+0215
    { 18, 24, 287, 0, 23, 108, 8216 }, // U+0216
    { 16, 20, 254, 0, 19, 80, 8324 }, // U+0217
    { 12, 25, 218, 1, 19, 75, 8404 }, // U+0218
    { 10, 20, 180, 1, 14, 50, 8479 }, // U+0219
    { 15, 24, 245, 0, 18, 90, 8529 }, // U+021A
    { 9, 23, 141, 0, 17, 52, 8619 }, // U+021B
    { 13, 23, 242, 1, 19, 75, 8671 }, // U+021C
    { 11, 20, 198, 1, 14, 55, 8746 }, // U+021D
    { 19, 24, 317, 0, 24, 114, 8801 }, // U+021E
    { 16, 25, 254, 0, 25, 100, 8915 }, // U+021F
    { 6, 5, 0, -11, 20, 8, 0 }, // U+0300
    { 6, 5, 0, -8, 20, 8, 8 }, // U+0301
    { 8, 5, 0, -11, 20, 10, 16 }, // U+0302
    { 10, 4, 0, -13, 19, 10, 26 }, // U+0303
    { 8, 2, 0, -4, 17, 4, 36 }, // U+0304
    { 12, 2, 0, -6, 21, 6, 40 }, // U+0305
    { 8, 4, 0, -4, 19, 8, 46 }, // U+0306
    { 4, 4, 0, -2, 19, 4, 54 }, // U+0307
    { 8, 4, 0, -4, 19, 8, 58 }, // U+0308
    { 7, 7, 0, -11, 21, 13, 66 }, // U+0309
    { 6, 7, 0, -3, 21, 11, 79 }, // U+030A
    { 10, 5, 0, -4, 20, 13, 90 }, // U+030B
    { 8, 5, 0, -11, 20, 10, 103 }, // U+030C
    { 2, 5, 0, -1, 19, 3, 113 }, // U+030D
    { 6, 5, 0, -3, 19, 8, 116 }, // U+030E
    { 10, 5, 0, -13, 20, 13, 124 }, // U+030F
    { 8, 7, 0, -4, 21, 14, 137 }, // U+0310
    { 8, 4, 0, -4, 19, 8, 151 }, // U+0311
    { 6, 8, 0, -3, 18, 12, 159 }, // U+0312
    { 6, 8, 0, -3, 18, 12, 171 }, // U+0313
    { 6, 8, 0, -3, 18, 12, 183 }, // U+0314
    { 6, 8, 0, -3, 18, 12, 195 }, // U+0315
    { 6, 5, 0, -3, -1, 8, 207 }, // U+0316
    { 6, 5, 0, -3, -1, 8, 215 }, // U+0317
    { 4, 6, 0, -2, 0, 6, 223 }, // U+0318
    { 4, 6, 0, -2, 0, 6, 229 }, // U+0319
    { 7, 6, 138, 0, 19, 11, 235 }, // U+031A
    { 5, 7, 0, -3, 20, 9, 246 }, // U+031B
    { 4, 6, 0, -2, 0, 6, 255 }, // U+031C
    { 6, 5, 0, -3, -1, 8, 261 }, // U+031D
    { 6, 5, 0, -3, -1, 8, 269 }, // U+031E
    { 6, 6, 0, -3, 0, 9, 277 }, // U+031F
    { 6, 2, 0, -3, -2, 3, 286 }, // U+0320
    { 5, 7, 0, -5, 2, 9, 289 }, // U+0321
    { 5, 7, 0, 0, 2, 9, 298 }, // U+0322
    { 3, 4, 0, -9, -1, 3, 307 }, // U+0323
    { 8, 4, 0, -4, -1, 8, 310 }, // U+0324
    { 6, 5, 0, -3, -1, 8, 318 }, // U+0325
    { 4, 5, 0, -2, -1, 5, 326 }, // U+0326
    { 6, 7, 0, -3, 1, 11, 331 }, // U+0327
    { 6, 6, 0, -3, 0, 9, 342 }, // U+0328
    { 2, 5, 0, -1, 0, 3, 351 }, // U+0329
    { 10, 5, 0, -5, -1, 13, 354 }, // U+032A
    { 8, 4, 0, -4, -1, 8, 367 }, // U+032B
    { 8, 5, 0, -4, -1, 10, 375 }, // U+032C
    { 8, 5, 0, -4, -1, 10, 385 }, // U+032D
    { 8, 5, 0, -4, -1, 10, 395 }, // U+032E
    { 8, 5, 0, -4, -1, 10, 405 }, // U+032F
    { 10, 4, 0, -5, -1, 10, 415 }, // U+0330
    { 8, 3, 0, -4, -1, 6, 425 }, // U+0331
    { 12, 3, 0, -6, -1, 9, 431 }, // U+0332
    { 12, 5, 0, -6, -1, 15, 440 }, // U+0333
    { 10, 4, 0, -5, 9, 10, 455 }, // U+0334
    { 10, 2, 0, -5, 8, 5, 465 }, // U+0335
    { 16, 2, 0, -8, 8, 8, 470 }, // U+0336
    { 10, 6, 0, -5, 10, 15, 478 }, // U+0337
    { 11, 22, 0, -6, 20, 61, 493 }, // U+0338
    { 4, 6, 0, -2, 0, 6, 554 }, // U+0339
    { 10, 5, 0, -5, -1, 13, 560 }, // U+033A
    { 10, 5, 0, -5, -1, 13, 573 }, // U+033B
    { 8, 4, 0, -4, -1, 8, 586 }, // U+033C
    { 6, 5, 0, -3, 19, 8, 594 }, // U+033D
    { 4, 8, 0, -2, 22, 8, 602 }, // U+033E
    { 12, 5, 0, -6, 24, 15, 610 }, // U+033F
    { 6, 5, 0, -4, 20, 8, 625 }, // U+0340
    { 6, 5, 0, -2, 20, 8, 633 }, // U+0341
    { 10, 4, 0, -5, 19, 10, 641 }, // U+0342
    { 4, 5, 0, -2, 20, 5, 651 }, // U+0343
    { 11, 6, 0, -5, 20, 17, 656 }, // U+0344
    { 5, 5, 0, 1, -1, 7, 673 }, // U+0345
    { 10, 5, 0, -5, 20, 13, 680 }, // U+0346
    { 12, 5, 0, -6, -1, 15, 693 }, // U+0347
    { 6, 5, 0, -3, -1, 8, 708 }, // U+0348
    { 4, 5, 0, -2, -1, 5, 716 }, // U+0349
    { 10, 6, 0, -5, 20, 15, 721 }, // U+034A
    { 10, 9, 0, -5, 23, 23, 736 }, // U+034B
    { 10, 7, 0, -5, 22, 18, 759 }, // U+034C
    { 8, 6, 0, -4, 0, 12, 777 }, // U+034D
    { 6, 6, 0, -3, 0, 9, 789 }, // U+034E
    { 18, 18, 0, -9, 18, 81, 798 }, // U+034F
    { 6, 6, 0, -3, 20, 9, 879 }, // U+0350
    { 4, 6, 0, -2, 21, 6, 888 }, // U+0351
    { 8, 7, 0, -4, 22, 14, 894 }, // U+0352
    { 6, 5, 0, -3, -1, 8, 908 }, // U+0353
    { 6, 6, 0, -3, 0, 9, 916 }, // U+0354
    { 6, 6, 0, -3, 0, 9, 925 }, // U+0355
    { 10, 5, 0, -5, -1, 13, 934 }, // U+0356
    { 4, 6, 0, -2, 21, 6, 947 }, // U+0357
    { 4, 4, 0, 2, 19, 4, 953 }, // U+0358
    { 8, 6, 0, -4, 0, 12, 957 }, // U+0359
    { 10, 5, 0, -5, -1, 13, 969 }, // U+035A
    { 6, 6, 0, -3, 20, 9, 982 }, // U+035B
    { 20, 6, 0, -10, 0, 30, 991 }, // U+035C
    { 20, 6, 0, -10, 20, 30, 1021 }, // U+035D
    { 16, 2, 0, -8, 17, 8, 1051 }, // U+035E
    { 16, 2, 0, -8, -2, 8, 1059 }, // U+035F
    { 20, 4, 0, -10, 19, 20, 1067 }, // U+0360
    { 20, 5, 0, -10, 21, 25, 1087 }, // U+0361
    { 16, 6, 0, -8, 0, 24, 1112 }, // U+0362
    { 6, 6, 0, -3, 21, 9, 1136 }, // U+0363
    { 6, 6, 0, -3, 21, 9, 1145 }, // U+0364
    { 4, 9, 0, -2, 24, 9, 1154 }, // U+0365
    { 6, 6, 0, -3, 21, 9, 1163 }, // U+0366
    { 8, 6, 0, -4, 21, 12, 1172 }, // U+0367
    { 5, 6, 0, -2, 21, 8, 1184 }, // U+0368
    { 7, 9, 0, -3, 24, 16, 1192 }, // U+0369
    { 8, 9, 0, -4, 24, 18, 1208 }, // U+036A
    { 11, 6, 0, -5, 21, 17, 1226 }, // U+036B
    { 6, 6, 0, -3, 21, 9, 1243 }, // U+036C
    { 4, 8, 0, -2, 23, 8, 1252 }, // U+036D
    { 7, 6, 0, -3, 21, 11, 1260 }, // U+036E
    { 7, 6, 0, -3, 21, 11, 1271 }, // U+036F
    { 14, 24, 251, 1, 24, 84, 0 }, // U+0400
    { 14, 23, 251, 1, 23, 81, 84 }, // U+0401
    { 19, 18, 316, 0, 18, 86, 165 }, // U+0402
    { 13, 24, 226, 1, 24, 78, 251 }, // U+0403
    { 14, 20, 245, 1, 19, 70, 329 }, // U+0404
    { 12, 20, 220, 1, 19, 60, 399 }, // U+0405
    { 8, 18, 148, 1, 18, 36, 459 }, // U+0406
    { 8, 23, 148, 1, 23, 46, 495 }, // U+0407
    { 10, 24, 144, -1, 18, 60, 541 }, // U+0408
    { 24, 19, 386, 0, 18, 114, 601 }, // U+0409
    { 24, 18, 407, 1, 18, 108, 715 }, // U+040A
    { 21, 18, 341, 0, 18, 95, 823 }, // U+040B
    { 17, 24, 282, 1, 24, 102, 918 }, // U+040C
    { 19, 24, 323, 1, 24, 114, 1020 }, // U+040D
    { 17, 24, 260, 0, 23, 102, 1134 }, // U+040E
    { 18, 23, 315, 1, 18, 104, 1236 }, // U+040F
    { 18, 18, 282, 0, 18, 81, 1340 }, // U+0410
    { 14, 18, 252, 1, 18, 63, 1421 }, // U+0411
    { 14, 18, 262, 1, 18, 63, 1484 }, // U+0412
    { 13, 18, 226, 1, 18, 59, 1547 }, // U+0413
    { 18, 23, 297, 0, 18, 104, 1606 }, // U+0414
    { 14, 18, 251, 1, 18, 63, 1710 }, // U+0415
    { 26, 18, 392, -1, 18, 117, 1773 }, // U+0416
    { 13, 20, 238, 1, 19, 65, 1890 }, // U+0417
    { 19, 18, 323, 1, 18, 86, 1955 }, // U+0418
    { 19, 23, 323, 1, 23, 110, 2041 }, // U+0419
    { 17, 18, 282, 1, 18, 77, 2151 }, // U+041A
    { 18, 19, 293, 0, 18, 86, 2228 }, // U+041B
    { 22, 18, 382, 1, 18, 99, 2314 }, // U+041C
    { 18, 18, 319, 1, 18, 81, 2413 }, // U+041D
    { 17, 20, 296, 1, 19, 85, 2494 }, // U+041E
    { 18, 18, 315, 1, 18, 81, 2579 }, // U+041F
    { 14, 18, 244, 1, 18, 63, 2660 }, // U+0420
    { 14, 20, 245, 1, 19, 70, 2723 }, // U+0421
    { 15, 18, 249, 0, 18, 68, 2793 }, // U+0422
    { 17, 19, 260, 0, 18, 81, 2861 }, // U+0423
    { 20, 20, 344, 1, 19, 100, 2942 }, // U+0424
    { 17, 18, 266, 0, 18, 77, 3042 }, // U+0425
    { 18, 23, 315, 1, 18, 104, 3119 }, // U+0426
    { 18, 18, 303, 0, 18, 81, 3223 }, // U+0427
    { 25, 18, 429, 1, 18, 113, 3304 }, // U+0428
    { 25, 23, 429, 1, 18, 144, 3417 }, // U+0429
    { 17, 18, 287, 0, 18, 77, 3561 }, // U+042A
    { 21, 18, 366, 1, 18, 95, 3638 }, // U+042B
    { 14, 18, 248, 1, 18, 63, 3733 }, // U+042C
    { 14, 20, 251, 1, 19, 70, 3796 }, // U+042D
    { 24, 20, 408, 1, 19, 120, 3866 }, // U+042E
    { 17, 18, 263, -1, 18, 77, 3986 }, // U+042F
    { 12, 15, 228, 1, 14, 45, 4063 }, // U+0430
    { 13, 21, 233, 1, 20, 69, 4108 }, // U+0431
    { 12, 14, 221, 1, 14, 42, 4177 }, // U+0432
    { 11, 14, 190, 1, 14, 39, 4219 }, // U+0433
    { 15, 19, 247, 0, 14, 72, 4258 }, // U+0434
    { 12, 15, 214, 1, 14, 45, 4330 }, // U+0435
    { 20, 14, 320, 0, 14, 70, 4375 }, // U+0436
    { 11, 15, 190, 0, 14, 42, 4445 }, // U+0437
    { 15, 14, 270, 1, 14, 53, 4487 }, // U+0438
    { 15, 19, 270, 1, 19, 72, 4540 }, // U+0439
    { 14, 14, 237, 1, 14, 49, 4612 }, // U+043A
    { 15, 15, 245, 0, 14, 57, 4661 }, // U+043B
    { 19, 14, 330, 1, 14, 67, 4718 }, // U+043C
    { 15, 14, 268, 1, 14, 53, 4785 }, // U+043D
    { 13, 15, 231, 1, 14, 49, 4838 }, // U+043E
    { 15, 14, 264, 1, 14, 53, 4887 }, // U+043F
    { 15, 20, 254, 0, 14, 75, 4940 }, // U+0440
    { 11, 15, 197, 1, 14, 42, 5015 }, // U+0441
    { 13, 14, 212, 0, 14, 46, 5057 }, // U+0442
    { 15, 21, 228, 0, 14, 79, 5103 }, // U+0443
    { 16, 26, 290, 1, 19, 104, 5182 }, // U+0444
    { 15, 14, 231, 0, 14, 53, 5286 }, // U+0445
    { 15, 19, 264, 1, 14, 72, 5339 }, // U+0446
    { 15, 14, 253, 0, 14, 53, 5411 }, // U+0447
    { 22, 14, 377, 1, 14, 77, 5464 }, // U+0448
    { 22, 19, 377, 1, 14, 105, 5541 }, // U+0449
    { 15, 14, 248, 0, 14, 53, 5646 }, // U+044A
    { 19, 14, 328, 1, 14, 67, 5699 }, // U+044B
    { 12, 14, 215, 1, 14, 42, 5766 }, // U+044C
    { 12, 15, 198, 0, 14, 45, 5808 }, // U+044D
    { 19, 15, 331, 1, 14, 72, 5853 }, // U+044E
    { 14, 14, 228, 0, 14, 49, 5925 }, // U+044F
    { 12, 21, 214, 1, 20, 63, 5974 }, // U+0450
    { 12, 20, 214, 1, 19, 60, 6037 }, // U+0451
    { 14, 25, 242, 0, 19, 88, 6097 }, // U+0452
    { 11, 20, 190, 1, 20, 55, 6185 }, // U+0453
    { 11, 15, 197, 1, 14, 42, 6240 }, // U+0454
    { 10, 15, 181, 1, 14, 38, 6282 }, // U+0455
    { 8, 19, 138, 0, 19, 38, 6320 }, // U+0456
    { 8, 19, 138, 0, 19, 38, 6358 }, // U+0457
    { 6, 25, 130, 0, 19, 38, 6396 }, // U+0458
    { 20, 15, 315, 0, 14, 75, 6434 }, // U+0459
    { 20, 14, 340, 1, 14, 70, 6509 }, // U+045A
    { 16, 19, 264, 0, 19, 76, 6579 }, // U+045B
    { 14, 20, 237, 1, 20, 70, 6655 }, // U+045C
    { 15, 20, 270, 1, 20, 75, 6725 }, // U+045D
    { 15, 26, 228, 0, 19, 98, 6800 }, // U+045E
    { 15, 19, 264, 1, 14, 72, 6898 }, // U+045F
    { 24, 19, 393, 0, 19, 114, 6970 }, // U+0460
    { 19, 14, 325, 0, 14, 67, 7084 }, // U+0461
    { 16, 18, 266, 0, 18, 72, 7151 }, // U+0462
    { 14, 19, 238, 0, 19, 67, 7223 }, // U+0463
    { 22, 20, 364, 0, 19, 110, 7290 }, // U+0464
    { 19, 15, 318, 0, 14, 72, 7400 }, // U+0465
    { 18, 18, 276, 0, 18, 81, 7472 }, // U+0466
    { 15, 14, 236, 0, 14, 53, 7553 }, // U+0467
    { 27, 18, 419, 0, 18, 122, 7606 }, // U+0468
    { 21, 14, 332, 0, 14, 74, 7728 }, // U+0469
    { 20, 18, 315, 0, 18, 90, 7802 }, // U+046A
    { 18, 14, 281, 0, 14, 63, 7892 }, // U+046B
    { 29, 18, 455, 0, 18, 131, 7955 }, // U+046C
    { 24, 14, 378, 0, 14, 84, 8086 }, // U+046D
    { 13, 28, 241, 1, 22, 91, 8170 }, // U+046E
    { 12, 22, 196, 0, 17, 66, 8261 }, // U+046F
    { 21, 18, 331, 0, 18, 95, 8327 }, // U+0470
    { 16, 25, 278, 0, 19, 100, 8422 }, // U+0471
    { 17, 20, 297, 1, 19, 85, 8522 }, // U+0472
    { 13, 15, 231, 1, 14, 49, 8607 }, // U+0473
    { 18, 18, 278, 0, 18, 81, 8656 }, // U+0474
    { 15, 14, 234, 0, 14, 53, 8737 }, // U+0475
    { 18, 24, 278, 0, 24, 108, 8790 }, // U+0476
    { 15, 20, 234, 0, 20, 75, 8898 }, // U+0477
    { 30, 25, 492, 1, 19, 188, 8973 }, // U+0478
    { 26, 20, 417, 1, 14, 130, 9161 }, // U+0479
    { 18, 22, 313, 1, 20, 99, 9291 }, // U+047A
    { 14, 17, 255, 1, 15, 60, 9390 }, // U+047B
    { 23, 27, 393, 1, 26, 156, 9450 }, // U+047C
    { 18, 23, 316, 1, 22, 104, 9606 }, // U+047D
    { 24, 22, 393, 0, 22, 132, 9710 }, // U+047E
    { 19, 18, 325, 0, 18, 86, 9842 }, // U+047F
    { 14, 25, 246, 1, 19, 88, 9928 }, // U+0480
    { 11, 20, 197, 1, 14, 55, 10016 }, // U+0481
    { 13, 17, 244, 1, 16, 56, 10071 }, // U+0482
    { 10, 4, 0, -5, 18, 10, 10127 }, // U+0483
    { 10, 4, 0, -5, 19, 10, 10137 }, // U+0484
    { 4, 5, 0, -2, 20, 5, 10147 }, // U+0485
    { 4, 5, 0, -2, 20, 5, 10152 }, // U+0486
    { 10, 3, 0, -5, 22, 8, 10157 }, // U+0487
    { 32, 29, 0, -16, 21, 232, 10165 }, // U+0488
    { 30, 31, 0, -15, 22, 233, 10397 }, // U+0489
    { 19, 29, 324, 1, 23, 138, 10630 }, // U+048A
    { 16, 25, 270, 1, 19, 100, 10768 }, // U+048B
    { 15, 19, 242, 0, 19, 72, 10868 }, // U+048C
    { 14, 17, 238, 0, 17, 60, 10940 }, // U+048D
    { 15, 18, 242, 0, 18, 68, 11000 }, // U+048E
    { 14, 20, 246, 0, 14, 70, 11068 }, // U+048F
    { 13, 21, 218, 0, 21, 69, 11138 }, // U+0490
    { 11, 17, 178, 0, 17, 47, 11207 }, // U+0491
    { 14, 18, 224, 0, 18, 63, 11254 }, // U+0492
    { 11, 14, 183, 0, 14, 39, 11317 }, // U+0493
    { 16, 25, 263, 0, 18, 100, 11356 }, // U+0494
    { 14, 20, 220, 0, 14, 70, 11456 }, // U+0495
    { 26, 24, 414, 0, 18, 156, 11526 }, // U+0496
    { 23, 20, 368, 0, 14, 115, 11682 }, // U+0497
    { 13, 25, 241, 1, 19, 82, 11797 }, // U+0498
    { 10, 20, 196, 1, 14, 50, 11879 }, // U+0499
    { 18, 24, 296, 0, 18, 108, 11929 }, // U+049A
    { 16, 20, 257, 0, 14, 80, 12037 }, // U+049B
    { 18, 18, 292, 0, 18, 81, 12117 }, // U+049C
    { 16, 14, 258, 0, 14, 56, 12198 }, // U+049D
    { 18, 18, 280, 0, 18, 81, 12254 }, // U+049E
    { 16, 19, 246, 0, 19, 76, 12335 }, // U+049F
    { 20, 18, 314, 0, 18, 90, 12411 }, // U+04A0
    { 18, 14, 283, 0, 14, 63, 12501 }, // U+04A1
    { 20, 24, 317, 0, 18, 120, 12564 }, // U+04A2
    { 17, 20, 275, 0, 14, 85, 12684 }, // U+04A3
    { 22, 18, 351, 0, 18, 99, 12769 }, // U+04A4
    { 20, 14, 312, 0, 14, 70, 12868 }, // U+04A5
    { 26, 25, 422, 0, 18, 163, 12938 }, // U+04A6
    { 22, 20, 355, 0, 14, 110, 13101 }, // U+04A7
    { 17, 21, 296, 1, 19, 90, 13211 }, // U+04A8
    { 14, 15, 249, 1, 14, 53, 13301 }, // U+04A9
    { 14, 25, 246, 1, 19, 88, 13354 }, // U+04AA
    { 11, 20, 197, 1, 14, 55, 13442 }, // U+04AB
    { 15, 24, 245, 0, 18, 90, 13497 }, // U+04AC
    { 14, 20, 219, 0, 14, 70, 13587 }, // U+04AD
    { 17, 18, 250, -1, 18, 77, 13657 }, // U+04AE
    { 15, 20, 232, 0, 14, 75, 13734 }, // U+04AF
    { 17, 18, 250, -1, 18, 77, 13809 }, // U+04B0
    { 15, 20, 232, 0, 14, 75, 13886 }, // U+04B1
    { 17, 24, 283, 0, 18, 102, 13961 }, // U+04B2
    { 15, 20, 245, 0, 14, 75, 14063 }, // U+04B3
    { 22, 24, 357, 0, 18, 132, 14138 }, // U+04B4
    { 20, 20, 326, 0, 14, 100, 14270 }, // U+04B5
    { 19, 24, 302, 0, 18, 114, 14370 }, // U+04B6
    { 16, 20, 256, 0, 14, 80, 14484 }, // U+04B7
    { 18, 18, 303, 0, 18, 81, 14564 }, // U+04B8
    { 15, 14, 253, 0, 14, 53, 14645 }, // U+04B9
    { 19, 18, 302, 0, 18, 86, 14698 }, // U+04BA
    { 16, 19, 254, 0, 19, 76, 14784 }, // U+04BB
    { 19, 20, 323, 0, 19, 95, 14860 }, // U+04BC
    { 15, 15, 256, 0, 14, 57, 14955 }, // U+04BD
    { 19, 25, 323, 0, 19, 119, 15012 }, // U+04BE
    { 15, 20, 256, 0, 14, 75, 15131 }, // U+04BF
    { 9, 18, 147, 0, 18, 41, 15206 }, // U+04C0
    { 26, 23, 392, -1, 23, 150, 15247 }, // U+04C1
    { 20, 19, 320, 0, 19, 95, 15397 }, // U+04C2
    { 17, 25, 278, 0, 18, 107, 15492 }, // U+04C3
    { 15, 20, 245, 0, 14, 75, 15599 }, // U+04C4
    { 18, 24, 292, 0, 18, 108, 15674 }, // U+04C5
    { 15, 20, 245, 0, 14, 75, 15782 }, // U+04C6
    { 19, 24, 313, 0, 18, 114, 15857 }, // U+04C7
    { 17, 20, 272, 0, 14, 85, 15971 }, // U+04C8
    { 20, 24, 317, 0, 18, 120, 16056 }, // U+04C9
    { 15, 20, 268, 1, 14, 75, 16176 }, // U+04CA
    { 18, 24, 302, 0, 18, 108, 16251 }, // U+04CB
    { 16, 20, 256, 0, 14, 80, 16359 }, // U+04CC
    { 23, 24, 375, 0, 18, 138, 16439 }, // U+04CD
    { 19, 20, 330, 1, 14, 95, 16577 }, // U+04CE
    { 9, 18, 147, 0, 18, 41, 16672 }, // U+04CF
    { 18, 23, 282, 0, 23, 104, 16713 }, // U+04D0
    { 12, 20, 225, 1, 19, 60, 16817 }, // U+04D1
    { 18, 23, 282, 0, 23, 104, 16877 }, // U+04D2
    { 12, 20, 225, 1, 19, 60, 16981 }, // U+04D3
    { 23, 18, 380, 0, 18, 104, 17041 }, // U+04D4
    { 19, 15, 336, 1, 14, 72, 17145 }, // U+04D5
    { 15, 23, 249, 0, 23, 87, 17217 }, // U+04D6
    { 12, 20, 214, 1, 19, 60, 17304 }, // U+04D7
    { 15, 20, 276, 1, 19, 75, 17364 }, // U+04D8
    { 11, 15, 214, 1, 14, 42, 17439 }, // U+04D9
    { 15, 24, 276, 1, 23, 90, 17481 }, // U+04DA
    { 11, 20, 214, 1, 19, 55, 17571 }, // U+04DB
    { 26, 23, 392, -1, 23, 150, 17626 }, // U+04DC
    { 20, 19, 320, 0, 19, 95, 17776 }, // U+04DD
    { 13, 24, 238, 1, 23, 78, 17871 }, // U+04DE
    { 11, 20, 190, 0, 19, 55, 17949 }, // U+04DF
    { 13, 19, 241, 1, 18, 62, 18004 }, // U+04E0
    { 12, 20, 219, 1, 14, 60, 18066 }, // U+04E1
    { 19, 21, 323, 1, 21, 100, 18126 }, // U+04E2
    { 15, 17, 270, 1, 17, 64, 18226 }, // U+04E3
    { 19, 23, 323, 1, 23, 110, 18290 }, // U+04E4
    { 15, 19, 270, 1, 19, 72, 18400 }, // U+04E5
    { 17, 24, 297, 1, 23, 102, 18472 }, // U+04E6
    { 13, 20, 231, 1, 19, 65, 18574 }, // U+04E7
    { 17, 20, 297, 1, 19, 85, 18639 }, // U+04E8
    { 13, 15, 231, 1, 14, 49, 18724 }, // U+04E9
    { 17, 24, 297, 1, 23, 102, 18773 }, // U+04EA
    { 13, 20, 231, 1, 19, 65, 18875 }, // U+04EB
    { 14, 24, 251, 1, 23, 84, 18940 }, // U+04EC
    { 12, 20, 198, 0, 19, 60, 19024 }, // U+04ED
    { 17, 22, 260, 0, 21, 94, 19084 }, // U+04EE
    { 15, 23, 226, 0, 17, 87, 19178 }, // U+04EF
    { 17, 24, 260, 0, 23, 102, 19265 }, // U+04F0
    { 15, 25, 226, 0, 19, 94, 19367 }, // U+04F1
    { 17, 25, 260, 0, 24, 107, 19461 }, // U+04F2
    { 15, 26, 226, 0, 20, 98, 19568 }, // U+04F3
    { 18, 23, 303, 0, 23, 104, 19666 }, // U+04F4
    { 15, 19, 253, 0, 19, 72, 19770 }, // U+04F5
    { 14, 24, 224, 0, 18, 84, 19842 }, // U+04F6
    { 11, 20, 183, 0, 14, 55, 19926 }, // U+04F7
    { 21, 23, 366, 1, 23, 121, 19981 }, // U+04F8
    { 19, 19, 328, 1, 19, 91, 20102 }, // U+04F9
    { 14, 23, 224, 0, 18, 81, 20193 }, // U+04FA
    { 11, 19, 183, 0, 14, 53, 20274 }, // U+04FB
    { 17, 23, 264, 0, 18, 98, 20327 }, // U+04FC
    { 15, 19, 231, 0, 14, 72, 20425 }, // U+04FD
    { 17, 18, 264, 0, 18, 77, 20497 }, // U+04FE
    { 15, 14, 231, 0, 14, 53, 20574 }, // U+04FF
    { 18, 23, 282, 0, 18, 104, 0 }, // U+1EA0
    { 12, 19, 225, 1, 14, 57, 104 }, // U+1EA1
    { 18, 25, 282, 0, 25, 113, 161 }, // U+1EA2
    { 12, 22, 225, 1, 21, 66, 274 }, // U+1EA3
    { 18, 25, 282, 0, 25, 113, 340 }, // U+1EA4
    { 13, 22, 225, 1, 21, 72, 453 }, // U+1EA5
    { 18, 25, 282, 0, 25, 113, 525 }, // U+1EA6
    { 13, 22, 225, 0, 21, 72, 638 }, // U+1EA7
    { 18, 26, 282, 0, 26, 117, 710 }, // U+1EA8
    { 12, 23, 225, 1, 22, 69, 827 }, // U+1EA9
    { 18, 27, 282, 0, 27, 122, 896 }, // U+1EAA
    { 12, 24, 225, 1, 23, 72, 1018 }, // U+1EAB
    { 18, 29, 282, 0, 24, 131, 1090 }, // U+1EAC
    { 12, 25, 225, 1, 20, 75, 1221 }, // U+1EAD
    { 18, 26, 282, 0, 26, 117, 1296 }, // U+1EAE
    { 12, 23, 225, 1, 22, 69, 1413 }, // U+1EAF
    { 18, 26, 282, 0, 26, 117, 1482 }, // U+1EB0
    { 12, 23, 225, 1, 22, 69, 1599 }, // U+1EB1
    { 18, 27, 282, 0, 27, 122, 1668 }, // U+1EB2
    { 12, 23, 225, 1, 22, 69, 1790 }, // U+1EB3
    { 18, 27, 282, 0, 27, 122, 1859 }, // U+1EB4
    { 12, 24, 225, 1, 23, 72, 1981 }, // U+1EB5
    { 18, 28, 282, 0, 23, 126, 2053 }, // U+1EB6
    { 12, 24, 225, 1, 19, 72, 2179 }, // U+1EB7
    { 15, 23, 249, 0, 18, 87, 2251 }, // U+1EB8
    { 12, 19, 214, 1, 14, 57, 2338 }, // U+1EB9
    { 15, 25, 249, 0, 25, 94, 2395 }, // U+1EBA
    { 12, 22, 214, 1, 21, 66, 2489 }, // U+1EBB
    { 15, 23, 249, 0, 23, 87, 2555 }, // U+1EBC
    { 12, 20, 214, 1, 19, 60, 2642 }, // U+1EBD
    { 15, 25, 249, 0, 25, 94, 2702 }, // U+1EBE
    { 13, 22, 214, 1, 21, 72, 2796 }, // U+1EBF
    { 15, 25, 249, 0, 25, 94, 2868 }, // U+1EC0
    { 13, 22, 214, 0, 21, 72, 2962 }, // U+1EC1
    { 15, 26, 249, 0, 26, 98, 3034 }, // U+1EC2
    { 12, 23, 214, 1, 22, 69, 3132 }, // U+1EC3
    { 15, 27, 249, 0, 27, 102, 3201 }, // U+1EC4
    { 12, 24, 214, 1, 23, 72, 3303 }, // U+1EC5
    { 15, 29, 249, 0, 24, 109, 3375 }, // U+1EC6
    { 12, 25, 214, 1, 20, 75, 3484 }, // U+1EC7
    { 9, 25, 147, 0, 25, 57, 3559 }, // U+1EC8
    { 8, 21, 128, 0, 21, 42, 3616 }, // U+1EC9
    { 9, 23, 147, 0, 18, 52, 3658 }, // U+1ECA
    { 8, 24, 128, 0, 19, 48, 3710 }, // U+1ECB
    { 17, 24, 297, 1, 19, 102, 3758 }, // U+1ECC
    { 13, 19, 231, 1, 14, 62, 3860 }, // U+1ECD
    { 17, 26, 297, 1, 25, 111, 3922 }, // U+1ECE
    { 13, 22, 231, 1, 21, 72, 4033 }, // U+1ECF
    { 17, 26, 297, 1, 25, 111, 4105 }, // U+1ED0
    { 13, 22, 231, 1, 21, 72, 4216 }, // U+1ED1
    { 17, 26, 297, 1, 25, 111, 4288 }, // U+1ED2
    { 14, 22, 231, 0, 21, 77, 4399 }, // U+1ED3
    { 17, 27, 297, 1, 26, 115, 4476 }, // U+1ED4
    { 13, 23, 231, 1, 22, 75, 4591 }, // U+1ED5
    { 17, 28, 297, 1, 27, 119, 4666 }, // U+1ED6
    { 13, 24, 231, 1, 23, 78, 4785 }, // U+1ED7
    { 17, 29, 297, 1, 24, 124, 4863 }, // U+1ED8
    { 13, 25, 231, 1, 20, 82, 4987 }, // U+1ED9
    { 19, 25, 311, 1, 24, 119, 5069 }, // U+1EDA
    { 15, 21, 243, 1, 20, 79, 5188 }, // U+1EDB
    { 19, 25, 311, 1, 24, 119, 5267 }, // U+1EDC
    { 15, 21, 243, 1, 20, 79, 5386 }, // U+1EDD
    { 19, 26, 311, 1, 25, 124, 5465 }, // U+1EDE
    { 15, 22, 243, 1, 21, 83, 5589 }, // U+1EDF
    { 19, 24, 311, 1, 23, 114, 5672 }, // U+1EE0
    { 15, 20, 243, 1, 19, 75, 5786 }, // U+1EE1
    { 19, 25, 311, 1, 20, 119, 5861 }, // U+1EE2
    { 15, 21, 243, 1, 16, 79, 5980 }, // U+1EE3
    { 18, 23, 287, 0, 18, 104, 6059 }, // U+1EE4
    { 16, 19, 254, 0, 14, 76, 6163 }, // U+1EE5
    { 18, 26, 287, 0, 25, 117, 6239 }, // U+1EE6
    { 16, 22, 254, 0, 21, 88, 6356 }, // U+1EE7
    { 20, 25, 311, 0, 24, 125, 6444 }, // U+1EE8
    { 18, 21, 270, 0, 20, 95, 6569 }, // U+1EE9
    { 20, 25, 311, 0, 24, 125, 6664 }, // U+1EEA
    { 18, 21, 270, 0, 20, 95, 6789 }, // U+1EEB
    { 20, 26, 311, 0, 25, 130, 6884 }, // U+1EEC
    { 18, 22, 270, 0, 21, 99, 7014 }, // U+1EED
    { 20, 24, 311, 0, 23, 120, 7113 }, // U+1EEE
    { 18, 20, 270, 0, 19, 90, 7233 }, // U+1EEF
    { 20, 25, 311, 0, 20, 125, 7323 }, // U+1EF0
    { 18, 21, 270, 0, 16, 95, 7448 }, // U+1EF1
    { 17, 24, 250, -1, 24, 102, 7543 }, // U+1EF2
    { 15, 26, 226, 0, 20, 98, 7645 }, // U+1EF3
    { 17, 23, 250, -1, 18, 98, 7743 }, // U+1EF4
    { 15, 20, 226, 0, 14, 75, 7841 }, // U+1EF5
    { 17, 25, 250, -1, 25, 107, 7916 }, // U+1EF6
    { 15, 27, 226, 0, 21, 102, 8023 }, // U+1EF7
    { 17, 23, 250, -1, 23, 98, 8125 }, // U+1EF8
    { 15, 25, 226, 0, 19, 94, 8223 }, // U+1EF9
    { 0, 0, 200, 0, 0, 0, 0 }, // U+2000
    { 0, 0, 400, 0, 0, 0, 0 }, // U+2001
    { 0, 0, 200, 0, 0, 0, 0 }, // U+2002
    { 0, 0, 400, 0, 0, 0, 0 }, // U+2003
    { 0, 0, 133, 0, 0, 0, 0 }, // U+2004
    { 0, 0, 100, 0, 0, 0, 0 }, // U+2005
    { 0, 0, 67, 0, 0, 0, 0 }, // U+2006
    { 0, 0, 224, 0, 0, 0, 0 }, // U+2007
    { 0, 0, 100, 0, 0, 0, 0 }, // U+2008
    { 0, 0, 66, 0, 0, 0, 0 }, // U+2009
    { 0, 0, 40, 0, 0, 0, 0 }, // U+200A
    { 0, 0, 0, 0, 0, 0, 0 }, // U+200B
    { 2, 20, 0, -1, 16, 10, 0 }, // U+200C
    { 6, 22, 0, -3, 18, 33, 10 }, // U+200D
    { 7, 22, 0, -1, 18, 39, 43 }, // U+200E
    { 7, 22, 0, -6, 18, 39, 82 }, // U+200F
    { 8, 3, 124, 0, 8, 6, 121 }, // U+2010
    { 8, 3, 124, 0, 8, 6, 127 }, // U+2011
    { 12, 2, 224, 1, 10, 6, 133 }, // U+2012
    { 14, 3, 200, -1, 8, 11, 139 }, // U+2013
    { 27, 3, 400, -1, 8, 21, 150 }, // U+2014
    { 27, 3, 400, -1, 8, 21, 171 }, // U+2015
    { 6, 25, 224, 4, 19, 38, 192 }, // U+2016
    { 12, 6, 164, -1, 0, 18, 230 }, // U+2017
    { 5, 8, 100, 1, 18, 10, 248 }, // U+2018
    { 5, 8, 100, 0, 18, 10, 258 }, // U+2019
    { 5, 8, 100, 0, 4, 10, 268 }, // U+201A
    { 5, 8, 100, 1, 18, 10, 278 }, // U+201B
    { 10, 8, 180, 1, 18, 20, 288 }, // U+201C
    { 10, 8, 180, 0, 18, 20, 308 }, // U+201D
    { 10, 8, 180, 0, 4, 20, 328 }, // U+201E
    { 10, 8, 180, 1, 18, 20, 348 }, // U+201F
    { 11, 22, 179, 0, 19, 61, 368 }, // U+2020
    { 11, 22, 179, 0, 19, 61, 429 }, // U+2021
    { 7, 8, 145, 1, 13, 14, 490 }, // U+2022
    { 9, 9, 200, 2, 13, 21, 504 }, // U+2023
    { 4, 4, 100, 1, 11, 4, 525 }, // U+2024
    { 11, 4, 214, 1, 11, 11, 529 }, // U+2025
    { 18, 5, 343, 2, 4, 23, 540 }, // U+2026
    { 4, 5, 100, 1, 10, 5, 563 }, // U+2027
    { 0, 0, 240, 0, 0, 0, 568 }, // U+2028
    { 0, 0, 240, 0, 0, 0, 568 }, // U+2029
    { 7, 20, 0, -1, 16, 35, 568 }, // U+202A
    { 7, 20, 0, -6, 16, 35, 603 }, // U+202B
    { 6, 22, 0, -3, 18, 33, 638 }, // U+202C
    { 6, 22, 0, -3, 18, 33, 671 }, // U+202D
    { 6, 22, 0, -3, 18, 33, 704 }, // U+202E
    { 0, 0, 66, 0, 0, 0, 737 }, // U+202F
    { 31, 20, 516, 1, 19, 155, 737 }, // U+2030
    { 41, 20, 674, 1, 19, 205, 892 }, // U+2031
    { 5, 7, 75, 0, 18, 9, 1097 }, // U+2032
    { 9, 7, 150, 0, 18, 16, 1106 }, // U+2033
    { 14, 7, 226, 0, 18, 25, 1122 }, // U+2034
    { 5, 7, 75, 0, 18, 9, 1147 }, // U+2035
    { 9, 7, 150, 0, 18, 16, 1156 }, // U+2036
    { 14, 7, 226, 0, 18, 25, 1172 }, // U+2037
    { 8, 8, 160, 1, 2, 16, 1197 }, // U+2038
    { 6, 10, 133, 1, 12, 15, 1213 }, // U+2039
    { 6, 10, 133, 1, 12, 15, 1228 }, // U+203A
    { 18, 18, 328, 1, 18, 81, 1243 }, // U+203B
    { 10, 19, 224, 2, 18, 48, 1324 }, // U+203C
    { 12, 20, 216, 1, 19, 60, 1372 }, // U+203D
    { 13, 2, 184, -1, 21, 7, 1432 }, // U+203E
    { 20, 6, 0, -10, 0, 30, 1439 }, // U+203F
    { 20, 5, 0, -10, 21, 25, 1469 }, // U+2040
    { 12, 18, 180, 0, 18, 54, 1494 }, // U+2041
    { 23, 19, 400, 1, 19, 110, 1548 }, // U+2042
    { 7, 5, 145, 1, 11, 9, 1658 }, // U+2043
    { 12, 18, 25, -5, 18, 54, 1667 }, // U+2044
    { 7, 23, 144, 2, 19, 41, 1721 }, // U+2045
    { 7, 23, 144, 0, 19, 41, 1762 }, // U+2046
    { 23, 20, 382, 0, 19, 115, 1803 }, // U+2047
    { 17, 20, 307, 0, 19, 85, 1918 }, // U+2048
    { 17, 20, 304, 2, 19, 85, 2003 }, // U+2049
    { 12, 20, 224, 1, 15, 60, 2088 }, // U+204A
    { 14, 22, 247, 1, 19, 77, 2148 }, // U+204B
    { 13, 10, 239, 1, 14, 33, 2225 }, // U+204C
    { 13, 10, 239, 1, 14, 33, 2258 }, // U+204D
    { 11, 10, 200, 1, 14, 28, 2291 }, // U+204E
    { 5, 18, 114, 1, 14, 23, 2319 }, // U+204F
    { 17, 20, 292, 1, 19, 85, 2342 }, // U+2050
    { 11, 21, 200, 1, 19, 58, 2427 }, // U+2051
    { 8, 19, 132, 0, 18, 38, 2485 }, // U+2052
    { 12, 6, 224, 1, 12, 18, 2523 }, // U+2053
    { 20, 6, 0, -10, 0, 30, 2541 }, // U+2054
    { 12, 12, 216, 1, 15, 36, 2571 }, // U+2055
    { 12, 15, 246, 2, 14, 45, 2607 }, // U+2056
    { 17, 7, 277, 0, 18, 30, 2652 }, // U+2057
    { 14, 15, 284, 2, 14, 53, 2682 }, // U+2058
    { 14, 15, 284, 2, 14, 53, 2735 }, // U+2059
    { 4, 20, 115, 2, 19, 20, 2788 }, // U+205A
    { 14, 20, 284, 2, 19, 70, 2808 }, // U+205B
    { 14, 14, 279, 2, 14, 49, 2878 }, // U+205C
    { 4, 20, 115, 2, 19, 20, 2927 }, // U+205D
    { 4, 20, 115, 2, 19, 20, 2947 }, // U+205E
    { 0, 0, 89, 0, 0, 0, 2967 }, // U+205F
    { 0, 0, 240, 0, 0, 0, 2967 }, // U+2060
    { 0, 0, 240, 0, 0, 0, 2967 }, // U+2061
    { 0, 0, 240, 0, 0, 0, 2967 }, // U+2062
    { 0, 0, 240, 0, 0, 0, 2967 }, // U+2063
    { 0, 0, 240, 0, 0, 0, 2967 }, // U+2064
    { 0, 0, 0, 0, 0, 0, 2967 }, // U+2066
    { 0, 0, 0, 0, 0, 0, 2967 }, // U+2067
    { 0, 0, 0, 0, 0, 0, 2967 }, // U+2068
    { 0, 0, 0, 0, 0, 0, 2967 }, // U+2069
    { 6, 22, 0, -3, 18, 33, 2967 }, // U+206A
    { 6, 22, 0, -3, 18, 33, 3000 }, // U+206B
    { 6, 22, 0, -3, 18, 33, 3033 }, // U+206C
    { 6, 22, 0, -3, 18, 33, 3066 }, // U+206D
    { 6, 22, 0, -3, 18, 33, 3099 }, // U+206E
    { 6, 22, 0, -3, 18, 33, 3132 }, // U+206F
    { 10, 12, 160, 0, 21, 30, 0 }, // U+2070
    { 5, 12, 83, 0, 19, 15, 30 }, // U+2071
    { 10, 12, 160, 0, 21, 30, 45 }, // U+2074
    { 8, 12, 160, 1, 21, 24, 75 }, // U+2075
    { 8, 12, 160, 1, 21, 24, 99 }, // U+2076
    { 8, 12, 160, 1, 21, 24, 123 }, // U+2077
    { 9, 12, 160, 1, 21, 27, 147 }, // U+2078
    { 9, 12, 160, 0, 21, 27, 174 }, // U+2079
    { 9, 9, 157, 0, 19, 21, 201 }, // U+207A
    { 9, 3, 157, 0, 16, 7, 222 }, // U+207B
    { 9, 5, 157, 0, 17, 12, 229 }, // U+207C
    { 6, 16, 100, 1, 23, 24, 241 }, // U+207D
    { 6, 16, 100, -1, 23, 24, 265 }, // U+207E
    { 11, 9, 168, 0, 16, 25, 289 }, // U+207F
    { 10, 12, 160, 0, 9, 30, 314 }, // U+2080
    { 8, 12, 160, 1, 9, 24, 344 }, // U+2081
    { 8, 12, 160, 1, 9, 24, 368 }, // U+2082
    { 8, 12, 160, 1, 9, 24, 392 }, // U+2083
    { 10, 12, 160, 0, 9, 30, 416 }, // U+2084
    { 8, 12, 160, 1, 9, 24, 446 }, // U+2085
    { 8, 12, 160, 1, 9, 24, 470 }, // U+2086
    { 8, 12, 160, 1, 9, 24, 494 }, // U+2087
    { 9, 12, 160, 1, 9, 27, 518 }, // U+2088
    { 9, 12, 160, 0, 9, 27, 545 }, // U+2089
    { 9, 9, 157, 0, 7, 21, 572 }, // U+208A
    { 9, 3, 157, 0, 4, 7, 593 }, // U+208B
    { 9, 5, 157, 0, 5, 12, 600 }, // U+208C
    { 6, 16, 100, 1, 11, 24, 612 }, // U+208D
    { 6, 16, 100, -1, 11, 24, 636 }, // U+208E
    { 9, 9, 146, 0, 6, 21, 660 }, // U+2090
    { 8, 9, 139, 0, 6, 18, 681 }, // U+2091
    { 9, 9, 150, 0, 6, 21, 699 }, // U+2092
    { 10, 9, 150, 0, 6, 23, 720 }, // U+2093
    { 8, 9, 139, 0, 6, 18, 743 }, // U+2094
    { 10, 12, 165, 0, 9, 30, 761 }, // U+2095
    { 10, 12, 152, 0, 9, 30, 791 }, // U+2096
    { 5, 12, 81, 0, 9, 15, 821 }, // U+2097
    { 15, 9, 246, 0, 6, 34, 836 }, // U+2098
    { 11, 9, 168, 0, 6, 25, 870 }, // U+2099
    { 10, 12, 160, 0, 6, 30, 895 }, // U+209A
    { 7, 9, 117, 0, 6, 16, 925 }, // U+209B
    { 6, 11, 92, 0, 8, 17, 941 }, // U+209C
    { 15, 19, 265, 1, 19, 72, 0 }, // U+20A0
    { 14, 21, 246, 1, 19, 74, 72 }, // U+20A1
    { 14, 20, 246, 1, 19, 70, 146 }, // U+20A2
    { 13, 18, 224, 1, 18, 59, 216 }, // U+20A3
    { 13, 20, 224, 1, 19, 65, 275 }, // U+20A4
    { 23, 20, 378, 0, 17, 115, 340 }, // U+20A5
    { 17, 18, 265, 0, 18, 77, 455 }, // U+20A6
    { 20, 19, 328, 0, 18, 95, 532 }, // U+20A7
    { 25, 19, 408, 0, 18, 119, 627 }, // U+20A8
    { 28, 18, 419, -1, 18, 126, 746 }, // U+20A9
    { 18, 15, 357, 2, 15, 68, 872 }, // U+20AA
    { 14, 23, 246, 1, 19, 81, 940 }, // U+20AB
    { 13, 20, 224, 1, 19, 65, 1021 }, // U+20AC
    { 18, 18, 280, 0, 18, 81, 1086 }, // U+20AD
    { 15, 18, 224, 0, 18, 68, 1167 }, // U+20AE
    { 25, 26, 400, 0, 21, 163, 1235 }, // U+20AF
    { 14, 25, 224, -1, 19, 88, 1398 }, // U+20B0
    { 15, 18, 242, 0, 18, 68, 1486 }, // U+20B1
    { 17, 22, 286, 1, 20, 94, 1554 }, // U+20B2
    { 18, 18, 282, 0, 18, 81, 1648 }, // U+20B3
    { 14, 20, 218, 0, 19, 70, 1729 }, // U+20B4
    { 14, 22, 246, 1, 20, 77, 1799 }, // U+20B5
    { 15, 19, 237, 0, 18, 72, 1876 }, // U+20B6
    { 13, 22, 224, 0, 19, 72, 1948 }, // U+20B7
    { 14, 18, 224, 0, 18, 63, 2020 }, // U+20B8
    { 13, 18, 224, 1, 18, 59, 2083 }, // U+20B9
    { 14, 18, 224, 0, 18, 63, 2142 }, // U+20BA
    { 16, 20, 261, 0, 19, 80, 2205 }, // U+20BB
    { 16, 17, 314, 2, 17, 68, 2285 }, // U+20BC
    { 13, 18, 236, 1, 18, 59, 2353 }, // U+20BD
    { 15, 19, 269, 1, 19, 72, 2412 }, // U+20BE
    { 12, 22, 224, 1, 20, 66, 2484 }, // U+20BF
    { 11, 18, 197, 1, 14, 50, 2550 }, // U+20C0
    { 12, 3, 232, 1, 10, 9, 0 }, // U+2212
    { 20, 20, 283, 0, 20, 100, 0 }, // U+FB00
    { 17, 20, 265, 0, 20, 85, 100 }, // U+FB01
    { 17, 20, 265, 0, 20, 85, 185 }, // U+FB02
    { 25, 20, 401, 0, 20, 125, 270 }, // U+FB03
    { 25, 20, 400, 0, 20, 125, 395 }, // U+FB04
    { 17, 21, 267, 0, 20, 90, 520 }, // U+FB05
    { 19, 21, 316, 1, 20, 100, 610 }, // U+FB06
    { 23, 23, 400, 1, 19, 133, 0 }, // U+FFFD
};

static const EpdUnicodeInterval notoserif_12_regularIntervals[] = {
    { 0x0, 0x0, 0x0 },
    { 0xD, 0xD, 0x1 },
    { 0x20, 0x7E, 0x2 },
    { 0xA0, 0x17F, 0x61 },
    { 0x1A0, 0x1A1, 0x141 },
    { 0x1AF, 0x1B0, 0x143 },
    { 0x1C4, 0x21F, 0x145 },
    { 0x300, 0x36F, 0x1A1 },
    { 0x400, 0x4FF, 0x211 },
    { 0x1EA0, 0x1EF9, 0x311 },
    { 0x2000, 0x2064, 0x36B },
    { 0x2066, 0x2071, 0x3D0 },
    { 0x2074, 0x208E, 0x3DC },
    { 0x2090, 0x209C, 0x3F7 },
    { 0x20A0, 0x20C0, 0x404 },
    { 0x2212, 0x2212, 0x425 },
    { 0xFB00, 0xFB06, 0x426 },
    { 0xFFFD, 0xFFFD, 0x42D },
};

static const EpdFontGroup notoserif_12_regularGroups[] = {
    { 0, 2712, 5794, 97, 0 },
    { 2712, 2296, 6973, 96, 97 },
    { 5008, 2815, 11027, 128, 193 },
    { 7823, 2891, 9864, 96, 321 },
    { 10714, 925, 1451, 112, 417 },
    { 11639, 7418, 22429, 256, 529 },
    { 19057, 1639, 9086, 90, 785 },
    { 20696, 1500, 3600, 111, 875 },
    { 22196, 551, 1137, 42, 986 },
    { 22747, 1572, 2883, 33, 1028 },
    { 24319, 11, 9, 1, 1061 },
    { 24330, 277, 790, 7, 1062 },
    { 24607, 87, 138, 1, 1069 },
};

static const uint16_t notoserif_12_regularKernLeftCodepoints[] = {
    0x0022, 0x0026, 0x0027, 0x002A, 0x002C, 0x002E, 0x0040, 0x0041, 0x0042, 0x0044, 0x0045, 0x0046,
    0x0047, 0x004B, 0x004C, 0x004E, 0x004F, 0x0050, 0x0051, 0x0052, 0x0053, 0x0054, 0x0055, 0x0056,
    0x0057, 0x0058, 0x0059, 0x0061, 0x0062, 0x0065, 0x0066, 0x0067, 0x0068, 0x006B, 0x006D, 0x006E,
    0x006F, 0x0070, 0x0072, 0x0073, 0x0076, 0x0077, 0x0079, 0x00A1, 0x00BF, 0x00C0, 0x00C1, 0x00C2,
    0x00C3, 0x00C4, 0x00C5, 0x00C6, 0x00C8, 0x00C9, 0x00CA, 0x00CB, 0x00D0, 0x00D1, 0x00D2, 0x00D3,
    0x00D4, 0x00D5, 0x00D6, 0x00D8, 0x00D9, 0x00DA, 0x00DB, 0x00DC, 0x00DD, 0x00DE, 0x00DF, 0x00E0,
    0x00E1, 0x00E2, 0x00E3, 0x00E4, 0x00E5, 0x00E6, 0x00E8, 0x00E9, 0x00EA, 0x00EB, 0x00F0, 0x00F1,
    0x00F2, 0x00F3, 0x00F4, 0x00F5, 0x00F6, 0x00F8, 0x00FD, 0x00FE, 0x00FF, 0x0100, 0x0102, 0x0104,
    0x010E, 0x010F, 0x0110, 0x0112, 0x0113, 0x0114, 0x0115, 0x0116, 0x0117, 0x0118, 0x0119, 0x011A,
    0x011B, 0x011C, 0x011E, 0x0120, 0x0122, 0x0125, 0x0127, 0x0129, 0x0136, 0x0137, 0x0138, 0x0139,
    0x013B, 0x013E, 0x0141, 0x0143, 0x0144, 0x0145, 0x0146, 0x0147, 0x0148, 0x0149, 0x014B, 0x014C,
    0x014D, 0x014E, 0x014F, 0x0150, 0x0151, 0x0152, 0x0153, 0x0154, 0x0155, 0x0156, 0x0157, 0x0158,
    0x0159, 0x015A, 0x015B, 0x015C, 0x015D, 0x015E, 0x015F, 0x0160, 0x0161, 0x0162, 0x0164, 0x0165,
    0x0166, 0x0168, 0x016A, 0x016C, 0x016E, 0x0170, 0x0172, 0x0174, 0x0175, 0x0176, 0x0177, 0x0178,
    0x01A0, 0x01A1, 0x01AF, 0x01B0, 0x01FA, 0x01FC, 0x01FD, 0x01FE, 0x01FF, 0x0218, 0x0219, 0x021A,
    0x0402, 0x0409, 0x040A, 0x040E, 0x0423, 0x042A, 0x042C, 0x0431, 0x043E, 0x0440, 0x0444, 0x044D,
    0x044E, 0x0457, 0x0460, 0x0462, 0x0465, 0x0466, 0x0468, 0x046A, 0x046C, 0x046E, 0x046F, 0x0472,
    0x0473, 0x0474, 0x0476, 0x0478, 0x0479, 0x047A, 0x047B, 0x047C, 0x047D, 0x047E, 0x0481, 0x048C,
    0x048D, 0x048E, 0x048F, 0x0490, 0x0491, 0x0493, 0x0494, 0x0496, 0x0497, 0x0498, 0x0499, 0x049A,
    0x049B, 0x049C, 0x049D, 0x049E, 0x049F, 0x04A0, 0x04A1, 0x04A3, 0x04A4, 0x04A5, 0x04A6, 0x04A8,
    0x04AB, 0x04AC, 0x04AD, 0x04B2, 0x04B3, 0x04B5, 0x04B7, 0x04BA, 0x04BC, 0x04BD, 0x04BE, 0x04BF,
    0x04C3, 0x04C6, 0x04D0, 0x04D1, 0x04D2, 0x04D3, 0x04D4, 0x04D5, 0x04D6, 0x04D7, 0x04D8, 0x04D9,
    0x04DA, 0x04DB, 0x04E0, 0x04E6, 0x04E7, 0x04E8, 0x04E9, 0x04EA, 0x04EB, 0x04ED, 0x04EE, 0x04EF,
    0x04F0, 0x04F1, 0x04F2, 0x04F3, 0x04F6, 0x04F7, 0x04FB, 0x04FC, 0x04FD, 0x04FE, 0x04FF, 0x1EA0,
    0x1EA1, 0x1EA2, 0x1EA3, 0x1EA4, 0x1EA5, 0x1EA6, 0x1EA7, 0x1EA8, 0x1EA9, 0x1EAA, 0x1EAB, 0x1EAC,
    0x1EAD, 0x1EAE, 0x1EAF, 0x1EB0, 0x1EB1, 0x1EB2, 0x1EB3, 0x1EB4, 0x1EB5, 0x1EB6, 0x1EB7, 0x1EB8,
    0x1EB9, 0x1EBA, 0x1EBB, 0x1EBC, 0x1EBD, 0x1EBE, 0x1EBF, 0x1EC0, 0x1EC1, 0x1EC2, 0x1EC3, 0x1EC4,
    0x1EC5, 0x1EC6, 0x1EC7, 0x1ECC, 0x1ECD, 0x1ECE, 0x1ECF, 0x1ED0, 0x1ED1, 0x1ED2, 0x1ED3, 0x1ED4,
    0x1ED5, 0x1ED6, 0x1ED7, 0x1ED8, 0x1ED9, 0x1EDA, 0x1EDB, 0x1EDC, 0x1EDD, 0x1EDE, 0x1EDF, 0x1EE0,
    0x1EE1, 0x1EE2, 0x1EE3, 0x1EE4, 0x1EE6, 0x1EE8, 0x1EE9, 0x1EEA, 0x1EEB, 0x1EEC, 0x1EED, 0x1EEE,
    0x1EEF, 0x1EF0, 0x1EF1, 0x1EF2, 0x1EF3, 0x1EF4, 0x1EF5, 0x1EF6, 0x1EF7, 0x1EF8, 0x1EF9, 0x2018,
    0x2019, 0x201A, 0x201C, 0x201D, 0x201E, 0x2026, 0x207D, 0x208D, 0xFB00,
};

static const uint8_t notoserif_12_regularKernLeftClassIds[] = {
      1,   2,   1,   3,   4,   4,   5,   6,   7,   8,   9,  10,  11,  12,  13,  14,
      8,   3,   8,  15,  16,  17,  18,  19,  20,  21,  22,  23,  24,  25,  26,  27,
     23,  28,  23,  23,  24,  24,  29,  30,  31,  32,  33,  34,  35,  36,  36,  36,
     36,  36,  36,   9,   9,   9,   9,   9,   8,  14,   8,   8,   8,   8,   8,   8,
     18,  18,  18,  18,  22,   8,  24,  23,  23,  23,  23,  23,  23,  25,  25,  25,
     25,  25,  24,  23,  24,  24,  24,  24,  24,  24,  33,  24,  33,   6,  36,  36,
      8,  37,   8,   9,  25,   9,  25,   9,  25,   9,  25,   9,  25,  11,  11,  11,
     11,  23,  23,  38,  12,  28,  28,  13,  13,  37,  13,  14,  23,  14,  23,  14,
     23,  23,  23,   8,  24,   8,  24,   8,  24,   9,  25,  15,  29,  15,  29,  15,
     29,  16,  30,  16,  30,  16,  30,  16,  30,  17,  17,  39,  17,  18,  18,  18,
     18,  18,  18,  20,  32,  22,  33,  22,  40,  41,  42,  43,   6,   9,  25,   8,
     24,  16,  30,  17,  44,  45,  45,  46,  46,  45,  45,  47,  48,  48,  49,  49,
     49,  50,  51,  52,  53,  54,  54,  55,  55,  56,  24,  51,  48,  57,  57,  33,
     58,  51,  48,  51,  24,  51,  53,  52,  24,  59,  48,  60,  61,  61,  62,  55,
     63,  56,  48,  55,  63,  55,  63,  55,  63,  55,  63,  64,  60,  61,  62,  51,
     53,  60,  61,  65,  63,  64,  64,  62,  51,  48,  51,  48,  62,  64,  54,  23,
     54,  23,  66,  48,  66,  48,  51,  48,  51,  48,  56,  51,  48,  51,  48,  51,
     48,  48,  46,  58,  46,  58,  46,  58,  60,  61,  61,  65,  63,  65,  63,  36,
     23,  36,  23,  36,  23,  36,  23,  36,  23,  36,  23,  36,  23,  36,  23,  36,
     23,  36,  23,  36,  23,  36,  23,   9,  25,   9,  25,   9,  25,   9,  25,   9,
     25,   9,  25,   9,  25,   9,  25,   8,  24,   8,  24,   8,  24,   8,  24,   8,
     24,   8,  24,   8,  24,  40,  41,  40,  41,  40,  41,  40,  41,  40,  41,  18,
     18,  42,  43,  42,  43,  42,  43,  42,  43,  42,  43,  22,  33,  22,  33,  22,
     33,  22,  33,  67,  68,   4,  67,  68,   4,   4,  69,  70,  26,
};

static const uint16_t notoserif_12_regularKernRightCodepoints[] = {
    0x0021, 0x0022, 0x0026, 0x0027, 0x0029, 0x002A, 0x002C, 0x002E, 0x003A, 0x003B, 0x003F, 0x0040,
    0x0041, 0x0042, 0x0043, 0x0044, 0x0045, 0x0046, 0x0047, 0x0048, 0x0049, 0x004A, 0x004B, 0x004C,
    0x004D, 0x004E, 0x004F, 0x0050, 0x0051, 0x0052, 0x0053, 0x0054, 0x0055, 0x0056, 0x0057, 0x0058,
    0x0059, 0x005A, 0x005D, 0x0061, 0x0062, 0x0063, 0x0064, 0x0065, 0x0067, 0x0068, 0x0069, 0x006B,
    0x006C, 0x006D, 0x006E, 0x006F, 0x0070, 0x0071, 0x0072, 0x0073, 0x0074, 0x0075, 0x0076, 0x0077,
    0x0078, 0x0079, 0x007A, 0x007D, 0x00AB, 0x00B7, 0x00BB, 0x00C0, 0x00C1, 0x00C2, 0x00C3, 0x00C4,
    0x00C5, 0x00C6, 0x00C7, 0x00C8, 0x00C9, 0x00CA, 0x00CB, 0x00CC, 0x00CD, 0x00CE, 0x00CF, 0x00D0,
    0x00D1, 0x00D2, 0x00D3, 0x00D4, 0x00D5, 0x00D6, 0x00D8, 0x00D9, 0x00DA, 0x00DB, 0x00DC, 0x00DD,
    0x00DE, 0x00E0, 0x00E1, 0x00E2, 0x00E3, 0x00E4, 0x00E5, 0x00E6, 0x00E7, 0x00E8, 0x00E9, 0x00EA,
    0x00EB, 0x00EC, 0x00ED, 0x00EE, 0x00EF, 0x00F0, 0x00F1, 0x00F2, 0x00F3, 0x00F4, 0x00F5, 0x00F6,
    0x00F8, 0x00F9, 0x00FA, 0x00FB, 0x00FC, 0x00FD, 0x00FE, 0x00FF, 0x0100, 0x0101, 0x0102, 0x0103,
    0x0104, 0x0105, 0x0106, 0x0107, 0x0108, 0x0109, 0x010A, 0x010B, 0x010C, 0x010D, 0x010E, 0x010F,
    0x0110, 0x0111, 0x0112, 0x0113, 0x0114, 0x0115, 0x0116, 0x0117, 0x0118, 0x0119, 0x011A, 0x011B,
    0x011C, 0x011D, 0x011E, 0x011F, 0x0120, 0x0121, 0x0122, 0x0123, 0x0124, 0x0125, 0x0126, 0x0127,
    0x0128, 0x0129, 0x012A, 0x012B, 0x012C, 0x012D, 0x012E, 0x012F, 0x0130, 0x0132, 0x0133, 0x0134,
    0x0136, 0x0137, 0x0138, 0x0139, 0x013A, 0x013B, 0x013C, 0x013D, 0x013E, 0x013F, 0x0140, 0x0141,
    0x0142, 0x0143, 0x0144, 0x0145, 0x0146, 0x0147, 0x0148, 0x014A, 0x014B, 0x014C, 0x014D, 0x014E,
    0x014F, 0x0150, 0x0151, 0x0152, 0x0153, 0x0154, 0x0155, 0x0156, 0x0157, 0x0158, 0x015A, 0x015B,
    0x015C, 0x015D, 0x015E, 0x015F, 0x0160, 0x0161, 0x0162, 0x0163, 0x0164, 0x0165, 0x0166, 0x0167,
    0x0168, 0x0169, 0x016A, 0x016B, 0x016C, 0x016D, 0x016E, 0x016F, 0x0170, 0x0171, 0x0172, 0x0173,
    0x0174, 0x0175, 0x0176, 0x0177, 0x0178, 0x0179, 0x017A, 0x017B, 0x017C, 0x017D, 0x017E, 0x01A0,
    0x01A1, 0x01AF, 0x01B0, 0x01FA, 0x01FB, 0x01FC, 0x01FD, 0x01FE, 0x01FF, 0x0218, 0x0219, 0x021A,
    0x021B, 0x0402, 0x040B, 0x040E, 0x0416, 0x0422, 0x0423, 0x0425, 0x0427, 0x042A, 0x042F, 0x0431,
    0x0436, 0x0443, 0x0445, 0x0447, 0x0451, 0x0456, 0x045E, 0x0460, 0x0462, 0x0466, 0x046A, 0x046E,
    0x0472, 0x0473, 0x0478, 0x0479, 0x047A, 0x047B, 0x047C, 0x047D, 0x047E, 0x0480, 0x0481, 0x0496,
    0x0498, 0x0499, 0x04A0, 0x04A1, 0x04A8, 0x04A9, 0x04AA, 0x04AB, 0x04AC, 0x04AD, 0x04B2, 0x04B4,
    0x04B5, 0x04B6, 0x04B7, 0x04B8, 0x04B9, 0x04C1, 0x04C2, 0x04CB, 0x04CC, 0x04D0, 0x04D2, 0x04D4,
    0x04D5, 0x04D7, 0x04D8, 0x04D9, 0x04DA, 0x04DC, 0x04DD, 0x04E0, 0x04E1, 0x04E6, 0x04E7, 0x04E8,
    0x04E9, 0x04EA, 0x04EB, 0x04EE, 0x04EF, 0x04F0, 0x04F1, 0x04F2, 0x04F3, 0x04F4, 0x04F5, 0x04FC,
    0x04FE, 0x1EA0, 0x1EA1, 0x1EA2, 0x1EA3, 0x1EA4, 0x1EA5, 0x1EA6, 0x1EA7, 0x1EA8, 0x1EA9, 0x1EAA,
    0x1EAB, 0x1EAC, 0x1EAD, 0x1EAE, 0x1EAF, 0x1EB0, 0x1EB1, 0x1EB2, 0x1EB3, 0x1EB4, 0x1EB5, 0x1EB6,
    0x1EB7, 0x1EB8, 0x1EB9, 0x1EBA, 0x1EBB, 0x1EBC, 0x1EBD, 0x1EBE, 0x1EBF, 0x1EC0, 0x1EC1, 0x1EC2,
    0x1EC3, 0x1EC4, 0x1EC5, 0x1EC6, 0x1EC7, 0x1EC9, 0x1ECB, 0x1ECC, 0x1ECD, 0x1ECE, 0x1ECF, 0x1ED0,
    0x1ED1, 0x1ED2, 0x1ED3, 0x1ED4, 0x1ED5, 0x1ED6, 0x1ED7, 0x1ED8, 0x1ED9, 0x1EDA, 0x1EDB, 0x1EDC,
    0x1EDD, 0x1EDE, 0x1EDF, 0x1EE0, 0x1EE1, 0x1EE2, 0x1EE3, 0x1EE4, 0x1EE5, 0x1EE6, 0x1EE7, 0x1EE8,
    0x1EE9, 0x1EEA, 0x1EEB, 0x1EEC, 0x1EED, 0x1EEE, 0x1EEF, 0x1EF0, 0x1EF1, 0x1EF2, 0x1EF3, 0x1EF4,
    0x1EF5, 0x1EF6, 0x1EF7, 0x1EF8, 0x1EF9, 0x2018, 0x2019, 0x201A, 0x201C, 0x201D, 0x201E, 0x2026,
    0x2039, 0x203A, 0x207E, 0x208E,
};

static const uint8_t notoserif_12_regularKernRightClassIds[] = {
      1,   2,   3,   2,   4,   5,   6,   7,   8,   8,   9,  10,  11,  12,  13,  12,
     12,  12,  13,  12,  12,  14,  12,  12,  12,  12,  13,  12,  13,  12,  15,  16,
     17,  18,  19,  20,  21,  22,   4,  23,  24,  25,  25,  25,  26,  24,  27,  24,
     24,  27,  27,  25,  27,  25,  27,  28,  29,  30,  31,  32,  33,  34,  35,   4,
     36,  37,  36,  11,  11,  11,  11,  11,  11,  38,  13,  12,  12,  12,  12,  12,
     12,  12,  12,  12,  12,  13,  13,  13,  13,  13,  13,  17,  17,  17,  17,  21,
     12,  23,  23,  23,  23,  23,  23,  23,  25,  25,  25,  25,  25,  39,  27,  39,
     39,  25,  27,  25,  25,  25,  25,  25,  25,  30,  30,  30,  30,  34,  24,  34,
     11,  23,  11,  23,  11,  23,  13,  25,  13,  25,  13,  25,  13,  25,  12,  25,
     12,  25,  12,  25,  12,  25,  12,  25,  12,  25,  12,  25,  13,  25,  13,  25,
     13,  25,  13,  25,  12,  24,  12,  24,  12,  40,  12,  39,  12,  39,  12,  27,
     12,  12,  27,  14,  12,  24,  27,  12,  24,  12,  24,  12,  24,  12,  24,  12,
     24,  12,  27,  12,  27,  12,  27,  12,  27,  13,  25,  13,  25,  13,  25,  13,
     25,  12,  27,  12,  27,  12,  15,  28,  15,  28,  15,  28,  15,  28,  16,  29,
     16,  29,  16,  29,  17,  30,  17,  30,  17,  30,  17,  30,  17,  30,  17,  30,
     19,  32,  21,  34,  21,  22,  35,  22,  35,  22,  35,  13,  25,  17,  30,  11,
     23,  38,  23,  13,  25,  15,  28,  16,  29,  41,  41,  42,  41,  41,  42,  41,
     43,  41,  44,  45,  46,  47,  46,  48,  49,  50,  47,  51,  16,  52,  53,  54,
     51,  55,  51,  55,  51,  55,  51,  25,  51,  51,  55,  53,  54,  56,  57,  58,
     51,  55,  51,  55,  57,  58,  53,  57,  58,  59,  60,  43,  48,  41,  46,  59,
     60,  52,  52,  38,  61,  55,  51,  61,  51,  41,  46,  54,  35,  51,  55,  51,
     55,  51,  55,  42,  62,  42,  62,  42,  62,  43,  48,  53,  53,  11,  23,  11,
     23,  11,  23,  11,  23,  11,  23,  11,  23,  11,  23,  11,  23,  11,  23,  11,
     23,  11,  23,  11,  23,  12,  25,  12,  25,  12,  25,  12,  25,  12,  25,  12,
     25,  12,  25,  12,  25,  27,  27,  13,  25,  13,  25,  13,  25,  13,  25,  13,
     25,  13,  25,  13,  25,  13,  25,  13,  25,  13,  25,  13,  25,  13,  25,  17,
     30,  17,  30,  17,  30,  17,  30,  17,  30,  17,  30,  17,  30,  21,  34,  21,
     34,  21,  34,  21,  34,  63,   5,   7,  63,   5,   7,   7,  36,  36,  64,  65,
};

static const uint16_t notoserif_12_regularKernRowOffsets[] = {
        0,     5,    10,    16,    32,    34,    50,    64,    77,    80,    89,    95,   101,   113,   114,   125,
      137,   148,   153,   165,   176,   180,   194,   199,   205,   208,   213,   214,   216,   220,   222,   225,
      228,   231,   234,   239,   255,   271,   272,   276,   295,   304,   320,   326,   335,   336,   338,   343,
      346,   350,   352,   359,   365,   366,   384,   398,   407,   421,   423,   427,   441,   445,   452,   456,
      457,   468,   469,   472,   479,   480,   481,
};

static const uint8_t notoserif_12_regularKernSparseCols[] = {
     10,  24,  25,  37,  51,   8,  15,  17,  18,  20,   2,   5,   6,  10,  37,  51,
      8,  12,  15,  16,  17,  18,  20,  30,  31,  33,  50,  56,  57,  58,  59,  61,
     10,  20,   1,   4,   8,  12,  15,  16,  17,  18,  20,  24,  25,  29,  30,  31,
     33,  62,   4,   8,  10,  15,  17,  18,  19,  20,  21,  31,  33,  37,  51,  56,
      5,   6,   8,  10,  15,  17,  18,  19,  20,  37,  51,  52,  56,  17,  18,  20,
      2,   5,   6,   9,  10,  22,  24,  25,  37,   8,  15,  17,  18,  20,  37,  12,
     24,  25,  29,  31,  33,   1,   4,   8,  15,  17,  18,  20,  30,  31,  33,  36,
     62,  35,   4,   8,  12,  15,  16,  17,  18,  20,  30,  31,  33,   8,  10,  15,
     17,  18,  19,  20,  31,  33,  37,  51,  56,   2,   5,   6,   9,  10,  12,  22,
     24,  25,  27,  37,   5,   6,   9,  10,  37,   2,   5,   6,   9,  10,  12,  22,
     24,  25,  27,  37,  51,   5,   6,   9,  10,  12,  22,  24,  25,  27,  34,  37,
     12,  14,  31,  33,   2,   5,   6,   9,  10,  12,  14,  22,  24,  25,  27,  34,
     37,  51,   1,  33,  58,  59,  61,  17,  18,  20,  33,  58,  61,  17,  18,  20,
      1,   3,   4,  38,  39,  18,  24,  25,   4,   5,   6,  22,  20,  58,   5,   6,
     10,   5,   6,  10,   5,   6,  10,  17,  18,  20,   8,  15,  17,  18,  20,   1,
      4,   8,  12,  15,  16,  17,  18,  20,  24,  25,  29,  30,  31,  33,  62,   0,
      1,   3,   4,   8,  11,  13,  15,  16,  17,  18,  19,  20,  21,  23,  62,  39,
      1,   3,   8,  23,   5,   6,   7,   8,  10,  15,  17,  18,  20,  22,  24,  25,
     26,  27,  28,  30,  31,  32,  33,   4,   5,   6,  26,  28,  29,  30,  31,  33,
      5,   6,   7,  10,  12,  22,  24,  25,  26,  27,  28,  29,  30,  31,  33,  34,
      4,   5,   6,  26,  28,  30,   1,   8,  15,  42,  45,  46,  47,  56,  62,  56,
     48,  49,  40,  41,  56,  58,  59,  56,  58,  59,  42,  56,  58,  59,  42,  62,
      5,   6,  37,  51,  52,  56,  58,   1,   4,  56,  58,  59,  62,  58,   1,   4,
      8,  12,  15,  17,  20,  24,  25,  29,  31,  33,  50,  56,  57,  58,  59,  62,
     12,  24,  25,  29,  31,  33,  44,  50,  53,  54,  57,  58,  59,  61,   5,   6,
     31,  33,  37,  51,  52,  57,  58,   5,   6,  12,  22,  24,  25,  27,  37,  50,
     51,  53,  54,  55,  60,   5,   6,   5,   6,  37,  51,   5,   6,  12,  22,  24,
     25,  27,  37,  43,  50,  51,  54,  55,  60,   4,   5,   6,  51,   1,   4,   8,
     15,  56,  58,  61,  24,  25,  54,  60,   3,  12,  24,  25,  29,  31,  33,  50,
     53,  57,  58,  61,  57,  10,  37,  51,  10,  12,  22,  24,  25,  27,  39,  63,
     64,
};

static const int8_t notoserif_12_regularKernSparseValues[] = {
     -32,   -8,  -24,  -48,  -32,  -12,  -12,  -16,  -16,  -12,   -4,  -48,  -48,  -20,  -32,  -20,
     -36,   -8,  -36,   -8,  -44,  -36,  -32,  -28,  -24,  -20,   -8,  -36,  -28,  -32,  -20,  -20,
     -12,   -4,  -32,  -28,  -24,   -8,  -24,   -8,  -32,  -28,  -28,   -8,   -8,   -8,  -24,  -12,
     -20,  -28,   -8,   -8,   -8,   -8,  -16,  -12,   -8,  -16,   -8,   -4,   -8,  -12,   -8,   -8,
      -8,   -8,   -8,   -8,   -8,   -8,   -8,   -8,  -12,  -20,   -8,   -8,   -8,   -8,   -8,   -8,
      -8,  -48,  -48,  -16,  -28,  -16,  -16,  -16,  -44,   -8,   -8,   -8,   -8,   -8,   -8,   -8,
      -8,   -8,   -8,  -12,  -12,  -24,  -32,  -28,  -28,  -20,  -20,  -24,   -8,   -4,  -12,   -8,
     -32,   -4,   -8,   -8,   -8,   -8,   -4,  -12,  -12,  -12,   -4,   -4,   -8,   -8,   -8,   -8,
      -8,   -8,   -8,   -8,   -4,   -8,   -8,   -8,   -8,   -4,  -36,  -36,  -12,  -24,   -8,  -12,
     -20,  -20,   -2,  -32,   -8,   -8,   -4,   -8,  -16,  -12,  -44,  -44,  -20,  -32,   -8,  -24,
     -24,  -24,  -16,  -52,  -32,  -36,  -36,  -20,  -28,   -8,  -28,  -24,  -24,  -20,  -12,  -52,
      -8,   -4,  -12,  -20,   -4,  -32,  -32,  -16,  -28,  -12,   -8,  -24,  -28,  -28,  -24,   -8,
     -36,  -28,  -16,   -8,  -12,   -8,   -8,  -24,  -24,  -28,   -8,  -12,   -8,  -24,  -24,  -24,
      32,   36,   32,   16,   16,   -8,   -8,   -8,   12,  -52,  -52,   -8,  -24,   -8,  -20,  -28,
     -24,  -28,  -28,  -12,  -36,  -36,  -20,  -12,   -8,  -12,   -8,   -8,  -20,  -20,  -20,  -32,
     -28,  -24,   -8,  -24,   -8,  -32,  -28,  -28,   -8,   -8,   -8,  -20,  -12,  -20,  -28,    8,
      20,   32,   16,   44,   20,   24,   20,   28,   32,   28,   28,   40,   16,   36,    4,   24,
       8,   20,    8,   16,   -8,   -8,   -4,    8,  -16,    8,    8,    8,    8,   -8,   -8,   -8,
      -4,   -8,   -4,   -8,   -8,   -8,   -8,    8,   -8,   -8,    8,   12,    8,   12,   12,   12,
      -8,   -8,   -4,  -24,   -8,  -20,  -20,  -20,  -12,  -24,   -4,  -12,   -8,   -8,   -8,  -12,
       8,   -4,   -4,    8,   12,   12,  -16,   -4,   -4,  -16,   -4,  -16,  -12,  -12,  -20,  -12,
     -22,  -12,   -8,   -4,  -12,  -12,   -4,  -12,  -12,   -4,  -12,  -12,  -12,   -4,   -4,   -4,
      -8,   -8,  -20,   -8,   -8,   -8,   -8,  -12,  -20,  -12,  -12,   -8,  -12,  -12,  -32,  -28,
     -24,   -8,  -24,  -32,  -28,   -8,   -8,   -8,  -12,  -20,   -8,  -24,  -16,  -36,  -16,  -28,
      -8,   -8,   -8,   -8,  -12,  -12,   -8,   -8,   -8,   -8,  -12,   -8,   -8,   -8,   -8,   -8,
      -4,   -8,  -12,   -8,   -8,   -8,  -16,  -40,  -40,   -8,  -24,  -24,  -24,  -16,  -52,   -8,
     -40,   -8,  -16,  -12,  -16,  -36,  -36,  -48,  -48,  -32,  -20,  -36,  -36,   -8,  -12,  -12,
     -12,   -4,  -32,   -8,   -8,  -24,  -12,  -12,  -12,   12,  -28,  -28,  -12,  -24,  -28,  -28,
     -28,  -28,  -28,  -12,   -8,   -8,   -8,   -8,    8,   -8,   -8,   -8,   -8,  -12,  -20,   -8,
      -8,  -16,   -8,  -12,   -8,  -28,  -56,  -28,  -40,   -8,  -12,  -16,  -16,  -20,    4,   20,
      20,
};

static const EpdLigaturePair notoserif_12_regularLigaturePairs[] = {
    { 0x00660066, 0xFB00 }, // f f -> U+FB00
    { 0x00660069, 0xFB01 }, // f i -> U+FB01
    { 0x0066006C, 0xFB02 }, // f l -> U+FB02
    { 0xFB000069, 0xFB03 }, // U+FB00 i -> U+FB03
    { 0xFB00006C, 0xFB04 }, // U+FB00 l -> U+FB04
};

static const EpdFontData notoserif_12_regular = {
    notoserif_12_regularBitmaps,
    notoserif_12_regularGlyphs,
    notoserif_12_regularIntervals,
    18,
    34,
    27,
    -8,
    true,
    notoserif_12_regularGroups,
    13,
    nullptr,
    nullptr,  // kernLeftClasses: built-in fonts use the split arrays below
    nullptr,  // kernRightClasses
    notoserif_12_regularKernLeftCodepoints,
    notoserif_12_regularKernLeftClassIds,
    notoserif_12_regularKernRightCodepoints,
    notoserif_12_regularKernRightClassIds,
    nullptr,  // kernMatrix: built-in fonts use the sparse form below
    notoserif_12_regularKernRowOffsets,
    notoserif_12_regularKernSparseCols,
    notoserif_12_regularKernSparseValues,
    381,
    448,
    70,
    65,
    notoserif_12_regularLigaturePairs,
    5,
};
